ARM GAS  C:\Users\Nathan\AppData\Local\Temp\ccoc0wMg.s 			page 1


   1              		.cpu cortex-m4
   2              		.arch armv7e-m
   3              		.fpu fpv4-sp-d16
   4              		.eabi_attribute 27, 1
   5              		.eabi_attribute 28, 1
   6              		.eabi_attribute 20, 1
   7              		.eabi_attribute 21, 1
   8              		.eabi_attribute 23, 3
   9              		.eabi_attribute 24, 1
  10              		.eabi_attribute 25, 1
  11              		.eabi_attribute 26, 1
  12              		.eabi_attribute 30, 1
  13              		.eabi_attribute 34, 1
  14              		.eabi_attribute 18, 4
  15              		.file	"ble_events.c"
  16              		.text
  17              	.Ltext0:
  18              		.cfi_sections	.debug_frame
  19              		.file 1 "Middlewares/ST/STM32_WPAN/ble/core/auto/ble_events.c"
  20              		.section	.text.hci_disconnection_complete_event,"ax",%progbits
  21              		.align	1
  22              		.weak	hci_disconnection_complete_event
  23              		.syntax unified
  24              		.thumb
  25              		.thumb_func
  27              	hci_disconnection_complete_event:
  28              	.LVL0:
  29              	.LFB0:
   1:Middlewares/ST/STM32_WPAN/ble/core/auto/ble_events.c **** /*****************************************************************************
   2:Middlewares/ST/STM32_WPAN/ble/core/auto/ble_events.c ****  * @file    ble_events.c
   3:Middlewares/ST/STM32_WPAN/ble/core/auto/ble_events.c ****  * @brief   STM32WB BLE API (event callbacks)
   4:Middlewares/ST/STM32_WPAN/ble/core/auto/ble_events.c ****  *          Auto-generated file: do not edit!
   5:Middlewares/ST/STM32_WPAN/ble/core/auto/ble_events.c ****  *****************************************************************************
   6:Middlewares/ST/STM32_WPAN/ble/core/auto/ble_events.c ****  * @attention
   7:Middlewares/ST/STM32_WPAN/ble/core/auto/ble_events.c ****  *
   8:Middlewares/ST/STM32_WPAN/ble/core/auto/ble_events.c ****  * Copyright (c) 2018-2025 STMicroelectronics.
   9:Middlewares/ST/STM32_WPAN/ble/core/auto/ble_events.c ****  * All rights reserved.
  10:Middlewares/ST/STM32_WPAN/ble/core/auto/ble_events.c ****  *
  11:Middlewares/ST/STM32_WPAN/ble/core/auto/ble_events.c ****  * This software is licensed under terms that can be found in the LICENSE file
  12:Middlewares/ST/STM32_WPAN/ble/core/auto/ble_events.c ****  * in the root directory of this software component.
  13:Middlewares/ST/STM32_WPAN/ble/core/auto/ble_events.c ****  * If no LICENSE file comes with this software, it is provided AS-IS.
  14:Middlewares/ST/STM32_WPAN/ble/core/auto/ble_events.c ****  *
  15:Middlewares/ST/STM32_WPAN/ble/core/auto/ble_events.c ****  *****************************************************************************
  16:Middlewares/ST/STM32_WPAN/ble/core/auto/ble_events.c ****  */
  17:Middlewares/ST/STM32_WPAN/ble/core/auto/ble_events.c **** 
  18:Middlewares/ST/STM32_WPAN/ble/core/auto/ble_events.c **** #include "auto/ble_events.h"
  19:Middlewares/ST/STM32_WPAN/ble/core/auto/ble_events.c **** 
  20:Middlewares/ST/STM32_WPAN/ble/core/auto/ble_events.c **** /* Event process functions declaration */
  21:Middlewares/ST/STM32_WPAN/ble/core/auto/ble_events.c **** static void hci_disconnection_complete_event_process( const uint8_t* in );
  22:Middlewares/ST/STM32_WPAN/ble/core/auto/ble_events.c **** static void hci_encryption_change_event_process( const uint8_t* in );
  23:Middlewares/ST/STM32_WPAN/ble/core/auto/ble_events.c **** static void hci_read_remote_version_information_complete_event_process( const uint8_t* in );
  24:Middlewares/ST/STM32_WPAN/ble/core/auto/ble_events.c **** static void hci_hardware_error_event_process( const uint8_t* in );
  25:Middlewares/ST/STM32_WPAN/ble/core/auto/ble_events.c **** static void hci_number_of_completed_packets_event_process( const uint8_t* in );
  26:Middlewares/ST/STM32_WPAN/ble/core/auto/ble_events.c **** static void hci_encryption_key_refresh_complete_event_process( const uint8_t* in );
  27:Middlewares/ST/STM32_WPAN/ble/core/auto/ble_events.c **** static void hci_le_connection_complete_event_process( const uint8_t* in );
  28:Middlewares/ST/STM32_WPAN/ble/core/auto/ble_events.c **** static void hci_le_advertising_report_event_process( const uint8_t* in );
  29:Middlewares/ST/STM32_WPAN/ble/core/auto/ble_events.c **** static void hci_le_connection_update_complete_event_process( const uint8_t* in );
ARM GAS  C:\Users\Nathan\AppData\Local\Temp\ccoc0wMg.s 			page 2


  30:Middlewares/ST/STM32_WPAN/ble/core/auto/ble_events.c **** static void hci_le_read_remote_features_page_0_complete_event_process( const uint8_t* in );
  31:Middlewares/ST/STM32_WPAN/ble/core/auto/ble_events.c **** static void hci_le_long_term_key_request_event_process( const uint8_t* in );
  32:Middlewares/ST/STM32_WPAN/ble/core/auto/ble_events.c **** static void hci_le_data_length_change_event_process( const uint8_t* in );
  33:Middlewares/ST/STM32_WPAN/ble/core/auto/ble_events.c **** static void hci_le_read_local_p256_public_key_complete_event_process( const uint8_t* in );
  34:Middlewares/ST/STM32_WPAN/ble/core/auto/ble_events.c **** static void hci_le_generate_dhkey_complete_event_process( const uint8_t* in );
  35:Middlewares/ST/STM32_WPAN/ble/core/auto/ble_events.c **** static void hci_le_enhanced_connection_complete_event_process( const uint8_t* in );
  36:Middlewares/ST/STM32_WPAN/ble/core/auto/ble_events.c **** static void hci_le_directed_advertising_report_event_process( const uint8_t* in );
  37:Middlewares/ST/STM32_WPAN/ble/core/auto/ble_events.c **** static void hci_le_phy_update_complete_event_process( const uint8_t* in );
  38:Middlewares/ST/STM32_WPAN/ble/core/auto/ble_events.c **** static void hci_le_extended_advertising_report_event_process( const uint8_t* in );
  39:Middlewares/ST/STM32_WPAN/ble/core/auto/ble_events.c **** static void hci_le_scan_timeout_event_process( const uint8_t* in );
  40:Middlewares/ST/STM32_WPAN/ble/core/auto/ble_events.c **** static void hci_le_advertising_set_terminated_event_process( const uint8_t* in );
  41:Middlewares/ST/STM32_WPAN/ble/core/auto/ble_events.c **** static void hci_le_scan_request_received_event_process( const uint8_t* in );
  42:Middlewares/ST/STM32_WPAN/ble/core/auto/ble_events.c **** static void hci_le_channel_selection_algorithm_event_process( const uint8_t* in );
  43:Middlewares/ST/STM32_WPAN/ble/core/auto/ble_events.c **** static void aci_warning_event_process( const uint8_t* in );
  44:Middlewares/ST/STM32_WPAN/ble/core/auto/ble_events.c **** static void aci_gap_limited_discoverable_event_process( const uint8_t* in );
  45:Middlewares/ST/STM32_WPAN/ble/core/auto/ble_events.c **** static void aci_gap_pairing_complete_event_process( const uint8_t* in );
  46:Middlewares/ST/STM32_WPAN/ble/core/auto/ble_events.c **** static void aci_gap_pass_key_req_event_process( const uint8_t* in );
  47:Middlewares/ST/STM32_WPAN/ble/core/auto/ble_events.c **** static void aci_gap_authorization_req_event_process( const uint8_t* in );
  48:Middlewares/ST/STM32_WPAN/ble/core/auto/ble_events.c **** static void aci_gap_bond_lost_event_process( const uint8_t* in );
  49:Middlewares/ST/STM32_WPAN/ble/core/auto/ble_events.c **** static void aci_gap_proc_complete_event_process( const uint8_t* in );
  50:Middlewares/ST/STM32_WPAN/ble/core/auto/ble_events.c **** static void aci_gap_addr_not_resolved_event_process( const uint8_t* in );
  51:Middlewares/ST/STM32_WPAN/ble/core/auto/ble_events.c **** static void aci_gap_numeric_comparison_value_event_process( const uint8_t* in );
  52:Middlewares/ST/STM32_WPAN/ble/core/auto/ble_events.c **** static void aci_gap_keypress_notification_event_process( const uint8_t* in );
  53:Middlewares/ST/STM32_WPAN/ble/core/auto/ble_events.c **** static void aci_gap_pairing_request_event_process( const uint8_t* in );
  54:Middlewares/ST/STM32_WPAN/ble/core/auto/ble_events.c **** static void aci_l2cap_connection_update_resp_event_process( const uint8_t* in );
  55:Middlewares/ST/STM32_WPAN/ble/core/auto/ble_events.c **** static void aci_l2cap_proc_timeout_event_process( const uint8_t* in );
  56:Middlewares/ST/STM32_WPAN/ble/core/auto/ble_events.c **** static void aci_l2cap_connection_update_req_event_process( const uint8_t* in );
  57:Middlewares/ST/STM32_WPAN/ble/core/auto/ble_events.c **** static void aci_l2cap_command_reject_event_process( const uint8_t* in );
  58:Middlewares/ST/STM32_WPAN/ble/core/auto/ble_events.c **** static void aci_l2cap_coc_connect_event_process( const uint8_t* in );
  59:Middlewares/ST/STM32_WPAN/ble/core/auto/ble_events.c **** static void aci_l2cap_coc_connect_confirm_event_process( const uint8_t* in );
  60:Middlewares/ST/STM32_WPAN/ble/core/auto/ble_events.c **** static void aci_l2cap_coc_reconf_event_process( const uint8_t* in );
  61:Middlewares/ST/STM32_WPAN/ble/core/auto/ble_events.c **** static void aci_l2cap_coc_reconf_confirm_event_process( const uint8_t* in );
  62:Middlewares/ST/STM32_WPAN/ble/core/auto/ble_events.c **** static void aci_l2cap_coc_disconnect_event_process( const uint8_t* in );
  63:Middlewares/ST/STM32_WPAN/ble/core/auto/ble_events.c **** static void aci_l2cap_coc_flow_control_event_process( const uint8_t* in );
  64:Middlewares/ST/STM32_WPAN/ble/core/auto/ble_events.c **** static void aci_l2cap_coc_rx_data_event_process( const uint8_t* in );
  65:Middlewares/ST/STM32_WPAN/ble/core/auto/ble_events.c **** static void aci_l2cap_coc_tx_pool_available_event_process( const uint8_t* in );
  66:Middlewares/ST/STM32_WPAN/ble/core/auto/ble_events.c **** static void aci_gatt_attribute_modified_event_process( const uint8_t* in );
  67:Middlewares/ST/STM32_WPAN/ble/core/auto/ble_events.c **** static void aci_gatt_proc_timeout_event_process( const uint8_t* in );
  68:Middlewares/ST/STM32_WPAN/ble/core/auto/ble_events.c **** static void aci_att_exchange_mtu_resp_event_process( const uint8_t* in );
  69:Middlewares/ST/STM32_WPAN/ble/core/auto/ble_events.c **** static void aci_att_find_info_resp_event_process( const uint8_t* in );
  70:Middlewares/ST/STM32_WPAN/ble/core/auto/ble_events.c **** static void aci_att_find_by_type_value_resp_event_process( const uint8_t* in );
  71:Middlewares/ST/STM32_WPAN/ble/core/auto/ble_events.c **** static void aci_att_read_by_type_resp_event_process( const uint8_t* in );
  72:Middlewares/ST/STM32_WPAN/ble/core/auto/ble_events.c **** static void aci_att_read_resp_event_process( const uint8_t* in );
  73:Middlewares/ST/STM32_WPAN/ble/core/auto/ble_events.c **** static void aci_att_read_blob_resp_event_process( const uint8_t* in );
  74:Middlewares/ST/STM32_WPAN/ble/core/auto/ble_events.c **** static void aci_att_read_multiple_resp_event_process( const uint8_t* in );
  75:Middlewares/ST/STM32_WPAN/ble/core/auto/ble_events.c **** static void aci_att_read_by_group_type_resp_event_process( const uint8_t* in );
  76:Middlewares/ST/STM32_WPAN/ble/core/auto/ble_events.c **** static void aci_att_prepare_write_resp_event_process( const uint8_t* in );
  77:Middlewares/ST/STM32_WPAN/ble/core/auto/ble_events.c **** static void aci_att_exec_write_resp_event_process( const uint8_t* in );
  78:Middlewares/ST/STM32_WPAN/ble/core/auto/ble_events.c **** static void aci_gatt_indication_event_process( const uint8_t* in );
  79:Middlewares/ST/STM32_WPAN/ble/core/auto/ble_events.c **** static void aci_gatt_notification_event_process( const uint8_t* in );
  80:Middlewares/ST/STM32_WPAN/ble/core/auto/ble_events.c **** static void aci_gatt_proc_complete_event_process( const uint8_t* in );
  81:Middlewares/ST/STM32_WPAN/ble/core/auto/ble_events.c **** static void aci_gatt_error_resp_event_process( const uint8_t* in );
  82:Middlewares/ST/STM32_WPAN/ble/core/auto/ble_events.c **** static void aci_gatt_disc_read_char_by_uuid_resp_event_process( const uint8_t* in );
  83:Middlewares/ST/STM32_WPAN/ble/core/auto/ble_events.c **** static void aci_gatt_write_permit_req_event_process( const uint8_t* in );
  84:Middlewares/ST/STM32_WPAN/ble/core/auto/ble_events.c **** static void aci_gatt_read_permit_req_event_process( const uint8_t* in );
  85:Middlewares/ST/STM32_WPAN/ble/core/auto/ble_events.c **** static void aci_gatt_read_multi_permit_req_event_process( const uint8_t* in );
  86:Middlewares/ST/STM32_WPAN/ble/core/auto/ble_events.c **** static void aci_gatt_tx_pool_available_event_process( const uint8_t* in );
ARM GAS  C:\Users\Nathan\AppData\Local\Temp\ccoc0wMg.s 			page 3


  87:Middlewares/ST/STM32_WPAN/ble/core/auto/ble_events.c **** static void aci_gatt_server_confirmation_event_process( const uint8_t* in );
  88:Middlewares/ST/STM32_WPAN/ble/core/auto/ble_events.c **** static void aci_gatt_prepare_write_permit_req_event_process( const uint8_t* in );
  89:Middlewares/ST/STM32_WPAN/ble/core/auto/ble_events.c **** static void aci_gatt_eatt_bearer_event_process( const uint8_t* in );
  90:Middlewares/ST/STM32_WPAN/ble/core/auto/ble_events.c **** static void aci_gatt_mult_notification_event_process( const uint8_t* in );
  91:Middlewares/ST/STM32_WPAN/ble/core/auto/ble_events.c **** static void aci_gatt_notification_complete_event_process( const uint8_t* in );
  92:Middlewares/ST/STM32_WPAN/ble/core/auto/ble_events.c **** static void aci_gatt_read_ext_event_process( const uint8_t* in );
  93:Middlewares/ST/STM32_WPAN/ble/core/auto/ble_events.c **** static void aci_gatt_indication_ext_event_process( const uint8_t* in );
  94:Middlewares/ST/STM32_WPAN/ble/core/auto/ble_events.c **** static void aci_gatt_notification_ext_event_process( const uint8_t* in );
  95:Middlewares/ST/STM32_WPAN/ble/core/auto/ble_events.c **** static void aci_hal_end_of_radio_activity_event_process( const uint8_t* in );
  96:Middlewares/ST/STM32_WPAN/ble/core/auto/ble_events.c **** static void aci_hal_scan_req_report_event_process( const uint8_t* in );
  97:Middlewares/ST/STM32_WPAN/ble/core/auto/ble_events.c **** 
  98:Middlewares/ST/STM32_WPAN/ble/core/auto/ble_events.c **** /* HCI event process functions table */
  99:Middlewares/ST/STM32_WPAN/ble/core/auto/ble_events.c **** const hci_event_table_t hci_event_table[HCI_EVENT_TABLE_SIZE] =
 100:Middlewares/ST/STM32_WPAN/ble/core/auto/ble_events.c **** {
 101:Middlewares/ST/STM32_WPAN/ble/core/auto/ble_events.c ****   { 0x0005U, hci_disconnection_complete_event_process },
 102:Middlewares/ST/STM32_WPAN/ble/core/auto/ble_events.c ****   { 0x0008U, hci_encryption_change_event_process },
 103:Middlewares/ST/STM32_WPAN/ble/core/auto/ble_events.c ****   { 0x000CU, hci_read_remote_version_information_complete_event_process },
 104:Middlewares/ST/STM32_WPAN/ble/core/auto/ble_events.c ****   { 0x0010U, hci_hardware_error_event_process },
 105:Middlewares/ST/STM32_WPAN/ble/core/auto/ble_events.c ****   { 0x0013U, hci_number_of_completed_packets_event_process },
 106:Middlewares/ST/STM32_WPAN/ble/core/auto/ble_events.c ****   { 0x0030U, hci_encryption_key_refresh_complete_event_process },
 107:Middlewares/ST/STM32_WPAN/ble/core/auto/ble_events.c **** };
 108:Middlewares/ST/STM32_WPAN/ble/core/auto/ble_events.c **** 
 109:Middlewares/ST/STM32_WPAN/ble/core/auto/ble_events.c **** /* HCI LE event process functions table */
 110:Middlewares/ST/STM32_WPAN/ble/core/auto/ble_events.c **** const hci_event_table_t hci_le_event_table[HCI_LE_EVENT_TABLE_SIZE] =
 111:Middlewares/ST/STM32_WPAN/ble/core/auto/ble_events.c **** {
 112:Middlewares/ST/STM32_WPAN/ble/core/auto/ble_events.c ****   { 0x0001U, hci_le_connection_complete_event_process },
 113:Middlewares/ST/STM32_WPAN/ble/core/auto/ble_events.c ****   { 0x0002U, hci_le_advertising_report_event_process },
 114:Middlewares/ST/STM32_WPAN/ble/core/auto/ble_events.c ****   { 0x0003U, hci_le_connection_update_complete_event_process },
 115:Middlewares/ST/STM32_WPAN/ble/core/auto/ble_events.c ****   { 0x0004U, hci_le_read_remote_features_page_0_complete_event_process },
 116:Middlewares/ST/STM32_WPAN/ble/core/auto/ble_events.c ****   { 0x0005U, hci_le_long_term_key_request_event_process },
 117:Middlewares/ST/STM32_WPAN/ble/core/auto/ble_events.c ****   { 0x0007U, hci_le_data_length_change_event_process },
 118:Middlewares/ST/STM32_WPAN/ble/core/auto/ble_events.c ****   { 0x0008U, hci_le_read_local_p256_public_key_complete_event_process },
 119:Middlewares/ST/STM32_WPAN/ble/core/auto/ble_events.c ****   { 0x0009U, hci_le_generate_dhkey_complete_event_process },
 120:Middlewares/ST/STM32_WPAN/ble/core/auto/ble_events.c ****   { 0x000AU, hci_le_enhanced_connection_complete_event_process },
 121:Middlewares/ST/STM32_WPAN/ble/core/auto/ble_events.c ****   { 0x000BU, hci_le_directed_advertising_report_event_process },
 122:Middlewares/ST/STM32_WPAN/ble/core/auto/ble_events.c ****   { 0x000CU, hci_le_phy_update_complete_event_process },
 123:Middlewares/ST/STM32_WPAN/ble/core/auto/ble_events.c ****   { 0x000DU, hci_le_extended_advertising_report_event_process },
 124:Middlewares/ST/STM32_WPAN/ble/core/auto/ble_events.c ****   { 0x0011U, hci_le_scan_timeout_event_process },
 125:Middlewares/ST/STM32_WPAN/ble/core/auto/ble_events.c ****   { 0x0012U, hci_le_advertising_set_terminated_event_process },
 126:Middlewares/ST/STM32_WPAN/ble/core/auto/ble_events.c ****   { 0x0013U, hci_le_scan_request_received_event_process },
 127:Middlewares/ST/STM32_WPAN/ble/core/auto/ble_events.c ****   { 0x0014U, hci_le_channel_selection_algorithm_event_process },
 128:Middlewares/ST/STM32_WPAN/ble/core/auto/ble_events.c **** };
 129:Middlewares/ST/STM32_WPAN/ble/core/auto/ble_events.c **** 
 130:Middlewares/ST/STM32_WPAN/ble/core/auto/ble_events.c **** /* HCI VS event process functions table */
 131:Middlewares/ST/STM32_WPAN/ble/core/auto/ble_events.c **** const hci_event_table_t hci_vs_event_table[HCI_VS_EVENT_TABLE_SIZE] =
 132:Middlewares/ST/STM32_WPAN/ble/core/auto/ble_events.c **** {
 133:Middlewares/ST/STM32_WPAN/ble/core/auto/ble_events.c ****   { 0x0006U, aci_warning_event_process },
 134:Middlewares/ST/STM32_WPAN/ble/core/auto/ble_events.c ****   { 0x0400U, aci_gap_limited_discoverable_event_process },
 135:Middlewares/ST/STM32_WPAN/ble/core/auto/ble_events.c ****   { 0x0401U, aci_gap_pairing_complete_event_process },
 136:Middlewares/ST/STM32_WPAN/ble/core/auto/ble_events.c ****   { 0x0402U, aci_gap_pass_key_req_event_process },
 137:Middlewares/ST/STM32_WPAN/ble/core/auto/ble_events.c ****   { 0x0403U, aci_gap_authorization_req_event_process },
 138:Middlewares/ST/STM32_WPAN/ble/core/auto/ble_events.c ****   { 0x0405U, aci_gap_bond_lost_event_process },
 139:Middlewares/ST/STM32_WPAN/ble/core/auto/ble_events.c ****   { 0x0407U, aci_gap_proc_complete_event_process },
 140:Middlewares/ST/STM32_WPAN/ble/core/auto/ble_events.c ****   { 0x0408U, aci_gap_addr_not_resolved_event_process },
 141:Middlewares/ST/STM32_WPAN/ble/core/auto/ble_events.c ****   { 0x0409U, aci_gap_numeric_comparison_value_event_process },
 142:Middlewares/ST/STM32_WPAN/ble/core/auto/ble_events.c ****   { 0x040AU, aci_gap_keypress_notification_event_process },
 143:Middlewares/ST/STM32_WPAN/ble/core/auto/ble_events.c ****   { 0x040BU, aci_gap_pairing_request_event_process },
ARM GAS  C:\Users\Nathan\AppData\Local\Temp\ccoc0wMg.s 			page 4


 144:Middlewares/ST/STM32_WPAN/ble/core/auto/ble_events.c ****   { 0x0800U, aci_l2cap_connection_update_resp_event_process },
 145:Middlewares/ST/STM32_WPAN/ble/core/auto/ble_events.c ****   { 0x0801U, aci_l2cap_proc_timeout_event_process },
 146:Middlewares/ST/STM32_WPAN/ble/core/auto/ble_events.c ****   { 0x0802U, aci_l2cap_connection_update_req_event_process },
 147:Middlewares/ST/STM32_WPAN/ble/core/auto/ble_events.c ****   { 0x080AU, aci_l2cap_command_reject_event_process },
 148:Middlewares/ST/STM32_WPAN/ble/core/auto/ble_events.c ****   { 0x0810U, aci_l2cap_coc_connect_event_process },
 149:Middlewares/ST/STM32_WPAN/ble/core/auto/ble_events.c ****   { 0x0811U, aci_l2cap_coc_connect_confirm_event_process },
 150:Middlewares/ST/STM32_WPAN/ble/core/auto/ble_events.c ****   { 0x0812U, aci_l2cap_coc_reconf_event_process },
 151:Middlewares/ST/STM32_WPAN/ble/core/auto/ble_events.c ****   { 0x0813U, aci_l2cap_coc_reconf_confirm_event_process },
 152:Middlewares/ST/STM32_WPAN/ble/core/auto/ble_events.c ****   { 0x0814U, aci_l2cap_coc_disconnect_event_process },
 153:Middlewares/ST/STM32_WPAN/ble/core/auto/ble_events.c ****   { 0x0815U, aci_l2cap_coc_flow_control_event_process },
 154:Middlewares/ST/STM32_WPAN/ble/core/auto/ble_events.c ****   { 0x0816U, aci_l2cap_coc_rx_data_event_process },
 155:Middlewares/ST/STM32_WPAN/ble/core/auto/ble_events.c ****   { 0x0817U, aci_l2cap_coc_tx_pool_available_event_process },
 156:Middlewares/ST/STM32_WPAN/ble/core/auto/ble_events.c ****   { 0x0C01U, aci_gatt_attribute_modified_event_process },
 157:Middlewares/ST/STM32_WPAN/ble/core/auto/ble_events.c ****   { 0x0C02U, aci_gatt_proc_timeout_event_process },
 158:Middlewares/ST/STM32_WPAN/ble/core/auto/ble_events.c ****   { 0x0C03U, aci_att_exchange_mtu_resp_event_process },
 159:Middlewares/ST/STM32_WPAN/ble/core/auto/ble_events.c ****   { 0x0C04U, aci_att_find_info_resp_event_process },
 160:Middlewares/ST/STM32_WPAN/ble/core/auto/ble_events.c ****   { 0x0C05U, aci_att_find_by_type_value_resp_event_process },
 161:Middlewares/ST/STM32_WPAN/ble/core/auto/ble_events.c ****   { 0x0C06U, aci_att_read_by_type_resp_event_process },
 162:Middlewares/ST/STM32_WPAN/ble/core/auto/ble_events.c ****   { 0x0C07U, aci_att_read_resp_event_process },
 163:Middlewares/ST/STM32_WPAN/ble/core/auto/ble_events.c ****   { 0x0C08U, aci_att_read_blob_resp_event_process },
 164:Middlewares/ST/STM32_WPAN/ble/core/auto/ble_events.c ****   { 0x0C09U, aci_att_read_multiple_resp_event_process },
 165:Middlewares/ST/STM32_WPAN/ble/core/auto/ble_events.c ****   { 0x0C0AU, aci_att_read_by_group_type_resp_event_process },
 166:Middlewares/ST/STM32_WPAN/ble/core/auto/ble_events.c ****   { 0x0C0CU, aci_att_prepare_write_resp_event_process },
 167:Middlewares/ST/STM32_WPAN/ble/core/auto/ble_events.c ****   { 0x0C0DU, aci_att_exec_write_resp_event_process },
 168:Middlewares/ST/STM32_WPAN/ble/core/auto/ble_events.c ****   { 0x0C0EU, aci_gatt_indication_event_process },
 169:Middlewares/ST/STM32_WPAN/ble/core/auto/ble_events.c ****   { 0x0C0FU, aci_gatt_notification_event_process },
 170:Middlewares/ST/STM32_WPAN/ble/core/auto/ble_events.c ****   { 0x0C10U, aci_gatt_proc_complete_event_process },
 171:Middlewares/ST/STM32_WPAN/ble/core/auto/ble_events.c ****   { 0x0C11U, aci_gatt_error_resp_event_process },
 172:Middlewares/ST/STM32_WPAN/ble/core/auto/ble_events.c ****   { 0x0C12U, aci_gatt_disc_read_char_by_uuid_resp_event_process },
 173:Middlewares/ST/STM32_WPAN/ble/core/auto/ble_events.c ****   { 0x0C13U, aci_gatt_write_permit_req_event_process },
 174:Middlewares/ST/STM32_WPAN/ble/core/auto/ble_events.c ****   { 0x0C14U, aci_gatt_read_permit_req_event_process },
 175:Middlewares/ST/STM32_WPAN/ble/core/auto/ble_events.c ****   { 0x0C15U, aci_gatt_read_multi_permit_req_event_process },
 176:Middlewares/ST/STM32_WPAN/ble/core/auto/ble_events.c ****   { 0x0C16U, aci_gatt_tx_pool_available_event_process },
 177:Middlewares/ST/STM32_WPAN/ble/core/auto/ble_events.c ****   { 0x0C17U, aci_gatt_server_confirmation_event_process },
 178:Middlewares/ST/STM32_WPAN/ble/core/auto/ble_events.c ****   { 0x0C18U, aci_gatt_prepare_write_permit_req_event_process },
 179:Middlewares/ST/STM32_WPAN/ble/core/auto/ble_events.c ****   { 0x0C19U, aci_gatt_eatt_bearer_event_process },
 180:Middlewares/ST/STM32_WPAN/ble/core/auto/ble_events.c ****   { 0x0C1AU, aci_gatt_mult_notification_event_process },
 181:Middlewares/ST/STM32_WPAN/ble/core/auto/ble_events.c ****   { 0x0C1BU, aci_gatt_notification_complete_event_process },
 182:Middlewares/ST/STM32_WPAN/ble/core/auto/ble_events.c ****   { 0x0C1DU, aci_gatt_read_ext_event_process },
 183:Middlewares/ST/STM32_WPAN/ble/core/auto/ble_events.c ****   { 0x0C1EU, aci_gatt_indication_ext_event_process },
 184:Middlewares/ST/STM32_WPAN/ble/core/auto/ble_events.c ****   { 0x0C1FU, aci_gatt_notification_ext_event_process },
 185:Middlewares/ST/STM32_WPAN/ble/core/auto/ble_events.c ****   { 0x1804U, aci_hal_end_of_radio_activity_event_process },
 186:Middlewares/ST/STM32_WPAN/ble/core/auto/ble_events.c ****   { 0x1805U, aci_hal_scan_req_report_event_process },
 187:Middlewares/ST/STM32_WPAN/ble/core/auto/ble_events.c **** };
 188:Middlewares/ST/STM32_WPAN/ble/core/auto/ble_events.c **** 
 189:Middlewares/ST/STM32_WPAN/ble/core/auto/ble_events.c **** /* HCI_DISCONNECTION_COMPLETE_EVENT callback function */
 190:Middlewares/ST/STM32_WPAN/ble/core/auto/ble_events.c **** __WEAK void hci_disconnection_complete_event( uint8_t Status,
 191:Middlewares/ST/STM32_WPAN/ble/core/auto/ble_events.c ****                                               uint16_t Connection_Handle,
 192:Middlewares/ST/STM32_WPAN/ble/core/auto/ble_events.c ****                                               uint8_t Reason )
 193:Middlewares/ST/STM32_WPAN/ble/core/auto/ble_events.c **** {
  30              		.loc 1 193 1 view -0
  31              		.cfi_startproc
  32              		@ args = 0, pretend = 0, frame = 0
  33              		@ frame_needed = 0, uses_anonymous_args = 0
  34              		@ link register save eliminated.
 194:Middlewares/ST/STM32_WPAN/ble/core/auto/ble_events.c **** }
  35              		.loc 1 194 1 view .LVU1
ARM GAS  C:\Users\Nathan\AppData\Local\Temp\ccoc0wMg.s 			page 5


  36 0000 7047     		bx	lr
  37              		.cfi_endproc
  38              	.LFE0:
  40              		.section	.text.hci_disconnection_complete_event_process,"ax",%progbits
  41              		.align	1
  42              		.syntax unified
  43              		.thumb
  44              		.thumb_func
  46              	hci_disconnection_complete_event_process:
  47              	.LVL1:
  48              	.LFB1:
 195:Middlewares/ST/STM32_WPAN/ble/core/auto/ble_events.c **** 
 196:Middlewares/ST/STM32_WPAN/ble/core/auto/ble_events.c **** /* HCI_DISCONNECTION_COMPLETE_EVENT process function */
 197:Middlewares/ST/STM32_WPAN/ble/core/auto/ble_events.c **** static void hci_disconnection_complete_event_process( const uint8_t* in )
 198:Middlewares/ST/STM32_WPAN/ble/core/auto/ble_events.c **** {
  49              		.loc 1 198 1 view -0
  50              		.cfi_startproc
  51              		@ args = 0, pretend = 0, frame = 0
  52              		@ frame_needed = 0, uses_anonymous_args = 0
  53              		.loc 1 198 1 is_stmt 0 view .LVU3
  54 0000 08B5     		push	{r3, lr}
  55              		.cfi_def_cfa_offset 8
  56              		.cfi_offset 3, -8
  57              		.cfi_offset 14, -4
 199:Middlewares/ST/STM32_WPAN/ble/core/auto/ble_events.c ****   hci_disconnection_complete_event_rp0 *rp0 = (void*)in;
  58              		.loc 1 199 3 is_stmt 1 view .LVU4
  59              	.LVL2:
 200:Middlewares/ST/STM32_WPAN/ble/core/auto/ble_events.c ****   hci_disconnection_complete_event( rp0->Status,
  60              		.loc 1 200 3 view .LVU5
  61 0002 C278     		ldrb	r2, [r0, #3]	@ zero_extendqisi2
  62 0004 B0F80110 		ldrh	r1, [r0, #1]	@ unaligned
  63 0008 0078     		ldrb	r0, [r0]	@ zero_extendqisi2
  64              	.LVL3:
  65              		.loc 1 200 3 is_stmt 0 view .LVU6
  66 000a FFF7FEFF 		bl	hci_disconnection_complete_event
  67              	.LVL4:
 201:Middlewares/ST/STM32_WPAN/ble/core/auto/ble_events.c ****                                     rp0->Connection_Handle,
 202:Middlewares/ST/STM32_WPAN/ble/core/auto/ble_events.c ****                                     rp0->Reason );
 203:Middlewares/ST/STM32_WPAN/ble/core/auto/ble_events.c **** }
  68              		.loc 1 203 1 view .LVU7
  69 000e 08BD     		pop	{r3, pc}
  70              		.cfi_endproc
  71              	.LFE1:
  73              		.section	.text.hci_encryption_change_event,"ax",%progbits
  74              		.align	1
  75              		.weak	hci_encryption_change_event
  76              		.syntax unified
  77              		.thumb
  78              		.thumb_func
  80              	hci_encryption_change_event:
  81              	.LVL5:
  82              	.LFB2:
 204:Middlewares/ST/STM32_WPAN/ble/core/auto/ble_events.c **** 
 205:Middlewares/ST/STM32_WPAN/ble/core/auto/ble_events.c **** /* HCI_ENCRYPTION_CHANGE_EVENT callback function */
 206:Middlewares/ST/STM32_WPAN/ble/core/auto/ble_events.c **** __WEAK void hci_encryption_change_event( uint8_t Status,
 207:Middlewares/ST/STM32_WPAN/ble/core/auto/ble_events.c ****                                          uint16_t Connection_Handle,
 208:Middlewares/ST/STM32_WPAN/ble/core/auto/ble_events.c ****                                          uint8_t Encryption_Enabled )
ARM GAS  C:\Users\Nathan\AppData\Local\Temp\ccoc0wMg.s 			page 6


 209:Middlewares/ST/STM32_WPAN/ble/core/auto/ble_events.c **** {
  83              		.loc 1 209 1 is_stmt 1 view -0
  84              		.cfi_startproc
  85              		@ args = 0, pretend = 0, frame = 0
  86              		@ frame_needed = 0, uses_anonymous_args = 0
  87              		@ link register save eliminated.
 210:Middlewares/ST/STM32_WPAN/ble/core/auto/ble_events.c **** }
  88              		.loc 1 210 1 view .LVU9
  89 0000 7047     		bx	lr
  90              		.cfi_endproc
  91              	.LFE2:
  93              		.section	.text.hci_encryption_change_event_process,"ax",%progbits
  94              		.align	1
  95              		.syntax unified
  96              		.thumb
  97              		.thumb_func
  99              	hci_encryption_change_event_process:
 100              	.LVL6:
 101              	.LFB3:
 211:Middlewares/ST/STM32_WPAN/ble/core/auto/ble_events.c **** 
 212:Middlewares/ST/STM32_WPAN/ble/core/auto/ble_events.c **** /* HCI_ENCRYPTION_CHANGE_EVENT process function */
 213:Middlewares/ST/STM32_WPAN/ble/core/auto/ble_events.c **** static void hci_encryption_change_event_process( const uint8_t* in )
 214:Middlewares/ST/STM32_WPAN/ble/core/auto/ble_events.c **** {
 102              		.loc 1 214 1 view -0
 103              		.cfi_startproc
 104              		@ args = 0, pretend = 0, frame = 0
 105              		@ frame_needed = 0, uses_anonymous_args = 0
 106              		.loc 1 214 1 is_stmt 0 view .LVU11
 107 0000 08B5     		push	{r3, lr}
 108              		.cfi_def_cfa_offset 8
 109              		.cfi_offset 3, -8
 110              		.cfi_offset 14, -4
 215:Middlewares/ST/STM32_WPAN/ble/core/auto/ble_events.c ****   hci_encryption_change_event_rp0 *rp0 = (void*)in;
 111              		.loc 1 215 3 is_stmt 1 view .LVU12
 112              	.LVL7:
 216:Middlewares/ST/STM32_WPAN/ble/core/auto/ble_events.c ****   hci_encryption_change_event( rp0->Status,
 113              		.loc 1 216 3 view .LVU13
 114 0002 C278     		ldrb	r2, [r0, #3]	@ zero_extendqisi2
 115 0004 B0F80110 		ldrh	r1, [r0, #1]	@ unaligned
 116 0008 0078     		ldrb	r0, [r0]	@ zero_extendqisi2
 117              	.LVL8:
 118              		.loc 1 216 3 is_stmt 0 view .LVU14
 119 000a FFF7FEFF 		bl	hci_encryption_change_event
 120              	.LVL9:
 217:Middlewares/ST/STM32_WPAN/ble/core/auto/ble_events.c ****                                rp0->Connection_Handle,
 218:Middlewares/ST/STM32_WPAN/ble/core/auto/ble_events.c ****                                rp0->Encryption_Enabled );
 219:Middlewares/ST/STM32_WPAN/ble/core/auto/ble_events.c **** }
 121              		.loc 1 219 1 view .LVU15
 122 000e 08BD     		pop	{r3, pc}
 123              		.cfi_endproc
 124              	.LFE3:
 126              		.section	.text.hci_read_remote_version_information_complete_event,"ax",%progbits
 127              		.align	1
 128              		.weak	hci_read_remote_version_information_complete_event
 129              		.syntax unified
 130              		.thumb
 131              		.thumb_func
ARM GAS  C:\Users\Nathan\AppData\Local\Temp\ccoc0wMg.s 			page 7


 133              	hci_read_remote_version_information_complete_event:
 134              	.LVL10:
 135              	.LFB4:
 220:Middlewares/ST/STM32_WPAN/ble/core/auto/ble_events.c **** 
 221:Middlewares/ST/STM32_WPAN/ble/core/auto/ble_events.c **** /* HCI_READ_REMOTE_VERSION_INFORMATION_COMPLETE_EVENT callback function */
 222:Middlewares/ST/STM32_WPAN/ble/core/auto/ble_events.c **** __WEAK void hci_read_remote_version_information_complete_event( uint8_t Status,
 223:Middlewares/ST/STM32_WPAN/ble/core/auto/ble_events.c ****                                                                 uint16_t Connection_Handle,
 224:Middlewares/ST/STM32_WPAN/ble/core/auto/ble_events.c ****                                                                 uint8_t Version,
 225:Middlewares/ST/STM32_WPAN/ble/core/auto/ble_events.c ****                                                                 uint16_t Manufacturer_Name,
 226:Middlewares/ST/STM32_WPAN/ble/core/auto/ble_events.c ****                                                                 uint16_t Subversion )
 227:Middlewares/ST/STM32_WPAN/ble/core/auto/ble_events.c **** {
 136              		.loc 1 227 1 is_stmt 1 view -0
 137              		.cfi_startproc
 138              		@ args = 4, pretend = 0, frame = 0
 139              		@ frame_needed = 0, uses_anonymous_args = 0
 140              		@ link register save eliminated.
 228:Middlewares/ST/STM32_WPAN/ble/core/auto/ble_events.c **** }
 141              		.loc 1 228 1 view .LVU17
 142 0000 7047     		bx	lr
 143              		.cfi_endproc
 144              	.LFE4:
 146              		.section	.text.hci_read_remote_version_information_complete_event_process,"ax",%progbits
 147              		.align	1
 148              		.syntax unified
 149              		.thumb
 150              		.thumb_func
 152              	hci_read_remote_version_information_complete_event_process:
 153              	.LVL11:
 154              	.LFB5:
 229:Middlewares/ST/STM32_WPAN/ble/core/auto/ble_events.c **** 
 230:Middlewares/ST/STM32_WPAN/ble/core/auto/ble_events.c **** /* HCI_READ_REMOTE_VERSION_INFORMATION_COMPLETE_EVENT process function */
 231:Middlewares/ST/STM32_WPAN/ble/core/auto/ble_events.c **** static void hci_read_remote_version_information_complete_event_process( const uint8_t* in )
 232:Middlewares/ST/STM32_WPAN/ble/core/auto/ble_events.c **** {
 155              		.loc 1 232 1 view -0
 156              		.cfi_startproc
 157              		@ args = 0, pretend = 0, frame = 0
 158              		@ frame_needed = 0, uses_anonymous_args = 0
 159              		.loc 1 232 1 is_stmt 0 view .LVU19
 160 0000 00B5     		push	{lr}
 161              		.cfi_def_cfa_offset 4
 162              		.cfi_offset 14, -4
 163 0002 83B0     		sub	sp, sp, #12
 164              		.cfi_def_cfa_offset 16
 233:Middlewares/ST/STM32_WPAN/ble/core/auto/ble_events.c ****   hci_read_remote_version_information_complete_event_rp0 *rp0 = (void*)in;
 165              		.loc 1 233 3 is_stmt 1 view .LVU20
 166              	.LVL12:
 234:Middlewares/ST/STM32_WPAN/ble/core/auto/ble_events.c ****   hci_read_remote_version_information_complete_event( rp0->Status,
 167              		.loc 1 234 3 view .LVU21
 168 0004 C388     		ldrh	r3, [r0, #6]	@ unaligned
 169 0006 0093     		str	r3, [sp]
 170 0008 8388     		ldrh	r3, [r0, #4]	@ unaligned
 171 000a C278     		ldrb	r2, [r0, #3]	@ zero_extendqisi2
 172 000c B0F80110 		ldrh	r1, [r0, #1]	@ unaligned
 173 0010 0078     		ldrb	r0, [r0]	@ zero_extendqisi2
 174              	.LVL13:
 175              		.loc 1 234 3 is_stmt 0 view .LVU22
 176 0012 FFF7FEFF 		bl	hci_read_remote_version_information_complete_event
ARM GAS  C:\Users\Nathan\AppData\Local\Temp\ccoc0wMg.s 			page 8


 177              	.LVL14:
 235:Middlewares/ST/STM32_WPAN/ble/core/auto/ble_events.c ****                                                       rp0->Connection_Handle,
 236:Middlewares/ST/STM32_WPAN/ble/core/auto/ble_events.c ****                                                       rp0->Version,
 237:Middlewares/ST/STM32_WPAN/ble/core/auto/ble_events.c ****                                                       rp0->Manufacturer_Name,
 238:Middlewares/ST/STM32_WPAN/ble/core/auto/ble_events.c ****                                                       rp0->Subversion );
 239:Middlewares/ST/STM32_WPAN/ble/core/auto/ble_events.c **** }
 178              		.loc 1 239 1 view .LVU23
 179 0016 03B0     		add	sp, sp, #12
 180              		.cfi_def_cfa_offset 4
 181              		@ sp needed
 182 0018 00BD     		pop	{pc}
 183              		.cfi_endproc
 184              	.LFE5:
 186              		.section	.text.hci_hardware_error_event,"ax",%progbits
 187              		.align	1
 188              		.weak	hci_hardware_error_event
 189              		.syntax unified
 190              		.thumb
 191              		.thumb_func
 193              	hci_hardware_error_event:
 194              	.LVL15:
 195              	.LFB6:
 240:Middlewares/ST/STM32_WPAN/ble/core/auto/ble_events.c **** 
 241:Middlewares/ST/STM32_WPAN/ble/core/auto/ble_events.c **** /* HCI_HARDWARE_ERROR_EVENT callback function */
 242:Middlewares/ST/STM32_WPAN/ble/core/auto/ble_events.c **** __WEAK void hci_hardware_error_event( uint8_t Hardware_Code )
 243:Middlewares/ST/STM32_WPAN/ble/core/auto/ble_events.c **** {
 196              		.loc 1 243 1 is_stmt 1 view -0
 197              		.cfi_startproc
 198              		@ args = 0, pretend = 0, frame = 0
 199              		@ frame_needed = 0, uses_anonymous_args = 0
 200              		@ link register save eliminated.
 244:Middlewares/ST/STM32_WPAN/ble/core/auto/ble_events.c **** }
 201              		.loc 1 244 1 view .LVU25
 202 0000 7047     		bx	lr
 203              		.cfi_endproc
 204              	.LFE6:
 206              		.section	.text.hci_hardware_error_event_process,"ax",%progbits
 207              		.align	1
 208              		.syntax unified
 209              		.thumb
 210              		.thumb_func
 212              	hci_hardware_error_event_process:
 213              	.LVL16:
 214              	.LFB7:
 245:Middlewares/ST/STM32_WPAN/ble/core/auto/ble_events.c **** 
 246:Middlewares/ST/STM32_WPAN/ble/core/auto/ble_events.c **** /* HCI_HARDWARE_ERROR_EVENT process function */
 247:Middlewares/ST/STM32_WPAN/ble/core/auto/ble_events.c **** static void hci_hardware_error_event_process( const uint8_t* in )
 248:Middlewares/ST/STM32_WPAN/ble/core/auto/ble_events.c **** {
 215              		.loc 1 248 1 view -0
 216              		.cfi_startproc
 217              		@ args = 0, pretend = 0, frame = 0
 218              		@ frame_needed = 0, uses_anonymous_args = 0
 219              		.loc 1 248 1 is_stmt 0 view .LVU27
 220 0000 08B5     		push	{r3, lr}
 221              		.cfi_def_cfa_offset 8
 222              		.cfi_offset 3, -8
 223              		.cfi_offset 14, -4
ARM GAS  C:\Users\Nathan\AppData\Local\Temp\ccoc0wMg.s 			page 9


 249:Middlewares/ST/STM32_WPAN/ble/core/auto/ble_events.c ****   hci_hardware_error_event_rp0 *rp0 = (void*)in;
 224              		.loc 1 249 3 is_stmt 1 view .LVU28
 225              	.LVL17:
 250:Middlewares/ST/STM32_WPAN/ble/core/auto/ble_events.c ****   hci_hardware_error_event( rp0->Hardware_Code );
 226              		.loc 1 250 3 view .LVU29
 227 0002 0078     		ldrb	r0, [r0]	@ zero_extendqisi2
 228              	.LVL18:
 229              		.loc 1 250 3 is_stmt 0 view .LVU30
 230 0004 FFF7FEFF 		bl	hci_hardware_error_event
 231              	.LVL19:
 251:Middlewares/ST/STM32_WPAN/ble/core/auto/ble_events.c **** }
 232              		.loc 1 251 1 view .LVU31
 233 0008 08BD     		pop	{r3, pc}
 234              		.cfi_endproc
 235              	.LFE7:
 237              		.section	.text.hci_number_of_completed_packets_event,"ax",%progbits
 238              		.align	1
 239              		.weak	hci_number_of_completed_packets_event
 240              		.syntax unified
 241              		.thumb
 242              		.thumb_func
 244              	hci_number_of_completed_packets_event:
 245              	.LVL20:
 246              	.LFB8:
 252:Middlewares/ST/STM32_WPAN/ble/core/auto/ble_events.c **** 
 253:Middlewares/ST/STM32_WPAN/ble/core/auto/ble_events.c **** /* HCI_NUMBER_OF_COMPLETED_PACKETS_EVENT callback function */
 254:Middlewares/ST/STM32_WPAN/ble/core/auto/ble_events.c **** __WEAK void hci_number_of_completed_packets_event( uint8_t Number_of_Handles,
 255:Middlewares/ST/STM32_WPAN/ble/core/auto/ble_events.c ****                                                    const Handle_Packets_Pair_Entry_t* Handle_Packet
 256:Middlewares/ST/STM32_WPAN/ble/core/auto/ble_events.c **** {
 247              		.loc 1 256 1 is_stmt 1 view -0
 248              		.cfi_startproc
 249              		@ args = 0, pretend = 0, frame = 0
 250              		@ frame_needed = 0, uses_anonymous_args = 0
 251              		@ link register save eliminated.
 257:Middlewares/ST/STM32_WPAN/ble/core/auto/ble_events.c **** }
 252              		.loc 1 257 1 view .LVU33
 253 0000 7047     		bx	lr
 254              		.cfi_endproc
 255              	.LFE8:
 257              		.section	.text.hci_number_of_completed_packets_event_process,"ax",%progbits
 258              		.align	1
 259              		.syntax unified
 260              		.thumb
 261              		.thumb_func
 263              	hci_number_of_completed_packets_event_process:
 264              	.LVL21:
 265              	.LFB9:
 258:Middlewares/ST/STM32_WPAN/ble/core/auto/ble_events.c **** 
 259:Middlewares/ST/STM32_WPAN/ble/core/auto/ble_events.c **** /* HCI_NUMBER_OF_COMPLETED_PACKETS_EVENT process function */
 260:Middlewares/ST/STM32_WPAN/ble/core/auto/ble_events.c **** static void hci_number_of_completed_packets_event_process( const uint8_t* in )
 261:Middlewares/ST/STM32_WPAN/ble/core/auto/ble_events.c **** {
 266              		.loc 1 261 1 view -0
 267              		.cfi_startproc
 268              		@ args = 0, pretend = 0, frame = 0
 269              		@ frame_needed = 0, uses_anonymous_args = 0
 270              		.loc 1 261 1 is_stmt 0 view .LVU35
 271 0000 08B5     		push	{r3, lr}
ARM GAS  C:\Users\Nathan\AppData\Local\Temp\ccoc0wMg.s 			page 10


 272              		.cfi_def_cfa_offset 8
 273              		.cfi_offset 3, -8
 274              		.cfi_offset 14, -4
 262:Middlewares/ST/STM32_WPAN/ble/core/auto/ble_events.c ****   hci_number_of_completed_packets_event_rp0 *rp0 = (void*)in;
 275              		.loc 1 262 3 is_stmt 1 view .LVU36
 276              	.LVL22:
 263:Middlewares/ST/STM32_WPAN/ble/core/auto/ble_events.c ****   hci_number_of_completed_packets_event( rp0->Number_of_Handles,
 277              		.loc 1 263 3 view .LVU37
 264:Middlewares/ST/STM32_WPAN/ble/core/auto/ble_events.c ****                                          rp0->Handle_Packets_Pair_Entry );
 278              		.loc 1 264 45 is_stmt 0 view .LVU38
 279 0002 0146     		mov	r1, r0
 263:Middlewares/ST/STM32_WPAN/ble/core/auto/ble_events.c ****   hci_number_of_completed_packets_event( rp0->Number_of_Handles,
 280              		.loc 1 263 3 view .LVU39
 281 0004 11F8010B 		ldrb	r0, [r1], #1	@ zero_extendqisi2
 282              	.LVL23:
 263:Middlewares/ST/STM32_WPAN/ble/core/auto/ble_events.c ****   hci_number_of_completed_packets_event( rp0->Number_of_Handles,
 283              		.loc 1 263 3 view .LVU40
 284 0008 FFF7FEFF 		bl	hci_number_of_completed_packets_event
 285              	.LVL24:
 265:Middlewares/ST/STM32_WPAN/ble/core/auto/ble_events.c **** }
 286              		.loc 1 265 1 view .LVU41
 287 000c 08BD     		pop	{r3, pc}
 288              		.cfi_endproc
 289              	.LFE9:
 291              		.section	.text.hci_encryption_key_refresh_complete_event,"ax",%progbits
 292              		.align	1
 293              		.weak	hci_encryption_key_refresh_complete_event
 294              		.syntax unified
 295              		.thumb
 296              		.thumb_func
 298              	hci_encryption_key_refresh_complete_event:
 299              	.LVL25:
 300              	.LFB10:
 266:Middlewares/ST/STM32_WPAN/ble/core/auto/ble_events.c **** 
 267:Middlewares/ST/STM32_WPAN/ble/core/auto/ble_events.c **** /* HCI_ENCRYPTION_KEY_REFRESH_COMPLETE_EVENT callback function */
 268:Middlewares/ST/STM32_WPAN/ble/core/auto/ble_events.c **** __WEAK void hci_encryption_key_refresh_complete_event( uint8_t Status,
 269:Middlewares/ST/STM32_WPAN/ble/core/auto/ble_events.c ****                                                        uint16_t Connection_Handle )
 270:Middlewares/ST/STM32_WPAN/ble/core/auto/ble_events.c **** {
 301              		.loc 1 270 1 is_stmt 1 view -0
 302              		.cfi_startproc
 303              		@ args = 0, pretend = 0, frame = 0
 304              		@ frame_needed = 0, uses_anonymous_args = 0
 305              		@ link register save eliminated.
 271:Middlewares/ST/STM32_WPAN/ble/core/auto/ble_events.c **** }
 306              		.loc 1 271 1 view .LVU43
 307 0000 7047     		bx	lr
 308              		.cfi_endproc
 309              	.LFE10:
 311              		.section	.text.hci_encryption_key_refresh_complete_event_process,"ax",%progbits
 312              		.align	1
 313              		.syntax unified
 314              		.thumb
 315              		.thumb_func
 317              	hci_encryption_key_refresh_complete_event_process:
 318              	.LVL26:
 319              	.LFB11:
 272:Middlewares/ST/STM32_WPAN/ble/core/auto/ble_events.c **** 
ARM GAS  C:\Users\Nathan\AppData\Local\Temp\ccoc0wMg.s 			page 11


 273:Middlewares/ST/STM32_WPAN/ble/core/auto/ble_events.c **** /* HCI_ENCRYPTION_KEY_REFRESH_COMPLETE_EVENT process function */
 274:Middlewares/ST/STM32_WPAN/ble/core/auto/ble_events.c **** static void hci_encryption_key_refresh_complete_event_process( const uint8_t* in )
 275:Middlewares/ST/STM32_WPAN/ble/core/auto/ble_events.c **** {
 320              		.loc 1 275 1 view -0
 321              		.cfi_startproc
 322              		@ args = 0, pretend = 0, frame = 0
 323              		@ frame_needed = 0, uses_anonymous_args = 0
 324              		.loc 1 275 1 is_stmt 0 view .LVU45
 325 0000 08B5     		push	{r3, lr}
 326              		.cfi_def_cfa_offset 8
 327              		.cfi_offset 3, -8
 328              		.cfi_offset 14, -4
 276:Middlewares/ST/STM32_WPAN/ble/core/auto/ble_events.c ****   hci_encryption_key_refresh_complete_event_rp0 *rp0 = (void*)in;
 329              		.loc 1 276 3 is_stmt 1 view .LVU46
 330              	.LVL27:
 277:Middlewares/ST/STM32_WPAN/ble/core/auto/ble_events.c ****   hci_encryption_key_refresh_complete_event( rp0->Status,
 331              		.loc 1 277 3 view .LVU47
 332 0002 B0F80110 		ldrh	r1, [r0, #1]	@ unaligned
 333 0006 0078     		ldrb	r0, [r0]	@ zero_extendqisi2
 334              	.LVL28:
 335              		.loc 1 277 3 is_stmt 0 view .LVU48
 336 0008 FFF7FEFF 		bl	hci_encryption_key_refresh_complete_event
 337              	.LVL29:
 278:Middlewares/ST/STM32_WPAN/ble/core/auto/ble_events.c ****                                              rp0->Connection_Handle );
 279:Middlewares/ST/STM32_WPAN/ble/core/auto/ble_events.c **** }
 338              		.loc 1 279 1 view .LVU49
 339 000c 08BD     		pop	{r3, pc}
 340              		.cfi_endproc
 341              	.LFE11:
 343              		.section	.text.hci_le_connection_complete_event,"ax",%progbits
 344              		.align	1
 345              		.weak	hci_le_connection_complete_event
 346              		.syntax unified
 347              		.thumb
 348              		.thumb_func
 350              	hci_le_connection_complete_event:
 351              	.LVL30:
 352              	.LFB12:
 280:Middlewares/ST/STM32_WPAN/ble/core/auto/ble_events.c **** 
 281:Middlewares/ST/STM32_WPAN/ble/core/auto/ble_events.c **** /* HCI_LE_CONNECTION_COMPLETE_EVENT callback function */
 282:Middlewares/ST/STM32_WPAN/ble/core/auto/ble_events.c **** __WEAK void hci_le_connection_complete_event( uint8_t Status,
 283:Middlewares/ST/STM32_WPAN/ble/core/auto/ble_events.c ****                                               uint16_t Connection_Handle,
 284:Middlewares/ST/STM32_WPAN/ble/core/auto/ble_events.c ****                                               uint8_t Role,
 285:Middlewares/ST/STM32_WPAN/ble/core/auto/ble_events.c ****                                               uint8_t Peer_Address_Type,
 286:Middlewares/ST/STM32_WPAN/ble/core/auto/ble_events.c ****                                               const uint8_t* Peer_Address,
 287:Middlewares/ST/STM32_WPAN/ble/core/auto/ble_events.c ****                                               uint16_t Conn_Interval,
 288:Middlewares/ST/STM32_WPAN/ble/core/auto/ble_events.c ****                                               uint16_t Conn_Latency,
 289:Middlewares/ST/STM32_WPAN/ble/core/auto/ble_events.c ****                                               uint16_t Supervision_Timeout,
 290:Middlewares/ST/STM32_WPAN/ble/core/auto/ble_events.c ****                                               uint8_t Central_Clock_Accuracy )
 291:Middlewares/ST/STM32_WPAN/ble/core/auto/ble_events.c **** {
 353              		.loc 1 291 1 is_stmt 1 view -0
 354              		.cfi_startproc
 355              		@ args = 20, pretend = 0, frame = 0
 356              		@ frame_needed = 0, uses_anonymous_args = 0
 357              		@ link register save eliminated.
 292:Middlewares/ST/STM32_WPAN/ble/core/auto/ble_events.c **** }
 358              		.loc 1 292 1 view .LVU51
ARM GAS  C:\Users\Nathan\AppData\Local\Temp\ccoc0wMg.s 			page 12


 359 0000 7047     		bx	lr
 360              		.cfi_endproc
 361              	.LFE12:
 363              		.section	.text.hci_le_connection_complete_event_process,"ax",%progbits
 364              		.align	1
 365              		.syntax unified
 366              		.thumb
 367              		.thumb_func
 369              	hci_le_connection_complete_event_process:
 370              	.LVL31:
 371              	.LFB13:
 293:Middlewares/ST/STM32_WPAN/ble/core/auto/ble_events.c **** 
 294:Middlewares/ST/STM32_WPAN/ble/core/auto/ble_events.c **** /* HCI_LE_CONNECTION_COMPLETE_EVENT process function */
 295:Middlewares/ST/STM32_WPAN/ble/core/auto/ble_events.c **** static void hci_le_connection_complete_event_process( const uint8_t* in )
 296:Middlewares/ST/STM32_WPAN/ble/core/auto/ble_events.c **** {
 372              		.loc 1 296 1 view -0
 373              		.cfi_startproc
 374              		@ args = 0, pretend = 0, frame = 0
 375              		@ frame_needed = 0, uses_anonymous_args = 0
 376              		.loc 1 296 1 is_stmt 0 view .LVU53
 377 0000 00B5     		push	{lr}
 378              		.cfi_def_cfa_offset 4
 379              		.cfi_offset 14, -4
 380 0002 87B0     		sub	sp, sp, #28
 381              		.cfi_def_cfa_offset 32
 297:Middlewares/ST/STM32_WPAN/ble/core/auto/ble_events.c ****   hci_le_connection_complete_event_rp0 *rp0 = (void*)in;
 382              		.loc 1 297 3 is_stmt 1 view .LVU54
 383              	.LVL32:
 298:Middlewares/ST/STM32_WPAN/ble/core/auto/ble_events.c ****   hci_le_connection_complete_event( rp0->Status,
 384              		.loc 1 298 3 view .LVU55
 299:Middlewares/ST/STM32_WPAN/ble/core/auto/ble_events.c ****                                     rp0->Connection_Handle,
 300:Middlewares/ST/STM32_WPAN/ble/core/auto/ble_events.c ****                                     rp0->Role,
 301:Middlewares/ST/STM32_WPAN/ble/core/auto/ble_events.c ****                                     rp0->Peer_Address_Type,
 302:Middlewares/ST/STM32_WPAN/ble/core/auto/ble_events.c ****                                     rp0->Peer_Address,
 385              		.loc 1 302 40 is_stmt 0 view .LVU56
 386 0004 431D     		adds	r3, r0, #5
 298:Middlewares/ST/STM32_WPAN/ble/core/auto/ble_events.c ****   hci_le_connection_complete_event( rp0->Status,
 387              		.loc 1 298 3 view .LVU57
 388 0006 427C     		ldrb	r2, [r0, #17]	@ zero_extendqisi2
 389 0008 0492     		str	r2, [sp, #16]
 390 000a B0F80F20 		ldrh	r2, [r0, #15]	@ unaligned
 391 000e 0392     		str	r2, [sp, #12]
 392 0010 B0F80D20 		ldrh	r2, [r0, #13]	@ unaligned
 393 0014 0292     		str	r2, [sp, #8]
 394 0016 B0F80B20 		ldrh	r2, [r0, #11]	@ unaligned
 395 001a 0192     		str	r2, [sp, #4]
 396 001c 0093     		str	r3, [sp]
 397 001e 0379     		ldrb	r3, [r0, #4]	@ zero_extendqisi2
 398 0020 C278     		ldrb	r2, [r0, #3]	@ zero_extendqisi2
 399 0022 B0F80110 		ldrh	r1, [r0, #1]	@ unaligned
 400 0026 0078     		ldrb	r0, [r0]	@ zero_extendqisi2
 401              	.LVL33:
 298:Middlewares/ST/STM32_WPAN/ble/core/auto/ble_events.c ****   hci_le_connection_complete_event( rp0->Status,
 402              		.loc 1 298 3 view .LVU58
 403 0028 FFF7FEFF 		bl	hci_le_connection_complete_event
 404              	.LVL34:
 303:Middlewares/ST/STM32_WPAN/ble/core/auto/ble_events.c ****                                     rp0->Conn_Interval,
ARM GAS  C:\Users\Nathan\AppData\Local\Temp\ccoc0wMg.s 			page 13


 304:Middlewares/ST/STM32_WPAN/ble/core/auto/ble_events.c ****                                     rp0->Conn_Latency,
 305:Middlewares/ST/STM32_WPAN/ble/core/auto/ble_events.c ****                                     rp0->Supervision_Timeout,
 306:Middlewares/ST/STM32_WPAN/ble/core/auto/ble_events.c ****                                     rp0->Central_Clock_Accuracy );
 307:Middlewares/ST/STM32_WPAN/ble/core/auto/ble_events.c **** }
 405              		.loc 1 307 1 view .LVU59
 406 002c 07B0     		add	sp, sp, #28
 407              		.cfi_def_cfa_offset 4
 408              		@ sp needed
 409 002e 00BD     		pop	{pc}
 410              		.cfi_endproc
 411              	.LFE13:
 413              		.section	.text.hci_le_advertising_report_event,"ax",%progbits
 414              		.align	1
 415              		.weak	hci_le_advertising_report_event
 416              		.syntax unified
 417              		.thumb
 418              		.thumb_func
 420              	hci_le_advertising_report_event:
 421              	.LVL35:
 422              	.LFB14:
 308:Middlewares/ST/STM32_WPAN/ble/core/auto/ble_events.c **** 
 309:Middlewares/ST/STM32_WPAN/ble/core/auto/ble_events.c **** /* HCI_LE_ADVERTISING_REPORT_EVENT callback function */
 310:Middlewares/ST/STM32_WPAN/ble/core/auto/ble_events.c **** __WEAK void hci_le_advertising_report_event( uint8_t Num_Reports,
 311:Middlewares/ST/STM32_WPAN/ble/core/auto/ble_events.c ****                                              const Advertising_Report_t* Advertising_Report )
 312:Middlewares/ST/STM32_WPAN/ble/core/auto/ble_events.c **** {
 423              		.loc 1 312 1 is_stmt 1 view -0
 424              		.cfi_startproc
 425              		@ args = 0, pretend = 0, frame = 0
 426              		@ frame_needed = 0, uses_anonymous_args = 0
 427              		@ link register save eliminated.
 313:Middlewares/ST/STM32_WPAN/ble/core/auto/ble_events.c **** }
 428              		.loc 1 313 1 view .LVU61
 429 0000 7047     		bx	lr
 430              		.cfi_endproc
 431              	.LFE14:
 433              		.section	.text.hci_le_advertising_report_event_process,"ax",%progbits
 434              		.align	1
 435              		.syntax unified
 436              		.thumb
 437              		.thumb_func
 439              	hci_le_advertising_report_event_process:
 440              	.LVL36:
 441              	.LFB15:
 314:Middlewares/ST/STM32_WPAN/ble/core/auto/ble_events.c **** 
 315:Middlewares/ST/STM32_WPAN/ble/core/auto/ble_events.c **** /* HCI_LE_ADVERTISING_REPORT_EVENT process function */
 316:Middlewares/ST/STM32_WPAN/ble/core/auto/ble_events.c **** static void hci_le_advertising_report_event_process( const uint8_t* in )
 317:Middlewares/ST/STM32_WPAN/ble/core/auto/ble_events.c **** {
 442              		.loc 1 317 1 view -0
 443              		.cfi_startproc
 444              		@ args = 0, pretend = 0, frame = 16
 445              		@ frame_needed = 0, uses_anonymous_args = 0
 446              		.loc 1 317 1 is_stmt 0 view .LVU63
 447 0000 2DE9F041 		push	{r4, r5, r6, r7, r8, lr}
 448              		.cfi_def_cfa_offset 24
 449              		.cfi_offset 4, -24
 450              		.cfi_offset 5, -20
 451              		.cfi_offset 6, -16
ARM GAS  C:\Users\Nathan\AppData\Local\Temp\ccoc0wMg.s 			page 14


 452              		.cfi_offset 7, -12
 453              		.cfi_offset 8, -8
 454              		.cfi_offset 14, -4
 455 0004 84B0     		sub	sp, sp, #16
 456              		.cfi_def_cfa_offset 40
 457 0006 8046     		mov	r8, r0
 318:Middlewares/ST/STM32_WPAN/ble/core/auto/ble_events.c ****   hci_le_advertising_report_event_rp0 *rp0 = (void*)in;
 458              		.loc 1 318 3 is_stmt 1 view .LVU64
 459              	.LVL37:
 319:Middlewares/ST/STM32_WPAN/ble/core/auto/ble_events.c ****   Advertising_Report_t Advertising_Report[1];
 460              		.loc 1 319 3 view .LVU65
 320:Middlewares/ST/STM32_WPAN/ble/core/auto/ble_events.c ****   int i;
 461              		.loc 1 320 3 view .LVU66
 321:Middlewares/ST/STM32_WPAN/ble/core/auto/ble_events.c ****   for ( i = 0; i < rp0->Num_Reports; i++ )
 462              		.loc 1 321 3 view .LVU67
 463              		.loc 1 321 3 is_stmt 0 view .LVU68
 464 0008 0446     		mov	r4, r0
 465              		.loc 1 321 11 view .LVU69
 466 000a 0026     		movs	r6, #0
 467              		.loc 1 321 3 view .LVU70
 468 000c 14E0     		b	.L24
 469              	.LVL38:
 470              	.L25:
 322:Middlewares/ST/STM32_WPAN/ble/core/auto/ble_events.c ****   {
 323:Middlewares/ST/STM32_WPAN/ble/core/auto/ble_events.c ****     in += 1;
 471              		.loc 1 323 5 is_stmt 1 view .LVU71
 472              		.loc 1 323 8 is_stmt 0 view .LVU72
 473 000e 651C     		adds	r5, r4, #1
 474              	.LVL39:
 324:Middlewares/ST/STM32_WPAN/ble/core/auto/ble_events.c ****     Osal_MemCpy( (void*)&Advertising_Report[0], (const void*)in, 9 );
 475              		.loc 1 324 5 is_stmt 1 view .LVU73
 476 0010 0922     		movs	r2, #9
 477 0012 2946     		mov	r1, r5
 478 0014 6846     		mov	r0, sp
 479 0016 FFF7FEFF 		bl	Osal_MemCpy
 480              	.LVL40:
 325:Middlewares/ST/STM32_WPAN/ble/core/auto/ble_events.c ****     Advertising_Report[0].Data = &in[9];
 481              		.loc 1 325 5 view .LVU74
 482              		.loc 1 325 34 is_stmt 0 view .LVU75
 483 001a 04F10A03 		add	r3, r4, #10
 484              		.loc 1 325 32 view .LVU76
 485 001e CDF80930 		str	r3, [sp, #9]	@ unaligned
 326:Middlewares/ST/STM32_WPAN/ble/core/auto/ble_events.c ****     in += 9 + in[8];
 486              		.loc 1 326 5 is_stmt 1 view .LVU77
 487              		.loc 1 326 17 is_stmt 0 view .LVU78
 488 0022 637A     		ldrb	r3, [r4, #9]	@ zero_extendqisi2
 489              		.loc 1 326 13 view .LVU79
 490 0024 0933     		adds	r3, r3, #9
 491              		.loc 1 326 8 view .LVU80
 492 0026 EC18     		adds	r4, r5, r3
 493              	.LVL41:
 327:Middlewares/ST/STM32_WPAN/ble/core/auto/ble_events.c ****     Advertising_Report[0].RSSI = in[0];
 494              		.loc 1 327 5 is_stmt 1 view .LVU81
 495              		.loc 1 327 36 is_stmt 0 view .LVU82
 496 0028 EB5C     		ldrb	r3, [r5, r3]	@ zero_extendqisi2
 497              		.loc 1 327 32 view .LVU83
 498 002a 8DF80D30 		strb	r3, [sp, #13]
ARM GAS  C:\Users\Nathan\AppData\Local\Temp\ccoc0wMg.s 			page 15


 328:Middlewares/ST/STM32_WPAN/ble/core/auto/ble_events.c ****     (void)hci_le_advertising_report_event( 1, Advertising_Report );
 499              		.loc 1 328 5 is_stmt 1 view .LVU84
 500 002e 6946     		mov	r1, sp
 501 0030 0120     		movs	r0, #1
 502 0032 FFF7FEFF 		bl	hci_le_advertising_report_event
 503              	.LVL42:
 321:Middlewares/ST/STM32_WPAN/ble/core/auto/ble_events.c ****   {
 504              		.loc 1 321 39 discriminator 3 view .LVU85
 505 0036 0136     		adds	r6, r6, #1
 506              	.LVL43:
 507              	.L24:
 321:Middlewares/ST/STM32_WPAN/ble/core/auto/ble_events.c ****   {
 508              		.loc 1 321 18 discriminator 1 view .LVU86
 321:Middlewares/ST/STM32_WPAN/ble/core/auto/ble_events.c ****   {
 509              		.loc 1 321 23 is_stmt 0 discriminator 1 view .LVU87
 510 0038 98F80030 		ldrb	r3, [r8]	@ zero_extendqisi2
 321:Middlewares/ST/STM32_WPAN/ble/core/auto/ble_events.c ****   {
 511              		.loc 1 321 18 discriminator 1 view .LVU88
 512 003c B342     		cmp	r3, r6
 513 003e E6DC     		bgt	.L25
 329:Middlewares/ST/STM32_WPAN/ble/core/auto/ble_events.c ****   }
 330:Middlewares/ST/STM32_WPAN/ble/core/auto/ble_events.c **** }
 514              		.loc 1 330 1 view .LVU89
 515 0040 04B0     		add	sp, sp, #16
 516              		.cfi_def_cfa_offset 24
 517              		@ sp needed
 518 0042 BDE8F081 		pop	{r4, r5, r6, r7, r8, pc}
 519              		.loc 1 330 1 view .LVU90
 520              		.cfi_endproc
 521              	.LFE15:
 523              		.section	.text.hci_le_connection_update_complete_event,"ax",%progbits
 524              		.align	1
 525              		.weak	hci_le_connection_update_complete_event
 526              		.syntax unified
 527              		.thumb
 528              		.thumb_func
 530              	hci_le_connection_update_complete_event:
 531              	.LVL44:
 532              	.LFB16:
 331:Middlewares/ST/STM32_WPAN/ble/core/auto/ble_events.c **** 
 332:Middlewares/ST/STM32_WPAN/ble/core/auto/ble_events.c **** /* HCI_LE_CONNECTION_UPDATE_COMPLETE_EVENT callback function */
 333:Middlewares/ST/STM32_WPAN/ble/core/auto/ble_events.c **** __WEAK void hci_le_connection_update_complete_event( uint8_t Status,
 334:Middlewares/ST/STM32_WPAN/ble/core/auto/ble_events.c ****                                                      uint16_t Connection_Handle,
 335:Middlewares/ST/STM32_WPAN/ble/core/auto/ble_events.c ****                                                      uint16_t Conn_Interval,
 336:Middlewares/ST/STM32_WPAN/ble/core/auto/ble_events.c ****                                                      uint16_t Conn_Latency,
 337:Middlewares/ST/STM32_WPAN/ble/core/auto/ble_events.c ****                                                      uint16_t Supervision_Timeout )
 338:Middlewares/ST/STM32_WPAN/ble/core/auto/ble_events.c **** {
 533              		.loc 1 338 1 is_stmt 1 view -0
 534              		.cfi_startproc
 535              		@ args = 4, pretend = 0, frame = 0
 536              		@ frame_needed = 0, uses_anonymous_args = 0
 537              		@ link register save eliminated.
 339:Middlewares/ST/STM32_WPAN/ble/core/auto/ble_events.c **** }
 538              		.loc 1 339 1 view .LVU92
 539 0000 7047     		bx	lr
 540              		.cfi_endproc
 541              	.LFE16:
ARM GAS  C:\Users\Nathan\AppData\Local\Temp\ccoc0wMg.s 			page 16


 543              		.section	.text.hci_le_connection_update_complete_event_process,"ax",%progbits
 544              		.align	1
 545              		.syntax unified
 546              		.thumb
 547              		.thumb_func
 549              	hci_le_connection_update_complete_event_process:
 550              	.LVL45:
 551              	.LFB17:
 340:Middlewares/ST/STM32_WPAN/ble/core/auto/ble_events.c **** 
 341:Middlewares/ST/STM32_WPAN/ble/core/auto/ble_events.c **** /* HCI_LE_CONNECTION_UPDATE_COMPLETE_EVENT process function */
 342:Middlewares/ST/STM32_WPAN/ble/core/auto/ble_events.c **** static void hci_le_connection_update_complete_event_process( const uint8_t* in )
 343:Middlewares/ST/STM32_WPAN/ble/core/auto/ble_events.c **** {
 552              		.loc 1 343 1 view -0
 553              		.cfi_startproc
 554              		@ args = 0, pretend = 0, frame = 0
 555              		@ frame_needed = 0, uses_anonymous_args = 0
 556              		.loc 1 343 1 is_stmt 0 view .LVU94
 557 0000 00B5     		push	{lr}
 558              		.cfi_def_cfa_offset 4
 559              		.cfi_offset 14, -4
 560 0002 83B0     		sub	sp, sp, #12
 561              		.cfi_def_cfa_offset 16
 344:Middlewares/ST/STM32_WPAN/ble/core/auto/ble_events.c ****   hci_le_connection_update_complete_event_rp0 *rp0 = (void*)in;
 562              		.loc 1 344 3 is_stmt 1 view .LVU95
 563              	.LVL46:
 345:Middlewares/ST/STM32_WPAN/ble/core/auto/ble_events.c ****   hci_le_connection_update_complete_event( rp0->Status,
 564              		.loc 1 345 3 view .LVU96
 565 0004 B0F80730 		ldrh	r3, [r0, #7]	@ unaligned
 566 0008 0093     		str	r3, [sp]
 567 000a B0F80530 		ldrh	r3, [r0, #5]	@ unaligned
 568 000e B0F80320 		ldrh	r2, [r0, #3]	@ unaligned
 569 0012 B0F80110 		ldrh	r1, [r0, #1]	@ unaligned
 570 0016 0078     		ldrb	r0, [r0]	@ zero_extendqisi2
 571              	.LVL47:
 572              		.loc 1 345 3 is_stmt 0 view .LVU97
 573 0018 FFF7FEFF 		bl	hci_le_connection_update_complete_event
 574              	.LVL48:
 346:Middlewares/ST/STM32_WPAN/ble/core/auto/ble_events.c ****                                            rp0->Connection_Handle,
 347:Middlewares/ST/STM32_WPAN/ble/core/auto/ble_events.c ****                                            rp0->Conn_Interval,
 348:Middlewares/ST/STM32_WPAN/ble/core/auto/ble_events.c ****                                            rp0->Conn_Latency,
 349:Middlewares/ST/STM32_WPAN/ble/core/auto/ble_events.c ****                                            rp0->Supervision_Timeout );
 350:Middlewares/ST/STM32_WPAN/ble/core/auto/ble_events.c **** }
 575              		.loc 1 350 1 view .LVU98
 576 001c 03B0     		add	sp, sp, #12
 577              		.cfi_def_cfa_offset 4
 578              		@ sp needed
 579 001e 00BD     		pop	{pc}
 580              		.cfi_endproc
 581              	.LFE17:
 583              		.section	.text.hci_le_read_remote_features_page_0_complete_event,"ax",%progbits
 584              		.align	1
 585              		.weak	hci_le_read_remote_features_page_0_complete_event
 586              		.syntax unified
 587              		.thumb
 588              		.thumb_func
 590              	hci_le_read_remote_features_page_0_complete_event:
 591              	.LVL49:
ARM GAS  C:\Users\Nathan\AppData\Local\Temp\ccoc0wMg.s 			page 17


 592              	.LFB18:
 351:Middlewares/ST/STM32_WPAN/ble/core/auto/ble_events.c **** 
 352:Middlewares/ST/STM32_WPAN/ble/core/auto/ble_events.c **** /* HCI_LE_READ_REMOTE_FEATURES_PAGE_0_COMPLETE_EVENT callback function */
 353:Middlewares/ST/STM32_WPAN/ble/core/auto/ble_events.c **** __WEAK void hci_le_read_remote_features_page_0_complete_event( uint8_t Status,
 354:Middlewares/ST/STM32_WPAN/ble/core/auto/ble_events.c ****                                                                uint16_t Connection_Handle,
 355:Middlewares/ST/STM32_WPAN/ble/core/auto/ble_events.c ****                                                                const uint8_t* LE_Features )
 356:Middlewares/ST/STM32_WPAN/ble/core/auto/ble_events.c **** {
 593              		.loc 1 356 1 is_stmt 1 view -0
 594              		.cfi_startproc
 595              		@ args = 0, pretend = 0, frame = 0
 596              		@ frame_needed = 0, uses_anonymous_args = 0
 597              		@ link register save eliminated.
 357:Middlewares/ST/STM32_WPAN/ble/core/auto/ble_events.c **** }
 598              		.loc 1 357 1 view .LVU100
 599 0000 7047     		bx	lr
 600              		.cfi_endproc
 601              	.LFE18:
 603              		.section	.text.hci_le_read_remote_features_page_0_complete_event_process,"ax",%progbits
 604              		.align	1
 605              		.syntax unified
 606              		.thumb
 607              		.thumb_func
 609              	hci_le_read_remote_features_page_0_complete_event_process:
 610              	.LVL50:
 611              	.LFB19:
 358:Middlewares/ST/STM32_WPAN/ble/core/auto/ble_events.c **** 
 359:Middlewares/ST/STM32_WPAN/ble/core/auto/ble_events.c **** /* HCI_LE_READ_REMOTE_FEATURES_PAGE_0_COMPLETE_EVENT process function */
 360:Middlewares/ST/STM32_WPAN/ble/core/auto/ble_events.c **** static void hci_le_read_remote_features_page_0_complete_event_process( const uint8_t* in )
 361:Middlewares/ST/STM32_WPAN/ble/core/auto/ble_events.c **** {
 612              		.loc 1 361 1 view -0
 613              		.cfi_startproc
 614              		@ args = 0, pretend = 0, frame = 0
 615              		@ frame_needed = 0, uses_anonymous_args = 0
 616              		.loc 1 361 1 is_stmt 0 view .LVU102
 617 0000 08B5     		push	{r3, lr}
 618              		.cfi_def_cfa_offset 8
 619              		.cfi_offset 3, -8
 620              		.cfi_offset 14, -4
 362:Middlewares/ST/STM32_WPAN/ble/core/auto/ble_events.c ****   hci_le_read_remote_features_page_0_complete_event_rp0 *rp0 = (void*)in;
 621              		.loc 1 362 3 is_stmt 1 view .LVU103
 622              	.LVL51:
 363:Middlewares/ST/STM32_WPAN/ble/core/auto/ble_events.c ****   hci_le_read_remote_features_page_0_complete_event( rp0->Status,
 623              		.loc 1 363 3 view .LVU104
 624 0002 C21C     		adds	r2, r0, #3
 625 0004 B0F80110 		ldrh	r1, [r0, #1]	@ unaligned
 626 0008 0078     		ldrb	r0, [r0]	@ zero_extendqisi2
 627              	.LVL52:
 628              		.loc 1 363 3 is_stmt 0 view .LVU105
 629 000a FFF7FEFF 		bl	hci_le_read_remote_features_page_0_complete_event
 630              	.LVL53:
 364:Middlewares/ST/STM32_WPAN/ble/core/auto/ble_events.c ****                                                      rp0->Connection_Handle,
 365:Middlewares/ST/STM32_WPAN/ble/core/auto/ble_events.c ****                                                      rp0->LE_Features );
 366:Middlewares/ST/STM32_WPAN/ble/core/auto/ble_events.c **** }
 631              		.loc 1 366 1 view .LVU106
 632 000e 08BD     		pop	{r3, pc}
 633              		.cfi_endproc
 634              	.LFE19:
ARM GAS  C:\Users\Nathan\AppData\Local\Temp\ccoc0wMg.s 			page 18


 636              		.section	.text.hci_le_long_term_key_request_event,"ax",%progbits
 637              		.align	1
 638              		.weak	hci_le_long_term_key_request_event
 639              		.syntax unified
 640              		.thumb
 641              		.thumb_func
 643              	hci_le_long_term_key_request_event:
 644              	.LVL54:
 645              	.LFB20:
 367:Middlewares/ST/STM32_WPAN/ble/core/auto/ble_events.c **** 
 368:Middlewares/ST/STM32_WPAN/ble/core/auto/ble_events.c **** /* HCI_LE_LONG_TERM_KEY_REQUEST_EVENT callback function */
 369:Middlewares/ST/STM32_WPAN/ble/core/auto/ble_events.c **** __WEAK void hci_le_long_term_key_request_event( uint16_t Connection_Handle,
 370:Middlewares/ST/STM32_WPAN/ble/core/auto/ble_events.c ****                                                 const uint8_t* Random_Number,
 371:Middlewares/ST/STM32_WPAN/ble/core/auto/ble_events.c ****                                                 uint16_t Encrypted_Diversifier )
 372:Middlewares/ST/STM32_WPAN/ble/core/auto/ble_events.c **** {
 646              		.loc 1 372 1 is_stmt 1 view -0
 647              		.cfi_startproc
 648              		@ args = 0, pretend = 0, frame = 0
 649              		@ frame_needed = 0, uses_anonymous_args = 0
 650              		@ link register save eliminated.
 373:Middlewares/ST/STM32_WPAN/ble/core/auto/ble_events.c **** }
 651              		.loc 1 373 1 view .LVU108
 652 0000 7047     		bx	lr
 653              		.cfi_endproc
 654              	.LFE20:
 656              		.section	.text.hci_le_long_term_key_request_event_process,"ax",%progbits
 657              		.align	1
 658              		.syntax unified
 659              		.thumb
 660              		.thumb_func
 662              	hci_le_long_term_key_request_event_process:
 663              	.LVL55:
 664              	.LFB21:
 374:Middlewares/ST/STM32_WPAN/ble/core/auto/ble_events.c **** 
 375:Middlewares/ST/STM32_WPAN/ble/core/auto/ble_events.c **** /* HCI_LE_LONG_TERM_KEY_REQUEST_EVENT process function */
 376:Middlewares/ST/STM32_WPAN/ble/core/auto/ble_events.c **** static void hci_le_long_term_key_request_event_process( const uint8_t* in )
 377:Middlewares/ST/STM32_WPAN/ble/core/auto/ble_events.c **** {
 665              		.loc 1 377 1 view -0
 666              		.cfi_startproc
 667              		@ args = 0, pretend = 0, frame = 0
 668              		@ frame_needed = 0, uses_anonymous_args = 0
 669              		.loc 1 377 1 is_stmt 0 view .LVU110
 670 0000 08B5     		push	{r3, lr}
 671              		.cfi_def_cfa_offset 8
 672              		.cfi_offset 3, -8
 673              		.cfi_offset 14, -4
 378:Middlewares/ST/STM32_WPAN/ble/core/auto/ble_events.c ****   hci_le_long_term_key_request_event_rp0 *rp0 = (void*)in;
 674              		.loc 1 378 3 is_stmt 1 view .LVU111
 675              	.LVL56:
 379:Middlewares/ST/STM32_WPAN/ble/core/auto/ble_events.c ****   hci_le_long_term_key_request_event( rp0->Connection_Handle,
 676              		.loc 1 379 3 view .LVU112
 677 0002 4289     		ldrh	r2, [r0, #10]	@ unaligned
 678 0004 811C     		adds	r1, r0, #2
 679 0006 0088     		ldrh	r0, [r0]	@ unaligned
 680              	.LVL57:
 681              		.loc 1 379 3 is_stmt 0 view .LVU113
 682 0008 FFF7FEFF 		bl	hci_le_long_term_key_request_event
ARM GAS  C:\Users\Nathan\AppData\Local\Temp\ccoc0wMg.s 			page 19


 683              	.LVL58:
 380:Middlewares/ST/STM32_WPAN/ble/core/auto/ble_events.c ****                                       rp0->Random_Number,
 381:Middlewares/ST/STM32_WPAN/ble/core/auto/ble_events.c ****                                       rp0->Encrypted_Diversifier );
 382:Middlewares/ST/STM32_WPAN/ble/core/auto/ble_events.c **** }
 684              		.loc 1 382 1 view .LVU114
 685 000c 08BD     		pop	{r3, pc}
 686              		.cfi_endproc
 687              	.LFE21:
 689              		.section	.text.hci_le_data_length_change_event,"ax",%progbits
 690              		.align	1
 691              		.weak	hci_le_data_length_change_event
 692              		.syntax unified
 693              		.thumb
 694              		.thumb_func
 696              	hci_le_data_length_change_event:
 697              	.LVL59:
 698              	.LFB22:
 383:Middlewares/ST/STM32_WPAN/ble/core/auto/ble_events.c **** 
 384:Middlewares/ST/STM32_WPAN/ble/core/auto/ble_events.c **** /* HCI_LE_DATA_LENGTH_CHANGE_EVENT callback function */
 385:Middlewares/ST/STM32_WPAN/ble/core/auto/ble_events.c **** __WEAK void hci_le_data_length_change_event( uint16_t Connection_Handle,
 386:Middlewares/ST/STM32_WPAN/ble/core/auto/ble_events.c ****                                              uint16_t MaxTxOctets,
 387:Middlewares/ST/STM32_WPAN/ble/core/auto/ble_events.c ****                                              uint16_t MaxTxTime,
 388:Middlewares/ST/STM32_WPAN/ble/core/auto/ble_events.c ****                                              uint16_t MaxRxOctets,
 389:Middlewares/ST/STM32_WPAN/ble/core/auto/ble_events.c ****                                              uint16_t MaxRxTime )
 390:Middlewares/ST/STM32_WPAN/ble/core/auto/ble_events.c **** {
 699              		.loc 1 390 1 is_stmt 1 view -0
 700              		.cfi_startproc
 701              		@ args = 4, pretend = 0, frame = 0
 702              		@ frame_needed = 0, uses_anonymous_args = 0
 703              		@ link register save eliminated.
 391:Middlewares/ST/STM32_WPAN/ble/core/auto/ble_events.c **** }
 704              		.loc 1 391 1 view .LVU116
 705 0000 7047     		bx	lr
 706              		.cfi_endproc
 707              	.LFE22:
 709              		.section	.text.hci_le_data_length_change_event_process,"ax",%progbits
 710              		.align	1
 711              		.syntax unified
 712              		.thumb
 713              		.thumb_func
 715              	hci_le_data_length_change_event_process:
 716              	.LVL60:
 717              	.LFB23:
 392:Middlewares/ST/STM32_WPAN/ble/core/auto/ble_events.c **** 
 393:Middlewares/ST/STM32_WPAN/ble/core/auto/ble_events.c **** /* HCI_LE_DATA_LENGTH_CHANGE_EVENT process function */
 394:Middlewares/ST/STM32_WPAN/ble/core/auto/ble_events.c **** static void hci_le_data_length_change_event_process( const uint8_t* in )
 395:Middlewares/ST/STM32_WPAN/ble/core/auto/ble_events.c **** {
 718              		.loc 1 395 1 view -0
 719              		.cfi_startproc
 720              		@ args = 0, pretend = 0, frame = 0
 721              		@ frame_needed = 0, uses_anonymous_args = 0
 722              		.loc 1 395 1 is_stmt 0 view .LVU118
 723 0000 00B5     		push	{lr}
 724              		.cfi_def_cfa_offset 4
 725              		.cfi_offset 14, -4
 726 0002 83B0     		sub	sp, sp, #12
 727              		.cfi_def_cfa_offset 16
ARM GAS  C:\Users\Nathan\AppData\Local\Temp\ccoc0wMg.s 			page 20


 396:Middlewares/ST/STM32_WPAN/ble/core/auto/ble_events.c ****   hci_le_data_length_change_event_rp0 *rp0 = (void*)in;
 728              		.loc 1 396 3 is_stmt 1 view .LVU119
 729              	.LVL61:
 397:Middlewares/ST/STM32_WPAN/ble/core/auto/ble_events.c ****   hci_le_data_length_change_event( rp0->Connection_Handle,
 730              		.loc 1 397 3 view .LVU120
 731 0004 0389     		ldrh	r3, [r0, #8]	@ unaligned
 732 0006 0093     		str	r3, [sp]
 733 0008 C388     		ldrh	r3, [r0, #6]	@ unaligned
 734 000a 8288     		ldrh	r2, [r0, #4]	@ unaligned
 735 000c 4188     		ldrh	r1, [r0, #2]	@ unaligned
 736 000e 0088     		ldrh	r0, [r0]	@ unaligned
 737              	.LVL62:
 738              		.loc 1 397 3 is_stmt 0 view .LVU121
 739 0010 FFF7FEFF 		bl	hci_le_data_length_change_event
 740              	.LVL63:
 398:Middlewares/ST/STM32_WPAN/ble/core/auto/ble_events.c ****                                    rp0->MaxTxOctets,
 399:Middlewares/ST/STM32_WPAN/ble/core/auto/ble_events.c ****                                    rp0->MaxTxTime,
 400:Middlewares/ST/STM32_WPAN/ble/core/auto/ble_events.c ****                                    rp0->MaxRxOctets,
 401:Middlewares/ST/STM32_WPAN/ble/core/auto/ble_events.c ****                                    rp0->MaxRxTime );
 402:Middlewares/ST/STM32_WPAN/ble/core/auto/ble_events.c **** }
 741              		.loc 1 402 1 view .LVU122
 742 0014 03B0     		add	sp, sp, #12
 743              		.cfi_def_cfa_offset 4
 744              		@ sp needed
 745 0016 00BD     		pop	{pc}
 746              		.cfi_endproc
 747              	.LFE23:
 749              		.section	.text.hci_le_read_local_p256_public_key_complete_event,"ax",%progbits
 750              		.align	1
 751              		.weak	hci_le_read_local_p256_public_key_complete_event
 752              		.syntax unified
 753              		.thumb
 754              		.thumb_func
 756              	hci_le_read_local_p256_public_key_complete_event:
 757              	.LVL64:
 758              	.LFB24:
 403:Middlewares/ST/STM32_WPAN/ble/core/auto/ble_events.c **** 
 404:Middlewares/ST/STM32_WPAN/ble/core/auto/ble_events.c **** /* HCI_LE_READ_LOCAL_P256_PUBLIC_KEY_COMPLETE_EVENT callback function */
 405:Middlewares/ST/STM32_WPAN/ble/core/auto/ble_events.c **** __WEAK void hci_le_read_local_p256_public_key_complete_event( uint8_t Status,
 406:Middlewares/ST/STM32_WPAN/ble/core/auto/ble_events.c ****                                                               const uint8_t* Local_P256_Public_Key 
 407:Middlewares/ST/STM32_WPAN/ble/core/auto/ble_events.c **** {
 759              		.loc 1 407 1 is_stmt 1 view -0
 760              		.cfi_startproc
 761              		@ args = 0, pretend = 0, frame = 0
 762              		@ frame_needed = 0, uses_anonymous_args = 0
 763              		@ link register save eliminated.
 408:Middlewares/ST/STM32_WPAN/ble/core/auto/ble_events.c **** }
 764              		.loc 1 408 1 view .LVU124
 765 0000 7047     		bx	lr
 766              		.cfi_endproc
 767              	.LFE24:
 769              		.section	.text.hci_le_read_local_p256_public_key_complete_event_process,"ax",%progbits
 770              		.align	1
 771              		.syntax unified
 772              		.thumb
 773              		.thumb_func
 775              	hci_le_read_local_p256_public_key_complete_event_process:
ARM GAS  C:\Users\Nathan\AppData\Local\Temp\ccoc0wMg.s 			page 21


 776              	.LVL65:
 777              	.LFB25:
 409:Middlewares/ST/STM32_WPAN/ble/core/auto/ble_events.c **** 
 410:Middlewares/ST/STM32_WPAN/ble/core/auto/ble_events.c **** /* HCI_LE_READ_LOCAL_P256_PUBLIC_KEY_COMPLETE_EVENT process function */
 411:Middlewares/ST/STM32_WPAN/ble/core/auto/ble_events.c **** static void hci_le_read_local_p256_public_key_complete_event_process( const uint8_t* in )
 412:Middlewares/ST/STM32_WPAN/ble/core/auto/ble_events.c **** {
 778              		.loc 1 412 1 view -0
 779              		.cfi_startproc
 780              		@ args = 0, pretend = 0, frame = 0
 781              		@ frame_needed = 0, uses_anonymous_args = 0
 782              		.loc 1 412 1 is_stmt 0 view .LVU126
 783 0000 08B5     		push	{r3, lr}
 784              		.cfi_def_cfa_offset 8
 785              		.cfi_offset 3, -8
 786              		.cfi_offset 14, -4
 413:Middlewares/ST/STM32_WPAN/ble/core/auto/ble_events.c ****   hci_le_read_local_p256_public_key_complete_event_rp0 *rp0 = (void*)in;
 787              		.loc 1 413 3 is_stmt 1 view .LVU127
 788              	.LVL66:
 414:Middlewares/ST/STM32_WPAN/ble/core/auto/ble_events.c ****   hci_le_read_local_p256_public_key_complete_event( rp0->Status,
 789              		.loc 1 414 3 view .LVU128
 415:Middlewares/ST/STM32_WPAN/ble/core/auto/ble_events.c ****                                                     rp0->Local_P256_Public_Key );
 790              		.loc 1 415 56 is_stmt 0 view .LVU129
 791 0002 0146     		mov	r1, r0
 414:Middlewares/ST/STM32_WPAN/ble/core/auto/ble_events.c ****   hci_le_read_local_p256_public_key_complete_event( rp0->Status,
 792              		.loc 1 414 3 view .LVU130
 793 0004 11F8010B 		ldrb	r0, [r1], #1	@ zero_extendqisi2
 794              	.LVL67:
 414:Middlewares/ST/STM32_WPAN/ble/core/auto/ble_events.c ****   hci_le_read_local_p256_public_key_complete_event( rp0->Status,
 795              		.loc 1 414 3 view .LVU131
 796 0008 FFF7FEFF 		bl	hci_le_read_local_p256_public_key_complete_event
 797              	.LVL68:
 416:Middlewares/ST/STM32_WPAN/ble/core/auto/ble_events.c **** }
 798              		.loc 1 416 1 view .LVU132
 799 000c 08BD     		pop	{r3, pc}
 800              		.cfi_endproc
 801              	.LFE25:
 803              		.section	.text.hci_le_generate_dhkey_complete_event,"ax",%progbits
 804              		.align	1
 805              		.weak	hci_le_generate_dhkey_complete_event
 806              		.syntax unified
 807              		.thumb
 808              		.thumb_func
 810              	hci_le_generate_dhkey_complete_event:
 811              	.LVL69:
 812              	.LFB26:
 417:Middlewares/ST/STM32_WPAN/ble/core/auto/ble_events.c **** 
 418:Middlewares/ST/STM32_WPAN/ble/core/auto/ble_events.c **** /* HCI_LE_GENERATE_DHKEY_COMPLETE_EVENT callback function */
 419:Middlewares/ST/STM32_WPAN/ble/core/auto/ble_events.c **** __WEAK void hci_le_generate_dhkey_complete_event( uint8_t Status,
 420:Middlewares/ST/STM32_WPAN/ble/core/auto/ble_events.c ****                                                   const uint8_t* DHKey )
 421:Middlewares/ST/STM32_WPAN/ble/core/auto/ble_events.c **** {
 813              		.loc 1 421 1 is_stmt 1 view -0
 814              		.cfi_startproc
 815              		@ args = 0, pretend = 0, frame = 0
 816              		@ frame_needed = 0, uses_anonymous_args = 0
 817              		@ link register save eliminated.
 422:Middlewares/ST/STM32_WPAN/ble/core/auto/ble_events.c **** }
 818              		.loc 1 422 1 view .LVU134
ARM GAS  C:\Users\Nathan\AppData\Local\Temp\ccoc0wMg.s 			page 22


 819 0000 7047     		bx	lr
 820              		.cfi_endproc
 821              	.LFE26:
 823              		.section	.text.hci_le_generate_dhkey_complete_event_process,"ax",%progbits
 824              		.align	1
 825              		.syntax unified
 826              		.thumb
 827              		.thumb_func
 829              	hci_le_generate_dhkey_complete_event_process:
 830              	.LVL70:
 831              	.LFB27:
 423:Middlewares/ST/STM32_WPAN/ble/core/auto/ble_events.c **** 
 424:Middlewares/ST/STM32_WPAN/ble/core/auto/ble_events.c **** /* HCI_LE_GENERATE_DHKEY_COMPLETE_EVENT process function */
 425:Middlewares/ST/STM32_WPAN/ble/core/auto/ble_events.c **** static void hci_le_generate_dhkey_complete_event_process( const uint8_t* in )
 426:Middlewares/ST/STM32_WPAN/ble/core/auto/ble_events.c **** {
 832              		.loc 1 426 1 view -0
 833              		.cfi_startproc
 834              		@ args = 0, pretend = 0, frame = 0
 835              		@ frame_needed = 0, uses_anonymous_args = 0
 836              		.loc 1 426 1 is_stmt 0 view .LVU136
 837 0000 08B5     		push	{r3, lr}
 838              		.cfi_def_cfa_offset 8
 839              		.cfi_offset 3, -8
 840              		.cfi_offset 14, -4
 427:Middlewares/ST/STM32_WPAN/ble/core/auto/ble_events.c ****   hci_le_generate_dhkey_complete_event_rp0 *rp0 = (void*)in;
 841              		.loc 1 427 3 is_stmt 1 view .LVU137
 842              	.LVL71:
 428:Middlewares/ST/STM32_WPAN/ble/core/auto/ble_events.c ****   hci_le_generate_dhkey_complete_event( rp0->Status,
 843              		.loc 1 428 3 view .LVU138
 429:Middlewares/ST/STM32_WPAN/ble/core/auto/ble_events.c ****                                         rp0->DHKey );
 844              		.loc 1 429 44 is_stmt 0 view .LVU139
 845 0002 0146     		mov	r1, r0
 428:Middlewares/ST/STM32_WPAN/ble/core/auto/ble_events.c ****   hci_le_generate_dhkey_complete_event( rp0->Status,
 846              		.loc 1 428 3 view .LVU140
 847 0004 11F8010B 		ldrb	r0, [r1], #1	@ zero_extendqisi2
 848              	.LVL72:
 428:Middlewares/ST/STM32_WPAN/ble/core/auto/ble_events.c ****   hci_le_generate_dhkey_complete_event( rp0->Status,
 849              		.loc 1 428 3 view .LVU141
 850 0008 FFF7FEFF 		bl	hci_le_generate_dhkey_complete_event
 851              	.LVL73:
 430:Middlewares/ST/STM32_WPAN/ble/core/auto/ble_events.c **** }
 852              		.loc 1 430 1 view .LVU142
 853 000c 08BD     		pop	{r3, pc}
 854              		.cfi_endproc
 855              	.LFE27:
 857              		.section	.text.hci_le_enhanced_connection_complete_event,"ax",%progbits
 858              		.align	1
 859              		.weak	hci_le_enhanced_connection_complete_event
 860              		.syntax unified
 861              		.thumb
 862              		.thumb_func
 864              	hci_le_enhanced_connection_complete_event:
 865              	.LVL74:
 866              	.LFB28:
 431:Middlewares/ST/STM32_WPAN/ble/core/auto/ble_events.c **** 
 432:Middlewares/ST/STM32_WPAN/ble/core/auto/ble_events.c **** /* HCI_LE_ENHANCED_CONNECTION_COMPLETE_EVENT callback function */
 433:Middlewares/ST/STM32_WPAN/ble/core/auto/ble_events.c **** __WEAK void hci_le_enhanced_connection_complete_event( uint8_t Status,
ARM GAS  C:\Users\Nathan\AppData\Local\Temp\ccoc0wMg.s 			page 23


 434:Middlewares/ST/STM32_WPAN/ble/core/auto/ble_events.c ****                                                        uint16_t Connection_Handle,
 435:Middlewares/ST/STM32_WPAN/ble/core/auto/ble_events.c ****                                                        uint8_t Role,
 436:Middlewares/ST/STM32_WPAN/ble/core/auto/ble_events.c ****                                                        uint8_t Peer_Address_Type,
 437:Middlewares/ST/STM32_WPAN/ble/core/auto/ble_events.c ****                                                        const uint8_t* Peer_Address,
 438:Middlewares/ST/STM32_WPAN/ble/core/auto/ble_events.c ****                                                        const uint8_t* Local_Resolvable_Private_Addr
 439:Middlewares/ST/STM32_WPAN/ble/core/auto/ble_events.c ****                                                        const uint8_t* Peer_Resolvable_Private_Addre
 440:Middlewares/ST/STM32_WPAN/ble/core/auto/ble_events.c ****                                                        uint16_t Conn_Interval,
 441:Middlewares/ST/STM32_WPAN/ble/core/auto/ble_events.c ****                                                        uint16_t Conn_Latency,
 442:Middlewares/ST/STM32_WPAN/ble/core/auto/ble_events.c ****                                                        uint16_t Supervision_Timeout,
 443:Middlewares/ST/STM32_WPAN/ble/core/auto/ble_events.c ****                                                        uint8_t Central_Clock_Accuracy )
 444:Middlewares/ST/STM32_WPAN/ble/core/auto/ble_events.c **** {
 867              		.loc 1 444 1 is_stmt 1 view -0
 868              		.cfi_startproc
 869              		@ args = 28, pretend = 0, frame = 0
 870              		@ frame_needed = 0, uses_anonymous_args = 0
 871              		@ link register save eliminated.
 445:Middlewares/ST/STM32_WPAN/ble/core/auto/ble_events.c **** }
 872              		.loc 1 445 1 view .LVU144
 873 0000 7047     		bx	lr
 874              		.cfi_endproc
 875              	.LFE28:
 877              		.section	.text.hci_le_enhanced_connection_complete_event_process,"ax",%progbits
 878              		.align	1
 879              		.syntax unified
 880              		.thumb
 881              		.thumb_func
 883              	hci_le_enhanced_connection_complete_event_process:
 884              	.LVL75:
 885              	.LFB29:
 446:Middlewares/ST/STM32_WPAN/ble/core/auto/ble_events.c **** 
 447:Middlewares/ST/STM32_WPAN/ble/core/auto/ble_events.c **** /* HCI_LE_ENHANCED_CONNECTION_COMPLETE_EVENT process function */
 448:Middlewares/ST/STM32_WPAN/ble/core/auto/ble_events.c **** static void hci_le_enhanced_connection_complete_event_process( const uint8_t* in )
 449:Middlewares/ST/STM32_WPAN/ble/core/auto/ble_events.c **** {
 886              		.loc 1 449 1 view -0
 887              		.cfi_startproc
 888              		@ args = 0, pretend = 0, frame = 0
 889              		@ frame_needed = 0, uses_anonymous_args = 0
 890              		.loc 1 449 1 is_stmt 0 view .LVU146
 891 0000 00B5     		push	{lr}
 892              		.cfi_def_cfa_offset 4
 893              		.cfi_offset 14, -4
 894 0002 89B0     		sub	sp, sp, #36
 895              		.cfi_def_cfa_offset 40
 450:Middlewares/ST/STM32_WPAN/ble/core/auto/ble_events.c ****   hci_le_enhanced_connection_complete_event_rp0 *rp0 = (void*)in;
 896              		.loc 1 450 3 is_stmt 1 view .LVU147
 897              	.LVL76:
 451:Middlewares/ST/STM32_WPAN/ble/core/auto/ble_events.c ****   hci_le_enhanced_connection_complete_event( rp0->Status,
 898              		.loc 1 451 3 view .LVU148
 452:Middlewares/ST/STM32_WPAN/ble/core/auto/ble_events.c ****                                              rp0->Connection_Handle,
 453:Middlewares/ST/STM32_WPAN/ble/core/auto/ble_events.c ****                                              rp0->Role,
 454:Middlewares/ST/STM32_WPAN/ble/core/auto/ble_events.c ****                                              rp0->Peer_Address_Type,
 455:Middlewares/ST/STM32_WPAN/ble/core/auto/ble_events.c ****                                              rp0->Peer_Address,
 899              		.loc 1 455 49 is_stmt 0 view .LVU149
 900 0004 431D     		adds	r3, r0, #5
 456:Middlewares/ST/STM32_WPAN/ble/core/auto/ble_events.c ****                                              rp0->Local_Resolvable_Private_Address,
 901              		.loc 1 456 49 view .LVU150
 902 0006 00F10B02 		add	r2, r0, #11
ARM GAS  C:\Users\Nathan\AppData\Local\Temp\ccoc0wMg.s 			page 24


 457:Middlewares/ST/STM32_WPAN/ble/core/auto/ble_events.c ****                                              rp0->Peer_Resolvable_Private_Address,
 903              		.loc 1 457 49 view .LVU151
 904 000a 00F11101 		add	r1, r0, #17
 451:Middlewares/ST/STM32_WPAN/ble/core/auto/ble_events.c ****                                              rp0->Connection_Handle,
 905              		.loc 1 451 3 view .LVU152
 906 000e 90F81DC0 		ldrb	ip, [r0, #29]	@ zero_extendqisi2
 907 0012 CDF818C0 		str	ip, [sp, #24]
 908 0016 B0F81BC0 		ldrh	ip, [r0, #27]	@ unaligned
 909 001a CDF814C0 		str	ip, [sp, #20]
 910 001e B0F819C0 		ldrh	ip, [r0, #25]	@ unaligned
 911 0022 CDF810C0 		str	ip, [sp, #16]
 912 0026 B0F817C0 		ldrh	ip, [r0, #23]	@ unaligned
 913 002a CDF80CC0 		str	ip, [sp, #12]
 914 002e 0291     		str	r1, [sp, #8]
 915 0030 0192     		str	r2, [sp, #4]
 916 0032 0093     		str	r3, [sp]
 917 0034 0379     		ldrb	r3, [r0, #4]	@ zero_extendqisi2
 918 0036 C278     		ldrb	r2, [r0, #3]	@ zero_extendqisi2
 919 0038 B0F80110 		ldrh	r1, [r0, #1]	@ unaligned
 920 003c 0078     		ldrb	r0, [r0]	@ zero_extendqisi2
 921              	.LVL77:
 451:Middlewares/ST/STM32_WPAN/ble/core/auto/ble_events.c ****                                              rp0->Connection_Handle,
 922              		.loc 1 451 3 view .LVU153
 923 003e FFF7FEFF 		bl	hci_le_enhanced_connection_complete_event
 924              	.LVL78:
 458:Middlewares/ST/STM32_WPAN/ble/core/auto/ble_events.c ****                                              rp0->Conn_Interval,
 459:Middlewares/ST/STM32_WPAN/ble/core/auto/ble_events.c ****                                              rp0->Conn_Latency,
 460:Middlewares/ST/STM32_WPAN/ble/core/auto/ble_events.c ****                                              rp0->Supervision_Timeout,
 461:Middlewares/ST/STM32_WPAN/ble/core/auto/ble_events.c ****                                              rp0->Central_Clock_Accuracy );
 462:Middlewares/ST/STM32_WPAN/ble/core/auto/ble_events.c **** }
 925              		.loc 1 462 1 view .LVU154
 926 0042 09B0     		add	sp, sp, #36
 927              		.cfi_def_cfa_offset 4
 928              		@ sp needed
 929 0044 00BD     		pop	{pc}
 930              		.cfi_endproc
 931              	.LFE29:
 933              		.section	.text.hci_le_directed_advertising_report_event,"ax",%progbits
 934              		.align	1
 935              		.weak	hci_le_directed_advertising_report_event
 936              		.syntax unified
 937              		.thumb
 938              		.thumb_func
 940              	hci_le_directed_advertising_report_event:
 941              	.LVL79:
 942              	.LFB30:
 463:Middlewares/ST/STM32_WPAN/ble/core/auto/ble_events.c **** 
 464:Middlewares/ST/STM32_WPAN/ble/core/auto/ble_events.c **** /* HCI_LE_DIRECTED_ADVERTISING_REPORT_EVENT callback function */
 465:Middlewares/ST/STM32_WPAN/ble/core/auto/ble_events.c **** __WEAK void hci_le_directed_advertising_report_event( uint8_t Num_Reports,
 466:Middlewares/ST/STM32_WPAN/ble/core/auto/ble_events.c ****                                                       const Direct_Advertising_Report_t* Direct_Adv
 467:Middlewares/ST/STM32_WPAN/ble/core/auto/ble_events.c **** {
 943              		.loc 1 467 1 is_stmt 1 view -0
 944              		.cfi_startproc
 945              		@ args = 0, pretend = 0, frame = 0
 946              		@ frame_needed = 0, uses_anonymous_args = 0
 947              		@ link register save eliminated.
 468:Middlewares/ST/STM32_WPAN/ble/core/auto/ble_events.c **** }
ARM GAS  C:\Users\Nathan\AppData\Local\Temp\ccoc0wMg.s 			page 25


 948              		.loc 1 468 1 view .LVU156
 949 0000 7047     		bx	lr
 950              		.cfi_endproc
 951              	.LFE30:
 953              		.section	.text.hci_le_directed_advertising_report_event_process,"ax",%progbits
 954              		.align	1
 955              		.syntax unified
 956              		.thumb
 957              		.thumb_func
 959              	hci_le_directed_advertising_report_event_process:
 960              	.LVL80:
 961              	.LFB31:
 469:Middlewares/ST/STM32_WPAN/ble/core/auto/ble_events.c **** 
 470:Middlewares/ST/STM32_WPAN/ble/core/auto/ble_events.c **** /* HCI_LE_DIRECTED_ADVERTISING_REPORT_EVENT process function */
 471:Middlewares/ST/STM32_WPAN/ble/core/auto/ble_events.c **** static void hci_le_directed_advertising_report_event_process( const uint8_t* in )
 472:Middlewares/ST/STM32_WPAN/ble/core/auto/ble_events.c **** {
 962              		.loc 1 472 1 view -0
 963              		.cfi_startproc
 964              		@ args = 0, pretend = 0, frame = 0
 965              		@ frame_needed = 0, uses_anonymous_args = 0
 966              		.loc 1 472 1 is_stmt 0 view .LVU158
 967 0000 08B5     		push	{r3, lr}
 968              		.cfi_def_cfa_offset 8
 969              		.cfi_offset 3, -8
 970              		.cfi_offset 14, -4
 473:Middlewares/ST/STM32_WPAN/ble/core/auto/ble_events.c ****   hci_le_directed_advertising_report_event_rp0 *rp0 = (void*)in;
 971              		.loc 1 473 3 is_stmt 1 view .LVU159
 972              	.LVL81:
 474:Middlewares/ST/STM32_WPAN/ble/core/auto/ble_events.c ****   hci_le_directed_advertising_report_event( rp0->Num_Reports,
 973              		.loc 1 474 3 view .LVU160
 475:Middlewares/ST/STM32_WPAN/ble/core/auto/ble_events.c ****                                             rp0->Direct_Advertising_Report );
 974              		.loc 1 475 48 is_stmt 0 view .LVU161
 975 0002 0146     		mov	r1, r0
 474:Middlewares/ST/STM32_WPAN/ble/core/auto/ble_events.c ****   hci_le_directed_advertising_report_event( rp0->Num_Reports,
 976              		.loc 1 474 3 view .LVU162
 977 0004 11F8010B 		ldrb	r0, [r1], #1	@ zero_extendqisi2
 978              	.LVL82:
 474:Middlewares/ST/STM32_WPAN/ble/core/auto/ble_events.c ****   hci_le_directed_advertising_report_event( rp0->Num_Reports,
 979              		.loc 1 474 3 view .LVU163
 980 0008 FFF7FEFF 		bl	hci_le_directed_advertising_report_event
 981              	.LVL83:
 476:Middlewares/ST/STM32_WPAN/ble/core/auto/ble_events.c **** }
 982              		.loc 1 476 1 view .LVU164
 983 000c 08BD     		pop	{r3, pc}
 984              		.cfi_endproc
 985              	.LFE31:
 987              		.section	.text.hci_le_phy_update_complete_event,"ax",%progbits
 988              		.align	1
 989              		.weak	hci_le_phy_update_complete_event
 990              		.syntax unified
 991              		.thumb
 992              		.thumb_func
 994              	hci_le_phy_update_complete_event:
 995              	.LVL84:
 996              	.LFB32:
 477:Middlewares/ST/STM32_WPAN/ble/core/auto/ble_events.c **** 
 478:Middlewares/ST/STM32_WPAN/ble/core/auto/ble_events.c **** /* HCI_LE_PHY_UPDATE_COMPLETE_EVENT callback function */
ARM GAS  C:\Users\Nathan\AppData\Local\Temp\ccoc0wMg.s 			page 26


 479:Middlewares/ST/STM32_WPAN/ble/core/auto/ble_events.c **** __WEAK void hci_le_phy_update_complete_event( uint8_t Status,
 480:Middlewares/ST/STM32_WPAN/ble/core/auto/ble_events.c ****                                               uint16_t Connection_Handle,
 481:Middlewares/ST/STM32_WPAN/ble/core/auto/ble_events.c ****                                               uint8_t TX_PHY,
 482:Middlewares/ST/STM32_WPAN/ble/core/auto/ble_events.c ****                                               uint8_t RX_PHY )
 483:Middlewares/ST/STM32_WPAN/ble/core/auto/ble_events.c **** {
 997              		.loc 1 483 1 is_stmt 1 view -0
 998              		.cfi_startproc
 999              		@ args = 0, pretend = 0, frame = 0
 1000              		@ frame_needed = 0, uses_anonymous_args = 0
 1001              		@ link register save eliminated.
 484:Middlewares/ST/STM32_WPAN/ble/core/auto/ble_events.c **** }
 1002              		.loc 1 484 1 view .LVU166
 1003 0000 7047     		bx	lr
 1004              		.cfi_endproc
 1005              	.LFE32:
 1007              		.section	.text.hci_le_phy_update_complete_event_process,"ax",%progbits
 1008              		.align	1
 1009              		.syntax unified
 1010              		.thumb
 1011              		.thumb_func
 1013              	hci_le_phy_update_complete_event_process:
 1014              	.LVL85:
 1015              	.LFB33:
 485:Middlewares/ST/STM32_WPAN/ble/core/auto/ble_events.c **** 
 486:Middlewares/ST/STM32_WPAN/ble/core/auto/ble_events.c **** /* HCI_LE_PHY_UPDATE_COMPLETE_EVENT process function */
 487:Middlewares/ST/STM32_WPAN/ble/core/auto/ble_events.c **** static void hci_le_phy_update_complete_event_process( const uint8_t* in )
 488:Middlewares/ST/STM32_WPAN/ble/core/auto/ble_events.c **** {
 1016              		.loc 1 488 1 view -0
 1017              		.cfi_startproc
 1018              		@ args = 0, pretend = 0, frame = 0
 1019              		@ frame_needed = 0, uses_anonymous_args = 0
 1020              		.loc 1 488 1 is_stmt 0 view .LVU168
 1021 0000 08B5     		push	{r3, lr}
 1022              		.cfi_def_cfa_offset 8
 1023              		.cfi_offset 3, -8
 1024              		.cfi_offset 14, -4
 489:Middlewares/ST/STM32_WPAN/ble/core/auto/ble_events.c ****   hci_le_phy_update_complete_event_rp0 *rp0 = (void*)in;
 1025              		.loc 1 489 3 is_stmt 1 view .LVU169
 1026              	.LVL86:
 490:Middlewares/ST/STM32_WPAN/ble/core/auto/ble_events.c ****   hci_le_phy_update_complete_event( rp0->Status,
 1027              		.loc 1 490 3 view .LVU170
 1028 0002 0379     		ldrb	r3, [r0, #4]	@ zero_extendqisi2
 1029 0004 C278     		ldrb	r2, [r0, #3]	@ zero_extendqisi2
 1030 0006 B0F80110 		ldrh	r1, [r0, #1]	@ unaligned
 1031 000a 0078     		ldrb	r0, [r0]	@ zero_extendqisi2
 1032              	.LVL87:
 1033              		.loc 1 490 3 is_stmt 0 view .LVU171
 1034 000c FFF7FEFF 		bl	hci_le_phy_update_complete_event
 1035              	.LVL88:
 491:Middlewares/ST/STM32_WPAN/ble/core/auto/ble_events.c ****                                     rp0->Connection_Handle,
 492:Middlewares/ST/STM32_WPAN/ble/core/auto/ble_events.c ****                                     rp0->TX_PHY,
 493:Middlewares/ST/STM32_WPAN/ble/core/auto/ble_events.c ****                                     rp0->RX_PHY );
 494:Middlewares/ST/STM32_WPAN/ble/core/auto/ble_events.c **** }
 1036              		.loc 1 494 1 view .LVU172
 1037 0010 08BD     		pop	{r3, pc}
 1038              		.cfi_endproc
 1039              	.LFE33:
ARM GAS  C:\Users\Nathan\AppData\Local\Temp\ccoc0wMg.s 			page 27


 1041              		.section	.text.hci_le_extended_advertising_report_event,"ax",%progbits
 1042              		.align	1
 1043              		.weak	hci_le_extended_advertising_report_event
 1044              		.syntax unified
 1045              		.thumb
 1046              		.thumb_func
 1048              	hci_le_extended_advertising_report_event:
 1049              	.LVL89:
 1050              	.LFB34:
 495:Middlewares/ST/STM32_WPAN/ble/core/auto/ble_events.c **** 
 496:Middlewares/ST/STM32_WPAN/ble/core/auto/ble_events.c **** /* HCI_LE_EXTENDED_ADVERTISING_REPORT_EVENT callback function */
 497:Middlewares/ST/STM32_WPAN/ble/core/auto/ble_events.c **** __WEAK void hci_le_extended_advertising_report_event( uint8_t Num_Reports,
 498:Middlewares/ST/STM32_WPAN/ble/core/auto/ble_events.c ****                                                       uint16_t Event_Type,
 499:Middlewares/ST/STM32_WPAN/ble/core/auto/ble_events.c ****                                                       uint8_t Address_Type,
 500:Middlewares/ST/STM32_WPAN/ble/core/auto/ble_events.c ****                                                       const uint8_t* Address,
 501:Middlewares/ST/STM32_WPAN/ble/core/auto/ble_events.c ****                                                       uint8_t Primary_PHY,
 502:Middlewares/ST/STM32_WPAN/ble/core/auto/ble_events.c ****                                                       uint8_t Secondary_PHY,
 503:Middlewares/ST/STM32_WPAN/ble/core/auto/ble_events.c ****                                                       uint8_t Advertising_SID,
 504:Middlewares/ST/STM32_WPAN/ble/core/auto/ble_events.c ****                                                       uint8_t TX_Power,
 505:Middlewares/ST/STM32_WPAN/ble/core/auto/ble_events.c ****                                                       uint8_t RSSI,
 506:Middlewares/ST/STM32_WPAN/ble/core/auto/ble_events.c ****                                                       uint16_t Periodic_Adv_Interval,
 507:Middlewares/ST/STM32_WPAN/ble/core/auto/ble_events.c ****                                                       uint8_t Direct_Address_Type,
 508:Middlewares/ST/STM32_WPAN/ble/core/auto/ble_events.c ****                                                       const uint8_t* Direct_Address,
 509:Middlewares/ST/STM32_WPAN/ble/core/auto/ble_events.c ****                                                       uint8_t Data_Length,
 510:Middlewares/ST/STM32_WPAN/ble/core/auto/ble_events.c ****                                                       const uint8_t* Data )
 511:Middlewares/ST/STM32_WPAN/ble/core/auto/ble_events.c **** {
 1051              		.loc 1 511 1 is_stmt 1 view -0
 1052              		.cfi_startproc
 1053              		@ args = 40, pretend = 0, frame = 0
 1054              		@ frame_needed = 0, uses_anonymous_args = 0
 1055              		@ link register save eliminated.
 512:Middlewares/ST/STM32_WPAN/ble/core/auto/ble_events.c **** }
 1056              		.loc 1 512 1 view .LVU174
 1057 0000 7047     		bx	lr
 1058              		.cfi_endproc
 1059              	.LFE34:
 1061              		.section	.text.hci_le_extended_advertising_report_event_process,"ax",%progbits
 1062              		.align	1
 1063              		.syntax unified
 1064              		.thumb
 1065              		.thumb_func
 1067              	hci_le_extended_advertising_report_event_process:
 1068              	.LVL90:
 1069              	.LFB35:
 513:Middlewares/ST/STM32_WPAN/ble/core/auto/ble_events.c **** 
 514:Middlewares/ST/STM32_WPAN/ble/core/auto/ble_events.c **** /* HCI_LE_EXTENDED_ADVERTISING_REPORT_EVENT process function */
 515:Middlewares/ST/STM32_WPAN/ble/core/auto/ble_events.c **** static void hci_le_extended_advertising_report_event_process( const uint8_t* in )
 516:Middlewares/ST/STM32_WPAN/ble/core/auto/ble_events.c **** {
 1070              		.loc 1 516 1 view -0
 1071              		.cfi_startproc
 1072              		@ args = 0, pretend = 0, frame = 0
 1073              		@ frame_needed = 0, uses_anonymous_args = 0
 1074              		.loc 1 516 1 is_stmt 0 view .LVU176
 1075 0000 00B5     		push	{lr}
 1076              		.cfi_def_cfa_offset 4
 1077              		.cfi_offset 14, -4
 1078 0002 8BB0     		sub	sp, sp, #44
ARM GAS  C:\Users\Nathan\AppData\Local\Temp\ccoc0wMg.s 			page 28


 1079              		.cfi_def_cfa_offset 48
 517:Middlewares/ST/STM32_WPAN/ble/core/auto/ble_events.c ****   hci_le_extended_advertising_report_event_rp0 *rp0 = (void*)in;
 1080              		.loc 1 517 3 is_stmt 1 view .LVU177
 1081              	.LVL91:
 518:Middlewares/ST/STM32_WPAN/ble/core/auto/ble_events.c ****   hci_le_extended_advertising_report_event( rp0->Num_Reports,
 1082              		.loc 1 518 3 view .LVU178
 519:Middlewares/ST/STM32_WPAN/ble/core/auto/ble_events.c ****                                             rp0->Event_Type,
 520:Middlewares/ST/STM32_WPAN/ble/core/auto/ble_events.c ****                                             rp0->Address_Type,
 521:Middlewares/ST/STM32_WPAN/ble/core/auto/ble_events.c ****                                             rp0->Address,
 522:Middlewares/ST/STM32_WPAN/ble/core/auto/ble_events.c ****                                             rp0->Primary_PHY,
 523:Middlewares/ST/STM32_WPAN/ble/core/auto/ble_events.c ****                                             rp0->Secondary_PHY,
 524:Middlewares/ST/STM32_WPAN/ble/core/auto/ble_events.c ****                                             rp0->Advertising_SID,
 525:Middlewares/ST/STM32_WPAN/ble/core/auto/ble_events.c ****                                             rp0->TX_Power,
 526:Middlewares/ST/STM32_WPAN/ble/core/auto/ble_events.c ****                                             rp0->RSSI,
 527:Middlewares/ST/STM32_WPAN/ble/core/auto/ble_events.c ****                                             rp0->Periodic_Adv_Interval,
 528:Middlewares/ST/STM32_WPAN/ble/core/auto/ble_events.c ****                                             rp0->Direct_Address_Type,
 529:Middlewares/ST/STM32_WPAN/ble/core/auto/ble_events.c ****                                             rp0->Direct_Address,
 1083              		.loc 1 529 48 is_stmt 0 view .LVU179
 1084 0004 00F11203 		add	r3, r0, #18
 530:Middlewares/ST/STM32_WPAN/ble/core/auto/ble_events.c ****                                             rp0->Data_Length,
 531:Middlewares/ST/STM32_WPAN/ble/core/auto/ble_events.c ****                                             rp0->Data );
 1085              		.loc 1 531 48 view .LVU180
 1086 0008 00F11902 		add	r2, r0, #25
 518:Middlewares/ST/STM32_WPAN/ble/core/auto/ble_events.c ****                                             rp0->Event_Type,
 1087              		.loc 1 518 3 view .LVU181
 1088 000c 0992     		str	r2, [sp, #36]
 1089 000e 027E     		ldrb	r2, [r0, #24]	@ zero_extendqisi2
 1090 0010 0892     		str	r2, [sp, #32]
 1091 0012 0793     		str	r3, [sp, #28]
 1092 0014 437C     		ldrb	r3, [r0, #17]	@ zero_extendqisi2
 1093 0016 0693     		str	r3, [sp, #24]
 1094 0018 B0F80F30 		ldrh	r3, [r0, #15]	@ unaligned
 1095 001c 0593     		str	r3, [sp, #20]
 1096 001e 837B     		ldrb	r3, [r0, #14]	@ zero_extendqisi2
 1097 0020 0493     		str	r3, [sp, #16]
 1098 0022 437B     		ldrb	r3, [r0, #13]	@ zero_extendqisi2
 1099 0024 0393     		str	r3, [sp, #12]
 1100 0026 037B     		ldrb	r3, [r0, #12]	@ zero_extendqisi2
 1101 0028 0293     		str	r3, [sp, #8]
 1102 002a C37A     		ldrb	r3, [r0, #11]	@ zero_extendqisi2
 1103 002c 0193     		str	r3, [sp, #4]
 1104 002e 837A     		ldrb	r3, [r0, #10]	@ zero_extendqisi2
 1105 0030 0093     		str	r3, [sp]
 1106 0032 031D     		adds	r3, r0, #4
 1107 0034 C278     		ldrb	r2, [r0, #3]	@ zero_extendqisi2
 1108 0036 B0F80110 		ldrh	r1, [r0, #1]	@ unaligned
 1109 003a 0078     		ldrb	r0, [r0]	@ zero_extendqisi2
 1110              	.LVL92:
 518:Middlewares/ST/STM32_WPAN/ble/core/auto/ble_events.c ****                                             rp0->Event_Type,
 1111              		.loc 1 518 3 view .LVU182
 1112 003c FFF7FEFF 		bl	hci_le_extended_advertising_report_event
 1113              	.LVL93:
 532:Middlewares/ST/STM32_WPAN/ble/core/auto/ble_events.c **** }
 1114              		.loc 1 532 1 view .LVU183
 1115 0040 0BB0     		add	sp, sp, #44
 1116              		.cfi_def_cfa_offset 4
 1117              		@ sp needed
ARM GAS  C:\Users\Nathan\AppData\Local\Temp\ccoc0wMg.s 			page 29


 1118 0042 00BD     		pop	{pc}
 1119              		.cfi_endproc
 1120              	.LFE35:
 1122              		.section	.text.hci_le_scan_timeout_event,"ax",%progbits
 1123              		.align	1
 1124              		.weak	hci_le_scan_timeout_event
 1125              		.syntax unified
 1126              		.thumb
 1127              		.thumb_func
 1129              	hci_le_scan_timeout_event:
 1130              	.LFB36:
 533:Middlewares/ST/STM32_WPAN/ble/core/auto/ble_events.c **** 
 534:Middlewares/ST/STM32_WPAN/ble/core/auto/ble_events.c **** /* HCI_LE_SCAN_TIMEOUT_EVENT callback function */
 535:Middlewares/ST/STM32_WPAN/ble/core/auto/ble_events.c **** __WEAK void hci_le_scan_timeout_event( void )
 536:Middlewares/ST/STM32_WPAN/ble/core/auto/ble_events.c **** {
 1131              		.loc 1 536 1 is_stmt 1 view -0
 1132              		.cfi_startproc
 1133              		@ args = 0, pretend = 0, frame = 0
 1134              		@ frame_needed = 0, uses_anonymous_args = 0
 1135              		@ link register save eliminated.
 537:Middlewares/ST/STM32_WPAN/ble/core/auto/ble_events.c **** }
 1136              		.loc 1 537 1 view .LVU185
 1137 0000 7047     		bx	lr
 1138              		.cfi_endproc
 1139              	.LFE36:
 1141              		.section	.text.hci_le_scan_timeout_event_process,"ax",%progbits
 1142              		.align	1
 1143              		.syntax unified
 1144              		.thumb
 1145              		.thumb_func
 1147              	hci_le_scan_timeout_event_process:
 1148              	.LVL94:
 1149              	.LFB37:
 538:Middlewares/ST/STM32_WPAN/ble/core/auto/ble_events.c **** 
 539:Middlewares/ST/STM32_WPAN/ble/core/auto/ble_events.c **** /* HCI_LE_SCAN_TIMEOUT_EVENT process function */
 540:Middlewares/ST/STM32_WPAN/ble/core/auto/ble_events.c **** static void hci_le_scan_timeout_event_process( const uint8_t* in )
 541:Middlewares/ST/STM32_WPAN/ble/core/auto/ble_events.c **** {
 1150              		.loc 1 541 1 view -0
 1151              		.cfi_startproc
 1152              		@ args = 0, pretend = 0, frame = 0
 1153              		@ frame_needed = 0, uses_anonymous_args = 0
 1154              		.loc 1 541 1 is_stmt 0 view .LVU187
 1155 0000 08B5     		push	{r3, lr}
 1156              		.cfi_def_cfa_offset 8
 1157              		.cfi_offset 3, -8
 1158              		.cfi_offset 14, -4
 542:Middlewares/ST/STM32_WPAN/ble/core/auto/ble_events.c ****   hci_le_scan_timeout_event( );
 1159              		.loc 1 542 3 is_stmt 1 view .LVU188
 1160 0002 FFF7FEFF 		bl	hci_le_scan_timeout_event
 1161              	.LVL95:
 543:Middlewares/ST/STM32_WPAN/ble/core/auto/ble_events.c **** }
 1162              		.loc 1 543 1 is_stmt 0 view .LVU189
 1163 0006 08BD     		pop	{r3, pc}
 1164              		.cfi_endproc
 1165              	.LFE37:
 1167              		.section	.text.hci_le_advertising_set_terminated_event,"ax",%progbits
 1168              		.align	1
ARM GAS  C:\Users\Nathan\AppData\Local\Temp\ccoc0wMg.s 			page 30


 1169              		.weak	hci_le_advertising_set_terminated_event
 1170              		.syntax unified
 1171              		.thumb
 1172              		.thumb_func
 1174              	hci_le_advertising_set_terminated_event:
 1175              	.LVL96:
 1176              	.LFB38:
 544:Middlewares/ST/STM32_WPAN/ble/core/auto/ble_events.c **** 
 545:Middlewares/ST/STM32_WPAN/ble/core/auto/ble_events.c **** /* HCI_LE_ADVERTISING_SET_TERMINATED_EVENT callback function */
 546:Middlewares/ST/STM32_WPAN/ble/core/auto/ble_events.c **** __WEAK void hci_le_advertising_set_terminated_event( uint8_t Status,
 547:Middlewares/ST/STM32_WPAN/ble/core/auto/ble_events.c ****                                                      uint8_t Advertising_Handle,
 548:Middlewares/ST/STM32_WPAN/ble/core/auto/ble_events.c ****                                                      uint16_t Connection_Handle,
 549:Middlewares/ST/STM32_WPAN/ble/core/auto/ble_events.c ****                                                      uint8_t Num_Completed_Ext_Adv_Events )
 550:Middlewares/ST/STM32_WPAN/ble/core/auto/ble_events.c **** {
 1177              		.loc 1 550 1 is_stmt 1 view -0
 1178              		.cfi_startproc
 1179              		@ args = 0, pretend = 0, frame = 0
 1180              		@ frame_needed = 0, uses_anonymous_args = 0
 1181              		@ link register save eliminated.
 551:Middlewares/ST/STM32_WPAN/ble/core/auto/ble_events.c **** }
 1182              		.loc 1 551 1 view .LVU191
 1183 0000 7047     		bx	lr
 1184              		.cfi_endproc
 1185              	.LFE38:
 1187              		.section	.text.hci_le_advertising_set_terminated_event_process,"ax",%progbits
 1188              		.align	1
 1189              		.syntax unified
 1190              		.thumb
 1191              		.thumb_func
 1193              	hci_le_advertising_set_terminated_event_process:
 1194              	.LVL97:
 1195              	.LFB39:
 552:Middlewares/ST/STM32_WPAN/ble/core/auto/ble_events.c **** 
 553:Middlewares/ST/STM32_WPAN/ble/core/auto/ble_events.c **** /* HCI_LE_ADVERTISING_SET_TERMINATED_EVENT process function */
 554:Middlewares/ST/STM32_WPAN/ble/core/auto/ble_events.c **** static void hci_le_advertising_set_terminated_event_process( const uint8_t* in )
 555:Middlewares/ST/STM32_WPAN/ble/core/auto/ble_events.c **** {
 1196              		.loc 1 555 1 view -0
 1197              		.cfi_startproc
 1198              		@ args = 0, pretend = 0, frame = 0
 1199              		@ frame_needed = 0, uses_anonymous_args = 0
 1200              		.loc 1 555 1 is_stmt 0 view .LVU193
 1201 0000 08B5     		push	{r3, lr}
 1202              		.cfi_def_cfa_offset 8
 1203              		.cfi_offset 3, -8
 1204              		.cfi_offset 14, -4
 556:Middlewares/ST/STM32_WPAN/ble/core/auto/ble_events.c ****   hci_le_advertising_set_terminated_event_rp0 *rp0 = (void*)in;
 1205              		.loc 1 556 3 is_stmt 1 view .LVU194
 1206              	.LVL98:
 557:Middlewares/ST/STM32_WPAN/ble/core/auto/ble_events.c ****   hci_le_advertising_set_terminated_event( rp0->Status,
 1207              		.loc 1 557 3 view .LVU195
 1208 0002 0379     		ldrb	r3, [r0, #4]	@ zero_extendqisi2
 1209 0004 4288     		ldrh	r2, [r0, #2]	@ unaligned
 1210 0006 4178     		ldrb	r1, [r0, #1]	@ zero_extendqisi2
 1211 0008 0078     		ldrb	r0, [r0]	@ zero_extendqisi2
 1212              	.LVL99:
 1213              		.loc 1 557 3 is_stmt 0 view .LVU196
 1214 000a FFF7FEFF 		bl	hci_le_advertising_set_terminated_event
ARM GAS  C:\Users\Nathan\AppData\Local\Temp\ccoc0wMg.s 			page 31


 1215              	.LVL100:
 558:Middlewares/ST/STM32_WPAN/ble/core/auto/ble_events.c ****                                            rp0->Advertising_Handle,
 559:Middlewares/ST/STM32_WPAN/ble/core/auto/ble_events.c ****                                            rp0->Connection_Handle,
 560:Middlewares/ST/STM32_WPAN/ble/core/auto/ble_events.c ****                                            rp0->Num_Completed_Ext_Adv_Events );
 561:Middlewares/ST/STM32_WPAN/ble/core/auto/ble_events.c **** }
 1216              		.loc 1 561 1 view .LVU197
 1217 000e 08BD     		pop	{r3, pc}
 1218              		.cfi_endproc
 1219              	.LFE39:
 1221              		.section	.text.hci_le_scan_request_received_event,"ax",%progbits
 1222              		.align	1
 1223              		.weak	hci_le_scan_request_received_event
 1224              		.syntax unified
 1225              		.thumb
 1226              		.thumb_func
 1228              	hci_le_scan_request_received_event:
 1229              	.LVL101:
 1230              	.LFB40:
 562:Middlewares/ST/STM32_WPAN/ble/core/auto/ble_events.c **** 
 563:Middlewares/ST/STM32_WPAN/ble/core/auto/ble_events.c **** /* HCI_LE_SCAN_REQUEST_RECEIVED_EVENT callback function */
 564:Middlewares/ST/STM32_WPAN/ble/core/auto/ble_events.c **** __WEAK void hci_le_scan_request_received_event( uint8_t Advertising_Handle,
 565:Middlewares/ST/STM32_WPAN/ble/core/auto/ble_events.c ****                                                 uint8_t Scanner_Address_Type,
 566:Middlewares/ST/STM32_WPAN/ble/core/auto/ble_events.c ****                                                 const uint8_t* Scanner_Address )
 567:Middlewares/ST/STM32_WPAN/ble/core/auto/ble_events.c **** {
 1231              		.loc 1 567 1 is_stmt 1 view -0
 1232              		.cfi_startproc
 1233              		@ args = 0, pretend = 0, frame = 0
 1234              		@ frame_needed = 0, uses_anonymous_args = 0
 1235              		@ link register save eliminated.
 568:Middlewares/ST/STM32_WPAN/ble/core/auto/ble_events.c **** }
 1236              		.loc 1 568 1 view .LVU199
 1237 0000 7047     		bx	lr
 1238              		.cfi_endproc
 1239              	.LFE40:
 1241              		.section	.text.hci_le_scan_request_received_event_process,"ax",%progbits
 1242              		.align	1
 1243              		.syntax unified
 1244              		.thumb
 1245              		.thumb_func
 1247              	hci_le_scan_request_received_event_process:
 1248              	.LVL102:
 1249              	.LFB41:
 569:Middlewares/ST/STM32_WPAN/ble/core/auto/ble_events.c **** 
 570:Middlewares/ST/STM32_WPAN/ble/core/auto/ble_events.c **** /* HCI_LE_SCAN_REQUEST_RECEIVED_EVENT process function */
 571:Middlewares/ST/STM32_WPAN/ble/core/auto/ble_events.c **** static void hci_le_scan_request_received_event_process( const uint8_t* in )
 572:Middlewares/ST/STM32_WPAN/ble/core/auto/ble_events.c **** {
 1250              		.loc 1 572 1 view -0
 1251              		.cfi_startproc
 1252              		@ args = 0, pretend = 0, frame = 0
 1253              		@ frame_needed = 0, uses_anonymous_args = 0
 1254              		.loc 1 572 1 is_stmt 0 view .LVU201
 1255 0000 08B5     		push	{r3, lr}
 1256              		.cfi_def_cfa_offset 8
 1257              		.cfi_offset 3, -8
 1258              		.cfi_offset 14, -4
 573:Middlewares/ST/STM32_WPAN/ble/core/auto/ble_events.c ****   hci_le_scan_request_received_event_rp0 *rp0 = (void*)in;
 1259              		.loc 1 573 3 is_stmt 1 view .LVU202
ARM GAS  C:\Users\Nathan\AppData\Local\Temp\ccoc0wMg.s 			page 32


 1260              	.LVL103:
 574:Middlewares/ST/STM32_WPAN/ble/core/auto/ble_events.c ****   hci_le_scan_request_received_event( rp0->Advertising_Handle,
 1261              		.loc 1 574 3 view .LVU203
 1262 0002 821C     		adds	r2, r0, #2
 1263 0004 4178     		ldrb	r1, [r0, #1]	@ zero_extendqisi2
 1264 0006 0078     		ldrb	r0, [r0]	@ zero_extendqisi2
 1265              	.LVL104:
 1266              		.loc 1 574 3 is_stmt 0 view .LVU204
 1267 0008 FFF7FEFF 		bl	hci_le_scan_request_received_event
 1268              	.LVL105:
 575:Middlewares/ST/STM32_WPAN/ble/core/auto/ble_events.c ****                                       rp0->Scanner_Address_Type,
 576:Middlewares/ST/STM32_WPAN/ble/core/auto/ble_events.c ****                                       rp0->Scanner_Address );
 577:Middlewares/ST/STM32_WPAN/ble/core/auto/ble_events.c **** }
 1269              		.loc 1 577 1 view .LVU205
 1270 000c 08BD     		pop	{r3, pc}
 1271              		.cfi_endproc
 1272              	.LFE41:
 1274              		.section	.text.hci_le_channel_selection_algorithm_event,"ax",%progbits
 1275              		.align	1
 1276              		.weak	hci_le_channel_selection_algorithm_event
 1277              		.syntax unified
 1278              		.thumb
 1279              		.thumb_func
 1281              	hci_le_channel_selection_algorithm_event:
 1282              	.LVL106:
 1283              	.LFB42:
 578:Middlewares/ST/STM32_WPAN/ble/core/auto/ble_events.c **** 
 579:Middlewares/ST/STM32_WPAN/ble/core/auto/ble_events.c **** /* HCI_LE_CHANNEL_SELECTION_ALGORITHM_EVENT callback function */
 580:Middlewares/ST/STM32_WPAN/ble/core/auto/ble_events.c **** __WEAK void hci_le_channel_selection_algorithm_event( uint16_t Connection_Handle,
 581:Middlewares/ST/STM32_WPAN/ble/core/auto/ble_events.c ****                                                       uint8_t Channel_Selection_Algorithm )
 582:Middlewares/ST/STM32_WPAN/ble/core/auto/ble_events.c **** {
 1284              		.loc 1 582 1 is_stmt 1 view -0
 1285              		.cfi_startproc
 1286              		@ args = 0, pretend = 0, frame = 0
 1287              		@ frame_needed = 0, uses_anonymous_args = 0
 1288              		@ link register save eliminated.
 583:Middlewares/ST/STM32_WPAN/ble/core/auto/ble_events.c **** }
 1289              		.loc 1 583 1 view .LVU207
 1290 0000 7047     		bx	lr
 1291              		.cfi_endproc
 1292              	.LFE42:
 1294              		.section	.text.hci_le_channel_selection_algorithm_event_process,"ax",%progbits
 1295              		.align	1
 1296              		.syntax unified
 1297              		.thumb
 1298              		.thumb_func
 1300              	hci_le_channel_selection_algorithm_event_process:
 1301              	.LVL107:
 1302              	.LFB43:
 584:Middlewares/ST/STM32_WPAN/ble/core/auto/ble_events.c **** 
 585:Middlewares/ST/STM32_WPAN/ble/core/auto/ble_events.c **** /* HCI_LE_CHANNEL_SELECTION_ALGORITHM_EVENT process function */
 586:Middlewares/ST/STM32_WPAN/ble/core/auto/ble_events.c **** static void hci_le_channel_selection_algorithm_event_process( const uint8_t* in )
 587:Middlewares/ST/STM32_WPAN/ble/core/auto/ble_events.c **** {
 1303              		.loc 1 587 1 view -0
 1304              		.cfi_startproc
 1305              		@ args = 0, pretend = 0, frame = 0
 1306              		@ frame_needed = 0, uses_anonymous_args = 0
ARM GAS  C:\Users\Nathan\AppData\Local\Temp\ccoc0wMg.s 			page 33


 1307              		.loc 1 587 1 is_stmt 0 view .LVU209
 1308 0000 08B5     		push	{r3, lr}
 1309              		.cfi_def_cfa_offset 8
 1310              		.cfi_offset 3, -8
 1311              		.cfi_offset 14, -4
 588:Middlewares/ST/STM32_WPAN/ble/core/auto/ble_events.c ****   hci_le_channel_selection_algorithm_event_rp0 *rp0 = (void*)in;
 1312              		.loc 1 588 3 is_stmt 1 view .LVU210
 1313              	.LVL108:
 589:Middlewares/ST/STM32_WPAN/ble/core/auto/ble_events.c ****   hci_le_channel_selection_algorithm_event( rp0->Connection_Handle,
 1314              		.loc 1 589 3 view .LVU211
 1315 0002 8178     		ldrb	r1, [r0, #2]	@ zero_extendqisi2
 1316 0004 0088     		ldrh	r0, [r0]	@ unaligned
 1317              	.LVL109:
 1318              		.loc 1 589 3 is_stmt 0 view .LVU212
 1319 0006 FFF7FEFF 		bl	hci_le_channel_selection_algorithm_event
 1320              	.LVL110:
 590:Middlewares/ST/STM32_WPAN/ble/core/auto/ble_events.c ****                                             rp0->Channel_Selection_Algorithm );
 591:Middlewares/ST/STM32_WPAN/ble/core/auto/ble_events.c **** }
 1321              		.loc 1 591 1 view .LVU213
 1322 000a 08BD     		pop	{r3, pc}
 1323              		.cfi_endproc
 1324              	.LFE43:
 1326              		.section	.text.aci_warning_event,"ax",%progbits
 1327              		.align	1
 1328              		.weak	aci_warning_event
 1329              		.syntax unified
 1330              		.thumb
 1331              		.thumb_func
 1333              	aci_warning_event:
 1334              	.LVL111:
 1335              	.LFB44:
 592:Middlewares/ST/STM32_WPAN/ble/core/auto/ble_events.c **** 
 593:Middlewares/ST/STM32_WPAN/ble/core/auto/ble_events.c **** /* ACI_WARNING_EVENT callback function */
 594:Middlewares/ST/STM32_WPAN/ble/core/auto/ble_events.c **** __WEAK void aci_warning_event( uint8_t Warning_Type,
 595:Middlewares/ST/STM32_WPAN/ble/core/auto/ble_events.c ****                                uint8_t Data_Length,
 596:Middlewares/ST/STM32_WPAN/ble/core/auto/ble_events.c ****                                const uint8_t* Data )
 597:Middlewares/ST/STM32_WPAN/ble/core/auto/ble_events.c **** {
 1336              		.loc 1 597 1 is_stmt 1 view -0
 1337              		.cfi_startproc
 1338              		@ args = 0, pretend = 0, frame = 0
 1339              		@ frame_needed = 0, uses_anonymous_args = 0
 1340              		@ link register save eliminated.
 598:Middlewares/ST/STM32_WPAN/ble/core/auto/ble_events.c **** }
 1341              		.loc 1 598 1 view .LVU215
 1342 0000 7047     		bx	lr
 1343              		.cfi_endproc
 1344              	.LFE44:
 1346              		.section	.text.aci_warning_event_process,"ax",%progbits
 1347              		.align	1
 1348              		.syntax unified
 1349              		.thumb
 1350              		.thumb_func
 1352              	aci_warning_event_process:
 1353              	.LVL112:
 1354              	.LFB45:
 599:Middlewares/ST/STM32_WPAN/ble/core/auto/ble_events.c **** 
 600:Middlewares/ST/STM32_WPAN/ble/core/auto/ble_events.c **** /* ACI_WARNING_EVENT process function */
ARM GAS  C:\Users\Nathan\AppData\Local\Temp\ccoc0wMg.s 			page 34


 601:Middlewares/ST/STM32_WPAN/ble/core/auto/ble_events.c **** static void aci_warning_event_process( const uint8_t* in )
 602:Middlewares/ST/STM32_WPAN/ble/core/auto/ble_events.c **** {
 1355              		.loc 1 602 1 view -0
 1356              		.cfi_startproc
 1357              		@ args = 0, pretend = 0, frame = 0
 1358              		@ frame_needed = 0, uses_anonymous_args = 0
 1359              		.loc 1 602 1 is_stmt 0 view .LVU217
 1360 0000 08B5     		push	{r3, lr}
 1361              		.cfi_def_cfa_offset 8
 1362              		.cfi_offset 3, -8
 1363              		.cfi_offset 14, -4
 603:Middlewares/ST/STM32_WPAN/ble/core/auto/ble_events.c ****   aci_warning_event_rp0 *rp0 = (void*)in;
 1364              		.loc 1 603 3 is_stmt 1 view .LVU218
 1365              	.LVL113:
 604:Middlewares/ST/STM32_WPAN/ble/core/auto/ble_events.c ****   aci_warning_event( rp0->Warning_Type,
 1366              		.loc 1 604 3 view .LVU219
 1367 0002 821C     		adds	r2, r0, #2
 1368 0004 4178     		ldrb	r1, [r0, #1]	@ zero_extendqisi2
 1369 0006 0078     		ldrb	r0, [r0]	@ zero_extendqisi2
 1370              	.LVL114:
 1371              		.loc 1 604 3 is_stmt 0 view .LVU220
 1372 0008 FFF7FEFF 		bl	aci_warning_event
 1373              	.LVL115:
 605:Middlewares/ST/STM32_WPAN/ble/core/auto/ble_events.c ****                      rp0->Data_Length,
 606:Middlewares/ST/STM32_WPAN/ble/core/auto/ble_events.c ****                      rp0->Data );
 607:Middlewares/ST/STM32_WPAN/ble/core/auto/ble_events.c **** }
 1374              		.loc 1 607 1 view .LVU221
 1375 000c 08BD     		pop	{r3, pc}
 1376              		.cfi_endproc
 1377              	.LFE45:
 1379              		.section	.text.aci_gap_limited_discoverable_event,"ax",%progbits
 1380              		.align	1
 1381              		.weak	aci_gap_limited_discoverable_event
 1382              		.syntax unified
 1383              		.thumb
 1384              		.thumb_func
 1386              	aci_gap_limited_discoverable_event:
 1387              	.LFB46:
 608:Middlewares/ST/STM32_WPAN/ble/core/auto/ble_events.c **** 
 609:Middlewares/ST/STM32_WPAN/ble/core/auto/ble_events.c **** /* ACI_GAP_LIMITED_DISCOVERABLE_EVENT callback function */
 610:Middlewares/ST/STM32_WPAN/ble/core/auto/ble_events.c **** __WEAK void aci_gap_limited_discoverable_event( void )
 611:Middlewares/ST/STM32_WPAN/ble/core/auto/ble_events.c **** {
 1388              		.loc 1 611 1 is_stmt 1 view -0
 1389              		.cfi_startproc
 1390              		@ args = 0, pretend = 0, frame = 0
 1391              		@ frame_needed = 0, uses_anonymous_args = 0
 1392              		@ link register save eliminated.
 612:Middlewares/ST/STM32_WPAN/ble/core/auto/ble_events.c **** }
 1393              		.loc 1 612 1 view .LVU223
 1394 0000 7047     		bx	lr
 1395              		.cfi_endproc
 1396              	.LFE46:
 1398              		.section	.text.aci_gap_limited_discoverable_event_process,"ax",%progbits
 1399              		.align	1
 1400              		.syntax unified
 1401              		.thumb
 1402              		.thumb_func
ARM GAS  C:\Users\Nathan\AppData\Local\Temp\ccoc0wMg.s 			page 35


 1404              	aci_gap_limited_discoverable_event_process:
 1405              	.LVL116:
 1406              	.LFB47:
 613:Middlewares/ST/STM32_WPAN/ble/core/auto/ble_events.c **** 
 614:Middlewares/ST/STM32_WPAN/ble/core/auto/ble_events.c **** /* ACI_GAP_LIMITED_DISCOVERABLE_EVENT process function */
 615:Middlewares/ST/STM32_WPAN/ble/core/auto/ble_events.c **** static void aci_gap_limited_discoverable_event_process( const uint8_t* in )
 616:Middlewares/ST/STM32_WPAN/ble/core/auto/ble_events.c **** {
 1407              		.loc 1 616 1 view -0
 1408              		.cfi_startproc
 1409              		@ args = 0, pretend = 0, frame = 0
 1410              		@ frame_needed = 0, uses_anonymous_args = 0
 1411              		.loc 1 616 1 is_stmt 0 view .LVU225
 1412 0000 08B5     		push	{r3, lr}
 1413              		.cfi_def_cfa_offset 8
 1414              		.cfi_offset 3, -8
 1415              		.cfi_offset 14, -4
 617:Middlewares/ST/STM32_WPAN/ble/core/auto/ble_events.c ****   aci_gap_limited_discoverable_event( );
 1416              		.loc 1 617 3 is_stmt 1 view .LVU226
 1417 0002 FFF7FEFF 		bl	aci_gap_limited_discoverable_event
 1418              	.LVL117:
 618:Middlewares/ST/STM32_WPAN/ble/core/auto/ble_events.c **** }
 1419              		.loc 1 618 1 is_stmt 0 view .LVU227
 1420 0006 08BD     		pop	{r3, pc}
 1421              		.cfi_endproc
 1422              	.LFE47:
 1424              		.section	.text.aci_gap_pairing_complete_event,"ax",%progbits
 1425              		.align	1
 1426              		.weak	aci_gap_pairing_complete_event
 1427              		.syntax unified
 1428              		.thumb
 1429              		.thumb_func
 1431              	aci_gap_pairing_complete_event:
 1432              	.LVL118:
 1433              	.LFB48:
 619:Middlewares/ST/STM32_WPAN/ble/core/auto/ble_events.c **** 
 620:Middlewares/ST/STM32_WPAN/ble/core/auto/ble_events.c **** /* ACI_GAP_PAIRING_COMPLETE_EVENT callback function */
 621:Middlewares/ST/STM32_WPAN/ble/core/auto/ble_events.c **** __WEAK void aci_gap_pairing_complete_event( uint16_t Connection_Handle,
 622:Middlewares/ST/STM32_WPAN/ble/core/auto/ble_events.c ****                                             uint8_t Status,
 623:Middlewares/ST/STM32_WPAN/ble/core/auto/ble_events.c ****                                             uint8_t Reason )
 624:Middlewares/ST/STM32_WPAN/ble/core/auto/ble_events.c **** {
 1434              		.loc 1 624 1 is_stmt 1 view -0
 1435              		.cfi_startproc
 1436              		@ args = 0, pretend = 0, frame = 0
 1437              		@ frame_needed = 0, uses_anonymous_args = 0
 1438              		@ link register save eliminated.
 625:Middlewares/ST/STM32_WPAN/ble/core/auto/ble_events.c **** }
 1439              		.loc 1 625 1 view .LVU229
 1440 0000 7047     		bx	lr
 1441              		.cfi_endproc
 1442              	.LFE48:
 1444              		.section	.text.aci_gap_pairing_complete_event_process,"ax",%progbits
 1445              		.align	1
 1446              		.syntax unified
 1447              		.thumb
 1448              		.thumb_func
 1450              	aci_gap_pairing_complete_event_process:
 1451              	.LVL119:
ARM GAS  C:\Users\Nathan\AppData\Local\Temp\ccoc0wMg.s 			page 36


 1452              	.LFB49:
 626:Middlewares/ST/STM32_WPAN/ble/core/auto/ble_events.c **** 
 627:Middlewares/ST/STM32_WPAN/ble/core/auto/ble_events.c **** /* ACI_GAP_PAIRING_COMPLETE_EVENT process function */
 628:Middlewares/ST/STM32_WPAN/ble/core/auto/ble_events.c **** static void aci_gap_pairing_complete_event_process( const uint8_t* in )
 629:Middlewares/ST/STM32_WPAN/ble/core/auto/ble_events.c **** {
 1453              		.loc 1 629 1 view -0
 1454              		.cfi_startproc
 1455              		@ args = 0, pretend = 0, frame = 0
 1456              		@ frame_needed = 0, uses_anonymous_args = 0
 1457              		.loc 1 629 1 is_stmt 0 view .LVU231
 1458 0000 08B5     		push	{r3, lr}
 1459              		.cfi_def_cfa_offset 8
 1460              		.cfi_offset 3, -8
 1461              		.cfi_offset 14, -4
 630:Middlewares/ST/STM32_WPAN/ble/core/auto/ble_events.c ****   aci_gap_pairing_complete_event_rp0 *rp0 = (void*)in;
 1462              		.loc 1 630 3 is_stmt 1 view .LVU232
 1463              	.LVL120:
 631:Middlewares/ST/STM32_WPAN/ble/core/auto/ble_events.c ****   aci_gap_pairing_complete_event( rp0->Connection_Handle,
 1464              		.loc 1 631 3 view .LVU233
 1465 0002 C278     		ldrb	r2, [r0, #3]	@ zero_extendqisi2
 1466 0004 8178     		ldrb	r1, [r0, #2]	@ zero_extendqisi2
 1467 0006 0088     		ldrh	r0, [r0]	@ unaligned
 1468              	.LVL121:
 1469              		.loc 1 631 3 is_stmt 0 view .LVU234
 1470 0008 FFF7FEFF 		bl	aci_gap_pairing_complete_event
 1471              	.LVL122:
 632:Middlewares/ST/STM32_WPAN/ble/core/auto/ble_events.c ****                                   rp0->Status,
 633:Middlewares/ST/STM32_WPAN/ble/core/auto/ble_events.c ****                                   rp0->Reason );
 634:Middlewares/ST/STM32_WPAN/ble/core/auto/ble_events.c **** }
 1472              		.loc 1 634 1 view .LVU235
 1473 000c 08BD     		pop	{r3, pc}
 1474              		.cfi_endproc
 1475              	.LFE49:
 1477              		.section	.text.aci_gap_pass_key_req_event,"ax",%progbits
 1478              		.align	1
 1479              		.weak	aci_gap_pass_key_req_event
 1480              		.syntax unified
 1481              		.thumb
 1482              		.thumb_func
 1484              	aci_gap_pass_key_req_event:
 1485              	.LVL123:
 1486              	.LFB50:
 635:Middlewares/ST/STM32_WPAN/ble/core/auto/ble_events.c **** 
 636:Middlewares/ST/STM32_WPAN/ble/core/auto/ble_events.c **** /* ACI_GAP_PASS_KEY_REQ_EVENT callback function */
 637:Middlewares/ST/STM32_WPAN/ble/core/auto/ble_events.c **** __WEAK void aci_gap_pass_key_req_event( uint16_t Connection_Handle )
 638:Middlewares/ST/STM32_WPAN/ble/core/auto/ble_events.c **** {
 1487              		.loc 1 638 1 is_stmt 1 view -0
 1488              		.cfi_startproc
 1489              		@ args = 0, pretend = 0, frame = 0
 1490              		@ frame_needed = 0, uses_anonymous_args = 0
 1491              		@ link register save eliminated.
 639:Middlewares/ST/STM32_WPAN/ble/core/auto/ble_events.c **** }
 1492              		.loc 1 639 1 view .LVU237
 1493 0000 7047     		bx	lr
 1494              		.cfi_endproc
 1495              	.LFE50:
 1497              		.section	.text.aci_gap_pass_key_req_event_process,"ax",%progbits
ARM GAS  C:\Users\Nathan\AppData\Local\Temp\ccoc0wMg.s 			page 37


 1498              		.align	1
 1499              		.syntax unified
 1500              		.thumb
 1501              		.thumb_func
 1503              	aci_gap_pass_key_req_event_process:
 1504              	.LVL124:
 1505              	.LFB51:
 640:Middlewares/ST/STM32_WPAN/ble/core/auto/ble_events.c **** 
 641:Middlewares/ST/STM32_WPAN/ble/core/auto/ble_events.c **** /* ACI_GAP_PASS_KEY_REQ_EVENT process function */
 642:Middlewares/ST/STM32_WPAN/ble/core/auto/ble_events.c **** static void aci_gap_pass_key_req_event_process( const uint8_t* in )
 643:Middlewares/ST/STM32_WPAN/ble/core/auto/ble_events.c **** {
 1506              		.loc 1 643 1 view -0
 1507              		.cfi_startproc
 1508              		@ args = 0, pretend = 0, frame = 0
 1509              		@ frame_needed = 0, uses_anonymous_args = 0
 1510              		.loc 1 643 1 is_stmt 0 view .LVU239
 1511 0000 08B5     		push	{r3, lr}
 1512              		.cfi_def_cfa_offset 8
 1513              		.cfi_offset 3, -8
 1514              		.cfi_offset 14, -4
 644:Middlewares/ST/STM32_WPAN/ble/core/auto/ble_events.c ****   aci_gap_pass_key_req_event_rp0 *rp0 = (void*)in;
 1515              		.loc 1 644 3 is_stmt 1 view .LVU240
 1516              	.LVL125:
 645:Middlewares/ST/STM32_WPAN/ble/core/auto/ble_events.c ****   aci_gap_pass_key_req_event( rp0->Connection_Handle );
 1517              		.loc 1 645 3 view .LVU241
 1518 0002 0088     		ldrh	r0, [r0]	@ unaligned
 1519              	.LVL126:
 1520              		.loc 1 645 3 is_stmt 0 view .LVU242
 1521 0004 FFF7FEFF 		bl	aci_gap_pass_key_req_event
 1522              	.LVL127:
 646:Middlewares/ST/STM32_WPAN/ble/core/auto/ble_events.c **** }
 1523              		.loc 1 646 1 view .LVU243
 1524 0008 08BD     		pop	{r3, pc}
 1525              		.cfi_endproc
 1526              	.LFE51:
 1528              		.section	.text.aci_gap_authorization_req_event,"ax",%progbits
 1529              		.align	1
 1530              		.weak	aci_gap_authorization_req_event
 1531              		.syntax unified
 1532              		.thumb
 1533              		.thumb_func
 1535              	aci_gap_authorization_req_event:
 1536              	.LVL128:
 1537              	.LFB52:
 647:Middlewares/ST/STM32_WPAN/ble/core/auto/ble_events.c **** 
 648:Middlewares/ST/STM32_WPAN/ble/core/auto/ble_events.c **** /* ACI_GAP_AUTHORIZATION_REQ_EVENT callback function */
 649:Middlewares/ST/STM32_WPAN/ble/core/auto/ble_events.c **** __WEAK void aci_gap_authorization_req_event( uint16_t Connection_Handle )
 650:Middlewares/ST/STM32_WPAN/ble/core/auto/ble_events.c **** {
 1538              		.loc 1 650 1 is_stmt 1 view -0
 1539              		.cfi_startproc
 1540              		@ args = 0, pretend = 0, frame = 0
 1541              		@ frame_needed = 0, uses_anonymous_args = 0
 1542              		@ link register save eliminated.
 651:Middlewares/ST/STM32_WPAN/ble/core/auto/ble_events.c **** }
 1543              		.loc 1 651 1 view .LVU245
 1544 0000 7047     		bx	lr
 1545              		.cfi_endproc
ARM GAS  C:\Users\Nathan\AppData\Local\Temp\ccoc0wMg.s 			page 38


 1546              	.LFE52:
 1548              		.section	.text.aci_gap_authorization_req_event_process,"ax",%progbits
 1549              		.align	1
 1550              		.syntax unified
 1551              		.thumb
 1552              		.thumb_func
 1554              	aci_gap_authorization_req_event_process:
 1555              	.LVL129:
 1556              	.LFB53:
 652:Middlewares/ST/STM32_WPAN/ble/core/auto/ble_events.c **** 
 653:Middlewares/ST/STM32_WPAN/ble/core/auto/ble_events.c **** /* ACI_GAP_AUTHORIZATION_REQ_EVENT process function */
 654:Middlewares/ST/STM32_WPAN/ble/core/auto/ble_events.c **** static void aci_gap_authorization_req_event_process( const uint8_t* in )
 655:Middlewares/ST/STM32_WPAN/ble/core/auto/ble_events.c **** {
 1557              		.loc 1 655 1 view -0
 1558              		.cfi_startproc
 1559              		@ args = 0, pretend = 0, frame = 0
 1560              		@ frame_needed = 0, uses_anonymous_args = 0
 1561              		.loc 1 655 1 is_stmt 0 view .LVU247
 1562 0000 08B5     		push	{r3, lr}
 1563              		.cfi_def_cfa_offset 8
 1564              		.cfi_offset 3, -8
 1565              		.cfi_offset 14, -4
 656:Middlewares/ST/STM32_WPAN/ble/core/auto/ble_events.c ****   aci_gap_authorization_req_event_rp0 *rp0 = (void*)in;
 1566              		.loc 1 656 3 is_stmt 1 view .LVU248
 1567              	.LVL130:
 657:Middlewares/ST/STM32_WPAN/ble/core/auto/ble_events.c ****   aci_gap_authorization_req_event( rp0->Connection_Handle );
 1568              		.loc 1 657 3 view .LVU249
 1569 0002 0088     		ldrh	r0, [r0]	@ unaligned
 1570              	.LVL131:
 1571              		.loc 1 657 3 is_stmt 0 view .LVU250
 1572 0004 FFF7FEFF 		bl	aci_gap_authorization_req_event
 1573              	.LVL132:
 658:Middlewares/ST/STM32_WPAN/ble/core/auto/ble_events.c **** }
 1574              		.loc 1 658 1 view .LVU251
 1575 0008 08BD     		pop	{r3, pc}
 1576              		.cfi_endproc
 1577              	.LFE53:
 1579              		.section	.text.aci_gap_bond_lost_event,"ax",%progbits
 1580              		.align	1
 1581              		.weak	aci_gap_bond_lost_event
 1582              		.syntax unified
 1583              		.thumb
 1584              		.thumb_func
 1586              	aci_gap_bond_lost_event:
 1587              	.LVL133:
 1588              	.LFB54:
 659:Middlewares/ST/STM32_WPAN/ble/core/auto/ble_events.c **** 
 660:Middlewares/ST/STM32_WPAN/ble/core/auto/ble_events.c **** /* ACI_GAP_BOND_LOST_EVENT callback function */
 661:Middlewares/ST/STM32_WPAN/ble/core/auto/ble_events.c **** __WEAK void aci_gap_bond_lost_event( uint16_t Connection_Handle )
 662:Middlewares/ST/STM32_WPAN/ble/core/auto/ble_events.c **** {
 1589              		.loc 1 662 1 is_stmt 1 view -0
 1590              		.cfi_startproc
 1591              		@ args = 0, pretend = 0, frame = 0
 1592              		@ frame_needed = 0, uses_anonymous_args = 0
 1593              		@ link register save eliminated.
 663:Middlewares/ST/STM32_WPAN/ble/core/auto/ble_events.c **** }
 1594              		.loc 1 663 1 view .LVU253
ARM GAS  C:\Users\Nathan\AppData\Local\Temp\ccoc0wMg.s 			page 39


 1595 0000 7047     		bx	lr
 1596              		.cfi_endproc
 1597              	.LFE54:
 1599              		.section	.text.aci_gap_bond_lost_event_process,"ax",%progbits
 1600              		.align	1
 1601              		.syntax unified
 1602              		.thumb
 1603              		.thumb_func
 1605              	aci_gap_bond_lost_event_process:
 1606              	.LVL134:
 1607              	.LFB55:
 664:Middlewares/ST/STM32_WPAN/ble/core/auto/ble_events.c **** 
 665:Middlewares/ST/STM32_WPAN/ble/core/auto/ble_events.c **** /* ACI_GAP_BOND_LOST_EVENT process function */
 666:Middlewares/ST/STM32_WPAN/ble/core/auto/ble_events.c **** static void aci_gap_bond_lost_event_process( const uint8_t* in )
 667:Middlewares/ST/STM32_WPAN/ble/core/auto/ble_events.c **** {
 1608              		.loc 1 667 1 view -0
 1609              		.cfi_startproc
 1610              		@ args = 0, pretend = 0, frame = 0
 1611              		@ frame_needed = 0, uses_anonymous_args = 0
 1612              		.loc 1 667 1 is_stmt 0 view .LVU255
 1613 0000 08B5     		push	{r3, lr}
 1614              		.cfi_def_cfa_offset 8
 1615              		.cfi_offset 3, -8
 1616              		.cfi_offset 14, -4
 668:Middlewares/ST/STM32_WPAN/ble/core/auto/ble_events.c ****   aci_gap_bond_lost_event_rp0 *rp0 = (void*)in;
 1617              		.loc 1 668 3 is_stmt 1 view .LVU256
 1618              	.LVL135:
 669:Middlewares/ST/STM32_WPAN/ble/core/auto/ble_events.c ****   aci_gap_bond_lost_event( rp0->Connection_Handle );
 1619              		.loc 1 669 3 view .LVU257
 1620 0002 0088     		ldrh	r0, [r0]	@ unaligned
 1621              	.LVL136:
 1622              		.loc 1 669 3 is_stmt 0 view .LVU258
 1623 0004 FFF7FEFF 		bl	aci_gap_bond_lost_event
 1624              	.LVL137:
 670:Middlewares/ST/STM32_WPAN/ble/core/auto/ble_events.c **** }
 1625              		.loc 1 670 1 view .LVU259
 1626 0008 08BD     		pop	{r3, pc}
 1627              		.cfi_endproc
 1628              	.LFE55:
 1630              		.section	.text.aci_gap_proc_complete_event,"ax",%progbits
 1631              		.align	1
 1632              		.weak	aci_gap_proc_complete_event
 1633              		.syntax unified
 1634              		.thumb
 1635              		.thumb_func
 1637              	aci_gap_proc_complete_event:
 1638              	.LVL138:
 1639              	.LFB56:
 671:Middlewares/ST/STM32_WPAN/ble/core/auto/ble_events.c **** 
 672:Middlewares/ST/STM32_WPAN/ble/core/auto/ble_events.c **** /* ACI_GAP_PROC_COMPLETE_EVENT callback function */
 673:Middlewares/ST/STM32_WPAN/ble/core/auto/ble_events.c **** __WEAK void aci_gap_proc_complete_event( uint8_t Procedure_Code,
 674:Middlewares/ST/STM32_WPAN/ble/core/auto/ble_events.c ****                                          uint8_t Status,
 675:Middlewares/ST/STM32_WPAN/ble/core/auto/ble_events.c ****                                          uint8_t Data_Length,
 676:Middlewares/ST/STM32_WPAN/ble/core/auto/ble_events.c ****                                          const uint8_t* Data )
 677:Middlewares/ST/STM32_WPAN/ble/core/auto/ble_events.c **** {
 1640              		.loc 1 677 1 is_stmt 1 view -0
 1641              		.cfi_startproc
ARM GAS  C:\Users\Nathan\AppData\Local\Temp\ccoc0wMg.s 			page 40


 1642              		@ args = 0, pretend = 0, frame = 0
 1643              		@ frame_needed = 0, uses_anonymous_args = 0
 1644              		@ link register save eliminated.
 678:Middlewares/ST/STM32_WPAN/ble/core/auto/ble_events.c **** }
 1645              		.loc 1 678 1 view .LVU261
 1646 0000 7047     		bx	lr
 1647              		.cfi_endproc
 1648              	.LFE56:
 1650              		.section	.text.aci_gap_proc_complete_event_process,"ax",%progbits
 1651              		.align	1
 1652              		.syntax unified
 1653              		.thumb
 1654              		.thumb_func
 1656              	aci_gap_proc_complete_event_process:
 1657              	.LVL139:
 1658              	.LFB57:
 679:Middlewares/ST/STM32_WPAN/ble/core/auto/ble_events.c **** 
 680:Middlewares/ST/STM32_WPAN/ble/core/auto/ble_events.c **** /* ACI_GAP_PROC_COMPLETE_EVENT process function */
 681:Middlewares/ST/STM32_WPAN/ble/core/auto/ble_events.c **** static void aci_gap_proc_complete_event_process( const uint8_t* in )
 682:Middlewares/ST/STM32_WPAN/ble/core/auto/ble_events.c **** {
 1659              		.loc 1 682 1 view -0
 1660              		.cfi_startproc
 1661              		@ args = 0, pretend = 0, frame = 0
 1662              		@ frame_needed = 0, uses_anonymous_args = 0
 1663              		.loc 1 682 1 is_stmt 0 view .LVU263
 1664 0000 08B5     		push	{r3, lr}
 1665              		.cfi_def_cfa_offset 8
 1666              		.cfi_offset 3, -8
 1667              		.cfi_offset 14, -4
 683:Middlewares/ST/STM32_WPAN/ble/core/auto/ble_events.c ****   aci_gap_proc_complete_event_rp0 *rp0 = (void*)in;
 1668              		.loc 1 683 3 is_stmt 1 view .LVU264
 1669              	.LVL140:
 684:Middlewares/ST/STM32_WPAN/ble/core/auto/ble_events.c ****   aci_gap_proc_complete_event( rp0->Procedure_Code,
 1670              		.loc 1 684 3 view .LVU265
 1671 0002 C31C     		adds	r3, r0, #3
 1672 0004 8278     		ldrb	r2, [r0, #2]	@ zero_extendqisi2
 1673 0006 4178     		ldrb	r1, [r0, #1]	@ zero_extendqisi2
 1674 0008 0078     		ldrb	r0, [r0]	@ zero_extendqisi2
 1675              	.LVL141:
 1676              		.loc 1 684 3 is_stmt 0 view .LVU266
 1677 000a FFF7FEFF 		bl	aci_gap_proc_complete_event
 1678              	.LVL142:
 685:Middlewares/ST/STM32_WPAN/ble/core/auto/ble_events.c ****                                rp0->Status,
 686:Middlewares/ST/STM32_WPAN/ble/core/auto/ble_events.c ****                                rp0->Data_Length,
 687:Middlewares/ST/STM32_WPAN/ble/core/auto/ble_events.c ****                                rp0->Data );
 688:Middlewares/ST/STM32_WPAN/ble/core/auto/ble_events.c **** }
 1679              		.loc 1 688 1 view .LVU267
 1680 000e 08BD     		pop	{r3, pc}
 1681              		.cfi_endproc
 1682              	.LFE57:
 1684              		.section	.text.aci_gap_addr_not_resolved_event,"ax",%progbits
 1685              		.align	1
 1686              		.weak	aci_gap_addr_not_resolved_event
 1687              		.syntax unified
 1688              		.thumb
 1689              		.thumb_func
 1691              	aci_gap_addr_not_resolved_event:
ARM GAS  C:\Users\Nathan\AppData\Local\Temp\ccoc0wMg.s 			page 41


 1692              	.LVL143:
 1693              	.LFB58:
 689:Middlewares/ST/STM32_WPAN/ble/core/auto/ble_events.c **** 
 690:Middlewares/ST/STM32_WPAN/ble/core/auto/ble_events.c **** /* ACI_GAP_ADDR_NOT_RESOLVED_EVENT callback function */
 691:Middlewares/ST/STM32_WPAN/ble/core/auto/ble_events.c **** __WEAK void aci_gap_addr_not_resolved_event( uint16_t Connection_Handle )
 692:Middlewares/ST/STM32_WPAN/ble/core/auto/ble_events.c **** {
 1694              		.loc 1 692 1 is_stmt 1 view -0
 1695              		.cfi_startproc
 1696              		@ args = 0, pretend = 0, frame = 0
 1697              		@ frame_needed = 0, uses_anonymous_args = 0
 1698              		@ link register save eliminated.
 693:Middlewares/ST/STM32_WPAN/ble/core/auto/ble_events.c **** }
 1699              		.loc 1 693 1 view .LVU269
 1700 0000 7047     		bx	lr
 1701              		.cfi_endproc
 1702              	.LFE58:
 1704              		.section	.text.aci_gap_addr_not_resolved_event_process,"ax",%progbits
 1705              		.align	1
 1706              		.syntax unified
 1707              		.thumb
 1708              		.thumb_func
 1710              	aci_gap_addr_not_resolved_event_process:
 1711              	.LVL144:
 1712              	.LFB59:
 694:Middlewares/ST/STM32_WPAN/ble/core/auto/ble_events.c **** 
 695:Middlewares/ST/STM32_WPAN/ble/core/auto/ble_events.c **** /* ACI_GAP_ADDR_NOT_RESOLVED_EVENT process function */
 696:Middlewares/ST/STM32_WPAN/ble/core/auto/ble_events.c **** static void aci_gap_addr_not_resolved_event_process( const uint8_t* in )
 697:Middlewares/ST/STM32_WPAN/ble/core/auto/ble_events.c **** {
 1713              		.loc 1 697 1 view -0
 1714              		.cfi_startproc
 1715              		@ args = 0, pretend = 0, frame = 0
 1716              		@ frame_needed = 0, uses_anonymous_args = 0
 1717              		.loc 1 697 1 is_stmt 0 view .LVU271
 1718 0000 08B5     		push	{r3, lr}
 1719              		.cfi_def_cfa_offset 8
 1720              		.cfi_offset 3, -8
 1721              		.cfi_offset 14, -4
 698:Middlewares/ST/STM32_WPAN/ble/core/auto/ble_events.c ****   aci_gap_addr_not_resolved_event_rp0 *rp0 = (void*)in;
 1722              		.loc 1 698 3 is_stmt 1 view .LVU272
 1723              	.LVL145:
 699:Middlewares/ST/STM32_WPAN/ble/core/auto/ble_events.c ****   aci_gap_addr_not_resolved_event( rp0->Connection_Handle );
 1724              		.loc 1 699 3 view .LVU273
 1725 0002 0088     		ldrh	r0, [r0]	@ unaligned
 1726              	.LVL146:
 1727              		.loc 1 699 3 is_stmt 0 view .LVU274
 1728 0004 FFF7FEFF 		bl	aci_gap_addr_not_resolved_event
 1729              	.LVL147:
 700:Middlewares/ST/STM32_WPAN/ble/core/auto/ble_events.c **** }
 1730              		.loc 1 700 1 view .LVU275
 1731 0008 08BD     		pop	{r3, pc}
 1732              		.cfi_endproc
 1733              	.LFE59:
 1735              		.section	.text.aci_gap_numeric_comparison_value_event,"ax",%progbits
 1736              		.align	1
 1737              		.weak	aci_gap_numeric_comparison_value_event
 1738              		.syntax unified
 1739              		.thumb
ARM GAS  C:\Users\Nathan\AppData\Local\Temp\ccoc0wMg.s 			page 42


 1740              		.thumb_func
 1742              	aci_gap_numeric_comparison_value_event:
 1743              	.LVL148:
 1744              	.LFB60:
 701:Middlewares/ST/STM32_WPAN/ble/core/auto/ble_events.c **** 
 702:Middlewares/ST/STM32_WPAN/ble/core/auto/ble_events.c **** /* ACI_GAP_NUMERIC_COMPARISON_VALUE_EVENT callback function */
 703:Middlewares/ST/STM32_WPAN/ble/core/auto/ble_events.c **** __WEAK void aci_gap_numeric_comparison_value_event( uint16_t Connection_Handle,
 704:Middlewares/ST/STM32_WPAN/ble/core/auto/ble_events.c ****                                                     uint32_t Numeric_Value )
 705:Middlewares/ST/STM32_WPAN/ble/core/auto/ble_events.c **** {
 1745              		.loc 1 705 1 is_stmt 1 view -0
 1746              		.cfi_startproc
 1747              		@ args = 0, pretend = 0, frame = 0
 1748              		@ frame_needed = 0, uses_anonymous_args = 0
 1749              		@ link register save eliminated.
 706:Middlewares/ST/STM32_WPAN/ble/core/auto/ble_events.c **** }
 1750              		.loc 1 706 1 view .LVU277
 1751 0000 7047     		bx	lr
 1752              		.cfi_endproc
 1753              	.LFE60:
 1755              		.section	.text.aci_gap_numeric_comparison_value_event_process,"ax",%progbits
 1756              		.align	1
 1757              		.syntax unified
 1758              		.thumb
 1759              		.thumb_func
 1761              	aci_gap_numeric_comparison_value_event_process:
 1762              	.LVL149:
 1763              	.LFB61:
 707:Middlewares/ST/STM32_WPAN/ble/core/auto/ble_events.c **** 
 708:Middlewares/ST/STM32_WPAN/ble/core/auto/ble_events.c **** /* ACI_GAP_NUMERIC_COMPARISON_VALUE_EVENT process function */
 709:Middlewares/ST/STM32_WPAN/ble/core/auto/ble_events.c **** static void aci_gap_numeric_comparison_value_event_process( const uint8_t* in )
 710:Middlewares/ST/STM32_WPAN/ble/core/auto/ble_events.c **** {
 1764              		.loc 1 710 1 view -0
 1765              		.cfi_startproc
 1766              		@ args = 0, pretend = 0, frame = 0
 1767              		@ frame_needed = 0, uses_anonymous_args = 0
 1768              		.loc 1 710 1 is_stmt 0 view .LVU279
 1769 0000 08B5     		push	{r3, lr}
 1770              		.cfi_def_cfa_offset 8
 1771              		.cfi_offset 3, -8
 1772              		.cfi_offset 14, -4
 711:Middlewares/ST/STM32_WPAN/ble/core/auto/ble_events.c ****   aci_gap_numeric_comparison_value_event_rp0 *rp0 = (void*)in;
 1773              		.loc 1 711 3 is_stmt 1 view .LVU280
 1774              	.LVL150:
 712:Middlewares/ST/STM32_WPAN/ble/core/auto/ble_events.c ****   aci_gap_numeric_comparison_value_event( rp0->Connection_Handle,
 1775              		.loc 1 712 3 view .LVU281
 1776 0002 D0F80210 		ldr	r1, [r0, #2]	@ unaligned
 1777 0006 0088     		ldrh	r0, [r0]	@ unaligned
 1778              	.LVL151:
 1779              		.loc 1 712 3 is_stmt 0 view .LVU282
 1780 0008 FFF7FEFF 		bl	aci_gap_numeric_comparison_value_event
 1781              	.LVL152:
 713:Middlewares/ST/STM32_WPAN/ble/core/auto/ble_events.c ****                                           rp0->Numeric_Value );
 714:Middlewares/ST/STM32_WPAN/ble/core/auto/ble_events.c **** }
 1782              		.loc 1 714 1 view .LVU283
 1783 000c 08BD     		pop	{r3, pc}
 1784              		.cfi_endproc
 1785              	.LFE61:
ARM GAS  C:\Users\Nathan\AppData\Local\Temp\ccoc0wMg.s 			page 43


 1787              		.section	.text.aci_gap_keypress_notification_event,"ax",%progbits
 1788              		.align	1
 1789              		.weak	aci_gap_keypress_notification_event
 1790              		.syntax unified
 1791              		.thumb
 1792              		.thumb_func
 1794              	aci_gap_keypress_notification_event:
 1795              	.LVL153:
 1796              	.LFB62:
 715:Middlewares/ST/STM32_WPAN/ble/core/auto/ble_events.c **** 
 716:Middlewares/ST/STM32_WPAN/ble/core/auto/ble_events.c **** /* ACI_GAP_KEYPRESS_NOTIFICATION_EVENT callback function */
 717:Middlewares/ST/STM32_WPAN/ble/core/auto/ble_events.c **** __WEAK void aci_gap_keypress_notification_event( uint16_t Connection_Handle,
 718:Middlewares/ST/STM32_WPAN/ble/core/auto/ble_events.c ****                                                  uint8_t Notification_Type )
 719:Middlewares/ST/STM32_WPAN/ble/core/auto/ble_events.c **** {
 1797              		.loc 1 719 1 is_stmt 1 view -0
 1798              		.cfi_startproc
 1799              		@ args = 0, pretend = 0, frame = 0
 1800              		@ frame_needed = 0, uses_anonymous_args = 0
 1801              		@ link register save eliminated.
 720:Middlewares/ST/STM32_WPAN/ble/core/auto/ble_events.c **** }
 1802              		.loc 1 720 1 view .LVU285
 1803 0000 7047     		bx	lr
 1804              		.cfi_endproc
 1805              	.LFE62:
 1807              		.section	.text.aci_gap_keypress_notification_event_process,"ax",%progbits
 1808              		.align	1
 1809              		.syntax unified
 1810              		.thumb
 1811              		.thumb_func
 1813              	aci_gap_keypress_notification_event_process:
 1814              	.LVL154:
 1815              	.LFB63:
 721:Middlewares/ST/STM32_WPAN/ble/core/auto/ble_events.c **** 
 722:Middlewares/ST/STM32_WPAN/ble/core/auto/ble_events.c **** /* ACI_GAP_KEYPRESS_NOTIFICATION_EVENT process function */
 723:Middlewares/ST/STM32_WPAN/ble/core/auto/ble_events.c **** static void aci_gap_keypress_notification_event_process( const uint8_t* in )
 724:Middlewares/ST/STM32_WPAN/ble/core/auto/ble_events.c **** {
 1816              		.loc 1 724 1 view -0
 1817              		.cfi_startproc
 1818              		@ args = 0, pretend = 0, frame = 0
 1819              		@ frame_needed = 0, uses_anonymous_args = 0
 1820              		.loc 1 724 1 is_stmt 0 view .LVU287
 1821 0000 08B5     		push	{r3, lr}
 1822              		.cfi_def_cfa_offset 8
 1823              		.cfi_offset 3, -8
 1824              		.cfi_offset 14, -4
 725:Middlewares/ST/STM32_WPAN/ble/core/auto/ble_events.c ****   aci_gap_keypress_notification_event_rp0 *rp0 = (void*)in;
 1825              		.loc 1 725 3 is_stmt 1 view .LVU288
 1826              	.LVL155:
 726:Middlewares/ST/STM32_WPAN/ble/core/auto/ble_events.c ****   aci_gap_keypress_notification_event( rp0->Connection_Handle,
 1827              		.loc 1 726 3 view .LVU289
 1828 0002 8178     		ldrb	r1, [r0, #2]	@ zero_extendqisi2
 1829 0004 0088     		ldrh	r0, [r0]	@ unaligned
 1830              	.LVL156:
 1831              		.loc 1 726 3 is_stmt 0 view .LVU290
 1832 0006 FFF7FEFF 		bl	aci_gap_keypress_notification_event
 1833              	.LVL157:
 727:Middlewares/ST/STM32_WPAN/ble/core/auto/ble_events.c ****                                        rp0->Notification_Type );
ARM GAS  C:\Users\Nathan\AppData\Local\Temp\ccoc0wMg.s 			page 44


 728:Middlewares/ST/STM32_WPAN/ble/core/auto/ble_events.c **** }
 1834              		.loc 1 728 1 view .LVU291
 1835 000a 08BD     		pop	{r3, pc}
 1836              		.cfi_endproc
 1837              	.LFE63:
 1839              		.section	.text.aci_gap_pairing_request_event,"ax",%progbits
 1840              		.align	1
 1841              		.weak	aci_gap_pairing_request_event
 1842              		.syntax unified
 1843              		.thumb
 1844              		.thumb_func
 1846              	aci_gap_pairing_request_event:
 1847              	.LVL158:
 1848              	.LFB64:
 729:Middlewares/ST/STM32_WPAN/ble/core/auto/ble_events.c **** 
 730:Middlewares/ST/STM32_WPAN/ble/core/auto/ble_events.c **** /* ACI_GAP_PAIRING_REQUEST_EVENT callback function */
 731:Middlewares/ST/STM32_WPAN/ble/core/auto/ble_events.c **** __WEAK void aci_gap_pairing_request_event( uint16_t Connection_Handle,
 732:Middlewares/ST/STM32_WPAN/ble/core/auto/ble_events.c ****                                            uint8_t Bonded,
 733:Middlewares/ST/STM32_WPAN/ble/core/auto/ble_events.c ****                                            uint8_t Auth_Req )
 734:Middlewares/ST/STM32_WPAN/ble/core/auto/ble_events.c **** {
 1849              		.loc 1 734 1 is_stmt 1 view -0
 1850              		.cfi_startproc
 1851              		@ args = 0, pretend = 0, frame = 0
 1852              		@ frame_needed = 0, uses_anonymous_args = 0
 1853              		@ link register save eliminated.
 735:Middlewares/ST/STM32_WPAN/ble/core/auto/ble_events.c **** }
 1854              		.loc 1 735 1 view .LVU293
 1855 0000 7047     		bx	lr
 1856              		.cfi_endproc
 1857              	.LFE64:
 1859              		.section	.text.aci_gap_pairing_request_event_process,"ax",%progbits
 1860              		.align	1
 1861              		.syntax unified
 1862              		.thumb
 1863              		.thumb_func
 1865              	aci_gap_pairing_request_event_process:
 1866              	.LVL159:
 1867              	.LFB65:
 736:Middlewares/ST/STM32_WPAN/ble/core/auto/ble_events.c **** 
 737:Middlewares/ST/STM32_WPAN/ble/core/auto/ble_events.c **** /* ACI_GAP_PAIRING_REQUEST_EVENT process function */
 738:Middlewares/ST/STM32_WPAN/ble/core/auto/ble_events.c **** static void aci_gap_pairing_request_event_process( const uint8_t* in )
 739:Middlewares/ST/STM32_WPAN/ble/core/auto/ble_events.c **** {
 1868              		.loc 1 739 1 view -0
 1869              		.cfi_startproc
 1870              		@ args = 0, pretend = 0, frame = 0
 1871              		@ frame_needed = 0, uses_anonymous_args = 0
 1872              		.loc 1 739 1 is_stmt 0 view .LVU295
 1873 0000 08B5     		push	{r3, lr}
 1874              		.cfi_def_cfa_offset 8
 1875              		.cfi_offset 3, -8
 1876              		.cfi_offset 14, -4
 740:Middlewares/ST/STM32_WPAN/ble/core/auto/ble_events.c ****   aci_gap_pairing_request_event_rp0 *rp0 = (void*)in;
 1877              		.loc 1 740 3 is_stmt 1 view .LVU296
 1878              	.LVL160:
 741:Middlewares/ST/STM32_WPAN/ble/core/auto/ble_events.c ****   aci_gap_pairing_request_event( rp0->Connection_Handle,
 1879              		.loc 1 741 3 view .LVU297
 1880 0002 C278     		ldrb	r2, [r0, #3]	@ zero_extendqisi2
ARM GAS  C:\Users\Nathan\AppData\Local\Temp\ccoc0wMg.s 			page 45


 1881 0004 8178     		ldrb	r1, [r0, #2]	@ zero_extendqisi2
 1882 0006 0088     		ldrh	r0, [r0]	@ unaligned
 1883              	.LVL161:
 1884              		.loc 1 741 3 is_stmt 0 view .LVU298
 1885 0008 FFF7FEFF 		bl	aci_gap_pairing_request_event
 1886              	.LVL162:
 742:Middlewares/ST/STM32_WPAN/ble/core/auto/ble_events.c ****                                  rp0->Bonded,
 743:Middlewares/ST/STM32_WPAN/ble/core/auto/ble_events.c ****                                  rp0->Auth_Req );
 744:Middlewares/ST/STM32_WPAN/ble/core/auto/ble_events.c **** }
 1887              		.loc 1 744 1 view .LVU299
 1888 000c 08BD     		pop	{r3, pc}
 1889              		.cfi_endproc
 1890              	.LFE65:
 1892              		.section	.text.aci_l2cap_connection_update_resp_event,"ax",%progbits
 1893              		.align	1
 1894              		.weak	aci_l2cap_connection_update_resp_event
 1895              		.syntax unified
 1896              		.thumb
 1897              		.thumb_func
 1899              	aci_l2cap_connection_update_resp_event:
 1900              	.LVL163:
 1901              	.LFB66:
 745:Middlewares/ST/STM32_WPAN/ble/core/auto/ble_events.c **** 
 746:Middlewares/ST/STM32_WPAN/ble/core/auto/ble_events.c **** /* ACI_L2CAP_CONNECTION_UPDATE_RESP_EVENT callback function */
 747:Middlewares/ST/STM32_WPAN/ble/core/auto/ble_events.c **** __WEAK void aci_l2cap_connection_update_resp_event( uint16_t Connection_Handle,
 748:Middlewares/ST/STM32_WPAN/ble/core/auto/ble_events.c ****                                                     uint16_t Result )
 749:Middlewares/ST/STM32_WPAN/ble/core/auto/ble_events.c **** {
 1902              		.loc 1 749 1 is_stmt 1 view -0
 1903              		.cfi_startproc
 1904              		@ args = 0, pretend = 0, frame = 0
 1905              		@ frame_needed = 0, uses_anonymous_args = 0
 1906              		@ link register save eliminated.
 750:Middlewares/ST/STM32_WPAN/ble/core/auto/ble_events.c **** }
 1907              		.loc 1 750 1 view .LVU301
 1908 0000 7047     		bx	lr
 1909              		.cfi_endproc
 1910              	.LFE66:
 1912              		.section	.text.aci_l2cap_connection_update_resp_event_process,"ax",%progbits
 1913              		.align	1
 1914              		.syntax unified
 1915              		.thumb
 1916              		.thumb_func
 1918              	aci_l2cap_connection_update_resp_event_process:
 1919              	.LVL164:
 1920              	.LFB67:
 751:Middlewares/ST/STM32_WPAN/ble/core/auto/ble_events.c **** 
 752:Middlewares/ST/STM32_WPAN/ble/core/auto/ble_events.c **** /* ACI_L2CAP_CONNECTION_UPDATE_RESP_EVENT process function */
 753:Middlewares/ST/STM32_WPAN/ble/core/auto/ble_events.c **** static void aci_l2cap_connection_update_resp_event_process( const uint8_t* in )
 754:Middlewares/ST/STM32_WPAN/ble/core/auto/ble_events.c **** {
 1921              		.loc 1 754 1 view -0
 1922              		.cfi_startproc
 1923              		@ args = 0, pretend = 0, frame = 0
 1924              		@ frame_needed = 0, uses_anonymous_args = 0
 1925              		.loc 1 754 1 is_stmt 0 view .LVU303
 1926 0000 08B5     		push	{r3, lr}
 1927              		.cfi_def_cfa_offset 8
 1928              		.cfi_offset 3, -8
ARM GAS  C:\Users\Nathan\AppData\Local\Temp\ccoc0wMg.s 			page 46


 1929              		.cfi_offset 14, -4
 755:Middlewares/ST/STM32_WPAN/ble/core/auto/ble_events.c ****   aci_l2cap_connection_update_resp_event_rp0 *rp0 = (void*)in;
 1930              		.loc 1 755 3 is_stmt 1 view .LVU304
 1931              	.LVL165:
 756:Middlewares/ST/STM32_WPAN/ble/core/auto/ble_events.c ****   aci_l2cap_connection_update_resp_event( rp0->Connection_Handle,
 1932              		.loc 1 756 3 view .LVU305
 1933 0002 4188     		ldrh	r1, [r0, #2]	@ unaligned
 1934 0004 0088     		ldrh	r0, [r0]	@ unaligned
 1935              	.LVL166:
 1936              		.loc 1 756 3 is_stmt 0 view .LVU306
 1937 0006 FFF7FEFF 		bl	aci_l2cap_connection_update_resp_event
 1938              	.LVL167:
 757:Middlewares/ST/STM32_WPAN/ble/core/auto/ble_events.c ****                                           rp0->Result );
 758:Middlewares/ST/STM32_WPAN/ble/core/auto/ble_events.c **** }
 1939              		.loc 1 758 1 view .LVU307
 1940 000a 08BD     		pop	{r3, pc}
 1941              		.cfi_endproc
 1942              	.LFE67:
 1944              		.section	.text.aci_l2cap_proc_timeout_event,"ax",%progbits
 1945              		.align	1
 1946              		.weak	aci_l2cap_proc_timeout_event
 1947              		.syntax unified
 1948              		.thumb
 1949              		.thumb_func
 1951              	aci_l2cap_proc_timeout_event:
 1952              	.LVL168:
 1953              	.LFB68:
 759:Middlewares/ST/STM32_WPAN/ble/core/auto/ble_events.c **** 
 760:Middlewares/ST/STM32_WPAN/ble/core/auto/ble_events.c **** /* ACI_L2CAP_PROC_TIMEOUT_EVENT callback function */
 761:Middlewares/ST/STM32_WPAN/ble/core/auto/ble_events.c **** __WEAK void aci_l2cap_proc_timeout_event( uint16_t Connection_Handle,
 762:Middlewares/ST/STM32_WPAN/ble/core/auto/ble_events.c ****                                           uint8_t Data_Length,
 763:Middlewares/ST/STM32_WPAN/ble/core/auto/ble_events.c ****                                           const uint8_t* Data )
 764:Middlewares/ST/STM32_WPAN/ble/core/auto/ble_events.c **** {
 1954              		.loc 1 764 1 is_stmt 1 view -0
 1955              		.cfi_startproc
 1956              		@ args = 0, pretend = 0, frame = 0
 1957              		@ frame_needed = 0, uses_anonymous_args = 0
 1958              		@ link register save eliminated.
 765:Middlewares/ST/STM32_WPAN/ble/core/auto/ble_events.c **** }
 1959              		.loc 1 765 1 view .LVU309
 1960 0000 7047     		bx	lr
 1961              		.cfi_endproc
 1962              	.LFE68:
 1964              		.section	.text.aci_l2cap_proc_timeout_event_process,"ax",%progbits
 1965              		.align	1
 1966              		.syntax unified
 1967              		.thumb
 1968              		.thumb_func
 1970              	aci_l2cap_proc_timeout_event_process:
 1971              	.LVL169:
 1972              	.LFB69:
 766:Middlewares/ST/STM32_WPAN/ble/core/auto/ble_events.c **** 
 767:Middlewares/ST/STM32_WPAN/ble/core/auto/ble_events.c **** /* ACI_L2CAP_PROC_TIMEOUT_EVENT process function */
 768:Middlewares/ST/STM32_WPAN/ble/core/auto/ble_events.c **** static void aci_l2cap_proc_timeout_event_process( const uint8_t* in )
 769:Middlewares/ST/STM32_WPAN/ble/core/auto/ble_events.c **** {
 1973              		.loc 1 769 1 view -0
 1974              		.cfi_startproc
ARM GAS  C:\Users\Nathan\AppData\Local\Temp\ccoc0wMg.s 			page 47


 1975              		@ args = 0, pretend = 0, frame = 0
 1976              		@ frame_needed = 0, uses_anonymous_args = 0
 1977              		.loc 1 769 1 is_stmt 0 view .LVU311
 1978 0000 08B5     		push	{r3, lr}
 1979              		.cfi_def_cfa_offset 8
 1980              		.cfi_offset 3, -8
 1981              		.cfi_offset 14, -4
 770:Middlewares/ST/STM32_WPAN/ble/core/auto/ble_events.c ****   aci_l2cap_proc_timeout_event_rp0 *rp0 = (void*)in;
 1982              		.loc 1 770 3 is_stmt 1 view .LVU312
 1983              	.LVL170:
 771:Middlewares/ST/STM32_WPAN/ble/core/auto/ble_events.c ****   aci_l2cap_proc_timeout_event( rp0->Connection_Handle,
 1984              		.loc 1 771 3 view .LVU313
 1985 0002 C21C     		adds	r2, r0, #3
 1986 0004 8178     		ldrb	r1, [r0, #2]	@ zero_extendqisi2
 1987 0006 0088     		ldrh	r0, [r0]	@ unaligned
 1988              	.LVL171:
 1989              		.loc 1 771 3 is_stmt 0 view .LVU314
 1990 0008 FFF7FEFF 		bl	aci_l2cap_proc_timeout_event
 1991              	.LVL172:
 772:Middlewares/ST/STM32_WPAN/ble/core/auto/ble_events.c ****                                 rp0->Data_Length,
 773:Middlewares/ST/STM32_WPAN/ble/core/auto/ble_events.c ****                                 rp0->Data );
 774:Middlewares/ST/STM32_WPAN/ble/core/auto/ble_events.c **** }
 1992              		.loc 1 774 1 view .LVU315
 1993 000c 08BD     		pop	{r3, pc}
 1994              		.cfi_endproc
 1995              	.LFE69:
 1997              		.section	.text.aci_l2cap_connection_update_req_event,"ax",%progbits
 1998              		.align	1
 1999              		.weak	aci_l2cap_connection_update_req_event
 2000              		.syntax unified
 2001              		.thumb
 2002              		.thumb_func
 2004              	aci_l2cap_connection_update_req_event:
 2005              	.LVL173:
 2006              	.LFB70:
 775:Middlewares/ST/STM32_WPAN/ble/core/auto/ble_events.c **** 
 776:Middlewares/ST/STM32_WPAN/ble/core/auto/ble_events.c **** /* ACI_L2CAP_CONNECTION_UPDATE_REQ_EVENT callback function */
 777:Middlewares/ST/STM32_WPAN/ble/core/auto/ble_events.c **** __WEAK void aci_l2cap_connection_update_req_event( uint16_t Connection_Handle,
 778:Middlewares/ST/STM32_WPAN/ble/core/auto/ble_events.c ****                                                    uint8_t Identifier,
 779:Middlewares/ST/STM32_WPAN/ble/core/auto/ble_events.c ****                                                    uint16_t L2CAP_Length,
 780:Middlewares/ST/STM32_WPAN/ble/core/auto/ble_events.c ****                                                    uint16_t Interval_Min,
 781:Middlewares/ST/STM32_WPAN/ble/core/auto/ble_events.c ****                                                    uint16_t Interval_Max,
 782:Middlewares/ST/STM32_WPAN/ble/core/auto/ble_events.c ****                                                    uint16_t Latency,
 783:Middlewares/ST/STM32_WPAN/ble/core/auto/ble_events.c ****                                                    uint16_t Timeout_Multiplier )
 784:Middlewares/ST/STM32_WPAN/ble/core/auto/ble_events.c **** {
 2007              		.loc 1 784 1 is_stmt 1 view -0
 2008              		.cfi_startproc
 2009              		@ args = 12, pretend = 0, frame = 0
 2010              		@ frame_needed = 0, uses_anonymous_args = 0
 2011              		@ link register save eliminated.
 785:Middlewares/ST/STM32_WPAN/ble/core/auto/ble_events.c **** }
 2012              		.loc 1 785 1 view .LVU317
 2013 0000 7047     		bx	lr
 2014              		.cfi_endproc
 2015              	.LFE70:
 2017              		.section	.text.aci_l2cap_connection_update_req_event_process,"ax",%progbits
 2018              		.align	1
ARM GAS  C:\Users\Nathan\AppData\Local\Temp\ccoc0wMg.s 			page 48


 2019              		.syntax unified
 2020              		.thumb
 2021              		.thumb_func
 2023              	aci_l2cap_connection_update_req_event_process:
 2024              	.LVL174:
 2025              	.LFB71:
 786:Middlewares/ST/STM32_WPAN/ble/core/auto/ble_events.c **** 
 787:Middlewares/ST/STM32_WPAN/ble/core/auto/ble_events.c **** /* ACI_L2CAP_CONNECTION_UPDATE_REQ_EVENT process function */
 788:Middlewares/ST/STM32_WPAN/ble/core/auto/ble_events.c **** static void aci_l2cap_connection_update_req_event_process( const uint8_t* in )
 789:Middlewares/ST/STM32_WPAN/ble/core/auto/ble_events.c **** {
 2026              		.loc 1 789 1 view -0
 2027              		.cfi_startproc
 2028              		@ args = 0, pretend = 0, frame = 0
 2029              		@ frame_needed = 0, uses_anonymous_args = 0
 2030              		.loc 1 789 1 is_stmt 0 view .LVU319
 2031 0000 00B5     		push	{lr}
 2032              		.cfi_def_cfa_offset 4
 2033              		.cfi_offset 14, -4
 2034 0002 85B0     		sub	sp, sp, #20
 2035              		.cfi_def_cfa_offset 24
 790:Middlewares/ST/STM32_WPAN/ble/core/auto/ble_events.c ****   aci_l2cap_connection_update_req_event_rp0 *rp0 = (void*)in;
 2036              		.loc 1 790 3 is_stmt 1 view .LVU320
 2037              	.LVL175:
 791:Middlewares/ST/STM32_WPAN/ble/core/auto/ble_events.c ****   aci_l2cap_connection_update_req_event( rp0->Connection_Handle,
 2038              		.loc 1 791 3 view .LVU321
 2039 0004 B0F80B30 		ldrh	r3, [r0, #11]	@ unaligned
 2040 0008 0293     		str	r3, [sp, #8]
 2041 000a B0F80930 		ldrh	r3, [r0, #9]	@ unaligned
 2042 000e 0193     		str	r3, [sp, #4]
 2043 0010 B0F80730 		ldrh	r3, [r0, #7]	@ unaligned
 2044 0014 0093     		str	r3, [sp]
 2045 0016 B0F80530 		ldrh	r3, [r0, #5]	@ unaligned
 2046 001a B0F80320 		ldrh	r2, [r0, #3]	@ unaligned
 2047 001e 8178     		ldrb	r1, [r0, #2]	@ zero_extendqisi2
 2048 0020 0088     		ldrh	r0, [r0]	@ unaligned
 2049              	.LVL176:
 2050              		.loc 1 791 3 is_stmt 0 view .LVU322
 2051 0022 FFF7FEFF 		bl	aci_l2cap_connection_update_req_event
 2052              	.LVL177:
 792:Middlewares/ST/STM32_WPAN/ble/core/auto/ble_events.c ****                                          rp0->Identifier,
 793:Middlewares/ST/STM32_WPAN/ble/core/auto/ble_events.c ****                                          rp0->L2CAP_Length,
 794:Middlewares/ST/STM32_WPAN/ble/core/auto/ble_events.c ****                                          rp0->Interval_Min,
 795:Middlewares/ST/STM32_WPAN/ble/core/auto/ble_events.c ****                                          rp0->Interval_Max,
 796:Middlewares/ST/STM32_WPAN/ble/core/auto/ble_events.c ****                                          rp0->Latency,
 797:Middlewares/ST/STM32_WPAN/ble/core/auto/ble_events.c ****                                          rp0->Timeout_Multiplier );
 798:Middlewares/ST/STM32_WPAN/ble/core/auto/ble_events.c **** }
 2053              		.loc 1 798 1 view .LVU323
 2054 0026 05B0     		add	sp, sp, #20
 2055              		.cfi_def_cfa_offset 4
 2056              		@ sp needed
 2057 0028 00BD     		pop	{pc}
 2058              		.cfi_endproc
 2059              	.LFE71:
 2061              		.section	.text.aci_l2cap_command_reject_event,"ax",%progbits
 2062              		.align	1
 2063              		.weak	aci_l2cap_command_reject_event
 2064              		.syntax unified
ARM GAS  C:\Users\Nathan\AppData\Local\Temp\ccoc0wMg.s 			page 49


 2065              		.thumb
 2066              		.thumb_func
 2068              	aci_l2cap_command_reject_event:
 2069              	.LVL178:
 2070              	.LFB72:
 799:Middlewares/ST/STM32_WPAN/ble/core/auto/ble_events.c **** 
 800:Middlewares/ST/STM32_WPAN/ble/core/auto/ble_events.c **** /* ACI_L2CAP_COMMAND_REJECT_EVENT callback function */
 801:Middlewares/ST/STM32_WPAN/ble/core/auto/ble_events.c **** __WEAK void aci_l2cap_command_reject_event( uint16_t Connection_Handle,
 802:Middlewares/ST/STM32_WPAN/ble/core/auto/ble_events.c ****                                             uint8_t Identifier,
 803:Middlewares/ST/STM32_WPAN/ble/core/auto/ble_events.c ****                                             uint16_t Reason,
 804:Middlewares/ST/STM32_WPAN/ble/core/auto/ble_events.c ****                                             uint8_t Data_Length,
 805:Middlewares/ST/STM32_WPAN/ble/core/auto/ble_events.c ****                                             const uint8_t* Data )
 806:Middlewares/ST/STM32_WPAN/ble/core/auto/ble_events.c **** {
 2071              		.loc 1 806 1 is_stmt 1 view -0
 2072              		.cfi_startproc
 2073              		@ args = 4, pretend = 0, frame = 0
 2074              		@ frame_needed = 0, uses_anonymous_args = 0
 2075              		@ link register save eliminated.
 807:Middlewares/ST/STM32_WPAN/ble/core/auto/ble_events.c **** }
 2076              		.loc 1 807 1 view .LVU325
 2077 0000 7047     		bx	lr
 2078              		.cfi_endproc
 2079              	.LFE72:
 2081              		.section	.text.aci_l2cap_command_reject_event_process,"ax",%progbits
 2082              		.align	1
 2083              		.syntax unified
 2084              		.thumb
 2085              		.thumb_func
 2087              	aci_l2cap_command_reject_event_process:
 2088              	.LVL179:
 2089              	.LFB73:
 808:Middlewares/ST/STM32_WPAN/ble/core/auto/ble_events.c **** 
 809:Middlewares/ST/STM32_WPAN/ble/core/auto/ble_events.c **** /* ACI_L2CAP_COMMAND_REJECT_EVENT process function */
 810:Middlewares/ST/STM32_WPAN/ble/core/auto/ble_events.c **** static void aci_l2cap_command_reject_event_process( const uint8_t* in )
 811:Middlewares/ST/STM32_WPAN/ble/core/auto/ble_events.c **** {
 2090              		.loc 1 811 1 view -0
 2091              		.cfi_startproc
 2092              		@ args = 0, pretend = 0, frame = 0
 2093              		@ frame_needed = 0, uses_anonymous_args = 0
 2094              		.loc 1 811 1 is_stmt 0 view .LVU327
 2095 0000 00B5     		push	{lr}
 2096              		.cfi_def_cfa_offset 4
 2097              		.cfi_offset 14, -4
 2098 0002 83B0     		sub	sp, sp, #12
 2099              		.cfi_def_cfa_offset 16
 812:Middlewares/ST/STM32_WPAN/ble/core/auto/ble_events.c ****   aci_l2cap_command_reject_event_rp0 *rp0 = (void*)in;
 2100              		.loc 1 812 3 is_stmt 1 view .LVU328
 2101              	.LVL180:
 813:Middlewares/ST/STM32_WPAN/ble/core/auto/ble_events.c ****   aci_l2cap_command_reject_event( rp0->Connection_Handle,
 2102              		.loc 1 813 3 view .LVU329
 814:Middlewares/ST/STM32_WPAN/ble/core/auto/ble_events.c ****                                   rp0->Identifier,
 815:Middlewares/ST/STM32_WPAN/ble/core/auto/ble_events.c ****                                   rp0->Reason,
 816:Middlewares/ST/STM32_WPAN/ble/core/auto/ble_events.c ****                                   rp0->Data_Length,
 817:Middlewares/ST/STM32_WPAN/ble/core/auto/ble_events.c ****                                   rp0->Data );
 2103              		.loc 1 817 38 is_stmt 0 view .LVU330
 2104 0004 831D     		adds	r3, r0, #6
 813:Middlewares/ST/STM32_WPAN/ble/core/auto/ble_events.c ****   aci_l2cap_command_reject_event( rp0->Connection_Handle,
ARM GAS  C:\Users\Nathan\AppData\Local\Temp\ccoc0wMg.s 			page 50


 2105              		.loc 1 813 3 view .LVU331
 2106 0006 0093     		str	r3, [sp]
 2107 0008 4379     		ldrb	r3, [r0, #5]	@ zero_extendqisi2
 2108 000a B0F80320 		ldrh	r2, [r0, #3]	@ unaligned
 2109 000e 8178     		ldrb	r1, [r0, #2]	@ zero_extendqisi2
 2110 0010 0088     		ldrh	r0, [r0]	@ unaligned
 2111              	.LVL181:
 813:Middlewares/ST/STM32_WPAN/ble/core/auto/ble_events.c ****   aci_l2cap_command_reject_event( rp0->Connection_Handle,
 2112              		.loc 1 813 3 view .LVU332
 2113 0012 FFF7FEFF 		bl	aci_l2cap_command_reject_event
 2114              	.LVL182:
 818:Middlewares/ST/STM32_WPAN/ble/core/auto/ble_events.c **** }
 2115              		.loc 1 818 1 view .LVU333
 2116 0016 03B0     		add	sp, sp, #12
 2117              		.cfi_def_cfa_offset 4
 2118              		@ sp needed
 2119 0018 00BD     		pop	{pc}
 2120              		.cfi_endproc
 2121              	.LFE73:
 2123              		.section	.text.aci_l2cap_coc_connect_event,"ax",%progbits
 2124              		.align	1
 2125              		.weak	aci_l2cap_coc_connect_event
 2126              		.syntax unified
 2127              		.thumb
 2128              		.thumb_func
 2130              	aci_l2cap_coc_connect_event:
 2131              	.LVL183:
 2132              	.LFB74:
 819:Middlewares/ST/STM32_WPAN/ble/core/auto/ble_events.c **** 
 820:Middlewares/ST/STM32_WPAN/ble/core/auto/ble_events.c **** /* ACI_L2CAP_COC_CONNECT_EVENT callback function */
 821:Middlewares/ST/STM32_WPAN/ble/core/auto/ble_events.c **** __WEAK void aci_l2cap_coc_connect_event( uint16_t Connection_Handle,
 822:Middlewares/ST/STM32_WPAN/ble/core/auto/ble_events.c ****                                          uint16_t SPSM,
 823:Middlewares/ST/STM32_WPAN/ble/core/auto/ble_events.c ****                                          uint16_t MTU,
 824:Middlewares/ST/STM32_WPAN/ble/core/auto/ble_events.c ****                                          uint16_t MPS,
 825:Middlewares/ST/STM32_WPAN/ble/core/auto/ble_events.c ****                                          uint16_t Initial_Credits,
 826:Middlewares/ST/STM32_WPAN/ble/core/auto/ble_events.c ****                                          uint8_t Channel_Number )
 827:Middlewares/ST/STM32_WPAN/ble/core/auto/ble_events.c **** {
 2133              		.loc 1 827 1 is_stmt 1 view -0
 2134              		.cfi_startproc
 2135              		@ args = 8, pretend = 0, frame = 0
 2136              		@ frame_needed = 0, uses_anonymous_args = 0
 2137              		@ link register save eliminated.
 828:Middlewares/ST/STM32_WPAN/ble/core/auto/ble_events.c **** }
 2138              		.loc 1 828 1 view .LVU335
 2139 0000 7047     		bx	lr
 2140              		.cfi_endproc
 2141              	.LFE74:
 2143              		.section	.text.aci_l2cap_coc_connect_event_process,"ax",%progbits
 2144              		.align	1
 2145              		.syntax unified
 2146              		.thumb
 2147              		.thumb_func
 2149              	aci_l2cap_coc_connect_event_process:
 2150              	.LVL184:
 2151              	.LFB75:
 829:Middlewares/ST/STM32_WPAN/ble/core/auto/ble_events.c **** 
 830:Middlewares/ST/STM32_WPAN/ble/core/auto/ble_events.c **** /* ACI_L2CAP_COC_CONNECT_EVENT process function */
ARM GAS  C:\Users\Nathan\AppData\Local\Temp\ccoc0wMg.s 			page 51


 831:Middlewares/ST/STM32_WPAN/ble/core/auto/ble_events.c **** static void aci_l2cap_coc_connect_event_process( const uint8_t* in )
 832:Middlewares/ST/STM32_WPAN/ble/core/auto/ble_events.c **** {
 2152              		.loc 1 832 1 view -0
 2153              		.cfi_startproc
 2154              		@ args = 0, pretend = 0, frame = 0
 2155              		@ frame_needed = 0, uses_anonymous_args = 0
 2156              		.loc 1 832 1 is_stmt 0 view .LVU337
 2157 0000 00B5     		push	{lr}
 2158              		.cfi_def_cfa_offset 4
 2159              		.cfi_offset 14, -4
 2160 0002 83B0     		sub	sp, sp, #12
 2161              		.cfi_def_cfa_offset 16
 833:Middlewares/ST/STM32_WPAN/ble/core/auto/ble_events.c ****   aci_l2cap_coc_connect_event_rp0 *rp0 = (void*)in;
 2162              		.loc 1 833 3 is_stmt 1 view .LVU338
 2163              	.LVL185:
 834:Middlewares/ST/STM32_WPAN/ble/core/auto/ble_events.c ****   aci_l2cap_coc_connect_event( rp0->Connection_Handle,
 2164              		.loc 1 834 3 view .LVU339
 2165 0004 837A     		ldrb	r3, [r0, #10]	@ zero_extendqisi2
 2166 0006 0193     		str	r3, [sp, #4]
 2167 0008 0389     		ldrh	r3, [r0, #8]	@ unaligned
 2168 000a 0093     		str	r3, [sp]
 2169 000c C388     		ldrh	r3, [r0, #6]	@ unaligned
 2170 000e 8288     		ldrh	r2, [r0, #4]	@ unaligned
 2171 0010 4188     		ldrh	r1, [r0, #2]	@ unaligned
 2172 0012 0088     		ldrh	r0, [r0]	@ unaligned
 2173              	.LVL186:
 2174              		.loc 1 834 3 is_stmt 0 view .LVU340
 2175 0014 FFF7FEFF 		bl	aci_l2cap_coc_connect_event
 2176              	.LVL187:
 835:Middlewares/ST/STM32_WPAN/ble/core/auto/ble_events.c ****                                rp0->SPSM,
 836:Middlewares/ST/STM32_WPAN/ble/core/auto/ble_events.c ****                                rp0->MTU,
 837:Middlewares/ST/STM32_WPAN/ble/core/auto/ble_events.c ****                                rp0->MPS,
 838:Middlewares/ST/STM32_WPAN/ble/core/auto/ble_events.c ****                                rp0->Initial_Credits,
 839:Middlewares/ST/STM32_WPAN/ble/core/auto/ble_events.c ****                                rp0->Channel_Number );
 840:Middlewares/ST/STM32_WPAN/ble/core/auto/ble_events.c **** }
 2177              		.loc 1 840 1 view .LVU341
 2178 0018 03B0     		add	sp, sp, #12
 2179              		.cfi_def_cfa_offset 4
 2180              		@ sp needed
 2181 001a 00BD     		pop	{pc}
 2182              		.cfi_endproc
 2183              	.LFE75:
 2185              		.section	.text.aci_l2cap_coc_connect_confirm_event,"ax",%progbits
 2186              		.align	1
 2187              		.weak	aci_l2cap_coc_connect_confirm_event
 2188              		.syntax unified
 2189              		.thumb
 2190              		.thumb_func
 2192              	aci_l2cap_coc_connect_confirm_event:
 2193              	.LVL188:
 2194              	.LFB76:
 841:Middlewares/ST/STM32_WPAN/ble/core/auto/ble_events.c **** 
 842:Middlewares/ST/STM32_WPAN/ble/core/auto/ble_events.c **** /* ACI_L2CAP_COC_CONNECT_CONFIRM_EVENT callback function */
 843:Middlewares/ST/STM32_WPAN/ble/core/auto/ble_events.c **** __WEAK void aci_l2cap_coc_connect_confirm_event( uint16_t Connection_Handle,
 844:Middlewares/ST/STM32_WPAN/ble/core/auto/ble_events.c ****                                                  uint16_t MTU,
 845:Middlewares/ST/STM32_WPAN/ble/core/auto/ble_events.c ****                                                  uint16_t MPS,
 846:Middlewares/ST/STM32_WPAN/ble/core/auto/ble_events.c ****                                                  uint16_t Initial_Credits,
ARM GAS  C:\Users\Nathan\AppData\Local\Temp\ccoc0wMg.s 			page 52


 847:Middlewares/ST/STM32_WPAN/ble/core/auto/ble_events.c ****                                                  uint16_t Result,
 848:Middlewares/ST/STM32_WPAN/ble/core/auto/ble_events.c ****                                                  uint8_t Channel_Number,
 849:Middlewares/ST/STM32_WPAN/ble/core/auto/ble_events.c ****                                                  const uint8_t* Channel_Index_List )
 850:Middlewares/ST/STM32_WPAN/ble/core/auto/ble_events.c **** {
 2195              		.loc 1 850 1 is_stmt 1 view -0
 2196              		.cfi_startproc
 2197              		@ args = 12, pretend = 0, frame = 0
 2198              		@ frame_needed = 0, uses_anonymous_args = 0
 2199              		@ link register save eliminated.
 851:Middlewares/ST/STM32_WPAN/ble/core/auto/ble_events.c **** }
 2200              		.loc 1 851 1 view .LVU343
 2201 0000 7047     		bx	lr
 2202              		.cfi_endproc
 2203              	.LFE76:
 2205              		.section	.text.aci_l2cap_coc_connect_confirm_event_process,"ax",%progbits
 2206              		.align	1
 2207              		.syntax unified
 2208              		.thumb
 2209              		.thumb_func
 2211              	aci_l2cap_coc_connect_confirm_event_process:
 2212              	.LVL189:
 2213              	.LFB77:
 852:Middlewares/ST/STM32_WPAN/ble/core/auto/ble_events.c **** 
 853:Middlewares/ST/STM32_WPAN/ble/core/auto/ble_events.c **** /* ACI_L2CAP_COC_CONNECT_CONFIRM_EVENT process function */
 854:Middlewares/ST/STM32_WPAN/ble/core/auto/ble_events.c **** static void aci_l2cap_coc_connect_confirm_event_process( const uint8_t* in )
 855:Middlewares/ST/STM32_WPAN/ble/core/auto/ble_events.c **** {
 2214              		.loc 1 855 1 view -0
 2215              		.cfi_startproc
 2216              		@ args = 0, pretend = 0, frame = 0
 2217              		@ frame_needed = 0, uses_anonymous_args = 0
 2218              		.loc 1 855 1 is_stmt 0 view .LVU345
 2219 0000 00B5     		push	{lr}
 2220              		.cfi_def_cfa_offset 4
 2221              		.cfi_offset 14, -4
 2222 0002 85B0     		sub	sp, sp, #20
 2223              		.cfi_def_cfa_offset 24
 856:Middlewares/ST/STM32_WPAN/ble/core/auto/ble_events.c ****   aci_l2cap_coc_connect_confirm_event_rp0 *rp0 = (void*)in;
 2224              		.loc 1 856 3 is_stmt 1 view .LVU346
 2225              	.LVL190:
 857:Middlewares/ST/STM32_WPAN/ble/core/auto/ble_events.c ****   aci_l2cap_coc_connect_confirm_event( rp0->Connection_Handle,
 2226              		.loc 1 857 3 view .LVU347
 858:Middlewares/ST/STM32_WPAN/ble/core/auto/ble_events.c ****                                        rp0->MTU,
 859:Middlewares/ST/STM32_WPAN/ble/core/auto/ble_events.c ****                                        rp0->MPS,
 860:Middlewares/ST/STM32_WPAN/ble/core/auto/ble_events.c ****                                        rp0->Initial_Credits,
 861:Middlewares/ST/STM32_WPAN/ble/core/auto/ble_events.c ****                                        rp0->Result,
 862:Middlewares/ST/STM32_WPAN/ble/core/auto/ble_events.c ****                                        rp0->Channel_Number,
 863:Middlewares/ST/STM32_WPAN/ble/core/auto/ble_events.c ****                                        rp0->Channel_Index_List );
 2227              		.loc 1 863 43 is_stmt 0 view .LVU348
 2228 0004 00F10B03 		add	r3, r0, #11
 857:Middlewares/ST/STM32_WPAN/ble/core/auto/ble_events.c ****   aci_l2cap_coc_connect_confirm_event( rp0->Connection_Handle,
 2229              		.loc 1 857 3 view .LVU349
 2230 0008 0293     		str	r3, [sp, #8]
 2231 000a 837A     		ldrb	r3, [r0, #10]	@ zero_extendqisi2
 2232 000c 0193     		str	r3, [sp, #4]
 2233 000e 0389     		ldrh	r3, [r0, #8]	@ unaligned
 2234 0010 0093     		str	r3, [sp]
 2235 0012 C388     		ldrh	r3, [r0, #6]	@ unaligned
ARM GAS  C:\Users\Nathan\AppData\Local\Temp\ccoc0wMg.s 			page 53


 2236 0014 8288     		ldrh	r2, [r0, #4]	@ unaligned
 2237 0016 4188     		ldrh	r1, [r0, #2]	@ unaligned
 2238 0018 0088     		ldrh	r0, [r0]	@ unaligned
 2239              	.LVL191:
 857:Middlewares/ST/STM32_WPAN/ble/core/auto/ble_events.c ****   aci_l2cap_coc_connect_confirm_event( rp0->Connection_Handle,
 2240              		.loc 1 857 3 view .LVU350
 2241 001a FFF7FEFF 		bl	aci_l2cap_coc_connect_confirm_event
 2242              	.LVL192:
 864:Middlewares/ST/STM32_WPAN/ble/core/auto/ble_events.c **** }
 2243              		.loc 1 864 1 view .LVU351
 2244 001e 05B0     		add	sp, sp, #20
 2245              		.cfi_def_cfa_offset 4
 2246              		@ sp needed
 2247 0020 00BD     		pop	{pc}
 2248              		.cfi_endproc
 2249              	.LFE77:
 2251              		.section	.text.aci_l2cap_coc_reconf_event,"ax",%progbits
 2252              		.align	1
 2253              		.weak	aci_l2cap_coc_reconf_event
 2254              		.syntax unified
 2255              		.thumb
 2256              		.thumb_func
 2258              	aci_l2cap_coc_reconf_event:
 2259              	.LVL193:
 2260              	.LFB78:
 865:Middlewares/ST/STM32_WPAN/ble/core/auto/ble_events.c **** 
 866:Middlewares/ST/STM32_WPAN/ble/core/auto/ble_events.c **** /* ACI_L2CAP_COC_RECONF_EVENT callback function */
 867:Middlewares/ST/STM32_WPAN/ble/core/auto/ble_events.c **** __WEAK void aci_l2cap_coc_reconf_event( uint16_t Connection_Handle,
 868:Middlewares/ST/STM32_WPAN/ble/core/auto/ble_events.c ****                                         uint16_t MTU,
 869:Middlewares/ST/STM32_WPAN/ble/core/auto/ble_events.c ****                                         uint16_t MPS,
 870:Middlewares/ST/STM32_WPAN/ble/core/auto/ble_events.c ****                                         uint8_t Channel_Number,
 871:Middlewares/ST/STM32_WPAN/ble/core/auto/ble_events.c ****                                         const uint8_t* Channel_Index_List )
 872:Middlewares/ST/STM32_WPAN/ble/core/auto/ble_events.c **** {
 2261              		.loc 1 872 1 is_stmt 1 view -0
 2262              		.cfi_startproc
 2263              		@ args = 4, pretend = 0, frame = 0
 2264              		@ frame_needed = 0, uses_anonymous_args = 0
 2265              		@ link register save eliminated.
 873:Middlewares/ST/STM32_WPAN/ble/core/auto/ble_events.c **** }
 2266              		.loc 1 873 1 view .LVU353
 2267 0000 7047     		bx	lr
 2268              		.cfi_endproc
 2269              	.LFE78:
 2271              		.section	.text.aci_l2cap_coc_reconf_event_process,"ax",%progbits
 2272              		.align	1
 2273              		.syntax unified
 2274              		.thumb
 2275              		.thumb_func
 2277              	aci_l2cap_coc_reconf_event_process:
 2278              	.LVL194:
 2279              	.LFB79:
 874:Middlewares/ST/STM32_WPAN/ble/core/auto/ble_events.c **** 
 875:Middlewares/ST/STM32_WPAN/ble/core/auto/ble_events.c **** /* ACI_L2CAP_COC_RECONF_EVENT process function */
 876:Middlewares/ST/STM32_WPAN/ble/core/auto/ble_events.c **** static void aci_l2cap_coc_reconf_event_process( const uint8_t* in )
 877:Middlewares/ST/STM32_WPAN/ble/core/auto/ble_events.c **** {
 2280              		.loc 1 877 1 view -0
 2281              		.cfi_startproc
ARM GAS  C:\Users\Nathan\AppData\Local\Temp\ccoc0wMg.s 			page 54


 2282              		@ args = 0, pretend = 0, frame = 0
 2283              		@ frame_needed = 0, uses_anonymous_args = 0
 2284              		.loc 1 877 1 is_stmt 0 view .LVU355
 2285 0000 00B5     		push	{lr}
 2286              		.cfi_def_cfa_offset 4
 2287              		.cfi_offset 14, -4
 2288 0002 83B0     		sub	sp, sp, #12
 2289              		.cfi_def_cfa_offset 16
 878:Middlewares/ST/STM32_WPAN/ble/core/auto/ble_events.c ****   aci_l2cap_coc_reconf_event_rp0 *rp0 = (void*)in;
 2290              		.loc 1 878 3 is_stmt 1 view .LVU356
 2291              	.LVL195:
 879:Middlewares/ST/STM32_WPAN/ble/core/auto/ble_events.c ****   aci_l2cap_coc_reconf_event( rp0->Connection_Handle,
 2292              		.loc 1 879 3 view .LVU357
 880:Middlewares/ST/STM32_WPAN/ble/core/auto/ble_events.c ****                               rp0->MTU,
 881:Middlewares/ST/STM32_WPAN/ble/core/auto/ble_events.c ****                               rp0->MPS,
 882:Middlewares/ST/STM32_WPAN/ble/core/auto/ble_events.c ****                               rp0->Channel_Number,
 883:Middlewares/ST/STM32_WPAN/ble/core/auto/ble_events.c ****                               rp0->Channel_Index_List );
 2293              		.loc 1 883 34 is_stmt 0 view .LVU358
 2294 0004 C31D     		adds	r3, r0, #7
 879:Middlewares/ST/STM32_WPAN/ble/core/auto/ble_events.c ****   aci_l2cap_coc_reconf_event( rp0->Connection_Handle,
 2295              		.loc 1 879 3 view .LVU359
 2296 0006 0093     		str	r3, [sp]
 2297 0008 8379     		ldrb	r3, [r0, #6]	@ zero_extendqisi2
 2298 000a 8288     		ldrh	r2, [r0, #4]	@ unaligned
 2299 000c 4188     		ldrh	r1, [r0, #2]	@ unaligned
 2300 000e 0088     		ldrh	r0, [r0]	@ unaligned
 2301              	.LVL196:
 879:Middlewares/ST/STM32_WPAN/ble/core/auto/ble_events.c ****   aci_l2cap_coc_reconf_event( rp0->Connection_Handle,
 2302              		.loc 1 879 3 view .LVU360
 2303 0010 FFF7FEFF 		bl	aci_l2cap_coc_reconf_event
 2304              	.LVL197:
 884:Middlewares/ST/STM32_WPAN/ble/core/auto/ble_events.c **** }
 2305              		.loc 1 884 1 view .LVU361
 2306 0014 03B0     		add	sp, sp, #12
 2307              		.cfi_def_cfa_offset 4
 2308              		@ sp needed
 2309 0016 00BD     		pop	{pc}
 2310              		.cfi_endproc
 2311              	.LFE79:
 2313              		.section	.text.aci_l2cap_coc_reconf_confirm_event,"ax",%progbits
 2314              		.align	1
 2315              		.weak	aci_l2cap_coc_reconf_confirm_event
 2316              		.syntax unified
 2317              		.thumb
 2318              		.thumb_func
 2320              	aci_l2cap_coc_reconf_confirm_event:
 2321              	.LVL198:
 2322              	.LFB80:
 885:Middlewares/ST/STM32_WPAN/ble/core/auto/ble_events.c **** 
 886:Middlewares/ST/STM32_WPAN/ble/core/auto/ble_events.c **** /* ACI_L2CAP_COC_RECONF_CONFIRM_EVENT callback function */
 887:Middlewares/ST/STM32_WPAN/ble/core/auto/ble_events.c **** __WEAK void aci_l2cap_coc_reconf_confirm_event( uint16_t Connection_Handle,
 888:Middlewares/ST/STM32_WPAN/ble/core/auto/ble_events.c ****                                                 uint16_t Result )
 889:Middlewares/ST/STM32_WPAN/ble/core/auto/ble_events.c **** {
 2323              		.loc 1 889 1 is_stmt 1 view -0
 2324              		.cfi_startproc
 2325              		@ args = 0, pretend = 0, frame = 0
 2326              		@ frame_needed = 0, uses_anonymous_args = 0
ARM GAS  C:\Users\Nathan\AppData\Local\Temp\ccoc0wMg.s 			page 55


 2327              		@ link register save eliminated.
 890:Middlewares/ST/STM32_WPAN/ble/core/auto/ble_events.c **** }
 2328              		.loc 1 890 1 view .LVU363
 2329 0000 7047     		bx	lr
 2330              		.cfi_endproc
 2331              	.LFE80:
 2333              		.section	.text.aci_l2cap_coc_reconf_confirm_event_process,"ax",%progbits
 2334              		.align	1
 2335              		.syntax unified
 2336              		.thumb
 2337              		.thumb_func
 2339              	aci_l2cap_coc_reconf_confirm_event_process:
 2340              	.LVL199:
 2341              	.LFB81:
 891:Middlewares/ST/STM32_WPAN/ble/core/auto/ble_events.c **** 
 892:Middlewares/ST/STM32_WPAN/ble/core/auto/ble_events.c **** /* ACI_L2CAP_COC_RECONF_CONFIRM_EVENT process function */
 893:Middlewares/ST/STM32_WPAN/ble/core/auto/ble_events.c **** static void aci_l2cap_coc_reconf_confirm_event_process( const uint8_t* in )
 894:Middlewares/ST/STM32_WPAN/ble/core/auto/ble_events.c **** {
 2342              		.loc 1 894 1 view -0
 2343              		.cfi_startproc
 2344              		@ args = 0, pretend = 0, frame = 0
 2345              		@ frame_needed = 0, uses_anonymous_args = 0
 2346              		.loc 1 894 1 is_stmt 0 view .LVU365
 2347 0000 08B5     		push	{r3, lr}
 2348              		.cfi_def_cfa_offset 8
 2349              		.cfi_offset 3, -8
 2350              		.cfi_offset 14, -4
 895:Middlewares/ST/STM32_WPAN/ble/core/auto/ble_events.c ****   aci_l2cap_coc_reconf_confirm_event_rp0 *rp0 = (void*)in;
 2351              		.loc 1 895 3 is_stmt 1 view .LVU366
 2352              	.LVL200:
 896:Middlewares/ST/STM32_WPAN/ble/core/auto/ble_events.c ****   aci_l2cap_coc_reconf_confirm_event( rp0->Connection_Handle,
 2353              		.loc 1 896 3 view .LVU367
 2354 0002 4188     		ldrh	r1, [r0, #2]	@ unaligned
 2355 0004 0088     		ldrh	r0, [r0]	@ unaligned
 2356              	.LVL201:
 2357              		.loc 1 896 3 is_stmt 0 view .LVU368
 2358 0006 FFF7FEFF 		bl	aci_l2cap_coc_reconf_confirm_event
 2359              	.LVL202:
 897:Middlewares/ST/STM32_WPAN/ble/core/auto/ble_events.c ****                                       rp0->Result );
 898:Middlewares/ST/STM32_WPAN/ble/core/auto/ble_events.c **** }
 2360              		.loc 1 898 1 view .LVU369
 2361 000a 08BD     		pop	{r3, pc}
 2362              		.cfi_endproc
 2363              	.LFE81:
 2365              		.section	.text.aci_l2cap_coc_disconnect_event,"ax",%progbits
 2366              		.align	1
 2367              		.weak	aci_l2cap_coc_disconnect_event
 2368              		.syntax unified
 2369              		.thumb
 2370              		.thumb_func
 2372              	aci_l2cap_coc_disconnect_event:
 2373              	.LVL203:
 2374              	.LFB82:
 899:Middlewares/ST/STM32_WPAN/ble/core/auto/ble_events.c **** 
 900:Middlewares/ST/STM32_WPAN/ble/core/auto/ble_events.c **** /* ACI_L2CAP_COC_DISCONNECT_EVENT callback function */
 901:Middlewares/ST/STM32_WPAN/ble/core/auto/ble_events.c **** __WEAK void aci_l2cap_coc_disconnect_event( uint8_t Channel_Index )
 902:Middlewares/ST/STM32_WPAN/ble/core/auto/ble_events.c **** {
ARM GAS  C:\Users\Nathan\AppData\Local\Temp\ccoc0wMg.s 			page 56


 2375              		.loc 1 902 1 is_stmt 1 view -0
 2376              		.cfi_startproc
 2377              		@ args = 0, pretend = 0, frame = 0
 2378              		@ frame_needed = 0, uses_anonymous_args = 0
 2379              		@ link register save eliminated.
 903:Middlewares/ST/STM32_WPAN/ble/core/auto/ble_events.c **** }
 2380              		.loc 1 903 1 view .LVU371
 2381 0000 7047     		bx	lr
 2382              		.cfi_endproc
 2383              	.LFE82:
 2385              		.section	.text.aci_l2cap_coc_disconnect_event_process,"ax",%progbits
 2386              		.align	1
 2387              		.syntax unified
 2388              		.thumb
 2389              		.thumb_func
 2391              	aci_l2cap_coc_disconnect_event_process:
 2392              	.LVL204:
 2393              	.LFB83:
 904:Middlewares/ST/STM32_WPAN/ble/core/auto/ble_events.c **** 
 905:Middlewares/ST/STM32_WPAN/ble/core/auto/ble_events.c **** /* ACI_L2CAP_COC_DISCONNECT_EVENT process function */
 906:Middlewares/ST/STM32_WPAN/ble/core/auto/ble_events.c **** static void aci_l2cap_coc_disconnect_event_process( const uint8_t* in )
 907:Middlewares/ST/STM32_WPAN/ble/core/auto/ble_events.c **** {
 2394              		.loc 1 907 1 view -0
 2395              		.cfi_startproc
 2396              		@ args = 0, pretend = 0, frame = 0
 2397              		@ frame_needed = 0, uses_anonymous_args = 0
 2398              		.loc 1 907 1 is_stmt 0 view .LVU373
 2399 0000 08B5     		push	{r3, lr}
 2400              		.cfi_def_cfa_offset 8
 2401              		.cfi_offset 3, -8
 2402              		.cfi_offset 14, -4
 908:Middlewares/ST/STM32_WPAN/ble/core/auto/ble_events.c ****   aci_l2cap_coc_disconnect_event_rp0 *rp0 = (void*)in;
 2403              		.loc 1 908 3 is_stmt 1 view .LVU374
 2404              	.LVL205:
 909:Middlewares/ST/STM32_WPAN/ble/core/auto/ble_events.c ****   aci_l2cap_coc_disconnect_event( rp0->Channel_Index );
 2405              		.loc 1 909 3 view .LVU375
 2406 0002 0078     		ldrb	r0, [r0]	@ zero_extendqisi2
 2407              	.LVL206:
 2408              		.loc 1 909 3 is_stmt 0 view .LVU376
 2409 0004 FFF7FEFF 		bl	aci_l2cap_coc_disconnect_event
 2410              	.LVL207:
 910:Middlewares/ST/STM32_WPAN/ble/core/auto/ble_events.c **** }
 2411              		.loc 1 910 1 view .LVU377
 2412 0008 08BD     		pop	{r3, pc}
 2413              		.cfi_endproc
 2414              	.LFE83:
 2416              		.section	.text.aci_l2cap_coc_flow_control_event,"ax",%progbits
 2417              		.align	1
 2418              		.weak	aci_l2cap_coc_flow_control_event
 2419              		.syntax unified
 2420              		.thumb
 2421              		.thumb_func
 2423              	aci_l2cap_coc_flow_control_event:
 2424              	.LVL208:
 2425              	.LFB84:
 911:Middlewares/ST/STM32_WPAN/ble/core/auto/ble_events.c **** 
 912:Middlewares/ST/STM32_WPAN/ble/core/auto/ble_events.c **** /* ACI_L2CAP_COC_FLOW_CONTROL_EVENT callback function */
ARM GAS  C:\Users\Nathan\AppData\Local\Temp\ccoc0wMg.s 			page 57


 913:Middlewares/ST/STM32_WPAN/ble/core/auto/ble_events.c **** __WEAK void aci_l2cap_coc_flow_control_event( uint8_t Channel_Index,
 914:Middlewares/ST/STM32_WPAN/ble/core/auto/ble_events.c ****                                               uint16_t Credits )
 915:Middlewares/ST/STM32_WPAN/ble/core/auto/ble_events.c **** {
 2426              		.loc 1 915 1 is_stmt 1 view -0
 2427              		.cfi_startproc
 2428              		@ args = 0, pretend = 0, frame = 0
 2429              		@ frame_needed = 0, uses_anonymous_args = 0
 2430              		@ link register save eliminated.
 916:Middlewares/ST/STM32_WPAN/ble/core/auto/ble_events.c **** }
 2431              		.loc 1 916 1 view .LVU379
 2432 0000 7047     		bx	lr
 2433              		.cfi_endproc
 2434              	.LFE84:
 2436              		.section	.text.aci_l2cap_coc_flow_control_event_process,"ax",%progbits
 2437              		.align	1
 2438              		.syntax unified
 2439              		.thumb
 2440              		.thumb_func
 2442              	aci_l2cap_coc_flow_control_event_process:
 2443              	.LVL209:
 2444              	.LFB85:
 917:Middlewares/ST/STM32_WPAN/ble/core/auto/ble_events.c **** 
 918:Middlewares/ST/STM32_WPAN/ble/core/auto/ble_events.c **** /* ACI_L2CAP_COC_FLOW_CONTROL_EVENT process function */
 919:Middlewares/ST/STM32_WPAN/ble/core/auto/ble_events.c **** static void aci_l2cap_coc_flow_control_event_process( const uint8_t* in )
 920:Middlewares/ST/STM32_WPAN/ble/core/auto/ble_events.c **** {
 2445              		.loc 1 920 1 view -0
 2446              		.cfi_startproc
 2447              		@ args = 0, pretend = 0, frame = 0
 2448              		@ frame_needed = 0, uses_anonymous_args = 0
 2449              		.loc 1 920 1 is_stmt 0 view .LVU381
 2450 0000 08B5     		push	{r3, lr}
 2451              		.cfi_def_cfa_offset 8
 2452              		.cfi_offset 3, -8
 2453              		.cfi_offset 14, -4
 921:Middlewares/ST/STM32_WPAN/ble/core/auto/ble_events.c ****   aci_l2cap_coc_flow_control_event_rp0 *rp0 = (void*)in;
 2454              		.loc 1 921 3 is_stmt 1 view .LVU382
 2455              	.LVL210:
 922:Middlewares/ST/STM32_WPAN/ble/core/auto/ble_events.c ****   aci_l2cap_coc_flow_control_event( rp0->Channel_Index,
 2456              		.loc 1 922 3 view .LVU383
 2457 0002 B0F80110 		ldrh	r1, [r0, #1]	@ unaligned
 2458 0006 0078     		ldrb	r0, [r0]	@ zero_extendqisi2
 2459              	.LVL211:
 2460              		.loc 1 922 3 is_stmt 0 view .LVU384
 2461 0008 FFF7FEFF 		bl	aci_l2cap_coc_flow_control_event
 2462              	.LVL212:
 923:Middlewares/ST/STM32_WPAN/ble/core/auto/ble_events.c ****                                     rp0->Credits );
 924:Middlewares/ST/STM32_WPAN/ble/core/auto/ble_events.c **** }
 2463              		.loc 1 924 1 view .LVU385
 2464 000c 08BD     		pop	{r3, pc}
 2465              		.cfi_endproc
 2466              	.LFE85:
 2468              		.section	.text.aci_l2cap_coc_rx_data_event,"ax",%progbits
 2469              		.align	1
 2470              		.weak	aci_l2cap_coc_rx_data_event
 2471              		.syntax unified
 2472              		.thumb
 2473              		.thumb_func
ARM GAS  C:\Users\Nathan\AppData\Local\Temp\ccoc0wMg.s 			page 58


 2475              	aci_l2cap_coc_rx_data_event:
 2476              	.LVL213:
 2477              	.LFB86:
 925:Middlewares/ST/STM32_WPAN/ble/core/auto/ble_events.c **** 
 926:Middlewares/ST/STM32_WPAN/ble/core/auto/ble_events.c **** /* ACI_L2CAP_COC_RX_DATA_EVENT callback function */
 927:Middlewares/ST/STM32_WPAN/ble/core/auto/ble_events.c **** __WEAK void aci_l2cap_coc_rx_data_event( uint8_t Channel_Index,
 928:Middlewares/ST/STM32_WPAN/ble/core/auto/ble_events.c ****                                          uint16_t Length,
 929:Middlewares/ST/STM32_WPAN/ble/core/auto/ble_events.c ****                                          const uint8_t* Data )
 930:Middlewares/ST/STM32_WPAN/ble/core/auto/ble_events.c **** {
 2478              		.loc 1 930 1 is_stmt 1 view -0
 2479              		.cfi_startproc
 2480              		@ args = 0, pretend = 0, frame = 0
 2481              		@ frame_needed = 0, uses_anonymous_args = 0
 2482              		@ link register save eliminated.
 931:Middlewares/ST/STM32_WPAN/ble/core/auto/ble_events.c **** }
 2483              		.loc 1 931 1 view .LVU387
 2484 0000 7047     		bx	lr
 2485              		.cfi_endproc
 2486              	.LFE86:
 2488              		.section	.text.aci_l2cap_coc_rx_data_event_process,"ax",%progbits
 2489              		.align	1
 2490              		.syntax unified
 2491              		.thumb
 2492              		.thumb_func
 2494              	aci_l2cap_coc_rx_data_event_process:
 2495              	.LVL214:
 2496              	.LFB87:
 932:Middlewares/ST/STM32_WPAN/ble/core/auto/ble_events.c **** 
 933:Middlewares/ST/STM32_WPAN/ble/core/auto/ble_events.c **** /* ACI_L2CAP_COC_RX_DATA_EVENT process function */
 934:Middlewares/ST/STM32_WPAN/ble/core/auto/ble_events.c **** static void aci_l2cap_coc_rx_data_event_process( const uint8_t* in )
 935:Middlewares/ST/STM32_WPAN/ble/core/auto/ble_events.c **** {
 2497              		.loc 1 935 1 view -0
 2498              		.cfi_startproc
 2499              		@ args = 0, pretend = 0, frame = 0
 2500              		@ frame_needed = 0, uses_anonymous_args = 0
 2501              		.loc 1 935 1 is_stmt 0 view .LVU389
 2502 0000 08B5     		push	{r3, lr}
 2503              		.cfi_def_cfa_offset 8
 2504              		.cfi_offset 3, -8
 2505              		.cfi_offset 14, -4
 936:Middlewares/ST/STM32_WPAN/ble/core/auto/ble_events.c ****   aci_l2cap_coc_rx_data_event_rp0 *rp0 = (void*)in;
 2506              		.loc 1 936 3 is_stmt 1 view .LVU390
 2507              	.LVL215:
 937:Middlewares/ST/STM32_WPAN/ble/core/auto/ble_events.c ****   aci_l2cap_coc_rx_data_event( rp0->Channel_Index,
 2508              		.loc 1 937 3 view .LVU391
 2509 0002 C21C     		adds	r2, r0, #3
 2510 0004 B0F80110 		ldrh	r1, [r0, #1]	@ unaligned
 2511 0008 0078     		ldrb	r0, [r0]	@ zero_extendqisi2
 2512              	.LVL216:
 2513              		.loc 1 937 3 is_stmt 0 view .LVU392
 2514 000a FFF7FEFF 		bl	aci_l2cap_coc_rx_data_event
 2515              	.LVL217:
 938:Middlewares/ST/STM32_WPAN/ble/core/auto/ble_events.c ****                                rp0->Length,
 939:Middlewares/ST/STM32_WPAN/ble/core/auto/ble_events.c ****                                rp0->Data );
 940:Middlewares/ST/STM32_WPAN/ble/core/auto/ble_events.c **** }
 2516              		.loc 1 940 1 view .LVU393
 2517 000e 08BD     		pop	{r3, pc}
ARM GAS  C:\Users\Nathan\AppData\Local\Temp\ccoc0wMg.s 			page 59


 2518              		.cfi_endproc
 2519              	.LFE87:
 2521              		.section	.text.aci_l2cap_coc_tx_pool_available_event,"ax",%progbits
 2522              		.align	1
 2523              		.weak	aci_l2cap_coc_tx_pool_available_event
 2524              		.syntax unified
 2525              		.thumb
 2526              		.thumb_func
 2528              	aci_l2cap_coc_tx_pool_available_event:
 2529              	.LFB88:
 941:Middlewares/ST/STM32_WPAN/ble/core/auto/ble_events.c **** 
 942:Middlewares/ST/STM32_WPAN/ble/core/auto/ble_events.c **** /* ACI_L2CAP_COC_TX_POOL_AVAILABLE_EVENT callback function */
 943:Middlewares/ST/STM32_WPAN/ble/core/auto/ble_events.c **** __WEAK void aci_l2cap_coc_tx_pool_available_event( void )
 944:Middlewares/ST/STM32_WPAN/ble/core/auto/ble_events.c **** {
 2530              		.loc 1 944 1 is_stmt 1 view -0
 2531              		.cfi_startproc
 2532              		@ args = 0, pretend = 0, frame = 0
 2533              		@ frame_needed = 0, uses_anonymous_args = 0
 2534              		@ link register save eliminated.
 945:Middlewares/ST/STM32_WPAN/ble/core/auto/ble_events.c **** }
 2535              		.loc 1 945 1 view .LVU395
 2536 0000 7047     		bx	lr
 2537              		.cfi_endproc
 2538              	.LFE88:
 2540              		.section	.text.aci_l2cap_coc_tx_pool_available_event_process,"ax",%progbits
 2541              		.align	1
 2542              		.syntax unified
 2543              		.thumb
 2544              		.thumb_func
 2546              	aci_l2cap_coc_tx_pool_available_event_process:
 2547              	.LVL218:
 2548              	.LFB89:
 946:Middlewares/ST/STM32_WPAN/ble/core/auto/ble_events.c **** 
 947:Middlewares/ST/STM32_WPAN/ble/core/auto/ble_events.c **** /* ACI_L2CAP_COC_TX_POOL_AVAILABLE_EVENT process function */
 948:Middlewares/ST/STM32_WPAN/ble/core/auto/ble_events.c **** static void aci_l2cap_coc_tx_pool_available_event_process( const uint8_t* in )
 949:Middlewares/ST/STM32_WPAN/ble/core/auto/ble_events.c **** {
 2549              		.loc 1 949 1 view -0
 2550              		.cfi_startproc
 2551              		@ args = 0, pretend = 0, frame = 0
 2552              		@ frame_needed = 0, uses_anonymous_args = 0
 2553              		.loc 1 949 1 is_stmt 0 view .LVU397
 2554 0000 08B5     		push	{r3, lr}
 2555              		.cfi_def_cfa_offset 8
 2556              		.cfi_offset 3, -8
 2557              		.cfi_offset 14, -4
 950:Middlewares/ST/STM32_WPAN/ble/core/auto/ble_events.c ****   aci_l2cap_coc_tx_pool_available_event( );
 2558              		.loc 1 950 3 is_stmt 1 view .LVU398
 2559 0002 FFF7FEFF 		bl	aci_l2cap_coc_tx_pool_available_event
 2560              	.LVL219:
 951:Middlewares/ST/STM32_WPAN/ble/core/auto/ble_events.c **** }
 2561              		.loc 1 951 1 is_stmt 0 view .LVU399
 2562 0006 08BD     		pop	{r3, pc}
 2563              		.cfi_endproc
 2564              	.LFE89:
 2566              		.section	.text.aci_gatt_attribute_modified_event,"ax",%progbits
 2567              		.align	1
 2568              		.weak	aci_gatt_attribute_modified_event
ARM GAS  C:\Users\Nathan\AppData\Local\Temp\ccoc0wMg.s 			page 60


 2569              		.syntax unified
 2570              		.thumb
 2571              		.thumb_func
 2573              	aci_gatt_attribute_modified_event:
 2574              	.LVL220:
 2575              	.LFB90:
 952:Middlewares/ST/STM32_WPAN/ble/core/auto/ble_events.c **** 
 953:Middlewares/ST/STM32_WPAN/ble/core/auto/ble_events.c **** /* ACI_GATT_ATTRIBUTE_MODIFIED_EVENT callback function */
 954:Middlewares/ST/STM32_WPAN/ble/core/auto/ble_events.c **** __WEAK void aci_gatt_attribute_modified_event( uint16_t Connection_Handle,
 955:Middlewares/ST/STM32_WPAN/ble/core/auto/ble_events.c ****                                                uint16_t Attr_Handle,
 956:Middlewares/ST/STM32_WPAN/ble/core/auto/ble_events.c ****                                                uint16_t Offset,
 957:Middlewares/ST/STM32_WPAN/ble/core/auto/ble_events.c ****                                                uint16_t Attr_Data_Length,
 958:Middlewares/ST/STM32_WPAN/ble/core/auto/ble_events.c ****                                                const uint8_t* Attr_Data )
 959:Middlewares/ST/STM32_WPAN/ble/core/auto/ble_events.c **** {
 2576              		.loc 1 959 1 is_stmt 1 view -0
 2577              		.cfi_startproc
 2578              		@ args = 4, pretend = 0, frame = 0
 2579              		@ frame_needed = 0, uses_anonymous_args = 0
 2580              		@ link register save eliminated.
 960:Middlewares/ST/STM32_WPAN/ble/core/auto/ble_events.c **** }
 2581              		.loc 1 960 1 view .LVU401
 2582 0000 7047     		bx	lr
 2583              		.cfi_endproc
 2584              	.LFE90:
 2586              		.section	.text.aci_gatt_attribute_modified_event_process,"ax",%progbits
 2587              		.align	1
 2588              		.syntax unified
 2589              		.thumb
 2590              		.thumb_func
 2592              	aci_gatt_attribute_modified_event_process:
 2593              	.LVL221:
 2594              	.LFB91:
 961:Middlewares/ST/STM32_WPAN/ble/core/auto/ble_events.c **** 
 962:Middlewares/ST/STM32_WPAN/ble/core/auto/ble_events.c **** /* ACI_GATT_ATTRIBUTE_MODIFIED_EVENT process function */
 963:Middlewares/ST/STM32_WPAN/ble/core/auto/ble_events.c **** static void aci_gatt_attribute_modified_event_process( const uint8_t* in )
 964:Middlewares/ST/STM32_WPAN/ble/core/auto/ble_events.c **** {
 2595              		.loc 1 964 1 view -0
 2596              		.cfi_startproc
 2597              		@ args = 0, pretend = 0, frame = 0
 2598              		@ frame_needed = 0, uses_anonymous_args = 0
 2599              		.loc 1 964 1 is_stmt 0 view .LVU403
 2600 0000 00B5     		push	{lr}
 2601              		.cfi_def_cfa_offset 4
 2602              		.cfi_offset 14, -4
 2603 0002 83B0     		sub	sp, sp, #12
 2604              		.cfi_def_cfa_offset 16
 965:Middlewares/ST/STM32_WPAN/ble/core/auto/ble_events.c ****   aci_gatt_attribute_modified_event_rp0 *rp0 = (void*)in;
 2605              		.loc 1 965 3 is_stmt 1 view .LVU404
 2606              	.LVL222:
 966:Middlewares/ST/STM32_WPAN/ble/core/auto/ble_events.c ****   aci_gatt_attribute_modified_event( rp0->Connection_Handle,
 2607              		.loc 1 966 3 view .LVU405
 967:Middlewares/ST/STM32_WPAN/ble/core/auto/ble_events.c ****                                      rp0->Attr_Handle,
 968:Middlewares/ST/STM32_WPAN/ble/core/auto/ble_events.c ****                                      rp0->Offset,
 969:Middlewares/ST/STM32_WPAN/ble/core/auto/ble_events.c ****                                      rp0->Attr_Data_Length,
 970:Middlewares/ST/STM32_WPAN/ble/core/auto/ble_events.c ****                                      rp0->Attr_Data );
 2608              		.loc 1 970 41 is_stmt 0 view .LVU406
 2609 0004 00F10803 		add	r3, r0, #8
ARM GAS  C:\Users\Nathan\AppData\Local\Temp\ccoc0wMg.s 			page 61


 966:Middlewares/ST/STM32_WPAN/ble/core/auto/ble_events.c ****   aci_gatt_attribute_modified_event( rp0->Connection_Handle,
 2610              		.loc 1 966 3 view .LVU407
 2611 0008 0093     		str	r3, [sp]
 2612 000a C388     		ldrh	r3, [r0, #6]	@ unaligned
 2613 000c 8288     		ldrh	r2, [r0, #4]	@ unaligned
 2614 000e 4188     		ldrh	r1, [r0, #2]	@ unaligned
 2615 0010 0088     		ldrh	r0, [r0]	@ unaligned
 2616              	.LVL223:
 966:Middlewares/ST/STM32_WPAN/ble/core/auto/ble_events.c ****   aci_gatt_attribute_modified_event( rp0->Connection_Handle,
 2617              		.loc 1 966 3 view .LVU408
 2618 0012 FFF7FEFF 		bl	aci_gatt_attribute_modified_event
 2619              	.LVL224:
 971:Middlewares/ST/STM32_WPAN/ble/core/auto/ble_events.c **** }
 2620              		.loc 1 971 1 view .LVU409
 2621 0016 03B0     		add	sp, sp, #12
 2622              		.cfi_def_cfa_offset 4
 2623              		@ sp needed
 2624 0018 00BD     		pop	{pc}
 2625              		.cfi_endproc
 2626              	.LFE91:
 2628              		.section	.text.aci_gatt_proc_timeout_event,"ax",%progbits
 2629              		.align	1
 2630              		.weak	aci_gatt_proc_timeout_event
 2631              		.syntax unified
 2632              		.thumb
 2633              		.thumb_func
 2635              	aci_gatt_proc_timeout_event:
 2636              	.LVL225:
 2637              	.LFB92:
 972:Middlewares/ST/STM32_WPAN/ble/core/auto/ble_events.c **** 
 973:Middlewares/ST/STM32_WPAN/ble/core/auto/ble_events.c **** /* ACI_GATT_PROC_TIMEOUT_EVENT callback function */
 974:Middlewares/ST/STM32_WPAN/ble/core/auto/ble_events.c **** __WEAK void aci_gatt_proc_timeout_event( uint16_t Connection_Handle )
 975:Middlewares/ST/STM32_WPAN/ble/core/auto/ble_events.c **** {
 2638              		.loc 1 975 1 is_stmt 1 view -0
 2639              		.cfi_startproc
 2640              		@ args = 0, pretend = 0, frame = 0
 2641              		@ frame_needed = 0, uses_anonymous_args = 0
 2642              		@ link register save eliminated.
 976:Middlewares/ST/STM32_WPAN/ble/core/auto/ble_events.c **** }
 2643              		.loc 1 976 1 view .LVU411
 2644 0000 7047     		bx	lr
 2645              		.cfi_endproc
 2646              	.LFE92:
 2648              		.section	.text.aci_gatt_proc_timeout_event_process,"ax",%progbits
 2649              		.align	1
 2650              		.syntax unified
 2651              		.thumb
 2652              		.thumb_func
 2654              	aci_gatt_proc_timeout_event_process:
 2655              	.LVL226:
 2656              	.LFB93:
 977:Middlewares/ST/STM32_WPAN/ble/core/auto/ble_events.c **** 
 978:Middlewares/ST/STM32_WPAN/ble/core/auto/ble_events.c **** /* ACI_GATT_PROC_TIMEOUT_EVENT process function */
 979:Middlewares/ST/STM32_WPAN/ble/core/auto/ble_events.c **** static void aci_gatt_proc_timeout_event_process( const uint8_t* in )
 980:Middlewares/ST/STM32_WPAN/ble/core/auto/ble_events.c **** {
 2657              		.loc 1 980 1 view -0
 2658              		.cfi_startproc
ARM GAS  C:\Users\Nathan\AppData\Local\Temp\ccoc0wMg.s 			page 62


 2659              		@ args = 0, pretend = 0, frame = 0
 2660              		@ frame_needed = 0, uses_anonymous_args = 0
 2661              		.loc 1 980 1 is_stmt 0 view .LVU413
 2662 0000 08B5     		push	{r3, lr}
 2663              		.cfi_def_cfa_offset 8
 2664              		.cfi_offset 3, -8
 2665              		.cfi_offset 14, -4
 981:Middlewares/ST/STM32_WPAN/ble/core/auto/ble_events.c ****   aci_gatt_proc_timeout_event_rp0 *rp0 = (void*)in;
 2666              		.loc 1 981 3 is_stmt 1 view .LVU414
 2667              	.LVL227:
 982:Middlewares/ST/STM32_WPAN/ble/core/auto/ble_events.c ****   aci_gatt_proc_timeout_event( rp0->Connection_Handle );
 2668              		.loc 1 982 3 view .LVU415
 2669 0002 0088     		ldrh	r0, [r0]	@ unaligned
 2670              	.LVL228:
 2671              		.loc 1 982 3 is_stmt 0 view .LVU416
 2672 0004 FFF7FEFF 		bl	aci_gatt_proc_timeout_event
 2673              	.LVL229:
 983:Middlewares/ST/STM32_WPAN/ble/core/auto/ble_events.c **** }
 2674              		.loc 1 983 1 view .LVU417
 2675 0008 08BD     		pop	{r3, pc}
 2676              		.cfi_endproc
 2677              	.LFE93:
 2679              		.section	.text.aci_att_exchange_mtu_resp_event,"ax",%progbits
 2680              		.align	1
 2681              		.weak	aci_att_exchange_mtu_resp_event
 2682              		.syntax unified
 2683              		.thumb
 2684              		.thumb_func
 2686              	aci_att_exchange_mtu_resp_event:
 2687              	.LVL230:
 2688              	.LFB94:
 984:Middlewares/ST/STM32_WPAN/ble/core/auto/ble_events.c **** 
 985:Middlewares/ST/STM32_WPAN/ble/core/auto/ble_events.c **** /* ACI_ATT_EXCHANGE_MTU_RESP_EVENT callback function */
 986:Middlewares/ST/STM32_WPAN/ble/core/auto/ble_events.c **** __WEAK void aci_att_exchange_mtu_resp_event( uint16_t Connection_Handle,
 987:Middlewares/ST/STM32_WPAN/ble/core/auto/ble_events.c ****                                              uint16_t Server_RX_MTU )
 988:Middlewares/ST/STM32_WPAN/ble/core/auto/ble_events.c **** {
 2689              		.loc 1 988 1 is_stmt 1 view -0
 2690              		.cfi_startproc
 2691              		@ args = 0, pretend = 0, frame = 0
 2692              		@ frame_needed = 0, uses_anonymous_args = 0
 2693              		@ link register save eliminated.
 989:Middlewares/ST/STM32_WPAN/ble/core/auto/ble_events.c **** }
 2694              		.loc 1 989 1 view .LVU419
 2695 0000 7047     		bx	lr
 2696              		.cfi_endproc
 2697              	.LFE94:
 2699              		.section	.text.aci_att_exchange_mtu_resp_event_process,"ax",%progbits
 2700              		.align	1
 2701              		.syntax unified
 2702              		.thumb
 2703              		.thumb_func
 2705              	aci_att_exchange_mtu_resp_event_process:
 2706              	.LVL231:
 2707              	.LFB95:
 990:Middlewares/ST/STM32_WPAN/ble/core/auto/ble_events.c **** 
 991:Middlewares/ST/STM32_WPAN/ble/core/auto/ble_events.c **** /* ACI_ATT_EXCHANGE_MTU_RESP_EVENT process function */
 992:Middlewares/ST/STM32_WPAN/ble/core/auto/ble_events.c **** static void aci_att_exchange_mtu_resp_event_process( const uint8_t* in )
ARM GAS  C:\Users\Nathan\AppData\Local\Temp\ccoc0wMg.s 			page 63


 993:Middlewares/ST/STM32_WPAN/ble/core/auto/ble_events.c **** {
 2708              		.loc 1 993 1 view -0
 2709              		.cfi_startproc
 2710              		@ args = 0, pretend = 0, frame = 0
 2711              		@ frame_needed = 0, uses_anonymous_args = 0
 2712              		.loc 1 993 1 is_stmt 0 view .LVU421
 2713 0000 08B5     		push	{r3, lr}
 2714              		.cfi_def_cfa_offset 8
 2715              		.cfi_offset 3, -8
 2716              		.cfi_offset 14, -4
 994:Middlewares/ST/STM32_WPAN/ble/core/auto/ble_events.c ****   aci_att_exchange_mtu_resp_event_rp0 *rp0 = (void*)in;
 2717              		.loc 1 994 3 is_stmt 1 view .LVU422
 2718              	.LVL232:
 995:Middlewares/ST/STM32_WPAN/ble/core/auto/ble_events.c ****   aci_att_exchange_mtu_resp_event( rp0->Connection_Handle,
 2719              		.loc 1 995 3 view .LVU423
 2720 0002 4188     		ldrh	r1, [r0, #2]	@ unaligned
 2721 0004 0088     		ldrh	r0, [r0]	@ unaligned
 2722              	.LVL233:
 2723              		.loc 1 995 3 is_stmt 0 view .LVU424
 2724 0006 FFF7FEFF 		bl	aci_att_exchange_mtu_resp_event
 2725              	.LVL234:
 996:Middlewares/ST/STM32_WPAN/ble/core/auto/ble_events.c ****                                    rp0->Server_RX_MTU );
 997:Middlewares/ST/STM32_WPAN/ble/core/auto/ble_events.c **** }
 2726              		.loc 1 997 1 view .LVU425
 2727 000a 08BD     		pop	{r3, pc}
 2728              		.cfi_endproc
 2729              	.LFE95:
 2731              		.section	.text.aci_att_find_info_resp_event,"ax",%progbits
 2732              		.align	1
 2733              		.weak	aci_att_find_info_resp_event
 2734              		.syntax unified
 2735              		.thumb
 2736              		.thumb_func
 2738              	aci_att_find_info_resp_event:
 2739              	.LVL235:
 2740              	.LFB96:
 998:Middlewares/ST/STM32_WPAN/ble/core/auto/ble_events.c **** 
 999:Middlewares/ST/STM32_WPAN/ble/core/auto/ble_events.c **** /* ACI_ATT_FIND_INFO_RESP_EVENT callback function */
1000:Middlewares/ST/STM32_WPAN/ble/core/auto/ble_events.c **** __WEAK void aci_att_find_info_resp_event( uint16_t Connection_Handle,
1001:Middlewares/ST/STM32_WPAN/ble/core/auto/ble_events.c ****                                           uint8_t Format,
1002:Middlewares/ST/STM32_WPAN/ble/core/auto/ble_events.c ****                                           uint8_t Event_Data_Length,
1003:Middlewares/ST/STM32_WPAN/ble/core/auto/ble_events.c ****                                           const uint8_t* Handle_UUID_Pair )
1004:Middlewares/ST/STM32_WPAN/ble/core/auto/ble_events.c **** {
 2741              		.loc 1 1004 1 is_stmt 1 view -0
 2742              		.cfi_startproc
 2743              		@ args = 0, pretend = 0, frame = 0
 2744              		@ frame_needed = 0, uses_anonymous_args = 0
 2745              		@ link register save eliminated.
1005:Middlewares/ST/STM32_WPAN/ble/core/auto/ble_events.c **** }
 2746              		.loc 1 1005 1 view .LVU427
 2747 0000 7047     		bx	lr
 2748              		.cfi_endproc
 2749              	.LFE96:
 2751              		.section	.text.aci_att_find_info_resp_event_process,"ax",%progbits
 2752              		.align	1
 2753              		.syntax unified
 2754              		.thumb
ARM GAS  C:\Users\Nathan\AppData\Local\Temp\ccoc0wMg.s 			page 64


 2755              		.thumb_func
 2757              	aci_att_find_info_resp_event_process:
 2758              	.LVL236:
 2759              	.LFB97:
1006:Middlewares/ST/STM32_WPAN/ble/core/auto/ble_events.c **** 
1007:Middlewares/ST/STM32_WPAN/ble/core/auto/ble_events.c **** /* ACI_ATT_FIND_INFO_RESP_EVENT process function */
1008:Middlewares/ST/STM32_WPAN/ble/core/auto/ble_events.c **** static void aci_att_find_info_resp_event_process( const uint8_t* in )
1009:Middlewares/ST/STM32_WPAN/ble/core/auto/ble_events.c **** {
 2760              		.loc 1 1009 1 view -0
 2761              		.cfi_startproc
 2762              		@ args = 0, pretend = 0, frame = 0
 2763              		@ frame_needed = 0, uses_anonymous_args = 0
 2764              		.loc 1 1009 1 is_stmt 0 view .LVU429
 2765 0000 08B5     		push	{r3, lr}
 2766              		.cfi_def_cfa_offset 8
 2767              		.cfi_offset 3, -8
 2768              		.cfi_offset 14, -4
1010:Middlewares/ST/STM32_WPAN/ble/core/auto/ble_events.c ****   aci_att_find_info_resp_event_rp0 *rp0 = (void*)in;
 2769              		.loc 1 1010 3 is_stmt 1 view .LVU430
 2770              	.LVL237:
1011:Middlewares/ST/STM32_WPAN/ble/core/auto/ble_events.c ****   aci_att_find_info_resp_event( rp0->Connection_Handle,
 2771              		.loc 1 1011 3 view .LVU431
 2772 0002 031D     		adds	r3, r0, #4
 2773 0004 C278     		ldrb	r2, [r0, #3]	@ zero_extendqisi2
 2774 0006 8178     		ldrb	r1, [r0, #2]	@ zero_extendqisi2
 2775 0008 0088     		ldrh	r0, [r0]	@ unaligned
 2776              	.LVL238:
 2777              		.loc 1 1011 3 is_stmt 0 view .LVU432
 2778 000a FFF7FEFF 		bl	aci_att_find_info_resp_event
 2779              	.LVL239:
1012:Middlewares/ST/STM32_WPAN/ble/core/auto/ble_events.c ****                                 rp0->Format,
1013:Middlewares/ST/STM32_WPAN/ble/core/auto/ble_events.c ****                                 rp0->Event_Data_Length,
1014:Middlewares/ST/STM32_WPAN/ble/core/auto/ble_events.c ****                                 rp0->Handle_UUID_Pair );
1015:Middlewares/ST/STM32_WPAN/ble/core/auto/ble_events.c **** }
 2780              		.loc 1 1015 1 view .LVU433
 2781 000e 08BD     		pop	{r3, pc}
 2782              		.cfi_endproc
 2783              	.LFE97:
 2785              		.section	.text.aci_att_find_by_type_value_resp_event,"ax",%progbits
 2786              		.align	1
 2787              		.weak	aci_att_find_by_type_value_resp_event
 2788              		.syntax unified
 2789              		.thumb
 2790              		.thumb_func
 2792              	aci_att_find_by_type_value_resp_event:
 2793              	.LVL240:
 2794              	.LFB98:
1016:Middlewares/ST/STM32_WPAN/ble/core/auto/ble_events.c **** 
1017:Middlewares/ST/STM32_WPAN/ble/core/auto/ble_events.c **** /* ACI_ATT_FIND_BY_TYPE_VALUE_RESP_EVENT callback function */
1018:Middlewares/ST/STM32_WPAN/ble/core/auto/ble_events.c **** __WEAK void aci_att_find_by_type_value_resp_event( uint16_t Connection_Handle,
1019:Middlewares/ST/STM32_WPAN/ble/core/auto/ble_events.c ****                                                    uint8_t Num_of_Handle_Pair,
1020:Middlewares/ST/STM32_WPAN/ble/core/auto/ble_events.c ****                                                    const Attribute_Group_Handle_Pair_t* Attribute_G
1021:Middlewares/ST/STM32_WPAN/ble/core/auto/ble_events.c **** {
 2795              		.loc 1 1021 1 is_stmt 1 view -0
 2796              		.cfi_startproc
 2797              		@ args = 0, pretend = 0, frame = 0
 2798              		@ frame_needed = 0, uses_anonymous_args = 0
ARM GAS  C:\Users\Nathan\AppData\Local\Temp\ccoc0wMg.s 			page 65


 2799              		@ link register save eliminated.
1022:Middlewares/ST/STM32_WPAN/ble/core/auto/ble_events.c **** }
 2800              		.loc 1 1022 1 view .LVU435
 2801 0000 7047     		bx	lr
 2802              		.cfi_endproc
 2803              	.LFE98:
 2805              		.section	.text.aci_att_find_by_type_value_resp_event_process,"ax",%progbits
 2806              		.align	1
 2807              		.syntax unified
 2808              		.thumb
 2809              		.thumb_func
 2811              	aci_att_find_by_type_value_resp_event_process:
 2812              	.LVL241:
 2813              	.LFB99:
1023:Middlewares/ST/STM32_WPAN/ble/core/auto/ble_events.c **** 
1024:Middlewares/ST/STM32_WPAN/ble/core/auto/ble_events.c **** /* ACI_ATT_FIND_BY_TYPE_VALUE_RESP_EVENT process function */
1025:Middlewares/ST/STM32_WPAN/ble/core/auto/ble_events.c **** static void aci_att_find_by_type_value_resp_event_process( const uint8_t* in )
1026:Middlewares/ST/STM32_WPAN/ble/core/auto/ble_events.c **** {
 2814              		.loc 1 1026 1 view -0
 2815              		.cfi_startproc
 2816              		@ args = 0, pretend = 0, frame = 0
 2817              		@ frame_needed = 0, uses_anonymous_args = 0
 2818              		.loc 1 1026 1 is_stmt 0 view .LVU437
 2819 0000 08B5     		push	{r3, lr}
 2820              		.cfi_def_cfa_offset 8
 2821              		.cfi_offset 3, -8
 2822              		.cfi_offset 14, -4
1027:Middlewares/ST/STM32_WPAN/ble/core/auto/ble_events.c ****   aci_att_find_by_type_value_resp_event_rp0 *rp0 = (void*)in;
 2823              		.loc 1 1027 3 is_stmt 1 view .LVU438
 2824              	.LVL242:
1028:Middlewares/ST/STM32_WPAN/ble/core/auto/ble_events.c ****   aci_att_find_by_type_value_resp_event( rp0->Connection_Handle,
 2825              		.loc 1 1028 3 view .LVU439
 2826 0002 C21C     		adds	r2, r0, #3
 2827 0004 8178     		ldrb	r1, [r0, #2]	@ zero_extendqisi2
 2828 0006 0088     		ldrh	r0, [r0]	@ unaligned
 2829              	.LVL243:
 2830              		.loc 1 1028 3 is_stmt 0 view .LVU440
 2831 0008 FFF7FEFF 		bl	aci_att_find_by_type_value_resp_event
 2832              	.LVL244:
1029:Middlewares/ST/STM32_WPAN/ble/core/auto/ble_events.c ****                                          rp0->Num_of_Handle_Pair,
1030:Middlewares/ST/STM32_WPAN/ble/core/auto/ble_events.c ****                                          rp0->Attribute_Group_Handle_Pair );
1031:Middlewares/ST/STM32_WPAN/ble/core/auto/ble_events.c **** }
 2833              		.loc 1 1031 1 view .LVU441
 2834 000c 08BD     		pop	{r3, pc}
 2835              		.cfi_endproc
 2836              	.LFE99:
 2838              		.section	.text.aci_att_read_by_type_resp_event,"ax",%progbits
 2839              		.align	1
 2840              		.weak	aci_att_read_by_type_resp_event
 2841              		.syntax unified
 2842              		.thumb
 2843              		.thumb_func
 2845              	aci_att_read_by_type_resp_event:
 2846              	.LVL245:
 2847              	.LFB100:
1032:Middlewares/ST/STM32_WPAN/ble/core/auto/ble_events.c **** 
1033:Middlewares/ST/STM32_WPAN/ble/core/auto/ble_events.c **** /* ACI_ATT_READ_BY_TYPE_RESP_EVENT callback function */
ARM GAS  C:\Users\Nathan\AppData\Local\Temp\ccoc0wMg.s 			page 66


1034:Middlewares/ST/STM32_WPAN/ble/core/auto/ble_events.c **** __WEAK void aci_att_read_by_type_resp_event( uint16_t Connection_Handle,
1035:Middlewares/ST/STM32_WPAN/ble/core/auto/ble_events.c ****                                              uint8_t Handle_Value_Pair_Length,
1036:Middlewares/ST/STM32_WPAN/ble/core/auto/ble_events.c ****                                              uint8_t Data_Length,
1037:Middlewares/ST/STM32_WPAN/ble/core/auto/ble_events.c ****                                              const uint8_t* Handle_Value_Pair_Data )
1038:Middlewares/ST/STM32_WPAN/ble/core/auto/ble_events.c **** {
 2848              		.loc 1 1038 1 is_stmt 1 view -0
 2849              		.cfi_startproc
 2850              		@ args = 0, pretend = 0, frame = 0
 2851              		@ frame_needed = 0, uses_anonymous_args = 0
 2852              		@ link register save eliminated.
1039:Middlewares/ST/STM32_WPAN/ble/core/auto/ble_events.c **** }
 2853              		.loc 1 1039 1 view .LVU443
 2854 0000 7047     		bx	lr
 2855              		.cfi_endproc
 2856              	.LFE100:
 2858              		.section	.text.aci_att_read_by_type_resp_event_process,"ax",%progbits
 2859              		.align	1
 2860              		.syntax unified
 2861              		.thumb
 2862              		.thumb_func
 2864              	aci_att_read_by_type_resp_event_process:
 2865              	.LVL246:
 2866              	.LFB101:
1040:Middlewares/ST/STM32_WPAN/ble/core/auto/ble_events.c **** 
1041:Middlewares/ST/STM32_WPAN/ble/core/auto/ble_events.c **** /* ACI_ATT_READ_BY_TYPE_RESP_EVENT process function */
1042:Middlewares/ST/STM32_WPAN/ble/core/auto/ble_events.c **** static void aci_att_read_by_type_resp_event_process( const uint8_t* in )
1043:Middlewares/ST/STM32_WPAN/ble/core/auto/ble_events.c **** {
 2867              		.loc 1 1043 1 view -0
 2868              		.cfi_startproc
 2869              		@ args = 0, pretend = 0, frame = 0
 2870              		@ frame_needed = 0, uses_anonymous_args = 0
 2871              		.loc 1 1043 1 is_stmt 0 view .LVU445
 2872 0000 08B5     		push	{r3, lr}
 2873              		.cfi_def_cfa_offset 8
 2874              		.cfi_offset 3, -8
 2875              		.cfi_offset 14, -4
1044:Middlewares/ST/STM32_WPAN/ble/core/auto/ble_events.c ****   aci_att_read_by_type_resp_event_rp0 *rp0 = (void*)in;
 2876              		.loc 1 1044 3 is_stmt 1 view .LVU446
 2877              	.LVL247:
1045:Middlewares/ST/STM32_WPAN/ble/core/auto/ble_events.c ****   aci_att_read_by_type_resp_event( rp0->Connection_Handle,
 2878              		.loc 1 1045 3 view .LVU447
 2879 0002 031D     		adds	r3, r0, #4
 2880 0004 C278     		ldrb	r2, [r0, #3]	@ zero_extendqisi2
 2881 0006 8178     		ldrb	r1, [r0, #2]	@ zero_extendqisi2
 2882 0008 0088     		ldrh	r0, [r0]	@ unaligned
 2883              	.LVL248:
 2884              		.loc 1 1045 3 is_stmt 0 view .LVU448
 2885 000a FFF7FEFF 		bl	aci_att_read_by_type_resp_event
 2886              	.LVL249:
1046:Middlewares/ST/STM32_WPAN/ble/core/auto/ble_events.c ****                                    rp0->Handle_Value_Pair_Length,
1047:Middlewares/ST/STM32_WPAN/ble/core/auto/ble_events.c ****                                    rp0->Data_Length,
1048:Middlewares/ST/STM32_WPAN/ble/core/auto/ble_events.c ****                                    rp0->Handle_Value_Pair_Data );
1049:Middlewares/ST/STM32_WPAN/ble/core/auto/ble_events.c **** }
 2887              		.loc 1 1049 1 view .LVU449
 2888 000e 08BD     		pop	{r3, pc}
 2889              		.cfi_endproc
 2890              	.LFE101:
ARM GAS  C:\Users\Nathan\AppData\Local\Temp\ccoc0wMg.s 			page 67


 2892              		.section	.text.aci_att_read_resp_event,"ax",%progbits
 2893              		.align	1
 2894              		.weak	aci_att_read_resp_event
 2895              		.syntax unified
 2896              		.thumb
 2897              		.thumb_func
 2899              	aci_att_read_resp_event:
 2900              	.LVL250:
 2901              	.LFB102:
1050:Middlewares/ST/STM32_WPAN/ble/core/auto/ble_events.c **** 
1051:Middlewares/ST/STM32_WPAN/ble/core/auto/ble_events.c **** /* ACI_ATT_READ_RESP_EVENT callback function */
1052:Middlewares/ST/STM32_WPAN/ble/core/auto/ble_events.c **** __WEAK void aci_att_read_resp_event( uint16_t Connection_Handle,
1053:Middlewares/ST/STM32_WPAN/ble/core/auto/ble_events.c ****                                      uint8_t Event_Data_Length,
1054:Middlewares/ST/STM32_WPAN/ble/core/auto/ble_events.c ****                                      const uint8_t* Attribute_Value )
1055:Middlewares/ST/STM32_WPAN/ble/core/auto/ble_events.c **** {
 2902              		.loc 1 1055 1 is_stmt 1 view -0
 2903              		.cfi_startproc
 2904              		@ args = 0, pretend = 0, frame = 0
 2905              		@ frame_needed = 0, uses_anonymous_args = 0
 2906              		@ link register save eliminated.
1056:Middlewares/ST/STM32_WPAN/ble/core/auto/ble_events.c **** }
 2907              		.loc 1 1056 1 view .LVU451
 2908 0000 7047     		bx	lr
 2909              		.cfi_endproc
 2910              	.LFE102:
 2912              		.section	.text.aci_att_read_resp_event_process,"ax",%progbits
 2913              		.align	1
 2914              		.syntax unified
 2915              		.thumb
 2916              		.thumb_func
 2918              	aci_att_read_resp_event_process:
 2919              	.LVL251:
 2920              	.LFB103:
1057:Middlewares/ST/STM32_WPAN/ble/core/auto/ble_events.c **** 
1058:Middlewares/ST/STM32_WPAN/ble/core/auto/ble_events.c **** /* ACI_ATT_READ_RESP_EVENT process function */
1059:Middlewares/ST/STM32_WPAN/ble/core/auto/ble_events.c **** static void aci_att_read_resp_event_process( const uint8_t* in )
1060:Middlewares/ST/STM32_WPAN/ble/core/auto/ble_events.c **** {
 2921              		.loc 1 1060 1 view -0
 2922              		.cfi_startproc
 2923              		@ args = 0, pretend = 0, frame = 0
 2924              		@ frame_needed = 0, uses_anonymous_args = 0
 2925              		.loc 1 1060 1 is_stmt 0 view .LVU453
 2926 0000 08B5     		push	{r3, lr}
 2927              		.cfi_def_cfa_offset 8
 2928              		.cfi_offset 3, -8
 2929              		.cfi_offset 14, -4
1061:Middlewares/ST/STM32_WPAN/ble/core/auto/ble_events.c ****   aci_att_read_resp_event_rp0 *rp0 = (void*)in;
 2930              		.loc 1 1061 3 is_stmt 1 view .LVU454
 2931              	.LVL252:
1062:Middlewares/ST/STM32_WPAN/ble/core/auto/ble_events.c ****   aci_att_read_resp_event( rp0->Connection_Handle,
 2932              		.loc 1 1062 3 view .LVU455
 2933 0002 C21C     		adds	r2, r0, #3
 2934 0004 8178     		ldrb	r1, [r0, #2]	@ zero_extendqisi2
 2935 0006 0088     		ldrh	r0, [r0]	@ unaligned
 2936              	.LVL253:
 2937              		.loc 1 1062 3 is_stmt 0 view .LVU456
 2938 0008 FFF7FEFF 		bl	aci_att_read_resp_event
ARM GAS  C:\Users\Nathan\AppData\Local\Temp\ccoc0wMg.s 			page 68


 2939              	.LVL254:
1063:Middlewares/ST/STM32_WPAN/ble/core/auto/ble_events.c ****                            rp0->Event_Data_Length,
1064:Middlewares/ST/STM32_WPAN/ble/core/auto/ble_events.c ****                            rp0->Attribute_Value );
1065:Middlewares/ST/STM32_WPAN/ble/core/auto/ble_events.c **** }
 2940              		.loc 1 1065 1 view .LVU457
 2941 000c 08BD     		pop	{r3, pc}
 2942              		.cfi_endproc
 2943              	.LFE103:
 2945              		.section	.text.aci_att_read_blob_resp_event,"ax",%progbits
 2946              		.align	1
 2947              		.weak	aci_att_read_blob_resp_event
 2948              		.syntax unified
 2949              		.thumb
 2950              		.thumb_func
 2952              	aci_att_read_blob_resp_event:
 2953              	.LVL255:
 2954              	.LFB104:
1066:Middlewares/ST/STM32_WPAN/ble/core/auto/ble_events.c **** 
1067:Middlewares/ST/STM32_WPAN/ble/core/auto/ble_events.c **** /* ACI_ATT_READ_BLOB_RESP_EVENT callback function */
1068:Middlewares/ST/STM32_WPAN/ble/core/auto/ble_events.c **** __WEAK void aci_att_read_blob_resp_event( uint16_t Connection_Handle,
1069:Middlewares/ST/STM32_WPAN/ble/core/auto/ble_events.c ****                                           uint8_t Event_Data_Length,
1070:Middlewares/ST/STM32_WPAN/ble/core/auto/ble_events.c ****                                           const uint8_t* Attribute_Value )
1071:Middlewares/ST/STM32_WPAN/ble/core/auto/ble_events.c **** {
 2955              		.loc 1 1071 1 is_stmt 1 view -0
 2956              		.cfi_startproc
 2957              		@ args = 0, pretend = 0, frame = 0
 2958              		@ frame_needed = 0, uses_anonymous_args = 0
 2959              		@ link register save eliminated.
1072:Middlewares/ST/STM32_WPAN/ble/core/auto/ble_events.c **** }
 2960              		.loc 1 1072 1 view .LVU459
 2961 0000 7047     		bx	lr
 2962              		.cfi_endproc
 2963              	.LFE104:
 2965              		.section	.text.aci_att_read_blob_resp_event_process,"ax",%progbits
 2966              		.align	1
 2967              		.syntax unified
 2968              		.thumb
 2969              		.thumb_func
 2971              	aci_att_read_blob_resp_event_process:
 2972              	.LVL256:
 2973              	.LFB105:
1073:Middlewares/ST/STM32_WPAN/ble/core/auto/ble_events.c **** 
1074:Middlewares/ST/STM32_WPAN/ble/core/auto/ble_events.c **** /* ACI_ATT_READ_BLOB_RESP_EVENT process function */
1075:Middlewares/ST/STM32_WPAN/ble/core/auto/ble_events.c **** static void aci_att_read_blob_resp_event_process( const uint8_t* in )
1076:Middlewares/ST/STM32_WPAN/ble/core/auto/ble_events.c **** {
 2974              		.loc 1 1076 1 view -0
 2975              		.cfi_startproc
 2976              		@ args = 0, pretend = 0, frame = 0
 2977              		@ frame_needed = 0, uses_anonymous_args = 0
 2978              		.loc 1 1076 1 is_stmt 0 view .LVU461
 2979 0000 08B5     		push	{r3, lr}
 2980              		.cfi_def_cfa_offset 8
 2981              		.cfi_offset 3, -8
 2982              		.cfi_offset 14, -4
1077:Middlewares/ST/STM32_WPAN/ble/core/auto/ble_events.c ****   aci_att_read_blob_resp_event_rp0 *rp0 = (void*)in;
 2983              		.loc 1 1077 3 is_stmt 1 view .LVU462
 2984              	.LVL257:
ARM GAS  C:\Users\Nathan\AppData\Local\Temp\ccoc0wMg.s 			page 69


1078:Middlewares/ST/STM32_WPAN/ble/core/auto/ble_events.c ****   aci_att_read_blob_resp_event( rp0->Connection_Handle,
 2985              		.loc 1 1078 3 view .LVU463
 2986 0002 C21C     		adds	r2, r0, #3
 2987 0004 8178     		ldrb	r1, [r0, #2]	@ zero_extendqisi2
 2988 0006 0088     		ldrh	r0, [r0]	@ unaligned
 2989              	.LVL258:
 2990              		.loc 1 1078 3 is_stmt 0 view .LVU464
 2991 0008 FFF7FEFF 		bl	aci_att_read_blob_resp_event
 2992              	.LVL259:
1079:Middlewares/ST/STM32_WPAN/ble/core/auto/ble_events.c ****                                 rp0->Event_Data_Length,
1080:Middlewares/ST/STM32_WPAN/ble/core/auto/ble_events.c ****                                 rp0->Attribute_Value );
1081:Middlewares/ST/STM32_WPAN/ble/core/auto/ble_events.c **** }
 2993              		.loc 1 1081 1 view .LVU465
 2994 000c 08BD     		pop	{r3, pc}
 2995              		.cfi_endproc
 2996              	.LFE105:
 2998              		.section	.text.aci_att_read_multiple_resp_event,"ax",%progbits
 2999              		.align	1
 3000              		.weak	aci_att_read_multiple_resp_event
 3001              		.syntax unified
 3002              		.thumb
 3003              		.thumb_func
 3005              	aci_att_read_multiple_resp_event:
 3006              	.LVL260:
 3007              	.LFB106:
1082:Middlewares/ST/STM32_WPAN/ble/core/auto/ble_events.c **** 
1083:Middlewares/ST/STM32_WPAN/ble/core/auto/ble_events.c **** /* ACI_ATT_READ_MULTIPLE_RESP_EVENT callback function */
1084:Middlewares/ST/STM32_WPAN/ble/core/auto/ble_events.c **** __WEAK void aci_att_read_multiple_resp_event( uint16_t Connection_Handle,
1085:Middlewares/ST/STM32_WPAN/ble/core/auto/ble_events.c ****                                               uint8_t Event_Data_Length,
1086:Middlewares/ST/STM32_WPAN/ble/core/auto/ble_events.c ****                                               const uint8_t* Set_Of_Values )
1087:Middlewares/ST/STM32_WPAN/ble/core/auto/ble_events.c **** {
 3008              		.loc 1 1087 1 is_stmt 1 view -0
 3009              		.cfi_startproc
 3010              		@ args = 0, pretend = 0, frame = 0
 3011              		@ frame_needed = 0, uses_anonymous_args = 0
 3012              		@ link register save eliminated.
1088:Middlewares/ST/STM32_WPAN/ble/core/auto/ble_events.c **** }
 3013              		.loc 1 1088 1 view .LVU467
 3014 0000 7047     		bx	lr
 3015              		.cfi_endproc
 3016              	.LFE106:
 3018              		.section	.text.aci_att_read_multiple_resp_event_process,"ax",%progbits
 3019              		.align	1
 3020              		.syntax unified
 3021              		.thumb
 3022              		.thumb_func
 3024              	aci_att_read_multiple_resp_event_process:
 3025              	.LVL261:
 3026              	.LFB107:
1089:Middlewares/ST/STM32_WPAN/ble/core/auto/ble_events.c **** 
1090:Middlewares/ST/STM32_WPAN/ble/core/auto/ble_events.c **** /* ACI_ATT_READ_MULTIPLE_RESP_EVENT process function */
1091:Middlewares/ST/STM32_WPAN/ble/core/auto/ble_events.c **** static void aci_att_read_multiple_resp_event_process( const uint8_t* in )
1092:Middlewares/ST/STM32_WPAN/ble/core/auto/ble_events.c **** {
 3027              		.loc 1 1092 1 view -0
 3028              		.cfi_startproc
 3029              		@ args = 0, pretend = 0, frame = 0
 3030              		@ frame_needed = 0, uses_anonymous_args = 0
ARM GAS  C:\Users\Nathan\AppData\Local\Temp\ccoc0wMg.s 			page 70


 3031              		.loc 1 1092 1 is_stmt 0 view .LVU469
 3032 0000 08B5     		push	{r3, lr}
 3033              		.cfi_def_cfa_offset 8
 3034              		.cfi_offset 3, -8
 3035              		.cfi_offset 14, -4
1093:Middlewares/ST/STM32_WPAN/ble/core/auto/ble_events.c ****   aci_att_read_multiple_resp_event_rp0 *rp0 = (void*)in;
 3036              		.loc 1 1093 3 is_stmt 1 view .LVU470
 3037              	.LVL262:
1094:Middlewares/ST/STM32_WPAN/ble/core/auto/ble_events.c ****   aci_att_read_multiple_resp_event( rp0->Connection_Handle,
 3038              		.loc 1 1094 3 view .LVU471
 3039 0002 C21C     		adds	r2, r0, #3
 3040 0004 8178     		ldrb	r1, [r0, #2]	@ zero_extendqisi2
 3041 0006 0088     		ldrh	r0, [r0]	@ unaligned
 3042              	.LVL263:
 3043              		.loc 1 1094 3 is_stmt 0 view .LVU472
 3044 0008 FFF7FEFF 		bl	aci_att_read_multiple_resp_event
 3045              	.LVL264:
1095:Middlewares/ST/STM32_WPAN/ble/core/auto/ble_events.c ****                                     rp0->Event_Data_Length,
1096:Middlewares/ST/STM32_WPAN/ble/core/auto/ble_events.c ****                                     rp0->Set_Of_Values );
1097:Middlewares/ST/STM32_WPAN/ble/core/auto/ble_events.c **** }
 3046              		.loc 1 1097 1 view .LVU473
 3047 000c 08BD     		pop	{r3, pc}
 3048              		.cfi_endproc
 3049              	.LFE107:
 3051              		.section	.text.aci_att_read_by_group_type_resp_event,"ax",%progbits
 3052              		.align	1
 3053              		.weak	aci_att_read_by_group_type_resp_event
 3054              		.syntax unified
 3055              		.thumb
 3056              		.thumb_func
 3058              	aci_att_read_by_group_type_resp_event:
 3059              	.LVL265:
 3060              	.LFB108:
1098:Middlewares/ST/STM32_WPAN/ble/core/auto/ble_events.c **** 
1099:Middlewares/ST/STM32_WPAN/ble/core/auto/ble_events.c **** /* ACI_ATT_READ_BY_GROUP_TYPE_RESP_EVENT callback function */
1100:Middlewares/ST/STM32_WPAN/ble/core/auto/ble_events.c **** __WEAK void aci_att_read_by_group_type_resp_event( uint16_t Connection_Handle,
1101:Middlewares/ST/STM32_WPAN/ble/core/auto/ble_events.c ****                                                    uint8_t Attribute_Data_Length,
1102:Middlewares/ST/STM32_WPAN/ble/core/auto/ble_events.c ****                                                    uint8_t Data_Length,
1103:Middlewares/ST/STM32_WPAN/ble/core/auto/ble_events.c ****                                                    const uint8_t* Attribute_Data_List )
1104:Middlewares/ST/STM32_WPAN/ble/core/auto/ble_events.c **** {
 3061              		.loc 1 1104 1 is_stmt 1 view -0
 3062              		.cfi_startproc
 3063              		@ args = 0, pretend = 0, frame = 0
 3064              		@ frame_needed = 0, uses_anonymous_args = 0
 3065              		@ link register save eliminated.
1105:Middlewares/ST/STM32_WPAN/ble/core/auto/ble_events.c **** }
 3066              		.loc 1 1105 1 view .LVU475
 3067 0000 7047     		bx	lr
 3068              		.cfi_endproc
 3069              	.LFE108:
 3071              		.section	.text.aci_att_read_by_group_type_resp_event_process,"ax",%progbits
 3072              		.align	1
 3073              		.syntax unified
 3074              		.thumb
 3075              		.thumb_func
 3077              	aci_att_read_by_group_type_resp_event_process:
 3078              	.LVL266:
ARM GAS  C:\Users\Nathan\AppData\Local\Temp\ccoc0wMg.s 			page 71


 3079              	.LFB109:
1106:Middlewares/ST/STM32_WPAN/ble/core/auto/ble_events.c **** 
1107:Middlewares/ST/STM32_WPAN/ble/core/auto/ble_events.c **** /* ACI_ATT_READ_BY_GROUP_TYPE_RESP_EVENT process function */
1108:Middlewares/ST/STM32_WPAN/ble/core/auto/ble_events.c **** static void aci_att_read_by_group_type_resp_event_process( const uint8_t* in )
1109:Middlewares/ST/STM32_WPAN/ble/core/auto/ble_events.c **** {
 3080              		.loc 1 1109 1 view -0
 3081              		.cfi_startproc
 3082              		@ args = 0, pretend = 0, frame = 0
 3083              		@ frame_needed = 0, uses_anonymous_args = 0
 3084              		.loc 1 1109 1 is_stmt 0 view .LVU477
 3085 0000 08B5     		push	{r3, lr}
 3086              		.cfi_def_cfa_offset 8
 3087              		.cfi_offset 3, -8
 3088              		.cfi_offset 14, -4
1110:Middlewares/ST/STM32_WPAN/ble/core/auto/ble_events.c ****   aci_att_read_by_group_type_resp_event_rp0 *rp0 = (void*)in;
 3089              		.loc 1 1110 3 is_stmt 1 view .LVU478
 3090              	.LVL267:
1111:Middlewares/ST/STM32_WPAN/ble/core/auto/ble_events.c ****   aci_att_read_by_group_type_resp_event( rp0->Connection_Handle,
 3091              		.loc 1 1111 3 view .LVU479
 3092 0002 031D     		adds	r3, r0, #4
 3093 0004 C278     		ldrb	r2, [r0, #3]	@ zero_extendqisi2
 3094 0006 8178     		ldrb	r1, [r0, #2]	@ zero_extendqisi2
 3095 0008 0088     		ldrh	r0, [r0]	@ unaligned
 3096              	.LVL268:
 3097              		.loc 1 1111 3 is_stmt 0 view .LVU480
 3098 000a FFF7FEFF 		bl	aci_att_read_by_group_type_resp_event
 3099              	.LVL269:
1112:Middlewares/ST/STM32_WPAN/ble/core/auto/ble_events.c ****                                          rp0->Attribute_Data_Length,
1113:Middlewares/ST/STM32_WPAN/ble/core/auto/ble_events.c ****                                          rp0->Data_Length,
1114:Middlewares/ST/STM32_WPAN/ble/core/auto/ble_events.c ****                                          rp0->Attribute_Data_List );
1115:Middlewares/ST/STM32_WPAN/ble/core/auto/ble_events.c **** }
 3100              		.loc 1 1115 1 view .LVU481
 3101 000e 08BD     		pop	{r3, pc}
 3102              		.cfi_endproc
 3103              	.LFE109:
 3105              		.section	.text.aci_att_prepare_write_resp_event,"ax",%progbits
 3106              		.align	1
 3107              		.weak	aci_att_prepare_write_resp_event
 3108              		.syntax unified
 3109              		.thumb
 3110              		.thumb_func
 3112              	aci_att_prepare_write_resp_event:
 3113              	.LVL270:
 3114              	.LFB110:
1116:Middlewares/ST/STM32_WPAN/ble/core/auto/ble_events.c **** 
1117:Middlewares/ST/STM32_WPAN/ble/core/auto/ble_events.c **** /* ACI_ATT_PREPARE_WRITE_RESP_EVENT callback function */
1118:Middlewares/ST/STM32_WPAN/ble/core/auto/ble_events.c **** __WEAK void aci_att_prepare_write_resp_event( uint16_t Connection_Handle,
1119:Middlewares/ST/STM32_WPAN/ble/core/auto/ble_events.c ****                                               uint16_t Attribute_Handle,
1120:Middlewares/ST/STM32_WPAN/ble/core/auto/ble_events.c ****                                               uint16_t Offset,
1121:Middlewares/ST/STM32_WPAN/ble/core/auto/ble_events.c ****                                               uint8_t Part_Attribute_Value_Length,
1122:Middlewares/ST/STM32_WPAN/ble/core/auto/ble_events.c ****                                               const uint8_t* Part_Attribute_Value )
1123:Middlewares/ST/STM32_WPAN/ble/core/auto/ble_events.c **** {
 3115              		.loc 1 1123 1 is_stmt 1 view -0
 3116              		.cfi_startproc
 3117              		@ args = 4, pretend = 0, frame = 0
 3118              		@ frame_needed = 0, uses_anonymous_args = 0
 3119              		@ link register save eliminated.
ARM GAS  C:\Users\Nathan\AppData\Local\Temp\ccoc0wMg.s 			page 72


1124:Middlewares/ST/STM32_WPAN/ble/core/auto/ble_events.c **** }
 3120              		.loc 1 1124 1 view .LVU483
 3121 0000 7047     		bx	lr
 3122              		.cfi_endproc
 3123              	.LFE110:
 3125              		.section	.text.aci_att_prepare_write_resp_event_process,"ax",%progbits
 3126              		.align	1
 3127              		.syntax unified
 3128              		.thumb
 3129              		.thumb_func
 3131              	aci_att_prepare_write_resp_event_process:
 3132              	.LVL271:
 3133              	.LFB111:
1125:Middlewares/ST/STM32_WPAN/ble/core/auto/ble_events.c **** 
1126:Middlewares/ST/STM32_WPAN/ble/core/auto/ble_events.c **** /* ACI_ATT_PREPARE_WRITE_RESP_EVENT process function */
1127:Middlewares/ST/STM32_WPAN/ble/core/auto/ble_events.c **** static void aci_att_prepare_write_resp_event_process( const uint8_t* in )
1128:Middlewares/ST/STM32_WPAN/ble/core/auto/ble_events.c **** {
 3134              		.loc 1 1128 1 view -0
 3135              		.cfi_startproc
 3136              		@ args = 0, pretend = 0, frame = 0
 3137              		@ frame_needed = 0, uses_anonymous_args = 0
 3138              		.loc 1 1128 1 is_stmt 0 view .LVU485
 3139 0000 00B5     		push	{lr}
 3140              		.cfi_def_cfa_offset 4
 3141              		.cfi_offset 14, -4
 3142 0002 83B0     		sub	sp, sp, #12
 3143              		.cfi_def_cfa_offset 16
1129:Middlewares/ST/STM32_WPAN/ble/core/auto/ble_events.c ****   aci_att_prepare_write_resp_event_rp0 *rp0 = (void*)in;
 3144              		.loc 1 1129 3 is_stmt 1 view .LVU486
 3145              	.LVL272:
1130:Middlewares/ST/STM32_WPAN/ble/core/auto/ble_events.c ****   aci_att_prepare_write_resp_event( rp0->Connection_Handle,
 3146              		.loc 1 1130 3 view .LVU487
1131:Middlewares/ST/STM32_WPAN/ble/core/auto/ble_events.c ****                                     rp0->Attribute_Handle,
1132:Middlewares/ST/STM32_WPAN/ble/core/auto/ble_events.c ****                                     rp0->Offset,
1133:Middlewares/ST/STM32_WPAN/ble/core/auto/ble_events.c ****                                     rp0->Part_Attribute_Value_Length,
1134:Middlewares/ST/STM32_WPAN/ble/core/auto/ble_events.c ****                                     rp0->Part_Attribute_Value );
 3147              		.loc 1 1134 40 is_stmt 0 view .LVU488
 3148 0004 C31D     		adds	r3, r0, #7
1130:Middlewares/ST/STM32_WPAN/ble/core/auto/ble_events.c ****   aci_att_prepare_write_resp_event( rp0->Connection_Handle,
 3149              		.loc 1 1130 3 view .LVU489
 3150 0006 0093     		str	r3, [sp]
 3151 0008 8379     		ldrb	r3, [r0, #6]	@ zero_extendqisi2
 3152 000a 8288     		ldrh	r2, [r0, #4]	@ unaligned
 3153 000c 4188     		ldrh	r1, [r0, #2]	@ unaligned
 3154 000e 0088     		ldrh	r0, [r0]	@ unaligned
 3155              	.LVL273:
1130:Middlewares/ST/STM32_WPAN/ble/core/auto/ble_events.c ****   aci_att_prepare_write_resp_event( rp0->Connection_Handle,
 3156              		.loc 1 1130 3 view .LVU490
 3157 0010 FFF7FEFF 		bl	aci_att_prepare_write_resp_event
 3158              	.LVL274:
1135:Middlewares/ST/STM32_WPAN/ble/core/auto/ble_events.c **** }
 3159              		.loc 1 1135 1 view .LVU491
 3160 0014 03B0     		add	sp, sp, #12
 3161              		.cfi_def_cfa_offset 4
 3162              		@ sp needed
 3163 0016 00BD     		pop	{pc}
 3164              		.cfi_endproc
ARM GAS  C:\Users\Nathan\AppData\Local\Temp\ccoc0wMg.s 			page 73


 3165              	.LFE111:
 3167              		.section	.text.aci_att_exec_write_resp_event,"ax",%progbits
 3168              		.align	1
 3169              		.weak	aci_att_exec_write_resp_event
 3170              		.syntax unified
 3171              		.thumb
 3172              		.thumb_func
 3174              	aci_att_exec_write_resp_event:
 3175              	.LVL275:
 3176              	.LFB112:
1136:Middlewares/ST/STM32_WPAN/ble/core/auto/ble_events.c **** 
1137:Middlewares/ST/STM32_WPAN/ble/core/auto/ble_events.c **** /* ACI_ATT_EXEC_WRITE_RESP_EVENT callback function */
1138:Middlewares/ST/STM32_WPAN/ble/core/auto/ble_events.c **** __WEAK void aci_att_exec_write_resp_event( uint16_t Connection_Handle )
1139:Middlewares/ST/STM32_WPAN/ble/core/auto/ble_events.c **** {
 3177              		.loc 1 1139 1 is_stmt 1 view -0
 3178              		.cfi_startproc
 3179              		@ args = 0, pretend = 0, frame = 0
 3180              		@ frame_needed = 0, uses_anonymous_args = 0
 3181              		@ link register save eliminated.
1140:Middlewares/ST/STM32_WPAN/ble/core/auto/ble_events.c **** }
 3182              		.loc 1 1140 1 view .LVU493
 3183 0000 7047     		bx	lr
 3184              		.cfi_endproc
 3185              	.LFE112:
 3187              		.section	.text.aci_att_exec_write_resp_event_process,"ax",%progbits
 3188              		.align	1
 3189              		.syntax unified
 3190              		.thumb
 3191              		.thumb_func
 3193              	aci_att_exec_write_resp_event_process:
 3194              	.LVL276:
 3195              	.LFB113:
1141:Middlewares/ST/STM32_WPAN/ble/core/auto/ble_events.c **** 
1142:Middlewares/ST/STM32_WPAN/ble/core/auto/ble_events.c **** /* ACI_ATT_EXEC_WRITE_RESP_EVENT process function */
1143:Middlewares/ST/STM32_WPAN/ble/core/auto/ble_events.c **** static void aci_att_exec_write_resp_event_process( const uint8_t* in )
1144:Middlewares/ST/STM32_WPAN/ble/core/auto/ble_events.c **** {
 3196              		.loc 1 1144 1 view -0
 3197              		.cfi_startproc
 3198              		@ args = 0, pretend = 0, frame = 0
 3199              		@ frame_needed = 0, uses_anonymous_args = 0
 3200              		.loc 1 1144 1 is_stmt 0 view .LVU495
 3201 0000 08B5     		push	{r3, lr}
 3202              		.cfi_def_cfa_offset 8
 3203              		.cfi_offset 3, -8
 3204              		.cfi_offset 14, -4
1145:Middlewares/ST/STM32_WPAN/ble/core/auto/ble_events.c ****   aci_att_exec_write_resp_event_rp0 *rp0 = (void*)in;
 3205              		.loc 1 1145 3 is_stmt 1 view .LVU496
 3206              	.LVL277:
1146:Middlewares/ST/STM32_WPAN/ble/core/auto/ble_events.c ****   aci_att_exec_write_resp_event( rp0->Connection_Handle );
 3207              		.loc 1 1146 3 view .LVU497
 3208 0002 0088     		ldrh	r0, [r0]	@ unaligned
 3209              	.LVL278:
 3210              		.loc 1 1146 3 is_stmt 0 view .LVU498
 3211 0004 FFF7FEFF 		bl	aci_att_exec_write_resp_event
 3212              	.LVL279:
1147:Middlewares/ST/STM32_WPAN/ble/core/auto/ble_events.c **** }
 3213              		.loc 1 1147 1 view .LVU499
ARM GAS  C:\Users\Nathan\AppData\Local\Temp\ccoc0wMg.s 			page 74


 3214 0008 08BD     		pop	{r3, pc}
 3215              		.cfi_endproc
 3216              	.LFE113:
 3218              		.section	.text.aci_gatt_indication_event,"ax",%progbits
 3219              		.align	1
 3220              		.weak	aci_gatt_indication_event
 3221              		.syntax unified
 3222              		.thumb
 3223              		.thumb_func
 3225              	aci_gatt_indication_event:
 3226              	.LVL280:
 3227              	.LFB114:
1148:Middlewares/ST/STM32_WPAN/ble/core/auto/ble_events.c **** 
1149:Middlewares/ST/STM32_WPAN/ble/core/auto/ble_events.c **** /* ACI_GATT_INDICATION_EVENT callback function */
1150:Middlewares/ST/STM32_WPAN/ble/core/auto/ble_events.c **** __WEAK void aci_gatt_indication_event( uint16_t Connection_Handle,
1151:Middlewares/ST/STM32_WPAN/ble/core/auto/ble_events.c ****                                        uint16_t Attribute_Handle,
1152:Middlewares/ST/STM32_WPAN/ble/core/auto/ble_events.c ****                                        uint8_t Attribute_Value_Length,
1153:Middlewares/ST/STM32_WPAN/ble/core/auto/ble_events.c ****                                        const uint8_t* Attribute_Value )
1154:Middlewares/ST/STM32_WPAN/ble/core/auto/ble_events.c **** {
 3228              		.loc 1 1154 1 is_stmt 1 view -0
 3229              		.cfi_startproc
 3230              		@ args = 0, pretend = 0, frame = 0
 3231              		@ frame_needed = 0, uses_anonymous_args = 0
 3232              		@ link register save eliminated.
1155:Middlewares/ST/STM32_WPAN/ble/core/auto/ble_events.c **** }
 3233              		.loc 1 1155 1 view .LVU501
 3234 0000 7047     		bx	lr
 3235              		.cfi_endproc
 3236              	.LFE114:
 3238              		.section	.text.aci_gatt_indication_event_process,"ax",%progbits
 3239              		.align	1
 3240              		.syntax unified
 3241              		.thumb
 3242              		.thumb_func
 3244              	aci_gatt_indication_event_process:
 3245              	.LVL281:
 3246              	.LFB115:
1156:Middlewares/ST/STM32_WPAN/ble/core/auto/ble_events.c **** 
1157:Middlewares/ST/STM32_WPAN/ble/core/auto/ble_events.c **** /* ACI_GATT_INDICATION_EVENT process function */
1158:Middlewares/ST/STM32_WPAN/ble/core/auto/ble_events.c **** static void aci_gatt_indication_event_process( const uint8_t* in )
1159:Middlewares/ST/STM32_WPAN/ble/core/auto/ble_events.c **** {
 3247              		.loc 1 1159 1 view -0
 3248              		.cfi_startproc
 3249              		@ args = 0, pretend = 0, frame = 0
 3250              		@ frame_needed = 0, uses_anonymous_args = 0
 3251              		.loc 1 1159 1 is_stmt 0 view .LVU503
 3252 0000 08B5     		push	{r3, lr}
 3253              		.cfi_def_cfa_offset 8
 3254              		.cfi_offset 3, -8
 3255              		.cfi_offset 14, -4
1160:Middlewares/ST/STM32_WPAN/ble/core/auto/ble_events.c ****   aci_gatt_indication_event_rp0 *rp0 = (void*)in;
 3256              		.loc 1 1160 3 is_stmt 1 view .LVU504
 3257              	.LVL282:
1161:Middlewares/ST/STM32_WPAN/ble/core/auto/ble_events.c ****   aci_gatt_indication_event( rp0->Connection_Handle,
 3258              		.loc 1 1161 3 view .LVU505
 3259 0002 431D     		adds	r3, r0, #5
 3260 0004 0279     		ldrb	r2, [r0, #4]	@ zero_extendqisi2
ARM GAS  C:\Users\Nathan\AppData\Local\Temp\ccoc0wMg.s 			page 75


 3261 0006 4188     		ldrh	r1, [r0, #2]	@ unaligned
 3262 0008 0088     		ldrh	r0, [r0]	@ unaligned
 3263              	.LVL283:
 3264              		.loc 1 1161 3 is_stmt 0 view .LVU506
 3265 000a FFF7FEFF 		bl	aci_gatt_indication_event
 3266              	.LVL284:
1162:Middlewares/ST/STM32_WPAN/ble/core/auto/ble_events.c ****                              rp0->Attribute_Handle,
1163:Middlewares/ST/STM32_WPAN/ble/core/auto/ble_events.c ****                              rp0->Attribute_Value_Length,
1164:Middlewares/ST/STM32_WPAN/ble/core/auto/ble_events.c ****                              rp0->Attribute_Value );
1165:Middlewares/ST/STM32_WPAN/ble/core/auto/ble_events.c **** }
 3267              		.loc 1 1165 1 view .LVU507
 3268 000e 08BD     		pop	{r3, pc}
 3269              		.cfi_endproc
 3270              	.LFE115:
 3272              		.section	.text.aci_gatt_notification_event,"ax",%progbits
 3273              		.align	1
 3274              		.weak	aci_gatt_notification_event
 3275              		.syntax unified
 3276              		.thumb
 3277              		.thumb_func
 3279              	aci_gatt_notification_event:
 3280              	.LVL285:
 3281              	.LFB116:
1166:Middlewares/ST/STM32_WPAN/ble/core/auto/ble_events.c **** 
1167:Middlewares/ST/STM32_WPAN/ble/core/auto/ble_events.c **** /* ACI_GATT_NOTIFICATION_EVENT callback function */
1168:Middlewares/ST/STM32_WPAN/ble/core/auto/ble_events.c **** __WEAK void aci_gatt_notification_event( uint16_t Connection_Handle,
1169:Middlewares/ST/STM32_WPAN/ble/core/auto/ble_events.c ****                                          uint16_t Attribute_Handle,
1170:Middlewares/ST/STM32_WPAN/ble/core/auto/ble_events.c ****                                          uint8_t Attribute_Value_Length,
1171:Middlewares/ST/STM32_WPAN/ble/core/auto/ble_events.c ****                                          const uint8_t* Attribute_Value )
1172:Middlewares/ST/STM32_WPAN/ble/core/auto/ble_events.c **** {
 3282              		.loc 1 1172 1 is_stmt 1 view -0
 3283              		.cfi_startproc
 3284              		@ args = 0, pretend = 0, frame = 0
 3285              		@ frame_needed = 0, uses_anonymous_args = 0
 3286              		@ link register save eliminated.
1173:Middlewares/ST/STM32_WPAN/ble/core/auto/ble_events.c **** }
 3287              		.loc 1 1173 1 view .LVU509
 3288 0000 7047     		bx	lr
 3289              		.cfi_endproc
 3290              	.LFE116:
 3292              		.section	.text.aci_gatt_notification_event_process,"ax",%progbits
 3293              		.align	1
 3294              		.syntax unified
 3295              		.thumb
 3296              		.thumb_func
 3298              	aci_gatt_notification_event_process:
 3299              	.LVL286:
 3300              	.LFB117:
1174:Middlewares/ST/STM32_WPAN/ble/core/auto/ble_events.c **** 
1175:Middlewares/ST/STM32_WPAN/ble/core/auto/ble_events.c **** /* ACI_GATT_NOTIFICATION_EVENT process function */
1176:Middlewares/ST/STM32_WPAN/ble/core/auto/ble_events.c **** static void aci_gatt_notification_event_process( const uint8_t* in )
1177:Middlewares/ST/STM32_WPAN/ble/core/auto/ble_events.c **** {
 3301              		.loc 1 1177 1 view -0
 3302              		.cfi_startproc
 3303              		@ args = 0, pretend = 0, frame = 0
 3304              		@ frame_needed = 0, uses_anonymous_args = 0
 3305              		.loc 1 1177 1 is_stmt 0 view .LVU511
ARM GAS  C:\Users\Nathan\AppData\Local\Temp\ccoc0wMg.s 			page 76


 3306 0000 08B5     		push	{r3, lr}
 3307              		.cfi_def_cfa_offset 8
 3308              		.cfi_offset 3, -8
 3309              		.cfi_offset 14, -4
1178:Middlewares/ST/STM32_WPAN/ble/core/auto/ble_events.c ****   aci_gatt_notification_event_rp0 *rp0 = (void*)in;
 3310              		.loc 1 1178 3 is_stmt 1 view .LVU512
 3311              	.LVL287:
1179:Middlewares/ST/STM32_WPAN/ble/core/auto/ble_events.c ****   aci_gatt_notification_event( rp0->Connection_Handle,
 3312              		.loc 1 1179 3 view .LVU513
 3313 0002 431D     		adds	r3, r0, #5
 3314 0004 0279     		ldrb	r2, [r0, #4]	@ zero_extendqisi2
 3315 0006 4188     		ldrh	r1, [r0, #2]	@ unaligned
 3316 0008 0088     		ldrh	r0, [r0]	@ unaligned
 3317              	.LVL288:
 3318              		.loc 1 1179 3 is_stmt 0 view .LVU514
 3319 000a FFF7FEFF 		bl	aci_gatt_notification_event
 3320              	.LVL289:
1180:Middlewares/ST/STM32_WPAN/ble/core/auto/ble_events.c ****                                rp0->Attribute_Handle,
1181:Middlewares/ST/STM32_WPAN/ble/core/auto/ble_events.c ****                                rp0->Attribute_Value_Length,
1182:Middlewares/ST/STM32_WPAN/ble/core/auto/ble_events.c ****                                rp0->Attribute_Value );
1183:Middlewares/ST/STM32_WPAN/ble/core/auto/ble_events.c **** }
 3321              		.loc 1 1183 1 view .LVU515
 3322 000e 08BD     		pop	{r3, pc}
 3323              		.cfi_endproc
 3324              	.LFE117:
 3326              		.section	.text.aci_gatt_proc_complete_event,"ax",%progbits
 3327              		.align	1
 3328              		.weak	aci_gatt_proc_complete_event
 3329              		.syntax unified
 3330              		.thumb
 3331              		.thumb_func
 3333              	aci_gatt_proc_complete_event:
 3334              	.LVL290:
 3335              	.LFB118:
1184:Middlewares/ST/STM32_WPAN/ble/core/auto/ble_events.c **** 
1185:Middlewares/ST/STM32_WPAN/ble/core/auto/ble_events.c **** /* ACI_GATT_PROC_COMPLETE_EVENT callback function */
1186:Middlewares/ST/STM32_WPAN/ble/core/auto/ble_events.c **** __WEAK void aci_gatt_proc_complete_event( uint16_t Connection_Handle,
1187:Middlewares/ST/STM32_WPAN/ble/core/auto/ble_events.c ****                                           uint8_t Error_Code )
1188:Middlewares/ST/STM32_WPAN/ble/core/auto/ble_events.c **** {
 3336              		.loc 1 1188 1 is_stmt 1 view -0
 3337              		.cfi_startproc
 3338              		@ args = 0, pretend = 0, frame = 0
 3339              		@ frame_needed = 0, uses_anonymous_args = 0
 3340              		@ link register save eliminated.
1189:Middlewares/ST/STM32_WPAN/ble/core/auto/ble_events.c **** }
 3341              		.loc 1 1189 1 view .LVU517
 3342 0000 7047     		bx	lr
 3343              		.cfi_endproc
 3344              	.LFE118:
 3346              		.section	.text.aci_gatt_proc_complete_event_process,"ax",%progbits
 3347              		.align	1
 3348              		.syntax unified
 3349              		.thumb
 3350              		.thumb_func
 3352              	aci_gatt_proc_complete_event_process:
 3353              	.LVL291:
 3354              	.LFB119:
ARM GAS  C:\Users\Nathan\AppData\Local\Temp\ccoc0wMg.s 			page 77


1190:Middlewares/ST/STM32_WPAN/ble/core/auto/ble_events.c **** 
1191:Middlewares/ST/STM32_WPAN/ble/core/auto/ble_events.c **** /* ACI_GATT_PROC_COMPLETE_EVENT process function */
1192:Middlewares/ST/STM32_WPAN/ble/core/auto/ble_events.c **** static void aci_gatt_proc_complete_event_process( const uint8_t* in )
1193:Middlewares/ST/STM32_WPAN/ble/core/auto/ble_events.c **** {
 3355              		.loc 1 1193 1 view -0
 3356              		.cfi_startproc
 3357              		@ args = 0, pretend = 0, frame = 0
 3358              		@ frame_needed = 0, uses_anonymous_args = 0
 3359              		.loc 1 1193 1 is_stmt 0 view .LVU519
 3360 0000 08B5     		push	{r3, lr}
 3361              		.cfi_def_cfa_offset 8
 3362              		.cfi_offset 3, -8
 3363              		.cfi_offset 14, -4
1194:Middlewares/ST/STM32_WPAN/ble/core/auto/ble_events.c ****   aci_gatt_proc_complete_event_rp0 *rp0 = (void*)in;
 3364              		.loc 1 1194 3 is_stmt 1 view .LVU520
 3365              	.LVL292:
1195:Middlewares/ST/STM32_WPAN/ble/core/auto/ble_events.c ****   aci_gatt_proc_complete_event( rp0->Connection_Handle,
 3366              		.loc 1 1195 3 view .LVU521
 3367 0002 8178     		ldrb	r1, [r0, #2]	@ zero_extendqisi2
 3368 0004 0088     		ldrh	r0, [r0]	@ unaligned
 3369              	.LVL293:
 3370              		.loc 1 1195 3 is_stmt 0 view .LVU522
 3371 0006 FFF7FEFF 		bl	aci_gatt_proc_complete_event
 3372              	.LVL294:
1196:Middlewares/ST/STM32_WPAN/ble/core/auto/ble_events.c ****                                 rp0->Error_Code );
1197:Middlewares/ST/STM32_WPAN/ble/core/auto/ble_events.c **** }
 3373              		.loc 1 1197 1 view .LVU523
 3374 000a 08BD     		pop	{r3, pc}
 3375              		.cfi_endproc
 3376              	.LFE119:
 3378              		.section	.text.aci_gatt_error_resp_event,"ax",%progbits
 3379              		.align	1
 3380              		.weak	aci_gatt_error_resp_event
 3381              		.syntax unified
 3382              		.thumb
 3383              		.thumb_func
 3385              	aci_gatt_error_resp_event:
 3386              	.LVL295:
 3387              	.LFB120:
1198:Middlewares/ST/STM32_WPAN/ble/core/auto/ble_events.c **** 
1199:Middlewares/ST/STM32_WPAN/ble/core/auto/ble_events.c **** /* ACI_GATT_ERROR_RESP_EVENT callback function */
1200:Middlewares/ST/STM32_WPAN/ble/core/auto/ble_events.c **** __WEAK void aci_gatt_error_resp_event( uint16_t Connection_Handle,
1201:Middlewares/ST/STM32_WPAN/ble/core/auto/ble_events.c ****                                        uint8_t Req_Opcode,
1202:Middlewares/ST/STM32_WPAN/ble/core/auto/ble_events.c ****                                        uint16_t Attribute_Handle,
1203:Middlewares/ST/STM32_WPAN/ble/core/auto/ble_events.c ****                                        uint8_t Error_Code )
1204:Middlewares/ST/STM32_WPAN/ble/core/auto/ble_events.c **** {
 3388              		.loc 1 1204 1 is_stmt 1 view -0
 3389              		.cfi_startproc
 3390              		@ args = 0, pretend = 0, frame = 0
 3391              		@ frame_needed = 0, uses_anonymous_args = 0
 3392              		@ link register save eliminated.
1205:Middlewares/ST/STM32_WPAN/ble/core/auto/ble_events.c **** }
 3393              		.loc 1 1205 1 view .LVU525
 3394 0000 7047     		bx	lr
 3395              		.cfi_endproc
 3396              	.LFE120:
 3398              		.section	.text.aci_gatt_error_resp_event_process,"ax",%progbits
ARM GAS  C:\Users\Nathan\AppData\Local\Temp\ccoc0wMg.s 			page 78


 3399              		.align	1
 3400              		.syntax unified
 3401              		.thumb
 3402              		.thumb_func
 3404              	aci_gatt_error_resp_event_process:
 3405              	.LVL296:
 3406              	.LFB121:
1206:Middlewares/ST/STM32_WPAN/ble/core/auto/ble_events.c **** 
1207:Middlewares/ST/STM32_WPAN/ble/core/auto/ble_events.c **** /* ACI_GATT_ERROR_RESP_EVENT process function */
1208:Middlewares/ST/STM32_WPAN/ble/core/auto/ble_events.c **** static void aci_gatt_error_resp_event_process( const uint8_t* in )
1209:Middlewares/ST/STM32_WPAN/ble/core/auto/ble_events.c **** {
 3407              		.loc 1 1209 1 view -0
 3408              		.cfi_startproc
 3409              		@ args = 0, pretend = 0, frame = 0
 3410              		@ frame_needed = 0, uses_anonymous_args = 0
 3411              		.loc 1 1209 1 is_stmt 0 view .LVU527
 3412 0000 08B5     		push	{r3, lr}
 3413              		.cfi_def_cfa_offset 8
 3414              		.cfi_offset 3, -8
 3415              		.cfi_offset 14, -4
1210:Middlewares/ST/STM32_WPAN/ble/core/auto/ble_events.c ****   aci_gatt_error_resp_event_rp0 *rp0 = (void*)in;
 3416              		.loc 1 1210 3 is_stmt 1 view .LVU528
 3417              	.LVL297:
1211:Middlewares/ST/STM32_WPAN/ble/core/auto/ble_events.c ****   aci_gatt_error_resp_event( rp0->Connection_Handle,
 3418              		.loc 1 1211 3 view .LVU529
 3419 0002 4379     		ldrb	r3, [r0, #5]	@ zero_extendqisi2
 3420 0004 B0F80320 		ldrh	r2, [r0, #3]	@ unaligned
 3421 0008 8178     		ldrb	r1, [r0, #2]	@ zero_extendqisi2
 3422 000a 0088     		ldrh	r0, [r0]	@ unaligned
 3423              	.LVL298:
 3424              		.loc 1 1211 3 is_stmt 0 view .LVU530
 3425 000c FFF7FEFF 		bl	aci_gatt_error_resp_event
 3426              	.LVL299:
1212:Middlewares/ST/STM32_WPAN/ble/core/auto/ble_events.c ****                              rp0->Req_Opcode,
1213:Middlewares/ST/STM32_WPAN/ble/core/auto/ble_events.c ****                              rp0->Attribute_Handle,
1214:Middlewares/ST/STM32_WPAN/ble/core/auto/ble_events.c ****                              rp0->Error_Code );
1215:Middlewares/ST/STM32_WPAN/ble/core/auto/ble_events.c **** }
 3427              		.loc 1 1215 1 view .LVU531
 3428 0010 08BD     		pop	{r3, pc}
 3429              		.cfi_endproc
 3430              	.LFE121:
 3432              		.section	.text.aci_gatt_disc_read_char_by_uuid_resp_event,"ax",%progbits
 3433              		.align	1
 3434              		.weak	aci_gatt_disc_read_char_by_uuid_resp_event
 3435              		.syntax unified
 3436              		.thumb
 3437              		.thumb_func
 3439              	aci_gatt_disc_read_char_by_uuid_resp_event:
 3440              	.LVL300:
 3441              	.LFB122:
1216:Middlewares/ST/STM32_WPAN/ble/core/auto/ble_events.c **** 
1217:Middlewares/ST/STM32_WPAN/ble/core/auto/ble_events.c **** /* ACI_GATT_DISC_READ_CHAR_BY_UUID_RESP_EVENT callback function */
1218:Middlewares/ST/STM32_WPAN/ble/core/auto/ble_events.c **** __WEAK void aci_gatt_disc_read_char_by_uuid_resp_event( uint16_t Connection_Handle,
1219:Middlewares/ST/STM32_WPAN/ble/core/auto/ble_events.c ****                                                         uint16_t Attribute_Handle,
1220:Middlewares/ST/STM32_WPAN/ble/core/auto/ble_events.c ****                                                         uint8_t Attribute_Value_Length,
1221:Middlewares/ST/STM32_WPAN/ble/core/auto/ble_events.c ****                                                         const uint8_t* Attribute_Value )
1222:Middlewares/ST/STM32_WPAN/ble/core/auto/ble_events.c **** {
ARM GAS  C:\Users\Nathan\AppData\Local\Temp\ccoc0wMg.s 			page 79


 3442              		.loc 1 1222 1 is_stmt 1 view -0
 3443              		.cfi_startproc
 3444              		@ args = 0, pretend = 0, frame = 0
 3445              		@ frame_needed = 0, uses_anonymous_args = 0
 3446              		@ link register save eliminated.
1223:Middlewares/ST/STM32_WPAN/ble/core/auto/ble_events.c **** }
 3447              		.loc 1 1223 1 view .LVU533
 3448 0000 7047     		bx	lr
 3449              		.cfi_endproc
 3450              	.LFE122:
 3452              		.section	.text.aci_gatt_disc_read_char_by_uuid_resp_event_process,"ax",%progbits
 3453              		.align	1
 3454              		.syntax unified
 3455              		.thumb
 3456              		.thumb_func
 3458              	aci_gatt_disc_read_char_by_uuid_resp_event_process:
 3459              	.LVL301:
 3460              	.LFB123:
1224:Middlewares/ST/STM32_WPAN/ble/core/auto/ble_events.c **** 
1225:Middlewares/ST/STM32_WPAN/ble/core/auto/ble_events.c **** /* ACI_GATT_DISC_READ_CHAR_BY_UUID_RESP_EVENT process function */
1226:Middlewares/ST/STM32_WPAN/ble/core/auto/ble_events.c **** static void aci_gatt_disc_read_char_by_uuid_resp_event_process( const uint8_t* in )
1227:Middlewares/ST/STM32_WPAN/ble/core/auto/ble_events.c **** {
 3461              		.loc 1 1227 1 view -0
 3462              		.cfi_startproc
 3463              		@ args = 0, pretend = 0, frame = 0
 3464              		@ frame_needed = 0, uses_anonymous_args = 0
 3465              		.loc 1 1227 1 is_stmt 0 view .LVU535
 3466 0000 08B5     		push	{r3, lr}
 3467              		.cfi_def_cfa_offset 8
 3468              		.cfi_offset 3, -8
 3469              		.cfi_offset 14, -4
1228:Middlewares/ST/STM32_WPAN/ble/core/auto/ble_events.c ****   aci_gatt_disc_read_char_by_uuid_resp_event_rp0 *rp0 = (void*)in;
 3470              		.loc 1 1228 3 is_stmt 1 view .LVU536
 3471              	.LVL302:
1229:Middlewares/ST/STM32_WPAN/ble/core/auto/ble_events.c ****   aci_gatt_disc_read_char_by_uuid_resp_event( rp0->Connection_Handle,
 3472              		.loc 1 1229 3 view .LVU537
 3473 0002 431D     		adds	r3, r0, #5
 3474 0004 0279     		ldrb	r2, [r0, #4]	@ zero_extendqisi2
 3475 0006 4188     		ldrh	r1, [r0, #2]	@ unaligned
 3476 0008 0088     		ldrh	r0, [r0]	@ unaligned
 3477              	.LVL303:
 3478              		.loc 1 1229 3 is_stmt 0 view .LVU538
 3479 000a FFF7FEFF 		bl	aci_gatt_disc_read_char_by_uuid_resp_event
 3480              	.LVL304:
1230:Middlewares/ST/STM32_WPAN/ble/core/auto/ble_events.c ****                                               rp0->Attribute_Handle,
1231:Middlewares/ST/STM32_WPAN/ble/core/auto/ble_events.c ****                                               rp0->Attribute_Value_Length,
1232:Middlewares/ST/STM32_WPAN/ble/core/auto/ble_events.c ****                                               rp0->Attribute_Value );
1233:Middlewares/ST/STM32_WPAN/ble/core/auto/ble_events.c **** }
 3481              		.loc 1 1233 1 view .LVU539
 3482 000e 08BD     		pop	{r3, pc}
 3483              		.cfi_endproc
 3484              	.LFE123:
 3486              		.section	.text.aci_gatt_write_permit_req_event,"ax",%progbits
 3487              		.align	1
 3488              		.weak	aci_gatt_write_permit_req_event
 3489              		.syntax unified
 3490              		.thumb
ARM GAS  C:\Users\Nathan\AppData\Local\Temp\ccoc0wMg.s 			page 80


 3491              		.thumb_func
 3493              	aci_gatt_write_permit_req_event:
 3494              	.LVL305:
 3495              	.LFB124:
1234:Middlewares/ST/STM32_WPAN/ble/core/auto/ble_events.c **** 
1235:Middlewares/ST/STM32_WPAN/ble/core/auto/ble_events.c **** /* ACI_GATT_WRITE_PERMIT_REQ_EVENT callback function */
1236:Middlewares/ST/STM32_WPAN/ble/core/auto/ble_events.c **** __WEAK void aci_gatt_write_permit_req_event( uint16_t Connection_Handle,
1237:Middlewares/ST/STM32_WPAN/ble/core/auto/ble_events.c ****                                              uint16_t Attribute_Handle,
1238:Middlewares/ST/STM32_WPAN/ble/core/auto/ble_events.c ****                                              uint8_t Data_Length,
1239:Middlewares/ST/STM32_WPAN/ble/core/auto/ble_events.c ****                                              const uint8_t* Data )
1240:Middlewares/ST/STM32_WPAN/ble/core/auto/ble_events.c **** {
 3496              		.loc 1 1240 1 is_stmt 1 view -0
 3497              		.cfi_startproc
 3498              		@ args = 0, pretend = 0, frame = 0
 3499              		@ frame_needed = 0, uses_anonymous_args = 0
 3500              		@ link register save eliminated.
1241:Middlewares/ST/STM32_WPAN/ble/core/auto/ble_events.c **** }
 3501              		.loc 1 1241 1 view .LVU541
 3502 0000 7047     		bx	lr
 3503              		.cfi_endproc
 3504              	.LFE124:
 3506              		.section	.text.aci_gatt_write_permit_req_event_process,"ax",%progbits
 3507              		.align	1
 3508              		.syntax unified
 3509              		.thumb
 3510              		.thumb_func
 3512              	aci_gatt_write_permit_req_event_process:
 3513              	.LVL306:
 3514              	.LFB125:
1242:Middlewares/ST/STM32_WPAN/ble/core/auto/ble_events.c **** 
1243:Middlewares/ST/STM32_WPAN/ble/core/auto/ble_events.c **** /* ACI_GATT_WRITE_PERMIT_REQ_EVENT process function */
1244:Middlewares/ST/STM32_WPAN/ble/core/auto/ble_events.c **** static void aci_gatt_write_permit_req_event_process( const uint8_t* in )
1245:Middlewares/ST/STM32_WPAN/ble/core/auto/ble_events.c **** {
 3515              		.loc 1 1245 1 view -0
 3516              		.cfi_startproc
 3517              		@ args = 0, pretend = 0, frame = 0
 3518              		@ frame_needed = 0, uses_anonymous_args = 0
 3519              		.loc 1 1245 1 is_stmt 0 view .LVU543
 3520 0000 08B5     		push	{r3, lr}
 3521              		.cfi_def_cfa_offset 8
 3522              		.cfi_offset 3, -8
 3523              		.cfi_offset 14, -4
1246:Middlewares/ST/STM32_WPAN/ble/core/auto/ble_events.c ****   aci_gatt_write_permit_req_event_rp0 *rp0 = (void*)in;
 3524              		.loc 1 1246 3 is_stmt 1 view .LVU544
 3525              	.LVL307:
1247:Middlewares/ST/STM32_WPAN/ble/core/auto/ble_events.c ****   aci_gatt_write_permit_req_event( rp0->Connection_Handle,
 3526              		.loc 1 1247 3 view .LVU545
 3527 0002 431D     		adds	r3, r0, #5
 3528 0004 0279     		ldrb	r2, [r0, #4]	@ zero_extendqisi2
 3529 0006 4188     		ldrh	r1, [r0, #2]	@ unaligned
 3530 0008 0088     		ldrh	r0, [r0]	@ unaligned
 3531              	.LVL308:
 3532              		.loc 1 1247 3 is_stmt 0 view .LVU546
 3533 000a FFF7FEFF 		bl	aci_gatt_write_permit_req_event
 3534              	.LVL309:
1248:Middlewares/ST/STM32_WPAN/ble/core/auto/ble_events.c ****                                    rp0->Attribute_Handle,
1249:Middlewares/ST/STM32_WPAN/ble/core/auto/ble_events.c ****                                    rp0->Data_Length,
ARM GAS  C:\Users\Nathan\AppData\Local\Temp\ccoc0wMg.s 			page 81


1250:Middlewares/ST/STM32_WPAN/ble/core/auto/ble_events.c ****                                    rp0->Data );
1251:Middlewares/ST/STM32_WPAN/ble/core/auto/ble_events.c **** }
 3535              		.loc 1 1251 1 view .LVU547
 3536 000e 08BD     		pop	{r3, pc}
 3537              		.cfi_endproc
 3538              	.LFE125:
 3540              		.section	.text.aci_gatt_read_permit_req_event,"ax",%progbits
 3541              		.align	1
 3542              		.weak	aci_gatt_read_permit_req_event
 3543              		.syntax unified
 3544              		.thumb
 3545              		.thumb_func
 3547              	aci_gatt_read_permit_req_event:
 3548              	.LVL310:
 3549              	.LFB126:
1252:Middlewares/ST/STM32_WPAN/ble/core/auto/ble_events.c **** 
1253:Middlewares/ST/STM32_WPAN/ble/core/auto/ble_events.c **** /* ACI_GATT_READ_PERMIT_REQ_EVENT callback function */
1254:Middlewares/ST/STM32_WPAN/ble/core/auto/ble_events.c **** __WEAK void aci_gatt_read_permit_req_event( uint16_t Connection_Handle,
1255:Middlewares/ST/STM32_WPAN/ble/core/auto/ble_events.c ****                                             uint16_t Attribute_Handle,
1256:Middlewares/ST/STM32_WPAN/ble/core/auto/ble_events.c ****                                             uint16_t Offset )
1257:Middlewares/ST/STM32_WPAN/ble/core/auto/ble_events.c **** {
 3550              		.loc 1 1257 1 is_stmt 1 view -0
 3551              		.cfi_startproc
 3552              		@ args = 0, pretend = 0, frame = 0
 3553              		@ frame_needed = 0, uses_anonymous_args = 0
 3554              		@ link register save eliminated.
1258:Middlewares/ST/STM32_WPAN/ble/core/auto/ble_events.c **** }
 3555              		.loc 1 1258 1 view .LVU549
 3556 0000 7047     		bx	lr
 3557              		.cfi_endproc
 3558              	.LFE126:
 3560              		.section	.text.aci_gatt_read_permit_req_event_process,"ax",%progbits
 3561              		.align	1
 3562              		.syntax unified
 3563              		.thumb
 3564              		.thumb_func
 3566              	aci_gatt_read_permit_req_event_process:
 3567              	.LVL311:
 3568              	.LFB127:
1259:Middlewares/ST/STM32_WPAN/ble/core/auto/ble_events.c **** 
1260:Middlewares/ST/STM32_WPAN/ble/core/auto/ble_events.c **** /* ACI_GATT_READ_PERMIT_REQ_EVENT process function */
1261:Middlewares/ST/STM32_WPAN/ble/core/auto/ble_events.c **** static void aci_gatt_read_permit_req_event_process( const uint8_t* in )
1262:Middlewares/ST/STM32_WPAN/ble/core/auto/ble_events.c **** {
 3569              		.loc 1 1262 1 view -0
 3570              		.cfi_startproc
 3571              		@ args = 0, pretend = 0, frame = 0
 3572              		@ frame_needed = 0, uses_anonymous_args = 0
 3573              		.loc 1 1262 1 is_stmt 0 view .LVU551
 3574 0000 08B5     		push	{r3, lr}
 3575              		.cfi_def_cfa_offset 8
 3576              		.cfi_offset 3, -8
 3577              		.cfi_offset 14, -4
1263:Middlewares/ST/STM32_WPAN/ble/core/auto/ble_events.c ****   aci_gatt_read_permit_req_event_rp0 *rp0 = (void*)in;
 3578              		.loc 1 1263 3 is_stmt 1 view .LVU552
 3579              	.LVL312:
1264:Middlewares/ST/STM32_WPAN/ble/core/auto/ble_events.c ****   aci_gatt_read_permit_req_event( rp0->Connection_Handle,
 3580              		.loc 1 1264 3 view .LVU553
ARM GAS  C:\Users\Nathan\AppData\Local\Temp\ccoc0wMg.s 			page 82


 3581 0002 8288     		ldrh	r2, [r0, #4]	@ unaligned
 3582 0004 4188     		ldrh	r1, [r0, #2]	@ unaligned
 3583 0006 0088     		ldrh	r0, [r0]	@ unaligned
 3584              	.LVL313:
 3585              		.loc 1 1264 3 is_stmt 0 view .LVU554
 3586 0008 FFF7FEFF 		bl	aci_gatt_read_permit_req_event
 3587              	.LVL314:
1265:Middlewares/ST/STM32_WPAN/ble/core/auto/ble_events.c ****                                   rp0->Attribute_Handle,
1266:Middlewares/ST/STM32_WPAN/ble/core/auto/ble_events.c ****                                   rp0->Offset );
1267:Middlewares/ST/STM32_WPAN/ble/core/auto/ble_events.c **** }
 3588              		.loc 1 1267 1 view .LVU555
 3589 000c 08BD     		pop	{r3, pc}
 3590              		.cfi_endproc
 3591              	.LFE127:
 3593              		.section	.text.aci_gatt_read_multi_permit_req_event,"ax",%progbits
 3594              		.align	1
 3595              		.weak	aci_gatt_read_multi_permit_req_event
 3596              		.syntax unified
 3597              		.thumb
 3598              		.thumb_func
 3600              	aci_gatt_read_multi_permit_req_event:
 3601              	.LVL315:
 3602              	.LFB128:
1268:Middlewares/ST/STM32_WPAN/ble/core/auto/ble_events.c **** 
1269:Middlewares/ST/STM32_WPAN/ble/core/auto/ble_events.c **** /* ACI_GATT_READ_MULTI_PERMIT_REQ_EVENT callback function */
1270:Middlewares/ST/STM32_WPAN/ble/core/auto/ble_events.c **** __WEAK void aci_gatt_read_multi_permit_req_event( uint16_t Connection_Handle,
1271:Middlewares/ST/STM32_WPAN/ble/core/auto/ble_events.c ****                                                   uint8_t Number_of_Handles,
1272:Middlewares/ST/STM32_WPAN/ble/core/auto/ble_events.c ****                                                   const Handle_Item_t* Handle_Item )
1273:Middlewares/ST/STM32_WPAN/ble/core/auto/ble_events.c **** {
 3603              		.loc 1 1273 1 is_stmt 1 view -0
 3604              		.cfi_startproc
 3605              		@ args = 0, pretend = 0, frame = 0
 3606              		@ frame_needed = 0, uses_anonymous_args = 0
 3607              		@ link register save eliminated.
1274:Middlewares/ST/STM32_WPAN/ble/core/auto/ble_events.c **** }
 3608              		.loc 1 1274 1 view .LVU557
 3609 0000 7047     		bx	lr
 3610              		.cfi_endproc
 3611              	.LFE128:
 3613              		.section	.text.aci_gatt_read_multi_permit_req_event_process,"ax",%progbits
 3614              		.align	1
 3615              		.syntax unified
 3616              		.thumb
 3617              		.thumb_func
 3619              	aci_gatt_read_multi_permit_req_event_process:
 3620              	.LVL316:
 3621              	.LFB129:
1275:Middlewares/ST/STM32_WPAN/ble/core/auto/ble_events.c **** 
1276:Middlewares/ST/STM32_WPAN/ble/core/auto/ble_events.c **** /* ACI_GATT_READ_MULTI_PERMIT_REQ_EVENT process function */
1277:Middlewares/ST/STM32_WPAN/ble/core/auto/ble_events.c **** static void aci_gatt_read_multi_permit_req_event_process( const uint8_t* in )
1278:Middlewares/ST/STM32_WPAN/ble/core/auto/ble_events.c **** {
 3622              		.loc 1 1278 1 view -0
 3623              		.cfi_startproc
 3624              		@ args = 0, pretend = 0, frame = 0
 3625              		@ frame_needed = 0, uses_anonymous_args = 0
 3626              		.loc 1 1278 1 is_stmt 0 view .LVU559
 3627 0000 08B5     		push	{r3, lr}
ARM GAS  C:\Users\Nathan\AppData\Local\Temp\ccoc0wMg.s 			page 83


 3628              		.cfi_def_cfa_offset 8
 3629              		.cfi_offset 3, -8
 3630              		.cfi_offset 14, -4
1279:Middlewares/ST/STM32_WPAN/ble/core/auto/ble_events.c ****   aci_gatt_read_multi_permit_req_event_rp0 *rp0 = (void*)in;
 3631              		.loc 1 1279 3 is_stmt 1 view .LVU560
 3632              	.LVL317:
1280:Middlewares/ST/STM32_WPAN/ble/core/auto/ble_events.c ****   aci_gatt_read_multi_permit_req_event( rp0->Connection_Handle,
 3633              		.loc 1 1280 3 view .LVU561
 3634 0002 C21C     		adds	r2, r0, #3
 3635 0004 8178     		ldrb	r1, [r0, #2]	@ zero_extendqisi2
 3636 0006 0088     		ldrh	r0, [r0]	@ unaligned
 3637              	.LVL318:
 3638              		.loc 1 1280 3 is_stmt 0 view .LVU562
 3639 0008 FFF7FEFF 		bl	aci_gatt_read_multi_permit_req_event
 3640              	.LVL319:
1281:Middlewares/ST/STM32_WPAN/ble/core/auto/ble_events.c ****                                         rp0->Number_of_Handles,
1282:Middlewares/ST/STM32_WPAN/ble/core/auto/ble_events.c ****                                         rp0->Handle_Item );
1283:Middlewares/ST/STM32_WPAN/ble/core/auto/ble_events.c **** }
 3641              		.loc 1 1283 1 view .LVU563
 3642 000c 08BD     		pop	{r3, pc}
 3643              		.cfi_endproc
 3644              	.LFE129:
 3646              		.section	.text.aci_gatt_tx_pool_available_event,"ax",%progbits
 3647              		.align	1
 3648              		.weak	aci_gatt_tx_pool_available_event
 3649              		.syntax unified
 3650              		.thumb
 3651              		.thumb_func
 3653              	aci_gatt_tx_pool_available_event:
 3654              	.LVL320:
 3655              	.LFB130:
1284:Middlewares/ST/STM32_WPAN/ble/core/auto/ble_events.c **** 
1285:Middlewares/ST/STM32_WPAN/ble/core/auto/ble_events.c **** /* ACI_GATT_TX_POOL_AVAILABLE_EVENT callback function */
1286:Middlewares/ST/STM32_WPAN/ble/core/auto/ble_events.c **** __WEAK void aci_gatt_tx_pool_available_event( uint16_t Connection_Handle,
1287:Middlewares/ST/STM32_WPAN/ble/core/auto/ble_events.c ****                                               uint16_t Available_Buffers )
1288:Middlewares/ST/STM32_WPAN/ble/core/auto/ble_events.c **** {
 3656              		.loc 1 1288 1 is_stmt 1 view -0
 3657              		.cfi_startproc
 3658              		@ args = 0, pretend = 0, frame = 0
 3659              		@ frame_needed = 0, uses_anonymous_args = 0
 3660              		@ link register save eliminated.
1289:Middlewares/ST/STM32_WPAN/ble/core/auto/ble_events.c **** }
 3661              		.loc 1 1289 1 view .LVU565
 3662 0000 7047     		bx	lr
 3663              		.cfi_endproc
 3664              	.LFE130:
 3666              		.section	.text.aci_gatt_tx_pool_available_event_process,"ax",%progbits
 3667              		.align	1
 3668              		.syntax unified
 3669              		.thumb
 3670              		.thumb_func
 3672              	aci_gatt_tx_pool_available_event_process:
 3673              	.LVL321:
 3674              	.LFB131:
1290:Middlewares/ST/STM32_WPAN/ble/core/auto/ble_events.c **** 
1291:Middlewares/ST/STM32_WPAN/ble/core/auto/ble_events.c **** /* ACI_GATT_TX_POOL_AVAILABLE_EVENT process function */
1292:Middlewares/ST/STM32_WPAN/ble/core/auto/ble_events.c **** static void aci_gatt_tx_pool_available_event_process( const uint8_t* in )
ARM GAS  C:\Users\Nathan\AppData\Local\Temp\ccoc0wMg.s 			page 84


1293:Middlewares/ST/STM32_WPAN/ble/core/auto/ble_events.c **** {
 3675              		.loc 1 1293 1 view -0
 3676              		.cfi_startproc
 3677              		@ args = 0, pretend = 0, frame = 0
 3678              		@ frame_needed = 0, uses_anonymous_args = 0
 3679              		.loc 1 1293 1 is_stmt 0 view .LVU567
 3680 0000 08B5     		push	{r3, lr}
 3681              		.cfi_def_cfa_offset 8
 3682              		.cfi_offset 3, -8
 3683              		.cfi_offset 14, -4
1294:Middlewares/ST/STM32_WPAN/ble/core/auto/ble_events.c ****   aci_gatt_tx_pool_available_event_rp0 *rp0 = (void*)in;
 3684              		.loc 1 1294 3 is_stmt 1 view .LVU568
 3685              	.LVL322:
1295:Middlewares/ST/STM32_WPAN/ble/core/auto/ble_events.c ****   aci_gatt_tx_pool_available_event( rp0->Connection_Handle,
 3686              		.loc 1 1295 3 view .LVU569
 3687 0002 4188     		ldrh	r1, [r0, #2]	@ unaligned
 3688 0004 0088     		ldrh	r0, [r0]	@ unaligned
 3689              	.LVL323:
 3690              		.loc 1 1295 3 is_stmt 0 view .LVU570
 3691 0006 FFF7FEFF 		bl	aci_gatt_tx_pool_available_event
 3692              	.LVL324:
1296:Middlewares/ST/STM32_WPAN/ble/core/auto/ble_events.c ****                                     rp0->Available_Buffers );
1297:Middlewares/ST/STM32_WPAN/ble/core/auto/ble_events.c **** }
 3693              		.loc 1 1297 1 view .LVU571
 3694 000a 08BD     		pop	{r3, pc}
 3695              		.cfi_endproc
 3696              	.LFE131:
 3698              		.section	.text.aci_gatt_server_confirmation_event,"ax",%progbits
 3699              		.align	1
 3700              		.weak	aci_gatt_server_confirmation_event
 3701              		.syntax unified
 3702              		.thumb
 3703              		.thumb_func
 3705              	aci_gatt_server_confirmation_event:
 3706              	.LVL325:
 3707              	.LFB132:
1298:Middlewares/ST/STM32_WPAN/ble/core/auto/ble_events.c **** 
1299:Middlewares/ST/STM32_WPAN/ble/core/auto/ble_events.c **** /* ACI_GATT_SERVER_CONFIRMATION_EVENT callback function */
1300:Middlewares/ST/STM32_WPAN/ble/core/auto/ble_events.c **** __WEAK void aci_gatt_server_confirmation_event( uint16_t Connection_Handle )
1301:Middlewares/ST/STM32_WPAN/ble/core/auto/ble_events.c **** {
 3708              		.loc 1 1301 1 is_stmt 1 view -0
 3709              		.cfi_startproc
 3710              		@ args = 0, pretend = 0, frame = 0
 3711              		@ frame_needed = 0, uses_anonymous_args = 0
 3712              		@ link register save eliminated.
1302:Middlewares/ST/STM32_WPAN/ble/core/auto/ble_events.c **** }
 3713              		.loc 1 1302 1 view .LVU573
 3714 0000 7047     		bx	lr
 3715              		.cfi_endproc
 3716              	.LFE132:
 3718              		.section	.text.aci_gatt_server_confirmation_event_process,"ax",%progbits
 3719              		.align	1
 3720              		.syntax unified
 3721              		.thumb
 3722              		.thumb_func
 3724              	aci_gatt_server_confirmation_event_process:
 3725              	.LVL326:
ARM GAS  C:\Users\Nathan\AppData\Local\Temp\ccoc0wMg.s 			page 85


 3726              	.LFB133:
1303:Middlewares/ST/STM32_WPAN/ble/core/auto/ble_events.c **** 
1304:Middlewares/ST/STM32_WPAN/ble/core/auto/ble_events.c **** /* ACI_GATT_SERVER_CONFIRMATION_EVENT process function */
1305:Middlewares/ST/STM32_WPAN/ble/core/auto/ble_events.c **** static void aci_gatt_server_confirmation_event_process( const uint8_t* in )
1306:Middlewares/ST/STM32_WPAN/ble/core/auto/ble_events.c **** {
 3727              		.loc 1 1306 1 view -0
 3728              		.cfi_startproc
 3729              		@ args = 0, pretend = 0, frame = 0
 3730              		@ frame_needed = 0, uses_anonymous_args = 0
 3731              		.loc 1 1306 1 is_stmt 0 view .LVU575
 3732 0000 08B5     		push	{r3, lr}
 3733              		.cfi_def_cfa_offset 8
 3734              		.cfi_offset 3, -8
 3735              		.cfi_offset 14, -4
1307:Middlewares/ST/STM32_WPAN/ble/core/auto/ble_events.c ****   aci_gatt_server_confirmation_event_rp0 *rp0 = (void*)in;
 3736              		.loc 1 1307 3 is_stmt 1 view .LVU576
 3737              	.LVL327:
1308:Middlewares/ST/STM32_WPAN/ble/core/auto/ble_events.c ****   aci_gatt_server_confirmation_event( rp0->Connection_Handle );
 3738              		.loc 1 1308 3 view .LVU577
 3739 0002 0088     		ldrh	r0, [r0]	@ unaligned
 3740              	.LVL328:
 3741              		.loc 1 1308 3 is_stmt 0 view .LVU578
 3742 0004 FFF7FEFF 		bl	aci_gatt_server_confirmation_event
 3743              	.LVL329:
1309:Middlewares/ST/STM32_WPAN/ble/core/auto/ble_events.c **** }
 3744              		.loc 1 1309 1 view .LVU579
 3745 0008 08BD     		pop	{r3, pc}
 3746              		.cfi_endproc
 3747              	.LFE133:
 3749              		.section	.text.aci_gatt_prepare_write_permit_req_event,"ax",%progbits
 3750              		.align	1
 3751              		.weak	aci_gatt_prepare_write_permit_req_event
 3752              		.syntax unified
 3753              		.thumb
 3754              		.thumb_func
 3756              	aci_gatt_prepare_write_permit_req_event:
 3757              	.LVL330:
 3758              	.LFB134:
1310:Middlewares/ST/STM32_WPAN/ble/core/auto/ble_events.c **** 
1311:Middlewares/ST/STM32_WPAN/ble/core/auto/ble_events.c **** /* ACI_GATT_PREPARE_WRITE_PERMIT_REQ_EVENT callback function */
1312:Middlewares/ST/STM32_WPAN/ble/core/auto/ble_events.c **** __WEAK void aci_gatt_prepare_write_permit_req_event( uint16_t Connection_Handle,
1313:Middlewares/ST/STM32_WPAN/ble/core/auto/ble_events.c ****                                                      uint16_t Attribute_Handle,
1314:Middlewares/ST/STM32_WPAN/ble/core/auto/ble_events.c ****                                                      uint16_t Offset,
1315:Middlewares/ST/STM32_WPAN/ble/core/auto/ble_events.c ****                                                      uint8_t Data_Length,
1316:Middlewares/ST/STM32_WPAN/ble/core/auto/ble_events.c ****                                                      const uint8_t* Data )
1317:Middlewares/ST/STM32_WPAN/ble/core/auto/ble_events.c **** {
 3759              		.loc 1 1317 1 is_stmt 1 view -0
 3760              		.cfi_startproc
 3761              		@ args = 4, pretend = 0, frame = 0
 3762              		@ frame_needed = 0, uses_anonymous_args = 0
 3763              		@ link register save eliminated.
1318:Middlewares/ST/STM32_WPAN/ble/core/auto/ble_events.c **** }
 3764              		.loc 1 1318 1 view .LVU581
 3765 0000 7047     		bx	lr
 3766              		.cfi_endproc
 3767              	.LFE134:
 3769              		.section	.text.aci_gatt_prepare_write_permit_req_event_process,"ax",%progbits
ARM GAS  C:\Users\Nathan\AppData\Local\Temp\ccoc0wMg.s 			page 86


 3770              		.align	1
 3771              		.syntax unified
 3772              		.thumb
 3773              		.thumb_func
 3775              	aci_gatt_prepare_write_permit_req_event_process:
 3776              	.LVL331:
 3777              	.LFB135:
1319:Middlewares/ST/STM32_WPAN/ble/core/auto/ble_events.c **** 
1320:Middlewares/ST/STM32_WPAN/ble/core/auto/ble_events.c **** /* ACI_GATT_PREPARE_WRITE_PERMIT_REQ_EVENT process function */
1321:Middlewares/ST/STM32_WPAN/ble/core/auto/ble_events.c **** static void aci_gatt_prepare_write_permit_req_event_process( const uint8_t* in )
1322:Middlewares/ST/STM32_WPAN/ble/core/auto/ble_events.c **** {
 3778              		.loc 1 1322 1 view -0
 3779              		.cfi_startproc
 3780              		@ args = 0, pretend = 0, frame = 0
 3781              		@ frame_needed = 0, uses_anonymous_args = 0
 3782              		.loc 1 1322 1 is_stmt 0 view .LVU583
 3783 0000 00B5     		push	{lr}
 3784              		.cfi_def_cfa_offset 4
 3785              		.cfi_offset 14, -4
 3786 0002 83B0     		sub	sp, sp, #12
 3787              		.cfi_def_cfa_offset 16
1323:Middlewares/ST/STM32_WPAN/ble/core/auto/ble_events.c ****   aci_gatt_prepare_write_permit_req_event_rp0 *rp0 = (void*)in;
 3788              		.loc 1 1323 3 is_stmt 1 view .LVU584
 3789              	.LVL332:
1324:Middlewares/ST/STM32_WPAN/ble/core/auto/ble_events.c ****   aci_gatt_prepare_write_permit_req_event( rp0->Connection_Handle,
 3790              		.loc 1 1324 3 view .LVU585
1325:Middlewares/ST/STM32_WPAN/ble/core/auto/ble_events.c ****                                            rp0->Attribute_Handle,
1326:Middlewares/ST/STM32_WPAN/ble/core/auto/ble_events.c ****                                            rp0->Offset,
1327:Middlewares/ST/STM32_WPAN/ble/core/auto/ble_events.c ****                                            rp0->Data_Length,
1328:Middlewares/ST/STM32_WPAN/ble/core/auto/ble_events.c ****                                            rp0->Data );
 3791              		.loc 1 1328 47 is_stmt 0 view .LVU586
 3792 0004 C31D     		adds	r3, r0, #7
1324:Middlewares/ST/STM32_WPAN/ble/core/auto/ble_events.c ****   aci_gatt_prepare_write_permit_req_event( rp0->Connection_Handle,
 3793              		.loc 1 1324 3 view .LVU587
 3794 0006 0093     		str	r3, [sp]
 3795 0008 8379     		ldrb	r3, [r0, #6]	@ zero_extendqisi2
 3796 000a 8288     		ldrh	r2, [r0, #4]	@ unaligned
 3797 000c 4188     		ldrh	r1, [r0, #2]	@ unaligned
 3798 000e 0088     		ldrh	r0, [r0]	@ unaligned
 3799              	.LVL333:
1324:Middlewares/ST/STM32_WPAN/ble/core/auto/ble_events.c ****   aci_gatt_prepare_write_permit_req_event( rp0->Connection_Handle,
 3800              		.loc 1 1324 3 view .LVU588
 3801 0010 FFF7FEFF 		bl	aci_gatt_prepare_write_permit_req_event
 3802              	.LVL334:
1329:Middlewares/ST/STM32_WPAN/ble/core/auto/ble_events.c **** }
 3803              		.loc 1 1329 1 view .LVU589
 3804 0014 03B0     		add	sp, sp, #12
 3805              		.cfi_def_cfa_offset 4
 3806              		@ sp needed
 3807 0016 00BD     		pop	{pc}
 3808              		.cfi_endproc
 3809              	.LFE135:
 3811              		.section	.text.aci_gatt_eatt_bearer_event,"ax",%progbits
 3812              		.align	1
 3813              		.weak	aci_gatt_eatt_bearer_event
 3814              		.syntax unified
 3815              		.thumb
ARM GAS  C:\Users\Nathan\AppData\Local\Temp\ccoc0wMg.s 			page 87


 3816              		.thumb_func
 3818              	aci_gatt_eatt_bearer_event:
 3819              	.LVL335:
 3820              	.LFB136:
1330:Middlewares/ST/STM32_WPAN/ble/core/auto/ble_events.c **** 
1331:Middlewares/ST/STM32_WPAN/ble/core/auto/ble_events.c **** /* ACI_GATT_EATT_BEARER_EVENT callback function */
1332:Middlewares/ST/STM32_WPAN/ble/core/auto/ble_events.c **** __WEAK void aci_gatt_eatt_bearer_event( uint16_t Connection_Handle,
1333:Middlewares/ST/STM32_WPAN/ble/core/auto/ble_events.c ****                                         uint8_t Channel_Index,
1334:Middlewares/ST/STM32_WPAN/ble/core/auto/ble_events.c ****                                         uint8_t EAB_State,
1335:Middlewares/ST/STM32_WPAN/ble/core/auto/ble_events.c ****                                         uint16_t MTU )
1336:Middlewares/ST/STM32_WPAN/ble/core/auto/ble_events.c **** {
 3821              		.loc 1 1336 1 is_stmt 1 view -0
 3822              		.cfi_startproc
 3823              		@ args = 0, pretend = 0, frame = 0
 3824              		@ frame_needed = 0, uses_anonymous_args = 0
 3825              		@ link register save eliminated.
1337:Middlewares/ST/STM32_WPAN/ble/core/auto/ble_events.c **** }
 3826              		.loc 1 1337 1 view .LVU591
 3827 0000 7047     		bx	lr
 3828              		.cfi_endproc
 3829              	.LFE136:
 3831              		.section	.text.aci_gatt_eatt_bearer_event_process,"ax",%progbits
 3832              		.align	1
 3833              		.syntax unified
 3834              		.thumb
 3835              		.thumb_func
 3837              	aci_gatt_eatt_bearer_event_process:
 3838              	.LVL336:
 3839              	.LFB137:
1338:Middlewares/ST/STM32_WPAN/ble/core/auto/ble_events.c **** 
1339:Middlewares/ST/STM32_WPAN/ble/core/auto/ble_events.c **** /* ACI_GATT_EATT_BEARER_EVENT process function */
1340:Middlewares/ST/STM32_WPAN/ble/core/auto/ble_events.c **** static void aci_gatt_eatt_bearer_event_process( const uint8_t* in )
1341:Middlewares/ST/STM32_WPAN/ble/core/auto/ble_events.c **** {
 3840              		.loc 1 1341 1 view -0
 3841              		.cfi_startproc
 3842              		@ args = 0, pretend = 0, frame = 0
 3843              		@ frame_needed = 0, uses_anonymous_args = 0
 3844              		.loc 1 1341 1 is_stmt 0 view .LVU593
 3845 0000 08B5     		push	{r3, lr}
 3846              		.cfi_def_cfa_offset 8
 3847              		.cfi_offset 3, -8
 3848              		.cfi_offset 14, -4
1342:Middlewares/ST/STM32_WPAN/ble/core/auto/ble_events.c ****   aci_gatt_eatt_bearer_event_rp0 *rp0 = (void*)in;
 3849              		.loc 1 1342 3 is_stmt 1 view .LVU594
 3850              	.LVL337:
1343:Middlewares/ST/STM32_WPAN/ble/core/auto/ble_events.c ****   aci_gatt_eatt_bearer_event( rp0->Connection_Handle,
 3851              		.loc 1 1343 3 view .LVU595
 3852 0002 8388     		ldrh	r3, [r0, #4]	@ unaligned
 3853 0004 C278     		ldrb	r2, [r0, #3]	@ zero_extendqisi2
 3854 0006 8178     		ldrb	r1, [r0, #2]	@ zero_extendqisi2
 3855 0008 0088     		ldrh	r0, [r0]	@ unaligned
 3856              	.LVL338:
 3857              		.loc 1 1343 3 is_stmt 0 view .LVU596
 3858 000a FFF7FEFF 		bl	aci_gatt_eatt_bearer_event
 3859              	.LVL339:
1344:Middlewares/ST/STM32_WPAN/ble/core/auto/ble_events.c ****                               rp0->Channel_Index,
1345:Middlewares/ST/STM32_WPAN/ble/core/auto/ble_events.c ****                               rp0->EAB_State,
ARM GAS  C:\Users\Nathan\AppData\Local\Temp\ccoc0wMg.s 			page 88


1346:Middlewares/ST/STM32_WPAN/ble/core/auto/ble_events.c ****                               rp0->MTU );
1347:Middlewares/ST/STM32_WPAN/ble/core/auto/ble_events.c **** }
 3860              		.loc 1 1347 1 view .LVU597
 3861 000e 08BD     		pop	{r3, pc}
 3862              		.cfi_endproc
 3863              	.LFE137:
 3865              		.section	.text.aci_gatt_mult_notification_event,"ax",%progbits
 3866              		.align	1
 3867              		.weak	aci_gatt_mult_notification_event
 3868              		.syntax unified
 3869              		.thumb
 3870              		.thumb_func
 3872              	aci_gatt_mult_notification_event:
 3873              	.LVL340:
 3874              	.LFB138:
1348:Middlewares/ST/STM32_WPAN/ble/core/auto/ble_events.c **** 
1349:Middlewares/ST/STM32_WPAN/ble/core/auto/ble_events.c **** /* ACI_GATT_MULT_NOTIFICATION_EVENT callback function */
1350:Middlewares/ST/STM32_WPAN/ble/core/auto/ble_events.c **** __WEAK void aci_gatt_mult_notification_event( uint16_t Connection_Handle,
1351:Middlewares/ST/STM32_WPAN/ble/core/auto/ble_events.c ****                                               uint16_t Offset,
1352:Middlewares/ST/STM32_WPAN/ble/core/auto/ble_events.c ****                                               uint16_t Data_Length,
1353:Middlewares/ST/STM32_WPAN/ble/core/auto/ble_events.c ****                                               const uint8_t* Data )
1354:Middlewares/ST/STM32_WPAN/ble/core/auto/ble_events.c **** {
 3875              		.loc 1 1354 1 is_stmt 1 view -0
 3876              		.cfi_startproc
 3877              		@ args = 0, pretend = 0, frame = 0
 3878              		@ frame_needed = 0, uses_anonymous_args = 0
 3879              		@ link register save eliminated.
1355:Middlewares/ST/STM32_WPAN/ble/core/auto/ble_events.c **** }
 3880              		.loc 1 1355 1 view .LVU599
 3881 0000 7047     		bx	lr
 3882              		.cfi_endproc
 3883              	.LFE138:
 3885              		.section	.text.aci_gatt_mult_notification_event_process,"ax",%progbits
 3886              		.align	1
 3887              		.syntax unified
 3888              		.thumb
 3889              		.thumb_func
 3891              	aci_gatt_mult_notification_event_process:
 3892              	.LVL341:
 3893              	.LFB139:
1356:Middlewares/ST/STM32_WPAN/ble/core/auto/ble_events.c **** 
1357:Middlewares/ST/STM32_WPAN/ble/core/auto/ble_events.c **** /* ACI_GATT_MULT_NOTIFICATION_EVENT process function */
1358:Middlewares/ST/STM32_WPAN/ble/core/auto/ble_events.c **** static void aci_gatt_mult_notification_event_process( const uint8_t* in )
1359:Middlewares/ST/STM32_WPAN/ble/core/auto/ble_events.c **** {
 3894              		.loc 1 1359 1 view -0
 3895              		.cfi_startproc
 3896              		@ args = 0, pretend = 0, frame = 0
 3897              		@ frame_needed = 0, uses_anonymous_args = 0
 3898              		.loc 1 1359 1 is_stmt 0 view .LVU601
 3899 0000 08B5     		push	{r3, lr}
 3900              		.cfi_def_cfa_offset 8
 3901              		.cfi_offset 3, -8
 3902              		.cfi_offset 14, -4
1360:Middlewares/ST/STM32_WPAN/ble/core/auto/ble_events.c ****   aci_gatt_mult_notification_event_rp0 *rp0 = (void*)in;
 3903              		.loc 1 1360 3 is_stmt 1 view .LVU602
 3904              	.LVL342:
1361:Middlewares/ST/STM32_WPAN/ble/core/auto/ble_events.c ****   aci_gatt_mult_notification_event( rp0->Connection_Handle,
ARM GAS  C:\Users\Nathan\AppData\Local\Temp\ccoc0wMg.s 			page 89


 3905              		.loc 1 1361 3 view .LVU603
 3906 0002 831D     		adds	r3, r0, #6
 3907 0004 8288     		ldrh	r2, [r0, #4]	@ unaligned
 3908 0006 4188     		ldrh	r1, [r0, #2]	@ unaligned
 3909 0008 0088     		ldrh	r0, [r0]	@ unaligned
 3910              	.LVL343:
 3911              		.loc 1 1361 3 is_stmt 0 view .LVU604
 3912 000a FFF7FEFF 		bl	aci_gatt_mult_notification_event
 3913              	.LVL344:
1362:Middlewares/ST/STM32_WPAN/ble/core/auto/ble_events.c ****                                     rp0->Offset,
1363:Middlewares/ST/STM32_WPAN/ble/core/auto/ble_events.c ****                                     rp0->Data_Length,
1364:Middlewares/ST/STM32_WPAN/ble/core/auto/ble_events.c ****                                     rp0->Data );
1365:Middlewares/ST/STM32_WPAN/ble/core/auto/ble_events.c **** }
 3914              		.loc 1 1365 1 view .LVU605
 3915 000e 08BD     		pop	{r3, pc}
 3916              		.cfi_endproc
 3917              	.LFE139:
 3919              		.section	.text.aci_gatt_notification_complete_event,"ax",%progbits
 3920              		.align	1
 3921              		.weak	aci_gatt_notification_complete_event
 3922              		.syntax unified
 3923              		.thumb
 3924              		.thumb_func
 3926              	aci_gatt_notification_complete_event:
 3927              	.LVL345:
 3928              	.LFB140:
1366:Middlewares/ST/STM32_WPAN/ble/core/auto/ble_events.c **** 
1367:Middlewares/ST/STM32_WPAN/ble/core/auto/ble_events.c **** /* ACI_GATT_NOTIFICATION_COMPLETE_EVENT callback function */
1368:Middlewares/ST/STM32_WPAN/ble/core/auto/ble_events.c **** __WEAK void aci_gatt_notification_complete_event( uint16_t Attr_Handle )
1369:Middlewares/ST/STM32_WPAN/ble/core/auto/ble_events.c **** {
 3929              		.loc 1 1369 1 is_stmt 1 view -0
 3930              		.cfi_startproc
 3931              		@ args = 0, pretend = 0, frame = 0
 3932              		@ frame_needed = 0, uses_anonymous_args = 0
 3933              		@ link register save eliminated.
1370:Middlewares/ST/STM32_WPAN/ble/core/auto/ble_events.c **** }
 3934              		.loc 1 1370 1 view .LVU607
 3935 0000 7047     		bx	lr
 3936              		.cfi_endproc
 3937              	.LFE140:
 3939              		.section	.text.aci_gatt_notification_complete_event_process,"ax",%progbits
 3940              		.align	1
 3941              		.syntax unified
 3942              		.thumb
 3943              		.thumb_func
 3945              	aci_gatt_notification_complete_event_process:
 3946              	.LVL346:
 3947              	.LFB141:
1371:Middlewares/ST/STM32_WPAN/ble/core/auto/ble_events.c **** 
1372:Middlewares/ST/STM32_WPAN/ble/core/auto/ble_events.c **** /* ACI_GATT_NOTIFICATION_COMPLETE_EVENT process function */
1373:Middlewares/ST/STM32_WPAN/ble/core/auto/ble_events.c **** static void aci_gatt_notification_complete_event_process( const uint8_t* in )
1374:Middlewares/ST/STM32_WPAN/ble/core/auto/ble_events.c **** {
 3948              		.loc 1 1374 1 view -0
 3949              		.cfi_startproc
 3950              		@ args = 0, pretend = 0, frame = 0
 3951              		@ frame_needed = 0, uses_anonymous_args = 0
 3952              		.loc 1 1374 1 is_stmt 0 view .LVU609
ARM GAS  C:\Users\Nathan\AppData\Local\Temp\ccoc0wMg.s 			page 90


 3953 0000 08B5     		push	{r3, lr}
 3954              		.cfi_def_cfa_offset 8
 3955              		.cfi_offset 3, -8
 3956              		.cfi_offset 14, -4
1375:Middlewares/ST/STM32_WPAN/ble/core/auto/ble_events.c ****   aci_gatt_notification_complete_event_rp0 *rp0 = (void*)in;
 3957              		.loc 1 1375 3 is_stmt 1 view .LVU610
 3958              	.LVL347:
1376:Middlewares/ST/STM32_WPAN/ble/core/auto/ble_events.c ****   aci_gatt_notification_complete_event( rp0->Attr_Handle );
 3959              		.loc 1 1376 3 view .LVU611
 3960 0002 0088     		ldrh	r0, [r0]	@ unaligned
 3961              	.LVL348:
 3962              		.loc 1 1376 3 is_stmt 0 view .LVU612
 3963 0004 FFF7FEFF 		bl	aci_gatt_notification_complete_event
 3964              	.LVL349:
1377:Middlewares/ST/STM32_WPAN/ble/core/auto/ble_events.c **** }
 3965              		.loc 1 1377 1 view .LVU613
 3966 0008 08BD     		pop	{r3, pc}
 3967              		.cfi_endproc
 3968              	.LFE141:
 3970              		.section	.text.aci_gatt_read_ext_event,"ax",%progbits
 3971              		.align	1
 3972              		.weak	aci_gatt_read_ext_event
 3973              		.syntax unified
 3974              		.thumb
 3975              		.thumb_func
 3977              	aci_gatt_read_ext_event:
 3978              	.LVL350:
 3979              	.LFB142:
1378:Middlewares/ST/STM32_WPAN/ble/core/auto/ble_events.c **** 
1379:Middlewares/ST/STM32_WPAN/ble/core/auto/ble_events.c **** /* ACI_GATT_READ_EXT_EVENT callback function */
1380:Middlewares/ST/STM32_WPAN/ble/core/auto/ble_events.c **** __WEAK void aci_gatt_read_ext_event( uint16_t Connection_Handle,
1381:Middlewares/ST/STM32_WPAN/ble/core/auto/ble_events.c ****                                      uint16_t Offset,
1382:Middlewares/ST/STM32_WPAN/ble/core/auto/ble_events.c ****                                      uint16_t Event_Data_Length,
1383:Middlewares/ST/STM32_WPAN/ble/core/auto/ble_events.c ****                                      const uint8_t* Attribute_Value )
1384:Middlewares/ST/STM32_WPAN/ble/core/auto/ble_events.c **** {
 3980              		.loc 1 1384 1 is_stmt 1 view -0
 3981              		.cfi_startproc
 3982              		@ args = 0, pretend = 0, frame = 0
 3983              		@ frame_needed = 0, uses_anonymous_args = 0
 3984              		@ link register save eliminated.
1385:Middlewares/ST/STM32_WPAN/ble/core/auto/ble_events.c **** }
 3985              		.loc 1 1385 1 view .LVU615
 3986 0000 7047     		bx	lr
 3987              		.cfi_endproc
 3988              	.LFE142:
 3990              		.section	.text.aci_gatt_read_ext_event_process,"ax",%progbits
 3991              		.align	1
 3992              		.syntax unified
 3993              		.thumb
 3994              		.thumb_func
 3996              	aci_gatt_read_ext_event_process:
 3997              	.LVL351:
 3998              	.LFB143:
1386:Middlewares/ST/STM32_WPAN/ble/core/auto/ble_events.c **** 
1387:Middlewares/ST/STM32_WPAN/ble/core/auto/ble_events.c **** /* ACI_GATT_READ_EXT_EVENT process function */
1388:Middlewares/ST/STM32_WPAN/ble/core/auto/ble_events.c **** static void aci_gatt_read_ext_event_process( const uint8_t* in )
1389:Middlewares/ST/STM32_WPAN/ble/core/auto/ble_events.c **** {
ARM GAS  C:\Users\Nathan\AppData\Local\Temp\ccoc0wMg.s 			page 91


 3999              		.loc 1 1389 1 view -0
 4000              		.cfi_startproc
 4001              		@ args = 0, pretend = 0, frame = 0
 4002              		@ frame_needed = 0, uses_anonymous_args = 0
 4003              		.loc 1 1389 1 is_stmt 0 view .LVU617
 4004 0000 08B5     		push	{r3, lr}
 4005              		.cfi_def_cfa_offset 8
 4006              		.cfi_offset 3, -8
 4007              		.cfi_offset 14, -4
1390:Middlewares/ST/STM32_WPAN/ble/core/auto/ble_events.c ****   aci_gatt_read_ext_event_rp0 *rp0 = (void*)in;
 4008              		.loc 1 1390 3 is_stmt 1 view .LVU618
 4009              	.LVL352:
1391:Middlewares/ST/STM32_WPAN/ble/core/auto/ble_events.c ****   aci_gatt_read_ext_event( rp0->Connection_Handle,
 4010              		.loc 1 1391 3 view .LVU619
 4011 0002 831D     		adds	r3, r0, #6
 4012 0004 8288     		ldrh	r2, [r0, #4]	@ unaligned
 4013 0006 4188     		ldrh	r1, [r0, #2]	@ unaligned
 4014 0008 0088     		ldrh	r0, [r0]	@ unaligned
 4015              	.LVL353:
 4016              		.loc 1 1391 3 is_stmt 0 view .LVU620
 4017 000a FFF7FEFF 		bl	aci_gatt_read_ext_event
 4018              	.LVL354:
1392:Middlewares/ST/STM32_WPAN/ble/core/auto/ble_events.c ****                            rp0->Offset,
1393:Middlewares/ST/STM32_WPAN/ble/core/auto/ble_events.c ****                            rp0->Event_Data_Length,
1394:Middlewares/ST/STM32_WPAN/ble/core/auto/ble_events.c ****                            rp0->Attribute_Value );
1395:Middlewares/ST/STM32_WPAN/ble/core/auto/ble_events.c **** }
 4019              		.loc 1 1395 1 view .LVU621
 4020 000e 08BD     		pop	{r3, pc}
 4021              		.cfi_endproc
 4022              	.LFE143:
 4024              		.section	.text.aci_gatt_indication_ext_event,"ax",%progbits
 4025              		.align	1
 4026              		.weak	aci_gatt_indication_ext_event
 4027              		.syntax unified
 4028              		.thumb
 4029              		.thumb_func
 4031              	aci_gatt_indication_ext_event:
 4032              	.LVL355:
 4033              	.LFB144:
1396:Middlewares/ST/STM32_WPAN/ble/core/auto/ble_events.c **** 
1397:Middlewares/ST/STM32_WPAN/ble/core/auto/ble_events.c **** /* ACI_GATT_INDICATION_EXT_EVENT callback function */
1398:Middlewares/ST/STM32_WPAN/ble/core/auto/ble_events.c **** __WEAK void aci_gatt_indication_ext_event( uint16_t Connection_Handle,
1399:Middlewares/ST/STM32_WPAN/ble/core/auto/ble_events.c ****                                            uint16_t Attribute_Handle,
1400:Middlewares/ST/STM32_WPAN/ble/core/auto/ble_events.c ****                                            uint16_t Offset,
1401:Middlewares/ST/STM32_WPAN/ble/core/auto/ble_events.c ****                                            uint16_t Attribute_Value_Length,
1402:Middlewares/ST/STM32_WPAN/ble/core/auto/ble_events.c ****                                            const uint8_t* Attribute_Value )
1403:Middlewares/ST/STM32_WPAN/ble/core/auto/ble_events.c **** {
 4034              		.loc 1 1403 1 is_stmt 1 view -0
 4035              		.cfi_startproc
 4036              		@ args = 4, pretend = 0, frame = 0
 4037              		@ frame_needed = 0, uses_anonymous_args = 0
 4038              		@ link register save eliminated.
1404:Middlewares/ST/STM32_WPAN/ble/core/auto/ble_events.c **** }
 4039              		.loc 1 1404 1 view .LVU623
 4040 0000 7047     		bx	lr
 4041              		.cfi_endproc
 4042              	.LFE144:
ARM GAS  C:\Users\Nathan\AppData\Local\Temp\ccoc0wMg.s 			page 92


 4044              		.section	.text.aci_gatt_indication_ext_event_process,"ax",%progbits
 4045              		.align	1
 4046              		.syntax unified
 4047              		.thumb
 4048              		.thumb_func
 4050              	aci_gatt_indication_ext_event_process:
 4051              	.LVL356:
 4052              	.LFB145:
1405:Middlewares/ST/STM32_WPAN/ble/core/auto/ble_events.c **** 
1406:Middlewares/ST/STM32_WPAN/ble/core/auto/ble_events.c **** /* ACI_GATT_INDICATION_EXT_EVENT process function */
1407:Middlewares/ST/STM32_WPAN/ble/core/auto/ble_events.c **** static void aci_gatt_indication_ext_event_process( const uint8_t* in )
1408:Middlewares/ST/STM32_WPAN/ble/core/auto/ble_events.c **** {
 4053              		.loc 1 1408 1 view -0
 4054              		.cfi_startproc
 4055              		@ args = 0, pretend = 0, frame = 0
 4056              		@ frame_needed = 0, uses_anonymous_args = 0
 4057              		.loc 1 1408 1 is_stmt 0 view .LVU625
 4058 0000 00B5     		push	{lr}
 4059              		.cfi_def_cfa_offset 4
 4060              		.cfi_offset 14, -4
 4061 0002 83B0     		sub	sp, sp, #12
 4062              		.cfi_def_cfa_offset 16
1409:Middlewares/ST/STM32_WPAN/ble/core/auto/ble_events.c ****   aci_gatt_indication_ext_event_rp0 *rp0 = (void*)in;
 4063              		.loc 1 1409 3 is_stmt 1 view .LVU626
 4064              	.LVL357:
1410:Middlewares/ST/STM32_WPAN/ble/core/auto/ble_events.c ****   aci_gatt_indication_ext_event( rp0->Connection_Handle,
 4065              		.loc 1 1410 3 view .LVU627
1411:Middlewares/ST/STM32_WPAN/ble/core/auto/ble_events.c ****                                  rp0->Attribute_Handle,
1412:Middlewares/ST/STM32_WPAN/ble/core/auto/ble_events.c ****                                  rp0->Offset,
1413:Middlewares/ST/STM32_WPAN/ble/core/auto/ble_events.c ****                                  rp0->Attribute_Value_Length,
1414:Middlewares/ST/STM32_WPAN/ble/core/auto/ble_events.c ****                                  rp0->Attribute_Value );
 4066              		.loc 1 1414 37 is_stmt 0 view .LVU628
 4067 0004 00F10803 		add	r3, r0, #8
1410:Middlewares/ST/STM32_WPAN/ble/core/auto/ble_events.c ****   aci_gatt_indication_ext_event( rp0->Connection_Handle,
 4068              		.loc 1 1410 3 view .LVU629
 4069 0008 0093     		str	r3, [sp]
 4070 000a C388     		ldrh	r3, [r0, #6]	@ unaligned
 4071 000c 8288     		ldrh	r2, [r0, #4]	@ unaligned
 4072 000e 4188     		ldrh	r1, [r0, #2]	@ unaligned
 4073 0010 0088     		ldrh	r0, [r0]	@ unaligned
 4074              	.LVL358:
1410:Middlewares/ST/STM32_WPAN/ble/core/auto/ble_events.c ****   aci_gatt_indication_ext_event( rp0->Connection_Handle,
 4075              		.loc 1 1410 3 view .LVU630
 4076 0012 FFF7FEFF 		bl	aci_gatt_indication_ext_event
 4077              	.LVL359:
1415:Middlewares/ST/STM32_WPAN/ble/core/auto/ble_events.c **** }
 4078              		.loc 1 1415 1 view .LVU631
 4079 0016 03B0     		add	sp, sp, #12
 4080              		.cfi_def_cfa_offset 4
 4081              		@ sp needed
 4082 0018 00BD     		pop	{pc}
 4083              		.cfi_endproc
 4084              	.LFE145:
 4086              		.section	.text.aci_gatt_notification_ext_event,"ax",%progbits
 4087              		.align	1
 4088              		.weak	aci_gatt_notification_ext_event
 4089              		.syntax unified
ARM GAS  C:\Users\Nathan\AppData\Local\Temp\ccoc0wMg.s 			page 93


 4090              		.thumb
 4091              		.thumb_func
 4093              	aci_gatt_notification_ext_event:
 4094              	.LVL360:
 4095              	.LFB146:
1416:Middlewares/ST/STM32_WPAN/ble/core/auto/ble_events.c **** 
1417:Middlewares/ST/STM32_WPAN/ble/core/auto/ble_events.c **** /* ACI_GATT_NOTIFICATION_EXT_EVENT callback function */
1418:Middlewares/ST/STM32_WPAN/ble/core/auto/ble_events.c **** __WEAK void aci_gatt_notification_ext_event( uint16_t Connection_Handle,
1419:Middlewares/ST/STM32_WPAN/ble/core/auto/ble_events.c ****                                              uint16_t Attribute_Handle,
1420:Middlewares/ST/STM32_WPAN/ble/core/auto/ble_events.c ****                                              uint16_t Offset,
1421:Middlewares/ST/STM32_WPAN/ble/core/auto/ble_events.c ****                                              uint16_t Attribute_Value_Length,
1422:Middlewares/ST/STM32_WPAN/ble/core/auto/ble_events.c ****                                              const uint8_t* Attribute_Value )
1423:Middlewares/ST/STM32_WPAN/ble/core/auto/ble_events.c **** {
 4096              		.loc 1 1423 1 is_stmt 1 view -0
 4097              		.cfi_startproc
 4098              		@ args = 4, pretend = 0, frame = 0
 4099              		@ frame_needed = 0, uses_anonymous_args = 0
 4100              		@ link register save eliminated.
1424:Middlewares/ST/STM32_WPAN/ble/core/auto/ble_events.c **** }
 4101              		.loc 1 1424 1 view .LVU633
 4102 0000 7047     		bx	lr
 4103              		.cfi_endproc
 4104              	.LFE146:
 4106              		.section	.text.aci_gatt_notification_ext_event_process,"ax",%progbits
 4107              		.align	1
 4108              		.syntax unified
 4109              		.thumb
 4110              		.thumb_func
 4112              	aci_gatt_notification_ext_event_process:
 4113              	.LVL361:
 4114              	.LFB147:
1425:Middlewares/ST/STM32_WPAN/ble/core/auto/ble_events.c **** 
1426:Middlewares/ST/STM32_WPAN/ble/core/auto/ble_events.c **** /* ACI_GATT_NOTIFICATION_EXT_EVENT process function */
1427:Middlewares/ST/STM32_WPAN/ble/core/auto/ble_events.c **** static void aci_gatt_notification_ext_event_process( const uint8_t* in )
1428:Middlewares/ST/STM32_WPAN/ble/core/auto/ble_events.c **** {
 4115              		.loc 1 1428 1 view -0
 4116              		.cfi_startproc
 4117              		@ args = 0, pretend = 0, frame = 0
 4118              		@ frame_needed = 0, uses_anonymous_args = 0
 4119              		.loc 1 1428 1 is_stmt 0 view .LVU635
 4120 0000 00B5     		push	{lr}
 4121              		.cfi_def_cfa_offset 4
 4122              		.cfi_offset 14, -4
 4123 0002 83B0     		sub	sp, sp, #12
 4124              		.cfi_def_cfa_offset 16
1429:Middlewares/ST/STM32_WPAN/ble/core/auto/ble_events.c ****   aci_gatt_notification_ext_event_rp0 *rp0 = (void*)in;
 4125              		.loc 1 1429 3 is_stmt 1 view .LVU636
 4126              	.LVL362:
1430:Middlewares/ST/STM32_WPAN/ble/core/auto/ble_events.c ****   aci_gatt_notification_ext_event( rp0->Connection_Handle,
 4127              		.loc 1 1430 3 view .LVU637
1431:Middlewares/ST/STM32_WPAN/ble/core/auto/ble_events.c ****                                    rp0->Attribute_Handle,
1432:Middlewares/ST/STM32_WPAN/ble/core/auto/ble_events.c ****                                    rp0->Offset,
1433:Middlewares/ST/STM32_WPAN/ble/core/auto/ble_events.c ****                                    rp0->Attribute_Value_Length,
1434:Middlewares/ST/STM32_WPAN/ble/core/auto/ble_events.c ****                                    rp0->Attribute_Value );
 4128              		.loc 1 1434 39 is_stmt 0 view .LVU638
 4129 0004 00F10803 		add	r3, r0, #8
1430:Middlewares/ST/STM32_WPAN/ble/core/auto/ble_events.c ****   aci_gatt_notification_ext_event( rp0->Connection_Handle,
ARM GAS  C:\Users\Nathan\AppData\Local\Temp\ccoc0wMg.s 			page 94


 4130              		.loc 1 1430 3 view .LVU639
 4131 0008 0093     		str	r3, [sp]
 4132 000a C388     		ldrh	r3, [r0, #6]	@ unaligned
 4133 000c 8288     		ldrh	r2, [r0, #4]	@ unaligned
 4134 000e 4188     		ldrh	r1, [r0, #2]	@ unaligned
 4135 0010 0088     		ldrh	r0, [r0]	@ unaligned
 4136              	.LVL363:
1430:Middlewares/ST/STM32_WPAN/ble/core/auto/ble_events.c ****   aci_gatt_notification_ext_event( rp0->Connection_Handle,
 4137              		.loc 1 1430 3 view .LVU640
 4138 0012 FFF7FEFF 		bl	aci_gatt_notification_ext_event
 4139              	.LVL364:
1435:Middlewares/ST/STM32_WPAN/ble/core/auto/ble_events.c **** }
 4140              		.loc 1 1435 1 view .LVU641
 4141 0016 03B0     		add	sp, sp, #12
 4142              		.cfi_def_cfa_offset 4
 4143              		@ sp needed
 4144 0018 00BD     		pop	{pc}
 4145              		.cfi_endproc
 4146              	.LFE147:
 4148              		.section	.text.aci_hal_end_of_radio_activity_event,"ax",%progbits
 4149              		.align	1
 4150              		.weak	aci_hal_end_of_radio_activity_event
 4151              		.syntax unified
 4152              		.thumb
 4153              		.thumb_func
 4155              	aci_hal_end_of_radio_activity_event:
 4156              	.LVL365:
 4157              	.LFB148:
1436:Middlewares/ST/STM32_WPAN/ble/core/auto/ble_events.c **** 
1437:Middlewares/ST/STM32_WPAN/ble/core/auto/ble_events.c **** /* ACI_HAL_END_OF_RADIO_ACTIVITY_EVENT callback function */
1438:Middlewares/ST/STM32_WPAN/ble/core/auto/ble_events.c **** __WEAK void aci_hal_end_of_radio_activity_event( uint8_t Last_State,
1439:Middlewares/ST/STM32_WPAN/ble/core/auto/ble_events.c ****                                                  uint8_t Next_State,
1440:Middlewares/ST/STM32_WPAN/ble/core/auto/ble_events.c ****                                                  uint32_t Next_State_SysTime,
1441:Middlewares/ST/STM32_WPAN/ble/core/auto/ble_events.c ****                                                  uint8_t Last_State_Slot,
1442:Middlewares/ST/STM32_WPAN/ble/core/auto/ble_events.c ****                                                  uint8_t Next_State_Slot )
1443:Middlewares/ST/STM32_WPAN/ble/core/auto/ble_events.c **** {
 4158              		.loc 1 1443 1 is_stmt 1 view -0
 4159              		.cfi_startproc
 4160              		@ args = 4, pretend = 0, frame = 0
 4161              		@ frame_needed = 0, uses_anonymous_args = 0
 4162              		@ link register save eliminated.
1444:Middlewares/ST/STM32_WPAN/ble/core/auto/ble_events.c **** }
 4163              		.loc 1 1444 1 view .LVU643
 4164 0000 7047     		bx	lr
 4165              		.cfi_endproc
 4166              	.LFE148:
 4168              		.section	.text.aci_hal_end_of_radio_activity_event_process,"ax",%progbits
 4169              		.align	1
 4170              		.syntax unified
 4171              		.thumb
 4172              		.thumb_func
 4174              	aci_hal_end_of_radio_activity_event_process:
 4175              	.LVL366:
 4176              	.LFB149:
1445:Middlewares/ST/STM32_WPAN/ble/core/auto/ble_events.c **** 
1446:Middlewares/ST/STM32_WPAN/ble/core/auto/ble_events.c **** /* ACI_HAL_END_OF_RADIO_ACTIVITY_EVENT process function */
1447:Middlewares/ST/STM32_WPAN/ble/core/auto/ble_events.c **** static void aci_hal_end_of_radio_activity_event_process( const uint8_t* in )
ARM GAS  C:\Users\Nathan\AppData\Local\Temp\ccoc0wMg.s 			page 95


1448:Middlewares/ST/STM32_WPAN/ble/core/auto/ble_events.c **** {
 4177              		.loc 1 1448 1 view -0
 4178              		.cfi_startproc
 4179              		@ args = 0, pretend = 0, frame = 0
 4180              		@ frame_needed = 0, uses_anonymous_args = 0
 4181              		.loc 1 1448 1 is_stmt 0 view .LVU645
 4182 0000 00B5     		push	{lr}
 4183              		.cfi_def_cfa_offset 4
 4184              		.cfi_offset 14, -4
 4185 0002 83B0     		sub	sp, sp, #12
 4186              		.cfi_def_cfa_offset 16
1449:Middlewares/ST/STM32_WPAN/ble/core/auto/ble_events.c ****   aci_hal_end_of_radio_activity_event_rp0 *rp0 = (void*)in;
 4187              		.loc 1 1449 3 is_stmt 1 view .LVU646
 4188              	.LVL367:
1450:Middlewares/ST/STM32_WPAN/ble/core/auto/ble_events.c ****   aci_hal_end_of_radio_activity_event( rp0->Last_State,
 4189              		.loc 1 1450 3 view .LVU647
 4190 0004 C379     		ldrb	r3, [r0, #7]	@ zero_extendqisi2
 4191 0006 0093     		str	r3, [sp]
 4192 0008 8379     		ldrb	r3, [r0, #6]	@ zero_extendqisi2
 4193 000a D0F80220 		ldr	r2, [r0, #2]	@ unaligned
 4194 000e 4178     		ldrb	r1, [r0, #1]	@ zero_extendqisi2
 4195 0010 0078     		ldrb	r0, [r0]	@ zero_extendqisi2
 4196              	.LVL368:
 4197              		.loc 1 1450 3 is_stmt 0 view .LVU648
 4198 0012 FFF7FEFF 		bl	aci_hal_end_of_radio_activity_event
 4199              	.LVL369:
1451:Middlewares/ST/STM32_WPAN/ble/core/auto/ble_events.c ****                                        rp0->Next_State,
1452:Middlewares/ST/STM32_WPAN/ble/core/auto/ble_events.c ****                                        rp0->Next_State_SysTime,
1453:Middlewares/ST/STM32_WPAN/ble/core/auto/ble_events.c ****                                        rp0->Last_State_Slot,
1454:Middlewares/ST/STM32_WPAN/ble/core/auto/ble_events.c ****                                        rp0->Next_State_Slot );
1455:Middlewares/ST/STM32_WPAN/ble/core/auto/ble_events.c **** }
 4200              		.loc 1 1455 1 view .LVU649
 4201 0016 03B0     		add	sp, sp, #12
 4202              		.cfi_def_cfa_offset 4
 4203              		@ sp needed
 4204 0018 00BD     		pop	{pc}
 4205              		.cfi_endproc
 4206              	.LFE149:
 4208              		.section	.text.aci_hal_scan_req_report_event,"ax",%progbits
 4209              		.align	1
 4210              		.weak	aci_hal_scan_req_report_event
 4211              		.syntax unified
 4212              		.thumb
 4213              		.thumb_func
 4215              	aci_hal_scan_req_report_event:
 4216              	.LVL370:
 4217              	.LFB150:
1456:Middlewares/ST/STM32_WPAN/ble/core/auto/ble_events.c **** 
1457:Middlewares/ST/STM32_WPAN/ble/core/auto/ble_events.c **** /* ACI_HAL_SCAN_REQ_REPORT_EVENT callback function */
1458:Middlewares/ST/STM32_WPAN/ble/core/auto/ble_events.c **** __WEAK void aci_hal_scan_req_report_event( uint8_t RSSI,
1459:Middlewares/ST/STM32_WPAN/ble/core/auto/ble_events.c ****                                            uint8_t Peer_Address_Type,
1460:Middlewares/ST/STM32_WPAN/ble/core/auto/ble_events.c ****                                            const uint8_t* Peer_Address )
1461:Middlewares/ST/STM32_WPAN/ble/core/auto/ble_events.c **** {
 4218              		.loc 1 1461 1 is_stmt 1 view -0
 4219              		.cfi_startproc
 4220              		@ args = 0, pretend = 0, frame = 0
 4221              		@ frame_needed = 0, uses_anonymous_args = 0
ARM GAS  C:\Users\Nathan\AppData\Local\Temp\ccoc0wMg.s 			page 96


 4222              		@ link register save eliminated.
1462:Middlewares/ST/STM32_WPAN/ble/core/auto/ble_events.c **** }
 4223              		.loc 1 1462 1 view .LVU651
 4224 0000 7047     		bx	lr
 4225              		.cfi_endproc
 4226              	.LFE150:
 4228              		.section	.text.aci_hal_scan_req_report_event_process,"ax",%progbits
 4229              		.align	1
 4230              		.syntax unified
 4231              		.thumb
 4232              		.thumb_func
 4234              	aci_hal_scan_req_report_event_process:
 4235              	.LVL371:
 4236              	.LFB151:
1463:Middlewares/ST/STM32_WPAN/ble/core/auto/ble_events.c **** 
1464:Middlewares/ST/STM32_WPAN/ble/core/auto/ble_events.c **** /* ACI_HAL_SCAN_REQ_REPORT_EVENT process function */
1465:Middlewares/ST/STM32_WPAN/ble/core/auto/ble_events.c **** static void aci_hal_scan_req_report_event_process( const uint8_t* in )
1466:Middlewares/ST/STM32_WPAN/ble/core/auto/ble_events.c **** {
 4237              		.loc 1 1466 1 view -0
 4238              		.cfi_startproc
 4239              		@ args = 0, pretend = 0, frame = 0
 4240              		@ frame_needed = 0, uses_anonymous_args = 0
 4241              		.loc 1 1466 1 is_stmt 0 view .LVU653
 4242 0000 08B5     		push	{r3, lr}
 4243              		.cfi_def_cfa_offset 8
 4244              		.cfi_offset 3, -8
 4245              		.cfi_offset 14, -4
1467:Middlewares/ST/STM32_WPAN/ble/core/auto/ble_events.c ****   aci_hal_scan_req_report_event_rp0 *rp0 = (void*)in;
 4246              		.loc 1 1467 3 is_stmt 1 view .LVU654
 4247              	.LVL372:
1468:Middlewares/ST/STM32_WPAN/ble/core/auto/ble_events.c ****   aci_hal_scan_req_report_event( rp0->RSSI,
 4248              		.loc 1 1468 3 view .LVU655
 4249 0002 821C     		adds	r2, r0, #2
 4250 0004 4178     		ldrb	r1, [r0, #1]	@ zero_extendqisi2
 4251 0006 0078     		ldrb	r0, [r0]	@ zero_extendqisi2
 4252              	.LVL373:
 4253              		.loc 1 1468 3 is_stmt 0 view .LVU656
 4254 0008 FFF7FEFF 		bl	aci_hal_scan_req_report_event
 4255              	.LVL374:
1469:Middlewares/ST/STM32_WPAN/ble/core/auto/ble_events.c ****                                  rp0->Peer_Address_Type,
1470:Middlewares/ST/STM32_WPAN/ble/core/auto/ble_events.c ****                                  rp0->Peer_Address );
1471:Middlewares/ST/STM32_WPAN/ble/core/auto/ble_events.c **** }
 4256              		.loc 1 1471 1 view .LVU657
 4257 000c 08BD     		pop	{r3, pc}
 4258              		.cfi_endproc
 4259              	.LFE151:
 4261              		.global	hci_vs_event_table
 4262              		.section	.rodata.hci_vs_event_table,"a"
 4263              		.align	2
 4266              	hci_vs_event_table:
 4267 0000 0600     		.short	6
 4268 0002 0000     		.space	2
 4269 0004 00000000 		.word	aci_warning_event_process
 4270 0008 0004     		.short	1024
 4271 000a 0000     		.space	2
 4272 000c 00000000 		.word	aci_gap_limited_discoverable_event_process
 4273 0010 0104     		.short	1025
ARM GAS  C:\Users\Nathan\AppData\Local\Temp\ccoc0wMg.s 			page 97


 4274 0012 0000     		.space	2
 4275 0014 00000000 		.word	aci_gap_pairing_complete_event_process
 4276 0018 0204     		.short	1026
 4277 001a 0000     		.space	2
 4278 001c 00000000 		.word	aci_gap_pass_key_req_event_process
 4279 0020 0304     		.short	1027
 4280 0022 0000     		.space	2
 4281 0024 00000000 		.word	aci_gap_authorization_req_event_process
 4282 0028 0504     		.short	1029
 4283 002a 0000     		.space	2
 4284 002c 00000000 		.word	aci_gap_bond_lost_event_process
 4285 0030 0704     		.short	1031
 4286 0032 0000     		.space	2
 4287 0034 00000000 		.word	aci_gap_proc_complete_event_process
 4288 0038 0804     		.short	1032
 4289 003a 0000     		.space	2
 4290 003c 00000000 		.word	aci_gap_addr_not_resolved_event_process
 4291 0040 0904     		.short	1033
 4292 0042 0000     		.space	2
 4293 0044 00000000 		.word	aci_gap_numeric_comparison_value_event_process
 4294 0048 0A04     		.short	1034
 4295 004a 0000     		.space	2
 4296 004c 00000000 		.word	aci_gap_keypress_notification_event_process
 4297 0050 0B04     		.short	1035
 4298 0052 0000     		.space	2
 4299 0054 00000000 		.word	aci_gap_pairing_request_event_process
 4300 0058 0008     		.short	2048
 4301 005a 0000     		.space	2
 4302 005c 00000000 		.word	aci_l2cap_connection_update_resp_event_process
 4303 0060 0108     		.short	2049
 4304 0062 0000     		.space	2
 4305 0064 00000000 		.word	aci_l2cap_proc_timeout_event_process
 4306 0068 0208     		.short	2050
 4307 006a 0000     		.space	2
 4308 006c 00000000 		.word	aci_l2cap_connection_update_req_event_process
 4309 0070 0A08     		.short	2058
 4310 0072 0000     		.space	2
 4311 0074 00000000 		.word	aci_l2cap_command_reject_event_process
 4312 0078 1008     		.short	2064
 4313 007a 0000     		.space	2
 4314 007c 00000000 		.word	aci_l2cap_coc_connect_event_process
 4315 0080 1108     		.short	2065
 4316 0082 0000     		.space	2
 4317 0084 00000000 		.word	aci_l2cap_coc_connect_confirm_event_process
 4318 0088 1208     		.short	2066
 4319 008a 0000     		.space	2
 4320 008c 00000000 		.word	aci_l2cap_coc_reconf_event_process
 4321 0090 1308     		.short	2067
 4322 0092 0000     		.space	2
 4323 0094 00000000 		.word	aci_l2cap_coc_reconf_confirm_event_process
 4324 0098 1408     		.short	2068
 4325 009a 0000     		.space	2
 4326 009c 00000000 		.word	aci_l2cap_coc_disconnect_event_process
 4327 00a0 1508     		.short	2069
 4328 00a2 0000     		.space	2
 4329 00a4 00000000 		.word	aci_l2cap_coc_flow_control_event_process
 4330 00a8 1608     		.short	2070
ARM GAS  C:\Users\Nathan\AppData\Local\Temp\ccoc0wMg.s 			page 98


 4331 00aa 0000     		.space	2
 4332 00ac 00000000 		.word	aci_l2cap_coc_rx_data_event_process
 4333 00b0 1708     		.short	2071
 4334 00b2 0000     		.space	2
 4335 00b4 00000000 		.word	aci_l2cap_coc_tx_pool_available_event_process
 4336 00b8 010C     		.short	3073
 4337 00ba 0000     		.space	2
 4338 00bc 00000000 		.word	aci_gatt_attribute_modified_event_process
 4339 00c0 020C     		.short	3074
 4340 00c2 0000     		.space	2
 4341 00c4 00000000 		.word	aci_gatt_proc_timeout_event_process
 4342 00c8 030C     		.short	3075
 4343 00ca 0000     		.space	2
 4344 00cc 00000000 		.word	aci_att_exchange_mtu_resp_event_process
 4345 00d0 040C     		.short	3076
 4346 00d2 0000     		.space	2
 4347 00d4 00000000 		.word	aci_att_find_info_resp_event_process
 4348 00d8 050C     		.short	3077
 4349 00da 0000     		.space	2
 4350 00dc 00000000 		.word	aci_att_find_by_type_value_resp_event_process
 4351 00e0 060C     		.short	3078
 4352 00e2 0000     		.space	2
 4353 00e4 00000000 		.word	aci_att_read_by_type_resp_event_process
 4354 00e8 070C     		.short	3079
 4355 00ea 0000     		.space	2
 4356 00ec 00000000 		.word	aci_att_read_resp_event_process
 4357 00f0 080C     		.short	3080
 4358 00f2 0000     		.space	2
 4359 00f4 00000000 		.word	aci_att_read_blob_resp_event_process
 4360 00f8 090C     		.short	3081
 4361 00fa 0000     		.space	2
 4362 00fc 00000000 		.word	aci_att_read_multiple_resp_event_process
 4363 0100 0A0C     		.short	3082
 4364 0102 0000     		.space	2
 4365 0104 00000000 		.word	aci_att_read_by_group_type_resp_event_process
 4366 0108 0C0C     		.short	3084
 4367 010a 0000     		.space	2
 4368 010c 00000000 		.word	aci_att_prepare_write_resp_event_process
 4369 0110 0D0C     		.short	3085
 4370 0112 0000     		.space	2
 4371 0114 00000000 		.word	aci_att_exec_write_resp_event_process
 4372 0118 0E0C     		.short	3086
 4373 011a 0000     		.space	2
 4374 011c 00000000 		.word	aci_gatt_indication_event_process
 4375 0120 0F0C     		.short	3087
 4376 0122 0000     		.space	2
 4377 0124 00000000 		.word	aci_gatt_notification_event_process
 4378 0128 100C     		.short	3088
 4379 012a 0000     		.space	2
 4380 012c 00000000 		.word	aci_gatt_proc_complete_event_process
 4381 0130 110C     		.short	3089
 4382 0132 0000     		.space	2
 4383 0134 00000000 		.word	aci_gatt_error_resp_event_process
 4384 0138 120C     		.short	3090
 4385 013a 0000     		.space	2
 4386 013c 00000000 		.word	aci_gatt_disc_read_char_by_uuid_resp_event_process
 4387 0140 130C     		.short	3091
ARM GAS  C:\Users\Nathan\AppData\Local\Temp\ccoc0wMg.s 			page 99


 4388 0142 0000     		.space	2
 4389 0144 00000000 		.word	aci_gatt_write_permit_req_event_process
 4390 0148 140C     		.short	3092
 4391 014a 0000     		.space	2
 4392 014c 00000000 		.word	aci_gatt_read_permit_req_event_process
 4393 0150 150C     		.short	3093
 4394 0152 0000     		.space	2
 4395 0154 00000000 		.word	aci_gatt_read_multi_permit_req_event_process
 4396 0158 160C     		.short	3094
 4397 015a 0000     		.space	2
 4398 015c 00000000 		.word	aci_gatt_tx_pool_available_event_process
 4399 0160 170C     		.short	3095
 4400 0162 0000     		.space	2
 4401 0164 00000000 		.word	aci_gatt_server_confirmation_event_process
 4402 0168 180C     		.short	3096
 4403 016a 0000     		.space	2
 4404 016c 00000000 		.word	aci_gatt_prepare_write_permit_req_event_process
 4405 0170 190C     		.short	3097
 4406 0172 0000     		.space	2
 4407 0174 00000000 		.word	aci_gatt_eatt_bearer_event_process
 4408 0178 1A0C     		.short	3098
 4409 017a 0000     		.space	2
 4410 017c 00000000 		.word	aci_gatt_mult_notification_event_process
 4411 0180 1B0C     		.short	3099
 4412 0182 0000     		.space	2
 4413 0184 00000000 		.word	aci_gatt_notification_complete_event_process
 4414 0188 1D0C     		.short	3101
 4415 018a 0000     		.space	2
 4416 018c 00000000 		.word	aci_gatt_read_ext_event_process
 4417 0190 1E0C     		.short	3102
 4418 0192 0000     		.space	2
 4419 0194 00000000 		.word	aci_gatt_indication_ext_event_process
 4420 0198 1F0C     		.short	3103
 4421 019a 0000     		.space	2
 4422 019c 00000000 		.word	aci_gatt_notification_ext_event_process
 4423 01a0 0418     		.short	6148
 4424 01a2 0000     		.space	2
 4425 01a4 00000000 		.word	aci_hal_end_of_radio_activity_event_process
 4426 01a8 0518     		.short	6149
 4427 01aa 0000     		.space	2
 4428 01ac 00000000 		.word	aci_hal_scan_req_report_event_process
 4429              		.global	hci_le_event_table
 4430              		.section	.rodata.hci_le_event_table,"a"
 4431              		.align	2
 4434              	hci_le_event_table:
 4435 0000 0100     		.short	1
 4436 0002 0000     		.space	2
 4437 0004 00000000 		.word	hci_le_connection_complete_event_process
 4438 0008 0200     		.short	2
 4439 000a 0000     		.space	2
 4440 000c 00000000 		.word	hci_le_advertising_report_event_process
 4441 0010 0300     		.short	3
 4442 0012 0000     		.space	2
 4443 0014 00000000 		.word	hci_le_connection_update_complete_event_process
 4444 0018 0400     		.short	4
 4445 001a 0000     		.space	2
 4446 001c 00000000 		.word	hci_le_read_remote_features_page_0_complete_event_process
ARM GAS  C:\Users\Nathan\AppData\Local\Temp\ccoc0wMg.s 			page 100


 4447 0020 0500     		.short	5
 4448 0022 0000     		.space	2
 4449 0024 00000000 		.word	hci_le_long_term_key_request_event_process
 4450 0028 0700     		.short	7
 4451 002a 0000     		.space	2
 4452 002c 00000000 		.word	hci_le_data_length_change_event_process
 4453 0030 0800     		.short	8
 4454 0032 0000     		.space	2
 4455 0034 00000000 		.word	hci_le_read_local_p256_public_key_complete_event_process
 4456 0038 0900     		.short	9
 4457 003a 0000     		.space	2
 4458 003c 00000000 		.word	hci_le_generate_dhkey_complete_event_process
 4459 0040 0A00     		.short	10
 4460 0042 0000     		.space	2
 4461 0044 00000000 		.word	hci_le_enhanced_connection_complete_event_process
 4462 0048 0B00     		.short	11
 4463 004a 0000     		.space	2
 4464 004c 00000000 		.word	hci_le_directed_advertising_report_event_process
 4465 0050 0C00     		.short	12
 4466 0052 0000     		.space	2
 4467 0054 00000000 		.word	hci_le_phy_update_complete_event_process
 4468 0058 0D00     		.short	13
 4469 005a 0000     		.space	2
 4470 005c 00000000 		.word	hci_le_extended_advertising_report_event_process
 4471 0060 1100     		.short	17
 4472 0062 0000     		.space	2
 4473 0064 00000000 		.word	hci_le_scan_timeout_event_process
 4474 0068 1200     		.short	18
 4475 006a 0000     		.space	2
 4476 006c 00000000 		.word	hci_le_advertising_set_terminated_event_process
 4477 0070 1300     		.short	19
 4478 0072 0000     		.space	2
 4479 0074 00000000 		.word	hci_le_scan_request_received_event_process
 4480 0078 1400     		.short	20
 4481 007a 0000     		.space	2
 4482 007c 00000000 		.word	hci_le_channel_selection_algorithm_event_process
 4483              		.global	hci_event_table
 4484              		.section	.rodata.hci_event_table,"a"
 4485              		.align	2
 4488              	hci_event_table:
 4489 0000 0500     		.short	5
 4490 0002 0000     		.space	2
 4491 0004 00000000 		.word	hci_disconnection_complete_event_process
 4492 0008 0800     		.short	8
 4493 000a 0000     		.space	2
 4494 000c 00000000 		.word	hci_encryption_change_event_process
 4495 0010 0C00     		.short	12
 4496 0012 0000     		.space	2
 4497 0014 00000000 		.word	hci_read_remote_version_information_complete_event_process
 4498 0018 1000     		.short	16
 4499 001a 0000     		.space	2
 4500 001c 00000000 		.word	hci_hardware_error_event_process
 4501 0020 1300     		.short	19
 4502 0022 0000     		.space	2
 4503 0024 00000000 		.word	hci_number_of_completed_packets_event_process
 4504 0028 3000     		.short	48
 4505 002a 0000     		.space	2
ARM GAS  C:\Users\Nathan\AppData\Local\Temp\ccoc0wMg.s 			page 101


 4506 002c 00000000 		.word	hci_encryption_key_refresh_complete_event_process
 4507              		.text
 4508              	.Letext0:
 4509              		.file 2 "C:/Users/Nathan/AppData/Roaming/Code/User/globalStorage/bmd.stm32-for-vscode/@xpack-dev-t
 4510              		.file 3 "C:/Users/Nathan/AppData/Roaming/Code/User/globalStorage/bmd.stm32-for-vscode/@xpack-dev-t
 4511              		.file 4 "Middlewares/ST/STM32_WPAN/ble/core/auto/ble_types.h"
 4512              		.file 5 "Middlewares/ST/STM32_WPAN/ble/core/auto/ble_events.h"
 4513              		.file 6 "Middlewares/ST/STM32_WPAN/ble/core/template/osal.h"
ARM GAS  C:\Users\Nathan\AppData\Local\Temp\ccoc0wMg.s 			page 102


DEFINED SYMBOLS
                            *ABS*:00000000 ble_events.c
C:\Users\Nathan\AppData\Local\Temp\ccoc0wMg.s:21     .text.hci_disconnection_complete_event:00000000 $t
C:\Users\Nathan\AppData\Local\Temp\ccoc0wMg.s:27     .text.hci_disconnection_complete_event:00000000 hci_disconnection_complete_event
C:\Users\Nathan\AppData\Local\Temp\ccoc0wMg.s:41     .text.hci_disconnection_complete_event_process:00000000 $t
C:\Users\Nathan\AppData\Local\Temp\ccoc0wMg.s:46     .text.hci_disconnection_complete_event_process:00000000 hci_disconnection_complete_event_process
C:\Users\Nathan\AppData\Local\Temp\ccoc0wMg.s:74     .text.hci_encryption_change_event:00000000 $t
C:\Users\Nathan\AppData\Local\Temp\ccoc0wMg.s:80     .text.hci_encryption_change_event:00000000 hci_encryption_change_event
C:\Users\Nathan\AppData\Local\Temp\ccoc0wMg.s:94     .text.hci_encryption_change_event_process:00000000 $t
C:\Users\Nathan\AppData\Local\Temp\ccoc0wMg.s:99     .text.hci_encryption_change_event_process:00000000 hci_encryption_change_event_process
C:\Users\Nathan\AppData\Local\Temp\ccoc0wMg.s:127    .text.hci_read_remote_version_information_complete_event:00000000 $t
C:\Users\Nathan\AppData\Local\Temp\ccoc0wMg.s:133    .text.hci_read_remote_version_information_complete_event:00000000 hci_read_remote_version_information_complete_event
C:\Users\Nathan\AppData\Local\Temp\ccoc0wMg.s:147    .text.hci_read_remote_version_information_complete_event_process:00000000 $t
C:\Users\Nathan\AppData\Local\Temp\ccoc0wMg.s:152    .text.hci_read_remote_version_information_complete_event_process:00000000 hci_read_remote_version_information_complete_event_process
C:\Users\Nathan\AppData\Local\Temp\ccoc0wMg.s:187    .text.hci_hardware_error_event:00000000 $t
C:\Users\Nathan\AppData\Local\Temp\ccoc0wMg.s:193    .text.hci_hardware_error_event:00000000 hci_hardware_error_event
C:\Users\Nathan\AppData\Local\Temp\ccoc0wMg.s:207    .text.hci_hardware_error_event_process:00000000 $t
C:\Users\Nathan\AppData\Local\Temp\ccoc0wMg.s:212    .text.hci_hardware_error_event_process:00000000 hci_hardware_error_event_process
C:\Users\Nathan\AppData\Local\Temp\ccoc0wMg.s:238    .text.hci_number_of_completed_packets_event:00000000 $t
C:\Users\Nathan\AppData\Local\Temp\ccoc0wMg.s:244    .text.hci_number_of_completed_packets_event:00000000 hci_number_of_completed_packets_event
C:\Users\Nathan\AppData\Local\Temp\ccoc0wMg.s:258    .text.hci_number_of_completed_packets_event_process:00000000 $t
C:\Users\Nathan\AppData\Local\Temp\ccoc0wMg.s:263    .text.hci_number_of_completed_packets_event_process:00000000 hci_number_of_completed_packets_event_process
C:\Users\Nathan\AppData\Local\Temp\ccoc0wMg.s:292    .text.hci_encryption_key_refresh_complete_event:00000000 $t
C:\Users\Nathan\AppData\Local\Temp\ccoc0wMg.s:298    .text.hci_encryption_key_refresh_complete_event:00000000 hci_encryption_key_refresh_complete_event
C:\Users\Nathan\AppData\Local\Temp\ccoc0wMg.s:312    .text.hci_encryption_key_refresh_complete_event_process:00000000 $t
C:\Users\Nathan\AppData\Local\Temp\ccoc0wMg.s:317    .text.hci_encryption_key_refresh_complete_event_process:00000000 hci_encryption_key_refresh_complete_event_process
C:\Users\Nathan\AppData\Local\Temp\ccoc0wMg.s:344    .text.hci_le_connection_complete_event:00000000 $t
C:\Users\Nathan\AppData\Local\Temp\ccoc0wMg.s:350    .text.hci_le_connection_complete_event:00000000 hci_le_connection_complete_event
C:\Users\Nathan\AppData\Local\Temp\ccoc0wMg.s:364    .text.hci_le_connection_complete_event_process:00000000 $t
C:\Users\Nathan\AppData\Local\Temp\ccoc0wMg.s:369    .text.hci_le_connection_complete_event_process:00000000 hci_le_connection_complete_event_process
C:\Users\Nathan\AppData\Local\Temp\ccoc0wMg.s:414    .text.hci_le_advertising_report_event:00000000 $t
C:\Users\Nathan\AppData\Local\Temp\ccoc0wMg.s:420    .text.hci_le_advertising_report_event:00000000 hci_le_advertising_report_event
C:\Users\Nathan\AppData\Local\Temp\ccoc0wMg.s:434    .text.hci_le_advertising_report_event_process:00000000 $t
C:\Users\Nathan\AppData\Local\Temp\ccoc0wMg.s:439    .text.hci_le_advertising_report_event_process:00000000 hci_le_advertising_report_event_process
C:\Users\Nathan\AppData\Local\Temp\ccoc0wMg.s:524    .text.hci_le_connection_update_complete_event:00000000 $t
C:\Users\Nathan\AppData\Local\Temp\ccoc0wMg.s:530    .text.hci_le_connection_update_complete_event:00000000 hci_le_connection_update_complete_event
C:\Users\Nathan\AppData\Local\Temp\ccoc0wMg.s:544    .text.hci_le_connection_update_complete_event_process:00000000 $t
C:\Users\Nathan\AppData\Local\Temp\ccoc0wMg.s:549    .text.hci_le_connection_update_complete_event_process:00000000 hci_le_connection_update_complete_event_process
C:\Users\Nathan\AppData\Local\Temp\ccoc0wMg.s:584    .text.hci_le_read_remote_features_page_0_complete_event:00000000 $t
C:\Users\Nathan\AppData\Local\Temp\ccoc0wMg.s:590    .text.hci_le_read_remote_features_page_0_complete_event:00000000 hci_le_read_remote_features_page_0_complete_event
C:\Users\Nathan\AppData\Local\Temp\ccoc0wMg.s:604    .text.hci_le_read_remote_features_page_0_complete_event_process:00000000 $t
C:\Users\Nathan\AppData\Local\Temp\ccoc0wMg.s:609    .text.hci_le_read_remote_features_page_0_complete_event_process:00000000 hci_le_read_remote_features_page_0_complete_event_process
C:\Users\Nathan\AppData\Local\Temp\ccoc0wMg.s:637    .text.hci_le_long_term_key_request_event:00000000 $t
C:\Users\Nathan\AppData\Local\Temp\ccoc0wMg.s:643    .text.hci_le_long_term_key_request_event:00000000 hci_le_long_term_key_request_event
C:\Users\Nathan\AppData\Local\Temp\ccoc0wMg.s:657    .text.hci_le_long_term_key_request_event_process:00000000 $t
C:\Users\Nathan\AppData\Local\Temp\ccoc0wMg.s:662    .text.hci_le_long_term_key_request_event_process:00000000 hci_le_long_term_key_request_event_process
C:\Users\Nathan\AppData\Local\Temp\ccoc0wMg.s:690    .text.hci_le_data_length_change_event:00000000 $t
C:\Users\Nathan\AppData\Local\Temp\ccoc0wMg.s:696    .text.hci_le_data_length_change_event:00000000 hci_le_data_length_change_event
C:\Users\Nathan\AppData\Local\Temp\ccoc0wMg.s:710    .text.hci_le_data_length_change_event_process:00000000 $t
C:\Users\Nathan\AppData\Local\Temp\ccoc0wMg.s:715    .text.hci_le_data_length_change_event_process:00000000 hci_le_data_length_change_event_process
C:\Users\Nathan\AppData\Local\Temp\ccoc0wMg.s:750    .text.hci_le_read_local_p256_public_key_complete_event:00000000 $t
C:\Users\Nathan\AppData\Local\Temp\ccoc0wMg.s:756    .text.hci_le_read_local_p256_public_key_complete_event:00000000 hci_le_read_local_p256_public_key_complete_event
C:\Users\Nathan\AppData\Local\Temp\ccoc0wMg.s:770    .text.hci_le_read_local_p256_public_key_complete_event_process:00000000 $t
C:\Users\Nathan\AppData\Local\Temp\ccoc0wMg.s:775    .text.hci_le_read_local_p256_public_key_complete_event_process:00000000 hci_le_read_local_p256_public_key_complete_event_process
C:\Users\Nathan\AppData\Local\Temp\ccoc0wMg.s:804    .text.hci_le_generate_dhkey_complete_event:00000000 $t
C:\Users\Nathan\AppData\Local\Temp\ccoc0wMg.s:810    .text.hci_le_generate_dhkey_complete_event:00000000 hci_le_generate_dhkey_complete_event
C:\Users\Nathan\AppData\Local\Temp\ccoc0wMg.s:824    .text.hci_le_generate_dhkey_complete_event_process:00000000 $t
ARM GAS  C:\Users\Nathan\AppData\Local\Temp\ccoc0wMg.s 			page 103


C:\Users\Nathan\AppData\Local\Temp\ccoc0wMg.s:829    .text.hci_le_generate_dhkey_complete_event_process:00000000 hci_le_generate_dhkey_complete_event_process
C:\Users\Nathan\AppData\Local\Temp\ccoc0wMg.s:858    .text.hci_le_enhanced_connection_complete_event:00000000 $t
C:\Users\Nathan\AppData\Local\Temp\ccoc0wMg.s:864    .text.hci_le_enhanced_connection_complete_event:00000000 hci_le_enhanced_connection_complete_event
C:\Users\Nathan\AppData\Local\Temp\ccoc0wMg.s:878    .text.hci_le_enhanced_connection_complete_event_process:00000000 $t
C:\Users\Nathan\AppData\Local\Temp\ccoc0wMg.s:883    .text.hci_le_enhanced_connection_complete_event_process:00000000 hci_le_enhanced_connection_complete_event_process
C:\Users\Nathan\AppData\Local\Temp\ccoc0wMg.s:934    .text.hci_le_directed_advertising_report_event:00000000 $t
C:\Users\Nathan\AppData\Local\Temp\ccoc0wMg.s:940    .text.hci_le_directed_advertising_report_event:00000000 hci_le_directed_advertising_report_event
C:\Users\Nathan\AppData\Local\Temp\ccoc0wMg.s:954    .text.hci_le_directed_advertising_report_event_process:00000000 $t
C:\Users\Nathan\AppData\Local\Temp\ccoc0wMg.s:959    .text.hci_le_directed_advertising_report_event_process:00000000 hci_le_directed_advertising_report_event_process
C:\Users\Nathan\AppData\Local\Temp\ccoc0wMg.s:988    .text.hci_le_phy_update_complete_event:00000000 $t
C:\Users\Nathan\AppData\Local\Temp\ccoc0wMg.s:994    .text.hci_le_phy_update_complete_event:00000000 hci_le_phy_update_complete_event
C:\Users\Nathan\AppData\Local\Temp\ccoc0wMg.s:1008   .text.hci_le_phy_update_complete_event_process:00000000 $t
C:\Users\Nathan\AppData\Local\Temp\ccoc0wMg.s:1013   .text.hci_le_phy_update_complete_event_process:00000000 hci_le_phy_update_complete_event_process
C:\Users\Nathan\AppData\Local\Temp\ccoc0wMg.s:1042   .text.hci_le_extended_advertising_report_event:00000000 $t
C:\Users\Nathan\AppData\Local\Temp\ccoc0wMg.s:1048   .text.hci_le_extended_advertising_report_event:00000000 hci_le_extended_advertising_report_event
C:\Users\Nathan\AppData\Local\Temp\ccoc0wMg.s:1062   .text.hci_le_extended_advertising_report_event_process:00000000 $t
C:\Users\Nathan\AppData\Local\Temp\ccoc0wMg.s:1067   .text.hci_le_extended_advertising_report_event_process:00000000 hci_le_extended_advertising_report_event_process
C:\Users\Nathan\AppData\Local\Temp\ccoc0wMg.s:1123   .text.hci_le_scan_timeout_event:00000000 $t
C:\Users\Nathan\AppData\Local\Temp\ccoc0wMg.s:1129   .text.hci_le_scan_timeout_event:00000000 hci_le_scan_timeout_event
C:\Users\Nathan\AppData\Local\Temp\ccoc0wMg.s:1142   .text.hci_le_scan_timeout_event_process:00000000 $t
C:\Users\Nathan\AppData\Local\Temp\ccoc0wMg.s:1147   .text.hci_le_scan_timeout_event_process:00000000 hci_le_scan_timeout_event_process
C:\Users\Nathan\AppData\Local\Temp\ccoc0wMg.s:1168   .text.hci_le_advertising_set_terminated_event:00000000 $t
C:\Users\Nathan\AppData\Local\Temp\ccoc0wMg.s:1174   .text.hci_le_advertising_set_terminated_event:00000000 hci_le_advertising_set_terminated_event
C:\Users\Nathan\AppData\Local\Temp\ccoc0wMg.s:1188   .text.hci_le_advertising_set_terminated_event_process:00000000 $t
C:\Users\Nathan\AppData\Local\Temp\ccoc0wMg.s:1193   .text.hci_le_advertising_set_terminated_event_process:00000000 hci_le_advertising_set_terminated_event_process
C:\Users\Nathan\AppData\Local\Temp\ccoc0wMg.s:1222   .text.hci_le_scan_request_received_event:00000000 $t
C:\Users\Nathan\AppData\Local\Temp\ccoc0wMg.s:1228   .text.hci_le_scan_request_received_event:00000000 hci_le_scan_request_received_event
C:\Users\Nathan\AppData\Local\Temp\ccoc0wMg.s:1242   .text.hci_le_scan_request_received_event_process:00000000 $t
C:\Users\Nathan\AppData\Local\Temp\ccoc0wMg.s:1247   .text.hci_le_scan_request_received_event_process:00000000 hci_le_scan_request_received_event_process
C:\Users\Nathan\AppData\Local\Temp\ccoc0wMg.s:1275   .text.hci_le_channel_selection_algorithm_event:00000000 $t
C:\Users\Nathan\AppData\Local\Temp\ccoc0wMg.s:1281   .text.hci_le_channel_selection_algorithm_event:00000000 hci_le_channel_selection_algorithm_event
C:\Users\Nathan\AppData\Local\Temp\ccoc0wMg.s:1295   .text.hci_le_channel_selection_algorithm_event_process:00000000 $t
C:\Users\Nathan\AppData\Local\Temp\ccoc0wMg.s:1300   .text.hci_le_channel_selection_algorithm_event_process:00000000 hci_le_channel_selection_algorithm_event_process
C:\Users\Nathan\AppData\Local\Temp\ccoc0wMg.s:1327   .text.aci_warning_event:00000000 $t
C:\Users\Nathan\AppData\Local\Temp\ccoc0wMg.s:1333   .text.aci_warning_event:00000000 aci_warning_event
C:\Users\Nathan\AppData\Local\Temp\ccoc0wMg.s:1347   .text.aci_warning_event_process:00000000 $t
C:\Users\Nathan\AppData\Local\Temp\ccoc0wMg.s:1352   .text.aci_warning_event_process:00000000 aci_warning_event_process
C:\Users\Nathan\AppData\Local\Temp\ccoc0wMg.s:1380   .text.aci_gap_limited_discoverable_event:00000000 $t
C:\Users\Nathan\AppData\Local\Temp\ccoc0wMg.s:1386   .text.aci_gap_limited_discoverable_event:00000000 aci_gap_limited_discoverable_event
C:\Users\Nathan\AppData\Local\Temp\ccoc0wMg.s:1399   .text.aci_gap_limited_discoverable_event_process:00000000 $t
C:\Users\Nathan\AppData\Local\Temp\ccoc0wMg.s:1404   .text.aci_gap_limited_discoverable_event_process:00000000 aci_gap_limited_discoverable_event_process
C:\Users\Nathan\AppData\Local\Temp\ccoc0wMg.s:1425   .text.aci_gap_pairing_complete_event:00000000 $t
C:\Users\Nathan\AppData\Local\Temp\ccoc0wMg.s:1431   .text.aci_gap_pairing_complete_event:00000000 aci_gap_pairing_complete_event
C:\Users\Nathan\AppData\Local\Temp\ccoc0wMg.s:1445   .text.aci_gap_pairing_complete_event_process:00000000 $t
C:\Users\Nathan\AppData\Local\Temp\ccoc0wMg.s:1450   .text.aci_gap_pairing_complete_event_process:00000000 aci_gap_pairing_complete_event_process
C:\Users\Nathan\AppData\Local\Temp\ccoc0wMg.s:1478   .text.aci_gap_pass_key_req_event:00000000 $t
C:\Users\Nathan\AppData\Local\Temp\ccoc0wMg.s:1484   .text.aci_gap_pass_key_req_event:00000000 aci_gap_pass_key_req_event
C:\Users\Nathan\AppData\Local\Temp\ccoc0wMg.s:1498   .text.aci_gap_pass_key_req_event_process:00000000 $t
C:\Users\Nathan\AppData\Local\Temp\ccoc0wMg.s:1503   .text.aci_gap_pass_key_req_event_process:00000000 aci_gap_pass_key_req_event_process
C:\Users\Nathan\AppData\Local\Temp\ccoc0wMg.s:1529   .text.aci_gap_authorization_req_event:00000000 $t
C:\Users\Nathan\AppData\Local\Temp\ccoc0wMg.s:1535   .text.aci_gap_authorization_req_event:00000000 aci_gap_authorization_req_event
C:\Users\Nathan\AppData\Local\Temp\ccoc0wMg.s:1549   .text.aci_gap_authorization_req_event_process:00000000 $t
C:\Users\Nathan\AppData\Local\Temp\ccoc0wMg.s:1554   .text.aci_gap_authorization_req_event_process:00000000 aci_gap_authorization_req_event_process
C:\Users\Nathan\AppData\Local\Temp\ccoc0wMg.s:1580   .text.aci_gap_bond_lost_event:00000000 $t
C:\Users\Nathan\AppData\Local\Temp\ccoc0wMg.s:1586   .text.aci_gap_bond_lost_event:00000000 aci_gap_bond_lost_event
C:\Users\Nathan\AppData\Local\Temp\ccoc0wMg.s:1600   .text.aci_gap_bond_lost_event_process:00000000 $t
C:\Users\Nathan\AppData\Local\Temp\ccoc0wMg.s:1605   .text.aci_gap_bond_lost_event_process:00000000 aci_gap_bond_lost_event_process
ARM GAS  C:\Users\Nathan\AppData\Local\Temp\ccoc0wMg.s 			page 104


C:\Users\Nathan\AppData\Local\Temp\ccoc0wMg.s:1631   .text.aci_gap_proc_complete_event:00000000 $t
C:\Users\Nathan\AppData\Local\Temp\ccoc0wMg.s:1637   .text.aci_gap_proc_complete_event:00000000 aci_gap_proc_complete_event
C:\Users\Nathan\AppData\Local\Temp\ccoc0wMg.s:1651   .text.aci_gap_proc_complete_event_process:00000000 $t
C:\Users\Nathan\AppData\Local\Temp\ccoc0wMg.s:1656   .text.aci_gap_proc_complete_event_process:00000000 aci_gap_proc_complete_event_process
C:\Users\Nathan\AppData\Local\Temp\ccoc0wMg.s:1685   .text.aci_gap_addr_not_resolved_event:00000000 $t
C:\Users\Nathan\AppData\Local\Temp\ccoc0wMg.s:1691   .text.aci_gap_addr_not_resolved_event:00000000 aci_gap_addr_not_resolved_event
C:\Users\Nathan\AppData\Local\Temp\ccoc0wMg.s:1705   .text.aci_gap_addr_not_resolved_event_process:00000000 $t
C:\Users\Nathan\AppData\Local\Temp\ccoc0wMg.s:1710   .text.aci_gap_addr_not_resolved_event_process:00000000 aci_gap_addr_not_resolved_event_process
C:\Users\Nathan\AppData\Local\Temp\ccoc0wMg.s:1736   .text.aci_gap_numeric_comparison_value_event:00000000 $t
C:\Users\Nathan\AppData\Local\Temp\ccoc0wMg.s:1742   .text.aci_gap_numeric_comparison_value_event:00000000 aci_gap_numeric_comparison_value_event
C:\Users\Nathan\AppData\Local\Temp\ccoc0wMg.s:1756   .text.aci_gap_numeric_comparison_value_event_process:00000000 $t
C:\Users\Nathan\AppData\Local\Temp\ccoc0wMg.s:1761   .text.aci_gap_numeric_comparison_value_event_process:00000000 aci_gap_numeric_comparison_value_event_process
C:\Users\Nathan\AppData\Local\Temp\ccoc0wMg.s:1788   .text.aci_gap_keypress_notification_event:00000000 $t
C:\Users\Nathan\AppData\Local\Temp\ccoc0wMg.s:1794   .text.aci_gap_keypress_notification_event:00000000 aci_gap_keypress_notification_event
C:\Users\Nathan\AppData\Local\Temp\ccoc0wMg.s:1808   .text.aci_gap_keypress_notification_event_process:00000000 $t
C:\Users\Nathan\AppData\Local\Temp\ccoc0wMg.s:1813   .text.aci_gap_keypress_notification_event_process:00000000 aci_gap_keypress_notification_event_process
C:\Users\Nathan\AppData\Local\Temp\ccoc0wMg.s:1840   .text.aci_gap_pairing_request_event:00000000 $t
C:\Users\Nathan\AppData\Local\Temp\ccoc0wMg.s:1846   .text.aci_gap_pairing_request_event:00000000 aci_gap_pairing_request_event
C:\Users\Nathan\AppData\Local\Temp\ccoc0wMg.s:1860   .text.aci_gap_pairing_request_event_process:00000000 $t
C:\Users\Nathan\AppData\Local\Temp\ccoc0wMg.s:1865   .text.aci_gap_pairing_request_event_process:00000000 aci_gap_pairing_request_event_process
C:\Users\Nathan\AppData\Local\Temp\ccoc0wMg.s:1893   .text.aci_l2cap_connection_update_resp_event:00000000 $t
C:\Users\Nathan\AppData\Local\Temp\ccoc0wMg.s:1899   .text.aci_l2cap_connection_update_resp_event:00000000 aci_l2cap_connection_update_resp_event
C:\Users\Nathan\AppData\Local\Temp\ccoc0wMg.s:1913   .text.aci_l2cap_connection_update_resp_event_process:00000000 $t
C:\Users\Nathan\AppData\Local\Temp\ccoc0wMg.s:1918   .text.aci_l2cap_connection_update_resp_event_process:00000000 aci_l2cap_connection_update_resp_event_process
C:\Users\Nathan\AppData\Local\Temp\ccoc0wMg.s:1945   .text.aci_l2cap_proc_timeout_event:00000000 $t
C:\Users\Nathan\AppData\Local\Temp\ccoc0wMg.s:1951   .text.aci_l2cap_proc_timeout_event:00000000 aci_l2cap_proc_timeout_event
C:\Users\Nathan\AppData\Local\Temp\ccoc0wMg.s:1965   .text.aci_l2cap_proc_timeout_event_process:00000000 $t
C:\Users\Nathan\AppData\Local\Temp\ccoc0wMg.s:1970   .text.aci_l2cap_proc_timeout_event_process:00000000 aci_l2cap_proc_timeout_event_process
C:\Users\Nathan\AppData\Local\Temp\ccoc0wMg.s:1998   .text.aci_l2cap_connection_update_req_event:00000000 $t
C:\Users\Nathan\AppData\Local\Temp\ccoc0wMg.s:2004   .text.aci_l2cap_connection_update_req_event:00000000 aci_l2cap_connection_update_req_event
C:\Users\Nathan\AppData\Local\Temp\ccoc0wMg.s:2018   .text.aci_l2cap_connection_update_req_event_process:00000000 $t
C:\Users\Nathan\AppData\Local\Temp\ccoc0wMg.s:2023   .text.aci_l2cap_connection_update_req_event_process:00000000 aci_l2cap_connection_update_req_event_process
C:\Users\Nathan\AppData\Local\Temp\ccoc0wMg.s:2062   .text.aci_l2cap_command_reject_event:00000000 $t
C:\Users\Nathan\AppData\Local\Temp\ccoc0wMg.s:2068   .text.aci_l2cap_command_reject_event:00000000 aci_l2cap_command_reject_event
C:\Users\Nathan\AppData\Local\Temp\ccoc0wMg.s:2082   .text.aci_l2cap_command_reject_event_process:00000000 $t
C:\Users\Nathan\AppData\Local\Temp\ccoc0wMg.s:2087   .text.aci_l2cap_command_reject_event_process:00000000 aci_l2cap_command_reject_event_process
C:\Users\Nathan\AppData\Local\Temp\ccoc0wMg.s:2124   .text.aci_l2cap_coc_connect_event:00000000 $t
C:\Users\Nathan\AppData\Local\Temp\ccoc0wMg.s:2130   .text.aci_l2cap_coc_connect_event:00000000 aci_l2cap_coc_connect_event
C:\Users\Nathan\AppData\Local\Temp\ccoc0wMg.s:2144   .text.aci_l2cap_coc_connect_event_process:00000000 $t
C:\Users\Nathan\AppData\Local\Temp\ccoc0wMg.s:2149   .text.aci_l2cap_coc_connect_event_process:00000000 aci_l2cap_coc_connect_event_process
C:\Users\Nathan\AppData\Local\Temp\ccoc0wMg.s:2186   .text.aci_l2cap_coc_connect_confirm_event:00000000 $t
C:\Users\Nathan\AppData\Local\Temp\ccoc0wMg.s:2192   .text.aci_l2cap_coc_connect_confirm_event:00000000 aci_l2cap_coc_connect_confirm_event
C:\Users\Nathan\AppData\Local\Temp\ccoc0wMg.s:2206   .text.aci_l2cap_coc_connect_confirm_event_process:00000000 $t
C:\Users\Nathan\AppData\Local\Temp\ccoc0wMg.s:2211   .text.aci_l2cap_coc_connect_confirm_event_process:00000000 aci_l2cap_coc_connect_confirm_event_process
C:\Users\Nathan\AppData\Local\Temp\ccoc0wMg.s:2252   .text.aci_l2cap_coc_reconf_event:00000000 $t
C:\Users\Nathan\AppData\Local\Temp\ccoc0wMg.s:2258   .text.aci_l2cap_coc_reconf_event:00000000 aci_l2cap_coc_reconf_event
C:\Users\Nathan\AppData\Local\Temp\ccoc0wMg.s:2272   .text.aci_l2cap_coc_reconf_event_process:00000000 $t
C:\Users\Nathan\AppData\Local\Temp\ccoc0wMg.s:2277   .text.aci_l2cap_coc_reconf_event_process:00000000 aci_l2cap_coc_reconf_event_process
C:\Users\Nathan\AppData\Local\Temp\ccoc0wMg.s:2314   .text.aci_l2cap_coc_reconf_confirm_event:00000000 $t
C:\Users\Nathan\AppData\Local\Temp\ccoc0wMg.s:2320   .text.aci_l2cap_coc_reconf_confirm_event:00000000 aci_l2cap_coc_reconf_confirm_event
C:\Users\Nathan\AppData\Local\Temp\ccoc0wMg.s:2334   .text.aci_l2cap_coc_reconf_confirm_event_process:00000000 $t
C:\Users\Nathan\AppData\Local\Temp\ccoc0wMg.s:2339   .text.aci_l2cap_coc_reconf_confirm_event_process:00000000 aci_l2cap_coc_reconf_confirm_event_process
C:\Users\Nathan\AppData\Local\Temp\ccoc0wMg.s:2366   .text.aci_l2cap_coc_disconnect_event:00000000 $t
C:\Users\Nathan\AppData\Local\Temp\ccoc0wMg.s:2372   .text.aci_l2cap_coc_disconnect_event:00000000 aci_l2cap_coc_disconnect_event
C:\Users\Nathan\AppData\Local\Temp\ccoc0wMg.s:2386   .text.aci_l2cap_coc_disconnect_event_process:00000000 $t
C:\Users\Nathan\AppData\Local\Temp\ccoc0wMg.s:2391   .text.aci_l2cap_coc_disconnect_event_process:00000000 aci_l2cap_coc_disconnect_event_process
C:\Users\Nathan\AppData\Local\Temp\ccoc0wMg.s:2417   .text.aci_l2cap_coc_flow_control_event:00000000 $t
ARM GAS  C:\Users\Nathan\AppData\Local\Temp\ccoc0wMg.s 			page 105


C:\Users\Nathan\AppData\Local\Temp\ccoc0wMg.s:2423   .text.aci_l2cap_coc_flow_control_event:00000000 aci_l2cap_coc_flow_control_event
C:\Users\Nathan\AppData\Local\Temp\ccoc0wMg.s:2437   .text.aci_l2cap_coc_flow_control_event_process:00000000 $t
C:\Users\Nathan\AppData\Local\Temp\ccoc0wMg.s:2442   .text.aci_l2cap_coc_flow_control_event_process:00000000 aci_l2cap_coc_flow_control_event_process
C:\Users\Nathan\AppData\Local\Temp\ccoc0wMg.s:2469   .text.aci_l2cap_coc_rx_data_event:00000000 $t
C:\Users\Nathan\AppData\Local\Temp\ccoc0wMg.s:2475   .text.aci_l2cap_coc_rx_data_event:00000000 aci_l2cap_coc_rx_data_event
C:\Users\Nathan\AppData\Local\Temp\ccoc0wMg.s:2489   .text.aci_l2cap_coc_rx_data_event_process:00000000 $t
C:\Users\Nathan\AppData\Local\Temp\ccoc0wMg.s:2494   .text.aci_l2cap_coc_rx_data_event_process:00000000 aci_l2cap_coc_rx_data_event_process
C:\Users\Nathan\AppData\Local\Temp\ccoc0wMg.s:2522   .text.aci_l2cap_coc_tx_pool_available_event:00000000 $t
C:\Users\Nathan\AppData\Local\Temp\ccoc0wMg.s:2528   .text.aci_l2cap_coc_tx_pool_available_event:00000000 aci_l2cap_coc_tx_pool_available_event
C:\Users\Nathan\AppData\Local\Temp\ccoc0wMg.s:2541   .text.aci_l2cap_coc_tx_pool_available_event_process:00000000 $t
C:\Users\Nathan\AppData\Local\Temp\ccoc0wMg.s:2546   .text.aci_l2cap_coc_tx_pool_available_event_process:00000000 aci_l2cap_coc_tx_pool_available_event_process
C:\Users\Nathan\AppData\Local\Temp\ccoc0wMg.s:2567   .text.aci_gatt_attribute_modified_event:00000000 $t
C:\Users\Nathan\AppData\Local\Temp\ccoc0wMg.s:2573   .text.aci_gatt_attribute_modified_event:00000000 aci_gatt_attribute_modified_event
C:\Users\Nathan\AppData\Local\Temp\ccoc0wMg.s:2587   .text.aci_gatt_attribute_modified_event_process:00000000 $t
C:\Users\Nathan\AppData\Local\Temp\ccoc0wMg.s:2592   .text.aci_gatt_attribute_modified_event_process:00000000 aci_gatt_attribute_modified_event_process
C:\Users\Nathan\AppData\Local\Temp\ccoc0wMg.s:2629   .text.aci_gatt_proc_timeout_event:00000000 $t
C:\Users\Nathan\AppData\Local\Temp\ccoc0wMg.s:2635   .text.aci_gatt_proc_timeout_event:00000000 aci_gatt_proc_timeout_event
C:\Users\Nathan\AppData\Local\Temp\ccoc0wMg.s:2649   .text.aci_gatt_proc_timeout_event_process:00000000 $t
C:\Users\Nathan\AppData\Local\Temp\ccoc0wMg.s:2654   .text.aci_gatt_proc_timeout_event_process:00000000 aci_gatt_proc_timeout_event_process
C:\Users\Nathan\AppData\Local\Temp\ccoc0wMg.s:2680   .text.aci_att_exchange_mtu_resp_event:00000000 $t
C:\Users\Nathan\AppData\Local\Temp\ccoc0wMg.s:2686   .text.aci_att_exchange_mtu_resp_event:00000000 aci_att_exchange_mtu_resp_event
C:\Users\Nathan\AppData\Local\Temp\ccoc0wMg.s:2700   .text.aci_att_exchange_mtu_resp_event_process:00000000 $t
C:\Users\Nathan\AppData\Local\Temp\ccoc0wMg.s:2705   .text.aci_att_exchange_mtu_resp_event_process:00000000 aci_att_exchange_mtu_resp_event_process
C:\Users\Nathan\AppData\Local\Temp\ccoc0wMg.s:2732   .text.aci_att_find_info_resp_event:00000000 $t
C:\Users\Nathan\AppData\Local\Temp\ccoc0wMg.s:2738   .text.aci_att_find_info_resp_event:00000000 aci_att_find_info_resp_event
C:\Users\Nathan\AppData\Local\Temp\ccoc0wMg.s:2752   .text.aci_att_find_info_resp_event_process:00000000 $t
C:\Users\Nathan\AppData\Local\Temp\ccoc0wMg.s:2757   .text.aci_att_find_info_resp_event_process:00000000 aci_att_find_info_resp_event_process
C:\Users\Nathan\AppData\Local\Temp\ccoc0wMg.s:2786   .text.aci_att_find_by_type_value_resp_event:00000000 $t
C:\Users\Nathan\AppData\Local\Temp\ccoc0wMg.s:2792   .text.aci_att_find_by_type_value_resp_event:00000000 aci_att_find_by_type_value_resp_event
C:\Users\Nathan\AppData\Local\Temp\ccoc0wMg.s:2806   .text.aci_att_find_by_type_value_resp_event_process:00000000 $t
C:\Users\Nathan\AppData\Local\Temp\ccoc0wMg.s:2811   .text.aci_att_find_by_type_value_resp_event_process:00000000 aci_att_find_by_type_value_resp_event_process
C:\Users\Nathan\AppData\Local\Temp\ccoc0wMg.s:2839   .text.aci_att_read_by_type_resp_event:00000000 $t
C:\Users\Nathan\AppData\Local\Temp\ccoc0wMg.s:2845   .text.aci_att_read_by_type_resp_event:00000000 aci_att_read_by_type_resp_event
C:\Users\Nathan\AppData\Local\Temp\ccoc0wMg.s:2859   .text.aci_att_read_by_type_resp_event_process:00000000 $t
C:\Users\Nathan\AppData\Local\Temp\ccoc0wMg.s:2864   .text.aci_att_read_by_type_resp_event_process:00000000 aci_att_read_by_type_resp_event_process
C:\Users\Nathan\AppData\Local\Temp\ccoc0wMg.s:2893   .text.aci_att_read_resp_event:00000000 $t
C:\Users\Nathan\AppData\Local\Temp\ccoc0wMg.s:2899   .text.aci_att_read_resp_event:00000000 aci_att_read_resp_event
C:\Users\Nathan\AppData\Local\Temp\ccoc0wMg.s:2913   .text.aci_att_read_resp_event_process:00000000 $t
C:\Users\Nathan\AppData\Local\Temp\ccoc0wMg.s:2918   .text.aci_att_read_resp_event_process:00000000 aci_att_read_resp_event_process
C:\Users\Nathan\AppData\Local\Temp\ccoc0wMg.s:2946   .text.aci_att_read_blob_resp_event:00000000 $t
C:\Users\Nathan\AppData\Local\Temp\ccoc0wMg.s:2952   .text.aci_att_read_blob_resp_event:00000000 aci_att_read_blob_resp_event
C:\Users\Nathan\AppData\Local\Temp\ccoc0wMg.s:2966   .text.aci_att_read_blob_resp_event_process:00000000 $t
C:\Users\Nathan\AppData\Local\Temp\ccoc0wMg.s:2971   .text.aci_att_read_blob_resp_event_process:00000000 aci_att_read_blob_resp_event_process
C:\Users\Nathan\AppData\Local\Temp\ccoc0wMg.s:2999   .text.aci_att_read_multiple_resp_event:00000000 $t
C:\Users\Nathan\AppData\Local\Temp\ccoc0wMg.s:3005   .text.aci_att_read_multiple_resp_event:00000000 aci_att_read_multiple_resp_event
C:\Users\Nathan\AppData\Local\Temp\ccoc0wMg.s:3019   .text.aci_att_read_multiple_resp_event_process:00000000 $t
C:\Users\Nathan\AppData\Local\Temp\ccoc0wMg.s:3024   .text.aci_att_read_multiple_resp_event_process:00000000 aci_att_read_multiple_resp_event_process
C:\Users\Nathan\AppData\Local\Temp\ccoc0wMg.s:3052   .text.aci_att_read_by_group_type_resp_event:00000000 $t
C:\Users\Nathan\AppData\Local\Temp\ccoc0wMg.s:3058   .text.aci_att_read_by_group_type_resp_event:00000000 aci_att_read_by_group_type_resp_event
C:\Users\Nathan\AppData\Local\Temp\ccoc0wMg.s:3072   .text.aci_att_read_by_group_type_resp_event_process:00000000 $t
C:\Users\Nathan\AppData\Local\Temp\ccoc0wMg.s:3077   .text.aci_att_read_by_group_type_resp_event_process:00000000 aci_att_read_by_group_type_resp_event_process
C:\Users\Nathan\AppData\Local\Temp\ccoc0wMg.s:3106   .text.aci_att_prepare_write_resp_event:00000000 $t
C:\Users\Nathan\AppData\Local\Temp\ccoc0wMg.s:3112   .text.aci_att_prepare_write_resp_event:00000000 aci_att_prepare_write_resp_event
C:\Users\Nathan\AppData\Local\Temp\ccoc0wMg.s:3126   .text.aci_att_prepare_write_resp_event_process:00000000 $t
C:\Users\Nathan\AppData\Local\Temp\ccoc0wMg.s:3131   .text.aci_att_prepare_write_resp_event_process:00000000 aci_att_prepare_write_resp_event_process
C:\Users\Nathan\AppData\Local\Temp\ccoc0wMg.s:3168   .text.aci_att_exec_write_resp_event:00000000 $t
C:\Users\Nathan\AppData\Local\Temp\ccoc0wMg.s:3174   .text.aci_att_exec_write_resp_event:00000000 aci_att_exec_write_resp_event
ARM GAS  C:\Users\Nathan\AppData\Local\Temp\ccoc0wMg.s 			page 106


C:\Users\Nathan\AppData\Local\Temp\ccoc0wMg.s:3188   .text.aci_att_exec_write_resp_event_process:00000000 $t
C:\Users\Nathan\AppData\Local\Temp\ccoc0wMg.s:3193   .text.aci_att_exec_write_resp_event_process:00000000 aci_att_exec_write_resp_event_process
C:\Users\Nathan\AppData\Local\Temp\ccoc0wMg.s:3219   .text.aci_gatt_indication_event:00000000 $t
C:\Users\Nathan\AppData\Local\Temp\ccoc0wMg.s:3225   .text.aci_gatt_indication_event:00000000 aci_gatt_indication_event
C:\Users\Nathan\AppData\Local\Temp\ccoc0wMg.s:3239   .text.aci_gatt_indication_event_process:00000000 $t
C:\Users\Nathan\AppData\Local\Temp\ccoc0wMg.s:3244   .text.aci_gatt_indication_event_process:00000000 aci_gatt_indication_event_process
C:\Users\Nathan\AppData\Local\Temp\ccoc0wMg.s:3273   .text.aci_gatt_notification_event:00000000 $t
C:\Users\Nathan\AppData\Local\Temp\ccoc0wMg.s:3279   .text.aci_gatt_notification_event:00000000 aci_gatt_notification_event
C:\Users\Nathan\AppData\Local\Temp\ccoc0wMg.s:3293   .text.aci_gatt_notification_event_process:00000000 $t
C:\Users\Nathan\AppData\Local\Temp\ccoc0wMg.s:3298   .text.aci_gatt_notification_event_process:00000000 aci_gatt_notification_event_process
C:\Users\Nathan\AppData\Local\Temp\ccoc0wMg.s:3327   .text.aci_gatt_proc_complete_event:00000000 $t
C:\Users\Nathan\AppData\Local\Temp\ccoc0wMg.s:3333   .text.aci_gatt_proc_complete_event:00000000 aci_gatt_proc_complete_event
C:\Users\Nathan\AppData\Local\Temp\ccoc0wMg.s:3347   .text.aci_gatt_proc_complete_event_process:00000000 $t
C:\Users\Nathan\AppData\Local\Temp\ccoc0wMg.s:3352   .text.aci_gatt_proc_complete_event_process:00000000 aci_gatt_proc_complete_event_process
C:\Users\Nathan\AppData\Local\Temp\ccoc0wMg.s:3379   .text.aci_gatt_error_resp_event:00000000 $t
C:\Users\Nathan\AppData\Local\Temp\ccoc0wMg.s:3385   .text.aci_gatt_error_resp_event:00000000 aci_gatt_error_resp_event
C:\Users\Nathan\AppData\Local\Temp\ccoc0wMg.s:3399   .text.aci_gatt_error_resp_event_process:00000000 $t
C:\Users\Nathan\AppData\Local\Temp\ccoc0wMg.s:3404   .text.aci_gatt_error_resp_event_process:00000000 aci_gatt_error_resp_event_process
C:\Users\Nathan\AppData\Local\Temp\ccoc0wMg.s:3433   .text.aci_gatt_disc_read_char_by_uuid_resp_event:00000000 $t
C:\Users\Nathan\AppData\Local\Temp\ccoc0wMg.s:3439   .text.aci_gatt_disc_read_char_by_uuid_resp_event:00000000 aci_gatt_disc_read_char_by_uuid_resp_event
C:\Users\Nathan\AppData\Local\Temp\ccoc0wMg.s:3453   .text.aci_gatt_disc_read_char_by_uuid_resp_event_process:00000000 $t
C:\Users\Nathan\AppData\Local\Temp\ccoc0wMg.s:3458   .text.aci_gatt_disc_read_char_by_uuid_resp_event_process:00000000 aci_gatt_disc_read_char_by_uuid_resp_event_process
C:\Users\Nathan\AppData\Local\Temp\ccoc0wMg.s:3487   .text.aci_gatt_write_permit_req_event:00000000 $t
C:\Users\Nathan\AppData\Local\Temp\ccoc0wMg.s:3493   .text.aci_gatt_write_permit_req_event:00000000 aci_gatt_write_permit_req_event
C:\Users\Nathan\AppData\Local\Temp\ccoc0wMg.s:3507   .text.aci_gatt_write_permit_req_event_process:00000000 $t
C:\Users\Nathan\AppData\Local\Temp\ccoc0wMg.s:3512   .text.aci_gatt_write_permit_req_event_process:00000000 aci_gatt_write_permit_req_event_process
C:\Users\Nathan\AppData\Local\Temp\ccoc0wMg.s:3541   .text.aci_gatt_read_permit_req_event:00000000 $t
C:\Users\Nathan\AppData\Local\Temp\ccoc0wMg.s:3547   .text.aci_gatt_read_permit_req_event:00000000 aci_gatt_read_permit_req_event
C:\Users\Nathan\AppData\Local\Temp\ccoc0wMg.s:3561   .text.aci_gatt_read_permit_req_event_process:00000000 $t
C:\Users\Nathan\AppData\Local\Temp\ccoc0wMg.s:3566   .text.aci_gatt_read_permit_req_event_process:00000000 aci_gatt_read_permit_req_event_process
C:\Users\Nathan\AppData\Local\Temp\ccoc0wMg.s:3594   .text.aci_gatt_read_multi_permit_req_event:00000000 $t
C:\Users\Nathan\AppData\Local\Temp\ccoc0wMg.s:3600   .text.aci_gatt_read_multi_permit_req_event:00000000 aci_gatt_read_multi_permit_req_event
C:\Users\Nathan\AppData\Local\Temp\ccoc0wMg.s:3614   .text.aci_gatt_read_multi_permit_req_event_process:00000000 $t
C:\Users\Nathan\AppData\Local\Temp\ccoc0wMg.s:3619   .text.aci_gatt_read_multi_permit_req_event_process:00000000 aci_gatt_read_multi_permit_req_event_process
C:\Users\Nathan\AppData\Local\Temp\ccoc0wMg.s:3647   .text.aci_gatt_tx_pool_available_event:00000000 $t
C:\Users\Nathan\AppData\Local\Temp\ccoc0wMg.s:3653   .text.aci_gatt_tx_pool_available_event:00000000 aci_gatt_tx_pool_available_event
C:\Users\Nathan\AppData\Local\Temp\ccoc0wMg.s:3667   .text.aci_gatt_tx_pool_available_event_process:00000000 $t
C:\Users\Nathan\AppData\Local\Temp\ccoc0wMg.s:3672   .text.aci_gatt_tx_pool_available_event_process:00000000 aci_gatt_tx_pool_available_event_process
C:\Users\Nathan\AppData\Local\Temp\ccoc0wMg.s:3699   .text.aci_gatt_server_confirmation_event:00000000 $t
C:\Users\Nathan\AppData\Local\Temp\ccoc0wMg.s:3705   .text.aci_gatt_server_confirmation_event:00000000 aci_gatt_server_confirmation_event
C:\Users\Nathan\AppData\Local\Temp\ccoc0wMg.s:3719   .text.aci_gatt_server_confirmation_event_process:00000000 $t
C:\Users\Nathan\AppData\Local\Temp\ccoc0wMg.s:3724   .text.aci_gatt_server_confirmation_event_process:00000000 aci_gatt_server_confirmation_event_process
C:\Users\Nathan\AppData\Local\Temp\ccoc0wMg.s:3750   .text.aci_gatt_prepare_write_permit_req_event:00000000 $t
C:\Users\Nathan\AppData\Local\Temp\ccoc0wMg.s:3756   .text.aci_gatt_prepare_write_permit_req_event:00000000 aci_gatt_prepare_write_permit_req_event
C:\Users\Nathan\AppData\Local\Temp\ccoc0wMg.s:3770   .text.aci_gatt_prepare_write_permit_req_event_process:00000000 $t
C:\Users\Nathan\AppData\Local\Temp\ccoc0wMg.s:3775   .text.aci_gatt_prepare_write_permit_req_event_process:00000000 aci_gatt_prepare_write_permit_req_event_process
C:\Users\Nathan\AppData\Local\Temp\ccoc0wMg.s:3812   .text.aci_gatt_eatt_bearer_event:00000000 $t
C:\Users\Nathan\AppData\Local\Temp\ccoc0wMg.s:3818   .text.aci_gatt_eatt_bearer_event:00000000 aci_gatt_eatt_bearer_event
C:\Users\Nathan\AppData\Local\Temp\ccoc0wMg.s:3832   .text.aci_gatt_eatt_bearer_event_process:00000000 $t
C:\Users\Nathan\AppData\Local\Temp\ccoc0wMg.s:3837   .text.aci_gatt_eatt_bearer_event_process:00000000 aci_gatt_eatt_bearer_event_process
C:\Users\Nathan\AppData\Local\Temp\ccoc0wMg.s:3866   .text.aci_gatt_mult_notification_event:00000000 $t
C:\Users\Nathan\AppData\Local\Temp\ccoc0wMg.s:3872   .text.aci_gatt_mult_notification_event:00000000 aci_gatt_mult_notification_event
C:\Users\Nathan\AppData\Local\Temp\ccoc0wMg.s:3886   .text.aci_gatt_mult_notification_event_process:00000000 $t
C:\Users\Nathan\AppData\Local\Temp\ccoc0wMg.s:3891   .text.aci_gatt_mult_notification_event_process:00000000 aci_gatt_mult_notification_event_process
C:\Users\Nathan\AppData\Local\Temp\ccoc0wMg.s:3920   .text.aci_gatt_notification_complete_event:00000000 $t
C:\Users\Nathan\AppData\Local\Temp\ccoc0wMg.s:3926   .text.aci_gatt_notification_complete_event:00000000 aci_gatt_notification_complete_event
C:\Users\Nathan\AppData\Local\Temp\ccoc0wMg.s:3940   .text.aci_gatt_notification_complete_event_process:00000000 $t
ARM GAS  C:\Users\Nathan\AppData\Local\Temp\ccoc0wMg.s 			page 107


C:\Users\Nathan\AppData\Local\Temp\ccoc0wMg.s:3945   .text.aci_gatt_notification_complete_event_process:00000000 aci_gatt_notification_complete_event_process
C:\Users\Nathan\AppData\Local\Temp\ccoc0wMg.s:3971   .text.aci_gatt_read_ext_event:00000000 $t
C:\Users\Nathan\AppData\Local\Temp\ccoc0wMg.s:3977   .text.aci_gatt_read_ext_event:00000000 aci_gatt_read_ext_event
C:\Users\Nathan\AppData\Local\Temp\ccoc0wMg.s:3991   .text.aci_gatt_read_ext_event_process:00000000 $t
C:\Users\Nathan\AppData\Local\Temp\ccoc0wMg.s:3996   .text.aci_gatt_read_ext_event_process:00000000 aci_gatt_read_ext_event_process
C:\Users\Nathan\AppData\Local\Temp\ccoc0wMg.s:4025   .text.aci_gatt_indication_ext_event:00000000 $t
C:\Users\Nathan\AppData\Local\Temp\ccoc0wMg.s:4031   .text.aci_gatt_indication_ext_event:00000000 aci_gatt_indication_ext_event
C:\Users\Nathan\AppData\Local\Temp\ccoc0wMg.s:4045   .text.aci_gatt_indication_ext_event_process:00000000 $t
C:\Users\Nathan\AppData\Local\Temp\ccoc0wMg.s:4050   .text.aci_gatt_indication_ext_event_process:00000000 aci_gatt_indication_ext_event_process
C:\Users\Nathan\AppData\Local\Temp\ccoc0wMg.s:4087   .text.aci_gatt_notification_ext_event:00000000 $t
C:\Users\Nathan\AppData\Local\Temp\ccoc0wMg.s:4093   .text.aci_gatt_notification_ext_event:00000000 aci_gatt_notification_ext_event
C:\Users\Nathan\AppData\Local\Temp\ccoc0wMg.s:4107   .text.aci_gatt_notification_ext_event_process:00000000 $t
C:\Users\Nathan\AppData\Local\Temp\ccoc0wMg.s:4112   .text.aci_gatt_notification_ext_event_process:00000000 aci_gatt_notification_ext_event_process
C:\Users\Nathan\AppData\Local\Temp\ccoc0wMg.s:4149   .text.aci_hal_end_of_radio_activity_event:00000000 $t
C:\Users\Nathan\AppData\Local\Temp\ccoc0wMg.s:4155   .text.aci_hal_end_of_radio_activity_event:00000000 aci_hal_end_of_radio_activity_event
C:\Users\Nathan\AppData\Local\Temp\ccoc0wMg.s:4169   .text.aci_hal_end_of_radio_activity_event_process:00000000 $t
C:\Users\Nathan\AppData\Local\Temp\ccoc0wMg.s:4174   .text.aci_hal_end_of_radio_activity_event_process:00000000 aci_hal_end_of_radio_activity_event_process
C:\Users\Nathan\AppData\Local\Temp\ccoc0wMg.s:4209   .text.aci_hal_scan_req_report_event:00000000 $t
C:\Users\Nathan\AppData\Local\Temp\ccoc0wMg.s:4215   .text.aci_hal_scan_req_report_event:00000000 aci_hal_scan_req_report_event
C:\Users\Nathan\AppData\Local\Temp\ccoc0wMg.s:4229   .text.aci_hal_scan_req_report_event_process:00000000 $t
C:\Users\Nathan\AppData\Local\Temp\ccoc0wMg.s:4234   .text.aci_hal_scan_req_report_event_process:00000000 aci_hal_scan_req_report_event_process
C:\Users\Nathan\AppData\Local\Temp\ccoc0wMg.s:4266   .rodata.hci_vs_event_table:00000000 hci_vs_event_table
C:\Users\Nathan\AppData\Local\Temp\ccoc0wMg.s:4263   .rodata.hci_vs_event_table:00000000 $d
C:\Users\Nathan\AppData\Local\Temp\ccoc0wMg.s:4434   .rodata.hci_le_event_table:00000000 hci_le_event_table
C:\Users\Nathan\AppData\Local\Temp\ccoc0wMg.s:4431   .rodata.hci_le_event_table:00000000 $d
C:\Users\Nathan\AppData\Local\Temp\ccoc0wMg.s:4488   .rodata.hci_event_table:00000000 hci_event_table
C:\Users\Nathan\AppData\Local\Temp\ccoc0wMg.s:4485   .rodata.hci_event_table:00000000 $d

UNDEFINED SYMBOLS
Osal_MemCpy
