ARM GAS  C:\Users\Nathan\AppData\Local\Temp\ccJAfMtd.s 			page 1


   1              		.cpu cortex-m4
   2              		.arch armv7e-m
   3              		.fpu fpv4-sp-d16
   4              		.eabi_attribute 27, 1
   5              		.eabi_attribute 28, 1
   6              		.eabi_attribute 20, 1
   7              		.eabi_attribute 21, 1
   8              		.eabi_attribute 23, 3
   9              		.eabi_attribute 24, 1
  10              		.eabi_attribute 25, 1
  11              		.eabi_attribute 26, 1
  12              		.eabi_attribute 30, 1
  13              		.eabi_attribute 34, 1
  14              		.eabi_attribute 18, 4
  15              		.file	"ble_gatt_aci.c"
  16              		.text
  17              	.Ltext0:
  18              		.cfi_sections	.debug_frame
  19              		.file 1 "Middlewares/ST/STM32_WPAN/ble/core/auto/ble_gatt_aci.c"
  20              		.section	.text.aci_gatt_init,"ax",%progbits
  21              		.align	1
  22              		.global	aci_gatt_init
  23              		.syntax unified
  24              		.thumb
  25              		.thumb_func
  27              	aci_gatt_init:
  28              	.LFB0:
   1:Middlewares/ST/STM32_WPAN/ble/core/auto/ble_gatt_aci.c **** /*****************************************************************************
   2:Middlewares/ST/STM32_WPAN/ble/core/auto/ble_gatt_aci.c ****  * @file    ble_gatt_aci.c
   3:Middlewares/ST/STM32_WPAN/ble/core/auto/ble_gatt_aci.c ****  * @brief   STM32WB BLE API (gatt_aci)
   4:Middlewares/ST/STM32_WPAN/ble/core/auto/ble_gatt_aci.c ****  *          Auto-generated file: do not edit!
   5:Middlewares/ST/STM32_WPAN/ble/core/auto/ble_gatt_aci.c ****  *****************************************************************************
   6:Middlewares/ST/STM32_WPAN/ble/core/auto/ble_gatt_aci.c ****  * @attention
   7:Middlewares/ST/STM32_WPAN/ble/core/auto/ble_gatt_aci.c ****  *
   8:Middlewares/ST/STM32_WPAN/ble/core/auto/ble_gatt_aci.c ****  * Copyright (c) 2018-2025 STMicroelectronics.
   9:Middlewares/ST/STM32_WPAN/ble/core/auto/ble_gatt_aci.c ****  * All rights reserved.
  10:Middlewares/ST/STM32_WPAN/ble/core/auto/ble_gatt_aci.c ****  *
  11:Middlewares/ST/STM32_WPAN/ble/core/auto/ble_gatt_aci.c ****  * This software is licensed under terms that can be found in the LICENSE file
  12:Middlewares/ST/STM32_WPAN/ble/core/auto/ble_gatt_aci.c ****  * in the root directory of this software component.
  13:Middlewares/ST/STM32_WPAN/ble/core/auto/ble_gatt_aci.c ****  * If no LICENSE file comes with this software, it is provided AS-IS.
  14:Middlewares/ST/STM32_WPAN/ble/core/auto/ble_gatt_aci.c ****  *
  15:Middlewares/ST/STM32_WPAN/ble/core/auto/ble_gatt_aci.c ****  *****************************************************************************
  16:Middlewares/ST/STM32_WPAN/ble/core/auto/ble_gatt_aci.c ****  */
  17:Middlewares/ST/STM32_WPAN/ble/core/auto/ble_gatt_aci.c **** 
  18:Middlewares/ST/STM32_WPAN/ble/core/auto/ble_gatt_aci.c **** #include "auto/ble_gatt_aci.h"
  19:Middlewares/ST/STM32_WPAN/ble/core/auto/ble_gatt_aci.c **** 
  20:Middlewares/ST/STM32_WPAN/ble/core/auto/ble_gatt_aci.c **** tBleStatus aci_gatt_init( void )
  21:Middlewares/ST/STM32_WPAN/ble/core/auto/ble_gatt_aci.c **** {
  29              		.loc 1 21 1 view -0
  30              		.cfi_startproc
  31              		@ args = 0, pretend = 0, frame = 32
  32              		@ frame_needed = 0, uses_anonymous_args = 0
  33 0000 30B5     		push	{r4, r5, lr}
  34              		.cfi_def_cfa_offset 12
  35              		.cfi_offset 4, -12
  36              		.cfi_offset 5, -8
  37              		.cfi_offset 14, -4
ARM GAS  C:\Users\Nathan\AppData\Local\Temp\ccJAfMtd.s 			page 2


  38 0002 89B0     		sub	sp, sp, #36
  39              		.cfi_def_cfa_offset 48
  22:Middlewares/ST/STM32_WPAN/ble/core/auto/ble_gatt_aci.c ****   struct hci_request rq;
  40              		.loc 1 22 3 view .LVU1
  23:Middlewares/ST/STM32_WPAN/ble/core/auto/ble_gatt_aci.c ****   tBleStatus status = 0;
  41              		.loc 1 23 3 view .LVU2
  42              		.loc 1 23 14 is_stmt 0 view .LVU3
  43 0004 0024     		movs	r4, #0
  44 0006 8DF80740 		strb	r4, [sp, #7]
  24:Middlewares/ST/STM32_WPAN/ble/core/auto/ble_gatt_aci.c ****   Osal_MemSet( &rq, 0, sizeof(rq) );
  45              		.loc 1 24 3 is_stmt 1 view .LVU4
  46 000a 02AD     		add	r5, sp, #8
  47 000c 1822     		movs	r2, #24
  48 000e 2146     		mov	r1, r4
  49 0010 2846     		mov	r0, r5
  50 0012 FFF7FEFF 		bl	Osal_MemSet
  51              	.LVL0:
  25:Middlewares/ST/STM32_WPAN/ble/core/auto/ble_gatt_aci.c ****   rq.ogf = 0x3f;
  52              		.loc 1 25 3 view .LVU5
  53              		.loc 1 25 10 is_stmt 0 view .LVU6
  54 0016 3F23     		movs	r3, #63
  55 0018 ADF80830 		strh	r3, [sp, #8]	@ movhi
  26:Middlewares/ST/STM32_WPAN/ble/core/auto/ble_gatt_aci.c ****   rq.ocf = 0x101;
  56              		.loc 1 26 3 is_stmt 1 view .LVU7
  57              		.loc 1 26 10 is_stmt 0 view .LVU8
  58 001c 40F20113 		movw	r3, #257
  59 0020 ADF80A30 		strh	r3, [sp, #10]	@ movhi
  27:Middlewares/ST/STM32_WPAN/ble/core/auto/ble_gatt_aci.c ****   rq.rparam = &status;
  60              		.loc 1 27 3 is_stmt 1 view .LVU9
  61              		.loc 1 27 13 is_stmt 0 view .LVU10
  62 0024 0DF10703 		add	r3, sp, #7
  63 0028 0693     		str	r3, [sp, #24]
  28:Middlewares/ST/STM32_WPAN/ble/core/auto/ble_gatt_aci.c ****   rq.rlen = 1;
  64              		.loc 1 28 3 is_stmt 1 view .LVU11
  65              		.loc 1 28 11 is_stmt 0 view .LVU12
  66 002a 0123     		movs	r3, #1
  67 002c 0793     		str	r3, [sp, #28]
  29:Middlewares/ST/STM32_WPAN/ble/core/auto/ble_gatt_aci.c ****   if ( hci_send_req(&rq, FALSE) < 0 )
  68              		.loc 1 29 3 is_stmt 1 view .LVU13
  69              		.loc 1 29 8 is_stmt 0 view .LVU14
  70 002e 2146     		mov	r1, r4
  71 0030 2846     		mov	r0, r5
  72 0032 FFF7FEFF 		bl	hci_send_req
  73              	.LVL1:
  74              		.loc 1 29 6 discriminator 1 view .LVU15
  75 0036 A042     		cmp	r0, r4
  76 0038 03DB     		blt	.L3
  30:Middlewares/ST/STM32_WPAN/ble/core/auto/ble_gatt_aci.c ****     return BLE_STATUS_TIMEOUT;
  31:Middlewares/ST/STM32_WPAN/ble/core/auto/ble_gatt_aci.c ****   return status;
  77              		.loc 1 31 3 is_stmt 1 view .LVU16
  78              		.loc 1 31 10 is_stmt 0 view .LVU17
  79 003a 9DF80700 		ldrb	r0, [sp, #7]	@ zero_extendqisi2
  80              	.L2:
  32:Middlewares/ST/STM32_WPAN/ble/core/auto/ble_gatt_aci.c **** }
  81              		.loc 1 32 1 view .LVU18
  82 003e 09B0     		add	sp, sp, #36
  83              		.cfi_remember_state
ARM GAS  C:\Users\Nathan\AppData\Local\Temp\ccJAfMtd.s 			page 3


  84              		.cfi_def_cfa_offset 12
  85              		@ sp needed
  86 0040 30BD     		pop	{r4, r5, pc}
  87              	.L3:
  88              		.cfi_restore_state
  30:Middlewares/ST/STM32_WPAN/ble/core/auto/ble_gatt_aci.c ****     return BLE_STATUS_TIMEOUT;
  89              		.loc 1 30 12 view .LVU19
  90 0042 FF20     		movs	r0, #255
  91 0044 FBE7     		b	.L2
  92              		.cfi_endproc
  93              	.LFE0:
  95              		.section	.text.aci_gatt_add_service,"ax",%progbits
  96              		.align	1
  97              		.global	aci_gatt_add_service
  98              		.syntax unified
  99              		.thumb
 100              		.thumb_func
 102              	aci_gatt_add_service:
 103              	.LVL2:
 104              	.LFB1:
  33:Middlewares/ST/STM32_WPAN/ble/core/auto/ble_gatt_aci.c **** 
  34:Middlewares/ST/STM32_WPAN/ble/core/auto/ble_gatt_aci.c **** tBleStatus aci_gatt_add_service( uint8_t Service_UUID_Type,
  35:Middlewares/ST/STM32_WPAN/ble/core/auto/ble_gatt_aci.c ****                                  const Service_UUID_t* Service_UUID,
  36:Middlewares/ST/STM32_WPAN/ble/core/auto/ble_gatt_aci.c ****                                  uint8_t Service_Type,
  37:Middlewares/ST/STM32_WPAN/ble/core/auto/ble_gatt_aci.c ****                                  uint8_t Max_Attribute_Records,
  38:Middlewares/ST/STM32_WPAN/ble/core/auto/ble_gatt_aci.c ****                                  uint16_t* Service_Handle )
  39:Middlewares/ST/STM32_WPAN/ble/core/auto/ble_gatt_aci.c **** {
 105              		.loc 1 39 1 is_stmt 1 view -0
 106              		.cfi_startproc
 107              		@ args = 4, pretend = 0, frame = 288
 108              		@ frame_needed = 0, uses_anonymous_args = 0
 109              		.loc 1 39 1 is_stmt 0 view .LVU21
 110 0000 2DE9F043 		push	{r4, r5, r6, r7, r8, r9, lr}
 111              		.cfi_def_cfa_offset 28
 112              		.cfi_offset 4, -28
 113              		.cfi_offset 5, -24
 114              		.cfi_offset 6, -20
 115              		.cfi_offset 7, -16
 116              		.cfi_offset 8, -12
 117              		.cfi_offset 9, -8
 118              		.cfi_offset 14, -4
 119 0004 C9B0     		sub	sp, sp, #292
 120              		.cfi_def_cfa_offset 320
 121 0006 0446     		mov	r4, r0
 122 0008 0F46     		mov	r7, r1
 123 000a 9046     		mov	r8, r2
 124 000c 9946     		mov	r9, r3
  40:Middlewares/ST/STM32_WPAN/ble/core/auto/ble_gatt_aci.c ****   struct hci_request rq;
 125              		.loc 1 40 3 is_stmt 1 view .LVU22
  41:Middlewares/ST/STM32_WPAN/ble/core/auto/ble_gatt_aci.c ****   uint8_t cmd_buffer[BLE_CMD_MAX_PARAM_LEN];
 126              		.loc 1 41 3 view .LVU23
  42:Middlewares/ST/STM32_WPAN/ble/core/auto/ble_gatt_aci.c ****   aci_gatt_add_service_cp0 *cp0 = (aci_gatt_add_service_cp0*)(cmd_buffer);
 127              		.loc 1 42 3 view .LVU24
 128              	.LVL3:
  43:Middlewares/ST/STM32_WPAN/ble/core/auto/ble_gatt_aci.c ****   aci_gatt_add_service_cp1 *cp1 = (aci_gatt_add_service_cp1*)(cmd_buffer + 1 + (Service_UUID_Type =
 129              		.loc 1 43 3 view .LVU25
 130              		.loc 1 43 78 is_stmt 0 view .LVU26
ARM GAS  C:\Users\Nathan\AppData\Local\Temp\ccJAfMtd.s 			page 4


 131 000e 0128     		cmp	r0, #1
 132 0010 13D0     		beq	.L9
 133              		.loc 1 43 78 discriminator 1 view .LVU27
 134 0012 0228     		cmp	r0, #2
 135 0014 0FD0     		beq	.L15
 136              		.loc 1 43 78 discriminator 4 view .LVU28
 137 0016 0125     		movs	r5, #1
 138              	.L6:
 139              		.loc 1 43 29 discriminator 5 view .LVU29
 140 0018 02AE     		add	r6, sp, #8
 141              	.LVL4:
 142              		.loc 1 43 29 discriminator 5 view .LVU30
 143 001a 3544     		add	r5, r5, r6
 144              	.LVL5:
  44:Middlewares/ST/STM32_WPAN/ble/core/auto/ble_gatt_aci.c ****   aci_gatt_add_service_rp0 resp;
 145              		.loc 1 44 3 is_stmt 1 view .LVU31
  45:Middlewares/ST/STM32_WPAN/ble/core/auto/ble_gatt_aci.c ****   Osal_MemSet( &resp, 0, sizeof(resp) );
 146              		.loc 1 45 3 view .LVU32
 147 001c 0322     		movs	r2, #3
 148              	.LVL6:
 149              		.loc 1 45 3 is_stmt 0 view .LVU33
 150 001e 0021     		movs	r1, #0
 151              	.LVL7:
 152              		.loc 1 45 3 view .LVU34
 153 0020 01A8     		add	r0, sp, #4
 154              	.LVL8:
 155              		.loc 1 45 3 view .LVU35
 156 0022 FFF7FEFF 		bl	Osal_MemSet
 157              	.LVL9:
  46:Middlewares/ST/STM32_WPAN/ble/core/auto/ble_gatt_aci.c ****   int index_input = 0;
 158              		.loc 1 46 3 is_stmt 1 view .LVU36
  47:Middlewares/ST/STM32_WPAN/ble/core/auto/ble_gatt_aci.c ****   cp0->Service_UUID_Type = Service_UUID_Type;
 159              		.loc 1 47 3 view .LVU37
 160              		.loc 1 47 26 is_stmt 0 view .LVU38
 161 0026 8DF80840 		strb	r4, [sp, #8]
  48:Middlewares/ST/STM32_WPAN/ble/core/auto/ble_gatt_aci.c ****   index_input += 1;
 162              		.loc 1 48 3 is_stmt 1 view .LVU39
 163              	.LVL10:
 164              	.LBB2:
  49:Middlewares/ST/STM32_WPAN/ble/core/auto/ble_gatt_aci.c ****   /* var_len_data input */
  50:Middlewares/ST/STM32_WPAN/ble/core/auto/ble_gatt_aci.c ****   {
  51:Middlewares/ST/STM32_WPAN/ble/core/auto/ble_gatt_aci.c ****     uint8_t size;
 165              		.loc 1 51 5 view .LVU40
  52:Middlewares/ST/STM32_WPAN/ble/core/auto/ble_gatt_aci.c ****     switch ( Service_UUID_Type )
 166              		.loc 1 52 5 view .LVU41
 167 002a 012C     		cmp	r4, #1
 168 002c 07D0     		beq	.L11
 169 002e 022C     		cmp	r4, #2
 170 0030 36D1     		bne	.L12
  53:Middlewares/ST/STM32_WPAN/ble/core/auto/ble_gatt_aci.c ****     {
  54:Middlewares/ST/STM32_WPAN/ble/core/auto/ble_gatt_aci.c ****       case 1: size = 2; break;
  55:Middlewares/ST/STM32_WPAN/ble/core/auto/ble_gatt_aci.c ****       case 2: size = 16; break;
 171              		.loc 1 55 20 is_stmt 0 view .LVU42
 172 0032 1024     		movs	r4, #16
 173              	.LVL11:
 174              		.loc 1 55 20 view .LVU43
 175 0034 04E0     		b	.L7
ARM GAS  C:\Users\Nathan\AppData\Local\Temp\ccJAfMtd.s 			page 5


 176              	.LVL12:
 177              	.L15:
 178              		.loc 1 55 20 view .LVU44
 179              	.LBE2:
  43:Middlewares/ST/STM32_WPAN/ble/core/auto/ble_gatt_aci.c ****   aci_gatt_add_service_rp0 resp;
 180              		.loc 1 43 78 discriminator 3 view .LVU45
 181 0036 1125     		movs	r5, #17
 182 0038 EEE7     		b	.L6
 183              	.L9:
  43:Middlewares/ST/STM32_WPAN/ble/core/auto/ble_gatt_aci.c ****   aci_gatt_add_service_rp0 resp;
 184              		.loc 1 43 78 discriminator 2 view .LVU46
 185 003a 0325     		movs	r5, #3
 186 003c ECE7     		b	.L6
 187              	.LVL13:
 188              	.L11:
 189              	.LBB3:
  52:Middlewares/ST/STM32_WPAN/ble/core/auto/ble_gatt_aci.c ****     switch ( Service_UUID_Type )
 190              		.loc 1 52 5 view .LVU47
 191 003e 0224     		movs	r4, #2
 192              	.LVL14:
 193              	.L7:
  56:Middlewares/ST/STM32_WPAN/ble/core/auto/ble_gatt_aci.c ****       default: return BLE_STATUS_ERROR;
  57:Middlewares/ST/STM32_WPAN/ble/core/auto/ble_gatt_aci.c ****     }
  58:Middlewares/ST/STM32_WPAN/ble/core/auto/ble_gatt_aci.c ****     Osal_MemCpy( (void*)&cp0->Service_UUID, (const void*)Service_UUID, size );
 194              		.loc 1 58 5 is_stmt 1 view .LVU48
 195 0040 2246     		mov	r2, r4
 196 0042 3946     		mov	r1, r7
 197 0044 0DF10900 		add	r0, sp, #9
 198 0048 FFF7FEFF 		bl	Osal_MemCpy
 199              	.LVL15:
  59:Middlewares/ST/STM32_WPAN/ble/core/auto/ble_gatt_aci.c ****     index_input += size;
 200              		.loc 1 59 5 view .LVU49
  60:Middlewares/ST/STM32_WPAN/ble/core/auto/ble_gatt_aci.c ****     {
  61:Middlewares/ST/STM32_WPAN/ble/core/auto/ble_gatt_aci.c ****       cp1->Service_Type = Service_Type;
 201              		.loc 1 61 7 view .LVU50
 202              		.loc 1 61 25 is_stmt 0 view .LVU51
 203 004c 85F80080 		strb	r8, [r5]
  62:Middlewares/ST/STM32_WPAN/ble/core/auto/ble_gatt_aci.c ****     }
  63:Middlewares/ST/STM32_WPAN/ble/core/auto/ble_gatt_aci.c ****     index_input += 1;
 204              		.loc 1 63 5 is_stmt 1 view .LVU52
 205              	.LVL16:
  64:Middlewares/ST/STM32_WPAN/ble/core/auto/ble_gatt_aci.c ****     {
  65:Middlewares/ST/STM32_WPAN/ble/core/auto/ble_gatt_aci.c ****       cp1->Max_Attribute_Records = Max_Attribute_Records;
 206              		.loc 1 65 7 view .LVU53
 207              		.loc 1 65 34 is_stmt 0 view .LVU54
 208 0050 85F80190 		strb	r9, [r5, #1]
  66:Middlewares/ST/STM32_WPAN/ble/core/auto/ble_gatt_aci.c ****     }
  67:Middlewares/ST/STM32_WPAN/ble/core/auto/ble_gatt_aci.c ****     index_input += 1;
 209              		.loc 1 67 5 is_stmt 1 view .LVU55
 210              		.loc 1 67 17 is_stmt 0 view .LVU56
 211 0054 0334     		adds	r4, r4, #3
 212              	.LVL17:
 213              		.loc 1 67 17 view .LVU57
 214              	.LBE3:
  68:Middlewares/ST/STM32_WPAN/ble/core/auto/ble_gatt_aci.c ****   }
  69:Middlewares/ST/STM32_WPAN/ble/core/auto/ble_gatt_aci.c ****   Osal_MemSet( &rq, 0, sizeof(rq) );
 215              		.loc 1 69 3 is_stmt 1 view .LVU58
ARM GAS  C:\Users\Nathan\AppData\Local\Temp\ccJAfMtd.s 			page 6


 216 0056 42AD     		add	r5, sp, #264
 217              	.LVL18:
 218              		.loc 1 69 3 is_stmt 0 view .LVU59
 219 0058 1822     		movs	r2, #24
 220 005a 0021     		movs	r1, #0
 221 005c 2846     		mov	r0, r5
 222 005e FFF7FEFF 		bl	Osal_MemSet
 223              	.LVL19:
  70:Middlewares/ST/STM32_WPAN/ble/core/auto/ble_gatt_aci.c ****   rq.ogf = 0x3f;
 224              		.loc 1 70 3 is_stmt 1 view .LVU60
 225              		.loc 1 70 10 is_stmt 0 view .LVU61
 226 0062 3F23     		movs	r3, #63
 227 0064 ADF80831 		strh	r3, [sp, #264]	@ movhi
  71:Middlewares/ST/STM32_WPAN/ble/core/auto/ble_gatt_aci.c ****   rq.ocf = 0x102;
 228              		.loc 1 71 3 is_stmt 1 view .LVU62
 229              		.loc 1 71 10 is_stmt 0 view .LVU63
 230 0068 4FF48173 		mov	r3, #258
 231 006c ADF80A31 		strh	r3, [sp, #266]	@ movhi
  72:Middlewares/ST/STM32_WPAN/ble/core/auto/ble_gatt_aci.c ****   rq.cparam = cmd_buffer;
 232              		.loc 1 72 3 is_stmt 1 view .LVU64
 233              		.loc 1 72 13 is_stmt 0 view .LVU65
 234 0070 02AB     		add	r3, sp, #8
 235 0072 4493     		str	r3, [sp, #272]
  73:Middlewares/ST/STM32_WPAN/ble/core/auto/ble_gatt_aci.c ****   rq.clen = index_input;
 236              		.loc 1 73 3 is_stmt 1 view .LVU66
 237              		.loc 1 73 11 is_stmt 0 view .LVU67
 238 0074 4594     		str	r4, [sp, #276]
  74:Middlewares/ST/STM32_WPAN/ble/core/auto/ble_gatt_aci.c ****   rq.rparam = &resp;
 239              		.loc 1 74 3 is_stmt 1 view .LVU68
 240              		.loc 1 74 13 is_stmt 0 view .LVU69
 241 0076 01AB     		add	r3, sp, #4
 242 0078 4693     		str	r3, [sp, #280]
  75:Middlewares/ST/STM32_WPAN/ble/core/auto/ble_gatt_aci.c ****   rq.rlen = sizeof(resp);
 243              		.loc 1 75 3 is_stmt 1 view .LVU70
 244              		.loc 1 75 11 is_stmt 0 view .LVU71
 245 007a 0323     		movs	r3, #3
 246 007c 4793     		str	r3, [sp, #284]
  76:Middlewares/ST/STM32_WPAN/ble/core/auto/ble_gatt_aci.c ****   if ( hci_send_req(&rq, FALSE) < 0 )
 247              		.loc 1 76 3 is_stmt 1 view .LVU72
 248              		.loc 1 76 8 is_stmt 0 view .LVU73
 249 007e 0021     		movs	r1, #0
 250 0080 2846     		mov	r0, r5
 251 0082 FFF7FEFF 		bl	hci_send_req
 252              	.LVL20:
 253              		.loc 1 76 6 discriminator 1 view .LVU74
 254 0086 0028     		cmp	r0, #0
 255 0088 0CDB     		blt	.L13
  77:Middlewares/ST/STM32_WPAN/ble/core/auto/ble_gatt_aci.c ****     return BLE_STATUS_TIMEOUT;
  78:Middlewares/ST/STM32_WPAN/ble/core/auto/ble_gatt_aci.c ****   if ( resp.Status )
 256              		.loc 1 78 3 is_stmt 1 view .LVU75
 257              		.loc 1 78 12 is_stmt 0 view .LVU76
 258 008a 01AB     		add	r3, sp, #4
 259 008c 9DF80400 		ldrb	r0, [sp, #4]	@ zero_extendqisi2
 260              		.loc 1 78 6 view .LVU77
 261 0090 18B9     		cbnz	r0, .L8
  79:Middlewares/ST/STM32_WPAN/ble/core/auto/ble_gatt_aci.c ****     return resp.Status;
  80:Middlewares/ST/STM32_WPAN/ble/core/auto/ble_gatt_aci.c ****   *Service_Handle = resp.Service_Handle;
ARM GAS  C:\Users\Nathan\AppData\Local\Temp\ccJAfMtd.s 			page 7


 262              		.loc 1 80 3 is_stmt 1 view .LVU78
 263              		.loc 1 80 25 is_stmt 0 view .LVU79
 264 0092 B3F80120 		ldrh	r2, [r3, #1]	@ unaligned
 265              		.loc 1 80 19 view .LVU80
 266 0096 509B     		ldr	r3, [sp, #320]
 267 0098 1A80     		strh	r2, [r3]	@ movhi
  81:Middlewares/ST/STM32_WPAN/ble/core/auto/ble_gatt_aci.c ****   return BLE_STATUS_SUCCESS;
 268              		.loc 1 81 3 is_stmt 1 view .LVU81
 269              	.LVL21:
 270              	.L8:
  82:Middlewares/ST/STM32_WPAN/ble/core/auto/ble_gatt_aci.c **** }
 271              		.loc 1 82 1 is_stmt 0 view .LVU82
 272 009a 49B0     		add	sp, sp, #292
 273              		.cfi_remember_state
 274              		.cfi_def_cfa_offset 28
 275              		@ sp needed
 276 009c BDE8F083 		pop	{r4, r5, r6, r7, r8, r9, pc}
 277              	.LVL22:
 278              	.L12:
 279              		.cfi_restore_state
 280              	.LBB4:
  52:Middlewares/ST/STM32_WPAN/ble/core/auto/ble_gatt_aci.c ****     {
 281              		.loc 1 52 5 view .LVU83
 282 00a0 9720     		movs	r0, #151
 283 00a2 FAE7     		b	.L8
 284              	.LVL23:
 285              	.L13:
  52:Middlewares/ST/STM32_WPAN/ble/core/auto/ble_gatt_aci.c ****     {
 286              		.loc 1 52 5 view .LVU84
 287              	.LBE4:
  77:Middlewares/ST/STM32_WPAN/ble/core/auto/ble_gatt_aci.c ****   if ( resp.Status )
 288              		.loc 1 77 12 view .LVU85
 289 00a4 FF20     		movs	r0, #255
 290 00a6 F8E7     		b	.L8
 291              		.cfi_endproc
 292              	.LFE1:
 294              		.section	.text.aci_gatt_include_service,"ax",%progbits
 295              		.align	1
 296              		.global	aci_gatt_include_service
 297              		.syntax unified
 298              		.thumb
 299              		.thumb_func
 301              	aci_gatt_include_service:
 302              	.LVL24:
 303              	.LFB2:
  83:Middlewares/ST/STM32_WPAN/ble/core/auto/ble_gatt_aci.c **** 
  84:Middlewares/ST/STM32_WPAN/ble/core/auto/ble_gatt_aci.c **** tBleStatus aci_gatt_include_service( uint16_t Service_Handle,
  85:Middlewares/ST/STM32_WPAN/ble/core/auto/ble_gatt_aci.c ****                                      uint16_t Include_Start_Handle,
  86:Middlewares/ST/STM32_WPAN/ble/core/auto/ble_gatt_aci.c ****                                      uint16_t Include_End_Handle,
  87:Middlewares/ST/STM32_WPAN/ble/core/auto/ble_gatt_aci.c ****                                      uint8_t Include_UUID_Type,
  88:Middlewares/ST/STM32_WPAN/ble/core/auto/ble_gatt_aci.c ****                                      const Include_UUID_t* Include_UUID,
  89:Middlewares/ST/STM32_WPAN/ble/core/auto/ble_gatt_aci.c ****                                      uint16_t* Include_Handle )
  90:Middlewares/ST/STM32_WPAN/ble/core/auto/ble_gatt_aci.c **** {
 304              		.loc 1 90 1 is_stmt 1 view -0
 305              		.cfi_startproc
 306              		@ args = 8, pretend = 0, frame = 288
 307              		@ frame_needed = 0, uses_anonymous_args = 0
ARM GAS  C:\Users\Nathan\AppData\Local\Temp\ccJAfMtd.s 			page 8


 308              		.loc 1 90 1 is_stmt 0 view .LVU87
 309 0000 2DE9F043 		push	{r4, r5, r6, r7, r8, r9, lr}
 310              		.cfi_def_cfa_offset 28
 311              		.cfi_offset 4, -28
 312              		.cfi_offset 5, -24
 313              		.cfi_offset 6, -20
 314              		.cfi_offset 7, -16
 315              		.cfi_offset 8, -12
 316              		.cfi_offset 9, -8
 317              		.cfi_offset 14, -4
 318 0004 C9B0     		sub	sp, sp, #292
 319              		.cfi_def_cfa_offset 320
 320 0006 0746     		mov	r7, r0
 321 0008 8846     		mov	r8, r1
 322 000a 9146     		mov	r9, r2
 323 000c 1E46     		mov	r6, r3
  91:Middlewares/ST/STM32_WPAN/ble/core/auto/ble_gatt_aci.c ****   struct hci_request rq;
 324              		.loc 1 91 3 is_stmt 1 view .LVU88
  92:Middlewares/ST/STM32_WPAN/ble/core/auto/ble_gatt_aci.c ****   uint8_t cmd_buffer[BLE_CMD_MAX_PARAM_LEN];
 325              		.loc 1 92 3 view .LVU89
  93:Middlewares/ST/STM32_WPAN/ble/core/auto/ble_gatt_aci.c ****   aci_gatt_include_service_cp0 *cp0 = (aci_gatt_include_service_cp0*)(cmd_buffer);
 326              		.loc 1 93 3 view .LVU90
 327              	.LVL25:
  94:Middlewares/ST/STM32_WPAN/ble/core/auto/ble_gatt_aci.c ****   aci_gatt_include_service_rp0 resp;
 328              		.loc 1 94 3 view .LVU91
  95:Middlewares/ST/STM32_WPAN/ble/core/auto/ble_gatt_aci.c ****   Osal_MemSet( &resp, 0, sizeof(resp) );
 329              		.loc 1 95 3 view .LVU92
 330 000e 0322     		movs	r2, #3
 331              	.LVL26:
 332              		.loc 1 95 3 is_stmt 0 view .LVU93
 333 0010 0021     		movs	r1, #0
 334              	.LVL27:
 335              		.loc 1 95 3 view .LVU94
 336 0012 01A8     		add	r0, sp, #4
 337              	.LVL28:
 338              		.loc 1 95 3 view .LVU95
 339 0014 FFF7FEFF 		bl	Osal_MemSet
 340              	.LVL29:
  96:Middlewares/ST/STM32_WPAN/ble/core/auto/ble_gatt_aci.c ****   int index_input = 0;
 341              		.loc 1 96 3 is_stmt 1 view .LVU96
  97:Middlewares/ST/STM32_WPAN/ble/core/auto/ble_gatt_aci.c ****   int uuid_size = (Include_UUID_Type == 2) ? 16 : 2;
 342              		.loc 1 97 3 view .LVU97
 343              		.loc 1 97 49 is_stmt 0 view .LVU98
 344 0018 022E     		cmp	r6, #2
 345 001a 34D0     		beq	.L22
 346              		.loc 1 97 7 discriminator 2 view .LVU99
 347 001c 0225     		movs	r5, #2
 348              	.L17:
 349              	.LVL30:
  98:Middlewares/ST/STM32_WPAN/ble/core/auto/ble_gatt_aci.c ****   cp0->Service_Handle = Service_Handle;
 350              		.loc 1 98 3 is_stmt 1 view .LVU100
 351              		.loc 1 98 23 is_stmt 0 view .LVU101
 352 001e 02AC     		add	r4, sp, #8
 353              	.LVL31:
 354              		.loc 1 98 23 view .LVU102
 355 0020 ADF80870 		strh	r7, [sp, #8]	@ movhi
  99:Middlewares/ST/STM32_WPAN/ble/core/auto/ble_gatt_aci.c ****   index_input += 2;
ARM GAS  C:\Users\Nathan\AppData\Local\Temp\ccJAfMtd.s 			page 9


 356              		.loc 1 99 3 is_stmt 1 view .LVU103
 357              	.LVL32:
 100:Middlewares/ST/STM32_WPAN/ble/core/auto/ble_gatt_aci.c ****   cp0->Include_Start_Handle = Include_Start_Handle;
 358              		.loc 1 100 3 view .LVU104
 359              		.loc 1 100 29 is_stmt 0 view .LVU105
 360 0024 ADF80A80 		strh	r8, [sp, #10]	@ movhi
 101:Middlewares/ST/STM32_WPAN/ble/core/auto/ble_gatt_aci.c ****   index_input += 2;
 361              		.loc 1 101 3 is_stmt 1 view .LVU106
 362              	.LVL33:
 102:Middlewares/ST/STM32_WPAN/ble/core/auto/ble_gatt_aci.c ****   cp0->Include_End_Handle = Include_End_Handle;
 363              		.loc 1 102 3 view .LVU107
 364              		.loc 1 102 27 is_stmt 0 view .LVU108
 365 0028 ADF80C90 		strh	r9, [sp, #12]	@ movhi
 103:Middlewares/ST/STM32_WPAN/ble/core/auto/ble_gatt_aci.c ****   index_input += 2;
 366              		.loc 1 103 3 is_stmt 1 view .LVU109
 367              	.LVL34:
 104:Middlewares/ST/STM32_WPAN/ble/core/auto/ble_gatt_aci.c ****   cp0->Include_UUID_Type = Include_UUID_Type;
 368              		.loc 1 104 3 view .LVU110
 369              		.loc 1 104 26 is_stmt 0 view .LVU111
 370 002c 8DF80E60 		strb	r6, [sp, #14]
 105:Middlewares/ST/STM32_WPAN/ble/core/auto/ble_gatt_aci.c ****   index_input += 1;
 371              		.loc 1 105 3 is_stmt 1 view .LVU112
 372              	.LVL35:
 106:Middlewares/ST/STM32_WPAN/ble/core/auto/ble_gatt_aci.c ****   Osal_MemCpy( (void*)&cp0->Include_UUID, (const void*)Include_UUID, uuid_size );
 373              		.loc 1 106 3 view .LVU113
 374 0030 2A46     		mov	r2, r5
 375 0032 5099     		ldr	r1, [sp, #320]
 376 0034 0DF10F00 		add	r0, sp, #15
 377 0038 FFF7FEFF 		bl	Osal_MemCpy
 378              	.LVL36:
 107:Middlewares/ST/STM32_WPAN/ble/core/auto/ble_gatt_aci.c ****   index_input += uuid_size;
 379              		.loc 1 107 3 view .LVU114
 380              		.loc 1 107 15 is_stmt 0 view .LVU115
 381 003c 0735     		adds	r5, r5, #7
 382              	.LVL37:
 108:Middlewares/ST/STM32_WPAN/ble/core/auto/ble_gatt_aci.c ****   Osal_MemSet( &rq, 0, sizeof(rq) );
 383              		.loc 1 108 3 is_stmt 1 view .LVU116
 384 003e 42AE     		add	r6, sp, #264
 385              	.LVL38:
 386              		.loc 1 108 3 is_stmt 0 view .LVU117
 387 0040 1822     		movs	r2, #24
 388 0042 0021     		movs	r1, #0
 389 0044 3046     		mov	r0, r6
 390 0046 FFF7FEFF 		bl	Osal_MemSet
 391              	.LVL39:
 109:Middlewares/ST/STM32_WPAN/ble/core/auto/ble_gatt_aci.c ****   rq.ogf = 0x3f;
 392              		.loc 1 109 3 is_stmt 1 view .LVU118
 393              		.loc 1 109 10 is_stmt 0 view .LVU119
 394 004a 3F23     		movs	r3, #63
 395 004c ADF80831 		strh	r3, [sp, #264]	@ movhi
 110:Middlewares/ST/STM32_WPAN/ble/core/auto/ble_gatt_aci.c ****   rq.ocf = 0x103;
 396              		.loc 1 110 3 is_stmt 1 view .LVU120
 397              		.loc 1 110 10 is_stmt 0 view .LVU121
 398 0050 40F20313 		movw	r3, #259
 399 0054 ADF80A31 		strh	r3, [sp, #266]	@ movhi
 111:Middlewares/ST/STM32_WPAN/ble/core/auto/ble_gatt_aci.c ****   rq.cparam = cmd_buffer;
 400              		.loc 1 111 3 is_stmt 1 view .LVU122
ARM GAS  C:\Users\Nathan\AppData\Local\Temp\ccJAfMtd.s 			page 10


 401              		.loc 1 111 13 is_stmt 0 view .LVU123
 402 0058 4494     		str	r4, [sp, #272]
 112:Middlewares/ST/STM32_WPAN/ble/core/auto/ble_gatt_aci.c ****   rq.clen = index_input;
 403              		.loc 1 112 3 is_stmt 1 view .LVU124
 404              		.loc 1 112 11 is_stmt 0 view .LVU125
 405 005a 4595     		str	r5, [sp, #276]
 113:Middlewares/ST/STM32_WPAN/ble/core/auto/ble_gatt_aci.c ****   rq.rparam = &resp;
 406              		.loc 1 113 3 is_stmt 1 view .LVU126
 407              		.loc 1 113 13 is_stmt 0 view .LVU127
 408 005c 01AB     		add	r3, sp, #4
 409 005e 4693     		str	r3, [sp, #280]
 114:Middlewares/ST/STM32_WPAN/ble/core/auto/ble_gatt_aci.c ****   rq.rlen = sizeof(resp);
 410              		.loc 1 114 3 is_stmt 1 view .LVU128
 411              		.loc 1 114 11 is_stmt 0 view .LVU129
 412 0060 0323     		movs	r3, #3
 413 0062 4793     		str	r3, [sp, #284]
 115:Middlewares/ST/STM32_WPAN/ble/core/auto/ble_gatt_aci.c ****   if ( hci_send_req(&rq, FALSE) < 0 )
 414              		.loc 1 115 3 is_stmt 1 view .LVU130
 415              		.loc 1 115 8 is_stmt 0 view .LVU131
 416 0064 0021     		movs	r1, #0
 417 0066 3046     		mov	r0, r6
 418 0068 FFF7FEFF 		bl	hci_send_req
 419              	.LVL40:
 420              		.loc 1 115 6 discriminator 1 view .LVU132
 421 006c 0028     		cmp	r0, #0
 422 006e 0CDB     		blt	.L20
 116:Middlewares/ST/STM32_WPAN/ble/core/auto/ble_gatt_aci.c ****     return BLE_STATUS_TIMEOUT;
 117:Middlewares/ST/STM32_WPAN/ble/core/auto/ble_gatt_aci.c ****   if ( resp.Status )
 423              		.loc 1 117 3 is_stmt 1 view .LVU133
 424              		.loc 1 117 12 is_stmt 0 view .LVU134
 425 0070 01AB     		add	r3, sp, #4
 426 0072 9DF80400 		ldrb	r0, [sp, #4]	@ zero_extendqisi2
 427              		.loc 1 117 6 view .LVU135
 428 0076 18B9     		cbnz	r0, .L18
 118:Middlewares/ST/STM32_WPAN/ble/core/auto/ble_gatt_aci.c ****     return resp.Status;
 119:Middlewares/ST/STM32_WPAN/ble/core/auto/ble_gatt_aci.c ****   *Include_Handle = resp.Include_Handle;
 429              		.loc 1 119 3 is_stmt 1 view .LVU136
 430              		.loc 1 119 25 is_stmt 0 view .LVU137
 431 0078 B3F80120 		ldrh	r2, [r3, #1]	@ unaligned
 432              		.loc 1 119 19 view .LVU138
 433 007c 519B     		ldr	r3, [sp, #324]
 434 007e 1A80     		strh	r2, [r3]	@ movhi
 120:Middlewares/ST/STM32_WPAN/ble/core/auto/ble_gatt_aci.c ****   return BLE_STATUS_SUCCESS;
 435              		.loc 1 120 3 is_stmt 1 view .LVU139
 436              	.L18:
 121:Middlewares/ST/STM32_WPAN/ble/core/auto/ble_gatt_aci.c **** }
 437              		.loc 1 121 1 is_stmt 0 view .LVU140
 438 0080 49B0     		add	sp, sp, #292
 439              		.cfi_remember_state
 440              		.cfi_def_cfa_offset 28
 441              		@ sp needed
 442 0082 BDE8F083 		pop	{r4, r5, r6, r7, r8, r9, pc}
 443              	.LVL41:
 444              	.L22:
 445              		.cfi_restore_state
  97:Middlewares/ST/STM32_WPAN/ble/core/auto/ble_gatt_aci.c ****   cp0->Service_Handle = Service_Handle;
 446              		.loc 1 97 7 discriminator 1 view .LVU141
ARM GAS  C:\Users\Nathan\AppData\Local\Temp\ccJAfMtd.s 			page 11


 447 0086 1025     		movs	r5, #16
 448 0088 C9E7     		b	.L17
 449              	.LVL42:
 450              	.L20:
 116:Middlewares/ST/STM32_WPAN/ble/core/auto/ble_gatt_aci.c ****   if ( resp.Status )
 451              		.loc 1 116 12 view .LVU142
 452 008a FF20     		movs	r0, #255
 453 008c F8E7     		b	.L18
 454              		.cfi_endproc
 455              	.LFE2:
 457              		.section	.text.aci_gatt_add_char,"ax",%progbits
 458              		.align	1
 459              		.global	aci_gatt_add_char
 460              		.syntax unified
 461              		.thumb
 462              		.thumb_func
 464              	aci_gatt_add_char:
 465              	.LVL43:
 466              	.LFB3:
 122:Middlewares/ST/STM32_WPAN/ble/core/auto/ble_gatt_aci.c **** 
 123:Middlewares/ST/STM32_WPAN/ble/core/auto/ble_gatt_aci.c **** tBleStatus aci_gatt_add_char( uint16_t Service_Handle,
 124:Middlewares/ST/STM32_WPAN/ble/core/auto/ble_gatt_aci.c ****                               uint8_t Char_UUID_Type,
 125:Middlewares/ST/STM32_WPAN/ble/core/auto/ble_gatt_aci.c ****                               const Char_UUID_t* Char_UUID,
 126:Middlewares/ST/STM32_WPAN/ble/core/auto/ble_gatt_aci.c ****                               uint16_t Char_Value_Length,
 127:Middlewares/ST/STM32_WPAN/ble/core/auto/ble_gatt_aci.c ****                               uint8_t Char_Properties,
 128:Middlewares/ST/STM32_WPAN/ble/core/auto/ble_gatt_aci.c ****                               uint8_t Security_Permissions,
 129:Middlewares/ST/STM32_WPAN/ble/core/auto/ble_gatt_aci.c ****                               uint8_t GATT_Evt_Mask,
 130:Middlewares/ST/STM32_WPAN/ble/core/auto/ble_gatt_aci.c ****                               uint8_t Enc_Key_Size,
 131:Middlewares/ST/STM32_WPAN/ble/core/auto/ble_gatt_aci.c ****                               uint8_t Is_Variable,
 132:Middlewares/ST/STM32_WPAN/ble/core/auto/ble_gatt_aci.c ****                               uint16_t* Char_Handle )
 133:Middlewares/ST/STM32_WPAN/ble/core/auto/ble_gatt_aci.c **** {
 467              		.loc 1 133 1 is_stmt 1 view -0
 468              		.cfi_startproc
 469              		@ args = 24, pretend = 0, frame = 288
 470              		@ frame_needed = 0, uses_anonymous_args = 0
 471              		.loc 1 133 1 is_stmt 0 view .LVU144
 472 0000 2DE9F043 		push	{r4, r5, r6, r7, r8, r9, lr}
 473              		.cfi_def_cfa_offset 28
 474              		.cfi_offset 4, -28
 475              		.cfi_offset 5, -24
 476              		.cfi_offset 6, -20
 477              		.cfi_offset 7, -16
 478              		.cfi_offset 8, -12
 479              		.cfi_offset 9, -8
 480              		.cfi_offset 14, -4
 481 0004 C9B0     		sub	sp, sp, #292
 482              		.cfi_def_cfa_offset 320
 483 0006 0746     		mov	r7, r0
 484 0008 0C46     		mov	r4, r1
 485 000a 9046     		mov	r8, r2
 486 000c 9946     		mov	r9, r3
 134:Middlewares/ST/STM32_WPAN/ble/core/auto/ble_gatt_aci.c ****   struct hci_request rq;
 487              		.loc 1 134 3 is_stmt 1 view .LVU145
 135:Middlewares/ST/STM32_WPAN/ble/core/auto/ble_gatt_aci.c ****   uint8_t cmd_buffer[BLE_CMD_MAX_PARAM_LEN];
 488              		.loc 1 135 3 view .LVU146
 136:Middlewares/ST/STM32_WPAN/ble/core/auto/ble_gatt_aci.c ****   aci_gatt_add_char_cp0 *cp0 = (aci_gatt_add_char_cp0*)(cmd_buffer);
 489              		.loc 1 136 3 view .LVU147
ARM GAS  C:\Users\Nathan\AppData\Local\Temp\ccJAfMtd.s 			page 12


 490              	.LVL44:
 137:Middlewares/ST/STM32_WPAN/ble/core/auto/ble_gatt_aci.c ****   aci_gatt_add_char_cp1 *cp1 = (aci_gatt_add_char_cp1*)(cmd_buffer + 2 + 1 + (Char_UUID_Type == 1 ?
 491              		.loc 1 137 3 view .LVU148
 492              		.loc 1 137 76 is_stmt 0 view .LVU149
 493 000e 0129     		cmp	r1, #1
 494 0010 15D0     		beq	.L27
 495              		.loc 1 137 76 discriminator 1 view .LVU150
 496 0012 0229     		cmp	r1, #2
 497 0014 11D0     		beq	.L33
 498              		.loc 1 137 76 discriminator 4 view .LVU151
 499 0016 0325     		movs	r5, #3
 500              	.L24:
 501              		.loc 1 137 26 discriminator 5 view .LVU152
 502 0018 02AE     		add	r6, sp, #8
 503              	.LVL45:
 504              		.loc 1 137 26 discriminator 5 view .LVU153
 505 001a 3544     		add	r5, r5, r6
 506              	.LVL46:
 138:Middlewares/ST/STM32_WPAN/ble/core/auto/ble_gatt_aci.c ****   aci_gatt_add_char_rp0 resp;
 507              		.loc 1 138 3 is_stmt 1 view .LVU154
 139:Middlewares/ST/STM32_WPAN/ble/core/auto/ble_gatt_aci.c ****   Osal_MemSet( &resp, 0, sizeof(resp) );
 508              		.loc 1 139 3 view .LVU155
 509 001c 0322     		movs	r2, #3
 510              	.LVL47:
 511              		.loc 1 139 3 is_stmt 0 view .LVU156
 512 001e 0021     		movs	r1, #0
 513              	.LVL48:
 514              		.loc 1 139 3 view .LVU157
 515 0020 01A8     		add	r0, sp, #4
 516              	.LVL49:
 517              		.loc 1 139 3 view .LVU158
 518 0022 FFF7FEFF 		bl	Osal_MemSet
 519              	.LVL50:
 140:Middlewares/ST/STM32_WPAN/ble/core/auto/ble_gatt_aci.c ****   int index_input = 0;
 520              		.loc 1 140 3 is_stmt 1 view .LVU159
 141:Middlewares/ST/STM32_WPAN/ble/core/auto/ble_gatt_aci.c ****   cp0->Service_Handle = Service_Handle;
 521              		.loc 1 141 3 view .LVU160
 522              		.loc 1 141 23 is_stmt 0 view .LVU161
 523 0026 ADF80870 		strh	r7, [sp, #8]	@ movhi
 142:Middlewares/ST/STM32_WPAN/ble/core/auto/ble_gatt_aci.c ****   index_input += 2;
 524              		.loc 1 142 3 is_stmt 1 view .LVU162
 525              	.LVL51:
 143:Middlewares/ST/STM32_WPAN/ble/core/auto/ble_gatt_aci.c ****   cp0->Char_UUID_Type = Char_UUID_Type;
 526              		.loc 1 143 3 view .LVU163
 527              		.loc 1 143 23 is_stmt 0 view .LVU164
 528 002a 8DF80A40 		strb	r4, [sp, #10]
 144:Middlewares/ST/STM32_WPAN/ble/core/auto/ble_gatt_aci.c ****   index_input += 1;
 529              		.loc 1 144 3 is_stmt 1 view .LVU165
 530              	.LVL52:
 531              	.LBB5:
 145:Middlewares/ST/STM32_WPAN/ble/core/auto/ble_gatt_aci.c ****   /* var_len_data input */
 146:Middlewares/ST/STM32_WPAN/ble/core/auto/ble_gatt_aci.c ****   {
 147:Middlewares/ST/STM32_WPAN/ble/core/auto/ble_gatt_aci.c ****     uint8_t size;
 532              		.loc 1 147 5 view .LVU166
 148:Middlewares/ST/STM32_WPAN/ble/core/auto/ble_gatt_aci.c ****     switch ( Char_UUID_Type )
 533              		.loc 1 148 5 view .LVU167
 534 002e 012C     		cmp	r4, #1
ARM GAS  C:\Users\Nathan\AppData\Local\Temp\ccJAfMtd.s 			page 13


 535 0030 07D0     		beq	.L29
 536 0032 022C     		cmp	r4, #2
 537 0034 43D1     		bne	.L30
 149:Middlewares/ST/STM32_WPAN/ble/core/auto/ble_gatt_aci.c ****     {
 150:Middlewares/ST/STM32_WPAN/ble/core/auto/ble_gatt_aci.c ****       case 1: size = 2; break;
 151:Middlewares/ST/STM32_WPAN/ble/core/auto/ble_gatt_aci.c ****       case 2: size = 16; break;
 538              		.loc 1 151 20 is_stmt 0 view .LVU168
 539 0036 1024     		movs	r4, #16
 540              	.LVL53:
 541              		.loc 1 151 20 view .LVU169
 542 0038 04E0     		b	.L25
 543              	.LVL54:
 544              	.L33:
 545              		.loc 1 151 20 view .LVU170
 546              	.LBE5:
 137:Middlewares/ST/STM32_WPAN/ble/core/auto/ble_gatt_aci.c ****   aci_gatt_add_char_rp0 resp;
 547              		.loc 1 137 76 discriminator 3 view .LVU171
 548 003a 1325     		movs	r5, #19
 549 003c ECE7     		b	.L24
 550              	.L27:
 137:Middlewares/ST/STM32_WPAN/ble/core/auto/ble_gatt_aci.c ****   aci_gatt_add_char_rp0 resp;
 551              		.loc 1 137 76 discriminator 2 view .LVU172
 552 003e 0525     		movs	r5, #5
 553 0040 EAE7     		b	.L24
 554              	.LVL55:
 555              	.L29:
 556              	.LBB6:
 148:Middlewares/ST/STM32_WPAN/ble/core/auto/ble_gatt_aci.c ****     switch ( Char_UUID_Type )
 557              		.loc 1 148 5 view .LVU173
 558 0042 0224     		movs	r4, #2
 559              	.LVL56:
 560              	.L25:
 152:Middlewares/ST/STM32_WPAN/ble/core/auto/ble_gatt_aci.c ****       default: return BLE_STATUS_ERROR;
 153:Middlewares/ST/STM32_WPAN/ble/core/auto/ble_gatt_aci.c ****     }
 154:Middlewares/ST/STM32_WPAN/ble/core/auto/ble_gatt_aci.c ****     Osal_MemCpy( (void*)&cp0->Char_UUID, (const void*)Char_UUID, size );
 561              		.loc 1 154 5 is_stmt 1 view .LVU174
 562 0044 2246     		mov	r2, r4
 563 0046 4146     		mov	r1, r8
 564 0048 0DF10B00 		add	r0, sp, #11
 565 004c FFF7FEFF 		bl	Osal_MemCpy
 566              	.LVL57:
 155:Middlewares/ST/STM32_WPAN/ble/core/auto/ble_gatt_aci.c ****     index_input += size;
 567              		.loc 1 155 5 view .LVU175
 156:Middlewares/ST/STM32_WPAN/ble/core/auto/ble_gatt_aci.c ****     {
 157:Middlewares/ST/STM32_WPAN/ble/core/auto/ble_gatt_aci.c ****       cp1->Char_Value_Length = Char_Value_Length;
 568              		.loc 1 157 7 view .LVU176
 569              		.loc 1 157 30 is_stmt 0 view .LVU177
 570 0050 4B46     		mov	r3, r9
 571 0052 2B80     		strh	r3, [r5]	@ unaligned
 158:Middlewares/ST/STM32_WPAN/ble/core/auto/ble_gatt_aci.c ****     }
 159:Middlewares/ST/STM32_WPAN/ble/core/auto/ble_gatt_aci.c ****     index_input += 2;
 572              		.loc 1 159 5 is_stmt 1 view .LVU178
 573              	.LVL58:
 160:Middlewares/ST/STM32_WPAN/ble/core/auto/ble_gatt_aci.c ****     {
 161:Middlewares/ST/STM32_WPAN/ble/core/auto/ble_gatt_aci.c ****       cp1->Char_Properties = Char_Properties;
 574              		.loc 1 161 7 view .LVU179
 575              		.loc 1 161 28 is_stmt 0 view .LVU180
ARM GAS  C:\Users\Nathan\AppData\Local\Temp\ccJAfMtd.s 			page 14


 576 0054 9DF84031 		ldrb	r3, [sp, #320]	@ zero_extendqisi2
 577 0058 AB70     		strb	r3, [r5, #2]
 162:Middlewares/ST/STM32_WPAN/ble/core/auto/ble_gatt_aci.c ****     }
 163:Middlewares/ST/STM32_WPAN/ble/core/auto/ble_gatt_aci.c ****     index_input += 1;
 578              		.loc 1 163 5 is_stmt 1 view .LVU181
 579              	.LVL59:
 164:Middlewares/ST/STM32_WPAN/ble/core/auto/ble_gatt_aci.c ****     {
 165:Middlewares/ST/STM32_WPAN/ble/core/auto/ble_gatt_aci.c ****       cp1->Security_Permissions = Security_Permissions;
 580              		.loc 1 165 7 view .LVU182
 581              		.loc 1 165 33 is_stmt 0 view .LVU183
 582 005a 9DF84431 		ldrb	r3, [sp, #324]	@ zero_extendqisi2
 583 005e EB70     		strb	r3, [r5, #3]
 166:Middlewares/ST/STM32_WPAN/ble/core/auto/ble_gatt_aci.c ****     }
 167:Middlewares/ST/STM32_WPAN/ble/core/auto/ble_gatt_aci.c ****     index_input += 1;
 584              		.loc 1 167 5 is_stmt 1 view .LVU184
 585              	.LVL60:
 168:Middlewares/ST/STM32_WPAN/ble/core/auto/ble_gatt_aci.c ****     {
 169:Middlewares/ST/STM32_WPAN/ble/core/auto/ble_gatt_aci.c ****       cp1->GATT_Evt_Mask = GATT_Evt_Mask;
 586              		.loc 1 169 7 view .LVU185
 587              		.loc 1 169 26 is_stmt 0 view .LVU186
 588 0060 9DF84831 		ldrb	r3, [sp, #328]	@ zero_extendqisi2
 589 0064 2B71     		strb	r3, [r5, #4]
 170:Middlewares/ST/STM32_WPAN/ble/core/auto/ble_gatt_aci.c ****     }
 171:Middlewares/ST/STM32_WPAN/ble/core/auto/ble_gatt_aci.c ****     index_input += 1;
 590              		.loc 1 171 5 is_stmt 1 view .LVU187
 591              	.LVL61:
 172:Middlewares/ST/STM32_WPAN/ble/core/auto/ble_gatt_aci.c ****     {
 173:Middlewares/ST/STM32_WPAN/ble/core/auto/ble_gatt_aci.c ****       cp1->Enc_Key_Size = Enc_Key_Size;
 592              		.loc 1 173 7 view .LVU188
 593              		.loc 1 173 25 is_stmt 0 view .LVU189
 594 0066 9DF84C31 		ldrb	r3, [sp, #332]	@ zero_extendqisi2
 595 006a 6B71     		strb	r3, [r5, #5]
 174:Middlewares/ST/STM32_WPAN/ble/core/auto/ble_gatt_aci.c ****     }
 175:Middlewares/ST/STM32_WPAN/ble/core/auto/ble_gatt_aci.c ****     index_input += 1;
 596              		.loc 1 175 5 is_stmt 1 view .LVU190
 597              	.LVL62:
 176:Middlewares/ST/STM32_WPAN/ble/core/auto/ble_gatt_aci.c ****     {
 177:Middlewares/ST/STM32_WPAN/ble/core/auto/ble_gatt_aci.c ****       cp1->Is_Variable = Is_Variable;
 598              		.loc 1 177 7 view .LVU191
 599              		.loc 1 177 24 is_stmt 0 view .LVU192
 600 006c 9DF85031 		ldrb	r3, [sp, #336]	@ zero_extendqisi2
 601 0070 AB71     		strb	r3, [r5, #6]
 178:Middlewares/ST/STM32_WPAN/ble/core/auto/ble_gatt_aci.c ****     }
 179:Middlewares/ST/STM32_WPAN/ble/core/auto/ble_gatt_aci.c ****     index_input += 1;
 602              		.loc 1 179 5 is_stmt 1 view .LVU193
 603              		.loc 1 179 17 is_stmt 0 view .LVU194
 604 0072 0A34     		adds	r4, r4, #10
 605              	.LVL63:
 606              		.loc 1 179 17 view .LVU195
 607              	.LBE6:
 180:Middlewares/ST/STM32_WPAN/ble/core/auto/ble_gatt_aci.c ****   }
 181:Middlewares/ST/STM32_WPAN/ble/core/auto/ble_gatt_aci.c ****   Osal_MemSet( &rq, 0, sizeof(rq) );
 608              		.loc 1 181 3 is_stmt 1 view .LVU196
 609 0074 42AD     		add	r5, sp, #264
 610              	.LVL64:
 611              		.loc 1 181 3 is_stmt 0 view .LVU197
 612 0076 1822     		movs	r2, #24
ARM GAS  C:\Users\Nathan\AppData\Local\Temp\ccJAfMtd.s 			page 15


 613 0078 0021     		movs	r1, #0
 614 007a 2846     		mov	r0, r5
 615 007c FFF7FEFF 		bl	Osal_MemSet
 616              	.LVL65:
 182:Middlewares/ST/STM32_WPAN/ble/core/auto/ble_gatt_aci.c ****   rq.ogf = 0x3f;
 617              		.loc 1 182 3 is_stmt 1 view .LVU198
 618              		.loc 1 182 10 is_stmt 0 view .LVU199
 619 0080 3F23     		movs	r3, #63
 620 0082 ADF80831 		strh	r3, [sp, #264]	@ movhi
 183:Middlewares/ST/STM32_WPAN/ble/core/auto/ble_gatt_aci.c ****   rq.ocf = 0x104;
 621              		.loc 1 183 3 is_stmt 1 view .LVU200
 622              		.loc 1 183 10 is_stmt 0 view .LVU201
 623 0086 4FF48273 		mov	r3, #260
 624 008a ADF80A31 		strh	r3, [sp, #266]	@ movhi
 184:Middlewares/ST/STM32_WPAN/ble/core/auto/ble_gatt_aci.c ****   rq.cparam = cmd_buffer;
 625              		.loc 1 184 3 is_stmt 1 view .LVU202
 626              		.loc 1 184 13 is_stmt 0 view .LVU203
 627 008e 02AB     		add	r3, sp, #8
 628 0090 4493     		str	r3, [sp, #272]
 185:Middlewares/ST/STM32_WPAN/ble/core/auto/ble_gatt_aci.c ****   rq.clen = index_input;
 629              		.loc 1 185 3 is_stmt 1 view .LVU204
 630              		.loc 1 185 11 is_stmt 0 view .LVU205
 631 0092 4594     		str	r4, [sp, #276]
 186:Middlewares/ST/STM32_WPAN/ble/core/auto/ble_gatt_aci.c ****   rq.rparam = &resp;
 632              		.loc 1 186 3 is_stmt 1 view .LVU206
 633              		.loc 1 186 13 is_stmt 0 view .LVU207
 634 0094 01AB     		add	r3, sp, #4
 635 0096 4693     		str	r3, [sp, #280]
 187:Middlewares/ST/STM32_WPAN/ble/core/auto/ble_gatt_aci.c ****   rq.rlen = sizeof(resp);
 636              		.loc 1 187 3 is_stmt 1 view .LVU208
 637              		.loc 1 187 11 is_stmt 0 view .LVU209
 638 0098 0323     		movs	r3, #3
 639 009a 4793     		str	r3, [sp, #284]
 188:Middlewares/ST/STM32_WPAN/ble/core/auto/ble_gatt_aci.c ****   if ( hci_send_req(&rq, FALSE) < 0 )
 640              		.loc 1 188 3 is_stmt 1 view .LVU210
 641              		.loc 1 188 8 is_stmt 0 view .LVU211
 642 009c 0021     		movs	r1, #0
 643 009e 2846     		mov	r0, r5
 644 00a0 FFF7FEFF 		bl	hci_send_req
 645              	.LVL66:
 646              		.loc 1 188 6 discriminator 1 view .LVU212
 647 00a4 0028     		cmp	r0, #0
 648 00a6 0CDB     		blt	.L31
 189:Middlewares/ST/STM32_WPAN/ble/core/auto/ble_gatt_aci.c ****     return BLE_STATUS_TIMEOUT;
 190:Middlewares/ST/STM32_WPAN/ble/core/auto/ble_gatt_aci.c ****   if ( resp.Status )
 649              		.loc 1 190 3 is_stmt 1 view .LVU213
 650              		.loc 1 190 12 is_stmt 0 view .LVU214
 651 00a8 01AB     		add	r3, sp, #4
 652 00aa 9DF80400 		ldrb	r0, [sp, #4]	@ zero_extendqisi2
 653              		.loc 1 190 6 view .LVU215
 654 00ae 18B9     		cbnz	r0, .L26
 191:Middlewares/ST/STM32_WPAN/ble/core/auto/ble_gatt_aci.c ****     return resp.Status;
 192:Middlewares/ST/STM32_WPAN/ble/core/auto/ble_gatt_aci.c ****   *Char_Handle = resp.Char_Handle;
 655              		.loc 1 192 3 is_stmt 1 view .LVU216
 656              		.loc 1 192 22 is_stmt 0 view .LVU217
 657 00b0 B3F80120 		ldrh	r2, [r3, #1]	@ unaligned
 658              		.loc 1 192 16 view .LVU218
ARM GAS  C:\Users\Nathan\AppData\Local\Temp\ccJAfMtd.s 			page 16


 659 00b4 559B     		ldr	r3, [sp, #340]
 660 00b6 1A80     		strh	r2, [r3]	@ movhi
 193:Middlewares/ST/STM32_WPAN/ble/core/auto/ble_gatt_aci.c ****   return BLE_STATUS_SUCCESS;
 661              		.loc 1 193 3 is_stmt 1 view .LVU219
 662              	.LVL67:
 663              	.L26:
 194:Middlewares/ST/STM32_WPAN/ble/core/auto/ble_gatt_aci.c **** }
 664              		.loc 1 194 1 is_stmt 0 view .LVU220
 665 00b8 49B0     		add	sp, sp, #292
 666              		.cfi_remember_state
 667              		.cfi_def_cfa_offset 28
 668              		@ sp needed
 669 00ba BDE8F083 		pop	{r4, r5, r6, r7, r8, r9, pc}
 670              	.LVL68:
 671              	.L30:
 672              		.cfi_restore_state
 673              	.LBB7:
 148:Middlewares/ST/STM32_WPAN/ble/core/auto/ble_gatt_aci.c ****     {
 674              		.loc 1 148 5 view .LVU221
 675 00be 9720     		movs	r0, #151
 676 00c0 FAE7     		b	.L26
 677              	.LVL69:
 678              	.L31:
 148:Middlewares/ST/STM32_WPAN/ble/core/auto/ble_gatt_aci.c ****     {
 679              		.loc 1 148 5 view .LVU222
 680              	.LBE7:
 189:Middlewares/ST/STM32_WPAN/ble/core/auto/ble_gatt_aci.c ****   if ( resp.Status )
 681              		.loc 1 189 12 view .LVU223
 682 00c2 FF20     		movs	r0, #255
 683 00c4 F8E7     		b	.L26
 684              		.cfi_endproc
 685              	.LFE3:
 687              		.section	.text.aci_gatt_add_char_desc,"ax",%progbits
 688              		.align	1
 689              		.global	aci_gatt_add_char_desc
 690              		.syntax unified
 691              		.thumb
 692              		.thumb_func
 694              	aci_gatt_add_char_desc:
 695              	.LVL70:
 696              	.LFB4:
 195:Middlewares/ST/STM32_WPAN/ble/core/auto/ble_gatt_aci.c **** 
 196:Middlewares/ST/STM32_WPAN/ble/core/auto/ble_gatt_aci.c **** tBleStatus aci_gatt_add_char_desc( uint16_t Service_Handle,
 197:Middlewares/ST/STM32_WPAN/ble/core/auto/ble_gatt_aci.c ****                                    uint16_t Char_Handle,
 198:Middlewares/ST/STM32_WPAN/ble/core/auto/ble_gatt_aci.c ****                                    uint8_t Char_Desc_Uuid_Type,
 199:Middlewares/ST/STM32_WPAN/ble/core/auto/ble_gatt_aci.c ****                                    const Char_Desc_Uuid_t* Char_Desc_Uuid,
 200:Middlewares/ST/STM32_WPAN/ble/core/auto/ble_gatt_aci.c ****                                    uint8_t Char_Desc_Value_Max_Len,
 201:Middlewares/ST/STM32_WPAN/ble/core/auto/ble_gatt_aci.c ****                                    uint8_t Char_Desc_Value_Length,
 202:Middlewares/ST/STM32_WPAN/ble/core/auto/ble_gatt_aci.c ****                                    const uint8_t* Char_Desc_Value,
 203:Middlewares/ST/STM32_WPAN/ble/core/auto/ble_gatt_aci.c ****                                    uint8_t Security_Permissions,
 204:Middlewares/ST/STM32_WPAN/ble/core/auto/ble_gatt_aci.c ****                                    uint8_t Access_Permissions,
 205:Middlewares/ST/STM32_WPAN/ble/core/auto/ble_gatt_aci.c ****                                    uint8_t GATT_Evt_Mask,
 206:Middlewares/ST/STM32_WPAN/ble/core/auto/ble_gatt_aci.c ****                                    uint8_t Enc_Key_Size,
 207:Middlewares/ST/STM32_WPAN/ble/core/auto/ble_gatt_aci.c ****                                    uint8_t Is_Variable,
 208:Middlewares/ST/STM32_WPAN/ble/core/auto/ble_gatt_aci.c ****                                    uint16_t* Char_Desc_Handle )
 209:Middlewares/ST/STM32_WPAN/ble/core/auto/ble_gatt_aci.c **** {
 697              		.loc 1 209 1 is_stmt 1 view -0
ARM GAS  C:\Users\Nathan\AppData\Local\Temp\ccJAfMtd.s 			page 17


 698              		.cfi_startproc
 699              		@ args = 36, pretend = 0, frame = 296
 700              		@ frame_needed = 0, uses_anonymous_args = 0
 701              		.loc 1 209 1 is_stmt 0 view .LVU225
 702 0000 2DE9F04F 		push	{r4, r5, r6, r7, r8, r9, r10, fp, lr}
 703              		.cfi_def_cfa_offset 36
 704              		.cfi_offset 4, -36
 705              		.cfi_offset 5, -32
 706              		.cfi_offset 6, -28
 707              		.cfi_offset 7, -24
 708              		.cfi_offset 8, -20
 709              		.cfi_offset 9, -16
 710              		.cfi_offset 10, -12
 711              		.cfi_offset 11, -8
 712              		.cfi_offset 14, -4
 713 0004 CBB0     		sub	sp, sp, #300
 714              		.cfi_def_cfa_offset 336
 715 0006 8246     		mov	r10, r0
 716 0008 8B46     		mov	fp, r1
 717 000a 1446     		mov	r4, r2
 718 000c 0193     		str	r3, [sp, #4]
 719 000e 9DF85451 		ldrb	r5, [sp, #340]	@ zero_extendqisi2
 210:Middlewares/ST/STM32_WPAN/ble/core/auto/ble_gatt_aci.c ****   struct hci_request rq;
 720              		.loc 1 210 3 is_stmt 1 view .LVU226
 211:Middlewares/ST/STM32_WPAN/ble/core/auto/ble_gatt_aci.c ****   uint8_t cmd_buffer[BLE_CMD_MAX_PARAM_LEN];
 721              		.loc 1 211 3 view .LVU227
 212:Middlewares/ST/STM32_WPAN/ble/core/auto/ble_gatt_aci.c ****   aci_gatt_add_char_desc_cp0 *cp0 = (aci_gatt_add_char_desc_cp0*)(cmd_buffer);
 722              		.loc 1 212 3 view .LVU228
 723              	.LVL71:
 213:Middlewares/ST/STM32_WPAN/ble/core/auto/ble_gatt_aci.c ****   aci_gatt_add_char_desc_cp1 *cp1 = (aci_gatt_add_char_desc_cp1*)(cmd_buffer + 2 + 2 + 1 + (Char_De
 724              		.loc 1 213 3 view .LVU229
 725              		.loc 1 213 90 is_stmt 0 view .LVU230
 726 0012 012A     		cmp	r2, #1
 727 0014 1FD0     		beq	.L39
 728              		.loc 1 213 90 discriminator 1 view .LVU231
 729 0016 022A     		cmp	r2, #2
 730 0018 18D0     		beq	.L46
 731 001a 0DF11509 		add	r9, sp, #21
 732              	.L36:
 214:Middlewares/ST/STM32_WPAN/ble/core/auto/ble_gatt_aci.c ****   aci_gatt_add_char_desc_cp2 *cp2 = (aci_gatt_add_char_desc_cp2*)(cmd_buffer + 2 + 2 + 1 + (Char_De
 733              		.loc 1 214 165 discriminator 1 view .LVU232
 734 001e 022C     		cmp	r4, #2
 735 0020 17D0     		beq	.L47
 736              		.loc 1 214 165 discriminator 4 view .LVU233
 737 0022 0727     		movs	r7, #7
 738              	.L35:
 739              		.loc 1 214 169 discriminator 5 view .LVU234
 740 0024 2F44     		add	r7, r7, r5
 741              		.loc 1 214 31 discriminator 5 view .LVU235
 742 0026 04AE     		add	r6, sp, #16
 743              	.LVL72:
 744              		.loc 1 214 31 discriminator 5 view .LVU236
 745 0028 06EB0708 		add	r8, r6, r7
 746              	.LVL73:
 215:Middlewares/ST/STM32_WPAN/ble/core/auto/ble_gatt_aci.c ****   aci_gatt_add_char_desc_rp0 resp;
 747              		.loc 1 215 3 is_stmt 1 view .LVU237
 216:Middlewares/ST/STM32_WPAN/ble/core/auto/ble_gatt_aci.c ****   Osal_MemSet( &resp, 0, sizeof(resp) );
ARM GAS  C:\Users\Nathan\AppData\Local\Temp\ccJAfMtd.s 			page 18


 748              		.loc 1 216 3 view .LVU238
 749 002c 0322     		movs	r2, #3
 750              	.LVL74:
 751              		.loc 1 216 3 is_stmt 0 view .LVU239
 752 002e 0021     		movs	r1, #0
 753              	.LVL75:
 754              		.loc 1 216 3 view .LVU240
 755 0030 03A8     		add	r0, sp, #12
 756              	.LVL76:
 757              		.loc 1 216 3 view .LVU241
 758 0032 FFF7FEFF 		bl	Osal_MemSet
 759              	.LVL77:
 217:Middlewares/ST/STM32_WPAN/ble/core/auto/ble_gatt_aci.c ****   int index_input = 0;
 760              		.loc 1 217 3 is_stmt 1 view .LVU242
 218:Middlewares/ST/STM32_WPAN/ble/core/auto/ble_gatt_aci.c ****   cp0->Service_Handle = Service_Handle;
 761              		.loc 1 218 3 view .LVU243
 762              		.loc 1 218 23 is_stmt 0 view .LVU244
 763 0036 A6F800A0 		strh	r10, [r6]	@ movhi
 219:Middlewares/ST/STM32_WPAN/ble/core/auto/ble_gatt_aci.c ****   index_input += 2;
 764              		.loc 1 219 3 is_stmt 1 view .LVU245
 765              	.LVL78:
 220:Middlewares/ST/STM32_WPAN/ble/core/auto/ble_gatt_aci.c ****   cp0->Char_Handle = Char_Handle;
 766              		.loc 1 220 3 view .LVU246
 767              		.loc 1 220 20 is_stmt 0 view .LVU247
 768 003a A6F802B0 		strh	fp, [r6, #2]	@ movhi
 221:Middlewares/ST/STM32_WPAN/ble/core/auto/ble_gatt_aci.c ****   index_input += 2;
 769              		.loc 1 221 3 is_stmt 1 view .LVU248
 770              	.LVL79:
 222:Middlewares/ST/STM32_WPAN/ble/core/auto/ble_gatt_aci.c ****   cp0->Char_Desc_Uuid_Type = Char_Desc_Uuid_Type;
 771              		.loc 1 222 3 view .LVU249
 772              		.loc 1 222 28 is_stmt 0 view .LVU250
 773 003e 3471     		strb	r4, [r6, #4]
 223:Middlewares/ST/STM32_WPAN/ble/core/auto/ble_gatt_aci.c ****   index_input += 1;
 774              		.loc 1 223 3 is_stmt 1 view .LVU251
 775              	.LVL80:
 776              	.LBB8:
 224:Middlewares/ST/STM32_WPAN/ble/core/auto/ble_gatt_aci.c ****   /* var_len_data input */
 225:Middlewares/ST/STM32_WPAN/ble/core/auto/ble_gatt_aci.c ****   {
 226:Middlewares/ST/STM32_WPAN/ble/core/auto/ble_gatt_aci.c ****     uint8_t size;
 777              		.loc 1 226 5 view .LVU252
 227:Middlewares/ST/STM32_WPAN/ble/core/auto/ble_gatt_aci.c ****     switch ( Char_Desc_Uuid_Type )
 778              		.loc 1 227 5 view .LVU253
 779 0040 012C     		cmp	r4, #1
 780 0042 0CD0     		beq	.L42
 781 0044 022C     		cmp	r4, #2
 782 0046 58D1     		bne	.L43
 228:Middlewares/ST/STM32_WPAN/ble/core/auto/ble_gatt_aci.c ****     {
 229:Middlewares/ST/STM32_WPAN/ble/core/auto/ble_gatt_aci.c ****       case 1: size = 2; break;
 230:Middlewares/ST/STM32_WPAN/ble/core/auto/ble_gatt_aci.c ****       case 2: size = 16; break;
 783              		.loc 1 230 20 is_stmt 0 view .LVU254
 784 0048 1024     		movs	r4, #16
 785              	.LVL81:
 786              		.loc 1 230 20 view .LVU255
 787 004a 09E0     		b	.L37
 788              	.LVL82:
 789              	.L46:
 790              		.loc 1 230 20 view .LVU256
ARM GAS  C:\Users\Nathan\AppData\Local\Temp\ccJAfMtd.s 			page 19


 791              	.LBE8:
 213:Middlewares/ST/STM32_WPAN/ble/core/auto/ble_gatt_aci.c ****   aci_gatt_add_char_desc_cp2 *cp2 = (aci_gatt_add_char_desc_cp2*)(cmd_buffer + 2 + 2 + 1 + (Char_De
 792              		.loc 1 213 31 discriminator 5 view .LVU257
 793 004c 0DF12509 		add	r9, sp, #37
 794 0050 E5E7     		b	.L36
 795              	.L47:
 214:Middlewares/ST/STM32_WPAN/ble/core/auto/ble_gatt_aci.c ****   aci_gatt_add_char_desc_rp0 resp;
 796              		.loc 1 214 165 discriminator 3 view .LVU258
 797 0052 1727     		movs	r7, #23
 798 0054 E6E7     		b	.L35
 799              	.L39:
 213:Middlewares/ST/STM32_WPAN/ble/core/auto/ble_gatt_aci.c ****   aci_gatt_add_char_desc_cp2 *cp2 = (aci_gatt_add_char_desc_cp2*)(cmd_buffer + 2 + 2 + 1 + (Char_De
 800              		.loc 1 213 31 discriminator 5 view .LVU259
 801 0056 0DF11709 		add	r9, sp, #23
 214:Middlewares/ST/STM32_WPAN/ble/core/auto/ble_gatt_aci.c ****   aci_gatt_add_char_desc_rp0 resp;
 802              		.loc 1 214 165 discriminator 2 view .LVU260
 803 005a 0927     		movs	r7, #9
 804 005c E2E7     		b	.L35
 805              	.LVL83:
 806              	.L42:
 807              	.LBB9:
 227:Middlewares/ST/STM32_WPAN/ble/core/auto/ble_gatt_aci.c ****     {
 808              		.loc 1 227 5 view .LVU261
 809 005e 0224     		movs	r4, #2
 810              	.LVL84:
 811              	.L37:
 231:Middlewares/ST/STM32_WPAN/ble/core/auto/ble_gatt_aci.c ****       default: return BLE_STATUS_ERROR;
 232:Middlewares/ST/STM32_WPAN/ble/core/auto/ble_gatt_aci.c ****     }
 233:Middlewares/ST/STM32_WPAN/ble/core/auto/ble_gatt_aci.c ****     Osal_MemCpy( (void*)&cp0->Char_Desc_Uuid, (const void*)Char_Desc_Uuid, size );
 812              		.loc 1 233 5 is_stmt 1 view .LVU262
 813 0060 2246     		mov	r2, r4
 814 0062 0199     		ldr	r1, [sp, #4]
 815 0064 0DF11500 		add	r0, sp, #21
 816 0068 FFF7FEFF 		bl	Osal_MemCpy
 817              	.LVL85:
 234:Middlewares/ST/STM32_WPAN/ble/core/auto/ble_gatt_aci.c ****     index_input += size;
 818              		.loc 1 234 5 view .LVU263
 235:Middlewares/ST/STM32_WPAN/ble/core/auto/ble_gatt_aci.c ****     {
 236:Middlewares/ST/STM32_WPAN/ble/core/auto/ble_gatt_aci.c ****       cp1->Char_Desc_Value_Max_Len = Char_Desc_Value_Max_Len;
 819              		.loc 1 236 7 view .LVU264
 820              		.loc 1 236 36 is_stmt 0 view .LVU265
 821 006c 9DF85031 		ldrb	r3, [sp, #336]	@ zero_extendqisi2
 822 0070 89F80030 		strb	r3, [r9]
 237:Middlewares/ST/STM32_WPAN/ble/core/auto/ble_gatt_aci.c ****     }
 238:Middlewares/ST/STM32_WPAN/ble/core/auto/ble_gatt_aci.c ****     index_input += 1;
 823              		.loc 1 238 5 is_stmt 1 view .LVU266
 824              	.LVL86:
 239:Middlewares/ST/STM32_WPAN/ble/core/auto/ble_gatt_aci.c ****     {
 240:Middlewares/ST/STM32_WPAN/ble/core/auto/ble_gatt_aci.c ****       cp1->Char_Desc_Value_Length = Char_Desc_Value_Length;
 825              		.loc 1 240 7 view .LVU267
 826              		.loc 1 240 35 is_stmt 0 view .LVU268
 827 0074 89F80150 		strb	r5, [r9, #1]
 241:Middlewares/ST/STM32_WPAN/ble/core/auto/ble_gatt_aci.c ****     }
 242:Middlewares/ST/STM32_WPAN/ble/core/auto/ble_gatt_aci.c ****     index_input += 1;
 828              		.loc 1 242 5 is_stmt 1 view .LVU269
 829              		.loc 1 242 17 is_stmt 0 view .LVU270
 830 0078 0734     		adds	r4, r4, #7
ARM GAS  C:\Users\Nathan\AppData\Local\Temp\ccJAfMtd.s 			page 20


 831              	.LVL87:
 243:Middlewares/ST/STM32_WPAN/ble/core/auto/ble_gatt_aci.c ****     Osal_MemCpy( (void*)&cp1->Char_Desc_Value, (const void*)Char_Desc_Value, Char_Desc_Value_Length
 832              		.loc 1 243 5 is_stmt 1 view .LVU271
 833 007a 2A46     		mov	r2, r5
 834 007c 5699     		ldr	r1, [sp, #344]
 835 007e 09F10200 		add	r0, r9, #2
 836 0082 FFF7FEFF 		bl	Osal_MemCpy
 837              	.LVL88:
 244:Middlewares/ST/STM32_WPAN/ble/core/auto/ble_gatt_aci.c ****     index_input += Char_Desc_Value_Length;
 838              		.loc 1 244 5 view .LVU272
 839              		.loc 1 244 17 is_stmt 0 view .LVU273
 840 0086 2544     		add	r5, r5, r4
 841              	.LVL89:
 245:Middlewares/ST/STM32_WPAN/ble/core/auto/ble_gatt_aci.c ****     {
 246:Middlewares/ST/STM32_WPAN/ble/core/auto/ble_gatt_aci.c ****       cp2->Security_Permissions = Security_Permissions;
 842              		.loc 1 246 7 is_stmt 1 view .LVU274
 843              		.loc 1 246 33 is_stmt 0 view .LVU275
 844 0088 9DF85C31 		ldrb	r3, [sp, #348]	@ zero_extendqisi2
 845 008c F355     		strb	r3, [r6, r7]
 247:Middlewares/ST/STM32_WPAN/ble/core/auto/ble_gatt_aci.c ****     }
 248:Middlewares/ST/STM32_WPAN/ble/core/auto/ble_gatt_aci.c ****     index_input += 1;
 846              		.loc 1 248 5 is_stmt 1 view .LVU276
 847              	.LVL90:
 249:Middlewares/ST/STM32_WPAN/ble/core/auto/ble_gatt_aci.c ****     {
 250:Middlewares/ST/STM32_WPAN/ble/core/auto/ble_gatt_aci.c ****       cp2->Access_Permissions = Access_Permissions;
 848              		.loc 1 250 7 view .LVU277
 849              		.loc 1 250 31 is_stmt 0 view .LVU278
 850 008e 9DF86031 		ldrb	r3, [sp, #352]	@ zero_extendqisi2
 851 0092 88F80130 		strb	r3, [r8, #1]
 251:Middlewares/ST/STM32_WPAN/ble/core/auto/ble_gatt_aci.c ****     }
 252:Middlewares/ST/STM32_WPAN/ble/core/auto/ble_gatt_aci.c ****     index_input += 1;
 852              		.loc 1 252 5 is_stmt 1 view .LVU279
 853              	.LVL91:
 253:Middlewares/ST/STM32_WPAN/ble/core/auto/ble_gatt_aci.c ****     {
 254:Middlewares/ST/STM32_WPAN/ble/core/auto/ble_gatt_aci.c ****       cp2->GATT_Evt_Mask = GATT_Evt_Mask;
 854              		.loc 1 254 7 view .LVU280
 855              		.loc 1 254 26 is_stmt 0 view .LVU281
 856 0096 9DF86431 		ldrb	r3, [sp, #356]	@ zero_extendqisi2
 857 009a 88F80230 		strb	r3, [r8, #2]
 255:Middlewares/ST/STM32_WPAN/ble/core/auto/ble_gatt_aci.c ****     }
 256:Middlewares/ST/STM32_WPAN/ble/core/auto/ble_gatt_aci.c ****     index_input += 1;
 858              		.loc 1 256 5 is_stmt 1 view .LVU282
 859              	.LVL92:
 257:Middlewares/ST/STM32_WPAN/ble/core/auto/ble_gatt_aci.c ****     {
 258:Middlewares/ST/STM32_WPAN/ble/core/auto/ble_gatt_aci.c ****       cp2->Enc_Key_Size = Enc_Key_Size;
 860              		.loc 1 258 7 view .LVU283
 861              		.loc 1 258 25 is_stmt 0 view .LVU284
 862 009e 9DF86831 		ldrb	r3, [sp, #360]	@ zero_extendqisi2
 863 00a2 88F80330 		strb	r3, [r8, #3]
 259:Middlewares/ST/STM32_WPAN/ble/core/auto/ble_gatt_aci.c ****     }
 260:Middlewares/ST/STM32_WPAN/ble/core/auto/ble_gatt_aci.c ****     index_input += 1;
 864              		.loc 1 260 5 is_stmt 1 view .LVU285
 865              	.LVL93:
 261:Middlewares/ST/STM32_WPAN/ble/core/auto/ble_gatt_aci.c ****     {
 262:Middlewares/ST/STM32_WPAN/ble/core/auto/ble_gatt_aci.c ****       cp2->Is_Variable = Is_Variable;
 866              		.loc 1 262 7 view .LVU286
 867              		.loc 1 262 24 is_stmt 0 view .LVU287
ARM GAS  C:\Users\Nathan\AppData\Local\Temp\ccJAfMtd.s 			page 21


 868 00a6 9DF86C31 		ldrb	r3, [sp, #364]	@ zero_extendqisi2
 869 00aa 88F80430 		strb	r3, [r8, #4]
 263:Middlewares/ST/STM32_WPAN/ble/core/auto/ble_gatt_aci.c ****     }
 264:Middlewares/ST/STM32_WPAN/ble/core/auto/ble_gatt_aci.c ****     index_input += 1;
 870              		.loc 1 264 5 is_stmt 1 view .LVU288
 871              		.loc 1 264 17 is_stmt 0 view .LVU289
 872 00ae 0535     		adds	r5, r5, #5
 873              	.LVL94:
 874              		.loc 1 264 17 view .LVU290
 875              	.LBE9:
 265:Middlewares/ST/STM32_WPAN/ble/core/auto/ble_gatt_aci.c ****   }
 266:Middlewares/ST/STM32_WPAN/ble/core/auto/ble_gatt_aci.c ****   Osal_MemSet( &rq, 0, sizeof(rq) );
 876              		.loc 1 266 3 is_stmt 1 view .LVU291
 877 00b0 44AC     		add	r4, sp, #272
 878              	.LVL95:
 879              		.loc 1 266 3 is_stmt 0 view .LVU292
 880 00b2 1822     		movs	r2, #24
 881 00b4 0021     		movs	r1, #0
 882 00b6 2046     		mov	r0, r4
 883 00b8 FFF7FEFF 		bl	Osal_MemSet
 884              	.LVL96:
 267:Middlewares/ST/STM32_WPAN/ble/core/auto/ble_gatt_aci.c ****   rq.ogf = 0x3f;
 885              		.loc 1 267 3 is_stmt 1 view .LVU293
 886              		.loc 1 267 10 is_stmt 0 view .LVU294
 887 00bc 3F23     		movs	r3, #63
 888 00be ADF81031 		strh	r3, [sp, #272]	@ movhi
 268:Middlewares/ST/STM32_WPAN/ble/core/auto/ble_gatt_aci.c ****   rq.ocf = 0x105;
 889              		.loc 1 268 3 is_stmt 1 view .LVU295
 890              		.loc 1 268 10 is_stmt 0 view .LVU296
 891 00c2 40F20513 		movw	r3, #261
 892 00c6 ADF81231 		strh	r3, [sp, #274]	@ movhi
 269:Middlewares/ST/STM32_WPAN/ble/core/auto/ble_gatt_aci.c ****   rq.cparam = cmd_buffer;
 893              		.loc 1 269 3 is_stmt 1 view .LVU297
 894              		.loc 1 269 13 is_stmt 0 view .LVU298
 895 00ca 04AB     		add	r3, sp, #16
 896 00cc 4693     		str	r3, [sp, #280]
 270:Middlewares/ST/STM32_WPAN/ble/core/auto/ble_gatt_aci.c ****   rq.clen = index_input;
 897              		.loc 1 270 3 is_stmt 1 view .LVU299
 898              		.loc 1 270 11 is_stmt 0 view .LVU300
 899 00ce 4795     		str	r5, [sp, #284]
 271:Middlewares/ST/STM32_WPAN/ble/core/auto/ble_gatt_aci.c ****   rq.rparam = &resp;
 900              		.loc 1 271 3 is_stmt 1 view .LVU301
 901              		.loc 1 271 13 is_stmt 0 view .LVU302
 902 00d0 03AB     		add	r3, sp, #12
 903 00d2 4893     		str	r3, [sp, #288]
 272:Middlewares/ST/STM32_WPAN/ble/core/auto/ble_gatt_aci.c ****   rq.rlen = sizeof(resp);
 904              		.loc 1 272 3 is_stmt 1 view .LVU303
 905              		.loc 1 272 11 is_stmt 0 view .LVU304
 906 00d4 0323     		movs	r3, #3
 907 00d6 4993     		str	r3, [sp, #292]
 273:Middlewares/ST/STM32_WPAN/ble/core/auto/ble_gatt_aci.c ****   if ( hci_send_req(&rq, FALSE) < 0 )
 908              		.loc 1 273 3 is_stmt 1 view .LVU305
 909              		.loc 1 273 8 is_stmt 0 view .LVU306
 910 00d8 0021     		movs	r1, #0
 911 00da 2046     		mov	r0, r4
 912 00dc FFF7FEFF 		bl	hci_send_req
 913              	.LVL97:
ARM GAS  C:\Users\Nathan\AppData\Local\Temp\ccJAfMtd.s 			page 22


 914              		.loc 1 273 6 discriminator 1 view .LVU307
 915 00e0 0028     		cmp	r0, #0
 916 00e2 0CDB     		blt	.L44
 274:Middlewares/ST/STM32_WPAN/ble/core/auto/ble_gatt_aci.c ****     return BLE_STATUS_TIMEOUT;
 275:Middlewares/ST/STM32_WPAN/ble/core/auto/ble_gatt_aci.c ****   if ( resp.Status )
 917              		.loc 1 275 3 is_stmt 1 view .LVU308
 918              		.loc 1 275 12 is_stmt 0 view .LVU309
 919 00e4 03AB     		add	r3, sp, #12
 920 00e6 9DF80C00 		ldrb	r0, [sp, #12]	@ zero_extendqisi2
 921              		.loc 1 275 6 view .LVU310
 922 00ea 18B9     		cbnz	r0, .L38
 276:Middlewares/ST/STM32_WPAN/ble/core/auto/ble_gatt_aci.c ****     return resp.Status;
 277:Middlewares/ST/STM32_WPAN/ble/core/auto/ble_gatt_aci.c ****   *Char_Desc_Handle = resp.Char_Desc_Handle;
 923              		.loc 1 277 3 is_stmt 1 view .LVU311
 924              		.loc 1 277 27 is_stmt 0 view .LVU312
 925 00ec B3F80120 		ldrh	r2, [r3, #1]	@ unaligned
 926              		.loc 1 277 21 view .LVU313
 927 00f0 5C9B     		ldr	r3, [sp, #368]
 928 00f2 1A80     		strh	r2, [r3]	@ movhi
 278:Middlewares/ST/STM32_WPAN/ble/core/auto/ble_gatt_aci.c ****   return BLE_STATUS_SUCCESS;
 929              		.loc 1 278 3 is_stmt 1 view .LVU314
 930              	.LVL98:
 931              	.L38:
 279:Middlewares/ST/STM32_WPAN/ble/core/auto/ble_gatt_aci.c **** }
 932              		.loc 1 279 1 is_stmt 0 view .LVU315
 933 00f4 4BB0     		add	sp, sp, #300
 934              		.cfi_remember_state
 935              		.cfi_def_cfa_offset 36
 936              		@ sp needed
 937 00f6 BDE8F08F 		pop	{r4, r5, r6, r7, r8, r9, r10, fp, pc}
 938              	.LVL99:
 939              	.L43:
 940              		.cfi_restore_state
 941              	.LBB10:
 227:Middlewares/ST/STM32_WPAN/ble/core/auto/ble_gatt_aci.c ****     {
 942              		.loc 1 227 5 view .LVU316
 943 00fa 9720     		movs	r0, #151
 944 00fc FAE7     		b	.L38
 945              	.LVL100:
 946              	.L44:
 227:Middlewares/ST/STM32_WPAN/ble/core/auto/ble_gatt_aci.c ****     {
 947              		.loc 1 227 5 view .LVU317
 948              	.LBE10:
 274:Middlewares/ST/STM32_WPAN/ble/core/auto/ble_gatt_aci.c ****   if ( resp.Status )
 949              		.loc 1 274 12 view .LVU318
 950 00fe FF20     		movs	r0, #255
 951 0100 F8E7     		b	.L38
 952              		.cfi_endproc
 953              	.LFE4:
 955              		.section	.text.aci_gatt_update_char_value,"ax",%progbits
 956              		.align	1
 957              		.global	aci_gatt_update_char_value
 958              		.syntax unified
 959              		.thumb
 960              		.thumb_func
 962              	aci_gatt_update_char_value:
 963              	.LVL101:
ARM GAS  C:\Users\Nathan\AppData\Local\Temp\ccJAfMtd.s 			page 23


 964              	.LFB5:
 280:Middlewares/ST/STM32_WPAN/ble/core/auto/ble_gatt_aci.c **** 
 281:Middlewares/ST/STM32_WPAN/ble/core/auto/ble_gatt_aci.c **** tBleStatus aci_gatt_update_char_value( uint16_t Service_Handle,
 282:Middlewares/ST/STM32_WPAN/ble/core/auto/ble_gatt_aci.c ****                                        uint16_t Char_Handle,
 283:Middlewares/ST/STM32_WPAN/ble/core/auto/ble_gatt_aci.c ****                                        uint8_t Val_Offset,
 284:Middlewares/ST/STM32_WPAN/ble/core/auto/ble_gatt_aci.c ****                                        uint8_t Char_Value_Length,
 285:Middlewares/ST/STM32_WPAN/ble/core/auto/ble_gatt_aci.c ****                                        const uint8_t* Char_Value )
 286:Middlewares/ST/STM32_WPAN/ble/core/auto/ble_gatt_aci.c **** {
 965              		.loc 1 286 1 is_stmt 1 view -0
 966              		.cfi_startproc
 967              		@ args = 4, pretend = 0, frame = 288
 968              		@ frame_needed = 0, uses_anonymous_args = 0
 969              		.loc 1 286 1 is_stmt 0 view .LVU320
 970 0000 2DE9F041 		push	{r4, r5, r6, r7, r8, lr}
 971              		.cfi_def_cfa_offset 24
 972              		.cfi_offset 4, -24
 973              		.cfi_offset 5, -20
 974              		.cfi_offset 6, -16
 975              		.cfi_offset 7, -12
 976              		.cfi_offset 8, -8
 977              		.cfi_offset 14, -4
 978 0004 C8B0     		sub	sp, sp, #288
 979              		.cfi_def_cfa_offset 312
 980 0006 1C46     		mov	r4, r3
 287:Middlewares/ST/STM32_WPAN/ble/core/auto/ble_gatt_aci.c ****   struct hci_request rq;
 981              		.loc 1 287 3 is_stmt 1 view .LVU321
 288:Middlewares/ST/STM32_WPAN/ble/core/auto/ble_gatt_aci.c ****   uint8_t cmd_buffer[BLE_CMD_MAX_PARAM_LEN];
 982              		.loc 1 288 3 view .LVU322
 289:Middlewares/ST/STM32_WPAN/ble/core/auto/ble_gatt_aci.c ****   aci_gatt_update_char_value_cp0 *cp0 = (aci_gatt_update_char_value_cp0*)(cmd_buffer);
 983              		.loc 1 289 3 view .LVU323
 984              	.LVL102:
 290:Middlewares/ST/STM32_WPAN/ble/core/auto/ble_gatt_aci.c ****   tBleStatus status = 0;
 985              		.loc 1 290 3 view .LVU324
 986              		.loc 1 290 14 is_stmt 0 view .LVU325
 987 0008 0DF10708 		add	r8, sp, #7
 988 000c 0026     		movs	r6, #0
 989 000e 8DF80760 		strb	r6, [sp, #7]
 291:Middlewares/ST/STM32_WPAN/ble/core/auto/ble_gatt_aci.c ****   int index_input = 0;
 990              		.loc 1 291 3 is_stmt 1 view .LVU326
 991              	.LVL103:
 292:Middlewares/ST/STM32_WPAN/ble/core/auto/ble_gatt_aci.c ****   cp0->Service_Handle = Service_Handle;
 992              		.loc 1 292 3 view .LVU327
 993              		.loc 1 292 23 is_stmt 0 view .LVU328
 994 0012 02AD     		add	r5, sp, #8
 995              	.LVL104:
 996              		.loc 1 292 23 view .LVU329
 997 0014 ADF80800 		strh	r0, [sp, #8]	@ movhi
 293:Middlewares/ST/STM32_WPAN/ble/core/auto/ble_gatt_aci.c ****   index_input += 2;
 998              		.loc 1 293 3 is_stmt 1 view .LVU330
 999              	.LVL105:
 294:Middlewares/ST/STM32_WPAN/ble/core/auto/ble_gatt_aci.c ****   cp0->Char_Handle = Char_Handle;
 1000              		.loc 1 294 3 view .LVU331
 1001              		.loc 1 294 20 is_stmt 0 view .LVU332
 1002 0018 ADF80A10 		strh	r1, [sp, #10]	@ movhi
 295:Middlewares/ST/STM32_WPAN/ble/core/auto/ble_gatt_aci.c ****   index_input += 2;
 1003              		.loc 1 295 3 is_stmt 1 view .LVU333
 1004              	.LVL106:
ARM GAS  C:\Users\Nathan\AppData\Local\Temp\ccJAfMtd.s 			page 24


 296:Middlewares/ST/STM32_WPAN/ble/core/auto/ble_gatt_aci.c ****   cp0->Val_Offset = Val_Offset;
 1005              		.loc 1 296 3 view .LVU334
 1006              		.loc 1 296 19 is_stmt 0 view .LVU335
 1007 001c 8DF80C20 		strb	r2, [sp, #12]
 297:Middlewares/ST/STM32_WPAN/ble/core/auto/ble_gatt_aci.c ****   index_input += 1;
 1008              		.loc 1 297 3 is_stmt 1 view .LVU336
 1009              	.LVL107:
 298:Middlewares/ST/STM32_WPAN/ble/core/auto/ble_gatt_aci.c ****   cp0->Char_Value_Length = Char_Value_Length;
 1010              		.loc 1 298 3 view .LVU337
 1011              		.loc 1 298 26 is_stmt 0 view .LVU338
 1012 0020 8DF80D30 		strb	r3, [sp, #13]
 299:Middlewares/ST/STM32_WPAN/ble/core/auto/ble_gatt_aci.c ****   index_input += 1;
 1013              		.loc 1 299 3 is_stmt 1 view .LVU339
 1014              	.LVL108:
 300:Middlewares/ST/STM32_WPAN/ble/core/auto/ble_gatt_aci.c ****   Osal_MemCpy( (void*)&cp0->Char_Value, (const void*)Char_Value, Char_Value_Length );
 1015              		.loc 1 300 3 view .LVU340
 1016 0024 1A46     		mov	r2, r3
 1017              	.LVL109:
 1018              		.loc 1 300 3 is_stmt 0 view .LVU341
 1019 0026 4E99     		ldr	r1, [sp, #312]
 1020              	.LVL110:
 1021              		.loc 1 300 3 view .LVU342
 1022 0028 0DF10E00 		add	r0, sp, #14
 1023              	.LVL111:
 1024              		.loc 1 300 3 view .LVU343
 1025 002c FFF7FEFF 		bl	Osal_MemCpy
 1026              	.LVL112:
 301:Middlewares/ST/STM32_WPAN/ble/core/auto/ble_gatt_aci.c ****   index_input += Char_Value_Length;
 1027              		.loc 1 301 3 is_stmt 1 view .LVU344
 1028              		.loc 1 301 15 is_stmt 0 view .LVU345
 1029 0030 0634     		adds	r4, r4, #6
 1030              	.LVL113:
 302:Middlewares/ST/STM32_WPAN/ble/core/auto/ble_gatt_aci.c ****   Osal_MemSet( &rq, 0, sizeof(rq) );
 1031              		.loc 1 302 3 is_stmt 1 view .LVU346
 1032 0032 42AF     		add	r7, sp, #264
 1033 0034 1822     		movs	r2, #24
 1034 0036 3146     		mov	r1, r6
 1035 0038 3846     		mov	r0, r7
 1036 003a FFF7FEFF 		bl	Osal_MemSet
 1037              	.LVL114:
 303:Middlewares/ST/STM32_WPAN/ble/core/auto/ble_gatt_aci.c ****   rq.ogf = 0x3f;
 1038              		.loc 1 303 3 view .LVU347
 1039              		.loc 1 303 10 is_stmt 0 view .LVU348
 1040 003e 3F23     		movs	r3, #63
 1041 0040 ADF80831 		strh	r3, [sp, #264]	@ movhi
 304:Middlewares/ST/STM32_WPAN/ble/core/auto/ble_gatt_aci.c ****   rq.ocf = 0x106;
 1042              		.loc 1 304 3 is_stmt 1 view .LVU349
 1043              		.loc 1 304 10 is_stmt 0 view .LVU350
 1044 0044 4FF48373 		mov	r3, #262
 1045 0048 ADF80A31 		strh	r3, [sp, #266]	@ movhi
 305:Middlewares/ST/STM32_WPAN/ble/core/auto/ble_gatt_aci.c ****   rq.cparam = cmd_buffer;
 1046              		.loc 1 305 3 is_stmt 1 view .LVU351
 1047              		.loc 1 305 13 is_stmt 0 view .LVU352
 1048 004c 4495     		str	r5, [sp, #272]
 306:Middlewares/ST/STM32_WPAN/ble/core/auto/ble_gatt_aci.c ****   rq.clen = index_input;
 1049              		.loc 1 306 3 is_stmt 1 view .LVU353
 1050              		.loc 1 306 11 is_stmt 0 view .LVU354
ARM GAS  C:\Users\Nathan\AppData\Local\Temp\ccJAfMtd.s 			page 25


 1051 004e 4594     		str	r4, [sp, #276]
 307:Middlewares/ST/STM32_WPAN/ble/core/auto/ble_gatt_aci.c ****   rq.rparam = &status;
 1052              		.loc 1 307 3 is_stmt 1 view .LVU355
 1053              		.loc 1 307 13 is_stmt 0 view .LVU356
 1054 0050 CDF81881 		str	r8, [sp, #280]
 308:Middlewares/ST/STM32_WPAN/ble/core/auto/ble_gatt_aci.c ****   rq.rlen = 1;
 1055              		.loc 1 308 3 is_stmt 1 view .LVU357
 1056              		.loc 1 308 11 is_stmt 0 view .LVU358
 1057 0054 0123     		movs	r3, #1
 1058 0056 4793     		str	r3, [sp, #284]
 309:Middlewares/ST/STM32_WPAN/ble/core/auto/ble_gatt_aci.c ****   if ( hci_send_req(&rq, FALSE) < 0 )
 1059              		.loc 1 309 3 is_stmt 1 view .LVU359
 1060              		.loc 1 309 8 is_stmt 0 view .LVU360
 1061 0058 3146     		mov	r1, r6
 1062 005a 3846     		mov	r0, r7
 1063 005c FFF7FEFF 		bl	hci_send_req
 1064              	.LVL115:
 1065              		.loc 1 309 6 discriminator 1 view .LVU361
 1066 0060 B042     		cmp	r0, r6
 1067 0062 04DB     		blt	.L50
 310:Middlewares/ST/STM32_WPAN/ble/core/auto/ble_gatt_aci.c ****     return BLE_STATUS_TIMEOUT;
 311:Middlewares/ST/STM32_WPAN/ble/core/auto/ble_gatt_aci.c ****   return status;
 1068              		.loc 1 311 3 is_stmt 1 view .LVU362
 1069              		.loc 1 311 10 is_stmt 0 view .LVU363
 1070 0064 98F80000 		ldrb	r0, [r8]	@ zero_extendqisi2
 1071              	.L49:
 312:Middlewares/ST/STM32_WPAN/ble/core/auto/ble_gatt_aci.c **** }
 1072              		.loc 1 312 1 view .LVU364
 1073 0068 48B0     		add	sp, sp, #288
 1074              		.cfi_remember_state
 1075              		.cfi_def_cfa_offset 24
 1076              		@ sp needed
 1077 006a BDE8F081 		pop	{r4, r5, r6, r7, r8, pc}
 1078              	.LVL116:
 1079              	.L50:
 1080              		.cfi_restore_state
 310:Middlewares/ST/STM32_WPAN/ble/core/auto/ble_gatt_aci.c ****     return BLE_STATUS_TIMEOUT;
 1081              		.loc 1 310 12 view .LVU365
 1082 006e FF20     		movs	r0, #255
 1083 0070 FAE7     		b	.L49
 1084              		.cfi_endproc
 1085              	.LFE5:
 1087              		.section	.text.aci_gatt_del_char,"ax",%progbits
 1088              		.align	1
 1089              		.global	aci_gatt_del_char
 1090              		.syntax unified
 1091              		.thumb
 1092              		.thumb_func
 1094              	aci_gatt_del_char:
 1095              	.LVL117:
 1096              	.LFB6:
 313:Middlewares/ST/STM32_WPAN/ble/core/auto/ble_gatt_aci.c **** 
 314:Middlewares/ST/STM32_WPAN/ble/core/auto/ble_gatt_aci.c **** tBleStatus aci_gatt_del_char( uint16_t Serv_Handle,
 315:Middlewares/ST/STM32_WPAN/ble/core/auto/ble_gatt_aci.c ****                               uint16_t Char_Handle )
 316:Middlewares/ST/STM32_WPAN/ble/core/auto/ble_gatt_aci.c **** {
 1097              		.loc 1 316 1 is_stmt 1 view -0
 1098              		.cfi_startproc
ARM GAS  C:\Users\Nathan\AppData\Local\Temp\ccJAfMtd.s 			page 26


 1099              		@ args = 0, pretend = 0, frame = 288
 1100              		@ frame_needed = 0, uses_anonymous_args = 0
 1101              		.loc 1 316 1 is_stmt 0 view .LVU367
 1102 0000 F0B5     		push	{r4, r5, r6, r7, lr}
 1103              		.cfi_def_cfa_offset 20
 1104              		.cfi_offset 4, -20
 1105              		.cfi_offset 5, -16
 1106              		.cfi_offset 6, -12
 1107              		.cfi_offset 7, -8
 1108              		.cfi_offset 14, -4
 1109 0002 C9B0     		sub	sp, sp, #292
 1110              		.cfi_def_cfa_offset 312
 317:Middlewares/ST/STM32_WPAN/ble/core/auto/ble_gatt_aci.c ****   struct hci_request rq;
 1111              		.loc 1 317 3 is_stmt 1 view .LVU368
 318:Middlewares/ST/STM32_WPAN/ble/core/auto/ble_gatt_aci.c ****   uint8_t cmd_buffer[BLE_CMD_MAX_PARAM_LEN];
 1112              		.loc 1 318 3 view .LVU369
 319:Middlewares/ST/STM32_WPAN/ble/core/auto/ble_gatt_aci.c ****   aci_gatt_del_char_cp0 *cp0 = (aci_gatt_del_char_cp0*)(cmd_buffer);
 1113              		.loc 1 319 3 view .LVU370
 1114              	.LVL118:
 320:Middlewares/ST/STM32_WPAN/ble/core/auto/ble_gatt_aci.c ****   tBleStatus status = 0;
 1115              		.loc 1 320 3 view .LVU371
 1116              		.loc 1 320 14 is_stmt 0 view .LVU372
 1117 0004 0DF10707 		add	r7, sp, #7
 1118 0008 0024     		movs	r4, #0
 1119 000a 8DF80740 		strb	r4, [sp, #7]
 321:Middlewares/ST/STM32_WPAN/ble/core/auto/ble_gatt_aci.c ****   int index_input = 0;
 1120              		.loc 1 321 3 is_stmt 1 view .LVU373
 1121              	.LVL119:
 322:Middlewares/ST/STM32_WPAN/ble/core/auto/ble_gatt_aci.c ****   cp0->Serv_Handle = Serv_Handle;
 1122              		.loc 1 322 3 view .LVU374
 1123              		.loc 1 322 20 is_stmt 0 view .LVU375
 1124 000e 02AD     		add	r5, sp, #8
 1125              	.LVL120:
 1126              		.loc 1 322 20 view .LVU376
 1127 0010 ADF80800 		strh	r0, [sp, #8]	@ movhi
 323:Middlewares/ST/STM32_WPAN/ble/core/auto/ble_gatt_aci.c ****   index_input += 2;
 1128              		.loc 1 323 3 is_stmt 1 view .LVU377
 1129              	.LVL121:
 324:Middlewares/ST/STM32_WPAN/ble/core/auto/ble_gatt_aci.c ****   cp0->Char_Handle = Char_Handle;
 1130              		.loc 1 324 3 view .LVU378
 1131              		.loc 1 324 20 is_stmt 0 view .LVU379
 1132 0014 ADF80A10 		strh	r1, [sp, #10]	@ movhi
 325:Middlewares/ST/STM32_WPAN/ble/core/auto/ble_gatt_aci.c ****   index_input += 2;
 1133              		.loc 1 325 3 is_stmt 1 view .LVU380
 1134              	.LVL122:
 326:Middlewares/ST/STM32_WPAN/ble/core/auto/ble_gatt_aci.c ****   Osal_MemSet( &rq, 0, sizeof(rq) );
 1135              		.loc 1 326 3 view .LVU381
 1136 0018 42AE     		add	r6, sp, #264
 1137 001a 1822     		movs	r2, #24
 1138 001c 2146     		mov	r1, r4
 1139              	.LVL123:
 1140              		.loc 1 326 3 is_stmt 0 view .LVU382
 1141 001e 3046     		mov	r0, r6
 1142              	.LVL124:
 1143              		.loc 1 326 3 view .LVU383
 1144 0020 FFF7FEFF 		bl	Osal_MemSet
 1145              	.LVL125:
ARM GAS  C:\Users\Nathan\AppData\Local\Temp\ccJAfMtd.s 			page 27


 327:Middlewares/ST/STM32_WPAN/ble/core/auto/ble_gatt_aci.c ****   rq.ogf = 0x3f;
 1146              		.loc 1 327 3 is_stmt 1 view .LVU384
 1147              		.loc 1 327 10 is_stmt 0 view .LVU385
 1148 0024 3F23     		movs	r3, #63
 1149 0026 ADF80831 		strh	r3, [sp, #264]	@ movhi
 328:Middlewares/ST/STM32_WPAN/ble/core/auto/ble_gatt_aci.c ****   rq.ocf = 0x107;
 1150              		.loc 1 328 3 is_stmt 1 view .LVU386
 1151              		.loc 1 328 10 is_stmt 0 view .LVU387
 1152 002a 40F20713 		movw	r3, #263
 1153 002e ADF80A31 		strh	r3, [sp, #266]	@ movhi
 329:Middlewares/ST/STM32_WPAN/ble/core/auto/ble_gatt_aci.c ****   rq.cparam = cmd_buffer;
 1154              		.loc 1 329 3 is_stmt 1 view .LVU388
 1155              		.loc 1 329 13 is_stmt 0 view .LVU389
 1156 0032 4495     		str	r5, [sp, #272]
 330:Middlewares/ST/STM32_WPAN/ble/core/auto/ble_gatt_aci.c ****   rq.clen = index_input;
 1157              		.loc 1 330 3 is_stmt 1 view .LVU390
 1158              		.loc 1 330 11 is_stmt 0 view .LVU391
 1159 0034 0423     		movs	r3, #4
 1160 0036 4593     		str	r3, [sp, #276]
 331:Middlewares/ST/STM32_WPAN/ble/core/auto/ble_gatt_aci.c ****   rq.rparam = &status;
 1161              		.loc 1 331 3 is_stmt 1 view .LVU392
 1162              		.loc 1 331 13 is_stmt 0 view .LVU393
 1163 0038 4697     		str	r7, [sp, #280]
 332:Middlewares/ST/STM32_WPAN/ble/core/auto/ble_gatt_aci.c ****   rq.rlen = 1;
 1164              		.loc 1 332 3 is_stmt 1 view .LVU394
 1165              		.loc 1 332 11 is_stmt 0 view .LVU395
 1166 003a 0123     		movs	r3, #1
 1167 003c 4793     		str	r3, [sp, #284]
 333:Middlewares/ST/STM32_WPAN/ble/core/auto/ble_gatt_aci.c ****   if ( hci_send_req(&rq, FALSE) < 0 )
 1168              		.loc 1 333 3 is_stmt 1 view .LVU396
 1169              		.loc 1 333 8 is_stmt 0 view .LVU397
 1170 003e 2146     		mov	r1, r4
 1171 0040 3046     		mov	r0, r6
 1172 0042 FFF7FEFF 		bl	hci_send_req
 1173              	.LVL126:
 1174              		.loc 1 333 6 discriminator 1 view .LVU398
 1175 0046 A042     		cmp	r0, r4
 1176 0048 02DB     		blt	.L54
 334:Middlewares/ST/STM32_WPAN/ble/core/auto/ble_gatt_aci.c ****     return BLE_STATUS_TIMEOUT;
 335:Middlewares/ST/STM32_WPAN/ble/core/auto/ble_gatt_aci.c ****   return status;
 1177              		.loc 1 335 3 is_stmt 1 view .LVU399
 1178              		.loc 1 335 10 is_stmt 0 view .LVU400
 1179 004a 3878     		ldrb	r0, [r7]	@ zero_extendqisi2
 1180              	.L53:
 336:Middlewares/ST/STM32_WPAN/ble/core/auto/ble_gatt_aci.c **** }
 1181              		.loc 1 336 1 view .LVU401
 1182 004c 49B0     		add	sp, sp, #292
 1183              		.cfi_remember_state
 1184              		.cfi_def_cfa_offset 20
 1185              		@ sp needed
 1186 004e F0BD     		pop	{r4, r5, r6, r7, pc}
 1187              	.LVL127:
 1188              	.L54:
 1189              		.cfi_restore_state
 334:Middlewares/ST/STM32_WPAN/ble/core/auto/ble_gatt_aci.c ****     return BLE_STATUS_TIMEOUT;
 1190              		.loc 1 334 12 view .LVU402
 1191 0050 FF20     		movs	r0, #255
ARM GAS  C:\Users\Nathan\AppData\Local\Temp\ccJAfMtd.s 			page 28


 1192 0052 FBE7     		b	.L53
 1193              		.cfi_endproc
 1194              	.LFE6:
 1196              		.section	.text.aci_gatt_del_service,"ax",%progbits
 1197              		.align	1
 1198              		.global	aci_gatt_del_service
 1199              		.syntax unified
 1200              		.thumb
 1201              		.thumb_func
 1203              	aci_gatt_del_service:
 1204              	.LVL128:
 1205              	.LFB7:
 337:Middlewares/ST/STM32_WPAN/ble/core/auto/ble_gatt_aci.c **** 
 338:Middlewares/ST/STM32_WPAN/ble/core/auto/ble_gatt_aci.c **** tBleStatus aci_gatt_del_service( uint16_t Serv_Handle )
 339:Middlewares/ST/STM32_WPAN/ble/core/auto/ble_gatt_aci.c **** {
 1206              		.loc 1 339 1 is_stmt 1 view -0
 1207              		.cfi_startproc
 1208              		@ args = 0, pretend = 0, frame = 288
 1209              		@ frame_needed = 0, uses_anonymous_args = 0
 1210              		.loc 1 339 1 is_stmt 0 view .LVU404
 1211 0000 F0B5     		push	{r4, r5, r6, r7, lr}
 1212              		.cfi_def_cfa_offset 20
 1213              		.cfi_offset 4, -20
 1214              		.cfi_offset 5, -16
 1215              		.cfi_offset 6, -12
 1216              		.cfi_offset 7, -8
 1217              		.cfi_offset 14, -4
 1218 0002 C9B0     		sub	sp, sp, #292
 1219              		.cfi_def_cfa_offset 312
 340:Middlewares/ST/STM32_WPAN/ble/core/auto/ble_gatt_aci.c ****   struct hci_request rq;
 1220              		.loc 1 340 3 is_stmt 1 view .LVU405
 341:Middlewares/ST/STM32_WPAN/ble/core/auto/ble_gatt_aci.c ****   uint8_t cmd_buffer[BLE_CMD_MAX_PARAM_LEN];
 1221              		.loc 1 341 3 view .LVU406
 342:Middlewares/ST/STM32_WPAN/ble/core/auto/ble_gatt_aci.c ****   aci_gatt_del_service_cp0 *cp0 = (aci_gatt_del_service_cp0*)(cmd_buffer);
 1222              		.loc 1 342 3 view .LVU407
 1223              	.LVL129:
 343:Middlewares/ST/STM32_WPAN/ble/core/auto/ble_gatt_aci.c ****   tBleStatus status = 0;
 1224              		.loc 1 343 3 view .LVU408
 1225              		.loc 1 343 14 is_stmt 0 view .LVU409
 1226 0004 0DF10706 		add	r6, sp, #7
 1227 0008 0024     		movs	r4, #0
 1228 000a 8DF80740 		strb	r4, [sp, #7]
 344:Middlewares/ST/STM32_WPAN/ble/core/auto/ble_gatt_aci.c ****   int index_input = 0;
 1229              		.loc 1 344 3 is_stmt 1 view .LVU410
 1230              	.LVL130:
 345:Middlewares/ST/STM32_WPAN/ble/core/auto/ble_gatt_aci.c ****   cp0->Serv_Handle = Serv_Handle;
 1231              		.loc 1 345 3 view .LVU411
 1232              		.loc 1 345 20 is_stmt 0 view .LVU412
 1233 000e 02AF     		add	r7, sp, #8
 1234              	.LVL131:
 1235              		.loc 1 345 20 view .LVU413
 1236 0010 ADF80800 		strh	r0, [sp, #8]	@ movhi
 346:Middlewares/ST/STM32_WPAN/ble/core/auto/ble_gatt_aci.c ****   index_input += 2;
 1237              		.loc 1 346 3 is_stmt 1 view .LVU414
 1238              	.LVL132:
 347:Middlewares/ST/STM32_WPAN/ble/core/auto/ble_gatt_aci.c ****   Osal_MemSet( &rq, 0, sizeof(rq) );
 1239              		.loc 1 347 3 view .LVU415
ARM GAS  C:\Users\Nathan\AppData\Local\Temp\ccJAfMtd.s 			page 29


 1240 0014 42AD     		add	r5, sp, #264
 1241 0016 1822     		movs	r2, #24
 1242 0018 2146     		mov	r1, r4
 1243 001a 2846     		mov	r0, r5
 1244              	.LVL133:
 1245              		.loc 1 347 3 is_stmt 0 view .LVU416
 1246 001c FFF7FEFF 		bl	Osal_MemSet
 1247              	.LVL134:
 348:Middlewares/ST/STM32_WPAN/ble/core/auto/ble_gatt_aci.c ****   rq.ogf = 0x3f;
 1248              		.loc 1 348 3 is_stmt 1 view .LVU417
 1249              		.loc 1 348 10 is_stmt 0 view .LVU418
 1250 0020 3F23     		movs	r3, #63
 1251 0022 ADF80831 		strh	r3, [sp, #264]	@ movhi
 349:Middlewares/ST/STM32_WPAN/ble/core/auto/ble_gatt_aci.c ****   rq.ocf = 0x108;
 1252              		.loc 1 349 3 is_stmt 1 view .LVU419
 1253              		.loc 1 349 10 is_stmt 0 view .LVU420
 1254 0026 4FF48473 		mov	r3, #264
 1255 002a ADF80A31 		strh	r3, [sp, #266]	@ movhi
 350:Middlewares/ST/STM32_WPAN/ble/core/auto/ble_gatt_aci.c ****   rq.cparam = cmd_buffer;
 1256              		.loc 1 350 3 is_stmt 1 view .LVU421
 1257              		.loc 1 350 13 is_stmt 0 view .LVU422
 1258 002e 4497     		str	r7, [sp, #272]
 351:Middlewares/ST/STM32_WPAN/ble/core/auto/ble_gatt_aci.c ****   rq.clen = index_input;
 1259              		.loc 1 351 3 is_stmt 1 view .LVU423
 1260              		.loc 1 351 11 is_stmt 0 view .LVU424
 1261 0030 0223     		movs	r3, #2
 1262 0032 4593     		str	r3, [sp, #276]
 352:Middlewares/ST/STM32_WPAN/ble/core/auto/ble_gatt_aci.c ****   rq.rparam = &status;
 1263              		.loc 1 352 3 is_stmt 1 view .LVU425
 1264              		.loc 1 352 13 is_stmt 0 view .LVU426
 1265 0034 4696     		str	r6, [sp, #280]
 353:Middlewares/ST/STM32_WPAN/ble/core/auto/ble_gatt_aci.c ****   rq.rlen = 1;
 1266              		.loc 1 353 3 is_stmt 1 view .LVU427
 1267              		.loc 1 353 11 is_stmt 0 view .LVU428
 1268 0036 0123     		movs	r3, #1
 1269 0038 4793     		str	r3, [sp, #284]
 354:Middlewares/ST/STM32_WPAN/ble/core/auto/ble_gatt_aci.c ****   if ( hci_send_req(&rq, FALSE) < 0 )
 1270              		.loc 1 354 3 is_stmt 1 view .LVU429
 1271              		.loc 1 354 8 is_stmt 0 view .LVU430
 1272 003a 2146     		mov	r1, r4
 1273 003c 2846     		mov	r0, r5
 1274 003e FFF7FEFF 		bl	hci_send_req
 1275              	.LVL135:
 1276              		.loc 1 354 6 discriminator 1 view .LVU431
 1277 0042 A042     		cmp	r0, r4
 1278 0044 02DB     		blt	.L58
 355:Middlewares/ST/STM32_WPAN/ble/core/auto/ble_gatt_aci.c ****     return BLE_STATUS_TIMEOUT;
 356:Middlewares/ST/STM32_WPAN/ble/core/auto/ble_gatt_aci.c ****   return status;
 1279              		.loc 1 356 3 is_stmt 1 view .LVU432
 1280              		.loc 1 356 10 is_stmt 0 view .LVU433
 1281 0046 3078     		ldrb	r0, [r6]	@ zero_extendqisi2
 1282              	.L57:
 357:Middlewares/ST/STM32_WPAN/ble/core/auto/ble_gatt_aci.c **** }
 1283              		.loc 1 357 1 view .LVU434
 1284 0048 49B0     		add	sp, sp, #292
 1285              		.cfi_remember_state
 1286              		.cfi_def_cfa_offset 20
ARM GAS  C:\Users\Nathan\AppData\Local\Temp\ccJAfMtd.s 			page 30


 1287              		@ sp needed
 1288 004a F0BD     		pop	{r4, r5, r6, r7, pc}
 1289              	.LVL136:
 1290              	.L58:
 1291              		.cfi_restore_state
 355:Middlewares/ST/STM32_WPAN/ble/core/auto/ble_gatt_aci.c ****     return BLE_STATUS_TIMEOUT;
 1292              		.loc 1 355 12 view .LVU435
 1293 004c FF20     		movs	r0, #255
 1294 004e FBE7     		b	.L57
 1295              		.cfi_endproc
 1296              	.LFE7:
 1298              		.section	.text.aci_gatt_del_include_service,"ax",%progbits
 1299              		.align	1
 1300              		.global	aci_gatt_del_include_service
 1301              		.syntax unified
 1302              		.thumb
 1303              		.thumb_func
 1305              	aci_gatt_del_include_service:
 1306              	.LVL137:
 1307              	.LFB8:
 358:Middlewares/ST/STM32_WPAN/ble/core/auto/ble_gatt_aci.c **** 
 359:Middlewares/ST/STM32_WPAN/ble/core/auto/ble_gatt_aci.c **** tBleStatus aci_gatt_del_include_service( uint16_t Serv_Handle,
 360:Middlewares/ST/STM32_WPAN/ble/core/auto/ble_gatt_aci.c ****                                          uint16_t Include_Handle )
 361:Middlewares/ST/STM32_WPAN/ble/core/auto/ble_gatt_aci.c **** {
 1308              		.loc 1 361 1 is_stmt 1 view -0
 1309              		.cfi_startproc
 1310              		@ args = 0, pretend = 0, frame = 288
 1311              		@ frame_needed = 0, uses_anonymous_args = 0
 1312              		.loc 1 361 1 is_stmt 0 view .LVU437
 1313 0000 F0B5     		push	{r4, r5, r6, r7, lr}
 1314              		.cfi_def_cfa_offset 20
 1315              		.cfi_offset 4, -20
 1316              		.cfi_offset 5, -16
 1317              		.cfi_offset 6, -12
 1318              		.cfi_offset 7, -8
 1319              		.cfi_offset 14, -4
 1320 0002 C9B0     		sub	sp, sp, #292
 1321              		.cfi_def_cfa_offset 312
 362:Middlewares/ST/STM32_WPAN/ble/core/auto/ble_gatt_aci.c ****   struct hci_request rq;
 1322              		.loc 1 362 3 is_stmt 1 view .LVU438
 363:Middlewares/ST/STM32_WPAN/ble/core/auto/ble_gatt_aci.c ****   uint8_t cmd_buffer[BLE_CMD_MAX_PARAM_LEN];
 1323              		.loc 1 363 3 view .LVU439
 364:Middlewares/ST/STM32_WPAN/ble/core/auto/ble_gatt_aci.c ****   aci_gatt_del_include_service_cp0 *cp0 = (aci_gatt_del_include_service_cp0*)(cmd_buffer);
 1324              		.loc 1 364 3 view .LVU440
 1325              	.LVL138:
 365:Middlewares/ST/STM32_WPAN/ble/core/auto/ble_gatt_aci.c ****   tBleStatus status = 0;
 1326              		.loc 1 365 3 view .LVU441
 1327              		.loc 1 365 14 is_stmt 0 view .LVU442
 1328 0004 0DF10707 		add	r7, sp, #7
 1329 0008 0024     		movs	r4, #0
 1330 000a 8DF80740 		strb	r4, [sp, #7]
 366:Middlewares/ST/STM32_WPAN/ble/core/auto/ble_gatt_aci.c ****   int index_input = 0;
 1331              		.loc 1 366 3 is_stmt 1 view .LVU443
 1332              	.LVL139:
 367:Middlewares/ST/STM32_WPAN/ble/core/auto/ble_gatt_aci.c ****   cp0->Serv_Handle = Serv_Handle;
 1333              		.loc 1 367 3 view .LVU444
 1334              		.loc 1 367 20 is_stmt 0 view .LVU445
ARM GAS  C:\Users\Nathan\AppData\Local\Temp\ccJAfMtd.s 			page 31


 1335 000e 02AD     		add	r5, sp, #8
 1336              	.LVL140:
 1337              		.loc 1 367 20 view .LVU446
 1338 0010 ADF80800 		strh	r0, [sp, #8]	@ movhi
 368:Middlewares/ST/STM32_WPAN/ble/core/auto/ble_gatt_aci.c ****   index_input += 2;
 1339              		.loc 1 368 3 is_stmt 1 view .LVU447
 1340              	.LVL141:
 369:Middlewares/ST/STM32_WPAN/ble/core/auto/ble_gatt_aci.c ****   cp0->Include_Handle = Include_Handle;
 1341              		.loc 1 369 3 view .LVU448
 1342              		.loc 1 369 23 is_stmt 0 view .LVU449
 1343 0014 ADF80A10 		strh	r1, [sp, #10]	@ movhi
 370:Middlewares/ST/STM32_WPAN/ble/core/auto/ble_gatt_aci.c ****   index_input += 2;
 1344              		.loc 1 370 3 is_stmt 1 view .LVU450
 1345              	.LVL142:
 371:Middlewares/ST/STM32_WPAN/ble/core/auto/ble_gatt_aci.c ****   Osal_MemSet( &rq, 0, sizeof(rq) );
 1346              		.loc 1 371 3 view .LVU451
 1347 0018 42AE     		add	r6, sp, #264
 1348 001a 1822     		movs	r2, #24
 1349 001c 2146     		mov	r1, r4
 1350              	.LVL143:
 1351              		.loc 1 371 3 is_stmt 0 view .LVU452
 1352 001e 3046     		mov	r0, r6
 1353              	.LVL144:
 1354              		.loc 1 371 3 view .LVU453
 1355 0020 FFF7FEFF 		bl	Osal_MemSet
 1356              	.LVL145:
 372:Middlewares/ST/STM32_WPAN/ble/core/auto/ble_gatt_aci.c ****   rq.ogf = 0x3f;
 1357              		.loc 1 372 3 is_stmt 1 view .LVU454
 1358              		.loc 1 372 10 is_stmt 0 view .LVU455
 1359 0024 3F23     		movs	r3, #63
 1360 0026 ADF80831 		strh	r3, [sp, #264]	@ movhi
 373:Middlewares/ST/STM32_WPAN/ble/core/auto/ble_gatt_aci.c ****   rq.ocf = 0x109;
 1361              		.loc 1 373 3 is_stmt 1 view .LVU456
 1362              		.loc 1 373 10 is_stmt 0 view .LVU457
 1363 002a 40F20913 		movw	r3, #265
 1364 002e ADF80A31 		strh	r3, [sp, #266]	@ movhi
 374:Middlewares/ST/STM32_WPAN/ble/core/auto/ble_gatt_aci.c ****   rq.cparam = cmd_buffer;
 1365              		.loc 1 374 3 is_stmt 1 view .LVU458
 1366              		.loc 1 374 13 is_stmt 0 view .LVU459
 1367 0032 4495     		str	r5, [sp, #272]
 375:Middlewares/ST/STM32_WPAN/ble/core/auto/ble_gatt_aci.c ****   rq.clen = index_input;
 1368              		.loc 1 375 3 is_stmt 1 view .LVU460
 1369              		.loc 1 375 11 is_stmt 0 view .LVU461
 1370 0034 0423     		movs	r3, #4
 1371 0036 4593     		str	r3, [sp, #276]
 376:Middlewares/ST/STM32_WPAN/ble/core/auto/ble_gatt_aci.c ****   rq.rparam = &status;
 1372              		.loc 1 376 3 is_stmt 1 view .LVU462
 1373              		.loc 1 376 13 is_stmt 0 view .LVU463
 1374 0038 4697     		str	r7, [sp, #280]
 377:Middlewares/ST/STM32_WPAN/ble/core/auto/ble_gatt_aci.c ****   rq.rlen = 1;
 1375              		.loc 1 377 3 is_stmt 1 view .LVU464
 1376              		.loc 1 377 11 is_stmt 0 view .LVU465
 1377 003a 0123     		movs	r3, #1
 1378 003c 4793     		str	r3, [sp, #284]
 378:Middlewares/ST/STM32_WPAN/ble/core/auto/ble_gatt_aci.c ****   if ( hci_send_req(&rq, FALSE) < 0 )
 1379              		.loc 1 378 3 is_stmt 1 view .LVU466
 1380              		.loc 1 378 8 is_stmt 0 view .LVU467
ARM GAS  C:\Users\Nathan\AppData\Local\Temp\ccJAfMtd.s 			page 32


 1381 003e 2146     		mov	r1, r4
 1382 0040 3046     		mov	r0, r6
 1383 0042 FFF7FEFF 		bl	hci_send_req
 1384              	.LVL146:
 1385              		.loc 1 378 6 discriminator 1 view .LVU468
 1386 0046 A042     		cmp	r0, r4
 1387 0048 02DB     		blt	.L62
 379:Middlewares/ST/STM32_WPAN/ble/core/auto/ble_gatt_aci.c ****     return BLE_STATUS_TIMEOUT;
 380:Middlewares/ST/STM32_WPAN/ble/core/auto/ble_gatt_aci.c ****   return status;
 1388              		.loc 1 380 3 is_stmt 1 view .LVU469
 1389              		.loc 1 380 10 is_stmt 0 view .LVU470
 1390 004a 3878     		ldrb	r0, [r7]	@ zero_extendqisi2
 1391              	.L61:
 381:Middlewares/ST/STM32_WPAN/ble/core/auto/ble_gatt_aci.c **** }
 1392              		.loc 1 381 1 view .LVU471
 1393 004c 49B0     		add	sp, sp, #292
 1394              		.cfi_remember_state
 1395              		.cfi_def_cfa_offset 20
 1396              		@ sp needed
 1397 004e F0BD     		pop	{r4, r5, r6, r7, pc}
 1398              	.LVL147:
 1399              	.L62:
 1400              		.cfi_restore_state
 379:Middlewares/ST/STM32_WPAN/ble/core/auto/ble_gatt_aci.c ****     return BLE_STATUS_TIMEOUT;
 1401              		.loc 1 379 12 view .LVU472
 1402 0050 FF20     		movs	r0, #255
 1403 0052 FBE7     		b	.L61
 1404              		.cfi_endproc
 1405              	.LFE8:
 1407              		.section	.text.aci_gatt_set_event_mask,"ax",%progbits
 1408              		.align	1
 1409              		.global	aci_gatt_set_event_mask
 1410              		.syntax unified
 1411              		.thumb
 1412              		.thumb_func
 1414              	aci_gatt_set_event_mask:
 1415              	.LVL148:
 1416              	.LFB9:
 382:Middlewares/ST/STM32_WPAN/ble/core/auto/ble_gatt_aci.c **** 
 383:Middlewares/ST/STM32_WPAN/ble/core/auto/ble_gatt_aci.c **** tBleStatus aci_gatt_set_event_mask( uint32_t GATT_Evt_Mask )
 384:Middlewares/ST/STM32_WPAN/ble/core/auto/ble_gatt_aci.c **** {
 1417              		.loc 1 384 1 is_stmt 1 view -0
 1418              		.cfi_startproc
 1419              		@ args = 0, pretend = 0, frame = 288
 1420              		@ frame_needed = 0, uses_anonymous_args = 0
 1421              		.loc 1 384 1 is_stmt 0 view .LVU474
 1422 0000 F0B5     		push	{r4, r5, r6, r7, lr}
 1423              		.cfi_def_cfa_offset 20
 1424              		.cfi_offset 4, -20
 1425              		.cfi_offset 5, -16
 1426              		.cfi_offset 6, -12
 1427              		.cfi_offset 7, -8
 1428              		.cfi_offset 14, -4
 1429 0002 C9B0     		sub	sp, sp, #292
 1430              		.cfi_def_cfa_offset 312
 385:Middlewares/ST/STM32_WPAN/ble/core/auto/ble_gatt_aci.c ****   struct hci_request rq;
 1431              		.loc 1 385 3 is_stmt 1 view .LVU475
ARM GAS  C:\Users\Nathan\AppData\Local\Temp\ccJAfMtd.s 			page 33


 386:Middlewares/ST/STM32_WPAN/ble/core/auto/ble_gatt_aci.c ****   uint8_t cmd_buffer[BLE_CMD_MAX_PARAM_LEN];
 1432              		.loc 1 386 3 view .LVU476
 387:Middlewares/ST/STM32_WPAN/ble/core/auto/ble_gatt_aci.c ****   aci_gatt_set_event_mask_cp0 *cp0 = (aci_gatt_set_event_mask_cp0*)(cmd_buffer);
 1433              		.loc 1 387 3 view .LVU477
 1434              	.LVL149:
 388:Middlewares/ST/STM32_WPAN/ble/core/auto/ble_gatt_aci.c ****   tBleStatus status = 0;
 1435              		.loc 1 388 3 view .LVU478
 1436              		.loc 1 388 14 is_stmt 0 view .LVU479
 1437 0004 0DF10706 		add	r6, sp, #7
 1438 0008 0024     		movs	r4, #0
 1439 000a 8DF80740 		strb	r4, [sp, #7]
 389:Middlewares/ST/STM32_WPAN/ble/core/auto/ble_gatt_aci.c ****   int index_input = 0;
 1440              		.loc 1 389 3 is_stmt 1 view .LVU480
 1441              	.LVL150:
 390:Middlewares/ST/STM32_WPAN/ble/core/auto/ble_gatt_aci.c ****   cp0->GATT_Evt_Mask = GATT_Evt_Mask;
 1442              		.loc 1 390 3 view .LVU481
 1443              		.loc 1 390 22 is_stmt 0 view .LVU482
 1444 000e 02AF     		add	r7, sp, #8
 1445              	.LVL151:
 1446              		.loc 1 390 22 view .LVU483
 1447 0010 0290     		str	r0, [sp, #8]
 391:Middlewares/ST/STM32_WPAN/ble/core/auto/ble_gatt_aci.c ****   index_input += 4;
 1448              		.loc 1 391 3 is_stmt 1 view .LVU484
 1449              	.LVL152:
 392:Middlewares/ST/STM32_WPAN/ble/core/auto/ble_gatt_aci.c ****   Osal_MemSet( &rq, 0, sizeof(rq) );
 1450              		.loc 1 392 3 view .LVU485
 1451 0012 42AD     		add	r5, sp, #264
 1452 0014 1822     		movs	r2, #24
 1453 0016 2146     		mov	r1, r4
 1454 0018 2846     		mov	r0, r5
 1455              	.LVL153:
 1456              		.loc 1 392 3 is_stmt 0 view .LVU486
 1457 001a FFF7FEFF 		bl	Osal_MemSet
 1458              	.LVL154:
 393:Middlewares/ST/STM32_WPAN/ble/core/auto/ble_gatt_aci.c ****   rq.ogf = 0x3f;
 1459              		.loc 1 393 3 is_stmt 1 view .LVU487
 1460              		.loc 1 393 10 is_stmt 0 view .LVU488
 1461 001e 3F23     		movs	r3, #63
 1462 0020 ADF80831 		strh	r3, [sp, #264]	@ movhi
 394:Middlewares/ST/STM32_WPAN/ble/core/auto/ble_gatt_aci.c ****   rq.ocf = 0x10a;
 1463              		.loc 1 394 3 is_stmt 1 view .LVU489
 1464              		.loc 1 394 10 is_stmt 0 view .LVU490
 1465 0024 4FF48573 		mov	r3, #266
 1466 0028 ADF80A31 		strh	r3, [sp, #266]	@ movhi
 395:Middlewares/ST/STM32_WPAN/ble/core/auto/ble_gatt_aci.c ****   rq.cparam = cmd_buffer;
 1467              		.loc 1 395 3 is_stmt 1 view .LVU491
 1468              		.loc 1 395 13 is_stmt 0 view .LVU492
 1469 002c 4497     		str	r7, [sp, #272]
 396:Middlewares/ST/STM32_WPAN/ble/core/auto/ble_gatt_aci.c ****   rq.clen = index_input;
 1470              		.loc 1 396 3 is_stmt 1 view .LVU493
 1471              		.loc 1 396 11 is_stmt 0 view .LVU494
 1472 002e 0423     		movs	r3, #4
 1473 0030 4593     		str	r3, [sp, #276]
 397:Middlewares/ST/STM32_WPAN/ble/core/auto/ble_gatt_aci.c ****   rq.rparam = &status;
 1474              		.loc 1 397 3 is_stmt 1 view .LVU495
 1475              		.loc 1 397 13 is_stmt 0 view .LVU496
 1476 0032 4696     		str	r6, [sp, #280]
ARM GAS  C:\Users\Nathan\AppData\Local\Temp\ccJAfMtd.s 			page 34


 398:Middlewares/ST/STM32_WPAN/ble/core/auto/ble_gatt_aci.c ****   rq.rlen = 1;
 1477              		.loc 1 398 3 is_stmt 1 view .LVU497
 1478              		.loc 1 398 11 is_stmt 0 view .LVU498
 1479 0034 0123     		movs	r3, #1
 1480 0036 4793     		str	r3, [sp, #284]
 399:Middlewares/ST/STM32_WPAN/ble/core/auto/ble_gatt_aci.c ****   if ( hci_send_req(&rq, FALSE) < 0 )
 1481              		.loc 1 399 3 is_stmt 1 view .LVU499
 1482              		.loc 1 399 8 is_stmt 0 view .LVU500
 1483 0038 2146     		mov	r1, r4
 1484 003a 2846     		mov	r0, r5
 1485 003c FFF7FEFF 		bl	hci_send_req
 1486              	.LVL155:
 1487              		.loc 1 399 6 discriminator 1 view .LVU501
 1488 0040 A042     		cmp	r0, r4
 1489 0042 02DB     		blt	.L66
 400:Middlewares/ST/STM32_WPAN/ble/core/auto/ble_gatt_aci.c ****     return BLE_STATUS_TIMEOUT;
 401:Middlewares/ST/STM32_WPAN/ble/core/auto/ble_gatt_aci.c ****   return status;
 1490              		.loc 1 401 3 is_stmt 1 view .LVU502
 1491              		.loc 1 401 10 is_stmt 0 view .LVU503
 1492 0044 3078     		ldrb	r0, [r6]	@ zero_extendqisi2
 1493              	.L65:
 402:Middlewares/ST/STM32_WPAN/ble/core/auto/ble_gatt_aci.c **** }
 1494              		.loc 1 402 1 view .LVU504
 1495 0046 49B0     		add	sp, sp, #292
 1496              		.cfi_remember_state
 1497              		.cfi_def_cfa_offset 20
 1498              		@ sp needed
 1499 0048 F0BD     		pop	{r4, r5, r6, r7, pc}
 1500              	.LVL156:
 1501              	.L66:
 1502              		.cfi_restore_state
 400:Middlewares/ST/STM32_WPAN/ble/core/auto/ble_gatt_aci.c ****     return BLE_STATUS_TIMEOUT;
 1503              		.loc 1 400 12 view .LVU505
 1504 004a FF20     		movs	r0, #255
 1505 004c FBE7     		b	.L65
 1506              		.cfi_endproc
 1507              	.LFE9:
 1509              		.section	.text.aci_gatt_exchange_config,"ax",%progbits
 1510              		.align	1
 1511              		.global	aci_gatt_exchange_config
 1512              		.syntax unified
 1513              		.thumb
 1514              		.thumb_func
 1516              	aci_gatt_exchange_config:
 1517              	.LVL157:
 1518              	.LFB10:
 403:Middlewares/ST/STM32_WPAN/ble/core/auto/ble_gatt_aci.c **** 
 404:Middlewares/ST/STM32_WPAN/ble/core/auto/ble_gatt_aci.c **** tBleStatus aci_gatt_exchange_config( uint16_t Connection_Handle )
 405:Middlewares/ST/STM32_WPAN/ble/core/auto/ble_gatt_aci.c **** {
 1519              		.loc 1 405 1 is_stmt 1 view -0
 1520              		.cfi_startproc
 1521              		@ args = 0, pretend = 0, frame = 288
 1522              		@ frame_needed = 0, uses_anonymous_args = 0
 1523              		.loc 1 405 1 is_stmt 0 view .LVU507
 1524 0000 F0B5     		push	{r4, r5, r6, r7, lr}
 1525              		.cfi_def_cfa_offset 20
 1526              		.cfi_offset 4, -20
ARM GAS  C:\Users\Nathan\AppData\Local\Temp\ccJAfMtd.s 			page 35


 1527              		.cfi_offset 5, -16
 1528              		.cfi_offset 6, -12
 1529              		.cfi_offset 7, -8
 1530              		.cfi_offset 14, -4
 1531 0002 C9B0     		sub	sp, sp, #292
 1532              		.cfi_def_cfa_offset 312
 406:Middlewares/ST/STM32_WPAN/ble/core/auto/ble_gatt_aci.c ****   struct hci_request rq;
 1533              		.loc 1 406 3 is_stmt 1 view .LVU508
 407:Middlewares/ST/STM32_WPAN/ble/core/auto/ble_gatt_aci.c ****   uint8_t cmd_buffer[BLE_CMD_MAX_PARAM_LEN];
 1534              		.loc 1 407 3 view .LVU509
 408:Middlewares/ST/STM32_WPAN/ble/core/auto/ble_gatt_aci.c ****   aci_gatt_exchange_config_cp0 *cp0 = (aci_gatt_exchange_config_cp0*)(cmd_buffer);
 1535              		.loc 1 408 3 view .LVU510
 1536              	.LVL158:
 409:Middlewares/ST/STM32_WPAN/ble/core/auto/ble_gatt_aci.c ****   tBleStatus status = 0;
 1537              		.loc 1 409 3 view .LVU511
 1538              		.loc 1 409 14 is_stmt 0 view .LVU512
 1539 0004 0DF10706 		add	r6, sp, #7
 1540 0008 0024     		movs	r4, #0
 1541 000a 8DF80740 		strb	r4, [sp, #7]
 410:Middlewares/ST/STM32_WPAN/ble/core/auto/ble_gatt_aci.c ****   int index_input = 0;
 1542              		.loc 1 410 3 is_stmt 1 view .LVU513
 1543              	.LVL159:
 411:Middlewares/ST/STM32_WPAN/ble/core/auto/ble_gatt_aci.c ****   cp0->Connection_Handle = Connection_Handle;
 1544              		.loc 1 411 3 view .LVU514
 1545              		.loc 1 411 26 is_stmt 0 view .LVU515
 1546 000e 02AF     		add	r7, sp, #8
 1547              	.LVL160:
 1548              		.loc 1 411 26 view .LVU516
 1549 0010 ADF80800 		strh	r0, [sp, #8]	@ movhi
 412:Middlewares/ST/STM32_WPAN/ble/core/auto/ble_gatt_aci.c ****   index_input += 2;
 1550              		.loc 1 412 3 is_stmt 1 view .LVU517
 1551              	.LVL161:
 413:Middlewares/ST/STM32_WPAN/ble/core/auto/ble_gatt_aci.c ****   Osal_MemSet( &rq, 0, sizeof(rq) );
 1552              		.loc 1 413 3 view .LVU518
 1553 0014 42AD     		add	r5, sp, #264
 1554 0016 1822     		movs	r2, #24
 1555 0018 2146     		mov	r1, r4
 1556 001a 2846     		mov	r0, r5
 1557              	.LVL162:
 1558              		.loc 1 413 3 is_stmt 0 view .LVU519
 1559 001c FFF7FEFF 		bl	Osal_MemSet
 1560              	.LVL163:
 414:Middlewares/ST/STM32_WPAN/ble/core/auto/ble_gatt_aci.c ****   rq.ogf = 0x3f;
 1561              		.loc 1 414 3 is_stmt 1 view .LVU520
 1562              		.loc 1 414 10 is_stmt 0 view .LVU521
 1563 0020 3F23     		movs	r3, #63
 1564 0022 ADF80831 		strh	r3, [sp, #264]	@ movhi
 415:Middlewares/ST/STM32_WPAN/ble/core/auto/ble_gatt_aci.c ****   rq.ocf = 0x10b;
 1565              		.loc 1 415 3 is_stmt 1 view .LVU522
 1566              		.loc 1 415 10 is_stmt 0 view .LVU523
 1567 0026 40F20B13 		movw	r3, #267
 1568 002a ADF80A31 		strh	r3, [sp, #266]	@ movhi
 416:Middlewares/ST/STM32_WPAN/ble/core/auto/ble_gatt_aci.c ****   rq.event = 0x0F;
 1569              		.loc 1 416 3 is_stmt 1 view .LVU524
 1570              		.loc 1 416 12 is_stmt 0 view .LVU525
 1571 002e 0F23     		movs	r3, #15
 1572 0030 4393     		str	r3, [sp, #268]
ARM GAS  C:\Users\Nathan\AppData\Local\Temp\ccJAfMtd.s 			page 36


 417:Middlewares/ST/STM32_WPAN/ble/core/auto/ble_gatt_aci.c ****   rq.cparam = cmd_buffer;
 1573              		.loc 1 417 3 is_stmt 1 view .LVU526
 1574              		.loc 1 417 13 is_stmt 0 view .LVU527
 1575 0032 4497     		str	r7, [sp, #272]
 418:Middlewares/ST/STM32_WPAN/ble/core/auto/ble_gatt_aci.c ****   rq.clen = index_input;
 1576              		.loc 1 418 3 is_stmt 1 view .LVU528
 1577              		.loc 1 418 11 is_stmt 0 view .LVU529
 1578 0034 0223     		movs	r3, #2
 1579 0036 4593     		str	r3, [sp, #276]
 419:Middlewares/ST/STM32_WPAN/ble/core/auto/ble_gatt_aci.c ****   rq.rparam = &status;
 1580              		.loc 1 419 3 is_stmt 1 view .LVU530
 1581              		.loc 1 419 13 is_stmt 0 view .LVU531
 1582 0038 4696     		str	r6, [sp, #280]
 420:Middlewares/ST/STM32_WPAN/ble/core/auto/ble_gatt_aci.c ****   rq.rlen = 1;
 1583              		.loc 1 420 3 is_stmt 1 view .LVU532
 1584              		.loc 1 420 11 is_stmt 0 view .LVU533
 1585 003a 0123     		movs	r3, #1
 1586 003c 4793     		str	r3, [sp, #284]
 421:Middlewares/ST/STM32_WPAN/ble/core/auto/ble_gatt_aci.c ****   if ( hci_send_req(&rq, FALSE) < 0 )
 1587              		.loc 1 421 3 is_stmt 1 view .LVU534
 1588              		.loc 1 421 8 is_stmt 0 view .LVU535
 1589 003e 2146     		mov	r1, r4
 1590 0040 2846     		mov	r0, r5
 1591 0042 FFF7FEFF 		bl	hci_send_req
 1592              	.LVL164:
 1593              		.loc 1 421 6 discriminator 1 view .LVU536
 1594 0046 A042     		cmp	r0, r4
 1595 0048 02DB     		blt	.L70
 422:Middlewares/ST/STM32_WPAN/ble/core/auto/ble_gatt_aci.c ****     return BLE_STATUS_TIMEOUT;
 423:Middlewares/ST/STM32_WPAN/ble/core/auto/ble_gatt_aci.c ****   return status;
 1596              		.loc 1 423 3 is_stmt 1 view .LVU537
 1597              		.loc 1 423 10 is_stmt 0 view .LVU538
 1598 004a 3078     		ldrb	r0, [r6]	@ zero_extendqisi2
 1599              	.L69:
 424:Middlewares/ST/STM32_WPAN/ble/core/auto/ble_gatt_aci.c **** }
 1600              		.loc 1 424 1 view .LVU539
 1601 004c 49B0     		add	sp, sp, #292
 1602              		.cfi_remember_state
 1603              		.cfi_def_cfa_offset 20
 1604              		@ sp needed
 1605 004e F0BD     		pop	{r4, r5, r6, r7, pc}
 1606              	.LVL165:
 1607              	.L70:
 1608              		.cfi_restore_state
 422:Middlewares/ST/STM32_WPAN/ble/core/auto/ble_gatt_aci.c ****     return BLE_STATUS_TIMEOUT;
 1609              		.loc 1 422 12 view .LVU540
 1610 0050 FF20     		movs	r0, #255
 1611 0052 FBE7     		b	.L69
 1612              		.cfi_endproc
 1613              	.LFE10:
 1615              		.section	.text.aci_att_find_info_req,"ax",%progbits
 1616              		.align	1
 1617              		.global	aci_att_find_info_req
 1618              		.syntax unified
 1619              		.thumb
 1620              		.thumb_func
 1622              	aci_att_find_info_req:
ARM GAS  C:\Users\Nathan\AppData\Local\Temp\ccJAfMtd.s 			page 37


 1623              	.LVL166:
 1624              	.LFB11:
 425:Middlewares/ST/STM32_WPAN/ble/core/auto/ble_gatt_aci.c **** 
 426:Middlewares/ST/STM32_WPAN/ble/core/auto/ble_gatt_aci.c **** tBleStatus aci_att_find_info_req( uint16_t Connection_Handle,
 427:Middlewares/ST/STM32_WPAN/ble/core/auto/ble_gatt_aci.c ****                                   uint16_t Start_Handle,
 428:Middlewares/ST/STM32_WPAN/ble/core/auto/ble_gatt_aci.c ****                                   uint16_t End_Handle )
 429:Middlewares/ST/STM32_WPAN/ble/core/auto/ble_gatt_aci.c **** {
 1625              		.loc 1 429 1 is_stmt 1 view -0
 1626              		.cfi_startproc
 1627              		@ args = 0, pretend = 0, frame = 288
 1628              		@ frame_needed = 0, uses_anonymous_args = 0
 1629              		.loc 1 429 1 is_stmt 0 view .LVU542
 1630 0000 F0B5     		push	{r4, r5, r6, r7, lr}
 1631              		.cfi_def_cfa_offset 20
 1632              		.cfi_offset 4, -20
 1633              		.cfi_offset 5, -16
 1634              		.cfi_offset 6, -12
 1635              		.cfi_offset 7, -8
 1636              		.cfi_offset 14, -4
 1637 0002 C9B0     		sub	sp, sp, #292
 1638              		.cfi_def_cfa_offset 312
 430:Middlewares/ST/STM32_WPAN/ble/core/auto/ble_gatt_aci.c ****   struct hci_request rq;
 1639              		.loc 1 430 3 is_stmt 1 view .LVU543
 431:Middlewares/ST/STM32_WPAN/ble/core/auto/ble_gatt_aci.c ****   uint8_t cmd_buffer[BLE_CMD_MAX_PARAM_LEN];
 1640              		.loc 1 431 3 view .LVU544
 432:Middlewares/ST/STM32_WPAN/ble/core/auto/ble_gatt_aci.c ****   aci_att_find_info_req_cp0 *cp0 = (aci_att_find_info_req_cp0*)(cmd_buffer);
 1641              		.loc 1 432 3 view .LVU545
 1642              	.LVL167:
 433:Middlewares/ST/STM32_WPAN/ble/core/auto/ble_gatt_aci.c ****   tBleStatus status = 0;
 1643              		.loc 1 433 3 view .LVU546
 1644              		.loc 1 433 14 is_stmt 0 view .LVU547
 1645 0004 0DF10707 		add	r7, sp, #7
 1646 0008 0025     		movs	r5, #0
 1647 000a 8DF80750 		strb	r5, [sp, #7]
 434:Middlewares/ST/STM32_WPAN/ble/core/auto/ble_gatt_aci.c ****   int index_input = 0;
 1648              		.loc 1 434 3 is_stmt 1 view .LVU548
 1649              	.LVL168:
 435:Middlewares/ST/STM32_WPAN/ble/core/auto/ble_gatt_aci.c ****   cp0->Connection_Handle = Connection_Handle;
 1650              		.loc 1 435 3 view .LVU549
 1651              		.loc 1 435 26 is_stmt 0 view .LVU550
 1652 000e 02AC     		add	r4, sp, #8
 1653              	.LVL169:
 1654              		.loc 1 435 26 view .LVU551
 1655 0010 ADF80800 		strh	r0, [sp, #8]	@ movhi
 436:Middlewares/ST/STM32_WPAN/ble/core/auto/ble_gatt_aci.c ****   index_input += 2;
 1656              		.loc 1 436 3 is_stmt 1 view .LVU552
 1657              	.LVL170:
 437:Middlewares/ST/STM32_WPAN/ble/core/auto/ble_gatt_aci.c ****   cp0->Start_Handle = Start_Handle;
 1658              		.loc 1 437 3 view .LVU553
 1659              		.loc 1 437 21 is_stmt 0 view .LVU554
 1660 0014 ADF80A10 		strh	r1, [sp, #10]	@ movhi
 438:Middlewares/ST/STM32_WPAN/ble/core/auto/ble_gatt_aci.c ****   index_input += 2;
 1661              		.loc 1 438 3 is_stmt 1 view .LVU555
 1662              	.LVL171:
 439:Middlewares/ST/STM32_WPAN/ble/core/auto/ble_gatt_aci.c ****   cp0->End_Handle = End_Handle;
 1663              		.loc 1 439 3 view .LVU556
 1664              		.loc 1 439 19 is_stmt 0 view .LVU557
ARM GAS  C:\Users\Nathan\AppData\Local\Temp\ccJAfMtd.s 			page 38


 1665 0018 ADF80C20 		strh	r2, [sp, #12]	@ movhi
 440:Middlewares/ST/STM32_WPAN/ble/core/auto/ble_gatt_aci.c ****   index_input += 2;
 1666              		.loc 1 440 3 is_stmt 1 view .LVU558
 1667              	.LVL172:
 441:Middlewares/ST/STM32_WPAN/ble/core/auto/ble_gatt_aci.c ****   Osal_MemSet( &rq, 0, sizeof(rq) );
 1668              		.loc 1 441 3 view .LVU559
 1669 001c 42AE     		add	r6, sp, #264
 1670 001e 1822     		movs	r2, #24
 1671              	.LVL173:
 1672              		.loc 1 441 3 is_stmt 0 view .LVU560
 1673 0020 2946     		mov	r1, r5
 1674              	.LVL174:
 1675              		.loc 1 441 3 view .LVU561
 1676 0022 3046     		mov	r0, r6
 1677              	.LVL175:
 1678              		.loc 1 441 3 view .LVU562
 1679 0024 FFF7FEFF 		bl	Osal_MemSet
 1680              	.LVL176:
 442:Middlewares/ST/STM32_WPAN/ble/core/auto/ble_gatt_aci.c ****   rq.ogf = 0x3f;
 1681              		.loc 1 442 3 is_stmt 1 view .LVU563
 1682              		.loc 1 442 10 is_stmt 0 view .LVU564
 1683 0028 3F23     		movs	r3, #63
 1684 002a ADF80831 		strh	r3, [sp, #264]	@ movhi
 443:Middlewares/ST/STM32_WPAN/ble/core/auto/ble_gatt_aci.c ****   rq.ocf = 0x10c;
 1685              		.loc 1 443 3 is_stmt 1 view .LVU565
 1686              		.loc 1 443 10 is_stmt 0 view .LVU566
 1687 002e 4FF48673 		mov	r3, #268
 1688 0032 ADF80A31 		strh	r3, [sp, #266]	@ movhi
 444:Middlewares/ST/STM32_WPAN/ble/core/auto/ble_gatt_aci.c ****   rq.event = 0x0F;
 1689              		.loc 1 444 3 is_stmt 1 view .LVU567
 1690              		.loc 1 444 12 is_stmt 0 view .LVU568
 1691 0036 0F23     		movs	r3, #15
 1692 0038 4393     		str	r3, [sp, #268]
 445:Middlewares/ST/STM32_WPAN/ble/core/auto/ble_gatt_aci.c ****   rq.cparam = cmd_buffer;
 1693              		.loc 1 445 3 is_stmt 1 view .LVU569
 1694              		.loc 1 445 13 is_stmt 0 view .LVU570
 1695 003a 4494     		str	r4, [sp, #272]
 446:Middlewares/ST/STM32_WPAN/ble/core/auto/ble_gatt_aci.c ****   rq.clen = index_input;
 1696              		.loc 1 446 3 is_stmt 1 view .LVU571
 1697              		.loc 1 446 11 is_stmt 0 view .LVU572
 1698 003c 0623     		movs	r3, #6
 1699 003e 4593     		str	r3, [sp, #276]
 447:Middlewares/ST/STM32_WPAN/ble/core/auto/ble_gatt_aci.c ****   rq.rparam = &status;
 1700              		.loc 1 447 3 is_stmt 1 view .LVU573
 1701              		.loc 1 447 13 is_stmt 0 view .LVU574
 1702 0040 4697     		str	r7, [sp, #280]
 448:Middlewares/ST/STM32_WPAN/ble/core/auto/ble_gatt_aci.c ****   rq.rlen = 1;
 1703              		.loc 1 448 3 is_stmt 1 view .LVU575
 1704              		.loc 1 448 11 is_stmt 0 view .LVU576
 1705 0042 0123     		movs	r3, #1
 1706 0044 4793     		str	r3, [sp, #284]
 449:Middlewares/ST/STM32_WPAN/ble/core/auto/ble_gatt_aci.c ****   if ( hci_send_req(&rq, FALSE) < 0 )
 1707              		.loc 1 449 3 is_stmt 1 view .LVU577
 1708              		.loc 1 449 8 is_stmt 0 view .LVU578
 1709 0046 2946     		mov	r1, r5
 1710 0048 3046     		mov	r0, r6
 1711 004a FFF7FEFF 		bl	hci_send_req
ARM GAS  C:\Users\Nathan\AppData\Local\Temp\ccJAfMtd.s 			page 39


 1712              	.LVL177:
 1713              		.loc 1 449 6 discriminator 1 view .LVU579
 1714 004e A842     		cmp	r0, r5
 1715 0050 02DB     		blt	.L74
 450:Middlewares/ST/STM32_WPAN/ble/core/auto/ble_gatt_aci.c ****     return BLE_STATUS_TIMEOUT;
 451:Middlewares/ST/STM32_WPAN/ble/core/auto/ble_gatt_aci.c ****   return status;
 1716              		.loc 1 451 3 is_stmt 1 view .LVU580
 1717              		.loc 1 451 10 is_stmt 0 view .LVU581
 1718 0052 3878     		ldrb	r0, [r7]	@ zero_extendqisi2
 1719              	.L73:
 452:Middlewares/ST/STM32_WPAN/ble/core/auto/ble_gatt_aci.c **** }
 1720              		.loc 1 452 1 view .LVU582
 1721 0054 49B0     		add	sp, sp, #292
 1722              		.cfi_remember_state
 1723              		.cfi_def_cfa_offset 20
 1724              		@ sp needed
 1725 0056 F0BD     		pop	{r4, r5, r6, r7, pc}
 1726              	.LVL178:
 1727              	.L74:
 1728              		.cfi_restore_state
 450:Middlewares/ST/STM32_WPAN/ble/core/auto/ble_gatt_aci.c ****     return BLE_STATUS_TIMEOUT;
 1729              		.loc 1 450 12 view .LVU583
 1730 0058 FF20     		movs	r0, #255
 1731 005a FBE7     		b	.L73
 1732              		.cfi_endproc
 1733              	.LFE11:
 1735              		.section	.text.aci_att_find_by_type_value_req,"ax",%progbits
 1736              		.align	1
 1737              		.global	aci_att_find_by_type_value_req
 1738              		.syntax unified
 1739              		.thumb
 1740              		.thumb_func
 1742              	aci_att_find_by_type_value_req:
 1743              	.LVL179:
 1744              	.LFB12:
 453:Middlewares/ST/STM32_WPAN/ble/core/auto/ble_gatt_aci.c **** 
 454:Middlewares/ST/STM32_WPAN/ble/core/auto/ble_gatt_aci.c **** tBleStatus aci_att_find_by_type_value_req( uint16_t Connection_Handle,
 455:Middlewares/ST/STM32_WPAN/ble/core/auto/ble_gatt_aci.c ****                                            uint16_t Start_Handle,
 456:Middlewares/ST/STM32_WPAN/ble/core/auto/ble_gatt_aci.c ****                                            uint16_t End_Handle,
 457:Middlewares/ST/STM32_WPAN/ble/core/auto/ble_gatt_aci.c ****                                            uint16_t UUID,
 458:Middlewares/ST/STM32_WPAN/ble/core/auto/ble_gatt_aci.c ****                                            uint8_t Attribute_Val_Length,
 459:Middlewares/ST/STM32_WPAN/ble/core/auto/ble_gatt_aci.c ****                                            const uint8_t* Attribute_Val )
 460:Middlewares/ST/STM32_WPAN/ble/core/auto/ble_gatt_aci.c **** {
 1745              		.loc 1 460 1 is_stmt 1 view -0
 1746              		.cfi_startproc
 1747              		@ args = 8, pretend = 0, frame = 288
 1748              		@ frame_needed = 0, uses_anonymous_args = 0
 1749              		.loc 1 460 1 is_stmt 0 view .LVU585
 1750 0000 2DE9F041 		push	{r4, r5, r6, r7, r8, lr}
 1751              		.cfi_def_cfa_offset 24
 1752              		.cfi_offset 4, -24
 1753              		.cfi_offset 5, -20
 1754              		.cfi_offset 6, -16
 1755              		.cfi_offset 7, -12
 1756              		.cfi_offset 8, -8
 1757              		.cfi_offset 14, -4
 1758 0004 C8B0     		sub	sp, sp, #288
ARM GAS  C:\Users\Nathan\AppData\Local\Temp\ccJAfMtd.s 			page 40


 1759              		.cfi_def_cfa_offset 312
 1760 0006 9DF83851 		ldrb	r5, [sp, #312]	@ zero_extendqisi2
 461:Middlewares/ST/STM32_WPAN/ble/core/auto/ble_gatt_aci.c ****   struct hci_request rq;
 1761              		.loc 1 461 3 is_stmt 1 view .LVU586
 462:Middlewares/ST/STM32_WPAN/ble/core/auto/ble_gatt_aci.c ****   uint8_t cmd_buffer[BLE_CMD_MAX_PARAM_LEN];
 1762              		.loc 1 462 3 view .LVU587
 463:Middlewares/ST/STM32_WPAN/ble/core/auto/ble_gatt_aci.c ****   aci_att_find_by_type_value_req_cp0 *cp0 = (aci_att_find_by_type_value_req_cp0*)(cmd_buffer);
 1763              		.loc 1 463 3 view .LVU588
 1764              	.LVL180:
 464:Middlewares/ST/STM32_WPAN/ble/core/auto/ble_gatt_aci.c ****   tBleStatus status = 0;
 1765              		.loc 1 464 3 view .LVU589
 1766              		.loc 1 464 14 is_stmt 0 view .LVU590
 1767 000a 0DF10708 		add	r8, sp, #7
 1768 000e 0026     		movs	r6, #0
 1769 0010 8DF80760 		strb	r6, [sp, #7]
 465:Middlewares/ST/STM32_WPAN/ble/core/auto/ble_gatt_aci.c ****   int index_input = 0;
 1770              		.loc 1 465 3 is_stmt 1 view .LVU591
 1771              	.LVL181:
 466:Middlewares/ST/STM32_WPAN/ble/core/auto/ble_gatt_aci.c ****   cp0->Connection_Handle = Connection_Handle;
 1772              		.loc 1 466 3 view .LVU592
 1773              		.loc 1 466 26 is_stmt 0 view .LVU593
 1774 0014 02AC     		add	r4, sp, #8
 1775              	.LVL182:
 1776              		.loc 1 466 26 view .LVU594
 1777 0016 ADF80800 		strh	r0, [sp, #8]	@ movhi
 467:Middlewares/ST/STM32_WPAN/ble/core/auto/ble_gatt_aci.c ****   index_input += 2;
 1778              		.loc 1 467 3 is_stmt 1 view .LVU595
 1779              	.LVL183:
 468:Middlewares/ST/STM32_WPAN/ble/core/auto/ble_gatt_aci.c ****   cp0->Start_Handle = Start_Handle;
 1780              		.loc 1 468 3 view .LVU596
 1781              		.loc 1 468 21 is_stmt 0 view .LVU597
 1782 001a ADF80A10 		strh	r1, [sp, #10]	@ movhi
 469:Middlewares/ST/STM32_WPAN/ble/core/auto/ble_gatt_aci.c ****   index_input += 2;
 1783              		.loc 1 469 3 is_stmt 1 view .LVU598
 1784              	.LVL184:
 470:Middlewares/ST/STM32_WPAN/ble/core/auto/ble_gatt_aci.c ****   cp0->End_Handle = End_Handle;
 1785              		.loc 1 470 3 view .LVU599
 1786              		.loc 1 470 19 is_stmt 0 view .LVU600
 1787 001e ADF80C20 		strh	r2, [sp, #12]	@ movhi
 471:Middlewares/ST/STM32_WPAN/ble/core/auto/ble_gatt_aci.c ****   index_input += 2;
 1788              		.loc 1 471 3 is_stmt 1 view .LVU601
 1789              	.LVL185:
 472:Middlewares/ST/STM32_WPAN/ble/core/auto/ble_gatt_aci.c ****   cp0->UUID = UUID;
 1790              		.loc 1 472 3 view .LVU602
 1791              		.loc 1 472 13 is_stmt 0 view .LVU603
 1792 0022 ADF80E30 		strh	r3, [sp, #14]	@ movhi
 473:Middlewares/ST/STM32_WPAN/ble/core/auto/ble_gatt_aci.c ****   index_input += 2;
 1793              		.loc 1 473 3 is_stmt 1 view .LVU604
 1794              	.LVL186:
 474:Middlewares/ST/STM32_WPAN/ble/core/auto/ble_gatt_aci.c ****   cp0->Attribute_Val_Length = Attribute_Val_Length;
 1795              		.loc 1 474 3 view .LVU605
 1796              		.loc 1 474 29 is_stmt 0 view .LVU606
 1797 0026 8DF81050 		strb	r5, [sp, #16]
 475:Middlewares/ST/STM32_WPAN/ble/core/auto/ble_gatt_aci.c ****   index_input += 1;
 1798              		.loc 1 475 3 is_stmt 1 view .LVU607
 1799              	.LVL187:
 476:Middlewares/ST/STM32_WPAN/ble/core/auto/ble_gatt_aci.c ****   Osal_MemCpy( (void*)&cp0->Attribute_Val, (const void*)Attribute_Val, Attribute_Val_Length );
ARM GAS  C:\Users\Nathan\AppData\Local\Temp\ccJAfMtd.s 			page 41


 1800              		.loc 1 476 3 view .LVU608
 1801 002a 2A46     		mov	r2, r5
 1802              	.LVL188:
 1803              		.loc 1 476 3 is_stmt 0 view .LVU609
 1804 002c 4F99     		ldr	r1, [sp, #316]
 1805              	.LVL189:
 1806              		.loc 1 476 3 view .LVU610
 1807 002e 0DF11100 		add	r0, sp, #17
 1808              	.LVL190:
 1809              		.loc 1 476 3 view .LVU611
 1810 0032 FFF7FEFF 		bl	Osal_MemCpy
 1811              	.LVL191:
 477:Middlewares/ST/STM32_WPAN/ble/core/auto/ble_gatt_aci.c ****   index_input += Attribute_Val_Length;
 1812              		.loc 1 477 3 is_stmt 1 view .LVU612
 1813              		.loc 1 477 15 is_stmt 0 view .LVU613
 1814 0036 0935     		adds	r5, r5, #9
 1815              	.LVL192:
 478:Middlewares/ST/STM32_WPAN/ble/core/auto/ble_gatt_aci.c ****   Osal_MemSet( &rq, 0, sizeof(rq) );
 1816              		.loc 1 478 3 is_stmt 1 view .LVU614
 1817 0038 42AF     		add	r7, sp, #264
 1818 003a 1822     		movs	r2, #24
 1819 003c 3146     		mov	r1, r6
 1820 003e 3846     		mov	r0, r7
 1821 0040 FFF7FEFF 		bl	Osal_MemSet
 1822              	.LVL193:
 479:Middlewares/ST/STM32_WPAN/ble/core/auto/ble_gatt_aci.c ****   rq.ogf = 0x3f;
 1823              		.loc 1 479 3 view .LVU615
 1824              		.loc 1 479 10 is_stmt 0 view .LVU616
 1825 0044 3F23     		movs	r3, #63
 1826 0046 ADF80831 		strh	r3, [sp, #264]	@ movhi
 480:Middlewares/ST/STM32_WPAN/ble/core/auto/ble_gatt_aci.c ****   rq.ocf = 0x10d;
 1827              		.loc 1 480 3 is_stmt 1 view .LVU617
 1828              		.loc 1 480 10 is_stmt 0 view .LVU618
 1829 004a 40F20D13 		movw	r3, #269
 1830 004e ADF80A31 		strh	r3, [sp, #266]	@ movhi
 481:Middlewares/ST/STM32_WPAN/ble/core/auto/ble_gatt_aci.c ****   rq.event = 0x0F;
 1831              		.loc 1 481 3 is_stmt 1 view .LVU619
 1832              		.loc 1 481 12 is_stmt 0 view .LVU620
 1833 0052 0F23     		movs	r3, #15
 1834 0054 4393     		str	r3, [sp, #268]
 482:Middlewares/ST/STM32_WPAN/ble/core/auto/ble_gatt_aci.c ****   rq.cparam = cmd_buffer;
 1835              		.loc 1 482 3 is_stmt 1 view .LVU621
 1836              		.loc 1 482 13 is_stmt 0 view .LVU622
 1837 0056 4494     		str	r4, [sp, #272]
 483:Middlewares/ST/STM32_WPAN/ble/core/auto/ble_gatt_aci.c ****   rq.clen = index_input;
 1838              		.loc 1 483 3 is_stmt 1 view .LVU623
 1839              		.loc 1 483 11 is_stmt 0 view .LVU624
 1840 0058 4595     		str	r5, [sp, #276]
 484:Middlewares/ST/STM32_WPAN/ble/core/auto/ble_gatt_aci.c ****   rq.rparam = &status;
 1841              		.loc 1 484 3 is_stmt 1 view .LVU625
 1842              		.loc 1 484 13 is_stmt 0 view .LVU626
 1843 005a CDF81881 		str	r8, [sp, #280]
 485:Middlewares/ST/STM32_WPAN/ble/core/auto/ble_gatt_aci.c ****   rq.rlen = 1;
 1844              		.loc 1 485 3 is_stmt 1 view .LVU627
 1845              		.loc 1 485 11 is_stmt 0 view .LVU628
 1846 005e 0123     		movs	r3, #1
 1847 0060 4793     		str	r3, [sp, #284]
ARM GAS  C:\Users\Nathan\AppData\Local\Temp\ccJAfMtd.s 			page 42


 486:Middlewares/ST/STM32_WPAN/ble/core/auto/ble_gatt_aci.c ****   if ( hci_send_req(&rq, FALSE) < 0 )
 1848              		.loc 1 486 3 is_stmt 1 view .LVU629
 1849              		.loc 1 486 8 is_stmt 0 view .LVU630
 1850 0062 3146     		mov	r1, r6
 1851 0064 3846     		mov	r0, r7
 1852 0066 FFF7FEFF 		bl	hci_send_req
 1853              	.LVL194:
 1854              		.loc 1 486 6 discriminator 1 view .LVU631
 1855 006a B042     		cmp	r0, r6
 1856 006c 04DB     		blt	.L78
 487:Middlewares/ST/STM32_WPAN/ble/core/auto/ble_gatt_aci.c ****     return BLE_STATUS_TIMEOUT;
 488:Middlewares/ST/STM32_WPAN/ble/core/auto/ble_gatt_aci.c ****   return status;
 1857              		.loc 1 488 3 is_stmt 1 view .LVU632
 1858              		.loc 1 488 10 is_stmt 0 view .LVU633
 1859 006e 98F80000 		ldrb	r0, [r8]	@ zero_extendqisi2
 1860              	.L77:
 489:Middlewares/ST/STM32_WPAN/ble/core/auto/ble_gatt_aci.c **** }
 1861              		.loc 1 489 1 view .LVU634
 1862 0072 48B0     		add	sp, sp, #288
 1863              		.cfi_remember_state
 1864              		.cfi_def_cfa_offset 24
 1865              		@ sp needed
 1866 0074 BDE8F081 		pop	{r4, r5, r6, r7, r8, pc}
 1867              	.LVL195:
 1868              	.L78:
 1869              		.cfi_restore_state
 487:Middlewares/ST/STM32_WPAN/ble/core/auto/ble_gatt_aci.c ****     return BLE_STATUS_TIMEOUT;
 1870              		.loc 1 487 12 view .LVU635
 1871 0078 FF20     		movs	r0, #255
 1872 007a FAE7     		b	.L77
 1873              		.cfi_endproc
 1874              	.LFE12:
 1876              		.section	.text.aci_att_read_by_type_req,"ax",%progbits
 1877              		.align	1
 1878              		.global	aci_att_read_by_type_req
 1879              		.syntax unified
 1880              		.thumb
 1881              		.thumb_func
 1883              	aci_att_read_by_type_req:
 1884              	.LVL196:
 1885              	.LFB13:
 490:Middlewares/ST/STM32_WPAN/ble/core/auto/ble_gatt_aci.c **** 
 491:Middlewares/ST/STM32_WPAN/ble/core/auto/ble_gatt_aci.c **** tBleStatus aci_att_read_by_type_req( uint16_t Connection_Handle,
 492:Middlewares/ST/STM32_WPAN/ble/core/auto/ble_gatt_aci.c ****                                      uint16_t Start_Handle,
 493:Middlewares/ST/STM32_WPAN/ble/core/auto/ble_gatt_aci.c ****                                      uint16_t End_Handle,
 494:Middlewares/ST/STM32_WPAN/ble/core/auto/ble_gatt_aci.c ****                                      uint8_t UUID_Type,
 495:Middlewares/ST/STM32_WPAN/ble/core/auto/ble_gatt_aci.c ****                                      const UUID_t* UUID )
 496:Middlewares/ST/STM32_WPAN/ble/core/auto/ble_gatt_aci.c **** {
 1886              		.loc 1 496 1 is_stmt 1 view -0
 1887              		.cfi_startproc
 1888              		@ args = 4, pretend = 0, frame = 288
 1889              		@ frame_needed = 0, uses_anonymous_args = 0
 1890              		.loc 1 496 1 is_stmt 0 view .LVU637
 1891 0000 70B5     		push	{r4, r5, r6, lr}
 1892              		.cfi_def_cfa_offset 16
 1893              		.cfi_offset 4, -16
 1894              		.cfi_offset 5, -12
ARM GAS  C:\Users\Nathan\AppData\Local\Temp\ccJAfMtd.s 			page 43


 1895              		.cfi_offset 6, -8
 1896              		.cfi_offset 14, -4
 1897 0002 C8B0     		sub	sp, sp, #288
 1898              		.cfi_def_cfa_offset 304
 497:Middlewares/ST/STM32_WPAN/ble/core/auto/ble_gatt_aci.c ****   struct hci_request rq;
 1899              		.loc 1 497 3 is_stmt 1 view .LVU638
 498:Middlewares/ST/STM32_WPAN/ble/core/auto/ble_gatt_aci.c ****   uint8_t cmd_buffer[BLE_CMD_MAX_PARAM_LEN];
 1900              		.loc 1 498 3 view .LVU639
 499:Middlewares/ST/STM32_WPAN/ble/core/auto/ble_gatt_aci.c ****   aci_att_read_by_type_req_cp0 *cp0 = (aci_att_read_by_type_req_cp0*)(cmd_buffer);
 1901              		.loc 1 499 3 view .LVU640
 1902              	.LVL197:
 500:Middlewares/ST/STM32_WPAN/ble/core/auto/ble_gatt_aci.c ****   tBleStatus status = 0;
 1903              		.loc 1 500 3 view .LVU641
 1904              		.loc 1 500 14 is_stmt 0 view .LVU642
 1905 0004 0025     		movs	r5, #0
 1906 0006 8DF80750 		strb	r5, [sp, #7]
 501:Middlewares/ST/STM32_WPAN/ble/core/auto/ble_gatt_aci.c ****   int index_input = 0;
 1907              		.loc 1 501 3 is_stmt 1 view .LVU643
 1908              	.LVL198:
 502:Middlewares/ST/STM32_WPAN/ble/core/auto/ble_gatt_aci.c ****   int uuid_size = (UUID_Type == 2) ? 16 : 2;
 1909              		.loc 1 502 3 view .LVU644
 1910              		.loc 1 502 41 is_stmt 0 view .LVU645
 1911 000a 022B     		cmp	r3, #2
 1912 000c 30D0     		beq	.L86
 1913              		.loc 1 502 7 discriminator 2 view .LVU646
 1914 000e 0225     		movs	r5, #2
 1915              	.L81:
 1916              	.LVL199:
 503:Middlewares/ST/STM32_WPAN/ble/core/auto/ble_gatt_aci.c ****   cp0->Connection_Handle = Connection_Handle;
 1917              		.loc 1 503 3 is_stmt 1 view .LVU647
 1918              		.loc 1 503 26 is_stmt 0 view .LVU648
 1919 0010 02AC     		add	r4, sp, #8
 1920              	.LVL200:
 1921              		.loc 1 503 26 view .LVU649
 1922 0012 ADF80800 		strh	r0, [sp, #8]	@ movhi
 504:Middlewares/ST/STM32_WPAN/ble/core/auto/ble_gatt_aci.c ****   index_input += 2;
 1923              		.loc 1 504 3 is_stmt 1 view .LVU650
 1924              	.LVL201:
 505:Middlewares/ST/STM32_WPAN/ble/core/auto/ble_gatt_aci.c ****   cp0->Start_Handle = Start_Handle;
 1925              		.loc 1 505 3 view .LVU651
 1926              		.loc 1 505 21 is_stmt 0 view .LVU652
 1927 0016 ADF80A10 		strh	r1, [sp, #10]	@ movhi
 506:Middlewares/ST/STM32_WPAN/ble/core/auto/ble_gatt_aci.c ****   index_input += 2;
 1928              		.loc 1 506 3 is_stmt 1 view .LVU653
 1929              	.LVL202:
 507:Middlewares/ST/STM32_WPAN/ble/core/auto/ble_gatt_aci.c ****   cp0->End_Handle = End_Handle;
 1930              		.loc 1 507 3 view .LVU654
 1931              		.loc 1 507 19 is_stmt 0 view .LVU655
 1932 001a ADF80C20 		strh	r2, [sp, #12]	@ movhi
 508:Middlewares/ST/STM32_WPAN/ble/core/auto/ble_gatt_aci.c ****   index_input += 2;
 1933              		.loc 1 508 3 is_stmt 1 view .LVU656
 1934              	.LVL203:
 509:Middlewares/ST/STM32_WPAN/ble/core/auto/ble_gatt_aci.c ****   cp0->UUID_Type = UUID_Type;
 1935              		.loc 1 509 3 view .LVU657
 1936              		.loc 1 509 18 is_stmt 0 view .LVU658
 1937 001e 8DF80E30 		strb	r3, [sp, #14]
 510:Middlewares/ST/STM32_WPAN/ble/core/auto/ble_gatt_aci.c ****   index_input += 1;
ARM GAS  C:\Users\Nathan\AppData\Local\Temp\ccJAfMtd.s 			page 44


 1938              		.loc 1 510 3 is_stmt 1 view .LVU659
 1939              	.LVL204:
 511:Middlewares/ST/STM32_WPAN/ble/core/auto/ble_gatt_aci.c ****   Osal_MemCpy( (void*)&cp0->UUID, (const void*)UUID, uuid_size );
 1940              		.loc 1 511 3 view .LVU660
 1941 0022 2A46     		mov	r2, r5
 1942              	.LVL205:
 1943              		.loc 1 511 3 is_stmt 0 view .LVU661
 1944 0024 4C99     		ldr	r1, [sp, #304]
 1945              	.LVL206:
 1946              		.loc 1 511 3 view .LVU662
 1947 0026 0DF10F00 		add	r0, sp, #15
 1948              	.LVL207:
 1949              		.loc 1 511 3 view .LVU663
 1950 002a FFF7FEFF 		bl	Osal_MemCpy
 1951              	.LVL208:
 512:Middlewares/ST/STM32_WPAN/ble/core/auto/ble_gatt_aci.c ****   index_input += uuid_size;
 1952              		.loc 1 512 3 is_stmt 1 view .LVU664
 1953              		.loc 1 512 15 is_stmt 0 view .LVU665
 1954 002e 0735     		adds	r5, r5, #7
 1955              	.LVL209:
 513:Middlewares/ST/STM32_WPAN/ble/core/auto/ble_gatt_aci.c ****   Osal_MemSet( &rq, 0, sizeof(rq) );
 1956              		.loc 1 513 3 is_stmt 1 view .LVU666
 1957 0030 42AE     		add	r6, sp, #264
 1958 0032 1822     		movs	r2, #24
 1959 0034 0021     		movs	r1, #0
 1960 0036 3046     		mov	r0, r6
 1961 0038 FFF7FEFF 		bl	Osal_MemSet
 1962              	.LVL210:
 514:Middlewares/ST/STM32_WPAN/ble/core/auto/ble_gatt_aci.c ****   rq.ogf = 0x3f;
 1963              		.loc 1 514 3 view .LVU667
 1964              		.loc 1 514 10 is_stmt 0 view .LVU668
 1965 003c 3F23     		movs	r3, #63
 1966 003e ADF80831 		strh	r3, [sp, #264]	@ movhi
 515:Middlewares/ST/STM32_WPAN/ble/core/auto/ble_gatt_aci.c ****   rq.ocf = 0x10e;
 1967              		.loc 1 515 3 is_stmt 1 view .LVU669
 1968              		.loc 1 515 10 is_stmt 0 view .LVU670
 1969 0042 4FF48773 		mov	r3, #270
 1970 0046 ADF80A31 		strh	r3, [sp, #266]	@ movhi
 516:Middlewares/ST/STM32_WPAN/ble/core/auto/ble_gatt_aci.c ****   rq.event = 0x0F;
 1971              		.loc 1 516 3 is_stmt 1 view .LVU671
 1972              		.loc 1 516 12 is_stmt 0 view .LVU672
 1973 004a 0F23     		movs	r3, #15
 1974 004c 4393     		str	r3, [sp, #268]
 517:Middlewares/ST/STM32_WPAN/ble/core/auto/ble_gatt_aci.c ****   rq.cparam = cmd_buffer;
 1975              		.loc 1 517 3 is_stmt 1 view .LVU673
 1976              		.loc 1 517 13 is_stmt 0 view .LVU674
 1977 004e 4494     		str	r4, [sp, #272]
 518:Middlewares/ST/STM32_WPAN/ble/core/auto/ble_gatt_aci.c ****   rq.clen = index_input;
 1978              		.loc 1 518 3 is_stmt 1 view .LVU675
 1979              		.loc 1 518 11 is_stmt 0 view .LVU676
 1980 0050 4595     		str	r5, [sp, #276]
 519:Middlewares/ST/STM32_WPAN/ble/core/auto/ble_gatt_aci.c ****   rq.rparam = &status;
 1981              		.loc 1 519 3 is_stmt 1 view .LVU677
 1982              		.loc 1 519 13 is_stmt 0 view .LVU678
 1983 0052 0DF10703 		add	r3, sp, #7
 1984 0056 4693     		str	r3, [sp, #280]
 520:Middlewares/ST/STM32_WPAN/ble/core/auto/ble_gatt_aci.c ****   rq.rlen = 1;
ARM GAS  C:\Users\Nathan\AppData\Local\Temp\ccJAfMtd.s 			page 45


 1985              		.loc 1 520 3 is_stmt 1 view .LVU679
 1986              		.loc 1 520 11 is_stmt 0 view .LVU680
 1987 0058 0123     		movs	r3, #1
 1988 005a 4793     		str	r3, [sp, #284]
 521:Middlewares/ST/STM32_WPAN/ble/core/auto/ble_gatt_aci.c ****   if ( hci_send_req(&rq, FALSE) < 0 )
 1989              		.loc 1 521 3 is_stmt 1 view .LVU681
 1990              		.loc 1 521 8 is_stmt 0 view .LVU682
 1991 005c 0021     		movs	r1, #0
 1992 005e 3046     		mov	r0, r6
 1993 0060 FFF7FEFF 		bl	hci_send_req
 1994              	.LVL211:
 1995              		.loc 1 521 6 discriminator 1 view .LVU683
 1996 0064 0028     		cmp	r0, #0
 1997 0066 05DB     		blt	.L84
 522:Middlewares/ST/STM32_WPAN/ble/core/auto/ble_gatt_aci.c ****     return BLE_STATUS_TIMEOUT;
 523:Middlewares/ST/STM32_WPAN/ble/core/auto/ble_gatt_aci.c ****   return status;
 1998              		.loc 1 523 3 is_stmt 1 view .LVU684
 1999              		.loc 1 523 10 is_stmt 0 view .LVU685
 2000 0068 9DF80700 		ldrb	r0, [sp, #7]	@ zero_extendqisi2
 2001              	.L82:
 524:Middlewares/ST/STM32_WPAN/ble/core/auto/ble_gatt_aci.c **** }
 2002              		.loc 1 524 1 view .LVU686
 2003 006c 48B0     		add	sp, sp, #288
 2004              		.cfi_remember_state
 2005              		.cfi_def_cfa_offset 16
 2006              		@ sp needed
 2007 006e 70BD     		pop	{r4, r5, r6, pc}
 2008              	.LVL212:
 2009              	.L86:
 2010              		.cfi_restore_state
 502:Middlewares/ST/STM32_WPAN/ble/core/auto/ble_gatt_aci.c ****   cp0->Connection_Handle = Connection_Handle;
 2011              		.loc 1 502 7 discriminator 1 view .LVU687
 2012 0070 1025     		movs	r5, #16
 2013 0072 CDE7     		b	.L81
 2014              	.LVL213:
 2015              	.L84:
 522:Middlewares/ST/STM32_WPAN/ble/core/auto/ble_gatt_aci.c ****     return BLE_STATUS_TIMEOUT;
 2016              		.loc 1 522 12 view .LVU688
 2017 0074 FF20     		movs	r0, #255
 2018 0076 F9E7     		b	.L82
 2019              		.cfi_endproc
 2020              	.LFE13:
 2022              		.section	.text.aci_att_read_by_group_type_req,"ax",%progbits
 2023              		.align	1
 2024              		.global	aci_att_read_by_group_type_req
 2025              		.syntax unified
 2026              		.thumb
 2027              		.thumb_func
 2029              	aci_att_read_by_group_type_req:
 2030              	.LVL214:
 2031              	.LFB14:
 525:Middlewares/ST/STM32_WPAN/ble/core/auto/ble_gatt_aci.c **** 
 526:Middlewares/ST/STM32_WPAN/ble/core/auto/ble_gatt_aci.c **** tBleStatus aci_att_read_by_group_type_req( uint16_t Connection_Handle,
 527:Middlewares/ST/STM32_WPAN/ble/core/auto/ble_gatt_aci.c ****                                            uint16_t Start_Handle,
 528:Middlewares/ST/STM32_WPAN/ble/core/auto/ble_gatt_aci.c ****                                            uint16_t End_Handle,
 529:Middlewares/ST/STM32_WPAN/ble/core/auto/ble_gatt_aci.c ****                                            uint8_t UUID_Type,
 530:Middlewares/ST/STM32_WPAN/ble/core/auto/ble_gatt_aci.c ****                                            const UUID_t* UUID )
ARM GAS  C:\Users\Nathan\AppData\Local\Temp\ccJAfMtd.s 			page 46


 531:Middlewares/ST/STM32_WPAN/ble/core/auto/ble_gatt_aci.c **** {
 2032              		.loc 1 531 1 is_stmt 1 view -0
 2033              		.cfi_startproc
 2034              		@ args = 4, pretend = 0, frame = 288
 2035              		@ frame_needed = 0, uses_anonymous_args = 0
 2036              		.loc 1 531 1 is_stmt 0 view .LVU690
 2037 0000 70B5     		push	{r4, r5, r6, lr}
 2038              		.cfi_def_cfa_offset 16
 2039              		.cfi_offset 4, -16
 2040              		.cfi_offset 5, -12
 2041              		.cfi_offset 6, -8
 2042              		.cfi_offset 14, -4
 2043 0002 C8B0     		sub	sp, sp, #288
 2044              		.cfi_def_cfa_offset 304
 532:Middlewares/ST/STM32_WPAN/ble/core/auto/ble_gatt_aci.c ****   struct hci_request rq;
 2045              		.loc 1 532 3 is_stmt 1 view .LVU691
 533:Middlewares/ST/STM32_WPAN/ble/core/auto/ble_gatt_aci.c ****   uint8_t cmd_buffer[BLE_CMD_MAX_PARAM_LEN];
 2046              		.loc 1 533 3 view .LVU692
 534:Middlewares/ST/STM32_WPAN/ble/core/auto/ble_gatt_aci.c ****   aci_att_read_by_group_type_req_cp0 *cp0 = (aci_att_read_by_group_type_req_cp0*)(cmd_buffer);
 2047              		.loc 1 534 3 view .LVU693
 2048              	.LVL215:
 535:Middlewares/ST/STM32_WPAN/ble/core/auto/ble_gatt_aci.c ****   tBleStatus status = 0;
 2049              		.loc 1 535 3 view .LVU694
 2050              		.loc 1 535 14 is_stmt 0 view .LVU695
 2051 0004 0025     		movs	r5, #0
 2052 0006 8DF80750 		strb	r5, [sp, #7]
 536:Middlewares/ST/STM32_WPAN/ble/core/auto/ble_gatt_aci.c ****   int index_input = 0;
 2053              		.loc 1 536 3 is_stmt 1 view .LVU696
 2054              	.LVL216:
 537:Middlewares/ST/STM32_WPAN/ble/core/auto/ble_gatt_aci.c ****   int uuid_size = (UUID_Type == 2) ? 16 : 2;
 2055              		.loc 1 537 3 view .LVU697
 2056              		.loc 1 537 41 is_stmt 0 view .LVU698
 2057 000a 022B     		cmp	r3, #2
 2058 000c 30D0     		beq	.L93
 2059              		.loc 1 537 7 discriminator 2 view .LVU699
 2060 000e 0225     		movs	r5, #2
 2061              	.L88:
 2062              	.LVL217:
 538:Middlewares/ST/STM32_WPAN/ble/core/auto/ble_gatt_aci.c ****   cp0->Connection_Handle = Connection_Handle;
 2063              		.loc 1 538 3 is_stmt 1 view .LVU700
 2064              		.loc 1 538 26 is_stmt 0 view .LVU701
 2065 0010 02AC     		add	r4, sp, #8
 2066              	.LVL218:
 2067              		.loc 1 538 26 view .LVU702
 2068 0012 ADF80800 		strh	r0, [sp, #8]	@ movhi
 539:Middlewares/ST/STM32_WPAN/ble/core/auto/ble_gatt_aci.c ****   index_input += 2;
 2069              		.loc 1 539 3 is_stmt 1 view .LVU703
 2070              	.LVL219:
 540:Middlewares/ST/STM32_WPAN/ble/core/auto/ble_gatt_aci.c ****   cp0->Start_Handle = Start_Handle;
 2071              		.loc 1 540 3 view .LVU704
 2072              		.loc 1 540 21 is_stmt 0 view .LVU705
 2073 0016 ADF80A10 		strh	r1, [sp, #10]	@ movhi
 541:Middlewares/ST/STM32_WPAN/ble/core/auto/ble_gatt_aci.c ****   index_input += 2;
 2074              		.loc 1 541 3 is_stmt 1 view .LVU706
 2075              	.LVL220:
 542:Middlewares/ST/STM32_WPAN/ble/core/auto/ble_gatt_aci.c ****   cp0->End_Handle = End_Handle;
 2076              		.loc 1 542 3 view .LVU707
ARM GAS  C:\Users\Nathan\AppData\Local\Temp\ccJAfMtd.s 			page 47


 2077              		.loc 1 542 19 is_stmt 0 view .LVU708
 2078 001a ADF80C20 		strh	r2, [sp, #12]	@ movhi
 543:Middlewares/ST/STM32_WPAN/ble/core/auto/ble_gatt_aci.c ****   index_input += 2;
 2079              		.loc 1 543 3 is_stmt 1 view .LVU709
 2080              	.LVL221:
 544:Middlewares/ST/STM32_WPAN/ble/core/auto/ble_gatt_aci.c ****   cp0->UUID_Type = UUID_Type;
 2081              		.loc 1 544 3 view .LVU710
 2082              		.loc 1 544 18 is_stmt 0 view .LVU711
 2083 001e 8DF80E30 		strb	r3, [sp, #14]
 545:Middlewares/ST/STM32_WPAN/ble/core/auto/ble_gatt_aci.c ****   index_input += 1;
 2084              		.loc 1 545 3 is_stmt 1 view .LVU712
 2085              	.LVL222:
 546:Middlewares/ST/STM32_WPAN/ble/core/auto/ble_gatt_aci.c ****   Osal_MemCpy( (void*)&cp0->UUID, (const void*)UUID, uuid_size );
 2086              		.loc 1 546 3 view .LVU713
 2087 0022 2A46     		mov	r2, r5
 2088              	.LVL223:
 2089              		.loc 1 546 3 is_stmt 0 view .LVU714
 2090 0024 4C99     		ldr	r1, [sp, #304]
 2091              	.LVL224:
 2092              		.loc 1 546 3 view .LVU715
 2093 0026 0DF10F00 		add	r0, sp, #15
 2094              	.LVL225:
 2095              		.loc 1 546 3 view .LVU716
 2096 002a FFF7FEFF 		bl	Osal_MemCpy
 2097              	.LVL226:
 547:Middlewares/ST/STM32_WPAN/ble/core/auto/ble_gatt_aci.c ****   index_input += uuid_size;
 2098              		.loc 1 547 3 is_stmt 1 view .LVU717
 2099              		.loc 1 547 15 is_stmt 0 view .LVU718
 2100 002e 0735     		adds	r5, r5, #7
 2101              	.LVL227:
 548:Middlewares/ST/STM32_WPAN/ble/core/auto/ble_gatt_aci.c ****   Osal_MemSet( &rq, 0, sizeof(rq) );
 2102              		.loc 1 548 3 is_stmt 1 view .LVU719
 2103 0030 42AE     		add	r6, sp, #264
 2104 0032 1822     		movs	r2, #24
 2105 0034 0021     		movs	r1, #0
 2106 0036 3046     		mov	r0, r6
 2107 0038 FFF7FEFF 		bl	Osal_MemSet
 2108              	.LVL228:
 549:Middlewares/ST/STM32_WPAN/ble/core/auto/ble_gatt_aci.c ****   rq.ogf = 0x3f;
 2109              		.loc 1 549 3 view .LVU720
 2110              		.loc 1 549 10 is_stmt 0 view .LVU721
 2111 003c 3F23     		movs	r3, #63
 2112 003e ADF80831 		strh	r3, [sp, #264]	@ movhi
 550:Middlewares/ST/STM32_WPAN/ble/core/auto/ble_gatt_aci.c ****   rq.ocf = 0x10f;
 2113              		.loc 1 550 3 is_stmt 1 view .LVU722
 2114              		.loc 1 550 10 is_stmt 0 view .LVU723
 2115 0042 40F20F13 		movw	r3, #271
 2116 0046 ADF80A31 		strh	r3, [sp, #266]	@ movhi
 551:Middlewares/ST/STM32_WPAN/ble/core/auto/ble_gatt_aci.c ****   rq.event = 0x0F;
 2117              		.loc 1 551 3 is_stmt 1 view .LVU724
 2118              		.loc 1 551 12 is_stmt 0 view .LVU725
 2119 004a 0F23     		movs	r3, #15
 2120 004c 4393     		str	r3, [sp, #268]
 552:Middlewares/ST/STM32_WPAN/ble/core/auto/ble_gatt_aci.c ****   rq.cparam = cmd_buffer;
 2121              		.loc 1 552 3 is_stmt 1 view .LVU726
 2122              		.loc 1 552 13 is_stmt 0 view .LVU727
 2123 004e 4494     		str	r4, [sp, #272]
ARM GAS  C:\Users\Nathan\AppData\Local\Temp\ccJAfMtd.s 			page 48


 553:Middlewares/ST/STM32_WPAN/ble/core/auto/ble_gatt_aci.c ****   rq.clen = index_input;
 2124              		.loc 1 553 3 is_stmt 1 view .LVU728
 2125              		.loc 1 553 11 is_stmt 0 view .LVU729
 2126 0050 4595     		str	r5, [sp, #276]
 554:Middlewares/ST/STM32_WPAN/ble/core/auto/ble_gatt_aci.c ****   rq.rparam = &status;
 2127              		.loc 1 554 3 is_stmt 1 view .LVU730
 2128              		.loc 1 554 13 is_stmt 0 view .LVU731
 2129 0052 0DF10703 		add	r3, sp, #7
 2130 0056 4693     		str	r3, [sp, #280]
 555:Middlewares/ST/STM32_WPAN/ble/core/auto/ble_gatt_aci.c ****   rq.rlen = 1;
 2131              		.loc 1 555 3 is_stmt 1 view .LVU732
 2132              		.loc 1 555 11 is_stmt 0 view .LVU733
 2133 0058 0123     		movs	r3, #1
 2134 005a 4793     		str	r3, [sp, #284]
 556:Middlewares/ST/STM32_WPAN/ble/core/auto/ble_gatt_aci.c ****   if ( hci_send_req(&rq, FALSE) < 0 )
 2135              		.loc 1 556 3 is_stmt 1 view .LVU734
 2136              		.loc 1 556 8 is_stmt 0 view .LVU735
 2137 005c 0021     		movs	r1, #0
 2138 005e 3046     		mov	r0, r6
 2139 0060 FFF7FEFF 		bl	hci_send_req
 2140              	.LVL229:
 2141              		.loc 1 556 6 discriminator 1 view .LVU736
 2142 0064 0028     		cmp	r0, #0
 2143 0066 05DB     		blt	.L91
 557:Middlewares/ST/STM32_WPAN/ble/core/auto/ble_gatt_aci.c ****     return BLE_STATUS_TIMEOUT;
 558:Middlewares/ST/STM32_WPAN/ble/core/auto/ble_gatt_aci.c ****   return status;
 2144              		.loc 1 558 3 is_stmt 1 view .LVU737
 2145              		.loc 1 558 10 is_stmt 0 view .LVU738
 2146 0068 9DF80700 		ldrb	r0, [sp, #7]	@ zero_extendqisi2
 2147              	.L89:
 559:Middlewares/ST/STM32_WPAN/ble/core/auto/ble_gatt_aci.c **** }
 2148              		.loc 1 559 1 view .LVU739
 2149 006c 48B0     		add	sp, sp, #288
 2150              		.cfi_remember_state
 2151              		.cfi_def_cfa_offset 16
 2152              		@ sp needed
 2153 006e 70BD     		pop	{r4, r5, r6, pc}
 2154              	.LVL230:
 2155              	.L93:
 2156              		.cfi_restore_state
 537:Middlewares/ST/STM32_WPAN/ble/core/auto/ble_gatt_aci.c ****   cp0->Connection_Handle = Connection_Handle;
 2157              		.loc 1 537 7 discriminator 1 view .LVU740
 2158 0070 1025     		movs	r5, #16
 2159 0072 CDE7     		b	.L88
 2160              	.LVL231:
 2161              	.L91:
 557:Middlewares/ST/STM32_WPAN/ble/core/auto/ble_gatt_aci.c ****     return BLE_STATUS_TIMEOUT;
 2162              		.loc 1 557 12 view .LVU741
 2163 0074 FF20     		movs	r0, #255
 2164 0076 F9E7     		b	.L89
 2165              		.cfi_endproc
 2166              	.LFE14:
 2168              		.section	.text.aci_att_prepare_write_req,"ax",%progbits
 2169              		.align	1
 2170              		.global	aci_att_prepare_write_req
 2171              		.syntax unified
 2172              		.thumb
ARM GAS  C:\Users\Nathan\AppData\Local\Temp\ccJAfMtd.s 			page 49


 2173              		.thumb_func
 2175              	aci_att_prepare_write_req:
 2176              	.LVL232:
 2177              	.LFB15:
 560:Middlewares/ST/STM32_WPAN/ble/core/auto/ble_gatt_aci.c **** 
 561:Middlewares/ST/STM32_WPAN/ble/core/auto/ble_gatt_aci.c **** tBleStatus aci_att_prepare_write_req( uint16_t Connection_Handle,
 562:Middlewares/ST/STM32_WPAN/ble/core/auto/ble_gatt_aci.c ****                                       uint16_t Attr_Handle,
 563:Middlewares/ST/STM32_WPAN/ble/core/auto/ble_gatt_aci.c ****                                       uint16_t Val_Offset,
 564:Middlewares/ST/STM32_WPAN/ble/core/auto/ble_gatt_aci.c ****                                       uint8_t Attribute_Val_Length,
 565:Middlewares/ST/STM32_WPAN/ble/core/auto/ble_gatt_aci.c ****                                       const uint8_t* Attribute_Val )
 566:Middlewares/ST/STM32_WPAN/ble/core/auto/ble_gatt_aci.c **** {
 2178              		.loc 1 566 1 is_stmt 1 view -0
 2179              		.cfi_startproc
 2180              		@ args = 4, pretend = 0, frame = 288
 2181              		@ frame_needed = 0, uses_anonymous_args = 0
 2182              		.loc 1 566 1 is_stmt 0 view .LVU743
 2183 0000 2DE9F041 		push	{r4, r5, r6, r7, r8, lr}
 2184              		.cfi_def_cfa_offset 24
 2185              		.cfi_offset 4, -24
 2186              		.cfi_offset 5, -20
 2187              		.cfi_offset 6, -16
 2188              		.cfi_offset 7, -12
 2189              		.cfi_offset 8, -8
 2190              		.cfi_offset 14, -4
 2191 0004 C8B0     		sub	sp, sp, #288
 2192              		.cfi_def_cfa_offset 312
 2193 0006 1C46     		mov	r4, r3
 567:Middlewares/ST/STM32_WPAN/ble/core/auto/ble_gatt_aci.c ****   struct hci_request rq;
 2194              		.loc 1 567 3 is_stmt 1 view .LVU744
 568:Middlewares/ST/STM32_WPAN/ble/core/auto/ble_gatt_aci.c ****   uint8_t cmd_buffer[BLE_CMD_MAX_PARAM_LEN];
 2195              		.loc 1 568 3 view .LVU745
 569:Middlewares/ST/STM32_WPAN/ble/core/auto/ble_gatt_aci.c ****   aci_att_prepare_write_req_cp0 *cp0 = (aci_att_prepare_write_req_cp0*)(cmd_buffer);
 2196              		.loc 1 569 3 view .LVU746
 2197              	.LVL233:
 570:Middlewares/ST/STM32_WPAN/ble/core/auto/ble_gatt_aci.c ****   tBleStatus status = 0;
 2198              		.loc 1 570 3 view .LVU747
 2199              		.loc 1 570 14 is_stmt 0 view .LVU748
 2200 0008 0DF10708 		add	r8, sp, #7
 2201 000c 0026     		movs	r6, #0
 2202 000e 8DF80760 		strb	r6, [sp, #7]
 571:Middlewares/ST/STM32_WPAN/ble/core/auto/ble_gatt_aci.c ****   int index_input = 0;
 2203              		.loc 1 571 3 is_stmt 1 view .LVU749
 2204              	.LVL234:
 572:Middlewares/ST/STM32_WPAN/ble/core/auto/ble_gatt_aci.c ****   cp0->Connection_Handle = Connection_Handle;
 2205              		.loc 1 572 3 view .LVU750
 2206              		.loc 1 572 26 is_stmt 0 view .LVU751
 2207 0012 02AD     		add	r5, sp, #8
 2208              	.LVL235:
 2209              		.loc 1 572 26 view .LVU752
 2210 0014 ADF80800 		strh	r0, [sp, #8]	@ movhi
 573:Middlewares/ST/STM32_WPAN/ble/core/auto/ble_gatt_aci.c ****   index_input += 2;
 2211              		.loc 1 573 3 is_stmt 1 view .LVU753
 2212              	.LVL236:
 574:Middlewares/ST/STM32_WPAN/ble/core/auto/ble_gatt_aci.c ****   cp0->Attr_Handle = Attr_Handle;
 2213              		.loc 1 574 3 view .LVU754
 2214              		.loc 1 574 20 is_stmt 0 view .LVU755
 2215 0018 ADF80A10 		strh	r1, [sp, #10]	@ movhi
ARM GAS  C:\Users\Nathan\AppData\Local\Temp\ccJAfMtd.s 			page 50


 575:Middlewares/ST/STM32_WPAN/ble/core/auto/ble_gatt_aci.c ****   index_input += 2;
 2216              		.loc 1 575 3 is_stmt 1 view .LVU756
 2217              	.LVL237:
 576:Middlewares/ST/STM32_WPAN/ble/core/auto/ble_gatt_aci.c ****   cp0->Val_Offset = Val_Offset;
 2218              		.loc 1 576 3 view .LVU757
 2219              		.loc 1 576 19 is_stmt 0 view .LVU758
 2220 001c ADF80C20 		strh	r2, [sp, #12]	@ movhi
 577:Middlewares/ST/STM32_WPAN/ble/core/auto/ble_gatt_aci.c ****   index_input += 2;
 2221              		.loc 1 577 3 is_stmt 1 view .LVU759
 2222              	.LVL238:
 578:Middlewares/ST/STM32_WPAN/ble/core/auto/ble_gatt_aci.c ****   cp0->Attribute_Val_Length = Attribute_Val_Length;
 2223              		.loc 1 578 3 view .LVU760
 2224              		.loc 1 578 29 is_stmt 0 view .LVU761
 2225 0020 8DF80E30 		strb	r3, [sp, #14]
 579:Middlewares/ST/STM32_WPAN/ble/core/auto/ble_gatt_aci.c ****   index_input += 1;
 2226              		.loc 1 579 3 is_stmt 1 view .LVU762
 2227              	.LVL239:
 580:Middlewares/ST/STM32_WPAN/ble/core/auto/ble_gatt_aci.c ****   Osal_MemCpy( (void*)&cp0->Attribute_Val, (const void*)Attribute_Val, Attribute_Val_Length );
 2228              		.loc 1 580 3 view .LVU763
 2229 0024 1A46     		mov	r2, r3
 2230              	.LVL240:
 2231              		.loc 1 580 3 is_stmt 0 view .LVU764
 2232 0026 4E99     		ldr	r1, [sp, #312]
 2233              	.LVL241:
 2234              		.loc 1 580 3 view .LVU765
 2235 0028 0DF10F00 		add	r0, sp, #15
 2236              	.LVL242:
 2237              		.loc 1 580 3 view .LVU766
 2238 002c FFF7FEFF 		bl	Osal_MemCpy
 2239              	.LVL243:
 581:Middlewares/ST/STM32_WPAN/ble/core/auto/ble_gatt_aci.c ****   index_input += Attribute_Val_Length;
 2240              		.loc 1 581 3 is_stmt 1 view .LVU767
 2241              		.loc 1 581 15 is_stmt 0 view .LVU768
 2242 0030 0734     		adds	r4, r4, #7
 2243              	.LVL244:
 582:Middlewares/ST/STM32_WPAN/ble/core/auto/ble_gatt_aci.c ****   Osal_MemSet( &rq, 0, sizeof(rq) );
 2244              		.loc 1 582 3 is_stmt 1 view .LVU769
 2245 0032 42AF     		add	r7, sp, #264
 2246 0034 1822     		movs	r2, #24
 2247 0036 3146     		mov	r1, r6
 2248 0038 3846     		mov	r0, r7
 2249 003a FFF7FEFF 		bl	Osal_MemSet
 2250              	.LVL245:
 583:Middlewares/ST/STM32_WPAN/ble/core/auto/ble_gatt_aci.c ****   rq.ogf = 0x3f;
 2251              		.loc 1 583 3 view .LVU770
 2252              		.loc 1 583 10 is_stmt 0 view .LVU771
 2253 003e 3F23     		movs	r3, #63
 2254 0040 ADF80831 		strh	r3, [sp, #264]	@ movhi
 584:Middlewares/ST/STM32_WPAN/ble/core/auto/ble_gatt_aci.c ****   rq.ocf = 0x110;
 2255              		.loc 1 584 3 is_stmt 1 view .LVU772
 2256              		.loc 1 584 10 is_stmt 0 view .LVU773
 2257 0044 4FF48873 		mov	r3, #272
 2258 0048 ADF80A31 		strh	r3, [sp, #266]	@ movhi
 585:Middlewares/ST/STM32_WPAN/ble/core/auto/ble_gatt_aci.c ****   rq.event = 0x0F;
 2259              		.loc 1 585 3 is_stmt 1 view .LVU774
 2260              		.loc 1 585 12 is_stmt 0 view .LVU775
 2261 004c 0F23     		movs	r3, #15
ARM GAS  C:\Users\Nathan\AppData\Local\Temp\ccJAfMtd.s 			page 51


 2262 004e 4393     		str	r3, [sp, #268]
 586:Middlewares/ST/STM32_WPAN/ble/core/auto/ble_gatt_aci.c ****   rq.cparam = cmd_buffer;
 2263              		.loc 1 586 3 is_stmt 1 view .LVU776
 2264              		.loc 1 586 13 is_stmt 0 view .LVU777
 2265 0050 4495     		str	r5, [sp, #272]
 587:Middlewares/ST/STM32_WPAN/ble/core/auto/ble_gatt_aci.c ****   rq.clen = index_input;
 2266              		.loc 1 587 3 is_stmt 1 view .LVU778
 2267              		.loc 1 587 11 is_stmt 0 view .LVU779
 2268 0052 4594     		str	r4, [sp, #276]
 588:Middlewares/ST/STM32_WPAN/ble/core/auto/ble_gatt_aci.c ****   rq.rparam = &status;
 2269              		.loc 1 588 3 is_stmt 1 view .LVU780
 2270              		.loc 1 588 13 is_stmt 0 view .LVU781
 2271 0054 CDF81881 		str	r8, [sp, #280]
 589:Middlewares/ST/STM32_WPAN/ble/core/auto/ble_gatt_aci.c ****   rq.rlen = 1;
 2272              		.loc 1 589 3 is_stmt 1 view .LVU782
 2273              		.loc 1 589 11 is_stmt 0 view .LVU783
 2274 0058 0123     		movs	r3, #1
 2275 005a 4793     		str	r3, [sp, #284]
 590:Middlewares/ST/STM32_WPAN/ble/core/auto/ble_gatt_aci.c ****   if ( hci_send_req(&rq, FALSE) < 0 )
 2276              		.loc 1 590 3 is_stmt 1 view .LVU784
 2277              		.loc 1 590 8 is_stmt 0 view .LVU785
 2278 005c 3146     		mov	r1, r6
 2279 005e 3846     		mov	r0, r7
 2280 0060 FFF7FEFF 		bl	hci_send_req
 2281              	.LVL246:
 2282              		.loc 1 590 6 discriminator 1 view .LVU786
 2283 0064 B042     		cmp	r0, r6
 2284 0066 04DB     		blt	.L96
 591:Middlewares/ST/STM32_WPAN/ble/core/auto/ble_gatt_aci.c ****     return BLE_STATUS_TIMEOUT;
 592:Middlewares/ST/STM32_WPAN/ble/core/auto/ble_gatt_aci.c ****   return status;
 2285              		.loc 1 592 3 is_stmt 1 view .LVU787
 2286              		.loc 1 592 10 is_stmt 0 view .LVU788
 2287 0068 98F80000 		ldrb	r0, [r8]	@ zero_extendqisi2
 2288              	.L95:
 593:Middlewares/ST/STM32_WPAN/ble/core/auto/ble_gatt_aci.c **** }
 2289              		.loc 1 593 1 view .LVU789
 2290 006c 48B0     		add	sp, sp, #288
 2291              		.cfi_remember_state
 2292              		.cfi_def_cfa_offset 24
 2293              		@ sp needed
 2294 006e BDE8F081 		pop	{r4, r5, r6, r7, r8, pc}
 2295              	.LVL247:
 2296              	.L96:
 2297              		.cfi_restore_state
 591:Middlewares/ST/STM32_WPAN/ble/core/auto/ble_gatt_aci.c ****     return BLE_STATUS_TIMEOUT;
 2298              		.loc 1 591 12 view .LVU790
 2299 0072 FF20     		movs	r0, #255
 2300 0074 FAE7     		b	.L95
 2301              		.cfi_endproc
 2302              	.LFE15:
 2304              		.section	.text.aci_att_execute_write_req,"ax",%progbits
 2305              		.align	1
 2306              		.global	aci_att_execute_write_req
 2307              		.syntax unified
 2308              		.thumb
 2309              		.thumb_func
 2311              	aci_att_execute_write_req:
ARM GAS  C:\Users\Nathan\AppData\Local\Temp\ccJAfMtd.s 			page 52


 2312              	.LVL248:
 2313              	.LFB16:
 594:Middlewares/ST/STM32_WPAN/ble/core/auto/ble_gatt_aci.c **** 
 595:Middlewares/ST/STM32_WPAN/ble/core/auto/ble_gatt_aci.c **** tBleStatus aci_att_execute_write_req( uint16_t Connection_Handle,
 596:Middlewares/ST/STM32_WPAN/ble/core/auto/ble_gatt_aci.c ****                                       uint8_t Execute )
 597:Middlewares/ST/STM32_WPAN/ble/core/auto/ble_gatt_aci.c **** {
 2314              		.loc 1 597 1 is_stmt 1 view -0
 2315              		.cfi_startproc
 2316              		@ args = 0, pretend = 0, frame = 288
 2317              		@ frame_needed = 0, uses_anonymous_args = 0
 2318              		.loc 1 597 1 is_stmt 0 view .LVU792
 2319 0000 F0B5     		push	{r4, r5, r6, r7, lr}
 2320              		.cfi_def_cfa_offset 20
 2321              		.cfi_offset 4, -20
 2322              		.cfi_offset 5, -16
 2323              		.cfi_offset 6, -12
 2324              		.cfi_offset 7, -8
 2325              		.cfi_offset 14, -4
 2326 0002 C9B0     		sub	sp, sp, #292
 2327              		.cfi_def_cfa_offset 312
 598:Middlewares/ST/STM32_WPAN/ble/core/auto/ble_gatt_aci.c ****   struct hci_request rq;
 2328              		.loc 1 598 3 is_stmt 1 view .LVU793
 599:Middlewares/ST/STM32_WPAN/ble/core/auto/ble_gatt_aci.c ****   uint8_t cmd_buffer[BLE_CMD_MAX_PARAM_LEN];
 2329              		.loc 1 599 3 view .LVU794
 600:Middlewares/ST/STM32_WPAN/ble/core/auto/ble_gatt_aci.c ****   aci_att_execute_write_req_cp0 *cp0 = (aci_att_execute_write_req_cp0*)(cmd_buffer);
 2330              		.loc 1 600 3 view .LVU795
 2331              	.LVL249:
 601:Middlewares/ST/STM32_WPAN/ble/core/auto/ble_gatt_aci.c ****   tBleStatus status = 0;
 2332              		.loc 1 601 3 view .LVU796
 2333              		.loc 1 601 14 is_stmt 0 view .LVU797
 2334 0004 0DF10707 		add	r7, sp, #7
 2335 0008 0024     		movs	r4, #0
 2336 000a 8DF80740 		strb	r4, [sp, #7]
 602:Middlewares/ST/STM32_WPAN/ble/core/auto/ble_gatt_aci.c ****   int index_input = 0;
 2337              		.loc 1 602 3 is_stmt 1 view .LVU798
 2338              	.LVL250:
 603:Middlewares/ST/STM32_WPAN/ble/core/auto/ble_gatt_aci.c ****   cp0->Connection_Handle = Connection_Handle;
 2339              		.loc 1 603 3 view .LVU799
 2340              		.loc 1 603 26 is_stmt 0 view .LVU800
 2341 000e 02AD     		add	r5, sp, #8
 2342              	.LVL251:
 2343              		.loc 1 603 26 view .LVU801
 2344 0010 ADF80800 		strh	r0, [sp, #8]	@ movhi
 604:Middlewares/ST/STM32_WPAN/ble/core/auto/ble_gatt_aci.c ****   index_input += 2;
 2345              		.loc 1 604 3 is_stmt 1 view .LVU802
 2346              	.LVL252:
 605:Middlewares/ST/STM32_WPAN/ble/core/auto/ble_gatt_aci.c ****   cp0->Execute = Execute;
 2347              		.loc 1 605 3 view .LVU803
 2348              		.loc 1 605 16 is_stmt 0 view .LVU804
 2349 0014 8DF80A10 		strb	r1, [sp, #10]
 606:Middlewares/ST/STM32_WPAN/ble/core/auto/ble_gatt_aci.c ****   index_input += 1;
 2350              		.loc 1 606 3 is_stmt 1 view .LVU805
 2351              	.LVL253:
 607:Middlewares/ST/STM32_WPAN/ble/core/auto/ble_gatt_aci.c ****   Osal_MemSet( &rq, 0, sizeof(rq) );
 2352              		.loc 1 607 3 view .LVU806
 2353 0018 42AE     		add	r6, sp, #264
 2354 001a 1822     		movs	r2, #24
ARM GAS  C:\Users\Nathan\AppData\Local\Temp\ccJAfMtd.s 			page 53


 2355 001c 2146     		mov	r1, r4
 2356              	.LVL254:
 2357              		.loc 1 607 3 is_stmt 0 view .LVU807
 2358 001e 3046     		mov	r0, r6
 2359              	.LVL255:
 2360              		.loc 1 607 3 view .LVU808
 2361 0020 FFF7FEFF 		bl	Osal_MemSet
 2362              	.LVL256:
 608:Middlewares/ST/STM32_WPAN/ble/core/auto/ble_gatt_aci.c ****   rq.ogf = 0x3f;
 2363              		.loc 1 608 3 is_stmt 1 view .LVU809
 2364              		.loc 1 608 10 is_stmt 0 view .LVU810
 2365 0024 3F23     		movs	r3, #63
 2366 0026 ADF80831 		strh	r3, [sp, #264]	@ movhi
 609:Middlewares/ST/STM32_WPAN/ble/core/auto/ble_gatt_aci.c ****   rq.ocf = 0x111;
 2367              		.loc 1 609 3 is_stmt 1 view .LVU811
 2368              		.loc 1 609 10 is_stmt 0 view .LVU812
 2369 002a 40F21113 		movw	r3, #273
 2370 002e ADF80A31 		strh	r3, [sp, #266]	@ movhi
 610:Middlewares/ST/STM32_WPAN/ble/core/auto/ble_gatt_aci.c ****   rq.event = 0x0F;
 2371              		.loc 1 610 3 is_stmt 1 view .LVU813
 2372              		.loc 1 610 12 is_stmt 0 view .LVU814
 2373 0032 0F23     		movs	r3, #15
 2374 0034 4393     		str	r3, [sp, #268]
 611:Middlewares/ST/STM32_WPAN/ble/core/auto/ble_gatt_aci.c ****   rq.cparam = cmd_buffer;
 2375              		.loc 1 611 3 is_stmt 1 view .LVU815
 2376              		.loc 1 611 13 is_stmt 0 view .LVU816
 2377 0036 4495     		str	r5, [sp, #272]
 612:Middlewares/ST/STM32_WPAN/ble/core/auto/ble_gatt_aci.c ****   rq.clen = index_input;
 2378              		.loc 1 612 3 is_stmt 1 view .LVU817
 2379              		.loc 1 612 11 is_stmt 0 view .LVU818
 2380 0038 0323     		movs	r3, #3
 2381 003a 4593     		str	r3, [sp, #276]
 613:Middlewares/ST/STM32_WPAN/ble/core/auto/ble_gatt_aci.c ****   rq.rparam = &status;
 2382              		.loc 1 613 3 is_stmt 1 view .LVU819
 2383              		.loc 1 613 13 is_stmt 0 view .LVU820
 2384 003c 4697     		str	r7, [sp, #280]
 614:Middlewares/ST/STM32_WPAN/ble/core/auto/ble_gatt_aci.c ****   rq.rlen = 1;
 2385              		.loc 1 614 3 is_stmt 1 view .LVU821
 2386              		.loc 1 614 11 is_stmt 0 view .LVU822
 2387 003e 0123     		movs	r3, #1
 2388 0040 4793     		str	r3, [sp, #284]
 615:Middlewares/ST/STM32_WPAN/ble/core/auto/ble_gatt_aci.c ****   if ( hci_send_req(&rq, FALSE) < 0 )
 2389              		.loc 1 615 3 is_stmt 1 view .LVU823
 2390              		.loc 1 615 8 is_stmt 0 view .LVU824
 2391 0042 2146     		mov	r1, r4
 2392 0044 3046     		mov	r0, r6
 2393 0046 FFF7FEFF 		bl	hci_send_req
 2394              	.LVL257:
 2395              		.loc 1 615 6 discriminator 1 view .LVU825
 2396 004a A042     		cmp	r0, r4
 2397 004c 02DB     		blt	.L100
 616:Middlewares/ST/STM32_WPAN/ble/core/auto/ble_gatt_aci.c ****     return BLE_STATUS_TIMEOUT;
 617:Middlewares/ST/STM32_WPAN/ble/core/auto/ble_gatt_aci.c ****   return status;
 2398              		.loc 1 617 3 is_stmt 1 view .LVU826
 2399              		.loc 1 617 10 is_stmt 0 view .LVU827
 2400 004e 3878     		ldrb	r0, [r7]	@ zero_extendqisi2
 2401              	.L99:
ARM GAS  C:\Users\Nathan\AppData\Local\Temp\ccJAfMtd.s 			page 54


 618:Middlewares/ST/STM32_WPAN/ble/core/auto/ble_gatt_aci.c **** }
 2402              		.loc 1 618 1 view .LVU828
 2403 0050 49B0     		add	sp, sp, #292
 2404              		.cfi_remember_state
 2405              		.cfi_def_cfa_offset 20
 2406              		@ sp needed
 2407 0052 F0BD     		pop	{r4, r5, r6, r7, pc}
 2408              	.LVL258:
 2409              	.L100:
 2410              		.cfi_restore_state
 616:Middlewares/ST/STM32_WPAN/ble/core/auto/ble_gatt_aci.c ****     return BLE_STATUS_TIMEOUT;
 2411              		.loc 1 616 12 view .LVU829
 2412 0054 FF20     		movs	r0, #255
 2413 0056 FBE7     		b	.L99
 2414              		.cfi_endproc
 2415              	.LFE16:
 2417              		.section	.text.aci_gatt_disc_all_primary_services,"ax",%progbits
 2418              		.align	1
 2419              		.global	aci_gatt_disc_all_primary_services
 2420              		.syntax unified
 2421              		.thumb
 2422              		.thumb_func
 2424              	aci_gatt_disc_all_primary_services:
 2425              	.LVL259:
 2426              	.LFB17:
 619:Middlewares/ST/STM32_WPAN/ble/core/auto/ble_gatt_aci.c **** 
 620:Middlewares/ST/STM32_WPAN/ble/core/auto/ble_gatt_aci.c **** tBleStatus aci_gatt_disc_all_primary_services( uint16_t Connection_Handle )
 621:Middlewares/ST/STM32_WPAN/ble/core/auto/ble_gatt_aci.c **** {
 2427              		.loc 1 621 1 is_stmt 1 view -0
 2428              		.cfi_startproc
 2429              		@ args = 0, pretend = 0, frame = 288
 2430              		@ frame_needed = 0, uses_anonymous_args = 0
 2431              		.loc 1 621 1 is_stmt 0 view .LVU831
 2432 0000 F0B5     		push	{r4, r5, r6, r7, lr}
 2433              		.cfi_def_cfa_offset 20
 2434              		.cfi_offset 4, -20
 2435              		.cfi_offset 5, -16
 2436              		.cfi_offset 6, -12
 2437              		.cfi_offset 7, -8
 2438              		.cfi_offset 14, -4
 2439 0002 C9B0     		sub	sp, sp, #292
 2440              		.cfi_def_cfa_offset 312
 622:Middlewares/ST/STM32_WPAN/ble/core/auto/ble_gatt_aci.c ****   struct hci_request rq;
 2441              		.loc 1 622 3 is_stmt 1 view .LVU832
 623:Middlewares/ST/STM32_WPAN/ble/core/auto/ble_gatt_aci.c ****   uint8_t cmd_buffer[BLE_CMD_MAX_PARAM_LEN];
 2442              		.loc 1 623 3 view .LVU833
 624:Middlewares/ST/STM32_WPAN/ble/core/auto/ble_gatt_aci.c ****   aci_gatt_disc_all_primary_services_cp0 *cp0 = (aci_gatt_disc_all_primary_services_cp0*)(cmd_buffe
 2443              		.loc 1 624 3 view .LVU834
 2444              	.LVL260:
 625:Middlewares/ST/STM32_WPAN/ble/core/auto/ble_gatt_aci.c ****   tBleStatus status = 0;
 2445              		.loc 1 625 3 view .LVU835
 2446              		.loc 1 625 14 is_stmt 0 view .LVU836
 2447 0004 0DF10706 		add	r6, sp, #7
 2448 0008 0024     		movs	r4, #0
 2449 000a 8DF80740 		strb	r4, [sp, #7]
 626:Middlewares/ST/STM32_WPAN/ble/core/auto/ble_gatt_aci.c ****   int index_input = 0;
 2450              		.loc 1 626 3 is_stmt 1 view .LVU837
ARM GAS  C:\Users\Nathan\AppData\Local\Temp\ccJAfMtd.s 			page 55


 2451              	.LVL261:
 627:Middlewares/ST/STM32_WPAN/ble/core/auto/ble_gatt_aci.c ****   cp0->Connection_Handle = Connection_Handle;
 2452              		.loc 1 627 3 view .LVU838
 2453              		.loc 1 627 26 is_stmt 0 view .LVU839
 2454 000e 02AF     		add	r7, sp, #8
 2455              	.LVL262:
 2456              		.loc 1 627 26 view .LVU840
 2457 0010 ADF80800 		strh	r0, [sp, #8]	@ movhi
 628:Middlewares/ST/STM32_WPAN/ble/core/auto/ble_gatt_aci.c ****   index_input += 2;
 2458              		.loc 1 628 3 is_stmt 1 view .LVU841
 2459              	.LVL263:
 629:Middlewares/ST/STM32_WPAN/ble/core/auto/ble_gatt_aci.c ****   Osal_MemSet( &rq, 0, sizeof(rq) );
 2460              		.loc 1 629 3 view .LVU842
 2461 0014 42AD     		add	r5, sp, #264
 2462 0016 1822     		movs	r2, #24
 2463 0018 2146     		mov	r1, r4
 2464 001a 2846     		mov	r0, r5
 2465              	.LVL264:
 2466              		.loc 1 629 3 is_stmt 0 view .LVU843
 2467 001c FFF7FEFF 		bl	Osal_MemSet
 2468              	.LVL265:
 630:Middlewares/ST/STM32_WPAN/ble/core/auto/ble_gatt_aci.c ****   rq.ogf = 0x3f;
 2469              		.loc 1 630 3 is_stmt 1 view .LVU844
 2470              		.loc 1 630 10 is_stmt 0 view .LVU845
 2471 0020 3F23     		movs	r3, #63
 2472 0022 ADF80831 		strh	r3, [sp, #264]	@ movhi
 631:Middlewares/ST/STM32_WPAN/ble/core/auto/ble_gatt_aci.c ****   rq.ocf = 0x112;
 2473              		.loc 1 631 3 is_stmt 1 view .LVU846
 2474              		.loc 1 631 10 is_stmt 0 view .LVU847
 2475 0026 4FF48973 		mov	r3, #274
 2476 002a ADF80A31 		strh	r3, [sp, #266]	@ movhi
 632:Middlewares/ST/STM32_WPAN/ble/core/auto/ble_gatt_aci.c ****   rq.event = 0x0F;
 2477              		.loc 1 632 3 is_stmt 1 view .LVU848
 2478              		.loc 1 632 12 is_stmt 0 view .LVU849
 2479 002e 0F23     		movs	r3, #15
 2480 0030 4393     		str	r3, [sp, #268]
 633:Middlewares/ST/STM32_WPAN/ble/core/auto/ble_gatt_aci.c ****   rq.cparam = cmd_buffer;
 2481              		.loc 1 633 3 is_stmt 1 view .LVU850
 2482              		.loc 1 633 13 is_stmt 0 view .LVU851
 2483 0032 4497     		str	r7, [sp, #272]
 634:Middlewares/ST/STM32_WPAN/ble/core/auto/ble_gatt_aci.c ****   rq.clen = index_input;
 2484              		.loc 1 634 3 is_stmt 1 view .LVU852
 2485              		.loc 1 634 11 is_stmt 0 view .LVU853
 2486 0034 0223     		movs	r3, #2
 2487 0036 4593     		str	r3, [sp, #276]
 635:Middlewares/ST/STM32_WPAN/ble/core/auto/ble_gatt_aci.c ****   rq.rparam = &status;
 2488              		.loc 1 635 3 is_stmt 1 view .LVU854
 2489              		.loc 1 635 13 is_stmt 0 view .LVU855
 2490 0038 4696     		str	r6, [sp, #280]
 636:Middlewares/ST/STM32_WPAN/ble/core/auto/ble_gatt_aci.c ****   rq.rlen = 1;
 2491              		.loc 1 636 3 is_stmt 1 view .LVU856
 2492              		.loc 1 636 11 is_stmt 0 view .LVU857
 2493 003a 0123     		movs	r3, #1
 2494 003c 4793     		str	r3, [sp, #284]
 637:Middlewares/ST/STM32_WPAN/ble/core/auto/ble_gatt_aci.c ****   if ( hci_send_req(&rq, FALSE) < 0 )
 2495              		.loc 1 637 3 is_stmt 1 view .LVU858
 2496              		.loc 1 637 8 is_stmt 0 view .LVU859
ARM GAS  C:\Users\Nathan\AppData\Local\Temp\ccJAfMtd.s 			page 56


 2497 003e 2146     		mov	r1, r4
 2498 0040 2846     		mov	r0, r5
 2499 0042 FFF7FEFF 		bl	hci_send_req
 2500              	.LVL266:
 2501              		.loc 1 637 6 discriminator 1 view .LVU860
 2502 0046 A042     		cmp	r0, r4
 2503 0048 02DB     		blt	.L104
 638:Middlewares/ST/STM32_WPAN/ble/core/auto/ble_gatt_aci.c ****     return BLE_STATUS_TIMEOUT;
 639:Middlewares/ST/STM32_WPAN/ble/core/auto/ble_gatt_aci.c ****   return status;
 2504              		.loc 1 639 3 is_stmt 1 view .LVU861
 2505              		.loc 1 639 10 is_stmt 0 view .LVU862
 2506 004a 3078     		ldrb	r0, [r6]	@ zero_extendqisi2
 2507              	.L103:
 640:Middlewares/ST/STM32_WPAN/ble/core/auto/ble_gatt_aci.c **** }
 2508              		.loc 1 640 1 view .LVU863
 2509 004c 49B0     		add	sp, sp, #292
 2510              		.cfi_remember_state
 2511              		.cfi_def_cfa_offset 20
 2512              		@ sp needed
 2513 004e F0BD     		pop	{r4, r5, r6, r7, pc}
 2514              	.LVL267:
 2515              	.L104:
 2516              		.cfi_restore_state
 638:Middlewares/ST/STM32_WPAN/ble/core/auto/ble_gatt_aci.c ****     return BLE_STATUS_TIMEOUT;
 2517              		.loc 1 638 12 view .LVU864
 2518 0050 FF20     		movs	r0, #255
 2519 0052 FBE7     		b	.L103
 2520              		.cfi_endproc
 2521              	.LFE17:
 2523              		.section	.text.aci_gatt_disc_primary_service_by_uuid,"ax",%progbits
 2524              		.align	1
 2525              		.global	aci_gatt_disc_primary_service_by_uuid
 2526              		.syntax unified
 2527              		.thumb
 2528              		.thumb_func
 2530              	aci_gatt_disc_primary_service_by_uuid:
 2531              	.LVL268:
 2532              	.LFB18:
 641:Middlewares/ST/STM32_WPAN/ble/core/auto/ble_gatt_aci.c **** 
 642:Middlewares/ST/STM32_WPAN/ble/core/auto/ble_gatt_aci.c **** tBleStatus aci_gatt_disc_primary_service_by_uuid( uint16_t Connection_Handle,
 643:Middlewares/ST/STM32_WPAN/ble/core/auto/ble_gatt_aci.c ****                                                   uint8_t UUID_Type,
 644:Middlewares/ST/STM32_WPAN/ble/core/auto/ble_gatt_aci.c ****                                                   const UUID_t* UUID )
 645:Middlewares/ST/STM32_WPAN/ble/core/auto/ble_gatt_aci.c **** {
 2533              		.loc 1 645 1 is_stmt 1 view -0
 2534              		.cfi_startproc
 2535              		@ args = 0, pretend = 0, frame = 288
 2536              		@ frame_needed = 0, uses_anonymous_args = 0
 2537              		.loc 1 645 1 is_stmt 0 view .LVU866
 2538 0000 70B5     		push	{r4, r5, r6, lr}
 2539              		.cfi_def_cfa_offset 16
 2540              		.cfi_offset 4, -16
 2541              		.cfi_offset 5, -12
 2542              		.cfi_offset 6, -8
 2543              		.cfi_offset 14, -4
 2544 0002 C8B0     		sub	sp, sp, #288
 2545              		.cfi_def_cfa_offset 304
 2546 0004 0B46     		mov	r3, r1
ARM GAS  C:\Users\Nathan\AppData\Local\Temp\ccJAfMtd.s 			page 57


 2547 0006 1146     		mov	r1, r2
 2548              	.LVL269:
 646:Middlewares/ST/STM32_WPAN/ble/core/auto/ble_gatt_aci.c ****   struct hci_request rq;
 2549              		.loc 1 646 3 is_stmt 1 view .LVU867
 647:Middlewares/ST/STM32_WPAN/ble/core/auto/ble_gatt_aci.c ****   uint8_t cmd_buffer[BLE_CMD_MAX_PARAM_LEN];
 2550              		.loc 1 647 3 view .LVU868
 648:Middlewares/ST/STM32_WPAN/ble/core/auto/ble_gatt_aci.c ****   aci_gatt_disc_primary_service_by_uuid_cp0 *cp0 = (aci_gatt_disc_primary_service_by_uuid_cp0*)(cmd
 2551              		.loc 1 648 3 view .LVU869
 649:Middlewares/ST/STM32_WPAN/ble/core/auto/ble_gatt_aci.c ****   tBleStatus status = 0;
 2552              		.loc 1 649 3 view .LVU870
 2553              		.loc 1 649 14 is_stmt 0 view .LVU871
 2554 0008 0024     		movs	r4, #0
 2555 000a 8DF80740 		strb	r4, [sp, #7]
 650:Middlewares/ST/STM32_WPAN/ble/core/auto/ble_gatt_aci.c ****   int index_input = 0;
 2556              		.loc 1 650 3 is_stmt 1 view .LVU872
 2557              	.LVL270:
 651:Middlewares/ST/STM32_WPAN/ble/core/auto/ble_gatt_aci.c ****   int uuid_size = (UUID_Type == 2) ? 16 : 2;
 2558              		.loc 1 651 3 view .LVU873
 2559              		.loc 1 651 41 is_stmt 0 view .LVU874
 2560 000e 022B     		cmp	r3, #2
 2561 0010 2BD0     		beq	.L112
 2562              		.loc 1 651 7 discriminator 2 view .LVU875
 2563 0012 0224     		movs	r4, #2
 2564              	.L107:
 2565              	.LVL271:
 652:Middlewares/ST/STM32_WPAN/ble/core/auto/ble_gatt_aci.c ****   cp0->Connection_Handle = Connection_Handle;
 2566              		.loc 1 652 3 is_stmt 1 view .LVU876
 2567              		.loc 1 652 26 is_stmt 0 view .LVU877
 2568 0014 02AD     		add	r5, sp, #8
 2569              	.LVL272:
 2570              		.loc 1 652 26 view .LVU878
 2571 0016 ADF80800 		strh	r0, [sp, #8]	@ movhi
 653:Middlewares/ST/STM32_WPAN/ble/core/auto/ble_gatt_aci.c ****   index_input += 2;
 2572              		.loc 1 653 3 is_stmt 1 view .LVU879
 2573              	.LVL273:
 654:Middlewares/ST/STM32_WPAN/ble/core/auto/ble_gatt_aci.c ****   cp0->UUID_Type = UUID_Type;
 2574              		.loc 1 654 3 view .LVU880
 2575              		.loc 1 654 18 is_stmt 0 view .LVU881
 2576 001a 8DF80A30 		strb	r3, [sp, #10]
 655:Middlewares/ST/STM32_WPAN/ble/core/auto/ble_gatt_aci.c ****   index_input += 1;
 2577              		.loc 1 655 3 is_stmt 1 view .LVU882
 2578              	.LVL274:
 656:Middlewares/ST/STM32_WPAN/ble/core/auto/ble_gatt_aci.c ****   Osal_MemCpy( (void*)&cp0->UUID, (const void*)UUID, uuid_size );
 2579              		.loc 1 656 3 view .LVU883
 2580 001e 2246     		mov	r2, r4
 2581              	.LVL275:
 2582              		.loc 1 656 3 is_stmt 0 view .LVU884
 2583 0020 0DF10B00 		add	r0, sp, #11
 2584              	.LVL276:
 2585              		.loc 1 656 3 view .LVU885
 2586 0024 FFF7FEFF 		bl	Osal_MemCpy
 2587              	.LVL277:
 657:Middlewares/ST/STM32_WPAN/ble/core/auto/ble_gatt_aci.c ****   index_input += uuid_size;
 2588              		.loc 1 657 3 is_stmt 1 view .LVU886
 2589              		.loc 1 657 15 is_stmt 0 view .LVU887
 2590 0028 0334     		adds	r4, r4, #3
 2591              	.LVL278:
ARM GAS  C:\Users\Nathan\AppData\Local\Temp\ccJAfMtd.s 			page 58


 658:Middlewares/ST/STM32_WPAN/ble/core/auto/ble_gatt_aci.c ****   Osal_MemSet( &rq, 0, sizeof(rq) );
 2592              		.loc 1 658 3 is_stmt 1 view .LVU888
 2593 002a 42AE     		add	r6, sp, #264
 2594 002c 1822     		movs	r2, #24
 2595 002e 0021     		movs	r1, #0
 2596 0030 3046     		mov	r0, r6
 2597 0032 FFF7FEFF 		bl	Osal_MemSet
 2598              	.LVL279:
 659:Middlewares/ST/STM32_WPAN/ble/core/auto/ble_gatt_aci.c ****   rq.ogf = 0x3f;
 2599              		.loc 1 659 3 view .LVU889
 2600              		.loc 1 659 10 is_stmt 0 view .LVU890
 2601 0036 3F23     		movs	r3, #63
 2602 0038 ADF80831 		strh	r3, [sp, #264]	@ movhi
 660:Middlewares/ST/STM32_WPAN/ble/core/auto/ble_gatt_aci.c ****   rq.ocf = 0x113;
 2603              		.loc 1 660 3 is_stmt 1 view .LVU891
 2604              		.loc 1 660 10 is_stmt 0 view .LVU892
 2605 003c 40F21313 		movw	r3, #275
 2606 0040 ADF80A31 		strh	r3, [sp, #266]	@ movhi
 661:Middlewares/ST/STM32_WPAN/ble/core/auto/ble_gatt_aci.c ****   rq.event = 0x0F;
 2607              		.loc 1 661 3 is_stmt 1 view .LVU893
 2608              		.loc 1 661 12 is_stmt 0 view .LVU894
 2609 0044 0F23     		movs	r3, #15
 2610 0046 4393     		str	r3, [sp, #268]
 662:Middlewares/ST/STM32_WPAN/ble/core/auto/ble_gatt_aci.c ****   rq.cparam = cmd_buffer;
 2611              		.loc 1 662 3 is_stmt 1 view .LVU895
 2612              		.loc 1 662 13 is_stmt 0 view .LVU896
 2613 0048 4495     		str	r5, [sp, #272]
 663:Middlewares/ST/STM32_WPAN/ble/core/auto/ble_gatt_aci.c ****   rq.clen = index_input;
 2614              		.loc 1 663 3 is_stmt 1 view .LVU897
 2615              		.loc 1 663 11 is_stmt 0 view .LVU898
 2616 004a 4594     		str	r4, [sp, #276]
 664:Middlewares/ST/STM32_WPAN/ble/core/auto/ble_gatt_aci.c ****   rq.rparam = &status;
 2617              		.loc 1 664 3 is_stmt 1 view .LVU899
 2618              		.loc 1 664 13 is_stmt 0 view .LVU900
 2619 004c 0DF10703 		add	r3, sp, #7
 2620 0050 4693     		str	r3, [sp, #280]
 665:Middlewares/ST/STM32_WPAN/ble/core/auto/ble_gatt_aci.c ****   rq.rlen = 1;
 2621              		.loc 1 665 3 is_stmt 1 view .LVU901
 2622              		.loc 1 665 11 is_stmt 0 view .LVU902
 2623 0052 0123     		movs	r3, #1
 2624 0054 4793     		str	r3, [sp, #284]
 666:Middlewares/ST/STM32_WPAN/ble/core/auto/ble_gatt_aci.c ****   if ( hci_send_req(&rq, FALSE) < 0 )
 2625              		.loc 1 666 3 is_stmt 1 view .LVU903
 2626              		.loc 1 666 8 is_stmt 0 view .LVU904
 2627 0056 0021     		movs	r1, #0
 2628 0058 3046     		mov	r0, r6
 2629 005a FFF7FEFF 		bl	hci_send_req
 2630              	.LVL280:
 2631              		.loc 1 666 6 discriminator 1 view .LVU905
 2632 005e 0028     		cmp	r0, #0
 2633 0060 05DB     		blt	.L110
 667:Middlewares/ST/STM32_WPAN/ble/core/auto/ble_gatt_aci.c ****     return BLE_STATUS_TIMEOUT;
 668:Middlewares/ST/STM32_WPAN/ble/core/auto/ble_gatt_aci.c ****   return status;
 2634              		.loc 1 668 3 is_stmt 1 view .LVU906
 2635              		.loc 1 668 10 is_stmt 0 view .LVU907
 2636 0062 9DF80700 		ldrb	r0, [sp, #7]	@ zero_extendqisi2
 2637              	.L108:
ARM GAS  C:\Users\Nathan\AppData\Local\Temp\ccJAfMtd.s 			page 59


 669:Middlewares/ST/STM32_WPAN/ble/core/auto/ble_gatt_aci.c **** }
 2638              		.loc 1 669 1 view .LVU908
 2639 0066 48B0     		add	sp, sp, #288
 2640              		.cfi_remember_state
 2641              		.cfi_def_cfa_offset 16
 2642              		@ sp needed
 2643 0068 70BD     		pop	{r4, r5, r6, pc}
 2644              	.LVL281:
 2645              	.L112:
 2646              		.cfi_restore_state
 651:Middlewares/ST/STM32_WPAN/ble/core/auto/ble_gatt_aci.c ****   cp0->Connection_Handle = Connection_Handle;
 2647              		.loc 1 651 7 discriminator 1 view .LVU909
 2648 006a 1024     		movs	r4, #16
 2649 006c D2E7     		b	.L107
 2650              	.LVL282:
 2651              	.L110:
 667:Middlewares/ST/STM32_WPAN/ble/core/auto/ble_gatt_aci.c ****     return BLE_STATUS_TIMEOUT;
 2652              		.loc 1 667 12 view .LVU910
 2653 006e FF20     		movs	r0, #255
 2654 0070 F9E7     		b	.L108
 2655              		.cfi_endproc
 2656              	.LFE18:
 2658              		.section	.text.aci_gatt_find_included_services,"ax",%progbits
 2659              		.align	1
 2660              		.global	aci_gatt_find_included_services
 2661              		.syntax unified
 2662              		.thumb
 2663              		.thumb_func
 2665              	aci_gatt_find_included_services:
 2666              	.LVL283:
 2667              	.LFB19:
 670:Middlewares/ST/STM32_WPAN/ble/core/auto/ble_gatt_aci.c **** 
 671:Middlewares/ST/STM32_WPAN/ble/core/auto/ble_gatt_aci.c **** tBleStatus aci_gatt_find_included_services( uint16_t Connection_Handle,
 672:Middlewares/ST/STM32_WPAN/ble/core/auto/ble_gatt_aci.c ****                                             uint16_t Start_Handle,
 673:Middlewares/ST/STM32_WPAN/ble/core/auto/ble_gatt_aci.c ****                                             uint16_t End_Handle )
 674:Middlewares/ST/STM32_WPAN/ble/core/auto/ble_gatt_aci.c **** {
 2668              		.loc 1 674 1 is_stmt 1 view -0
 2669              		.cfi_startproc
 2670              		@ args = 0, pretend = 0, frame = 288
 2671              		@ frame_needed = 0, uses_anonymous_args = 0
 2672              		.loc 1 674 1 is_stmt 0 view .LVU912
 2673 0000 F0B5     		push	{r4, r5, r6, r7, lr}
 2674              		.cfi_def_cfa_offset 20
 2675              		.cfi_offset 4, -20
 2676              		.cfi_offset 5, -16
 2677              		.cfi_offset 6, -12
 2678              		.cfi_offset 7, -8
 2679              		.cfi_offset 14, -4
 2680 0002 C9B0     		sub	sp, sp, #292
 2681              		.cfi_def_cfa_offset 312
 675:Middlewares/ST/STM32_WPAN/ble/core/auto/ble_gatt_aci.c ****   struct hci_request rq;
 2682              		.loc 1 675 3 is_stmt 1 view .LVU913
 676:Middlewares/ST/STM32_WPAN/ble/core/auto/ble_gatt_aci.c ****   uint8_t cmd_buffer[BLE_CMD_MAX_PARAM_LEN];
 2683              		.loc 1 676 3 view .LVU914
 677:Middlewares/ST/STM32_WPAN/ble/core/auto/ble_gatt_aci.c ****   aci_gatt_find_included_services_cp0 *cp0 = (aci_gatt_find_included_services_cp0*)(cmd_buffer);
 2684              		.loc 1 677 3 view .LVU915
 2685              	.LVL284:
ARM GAS  C:\Users\Nathan\AppData\Local\Temp\ccJAfMtd.s 			page 60


 678:Middlewares/ST/STM32_WPAN/ble/core/auto/ble_gatt_aci.c ****   tBleStatus status = 0;
 2686              		.loc 1 678 3 view .LVU916
 2687              		.loc 1 678 14 is_stmt 0 view .LVU917
 2688 0004 0DF10707 		add	r7, sp, #7
 2689 0008 0025     		movs	r5, #0
 2690 000a 8DF80750 		strb	r5, [sp, #7]
 679:Middlewares/ST/STM32_WPAN/ble/core/auto/ble_gatt_aci.c ****   int index_input = 0;
 2691              		.loc 1 679 3 is_stmt 1 view .LVU918
 2692              	.LVL285:
 680:Middlewares/ST/STM32_WPAN/ble/core/auto/ble_gatt_aci.c ****   cp0->Connection_Handle = Connection_Handle;
 2693              		.loc 1 680 3 view .LVU919
 2694              		.loc 1 680 26 is_stmt 0 view .LVU920
 2695 000e 02AC     		add	r4, sp, #8
 2696              	.LVL286:
 2697              		.loc 1 680 26 view .LVU921
 2698 0010 ADF80800 		strh	r0, [sp, #8]	@ movhi
 681:Middlewares/ST/STM32_WPAN/ble/core/auto/ble_gatt_aci.c ****   index_input += 2;
 2699              		.loc 1 681 3 is_stmt 1 view .LVU922
 2700              	.LVL287:
 682:Middlewares/ST/STM32_WPAN/ble/core/auto/ble_gatt_aci.c ****   cp0->Start_Handle = Start_Handle;
 2701              		.loc 1 682 3 view .LVU923
 2702              		.loc 1 682 21 is_stmt 0 view .LVU924
 2703 0014 ADF80A10 		strh	r1, [sp, #10]	@ movhi
 683:Middlewares/ST/STM32_WPAN/ble/core/auto/ble_gatt_aci.c ****   index_input += 2;
 2704              		.loc 1 683 3 is_stmt 1 view .LVU925
 2705              	.LVL288:
 684:Middlewares/ST/STM32_WPAN/ble/core/auto/ble_gatt_aci.c ****   cp0->End_Handle = End_Handle;
 2706              		.loc 1 684 3 view .LVU926
 2707              		.loc 1 684 19 is_stmt 0 view .LVU927
 2708 0018 ADF80C20 		strh	r2, [sp, #12]	@ movhi
 685:Middlewares/ST/STM32_WPAN/ble/core/auto/ble_gatt_aci.c ****   index_input += 2;
 2709              		.loc 1 685 3 is_stmt 1 view .LVU928
 2710              	.LVL289:
 686:Middlewares/ST/STM32_WPAN/ble/core/auto/ble_gatt_aci.c ****   Osal_MemSet( &rq, 0, sizeof(rq) );
 2711              		.loc 1 686 3 view .LVU929
 2712 001c 42AE     		add	r6, sp, #264
 2713 001e 1822     		movs	r2, #24
 2714              	.LVL290:
 2715              		.loc 1 686 3 is_stmt 0 view .LVU930
 2716 0020 2946     		mov	r1, r5
 2717              	.LVL291:
 2718              		.loc 1 686 3 view .LVU931
 2719 0022 3046     		mov	r0, r6
 2720              	.LVL292:
 2721              		.loc 1 686 3 view .LVU932
 2722 0024 FFF7FEFF 		bl	Osal_MemSet
 2723              	.LVL293:
 687:Middlewares/ST/STM32_WPAN/ble/core/auto/ble_gatt_aci.c ****   rq.ogf = 0x3f;
 2724              		.loc 1 687 3 is_stmt 1 view .LVU933
 2725              		.loc 1 687 10 is_stmt 0 view .LVU934
 2726 0028 3F23     		movs	r3, #63
 2727 002a ADF80831 		strh	r3, [sp, #264]	@ movhi
 688:Middlewares/ST/STM32_WPAN/ble/core/auto/ble_gatt_aci.c ****   rq.ocf = 0x114;
 2728              		.loc 1 688 3 is_stmt 1 view .LVU935
 2729              		.loc 1 688 10 is_stmt 0 view .LVU936
 2730 002e 4FF48A73 		mov	r3, #276
 2731 0032 ADF80A31 		strh	r3, [sp, #266]	@ movhi
ARM GAS  C:\Users\Nathan\AppData\Local\Temp\ccJAfMtd.s 			page 61


 689:Middlewares/ST/STM32_WPAN/ble/core/auto/ble_gatt_aci.c ****   rq.event = 0x0F;
 2732              		.loc 1 689 3 is_stmt 1 view .LVU937
 2733              		.loc 1 689 12 is_stmt 0 view .LVU938
 2734 0036 0F23     		movs	r3, #15
 2735 0038 4393     		str	r3, [sp, #268]
 690:Middlewares/ST/STM32_WPAN/ble/core/auto/ble_gatt_aci.c ****   rq.cparam = cmd_buffer;
 2736              		.loc 1 690 3 is_stmt 1 view .LVU939
 2737              		.loc 1 690 13 is_stmt 0 view .LVU940
 2738 003a 4494     		str	r4, [sp, #272]
 691:Middlewares/ST/STM32_WPAN/ble/core/auto/ble_gatt_aci.c ****   rq.clen = index_input;
 2739              		.loc 1 691 3 is_stmt 1 view .LVU941
 2740              		.loc 1 691 11 is_stmt 0 view .LVU942
 2741 003c 0623     		movs	r3, #6
 2742 003e 4593     		str	r3, [sp, #276]
 692:Middlewares/ST/STM32_WPAN/ble/core/auto/ble_gatt_aci.c ****   rq.rparam = &status;
 2743              		.loc 1 692 3 is_stmt 1 view .LVU943
 2744              		.loc 1 692 13 is_stmt 0 view .LVU944
 2745 0040 4697     		str	r7, [sp, #280]
 693:Middlewares/ST/STM32_WPAN/ble/core/auto/ble_gatt_aci.c ****   rq.rlen = 1;
 2746              		.loc 1 693 3 is_stmt 1 view .LVU945
 2747              		.loc 1 693 11 is_stmt 0 view .LVU946
 2748 0042 0123     		movs	r3, #1
 2749 0044 4793     		str	r3, [sp, #284]
 694:Middlewares/ST/STM32_WPAN/ble/core/auto/ble_gatt_aci.c ****   if ( hci_send_req(&rq, FALSE) < 0 )
 2750              		.loc 1 694 3 is_stmt 1 view .LVU947
 2751              		.loc 1 694 8 is_stmt 0 view .LVU948
 2752 0046 2946     		mov	r1, r5
 2753 0048 3046     		mov	r0, r6
 2754 004a FFF7FEFF 		bl	hci_send_req
 2755              	.LVL294:
 2756              		.loc 1 694 6 discriminator 1 view .LVU949
 2757 004e A842     		cmp	r0, r5
 2758 0050 02DB     		blt	.L115
 695:Middlewares/ST/STM32_WPAN/ble/core/auto/ble_gatt_aci.c ****     return BLE_STATUS_TIMEOUT;
 696:Middlewares/ST/STM32_WPAN/ble/core/auto/ble_gatt_aci.c ****   return status;
 2759              		.loc 1 696 3 is_stmt 1 view .LVU950
 2760              		.loc 1 696 10 is_stmt 0 view .LVU951
 2761 0052 3878     		ldrb	r0, [r7]	@ zero_extendqisi2
 2762              	.L114:
 697:Middlewares/ST/STM32_WPAN/ble/core/auto/ble_gatt_aci.c **** }
 2763              		.loc 1 697 1 view .LVU952
 2764 0054 49B0     		add	sp, sp, #292
 2765              		.cfi_remember_state
 2766              		.cfi_def_cfa_offset 20
 2767              		@ sp needed
 2768 0056 F0BD     		pop	{r4, r5, r6, r7, pc}
 2769              	.LVL295:
 2770              	.L115:
 2771              		.cfi_restore_state
 695:Middlewares/ST/STM32_WPAN/ble/core/auto/ble_gatt_aci.c ****     return BLE_STATUS_TIMEOUT;
 2772              		.loc 1 695 12 view .LVU953
 2773 0058 FF20     		movs	r0, #255
 2774 005a FBE7     		b	.L114
 2775              		.cfi_endproc
 2776              	.LFE19:
 2778              		.section	.text.aci_gatt_disc_all_char_of_service,"ax",%progbits
 2779              		.align	1
ARM GAS  C:\Users\Nathan\AppData\Local\Temp\ccJAfMtd.s 			page 62


 2780              		.global	aci_gatt_disc_all_char_of_service
 2781              		.syntax unified
 2782              		.thumb
 2783              		.thumb_func
 2785              	aci_gatt_disc_all_char_of_service:
 2786              	.LVL296:
 2787              	.LFB20:
 698:Middlewares/ST/STM32_WPAN/ble/core/auto/ble_gatt_aci.c **** 
 699:Middlewares/ST/STM32_WPAN/ble/core/auto/ble_gatt_aci.c **** tBleStatus aci_gatt_disc_all_char_of_service( uint16_t Connection_Handle,
 700:Middlewares/ST/STM32_WPAN/ble/core/auto/ble_gatt_aci.c ****                                               uint16_t Start_Handle,
 701:Middlewares/ST/STM32_WPAN/ble/core/auto/ble_gatt_aci.c ****                                               uint16_t End_Handle )
 702:Middlewares/ST/STM32_WPAN/ble/core/auto/ble_gatt_aci.c **** {
 2788              		.loc 1 702 1 is_stmt 1 view -0
 2789              		.cfi_startproc
 2790              		@ args = 0, pretend = 0, frame = 288
 2791              		@ frame_needed = 0, uses_anonymous_args = 0
 2792              		.loc 1 702 1 is_stmt 0 view .LVU955
 2793 0000 F0B5     		push	{r4, r5, r6, r7, lr}
 2794              		.cfi_def_cfa_offset 20
 2795              		.cfi_offset 4, -20
 2796              		.cfi_offset 5, -16
 2797              		.cfi_offset 6, -12
 2798              		.cfi_offset 7, -8
 2799              		.cfi_offset 14, -4
 2800 0002 C9B0     		sub	sp, sp, #292
 2801              		.cfi_def_cfa_offset 312
 703:Middlewares/ST/STM32_WPAN/ble/core/auto/ble_gatt_aci.c ****   struct hci_request rq;
 2802              		.loc 1 703 3 is_stmt 1 view .LVU956
 704:Middlewares/ST/STM32_WPAN/ble/core/auto/ble_gatt_aci.c ****   uint8_t cmd_buffer[BLE_CMD_MAX_PARAM_LEN];
 2803              		.loc 1 704 3 view .LVU957
 705:Middlewares/ST/STM32_WPAN/ble/core/auto/ble_gatt_aci.c ****   aci_gatt_disc_all_char_of_service_cp0 *cp0 = (aci_gatt_disc_all_char_of_service_cp0*)(cmd_buffer)
 2804              		.loc 1 705 3 view .LVU958
 2805              	.LVL297:
 706:Middlewares/ST/STM32_WPAN/ble/core/auto/ble_gatt_aci.c ****   tBleStatus status = 0;
 2806              		.loc 1 706 3 view .LVU959
 2807              		.loc 1 706 14 is_stmt 0 view .LVU960
 2808 0004 0DF10707 		add	r7, sp, #7
 2809 0008 0025     		movs	r5, #0
 2810 000a 8DF80750 		strb	r5, [sp, #7]
 707:Middlewares/ST/STM32_WPAN/ble/core/auto/ble_gatt_aci.c ****   int index_input = 0;
 2811              		.loc 1 707 3 is_stmt 1 view .LVU961
 2812              	.LVL298:
 708:Middlewares/ST/STM32_WPAN/ble/core/auto/ble_gatt_aci.c ****   cp0->Connection_Handle = Connection_Handle;
 2813              		.loc 1 708 3 view .LVU962
 2814              		.loc 1 708 26 is_stmt 0 view .LVU963
 2815 000e 02AC     		add	r4, sp, #8
 2816              	.LVL299:
 2817              		.loc 1 708 26 view .LVU964
 2818 0010 ADF80800 		strh	r0, [sp, #8]	@ movhi
 709:Middlewares/ST/STM32_WPAN/ble/core/auto/ble_gatt_aci.c ****   index_input += 2;
 2819              		.loc 1 709 3 is_stmt 1 view .LVU965
 2820              	.LVL300:
 710:Middlewares/ST/STM32_WPAN/ble/core/auto/ble_gatt_aci.c ****   cp0->Start_Handle = Start_Handle;
 2821              		.loc 1 710 3 view .LVU966
 2822              		.loc 1 710 21 is_stmt 0 view .LVU967
 2823 0014 ADF80A10 		strh	r1, [sp, #10]	@ movhi
 711:Middlewares/ST/STM32_WPAN/ble/core/auto/ble_gatt_aci.c ****   index_input += 2;
ARM GAS  C:\Users\Nathan\AppData\Local\Temp\ccJAfMtd.s 			page 63


 2824              		.loc 1 711 3 is_stmt 1 view .LVU968
 2825              	.LVL301:
 712:Middlewares/ST/STM32_WPAN/ble/core/auto/ble_gatt_aci.c ****   cp0->End_Handle = End_Handle;
 2826              		.loc 1 712 3 view .LVU969
 2827              		.loc 1 712 19 is_stmt 0 view .LVU970
 2828 0018 ADF80C20 		strh	r2, [sp, #12]	@ movhi
 713:Middlewares/ST/STM32_WPAN/ble/core/auto/ble_gatt_aci.c ****   index_input += 2;
 2829              		.loc 1 713 3 is_stmt 1 view .LVU971
 2830              	.LVL302:
 714:Middlewares/ST/STM32_WPAN/ble/core/auto/ble_gatt_aci.c ****   Osal_MemSet( &rq, 0, sizeof(rq) );
 2831              		.loc 1 714 3 view .LVU972
 2832 001c 42AE     		add	r6, sp, #264
 2833 001e 1822     		movs	r2, #24
 2834              	.LVL303:
 2835              		.loc 1 714 3 is_stmt 0 view .LVU973
 2836 0020 2946     		mov	r1, r5
 2837              	.LVL304:
 2838              		.loc 1 714 3 view .LVU974
 2839 0022 3046     		mov	r0, r6
 2840              	.LVL305:
 2841              		.loc 1 714 3 view .LVU975
 2842 0024 FFF7FEFF 		bl	Osal_MemSet
 2843              	.LVL306:
 715:Middlewares/ST/STM32_WPAN/ble/core/auto/ble_gatt_aci.c ****   rq.ogf = 0x3f;
 2844              		.loc 1 715 3 is_stmt 1 view .LVU976
 2845              		.loc 1 715 10 is_stmt 0 view .LVU977
 2846 0028 3F23     		movs	r3, #63
 2847 002a ADF80831 		strh	r3, [sp, #264]	@ movhi
 716:Middlewares/ST/STM32_WPAN/ble/core/auto/ble_gatt_aci.c ****   rq.ocf = 0x115;
 2848              		.loc 1 716 3 is_stmt 1 view .LVU978
 2849              		.loc 1 716 10 is_stmt 0 view .LVU979
 2850 002e 40F21513 		movw	r3, #277
 2851 0032 ADF80A31 		strh	r3, [sp, #266]	@ movhi
 717:Middlewares/ST/STM32_WPAN/ble/core/auto/ble_gatt_aci.c ****   rq.event = 0x0F;
 2852              		.loc 1 717 3 is_stmt 1 view .LVU980
 2853              		.loc 1 717 12 is_stmt 0 view .LVU981
 2854 0036 0F23     		movs	r3, #15
 2855 0038 4393     		str	r3, [sp, #268]
 718:Middlewares/ST/STM32_WPAN/ble/core/auto/ble_gatt_aci.c ****   rq.cparam = cmd_buffer;
 2856              		.loc 1 718 3 is_stmt 1 view .LVU982
 2857              		.loc 1 718 13 is_stmt 0 view .LVU983
 2858 003a 4494     		str	r4, [sp, #272]
 719:Middlewares/ST/STM32_WPAN/ble/core/auto/ble_gatt_aci.c ****   rq.clen = index_input;
 2859              		.loc 1 719 3 is_stmt 1 view .LVU984
 2860              		.loc 1 719 11 is_stmt 0 view .LVU985
 2861 003c 0623     		movs	r3, #6
 2862 003e 4593     		str	r3, [sp, #276]
 720:Middlewares/ST/STM32_WPAN/ble/core/auto/ble_gatt_aci.c ****   rq.rparam = &status;
 2863              		.loc 1 720 3 is_stmt 1 view .LVU986
 2864              		.loc 1 720 13 is_stmt 0 view .LVU987
 2865 0040 4697     		str	r7, [sp, #280]
 721:Middlewares/ST/STM32_WPAN/ble/core/auto/ble_gatt_aci.c ****   rq.rlen = 1;
 2866              		.loc 1 721 3 is_stmt 1 view .LVU988
 2867              		.loc 1 721 11 is_stmt 0 view .LVU989
 2868 0042 0123     		movs	r3, #1
 2869 0044 4793     		str	r3, [sp, #284]
 722:Middlewares/ST/STM32_WPAN/ble/core/auto/ble_gatt_aci.c ****   if ( hci_send_req(&rq, FALSE) < 0 )
ARM GAS  C:\Users\Nathan\AppData\Local\Temp\ccJAfMtd.s 			page 64


 2870              		.loc 1 722 3 is_stmt 1 view .LVU990
 2871              		.loc 1 722 8 is_stmt 0 view .LVU991
 2872 0046 2946     		mov	r1, r5
 2873 0048 3046     		mov	r0, r6
 2874 004a FFF7FEFF 		bl	hci_send_req
 2875              	.LVL307:
 2876              		.loc 1 722 6 discriminator 1 view .LVU992
 2877 004e A842     		cmp	r0, r5
 2878 0050 02DB     		blt	.L119
 723:Middlewares/ST/STM32_WPAN/ble/core/auto/ble_gatt_aci.c ****     return BLE_STATUS_TIMEOUT;
 724:Middlewares/ST/STM32_WPAN/ble/core/auto/ble_gatt_aci.c ****   return status;
 2879              		.loc 1 724 3 is_stmt 1 view .LVU993
 2880              		.loc 1 724 10 is_stmt 0 view .LVU994
 2881 0052 3878     		ldrb	r0, [r7]	@ zero_extendqisi2
 2882              	.L118:
 725:Middlewares/ST/STM32_WPAN/ble/core/auto/ble_gatt_aci.c **** }
 2883              		.loc 1 725 1 view .LVU995
 2884 0054 49B0     		add	sp, sp, #292
 2885              		.cfi_remember_state
 2886              		.cfi_def_cfa_offset 20
 2887              		@ sp needed
 2888 0056 F0BD     		pop	{r4, r5, r6, r7, pc}
 2889              	.LVL308:
 2890              	.L119:
 2891              		.cfi_restore_state
 723:Middlewares/ST/STM32_WPAN/ble/core/auto/ble_gatt_aci.c ****     return BLE_STATUS_TIMEOUT;
 2892              		.loc 1 723 12 view .LVU996
 2893 0058 FF20     		movs	r0, #255
 2894 005a FBE7     		b	.L118
 2895              		.cfi_endproc
 2896              	.LFE20:
 2898              		.section	.text.aci_gatt_disc_char_by_uuid,"ax",%progbits
 2899              		.align	1
 2900              		.global	aci_gatt_disc_char_by_uuid
 2901              		.syntax unified
 2902              		.thumb
 2903              		.thumb_func
 2905              	aci_gatt_disc_char_by_uuid:
 2906              	.LVL309:
 2907              	.LFB21:
 726:Middlewares/ST/STM32_WPAN/ble/core/auto/ble_gatt_aci.c **** 
 727:Middlewares/ST/STM32_WPAN/ble/core/auto/ble_gatt_aci.c **** tBleStatus aci_gatt_disc_char_by_uuid( uint16_t Connection_Handle,
 728:Middlewares/ST/STM32_WPAN/ble/core/auto/ble_gatt_aci.c ****                                        uint16_t Start_Handle,
 729:Middlewares/ST/STM32_WPAN/ble/core/auto/ble_gatt_aci.c ****                                        uint16_t End_Handle,
 730:Middlewares/ST/STM32_WPAN/ble/core/auto/ble_gatt_aci.c ****                                        uint8_t UUID_Type,
 731:Middlewares/ST/STM32_WPAN/ble/core/auto/ble_gatt_aci.c ****                                        const UUID_t* UUID )
 732:Middlewares/ST/STM32_WPAN/ble/core/auto/ble_gatt_aci.c **** {
 2908              		.loc 1 732 1 is_stmt 1 view -0
 2909              		.cfi_startproc
 2910              		@ args = 4, pretend = 0, frame = 288
 2911              		@ frame_needed = 0, uses_anonymous_args = 0
 2912              		.loc 1 732 1 is_stmt 0 view .LVU998
 2913 0000 70B5     		push	{r4, r5, r6, lr}
 2914              		.cfi_def_cfa_offset 16
 2915              		.cfi_offset 4, -16
 2916              		.cfi_offset 5, -12
 2917              		.cfi_offset 6, -8
ARM GAS  C:\Users\Nathan\AppData\Local\Temp\ccJAfMtd.s 			page 65


 2918              		.cfi_offset 14, -4
 2919 0002 C8B0     		sub	sp, sp, #288
 2920              		.cfi_def_cfa_offset 304
 733:Middlewares/ST/STM32_WPAN/ble/core/auto/ble_gatt_aci.c ****   struct hci_request rq;
 2921              		.loc 1 733 3 is_stmt 1 view .LVU999
 734:Middlewares/ST/STM32_WPAN/ble/core/auto/ble_gatt_aci.c ****   uint8_t cmd_buffer[BLE_CMD_MAX_PARAM_LEN];
 2922              		.loc 1 734 3 view .LVU1000
 735:Middlewares/ST/STM32_WPAN/ble/core/auto/ble_gatt_aci.c ****   aci_gatt_disc_char_by_uuid_cp0 *cp0 = (aci_gatt_disc_char_by_uuid_cp0*)(cmd_buffer);
 2923              		.loc 1 735 3 view .LVU1001
 2924              	.LVL310:
 736:Middlewares/ST/STM32_WPAN/ble/core/auto/ble_gatt_aci.c ****   tBleStatus status = 0;
 2925              		.loc 1 736 3 view .LVU1002
 2926              		.loc 1 736 14 is_stmt 0 view .LVU1003
 2927 0004 0025     		movs	r5, #0
 2928 0006 8DF80750 		strb	r5, [sp, #7]
 737:Middlewares/ST/STM32_WPAN/ble/core/auto/ble_gatt_aci.c ****   int index_input = 0;
 2929              		.loc 1 737 3 is_stmt 1 view .LVU1004
 2930              	.LVL311:
 738:Middlewares/ST/STM32_WPAN/ble/core/auto/ble_gatt_aci.c ****   int uuid_size = (UUID_Type == 2) ? 16 : 2;
 2931              		.loc 1 738 3 view .LVU1005
 2932              		.loc 1 738 41 is_stmt 0 view .LVU1006
 2933 000a 022B     		cmp	r3, #2
 2934 000c 30D0     		beq	.L127
 2935              		.loc 1 738 7 discriminator 2 view .LVU1007
 2936 000e 0225     		movs	r5, #2
 2937              	.L122:
 2938              	.LVL312:
 739:Middlewares/ST/STM32_WPAN/ble/core/auto/ble_gatt_aci.c ****   cp0->Connection_Handle = Connection_Handle;
 2939              		.loc 1 739 3 is_stmt 1 view .LVU1008
 2940              		.loc 1 739 26 is_stmt 0 view .LVU1009
 2941 0010 02AC     		add	r4, sp, #8
 2942              	.LVL313:
 2943              		.loc 1 739 26 view .LVU1010
 2944 0012 ADF80800 		strh	r0, [sp, #8]	@ movhi
 740:Middlewares/ST/STM32_WPAN/ble/core/auto/ble_gatt_aci.c ****   index_input += 2;
 2945              		.loc 1 740 3 is_stmt 1 view .LVU1011
 2946              	.LVL314:
 741:Middlewares/ST/STM32_WPAN/ble/core/auto/ble_gatt_aci.c ****   cp0->Start_Handle = Start_Handle;
 2947              		.loc 1 741 3 view .LVU1012
 2948              		.loc 1 741 21 is_stmt 0 view .LVU1013
 2949 0016 ADF80A10 		strh	r1, [sp, #10]	@ movhi
 742:Middlewares/ST/STM32_WPAN/ble/core/auto/ble_gatt_aci.c ****   index_input += 2;
 2950              		.loc 1 742 3 is_stmt 1 view .LVU1014
 2951              	.LVL315:
 743:Middlewares/ST/STM32_WPAN/ble/core/auto/ble_gatt_aci.c ****   cp0->End_Handle = End_Handle;
 2952              		.loc 1 743 3 view .LVU1015
 2953              		.loc 1 743 19 is_stmt 0 view .LVU1016
 2954 001a ADF80C20 		strh	r2, [sp, #12]	@ movhi
 744:Middlewares/ST/STM32_WPAN/ble/core/auto/ble_gatt_aci.c ****   index_input += 2;
 2955              		.loc 1 744 3 is_stmt 1 view .LVU1017
 2956              	.LVL316:
 745:Middlewares/ST/STM32_WPAN/ble/core/auto/ble_gatt_aci.c ****   cp0->UUID_Type = UUID_Type;
 2957              		.loc 1 745 3 view .LVU1018
 2958              		.loc 1 745 18 is_stmt 0 view .LVU1019
 2959 001e 8DF80E30 		strb	r3, [sp, #14]
 746:Middlewares/ST/STM32_WPAN/ble/core/auto/ble_gatt_aci.c ****   index_input += 1;
 2960              		.loc 1 746 3 is_stmt 1 view .LVU1020
ARM GAS  C:\Users\Nathan\AppData\Local\Temp\ccJAfMtd.s 			page 66


 2961              	.LVL317:
 747:Middlewares/ST/STM32_WPAN/ble/core/auto/ble_gatt_aci.c ****   Osal_MemCpy( (void*)&cp0->UUID, (const void*)UUID, uuid_size );
 2962              		.loc 1 747 3 view .LVU1021
 2963 0022 2A46     		mov	r2, r5
 2964              	.LVL318:
 2965              		.loc 1 747 3 is_stmt 0 view .LVU1022
 2966 0024 4C99     		ldr	r1, [sp, #304]
 2967              	.LVL319:
 2968              		.loc 1 747 3 view .LVU1023
 2969 0026 0DF10F00 		add	r0, sp, #15
 2970              	.LVL320:
 2971              		.loc 1 747 3 view .LVU1024
 2972 002a FFF7FEFF 		bl	Osal_MemCpy
 2973              	.LVL321:
 748:Middlewares/ST/STM32_WPAN/ble/core/auto/ble_gatt_aci.c ****   index_input += uuid_size;
 2974              		.loc 1 748 3 is_stmt 1 view .LVU1025
 2975              		.loc 1 748 15 is_stmt 0 view .LVU1026
 2976 002e 0735     		adds	r5, r5, #7
 2977              	.LVL322:
 749:Middlewares/ST/STM32_WPAN/ble/core/auto/ble_gatt_aci.c ****   Osal_MemSet( &rq, 0, sizeof(rq) );
 2978              		.loc 1 749 3 is_stmt 1 view .LVU1027
 2979 0030 42AE     		add	r6, sp, #264
 2980 0032 1822     		movs	r2, #24
 2981 0034 0021     		movs	r1, #0
 2982 0036 3046     		mov	r0, r6
 2983 0038 FFF7FEFF 		bl	Osal_MemSet
 2984              	.LVL323:
 750:Middlewares/ST/STM32_WPAN/ble/core/auto/ble_gatt_aci.c ****   rq.ogf = 0x3f;
 2985              		.loc 1 750 3 view .LVU1028
 2986              		.loc 1 750 10 is_stmt 0 view .LVU1029
 2987 003c 3F23     		movs	r3, #63
 2988 003e ADF80831 		strh	r3, [sp, #264]	@ movhi
 751:Middlewares/ST/STM32_WPAN/ble/core/auto/ble_gatt_aci.c ****   rq.ocf = 0x116;
 2989              		.loc 1 751 3 is_stmt 1 view .LVU1030
 2990              		.loc 1 751 10 is_stmt 0 view .LVU1031
 2991 0042 4FF48B73 		mov	r3, #278
 2992 0046 ADF80A31 		strh	r3, [sp, #266]	@ movhi
 752:Middlewares/ST/STM32_WPAN/ble/core/auto/ble_gatt_aci.c ****   rq.event = 0x0F;
 2993              		.loc 1 752 3 is_stmt 1 view .LVU1032
 2994              		.loc 1 752 12 is_stmt 0 view .LVU1033
 2995 004a 0F23     		movs	r3, #15
 2996 004c 4393     		str	r3, [sp, #268]
 753:Middlewares/ST/STM32_WPAN/ble/core/auto/ble_gatt_aci.c ****   rq.cparam = cmd_buffer;
 2997              		.loc 1 753 3 is_stmt 1 view .LVU1034
 2998              		.loc 1 753 13 is_stmt 0 view .LVU1035
 2999 004e 4494     		str	r4, [sp, #272]
 754:Middlewares/ST/STM32_WPAN/ble/core/auto/ble_gatt_aci.c ****   rq.clen = index_input;
 3000              		.loc 1 754 3 is_stmt 1 view .LVU1036
 3001              		.loc 1 754 11 is_stmt 0 view .LVU1037
 3002 0050 4595     		str	r5, [sp, #276]
 755:Middlewares/ST/STM32_WPAN/ble/core/auto/ble_gatt_aci.c ****   rq.rparam = &status;
 3003              		.loc 1 755 3 is_stmt 1 view .LVU1038
 3004              		.loc 1 755 13 is_stmt 0 view .LVU1039
 3005 0052 0DF10703 		add	r3, sp, #7
 3006 0056 4693     		str	r3, [sp, #280]
 756:Middlewares/ST/STM32_WPAN/ble/core/auto/ble_gatt_aci.c ****   rq.rlen = 1;
 3007              		.loc 1 756 3 is_stmt 1 view .LVU1040
ARM GAS  C:\Users\Nathan\AppData\Local\Temp\ccJAfMtd.s 			page 67


 3008              		.loc 1 756 11 is_stmt 0 view .LVU1041
 3009 0058 0123     		movs	r3, #1
 3010 005a 4793     		str	r3, [sp, #284]
 757:Middlewares/ST/STM32_WPAN/ble/core/auto/ble_gatt_aci.c ****   if ( hci_send_req(&rq, FALSE) < 0 )
 3011              		.loc 1 757 3 is_stmt 1 view .LVU1042
 3012              		.loc 1 757 8 is_stmt 0 view .LVU1043
 3013 005c 0021     		movs	r1, #0
 3014 005e 3046     		mov	r0, r6
 3015 0060 FFF7FEFF 		bl	hci_send_req
 3016              	.LVL324:
 3017              		.loc 1 757 6 discriminator 1 view .LVU1044
 3018 0064 0028     		cmp	r0, #0
 3019 0066 05DB     		blt	.L125
 758:Middlewares/ST/STM32_WPAN/ble/core/auto/ble_gatt_aci.c ****     return BLE_STATUS_TIMEOUT;
 759:Middlewares/ST/STM32_WPAN/ble/core/auto/ble_gatt_aci.c ****   return status;
 3020              		.loc 1 759 3 is_stmt 1 view .LVU1045
 3021              		.loc 1 759 10 is_stmt 0 view .LVU1046
 3022 0068 9DF80700 		ldrb	r0, [sp, #7]	@ zero_extendqisi2
 3023              	.L123:
 760:Middlewares/ST/STM32_WPAN/ble/core/auto/ble_gatt_aci.c **** }
 3024              		.loc 1 760 1 view .LVU1047
 3025 006c 48B0     		add	sp, sp, #288
 3026              		.cfi_remember_state
 3027              		.cfi_def_cfa_offset 16
 3028              		@ sp needed
 3029 006e 70BD     		pop	{r4, r5, r6, pc}
 3030              	.LVL325:
 3031              	.L127:
 3032              		.cfi_restore_state
 738:Middlewares/ST/STM32_WPAN/ble/core/auto/ble_gatt_aci.c ****   cp0->Connection_Handle = Connection_Handle;
 3033              		.loc 1 738 7 discriminator 1 view .LVU1048
 3034 0070 1025     		movs	r5, #16
 3035 0072 CDE7     		b	.L122
 3036              	.LVL326:
 3037              	.L125:
 758:Middlewares/ST/STM32_WPAN/ble/core/auto/ble_gatt_aci.c ****     return BLE_STATUS_TIMEOUT;
 3038              		.loc 1 758 12 view .LVU1049
 3039 0074 FF20     		movs	r0, #255
 3040 0076 F9E7     		b	.L123
 3041              		.cfi_endproc
 3042              	.LFE21:
 3044              		.section	.text.aci_gatt_disc_all_char_desc,"ax",%progbits
 3045              		.align	1
 3046              		.global	aci_gatt_disc_all_char_desc
 3047              		.syntax unified
 3048              		.thumb
 3049              		.thumb_func
 3051              	aci_gatt_disc_all_char_desc:
 3052              	.LVL327:
 3053              	.LFB22:
 761:Middlewares/ST/STM32_WPAN/ble/core/auto/ble_gatt_aci.c **** 
 762:Middlewares/ST/STM32_WPAN/ble/core/auto/ble_gatt_aci.c **** tBleStatus aci_gatt_disc_all_char_desc( uint16_t Connection_Handle,
 763:Middlewares/ST/STM32_WPAN/ble/core/auto/ble_gatt_aci.c ****                                         uint16_t Char_Handle,
 764:Middlewares/ST/STM32_WPAN/ble/core/auto/ble_gatt_aci.c ****                                         uint16_t End_Handle )
 765:Middlewares/ST/STM32_WPAN/ble/core/auto/ble_gatt_aci.c **** {
 3054              		.loc 1 765 1 is_stmt 1 view -0
 3055              		.cfi_startproc
ARM GAS  C:\Users\Nathan\AppData\Local\Temp\ccJAfMtd.s 			page 68


 3056              		@ args = 0, pretend = 0, frame = 288
 3057              		@ frame_needed = 0, uses_anonymous_args = 0
 3058              		.loc 1 765 1 is_stmt 0 view .LVU1051
 3059 0000 F0B5     		push	{r4, r5, r6, r7, lr}
 3060              		.cfi_def_cfa_offset 20
 3061              		.cfi_offset 4, -20
 3062              		.cfi_offset 5, -16
 3063              		.cfi_offset 6, -12
 3064              		.cfi_offset 7, -8
 3065              		.cfi_offset 14, -4
 3066 0002 C9B0     		sub	sp, sp, #292
 3067              		.cfi_def_cfa_offset 312
 766:Middlewares/ST/STM32_WPAN/ble/core/auto/ble_gatt_aci.c ****   struct hci_request rq;
 3068              		.loc 1 766 3 is_stmt 1 view .LVU1052
 767:Middlewares/ST/STM32_WPAN/ble/core/auto/ble_gatt_aci.c ****   uint8_t cmd_buffer[BLE_CMD_MAX_PARAM_LEN];
 3069              		.loc 1 767 3 view .LVU1053
 768:Middlewares/ST/STM32_WPAN/ble/core/auto/ble_gatt_aci.c ****   aci_gatt_disc_all_char_desc_cp0 *cp0 = (aci_gatt_disc_all_char_desc_cp0*)(cmd_buffer);
 3070              		.loc 1 768 3 view .LVU1054
 3071              	.LVL328:
 769:Middlewares/ST/STM32_WPAN/ble/core/auto/ble_gatt_aci.c ****   tBleStatus status = 0;
 3072              		.loc 1 769 3 view .LVU1055
 3073              		.loc 1 769 14 is_stmt 0 view .LVU1056
 3074 0004 0DF10707 		add	r7, sp, #7
 3075 0008 0025     		movs	r5, #0
 3076 000a 8DF80750 		strb	r5, [sp, #7]
 770:Middlewares/ST/STM32_WPAN/ble/core/auto/ble_gatt_aci.c ****   int index_input = 0;
 3077              		.loc 1 770 3 is_stmt 1 view .LVU1057
 3078              	.LVL329:
 771:Middlewares/ST/STM32_WPAN/ble/core/auto/ble_gatt_aci.c ****   cp0->Connection_Handle = Connection_Handle;
 3079              		.loc 1 771 3 view .LVU1058
 3080              		.loc 1 771 26 is_stmt 0 view .LVU1059
 3081 000e 02AC     		add	r4, sp, #8
 3082              	.LVL330:
 3083              		.loc 1 771 26 view .LVU1060
 3084 0010 ADF80800 		strh	r0, [sp, #8]	@ movhi
 772:Middlewares/ST/STM32_WPAN/ble/core/auto/ble_gatt_aci.c ****   index_input += 2;
 3085              		.loc 1 772 3 is_stmt 1 view .LVU1061
 3086              	.LVL331:
 773:Middlewares/ST/STM32_WPAN/ble/core/auto/ble_gatt_aci.c ****   cp0->Char_Handle = Char_Handle;
 3087              		.loc 1 773 3 view .LVU1062
 3088              		.loc 1 773 20 is_stmt 0 view .LVU1063
 3089 0014 ADF80A10 		strh	r1, [sp, #10]	@ movhi
 774:Middlewares/ST/STM32_WPAN/ble/core/auto/ble_gatt_aci.c ****   index_input += 2;
 3090              		.loc 1 774 3 is_stmt 1 view .LVU1064
 3091              	.LVL332:
 775:Middlewares/ST/STM32_WPAN/ble/core/auto/ble_gatt_aci.c ****   cp0->End_Handle = End_Handle;
 3092              		.loc 1 775 3 view .LVU1065
 3093              		.loc 1 775 19 is_stmt 0 view .LVU1066
 3094 0018 ADF80C20 		strh	r2, [sp, #12]	@ movhi
 776:Middlewares/ST/STM32_WPAN/ble/core/auto/ble_gatt_aci.c ****   index_input += 2;
 3095              		.loc 1 776 3 is_stmt 1 view .LVU1067
 3096              	.LVL333:
 777:Middlewares/ST/STM32_WPAN/ble/core/auto/ble_gatt_aci.c ****   Osal_MemSet( &rq, 0, sizeof(rq) );
 3097              		.loc 1 777 3 view .LVU1068
 3098 001c 42AE     		add	r6, sp, #264
 3099 001e 1822     		movs	r2, #24
 3100              	.LVL334:
ARM GAS  C:\Users\Nathan\AppData\Local\Temp\ccJAfMtd.s 			page 69


 3101              		.loc 1 777 3 is_stmt 0 view .LVU1069
 3102 0020 2946     		mov	r1, r5
 3103              	.LVL335:
 3104              		.loc 1 777 3 view .LVU1070
 3105 0022 3046     		mov	r0, r6
 3106              	.LVL336:
 3107              		.loc 1 777 3 view .LVU1071
 3108 0024 FFF7FEFF 		bl	Osal_MemSet
 3109              	.LVL337:
 778:Middlewares/ST/STM32_WPAN/ble/core/auto/ble_gatt_aci.c ****   rq.ogf = 0x3f;
 3110              		.loc 1 778 3 is_stmt 1 view .LVU1072
 3111              		.loc 1 778 10 is_stmt 0 view .LVU1073
 3112 0028 3F23     		movs	r3, #63
 3113 002a ADF80831 		strh	r3, [sp, #264]	@ movhi
 779:Middlewares/ST/STM32_WPAN/ble/core/auto/ble_gatt_aci.c ****   rq.ocf = 0x117;
 3114              		.loc 1 779 3 is_stmt 1 view .LVU1074
 3115              		.loc 1 779 10 is_stmt 0 view .LVU1075
 3116 002e 40F21713 		movw	r3, #279
 3117 0032 ADF80A31 		strh	r3, [sp, #266]	@ movhi
 780:Middlewares/ST/STM32_WPAN/ble/core/auto/ble_gatt_aci.c ****   rq.event = 0x0F;
 3118              		.loc 1 780 3 is_stmt 1 view .LVU1076
 3119              		.loc 1 780 12 is_stmt 0 view .LVU1077
 3120 0036 0F23     		movs	r3, #15
 3121 0038 4393     		str	r3, [sp, #268]
 781:Middlewares/ST/STM32_WPAN/ble/core/auto/ble_gatt_aci.c ****   rq.cparam = cmd_buffer;
 3122              		.loc 1 781 3 is_stmt 1 view .LVU1078
 3123              		.loc 1 781 13 is_stmt 0 view .LVU1079
 3124 003a 4494     		str	r4, [sp, #272]
 782:Middlewares/ST/STM32_WPAN/ble/core/auto/ble_gatt_aci.c ****   rq.clen = index_input;
 3125              		.loc 1 782 3 is_stmt 1 view .LVU1080
 3126              		.loc 1 782 11 is_stmt 0 view .LVU1081
 3127 003c 0623     		movs	r3, #6
 3128 003e 4593     		str	r3, [sp, #276]
 783:Middlewares/ST/STM32_WPAN/ble/core/auto/ble_gatt_aci.c ****   rq.rparam = &status;
 3129              		.loc 1 783 3 is_stmt 1 view .LVU1082
 3130              		.loc 1 783 13 is_stmt 0 view .LVU1083
 3131 0040 4697     		str	r7, [sp, #280]
 784:Middlewares/ST/STM32_WPAN/ble/core/auto/ble_gatt_aci.c ****   rq.rlen = 1;
 3132              		.loc 1 784 3 is_stmt 1 view .LVU1084
 3133              		.loc 1 784 11 is_stmt 0 view .LVU1085
 3134 0042 0123     		movs	r3, #1
 3135 0044 4793     		str	r3, [sp, #284]
 785:Middlewares/ST/STM32_WPAN/ble/core/auto/ble_gatt_aci.c ****   if ( hci_send_req(&rq, FALSE) < 0 )
 3136              		.loc 1 785 3 is_stmt 1 view .LVU1086
 3137              		.loc 1 785 8 is_stmt 0 view .LVU1087
 3138 0046 2946     		mov	r1, r5
 3139 0048 3046     		mov	r0, r6
 3140 004a FFF7FEFF 		bl	hci_send_req
 3141              	.LVL338:
 3142              		.loc 1 785 6 discriminator 1 view .LVU1088
 3143 004e A842     		cmp	r0, r5
 3144 0050 02DB     		blt	.L130
 786:Middlewares/ST/STM32_WPAN/ble/core/auto/ble_gatt_aci.c ****     return BLE_STATUS_TIMEOUT;
 787:Middlewares/ST/STM32_WPAN/ble/core/auto/ble_gatt_aci.c ****   return status;
 3145              		.loc 1 787 3 is_stmt 1 view .LVU1089
 3146              		.loc 1 787 10 is_stmt 0 view .LVU1090
 3147 0052 3878     		ldrb	r0, [r7]	@ zero_extendqisi2
ARM GAS  C:\Users\Nathan\AppData\Local\Temp\ccJAfMtd.s 			page 70


 3148              	.L129:
 788:Middlewares/ST/STM32_WPAN/ble/core/auto/ble_gatt_aci.c **** }
 3149              		.loc 1 788 1 view .LVU1091
 3150 0054 49B0     		add	sp, sp, #292
 3151              		.cfi_remember_state
 3152              		.cfi_def_cfa_offset 20
 3153              		@ sp needed
 3154 0056 F0BD     		pop	{r4, r5, r6, r7, pc}
 3155              	.LVL339:
 3156              	.L130:
 3157              		.cfi_restore_state
 786:Middlewares/ST/STM32_WPAN/ble/core/auto/ble_gatt_aci.c ****     return BLE_STATUS_TIMEOUT;
 3158              		.loc 1 786 12 view .LVU1092
 3159 0058 FF20     		movs	r0, #255
 3160 005a FBE7     		b	.L129
 3161              		.cfi_endproc
 3162              	.LFE22:
 3164              		.section	.text.aci_gatt_read_char_value,"ax",%progbits
 3165              		.align	1
 3166              		.global	aci_gatt_read_char_value
 3167              		.syntax unified
 3168              		.thumb
 3169              		.thumb_func
 3171              	aci_gatt_read_char_value:
 3172              	.LVL340:
 3173              	.LFB23:
 789:Middlewares/ST/STM32_WPAN/ble/core/auto/ble_gatt_aci.c **** 
 790:Middlewares/ST/STM32_WPAN/ble/core/auto/ble_gatt_aci.c **** tBleStatus aci_gatt_read_char_value( uint16_t Connection_Handle,
 791:Middlewares/ST/STM32_WPAN/ble/core/auto/ble_gatt_aci.c ****                                      uint16_t Attr_Handle )
 792:Middlewares/ST/STM32_WPAN/ble/core/auto/ble_gatt_aci.c **** {
 3174              		.loc 1 792 1 is_stmt 1 view -0
 3175              		.cfi_startproc
 3176              		@ args = 0, pretend = 0, frame = 288
 3177              		@ frame_needed = 0, uses_anonymous_args = 0
 3178              		.loc 1 792 1 is_stmt 0 view .LVU1094
 3179 0000 F0B5     		push	{r4, r5, r6, r7, lr}
 3180              		.cfi_def_cfa_offset 20
 3181              		.cfi_offset 4, -20
 3182              		.cfi_offset 5, -16
 3183              		.cfi_offset 6, -12
 3184              		.cfi_offset 7, -8
 3185              		.cfi_offset 14, -4
 3186 0002 C9B0     		sub	sp, sp, #292
 3187              		.cfi_def_cfa_offset 312
 793:Middlewares/ST/STM32_WPAN/ble/core/auto/ble_gatt_aci.c ****   struct hci_request rq;
 3188              		.loc 1 793 3 is_stmt 1 view .LVU1095
 794:Middlewares/ST/STM32_WPAN/ble/core/auto/ble_gatt_aci.c ****   uint8_t cmd_buffer[BLE_CMD_MAX_PARAM_LEN];
 3189              		.loc 1 794 3 view .LVU1096
 795:Middlewares/ST/STM32_WPAN/ble/core/auto/ble_gatt_aci.c ****   aci_gatt_read_char_value_cp0 *cp0 = (aci_gatt_read_char_value_cp0*)(cmd_buffer);
 3190              		.loc 1 795 3 view .LVU1097
 3191              	.LVL341:
 796:Middlewares/ST/STM32_WPAN/ble/core/auto/ble_gatt_aci.c ****   tBleStatus status = 0;
 3192              		.loc 1 796 3 view .LVU1098
 3193              		.loc 1 796 14 is_stmt 0 view .LVU1099
 3194 0004 0DF10707 		add	r7, sp, #7
 3195 0008 0024     		movs	r4, #0
 3196 000a 8DF80740 		strb	r4, [sp, #7]
ARM GAS  C:\Users\Nathan\AppData\Local\Temp\ccJAfMtd.s 			page 71


 797:Middlewares/ST/STM32_WPAN/ble/core/auto/ble_gatt_aci.c ****   int index_input = 0;
 3197              		.loc 1 797 3 is_stmt 1 view .LVU1100
 3198              	.LVL342:
 798:Middlewares/ST/STM32_WPAN/ble/core/auto/ble_gatt_aci.c ****   cp0->Connection_Handle = Connection_Handle;
 3199              		.loc 1 798 3 view .LVU1101
 3200              		.loc 1 798 26 is_stmt 0 view .LVU1102
 3201 000e 02AD     		add	r5, sp, #8
 3202              	.LVL343:
 3203              		.loc 1 798 26 view .LVU1103
 3204 0010 ADF80800 		strh	r0, [sp, #8]	@ movhi
 799:Middlewares/ST/STM32_WPAN/ble/core/auto/ble_gatt_aci.c ****   index_input += 2;
 3205              		.loc 1 799 3 is_stmt 1 view .LVU1104
 3206              	.LVL344:
 800:Middlewares/ST/STM32_WPAN/ble/core/auto/ble_gatt_aci.c ****   cp0->Attr_Handle = Attr_Handle;
 3207              		.loc 1 800 3 view .LVU1105
 3208              		.loc 1 800 20 is_stmt 0 view .LVU1106
 3209 0014 ADF80A10 		strh	r1, [sp, #10]	@ movhi
 801:Middlewares/ST/STM32_WPAN/ble/core/auto/ble_gatt_aci.c ****   index_input += 2;
 3210              		.loc 1 801 3 is_stmt 1 view .LVU1107
 3211              	.LVL345:
 802:Middlewares/ST/STM32_WPAN/ble/core/auto/ble_gatt_aci.c ****   Osal_MemSet( &rq, 0, sizeof(rq) );
 3212              		.loc 1 802 3 view .LVU1108
 3213 0018 42AE     		add	r6, sp, #264
 3214 001a 1822     		movs	r2, #24
 3215 001c 2146     		mov	r1, r4
 3216              	.LVL346:
 3217              		.loc 1 802 3 is_stmt 0 view .LVU1109
 3218 001e 3046     		mov	r0, r6
 3219              	.LVL347:
 3220              		.loc 1 802 3 view .LVU1110
 3221 0020 FFF7FEFF 		bl	Osal_MemSet
 3222              	.LVL348:
 803:Middlewares/ST/STM32_WPAN/ble/core/auto/ble_gatt_aci.c ****   rq.ogf = 0x3f;
 3223              		.loc 1 803 3 is_stmt 1 view .LVU1111
 3224              		.loc 1 803 10 is_stmt 0 view .LVU1112
 3225 0024 3F23     		movs	r3, #63
 3226 0026 ADF80831 		strh	r3, [sp, #264]	@ movhi
 804:Middlewares/ST/STM32_WPAN/ble/core/auto/ble_gatt_aci.c ****   rq.ocf = 0x118;
 3227              		.loc 1 804 3 is_stmt 1 view .LVU1113
 3228              		.loc 1 804 10 is_stmt 0 view .LVU1114
 3229 002a 4FF48C73 		mov	r3, #280
 3230 002e ADF80A31 		strh	r3, [sp, #266]	@ movhi
 805:Middlewares/ST/STM32_WPAN/ble/core/auto/ble_gatt_aci.c ****   rq.event = 0x0F;
 3231              		.loc 1 805 3 is_stmt 1 view .LVU1115
 3232              		.loc 1 805 12 is_stmt 0 view .LVU1116
 3233 0032 0F23     		movs	r3, #15
 3234 0034 4393     		str	r3, [sp, #268]
 806:Middlewares/ST/STM32_WPAN/ble/core/auto/ble_gatt_aci.c ****   rq.cparam = cmd_buffer;
 3235              		.loc 1 806 3 is_stmt 1 view .LVU1117
 3236              		.loc 1 806 13 is_stmt 0 view .LVU1118
 3237 0036 4495     		str	r5, [sp, #272]
 807:Middlewares/ST/STM32_WPAN/ble/core/auto/ble_gatt_aci.c ****   rq.clen = index_input;
 3238              		.loc 1 807 3 is_stmt 1 view .LVU1119
 3239              		.loc 1 807 11 is_stmt 0 view .LVU1120
 3240 0038 0423     		movs	r3, #4
 3241 003a 4593     		str	r3, [sp, #276]
 808:Middlewares/ST/STM32_WPAN/ble/core/auto/ble_gatt_aci.c ****   rq.rparam = &status;
ARM GAS  C:\Users\Nathan\AppData\Local\Temp\ccJAfMtd.s 			page 72


 3242              		.loc 1 808 3 is_stmt 1 view .LVU1121
 3243              		.loc 1 808 13 is_stmt 0 view .LVU1122
 3244 003c 4697     		str	r7, [sp, #280]
 809:Middlewares/ST/STM32_WPAN/ble/core/auto/ble_gatt_aci.c ****   rq.rlen = 1;
 3245              		.loc 1 809 3 is_stmt 1 view .LVU1123
 3246              		.loc 1 809 11 is_stmt 0 view .LVU1124
 3247 003e 0123     		movs	r3, #1
 3248 0040 4793     		str	r3, [sp, #284]
 810:Middlewares/ST/STM32_WPAN/ble/core/auto/ble_gatt_aci.c ****   if ( hci_send_req(&rq, FALSE) < 0 )
 3249              		.loc 1 810 3 is_stmt 1 view .LVU1125
 3250              		.loc 1 810 8 is_stmt 0 view .LVU1126
 3251 0042 2146     		mov	r1, r4
 3252 0044 3046     		mov	r0, r6
 3253 0046 FFF7FEFF 		bl	hci_send_req
 3254              	.LVL349:
 3255              		.loc 1 810 6 discriminator 1 view .LVU1127
 3256 004a A042     		cmp	r0, r4
 3257 004c 02DB     		blt	.L134
 811:Middlewares/ST/STM32_WPAN/ble/core/auto/ble_gatt_aci.c ****     return BLE_STATUS_TIMEOUT;
 812:Middlewares/ST/STM32_WPAN/ble/core/auto/ble_gatt_aci.c ****   return status;
 3258              		.loc 1 812 3 is_stmt 1 view .LVU1128
 3259              		.loc 1 812 10 is_stmt 0 view .LVU1129
 3260 004e 3878     		ldrb	r0, [r7]	@ zero_extendqisi2
 3261              	.L133:
 813:Middlewares/ST/STM32_WPAN/ble/core/auto/ble_gatt_aci.c **** }
 3262              		.loc 1 813 1 view .LVU1130
 3263 0050 49B0     		add	sp, sp, #292
 3264              		.cfi_remember_state
 3265              		.cfi_def_cfa_offset 20
 3266              		@ sp needed
 3267 0052 F0BD     		pop	{r4, r5, r6, r7, pc}
 3268              	.LVL350:
 3269              	.L134:
 3270              		.cfi_restore_state
 811:Middlewares/ST/STM32_WPAN/ble/core/auto/ble_gatt_aci.c ****     return BLE_STATUS_TIMEOUT;
 3271              		.loc 1 811 12 view .LVU1131
 3272 0054 FF20     		movs	r0, #255
 3273 0056 FBE7     		b	.L133
 3274              		.cfi_endproc
 3275              	.LFE23:
 3277              		.section	.text.aci_gatt_read_using_char_uuid,"ax",%progbits
 3278              		.align	1
 3279              		.global	aci_gatt_read_using_char_uuid
 3280              		.syntax unified
 3281              		.thumb
 3282              		.thumb_func
 3284              	aci_gatt_read_using_char_uuid:
 3285              	.LVL351:
 3286              	.LFB24:
 814:Middlewares/ST/STM32_WPAN/ble/core/auto/ble_gatt_aci.c **** 
 815:Middlewares/ST/STM32_WPAN/ble/core/auto/ble_gatt_aci.c **** tBleStatus aci_gatt_read_using_char_uuid( uint16_t Connection_Handle,
 816:Middlewares/ST/STM32_WPAN/ble/core/auto/ble_gatt_aci.c ****                                           uint16_t Start_Handle,
 817:Middlewares/ST/STM32_WPAN/ble/core/auto/ble_gatt_aci.c ****                                           uint16_t End_Handle,
 818:Middlewares/ST/STM32_WPAN/ble/core/auto/ble_gatt_aci.c ****                                           uint8_t UUID_Type,
 819:Middlewares/ST/STM32_WPAN/ble/core/auto/ble_gatt_aci.c ****                                           const UUID_t* UUID )
 820:Middlewares/ST/STM32_WPAN/ble/core/auto/ble_gatt_aci.c **** {
 3287              		.loc 1 820 1 is_stmt 1 view -0
ARM GAS  C:\Users\Nathan\AppData\Local\Temp\ccJAfMtd.s 			page 73


 3288              		.cfi_startproc
 3289              		@ args = 4, pretend = 0, frame = 288
 3290              		@ frame_needed = 0, uses_anonymous_args = 0
 3291              		.loc 1 820 1 is_stmt 0 view .LVU1133
 3292 0000 70B5     		push	{r4, r5, r6, lr}
 3293              		.cfi_def_cfa_offset 16
 3294              		.cfi_offset 4, -16
 3295              		.cfi_offset 5, -12
 3296              		.cfi_offset 6, -8
 3297              		.cfi_offset 14, -4
 3298 0002 C8B0     		sub	sp, sp, #288
 3299              		.cfi_def_cfa_offset 304
 821:Middlewares/ST/STM32_WPAN/ble/core/auto/ble_gatt_aci.c ****   struct hci_request rq;
 3300              		.loc 1 821 3 is_stmt 1 view .LVU1134
 822:Middlewares/ST/STM32_WPAN/ble/core/auto/ble_gatt_aci.c ****   uint8_t cmd_buffer[BLE_CMD_MAX_PARAM_LEN];
 3301              		.loc 1 822 3 view .LVU1135
 823:Middlewares/ST/STM32_WPAN/ble/core/auto/ble_gatt_aci.c ****   aci_gatt_read_using_char_uuid_cp0 *cp0 = (aci_gatt_read_using_char_uuid_cp0*)(cmd_buffer);
 3302              		.loc 1 823 3 view .LVU1136
 3303              	.LVL352:
 824:Middlewares/ST/STM32_WPAN/ble/core/auto/ble_gatt_aci.c ****   tBleStatus status = 0;
 3304              		.loc 1 824 3 view .LVU1137
 3305              		.loc 1 824 14 is_stmt 0 view .LVU1138
 3306 0004 0025     		movs	r5, #0
 3307 0006 8DF80750 		strb	r5, [sp, #7]
 825:Middlewares/ST/STM32_WPAN/ble/core/auto/ble_gatt_aci.c ****   int index_input = 0;
 3308              		.loc 1 825 3 is_stmt 1 view .LVU1139
 3309              	.LVL353:
 826:Middlewares/ST/STM32_WPAN/ble/core/auto/ble_gatt_aci.c ****   int uuid_size = (UUID_Type == 2) ? 16 : 2;
 3310              		.loc 1 826 3 view .LVU1140
 3311              		.loc 1 826 41 is_stmt 0 view .LVU1141
 3312 000a 022B     		cmp	r3, #2
 3313 000c 30D0     		beq	.L142
 3314              		.loc 1 826 7 discriminator 2 view .LVU1142
 3315 000e 0225     		movs	r5, #2
 3316              	.L137:
 3317              	.LVL354:
 827:Middlewares/ST/STM32_WPAN/ble/core/auto/ble_gatt_aci.c ****   cp0->Connection_Handle = Connection_Handle;
 3318              		.loc 1 827 3 is_stmt 1 view .LVU1143
 3319              		.loc 1 827 26 is_stmt 0 view .LVU1144
 3320 0010 02AC     		add	r4, sp, #8
 3321              	.LVL355:
 3322              		.loc 1 827 26 view .LVU1145
 3323 0012 ADF80800 		strh	r0, [sp, #8]	@ movhi
 828:Middlewares/ST/STM32_WPAN/ble/core/auto/ble_gatt_aci.c ****   index_input += 2;
 3324              		.loc 1 828 3 is_stmt 1 view .LVU1146
 3325              	.LVL356:
 829:Middlewares/ST/STM32_WPAN/ble/core/auto/ble_gatt_aci.c ****   cp0->Start_Handle = Start_Handle;
 3326              		.loc 1 829 3 view .LVU1147
 3327              		.loc 1 829 21 is_stmt 0 view .LVU1148
 3328 0016 ADF80A10 		strh	r1, [sp, #10]	@ movhi
 830:Middlewares/ST/STM32_WPAN/ble/core/auto/ble_gatt_aci.c ****   index_input += 2;
 3329              		.loc 1 830 3 is_stmt 1 view .LVU1149
 3330              	.LVL357:
 831:Middlewares/ST/STM32_WPAN/ble/core/auto/ble_gatt_aci.c ****   cp0->End_Handle = End_Handle;
 3331              		.loc 1 831 3 view .LVU1150
 3332              		.loc 1 831 19 is_stmt 0 view .LVU1151
 3333 001a ADF80C20 		strh	r2, [sp, #12]	@ movhi
ARM GAS  C:\Users\Nathan\AppData\Local\Temp\ccJAfMtd.s 			page 74


 832:Middlewares/ST/STM32_WPAN/ble/core/auto/ble_gatt_aci.c ****   index_input += 2;
 3334              		.loc 1 832 3 is_stmt 1 view .LVU1152
 3335              	.LVL358:
 833:Middlewares/ST/STM32_WPAN/ble/core/auto/ble_gatt_aci.c ****   cp0->UUID_Type = UUID_Type;
 3336              		.loc 1 833 3 view .LVU1153
 3337              		.loc 1 833 18 is_stmt 0 view .LVU1154
 3338 001e 8DF80E30 		strb	r3, [sp, #14]
 834:Middlewares/ST/STM32_WPAN/ble/core/auto/ble_gatt_aci.c ****   index_input += 1;
 3339              		.loc 1 834 3 is_stmt 1 view .LVU1155
 3340              	.LVL359:
 835:Middlewares/ST/STM32_WPAN/ble/core/auto/ble_gatt_aci.c ****   Osal_MemCpy( (void*)&cp0->UUID, (const void*)UUID, uuid_size );
 3341              		.loc 1 835 3 view .LVU1156
 3342 0022 2A46     		mov	r2, r5
 3343              	.LVL360:
 3344              		.loc 1 835 3 is_stmt 0 view .LVU1157
 3345 0024 4C99     		ldr	r1, [sp, #304]
 3346              	.LVL361:
 3347              		.loc 1 835 3 view .LVU1158
 3348 0026 0DF10F00 		add	r0, sp, #15
 3349              	.LVL362:
 3350              		.loc 1 835 3 view .LVU1159
 3351 002a FFF7FEFF 		bl	Osal_MemCpy
 3352              	.LVL363:
 836:Middlewares/ST/STM32_WPAN/ble/core/auto/ble_gatt_aci.c ****   index_input += uuid_size;
 3353              		.loc 1 836 3 is_stmt 1 view .LVU1160
 3354              		.loc 1 836 15 is_stmt 0 view .LVU1161
 3355 002e 0735     		adds	r5, r5, #7
 3356              	.LVL364:
 837:Middlewares/ST/STM32_WPAN/ble/core/auto/ble_gatt_aci.c ****   Osal_MemSet( &rq, 0, sizeof(rq) );
 3357              		.loc 1 837 3 is_stmt 1 view .LVU1162
 3358 0030 42AE     		add	r6, sp, #264
 3359 0032 1822     		movs	r2, #24
 3360 0034 0021     		movs	r1, #0
 3361 0036 3046     		mov	r0, r6
 3362 0038 FFF7FEFF 		bl	Osal_MemSet
 3363              	.LVL365:
 838:Middlewares/ST/STM32_WPAN/ble/core/auto/ble_gatt_aci.c ****   rq.ogf = 0x3f;
 3364              		.loc 1 838 3 view .LVU1163
 3365              		.loc 1 838 10 is_stmt 0 view .LVU1164
 3366 003c 3F23     		movs	r3, #63
 3367 003e ADF80831 		strh	r3, [sp, #264]	@ movhi
 839:Middlewares/ST/STM32_WPAN/ble/core/auto/ble_gatt_aci.c ****   rq.ocf = 0x119;
 3368              		.loc 1 839 3 is_stmt 1 view .LVU1165
 3369              		.loc 1 839 10 is_stmt 0 view .LVU1166
 3370 0042 40F21913 		movw	r3, #281
 3371 0046 ADF80A31 		strh	r3, [sp, #266]	@ movhi
 840:Middlewares/ST/STM32_WPAN/ble/core/auto/ble_gatt_aci.c ****   rq.event = 0x0F;
 3372              		.loc 1 840 3 is_stmt 1 view .LVU1167
 3373              		.loc 1 840 12 is_stmt 0 view .LVU1168
 3374 004a 0F23     		movs	r3, #15
 3375 004c 4393     		str	r3, [sp, #268]
 841:Middlewares/ST/STM32_WPAN/ble/core/auto/ble_gatt_aci.c ****   rq.cparam = cmd_buffer;
 3376              		.loc 1 841 3 is_stmt 1 view .LVU1169
 3377              		.loc 1 841 13 is_stmt 0 view .LVU1170
 3378 004e 4494     		str	r4, [sp, #272]
 842:Middlewares/ST/STM32_WPAN/ble/core/auto/ble_gatt_aci.c ****   rq.clen = index_input;
 3379              		.loc 1 842 3 is_stmt 1 view .LVU1171
ARM GAS  C:\Users\Nathan\AppData\Local\Temp\ccJAfMtd.s 			page 75


 3380              		.loc 1 842 11 is_stmt 0 view .LVU1172
 3381 0050 4595     		str	r5, [sp, #276]
 843:Middlewares/ST/STM32_WPAN/ble/core/auto/ble_gatt_aci.c ****   rq.rparam = &status;
 3382              		.loc 1 843 3 is_stmt 1 view .LVU1173
 3383              		.loc 1 843 13 is_stmt 0 view .LVU1174
 3384 0052 0DF10703 		add	r3, sp, #7
 3385 0056 4693     		str	r3, [sp, #280]
 844:Middlewares/ST/STM32_WPAN/ble/core/auto/ble_gatt_aci.c ****   rq.rlen = 1;
 3386              		.loc 1 844 3 is_stmt 1 view .LVU1175
 3387              		.loc 1 844 11 is_stmt 0 view .LVU1176
 3388 0058 0123     		movs	r3, #1
 3389 005a 4793     		str	r3, [sp, #284]
 845:Middlewares/ST/STM32_WPAN/ble/core/auto/ble_gatt_aci.c ****   if ( hci_send_req(&rq, FALSE) < 0 )
 3390              		.loc 1 845 3 is_stmt 1 view .LVU1177
 3391              		.loc 1 845 8 is_stmt 0 view .LVU1178
 3392 005c 0021     		movs	r1, #0
 3393 005e 3046     		mov	r0, r6
 3394 0060 FFF7FEFF 		bl	hci_send_req
 3395              	.LVL366:
 3396              		.loc 1 845 6 discriminator 1 view .LVU1179
 3397 0064 0028     		cmp	r0, #0
 3398 0066 05DB     		blt	.L140
 846:Middlewares/ST/STM32_WPAN/ble/core/auto/ble_gatt_aci.c ****     return BLE_STATUS_TIMEOUT;
 847:Middlewares/ST/STM32_WPAN/ble/core/auto/ble_gatt_aci.c ****   return status;
 3399              		.loc 1 847 3 is_stmt 1 view .LVU1180
 3400              		.loc 1 847 10 is_stmt 0 view .LVU1181
 3401 0068 9DF80700 		ldrb	r0, [sp, #7]	@ zero_extendqisi2
 3402              	.L138:
 848:Middlewares/ST/STM32_WPAN/ble/core/auto/ble_gatt_aci.c **** }
 3403              		.loc 1 848 1 view .LVU1182
 3404 006c 48B0     		add	sp, sp, #288
 3405              		.cfi_remember_state
 3406              		.cfi_def_cfa_offset 16
 3407              		@ sp needed
 3408 006e 70BD     		pop	{r4, r5, r6, pc}
 3409              	.LVL367:
 3410              	.L142:
 3411              		.cfi_restore_state
 826:Middlewares/ST/STM32_WPAN/ble/core/auto/ble_gatt_aci.c ****   cp0->Connection_Handle = Connection_Handle;
 3412              		.loc 1 826 7 discriminator 1 view .LVU1183
 3413 0070 1025     		movs	r5, #16
 3414 0072 CDE7     		b	.L137
 3415              	.LVL368:
 3416              	.L140:
 846:Middlewares/ST/STM32_WPAN/ble/core/auto/ble_gatt_aci.c ****     return BLE_STATUS_TIMEOUT;
 3417              		.loc 1 846 12 view .LVU1184
 3418 0074 FF20     		movs	r0, #255
 3419 0076 F9E7     		b	.L138
 3420              		.cfi_endproc
 3421              	.LFE24:
 3423              		.section	.text.aci_gatt_read_long_char_value,"ax",%progbits
 3424              		.align	1
 3425              		.global	aci_gatt_read_long_char_value
 3426              		.syntax unified
 3427              		.thumb
 3428              		.thumb_func
 3430              	aci_gatt_read_long_char_value:
ARM GAS  C:\Users\Nathan\AppData\Local\Temp\ccJAfMtd.s 			page 76


 3431              	.LVL369:
 3432              	.LFB25:
 849:Middlewares/ST/STM32_WPAN/ble/core/auto/ble_gatt_aci.c **** 
 850:Middlewares/ST/STM32_WPAN/ble/core/auto/ble_gatt_aci.c **** tBleStatus aci_gatt_read_long_char_value( uint16_t Connection_Handle,
 851:Middlewares/ST/STM32_WPAN/ble/core/auto/ble_gatt_aci.c ****                                           uint16_t Attr_Handle,
 852:Middlewares/ST/STM32_WPAN/ble/core/auto/ble_gatt_aci.c ****                                           uint16_t Val_Offset )
 853:Middlewares/ST/STM32_WPAN/ble/core/auto/ble_gatt_aci.c **** {
 3433              		.loc 1 853 1 is_stmt 1 view -0
 3434              		.cfi_startproc
 3435              		@ args = 0, pretend = 0, frame = 288
 3436              		@ frame_needed = 0, uses_anonymous_args = 0
 3437              		.loc 1 853 1 is_stmt 0 view .LVU1186
 3438 0000 F0B5     		push	{r4, r5, r6, r7, lr}
 3439              		.cfi_def_cfa_offset 20
 3440              		.cfi_offset 4, -20
 3441              		.cfi_offset 5, -16
 3442              		.cfi_offset 6, -12
 3443              		.cfi_offset 7, -8
 3444              		.cfi_offset 14, -4
 3445 0002 C9B0     		sub	sp, sp, #292
 3446              		.cfi_def_cfa_offset 312
 854:Middlewares/ST/STM32_WPAN/ble/core/auto/ble_gatt_aci.c ****   struct hci_request rq;
 3447              		.loc 1 854 3 is_stmt 1 view .LVU1187
 855:Middlewares/ST/STM32_WPAN/ble/core/auto/ble_gatt_aci.c ****   uint8_t cmd_buffer[BLE_CMD_MAX_PARAM_LEN];
 3448              		.loc 1 855 3 view .LVU1188
 856:Middlewares/ST/STM32_WPAN/ble/core/auto/ble_gatt_aci.c ****   aci_gatt_read_long_char_value_cp0 *cp0 = (aci_gatt_read_long_char_value_cp0*)(cmd_buffer);
 3449              		.loc 1 856 3 view .LVU1189
 3450              	.LVL370:
 857:Middlewares/ST/STM32_WPAN/ble/core/auto/ble_gatt_aci.c ****   tBleStatus status = 0;
 3451              		.loc 1 857 3 view .LVU1190
 3452              		.loc 1 857 14 is_stmt 0 view .LVU1191
 3453 0004 0DF10707 		add	r7, sp, #7
 3454 0008 0025     		movs	r5, #0
 3455 000a 8DF80750 		strb	r5, [sp, #7]
 858:Middlewares/ST/STM32_WPAN/ble/core/auto/ble_gatt_aci.c ****   int index_input = 0;
 3456              		.loc 1 858 3 is_stmt 1 view .LVU1192
 3457              	.LVL371:
 859:Middlewares/ST/STM32_WPAN/ble/core/auto/ble_gatt_aci.c ****   cp0->Connection_Handle = Connection_Handle;
 3458              		.loc 1 859 3 view .LVU1193
 3459              		.loc 1 859 26 is_stmt 0 view .LVU1194
 3460 000e 02AC     		add	r4, sp, #8
 3461              	.LVL372:
 3462              		.loc 1 859 26 view .LVU1195
 3463 0010 ADF80800 		strh	r0, [sp, #8]	@ movhi
 860:Middlewares/ST/STM32_WPAN/ble/core/auto/ble_gatt_aci.c ****   index_input += 2;
 3464              		.loc 1 860 3 is_stmt 1 view .LVU1196
 3465              	.LVL373:
 861:Middlewares/ST/STM32_WPAN/ble/core/auto/ble_gatt_aci.c ****   cp0->Attr_Handle = Attr_Handle;
 3466              		.loc 1 861 3 view .LVU1197
 3467              		.loc 1 861 20 is_stmt 0 view .LVU1198
 3468 0014 ADF80A10 		strh	r1, [sp, #10]	@ movhi
 862:Middlewares/ST/STM32_WPAN/ble/core/auto/ble_gatt_aci.c ****   index_input += 2;
 3469              		.loc 1 862 3 is_stmt 1 view .LVU1199
 3470              	.LVL374:
 863:Middlewares/ST/STM32_WPAN/ble/core/auto/ble_gatt_aci.c ****   cp0->Val_Offset = Val_Offset;
 3471              		.loc 1 863 3 view .LVU1200
 3472              		.loc 1 863 19 is_stmt 0 view .LVU1201
ARM GAS  C:\Users\Nathan\AppData\Local\Temp\ccJAfMtd.s 			page 77


 3473 0018 ADF80C20 		strh	r2, [sp, #12]	@ movhi
 864:Middlewares/ST/STM32_WPAN/ble/core/auto/ble_gatt_aci.c ****   index_input += 2;
 3474              		.loc 1 864 3 is_stmt 1 view .LVU1202
 3475              	.LVL375:
 865:Middlewares/ST/STM32_WPAN/ble/core/auto/ble_gatt_aci.c ****   Osal_MemSet( &rq, 0, sizeof(rq) );
 3476              		.loc 1 865 3 view .LVU1203
 3477 001c 42AE     		add	r6, sp, #264
 3478 001e 1822     		movs	r2, #24
 3479              	.LVL376:
 3480              		.loc 1 865 3 is_stmt 0 view .LVU1204
 3481 0020 2946     		mov	r1, r5
 3482              	.LVL377:
 3483              		.loc 1 865 3 view .LVU1205
 3484 0022 3046     		mov	r0, r6
 3485              	.LVL378:
 3486              		.loc 1 865 3 view .LVU1206
 3487 0024 FFF7FEFF 		bl	Osal_MemSet
 3488              	.LVL379:
 866:Middlewares/ST/STM32_WPAN/ble/core/auto/ble_gatt_aci.c ****   rq.ogf = 0x3f;
 3489              		.loc 1 866 3 is_stmt 1 view .LVU1207
 3490              		.loc 1 866 10 is_stmt 0 view .LVU1208
 3491 0028 3F23     		movs	r3, #63
 3492 002a ADF80831 		strh	r3, [sp, #264]	@ movhi
 867:Middlewares/ST/STM32_WPAN/ble/core/auto/ble_gatt_aci.c ****   rq.ocf = 0x11a;
 3493              		.loc 1 867 3 is_stmt 1 view .LVU1209
 3494              		.loc 1 867 10 is_stmt 0 view .LVU1210
 3495 002e 4FF48D73 		mov	r3, #282
 3496 0032 ADF80A31 		strh	r3, [sp, #266]	@ movhi
 868:Middlewares/ST/STM32_WPAN/ble/core/auto/ble_gatt_aci.c ****   rq.event = 0x0F;
 3497              		.loc 1 868 3 is_stmt 1 view .LVU1211
 3498              		.loc 1 868 12 is_stmt 0 view .LVU1212
 3499 0036 0F23     		movs	r3, #15
 3500 0038 4393     		str	r3, [sp, #268]
 869:Middlewares/ST/STM32_WPAN/ble/core/auto/ble_gatt_aci.c ****   rq.cparam = cmd_buffer;
 3501              		.loc 1 869 3 is_stmt 1 view .LVU1213
 3502              		.loc 1 869 13 is_stmt 0 view .LVU1214
 3503 003a 4494     		str	r4, [sp, #272]
 870:Middlewares/ST/STM32_WPAN/ble/core/auto/ble_gatt_aci.c ****   rq.clen = index_input;
 3504              		.loc 1 870 3 is_stmt 1 view .LVU1215
 3505              		.loc 1 870 11 is_stmt 0 view .LVU1216
 3506 003c 0623     		movs	r3, #6
 3507 003e 4593     		str	r3, [sp, #276]
 871:Middlewares/ST/STM32_WPAN/ble/core/auto/ble_gatt_aci.c ****   rq.rparam = &status;
 3508              		.loc 1 871 3 is_stmt 1 view .LVU1217
 3509              		.loc 1 871 13 is_stmt 0 view .LVU1218
 3510 0040 4697     		str	r7, [sp, #280]
 872:Middlewares/ST/STM32_WPAN/ble/core/auto/ble_gatt_aci.c ****   rq.rlen = 1;
 3511              		.loc 1 872 3 is_stmt 1 view .LVU1219
 3512              		.loc 1 872 11 is_stmt 0 view .LVU1220
 3513 0042 0123     		movs	r3, #1
 3514 0044 4793     		str	r3, [sp, #284]
 873:Middlewares/ST/STM32_WPAN/ble/core/auto/ble_gatt_aci.c ****   if ( hci_send_req(&rq, FALSE) < 0 )
 3515              		.loc 1 873 3 is_stmt 1 view .LVU1221
 3516              		.loc 1 873 8 is_stmt 0 view .LVU1222
 3517 0046 2946     		mov	r1, r5
 3518 0048 3046     		mov	r0, r6
 3519 004a FFF7FEFF 		bl	hci_send_req
ARM GAS  C:\Users\Nathan\AppData\Local\Temp\ccJAfMtd.s 			page 78


 3520              	.LVL380:
 3521              		.loc 1 873 6 discriminator 1 view .LVU1223
 3522 004e A842     		cmp	r0, r5
 3523 0050 02DB     		blt	.L145
 874:Middlewares/ST/STM32_WPAN/ble/core/auto/ble_gatt_aci.c ****     return BLE_STATUS_TIMEOUT;
 875:Middlewares/ST/STM32_WPAN/ble/core/auto/ble_gatt_aci.c ****   return status;
 3524              		.loc 1 875 3 is_stmt 1 view .LVU1224
 3525              		.loc 1 875 10 is_stmt 0 view .LVU1225
 3526 0052 3878     		ldrb	r0, [r7]	@ zero_extendqisi2
 3527              	.L144:
 876:Middlewares/ST/STM32_WPAN/ble/core/auto/ble_gatt_aci.c **** }
 3528              		.loc 1 876 1 view .LVU1226
 3529 0054 49B0     		add	sp, sp, #292
 3530              		.cfi_remember_state
 3531              		.cfi_def_cfa_offset 20
 3532              		@ sp needed
 3533 0056 F0BD     		pop	{r4, r5, r6, r7, pc}
 3534              	.LVL381:
 3535              	.L145:
 3536              		.cfi_restore_state
 874:Middlewares/ST/STM32_WPAN/ble/core/auto/ble_gatt_aci.c ****     return BLE_STATUS_TIMEOUT;
 3537              		.loc 1 874 12 view .LVU1227
 3538 0058 FF20     		movs	r0, #255
 3539 005a FBE7     		b	.L144
 3540              		.cfi_endproc
 3541              	.LFE25:
 3543              		.section	.text.aci_gatt_read_multiple_char_value,"ax",%progbits
 3544              		.align	1
 3545              		.global	aci_gatt_read_multiple_char_value
 3546              		.syntax unified
 3547              		.thumb
 3548              		.thumb_func
 3550              	aci_gatt_read_multiple_char_value:
 3551              	.LVL382:
 3552              	.LFB26:
 877:Middlewares/ST/STM32_WPAN/ble/core/auto/ble_gatt_aci.c **** 
 878:Middlewares/ST/STM32_WPAN/ble/core/auto/ble_gatt_aci.c **** tBleStatus aci_gatt_read_multiple_char_value( uint16_t Connection_Handle,
 879:Middlewares/ST/STM32_WPAN/ble/core/auto/ble_gatt_aci.c ****                                               uint8_t Number_of_Handles,
 880:Middlewares/ST/STM32_WPAN/ble/core/auto/ble_gatt_aci.c ****                                               const Handle_Entry_t* Handle_Entry )
 881:Middlewares/ST/STM32_WPAN/ble/core/auto/ble_gatt_aci.c **** {
 3553              		.loc 1 881 1 is_stmt 1 view -0
 3554              		.cfi_startproc
 3555              		@ args = 0, pretend = 0, frame = 288
 3556              		@ frame_needed = 0, uses_anonymous_args = 0
 3557              		.loc 1 881 1 is_stmt 0 view .LVU1229
 3558 0000 2DE9F041 		push	{r4, r5, r6, r7, r8, lr}
 3559              		.cfi_def_cfa_offset 24
 3560              		.cfi_offset 4, -24
 3561              		.cfi_offset 5, -20
 3562              		.cfi_offset 6, -16
 3563              		.cfi_offset 7, -12
 3564              		.cfi_offset 8, -8
 3565              		.cfi_offset 14, -4
 3566 0004 C8B0     		sub	sp, sp, #288
 3567              		.cfi_def_cfa_offset 312
 3568 0006 0C46     		mov	r4, r1
 3569 0008 1146     		mov	r1, r2
ARM GAS  C:\Users\Nathan\AppData\Local\Temp\ccJAfMtd.s 			page 79


 3570              	.LVL383:
 882:Middlewares/ST/STM32_WPAN/ble/core/auto/ble_gatt_aci.c ****   struct hci_request rq;
 3571              		.loc 1 882 3 is_stmt 1 view .LVU1230
 883:Middlewares/ST/STM32_WPAN/ble/core/auto/ble_gatt_aci.c ****   uint8_t cmd_buffer[BLE_CMD_MAX_PARAM_LEN];
 3572              		.loc 1 883 3 view .LVU1231
 884:Middlewares/ST/STM32_WPAN/ble/core/auto/ble_gatt_aci.c ****   aci_gatt_read_multiple_char_value_cp0 *cp0 = (aci_gatt_read_multiple_char_value_cp0*)(cmd_buffer)
 3573              		.loc 1 884 3 view .LVU1232
 885:Middlewares/ST/STM32_WPAN/ble/core/auto/ble_gatt_aci.c ****   tBleStatus status = 0;
 3574              		.loc 1 885 3 view .LVU1233
 3575              		.loc 1 885 14 is_stmt 0 view .LVU1234
 3576 000a 0DF10708 		add	r8, sp, #7
 3577 000e 0025     		movs	r5, #0
 3578 0010 8DF80750 		strb	r5, [sp, #7]
 886:Middlewares/ST/STM32_WPAN/ble/core/auto/ble_gatt_aci.c ****   int index_input = 0;
 3579              		.loc 1 886 3 is_stmt 1 view .LVU1235
 3580              	.LVL384:
 887:Middlewares/ST/STM32_WPAN/ble/core/auto/ble_gatt_aci.c ****   cp0->Connection_Handle = Connection_Handle;
 3581              		.loc 1 887 3 view .LVU1236
 3582              		.loc 1 887 26 is_stmt 0 view .LVU1237
 3583 0014 02AE     		add	r6, sp, #8
 3584              	.LVL385:
 3585              		.loc 1 887 26 view .LVU1238
 3586 0016 ADF80800 		strh	r0, [sp, #8]	@ movhi
 888:Middlewares/ST/STM32_WPAN/ble/core/auto/ble_gatt_aci.c ****   index_input += 2;
 3587              		.loc 1 888 3 is_stmt 1 view .LVU1239
 3588              	.LVL386:
 889:Middlewares/ST/STM32_WPAN/ble/core/auto/ble_gatt_aci.c ****   cp0->Number_of_Handles = Number_of_Handles;
 3589              		.loc 1 889 3 view .LVU1240
 3590              		.loc 1 889 26 is_stmt 0 view .LVU1241
 3591 001a 8DF80A40 		strb	r4, [sp, #10]
 890:Middlewares/ST/STM32_WPAN/ble/core/auto/ble_gatt_aci.c ****   index_input += 1;
 3592              		.loc 1 890 3 is_stmt 1 view .LVU1242
 3593              	.LVL387:
 891:Middlewares/ST/STM32_WPAN/ble/core/auto/ble_gatt_aci.c ****   Osal_MemCpy( (void*)&cp0->Handle_Entry, (const void*)Handle_Entry, Number_of_Handles * (sizeof(Ha
 3594              		.loc 1 891 3 view .LVU1243
 3595 001e 6400     		lsls	r4, r4, #1
 3596              	.LVL388:
 3597              		.loc 1 891 3 is_stmt 0 view .LVU1244
 3598 0020 2246     		mov	r2, r4
 3599              	.LVL389:
 3600              		.loc 1 891 3 view .LVU1245
 3601 0022 0DF10B00 		add	r0, sp, #11
 3602              	.LVL390:
 3603              		.loc 1 891 3 view .LVU1246
 3604 0026 FFF7FEFF 		bl	Osal_MemCpy
 3605              	.LVL391:
 892:Middlewares/ST/STM32_WPAN/ble/core/auto/ble_gatt_aci.c ****   index_input += Number_of_Handles * (sizeof(Handle_Entry_t));
 3606              		.loc 1 892 3 is_stmt 1 view .LVU1247
 3607              		.loc 1 892 15 is_stmt 0 view .LVU1248
 3608 002a 0334     		adds	r4, r4, #3
 3609              	.LVL392:
 893:Middlewares/ST/STM32_WPAN/ble/core/auto/ble_gatt_aci.c ****   Osal_MemSet( &rq, 0, sizeof(rq) );
 3610              		.loc 1 893 3 is_stmt 1 view .LVU1249
 3611 002c 42AF     		add	r7, sp, #264
 3612 002e 1822     		movs	r2, #24
 3613 0030 2946     		mov	r1, r5
 3614 0032 3846     		mov	r0, r7
ARM GAS  C:\Users\Nathan\AppData\Local\Temp\ccJAfMtd.s 			page 80


 3615 0034 FFF7FEFF 		bl	Osal_MemSet
 3616              	.LVL393:
 894:Middlewares/ST/STM32_WPAN/ble/core/auto/ble_gatt_aci.c ****   rq.ogf = 0x3f;
 3617              		.loc 1 894 3 view .LVU1250
 3618              		.loc 1 894 10 is_stmt 0 view .LVU1251
 3619 0038 3F23     		movs	r3, #63
 3620 003a ADF80831 		strh	r3, [sp, #264]	@ movhi
 895:Middlewares/ST/STM32_WPAN/ble/core/auto/ble_gatt_aci.c ****   rq.ocf = 0x11b;
 3621              		.loc 1 895 3 is_stmt 1 view .LVU1252
 3622              		.loc 1 895 10 is_stmt 0 view .LVU1253
 3623 003e 40F21B13 		movw	r3, #283
 3624 0042 ADF80A31 		strh	r3, [sp, #266]	@ movhi
 896:Middlewares/ST/STM32_WPAN/ble/core/auto/ble_gatt_aci.c ****   rq.event = 0x0F;
 3625              		.loc 1 896 3 is_stmt 1 view .LVU1254
 3626              		.loc 1 896 12 is_stmt 0 view .LVU1255
 3627 0046 0F23     		movs	r3, #15
 3628 0048 4393     		str	r3, [sp, #268]
 897:Middlewares/ST/STM32_WPAN/ble/core/auto/ble_gatt_aci.c ****   rq.cparam = cmd_buffer;
 3629              		.loc 1 897 3 is_stmt 1 view .LVU1256
 3630              		.loc 1 897 13 is_stmt 0 view .LVU1257
 3631 004a 4496     		str	r6, [sp, #272]
 898:Middlewares/ST/STM32_WPAN/ble/core/auto/ble_gatt_aci.c ****   rq.clen = index_input;
 3632              		.loc 1 898 3 is_stmt 1 view .LVU1258
 3633              		.loc 1 898 11 is_stmt 0 view .LVU1259
 3634 004c 4594     		str	r4, [sp, #276]
 899:Middlewares/ST/STM32_WPAN/ble/core/auto/ble_gatt_aci.c ****   rq.rparam = &status;
 3635              		.loc 1 899 3 is_stmt 1 view .LVU1260
 3636              		.loc 1 899 13 is_stmt 0 view .LVU1261
 3637 004e CDF81881 		str	r8, [sp, #280]
 900:Middlewares/ST/STM32_WPAN/ble/core/auto/ble_gatt_aci.c ****   rq.rlen = 1;
 3638              		.loc 1 900 3 is_stmt 1 view .LVU1262
 3639              		.loc 1 900 11 is_stmt 0 view .LVU1263
 3640 0052 0123     		movs	r3, #1
 3641 0054 4793     		str	r3, [sp, #284]
 901:Middlewares/ST/STM32_WPAN/ble/core/auto/ble_gatt_aci.c ****   if ( hci_send_req(&rq, FALSE) < 0 )
 3642              		.loc 1 901 3 is_stmt 1 view .LVU1264
 3643              		.loc 1 901 8 is_stmt 0 view .LVU1265
 3644 0056 2946     		mov	r1, r5
 3645 0058 3846     		mov	r0, r7
 3646 005a FFF7FEFF 		bl	hci_send_req
 3647              	.LVL394:
 3648              		.loc 1 901 6 discriminator 1 view .LVU1266
 3649 005e A842     		cmp	r0, r5
 3650 0060 04DB     		blt	.L149
 902:Middlewares/ST/STM32_WPAN/ble/core/auto/ble_gatt_aci.c ****     return BLE_STATUS_TIMEOUT;
 903:Middlewares/ST/STM32_WPAN/ble/core/auto/ble_gatt_aci.c ****   return status;
 3651              		.loc 1 903 3 is_stmt 1 view .LVU1267
 3652              		.loc 1 903 10 is_stmt 0 view .LVU1268
 3653 0062 98F80000 		ldrb	r0, [r8]	@ zero_extendqisi2
 3654              	.L148:
 904:Middlewares/ST/STM32_WPAN/ble/core/auto/ble_gatt_aci.c **** }
 3655              		.loc 1 904 1 view .LVU1269
 3656 0066 48B0     		add	sp, sp, #288
 3657              		.cfi_remember_state
 3658              		.cfi_def_cfa_offset 24
 3659              		@ sp needed
 3660 0068 BDE8F081 		pop	{r4, r5, r6, r7, r8, pc}
ARM GAS  C:\Users\Nathan\AppData\Local\Temp\ccJAfMtd.s 			page 81


 3661              	.LVL395:
 3662              	.L149:
 3663              		.cfi_restore_state
 902:Middlewares/ST/STM32_WPAN/ble/core/auto/ble_gatt_aci.c ****     return BLE_STATUS_TIMEOUT;
 3664              		.loc 1 902 12 view .LVU1270
 3665 006c FF20     		movs	r0, #255
 3666 006e FAE7     		b	.L148
 3667              		.cfi_endproc
 3668              	.LFE26:
 3670              		.section	.text.aci_gatt_write_char_value,"ax",%progbits
 3671              		.align	1
 3672              		.global	aci_gatt_write_char_value
 3673              		.syntax unified
 3674              		.thumb
 3675              		.thumb_func
 3677              	aci_gatt_write_char_value:
 3678              	.LVL396:
 3679              	.LFB27:
 905:Middlewares/ST/STM32_WPAN/ble/core/auto/ble_gatt_aci.c **** 
 906:Middlewares/ST/STM32_WPAN/ble/core/auto/ble_gatt_aci.c **** tBleStatus aci_gatt_write_char_value( uint16_t Connection_Handle,
 907:Middlewares/ST/STM32_WPAN/ble/core/auto/ble_gatt_aci.c ****                                       uint16_t Attr_Handle,
 908:Middlewares/ST/STM32_WPAN/ble/core/auto/ble_gatt_aci.c ****                                       uint8_t Attribute_Val_Length,
 909:Middlewares/ST/STM32_WPAN/ble/core/auto/ble_gatt_aci.c ****                                       const uint8_t* Attribute_Val )
 910:Middlewares/ST/STM32_WPAN/ble/core/auto/ble_gatt_aci.c **** {
 3680              		.loc 1 910 1 is_stmt 1 view -0
 3681              		.cfi_startproc
 3682              		@ args = 0, pretend = 0, frame = 288
 3683              		@ frame_needed = 0, uses_anonymous_args = 0
 3684              		.loc 1 910 1 is_stmt 0 view .LVU1272
 3685 0000 2DE9F041 		push	{r4, r5, r6, r7, r8, lr}
 3686              		.cfi_def_cfa_offset 24
 3687              		.cfi_offset 4, -24
 3688              		.cfi_offset 5, -20
 3689              		.cfi_offset 6, -16
 3690              		.cfi_offset 7, -12
 3691              		.cfi_offset 8, -8
 3692              		.cfi_offset 14, -4
 3693 0004 C8B0     		sub	sp, sp, #288
 3694              		.cfi_def_cfa_offset 312
 3695 0006 1446     		mov	r4, r2
 911:Middlewares/ST/STM32_WPAN/ble/core/auto/ble_gatt_aci.c ****   struct hci_request rq;
 3696              		.loc 1 911 3 is_stmt 1 view .LVU1273
 912:Middlewares/ST/STM32_WPAN/ble/core/auto/ble_gatt_aci.c ****   uint8_t cmd_buffer[BLE_CMD_MAX_PARAM_LEN];
 3697              		.loc 1 912 3 view .LVU1274
 913:Middlewares/ST/STM32_WPAN/ble/core/auto/ble_gatt_aci.c ****   aci_gatt_write_char_value_cp0 *cp0 = (aci_gatt_write_char_value_cp0*)(cmd_buffer);
 3698              		.loc 1 913 3 view .LVU1275
 3699              	.LVL397:
 914:Middlewares/ST/STM32_WPAN/ble/core/auto/ble_gatt_aci.c ****   tBleStatus status = 0;
 3700              		.loc 1 914 3 view .LVU1276
 3701              		.loc 1 914 14 is_stmt 0 view .LVU1277
 3702 0008 0DF10708 		add	r8, sp, #7
 3703 000c 0026     		movs	r6, #0
 3704 000e 8DF80760 		strb	r6, [sp, #7]
 915:Middlewares/ST/STM32_WPAN/ble/core/auto/ble_gatt_aci.c ****   int index_input = 0;
 3705              		.loc 1 915 3 is_stmt 1 view .LVU1278
 3706              	.LVL398:
 916:Middlewares/ST/STM32_WPAN/ble/core/auto/ble_gatt_aci.c ****   cp0->Connection_Handle = Connection_Handle;
ARM GAS  C:\Users\Nathan\AppData\Local\Temp\ccJAfMtd.s 			page 82


 3707              		.loc 1 916 3 view .LVU1279
 3708              		.loc 1 916 26 is_stmt 0 view .LVU1280
 3709 0012 02AD     		add	r5, sp, #8
 3710              	.LVL399:
 3711              		.loc 1 916 26 view .LVU1281
 3712 0014 ADF80800 		strh	r0, [sp, #8]	@ movhi
 917:Middlewares/ST/STM32_WPAN/ble/core/auto/ble_gatt_aci.c ****   index_input += 2;
 3713              		.loc 1 917 3 is_stmt 1 view .LVU1282
 3714              	.LVL400:
 918:Middlewares/ST/STM32_WPAN/ble/core/auto/ble_gatt_aci.c ****   cp0->Attr_Handle = Attr_Handle;
 3715              		.loc 1 918 3 view .LVU1283
 3716              		.loc 1 918 20 is_stmt 0 view .LVU1284
 3717 0018 ADF80A10 		strh	r1, [sp, #10]	@ movhi
 919:Middlewares/ST/STM32_WPAN/ble/core/auto/ble_gatt_aci.c ****   index_input += 2;
 3718              		.loc 1 919 3 is_stmt 1 view .LVU1285
 3719              	.LVL401:
 920:Middlewares/ST/STM32_WPAN/ble/core/auto/ble_gatt_aci.c ****   cp0->Attribute_Val_Length = Attribute_Val_Length;
 3720              		.loc 1 920 3 view .LVU1286
 3721              		.loc 1 920 29 is_stmt 0 view .LVU1287
 3722 001c 8DF80C20 		strb	r2, [sp, #12]
 921:Middlewares/ST/STM32_WPAN/ble/core/auto/ble_gatt_aci.c ****   index_input += 1;
 3723              		.loc 1 921 3 is_stmt 1 view .LVU1288
 3724              	.LVL402:
 922:Middlewares/ST/STM32_WPAN/ble/core/auto/ble_gatt_aci.c ****   Osal_MemCpy( (void*)&cp0->Attribute_Val, (const void*)Attribute_Val, Attribute_Val_Length );
 3725              		.loc 1 922 3 view .LVU1289
 3726 0020 1946     		mov	r1, r3
 3727              	.LVL403:
 3728              		.loc 1 922 3 is_stmt 0 view .LVU1290
 3729 0022 0DF10D00 		add	r0, sp, #13
 3730              	.LVL404:
 3731              		.loc 1 922 3 view .LVU1291
 3732 0026 FFF7FEFF 		bl	Osal_MemCpy
 3733              	.LVL405:
 923:Middlewares/ST/STM32_WPAN/ble/core/auto/ble_gatt_aci.c ****   index_input += Attribute_Val_Length;
 3734              		.loc 1 923 3 is_stmt 1 view .LVU1292
 3735              		.loc 1 923 15 is_stmt 0 view .LVU1293
 3736 002a 0534     		adds	r4, r4, #5
 3737              	.LVL406:
 924:Middlewares/ST/STM32_WPAN/ble/core/auto/ble_gatt_aci.c ****   Osal_MemSet( &rq, 0, sizeof(rq) );
 3738              		.loc 1 924 3 is_stmt 1 view .LVU1294
 3739 002c 42AF     		add	r7, sp, #264
 3740 002e 1822     		movs	r2, #24
 3741 0030 3146     		mov	r1, r6
 3742 0032 3846     		mov	r0, r7
 3743 0034 FFF7FEFF 		bl	Osal_MemSet
 3744              	.LVL407:
 925:Middlewares/ST/STM32_WPAN/ble/core/auto/ble_gatt_aci.c ****   rq.ogf = 0x3f;
 3745              		.loc 1 925 3 view .LVU1295
 3746              		.loc 1 925 10 is_stmt 0 view .LVU1296
 3747 0038 3F23     		movs	r3, #63
 3748 003a ADF80831 		strh	r3, [sp, #264]	@ movhi
 926:Middlewares/ST/STM32_WPAN/ble/core/auto/ble_gatt_aci.c ****   rq.ocf = 0x11c;
 3749              		.loc 1 926 3 is_stmt 1 view .LVU1297
 3750              		.loc 1 926 10 is_stmt 0 view .LVU1298
 3751 003e 4FF48E73 		mov	r3, #284
 3752 0042 ADF80A31 		strh	r3, [sp, #266]	@ movhi
 927:Middlewares/ST/STM32_WPAN/ble/core/auto/ble_gatt_aci.c ****   rq.event = 0x0F;
ARM GAS  C:\Users\Nathan\AppData\Local\Temp\ccJAfMtd.s 			page 83


 3753              		.loc 1 927 3 is_stmt 1 view .LVU1299
 3754              		.loc 1 927 12 is_stmt 0 view .LVU1300
 3755 0046 0F23     		movs	r3, #15
 3756 0048 4393     		str	r3, [sp, #268]
 928:Middlewares/ST/STM32_WPAN/ble/core/auto/ble_gatt_aci.c ****   rq.cparam = cmd_buffer;
 3757              		.loc 1 928 3 is_stmt 1 view .LVU1301
 3758              		.loc 1 928 13 is_stmt 0 view .LVU1302
 3759 004a 4495     		str	r5, [sp, #272]
 929:Middlewares/ST/STM32_WPAN/ble/core/auto/ble_gatt_aci.c ****   rq.clen = index_input;
 3760              		.loc 1 929 3 is_stmt 1 view .LVU1303
 3761              		.loc 1 929 11 is_stmt 0 view .LVU1304
 3762 004c 4594     		str	r4, [sp, #276]
 930:Middlewares/ST/STM32_WPAN/ble/core/auto/ble_gatt_aci.c ****   rq.rparam = &status;
 3763              		.loc 1 930 3 is_stmt 1 view .LVU1305
 3764              		.loc 1 930 13 is_stmt 0 view .LVU1306
 3765 004e CDF81881 		str	r8, [sp, #280]
 931:Middlewares/ST/STM32_WPAN/ble/core/auto/ble_gatt_aci.c ****   rq.rlen = 1;
 3766              		.loc 1 931 3 is_stmt 1 view .LVU1307
 3767              		.loc 1 931 11 is_stmt 0 view .LVU1308
 3768 0052 0123     		movs	r3, #1
 3769 0054 4793     		str	r3, [sp, #284]
 932:Middlewares/ST/STM32_WPAN/ble/core/auto/ble_gatt_aci.c ****   if ( hci_send_req(&rq, FALSE) < 0 )
 3770              		.loc 1 932 3 is_stmt 1 view .LVU1309
 3771              		.loc 1 932 8 is_stmt 0 view .LVU1310
 3772 0056 3146     		mov	r1, r6
 3773 0058 3846     		mov	r0, r7
 3774 005a FFF7FEFF 		bl	hci_send_req
 3775              	.LVL408:
 3776              		.loc 1 932 6 discriminator 1 view .LVU1311
 3777 005e B042     		cmp	r0, r6
 3778 0060 04DB     		blt	.L153
 933:Middlewares/ST/STM32_WPAN/ble/core/auto/ble_gatt_aci.c ****     return BLE_STATUS_TIMEOUT;
 934:Middlewares/ST/STM32_WPAN/ble/core/auto/ble_gatt_aci.c ****   return status;
 3779              		.loc 1 934 3 is_stmt 1 view .LVU1312
 3780              		.loc 1 934 10 is_stmt 0 view .LVU1313
 3781 0062 98F80000 		ldrb	r0, [r8]	@ zero_extendqisi2
 3782              	.L152:
 935:Middlewares/ST/STM32_WPAN/ble/core/auto/ble_gatt_aci.c **** }
 3783              		.loc 1 935 1 view .LVU1314
 3784 0066 48B0     		add	sp, sp, #288
 3785              		.cfi_remember_state
 3786              		.cfi_def_cfa_offset 24
 3787              		@ sp needed
 3788 0068 BDE8F081 		pop	{r4, r5, r6, r7, r8, pc}
 3789              	.LVL409:
 3790              	.L153:
 3791              		.cfi_restore_state
 933:Middlewares/ST/STM32_WPAN/ble/core/auto/ble_gatt_aci.c ****     return BLE_STATUS_TIMEOUT;
 3792              		.loc 1 933 12 view .LVU1315
 3793 006c FF20     		movs	r0, #255
 3794 006e FAE7     		b	.L152
 3795              		.cfi_endproc
 3796              	.LFE27:
 3798              		.section	.text.aci_gatt_write_long_char_value,"ax",%progbits
 3799              		.align	1
 3800              		.global	aci_gatt_write_long_char_value
 3801              		.syntax unified
ARM GAS  C:\Users\Nathan\AppData\Local\Temp\ccJAfMtd.s 			page 84


 3802              		.thumb
 3803              		.thumb_func
 3805              	aci_gatt_write_long_char_value:
 3806              	.LVL410:
 3807              	.LFB28:
 936:Middlewares/ST/STM32_WPAN/ble/core/auto/ble_gatt_aci.c **** 
 937:Middlewares/ST/STM32_WPAN/ble/core/auto/ble_gatt_aci.c **** tBleStatus aci_gatt_write_long_char_value( uint16_t Connection_Handle,
 938:Middlewares/ST/STM32_WPAN/ble/core/auto/ble_gatt_aci.c ****                                            uint16_t Attr_Handle,
 939:Middlewares/ST/STM32_WPAN/ble/core/auto/ble_gatt_aci.c ****                                            uint16_t Val_Offset,
 940:Middlewares/ST/STM32_WPAN/ble/core/auto/ble_gatt_aci.c ****                                            uint8_t Attribute_Val_Length,
 941:Middlewares/ST/STM32_WPAN/ble/core/auto/ble_gatt_aci.c ****                                            const uint8_t* Attribute_Val )
 942:Middlewares/ST/STM32_WPAN/ble/core/auto/ble_gatt_aci.c **** {
 3808              		.loc 1 942 1 is_stmt 1 view -0
 3809              		.cfi_startproc
 3810              		@ args = 4, pretend = 0, frame = 288
 3811              		@ frame_needed = 0, uses_anonymous_args = 0
 3812              		.loc 1 942 1 is_stmt 0 view .LVU1317
 3813 0000 2DE9F041 		push	{r4, r5, r6, r7, r8, lr}
 3814              		.cfi_def_cfa_offset 24
 3815              		.cfi_offset 4, -24
 3816              		.cfi_offset 5, -20
 3817              		.cfi_offset 6, -16
 3818              		.cfi_offset 7, -12
 3819              		.cfi_offset 8, -8
 3820              		.cfi_offset 14, -4
 3821 0004 C8B0     		sub	sp, sp, #288
 3822              		.cfi_def_cfa_offset 312
 3823 0006 1C46     		mov	r4, r3
 943:Middlewares/ST/STM32_WPAN/ble/core/auto/ble_gatt_aci.c ****   struct hci_request rq;
 3824              		.loc 1 943 3 is_stmt 1 view .LVU1318
 944:Middlewares/ST/STM32_WPAN/ble/core/auto/ble_gatt_aci.c ****   uint8_t cmd_buffer[BLE_CMD_MAX_PARAM_LEN];
 3825              		.loc 1 944 3 view .LVU1319
 945:Middlewares/ST/STM32_WPAN/ble/core/auto/ble_gatt_aci.c ****   aci_gatt_write_long_char_value_cp0 *cp0 = (aci_gatt_write_long_char_value_cp0*)(cmd_buffer);
 3826              		.loc 1 945 3 view .LVU1320
 3827              	.LVL411:
 946:Middlewares/ST/STM32_WPAN/ble/core/auto/ble_gatt_aci.c ****   tBleStatus status = 0;
 3828              		.loc 1 946 3 view .LVU1321
 3829              		.loc 1 946 14 is_stmt 0 view .LVU1322
 3830 0008 0DF10708 		add	r8, sp, #7
 3831 000c 0026     		movs	r6, #0
 3832 000e 8DF80760 		strb	r6, [sp, #7]
 947:Middlewares/ST/STM32_WPAN/ble/core/auto/ble_gatt_aci.c ****   int index_input = 0;
 3833              		.loc 1 947 3 is_stmt 1 view .LVU1323
 3834              	.LVL412:
 948:Middlewares/ST/STM32_WPAN/ble/core/auto/ble_gatt_aci.c ****   cp0->Connection_Handle = Connection_Handle;
 3835              		.loc 1 948 3 view .LVU1324
 3836              		.loc 1 948 26 is_stmt 0 view .LVU1325
 3837 0012 02AD     		add	r5, sp, #8
 3838              	.LVL413:
 3839              		.loc 1 948 26 view .LVU1326
 3840 0014 ADF80800 		strh	r0, [sp, #8]	@ movhi
 949:Middlewares/ST/STM32_WPAN/ble/core/auto/ble_gatt_aci.c ****   index_input += 2;
 3841              		.loc 1 949 3 is_stmt 1 view .LVU1327
 3842              	.LVL414:
 950:Middlewares/ST/STM32_WPAN/ble/core/auto/ble_gatt_aci.c ****   cp0->Attr_Handle = Attr_Handle;
 3843              		.loc 1 950 3 view .LVU1328
 3844              		.loc 1 950 20 is_stmt 0 view .LVU1329
ARM GAS  C:\Users\Nathan\AppData\Local\Temp\ccJAfMtd.s 			page 85


 3845 0018 ADF80A10 		strh	r1, [sp, #10]	@ movhi
 951:Middlewares/ST/STM32_WPAN/ble/core/auto/ble_gatt_aci.c ****   index_input += 2;
 3846              		.loc 1 951 3 is_stmt 1 view .LVU1330
 3847              	.LVL415:
 952:Middlewares/ST/STM32_WPAN/ble/core/auto/ble_gatt_aci.c ****   cp0->Val_Offset = Val_Offset;
 3848              		.loc 1 952 3 view .LVU1331
 3849              		.loc 1 952 19 is_stmt 0 view .LVU1332
 3850 001c ADF80C20 		strh	r2, [sp, #12]	@ movhi
 953:Middlewares/ST/STM32_WPAN/ble/core/auto/ble_gatt_aci.c ****   index_input += 2;
 3851              		.loc 1 953 3 is_stmt 1 view .LVU1333
 3852              	.LVL416:
 954:Middlewares/ST/STM32_WPAN/ble/core/auto/ble_gatt_aci.c ****   cp0->Attribute_Val_Length = Attribute_Val_Length;
 3853              		.loc 1 954 3 view .LVU1334
 3854              		.loc 1 954 29 is_stmt 0 view .LVU1335
 3855 0020 8DF80E30 		strb	r3, [sp, #14]
 955:Middlewares/ST/STM32_WPAN/ble/core/auto/ble_gatt_aci.c ****   index_input += 1;
 3856              		.loc 1 955 3 is_stmt 1 view .LVU1336
 3857              	.LVL417:
 956:Middlewares/ST/STM32_WPAN/ble/core/auto/ble_gatt_aci.c ****   Osal_MemCpy( (void*)&cp0->Attribute_Val, (const void*)Attribute_Val, Attribute_Val_Length );
 3858              		.loc 1 956 3 view .LVU1337
 3859 0024 1A46     		mov	r2, r3
 3860              	.LVL418:
 3861              		.loc 1 956 3 is_stmt 0 view .LVU1338
 3862 0026 4E99     		ldr	r1, [sp, #312]
 3863              	.LVL419:
 3864              		.loc 1 956 3 view .LVU1339
 3865 0028 0DF10F00 		add	r0, sp, #15
 3866              	.LVL420:
 3867              		.loc 1 956 3 view .LVU1340
 3868 002c FFF7FEFF 		bl	Osal_MemCpy
 3869              	.LVL421:
 957:Middlewares/ST/STM32_WPAN/ble/core/auto/ble_gatt_aci.c ****   index_input += Attribute_Val_Length;
 3870              		.loc 1 957 3 is_stmt 1 view .LVU1341
 3871              		.loc 1 957 15 is_stmt 0 view .LVU1342
 3872 0030 0734     		adds	r4, r4, #7
 3873              	.LVL422:
 958:Middlewares/ST/STM32_WPAN/ble/core/auto/ble_gatt_aci.c ****   Osal_MemSet( &rq, 0, sizeof(rq) );
 3874              		.loc 1 958 3 is_stmt 1 view .LVU1343
 3875 0032 42AF     		add	r7, sp, #264
 3876 0034 1822     		movs	r2, #24
 3877 0036 3146     		mov	r1, r6
 3878 0038 3846     		mov	r0, r7
 3879 003a FFF7FEFF 		bl	Osal_MemSet
 3880              	.LVL423:
 959:Middlewares/ST/STM32_WPAN/ble/core/auto/ble_gatt_aci.c ****   rq.ogf = 0x3f;
 3881              		.loc 1 959 3 view .LVU1344
 3882              		.loc 1 959 10 is_stmt 0 view .LVU1345
 3883 003e 3F23     		movs	r3, #63
 3884 0040 ADF80831 		strh	r3, [sp, #264]	@ movhi
 960:Middlewares/ST/STM32_WPAN/ble/core/auto/ble_gatt_aci.c ****   rq.ocf = 0x11d;
 3885              		.loc 1 960 3 is_stmt 1 view .LVU1346
 3886              		.loc 1 960 10 is_stmt 0 view .LVU1347
 3887 0044 40F21D13 		movw	r3, #285
 3888 0048 ADF80A31 		strh	r3, [sp, #266]	@ movhi
 961:Middlewares/ST/STM32_WPAN/ble/core/auto/ble_gatt_aci.c ****   rq.event = 0x0F;
 3889              		.loc 1 961 3 is_stmt 1 view .LVU1348
 3890              		.loc 1 961 12 is_stmt 0 view .LVU1349
ARM GAS  C:\Users\Nathan\AppData\Local\Temp\ccJAfMtd.s 			page 86


 3891 004c 0F23     		movs	r3, #15
 3892 004e 4393     		str	r3, [sp, #268]
 962:Middlewares/ST/STM32_WPAN/ble/core/auto/ble_gatt_aci.c ****   rq.cparam = cmd_buffer;
 3893              		.loc 1 962 3 is_stmt 1 view .LVU1350
 3894              		.loc 1 962 13 is_stmt 0 view .LVU1351
 3895 0050 4495     		str	r5, [sp, #272]
 963:Middlewares/ST/STM32_WPAN/ble/core/auto/ble_gatt_aci.c ****   rq.clen = index_input;
 3896              		.loc 1 963 3 is_stmt 1 view .LVU1352
 3897              		.loc 1 963 11 is_stmt 0 view .LVU1353
 3898 0052 4594     		str	r4, [sp, #276]
 964:Middlewares/ST/STM32_WPAN/ble/core/auto/ble_gatt_aci.c ****   rq.rparam = &status;
 3899              		.loc 1 964 3 is_stmt 1 view .LVU1354
 3900              		.loc 1 964 13 is_stmt 0 view .LVU1355
 3901 0054 CDF81881 		str	r8, [sp, #280]
 965:Middlewares/ST/STM32_WPAN/ble/core/auto/ble_gatt_aci.c ****   rq.rlen = 1;
 3902              		.loc 1 965 3 is_stmt 1 view .LVU1356
 3903              		.loc 1 965 11 is_stmt 0 view .LVU1357
 3904 0058 0123     		movs	r3, #1
 3905 005a 4793     		str	r3, [sp, #284]
 966:Middlewares/ST/STM32_WPAN/ble/core/auto/ble_gatt_aci.c ****   if ( hci_send_req(&rq, FALSE) < 0 )
 3906              		.loc 1 966 3 is_stmt 1 view .LVU1358
 3907              		.loc 1 966 8 is_stmt 0 view .LVU1359
 3908 005c 3146     		mov	r1, r6
 3909 005e 3846     		mov	r0, r7
 3910 0060 FFF7FEFF 		bl	hci_send_req
 3911              	.LVL424:
 3912              		.loc 1 966 6 discriminator 1 view .LVU1360
 3913 0064 B042     		cmp	r0, r6
 3914 0066 04DB     		blt	.L157
 967:Middlewares/ST/STM32_WPAN/ble/core/auto/ble_gatt_aci.c ****     return BLE_STATUS_TIMEOUT;
 968:Middlewares/ST/STM32_WPAN/ble/core/auto/ble_gatt_aci.c ****   return status;
 3915              		.loc 1 968 3 is_stmt 1 view .LVU1361
 3916              		.loc 1 968 10 is_stmt 0 view .LVU1362
 3917 0068 98F80000 		ldrb	r0, [r8]	@ zero_extendqisi2
 3918              	.L156:
 969:Middlewares/ST/STM32_WPAN/ble/core/auto/ble_gatt_aci.c **** }
 3919              		.loc 1 969 1 view .LVU1363
 3920 006c 48B0     		add	sp, sp, #288
 3921              		.cfi_remember_state
 3922              		.cfi_def_cfa_offset 24
 3923              		@ sp needed
 3924 006e BDE8F081 		pop	{r4, r5, r6, r7, r8, pc}
 3925              	.LVL425:
 3926              	.L157:
 3927              		.cfi_restore_state
 967:Middlewares/ST/STM32_WPAN/ble/core/auto/ble_gatt_aci.c ****     return BLE_STATUS_TIMEOUT;
 3928              		.loc 1 967 12 view .LVU1364
 3929 0072 FF20     		movs	r0, #255
 3930 0074 FAE7     		b	.L156
 3931              		.cfi_endproc
 3932              	.LFE28:
 3934              		.section	.text.aci_gatt_write_char_reliable,"ax",%progbits
 3935              		.align	1
 3936              		.global	aci_gatt_write_char_reliable
 3937              		.syntax unified
 3938              		.thumb
 3939              		.thumb_func
ARM GAS  C:\Users\Nathan\AppData\Local\Temp\ccJAfMtd.s 			page 87


 3941              	aci_gatt_write_char_reliable:
 3942              	.LVL426:
 3943              	.LFB29:
 970:Middlewares/ST/STM32_WPAN/ble/core/auto/ble_gatt_aci.c **** 
 971:Middlewares/ST/STM32_WPAN/ble/core/auto/ble_gatt_aci.c **** tBleStatus aci_gatt_write_char_reliable( uint16_t Connection_Handle,
 972:Middlewares/ST/STM32_WPAN/ble/core/auto/ble_gatt_aci.c ****                                          uint16_t Attr_Handle,
 973:Middlewares/ST/STM32_WPAN/ble/core/auto/ble_gatt_aci.c ****                                          uint16_t Val_Offset,
 974:Middlewares/ST/STM32_WPAN/ble/core/auto/ble_gatt_aci.c ****                                          uint8_t Attribute_Val_Length,
 975:Middlewares/ST/STM32_WPAN/ble/core/auto/ble_gatt_aci.c ****                                          const uint8_t* Attribute_Val )
 976:Middlewares/ST/STM32_WPAN/ble/core/auto/ble_gatt_aci.c **** {
 3944              		.loc 1 976 1 is_stmt 1 view -0
 3945              		.cfi_startproc
 3946              		@ args = 4, pretend = 0, frame = 288
 3947              		@ frame_needed = 0, uses_anonymous_args = 0
 3948              		.loc 1 976 1 is_stmt 0 view .LVU1366
 3949 0000 2DE9F041 		push	{r4, r5, r6, r7, r8, lr}
 3950              		.cfi_def_cfa_offset 24
 3951              		.cfi_offset 4, -24
 3952              		.cfi_offset 5, -20
 3953              		.cfi_offset 6, -16
 3954              		.cfi_offset 7, -12
 3955              		.cfi_offset 8, -8
 3956              		.cfi_offset 14, -4
 3957 0004 C8B0     		sub	sp, sp, #288
 3958              		.cfi_def_cfa_offset 312
 3959 0006 1C46     		mov	r4, r3
 977:Middlewares/ST/STM32_WPAN/ble/core/auto/ble_gatt_aci.c ****   struct hci_request rq;
 3960              		.loc 1 977 3 is_stmt 1 view .LVU1367
 978:Middlewares/ST/STM32_WPAN/ble/core/auto/ble_gatt_aci.c ****   uint8_t cmd_buffer[BLE_CMD_MAX_PARAM_LEN];
 3961              		.loc 1 978 3 view .LVU1368
 979:Middlewares/ST/STM32_WPAN/ble/core/auto/ble_gatt_aci.c ****   aci_gatt_write_char_reliable_cp0 *cp0 = (aci_gatt_write_char_reliable_cp0*)(cmd_buffer);
 3962              		.loc 1 979 3 view .LVU1369
 3963              	.LVL427:
 980:Middlewares/ST/STM32_WPAN/ble/core/auto/ble_gatt_aci.c ****   tBleStatus status = 0;
 3964              		.loc 1 980 3 view .LVU1370
 3965              		.loc 1 980 14 is_stmt 0 view .LVU1371
 3966 0008 0DF10708 		add	r8, sp, #7
 3967 000c 0026     		movs	r6, #0
 3968 000e 8DF80760 		strb	r6, [sp, #7]
 981:Middlewares/ST/STM32_WPAN/ble/core/auto/ble_gatt_aci.c ****   int index_input = 0;
 3969              		.loc 1 981 3 is_stmt 1 view .LVU1372
 3970              	.LVL428:
 982:Middlewares/ST/STM32_WPAN/ble/core/auto/ble_gatt_aci.c ****   cp0->Connection_Handle = Connection_Handle;
 3971              		.loc 1 982 3 view .LVU1373
 3972              		.loc 1 982 26 is_stmt 0 view .LVU1374
 3973 0012 02AD     		add	r5, sp, #8
 3974              	.LVL429:
 3975              		.loc 1 982 26 view .LVU1375
 3976 0014 ADF80800 		strh	r0, [sp, #8]	@ movhi
 983:Middlewares/ST/STM32_WPAN/ble/core/auto/ble_gatt_aci.c ****   index_input += 2;
 3977              		.loc 1 983 3 is_stmt 1 view .LVU1376
 3978              	.LVL430:
 984:Middlewares/ST/STM32_WPAN/ble/core/auto/ble_gatt_aci.c ****   cp0->Attr_Handle = Attr_Handle;
 3979              		.loc 1 984 3 view .LVU1377
 3980              		.loc 1 984 20 is_stmt 0 view .LVU1378
 3981 0018 ADF80A10 		strh	r1, [sp, #10]	@ movhi
 985:Middlewares/ST/STM32_WPAN/ble/core/auto/ble_gatt_aci.c ****   index_input += 2;
ARM GAS  C:\Users\Nathan\AppData\Local\Temp\ccJAfMtd.s 			page 88


 3982              		.loc 1 985 3 is_stmt 1 view .LVU1379
 3983              	.LVL431:
 986:Middlewares/ST/STM32_WPAN/ble/core/auto/ble_gatt_aci.c ****   cp0->Val_Offset = Val_Offset;
 3984              		.loc 1 986 3 view .LVU1380
 3985              		.loc 1 986 19 is_stmt 0 view .LVU1381
 3986 001c ADF80C20 		strh	r2, [sp, #12]	@ movhi
 987:Middlewares/ST/STM32_WPAN/ble/core/auto/ble_gatt_aci.c ****   index_input += 2;
 3987              		.loc 1 987 3 is_stmt 1 view .LVU1382
 3988              	.LVL432:
 988:Middlewares/ST/STM32_WPAN/ble/core/auto/ble_gatt_aci.c ****   cp0->Attribute_Val_Length = Attribute_Val_Length;
 3989              		.loc 1 988 3 view .LVU1383
 3990              		.loc 1 988 29 is_stmt 0 view .LVU1384
 3991 0020 8DF80E30 		strb	r3, [sp, #14]
 989:Middlewares/ST/STM32_WPAN/ble/core/auto/ble_gatt_aci.c ****   index_input += 1;
 3992              		.loc 1 989 3 is_stmt 1 view .LVU1385
 3993              	.LVL433:
 990:Middlewares/ST/STM32_WPAN/ble/core/auto/ble_gatt_aci.c ****   Osal_MemCpy( (void*)&cp0->Attribute_Val, (const void*)Attribute_Val, Attribute_Val_Length );
 3994              		.loc 1 990 3 view .LVU1386
 3995 0024 1A46     		mov	r2, r3
 3996              	.LVL434:
 3997              		.loc 1 990 3 is_stmt 0 view .LVU1387
 3998 0026 4E99     		ldr	r1, [sp, #312]
 3999              	.LVL435:
 4000              		.loc 1 990 3 view .LVU1388
 4001 0028 0DF10F00 		add	r0, sp, #15
 4002              	.LVL436:
 4003              		.loc 1 990 3 view .LVU1389
 4004 002c FFF7FEFF 		bl	Osal_MemCpy
 4005              	.LVL437:
 991:Middlewares/ST/STM32_WPAN/ble/core/auto/ble_gatt_aci.c ****   index_input += Attribute_Val_Length;
 4006              		.loc 1 991 3 is_stmt 1 view .LVU1390
 4007              		.loc 1 991 15 is_stmt 0 view .LVU1391
 4008 0030 0734     		adds	r4, r4, #7
 4009              	.LVL438:
 992:Middlewares/ST/STM32_WPAN/ble/core/auto/ble_gatt_aci.c ****   Osal_MemSet( &rq, 0, sizeof(rq) );
 4010              		.loc 1 992 3 is_stmt 1 view .LVU1392
 4011 0032 42AF     		add	r7, sp, #264
 4012 0034 1822     		movs	r2, #24
 4013 0036 3146     		mov	r1, r6
 4014 0038 3846     		mov	r0, r7
 4015 003a FFF7FEFF 		bl	Osal_MemSet
 4016              	.LVL439:
 993:Middlewares/ST/STM32_WPAN/ble/core/auto/ble_gatt_aci.c ****   rq.ogf = 0x3f;
 4017              		.loc 1 993 3 view .LVU1393
 4018              		.loc 1 993 10 is_stmt 0 view .LVU1394
 4019 003e 3F23     		movs	r3, #63
 4020 0040 ADF80831 		strh	r3, [sp, #264]	@ movhi
 994:Middlewares/ST/STM32_WPAN/ble/core/auto/ble_gatt_aci.c ****   rq.ocf = 0x11e;
 4021              		.loc 1 994 3 is_stmt 1 view .LVU1395
 4022              		.loc 1 994 10 is_stmt 0 view .LVU1396
 4023 0044 4FF48F73 		mov	r3, #286
 4024 0048 ADF80A31 		strh	r3, [sp, #266]	@ movhi
 995:Middlewares/ST/STM32_WPAN/ble/core/auto/ble_gatt_aci.c ****   rq.event = 0x0F;
 4025              		.loc 1 995 3 is_stmt 1 view .LVU1397
 4026              		.loc 1 995 12 is_stmt 0 view .LVU1398
 4027 004c 0F23     		movs	r3, #15
 4028 004e 4393     		str	r3, [sp, #268]
ARM GAS  C:\Users\Nathan\AppData\Local\Temp\ccJAfMtd.s 			page 89


 996:Middlewares/ST/STM32_WPAN/ble/core/auto/ble_gatt_aci.c ****   rq.cparam = cmd_buffer;
 4029              		.loc 1 996 3 is_stmt 1 view .LVU1399
 4030              		.loc 1 996 13 is_stmt 0 view .LVU1400
 4031 0050 4495     		str	r5, [sp, #272]
 997:Middlewares/ST/STM32_WPAN/ble/core/auto/ble_gatt_aci.c ****   rq.clen = index_input;
 4032              		.loc 1 997 3 is_stmt 1 view .LVU1401
 4033              		.loc 1 997 11 is_stmt 0 view .LVU1402
 4034 0052 4594     		str	r4, [sp, #276]
 998:Middlewares/ST/STM32_WPAN/ble/core/auto/ble_gatt_aci.c ****   rq.rparam = &status;
 4035              		.loc 1 998 3 is_stmt 1 view .LVU1403
 4036              		.loc 1 998 13 is_stmt 0 view .LVU1404
 4037 0054 CDF81881 		str	r8, [sp, #280]
 999:Middlewares/ST/STM32_WPAN/ble/core/auto/ble_gatt_aci.c ****   rq.rlen = 1;
 4038              		.loc 1 999 3 is_stmt 1 view .LVU1405
 4039              		.loc 1 999 11 is_stmt 0 view .LVU1406
 4040 0058 0123     		movs	r3, #1
 4041 005a 4793     		str	r3, [sp, #284]
1000:Middlewares/ST/STM32_WPAN/ble/core/auto/ble_gatt_aci.c ****   if ( hci_send_req(&rq, FALSE) < 0 )
 4042              		.loc 1 1000 3 is_stmt 1 view .LVU1407
 4043              		.loc 1 1000 8 is_stmt 0 view .LVU1408
 4044 005c 3146     		mov	r1, r6
 4045 005e 3846     		mov	r0, r7
 4046 0060 FFF7FEFF 		bl	hci_send_req
 4047              	.LVL440:
 4048              		.loc 1 1000 6 discriminator 1 view .LVU1409
 4049 0064 B042     		cmp	r0, r6
 4050 0066 04DB     		blt	.L161
1001:Middlewares/ST/STM32_WPAN/ble/core/auto/ble_gatt_aci.c ****     return BLE_STATUS_TIMEOUT;
1002:Middlewares/ST/STM32_WPAN/ble/core/auto/ble_gatt_aci.c ****   return status;
 4051              		.loc 1 1002 3 is_stmt 1 view .LVU1410
 4052              		.loc 1 1002 10 is_stmt 0 view .LVU1411
 4053 0068 98F80000 		ldrb	r0, [r8]	@ zero_extendqisi2
 4054              	.L160:
1003:Middlewares/ST/STM32_WPAN/ble/core/auto/ble_gatt_aci.c **** }
 4055              		.loc 1 1003 1 view .LVU1412
 4056 006c 48B0     		add	sp, sp, #288
 4057              		.cfi_remember_state
 4058              		.cfi_def_cfa_offset 24
 4059              		@ sp needed
 4060 006e BDE8F081 		pop	{r4, r5, r6, r7, r8, pc}
 4061              	.LVL441:
 4062              	.L161:
 4063              		.cfi_restore_state
1001:Middlewares/ST/STM32_WPAN/ble/core/auto/ble_gatt_aci.c ****     return BLE_STATUS_TIMEOUT;
 4064              		.loc 1 1001 12 view .LVU1413
 4065 0072 FF20     		movs	r0, #255
 4066 0074 FAE7     		b	.L160
 4067              		.cfi_endproc
 4068              	.LFE29:
 4070              		.section	.text.aci_gatt_write_without_resp,"ax",%progbits
 4071              		.align	1
 4072              		.global	aci_gatt_write_without_resp
 4073              		.syntax unified
 4074              		.thumb
 4075              		.thumb_func
 4077              	aci_gatt_write_without_resp:
 4078              	.LVL442:
ARM GAS  C:\Users\Nathan\AppData\Local\Temp\ccJAfMtd.s 			page 90


 4079              	.LFB30:
1004:Middlewares/ST/STM32_WPAN/ble/core/auto/ble_gatt_aci.c **** 
1005:Middlewares/ST/STM32_WPAN/ble/core/auto/ble_gatt_aci.c **** tBleStatus aci_gatt_write_without_resp( uint16_t Connection_Handle,
1006:Middlewares/ST/STM32_WPAN/ble/core/auto/ble_gatt_aci.c ****                                         uint16_t Attr_Handle,
1007:Middlewares/ST/STM32_WPAN/ble/core/auto/ble_gatt_aci.c ****                                         uint8_t Attribute_Val_Length,
1008:Middlewares/ST/STM32_WPAN/ble/core/auto/ble_gatt_aci.c ****                                         const uint8_t* Attribute_Val )
1009:Middlewares/ST/STM32_WPAN/ble/core/auto/ble_gatt_aci.c **** {
 4080              		.loc 1 1009 1 is_stmt 1 view -0
 4081              		.cfi_startproc
 4082              		@ args = 0, pretend = 0, frame = 288
 4083              		@ frame_needed = 0, uses_anonymous_args = 0
 4084              		.loc 1 1009 1 is_stmt 0 view .LVU1415
 4085 0000 2DE9F041 		push	{r4, r5, r6, r7, r8, lr}
 4086              		.cfi_def_cfa_offset 24
 4087              		.cfi_offset 4, -24
 4088              		.cfi_offset 5, -20
 4089              		.cfi_offset 6, -16
 4090              		.cfi_offset 7, -12
 4091              		.cfi_offset 8, -8
 4092              		.cfi_offset 14, -4
 4093 0004 C8B0     		sub	sp, sp, #288
 4094              		.cfi_def_cfa_offset 312
 4095 0006 1446     		mov	r4, r2
1010:Middlewares/ST/STM32_WPAN/ble/core/auto/ble_gatt_aci.c ****   struct hci_request rq;
 4096              		.loc 1 1010 3 is_stmt 1 view .LVU1416
1011:Middlewares/ST/STM32_WPAN/ble/core/auto/ble_gatt_aci.c ****   uint8_t cmd_buffer[BLE_CMD_MAX_PARAM_LEN];
 4097              		.loc 1 1011 3 view .LVU1417
1012:Middlewares/ST/STM32_WPAN/ble/core/auto/ble_gatt_aci.c ****   aci_gatt_write_without_resp_cp0 *cp0 = (aci_gatt_write_without_resp_cp0*)(cmd_buffer);
 4098              		.loc 1 1012 3 view .LVU1418
 4099              	.LVL443:
1013:Middlewares/ST/STM32_WPAN/ble/core/auto/ble_gatt_aci.c ****   tBleStatus status = 0;
 4100              		.loc 1 1013 3 view .LVU1419
 4101              		.loc 1 1013 14 is_stmt 0 view .LVU1420
 4102 0008 0DF10708 		add	r8, sp, #7
 4103 000c 0026     		movs	r6, #0
 4104 000e 8DF80760 		strb	r6, [sp, #7]
1014:Middlewares/ST/STM32_WPAN/ble/core/auto/ble_gatt_aci.c ****   int index_input = 0;
 4105              		.loc 1 1014 3 is_stmt 1 view .LVU1421
 4106              	.LVL444:
1015:Middlewares/ST/STM32_WPAN/ble/core/auto/ble_gatt_aci.c ****   cp0->Connection_Handle = Connection_Handle;
 4107              		.loc 1 1015 3 view .LVU1422
 4108              		.loc 1 1015 26 is_stmt 0 view .LVU1423
 4109 0012 02AD     		add	r5, sp, #8
 4110              	.LVL445:
 4111              		.loc 1 1015 26 view .LVU1424
 4112 0014 ADF80800 		strh	r0, [sp, #8]	@ movhi
1016:Middlewares/ST/STM32_WPAN/ble/core/auto/ble_gatt_aci.c ****   index_input += 2;
 4113              		.loc 1 1016 3 is_stmt 1 view .LVU1425
 4114              	.LVL446:
1017:Middlewares/ST/STM32_WPAN/ble/core/auto/ble_gatt_aci.c ****   cp0->Attr_Handle = Attr_Handle;
 4115              		.loc 1 1017 3 view .LVU1426
 4116              		.loc 1 1017 20 is_stmt 0 view .LVU1427
 4117 0018 ADF80A10 		strh	r1, [sp, #10]	@ movhi
1018:Middlewares/ST/STM32_WPAN/ble/core/auto/ble_gatt_aci.c ****   index_input += 2;
 4118              		.loc 1 1018 3 is_stmt 1 view .LVU1428
 4119              	.LVL447:
1019:Middlewares/ST/STM32_WPAN/ble/core/auto/ble_gatt_aci.c ****   cp0->Attribute_Val_Length = Attribute_Val_Length;
ARM GAS  C:\Users\Nathan\AppData\Local\Temp\ccJAfMtd.s 			page 91


 4120              		.loc 1 1019 3 view .LVU1429
 4121              		.loc 1 1019 29 is_stmt 0 view .LVU1430
 4122 001c 8DF80C20 		strb	r2, [sp, #12]
1020:Middlewares/ST/STM32_WPAN/ble/core/auto/ble_gatt_aci.c ****   index_input += 1;
 4123              		.loc 1 1020 3 is_stmt 1 view .LVU1431
 4124              	.LVL448:
1021:Middlewares/ST/STM32_WPAN/ble/core/auto/ble_gatt_aci.c ****   Osal_MemCpy( (void*)&cp0->Attribute_Val, (const void*)Attribute_Val, Attribute_Val_Length );
 4125              		.loc 1 1021 3 view .LVU1432
 4126 0020 1946     		mov	r1, r3
 4127              	.LVL449:
 4128              		.loc 1 1021 3 is_stmt 0 view .LVU1433
 4129 0022 0DF10D00 		add	r0, sp, #13
 4130              	.LVL450:
 4131              		.loc 1 1021 3 view .LVU1434
 4132 0026 FFF7FEFF 		bl	Osal_MemCpy
 4133              	.LVL451:
1022:Middlewares/ST/STM32_WPAN/ble/core/auto/ble_gatt_aci.c ****   index_input += Attribute_Val_Length;
 4134              		.loc 1 1022 3 is_stmt 1 view .LVU1435
 4135              		.loc 1 1022 15 is_stmt 0 view .LVU1436
 4136 002a 0534     		adds	r4, r4, #5
 4137              	.LVL452:
1023:Middlewares/ST/STM32_WPAN/ble/core/auto/ble_gatt_aci.c ****   Osal_MemSet( &rq, 0, sizeof(rq) );
 4138              		.loc 1 1023 3 is_stmt 1 view .LVU1437
 4139 002c 42AF     		add	r7, sp, #264
 4140 002e 1822     		movs	r2, #24
 4141 0030 3146     		mov	r1, r6
 4142 0032 3846     		mov	r0, r7
 4143 0034 FFF7FEFF 		bl	Osal_MemSet
 4144              	.LVL453:
1024:Middlewares/ST/STM32_WPAN/ble/core/auto/ble_gatt_aci.c ****   rq.ogf = 0x3f;
 4145              		.loc 1 1024 3 view .LVU1438
 4146              		.loc 1 1024 10 is_stmt 0 view .LVU1439
 4147 0038 3F23     		movs	r3, #63
 4148 003a ADF80831 		strh	r3, [sp, #264]	@ movhi
1025:Middlewares/ST/STM32_WPAN/ble/core/auto/ble_gatt_aci.c ****   rq.ocf = 0x123;
 4149              		.loc 1 1025 3 is_stmt 1 view .LVU1440
 4150              		.loc 1 1025 10 is_stmt 0 view .LVU1441
 4151 003e 40F22313 		movw	r3, #291
 4152 0042 ADF80A31 		strh	r3, [sp, #266]	@ movhi
1026:Middlewares/ST/STM32_WPAN/ble/core/auto/ble_gatt_aci.c ****   rq.cparam = cmd_buffer;
 4153              		.loc 1 1026 3 is_stmt 1 view .LVU1442
 4154              		.loc 1 1026 13 is_stmt 0 view .LVU1443
 4155 0046 4495     		str	r5, [sp, #272]
1027:Middlewares/ST/STM32_WPAN/ble/core/auto/ble_gatt_aci.c ****   rq.clen = index_input;
 4156              		.loc 1 1027 3 is_stmt 1 view .LVU1444
 4157              		.loc 1 1027 11 is_stmt 0 view .LVU1445
 4158 0048 4594     		str	r4, [sp, #276]
1028:Middlewares/ST/STM32_WPAN/ble/core/auto/ble_gatt_aci.c ****   rq.rparam = &status;
 4159              		.loc 1 1028 3 is_stmt 1 view .LVU1446
 4160              		.loc 1 1028 13 is_stmt 0 view .LVU1447
 4161 004a CDF81881 		str	r8, [sp, #280]
1029:Middlewares/ST/STM32_WPAN/ble/core/auto/ble_gatt_aci.c ****   rq.rlen = 1;
 4162              		.loc 1 1029 3 is_stmt 1 view .LVU1448
 4163              		.loc 1 1029 11 is_stmt 0 view .LVU1449
 4164 004e 0123     		movs	r3, #1
 4165 0050 4793     		str	r3, [sp, #284]
1030:Middlewares/ST/STM32_WPAN/ble/core/auto/ble_gatt_aci.c ****   if ( hci_send_req(&rq, FALSE) < 0 )
ARM GAS  C:\Users\Nathan\AppData\Local\Temp\ccJAfMtd.s 			page 92


 4166              		.loc 1 1030 3 is_stmt 1 view .LVU1450
 4167              		.loc 1 1030 8 is_stmt 0 view .LVU1451
 4168 0052 3146     		mov	r1, r6
 4169 0054 3846     		mov	r0, r7
 4170 0056 FFF7FEFF 		bl	hci_send_req
 4171              	.LVL454:
 4172              		.loc 1 1030 6 discriminator 1 view .LVU1452
 4173 005a B042     		cmp	r0, r6
 4174 005c 04DB     		blt	.L165
1031:Middlewares/ST/STM32_WPAN/ble/core/auto/ble_gatt_aci.c ****     return BLE_STATUS_TIMEOUT;
1032:Middlewares/ST/STM32_WPAN/ble/core/auto/ble_gatt_aci.c ****   return status;
 4175              		.loc 1 1032 3 is_stmt 1 view .LVU1453
 4176              		.loc 1 1032 10 is_stmt 0 view .LVU1454
 4177 005e 98F80000 		ldrb	r0, [r8]	@ zero_extendqisi2
 4178              	.L164:
1033:Middlewares/ST/STM32_WPAN/ble/core/auto/ble_gatt_aci.c **** }
 4179              		.loc 1 1033 1 view .LVU1455
 4180 0062 48B0     		add	sp, sp, #288
 4181              		.cfi_remember_state
 4182              		.cfi_def_cfa_offset 24
 4183              		@ sp needed
 4184 0064 BDE8F081 		pop	{r4, r5, r6, r7, r8, pc}
 4185              	.LVL455:
 4186              	.L165:
 4187              		.cfi_restore_state
1031:Middlewares/ST/STM32_WPAN/ble/core/auto/ble_gatt_aci.c ****     return BLE_STATUS_TIMEOUT;
 4188              		.loc 1 1031 12 view .LVU1456
 4189 0068 FF20     		movs	r0, #255
 4190 006a FAE7     		b	.L164
 4191              		.cfi_endproc
 4192              	.LFE30:
 4194              		.section	.text.aci_gatt_signed_write_without_resp,"ax",%progbits
 4195              		.align	1
 4196              		.global	aci_gatt_signed_write_without_resp
 4197              		.syntax unified
 4198              		.thumb
 4199              		.thumb_func
 4201              	aci_gatt_signed_write_without_resp:
 4202              	.LVL456:
 4203              	.LFB31:
1034:Middlewares/ST/STM32_WPAN/ble/core/auto/ble_gatt_aci.c **** 
1035:Middlewares/ST/STM32_WPAN/ble/core/auto/ble_gatt_aci.c **** tBleStatus aci_gatt_signed_write_without_resp( uint16_t Connection_Handle,
1036:Middlewares/ST/STM32_WPAN/ble/core/auto/ble_gatt_aci.c ****                                                uint16_t Attr_Handle,
1037:Middlewares/ST/STM32_WPAN/ble/core/auto/ble_gatt_aci.c ****                                                uint8_t Attribute_Val_Length,
1038:Middlewares/ST/STM32_WPAN/ble/core/auto/ble_gatt_aci.c ****                                                const uint8_t* Attribute_Val )
1039:Middlewares/ST/STM32_WPAN/ble/core/auto/ble_gatt_aci.c **** {
 4204              		.loc 1 1039 1 is_stmt 1 view -0
 4205              		.cfi_startproc
 4206              		@ args = 0, pretend = 0, frame = 288
 4207              		@ frame_needed = 0, uses_anonymous_args = 0
 4208              		.loc 1 1039 1 is_stmt 0 view .LVU1458
 4209 0000 2DE9F041 		push	{r4, r5, r6, r7, r8, lr}
 4210              		.cfi_def_cfa_offset 24
 4211              		.cfi_offset 4, -24
 4212              		.cfi_offset 5, -20
 4213              		.cfi_offset 6, -16
 4214              		.cfi_offset 7, -12
ARM GAS  C:\Users\Nathan\AppData\Local\Temp\ccJAfMtd.s 			page 93


 4215              		.cfi_offset 8, -8
 4216              		.cfi_offset 14, -4
 4217 0004 C8B0     		sub	sp, sp, #288
 4218              		.cfi_def_cfa_offset 312
 4219 0006 1446     		mov	r4, r2
1040:Middlewares/ST/STM32_WPAN/ble/core/auto/ble_gatt_aci.c ****   struct hci_request rq;
 4220              		.loc 1 1040 3 is_stmt 1 view .LVU1459
1041:Middlewares/ST/STM32_WPAN/ble/core/auto/ble_gatt_aci.c ****   uint8_t cmd_buffer[BLE_CMD_MAX_PARAM_LEN];
 4221              		.loc 1 1041 3 view .LVU1460
1042:Middlewares/ST/STM32_WPAN/ble/core/auto/ble_gatt_aci.c ****   aci_gatt_signed_write_without_resp_cp0 *cp0 = (aci_gatt_signed_write_without_resp_cp0*)(cmd_buffe
 4222              		.loc 1 1042 3 view .LVU1461
 4223              	.LVL457:
1043:Middlewares/ST/STM32_WPAN/ble/core/auto/ble_gatt_aci.c ****   tBleStatus status = 0;
 4224              		.loc 1 1043 3 view .LVU1462
 4225              		.loc 1 1043 14 is_stmt 0 view .LVU1463
 4226 0008 0DF10708 		add	r8, sp, #7
 4227 000c 0026     		movs	r6, #0
 4228 000e 8DF80760 		strb	r6, [sp, #7]
1044:Middlewares/ST/STM32_WPAN/ble/core/auto/ble_gatt_aci.c ****   int index_input = 0;
 4229              		.loc 1 1044 3 is_stmt 1 view .LVU1464
 4230              	.LVL458:
1045:Middlewares/ST/STM32_WPAN/ble/core/auto/ble_gatt_aci.c ****   cp0->Connection_Handle = Connection_Handle;
 4231              		.loc 1 1045 3 view .LVU1465
 4232              		.loc 1 1045 26 is_stmt 0 view .LVU1466
 4233 0012 02AD     		add	r5, sp, #8
 4234              	.LVL459:
 4235              		.loc 1 1045 26 view .LVU1467
 4236 0014 ADF80800 		strh	r0, [sp, #8]	@ movhi
1046:Middlewares/ST/STM32_WPAN/ble/core/auto/ble_gatt_aci.c ****   index_input += 2;
 4237              		.loc 1 1046 3 is_stmt 1 view .LVU1468
 4238              	.LVL460:
1047:Middlewares/ST/STM32_WPAN/ble/core/auto/ble_gatt_aci.c ****   cp0->Attr_Handle = Attr_Handle;
 4239              		.loc 1 1047 3 view .LVU1469
 4240              		.loc 1 1047 20 is_stmt 0 view .LVU1470
 4241 0018 ADF80A10 		strh	r1, [sp, #10]	@ movhi
1048:Middlewares/ST/STM32_WPAN/ble/core/auto/ble_gatt_aci.c ****   index_input += 2;
 4242              		.loc 1 1048 3 is_stmt 1 view .LVU1471
 4243              	.LVL461:
1049:Middlewares/ST/STM32_WPAN/ble/core/auto/ble_gatt_aci.c ****   cp0->Attribute_Val_Length = Attribute_Val_Length;
 4244              		.loc 1 1049 3 view .LVU1472
 4245              		.loc 1 1049 29 is_stmt 0 view .LVU1473
 4246 001c 8DF80C20 		strb	r2, [sp, #12]
1050:Middlewares/ST/STM32_WPAN/ble/core/auto/ble_gatt_aci.c ****   index_input += 1;
 4247              		.loc 1 1050 3 is_stmt 1 view .LVU1474
 4248              	.LVL462:
1051:Middlewares/ST/STM32_WPAN/ble/core/auto/ble_gatt_aci.c ****   Osal_MemCpy( (void*)&cp0->Attribute_Val, (const void*)Attribute_Val, Attribute_Val_Length );
 4249              		.loc 1 1051 3 view .LVU1475
 4250 0020 1946     		mov	r1, r3
 4251              	.LVL463:
 4252              		.loc 1 1051 3 is_stmt 0 view .LVU1476
 4253 0022 0DF10D00 		add	r0, sp, #13
 4254              	.LVL464:
 4255              		.loc 1 1051 3 view .LVU1477
 4256 0026 FFF7FEFF 		bl	Osal_MemCpy
 4257              	.LVL465:
1052:Middlewares/ST/STM32_WPAN/ble/core/auto/ble_gatt_aci.c ****   index_input += Attribute_Val_Length;
 4258              		.loc 1 1052 3 is_stmt 1 view .LVU1478
ARM GAS  C:\Users\Nathan\AppData\Local\Temp\ccJAfMtd.s 			page 94


 4259              		.loc 1 1052 15 is_stmt 0 view .LVU1479
 4260 002a 0534     		adds	r4, r4, #5
 4261              	.LVL466:
1053:Middlewares/ST/STM32_WPAN/ble/core/auto/ble_gatt_aci.c ****   Osal_MemSet( &rq, 0, sizeof(rq) );
 4262              		.loc 1 1053 3 is_stmt 1 view .LVU1480
 4263 002c 42AF     		add	r7, sp, #264
 4264 002e 1822     		movs	r2, #24
 4265 0030 3146     		mov	r1, r6
 4266 0032 3846     		mov	r0, r7
 4267 0034 FFF7FEFF 		bl	Osal_MemSet
 4268              	.LVL467:
1054:Middlewares/ST/STM32_WPAN/ble/core/auto/ble_gatt_aci.c ****   rq.ogf = 0x3f;
 4269              		.loc 1 1054 3 view .LVU1481
 4270              		.loc 1 1054 10 is_stmt 0 view .LVU1482
 4271 0038 3F23     		movs	r3, #63
 4272 003a ADF80831 		strh	r3, [sp, #264]	@ movhi
1055:Middlewares/ST/STM32_WPAN/ble/core/auto/ble_gatt_aci.c ****   rq.ocf = 0x124;
 4273              		.loc 1 1055 3 is_stmt 1 view .LVU1483
 4274              		.loc 1 1055 10 is_stmt 0 view .LVU1484
 4275 003e 4FF49273 		mov	r3, #292
 4276 0042 ADF80A31 		strh	r3, [sp, #266]	@ movhi
1056:Middlewares/ST/STM32_WPAN/ble/core/auto/ble_gatt_aci.c ****   rq.cparam = cmd_buffer;
 4277              		.loc 1 1056 3 is_stmt 1 view .LVU1485
 4278              		.loc 1 1056 13 is_stmt 0 view .LVU1486
 4279 0046 4495     		str	r5, [sp, #272]
1057:Middlewares/ST/STM32_WPAN/ble/core/auto/ble_gatt_aci.c ****   rq.clen = index_input;
 4280              		.loc 1 1057 3 is_stmt 1 view .LVU1487
 4281              		.loc 1 1057 11 is_stmt 0 view .LVU1488
 4282 0048 4594     		str	r4, [sp, #276]
1058:Middlewares/ST/STM32_WPAN/ble/core/auto/ble_gatt_aci.c ****   rq.rparam = &status;
 4283              		.loc 1 1058 3 is_stmt 1 view .LVU1489
 4284              		.loc 1 1058 13 is_stmt 0 view .LVU1490
 4285 004a CDF81881 		str	r8, [sp, #280]
1059:Middlewares/ST/STM32_WPAN/ble/core/auto/ble_gatt_aci.c ****   rq.rlen = 1;
 4286              		.loc 1 1059 3 is_stmt 1 view .LVU1491
 4287              		.loc 1 1059 11 is_stmt 0 view .LVU1492
 4288 004e 0123     		movs	r3, #1
 4289 0050 4793     		str	r3, [sp, #284]
1060:Middlewares/ST/STM32_WPAN/ble/core/auto/ble_gatt_aci.c ****   if ( hci_send_req(&rq, FALSE) < 0 )
 4290              		.loc 1 1060 3 is_stmt 1 view .LVU1493
 4291              		.loc 1 1060 8 is_stmt 0 view .LVU1494
 4292 0052 3146     		mov	r1, r6
 4293 0054 3846     		mov	r0, r7
 4294 0056 FFF7FEFF 		bl	hci_send_req
 4295              	.LVL468:
 4296              		.loc 1 1060 6 discriminator 1 view .LVU1495
 4297 005a B042     		cmp	r0, r6
 4298 005c 04DB     		blt	.L169
1061:Middlewares/ST/STM32_WPAN/ble/core/auto/ble_gatt_aci.c ****     return BLE_STATUS_TIMEOUT;
1062:Middlewares/ST/STM32_WPAN/ble/core/auto/ble_gatt_aci.c ****   return status;
 4299              		.loc 1 1062 3 is_stmt 1 view .LVU1496
 4300              		.loc 1 1062 10 is_stmt 0 view .LVU1497
 4301 005e 98F80000 		ldrb	r0, [r8]	@ zero_extendqisi2
 4302              	.L168:
1063:Middlewares/ST/STM32_WPAN/ble/core/auto/ble_gatt_aci.c **** }
 4303              		.loc 1 1063 1 view .LVU1498
 4304 0062 48B0     		add	sp, sp, #288
ARM GAS  C:\Users\Nathan\AppData\Local\Temp\ccJAfMtd.s 			page 95


 4305              		.cfi_remember_state
 4306              		.cfi_def_cfa_offset 24
 4307              		@ sp needed
 4308 0064 BDE8F081 		pop	{r4, r5, r6, r7, r8, pc}
 4309              	.LVL469:
 4310              	.L169:
 4311              		.cfi_restore_state
1061:Middlewares/ST/STM32_WPAN/ble/core/auto/ble_gatt_aci.c ****     return BLE_STATUS_TIMEOUT;
 4312              		.loc 1 1061 12 view .LVU1499
 4313 0068 FF20     		movs	r0, #255
 4314 006a FAE7     		b	.L168
 4315              		.cfi_endproc
 4316              	.LFE31:
 4318              		.section	.text.aci_gatt_confirm_indication,"ax",%progbits
 4319              		.align	1
 4320              		.global	aci_gatt_confirm_indication
 4321              		.syntax unified
 4322              		.thumb
 4323              		.thumb_func
 4325              	aci_gatt_confirm_indication:
 4326              	.LVL470:
 4327              	.LFB32:
1064:Middlewares/ST/STM32_WPAN/ble/core/auto/ble_gatt_aci.c **** 
1065:Middlewares/ST/STM32_WPAN/ble/core/auto/ble_gatt_aci.c **** tBleStatus aci_gatt_confirm_indication( uint16_t Connection_Handle )
1066:Middlewares/ST/STM32_WPAN/ble/core/auto/ble_gatt_aci.c **** {
 4328              		.loc 1 1066 1 is_stmt 1 view -0
 4329              		.cfi_startproc
 4330              		@ args = 0, pretend = 0, frame = 288
 4331              		@ frame_needed = 0, uses_anonymous_args = 0
 4332              		.loc 1 1066 1 is_stmt 0 view .LVU1501
 4333 0000 F0B5     		push	{r4, r5, r6, r7, lr}
 4334              		.cfi_def_cfa_offset 20
 4335              		.cfi_offset 4, -20
 4336              		.cfi_offset 5, -16
 4337              		.cfi_offset 6, -12
 4338              		.cfi_offset 7, -8
 4339              		.cfi_offset 14, -4
 4340 0002 C9B0     		sub	sp, sp, #292
 4341              		.cfi_def_cfa_offset 312
1067:Middlewares/ST/STM32_WPAN/ble/core/auto/ble_gatt_aci.c ****   struct hci_request rq;
 4342              		.loc 1 1067 3 is_stmt 1 view .LVU1502
1068:Middlewares/ST/STM32_WPAN/ble/core/auto/ble_gatt_aci.c ****   uint8_t cmd_buffer[BLE_CMD_MAX_PARAM_LEN];
 4343              		.loc 1 1068 3 view .LVU1503
1069:Middlewares/ST/STM32_WPAN/ble/core/auto/ble_gatt_aci.c ****   aci_gatt_confirm_indication_cp0 *cp0 = (aci_gatt_confirm_indication_cp0*)(cmd_buffer);
 4344              		.loc 1 1069 3 view .LVU1504
 4345              	.LVL471:
1070:Middlewares/ST/STM32_WPAN/ble/core/auto/ble_gatt_aci.c ****   tBleStatus status = 0;
 4346              		.loc 1 1070 3 view .LVU1505
 4347              		.loc 1 1070 14 is_stmt 0 view .LVU1506
 4348 0004 0DF10706 		add	r6, sp, #7
 4349 0008 0024     		movs	r4, #0
 4350 000a 8DF80740 		strb	r4, [sp, #7]
1071:Middlewares/ST/STM32_WPAN/ble/core/auto/ble_gatt_aci.c ****   int index_input = 0;
 4351              		.loc 1 1071 3 is_stmt 1 view .LVU1507
 4352              	.LVL472:
1072:Middlewares/ST/STM32_WPAN/ble/core/auto/ble_gatt_aci.c ****   cp0->Connection_Handle = Connection_Handle;
 4353              		.loc 1 1072 3 view .LVU1508
ARM GAS  C:\Users\Nathan\AppData\Local\Temp\ccJAfMtd.s 			page 96


 4354              		.loc 1 1072 26 is_stmt 0 view .LVU1509
 4355 000e 02AF     		add	r7, sp, #8
 4356              	.LVL473:
 4357              		.loc 1 1072 26 view .LVU1510
 4358 0010 ADF80800 		strh	r0, [sp, #8]	@ movhi
1073:Middlewares/ST/STM32_WPAN/ble/core/auto/ble_gatt_aci.c ****   index_input += 2;
 4359              		.loc 1 1073 3 is_stmt 1 view .LVU1511
 4360              	.LVL474:
1074:Middlewares/ST/STM32_WPAN/ble/core/auto/ble_gatt_aci.c ****   Osal_MemSet( &rq, 0, sizeof(rq) );
 4361              		.loc 1 1074 3 view .LVU1512
 4362 0014 42AD     		add	r5, sp, #264
 4363 0016 1822     		movs	r2, #24
 4364 0018 2146     		mov	r1, r4
 4365 001a 2846     		mov	r0, r5
 4366              	.LVL475:
 4367              		.loc 1 1074 3 is_stmt 0 view .LVU1513
 4368 001c FFF7FEFF 		bl	Osal_MemSet
 4369              	.LVL476:
1075:Middlewares/ST/STM32_WPAN/ble/core/auto/ble_gatt_aci.c ****   rq.ogf = 0x3f;
 4370              		.loc 1 1075 3 is_stmt 1 view .LVU1514
 4371              		.loc 1 1075 10 is_stmt 0 view .LVU1515
 4372 0020 3F23     		movs	r3, #63
 4373 0022 ADF80831 		strh	r3, [sp, #264]	@ movhi
1076:Middlewares/ST/STM32_WPAN/ble/core/auto/ble_gatt_aci.c ****   rq.ocf = 0x125;
 4374              		.loc 1 1076 3 is_stmt 1 view .LVU1516
 4375              		.loc 1 1076 10 is_stmt 0 view .LVU1517
 4376 0026 40F22513 		movw	r3, #293
 4377 002a ADF80A31 		strh	r3, [sp, #266]	@ movhi
1077:Middlewares/ST/STM32_WPAN/ble/core/auto/ble_gatt_aci.c ****   rq.cparam = cmd_buffer;
 4378              		.loc 1 1077 3 is_stmt 1 view .LVU1518
 4379              		.loc 1 1077 13 is_stmt 0 view .LVU1519
 4380 002e 4497     		str	r7, [sp, #272]
1078:Middlewares/ST/STM32_WPAN/ble/core/auto/ble_gatt_aci.c ****   rq.clen = index_input;
 4381              		.loc 1 1078 3 is_stmt 1 view .LVU1520
 4382              		.loc 1 1078 11 is_stmt 0 view .LVU1521
 4383 0030 0223     		movs	r3, #2
 4384 0032 4593     		str	r3, [sp, #276]
1079:Middlewares/ST/STM32_WPAN/ble/core/auto/ble_gatt_aci.c ****   rq.rparam = &status;
 4385              		.loc 1 1079 3 is_stmt 1 view .LVU1522
 4386              		.loc 1 1079 13 is_stmt 0 view .LVU1523
 4387 0034 4696     		str	r6, [sp, #280]
1080:Middlewares/ST/STM32_WPAN/ble/core/auto/ble_gatt_aci.c ****   rq.rlen = 1;
 4388              		.loc 1 1080 3 is_stmt 1 view .LVU1524
 4389              		.loc 1 1080 11 is_stmt 0 view .LVU1525
 4390 0036 0123     		movs	r3, #1
 4391 0038 4793     		str	r3, [sp, #284]
1081:Middlewares/ST/STM32_WPAN/ble/core/auto/ble_gatt_aci.c ****   if ( hci_send_req(&rq, FALSE) < 0 )
 4392              		.loc 1 1081 3 is_stmt 1 view .LVU1526
 4393              		.loc 1 1081 8 is_stmt 0 view .LVU1527
 4394 003a 2146     		mov	r1, r4
 4395 003c 2846     		mov	r0, r5
 4396 003e FFF7FEFF 		bl	hci_send_req
 4397              	.LVL477:
 4398              		.loc 1 1081 6 discriminator 1 view .LVU1528
 4399 0042 A042     		cmp	r0, r4
 4400 0044 02DB     		blt	.L173
1082:Middlewares/ST/STM32_WPAN/ble/core/auto/ble_gatt_aci.c ****     return BLE_STATUS_TIMEOUT;
ARM GAS  C:\Users\Nathan\AppData\Local\Temp\ccJAfMtd.s 			page 97


1083:Middlewares/ST/STM32_WPAN/ble/core/auto/ble_gatt_aci.c ****   return status;
 4401              		.loc 1 1083 3 is_stmt 1 view .LVU1529
 4402              		.loc 1 1083 10 is_stmt 0 view .LVU1530
 4403 0046 3078     		ldrb	r0, [r6]	@ zero_extendqisi2
 4404              	.L172:
1084:Middlewares/ST/STM32_WPAN/ble/core/auto/ble_gatt_aci.c **** }
 4405              		.loc 1 1084 1 view .LVU1531
 4406 0048 49B0     		add	sp, sp, #292
 4407              		.cfi_remember_state
 4408              		.cfi_def_cfa_offset 20
 4409              		@ sp needed
 4410 004a F0BD     		pop	{r4, r5, r6, r7, pc}
 4411              	.LVL478:
 4412              	.L173:
 4413              		.cfi_restore_state
1082:Middlewares/ST/STM32_WPAN/ble/core/auto/ble_gatt_aci.c ****     return BLE_STATUS_TIMEOUT;
 4414              		.loc 1 1082 12 view .LVU1532
 4415 004c FF20     		movs	r0, #255
 4416 004e FBE7     		b	.L172
 4417              		.cfi_endproc
 4418              	.LFE32:
 4420              		.section	.text.aci_gatt_permit_write,"ax",%progbits
 4421              		.align	1
 4422              		.global	aci_gatt_permit_write
 4423              		.syntax unified
 4424              		.thumb
 4425              		.thumb_func
 4427              	aci_gatt_permit_write:
 4428              	.LVL479:
 4429              	.LFB33:
1085:Middlewares/ST/STM32_WPAN/ble/core/auto/ble_gatt_aci.c **** 
1086:Middlewares/ST/STM32_WPAN/ble/core/auto/ble_gatt_aci.c **** tBleStatus aci_gatt_permit_write( uint16_t Connection_Handle,
1087:Middlewares/ST/STM32_WPAN/ble/core/auto/ble_gatt_aci.c ****                                   uint16_t Attr_Handle,
1088:Middlewares/ST/STM32_WPAN/ble/core/auto/ble_gatt_aci.c ****                                   uint8_t Write_status,
1089:Middlewares/ST/STM32_WPAN/ble/core/auto/ble_gatt_aci.c ****                                   uint8_t Error_Code,
1090:Middlewares/ST/STM32_WPAN/ble/core/auto/ble_gatt_aci.c ****                                   uint8_t Attribute_Val_Length,
1091:Middlewares/ST/STM32_WPAN/ble/core/auto/ble_gatt_aci.c ****                                   const uint8_t* Attribute_Val )
1092:Middlewares/ST/STM32_WPAN/ble/core/auto/ble_gatt_aci.c **** {
 4430              		.loc 1 1092 1 is_stmt 1 view -0
 4431              		.cfi_startproc
 4432              		@ args = 8, pretend = 0, frame = 288
 4433              		@ frame_needed = 0, uses_anonymous_args = 0
 4434              		.loc 1 1092 1 is_stmt 0 view .LVU1534
 4435 0000 2DE9F041 		push	{r4, r5, r6, r7, r8, lr}
 4436              		.cfi_def_cfa_offset 24
 4437              		.cfi_offset 4, -24
 4438              		.cfi_offset 5, -20
 4439              		.cfi_offset 6, -16
 4440              		.cfi_offset 7, -12
 4441              		.cfi_offset 8, -8
 4442              		.cfi_offset 14, -4
 4443 0004 C8B0     		sub	sp, sp, #288
 4444              		.cfi_def_cfa_offset 312
 4445 0006 9DF83851 		ldrb	r5, [sp, #312]	@ zero_extendqisi2
1093:Middlewares/ST/STM32_WPAN/ble/core/auto/ble_gatt_aci.c ****   struct hci_request rq;
 4446              		.loc 1 1093 3 is_stmt 1 view .LVU1535
1094:Middlewares/ST/STM32_WPAN/ble/core/auto/ble_gatt_aci.c ****   uint8_t cmd_buffer[BLE_CMD_MAX_PARAM_LEN];
ARM GAS  C:\Users\Nathan\AppData\Local\Temp\ccJAfMtd.s 			page 98


 4447              		.loc 1 1094 3 view .LVU1536
1095:Middlewares/ST/STM32_WPAN/ble/core/auto/ble_gatt_aci.c ****   aci_gatt_permit_write_cp0 *cp0 = (aci_gatt_permit_write_cp0*)(cmd_buffer);
 4448              		.loc 1 1095 3 view .LVU1537
 4449              	.LVL480:
1096:Middlewares/ST/STM32_WPAN/ble/core/auto/ble_gatt_aci.c ****   tBleStatus status = 0;
 4450              		.loc 1 1096 3 view .LVU1538
 4451              		.loc 1 1096 14 is_stmt 0 view .LVU1539
 4452 000a 0DF10708 		add	r8, sp, #7
 4453 000e 0026     		movs	r6, #0
 4454 0010 8DF80760 		strb	r6, [sp, #7]
1097:Middlewares/ST/STM32_WPAN/ble/core/auto/ble_gatt_aci.c ****   int index_input = 0;
 4455              		.loc 1 1097 3 is_stmt 1 view .LVU1540
 4456              	.LVL481:
1098:Middlewares/ST/STM32_WPAN/ble/core/auto/ble_gatt_aci.c ****   cp0->Connection_Handle = Connection_Handle;
 4457              		.loc 1 1098 3 view .LVU1541
 4458              		.loc 1 1098 26 is_stmt 0 view .LVU1542
 4459 0014 02AC     		add	r4, sp, #8
 4460              	.LVL482:
 4461              		.loc 1 1098 26 view .LVU1543
 4462 0016 ADF80800 		strh	r0, [sp, #8]	@ movhi
1099:Middlewares/ST/STM32_WPAN/ble/core/auto/ble_gatt_aci.c ****   index_input += 2;
 4463              		.loc 1 1099 3 is_stmt 1 view .LVU1544
 4464              	.LVL483:
1100:Middlewares/ST/STM32_WPAN/ble/core/auto/ble_gatt_aci.c ****   cp0->Attr_Handle = Attr_Handle;
 4465              		.loc 1 1100 3 view .LVU1545
 4466              		.loc 1 1100 20 is_stmt 0 view .LVU1546
 4467 001a ADF80A10 		strh	r1, [sp, #10]	@ movhi
1101:Middlewares/ST/STM32_WPAN/ble/core/auto/ble_gatt_aci.c ****   index_input += 2;
 4468              		.loc 1 1101 3 is_stmt 1 view .LVU1547
 4469              	.LVL484:
1102:Middlewares/ST/STM32_WPAN/ble/core/auto/ble_gatt_aci.c ****   cp0->Write_status = Write_status;
 4470              		.loc 1 1102 3 view .LVU1548
 4471              		.loc 1 1102 21 is_stmt 0 view .LVU1549
 4472 001e 8DF80C20 		strb	r2, [sp, #12]
1103:Middlewares/ST/STM32_WPAN/ble/core/auto/ble_gatt_aci.c ****   index_input += 1;
 4473              		.loc 1 1103 3 is_stmt 1 view .LVU1550
 4474              	.LVL485:
1104:Middlewares/ST/STM32_WPAN/ble/core/auto/ble_gatt_aci.c ****   cp0->Error_Code = Error_Code;
 4475              		.loc 1 1104 3 view .LVU1551
 4476              		.loc 1 1104 19 is_stmt 0 view .LVU1552
 4477 0022 8DF80D30 		strb	r3, [sp, #13]
1105:Middlewares/ST/STM32_WPAN/ble/core/auto/ble_gatt_aci.c ****   index_input += 1;
 4478              		.loc 1 1105 3 is_stmt 1 view .LVU1553
 4479              	.LVL486:
1106:Middlewares/ST/STM32_WPAN/ble/core/auto/ble_gatt_aci.c ****   cp0->Attribute_Val_Length = Attribute_Val_Length;
 4480              		.loc 1 1106 3 view .LVU1554
 4481              		.loc 1 1106 29 is_stmt 0 view .LVU1555
 4482 0026 8DF80E50 		strb	r5, [sp, #14]
1107:Middlewares/ST/STM32_WPAN/ble/core/auto/ble_gatt_aci.c ****   index_input += 1;
 4483              		.loc 1 1107 3 is_stmt 1 view .LVU1556
 4484              	.LVL487:
1108:Middlewares/ST/STM32_WPAN/ble/core/auto/ble_gatt_aci.c ****   Osal_MemCpy( (void*)&cp0->Attribute_Val, (const void*)Attribute_Val, Attribute_Val_Length );
 4485              		.loc 1 1108 3 view .LVU1557
 4486 002a 2A46     		mov	r2, r5
 4487              	.LVL488:
 4488              		.loc 1 1108 3 is_stmt 0 view .LVU1558
 4489 002c 4F99     		ldr	r1, [sp, #316]
ARM GAS  C:\Users\Nathan\AppData\Local\Temp\ccJAfMtd.s 			page 99


 4490              	.LVL489:
 4491              		.loc 1 1108 3 view .LVU1559
 4492 002e 0DF10F00 		add	r0, sp, #15
 4493              	.LVL490:
 4494              		.loc 1 1108 3 view .LVU1560
 4495 0032 FFF7FEFF 		bl	Osal_MemCpy
 4496              	.LVL491:
1109:Middlewares/ST/STM32_WPAN/ble/core/auto/ble_gatt_aci.c ****   index_input += Attribute_Val_Length;
 4497              		.loc 1 1109 3 is_stmt 1 view .LVU1561
 4498              		.loc 1 1109 15 is_stmt 0 view .LVU1562
 4499 0036 0735     		adds	r5, r5, #7
 4500              	.LVL492:
1110:Middlewares/ST/STM32_WPAN/ble/core/auto/ble_gatt_aci.c ****   Osal_MemSet( &rq, 0, sizeof(rq) );
 4501              		.loc 1 1110 3 is_stmt 1 view .LVU1563
 4502 0038 42AF     		add	r7, sp, #264
 4503 003a 1822     		movs	r2, #24
 4504 003c 3146     		mov	r1, r6
 4505 003e 3846     		mov	r0, r7
 4506 0040 FFF7FEFF 		bl	Osal_MemSet
 4507              	.LVL493:
1111:Middlewares/ST/STM32_WPAN/ble/core/auto/ble_gatt_aci.c ****   rq.ogf = 0x3f;
 4508              		.loc 1 1111 3 view .LVU1564
 4509              		.loc 1 1111 10 is_stmt 0 view .LVU1565
 4510 0044 3F23     		movs	r3, #63
 4511 0046 ADF80831 		strh	r3, [sp, #264]	@ movhi
1112:Middlewares/ST/STM32_WPAN/ble/core/auto/ble_gatt_aci.c ****   rq.ocf = 0x126;
 4512              		.loc 1 1112 3 is_stmt 1 view .LVU1566
 4513              		.loc 1 1112 10 is_stmt 0 view .LVU1567
 4514 004a 4FF49373 		mov	r3, #294
 4515 004e ADF80A31 		strh	r3, [sp, #266]	@ movhi
1113:Middlewares/ST/STM32_WPAN/ble/core/auto/ble_gatt_aci.c ****   rq.cparam = cmd_buffer;
 4516              		.loc 1 1113 3 is_stmt 1 view .LVU1568
 4517              		.loc 1 1113 13 is_stmt 0 view .LVU1569
 4518 0052 4494     		str	r4, [sp, #272]
1114:Middlewares/ST/STM32_WPAN/ble/core/auto/ble_gatt_aci.c ****   rq.clen = index_input;
 4519              		.loc 1 1114 3 is_stmt 1 view .LVU1570
 4520              		.loc 1 1114 11 is_stmt 0 view .LVU1571
 4521 0054 4595     		str	r5, [sp, #276]
1115:Middlewares/ST/STM32_WPAN/ble/core/auto/ble_gatt_aci.c ****   rq.rparam = &status;
 4522              		.loc 1 1115 3 is_stmt 1 view .LVU1572
 4523              		.loc 1 1115 13 is_stmt 0 view .LVU1573
 4524 0056 CDF81881 		str	r8, [sp, #280]
1116:Middlewares/ST/STM32_WPAN/ble/core/auto/ble_gatt_aci.c ****   rq.rlen = 1;
 4525              		.loc 1 1116 3 is_stmt 1 view .LVU1574
 4526              		.loc 1 1116 11 is_stmt 0 view .LVU1575
 4527 005a 0123     		movs	r3, #1
 4528 005c 4793     		str	r3, [sp, #284]
1117:Middlewares/ST/STM32_WPAN/ble/core/auto/ble_gatt_aci.c ****   if ( hci_send_req(&rq, FALSE) < 0 )
 4529              		.loc 1 1117 3 is_stmt 1 view .LVU1576
 4530              		.loc 1 1117 8 is_stmt 0 view .LVU1577
 4531 005e 3146     		mov	r1, r6
 4532 0060 3846     		mov	r0, r7
 4533 0062 FFF7FEFF 		bl	hci_send_req
 4534              	.LVL494:
 4535              		.loc 1 1117 6 discriminator 1 view .LVU1578
 4536 0066 B042     		cmp	r0, r6
 4537 0068 04DB     		blt	.L177
ARM GAS  C:\Users\Nathan\AppData\Local\Temp\ccJAfMtd.s 			page 100


1118:Middlewares/ST/STM32_WPAN/ble/core/auto/ble_gatt_aci.c ****     return BLE_STATUS_TIMEOUT;
1119:Middlewares/ST/STM32_WPAN/ble/core/auto/ble_gatt_aci.c ****   return status;
 4538              		.loc 1 1119 3 is_stmt 1 view .LVU1579
 4539              		.loc 1 1119 10 is_stmt 0 view .LVU1580
 4540 006a 98F80000 		ldrb	r0, [r8]	@ zero_extendqisi2
 4541              	.L176:
1120:Middlewares/ST/STM32_WPAN/ble/core/auto/ble_gatt_aci.c **** }
 4542              		.loc 1 1120 1 view .LVU1581
 4543 006e 48B0     		add	sp, sp, #288
 4544              		.cfi_remember_state
 4545              		.cfi_def_cfa_offset 24
 4546              		@ sp needed
 4547 0070 BDE8F081 		pop	{r4, r5, r6, r7, r8, pc}
 4548              	.LVL495:
 4549              	.L177:
 4550              		.cfi_restore_state
1118:Middlewares/ST/STM32_WPAN/ble/core/auto/ble_gatt_aci.c ****     return BLE_STATUS_TIMEOUT;
 4551              		.loc 1 1118 12 view .LVU1582
 4552 0074 FF20     		movs	r0, #255
 4553 0076 FAE7     		b	.L176
 4554              		.cfi_endproc
 4555              	.LFE33:
 4557              		.section	.text.aci_gatt_permit_read,"ax",%progbits
 4558              		.align	1
 4559              		.global	aci_gatt_permit_read
 4560              		.syntax unified
 4561              		.thumb
 4562              		.thumb_func
 4564              	aci_gatt_permit_read:
 4565              	.LVL496:
 4566              	.LFB34:
1121:Middlewares/ST/STM32_WPAN/ble/core/auto/ble_gatt_aci.c **** 
1122:Middlewares/ST/STM32_WPAN/ble/core/auto/ble_gatt_aci.c **** tBleStatus aci_gatt_permit_read( uint16_t Connection_Handle,
1123:Middlewares/ST/STM32_WPAN/ble/core/auto/ble_gatt_aci.c ****                                  uint8_t Read_status,
1124:Middlewares/ST/STM32_WPAN/ble/core/auto/ble_gatt_aci.c ****                                  uint8_t Error_Code,
1125:Middlewares/ST/STM32_WPAN/ble/core/auto/ble_gatt_aci.c ****                                  uint16_t Attr_Handle )
1126:Middlewares/ST/STM32_WPAN/ble/core/auto/ble_gatt_aci.c **** {
 4567              		.loc 1 1126 1 is_stmt 1 view -0
 4568              		.cfi_startproc
 4569              		@ args = 0, pretend = 0, frame = 288
 4570              		@ frame_needed = 0, uses_anonymous_args = 0
 4571              		.loc 1 1126 1 is_stmt 0 view .LVU1584
 4572 0000 F0B5     		push	{r4, r5, r6, r7, lr}
 4573              		.cfi_def_cfa_offset 20
 4574              		.cfi_offset 4, -20
 4575              		.cfi_offset 5, -16
 4576              		.cfi_offset 6, -12
 4577              		.cfi_offset 7, -8
 4578              		.cfi_offset 14, -4
 4579 0002 C9B0     		sub	sp, sp, #292
 4580              		.cfi_def_cfa_offset 312
1127:Middlewares/ST/STM32_WPAN/ble/core/auto/ble_gatt_aci.c ****   struct hci_request rq;
 4581              		.loc 1 1127 3 is_stmt 1 view .LVU1585
1128:Middlewares/ST/STM32_WPAN/ble/core/auto/ble_gatt_aci.c ****   uint8_t cmd_buffer[BLE_CMD_MAX_PARAM_LEN];
 4582              		.loc 1 1128 3 view .LVU1586
1129:Middlewares/ST/STM32_WPAN/ble/core/auto/ble_gatt_aci.c ****   aci_gatt_permit_read_cp0 *cp0 = (aci_gatt_permit_read_cp0*)(cmd_buffer);
 4583              		.loc 1 1129 3 view .LVU1587
ARM GAS  C:\Users\Nathan\AppData\Local\Temp\ccJAfMtd.s 			page 101


 4584              	.LVL497:
1130:Middlewares/ST/STM32_WPAN/ble/core/auto/ble_gatt_aci.c ****   tBleStatus status = 0;
 4585              		.loc 1 1130 3 view .LVU1588
 4586              		.loc 1 1130 14 is_stmt 0 view .LVU1589
 4587 0004 0DF10707 		add	r7, sp, #7
 4588 0008 0025     		movs	r5, #0
 4589 000a 8DF80750 		strb	r5, [sp, #7]
1131:Middlewares/ST/STM32_WPAN/ble/core/auto/ble_gatt_aci.c ****   int index_input = 0;
 4590              		.loc 1 1131 3 is_stmt 1 view .LVU1590
 4591              	.LVL498:
1132:Middlewares/ST/STM32_WPAN/ble/core/auto/ble_gatt_aci.c ****   cp0->Connection_Handle = Connection_Handle;
 4592              		.loc 1 1132 3 view .LVU1591
 4593              		.loc 1 1132 26 is_stmt 0 view .LVU1592
 4594 000e 02AC     		add	r4, sp, #8
 4595              	.LVL499:
 4596              		.loc 1 1132 26 view .LVU1593
 4597 0010 ADF80800 		strh	r0, [sp, #8]	@ movhi
1133:Middlewares/ST/STM32_WPAN/ble/core/auto/ble_gatt_aci.c ****   index_input += 2;
 4598              		.loc 1 1133 3 is_stmt 1 view .LVU1594
 4599              	.LVL500:
1134:Middlewares/ST/STM32_WPAN/ble/core/auto/ble_gatt_aci.c ****   cp0->Read_status = Read_status;
 4600              		.loc 1 1134 3 view .LVU1595
 4601              		.loc 1 1134 20 is_stmt 0 view .LVU1596
 4602 0014 8DF80A10 		strb	r1, [sp, #10]
1135:Middlewares/ST/STM32_WPAN/ble/core/auto/ble_gatt_aci.c ****   index_input += 1;
 4603              		.loc 1 1135 3 is_stmt 1 view .LVU1597
 4604              	.LVL501:
1136:Middlewares/ST/STM32_WPAN/ble/core/auto/ble_gatt_aci.c ****   cp0->Error_Code = Error_Code;
 4605              		.loc 1 1136 3 view .LVU1598
 4606              		.loc 1 1136 19 is_stmt 0 view .LVU1599
 4607 0018 8DF80B20 		strb	r2, [sp, #11]
1137:Middlewares/ST/STM32_WPAN/ble/core/auto/ble_gatt_aci.c ****   index_input += 1;
 4608              		.loc 1 1137 3 is_stmt 1 view .LVU1600
 4609              	.LVL502:
1138:Middlewares/ST/STM32_WPAN/ble/core/auto/ble_gatt_aci.c ****   cp0->Attr_Handle = Attr_Handle;
 4610              		.loc 1 1138 3 view .LVU1601
 4611              		.loc 1 1138 20 is_stmt 0 view .LVU1602
 4612 001c ADF80C30 		strh	r3, [sp, #12]	@ movhi
1139:Middlewares/ST/STM32_WPAN/ble/core/auto/ble_gatt_aci.c ****   index_input += 2;
 4613              		.loc 1 1139 3 is_stmt 1 view .LVU1603
 4614              	.LVL503:
1140:Middlewares/ST/STM32_WPAN/ble/core/auto/ble_gatt_aci.c ****   Osal_MemSet( &rq, 0, sizeof(rq) );
 4615              		.loc 1 1140 3 view .LVU1604
 4616 0020 42AE     		add	r6, sp, #264
 4617 0022 1822     		movs	r2, #24
 4618              	.LVL504:
 4619              		.loc 1 1140 3 is_stmt 0 view .LVU1605
 4620 0024 2946     		mov	r1, r5
 4621              	.LVL505:
 4622              		.loc 1 1140 3 view .LVU1606
 4623 0026 3046     		mov	r0, r6
 4624              	.LVL506:
 4625              		.loc 1 1140 3 view .LVU1607
 4626 0028 FFF7FEFF 		bl	Osal_MemSet
 4627              	.LVL507:
1141:Middlewares/ST/STM32_WPAN/ble/core/auto/ble_gatt_aci.c ****   rq.ogf = 0x3f;
 4628              		.loc 1 1141 3 is_stmt 1 view .LVU1608
ARM GAS  C:\Users\Nathan\AppData\Local\Temp\ccJAfMtd.s 			page 102


 4629              		.loc 1 1141 10 is_stmt 0 view .LVU1609
 4630 002c 3F23     		movs	r3, #63
 4631 002e ADF80831 		strh	r3, [sp, #264]	@ movhi
1142:Middlewares/ST/STM32_WPAN/ble/core/auto/ble_gatt_aci.c ****   rq.ocf = 0x127;
 4632              		.loc 1 1142 3 is_stmt 1 view .LVU1610
 4633              		.loc 1 1142 10 is_stmt 0 view .LVU1611
 4634 0032 40F22713 		movw	r3, #295
 4635 0036 ADF80A31 		strh	r3, [sp, #266]	@ movhi
1143:Middlewares/ST/STM32_WPAN/ble/core/auto/ble_gatt_aci.c ****   rq.cparam = cmd_buffer;
 4636              		.loc 1 1143 3 is_stmt 1 view .LVU1612
 4637              		.loc 1 1143 13 is_stmt 0 view .LVU1613
 4638 003a 4494     		str	r4, [sp, #272]
1144:Middlewares/ST/STM32_WPAN/ble/core/auto/ble_gatt_aci.c ****   rq.clen = index_input;
 4639              		.loc 1 1144 3 is_stmt 1 view .LVU1614
 4640              		.loc 1 1144 11 is_stmt 0 view .LVU1615
 4641 003c 0623     		movs	r3, #6
 4642 003e 4593     		str	r3, [sp, #276]
1145:Middlewares/ST/STM32_WPAN/ble/core/auto/ble_gatt_aci.c ****   rq.rparam = &status;
 4643              		.loc 1 1145 3 is_stmt 1 view .LVU1616
 4644              		.loc 1 1145 13 is_stmt 0 view .LVU1617
 4645 0040 4697     		str	r7, [sp, #280]
1146:Middlewares/ST/STM32_WPAN/ble/core/auto/ble_gatt_aci.c ****   rq.rlen = 1;
 4646              		.loc 1 1146 3 is_stmt 1 view .LVU1618
 4647              		.loc 1 1146 11 is_stmt 0 view .LVU1619
 4648 0042 0123     		movs	r3, #1
 4649 0044 4793     		str	r3, [sp, #284]
1147:Middlewares/ST/STM32_WPAN/ble/core/auto/ble_gatt_aci.c ****   if ( hci_send_req(&rq, FALSE) < 0 )
 4650              		.loc 1 1147 3 is_stmt 1 view .LVU1620
 4651              		.loc 1 1147 8 is_stmt 0 view .LVU1621
 4652 0046 2946     		mov	r1, r5
 4653 0048 3046     		mov	r0, r6
 4654 004a FFF7FEFF 		bl	hci_send_req
 4655              	.LVL508:
 4656              		.loc 1 1147 6 discriminator 1 view .LVU1622
 4657 004e A842     		cmp	r0, r5
 4658 0050 02DB     		blt	.L181
1148:Middlewares/ST/STM32_WPAN/ble/core/auto/ble_gatt_aci.c ****     return BLE_STATUS_TIMEOUT;
1149:Middlewares/ST/STM32_WPAN/ble/core/auto/ble_gatt_aci.c ****   return status;
 4659              		.loc 1 1149 3 is_stmt 1 view .LVU1623
 4660              		.loc 1 1149 10 is_stmt 0 view .LVU1624
 4661 0052 3878     		ldrb	r0, [r7]	@ zero_extendqisi2
 4662              	.L180:
1150:Middlewares/ST/STM32_WPAN/ble/core/auto/ble_gatt_aci.c **** }
 4663              		.loc 1 1150 1 view .LVU1625
 4664 0054 49B0     		add	sp, sp, #292
 4665              		.cfi_remember_state
 4666              		.cfi_def_cfa_offset 20
 4667              		@ sp needed
 4668 0056 F0BD     		pop	{r4, r5, r6, r7, pc}
 4669              	.LVL509:
 4670              	.L181:
 4671              		.cfi_restore_state
1148:Middlewares/ST/STM32_WPAN/ble/core/auto/ble_gatt_aci.c ****     return BLE_STATUS_TIMEOUT;
 4672              		.loc 1 1148 12 view .LVU1626
 4673 0058 FF20     		movs	r0, #255
 4674 005a FBE7     		b	.L180
 4675              		.cfi_endproc
ARM GAS  C:\Users\Nathan\AppData\Local\Temp\ccJAfMtd.s 			page 103


 4676              	.LFE34:
 4678              		.section	.text.aci_gatt_set_security_permission,"ax",%progbits
 4679              		.align	1
 4680              		.global	aci_gatt_set_security_permission
 4681              		.syntax unified
 4682              		.thumb
 4683              		.thumb_func
 4685              	aci_gatt_set_security_permission:
 4686              	.LVL510:
 4687              	.LFB35:
1151:Middlewares/ST/STM32_WPAN/ble/core/auto/ble_gatt_aci.c **** 
1152:Middlewares/ST/STM32_WPAN/ble/core/auto/ble_gatt_aci.c **** tBleStatus aci_gatt_set_security_permission( uint16_t Serv_Handle,
1153:Middlewares/ST/STM32_WPAN/ble/core/auto/ble_gatt_aci.c ****                                              uint16_t Attr_Handle,
1154:Middlewares/ST/STM32_WPAN/ble/core/auto/ble_gatt_aci.c ****                                              uint8_t Security_Permissions )
1155:Middlewares/ST/STM32_WPAN/ble/core/auto/ble_gatt_aci.c **** {
 4688              		.loc 1 1155 1 is_stmt 1 view -0
 4689              		.cfi_startproc
 4690              		@ args = 0, pretend = 0, frame = 288
 4691              		@ frame_needed = 0, uses_anonymous_args = 0
 4692              		.loc 1 1155 1 is_stmt 0 view .LVU1628
 4693 0000 F0B5     		push	{r4, r5, r6, r7, lr}
 4694              		.cfi_def_cfa_offset 20
 4695              		.cfi_offset 4, -20
 4696              		.cfi_offset 5, -16
 4697              		.cfi_offset 6, -12
 4698              		.cfi_offset 7, -8
 4699              		.cfi_offset 14, -4
 4700 0002 C9B0     		sub	sp, sp, #292
 4701              		.cfi_def_cfa_offset 312
1156:Middlewares/ST/STM32_WPAN/ble/core/auto/ble_gatt_aci.c ****   struct hci_request rq;
 4702              		.loc 1 1156 3 is_stmt 1 view .LVU1629
1157:Middlewares/ST/STM32_WPAN/ble/core/auto/ble_gatt_aci.c ****   uint8_t cmd_buffer[BLE_CMD_MAX_PARAM_LEN];
 4703              		.loc 1 1157 3 view .LVU1630
1158:Middlewares/ST/STM32_WPAN/ble/core/auto/ble_gatt_aci.c ****   aci_gatt_set_security_permission_cp0 *cp0 = (aci_gatt_set_security_permission_cp0*)(cmd_buffer);
 4704              		.loc 1 1158 3 view .LVU1631
 4705              	.LVL511:
1159:Middlewares/ST/STM32_WPAN/ble/core/auto/ble_gatt_aci.c ****   tBleStatus status = 0;
 4706              		.loc 1 1159 3 view .LVU1632
 4707              		.loc 1 1159 14 is_stmt 0 view .LVU1633
 4708 0004 0DF10707 		add	r7, sp, #7
 4709 0008 0025     		movs	r5, #0
 4710 000a 8DF80750 		strb	r5, [sp, #7]
1160:Middlewares/ST/STM32_WPAN/ble/core/auto/ble_gatt_aci.c ****   int index_input = 0;
 4711              		.loc 1 1160 3 is_stmt 1 view .LVU1634
 4712              	.LVL512:
1161:Middlewares/ST/STM32_WPAN/ble/core/auto/ble_gatt_aci.c ****   cp0->Serv_Handle = Serv_Handle;
 4713              		.loc 1 1161 3 view .LVU1635
 4714              		.loc 1 1161 20 is_stmt 0 view .LVU1636
 4715 000e 02AC     		add	r4, sp, #8
 4716              	.LVL513:
 4717              		.loc 1 1161 20 view .LVU1637
 4718 0010 ADF80800 		strh	r0, [sp, #8]	@ movhi
1162:Middlewares/ST/STM32_WPAN/ble/core/auto/ble_gatt_aci.c ****   index_input += 2;
 4719              		.loc 1 1162 3 is_stmt 1 view .LVU1638
 4720              	.LVL514:
1163:Middlewares/ST/STM32_WPAN/ble/core/auto/ble_gatt_aci.c ****   cp0->Attr_Handle = Attr_Handle;
 4721              		.loc 1 1163 3 view .LVU1639
ARM GAS  C:\Users\Nathan\AppData\Local\Temp\ccJAfMtd.s 			page 104


 4722              		.loc 1 1163 20 is_stmt 0 view .LVU1640
 4723 0014 ADF80A10 		strh	r1, [sp, #10]	@ movhi
1164:Middlewares/ST/STM32_WPAN/ble/core/auto/ble_gatt_aci.c ****   index_input += 2;
 4724              		.loc 1 1164 3 is_stmt 1 view .LVU1641
 4725              	.LVL515:
1165:Middlewares/ST/STM32_WPAN/ble/core/auto/ble_gatt_aci.c ****   cp0->Security_Permissions = Security_Permissions;
 4726              		.loc 1 1165 3 view .LVU1642
 4727              		.loc 1 1165 29 is_stmt 0 view .LVU1643
 4728 0018 8DF80C20 		strb	r2, [sp, #12]
1166:Middlewares/ST/STM32_WPAN/ble/core/auto/ble_gatt_aci.c ****   index_input += 1;
 4729              		.loc 1 1166 3 is_stmt 1 view .LVU1644
 4730              	.LVL516:
1167:Middlewares/ST/STM32_WPAN/ble/core/auto/ble_gatt_aci.c ****   Osal_MemSet( &rq, 0, sizeof(rq) );
 4731              		.loc 1 1167 3 view .LVU1645
 4732 001c 42AE     		add	r6, sp, #264
 4733 001e 1822     		movs	r2, #24
 4734              	.LVL517:
 4735              		.loc 1 1167 3 is_stmt 0 view .LVU1646
 4736 0020 2946     		mov	r1, r5
 4737              	.LVL518:
 4738              		.loc 1 1167 3 view .LVU1647
 4739 0022 3046     		mov	r0, r6
 4740              	.LVL519:
 4741              		.loc 1 1167 3 view .LVU1648
 4742 0024 FFF7FEFF 		bl	Osal_MemSet
 4743              	.LVL520:
1168:Middlewares/ST/STM32_WPAN/ble/core/auto/ble_gatt_aci.c ****   rq.ogf = 0x3f;
 4744              		.loc 1 1168 3 is_stmt 1 view .LVU1649
 4745              		.loc 1 1168 10 is_stmt 0 view .LVU1650
 4746 0028 3F23     		movs	r3, #63
 4747 002a ADF80831 		strh	r3, [sp, #264]	@ movhi
1169:Middlewares/ST/STM32_WPAN/ble/core/auto/ble_gatt_aci.c ****   rq.ocf = 0x128;
 4748              		.loc 1 1169 3 is_stmt 1 view .LVU1651
 4749              		.loc 1 1169 10 is_stmt 0 view .LVU1652
 4750 002e 4FF49473 		mov	r3, #296
 4751 0032 ADF80A31 		strh	r3, [sp, #266]	@ movhi
1170:Middlewares/ST/STM32_WPAN/ble/core/auto/ble_gatt_aci.c ****   rq.cparam = cmd_buffer;
 4752              		.loc 1 1170 3 is_stmt 1 view .LVU1653
 4753              		.loc 1 1170 13 is_stmt 0 view .LVU1654
 4754 0036 4494     		str	r4, [sp, #272]
1171:Middlewares/ST/STM32_WPAN/ble/core/auto/ble_gatt_aci.c ****   rq.clen = index_input;
 4755              		.loc 1 1171 3 is_stmt 1 view .LVU1655
 4756              		.loc 1 1171 11 is_stmt 0 view .LVU1656
 4757 0038 0523     		movs	r3, #5
 4758 003a 4593     		str	r3, [sp, #276]
1172:Middlewares/ST/STM32_WPAN/ble/core/auto/ble_gatt_aci.c ****   rq.rparam = &status;
 4759              		.loc 1 1172 3 is_stmt 1 view .LVU1657
 4760              		.loc 1 1172 13 is_stmt 0 view .LVU1658
 4761 003c 4697     		str	r7, [sp, #280]
1173:Middlewares/ST/STM32_WPAN/ble/core/auto/ble_gatt_aci.c ****   rq.rlen = 1;
 4762              		.loc 1 1173 3 is_stmt 1 view .LVU1659
 4763              		.loc 1 1173 11 is_stmt 0 view .LVU1660
 4764 003e 0123     		movs	r3, #1
 4765 0040 4793     		str	r3, [sp, #284]
1174:Middlewares/ST/STM32_WPAN/ble/core/auto/ble_gatt_aci.c ****   if ( hci_send_req(&rq, FALSE) < 0 )
 4766              		.loc 1 1174 3 is_stmt 1 view .LVU1661
 4767              		.loc 1 1174 8 is_stmt 0 view .LVU1662
ARM GAS  C:\Users\Nathan\AppData\Local\Temp\ccJAfMtd.s 			page 105


 4768 0042 2946     		mov	r1, r5
 4769 0044 3046     		mov	r0, r6
 4770 0046 FFF7FEFF 		bl	hci_send_req
 4771              	.LVL521:
 4772              		.loc 1 1174 6 discriminator 1 view .LVU1663
 4773 004a A842     		cmp	r0, r5
 4774 004c 02DB     		blt	.L185
1175:Middlewares/ST/STM32_WPAN/ble/core/auto/ble_gatt_aci.c ****     return BLE_STATUS_TIMEOUT;
1176:Middlewares/ST/STM32_WPAN/ble/core/auto/ble_gatt_aci.c ****   return status;
 4775              		.loc 1 1176 3 is_stmt 1 view .LVU1664
 4776              		.loc 1 1176 10 is_stmt 0 view .LVU1665
 4777 004e 3878     		ldrb	r0, [r7]	@ zero_extendqisi2
 4778              	.L184:
1177:Middlewares/ST/STM32_WPAN/ble/core/auto/ble_gatt_aci.c **** }
 4779              		.loc 1 1177 1 view .LVU1666
 4780 0050 49B0     		add	sp, sp, #292
 4781              		.cfi_remember_state
 4782              		.cfi_def_cfa_offset 20
 4783              		@ sp needed
 4784 0052 F0BD     		pop	{r4, r5, r6, r7, pc}
 4785              	.LVL522:
 4786              	.L185:
 4787              		.cfi_restore_state
1175:Middlewares/ST/STM32_WPAN/ble/core/auto/ble_gatt_aci.c ****     return BLE_STATUS_TIMEOUT;
 4788              		.loc 1 1175 12 view .LVU1667
 4789 0054 FF20     		movs	r0, #255
 4790 0056 FBE7     		b	.L184
 4791              		.cfi_endproc
 4792              	.LFE35:
 4794              		.section	.text.aci_gatt_set_desc_value,"ax",%progbits
 4795              		.align	1
 4796              		.global	aci_gatt_set_desc_value
 4797              		.syntax unified
 4798              		.thumb
 4799              		.thumb_func
 4801              	aci_gatt_set_desc_value:
 4802              	.LVL523:
 4803              	.LFB36:
1178:Middlewares/ST/STM32_WPAN/ble/core/auto/ble_gatt_aci.c **** 
1179:Middlewares/ST/STM32_WPAN/ble/core/auto/ble_gatt_aci.c **** tBleStatus aci_gatt_set_desc_value( uint16_t Serv_Handle,
1180:Middlewares/ST/STM32_WPAN/ble/core/auto/ble_gatt_aci.c ****                                     uint16_t Char_Handle,
1181:Middlewares/ST/STM32_WPAN/ble/core/auto/ble_gatt_aci.c ****                                     uint16_t Char_Desc_Handle,
1182:Middlewares/ST/STM32_WPAN/ble/core/auto/ble_gatt_aci.c ****                                     uint16_t Val_Offset,
1183:Middlewares/ST/STM32_WPAN/ble/core/auto/ble_gatt_aci.c ****                                     uint8_t Char_Desc_Value_Length,
1184:Middlewares/ST/STM32_WPAN/ble/core/auto/ble_gatt_aci.c ****                                     const uint8_t* Char_Desc_Value )
1185:Middlewares/ST/STM32_WPAN/ble/core/auto/ble_gatt_aci.c **** {
 4804              		.loc 1 1185 1 is_stmt 1 view -0
 4805              		.cfi_startproc
 4806              		@ args = 8, pretend = 0, frame = 288
 4807              		@ frame_needed = 0, uses_anonymous_args = 0
 4808              		.loc 1 1185 1 is_stmt 0 view .LVU1669
 4809 0000 2DE9F041 		push	{r4, r5, r6, r7, r8, lr}
 4810              		.cfi_def_cfa_offset 24
 4811              		.cfi_offset 4, -24
 4812              		.cfi_offset 5, -20
 4813              		.cfi_offset 6, -16
 4814              		.cfi_offset 7, -12
ARM GAS  C:\Users\Nathan\AppData\Local\Temp\ccJAfMtd.s 			page 106


 4815              		.cfi_offset 8, -8
 4816              		.cfi_offset 14, -4
 4817 0004 C8B0     		sub	sp, sp, #288
 4818              		.cfi_def_cfa_offset 312
 4819 0006 9DF83851 		ldrb	r5, [sp, #312]	@ zero_extendqisi2
1186:Middlewares/ST/STM32_WPAN/ble/core/auto/ble_gatt_aci.c ****   struct hci_request rq;
 4820              		.loc 1 1186 3 is_stmt 1 view .LVU1670
1187:Middlewares/ST/STM32_WPAN/ble/core/auto/ble_gatt_aci.c ****   uint8_t cmd_buffer[BLE_CMD_MAX_PARAM_LEN];
 4821              		.loc 1 1187 3 view .LVU1671
1188:Middlewares/ST/STM32_WPAN/ble/core/auto/ble_gatt_aci.c ****   aci_gatt_set_desc_value_cp0 *cp0 = (aci_gatt_set_desc_value_cp0*)(cmd_buffer);
 4822              		.loc 1 1188 3 view .LVU1672
 4823              	.LVL524:
1189:Middlewares/ST/STM32_WPAN/ble/core/auto/ble_gatt_aci.c ****   tBleStatus status = 0;
 4824              		.loc 1 1189 3 view .LVU1673
 4825              		.loc 1 1189 14 is_stmt 0 view .LVU1674
 4826 000a 0DF10708 		add	r8, sp, #7
 4827 000e 0026     		movs	r6, #0
 4828 0010 8DF80760 		strb	r6, [sp, #7]
1190:Middlewares/ST/STM32_WPAN/ble/core/auto/ble_gatt_aci.c ****   int index_input = 0;
 4829              		.loc 1 1190 3 is_stmt 1 view .LVU1675
 4830              	.LVL525:
1191:Middlewares/ST/STM32_WPAN/ble/core/auto/ble_gatt_aci.c ****   cp0->Serv_Handle = Serv_Handle;
 4831              		.loc 1 1191 3 view .LVU1676
 4832              		.loc 1 1191 20 is_stmt 0 view .LVU1677
 4833 0014 02AC     		add	r4, sp, #8
 4834              	.LVL526:
 4835              		.loc 1 1191 20 view .LVU1678
 4836 0016 ADF80800 		strh	r0, [sp, #8]	@ movhi
1192:Middlewares/ST/STM32_WPAN/ble/core/auto/ble_gatt_aci.c ****   index_input += 2;
 4837              		.loc 1 1192 3 is_stmt 1 view .LVU1679
 4838              	.LVL527:
1193:Middlewares/ST/STM32_WPAN/ble/core/auto/ble_gatt_aci.c ****   cp0->Char_Handle = Char_Handle;
 4839              		.loc 1 1193 3 view .LVU1680
 4840              		.loc 1 1193 20 is_stmt 0 view .LVU1681
 4841 001a ADF80A10 		strh	r1, [sp, #10]	@ movhi
1194:Middlewares/ST/STM32_WPAN/ble/core/auto/ble_gatt_aci.c ****   index_input += 2;
 4842              		.loc 1 1194 3 is_stmt 1 view .LVU1682
 4843              	.LVL528:
1195:Middlewares/ST/STM32_WPAN/ble/core/auto/ble_gatt_aci.c ****   cp0->Char_Desc_Handle = Char_Desc_Handle;
 4844              		.loc 1 1195 3 view .LVU1683
 4845              		.loc 1 1195 25 is_stmt 0 view .LVU1684
 4846 001e ADF80C20 		strh	r2, [sp, #12]	@ movhi
1196:Middlewares/ST/STM32_WPAN/ble/core/auto/ble_gatt_aci.c ****   index_input += 2;
 4847              		.loc 1 1196 3 is_stmt 1 view .LVU1685
 4848              	.LVL529:
1197:Middlewares/ST/STM32_WPAN/ble/core/auto/ble_gatt_aci.c ****   cp0->Val_Offset = Val_Offset;
 4849              		.loc 1 1197 3 view .LVU1686
 4850              		.loc 1 1197 19 is_stmt 0 view .LVU1687
 4851 0022 ADF80E30 		strh	r3, [sp, #14]	@ movhi
1198:Middlewares/ST/STM32_WPAN/ble/core/auto/ble_gatt_aci.c ****   index_input += 2;
 4852              		.loc 1 1198 3 is_stmt 1 view .LVU1688
 4853              	.LVL530:
1199:Middlewares/ST/STM32_WPAN/ble/core/auto/ble_gatt_aci.c ****   cp0->Char_Desc_Value_Length = Char_Desc_Value_Length;
 4854              		.loc 1 1199 3 view .LVU1689
 4855              		.loc 1 1199 31 is_stmt 0 view .LVU1690
 4856 0026 8DF81050 		strb	r5, [sp, #16]
1200:Middlewares/ST/STM32_WPAN/ble/core/auto/ble_gatt_aci.c ****   index_input += 1;
ARM GAS  C:\Users\Nathan\AppData\Local\Temp\ccJAfMtd.s 			page 107


 4857              		.loc 1 1200 3 is_stmt 1 view .LVU1691
 4858              	.LVL531:
1201:Middlewares/ST/STM32_WPAN/ble/core/auto/ble_gatt_aci.c ****   Osal_MemCpy( (void*)&cp0->Char_Desc_Value, (const void*)Char_Desc_Value, Char_Desc_Value_Length )
 4859              		.loc 1 1201 3 view .LVU1692
 4860 002a 2A46     		mov	r2, r5
 4861              	.LVL532:
 4862              		.loc 1 1201 3 is_stmt 0 view .LVU1693
 4863 002c 4F99     		ldr	r1, [sp, #316]
 4864              	.LVL533:
 4865              		.loc 1 1201 3 view .LVU1694
 4866 002e 0DF11100 		add	r0, sp, #17
 4867              	.LVL534:
 4868              		.loc 1 1201 3 view .LVU1695
 4869 0032 FFF7FEFF 		bl	Osal_MemCpy
 4870              	.LVL535:
1202:Middlewares/ST/STM32_WPAN/ble/core/auto/ble_gatt_aci.c ****   index_input += Char_Desc_Value_Length;
 4871              		.loc 1 1202 3 is_stmt 1 view .LVU1696
 4872              		.loc 1 1202 15 is_stmt 0 view .LVU1697
 4873 0036 0935     		adds	r5, r5, #9
 4874              	.LVL536:
1203:Middlewares/ST/STM32_WPAN/ble/core/auto/ble_gatt_aci.c ****   Osal_MemSet( &rq, 0, sizeof(rq) );
 4875              		.loc 1 1203 3 is_stmt 1 view .LVU1698
 4876 0038 42AF     		add	r7, sp, #264
 4877 003a 1822     		movs	r2, #24
 4878 003c 3146     		mov	r1, r6
 4879 003e 3846     		mov	r0, r7
 4880 0040 FFF7FEFF 		bl	Osal_MemSet
 4881              	.LVL537:
1204:Middlewares/ST/STM32_WPAN/ble/core/auto/ble_gatt_aci.c ****   rq.ogf = 0x3f;
 4882              		.loc 1 1204 3 view .LVU1699
 4883              		.loc 1 1204 10 is_stmt 0 view .LVU1700
 4884 0044 3F23     		movs	r3, #63
 4885 0046 ADF80831 		strh	r3, [sp, #264]	@ movhi
1205:Middlewares/ST/STM32_WPAN/ble/core/auto/ble_gatt_aci.c ****   rq.ocf = 0x129;
 4886              		.loc 1 1205 3 is_stmt 1 view .LVU1701
 4887              		.loc 1 1205 10 is_stmt 0 view .LVU1702
 4888 004a 40F22913 		movw	r3, #297
 4889 004e ADF80A31 		strh	r3, [sp, #266]	@ movhi
1206:Middlewares/ST/STM32_WPAN/ble/core/auto/ble_gatt_aci.c ****   rq.cparam = cmd_buffer;
 4890              		.loc 1 1206 3 is_stmt 1 view .LVU1703
 4891              		.loc 1 1206 13 is_stmt 0 view .LVU1704
 4892 0052 4494     		str	r4, [sp, #272]
1207:Middlewares/ST/STM32_WPAN/ble/core/auto/ble_gatt_aci.c ****   rq.clen = index_input;
 4893              		.loc 1 1207 3 is_stmt 1 view .LVU1705
 4894              		.loc 1 1207 11 is_stmt 0 view .LVU1706
 4895 0054 4595     		str	r5, [sp, #276]
1208:Middlewares/ST/STM32_WPAN/ble/core/auto/ble_gatt_aci.c ****   rq.rparam = &status;
 4896              		.loc 1 1208 3 is_stmt 1 view .LVU1707
 4897              		.loc 1 1208 13 is_stmt 0 view .LVU1708
 4898 0056 CDF81881 		str	r8, [sp, #280]
1209:Middlewares/ST/STM32_WPAN/ble/core/auto/ble_gatt_aci.c ****   rq.rlen = 1;
 4899              		.loc 1 1209 3 is_stmt 1 view .LVU1709
 4900              		.loc 1 1209 11 is_stmt 0 view .LVU1710
 4901 005a 0123     		movs	r3, #1
 4902 005c 4793     		str	r3, [sp, #284]
1210:Middlewares/ST/STM32_WPAN/ble/core/auto/ble_gatt_aci.c ****   if ( hci_send_req(&rq, FALSE) < 0 )
 4903              		.loc 1 1210 3 is_stmt 1 view .LVU1711
ARM GAS  C:\Users\Nathan\AppData\Local\Temp\ccJAfMtd.s 			page 108


 4904              		.loc 1 1210 8 is_stmt 0 view .LVU1712
 4905 005e 3146     		mov	r1, r6
 4906 0060 3846     		mov	r0, r7
 4907 0062 FFF7FEFF 		bl	hci_send_req
 4908              	.LVL538:
 4909              		.loc 1 1210 6 discriminator 1 view .LVU1713
 4910 0066 B042     		cmp	r0, r6
 4911 0068 04DB     		blt	.L189
1211:Middlewares/ST/STM32_WPAN/ble/core/auto/ble_gatt_aci.c ****     return BLE_STATUS_TIMEOUT;
1212:Middlewares/ST/STM32_WPAN/ble/core/auto/ble_gatt_aci.c ****   return status;
 4912              		.loc 1 1212 3 is_stmt 1 view .LVU1714
 4913              		.loc 1 1212 10 is_stmt 0 view .LVU1715
 4914 006a 98F80000 		ldrb	r0, [r8]	@ zero_extendqisi2
 4915              	.L188:
1213:Middlewares/ST/STM32_WPAN/ble/core/auto/ble_gatt_aci.c **** }
 4916              		.loc 1 1213 1 view .LVU1716
 4917 006e 48B0     		add	sp, sp, #288
 4918              		.cfi_remember_state
 4919              		.cfi_def_cfa_offset 24
 4920              		@ sp needed
 4921 0070 BDE8F081 		pop	{r4, r5, r6, r7, r8, pc}
 4922              	.LVL539:
 4923              	.L189:
 4924              		.cfi_restore_state
1211:Middlewares/ST/STM32_WPAN/ble/core/auto/ble_gatt_aci.c ****     return BLE_STATUS_TIMEOUT;
 4925              		.loc 1 1211 12 view .LVU1717
 4926 0074 FF20     		movs	r0, #255
 4927 0076 FAE7     		b	.L188
 4928              		.cfi_endproc
 4929              	.LFE36:
 4931              		.section	.text.aci_gatt_read_handle_value,"ax",%progbits
 4932              		.align	1
 4933              		.global	aci_gatt_read_handle_value
 4934              		.syntax unified
 4935              		.thumb
 4936              		.thumb_func
 4938              	aci_gatt_read_handle_value:
 4939              	.LVL540:
 4940              	.LFB37:
1214:Middlewares/ST/STM32_WPAN/ble/core/auto/ble_gatt_aci.c **** 
1215:Middlewares/ST/STM32_WPAN/ble/core/auto/ble_gatt_aci.c **** tBleStatus aci_gatt_read_handle_value( uint16_t Attr_Handle,
1216:Middlewares/ST/STM32_WPAN/ble/core/auto/ble_gatt_aci.c ****                                        uint16_t Offset,
1217:Middlewares/ST/STM32_WPAN/ble/core/auto/ble_gatt_aci.c ****                                        uint16_t Value_Length_Requested,
1218:Middlewares/ST/STM32_WPAN/ble/core/auto/ble_gatt_aci.c ****                                        uint16_t* Length,
1219:Middlewares/ST/STM32_WPAN/ble/core/auto/ble_gatt_aci.c ****                                        uint16_t* Value_Length,
1220:Middlewares/ST/STM32_WPAN/ble/core/auto/ble_gatt_aci.c ****                                        uint8_t* Value )
1221:Middlewares/ST/STM32_WPAN/ble/core/auto/ble_gatt_aci.c **** {
 4941              		.loc 1 1221 1 is_stmt 1 view -0
 4942              		.cfi_startproc
 4943              		@ args = 8, pretend = 0, frame = 536
 4944              		@ frame_needed = 0, uses_anonymous_args = 0
 4945              		.loc 1 1221 1 is_stmt 0 view .LVU1719
 4946 0000 2DE9F043 		push	{r4, r5, r6, r7, r8, r9, lr}
 4947              		.cfi_def_cfa_offset 28
 4948              		.cfi_offset 4, -28
 4949              		.cfi_offset 5, -24
 4950              		.cfi_offset 6, -20
ARM GAS  C:\Users\Nathan\AppData\Local\Temp\ccJAfMtd.s 			page 109


 4951              		.cfi_offset 7, -16
 4952              		.cfi_offset 8, -12
 4953              		.cfi_offset 9, -8
 4954              		.cfi_offset 14, -4
 4955 0004 ADF5077D 		sub	sp, sp, #540
 4956              		.cfi_def_cfa_offset 568
 4957 0008 8046     		mov	r8, r0
 4958 000a 0F46     		mov	r7, r1
 4959 000c 1546     		mov	r5, r2
 4960 000e 9946     		mov	r9, r3
1222:Middlewares/ST/STM32_WPAN/ble/core/auto/ble_gatt_aci.c ****   struct hci_request rq;
 4961              		.loc 1 1222 3 is_stmt 1 view .LVU1720
1223:Middlewares/ST/STM32_WPAN/ble/core/auto/ble_gatt_aci.c ****   uint8_t cmd_buffer[BLE_CMD_MAX_PARAM_LEN];
 4962              		.loc 1 1223 3 view .LVU1721
1224:Middlewares/ST/STM32_WPAN/ble/core/auto/ble_gatt_aci.c ****   aci_gatt_read_handle_value_cp0 *cp0 = (aci_gatt_read_handle_value_cp0*)(cmd_buffer);
 4963              		.loc 1 1224 3 view .LVU1722
 4964              	.LVL541:
1225:Middlewares/ST/STM32_WPAN/ble/core/auto/ble_gatt_aci.c ****   aci_gatt_read_handle_value_rp0 resp;
 4965              		.loc 1 1225 3 view .LVU1723
1226:Middlewares/ST/STM32_WPAN/ble/core/auto/ble_gatt_aci.c ****   Osal_MemSet( &resp, 0, sizeof(resp) );
 4966              		.loc 1 1226 3 view .LVU1724
 4967 0010 01AE     		add	r6, sp, #4
 4968 0012 FC22     		movs	r2, #252
 4969              	.LVL542:
 4970              		.loc 1 1226 3 is_stmt 0 view .LVU1725
 4971 0014 0021     		movs	r1, #0
 4972              	.LVL543:
 4973              		.loc 1 1226 3 view .LVU1726
 4974 0016 3046     		mov	r0, r6
 4975              	.LVL544:
 4976              		.loc 1 1226 3 view .LVU1727
 4977 0018 FFF7FEFF 		bl	Osal_MemSet
 4978              	.LVL545:
1227:Middlewares/ST/STM32_WPAN/ble/core/auto/ble_gatt_aci.c ****   int index_input = 0;
 4979              		.loc 1 1227 3 is_stmt 1 view .LVU1728
1228:Middlewares/ST/STM32_WPAN/ble/core/auto/ble_gatt_aci.c ****   cp0->Attr_Handle = Attr_Handle;
 4980              		.loc 1 1228 3 view .LVU1729
 4981              		.loc 1 1228 20 is_stmt 0 view .LVU1730
 4982 001c 40AC     		add	r4, sp, #256
 4983              	.LVL546:
 4984              		.loc 1 1228 20 view .LVU1731
 4985 001e ADF80081 		strh	r8, [sp, #256]	@ movhi
1229:Middlewares/ST/STM32_WPAN/ble/core/auto/ble_gatt_aci.c ****   index_input += 2;
 4986              		.loc 1 1229 3 is_stmt 1 view .LVU1732
 4987              	.LVL547:
1230:Middlewares/ST/STM32_WPAN/ble/core/auto/ble_gatt_aci.c ****   cp0->Offset = Offset;
 4988              		.loc 1 1230 3 view .LVU1733
 4989              		.loc 1 1230 15 is_stmt 0 view .LVU1734
 4990 0022 ADF80271 		strh	r7, [sp, #258]	@ movhi
1231:Middlewares/ST/STM32_WPAN/ble/core/auto/ble_gatt_aci.c ****   index_input += 2;
 4991              		.loc 1 1231 3 is_stmt 1 view .LVU1735
 4992              	.LVL548:
1232:Middlewares/ST/STM32_WPAN/ble/core/auto/ble_gatt_aci.c ****   cp0->Value_Length_Requested = Value_Length_Requested;
 4993              		.loc 1 1232 3 view .LVU1736
 4994              		.loc 1 1232 31 is_stmt 0 view .LVU1737
 4995 0026 ADF80451 		strh	r5, [sp, #260]	@ movhi
1233:Middlewares/ST/STM32_WPAN/ble/core/auto/ble_gatt_aci.c ****   index_input += 2;
ARM GAS  C:\Users\Nathan\AppData\Local\Temp\ccJAfMtd.s 			page 110


 4996              		.loc 1 1233 3 is_stmt 1 view .LVU1738
 4997              	.LVL549:
1234:Middlewares/ST/STM32_WPAN/ble/core/auto/ble_gatt_aci.c ****   Osal_MemSet( &rq, 0, sizeof(rq) );
 4998              		.loc 1 1234 3 view .LVU1739
 4999 002a 80AD     		add	r5, sp, #512
 5000              	.LVL550:
 5001              		.loc 1 1234 3 is_stmt 0 view .LVU1740
 5002 002c 1822     		movs	r2, #24
 5003 002e 0021     		movs	r1, #0
 5004 0030 2846     		mov	r0, r5
 5005 0032 FFF7FEFF 		bl	Osal_MemSet
 5006              	.LVL551:
1235:Middlewares/ST/STM32_WPAN/ble/core/auto/ble_gatt_aci.c ****   rq.ogf = 0x3f;
 5007              		.loc 1 1235 3 is_stmt 1 view .LVU1741
 5008              		.loc 1 1235 10 is_stmt 0 view .LVU1742
 5009 0036 3F23     		movs	r3, #63
 5010 0038 ADF80032 		strh	r3, [sp, #512]	@ movhi
1236:Middlewares/ST/STM32_WPAN/ble/core/auto/ble_gatt_aci.c ****   rq.ocf = 0x12a;
 5011              		.loc 1 1236 3 is_stmt 1 view .LVU1743
 5012              		.loc 1 1236 10 is_stmt 0 view .LVU1744
 5013 003c 4FF49573 		mov	r3, #298
 5014 0040 ADF80232 		strh	r3, [sp, #514]	@ movhi
1237:Middlewares/ST/STM32_WPAN/ble/core/auto/ble_gatt_aci.c ****   rq.cparam = cmd_buffer;
 5015              		.loc 1 1237 3 is_stmt 1 view .LVU1745
 5016              		.loc 1 1237 13 is_stmt 0 view .LVU1746
 5017 0044 8294     		str	r4, [sp, #520]
1238:Middlewares/ST/STM32_WPAN/ble/core/auto/ble_gatt_aci.c ****   rq.clen = index_input;
 5018              		.loc 1 1238 3 is_stmt 1 view .LVU1747
 5019              		.loc 1 1238 11 is_stmt 0 view .LVU1748
 5020 0046 0623     		movs	r3, #6
 5021 0048 8393     		str	r3, [sp, #524]
1239:Middlewares/ST/STM32_WPAN/ble/core/auto/ble_gatt_aci.c ****   rq.rparam = &resp;
 5022              		.loc 1 1239 3 is_stmt 1 view .LVU1749
 5023              		.loc 1 1239 13 is_stmt 0 view .LVU1750
 5024 004a 8496     		str	r6, [sp, #528]
1240:Middlewares/ST/STM32_WPAN/ble/core/auto/ble_gatt_aci.c ****   rq.rlen = sizeof(resp);
 5025              		.loc 1 1240 3 is_stmt 1 view .LVU1751
 5026              		.loc 1 1240 11 is_stmt 0 view .LVU1752
 5027 004c FC23     		movs	r3, #252
 5028 004e 8593     		str	r3, [sp, #532]
1241:Middlewares/ST/STM32_WPAN/ble/core/auto/ble_gatt_aci.c ****   if ( hci_send_req(&rq, FALSE) < 0 )
 5029              		.loc 1 1241 3 is_stmt 1 view .LVU1753
 5030              		.loc 1 1241 8 is_stmt 0 view .LVU1754
 5031 0050 0021     		movs	r1, #0
 5032 0052 2846     		mov	r0, r5
 5033 0054 FFF7FEFF 		bl	hci_send_req
 5034              	.LVL552:
 5035              		.loc 1 1241 6 discriminator 1 view .LVU1755
 5036 0058 0028     		cmp	r0, #0
 5037 005a 15DB     		blt	.L193
1242:Middlewares/ST/STM32_WPAN/ble/core/auto/ble_gatt_aci.c ****     return BLE_STATUS_TIMEOUT;
1243:Middlewares/ST/STM32_WPAN/ble/core/auto/ble_gatt_aci.c ****   if ( resp.Status )
 5038              		.loc 1 1243 3 is_stmt 1 view .LVU1756
 5039              		.loc 1 1243 12 is_stmt 0 view .LVU1757
 5040 005c 3478     		ldrb	r4, [r6]	@ zero_extendqisi2
 5041              	.LVL553:
 5042              		.loc 1 1243 6 view .LVU1758
ARM GAS  C:\Users\Nathan\AppData\Local\Temp\ccJAfMtd.s 			page 111


 5043 005e 24B1     		cbz	r4, .L195
 5044              	.L192:
1244:Middlewares/ST/STM32_WPAN/ble/core/auto/ble_gatt_aci.c ****     return resp.Status;
1245:Middlewares/ST/STM32_WPAN/ble/core/auto/ble_gatt_aci.c ****   *Length = resp.Length;
1246:Middlewares/ST/STM32_WPAN/ble/core/auto/ble_gatt_aci.c ****   *Value_Length = resp.Value_Length;
1247:Middlewares/ST/STM32_WPAN/ble/core/auto/ble_gatt_aci.c ****   Osal_MemCpy( (void*)Value, (const void*)resp.Value, *Value_Length);
1248:Middlewares/ST/STM32_WPAN/ble/core/auto/ble_gatt_aci.c ****   return BLE_STATUS_SUCCESS;
1249:Middlewares/ST/STM32_WPAN/ble/core/auto/ble_gatt_aci.c **** }
 5045              		.loc 1 1249 1 view .LVU1759
 5046 0060 2046     		mov	r0, r4
 5047 0062 0DF5077D 		add	sp, sp, #540
 5048              		.cfi_remember_state
 5049              		.cfi_def_cfa_offset 28
 5050              		@ sp needed
 5051 0066 BDE8F083 		pop	{r4, r5, r6, r7, r8, r9, pc}
 5052              	.LVL554:
 5053              	.L195:
 5054              		.cfi_restore_state
1245:Middlewares/ST/STM32_WPAN/ble/core/auto/ble_gatt_aci.c ****   *Value_Length = resp.Value_Length;
 5055              		.loc 1 1245 3 is_stmt 1 view .LVU1760
1245:Middlewares/ST/STM32_WPAN/ble/core/auto/ble_gatt_aci.c ****   *Value_Length = resp.Value_Length;
 5056              		.loc 1 1245 17 is_stmt 0 view .LVU1761
 5057 006a B6F80120 		ldrh	r2, [r6, #1]	@ unaligned
1245:Middlewares/ST/STM32_WPAN/ble/core/auto/ble_gatt_aci.c ****   *Value_Length = resp.Value_Length;
 5058              		.loc 1 1245 11 view .LVU1762
 5059 006e A9F80020 		strh	r2, [r9]	@ movhi
1246:Middlewares/ST/STM32_WPAN/ble/core/auto/ble_gatt_aci.c ****   Osal_MemCpy( (void*)Value, (const void*)resp.Value, *Value_Length);
 5060              		.loc 1 1246 3 is_stmt 1 view .LVU1763
1246:Middlewares/ST/STM32_WPAN/ble/core/auto/ble_gatt_aci.c ****   Osal_MemCpy( (void*)Value, (const void*)resp.Value, *Value_Length);
 5061              		.loc 1 1246 23 is_stmt 0 view .LVU1764
 5062 0072 B6F80320 		ldrh	r2, [r6, #3]	@ unaligned
1246:Middlewares/ST/STM32_WPAN/ble/core/auto/ble_gatt_aci.c ****   Osal_MemCpy( (void*)Value, (const void*)resp.Value, *Value_Length);
 5063              		.loc 1 1246 17 view .LVU1765
 5064 0076 8E9B     		ldr	r3, [sp, #568]
 5065 0078 1A80     		strh	r2, [r3]	@ movhi
1247:Middlewares/ST/STM32_WPAN/ble/core/auto/ble_gatt_aci.c ****   return BLE_STATUS_SUCCESS;
 5066              		.loc 1 1247 3 is_stmt 1 view .LVU1766
 5067 007a 92B2     		uxth	r2, r2
 5068 007c 0DF10901 		add	r1, sp, #9
 5069 0080 8F98     		ldr	r0, [sp, #572]
 5070 0082 FFF7FEFF 		bl	Osal_MemCpy
 5071              	.LVL555:
1248:Middlewares/ST/STM32_WPAN/ble/core/auto/ble_gatt_aci.c **** }
 5072              		.loc 1 1248 3 view .LVU1767
1248:Middlewares/ST/STM32_WPAN/ble/core/auto/ble_gatt_aci.c **** }
 5073              		.loc 1 1248 10 is_stmt 0 view .LVU1768
 5074 0086 EBE7     		b	.L192
 5075              	.LVL556:
 5076              	.L193:
1242:Middlewares/ST/STM32_WPAN/ble/core/auto/ble_gatt_aci.c ****   if ( resp.Status )
 5077              		.loc 1 1242 12 view .LVU1769
 5078 0088 FF24     		movs	r4, #255
 5079              	.LVL557:
1242:Middlewares/ST/STM32_WPAN/ble/core/auto/ble_gatt_aci.c ****   if ( resp.Status )
 5080              		.loc 1 1242 12 view .LVU1770
 5081 008a E9E7     		b	.L192
 5082              		.cfi_endproc
ARM GAS  C:\Users\Nathan\AppData\Local\Temp\ccJAfMtd.s 			page 112


 5083              	.LFE37:
 5085              		.section	.text.aci_gatt_update_char_value_ext,"ax",%progbits
 5086              		.align	1
 5087              		.global	aci_gatt_update_char_value_ext
 5088              		.syntax unified
 5089              		.thumb
 5090              		.thumb_func
 5092              	aci_gatt_update_char_value_ext:
 5093              	.LVL558:
 5094              	.LFB38:
1250:Middlewares/ST/STM32_WPAN/ble/core/auto/ble_gatt_aci.c **** 
1251:Middlewares/ST/STM32_WPAN/ble/core/auto/ble_gatt_aci.c **** tBleStatus aci_gatt_update_char_value_ext( uint16_t Conn_Handle_To_Notify,
1252:Middlewares/ST/STM32_WPAN/ble/core/auto/ble_gatt_aci.c ****                                            uint16_t Service_Handle,
1253:Middlewares/ST/STM32_WPAN/ble/core/auto/ble_gatt_aci.c ****                                            uint16_t Char_Handle,
1254:Middlewares/ST/STM32_WPAN/ble/core/auto/ble_gatt_aci.c ****                                            uint8_t Update_Type,
1255:Middlewares/ST/STM32_WPAN/ble/core/auto/ble_gatt_aci.c ****                                            uint16_t Char_Length,
1256:Middlewares/ST/STM32_WPAN/ble/core/auto/ble_gatt_aci.c ****                                            uint16_t Value_Offset,
1257:Middlewares/ST/STM32_WPAN/ble/core/auto/ble_gatt_aci.c ****                                            uint8_t Value_Length,
1258:Middlewares/ST/STM32_WPAN/ble/core/auto/ble_gatt_aci.c ****                                            const uint8_t* Value )
1259:Middlewares/ST/STM32_WPAN/ble/core/auto/ble_gatt_aci.c **** {
 5095              		.loc 1 1259 1 is_stmt 1 view -0
 5096              		.cfi_startproc
 5097              		@ args = 16, pretend = 0, frame = 288
 5098              		@ frame_needed = 0, uses_anonymous_args = 0
 5099              		.loc 1 1259 1 is_stmt 0 view .LVU1772
 5100 0000 2DE9F041 		push	{r4, r5, r6, r7, r8, lr}
 5101              		.cfi_def_cfa_offset 24
 5102              		.cfi_offset 4, -24
 5103              		.cfi_offset 5, -20
 5104              		.cfi_offset 6, -16
 5105              		.cfi_offset 7, -12
 5106              		.cfi_offset 8, -8
 5107              		.cfi_offset 14, -4
 5108 0004 C8B0     		sub	sp, sp, #288
 5109              		.cfi_def_cfa_offset 312
 5110 0006 9DF84051 		ldrb	r5, [sp, #320]	@ zero_extendqisi2
1260:Middlewares/ST/STM32_WPAN/ble/core/auto/ble_gatt_aci.c ****   struct hci_request rq;
 5111              		.loc 1 1260 3 is_stmt 1 view .LVU1773
1261:Middlewares/ST/STM32_WPAN/ble/core/auto/ble_gatt_aci.c ****   uint8_t cmd_buffer[BLE_CMD_MAX_PARAM_LEN];
 5112              		.loc 1 1261 3 view .LVU1774
1262:Middlewares/ST/STM32_WPAN/ble/core/auto/ble_gatt_aci.c ****   aci_gatt_update_char_value_ext_cp0 *cp0 = (aci_gatt_update_char_value_ext_cp0*)(cmd_buffer);
 5113              		.loc 1 1262 3 view .LVU1775
 5114              	.LVL559:
1263:Middlewares/ST/STM32_WPAN/ble/core/auto/ble_gatt_aci.c ****   tBleStatus status = 0;
 5115              		.loc 1 1263 3 view .LVU1776
 5116              		.loc 1 1263 14 is_stmt 0 view .LVU1777
 5117 000a 0DF10708 		add	r8, sp, #7
 5118 000e 0026     		movs	r6, #0
 5119 0010 8DF80760 		strb	r6, [sp, #7]
1264:Middlewares/ST/STM32_WPAN/ble/core/auto/ble_gatt_aci.c ****   int index_input = 0;
 5120              		.loc 1 1264 3 is_stmt 1 view .LVU1778
 5121              	.LVL560:
1265:Middlewares/ST/STM32_WPAN/ble/core/auto/ble_gatt_aci.c ****   cp0->Conn_Handle_To_Notify = Conn_Handle_To_Notify;
 5122              		.loc 1 1265 3 view .LVU1779
 5123              		.loc 1 1265 30 is_stmt 0 view .LVU1780
 5124 0014 02AC     		add	r4, sp, #8
 5125              	.LVL561:
ARM GAS  C:\Users\Nathan\AppData\Local\Temp\ccJAfMtd.s 			page 113


 5126              		.loc 1 1265 30 view .LVU1781
 5127 0016 ADF80800 		strh	r0, [sp, #8]	@ movhi
1266:Middlewares/ST/STM32_WPAN/ble/core/auto/ble_gatt_aci.c ****   index_input += 2;
 5128              		.loc 1 1266 3 is_stmt 1 view .LVU1782
 5129              	.LVL562:
1267:Middlewares/ST/STM32_WPAN/ble/core/auto/ble_gatt_aci.c ****   cp0->Service_Handle = Service_Handle;
 5130              		.loc 1 1267 3 view .LVU1783
 5131              		.loc 1 1267 23 is_stmt 0 view .LVU1784
 5132 001a ADF80A10 		strh	r1, [sp, #10]	@ movhi
1268:Middlewares/ST/STM32_WPAN/ble/core/auto/ble_gatt_aci.c ****   index_input += 2;
 5133              		.loc 1 1268 3 is_stmt 1 view .LVU1785
 5134              	.LVL563:
1269:Middlewares/ST/STM32_WPAN/ble/core/auto/ble_gatt_aci.c ****   cp0->Char_Handle = Char_Handle;
 5135              		.loc 1 1269 3 view .LVU1786
 5136              		.loc 1 1269 20 is_stmt 0 view .LVU1787
 5137 001e ADF80C20 		strh	r2, [sp, #12]	@ movhi
1270:Middlewares/ST/STM32_WPAN/ble/core/auto/ble_gatt_aci.c ****   index_input += 2;
 5138              		.loc 1 1270 3 is_stmt 1 view .LVU1788
 5139              	.LVL564:
1271:Middlewares/ST/STM32_WPAN/ble/core/auto/ble_gatt_aci.c ****   cp0->Update_Type = Update_Type;
 5140              		.loc 1 1271 3 view .LVU1789
 5141              		.loc 1 1271 20 is_stmt 0 view .LVU1790
 5142 0022 8DF80E30 		strb	r3, [sp, #14]
1272:Middlewares/ST/STM32_WPAN/ble/core/auto/ble_gatt_aci.c ****   index_input += 1;
 5143              		.loc 1 1272 3 is_stmt 1 view .LVU1791
 5144              	.LVL565:
1273:Middlewares/ST/STM32_WPAN/ble/core/auto/ble_gatt_aci.c ****   cp0->Char_Length = Char_Length;
 5145              		.loc 1 1273 3 view .LVU1792
 5146              		.loc 1 1273 20 is_stmt 0 view .LVU1793
 5147 0026 BDF83831 		ldrh	r3, [sp, #312]
 5148              	.LVL566:
 5149              		.loc 1 1273 20 view .LVU1794
 5150 002a ADF80F30 		strh	r3, [sp, #15]	@ unaligned
1274:Middlewares/ST/STM32_WPAN/ble/core/auto/ble_gatt_aci.c ****   index_input += 2;
 5151              		.loc 1 1274 3 is_stmt 1 view .LVU1795
 5152              	.LVL567:
1275:Middlewares/ST/STM32_WPAN/ble/core/auto/ble_gatt_aci.c ****   cp0->Value_Offset = Value_Offset;
 5153              		.loc 1 1275 3 view .LVU1796
 5154              		.loc 1 1275 21 is_stmt 0 view .LVU1797
 5155 002e BDF83C31 		ldrh	r3, [sp, #316]
 5156 0032 ADF81130 		strh	r3, [sp, #17]	@ unaligned
1276:Middlewares/ST/STM32_WPAN/ble/core/auto/ble_gatt_aci.c ****   index_input += 2;
 5157              		.loc 1 1276 3 is_stmt 1 view .LVU1798
 5158              	.LVL568:
1277:Middlewares/ST/STM32_WPAN/ble/core/auto/ble_gatt_aci.c ****   cp0->Value_Length = Value_Length;
 5159              		.loc 1 1277 3 view .LVU1799
 5160              		.loc 1 1277 21 is_stmt 0 view .LVU1800
 5161 0036 8DF81350 		strb	r5, [sp, #19]
1278:Middlewares/ST/STM32_WPAN/ble/core/auto/ble_gatt_aci.c ****   index_input += 1;
 5162              		.loc 1 1278 3 is_stmt 1 view .LVU1801
 5163              	.LVL569:
1279:Middlewares/ST/STM32_WPAN/ble/core/auto/ble_gatt_aci.c ****   Osal_MemCpy( (void*)&cp0->Value, (const void*)Value, Value_Length );
 5164              		.loc 1 1279 3 view .LVU1802
 5165 003a 2A46     		mov	r2, r5
 5166              	.LVL570:
 5167              		.loc 1 1279 3 is_stmt 0 view .LVU1803
 5168 003c 5199     		ldr	r1, [sp, #324]
ARM GAS  C:\Users\Nathan\AppData\Local\Temp\ccJAfMtd.s 			page 114


 5169              	.LVL571:
 5170              		.loc 1 1279 3 view .LVU1804
 5171 003e 05A8     		add	r0, sp, #20
 5172              	.LVL572:
 5173              		.loc 1 1279 3 view .LVU1805
 5174 0040 FFF7FEFF 		bl	Osal_MemCpy
 5175              	.LVL573:
1280:Middlewares/ST/STM32_WPAN/ble/core/auto/ble_gatt_aci.c ****   index_input += Value_Length;
 5176              		.loc 1 1280 3 is_stmt 1 view .LVU1806
 5177              		.loc 1 1280 15 is_stmt 0 view .LVU1807
 5178 0044 0C35     		adds	r5, r5, #12
 5179              	.LVL574:
1281:Middlewares/ST/STM32_WPAN/ble/core/auto/ble_gatt_aci.c ****   Osal_MemSet( &rq, 0, sizeof(rq) );
 5180              		.loc 1 1281 3 is_stmt 1 view .LVU1808
 5181 0046 42AF     		add	r7, sp, #264
 5182 0048 1822     		movs	r2, #24
 5183 004a 3146     		mov	r1, r6
 5184 004c 3846     		mov	r0, r7
 5185 004e FFF7FEFF 		bl	Osal_MemSet
 5186              	.LVL575:
1282:Middlewares/ST/STM32_WPAN/ble/core/auto/ble_gatt_aci.c ****   rq.ogf = 0x3f;
 5187              		.loc 1 1282 3 view .LVU1809
 5188              		.loc 1 1282 10 is_stmt 0 view .LVU1810
 5189 0052 3F23     		movs	r3, #63
 5190 0054 ADF80831 		strh	r3, [sp, #264]	@ movhi
1283:Middlewares/ST/STM32_WPAN/ble/core/auto/ble_gatt_aci.c ****   rq.ocf = 0x12c;
 5191              		.loc 1 1283 3 is_stmt 1 view .LVU1811
 5192              		.loc 1 1283 10 is_stmt 0 view .LVU1812
 5193 0058 4FF49673 		mov	r3, #300
 5194 005c ADF80A31 		strh	r3, [sp, #266]	@ movhi
1284:Middlewares/ST/STM32_WPAN/ble/core/auto/ble_gatt_aci.c ****   rq.cparam = cmd_buffer;
 5195              		.loc 1 1284 3 is_stmt 1 view .LVU1813
 5196              		.loc 1 1284 13 is_stmt 0 view .LVU1814
 5197 0060 4494     		str	r4, [sp, #272]
1285:Middlewares/ST/STM32_WPAN/ble/core/auto/ble_gatt_aci.c ****   rq.clen = index_input;
 5198              		.loc 1 1285 3 is_stmt 1 view .LVU1815
 5199              		.loc 1 1285 11 is_stmt 0 view .LVU1816
 5200 0062 4595     		str	r5, [sp, #276]
1286:Middlewares/ST/STM32_WPAN/ble/core/auto/ble_gatt_aci.c ****   rq.rparam = &status;
 5201              		.loc 1 1286 3 is_stmt 1 view .LVU1817
 5202              		.loc 1 1286 13 is_stmt 0 view .LVU1818
 5203 0064 CDF81881 		str	r8, [sp, #280]
1287:Middlewares/ST/STM32_WPAN/ble/core/auto/ble_gatt_aci.c ****   rq.rlen = 1;
 5204              		.loc 1 1287 3 is_stmt 1 view .LVU1819
 5205              		.loc 1 1287 11 is_stmt 0 view .LVU1820
 5206 0068 0123     		movs	r3, #1
 5207 006a 4793     		str	r3, [sp, #284]
1288:Middlewares/ST/STM32_WPAN/ble/core/auto/ble_gatt_aci.c ****   if ( hci_send_req(&rq, FALSE) < 0 )
 5208              		.loc 1 1288 3 is_stmt 1 view .LVU1821
 5209              		.loc 1 1288 8 is_stmt 0 view .LVU1822
 5210 006c 3146     		mov	r1, r6
 5211 006e 3846     		mov	r0, r7
 5212 0070 FFF7FEFF 		bl	hci_send_req
 5213              	.LVL576:
 5214              		.loc 1 1288 6 discriminator 1 view .LVU1823
 5215 0074 B042     		cmp	r0, r6
 5216 0076 04DB     		blt	.L198
ARM GAS  C:\Users\Nathan\AppData\Local\Temp\ccJAfMtd.s 			page 115


1289:Middlewares/ST/STM32_WPAN/ble/core/auto/ble_gatt_aci.c ****     return BLE_STATUS_TIMEOUT;
1290:Middlewares/ST/STM32_WPAN/ble/core/auto/ble_gatt_aci.c ****   return status;
 5217              		.loc 1 1290 3 is_stmt 1 view .LVU1824
 5218              		.loc 1 1290 10 is_stmt 0 view .LVU1825
 5219 0078 98F80000 		ldrb	r0, [r8]	@ zero_extendqisi2
 5220              	.L197:
1291:Middlewares/ST/STM32_WPAN/ble/core/auto/ble_gatt_aci.c **** }
 5221              		.loc 1 1291 1 view .LVU1826
 5222 007c 48B0     		add	sp, sp, #288
 5223              		.cfi_remember_state
 5224              		.cfi_def_cfa_offset 24
 5225              		@ sp needed
 5226 007e BDE8F081 		pop	{r4, r5, r6, r7, r8, pc}
 5227              	.LVL577:
 5228              	.L198:
 5229              		.cfi_restore_state
1289:Middlewares/ST/STM32_WPAN/ble/core/auto/ble_gatt_aci.c ****     return BLE_STATUS_TIMEOUT;
 5230              		.loc 1 1289 12 view .LVU1827
 5231 0082 FF20     		movs	r0, #255
 5232 0084 FAE7     		b	.L197
 5233              		.cfi_endproc
 5234              	.LFE38:
 5236              		.section	.text.aci_gatt_set_access_permission,"ax",%progbits
 5237              		.align	1
 5238              		.global	aci_gatt_set_access_permission
 5239              		.syntax unified
 5240              		.thumb
 5241              		.thumb_func
 5243              	aci_gatt_set_access_permission:
 5244              	.LVL578:
 5245              	.LFB39:
1292:Middlewares/ST/STM32_WPAN/ble/core/auto/ble_gatt_aci.c **** 
1293:Middlewares/ST/STM32_WPAN/ble/core/auto/ble_gatt_aci.c **** tBleStatus aci_gatt_set_access_permission( uint16_t Serv_Handle,
1294:Middlewares/ST/STM32_WPAN/ble/core/auto/ble_gatt_aci.c ****                                            uint16_t Attr_Handle,
1295:Middlewares/ST/STM32_WPAN/ble/core/auto/ble_gatt_aci.c ****                                            uint8_t Access_Permissions )
1296:Middlewares/ST/STM32_WPAN/ble/core/auto/ble_gatt_aci.c **** {
 5246              		.loc 1 1296 1 is_stmt 1 view -0
 5247              		.cfi_startproc
 5248              		@ args = 0, pretend = 0, frame = 288
 5249              		@ frame_needed = 0, uses_anonymous_args = 0
 5250              		.loc 1 1296 1 is_stmt 0 view .LVU1829
 5251 0000 F0B5     		push	{r4, r5, r6, r7, lr}
 5252              		.cfi_def_cfa_offset 20
 5253              		.cfi_offset 4, -20
 5254              		.cfi_offset 5, -16
 5255              		.cfi_offset 6, -12
 5256              		.cfi_offset 7, -8
 5257              		.cfi_offset 14, -4
 5258 0002 C9B0     		sub	sp, sp, #292
 5259              		.cfi_def_cfa_offset 312
1297:Middlewares/ST/STM32_WPAN/ble/core/auto/ble_gatt_aci.c ****   struct hci_request rq;
 5260              		.loc 1 1297 3 is_stmt 1 view .LVU1830
1298:Middlewares/ST/STM32_WPAN/ble/core/auto/ble_gatt_aci.c ****   uint8_t cmd_buffer[BLE_CMD_MAX_PARAM_LEN];
 5261              		.loc 1 1298 3 view .LVU1831
1299:Middlewares/ST/STM32_WPAN/ble/core/auto/ble_gatt_aci.c ****   aci_gatt_set_access_permission_cp0 *cp0 = (aci_gatt_set_access_permission_cp0*)(cmd_buffer);
 5262              		.loc 1 1299 3 view .LVU1832
 5263              	.LVL579:
ARM GAS  C:\Users\Nathan\AppData\Local\Temp\ccJAfMtd.s 			page 116


1300:Middlewares/ST/STM32_WPAN/ble/core/auto/ble_gatt_aci.c ****   tBleStatus status = 0;
 5264              		.loc 1 1300 3 view .LVU1833
 5265              		.loc 1 1300 14 is_stmt 0 view .LVU1834
 5266 0004 0DF10707 		add	r7, sp, #7
 5267 0008 0025     		movs	r5, #0
 5268 000a 8DF80750 		strb	r5, [sp, #7]
1301:Middlewares/ST/STM32_WPAN/ble/core/auto/ble_gatt_aci.c ****   int index_input = 0;
 5269              		.loc 1 1301 3 is_stmt 1 view .LVU1835
 5270              	.LVL580:
1302:Middlewares/ST/STM32_WPAN/ble/core/auto/ble_gatt_aci.c ****   cp0->Serv_Handle = Serv_Handle;
 5271              		.loc 1 1302 3 view .LVU1836
 5272              		.loc 1 1302 20 is_stmt 0 view .LVU1837
 5273 000e 02AC     		add	r4, sp, #8
 5274              	.LVL581:
 5275              		.loc 1 1302 20 view .LVU1838
 5276 0010 ADF80800 		strh	r0, [sp, #8]	@ movhi
1303:Middlewares/ST/STM32_WPAN/ble/core/auto/ble_gatt_aci.c ****   index_input += 2;
 5277              		.loc 1 1303 3 is_stmt 1 view .LVU1839
 5278              	.LVL582:
1304:Middlewares/ST/STM32_WPAN/ble/core/auto/ble_gatt_aci.c ****   cp0->Attr_Handle = Attr_Handle;
 5279              		.loc 1 1304 3 view .LVU1840
 5280              		.loc 1 1304 20 is_stmt 0 view .LVU1841
 5281 0014 ADF80A10 		strh	r1, [sp, #10]	@ movhi
1305:Middlewares/ST/STM32_WPAN/ble/core/auto/ble_gatt_aci.c ****   index_input += 2;
 5282              		.loc 1 1305 3 is_stmt 1 view .LVU1842
 5283              	.LVL583:
1306:Middlewares/ST/STM32_WPAN/ble/core/auto/ble_gatt_aci.c ****   cp0->Access_Permissions = Access_Permissions;
 5284              		.loc 1 1306 3 view .LVU1843
 5285              		.loc 1 1306 27 is_stmt 0 view .LVU1844
 5286 0018 8DF80C20 		strb	r2, [sp, #12]
1307:Middlewares/ST/STM32_WPAN/ble/core/auto/ble_gatt_aci.c ****   index_input += 1;
 5287              		.loc 1 1307 3 is_stmt 1 view .LVU1845
 5288              	.LVL584:
1308:Middlewares/ST/STM32_WPAN/ble/core/auto/ble_gatt_aci.c ****   Osal_MemSet( &rq, 0, sizeof(rq) );
 5289              		.loc 1 1308 3 view .LVU1846
 5290 001c 42AE     		add	r6, sp, #264
 5291 001e 1822     		movs	r2, #24
 5292              	.LVL585:
 5293              		.loc 1 1308 3 is_stmt 0 view .LVU1847
 5294 0020 2946     		mov	r1, r5
 5295              	.LVL586:
 5296              		.loc 1 1308 3 view .LVU1848
 5297 0022 3046     		mov	r0, r6
 5298              	.LVL587:
 5299              		.loc 1 1308 3 view .LVU1849
 5300 0024 FFF7FEFF 		bl	Osal_MemSet
 5301              	.LVL588:
1309:Middlewares/ST/STM32_WPAN/ble/core/auto/ble_gatt_aci.c ****   rq.ogf = 0x3f;
 5302              		.loc 1 1309 3 is_stmt 1 view .LVU1850
 5303              		.loc 1 1309 10 is_stmt 0 view .LVU1851
 5304 0028 3F23     		movs	r3, #63
 5305 002a ADF80831 		strh	r3, [sp, #264]	@ movhi
1310:Middlewares/ST/STM32_WPAN/ble/core/auto/ble_gatt_aci.c ****   rq.ocf = 0x12e;
 5306              		.loc 1 1310 3 is_stmt 1 view .LVU1852
 5307              		.loc 1 1310 10 is_stmt 0 view .LVU1853
 5308 002e 4FF49773 		mov	r3, #302
 5309 0032 ADF80A31 		strh	r3, [sp, #266]	@ movhi
ARM GAS  C:\Users\Nathan\AppData\Local\Temp\ccJAfMtd.s 			page 117


1311:Middlewares/ST/STM32_WPAN/ble/core/auto/ble_gatt_aci.c ****   rq.cparam = cmd_buffer;
 5310              		.loc 1 1311 3 is_stmt 1 view .LVU1854
 5311              		.loc 1 1311 13 is_stmt 0 view .LVU1855
 5312 0036 4494     		str	r4, [sp, #272]
1312:Middlewares/ST/STM32_WPAN/ble/core/auto/ble_gatt_aci.c ****   rq.clen = index_input;
 5313              		.loc 1 1312 3 is_stmt 1 view .LVU1856
 5314              		.loc 1 1312 11 is_stmt 0 view .LVU1857
 5315 0038 0523     		movs	r3, #5
 5316 003a 4593     		str	r3, [sp, #276]
1313:Middlewares/ST/STM32_WPAN/ble/core/auto/ble_gatt_aci.c ****   rq.rparam = &status;
 5317              		.loc 1 1313 3 is_stmt 1 view .LVU1858
 5318              		.loc 1 1313 13 is_stmt 0 view .LVU1859
 5319 003c 4697     		str	r7, [sp, #280]
1314:Middlewares/ST/STM32_WPAN/ble/core/auto/ble_gatt_aci.c ****   rq.rlen = 1;
 5320              		.loc 1 1314 3 is_stmt 1 view .LVU1860
 5321              		.loc 1 1314 11 is_stmt 0 view .LVU1861
 5322 003e 0123     		movs	r3, #1
 5323 0040 4793     		str	r3, [sp, #284]
1315:Middlewares/ST/STM32_WPAN/ble/core/auto/ble_gatt_aci.c ****   if ( hci_send_req(&rq, FALSE) < 0 )
 5324              		.loc 1 1315 3 is_stmt 1 view .LVU1862
 5325              		.loc 1 1315 8 is_stmt 0 view .LVU1863
 5326 0042 2946     		mov	r1, r5
 5327 0044 3046     		mov	r0, r6
 5328 0046 FFF7FEFF 		bl	hci_send_req
 5329              	.LVL589:
 5330              		.loc 1 1315 6 discriminator 1 view .LVU1864
 5331 004a A842     		cmp	r0, r5
 5332 004c 02DB     		blt	.L202
1316:Middlewares/ST/STM32_WPAN/ble/core/auto/ble_gatt_aci.c ****     return BLE_STATUS_TIMEOUT;
1317:Middlewares/ST/STM32_WPAN/ble/core/auto/ble_gatt_aci.c ****   return status;
 5333              		.loc 1 1317 3 is_stmt 1 view .LVU1865
 5334              		.loc 1 1317 10 is_stmt 0 view .LVU1866
 5335 004e 3878     		ldrb	r0, [r7]	@ zero_extendqisi2
 5336              	.L201:
1318:Middlewares/ST/STM32_WPAN/ble/core/auto/ble_gatt_aci.c **** }
 5337              		.loc 1 1318 1 view .LVU1867
 5338 0050 49B0     		add	sp, sp, #292
 5339              		.cfi_remember_state
 5340              		.cfi_def_cfa_offset 20
 5341              		@ sp needed
 5342 0052 F0BD     		pop	{r4, r5, r6, r7, pc}
 5343              	.LVL590:
 5344              	.L202:
 5345              		.cfi_restore_state
1316:Middlewares/ST/STM32_WPAN/ble/core/auto/ble_gatt_aci.c ****     return BLE_STATUS_TIMEOUT;
 5346              		.loc 1 1316 12 view .LVU1868
 5347 0054 FF20     		movs	r0, #255
 5348 0056 FBE7     		b	.L201
 5349              		.cfi_endproc
 5350              	.LFE39:
 5352              		.section	.text.aci_gatt_store_db,"ax",%progbits
 5353              		.align	1
 5354              		.global	aci_gatt_store_db
 5355              		.syntax unified
 5356              		.thumb
 5357              		.thumb_func
 5359              	aci_gatt_store_db:
ARM GAS  C:\Users\Nathan\AppData\Local\Temp\ccJAfMtd.s 			page 118


 5360              	.LFB40:
1319:Middlewares/ST/STM32_WPAN/ble/core/auto/ble_gatt_aci.c **** 
1320:Middlewares/ST/STM32_WPAN/ble/core/auto/ble_gatt_aci.c **** tBleStatus aci_gatt_store_db( void )
1321:Middlewares/ST/STM32_WPAN/ble/core/auto/ble_gatt_aci.c **** {
 5361              		.loc 1 1321 1 is_stmt 1 view -0
 5362              		.cfi_startproc
 5363              		@ args = 0, pretend = 0, frame = 32
 5364              		@ frame_needed = 0, uses_anonymous_args = 0
 5365 0000 30B5     		push	{r4, r5, lr}
 5366              		.cfi_def_cfa_offset 12
 5367              		.cfi_offset 4, -12
 5368              		.cfi_offset 5, -8
 5369              		.cfi_offset 14, -4
 5370 0002 89B0     		sub	sp, sp, #36
 5371              		.cfi_def_cfa_offset 48
1322:Middlewares/ST/STM32_WPAN/ble/core/auto/ble_gatt_aci.c ****   struct hci_request rq;
 5372              		.loc 1 1322 3 view .LVU1870
1323:Middlewares/ST/STM32_WPAN/ble/core/auto/ble_gatt_aci.c ****   tBleStatus status = 0;
 5373              		.loc 1 1323 3 view .LVU1871
 5374              		.loc 1 1323 14 is_stmt 0 view .LVU1872
 5375 0004 0024     		movs	r4, #0
 5376 0006 8DF80740 		strb	r4, [sp, #7]
1324:Middlewares/ST/STM32_WPAN/ble/core/auto/ble_gatt_aci.c ****   Osal_MemSet( &rq, 0, sizeof(rq) );
 5377              		.loc 1 1324 3 is_stmt 1 view .LVU1873
 5378 000a 02AD     		add	r5, sp, #8
 5379 000c 1822     		movs	r2, #24
 5380 000e 2146     		mov	r1, r4
 5381 0010 2846     		mov	r0, r5
 5382 0012 FFF7FEFF 		bl	Osal_MemSet
 5383              	.LVL591:
1325:Middlewares/ST/STM32_WPAN/ble/core/auto/ble_gatt_aci.c ****   rq.ogf = 0x3f;
 5384              		.loc 1 1325 3 view .LVU1874
 5385              		.loc 1 1325 10 is_stmt 0 view .LVU1875
 5386 0016 3F23     		movs	r3, #63
 5387 0018 ADF80830 		strh	r3, [sp, #8]	@ movhi
1326:Middlewares/ST/STM32_WPAN/ble/core/auto/ble_gatt_aci.c ****   rq.ocf = 0x130;
 5388              		.loc 1 1326 3 is_stmt 1 view .LVU1876
 5389              		.loc 1 1326 10 is_stmt 0 view .LVU1877
 5390 001c 4FF49873 		mov	r3, #304
 5391 0020 ADF80A30 		strh	r3, [sp, #10]	@ movhi
1327:Middlewares/ST/STM32_WPAN/ble/core/auto/ble_gatt_aci.c ****   rq.rparam = &status;
 5392              		.loc 1 1327 3 is_stmt 1 view .LVU1878
 5393              		.loc 1 1327 13 is_stmt 0 view .LVU1879
 5394 0024 0DF10703 		add	r3, sp, #7
 5395 0028 0693     		str	r3, [sp, #24]
1328:Middlewares/ST/STM32_WPAN/ble/core/auto/ble_gatt_aci.c ****   rq.rlen = 1;
 5396              		.loc 1 1328 3 is_stmt 1 view .LVU1880
 5397              		.loc 1 1328 11 is_stmt 0 view .LVU1881
 5398 002a 0123     		movs	r3, #1
 5399 002c 0793     		str	r3, [sp, #28]
1329:Middlewares/ST/STM32_WPAN/ble/core/auto/ble_gatt_aci.c ****   if ( hci_send_req(&rq, FALSE) < 0 )
 5400              		.loc 1 1329 3 is_stmt 1 view .LVU1882
 5401              		.loc 1 1329 8 is_stmt 0 view .LVU1883
 5402 002e 2146     		mov	r1, r4
 5403 0030 2846     		mov	r0, r5
 5404 0032 FFF7FEFF 		bl	hci_send_req
 5405              	.LVL592:
ARM GAS  C:\Users\Nathan\AppData\Local\Temp\ccJAfMtd.s 			page 119


 5406              		.loc 1 1329 6 discriminator 1 view .LVU1884
 5407 0036 A042     		cmp	r0, r4
 5408 0038 03DB     		blt	.L206
1330:Middlewares/ST/STM32_WPAN/ble/core/auto/ble_gatt_aci.c ****     return BLE_STATUS_TIMEOUT;
1331:Middlewares/ST/STM32_WPAN/ble/core/auto/ble_gatt_aci.c ****   return status;
 5409              		.loc 1 1331 3 is_stmt 1 view .LVU1885
 5410              		.loc 1 1331 10 is_stmt 0 view .LVU1886
 5411 003a 9DF80700 		ldrb	r0, [sp, #7]	@ zero_extendqisi2
 5412              	.L205:
1332:Middlewares/ST/STM32_WPAN/ble/core/auto/ble_gatt_aci.c **** }
 5413              		.loc 1 1332 1 view .LVU1887
 5414 003e 09B0     		add	sp, sp, #36
 5415              		.cfi_remember_state
 5416              		.cfi_def_cfa_offset 12
 5417              		@ sp needed
 5418 0040 30BD     		pop	{r4, r5, pc}
 5419              	.L206:
 5420              		.cfi_restore_state
1330:Middlewares/ST/STM32_WPAN/ble/core/auto/ble_gatt_aci.c ****     return BLE_STATUS_TIMEOUT;
 5421              		.loc 1 1330 12 view .LVU1888
 5422 0042 FF20     		movs	r0, #255
 5423 0044 FBE7     		b	.L205
 5424              		.cfi_endproc
 5425              	.LFE40:
 5427              		.section	.text.aci_gatt_send_mult_notification,"ax",%progbits
 5428              		.align	1
 5429              		.global	aci_gatt_send_mult_notification
 5430              		.syntax unified
 5431              		.thumb
 5432              		.thumb_func
 5434              	aci_gatt_send_mult_notification:
 5435              	.LVL593:
 5436              	.LFB41:
1333:Middlewares/ST/STM32_WPAN/ble/core/auto/ble_gatt_aci.c **** 
1334:Middlewares/ST/STM32_WPAN/ble/core/auto/ble_gatt_aci.c **** tBleStatus aci_gatt_send_mult_notification( uint16_t Connection_Handle,
1335:Middlewares/ST/STM32_WPAN/ble/core/auto/ble_gatt_aci.c ****                                             uint8_t Number_of_Handles,
1336:Middlewares/ST/STM32_WPAN/ble/core/auto/ble_gatt_aci.c ****                                             const Handle_Entry_t* Handle_Entry )
1337:Middlewares/ST/STM32_WPAN/ble/core/auto/ble_gatt_aci.c **** {
 5437              		.loc 1 1337 1 is_stmt 1 view -0
 5438              		.cfi_startproc
 5439              		@ args = 0, pretend = 0, frame = 288
 5440              		@ frame_needed = 0, uses_anonymous_args = 0
 5441              		.loc 1 1337 1 is_stmt 0 view .LVU1890
 5442 0000 2DE9F041 		push	{r4, r5, r6, r7, r8, lr}
 5443              		.cfi_def_cfa_offset 24
 5444              		.cfi_offset 4, -24
 5445              		.cfi_offset 5, -20
 5446              		.cfi_offset 6, -16
 5447              		.cfi_offset 7, -12
 5448              		.cfi_offset 8, -8
 5449              		.cfi_offset 14, -4
 5450 0004 C8B0     		sub	sp, sp, #288
 5451              		.cfi_def_cfa_offset 312
 5452 0006 0C46     		mov	r4, r1
 5453 0008 1146     		mov	r1, r2
 5454              	.LVL594:
1338:Middlewares/ST/STM32_WPAN/ble/core/auto/ble_gatt_aci.c ****   struct hci_request rq;
ARM GAS  C:\Users\Nathan\AppData\Local\Temp\ccJAfMtd.s 			page 120


 5455              		.loc 1 1338 3 is_stmt 1 view .LVU1891
1339:Middlewares/ST/STM32_WPAN/ble/core/auto/ble_gatt_aci.c ****   uint8_t cmd_buffer[BLE_CMD_MAX_PARAM_LEN];
 5456              		.loc 1 1339 3 view .LVU1892
1340:Middlewares/ST/STM32_WPAN/ble/core/auto/ble_gatt_aci.c ****   aci_gatt_send_mult_notification_cp0 *cp0 = (aci_gatt_send_mult_notification_cp0*)(cmd_buffer);
 5457              		.loc 1 1340 3 view .LVU1893
1341:Middlewares/ST/STM32_WPAN/ble/core/auto/ble_gatt_aci.c ****   tBleStatus status = 0;
 5458              		.loc 1 1341 3 view .LVU1894
 5459              		.loc 1 1341 14 is_stmt 0 view .LVU1895
 5460 000a 0DF10708 		add	r8, sp, #7
 5461 000e 0025     		movs	r5, #0
 5462 0010 8DF80750 		strb	r5, [sp, #7]
1342:Middlewares/ST/STM32_WPAN/ble/core/auto/ble_gatt_aci.c ****   int index_input = 0;
 5463              		.loc 1 1342 3 is_stmt 1 view .LVU1896
 5464              	.LVL595:
1343:Middlewares/ST/STM32_WPAN/ble/core/auto/ble_gatt_aci.c ****   cp0->Connection_Handle = Connection_Handle;
 5465              		.loc 1 1343 3 view .LVU1897
 5466              		.loc 1 1343 26 is_stmt 0 view .LVU1898
 5467 0014 02AE     		add	r6, sp, #8
 5468              	.LVL596:
 5469              		.loc 1 1343 26 view .LVU1899
 5470 0016 ADF80800 		strh	r0, [sp, #8]	@ movhi
1344:Middlewares/ST/STM32_WPAN/ble/core/auto/ble_gatt_aci.c ****   index_input += 2;
 5471              		.loc 1 1344 3 is_stmt 1 view .LVU1900
 5472              	.LVL597:
1345:Middlewares/ST/STM32_WPAN/ble/core/auto/ble_gatt_aci.c ****   cp0->Number_of_Handles = Number_of_Handles;
 5473              		.loc 1 1345 3 view .LVU1901
 5474              		.loc 1 1345 26 is_stmt 0 view .LVU1902
 5475 001a 8DF80A40 		strb	r4, [sp, #10]
1346:Middlewares/ST/STM32_WPAN/ble/core/auto/ble_gatt_aci.c ****   index_input += 1;
 5476              		.loc 1 1346 3 is_stmt 1 view .LVU1903
 5477              	.LVL598:
1347:Middlewares/ST/STM32_WPAN/ble/core/auto/ble_gatt_aci.c ****   Osal_MemCpy( (void*)&cp0->Handle_Entry, (const void*)Handle_Entry, Number_of_Handles * (sizeof(Ha
 5478              		.loc 1 1347 3 view .LVU1904
 5479 001e 6400     		lsls	r4, r4, #1
 5480              	.LVL599:
 5481              		.loc 1 1347 3 is_stmt 0 view .LVU1905
 5482 0020 2246     		mov	r2, r4
 5483              	.LVL600:
 5484              		.loc 1 1347 3 view .LVU1906
 5485 0022 0DF10B00 		add	r0, sp, #11
 5486              	.LVL601:
 5487              		.loc 1 1347 3 view .LVU1907
 5488 0026 FFF7FEFF 		bl	Osal_MemCpy
 5489              	.LVL602:
1348:Middlewares/ST/STM32_WPAN/ble/core/auto/ble_gatt_aci.c ****   index_input += Number_of_Handles * (sizeof(Handle_Entry_t));
 5490              		.loc 1 1348 3 is_stmt 1 view .LVU1908
 5491              		.loc 1 1348 15 is_stmt 0 view .LVU1909
 5492 002a 0334     		adds	r4, r4, #3
 5493              	.LVL603:
1349:Middlewares/ST/STM32_WPAN/ble/core/auto/ble_gatt_aci.c ****   Osal_MemSet( &rq, 0, sizeof(rq) );
 5494              		.loc 1 1349 3 is_stmt 1 view .LVU1910
 5495 002c 42AF     		add	r7, sp, #264
 5496 002e 1822     		movs	r2, #24
 5497 0030 2946     		mov	r1, r5
 5498 0032 3846     		mov	r0, r7
 5499 0034 FFF7FEFF 		bl	Osal_MemSet
 5500              	.LVL604:
ARM GAS  C:\Users\Nathan\AppData\Local\Temp\ccJAfMtd.s 			page 121


1350:Middlewares/ST/STM32_WPAN/ble/core/auto/ble_gatt_aci.c ****   rq.ogf = 0x3f;
 5501              		.loc 1 1350 3 view .LVU1911
 5502              		.loc 1 1350 10 is_stmt 0 view .LVU1912
 5503 0038 3F23     		movs	r3, #63
 5504 003a ADF80831 		strh	r3, [sp, #264]	@ movhi
1351:Middlewares/ST/STM32_WPAN/ble/core/auto/ble_gatt_aci.c ****   rq.ocf = 0x131;
 5505              		.loc 1 1351 3 is_stmt 1 view .LVU1913
 5506              		.loc 1 1351 10 is_stmt 0 view .LVU1914
 5507 003e 40F23113 		movw	r3, #305
 5508 0042 ADF80A31 		strh	r3, [sp, #266]	@ movhi
1352:Middlewares/ST/STM32_WPAN/ble/core/auto/ble_gatt_aci.c ****   rq.cparam = cmd_buffer;
 5509              		.loc 1 1352 3 is_stmt 1 view .LVU1915
 5510              		.loc 1 1352 13 is_stmt 0 view .LVU1916
 5511 0046 4496     		str	r6, [sp, #272]
1353:Middlewares/ST/STM32_WPAN/ble/core/auto/ble_gatt_aci.c ****   rq.clen = index_input;
 5512              		.loc 1 1353 3 is_stmt 1 view .LVU1917
 5513              		.loc 1 1353 11 is_stmt 0 view .LVU1918
 5514 0048 4594     		str	r4, [sp, #276]
1354:Middlewares/ST/STM32_WPAN/ble/core/auto/ble_gatt_aci.c ****   rq.rparam = &status;
 5515              		.loc 1 1354 3 is_stmt 1 view .LVU1919
 5516              		.loc 1 1354 13 is_stmt 0 view .LVU1920
 5517 004a CDF81881 		str	r8, [sp, #280]
1355:Middlewares/ST/STM32_WPAN/ble/core/auto/ble_gatt_aci.c ****   rq.rlen = 1;
 5518              		.loc 1 1355 3 is_stmt 1 view .LVU1921
 5519              		.loc 1 1355 11 is_stmt 0 view .LVU1922
 5520 004e 0123     		movs	r3, #1
 5521 0050 4793     		str	r3, [sp, #284]
1356:Middlewares/ST/STM32_WPAN/ble/core/auto/ble_gatt_aci.c ****   if ( hci_send_req(&rq, FALSE) < 0 )
 5522              		.loc 1 1356 3 is_stmt 1 view .LVU1923
 5523              		.loc 1 1356 8 is_stmt 0 view .LVU1924
 5524 0052 2946     		mov	r1, r5
 5525 0054 3846     		mov	r0, r7
 5526 0056 FFF7FEFF 		bl	hci_send_req
 5527              	.LVL605:
 5528              		.loc 1 1356 6 discriminator 1 view .LVU1925
 5529 005a A842     		cmp	r0, r5
 5530 005c 04DB     		blt	.L210
1357:Middlewares/ST/STM32_WPAN/ble/core/auto/ble_gatt_aci.c ****     return BLE_STATUS_TIMEOUT;
1358:Middlewares/ST/STM32_WPAN/ble/core/auto/ble_gatt_aci.c ****   return status;
 5531              		.loc 1 1358 3 is_stmt 1 view .LVU1926
 5532              		.loc 1 1358 10 is_stmt 0 view .LVU1927
 5533 005e 98F80000 		ldrb	r0, [r8]	@ zero_extendqisi2
 5534              	.L209:
1359:Middlewares/ST/STM32_WPAN/ble/core/auto/ble_gatt_aci.c **** }
 5535              		.loc 1 1359 1 view .LVU1928
 5536 0062 48B0     		add	sp, sp, #288
 5537              		.cfi_remember_state
 5538              		.cfi_def_cfa_offset 24
 5539              		@ sp needed
 5540 0064 BDE8F081 		pop	{r4, r5, r6, r7, r8, pc}
 5541              	.LVL606:
 5542              	.L210:
 5543              		.cfi_restore_state
1357:Middlewares/ST/STM32_WPAN/ble/core/auto/ble_gatt_aci.c ****     return BLE_STATUS_TIMEOUT;
 5544              		.loc 1 1357 12 view .LVU1929
 5545 0068 FF20     		movs	r0, #255
 5546 006a FAE7     		b	.L209
ARM GAS  C:\Users\Nathan\AppData\Local\Temp\ccJAfMtd.s 			page 122


 5547              		.cfi_endproc
 5548              	.LFE41:
 5550              		.section	.text.aci_gatt_read_multiple_var_char_value,"ax",%progbits
 5551              		.align	1
 5552              		.global	aci_gatt_read_multiple_var_char_value
 5553              		.syntax unified
 5554              		.thumb
 5555              		.thumb_func
 5557              	aci_gatt_read_multiple_var_char_value:
 5558              	.LVL607:
 5559              	.LFB42:
1360:Middlewares/ST/STM32_WPAN/ble/core/auto/ble_gatt_aci.c **** 
1361:Middlewares/ST/STM32_WPAN/ble/core/auto/ble_gatt_aci.c **** tBleStatus aci_gatt_read_multiple_var_char_value( uint16_t Connection_Handle,
1362:Middlewares/ST/STM32_WPAN/ble/core/auto/ble_gatt_aci.c ****                                                   uint8_t Number_of_Handles,
1363:Middlewares/ST/STM32_WPAN/ble/core/auto/ble_gatt_aci.c ****                                                   const Handle_Entry_t* Handle_Entry )
1364:Middlewares/ST/STM32_WPAN/ble/core/auto/ble_gatt_aci.c **** {
 5560              		.loc 1 1364 1 is_stmt 1 view -0
 5561              		.cfi_startproc
 5562              		@ args = 0, pretend = 0, frame = 288
 5563              		@ frame_needed = 0, uses_anonymous_args = 0
 5564              		.loc 1 1364 1 is_stmt 0 view .LVU1931
 5565 0000 2DE9F041 		push	{r4, r5, r6, r7, r8, lr}
 5566              		.cfi_def_cfa_offset 24
 5567              		.cfi_offset 4, -24
 5568              		.cfi_offset 5, -20
 5569              		.cfi_offset 6, -16
 5570              		.cfi_offset 7, -12
 5571              		.cfi_offset 8, -8
 5572              		.cfi_offset 14, -4
 5573 0004 C8B0     		sub	sp, sp, #288
 5574              		.cfi_def_cfa_offset 312
 5575 0006 0C46     		mov	r4, r1
 5576 0008 1146     		mov	r1, r2
 5577              	.LVL608:
1365:Middlewares/ST/STM32_WPAN/ble/core/auto/ble_gatt_aci.c ****   struct hci_request rq;
 5578              		.loc 1 1365 3 is_stmt 1 view .LVU1932
1366:Middlewares/ST/STM32_WPAN/ble/core/auto/ble_gatt_aci.c ****   uint8_t cmd_buffer[BLE_CMD_MAX_PARAM_LEN];
 5579              		.loc 1 1366 3 view .LVU1933
1367:Middlewares/ST/STM32_WPAN/ble/core/auto/ble_gatt_aci.c ****   aci_gatt_read_multiple_var_char_value_cp0 *cp0 = (aci_gatt_read_multiple_var_char_value_cp0*)(cmd
 5580              		.loc 1 1367 3 view .LVU1934
1368:Middlewares/ST/STM32_WPAN/ble/core/auto/ble_gatt_aci.c ****   tBleStatus status = 0;
 5581              		.loc 1 1368 3 view .LVU1935
 5582              		.loc 1 1368 14 is_stmt 0 view .LVU1936
 5583 000a 0DF10708 		add	r8, sp, #7
 5584 000e 0025     		movs	r5, #0
 5585 0010 8DF80750 		strb	r5, [sp, #7]
1369:Middlewares/ST/STM32_WPAN/ble/core/auto/ble_gatt_aci.c ****   int index_input = 0;
 5586              		.loc 1 1369 3 is_stmt 1 view .LVU1937
 5587              	.LVL609:
1370:Middlewares/ST/STM32_WPAN/ble/core/auto/ble_gatt_aci.c ****   cp0->Connection_Handle = Connection_Handle;
 5588              		.loc 1 1370 3 view .LVU1938
 5589              		.loc 1 1370 26 is_stmt 0 view .LVU1939
 5590 0014 02AE     		add	r6, sp, #8
 5591              	.LVL610:
 5592              		.loc 1 1370 26 view .LVU1940
 5593 0016 ADF80800 		strh	r0, [sp, #8]	@ movhi
1371:Middlewares/ST/STM32_WPAN/ble/core/auto/ble_gatt_aci.c ****   index_input += 2;
ARM GAS  C:\Users\Nathan\AppData\Local\Temp\ccJAfMtd.s 			page 123


 5594              		.loc 1 1371 3 is_stmt 1 view .LVU1941
 5595              	.LVL611:
1372:Middlewares/ST/STM32_WPAN/ble/core/auto/ble_gatt_aci.c ****   cp0->Number_of_Handles = Number_of_Handles;
 5596              		.loc 1 1372 3 view .LVU1942
 5597              		.loc 1 1372 26 is_stmt 0 view .LVU1943
 5598 001a 8DF80A40 		strb	r4, [sp, #10]
1373:Middlewares/ST/STM32_WPAN/ble/core/auto/ble_gatt_aci.c ****   index_input += 1;
 5599              		.loc 1 1373 3 is_stmt 1 view .LVU1944
 5600              	.LVL612:
1374:Middlewares/ST/STM32_WPAN/ble/core/auto/ble_gatt_aci.c ****   Osal_MemCpy( (void*)&cp0->Handle_Entry, (const void*)Handle_Entry, Number_of_Handles * (sizeof(Ha
 5601              		.loc 1 1374 3 view .LVU1945
 5602 001e 6400     		lsls	r4, r4, #1
 5603              	.LVL613:
 5604              		.loc 1 1374 3 is_stmt 0 view .LVU1946
 5605 0020 2246     		mov	r2, r4
 5606              	.LVL614:
 5607              		.loc 1 1374 3 view .LVU1947
 5608 0022 0DF10B00 		add	r0, sp, #11
 5609              	.LVL615:
 5610              		.loc 1 1374 3 view .LVU1948
 5611 0026 FFF7FEFF 		bl	Osal_MemCpy
 5612              	.LVL616:
1375:Middlewares/ST/STM32_WPAN/ble/core/auto/ble_gatt_aci.c ****   index_input += Number_of_Handles * (sizeof(Handle_Entry_t));
 5613              		.loc 1 1375 3 is_stmt 1 view .LVU1949
 5614              		.loc 1 1375 15 is_stmt 0 view .LVU1950
 5615 002a 0334     		adds	r4, r4, #3
 5616              	.LVL617:
1376:Middlewares/ST/STM32_WPAN/ble/core/auto/ble_gatt_aci.c ****   Osal_MemSet( &rq, 0, sizeof(rq) );
 5617              		.loc 1 1376 3 is_stmt 1 view .LVU1951
 5618 002c 42AF     		add	r7, sp, #264
 5619 002e 1822     		movs	r2, #24
 5620 0030 2946     		mov	r1, r5
 5621 0032 3846     		mov	r0, r7
 5622 0034 FFF7FEFF 		bl	Osal_MemSet
 5623              	.LVL618:
1377:Middlewares/ST/STM32_WPAN/ble/core/auto/ble_gatt_aci.c ****   rq.ogf = 0x3f;
 5624              		.loc 1 1377 3 view .LVU1952
 5625              		.loc 1 1377 10 is_stmt 0 view .LVU1953
 5626 0038 3F23     		movs	r3, #63
 5627 003a ADF80831 		strh	r3, [sp, #264]	@ movhi
1378:Middlewares/ST/STM32_WPAN/ble/core/auto/ble_gatt_aci.c ****   rq.ocf = 0x132;
 5628              		.loc 1 1378 3 is_stmt 1 view .LVU1954
 5629              		.loc 1 1378 10 is_stmt 0 view .LVU1955
 5630 003e 4FF49973 		mov	r3, #306
 5631 0042 ADF80A31 		strh	r3, [sp, #266]	@ movhi
1379:Middlewares/ST/STM32_WPAN/ble/core/auto/ble_gatt_aci.c ****   rq.event = 0x0F;
 5632              		.loc 1 1379 3 is_stmt 1 view .LVU1956
 5633              		.loc 1 1379 12 is_stmt 0 view .LVU1957
 5634 0046 0F23     		movs	r3, #15
 5635 0048 4393     		str	r3, [sp, #268]
1380:Middlewares/ST/STM32_WPAN/ble/core/auto/ble_gatt_aci.c ****   rq.cparam = cmd_buffer;
 5636              		.loc 1 1380 3 is_stmt 1 view .LVU1958
 5637              		.loc 1 1380 13 is_stmt 0 view .LVU1959
 5638 004a 4496     		str	r6, [sp, #272]
1381:Middlewares/ST/STM32_WPAN/ble/core/auto/ble_gatt_aci.c ****   rq.clen = index_input;
 5639              		.loc 1 1381 3 is_stmt 1 view .LVU1960
 5640              		.loc 1 1381 11 is_stmt 0 view .LVU1961
ARM GAS  C:\Users\Nathan\AppData\Local\Temp\ccJAfMtd.s 			page 124


 5641 004c 4594     		str	r4, [sp, #276]
1382:Middlewares/ST/STM32_WPAN/ble/core/auto/ble_gatt_aci.c ****   rq.rparam = &status;
 5642              		.loc 1 1382 3 is_stmt 1 view .LVU1962
 5643              		.loc 1 1382 13 is_stmt 0 view .LVU1963
 5644 004e CDF81881 		str	r8, [sp, #280]
1383:Middlewares/ST/STM32_WPAN/ble/core/auto/ble_gatt_aci.c ****   rq.rlen = 1;
 5645              		.loc 1 1383 3 is_stmt 1 view .LVU1964
 5646              		.loc 1 1383 11 is_stmt 0 view .LVU1965
 5647 0052 0123     		movs	r3, #1
 5648 0054 4793     		str	r3, [sp, #284]
1384:Middlewares/ST/STM32_WPAN/ble/core/auto/ble_gatt_aci.c ****   if ( hci_send_req(&rq, FALSE) < 0 )
 5649              		.loc 1 1384 3 is_stmt 1 view .LVU1966
 5650              		.loc 1 1384 8 is_stmt 0 view .LVU1967
 5651 0056 2946     		mov	r1, r5
 5652 0058 3846     		mov	r0, r7
 5653 005a FFF7FEFF 		bl	hci_send_req
 5654              	.LVL619:
 5655              		.loc 1 1384 6 discriminator 1 view .LVU1968
 5656 005e A842     		cmp	r0, r5
 5657 0060 04DB     		blt	.L214
1385:Middlewares/ST/STM32_WPAN/ble/core/auto/ble_gatt_aci.c ****     return BLE_STATUS_TIMEOUT;
1386:Middlewares/ST/STM32_WPAN/ble/core/auto/ble_gatt_aci.c ****   return status;
 5658              		.loc 1 1386 3 is_stmt 1 view .LVU1969
 5659              		.loc 1 1386 10 is_stmt 0 view .LVU1970
 5660 0062 98F80000 		ldrb	r0, [r8]	@ zero_extendqisi2
 5661              	.L213:
1387:Middlewares/ST/STM32_WPAN/ble/core/auto/ble_gatt_aci.c **** }
 5662              		.loc 1 1387 1 view .LVU1971
 5663 0066 48B0     		add	sp, sp, #288
 5664              		.cfi_remember_state
 5665              		.cfi_def_cfa_offset 24
 5666              		@ sp needed
 5667 0068 BDE8F081 		pop	{r4, r5, r6, r7, r8, pc}
 5668              	.LVL620:
 5669              	.L214:
 5670              		.cfi_restore_state
1385:Middlewares/ST/STM32_WPAN/ble/core/auto/ble_gatt_aci.c ****     return BLE_STATUS_TIMEOUT;
 5671              		.loc 1 1385 12 view .LVU1972
 5672 006c FF20     		movs	r0, #255
 5673 006e FAE7     		b	.L213
 5674              		.cfi_endproc
 5675              	.LFE42:
 5677              		.section	.text.aci_gatt_write_without_resp_ext,"ax",%progbits
 5678              		.align	1
 5679              		.global	aci_gatt_write_without_resp_ext
 5680              		.syntax unified
 5681              		.thumb
 5682              		.thumb_func
 5684              	aci_gatt_write_without_resp_ext:
 5685              	.LVL621:
 5686              	.LFB43:
1388:Middlewares/ST/STM32_WPAN/ble/core/auto/ble_gatt_aci.c **** 
1389:Middlewares/ST/STM32_WPAN/ble/core/auto/ble_gatt_aci.c **** tBleStatus aci_gatt_write_without_resp_ext( uint16_t Connection_Handle,
1390:Middlewares/ST/STM32_WPAN/ble/core/auto/ble_gatt_aci.c ****                                             uint16_t Attr_Handle,
1391:Middlewares/ST/STM32_WPAN/ble/core/auto/ble_gatt_aci.c ****                                             uint8_t Signed_Mode,
1392:Middlewares/ST/STM32_WPAN/ble/core/auto/ble_gatt_aci.c ****                                             uint16_t Data_Length,
1393:Middlewares/ST/STM32_WPAN/ble/core/auto/ble_gatt_aci.c ****                                             uint32_t Data_Pointer )
ARM GAS  C:\Users\Nathan\AppData\Local\Temp\ccJAfMtd.s 			page 125


1394:Middlewares/ST/STM32_WPAN/ble/core/auto/ble_gatt_aci.c **** {
 5687              		.loc 1 1394 1 is_stmt 1 view -0
 5688              		.cfi_startproc
 5689              		@ args = 4, pretend = 0, frame = 288
 5690              		@ frame_needed = 0, uses_anonymous_args = 0
 5691              		.loc 1 1394 1 is_stmt 0 view .LVU1974
 5692 0000 F0B5     		push	{r4, r5, r6, r7, lr}
 5693              		.cfi_def_cfa_offset 20
 5694              		.cfi_offset 4, -20
 5695              		.cfi_offset 5, -16
 5696              		.cfi_offset 6, -12
 5697              		.cfi_offset 7, -8
 5698              		.cfi_offset 14, -4
 5699 0002 C9B0     		sub	sp, sp, #292
 5700              		.cfi_def_cfa_offset 312
1395:Middlewares/ST/STM32_WPAN/ble/core/auto/ble_gatt_aci.c ****   struct hci_request rq;
 5701              		.loc 1 1395 3 is_stmt 1 view .LVU1975
1396:Middlewares/ST/STM32_WPAN/ble/core/auto/ble_gatt_aci.c ****   uint8_t cmd_buffer[BLE_CMD_MAX_PARAM_LEN];
 5702              		.loc 1 1396 3 view .LVU1976
1397:Middlewares/ST/STM32_WPAN/ble/core/auto/ble_gatt_aci.c ****   aci_gatt_write_without_resp_ext_cp0 *cp0 = (aci_gatt_write_without_resp_ext_cp0*)(cmd_buffer);
 5703              		.loc 1 1397 3 view .LVU1977
 5704              	.LVL622:
1398:Middlewares/ST/STM32_WPAN/ble/core/auto/ble_gatt_aci.c ****   tBleStatus status = 0;
 5705              		.loc 1 1398 3 view .LVU1978
 5706              		.loc 1 1398 14 is_stmt 0 view .LVU1979
 5707 0004 0DF10707 		add	r7, sp, #7
 5708 0008 0025     		movs	r5, #0
 5709 000a 8DF80750 		strb	r5, [sp, #7]
1399:Middlewares/ST/STM32_WPAN/ble/core/auto/ble_gatt_aci.c ****   int index_input = 0;
 5710              		.loc 1 1399 3 is_stmt 1 view .LVU1980
 5711              	.LVL623:
1400:Middlewares/ST/STM32_WPAN/ble/core/auto/ble_gatt_aci.c ****   cp0->Connection_Handle = Connection_Handle;
 5712              		.loc 1 1400 3 view .LVU1981
 5713              		.loc 1 1400 26 is_stmt 0 view .LVU1982
 5714 000e 02AC     		add	r4, sp, #8
 5715              	.LVL624:
 5716              		.loc 1 1400 26 view .LVU1983
 5717 0010 ADF80800 		strh	r0, [sp, #8]	@ movhi
1401:Middlewares/ST/STM32_WPAN/ble/core/auto/ble_gatt_aci.c ****   index_input += 2;
 5718              		.loc 1 1401 3 is_stmt 1 view .LVU1984
 5719              	.LVL625:
1402:Middlewares/ST/STM32_WPAN/ble/core/auto/ble_gatt_aci.c ****   cp0->Attr_Handle = Attr_Handle;
 5720              		.loc 1 1402 3 view .LVU1985
 5721              		.loc 1 1402 20 is_stmt 0 view .LVU1986
 5722 0014 ADF80A10 		strh	r1, [sp, #10]	@ movhi
1403:Middlewares/ST/STM32_WPAN/ble/core/auto/ble_gatt_aci.c ****   index_input += 2;
 5723              		.loc 1 1403 3 is_stmt 1 view .LVU1987
 5724              	.LVL626:
1404:Middlewares/ST/STM32_WPAN/ble/core/auto/ble_gatt_aci.c ****   cp0->Signed_Mode = Signed_Mode;
 5725              		.loc 1 1404 3 view .LVU1988
 5726              		.loc 1 1404 20 is_stmt 0 view .LVU1989
 5727 0018 8DF80C20 		strb	r2, [sp, #12]
1405:Middlewares/ST/STM32_WPAN/ble/core/auto/ble_gatt_aci.c ****   index_input += 1;
 5728              		.loc 1 1405 3 is_stmt 1 view .LVU1990
 5729              	.LVL627:
1406:Middlewares/ST/STM32_WPAN/ble/core/auto/ble_gatt_aci.c ****   cp0->Data_Length = Data_Length;
 5730              		.loc 1 1406 3 view .LVU1991
ARM GAS  C:\Users\Nathan\AppData\Local\Temp\ccJAfMtd.s 			page 126


 5731              		.loc 1 1406 20 is_stmt 0 view .LVU1992
 5732 001c ADF80D30 		strh	r3, [sp, #13]	@ unaligned
1407:Middlewares/ST/STM32_WPAN/ble/core/auto/ble_gatt_aci.c ****   index_input += 2;
 5733              		.loc 1 1407 3 is_stmt 1 view .LVU1993
 5734              	.LVL628:
1408:Middlewares/ST/STM32_WPAN/ble/core/auto/ble_gatt_aci.c ****   cp0->Data_Pointer = Data_Pointer;
 5735              		.loc 1 1408 3 view .LVU1994
 5736              		.loc 1 1408 21 is_stmt 0 view .LVU1995
 5737 0020 4E9B     		ldr	r3, [sp, #312]
 5738              	.LVL629:
 5739              		.loc 1 1408 21 view .LVU1996
 5740 0022 CDF80F30 		str	r3, [sp, #15]	@ unaligned
1409:Middlewares/ST/STM32_WPAN/ble/core/auto/ble_gatt_aci.c ****   index_input += 4;
 5741              		.loc 1 1409 3 is_stmt 1 view .LVU1997
 5742              	.LVL630:
1410:Middlewares/ST/STM32_WPAN/ble/core/auto/ble_gatt_aci.c ****   Osal_MemSet( &rq, 0, sizeof(rq) );
 5743              		.loc 1 1410 3 view .LVU1998
 5744 0026 42AE     		add	r6, sp, #264
 5745 0028 1822     		movs	r2, #24
 5746              	.LVL631:
 5747              		.loc 1 1410 3 is_stmt 0 view .LVU1999
 5748 002a 2946     		mov	r1, r5
 5749              	.LVL632:
 5750              		.loc 1 1410 3 view .LVU2000
 5751 002c 3046     		mov	r0, r6
 5752              	.LVL633:
 5753              		.loc 1 1410 3 view .LVU2001
 5754 002e FFF7FEFF 		bl	Osal_MemSet
 5755              	.LVL634:
1411:Middlewares/ST/STM32_WPAN/ble/core/auto/ble_gatt_aci.c ****   rq.ogf = 0x3f;
 5756              		.loc 1 1411 3 is_stmt 1 view .LVU2002
 5757              		.loc 1 1411 10 is_stmt 0 view .LVU2003
 5758 0032 3F23     		movs	r3, #63
 5759 0034 ADF80831 		strh	r3, [sp, #264]	@ movhi
1412:Middlewares/ST/STM32_WPAN/ble/core/auto/ble_gatt_aci.c ****   rq.ocf = 0x140;
 5760              		.loc 1 1412 3 is_stmt 1 view .LVU2004
 5761              		.loc 1 1412 10 is_stmt 0 view .LVU2005
 5762 0038 4FF4A073 		mov	r3, #320
 5763 003c ADF80A31 		strh	r3, [sp, #266]	@ movhi
1413:Middlewares/ST/STM32_WPAN/ble/core/auto/ble_gatt_aci.c ****   rq.cparam = cmd_buffer;
 5764              		.loc 1 1413 3 is_stmt 1 view .LVU2006
 5765              		.loc 1 1413 13 is_stmt 0 view .LVU2007
 5766 0040 4494     		str	r4, [sp, #272]
1414:Middlewares/ST/STM32_WPAN/ble/core/auto/ble_gatt_aci.c ****   rq.clen = index_input;
 5767              		.loc 1 1414 3 is_stmt 1 view .LVU2008
 5768              		.loc 1 1414 11 is_stmt 0 view .LVU2009
 5769 0042 0B23     		movs	r3, #11
 5770 0044 4593     		str	r3, [sp, #276]
1415:Middlewares/ST/STM32_WPAN/ble/core/auto/ble_gatt_aci.c ****   rq.rparam = &status;
 5771              		.loc 1 1415 3 is_stmt 1 view .LVU2010
 5772              		.loc 1 1415 13 is_stmt 0 view .LVU2011
 5773 0046 4697     		str	r7, [sp, #280]
1416:Middlewares/ST/STM32_WPAN/ble/core/auto/ble_gatt_aci.c ****   rq.rlen = 1;
 5774              		.loc 1 1416 3 is_stmt 1 view .LVU2012
 5775              		.loc 1 1416 11 is_stmt 0 view .LVU2013
 5776 0048 0123     		movs	r3, #1
 5777 004a 4793     		str	r3, [sp, #284]
ARM GAS  C:\Users\Nathan\AppData\Local\Temp\ccJAfMtd.s 			page 127


1417:Middlewares/ST/STM32_WPAN/ble/core/auto/ble_gatt_aci.c ****   if ( hci_send_req(&rq, FALSE) < 0 )
 5778              		.loc 1 1417 3 is_stmt 1 view .LVU2014
 5779              		.loc 1 1417 8 is_stmt 0 view .LVU2015
 5780 004c 2946     		mov	r1, r5
 5781 004e 3046     		mov	r0, r6
 5782 0050 FFF7FEFF 		bl	hci_send_req
 5783              	.LVL635:
 5784              		.loc 1 1417 6 discriminator 1 view .LVU2016
 5785 0054 A842     		cmp	r0, r5
 5786 0056 02DB     		blt	.L218
1418:Middlewares/ST/STM32_WPAN/ble/core/auto/ble_gatt_aci.c ****     return BLE_STATUS_TIMEOUT;
1419:Middlewares/ST/STM32_WPAN/ble/core/auto/ble_gatt_aci.c ****   return status;
 5787              		.loc 1 1419 3 is_stmt 1 view .LVU2017
 5788              		.loc 1 1419 10 is_stmt 0 view .LVU2018
 5789 0058 3878     		ldrb	r0, [r7]	@ zero_extendqisi2
 5790              	.L217:
1420:Middlewares/ST/STM32_WPAN/ble/core/auto/ble_gatt_aci.c **** }
 5791              		.loc 1 1420 1 view .LVU2019
 5792 005a 49B0     		add	sp, sp, #292
 5793              		.cfi_remember_state
 5794              		.cfi_def_cfa_offset 20
 5795              		@ sp needed
 5796 005c F0BD     		pop	{r4, r5, r6, r7, pc}
 5797              	.LVL636:
 5798              	.L218:
 5799              		.cfi_restore_state
1418:Middlewares/ST/STM32_WPAN/ble/core/auto/ble_gatt_aci.c ****     return BLE_STATUS_TIMEOUT;
 5800              		.loc 1 1418 12 view .LVU2020
 5801 005e FF20     		movs	r0, #255
 5802 0060 FBE7     		b	.L217
 5803              		.cfi_endproc
 5804              	.LFE43:
 5806              		.section	.text.aci_gatt_write_with_resp_ext,"ax",%progbits
 5807              		.align	1
 5808              		.global	aci_gatt_write_with_resp_ext
 5809              		.syntax unified
 5810              		.thumb
 5811              		.thumb_func
 5813              	aci_gatt_write_with_resp_ext:
 5814              	.LVL637:
 5815              	.LFB44:
1421:Middlewares/ST/STM32_WPAN/ble/core/auto/ble_gatt_aci.c **** 
1422:Middlewares/ST/STM32_WPAN/ble/core/auto/ble_gatt_aci.c **** tBleStatus aci_gatt_write_with_resp_ext( uint16_t Connection_Handle,
1423:Middlewares/ST/STM32_WPAN/ble/core/auto/ble_gatt_aci.c ****                                          uint16_t Attr_Handle,
1424:Middlewares/ST/STM32_WPAN/ble/core/auto/ble_gatt_aci.c ****                                          uint8_t Write_Mode,
1425:Middlewares/ST/STM32_WPAN/ble/core/auto/ble_gatt_aci.c ****                                          uint16_t Val_Offset,
1426:Middlewares/ST/STM32_WPAN/ble/core/auto/ble_gatt_aci.c ****                                          uint16_t Data_Length,
1427:Middlewares/ST/STM32_WPAN/ble/core/auto/ble_gatt_aci.c ****                                          uint32_t Data_Pointer )
1428:Middlewares/ST/STM32_WPAN/ble/core/auto/ble_gatt_aci.c **** {
 5816              		.loc 1 1428 1 is_stmt 1 view -0
 5817              		.cfi_startproc
 5818              		@ args = 8, pretend = 0, frame = 288
 5819              		@ frame_needed = 0, uses_anonymous_args = 0
 5820              		.loc 1 1428 1 is_stmt 0 view .LVU2022
 5821 0000 F0B5     		push	{r4, r5, r6, r7, lr}
 5822              		.cfi_def_cfa_offset 20
 5823              		.cfi_offset 4, -20
ARM GAS  C:\Users\Nathan\AppData\Local\Temp\ccJAfMtd.s 			page 128


 5824              		.cfi_offset 5, -16
 5825              		.cfi_offset 6, -12
 5826              		.cfi_offset 7, -8
 5827              		.cfi_offset 14, -4
 5828 0002 C9B0     		sub	sp, sp, #292
 5829              		.cfi_def_cfa_offset 312
1429:Middlewares/ST/STM32_WPAN/ble/core/auto/ble_gatt_aci.c ****   struct hci_request rq;
 5830              		.loc 1 1429 3 is_stmt 1 view .LVU2023
1430:Middlewares/ST/STM32_WPAN/ble/core/auto/ble_gatt_aci.c ****   uint8_t cmd_buffer[BLE_CMD_MAX_PARAM_LEN];
 5831              		.loc 1 1430 3 view .LVU2024
1431:Middlewares/ST/STM32_WPAN/ble/core/auto/ble_gatt_aci.c ****   aci_gatt_write_with_resp_ext_cp0 *cp0 = (aci_gatt_write_with_resp_ext_cp0*)(cmd_buffer);
 5832              		.loc 1 1431 3 view .LVU2025
 5833              	.LVL638:
1432:Middlewares/ST/STM32_WPAN/ble/core/auto/ble_gatt_aci.c ****   tBleStatus status = 0;
 5834              		.loc 1 1432 3 view .LVU2026
 5835              		.loc 1 1432 14 is_stmt 0 view .LVU2027
 5836 0004 0DF10707 		add	r7, sp, #7
 5837 0008 0025     		movs	r5, #0
 5838 000a 8DF80750 		strb	r5, [sp, #7]
1433:Middlewares/ST/STM32_WPAN/ble/core/auto/ble_gatt_aci.c ****   int index_input = 0;
 5839              		.loc 1 1433 3 is_stmt 1 view .LVU2028
 5840              	.LVL639:
1434:Middlewares/ST/STM32_WPAN/ble/core/auto/ble_gatt_aci.c ****   cp0->Connection_Handle = Connection_Handle;
 5841              		.loc 1 1434 3 view .LVU2029
 5842              		.loc 1 1434 26 is_stmt 0 view .LVU2030
 5843 000e 02AC     		add	r4, sp, #8
 5844              	.LVL640:
 5845              		.loc 1 1434 26 view .LVU2031
 5846 0010 ADF80800 		strh	r0, [sp, #8]	@ movhi
1435:Middlewares/ST/STM32_WPAN/ble/core/auto/ble_gatt_aci.c ****   index_input += 2;
 5847              		.loc 1 1435 3 is_stmt 1 view .LVU2032
 5848              	.LVL641:
1436:Middlewares/ST/STM32_WPAN/ble/core/auto/ble_gatt_aci.c ****   cp0->Attr_Handle = Attr_Handle;
 5849              		.loc 1 1436 3 view .LVU2033
 5850              		.loc 1 1436 20 is_stmt 0 view .LVU2034
 5851 0014 ADF80A10 		strh	r1, [sp, #10]	@ movhi
1437:Middlewares/ST/STM32_WPAN/ble/core/auto/ble_gatt_aci.c ****   index_input += 2;
 5852              		.loc 1 1437 3 is_stmt 1 view .LVU2035
 5853              	.LVL642:
1438:Middlewares/ST/STM32_WPAN/ble/core/auto/ble_gatt_aci.c ****   cp0->Write_Mode = Write_Mode;
 5854              		.loc 1 1438 3 view .LVU2036
 5855              		.loc 1 1438 19 is_stmt 0 view .LVU2037
 5856 0018 8DF80C20 		strb	r2, [sp, #12]
1439:Middlewares/ST/STM32_WPAN/ble/core/auto/ble_gatt_aci.c ****   index_input += 1;
 5857              		.loc 1 1439 3 is_stmt 1 view .LVU2038
 5858              	.LVL643:
1440:Middlewares/ST/STM32_WPAN/ble/core/auto/ble_gatt_aci.c ****   cp0->Val_Offset = Val_Offset;
 5859              		.loc 1 1440 3 view .LVU2039
 5860              		.loc 1 1440 19 is_stmt 0 view .LVU2040
 5861 001c ADF80D30 		strh	r3, [sp, #13]	@ unaligned
1441:Middlewares/ST/STM32_WPAN/ble/core/auto/ble_gatt_aci.c ****   index_input += 2;
 5862              		.loc 1 1441 3 is_stmt 1 view .LVU2041
 5863              	.LVL644:
1442:Middlewares/ST/STM32_WPAN/ble/core/auto/ble_gatt_aci.c ****   cp0->Data_Length = Data_Length;
 5864              		.loc 1 1442 3 view .LVU2042
 5865              		.loc 1 1442 20 is_stmt 0 view .LVU2043
 5866 0020 BDF83831 		ldrh	r3, [sp, #312]
ARM GAS  C:\Users\Nathan\AppData\Local\Temp\ccJAfMtd.s 			page 129


 5867              	.LVL645:
 5868              		.loc 1 1442 20 view .LVU2044
 5869 0024 ADF80F30 		strh	r3, [sp, #15]	@ unaligned
1443:Middlewares/ST/STM32_WPAN/ble/core/auto/ble_gatt_aci.c ****   index_input += 2;
 5870              		.loc 1 1443 3 is_stmt 1 view .LVU2045
 5871              	.LVL646:
1444:Middlewares/ST/STM32_WPAN/ble/core/auto/ble_gatt_aci.c ****   cp0->Data_Pointer = Data_Pointer;
 5872              		.loc 1 1444 3 view .LVU2046
 5873              		.loc 1 1444 21 is_stmt 0 view .LVU2047
 5874 0028 4F9B     		ldr	r3, [sp, #316]
 5875 002a CDF81130 		str	r3, [sp, #17]	@ unaligned
1445:Middlewares/ST/STM32_WPAN/ble/core/auto/ble_gatt_aci.c ****   index_input += 4;
 5876              		.loc 1 1445 3 is_stmt 1 view .LVU2048
 5877              	.LVL647:
1446:Middlewares/ST/STM32_WPAN/ble/core/auto/ble_gatt_aci.c ****   Osal_MemSet( &rq, 0, sizeof(rq) );
 5878              		.loc 1 1446 3 view .LVU2049
 5879 002e 42AE     		add	r6, sp, #264
 5880 0030 1822     		movs	r2, #24
 5881              	.LVL648:
 5882              		.loc 1 1446 3 is_stmt 0 view .LVU2050
 5883 0032 2946     		mov	r1, r5
 5884              	.LVL649:
 5885              		.loc 1 1446 3 view .LVU2051
 5886 0034 3046     		mov	r0, r6
 5887              	.LVL650:
 5888              		.loc 1 1446 3 view .LVU2052
 5889 0036 FFF7FEFF 		bl	Osal_MemSet
 5890              	.LVL651:
1447:Middlewares/ST/STM32_WPAN/ble/core/auto/ble_gatt_aci.c ****   rq.ogf = 0x3f;
 5891              		.loc 1 1447 3 is_stmt 1 view .LVU2053
 5892              		.loc 1 1447 10 is_stmt 0 view .LVU2054
 5893 003a 3F23     		movs	r3, #63
 5894 003c ADF80831 		strh	r3, [sp, #264]	@ movhi
1448:Middlewares/ST/STM32_WPAN/ble/core/auto/ble_gatt_aci.c ****   rq.ocf = 0x141;
 5895              		.loc 1 1448 3 is_stmt 1 view .LVU2055
 5896              		.loc 1 1448 10 is_stmt 0 view .LVU2056
 5897 0040 40F24113 		movw	r3, #321
 5898 0044 ADF80A31 		strh	r3, [sp, #266]	@ movhi
1449:Middlewares/ST/STM32_WPAN/ble/core/auto/ble_gatt_aci.c ****   rq.event = 0x0F;
 5899              		.loc 1 1449 3 is_stmt 1 view .LVU2057
 5900              		.loc 1 1449 12 is_stmt 0 view .LVU2058
 5901 0048 0F23     		movs	r3, #15
 5902 004a 4393     		str	r3, [sp, #268]
1450:Middlewares/ST/STM32_WPAN/ble/core/auto/ble_gatt_aci.c ****   rq.cparam = cmd_buffer;
 5903              		.loc 1 1450 3 is_stmt 1 view .LVU2059
 5904              		.loc 1 1450 13 is_stmt 0 view .LVU2060
 5905 004c 4494     		str	r4, [sp, #272]
1451:Middlewares/ST/STM32_WPAN/ble/core/auto/ble_gatt_aci.c ****   rq.clen = index_input;
 5906              		.loc 1 1451 3 is_stmt 1 view .LVU2061
 5907              		.loc 1 1451 11 is_stmt 0 view .LVU2062
 5908 004e 0D23     		movs	r3, #13
 5909 0050 4593     		str	r3, [sp, #276]
1452:Middlewares/ST/STM32_WPAN/ble/core/auto/ble_gatt_aci.c ****   rq.rparam = &status;
 5910              		.loc 1 1452 3 is_stmt 1 view .LVU2063
 5911              		.loc 1 1452 13 is_stmt 0 view .LVU2064
 5912 0052 4697     		str	r7, [sp, #280]
1453:Middlewares/ST/STM32_WPAN/ble/core/auto/ble_gatt_aci.c ****   rq.rlen = 1;
ARM GAS  C:\Users\Nathan\AppData\Local\Temp\ccJAfMtd.s 			page 130


 5913              		.loc 1 1453 3 is_stmt 1 view .LVU2065
 5914              		.loc 1 1453 11 is_stmt 0 view .LVU2066
 5915 0054 0123     		movs	r3, #1
 5916 0056 4793     		str	r3, [sp, #284]
1454:Middlewares/ST/STM32_WPAN/ble/core/auto/ble_gatt_aci.c ****   if ( hci_send_req(&rq, FALSE) < 0 )
 5917              		.loc 1 1454 3 is_stmt 1 view .LVU2067
 5918              		.loc 1 1454 8 is_stmt 0 view .LVU2068
 5919 0058 2946     		mov	r1, r5
 5920 005a 3046     		mov	r0, r6
 5921 005c FFF7FEFF 		bl	hci_send_req
 5922              	.LVL652:
 5923              		.loc 1 1454 6 discriminator 1 view .LVU2069
 5924 0060 A842     		cmp	r0, r5
 5925 0062 02DB     		blt	.L222
1455:Middlewares/ST/STM32_WPAN/ble/core/auto/ble_gatt_aci.c ****     return BLE_STATUS_TIMEOUT;
1456:Middlewares/ST/STM32_WPAN/ble/core/auto/ble_gatt_aci.c ****   return status;
 5926              		.loc 1 1456 3 is_stmt 1 view .LVU2070
 5927              		.loc 1 1456 10 is_stmt 0 view .LVU2071
 5928 0064 3878     		ldrb	r0, [r7]	@ zero_extendqisi2
 5929              	.L221:
1457:Middlewares/ST/STM32_WPAN/ble/core/auto/ble_gatt_aci.c **** }
 5930              		.loc 1 1457 1 view .LVU2072
 5931 0066 49B0     		add	sp, sp, #292
 5932              		.cfi_remember_state
 5933              		.cfi_def_cfa_offset 20
 5934              		@ sp needed
 5935 0068 F0BD     		pop	{r4, r5, r6, r7, pc}
 5936              	.LVL653:
 5937              	.L222:
 5938              		.cfi_restore_state
1455:Middlewares/ST/STM32_WPAN/ble/core/auto/ble_gatt_aci.c ****     return BLE_STATUS_TIMEOUT;
 5939              		.loc 1 1455 12 view .LVU2073
 5940 006a FF20     		movs	r0, #255
 5941 006c FBE7     		b	.L221
 5942              		.cfi_endproc
 5943              	.LFE44:
 5945              		.text
 5946              	.Letext0:
 5947              		.file 2 "C:/Users/Nathan/AppData/Roaming/Code/User/globalStorage/bmd.stm32-for-vscode/@xpack-dev-t
 5948              		.file 3 "C:/Users/Nathan/AppData/Roaming/Code/User/globalStorage/bmd.stm32-for-vscode/@xpack-dev-t
 5949              		.file 4 "Middlewares/ST/STM32_WPAN/ble/core/template/ble_const.h"
 5950              		.file 5 "Middlewares/ST/STM32_WPAN/ble/core/auto/ble_types.h"
 5951              		.file 6 "Middlewares/ST/STM32_WPAN/ble/core/template/osal.h"
ARM GAS  C:\Users\Nathan\AppData\Local\Temp\ccJAfMtd.s 			page 131


DEFINED SYMBOLS
                            *ABS*:00000000 ble_gatt_aci.c
C:\Users\Nathan\AppData\Local\Temp\ccJAfMtd.s:21     .text.aci_gatt_init:00000000 $t
C:\Users\Nathan\AppData\Local\Temp\ccJAfMtd.s:27     .text.aci_gatt_init:00000000 aci_gatt_init
C:\Users\Nathan\AppData\Local\Temp\ccJAfMtd.s:96     .text.aci_gatt_add_service:00000000 $t
C:\Users\Nathan\AppData\Local\Temp\ccJAfMtd.s:102    .text.aci_gatt_add_service:00000000 aci_gatt_add_service
C:\Users\Nathan\AppData\Local\Temp\ccJAfMtd.s:295    .text.aci_gatt_include_service:00000000 $t
C:\Users\Nathan\AppData\Local\Temp\ccJAfMtd.s:301    .text.aci_gatt_include_service:00000000 aci_gatt_include_service
C:\Users\Nathan\AppData\Local\Temp\ccJAfMtd.s:458    .text.aci_gatt_add_char:00000000 $t
C:\Users\Nathan\AppData\Local\Temp\ccJAfMtd.s:464    .text.aci_gatt_add_char:00000000 aci_gatt_add_char
C:\Users\Nathan\AppData\Local\Temp\ccJAfMtd.s:688    .text.aci_gatt_add_char_desc:00000000 $t
C:\Users\Nathan\AppData\Local\Temp\ccJAfMtd.s:694    .text.aci_gatt_add_char_desc:00000000 aci_gatt_add_char_desc
C:\Users\Nathan\AppData\Local\Temp\ccJAfMtd.s:956    .text.aci_gatt_update_char_value:00000000 $t
C:\Users\Nathan\AppData\Local\Temp\ccJAfMtd.s:962    .text.aci_gatt_update_char_value:00000000 aci_gatt_update_char_value
C:\Users\Nathan\AppData\Local\Temp\ccJAfMtd.s:1088   .text.aci_gatt_del_char:00000000 $t
C:\Users\Nathan\AppData\Local\Temp\ccJAfMtd.s:1094   .text.aci_gatt_del_char:00000000 aci_gatt_del_char
C:\Users\Nathan\AppData\Local\Temp\ccJAfMtd.s:1197   .text.aci_gatt_del_service:00000000 $t
C:\Users\Nathan\AppData\Local\Temp\ccJAfMtd.s:1203   .text.aci_gatt_del_service:00000000 aci_gatt_del_service
C:\Users\Nathan\AppData\Local\Temp\ccJAfMtd.s:1299   .text.aci_gatt_del_include_service:00000000 $t
C:\Users\Nathan\AppData\Local\Temp\ccJAfMtd.s:1305   .text.aci_gatt_del_include_service:00000000 aci_gatt_del_include_service
C:\Users\Nathan\AppData\Local\Temp\ccJAfMtd.s:1408   .text.aci_gatt_set_event_mask:00000000 $t
C:\Users\Nathan\AppData\Local\Temp\ccJAfMtd.s:1414   .text.aci_gatt_set_event_mask:00000000 aci_gatt_set_event_mask
C:\Users\Nathan\AppData\Local\Temp\ccJAfMtd.s:1510   .text.aci_gatt_exchange_config:00000000 $t
C:\Users\Nathan\AppData\Local\Temp\ccJAfMtd.s:1516   .text.aci_gatt_exchange_config:00000000 aci_gatt_exchange_config
C:\Users\Nathan\AppData\Local\Temp\ccJAfMtd.s:1616   .text.aci_att_find_info_req:00000000 $t
C:\Users\Nathan\AppData\Local\Temp\ccJAfMtd.s:1622   .text.aci_att_find_info_req:00000000 aci_att_find_info_req
C:\Users\Nathan\AppData\Local\Temp\ccJAfMtd.s:1736   .text.aci_att_find_by_type_value_req:00000000 $t
C:\Users\Nathan\AppData\Local\Temp\ccJAfMtd.s:1742   .text.aci_att_find_by_type_value_req:00000000 aci_att_find_by_type_value_req
C:\Users\Nathan\AppData\Local\Temp\ccJAfMtd.s:1877   .text.aci_att_read_by_type_req:00000000 $t
C:\Users\Nathan\AppData\Local\Temp\ccJAfMtd.s:1883   .text.aci_att_read_by_type_req:00000000 aci_att_read_by_type_req
C:\Users\Nathan\AppData\Local\Temp\ccJAfMtd.s:2023   .text.aci_att_read_by_group_type_req:00000000 $t
C:\Users\Nathan\AppData\Local\Temp\ccJAfMtd.s:2029   .text.aci_att_read_by_group_type_req:00000000 aci_att_read_by_group_type_req
C:\Users\Nathan\AppData\Local\Temp\ccJAfMtd.s:2169   .text.aci_att_prepare_write_req:00000000 $t
C:\Users\Nathan\AppData\Local\Temp\ccJAfMtd.s:2175   .text.aci_att_prepare_write_req:00000000 aci_att_prepare_write_req
C:\Users\Nathan\AppData\Local\Temp\ccJAfMtd.s:2305   .text.aci_att_execute_write_req:00000000 $t
C:\Users\Nathan\AppData\Local\Temp\ccJAfMtd.s:2311   .text.aci_att_execute_write_req:00000000 aci_att_execute_write_req
C:\Users\Nathan\AppData\Local\Temp\ccJAfMtd.s:2418   .text.aci_gatt_disc_all_primary_services:00000000 $t
C:\Users\Nathan\AppData\Local\Temp\ccJAfMtd.s:2424   .text.aci_gatt_disc_all_primary_services:00000000 aci_gatt_disc_all_primary_services
C:\Users\Nathan\AppData\Local\Temp\ccJAfMtd.s:2524   .text.aci_gatt_disc_primary_service_by_uuid:00000000 $t
C:\Users\Nathan\AppData\Local\Temp\ccJAfMtd.s:2530   .text.aci_gatt_disc_primary_service_by_uuid:00000000 aci_gatt_disc_primary_service_by_uuid
C:\Users\Nathan\AppData\Local\Temp\ccJAfMtd.s:2659   .text.aci_gatt_find_included_services:00000000 $t
C:\Users\Nathan\AppData\Local\Temp\ccJAfMtd.s:2665   .text.aci_gatt_find_included_services:00000000 aci_gatt_find_included_services
C:\Users\Nathan\AppData\Local\Temp\ccJAfMtd.s:2779   .text.aci_gatt_disc_all_char_of_service:00000000 $t
C:\Users\Nathan\AppData\Local\Temp\ccJAfMtd.s:2785   .text.aci_gatt_disc_all_char_of_service:00000000 aci_gatt_disc_all_char_of_service
C:\Users\Nathan\AppData\Local\Temp\ccJAfMtd.s:2899   .text.aci_gatt_disc_char_by_uuid:00000000 $t
C:\Users\Nathan\AppData\Local\Temp\ccJAfMtd.s:2905   .text.aci_gatt_disc_char_by_uuid:00000000 aci_gatt_disc_char_by_uuid
C:\Users\Nathan\AppData\Local\Temp\ccJAfMtd.s:3045   .text.aci_gatt_disc_all_char_desc:00000000 $t
C:\Users\Nathan\AppData\Local\Temp\ccJAfMtd.s:3051   .text.aci_gatt_disc_all_char_desc:00000000 aci_gatt_disc_all_char_desc
C:\Users\Nathan\AppData\Local\Temp\ccJAfMtd.s:3165   .text.aci_gatt_read_char_value:00000000 $t
C:\Users\Nathan\AppData\Local\Temp\ccJAfMtd.s:3171   .text.aci_gatt_read_char_value:00000000 aci_gatt_read_char_value
C:\Users\Nathan\AppData\Local\Temp\ccJAfMtd.s:3278   .text.aci_gatt_read_using_char_uuid:00000000 $t
C:\Users\Nathan\AppData\Local\Temp\ccJAfMtd.s:3284   .text.aci_gatt_read_using_char_uuid:00000000 aci_gatt_read_using_char_uuid
C:\Users\Nathan\AppData\Local\Temp\ccJAfMtd.s:3424   .text.aci_gatt_read_long_char_value:00000000 $t
C:\Users\Nathan\AppData\Local\Temp\ccJAfMtd.s:3430   .text.aci_gatt_read_long_char_value:00000000 aci_gatt_read_long_char_value
C:\Users\Nathan\AppData\Local\Temp\ccJAfMtd.s:3544   .text.aci_gatt_read_multiple_char_value:00000000 $t
C:\Users\Nathan\AppData\Local\Temp\ccJAfMtd.s:3550   .text.aci_gatt_read_multiple_char_value:00000000 aci_gatt_read_multiple_char_value
C:\Users\Nathan\AppData\Local\Temp\ccJAfMtd.s:3671   .text.aci_gatt_write_char_value:00000000 $t
ARM GAS  C:\Users\Nathan\AppData\Local\Temp\ccJAfMtd.s 			page 132


C:\Users\Nathan\AppData\Local\Temp\ccJAfMtd.s:3677   .text.aci_gatt_write_char_value:00000000 aci_gatt_write_char_value
C:\Users\Nathan\AppData\Local\Temp\ccJAfMtd.s:3799   .text.aci_gatt_write_long_char_value:00000000 $t
C:\Users\Nathan\AppData\Local\Temp\ccJAfMtd.s:3805   .text.aci_gatt_write_long_char_value:00000000 aci_gatt_write_long_char_value
C:\Users\Nathan\AppData\Local\Temp\ccJAfMtd.s:3935   .text.aci_gatt_write_char_reliable:00000000 $t
C:\Users\Nathan\AppData\Local\Temp\ccJAfMtd.s:3941   .text.aci_gatt_write_char_reliable:00000000 aci_gatt_write_char_reliable
C:\Users\Nathan\AppData\Local\Temp\ccJAfMtd.s:4071   .text.aci_gatt_write_without_resp:00000000 $t
C:\Users\Nathan\AppData\Local\Temp\ccJAfMtd.s:4077   .text.aci_gatt_write_without_resp:00000000 aci_gatt_write_without_resp
C:\Users\Nathan\AppData\Local\Temp\ccJAfMtd.s:4195   .text.aci_gatt_signed_write_without_resp:00000000 $t
C:\Users\Nathan\AppData\Local\Temp\ccJAfMtd.s:4201   .text.aci_gatt_signed_write_without_resp:00000000 aci_gatt_signed_write_without_resp
C:\Users\Nathan\AppData\Local\Temp\ccJAfMtd.s:4319   .text.aci_gatt_confirm_indication:00000000 $t
C:\Users\Nathan\AppData\Local\Temp\ccJAfMtd.s:4325   .text.aci_gatt_confirm_indication:00000000 aci_gatt_confirm_indication
C:\Users\Nathan\AppData\Local\Temp\ccJAfMtd.s:4421   .text.aci_gatt_permit_write:00000000 $t
C:\Users\Nathan\AppData\Local\Temp\ccJAfMtd.s:4427   .text.aci_gatt_permit_write:00000000 aci_gatt_permit_write
C:\Users\Nathan\AppData\Local\Temp\ccJAfMtd.s:4558   .text.aci_gatt_permit_read:00000000 $t
C:\Users\Nathan\AppData\Local\Temp\ccJAfMtd.s:4564   .text.aci_gatt_permit_read:00000000 aci_gatt_permit_read
C:\Users\Nathan\AppData\Local\Temp\ccJAfMtd.s:4679   .text.aci_gatt_set_security_permission:00000000 $t
C:\Users\Nathan\AppData\Local\Temp\ccJAfMtd.s:4685   .text.aci_gatt_set_security_permission:00000000 aci_gatt_set_security_permission
C:\Users\Nathan\AppData\Local\Temp\ccJAfMtd.s:4795   .text.aci_gatt_set_desc_value:00000000 $t
C:\Users\Nathan\AppData\Local\Temp\ccJAfMtd.s:4801   .text.aci_gatt_set_desc_value:00000000 aci_gatt_set_desc_value
C:\Users\Nathan\AppData\Local\Temp\ccJAfMtd.s:4932   .text.aci_gatt_read_handle_value:00000000 $t
C:\Users\Nathan\AppData\Local\Temp\ccJAfMtd.s:4938   .text.aci_gatt_read_handle_value:00000000 aci_gatt_read_handle_value
C:\Users\Nathan\AppData\Local\Temp\ccJAfMtd.s:5086   .text.aci_gatt_update_char_value_ext:00000000 $t
C:\Users\Nathan\AppData\Local\Temp\ccJAfMtd.s:5092   .text.aci_gatt_update_char_value_ext:00000000 aci_gatt_update_char_value_ext
C:\Users\Nathan\AppData\Local\Temp\ccJAfMtd.s:5237   .text.aci_gatt_set_access_permission:00000000 $t
C:\Users\Nathan\AppData\Local\Temp\ccJAfMtd.s:5243   .text.aci_gatt_set_access_permission:00000000 aci_gatt_set_access_permission
C:\Users\Nathan\AppData\Local\Temp\ccJAfMtd.s:5353   .text.aci_gatt_store_db:00000000 $t
C:\Users\Nathan\AppData\Local\Temp\ccJAfMtd.s:5359   .text.aci_gatt_store_db:00000000 aci_gatt_store_db
C:\Users\Nathan\AppData\Local\Temp\ccJAfMtd.s:5428   .text.aci_gatt_send_mult_notification:00000000 $t
C:\Users\Nathan\AppData\Local\Temp\ccJAfMtd.s:5434   .text.aci_gatt_send_mult_notification:00000000 aci_gatt_send_mult_notification
C:\Users\Nathan\AppData\Local\Temp\ccJAfMtd.s:5551   .text.aci_gatt_read_multiple_var_char_value:00000000 $t
C:\Users\Nathan\AppData\Local\Temp\ccJAfMtd.s:5557   .text.aci_gatt_read_multiple_var_char_value:00000000 aci_gatt_read_multiple_var_char_value
C:\Users\Nathan\AppData\Local\Temp\ccJAfMtd.s:5678   .text.aci_gatt_write_without_resp_ext:00000000 $t
C:\Users\Nathan\AppData\Local\Temp\ccJAfMtd.s:5684   .text.aci_gatt_write_without_resp_ext:00000000 aci_gatt_write_without_resp_ext
C:\Users\Nathan\AppData\Local\Temp\ccJAfMtd.s:5807   .text.aci_gatt_write_with_resp_ext:00000000 $t
C:\Users\Nathan\AppData\Local\Temp\ccJAfMtd.s:5813   .text.aci_gatt_write_with_resp_ext:00000000 aci_gatt_write_with_resp_ext

UNDEFINED SYMBOLS
Osal_MemSet
hci_send_req
Osal_MemCpy
