ARM GAS  C:\Users\Nathan\AppData\Local\Temp\ccGCFMYR.s 			page 1


   1              		.cpu cortex-m4
   2              		.arch armv7e-m
   3              		.fpu fpv4-sp-d16
   4              		.eabi_attribute 27, 1
   5              		.eabi_attribute 28, 1
   6              		.eabi_attribute 20, 1
   7              		.eabi_attribute 21, 1
   8              		.eabi_attribute 23, 3
   9              		.eabi_attribute 24, 1
  10              		.eabi_attribute 25, 1
  11              		.eabi_attribute 26, 1
  12              		.eabi_attribute 30, 1
  13              		.eabi_attribute 34, 1
  14              		.eabi_attribute 18, 4
  15              		.file	"bmp5.c"
  16              		.text
  17              	.Ltext0:
  18              		.cfi_sections	.debug_frame
  19              		.file 1 "Drivers/BMP580/bmp5.c"
  20              		.section	.text.null_ptr_check,"ax",%progbits
  21              		.align	1
  22              		.syntax unified
  23              		.thumb
  24              		.thumb_func
  26              	null_ptr_check:
  27              	.LVL0:
  28              	.LFB24:
   1:Drivers/BMP580/bmp5.c **** /**
   2:Drivers/BMP580/bmp5.c **** * Copyright (c) 2022 Bosch Sensortec GmbH. All rights reserved.
   3:Drivers/BMP580/bmp5.c **** *
   4:Drivers/BMP580/bmp5.c **** * BSD-3-Clause
   5:Drivers/BMP580/bmp5.c **** *
   6:Drivers/BMP580/bmp5.c **** * Redistribution and use in source and binary forms, with or without
   7:Drivers/BMP580/bmp5.c **** * modification, are permitted provided that the following conditions are met:
   8:Drivers/BMP580/bmp5.c **** *
   9:Drivers/BMP580/bmp5.c **** * 1. Redistributions of source code must retain the above copyright
  10:Drivers/BMP580/bmp5.c **** *    notice, this list of conditions and the following disclaimer.
  11:Drivers/BMP580/bmp5.c **** *
  12:Drivers/BMP580/bmp5.c **** * 2. Redistributions in binary form must reproduce the above copyright
  13:Drivers/BMP580/bmp5.c **** *    notice, this list of conditions and the following disclaimer in the
  14:Drivers/BMP580/bmp5.c **** *    documentation and/or other materials provided with the distribution.
  15:Drivers/BMP580/bmp5.c **** *
  16:Drivers/BMP580/bmp5.c **** * 3. Neither the name of the copyright holder nor the names of its
  17:Drivers/BMP580/bmp5.c **** *    contributors may be used to endorse or promote products derived from
  18:Drivers/BMP580/bmp5.c **** *    this software without specific prior written permission.
  19:Drivers/BMP580/bmp5.c **** *
  20:Drivers/BMP580/bmp5.c **** * THIS SOFTWARE IS PROVIDED BY THE COPYRIGHT HOLDERS AND CONTRIBUTORS
  21:Drivers/BMP580/bmp5.c **** * "AS IS" AND ANY EXPRESS OR IMPLIED WARRANTIES, INCLUDING, BUT NOT
  22:Drivers/BMP580/bmp5.c **** * LIMITED TO, THE IMPLIED WARRANTIES OF MERCHANTABILITY AND FITNESS
  23:Drivers/BMP580/bmp5.c **** * FOR A PARTICULAR PURPOSE ARE DISCLAIMED. IN NO EVENT SHALL THE
  24:Drivers/BMP580/bmp5.c **** * COPYRIGHT HOLDER OR CONTRIBUTORS BE LIABLE FOR ANY DIRECT, INDIRECT,
  25:Drivers/BMP580/bmp5.c **** * INCIDENTAL, SPECIAL, EXEMPLARY, OR CONSEQUENTIAL DAMAGES
  26:Drivers/BMP580/bmp5.c **** * (INCLUDING, BUT NOT LIMITED TO, PROCUREMENT OF SUBSTITUTE GOODS OR
  27:Drivers/BMP580/bmp5.c **** * SERVICES; LOSS OF USE, DATA, OR PROFITS; OR BUSINESS INTERRUPTION)
  28:Drivers/BMP580/bmp5.c **** * HOWEVER CAUSED AND ON ANY THEORY OF LIABILITY, WHETHER IN CONTRACT,
  29:Drivers/BMP580/bmp5.c **** * STRICT LIABILITY, OR TORT (INCLUDING NEGLIGENCE OR OTHERWISE) ARISING
  30:Drivers/BMP580/bmp5.c **** * IN ANY WAY OUT OF THE USE OF THIS SOFTWARE, EVEN IF ADVISED OF THE
ARM GAS  C:\Users\Nathan\AppData\Local\Temp\ccGCFMYR.s 			page 2


  31:Drivers/BMP580/bmp5.c **** * POSSIBILITY OF SUCH DAMAGE.
  32:Drivers/BMP580/bmp5.c **** *
  33:Drivers/BMP580/bmp5.c **** * @file       bmp5.c
  34:Drivers/BMP580/bmp5.c **** * @date       2022-08-11
  35:Drivers/BMP580/bmp5.c **** * @version    v1.1.1
  36:Drivers/BMP580/bmp5.c **** *
  37:Drivers/BMP580/bmp5.c **** */
  38:Drivers/BMP580/bmp5.c **** 
  39:Drivers/BMP580/bmp5.c **** /***************************************************************************/
  40:Drivers/BMP580/bmp5.c **** 
  41:Drivers/BMP580/bmp5.c **** /*!             Header files
  42:Drivers/BMP580/bmp5.c ****  ****************************************************************************/
  43:Drivers/BMP580/bmp5.c **** #include "bmp5.h"
  44:Drivers/BMP580/bmp5.c **** 
  45:Drivers/BMP580/bmp5.c **** /***************************************************************************/
  46:Drivers/BMP580/bmp5.c **** 
  47:Drivers/BMP580/bmp5.c **** /*!              Global Variable
  48:Drivers/BMP580/bmp5.c ****  ****************************************************************************/
  49:Drivers/BMP580/bmp5.c **** 
  50:Drivers/BMP580/bmp5.c **** /******************************************************************************/
  51:Drivers/BMP580/bmp5.c **** 
  52:Drivers/BMP580/bmp5.c **** /*!         Local Function Prototypes
  53:Drivers/BMP580/bmp5.c ****  ******************************************************************************/
  54:Drivers/BMP580/bmp5.c **** 
  55:Drivers/BMP580/bmp5.c **** /*!
  56:Drivers/BMP580/bmp5.c ****  * @brief This internal API is used to validate the device pointer for
  57:Drivers/BMP580/bmp5.c ****  * null conditions.
  58:Drivers/BMP580/bmp5.c ****  *
  59:Drivers/BMP580/bmp5.c ****  * @param[in] dev : Structure instance of bmp5_dev.
  60:Drivers/BMP580/bmp5.c ****  *
  61:Drivers/BMP580/bmp5.c ****  * @return Result of API execution status
  62:Drivers/BMP580/bmp5.c ****  * @retval 0 -> Success
  63:Drivers/BMP580/bmp5.c ****  * @retval <0 -> Fail
  64:Drivers/BMP580/bmp5.c ****  */
  65:Drivers/BMP580/bmp5.c **** static int8_t null_ptr_check(const struct bmp5_dev *dev);
  66:Drivers/BMP580/bmp5.c **** 
  67:Drivers/BMP580/bmp5.c **** /*!
  68:Drivers/BMP580/bmp5.c ****  * @brief This internal API is used to validate the chip id of the sensor.
  69:Drivers/BMP580/bmp5.c ****  *
  70:Drivers/BMP580/bmp5.c ****  * @param[in] chip_id : Variable that hold the chip id from register.
  71:Drivers/BMP580/bmp5.c ****  * @param[in,out] dev : Structure instance of bmp5_dev.
  72:Drivers/BMP580/bmp5.c ****  *
  73:Drivers/BMP580/bmp5.c ****  * @return Result of API execution status
  74:Drivers/BMP580/bmp5.c ****  * @retval 0 -> Success
  75:Drivers/BMP580/bmp5.c ****  * @retval <0 -> Fail
  76:Drivers/BMP580/bmp5.c ****  */
  77:Drivers/BMP580/bmp5.c **** static int8_t validate_chip_id(uint8_t chip_id, struct bmp5_dev *dev);
  78:Drivers/BMP580/bmp5.c **** 
  79:Drivers/BMP580/bmp5.c **** /*!
  80:Drivers/BMP580/bmp5.c ****  * @brief This internal API is used to validate the post power-up procedure.
  81:Drivers/BMP580/bmp5.c ****  *
  82:Drivers/BMP580/bmp5.c ****  * @param[in] dev     : Structure instance of bmp5_dev.
  83:Drivers/BMP580/bmp5.c ****  *
  84:Drivers/BMP580/bmp5.c ****  * @return Result of API execution status
  85:Drivers/BMP580/bmp5.c ****  * @retval 0 -> Success
  86:Drivers/BMP580/bmp5.c ****  * @retval <0 -> Fail
  87:Drivers/BMP580/bmp5.c ****  */
ARM GAS  C:\Users\Nathan\AppData\Local\Temp\ccGCFMYR.s 			page 3


  88:Drivers/BMP580/bmp5.c **** static int8_t power_up_check(struct bmp5_dev *dev);
  89:Drivers/BMP580/bmp5.c **** 
  90:Drivers/BMP580/bmp5.c **** /*!
  91:Drivers/BMP580/bmp5.c ****  * @brief This internal API is used to check if sensor is in deepstandby mode.
  92:Drivers/BMP580/bmp5.c ****  *
  93:Drivers/BMP580/bmp5.c ****  * @param[out] powermode : To store whether sensor is in deepstanby mode.
  94:Drivers/BMP580/bmp5.c ****  * @param[in] dev        : Structure instance of bmp5_dev.
  95:Drivers/BMP580/bmp5.c ****  *
  96:Drivers/BMP580/bmp5.c ****  * @return Result of API execution status
  97:Drivers/BMP580/bmp5.c ****  * @retval 0 -> Success
  98:Drivers/BMP580/bmp5.c ****  * @retval <0 -> Fail
  99:Drivers/BMP580/bmp5.c ****  */
 100:Drivers/BMP580/bmp5.c **** static int8_t check_deepstandby_mode(enum bmp5_powermode *powermode, struct bmp5_dev *dev);
 101:Drivers/BMP580/bmp5.c **** 
 102:Drivers/BMP580/bmp5.c **** /*!
 103:Drivers/BMP580/bmp5.c ****  * @brief This internal API is used to set sensor in deep standby powermode.
 104:Drivers/BMP580/bmp5.c ****  *
 105:Drivers/BMP580/bmp5.c ****  * @param[in] dev     : Structure instance of bmp5_dev.
 106:Drivers/BMP580/bmp5.c ****  *
 107:Drivers/BMP580/bmp5.c ****  * @return Result of API execution status
 108:Drivers/BMP580/bmp5.c ****  * @retval 0 -> Success
 109:Drivers/BMP580/bmp5.c ****  * @retval <0 -> Fail
 110:Drivers/BMP580/bmp5.c ****  */
 111:Drivers/BMP580/bmp5.c **** static int8_t set_deep_standby_mode(struct bmp5_dev *dev);
 112:Drivers/BMP580/bmp5.c **** 
 113:Drivers/BMP580/bmp5.c **** /*!
 114:Drivers/BMP580/bmp5.c ****  * @brief This internal API is used to set sensor in standby or
 115:Drivers/BMP580/bmp5.c ****  * normal or forced or continous powermode.
 116:Drivers/BMP580/bmp5.c ****  *
 117:Drivers/BMP580/bmp5.c ****  * @param[in] powermode : Select desired powermode.
 118:Drivers/BMP580/bmp5.c ****  * @param[in] dev       : Structure instance of bmp5_dev.
 119:Drivers/BMP580/bmp5.c ****  *
 120:Drivers/BMP580/bmp5.c ****  * @return Result of API execution status
 121:Drivers/BMP580/bmp5.c ****  * @retval 0 -> Success
 122:Drivers/BMP580/bmp5.c ****  * @retval <0 -> Fail
 123:Drivers/BMP580/bmp5.c ****  */
 124:Drivers/BMP580/bmp5.c **** static int8_t set_power_mode(enum bmp5_powermode powermode, struct bmp5_dev *dev);
 125:Drivers/BMP580/bmp5.c **** 
 126:Drivers/BMP580/bmp5.c **** /*!
 127:Drivers/BMP580/bmp5.c ****  * @brief This internal API is used to set sensor in standby powermode when powermode is deepstandb
 128:Drivers/BMP580/bmp5.c ****  *
 129:Drivers/BMP580/bmp5.c ****  * @param[in] dev   : Structure instance of bmp5_dev.
 130:Drivers/BMP580/bmp5.c ****  *
 131:Drivers/BMP580/bmp5.c ****  * @return Result of API execution status
 132:Drivers/BMP580/bmp5.c ****  * @retval 0 -> Success
 133:Drivers/BMP580/bmp5.c ****  * @retval <0 -> Fail
 134:Drivers/BMP580/bmp5.c ****  */
 135:Drivers/BMP580/bmp5.c **** static int8_t set_standby_mode(struct bmp5_dev *dev);
 136:Drivers/BMP580/bmp5.c **** 
 137:Drivers/BMP580/bmp5.c **** #ifdef BMP5_USE_FIXED_POINT
 138:Drivers/BMP580/bmp5.c **** 
 139:Drivers/BMP580/bmp5.c **** /*!
 140:Drivers/BMP580/bmp5.c ****  * @brief This internal API is used to calculate the power of a value.
 141:Drivers/BMP580/bmp5.c ****  *
 142:Drivers/BMP580/bmp5.c ****  * @param[in] base          : Base for power calculation.
 143:Drivers/BMP580/bmp5.c ****  * @param[in] resolution    : Exponent for power calculation.
 144:Drivers/BMP580/bmp5.c ****  *
ARM GAS  C:\Users\Nathan\AppData\Local\Temp\ccGCFMYR.s 			page 4


 145:Drivers/BMP580/bmp5.c ****  * @return the calculated power
 146:Drivers/BMP580/bmp5.c ****  * @retval the power value
 147:Drivers/BMP580/bmp5.c ****  */
 148:Drivers/BMP580/bmp5.c **** static uint32_t power(uint8_t base, uint8_t resolution);
 149:Drivers/BMP580/bmp5.c **** 
 150:Drivers/BMP580/bmp5.c **** #endif
 151:Drivers/BMP580/bmp5.c **** 
 152:Drivers/BMP580/bmp5.c **** /*!
 153:Drivers/BMP580/bmp5.c ****  * @brief This internal API is used to set the IIR for temperature and pressure.
 154:Drivers/BMP580/bmp5.c ****  *
 155:Drivers/BMP580/bmp5.c ****  * @param[in] iir_cfg : Structure instance of bmp5_iir_config.
 156:Drivers/BMP580/bmp5.c ****  * @param[in] dev     : Structure instance of bmp5_dev.
 157:Drivers/BMP580/bmp5.c ****  *
 158:Drivers/BMP580/bmp5.c ****  * @return Result of API execution status
 159:Drivers/BMP580/bmp5.c ****  * @retval 0 -> Success
 160:Drivers/BMP580/bmp5.c ****  * @retval <0 -> Fail
 161:Drivers/BMP580/bmp5.c ****  */
 162:Drivers/BMP580/bmp5.c **** static int8_t set_iir_config(const struct bmp5_iir_config *iir_cfg, struct bmp5_dev *dev);
 163:Drivers/BMP580/bmp5.c **** 
 164:Drivers/BMP580/bmp5.c **** /*!
 165:Drivers/BMP580/bmp5.c ****  * @brief This internal API is used to set fifo threshold based on the frame type selected.
 166:Drivers/BMP580/bmp5.c ****  *
 167:Drivers/BMP580/bmp5.c ****  * @param[in,out] reg_data : Stores the register data.
 168:Drivers/BMP580/bmp5.c ****  * @param[in] fifo         : Structure instance of bmp5_fifo.
 169:Drivers/BMP580/bmp5.c ****  *
 170:Drivers/BMP580/bmp5.c ****  * @return Result of API execution status
 171:Drivers/BMP580/bmp5.c ****  * @retval 0 -> Success
 172:Drivers/BMP580/bmp5.c ****  * @retval <0 -> Fail
 173:Drivers/BMP580/bmp5.c ****  */
 174:Drivers/BMP580/bmp5.c **** static int8_t set_fifo_threshold(uint8_t *reg_data, const struct bmp5_fifo *fifo);
 175:Drivers/BMP580/bmp5.c **** 
 176:Drivers/BMP580/bmp5.c **** /*!
 177:Drivers/BMP580/bmp5.c **** * @brief This internal API sets the configuration for IIR of fifo.
 178:Drivers/BMP580/bmp5.c **** *
 179:Drivers/BMP580/bmp5.c **** * @param[in] set_fifo_iir_t : Variable to store the fifo IIR value for temperature.
 180:Drivers/BMP580/bmp5.c **** * @param[in] set_fifo_iir_p : Variable to store the fifo IIR value for pressure.
 181:Drivers/BMP580/bmp5.c **** * @param[in] dev            : Structure instance of bmp5_dev.
 182:Drivers/BMP580/bmp5.c **** *
 183:Drivers/BMP580/bmp5.c **** * @return Result of API execution status
 184:Drivers/BMP580/bmp5.c **** * @retval 0 -> Success
 185:Drivers/BMP580/bmp5.c **** * @retval <0 -> Fail
 186:Drivers/BMP580/bmp5.c **** */
 187:Drivers/BMP580/bmp5.c **** static int8_t set_fifo_iir_config(uint8_t set_fifo_iir_t, uint8_t set_fifo_iir_p, struct bmp5_dev *
 188:Drivers/BMP580/bmp5.c **** 
 189:Drivers/BMP580/bmp5.c **** /*!
 190:Drivers/BMP580/bmp5.c **** * @brief This internal API is used to unpack the fifo data and store it in the bmp5_sensor_data str
 191:Drivers/BMP580/bmp5.c **** *
 192:Drivers/BMP580/bmp5.c **** * @param[out] sensor_data    : Stores the pressure and temperature data in bmp5_sensor_data structu
 193:Drivers/BMP580/bmp5.c **** * @param[in,out] data_index  : Contains the beginning of set of bytes parsed to unpack.
 194:Drivers/BMP580/bmp5.c **** * @param[in] fifo            : Structure instance of bmp5_fifo.
 195:Drivers/BMP580/bmp5.c **** *
 196:Drivers/BMP580/bmp5.c **** * @return Result of API execution status
 197:Drivers/BMP580/bmp5.c **** * @retval 0 -> Success
 198:Drivers/BMP580/bmp5.c **** * @retval <0 -> Fail
 199:Drivers/BMP580/bmp5.c **** */
 200:Drivers/BMP580/bmp5.c **** static int8_t unpack_sensor_data(struct bmp5_sensor_data *sensor_data,
 201:Drivers/BMP580/bmp5.c ****                                  uint16_t *data_index,
ARM GAS  C:\Users\Nathan\AppData\Local\Temp\ccGCFMYR.s 			page 5


 202:Drivers/BMP580/bmp5.c ****                                  const struct bmp5_fifo *fifo);
 203:Drivers/BMP580/bmp5.c **** 
 204:Drivers/BMP580/bmp5.c **** /*!
 205:Drivers/BMP580/bmp5.c ****  * @brief This internal API sets the IIR configuration and count limit of OOR pressure.
 206:Drivers/BMP580/bmp5.c ****  *
 207:Drivers/BMP580/bmp5.c ****  * @param[in] set_oor_iir_p   : Variable to store the OOR IIR value for pressure.
 208:Drivers/BMP580/bmp5.c ****  * @param[in] set_count_limit : Variable to store the OOR count limit value for pressure.
 209:Drivers/BMP580/bmp5.c ****  * @param[in] dev             : Structure instance of bmp5_dev.
 210:Drivers/BMP580/bmp5.c ****  *
 211:Drivers/BMP580/bmp5.c ****  * @return Result of API execution status
 212:Drivers/BMP580/bmp5.c ****  * @retval 0 -> Success
 213:Drivers/BMP580/bmp5.c ****  * @retval <0 -> Fail
 214:Drivers/BMP580/bmp5.c ****  */
 215:Drivers/BMP580/bmp5.c **** static int8_t set_oor_iir_count_limit(uint8_t set_oor_iir_p, uint8_t set_count_limit, struct bmp5_d
 216:Drivers/BMP580/bmp5.c **** 
 217:Drivers/BMP580/bmp5.c **** /*!
 218:Drivers/BMP580/bmp5.c ****  * @brief This internal API is used to read the nvm data.
 219:Drivers/BMP580/bmp5.c ****  *
 220:Drivers/BMP580/bmp5.c ****  * @param[out] nvm_data : Variable to store nvm data.
 221:Drivers/BMP580/bmp5.c ****  * @param[in] dev       : Structure instance of bmp5_dev.
 222:Drivers/BMP580/bmp5.c ****  *
 223:Drivers/BMP580/bmp5.c ****  * @return Result of API execution status
 224:Drivers/BMP580/bmp5.c ****  * @retval 0 -> Success
 225:Drivers/BMP580/bmp5.c ****  * @retval <0 -> Fail
 226:Drivers/BMP580/bmp5.c ****  */
 227:Drivers/BMP580/bmp5.c **** static int8_t get_nvm_data(uint16_t *nvm_data, struct bmp5_dev *dev);
 228:Drivers/BMP580/bmp5.c **** 
 229:Drivers/BMP580/bmp5.c **** /*!
 230:Drivers/BMP580/bmp5.c ****  * @brief This internal API is used to get the nvm status (NVM ready interrupt, NVM error interrupt
 231:Drivers/BMP580/bmp5.c ****  * and NVM command error interrupt).
 232:Drivers/BMP580/bmp5.c ****  *
 233:Drivers/BMP580/bmp5.c ****  * @param[out] nvm_status  : Variable to store nvm status.
 234:Drivers/BMP580/bmp5.c ****  * @param[in] dev          : Structure instance of bmp5_dev.
 235:Drivers/BMP580/bmp5.c ****  *
 236:Drivers/BMP580/bmp5.c ****  * @note : Below are values of nvm_status possible.
 237:Drivers/BMP580/bmp5.c ****  *
 238:Drivers/BMP580/bmp5.c ****  *     nvm_status       |  Functionality
 239:Drivers/BMP580/bmp5.c ****  * ---------------------|----------------------------
 240:Drivers/BMP580/bmp5.c ****  * BMP5_INT_NVM_RDY     |  NVM ready status
 241:Drivers/BMP580/bmp5.c ****  * BMP5_INT_NVM_ERR     |  NVM error status
 242:Drivers/BMP580/bmp5.c ****  * BMP5_NVM_CMD_ERR     |  NVM command error status
 243:Drivers/BMP580/bmp5.c ****  *
 244:Drivers/BMP580/bmp5.c ****  * @return Result of API execution status.
 245:Drivers/BMP580/bmp5.c ****  * @return 0 -> Success
 246:Drivers/BMP580/bmp5.c ****  * @return < 0 -> Fail
 247:Drivers/BMP580/bmp5.c ****  */
 248:Drivers/BMP580/bmp5.c **** static int8_t get_nvm_status(uint8_t *nvm_status, struct bmp5_dev *dev);
 249:Drivers/BMP580/bmp5.c **** 
 250:Drivers/BMP580/bmp5.c **** /*!
 251:Drivers/BMP580/bmp5.c ****  * @brief This internal API is used to write the nvm address and prog_en.
 252:Drivers/BMP580/bmp5.c ****  *
 253:Drivers/BMP580/bmp5.c ****  * @param[out] nvm_addr        : Variable that holds the nvm address.
 254:Drivers/BMP580/bmp5.c ****  * @param[in] prog_en          : Variable that holds the prog_en value.
 255:Drivers/BMP580/bmp5.c ****  * @param[in,out] curr_pwrmode : Stores current powermode.
 256:Drivers/BMP580/bmp5.c ****  * @param[in] dev              : Structure instance of bmp5_dev.
 257:Drivers/BMP580/bmp5.c ****  *
 258:Drivers/BMP580/bmp5.c ****  * @return Result of API execution status
ARM GAS  C:\Users\Nathan\AppData\Local\Temp\ccGCFMYR.s 			page 6


 259:Drivers/BMP580/bmp5.c ****  * @retval 0 -> Success
 260:Drivers/BMP580/bmp5.c ****  * @retval <0 -> Fail
 261:Drivers/BMP580/bmp5.c ****  */
 262:Drivers/BMP580/bmp5.c **** static int8_t nvm_write_addr(uint8_t nvm_addr, uint8_t prog_en, enum bmp5_powermode *curr_pwrmode,
 263:Drivers/BMP580/bmp5.c ****                              struct bmp5_dev *dev);
 264:Drivers/BMP580/bmp5.c **** 
 265:Drivers/BMP580/bmp5.c **** /*!
 266:Drivers/BMP580/bmp5.c ****  * @brief This internal API is used to set the nvm address and prog_enable based on NVM read/write 
 267:Drivers/BMP580/bmp5.c ****  *
 268:Drivers/BMP580/bmp5.c ****  * @param[out] nvm_addr    : Variable that holds the nvm address.
 269:Drivers/BMP580/bmp5.c ****  * @param[in] prog_en      : Variable that holds the prog_en value.
 270:Drivers/BMP580/bmp5.c ****  * @param[in] dev          : Structure instance of bmp5_dev.
 271:Drivers/BMP580/bmp5.c ****  *
 272:Drivers/BMP580/bmp5.c ****  * @return Result of API execution status
 273:Drivers/BMP580/bmp5.c ****  * @retval 0 -> Success
 274:Drivers/BMP580/bmp5.c ****  * @retval <0 -> Fail
 275:Drivers/BMP580/bmp5.c ****  */
 276:Drivers/BMP580/bmp5.c **** static int8_t set_nvm_addr(uint8_t nvm_addr, uint8_t prog_en, struct bmp5_dev *dev);
 277:Drivers/BMP580/bmp5.c **** 
 278:Drivers/BMP580/bmp5.c **** /***************************************************************************/
 279:Drivers/BMP580/bmp5.c **** 
 280:Drivers/BMP580/bmp5.c **** /*!         Local Function Definitions
 281:Drivers/BMP580/bmp5.c ****  ****************************************************************************/
 282:Drivers/BMP580/bmp5.c **** 
 283:Drivers/BMP580/bmp5.c **** /*!
 284:Drivers/BMP580/bmp5.c **** *  @brief This API is the entry point.
 285:Drivers/BMP580/bmp5.c **** *  It performs the selection of I2C/I3C/SPI read mechanism according to the
 286:Drivers/BMP580/bmp5.c **** *  selected interface and reads the chip-id of the sensor.
 287:Drivers/BMP580/bmp5.c **** */
 288:Drivers/BMP580/bmp5.c **** int8_t bmp5_init(struct bmp5_dev *dev)
 289:Drivers/BMP580/bmp5.c **** {
 290:Drivers/BMP580/bmp5.c ****     int8_t rslt;
 291:Drivers/BMP580/bmp5.c ****     uint8_t reg_data;
 292:Drivers/BMP580/bmp5.c ****     uint8_t chip_id;
 293:Drivers/BMP580/bmp5.c **** 
 294:Drivers/BMP580/bmp5.c ****     /* Check for null pointer in the device structure */
 295:Drivers/BMP580/bmp5.c ****     rslt = null_ptr_check(dev);
 296:Drivers/BMP580/bmp5.c **** 
 297:Drivers/BMP580/bmp5.c ****     if (rslt == BMP5_OK)
 298:Drivers/BMP580/bmp5.c ****     {
 299:Drivers/BMP580/bmp5.c ****         dev->chip_id = 0;
 300:Drivers/BMP580/bmp5.c **** 
 301:Drivers/BMP580/bmp5.c ****         if (dev->intf == BMP5_SPI_INTF)
 302:Drivers/BMP580/bmp5.c ****         {
 303:Drivers/BMP580/bmp5.c ****             /* Performing a single read via SPI of registers,
 304:Drivers/BMP580/bmp5.c ****              * e.g. registers CHIP_ID, before the actual
 305:Drivers/BMP580/bmp5.c ****              * SPI communication with the device.
 306:Drivers/BMP580/bmp5.c ****              */
 307:Drivers/BMP580/bmp5.c ****             rslt = bmp5_get_regs(BMP5_REG_CHIP_ID, &reg_data, 1, dev);
 308:Drivers/BMP580/bmp5.c ****         }
 309:Drivers/BMP580/bmp5.c **** 
 310:Drivers/BMP580/bmp5.c ****         if (rslt == BMP5_OK)
 311:Drivers/BMP580/bmp5.c ****         {
 312:Drivers/BMP580/bmp5.c ****             /* Read chip_id */
 313:Drivers/BMP580/bmp5.c ****             rslt = bmp5_get_regs(BMP5_REG_CHIP_ID, &chip_id, 1, dev);
 314:Drivers/BMP580/bmp5.c **** 
 315:Drivers/BMP580/bmp5.c ****             if (rslt == BMP5_OK)
ARM GAS  C:\Users\Nathan\AppData\Local\Temp\ccGCFMYR.s 			page 7


 316:Drivers/BMP580/bmp5.c ****             {
 317:Drivers/BMP580/bmp5.c ****                 if (chip_id != 0)
 318:Drivers/BMP580/bmp5.c ****                 {
 319:Drivers/BMP580/bmp5.c ****                     /* Validate post power-up procedure */
 320:Drivers/BMP580/bmp5.c ****                     rslt = power_up_check(dev);
 321:Drivers/BMP580/bmp5.c ****                 }
 322:Drivers/BMP580/bmp5.c ****                 else
 323:Drivers/BMP580/bmp5.c ****                 {
 324:Drivers/BMP580/bmp5.c ****                     rslt = BMP5_E_INVALID_CHIP_ID;
 325:Drivers/BMP580/bmp5.c ****                 }
 326:Drivers/BMP580/bmp5.c **** 
 327:Drivers/BMP580/bmp5.c ****                 if (rslt == BMP5_OK)
 328:Drivers/BMP580/bmp5.c ****                 {
 329:Drivers/BMP580/bmp5.c ****                     rslt = validate_chip_id(chip_id, dev);
 330:Drivers/BMP580/bmp5.c ****                 }
 331:Drivers/BMP580/bmp5.c ****             }
 332:Drivers/BMP580/bmp5.c ****         }
 333:Drivers/BMP580/bmp5.c ****     }
 334:Drivers/BMP580/bmp5.c **** 
 335:Drivers/BMP580/bmp5.c ****     return rslt;
 336:Drivers/BMP580/bmp5.c **** }
 337:Drivers/BMP580/bmp5.c **** 
 338:Drivers/BMP580/bmp5.c **** /*!
 339:Drivers/BMP580/bmp5.c ****  * @brief This API reads the data from the given register address of the sensor.
 340:Drivers/BMP580/bmp5.c ****  */
 341:Drivers/BMP580/bmp5.c **** int8_t bmp5_get_regs(uint8_t reg_addr, uint8_t *reg_data, uint32_t len, struct bmp5_dev *dev)
 342:Drivers/BMP580/bmp5.c **** {
 343:Drivers/BMP580/bmp5.c ****     int8_t rslt;
 344:Drivers/BMP580/bmp5.c **** 
 345:Drivers/BMP580/bmp5.c ****     /* Check for null pointer in the device structure */
 346:Drivers/BMP580/bmp5.c ****     rslt = null_ptr_check(dev);
 347:Drivers/BMP580/bmp5.c **** 
 348:Drivers/BMP580/bmp5.c ****     /* Proceed if null check is fine */
 349:Drivers/BMP580/bmp5.c ****     if ((rslt == BMP5_OK) && (reg_data != NULL))
 350:Drivers/BMP580/bmp5.c ****     {
 351:Drivers/BMP580/bmp5.c ****         if (dev->intf == BMP5_SPI_INTF)
 352:Drivers/BMP580/bmp5.c ****         {
 353:Drivers/BMP580/bmp5.c ****             /* If interface selected is SPI */
 354:Drivers/BMP580/bmp5.c ****             reg_addr = reg_addr | BMP5_SPI_RD_MASK;
 355:Drivers/BMP580/bmp5.c ****         }
 356:Drivers/BMP580/bmp5.c **** 
 357:Drivers/BMP580/bmp5.c ****         /* Read the data from the reg_addr */
 358:Drivers/BMP580/bmp5.c ****         dev->intf_rslt = dev->read(reg_addr, reg_data, len, dev->intf_ptr);
 359:Drivers/BMP580/bmp5.c **** 
 360:Drivers/BMP580/bmp5.c ****         if (dev->intf_rslt != BMP5_INTF_RET_SUCCESS)
 361:Drivers/BMP580/bmp5.c ****         {
 362:Drivers/BMP580/bmp5.c ****             /* Failure case */
 363:Drivers/BMP580/bmp5.c ****             rslt = BMP5_E_COM_FAIL;
 364:Drivers/BMP580/bmp5.c ****         }
 365:Drivers/BMP580/bmp5.c ****     }
 366:Drivers/BMP580/bmp5.c ****     else
 367:Drivers/BMP580/bmp5.c ****     {
 368:Drivers/BMP580/bmp5.c ****         rslt = BMP5_E_NULL_PTR;
 369:Drivers/BMP580/bmp5.c ****     }
 370:Drivers/BMP580/bmp5.c **** 
 371:Drivers/BMP580/bmp5.c ****     return rslt;
 372:Drivers/BMP580/bmp5.c **** }
ARM GAS  C:\Users\Nathan\AppData\Local\Temp\ccGCFMYR.s 			page 8


 373:Drivers/BMP580/bmp5.c **** 
 374:Drivers/BMP580/bmp5.c **** /*!
 375:Drivers/BMP580/bmp5.c ****  * @brief This API writes the given data to the register address
 376:Drivers/BMP580/bmp5.c ****  * of the sensor.
 377:Drivers/BMP580/bmp5.c ****  */
 378:Drivers/BMP580/bmp5.c **** int8_t bmp5_set_regs(uint8_t reg_addr, const uint8_t *reg_data, uint32_t len, struct bmp5_dev *dev)
 379:Drivers/BMP580/bmp5.c **** {
 380:Drivers/BMP580/bmp5.c ****     int8_t rslt;
 381:Drivers/BMP580/bmp5.c ****     uint8_t idx = 0;
 382:Drivers/BMP580/bmp5.c **** 
 383:Drivers/BMP580/bmp5.c ****     /* Check for null pointer in the device structure */
 384:Drivers/BMP580/bmp5.c ****     rslt = null_ptr_check(dev);
 385:Drivers/BMP580/bmp5.c **** 
 386:Drivers/BMP580/bmp5.c ****     /* Proceed if null check is fine */
 387:Drivers/BMP580/bmp5.c ****     if ((rslt == BMP5_OK) && (reg_data != NULL))
 388:Drivers/BMP580/bmp5.c ****     {
 389:Drivers/BMP580/bmp5.c ****         if (dev->intf == BMP5_SPI_INTF)
 390:Drivers/BMP580/bmp5.c ****         {
 391:Drivers/BMP580/bmp5.c ****             /* Write the data to the reg_addr */
 392:Drivers/BMP580/bmp5.c ****             do
 393:Drivers/BMP580/bmp5.c ****             {
 394:Drivers/BMP580/bmp5.c ****                 dev->intf_rslt = dev->write((reg_addr + idx), &reg_data[idx], 1, dev->intf_ptr);
 395:Drivers/BMP580/bmp5.c ****                 idx++;
 396:Drivers/BMP580/bmp5.c ****             } while ((idx < len) && (dev->intf_rslt == BMP5_INTF_RET_SUCCESS));
 397:Drivers/BMP580/bmp5.c ****         }
 398:Drivers/BMP580/bmp5.c ****         else if ((dev->intf == BMP5_I2C_INTF) || (dev->intf == BMP5_I3C_INTF))
 399:Drivers/BMP580/bmp5.c ****         {
 400:Drivers/BMP580/bmp5.c ****             /* Write the data to the reg_addr */
 401:Drivers/BMP580/bmp5.c ****             dev->intf_rslt = dev->write(reg_addr, reg_data, len, dev->intf_ptr);
 402:Drivers/BMP580/bmp5.c ****         }
 403:Drivers/BMP580/bmp5.c **** 
 404:Drivers/BMP580/bmp5.c ****         if (dev->intf_rslt != BMP5_INTF_RET_SUCCESS)
 405:Drivers/BMP580/bmp5.c ****         {
 406:Drivers/BMP580/bmp5.c ****             /* Failure case */
 407:Drivers/BMP580/bmp5.c ****             rslt = BMP5_E_COM_FAIL;
 408:Drivers/BMP580/bmp5.c ****         }
 409:Drivers/BMP580/bmp5.c ****     }
 410:Drivers/BMP580/bmp5.c ****     else
 411:Drivers/BMP580/bmp5.c ****     {
 412:Drivers/BMP580/bmp5.c ****         rslt = BMP5_E_NULL_PTR;
 413:Drivers/BMP580/bmp5.c ****     }
 414:Drivers/BMP580/bmp5.c **** 
 415:Drivers/BMP580/bmp5.c ****     return rslt;
 416:Drivers/BMP580/bmp5.c **** }
 417:Drivers/BMP580/bmp5.c **** 
 418:Drivers/BMP580/bmp5.c **** /*!
 419:Drivers/BMP580/bmp5.c ****  * @brief This API performs the soft reset of the sensor.
 420:Drivers/BMP580/bmp5.c ****  */
 421:Drivers/BMP580/bmp5.c **** int8_t bmp5_soft_reset(struct bmp5_dev *dev)
 422:Drivers/BMP580/bmp5.c **** {
 423:Drivers/BMP580/bmp5.c ****     int8_t rslt;
 424:Drivers/BMP580/bmp5.c ****     uint8_t reg_data;
 425:Drivers/BMP580/bmp5.c ****     uint8_t por_status;
 426:Drivers/BMP580/bmp5.c ****     uint8_t data = BMP5_SOFT_RESET_CMD;
 427:Drivers/BMP580/bmp5.c **** 
 428:Drivers/BMP580/bmp5.c ****     /* Reset the device */
 429:Drivers/BMP580/bmp5.c ****     rslt = bmp5_set_regs(BMP5_REG_CMD, &data, 1, dev);
ARM GAS  C:\Users\Nathan\AppData\Local\Temp\ccGCFMYR.s 			page 9


 430:Drivers/BMP580/bmp5.c **** 
 431:Drivers/BMP580/bmp5.c ****     if (rslt == BMP5_OK)
 432:Drivers/BMP580/bmp5.c ****     {
 433:Drivers/BMP580/bmp5.c ****         /* Soft-reset execution takes 2 ms */
 434:Drivers/BMP580/bmp5.c ****         dev->delay_us(BMP5_DELAY_US_SOFT_RESET, dev->intf_ptr);
 435:Drivers/BMP580/bmp5.c **** 
 436:Drivers/BMP580/bmp5.c ****         if (dev->intf == BMP5_SPI_INTF)
 437:Drivers/BMP580/bmp5.c ****         {
 438:Drivers/BMP580/bmp5.c ****             /* Performing a single read via SPI of registers,
 439:Drivers/BMP580/bmp5.c ****             * e.g. registers CHIP_ID, before the actual
 440:Drivers/BMP580/bmp5.c ****             * SPI communication with the device.
 441:Drivers/BMP580/bmp5.c ****             */
 442:Drivers/BMP580/bmp5.c ****             rslt = bmp5_get_regs(BMP5_REG_CHIP_ID, &reg_data, 1, dev);
 443:Drivers/BMP580/bmp5.c ****         }
 444:Drivers/BMP580/bmp5.c **** 
 445:Drivers/BMP580/bmp5.c ****         if (rslt == BMP5_OK)
 446:Drivers/BMP580/bmp5.c ****         {
 447:Drivers/BMP580/bmp5.c ****             rslt = bmp5_get_interrupt_status(&por_status, dev);
 448:Drivers/BMP580/bmp5.c **** 
 449:Drivers/BMP580/bmp5.c ****             if (rslt == BMP5_OK)
 450:Drivers/BMP580/bmp5.c ****             {
 451:Drivers/BMP580/bmp5.c ****                 if (por_status & BMP5_INT_ASSERTED_POR_SOFTRESET_COMPLETE)
 452:Drivers/BMP580/bmp5.c ****                 {
 453:Drivers/BMP580/bmp5.c ****                     rslt = BMP5_OK;
 454:Drivers/BMP580/bmp5.c ****                 }
 455:Drivers/BMP580/bmp5.c ****                 else
 456:Drivers/BMP580/bmp5.c ****                 {
 457:Drivers/BMP580/bmp5.c ****                     rslt = BMP5_E_POR_SOFTRESET;
 458:Drivers/BMP580/bmp5.c ****                 }
 459:Drivers/BMP580/bmp5.c ****             }
 460:Drivers/BMP580/bmp5.c ****         }
 461:Drivers/BMP580/bmp5.c ****     }
 462:Drivers/BMP580/bmp5.c **** 
 463:Drivers/BMP580/bmp5.c ****     return rslt;
 464:Drivers/BMP580/bmp5.c **** }
 465:Drivers/BMP580/bmp5.c **** 
 466:Drivers/BMP580/bmp5.c **** /*!
 467:Drivers/BMP580/bmp5.c ****  *  @brief This API is used to get interrupt status.
 468:Drivers/BMP580/bmp5.c ****  */
 469:Drivers/BMP580/bmp5.c **** int8_t bmp5_get_interrupt_status(uint8_t *int_status, struct bmp5_dev *dev)
 470:Drivers/BMP580/bmp5.c **** {
 471:Drivers/BMP580/bmp5.c ****     int8_t rslt;
 472:Drivers/BMP580/bmp5.c **** 
 473:Drivers/BMP580/bmp5.c ****     if (int_status != NULL)
 474:Drivers/BMP580/bmp5.c ****     {
 475:Drivers/BMP580/bmp5.c ****         rslt = bmp5_get_regs(BMP5_REG_INT_STATUS, int_status, 1, dev);
 476:Drivers/BMP580/bmp5.c ****     }
 477:Drivers/BMP580/bmp5.c ****     else
 478:Drivers/BMP580/bmp5.c ****     {
 479:Drivers/BMP580/bmp5.c ****         rslt = BMP5_E_NULL_PTR;
 480:Drivers/BMP580/bmp5.c ****     }
 481:Drivers/BMP580/bmp5.c **** 
 482:Drivers/BMP580/bmp5.c ****     return rslt;
 483:Drivers/BMP580/bmp5.c **** }
 484:Drivers/BMP580/bmp5.c **** 
 485:Drivers/BMP580/bmp5.c **** /*!
 486:Drivers/BMP580/bmp5.c ****  *  @brief This API is used to get powermode of the sensor.
ARM GAS  C:\Users\Nathan\AppData\Local\Temp\ccGCFMYR.s 			page 10


 487:Drivers/BMP580/bmp5.c ****  */
 488:Drivers/BMP580/bmp5.c **** int8_t bmp5_get_power_mode(enum bmp5_powermode *powermode, struct bmp5_dev *dev)
 489:Drivers/BMP580/bmp5.c **** {
 490:Drivers/BMP580/bmp5.c ****     int8_t rslt;
 491:Drivers/BMP580/bmp5.c ****     uint8_t deep_dis;
 492:Drivers/BMP580/bmp5.c ****     uint8_t reg_data;
 493:Drivers/BMP580/bmp5.c ****     uint8_t pwrmode;
 494:Drivers/BMP580/bmp5.c **** 
 495:Drivers/BMP580/bmp5.c ****     if (powermode != NULL)
 496:Drivers/BMP580/bmp5.c ****     {
 497:Drivers/BMP580/bmp5.c ****         /* Read the power mode register */
 498:Drivers/BMP580/bmp5.c ****         rslt = bmp5_get_regs(BMP5_REG_ODR_CONFIG, &reg_data, 1, dev);
 499:Drivers/BMP580/bmp5.c **** 
 500:Drivers/BMP580/bmp5.c ****         if (rslt == BMP5_OK)
 501:Drivers/BMP580/bmp5.c ****         {
 502:Drivers/BMP580/bmp5.c ****             pwrmode = BMP5_GET_BITS_POS_0(reg_data, BMP5_POWERMODE);
 503:Drivers/BMP580/bmp5.c **** 
 504:Drivers/BMP580/bmp5.c ****             switch (pwrmode)
 505:Drivers/BMP580/bmp5.c ****             {
 506:Drivers/BMP580/bmp5.c ****                 case BMP5_POWERMODE_STANDBY:
 507:Drivers/BMP580/bmp5.c **** 
 508:Drivers/BMP580/bmp5.c ****                     /* Getting deep disable status */
 509:Drivers/BMP580/bmp5.c ****                     deep_dis = BMP5_GET_BITSLICE(reg_data, BMP5_DEEP_DISABLE);
 510:Drivers/BMP580/bmp5.c **** 
 511:Drivers/BMP580/bmp5.c ****                     /* Checking deepstandby status only when powermode is in standby mode */
 512:Drivers/BMP580/bmp5.c **** 
 513:Drivers/BMP580/bmp5.c ****                     /* If deep_dis = 0(BMP5_DEEP_ENABLED) then deepstandby mode is enabled.
 514:Drivers/BMP580/bmp5.c ****                      * If deep_dis = 1(BMP5_DEEP_DISABLED) then deepstandby mode is disabled
 515:Drivers/BMP580/bmp5.c ****                      */
 516:Drivers/BMP580/bmp5.c ****                     if (deep_dis == BMP5_DEEP_ENABLED)
 517:Drivers/BMP580/bmp5.c ****                     {
 518:Drivers/BMP580/bmp5.c ****                         rslt = check_deepstandby_mode(powermode, dev);
 519:Drivers/BMP580/bmp5.c ****                     }
 520:Drivers/BMP580/bmp5.c ****                     else
 521:Drivers/BMP580/bmp5.c ****                     {
 522:Drivers/BMP580/bmp5.c ****                         *powermode = BMP5_POWERMODE_STANDBY;
 523:Drivers/BMP580/bmp5.c ****                     }
 524:Drivers/BMP580/bmp5.c **** 
 525:Drivers/BMP580/bmp5.c ****                     break;
 526:Drivers/BMP580/bmp5.c ****                 case BMP5_POWERMODE_NORMAL:
 527:Drivers/BMP580/bmp5.c ****                     *powermode = BMP5_POWERMODE_NORMAL;
 528:Drivers/BMP580/bmp5.c ****                     break;
 529:Drivers/BMP580/bmp5.c ****                 case BMP5_POWERMODE_FORCED:
 530:Drivers/BMP580/bmp5.c ****                     *powermode = BMP5_POWERMODE_FORCED;
 531:Drivers/BMP580/bmp5.c ****                     break;
 532:Drivers/BMP580/bmp5.c ****                 case BMP5_POWERMODE_CONTINOUS:
 533:Drivers/BMP580/bmp5.c ****                     *powermode = BMP5_POWERMODE_CONTINOUS;
 534:Drivers/BMP580/bmp5.c ****                     break;
 535:Drivers/BMP580/bmp5.c ****                 default:
 536:Drivers/BMP580/bmp5.c ****                     rslt = BMP5_E_INVALID_POWERMODE;
 537:Drivers/BMP580/bmp5.c ****                     break;
 538:Drivers/BMP580/bmp5.c ****             }
 539:Drivers/BMP580/bmp5.c ****         }
 540:Drivers/BMP580/bmp5.c ****     }
 541:Drivers/BMP580/bmp5.c ****     else
 542:Drivers/BMP580/bmp5.c ****     {
 543:Drivers/BMP580/bmp5.c ****         rslt = BMP5_E_NULL_PTR;
ARM GAS  C:\Users\Nathan\AppData\Local\Temp\ccGCFMYR.s 			page 11


 544:Drivers/BMP580/bmp5.c ****     }
 545:Drivers/BMP580/bmp5.c **** 
 546:Drivers/BMP580/bmp5.c ****     return rslt;
 547:Drivers/BMP580/bmp5.c **** }
 548:Drivers/BMP580/bmp5.c **** 
 549:Drivers/BMP580/bmp5.c **** /*!
 550:Drivers/BMP580/bmp5.c ****  *  @brief This API is used to set powermode of the sensor.
 551:Drivers/BMP580/bmp5.c ****  */
 552:Drivers/BMP580/bmp5.c **** int8_t bmp5_set_power_mode(enum bmp5_powermode powermode, struct bmp5_dev *dev)
 553:Drivers/BMP580/bmp5.c **** {
 554:Drivers/BMP580/bmp5.c ****     int8_t rslt;
 555:Drivers/BMP580/bmp5.c ****     enum bmp5_powermode lst_pwrmode;
 556:Drivers/BMP580/bmp5.c **** 
 557:Drivers/BMP580/bmp5.c ****     /* Existing power mode of the device is received in lst_pwrmode */
 558:Drivers/BMP580/bmp5.c ****     rslt = bmp5_get_power_mode(&lst_pwrmode, dev);
 559:Drivers/BMP580/bmp5.c **** 
 560:Drivers/BMP580/bmp5.c ****     if (rslt == BMP5_OK)
 561:Drivers/BMP580/bmp5.c ****     {
 562:Drivers/BMP580/bmp5.c ****         /* If the sensor is not in standby mode set the device to
 563:Drivers/BMP580/bmp5.c ****          *  standby mode.
 564:Drivers/BMP580/bmp5.c ****          */
 565:Drivers/BMP580/bmp5.c ****         if (lst_pwrmode != BMP5_POWERMODE_STANDBY)
 566:Drivers/BMP580/bmp5.c ****         {
 567:Drivers/BMP580/bmp5.c ****             /* Device should be set to standby before transiting to
 568:Drivers/BMP580/bmp5.c ****              * forced mode or normal mode or continous mode.
 569:Drivers/BMP580/bmp5.c ****              */
 570:Drivers/BMP580/bmp5.c ****             rslt = set_power_mode(BMP5_POWERMODE_STANDBY, dev);
 571:Drivers/BMP580/bmp5.c **** 
 572:Drivers/BMP580/bmp5.c ****             if (rslt == BMP5_OK)
 573:Drivers/BMP580/bmp5.c ****             {
 574:Drivers/BMP580/bmp5.c ****                 /* Give t_standby(as per data sheet) time for device to go into standby mode */
 575:Drivers/BMP580/bmp5.c ****                 dev->delay_us(BMP5_DELAY_US_STANDBY, dev->intf_ptr);
 576:Drivers/BMP580/bmp5.c ****             }
 577:Drivers/BMP580/bmp5.c ****         }
 578:Drivers/BMP580/bmp5.c **** 
 579:Drivers/BMP580/bmp5.c ****         /* Set the desired power mode */
 580:Drivers/BMP580/bmp5.c ****         if (rslt == BMP5_OK)
 581:Drivers/BMP580/bmp5.c ****         {
 582:Drivers/BMP580/bmp5.c ****             switch (powermode)
 583:Drivers/BMP580/bmp5.c ****             {
 584:Drivers/BMP580/bmp5.c ****                 case BMP5_POWERMODE_DEEP_STANDBY:
 585:Drivers/BMP580/bmp5.c ****                     rslt = set_deep_standby_mode(dev);
 586:Drivers/BMP580/bmp5.c ****                     break;
 587:Drivers/BMP580/bmp5.c ****                 case BMP5_POWERMODE_STANDBY:
 588:Drivers/BMP580/bmp5.c **** 
 589:Drivers/BMP580/bmp5.c ****                     /* Since switching between powermodes require sensor to be in standby mode
 590:Drivers/BMP580/bmp5.c ****                      * it is performed above. So it is not explicitly performed here.
 591:Drivers/BMP580/bmp5.c ****                      */
 592:Drivers/BMP580/bmp5.c ****                     break;
 593:Drivers/BMP580/bmp5.c ****                 case BMP5_POWERMODE_NORMAL:
 594:Drivers/BMP580/bmp5.c ****                 case BMP5_POWERMODE_FORCED:
 595:Drivers/BMP580/bmp5.c ****                 case BMP5_POWERMODE_CONTINOUS:
 596:Drivers/BMP580/bmp5.c ****                     rslt = set_power_mode(powermode, dev);
 597:Drivers/BMP580/bmp5.c ****                     break;
 598:Drivers/BMP580/bmp5.c ****                 default:
 599:Drivers/BMP580/bmp5.c ****                     rslt = BMP5_E_INVALID_POWERMODE;
 600:Drivers/BMP580/bmp5.c ****                     break;
ARM GAS  C:\Users\Nathan\AppData\Local\Temp\ccGCFMYR.s 			page 12


 601:Drivers/BMP580/bmp5.c ****             }
 602:Drivers/BMP580/bmp5.c ****         }
 603:Drivers/BMP580/bmp5.c ****     }
 604:Drivers/BMP580/bmp5.c **** 
 605:Drivers/BMP580/bmp5.c ****     return rslt;
 606:Drivers/BMP580/bmp5.c **** }
 607:Drivers/BMP580/bmp5.c **** 
 608:Drivers/BMP580/bmp5.c **** /*!
 609:Drivers/BMP580/bmp5.c ****  *  @brief This API reads the temperature(deg C) or both pressure(Pa) and temperature(deg C) data f
 610:Drivers/BMP580/bmp5.c ****  * sensor and store it in the bmp5_sensor_data structure instance passed by the user.
 611:Drivers/BMP580/bmp5.c ****  */
 612:Drivers/BMP580/bmp5.c **** int8_t bmp5_get_sensor_data(struct bmp5_sensor_data *sensor_data,
 613:Drivers/BMP580/bmp5.c ****                             const struct bmp5_osr_odr_press_config *osr_odr_press_cfg,
 614:Drivers/BMP580/bmp5.c ****                             struct bmp5_dev *dev)
 615:Drivers/BMP580/bmp5.c **** {
 616:Drivers/BMP580/bmp5.c ****     int8_t rslt;
 617:Drivers/BMP580/bmp5.c ****     uint8_t reg_data[6] = { 0 };
 618:Drivers/BMP580/bmp5.c ****     int32_t raw_data_t;
 619:Drivers/BMP580/bmp5.c ****     uint32_t raw_data_p;
 620:Drivers/BMP580/bmp5.c **** 
 621:Drivers/BMP580/bmp5.c ****     rslt = bmp5_get_regs(BMP5_REG_TEMP_DATA_XLSB, reg_data, 6, dev);
 622:Drivers/BMP580/bmp5.c **** 
 623:Drivers/BMP580/bmp5.c ****     if (rslt == BMP5_OK)
 624:Drivers/BMP580/bmp5.c ****     {
 625:Drivers/BMP580/bmp5.c ****         raw_data_t = (int32_t) ((int32_t) ((uint32_t)(((uint32_t)reg_data[2] << 16) | ((uint16_t)re
 626:Drivers/BMP580/bmp5.c **** 
 627:Drivers/BMP580/bmp5.c **** #ifdef BMP5_USE_FIXED_POINT
 628:Drivers/BMP580/bmp5.c **** 
 629:Drivers/BMP580/bmp5.c ****         /* Division by 2^16(whose equivalent value is 65536) is performed to get temperature data a
 630:Drivers/BMP580/bmp5.c ****          * precision in deg C
 631:Drivers/BMP580/bmp5.c ****          */
 632:Drivers/BMP580/bmp5.c ****         sensor_data->temperature =
 633:Drivers/BMP580/bmp5.c ****             (int64_t)((raw_data_t / (float)65536.0) * (power(10, BMP5_FIXED_POINT_DIGIT_PRECISION))
 634:Drivers/BMP580/bmp5.c **** #else
 635:Drivers/BMP580/bmp5.c **** 
 636:Drivers/BMP580/bmp5.c ****         /* Division by 2^16(whose equivalent value is 65536) is performed to get temperature data i
 637:Drivers/BMP580/bmp5.c ****         sensor_data->temperature = (float)(raw_data_t / 65536.0);
 638:Drivers/BMP580/bmp5.c **** #endif
 639:Drivers/BMP580/bmp5.c **** 
 640:Drivers/BMP580/bmp5.c ****         if (osr_odr_press_cfg->press_en == BMP5_ENABLE)
 641:Drivers/BMP580/bmp5.c ****         {
 642:Drivers/BMP580/bmp5.c ****             raw_data_p = (uint32_t)((uint32_t)(reg_data[5] << 16) | (uint16_t)(reg_data[4] << 8) | 
 643:Drivers/BMP580/bmp5.c **** 
 644:Drivers/BMP580/bmp5.c **** #ifdef BMP5_USE_FIXED_POINT
 645:Drivers/BMP580/bmp5.c **** 
 646:Drivers/BMP580/bmp5.c ****             /* Division by 2^6(whose equivalent value is 64) is performed to get pressure data and 
 647:Drivers/BMP580/bmp5.c ****              * precision in Pa
 648:Drivers/BMP580/bmp5.c ****              */
 649:Drivers/BMP580/bmp5.c ****             sensor_data->pressure =
 650:Drivers/BMP580/bmp5.c ****                 (uint64_t)((raw_data_p / (float)64.0) * (power(10, BMP5_FIXED_POINT_DIGIT_PRECISION
 651:Drivers/BMP580/bmp5.c **** #else
 652:Drivers/BMP580/bmp5.c **** 
 653:Drivers/BMP580/bmp5.c ****             /* Division by 2^6(whose equivalent value is 64) is performed to get pressure data in P
 654:Drivers/BMP580/bmp5.c ****             sensor_data->pressure = (float)(raw_data_p / 64.0);
 655:Drivers/BMP580/bmp5.c **** #endif
 656:Drivers/BMP580/bmp5.c ****         }
 657:Drivers/BMP580/bmp5.c ****         else
ARM GAS  C:\Users\Nathan\AppData\Local\Temp\ccGCFMYR.s 			page 13


 658:Drivers/BMP580/bmp5.c ****         {
 659:Drivers/BMP580/bmp5.c ****             sensor_data->pressure = 0.0;
 660:Drivers/BMP580/bmp5.c ****         }
 661:Drivers/BMP580/bmp5.c ****     }
 662:Drivers/BMP580/bmp5.c **** 
 663:Drivers/BMP580/bmp5.c ****     return rslt;
 664:Drivers/BMP580/bmp5.c **** }
 665:Drivers/BMP580/bmp5.c **** 
 666:Drivers/BMP580/bmp5.c **** /*!
 667:Drivers/BMP580/bmp5.c ****  *  @brief This API is used to enable the interrupts(drdy interrupt, fifo full interrupt,
 668:Drivers/BMP580/bmp5.c ****  *   fifo threshold enable and pressure data out of range interrupt).
 669:Drivers/BMP580/bmp5.c ****  */
 670:Drivers/BMP580/bmp5.c **** int8_t bmp5_int_source_select(const struct bmp5_int_source_select *int_source_select, struct bmp5_d
 671:Drivers/BMP580/bmp5.c **** {
 672:Drivers/BMP580/bmp5.c ****     int8_t rslt;
 673:Drivers/BMP580/bmp5.c ****     uint8_t reg_data;
 674:Drivers/BMP580/bmp5.c **** 
 675:Drivers/BMP580/bmp5.c ****     if (int_source_select != NULL)
 676:Drivers/BMP580/bmp5.c ****     {
 677:Drivers/BMP580/bmp5.c ****         rslt = bmp5_get_regs(BMP5_REG_INT_SOURCE, &reg_data, 1, dev);
 678:Drivers/BMP580/bmp5.c **** 
 679:Drivers/BMP580/bmp5.c ****         if (rslt == BMP5_OK)
 680:Drivers/BMP580/bmp5.c ****         {
 681:Drivers/BMP580/bmp5.c ****             reg_data = BMP5_SET_BITS_POS_0(reg_data, BMP5_INT_DRDY_EN, int_source_select->drdy_en);
 682:Drivers/BMP580/bmp5.c **** 
 683:Drivers/BMP580/bmp5.c ****             reg_data = BMP5_SET_BITSLICE(reg_data, BMP5_INT_FIFO_FULL_EN, int_source_select->fifo_f
 684:Drivers/BMP580/bmp5.c **** 
 685:Drivers/BMP580/bmp5.c ****             reg_data = BMP5_SET_BITSLICE(reg_data, BMP5_INT_FIFO_THRES_EN, int_source_select->fifo_
 686:Drivers/BMP580/bmp5.c **** 
 687:Drivers/BMP580/bmp5.c ****             reg_data = BMP5_SET_BITSLICE(reg_data, BMP5_INT_OOR_PRESS_EN, int_source_select->oor_pr
 688:Drivers/BMP580/bmp5.c **** 
 689:Drivers/BMP580/bmp5.c ****             rslt = bmp5_set_regs(BMP5_REG_INT_SOURCE, &reg_data, 1, dev);
 690:Drivers/BMP580/bmp5.c ****         }
 691:Drivers/BMP580/bmp5.c ****     }
 692:Drivers/BMP580/bmp5.c ****     else
 693:Drivers/BMP580/bmp5.c ****     {
 694:Drivers/BMP580/bmp5.c ****         rslt = BMP5_E_NULL_PTR;
 695:Drivers/BMP580/bmp5.c ****     }
 696:Drivers/BMP580/bmp5.c **** 
 697:Drivers/BMP580/bmp5.c ****     return rslt;
 698:Drivers/BMP580/bmp5.c **** }
 699:Drivers/BMP580/bmp5.c **** 
 700:Drivers/BMP580/bmp5.c **** /*!
 701:Drivers/BMP580/bmp5.c **** * @brief This API is used to configure the interrupt settings.
 702:Drivers/BMP580/bmp5.c **** */
 703:Drivers/BMP580/bmp5.c **** int8_t bmp5_configure_interrupt(enum bmp5_intr_mode int_mode,
 704:Drivers/BMP580/bmp5.c ****                                 enum bmp5_intr_polarity int_pol,
 705:Drivers/BMP580/bmp5.c ****                                 enum bmp5_intr_drive int_od,
 706:Drivers/BMP580/bmp5.c ****                                 enum bmp5_intr_en_dis int_en,
 707:Drivers/BMP580/bmp5.c ****                                 struct bmp5_dev *dev)
 708:Drivers/BMP580/bmp5.c **** {
 709:Drivers/BMP580/bmp5.c ****     /* Variable to store the function result */
 710:Drivers/BMP580/bmp5.c ****     int8_t rslt;
 711:Drivers/BMP580/bmp5.c **** 
 712:Drivers/BMP580/bmp5.c ****     /* Variable to get interrupt configuration */
 713:Drivers/BMP580/bmp5.c ****     uint8_t reg_data = 0;
 714:Drivers/BMP580/bmp5.c **** 
ARM GAS  C:\Users\Nathan\AppData\Local\Temp\ccGCFMYR.s 			page 14


 715:Drivers/BMP580/bmp5.c ****     /* Variable to set interrupt source */
 716:Drivers/BMP580/bmp5.c ****     uint8_t int_source = 0;
 717:Drivers/BMP580/bmp5.c **** 
 718:Drivers/BMP580/bmp5.c ****     /* Variable to get interrupt status */
 719:Drivers/BMP580/bmp5.c ****     uint8_t int_status = 0;
 720:Drivers/BMP580/bmp5.c **** 
 721:Drivers/BMP580/bmp5.c ****     /* Get interrupt configuration */
 722:Drivers/BMP580/bmp5.c ****     rslt = bmp5_get_regs(BMP5_REG_INT_CONFIG, &reg_data, 1, dev);
 723:Drivers/BMP580/bmp5.c **** 
 724:Drivers/BMP580/bmp5.c ****     if (rslt == BMP5_OK)
 725:Drivers/BMP580/bmp5.c ****     {
 726:Drivers/BMP580/bmp5.c ****         /* Any change between latched/pulsed mode has to be applied while interrupt is disabled */
 727:Drivers/BMP580/bmp5.c ****         /* Step 1 : Turn off all INT sources (INT_SOURCE -> 0x00) */
 728:Drivers/BMP580/bmp5.c ****         rslt = bmp5_set_regs(BMP5_REG_INT_SOURCE, &int_source, 1, dev);
 729:Drivers/BMP580/bmp5.c **** 
 730:Drivers/BMP580/bmp5.c ****         if (rslt == BMP5_OK)
 731:Drivers/BMP580/bmp5.c ****         {
 732:Drivers/BMP580/bmp5.c ****             /* Step 2 : Read the INT_STATUS register to clear the status */
 733:Drivers/BMP580/bmp5.c ****             rslt = bmp5_get_regs(BMP5_REG_INT_STATUS, &int_status, 1, dev);
 734:Drivers/BMP580/bmp5.c **** 
 735:Drivers/BMP580/bmp5.c ****             if (rslt == BMP5_OK)
 736:Drivers/BMP580/bmp5.c ****             {
 737:Drivers/BMP580/bmp5.c ****                 /* Step 3 : Set the desired mode in INT_CONFIG.int_mode */
 738:Drivers/BMP580/bmp5.c ****                 reg_data = BMP5_SET_BITS_POS_0(reg_data, BMP5_INT_MODE, int_mode);
 739:Drivers/BMP580/bmp5.c ****                 reg_data = BMP5_SET_BITSLICE(reg_data, BMP5_INT_POL, int_pol);
 740:Drivers/BMP580/bmp5.c ****                 reg_data = BMP5_SET_BITSLICE(reg_data, BMP5_INT_OD, int_od);
 741:Drivers/BMP580/bmp5.c ****                 reg_data = BMP5_SET_BITSLICE(reg_data, BMP5_INT_EN, int_en);
 742:Drivers/BMP580/bmp5.c **** 
 743:Drivers/BMP580/bmp5.c ****                 /* Finally transfer the interrupt configurations */
 744:Drivers/BMP580/bmp5.c ****                 rslt = bmp5_set_regs(BMP5_REG_INT_CONFIG, &reg_data, 1, dev);
 745:Drivers/BMP580/bmp5.c ****             }
 746:Drivers/BMP580/bmp5.c ****         }
 747:Drivers/BMP580/bmp5.c ****     }
 748:Drivers/BMP580/bmp5.c **** 
 749:Drivers/BMP580/bmp5.c ****     return rslt;
 750:Drivers/BMP580/bmp5.c **** }
 751:Drivers/BMP580/bmp5.c **** 
 752:Drivers/BMP580/bmp5.c **** /*!
 753:Drivers/BMP580/bmp5.c ****  *  @brief This API gets the configuration for oversampling of temperature, oversampling of
 754:Drivers/BMP580/bmp5.c ****  *  pressure and ODR configuration along with pressure enable.
 755:Drivers/BMP580/bmp5.c ****  */
 756:Drivers/BMP580/bmp5.c **** int8_t bmp5_get_osr_odr_press_config(struct bmp5_osr_odr_press_config *osr_odr_press_cfg, struct bm
 757:Drivers/BMP580/bmp5.c **** {
 758:Drivers/BMP580/bmp5.c ****     /* Variable to store the function result */
 759:Drivers/BMP580/bmp5.c ****     int8_t rslt;
 760:Drivers/BMP580/bmp5.c **** 
 761:Drivers/BMP580/bmp5.c ****     /* Variable to store OSR and ODR config */
 762:Drivers/BMP580/bmp5.c ****     uint8_t reg_data[2];
 763:Drivers/BMP580/bmp5.c **** 
 764:Drivers/BMP580/bmp5.c ****     if (osr_odr_press_cfg != NULL)
 765:Drivers/BMP580/bmp5.c ****     {
 766:Drivers/BMP580/bmp5.c ****         /* Get OSR and ODR configuration in burst read */
 767:Drivers/BMP580/bmp5.c ****         rslt = bmp5_get_regs(BMP5_REG_OSR_CONFIG, reg_data, 2, dev);
 768:Drivers/BMP580/bmp5.c **** 
 769:Drivers/BMP580/bmp5.c ****         if (rslt == BMP5_OK)
 770:Drivers/BMP580/bmp5.c ****         {
 771:Drivers/BMP580/bmp5.c ****             osr_odr_press_cfg->osr_t = BMP5_GET_BITS_POS_0(reg_data[0], BMP5_TEMP_OS);
ARM GAS  C:\Users\Nathan\AppData\Local\Temp\ccGCFMYR.s 			page 15


 772:Drivers/BMP580/bmp5.c ****             osr_odr_press_cfg->osr_p = BMP5_GET_BITSLICE(reg_data[0], BMP5_PRESS_OS);
 773:Drivers/BMP580/bmp5.c ****             osr_odr_press_cfg->press_en = BMP5_GET_BITSLICE(reg_data[0], BMP5_PRESS_EN);
 774:Drivers/BMP580/bmp5.c ****             osr_odr_press_cfg->odr = BMP5_GET_BITSLICE(reg_data[1], BMP5_ODR);
 775:Drivers/BMP580/bmp5.c ****         }
 776:Drivers/BMP580/bmp5.c ****     }
 777:Drivers/BMP580/bmp5.c ****     else
 778:Drivers/BMP580/bmp5.c ****     {
 779:Drivers/BMP580/bmp5.c ****         rslt = BMP5_E_NULL_PTR;
 780:Drivers/BMP580/bmp5.c ****     }
 781:Drivers/BMP580/bmp5.c **** 
 782:Drivers/BMP580/bmp5.c ****     return rslt;
 783:Drivers/BMP580/bmp5.c **** }
 784:Drivers/BMP580/bmp5.c **** 
 785:Drivers/BMP580/bmp5.c **** /*!
 786:Drivers/BMP580/bmp5.c ****  *  @brief This API sets the configuration for oversampling temperature, oversampling of
 787:Drivers/BMP580/bmp5.c ****  *  pressure and ODR configuration along with pressure enable.
 788:Drivers/BMP580/bmp5.c ****  *
 789:Drivers/BMP580/bmp5.c ****  *  @note If ODR is set to a value higher than 5Hz then powermode is set as standby mode, as ODR va
 790:Drivers/BMP580/bmp5.c ****  *  without disabling deep-standby mode makes powermode invalid.
 791:Drivers/BMP580/bmp5.c ****  */
 792:Drivers/BMP580/bmp5.c **** int8_t bmp5_set_osr_odr_press_config(const struct bmp5_osr_odr_press_config *osr_odr_press_cfg, str
 793:Drivers/BMP580/bmp5.c **** {
 794:Drivers/BMP580/bmp5.c ****     /* Variable to store the function result */
 795:Drivers/BMP580/bmp5.c ****     int8_t rslt = 0;
 796:Drivers/BMP580/bmp5.c **** 
 797:Drivers/BMP580/bmp5.c ****     /* Variable to set ODR and OSR config */
 798:Drivers/BMP580/bmp5.c ****     uint8_t reg_data[2] = { 0 };
 799:Drivers/BMP580/bmp5.c **** 
 800:Drivers/BMP580/bmp5.c ****     if (osr_odr_press_cfg != NULL)
 801:Drivers/BMP580/bmp5.c ****     {
 802:Drivers/BMP580/bmp5.c ****         /* If ODR is set to a value higher than 5Hz then powermode is set as standby mode, as ODR v
 803:Drivers/BMP580/bmp5.c ****          * without disabling deep-standby mode makes powermode invalid.
 804:Drivers/BMP580/bmp5.c ****          * NOTE: Register value for 5Hz is greater compared to ODRs higher than it. Thus in this be
 805:Drivers/BMP580/bmp5.c ****          * is checked whether less than 5Hz macro.
 806:Drivers/BMP580/bmp5.c ****          */
 807:Drivers/BMP580/bmp5.c ****         if (osr_odr_press_cfg->odr < BMP5_ODR_05_HZ)
 808:Drivers/BMP580/bmp5.c ****         {
 809:Drivers/BMP580/bmp5.c ****             rslt = set_standby_mode(dev);
 810:Drivers/BMP580/bmp5.c ****         }
 811:Drivers/BMP580/bmp5.c **** 
 812:Drivers/BMP580/bmp5.c ****         if (rslt == BMP5_OK)
 813:Drivers/BMP580/bmp5.c ****         {
 814:Drivers/BMP580/bmp5.c ****             rslt = bmp5_get_regs(BMP5_REG_OSR_CONFIG, reg_data, 2, dev);
 815:Drivers/BMP580/bmp5.c **** 
 816:Drivers/BMP580/bmp5.c ****             if (rslt == BMP5_OK)
 817:Drivers/BMP580/bmp5.c ****             {
 818:Drivers/BMP580/bmp5.c ****                 reg_data[0] = BMP5_SET_BITS_POS_0(reg_data[0], BMP5_TEMP_OS, osr_odr_press_cfg->osr
 819:Drivers/BMP580/bmp5.c ****                 reg_data[0] = BMP5_SET_BITSLICE(reg_data[0], BMP5_PRESS_OS, osr_odr_press_cfg->osr_
 820:Drivers/BMP580/bmp5.c ****                 reg_data[0] = BMP5_SET_BITSLICE(reg_data[0], BMP5_PRESS_EN, osr_odr_press_cfg->pres
 821:Drivers/BMP580/bmp5.c ****                 reg_data[1] = BMP5_SET_BITSLICE(reg_data[1], BMP5_ODR, osr_odr_press_cfg->odr);
 822:Drivers/BMP580/bmp5.c **** 
 823:Drivers/BMP580/bmp5.c ****                 /* Set ODR and OSR configuration */
 824:Drivers/BMP580/bmp5.c ****                 rslt = bmp5_set_regs(BMP5_REG_OSR_CONFIG, reg_data, 2, dev);
 825:Drivers/BMP580/bmp5.c ****             }
 826:Drivers/BMP580/bmp5.c ****         }
 827:Drivers/BMP580/bmp5.c ****     }
 828:Drivers/BMP580/bmp5.c ****     else
ARM GAS  C:\Users\Nathan\AppData\Local\Temp\ccGCFMYR.s 			page 16


 829:Drivers/BMP580/bmp5.c ****     {
 830:Drivers/BMP580/bmp5.c ****         rslt = BMP5_E_NULL_PTR;
 831:Drivers/BMP580/bmp5.c ****     }
 832:Drivers/BMP580/bmp5.c **** 
 833:Drivers/BMP580/bmp5.c ****     return rslt;
 834:Drivers/BMP580/bmp5.c **** }
 835:Drivers/BMP580/bmp5.c **** 
 836:Drivers/BMP580/bmp5.c **** /*!
 837:Drivers/BMP580/bmp5.c ****  *  @brief This API gets the configuration for IIR of temperature and pressure.
 838:Drivers/BMP580/bmp5.c ****  */
 839:Drivers/BMP580/bmp5.c **** int8_t bmp5_get_iir_config(struct bmp5_iir_config *iir_cfg, struct bmp5_dev *dev)
 840:Drivers/BMP580/bmp5.c **** {
 841:Drivers/BMP580/bmp5.c ****     /* Variable to store the function result */
 842:Drivers/BMP580/bmp5.c ****     int8_t rslt;
 843:Drivers/BMP580/bmp5.c **** 
 844:Drivers/BMP580/bmp5.c ****     /* Variable to get IIR config */
 845:Drivers/BMP580/bmp5.c ****     uint8_t reg_data[2];
 846:Drivers/BMP580/bmp5.c **** 
 847:Drivers/BMP580/bmp5.c ****     if (iir_cfg != NULL)
 848:Drivers/BMP580/bmp5.c ****     {
 849:Drivers/BMP580/bmp5.c ****         /* Get IIR configuration */
 850:Drivers/BMP580/bmp5.c ****         rslt = bmp5_get_regs(BMP5_REG_DSP_CONFIG, reg_data, 2, dev);
 851:Drivers/BMP580/bmp5.c **** 
 852:Drivers/BMP580/bmp5.c ****         iir_cfg->shdw_set_iir_t = BMP5_GET_BITSLICE(reg_data[0], BMP5_SHDW_SET_IIR_TEMP);
 853:Drivers/BMP580/bmp5.c ****         iir_cfg->shdw_set_iir_p = BMP5_GET_BITSLICE(reg_data[0], BMP5_SHDW_SET_IIR_PRESS);
 854:Drivers/BMP580/bmp5.c ****         iir_cfg->iir_flush_forced_en = BMP5_GET_BITSLICE(reg_data[0], BMP5_IIR_FLUSH_FORCED_EN);
 855:Drivers/BMP580/bmp5.c **** 
 856:Drivers/BMP580/bmp5.c ****         iir_cfg->set_iir_t = BMP5_GET_BITS_POS_0(reg_data[1], BMP5_SET_IIR_TEMP);
 857:Drivers/BMP580/bmp5.c ****         iir_cfg->set_iir_p = BMP5_GET_BITSLICE(reg_data[1], BMP5_SET_IIR_PRESS);
 858:Drivers/BMP580/bmp5.c ****     }
 859:Drivers/BMP580/bmp5.c ****     else
 860:Drivers/BMP580/bmp5.c ****     {
 861:Drivers/BMP580/bmp5.c ****         rslt = BMP5_E_NULL_PTR;
 862:Drivers/BMP580/bmp5.c ****     }
 863:Drivers/BMP580/bmp5.c **** 
 864:Drivers/BMP580/bmp5.c ****     return rslt;
 865:Drivers/BMP580/bmp5.c **** }
 866:Drivers/BMP580/bmp5.c **** 
 867:Drivers/BMP580/bmp5.c **** /*!
 868:Drivers/BMP580/bmp5.c ****  *  @brief This API sets the configuration for IIR of temperature and pressure.
 869:Drivers/BMP580/bmp5.c ****  *
 870:Drivers/BMP580/bmp5.c ****  *  @note If IIR value for both temperature and pressure is set a value other than bypass then powe
 871:Drivers/BMP580/bmp5.c ****  *  as standby mode, as IIR with value other than bypass without disabling deep-standby mode makes 
 872:Drivers/BMP580/bmp5.c ****  */
 873:Drivers/BMP580/bmp5.c **** int8_t bmp5_set_iir_config(const struct bmp5_iir_config *iir_cfg, struct bmp5_dev *dev)
 874:Drivers/BMP580/bmp5.c **** {
 875:Drivers/BMP580/bmp5.c ****     /* Variable to store the function result */
 876:Drivers/BMP580/bmp5.c ****     int8_t rslt = 0;
 877:Drivers/BMP580/bmp5.c **** 
 878:Drivers/BMP580/bmp5.c ****     /* Variable to store existing powermode */
 879:Drivers/BMP580/bmp5.c ****     enum bmp5_powermode curr_pwrmode;
 880:Drivers/BMP580/bmp5.c **** 
 881:Drivers/BMP580/bmp5.c ****     if (iir_cfg != NULL)
 882:Drivers/BMP580/bmp5.c ****     {
 883:Drivers/BMP580/bmp5.c ****         /* If IIR value for both temperature and pressure is set a value other than bypass then pow
 884:Drivers/BMP580/bmp5.c ****          * as standby mode, as IIR with value other than bypass without disabling deep-standby mode
 885:Drivers/BMP580/bmp5.c ****          * invalid.
ARM GAS  C:\Users\Nathan\AppData\Local\Temp\ccGCFMYR.s 			page 17


 886:Drivers/BMP580/bmp5.c ****          */
 887:Drivers/BMP580/bmp5.c ****         if ((iir_cfg->set_iir_t != BMP5_IIR_FILTER_BYPASS) || (iir_cfg->set_iir_p != BMP5_IIR_FILTE
 888:Drivers/BMP580/bmp5.c ****         {
 889:Drivers/BMP580/bmp5.c ****             rslt = set_standby_mode(dev);
 890:Drivers/BMP580/bmp5.c ****         }
 891:Drivers/BMP580/bmp5.c **** 
 892:Drivers/BMP580/bmp5.c ****         if (rslt == BMP5_OK)
 893:Drivers/BMP580/bmp5.c ****         {
 894:Drivers/BMP580/bmp5.c ****             rslt = bmp5_get_power_mode(&curr_pwrmode, dev);
 895:Drivers/BMP580/bmp5.c **** 
 896:Drivers/BMP580/bmp5.c ****             if (rslt == BMP5_OK)
 897:Drivers/BMP580/bmp5.c ****             {
 898:Drivers/BMP580/bmp5.c ****                 /* IIR configuration is writable only during STANDBY mode(as per datasheet) */
 899:Drivers/BMP580/bmp5.c ****                 if (curr_pwrmode != BMP5_POWERMODE_STANDBY)
 900:Drivers/BMP580/bmp5.c ****                 {
 901:Drivers/BMP580/bmp5.c ****                     /* If sensor is not in standby mode, set sensor in standby mode */
 902:Drivers/BMP580/bmp5.c ****                     rslt = bmp5_set_power_mode(BMP5_POWERMODE_STANDBY, dev);
 903:Drivers/BMP580/bmp5.c ****                 }
 904:Drivers/BMP580/bmp5.c **** 
 905:Drivers/BMP580/bmp5.c ****                 if (rslt == BMP5_OK)
 906:Drivers/BMP580/bmp5.c ****                 {
 907:Drivers/BMP580/bmp5.c ****                     rslt = set_iir_config(iir_cfg, dev);
 908:Drivers/BMP580/bmp5.c ****                 }
 909:Drivers/BMP580/bmp5.c **** 
 910:Drivers/BMP580/bmp5.c ****                 /* If previous mode is not standbymode return sensor to that previous mode
 911:Drivers/BMP580/bmp5.c ****                 * after setting iir configuration
 912:Drivers/BMP580/bmp5.c ****                 */
 913:Drivers/BMP580/bmp5.c ****                 if (rslt == BMP5_OK)
 914:Drivers/BMP580/bmp5.c ****                 {
 915:Drivers/BMP580/bmp5.c ****                     /* Since IIR works only in standby mode we are not re-writing to deepstandby mo
 916:Drivers/BMP580/bmp5.c ****                     * as deep standby mode resets the IIR settings to default
 917:Drivers/BMP580/bmp5.c ****                     */
 918:Drivers/BMP580/bmp5.c ****                     if ((curr_pwrmode != BMP5_POWERMODE_STANDBY) && (curr_pwrmode != BMP5_POWERMODE
 919:Drivers/BMP580/bmp5.c ****                     {
 920:Drivers/BMP580/bmp5.c ****                         rslt = bmp5_set_power_mode(curr_pwrmode, dev);
 921:Drivers/BMP580/bmp5.c ****                     }
 922:Drivers/BMP580/bmp5.c ****                 }
 923:Drivers/BMP580/bmp5.c ****             }
 924:Drivers/BMP580/bmp5.c ****         }
 925:Drivers/BMP580/bmp5.c ****     }
 926:Drivers/BMP580/bmp5.c ****     else
 927:Drivers/BMP580/bmp5.c ****     {
 928:Drivers/BMP580/bmp5.c ****         rslt = BMP5_E_NULL_PTR;
 929:Drivers/BMP580/bmp5.c ****     }
 930:Drivers/BMP580/bmp5.c **** 
 931:Drivers/BMP580/bmp5.c ****     return rslt;
 932:Drivers/BMP580/bmp5.c **** }
 933:Drivers/BMP580/bmp5.c **** 
 934:Drivers/BMP580/bmp5.c **** /*!
 935:Drivers/BMP580/bmp5.c ****  *  @brief This API gets the configuration for effective OSR of temperature,
 936:Drivers/BMP580/bmp5.c ****  *  effective OSR of pressure and ODR valid status.
 937:Drivers/BMP580/bmp5.c ****  */
 938:Drivers/BMP580/bmp5.c **** int8_t bmp5_get_osr_odr_eff(struct bmp5_osr_odr_eff *osr_odr_eff, struct bmp5_dev *dev)
 939:Drivers/BMP580/bmp5.c **** {
 940:Drivers/BMP580/bmp5.c ****     /* Variable to store the function result */
 941:Drivers/BMP580/bmp5.c ****     int8_t rslt;
 942:Drivers/BMP580/bmp5.c **** 
ARM GAS  C:\Users\Nathan\AppData\Local\Temp\ccGCFMYR.s 			page 18


 943:Drivers/BMP580/bmp5.c ****     /* Variable to store effective OSR */
 944:Drivers/BMP580/bmp5.c ****     uint8_t reg_data;
 945:Drivers/BMP580/bmp5.c **** 
 946:Drivers/BMP580/bmp5.c ****     if (osr_odr_eff != NULL)
 947:Drivers/BMP580/bmp5.c ****     {
 948:Drivers/BMP580/bmp5.c ****         /* Get effective OSR configuration and ODR valid status */
 949:Drivers/BMP580/bmp5.c ****         rslt = bmp5_get_regs(BMP5_REG_OSR_EFF, &reg_data, 1, dev);
 950:Drivers/BMP580/bmp5.c **** 
 951:Drivers/BMP580/bmp5.c ****         if (rslt == BMP5_OK)
 952:Drivers/BMP580/bmp5.c ****         {
 953:Drivers/BMP580/bmp5.c ****             osr_odr_eff->osr_t_eff = BMP5_GET_BITS_POS_0(reg_data, BMP5_OSR_TEMP_EFF);
 954:Drivers/BMP580/bmp5.c ****             osr_odr_eff->osr_p_eff = BMP5_GET_BITSLICE(reg_data, BMP5_OSR_PRESS_EFF);
 955:Drivers/BMP580/bmp5.c ****             osr_odr_eff->odr_is_valid = BMP5_GET_BITSLICE(reg_data, BMP5_ODR_IS_VALID);
 956:Drivers/BMP580/bmp5.c ****         }
 957:Drivers/BMP580/bmp5.c ****     }
 958:Drivers/BMP580/bmp5.c ****     else
 959:Drivers/BMP580/bmp5.c ****     {
 960:Drivers/BMP580/bmp5.c ****         rslt = BMP5_E_NULL_PTR;
 961:Drivers/BMP580/bmp5.c ****     }
 962:Drivers/BMP580/bmp5.c **** 
 963:Drivers/BMP580/bmp5.c ****     return rslt;
 964:Drivers/BMP580/bmp5.c **** }
 965:Drivers/BMP580/bmp5.c **** 
 966:Drivers/BMP580/bmp5.c **** /*!
 967:Drivers/BMP580/bmp5.c ****  *  @brief This API used to get the configurations of fifo from the sensor.
 968:Drivers/BMP580/bmp5.c ****  */
 969:Drivers/BMP580/bmp5.c **** int8_t bmp5_get_fifo_configuration(struct bmp5_fifo *fifo, struct bmp5_dev *dev)
 970:Drivers/BMP580/bmp5.c **** {
 971:Drivers/BMP580/bmp5.c ****     int8_t rslt = 0;
 972:Drivers/BMP580/bmp5.c ****     uint8_t reg_data;
 973:Drivers/BMP580/bmp5.c **** 
 974:Drivers/BMP580/bmp5.c ****     if (fifo != NULL)
 975:Drivers/BMP580/bmp5.c ****     {
 976:Drivers/BMP580/bmp5.c ****         /* Get the fifo congifurations */
 977:Drivers/BMP580/bmp5.c ****         rslt = bmp5_get_regs(BMP5_REG_FIFO_CONFIG, &reg_data, 1, dev);
 978:Drivers/BMP580/bmp5.c **** 
 979:Drivers/BMP580/bmp5.c ****         if (rslt == BMP5_OK)
 980:Drivers/BMP580/bmp5.c ****         {
 981:Drivers/BMP580/bmp5.c ****             fifo->threshold = BMP5_GET_BITS_POS_0(reg_data, BMP5_FIFO_THRESHOLD);
 982:Drivers/BMP580/bmp5.c ****             fifo->mode = BMP5_GET_BITSLICE(reg_data, BMP5_FIFO_MODE);
 983:Drivers/BMP580/bmp5.c **** 
 984:Drivers/BMP580/bmp5.c ****             rslt = bmp5_get_regs(BMP5_REG_FIFO_SEL, &reg_data, 1, dev);
 985:Drivers/BMP580/bmp5.c **** 
 986:Drivers/BMP580/bmp5.c ****             if (rslt == BMP5_OK)
 987:Drivers/BMP580/bmp5.c ****             {
 988:Drivers/BMP580/bmp5.c ****                 fifo->frame_sel = BMP5_GET_BITS_POS_0(reg_data, BMP5_FIFO_FRAME_SEL);
 989:Drivers/BMP580/bmp5.c ****                 fifo->dec_sel = BMP5_GET_BITSLICE(reg_data, BMP5_FIFO_DEC_SEL);
 990:Drivers/BMP580/bmp5.c ****             }
 991:Drivers/BMP580/bmp5.c ****         }
 992:Drivers/BMP580/bmp5.c **** 
 993:Drivers/BMP580/bmp5.c ****         if (rslt == BMP5_OK)
 994:Drivers/BMP580/bmp5.c ****         {
 995:Drivers/BMP580/bmp5.c ****             rslt = bmp5_get_regs(BMP5_REG_DSP_CONFIG, &reg_data, 1, dev);
 996:Drivers/BMP580/bmp5.c **** 
 997:Drivers/BMP580/bmp5.c ****             if (rslt == BMP5_OK)
 998:Drivers/BMP580/bmp5.c ****             {
 999:Drivers/BMP580/bmp5.c ****                 fifo->set_fifo_iir_t = BMP5_GET_BITSLICE(reg_data, BMP5_SET_FIFO_IIR_TEMP);
ARM GAS  C:\Users\Nathan\AppData\Local\Temp\ccGCFMYR.s 			page 19


1000:Drivers/BMP580/bmp5.c ****                 fifo->set_fifo_iir_p = BMP5_GET_BITSLICE(reg_data, BMP5_SET_FIFO_IIR_PRESS);
1001:Drivers/BMP580/bmp5.c ****             }
1002:Drivers/BMP580/bmp5.c ****         }
1003:Drivers/BMP580/bmp5.c ****     }
1004:Drivers/BMP580/bmp5.c ****     else
1005:Drivers/BMP580/bmp5.c ****     {
1006:Drivers/BMP580/bmp5.c ****         rslt = BMP5_E_NULL_PTR;
1007:Drivers/BMP580/bmp5.c ****     }
1008:Drivers/BMP580/bmp5.c **** 
1009:Drivers/BMP580/bmp5.c ****     return rslt;
1010:Drivers/BMP580/bmp5.c **** }
1011:Drivers/BMP580/bmp5.c **** 
1012:Drivers/BMP580/bmp5.c **** /*!
1013:Drivers/BMP580/bmp5.c ****  *  @brief This API used to set the configurations of fifo in the sensor.
1014:Drivers/BMP580/bmp5.c ****  *
1015:Drivers/BMP580/bmp5.c ****  *  @note If Fifo frame selection is enabled then powermode is set as standby mode, as fifo frame s
1016:Drivers/BMP580/bmp5.c ****  *  enabled without disabling deep-standby mode makes powermode invalid.
1017:Drivers/BMP580/bmp5.c ****  */
1018:Drivers/BMP580/bmp5.c **** int8_t bmp5_set_fifo_configuration(const struct bmp5_fifo *fifo, struct bmp5_dev *dev)
1019:Drivers/BMP580/bmp5.c **** {
1020:Drivers/BMP580/bmp5.c ****     int8_t rslt = 0;
1021:Drivers/BMP580/bmp5.c ****     uint8_t reg_data;
1022:Drivers/BMP580/bmp5.c ****     uint8_t set_fifo_iir_t, set_fifo_iit_p;
1023:Drivers/BMP580/bmp5.c **** 
1024:Drivers/BMP580/bmp5.c ****     if (fifo != NULL)
1025:Drivers/BMP580/bmp5.c ****     {
1026:Drivers/BMP580/bmp5.c ****         /* If Fifo frame selection is enabled then powermode is set as standby mode, as fifo frame 
1027:Drivers/BMP580/bmp5.c ****          * enabled without disabling deep-standby mode makes powermode invalid.
1028:Drivers/BMP580/bmp5.c ****          */
1029:Drivers/BMP580/bmp5.c ****         if (fifo->frame_sel != BMP5_DISABLE)
1030:Drivers/BMP580/bmp5.c ****         {
1031:Drivers/BMP580/bmp5.c ****             rslt = set_standby_mode(dev);
1032:Drivers/BMP580/bmp5.c ****         }
1033:Drivers/BMP580/bmp5.c **** 
1034:Drivers/BMP580/bmp5.c ****         if (rslt == BMP5_OK)
1035:Drivers/BMP580/bmp5.c ****         {
1036:Drivers/BMP580/bmp5.c ****             set_fifo_iir_t = fifo->set_fifo_iir_t;
1037:Drivers/BMP580/bmp5.c ****             set_fifo_iit_p = fifo->set_fifo_iir_p;
1038:Drivers/BMP580/bmp5.c **** 
1039:Drivers/BMP580/bmp5.c ****             rslt = set_fifo_iir_config(set_fifo_iir_t, set_fifo_iit_p, dev);
1040:Drivers/BMP580/bmp5.c **** 
1041:Drivers/BMP580/bmp5.c ****             if (rslt == BMP5_OK)
1042:Drivers/BMP580/bmp5.c ****             {
1043:Drivers/BMP580/bmp5.c ****                 /* Get the fifo congifurations */
1044:Drivers/BMP580/bmp5.c ****                 rslt = bmp5_get_regs(BMP5_REG_FIFO_CONFIG, &reg_data, 1, dev);
1045:Drivers/BMP580/bmp5.c **** 
1046:Drivers/BMP580/bmp5.c ****                 if (rslt == BMP5_OK)
1047:Drivers/BMP580/bmp5.c ****                 {
1048:Drivers/BMP580/bmp5.c ****                     reg_data = BMP5_SET_BITSLICE(reg_data, BMP5_FIFO_MODE, fifo->mode);
1049:Drivers/BMP580/bmp5.c **** 
1050:Drivers/BMP580/bmp5.c ****                     rslt = set_fifo_threshold(&reg_data, fifo);
1051:Drivers/BMP580/bmp5.c ****                 }
1052:Drivers/BMP580/bmp5.c **** 
1053:Drivers/BMP580/bmp5.c ****                 if (rslt == BMP5_OK)
1054:Drivers/BMP580/bmp5.c ****                 {
1055:Drivers/BMP580/bmp5.c ****                     /* Set the fifo congifurations */
1056:Drivers/BMP580/bmp5.c ****                     rslt = bmp5_set_regs(BMP5_REG_FIFO_CONFIG, &reg_data, 1, dev);
ARM GAS  C:\Users\Nathan\AppData\Local\Temp\ccGCFMYR.s 			page 20


1057:Drivers/BMP580/bmp5.c ****                 }
1058:Drivers/BMP580/bmp5.c **** 
1059:Drivers/BMP580/bmp5.c ****                 if (rslt == BMP5_OK)
1060:Drivers/BMP580/bmp5.c ****                 {
1061:Drivers/BMP580/bmp5.c ****                     rslt = bmp5_get_regs(BMP5_REG_FIFO_SEL, &reg_data, 1, dev);
1062:Drivers/BMP580/bmp5.c ****                 }
1063:Drivers/BMP580/bmp5.c **** 
1064:Drivers/BMP580/bmp5.c ****                 if (rslt == BMP5_OK)
1065:Drivers/BMP580/bmp5.c ****                 {
1066:Drivers/BMP580/bmp5.c ****                     reg_data = BMP5_SET_BITS_POS_0(reg_data, BMP5_FIFO_FRAME_SEL, fifo->frame_sel);
1067:Drivers/BMP580/bmp5.c ****                     reg_data = BMP5_SET_BITSLICE(reg_data, BMP5_FIFO_DEC_SEL, fifo->dec_sel);
1068:Drivers/BMP580/bmp5.c ****                 }
1069:Drivers/BMP580/bmp5.c **** 
1070:Drivers/BMP580/bmp5.c ****                 if (rslt == BMP5_OK)
1071:Drivers/BMP580/bmp5.c ****                 {
1072:Drivers/BMP580/bmp5.c ****                     /* Set the fifo congifurations */
1073:Drivers/BMP580/bmp5.c ****                     rslt = bmp5_set_regs(BMP5_REG_FIFO_SEL, &reg_data, 1, dev);
1074:Drivers/BMP580/bmp5.c ****                 }
1075:Drivers/BMP580/bmp5.c ****             }
1076:Drivers/BMP580/bmp5.c ****         }
1077:Drivers/BMP580/bmp5.c ****     }
1078:Drivers/BMP580/bmp5.c ****     else
1079:Drivers/BMP580/bmp5.c ****     {
1080:Drivers/BMP580/bmp5.c ****         rslt = BMP5_E_NULL_PTR;
1081:Drivers/BMP580/bmp5.c ****     }
1082:Drivers/BMP580/bmp5.c **** 
1083:Drivers/BMP580/bmp5.c ****     return rslt;
1084:Drivers/BMP580/bmp5.c **** }
1085:Drivers/BMP580/bmp5.c **** 
1086:Drivers/BMP580/bmp5.c **** /*!
1087:Drivers/BMP580/bmp5.c ****  *  @brief This API is used to get the length of fifo from the sensor.
1088:Drivers/BMP580/bmp5.c ****  */
1089:Drivers/BMP580/bmp5.c **** int8_t bmp5_get_fifo_len(uint16_t *fifo_len, struct bmp5_fifo *fifo, struct bmp5_dev *dev)
1090:Drivers/BMP580/bmp5.c **** {
1091:Drivers/BMP580/bmp5.c ****     int8_t rslt;
1092:Drivers/BMP580/bmp5.c ****     uint8_t reg_data;
1093:Drivers/BMP580/bmp5.c **** 
1094:Drivers/BMP580/bmp5.c ****     if ((fifo != NULL) && (fifo_len != NULL))
1095:Drivers/BMP580/bmp5.c ****     {
1096:Drivers/BMP580/bmp5.c ****         /* Get the fifo frame count */
1097:Drivers/BMP580/bmp5.c ****         rslt = bmp5_get_regs(BMP5_REG_FIFO_COUNT, &reg_data, 1, dev);
1098:Drivers/BMP580/bmp5.c **** 
1099:Drivers/BMP580/bmp5.c ****         if (rslt == BMP5_OK)
1100:Drivers/BMP580/bmp5.c ****         {
1101:Drivers/BMP580/bmp5.c ****             fifo->fifo_count = BMP5_GET_BITS_POS_0(reg_data, BMP5_FIFO_COUNT);
1102:Drivers/BMP580/bmp5.c **** 
1103:Drivers/BMP580/bmp5.c ****             if ((fifo->frame_sel == BMP5_FIFO_TEMPERATURE_DATA) || (fifo->frame_sel == BMP5_FIFO_PR
1104:Drivers/BMP580/bmp5.c ****             {
1105:Drivers/BMP580/bmp5.c ****                 /* Maximum of 32 frames if either one of temperature or pressure is selected
1106:Drivers/BMP580/bmp5.c ****                  * and each frame comprises of 3 bytes of data
1107:Drivers/BMP580/bmp5.c ****                  */
1108:Drivers/BMP580/bmp5.c ****                 *fifo_len = fifo->fifo_count * 3;
1109:Drivers/BMP580/bmp5.c ****             }
1110:Drivers/BMP580/bmp5.c ****             else if (fifo->frame_sel == BMP5_FIFO_PRESS_TEMP_DATA)
1111:Drivers/BMP580/bmp5.c ****             {
1112:Drivers/BMP580/bmp5.c ****                 /* Maximum of 16 frames if both temperature and pressure is selected
1113:Drivers/BMP580/bmp5.c ****                  * and each frame comprises of 6 bytes of data
ARM GAS  C:\Users\Nathan\AppData\Local\Temp\ccGCFMYR.s 			page 21


1114:Drivers/BMP580/bmp5.c ****                  */
1115:Drivers/BMP580/bmp5.c ****                 *fifo_len = fifo->fifo_count * 6;
1116:Drivers/BMP580/bmp5.c ****             }
1117:Drivers/BMP580/bmp5.c ****         }
1118:Drivers/BMP580/bmp5.c ****     }
1119:Drivers/BMP580/bmp5.c ****     else
1120:Drivers/BMP580/bmp5.c ****     {
1121:Drivers/BMP580/bmp5.c ****         rslt = BMP5_E_NULL_PTR;
1122:Drivers/BMP580/bmp5.c ****     }
1123:Drivers/BMP580/bmp5.c **** 
1124:Drivers/BMP580/bmp5.c ****     return rslt;
1125:Drivers/BMP580/bmp5.c **** }
1126:Drivers/BMP580/bmp5.c **** 
1127:Drivers/BMP580/bmp5.c **** /*!
1128:Drivers/BMP580/bmp5.c ****  *  @brief This API is used to get the fifo data from the sensor.
1129:Drivers/BMP580/bmp5.c ****  */
1130:Drivers/BMP580/bmp5.c **** int8_t bmp5_get_fifo_data(struct bmp5_fifo *fifo, struct bmp5_dev *dev)
1131:Drivers/BMP580/bmp5.c **** {
1132:Drivers/BMP580/bmp5.c ****     int8_t rslt;
1133:Drivers/BMP580/bmp5.c ****     uint16_t fifo_len;
1134:Drivers/BMP580/bmp5.c **** 
1135:Drivers/BMP580/bmp5.c ****     if (fifo != NULL)
1136:Drivers/BMP580/bmp5.c ****     {
1137:Drivers/BMP580/bmp5.c ****         /* Get the fifo length */
1138:Drivers/BMP580/bmp5.c ****         rslt = bmp5_get_fifo_len(&fifo_len, fifo, dev);
1139:Drivers/BMP580/bmp5.c **** 
1140:Drivers/BMP580/bmp5.c ****         if (rslt == BMP5_OK)
1141:Drivers/BMP580/bmp5.c ****         {
1142:Drivers/BMP580/bmp5.c ****             if (fifo->length > fifo_len)
1143:Drivers/BMP580/bmp5.c ****             {
1144:Drivers/BMP580/bmp5.c ****                 fifo->length = fifo_len;
1145:Drivers/BMP580/bmp5.c ****             }
1146:Drivers/BMP580/bmp5.c **** 
1147:Drivers/BMP580/bmp5.c ****             /* Read the fifo data */
1148:Drivers/BMP580/bmp5.c ****             rslt = bmp5_get_regs(BMP5_REG_FIFO_DATA, fifo->data, fifo->length, dev);
1149:Drivers/BMP580/bmp5.c ****         }
1150:Drivers/BMP580/bmp5.c ****     }
1151:Drivers/BMP580/bmp5.c ****     else
1152:Drivers/BMP580/bmp5.c ****     {
1153:Drivers/BMP580/bmp5.c ****         rslt = BMP5_E_NULL_PTR;
1154:Drivers/BMP580/bmp5.c ****     }
1155:Drivers/BMP580/bmp5.c **** 
1156:Drivers/BMP580/bmp5.c ****     return rslt;
1157:Drivers/BMP580/bmp5.c **** }
1158:Drivers/BMP580/bmp5.c **** 
1159:Drivers/BMP580/bmp5.c **** /*!
1160:Drivers/BMP580/bmp5.c ****  *  @brief This API extract the temperature and/or pressure data from the fifo data which is
1161:Drivers/BMP580/bmp5.c ****  *  already read from the fifo.
1162:Drivers/BMP580/bmp5.c ****  */
1163:Drivers/BMP580/bmp5.c **** int8_t bmp5_extract_fifo_data(const struct bmp5_fifo *fifo, struct bmp5_sensor_data *sensor_data)
1164:Drivers/BMP580/bmp5.c **** {
1165:Drivers/BMP580/bmp5.c ****     int8_t rslt = 0;
1166:Drivers/BMP580/bmp5.c ****     uint8_t idx = 0;
1167:Drivers/BMP580/bmp5.c ****     uint16_t data_indx;
1168:Drivers/BMP580/bmp5.c **** 
1169:Drivers/BMP580/bmp5.c ****     /* Proceed if null check is fine */
1170:Drivers/BMP580/bmp5.c ****     if ((fifo != NULL) && (sensor_data != NULL))
ARM GAS  C:\Users\Nathan\AppData\Local\Temp\ccGCFMYR.s 			page 22


1171:Drivers/BMP580/bmp5.c ****     {
1172:Drivers/BMP580/bmp5.c ****         for (data_indx = 0; (data_indx < fifo->length) && (rslt != BMP5_E_FIFO_FRAME_EMPTY);)
1173:Drivers/BMP580/bmp5.c ****         {
1174:Drivers/BMP580/bmp5.c ****             /* Inside unpack_sensor_data function, data_index is incremented */
1175:Drivers/BMP580/bmp5.c ****             rslt = unpack_sensor_data(&sensor_data[idx], &data_indx, fifo);
1176:Drivers/BMP580/bmp5.c ****             idx++;
1177:Drivers/BMP580/bmp5.c ****         }
1178:Drivers/BMP580/bmp5.c ****     }
1179:Drivers/BMP580/bmp5.c ****     else
1180:Drivers/BMP580/bmp5.c ****     {
1181:Drivers/BMP580/bmp5.c ****         rslt = BMP5_E_NULL_PTR;
1182:Drivers/BMP580/bmp5.c ****     }
1183:Drivers/BMP580/bmp5.c **** 
1184:Drivers/BMP580/bmp5.c ****     return rslt;
1185:Drivers/BMP580/bmp5.c **** }
1186:Drivers/BMP580/bmp5.c **** 
1187:Drivers/BMP580/bmp5.c **** /*!
1188:Drivers/BMP580/bmp5.c ****  *  @brief This API gets the configuration for out-of-range pressure threshold, range
1189:Drivers/BMP580/bmp5.c ****  *  count limit and IIR.
1190:Drivers/BMP580/bmp5.c ****  */
1191:Drivers/BMP580/bmp5.c **** int8_t bmp5_get_oor_configuration(struct bmp5_oor_press_configuration *oor_press_config, struct bmp
1192:Drivers/BMP580/bmp5.c **** {
1193:Drivers/BMP580/bmp5.c ****     int8_t rslt;
1194:Drivers/BMP580/bmp5.c ****     uint8_t reg_data[4];
1195:Drivers/BMP580/bmp5.c **** 
1196:Drivers/BMP580/bmp5.c ****     if (oor_press_config != NULL)
1197:Drivers/BMP580/bmp5.c ****     {
1198:Drivers/BMP580/bmp5.c ****         rslt = bmp5_get_regs(BMP5_REG_DSP_CONFIG, &reg_data[0], 1, dev);
1199:Drivers/BMP580/bmp5.c **** 
1200:Drivers/BMP580/bmp5.c ****         if (rslt == BMP5_OK)
1201:Drivers/BMP580/bmp5.c ****         {
1202:Drivers/BMP580/bmp5.c ****             oor_press_config->oor_sel_iir_p = BMP5_GET_BITSLICE(reg_data[0], BMP5_OOR_SEL_IIR_PRESS
1203:Drivers/BMP580/bmp5.c **** 
1204:Drivers/BMP580/bmp5.c ****             rslt = bmp5_get_regs(BMP5_REG_OOR_THR_P_LSB, reg_data, 4, dev);
1205:Drivers/BMP580/bmp5.c **** 
1206:Drivers/BMP580/bmp5.c ****             if (rslt == BMP5_OK)
1207:Drivers/BMP580/bmp5.c ****             {
1208:Drivers/BMP580/bmp5.c ****                 oor_press_config->oor_thr_p = reg_data[0] | (reg_data[1] << 8) |
1209:Drivers/BMP580/bmp5.c ****                                               ((reg_data[3] & BMP5_OOR_THR_P_XMSB_REG_MSK) << 16);
1210:Drivers/BMP580/bmp5.c ****                 oor_press_config->oor_range_p = reg_data[2];
1211:Drivers/BMP580/bmp5.c ****                 oor_press_config->cnt_lim = BMP5_GET_BITSLICE(reg_data[3], BMP5_OOR_COUNT_LIMIT);
1212:Drivers/BMP580/bmp5.c ****             }
1213:Drivers/BMP580/bmp5.c ****         }
1214:Drivers/BMP580/bmp5.c ****     }
1215:Drivers/BMP580/bmp5.c ****     else
1216:Drivers/BMP580/bmp5.c ****     {
1217:Drivers/BMP580/bmp5.c ****         rslt = BMP5_E_NULL_PTR;
1218:Drivers/BMP580/bmp5.c ****     }
1219:Drivers/BMP580/bmp5.c **** 
1220:Drivers/BMP580/bmp5.c ****     return rslt;
1221:Drivers/BMP580/bmp5.c **** }
1222:Drivers/BMP580/bmp5.c **** 
1223:Drivers/BMP580/bmp5.c **** /*!
1224:Drivers/BMP580/bmp5.c ****  *  @brief This API sets the configuration for out-of-range pressure threshold, range
1225:Drivers/BMP580/bmp5.c ****  *  count limit and IIR.
1226:Drivers/BMP580/bmp5.c ****  */
1227:Drivers/BMP580/bmp5.c **** int8_t bmp5_set_oor_configuration(const struct bmp5_oor_press_configuration *oor_press_config, stru
ARM GAS  C:\Users\Nathan\AppData\Local\Temp\ccGCFMYR.s 			page 23


1228:Drivers/BMP580/bmp5.c **** {
1229:Drivers/BMP580/bmp5.c ****     int8_t rslt;
1230:Drivers/BMP580/bmp5.c ****     uint8_t reg_data[4];
1231:Drivers/BMP580/bmp5.c ****     uint8_t thres_xmsb;
1232:Drivers/BMP580/bmp5.c ****     uint8_t set_oor_iir_p, set_count_limit;
1233:Drivers/BMP580/bmp5.c **** 
1234:Drivers/BMP580/bmp5.c ****     if (oor_press_config != NULL)
1235:Drivers/BMP580/bmp5.c ****     {
1236:Drivers/BMP580/bmp5.c ****         set_oor_iir_p = oor_press_config->oor_sel_iir_p;
1237:Drivers/BMP580/bmp5.c ****         set_count_limit = oor_press_config->cnt_lim;
1238:Drivers/BMP580/bmp5.c **** 
1239:Drivers/BMP580/bmp5.c ****         rslt = set_oor_iir_count_limit(set_oor_iir_p, set_count_limit, dev);
1240:Drivers/BMP580/bmp5.c **** 
1241:Drivers/BMP580/bmp5.c ****         if (rslt == BMP5_OK)
1242:Drivers/BMP580/bmp5.c ****         {
1243:Drivers/BMP580/bmp5.c ****             /* Get the OOR configurations */
1244:Drivers/BMP580/bmp5.c ****             rslt = bmp5_get_regs(BMP5_REG_OOR_THR_P_LSB, reg_data, 4, dev);
1245:Drivers/BMP580/bmp5.c **** 
1246:Drivers/BMP580/bmp5.c ****             if (rslt == BMP5_OK)
1247:Drivers/BMP580/bmp5.c ****             {
1248:Drivers/BMP580/bmp5.c ****                 reg_data[0] = BMP5_SET_BITS_POS_0(reg_data[0], BMP5_OOR_THR_P_LSB, oor_press_config
1249:Drivers/BMP580/bmp5.c ****                 reg_data[1] =
1250:Drivers/BMP580/bmp5.c ****                     (uint8_t)(BMP5_SET_BITS_POS_0(reg_data[1], BMP5_OOR_THR_P_MSB, oor_press_config
1251:Drivers/BMP580/bmp5.c ****                 reg_data[2] = oor_press_config->oor_range_p;
1252:Drivers/BMP580/bmp5.c ****                 thres_xmsb = BMP5_GET_BITSLICE(oor_press_config->oor_thr_p, BMP5_OOR_THR_P_XMSB);
1253:Drivers/BMP580/bmp5.c ****                 reg_data[3] = BMP5_SET_BITS_POS_0(reg_data[3], BMP5_OOR_THR_P_XMSB_REG, thres_xmsb)
1254:Drivers/BMP580/bmp5.c **** 
1255:Drivers/BMP580/bmp5.c ****                 /* Set the OOR congifurations */
1256:Drivers/BMP580/bmp5.c ****                 rslt = bmp5_set_regs(BMP5_REG_OOR_THR_P_LSB, reg_data, 4, dev);
1257:Drivers/BMP580/bmp5.c ****             }
1258:Drivers/BMP580/bmp5.c ****         }
1259:Drivers/BMP580/bmp5.c ****     }
1260:Drivers/BMP580/bmp5.c ****     else
1261:Drivers/BMP580/bmp5.c ****     {
1262:Drivers/BMP580/bmp5.c ****         rslt = BMP5_E_NULL_PTR;
1263:Drivers/BMP580/bmp5.c ****     }
1264:Drivers/BMP580/bmp5.c **** 
1265:Drivers/BMP580/bmp5.c ****     return rslt;
1266:Drivers/BMP580/bmp5.c **** }
1267:Drivers/BMP580/bmp5.c **** 
1268:Drivers/BMP580/bmp5.c **** /*!
1269:Drivers/BMP580/bmp5.c ****  *  @brief This API is used to perform NVM read.
1270:Drivers/BMP580/bmp5.c ****  */
1271:Drivers/BMP580/bmp5.c **** int8_t bmp5_nvm_read(uint8_t nvm_addr, uint16_t *nvm_data, struct bmp5_dev *dev)
1272:Drivers/BMP580/bmp5.c **** {
1273:Drivers/BMP580/bmp5.c ****     int8_t rslt;
1274:Drivers/BMP580/bmp5.c ****     uint8_t reg_data;
1275:Drivers/BMP580/bmp5.c **** 
1276:Drivers/BMP580/bmp5.c ****     /* Variable to store existing powermode */
1277:Drivers/BMP580/bmp5.c ****     enum bmp5_powermode curr_pwrmode;
1278:Drivers/BMP580/bmp5.c **** 
1279:Drivers/BMP580/bmp5.c ****     /* Check for null pointer in the device structure */
1280:Drivers/BMP580/bmp5.c ****     rslt = null_ptr_check(dev);
1281:Drivers/BMP580/bmp5.c **** 
1282:Drivers/BMP580/bmp5.c ****     /* Proceed if null check is fine */
1283:Drivers/BMP580/bmp5.c ****     if ((rslt == BMP5_OK) && (nvm_data != NULL))
1284:Drivers/BMP580/bmp5.c ****     {
ARM GAS  C:\Users\Nathan\AppData\Local\Temp\ccGCFMYR.s 			page 24


1285:Drivers/BMP580/bmp5.c ****         rslt = nvm_write_addr(nvm_addr, BMP5_DISABLE, &curr_pwrmode, dev);
1286:Drivers/BMP580/bmp5.c **** 
1287:Drivers/BMP580/bmp5.c ****         if (rslt == BMP5_OK)
1288:Drivers/BMP580/bmp5.c ****         {
1289:Drivers/BMP580/bmp5.c ****             /* First NVM command for user read sequence */
1290:Drivers/BMP580/bmp5.c ****             reg_data = BMP5_NVM_FIRST_CMND;
1291:Drivers/BMP580/bmp5.c ****             rslt = bmp5_set_regs(BMP5_REG_CMD, &reg_data, 1, dev);
1292:Drivers/BMP580/bmp5.c ****         }
1293:Drivers/BMP580/bmp5.c **** 
1294:Drivers/BMP580/bmp5.c ****         if (rslt == BMP5_OK)
1295:Drivers/BMP580/bmp5.c ****         {
1296:Drivers/BMP580/bmp5.c ****             /* Read enable NVM command for user read sequence */
1297:Drivers/BMP580/bmp5.c ****             reg_data = BMP5_NVM_READ_ENABLE_CMND;
1298:Drivers/BMP580/bmp5.c ****             rslt = bmp5_set_regs(BMP5_REG_CMD, &reg_data, 1, dev);
1299:Drivers/BMP580/bmp5.c **** 
1300:Drivers/BMP580/bmp5.c ****             /* Delay required for NVM ready status to change to 1 before NVM read */
1301:Drivers/BMP580/bmp5.c ****             dev->delay_us(BMP5_DELAY_US_NVM_READY_READ, dev->intf_ptr);
1302:Drivers/BMP580/bmp5.c ****         }
1303:Drivers/BMP580/bmp5.c **** 
1304:Drivers/BMP580/bmp5.c ****         if (rslt == BMP5_OK)
1305:Drivers/BMP580/bmp5.c ****         {
1306:Drivers/BMP580/bmp5.c ****             rslt = get_nvm_data(nvm_data, dev);
1307:Drivers/BMP580/bmp5.c ****         }
1308:Drivers/BMP580/bmp5.c **** 
1309:Drivers/BMP580/bmp5.c ****         if (rslt == BMP5_OK)
1310:Drivers/BMP580/bmp5.c ****         {
1311:Drivers/BMP580/bmp5.c ****             /* If previous mode is not standbymode return sensor to that previous mode
1312:Drivers/BMP580/bmp5.c ****              * after performing NVM
1313:Drivers/BMP580/bmp5.c ****              */
1314:Drivers/BMP580/bmp5.c ****             if (curr_pwrmode != BMP5_POWERMODE_STANDBY)
1315:Drivers/BMP580/bmp5.c ****             {
1316:Drivers/BMP580/bmp5.c ****                 rslt = bmp5_set_power_mode(curr_pwrmode, dev);
1317:Drivers/BMP580/bmp5.c ****             }
1318:Drivers/BMP580/bmp5.c ****         }
1319:Drivers/BMP580/bmp5.c ****     }
1320:Drivers/BMP580/bmp5.c ****     else
1321:Drivers/BMP580/bmp5.c ****     {
1322:Drivers/BMP580/bmp5.c ****         rslt = BMP5_E_NULL_PTR;
1323:Drivers/BMP580/bmp5.c ****     }
1324:Drivers/BMP580/bmp5.c **** 
1325:Drivers/BMP580/bmp5.c ****     return rslt;
1326:Drivers/BMP580/bmp5.c **** }
1327:Drivers/BMP580/bmp5.c **** 
1328:Drivers/BMP580/bmp5.c **** /*!
1329:Drivers/BMP580/bmp5.c ****  *  @brief This API is used to perform NVM write.
1330:Drivers/BMP580/bmp5.c ****  */
1331:Drivers/BMP580/bmp5.c **** int8_t bmp5_nvm_write(uint8_t nvm_addr, const uint16_t *nvm_data, struct bmp5_dev *dev)
1332:Drivers/BMP580/bmp5.c **** {
1333:Drivers/BMP580/bmp5.c ****     int8_t rslt;
1334:Drivers/BMP580/bmp5.c **** 
1335:Drivers/BMP580/bmp5.c ****     uint8_t nvm_status = 0;
1336:Drivers/BMP580/bmp5.c **** 
1337:Drivers/BMP580/bmp5.c ****     uint8_t reg_data = 0;
1338:Drivers/BMP580/bmp5.c **** 
1339:Drivers/BMP580/bmp5.c ****     uint8_t nvmdata[2];
1340:Drivers/BMP580/bmp5.c **** 
1341:Drivers/BMP580/bmp5.c ****     /* Variable to store existing powermode */
ARM GAS  C:\Users\Nathan\AppData\Local\Temp\ccGCFMYR.s 			page 25


1342:Drivers/BMP580/bmp5.c ****     enum bmp5_powermode curr_pwrmode;
1343:Drivers/BMP580/bmp5.c **** 
1344:Drivers/BMP580/bmp5.c ****     /* Check for null pointer in the device structure */
1345:Drivers/BMP580/bmp5.c ****     rslt = null_ptr_check(dev);
1346:Drivers/BMP580/bmp5.c **** 
1347:Drivers/BMP580/bmp5.c ****     /* Proceed if null check is fine */
1348:Drivers/BMP580/bmp5.c ****     if ((rslt == BMP5_OK) && (nvm_data != NULL))
1349:Drivers/BMP580/bmp5.c ****     {
1350:Drivers/BMP580/bmp5.c ****         rslt = nvm_write_addr(nvm_addr, BMP5_ENABLE, &curr_pwrmode, dev);
1351:Drivers/BMP580/bmp5.c **** 
1352:Drivers/BMP580/bmp5.c ****         if (rslt == BMP5_OK)
1353:Drivers/BMP580/bmp5.c ****         {
1354:Drivers/BMP580/bmp5.c ****             /* Write data to be written to NVM address */
1355:Drivers/BMP580/bmp5.c ****             rslt = bmp5_get_regs(BMP5_REG_NVM_DATA_LSB, nvmdata, 2, dev);
1356:Drivers/BMP580/bmp5.c **** 
1357:Drivers/BMP580/bmp5.c ****             if (rslt == BMP5_OK)
1358:Drivers/BMP580/bmp5.c ****             {
1359:Drivers/BMP580/bmp5.c ****                 nvmdata[0] = (uint8_t)(*nvm_data & BMP5_NVM_DATA_LSB_MSK);
1360:Drivers/BMP580/bmp5.c ****                 nvmdata[1] = (uint8_t)((*nvm_data & BMP5_NVM_DATA_MSB_MSK) >> 8);
1361:Drivers/BMP580/bmp5.c **** 
1362:Drivers/BMP580/bmp5.c ****                 rslt = bmp5_set_regs(BMP5_REG_NVM_DATA_LSB, nvmdata, 2, dev);
1363:Drivers/BMP580/bmp5.c ****             }
1364:Drivers/BMP580/bmp5.c ****         }
1365:Drivers/BMP580/bmp5.c **** 
1366:Drivers/BMP580/bmp5.c ****         if (rslt == BMP5_OK)
1367:Drivers/BMP580/bmp5.c ****         {
1368:Drivers/BMP580/bmp5.c ****             /* First NVM command for user write sequence */
1369:Drivers/BMP580/bmp5.c ****             reg_data = BMP5_NVM_FIRST_CMND;
1370:Drivers/BMP580/bmp5.c ****             rslt = bmp5_set_regs(BMP5_REG_CMD, &reg_data, 1, dev);
1371:Drivers/BMP580/bmp5.c ****         }
1372:Drivers/BMP580/bmp5.c **** 
1373:Drivers/BMP580/bmp5.c ****         if (rslt == BMP5_OK)
1374:Drivers/BMP580/bmp5.c ****         {
1375:Drivers/BMP580/bmp5.c ****             /* Write enable NVM command for user write sequence */
1376:Drivers/BMP580/bmp5.c ****             reg_data = BMP5_NVM_WRITE_ENABLE_CMND;
1377:Drivers/BMP580/bmp5.c ****             rslt = bmp5_set_regs(BMP5_REG_CMD, &reg_data, 1, dev);
1378:Drivers/BMP580/bmp5.c **** 
1379:Drivers/BMP580/bmp5.c ****             /* Delay required for NVM ready status to change to 1 */
1380:Drivers/BMP580/bmp5.c ****             dev->delay_us(BMP5_DELAY_US_NVM_READY_WRITE, dev->intf_ptr);
1381:Drivers/BMP580/bmp5.c ****         }
1382:Drivers/BMP580/bmp5.c **** 
1383:Drivers/BMP580/bmp5.c ****         if (rslt == BMP5_OK)
1384:Drivers/BMP580/bmp5.c ****         {
1385:Drivers/BMP580/bmp5.c ****             /* Check if NVM ready status = 1, NVM error status = 0 and NVM command error status = 0
1386:Drivers/BMP580/bmp5.c ****             rslt = get_nvm_status(&nvm_status, dev);
1387:Drivers/BMP580/bmp5.c **** 
1388:Drivers/BMP580/bmp5.c ****             if ((nvm_status & BMP5_INT_NVM_RDY) && (!(nvm_status & BMP5_INT_NVM_ERR)) &&
1389:Drivers/BMP580/bmp5.c ****                 (!(nvm_status & BMP5_INT_NVM_CMD_ERR)))
1390:Drivers/BMP580/bmp5.c ****             {
1391:Drivers/BMP580/bmp5.c ****                 /* Reset NVM prog_en */
1392:Drivers/BMP580/bmp5.c ****                 reg_data = BMP5_SET_BIT_VAL_0(reg_data, BMP5_NVM_PROG_EN);
1393:Drivers/BMP580/bmp5.c **** 
1394:Drivers/BMP580/bmp5.c ****                 rslt = bmp5_set_regs(BMP5_REG_NVM_ADDR, &reg_data, 1, dev);
1395:Drivers/BMP580/bmp5.c ****             }
1396:Drivers/BMP580/bmp5.c ****             else
1397:Drivers/BMP580/bmp5.c ****             {
1398:Drivers/BMP580/bmp5.c ****                 rslt = BMP5_E_NVM_NOT_READY;
ARM GAS  C:\Users\Nathan\AppData\Local\Temp\ccGCFMYR.s 			page 26


1399:Drivers/BMP580/bmp5.c ****             }
1400:Drivers/BMP580/bmp5.c ****         }
1401:Drivers/BMP580/bmp5.c **** 
1402:Drivers/BMP580/bmp5.c ****         if (rslt == BMP5_OK)
1403:Drivers/BMP580/bmp5.c ****         {
1404:Drivers/BMP580/bmp5.c ****             /* If previous mode is not standbymode return sensor to that previous mode
1405:Drivers/BMP580/bmp5.c ****              * after performing NVM
1406:Drivers/BMP580/bmp5.c ****              */
1407:Drivers/BMP580/bmp5.c ****             if (curr_pwrmode != BMP5_POWERMODE_STANDBY)
1408:Drivers/BMP580/bmp5.c ****             {
1409:Drivers/BMP580/bmp5.c ****                 rslt = bmp5_set_power_mode(curr_pwrmode, dev);
1410:Drivers/BMP580/bmp5.c ****             }
1411:Drivers/BMP580/bmp5.c ****         }
1412:Drivers/BMP580/bmp5.c ****     }
1413:Drivers/BMP580/bmp5.c ****     else
1414:Drivers/BMP580/bmp5.c ****     {
1415:Drivers/BMP580/bmp5.c ****         rslt = BMP5_E_NULL_PTR;
1416:Drivers/BMP580/bmp5.c ****     }
1417:Drivers/BMP580/bmp5.c **** 
1418:Drivers/BMP580/bmp5.c ****     return rslt;
1419:Drivers/BMP580/bmp5.c **** }
1420:Drivers/BMP580/bmp5.c **** 
1421:Drivers/BMP580/bmp5.c **** /****************** Static Function Definitions *******************************/
1422:Drivers/BMP580/bmp5.c **** 
1423:Drivers/BMP580/bmp5.c **** /*!
1424:Drivers/BMP580/bmp5.c ****  * @brief This internal API is used to validate the device structure pointer for
1425:Drivers/BMP580/bmp5.c ****  * null conditions.
1426:Drivers/BMP580/bmp5.c ****  */
1427:Drivers/BMP580/bmp5.c **** static int8_t null_ptr_check(const struct bmp5_dev *dev)
1428:Drivers/BMP580/bmp5.c **** {
  29              		.loc 1 1428 1 view -0
  30              		.cfi_startproc
  31              		@ args = 0, pretend = 0, frame = 0
  32              		@ frame_needed = 0, uses_anonymous_args = 0
  33              		@ link register save eliminated.
1429:Drivers/BMP580/bmp5.c ****     int8_t rslt;
  34              		.loc 1 1429 5 view .LVU1
1430:Drivers/BMP580/bmp5.c **** 
1431:Drivers/BMP580/bmp5.c ****     if ((dev == NULL) || (dev->read == NULL) || (dev->write == NULL) || (dev->delay_us == NULL))
  35              		.loc 1 1431 5 view .LVU2
  36              		.loc 1 1431 8 is_stmt 0 view .LVU3
  37 0000 50B1     		cbz	r0, .L3
  38              		.loc 1 1431 30 discriminator 1 view .LVU4
  39 0002 8268     		ldr	r2, [r0, #8]
  40              		.loc 1 1431 23 discriminator 1 view .LVU5
  41 0004 5AB1     		cbz	r2, .L4
  42              		.loc 1 1431 53 discriminator 2 view .LVU6
  43 0006 C268     		ldr	r2, [r0, #12]
  44              		.loc 1 1431 46 discriminator 2 view .LVU7
  45 0008 62B1     		cbz	r2, .L5
  46              		.loc 1 1431 77 discriminator 3 view .LVU8
  47 000a 0369     		ldr	r3, [r0, #16]
  48              		.loc 1 1431 70 discriminator 3 view .LVU9
  49 000c 0BB1     		cbz	r3, .L7
1432:Drivers/BMP580/bmp5.c ****     {
1433:Drivers/BMP580/bmp5.c ****         /* Device structure pointer is not valid */
1434:Drivers/BMP580/bmp5.c ****         rslt = BMP5_E_NULL_PTR;
ARM GAS  C:\Users\Nathan\AppData\Local\Temp\ccGCFMYR.s 			page 27


1435:Drivers/BMP580/bmp5.c ****     }
1436:Drivers/BMP580/bmp5.c ****     else
1437:Drivers/BMP580/bmp5.c ****     {
1438:Drivers/BMP580/bmp5.c ****         /* Device structure is fine */
1439:Drivers/BMP580/bmp5.c ****         rslt = BMP5_OK;
  50              		.loc 1 1439 14 view .LVU10
  51 000e 0020     		movs	r0, #0
  52              	.LVL1:
1440:Drivers/BMP580/bmp5.c ****     }
1441:Drivers/BMP580/bmp5.c **** 
1442:Drivers/BMP580/bmp5.c ****     return rslt;
  53              		.loc 1 1442 5 is_stmt 1 view .LVU11
1443:Drivers/BMP580/bmp5.c **** }
  54              		.loc 1 1443 1 is_stmt 0 view .LVU12
  55 0010 7047     		bx	lr
  56              	.LVL2:
  57              	.L7:
1434:Drivers/BMP580/bmp5.c ****     }
  58              		.loc 1 1434 14 view .LVU13
  59 0012 4FF0FF30 		mov	r0, #-1
  60              	.LVL3:
1434:Drivers/BMP580/bmp5.c ****     }
  61              		.loc 1 1434 14 view .LVU14
  62 0016 7047     		bx	lr
  63              	.LVL4:
  64              	.L3:
1434:Drivers/BMP580/bmp5.c ****     }
  65              		.loc 1 1434 14 view .LVU15
  66 0018 4FF0FF30 		mov	r0, #-1
  67              	.LVL5:
1434:Drivers/BMP580/bmp5.c ****     }
  68              		.loc 1 1434 14 view .LVU16
  69 001c 7047     		bx	lr
  70              	.LVL6:
  71              	.L4:
1434:Drivers/BMP580/bmp5.c ****     }
  72              		.loc 1 1434 14 view .LVU17
  73 001e 4FF0FF30 		mov	r0, #-1
  74              	.LVL7:
1434:Drivers/BMP580/bmp5.c ****     }
  75              		.loc 1 1434 14 view .LVU18
  76 0022 7047     		bx	lr
  77              	.LVL8:
  78              	.L5:
1434:Drivers/BMP580/bmp5.c ****     }
  79              		.loc 1 1434 14 view .LVU19
  80 0024 4FF0FF30 		mov	r0, #-1
  81              	.LVL9:
1434:Drivers/BMP580/bmp5.c ****     }
  82              		.loc 1 1434 14 view .LVU20
  83 0028 7047     		bx	lr
  84              		.cfi_endproc
  85              	.LFE24:
  87              		.section	.text.validate_chip_id,"ax",%progbits
  88              		.align	1
  89              		.syntax unified
  90              		.thumb
ARM GAS  C:\Users\Nathan\AppData\Local\Temp\ccGCFMYR.s 			page 28


  91              		.thumb_func
  93              	validate_chip_id:
  94              	.LVL10:
  95              	.LFB25:
1444:Drivers/BMP580/bmp5.c **** 
1445:Drivers/BMP580/bmp5.c **** /*!
1446:Drivers/BMP580/bmp5.c ****  * @brief This internal API is used to validate the chip id of the sensor.
1447:Drivers/BMP580/bmp5.c ****  */
1448:Drivers/BMP580/bmp5.c **** static int8_t validate_chip_id(uint8_t chip_id, struct bmp5_dev *dev)
1449:Drivers/BMP580/bmp5.c **** {
  96              		.loc 1 1449 1 is_stmt 1 view -0
  97              		.cfi_startproc
  98              		@ args = 0, pretend = 0, frame = 0
  99              		@ frame_needed = 0, uses_anonymous_args = 0
 100              		@ link register save eliminated.
1450:Drivers/BMP580/bmp5.c ****     int8_t rslt;
 101              		.loc 1 1450 5 view .LVU22
1451:Drivers/BMP580/bmp5.c **** 
1452:Drivers/BMP580/bmp5.c ****     if ((chip_id == BMP5_CHIP_ID_PRIM) || (chip_id == BMP5_CHIP_ID_SEC))
 102              		.loc 1 1452 5 view .LVU23
 103              		.loc 1 1452 40 is_stmt 0 view .LVU24
 104 0000 A0F15003 		sub	r3, r0, #80
 105 0004 DBB2     		uxtb	r3, r3
 106              		.loc 1 1452 8 view .LVU25
 107 0006 012B     		cmp	r3, #1
 108 0008 02D8     		bhi	.L10
1453:Drivers/BMP580/bmp5.c ****     {
1454:Drivers/BMP580/bmp5.c ****         /* Updating chip_id in device structure */
1455:Drivers/BMP580/bmp5.c ****         dev->chip_id = chip_id;
 109              		.loc 1 1455 9 is_stmt 1 view .LVU26
 110              		.loc 1 1455 22 is_stmt 0 view .LVU27
 111 000a 0870     		strb	r0, [r1]
1456:Drivers/BMP580/bmp5.c ****         rslt = BMP5_OK;
 112              		.loc 1 1456 9 is_stmt 1 view .LVU28
 113              	.LVL11:
 114              		.loc 1 1456 14 is_stmt 0 view .LVU29
 115 000c 0020     		movs	r0, #0
 116              	.LVL12:
 117              		.loc 1 1456 14 view .LVU30
 118 000e 7047     		bx	lr
 119              	.LVL13:
 120              	.L10:
1457:Drivers/BMP580/bmp5.c ****     }
1458:Drivers/BMP580/bmp5.c ****     else
1459:Drivers/BMP580/bmp5.c ****     {
1460:Drivers/BMP580/bmp5.c ****         rslt = BMP5_E_DEV_NOT_FOUND;
 121              		.loc 1 1460 14 view .LVU31
 122 0010 6FF00200 		mvn	r0, #2
 123              	.LVL14:
1461:Drivers/BMP580/bmp5.c ****     }
1462:Drivers/BMP580/bmp5.c **** 
1463:Drivers/BMP580/bmp5.c ****     return rslt;
 124              		.loc 1 1463 5 is_stmt 1 view .LVU32
1464:Drivers/BMP580/bmp5.c **** }
 125              		.loc 1 1464 1 is_stmt 0 view .LVU33
 126 0014 7047     		bx	lr
 127              		.cfi_endproc
ARM GAS  C:\Users\Nathan\AppData\Local\Temp\ccGCFMYR.s 			page 29


 128              	.LFE25:
 130              		.section	.text.set_fifo_threshold,"ax",%progbits
 131              		.align	1
 132              		.syntax unified
 133              		.thumb
 134              		.thumb_func
 136              	set_fifo_threshold:
 137              	.LVL15:
 138              	.LFB33:
1465:Drivers/BMP580/bmp5.c **** 
1466:Drivers/BMP580/bmp5.c **** /*!
1467:Drivers/BMP580/bmp5.c ****  * @brief This internal API is used to validate the post power-up procedure.
1468:Drivers/BMP580/bmp5.c ****  */
1469:Drivers/BMP580/bmp5.c **** static int8_t power_up_check(struct bmp5_dev *dev)
1470:Drivers/BMP580/bmp5.c **** {
1471:Drivers/BMP580/bmp5.c ****     int8_t rslt;
1472:Drivers/BMP580/bmp5.c ****     uint8_t nvm_status;
1473:Drivers/BMP580/bmp5.c ****     uint8_t por_status;
1474:Drivers/BMP580/bmp5.c **** 
1475:Drivers/BMP580/bmp5.c ****     rslt = get_nvm_status(&nvm_status, dev);
1476:Drivers/BMP580/bmp5.c **** 
1477:Drivers/BMP580/bmp5.c ****     if (rslt == BMP5_OK)
1478:Drivers/BMP580/bmp5.c ****     {
1479:Drivers/BMP580/bmp5.c ****         /* Check if nvm_rdy status = 1 and nvm_err status = 0 to proceed */
1480:Drivers/BMP580/bmp5.c ****         if ((nvm_status & BMP5_INT_NVM_RDY) && (!(nvm_status & BMP5_INT_NVM_ERR)))
1481:Drivers/BMP580/bmp5.c ****         {
1482:Drivers/BMP580/bmp5.c ****             rslt = bmp5_get_interrupt_status(&por_status, dev);
1483:Drivers/BMP580/bmp5.c **** 
1484:Drivers/BMP580/bmp5.c ****             if (rslt == BMP5_OK)
1485:Drivers/BMP580/bmp5.c ****             {
1486:Drivers/BMP580/bmp5.c ****                 /* Check if por/soft-reset complete status = 1 to proceed */
1487:Drivers/BMP580/bmp5.c ****                 if (por_status & BMP5_INT_ASSERTED_POR_SOFTRESET_COMPLETE)
1488:Drivers/BMP580/bmp5.c ****                 {
1489:Drivers/BMP580/bmp5.c ****                     rslt = BMP5_OK;
1490:Drivers/BMP580/bmp5.c ****                 }
1491:Drivers/BMP580/bmp5.c ****                 else
1492:Drivers/BMP580/bmp5.c ****                 {
1493:Drivers/BMP580/bmp5.c ****                     rslt = BMP5_E_POWER_UP;
1494:Drivers/BMP580/bmp5.c ****                 }
1495:Drivers/BMP580/bmp5.c ****             }
1496:Drivers/BMP580/bmp5.c ****         }
1497:Drivers/BMP580/bmp5.c ****         else
1498:Drivers/BMP580/bmp5.c ****         {
1499:Drivers/BMP580/bmp5.c ****             rslt = BMP5_E_POWER_UP;
1500:Drivers/BMP580/bmp5.c ****         }
1501:Drivers/BMP580/bmp5.c ****     }
1502:Drivers/BMP580/bmp5.c **** 
1503:Drivers/BMP580/bmp5.c ****     return rslt;
1504:Drivers/BMP580/bmp5.c **** }
1505:Drivers/BMP580/bmp5.c **** 
1506:Drivers/BMP580/bmp5.c **** /*!
1507:Drivers/BMP580/bmp5.c ****  * @brief This internal API is used to check if sensor is in deepstandby mode.
1508:Drivers/BMP580/bmp5.c ****  */
1509:Drivers/BMP580/bmp5.c **** static int8_t check_deepstandby_mode(enum bmp5_powermode *powermode, struct bmp5_dev *dev)
1510:Drivers/BMP580/bmp5.c **** {
1511:Drivers/BMP580/bmp5.c ****     int8_t rslt;
1512:Drivers/BMP580/bmp5.c ****     uint8_t fifo_frame_sel;
ARM GAS  C:\Users\Nathan\AppData\Local\Temp\ccGCFMYR.s 			page 30


1513:Drivers/BMP580/bmp5.c ****     struct bmp5_iir_config iir_cfg = { 0 };
1514:Drivers/BMP580/bmp5.c ****     struct bmp5_osr_odr_press_config osr_odr_press_cfg = { 0 };
1515:Drivers/BMP580/bmp5.c **** 
1516:Drivers/BMP580/bmp5.c ****     rslt = bmp5_get_regs(BMP5_REG_FIFO_SEL, &fifo_frame_sel, 1, dev);
1517:Drivers/BMP580/bmp5.c ****     fifo_frame_sel = BMP5_GET_BITS_POS_0(fifo_frame_sel, BMP5_FIFO_FRAME_SEL);
1518:Drivers/BMP580/bmp5.c **** 
1519:Drivers/BMP580/bmp5.c ****     if (rslt == BMP5_OK)
1520:Drivers/BMP580/bmp5.c ****     {
1521:Drivers/BMP580/bmp5.c ****         rslt = bmp5_get_osr_odr_press_config(&osr_odr_press_cfg, dev);
1522:Drivers/BMP580/bmp5.c **** 
1523:Drivers/BMP580/bmp5.c ****         if (rslt == BMP5_OK)
1524:Drivers/BMP580/bmp5.c ****         {
1525:Drivers/BMP580/bmp5.c ****             rslt = bmp5_get_iir_config(&iir_cfg, dev);
1526:Drivers/BMP580/bmp5.c ****         }
1527:Drivers/BMP580/bmp5.c ****     }
1528:Drivers/BMP580/bmp5.c **** 
1529:Drivers/BMP580/bmp5.c ****     /* As per datasheet odr should be less than 5Hz. But register value for 5Hz is less than 4Hz an
1530:Drivers/BMP580/bmp5.c ****      * thus in this below condition odr is checked whether greater than 5Hz macro.
1531:Drivers/BMP580/bmp5.c ****      */
1532:Drivers/BMP580/bmp5.c ****     if ((osr_odr_press_cfg.odr > BMP5_ODR_05_HZ) && (fifo_frame_sel == BMP5_DISABLE) &&
1533:Drivers/BMP580/bmp5.c ****         (iir_cfg.set_iir_t == BMP5_IIR_FILTER_BYPASS) && (iir_cfg.set_iir_p == BMP5_IIR_FILTER_BYPA
1534:Drivers/BMP580/bmp5.c ****     {
1535:Drivers/BMP580/bmp5.c ****         *powermode = BMP5_POWERMODE_DEEP_STANDBY;
1536:Drivers/BMP580/bmp5.c ****     }
1537:Drivers/BMP580/bmp5.c **** 
1538:Drivers/BMP580/bmp5.c ****     return rslt;
1539:Drivers/BMP580/bmp5.c **** }
1540:Drivers/BMP580/bmp5.c **** 
1541:Drivers/BMP580/bmp5.c **** /*!
1542:Drivers/BMP580/bmp5.c ****  * @brief This internal API is used to set sensor in deep standby mode.
1543:Drivers/BMP580/bmp5.c ****  */
1544:Drivers/BMP580/bmp5.c **** static int8_t set_deep_standby_mode(struct bmp5_dev *dev)
1545:Drivers/BMP580/bmp5.c **** {
1546:Drivers/BMP580/bmp5.c ****     int8_t rslt;
1547:Drivers/BMP580/bmp5.c ****     uint8_t reg_data;
1548:Drivers/BMP580/bmp5.c **** 
1549:Drivers/BMP580/bmp5.c ****     rslt = bmp5_get_regs(BMP5_REG_ODR_CONFIG, &reg_data, 1, dev);
1550:Drivers/BMP580/bmp5.c **** 
1551:Drivers/BMP580/bmp5.c ****     if (rslt == BMP5_OK)
1552:Drivers/BMP580/bmp5.c ****     {
1553:Drivers/BMP580/bmp5.c ****         /* Setting deep_dis = 0(BMP5_DEEP_ENABLED) enables the deep standby mode */
1554:Drivers/BMP580/bmp5.c ****         reg_data = BMP5_SET_BIT_VAL_0(reg_data, BMP5_DEEP_DISABLE);
1555:Drivers/BMP580/bmp5.c **** 
1556:Drivers/BMP580/bmp5.c ****         /* Set ODR less then 5Hz - ODR used is 1Hz */
1557:Drivers/BMP580/bmp5.c ****         reg_data = BMP5_SET_BITSLICE(reg_data, BMP5_ODR, BMP5_ODR_01_HZ);
1558:Drivers/BMP580/bmp5.c **** 
1559:Drivers/BMP580/bmp5.c ****         /* Write the value to the odr config register(0x37) */
1560:Drivers/BMP580/bmp5.c ****         rslt = bmp5_set_regs(BMP5_REG_ODR_CONFIG, &reg_data, 1, dev);
1561:Drivers/BMP580/bmp5.c **** 
1562:Drivers/BMP580/bmp5.c ****         if (rslt == BMP5_OK)
1563:Drivers/BMP580/bmp5.c ****         {
1564:Drivers/BMP580/bmp5.c ****             rslt = bmp5_get_regs(BMP5_REG_DSP_IIR, &reg_data, 1, dev);
1565:Drivers/BMP580/bmp5.c **** 
1566:Drivers/BMP580/bmp5.c ****             if (rslt == BMP5_OK)
1567:Drivers/BMP580/bmp5.c ****             {
1568:Drivers/BMP580/bmp5.c ****                 /* Set iir_t and iir_p as Bypass(0x00) */
1569:Drivers/BMP580/bmp5.c **** 
ARM GAS  C:\Users\Nathan\AppData\Local\Temp\ccGCFMYR.s 			page 31


1570:Drivers/BMP580/bmp5.c ****                 /* The register holds only iir_t and iir_p and the last 2 bits are reserved.
1571:Drivers/BMP580/bmp5.c ****                  * Thus using the macro BMP5_IIR_BYPASS(0xC0) the register value is set as zero.
1572:Drivers/BMP580/bmp5.c ****                  */
1573:Drivers/BMP580/bmp5.c ****                 reg_data = reg_data & BMP5_IIR_BYPASS;
1574:Drivers/BMP580/bmp5.c **** 
1575:Drivers/BMP580/bmp5.c ****                 /* Write the value to the IIR register(0x31) */
1576:Drivers/BMP580/bmp5.c ****                 rslt = bmp5_set_regs(BMP5_REG_DSP_IIR, &reg_data, 1, dev);
1577:Drivers/BMP580/bmp5.c ****             }
1578:Drivers/BMP580/bmp5.c ****         }
1579:Drivers/BMP580/bmp5.c **** 
1580:Drivers/BMP580/bmp5.c ****         if (rslt == BMP5_OK)
1581:Drivers/BMP580/bmp5.c ****         {
1582:Drivers/BMP580/bmp5.c ****             rslt = bmp5_get_regs(BMP5_REG_FIFO_SEL, &reg_data, 1, dev);
1583:Drivers/BMP580/bmp5.c **** 
1584:Drivers/BMP580/bmp5.c ****             if (rslt == BMP5_OK)
1585:Drivers/BMP580/bmp5.c ****             {
1586:Drivers/BMP580/bmp5.c ****                 /* Disable fifo frame selct */
1587:Drivers/BMP580/bmp5.c ****                 reg_data = BMP5_SET_BIT_VAL_0(reg_data, BMP5_FIFO_FRAME_SEL);
1588:Drivers/BMP580/bmp5.c **** 
1589:Drivers/BMP580/bmp5.c ****                 /* Write the value to the fifo select register(0x18) */
1590:Drivers/BMP580/bmp5.c ****                 rslt = bmp5_set_regs(BMP5_REG_FIFO_SEL, &reg_data, 1, dev);
1591:Drivers/BMP580/bmp5.c ****             }
1592:Drivers/BMP580/bmp5.c ****         }
1593:Drivers/BMP580/bmp5.c ****     }
1594:Drivers/BMP580/bmp5.c **** 
1595:Drivers/BMP580/bmp5.c ****     return rslt;
1596:Drivers/BMP580/bmp5.c **** }
1597:Drivers/BMP580/bmp5.c **** 
1598:Drivers/BMP580/bmp5.c **** /*!
1599:Drivers/BMP580/bmp5.c ****  * @brief This internal API is used to set sensor in standby or normal or forced or continous power
1600:Drivers/BMP580/bmp5.c ****  */
1601:Drivers/BMP580/bmp5.c **** static int8_t set_power_mode(enum bmp5_powermode powermode, struct bmp5_dev *dev)
1602:Drivers/BMP580/bmp5.c **** {
1603:Drivers/BMP580/bmp5.c ****     int8_t rslt;
1604:Drivers/BMP580/bmp5.c ****     uint8_t reg_data;
1605:Drivers/BMP580/bmp5.c **** 
1606:Drivers/BMP580/bmp5.c ****     rslt = bmp5_get_regs(BMP5_REG_ODR_CONFIG, &reg_data, 1, dev);
1607:Drivers/BMP580/bmp5.c **** 
1608:Drivers/BMP580/bmp5.c ****     if (rslt == BMP5_OK)
1609:Drivers/BMP580/bmp5.c ****     {
1610:Drivers/BMP580/bmp5.c ****         /* Setting deep_dis = 1(BMP5_DEEP_DISABLED) disables the deep standby mode */
1611:Drivers/BMP580/bmp5.c ****         reg_data = BMP5_SET_BITSLICE(reg_data, BMP5_DEEP_DISABLE, BMP5_DEEP_DISABLED);
1612:Drivers/BMP580/bmp5.c **** 
1613:Drivers/BMP580/bmp5.c ****         reg_data = BMP5_SET_BITS_POS_0(reg_data, BMP5_POWERMODE, powermode);
1614:Drivers/BMP580/bmp5.c **** 
1615:Drivers/BMP580/bmp5.c ****         rslt = bmp5_set_regs(BMP5_REG_ODR_CONFIG, &reg_data, 1, dev);
1616:Drivers/BMP580/bmp5.c ****     }
1617:Drivers/BMP580/bmp5.c **** 
1618:Drivers/BMP580/bmp5.c ****     return rslt;
1619:Drivers/BMP580/bmp5.c **** }
1620:Drivers/BMP580/bmp5.c **** 
1621:Drivers/BMP580/bmp5.c **** /*!
1622:Drivers/BMP580/bmp5.c ****  * @brief This internal API is used to set sensor in standby powermode when powermode is deepstandb
1623:Drivers/BMP580/bmp5.c ****  */
1624:Drivers/BMP580/bmp5.c **** static int8_t set_standby_mode(struct bmp5_dev *dev)
1625:Drivers/BMP580/bmp5.c **** {
1626:Drivers/BMP580/bmp5.c ****     int8_t rslt;
ARM GAS  C:\Users\Nathan\AppData\Local\Temp\ccGCFMYR.s 			page 32


1627:Drivers/BMP580/bmp5.c ****     enum bmp5_powermode pwrmode;
1628:Drivers/BMP580/bmp5.c **** 
1629:Drivers/BMP580/bmp5.c ****     rslt = bmp5_get_power_mode(&pwrmode, dev);
1630:Drivers/BMP580/bmp5.c **** 
1631:Drivers/BMP580/bmp5.c ****     if (rslt == BMP5_OK)
1632:Drivers/BMP580/bmp5.c ****     {
1633:Drivers/BMP580/bmp5.c ****         if (pwrmode == BMP5_POWERMODE_DEEP_STANDBY)
1634:Drivers/BMP580/bmp5.c ****         {
1635:Drivers/BMP580/bmp5.c ****             rslt = bmp5_set_power_mode(BMP5_POWERMODE_STANDBY, dev);
1636:Drivers/BMP580/bmp5.c ****         }
1637:Drivers/BMP580/bmp5.c ****     }
1638:Drivers/BMP580/bmp5.c **** 
1639:Drivers/BMP580/bmp5.c ****     return rslt;
1640:Drivers/BMP580/bmp5.c **** }
1641:Drivers/BMP580/bmp5.c **** 
1642:Drivers/BMP580/bmp5.c **** #ifdef BMP5_USE_FIXED_POINT
1643:Drivers/BMP580/bmp5.c **** 
1644:Drivers/BMP580/bmp5.c **** /*!
1645:Drivers/BMP580/bmp5.c ****  * @brief This internal API is used to calculate the power of a value.
1646:Drivers/BMP580/bmp5.c ****  */
1647:Drivers/BMP580/bmp5.c **** static uint32_t power(uint8_t base, uint8_t resolution)
1648:Drivers/BMP580/bmp5.c **** {
1649:Drivers/BMP580/bmp5.c ****     /* Initialize loop */
1650:Drivers/BMP580/bmp5.c ****     uint8_t loop = 1;
1651:Drivers/BMP580/bmp5.c **** 
1652:Drivers/BMP580/bmp5.c ****     /* Initialize variable to store the power of 2 value */
1653:Drivers/BMP580/bmp5.c ****     uint32_t value = 1;
1654:Drivers/BMP580/bmp5.c **** 
1655:Drivers/BMP580/bmp5.c ****     for (; loop <= resolution; loop++)
1656:Drivers/BMP580/bmp5.c ****     {
1657:Drivers/BMP580/bmp5.c ****         value = (uint32_t)(value * base);
1658:Drivers/BMP580/bmp5.c ****     }
1659:Drivers/BMP580/bmp5.c **** 
1660:Drivers/BMP580/bmp5.c ****     return value;
1661:Drivers/BMP580/bmp5.c **** }
1662:Drivers/BMP580/bmp5.c **** 
1663:Drivers/BMP580/bmp5.c **** #endif
1664:Drivers/BMP580/bmp5.c **** 
1665:Drivers/BMP580/bmp5.c **** /*!
1666:Drivers/BMP580/bmp5.c ****  * @brief This internal API is used to set the IIR for temperature and pressure.
1667:Drivers/BMP580/bmp5.c ****  */
1668:Drivers/BMP580/bmp5.c **** static int8_t set_iir_config(const struct bmp5_iir_config *iir_cfg, struct bmp5_dev *dev)
1669:Drivers/BMP580/bmp5.c **** {
1670:Drivers/BMP580/bmp5.c ****     int8_t rslt;
1671:Drivers/BMP580/bmp5.c **** 
1672:Drivers/BMP580/bmp5.c ****     /* Variable to set IIR config */
1673:Drivers/BMP580/bmp5.c ****     uint8_t reg_data[2];
1674:Drivers/BMP580/bmp5.c **** 
1675:Drivers/BMP580/bmp5.c ****     rslt = bmp5_get_regs(BMP5_REG_DSP_CONFIG, reg_data, 2, dev);
1676:Drivers/BMP580/bmp5.c **** 
1677:Drivers/BMP580/bmp5.c ****     if (rslt == BMP5_OK)
1678:Drivers/BMP580/bmp5.c ****     {
1679:Drivers/BMP580/bmp5.c ****         reg_data[0] = BMP5_SET_BITSLICE(reg_data[0], BMP5_SHDW_SET_IIR_TEMP, iir_cfg->shdw_set_iir_
1680:Drivers/BMP580/bmp5.c ****         reg_data[0] = BMP5_SET_BITSLICE(reg_data[0], BMP5_SHDW_SET_IIR_PRESS, iir_cfg->shdw_set_iir
1681:Drivers/BMP580/bmp5.c ****         reg_data[0] = BMP5_SET_BITSLICE(reg_data[0], BMP5_IIR_FLUSH_FORCED_EN, iir_cfg->iir_flush_f
1682:Drivers/BMP580/bmp5.c **** 
1683:Drivers/BMP580/bmp5.c ****         reg_data[1] = iir_cfg->set_iir_t;
ARM GAS  C:\Users\Nathan\AppData\Local\Temp\ccGCFMYR.s 			page 33


1684:Drivers/BMP580/bmp5.c ****         reg_data[1] = BMP5_SET_BITSLICE(reg_data[1], BMP5_SET_IIR_PRESS, iir_cfg->set_iir_p);
1685:Drivers/BMP580/bmp5.c **** 
1686:Drivers/BMP580/bmp5.c ****         /* Set IIR configuration */
1687:Drivers/BMP580/bmp5.c ****         rslt = bmp5_set_regs(BMP5_REG_DSP_CONFIG, reg_data, 2, dev);
1688:Drivers/BMP580/bmp5.c ****     }
1689:Drivers/BMP580/bmp5.c **** 
1690:Drivers/BMP580/bmp5.c ****     return rslt;
1691:Drivers/BMP580/bmp5.c **** }
1692:Drivers/BMP580/bmp5.c **** 
1693:Drivers/BMP580/bmp5.c **** /*!
1694:Drivers/BMP580/bmp5.c ****  *  @brief This internal API sets the configuration for IIR of fifo.
1695:Drivers/BMP580/bmp5.c ****  */
1696:Drivers/BMP580/bmp5.c **** static int8_t set_fifo_iir_config(uint8_t set_fifo_iir_t, uint8_t set_fifo_iir_p, struct bmp5_dev *
1697:Drivers/BMP580/bmp5.c **** {
1698:Drivers/BMP580/bmp5.c ****     /* Variable to store the function result */
1699:Drivers/BMP580/bmp5.c ****     int8_t rslt;
1700:Drivers/BMP580/bmp5.c **** 
1701:Drivers/BMP580/bmp5.c ****     /* Variable to set fifo IIR config */
1702:Drivers/BMP580/bmp5.c ****     uint8_t reg_data = 0;
1703:Drivers/BMP580/bmp5.c **** 
1704:Drivers/BMP580/bmp5.c ****     /* Variable to store existing powermode */
1705:Drivers/BMP580/bmp5.c ****     enum bmp5_powermode curr_pwrmode;
1706:Drivers/BMP580/bmp5.c **** 
1707:Drivers/BMP580/bmp5.c ****     rslt = bmp5_get_power_mode(&curr_pwrmode, dev);
1708:Drivers/BMP580/bmp5.c **** 
1709:Drivers/BMP580/bmp5.c ****     if (rslt == BMP5_OK)
1710:Drivers/BMP580/bmp5.c ****     {
1711:Drivers/BMP580/bmp5.c ****         /* Fifo IIR configuration is writable only during STANDBY mode(as per datasheet) */
1712:Drivers/BMP580/bmp5.c ****         if (curr_pwrmode != BMP5_POWERMODE_STANDBY)
1713:Drivers/BMP580/bmp5.c ****         {
1714:Drivers/BMP580/bmp5.c ****             /* If sensor is not in standby mode, set sensor in standby mode */
1715:Drivers/BMP580/bmp5.c ****             rslt = bmp5_set_power_mode(BMP5_POWERMODE_STANDBY, dev);
1716:Drivers/BMP580/bmp5.c ****         }
1717:Drivers/BMP580/bmp5.c **** 
1718:Drivers/BMP580/bmp5.c ****         if (rslt == BMP5_OK)
1719:Drivers/BMP580/bmp5.c ****         {
1720:Drivers/BMP580/bmp5.c ****             /* Get fifo IIR configuration */
1721:Drivers/BMP580/bmp5.c ****             rslt = bmp5_get_regs(BMP5_REG_DSP_CONFIG, &reg_data, 1, dev);
1722:Drivers/BMP580/bmp5.c **** 
1723:Drivers/BMP580/bmp5.c ****             if (rslt == BMP5_OK)
1724:Drivers/BMP580/bmp5.c ****             {
1725:Drivers/BMP580/bmp5.c ****                 reg_data = BMP5_SET_BITSLICE(reg_data, BMP5_SET_FIFO_IIR_TEMP, set_fifo_iir_t);
1726:Drivers/BMP580/bmp5.c ****                 reg_data = BMP5_SET_BITSLICE(reg_data, BMP5_SET_FIFO_IIR_PRESS, set_fifo_iir_p);
1727:Drivers/BMP580/bmp5.c **** 
1728:Drivers/BMP580/bmp5.c ****                 /* Set fifo IIR configuration */
1729:Drivers/BMP580/bmp5.c ****                 rslt = bmp5_set_regs(BMP5_REG_DSP_CONFIG, &reg_data, 1, dev);
1730:Drivers/BMP580/bmp5.c ****             }
1731:Drivers/BMP580/bmp5.c ****         }
1732:Drivers/BMP580/bmp5.c **** 
1733:Drivers/BMP580/bmp5.c ****         /* If previous mode is not standbymode return sensor to that previous mode
1734:Drivers/BMP580/bmp5.c ****          * after setting fifo iir configuration
1735:Drivers/BMP580/bmp5.c ****          */
1736:Drivers/BMP580/bmp5.c ****         if (rslt == BMP5_OK)
1737:Drivers/BMP580/bmp5.c ****         {
1738:Drivers/BMP580/bmp5.c ****             /* Since fifo IIR works only in standby mode we are not re-writing to deepstandby mode
1739:Drivers/BMP580/bmp5.c ****              * as deep standby mode resets the fifo IIR settings to default
1740:Drivers/BMP580/bmp5.c ****              */
ARM GAS  C:\Users\Nathan\AppData\Local\Temp\ccGCFMYR.s 			page 34


1741:Drivers/BMP580/bmp5.c ****             if ((curr_pwrmode != BMP5_POWERMODE_STANDBY) && (curr_pwrmode != BMP5_POWERMODE_DEEP_ST
1742:Drivers/BMP580/bmp5.c ****             {
1743:Drivers/BMP580/bmp5.c ****                 rslt = bmp5_set_power_mode(curr_pwrmode, dev);
1744:Drivers/BMP580/bmp5.c ****             }
1745:Drivers/BMP580/bmp5.c ****         }
1746:Drivers/BMP580/bmp5.c ****     }
1747:Drivers/BMP580/bmp5.c **** 
1748:Drivers/BMP580/bmp5.c ****     return rslt;
1749:Drivers/BMP580/bmp5.c **** }
1750:Drivers/BMP580/bmp5.c **** 
1751:Drivers/BMP580/bmp5.c **** /*!
1752:Drivers/BMP580/bmp5.c **** * @brief This internal API is used to set fifo threshold based on the frame type selected.
1753:Drivers/BMP580/bmp5.c ****  */
1754:Drivers/BMP580/bmp5.c **** static int8_t set_fifo_threshold(uint8_t *reg_data, const struct bmp5_fifo *fifo)
1755:Drivers/BMP580/bmp5.c **** {
 139              		.loc 1 1755 1 is_stmt 1 view -0
 140              		.cfi_startproc
 141              		@ args = 0, pretend = 0, frame = 0
 142              		@ frame_needed = 0, uses_anonymous_args = 0
 143              		@ link register save eliminated.
1756:Drivers/BMP580/bmp5.c ****     int8_t rslt = 0;
 144              		.loc 1 1756 5 view .LVU35
1757:Drivers/BMP580/bmp5.c **** 
1758:Drivers/BMP580/bmp5.c ****     if ((fifo->frame_sel == BMP5_FIFO_TEMPERATURE_DATA) || (fifo->frame_sel == BMP5_FIFO_PRESSURE_D
 145              		.loc 1 1758 5 view .LVU36
 146              		.loc 1 1758 14 is_stmt 0 view .LVU37
 147 0000 8A79     		ldrb	r2, [r1, #6]	@ zero_extendqisi2
 148              		.loc 1 1758 57 view .LVU38
 149 0002 531E     		subs	r3, r2, #1
 150 0004 DBB2     		uxtb	r3, r3
 151              		.loc 1 1758 8 view .LVU39
 152 0006 012B     		cmp	r3, #1
 153 0008 03D9     		bls	.L17
1759:Drivers/BMP580/bmp5.c ****     {
1760:Drivers/BMP580/bmp5.c ****         /* If Pressure or Temperature is selected, maximum 31 frames can be set as threshold */
1761:Drivers/BMP580/bmp5.c ****         if (fifo->threshold <= BMP5_FIFO_MAX_THRESHOLD_P_MODE)
1762:Drivers/BMP580/bmp5.c ****         {
1763:Drivers/BMP580/bmp5.c ****             reg_data[0] = BMP5_SET_BITS_POS_0(reg_data[0], BMP5_FIFO_THRESHOLD, fifo->threshold);
1764:Drivers/BMP580/bmp5.c ****         }
1765:Drivers/BMP580/bmp5.c ****         else
1766:Drivers/BMP580/bmp5.c ****         {
1767:Drivers/BMP580/bmp5.c ****             rslt = BMP5_E_INVALID_THRESHOLD;
1768:Drivers/BMP580/bmp5.c ****         }
1769:Drivers/BMP580/bmp5.c ****     }
1770:Drivers/BMP580/bmp5.c ****     else if (fifo->frame_sel == BMP5_FIFO_PRESS_TEMP_DATA)
 154              		.loc 1 1770 10 is_stmt 1 view .LVU40
 155              		.loc 1 1770 13 is_stmt 0 view .LVU41
 156 000a 032A     		cmp	r2, #3
 157 000c 0DD0     		beq	.L18
1756:Drivers/BMP580/bmp5.c **** 
 158              		.loc 1 1756 12 view .LVU42
 159 000e 0020     		movs	r0, #0
 160              	.LVL16:
1756:Drivers/BMP580/bmp5.c **** 
 161              		.loc 1 1756 12 view .LVU43
 162 0010 7047     		bx	lr
 163              	.LVL17:
ARM GAS  C:\Users\Nathan\AppData\Local\Temp\ccGCFMYR.s 			page 35


 164              	.L17:
1761:Drivers/BMP580/bmp5.c ****         {
 165              		.loc 1 1761 9 is_stmt 1 view .LVU44
1761:Drivers/BMP580/bmp5.c ****         {
 166              		.loc 1 1761 17 is_stmt 0 view .LVU45
 167 0012 8A7A     		ldrb	r2, [r1, #10]	@ zero_extendqisi2
1761:Drivers/BMP580/bmp5.c ****         {
 168              		.loc 1 1761 12 view .LVU46
 169 0014 1F2A     		cmp	r2, #31
 170 0016 14D8     		bhi	.L14
1763:Drivers/BMP580/bmp5.c ****         }
 171              		.loc 1 1763 13 is_stmt 1 view .LVU47
1763:Drivers/BMP580/bmp5.c ****         }
 172              		.loc 1 1763 27 is_stmt 0 view .LVU48
 173 0018 0378     		ldrb	r3, [r0]	@ zero_extendqisi2
1763:Drivers/BMP580/bmp5.c ****         }
 174              		.loc 1 1763 25 view .LVU49
 175 001a 23F01F03 		bic	r3, r3, #31
 176 001e 02F01F02 		and	r2, r2, #31
 177 0022 1343     		orrs	r3, r3, r2
 178 0024 0370     		strb	r3, [r0]
1756:Drivers/BMP580/bmp5.c **** 
 179              		.loc 1 1756 12 view .LVU50
 180 0026 0020     		movs	r0, #0
 181              	.LVL18:
1756:Drivers/BMP580/bmp5.c **** 
 182              		.loc 1 1756 12 view .LVU51
 183 0028 7047     		bx	lr
 184              	.LVL19:
 185              	.L18:
1771:Drivers/BMP580/bmp5.c ****     {
1772:Drivers/BMP580/bmp5.c ****         /* If both pressure and temperature is selected, maximum 15 frames can be set as threshold 
1773:Drivers/BMP580/bmp5.c ****         if (fifo->threshold <= BMP5_FIFO_MAX_THRESHOLD_P_T_MODE)
 186              		.loc 1 1773 9 is_stmt 1 view .LVU52
 187              		.loc 1 1773 17 is_stmt 0 view .LVU53
 188 002a 8B7A     		ldrb	r3, [r1, #10]	@ zero_extendqisi2
 189              		.loc 1 1773 12 view .LVU54
 190 002c 0F2B     		cmp	r3, #15
 191 002e 0BD8     		bhi	.L16
1774:Drivers/BMP580/bmp5.c ****         {
1775:Drivers/BMP580/bmp5.c ****             reg_data[0] = BMP5_SET_BITS_POS_0(reg_data[0], BMP5_FIFO_THRESHOLD, fifo->threshold);
 192              		.loc 1 1775 13 is_stmt 1 view .LVU55
 193              		.loc 1 1775 27 is_stmt 0 view .LVU56
 194 0030 0278     		ldrb	r2, [r0]	@ zero_extendqisi2
 195              		.loc 1 1775 25 view .LVU57
 196 0032 03F01F03 		and	r3, r3, #31
 197 0036 22F01F02 		bic	r2, r2, #31
 198 003a 1343     		orrs	r3, r3, r2
 199 003c 0370     		strb	r3, [r0]
1756:Drivers/BMP580/bmp5.c **** 
 200              		.loc 1 1756 12 view .LVU58
 201 003e 0020     		movs	r0, #0
 202              	.LVL20:
1756:Drivers/BMP580/bmp5.c **** 
 203              		.loc 1 1756 12 view .LVU59
 204 0040 7047     		bx	lr
 205              	.LVL21:
ARM GAS  C:\Users\Nathan\AppData\Local\Temp\ccGCFMYR.s 			page 36


 206              	.L14:
1767:Drivers/BMP580/bmp5.c ****         }
 207              		.loc 1 1767 18 view .LVU60
 208 0042 6FF00700 		mvn	r0, #7
 209              	.LVL22:
1767:Drivers/BMP580/bmp5.c ****         }
 210              		.loc 1 1767 18 view .LVU61
 211 0046 7047     		bx	lr
 212              	.LVL23:
 213              	.L16:
1776:Drivers/BMP580/bmp5.c ****         }
1777:Drivers/BMP580/bmp5.c ****         else
1778:Drivers/BMP580/bmp5.c ****         {
1779:Drivers/BMP580/bmp5.c ****             rslt = BMP5_E_INVALID_THRESHOLD;
 214              		.loc 1 1779 18 view .LVU62
 215 0048 6FF00700 		mvn	r0, #7
 216              	.LVL24:
1780:Drivers/BMP580/bmp5.c ****         }
1781:Drivers/BMP580/bmp5.c ****     }
1782:Drivers/BMP580/bmp5.c **** 
1783:Drivers/BMP580/bmp5.c ****     return rslt;
 217              		.loc 1 1783 5 is_stmt 1 view .LVU63
1784:Drivers/BMP580/bmp5.c **** }
 218              		.loc 1 1784 1 is_stmt 0 view .LVU64
 219 004c 7047     		bx	lr
 220              		.cfi_endproc
 221              	.LFE33:
 223              		.section	.text.unpack_sensor_data,"ax",%progbits
 224              		.align	1
 225              		.syntax unified
 226              		.thumb
 227              		.thumb_func
 229              	unpack_sensor_data:
 230              	.LVL25:
 231              	.LFB34:
1785:Drivers/BMP580/bmp5.c **** 
1786:Drivers/BMP580/bmp5.c **** /*!
1787:Drivers/BMP580/bmp5.c **** * @brief This internal API is used to unpack the fifo data and store it in the bmp5_sensor_data str
1788:Drivers/BMP580/bmp5.c ****  */
1789:Drivers/BMP580/bmp5.c **** static int8_t unpack_sensor_data(struct bmp5_sensor_data *sensor_data,
1790:Drivers/BMP580/bmp5.c ****                                  uint16_t *data_index,
1791:Drivers/BMP580/bmp5.c ****                                  const struct bmp5_fifo *fifo)
1792:Drivers/BMP580/bmp5.c **** {
 232              		.loc 1 1792 1 is_stmt 1 view -0
 233              		.cfi_startproc
 234              		@ args = 0, pretend = 0, frame = 0
 235              		@ frame_needed = 0, uses_anonymous_args = 0
 236              		.loc 1 1792 1 is_stmt 0 view .LVU66
 237 0000 70B5     		push	{r4, r5, r6, lr}
 238              		.cfi_def_cfa_offset 16
 239              		.cfi_offset 4, -16
 240              		.cfi_offset 5, -12
 241              		.cfi_offset 6, -8
 242              		.cfi_offset 14, -4
 243 0002 0546     		mov	r5, r0
 244 0004 0C46     		mov	r4, r1
1793:Drivers/BMP580/bmp5.c ****     int8_t rslt = 0;
ARM GAS  C:\Users\Nathan\AppData\Local\Temp\ccGCFMYR.s 			page 37


 245              		.loc 1 1793 5 is_stmt 1 view .LVU67
 246              	.LVL26:
1794:Drivers/BMP580/bmp5.c ****     int32_t raw_data_t;
 247              		.loc 1 1794 5 view .LVU68
1795:Drivers/BMP580/bmp5.c ****     uint32_t raw_data_p;
 248              		.loc 1 1795 5 view .LVU69
1796:Drivers/BMP580/bmp5.c **** 
1797:Drivers/BMP580/bmp5.c ****     switch (fifo->frame_sel)
 249              		.loc 1 1797 5 view .LVU70
 250              		.loc 1 1797 17 is_stmt 0 view .LVU71
 251 0006 9379     		ldrb	r3, [r2, #6]	@ zero_extendqisi2
 252              		.loc 1 1797 5 view .LVU72
 253 0008 022B     		cmp	r3, #2
 254 000a 34D0     		beq	.L20
 255 000c 032B     		cmp	r3, #3
 256 000e 62D0     		beq	.L21
 257 0010 012B     		cmp	r3, #1
 258 0012 40F0AD80 		bne	.L22
1798:Drivers/BMP580/bmp5.c ****     {
1799:Drivers/BMP580/bmp5.c ****         case BMP5_FIFO_TEMPERATURE_DATA:
1800:Drivers/BMP580/bmp5.c **** 
1801:Drivers/BMP580/bmp5.c ****             /* Check if fifo frame is empty */
1802:Drivers/BMP580/bmp5.c ****             if (!((fifo->data[*data_index] == BMP5_FIFO_EMPTY) && (fifo->data[*data_index + 1] == B
 259              		.loc 1 1802 13 is_stmt 1 view .LVU73
 260              		.loc 1 1802 24 is_stmt 0 view .LVU74
 261 0016 1168     		ldr	r1, [r2]
 262              	.LVL27:
 263              		.loc 1 1802 31 view .LVU75
 264 0018 2388     		ldrh	r3, [r4]
 265              		.loc 1 1802 30 view .LVU76
 266 001a C85C     		ldrb	r0, [r1, r3]	@ zero_extendqisi2
 267              	.LVL28:
 268              		.loc 1 1802 16 view .LVU77
 269 001c 7F28     		cmp	r0, #127
 270 001e 17D0     		beq	.L31
 271              	.L23:
1803:Drivers/BMP580/bmp5.c ****                   (fifo->data[*data_index + 2] == BMP5_FIFO_EMPTY)))
1804:Drivers/BMP580/bmp5.c ****             {
1805:Drivers/BMP580/bmp5.c ****                 raw_data_t =
 272              		.loc 1 1805 17 is_stmt 1 view .LVU78
1806:Drivers/BMP580/bmp5.c ****                     (int32_t)((uint32_t)fifo->data[*data_index + 2] << 16 | (uint16_t)fifo->data[*d
 273              		.loc 1 1806 64 is_stmt 0 view .LVU79
 274 0020 9A1C     		adds	r2, r3, #2
 275              	.LVL29:
 276              		.loc 1 1806 51 view .LVU80
 277 0022 8A5C     		ldrb	r2, [r1, r2]	@ zero_extendqisi2
 278              		.loc 1 1806 110 view .LVU81
 279 0024 0133     		adds	r3, r3, #1
 280              		.loc 1 1806 97 view .LVU82
 281 0026 CB5C     		ldrb	r3, [r1, r3]	@ zero_extendqisi2
 282              		.loc 1 1806 115 view .LVU83
 283 0028 1B02     		lsls	r3, r3, #8
 284              		.loc 1 1806 75 view .LVU84
 285 002a 43EA0243 		orr	r3, r3, r2, lsl #16
 286              	.LVL30:
1807:Drivers/BMP580/bmp5.c ****                         fifo->data[*data_index]);
1808:Drivers/BMP580/bmp5.c **** 
ARM GAS  C:\Users\Nathan\AppData\Local\Temp\ccGCFMYR.s 			page 38


1809:Drivers/BMP580/bmp5.c **** #ifdef BMP5_USE_FIXED_POINT
1810:Drivers/BMP580/bmp5.c **** 
1811:Drivers/BMP580/bmp5.c ****                 /* Division by 2^16(whose equivalent value is 65536) is performed to get temperatur
1812:Drivers/BMP580/bmp5.c ****                  * precision in deg C
1813:Drivers/BMP580/bmp5.c ****                  */
1814:Drivers/BMP580/bmp5.c ****                 sensor_data->temperature =
1815:Drivers/BMP580/bmp5.c ****                     (int64_t)((raw_data_t / (float)65536.0) * (power(10, BMP5_FIXED_POINT_DIGIT_PRE
1816:Drivers/BMP580/bmp5.c **** #else
1817:Drivers/BMP580/bmp5.c **** 
1818:Drivers/BMP580/bmp5.c ****                 /* Division by 2^16(whose equivalent value is 65536) is performed to get temperatur
1819:Drivers/BMP580/bmp5.c ****                 sensor_data->temperature = (float)(raw_data_t / 65536.0);
 287              		.loc 1 1819 17 is_stmt 1 view .LVU85
 288              		.loc 1 1819 63 is_stmt 0 view .LVU86
 289 002e 1843     		orrs	r0, r0, r3
 290              	.LVL31:
 291              		.loc 1 1819 63 view .LVU87
 292 0030 FFF7FEFF 		bl	__aeabi_i2d
 293              	.LVL32:
 294              		.loc 1 1819 63 view .LVU88
 295 0034 0022     		movs	r2, #0
 296 0036 514B     		ldr	r3, .L34
 297 0038 FFF7FEFF 		bl	__aeabi_dmul
 298              	.LVL33:
 299              		.loc 1 1819 44 view .LVU89
 300 003c FFF7FEFF 		bl	__aeabi_d2f
 301              	.LVL34:
 302              		.loc 1 1819 42 view .LVU90
 303 0040 6860     		str	r0, [r5, #4]	@ float
1820:Drivers/BMP580/bmp5.c **** #endif
1821:Drivers/BMP580/bmp5.c **** 
1822:Drivers/BMP580/bmp5.c ****                 sensor_data->pressure = 0.0;
 304              		.loc 1 1822 17 is_stmt 1 view .LVU91
 305              		.loc 1 1822 39 is_stmt 0 view .LVU92
 306 0042 0023     		movs	r3, #0
 307 0044 2B60     		str	r3, [r5]	@ float
1823:Drivers/BMP580/bmp5.c ****                 *data_index += 3;
 308              		.loc 1 1823 17 is_stmt 1 view .LVU93
 309 0046 2388     		ldrh	r3, [r4]
 310              		.loc 1 1823 29 is_stmt 0 view .LVU94
 311 0048 0333     		adds	r3, r3, #3
 312 004a 2380     		strh	r3, [r4]	@ movhi
1793:Drivers/BMP580/bmp5.c ****     int32_t raw_data_t;
 313              		.loc 1 1793 12 view .LVU95
 314 004c 0020     		movs	r0, #0
 315              		.loc 1 1823 29 view .LVU96
 316 004e 93E0     		b	.L25
 317              	.LVL35:
 318              	.L31:
1802:Drivers/BMP580/bmp5.c ****                   (fifo->data[*data_index + 2] == BMP5_FIFO_EMPTY)))
 319              		.loc 1 1802 91 discriminator 1 view .LVU97
 320 0050 03F1010C 		add	ip, r3, #1
1802:Drivers/BMP580/bmp5.c ****                   (fifo->data[*data_index + 2] == BMP5_FIFO_EMPTY)))
 321              		.loc 1 1802 78 discriminator 1 view .LVU98
 322 0054 11F80CC0 		ldrb	ip, [r1, ip]	@ zero_extendqisi2
1802:Drivers/BMP580/bmp5.c ****                   (fifo->data[*data_index + 2] == BMP5_FIFO_EMPTY)))
 323              		.loc 1 1802 64 discriminator 1 view .LVU99
 324 0058 BCF17F0F 		cmp	ip, #127
ARM GAS  C:\Users\Nathan\AppData\Local\Temp\ccGCFMYR.s 			page 39


 325 005c E0D1     		bne	.L23
1803:Drivers/BMP580/bmp5.c ****             {
 326              		.loc 1 1803 43 view .LVU100
 327 005e 03F1020C 		add	ip, r3, #2
1803:Drivers/BMP580/bmp5.c ****             {
 328              		.loc 1 1803 30 view .LVU101
 329 0062 11F80CC0 		ldrb	ip, [r1, ip]	@ zero_extendqisi2
1802:Drivers/BMP580/bmp5.c ****                   (fifo->data[*data_index + 2] == BMP5_FIFO_EMPTY)))
 330              		.loc 1 1802 17 discriminator 2 view .LVU102
 331 0066 BCF17F0F 		cmp	ip, #127
 332 006a D9D1     		bne	.L23
1824:Drivers/BMP580/bmp5.c ****             }
1825:Drivers/BMP580/bmp5.c ****             else
1826:Drivers/BMP580/bmp5.c ****             {
1827:Drivers/BMP580/bmp5.c ****                 rslt = BMP5_E_FIFO_FRAME_EMPTY;
 333              		.loc 1 1827 17 is_stmt 1 view .LVU103
 334              	.LVL36:
1828:Drivers/BMP580/bmp5.c **** 
1829:Drivers/BMP580/bmp5.c ****                 /* Move the data index to the last byte to mark completion */
1830:Drivers/BMP580/bmp5.c ****                 *data_index = fifo->length;
 335              		.loc 1 1830 17 view .LVU104
 336              		.loc 1 1830 35 is_stmt 0 view .LVU105
 337 006c 9388     		ldrh	r3, [r2, #4]
 338              		.loc 1 1830 29 view .LVU106
 339 006e 2380     		strh	r3, [r4]	@ movhi
1827:Drivers/BMP580/bmp5.c **** 
 340              		.loc 1 1827 22 view .LVU107
 341 0070 6FF00800 		mvn	r0, #8
 342 0074 80E0     		b	.L25
 343              	.LVL37:
 344              	.L20:
1831:Drivers/BMP580/bmp5.c ****             }
1832:Drivers/BMP580/bmp5.c **** 
1833:Drivers/BMP580/bmp5.c ****             break;
1834:Drivers/BMP580/bmp5.c ****         case BMP5_FIFO_PRESSURE_DATA:
1835:Drivers/BMP580/bmp5.c **** 
1836:Drivers/BMP580/bmp5.c ****             /* Check if fifo frame is empty */
1837:Drivers/BMP580/bmp5.c ****             if (!((fifo->data[*data_index] == BMP5_FIFO_EMPTY) && (fifo->data[*data_index + 1] == B
 345              		.loc 1 1837 13 is_stmt 1 view .LVU108
 346              		.loc 1 1837 24 is_stmt 0 view .LVU109
 347 0076 1168     		ldr	r1, [r2]
 348              	.LVL38:
 349              		.loc 1 1837 31 view .LVU110
 350 0078 2388     		ldrh	r3, [r4]
 351              		.loc 1 1837 30 view .LVU111
 352 007a C85C     		ldrb	r0, [r1, r3]	@ zero_extendqisi2
 353              	.LVL39:
 354              		.loc 1 1837 16 view .LVU112
 355 007c 7F28     		cmp	r0, #127
 356 007e 17D0     		beq	.L32
 357              	.L26:
1838:Drivers/BMP580/bmp5.c ****                   (fifo->data[*data_index + 2] == BMP5_FIFO_EMPTY)))
1839:Drivers/BMP580/bmp5.c ****             {
1840:Drivers/BMP580/bmp5.c ****                 raw_data_p =
 358              		.loc 1 1840 17 is_stmt 1 view .LVU113
1841:Drivers/BMP580/bmp5.c ****                     (uint32_t)((uint32_t)fifo->data[(*data_index) + 2] << 16 |
 359              		.loc 1 1841 67 is_stmt 0 view .LVU114
ARM GAS  C:\Users\Nathan\AppData\Local\Temp\ccGCFMYR.s 			page 40


 360 0080 9A1C     		adds	r2, r3, #2
 361              	.LVL40:
 362              		.loc 1 1841 52 view .LVU115
 363 0082 8A5C     		ldrb	r2, [r1, r2]	@ zero_extendqisi2
1842:Drivers/BMP580/bmp5.c ****                                (uint16_t)fifo->data[(*data_index) + 1] << 8 |
 364              		.loc 1 1842 67 view .LVU116
 365 0084 0133     		adds	r3, r3, #1
 366              		.loc 1 1842 52 view .LVU117
 367 0086 CB5C     		ldrb	r3, [r1, r3]	@ zero_extendqisi2
 368              		.loc 1 1842 72 view .LVU118
 369 0088 1B02     		lsls	r3, r3, #8
1841:Drivers/BMP580/bmp5.c ****                     (uint32_t)((uint32_t)fifo->data[(*data_index) + 2] << 16 |
 370              		.loc 1 1841 78 view .LVU119
 371 008a 43EA0243 		orr	r3, r3, r2, lsl #16
 372              	.LVL41:
1843:Drivers/BMP580/bmp5.c ****                         fifo->data[*data_index]);
1844:Drivers/BMP580/bmp5.c **** 
1845:Drivers/BMP580/bmp5.c **** #ifdef BMP5_USE_FIXED_POINT
1846:Drivers/BMP580/bmp5.c **** 
1847:Drivers/BMP580/bmp5.c ****                 /* Division by 2^6(whose equivalent value is 64) is performed to get pressure data 
1848:Drivers/BMP580/bmp5.c ****                  * precision in Pa
1849:Drivers/BMP580/bmp5.c ****                  */
1850:Drivers/BMP580/bmp5.c ****                 sensor_data->pressure =
1851:Drivers/BMP580/bmp5.c ****                     (uint64_t)((raw_data_p / (float)64.0) * (power(10, BMP5_FIXED_POINT_DIGIT_PRECI
1852:Drivers/BMP580/bmp5.c **** #else
1853:Drivers/BMP580/bmp5.c **** 
1854:Drivers/BMP580/bmp5.c ****                 /* Division by 2^6(whose equivalent value is 64) is performed to get pressure data 
1855:Drivers/BMP580/bmp5.c ****                 sensor_data->pressure = (float)(raw_data_p / 64.0);
 373              		.loc 1 1855 17 is_stmt 1 view .LVU120
 374              		.loc 1 1855 60 is_stmt 0 view .LVU121
 375 008e 1843     		orrs	r0, r0, r3
 376              	.LVL42:
 377              		.loc 1 1855 60 view .LVU122
 378 0090 FFF7FEFF 		bl	__aeabi_ui2d
 379              	.LVL43:
 380              		.loc 1 1855 60 view .LVU123
 381 0094 0022     		movs	r2, #0
 382 0096 3A4B     		ldr	r3, .L34+4
 383 0098 FFF7FEFF 		bl	__aeabi_dmul
 384              	.LVL44:
 385              		.loc 1 1855 41 view .LVU124
 386 009c FFF7FEFF 		bl	__aeabi_d2f
 387              	.LVL45:
 388              		.loc 1 1855 39 view .LVU125
 389 00a0 2860     		str	r0, [r5]	@ float
1856:Drivers/BMP580/bmp5.c **** #endif
1857:Drivers/BMP580/bmp5.c **** 
1858:Drivers/BMP580/bmp5.c ****                 sensor_data->temperature = 0.0;
 390              		.loc 1 1858 17 is_stmt 1 view .LVU126
 391              		.loc 1 1858 42 is_stmt 0 view .LVU127
 392 00a2 0023     		movs	r3, #0
 393 00a4 6B60     		str	r3, [r5, #4]	@ float
1859:Drivers/BMP580/bmp5.c ****                 *data_index += 3;
 394              		.loc 1 1859 17 is_stmt 1 view .LVU128
 395 00a6 2388     		ldrh	r3, [r4]
 396              		.loc 1 1859 29 is_stmt 0 view .LVU129
 397 00a8 0333     		adds	r3, r3, #3
ARM GAS  C:\Users\Nathan\AppData\Local\Temp\ccGCFMYR.s 			page 41


 398 00aa 2380     		strh	r3, [r4]	@ movhi
1793:Drivers/BMP580/bmp5.c ****     int32_t raw_data_t;
 399              		.loc 1 1793 12 view .LVU130
 400 00ac 0020     		movs	r0, #0
 401              		.loc 1 1859 29 view .LVU131
 402 00ae 63E0     		b	.L25
 403              	.LVL46:
 404              	.L32:
1837:Drivers/BMP580/bmp5.c ****                   (fifo->data[*data_index + 2] == BMP5_FIFO_EMPTY)))
 405              		.loc 1 1837 91 discriminator 1 view .LVU132
 406 00b0 03F1010C 		add	ip, r3, #1
1837:Drivers/BMP580/bmp5.c ****                   (fifo->data[*data_index + 2] == BMP5_FIFO_EMPTY)))
 407              		.loc 1 1837 78 discriminator 1 view .LVU133
 408 00b4 11F80CC0 		ldrb	ip, [r1, ip]	@ zero_extendqisi2
1837:Drivers/BMP580/bmp5.c ****                   (fifo->data[*data_index + 2] == BMP5_FIFO_EMPTY)))
 409              		.loc 1 1837 64 discriminator 1 view .LVU134
 410 00b8 BCF17F0F 		cmp	ip, #127
 411 00bc E0D1     		bne	.L26
1838:Drivers/BMP580/bmp5.c ****             {
 412              		.loc 1 1838 43 view .LVU135
 413 00be 03F1020C 		add	ip, r3, #2
1838:Drivers/BMP580/bmp5.c ****             {
 414              		.loc 1 1838 30 view .LVU136
 415 00c2 11F80CC0 		ldrb	ip, [r1, ip]	@ zero_extendqisi2
1837:Drivers/BMP580/bmp5.c ****                   (fifo->data[*data_index + 2] == BMP5_FIFO_EMPTY)))
 416              		.loc 1 1837 17 discriminator 2 view .LVU137
 417 00c6 BCF17F0F 		cmp	ip, #127
 418 00ca D9D1     		bne	.L26
1860:Drivers/BMP580/bmp5.c ****             }
1861:Drivers/BMP580/bmp5.c ****             else
1862:Drivers/BMP580/bmp5.c ****             {
1863:Drivers/BMP580/bmp5.c ****                 rslt = BMP5_E_FIFO_FRAME_EMPTY;
 419              		.loc 1 1863 17 is_stmt 1 view .LVU138
 420              	.LVL47:
1864:Drivers/BMP580/bmp5.c **** 
1865:Drivers/BMP580/bmp5.c ****                 /* Move the data index to the last byte to mark completion */
1866:Drivers/BMP580/bmp5.c ****                 *data_index = fifo->length;
 421              		.loc 1 1866 17 view .LVU139
 422              		.loc 1 1866 35 is_stmt 0 view .LVU140
 423 00cc 9388     		ldrh	r3, [r2, #4]
 424              		.loc 1 1866 29 view .LVU141
 425 00ce 2380     		strh	r3, [r4]	@ movhi
1863:Drivers/BMP580/bmp5.c **** 
 426              		.loc 1 1863 22 view .LVU142
 427 00d0 6FF00800 		mvn	r0, #8
 428 00d4 50E0     		b	.L25
 429              	.LVL48:
 430              	.L21:
1867:Drivers/BMP580/bmp5.c ****             }
1868:Drivers/BMP580/bmp5.c **** 
1869:Drivers/BMP580/bmp5.c ****             break;
1870:Drivers/BMP580/bmp5.c ****         case BMP5_FIFO_PRESS_TEMP_DATA:
1871:Drivers/BMP580/bmp5.c ****             if (!((fifo->data[*data_index] == BMP5_FIFO_EMPTY) && (fifo->data[*data_index + 1] == B
 431              		.loc 1 1871 13 is_stmt 1 view .LVU143
 432              		.loc 1 1871 24 is_stmt 0 view .LVU144
 433 00d6 1168     		ldr	r1, [r2]
 434              	.LVL49:
ARM GAS  C:\Users\Nathan\AppData\Local\Temp\ccGCFMYR.s 			page 42


 435              		.loc 1 1871 31 view .LVU145
 436 00d8 2388     		ldrh	r3, [r4]
 437              		.loc 1 1871 30 view .LVU146
 438 00da 11F803C0 		ldrb	ip, [r1, r3]	@ zero_extendqisi2
 439              		.loc 1 1871 16 view .LVU147
 440 00de BCF17F0F 		cmp	ip, #127
 441 00e2 2CD0     		beq	.L33
 442              	.LVL50:
 443              	.L28:
1872:Drivers/BMP580/bmp5.c ****                   (fifo->data[*data_index + 2] == BMP5_FIFO_EMPTY) &&
1873:Drivers/BMP580/bmp5.c ****                   (fifo->data[*data_index + 3] == BMP5_FIFO_EMPTY) &&
1874:Drivers/BMP580/bmp5.c ****                   (fifo->data[*data_index + 4] == BMP5_FIFO_EMPTY) && (fifo->data[*data_index + 5] 
1875:Drivers/BMP580/bmp5.c ****             {
1876:Drivers/BMP580/bmp5.c ****                 raw_data_t =
 444              		.loc 1 1876 17 is_stmt 1 view .LVU148
1877:Drivers/BMP580/bmp5.c ****                     (int32_t)((uint32_t)fifo->data[*data_index + 2] << 16 | (uint16_t)fifo->data[*d
 445              		.loc 1 1877 64 is_stmt 0 view .LVU149
 446 00e4 9A1C     		adds	r2, r3, #2
 447              	.LVL51:
 448              		.loc 1 1877 51 view .LVU150
 449 00e6 885C     		ldrb	r0, [r1, r2]	@ zero_extendqisi2
 450              		.loc 1 1877 110 view .LVU151
 451 00e8 5A1C     		adds	r2, r3, #1
 452              		.loc 1 1877 97 view .LVU152
 453 00ea 8A5C     		ldrb	r2, [r1, r2]	@ zero_extendqisi2
 454              		.loc 1 1877 115 view .LVU153
 455 00ec 1202     		lsls	r2, r2, #8
 456              		.loc 1 1877 75 view .LVU154
 457 00ee 42EA0040 		orr	r0, r2, r0, lsl #16
 458              	.LVL52:
1878:Drivers/BMP580/bmp5.c ****                         fifo->data[*data_index]);
1879:Drivers/BMP580/bmp5.c **** 
1880:Drivers/BMP580/bmp5.c ****                 raw_data_p =
 459              		.loc 1 1880 17 is_stmt 1 view .LVU155
1881:Drivers/BMP580/bmp5.c ****                     (uint32_t)((uint32_t)fifo->data[(*data_index) + 5] << 16 |
 460              		.loc 1 1881 67 is_stmt 0 view .LVU156
 461 00f2 5A1D     		adds	r2, r3, #5
 462              		.loc 1 1881 52 view .LVU157
 463 00f4 11F802E0 		ldrb	lr, [r1, r2]	@ zero_extendqisi2
1882:Drivers/BMP580/bmp5.c ****                                (uint16_t)fifo->data[(*data_index) + 4] << 8 |
 464              		.loc 1 1882 67 view .LVU158
 465 00f8 1A1D     		adds	r2, r3, #4
 466              		.loc 1 1882 52 view .LVU159
 467 00fa 8A5C     		ldrb	r2, [r1, r2]	@ zero_extendqisi2
 468              		.loc 1 1882 72 view .LVU160
 469 00fc 1202     		lsls	r2, r2, #8
1881:Drivers/BMP580/bmp5.c ****                     (uint32_t)((uint32_t)fifo->data[(*data_index) + 5] << 16 |
 470              		.loc 1 1881 78 view .LVU161
 471 00fe 42EA0E42 		orr	r2, r2, lr, lsl #16
1883:Drivers/BMP580/bmp5.c ****                         fifo->data[*data_index + 3]);
 472              		.loc 1 1883 48 view .LVU162
 473 0102 0333     		adds	r3, r3, #3
 474              		.loc 1 1883 35 view .LVU163
 475 0104 CB5C     		ldrb	r3, [r1, r3]	@ zero_extendqisi2
1880:Drivers/BMP580/bmp5.c ****                     (uint32_t)((uint32_t)fifo->data[(*data_index) + 5] << 16 |
 476              		.loc 1 1880 28 view .LVU164
 477 0106 42EA0306 		orr	r6, r2, r3
ARM GAS  C:\Users\Nathan\AppData\Local\Temp\ccGCFMYR.s 			page 43


 478              	.LVL53:
1884:Drivers/BMP580/bmp5.c **** 
1885:Drivers/BMP580/bmp5.c **** #ifdef BMP5_USE_FIXED_POINT
1886:Drivers/BMP580/bmp5.c **** 
1887:Drivers/BMP580/bmp5.c ****                 /* Division by 2^16(whose equivalent value is 65536) is performed to get temperatur
1888:Drivers/BMP580/bmp5.c ****                  * precision in deg C
1889:Drivers/BMP580/bmp5.c ****                  */
1890:Drivers/BMP580/bmp5.c ****                 sensor_data->temperature =
1891:Drivers/BMP580/bmp5.c ****                     (int64_t)((raw_data_t / (float)(float)64.0) * (power(10, BMP5_FIXED_POINT_DIGIT
1892:Drivers/BMP580/bmp5.c **** 
1893:Drivers/BMP580/bmp5.c ****                 /* Division by 2^6(whose equivalent value is 64) is performed to get pressure data 
1894:Drivers/BMP580/bmp5.c ****                  * precision in Pa
1895:Drivers/BMP580/bmp5.c ****                  */
1896:Drivers/BMP580/bmp5.c ****                 sensor_data->pressure =
1897:Drivers/BMP580/bmp5.c ****                     (uint64_t)((raw_data_p / (float)64.0) * (power(10, BMP5_FIXED_POINT_DIGIT_PRECI
1898:Drivers/BMP580/bmp5.c **** #else
1899:Drivers/BMP580/bmp5.c **** 
1900:Drivers/BMP580/bmp5.c ****                 /* Division by 2^16(whose equivalent value is 65536) is performed to get temperatur
1901:Drivers/BMP580/bmp5.c ****                 sensor_data->temperature = (float)(raw_data_t / 65536.0);
 479              		.loc 1 1901 17 is_stmt 1 view .LVU165
 480              		.loc 1 1901 63 is_stmt 0 view .LVU166
 481 010a 40EA0C00 		orr	r0, r0, ip
 482              	.LVL54:
 483              		.loc 1 1901 63 view .LVU167
 484 010e FFF7FEFF 		bl	__aeabi_i2d
 485              	.LVL55:
 486              		.loc 1 1901 63 view .LVU168
 487 0112 0022     		movs	r2, #0
 488 0114 194B     		ldr	r3, .L34
 489 0116 FFF7FEFF 		bl	__aeabi_dmul
 490              	.LVL56:
 491              		.loc 1 1901 44 view .LVU169
 492 011a FFF7FEFF 		bl	__aeabi_d2f
 493              	.LVL57:
 494              		.loc 1 1901 42 view .LVU170
 495 011e 6860     		str	r0, [r5, #4]	@ float
1902:Drivers/BMP580/bmp5.c **** 
1903:Drivers/BMP580/bmp5.c ****                 /* Division by 2^6(whose equivalent value is 64) is performed to get pressure data 
1904:Drivers/BMP580/bmp5.c ****                 sensor_data->pressure = (float)(raw_data_p / 64.0);
 496              		.loc 1 1904 17 is_stmt 1 view .LVU171
 497              		.loc 1 1904 60 is_stmt 0 view .LVU172
 498 0120 3046     		mov	r0, r6
 499 0122 FFF7FEFF 		bl	__aeabi_ui2d
 500              	.LVL58:
 501 0126 0022     		movs	r2, #0
 502 0128 154B     		ldr	r3, .L34+4
 503 012a FFF7FEFF 		bl	__aeabi_dmul
 504              	.LVL59:
 505              		.loc 1 1904 41 view .LVU173
 506 012e FFF7FEFF 		bl	__aeabi_d2f
 507              	.LVL60:
 508              		.loc 1 1904 39 view .LVU174
 509 0132 2860     		str	r0, [r5]	@ float
1905:Drivers/BMP580/bmp5.c **** #endif
1906:Drivers/BMP580/bmp5.c **** 
1907:Drivers/BMP580/bmp5.c ****                 *data_index += 6;
 510              		.loc 1 1907 17 is_stmt 1 view .LVU175
ARM GAS  C:\Users\Nathan\AppData\Local\Temp\ccGCFMYR.s 			page 44


 511 0134 2388     		ldrh	r3, [r4]
 512              		.loc 1 1907 29 is_stmt 0 view .LVU176
 513 0136 0633     		adds	r3, r3, #6
 514 0138 2380     		strh	r3, [r4]	@ movhi
1793:Drivers/BMP580/bmp5.c ****     int32_t raw_data_t;
 515              		.loc 1 1793 12 view .LVU177
 516 013a 0020     		movs	r0, #0
 517              		.loc 1 1907 29 view .LVU178
 518 013c 1CE0     		b	.L25
 519              	.LVL61:
 520              	.L33:
1871:Drivers/BMP580/bmp5.c ****                   (fifo->data[*data_index + 2] == BMP5_FIFO_EMPTY) &&
 521              		.loc 1 1871 91 discriminator 1 view .LVU179
 522 013e 581C     		adds	r0, r3, #1
 523              	.LVL62:
1871:Drivers/BMP580/bmp5.c ****                   (fifo->data[*data_index + 2] == BMP5_FIFO_EMPTY) &&
 524              		.loc 1 1871 78 discriminator 1 view .LVU180
 525 0140 085C     		ldrb	r0, [r1, r0]	@ zero_extendqisi2
1871:Drivers/BMP580/bmp5.c ****                   (fifo->data[*data_index + 2] == BMP5_FIFO_EMPTY) &&
 526              		.loc 1 1871 64 discriminator 1 view .LVU181
 527 0142 7F28     		cmp	r0, #127
 528 0144 CED1     		bne	.L28
1872:Drivers/BMP580/bmp5.c ****                   (fifo->data[*data_index + 3] == BMP5_FIFO_EMPTY) &&
 529              		.loc 1 1872 43 view .LVU182
 530 0146 981C     		adds	r0, r3, #2
1872:Drivers/BMP580/bmp5.c ****                   (fifo->data[*data_index + 3] == BMP5_FIFO_EMPTY) &&
 531              		.loc 1 1872 30 view .LVU183
 532 0148 085C     		ldrb	r0, [r1, r0]	@ zero_extendqisi2
1871:Drivers/BMP580/bmp5.c ****                   (fifo->data[*data_index + 2] == BMP5_FIFO_EMPTY) &&
 533              		.loc 1 1871 116 discriminator 2 view .LVU184
 534 014a 7F28     		cmp	r0, #127
 535 014c CAD1     		bne	.L28
1873:Drivers/BMP580/bmp5.c ****                   (fifo->data[*data_index + 4] == BMP5_FIFO_EMPTY) && (fifo->data[*data_index + 5] 
 536              		.loc 1 1873 43 view .LVU185
 537 014e D81C     		adds	r0, r3, #3
1873:Drivers/BMP580/bmp5.c ****                   (fifo->data[*data_index + 4] == BMP5_FIFO_EMPTY) && (fifo->data[*data_index + 5] 
 538              		.loc 1 1873 30 view .LVU186
 539 0150 085C     		ldrb	r0, [r1, r0]	@ zero_extendqisi2
1872:Drivers/BMP580/bmp5.c ****                   (fifo->data[*data_index + 3] == BMP5_FIFO_EMPTY) &&
 540              		.loc 1 1872 68 view .LVU187
 541 0152 7F28     		cmp	r0, #127
 542 0154 C6D1     		bne	.L28
1874:Drivers/BMP580/bmp5.c ****             {
 543              		.loc 1 1874 43 view .LVU188
 544 0156 181D     		adds	r0, r3, #4
1874:Drivers/BMP580/bmp5.c ****             {
 545              		.loc 1 1874 30 view .LVU189
 546 0158 085C     		ldrb	r0, [r1, r0]	@ zero_extendqisi2
1873:Drivers/BMP580/bmp5.c ****                   (fifo->data[*data_index + 4] == BMP5_FIFO_EMPTY) && (fifo->data[*data_index + 5] 
 547              		.loc 1 1873 68 view .LVU190
 548 015a 7F28     		cmp	r0, #127
 549 015c C2D1     		bne	.L28
1874:Drivers/BMP580/bmp5.c ****             {
 550              		.loc 1 1874 95 view .LVU191
 551 015e 581D     		adds	r0, r3, #5
1874:Drivers/BMP580/bmp5.c ****             {
 552              		.loc 1 1874 82 view .LVU192
ARM GAS  C:\Users\Nathan\AppData\Local\Temp\ccGCFMYR.s 			page 45


 553 0160 085C     		ldrb	r0, [r1, r0]	@ zero_extendqisi2
1871:Drivers/BMP580/bmp5.c ****                   (fifo->data[*data_index + 2] == BMP5_FIFO_EMPTY) &&
 554              		.loc 1 1871 17 view .LVU193
 555 0162 7F28     		cmp	r0, #127
 556 0164 BED1     		bne	.L28
1908:Drivers/BMP580/bmp5.c ****             }
1909:Drivers/BMP580/bmp5.c ****             else
1910:Drivers/BMP580/bmp5.c ****             {
1911:Drivers/BMP580/bmp5.c ****                 rslt = BMP5_E_FIFO_FRAME_EMPTY;
 557              		.loc 1 1911 17 is_stmt 1 view .LVU194
 558              	.LVL63:
1912:Drivers/BMP580/bmp5.c **** 
1913:Drivers/BMP580/bmp5.c ****                 /* Move the data index to the last byte to mark completion */
1914:Drivers/BMP580/bmp5.c ****                 *data_index = fifo->length;
 559              		.loc 1 1914 17 view .LVU195
 560              		.loc 1 1914 35 is_stmt 0 view .LVU196
 561 0166 9388     		ldrh	r3, [r2, #4]
 562              		.loc 1 1914 29 view .LVU197
 563 0168 2380     		strh	r3, [r4]	@ movhi
1911:Drivers/BMP580/bmp5.c **** 
 564              		.loc 1 1911 22 view .LVU198
 565 016a 6FF00800 		mvn	r0, #8
 566 016e 03E0     		b	.L25
 567              	.LVL64:
 568              	.L22:
1915:Drivers/BMP580/bmp5.c ****             }
1916:Drivers/BMP580/bmp5.c **** 
1917:Drivers/BMP580/bmp5.c ****             break;
1918:Drivers/BMP580/bmp5.c ****         default:
1919:Drivers/BMP580/bmp5.c ****             sensor_data->pressure = 0.0;
 569              		.loc 1 1919 13 is_stmt 1 view .LVU199
 570              		.loc 1 1919 35 is_stmt 0 view .LVU200
 571 0170 0023     		movs	r3, #0
 572 0172 0360     		str	r3, [r0]	@ float
1920:Drivers/BMP580/bmp5.c ****             sensor_data->temperature = 0.0;
 573              		.loc 1 1920 13 is_stmt 1 view .LVU201
 574              		.loc 1 1920 38 is_stmt 0 view .LVU202
 575 0174 4360     		str	r3, [r0, #4]	@ float
1921:Drivers/BMP580/bmp5.c ****             break;
 576              		.loc 1 1921 13 is_stmt 1 view .LVU203
1793:Drivers/BMP580/bmp5.c ****     int32_t raw_data_t;
 577              		.loc 1 1793 12 is_stmt 0 view .LVU204
 578 0176 0020     		movs	r0, #0
 579              	.LVL65:
 580              	.L25:
1922:Drivers/BMP580/bmp5.c ****     }
1923:Drivers/BMP580/bmp5.c **** 
1924:Drivers/BMP580/bmp5.c ****     return rslt;
 581              		.loc 1 1924 5 is_stmt 1 view .LVU205
1925:Drivers/BMP580/bmp5.c **** }
 582              		.loc 1 1925 1 is_stmt 0 view .LVU206
 583 0178 70BD     		pop	{r4, r5, r6, pc}
 584              	.LVL66:
 585              	.L35:
 586              		.loc 1 1925 1 view .LVU207
 587 017a 00BF     		.align	2
 588              	.L34:
ARM GAS  C:\Users\Nathan\AppData\Local\Temp\ccGCFMYR.s 			page 46


 589 017c 0000F03E 		.word	1055916032
 590 0180 0000903F 		.word	1066401792
 591              		.cfi_endproc
 592              	.LFE34:
 594              		.section	.text.bmp5_get_regs,"ax",%progbits
 595              		.align	1
 596              		.global	bmp5_get_regs
 597              		.syntax unified
 598              		.thumb
 599              		.thumb_func
 601              	bmp5_get_regs:
 602              	.LVL67:
 603              	.LFB1:
 342:Drivers/BMP580/bmp5.c ****     int8_t rslt;
 604              		.loc 1 342 1 is_stmt 1 view -0
 605              		.cfi_startproc
 606              		@ args = 0, pretend = 0, frame = 0
 607              		@ frame_needed = 0, uses_anonymous_args = 0
 342:Drivers/BMP580/bmp5.c ****     int8_t rslt;
 608              		.loc 1 342 1 is_stmt 0 view .LVU209
 609 0000 2DE9F041 		push	{r4, r5, r6, r7, r8, lr}
 610              		.cfi_def_cfa_offset 24
 611              		.cfi_offset 4, -24
 612              		.cfi_offset 5, -20
 613              		.cfi_offset 6, -16
 614              		.cfi_offset 7, -12
 615              		.cfi_offset 8, -8
 616              		.cfi_offset 14, -4
 617 0004 0646     		mov	r6, r0
 618 0006 0D46     		mov	r5, r1
 619 0008 9046     		mov	r8, r2
 620 000a 1C46     		mov	r4, r3
 343:Drivers/BMP580/bmp5.c **** 
 621              		.loc 1 343 5 is_stmt 1 view .LVU210
 346:Drivers/BMP580/bmp5.c **** 
 622              		.loc 1 346 5 view .LVU211
 346:Drivers/BMP580/bmp5.c **** 
 623              		.loc 1 346 12 is_stmt 0 view .LVU212
 624 000c 1846     		mov	r0, r3
 625              	.LVL68:
 346:Drivers/BMP580/bmp5.c **** 
 626              		.loc 1 346 12 view .LVU213
 627 000e FFF7FEFF 		bl	null_ptr_check
 628              	.LVL69:
 349:Drivers/BMP580/bmp5.c ****     {
 629              		.loc 1 349 5 is_stmt 1 view .LVU214
 349:Drivers/BMP580/bmp5.c ****     {
 630              		.loc 1 349 8 is_stmt 0 view .LVU215
 631 0012 88B9     		cbnz	r0, .L39
 632 0014 0746     		mov	r7, r0
 349:Drivers/BMP580/bmp5.c ****     {
 633              		.loc 1 349 27 discriminator 1 view .LVU216
 634 0016 9DB1     		cbz	r5, .L40
 351:Drivers/BMP580/bmp5.c ****         {
 635              		.loc 1 351 9 is_stmt 1 view .LVU217
 351:Drivers/BMP580/bmp5.c ****         {
 636              		.loc 1 351 16 is_stmt 0 view .LVU218
ARM GAS  C:\Users\Nathan\AppData\Local\Temp\ccGCFMYR.s 			page 47


 637 0018 637D     		ldrb	r3, [r4, #21]	@ zero_extendqisi2
 351:Drivers/BMP580/bmp5.c ****         {
 638              		.loc 1 351 12 view .LVU219
 639 001a 13B9     		cbnz	r3, .L38
 354:Drivers/BMP580/bmp5.c ****         }
 640              		.loc 1 354 13 is_stmt 1 view .LVU220
 354:Drivers/BMP580/bmp5.c ****         }
 641              		.loc 1 354 22 is_stmt 0 view .LVU221
 642 001c 46F08003 		orr	r3, r6, #128
 643 0020 1E46     		mov	r6, r3
 644              	.LVL70:
 645              	.L38:
 358:Drivers/BMP580/bmp5.c **** 
 646              		.loc 1 358 9 is_stmt 1 view .LVU222
 358:Drivers/BMP580/bmp5.c **** 
 647              		.loc 1 358 26 is_stmt 0 view .LVU223
 648 0022 6368     		ldr	r3, [r4, #4]
 649 0024 4246     		mov	r2, r8
 650 0026 2946     		mov	r1, r5
 651 0028 3046     		mov	r0, r6
 652              	.LVL71:
 358:Drivers/BMP580/bmp5.c **** 
 653              		.loc 1 358 26 view .LVU224
 654 002a A568     		ldr	r5, [r4, #8]
 655              	.LVL72:
 358:Drivers/BMP580/bmp5.c **** 
 656              		.loc 1 358 26 view .LVU225
 657 002c A847     		blx	r5
 658              	.LVL73:
 358:Drivers/BMP580/bmp5.c **** 
 659              		.loc 1 358 24 discriminator 1 view .LVU226
 660 002e 2075     		strb	r0, [r4, #20]
 360:Drivers/BMP580/bmp5.c ****         {
 661              		.loc 1 360 9 is_stmt 1 view .LVU227
 360:Drivers/BMP580/bmp5.c ****         {
 662              		.loc 1 360 12 is_stmt 0 view .LVU228
 663 0030 50B9     		cbnz	r0, .L43
 664              	.LVL74:
 665              	.L37:
 371:Drivers/BMP580/bmp5.c **** }
 666              		.loc 1 371 5 is_stmt 1 view .LVU229
 372:Drivers/BMP580/bmp5.c **** 
 667              		.loc 1 372 1 is_stmt 0 view .LVU230
 668 0032 3846     		mov	r0, r7
 669 0034 BDE8F081 		pop	{r4, r5, r6, r7, r8, pc}
 670              	.LVL75:
 671              	.L39:
 368:Drivers/BMP580/bmp5.c ****     }
 672              		.loc 1 368 14 view .LVU231
 673 0038 4FF0FF33 		mov	r3, #-1
 674 003c 1F46     		mov	r7, r3
 675 003e F8E7     		b	.L37
 676              	.L40:
 677 0040 4FF0FF33 		mov	r3, #-1
 678 0044 1F46     		mov	r7, r3
 679 0046 F4E7     		b	.L37
 680              	.LVL76:
ARM GAS  C:\Users\Nathan\AppData\Local\Temp\ccGCFMYR.s 			page 48


 681              	.L43:
 363:Drivers/BMP580/bmp5.c ****         }
 682              		.loc 1 363 18 view .LVU232
 683 0048 6FF00103 		mvn	r3, #1
 684 004c 1F46     		mov	r7, r3
 685              	.LVL77:
 363:Drivers/BMP580/bmp5.c ****         }
 686              		.loc 1 363 18 view .LVU233
 687 004e F0E7     		b	.L37
 688              		.cfi_endproc
 689              	.LFE1:
 691              		.section	.text.get_nvm_status,"ax",%progbits
 692              		.align	1
 693              		.syntax unified
 694              		.thumb
 695              		.thumb_func
 697              	get_nvm_status:
 698              	.LVL78:
 699              	.LFB39:
1926:Drivers/BMP580/bmp5.c **** 
1927:Drivers/BMP580/bmp5.c **** /*!
1928:Drivers/BMP580/bmp5.c ****  *  @brief This internal API sets the IIR configuration and count limit of OOR pressure.
1929:Drivers/BMP580/bmp5.c ****  */
1930:Drivers/BMP580/bmp5.c **** static int8_t set_oor_iir_count_limit(uint8_t set_oor_iir_p, uint8_t set_count_limit, struct bmp5_d
1931:Drivers/BMP580/bmp5.c **** {
1932:Drivers/BMP580/bmp5.c ****     int8_t rslt;
1933:Drivers/BMP580/bmp5.c ****     uint8_t reg_data = 0;
1934:Drivers/BMP580/bmp5.c **** 
1935:Drivers/BMP580/bmp5.c ****     /* Variable to store existing powermode */
1936:Drivers/BMP580/bmp5.c ****     enum bmp5_powermode curr_pwrmode;
1937:Drivers/BMP580/bmp5.c **** 
1938:Drivers/BMP580/bmp5.c ****     rslt = bmp5_get_power_mode(&curr_pwrmode, dev);
1939:Drivers/BMP580/bmp5.c **** 
1940:Drivers/BMP580/bmp5.c ****     if (rslt == BMP5_OK)
1941:Drivers/BMP580/bmp5.c ****     {
1942:Drivers/BMP580/bmp5.c ****         /* OOR IIR configuration and count limit is writable only during STANDBY mode(as per datash
1943:Drivers/BMP580/bmp5.c ****         if (curr_pwrmode != BMP5_POWERMODE_STANDBY)
1944:Drivers/BMP580/bmp5.c ****         {
1945:Drivers/BMP580/bmp5.c ****             /* If sensor is not in standby mode, set sensor in standby mode */
1946:Drivers/BMP580/bmp5.c ****             rslt = bmp5_set_power_mode(BMP5_POWERMODE_STANDBY, dev);
1947:Drivers/BMP580/bmp5.c ****         }
1948:Drivers/BMP580/bmp5.c **** 
1949:Drivers/BMP580/bmp5.c ****         if (rslt == BMP5_OK)
1950:Drivers/BMP580/bmp5.c ****         {
1951:Drivers/BMP580/bmp5.c ****             /* Get OOR pressure IIR configuration */
1952:Drivers/BMP580/bmp5.c ****             rslt = bmp5_get_regs(BMP5_REG_DSP_CONFIG, &reg_data, 1, dev);
1953:Drivers/BMP580/bmp5.c **** 
1954:Drivers/BMP580/bmp5.c ****             if (rslt == BMP5_OK)
1955:Drivers/BMP580/bmp5.c ****             {
1956:Drivers/BMP580/bmp5.c ****                 reg_data = BMP5_SET_BITSLICE(reg_data, BMP5_OOR_SEL_IIR_PRESS, set_oor_iir_p);
1957:Drivers/BMP580/bmp5.c **** 
1958:Drivers/BMP580/bmp5.c ****                 /* Set OOR pressure IIR configuration */
1959:Drivers/BMP580/bmp5.c ****                 rslt = bmp5_set_regs(BMP5_REG_DSP_CONFIG, &reg_data, 1, dev);
1960:Drivers/BMP580/bmp5.c ****             }
1961:Drivers/BMP580/bmp5.c **** 
1962:Drivers/BMP580/bmp5.c ****             if (rslt == BMP5_OK)
1963:Drivers/BMP580/bmp5.c ****             {
ARM GAS  C:\Users\Nathan\AppData\Local\Temp\ccGCFMYR.s 			page 49


1964:Drivers/BMP580/bmp5.c ****                 /* Get OOR pressure count limit */
1965:Drivers/BMP580/bmp5.c ****                 rslt = bmp5_get_regs(BMP5_REG_OOR_CONFIG, &reg_data, 1, dev);
1966:Drivers/BMP580/bmp5.c ****             }
1967:Drivers/BMP580/bmp5.c **** 
1968:Drivers/BMP580/bmp5.c ****             if (rslt == BMP5_OK)
1969:Drivers/BMP580/bmp5.c ****             {
1970:Drivers/BMP580/bmp5.c ****                 reg_data = BMP5_SET_BITSLICE(reg_data, BMP5_OOR_COUNT_LIMIT, set_count_limit);
1971:Drivers/BMP580/bmp5.c ****             }
1972:Drivers/BMP580/bmp5.c **** 
1973:Drivers/BMP580/bmp5.c ****             if (rslt == BMP5_OK)
1974:Drivers/BMP580/bmp5.c ****             {
1975:Drivers/BMP580/bmp5.c ****                 /* Set OOR pressure count limit */
1976:Drivers/BMP580/bmp5.c ****                 rslt = bmp5_set_regs(BMP5_REG_OOR_CONFIG, &reg_data, 1, dev);
1977:Drivers/BMP580/bmp5.c ****             }
1978:Drivers/BMP580/bmp5.c ****         }
1979:Drivers/BMP580/bmp5.c **** 
1980:Drivers/BMP580/bmp5.c ****         /* If previous mode is not standbymode return sensor to that previous mode
1981:Drivers/BMP580/bmp5.c ****          * after setting oor iir configuration and count limit
1982:Drivers/BMP580/bmp5.c ****          */
1983:Drivers/BMP580/bmp5.c ****         if (rslt == BMP5_OK)
1984:Drivers/BMP580/bmp5.c ****         {
1985:Drivers/BMP580/bmp5.c ****             /* Since oor IIR and count limit works only in standby mode we are not re-writing to de
1986:Drivers/BMP580/bmp5.c ****              * as deep standby mode resets the oor iir configuration and count limit to default
1987:Drivers/BMP580/bmp5.c ****              */
1988:Drivers/BMP580/bmp5.c ****             if ((curr_pwrmode != BMP5_POWERMODE_STANDBY) && (curr_pwrmode != BMP5_POWERMODE_DEEP_ST
1989:Drivers/BMP580/bmp5.c ****             {
1990:Drivers/BMP580/bmp5.c ****                 rslt = bmp5_set_power_mode(curr_pwrmode, dev);
1991:Drivers/BMP580/bmp5.c ****             }
1992:Drivers/BMP580/bmp5.c ****         }
1993:Drivers/BMP580/bmp5.c ****     }
1994:Drivers/BMP580/bmp5.c **** 
1995:Drivers/BMP580/bmp5.c ****     return rslt;
1996:Drivers/BMP580/bmp5.c **** }
1997:Drivers/BMP580/bmp5.c **** 
1998:Drivers/BMP580/bmp5.c **** /*!
1999:Drivers/BMP580/bmp5.c ****  * @brief This internal API is used to write the nvm address and prog_en.
2000:Drivers/BMP580/bmp5.c ****  */
2001:Drivers/BMP580/bmp5.c **** static int8_t nvm_write_addr(uint8_t nvm_addr, uint8_t prog_en, enum bmp5_powermode *curr_pwrmode, 
2002:Drivers/BMP580/bmp5.c **** {
2003:Drivers/BMP580/bmp5.c ****     int8_t rslt;
2004:Drivers/BMP580/bmp5.c **** 
2005:Drivers/BMP580/bmp5.c ****     if ((nvm_addr >= BMP5_NVM_START_ADDR) && (nvm_addr <= BMP5_NVM_END_ADDR))
2006:Drivers/BMP580/bmp5.c ****     {
2007:Drivers/BMP580/bmp5.c ****         /* Get current powermode */
2008:Drivers/BMP580/bmp5.c ****         rslt = bmp5_get_power_mode(curr_pwrmode, dev);
2009:Drivers/BMP580/bmp5.c **** 
2010:Drivers/BMP580/bmp5.c ****         if (rslt == BMP5_OK)
2011:Drivers/BMP580/bmp5.c ****         {
2012:Drivers/BMP580/bmp5.c ****             /* NVM write can be performed only during STANDBY mode */
2013:Drivers/BMP580/bmp5.c ****             if (*curr_pwrmode != BMP5_POWERMODE_STANDBY)
2014:Drivers/BMP580/bmp5.c ****             {
2015:Drivers/BMP580/bmp5.c ****                 /* If sensor is not in standby mode, set sensor in standby mode */
2016:Drivers/BMP580/bmp5.c ****                 rslt = bmp5_set_power_mode(BMP5_POWERMODE_STANDBY, dev);
2017:Drivers/BMP580/bmp5.c ****             }
2018:Drivers/BMP580/bmp5.c **** 
2019:Drivers/BMP580/bmp5.c ****             if (rslt == BMP5_OK)
2020:Drivers/BMP580/bmp5.c ****             {
ARM GAS  C:\Users\Nathan\AppData\Local\Temp\ccGCFMYR.s 			page 50


2021:Drivers/BMP580/bmp5.c ****                 /* Write the NVM address and set NVM prog_en with respect to NVM read/write selecte
2022:Drivers/BMP580/bmp5.c ****                 rslt = set_nvm_addr(nvm_addr, prog_en, dev);
2023:Drivers/BMP580/bmp5.c ****             }
2024:Drivers/BMP580/bmp5.c ****         }
2025:Drivers/BMP580/bmp5.c ****     }
2026:Drivers/BMP580/bmp5.c ****     else
2027:Drivers/BMP580/bmp5.c ****     {
2028:Drivers/BMP580/bmp5.c ****         rslt = BMP5_E_NVM_INVALID_ADDR;
2029:Drivers/BMP580/bmp5.c ****     }
2030:Drivers/BMP580/bmp5.c **** 
2031:Drivers/BMP580/bmp5.c ****     return rslt;
2032:Drivers/BMP580/bmp5.c **** }
2033:Drivers/BMP580/bmp5.c **** 
2034:Drivers/BMP580/bmp5.c **** /*!
2035:Drivers/BMP580/bmp5.c ****  * @brief This internal API is used to set the nvm address and prog_enable based on NVM read/write 
2036:Drivers/BMP580/bmp5.c ****  */
2037:Drivers/BMP580/bmp5.c **** static int8_t set_nvm_addr(uint8_t nvm_addr, uint8_t prog_en, struct bmp5_dev *dev)
2038:Drivers/BMP580/bmp5.c **** {
2039:Drivers/BMP580/bmp5.c ****     int8_t rslt;
2040:Drivers/BMP580/bmp5.c ****     uint8_t nvm_status;
2041:Drivers/BMP580/bmp5.c ****     uint8_t reg_data;
2042:Drivers/BMP580/bmp5.c **** 
2043:Drivers/BMP580/bmp5.c ****     /* Check if NVM ready status = 1 */
2044:Drivers/BMP580/bmp5.c ****     rslt = get_nvm_status(&nvm_status, dev);
2045:Drivers/BMP580/bmp5.c **** 
2046:Drivers/BMP580/bmp5.c ****     if (nvm_status & BMP5_INT_NVM_RDY)
2047:Drivers/BMP580/bmp5.c ****     {
2048:Drivers/BMP580/bmp5.c ****         rslt = bmp5_get_regs(BMP5_REG_NVM_ADDR, &reg_data, 1, dev);
2049:Drivers/BMP580/bmp5.c **** 
2050:Drivers/BMP580/bmp5.c ****         if (rslt == BMP5_OK)
2051:Drivers/BMP580/bmp5.c ****         {
2052:Drivers/BMP580/bmp5.c ****             /* Write the NVM address */
2053:Drivers/BMP580/bmp5.c ****             reg_data = BMP5_SET_BITS_POS_0(reg_data, BMP5_NVM_ADDR, nvm_addr);
2054:Drivers/BMP580/bmp5.c **** 
2055:Drivers/BMP580/bmp5.c ****             if (prog_en == BMP5_ENABLE)
2056:Drivers/BMP580/bmp5.c ****             {
2057:Drivers/BMP580/bmp5.c ****                 /* Set bit nvm_prog_en as 1 if NVM write is selected */
2058:Drivers/BMP580/bmp5.c ****                 reg_data = BMP5_SET_BITSLICE(reg_data, BMP5_NVM_PROG_EN, prog_en);
2059:Drivers/BMP580/bmp5.c ****             }
2060:Drivers/BMP580/bmp5.c ****             else
2061:Drivers/BMP580/bmp5.c ****             {
2062:Drivers/BMP580/bmp5.c ****                 /* Set bit nvm_prog_en as 0 if NVM read is selected */
2063:Drivers/BMP580/bmp5.c ****                 reg_data = BMP5_SET_BIT_VAL_0(reg_data, BMP5_NVM_PROG_EN);
2064:Drivers/BMP580/bmp5.c ****             }
2065:Drivers/BMP580/bmp5.c **** 
2066:Drivers/BMP580/bmp5.c ****             rslt = bmp5_set_regs(BMP5_REG_NVM_ADDR, &reg_data, 1, dev);
2067:Drivers/BMP580/bmp5.c ****         }
2068:Drivers/BMP580/bmp5.c ****     }
2069:Drivers/BMP580/bmp5.c ****     else
2070:Drivers/BMP580/bmp5.c ****     {
2071:Drivers/BMP580/bmp5.c ****         rslt = BMP5_E_NVM_NOT_READY;
2072:Drivers/BMP580/bmp5.c ****     }
2073:Drivers/BMP580/bmp5.c **** 
2074:Drivers/BMP580/bmp5.c ****     return rslt;
2075:Drivers/BMP580/bmp5.c **** }
2076:Drivers/BMP580/bmp5.c **** 
2077:Drivers/BMP580/bmp5.c **** /*!
ARM GAS  C:\Users\Nathan\AppData\Local\Temp\ccGCFMYR.s 			page 51


2078:Drivers/BMP580/bmp5.c ****  * @brief This internal API is used to read the nvm data.
2079:Drivers/BMP580/bmp5.c ****  */
2080:Drivers/BMP580/bmp5.c **** static int8_t get_nvm_data(uint16_t *nvm_data, struct bmp5_dev *dev)
2081:Drivers/BMP580/bmp5.c **** {
2082:Drivers/BMP580/bmp5.c ****     int8_t rslt;
2083:Drivers/BMP580/bmp5.c ****     uint8_t nvm_status;
2084:Drivers/BMP580/bmp5.c ****     uint8_t nvmdata[2];
2085:Drivers/BMP580/bmp5.c **** 
2086:Drivers/BMP580/bmp5.c ****     if (nvm_data != NULL)
2087:Drivers/BMP580/bmp5.c ****     {
2088:Drivers/BMP580/bmp5.c ****         rslt = get_nvm_status(&nvm_status, dev);
2089:Drivers/BMP580/bmp5.c **** 
2090:Drivers/BMP580/bmp5.c ****         /* Check if NVM ready status = 1, NVM error status = 0 and NVM command error status = 0 */
2091:Drivers/BMP580/bmp5.c ****         if ((nvm_status & BMP5_INT_NVM_RDY) && (!(nvm_status & BMP5_INT_NVM_ERR)) &&
2092:Drivers/BMP580/bmp5.c ****             (!(nvm_status & BMP5_INT_NVM_CMD_ERR)))
2093:Drivers/BMP580/bmp5.c ****         {
2094:Drivers/BMP580/bmp5.c ****             /* Read the NVM data from the register address */
2095:Drivers/BMP580/bmp5.c ****             rslt = bmp5_get_regs(BMP5_REG_NVM_DATA_LSB, nvmdata, 2, dev);
2096:Drivers/BMP580/bmp5.c **** 
2097:Drivers/BMP580/bmp5.c ****             (*nvm_data) = (uint16_t)((nvmdata[1] << 8) | nvmdata[0]);
2098:Drivers/BMP580/bmp5.c ****         }
2099:Drivers/BMP580/bmp5.c ****         else
2100:Drivers/BMP580/bmp5.c ****         {
2101:Drivers/BMP580/bmp5.c ****             rslt = BMP5_E_NVM_NOT_READY;
2102:Drivers/BMP580/bmp5.c ****         }
2103:Drivers/BMP580/bmp5.c ****     }
2104:Drivers/BMP580/bmp5.c ****     else
2105:Drivers/BMP580/bmp5.c ****     {
2106:Drivers/BMP580/bmp5.c ****         rslt = BMP5_E_NULL_PTR;
2107:Drivers/BMP580/bmp5.c ****     }
2108:Drivers/BMP580/bmp5.c **** 
2109:Drivers/BMP580/bmp5.c ****     return rslt;
2110:Drivers/BMP580/bmp5.c **** }
2111:Drivers/BMP580/bmp5.c **** 
2112:Drivers/BMP580/bmp5.c **** /*!
2113:Drivers/BMP580/bmp5.c ****  *  @brief This API is used to get nvm status.
2114:Drivers/BMP580/bmp5.c ****  */
2115:Drivers/BMP580/bmp5.c **** static int8_t get_nvm_status(uint8_t *nvm_status, struct bmp5_dev *dev)
2116:Drivers/BMP580/bmp5.c **** {
 700              		.loc 1 2116 1 is_stmt 1 view -0
 701              		.cfi_startproc
 702              		@ args = 0, pretend = 0, frame = 0
 703              		@ frame_needed = 0, uses_anonymous_args = 0
2117:Drivers/BMP580/bmp5.c ****     int8_t rslt;
 704              		.loc 1 2117 5 view .LVU235
2118:Drivers/BMP580/bmp5.c **** 
2119:Drivers/BMP580/bmp5.c ****     if (nvm_status != NULL)
 705              		.loc 1 2119 5 view .LVU236
 706              		.loc 1 2119 8 is_stmt 0 view .LVU237
 707 0000 38B1     		cbz	r0, .L46
2116:Drivers/BMP580/bmp5.c ****     int8_t rslt;
 708              		.loc 1 2116 1 view .LVU238
 709 0002 08B5     		push	{r3, lr}
 710              		.cfi_def_cfa_offset 8
 711              		.cfi_offset 3, -8
 712              		.cfi_offset 14, -4
 713 0004 0B46     		mov	r3, r1
ARM GAS  C:\Users\Nathan\AppData\Local\Temp\ccGCFMYR.s 			page 52


 714 0006 0146     		mov	r1, r0
 715              	.LVL79:
2120:Drivers/BMP580/bmp5.c ****     {
2121:Drivers/BMP580/bmp5.c ****         rslt = bmp5_get_regs(BMP5_REG_STATUS, nvm_status, 1, dev);
 716              		.loc 1 2121 9 is_stmt 1 view .LVU239
 717              		.loc 1 2121 16 is_stmt 0 view .LVU240
 718 0008 0122     		movs	r2, #1
 719 000a 2820     		movs	r0, #40
 720              	.LVL80:
 721              		.loc 1 2121 16 view .LVU241
 722 000c FFF7FEFF 		bl	bmp5_get_regs
 723              	.LVL81:
2122:Drivers/BMP580/bmp5.c ****     }
2123:Drivers/BMP580/bmp5.c ****     else
2124:Drivers/BMP580/bmp5.c ****     {
2125:Drivers/BMP580/bmp5.c ****         rslt = BMP5_E_NULL_PTR;
2126:Drivers/BMP580/bmp5.c ****     }
2127:Drivers/BMP580/bmp5.c **** 
2128:Drivers/BMP580/bmp5.c ****     return rslt;
 724              		.loc 1 2128 5 is_stmt 1 view .LVU242
2129:Drivers/BMP580/bmp5.c **** }
 725              		.loc 1 2129 1 is_stmt 0 view .LVU243
 726 0010 08BD     		pop	{r3, pc}
 727              	.LVL82:
 728              	.L46:
 729              		.cfi_def_cfa_offset 0
 730              		.cfi_restore 3
 731              		.cfi_restore 14
2125:Drivers/BMP580/bmp5.c ****     }
 732              		.loc 1 2125 14 view .LVU244
 733 0012 4FF0FF30 		mov	r0, #-1
 734              	.LVL83:
2128:Drivers/BMP580/bmp5.c **** }
 735              		.loc 1 2128 5 is_stmt 1 view .LVU245
 736              		.loc 1 2129 1 is_stmt 0 view .LVU246
 737 0016 7047     		bx	lr
 738              		.cfi_endproc
 739              	.LFE39:
 741              		.section	.text.get_nvm_data,"ax",%progbits
 742              		.align	1
 743              		.syntax unified
 744              		.thumb
 745              		.thumb_func
 747              	get_nvm_data:
 748              	.LVL84:
 749              	.LFB38:
2081:Drivers/BMP580/bmp5.c ****     int8_t rslt;
 750              		.loc 1 2081 1 is_stmt 1 view -0
 751              		.cfi_startproc
 752              		@ args = 0, pretend = 0, frame = 8
 753              		@ frame_needed = 0, uses_anonymous_args = 0
2082:Drivers/BMP580/bmp5.c ****     uint8_t nvm_status;
 754              		.loc 1 2082 5 view .LVU248
2083:Drivers/BMP580/bmp5.c ****     uint8_t nvmdata[2];
 755              		.loc 1 2083 5 view .LVU249
2084:Drivers/BMP580/bmp5.c **** 
 756              		.loc 1 2084 5 view .LVU250
ARM GAS  C:\Users\Nathan\AppData\Local\Temp\ccGCFMYR.s 			page 53


2086:Drivers/BMP580/bmp5.c ****     {
 757              		.loc 1 2086 5 view .LVU251
2086:Drivers/BMP580/bmp5.c ****     {
 758              		.loc 1 2086 8 is_stmt 0 view .LVU252
 759 0000 08B3     		cbz	r0, .L53
2081:Drivers/BMP580/bmp5.c ****     int8_t rslt;
 760              		.loc 1 2081 1 view .LVU253
 761 0002 30B5     		push	{r4, r5, lr}
 762              		.cfi_def_cfa_offset 12
 763              		.cfi_offset 4, -12
 764              		.cfi_offset 5, -8
 765              		.cfi_offset 14, -4
 766 0004 83B0     		sub	sp, sp, #12
 767              		.cfi_def_cfa_offset 24
 768 0006 0C46     		mov	r4, r1
 769 0008 0546     		mov	r5, r0
2088:Drivers/BMP580/bmp5.c **** 
 770              		.loc 1 2088 9 is_stmt 1 view .LVU254
2088:Drivers/BMP580/bmp5.c **** 
 771              		.loc 1 2088 16 is_stmt 0 view .LVU255
 772 000a 0DF10700 		add	r0, sp, #7
 773              	.LVL85:
2088:Drivers/BMP580/bmp5.c **** 
 774              		.loc 1 2088 16 view .LVU256
 775 000e FFF7FEFF 		bl	get_nvm_status
 776              	.LVL86:
2091:Drivers/BMP580/bmp5.c ****             (!(nvm_status & BMP5_INT_NVM_CMD_ERR)))
 777              		.loc 1 2091 9 is_stmt 1 view .LVU257
2091:Drivers/BMP580/bmp5.c ****             (!(nvm_status & BMP5_INT_NVM_CMD_ERR)))
 778              		.loc 1 2091 25 is_stmt 0 view .LVU258
 779 0012 9DF80730 		ldrb	r3, [sp, #7]	@ zero_extendqisi2
2091:Drivers/BMP580/bmp5.c ****             (!(nvm_status & BMP5_INT_NVM_CMD_ERR)))
 780              		.loc 1 2091 12 view .LVU259
 781 0016 13F0020F 		tst	r3, #2
 782 001a 17D0     		beq	.L54
2091:Drivers/BMP580/bmp5.c ****             (!(nvm_status & BMP5_INT_NVM_CMD_ERR)))
 783              		.loc 1 2091 45 discriminator 1 view .LVU260
 784 001c 13F0040F 		tst	r3, #4
 785 0020 17D1     		bne	.L55
2091:Drivers/BMP580/bmp5.c ****             (!(nvm_status & BMP5_INT_NVM_CMD_ERR)))
 786              		.loc 1 2091 83 discriminator 2 view .LVU261
 787 0022 13F0080F 		tst	r3, #8
 788 0026 17D1     		bne	.L56
2095:Drivers/BMP580/bmp5.c **** 
 789              		.loc 1 2095 13 is_stmt 1 view .LVU262
2095:Drivers/BMP580/bmp5.c **** 
 790              		.loc 1 2095 20 is_stmt 0 view .LVU263
 791 0028 2346     		mov	r3, r4
 792 002a 0222     		movs	r2, #2
 793 002c 01A9     		add	r1, sp, #4
 794 002e 2C20     		movs	r0, #44
 795 0030 FFF7FEFF 		bl	bmp5_get_regs
 796              	.LVL87:
2097:Drivers/BMP580/bmp5.c ****         }
 797              		.loc 1 2097 13 is_stmt 1 view .LVU264
2097:Drivers/BMP580/bmp5.c ****         }
 798              		.loc 1 2097 46 is_stmt 0 view .LVU265
ARM GAS  C:\Users\Nathan\AppData\Local\Temp\ccGCFMYR.s 			page 54


 799 0034 9DF80520 		ldrb	r2, [sp, #5]	@ zero_extendqisi2
2097:Drivers/BMP580/bmp5.c ****         }
 800              		.loc 1 2097 65 view .LVU266
 801 0038 9DF80430 		ldrb	r3, [sp, #4]	@ zero_extendqisi2
2097:Drivers/BMP580/bmp5.c ****         }
 802              		.loc 1 2097 27 view .LVU267
 803 003c 43EA0223 		orr	r3, r3, r2, lsl #8
2097:Drivers/BMP580/bmp5.c ****         }
 804              		.loc 1 2097 25 view .LVU268
 805 0040 2B80     		strh	r3, [r5]	@ movhi
 806              	.LVL88:
 807              	.L52:
2109:Drivers/BMP580/bmp5.c **** }
 808              		.loc 1 2109 5 is_stmt 1 view .LVU269
2110:Drivers/BMP580/bmp5.c **** 
 809              		.loc 1 2110 1 is_stmt 0 view .LVU270
 810 0042 03B0     		add	sp, sp, #12
 811              		.cfi_def_cfa_offset 12
 812              		@ sp needed
 813 0044 30BD     		pop	{r4, r5, pc}
 814              	.LVL89:
 815              	.L53:
 816              		.cfi_def_cfa_offset 0
 817              		.cfi_restore 4
 818              		.cfi_restore 5
 819              		.cfi_restore 14
2106:Drivers/BMP580/bmp5.c ****     }
 820              		.loc 1 2106 14 view .LVU271
 821 0046 4FF0FF30 		mov	r0, #-1
 822              	.LVL90:
2109:Drivers/BMP580/bmp5.c **** }
 823              		.loc 1 2109 5 is_stmt 1 view .LVU272
2110:Drivers/BMP580/bmp5.c **** 
 824              		.loc 1 2110 1 is_stmt 0 view .LVU273
 825 004a 7047     		bx	lr
 826              	.LVL91:
 827              	.L54:
 828              		.cfi_def_cfa_offset 24
 829              		.cfi_offset 4, -12
 830              		.cfi_offset 5, -8
 831              		.cfi_offset 14, -4
2101:Drivers/BMP580/bmp5.c ****         }
 832              		.loc 1 2101 18 view .LVU274
 833 004c 6FF00A00 		mvn	r0, #10
 834 0050 F7E7     		b	.L52
 835              	.L55:
 836 0052 6FF00A00 		mvn	r0, #10
 837 0056 F4E7     		b	.L52
 838              	.L56:
 839 0058 6FF00A00 		mvn	r0, #10
 840 005c F1E7     		b	.L52
 841              		.cfi_endproc
 842              	.LFE38:
 844              		.section	.text.bmp5_set_regs,"ax",%progbits
 845              		.align	1
 846              		.global	bmp5_set_regs
 847              		.syntax unified
ARM GAS  C:\Users\Nathan\AppData\Local\Temp\ccGCFMYR.s 			page 55


 848              		.thumb
 849              		.thumb_func
 851              	bmp5_set_regs:
 852              	.LVL92:
 853              	.LFB2:
 379:Drivers/BMP580/bmp5.c ****     int8_t rslt;
 854              		.loc 1 379 1 is_stmt 1 view -0
 855              		.cfi_startproc
 856              		@ args = 0, pretend = 0, frame = 0
 857              		@ frame_needed = 0, uses_anonymous_args = 0
 379:Drivers/BMP580/bmp5.c ****     int8_t rslt;
 858              		.loc 1 379 1 is_stmt 0 view .LVU276
 859 0000 2DE9F047 		push	{r4, r5, r6, r7, r8, r9, r10, lr}
 860              		.cfi_def_cfa_offset 32
 861              		.cfi_offset 4, -32
 862              		.cfi_offset 5, -28
 863              		.cfi_offset 6, -24
 864              		.cfi_offset 7, -20
 865              		.cfi_offset 8, -16
 866              		.cfi_offset 9, -12
 867              		.cfi_offset 10, -8
 868              		.cfi_offset 14, -4
 869 0004 8146     		mov	r9, r0
 870 0006 0E46     		mov	r6, r1
 871 0008 9046     		mov	r8, r2
 872 000a 1D46     		mov	r5, r3
 380:Drivers/BMP580/bmp5.c ****     uint8_t idx = 0;
 873              		.loc 1 380 5 is_stmt 1 view .LVU277
 381:Drivers/BMP580/bmp5.c **** 
 874              		.loc 1 381 5 view .LVU278
 875              	.LVL93:
 384:Drivers/BMP580/bmp5.c **** 
 876              		.loc 1 384 5 view .LVU279
 384:Drivers/BMP580/bmp5.c **** 
 877              		.loc 1 384 12 is_stmt 0 view .LVU280
 878 000c 1846     		mov	r0, r3
 879              	.LVL94:
 384:Drivers/BMP580/bmp5.c **** 
 880              		.loc 1 384 12 view .LVU281
 881 000e FFF7FEFF 		bl	null_ptr_check
 882              	.LVL95:
 387:Drivers/BMP580/bmp5.c ****     {
 883              		.loc 1 387 5 is_stmt 1 view .LVU282
 387:Drivers/BMP580/bmp5.c ****     {
 884              		.loc 1 387 8 is_stmt 0 view .LVU283
 885 0012 28BB     		cbnz	r0, .L66
 886 0014 8246     		mov	r10, r0
 387:Drivers/BMP580/bmp5.c ****     {
 887              		.loc 1 387 27 discriminator 1 view .LVU284
 888 0016 3EB3     		cbz	r6, .L67
 389:Drivers/BMP580/bmp5.c ****         {
 889              		.loc 1 389 9 is_stmt 1 view .LVU285
 389:Drivers/BMP580/bmp5.c ****         {
 890              		.loc 1 389 16 is_stmt 0 view .LVU286
 891 0018 6C7D     		ldrb	r4, [r5, #21]	@ zero_extendqisi2
 389:Drivers/BMP580/bmp5.c ****         {
 892              		.loc 1 389 12 view .LVU287
ARM GAS  C:\Users\Nathan\AppData\Local\Temp\ccGCFMYR.s 			page 56


 893 001a 7CB9     		cbnz	r4, .L63
 894              	.LVL96:
 895              	.L65:
 392:Drivers/BMP580/bmp5.c ****             {
 896              		.loc 1 392 13 is_stmt 1 view .LVU288
 394:Drivers/BMP580/bmp5.c ****                 idx++;
 897              		.loc 1 394 17 view .LVU289
 394:Drivers/BMP580/bmp5.c ****                 idx++;
 898              		.loc 1 394 34 is_stmt 0 view .LVU290
 899 001c 04EB0900 		add	r0, r4, r9
 900 0020 6B68     		ldr	r3, [r5, #4]
 901 0022 0122     		movs	r2, #1
 902 0024 3119     		adds	r1, r6, r4
 903 0026 C0B2     		uxtb	r0, r0
 904 0028 EF68     		ldr	r7, [r5, #12]
 905 002a B847     		blx	r7
 906              	.LVL97:
 394:Drivers/BMP580/bmp5.c ****                 idx++;
 907              		.loc 1 394 32 discriminator 1 view .LVU291
 908 002c 2875     		strb	r0, [r5, #20]
 395:Drivers/BMP580/bmp5.c ****             } while ((idx < len) && (dev->intf_rslt == BMP5_INTF_RET_SUCCESS));
 909              		.loc 1 395 17 is_stmt 1 view .LVU292
 395:Drivers/BMP580/bmp5.c ****             } while ((idx < len) && (dev->intf_rslt == BMP5_INTF_RET_SUCCESS));
 910              		.loc 1 395 20 is_stmt 0 view .LVU293
 911 002e 0134     		adds	r4, r4, #1
 912              	.LVL98:
 395:Drivers/BMP580/bmp5.c ****             } while ((idx < len) && (dev->intf_rslt == BMP5_INTF_RET_SUCCESS));
 913              		.loc 1 395 20 view .LVU294
 914 0030 E4B2     		uxtb	r4, r4
 915              	.LVL99:
 396:Drivers/BMP580/bmp5.c ****         }
 916              		.loc 1 396 34 is_stmt 1 discriminator 2 view .LVU295
 917 0032 4445     		cmp	r4, r8
 918 0034 06D2     		bcs	.L64
 396:Drivers/BMP580/bmp5.c ****         }
 919              		.loc 1 396 34 is_stmt 0 discriminator 1 view .LVU296
 920 0036 0028     		cmp	r0, #0
 921 0038 F0D0     		beq	.L65
 922 003a 03E0     		b	.L64
 923              	.LVL100:
 924              	.L63:
 398:Drivers/BMP580/bmp5.c ****         {
 925              		.loc 1 398 14 is_stmt 1 view .LVU297
 398:Drivers/BMP580/bmp5.c ****         {
 926              		.loc 1 398 47 is_stmt 0 view .LVU298
 927 003c 013C     		subs	r4, r4, #1
 928 003e E4B2     		uxtb	r4, r4
 398:Drivers/BMP580/bmp5.c ****         {
 929              		.loc 1 398 17 view .LVU299
 930 0040 012C     		cmp	r4, #1
 931 0042 05D9     		bls	.L70
 932              	.LVL101:
 933              	.L64:
 404:Drivers/BMP580/bmp5.c ****         {
 934              		.loc 1 404 9 is_stmt 1 view .LVU300
 404:Drivers/BMP580/bmp5.c ****         {
 935              		.loc 1 404 16 is_stmt 0 view .LVU301
ARM GAS  C:\Users\Nathan\AppData\Local\Temp\ccGCFMYR.s 			page 57


 936 0044 95F91430 		ldrsb	r3, [r5, #20]
 404:Drivers/BMP580/bmp5.c ****         {
 937              		.loc 1 404 12 view .LVU302
 938 0048 93B9     		cbnz	r3, .L71
 939              	.LVL102:
 940              	.L62:
 415:Drivers/BMP580/bmp5.c **** }
 941              		.loc 1 415 5 is_stmt 1 view .LVU303
 416:Drivers/BMP580/bmp5.c **** 
 942              		.loc 1 416 1 is_stmt 0 view .LVU304
 943 004a 5046     		mov	r0, r10
 944 004c BDE8F087 		pop	{r4, r5, r6, r7, r8, r9, r10, pc}
 945              	.LVL103:
 946              	.L70:
 401:Drivers/BMP580/bmp5.c ****         }
 947              		.loc 1 401 13 is_stmt 1 view .LVU305
 401:Drivers/BMP580/bmp5.c ****         }
 948              		.loc 1 401 33 is_stmt 0 view .LVU306
 949 0050 EC68     		ldr	r4, [r5, #12]
 401:Drivers/BMP580/bmp5.c ****         }
 950              		.loc 1 401 30 view .LVU307
 951 0052 6B68     		ldr	r3, [r5, #4]
 952 0054 4246     		mov	r2, r8
 953 0056 3146     		mov	r1, r6
 954 0058 4846     		mov	r0, r9
 955              	.LVL104:
 401:Drivers/BMP580/bmp5.c ****         }
 956              		.loc 1 401 30 view .LVU308
 957 005a A047     		blx	r4
 958              	.LVL105:
 401:Drivers/BMP580/bmp5.c ****         }
 959              		.loc 1 401 28 discriminator 1 view .LVU309
 960 005c 2875     		strb	r0, [r5, #20]
 961 005e F1E7     		b	.L64
 962              	.LVL106:
 963              	.L66:
 412:Drivers/BMP580/bmp5.c ****     }
 964              		.loc 1 412 14 view .LVU310
 965 0060 4FF0FF33 		mov	r3, #-1
 966 0064 9A46     		mov	r10, r3
 967 0066 F0E7     		b	.L62
 968              	.L67:
 969 0068 4FF0FF33 		mov	r3, #-1
 970 006c 9A46     		mov	r10, r3
 971 006e ECE7     		b	.L62
 972              	.LVL107:
 973              	.L71:
 407:Drivers/BMP580/bmp5.c ****         }
 974              		.loc 1 407 18 view .LVU311
 975 0070 6FF00103 		mvn	r3, #1
 976 0074 9A46     		mov	r10, r3
 977              	.LVL108:
 407:Drivers/BMP580/bmp5.c ****         }
 978              		.loc 1 407 18 view .LVU312
 979 0076 E8E7     		b	.L62
 980              		.cfi_endproc
 981              	.LFE2:
ARM GAS  C:\Users\Nathan\AppData\Local\Temp\ccGCFMYR.s 			page 58


 983              		.section	.text.set_deep_standby_mode,"ax",%progbits
 984              		.align	1
 985              		.syntax unified
 986              		.thumb
 987              		.thumb_func
 989              	set_deep_standby_mode:
 990              	.LVL109:
 991              	.LFB28:
1545:Drivers/BMP580/bmp5.c ****     int8_t rslt;
 992              		.loc 1 1545 1 is_stmt 1 view -0
 993              		.cfi_startproc
 994              		@ args = 0, pretend = 0, frame = 8
 995              		@ frame_needed = 0, uses_anonymous_args = 0
1545:Drivers/BMP580/bmp5.c ****     int8_t rslt;
 996              		.loc 1 1545 1 is_stmt 0 view .LVU314
 997 0000 10B5     		push	{r4, lr}
 998              		.cfi_def_cfa_offset 8
 999              		.cfi_offset 4, -8
 1000              		.cfi_offset 14, -4
 1001 0002 82B0     		sub	sp, sp, #8
 1002              		.cfi_def_cfa_offset 16
 1003 0004 0346     		mov	r3, r0
 1004 0006 0446     		mov	r4, r0
1546:Drivers/BMP580/bmp5.c ****     uint8_t reg_data;
 1005              		.loc 1 1546 5 is_stmt 1 view .LVU315
1547:Drivers/BMP580/bmp5.c **** 
 1006              		.loc 1 1547 5 view .LVU316
1549:Drivers/BMP580/bmp5.c **** 
 1007              		.loc 1 1549 5 view .LVU317
1549:Drivers/BMP580/bmp5.c **** 
 1008              		.loc 1 1549 12 is_stmt 0 view .LVU318
 1009 0008 0122     		movs	r2, #1
 1010 000a 0DF10701 		add	r1, sp, #7
 1011 000e 3720     		movs	r0, #55
 1012              	.LVL110:
1549:Drivers/BMP580/bmp5.c **** 
 1013              		.loc 1 1549 12 view .LVU319
 1014 0010 FFF7FEFF 		bl	bmp5_get_regs
 1015              	.LVL111:
1551:Drivers/BMP580/bmp5.c ****     {
 1016              		.loc 1 1551 5 is_stmt 1 view .LVU320
1551:Drivers/BMP580/bmp5.c ****     {
 1017              		.loc 1 1551 8 is_stmt 0 view .LVU321
 1018 0014 08B1     		cbz	r0, .L75
 1019              	.LVL112:
 1020              	.L73:
1595:Drivers/BMP580/bmp5.c **** }
 1021              		.loc 1 1595 5 is_stmt 1 view .LVU322
1596:Drivers/BMP580/bmp5.c **** 
 1022              		.loc 1 1596 1 is_stmt 0 view .LVU323
 1023 0016 02B0     		add	sp, sp, #8
 1024              		.cfi_remember_state
 1025              		.cfi_def_cfa_offset 8
 1026              		@ sp needed
 1027 0018 10BD     		pop	{r4, pc}
 1028              	.LVL113:
 1029              	.L75:
ARM GAS  C:\Users\Nathan\AppData\Local\Temp\ccGCFMYR.s 			page 59


 1030              		.cfi_restore_state
1554:Drivers/BMP580/bmp5.c **** 
 1031              		.loc 1 1554 9 is_stmt 1 view .LVU324
1554:Drivers/BMP580/bmp5.c **** 
 1032              		.loc 1 1554 20 is_stmt 0 view .LVU325
 1033 001a 9DF80730 		ldrb	r3, [sp, #7]	@ zero_extendqisi2
 1034 001e 03F07F02 		and	r2, r3, #127
1554:Drivers/BMP580/bmp5.c **** 
 1035              		.loc 1 1554 18 view .LVU326
 1036 0022 8DF80720 		strb	r2, [sp, #7]
1557:Drivers/BMP580/bmp5.c **** 
 1037              		.loc 1 1557 9 is_stmt 1 view .LVU327
1557:Drivers/BMP580/bmp5.c **** 
 1038              		.loc 1 1557 18 is_stmt 0 view .LVU328
 1039 0026 03F00303 		and	r3, r3, #3
 1040 002a 43F07003 		orr	r3, r3, #112
 1041 002e 8DF80730 		strb	r3, [sp, #7]
1560:Drivers/BMP580/bmp5.c **** 
 1042              		.loc 1 1560 9 is_stmt 1 view .LVU329
1560:Drivers/BMP580/bmp5.c **** 
 1043              		.loc 1 1560 16 is_stmt 0 view .LVU330
 1044 0032 2346     		mov	r3, r4
 1045 0034 0122     		movs	r2, #1
 1046 0036 0DF10701 		add	r1, sp, #7
 1047 003a 3720     		movs	r0, #55
 1048 003c FFF7FEFF 		bl	bmp5_set_regs
 1049              	.LVL114:
1562:Drivers/BMP580/bmp5.c ****         {
 1050              		.loc 1 1562 9 is_stmt 1 view .LVU331
1562:Drivers/BMP580/bmp5.c ****         {
 1051              		.loc 1 1562 12 is_stmt 0 view .LVU332
 1052 0040 0028     		cmp	r0, #0
 1053 0042 E8D1     		bne	.L73
1564:Drivers/BMP580/bmp5.c **** 
 1054              		.loc 1 1564 13 is_stmt 1 view .LVU333
1564:Drivers/BMP580/bmp5.c **** 
 1055              		.loc 1 1564 20 is_stmt 0 view .LVU334
 1056 0044 2346     		mov	r3, r4
 1057 0046 0122     		movs	r2, #1
 1058 0048 0DF10701 		add	r1, sp, #7
 1059 004c 3120     		movs	r0, #49
 1060              	.LVL115:
1564:Drivers/BMP580/bmp5.c **** 
 1061              		.loc 1 1564 20 view .LVU335
 1062 004e FFF7FEFF 		bl	bmp5_get_regs
 1063              	.LVL116:
1566:Drivers/BMP580/bmp5.c ****             {
 1064              		.loc 1 1566 13 is_stmt 1 view .LVU336
1566:Drivers/BMP580/bmp5.c ****             {
 1065              		.loc 1 1566 16 is_stmt 0 view .LVU337
 1066 0052 0028     		cmp	r0, #0
 1067 0054 DFD1     		bne	.L73
1573:Drivers/BMP580/bmp5.c **** 
 1068              		.loc 1 1573 17 is_stmt 1 view .LVU338
1573:Drivers/BMP580/bmp5.c **** 
 1069              		.loc 1 1573 37 is_stmt 0 view .LVU339
 1070 0056 9DF80730 		ldrb	r3, [sp, #7]	@ zero_extendqisi2
ARM GAS  C:\Users\Nathan\AppData\Local\Temp\ccGCFMYR.s 			page 60


 1071 005a 03F0C003 		and	r3, r3, #192
1573:Drivers/BMP580/bmp5.c **** 
 1072              		.loc 1 1573 26 view .LVU340
 1073 005e 8DF80730 		strb	r3, [sp, #7]
1576:Drivers/BMP580/bmp5.c ****             }
 1074              		.loc 1 1576 17 is_stmt 1 view .LVU341
1576:Drivers/BMP580/bmp5.c ****             }
 1075              		.loc 1 1576 24 is_stmt 0 view .LVU342
 1076 0062 2346     		mov	r3, r4
 1077 0064 0122     		movs	r2, #1
 1078 0066 0DF10701 		add	r1, sp, #7
 1079 006a 3120     		movs	r0, #49
 1080              	.LVL117:
1576:Drivers/BMP580/bmp5.c ****             }
 1081              		.loc 1 1576 24 view .LVU343
 1082 006c FFF7FEFF 		bl	bmp5_set_regs
 1083              	.LVL118:
1580:Drivers/BMP580/bmp5.c ****         {
 1084              		.loc 1 1580 9 is_stmt 1 view .LVU344
1580:Drivers/BMP580/bmp5.c ****         {
 1085              		.loc 1 1580 12 is_stmt 0 view .LVU345
 1086 0070 0028     		cmp	r0, #0
 1087 0072 D0D1     		bne	.L73
1582:Drivers/BMP580/bmp5.c **** 
 1088              		.loc 1 1582 13 is_stmt 1 view .LVU346
1582:Drivers/BMP580/bmp5.c **** 
 1089              		.loc 1 1582 20 is_stmt 0 view .LVU347
 1090 0074 2346     		mov	r3, r4
 1091 0076 0122     		movs	r2, #1
 1092 0078 0DF10701 		add	r1, sp, #7
 1093 007c 1820     		movs	r0, #24
 1094              	.LVL119:
1582:Drivers/BMP580/bmp5.c **** 
 1095              		.loc 1 1582 20 view .LVU348
 1096 007e FFF7FEFF 		bl	bmp5_get_regs
 1097              	.LVL120:
1584:Drivers/BMP580/bmp5.c ****             {
 1098              		.loc 1 1584 13 is_stmt 1 view .LVU349
1584:Drivers/BMP580/bmp5.c ****             {
 1099              		.loc 1 1584 16 is_stmt 0 view .LVU350
 1100 0082 0028     		cmp	r0, #0
 1101 0084 C7D1     		bne	.L73
1587:Drivers/BMP580/bmp5.c **** 
 1102              		.loc 1 1587 17 is_stmt 1 view .LVU351
1587:Drivers/BMP580/bmp5.c **** 
 1103              		.loc 1 1587 28 is_stmt 0 view .LVU352
 1104 0086 9DF80730 		ldrb	r3, [sp, #7]	@ zero_extendqisi2
 1105 008a 03F0FC03 		and	r3, r3, #252
1587:Drivers/BMP580/bmp5.c **** 
 1106              		.loc 1 1587 26 view .LVU353
 1107 008e 8DF80730 		strb	r3, [sp, #7]
1590:Drivers/BMP580/bmp5.c ****             }
 1108              		.loc 1 1590 17 is_stmt 1 view .LVU354
1590:Drivers/BMP580/bmp5.c ****             }
 1109              		.loc 1 1590 24 is_stmt 0 view .LVU355
 1110 0092 2346     		mov	r3, r4
 1111 0094 0122     		movs	r2, #1
ARM GAS  C:\Users\Nathan\AppData\Local\Temp\ccGCFMYR.s 			page 61


 1112 0096 0DF10701 		add	r1, sp, #7
 1113 009a 1820     		movs	r0, #24
 1114              	.LVL121:
1590:Drivers/BMP580/bmp5.c ****             }
 1115              		.loc 1 1590 24 view .LVU356
 1116 009c FFF7FEFF 		bl	bmp5_set_regs
 1117              	.LVL122:
 1118 00a0 B9E7     		b	.L73
 1119              		.cfi_endproc
 1120              	.LFE28:
 1122              		.section	.text.set_power_mode,"ax",%progbits
 1123              		.align	1
 1124              		.syntax unified
 1125              		.thumb
 1126              		.thumb_func
 1128              	set_power_mode:
 1129              	.LVL123:
 1130              	.LFB29:
1602:Drivers/BMP580/bmp5.c ****     int8_t rslt;
 1131              		.loc 1 1602 1 is_stmt 1 view -0
 1132              		.cfi_startproc
 1133              		@ args = 0, pretend = 0, frame = 8
 1134              		@ frame_needed = 0, uses_anonymous_args = 0
1602:Drivers/BMP580/bmp5.c ****     int8_t rslt;
 1135              		.loc 1 1602 1 is_stmt 0 view .LVU358
 1136 0000 30B5     		push	{r4, r5, lr}
 1137              		.cfi_def_cfa_offset 12
 1138              		.cfi_offset 4, -12
 1139              		.cfi_offset 5, -8
 1140              		.cfi_offset 14, -4
 1141 0002 83B0     		sub	sp, sp, #12
 1142              		.cfi_def_cfa_offset 24
 1143 0004 0446     		mov	r4, r0
 1144 0006 0B46     		mov	r3, r1
 1145 0008 0D46     		mov	r5, r1
1603:Drivers/BMP580/bmp5.c ****     uint8_t reg_data;
 1146              		.loc 1 1603 5 is_stmt 1 view .LVU359
1604:Drivers/BMP580/bmp5.c **** 
 1147              		.loc 1 1604 5 view .LVU360
1606:Drivers/BMP580/bmp5.c **** 
 1148              		.loc 1 1606 5 view .LVU361
1606:Drivers/BMP580/bmp5.c **** 
 1149              		.loc 1 1606 12 is_stmt 0 view .LVU362
 1150 000a 0122     		movs	r2, #1
 1151 000c 0DF10701 		add	r1, sp, #7
 1152              	.LVL124:
1606:Drivers/BMP580/bmp5.c **** 
 1153              		.loc 1 1606 12 view .LVU363
 1154 0010 3720     		movs	r0, #55
 1155              	.LVL125:
1606:Drivers/BMP580/bmp5.c **** 
 1156              		.loc 1 1606 12 view .LVU364
 1157 0012 FFF7FEFF 		bl	bmp5_get_regs
 1158              	.LVL126:
1608:Drivers/BMP580/bmp5.c ****     {
 1159              		.loc 1 1608 5 is_stmt 1 view .LVU365
1608:Drivers/BMP580/bmp5.c ****     {
ARM GAS  C:\Users\Nathan\AppData\Local\Temp\ccGCFMYR.s 			page 62


 1160              		.loc 1 1608 8 is_stmt 0 view .LVU366
 1161 0016 08B1     		cbz	r0, .L79
 1162              	.L77:
 1163              	.LVL127:
1618:Drivers/BMP580/bmp5.c **** }
 1164              		.loc 1 1618 5 is_stmt 1 view .LVU367
1619:Drivers/BMP580/bmp5.c **** 
 1165              		.loc 1 1619 1 is_stmt 0 view .LVU368
 1166 0018 03B0     		add	sp, sp, #12
 1167              		.cfi_remember_state
 1168              		.cfi_def_cfa_offset 12
 1169              		@ sp needed
 1170 001a 30BD     		pop	{r4, r5, pc}
 1171              	.LVL128:
 1172              	.L79:
 1173              		.cfi_restore_state
1611:Drivers/BMP580/bmp5.c **** 
 1174              		.loc 1 1611 9 is_stmt 1 view .LVU369
1611:Drivers/BMP580/bmp5.c **** 
 1175              		.loc 1 1611 20 is_stmt 0 view .LVU370
 1176 001c 9DF80730 		ldrb	r3, [sp, #7]	@ zero_extendqisi2
 1177 0020 43F08002 		orr	r2, r3, #128
1611:Drivers/BMP580/bmp5.c **** 
 1178              		.loc 1 1611 18 view .LVU371
 1179 0024 8DF80720 		strb	r2, [sp, #7]
1613:Drivers/BMP580/bmp5.c **** 
 1180              		.loc 1 1613 9 is_stmt 1 view .LVU372
1613:Drivers/BMP580/bmp5.c **** 
 1181              		.loc 1 1613 18 is_stmt 0 view .LVU373
 1182 0028 23F00303 		bic	r3, r3, #3
 1183 002c 63F07F03 		orn	r3, r3, #127
 1184 0030 04F00300 		and	r0, r4, #3
 1185 0034 1843     		orrs	r0, r0, r3
 1186 0036 8DF80700 		strb	r0, [sp, #7]
1615:Drivers/BMP580/bmp5.c ****     }
 1187              		.loc 1 1615 9 is_stmt 1 view .LVU374
1615:Drivers/BMP580/bmp5.c ****     }
 1188              		.loc 1 1615 16 is_stmt 0 view .LVU375
 1189 003a 2B46     		mov	r3, r5
 1190 003c 0122     		movs	r2, #1
 1191 003e 0DF10701 		add	r1, sp, #7
 1192 0042 3720     		movs	r0, #55
 1193 0044 FFF7FEFF 		bl	bmp5_set_regs
 1194              	.LVL129:
 1195 0048 E6E7     		b	.L77
 1196              		.cfi_endproc
 1197              	.LFE29:
 1199              		.section	.text.set_iir_config,"ax",%progbits
 1200              		.align	1
 1201              		.syntax unified
 1202              		.thumb
 1203              		.thumb_func
 1205              	set_iir_config:
 1206              	.LVL130:
 1207              	.LFB31:
1669:Drivers/BMP580/bmp5.c ****     int8_t rslt;
 1208              		.loc 1 1669 1 is_stmt 1 view -0
ARM GAS  C:\Users\Nathan\AppData\Local\Temp\ccGCFMYR.s 			page 63


 1209              		.cfi_startproc
 1210              		@ args = 0, pretend = 0, frame = 8
 1211              		@ frame_needed = 0, uses_anonymous_args = 0
1669:Drivers/BMP580/bmp5.c ****     int8_t rslt;
 1212              		.loc 1 1669 1 is_stmt 0 view .LVU377
 1213 0000 30B5     		push	{r4, r5, lr}
 1214              		.cfi_def_cfa_offset 12
 1215              		.cfi_offset 4, -12
 1216              		.cfi_offset 5, -8
 1217              		.cfi_offset 14, -4
 1218 0002 83B0     		sub	sp, sp, #12
 1219              		.cfi_def_cfa_offset 24
 1220 0004 0446     		mov	r4, r0
 1221 0006 0B46     		mov	r3, r1
 1222 0008 0D46     		mov	r5, r1
1670:Drivers/BMP580/bmp5.c **** 
 1223              		.loc 1 1670 5 is_stmt 1 view .LVU378
1673:Drivers/BMP580/bmp5.c **** 
 1224              		.loc 1 1673 5 view .LVU379
1675:Drivers/BMP580/bmp5.c **** 
 1225              		.loc 1 1675 5 view .LVU380
1675:Drivers/BMP580/bmp5.c **** 
 1226              		.loc 1 1675 12 is_stmt 0 view .LVU381
 1227 000a 0222     		movs	r2, #2
 1228 000c 01A9     		add	r1, sp, #4
 1229              	.LVL131:
1675:Drivers/BMP580/bmp5.c **** 
 1230              		.loc 1 1675 12 view .LVU382
 1231 000e 3020     		movs	r0, #48
 1232              	.LVL132:
1675:Drivers/BMP580/bmp5.c **** 
 1233              		.loc 1 1675 12 view .LVU383
 1234 0010 FFF7FEFF 		bl	bmp5_get_regs
 1235              	.LVL133:
1677:Drivers/BMP580/bmp5.c ****     {
 1236              		.loc 1 1677 5 is_stmt 1 view .LVU384
1677:Drivers/BMP580/bmp5.c ****     {
 1237              		.loc 1 1677 8 is_stmt 0 view .LVU385
 1238 0014 08B1     		cbz	r0, .L83
 1239              	.L81:
 1240              	.LVL134:
1690:Drivers/BMP580/bmp5.c **** }
 1241              		.loc 1 1690 5 is_stmt 1 view .LVU386
1691:Drivers/BMP580/bmp5.c **** 
 1242              		.loc 1 1691 1 is_stmt 0 view .LVU387
 1243 0016 03B0     		add	sp, sp, #12
 1244              		.cfi_remember_state
 1245              		.cfi_def_cfa_offset 12
 1246              		@ sp needed
 1247 0018 30BD     		pop	{r4, r5, pc}
 1248              	.LVL135:
 1249              	.L83:
 1250              		.cfi_restore_state
1679:Drivers/BMP580/bmp5.c ****         reg_data[0] = BMP5_SET_BITSLICE(reg_data[0], BMP5_SHDW_SET_IIR_PRESS, iir_cfg->shdw_set_iir
 1251              		.loc 1 1679 9 is_stmt 1 view .LVU388
1679:Drivers/BMP580/bmp5.c ****         reg_data[0] = BMP5_SET_BITSLICE(reg_data[0], BMP5_SHDW_SET_IIR_PRESS, iir_cfg->shdw_set_iir
 1252              		.loc 1 1679 23 is_stmt 0 view .LVU389
ARM GAS  C:\Users\Nathan\AppData\Local\Temp\ccGCFMYR.s 			page 64


 1253 001a 9DF80420 		ldrb	r2, [sp, #4]	@ zero_extendqisi2
 1254 001e A378     		ldrb	r3, [r4, #2]	@ zero_extendqisi2
 1255 0020 DB00     		lsls	r3, r3, #3
 1256 0022 03F00803 		and	r3, r3, #8
 1257 0026 22F00802 		bic	r2, r2, #8
 1258 002a 1A43     		orrs	r2, r2, r3
1679:Drivers/BMP580/bmp5.c ****         reg_data[0] = BMP5_SET_BITSLICE(reg_data[0], BMP5_SHDW_SET_IIR_PRESS, iir_cfg->shdw_set_iir
 1259              		.loc 1 1679 21 view .LVU390
 1260 002c 8DF80420 		strb	r2, [sp, #4]
1680:Drivers/BMP580/bmp5.c ****         reg_data[0] = BMP5_SET_BITSLICE(reg_data[0], BMP5_IIR_FLUSH_FORCED_EN, iir_cfg->iir_flush_f
 1261              		.loc 1 1680 9 is_stmt 1 view .LVU391
1680:Drivers/BMP580/bmp5.c ****         reg_data[0] = BMP5_SET_BITSLICE(reg_data[0], BMP5_IIR_FLUSH_FORCED_EN, iir_cfg->iir_flush_f
 1262              		.loc 1 1680 23 is_stmt 0 view .LVU392
 1263 0030 E378     		ldrb	r3, [r4, #3]	@ zero_extendqisi2
 1264 0032 5B01     		lsls	r3, r3, #5
 1265 0034 03F02003 		and	r3, r3, #32
 1266 0038 22F02002 		bic	r2, r2, #32
 1267 003c 1A43     		orrs	r2, r2, r3
1680:Drivers/BMP580/bmp5.c ****         reg_data[0] = BMP5_SET_BITSLICE(reg_data[0], BMP5_IIR_FLUSH_FORCED_EN, iir_cfg->iir_flush_f
 1268              		.loc 1 1680 21 view .LVU393
 1269 003e 8DF80420 		strb	r2, [sp, #4]
1681:Drivers/BMP580/bmp5.c **** 
 1270              		.loc 1 1681 9 is_stmt 1 view .LVU394
1681:Drivers/BMP580/bmp5.c **** 
 1271              		.loc 1 1681 23 is_stmt 0 view .LVU395
 1272 0042 2379     		ldrb	r3, [r4, #4]	@ zero_extendqisi2
 1273 0044 9B00     		lsls	r3, r3, #2
 1274 0046 03F00403 		and	r3, r3, #4
 1275 004a 22F00402 		bic	r2, r2, #4
 1276 004e 1A43     		orrs	r2, r2, r3
1681:Drivers/BMP580/bmp5.c **** 
 1277              		.loc 1 1681 21 view .LVU396
 1278 0050 8DF80420 		strb	r2, [sp, #4]
1683:Drivers/BMP580/bmp5.c ****         reg_data[1] = BMP5_SET_BITSLICE(reg_data[1], BMP5_SET_IIR_PRESS, iir_cfg->set_iir_p);
 1279              		.loc 1 1683 9 is_stmt 1 view .LVU397
1683:Drivers/BMP580/bmp5.c ****         reg_data[1] = BMP5_SET_BITSLICE(reg_data[1], BMP5_SET_IIR_PRESS, iir_cfg->set_iir_p);
 1280              		.loc 1 1683 30 is_stmt 0 view .LVU398
 1281 0054 2378     		ldrb	r3, [r4]	@ zero_extendqisi2
1683:Drivers/BMP580/bmp5.c ****         reg_data[1] = BMP5_SET_BITSLICE(reg_data[1], BMP5_SET_IIR_PRESS, iir_cfg->set_iir_p);
 1282              		.loc 1 1683 21 view .LVU399
 1283 0056 8DF80530 		strb	r3, [sp, #5]
1684:Drivers/BMP580/bmp5.c **** 
 1284              		.loc 1 1684 9 is_stmt 1 view .LVU400
1684:Drivers/BMP580/bmp5.c **** 
 1285              		.loc 1 1684 23 is_stmt 0 view .LVU401
 1286 005a 6278     		ldrb	r2, [r4, #1]	@ zero_extendqisi2
 1287 005c D200     		lsls	r2, r2, #3
 1288 005e 02F03802 		and	r2, r2, #56
 1289 0062 23F03803 		bic	r3, r3, #56
 1290 0066 1343     		orrs	r3, r3, r2
1684:Drivers/BMP580/bmp5.c **** 
 1291              		.loc 1 1684 21 view .LVU402
 1292 0068 8DF80530 		strb	r3, [sp, #5]
1687:Drivers/BMP580/bmp5.c ****     }
 1293              		.loc 1 1687 9 is_stmt 1 view .LVU403
1687:Drivers/BMP580/bmp5.c ****     }
 1294              		.loc 1 1687 16 is_stmt 0 view .LVU404
ARM GAS  C:\Users\Nathan\AppData\Local\Temp\ccGCFMYR.s 			page 65


 1295 006c 2B46     		mov	r3, r5
 1296 006e 0222     		movs	r2, #2
 1297 0070 01A9     		add	r1, sp, #4
 1298 0072 3020     		movs	r0, #48
 1299 0074 FFF7FEFF 		bl	bmp5_set_regs
 1300              	.LVL136:
 1301 0078 CDE7     		b	.L81
 1302              		.cfi_endproc
 1303              	.LFE31:
 1305              		.section	.text.set_nvm_addr,"ax",%progbits
 1306              		.align	1
 1307              		.syntax unified
 1308              		.thumb
 1309              		.thumb_func
 1311              	set_nvm_addr:
 1312              	.LVL137:
 1313              	.LFB37:
2038:Drivers/BMP580/bmp5.c ****     int8_t rslt;
 1314              		.loc 1 2038 1 is_stmt 1 view -0
 1315              		.cfi_startproc
 1316              		@ args = 0, pretend = 0, frame = 8
 1317              		@ frame_needed = 0, uses_anonymous_args = 0
2038:Drivers/BMP580/bmp5.c ****     int8_t rslt;
 1318              		.loc 1 2038 1 is_stmt 0 view .LVU406
 1319 0000 70B5     		push	{r4, r5, r6, lr}
 1320              		.cfi_def_cfa_offset 16
 1321              		.cfi_offset 4, -16
 1322              		.cfi_offset 5, -12
 1323              		.cfi_offset 6, -8
 1324              		.cfi_offset 14, -4
 1325 0002 82B0     		sub	sp, sp, #8
 1326              		.cfi_def_cfa_offset 24
 1327 0004 0646     		mov	r6, r0
 1328 0006 0D46     		mov	r5, r1
 1329 0008 1446     		mov	r4, r2
2039:Drivers/BMP580/bmp5.c ****     uint8_t nvm_status;
 1330              		.loc 1 2039 5 is_stmt 1 view .LVU407
2040:Drivers/BMP580/bmp5.c ****     uint8_t reg_data;
 1331              		.loc 1 2040 5 view .LVU408
2041:Drivers/BMP580/bmp5.c **** 
 1332              		.loc 1 2041 5 view .LVU409
2044:Drivers/BMP580/bmp5.c **** 
 1333              		.loc 1 2044 5 view .LVU410
2044:Drivers/BMP580/bmp5.c **** 
 1334              		.loc 1 2044 12 is_stmt 0 view .LVU411
 1335 000a 1146     		mov	r1, r2
 1336              	.LVL138:
2044:Drivers/BMP580/bmp5.c **** 
 1337              		.loc 1 2044 12 view .LVU412
 1338 000c 0DF10700 		add	r0, sp, #7
 1339              	.LVL139:
2044:Drivers/BMP580/bmp5.c **** 
 1340              		.loc 1 2044 12 view .LVU413
 1341 0010 FFF7FEFF 		bl	get_nvm_status
 1342              	.LVL140:
2046:Drivers/BMP580/bmp5.c ****     {
 1343              		.loc 1 2046 5 is_stmt 1 view .LVU414
ARM GAS  C:\Users\Nathan\AppData\Local\Temp\ccGCFMYR.s 			page 66


2046:Drivers/BMP580/bmp5.c ****     {
 1344              		.loc 1 2046 20 is_stmt 0 view .LVU415
 1345 0014 9DF80730 		ldrb	r3, [sp, #7]	@ zero_extendqisi2
2046:Drivers/BMP580/bmp5.c ****     {
 1346              		.loc 1 2046 8 view .LVU416
 1347 0018 13F0020F 		tst	r3, #2
 1348 001c 29D0     		beq	.L88
2048:Drivers/BMP580/bmp5.c **** 
 1349              		.loc 1 2048 9 is_stmt 1 view .LVU417
2048:Drivers/BMP580/bmp5.c **** 
 1350              		.loc 1 2048 16 is_stmt 0 view .LVU418
 1351 001e 2346     		mov	r3, r4
 1352 0020 0122     		movs	r2, #1
 1353 0022 0DF10601 		add	r1, sp, #6
 1354 0026 2B20     		movs	r0, #43
 1355 0028 FFF7FEFF 		bl	bmp5_get_regs
 1356              	.LVL141:
2050:Drivers/BMP580/bmp5.c ****         {
 1357              		.loc 1 2050 9 is_stmt 1 view .LVU419
2050:Drivers/BMP580/bmp5.c ****         {
 1358              		.loc 1 2050 12 is_stmt 0 view .LVU420
 1359 002c B0B9     		cbnz	r0, .L85
2053:Drivers/BMP580/bmp5.c **** 
 1360              		.loc 1 2053 13 is_stmt 1 view .LVU421
2053:Drivers/BMP580/bmp5.c **** 
 1361              		.loc 1 2053 24 is_stmt 0 view .LVU422
 1362 002e 9DF80630 		ldrb	r3, [sp, #6]	@ zero_extendqisi2
 1363 0032 23F03F03 		bic	r3, r3, #63
 1364 0036 06F03F02 		and	r2, r6, #63
 1365 003a 43EA0200 		orr	r0, r3, r2
 1366              	.LVL142:
2053:Drivers/BMP580/bmp5.c **** 
 1367              		.loc 1 2053 22 view .LVU423
 1368 003e 8DF80600 		strb	r0, [sp, #6]
2055:Drivers/BMP580/bmp5.c ****             {
 1369              		.loc 1 2055 13 is_stmt 1 view .LVU424
2055:Drivers/BMP580/bmp5.c ****             {
 1370              		.loc 1 2055 16 is_stmt 0 view .LVU425
 1371 0042 012D     		cmp	r5, #1
 1372 0044 0CD0     		beq	.L90
2063:Drivers/BMP580/bmp5.c ****             }
 1373              		.loc 1 2063 17 is_stmt 1 view .LVU426
2063:Drivers/BMP580/bmp5.c ****             }
 1374              		.loc 1 2063 28 is_stmt 0 view .LVU427
 1375 0046 00F0BF00 		and	r0, r0, #191
2063:Drivers/BMP580/bmp5.c ****             }
 1376              		.loc 1 2063 26 view .LVU428
 1377 004a 8DF80600 		strb	r0, [sp, #6]
 1378              	.L87:
2066:Drivers/BMP580/bmp5.c ****         }
 1379              		.loc 1 2066 13 is_stmt 1 view .LVU429
2066:Drivers/BMP580/bmp5.c ****         }
 1380              		.loc 1 2066 20 is_stmt 0 view .LVU430
 1381 004e 2346     		mov	r3, r4
 1382 0050 0122     		movs	r2, #1
 1383 0052 0DF10601 		add	r1, sp, #6
 1384 0056 2B20     		movs	r0, #43
ARM GAS  C:\Users\Nathan\AppData\Local\Temp\ccGCFMYR.s 			page 67


 1385 0058 FFF7FEFF 		bl	bmp5_set_regs
 1386              	.LVL143:
 1387              	.L85:
2074:Drivers/BMP580/bmp5.c **** }
 1388              		.loc 1 2074 5 is_stmt 1 view .LVU431
2075:Drivers/BMP580/bmp5.c **** 
 1389              		.loc 1 2075 1 is_stmt 0 view .LVU432
 1390 005c 02B0     		add	sp, sp, #8
 1391              		.cfi_remember_state
 1392              		.cfi_def_cfa_offset 16
 1393              		@ sp needed
 1394 005e 70BD     		pop	{r4, r5, r6, pc}
 1395              	.LVL144:
 1396              	.L90:
 1397              		.cfi_restore_state
2058:Drivers/BMP580/bmp5.c ****             }
 1398              		.loc 1 2058 17 is_stmt 1 view .LVU433
2058:Drivers/BMP580/bmp5.c ****             }
 1399              		.loc 1 2058 28 is_stmt 0 view .LVU434
 1400 0060 AB01     		lsls	r3, r5, #6
 1401 0062 03F04003 		and	r3, r3, #64
 1402 0066 20F04000 		bic	r0, r0, #64
 1403 006a 1843     		orrs	r0, r0, r3
2058:Drivers/BMP580/bmp5.c ****             }
 1404              		.loc 1 2058 26 view .LVU435
 1405 006c 8DF80600 		strb	r0, [sp, #6]
 1406 0070 EDE7     		b	.L87
 1407              	.LVL145:
 1408              	.L88:
2071:Drivers/BMP580/bmp5.c ****     }
 1409              		.loc 1 2071 14 view .LVU436
 1410 0072 6FF00A00 		mvn	r0, #10
 1411 0076 F1E7     		b	.L85
 1412              		.cfi_endproc
 1413              	.LFE37:
 1415              		.section	.text.bmp5_get_interrupt_status,"ax",%progbits
 1416              		.align	1
 1417              		.global	bmp5_get_interrupt_status
 1418              		.syntax unified
 1419              		.thumb
 1420              		.thumb_func
 1422              	bmp5_get_interrupt_status:
 1423              	.LVL146:
 1424              	.LFB4:
 470:Drivers/BMP580/bmp5.c ****     int8_t rslt;
 1425              		.loc 1 470 1 is_stmt 1 view -0
 1426              		.cfi_startproc
 1427              		@ args = 0, pretend = 0, frame = 0
 1428              		@ frame_needed = 0, uses_anonymous_args = 0
 471:Drivers/BMP580/bmp5.c **** 
 1429              		.loc 1 471 5 view .LVU438
 473:Drivers/BMP580/bmp5.c ****     {
 1430              		.loc 1 473 5 view .LVU439
 473:Drivers/BMP580/bmp5.c ****     {
 1431              		.loc 1 473 8 is_stmt 0 view .LVU440
 1432 0000 38B1     		cbz	r0, .L93
 470:Drivers/BMP580/bmp5.c ****     int8_t rslt;
ARM GAS  C:\Users\Nathan\AppData\Local\Temp\ccGCFMYR.s 			page 68


 1433              		.loc 1 470 1 view .LVU441
 1434 0002 08B5     		push	{r3, lr}
 1435              		.cfi_def_cfa_offset 8
 1436              		.cfi_offset 3, -8
 1437              		.cfi_offset 14, -4
 1438 0004 0B46     		mov	r3, r1
 1439 0006 0146     		mov	r1, r0
 1440              	.LVL147:
 475:Drivers/BMP580/bmp5.c ****     }
 1441              		.loc 1 475 9 is_stmt 1 view .LVU442
 475:Drivers/BMP580/bmp5.c ****     }
 1442              		.loc 1 475 16 is_stmt 0 view .LVU443
 1443 0008 0122     		movs	r2, #1
 1444 000a 2720     		movs	r0, #39
 1445              	.LVL148:
 475:Drivers/BMP580/bmp5.c ****     }
 1446              		.loc 1 475 16 view .LVU444
 1447 000c FFF7FEFF 		bl	bmp5_get_regs
 1448              	.LVL149:
 482:Drivers/BMP580/bmp5.c **** }
 1449              		.loc 1 482 5 is_stmt 1 view .LVU445
 483:Drivers/BMP580/bmp5.c **** 
 1450              		.loc 1 483 1 is_stmt 0 view .LVU446
 1451 0010 08BD     		pop	{r3, pc}
 1452              	.LVL150:
 1453              	.L93:
 1454              		.cfi_def_cfa_offset 0
 1455              		.cfi_restore 3
 1456              		.cfi_restore 14
 479:Drivers/BMP580/bmp5.c ****     }
 1457              		.loc 1 479 14 view .LVU447
 1458 0012 4FF0FF30 		mov	r0, #-1
 1459              	.LVL151:
 482:Drivers/BMP580/bmp5.c **** }
 1460              		.loc 1 482 5 is_stmt 1 view .LVU448
 483:Drivers/BMP580/bmp5.c **** 
 1461              		.loc 1 483 1 is_stmt 0 view .LVU449
 1462 0016 7047     		bx	lr
 1463              		.cfi_endproc
 1464              	.LFE4:
 1466              		.section	.text.power_up_check,"ax",%progbits
 1467              		.align	1
 1468              		.syntax unified
 1469              		.thumb
 1470              		.thumb_func
 1472              	power_up_check:
 1473              	.LVL152:
 1474              	.LFB26:
1470:Drivers/BMP580/bmp5.c ****     int8_t rslt;
 1475              		.loc 1 1470 1 is_stmt 1 view -0
 1476              		.cfi_startproc
 1477              		@ args = 0, pretend = 0, frame = 8
 1478              		@ frame_needed = 0, uses_anonymous_args = 0
1470:Drivers/BMP580/bmp5.c ****     int8_t rslt;
 1479              		.loc 1 1470 1 is_stmt 0 view .LVU451
 1480 0000 10B5     		push	{r4, lr}
 1481              		.cfi_def_cfa_offset 8
ARM GAS  C:\Users\Nathan\AppData\Local\Temp\ccGCFMYR.s 			page 69


 1482              		.cfi_offset 4, -8
 1483              		.cfi_offset 14, -4
 1484 0002 82B0     		sub	sp, sp, #8
 1485              		.cfi_def_cfa_offset 16
 1486 0004 0446     		mov	r4, r0
1471:Drivers/BMP580/bmp5.c ****     uint8_t nvm_status;
 1487              		.loc 1 1471 5 is_stmt 1 view .LVU452
1472:Drivers/BMP580/bmp5.c ****     uint8_t por_status;
 1488              		.loc 1 1472 5 view .LVU453
1473:Drivers/BMP580/bmp5.c **** 
 1489              		.loc 1 1473 5 view .LVU454
1475:Drivers/BMP580/bmp5.c **** 
 1490              		.loc 1 1475 5 view .LVU455
1475:Drivers/BMP580/bmp5.c **** 
 1491              		.loc 1 1475 12 is_stmt 0 view .LVU456
 1492 0006 0146     		mov	r1, r0
 1493 0008 0DF10700 		add	r0, sp, #7
 1494              	.LVL153:
1475:Drivers/BMP580/bmp5.c **** 
 1495              		.loc 1 1475 12 view .LVU457
 1496 000c FFF7FEFF 		bl	get_nvm_status
 1497              	.LVL154:
1477:Drivers/BMP580/bmp5.c ****     {
 1498              		.loc 1 1477 5 is_stmt 1 view .LVU458
1477:Drivers/BMP580/bmp5.c ****     {
 1499              		.loc 1 1477 8 is_stmt 0 view .LVU459
 1500 0010 90B9     		cbnz	r0, .L99
1480:Drivers/BMP580/bmp5.c ****         {
 1501              		.loc 1 1480 9 is_stmt 1 view .LVU460
1480:Drivers/BMP580/bmp5.c ****         {
 1502              		.loc 1 1480 25 is_stmt 0 view .LVU461
 1503 0012 9DF80730 		ldrb	r3, [sp, #7]	@ zero_extendqisi2
1480:Drivers/BMP580/bmp5.c ****         {
 1504              		.loc 1 1480 12 view .LVU462
 1505 0016 13F0020F 		tst	r3, #2
 1506 001a 0FD0     		beq	.L100
1480:Drivers/BMP580/bmp5.c ****         {
 1507              		.loc 1 1480 45 discriminator 1 view .LVU463
 1508 001c 13F0040F 		tst	r3, #4
 1509 0020 0FD1     		bne	.L101
1482:Drivers/BMP580/bmp5.c **** 
 1510              		.loc 1 1482 13 is_stmt 1 view .LVU464
1482:Drivers/BMP580/bmp5.c **** 
 1511              		.loc 1 1482 20 is_stmt 0 view .LVU465
 1512 0022 2146     		mov	r1, r4
 1513 0024 0DF10600 		add	r0, sp, #6
 1514 0028 FFF7FEFF 		bl	bmp5_get_interrupt_status
 1515              	.LVL155:
1484:Drivers/BMP580/bmp5.c ****             {
 1516              		.loc 1 1484 13 is_stmt 1 view .LVU466
1484:Drivers/BMP580/bmp5.c ****             {
 1517              		.loc 1 1484 16 is_stmt 0 view .LVU467
 1518 002c 20B9     		cbnz	r0, .L99
1487:Drivers/BMP580/bmp5.c ****                 {
 1519              		.loc 1 1487 17 is_stmt 1 view .LVU468
1487:Drivers/BMP580/bmp5.c ****                 {
 1520              		.loc 1 1487 32 is_stmt 0 view .LVU469
ARM GAS  C:\Users\Nathan\AppData\Local\Temp\ccGCFMYR.s 			page 70


 1521 002e 9DF80630 		ldrb	r3, [sp, #6]	@ zero_extendqisi2
1487:Drivers/BMP580/bmp5.c ****                 {
 1522              		.loc 1 1487 20 view .LVU470
 1523 0032 13F0100F 		tst	r3, #16
 1524 0036 07D0     		beq	.L104
 1525              	.LVL156:
 1526              	.L99:
1503:Drivers/BMP580/bmp5.c **** }
 1527              		.loc 1 1503 5 is_stmt 1 view .LVU471
1504:Drivers/BMP580/bmp5.c **** 
 1528              		.loc 1 1504 1 is_stmt 0 view .LVU472
 1529 0038 02B0     		add	sp, sp, #8
 1530              		.cfi_remember_state
 1531              		.cfi_def_cfa_offset 8
 1532              		@ sp needed
 1533 003a 10BD     		pop	{r4, pc}
 1534              	.LVL157:
 1535              	.L100:
 1536              		.cfi_restore_state
1499:Drivers/BMP580/bmp5.c ****         }
 1537              		.loc 1 1499 18 view .LVU473
 1538 003c 6FF00400 		mvn	r0, #4
 1539 0040 FAE7     		b	.L99
 1540              	.L101:
 1541 0042 6FF00400 		mvn	r0, #4
 1542 0046 F7E7     		b	.L99
 1543              	.LVL158:
 1544              	.L104:
1493:Drivers/BMP580/bmp5.c ****                 }
 1545              		.loc 1 1493 26 view .LVU474
 1546 0048 6FF00400 		mvn	r0, #4
 1547              	.LVL159:
1493:Drivers/BMP580/bmp5.c ****                 }
 1548              		.loc 1 1493 26 view .LVU475
 1549 004c F4E7     		b	.L99
 1550              		.cfi_endproc
 1551              	.LFE26:
 1553              		.section	.text.bmp5_init,"ax",%progbits
 1554              		.align	1
 1555              		.global	bmp5_init
 1556              		.syntax unified
 1557              		.thumb
 1558              		.thumb_func
 1560              	bmp5_init:
 1561              	.LVL160:
 1562              	.LFB0:
 289:Drivers/BMP580/bmp5.c ****     int8_t rslt;
 1563              		.loc 1 289 1 is_stmt 1 view -0
 1564              		.cfi_startproc
 1565              		@ args = 0, pretend = 0, frame = 8
 1566              		@ frame_needed = 0, uses_anonymous_args = 0
 289:Drivers/BMP580/bmp5.c ****     int8_t rslt;
 1567              		.loc 1 289 1 is_stmt 0 view .LVU477
 1568 0000 10B5     		push	{r4, lr}
 1569              		.cfi_def_cfa_offset 8
 1570              		.cfi_offset 4, -8
 1571              		.cfi_offset 14, -4
ARM GAS  C:\Users\Nathan\AppData\Local\Temp\ccGCFMYR.s 			page 71


 1572 0002 82B0     		sub	sp, sp, #8
 1573              		.cfi_def_cfa_offset 16
 1574 0004 0446     		mov	r4, r0
 290:Drivers/BMP580/bmp5.c ****     uint8_t reg_data;
 1575              		.loc 1 290 5 is_stmt 1 view .LVU478
 291:Drivers/BMP580/bmp5.c ****     uint8_t chip_id;
 1576              		.loc 1 291 5 view .LVU479
 292:Drivers/BMP580/bmp5.c **** 
 1577              		.loc 1 292 5 view .LVU480
 295:Drivers/BMP580/bmp5.c **** 
 1578              		.loc 1 295 5 view .LVU481
 295:Drivers/BMP580/bmp5.c **** 
 1579              		.loc 1 295 12 is_stmt 0 view .LVU482
 1580 0006 FFF7FEFF 		bl	null_ptr_check
 1581              	.LVL161:
 297:Drivers/BMP580/bmp5.c ****     {
 1582              		.loc 1 297 5 is_stmt 1 view .LVU483
 297:Drivers/BMP580/bmp5.c ****     {
 1583              		.loc 1 297 8 is_stmt 0 view .LVU484
 1584 000a 0346     		mov	r3, r0
 1585 000c 18B9     		cbnz	r0, .L106
 299:Drivers/BMP580/bmp5.c **** 
 1586              		.loc 1 299 9 is_stmt 1 view .LVU485
 299:Drivers/BMP580/bmp5.c **** 
 1587              		.loc 1 299 22 is_stmt 0 view .LVU486
 1588 000e 2070     		strb	r0, [r4]
 301:Drivers/BMP580/bmp5.c ****         {
 1589              		.loc 1 301 9 is_stmt 1 view .LVU487
 301:Drivers/BMP580/bmp5.c ****         {
 1590              		.loc 1 301 16 is_stmt 0 view .LVU488
 1591 0010 627D     		ldrb	r2, [r4, #21]	@ zero_extendqisi2
 301:Drivers/BMP580/bmp5.c ****         {
 1592              		.loc 1 301 12 view .LVU489
 1593 0012 1AB1     		cbz	r2, .L110
 1594              	.LVL162:
 1595              	.L107:
 310:Drivers/BMP580/bmp5.c ****         {
 1596              		.loc 1 310 9 is_stmt 1 view .LVU490
 310:Drivers/BMP580/bmp5.c ****         {
 1597              		.loc 1 310 12 is_stmt 0 view .LVU491
 1598 0014 5BB1     		cbz	r3, .L111
 1599              	.LVL163:
 1600              	.L106:
 335:Drivers/BMP580/bmp5.c **** }
 1601              		.loc 1 335 5 is_stmt 1 view .LVU492
 336:Drivers/BMP580/bmp5.c **** 
 1602              		.loc 1 336 1 is_stmt 0 view .LVU493
 1603 0016 1846     		mov	r0, r3
 1604 0018 02B0     		add	sp, sp, #8
 1605              		.cfi_remember_state
 1606              		.cfi_def_cfa_offset 8
 1607              		@ sp needed
 1608 001a 10BD     		pop	{r4, pc}
 1609              	.LVL164:
 1610              	.L110:
 1611              		.cfi_restore_state
 307:Drivers/BMP580/bmp5.c ****         }
ARM GAS  C:\Users\Nathan\AppData\Local\Temp\ccGCFMYR.s 			page 72


 1612              		.loc 1 307 13 is_stmt 1 view .LVU494
 307:Drivers/BMP580/bmp5.c ****         }
 1613              		.loc 1 307 20 is_stmt 0 view .LVU495
 1614 001c 2346     		mov	r3, r4
 1615 001e 0122     		movs	r2, #1
 1616 0020 0DF10701 		add	r1, sp, #7
 1617 0024 1046     		mov	r0, r2
 1618              	.LVL165:
 307:Drivers/BMP580/bmp5.c ****         }
 1619              		.loc 1 307 20 view .LVU496
 1620 0026 FFF7FEFF 		bl	bmp5_get_regs
 1621              	.LVL166:
 307:Drivers/BMP580/bmp5.c ****         }
 1622              		.loc 1 307 20 view .LVU497
 1623 002a 0346     		mov	r3, r0
 1624 002c F2E7     		b	.L107
 1625              	.LVL167:
 1626              	.L111:
 313:Drivers/BMP580/bmp5.c **** 
 1627              		.loc 1 313 13 is_stmt 1 view .LVU498
 313:Drivers/BMP580/bmp5.c **** 
 1628              		.loc 1 313 20 is_stmt 0 view .LVU499
 1629 002e 2346     		mov	r3, r4
 1630              	.LVL168:
 313:Drivers/BMP580/bmp5.c **** 
 1631              		.loc 1 313 20 view .LVU500
 1632 0030 0122     		movs	r2, #1
 1633 0032 0DF10601 		add	r1, sp, #6
 1634 0036 1046     		mov	r0, r2
 1635 0038 FFF7FEFF 		bl	bmp5_get_regs
 1636              	.LVL169:
 315:Drivers/BMP580/bmp5.c ****             {
 1637              		.loc 1 315 13 is_stmt 1 view .LVU501
 315:Drivers/BMP580/bmp5.c ****             {
 1638              		.loc 1 315 16 is_stmt 0 view .LVU502
 1639 003c 0346     		mov	r3, r0
 1640 003e 0028     		cmp	r0, #0
 1641 0040 E9D1     		bne	.L106
 317:Drivers/BMP580/bmp5.c ****                 {
 1642              		.loc 1 317 17 is_stmt 1 view .LVU503
 317:Drivers/BMP580/bmp5.c ****                 {
 1643              		.loc 1 317 29 is_stmt 0 view .LVU504
 1644 0042 9DF80630 		ldrb	r3, [sp, #6]	@ zero_extendqisi2
 317:Drivers/BMP580/bmp5.c ****                 {
 1645              		.loc 1 317 20 view .LVU505
 1646 0046 63B1     		cbz	r3, .L108
 320:Drivers/BMP580/bmp5.c ****                 }
 1647              		.loc 1 320 21 is_stmt 1 view .LVU506
 320:Drivers/BMP580/bmp5.c ****                 }
 1648              		.loc 1 320 28 is_stmt 0 view .LVU507
 1649 0048 2046     		mov	r0, r4
 1650              	.LVL170:
 320:Drivers/BMP580/bmp5.c ****                 }
 1651              		.loc 1 320 28 view .LVU508
 1652 004a FFF7FEFF 		bl	power_up_check
 1653              	.LVL171:
 327:Drivers/BMP580/bmp5.c ****                 {
ARM GAS  C:\Users\Nathan\AppData\Local\Temp\ccGCFMYR.s 			page 73


 1654              		.loc 1 327 17 is_stmt 1 view .LVU509
 327:Drivers/BMP580/bmp5.c ****                 {
 1655              		.loc 1 327 20 is_stmt 0 view .LVU510
 1656 004e 0346     		mov	r3, r0
 1657 0050 0028     		cmp	r0, #0
 1658 0052 E0D1     		bne	.L106
 329:Drivers/BMP580/bmp5.c ****                 }
 1659              		.loc 1 329 21 is_stmt 1 view .LVU511
 329:Drivers/BMP580/bmp5.c ****                 }
 1660              		.loc 1 329 28 is_stmt 0 view .LVU512
 1661 0054 2146     		mov	r1, r4
 1662 0056 9DF80600 		ldrb	r0, [sp, #6]	@ zero_extendqisi2
 1663              	.LVL172:
 329:Drivers/BMP580/bmp5.c ****                 }
 1664              		.loc 1 329 28 view .LVU513
 1665 005a FFF7FEFF 		bl	validate_chip_id
 1666              	.LVL173:
 329:Drivers/BMP580/bmp5.c ****                 }
 1667              		.loc 1 329 28 view .LVU514
 1668 005e 0346     		mov	r3, r0
 1669              	.LVL174:
 329:Drivers/BMP580/bmp5.c ****                 }
 1670              		.loc 1 329 28 view .LVU515
 1671 0060 D9E7     		b	.L106
 1672              	.LVL175:
 1673              	.L108:
 324:Drivers/BMP580/bmp5.c ****                 }
 1674              		.loc 1 324 26 view .LVU516
 1675 0062 6FF00303 		mvn	r3, #3
 1676 0066 D6E7     		b	.L106
 1677              		.cfi_endproc
 1678              	.LFE0:
 1680              		.section	.text.bmp5_soft_reset,"ax",%progbits
 1681              		.align	1
 1682              		.global	bmp5_soft_reset
 1683              		.syntax unified
 1684              		.thumb
 1685              		.thumb_func
 1687              	bmp5_soft_reset:
 1688              	.LVL176:
 1689              	.LFB3:
 422:Drivers/BMP580/bmp5.c ****     int8_t rslt;
 1690              		.loc 1 422 1 is_stmt 1 view -0
 1691              		.cfi_startproc
 1692              		@ args = 0, pretend = 0, frame = 8
 1693              		@ frame_needed = 0, uses_anonymous_args = 0
 422:Drivers/BMP580/bmp5.c ****     int8_t rslt;
 1694              		.loc 1 422 1 is_stmt 0 view .LVU518
 1695 0000 30B5     		push	{r4, r5, lr}
 1696              		.cfi_def_cfa_offset 12
 1697              		.cfi_offset 4, -12
 1698              		.cfi_offset 5, -8
 1699              		.cfi_offset 14, -4
 1700 0002 83B0     		sub	sp, sp, #12
 1701              		.cfi_def_cfa_offset 24
 1702 0004 0446     		mov	r4, r0
 423:Drivers/BMP580/bmp5.c ****     uint8_t reg_data;
ARM GAS  C:\Users\Nathan\AppData\Local\Temp\ccGCFMYR.s 			page 74


 1703              		.loc 1 423 5 is_stmt 1 view .LVU519
 424:Drivers/BMP580/bmp5.c ****     uint8_t por_status;
 1704              		.loc 1 424 5 view .LVU520
 425:Drivers/BMP580/bmp5.c ****     uint8_t data = BMP5_SOFT_RESET_CMD;
 1705              		.loc 1 425 5 view .LVU521
 426:Drivers/BMP580/bmp5.c **** 
 1706              		.loc 1 426 5 view .LVU522
 426:Drivers/BMP580/bmp5.c **** 
 1707              		.loc 1 426 13 is_stmt 0 view .LVU523
 1708 0006 B623     		movs	r3, #182
 1709 0008 8DF80530 		strb	r3, [sp, #5]
 429:Drivers/BMP580/bmp5.c **** 
 1710              		.loc 1 429 5 is_stmt 1 view .LVU524
 429:Drivers/BMP580/bmp5.c **** 
 1711              		.loc 1 429 12 is_stmt 0 view .LVU525
 1712 000c 0346     		mov	r3, r0
 1713 000e 0122     		movs	r2, #1
 1714 0010 0DF10501 		add	r1, sp, #5
 1715 0014 7E20     		movs	r0, #126
 1716              	.LVL177:
 429:Drivers/BMP580/bmp5.c **** 
 1717              		.loc 1 429 12 view .LVU526
 1718 0016 FFF7FEFF 		bl	bmp5_set_regs
 1719              	.LVL178:
 431:Drivers/BMP580/bmp5.c ****     {
 1720              		.loc 1 431 5 is_stmt 1 view .LVU527
 431:Drivers/BMP580/bmp5.c ****     {
 1721              		.loc 1 431 8 is_stmt 0 view .LVU528
 1722 001a 0546     		mov	r5, r0
 1723 001c 38B9     		cbnz	r0, .L113
 434:Drivers/BMP580/bmp5.c **** 
 1724              		.loc 1 434 9 is_stmt 1 view .LVU529
 434:Drivers/BMP580/bmp5.c **** 
 1725              		.loc 1 434 12 is_stmt 0 view .LVU530
 1726 001e 2369     		ldr	r3, [r4, #16]
 434:Drivers/BMP580/bmp5.c **** 
 1727              		.loc 1 434 9 view .LVU531
 1728 0020 6168     		ldr	r1, [r4, #4]
 1729 0022 4FF4FA60 		mov	r0, #2000
 1730              	.LVL179:
 434:Drivers/BMP580/bmp5.c **** 
 1731              		.loc 1 434 9 view .LVU532
 1732 0026 9847     		blx	r3
 1733              	.LVL180:
 436:Drivers/BMP580/bmp5.c ****         {
 1734              		.loc 1 436 9 is_stmt 1 view .LVU533
 436:Drivers/BMP580/bmp5.c ****         {
 1735              		.loc 1 436 16 is_stmt 0 view .LVU534
 1736 0028 637D     		ldrb	r3, [r4, #21]	@ zero_extendqisi2
 436:Drivers/BMP580/bmp5.c ****         {
 1737              		.loc 1 436 12 view .LVU535
 1738 002a 1BB1     		cbz	r3, .L117
 1739              	.LVL181:
 1740              	.L114:
 445:Drivers/BMP580/bmp5.c ****         {
 1741              		.loc 1 445 9 is_stmt 1 view .LVU536
 445:Drivers/BMP580/bmp5.c ****         {
ARM GAS  C:\Users\Nathan\AppData\Local\Temp\ccGCFMYR.s 			page 75


 1742              		.loc 1 445 12 is_stmt 0 view .LVU537
 1743 002c 5DB1     		cbz	r5, .L118
 1744              	.LVL182:
 1745              	.L113:
 463:Drivers/BMP580/bmp5.c **** }
 1746              		.loc 1 463 5 is_stmt 1 view .LVU538
 464:Drivers/BMP580/bmp5.c **** 
 1747              		.loc 1 464 1 is_stmt 0 view .LVU539
 1748 002e 2846     		mov	r0, r5
 1749 0030 03B0     		add	sp, sp, #12
 1750              		.cfi_remember_state
 1751              		.cfi_def_cfa_offset 12
 1752              		@ sp needed
 1753 0032 30BD     		pop	{r4, r5, pc}
 1754              	.LVL183:
 1755              	.L117:
 1756              		.cfi_restore_state
 442:Drivers/BMP580/bmp5.c ****         }
 1757              		.loc 1 442 13 is_stmt 1 view .LVU540
 442:Drivers/BMP580/bmp5.c ****         }
 1758              		.loc 1 442 20 is_stmt 0 view .LVU541
 1759 0034 2346     		mov	r3, r4
 1760 0036 0122     		movs	r2, #1
 1761 0038 0DF10701 		add	r1, sp, #7
 1762 003c 1046     		mov	r0, r2
 1763 003e FFF7FEFF 		bl	bmp5_get_regs
 1764              	.LVL184:
 1765 0042 0546     		mov	r5, r0
 1766              	.LVL185:
 442:Drivers/BMP580/bmp5.c ****         }
 1767              		.loc 1 442 20 view .LVU542
 1768 0044 F2E7     		b	.L114
 1769              	.LVL186:
 1770              	.L118:
 447:Drivers/BMP580/bmp5.c **** 
 1771              		.loc 1 447 13 is_stmt 1 view .LVU543
 447:Drivers/BMP580/bmp5.c **** 
 1772              		.loc 1 447 20 is_stmt 0 view .LVU544
 1773 0046 2146     		mov	r1, r4
 1774 0048 0DF10600 		add	r0, sp, #6
 1775 004c FFF7FEFF 		bl	bmp5_get_interrupt_status
 1776              	.LVL187:
 449:Drivers/BMP580/bmp5.c ****             {
 1777              		.loc 1 449 13 is_stmt 1 view .LVU545
 449:Drivers/BMP580/bmp5.c ****             {
 1778              		.loc 1 449 16 is_stmt 0 view .LVU546
 1779 0050 0546     		mov	r5, r0
 1780 0052 0028     		cmp	r0, #0
 1781 0054 EBD1     		bne	.L113
 451:Drivers/BMP580/bmp5.c ****                 {
 1782              		.loc 1 451 17 is_stmt 1 view .LVU547
 451:Drivers/BMP580/bmp5.c ****                 {
 1783              		.loc 1 451 32 is_stmt 0 view .LVU548
 1784 0056 9DF80630 		ldrb	r3, [sp, #6]	@ zero_extendqisi2
 451:Drivers/BMP580/bmp5.c ****                 {
 1785              		.loc 1 451 20 view .LVU549
 1786 005a 13F0100F 		tst	r3, #16
ARM GAS  C:\Users\Nathan\AppData\Local\Temp\ccGCFMYR.s 			page 76


 1787 005e E6D1     		bne	.L113
 457:Drivers/BMP580/bmp5.c ****                 }
 1788              		.loc 1 457 26 view .LVU550
 1789 0060 6FF00503 		mvn	r3, #5
 1790 0064 1D46     		mov	r5, r3
 1791 0066 E2E7     		b	.L113
 1792              		.cfi_endproc
 1793              	.LFE3:
 1795              		.section	.text.bmp5_get_sensor_data,"ax",%progbits
 1796              		.align	1
 1797              		.global	bmp5_get_sensor_data
 1798              		.syntax unified
 1799              		.thumb
 1800              		.thumb_func
 1802              	bmp5_get_sensor_data:
 1803              	.LVL188:
 1804              	.LFB7:
 615:Drivers/BMP580/bmp5.c ****     int8_t rslt;
 1805              		.loc 1 615 1 is_stmt 1 view -0
 1806              		.cfi_startproc
 1807              		@ args = 0, pretend = 0, frame = 8
 1808              		@ frame_needed = 0, uses_anonymous_args = 0
 615:Drivers/BMP580/bmp5.c ****     int8_t rslt;
 1809              		.loc 1 615 1 is_stmt 0 view .LVU552
 1810 0000 70B5     		push	{r4, r5, r6, lr}
 1811              		.cfi_def_cfa_offset 16
 1812              		.cfi_offset 4, -16
 1813              		.cfi_offset 5, -12
 1814              		.cfi_offset 6, -8
 1815              		.cfi_offset 14, -4
 1816 0002 82B0     		sub	sp, sp, #8
 1817              		.cfi_def_cfa_offset 24
 1818 0004 0446     		mov	r4, r0
 1819 0006 0D46     		mov	r5, r1
 1820 0008 1346     		mov	r3, r2
 616:Drivers/BMP580/bmp5.c ****     uint8_t reg_data[6] = { 0 };
 1821              		.loc 1 616 5 is_stmt 1 view .LVU553
 617:Drivers/BMP580/bmp5.c ****     int32_t raw_data_t;
 1822              		.loc 1 617 5 view .LVU554
 617:Drivers/BMP580/bmp5.c ****     int32_t raw_data_t;
 1823              		.loc 1 617 13 is_stmt 0 view .LVU555
 1824 000a 6946     		mov	r1, sp
 1825              	.LVL189:
 617:Drivers/BMP580/bmp5.c ****     int32_t raw_data_t;
 1826              		.loc 1 617 13 view .LVU556
 1827 000c 0020     		movs	r0, #0
 1828              	.LVL190:
 617:Drivers/BMP580/bmp5.c ****     int32_t raw_data_t;
 1829              		.loc 1 617 13 view .LVU557
 1830 000e 0090     		str	r0, [sp]
 1831 0010 ADF80400 		strh	r0, [sp, #4]	@ movhi
 618:Drivers/BMP580/bmp5.c ****     uint32_t raw_data_p;
 1832              		.loc 1 618 5 is_stmt 1 view .LVU558
 619:Drivers/BMP580/bmp5.c **** 
 1833              		.loc 1 619 5 view .LVU559
 621:Drivers/BMP580/bmp5.c **** 
 1834              		.loc 1 621 5 view .LVU560
ARM GAS  C:\Users\Nathan\AppData\Local\Temp\ccGCFMYR.s 			page 77


 621:Drivers/BMP580/bmp5.c **** 
 1835              		.loc 1 621 12 is_stmt 0 view .LVU561
 1836 0014 0622     		movs	r2, #6
 1837              	.LVL191:
 621:Drivers/BMP580/bmp5.c **** 
 1838              		.loc 1 621 12 view .LVU562
 1839 0016 1D20     		movs	r0, #29
 1840 0018 FFF7FEFF 		bl	bmp5_get_regs
 1841              	.LVL192:
 623:Drivers/BMP580/bmp5.c ****     {
 1842              		.loc 1 623 5 is_stmt 1 view .LVU563
 623:Drivers/BMP580/bmp5.c ****     {
 1843              		.loc 1 623 8 is_stmt 0 view .LVU564
 1844 001c 0646     		mov	r6, r0
 1845 001e C8B9     		cbnz	r0, .L120
 625:Drivers/BMP580/bmp5.c **** 
 1846              		.loc 1 625 9 is_stmt 1 view .LVU565
 625:Drivers/BMP580/bmp5.c **** 
 1847              		.loc 1 625 74 is_stmt 0 view .LVU566
 1848 0020 9DF80230 		ldrb	r3, [sp, #2]	@ zero_extendqisi2
 625:Drivers/BMP580/bmp5.c **** 
 1849              		.loc 1 625 106 view .LVU567
 1850 0024 9DF80100 		ldrb	r0, [sp, #1]	@ zero_extendqisi2
 1851              	.LVL193:
 625:Drivers/BMP580/bmp5.c **** 
 1852              		.loc 1 625 110 view .LVU568
 1853 0028 0002     		lsls	r0, r0, #8
 625:Drivers/BMP580/bmp5.c **** 
 1854              		.loc 1 625 85 view .LVU569
 1855 002a 40EA0340 		orr	r0, r0, r3, lsl #16
 625:Drivers/BMP580/bmp5.c **** 
 1856              		.loc 1 625 126 view .LVU570
 1857 002e 9DF80030 		ldrb	r3, [sp]	@ zero_extendqisi2
 625:Drivers/BMP580/bmp5.c **** 
 1858              		.loc 1 625 44 view .LVU571
 1859 0032 1843     		orrs	r0, r0, r3
 1860              	.LVL194:
 637:Drivers/BMP580/bmp5.c **** #endif
 1861              		.loc 1 637 9 is_stmt 1 view .LVU572
 637:Drivers/BMP580/bmp5.c **** #endif
 1862              		.loc 1 637 55 is_stmt 0 view .LVU573
 1863 0034 40F31700 		sbfx	r0, r0, #0, #24
 1864              	.LVL195:
 637:Drivers/BMP580/bmp5.c **** #endif
 1865              		.loc 1 637 55 view .LVU574
 1866 0038 FFF7FEFF 		bl	__aeabi_i2d
 1867              	.LVL196:
 637:Drivers/BMP580/bmp5.c **** #endif
 1868              		.loc 1 637 55 view .LVU575
 1869 003c 0022     		movs	r2, #0
 1870 003e 114B     		ldr	r3, .L124
 1871 0040 FFF7FEFF 		bl	__aeabi_dmul
 1872              	.LVL197:
 637:Drivers/BMP580/bmp5.c **** #endif
 1873              		.loc 1 637 36 view .LVU576
 1874 0044 FFF7FEFF 		bl	__aeabi_d2f
 1875              	.LVL198:
ARM GAS  C:\Users\Nathan\AppData\Local\Temp\ccGCFMYR.s 			page 78


 637:Drivers/BMP580/bmp5.c **** #endif
 1876              		.loc 1 637 34 view .LVU577
 1877 0048 6060     		str	r0, [r4, #4]	@ float
 640:Drivers/BMP580/bmp5.c ****         {
 1878              		.loc 1 640 9 is_stmt 1 view .LVU578
 640:Drivers/BMP580/bmp5.c ****         {
 1879              		.loc 1 640 30 is_stmt 0 view .LVU579
 1880 004a AB78     		ldrb	r3, [r5, #2]	@ zero_extendqisi2
 640:Drivers/BMP580/bmp5.c ****         {
 1881              		.loc 1 640 12 view .LVU580
 1882 004c 012B     		cmp	r3, #1
 1883 004e 04D0     		beq	.L123
 659:Drivers/BMP580/bmp5.c ****         }
 1884              		.loc 1 659 13 is_stmt 1 view .LVU581
 659:Drivers/BMP580/bmp5.c ****         }
 1885              		.loc 1 659 35 is_stmt 0 view .LVU582
 1886 0050 0023     		movs	r3, #0
 1887 0052 2360     		str	r3, [r4]	@ float
 1888              	.LVL199:
 1889              	.L120:
 663:Drivers/BMP580/bmp5.c **** }
 1890              		.loc 1 663 5 is_stmt 1 view .LVU583
 664:Drivers/BMP580/bmp5.c **** 
 1891              		.loc 1 664 1 is_stmt 0 view .LVU584
 1892 0054 3046     		mov	r0, r6
 1893 0056 02B0     		add	sp, sp, #8
 1894              		.cfi_remember_state
 1895              		.cfi_def_cfa_offset 16
 1896              		@ sp needed
 1897 0058 70BD     		pop	{r4, r5, r6, pc}
 1898              	.LVL200:
 1899              	.L123:
 1900              		.cfi_restore_state
 642:Drivers/BMP580/bmp5.c **** 
 1901              		.loc 1 642 13 is_stmt 1 view .LVU585
 642:Drivers/BMP580/bmp5.c **** 
 1902              		.loc 1 642 56 is_stmt 0 view .LVU586
 1903 005a 9DF80520 		ldrb	r2, [sp, #5]	@ zero_extendqisi2
 642:Drivers/BMP580/bmp5.c **** 
 1904              		.loc 1 642 88 view .LVU587
 1905 005e 9DF80430 		ldrb	r3, [sp, #4]	@ zero_extendqisi2
 642:Drivers/BMP580/bmp5.c **** 
 1906              		.loc 1 642 69 view .LVU588
 1907 0062 1B02     		lsls	r3, r3, #8
 642:Drivers/BMP580/bmp5.c **** 
 1908              		.loc 1 642 67 view .LVU589
 1909 0064 43EA0243 		orr	r3, r3, r2, lsl #16
 642:Drivers/BMP580/bmp5.c **** 
 1910              		.loc 1 642 108 view .LVU590
 1911 0068 9DF80300 		ldrb	r0, [sp, #3]	@ zero_extendqisi2
 1912              	.LVL201:
 654:Drivers/BMP580/bmp5.c **** #endif
 1913              		.loc 1 654 13 is_stmt 1 view .LVU591
 654:Drivers/BMP580/bmp5.c **** #endif
 1914              		.loc 1 654 56 is_stmt 0 view .LVU592
 1915 006c 1843     		orrs	r0, r0, r3
 1916              	.LVL202:
ARM GAS  C:\Users\Nathan\AppData\Local\Temp\ccGCFMYR.s 			page 79


 654:Drivers/BMP580/bmp5.c **** #endif
 1917              		.loc 1 654 56 view .LVU593
 1918 006e FFF7FEFF 		bl	__aeabi_ui2d
 1919              	.LVL203:
 654:Drivers/BMP580/bmp5.c **** #endif
 1920              		.loc 1 654 56 view .LVU594
 1921 0072 0022     		movs	r2, #0
 1922 0074 044B     		ldr	r3, .L124+4
 1923 0076 FFF7FEFF 		bl	__aeabi_dmul
 1924              	.LVL204:
 654:Drivers/BMP580/bmp5.c **** #endif
 1925              		.loc 1 654 37 view .LVU595
 1926 007a FFF7FEFF 		bl	__aeabi_d2f
 1927              	.LVL205:
 654:Drivers/BMP580/bmp5.c **** #endif
 1928              		.loc 1 654 35 view .LVU596
 1929 007e 2060     		str	r0, [r4]	@ float
 1930 0080 E8E7     		b	.L120
 1931              	.L125:
 1932 0082 00BF     		.align	2
 1933              	.L124:
 1934 0084 0000F03E 		.word	1055916032
 1935 0088 0000903F 		.word	1066401792
 1936              		.cfi_endproc
 1937              	.LFE7:
 1939              		.section	.text.bmp5_int_source_select,"ax",%progbits
 1940              		.align	1
 1941              		.global	bmp5_int_source_select
 1942              		.syntax unified
 1943              		.thumb
 1944              		.thumb_func
 1946              	bmp5_int_source_select:
 1947              	.LVL206:
 1948              	.LFB8:
 671:Drivers/BMP580/bmp5.c ****     int8_t rslt;
 1949              		.loc 1 671 1 is_stmt 1 view -0
 1950              		.cfi_startproc
 1951              		@ args = 0, pretend = 0, frame = 8
 1952              		@ frame_needed = 0, uses_anonymous_args = 0
 672:Drivers/BMP580/bmp5.c ****     uint8_t reg_data;
 1953              		.loc 1 672 5 view .LVU598
 673:Drivers/BMP580/bmp5.c **** 
 1954              		.loc 1 673 5 view .LVU599
 675:Drivers/BMP580/bmp5.c ****     {
 1955              		.loc 1 675 5 view .LVU600
 675:Drivers/BMP580/bmp5.c ****     {
 1956              		.loc 1 675 8 is_stmt 0 view .LVU601
 1957 0000 0028     		cmp	r0, #0
 1958 0002 3AD0     		beq	.L128
 671:Drivers/BMP580/bmp5.c ****     int8_t rslt;
 1959              		.loc 1 671 1 view .LVU602
 1960 0004 30B5     		push	{r4, r5, lr}
 1961              		.cfi_def_cfa_offset 12
 1962              		.cfi_offset 4, -12
 1963              		.cfi_offset 5, -8
 1964              		.cfi_offset 14, -4
 1965 0006 83B0     		sub	sp, sp, #12
ARM GAS  C:\Users\Nathan\AppData\Local\Temp\ccGCFMYR.s 			page 80


 1966              		.cfi_def_cfa_offset 24
 1967 0008 0D46     		mov	r5, r1
 1968 000a 0446     		mov	r4, r0
 677:Drivers/BMP580/bmp5.c **** 
 1969              		.loc 1 677 9 is_stmt 1 view .LVU603
 677:Drivers/BMP580/bmp5.c **** 
 1970              		.loc 1 677 16 is_stmt 0 view .LVU604
 1971 000c 0B46     		mov	r3, r1
 1972 000e 0122     		movs	r2, #1
 1973 0010 0DF10701 		add	r1, sp, #7
 1974              	.LVL207:
 677:Drivers/BMP580/bmp5.c **** 
 1975              		.loc 1 677 16 view .LVU605
 1976 0014 1520     		movs	r0, #21
 1977              	.LVL208:
 677:Drivers/BMP580/bmp5.c **** 
 1978              		.loc 1 677 16 view .LVU606
 1979 0016 FFF7FEFF 		bl	bmp5_get_regs
 1980              	.LVL209:
 679:Drivers/BMP580/bmp5.c ****         {
 1981              		.loc 1 679 9 is_stmt 1 view .LVU607
 679:Drivers/BMP580/bmp5.c ****         {
 1982              		.loc 1 679 12 is_stmt 0 view .LVU608
 1983 001a 08B1     		cbz	r0, .L133
 1984              	.L127:
 697:Drivers/BMP580/bmp5.c **** }
 1985              		.loc 1 697 5 is_stmt 1 view .LVU609
 698:Drivers/BMP580/bmp5.c **** 
 1986              		.loc 1 698 1 is_stmt 0 view .LVU610
 1987 001c 03B0     		add	sp, sp, #12
 1988              		.cfi_remember_state
 1989              		.cfi_def_cfa_offset 12
 1990              		@ sp needed
 1991 001e 30BD     		pop	{r4, r5, pc}
 1992              	.LVL210:
 1993              	.L133:
 1994              		.cfi_restore_state
 681:Drivers/BMP580/bmp5.c **** 
 1995              		.loc 1 681 13 is_stmt 1 view .LVU611
 681:Drivers/BMP580/bmp5.c **** 
 1996              		.loc 1 681 24 is_stmt 0 view .LVU612
 1997 0020 9DF80730 		ldrb	r3, [sp, #7]	@ zero_extendqisi2
 1998 0024 2278     		ldrb	r2, [r4]	@ zero_extendqisi2
 1999 0026 02F00102 		and	r2, r2, #1
 2000 002a 23F00103 		bic	r3, r3, #1
 2001 002e 1A43     		orrs	r2, r2, r3
 681:Drivers/BMP580/bmp5.c **** 
 2002              		.loc 1 681 22 view .LVU613
 2003 0030 8DF80720 		strb	r2, [sp, #7]
 683:Drivers/BMP580/bmp5.c **** 
 2004              		.loc 1 683 13 is_stmt 1 view .LVU614
 683:Drivers/BMP580/bmp5.c **** 
 2005              		.loc 1 683 24 is_stmt 0 view .LVU615
 2006 0034 6378     		ldrb	r3, [r4, #1]	@ zero_extendqisi2
 2007 0036 5B00     		lsls	r3, r3, #1
 2008 0038 03F00203 		and	r3, r3, #2
 2009 003c 22F00202 		bic	r2, r2, #2
ARM GAS  C:\Users\Nathan\AppData\Local\Temp\ccGCFMYR.s 			page 81


 2010 0040 1A43     		orrs	r2, r2, r3
 683:Drivers/BMP580/bmp5.c **** 
 2011              		.loc 1 683 22 view .LVU616
 2012 0042 8DF80720 		strb	r2, [sp, #7]
 685:Drivers/BMP580/bmp5.c **** 
 2013              		.loc 1 685 13 is_stmt 1 view .LVU617
 685:Drivers/BMP580/bmp5.c **** 
 2014              		.loc 1 685 24 is_stmt 0 view .LVU618
 2015 0046 A378     		ldrb	r3, [r4, #2]	@ zero_extendqisi2
 2016 0048 9B00     		lsls	r3, r3, #2
 2017 004a 03F00403 		and	r3, r3, #4
 2018 004e 22F00402 		bic	r2, r2, #4
 2019 0052 1A43     		orrs	r2, r2, r3
 685:Drivers/BMP580/bmp5.c **** 
 2020              		.loc 1 685 22 view .LVU619
 2021 0054 8DF80720 		strb	r2, [sp, #7]
 687:Drivers/BMP580/bmp5.c **** 
 2022              		.loc 1 687 13 is_stmt 1 view .LVU620
 687:Drivers/BMP580/bmp5.c **** 
 2023              		.loc 1 687 24 is_stmt 0 view .LVU621
 2024 0058 E378     		ldrb	r3, [r4, #3]	@ zero_extendqisi2
 2025 005a DB00     		lsls	r3, r3, #3
 2026 005c 03F00803 		and	r3, r3, #8
 2027 0060 22F00802 		bic	r2, r2, #8
 2028 0064 1A43     		orrs	r2, r2, r3
 687:Drivers/BMP580/bmp5.c **** 
 2029              		.loc 1 687 22 view .LVU622
 2030 0066 8DF80720 		strb	r2, [sp, #7]
 689:Drivers/BMP580/bmp5.c ****         }
 2031              		.loc 1 689 13 is_stmt 1 view .LVU623
 689:Drivers/BMP580/bmp5.c ****         }
 2032              		.loc 1 689 20 is_stmt 0 view .LVU624
 2033 006a 2B46     		mov	r3, r5
 2034 006c 0122     		movs	r2, #1
 2035 006e 0DF10701 		add	r1, sp, #7
 2036 0072 1520     		movs	r0, #21
 2037              	.LVL211:
 689:Drivers/BMP580/bmp5.c ****         }
 2038              		.loc 1 689 20 view .LVU625
 2039 0074 FFF7FEFF 		bl	bmp5_set_regs
 2040              	.LVL212:
 689:Drivers/BMP580/bmp5.c ****         }
 2041              		.loc 1 689 20 view .LVU626
 2042 0078 D0E7     		b	.L127
 2043              	.LVL213:
 2044              	.L128:
 2045              		.cfi_def_cfa_offset 0
 2046              		.cfi_restore 4
 2047              		.cfi_restore 5
 2048              		.cfi_restore 14
 694:Drivers/BMP580/bmp5.c ****     }
 2049              		.loc 1 694 14 view .LVU627
 2050 007a 4FF0FF30 		mov	r0, #-1
 2051              	.LVL214:
 697:Drivers/BMP580/bmp5.c **** }
 2052              		.loc 1 697 5 is_stmt 1 view .LVU628
 698:Drivers/BMP580/bmp5.c **** 
ARM GAS  C:\Users\Nathan\AppData\Local\Temp\ccGCFMYR.s 			page 82


 2053              		.loc 1 698 1 is_stmt 0 view .LVU629
 2054 007e 7047     		bx	lr
 2055              		.cfi_endproc
 2056              	.LFE8:
 2058              		.section	.text.bmp5_configure_interrupt,"ax",%progbits
 2059              		.align	1
 2060              		.global	bmp5_configure_interrupt
 2061              		.syntax unified
 2062              		.thumb
 2063              		.thumb_func
 2065              	bmp5_configure_interrupt:
 2066              	.LVL215:
 2067              	.LFB9:
 708:Drivers/BMP580/bmp5.c ****     /* Variable to store the function result */
 2068              		.loc 1 708 1 is_stmt 1 view -0
 2069              		.cfi_startproc
 2070              		@ args = 4, pretend = 0, frame = 8
 2071              		@ frame_needed = 0, uses_anonymous_args = 0
 708:Drivers/BMP580/bmp5.c ****     /* Variable to store the function result */
 2072              		.loc 1 708 1 is_stmt 0 view .LVU631
 2073 0000 F0B5     		push	{r4, r5, r6, r7, lr}
 2074              		.cfi_def_cfa_offset 20
 2075              		.cfi_offset 4, -20
 2076              		.cfi_offset 5, -16
 2077              		.cfi_offset 6, -12
 2078              		.cfi_offset 7, -8
 2079              		.cfi_offset 14, -4
 2080 0002 83B0     		sub	sp, sp, #12
 2081              		.cfi_def_cfa_offset 32
 2082 0004 0446     		mov	r4, r0
 2083 0006 0D46     		mov	r5, r1
 2084 0008 1646     		mov	r6, r2
 2085 000a 1F46     		mov	r7, r3
 710:Drivers/BMP580/bmp5.c **** 
 2086              		.loc 1 710 5 is_stmt 1 view .LVU632
 713:Drivers/BMP580/bmp5.c **** 
 2087              		.loc 1 713 5 view .LVU633
 713:Drivers/BMP580/bmp5.c **** 
 2088              		.loc 1 713 13 is_stmt 0 view .LVU634
 2089 000c 4FF0000C 		mov	ip, #0
 2090 0010 8DF807C0 		strb	ip, [sp, #7]
 716:Drivers/BMP580/bmp5.c **** 
 2091              		.loc 1 716 5 is_stmt 1 view .LVU635
 716:Drivers/BMP580/bmp5.c **** 
 2092              		.loc 1 716 13 is_stmt 0 view .LVU636
 2093 0014 8DF806C0 		strb	ip, [sp, #6]
 719:Drivers/BMP580/bmp5.c **** 
 2094              		.loc 1 719 5 is_stmt 1 view .LVU637
 719:Drivers/BMP580/bmp5.c **** 
 2095              		.loc 1 719 13 is_stmt 0 view .LVU638
 2096 0018 8DF805C0 		strb	ip, [sp, #5]
 722:Drivers/BMP580/bmp5.c **** 
 2097              		.loc 1 722 5 is_stmt 1 view .LVU639
 722:Drivers/BMP580/bmp5.c **** 
 2098              		.loc 1 722 12 is_stmt 0 view .LVU640
 2099 001c 089B     		ldr	r3, [sp, #32]
 2100              	.LVL216:
ARM GAS  C:\Users\Nathan\AppData\Local\Temp\ccGCFMYR.s 			page 83


 722:Drivers/BMP580/bmp5.c **** 
 2101              		.loc 1 722 12 view .LVU641
 2102 001e 0122     		movs	r2, #1
 2103              	.LVL217:
 722:Drivers/BMP580/bmp5.c **** 
 2104              		.loc 1 722 12 view .LVU642
 2105 0020 0DF10701 		add	r1, sp, #7
 2106              	.LVL218:
 722:Drivers/BMP580/bmp5.c **** 
 2107              		.loc 1 722 12 view .LVU643
 2108 0024 1420     		movs	r0, #20
 2109              	.LVL219:
 722:Drivers/BMP580/bmp5.c **** 
 2110              		.loc 1 722 12 view .LVU644
 2111 0026 FFF7FEFF 		bl	bmp5_get_regs
 2112              	.LVL220:
 724:Drivers/BMP580/bmp5.c ****     {
 2113              		.loc 1 724 5 is_stmt 1 view .LVU645
 724:Drivers/BMP580/bmp5.c ****     {
 2114              		.loc 1 724 8 is_stmt 0 view .LVU646
 2115 002a 08B1     		cbz	r0, .L137
 2116              	.LVL221:
 2117              	.L135:
 749:Drivers/BMP580/bmp5.c **** }
 2118              		.loc 1 749 5 is_stmt 1 view .LVU647
 750:Drivers/BMP580/bmp5.c **** 
 2119              		.loc 1 750 1 is_stmt 0 view .LVU648
 2120 002c 03B0     		add	sp, sp, #12
 2121              		.cfi_remember_state
 2122              		.cfi_def_cfa_offset 20
 2123              		@ sp needed
 2124 002e F0BD     		pop	{r4, r5, r6, r7, pc}
 2125              	.LVL222:
 2126              	.L137:
 2127              		.cfi_restore_state
 728:Drivers/BMP580/bmp5.c **** 
 2128              		.loc 1 728 9 is_stmt 1 view .LVU649
 728:Drivers/BMP580/bmp5.c **** 
 2129              		.loc 1 728 16 is_stmt 0 view .LVU650
 2130 0030 089B     		ldr	r3, [sp, #32]
 2131 0032 0122     		movs	r2, #1
 2132 0034 0DF10601 		add	r1, sp, #6
 2133 0038 1520     		movs	r0, #21
 2134 003a FFF7FEFF 		bl	bmp5_set_regs
 2135              	.LVL223:
 730:Drivers/BMP580/bmp5.c ****         {
 2136              		.loc 1 730 9 is_stmt 1 view .LVU651
 730:Drivers/BMP580/bmp5.c ****         {
 2137              		.loc 1 730 12 is_stmt 0 view .LVU652
 2138 003e 0028     		cmp	r0, #0
 2139 0040 F4D1     		bne	.L135
 733:Drivers/BMP580/bmp5.c **** 
 2140              		.loc 1 733 13 is_stmt 1 view .LVU653
 733:Drivers/BMP580/bmp5.c **** 
 2141              		.loc 1 733 20 is_stmt 0 view .LVU654
 2142 0042 089B     		ldr	r3, [sp, #32]
 2143 0044 0122     		movs	r2, #1
ARM GAS  C:\Users\Nathan\AppData\Local\Temp\ccGCFMYR.s 			page 84


 2144 0046 0DF10501 		add	r1, sp, #5
 2145 004a 2720     		movs	r0, #39
 2146              	.LVL224:
 733:Drivers/BMP580/bmp5.c **** 
 2147              		.loc 1 733 20 view .LVU655
 2148 004c FFF7FEFF 		bl	bmp5_get_regs
 2149              	.LVL225:
 735:Drivers/BMP580/bmp5.c ****             {
 2150              		.loc 1 735 13 is_stmt 1 view .LVU656
 735:Drivers/BMP580/bmp5.c ****             {
 2151              		.loc 1 735 16 is_stmt 0 view .LVU657
 2152 0050 0028     		cmp	r0, #0
 2153 0052 EBD1     		bne	.L135
 738:Drivers/BMP580/bmp5.c ****                 reg_data = BMP5_SET_BITSLICE(reg_data, BMP5_INT_POL, int_pol);
 2154              		.loc 1 738 17 is_stmt 1 view .LVU658
 738:Drivers/BMP580/bmp5.c ****                 reg_data = BMP5_SET_BITSLICE(reg_data, BMP5_INT_POL, int_pol);
 2155              		.loc 1 738 28 is_stmt 0 view .LVU659
 2156 0054 9DF80720 		ldrb	r2, [sp, #7]	@ zero_extendqisi2
 2157 0058 22F00102 		bic	r2, r2, #1
 2158 005c 04F00103 		and	r3, r4, #1
 2159 0060 1A43     		orrs	r2, r2, r3
 738:Drivers/BMP580/bmp5.c ****                 reg_data = BMP5_SET_BITSLICE(reg_data, BMP5_INT_POL, int_pol);
 2160              		.loc 1 738 26 view .LVU660
 2161 0062 8DF80720 		strb	r2, [sp, #7]
 739:Drivers/BMP580/bmp5.c ****                 reg_data = BMP5_SET_BITSLICE(reg_data, BMP5_INT_OD, int_od);
 2162              		.loc 1 739 17 is_stmt 1 view .LVU661
 739:Drivers/BMP580/bmp5.c ****                 reg_data = BMP5_SET_BITSLICE(reg_data, BMP5_INT_OD, int_od);
 2163              		.loc 1 739 28 is_stmt 0 view .LVU662
 2164 0066 6B00     		lsls	r3, r5, #1
 2165 0068 03F00203 		and	r3, r3, #2
 2166 006c 22F00202 		bic	r2, r2, #2
 2167 0070 1A43     		orrs	r2, r2, r3
 739:Drivers/BMP580/bmp5.c ****                 reg_data = BMP5_SET_BITSLICE(reg_data, BMP5_INT_OD, int_od);
 2168              		.loc 1 739 26 view .LVU663
 2169 0072 8DF80720 		strb	r2, [sp, #7]
 740:Drivers/BMP580/bmp5.c ****                 reg_data = BMP5_SET_BITSLICE(reg_data, BMP5_INT_EN, int_en);
 2170              		.loc 1 740 17 is_stmt 1 view .LVU664
 740:Drivers/BMP580/bmp5.c ****                 reg_data = BMP5_SET_BITSLICE(reg_data, BMP5_INT_EN, int_en);
 2171              		.loc 1 740 28 is_stmt 0 view .LVU665
 2172 0076 B300     		lsls	r3, r6, #2
 2173 0078 03F00403 		and	r3, r3, #4
 2174 007c 22F00402 		bic	r2, r2, #4
 2175 0080 1A43     		orrs	r2, r2, r3
 740:Drivers/BMP580/bmp5.c ****                 reg_data = BMP5_SET_BITSLICE(reg_data, BMP5_INT_EN, int_en);
 2176              		.loc 1 740 26 view .LVU666
 2177 0082 8DF80720 		strb	r2, [sp, #7]
 741:Drivers/BMP580/bmp5.c **** 
 2178              		.loc 1 741 17 is_stmt 1 view .LVU667
 741:Drivers/BMP580/bmp5.c **** 
 2179              		.loc 1 741 28 is_stmt 0 view .LVU668
 2180 0086 FB00     		lsls	r3, r7, #3
 2181 0088 03F00803 		and	r3, r3, #8
 2182 008c 22F00802 		bic	r2, r2, #8
 2183 0090 1A43     		orrs	r2, r2, r3
 741:Drivers/BMP580/bmp5.c **** 
 2184              		.loc 1 741 26 view .LVU669
 2185 0092 8DF80720 		strb	r2, [sp, #7]
ARM GAS  C:\Users\Nathan\AppData\Local\Temp\ccGCFMYR.s 			page 85


 744:Drivers/BMP580/bmp5.c ****             }
 2186              		.loc 1 744 17 is_stmt 1 view .LVU670
 744:Drivers/BMP580/bmp5.c ****             }
 2187              		.loc 1 744 24 is_stmt 0 view .LVU671
 2188 0096 089B     		ldr	r3, [sp, #32]
 2189 0098 0122     		movs	r2, #1
 2190 009a 0DF10701 		add	r1, sp, #7
 2191 009e 1420     		movs	r0, #20
 2192              	.LVL226:
 744:Drivers/BMP580/bmp5.c ****             }
 2193              		.loc 1 744 24 view .LVU672
 2194 00a0 FFF7FEFF 		bl	bmp5_set_regs
 2195              	.LVL227:
 2196 00a4 C2E7     		b	.L135
 2197              		.cfi_endproc
 2198              	.LFE9:
 2200              		.section	.text.bmp5_get_osr_odr_press_config,"ax",%progbits
 2201              		.align	1
 2202              		.global	bmp5_get_osr_odr_press_config
 2203              		.syntax unified
 2204              		.thumb
 2205              		.thumb_func
 2207              	bmp5_get_osr_odr_press_config:
 2208              	.LVL228:
 2209              	.LFB10:
 757:Drivers/BMP580/bmp5.c ****     /* Variable to store the function result */
 2210              		.loc 1 757 1 is_stmt 1 view -0
 2211              		.cfi_startproc
 2212              		@ args = 0, pretend = 0, frame = 8
 2213              		@ frame_needed = 0, uses_anonymous_args = 0
 759:Drivers/BMP580/bmp5.c **** 
 2214              		.loc 1 759 5 view .LVU674
 762:Drivers/BMP580/bmp5.c **** 
 2215              		.loc 1 762 5 view .LVU675
 764:Drivers/BMP580/bmp5.c ****     {
 2216              		.loc 1 764 5 view .LVU676
 764:Drivers/BMP580/bmp5.c ****     {
 2217              		.loc 1 764 8 is_stmt 0 view .LVU677
 2218 0000 D8B1     		cbz	r0, .L140
 757:Drivers/BMP580/bmp5.c ****     /* Variable to store the function result */
 2219              		.loc 1 757 1 view .LVU678
 2220 0002 10B5     		push	{r4, lr}
 2221              		.cfi_def_cfa_offset 8
 2222              		.cfi_offset 4, -8
 2223              		.cfi_offset 14, -4
 2224 0004 82B0     		sub	sp, sp, #8
 2225              		.cfi_def_cfa_offset 16
 2226 0006 0B46     		mov	r3, r1
 2227 0008 0446     		mov	r4, r0
 767:Drivers/BMP580/bmp5.c **** 
 2228              		.loc 1 767 9 is_stmt 1 view .LVU679
 767:Drivers/BMP580/bmp5.c **** 
 2229              		.loc 1 767 16 is_stmt 0 view .LVU680
 2230 000a 0222     		movs	r2, #2
 2231 000c 01A9     		add	r1, sp, #4
 2232              	.LVL229:
 767:Drivers/BMP580/bmp5.c **** 
ARM GAS  C:\Users\Nathan\AppData\Local\Temp\ccGCFMYR.s 			page 86


 2233              		.loc 1 767 16 view .LVU681
 2234 000e 3620     		movs	r0, #54
 2235              	.LVL230:
 767:Drivers/BMP580/bmp5.c **** 
 2236              		.loc 1 767 16 view .LVU682
 2237 0010 FFF7FEFF 		bl	bmp5_get_regs
 2238              	.LVL231:
 769:Drivers/BMP580/bmp5.c ****         {
 2239              		.loc 1 769 9 is_stmt 1 view .LVU683
 769:Drivers/BMP580/bmp5.c ****         {
 2240              		.loc 1 769 12 is_stmt 0 view .LVU684
 2241 0014 78B9     		cbnz	r0, .L139
 771:Drivers/BMP580/bmp5.c ****             osr_odr_press_cfg->osr_p = BMP5_GET_BITSLICE(reg_data[0], BMP5_PRESS_OS);
 2242              		.loc 1 771 13 is_stmt 1 view .LVU685
 771:Drivers/BMP580/bmp5.c ****             osr_odr_press_cfg->osr_p = BMP5_GET_BITSLICE(reg_data[0], BMP5_PRESS_OS);
 2243              		.loc 1 771 40 is_stmt 0 view .LVU686
 2244 0016 9DF80430 		ldrb	r3, [sp, #4]	@ zero_extendqisi2
 2245 001a 03F00702 		and	r2, r3, #7
 771:Drivers/BMP580/bmp5.c ****             osr_odr_press_cfg->osr_p = BMP5_GET_BITSLICE(reg_data[0], BMP5_PRESS_OS);
 2246              		.loc 1 771 38 view .LVU687
 2247 001e 2270     		strb	r2, [r4]
 772:Drivers/BMP580/bmp5.c ****             osr_odr_press_cfg->press_en = BMP5_GET_BITSLICE(reg_data[0], BMP5_PRESS_EN);
 2248              		.loc 1 772 13 is_stmt 1 view .LVU688
 772:Drivers/BMP580/bmp5.c ****             osr_odr_press_cfg->press_en = BMP5_GET_BITSLICE(reg_data[0], BMP5_PRESS_EN);
 2249              		.loc 1 772 40 is_stmt 0 view .LVU689
 2250 0020 C3F3C202 		ubfx	r2, r3, #3, #3
 772:Drivers/BMP580/bmp5.c ****             osr_odr_press_cfg->press_en = BMP5_GET_BITSLICE(reg_data[0], BMP5_PRESS_EN);
 2251              		.loc 1 772 38 view .LVU690
 2252 0024 6270     		strb	r2, [r4, #1]
 773:Drivers/BMP580/bmp5.c ****             osr_odr_press_cfg->odr = BMP5_GET_BITSLICE(reg_data[1], BMP5_ODR);
 2253              		.loc 1 773 13 is_stmt 1 view .LVU691
 773:Drivers/BMP580/bmp5.c ****             osr_odr_press_cfg->odr = BMP5_GET_BITSLICE(reg_data[1], BMP5_ODR);
 2254              		.loc 1 773 43 is_stmt 0 view .LVU692
 2255 0026 C3F38013 		ubfx	r3, r3, #6, #1
 773:Drivers/BMP580/bmp5.c ****             osr_odr_press_cfg->odr = BMP5_GET_BITSLICE(reg_data[1], BMP5_ODR);
 2256              		.loc 1 773 41 view .LVU693
 2257 002a A370     		strb	r3, [r4, #2]
 774:Drivers/BMP580/bmp5.c ****         }
 2258              		.loc 1 774 13 is_stmt 1 view .LVU694
 774:Drivers/BMP580/bmp5.c ****         }
 2259              		.loc 1 774 38 is_stmt 0 view .LVU695
 2260 002c 9DF80530 		ldrb	r3, [sp, #5]	@ zero_extendqisi2
 2261 0030 C3F38403 		ubfx	r3, r3, #2, #5
 774:Drivers/BMP580/bmp5.c ****         }
 2262              		.loc 1 774 36 view .LVU696
 2263 0034 E370     		strb	r3, [r4, #3]
 2264              	.L139:
 782:Drivers/BMP580/bmp5.c **** }
 2265              		.loc 1 782 5 is_stmt 1 view .LVU697
 783:Drivers/BMP580/bmp5.c **** 
 2266              		.loc 1 783 1 is_stmt 0 view .LVU698
 2267 0036 02B0     		add	sp, sp, #8
 2268              		.cfi_def_cfa_offset 8
 2269              		@ sp needed
 2270 0038 10BD     		pop	{r4, pc}
 2271              	.LVL232:
 2272              	.L140:
ARM GAS  C:\Users\Nathan\AppData\Local\Temp\ccGCFMYR.s 			page 87


 2273              		.cfi_def_cfa_offset 0
 2274              		.cfi_restore 4
 2275              		.cfi_restore 14
 779:Drivers/BMP580/bmp5.c ****     }
 2276              		.loc 1 779 14 view .LVU699
 2277 003a 4FF0FF30 		mov	r0, #-1
 2278              	.LVL233:
 782:Drivers/BMP580/bmp5.c **** }
 2279              		.loc 1 782 5 is_stmt 1 view .LVU700
 783:Drivers/BMP580/bmp5.c **** 
 2280              		.loc 1 783 1 is_stmt 0 view .LVU701
 2281 003e 7047     		bx	lr
 2282              		.cfi_endproc
 2283              	.LFE10:
 2285              		.section	.text.bmp5_get_iir_config,"ax",%progbits
 2286              		.align	1
 2287              		.global	bmp5_get_iir_config
 2288              		.syntax unified
 2289              		.thumb
 2290              		.thumb_func
 2292              	bmp5_get_iir_config:
 2293              	.LVL234:
 2294              	.LFB12:
 840:Drivers/BMP580/bmp5.c ****     /* Variable to store the function result */
 2295              		.loc 1 840 1 is_stmt 1 view -0
 2296              		.cfi_startproc
 2297              		@ args = 0, pretend = 0, frame = 8
 2298              		@ frame_needed = 0, uses_anonymous_args = 0
 842:Drivers/BMP580/bmp5.c **** 
 2299              		.loc 1 842 5 view .LVU703
 845:Drivers/BMP580/bmp5.c **** 
 2300              		.loc 1 845 5 view .LVU704
 847:Drivers/BMP580/bmp5.c ****     {
 2301              		.loc 1 847 5 view .LVU705
 847:Drivers/BMP580/bmp5.c ****     {
 2302              		.loc 1 847 8 is_stmt 0 view .LVU706
 2303 0000 E8B1     		cbz	r0, .L147
 840:Drivers/BMP580/bmp5.c ****     /* Variable to store the function result */
 2304              		.loc 1 840 1 view .LVU707
 2305 0002 10B5     		push	{r4, lr}
 2306              		.cfi_def_cfa_offset 8
 2307              		.cfi_offset 4, -8
 2308              		.cfi_offset 14, -4
 2309 0004 82B0     		sub	sp, sp, #8
 2310              		.cfi_def_cfa_offset 16
 2311 0006 0B46     		mov	r3, r1
 2312 0008 0446     		mov	r4, r0
 850:Drivers/BMP580/bmp5.c **** 
 2313              		.loc 1 850 9 is_stmt 1 view .LVU708
 850:Drivers/BMP580/bmp5.c **** 
 2314              		.loc 1 850 16 is_stmt 0 view .LVU709
 2315 000a 0222     		movs	r2, #2
 2316 000c 01A9     		add	r1, sp, #4
 2317              	.LVL235:
 850:Drivers/BMP580/bmp5.c **** 
 2318              		.loc 1 850 16 view .LVU710
 2319 000e 3020     		movs	r0, #48
ARM GAS  C:\Users\Nathan\AppData\Local\Temp\ccGCFMYR.s 			page 88


 2320              	.LVL236:
 850:Drivers/BMP580/bmp5.c **** 
 2321              		.loc 1 850 16 view .LVU711
 2322 0010 FFF7FEFF 		bl	bmp5_get_regs
 2323              	.LVL237:
 852:Drivers/BMP580/bmp5.c ****         iir_cfg->shdw_set_iir_p = BMP5_GET_BITSLICE(reg_data[0], BMP5_SHDW_SET_IIR_PRESS);
 2324              		.loc 1 852 9 is_stmt 1 view .LVU712
 852:Drivers/BMP580/bmp5.c ****         iir_cfg->shdw_set_iir_p = BMP5_GET_BITSLICE(reg_data[0], BMP5_SHDW_SET_IIR_PRESS);
 2325              		.loc 1 852 35 is_stmt 0 view .LVU713
 2326 0014 9DF80430 		ldrb	r3, [sp, #4]	@ zero_extendqisi2
 2327 0018 C3F3C002 		ubfx	r2, r3, #3, #1
 852:Drivers/BMP580/bmp5.c ****         iir_cfg->shdw_set_iir_p = BMP5_GET_BITSLICE(reg_data[0], BMP5_SHDW_SET_IIR_PRESS);
 2328              		.loc 1 852 33 view .LVU714
 2329 001c A270     		strb	r2, [r4, #2]
 853:Drivers/BMP580/bmp5.c ****         iir_cfg->iir_flush_forced_en = BMP5_GET_BITSLICE(reg_data[0], BMP5_IIR_FLUSH_FORCED_EN);
 2330              		.loc 1 853 9 is_stmt 1 view .LVU715
 853:Drivers/BMP580/bmp5.c ****         iir_cfg->iir_flush_forced_en = BMP5_GET_BITSLICE(reg_data[0], BMP5_IIR_FLUSH_FORCED_EN);
 2331              		.loc 1 853 35 is_stmt 0 view .LVU716
 2332 001e C3F34012 		ubfx	r2, r3, #5, #1
 853:Drivers/BMP580/bmp5.c ****         iir_cfg->iir_flush_forced_en = BMP5_GET_BITSLICE(reg_data[0], BMP5_IIR_FLUSH_FORCED_EN);
 2333              		.loc 1 853 33 view .LVU717
 2334 0022 E270     		strb	r2, [r4, #3]
 854:Drivers/BMP580/bmp5.c **** 
 2335              		.loc 1 854 9 is_stmt 1 view .LVU718
 854:Drivers/BMP580/bmp5.c **** 
 2336              		.loc 1 854 40 is_stmt 0 view .LVU719
 2337 0024 C3F38003 		ubfx	r3, r3, #2, #1
 854:Drivers/BMP580/bmp5.c **** 
 2338              		.loc 1 854 38 view .LVU720
 2339 0028 2371     		strb	r3, [r4, #4]
 856:Drivers/BMP580/bmp5.c ****         iir_cfg->set_iir_p = BMP5_GET_BITSLICE(reg_data[1], BMP5_SET_IIR_PRESS);
 2340              		.loc 1 856 9 is_stmt 1 view .LVU721
 856:Drivers/BMP580/bmp5.c ****         iir_cfg->set_iir_p = BMP5_GET_BITSLICE(reg_data[1], BMP5_SET_IIR_PRESS);
 2341              		.loc 1 856 30 is_stmt 0 view .LVU722
 2342 002a 9DF80530 		ldrb	r3, [sp, #5]	@ zero_extendqisi2
 2343 002e 03F00702 		and	r2, r3, #7
 856:Drivers/BMP580/bmp5.c ****         iir_cfg->set_iir_p = BMP5_GET_BITSLICE(reg_data[1], BMP5_SET_IIR_PRESS);
 2344              		.loc 1 856 28 view .LVU723
 2345 0032 2270     		strb	r2, [r4]
 857:Drivers/BMP580/bmp5.c ****     }
 2346              		.loc 1 857 9 is_stmt 1 view .LVU724
 857:Drivers/BMP580/bmp5.c ****     }
 2347              		.loc 1 857 30 is_stmt 0 view .LVU725
 2348 0034 C3F3C203 		ubfx	r3, r3, #3, #3
 857:Drivers/BMP580/bmp5.c ****     }
 2349              		.loc 1 857 28 view .LVU726
 2350 0038 6370     		strb	r3, [r4, #1]
 864:Drivers/BMP580/bmp5.c **** }
 2351              		.loc 1 864 5 is_stmt 1 view .LVU727
 865:Drivers/BMP580/bmp5.c **** 
 2352              		.loc 1 865 1 is_stmt 0 view .LVU728
 2353 003a 02B0     		add	sp, sp, #8
 2354              		.cfi_def_cfa_offset 8
 2355              		@ sp needed
 2356 003c 10BD     		pop	{r4, pc}
 2357              	.LVL238:
 2358              	.L147:
ARM GAS  C:\Users\Nathan\AppData\Local\Temp\ccGCFMYR.s 			page 89


 2359              		.cfi_def_cfa_offset 0
 2360              		.cfi_restore 4
 2361              		.cfi_restore 14
 861:Drivers/BMP580/bmp5.c ****     }
 2362              		.loc 1 861 14 view .LVU729
 2363 003e 4FF0FF30 		mov	r0, #-1
 2364              	.LVL239:
 864:Drivers/BMP580/bmp5.c **** }
 2365              		.loc 1 864 5 is_stmt 1 view .LVU730
 865:Drivers/BMP580/bmp5.c **** 
 2366              		.loc 1 865 1 is_stmt 0 view .LVU731
 2367 0042 7047     		bx	lr
 2368              		.cfi_endproc
 2369              	.LFE12:
 2371              		.section	.text.check_deepstandby_mode,"ax",%progbits
 2372              		.align	1
 2373              		.syntax unified
 2374              		.thumb
 2375              		.thumb_func
 2377              	check_deepstandby_mode:
 2378              	.LVL240:
 2379              	.LFB27:
1510:Drivers/BMP580/bmp5.c ****     int8_t rslt;
 2380              		.loc 1 1510 1 is_stmt 1 view -0
 2381              		.cfi_startproc
 2382              		@ args = 0, pretend = 0, frame = 16
 2383              		@ frame_needed = 0, uses_anonymous_args = 0
1510:Drivers/BMP580/bmp5.c ****     int8_t rslt;
 2384              		.loc 1 1510 1 is_stmt 0 view .LVU733
 2385 0000 30B5     		push	{r4, r5, lr}
 2386              		.cfi_def_cfa_offset 12
 2387              		.cfi_offset 4, -12
 2388              		.cfi_offset 5, -8
 2389              		.cfi_offset 14, -4
 2390 0002 85B0     		sub	sp, sp, #20
 2391              		.cfi_def_cfa_offset 32
 2392 0004 0546     		mov	r5, r0
 2393 0006 0C46     		mov	r4, r1
1511:Drivers/BMP580/bmp5.c ****     uint8_t fifo_frame_sel;
 2394              		.loc 1 1511 5 is_stmt 1 view .LVU734
1512:Drivers/BMP580/bmp5.c ****     struct bmp5_iir_config iir_cfg = { 0 };
 2395              		.loc 1 1512 5 view .LVU735
1513:Drivers/BMP580/bmp5.c ****     struct bmp5_osr_odr_press_config osr_odr_press_cfg = { 0 };
 2396              		.loc 1 1513 5 view .LVU736
1513:Drivers/BMP580/bmp5.c ****     struct bmp5_osr_odr_press_config osr_odr_press_cfg = { 0 };
 2397              		.loc 1 1513 28 is_stmt 0 view .LVU737
 2398 0008 0023     		movs	r3, #0
 2399 000a 0293     		str	r3, [sp, #8]
 2400 000c 8DF80C30 		strb	r3, [sp, #12]
1514:Drivers/BMP580/bmp5.c **** 
 2401              		.loc 1 1514 5 is_stmt 1 view .LVU738
1514:Drivers/BMP580/bmp5.c **** 
 2402              		.loc 1 1514 38 is_stmt 0 view .LVU739
 2403 0010 0193     		str	r3, [sp, #4]
1516:Drivers/BMP580/bmp5.c ****     fifo_frame_sel = BMP5_GET_BITS_POS_0(fifo_frame_sel, BMP5_FIFO_FRAME_SEL);
 2404              		.loc 1 1516 5 is_stmt 1 view .LVU740
1516:Drivers/BMP580/bmp5.c ****     fifo_frame_sel = BMP5_GET_BITS_POS_0(fifo_frame_sel, BMP5_FIFO_FRAME_SEL);
ARM GAS  C:\Users\Nathan\AppData\Local\Temp\ccGCFMYR.s 			page 90


 2405              		.loc 1 1516 12 is_stmt 0 view .LVU741
 2406 0012 0B46     		mov	r3, r1
 2407 0014 0122     		movs	r2, #1
 2408 0016 0DF10F01 		add	r1, sp, #15
 2409              	.LVL241:
1516:Drivers/BMP580/bmp5.c ****     fifo_frame_sel = BMP5_GET_BITS_POS_0(fifo_frame_sel, BMP5_FIFO_FRAME_SEL);
 2410              		.loc 1 1516 12 view .LVU742
 2411 001a 1820     		movs	r0, #24
 2412              	.LVL242:
1516:Drivers/BMP580/bmp5.c ****     fifo_frame_sel = BMP5_GET_BITS_POS_0(fifo_frame_sel, BMP5_FIFO_FRAME_SEL);
 2413              		.loc 1 1516 12 view .LVU743
 2414 001c FFF7FEFF 		bl	bmp5_get_regs
 2415              	.LVL243:
1517:Drivers/BMP580/bmp5.c **** 
 2416              		.loc 1 1517 5 is_stmt 1 view .LVU744
1517:Drivers/BMP580/bmp5.c **** 
 2417              		.loc 1 1517 22 is_stmt 0 view .LVU745
 2418 0020 9DF80F30 		ldrb	r3, [sp, #15]	@ zero_extendqisi2
 2419 0024 03F00303 		and	r3, r3, #3
1517:Drivers/BMP580/bmp5.c **** 
 2420              		.loc 1 1517 20 view .LVU746
 2421 0028 8DF80F30 		strb	r3, [sp, #15]
1519:Drivers/BMP580/bmp5.c ****     {
 2422              		.loc 1 1519 5 is_stmt 1 view .LVU747
1519:Drivers/BMP580/bmp5.c ****     {
 2423              		.loc 1 1519 8 is_stmt 0 view .LVU748
 2424 002c 80B1     		cbz	r0, .L156
 2425              	.LVL244:
 2426              	.L153:
1532:Drivers/BMP580/bmp5.c ****         (iir_cfg.set_iir_t == BMP5_IIR_FILTER_BYPASS) && (iir_cfg.set_iir_p == BMP5_IIR_FILTER_BYPA
 2427              		.loc 1 1532 5 is_stmt 1 view .LVU749
1532:Drivers/BMP580/bmp5.c ****         (iir_cfg.set_iir_t == BMP5_IIR_FILTER_BYPASS) && (iir_cfg.set_iir_p == BMP5_IIR_FILTER_BYPA
 2428              		.loc 1 1532 27 is_stmt 0 view .LVU750
 2429 002e 9DF80730 		ldrb	r3, [sp, #7]	@ zero_extendqisi2
1532:Drivers/BMP580/bmp5.c ****         (iir_cfg.set_iir_t == BMP5_IIR_FILTER_BYPASS) && (iir_cfg.set_iir_p == BMP5_IIR_FILTER_BYPA
 2430              		.loc 1 1532 8 view .LVU751
 2431 0032 182B     		cmp	r3, #24
 2432 0034 0AD9     		bls	.L154
1532:Drivers/BMP580/bmp5.c ****         (iir_cfg.set_iir_t == BMP5_IIR_FILTER_BYPASS) && (iir_cfg.set_iir_p == BMP5_IIR_FILTER_BYPA
 2433              		.loc 1 1532 69 discriminator 1 view .LVU752
 2434 0036 9DF80F30 		ldrb	r3, [sp, #15]	@ zero_extendqisi2
1532:Drivers/BMP580/bmp5.c ****         (iir_cfg.set_iir_t == BMP5_IIR_FILTER_BYPASS) && (iir_cfg.set_iir_p == BMP5_IIR_FILTER_BYPA
 2435              		.loc 1 1532 50 discriminator 1 view .LVU753
 2436 003a 3BB9     		cbnz	r3, .L154
1533:Drivers/BMP580/bmp5.c ****     {
 2437              		.loc 1 1533 17 view .LVU754
 2438 003c 9DF80830 		ldrb	r3, [sp, #8]	@ zero_extendqisi2
1532:Drivers/BMP580/bmp5.c ****         (iir_cfg.set_iir_t == BMP5_IIR_FILTER_BYPASS) && (iir_cfg.set_iir_p == BMP5_IIR_FILTER_BYPA
 2439              		.loc 1 1532 86 discriminator 2 view .LVU755
 2440 0040 23B9     		cbnz	r3, .L154
1533:Drivers/BMP580/bmp5.c ****     {
 2441              		.loc 1 1533 66 view .LVU756
 2442 0042 9DF80930 		ldrb	r3, [sp, #9]	@ zero_extendqisi2
1533:Drivers/BMP580/bmp5.c ****     {
 2443              		.loc 1 1533 55 view .LVU757
 2444 0046 0BB9     		cbnz	r3, .L154
1535:Drivers/BMP580/bmp5.c ****     }
ARM GAS  C:\Users\Nathan\AppData\Local\Temp\ccGCFMYR.s 			page 91


 2445              		.loc 1 1535 9 is_stmt 1 view .LVU758
1535:Drivers/BMP580/bmp5.c ****     }
 2446              		.loc 1 1535 20 is_stmt 0 view .LVU759
 2447 0048 0423     		movs	r3, #4
 2448 004a 2B70     		strb	r3, [r5]
 2449              	.L154:
1538:Drivers/BMP580/bmp5.c **** }
 2450              		.loc 1 1538 5 is_stmt 1 view .LVU760
1539:Drivers/BMP580/bmp5.c **** 
 2451              		.loc 1 1539 1 is_stmt 0 view .LVU761
 2452 004c 05B0     		add	sp, sp, #20
 2453              		.cfi_remember_state
 2454              		.cfi_def_cfa_offset 12
 2455              		@ sp needed
 2456 004e 30BD     		pop	{r4, r5, pc}
 2457              	.LVL245:
 2458              	.L156:
 2459              		.cfi_restore_state
1521:Drivers/BMP580/bmp5.c **** 
 2460              		.loc 1 1521 9 is_stmt 1 view .LVU762
1521:Drivers/BMP580/bmp5.c **** 
 2461              		.loc 1 1521 16 is_stmt 0 view .LVU763
 2462 0050 2146     		mov	r1, r4
 2463 0052 01A8     		add	r0, sp, #4
 2464 0054 FFF7FEFF 		bl	bmp5_get_osr_odr_press_config
 2465              	.LVL246:
1523:Drivers/BMP580/bmp5.c ****         {
 2466              		.loc 1 1523 9 is_stmt 1 view .LVU764
1523:Drivers/BMP580/bmp5.c ****         {
 2467              		.loc 1 1523 12 is_stmt 0 view .LVU765
 2468 0058 0028     		cmp	r0, #0
 2469 005a E8D1     		bne	.L153
1525:Drivers/BMP580/bmp5.c ****         }
 2470              		.loc 1 1525 13 is_stmt 1 view .LVU766
1525:Drivers/BMP580/bmp5.c ****         }
 2471              		.loc 1 1525 20 is_stmt 0 view .LVU767
 2472 005c 2146     		mov	r1, r4
 2473 005e 02A8     		add	r0, sp, #8
 2474              	.LVL247:
1525:Drivers/BMP580/bmp5.c ****         }
 2475              		.loc 1 1525 20 view .LVU768
 2476 0060 FFF7FEFF 		bl	bmp5_get_iir_config
 2477              	.LVL248:
 2478 0064 E3E7     		b	.L153
 2479              		.cfi_endproc
 2480              	.LFE27:
 2482              		.section	.text.bmp5_get_power_mode,"ax",%progbits
 2483              		.align	1
 2484              		.global	bmp5_get_power_mode
 2485              		.syntax unified
 2486              		.thumb
 2487              		.thumb_func
 2489              	bmp5_get_power_mode:
 2490              	.LVL249:
 2491              	.LFB5:
 489:Drivers/BMP580/bmp5.c ****     int8_t rslt;
 2492              		.loc 1 489 1 is_stmt 1 view -0
ARM GAS  C:\Users\Nathan\AppData\Local\Temp\ccGCFMYR.s 			page 92


 2493              		.cfi_startproc
 2494              		@ args = 0, pretend = 0, frame = 8
 2495              		@ frame_needed = 0, uses_anonymous_args = 0
 490:Drivers/BMP580/bmp5.c ****     uint8_t deep_dis;
 2496              		.loc 1 490 5 view .LVU770
 491:Drivers/BMP580/bmp5.c ****     uint8_t reg_data;
 2497              		.loc 1 491 5 view .LVU771
 492:Drivers/BMP580/bmp5.c ****     uint8_t pwrmode;
 2498              		.loc 1 492 5 view .LVU772
 493:Drivers/BMP580/bmp5.c **** 
 2499              		.loc 1 493 5 view .LVU773
 495:Drivers/BMP580/bmp5.c ****     {
 2500              		.loc 1 495 5 view .LVU774
 495:Drivers/BMP580/bmp5.c ****     {
 2501              		.loc 1 495 8 is_stmt 0 view .LVU775
 2502 0000 88B3     		cbz	r0, .L165
 489:Drivers/BMP580/bmp5.c ****     int8_t rslt;
 2503              		.loc 1 489 1 view .LVU776
 2504 0002 30B5     		push	{r4, r5, lr}
 2505              		.cfi_def_cfa_offset 12
 2506              		.cfi_offset 4, -12
 2507              		.cfi_offset 5, -8
 2508              		.cfi_offset 14, -4
 2509 0004 83B0     		sub	sp, sp, #12
 2510              		.cfi_def_cfa_offset 24
 2511 0006 0D46     		mov	r5, r1
 2512 0008 0446     		mov	r4, r0
 498:Drivers/BMP580/bmp5.c **** 
 2513              		.loc 1 498 9 is_stmt 1 view .LVU777
 498:Drivers/BMP580/bmp5.c **** 
 2514              		.loc 1 498 16 is_stmt 0 view .LVU778
 2515 000a 0B46     		mov	r3, r1
 2516 000c 0122     		movs	r2, #1
 2517 000e 0DF10701 		add	r1, sp, #7
 2518              	.LVL250:
 498:Drivers/BMP580/bmp5.c **** 
 2519              		.loc 1 498 16 view .LVU779
 2520 0012 3720     		movs	r0, #55
 2521              	.LVL251:
 498:Drivers/BMP580/bmp5.c **** 
 2522              		.loc 1 498 16 view .LVU780
 2523 0014 FFF7FEFF 		bl	bmp5_get_regs
 2524              	.LVL252:
 500:Drivers/BMP580/bmp5.c ****         {
 2525              		.loc 1 500 9 is_stmt 1 view .LVU781
 500:Drivers/BMP580/bmp5.c ****         {
 2526              		.loc 1 500 12 is_stmt 0 view .LVU782
 2527 0018 58B9     		cbnz	r0, .L158
 502:Drivers/BMP580/bmp5.c **** 
 2528              		.loc 1 502 13 is_stmt 1 view .LVU783
 502:Drivers/BMP580/bmp5.c **** 
 2529              		.loc 1 502 23 is_stmt 0 view .LVU784
 2530 001a 9DF80720 		ldrb	r2, [sp, #7]	@ zero_extendqisi2
 502:Drivers/BMP580/bmp5.c **** 
 2531              		.loc 1 502 21 view .LVU785
 2532 001e 02F00303 		and	r3, r2, #3
 2533              	.LVL253:
ARM GAS  C:\Users\Nathan\AppData\Local\Temp\ccGCFMYR.s 			page 93


 504:Drivers/BMP580/bmp5.c ****             {
 2534              		.loc 1 504 13 is_stmt 1 view .LVU786
 2535 0022 022B     		cmp	r3, #2
 2536 0024 1CD0     		beq	.L159
 2537 0026 09D8     		bhi	.L160
 2538 0028 83B1     		cbz	r3, .L161
 2539 002a 012B     		cmp	r3, #1
 2540 002c 03D1     		bne	.L170
 527:Drivers/BMP580/bmp5.c ****                     break;
 2541              		.loc 1 527 21 view .LVU787
 527:Drivers/BMP580/bmp5.c ****                     break;
 2542              		.loc 1 527 32 is_stmt 0 view .LVU788
 2543 002e 0123     		movs	r3, #1
 2544              	.LVL254:
 527:Drivers/BMP580/bmp5.c ****                     break;
 2545              		.loc 1 527 32 view .LVU789
 2546 0030 2370     		strb	r3, [r4]
 528:Drivers/BMP580/bmp5.c ****                 case BMP5_POWERMODE_FORCED:
 2547              		.loc 1 528 21 is_stmt 1 view .LVU790
 2548              	.LVL255:
 2549              	.L158:
 546:Drivers/BMP580/bmp5.c **** }
 2550              		.loc 1 546 5 view .LVU791
 547:Drivers/BMP580/bmp5.c **** 
 2551              		.loc 1 547 1 is_stmt 0 view .LVU792
 2552 0032 03B0     		add	sp, sp, #12
 2553              		.cfi_remember_state
 2554              		.cfi_def_cfa_offset 12
 2555              		@ sp needed
 2556 0034 30BD     		pop	{r4, r5, pc}
 2557              	.LVL256:
 2558              	.L170:
 2559              		.cfi_restore_state
 504:Drivers/BMP580/bmp5.c ****             {
 2560              		.loc 1 504 13 view .LVU793
 2561 0036 6FF00600 		mvn	r0, #6
 2562              	.LVL257:
 504:Drivers/BMP580/bmp5.c ****             {
 2563              		.loc 1 504 13 view .LVU794
 2564 003a FAE7     		b	.L158
 2565              	.LVL258:
 2566              	.L160:
 504:Drivers/BMP580/bmp5.c ****             {
 2567              		.loc 1 504 13 view .LVU795
 2568 003c 032B     		cmp	r3, #3
 2569 003e 02D1     		bne	.L171
 533:Drivers/BMP580/bmp5.c ****                     break;
 2570              		.loc 1 533 21 is_stmt 1 view .LVU796
 533:Drivers/BMP580/bmp5.c ****                     break;
 2571              		.loc 1 533 32 is_stmt 0 view .LVU797
 2572 0040 0323     		movs	r3, #3
 2573              	.LVL259:
 533:Drivers/BMP580/bmp5.c ****                     break;
 2574              		.loc 1 533 32 view .LVU798
 2575 0042 2370     		strb	r3, [r4]
 534:Drivers/BMP580/bmp5.c ****                 default:
 2576              		.loc 1 534 21 is_stmt 1 view .LVU799
ARM GAS  C:\Users\Nathan\AppData\Local\Temp\ccGCFMYR.s 			page 94


 2577 0044 F5E7     		b	.L158
 2578              	.LVL260:
 2579              	.L171:
 504:Drivers/BMP580/bmp5.c ****             {
 2580              		.loc 1 504 13 is_stmt 0 view .LVU800
 2581 0046 6FF00600 		mvn	r0, #6
 2582              	.LVL261:
 504:Drivers/BMP580/bmp5.c ****             {
 2583              		.loc 1 504 13 view .LVU801
 2584 004a F2E7     		b	.L158
 2585              	.LVL262:
 2586              	.L161:
 509:Drivers/BMP580/bmp5.c **** 
 2587              		.loc 1 509 21 is_stmt 1 view .LVU802
 516:Drivers/BMP580/bmp5.c ****                     {
 2588              		.loc 1 516 21 view .LVU803
 516:Drivers/BMP580/bmp5.c ****                     {
 2589              		.loc 1 516 24 is_stmt 0 view .LVU804
 2590 004c D209     		lsrs	r2, r2, #7
 2591              	.LVL263:
 516:Drivers/BMP580/bmp5.c ****                     {
 2592              		.loc 1 516 24 view .LVU805
 2593 004e 02D0     		beq	.L172
 522:Drivers/BMP580/bmp5.c ****                     }
 2594              		.loc 1 522 25 is_stmt 1 view .LVU806
 522:Drivers/BMP580/bmp5.c ****                     }
 2595              		.loc 1 522 36 is_stmt 0 view .LVU807
 2596 0050 0023     		movs	r3, #0
 2597              	.LVL264:
 522:Drivers/BMP580/bmp5.c ****                     }
 2598              		.loc 1 522 36 view .LVU808
 2599 0052 2370     		strb	r3, [r4]
 2600              	.LVL265:
 522:Drivers/BMP580/bmp5.c ****                     }
 2601              		.loc 1 522 36 view .LVU809
 2602 0054 EDE7     		b	.L158
 2603              	.LVL266:
 2604              	.L172:
 518:Drivers/BMP580/bmp5.c ****                     }
 2605              		.loc 1 518 25 is_stmt 1 view .LVU810
 518:Drivers/BMP580/bmp5.c ****                     }
 2606              		.loc 1 518 32 is_stmt 0 view .LVU811
 2607 0056 2946     		mov	r1, r5
 2608 0058 2046     		mov	r0, r4
 2609              	.LVL267:
 518:Drivers/BMP580/bmp5.c ****                     }
 2610              		.loc 1 518 32 view .LVU812
 2611 005a FFF7FEFF 		bl	check_deepstandby_mode
 2612              	.LVL268:
 518:Drivers/BMP580/bmp5.c ****                     }
 2613              		.loc 1 518 32 view .LVU813
 2614 005e E8E7     		b	.L158
 2615              	.LVL269:
 2616              	.L159:
 530:Drivers/BMP580/bmp5.c ****                     break;
 2617              		.loc 1 530 21 is_stmt 1 view .LVU814
 530:Drivers/BMP580/bmp5.c ****                     break;
ARM GAS  C:\Users\Nathan\AppData\Local\Temp\ccGCFMYR.s 			page 95


 2618              		.loc 1 530 32 is_stmt 0 view .LVU815
 2619 0060 0223     		movs	r3, #2
 2620              	.LVL270:
 530:Drivers/BMP580/bmp5.c ****                     break;
 2621              		.loc 1 530 32 view .LVU816
 2622 0062 2370     		strb	r3, [r4]
 531:Drivers/BMP580/bmp5.c ****                 case BMP5_POWERMODE_CONTINOUS:
 2623              		.loc 1 531 21 is_stmt 1 view .LVU817
 2624 0064 E5E7     		b	.L158
 2625              	.LVL271:
 2626              	.L165:
 2627              		.cfi_def_cfa_offset 0
 2628              		.cfi_restore 4
 2629              		.cfi_restore 5
 2630              		.cfi_restore 14
 543:Drivers/BMP580/bmp5.c ****     }
 2631              		.loc 1 543 14 is_stmt 0 view .LVU818
 2632 0066 4FF0FF30 		mov	r0, #-1
 2633              	.LVL272:
 546:Drivers/BMP580/bmp5.c **** }
 2634              		.loc 1 546 5 is_stmt 1 view .LVU819
 547:Drivers/BMP580/bmp5.c **** 
 2635              		.loc 1 547 1 is_stmt 0 view .LVU820
 2636 006a 7047     		bx	lr
 2637              		.cfi_endproc
 2638              	.LFE5:
 2640              		.section	.text.bmp5_set_power_mode,"ax",%progbits
 2641              		.align	1
 2642              		.global	bmp5_set_power_mode
 2643              		.syntax unified
 2644              		.thumb
 2645              		.thumb_func
 2647              	bmp5_set_power_mode:
 2648              	.LVL273:
 2649              	.LFB6:
 553:Drivers/BMP580/bmp5.c ****     int8_t rslt;
 2650              		.loc 1 553 1 is_stmt 1 view -0
 2651              		.cfi_startproc
 2652              		@ args = 0, pretend = 0, frame = 8
 2653              		@ frame_needed = 0, uses_anonymous_args = 0
 553:Drivers/BMP580/bmp5.c ****     int8_t rslt;
 2654              		.loc 1 553 1 is_stmt 0 view .LVU822
 2655 0000 70B5     		push	{r4, r5, r6, lr}
 2656              		.cfi_def_cfa_offset 16
 2657              		.cfi_offset 4, -16
 2658              		.cfi_offset 5, -12
 2659              		.cfi_offset 6, -8
 2660              		.cfi_offset 14, -4
 2661 0002 82B0     		sub	sp, sp, #8
 2662              		.cfi_def_cfa_offset 24
 2663 0004 0646     		mov	r6, r0
 2664 0006 0C46     		mov	r4, r1
 554:Drivers/BMP580/bmp5.c ****     enum bmp5_powermode lst_pwrmode;
 2665              		.loc 1 554 5 is_stmt 1 view .LVU823
 555:Drivers/BMP580/bmp5.c **** 
 2666              		.loc 1 555 5 view .LVU824
 558:Drivers/BMP580/bmp5.c **** 
ARM GAS  C:\Users\Nathan\AppData\Local\Temp\ccGCFMYR.s 			page 96


 2667              		.loc 1 558 5 view .LVU825
 558:Drivers/BMP580/bmp5.c **** 
 2668              		.loc 1 558 12 is_stmt 0 view .LVU826
 2669 0008 0DF10700 		add	r0, sp, #7
 2670              	.LVL274:
 558:Drivers/BMP580/bmp5.c **** 
 2671              		.loc 1 558 12 view .LVU827
 2672 000c FFF7FEFF 		bl	bmp5_get_power_mode
 2673              	.LVL275:
 560:Drivers/BMP580/bmp5.c ****     {
 2674              		.loc 1 560 5 is_stmt 1 view .LVU828
 560:Drivers/BMP580/bmp5.c ****     {
 2675              		.loc 1 560 8 is_stmt 0 view .LVU829
 2676 0010 0546     		mov	r5, r0
 2677 0012 40B9     		cbnz	r0, .L174
 565:Drivers/BMP580/bmp5.c ****         {
 2678              		.loc 1 565 9 is_stmt 1 view .LVU830
 565:Drivers/BMP580/bmp5.c ****         {
 2679              		.loc 1 565 25 is_stmt 0 view .LVU831
 2680 0014 9DF80730 		ldrb	r3, [sp, #7]	@ zero_extendqisi2
 565:Drivers/BMP580/bmp5.c ****         {
 2681              		.loc 1 565 12 view .LVU832
 2682 0018 43B9     		cbnz	r3, .L181
 2683              	.LVL276:
 2684              	.L175:
 580:Drivers/BMP580/bmp5.c ****         {
 2685              		.loc 1 580 9 is_stmt 1 view .LVU833
 580:Drivers/BMP580/bmp5.c ****         {
 2686              		.loc 1 580 12 is_stmt 0 view .LVU834
 2687 001a 25B9     		cbnz	r5, .L174
 582:Drivers/BMP580/bmp5.c ****             {
 2688              		.loc 1 582 13 is_stmt 1 view .LVU835
 2689 001c 032E     		cmp	r6, #3
 2690 001e 11D8     		bhi	.L176
 2691 0020 73B2     		sxtb	r3, r6
 2692 0022 B3B9     		cbnz	r3, .L177
 2693 0024 DEB9     		cbnz	r6, .L182
 2694              	.LVL277:
 2695              	.L174:
 605:Drivers/BMP580/bmp5.c **** }
 2696              		.loc 1 605 5 view .LVU836
 606:Drivers/BMP580/bmp5.c **** 
 2697              		.loc 1 606 1 is_stmt 0 view .LVU837
 2698 0026 2846     		mov	r0, r5
 2699 0028 02B0     		add	sp, sp, #8
 2700              		.cfi_remember_state
 2701              		.cfi_def_cfa_offset 16
 2702              		@ sp needed
 2703 002a 70BD     		pop	{r4, r5, r6, pc}
 2704              	.LVL278:
 2705              	.L181:
 2706              		.cfi_restore_state
 570:Drivers/BMP580/bmp5.c **** 
 2707              		.loc 1 570 13 is_stmt 1 view .LVU838
 570:Drivers/BMP580/bmp5.c **** 
 2708              		.loc 1 570 20 is_stmt 0 view .LVU839
 2709 002c 2146     		mov	r1, r4
ARM GAS  C:\Users\Nathan\AppData\Local\Temp\ccGCFMYR.s 			page 97


 2710 002e FFF7FEFF 		bl	set_power_mode
 2711              	.LVL279:
 572:Drivers/BMP580/bmp5.c ****             {
 2712              		.loc 1 572 13 is_stmt 1 view .LVU840
 572:Drivers/BMP580/bmp5.c ****             {
 2713              		.loc 1 572 16 is_stmt 0 view .LVU841
 2714 0032 0546     		mov	r5, r0
 2715 0034 0028     		cmp	r0, #0
 2716 0036 F6D1     		bne	.L174
 575:Drivers/BMP580/bmp5.c ****             }
 2717              		.loc 1 575 17 is_stmt 1 view .LVU842
 575:Drivers/BMP580/bmp5.c ****             }
 2718              		.loc 1 575 20 is_stmt 0 view .LVU843
 2719 0038 2369     		ldr	r3, [r4, #16]
 575:Drivers/BMP580/bmp5.c ****             }
 2720              		.loc 1 575 17 view .LVU844
 2721 003a 6168     		ldr	r1, [r4, #4]
 2722 003c 40F6C410 		movw	r0, #2500
 2723              	.LVL280:
 575:Drivers/BMP580/bmp5.c ****             }
 2724              		.loc 1 575 17 view .LVU845
 2725 0040 9847     		blx	r3
 2726              	.LVL281:
 2727 0042 EAE7     		b	.L175
 2728              	.L176:
 582:Drivers/BMP580/bmp5.c ****             {
 2729              		.loc 1 582 13 view .LVU846
 2730 0044 042E     		cmp	r6, #4
 2731 0046 0ED1     		bne	.L179
 585:Drivers/BMP580/bmp5.c ****                     break;
 2732              		.loc 1 585 21 is_stmt 1 view .LVU847
 585:Drivers/BMP580/bmp5.c ****                     break;
 2733              		.loc 1 585 28 is_stmt 0 view .LVU848
 2734 0048 2046     		mov	r0, r4
 2735 004a FFF7FEFF 		bl	set_deep_standby_mode
 2736              	.LVL282:
 2737 004e 0546     		mov	r5, r0
 2738              	.LVL283:
 586:Drivers/BMP580/bmp5.c ****                 case BMP5_POWERMODE_STANDBY:
 2739              		.loc 1 586 21 is_stmt 1 view .LVU849
 2740 0050 E9E7     		b	.L174
 2741              	.L177:
 596:Drivers/BMP580/bmp5.c ****                     break;
 2742              		.loc 1 596 21 view .LVU850
 596:Drivers/BMP580/bmp5.c ****                     break;
 2743              		.loc 1 596 28 is_stmt 0 view .LVU851
 2744 0052 2146     		mov	r1, r4
 2745 0054 3046     		mov	r0, r6
 2746 0056 FFF7FEFF 		bl	set_power_mode
 2747              	.LVL284:
 2748 005a 0546     		mov	r5, r0
 2749              	.LVL285:
 597:Drivers/BMP580/bmp5.c ****                 default:
 2750              		.loc 1 597 21 is_stmt 1 view .LVU852
 2751 005c E3E7     		b	.L174
 2752              	.L182:
 599:Drivers/BMP580/bmp5.c ****                     break;
ARM GAS  C:\Users\Nathan\AppData\Local\Temp\ccGCFMYR.s 			page 98


 2753              		.loc 1 599 26 is_stmt 0 view .LVU853
 2754 005e 6FF00603 		mvn	r3, #6
 2755 0062 1D46     		mov	r5, r3
 2756              	.LVL286:
 599:Drivers/BMP580/bmp5.c ****                     break;
 2757              		.loc 1 599 26 view .LVU854
 2758 0064 DFE7     		b	.L174
 2759              	.LVL287:
 2760              	.L179:
 599:Drivers/BMP580/bmp5.c ****                     break;
 2761              		.loc 1 599 26 view .LVU855
 2762 0066 6FF00603 		mvn	r3, #6
 2763 006a 1D46     		mov	r5, r3
 2764              	.LVL288:
 599:Drivers/BMP580/bmp5.c ****                     break;
 2765              		.loc 1 599 26 view .LVU856
 2766 006c DBE7     		b	.L174
 2767              		.cfi_endproc
 2768              	.LFE6:
 2770              		.section	.text.set_standby_mode,"ax",%progbits
 2771              		.align	1
 2772              		.syntax unified
 2773              		.thumb
 2774              		.thumb_func
 2776              	set_standby_mode:
 2777              	.LVL289:
 2778              	.LFB30:
1625:Drivers/BMP580/bmp5.c ****     int8_t rslt;
 2779              		.loc 1 1625 1 is_stmt 1 view -0
 2780              		.cfi_startproc
 2781              		@ args = 0, pretend = 0, frame = 8
 2782              		@ frame_needed = 0, uses_anonymous_args = 0
1625:Drivers/BMP580/bmp5.c ****     int8_t rslt;
 2783              		.loc 1 1625 1 is_stmt 0 view .LVU858
 2784 0000 10B5     		push	{r4, lr}
 2785              		.cfi_def_cfa_offset 8
 2786              		.cfi_offset 4, -8
 2787              		.cfi_offset 14, -4
 2788 0002 82B0     		sub	sp, sp, #8
 2789              		.cfi_def_cfa_offset 16
 2790 0004 0146     		mov	r1, r0
 2791 0006 0446     		mov	r4, r0
1626:Drivers/BMP580/bmp5.c ****     enum bmp5_powermode pwrmode;
 2792              		.loc 1 1626 5 is_stmt 1 view .LVU859
1627:Drivers/BMP580/bmp5.c **** 
 2793              		.loc 1 1627 5 view .LVU860
1629:Drivers/BMP580/bmp5.c **** 
 2794              		.loc 1 1629 5 view .LVU861
1629:Drivers/BMP580/bmp5.c **** 
 2795              		.loc 1 1629 12 is_stmt 0 view .LVU862
 2796 0008 0DF10700 		add	r0, sp, #7
 2797              	.LVL290:
1629:Drivers/BMP580/bmp5.c **** 
 2798              		.loc 1 1629 12 view .LVU863
 2799 000c FFF7FEFF 		bl	bmp5_get_power_mode
 2800              	.LVL291:
1631:Drivers/BMP580/bmp5.c ****     {
ARM GAS  C:\Users\Nathan\AppData\Local\Temp\ccGCFMYR.s 			page 99


 2801              		.loc 1 1631 5 is_stmt 1 view .LVU864
1631:Drivers/BMP580/bmp5.c ****     {
 2802              		.loc 1 1631 8 is_stmt 0 view .LVU865
 2803 0010 18B9     		cbnz	r0, .L184
1633:Drivers/BMP580/bmp5.c ****         {
 2804              		.loc 1 1633 9 is_stmt 1 view .LVU866
1633:Drivers/BMP580/bmp5.c ****         {
 2805              		.loc 1 1633 21 is_stmt 0 view .LVU867
 2806 0012 9DF80730 		ldrb	r3, [sp, #7]	@ zero_extendqisi2
1633:Drivers/BMP580/bmp5.c ****         {
 2807              		.loc 1 1633 12 view .LVU868
 2808 0016 042B     		cmp	r3, #4
 2809 0018 01D0     		beq	.L186
 2810              	.L184:
 2811              	.LVL292:
1639:Drivers/BMP580/bmp5.c **** }
 2812              		.loc 1 1639 5 is_stmt 1 view .LVU869
1640:Drivers/BMP580/bmp5.c **** 
 2813              		.loc 1 1640 1 is_stmt 0 view .LVU870
 2814 001a 02B0     		add	sp, sp, #8
 2815              		.cfi_remember_state
 2816              		.cfi_def_cfa_offset 8
 2817              		@ sp needed
 2818 001c 10BD     		pop	{r4, pc}
 2819              	.LVL293:
 2820              	.L186:
 2821              		.cfi_restore_state
1635:Drivers/BMP580/bmp5.c ****         }
 2822              		.loc 1 1635 13 is_stmt 1 view .LVU871
1635:Drivers/BMP580/bmp5.c ****         }
 2823              		.loc 1 1635 20 is_stmt 0 view .LVU872
 2824 001e 2146     		mov	r1, r4
 2825 0020 0020     		movs	r0, #0
 2826 0022 FFF7FEFF 		bl	bmp5_set_power_mode
 2827              	.LVL294:
 2828 0026 F8E7     		b	.L184
 2829              		.cfi_endproc
 2830              	.LFE30:
 2832              		.section	.text.bmp5_set_osr_odr_press_config,"ax",%progbits
 2833              		.align	1
 2834              		.global	bmp5_set_osr_odr_press_config
 2835              		.syntax unified
 2836              		.thumb
 2837              		.thumb_func
 2839              	bmp5_set_osr_odr_press_config:
 2840              	.LVL295:
 2841              	.LFB11:
 793:Drivers/BMP580/bmp5.c ****     /* Variable to store the function result */
 2842              		.loc 1 793 1 is_stmt 1 view -0
 2843              		.cfi_startproc
 2844              		@ args = 0, pretend = 0, frame = 8
 2845              		@ frame_needed = 0, uses_anonymous_args = 0
 793:Drivers/BMP580/bmp5.c ****     /* Variable to store the function result */
 2846              		.loc 1 793 1 is_stmt 0 view .LVU874
 2847 0000 30B5     		push	{r4, r5, lr}
 2848              		.cfi_def_cfa_offset 12
 2849              		.cfi_offset 4, -12
ARM GAS  C:\Users\Nathan\AppData\Local\Temp\ccGCFMYR.s 			page 100


 2850              		.cfi_offset 5, -8
 2851              		.cfi_offset 14, -4
 2852 0002 83B0     		sub	sp, sp, #12
 2853              		.cfi_def_cfa_offset 24
 795:Drivers/BMP580/bmp5.c **** 
 2854              		.loc 1 795 5 is_stmt 1 view .LVU875
 2855              	.LVL296:
 798:Drivers/BMP580/bmp5.c **** 
 2856              		.loc 1 798 5 view .LVU876
 798:Drivers/BMP580/bmp5.c **** 
 2857              		.loc 1 798 13 is_stmt 0 view .LVU877
 2858 0004 0023     		movs	r3, #0
 2859 0006 ADF80430 		strh	r3, [sp, #4]	@ movhi
 800:Drivers/BMP580/bmp5.c ****     {
 2860              		.loc 1 800 5 is_stmt 1 view .LVU878
 800:Drivers/BMP580/bmp5.c ****     {
 2861              		.loc 1 800 8 is_stmt 0 view .LVU879
 2862 000a 0028     		cmp	r0, #0
 2863 000c 43D0     		beq	.L190
 2864 000e 0D46     		mov	r5, r1
 2865 0010 0446     		mov	r4, r0
 807:Drivers/BMP580/bmp5.c ****         {
 2866              		.loc 1 807 9 is_stmt 1 view .LVU880
 807:Drivers/BMP580/bmp5.c ****         {
 2867              		.loc 1 807 30 is_stmt 0 view .LVU881
 2868 0012 C378     		ldrb	r3, [r0, #3]	@ zero_extendqisi2
 807:Drivers/BMP580/bmp5.c ****         {
 2869              		.loc 1 807 12 view .LVU882
 2870 0014 172B     		cmp	r3, #23
 2871 0016 04D8     		bhi	.L189
 809:Drivers/BMP580/bmp5.c ****         }
 2872              		.loc 1 809 13 is_stmt 1 view .LVU883
 809:Drivers/BMP580/bmp5.c ****         }
 2873              		.loc 1 809 20 is_stmt 0 view .LVU884
 2874 0018 0846     		mov	r0, r1
 2875              	.LVL297:
 809:Drivers/BMP580/bmp5.c ****         }
 2876              		.loc 1 809 20 view .LVU885
 2877 001a FFF7FEFF 		bl	set_standby_mode
 2878              	.LVL298:
 812:Drivers/BMP580/bmp5.c ****         {
 2879              		.loc 1 812 9 is_stmt 1 view .LVU886
 812:Drivers/BMP580/bmp5.c ****         {
 2880              		.loc 1 812 12 is_stmt 0 view .LVU887
 2881 001e 0346     		mov	r3, r0
 2882 0020 38B9     		cbnz	r0, .L188
 2883              	.LVL299:
 2884              	.L189:
 814:Drivers/BMP580/bmp5.c **** 
 2885              		.loc 1 814 13 is_stmt 1 view .LVU888
 814:Drivers/BMP580/bmp5.c **** 
 2886              		.loc 1 814 20 is_stmt 0 view .LVU889
 2887 0022 2B46     		mov	r3, r5
 2888 0024 0222     		movs	r2, #2
 2889 0026 01A9     		add	r1, sp, #4
 2890 0028 3620     		movs	r0, #54
 2891 002a FFF7FEFF 		bl	bmp5_get_regs
ARM GAS  C:\Users\Nathan\AppData\Local\Temp\ccGCFMYR.s 			page 101


 2892              	.LVL300:
 816:Drivers/BMP580/bmp5.c ****             {
 2893              		.loc 1 816 13 is_stmt 1 view .LVU890
 816:Drivers/BMP580/bmp5.c ****             {
 2894              		.loc 1 816 16 is_stmt 0 view .LVU891
 2895 002e 0346     		mov	r3, r0
 2896 0030 10B1     		cbz	r0, .L192
 2897              	.LVL301:
 2898              	.L188:
 833:Drivers/BMP580/bmp5.c **** }
 2899              		.loc 1 833 5 is_stmt 1 view .LVU892
 834:Drivers/BMP580/bmp5.c **** 
 2900              		.loc 1 834 1 is_stmt 0 view .LVU893
 2901 0032 1846     		mov	r0, r3
 2902 0034 03B0     		add	sp, sp, #12
 2903              		.cfi_remember_state
 2904              		.cfi_def_cfa_offset 12
 2905              		@ sp needed
 2906 0036 30BD     		pop	{r4, r5, pc}
 2907              	.LVL302:
 2908              	.L192:
 2909              		.cfi_restore_state
 818:Drivers/BMP580/bmp5.c ****                 reg_data[0] = BMP5_SET_BITSLICE(reg_data[0], BMP5_PRESS_OS, osr_odr_press_cfg->osr_
 2910              		.loc 1 818 17 is_stmt 1 view .LVU894
 818:Drivers/BMP580/bmp5.c ****                 reg_data[0] = BMP5_SET_BITSLICE(reg_data[0], BMP5_PRESS_OS, osr_odr_press_cfg->osr_
 2911              		.loc 1 818 31 is_stmt 0 view .LVU895
 2912 0038 9DF80420 		ldrb	r2, [sp, #4]	@ zero_extendqisi2
 2913 003c 2378     		ldrb	r3, [r4]	@ zero_extendqisi2
 2914 003e 03F00703 		and	r3, r3, #7
 2915 0042 22F00702 		bic	r2, r2, #7
 2916 0046 1343     		orrs	r3, r3, r2
 818:Drivers/BMP580/bmp5.c ****                 reg_data[0] = BMP5_SET_BITSLICE(reg_data[0], BMP5_PRESS_OS, osr_odr_press_cfg->osr_
 2917              		.loc 1 818 29 view .LVU896
 2918 0048 8DF80430 		strb	r3, [sp, #4]
 819:Drivers/BMP580/bmp5.c ****                 reg_data[0] = BMP5_SET_BITSLICE(reg_data[0], BMP5_PRESS_EN, osr_odr_press_cfg->pres
 2919              		.loc 1 819 17 is_stmt 1 view .LVU897
 819:Drivers/BMP580/bmp5.c ****                 reg_data[0] = BMP5_SET_BITSLICE(reg_data[0], BMP5_PRESS_EN, osr_odr_press_cfg->pres
 2920              		.loc 1 819 31 is_stmt 0 view .LVU898
 2921 004c 6278     		ldrb	r2, [r4, #1]	@ zero_extendqisi2
 2922 004e D200     		lsls	r2, r2, #3
 2923 0050 02F03802 		and	r2, r2, #56
 2924 0054 23F03803 		bic	r3, r3, #56
 2925 0058 1343     		orrs	r3, r3, r2
 819:Drivers/BMP580/bmp5.c ****                 reg_data[0] = BMP5_SET_BITSLICE(reg_data[0], BMP5_PRESS_EN, osr_odr_press_cfg->pres
 2926              		.loc 1 819 29 view .LVU899
 2927 005a 8DF80430 		strb	r3, [sp, #4]
 820:Drivers/BMP580/bmp5.c ****                 reg_data[1] = BMP5_SET_BITSLICE(reg_data[1], BMP5_ODR, osr_odr_press_cfg->odr);
 2928              		.loc 1 820 17 is_stmt 1 view .LVU900
 820:Drivers/BMP580/bmp5.c ****                 reg_data[1] = BMP5_SET_BITSLICE(reg_data[1], BMP5_ODR, osr_odr_press_cfg->odr);
 2929              		.loc 1 820 31 is_stmt 0 view .LVU901
 2930 005e A278     		ldrb	r2, [r4, #2]	@ zero_extendqisi2
 2931 0060 9201     		lsls	r2, r2, #6
 2932 0062 02F04002 		and	r2, r2, #64
 2933 0066 23F04003 		bic	r3, r3, #64
 2934 006a 1343     		orrs	r3, r3, r2
 820:Drivers/BMP580/bmp5.c ****                 reg_data[1] = BMP5_SET_BITSLICE(reg_data[1], BMP5_ODR, osr_odr_press_cfg->odr);
 2935              		.loc 1 820 29 view .LVU902
ARM GAS  C:\Users\Nathan\AppData\Local\Temp\ccGCFMYR.s 			page 102


 2936 006c 8DF80430 		strb	r3, [sp, #4]
 821:Drivers/BMP580/bmp5.c **** 
 2937              		.loc 1 821 17 is_stmt 1 view .LVU903
 821:Drivers/BMP580/bmp5.c **** 
 2938              		.loc 1 821 31 is_stmt 0 view .LVU904
 2939 0070 9DF80530 		ldrb	r3, [sp, #5]	@ zero_extendqisi2
 2940 0074 E278     		ldrb	r2, [r4, #3]	@ zero_extendqisi2
 2941 0076 9200     		lsls	r2, r2, #2
 2942 0078 02F07C02 		and	r2, r2, #124
 2943 007c 23F07C03 		bic	r3, r3, #124
 2944 0080 1343     		orrs	r3, r3, r2
 821:Drivers/BMP580/bmp5.c **** 
 2945              		.loc 1 821 29 view .LVU905
 2946 0082 8DF80530 		strb	r3, [sp, #5]
 824:Drivers/BMP580/bmp5.c ****             }
 2947              		.loc 1 824 17 is_stmt 1 view .LVU906
 824:Drivers/BMP580/bmp5.c ****             }
 2948              		.loc 1 824 24 is_stmt 0 view .LVU907
 2949 0086 2B46     		mov	r3, r5
 2950 0088 0222     		movs	r2, #2
 2951 008a 01A9     		add	r1, sp, #4
 2952 008c 3620     		movs	r0, #54
 2953              	.LVL303:
 824:Drivers/BMP580/bmp5.c ****             }
 2954              		.loc 1 824 24 view .LVU908
 2955 008e FFF7FEFF 		bl	bmp5_set_regs
 2956              	.LVL304:
 2957 0092 0346     		mov	r3, r0
 2958              	.LVL305:
 824:Drivers/BMP580/bmp5.c ****             }
 2959              		.loc 1 824 24 view .LVU909
 2960 0094 CDE7     		b	.L188
 2961              	.LVL306:
 2962              	.L190:
 830:Drivers/BMP580/bmp5.c ****     }
 2963              		.loc 1 830 14 view .LVU910
 2964 0096 4FF0FF33 		mov	r3, #-1
 2965 009a CAE7     		b	.L188
 2966              		.cfi_endproc
 2967              	.LFE11:
 2969              		.section	.text.set_fifo_iir_config,"ax",%progbits
 2970              		.align	1
 2971              		.syntax unified
 2972              		.thumb
 2973              		.thumb_func
 2975              	set_fifo_iir_config:
 2976              	.LVL307:
 2977              	.LFB32:
1697:Drivers/BMP580/bmp5.c ****     /* Variable to store the function result */
 2978              		.loc 1 1697 1 is_stmt 1 view -0
 2979              		.cfi_startproc
 2980              		@ args = 0, pretend = 0, frame = 8
 2981              		@ frame_needed = 0, uses_anonymous_args = 0
1697:Drivers/BMP580/bmp5.c ****     /* Variable to store the function result */
 2982              		.loc 1 1697 1 is_stmt 0 view .LVU912
 2983 0000 70B5     		push	{r4, r5, r6, lr}
 2984              		.cfi_def_cfa_offset 16
ARM GAS  C:\Users\Nathan\AppData\Local\Temp\ccGCFMYR.s 			page 103


 2985              		.cfi_offset 4, -16
 2986              		.cfi_offset 5, -12
 2987              		.cfi_offset 6, -8
 2988              		.cfi_offset 14, -4
 2989 0002 82B0     		sub	sp, sp, #8
 2990              		.cfi_def_cfa_offset 24
 2991 0004 0546     		mov	r5, r0
 2992 0006 0E46     		mov	r6, r1
 2993 0008 1446     		mov	r4, r2
1699:Drivers/BMP580/bmp5.c **** 
 2994              		.loc 1 1699 5 is_stmt 1 view .LVU913
1702:Drivers/BMP580/bmp5.c **** 
 2995              		.loc 1 1702 5 view .LVU914
1702:Drivers/BMP580/bmp5.c **** 
 2996              		.loc 1 1702 13 is_stmt 0 view .LVU915
 2997 000a 0023     		movs	r3, #0
 2998 000c 8DF80730 		strb	r3, [sp, #7]
1705:Drivers/BMP580/bmp5.c **** 
 2999              		.loc 1 1705 5 is_stmt 1 view .LVU916
1707:Drivers/BMP580/bmp5.c **** 
 3000              		.loc 1 1707 5 view .LVU917
1707:Drivers/BMP580/bmp5.c **** 
 3001              		.loc 1 1707 12 is_stmt 0 view .LVU918
 3002 0010 1146     		mov	r1, r2
 3003              	.LVL308:
1707:Drivers/BMP580/bmp5.c **** 
 3004              		.loc 1 1707 12 view .LVU919
 3005 0012 0DF10600 		add	r0, sp, #6
 3006              	.LVL309:
1707:Drivers/BMP580/bmp5.c **** 
 3007              		.loc 1 1707 12 view .LVU920
 3008 0016 FFF7FEFF 		bl	bmp5_get_power_mode
 3009              	.LVL310:
1709:Drivers/BMP580/bmp5.c ****     {
 3010              		.loc 1 1709 5 is_stmt 1 view .LVU921
1709:Drivers/BMP580/bmp5.c ****     {
 3011              		.loc 1 1709 8 is_stmt 0 view .LVU922
 3012 001a 0346     		mov	r3, r0
 3013 001c 18B9     		cbnz	r0, .L194
1712:Drivers/BMP580/bmp5.c ****         {
 3014              		.loc 1 1712 9 is_stmt 1 view .LVU923
1712:Drivers/BMP580/bmp5.c ****         {
 3015              		.loc 1 1712 26 is_stmt 0 view .LVU924
 3016 001e 9DF80620 		ldrb	r2, [sp, #6]	@ zero_extendqisi2
1712:Drivers/BMP580/bmp5.c ****         {
 3017              		.loc 1 1712 12 view .LVU925
 3018 0022 1AB9     		cbnz	r2, .L197
 3019              	.LVL311:
 3020              	.L195:
1718:Drivers/BMP580/bmp5.c ****         {
 3021              		.loc 1 1718 9 is_stmt 1 view .LVU926
1718:Drivers/BMP580/bmp5.c ****         {
 3022              		.loc 1 1718 12 is_stmt 0 view .LVU927
 3023 0024 3BB1     		cbz	r3, .L198
 3024              	.LVL312:
 3025              	.L194:
1748:Drivers/BMP580/bmp5.c **** }
ARM GAS  C:\Users\Nathan\AppData\Local\Temp\ccGCFMYR.s 			page 104


 3026              		.loc 1 1748 5 is_stmt 1 view .LVU928
1749:Drivers/BMP580/bmp5.c **** 
 3027              		.loc 1 1749 1 is_stmt 0 view .LVU929
 3028 0026 1846     		mov	r0, r3
 3029 0028 02B0     		add	sp, sp, #8
 3030              		.cfi_remember_state
 3031              		.cfi_def_cfa_offset 16
 3032              		@ sp needed
 3033 002a 70BD     		pop	{r4, r5, r6, pc}
 3034              	.LVL313:
 3035              	.L197:
 3036              		.cfi_restore_state
1715:Drivers/BMP580/bmp5.c ****         }
 3037              		.loc 1 1715 13 is_stmt 1 view .LVU930
1715:Drivers/BMP580/bmp5.c ****         }
 3038              		.loc 1 1715 20 is_stmt 0 view .LVU931
 3039 002c 2146     		mov	r1, r4
 3040 002e FFF7FEFF 		bl	bmp5_set_power_mode
 3041              	.LVL314:
1715:Drivers/BMP580/bmp5.c ****         }
 3042              		.loc 1 1715 20 view .LVU932
 3043 0032 0346     		mov	r3, r0
 3044 0034 F6E7     		b	.L195
 3045              	.LVL315:
 3046              	.L198:
1721:Drivers/BMP580/bmp5.c **** 
 3047              		.loc 1 1721 13 is_stmt 1 view .LVU933
1721:Drivers/BMP580/bmp5.c **** 
 3048              		.loc 1 1721 20 is_stmt 0 view .LVU934
 3049 0036 2346     		mov	r3, r4
 3050              	.LVL316:
1721:Drivers/BMP580/bmp5.c **** 
 3051              		.loc 1 1721 20 view .LVU935
 3052 0038 0122     		movs	r2, #1
 3053 003a 0DF10701 		add	r1, sp, #7
 3054 003e 3020     		movs	r0, #48
 3055 0040 FFF7FEFF 		bl	bmp5_get_regs
 3056              	.LVL317:
1723:Drivers/BMP580/bmp5.c ****             {
 3057              		.loc 1 1723 13 is_stmt 1 view .LVU936
1723:Drivers/BMP580/bmp5.c ****             {
 3058              		.loc 1 1723 16 is_stmt 0 view .LVU937
 3059 0044 0346     		mov	r3, r0
 3060 0046 0028     		cmp	r0, #0
 3061 0048 EDD1     		bne	.L194
1725:Drivers/BMP580/bmp5.c ****                 reg_data = BMP5_SET_BITSLICE(reg_data, BMP5_SET_FIFO_IIR_PRESS, set_fifo_iir_p);
 3062              		.loc 1 1725 17 is_stmt 1 view .LVU938
1725:Drivers/BMP580/bmp5.c ****                 reg_data = BMP5_SET_BITSLICE(reg_data, BMP5_SET_FIFO_IIR_PRESS, set_fifo_iir_p);
 3063              		.loc 1 1725 28 is_stmt 0 view .LVU939
 3064 004a 9DF80720 		ldrb	r2, [sp, #7]	@ zero_extendqisi2
 3065 004e 2B01     		lsls	r3, r5, #4
 3066 0050 03F01003 		and	r3, r3, #16
 3067 0054 22F01002 		bic	r2, r2, #16
 3068 0058 1343     		orrs	r3, r3, r2
1725:Drivers/BMP580/bmp5.c ****                 reg_data = BMP5_SET_BITSLICE(reg_data, BMP5_SET_FIFO_IIR_PRESS, set_fifo_iir_p);
 3069              		.loc 1 1725 26 view .LVU940
 3070 005a 8DF80730 		strb	r3, [sp, #7]
ARM GAS  C:\Users\Nathan\AppData\Local\Temp\ccGCFMYR.s 			page 105


1726:Drivers/BMP580/bmp5.c **** 
 3071              		.loc 1 1726 17 is_stmt 1 view .LVU941
1726:Drivers/BMP580/bmp5.c **** 
 3072              		.loc 1 1726 28 is_stmt 0 view .LVU942
 3073 005e B101     		lsls	r1, r6, #6
 3074 0060 01F04001 		and	r1, r1, #64
 3075 0064 23F04003 		bic	r3, r3, #64
 3076 0068 0B43     		orrs	r3, r3, r1
1726:Drivers/BMP580/bmp5.c **** 
 3077              		.loc 1 1726 26 view .LVU943
 3078 006a 8DF80730 		strb	r3, [sp, #7]
1729:Drivers/BMP580/bmp5.c ****             }
 3079              		.loc 1 1729 17 is_stmt 1 view .LVU944
1729:Drivers/BMP580/bmp5.c ****             }
 3080              		.loc 1 1729 24 is_stmt 0 view .LVU945
 3081 006e 2346     		mov	r3, r4
 3082 0070 0122     		movs	r2, #1
 3083 0072 0DF10701 		add	r1, sp, #7
 3084 0076 3020     		movs	r0, #48
 3085              	.LVL318:
1729:Drivers/BMP580/bmp5.c ****             }
 3086              		.loc 1 1729 24 view .LVU946
 3087 0078 FFF7FEFF 		bl	bmp5_set_regs
 3088              	.LVL319:
1736:Drivers/BMP580/bmp5.c ****         {
 3089              		.loc 1 1736 9 is_stmt 1 view .LVU947
1736:Drivers/BMP580/bmp5.c ****         {
 3090              		.loc 1 1736 12 is_stmt 0 view .LVU948
 3091 007c 0346     		mov	r3, r0
 3092 007e 0028     		cmp	r0, #0
 3093 0080 D1D1     		bne	.L194
1741:Drivers/BMP580/bmp5.c ****             {
 3094              		.loc 1 1741 13 is_stmt 1 view .LVU949
1741:Drivers/BMP580/bmp5.c ****             {
 3095              		.loc 1 1741 31 is_stmt 0 view .LVU950
 3096 0082 9DF80600 		ldrb	r0, [sp, #6]	@ zero_extendqisi2
 3097              	.LVL320:
1741:Drivers/BMP580/bmp5.c ****             {
 3098              		.loc 1 1741 16 view .LVU951
 3099 0086 0028     		cmp	r0, #0
 3100 0088 CDD0     		beq	.L194
1741:Drivers/BMP580/bmp5.c ****             {
 3101              		.loc 1 1741 58 discriminator 1 view .LVU952
 3102 008a 0428     		cmp	r0, #4
 3103 008c CBD0     		beq	.L194
1743:Drivers/BMP580/bmp5.c ****             }
 3104              		.loc 1 1743 17 is_stmt 1 view .LVU953
1743:Drivers/BMP580/bmp5.c ****             }
 3105              		.loc 1 1743 24 is_stmt 0 view .LVU954
 3106 008e 2146     		mov	r1, r4
 3107 0090 FFF7FEFF 		bl	bmp5_set_power_mode
 3108              	.LVL321:
1743:Drivers/BMP580/bmp5.c ****             }
 3109              		.loc 1 1743 24 view .LVU955
 3110 0094 0346     		mov	r3, r0
 3111 0096 C6E7     		b	.L194
 3112              		.cfi_endproc
ARM GAS  C:\Users\Nathan\AppData\Local\Temp\ccGCFMYR.s 			page 106


 3113              	.LFE32:
 3115              		.section	.text.set_oor_iir_count_limit,"ax",%progbits
 3116              		.align	1
 3117              		.syntax unified
 3118              		.thumb
 3119              		.thumb_func
 3121              	set_oor_iir_count_limit:
 3122              	.LVL322:
 3123              	.LFB35:
1931:Drivers/BMP580/bmp5.c ****     int8_t rslt;
 3124              		.loc 1 1931 1 is_stmt 1 view -0
 3125              		.cfi_startproc
 3126              		@ args = 0, pretend = 0, frame = 8
 3127              		@ frame_needed = 0, uses_anonymous_args = 0
1931:Drivers/BMP580/bmp5.c ****     int8_t rslt;
 3128              		.loc 1 1931 1 is_stmt 0 view .LVU957
 3129 0000 70B5     		push	{r4, r5, r6, lr}
 3130              		.cfi_def_cfa_offset 16
 3131              		.cfi_offset 4, -16
 3132              		.cfi_offset 5, -12
 3133              		.cfi_offset 6, -8
 3134              		.cfi_offset 14, -4
 3135 0002 82B0     		sub	sp, sp, #8
 3136              		.cfi_def_cfa_offset 24
 3137 0004 0546     		mov	r5, r0
 3138 0006 0E46     		mov	r6, r1
 3139 0008 1446     		mov	r4, r2
1932:Drivers/BMP580/bmp5.c ****     uint8_t reg_data = 0;
 3140              		.loc 1 1932 5 is_stmt 1 view .LVU958
1933:Drivers/BMP580/bmp5.c **** 
 3141              		.loc 1 1933 5 view .LVU959
1933:Drivers/BMP580/bmp5.c **** 
 3142              		.loc 1 1933 13 is_stmt 0 view .LVU960
 3143 000a 0023     		movs	r3, #0
 3144 000c 8DF80730 		strb	r3, [sp, #7]
1936:Drivers/BMP580/bmp5.c **** 
 3145              		.loc 1 1936 5 is_stmt 1 view .LVU961
1938:Drivers/BMP580/bmp5.c **** 
 3146              		.loc 1 1938 5 view .LVU962
1938:Drivers/BMP580/bmp5.c **** 
 3147              		.loc 1 1938 12 is_stmt 0 view .LVU963
 3148 0010 1146     		mov	r1, r2
 3149              	.LVL323:
1938:Drivers/BMP580/bmp5.c **** 
 3150              		.loc 1 1938 12 view .LVU964
 3151 0012 0DF10600 		add	r0, sp, #6
 3152              	.LVL324:
1938:Drivers/BMP580/bmp5.c **** 
 3153              		.loc 1 1938 12 view .LVU965
 3154 0016 FFF7FEFF 		bl	bmp5_get_power_mode
 3155              	.LVL325:
1940:Drivers/BMP580/bmp5.c ****     {
 3156              		.loc 1 1940 5 is_stmt 1 view .LVU966
1940:Drivers/BMP580/bmp5.c ****     {
 3157              		.loc 1 1940 8 is_stmt 0 view .LVU967
 3158 001a 0346     		mov	r3, r0
 3159 001c 18B9     		cbnz	r0, .L200
ARM GAS  C:\Users\Nathan\AppData\Local\Temp\ccGCFMYR.s 			page 107


1943:Drivers/BMP580/bmp5.c ****         {
 3160              		.loc 1 1943 9 is_stmt 1 view .LVU968
1943:Drivers/BMP580/bmp5.c ****         {
 3161              		.loc 1 1943 26 is_stmt 0 view .LVU969
 3162 001e 9DF80620 		ldrb	r2, [sp, #6]	@ zero_extendqisi2
1943:Drivers/BMP580/bmp5.c ****         {
 3163              		.loc 1 1943 12 view .LVU970
 3164 0022 1AB9     		cbnz	r2, .L204
 3165              	.LVL326:
 3166              	.L201:
1949:Drivers/BMP580/bmp5.c ****         {
 3167              		.loc 1 1949 9 is_stmt 1 view .LVU971
1949:Drivers/BMP580/bmp5.c ****         {
 3168              		.loc 1 1949 12 is_stmt 0 view .LVU972
 3169 0024 3BB1     		cbz	r3, .L205
 3170              	.LVL327:
 3171              	.L200:
1995:Drivers/BMP580/bmp5.c **** }
 3172              		.loc 1 1995 5 is_stmt 1 view .LVU973
1996:Drivers/BMP580/bmp5.c **** 
 3173              		.loc 1 1996 1 is_stmt 0 view .LVU974
 3174 0026 1846     		mov	r0, r3
 3175 0028 02B0     		add	sp, sp, #8
 3176              		.cfi_remember_state
 3177              		.cfi_def_cfa_offset 16
 3178              		@ sp needed
 3179 002a 70BD     		pop	{r4, r5, r6, pc}
 3180              	.LVL328:
 3181              	.L204:
 3182              		.cfi_restore_state
1946:Drivers/BMP580/bmp5.c ****         }
 3183              		.loc 1 1946 13 is_stmt 1 view .LVU975
1946:Drivers/BMP580/bmp5.c ****         }
 3184              		.loc 1 1946 20 is_stmt 0 view .LVU976
 3185 002c 2146     		mov	r1, r4
 3186 002e FFF7FEFF 		bl	bmp5_set_power_mode
 3187              	.LVL329:
1946:Drivers/BMP580/bmp5.c ****         }
 3188              		.loc 1 1946 20 view .LVU977
 3189 0032 0346     		mov	r3, r0
 3190 0034 F6E7     		b	.L201
 3191              	.LVL330:
 3192              	.L205:
1952:Drivers/BMP580/bmp5.c **** 
 3193              		.loc 1 1952 13 is_stmt 1 view .LVU978
1952:Drivers/BMP580/bmp5.c **** 
 3194              		.loc 1 1952 20 is_stmt 0 view .LVU979
 3195 0036 2346     		mov	r3, r4
 3196              	.LVL331:
1952:Drivers/BMP580/bmp5.c **** 
 3197              		.loc 1 1952 20 view .LVU980
 3198 0038 0122     		movs	r2, #1
 3199 003a 0DF10701 		add	r1, sp, #7
 3200 003e 3020     		movs	r0, #48
 3201 0040 FFF7FEFF 		bl	bmp5_get_regs
 3202              	.LVL332:
1954:Drivers/BMP580/bmp5.c ****             {
ARM GAS  C:\Users\Nathan\AppData\Local\Temp\ccGCFMYR.s 			page 108


 3203              		.loc 1 1954 13 is_stmt 1 view .LVU981
1954:Drivers/BMP580/bmp5.c ****             {
 3204              		.loc 1 1954 16 is_stmt 0 view .LVU982
 3205 0044 0346     		mov	r3, r0
 3206 0046 F0B1     		cbz	r0, .L206
 3207              	.LVL333:
 3208              	.L202:
1968:Drivers/BMP580/bmp5.c ****             {
 3209              		.loc 1 1968 13 is_stmt 1 view .LVU983
1968:Drivers/BMP580/bmp5.c ****             {
 3210              		.loc 1 1968 16 is_stmt 0 view .LVU984
 3211 0048 002B     		cmp	r3, #0
 3212 004a ECD1     		bne	.L200
1970:Drivers/BMP580/bmp5.c ****             }
 3213              		.loc 1 1970 17 is_stmt 1 view .LVU985
1970:Drivers/BMP580/bmp5.c ****             }
 3214              		.loc 1 1970 28 is_stmt 0 view .LVU986
 3215 004c 9DF80730 		ldrb	r3, [sp, #7]	@ zero_extendqisi2
 3216              	.LVL334:
1970:Drivers/BMP580/bmp5.c ****             }
 3217              		.loc 1 1970 28 view .LVU987
 3218 0050 03F03F03 		and	r3, r3, #63
 3219 0054 43EA8613 		orr	r3, r3, r6, lsl #6
1970:Drivers/BMP580/bmp5.c ****             }
 3220              		.loc 1 1970 26 view .LVU988
 3221 0058 8DF80730 		strb	r3, [sp, #7]
1973:Drivers/BMP580/bmp5.c ****             {
 3222              		.loc 1 1973 13 is_stmt 1 view .LVU989
1976:Drivers/BMP580/bmp5.c ****             }
 3223              		.loc 1 1976 17 view .LVU990
1976:Drivers/BMP580/bmp5.c ****             }
 3224              		.loc 1 1976 24 is_stmt 0 view .LVU991
 3225 005c 2346     		mov	r3, r4
 3226 005e 0122     		movs	r2, #1
 3227 0060 0DF10701 		add	r1, sp, #7
 3228 0064 3520     		movs	r0, #53
 3229 0066 FFF7FEFF 		bl	bmp5_set_regs
 3230              	.LVL335:
1983:Drivers/BMP580/bmp5.c ****         {
 3231              		.loc 1 1983 9 is_stmt 1 view .LVU992
1983:Drivers/BMP580/bmp5.c ****         {
 3232              		.loc 1 1983 12 is_stmt 0 view .LVU993
 3233 006a 0346     		mov	r3, r0
 3234 006c 0028     		cmp	r0, #0
 3235 006e DAD1     		bne	.L200
1988:Drivers/BMP580/bmp5.c ****             {
 3236              		.loc 1 1988 13 is_stmt 1 view .LVU994
1988:Drivers/BMP580/bmp5.c ****             {
 3237              		.loc 1 1988 31 is_stmt 0 view .LVU995
 3238 0070 9DF80600 		ldrb	r0, [sp, #6]	@ zero_extendqisi2
 3239              	.LVL336:
1988:Drivers/BMP580/bmp5.c ****             {
 3240              		.loc 1 1988 16 view .LVU996
 3241 0074 0028     		cmp	r0, #0
 3242 0076 D6D0     		beq	.L200
1988:Drivers/BMP580/bmp5.c ****             {
 3243              		.loc 1 1988 58 discriminator 1 view .LVU997
ARM GAS  C:\Users\Nathan\AppData\Local\Temp\ccGCFMYR.s 			page 109


 3244 0078 0428     		cmp	r0, #4
 3245 007a D4D0     		beq	.L200
1990:Drivers/BMP580/bmp5.c ****             }
 3246              		.loc 1 1990 17 is_stmt 1 view .LVU998
1990:Drivers/BMP580/bmp5.c ****             }
 3247              		.loc 1 1990 24 is_stmt 0 view .LVU999
 3248 007c 2146     		mov	r1, r4
 3249 007e FFF7FEFF 		bl	bmp5_set_power_mode
 3250              	.LVL337:
1990:Drivers/BMP580/bmp5.c ****             }
 3251              		.loc 1 1990 24 view .LVU1000
 3252 0082 0346     		mov	r3, r0
 3253 0084 CFE7     		b	.L200
 3254              	.LVL338:
 3255              	.L206:
1956:Drivers/BMP580/bmp5.c **** 
 3256              		.loc 1 1956 17 is_stmt 1 view .LVU1001
1956:Drivers/BMP580/bmp5.c **** 
 3257              		.loc 1 1956 28 is_stmt 0 view .LVU1002
 3258 0086 9DF80730 		ldrb	r3, [sp, #7]	@ zero_extendqisi2
 3259 008a 03F07F03 		and	r3, r3, #127
 3260 008e 43EAC513 		orr	r3, r3, r5, lsl #7
1956:Drivers/BMP580/bmp5.c **** 
 3261              		.loc 1 1956 26 view .LVU1003
 3262 0092 8DF80730 		strb	r3, [sp, #7]
1959:Drivers/BMP580/bmp5.c ****             }
 3263              		.loc 1 1959 17 is_stmt 1 view .LVU1004
1959:Drivers/BMP580/bmp5.c ****             }
 3264              		.loc 1 1959 24 is_stmt 0 view .LVU1005
 3265 0096 2346     		mov	r3, r4
 3266 0098 0122     		movs	r2, #1
 3267 009a 0DF10701 		add	r1, sp, #7
 3268 009e 3020     		movs	r0, #48
 3269              	.LVL339:
1959:Drivers/BMP580/bmp5.c ****             }
 3270              		.loc 1 1959 24 view .LVU1006
 3271 00a0 FFF7FEFF 		bl	bmp5_set_regs
 3272              	.LVL340:
1962:Drivers/BMP580/bmp5.c ****             {
 3273              		.loc 1 1962 13 is_stmt 1 view .LVU1007
1962:Drivers/BMP580/bmp5.c ****             {
 3274              		.loc 1 1962 16 is_stmt 0 view .LVU1008
 3275 00a4 0346     		mov	r3, r0
 3276 00a6 0028     		cmp	r0, #0
 3277 00a8 BDD1     		bne	.L200
1965:Drivers/BMP580/bmp5.c ****             }
 3278              		.loc 1 1965 17 is_stmt 1 view .LVU1009
1965:Drivers/BMP580/bmp5.c ****             }
 3279              		.loc 1 1965 24 is_stmt 0 view .LVU1010
 3280 00aa 2346     		mov	r3, r4
 3281 00ac 0122     		movs	r2, #1
 3282 00ae 0DF10701 		add	r1, sp, #7
 3283 00b2 3520     		movs	r0, #53
 3284              	.LVL341:
1965:Drivers/BMP580/bmp5.c ****             }
 3285              		.loc 1 1965 24 view .LVU1011
 3286 00b4 FFF7FEFF 		bl	bmp5_get_regs
ARM GAS  C:\Users\Nathan\AppData\Local\Temp\ccGCFMYR.s 			page 110


 3287              	.LVL342:
 3288 00b8 0346     		mov	r3, r0
 3289 00ba C5E7     		b	.L202
 3290              		.cfi_endproc
 3291              	.LFE35:
 3293              		.section	.text.nvm_write_addr,"ax",%progbits
 3294              		.align	1
 3295              		.syntax unified
 3296              		.thumb
 3297              		.thumb_func
 3299              	nvm_write_addr:
 3300              	.LVL343:
 3301              	.LFB36:
2002:Drivers/BMP580/bmp5.c ****     int8_t rslt;
 3302              		.loc 1 2002 1 is_stmt 1 view -0
 3303              		.cfi_startproc
 3304              		@ args = 0, pretend = 0, frame = 0
 3305              		@ frame_needed = 0, uses_anonymous_args = 0
2002:Drivers/BMP580/bmp5.c ****     int8_t rslt;
 3306              		.loc 1 2002 1 is_stmt 0 view .LVU1013
 3307 0000 F8B5     		push	{r3, r4, r5, r6, r7, lr}
 3308              		.cfi_def_cfa_offset 24
 3309              		.cfi_offset 3, -24
 3310              		.cfi_offset 4, -20
 3311              		.cfi_offset 5, -16
 3312              		.cfi_offset 6, -12
 3313              		.cfi_offset 7, -8
 3314              		.cfi_offset 14, -4
 3315 0002 0F46     		mov	r7, r1
 3316 0004 1946     		mov	r1, r3
 3317              	.LVL344:
2002:Drivers/BMP580/bmp5.c ****     int8_t rslt;
 3318              		.loc 1 2002 1 view .LVU1014
 3319 0006 1D46     		mov	r5, r3
2003:Drivers/BMP580/bmp5.c **** 
 3320              		.loc 1 2003 5 is_stmt 1 view .LVU1015
2005:Drivers/BMP580/bmp5.c ****     {
 3321              		.loc 1 2005 5 view .LVU1016
2005:Drivers/BMP580/bmp5.c ****     {
 3322              		.loc 1 2005 43 is_stmt 0 view .LVU1017
 3323 0008 A0F12003 		sub	r3, r0, #32
 3324              	.LVL345:
2005:Drivers/BMP580/bmp5.c ****     {
 3325              		.loc 1 2005 43 view .LVU1018
 3326 000c DBB2     		uxtb	r3, r3
2005:Drivers/BMP580/bmp5.c ****     {
 3327              		.loc 1 2005 8 view .LVU1019
 3328 000e 022B     		cmp	r3, #2
 3329 0010 14D8     		bhi	.L210
 3330 0012 0646     		mov	r6, r0
 3331 0014 1446     		mov	r4, r2
2008:Drivers/BMP580/bmp5.c **** 
 3332              		.loc 1 2008 9 is_stmt 1 view .LVU1020
2008:Drivers/BMP580/bmp5.c **** 
 3333              		.loc 1 2008 16 is_stmt 0 view .LVU1021
 3334 0016 1046     		mov	r0, r2
 3335              	.LVL346:
ARM GAS  C:\Users\Nathan\AppData\Local\Temp\ccGCFMYR.s 			page 111


2008:Drivers/BMP580/bmp5.c **** 
 3336              		.loc 1 2008 16 view .LVU1022
 3337 0018 FFF7FEFF 		bl	bmp5_get_power_mode
 3338              	.LVL347:
2010:Drivers/BMP580/bmp5.c ****         {
 3339              		.loc 1 2010 9 is_stmt 1 view .LVU1023
2010:Drivers/BMP580/bmp5.c ****         {
 3340              		.loc 1 2010 12 is_stmt 0 view .LVU1024
 3341 001c 10B9     		cbnz	r0, .L208
2013:Drivers/BMP580/bmp5.c ****             {
 3342              		.loc 1 2013 13 is_stmt 1 view .LVU1025
2013:Drivers/BMP580/bmp5.c ****             {
 3343              		.loc 1 2013 17 is_stmt 0 view .LVU1026
 3344 001e 2378     		ldrb	r3, [r4]	@ zero_extendqisi2
2013:Drivers/BMP580/bmp5.c ****             {
 3345              		.loc 1 2013 16 view .LVU1027
 3346 0020 0BB9     		cbnz	r3, .L212
 3347              	.LVL348:
 3348              	.L209:
2019:Drivers/BMP580/bmp5.c ****             {
 3349              		.loc 1 2019 13 is_stmt 1 view .LVU1028
2019:Drivers/BMP580/bmp5.c ****             {
 3350              		.loc 1 2019 16 is_stmt 0 view .LVU1029
 3351 0022 28B1     		cbz	r0, .L213
 3352              	.LVL349:
 3353              	.L208:
2031:Drivers/BMP580/bmp5.c **** }
 3354              		.loc 1 2031 5 is_stmt 1 view .LVU1030
2032:Drivers/BMP580/bmp5.c **** 
 3355              		.loc 1 2032 1 is_stmt 0 view .LVU1031
 3356 0024 F8BD     		pop	{r3, r4, r5, r6, r7, pc}
 3357              	.LVL350:
 3358              	.L212:
2016:Drivers/BMP580/bmp5.c ****             }
 3359              		.loc 1 2016 17 is_stmt 1 view .LVU1032
2016:Drivers/BMP580/bmp5.c ****             }
 3360              		.loc 1 2016 24 is_stmt 0 view .LVU1033
 3361 0026 2946     		mov	r1, r5
 3362 0028 0020     		movs	r0, #0
 3363              	.LVL351:
2016:Drivers/BMP580/bmp5.c ****             }
 3364              		.loc 1 2016 24 view .LVU1034
 3365 002a FFF7FEFF 		bl	bmp5_set_power_mode
 3366              	.LVL352:
 3367 002e F8E7     		b	.L209
 3368              	.LVL353:
 3369              	.L213:
2022:Drivers/BMP580/bmp5.c ****             }
 3370              		.loc 1 2022 17 is_stmt 1 view .LVU1035
2022:Drivers/BMP580/bmp5.c ****             }
 3371              		.loc 1 2022 24 is_stmt 0 view .LVU1036
 3372 0030 2A46     		mov	r2, r5
 3373 0032 3946     		mov	r1, r7
 3374 0034 3046     		mov	r0, r6
 3375              	.LVL354:
2022:Drivers/BMP580/bmp5.c ****             }
 3376              		.loc 1 2022 24 view .LVU1037
ARM GAS  C:\Users\Nathan\AppData\Local\Temp\ccGCFMYR.s 			page 112


 3377 0036 FFF7FEFF 		bl	set_nvm_addr
 3378              	.LVL355:
2022:Drivers/BMP580/bmp5.c ****             }
 3379              		.loc 1 2022 24 view .LVU1038
 3380 003a F3E7     		b	.L208
 3381              	.LVL356:
 3382              	.L210:
2028:Drivers/BMP580/bmp5.c ****     }
 3383              		.loc 1 2028 14 view .LVU1039
 3384 003c 6FF00900 		mvn	r0, #9
 3385              	.LVL357:
2028:Drivers/BMP580/bmp5.c ****     }
 3386              		.loc 1 2028 14 view .LVU1040
 3387 0040 F0E7     		b	.L208
 3388              		.cfi_endproc
 3389              	.LFE36:
 3391              		.section	.text.bmp5_set_iir_config,"ax",%progbits
 3392              		.align	1
 3393              		.global	bmp5_set_iir_config
 3394              		.syntax unified
 3395              		.thumb
 3396              		.thumb_func
 3398              	bmp5_set_iir_config:
 3399              	.LVL358:
 3400              	.LFB13:
 874:Drivers/BMP580/bmp5.c ****     /* Variable to store the function result */
 3401              		.loc 1 874 1 is_stmt 1 view -0
 3402              		.cfi_startproc
 3403              		@ args = 0, pretend = 0, frame = 8
 3404              		@ frame_needed = 0, uses_anonymous_args = 0
 876:Drivers/BMP580/bmp5.c **** 
 3405              		.loc 1 876 5 view .LVU1042
 879:Drivers/BMP580/bmp5.c **** 
 3406              		.loc 1 879 5 view .LVU1043
 881:Drivers/BMP580/bmp5.c ****     {
 3407              		.loc 1 881 5 view .LVU1044
 881:Drivers/BMP580/bmp5.c ****     {
 3408              		.loc 1 881 8 is_stmt 0 view .LVU1045
 3409 0000 88B3     		cbz	r0, .L219
 874:Drivers/BMP580/bmp5.c ****     /* Variable to store the function result */
 3410              		.loc 1 874 1 view .LVU1046
 3411 0002 30B5     		push	{r4, r5, lr}
 3412              		.cfi_def_cfa_offset 12
 3413              		.cfi_offset 4, -12
 3414              		.cfi_offset 5, -8
 3415              		.cfi_offset 14, -4
 3416 0004 83B0     		sub	sp, sp, #12
 3417              		.cfi_def_cfa_offset 24
 3418 0006 0C46     		mov	r4, r1
 3419 0008 0546     		mov	r5, r0
 887:Drivers/BMP580/bmp5.c ****         {
 3420              		.loc 1 887 9 is_stmt 1 view .LVU1047
 887:Drivers/BMP580/bmp5.c ****         {
 3421              		.loc 1 887 21 is_stmt 0 view .LVU1048
 3422 000a 0378     		ldrb	r3, [r0]	@ zero_extendqisi2
 887:Drivers/BMP580/bmp5.c ****         {
 3423              		.loc 1 887 12 view .LVU1049
ARM GAS  C:\Users\Nathan\AppData\Local\Temp\ccGCFMYR.s 			page 113


 3424 000c 0BB9     		cbnz	r3, .L216
 887:Drivers/BMP580/bmp5.c ****         {
 3425              		.loc 1 887 71 discriminator 1 view .LVU1050
 3426 000e 4378     		ldrb	r3, [r0, #1]	@ zero_extendqisi2
 887:Drivers/BMP580/bmp5.c ****         {
 3427              		.loc 1 887 60 discriminator 1 view .LVU1051
 3428 0010 23B1     		cbz	r3, .L217
 3429              	.L216:
 889:Drivers/BMP580/bmp5.c ****         }
 3430              		.loc 1 889 13 is_stmt 1 view .LVU1052
 889:Drivers/BMP580/bmp5.c ****         }
 3431              		.loc 1 889 20 is_stmt 0 view .LVU1053
 3432 0012 2046     		mov	r0, r4
 3433              	.LVL359:
 889:Drivers/BMP580/bmp5.c ****         }
 3434              		.loc 1 889 20 view .LVU1054
 3435 0014 FFF7FEFF 		bl	set_standby_mode
 3436              	.LVL360:
 892:Drivers/BMP580/bmp5.c ****         {
 3437              		.loc 1 892 9 is_stmt 1 view .LVU1055
 892:Drivers/BMP580/bmp5.c ****         {
 3438              		.loc 1 892 12 is_stmt 0 view .LVU1056
 3439 0018 0346     		mov	r3, r0
 3440 001a 50B9     		cbnz	r0, .L215
 3441              	.LVL361:
 3442              	.L217:
 894:Drivers/BMP580/bmp5.c **** 
 3443              		.loc 1 894 13 is_stmt 1 view .LVU1057
 894:Drivers/BMP580/bmp5.c **** 
 3444              		.loc 1 894 20 is_stmt 0 view .LVU1058
 3445 001c 2146     		mov	r1, r4
 3446 001e 0DF10700 		add	r0, sp, #7
 3447 0022 FFF7FEFF 		bl	bmp5_get_power_mode
 3448              	.LVL362:
 896:Drivers/BMP580/bmp5.c ****             {
 3449              		.loc 1 896 13 is_stmt 1 view .LVU1059
 896:Drivers/BMP580/bmp5.c ****             {
 3450              		.loc 1 896 16 is_stmt 0 view .LVU1060
 3451 0026 0346     		mov	r3, r0
 3452 0028 18B9     		cbnz	r0, .L215
 899:Drivers/BMP580/bmp5.c ****                 {
 3453              		.loc 1 899 17 is_stmt 1 view .LVU1061
 899:Drivers/BMP580/bmp5.c ****                 {
 3454              		.loc 1 899 34 is_stmt 0 view .LVU1062
 3455 002a 9DF80720 		ldrb	r2, [sp, #7]	@ zero_extendqisi2
 899:Drivers/BMP580/bmp5.c ****                 {
 3456              		.loc 1 899 20 view .LVU1063
 3457 002e 1AB9     		cbnz	r2, .L224
 3458              	.LVL363:
 3459              	.L218:
 905:Drivers/BMP580/bmp5.c ****                 {
 3460              		.loc 1 905 17 is_stmt 1 view .LVU1064
 905:Drivers/BMP580/bmp5.c ****                 {
 3461              		.loc 1 905 20 is_stmt 0 view .LVU1065
 3462 0030 3BB1     		cbz	r3, .L225
 3463              	.LVL364:
 3464              	.L215:
ARM GAS  C:\Users\Nathan\AppData\Local\Temp\ccGCFMYR.s 			page 114


 931:Drivers/BMP580/bmp5.c **** }
 3465              		.loc 1 931 5 is_stmt 1 view .LVU1066
 932:Drivers/BMP580/bmp5.c **** 
 3466              		.loc 1 932 1 is_stmt 0 view .LVU1067
 3467 0032 1846     		mov	r0, r3
 3468 0034 03B0     		add	sp, sp, #12
 3469              		.cfi_remember_state
 3470              		.cfi_def_cfa_offset 12
 3471              		@ sp needed
 3472 0036 30BD     		pop	{r4, r5, pc}
 3473              	.LVL365:
 3474              	.L224:
 3475              		.cfi_restore_state
 902:Drivers/BMP580/bmp5.c ****                 }
 3476              		.loc 1 902 21 is_stmt 1 view .LVU1068
 902:Drivers/BMP580/bmp5.c ****                 }
 3477              		.loc 1 902 28 is_stmt 0 view .LVU1069
 3478 0038 2146     		mov	r1, r4
 3479 003a FFF7FEFF 		bl	bmp5_set_power_mode
 3480              	.LVL366:
 902:Drivers/BMP580/bmp5.c ****                 }
 3481              		.loc 1 902 28 view .LVU1070
 3482 003e 0346     		mov	r3, r0
 3483 0040 F6E7     		b	.L218
 3484              	.LVL367:
 3485              	.L225:
 907:Drivers/BMP580/bmp5.c ****                 }
 3486              		.loc 1 907 21 is_stmt 1 view .LVU1071
 907:Drivers/BMP580/bmp5.c ****                 }
 3487              		.loc 1 907 28 is_stmt 0 view .LVU1072
 3488 0042 2146     		mov	r1, r4
 3489 0044 2846     		mov	r0, r5
 3490 0046 FFF7FEFF 		bl	set_iir_config
 3491              	.LVL368:
 913:Drivers/BMP580/bmp5.c ****                 {
 3492              		.loc 1 913 17 is_stmt 1 view .LVU1073
 913:Drivers/BMP580/bmp5.c ****                 {
 3493              		.loc 1 913 20 is_stmt 0 view .LVU1074
 3494 004a 0346     		mov	r3, r0
 3495 004c 0028     		cmp	r0, #0
 3496 004e F0D1     		bne	.L215
 918:Drivers/BMP580/bmp5.c ****                     {
 3497              		.loc 1 918 21 is_stmt 1 view .LVU1075
 918:Drivers/BMP580/bmp5.c ****                     {
 3498              		.loc 1 918 39 is_stmt 0 view .LVU1076
 3499 0050 9DF80700 		ldrb	r0, [sp, #7]	@ zero_extendqisi2
 3500              	.LVL369:
 918:Drivers/BMP580/bmp5.c ****                     {
 3501              		.loc 1 918 24 view .LVU1077
 3502 0054 0028     		cmp	r0, #0
 3503 0056 ECD0     		beq	.L215
 918:Drivers/BMP580/bmp5.c ****                     {
 3504              		.loc 1 918 66 discriminator 1 view .LVU1078
 3505 0058 0428     		cmp	r0, #4
 3506 005a EAD0     		beq	.L215
 920:Drivers/BMP580/bmp5.c ****                     }
 3507              		.loc 1 920 25 is_stmt 1 view .LVU1079
ARM GAS  C:\Users\Nathan\AppData\Local\Temp\ccGCFMYR.s 			page 115


 920:Drivers/BMP580/bmp5.c ****                     }
 3508              		.loc 1 920 32 is_stmt 0 view .LVU1080
 3509 005c 2146     		mov	r1, r4
 3510 005e FFF7FEFF 		bl	bmp5_set_power_mode
 3511              	.LVL370:
 920:Drivers/BMP580/bmp5.c ****                     }
 3512              		.loc 1 920 32 view .LVU1081
 3513 0062 0346     		mov	r3, r0
 3514              	.LVL371:
 920:Drivers/BMP580/bmp5.c ****                     }
 3515              		.loc 1 920 32 view .LVU1082
 3516 0064 E5E7     		b	.L215
 3517              	.LVL372:
 3518              	.L219:
 3519              		.cfi_def_cfa_offset 0
 3520              		.cfi_restore 4
 3521              		.cfi_restore 5
 3522              		.cfi_restore 14
 928:Drivers/BMP580/bmp5.c ****     }
 3523              		.loc 1 928 14 view .LVU1083
 3524 0066 4FF0FF33 		mov	r3, #-1
 3525              	.LVL373:
 931:Drivers/BMP580/bmp5.c **** }
 3526              		.loc 1 931 5 is_stmt 1 view .LVU1084
 932:Drivers/BMP580/bmp5.c **** 
 3527              		.loc 1 932 1 is_stmt 0 view .LVU1085
 3528 006a 1846     		mov	r0, r3
 3529              	.LVL374:
 932:Drivers/BMP580/bmp5.c **** 
 3530              		.loc 1 932 1 view .LVU1086
 3531 006c 7047     		bx	lr
 3532              		.cfi_endproc
 3533              	.LFE13:
 3535              		.section	.text.bmp5_get_osr_odr_eff,"ax",%progbits
 3536              		.align	1
 3537              		.global	bmp5_get_osr_odr_eff
 3538              		.syntax unified
 3539              		.thumb
 3540              		.thumb_func
 3542              	bmp5_get_osr_odr_eff:
 3543              	.LVL375:
 3544              	.LFB14:
 939:Drivers/BMP580/bmp5.c ****     /* Variable to store the function result */
 3545              		.loc 1 939 1 is_stmt 1 view -0
 3546              		.cfi_startproc
 3547              		@ args = 0, pretend = 0, frame = 8
 3548              		@ frame_needed = 0, uses_anonymous_args = 0
 941:Drivers/BMP580/bmp5.c **** 
 3549              		.loc 1 941 5 view .LVU1088
 944:Drivers/BMP580/bmp5.c **** 
 3550              		.loc 1 944 5 view .LVU1089
 946:Drivers/BMP580/bmp5.c ****     {
 3551              		.loc 1 946 5 view .LVU1090
 946:Drivers/BMP580/bmp5.c ****     {
 3552              		.loc 1 946 8 is_stmt 0 view .LVU1091
 3553 0000 B0B1     		cbz	r0, .L228
 939:Drivers/BMP580/bmp5.c ****     /* Variable to store the function result */
ARM GAS  C:\Users\Nathan\AppData\Local\Temp\ccGCFMYR.s 			page 116


 3554              		.loc 1 939 1 view .LVU1092
 3555 0002 10B5     		push	{r4, lr}
 3556              		.cfi_def_cfa_offset 8
 3557              		.cfi_offset 4, -8
 3558              		.cfi_offset 14, -4
 3559 0004 82B0     		sub	sp, sp, #8
 3560              		.cfi_def_cfa_offset 16
 3561 0006 0B46     		mov	r3, r1
 3562 0008 0446     		mov	r4, r0
 949:Drivers/BMP580/bmp5.c **** 
 3563              		.loc 1 949 9 is_stmt 1 view .LVU1093
 949:Drivers/BMP580/bmp5.c **** 
 3564              		.loc 1 949 16 is_stmt 0 view .LVU1094
 3565 000a 0122     		movs	r2, #1
 3566 000c 0DF10701 		add	r1, sp, #7
 3567              	.LVL376:
 949:Drivers/BMP580/bmp5.c **** 
 3568              		.loc 1 949 16 view .LVU1095
 3569 0010 3820     		movs	r0, #56
 3570              	.LVL377:
 949:Drivers/BMP580/bmp5.c **** 
 3571              		.loc 1 949 16 view .LVU1096
 3572 0012 FFF7FEFF 		bl	bmp5_get_regs
 3573              	.LVL378:
 951:Drivers/BMP580/bmp5.c ****         {
 3574              		.loc 1 951 9 is_stmt 1 view .LVU1097
 951:Drivers/BMP580/bmp5.c ****         {
 3575              		.loc 1 951 12 is_stmt 0 view .LVU1098
 3576 0016 48B9     		cbnz	r0, .L227
 953:Drivers/BMP580/bmp5.c ****             osr_odr_eff->osr_p_eff = BMP5_GET_BITSLICE(reg_data, BMP5_OSR_PRESS_EFF);
 3577              		.loc 1 953 13 is_stmt 1 view .LVU1099
 953:Drivers/BMP580/bmp5.c ****             osr_odr_eff->osr_p_eff = BMP5_GET_BITSLICE(reg_data, BMP5_OSR_PRESS_EFF);
 3578              		.loc 1 953 38 is_stmt 0 view .LVU1100
 3579 0018 9DF80730 		ldrb	r3, [sp, #7]	@ zero_extendqisi2
 3580 001c 03F00702 		and	r2, r3, #7
 953:Drivers/BMP580/bmp5.c ****             osr_odr_eff->osr_p_eff = BMP5_GET_BITSLICE(reg_data, BMP5_OSR_PRESS_EFF);
 3581              		.loc 1 953 36 view .LVU1101
 3582 0020 2270     		strb	r2, [r4]
 954:Drivers/BMP580/bmp5.c ****             osr_odr_eff->odr_is_valid = BMP5_GET_BITSLICE(reg_data, BMP5_ODR_IS_VALID);
 3583              		.loc 1 954 13 is_stmt 1 view .LVU1102
 954:Drivers/BMP580/bmp5.c ****             osr_odr_eff->odr_is_valid = BMP5_GET_BITSLICE(reg_data, BMP5_ODR_IS_VALID);
 3584              		.loc 1 954 38 is_stmt 0 view .LVU1103
 3585 0022 C3F3C202 		ubfx	r2, r3, #3, #3
 954:Drivers/BMP580/bmp5.c ****             osr_odr_eff->odr_is_valid = BMP5_GET_BITSLICE(reg_data, BMP5_ODR_IS_VALID);
 3586              		.loc 1 954 36 view .LVU1104
 3587 0026 6270     		strb	r2, [r4, #1]
 955:Drivers/BMP580/bmp5.c ****         }
 3588              		.loc 1 955 13 is_stmt 1 view .LVU1105
 955:Drivers/BMP580/bmp5.c ****         }
 3589              		.loc 1 955 41 is_stmt 0 view .LVU1106
 3590 0028 DB09     		lsrs	r3, r3, #7
 955:Drivers/BMP580/bmp5.c ****         }
 3591              		.loc 1 955 39 view .LVU1107
 3592 002a A370     		strb	r3, [r4, #2]
 3593              	.L227:
 963:Drivers/BMP580/bmp5.c **** }
 3594              		.loc 1 963 5 is_stmt 1 view .LVU1108
ARM GAS  C:\Users\Nathan\AppData\Local\Temp\ccGCFMYR.s 			page 117


 964:Drivers/BMP580/bmp5.c **** 
 3595              		.loc 1 964 1 is_stmt 0 view .LVU1109
 3596 002c 02B0     		add	sp, sp, #8
 3597              		.cfi_def_cfa_offset 8
 3598              		@ sp needed
 3599 002e 10BD     		pop	{r4, pc}
 3600              	.LVL379:
 3601              	.L228:
 3602              		.cfi_def_cfa_offset 0
 3603              		.cfi_restore 4
 3604              		.cfi_restore 14
 960:Drivers/BMP580/bmp5.c ****     }
 3605              		.loc 1 960 14 view .LVU1110
 3606 0030 4FF0FF30 		mov	r0, #-1
 3607              	.LVL380:
 963:Drivers/BMP580/bmp5.c **** }
 3608              		.loc 1 963 5 is_stmt 1 view .LVU1111
 964:Drivers/BMP580/bmp5.c **** 
 3609              		.loc 1 964 1 is_stmt 0 view .LVU1112
 3610 0034 7047     		bx	lr
 3611              		.cfi_endproc
 3612              	.LFE14:
 3614              		.section	.text.bmp5_get_fifo_configuration,"ax",%progbits
 3615              		.align	1
 3616              		.global	bmp5_get_fifo_configuration
 3617              		.syntax unified
 3618              		.thumb
 3619              		.thumb_func
 3621              	bmp5_get_fifo_configuration:
 3622              	.LVL381:
 3623              	.LFB15:
 970:Drivers/BMP580/bmp5.c ****     int8_t rslt = 0;
 3624              		.loc 1 970 1 is_stmt 1 view -0
 3625              		.cfi_startproc
 3626              		@ args = 0, pretend = 0, frame = 8
 3627              		@ frame_needed = 0, uses_anonymous_args = 0
 971:Drivers/BMP580/bmp5.c ****     uint8_t reg_data;
 3628              		.loc 1 971 5 view .LVU1114
 972:Drivers/BMP580/bmp5.c **** 
 3629              		.loc 1 972 5 view .LVU1115
 974:Drivers/BMP580/bmp5.c ****     {
 3630              		.loc 1 974 5 view .LVU1116
 974:Drivers/BMP580/bmp5.c ****     {
 3631              		.loc 1 974 8 is_stmt 0 view .LVU1117
 3632 0000 0028     		cmp	r0, #0
 3633 0002 38D0     		beq	.L235
 970:Drivers/BMP580/bmp5.c ****     int8_t rslt = 0;
 3634              		.loc 1 970 1 view .LVU1118
 3635 0004 30B5     		push	{r4, r5, lr}
 3636              		.cfi_def_cfa_offset 12
 3637              		.cfi_offset 4, -12
 3638              		.cfi_offset 5, -8
 3639              		.cfi_offset 14, -4
 3640 0006 83B0     		sub	sp, sp, #12
 3641              		.cfi_def_cfa_offset 24
 3642 0008 0D46     		mov	r5, r1
 3643 000a 0446     		mov	r4, r0
ARM GAS  C:\Users\Nathan\AppData\Local\Temp\ccGCFMYR.s 			page 118


 977:Drivers/BMP580/bmp5.c **** 
 3644              		.loc 1 977 9 is_stmt 1 view .LVU1119
 977:Drivers/BMP580/bmp5.c **** 
 3645              		.loc 1 977 16 is_stmt 0 view .LVU1120
 3646 000c 0B46     		mov	r3, r1
 3647 000e 0122     		movs	r2, #1
 3648 0010 0DF10701 		add	r1, sp, #7
 3649              	.LVL382:
 977:Drivers/BMP580/bmp5.c **** 
 3650              		.loc 1 977 16 view .LVU1121
 3651 0014 1620     		movs	r0, #22
 3652              	.LVL383:
 977:Drivers/BMP580/bmp5.c **** 
 3653              		.loc 1 977 16 view .LVU1122
 3654 0016 FFF7FEFF 		bl	bmp5_get_regs
 3655              	.LVL384:
 979:Drivers/BMP580/bmp5.c ****         {
 3656              		.loc 1 979 9 is_stmt 1 view .LVU1123
 979:Drivers/BMP580/bmp5.c ****         {
 3657              		.loc 1 979 12 is_stmt 0 view .LVU1124
 3658 001a 08B1     		cbz	r0, .L240
 3659              	.LVL385:
 3660              	.L234:
1009:Drivers/BMP580/bmp5.c **** }
 3661              		.loc 1 1009 5 is_stmt 1 view .LVU1125
1010:Drivers/BMP580/bmp5.c **** 
 3662              		.loc 1 1010 1 is_stmt 0 view .LVU1126
 3663 001c 03B0     		add	sp, sp, #12
 3664              		.cfi_remember_state
 3665              		.cfi_def_cfa_offset 12
 3666              		@ sp needed
 3667 001e 30BD     		pop	{r4, r5, pc}
 3668              	.LVL386:
 3669              	.L240:
 3670              		.cfi_restore_state
 981:Drivers/BMP580/bmp5.c ****             fifo->mode = BMP5_GET_BITSLICE(reg_data, BMP5_FIFO_MODE);
 3671              		.loc 1 981 13 is_stmt 1 view .LVU1127
 981:Drivers/BMP580/bmp5.c ****             fifo->mode = BMP5_GET_BITSLICE(reg_data, BMP5_FIFO_MODE);
 3672              		.loc 1 981 31 is_stmt 0 view .LVU1128
 3673 0020 9DF80730 		ldrb	r3, [sp, #7]	@ zero_extendqisi2
 3674 0024 03F01F02 		and	r2, r3, #31
 981:Drivers/BMP580/bmp5.c ****             fifo->mode = BMP5_GET_BITSLICE(reg_data, BMP5_FIFO_MODE);
 3675              		.loc 1 981 29 view .LVU1129
 3676 0028 A272     		strb	r2, [r4, #10]
 982:Drivers/BMP580/bmp5.c **** 
 3677              		.loc 1 982 13 is_stmt 1 view .LVU1130
 982:Drivers/BMP580/bmp5.c **** 
 3678              		.loc 1 982 26 is_stmt 0 view .LVU1131
 3679 002a C3F34013 		ubfx	r3, r3, #5, #1
 982:Drivers/BMP580/bmp5.c **** 
 3680              		.loc 1 982 24 view .LVU1132
 3681 002e 6372     		strb	r3, [r4, #9]
 984:Drivers/BMP580/bmp5.c **** 
 3682              		.loc 1 984 13 is_stmt 1 view .LVU1133
 984:Drivers/BMP580/bmp5.c **** 
 3683              		.loc 1 984 20 is_stmt 0 view .LVU1134
 3684 0030 2B46     		mov	r3, r5
ARM GAS  C:\Users\Nathan\AppData\Local\Temp\ccGCFMYR.s 			page 119


 3685 0032 0122     		movs	r2, #1
 3686 0034 0DF10701 		add	r1, sp, #7
 3687 0038 1820     		movs	r0, #24
 3688              	.LVL387:
 984:Drivers/BMP580/bmp5.c **** 
 3689              		.loc 1 984 20 view .LVU1135
 3690 003a FFF7FEFF 		bl	bmp5_get_regs
 3691              	.LVL388:
 986:Drivers/BMP580/bmp5.c ****             {
 3692              		.loc 1 986 13 is_stmt 1 view .LVU1136
 986:Drivers/BMP580/bmp5.c ****             {
 3693              		.loc 1 986 16 is_stmt 0 view .LVU1137
 3694 003e 0028     		cmp	r0, #0
 3695 0040 ECD1     		bne	.L234
 988:Drivers/BMP580/bmp5.c ****                 fifo->dec_sel = BMP5_GET_BITSLICE(reg_data, BMP5_FIFO_DEC_SEL);
 3696              		.loc 1 988 17 is_stmt 1 view .LVU1138
 988:Drivers/BMP580/bmp5.c ****                 fifo->dec_sel = BMP5_GET_BITSLICE(reg_data, BMP5_FIFO_DEC_SEL);
 3697              		.loc 1 988 35 is_stmt 0 view .LVU1139
 3698 0042 9DF80730 		ldrb	r3, [sp, #7]	@ zero_extendqisi2
 3699 0046 03F00302 		and	r2, r3, #3
 988:Drivers/BMP580/bmp5.c ****                 fifo->dec_sel = BMP5_GET_BITSLICE(reg_data, BMP5_FIFO_DEC_SEL);
 3700              		.loc 1 988 33 view .LVU1140
 3701 004a A271     		strb	r2, [r4, #6]
 989:Drivers/BMP580/bmp5.c ****             }
 3702              		.loc 1 989 17 is_stmt 1 view .LVU1141
 989:Drivers/BMP580/bmp5.c ****             }
 3703              		.loc 1 989 33 is_stmt 0 view .LVU1142
 3704 004c C3F38203 		ubfx	r3, r3, #2, #3
 989:Drivers/BMP580/bmp5.c ****             }
 3705              		.loc 1 989 31 view .LVU1143
 3706 0050 E371     		strb	r3, [r4, #7]
 993:Drivers/BMP580/bmp5.c ****         {
 3707              		.loc 1 993 9 is_stmt 1 view .LVU1144
 995:Drivers/BMP580/bmp5.c **** 
 3708              		.loc 1 995 13 view .LVU1145
 995:Drivers/BMP580/bmp5.c **** 
 3709              		.loc 1 995 20 is_stmt 0 view .LVU1146
 3710 0052 2B46     		mov	r3, r5
 3711 0054 0122     		movs	r2, #1
 3712 0056 0DF10701 		add	r1, sp, #7
 3713 005a 3020     		movs	r0, #48
 3714              	.LVL389:
 995:Drivers/BMP580/bmp5.c **** 
 3715              		.loc 1 995 20 view .LVU1147
 3716 005c FFF7FEFF 		bl	bmp5_get_regs
 3717              	.LVL390:
 997:Drivers/BMP580/bmp5.c ****             {
 3718              		.loc 1 997 13 is_stmt 1 view .LVU1148
 997:Drivers/BMP580/bmp5.c ****             {
 3719              		.loc 1 997 16 is_stmt 0 view .LVU1149
 3720 0060 0028     		cmp	r0, #0
 3721 0062 DBD1     		bne	.L234
 999:Drivers/BMP580/bmp5.c ****                 fifo->set_fifo_iir_p = BMP5_GET_BITSLICE(reg_data, BMP5_SET_FIFO_IIR_PRESS);
 3722              		.loc 1 999 17 is_stmt 1 view .LVU1150
 999:Drivers/BMP580/bmp5.c ****                 fifo->set_fifo_iir_p = BMP5_GET_BITSLICE(reg_data, BMP5_SET_FIFO_IIR_PRESS);
 3723              		.loc 1 999 40 is_stmt 0 view .LVU1151
 3724 0064 9DF80730 		ldrb	r3, [sp, #7]	@ zero_extendqisi2
ARM GAS  C:\Users\Nathan\AppData\Local\Temp\ccGCFMYR.s 			page 120


 3725 0068 C3F30012 		ubfx	r2, r3, #4, #1
 999:Drivers/BMP580/bmp5.c ****                 fifo->set_fifo_iir_p = BMP5_GET_BITSLICE(reg_data, BMP5_SET_FIFO_IIR_PRESS);
 3726              		.loc 1 999 38 view .LVU1152
 3727 006c E272     		strb	r2, [r4, #11]
1000:Drivers/BMP580/bmp5.c ****             }
 3728              		.loc 1 1000 17 is_stmt 1 view .LVU1153
1000:Drivers/BMP580/bmp5.c ****             }
 3729              		.loc 1 1000 40 is_stmt 0 view .LVU1154
 3730 006e C3F38013 		ubfx	r3, r3, #6, #1
1000:Drivers/BMP580/bmp5.c ****             }
 3731              		.loc 1 1000 38 view .LVU1155
 3732 0072 2373     		strb	r3, [r4, #12]
 3733 0074 D2E7     		b	.L234
 3734              	.LVL391:
 3735              	.L235:
 3736              		.cfi_def_cfa_offset 0
 3737              		.cfi_restore 4
 3738              		.cfi_restore 5
 3739              		.cfi_restore 14
1006:Drivers/BMP580/bmp5.c ****     }
 3740              		.loc 1 1006 14 view .LVU1156
 3741 0076 4FF0FF30 		mov	r0, #-1
 3742              	.LVL392:
1009:Drivers/BMP580/bmp5.c **** }
 3743              		.loc 1 1009 5 is_stmt 1 view .LVU1157
1010:Drivers/BMP580/bmp5.c **** 
 3744              		.loc 1 1010 1 is_stmt 0 view .LVU1158
 3745 007a 7047     		bx	lr
 3746              		.cfi_endproc
 3747              	.LFE15:
 3749              		.section	.text.bmp5_set_fifo_configuration,"ax",%progbits
 3750              		.align	1
 3751              		.global	bmp5_set_fifo_configuration
 3752              		.syntax unified
 3753              		.thumb
 3754              		.thumb_func
 3756              	bmp5_set_fifo_configuration:
 3757              	.LVL393:
 3758              	.LFB16:
1019:Drivers/BMP580/bmp5.c ****     int8_t rslt = 0;
 3759              		.loc 1 1019 1 is_stmt 1 view -0
 3760              		.cfi_startproc
 3761              		@ args = 0, pretend = 0, frame = 8
 3762              		@ frame_needed = 0, uses_anonymous_args = 0
1020:Drivers/BMP580/bmp5.c ****     uint8_t reg_data;
 3763              		.loc 1 1020 5 view .LVU1160
1021:Drivers/BMP580/bmp5.c ****     uint8_t set_fifo_iir_t, set_fifo_iit_p;
 3764              		.loc 1 1021 5 view .LVU1161
1022:Drivers/BMP580/bmp5.c **** 
 3765              		.loc 1 1022 5 view .LVU1162
1024:Drivers/BMP580/bmp5.c ****     {
 3766              		.loc 1 1024 5 view .LVU1163
1024:Drivers/BMP580/bmp5.c ****     {
 3767              		.loc 1 1024 8 is_stmt 0 view .LVU1164
 3768 0000 0028     		cmp	r0, #0
 3769 0002 61D0     		beq	.L244
1019:Drivers/BMP580/bmp5.c ****     int8_t rslt = 0;
ARM GAS  C:\Users\Nathan\AppData\Local\Temp\ccGCFMYR.s 			page 121


 3770              		.loc 1 1019 1 view .LVU1165
 3771 0004 30B5     		push	{r4, r5, lr}
 3772              		.cfi_def_cfa_offset 12
 3773              		.cfi_offset 4, -12
 3774              		.cfi_offset 5, -8
 3775              		.cfi_offset 14, -4
 3776 0006 83B0     		sub	sp, sp, #12
 3777              		.cfi_def_cfa_offset 24
 3778 0008 0D46     		mov	r5, r1
 3779 000a 0446     		mov	r4, r0
1029:Drivers/BMP580/bmp5.c ****         {
 3780              		.loc 1 1029 9 is_stmt 1 view .LVU1166
1029:Drivers/BMP580/bmp5.c ****         {
 3781              		.loc 1 1029 17 is_stmt 0 view .LVU1167
 3782 000c 8379     		ldrb	r3, [r0, #6]	@ zero_extendqisi2
1029:Drivers/BMP580/bmp5.c ****         {
 3783              		.loc 1 1029 12 view .LVU1168
 3784 000e 23B1     		cbz	r3, .L243
1031:Drivers/BMP580/bmp5.c ****         }
 3785              		.loc 1 1031 13 is_stmt 1 view .LVU1169
1031:Drivers/BMP580/bmp5.c ****         }
 3786              		.loc 1 1031 20 is_stmt 0 view .LVU1170
 3787 0010 0846     		mov	r0, r1
 3788              	.LVL394:
1031:Drivers/BMP580/bmp5.c ****         }
 3789              		.loc 1 1031 20 view .LVU1171
 3790 0012 FFF7FEFF 		bl	set_standby_mode
 3791              	.LVL395:
1034:Drivers/BMP580/bmp5.c ****         {
 3792              		.loc 1 1034 9 is_stmt 1 view .LVU1172
1034:Drivers/BMP580/bmp5.c ****         {
 3793              		.loc 1 1034 12 is_stmt 0 view .LVU1173
 3794 0016 0346     		mov	r3, r0
 3795 0018 30B9     		cbnz	r0, .L242
 3796              	.LVL396:
 3797              	.L243:
1036:Drivers/BMP580/bmp5.c ****             set_fifo_iit_p = fifo->set_fifo_iir_p;
 3798              		.loc 1 1036 13 is_stmt 1 view .LVU1174
1037:Drivers/BMP580/bmp5.c **** 
 3799              		.loc 1 1037 13 view .LVU1175
1039:Drivers/BMP580/bmp5.c **** 
 3800              		.loc 1 1039 13 view .LVU1176
1039:Drivers/BMP580/bmp5.c **** 
 3801              		.loc 1 1039 20 is_stmt 0 view .LVU1177
 3802 001a 2A46     		mov	r2, r5
 3803 001c 217B     		ldrb	r1, [r4, #12]	@ zero_extendqisi2
 3804 001e E07A     		ldrb	r0, [r4, #11]	@ zero_extendqisi2
 3805 0020 FFF7FEFF 		bl	set_fifo_iir_config
 3806              	.LVL397:
1041:Drivers/BMP580/bmp5.c ****             {
 3807              		.loc 1 1041 13 is_stmt 1 view .LVU1178
1041:Drivers/BMP580/bmp5.c ****             {
 3808              		.loc 1 1041 16 is_stmt 0 view .LVU1179
 3809 0024 0346     		mov	r3, r0
 3810 0026 10B1     		cbz	r0, .L249
 3811              	.LVL398:
 3812              	.L242:
ARM GAS  C:\Users\Nathan\AppData\Local\Temp\ccGCFMYR.s 			page 122


1083:Drivers/BMP580/bmp5.c **** }
 3813              		.loc 1 1083 5 is_stmt 1 view .LVU1180
1084:Drivers/BMP580/bmp5.c **** 
 3814              		.loc 1 1084 1 is_stmt 0 view .LVU1181
 3815 0028 1846     		mov	r0, r3
 3816 002a 03B0     		add	sp, sp, #12
 3817              		.cfi_remember_state
 3818              		.cfi_def_cfa_offset 12
 3819              		@ sp needed
 3820 002c 30BD     		pop	{r4, r5, pc}
 3821              	.LVL399:
 3822              	.L249:
 3823              		.cfi_restore_state
1044:Drivers/BMP580/bmp5.c **** 
 3824              		.loc 1 1044 17 is_stmt 1 view .LVU1182
1044:Drivers/BMP580/bmp5.c **** 
 3825              		.loc 1 1044 24 is_stmt 0 view .LVU1183
 3826 002e 2B46     		mov	r3, r5
 3827 0030 0122     		movs	r2, #1
 3828 0032 0DF10701 		add	r1, sp, #7
 3829 0036 1620     		movs	r0, #22
 3830              	.LVL400:
1044:Drivers/BMP580/bmp5.c **** 
 3831              		.loc 1 1044 24 view .LVU1184
 3832 0038 FFF7FEFF 		bl	bmp5_get_regs
 3833              	.LVL401:
1046:Drivers/BMP580/bmp5.c ****                 {
 3834              		.loc 1 1046 17 is_stmt 1 view .LVU1185
1046:Drivers/BMP580/bmp5.c ****                 {
 3835              		.loc 1 1046 20 is_stmt 0 view .LVU1186
 3836 003c 0346     		mov	r3, r0
 3837 003e 0028     		cmp	r0, #0
 3838 0040 F2D1     		bne	.L242
1048:Drivers/BMP580/bmp5.c **** 
 3839              		.loc 1 1048 21 is_stmt 1 view .LVU1187
1048:Drivers/BMP580/bmp5.c **** 
 3840              		.loc 1 1048 32 is_stmt 0 view .LVU1188
 3841 0042 9DF80730 		ldrb	r3, [sp, #7]	@ zero_extendqisi2
 3842 0046 627A     		ldrb	r2, [r4, #9]	@ zero_extendqisi2
 3843 0048 5201     		lsls	r2, r2, #5
 3844 004a 02F02002 		and	r2, r2, #32
 3845 004e 23F02003 		bic	r3, r3, #32
 3846 0052 1343     		orrs	r3, r3, r2
1048:Drivers/BMP580/bmp5.c **** 
 3847              		.loc 1 1048 30 view .LVU1189
 3848 0054 8DF80730 		strb	r3, [sp, #7]
1050:Drivers/BMP580/bmp5.c ****                 }
 3849              		.loc 1 1050 21 is_stmt 1 view .LVU1190
1050:Drivers/BMP580/bmp5.c ****                 }
 3850              		.loc 1 1050 28 is_stmt 0 view .LVU1191
 3851 0058 2146     		mov	r1, r4
 3852 005a 0DF10700 		add	r0, sp, #7
 3853              	.LVL402:
1050:Drivers/BMP580/bmp5.c ****                 }
 3854              		.loc 1 1050 28 view .LVU1192
 3855 005e FFF7FEFF 		bl	set_fifo_threshold
 3856              	.LVL403:
ARM GAS  C:\Users\Nathan\AppData\Local\Temp\ccGCFMYR.s 			page 123


1053:Drivers/BMP580/bmp5.c ****                 {
 3857              		.loc 1 1053 17 is_stmt 1 view .LVU1193
1053:Drivers/BMP580/bmp5.c ****                 {
 3858              		.loc 1 1053 20 is_stmt 0 view .LVU1194
 3859 0062 0346     		mov	r3, r0
 3860 0064 0028     		cmp	r0, #0
 3861 0066 DFD1     		bne	.L242
1056:Drivers/BMP580/bmp5.c ****                 }
 3862              		.loc 1 1056 21 is_stmt 1 view .LVU1195
1056:Drivers/BMP580/bmp5.c ****                 }
 3863              		.loc 1 1056 28 is_stmt 0 view .LVU1196
 3864 0068 2B46     		mov	r3, r5
 3865 006a 0122     		movs	r2, #1
 3866 006c 0DF10701 		add	r1, sp, #7
 3867 0070 1620     		movs	r0, #22
 3868              	.LVL404:
1056:Drivers/BMP580/bmp5.c ****                 }
 3869              		.loc 1 1056 28 view .LVU1197
 3870 0072 FFF7FEFF 		bl	bmp5_set_regs
 3871              	.LVL405:
1059:Drivers/BMP580/bmp5.c ****                 {
 3872              		.loc 1 1059 17 is_stmt 1 view .LVU1198
1059:Drivers/BMP580/bmp5.c ****                 {
 3873              		.loc 1 1059 20 is_stmt 0 view .LVU1199
 3874 0076 0346     		mov	r3, r0
 3875 0078 0028     		cmp	r0, #0
 3876 007a D5D1     		bne	.L242
1061:Drivers/BMP580/bmp5.c ****                 }
 3877              		.loc 1 1061 21 is_stmt 1 view .LVU1200
1061:Drivers/BMP580/bmp5.c ****                 }
 3878              		.loc 1 1061 28 is_stmt 0 view .LVU1201
 3879 007c 2B46     		mov	r3, r5
 3880 007e 0122     		movs	r2, #1
 3881 0080 0DF10701 		add	r1, sp, #7
 3882 0084 1820     		movs	r0, #24
 3883              	.LVL406:
1061:Drivers/BMP580/bmp5.c ****                 }
 3884              		.loc 1 1061 28 view .LVU1202
 3885 0086 FFF7FEFF 		bl	bmp5_get_regs
 3886              	.LVL407:
1064:Drivers/BMP580/bmp5.c ****                 {
 3887              		.loc 1 1064 17 is_stmt 1 view .LVU1203
1064:Drivers/BMP580/bmp5.c ****                 {
 3888              		.loc 1 1064 20 is_stmt 0 view .LVU1204
 3889 008a 0346     		mov	r3, r0
 3890 008c 0028     		cmp	r0, #0
 3891 008e CBD1     		bne	.L242
1066:Drivers/BMP580/bmp5.c ****                     reg_data = BMP5_SET_BITSLICE(reg_data, BMP5_FIFO_DEC_SEL, fifo->dec_sel);
 3892              		.loc 1 1066 21 is_stmt 1 view .LVU1205
1066:Drivers/BMP580/bmp5.c ****                     reg_data = BMP5_SET_BITSLICE(reg_data, BMP5_FIFO_DEC_SEL, fifo->dec_sel);
 3893              		.loc 1 1066 32 is_stmt 0 view .LVU1206
 3894 0090 9DF80730 		ldrb	r3, [sp, #7]	@ zero_extendqisi2
 3895 0094 A279     		ldrb	r2, [r4, #6]	@ zero_extendqisi2
 3896 0096 23F00303 		bic	r3, r3, #3
 3897 009a 02F00302 		and	r2, r2, #3
 3898 009e 1343     		orrs	r3, r3, r2
1066:Drivers/BMP580/bmp5.c ****                     reg_data = BMP5_SET_BITSLICE(reg_data, BMP5_FIFO_DEC_SEL, fifo->dec_sel);
ARM GAS  C:\Users\Nathan\AppData\Local\Temp\ccGCFMYR.s 			page 124


 3899              		.loc 1 1066 30 view .LVU1207
 3900 00a0 8DF80730 		strb	r3, [sp, #7]
1067:Drivers/BMP580/bmp5.c ****                 }
 3901              		.loc 1 1067 21 is_stmt 1 view .LVU1208
1067:Drivers/BMP580/bmp5.c ****                 }
 3902              		.loc 1 1067 32 is_stmt 0 view .LVU1209
 3903 00a4 E279     		ldrb	r2, [r4, #7]	@ zero_extendqisi2
 3904 00a6 9200     		lsls	r2, r2, #2
 3905 00a8 02F01C02 		and	r2, r2, #28
 3906 00ac 23F01C03 		bic	r3, r3, #28
 3907 00b0 1343     		orrs	r3, r3, r2
1067:Drivers/BMP580/bmp5.c ****                 }
 3908              		.loc 1 1067 30 view .LVU1210
 3909 00b2 8DF80730 		strb	r3, [sp, #7]
1070:Drivers/BMP580/bmp5.c ****                 {
 3910              		.loc 1 1070 17 is_stmt 1 view .LVU1211
1073:Drivers/BMP580/bmp5.c ****                 }
 3911              		.loc 1 1073 21 view .LVU1212
1073:Drivers/BMP580/bmp5.c ****                 }
 3912              		.loc 1 1073 28 is_stmt 0 view .LVU1213
 3913 00b6 2B46     		mov	r3, r5
 3914 00b8 0122     		movs	r2, #1
 3915 00ba 0DF10701 		add	r1, sp, #7
 3916 00be 1820     		movs	r0, #24
 3917              	.LVL408:
1073:Drivers/BMP580/bmp5.c ****                 }
 3918              		.loc 1 1073 28 view .LVU1214
 3919 00c0 FFF7FEFF 		bl	bmp5_set_regs
 3920              	.LVL409:
 3921 00c4 0346     		mov	r3, r0
 3922              	.LVL410:
1073:Drivers/BMP580/bmp5.c ****                 }
 3923              		.loc 1 1073 28 view .LVU1215
 3924 00c6 AFE7     		b	.L242
 3925              	.LVL411:
 3926              	.L244:
 3927              		.cfi_def_cfa_offset 0
 3928              		.cfi_restore 4
 3929              		.cfi_restore 5
 3930              		.cfi_restore 14
1080:Drivers/BMP580/bmp5.c ****     }
 3931              		.loc 1 1080 14 view .LVU1216
 3932 00c8 4FF0FF33 		mov	r3, #-1
 3933              	.LVL412:
1083:Drivers/BMP580/bmp5.c **** }
 3934              		.loc 1 1083 5 is_stmt 1 view .LVU1217
1084:Drivers/BMP580/bmp5.c **** 
 3935              		.loc 1 1084 1 is_stmt 0 view .LVU1218
 3936 00cc 1846     		mov	r0, r3
 3937              	.LVL413:
1084:Drivers/BMP580/bmp5.c **** 
 3938              		.loc 1 1084 1 view .LVU1219
 3939 00ce 7047     		bx	lr
 3940              		.cfi_endproc
 3941              	.LFE16:
 3943              		.section	.text.bmp5_get_fifo_len,"ax",%progbits
 3944              		.align	1
ARM GAS  C:\Users\Nathan\AppData\Local\Temp\ccGCFMYR.s 			page 125


 3945              		.global	bmp5_get_fifo_len
 3946              		.syntax unified
 3947              		.thumb
 3948              		.thumb_func
 3950              	bmp5_get_fifo_len:
 3951              	.LVL414:
 3952              	.LFB17:
1090:Drivers/BMP580/bmp5.c ****     int8_t rslt;
 3953              		.loc 1 1090 1 is_stmt 1 view -0
 3954              		.cfi_startproc
 3955              		@ args = 0, pretend = 0, frame = 8
 3956              		@ frame_needed = 0, uses_anonymous_args = 0
1091:Drivers/BMP580/bmp5.c ****     uint8_t reg_data;
 3957              		.loc 1 1091 5 view .LVU1221
1092:Drivers/BMP580/bmp5.c **** 
 3958              		.loc 1 1092 5 view .LVU1222
1094:Drivers/BMP580/bmp5.c ****     {
 3959              		.loc 1 1094 5 view .LVU1223
1094:Drivers/BMP580/bmp5.c ****     {
 3960              		.loc 1 1094 8 is_stmt 0 view .LVU1224
 3961 0000 11B3     		cbz	r1, .L253
1090:Drivers/BMP580/bmp5.c ****     int8_t rslt;
 3962              		.loc 1 1090 1 view .LVU1225
 3963 0002 30B5     		push	{r4, r5, lr}
 3964              		.cfi_def_cfa_offset 12
 3965              		.cfi_offset 4, -12
 3966              		.cfi_offset 5, -8
 3967              		.cfi_offset 14, -4
 3968 0004 83B0     		sub	sp, sp, #12
 3969              		.cfi_def_cfa_offset 24
 3970 0006 0446     		mov	r4, r0
 3971 0008 1346     		mov	r3, r2
 3972 000a 0D46     		mov	r5, r1
1094:Drivers/BMP580/bmp5.c ****     {
 3973              		.loc 1 1094 24 discriminator 1 view .LVU1226
 3974 000c F8B1     		cbz	r0, .L254
1097:Drivers/BMP580/bmp5.c **** 
 3975              		.loc 1 1097 9 is_stmt 1 view .LVU1227
1097:Drivers/BMP580/bmp5.c **** 
 3976              		.loc 1 1097 16 is_stmt 0 view .LVU1228
 3977 000e 0122     		movs	r2, #1
 3978              	.LVL415:
1097:Drivers/BMP580/bmp5.c **** 
 3979              		.loc 1 1097 16 view .LVU1229
 3980 0010 0DF10701 		add	r1, sp, #7
 3981              	.LVL416:
1097:Drivers/BMP580/bmp5.c **** 
 3982              		.loc 1 1097 16 view .LVU1230
 3983 0014 1720     		movs	r0, #23
 3984              	.LVL417:
1097:Drivers/BMP580/bmp5.c **** 
 3985              		.loc 1 1097 16 view .LVU1231
 3986 0016 FFF7FEFF 		bl	bmp5_get_regs
 3987              	.LVL418:
1099:Drivers/BMP580/bmp5.c ****         {
 3988              		.loc 1 1099 9 is_stmt 1 view .LVU1232
1099:Drivers/BMP580/bmp5.c ****         {
ARM GAS  C:\Users\Nathan\AppData\Local\Temp\ccGCFMYR.s 			page 126


 3989              		.loc 1 1099 12 is_stmt 0 view .LVU1233
 3990 001a 98B9     		cbnz	r0, .L251
1101:Drivers/BMP580/bmp5.c **** 
 3991              		.loc 1 1101 13 is_stmt 1 view .LVU1234
1101:Drivers/BMP580/bmp5.c **** 
 3992              		.loc 1 1101 32 is_stmt 0 view .LVU1235
 3993 001c 9DF80730 		ldrb	r3, [sp, #7]	@ zero_extendqisi2
 3994 0020 03F03F03 		and	r3, r3, #63
1101:Drivers/BMP580/bmp5.c **** 
 3995              		.loc 1 1101 30 view .LVU1236
 3996 0024 2B72     		strb	r3, [r5, #8]
1103:Drivers/BMP580/bmp5.c ****             {
 3997              		.loc 1 1103 13 is_stmt 1 view .LVU1237
1103:Drivers/BMP580/bmp5.c ****             {
 3998              		.loc 1 1103 22 is_stmt 0 view .LVU1238
 3999 0026 A979     		ldrb	r1, [r5, #6]	@ zero_extendqisi2
1103:Drivers/BMP580/bmp5.c ****             {
 4000              		.loc 1 1103 65 view .LVU1239
 4001 0028 4A1E     		subs	r2, r1, #1
 4002 002a D2B2     		uxtb	r2, r2
1103:Drivers/BMP580/bmp5.c ****             {
 4003              		.loc 1 1103 16 view .LVU1240
 4004 002c 012A     		cmp	r2, #1
 4005 002e 06D9     		bls	.L259
1110:Drivers/BMP580/bmp5.c ****             {
 4006              		.loc 1 1110 18 is_stmt 1 view .LVU1241
1110:Drivers/BMP580/bmp5.c ****             {
 4007              		.loc 1 1110 21 is_stmt 0 view .LVU1242
 4008 0030 0329     		cmp	r1, #3
 4009 0032 07D1     		bne	.L251
1115:Drivers/BMP580/bmp5.c ****             }
 4010              		.loc 1 1115 17 is_stmt 1 view .LVU1243
1115:Drivers/BMP580/bmp5.c ****             }
 4011              		.loc 1 1115 27 is_stmt 0 view .LVU1244
 4012 0034 03EB4303 		add	r3, r3, r3, lsl #1
 4013 0038 5B00     		lsls	r3, r3, #1
 4014 003a 2380     		strh	r3, [r4]	@ movhi
 4015 003c 02E0     		b	.L251
 4016              	.L259:
1108:Drivers/BMP580/bmp5.c ****             }
 4017              		.loc 1 1108 17 is_stmt 1 view .LVU1245
1108:Drivers/BMP580/bmp5.c ****             }
 4018              		.loc 1 1108 27 is_stmt 0 view .LVU1246
 4019 003e 03EB4303 		add	r3, r3, r3, lsl #1
 4020 0042 2380     		strh	r3, [r4]	@ movhi
 4021              	.LVL419:
 4022              	.L251:
1124:Drivers/BMP580/bmp5.c **** }
 4023              		.loc 1 1124 5 is_stmt 1 view .LVU1247
1125:Drivers/BMP580/bmp5.c **** 
 4024              		.loc 1 1125 1 is_stmt 0 view .LVU1248
 4025 0044 03B0     		add	sp, sp, #12
 4026              		.cfi_def_cfa_offset 12
 4027              		@ sp needed
 4028 0046 30BD     		pop	{r4, r5, pc}
 4029              	.LVL420:
 4030              	.L253:
ARM GAS  C:\Users\Nathan\AppData\Local\Temp\ccGCFMYR.s 			page 127


 4031              		.cfi_def_cfa_offset 0
 4032              		.cfi_restore 4
 4033              		.cfi_restore 5
 4034              		.cfi_restore 14
1121:Drivers/BMP580/bmp5.c ****     }
 4035              		.loc 1 1121 14 view .LVU1249
 4036 0048 4FF0FF30 		mov	r0, #-1
 4037              	.LVL421:
1124:Drivers/BMP580/bmp5.c **** }
 4038              		.loc 1 1124 5 is_stmt 1 view .LVU1250
1125:Drivers/BMP580/bmp5.c **** 
 4039              		.loc 1 1125 1 is_stmt 0 view .LVU1251
 4040 004c 7047     		bx	lr
 4041              	.LVL422:
 4042              	.L254:
 4043              		.cfi_def_cfa_offset 24
 4044              		.cfi_offset 4, -12
 4045              		.cfi_offset 5, -8
 4046              		.cfi_offset 14, -4
1121:Drivers/BMP580/bmp5.c ****     }
 4047              		.loc 1 1121 14 view .LVU1252
 4048 004e 4FF0FF30 		mov	r0, #-1
 4049              	.LVL423:
1121:Drivers/BMP580/bmp5.c ****     }
 4050              		.loc 1 1121 14 view .LVU1253
 4051 0052 F7E7     		b	.L251
 4052              		.cfi_endproc
 4053              	.LFE17:
 4055              		.section	.text.bmp5_get_fifo_data,"ax",%progbits
 4056              		.align	1
 4057              		.global	bmp5_get_fifo_data
 4058              		.syntax unified
 4059              		.thumb
 4060              		.thumb_func
 4062              	bmp5_get_fifo_data:
 4063              	.LVL424:
 4064              	.LFB18:
1131:Drivers/BMP580/bmp5.c ****     int8_t rslt;
 4065              		.loc 1 1131 1 is_stmt 1 view -0
 4066              		.cfi_startproc
 4067              		@ args = 0, pretend = 0, frame = 8
 4068              		@ frame_needed = 0, uses_anonymous_args = 0
1132:Drivers/BMP580/bmp5.c ****     uint16_t fifo_len;
 4069              		.loc 1 1132 5 view .LVU1255
1133:Drivers/BMP580/bmp5.c **** 
 4070              		.loc 1 1133 5 view .LVU1256
1135:Drivers/BMP580/bmp5.c ****     {
 4071              		.loc 1 1135 5 view .LVU1257
1135:Drivers/BMP580/bmp5.c ****     {
 4072              		.loc 1 1135 8 is_stmt 0 view .LVU1258
 4073 0000 C0B1     		cbz	r0, .L263
1131:Drivers/BMP580/bmp5.c ****     int8_t rslt;
 4074              		.loc 1 1131 1 view .LVU1259
 4075 0002 30B5     		push	{r4, r5, lr}
 4076              		.cfi_def_cfa_offset 12
 4077              		.cfi_offset 4, -12
 4078              		.cfi_offset 5, -8
ARM GAS  C:\Users\Nathan\AppData\Local\Temp\ccGCFMYR.s 			page 128


 4079              		.cfi_offset 14, -4
 4080 0004 83B0     		sub	sp, sp, #12
 4081              		.cfi_def_cfa_offset 24
 4082 0006 0D46     		mov	r5, r1
 4083 0008 0446     		mov	r4, r0
1138:Drivers/BMP580/bmp5.c **** 
 4084              		.loc 1 1138 9 is_stmt 1 view .LVU1260
1138:Drivers/BMP580/bmp5.c **** 
 4085              		.loc 1 1138 16 is_stmt 0 view .LVU1261
 4086 000a 0A46     		mov	r2, r1
 4087 000c 0146     		mov	r1, r0
 4088              	.LVL425:
1138:Drivers/BMP580/bmp5.c **** 
 4089              		.loc 1 1138 16 view .LVU1262
 4090 000e 0DF10600 		add	r0, sp, #6
 4091              	.LVL426:
1138:Drivers/BMP580/bmp5.c **** 
 4092              		.loc 1 1138 16 view .LVU1263
 4093 0012 FFF7FEFF 		bl	bmp5_get_fifo_len
 4094              	.LVL427:
1140:Drivers/BMP580/bmp5.c ****         {
 4095              		.loc 1 1140 9 is_stmt 1 view .LVU1264
1140:Drivers/BMP580/bmp5.c ****         {
 4096              		.loc 1 1140 12 is_stmt 0 view .LVU1265
 4097 0016 58B9     		cbnz	r0, .L261
1142:Drivers/BMP580/bmp5.c ****             {
 4098              		.loc 1 1142 13 is_stmt 1 view .LVU1266
1142:Drivers/BMP580/bmp5.c ****             {
 4099              		.loc 1 1142 21 is_stmt 0 view .LVU1267
 4100 0018 A288     		ldrh	r2, [r4, #4]
1142:Drivers/BMP580/bmp5.c ****             {
 4101              		.loc 1 1142 30 view .LVU1268
 4102 001a BDF80630 		ldrh	r3, [sp, #6]
1142:Drivers/BMP580/bmp5.c ****             {
 4103              		.loc 1 1142 16 view .LVU1269
 4104 001e 9A42     		cmp	r2, r3
 4105 0020 00D9     		bls	.L262
1144:Drivers/BMP580/bmp5.c ****             }
 4106              		.loc 1 1144 17 is_stmt 1 view .LVU1270
1144:Drivers/BMP580/bmp5.c ****             }
 4107              		.loc 1 1144 30 is_stmt 0 view .LVU1271
 4108 0022 A380     		strh	r3, [r4, #4]	@ movhi
 4109              	.L262:
1148:Drivers/BMP580/bmp5.c ****         }
 4110              		.loc 1 1148 13 is_stmt 1 view .LVU1272
1148:Drivers/BMP580/bmp5.c ****         }
 4111              		.loc 1 1148 20 is_stmt 0 view .LVU1273
 4112 0024 2B46     		mov	r3, r5
 4113 0026 A288     		ldrh	r2, [r4, #4]
 4114 0028 2168     		ldr	r1, [r4]
 4115 002a 2920     		movs	r0, #41
 4116              	.LVL428:
1148:Drivers/BMP580/bmp5.c ****         }
 4117              		.loc 1 1148 20 view .LVU1274
 4118 002c FFF7FEFF 		bl	bmp5_get_regs
 4119              	.LVL429:
 4120              	.L261:
ARM GAS  C:\Users\Nathan\AppData\Local\Temp\ccGCFMYR.s 			page 129


1156:Drivers/BMP580/bmp5.c **** }
 4121              		.loc 1 1156 5 is_stmt 1 view .LVU1275
1157:Drivers/BMP580/bmp5.c **** 
 4122              		.loc 1 1157 1 is_stmt 0 view .LVU1276
 4123 0030 03B0     		add	sp, sp, #12
 4124              		.cfi_def_cfa_offset 12
 4125              		@ sp needed
 4126 0032 30BD     		pop	{r4, r5, pc}
 4127              	.LVL430:
 4128              	.L263:
 4129              		.cfi_def_cfa_offset 0
 4130              		.cfi_restore 4
 4131              		.cfi_restore 5
 4132              		.cfi_restore 14
1153:Drivers/BMP580/bmp5.c ****     }
 4133              		.loc 1 1153 14 view .LVU1277
 4134 0034 4FF0FF30 		mov	r0, #-1
 4135              	.LVL431:
1156:Drivers/BMP580/bmp5.c **** }
 4136              		.loc 1 1156 5 is_stmt 1 view .LVU1278
1157:Drivers/BMP580/bmp5.c **** 
 4137              		.loc 1 1157 1 is_stmt 0 view .LVU1279
 4138 0038 7047     		bx	lr
 4139              		.cfi_endproc
 4140              	.LFE18:
 4142              		.section	.text.bmp5_extract_fifo_data,"ax",%progbits
 4143              		.align	1
 4144              		.global	bmp5_extract_fifo_data
 4145              		.syntax unified
 4146              		.thumb
 4147              		.thumb_func
 4149              	bmp5_extract_fifo_data:
 4150              	.LVL432:
 4151              	.LFB19:
1164:Drivers/BMP580/bmp5.c ****     int8_t rslt = 0;
 4152              		.loc 1 1164 1 is_stmt 1 view -0
 4153              		.cfi_startproc
 4154              		@ args = 0, pretend = 0, frame = 8
 4155              		@ frame_needed = 0, uses_anonymous_args = 0
1165:Drivers/BMP580/bmp5.c ****     uint8_t idx = 0;
 4156              		.loc 1 1165 5 view .LVU1281
1166:Drivers/BMP580/bmp5.c ****     uint16_t data_indx;
 4157              		.loc 1 1166 5 view .LVU1282
1167:Drivers/BMP580/bmp5.c **** 
 4158              		.loc 1 1167 5 view .LVU1283
1170:Drivers/BMP580/bmp5.c ****     {
 4159              		.loc 1 1170 5 view .LVU1284
1170:Drivers/BMP580/bmp5.c ****     {
 4160              		.loc 1 1170 8 is_stmt 0 view .LVU1285
 4161 0000 E0B1     		cbz	r0, .L272
1164:Drivers/BMP580/bmp5.c ****     int8_t rslt = 0;
 4162              		.loc 1 1164 1 view .LVU1286
 4163 0002 70B5     		push	{r4, r5, r6, lr}
 4164              		.cfi_def_cfa_offset 16
 4165              		.cfi_offset 4, -16
 4166              		.cfi_offset 5, -12
 4167              		.cfi_offset 6, -8
ARM GAS  C:\Users\Nathan\AppData\Local\Temp\ccGCFMYR.s 			page 130


 4168              		.cfi_offset 14, -4
 4169 0004 82B0     		sub	sp, sp, #8
 4170              		.cfi_def_cfa_offset 24
 4171 0006 0E46     		mov	r6, r1
 4172 0008 0546     		mov	r5, r0
1170:Drivers/BMP580/bmp5.c ****     {
 4173              		.loc 1 1170 24 discriminator 1 view .LVU1287
 4174 000a D1B1     		cbz	r1, .L273
1172:Drivers/BMP580/bmp5.c ****         {
 4175              		.loc 1 1172 9 is_stmt 1 view .LVU1288
1172:Drivers/BMP580/bmp5.c ****         {
 4176              		.loc 1 1172 24 is_stmt 0 view .LVU1289
 4177 000c 0020     		movs	r0, #0
 4178              	.LVL433:
1172:Drivers/BMP580/bmp5.c ****         {
 4179              		.loc 1 1172 24 view .LVU1290
 4180 000e ADF80600 		strh	r0, [sp, #6]	@ movhi
1166:Drivers/BMP580/bmp5.c ****     uint16_t data_indx;
 4181              		.loc 1 1166 13 view .LVU1291
 4182 0012 0446     		mov	r4, r0
1172:Drivers/BMP580/bmp5.c ****         {
 4183              		.loc 1 1172 9 view .LVU1292
 4184 0014 08E0     		b	.L270
 4185              	.LVL434:
 4186              	.L271:
1175:Drivers/BMP580/bmp5.c ****             idx++;
 4187              		.loc 1 1175 13 is_stmt 1 view .LVU1293
1175:Drivers/BMP580/bmp5.c ****             idx++;
 4188              		.loc 1 1175 20 is_stmt 0 view .LVU1294
 4189 0016 2A46     		mov	r2, r5
 4190 0018 0DF10601 		add	r1, sp, #6
 4191 001c 06EBC400 		add	r0, r6, r4, lsl #3
 4192              	.LVL435:
1175:Drivers/BMP580/bmp5.c ****             idx++;
 4193              		.loc 1 1175 20 view .LVU1295
 4194 0020 FFF7FEFF 		bl	unpack_sensor_data
 4195              	.LVL436:
1176:Drivers/BMP580/bmp5.c ****         }
 4196              		.loc 1 1176 13 is_stmt 1 view .LVU1296
1176:Drivers/BMP580/bmp5.c ****         }
 4197              		.loc 1 1176 16 is_stmt 0 view .LVU1297
 4198 0024 0134     		adds	r4, r4, #1
 4199              	.LVL437:
1176:Drivers/BMP580/bmp5.c ****         }
 4200              		.loc 1 1176 16 view .LVU1298
 4201 0026 E4B2     		uxtb	r4, r4
 4202              	.LVL438:
 4203              	.L270:
1172:Drivers/BMP580/bmp5.c ****         {
 4204              		.loc 1 1172 56 is_stmt 1 discriminator 1 view .LVU1299
1172:Drivers/BMP580/bmp5.c ****         {
 4205              		.loc 1 1172 46 is_stmt 0 discriminator 1 view .LVU1300
 4206 0028 AA88     		ldrh	r2, [r5, #4]
1172:Drivers/BMP580/bmp5.c ****         {
 4207              		.loc 1 1172 40 discriminator 1 view .LVU1301
 4208 002a BDF80630 		ldrh	r3, [sp, #6]
1172:Drivers/BMP580/bmp5.c ****         {
ARM GAS  C:\Users\Nathan\AppData\Local\Temp\ccGCFMYR.s 			page 131


 4209              		.loc 1 1172 56 discriminator 1 view .LVU1302
 4210 002e 9A42     		cmp	r2, r3
 4211 0030 02D9     		bls	.L269
1172:Drivers/BMP580/bmp5.c ****         {
 4212              		.loc 1 1172 56 discriminator 2 view .LVU1303
 4213 0032 10F1090F 		cmn	r0, #9
 4214 0036 EED1     		bne	.L271
 4215              	.LVL439:
 4216              	.L269:
1184:Drivers/BMP580/bmp5.c **** }
 4217              		.loc 1 1184 5 is_stmt 1 view .LVU1304
1185:Drivers/BMP580/bmp5.c **** 
 4218              		.loc 1 1185 1 is_stmt 0 view .LVU1305
 4219 0038 02B0     		add	sp, sp, #8
 4220              		.cfi_def_cfa_offset 16
 4221              		@ sp needed
 4222 003a 70BD     		pop	{r4, r5, r6, pc}
 4223              	.LVL440:
 4224              	.L272:
 4225              		.cfi_def_cfa_offset 0
 4226              		.cfi_restore 4
 4227              		.cfi_restore 5
 4228              		.cfi_restore 6
 4229              		.cfi_restore 14
1181:Drivers/BMP580/bmp5.c ****     }
 4230              		.loc 1 1181 14 view .LVU1306
 4231 003c 4FF0FF30 		mov	r0, #-1
 4232              	.LVL441:
1184:Drivers/BMP580/bmp5.c **** }
 4233              		.loc 1 1184 5 is_stmt 1 view .LVU1307
1185:Drivers/BMP580/bmp5.c **** 
 4234              		.loc 1 1185 1 is_stmt 0 view .LVU1308
 4235 0040 7047     		bx	lr
 4236              	.LVL442:
 4237              	.L273:
 4238              		.cfi_def_cfa_offset 24
 4239              		.cfi_offset 4, -16
 4240              		.cfi_offset 5, -12
 4241              		.cfi_offset 6, -8
 4242              		.cfi_offset 14, -4
1181:Drivers/BMP580/bmp5.c ****     }
 4243              		.loc 1 1181 14 view .LVU1309
 4244 0042 4FF0FF30 		mov	r0, #-1
 4245              	.LVL443:
1181:Drivers/BMP580/bmp5.c ****     }
 4246              		.loc 1 1181 14 view .LVU1310
 4247 0046 F7E7     		b	.L269
 4248              		.cfi_endproc
 4249              	.LFE19:
 4251              		.section	.text.bmp5_get_oor_configuration,"ax",%progbits
 4252              		.align	1
 4253              		.global	bmp5_get_oor_configuration
 4254              		.syntax unified
 4255              		.thumb
 4256              		.thumb_func
 4258              	bmp5_get_oor_configuration:
 4259              	.LVL444:
ARM GAS  C:\Users\Nathan\AppData\Local\Temp\ccGCFMYR.s 			page 132


 4260              	.LFB20:
1192:Drivers/BMP580/bmp5.c ****     int8_t rslt;
 4261              		.loc 1 1192 1 is_stmt 1 view -0
 4262              		.cfi_startproc
 4263              		@ args = 0, pretend = 0, frame = 8
 4264              		@ frame_needed = 0, uses_anonymous_args = 0
1193:Drivers/BMP580/bmp5.c ****     uint8_t reg_data[4];
 4265              		.loc 1 1193 5 view .LVU1312
1194:Drivers/BMP580/bmp5.c **** 
 4266              		.loc 1 1194 5 view .LVU1313
1196:Drivers/BMP580/bmp5.c ****     {
 4267              		.loc 1 1196 5 view .LVU1314
1196:Drivers/BMP580/bmp5.c ****     {
 4268              		.loc 1 1196 8 is_stmt 0 view .LVU1315
 4269 0000 60B3     		cbz	r0, .L280
1192:Drivers/BMP580/bmp5.c ****     int8_t rslt;
 4270              		.loc 1 1192 1 view .LVU1316
 4271 0002 30B5     		push	{r4, r5, lr}
 4272              		.cfi_def_cfa_offset 12
 4273              		.cfi_offset 4, -12
 4274              		.cfi_offset 5, -8
 4275              		.cfi_offset 14, -4
 4276 0004 83B0     		sub	sp, sp, #12
 4277              		.cfi_def_cfa_offset 24
 4278 0006 0D46     		mov	r5, r1
 4279 0008 0446     		mov	r4, r0
1198:Drivers/BMP580/bmp5.c **** 
 4280              		.loc 1 1198 9 is_stmt 1 view .LVU1317
1198:Drivers/BMP580/bmp5.c **** 
 4281              		.loc 1 1198 16 is_stmt 0 view .LVU1318
 4282 000a 0B46     		mov	r3, r1
 4283 000c 0122     		movs	r2, #1
 4284 000e 01A9     		add	r1, sp, #4
 4285              	.LVL445:
1198:Drivers/BMP580/bmp5.c **** 
 4286              		.loc 1 1198 16 view .LVU1319
 4287 0010 3020     		movs	r0, #48
 4288              	.LVL446:
1198:Drivers/BMP580/bmp5.c **** 
 4289              		.loc 1 1198 16 view .LVU1320
 4290 0012 FFF7FEFF 		bl	bmp5_get_regs
 4291              	.LVL447:
1200:Drivers/BMP580/bmp5.c ****         {
 4292              		.loc 1 1200 9 is_stmt 1 view .LVU1321
1200:Drivers/BMP580/bmp5.c ****         {
 4293              		.loc 1 1200 12 is_stmt 0 view .LVU1322
 4294 0016 08B1     		cbz	r0, .L285
 4295              	.L279:
1220:Drivers/BMP580/bmp5.c **** }
 4296              		.loc 1 1220 5 is_stmt 1 view .LVU1323
1221:Drivers/BMP580/bmp5.c **** 
 4297              		.loc 1 1221 1 is_stmt 0 view .LVU1324
 4298 0018 03B0     		add	sp, sp, #12
 4299              		.cfi_remember_state
 4300              		.cfi_def_cfa_offset 12
 4301              		@ sp needed
 4302 001a 30BD     		pop	{r4, r5, pc}
ARM GAS  C:\Users\Nathan\AppData\Local\Temp\ccGCFMYR.s 			page 133


 4303              	.LVL448:
 4304              	.L285:
 4305              		.cfi_restore_state
1202:Drivers/BMP580/bmp5.c **** 
 4306              		.loc 1 1202 13 is_stmt 1 view .LVU1325
1202:Drivers/BMP580/bmp5.c **** 
 4307              		.loc 1 1202 47 is_stmt 0 view .LVU1326
 4308 001c 9DF80430 		ldrb	r3, [sp, #4]	@ zero_extendqisi2
 4309 0020 DB09     		lsrs	r3, r3, #7
1202:Drivers/BMP580/bmp5.c **** 
 4310              		.loc 1 1202 45 view .LVU1327
 4311 0022 A371     		strb	r3, [r4, #6]
1204:Drivers/BMP580/bmp5.c **** 
 4312              		.loc 1 1204 13 is_stmt 1 view .LVU1328
1204:Drivers/BMP580/bmp5.c **** 
 4313              		.loc 1 1204 20 is_stmt 0 view .LVU1329
 4314 0024 2B46     		mov	r3, r5
 4315 0026 0422     		movs	r2, #4
 4316 0028 0DEB0201 		add	r1, sp, r2
 4317 002c 3220     		movs	r0, #50
 4318              	.LVL449:
1204:Drivers/BMP580/bmp5.c **** 
 4319              		.loc 1 1204 20 view .LVU1330
 4320 002e FFF7FEFF 		bl	bmp5_get_regs
 4321              	.LVL450:
1206:Drivers/BMP580/bmp5.c ****             {
 4322              		.loc 1 1206 13 is_stmt 1 view .LVU1331
1206:Drivers/BMP580/bmp5.c ****             {
 4323              		.loc 1 1206 16 is_stmt 0 view .LVU1332
 4324 0032 0028     		cmp	r0, #0
 4325 0034 F0D1     		bne	.L279
1208:Drivers/BMP580/bmp5.c ****                                               ((reg_data[3] & BMP5_OOR_THR_P_XMSB_REG_MSK) << 16);
 4326              		.loc 1 1208 17 is_stmt 1 view .LVU1333
1208:Drivers/BMP580/bmp5.c ****                                               ((reg_data[3] & BMP5_OOR_THR_P_XMSB_REG_MSK) << 16);
 4327              		.loc 1 1208 55 is_stmt 0 view .LVU1334
 4328 0036 9DF80430 		ldrb	r3, [sp, #4]	@ zero_extendqisi2
1208:Drivers/BMP580/bmp5.c ****                                               ((reg_data[3] & BMP5_OOR_THR_P_XMSB_REG_MSK) << 16);
 4329              		.loc 1 1208 70 view .LVU1335
 4330 003a 9DF80520 		ldrb	r2, [sp, #5]	@ zero_extendqisi2
1208:Drivers/BMP580/bmp5.c ****                                               ((reg_data[3] & BMP5_OOR_THR_P_XMSB_REG_MSK) << 16);
 4331              		.loc 1 1208 59 view .LVU1336
 4332 003e 43EA0223 		orr	r3, r3, r2, lsl #8
1209:Drivers/BMP580/bmp5.c ****                 oor_press_config->oor_range_p = reg_data[2];
 4333              		.loc 1 1209 57 view .LVU1337
 4334 0042 9DF80720 		ldrb	r2, [sp, #7]	@ zero_extendqisi2
1209:Drivers/BMP580/bmp5.c ****                 oor_press_config->oor_range_p = reg_data[2];
 4335              		.loc 1 1209 92 view .LVU1338
 4336 0046 1104     		lsls	r1, r2, #16
 4337 0048 01F48031 		and	r1, r1, #65536
1208:Drivers/BMP580/bmp5.c ****                                               ((reg_data[3] & BMP5_OOR_THR_P_XMSB_REG_MSK) << 16);
 4338              		.loc 1 1208 80 view .LVU1339
 4339 004c 0B43     		orrs	r3, r3, r1
1208:Drivers/BMP580/bmp5.c ****                                               ((reg_data[3] & BMP5_OOR_THR_P_XMSB_REG_MSK) << 16);
 4340              		.loc 1 1208 45 view .LVU1340
 4341 004e 2360     		str	r3, [r4]
1210:Drivers/BMP580/bmp5.c ****                 oor_press_config->cnt_lim = BMP5_GET_BITSLICE(reg_data[3], BMP5_OOR_COUNT_LIMIT);
 4342              		.loc 1 1210 17 is_stmt 1 view .LVU1341
ARM GAS  C:\Users\Nathan\AppData\Local\Temp\ccGCFMYR.s 			page 134


1210:Drivers/BMP580/bmp5.c ****                 oor_press_config->cnt_lim = BMP5_GET_BITSLICE(reg_data[3], BMP5_OOR_COUNT_LIMIT);
 4343              		.loc 1 1210 57 is_stmt 0 view .LVU1342
 4344 0050 9DF80630 		ldrb	r3, [sp, #6]	@ zero_extendqisi2
1210:Drivers/BMP580/bmp5.c ****                 oor_press_config->cnt_lim = BMP5_GET_BITSLICE(reg_data[3], BMP5_OOR_COUNT_LIMIT);
 4345              		.loc 1 1210 47 view .LVU1343
 4346 0054 2371     		strb	r3, [r4, #4]
1211:Drivers/BMP580/bmp5.c ****             }
 4347              		.loc 1 1211 17 is_stmt 1 view .LVU1344
1211:Drivers/BMP580/bmp5.c ****             }
 4348              		.loc 1 1211 45 is_stmt 0 view .LVU1345
 4349 0056 9209     		lsrs	r2, r2, #6
1211:Drivers/BMP580/bmp5.c ****             }
 4350              		.loc 1 1211 43 view .LVU1346
 4351 0058 6271     		strb	r2, [r4, #5]
 4352 005a DDE7     		b	.L279
 4353              	.LVL451:
 4354              	.L280:
 4355              		.cfi_def_cfa_offset 0
 4356              		.cfi_restore 4
 4357              		.cfi_restore 5
 4358              		.cfi_restore 14
1217:Drivers/BMP580/bmp5.c ****     }
 4359              		.loc 1 1217 14 view .LVU1347
 4360 005c 4FF0FF30 		mov	r0, #-1
 4361              	.LVL452:
1220:Drivers/BMP580/bmp5.c **** }
 4362              		.loc 1 1220 5 is_stmt 1 view .LVU1348
1221:Drivers/BMP580/bmp5.c **** 
 4363              		.loc 1 1221 1 is_stmt 0 view .LVU1349
 4364 0060 7047     		bx	lr
 4365              		.cfi_endproc
 4366              	.LFE20:
 4368              		.section	.text.bmp5_set_oor_configuration,"ax",%progbits
 4369              		.align	1
 4370              		.global	bmp5_set_oor_configuration
 4371              		.syntax unified
 4372              		.thumb
 4373              		.thumb_func
 4375              	bmp5_set_oor_configuration:
 4376              	.LVL453:
 4377              	.LFB21:
1228:Drivers/BMP580/bmp5.c ****     int8_t rslt;
 4378              		.loc 1 1228 1 is_stmt 1 view -0
 4379              		.cfi_startproc
 4380              		@ args = 0, pretend = 0, frame = 8
 4381              		@ frame_needed = 0, uses_anonymous_args = 0
1229:Drivers/BMP580/bmp5.c ****     uint8_t reg_data[4];
 4382              		.loc 1 1229 5 view .LVU1351
1230:Drivers/BMP580/bmp5.c ****     uint8_t thres_xmsb;
 4383              		.loc 1 1230 5 view .LVU1352
1231:Drivers/BMP580/bmp5.c ****     uint8_t set_oor_iir_p, set_count_limit;
 4384              		.loc 1 1231 5 view .LVU1353
1232:Drivers/BMP580/bmp5.c **** 
 4385              		.loc 1 1232 5 view .LVU1354
1234:Drivers/BMP580/bmp5.c ****     {
 4386              		.loc 1 1234 5 view .LVU1355
1234:Drivers/BMP580/bmp5.c ****     {
ARM GAS  C:\Users\Nathan\AppData\Local\Temp\ccGCFMYR.s 			page 135


 4387              		.loc 1 1234 8 is_stmt 0 view .LVU1356
 4388 0000 78B3     		cbz	r0, .L288
1228:Drivers/BMP580/bmp5.c ****     int8_t rslt;
 4389              		.loc 1 1228 1 view .LVU1357
 4390 0002 30B5     		push	{r4, r5, lr}
 4391              		.cfi_def_cfa_offset 12
 4392              		.cfi_offset 4, -12
 4393              		.cfi_offset 5, -8
 4394              		.cfi_offset 14, -4
 4395 0004 83B0     		sub	sp, sp, #12
 4396              		.cfi_def_cfa_offset 24
 4397 0006 0D46     		mov	r5, r1
 4398 0008 0446     		mov	r4, r0
1236:Drivers/BMP580/bmp5.c ****         set_count_limit = oor_press_config->cnt_lim;
 4399              		.loc 1 1236 9 is_stmt 1 view .LVU1358
 4400              	.LVL454:
1237:Drivers/BMP580/bmp5.c **** 
 4401              		.loc 1 1237 9 view .LVU1359
1239:Drivers/BMP580/bmp5.c **** 
 4402              		.loc 1 1239 9 view .LVU1360
1239:Drivers/BMP580/bmp5.c **** 
 4403              		.loc 1 1239 16 is_stmt 0 view .LVU1361
 4404 000a 0A46     		mov	r2, r1
 4405 000c 4179     		ldrb	r1, [r0, #5]	@ zero_extendqisi2
 4406              	.LVL455:
1239:Drivers/BMP580/bmp5.c **** 
 4407              		.loc 1 1239 16 view .LVU1362
 4408 000e 8079     		ldrb	r0, [r0, #6]	@ zero_extendqisi2
 4409              	.LVL456:
1239:Drivers/BMP580/bmp5.c **** 
 4410              		.loc 1 1239 16 view .LVU1363
 4411 0010 FFF7FEFF 		bl	set_oor_iir_count_limit
 4412              	.LVL457:
1241:Drivers/BMP580/bmp5.c ****         {
 4413              		.loc 1 1241 9 is_stmt 1 view .LVU1364
1241:Drivers/BMP580/bmp5.c ****         {
 4414              		.loc 1 1241 12 is_stmt 0 view .LVU1365
 4415 0014 08B1     		cbz	r0, .L293
 4416              	.L287:
1265:Drivers/BMP580/bmp5.c **** }
 4417              		.loc 1 1265 5 is_stmt 1 view .LVU1366
1266:Drivers/BMP580/bmp5.c **** 
 4418              		.loc 1 1266 1 is_stmt 0 view .LVU1367
 4419 0016 03B0     		add	sp, sp, #12
 4420              		.cfi_remember_state
 4421              		.cfi_def_cfa_offset 12
 4422              		@ sp needed
 4423 0018 30BD     		pop	{r4, r5, pc}
 4424              	.LVL458:
 4425              	.L293:
 4426              		.cfi_restore_state
1244:Drivers/BMP580/bmp5.c **** 
 4427              		.loc 1 1244 13 is_stmt 1 view .LVU1368
1244:Drivers/BMP580/bmp5.c **** 
 4428              		.loc 1 1244 20 is_stmt 0 view .LVU1369
 4429 001a 2B46     		mov	r3, r5
 4430 001c 0422     		movs	r2, #4
ARM GAS  C:\Users\Nathan\AppData\Local\Temp\ccGCFMYR.s 			page 136


 4431 001e 0DEB0201 		add	r1, sp, r2
 4432 0022 3220     		movs	r0, #50
 4433              	.LVL459:
1244:Drivers/BMP580/bmp5.c **** 
 4434              		.loc 1 1244 20 view .LVU1370
 4435 0024 FFF7FEFF 		bl	bmp5_get_regs
 4436              	.LVL460:
1246:Drivers/BMP580/bmp5.c ****             {
 4437              		.loc 1 1246 13 is_stmt 1 view .LVU1371
1246:Drivers/BMP580/bmp5.c ****             {
 4438              		.loc 1 1246 16 is_stmt 0 view .LVU1372
 4439 0028 0028     		cmp	r0, #0
 4440 002a F4D1     		bne	.L287
1248:Drivers/BMP580/bmp5.c ****                 reg_data[1] =
 4441              		.loc 1 1248 17 is_stmt 1 view .LVU1373
1248:Drivers/BMP580/bmp5.c ****                 reg_data[1] =
 4442              		.loc 1 1248 31 is_stmt 0 view .LVU1374
 4443 002c 2368     		ldr	r3, [r4]
1248:Drivers/BMP580/bmp5.c ****                 reg_data[1] =
 4444              		.loc 1 1248 29 view .LVU1375
 4445 002e 8DF80430 		strb	r3, [sp, #4]
1249:Drivers/BMP580/bmp5.c ****                     (uint8_t)(BMP5_SET_BITS_POS_0(reg_data[1], BMP5_OOR_THR_P_MSB, oor_press_config
 4446              		.loc 1 1249 17 is_stmt 1 view .LVU1376
1250:Drivers/BMP580/bmp5.c ****                 reg_data[2] = oor_press_config->oor_range_p;
 4447              		.loc 1 1250 21 is_stmt 0 view .LVU1377
 4448 0032 C3F30722 		ubfx	r2, r3, #8, #8
1249:Drivers/BMP580/bmp5.c ****                     (uint8_t)(BMP5_SET_BITS_POS_0(reg_data[1], BMP5_OOR_THR_P_MSB, oor_press_config
 4449              		.loc 1 1249 29 view .LVU1378
 4450 0036 8DF80520 		strb	r2, [sp, #5]
1251:Drivers/BMP580/bmp5.c ****                 thres_xmsb = BMP5_GET_BITSLICE(oor_press_config->oor_thr_p, BMP5_OOR_THR_P_XMSB);
 4451              		.loc 1 1251 17 is_stmt 1 view .LVU1379
1251:Drivers/BMP580/bmp5.c ****                 thres_xmsb = BMP5_GET_BITSLICE(oor_press_config->oor_thr_p, BMP5_OOR_THR_P_XMSB);
 4452              		.loc 1 1251 47 is_stmt 0 view .LVU1380
 4453 003a 2279     		ldrb	r2, [r4, #4]	@ zero_extendqisi2
1251:Drivers/BMP580/bmp5.c ****                 thres_xmsb = BMP5_GET_BITSLICE(oor_press_config->oor_thr_p, BMP5_OOR_THR_P_XMSB);
 4454              		.loc 1 1251 29 view .LVU1381
 4455 003c 8DF80620 		strb	r2, [sp, #6]
1252:Drivers/BMP580/bmp5.c ****                 reg_data[3] = BMP5_SET_BITS_POS_0(reg_data[3], BMP5_OOR_THR_P_XMSB_REG, thres_xmsb)
 4456              		.loc 1 1252 17 is_stmt 1 view .LVU1382
1252:Drivers/BMP580/bmp5.c ****                 reg_data[3] = BMP5_SET_BITS_POS_0(reg_data[3], BMP5_OOR_THR_P_XMSB_REG, thres_xmsb)
 4457              		.loc 1 1252 28 is_stmt 0 view .LVU1383
 4458 0040 C3F30043 		ubfx	r3, r3, #16, #1
 4459              	.LVL461:
1253:Drivers/BMP580/bmp5.c **** 
 4460              		.loc 1 1253 17 is_stmt 1 view .LVU1384
1253:Drivers/BMP580/bmp5.c **** 
 4461              		.loc 1 1253 31 is_stmt 0 view .LVU1385
 4462 0044 9DF80720 		ldrb	r2, [sp, #7]	@ zero_extendqisi2
1253:Drivers/BMP580/bmp5.c **** 
 4463              		.loc 1 1253 29 view .LVU1386
 4464 0048 22F00102 		bic	r2, r2, #1
 4465 004c 1343     		orrs	r3, r3, r2
 4466              	.LVL462:
1253:Drivers/BMP580/bmp5.c **** 
 4467              		.loc 1 1253 29 view .LVU1387
 4468 004e 8DF80730 		strb	r3, [sp, #7]
1256:Drivers/BMP580/bmp5.c ****             }
ARM GAS  C:\Users\Nathan\AppData\Local\Temp\ccGCFMYR.s 			page 137


 4469              		.loc 1 1256 17 is_stmt 1 view .LVU1388
1256:Drivers/BMP580/bmp5.c ****             }
 4470              		.loc 1 1256 24 is_stmt 0 view .LVU1389
 4471 0052 2B46     		mov	r3, r5
 4472 0054 0422     		movs	r2, #4
 4473 0056 0DEB0201 		add	r1, sp, r2
 4474 005a 3220     		movs	r0, #50
 4475              	.LVL463:
1256:Drivers/BMP580/bmp5.c ****             }
 4476              		.loc 1 1256 24 view .LVU1390
 4477 005c FFF7FEFF 		bl	bmp5_set_regs
 4478              	.LVL464:
1256:Drivers/BMP580/bmp5.c ****             }
 4479              		.loc 1 1256 24 view .LVU1391
 4480 0060 D9E7     		b	.L287
 4481              	.LVL465:
 4482              	.L288:
 4483              		.cfi_def_cfa_offset 0
 4484              		.cfi_restore 4
 4485              		.cfi_restore 5
 4486              		.cfi_restore 14
1262:Drivers/BMP580/bmp5.c ****     }
 4487              		.loc 1 1262 14 view .LVU1392
 4488 0062 4FF0FF30 		mov	r0, #-1
 4489              	.LVL466:
1265:Drivers/BMP580/bmp5.c **** }
 4490              		.loc 1 1265 5 is_stmt 1 view .LVU1393
1266:Drivers/BMP580/bmp5.c **** 
 4491              		.loc 1 1266 1 is_stmt 0 view .LVU1394
 4492 0066 7047     		bx	lr
 4493              		.cfi_endproc
 4494              	.LFE21:
 4496              		.section	.text.bmp5_nvm_read,"ax",%progbits
 4497              		.align	1
 4498              		.global	bmp5_nvm_read
 4499              		.syntax unified
 4500              		.thumb
 4501              		.thumb_func
 4503              	bmp5_nvm_read:
 4504              	.LVL467:
 4505              	.LFB22:
1272:Drivers/BMP580/bmp5.c ****     int8_t rslt;
 4506              		.loc 1 1272 1 is_stmt 1 view -0
 4507              		.cfi_startproc
 4508              		@ args = 0, pretend = 0, frame = 8
 4509              		@ frame_needed = 0, uses_anonymous_args = 0
1272:Drivers/BMP580/bmp5.c ****     int8_t rslt;
 4510              		.loc 1 1272 1 is_stmt 0 view .LVU1396
 4511 0000 F0B5     		push	{r4, r5, r6, r7, lr}
 4512              		.cfi_def_cfa_offset 20
 4513              		.cfi_offset 4, -20
 4514              		.cfi_offset 5, -16
 4515              		.cfi_offset 6, -12
 4516              		.cfi_offset 7, -8
 4517              		.cfi_offset 14, -4
 4518 0002 83B0     		sub	sp, sp, #12
 4519              		.cfi_def_cfa_offset 32
ARM GAS  C:\Users\Nathan\AppData\Local\Temp\ccGCFMYR.s 			page 138


 4520 0004 0646     		mov	r6, r0
 4521 0006 0D46     		mov	r5, r1
 4522 0008 0F46     		mov	r7, r1
 4523 000a 1446     		mov	r4, r2
1273:Drivers/BMP580/bmp5.c ****     uint8_t reg_data;
 4524              		.loc 1 1273 5 is_stmt 1 view .LVU1397
1274:Drivers/BMP580/bmp5.c **** 
 4525              		.loc 1 1274 5 view .LVU1398
1277:Drivers/BMP580/bmp5.c **** 
 4526              		.loc 1 1277 5 view .LVU1399
1280:Drivers/BMP580/bmp5.c **** 
 4527              		.loc 1 1280 5 view .LVU1400
1280:Drivers/BMP580/bmp5.c **** 
 4528              		.loc 1 1280 12 is_stmt 0 view .LVU1401
 4529 000c 1046     		mov	r0, r2
 4530              	.LVL468:
1280:Drivers/BMP580/bmp5.c **** 
 4531              		.loc 1 1280 12 view .LVU1402
 4532 000e FFF7FEFF 		bl	null_ptr_check
 4533              	.LVL469:
1283:Drivers/BMP580/bmp5.c ****     {
 4534              		.loc 1 1283 5 is_stmt 1 view .LVU1403
1283:Drivers/BMP580/bmp5.c ****     {
 4535              		.loc 1 1283 8 is_stmt 0 view .LVU1404
 4536 0012 0028     		cmp	r0, #0
 4537 0014 3CD1     		bne	.L297
1283:Drivers/BMP580/bmp5.c ****     {
 4538              		.loc 1 1283 27 discriminator 1 view .LVU1405
 4539 0016 002D     		cmp	r5, #0
 4540 0018 3ED0     		beq	.L298
1285:Drivers/BMP580/bmp5.c **** 
 4541              		.loc 1 1285 9 is_stmt 1 view .LVU1406
1285:Drivers/BMP580/bmp5.c **** 
 4542              		.loc 1 1285 16 is_stmt 0 view .LVU1407
 4543 001a 2346     		mov	r3, r4
 4544 001c 0DF10602 		add	r2, sp, #6
 4545 0020 0146     		mov	r1, r0
 4546 0022 3046     		mov	r0, r6
 4547              	.LVL470:
1285:Drivers/BMP580/bmp5.c **** 
 4548              		.loc 1 1285 16 view .LVU1408
 4549 0024 FFF7FEFF 		bl	nvm_write_addr
 4550              	.LVL471:
1287:Drivers/BMP580/bmp5.c ****         {
 4551              		.loc 1 1287 9 is_stmt 1 view .LVU1409
1287:Drivers/BMP580/bmp5.c ****         {
 4552              		.loc 1 1287 12 is_stmt 0 view .LVU1410
 4553 0028 0546     		mov	r5, r0
 4554              	.LVL472:
1287:Drivers/BMP580/bmp5.c ****         {
 4555              		.loc 1 1287 12 view .LVU1411
 4556 002a 18B1     		cbz	r0, .L300
 4557              	.LVL473:
 4558              	.L296:
1304:Drivers/BMP580/bmp5.c ****         {
 4559              		.loc 1 1304 9 is_stmt 1 view .LVU1412
1304:Drivers/BMP580/bmp5.c ****         {
ARM GAS  C:\Users\Nathan\AppData\Local\Temp\ccGCFMYR.s 			page 139


 4560              		.loc 1 1304 12 is_stmt 0 view .LVU1413
 4561 002c 05B3     		cbz	r5, .L301
 4562              	.LVL474:
 4563              	.L295:
1325:Drivers/BMP580/bmp5.c **** }
 4564              		.loc 1 1325 5 is_stmt 1 view .LVU1414
1326:Drivers/BMP580/bmp5.c **** 
 4565              		.loc 1 1326 1 is_stmt 0 view .LVU1415
 4566 002e 2846     		mov	r0, r5
 4567 0030 03B0     		add	sp, sp, #12
 4568              		.cfi_remember_state
 4569              		.cfi_def_cfa_offset 20
 4570              		@ sp needed
 4571 0032 F0BD     		pop	{r4, r5, r6, r7, pc}
 4572              	.LVL475:
 4573              	.L300:
 4574              		.cfi_restore_state
1290:Drivers/BMP580/bmp5.c ****             rslt = bmp5_set_regs(BMP5_REG_CMD, &reg_data, 1, dev);
 4575              		.loc 1 1290 13 is_stmt 1 view .LVU1416
1290:Drivers/BMP580/bmp5.c ****             rslt = bmp5_set_regs(BMP5_REG_CMD, &reg_data, 1, dev);
 4576              		.loc 1 1290 22 is_stmt 0 view .LVU1417
 4577 0034 5D23     		movs	r3, #93
 4578 0036 8DF80730 		strb	r3, [sp, #7]
1291:Drivers/BMP580/bmp5.c ****         }
 4579              		.loc 1 1291 13 is_stmt 1 view .LVU1418
1291:Drivers/BMP580/bmp5.c ****         }
 4580              		.loc 1 1291 20 is_stmt 0 view .LVU1419
 4581 003a 2346     		mov	r3, r4
 4582 003c 0122     		movs	r2, #1
 4583 003e 0DF10701 		add	r1, sp, #7
 4584 0042 7E20     		movs	r0, #126
 4585              	.LVL476:
1291:Drivers/BMP580/bmp5.c ****         }
 4586              		.loc 1 1291 20 view .LVU1420
 4587 0044 FFF7FEFF 		bl	bmp5_set_regs
 4588              	.LVL477:
1294:Drivers/BMP580/bmp5.c ****         {
 4589              		.loc 1 1294 9 is_stmt 1 view .LVU1421
1294:Drivers/BMP580/bmp5.c ****         {
 4590              		.loc 1 1294 12 is_stmt 0 view .LVU1422
 4591 0048 0546     		mov	r5, r0
 4592 004a 0028     		cmp	r0, #0
 4593 004c EFD1     		bne	.L295
1297:Drivers/BMP580/bmp5.c ****             rslt = bmp5_set_regs(BMP5_REG_CMD, &reg_data, 1, dev);
 4594              		.loc 1 1297 13 is_stmt 1 view .LVU1423
1297:Drivers/BMP580/bmp5.c ****             rslt = bmp5_set_regs(BMP5_REG_CMD, &reg_data, 1, dev);
 4595              		.loc 1 1297 22 is_stmt 0 view .LVU1424
 4596 004e A523     		movs	r3, #165
 4597 0050 8DF80730 		strb	r3, [sp, #7]
1298:Drivers/BMP580/bmp5.c **** 
 4598              		.loc 1 1298 13 is_stmt 1 view .LVU1425
1298:Drivers/BMP580/bmp5.c **** 
 4599              		.loc 1 1298 20 is_stmt 0 view .LVU1426
 4600 0054 2346     		mov	r3, r4
 4601 0056 0122     		movs	r2, #1
 4602 0058 0DF10701 		add	r1, sp, #7
 4603 005c 7E20     		movs	r0, #126
ARM GAS  C:\Users\Nathan\AppData\Local\Temp\ccGCFMYR.s 			page 140


 4604              	.LVL478:
1298:Drivers/BMP580/bmp5.c **** 
 4605              		.loc 1 1298 20 view .LVU1427
 4606 005e FFF7FEFF 		bl	bmp5_set_regs
 4607              	.LVL479:
 4608 0062 0546     		mov	r5, r0
 4609              	.LVL480:
1301:Drivers/BMP580/bmp5.c ****         }
 4610              		.loc 1 1301 13 is_stmt 1 view .LVU1428
1301:Drivers/BMP580/bmp5.c ****         }
 4611              		.loc 1 1301 16 is_stmt 0 view .LVU1429
 4612 0064 2369     		ldr	r3, [r4, #16]
1301:Drivers/BMP580/bmp5.c ****         }
 4613              		.loc 1 1301 13 view .LVU1430
 4614 0066 6168     		ldr	r1, [r4, #4]
 4615 0068 4FF44870 		mov	r0, #800
 4616 006c 9847     		blx	r3
 4617              	.LVL481:
 4618 006e DDE7     		b	.L296
 4619              	.L301:
1306:Drivers/BMP580/bmp5.c ****         }
 4620              		.loc 1 1306 13 is_stmt 1 view .LVU1431
1306:Drivers/BMP580/bmp5.c ****         }
 4621              		.loc 1 1306 20 is_stmt 0 view .LVU1432
 4622 0070 2146     		mov	r1, r4
 4623 0072 3846     		mov	r0, r7
 4624 0074 FFF7FEFF 		bl	get_nvm_data
 4625              	.LVL482:
1309:Drivers/BMP580/bmp5.c ****         {
 4626              		.loc 1 1309 9 is_stmt 1 view .LVU1433
1309:Drivers/BMP580/bmp5.c ****         {
 4627              		.loc 1 1309 12 is_stmt 0 view .LVU1434
 4628 0078 0546     		mov	r5, r0
 4629 007a 0028     		cmp	r0, #0
 4630 007c D7D1     		bne	.L295
1314:Drivers/BMP580/bmp5.c ****             {
 4631              		.loc 1 1314 13 is_stmt 1 view .LVU1435
1314:Drivers/BMP580/bmp5.c ****             {
 4632              		.loc 1 1314 30 is_stmt 0 view .LVU1436
 4633 007e 9DF80600 		ldrb	r0, [sp, #6]	@ zero_extendqisi2
 4634              	.LVL483:
1314:Drivers/BMP580/bmp5.c ****             {
 4635              		.loc 1 1314 16 view .LVU1437
 4636 0082 0028     		cmp	r0, #0
 4637 0084 D3D0     		beq	.L295
1316:Drivers/BMP580/bmp5.c ****             }
 4638              		.loc 1 1316 17 is_stmt 1 view .LVU1438
1316:Drivers/BMP580/bmp5.c ****             }
 4639              		.loc 1 1316 24 is_stmt 0 view .LVU1439
 4640 0086 2146     		mov	r1, r4
 4641 0088 FFF7FEFF 		bl	bmp5_set_power_mode
 4642              	.LVL484:
 4643 008c 0546     		mov	r5, r0
 4644              	.LVL485:
1316:Drivers/BMP580/bmp5.c ****             }
 4645              		.loc 1 1316 24 view .LVU1440
 4646 008e CEE7     		b	.L295
ARM GAS  C:\Users\Nathan\AppData\Local\Temp\ccGCFMYR.s 			page 141


 4647              	.LVL486:
 4648              	.L297:
1322:Drivers/BMP580/bmp5.c ****     }
 4649              		.loc 1 1322 14 view .LVU1441
 4650 0090 4FF0FF33 		mov	r3, #-1
 4651 0094 1D46     		mov	r5, r3
 4652              	.LVL487:
1322:Drivers/BMP580/bmp5.c ****     }
 4653              		.loc 1 1322 14 view .LVU1442
 4654 0096 CAE7     		b	.L295
 4655              	.LVL488:
 4656              	.L298:
1322:Drivers/BMP580/bmp5.c ****     }
 4657              		.loc 1 1322 14 view .LVU1443
 4658 0098 4FF0FF33 		mov	r3, #-1
 4659 009c 1D46     		mov	r5, r3
 4660              	.LVL489:
1322:Drivers/BMP580/bmp5.c ****     }
 4661              		.loc 1 1322 14 view .LVU1444
 4662 009e C6E7     		b	.L295
 4663              		.cfi_endproc
 4664              	.LFE22:
 4666              		.section	.text.bmp5_nvm_write,"ax",%progbits
 4667              		.align	1
 4668              		.global	bmp5_nvm_write
 4669              		.syntax unified
 4670              		.thumb
 4671              		.thumb_func
 4673              	bmp5_nvm_write:
 4674              	.LVL490:
 4675              	.LFB23:
1332:Drivers/BMP580/bmp5.c ****     int8_t rslt;
 4676              		.loc 1 1332 1 is_stmt 1 view -0
 4677              		.cfi_startproc
 4678              		@ args = 0, pretend = 0, frame = 8
 4679              		@ frame_needed = 0, uses_anonymous_args = 0
1332:Drivers/BMP580/bmp5.c ****     int8_t rslt;
 4680              		.loc 1 1332 1 is_stmt 0 view .LVU1446
 4681 0000 F0B5     		push	{r4, r5, r6, r7, lr}
 4682              		.cfi_def_cfa_offset 20
 4683              		.cfi_offset 4, -20
 4684              		.cfi_offset 5, -16
 4685              		.cfi_offset 6, -12
 4686              		.cfi_offset 7, -8
 4687              		.cfi_offset 14, -4
 4688 0002 83B0     		sub	sp, sp, #12
 4689              		.cfi_def_cfa_offset 32
 4690 0004 0646     		mov	r6, r0
 4691 0006 0D46     		mov	r5, r1
 4692 0008 0F46     		mov	r7, r1
 4693 000a 1446     		mov	r4, r2
1333:Drivers/BMP580/bmp5.c **** 
 4694              		.loc 1 1333 5 is_stmt 1 view .LVU1447
1335:Drivers/BMP580/bmp5.c **** 
 4695              		.loc 1 1335 5 view .LVU1448
1335:Drivers/BMP580/bmp5.c **** 
 4696              		.loc 1 1335 13 is_stmt 0 view .LVU1449
ARM GAS  C:\Users\Nathan\AppData\Local\Temp\ccGCFMYR.s 			page 142


 4697 000c 0023     		movs	r3, #0
 4698 000e 8DF80730 		strb	r3, [sp, #7]
1337:Drivers/BMP580/bmp5.c **** 
 4699              		.loc 1 1337 5 is_stmt 1 view .LVU1450
1337:Drivers/BMP580/bmp5.c **** 
 4700              		.loc 1 1337 13 is_stmt 0 view .LVU1451
 4701 0012 8DF80630 		strb	r3, [sp, #6]
1339:Drivers/BMP580/bmp5.c **** 
 4702              		.loc 1 1339 5 is_stmt 1 view .LVU1452
1342:Drivers/BMP580/bmp5.c **** 
 4703              		.loc 1 1342 5 view .LVU1453
1345:Drivers/BMP580/bmp5.c **** 
 4704              		.loc 1 1345 5 view .LVU1454
1345:Drivers/BMP580/bmp5.c **** 
 4705              		.loc 1 1345 12 is_stmt 0 view .LVU1455
 4706 0016 1046     		mov	r0, r2
 4707              	.LVL491:
1345:Drivers/BMP580/bmp5.c **** 
 4708              		.loc 1 1345 12 view .LVU1456
 4709 0018 FFF7FEFF 		bl	null_ptr_check
 4710              	.LVL492:
1348:Drivers/BMP580/bmp5.c ****     {
 4711              		.loc 1 1348 5 is_stmt 1 view .LVU1457
1348:Drivers/BMP580/bmp5.c ****     {
 4712              		.loc 1 1348 8 is_stmt 0 view .LVU1458
 4713 001c 0028     		cmp	r0, #0
 4714 001e 6DD1     		bne	.L305
1348:Drivers/BMP580/bmp5.c ****     {
 4715              		.loc 1 1348 27 discriminator 1 view .LVU1459
 4716 0020 002D     		cmp	r5, #0
 4717 0022 6FD0     		beq	.L306
1350:Drivers/BMP580/bmp5.c **** 
 4718              		.loc 1 1350 9 is_stmt 1 view .LVU1460
1350:Drivers/BMP580/bmp5.c **** 
 4719              		.loc 1 1350 16 is_stmt 0 view .LVU1461
 4720 0024 2346     		mov	r3, r4
 4721 0026 0DF10302 		add	r2, sp, #3
 4722 002a 0121     		movs	r1, #1
 4723 002c 3046     		mov	r0, r6
 4724              	.LVL493:
1350:Drivers/BMP580/bmp5.c **** 
 4725              		.loc 1 1350 16 view .LVU1462
 4726 002e FFF7FEFF 		bl	nvm_write_addr
 4727              	.LVL494:
1352:Drivers/BMP580/bmp5.c ****         {
 4728              		.loc 1 1352 9 is_stmt 1 view .LVU1463
1352:Drivers/BMP580/bmp5.c ****         {
 4729              		.loc 1 1352 12 is_stmt 0 view .LVU1464
 4730 0032 0546     		mov	r5, r0
 4731              	.LVL495:
1352:Drivers/BMP580/bmp5.c ****         {
 4732              		.loc 1 1352 12 view .LVU1465
 4733 0034 18B1     		cbz	r0, .L311
 4734              	.LVL496:
 4735              	.L304:
1373:Drivers/BMP580/bmp5.c ****         {
 4736              		.loc 1 1373 9 is_stmt 1 view .LVU1466
ARM GAS  C:\Users\Nathan\AppData\Local\Temp\ccGCFMYR.s 			page 143


1373:Drivers/BMP580/bmp5.c ****         {
 4737              		.loc 1 1373 12 is_stmt 0 view .LVU1467
 4738 0036 35B3     		cbz	r5, .L312
 4739              	.LVL497:
 4740              	.L303:
1418:Drivers/BMP580/bmp5.c **** }
 4741              		.loc 1 1418 5 is_stmt 1 view .LVU1468
1419:Drivers/BMP580/bmp5.c **** 
 4742              		.loc 1 1419 1 is_stmt 0 view .LVU1469
 4743 0038 2846     		mov	r0, r5
 4744 003a 03B0     		add	sp, sp, #12
 4745              		.cfi_remember_state
 4746              		.cfi_def_cfa_offset 20
 4747              		@ sp needed
 4748 003c F0BD     		pop	{r4, r5, r6, r7, pc}
 4749              	.LVL498:
 4750              	.L311:
 4751              		.cfi_restore_state
1355:Drivers/BMP580/bmp5.c **** 
 4752              		.loc 1 1355 13 is_stmt 1 view .LVU1470
1355:Drivers/BMP580/bmp5.c **** 
 4753              		.loc 1 1355 20 is_stmt 0 view .LVU1471
 4754 003e 2346     		mov	r3, r4
 4755 0040 0222     		movs	r2, #2
 4756 0042 01A9     		add	r1, sp, #4
 4757 0044 2C20     		movs	r0, #44
 4758              	.LVL499:
1355:Drivers/BMP580/bmp5.c **** 
 4759              		.loc 1 1355 20 view .LVU1472
 4760 0046 FFF7FEFF 		bl	bmp5_get_regs
 4761              	.LVL500:
1357:Drivers/BMP580/bmp5.c ****             {
 4762              		.loc 1 1357 13 is_stmt 1 view .LVU1473
1357:Drivers/BMP580/bmp5.c ****             {
 4763              		.loc 1 1357 16 is_stmt 0 view .LVU1474
 4764 004a 0546     		mov	r5, r0
 4765 004c 0028     		cmp	r0, #0
 4766 004e F3D1     		bne	.L303
1359:Drivers/BMP580/bmp5.c ****                 nvmdata[1] = (uint8_t)((*nvm_data & BMP5_NVM_DATA_MSB_MSK) >> 8);
 4767              		.loc 1 1359 17 is_stmt 1 view .LVU1475
1359:Drivers/BMP580/bmp5.c ****                 nvmdata[1] = (uint8_t)((*nvm_data & BMP5_NVM_DATA_MSB_MSK) >> 8);
 4768              		.loc 1 1359 40 is_stmt 0 view .LVU1476
 4769 0050 3B88     		ldrh	r3, [r7]
1359:Drivers/BMP580/bmp5.c ****                 nvmdata[1] = (uint8_t)((*nvm_data & BMP5_NVM_DATA_MSB_MSK) >> 8);
 4770              		.loc 1 1359 28 view .LVU1477
 4771 0052 8DF80430 		strb	r3, [sp, #4]
1360:Drivers/BMP580/bmp5.c **** 
 4772              		.loc 1 1360 17 is_stmt 1 view .LVU1478
1360:Drivers/BMP580/bmp5.c **** 
 4773              		.loc 1 1360 30 is_stmt 0 view .LVU1479
 4774 0056 1B0A     		lsrs	r3, r3, #8
1360:Drivers/BMP580/bmp5.c **** 
 4775              		.loc 1 1360 28 view .LVU1480
 4776 0058 8DF80530 		strb	r3, [sp, #5]
1362:Drivers/BMP580/bmp5.c ****             }
 4777              		.loc 1 1362 17 is_stmt 1 view .LVU1481
1362:Drivers/BMP580/bmp5.c ****             }
ARM GAS  C:\Users\Nathan\AppData\Local\Temp\ccGCFMYR.s 			page 144


 4778              		.loc 1 1362 24 is_stmt 0 view .LVU1482
 4779 005c 2346     		mov	r3, r4
 4780 005e 0222     		movs	r2, #2
 4781 0060 01A9     		add	r1, sp, #4
 4782 0062 2C20     		movs	r0, #44
 4783              	.LVL501:
1362:Drivers/BMP580/bmp5.c ****             }
 4784              		.loc 1 1362 24 view .LVU1483
 4785 0064 FFF7FEFF 		bl	bmp5_set_regs
 4786              	.LVL502:
1366:Drivers/BMP580/bmp5.c ****         {
 4787              		.loc 1 1366 9 is_stmt 1 view .LVU1484
1366:Drivers/BMP580/bmp5.c ****         {
 4788              		.loc 1 1366 12 is_stmt 0 view .LVU1485
 4789 0068 0546     		mov	r5, r0
 4790 006a 0028     		cmp	r0, #0
 4791 006c E4D1     		bne	.L303
1369:Drivers/BMP580/bmp5.c ****             rslt = bmp5_set_regs(BMP5_REG_CMD, &reg_data, 1, dev);
 4792              		.loc 1 1369 13 is_stmt 1 view .LVU1486
1369:Drivers/BMP580/bmp5.c ****             rslt = bmp5_set_regs(BMP5_REG_CMD, &reg_data, 1, dev);
 4793              		.loc 1 1369 22 is_stmt 0 view .LVU1487
 4794 006e 5D23     		movs	r3, #93
 4795 0070 8DF80630 		strb	r3, [sp, #6]
1370:Drivers/BMP580/bmp5.c ****         }
 4796              		.loc 1 1370 13 is_stmt 1 view .LVU1488
1370:Drivers/BMP580/bmp5.c ****         }
 4797              		.loc 1 1370 20 is_stmt 0 view .LVU1489
 4798 0074 2346     		mov	r3, r4
 4799 0076 0122     		movs	r2, #1
 4800 0078 0DF10601 		add	r1, sp, #6
 4801 007c 7E20     		movs	r0, #126
 4802              	.LVL503:
1370:Drivers/BMP580/bmp5.c ****         }
 4803              		.loc 1 1370 20 view .LVU1490
 4804 007e FFF7FEFF 		bl	bmp5_set_regs
 4805              	.LVL504:
 4806 0082 0546     		mov	r5, r0
 4807              	.LVL505:
1370:Drivers/BMP580/bmp5.c ****         }
 4808              		.loc 1 1370 20 view .LVU1491
 4809 0084 D7E7     		b	.L304
 4810              	.LVL506:
 4811              	.L312:
1376:Drivers/BMP580/bmp5.c ****             rslt = bmp5_set_regs(BMP5_REG_CMD, &reg_data, 1, dev);
 4812              		.loc 1 1376 13 is_stmt 1 view .LVU1492
1376:Drivers/BMP580/bmp5.c ****             rslt = bmp5_set_regs(BMP5_REG_CMD, &reg_data, 1, dev);
 4813              		.loc 1 1376 22 is_stmt 0 view .LVU1493
 4814 0086 A023     		movs	r3, #160
 4815 0088 8DF80630 		strb	r3, [sp, #6]
1377:Drivers/BMP580/bmp5.c **** 
 4816              		.loc 1 1377 13 is_stmt 1 view .LVU1494
1377:Drivers/BMP580/bmp5.c **** 
 4817              		.loc 1 1377 20 is_stmt 0 view .LVU1495
 4818 008c 2346     		mov	r3, r4
 4819 008e 0122     		movs	r2, #1
 4820 0090 0DF10601 		add	r1, sp, #6
 4821 0094 7E20     		movs	r0, #126
ARM GAS  C:\Users\Nathan\AppData\Local\Temp\ccGCFMYR.s 			page 145


 4822 0096 FFF7FEFF 		bl	bmp5_set_regs
 4823              	.LVL507:
 4824 009a 0546     		mov	r5, r0
 4825              	.LVL508:
1380:Drivers/BMP580/bmp5.c ****         }
 4826              		.loc 1 1380 13 is_stmt 1 view .LVU1496
1380:Drivers/BMP580/bmp5.c ****         }
 4827              		.loc 1 1380 16 is_stmt 0 view .LVU1497
 4828 009c 2369     		ldr	r3, [r4, #16]
1380:Drivers/BMP580/bmp5.c ****         }
 4829              		.loc 1 1380 13 view .LVU1498
 4830 009e 6168     		ldr	r1, [r4, #4]
 4831 00a0 42F21070 		movw	r0, #10000
 4832 00a4 9847     		blx	r3
 4833              	.LVL509:
1383:Drivers/BMP580/bmp5.c ****         {
 4834              		.loc 1 1383 9 is_stmt 1 view .LVU1499
1383:Drivers/BMP580/bmp5.c ****         {
 4835              		.loc 1 1383 12 is_stmt 0 view .LVU1500
 4836 00a6 002D     		cmp	r5, #0
 4837 00a8 C6D1     		bne	.L303
1386:Drivers/BMP580/bmp5.c **** 
 4838              		.loc 1 1386 13 is_stmt 1 view .LVU1501
1386:Drivers/BMP580/bmp5.c **** 
 4839              		.loc 1 1386 20 is_stmt 0 view .LVU1502
 4840 00aa 2146     		mov	r1, r4
 4841 00ac 0DF10700 		add	r0, sp, #7
 4842 00b0 FFF7FEFF 		bl	get_nvm_status
 4843              	.LVL510:
1388:Drivers/BMP580/bmp5.c ****                 (!(nvm_status & BMP5_INT_NVM_CMD_ERR)))
 4844              		.loc 1 1388 13 is_stmt 1 view .LVU1503
1388:Drivers/BMP580/bmp5.c ****                 (!(nvm_status & BMP5_INT_NVM_CMD_ERR)))
 4845              		.loc 1 1388 29 is_stmt 0 view .LVU1504
 4846 00b4 9DF80730 		ldrb	r3, [sp, #7]	@ zero_extendqisi2
1388:Drivers/BMP580/bmp5.c ****                 (!(nvm_status & BMP5_INT_NVM_CMD_ERR)))
 4847              		.loc 1 1388 16 view .LVU1505
 4848 00b8 13F0020F 		tst	r3, #2
 4849 00bc 26D0     		beq	.L307
1388:Drivers/BMP580/bmp5.c ****                 (!(nvm_status & BMP5_INT_NVM_CMD_ERR)))
 4850              		.loc 1 1388 49 discriminator 1 view .LVU1506
 4851 00be 13F0040F 		tst	r3, #4
 4852 00c2 27D1     		bne	.L308
1388:Drivers/BMP580/bmp5.c ****                 (!(nvm_status & BMP5_INT_NVM_CMD_ERR)))
 4853              		.loc 1 1388 87 discriminator 2 view .LVU1507
 4854 00c4 13F0080F 		tst	r3, #8
 4855 00c8 28D1     		bne	.L309
1392:Drivers/BMP580/bmp5.c **** 
 4856              		.loc 1 1392 17 is_stmt 1 view .LVU1508
1392:Drivers/BMP580/bmp5.c **** 
 4857              		.loc 1 1392 28 is_stmt 0 view .LVU1509
 4858 00ca 9DF80630 		ldrb	r3, [sp, #6]	@ zero_extendqisi2
 4859 00ce 03F0BF03 		and	r3, r3, #191
1392:Drivers/BMP580/bmp5.c **** 
 4860              		.loc 1 1392 26 view .LVU1510
 4861 00d2 8DF80630 		strb	r3, [sp, #6]
1394:Drivers/BMP580/bmp5.c ****             }
 4862              		.loc 1 1394 17 is_stmt 1 view .LVU1511
ARM GAS  C:\Users\Nathan\AppData\Local\Temp\ccGCFMYR.s 			page 146


1394:Drivers/BMP580/bmp5.c ****             }
 4863              		.loc 1 1394 24 is_stmt 0 view .LVU1512
 4864 00d6 2346     		mov	r3, r4
 4865 00d8 0122     		movs	r2, #1
 4866 00da 0DF10601 		add	r1, sp, #6
 4867 00de 2B20     		movs	r0, #43
 4868 00e0 FFF7FEFF 		bl	bmp5_set_regs
 4869              	.LVL511:
1402:Drivers/BMP580/bmp5.c ****         {
 4870              		.loc 1 1402 9 is_stmt 1 view .LVU1513
1402:Drivers/BMP580/bmp5.c ****         {
 4871              		.loc 1 1402 12 is_stmt 0 view .LVU1514
 4872 00e4 0546     		mov	r5, r0
 4873 00e6 0028     		cmp	r0, #0
 4874 00e8 A6D1     		bne	.L303
1407:Drivers/BMP580/bmp5.c ****             {
 4875              		.loc 1 1407 13 is_stmt 1 view .LVU1515
1407:Drivers/BMP580/bmp5.c ****             {
 4876              		.loc 1 1407 30 is_stmt 0 view .LVU1516
 4877 00ea 9DF80300 		ldrb	r0, [sp, #3]	@ zero_extendqisi2
 4878              	.LVL512:
1407:Drivers/BMP580/bmp5.c ****             {
 4879              		.loc 1 1407 16 view .LVU1517
 4880 00ee 0028     		cmp	r0, #0
 4881 00f0 A2D0     		beq	.L303
1409:Drivers/BMP580/bmp5.c ****             }
 4882              		.loc 1 1409 17 is_stmt 1 view .LVU1518
1409:Drivers/BMP580/bmp5.c ****             }
 4883              		.loc 1 1409 24 is_stmt 0 view .LVU1519
 4884 00f2 2146     		mov	r1, r4
 4885 00f4 FFF7FEFF 		bl	bmp5_set_power_mode
 4886              	.LVL513:
 4887 00f8 0546     		mov	r5, r0
 4888              	.LVL514:
1409:Drivers/BMP580/bmp5.c ****             }
 4889              		.loc 1 1409 24 view .LVU1520
 4890 00fa 9DE7     		b	.L303
 4891              	.LVL515:
 4892              	.L305:
1415:Drivers/BMP580/bmp5.c ****     }
 4893              		.loc 1 1415 14 view .LVU1521
 4894 00fc 4FF0FF33 		mov	r3, #-1
 4895 0100 1D46     		mov	r5, r3
 4896              	.LVL516:
1415:Drivers/BMP580/bmp5.c ****     }
 4897              		.loc 1 1415 14 view .LVU1522
 4898 0102 99E7     		b	.L303
 4899              	.LVL517:
 4900              	.L306:
1415:Drivers/BMP580/bmp5.c ****     }
 4901              		.loc 1 1415 14 view .LVU1523
 4902 0104 4FF0FF33 		mov	r3, #-1
 4903 0108 1D46     		mov	r5, r3
 4904              	.LVL518:
1415:Drivers/BMP580/bmp5.c ****     }
 4905              		.loc 1 1415 14 view .LVU1524
 4906 010a 95E7     		b	.L303
ARM GAS  C:\Users\Nathan\AppData\Local\Temp\ccGCFMYR.s 			page 147


 4907              	.LVL519:
 4908              	.L307:
1398:Drivers/BMP580/bmp5.c ****             }
 4909              		.loc 1 1398 22 view .LVU1525
 4910 010c 6FF00A03 		mvn	r3, #10
 4911 0110 1D46     		mov	r5, r3
 4912 0112 91E7     		b	.L303
 4913              	.L308:
 4914 0114 6FF00A03 		mvn	r3, #10
 4915 0118 1D46     		mov	r5, r3
 4916 011a 8DE7     		b	.L303
 4917              	.L309:
 4918 011c 6FF00A03 		mvn	r3, #10
 4919 0120 1D46     		mov	r5, r3
 4920 0122 89E7     		b	.L303
 4921              		.cfi_endproc
 4922              	.LFE23:
 4924              		.text
 4925              	.Letext0:
 4926              		.file 2 "C:/Users/Nathan/AppData/Roaming/Code/User/globalStorage/bmd.stm32-for-vscode/@xpack-dev-t
 4927              		.file 3 "C:/Users/Nathan/AppData/Roaming/Code/User/globalStorage/bmd.stm32-for-vscode/@xpack-dev-t
 4928              		.file 4 "Drivers/BMP580/bmp5_defs.h"
ARM GAS  C:\Users\Nathan\AppData\Local\Temp\ccGCFMYR.s 			page 148


DEFINED SYMBOLS
                            *ABS*:00000000 bmp5.c
C:\Users\Nathan\AppData\Local\Temp\ccGCFMYR.s:21     .text.null_ptr_check:00000000 $t
C:\Users\Nathan\AppData\Local\Temp\ccGCFMYR.s:26     .text.null_ptr_check:00000000 null_ptr_check
C:\Users\Nathan\AppData\Local\Temp\ccGCFMYR.s:88     .text.validate_chip_id:00000000 $t
C:\Users\Nathan\AppData\Local\Temp\ccGCFMYR.s:93     .text.validate_chip_id:00000000 validate_chip_id
C:\Users\Nathan\AppData\Local\Temp\ccGCFMYR.s:131    .text.set_fifo_threshold:00000000 $t
C:\Users\Nathan\AppData\Local\Temp\ccGCFMYR.s:136    .text.set_fifo_threshold:00000000 set_fifo_threshold
C:\Users\Nathan\AppData\Local\Temp\ccGCFMYR.s:224    .text.unpack_sensor_data:00000000 $t
C:\Users\Nathan\AppData\Local\Temp\ccGCFMYR.s:229    .text.unpack_sensor_data:00000000 unpack_sensor_data
C:\Users\Nathan\AppData\Local\Temp\ccGCFMYR.s:589    .text.unpack_sensor_data:0000017c $d
C:\Users\Nathan\AppData\Local\Temp\ccGCFMYR.s:595    .text.bmp5_get_regs:00000000 $t
C:\Users\Nathan\AppData\Local\Temp\ccGCFMYR.s:601    .text.bmp5_get_regs:00000000 bmp5_get_regs
C:\Users\Nathan\AppData\Local\Temp\ccGCFMYR.s:692    .text.get_nvm_status:00000000 $t
C:\Users\Nathan\AppData\Local\Temp\ccGCFMYR.s:697    .text.get_nvm_status:00000000 get_nvm_status
C:\Users\Nathan\AppData\Local\Temp\ccGCFMYR.s:742    .text.get_nvm_data:00000000 $t
C:\Users\Nathan\AppData\Local\Temp\ccGCFMYR.s:747    .text.get_nvm_data:00000000 get_nvm_data
C:\Users\Nathan\AppData\Local\Temp\ccGCFMYR.s:845    .text.bmp5_set_regs:00000000 $t
C:\Users\Nathan\AppData\Local\Temp\ccGCFMYR.s:851    .text.bmp5_set_regs:00000000 bmp5_set_regs
C:\Users\Nathan\AppData\Local\Temp\ccGCFMYR.s:984    .text.set_deep_standby_mode:00000000 $t
C:\Users\Nathan\AppData\Local\Temp\ccGCFMYR.s:989    .text.set_deep_standby_mode:00000000 set_deep_standby_mode
C:\Users\Nathan\AppData\Local\Temp\ccGCFMYR.s:1123   .text.set_power_mode:00000000 $t
C:\Users\Nathan\AppData\Local\Temp\ccGCFMYR.s:1128   .text.set_power_mode:00000000 set_power_mode
C:\Users\Nathan\AppData\Local\Temp\ccGCFMYR.s:1200   .text.set_iir_config:00000000 $t
C:\Users\Nathan\AppData\Local\Temp\ccGCFMYR.s:1205   .text.set_iir_config:00000000 set_iir_config
C:\Users\Nathan\AppData\Local\Temp\ccGCFMYR.s:1306   .text.set_nvm_addr:00000000 $t
C:\Users\Nathan\AppData\Local\Temp\ccGCFMYR.s:1311   .text.set_nvm_addr:00000000 set_nvm_addr
C:\Users\Nathan\AppData\Local\Temp\ccGCFMYR.s:1416   .text.bmp5_get_interrupt_status:00000000 $t
C:\Users\Nathan\AppData\Local\Temp\ccGCFMYR.s:1422   .text.bmp5_get_interrupt_status:00000000 bmp5_get_interrupt_status
C:\Users\Nathan\AppData\Local\Temp\ccGCFMYR.s:1467   .text.power_up_check:00000000 $t
C:\Users\Nathan\AppData\Local\Temp\ccGCFMYR.s:1472   .text.power_up_check:00000000 power_up_check
C:\Users\Nathan\AppData\Local\Temp\ccGCFMYR.s:1554   .text.bmp5_init:00000000 $t
C:\Users\Nathan\AppData\Local\Temp\ccGCFMYR.s:1560   .text.bmp5_init:00000000 bmp5_init
C:\Users\Nathan\AppData\Local\Temp\ccGCFMYR.s:1681   .text.bmp5_soft_reset:00000000 $t
C:\Users\Nathan\AppData\Local\Temp\ccGCFMYR.s:1687   .text.bmp5_soft_reset:00000000 bmp5_soft_reset
C:\Users\Nathan\AppData\Local\Temp\ccGCFMYR.s:1796   .text.bmp5_get_sensor_data:00000000 $t
C:\Users\Nathan\AppData\Local\Temp\ccGCFMYR.s:1802   .text.bmp5_get_sensor_data:00000000 bmp5_get_sensor_data
C:\Users\Nathan\AppData\Local\Temp\ccGCFMYR.s:1934   .text.bmp5_get_sensor_data:00000084 $d
C:\Users\Nathan\AppData\Local\Temp\ccGCFMYR.s:1940   .text.bmp5_int_source_select:00000000 $t
C:\Users\Nathan\AppData\Local\Temp\ccGCFMYR.s:1946   .text.bmp5_int_source_select:00000000 bmp5_int_source_select
C:\Users\Nathan\AppData\Local\Temp\ccGCFMYR.s:2059   .text.bmp5_configure_interrupt:00000000 $t
C:\Users\Nathan\AppData\Local\Temp\ccGCFMYR.s:2065   .text.bmp5_configure_interrupt:00000000 bmp5_configure_interrupt
C:\Users\Nathan\AppData\Local\Temp\ccGCFMYR.s:2201   .text.bmp5_get_osr_odr_press_config:00000000 $t
C:\Users\Nathan\AppData\Local\Temp\ccGCFMYR.s:2207   .text.bmp5_get_osr_odr_press_config:00000000 bmp5_get_osr_odr_press_config
C:\Users\Nathan\AppData\Local\Temp\ccGCFMYR.s:2286   .text.bmp5_get_iir_config:00000000 $t
C:\Users\Nathan\AppData\Local\Temp\ccGCFMYR.s:2292   .text.bmp5_get_iir_config:00000000 bmp5_get_iir_config
C:\Users\Nathan\AppData\Local\Temp\ccGCFMYR.s:2372   .text.check_deepstandby_mode:00000000 $t
C:\Users\Nathan\AppData\Local\Temp\ccGCFMYR.s:2377   .text.check_deepstandby_mode:00000000 check_deepstandby_mode
C:\Users\Nathan\AppData\Local\Temp\ccGCFMYR.s:2483   .text.bmp5_get_power_mode:00000000 $t
C:\Users\Nathan\AppData\Local\Temp\ccGCFMYR.s:2489   .text.bmp5_get_power_mode:00000000 bmp5_get_power_mode
C:\Users\Nathan\AppData\Local\Temp\ccGCFMYR.s:2641   .text.bmp5_set_power_mode:00000000 $t
C:\Users\Nathan\AppData\Local\Temp\ccGCFMYR.s:2647   .text.bmp5_set_power_mode:00000000 bmp5_set_power_mode
C:\Users\Nathan\AppData\Local\Temp\ccGCFMYR.s:2771   .text.set_standby_mode:00000000 $t
C:\Users\Nathan\AppData\Local\Temp\ccGCFMYR.s:2776   .text.set_standby_mode:00000000 set_standby_mode
C:\Users\Nathan\AppData\Local\Temp\ccGCFMYR.s:2833   .text.bmp5_set_osr_odr_press_config:00000000 $t
C:\Users\Nathan\AppData\Local\Temp\ccGCFMYR.s:2839   .text.bmp5_set_osr_odr_press_config:00000000 bmp5_set_osr_odr_press_config
C:\Users\Nathan\AppData\Local\Temp\ccGCFMYR.s:2970   .text.set_fifo_iir_config:00000000 $t
ARM GAS  C:\Users\Nathan\AppData\Local\Temp\ccGCFMYR.s 			page 149


C:\Users\Nathan\AppData\Local\Temp\ccGCFMYR.s:2975   .text.set_fifo_iir_config:00000000 set_fifo_iir_config
C:\Users\Nathan\AppData\Local\Temp\ccGCFMYR.s:3116   .text.set_oor_iir_count_limit:00000000 $t
C:\Users\Nathan\AppData\Local\Temp\ccGCFMYR.s:3121   .text.set_oor_iir_count_limit:00000000 set_oor_iir_count_limit
C:\Users\Nathan\AppData\Local\Temp\ccGCFMYR.s:3294   .text.nvm_write_addr:00000000 $t
C:\Users\Nathan\AppData\Local\Temp\ccGCFMYR.s:3299   .text.nvm_write_addr:00000000 nvm_write_addr
C:\Users\Nathan\AppData\Local\Temp\ccGCFMYR.s:3392   .text.bmp5_set_iir_config:00000000 $t
C:\Users\Nathan\AppData\Local\Temp\ccGCFMYR.s:3398   .text.bmp5_set_iir_config:00000000 bmp5_set_iir_config
C:\Users\Nathan\AppData\Local\Temp\ccGCFMYR.s:3536   .text.bmp5_get_osr_odr_eff:00000000 $t
C:\Users\Nathan\AppData\Local\Temp\ccGCFMYR.s:3542   .text.bmp5_get_osr_odr_eff:00000000 bmp5_get_osr_odr_eff
C:\Users\Nathan\AppData\Local\Temp\ccGCFMYR.s:3615   .text.bmp5_get_fifo_configuration:00000000 $t
C:\Users\Nathan\AppData\Local\Temp\ccGCFMYR.s:3621   .text.bmp5_get_fifo_configuration:00000000 bmp5_get_fifo_configuration
C:\Users\Nathan\AppData\Local\Temp\ccGCFMYR.s:3750   .text.bmp5_set_fifo_configuration:00000000 $t
C:\Users\Nathan\AppData\Local\Temp\ccGCFMYR.s:3756   .text.bmp5_set_fifo_configuration:00000000 bmp5_set_fifo_configuration
C:\Users\Nathan\AppData\Local\Temp\ccGCFMYR.s:3944   .text.bmp5_get_fifo_len:00000000 $t
C:\Users\Nathan\AppData\Local\Temp\ccGCFMYR.s:3950   .text.bmp5_get_fifo_len:00000000 bmp5_get_fifo_len
C:\Users\Nathan\AppData\Local\Temp\ccGCFMYR.s:4056   .text.bmp5_get_fifo_data:00000000 $t
C:\Users\Nathan\AppData\Local\Temp\ccGCFMYR.s:4062   .text.bmp5_get_fifo_data:00000000 bmp5_get_fifo_data
C:\Users\Nathan\AppData\Local\Temp\ccGCFMYR.s:4143   .text.bmp5_extract_fifo_data:00000000 $t
C:\Users\Nathan\AppData\Local\Temp\ccGCFMYR.s:4149   .text.bmp5_extract_fifo_data:00000000 bmp5_extract_fifo_data
C:\Users\Nathan\AppData\Local\Temp\ccGCFMYR.s:4252   .text.bmp5_get_oor_configuration:00000000 $t
C:\Users\Nathan\AppData\Local\Temp\ccGCFMYR.s:4258   .text.bmp5_get_oor_configuration:00000000 bmp5_get_oor_configuration
C:\Users\Nathan\AppData\Local\Temp\ccGCFMYR.s:4369   .text.bmp5_set_oor_configuration:00000000 $t
C:\Users\Nathan\AppData\Local\Temp\ccGCFMYR.s:4375   .text.bmp5_set_oor_configuration:00000000 bmp5_set_oor_configuration
C:\Users\Nathan\AppData\Local\Temp\ccGCFMYR.s:4497   .text.bmp5_nvm_read:00000000 $t
C:\Users\Nathan\AppData\Local\Temp\ccGCFMYR.s:4503   .text.bmp5_nvm_read:00000000 bmp5_nvm_read
C:\Users\Nathan\AppData\Local\Temp\ccGCFMYR.s:4667   .text.bmp5_nvm_write:00000000 $t
C:\Users\Nathan\AppData\Local\Temp\ccGCFMYR.s:4673   .text.bmp5_nvm_write:00000000 bmp5_nvm_write

UNDEFINED SYMBOLS
__aeabi_i2d
__aeabi_dmul
__aeabi_d2f
__aeabi_ui2d
