ARM GAS  /tmp/cciSPV86.s 			page 1


   1              		.cpu cortex-m4
   2              		.arch armv7e-m
   3              		.fpu fpv4-sp-d16
   4              		.eabi_attribute 27, 1
   5              		.eabi_attribute 28, 1
   6              		.eabi_attribute 20, 1
   7              		.eabi_attribute 21, 1
   8              		.eabi_attribute 23, 3
   9              		.eabi_attribute 24, 1
  10              		.eabi_attribute 25, 1
  11              		.eabi_attribute 26, 1
  12              		.eabi_attribute 30, 1
  13              		.eabi_attribute 34, 1
  14              		.eabi_attribute 18, 4
  15              		.file	"main.c"
  16              		.text
  17              	.Ltext0:
  18              		.cfi_sections	.debug_frame
  19              		.file 1 "Core/Src/main.c"
  20              		.section	.text.MX_GPIO_Init,"ax",%progbits
  21              		.align	1
  22              		.syntax unified
  23              		.thumb
  24              		.thumb_func
  26              	MX_GPIO_Init:
  27              	.LFB959:
   1:Core/Src/main.c **** /* USER CODE BEGIN Header */
   2:Core/Src/main.c **** /**
   3:Core/Src/main.c ****  ******************************************************************************
   4:Core/Src/main.c ****  * @file           : main.c
   5:Core/Src/main.c ****  * @brief          : Main program body
   6:Core/Src/main.c ****  ******************************************************************************
   7:Core/Src/main.c ****  * @attention
   8:Core/Src/main.c ****  *
   9:Core/Src/main.c ****  * Copyright (c) 2026 STMicroelectronics.
  10:Core/Src/main.c ****  * All rights reserved.
  11:Core/Src/main.c ****  *
  12:Core/Src/main.c ****  * This software is licensed under terms that can be found in the LICENSE file
  13:Core/Src/main.c ****  * in the root directory of this software component.
  14:Core/Src/main.c ****  * If no LICENSE file comes with this software, it is provided AS-IS.
  15:Core/Src/main.c ****  *
  16:Core/Src/main.c ****  ******************************************************************************
  17:Core/Src/main.c ****  */
  18:Core/Src/main.c **** /* USER CODE END Header */
  19:Core/Src/main.c **** /* Includes ------------------------------------------------------------------*/
  20:Core/Src/main.c **** #include "main.h"
  21:Core/Src/main.c **** #include "usb_device.h"
  22:Core/Src/main.c **** 
  23:Core/Src/main.c **** /* Private includes ----------------------------------------------------------*/
  24:Core/Src/main.c **** /* USER CODE BEGIN Includes */
  25:Core/Src/main.c **** #include "ICM42688.h"
  26:Core/Src/main.c **** #include "usbd_cdc_if.h"
  27:Core/Src/main.c **** #include <stdio.h>
  28:Core/Src/main.c **** #include <string.h>
  29:Core/Src/main.c **** /* USER CODE END Includes */
  30:Core/Src/main.c **** 
  31:Core/Src/main.c **** /* Private typedef -----------------------------------------------------------*/
ARM GAS  /tmp/cciSPV86.s 			page 2


  32:Core/Src/main.c **** /* USER CODE BEGIN PTD */
  33:Core/Src/main.c **** 
  34:Core/Src/main.c **** /* USER CODE END PTD */
  35:Core/Src/main.c **** 
  36:Core/Src/main.c **** /* Private define ------------------------------------------------------------*/
  37:Core/Src/main.c **** /* USER CODE BEGIN PD */
  38:Core/Src/main.c **** 
  39:Core/Src/main.c **** /* USER CODE END PD */
  40:Core/Src/main.c **** 
  41:Core/Src/main.c **** /* Private macro -------------------------------------------------------------*/
  42:Core/Src/main.c **** /* USER CODE BEGIN PM */
  43:Core/Src/main.c **** 
  44:Core/Src/main.c **** /* USER CODE END PM */
  45:Core/Src/main.c **** 
  46:Core/Src/main.c **** /* Private variables ---------------------------------------------------------*/
  47:Core/Src/main.c **** I2C_HandleTypeDef hi2c1;
  48:Core/Src/main.c **** 
  49:Core/Src/main.c **** SPI_HandleTypeDef hspi1;
  50:Core/Src/main.c **** 
  51:Core/Src/main.c **** /* USER CODE BEGIN PV */
  52:Core/Src/main.c **** ICM42688_Handle icm;
  53:Core/Src/main.c **** ICM42688_Data imu_data;
  54:Core/Src/main.c **** char serial_buf[256];
  55:Core/Src/main.c **** /* USER CODE END PV */
  56:Core/Src/main.c **** 
  57:Core/Src/main.c **** /* Private function prototypes -----------------------------------------------*/
  58:Core/Src/main.c **** void SystemClock_Config(void);
  59:Core/Src/main.c **** void PeriphCommonClock_Config(void);
  60:Core/Src/main.c **** static void MX_GPIO_Init(void);
  61:Core/Src/main.c **** static void MX_I2C1_Init(void);
  62:Core/Src/main.c **** static void MX_SPI1_Init(void);
  63:Core/Src/main.c **** /* USER CODE BEGIN PFP */
  64:Core/Src/main.c **** 
  65:Core/Src/main.c **** /* USER CODE END PFP */
  66:Core/Src/main.c **** 
  67:Core/Src/main.c **** /* Private user code ---------------------------------------------------------*/
  68:Core/Src/main.c **** /* USER CODE BEGIN 0 */
  69:Core/Src/main.c **** 
  70:Core/Src/main.c **** /* USER CODE END 0 */
  71:Core/Src/main.c **** 
  72:Core/Src/main.c **** /**
  73:Core/Src/main.c ****  * @brief  The application entry point.
  74:Core/Src/main.c ****  * @retval int
  75:Core/Src/main.c ****  */
  76:Core/Src/main.c **** int main(void) {
  77:Core/Src/main.c **** 
  78:Core/Src/main.c ****   /* USER CODE BEGIN 1 */
  79:Core/Src/main.c **** 
  80:Core/Src/main.c ****   /* USER CODE END 1 */
  81:Core/Src/main.c **** 
  82:Core/Src/main.c ****   /* MCU Configuration--------------------------------------------------------*/
  83:Core/Src/main.c **** 
  84:Core/Src/main.c ****   /* Reset of all peripherals, Initializes the Flash interface and the Systick.
  85:Core/Src/main.c ****    */
  86:Core/Src/main.c ****   HAL_Init();
  87:Core/Src/main.c **** 
  88:Core/Src/main.c ****   /* USER CODE BEGIN Init */
ARM GAS  /tmp/cciSPV86.s 			page 3


  89:Core/Src/main.c **** 
  90:Core/Src/main.c ****   /* USER CODE END Init */
  91:Core/Src/main.c **** 
  92:Core/Src/main.c ****   /* Configure the system clock */
  93:Core/Src/main.c ****   SystemClock_Config();
  94:Core/Src/main.c **** 
  95:Core/Src/main.c ****   /* Configure the peripherals common clocks */
  96:Core/Src/main.c ****   PeriphCommonClock_Config();
  97:Core/Src/main.c **** 
  98:Core/Src/main.c ****   /* USER CODE BEGIN SysInit */
  99:Core/Src/main.c **** 
 100:Core/Src/main.c ****   /* USER CODE END SysInit */
 101:Core/Src/main.c **** 
 102:Core/Src/main.c ****   /* Initialize all configured peripherals */
 103:Core/Src/main.c ****   MX_GPIO_Init();
 104:Core/Src/main.c ****   MX_I2C1_Init();
 105:Core/Src/main.c ****   MX_SPI1_Init();
 106:Core/Src/main.c ****   MX_USB_Device_Init();
 107:Core/Src/main.c ****   /* USER CODE BEGIN 2 */
 108:Core/Src/main.c ****   HAL_Delay(1000);
 109:Core/Src/main.c ****   /* ICM-42688-P setup */
 110:Core/Src/main.c ****   icm.hspi = &hspi1;
 111:Core/Src/main.c ****   icm.cs_port = ICM_CS_GPIO_Port;
 112:Core/Src/main.c ****   icm.cs_pin = ICM_CS_Pin;
 113:Core/Src/main.c **** 
 114:Core/Src/main.c ****   int icm_err = ICM42688_Init(&icm);
 115:Core/Src/main.c ****   if (icm_err != 0) {
 116:Core/Src/main.c ****     /* Blink error code: N quick blinks = abs(error), then long pause, repeat */
 117:Core/Src/main.c ****     int code = icm_err < 0 ? -icm_err : icm_err;
 118:Core/Src/main.c ****     while (1) {
 119:Core/Src/main.c ****       for (int i = 0; i < code; i++) {
 120:Core/Src/main.c ****         HAL_GPIO_WritePin(LED_GPIO_Port, LED_Pin, GPIO_PIN_RESET);
 121:Core/Src/main.c ****         HAL_Delay(150);
 122:Core/Src/main.c ****         HAL_GPIO_WritePin(LED_GPIO_Port, LED_Pin, GPIO_PIN_SET);
 123:Core/Src/main.c ****         HAL_Delay(150);
 124:Core/Src/main.c ****       }
 125:Core/Src/main.c ****       HAL_Delay(1500);
 126:Core/Src/main.c ****     }
 127:Core/Src/main.c ****   }
 128:Core/Src/main.c **** 
 129:Core/Src/main.c ****   /* Give USB time to enumerate */
 130:Core/Src/main.c ****   HAL_Delay(1000);
 131:Core/Src/main.c ****   /* USER CODE END 2 */
 132:Core/Src/main.c **** 
 133:Core/Src/main.c ****   /* Infinite loop */
 134:Core/Src/main.c ****   /* USER CODE BEGIN WHILE */
 135:Core/Src/main.c ****   while (1) {
 136:Core/Src/main.c ****     if (ICM42688_ReadOnce(&icm, &imu_data) == 0) {
 137:Core/Src/main.c ****       int len = snprintf(
 138:Core/Src/main.c ****           serial_buf, sizeof(serial_buf),
 139:Core/Src/main.c ****           "AX:%.3f AY:%.3f AZ:%.3f GX:%.2f GY:%.2f GZ:%.2f T:%.1f\r\n",
 140:Core/Src/main.c ****           imu_data.acc_x, imu_data.acc_y, imu_data.acc_z, imu_data.gyr_x,
 141:Core/Src/main.c ****           imu_data.gyr_y, imu_data.gyr_z, imu_data.temp_c);
 142:Core/Src/main.c ****       CDC_Transmit_FS((uint8_t *)serial_buf, len);
 143:Core/Src/main.c ****     }
 144:Core/Src/main.c ****     HAL_GPIO_TogglePin(LED_GPIO_Port, LED_Pin);
 145:Core/Src/main.c ****     HAL_Delay(100);
ARM GAS  /tmp/cciSPV86.s 			page 4


 146:Core/Src/main.c ****     /* USER CODE END WHILE */
 147:Core/Src/main.c **** 
 148:Core/Src/main.c ****     /* USER CODE BEGIN 3 */
 149:Core/Src/main.c ****   }
 150:Core/Src/main.c ****   /* USER CODE END 3 */
 151:Core/Src/main.c **** }
 152:Core/Src/main.c **** 
 153:Core/Src/main.c **** /**
 154:Core/Src/main.c ****  * @brief System Clock Configuration
 155:Core/Src/main.c ****  * @retval None
 156:Core/Src/main.c ****  */
 157:Core/Src/main.c **** void SystemClock_Config(void) {
 158:Core/Src/main.c ****   RCC_OscInitTypeDef RCC_OscInitStruct = {0};
 159:Core/Src/main.c ****   RCC_ClkInitTypeDef RCC_ClkInitStruct = {0};
 160:Core/Src/main.c **** 
 161:Core/Src/main.c ****   /** Configure LSE Drive Capability
 162:Core/Src/main.c ****    */
 163:Core/Src/main.c ****   HAL_PWR_EnableBkUpAccess();
 164:Core/Src/main.c ****   __HAL_RCC_LSEDRIVE_CONFIG(RCC_LSEDRIVE_MEDIUMHIGH);
 165:Core/Src/main.c **** 
 166:Core/Src/main.c ****   /** Configure the main internal regulator output voltage
 167:Core/Src/main.c ****    */
 168:Core/Src/main.c ****   __HAL_PWR_VOLTAGESCALING_CONFIG(PWR_REGULATOR_VOLTAGE_SCALE1);
 169:Core/Src/main.c **** 
 170:Core/Src/main.c ****   /** Initializes the RCC Oscillators according to the specified parameters
 171:Core/Src/main.c ****    * in the RCC_OscInitTypeDef structure.
 172:Core/Src/main.c ****    */
 173:Core/Src/main.c ****   RCC_OscInitStruct.OscillatorType =
 174:Core/Src/main.c ****       RCC_OSCILLATORTYPE_HSI | RCC_OSCILLATORTYPE_HSE | RCC_OSCILLATORTYPE_LSE |
 175:Core/Src/main.c ****       RCC_OSCILLATORTYPE_MSI;
 176:Core/Src/main.c ****   RCC_OscInitStruct.HSEState = RCC_HSE_ON;
 177:Core/Src/main.c ****   RCC_OscInitStruct.LSEState = RCC_LSE_ON;
 178:Core/Src/main.c ****   RCC_OscInitStruct.HSIState = RCC_HSI_ON;
 179:Core/Src/main.c ****   RCC_OscInitStruct.MSIState = RCC_MSI_ON;
 180:Core/Src/main.c ****   RCC_OscInitStruct.HSICalibrationValue = RCC_HSICALIBRATION_DEFAULT;
 181:Core/Src/main.c ****   RCC_OscInitStruct.MSICalibrationValue = RCC_MSICALIBRATION_DEFAULT;
 182:Core/Src/main.c ****   RCC_OscInitStruct.MSIClockRange = RCC_MSIRANGE_6;
 183:Core/Src/main.c ****   RCC_OscInitStruct.PLL.PLLState = RCC_PLL_ON;
 184:Core/Src/main.c ****   RCC_OscInitStruct.PLL.PLLSource = RCC_PLLSOURCE_MSI;
 185:Core/Src/main.c ****   RCC_OscInitStruct.PLL.PLLM = RCC_PLLM_DIV1;
 186:Core/Src/main.c ****   RCC_OscInitStruct.PLL.PLLN = 32;
 187:Core/Src/main.c ****   RCC_OscInitStruct.PLL.PLLP = RCC_PLLP_DIV2;
 188:Core/Src/main.c ****   RCC_OscInitStruct.PLL.PLLR = RCC_PLLR_DIV2;
 189:Core/Src/main.c ****   RCC_OscInitStruct.PLL.PLLQ = RCC_PLLQ_DIV2;
 190:Core/Src/main.c ****   if (HAL_RCC_OscConfig(&RCC_OscInitStruct) != HAL_OK) {
 191:Core/Src/main.c ****     Error_Handler();
 192:Core/Src/main.c ****   }
 193:Core/Src/main.c **** 
 194:Core/Src/main.c ****   /** Configure the SYSCLKSource, HCLK, PCLK1 and PCLK2 clocks dividers
 195:Core/Src/main.c ****    */
 196:Core/Src/main.c ****   RCC_ClkInitStruct.ClockType = RCC_CLOCKTYPE_HCLK4 | RCC_CLOCKTYPE_HCLK2 |
 197:Core/Src/main.c ****                                 RCC_CLOCKTYPE_HCLK | RCC_CLOCKTYPE_SYSCLK |
 198:Core/Src/main.c ****                                 RCC_CLOCKTYPE_PCLK1 | RCC_CLOCKTYPE_PCLK2;
 199:Core/Src/main.c ****   RCC_ClkInitStruct.SYSCLKSource = RCC_SYSCLKSOURCE_PLLCLK;
 200:Core/Src/main.c ****   RCC_ClkInitStruct.AHBCLKDivider = RCC_SYSCLK_DIV1;
 201:Core/Src/main.c ****   RCC_ClkInitStruct.APB1CLKDivider = RCC_HCLK_DIV1;
 202:Core/Src/main.c ****   RCC_ClkInitStruct.APB2CLKDivider = RCC_HCLK_DIV1;
ARM GAS  /tmp/cciSPV86.s 			page 5


 203:Core/Src/main.c ****   RCC_ClkInitStruct.AHBCLK2Divider = RCC_SYSCLK_DIV2;
 204:Core/Src/main.c ****   RCC_ClkInitStruct.AHBCLK4Divider = RCC_SYSCLK_DIV1;
 205:Core/Src/main.c **** 
 206:Core/Src/main.c ****   if (HAL_RCC_ClockConfig(&RCC_ClkInitStruct, FLASH_LATENCY_3) != HAL_OK) {
 207:Core/Src/main.c ****     Error_Handler();
 208:Core/Src/main.c ****   }
 209:Core/Src/main.c **** 
 210:Core/Src/main.c ****   /** Enable MSI Auto calibration
 211:Core/Src/main.c ****    */
 212:Core/Src/main.c ****   HAL_RCCEx_EnableMSIPLLMode();
 213:Core/Src/main.c **** }
 214:Core/Src/main.c **** 
 215:Core/Src/main.c **** /**
 216:Core/Src/main.c ****  * @brief Peripherals Common Clock Configuration
 217:Core/Src/main.c ****  * @retval None
 218:Core/Src/main.c ****  */
 219:Core/Src/main.c **** void PeriphCommonClock_Config(void) {
 220:Core/Src/main.c ****   RCC_PeriphCLKInitTypeDef PeriphClkInitStruct = {0};
 221:Core/Src/main.c **** 
 222:Core/Src/main.c ****   /** Initializes the peripherals clock
 223:Core/Src/main.c ****    */
 224:Core/Src/main.c ****   PeriphClkInitStruct.PeriphClockSelection = RCC_PERIPHCLK_SMPS;
 225:Core/Src/main.c ****   PeriphClkInitStruct.SmpsClockSelection = RCC_SMPSCLKSOURCE_HSI;
 226:Core/Src/main.c ****   PeriphClkInitStruct.SmpsDivSelection = RCC_SMPSCLKDIV_RANGE1;
 227:Core/Src/main.c **** 
 228:Core/Src/main.c ****   if (HAL_RCCEx_PeriphCLKConfig(&PeriphClkInitStruct) != HAL_OK) {
 229:Core/Src/main.c ****     Error_Handler();
 230:Core/Src/main.c ****   }
 231:Core/Src/main.c ****   /* USER CODE BEGIN Smps */
 232:Core/Src/main.c **** 
 233:Core/Src/main.c ****   /* USER CODE END Smps */
 234:Core/Src/main.c **** }
 235:Core/Src/main.c **** 
 236:Core/Src/main.c **** /**
 237:Core/Src/main.c ****  * @brief I2C1 Initialization Function
 238:Core/Src/main.c ****  * @param None
 239:Core/Src/main.c ****  * @retval None
 240:Core/Src/main.c ****  */
 241:Core/Src/main.c **** static void MX_I2C1_Init(void) {
 242:Core/Src/main.c **** 
 243:Core/Src/main.c ****   /* USER CODE BEGIN I2C1_Init 0 */
 244:Core/Src/main.c **** 
 245:Core/Src/main.c ****   /* USER CODE END I2C1_Init 0 */
 246:Core/Src/main.c **** 
 247:Core/Src/main.c ****   /* USER CODE BEGIN I2C1_Init 1 */
 248:Core/Src/main.c **** 
 249:Core/Src/main.c ****   /* USER CODE END I2C1_Init 1 */
 250:Core/Src/main.c ****   hi2c1.Instance = I2C1;
 251:Core/Src/main.c ****   hi2c1.Init.Timing = 0x10B17DB5;
 252:Core/Src/main.c ****   hi2c1.Init.OwnAddress1 = 0;
 253:Core/Src/main.c ****   hi2c1.Init.AddressingMode = I2C_ADDRESSINGMODE_7BIT;
 254:Core/Src/main.c ****   hi2c1.Init.DualAddressMode = I2C_DUALADDRESS_DISABLE;
 255:Core/Src/main.c ****   hi2c1.Init.OwnAddress2 = 0;
 256:Core/Src/main.c ****   hi2c1.Init.OwnAddress2Masks = I2C_OA2_NOMASK;
 257:Core/Src/main.c ****   hi2c1.Init.GeneralCallMode = I2C_GENERALCALL_DISABLE;
 258:Core/Src/main.c ****   hi2c1.Init.NoStretchMode = I2C_NOSTRETCH_DISABLE;
 259:Core/Src/main.c ****   if (HAL_I2C_Init(&hi2c1) != HAL_OK) {
ARM GAS  /tmp/cciSPV86.s 			page 6


 260:Core/Src/main.c ****     Error_Handler();
 261:Core/Src/main.c ****   }
 262:Core/Src/main.c **** 
 263:Core/Src/main.c ****   /** Configure Analogue filter
 264:Core/Src/main.c ****    */
 265:Core/Src/main.c ****   if (HAL_I2CEx_ConfigAnalogFilter(&hi2c1, I2C_ANALOGFILTER_ENABLE) != HAL_OK) {
 266:Core/Src/main.c ****     Error_Handler();
 267:Core/Src/main.c ****   }
 268:Core/Src/main.c **** 
 269:Core/Src/main.c ****   /** Configure Digital filter
 270:Core/Src/main.c ****    */
 271:Core/Src/main.c ****   if (HAL_I2CEx_ConfigDigitalFilter(&hi2c1, 0) != HAL_OK) {
 272:Core/Src/main.c ****     Error_Handler();
 273:Core/Src/main.c ****   }
 274:Core/Src/main.c ****   /* USER CODE BEGIN I2C1_Init 2 */
 275:Core/Src/main.c **** 
 276:Core/Src/main.c ****   /* USER CODE END I2C1_Init 2 */
 277:Core/Src/main.c **** }
 278:Core/Src/main.c **** 
 279:Core/Src/main.c **** /**
 280:Core/Src/main.c ****  * @brief SPI1 Initialization Function
 281:Core/Src/main.c ****  * @param None
 282:Core/Src/main.c ****  * @retval None
 283:Core/Src/main.c ****  */
 284:Core/Src/main.c **** static void MX_SPI1_Init(void) {
 285:Core/Src/main.c **** 
 286:Core/Src/main.c ****   /* USER CODE BEGIN SPI1_Init 0 */
 287:Core/Src/main.c **** 
 288:Core/Src/main.c ****   /* USER CODE END SPI1_Init 0 */
 289:Core/Src/main.c **** 
 290:Core/Src/main.c ****   /* USER CODE BEGIN SPI1_Init 1 */
 291:Core/Src/main.c **** 
 292:Core/Src/main.c ****   /* USER CODE END SPI1_Init 1 */
 293:Core/Src/main.c ****   /* SPI1 parameter configuration*/
 294:Core/Src/main.c ****   hspi1.Instance = SPI1;
 295:Core/Src/main.c ****   hspi1.Init.Mode = SPI_MODE_MASTER;
 296:Core/Src/main.c ****   hspi1.Init.Direction = SPI_DIRECTION_2LINES;
 297:Core/Src/main.c ****   hspi1.Init.DataSize = SPI_DATASIZE_8BIT;
 298:Core/Src/main.c ****   hspi1.Init.CLKPolarity = SPI_POLARITY_HIGH;
 299:Core/Src/main.c ****   hspi1.Init.CLKPhase = SPI_PHASE_2EDGE;
 300:Core/Src/main.c ****   hspi1.Init.NSS = SPI_NSS_SOFT;
 301:Core/Src/main.c ****   hspi1.Init.BaudRatePrescaler = SPI_BAUDRATEPRESCALER_4;
 302:Core/Src/main.c ****   hspi1.Init.FirstBit = SPI_FIRSTBIT_MSB;
 303:Core/Src/main.c ****   hspi1.Init.TIMode = SPI_TIMODE_DISABLE;
 304:Core/Src/main.c ****   hspi1.Init.CRCCalculation = SPI_CRCCALCULATION_DISABLE;
 305:Core/Src/main.c ****   hspi1.Init.CRCPolynomial = 7;
 306:Core/Src/main.c ****   hspi1.Init.CRCLength = SPI_CRC_LENGTH_DATASIZE;
 307:Core/Src/main.c ****   hspi1.Init.NSSPMode = SPI_NSS_PULSE_DISABLE;
 308:Core/Src/main.c ****   if (HAL_SPI_Init(&hspi1) != HAL_OK) {
 309:Core/Src/main.c ****     Error_Handler();
 310:Core/Src/main.c ****   }
 311:Core/Src/main.c ****   /* USER CODE BEGIN SPI1_Init 2 */
 312:Core/Src/main.c **** 
 313:Core/Src/main.c ****   /* USER CODE END SPI1_Init 2 */
 314:Core/Src/main.c **** }
 315:Core/Src/main.c **** 
 316:Core/Src/main.c **** /**
ARM GAS  /tmp/cciSPV86.s 			page 7


 317:Core/Src/main.c ****  * @brief GPIO Initialization Function
 318:Core/Src/main.c ****  * @param None
 319:Core/Src/main.c ****  * @retval None
 320:Core/Src/main.c ****  */
 321:Core/Src/main.c **** static void MX_GPIO_Init(void) {
  28              		.loc 1 321 32 view -0
  29              		.cfi_startproc
  30              		@ args = 0, pretend = 0, frame = 40
  31              		@ frame_needed = 0, uses_anonymous_args = 0
  32 0000 2DE9F043 		push	{r4, r5, r6, r7, r8, r9, lr}
  33              		.cfi_def_cfa_offset 28
  34              		.cfi_offset 4, -28
  35              		.cfi_offset 5, -24
  36              		.cfi_offset 6, -20
  37              		.cfi_offset 7, -16
  38              		.cfi_offset 8, -12
  39              		.cfi_offset 9, -8
  40              		.cfi_offset 14, -4
  41 0004 8BB0     		sub	sp, sp, #44
  42              		.cfi_def_cfa_offset 72
 322:Core/Src/main.c ****   GPIO_InitTypeDef GPIO_InitStruct = {0};
  43              		.loc 1 322 3 view .LVU1
  44              		.loc 1 322 20 is_stmt 0 view .LVU2
  45 0006 05AD     		add	r5, sp, #20
  46 0008 0024     		movs	r4, #0
  47 000a 0594     		str	r4, [sp, #20]
  48 000c 0694     		str	r4, [sp, #24]
  49 000e 0794     		str	r4, [sp, #28]
  50 0010 0894     		str	r4, [sp, #32]
  51 0012 0994     		str	r4, [sp, #36]
 323:Core/Src/main.c ****   /* USER CODE BEGIN MX_GPIO_Init_1 */
 324:Core/Src/main.c **** 
 325:Core/Src/main.c ****   /* USER CODE END MX_GPIO_Init_1 */
 326:Core/Src/main.c **** 
 327:Core/Src/main.c ****   /* GPIO Ports Clock Enable */
 328:Core/Src/main.c ****   __HAL_RCC_GPIOC_CLK_ENABLE();
  52              		.loc 1 328 3 is_stmt 1 view .LVU3
  53              	.LVL0:
  54              	.LBB15:
  55              	.LBI15:
  56              		.file 2 "Drivers/STM32WBxx_HAL_Driver/Inc/stm32wbxx_ll_bus.h"
   1:Drivers/STM32WBxx_HAL_Driver/Inc/stm32wbxx_ll_bus.h **** /**
   2:Drivers/STM32WBxx_HAL_Driver/Inc/stm32wbxx_ll_bus.h ****   ******************************************************************************
   3:Drivers/STM32WBxx_HAL_Driver/Inc/stm32wbxx_ll_bus.h ****   * @file    stm32wbxx_ll_bus.h
   4:Drivers/STM32WBxx_HAL_Driver/Inc/stm32wbxx_ll_bus.h ****   * @author  MCD Application Team
   5:Drivers/STM32WBxx_HAL_Driver/Inc/stm32wbxx_ll_bus.h ****   * @brief   Header file of BUS LL module.
   6:Drivers/STM32WBxx_HAL_Driver/Inc/stm32wbxx_ll_bus.h ****   ******************************************************************************
   7:Drivers/STM32WBxx_HAL_Driver/Inc/stm32wbxx_ll_bus.h ****   * @attention
   8:Drivers/STM32WBxx_HAL_Driver/Inc/stm32wbxx_ll_bus.h ****   *
   9:Drivers/STM32WBxx_HAL_Driver/Inc/stm32wbxx_ll_bus.h ****   * Copyright (c) 2019 STMicroelectronics.
  10:Drivers/STM32WBxx_HAL_Driver/Inc/stm32wbxx_ll_bus.h ****   * All rights reserved.
  11:Drivers/STM32WBxx_HAL_Driver/Inc/stm32wbxx_ll_bus.h ****   *
  12:Drivers/STM32WBxx_HAL_Driver/Inc/stm32wbxx_ll_bus.h ****   * This software is licensed under terms that can be found in the LICENSE file
  13:Drivers/STM32WBxx_HAL_Driver/Inc/stm32wbxx_ll_bus.h ****   * in the root directory of this software component.
  14:Drivers/STM32WBxx_HAL_Driver/Inc/stm32wbxx_ll_bus.h ****   * If no LICENSE file comes with this software, it is provided AS-IS.
  15:Drivers/STM32WBxx_HAL_Driver/Inc/stm32wbxx_ll_bus.h ****   *
  16:Drivers/STM32WBxx_HAL_Driver/Inc/stm32wbxx_ll_bus.h ****   ******************************************************************************
ARM GAS  /tmp/cciSPV86.s 			page 8


  17:Drivers/STM32WBxx_HAL_Driver/Inc/stm32wbxx_ll_bus.h ****   @verbatim
  18:Drivers/STM32WBxx_HAL_Driver/Inc/stm32wbxx_ll_bus.h ****                       ##### RCC Limitations #####
  19:Drivers/STM32WBxx_HAL_Driver/Inc/stm32wbxx_ll_bus.h ****   ==============================================================================
  20:Drivers/STM32WBxx_HAL_Driver/Inc/stm32wbxx_ll_bus.h ****     [..]
  21:Drivers/STM32WBxx_HAL_Driver/Inc/stm32wbxx_ll_bus.h ****       A delay between an RCC peripheral clock enable and the effective peripheral
  22:Drivers/STM32WBxx_HAL_Driver/Inc/stm32wbxx_ll_bus.h ****       enabling should be taken into account in order to manage the peripheral read/write
  23:Drivers/STM32WBxx_HAL_Driver/Inc/stm32wbxx_ll_bus.h ****       from/to registers.
  24:Drivers/STM32WBxx_HAL_Driver/Inc/stm32wbxx_ll_bus.h ****       (+) This delay depends on the peripheral mapping.
  25:Drivers/STM32WBxx_HAL_Driver/Inc/stm32wbxx_ll_bus.h ****         (++) AHB & APB peripherals, 1 dummy read is necessary
  26:Drivers/STM32WBxx_HAL_Driver/Inc/stm32wbxx_ll_bus.h **** 
  27:Drivers/STM32WBxx_HAL_Driver/Inc/stm32wbxx_ll_bus.h ****     [..]
  28:Drivers/STM32WBxx_HAL_Driver/Inc/stm32wbxx_ll_bus.h ****       Workarounds:
  29:Drivers/STM32WBxx_HAL_Driver/Inc/stm32wbxx_ll_bus.h ****       (#) For AHB & APB peripherals, a dummy read to the peripheral register has been
  30:Drivers/STM32WBxx_HAL_Driver/Inc/stm32wbxx_ll_bus.h ****           inserted in each LL_{BUS}_GRP{x}_EnableClock() function.
  31:Drivers/STM32WBxx_HAL_Driver/Inc/stm32wbxx_ll_bus.h **** 
  32:Drivers/STM32WBxx_HAL_Driver/Inc/stm32wbxx_ll_bus.h ****   @endverbatim
  33:Drivers/STM32WBxx_HAL_Driver/Inc/stm32wbxx_ll_bus.h ****   ******************************************************************************
  34:Drivers/STM32WBxx_HAL_Driver/Inc/stm32wbxx_ll_bus.h ****   */
  35:Drivers/STM32WBxx_HAL_Driver/Inc/stm32wbxx_ll_bus.h **** 
  36:Drivers/STM32WBxx_HAL_Driver/Inc/stm32wbxx_ll_bus.h **** /* Define to prevent recursive inclusion -------------------------------------*/
  37:Drivers/STM32WBxx_HAL_Driver/Inc/stm32wbxx_ll_bus.h **** #ifndef STM32WBxx_LL_BUS_H
  38:Drivers/STM32WBxx_HAL_Driver/Inc/stm32wbxx_ll_bus.h **** #define STM32WBxx_LL_BUS_H
  39:Drivers/STM32WBxx_HAL_Driver/Inc/stm32wbxx_ll_bus.h **** 
  40:Drivers/STM32WBxx_HAL_Driver/Inc/stm32wbxx_ll_bus.h **** #ifdef __cplusplus
  41:Drivers/STM32WBxx_HAL_Driver/Inc/stm32wbxx_ll_bus.h **** extern "C" {
  42:Drivers/STM32WBxx_HAL_Driver/Inc/stm32wbxx_ll_bus.h **** #endif
  43:Drivers/STM32WBxx_HAL_Driver/Inc/stm32wbxx_ll_bus.h **** 
  44:Drivers/STM32WBxx_HAL_Driver/Inc/stm32wbxx_ll_bus.h **** /* Includes ------------------------------------------------------------------*/
  45:Drivers/STM32WBxx_HAL_Driver/Inc/stm32wbxx_ll_bus.h **** #include "stm32wbxx.h"
  46:Drivers/STM32WBxx_HAL_Driver/Inc/stm32wbxx_ll_bus.h **** 
  47:Drivers/STM32WBxx_HAL_Driver/Inc/stm32wbxx_ll_bus.h **** /** @addtogroup STM32WBxx_LL_Driver
  48:Drivers/STM32WBxx_HAL_Driver/Inc/stm32wbxx_ll_bus.h ****   * @{
  49:Drivers/STM32WBxx_HAL_Driver/Inc/stm32wbxx_ll_bus.h ****   */
  50:Drivers/STM32WBxx_HAL_Driver/Inc/stm32wbxx_ll_bus.h **** 
  51:Drivers/STM32WBxx_HAL_Driver/Inc/stm32wbxx_ll_bus.h **** #if defined(RCC)
  52:Drivers/STM32WBxx_HAL_Driver/Inc/stm32wbxx_ll_bus.h **** 
  53:Drivers/STM32WBxx_HAL_Driver/Inc/stm32wbxx_ll_bus.h **** /** @defgroup BUS_LL BUS
  54:Drivers/STM32WBxx_HAL_Driver/Inc/stm32wbxx_ll_bus.h ****   * @{
  55:Drivers/STM32WBxx_HAL_Driver/Inc/stm32wbxx_ll_bus.h ****   */
  56:Drivers/STM32WBxx_HAL_Driver/Inc/stm32wbxx_ll_bus.h **** 
  57:Drivers/STM32WBxx_HAL_Driver/Inc/stm32wbxx_ll_bus.h **** /* Private types -------------------------------------------------------------*/
  58:Drivers/STM32WBxx_HAL_Driver/Inc/stm32wbxx_ll_bus.h **** /* Private variables ---------------------------------------------------------*/
  59:Drivers/STM32WBxx_HAL_Driver/Inc/stm32wbxx_ll_bus.h **** 
  60:Drivers/STM32WBxx_HAL_Driver/Inc/stm32wbxx_ll_bus.h **** /* Private constants ---------------------------------------------------------*/
  61:Drivers/STM32WBxx_HAL_Driver/Inc/stm32wbxx_ll_bus.h **** 
  62:Drivers/STM32WBxx_HAL_Driver/Inc/stm32wbxx_ll_bus.h **** /* Private macros ------------------------------------------------------------*/
  63:Drivers/STM32WBxx_HAL_Driver/Inc/stm32wbxx_ll_bus.h **** 
  64:Drivers/STM32WBxx_HAL_Driver/Inc/stm32wbxx_ll_bus.h **** /* Exported types ------------------------------------------------------------*/
  65:Drivers/STM32WBxx_HAL_Driver/Inc/stm32wbxx_ll_bus.h **** 
  66:Drivers/STM32WBxx_HAL_Driver/Inc/stm32wbxx_ll_bus.h **** /* Exported constants --------------------------------------------------------*/
  67:Drivers/STM32WBxx_HAL_Driver/Inc/stm32wbxx_ll_bus.h **** /** @defgroup BUS_LL_Exported_Constants BUS Exported Constants
  68:Drivers/STM32WBxx_HAL_Driver/Inc/stm32wbxx_ll_bus.h ****   * @{
  69:Drivers/STM32WBxx_HAL_Driver/Inc/stm32wbxx_ll_bus.h ****   */
  70:Drivers/STM32WBxx_HAL_Driver/Inc/stm32wbxx_ll_bus.h **** 
  71:Drivers/STM32WBxx_HAL_Driver/Inc/stm32wbxx_ll_bus.h **** /** @defgroup BUS_LL_EC_AHB1_GRP1_PERIPH  AHB1 GRP1 PERIPH
  72:Drivers/STM32WBxx_HAL_Driver/Inc/stm32wbxx_ll_bus.h ****   * @{
  73:Drivers/STM32WBxx_HAL_Driver/Inc/stm32wbxx_ll_bus.h ****   */
ARM GAS  /tmp/cciSPV86.s 			page 9


  74:Drivers/STM32WBxx_HAL_Driver/Inc/stm32wbxx_ll_bus.h **** #define LL_AHB1_GRP1_PERIPH_ALL            (0xFFFFFFFFU)
  75:Drivers/STM32WBxx_HAL_Driver/Inc/stm32wbxx_ll_bus.h **** 
  76:Drivers/STM32WBxx_HAL_Driver/Inc/stm32wbxx_ll_bus.h **** #define LL_AHB1_GRP1_PERIPH_DMA1           RCC_AHB1ENR_DMA1EN
  77:Drivers/STM32WBxx_HAL_Driver/Inc/stm32wbxx_ll_bus.h **** #if defined(DMA2)
  78:Drivers/STM32WBxx_HAL_Driver/Inc/stm32wbxx_ll_bus.h **** #define LL_AHB1_GRP1_PERIPH_DMA2           RCC_AHB1ENR_DMA2EN
  79:Drivers/STM32WBxx_HAL_Driver/Inc/stm32wbxx_ll_bus.h **** #endif /* DMA2 */
  80:Drivers/STM32WBxx_HAL_Driver/Inc/stm32wbxx_ll_bus.h **** #define LL_AHB1_GRP1_PERIPH_DMAMUX1        RCC_AHB1ENR_DMAMUX1EN
  81:Drivers/STM32WBxx_HAL_Driver/Inc/stm32wbxx_ll_bus.h **** #define LL_AHB1_GRP1_PERIPH_SRAM1          RCC_AHB1SMENR_SRAM1SMEN
  82:Drivers/STM32WBxx_HAL_Driver/Inc/stm32wbxx_ll_bus.h **** #define LL_AHB1_GRP1_PERIPH_CRC            RCC_AHB1ENR_CRCEN
  83:Drivers/STM32WBxx_HAL_Driver/Inc/stm32wbxx_ll_bus.h **** #if defined(TSC)
  84:Drivers/STM32WBxx_HAL_Driver/Inc/stm32wbxx_ll_bus.h **** #define LL_AHB1_GRP1_PERIPH_TSC            RCC_AHB1ENR_TSCEN
  85:Drivers/STM32WBxx_HAL_Driver/Inc/stm32wbxx_ll_bus.h **** #endif /* TSC */
  86:Drivers/STM32WBxx_HAL_Driver/Inc/stm32wbxx_ll_bus.h **** /**
  87:Drivers/STM32WBxx_HAL_Driver/Inc/stm32wbxx_ll_bus.h ****   * @}
  88:Drivers/STM32WBxx_HAL_Driver/Inc/stm32wbxx_ll_bus.h ****   */
  89:Drivers/STM32WBxx_HAL_Driver/Inc/stm32wbxx_ll_bus.h **** 
  90:Drivers/STM32WBxx_HAL_Driver/Inc/stm32wbxx_ll_bus.h **** /** @defgroup BUS_LL_EC_AHB2_GRP1_PERIPH  AHB2 GRP1 PERIPH
  91:Drivers/STM32WBxx_HAL_Driver/Inc/stm32wbxx_ll_bus.h ****   * @{
  92:Drivers/STM32WBxx_HAL_Driver/Inc/stm32wbxx_ll_bus.h ****   */
  93:Drivers/STM32WBxx_HAL_Driver/Inc/stm32wbxx_ll_bus.h **** #define LL_AHB2_GRP1_PERIPH_ALL            (0xFFFFFFFFU)
  94:Drivers/STM32WBxx_HAL_Driver/Inc/stm32wbxx_ll_bus.h **** 
  95:Drivers/STM32WBxx_HAL_Driver/Inc/stm32wbxx_ll_bus.h **** #define LL_AHB2_GRP1_PERIPH_GPIOA          RCC_AHB2ENR_GPIOAEN
  96:Drivers/STM32WBxx_HAL_Driver/Inc/stm32wbxx_ll_bus.h **** #define LL_AHB2_GRP1_PERIPH_GPIOB          RCC_AHB2ENR_GPIOBEN
  97:Drivers/STM32WBxx_HAL_Driver/Inc/stm32wbxx_ll_bus.h **** #define LL_AHB2_GRP1_PERIPH_GPIOC          RCC_AHB2ENR_GPIOCEN
  98:Drivers/STM32WBxx_HAL_Driver/Inc/stm32wbxx_ll_bus.h **** #if defined(GPIOD)
  99:Drivers/STM32WBxx_HAL_Driver/Inc/stm32wbxx_ll_bus.h **** #define LL_AHB2_GRP1_PERIPH_GPIOD          RCC_AHB2ENR_GPIODEN
 100:Drivers/STM32WBxx_HAL_Driver/Inc/stm32wbxx_ll_bus.h **** #endif /* GPIOD */
 101:Drivers/STM32WBxx_HAL_Driver/Inc/stm32wbxx_ll_bus.h **** #define LL_AHB2_GRP1_PERIPH_GPIOE          RCC_AHB2ENR_GPIOEEN
 102:Drivers/STM32WBxx_HAL_Driver/Inc/stm32wbxx_ll_bus.h **** #define LL_AHB2_GRP1_PERIPH_GPIOH          RCC_AHB2ENR_GPIOHEN
 103:Drivers/STM32WBxx_HAL_Driver/Inc/stm32wbxx_ll_bus.h **** #if defined(ADC_SUPPORT_5_MSPS)
 104:Drivers/STM32WBxx_HAL_Driver/Inc/stm32wbxx_ll_bus.h **** #define LL_AHB2_GRP1_PERIPH_ADC            RCC_AHB2ENR_ADCEN
 105:Drivers/STM32WBxx_HAL_Driver/Inc/stm32wbxx_ll_bus.h **** #endif /* ADC_SUPPORT_5_MSPS */
 106:Drivers/STM32WBxx_HAL_Driver/Inc/stm32wbxx_ll_bus.h **** #if defined(AES1)
 107:Drivers/STM32WBxx_HAL_Driver/Inc/stm32wbxx_ll_bus.h **** #define LL_AHB2_GRP1_PERIPH_AES1           RCC_AHB2ENR_AES1EN
 108:Drivers/STM32WBxx_HAL_Driver/Inc/stm32wbxx_ll_bus.h **** #endif /* AES1 */
 109:Drivers/STM32WBxx_HAL_Driver/Inc/stm32wbxx_ll_bus.h **** /**
 110:Drivers/STM32WBxx_HAL_Driver/Inc/stm32wbxx_ll_bus.h ****   * @}
 111:Drivers/STM32WBxx_HAL_Driver/Inc/stm32wbxx_ll_bus.h ****   */
 112:Drivers/STM32WBxx_HAL_Driver/Inc/stm32wbxx_ll_bus.h **** 
 113:Drivers/STM32WBxx_HAL_Driver/Inc/stm32wbxx_ll_bus.h **** /** @defgroup BUS_LL_EC_AHB3_GRP1_PERIPH  AHB3 GRP1 PERIPH
 114:Drivers/STM32WBxx_HAL_Driver/Inc/stm32wbxx_ll_bus.h ****   * @{
 115:Drivers/STM32WBxx_HAL_Driver/Inc/stm32wbxx_ll_bus.h ****   */
 116:Drivers/STM32WBxx_HAL_Driver/Inc/stm32wbxx_ll_bus.h **** #define LL_AHB3_GRP1_PERIPH_ALL            (0xFFFFFFFFU)
 117:Drivers/STM32WBxx_HAL_Driver/Inc/stm32wbxx_ll_bus.h **** #if defined(QUADSPI)
 118:Drivers/STM32WBxx_HAL_Driver/Inc/stm32wbxx_ll_bus.h **** #define LL_AHB3_GRP1_PERIPH_QUADSPI        RCC_AHB3ENR_QUADSPIEN
 119:Drivers/STM32WBxx_HAL_Driver/Inc/stm32wbxx_ll_bus.h **** #endif /* QUADSPI */
 120:Drivers/STM32WBxx_HAL_Driver/Inc/stm32wbxx_ll_bus.h **** #define LL_AHB3_GRP1_PERIPH_PKA            RCC_AHB3ENR_PKAEN
 121:Drivers/STM32WBxx_HAL_Driver/Inc/stm32wbxx_ll_bus.h **** #define LL_AHB3_GRP1_PERIPH_AES2           RCC_AHB3ENR_AES2EN
 122:Drivers/STM32WBxx_HAL_Driver/Inc/stm32wbxx_ll_bus.h **** #define LL_AHB3_GRP1_PERIPH_RNG            RCC_AHB3ENR_RNGEN
 123:Drivers/STM32WBxx_HAL_Driver/Inc/stm32wbxx_ll_bus.h **** #define LL_AHB3_GRP1_PERIPH_HSEM           RCC_AHB3ENR_HSEMEN
 124:Drivers/STM32WBxx_HAL_Driver/Inc/stm32wbxx_ll_bus.h **** #define LL_AHB3_GRP1_PERIPH_IPCC           RCC_AHB3ENR_IPCCEN
 125:Drivers/STM32WBxx_HAL_Driver/Inc/stm32wbxx_ll_bus.h **** #define LL_AHB3_GRP1_PERIPH_SRAM2          RCC_AHB3SMENR_SRAM2SMEN
 126:Drivers/STM32WBxx_HAL_Driver/Inc/stm32wbxx_ll_bus.h **** #define LL_AHB3_GRP1_PERIPH_FLASH          RCC_AHB3ENR_FLASHEN
 127:Drivers/STM32WBxx_HAL_Driver/Inc/stm32wbxx_ll_bus.h **** /**
 128:Drivers/STM32WBxx_HAL_Driver/Inc/stm32wbxx_ll_bus.h ****   * @}
 129:Drivers/STM32WBxx_HAL_Driver/Inc/stm32wbxx_ll_bus.h ****   */
 130:Drivers/STM32WBxx_HAL_Driver/Inc/stm32wbxx_ll_bus.h **** 
ARM GAS  /tmp/cciSPV86.s 			page 10


 131:Drivers/STM32WBxx_HAL_Driver/Inc/stm32wbxx_ll_bus.h **** /** @defgroup BUS_LL_EC_APB1_GRP1_PERIPH  APB1 GRP1 PERIPH
 132:Drivers/STM32WBxx_HAL_Driver/Inc/stm32wbxx_ll_bus.h ****   * @{
 133:Drivers/STM32WBxx_HAL_Driver/Inc/stm32wbxx_ll_bus.h ****   */
 134:Drivers/STM32WBxx_HAL_Driver/Inc/stm32wbxx_ll_bus.h **** #define LL_APB1_GRP1_PERIPH_ALL            (0xFFFFFFFFU)
 135:Drivers/STM32WBxx_HAL_Driver/Inc/stm32wbxx_ll_bus.h **** #define LL_APB1_GRP1_PERIPH_TIM2           RCC_APB1ENR1_TIM2EN
 136:Drivers/STM32WBxx_HAL_Driver/Inc/stm32wbxx_ll_bus.h **** #if defined(LCD)
 137:Drivers/STM32WBxx_HAL_Driver/Inc/stm32wbxx_ll_bus.h **** #define LL_APB1_GRP1_PERIPH_LCD            RCC_APB1ENR1_LCDEN
 138:Drivers/STM32WBxx_HAL_Driver/Inc/stm32wbxx_ll_bus.h **** #endif /* LCD */
 139:Drivers/STM32WBxx_HAL_Driver/Inc/stm32wbxx_ll_bus.h **** #define LL_APB1_GRP1_PERIPH_RTCAPB         RCC_APB1ENR1_RTCAPBEN
 140:Drivers/STM32WBxx_HAL_Driver/Inc/stm32wbxx_ll_bus.h **** #define LL_APB1_GRP1_PERIPH_WWDG           RCC_APB1ENR1_WWDGEN
 141:Drivers/STM32WBxx_HAL_Driver/Inc/stm32wbxx_ll_bus.h **** #if defined(SPI2)
 142:Drivers/STM32WBxx_HAL_Driver/Inc/stm32wbxx_ll_bus.h **** #define LL_APB1_GRP1_PERIPH_SPI2           RCC_APB1ENR1_SPI2EN
 143:Drivers/STM32WBxx_HAL_Driver/Inc/stm32wbxx_ll_bus.h **** #endif /* SPI2 */
 144:Drivers/STM32WBxx_HAL_Driver/Inc/stm32wbxx_ll_bus.h **** #define LL_APB1_GRP1_PERIPH_I2C1           RCC_APB1ENR1_I2C1EN
 145:Drivers/STM32WBxx_HAL_Driver/Inc/stm32wbxx_ll_bus.h **** #if defined(I2C3)
 146:Drivers/STM32WBxx_HAL_Driver/Inc/stm32wbxx_ll_bus.h **** #define LL_APB1_GRP1_PERIPH_I2C3           RCC_APB1ENR1_I2C3EN
 147:Drivers/STM32WBxx_HAL_Driver/Inc/stm32wbxx_ll_bus.h **** #endif /* I2C3 */
 148:Drivers/STM32WBxx_HAL_Driver/Inc/stm32wbxx_ll_bus.h **** #if defined(CRS)
 149:Drivers/STM32WBxx_HAL_Driver/Inc/stm32wbxx_ll_bus.h **** #define LL_APB1_GRP1_PERIPH_CRS            RCC_APB1ENR1_CRSEN
 150:Drivers/STM32WBxx_HAL_Driver/Inc/stm32wbxx_ll_bus.h **** #endif /* CRS */
 151:Drivers/STM32WBxx_HAL_Driver/Inc/stm32wbxx_ll_bus.h **** #if defined(USB)
 152:Drivers/STM32WBxx_HAL_Driver/Inc/stm32wbxx_ll_bus.h **** #define LL_APB1_GRP1_PERIPH_USB            RCC_APB1ENR1_USBEN
 153:Drivers/STM32WBxx_HAL_Driver/Inc/stm32wbxx_ll_bus.h **** #endif /* USB */
 154:Drivers/STM32WBxx_HAL_Driver/Inc/stm32wbxx_ll_bus.h **** #define LL_APB1_GRP1_PERIPH_LPTIM1         RCC_APB1ENR1_LPTIM1EN
 155:Drivers/STM32WBxx_HAL_Driver/Inc/stm32wbxx_ll_bus.h **** /**
 156:Drivers/STM32WBxx_HAL_Driver/Inc/stm32wbxx_ll_bus.h ****   * @}
 157:Drivers/STM32WBxx_HAL_Driver/Inc/stm32wbxx_ll_bus.h ****   */
 158:Drivers/STM32WBxx_HAL_Driver/Inc/stm32wbxx_ll_bus.h **** 
 159:Drivers/STM32WBxx_HAL_Driver/Inc/stm32wbxx_ll_bus.h **** 
 160:Drivers/STM32WBxx_HAL_Driver/Inc/stm32wbxx_ll_bus.h **** /** @defgroup BUS_LL_EC_APB1_GRP2_PERIPH  APB1 GRP2 PERIPH
 161:Drivers/STM32WBxx_HAL_Driver/Inc/stm32wbxx_ll_bus.h ****   * @{
 162:Drivers/STM32WBxx_HAL_Driver/Inc/stm32wbxx_ll_bus.h ****   */
 163:Drivers/STM32WBxx_HAL_Driver/Inc/stm32wbxx_ll_bus.h **** #define LL_APB1_GRP2_PERIPH_ALL            (0xFFFFFFFFU)
 164:Drivers/STM32WBxx_HAL_Driver/Inc/stm32wbxx_ll_bus.h **** 
 165:Drivers/STM32WBxx_HAL_Driver/Inc/stm32wbxx_ll_bus.h **** #if defined(LPUART1)
 166:Drivers/STM32WBxx_HAL_Driver/Inc/stm32wbxx_ll_bus.h **** #define LL_APB1_GRP2_PERIPH_LPUART1        RCC_APB1ENR2_LPUART1EN
 167:Drivers/STM32WBxx_HAL_Driver/Inc/stm32wbxx_ll_bus.h **** #endif /* LPUART1 */
 168:Drivers/STM32WBxx_HAL_Driver/Inc/stm32wbxx_ll_bus.h **** #define LL_APB1_GRP2_PERIPH_LPTIM2         RCC_APB1ENR2_LPTIM2EN
 169:Drivers/STM32WBxx_HAL_Driver/Inc/stm32wbxx_ll_bus.h **** /**
 170:Drivers/STM32WBxx_HAL_Driver/Inc/stm32wbxx_ll_bus.h ****   * @}
 171:Drivers/STM32WBxx_HAL_Driver/Inc/stm32wbxx_ll_bus.h ****   */
 172:Drivers/STM32WBxx_HAL_Driver/Inc/stm32wbxx_ll_bus.h **** 
 173:Drivers/STM32WBxx_HAL_Driver/Inc/stm32wbxx_ll_bus.h **** /** @defgroup BUS_LL_EC_APB2_GRP1_PERIPH  APB2 GRP1 PERIPH
 174:Drivers/STM32WBxx_HAL_Driver/Inc/stm32wbxx_ll_bus.h ****   * @{
 175:Drivers/STM32WBxx_HAL_Driver/Inc/stm32wbxx_ll_bus.h ****   */
 176:Drivers/STM32WBxx_HAL_Driver/Inc/stm32wbxx_ll_bus.h **** #define LL_APB2_GRP1_PERIPH_ALL            (0xFFFFFFFFU)
 177:Drivers/STM32WBxx_HAL_Driver/Inc/stm32wbxx_ll_bus.h **** 
 178:Drivers/STM32WBxx_HAL_Driver/Inc/stm32wbxx_ll_bus.h **** #if defined(ADC_SUPPORT_2_5_MSPS)
 179:Drivers/STM32WBxx_HAL_Driver/Inc/stm32wbxx_ll_bus.h **** #define LL_APB2_GRP1_PERIPH_ADC            RCC_APB2ENR_ADCEN
 180:Drivers/STM32WBxx_HAL_Driver/Inc/stm32wbxx_ll_bus.h **** #endif /* ADC_SUPPORT_2_5_MSPS */
 181:Drivers/STM32WBxx_HAL_Driver/Inc/stm32wbxx_ll_bus.h **** #define LL_APB2_GRP1_PERIPH_TIM1           RCC_APB2ENR_TIM1EN
 182:Drivers/STM32WBxx_HAL_Driver/Inc/stm32wbxx_ll_bus.h **** #define LL_APB2_GRP1_PERIPH_SPI1           RCC_APB2ENR_SPI1EN
 183:Drivers/STM32WBxx_HAL_Driver/Inc/stm32wbxx_ll_bus.h **** #define LL_APB2_GRP1_PERIPH_USART1         RCC_APB2ENR_USART1EN
 184:Drivers/STM32WBxx_HAL_Driver/Inc/stm32wbxx_ll_bus.h **** #if defined(TIM16)
 185:Drivers/STM32WBxx_HAL_Driver/Inc/stm32wbxx_ll_bus.h **** #define LL_APB2_GRP1_PERIPH_TIM16          RCC_APB2ENR_TIM16EN
 186:Drivers/STM32WBxx_HAL_Driver/Inc/stm32wbxx_ll_bus.h **** #endif /* TIM16 */
 187:Drivers/STM32WBxx_HAL_Driver/Inc/stm32wbxx_ll_bus.h **** #if defined(TIM17)
ARM GAS  /tmp/cciSPV86.s 			page 11


 188:Drivers/STM32WBxx_HAL_Driver/Inc/stm32wbxx_ll_bus.h **** #define LL_APB2_GRP1_PERIPH_TIM17          RCC_APB2ENR_TIM17EN
 189:Drivers/STM32WBxx_HAL_Driver/Inc/stm32wbxx_ll_bus.h **** #endif /* TIM17 */
 190:Drivers/STM32WBxx_HAL_Driver/Inc/stm32wbxx_ll_bus.h **** #if defined(SAI1)
 191:Drivers/STM32WBxx_HAL_Driver/Inc/stm32wbxx_ll_bus.h **** #define LL_APB2_GRP1_PERIPH_SAI1           RCC_APB2ENR_SAI1EN
 192:Drivers/STM32WBxx_HAL_Driver/Inc/stm32wbxx_ll_bus.h **** #endif /* SAI1 */
 193:Drivers/STM32WBxx_HAL_Driver/Inc/stm32wbxx_ll_bus.h **** /**
 194:Drivers/STM32WBxx_HAL_Driver/Inc/stm32wbxx_ll_bus.h ****   * @}
 195:Drivers/STM32WBxx_HAL_Driver/Inc/stm32wbxx_ll_bus.h ****   */
 196:Drivers/STM32WBxx_HAL_Driver/Inc/stm32wbxx_ll_bus.h **** 
 197:Drivers/STM32WBxx_HAL_Driver/Inc/stm32wbxx_ll_bus.h **** /** @defgroup BUS_LL_EC_APB3_GRP1_PERIPH  APB3 GRP1 PERIPH
 198:Drivers/STM32WBxx_HAL_Driver/Inc/stm32wbxx_ll_bus.h ****   * @{
 199:Drivers/STM32WBxx_HAL_Driver/Inc/stm32wbxx_ll_bus.h ****   */
 200:Drivers/STM32WBxx_HAL_Driver/Inc/stm32wbxx_ll_bus.h **** #define LL_APB3_GRP1_PERIPH_ALL            (0xFFFFFFFFU)
 201:Drivers/STM32WBxx_HAL_Driver/Inc/stm32wbxx_ll_bus.h **** #define LL_APB3_GRP1_PERIPH_RF             RCC_APB3RSTR_RFRST
 202:Drivers/STM32WBxx_HAL_Driver/Inc/stm32wbxx_ll_bus.h **** /**
 203:Drivers/STM32WBxx_HAL_Driver/Inc/stm32wbxx_ll_bus.h ****   * @}
 204:Drivers/STM32WBxx_HAL_Driver/Inc/stm32wbxx_ll_bus.h ****   */
 205:Drivers/STM32WBxx_HAL_Driver/Inc/stm32wbxx_ll_bus.h **** 
 206:Drivers/STM32WBxx_HAL_Driver/Inc/stm32wbxx_ll_bus.h **** 
 207:Drivers/STM32WBxx_HAL_Driver/Inc/stm32wbxx_ll_bus.h **** /** @defgroup BUS_LL_EC_C2_AHB1_GRP1_PERIPH  C2 AHB1 GRP1 PERIPH
 208:Drivers/STM32WBxx_HAL_Driver/Inc/stm32wbxx_ll_bus.h ****   * @{
 209:Drivers/STM32WBxx_HAL_Driver/Inc/stm32wbxx_ll_bus.h ****   */
 210:Drivers/STM32WBxx_HAL_Driver/Inc/stm32wbxx_ll_bus.h **** #define LL_C2_AHB1_GRP1_PERIPH_DMA1         RCC_C2AHB1ENR_DMA1EN
 211:Drivers/STM32WBxx_HAL_Driver/Inc/stm32wbxx_ll_bus.h **** #if defined(DMA2)
 212:Drivers/STM32WBxx_HAL_Driver/Inc/stm32wbxx_ll_bus.h **** #define LL_C2_AHB1_GRP1_PERIPH_DMA2         RCC_C2AHB1ENR_DMA2EN
 213:Drivers/STM32WBxx_HAL_Driver/Inc/stm32wbxx_ll_bus.h **** #endif /* DMA2 */
 214:Drivers/STM32WBxx_HAL_Driver/Inc/stm32wbxx_ll_bus.h **** #define LL_C2_AHB1_GRP1_PERIPH_DMAMUX1      RCC_C2AHB1ENR_DMAMUX1EN
 215:Drivers/STM32WBxx_HAL_Driver/Inc/stm32wbxx_ll_bus.h **** #define LL_C2_AHB1_GRP1_PERIPH_SRAM1        RCC_C2AHB1ENR_SRAM1EN
 216:Drivers/STM32WBxx_HAL_Driver/Inc/stm32wbxx_ll_bus.h **** #define LL_C2_AHB1_GRP1_PERIPH_CRC          RCC_C2AHB1ENR_CRCEN
 217:Drivers/STM32WBxx_HAL_Driver/Inc/stm32wbxx_ll_bus.h **** #if defined(TSC)
 218:Drivers/STM32WBxx_HAL_Driver/Inc/stm32wbxx_ll_bus.h **** #define LL_C2_AHB1_GRP1_PERIPH_TSC          RCC_C2AHB1ENR_TSCEN
 219:Drivers/STM32WBxx_HAL_Driver/Inc/stm32wbxx_ll_bus.h **** #endif /* TSC */
 220:Drivers/STM32WBxx_HAL_Driver/Inc/stm32wbxx_ll_bus.h **** /**
 221:Drivers/STM32WBxx_HAL_Driver/Inc/stm32wbxx_ll_bus.h ****   * @}
 222:Drivers/STM32WBxx_HAL_Driver/Inc/stm32wbxx_ll_bus.h ****   */
 223:Drivers/STM32WBxx_HAL_Driver/Inc/stm32wbxx_ll_bus.h **** 
 224:Drivers/STM32WBxx_HAL_Driver/Inc/stm32wbxx_ll_bus.h **** 
 225:Drivers/STM32WBxx_HAL_Driver/Inc/stm32wbxx_ll_bus.h **** /** @defgroup BUS_LL_EC_C2_AHB2_GRP1_PERIPH  C2 AHB2 GRP1 PERIPH
 226:Drivers/STM32WBxx_HAL_Driver/Inc/stm32wbxx_ll_bus.h ****   * @{
 227:Drivers/STM32WBxx_HAL_Driver/Inc/stm32wbxx_ll_bus.h ****   */
 228:Drivers/STM32WBxx_HAL_Driver/Inc/stm32wbxx_ll_bus.h **** #define LL_C2_AHB2_GRP1_PERIPH_GPIOA        RCC_C2AHB2ENR_GPIOAEN
 229:Drivers/STM32WBxx_HAL_Driver/Inc/stm32wbxx_ll_bus.h **** #define LL_C2_AHB2_GRP1_PERIPH_GPIOB        RCC_C2AHB2ENR_GPIOBEN
 230:Drivers/STM32WBxx_HAL_Driver/Inc/stm32wbxx_ll_bus.h **** #define LL_C2_AHB2_GRP1_PERIPH_GPIOC        RCC_C2AHB2ENR_GPIOCEN
 231:Drivers/STM32WBxx_HAL_Driver/Inc/stm32wbxx_ll_bus.h **** #if defined(GPIOD)
 232:Drivers/STM32WBxx_HAL_Driver/Inc/stm32wbxx_ll_bus.h **** #define LL_C2_AHB2_GRP1_PERIPH_GPIOD        RCC_C2AHB2ENR_GPIODEN
 233:Drivers/STM32WBxx_HAL_Driver/Inc/stm32wbxx_ll_bus.h **** #endif /* GPIOD */
 234:Drivers/STM32WBxx_HAL_Driver/Inc/stm32wbxx_ll_bus.h **** #define LL_C2_AHB2_GRP1_PERIPH_GPIOE        RCC_C2AHB2ENR_GPIOEEN
 235:Drivers/STM32WBxx_HAL_Driver/Inc/stm32wbxx_ll_bus.h **** #define LL_C2_AHB2_GRP1_PERIPH_GPIOH        RCC_C2AHB2ENR_GPIOHEN
 236:Drivers/STM32WBxx_HAL_Driver/Inc/stm32wbxx_ll_bus.h **** #if defined(ADC_SUPPORT_5_MSPS)
 237:Drivers/STM32WBxx_HAL_Driver/Inc/stm32wbxx_ll_bus.h **** #define LL_C2_AHB2_GRP1_PERIPH_ADC          RCC_C2AHB2ENR_ADCEN
 238:Drivers/STM32WBxx_HAL_Driver/Inc/stm32wbxx_ll_bus.h **** #endif /* ADC_SUPPORT_5_MSPS */
 239:Drivers/STM32WBxx_HAL_Driver/Inc/stm32wbxx_ll_bus.h **** #if defined(AES1)
 240:Drivers/STM32WBxx_HAL_Driver/Inc/stm32wbxx_ll_bus.h **** #define LL_C2_AHB2_GRP1_PERIPH_AES1         RCC_C2AHB2ENR_AES1EN
 241:Drivers/STM32WBxx_HAL_Driver/Inc/stm32wbxx_ll_bus.h **** #endif /* AES1 */
 242:Drivers/STM32WBxx_HAL_Driver/Inc/stm32wbxx_ll_bus.h **** /**
 243:Drivers/STM32WBxx_HAL_Driver/Inc/stm32wbxx_ll_bus.h ****   * @}
 244:Drivers/STM32WBxx_HAL_Driver/Inc/stm32wbxx_ll_bus.h ****   */
ARM GAS  /tmp/cciSPV86.s 			page 12


 245:Drivers/STM32WBxx_HAL_Driver/Inc/stm32wbxx_ll_bus.h **** 
 246:Drivers/STM32WBxx_HAL_Driver/Inc/stm32wbxx_ll_bus.h **** 
 247:Drivers/STM32WBxx_HAL_Driver/Inc/stm32wbxx_ll_bus.h **** /** @defgroup BUS_LL_EC_C2_AHB3_GRP1_PERIPH  C2 AHB3 GRP1 PERIPH
 248:Drivers/STM32WBxx_HAL_Driver/Inc/stm32wbxx_ll_bus.h ****   * @{
 249:Drivers/STM32WBxx_HAL_Driver/Inc/stm32wbxx_ll_bus.h ****   */
 250:Drivers/STM32WBxx_HAL_Driver/Inc/stm32wbxx_ll_bus.h **** #define LL_C2_AHB3_GRP1_PERIPH_PKA          RCC_C2AHB3ENR_PKAEN
 251:Drivers/STM32WBxx_HAL_Driver/Inc/stm32wbxx_ll_bus.h **** #define LL_C2_AHB3_GRP1_PERIPH_AES2         RCC_C2AHB3ENR_AES2EN
 252:Drivers/STM32WBxx_HAL_Driver/Inc/stm32wbxx_ll_bus.h **** #define LL_C2_AHB3_GRP1_PERIPH_RNG          RCC_C2AHB3ENR_RNGEN
 253:Drivers/STM32WBxx_HAL_Driver/Inc/stm32wbxx_ll_bus.h **** #define LL_C2_AHB3_GRP1_PERIPH_HSEM         RCC_C2AHB3ENR_HSEMEN
 254:Drivers/STM32WBxx_HAL_Driver/Inc/stm32wbxx_ll_bus.h **** #define LL_C2_AHB3_GRP1_PERIPH_IPCC         RCC_C2AHB3ENR_IPCCEN
 255:Drivers/STM32WBxx_HAL_Driver/Inc/stm32wbxx_ll_bus.h **** #define LL_C2_AHB3_GRP1_PERIPH_FLASH        RCC_C2AHB3ENR_FLASHEN
 256:Drivers/STM32WBxx_HAL_Driver/Inc/stm32wbxx_ll_bus.h **** #define LL_C2_AHB3_GRP1_PERIPH_SRAM2        RCC_C2AHB3SMENR_SRAM2SMEN
 257:Drivers/STM32WBxx_HAL_Driver/Inc/stm32wbxx_ll_bus.h **** /**
 258:Drivers/STM32WBxx_HAL_Driver/Inc/stm32wbxx_ll_bus.h ****   * @}
 259:Drivers/STM32WBxx_HAL_Driver/Inc/stm32wbxx_ll_bus.h ****   */
 260:Drivers/STM32WBxx_HAL_Driver/Inc/stm32wbxx_ll_bus.h **** 
 261:Drivers/STM32WBxx_HAL_Driver/Inc/stm32wbxx_ll_bus.h **** 
 262:Drivers/STM32WBxx_HAL_Driver/Inc/stm32wbxx_ll_bus.h **** /** @defgroup BUS_LL_EC_C2_APB1_GRP1_PERIPH  C2 APB1 GRP1 PERIPH
 263:Drivers/STM32WBxx_HAL_Driver/Inc/stm32wbxx_ll_bus.h ****   * @{
 264:Drivers/STM32WBxx_HAL_Driver/Inc/stm32wbxx_ll_bus.h ****   */
 265:Drivers/STM32WBxx_HAL_Driver/Inc/stm32wbxx_ll_bus.h **** #define LL_C2_APB1_GRP1_PERIPH_TIM2         RCC_C2APB1ENR1_TIM2EN
 266:Drivers/STM32WBxx_HAL_Driver/Inc/stm32wbxx_ll_bus.h **** #if defined(LCD)
 267:Drivers/STM32WBxx_HAL_Driver/Inc/stm32wbxx_ll_bus.h **** #define LL_C2_APB1_GRP1_PERIPH_LCD          RCC_C2APB1ENR1_LCDEN
 268:Drivers/STM32WBxx_HAL_Driver/Inc/stm32wbxx_ll_bus.h **** #endif /* LCD */
 269:Drivers/STM32WBxx_HAL_Driver/Inc/stm32wbxx_ll_bus.h **** #define LL_C2_APB1_GRP1_PERIPH_RTCAPB       RCC_C2APB1ENR1_RTCAPBEN
 270:Drivers/STM32WBxx_HAL_Driver/Inc/stm32wbxx_ll_bus.h **** #if defined(SPI2)
 271:Drivers/STM32WBxx_HAL_Driver/Inc/stm32wbxx_ll_bus.h **** #define LL_C2_APB1_GRP1_PERIPH_SPI2         RCC_C2APB1ENR1_SPI2EN
 272:Drivers/STM32WBxx_HAL_Driver/Inc/stm32wbxx_ll_bus.h **** #endif /* SPI2 */
 273:Drivers/STM32WBxx_HAL_Driver/Inc/stm32wbxx_ll_bus.h **** #define LL_C2_APB1_GRP1_PERIPH_I2C1         RCC_C2APB1ENR1_I2C1EN
 274:Drivers/STM32WBxx_HAL_Driver/Inc/stm32wbxx_ll_bus.h **** #if defined(I2C3)
 275:Drivers/STM32WBxx_HAL_Driver/Inc/stm32wbxx_ll_bus.h **** #define LL_C2_APB1_GRP1_PERIPH_I2C3         RCC_C2APB1ENR1_I2C3EN
 276:Drivers/STM32WBxx_HAL_Driver/Inc/stm32wbxx_ll_bus.h **** #define LL_C2_APB1_GRP1_PERIPH_CRS          RCC_C2APB1ENR1_CRSEN
 277:Drivers/STM32WBxx_HAL_Driver/Inc/stm32wbxx_ll_bus.h **** #define LL_C2_APB1_GRP1_PERIPH_USB          RCC_C2APB1ENR1_USBEN
 278:Drivers/STM32WBxx_HAL_Driver/Inc/stm32wbxx_ll_bus.h **** #endif /* I2C3 */
 279:Drivers/STM32WBxx_HAL_Driver/Inc/stm32wbxx_ll_bus.h **** #define LL_C2_APB1_GRP1_PERIPH_LPTIM1       RCC_C2APB1ENR1_LPTIM1EN
 280:Drivers/STM32WBxx_HAL_Driver/Inc/stm32wbxx_ll_bus.h **** /**
 281:Drivers/STM32WBxx_HAL_Driver/Inc/stm32wbxx_ll_bus.h ****   * @}
 282:Drivers/STM32WBxx_HAL_Driver/Inc/stm32wbxx_ll_bus.h ****   */
 283:Drivers/STM32WBxx_HAL_Driver/Inc/stm32wbxx_ll_bus.h **** 
 284:Drivers/STM32WBxx_HAL_Driver/Inc/stm32wbxx_ll_bus.h **** 
 285:Drivers/STM32WBxx_HAL_Driver/Inc/stm32wbxx_ll_bus.h **** /** @defgroup BUS_LL_EC_C2_APB1_GRP2_PERIPH  C2 APB1 GRP2 PERIPH
 286:Drivers/STM32WBxx_HAL_Driver/Inc/stm32wbxx_ll_bus.h ****   * @{
 287:Drivers/STM32WBxx_HAL_Driver/Inc/stm32wbxx_ll_bus.h ****   */
 288:Drivers/STM32WBxx_HAL_Driver/Inc/stm32wbxx_ll_bus.h **** #if defined(LPUART1)
 289:Drivers/STM32WBxx_HAL_Driver/Inc/stm32wbxx_ll_bus.h **** #define LL_C2_APB1_GRP2_PERIPH_LPUART1      RCC_C2APB1ENR2_LPUART1EN
 290:Drivers/STM32WBxx_HAL_Driver/Inc/stm32wbxx_ll_bus.h **** #endif /* LPUART1 */
 291:Drivers/STM32WBxx_HAL_Driver/Inc/stm32wbxx_ll_bus.h **** #define LL_C2_APB1_GRP2_PERIPH_LPTIM2       RCC_C2APB1ENR2_LPTIM2EN
 292:Drivers/STM32WBxx_HAL_Driver/Inc/stm32wbxx_ll_bus.h **** /**
 293:Drivers/STM32WBxx_HAL_Driver/Inc/stm32wbxx_ll_bus.h ****   * @}
 294:Drivers/STM32WBxx_HAL_Driver/Inc/stm32wbxx_ll_bus.h ****   */
 295:Drivers/STM32WBxx_HAL_Driver/Inc/stm32wbxx_ll_bus.h **** 
 296:Drivers/STM32WBxx_HAL_Driver/Inc/stm32wbxx_ll_bus.h **** 
 297:Drivers/STM32WBxx_HAL_Driver/Inc/stm32wbxx_ll_bus.h **** /** @defgroup BUS_LL_EC_C2_APB2_GRP1_PERIPH  C2 APB2 GRP1 PERIPH
 298:Drivers/STM32WBxx_HAL_Driver/Inc/stm32wbxx_ll_bus.h ****   * @{
 299:Drivers/STM32WBxx_HAL_Driver/Inc/stm32wbxx_ll_bus.h ****   */
 300:Drivers/STM32WBxx_HAL_Driver/Inc/stm32wbxx_ll_bus.h **** #if defined(ADC_SUPPORT_2_5_MSPS)
 301:Drivers/STM32WBxx_HAL_Driver/Inc/stm32wbxx_ll_bus.h **** #define LL_C2_APB2_GRP1_PERIPH_ADC          RCC_C2APB2ENR_ADCEN
ARM GAS  /tmp/cciSPV86.s 			page 13


 302:Drivers/STM32WBxx_HAL_Driver/Inc/stm32wbxx_ll_bus.h **** #endif /* ADC_SUPPORT_5_MSPS */
 303:Drivers/STM32WBxx_HAL_Driver/Inc/stm32wbxx_ll_bus.h **** #define LL_C2_APB2_GRP1_PERIPH_TIM1         RCC_C2APB2ENR_TIM1EN
 304:Drivers/STM32WBxx_HAL_Driver/Inc/stm32wbxx_ll_bus.h **** #define LL_C2_APB2_GRP1_PERIPH_SPI1         RCC_C2APB2ENR_SPI1EN
 305:Drivers/STM32WBxx_HAL_Driver/Inc/stm32wbxx_ll_bus.h **** #define LL_C2_APB2_GRP1_PERIPH_USART1       RCC_C2APB2ENR_USART1EN
 306:Drivers/STM32WBxx_HAL_Driver/Inc/stm32wbxx_ll_bus.h **** #if defined(TIM16)
 307:Drivers/STM32WBxx_HAL_Driver/Inc/stm32wbxx_ll_bus.h **** #define LL_C2_APB2_GRP1_PERIPH_TIM16        RCC_C2APB2ENR_TIM16EN
 308:Drivers/STM32WBxx_HAL_Driver/Inc/stm32wbxx_ll_bus.h **** #endif /* TIM16 */
 309:Drivers/STM32WBxx_HAL_Driver/Inc/stm32wbxx_ll_bus.h **** #if defined(TIM17)
 310:Drivers/STM32WBxx_HAL_Driver/Inc/stm32wbxx_ll_bus.h **** #define LL_C2_APB2_GRP1_PERIPH_TIM17        RCC_C2APB2ENR_TIM17EN
 311:Drivers/STM32WBxx_HAL_Driver/Inc/stm32wbxx_ll_bus.h **** #endif /* TIM17 */
 312:Drivers/STM32WBxx_HAL_Driver/Inc/stm32wbxx_ll_bus.h **** #if defined(SAI1)
 313:Drivers/STM32WBxx_HAL_Driver/Inc/stm32wbxx_ll_bus.h **** #define LL_C2_APB2_GRP1_PERIPH_SAI1         RCC_C2APB2ENR_SAI1EN
 314:Drivers/STM32WBxx_HAL_Driver/Inc/stm32wbxx_ll_bus.h **** #endif /* SAI1 */
 315:Drivers/STM32WBxx_HAL_Driver/Inc/stm32wbxx_ll_bus.h **** /**
 316:Drivers/STM32WBxx_HAL_Driver/Inc/stm32wbxx_ll_bus.h ****   * @}
 317:Drivers/STM32WBxx_HAL_Driver/Inc/stm32wbxx_ll_bus.h ****   */
 318:Drivers/STM32WBxx_HAL_Driver/Inc/stm32wbxx_ll_bus.h **** 
 319:Drivers/STM32WBxx_HAL_Driver/Inc/stm32wbxx_ll_bus.h **** 
 320:Drivers/STM32WBxx_HAL_Driver/Inc/stm32wbxx_ll_bus.h **** /** @defgroup BUS_LL_EC_C2_APB3_GRP1_PERIPH  C2 APB3 GRP1 PERIPH
 321:Drivers/STM32WBxx_HAL_Driver/Inc/stm32wbxx_ll_bus.h ****   * @{
 322:Drivers/STM32WBxx_HAL_Driver/Inc/stm32wbxx_ll_bus.h ****   */
 323:Drivers/STM32WBxx_HAL_Driver/Inc/stm32wbxx_ll_bus.h **** #define LL_C2_APB3_GRP1_PERIPH_BLE          RCC_C2APB3ENR_BLEEN
 324:Drivers/STM32WBxx_HAL_Driver/Inc/stm32wbxx_ll_bus.h **** #if defined(RCC_802_SUPPORT)
 325:Drivers/STM32WBxx_HAL_Driver/Inc/stm32wbxx_ll_bus.h **** #define LL_C2_APB3_GRP1_PERIPH_802          RCC_C2APB3ENR_802EN
 326:Drivers/STM32WBxx_HAL_Driver/Inc/stm32wbxx_ll_bus.h **** #endif /* RCC_802_SUPPORT */
 327:Drivers/STM32WBxx_HAL_Driver/Inc/stm32wbxx_ll_bus.h **** /**
 328:Drivers/STM32WBxx_HAL_Driver/Inc/stm32wbxx_ll_bus.h ****   * @}
 329:Drivers/STM32WBxx_HAL_Driver/Inc/stm32wbxx_ll_bus.h ****   */
 330:Drivers/STM32WBxx_HAL_Driver/Inc/stm32wbxx_ll_bus.h **** 
 331:Drivers/STM32WBxx_HAL_Driver/Inc/stm32wbxx_ll_bus.h **** 
 332:Drivers/STM32WBxx_HAL_Driver/Inc/stm32wbxx_ll_bus.h **** /**
 333:Drivers/STM32WBxx_HAL_Driver/Inc/stm32wbxx_ll_bus.h ****   * @}
 334:Drivers/STM32WBxx_HAL_Driver/Inc/stm32wbxx_ll_bus.h ****   */
 335:Drivers/STM32WBxx_HAL_Driver/Inc/stm32wbxx_ll_bus.h **** 
 336:Drivers/STM32WBxx_HAL_Driver/Inc/stm32wbxx_ll_bus.h **** /* Exported macro ------------------------------------------------------------*/
 337:Drivers/STM32WBxx_HAL_Driver/Inc/stm32wbxx_ll_bus.h **** 
 338:Drivers/STM32WBxx_HAL_Driver/Inc/stm32wbxx_ll_bus.h **** /* Exported functions --------------------------------------------------------*/
 339:Drivers/STM32WBxx_HAL_Driver/Inc/stm32wbxx_ll_bus.h **** 
 340:Drivers/STM32WBxx_HAL_Driver/Inc/stm32wbxx_ll_bus.h **** /** @defgroup BUS_LL_Exported_Functions BUS Exported Functions
 341:Drivers/STM32WBxx_HAL_Driver/Inc/stm32wbxx_ll_bus.h ****   * @{
 342:Drivers/STM32WBxx_HAL_Driver/Inc/stm32wbxx_ll_bus.h ****   */
 343:Drivers/STM32WBxx_HAL_Driver/Inc/stm32wbxx_ll_bus.h **** 
 344:Drivers/STM32WBxx_HAL_Driver/Inc/stm32wbxx_ll_bus.h **** /** @defgroup BUS_LL_EF_AHB1 AHB1
 345:Drivers/STM32WBxx_HAL_Driver/Inc/stm32wbxx_ll_bus.h ****   * @{
 346:Drivers/STM32WBxx_HAL_Driver/Inc/stm32wbxx_ll_bus.h ****   */
 347:Drivers/STM32WBxx_HAL_Driver/Inc/stm32wbxx_ll_bus.h **** 
 348:Drivers/STM32WBxx_HAL_Driver/Inc/stm32wbxx_ll_bus.h **** /**
 349:Drivers/STM32WBxx_HAL_Driver/Inc/stm32wbxx_ll_bus.h ****   * @brief  Enable AHB1 peripherals clock.
 350:Drivers/STM32WBxx_HAL_Driver/Inc/stm32wbxx_ll_bus.h ****   * @rmtoll AHB1ENR      DMA1EN        LL_AHB1_GRP1_EnableClock\n
 351:Drivers/STM32WBxx_HAL_Driver/Inc/stm32wbxx_ll_bus.h ****   *         AHB1ENR      DMA2EN        LL_AHB1_GRP1_EnableClock\n
 352:Drivers/STM32WBxx_HAL_Driver/Inc/stm32wbxx_ll_bus.h ****   *         AHB1ENR      DMAMUX1EN      LL_AHB1_GRP1_EnableClock\n
 353:Drivers/STM32WBxx_HAL_Driver/Inc/stm32wbxx_ll_bus.h ****   *         AHB1ENR      CRCEN         LL_AHB1_GRP1_EnableClock\n
 354:Drivers/STM32WBxx_HAL_Driver/Inc/stm32wbxx_ll_bus.h ****   *         AHB1ENR      TSCEN         LL_AHB1_GRP1_EnableClock
 355:Drivers/STM32WBxx_HAL_Driver/Inc/stm32wbxx_ll_bus.h ****   * @param  Periphs This parameter can be a combination of the following values:
 356:Drivers/STM32WBxx_HAL_Driver/Inc/stm32wbxx_ll_bus.h ****   *         @arg @ref LL_AHB1_GRP1_PERIPH_DMA1
 357:Drivers/STM32WBxx_HAL_Driver/Inc/stm32wbxx_ll_bus.h ****   *         @arg @ref LL_AHB1_GRP1_PERIPH_DMA2 (*)
 358:Drivers/STM32WBxx_HAL_Driver/Inc/stm32wbxx_ll_bus.h ****   *         @arg @ref LL_AHB1_GRP1_PERIPH_DMAMUX1
ARM GAS  /tmp/cciSPV86.s 			page 14


 359:Drivers/STM32WBxx_HAL_Driver/Inc/stm32wbxx_ll_bus.h ****   *         @arg @ref LL_AHB1_GRP1_PERIPH_CRC
 360:Drivers/STM32WBxx_HAL_Driver/Inc/stm32wbxx_ll_bus.h ****   *         @arg @ref LL_AHB1_GRP1_PERIPH_TSC
 361:Drivers/STM32WBxx_HAL_Driver/Inc/stm32wbxx_ll_bus.h ****   * @note  (*) Not supported by all the devices
 362:Drivers/STM32WBxx_HAL_Driver/Inc/stm32wbxx_ll_bus.h ****   * @retval None
 363:Drivers/STM32WBxx_HAL_Driver/Inc/stm32wbxx_ll_bus.h ****   */
 364:Drivers/STM32WBxx_HAL_Driver/Inc/stm32wbxx_ll_bus.h **** __STATIC_INLINE void LL_AHB1_GRP1_EnableClock(uint32_t Periphs)
 365:Drivers/STM32WBxx_HAL_Driver/Inc/stm32wbxx_ll_bus.h **** {
 366:Drivers/STM32WBxx_HAL_Driver/Inc/stm32wbxx_ll_bus.h ****   __IO uint32_t tmpreg;
 367:Drivers/STM32WBxx_HAL_Driver/Inc/stm32wbxx_ll_bus.h ****   SET_BIT(RCC->AHB1ENR, Periphs);
 368:Drivers/STM32WBxx_HAL_Driver/Inc/stm32wbxx_ll_bus.h ****   /* Delay after an RCC peripheral clock enabling */
 369:Drivers/STM32WBxx_HAL_Driver/Inc/stm32wbxx_ll_bus.h ****   tmpreg = READ_BIT(RCC->AHB1ENR, Periphs);
 370:Drivers/STM32WBxx_HAL_Driver/Inc/stm32wbxx_ll_bus.h ****   (void)tmpreg;
 371:Drivers/STM32WBxx_HAL_Driver/Inc/stm32wbxx_ll_bus.h **** }
 372:Drivers/STM32WBxx_HAL_Driver/Inc/stm32wbxx_ll_bus.h **** 
 373:Drivers/STM32WBxx_HAL_Driver/Inc/stm32wbxx_ll_bus.h **** /**
 374:Drivers/STM32WBxx_HAL_Driver/Inc/stm32wbxx_ll_bus.h ****   * @brief  Check if AHB1 peripheral clock is enabled or not
 375:Drivers/STM32WBxx_HAL_Driver/Inc/stm32wbxx_ll_bus.h ****   * @rmtoll AHB1ENR      DMA1EN        LL_AHB1_GRP1_IsEnabledClock\n
 376:Drivers/STM32WBxx_HAL_Driver/Inc/stm32wbxx_ll_bus.h ****   *         AHB1ENR      DMA2EN        LL_AHB1_GRP1_IsEnabledClock\n
 377:Drivers/STM32WBxx_HAL_Driver/Inc/stm32wbxx_ll_bus.h ****   *         AHB1ENR      DMAMUX1EN      LL_AHB1_GRP1_IsEnabledClock\n
 378:Drivers/STM32WBxx_HAL_Driver/Inc/stm32wbxx_ll_bus.h ****   *         AHB1ENR      CRCEN         LL_AHB1_GRP1_IsEnabledClock\n
 379:Drivers/STM32WBxx_HAL_Driver/Inc/stm32wbxx_ll_bus.h ****   *         AHB1ENR      TSCEN         LL_AHB1_GRP1_IsEnabledClock
 380:Drivers/STM32WBxx_HAL_Driver/Inc/stm32wbxx_ll_bus.h ****   * @param  Periphs This parameter can be a combination of the following values:
 381:Drivers/STM32WBxx_HAL_Driver/Inc/stm32wbxx_ll_bus.h ****   *         @arg @ref LL_AHB1_GRP1_PERIPH_DMA1
 382:Drivers/STM32WBxx_HAL_Driver/Inc/stm32wbxx_ll_bus.h ****   *         @arg @ref LL_AHB1_GRP1_PERIPH_DMA2 (*)
 383:Drivers/STM32WBxx_HAL_Driver/Inc/stm32wbxx_ll_bus.h ****   *         @arg @ref LL_AHB1_GRP1_PERIPH_DMAMUX1
 384:Drivers/STM32WBxx_HAL_Driver/Inc/stm32wbxx_ll_bus.h ****   *         @arg @ref LL_AHB1_GRP1_PERIPH_CRC
 385:Drivers/STM32WBxx_HAL_Driver/Inc/stm32wbxx_ll_bus.h ****   *         @arg @ref LL_AHB1_GRP1_PERIPH_TSC
 386:Drivers/STM32WBxx_HAL_Driver/Inc/stm32wbxx_ll_bus.h ****   * @note  (*) Not supported by all the devices
 387:Drivers/STM32WBxx_HAL_Driver/Inc/stm32wbxx_ll_bus.h ****   * @retval uint32_t
 388:Drivers/STM32WBxx_HAL_Driver/Inc/stm32wbxx_ll_bus.h ****   */
 389:Drivers/STM32WBxx_HAL_Driver/Inc/stm32wbxx_ll_bus.h **** __STATIC_INLINE uint32_t LL_AHB1_GRP1_IsEnabledClock(uint32_t Periphs)
 390:Drivers/STM32WBxx_HAL_Driver/Inc/stm32wbxx_ll_bus.h **** {
 391:Drivers/STM32WBxx_HAL_Driver/Inc/stm32wbxx_ll_bus.h ****   return ((READ_BIT(RCC->AHB1ENR, Periphs) == (Periphs)) ? 1UL : 0UL);
 392:Drivers/STM32WBxx_HAL_Driver/Inc/stm32wbxx_ll_bus.h **** }
 393:Drivers/STM32WBxx_HAL_Driver/Inc/stm32wbxx_ll_bus.h **** 
 394:Drivers/STM32WBxx_HAL_Driver/Inc/stm32wbxx_ll_bus.h **** /**
 395:Drivers/STM32WBxx_HAL_Driver/Inc/stm32wbxx_ll_bus.h ****   * @brief  Disable AHB1 peripherals clock.
 396:Drivers/STM32WBxx_HAL_Driver/Inc/stm32wbxx_ll_bus.h ****   * @rmtoll AHB1ENR      DMA1EN        LL_AHB1_GRP1_DisableClock\n
 397:Drivers/STM32WBxx_HAL_Driver/Inc/stm32wbxx_ll_bus.h ****   *         AHB1ENR      DMA2EN        LL_AHB1_GRP1_DisableClock\n
 398:Drivers/STM32WBxx_HAL_Driver/Inc/stm32wbxx_ll_bus.h ****   *         AHB1ENR      DMAMUX1EN      LL_AHB1_GRP1_DisableClock\n
 399:Drivers/STM32WBxx_HAL_Driver/Inc/stm32wbxx_ll_bus.h ****   *         AHB1ENR      CRCEN         LL_AHB1_GRP1_DisableClock\n
 400:Drivers/STM32WBxx_HAL_Driver/Inc/stm32wbxx_ll_bus.h ****   *         AHB1ENR      TSCEN         LL_AHB1_GRP1_DisableClock
 401:Drivers/STM32WBxx_HAL_Driver/Inc/stm32wbxx_ll_bus.h ****   * @param  Periphs This parameter can be a combination of the following values:
 402:Drivers/STM32WBxx_HAL_Driver/Inc/stm32wbxx_ll_bus.h ****   *         @arg @ref LL_AHB1_GRP1_PERIPH_DMA1
 403:Drivers/STM32WBxx_HAL_Driver/Inc/stm32wbxx_ll_bus.h ****   *         @arg @ref LL_AHB1_GRP1_PERIPH_DMA2 (*)
 404:Drivers/STM32WBxx_HAL_Driver/Inc/stm32wbxx_ll_bus.h ****   *         @arg @ref LL_AHB1_GRP1_PERIPH_DMAMUX1
 405:Drivers/STM32WBxx_HAL_Driver/Inc/stm32wbxx_ll_bus.h ****   *         @arg @ref LL_AHB1_GRP1_PERIPH_CRC
 406:Drivers/STM32WBxx_HAL_Driver/Inc/stm32wbxx_ll_bus.h ****   *         @arg @ref LL_AHB1_GRP1_PERIPH_TSC
 407:Drivers/STM32WBxx_HAL_Driver/Inc/stm32wbxx_ll_bus.h ****   * @note  (*) Not supported by all the devices
 408:Drivers/STM32WBxx_HAL_Driver/Inc/stm32wbxx_ll_bus.h ****   * @retval None
 409:Drivers/STM32WBxx_HAL_Driver/Inc/stm32wbxx_ll_bus.h ****   */
 410:Drivers/STM32WBxx_HAL_Driver/Inc/stm32wbxx_ll_bus.h **** __STATIC_INLINE void LL_AHB1_GRP1_DisableClock(uint32_t Periphs)
 411:Drivers/STM32WBxx_HAL_Driver/Inc/stm32wbxx_ll_bus.h **** {
 412:Drivers/STM32WBxx_HAL_Driver/Inc/stm32wbxx_ll_bus.h ****   CLEAR_BIT(RCC->AHB1ENR, Periphs);
 413:Drivers/STM32WBxx_HAL_Driver/Inc/stm32wbxx_ll_bus.h **** }
 414:Drivers/STM32WBxx_HAL_Driver/Inc/stm32wbxx_ll_bus.h **** 
 415:Drivers/STM32WBxx_HAL_Driver/Inc/stm32wbxx_ll_bus.h **** /**
ARM GAS  /tmp/cciSPV86.s 			page 15


 416:Drivers/STM32WBxx_HAL_Driver/Inc/stm32wbxx_ll_bus.h ****   * @brief  Force AHB1 peripherals reset.
 417:Drivers/STM32WBxx_HAL_Driver/Inc/stm32wbxx_ll_bus.h ****   * @rmtoll AHB1RSTR     DMA1RST       LL_AHB1_GRP1_ForceReset\n
 418:Drivers/STM32WBxx_HAL_Driver/Inc/stm32wbxx_ll_bus.h ****   *         AHB1RSTR     DMA2RST       LL_AHB1_GRP1_ForceReset\n
 419:Drivers/STM32WBxx_HAL_Driver/Inc/stm32wbxx_ll_bus.h ****   *         AHB1RSTR     DMAMUX1RST     LL_AHB1_GRP1_ForceReset\n
 420:Drivers/STM32WBxx_HAL_Driver/Inc/stm32wbxx_ll_bus.h ****   *         AHB1RSTR     CRCRST        LL_AHB1_GRP1_ForceReset\n
 421:Drivers/STM32WBxx_HAL_Driver/Inc/stm32wbxx_ll_bus.h ****   *         AHB1RSTR     TSCRST        LL_AHB1_GRP1_ForceReset
 422:Drivers/STM32WBxx_HAL_Driver/Inc/stm32wbxx_ll_bus.h ****   * @param  Periphs This parameter can be a combination of the following values:
 423:Drivers/STM32WBxx_HAL_Driver/Inc/stm32wbxx_ll_bus.h ****   *         @arg @ref LL_AHB1_GRP1_PERIPH_ALL
 424:Drivers/STM32WBxx_HAL_Driver/Inc/stm32wbxx_ll_bus.h ****   *         @arg @ref LL_AHB1_GRP1_PERIPH_DMA1
 425:Drivers/STM32WBxx_HAL_Driver/Inc/stm32wbxx_ll_bus.h ****   *         @arg @ref LL_AHB1_GRP1_PERIPH_DMA2 (*)
 426:Drivers/STM32WBxx_HAL_Driver/Inc/stm32wbxx_ll_bus.h ****   *         @arg @ref LL_AHB1_GRP1_PERIPH_DMAMUX1
 427:Drivers/STM32WBxx_HAL_Driver/Inc/stm32wbxx_ll_bus.h ****   *         @arg @ref LL_AHB1_GRP1_PERIPH_CRC
 428:Drivers/STM32WBxx_HAL_Driver/Inc/stm32wbxx_ll_bus.h ****   *         @arg @ref LL_AHB1_GRP1_PERIPH_TSC
 429:Drivers/STM32WBxx_HAL_Driver/Inc/stm32wbxx_ll_bus.h ****   * @note  (*) Not supported by all the devices
 430:Drivers/STM32WBxx_HAL_Driver/Inc/stm32wbxx_ll_bus.h ****   * @retval None
 431:Drivers/STM32WBxx_HAL_Driver/Inc/stm32wbxx_ll_bus.h ****   */
 432:Drivers/STM32WBxx_HAL_Driver/Inc/stm32wbxx_ll_bus.h **** __STATIC_INLINE void LL_AHB1_GRP1_ForceReset(uint32_t Periphs)
 433:Drivers/STM32WBxx_HAL_Driver/Inc/stm32wbxx_ll_bus.h **** {
 434:Drivers/STM32WBxx_HAL_Driver/Inc/stm32wbxx_ll_bus.h ****   SET_BIT(RCC->AHB1RSTR, Periphs);
 435:Drivers/STM32WBxx_HAL_Driver/Inc/stm32wbxx_ll_bus.h **** }
 436:Drivers/STM32WBxx_HAL_Driver/Inc/stm32wbxx_ll_bus.h **** 
 437:Drivers/STM32WBxx_HAL_Driver/Inc/stm32wbxx_ll_bus.h **** /**
 438:Drivers/STM32WBxx_HAL_Driver/Inc/stm32wbxx_ll_bus.h ****   * @brief  Release AHB1 peripherals reset.
 439:Drivers/STM32WBxx_HAL_Driver/Inc/stm32wbxx_ll_bus.h ****   * @rmtoll AHB1RSTR     DMA1RST       LL_AHB1_GRP1_ReleaseReset\n
 440:Drivers/STM32WBxx_HAL_Driver/Inc/stm32wbxx_ll_bus.h ****   *         AHB1RSTR     DMA2RST       LL_AHB1_GRP1_ReleaseReset\n
 441:Drivers/STM32WBxx_HAL_Driver/Inc/stm32wbxx_ll_bus.h ****   *         AHB1RSTR     DMAMUX1RST     LL_AHB1_GRP1_ReleaseReset\n
 442:Drivers/STM32WBxx_HAL_Driver/Inc/stm32wbxx_ll_bus.h ****   *         AHB1RSTR     CRCRST        LL_AHB1_GRP1_ReleaseReset\n
 443:Drivers/STM32WBxx_HAL_Driver/Inc/stm32wbxx_ll_bus.h ****   *         AHB1RSTR     TSCRST        LL_AHB1_GRP1_ReleaseReset
 444:Drivers/STM32WBxx_HAL_Driver/Inc/stm32wbxx_ll_bus.h ****   * @param  Periphs This parameter can be a combination of the following values:
 445:Drivers/STM32WBxx_HAL_Driver/Inc/stm32wbxx_ll_bus.h ****   *         @arg @ref LL_AHB1_GRP1_PERIPH_ALL
 446:Drivers/STM32WBxx_HAL_Driver/Inc/stm32wbxx_ll_bus.h ****   *         @arg @ref LL_AHB1_GRP1_PERIPH_DMA1
 447:Drivers/STM32WBxx_HAL_Driver/Inc/stm32wbxx_ll_bus.h ****   *         @arg @ref LL_AHB1_GRP1_PERIPH_DMA2 (*)
 448:Drivers/STM32WBxx_HAL_Driver/Inc/stm32wbxx_ll_bus.h ****   *         @arg @ref LL_AHB1_GRP1_PERIPH_DMAMUX1
 449:Drivers/STM32WBxx_HAL_Driver/Inc/stm32wbxx_ll_bus.h ****   *         @arg @ref LL_AHB1_GRP1_PERIPH_CRC
 450:Drivers/STM32WBxx_HAL_Driver/Inc/stm32wbxx_ll_bus.h ****   *         @arg @ref LL_AHB1_GRP1_PERIPH_TSC
 451:Drivers/STM32WBxx_HAL_Driver/Inc/stm32wbxx_ll_bus.h ****   * @note  (*) Not supported by all the devices
 452:Drivers/STM32WBxx_HAL_Driver/Inc/stm32wbxx_ll_bus.h ****   * @retval None
 453:Drivers/STM32WBxx_HAL_Driver/Inc/stm32wbxx_ll_bus.h ****   */
 454:Drivers/STM32WBxx_HAL_Driver/Inc/stm32wbxx_ll_bus.h **** __STATIC_INLINE void LL_AHB1_GRP1_ReleaseReset(uint32_t Periphs)
 455:Drivers/STM32WBxx_HAL_Driver/Inc/stm32wbxx_ll_bus.h **** {
 456:Drivers/STM32WBxx_HAL_Driver/Inc/stm32wbxx_ll_bus.h ****   CLEAR_BIT(RCC->AHB1RSTR, Periphs);
 457:Drivers/STM32WBxx_HAL_Driver/Inc/stm32wbxx_ll_bus.h **** }
 458:Drivers/STM32WBxx_HAL_Driver/Inc/stm32wbxx_ll_bus.h **** 
 459:Drivers/STM32WBxx_HAL_Driver/Inc/stm32wbxx_ll_bus.h **** /**
 460:Drivers/STM32WBxx_HAL_Driver/Inc/stm32wbxx_ll_bus.h ****   * @brief  Enable AHB1 peripherals clock during Low Power (Sleep) mode.
 461:Drivers/STM32WBxx_HAL_Driver/Inc/stm32wbxx_ll_bus.h ****   * @rmtoll AHB1SMENR    DMA1SMEN      LL_AHB1_GRP1_EnableClockSleep\n
 462:Drivers/STM32WBxx_HAL_Driver/Inc/stm32wbxx_ll_bus.h ****   *         AHB1SMENR    DMA2SMEN      LL_AHB1_GRP1_EnableClockSleep\n
 463:Drivers/STM32WBxx_HAL_Driver/Inc/stm32wbxx_ll_bus.h ****   *         AHB1SMENR    DMAMUX1SMEN    LL_AHB1_GRP1_EnableClockSleep\n
 464:Drivers/STM32WBxx_HAL_Driver/Inc/stm32wbxx_ll_bus.h ****   *         AHB1SMENR    SRAM1SMEN     LL_AHB1_GRP1_EnableClockSleep\n
 465:Drivers/STM32WBxx_HAL_Driver/Inc/stm32wbxx_ll_bus.h ****   *         AHB1SMENR    CRCSMEN       LL_AHB1_GRP1_EnableClockSleep\n
 466:Drivers/STM32WBxx_HAL_Driver/Inc/stm32wbxx_ll_bus.h ****   *         AHB1SMENR    TSCSMEN       LL_AHB1_GRP1_EnableClockSleep
 467:Drivers/STM32WBxx_HAL_Driver/Inc/stm32wbxx_ll_bus.h ****   * @param  Periphs This parameter can be a combination of the following values:
 468:Drivers/STM32WBxx_HAL_Driver/Inc/stm32wbxx_ll_bus.h ****   *         @arg @ref LL_AHB1_GRP1_PERIPH_DMA1
 469:Drivers/STM32WBxx_HAL_Driver/Inc/stm32wbxx_ll_bus.h ****   *         @arg @ref LL_AHB1_GRP1_PERIPH_DMA2 (*)
 470:Drivers/STM32WBxx_HAL_Driver/Inc/stm32wbxx_ll_bus.h ****   *         @arg @ref LL_AHB1_GRP1_PERIPH_DMAMUX1
 471:Drivers/STM32WBxx_HAL_Driver/Inc/stm32wbxx_ll_bus.h ****   *         @arg @ref LL_AHB1_GRP1_PERIPH_SRAM1
 472:Drivers/STM32WBxx_HAL_Driver/Inc/stm32wbxx_ll_bus.h ****   *         @arg @ref LL_AHB1_GRP1_PERIPH_CRC
ARM GAS  /tmp/cciSPV86.s 			page 16


 473:Drivers/STM32WBxx_HAL_Driver/Inc/stm32wbxx_ll_bus.h ****   *         @arg @ref LL_AHB1_GRP1_PERIPH_TSC
 474:Drivers/STM32WBxx_HAL_Driver/Inc/stm32wbxx_ll_bus.h ****   * @note  (*) Not supported by all the devices
 475:Drivers/STM32WBxx_HAL_Driver/Inc/stm32wbxx_ll_bus.h ****   * @retval None
 476:Drivers/STM32WBxx_HAL_Driver/Inc/stm32wbxx_ll_bus.h ****   */
 477:Drivers/STM32WBxx_HAL_Driver/Inc/stm32wbxx_ll_bus.h **** __STATIC_INLINE void LL_AHB1_GRP1_EnableClockSleep(uint32_t Periphs)
 478:Drivers/STM32WBxx_HAL_Driver/Inc/stm32wbxx_ll_bus.h **** {
 479:Drivers/STM32WBxx_HAL_Driver/Inc/stm32wbxx_ll_bus.h ****   __IO uint32_t tmpreg;
 480:Drivers/STM32WBxx_HAL_Driver/Inc/stm32wbxx_ll_bus.h ****   SET_BIT(RCC->AHB1SMENR, Periphs);
 481:Drivers/STM32WBxx_HAL_Driver/Inc/stm32wbxx_ll_bus.h ****   /* Delay after an RCC peripheral clock enabling */
 482:Drivers/STM32WBxx_HAL_Driver/Inc/stm32wbxx_ll_bus.h ****   tmpreg = READ_BIT(RCC->AHB1SMENR, Periphs);
 483:Drivers/STM32WBxx_HAL_Driver/Inc/stm32wbxx_ll_bus.h ****   (void)tmpreg;
 484:Drivers/STM32WBxx_HAL_Driver/Inc/stm32wbxx_ll_bus.h **** }
 485:Drivers/STM32WBxx_HAL_Driver/Inc/stm32wbxx_ll_bus.h **** 
 486:Drivers/STM32WBxx_HAL_Driver/Inc/stm32wbxx_ll_bus.h **** /**
 487:Drivers/STM32WBxx_HAL_Driver/Inc/stm32wbxx_ll_bus.h ****   * @brief  Disable AHB1 peripherals clock during Low Power (Sleep) mode.
 488:Drivers/STM32WBxx_HAL_Driver/Inc/stm32wbxx_ll_bus.h ****   * @rmtoll AHB1SMENR    DMA1SMEN      LL_AHB1_GRP1_DisableClockSleep\n
 489:Drivers/STM32WBxx_HAL_Driver/Inc/stm32wbxx_ll_bus.h ****   *         AHB1SMENR    DMA2SMEN      LL_AHB1_GRP1_DisableClockSleep\n
 490:Drivers/STM32WBxx_HAL_Driver/Inc/stm32wbxx_ll_bus.h ****   *         AHB1SMENR    DMAMUX1SMEN    LL_AHB1_GRP1_DisableClockSleep\n
 491:Drivers/STM32WBxx_HAL_Driver/Inc/stm32wbxx_ll_bus.h ****   *         AHB1SMENR    SRAM1SMEN     LL_AHB1_GRP1_DisableClockSleep\n
 492:Drivers/STM32WBxx_HAL_Driver/Inc/stm32wbxx_ll_bus.h ****   *         AHB1SMENR    CRCSMEN       LL_AHB1_GRP1_DisableClockSleep\n
 493:Drivers/STM32WBxx_HAL_Driver/Inc/stm32wbxx_ll_bus.h ****   *         AHB1SMENR    TSCSMEN       LL_AHB1_GRP1_DisableClockSleep
 494:Drivers/STM32WBxx_HAL_Driver/Inc/stm32wbxx_ll_bus.h ****   * @param  Periphs This parameter can be a combination of the following values:
 495:Drivers/STM32WBxx_HAL_Driver/Inc/stm32wbxx_ll_bus.h ****   *         @arg @ref LL_AHB1_GRP1_PERIPH_DMA1
 496:Drivers/STM32WBxx_HAL_Driver/Inc/stm32wbxx_ll_bus.h ****   *         @arg @ref LL_AHB1_GRP1_PERIPH_DMA2 (*)
 497:Drivers/STM32WBxx_HAL_Driver/Inc/stm32wbxx_ll_bus.h ****   *         @arg @ref LL_AHB1_GRP1_PERIPH_DMAMUX1
 498:Drivers/STM32WBxx_HAL_Driver/Inc/stm32wbxx_ll_bus.h ****   *         @arg @ref LL_AHB1_GRP1_PERIPH_SRAM1
 499:Drivers/STM32WBxx_HAL_Driver/Inc/stm32wbxx_ll_bus.h ****   *         @arg @ref LL_AHB1_GRP1_PERIPH_CRC
 500:Drivers/STM32WBxx_HAL_Driver/Inc/stm32wbxx_ll_bus.h ****   *         @arg @ref LL_AHB1_GRP1_PERIPH_TSC
 501:Drivers/STM32WBxx_HAL_Driver/Inc/stm32wbxx_ll_bus.h ****   * @note  (*) Not supported by all the devices
 502:Drivers/STM32WBxx_HAL_Driver/Inc/stm32wbxx_ll_bus.h ****   * @retval None
 503:Drivers/STM32WBxx_HAL_Driver/Inc/stm32wbxx_ll_bus.h ****   */
 504:Drivers/STM32WBxx_HAL_Driver/Inc/stm32wbxx_ll_bus.h **** __STATIC_INLINE void LL_AHB1_GRP1_DisableClockSleep(uint32_t Periphs)
 505:Drivers/STM32WBxx_HAL_Driver/Inc/stm32wbxx_ll_bus.h **** {
 506:Drivers/STM32WBxx_HAL_Driver/Inc/stm32wbxx_ll_bus.h ****   CLEAR_BIT(RCC->AHB1SMENR, Periphs);
 507:Drivers/STM32WBxx_HAL_Driver/Inc/stm32wbxx_ll_bus.h **** }
 508:Drivers/STM32WBxx_HAL_Driver/Inc/stm32wbxx_ll_bus.h **** 
 509:Drivers/STM32WBxx_HAL_Driver/Inc/stm32wbxx_ll_bus.h **** /**
 510:Drivers/STM32WBxx_HAL_Driver/Inc/stm32wbxx_ll_bus.h ****   * @}
 511:Drivers/STM32WBxx_HAL_Driver/Inc/stm32wbxx_ll_bus.h ****   */
 512:Drivers/STM32WBxx_HAL_Driver/Inc/stm32wbxx_ll_bus.h **** 
 513:Drivers/STM32WBxx_HAL_Driver/Inc/stm32wbxx_ll_bus.h **** /** @defgroup BUS_LL_EF_AHB2 AHB2
 514:Drivers/STM32WBxx_HAL_Driver/Inc/stm32wbxx_ll_bus.h ****   * @{
 515:Drivers/STM32WBxx_HAL_Driver/Inc/stm32wbxx_ll_bus.h ****   */
 516:Drivers/STM32WBxx_HAL_Driver/Inc/stm32wbxx_ll_bus.h **** 
 517:Drivers/STM32WBxx_HAL_Driver/Inc/stm32wbxx_ll_bus.h **** /**
 518:Drivers/STM32WBxx_HAL_Driver/Inc/stm32wbxx_ll_bus.h ****   * @brief  Enable AHB2 peripherals clock.
 519:Drivers/STM32WBxx_HAL_Driver/Inc/stm32wbxx_ll_bus.h ****   * @rmtoll AHB2ENR      GPIOAEN       LL_AHB2_GRP1_EnableClock\n
 520:Drivers/STM32WBxx_HAL_Driver/Inc/stm32wbxx_ll_bus.h ****   *         AHB2ENR      GPIOBEN       LL_AHB2_GRP1_EnableClock\n
 521:Drivers/STM32WBxx_HAL_Driver/Inc/stm32wbxx_ll_bus.h ****   *         AHB2ENR      GPIOCEN       LL_AHB2_GRP1_EnableClock\n
 522:Drivers/STM32WBxx_HAL_Driver/Inc/stm32wbxx_ll_bus.h ****   *         AHB2ENR      GPIODEN       LL_AHB2_GRP1_EnableClock\n
 523:Drivers/STM32WBxx_HAL_Driver/Inc/stm32wbxx_ll_bus.h ****   *         AHB2ENR      GPIOEEN       LL_AHB2_GRP1_EnableClock\n
 524:Drivers/STM32WBxx_HAL_Driver/Inc/stm32wbxx_ll_bus.h ****   *         AHB2ENR      GPIOHEN       LL_AHB2_GRP1_EnableClock\n
 525:Drivers/STM32WBxx_HAL_Driver/Inc/stm32wbxx_ll_bus.h ****   *         AHB2ENR      ADCEN         LL_AHB2_GRP1_EnableClock\n
 526:Drivers/STM32WBxx_HAL_Driver/Inc/stm32wbxx_ll_bus.h ****   *         AHB2ENR      AES1EN        LL_AHB2_GRP1_EnableClock
 527:Drivers/STM32WBxx_HAL_Driver/Inc/stm32wbxx_ll_bus.h ****   * @param  Periphs This parameter can be a combination of the following values:
 528:Drivers/STM32WBxx_HAL_Driver/Inc/stm32wbxx_ll_bus.h ****   *         @arg @ref LL_AHB2_GRP1_PERIPH_GPIOA
 529:Drivers/STM32WBxx_HAL_Driver/Inc/stm32wbxx_ll_bus.h ****   *         @arg @ref LL_AHB2_GRP1_PERIPH_GPIOB
ARM GAS  /tmp/cciSPV86.s 			page 17


 530:Drivers/STM32WBxx_HAL_Driver/Inc/stm32wbxx_ll_bus.h ****   *         @arg @ref LL_AHB2_GRP1_PERIPH_GPIOC
 531:Drivers/STM32WBxx_HAL_Driver/Inc/stm32wbxx_ll_bus.h ****   *         @arg @ref LL_AHB2_GRP1_PERIPH_GPIOD (*)
 532:Drivers/STM32WBxx_HAL_Driver/Inc/stm32wbxx_ll_bus.h ****   *         @arg @ref LL_AHB2_GRP1_PERIPH_GPIOE
 533:Drivers/STM32WBxx_HAL_Driver/Inc/stm32wbxx_ll_bus.h ****   *         @arg @ref LL_AHB2_GRP1_PERIPH_GPIOH
 534:Drivers/STM32WBxx_HAL_Driver/Inc/stm32wbxx_ll_bus.h ****   *         @arg @ref LL_AHB2_GRP1_PERIPH_ADC (*)
 535:Drivers/STM32WBxx_HAL_Driver/Inc/stm32wbxx_ll_bus.h ****   *         @arg @ref LL_AHB2_GRP1_PERIPH_AES1 (*)
 536:Drivers/STM32WBxx_HAL_Driver/Inc/stm32wbxx_ll_bus.h ****   * @note  (*) Not supported by all the devices
 537:Drivers/STM32WBxx_HAL_Driver/Inc/stm32wbxx_ll_bus.h ****   * @retval None
 538:Drivers/STM32WBxx_HAL_Driver/Inc/stm32wbxx_ll_bus.h ****   */
 539:Drivers/STM32WBxx_HAL_Driver/Inc/stm32wbxx_ll_bus.h **** __STATIC_INLINE void LL_AHB2_GRP1_EnableClock(uint32_t Periphs)
  57              		.loc 2 539 22 view .LVU4
  58              	.LBB16:
 540:Drivers/STM32WBxx_HAL_Driver/Inc/stm32wbxx_ll_bus.h **** {
 541:Drivers/STM32WBxx_HAL_Driver/Inc/stm32wbxx_ll_bus.h ****   __IO uint32_t tmpreg;
  59              		.loc 2 541 3 view .LVU5
 542:Drivers/STM32WBxx_HAL_Driver/Inc/stm32wbxx_ll_bus.h ****   SET_BIT(RCC->AHB2ENR, Periphs);
  60              		.loc 2 542 3 view .LVU6
  61 0014 4FF0B043 		mov	r3, #1476395008
  62 0018 DA6C     		ldr	r2, [r3, #76]
  63 001a 42F00402 		orr	r2, r2, #4
  64 001e DA64     		str	r2, [r3, #76]
 543:Drivers/STM32WBxx_HAL_Driver/Inc/stm32wbxx_ll_bus.h ****   /* Delay after an RCC peripheral clock enabling */
 544:Drivers/STM32WBxx_HAL_Driver/Inc/stm32wbxx_ll_bus.h ****   tmpreg = READ_BIT(RCC->AHB2ENR, Periphs);
  65              		.loc 2 544 3 view .LVU7
  66              		.loc 2 544 12 is_stmt 0 view .LVU8
  67 0020 DA6C     		ldr	r2, [r3, #76]
  68 0022 02F00402 		and	r2, r2, #4
  69              		.loc 2 544 10 view .LVU9
  70 0026 0492     		str	r2, [sp, #16]
 545:Drivers/STM32WBxx_HAL_Driver/Inc/stm32wbxx_ll_bus.h ****   (void)tmpreg;
  71              		.loc 2 545 3 is_stmt 1 view .LVU10
  72 0028 049A     		ldr	r2, [sp, #16]
  73              	.LVL1:
  74              		.loc 2 545 3 is_stmt 0 view .LVU11
  75              	.LBE16:
  76              	.LBE15:
 329:Core/Src/main.c ****   __HAL_RCC_GPIOB_CLK_ENABLE();
  77              		.loc 1 329 3 is_stmt 1 view .LVU12
  78              	.LBB17:
  79              	.LBI17:
 539:Drivers/STM32WBxx_HAL_Driver/Inc/stm32wbxx_ll_bus.h **** {
  80              		.loc 2 539 22 view .LVU13
  81              	.LBB18:
 541:Drivers/STM32WBxx_HAL_Driver/Inc/stm32wbxx_ll_bus.h ****   SET_BIT(RCC->AHB2ENR, Periphs);
  82              		.loc 2 541 3 view .LVU14
 542:Drivers/STM32WBxx_HAL_Driver/Inc/stm32wbxx_ll_bus.h ****   /* Delay after an RCC peripheral clock enabling */
  83              		.loc 2 542 3 view .LVU15
  84 002a DA6C     		ldr	r2, [r3, #76]
  85 002c 42F00202 		orr	r2, r2, #2
  86 0030 DA64     		str	r2, [r3, #76]
 544:Drivers/STM32WBxx_HAL_Driver/Inc/stm32wbxx_ll_bus.h ****   (void)tmpreg;
  87              		.loc 2 544 3 view .LVU16
 544:Drivers/STM32WBxx_HAL_Driver/Inc/stm32wbxx_ll_bus.h ****   (void)tmpreg;
  88              		.loc 2 544 12 is_stmt 0 view .LVU17
  89 0032 DA6C     		ldr	r2, [r3, #76]
  90 0034 02F00202 		and	r2, r2, #2
 544:Drivers/STM32WBxx_HAL_Driver/Inc/stm32wbxx_ll_bus.h ****   (void)tmpreg;
ARM GAS  /tmp/cciSPV86.s 			page 18


  91              		.loc 2 544 10 view .LVU18
  92 0038 0392     		str	r2, [sp, #12]
  93              		.loc 2 545 3 is_stmt 1 view .LVU19
  94 003a 039A     		ldr	r2, [sp, #12]
  95              	.LVL2:
  96              		.loc 2 545 3 is_stmt 0 view .LVU20
  97              	.LBE18:
  98              	.LBE17:
 330:Core/Src/main.c ****   __HAL_RCC_GPIOA_CLK_ENABLE();
  99              		.loc 1 330 3 is_stmt 1 view .LVU21
 100              	.LBB19:
 101              	.LBI19:
 539:Drivers/STM32WBxx_HAL_Driver/Inc/stm32wbxx_ll_bus.h **** {
 102              		.loc 2 539 22 view .LVU22
 103              	.LBB20:
 541:Drivers/STM32WBxx_HAL_Driver/Inc/stm32wbxx_ll_bus.h ****   SET_BIT(RCC->AHB2ENR, Periphs);
 104              		.loc 2 541 3 view .LVU23
 542:Drivers/STM32WBxx_HAL_Driver/Inc/stm32wbxx_ll_bus.h ****   /* Delay after an RCC peripheral clock enabling */
 105              		.loc 2 542 3 view .LVU24
 106 003c DA6C     		ldr	r2, [r3, #76]
 107 003e 42F00102 		orr	r2, r2, #1
 108 0042 DA64     		str	r2, [r3, #76]
 544:Drivers/STM32WBxx_HAL_Driver/Inc/stm32wbxx_ll_bus.h ****   (void)tmpreg;
 109              		.loc 2 544 3 view .LVU25
 544:Drivers/STM32WBxx_HAL_Driver/Inc/stm32wbxx_ll_bus.h ****   (void)tmpreg;
 110              		.loc 2 544 12 is_stmt 0 view .LVU26
 111 0044 DA6C     		ldr	r2, [r3, #76]
 112 0046 02F00102 		and	r2, r2, #1
 544:Drivers/STM32WBxx_HAL_Driver/Inc/stm32wbxx_ll_bus.h ****   (void)tmpreg;
 113              		.loc 2 544 10 view .LVU27
 114 004a 0292     		str	r2, [sp, #8]
 115              		.loc 2 545 3 is_stmt 1 view .LVU28
 116 004c 029A     		ldr	r2, [sp, #8]
 117              	.LVL3:
 118              		.loc 2 545 3 is_stmt 0 view .LVU29
 119              	.LBE20:
 120              	.LBE19:
 331:Core/Src/main.c ****   __HAL_RCC_GPIOD_CLK_ENABLE();
 121              		.loc 1 331 3 is_stmt 1 view .LVU30
 122              	.LBB21:
 123              	.LBI21:
 539:Drivers/STM32WBxx_HAL_Driver/Inc/stm32wbxx_ll_bus.h **** {
 124              		.loc 2 539 22 view .LVU31
 125              	.LBB22:
 541:Drivers/STM32WBxx_HAL_Driver/Inc/stm32wbxx_ll_bus.h ****   SET_BIT(RCC->AHB2ENR, Periphs);
 126              		.loc 2 541 3 view .LVU32
 542:Drivers/STM32WBxx_HAL_Driver/Inc/stm32wbxx_ll_bus.h ****   /* Delay after an RCC peripheral clock enabling */
 127              		.loc 2 542 3 view .LVU33
 128 004e DA6C     		ldr	r2, [r3, #76]
 129 0050 42F00802 		orr	r2, r2, #8
 130 0054 DA64     		str	r2, [r3, #76]
 544:Drivers/STM32WBxx_HAL_Driver/Inc/stm32wbxx_ll_bus.h ****   (void)tmpreg;
 131              		.loc 2 544 3 view .LVU34
 544:Drivers/STM32WBxx_HAL_Driver/Inc/stm32wbxx_ll_bus.h ****   (void)tmpreg;
 132              		.loc 2 544 12 is_stmt 0 view .LVU35
 133 0056 DB6C     		ldr	r3, [r3, #76]
 134 0058 03F00803 		and	r3, r3, #8
ARM GAS  /tmp/cciSPV86.s 			page 19


 544:Drivers/STM32WBxx_HAL_Driver/Inc/stm32wbxx_ll_bus.h ****   (void)tmpreg;
 135              		.loc 2 544 10 view .LVU36
 136 005c 0193     		str	r3, [sp, #4]
 137              		.loc 2 545 3 is_stmt 1 view .LVU37
 138 005e 019B     		ldr	r3, [sp, #4]
 139              	.LVL4:
 140              		.loc 2 545 3 is_stmt 0 view .LVU38
 141              	.LBE22:
 142              	.LBE21:
 332:Core/Src/main.c **** 
 333:Core/Src/main.c ****   /*Configure GPIO pin Output Level */
 334:Core/Src/main.c ****   HAL_GPIO_WritePin(LED_GPIO_Port, LED_Pin, GPIO_PIN_SET);
 143              		.loc 1 334 3 is_stmt 1 view .LVU39
 144 0060 1B4F     		ldr	r7, .L3
 145 0062 0122     		movs	r2, #1
 146 0064 4FF40051 		mov	r1, #8192
 147 0068 3846     		mov	r0, r7
 148 006a FFF7FEFF 		bl	HAL_GPIO_WritePin
 149              	.LVL5:
 335:Core/Src/main.c **** 
 336:Core/Src/main.c ****   /*Configure GPIO pin Output Level */
 337:Core/Src/main.c ****   HAL_GPIO_WritePin(ICM_CS_GPIO_Port, ICM_CS_Pin, GPIO_PIN_SET);
 150              		.loc 1 337 3 view .LVU40
 151 006e DFF86890 		ldr	r9, .L3+8
 152 0072 0122     		movs	r2, #1
 153 0074 0221     		movs	r1, #2
 154 0076 4846     		mov	r0, r9
 155 0078 FFF7FEFF 		bl	HAL_GPIO_WritePin
 156              	.LVL6:
 338:Core/Src/main.c **** 
 339:Core/Src/main.c ****   /*Configure GPIO pin : LED_Pin */
 340:Core/Src/main.c ****   GPIO_InitStruct.Pin = LED_Pin;
 157              		.loc 1 340 3 view .LVU41
 158              		.loc 1 340 23 is_stmt 0 view .LVU42
 159 007c 4FF40053 		mov	r3, #8192
 160 0080 0593     		str	r3, [sp, #20]
 341:Core/Src/main.c ****   GPIO_InitStruct.Mode = GPIO_MODE_OUTPUT_PP;
 161              		.loc 1 341 3 is_stmt 1 view .LVU43
 162              		.loc 1 341 24 is_stmt 0 view .LVU44
 163 0082 0126     		movs	r6, #1
 164 0084 0696     		str	r6, [sp, #24]
 342:Core/Src/main.c ****   GPIO_InitStruct.Pull = GPIO_PULLUP;
 165              		.loc 1 342 3 is_stmt 1 view .LVU45
 166              		.loc 1 342 24 is_stmt 0 view .LVU46
 167 0086 0796     		str	r6, [sp, #28]
 343:Core/Src/main.c ****   GPIO_InitStruct.Speed = GPIO_SPEED_FREQ_LOW;
 168              		.loc 1 343 3 is_stmt 1 view .LVU47
 169              		.loc 1 343 25 is_stmt 0 view .LVU48
 170 0088 0894     		str	r4, [sp, #32]
 344:Core/Src/main.c ****   HAL_GPIO_Init(LED_GPIO_Port, &GPIO_InitStruct);
 171              		.loc 1 344 3 is_stmt 1 view .LVU49
 172 008a 2946     		mov	r1, r5
 173 008c 3846     		mov	r0, r7
 174 008e FFF7FEFF 		bl	HAL_GPIO_Init
 175              	.LVL7:
 345:Core/Src/main.c **** 
 346:Core/Src/main.c ****   /*Configure GPIO pin : BMP_INT_Pin */
ARM GAS  /tmp/cciSPV86.s 			page 20


 347:Core/Src/main.c ****   GPIO_InitStruct.Pin = BMP_INT_Pin;
 176              		.loc 1 347 3 view .LVU50
 177              		.loc 1 347 23 is_stmt 0 view .LVU51
 178 0092 0596     		str	r6, [sp, #20]
 348:Core/Src/main.c ****   GPIO_InitStruct.Mode = GPIO_MODE_IT_RISING;
 179              		.loc 1 348 3 is_stmt 1 view .LVU52
 180              		.loc 1 348 24 is_stmt 0 view .LVU53
 181 0094 4FF48818 		mov	r8, #1114112
 182 0098 CDF81880 		str	r8, [sp, #24]
 349:Core/Src/main.c ****   GPIO_InitStruct.Pull = GPIO_NOPULL;
 183              		.loc 1 349 3 is_stmt 1 view .LVU54
 184              		.loc 1 349 24 is_stmt 0 view .LVU55
 185 009c 0794     		str	r4, [sp, #28]
 350:Core/Src/main.c ****   HAL_GPIO_Init(BMP_INT_GPIO_Port, &GPIO_InitStruct);
 186              		.loc 1 350 3 is_stmt 1 view .LVU56
 187 009e 2946     		mov	r1, r5
 188 00a0 3846     		mov	r0, r7
 189 00a2 FFF7FEFF 		bl	HAL_GPIO_Init
 190              	.LVL8:
 351:Core/Src/main.c **** 
 352:Core/Src/main.c ****   /*Configure GPIO pin : ICM_CS_Pin */
 353:Core/Src/main.c ****   GPIO_InitStruct.Pin = ICM_CS_Pin;
 191              		.loc 1 353 3 view .LVU57
 192              		.loc 1 353 23 is_stmt 0 view .LVU58
 193 00a6 0223     		movs	r3, #2
 194 00a8 0593     		str	r3, [sp, #20]
 354:Core/Src/main.c ****   GPIO_InitStruct.Mode = GPIO_MODE_OUTPUT_PP;
 195              		.loc 1 354 3 is_stmt 1 view .LVU59
 196              		.loc 1 354 24 is_stmt 0 view .LVU60
 197 00aa 0696     		str	r6, [sp, #24]
 355:Core/Src/main.c ****   GPIO_InitStruct.Pull = GPIO_NOPULL;
 198              		.loc 1 355 3 is_stmt 1 view .LVU61
 199              		.loc 1 355 24 is_stmt 0 view .LVU62
 200 00ac 0794     		str	r4, [sp, #28]
 356:Core/Src/main.c ****   GPIO_InitStruct.Speed = GPIO_SPEED_FREQ_LOW;
 201              		.loc 1 356 3 is_stmt 1 view .LVU63
 202              		.loc 1 356 25 is_stmt 0 view .LVU64
 203 00ae 0894     		str	r4, [sp, #32]
 357:Core/Src/main.c ****   HAL_GPIO_Init(ICM_CS_GPIO_Port, &GPIO_InitStruct);
 204              		.loc 1 357 3 is_stmt 1 view .LVU65
 205 00b0 2946     		mov	r1, r5
 206 00b2 4846     		mov	r0, r9
 207 00b4 FFF7FEFF 		bl	HAL_GPIO_Init
 208              	.LVL9:
 358:Core/Src/main.c **** 
 359:Core/Src/main.c ****   /*Configure GPIO pins : ICM_INT1_Pin ICM_INT2_Pin */
 360:Core/Src/main.c ****   GPIO_InitStruct.Pin = ICM_INT1_Pin | ICM_INT2_Pin;
 209              		.loc 1 360 3 view .LVU66
 210              		.loc 1 360 23 is_stmt 0 view .LVU67
 211 00b8 C023     		movs	r3, #192
 212 00ba 0593     		str	r3, [sp, #20]
 361:Core/Src/main.c ****   GPIO_InitStruct.Mode = GPIO_MODE_IT_RISING;
 213              		.loc 1 361 3 is_stmt 1 view .LVU68
 214              		.loc 1 361 24 is_stmt 0 view .LVU69
 215 00bc CDF81880 		str	r8, [sp, #24]
 362:Core/Src/main.c ****   GPIO_InitStruct.Pull = GPIO_NOPULL;
 216              		.loc 1 362 3 is_stmt 1 view .LVU70
ARM GAS  /tmp/cciSPV86.s 			page 21


 217              		.loc 1 362 24 is_stmt 0 view .LVU71
 218 00c0 0794     		str	r4, [sp, #28]
 363:Core/Src/main.c ****   HAL_GPIO_Init(GPIOB, &GPIO_InitStruct);
 219              		.loc 1 363 3 is_stmt 1 view .LVU72
 220 00c2 2946     		mov	r1, r5
 221 00c4 0348     		ldr	r0, .L3+4
 222 00c6 FFF7FEFF 		bl	HAL_GPIO_Init
 223              	.LVL10:
 364:Core/Src/main.c **** 
 365:Core/Src/main.c ****   /* USER CODE BEGIN MX_GPIO_Init_2 */
 366:Core/Src/main.c **** 
 367:Core/Src/main.c ****   /* USER CODE END MX_GPIO_Init_2 */
 368:Core/Src/main.c **** }
 224              		.loc 1 368 1 is_stmt 0 view .LVU73
 225 00ca 0BB0     		add	sp, sp, #44
 226              		.cfi_def_cfa_offset 28
 227              		@ sp needed
 228 00cc BDE8F083 		pop	{r4, r5, r6, r7, r8, r9, pc}
 229              	.L4:
 230              		.align	2
 231              	.L3:
 232 00d0 00080048 		.word	1207961600
 233 00d4 00040048 		.word	1207960576
 234 00d8 000C0048 		.word	1207962624
 235              		.cfi_endproc
 236              	.LFE959:
 238              		.section	.text.Error_Handler,"ax",%progbits
 239              		.align	1
 240              		.global	Error_Handler
 241              		.syntax unified
 242              		.thumb
 243              		.thumb_func
 245              	Error_Handler:
 246              	.LFB960:
 369:Core/Src/main.c **** 
 370:Core/Src/main.c **** /* USER CODE BEGIN 4 */
 371:Core/Src/main.c **** 
 372:Core/Src/main.c **** /* USER CODE END 4 */
 373:Core/Src/main.c **** 
 374:Core/Src/main.c **** /**
 375:Core/Src/main.c ****  * @brief  This function is executed in case of error occurrence.
 376:Core/Src/main.c ****  * @retval None
 377:Core/Src/main.c ****  */
 378:Core/Src/main.c **** void Error_Handler(void) {
 247              		.loc 1 378 26 is_stmt 1 view -0
 248              		.cfi_startproc
 249              		@ Volatile: function does not return.
 250              		@ args = 0, pretend = 0, frame = 0
 251              		@ frame_needed = 0, uses_anonymous_args = 0
 252              		@ link register save eliminated.
 379:Core/Src/main.c ****   /* USER CODE BEGIN Error_Handler_Debug */
 380:Core/Src/main.c ****   /* User can add his own implementation to report the HAL error return state */
 381:Core/Src/main.c ****   __disable_irq();
 253              		.loc 1 381 3 view .LVU75
 254              	.LBB23:
 255              	.LBI23:
 256              		.file 3 "Drivers/CMSIS/Include/cmsis_gcc.h"
ARM GAS  /tmp/cciSPV86.s 			page 22


   1:Drivers/CMSIS/Include/cmsis_gcc.h **** /**************************************************************************//**
   2:Drivers/CMSIS/Include/cmsis_gcc.h ****  * @file     cmsis_gcc.h
   3:Drivers/CMSIS/Include/cmsis_gcc.h ****  * @brief    CMSIS compiler GCC header file
   4:Drivers/CMSIS/Include/cmsis_gcc.h ****  * @version  V5.2.0
   5:Drivers/CMSIS/Include/cmsis_gcc.h ****  * @date     08. May 2019
   6:Drivers/CMSIS/Include/cmsis_gcc.h ****  ******************************************************************************/
   7:Drivers/CMSIS/Include/cmsis_gcc.h **** /*
   8:Drivers/CMSIS/Include/cmsis_gcc.h ****  * Copyright (c) 2009-2019 Arm Limited. All rights reserved.
   9:Drivers/CMSIS/Include/cmsis_gcc.h ****  *
  10:Drivers/CMSIS/Include/cmsis_gcc.h ****  * SPDX-License-Identifier: Apache-2.0
  11:Drivers/CMSIS/Include/cmsis_gcc.h ****  *
  12:Drivers/CMSIS/Include/cmsis_gcc.h ****  * Licensed under the Apache License, Version 2.0 (the License); you may
  13:Drivers/CMSIS/Include/cmsis_gcc.h ****  * not use this file except in compliance with the License.
  14:Drivers/CMSIS/Include/cmsis_gcc.h ****  * You may obtain a copy of the License at
  15:Drivers/CMSIS/Include/cmsis_gcc.h ****  *
  16:Drivers/CMSIS/Include/cmsis_gcc.h ****  * www.apache.org/licenses/LICENSE-2.0
  17:Drivers/CMSIS/Include/cmsis_gcc.h ****  *
  18:Drivers/CMSIS/Include/cmsis_gcc.h ****  * Unless required by applicable law or agreed to in writing, software
  19:Drivers/CMSIS/Include/cmsis_gcc.h ****  * distributed under the License is distributed on an AS IS BASIS, WITHOUT
  20:Drivers/CMSIS/Include/cmsis_gcc.h ****  * WARRANTIES OR CONDITIONS OF ANY KIND, either express or implied.
  21:Drivers/CMSIS/Include/cmsis_gcc.h ****  * See the License for the specific language governing permissions and
  22:Drivers/CMSIS/Include/cmsis_gcc.h ****  * limitations under the License.
  23:Drivers/CMSIS/Include/cmsis_gcc.h ****  */
  24:Drivers/CMSIS/Include/cmsis_gcc.h **** 
  25:Drivers/CMSIS/Include/cmsis_gcc.h **** #ifndef __CMSIS_GCC_H
  26:Drivers/CMSIS/Include/cmsis_gcc.h **** #define __CMSIS_GCC_H
  27:Drivers/CMSIS/Include/cmsis_gcc.h **** 
  28:Drivers/CMSIS/Include/cmsis_gcc.h **** /* ignore some GCC warnings */
  29:Drivers/CMSIS/Include/cmsis_gcc.h **** #pragma GCC diagnostic push
  30:Drivers/CMSIS/Include/cmsis_gcc.h **** #pragma GCC diagnostic ignored "-Wsign-conversion"
  31:Drivers/CMSIS/Include/cmsis_gcc.h **** #pragma GCC diagnostic ignored "-Wconversion"
  32:Drivers/CMSIS/Include/cmsis_gcc.h **** #pragma GCC diagnostic ignored "-Wunused-parameter"
  33:Drivers/CMSIS/Include/cmsis_gcc.h **** 
  34:Drivers/CMSIS/Include/cmsis_gcc.h **** /* Fallback for __has_builtin */
  35:Drivers/CMSIS/Include/cmsis_gcc.h **** #ifndef __has_builtin
  36:Drivers/CMSIS/Include/cmsis_gcc.h ****   #define __has_builtin(x) (0)
  37:Drivers/CMSIS/Include/cmsis_gcc.h **** #endif
  38:Drivers/CMSIS/Include/cmsis_gcc.h **** 
  39:Drivers/CMSIS/Include/cmsis_gcc.h **** /* CMSIS compiler specific defines */
  40:Drivers/CMSIS/Include/cmsis_gcc.h **** #ifndef   __ASM
  41:Drivers/CMSIS/Include/cmsis_gcc.h ****   #define __ASM                                  __asm
  42:Drivers/CMSIS/Include/cmsis_gcc.h **** #endif
  43:Drivers/CMSIS/Include/cmsis_gcc.h **** #ifndef   __INLINE
  44:Drivers/CMSIS/Include/cmsis_gcc.h ****   #define __INLINE                               inline
  45:Drivers/CMSIS/Include/cmsis_gcc.h **** #endif
  46:Drivers/CMSIS/Include/cmsis_gcc.h **** #ifndef   __STATIC_INLINE
  47:Drivers/CMSIS/Include/cmsis_gcc.h ****   #define __STATIC_INLINE                        static inline
  48:Drivers/CMSIS/Include/cmsis_gcc.h **** #endif
  49:Drivers/CMSIS/Include/cmsis_gcc.h **** #ifndef   __STATIC_FORCEINLINE                 
  50:Drivers/CMSIS/Include/cmsis_gcc.h ****   #define __STATIC_FORCEINLINE                   __attribute__((always_inline)) static inline
  51:Drivers/CMSIS/Include/cmsis_gcc.h **** #endif                                           
  52:Drivers/CMSIS/Include/cmsis_gcc.h **** #ifndef   __NO_RETURN
  53:Drivers/CMSIS/Include/cmsis_gcc.h ****   #define __NO_RETURN                            __attribute__((__noreturn__))
  54:Drivers/CMSIS/Include/cmsis_gcc.h **** #endif
  55:Drivers/CMSIS/Include/cmsis_gcc.h **** #ifndef   __USED
  56:Drivers/CMSIS/Include/cmsis_gcc.h ****   #define __USED                                 __attribute__((used))
  57:Drivers/CMSIS/Include/cmsis_gcc.h **** #endif
ARM GAS  /tmp/cciSPV86.s 			page 23


  58:Drivers/CMSIS/Include/cmsis_gcc.h **** #ifndef   __WEAK
  59:Drivers/CMSIS/Include/cmsis_gcc.h ****   #define __WEAK                                 __attribute__((weak))
  60:Drivers/CMSIS/Include/cmsis_gcc.h **** #endif
  61:Drivers/CMSIS/Include/cmsis_gcc.h **** #ifndef   __PACKED
  62:Drivers/CMSIS/Include/cmsis_gcc.h ****   #define __PACKED                               __attribute__((packed, aligned(1)))
  63:Drivers/CMSIS/Include/cmsis_gcc.h **** #endif
  64:Drivers/CMSIS/Include/cmsis_gcc.h **** #ifndef   __PACKED_STRUCT
  65:Drivers/CMSIS/Include/cmsis_gcc.h ****   #define __PACKED_STRUCT                        struct __attribute__((packed, aligned(1)))
  66:Drivers/CMSIS/Include/cmsis_gcc.h **** #endif
  67:Drivers/CMSIS/Include/cmsis_gcc.h **** #ifndef   __PACKED_UNION
  68:Drivers/CMSIS/Include/cmsis_gcc.h ****   #define __PACKED_UNION                         union __attribute__((packed, aligned(1)))
  69:Drivers/CMSIS/Include/cmsis_gcc.h **** #endif
  70:Drivers/CMSIS/Include/cmsis_gcc.h **** #ifndef   __UNALIGNED_UINT32        /* deprecated */
  71:Drivers/CMSIS/Include/cmsis_gcc.h ****   #pragma GCC diagnostic push
  72:Drivers/CMSIS/Include/cmsis_gcc.h ****   #pragma GCC diagnostic ignored "-Wpacked"
  73:Drivers/CMSIS/Include/cmsis_gcc.h ****   #pragma GCC diagnostic ignored "-Wattributes"
  74:Drivers/CMSIS/Include/cmsis_gcc.h ****   struct __attribute__((packed)) T_UINT32 { uint32_t v; };
  75:Drivers/CMSIS/Include/cmsis_gcc.h ****   #pragma GCC diagnostic pop
  76:Drivers/CMSIS/Include/cmsis_gcc.h ****   #define __UNALIGNED_UINT32(x)                  (((struct T_UINT32 *)(x))->v)
  77:Drivers/CMSIS/Include/cmsis_gcc.h **** #endif
  78:Drivers/CMSIS/Include/cmsis_gcc.h **** #ifndef   __UNALIGNED_UINT16_WRITE
  79:Drivers/CMSIS/Include/cmsis_gcc.h ****   #pragma GCC diagnostic push
  80:Drivers/CMSIS/Include/cmsis_gcc.h ****   #pragma GCC diagnostic ignored "-Wpacked"
  81:Drivers/CMSIS/Include/cmsis_gcc.h ****   #pragma GCC diagnostic ignored "-Wattributes"
  82:Drivers/CMSIS/Include/cmsis_gcc.h ****   __PACKED_STRUCT T_UINT16_WRITE { uint16_t v; };
  83:Drivers/CMSIS/Include/cmsis_gcc.h ****   #pragma GCC diagnostic pop
  84:Drivers/CMSIS/Include/cmsis_gcc.h ****   #define __UNALIGNED_UINT16_WRITE(addr, val)    (void)((((struct T_UINT16_WRITE *)(void *)(addr))-
  85:Drivers/CMSIS/Include/cmsis_gcc.h **** #endif
  86:Drivers/CMSIS/Include/cmsis_gcc.h **** #ifndef   __UNALIGNED_UINT16_READ
  87:Drivers/CMSIS/Include/cmsis_gcc.h ****   #pragma GCC diagnostic push
  88:Drivers/CMSIS/Include/cmsis_gcc.h ****   #pragma GCC diagnostic ignored "-Wpacked"
  89:Drivers/CMSIS/Include/cmsis_gcc.h ****   #pragma GCC diagnostic ignored "-Wattributes"
  90:Drivers/CMSIS/Include/cmsis_gcc.h ****   __PACKED_STRUCT T_UINT16_READ { uint16_t v; };
  91:Drivers/CMSIS/Include/cmsis_gcc.h ****   #pragma GCC diagnostic pop
  92:Drivers/CMSIS/Include/cmsis_gcc.h ****   #define __UNALIGNED_UINT16_READ(addr)          (((const struct T_UINT16_READ *)(const void *)(add
  93:Drivers/CMSIS/Include/cmsis_gcc.h **** #endif
  94:Drivers/CMSIS/Include/cmsis_gcc.h **** #ifndef   __UNALIGNED_UINT32_WRITE
  95:Drivers/CMSIS/Include/cmsis_gcc.h ****   #pragma GCC diagnostic push
  96:Drivers/CMSIS/Include/cmsis_gcc.h ****   #pragma GCC diagnostic ignored "-Wpacked"
  97:Drivers/CMSIS/Include/cmsis_gcc.h ****   #pragma GCC diagnostic ignored "-Wattributes"
  98:Drivers/CMSIS/Include/cmsis_gcc.h ****   __PACKED_STRUCT T_UINT32_WRITE { uint32_t v; };
  99:Drivers/CMSIS/Include/cmsis_gcc.h ****   #pragma GCC diagnostic pop
 100:Drivers/CMSIS/Include/cmsis_gcc.h ****   #define __UNALIGNED_UINT32_WRITE(addr, val)    (void)((((struct T_UINT32_WRITE *)(void *)(addr))-
 101:Drivers/CMSIS/Include/cmsis_gcc.h **** #endif
 102:Drivers/CMSIS/Include/cmsis_gcc.h **** #ifndef   __UNALIGNED_UINT32_READ
 103:Drivers/CMSIS/Include/cmsis_gcc.h ****   #pragma GCC diagnostic push
 104:Drivers/CMSIS/Include/cmsis_gcc.h ****   #pragma GCC diagnostic ignored "-Wpacked"
 105:Drivers/CMSIS/Include/cmsis_gcc.h ****   #pragma GCC diagnostic ignored "-Wattributes"
 106:Drivers/CMSIS/Include/cmsis_gcc.h ****   __PACKED_STRUCT T_UINT32_READ { uint32_t v; };
 107:Drivers/CMSIS/Include/cmsis_gcc.h ****   #pragma GCC diagnostic pop
 108:Drivers/CMSIS/Include/cmsis_gcc.h ****   #define __UNALIGNED_UINT32_READ(addr)          (((const struct T_UINT32_READ *)(const void *)(add
 109:Drivers/CMSIS/Include/cmsis_gcc.h **** #endif
 110:Drivers/CMSIS/Include/cmsis_gcc.h **** #ifndef   __ALIGNED
 111:Drivers/CMSIS/Include/cmsis_gcc.h ****   #define __ALIGNED(x)                           __attribute__((aligned(x)))
 112:Drivers/CMSIS/Include/cmsis_gcc.h **** #endif
 113:Drivers/CMSIS/Include/cmsis_gcc.h **** #ifndef   __RESTRICT
 114:Drivers/CMSIS/Include/cmsis_gcc.h ****   #define __RESTRICT                             __restrict
ARM GAS  /tmp/cciSPV86.s 			page 24


 115:Drivers/CMSIS/Include/cmsis_gcc.h **** #endif
 116:Drivers/CMSIS/Include/cmsis_gcc.h **** #ifndef   __COMPILER_BARRIER
 117:Drivers/CMSIS/Include/cmsis_gcc.h ****   #define __COMPILER_BARRIER()                   __ASM volatile("":::"memory")
 118:Drivers/CMSIS/Include/cmsis_gcc.h **** #endif
 119:Drivers/CMSIS/Include/cmsis_gcc.h **** 
 120:Drivers/CMSIS/Include/cmsis_gcc.h **** /* #########################  Startup and Lowlevel Init  ######################## */
 121:Drivers/CMSIS/Include/cmsis_gcc.h **** 
 122:Drivers/CMSIS/Include/cmsis_gcc.h **** #ifndef __PROGRAM_START
 123:Drivers/CMSIS/Include/cmsis_gcc.h **** 
 124:Drivers/CMSIS/Include/cmsis_gcc.h **** /**
 125:Drivers/CMSIS/Include/cmsis_gcc.h ****   \brief   Initializes data and bss sections
 126:Drivers/CMSIS/Include/cmsis_gcc.h ****   \details This default implementations initialized all data and additional bss
 127:Drivers/CMSIS/Include/cmsis_gcc.h ****            sections relying on .copy.table and .zero.table specified properly
 128:Drivers/CMSIS/Include/cmsis_gcc.h ****            in the used linker script.
 129:Drivers/CMSIS/Include/cmsis_gcc.h ****   
 130:Drivers/CMSIS/Include/cmsis_gcc.h ****  */
 131:Drivers/CMSIS/Include/cmsis_gcc.h **** __STATIC_FORCEINLINE __NO_RETURN void __cmsis_start(void)
 132:Drivers/CMSIS/Include/cmsis_gcc.h **** {
 133:Drivers/CMSIS/Include/cmsis_gcc.h ****   extern void _start(void) __NO_RETURN;
 134:Drivers/CMSIS/Include/cmsis_gcc.h ****   
 135:Drivers/CMSIS/Include/cmsis_gcc.h ****   typedef struct {
 136:Drivers/CMSIS/Include/cmsis_gcc.h ****     uint32_t const* src;
 137:Drivers/CMSIS/Include/cmsis_gcc.h ****     uint32_t* dest;
 138:Drivers/CMSIS/Include/cmsis_gcc.h ****     uint32_t  wlen;
 139:Drivers/CMSIS/Include/cmsis_gcc.h ****   } __copy_table_t;
 140:Drivers/CMSIS/Include/cmsis_gcc.h ****   
 141:Drivers/CMSIS/Include/cmsis_gcc.h ****   typedef struct {
 142:Drivers/CMSIS/Include/cmsis_gcc.h ****     uint32_t* dest;
 143:Drivers/CMSIS/Include/cmsis_gcc.h ****     uint32_t  wlen;
 144:Drivers/CMSIS/Include/cmsis_gcc.h ****   } __zero_table_t;
 145:Drivers/CMSIS/Include/cmsis_gcc.h ****   
 146:Drivers/CMSIS/Include/cmsis_gcc.h ****   extern const __copy_table_t __copy_table_start__;
 147:Drivers/CMSIS/Include/cmsis_gcc.h ****   extern const __copy_table_t __copy_table_end__;
 148:Drivers/CMSIS/Include/cmsis_gcc.h ****   extern const __zero_table_t __zero_table_start__;
 149:Drivers/CMSIS/Include/cmsis_gcc.h ****   extern const __zero_table_t __zero_table_end__;
 150:Drivers/CMSIS/Include/cmsis_gcc.h **** 
 151:Drivers/CMSIS/Include/cmsis_gcc.h ****   for (__copy_table_t const* pTable = &__copy_table_start__; pTable < &__copy_table_end__; ++pTable
 152:Drivers/CMSIS/Include/cmsis_gcc.h ****     for(uint32_t i=0u; i<pTable->wlen; ++i) {
 153:Drivers/CMSIS/Include/cmsis_gcc.h ****       pTable->dest[i] = pTable->src[i];
 154:Drivers/CMSIS/Include/cmsis_gcc.h ****     }
 155:Drivers/CMSIS/Include/cmsis_gcc.h ****   }
 156:Drivers/CMSIS/Include/cmsis_gcc.h ****  
 157:Drivers/CMSIS/Include/cmsis_gcc.h ****   for (__zero_table_t const* pTable = &__zero_table_start__; pTable < &__zero_table_end__; ++pTable
 158:Drivers/CMSIS/Include/cmsis_gcc.h ****     for(uint32_t i=0u; i<pTable->wlen; ++i) {
 159:Drivers/CMSIS/Include/cmsis_gcc.h ****       pTable->dest[i] = 0u;
 160:Drivers/CMSIS/Include/cmsis_gcc.h ****     }
 161:Drivers/CMSIS/Include/cmsis_gcc.h ****   }
 162:Drivers/CMSIS/Include/cmsis_gcc.h ****  
 163:Drivers/CMSIS/Include/cmsis_gcc.h ****   _start();
 164:Drivers/CMSIS/Include/cmsis_gcc.h **** }
 165:Drivers/CMSIS/Include/cmsis_gcc.h ****   
 166:Drivers/CMSIS/Include/cmsis_gcc.h **** #define __PROGRAM_START           __cmsis_start
 167:Drivers/CMSIS/Include/cmsis_gcc.h **** #endif
 168:Drivers/CMSIS/Include/cmsis_gcc.h **** 
 169:Drivers/CMSIS/Include/cmsis_gcc.h **** #ifndef __INITIAL_SP
 170:Drivers/CMSIS/Include/cmsis_gcc.h **** #define __INITIAL_SP              __StackTop
 171:Drivers/CMSIS/Include/cmsis_gcc.h **** #endif
ARM GAS  /tmp/cciSPV86.s 			page 25


 172:Drivers/CMSIS/Include/cmsis_gcc.h **** 
 173:Drivers/CMSIS/Include/cmsis_gcc.h **** #ifndef __STACK_LIMIT
 174:Drivers/CMSIS/Include/cmsis_gcc.h **** #define __STACK_LIMIT             __StackLimit
 175:Drivers/CMSIS/Include/cmsis_gcc.h **** #endif
 176:Drivers/CMSIS/Include/cmsis_gcc.h **** 
 177:Drivers/CMSIS/Include/cmsis_gcc.h **** #ifndef __VECTOR_TABLE
 178:Drivers/CMSIS/Include/cmsis_gcc.h **** #define __VECTOR_TABLE            __Vectors
 179:Drivers/CMSIS/Include/cmsis_gcc.h **** #endif
 180:Drivers/CMSIS/Include/cmsis_gcc.h **** 
 181:Drivers/CMSIS/Include/cmsis_gcc.h **** #ifndef __VECTOR_TABLE_ATTRIBUTE
 182:Drivers/CMSIS/Include/cmsis_gcc.h **** #define __VECTOR_TABLE_ATTRIBUTE  __attribute((used, section(".vectors")))
 183:Drivers/CMSIS/Include/cmsis_gcc.h **** #endif
 184:Drivers/CMSIS/Include/cmsis_gcc.h **** 
 185:Drivers/CMSIS/Include/cmsis_gcc.h **** /* ###########################  Core Function Access  ########################### */
 186:Drivers/CMSIS/Include/cmsis_gcc.h **** /** \ingroup  CMSIS_Core_FunctionInterface
 187:Drivers/CMSIS/Include/cmsis_gcc.h ****     \defgroup CMSIS_Core_RegAccFunctions CMSIS Core Register Access Functions
 188:Drivers/CMSIS/Include/cmsis_gcc.h ****   @{
 189:Drivers/CMSIS/Include/cmsis_gcc.h ****  */
 190:Drivers/CMSIS/Include/cmsis_gcc.h **** 
 191:Drivers/CMSIS/Include/cmsis_gcc.h **** /**
 192:Drivers/CMSIS/Include/cmsis_gcc.h ****   \brief   Enable IRQ Interrupts
 193:Drivers/CMSIS/Include/cmsis_gcc.h ****   \details Enables IRQ interrupts by clearing the I-bit in the CPSR.
 194:Drivers/CMSIS/Include/cmsis_gcc.h ****            Can only be executed in Privileged modes.
 195:Drivers/CMSIS/Include/cmsis_gcc.h ****  */
 196:Drivers/CMSIS/Include/cmsis_gcc.h **** __STATIC_FORCEINLINE void __enable_irq(void)
 197:Drivers/CMSIS/Include/cmsis_gcc.h **** {
 198:Drivers/CMSIS/Include/cmsis_gcc.h ****   __ASM volatile ("cpsie i" : : : "memory");
 199:Drivers/CMSIS/Include/cmsis_gcc.h **** }
 200:Drivers/CMSIS/Include/cmsis_gcc.h **** 
 201:Drivers/CMSIS/Include/cmsis_gcc.h **** 
 202:Drivers/CMSIS/Include/cmsis_gcc.h **** /**
 203:Drivers/CMSIS/Include/cmsis_gcc.h ****   \brief   Disable IRQ Interrupts
 204:Drivers/CMSIS/Include/cmsis_gcc.h ****   \details Disables IRQ interrupts by setting the I-bit in the CPSR.
 205:Drivers/CMSIS/Include/cmsis_gcc.h ****            Can only be executed in Privileged modes.
 206:Drivers/CMSIS/Include/cmsis_gcc.h ****  */
 207:Drivers/CMSIS/Include/cmsis_gcc.h **** __STATIC_FORCEINLINE void __disable_irq(void)
 257              		.loc 3 207 27 view .LVU76
 258              	.LBB24:
 208:Drivers/CMSIS/Include/cmsis_gcc.h **** {
 209:Drivers/CMSIS/Include/cmsis_gcc.h ****   __ASM volatile ("cpsid i" : : : "memory");
 259              		.loc 3 209 3 view .LVU77
 260              		.syntax unified
 261              	@ 209 "Drivers/CMSIS/Include/cmsis_gcc.h" 1
 262 0000 72B6     		cpsid i
 263              	@ 0 "" 2
 264              		.thumb
 265              		.syntax unified
 266              	.L6:
 267              	.LBE24:
 268              	.LBE23:
 382:Core/Src/main.c ****   while (1) {
 269              		.loc 1 382 3 view .LVU78
 383:Core/Src/main.c ****   }
 270              		.loc 1 383 3 view .LVU79
 382:Core/Src/main.c ****   while (1) {
 271              		.loc 1 382 9 view .LVU80
 272 0002 FEE7     		b	.L6
ARM GAS  /tmp/cciSPV86.s 			page 26


 273              		.cfi_endproc
 274              	.LFE960:
 276              		.section	.text.MX_I2C1_Init,"ax",%progbits
 277              		.align	1
 278              		.syntax unified
 279              		.thumb
 280              		.thumb_func
 282              	MX_I2C1_Init:
 283              	.LFB957:
 241:Core/Src/main.c **** 
 284              		.loc 1 241 32 view -0
 285              		.cfi_startproc
 286              		@ args = 0, pretend = 0, frame = 0
 287              		@ frame_needed = 0, uses_anonymous_args = 0
 288 0000 08B5     		push	{r3, lr}
 289              		.cfi_def_cfa_offset 8
 290              		.cfi_offset 3, -8
 291              		.cfi_offset 14, -4
 250:Core/Src/main.c ****   hi2c1.Init.Timing = 0x10B17DB5;
 292              		.loc 1 250 3 view .LVU82
 250:Core/Src/main.c ****   hi2c1.Init.Timing = 0x10B17DB5;
 293              		.loc 1 250 18 is_stmt 0 view .LVU83
 294 0002 1148     		ldr	r0, .L15
 295 0004 114B     		ldr	r3, .L15+4
 296 0006 0360     		str	r3, [r0]
 251:Core/Src/main.c ****   hi2c1.Init.OwnAddress1 = 0;
 297              		.loc 1 251 3 is_stmt 1 view .LVU84
 251:Core/Src/main.c ****   hi2c1.Init.OwnAddress1 = 0;
 298              		.loc 1 251 21 is_stmt 0 view .LVU85
 299 0008 114B     		ldr	r3, .L15+8
 300 000a 4360     		str	r3, [r0, #4]
 252:Core/Src/main.c ****   hi2c1.Init.AddressingMode = I2C_ADDRESSINGMODE_7BIT;
 301              		.loc 1 252 3 is_stmt 1 view .LVU86
 252:Core/Src/main.c ****   hi2c1.Init.AddressingMode = I2C_ADDRESSINGMODE_7BIT;
 302              		.loc 1 252 26 is_stmt 0 view .LVU87
 303 000c 0023     		movs	r3, #0
 304 000e 8360     		str	r3, [r0, #8]
 253:Core/Src/main.c ****   hi2c1.Init.DualAddressMode = I2C_DUALADDRESS_DISABLE;
 305              		.loc 1 253 3 is_stmt 1 view .LVU88
 253:Core/Src/main.c ****   hi2c1.Init.DualAddressMode = I2C_DUALADDRESS_DISABLE;
 306              		.loc 1 253 29 is_stmt 0 view .LVU89
 307 0010 0122     		movs	r2, #1
 308 0012 C260     		str	r2, [r0, #12]
 254:Core/Src/main.c ****   hi2c1.Init.OwnAddress2 = 0;
 309              		.loc 1 254 3 is_stmt 1 view .LVU90
 254:Core/Src/main.c ****   hi2c1.Init.OwnAddress2 = 0;
 310              		.loc 1 254 30 is_stmt 0 view .LVU91
 311 0014 0361     		str	r3, [r0, #16]
 255:Core/Src/main.c ****   hi2c1.Init.OwnAddress2Masks = I2C_OA2_NOMASK;
 312              		.loc 1 255 3 is_stmt 1 view .LVU92
 255:Core/Src/main.c ****   hi2c1.Init.OwnAddress2Masks = I2C_OA2_NOMASK;
 313              		.loc 1 255 26 is_stmt 0 view .LVU93
 314 0016 4361     		str	r3, [r0, #20]
 256:Core/Src/main.c ****   hi2c1.Init.GeneralCallMode = I2C_GENERALCALL_DISABLE;
 315              		.loc 1 256 3 is_stmt 1 view .LVU94
 256:Core/Src/main.c ****   hi2c1.Init.GeneralCallMode = I2C_GENERALCALL_DISABLE;
 316              		.loc 1 256 31 is_stmt 0 view .LVU95
ARM GAS  /tmp/cciSPV86.s 			page 27


 317 0018 8361     		str	r3, [r0, #24]
 257:Core/Src/main.c ****   hi2c1.Init.NoStretchMode = I2C_NOSTRETCH_DISABLE;
 318              		.loc 1 257 3 is_stmt 1 view .LVU96
 257:Core/Src/main.c ****   hi2c1.Init.NoStretchMode = I2C_NOSTRETCH_DISABLE;
 319              		.loc 1 257 30 is_stmt 0 view .LVU97
 320 001a C361     		str	r3, [r0, #28]
 258:Core/Src/main.c ****   if (HAL_I2C_Init(&hi2c1) != HAL_OK) {
 321              		.loc 1 258 3 is_stmt 1 view .LVU98
 258:Core/Src/main.c ****   if (HAL_I2C_Init(&hi2c1) != HAL_OK) {
 322              		.loc 1 258 28 is_stmt 0 view .LVU99
 323 001c 0362     		str	r3, [r0, #32]
 259:Core/Src/main.c ****     Error_Handler();
 324              		.loc 1 259 3 is_stmt 1 view .LVU100
 259:Core/Src/main.c ****     Error_Handler();
 325              		.loc 1 259 7 is_stmt 0 view .LVU101
 326 001e FFF7FEFF 		bl	HAL_I2C_Init
 327              	.LVL11:
 259:Core/Src/main.c ****     Error_Handler();
 328              		.loc 1 259 6 discriminator 1 view .LVU102
 329 0022 50B9     		cbnz	r0, .L12
 265:Core/Src/main.c ****     Error_Handler();
 330              		.loc 1 265 3 is_stmt 1 view .LVU103
 265:Core/Src/main.c ****     Error_Handler();
 331              		.loc 1 265 7 is_stmt 0 view .LVU104
 332 0024 0146     		mov	r1, r0
 333 0026 0848     		ldr	r0, .L15
 334 0028 FFF7FEFF 		bl	HAL_I2CEx_ConfigAnalogFilter
 335              	.LVL12:
 265:Core/Src/main.c ****     Error_Handler();
 336              		.loc 1 265 6 discriminator 1 view .LVU105
 337 002c 38B9     		cbnz	r0, .L13
 271:Core/Src/main.c ****     Error_Handler();
 338              		.loc 1 271 3 is_stmt 1 view .LVU106
 271:Core/Src/main.c ****     Error_Handler();
 339              		.loc 1 271 7 is_stmt 0 view .LVU107
 340 002e 0146     		mov	r1, r0
 341 0030 0548     		ldr	r0, .L15
 342 0032 FFF7FEFF 		bl	HAL_I2CEx_ConfigDigitalFilter
 343              	.LVL13:
 271:Core/Src/main.c ****     Error_Handler();
 344              		.loc 1 271 6 discriminator 1 view .LVU108
 345 0036 20B9     		cbnz	r0, .L14
 277:Core/Src/main.c **** 
 346              		.loc 1 277 1 view .LVU109
 347 0038 08BD     		pop	{r3, pc}
 348              	.L12:
 260:Core/Src/main.c ****   }
 349              		.loc 1 260 5 is_stmt 1 view .LVU110
 350 003a FFF7FEFF 		bl	Error_Handler
 351              	.LVL14:
 352              	.L13:
 266:Core/Src/main.c ****   }
 353              		.loc 1 266 5 view .LVU111
 354 003e FFF7FEFF 		bl	Error_Handler
 355              	.LVL15:
 356              	.L14:
 272:Core/Src/main.c ****   }
ARM GAS  /tmp/cciSPV86.s 			page 28


 357              		.loc 1 272 5 view .LVU112
 358 0042 FFF7FEFF 		bl	Error_Handler
 359              	.LVL16:
 360              	.L16:
 361 0046 00BF     		.align	2
 362              	.L15:
 363 0048 00000000 		.word	hi2c1
 364 004c 00540040 		.word	1073763328
 365 0050 B57DB110 		.word	280067509
 366              		.cfi_endproc
 367              	.LFE957:
 369              		.section	.text.MX_SPI1_Init,"ax",%progbits
 370              		.align	1
 371              		.syntax unified
 372              		.thumb
 373              		.thumb_func
 375              	MX_SPI1_Init:
 376              	.LFB958:
 284:Core/Src/main.c **** 
 377              		.loc 1 284 32 view -0
 378              		.cfi_startproc
 379              		@ args = 0, pretend = 0, frame = 0
 380              		@ frame_needed = 0, uses_anonymous_args = 0
 381 0000 08B5     		push	{r3, lr}
 382              		.cfi_def_cfa_offset 8
 383              		.cfi_offset 3, -8
 384              		.cfi_offset 14, -4
 294:Core/Src/main.c ****   hspi1.Init.Mode = SPI_MODE_MASTER;
 385              		.loc 1 294 3 view .LVU114
 294:Core/Src/main.c ****   hspi1.Init.Mode = SPI_MODE_MASTER;
 386              		.loc 1 294 18 is_stmt 0 view .LVU115
 387 0002 1048     		ldr	r0, .L21
 388 0004 104B     		ldr	r3, .L21+4
 389 0006 0360     		str	r3, [r0]
 295:Core/Src/main.c ****   hspi1.Init.Direction = SPI_DIRECTION_2LINES;
 390              		.loc 1 295 3 is_stmt 1 view .LVU116
 295:Core/Src/main.c ****   hspi1.Init.Direction = SPI_DIRECTION_2LINES;
 391              		.loc 1 295 19 is_stmt 0 view .LVU117
 392 0008 4FF48273 		mov	r3, #260
 393 000c 4360     		str	r3, [r0, #4]
 296:Core/Src/main.c ****   hspi1.Init.DataSize = SPI_DATASIZE_8BIT;
 394              		.loc 1 296 3 is_stmt 1 view .LVU118
 296:Core/Src/main.c ****   hspi1.Init.DataSize = SPI_DATASIZE_8BIT;
 395              		.loc 1 296 24 is_stmt 0 view .LVU119
 396 000e 0023     		movs	r3, #0
 397 0010 8360     		str	r3, [r0, #8]
 297:Core/Src/main.c ****   hspi1.Init.CLKPolarity = SPI_POLARITY_HIGH;
 398              		.loc 1 297 3 is_stmt 1 view .LVU120
 297:Core/Src/main.c ****   hspi1.Init.CLKPolarity = SPI_POLARITY_HIGH;
 399              		.loc 1 297 23 is_stmt 0 view .LVU121
 400 0012 4FF4E062 		mov	r2, #1792
 401 0016 C260     		str	r2, [r0, #12]
 298:Core/Src/main.c ****   hspi1.Init.CLKPhase = SPI_PHASE_2EDGE;
 402              		.loc 1 298 3 is_stmt 1 view .LVU122
 298:Core/Src/main.c ****   hspi1.Init.CLKPhase = SPI_PHASE_2EDGE;
 403              		.loc 1 298 26 is_stmt 0 view .LVU123
 404 0018 0222     		movs	r2, #2
ARM GAS  /tmp/cciSPV86.s 			page 29


 405 001a 0261     		str	r2, [r0, #16]
 299:Core/Src/main.c ****   hspi1.Init.NSS = SPI_NSS_SOFT;
 406              		.loc 1 299 3 is_stmt 1 view .LVU124
 299:Core/Src/main.c ****   hspi1.Init.NSS = SPI_NSS_SOFT;
 407              		.loc 1 299 23 is_stmt 0 view .LVU125
 408 001c 0122     		movs	r2, #1
 409 001e 4261     		str	r2, [r0, #20]
 300:Core/Src/main.c ****   hspi1.Init.BaudRatePrescaler = SPI_BAUDRATEPRESCALER_4;
 410              		.loc 1 300 3 is_stmt 1 view .LVU126
 300:Core/Src/main.c ****   hspi1.Init.BaudRatePrescaler = SPI_BAUDRATEPRESCALER_4;
 411              		.loc 1 300 18 is_stmt 0 view .LVU127
 412 0020 4FF40072 		mov	r2, #512
 413 0024 8261     		str	r2, [r0, #24]
 301:Core/Src/main.c ****   hspi1.Init.FirstBit = SPI_FIRSTBIT_MSB;
 414              		.loc 1 301 3 is_stmt 1 view .LVU128
 301:Core/Src/main.c ****   hspi1.Init.FirstBit = SPI_FIRSTBIT_MSB;
 415              		.loc 1 301 32 is_stmt 0 view .LVU129
 416 0026 0822     		movs	r2, #8
 417 0028 C261     		str	r2, [r0, #28]
 302:Core/Src/main.c ****   hspi1.Init.TIMode = SPI_TIMODE_DISABLE;
 418              		.loc 1 302 3 is_stmt 1 view .LVU130
 302:Core/Src/main.c ****   hspi1.Init.TIMode = SPI_TIMODE_DISABLE;
 419              		.loc 1 302 23 is_stmt 0 view .LVU131
 420 002a 0362     		str	r3, [r0, #32]
 303:Core/Src/main.c ****   hspi1.Init.CRCCalculation = SPI_CRCCALCULATION_DISABLE;
 421              		.loc 1 303 3 is_stmt 1 view .LVU132
 303:Core/Src/main.c ****   hspi1.Init.CRCCalculation = SPI_CRCCALCULATION_DISABLE;
 422              		.loc 1 303 21 is_stmt 0 view .LVU133
 423 002c 4362     		str	r3, [r0, #36]
 304:Core/Src/main.c ****   hspi1.Init.CRCPolynomial = 7;
 424              		.loc 1 304 3 is_stmt 1 view .LVU134
 304:Core/Src/main.c ****   hspi1.Init.CRCPolynomial = 7;
 425              		.loc 1 304 29 is_stmt 0 view .LVU135
 426 002e 8362     		str	r3, [r0, #40]
 305:Core/Src/main.c ****   hspi1.Init.CRCLength = SPI_CRC_LENGTH_DATASIZE;
 427              		.loc 1 305 3 is_stmt 1 view .LVU136
 305:Core/Src/main.c ****   hspi1.Init.CRCLength = SPI_CRC_LENGTH_DATASIZE;
 428              		.loc 1 305 28 is_stmt 0 view .LVU137
 429 0030 0722     		movs	r2, #7
 430 0032 C262     		str	r2, [r0, #44]
 306:Core/Src/main.c ****   hspi1.Init.NSSPMode = SPI_NSS_PULSE_DISABLE;
 431              		.loc 1 306 3 is_stmt 1 view .LVU138
 306:Core/Src/main.c ****   hspi1.Init.NSSPMode = SPI_NSS_PULSE_DISABLE;
 432              		.loc 1 306 24 is_stmt 0 view .LVU139
 433 0034 0363     		str	r3, [r0, #48]
 307:Core/Src/main.c ****   if (HAL_SPI_Init(&hspi1) != HAL_OK) {
 434              		.loc 1 307 3 is_stmt 1 view .LVU140
 307:Core/Src/main.c ****   if (HAL_SPI_Init(&hspi1) != HAL_OK) {
 435              		.loc 1 307 23 is_stmt 0 view .LVU141
 436 0036 4363     		str	r3, [r0, #52]
 308:Core/Src/main.c ****     Error_Handler();
 437              		.loc 1 308 3 is_stmt 1 view .LVU142
 308:Core/Src/main.c ****     Error_Handler();
 438              		.loc 1 308 7 is_stmt 0 view .LVU143
 439 0038 FFF7FEFF 		bl	HAL_SPI_Init
 440              	.LVL17:
 308:Core/Src/main.c ****     Error_Handler();
ARM GAS  /tmp/cciSPV86.s 			page 30


 441              		.loc 1 308 6 discriminator 1 view .LVU144
 442 003c 00B9     		cbnz	r0, .L20
 314:Core/Src/main.c **** 
 443              		.loc 1 314 1 view .LVU145
 444 003e 08BD     		pop	{r3, pc}
 445              	.L20:
 309:Core/Src/main.c ****   }
 446              		.loc 1 309 5 is_stmt 1 view .LVU146
 447 0040 FFF7FEFF 		bl	Error_Handler
 448              	.LVL18:
 449              	.L22:
 450              		.align	2
 451              	.L21:
 452 0044 00000000 		.word	hspi1
 453 0048 00300140 		.word	1073819648
 454              		.cfi_endproc
 455              	.LFE958:
 457              		.section	.text.SystemClock_Config,"ax",%progbits
 458              		.align	1
 459              		.global	SystemClock_Config
 460              		.syntax unified
 461              		.thumb
 462              		.thumb_func
 464              	SystemClock_Config:
 465              	.LFB955:
 157:Core/Src/main.c ****   RCC_OscInitTypeDef RCC_OscInitStruct = {0};
 466              		.loc 1 157 31 view -0
 467              		.cfi_startproc
 468              		@ args = 0, pretend = 0, frame = 104
 469              		@ frame_needed = 0, uses_anonymous_args = 0
 470 0000 30B5     		push	{r4, r5, lr}
 471              		.cfi_def_cfa_offset 12
 472              		.cfi_offset 4, -12
 473              		.cfi_offset 5, -8
 474              		.cfi_offset 14, -4
 475 0002 9BB0     		sub	sp, sp, #108
 476              		.cfi_def_cfa_offset 120
 158:Core/Src/main.c ****   RCC_ClkInitTypeDef RCC_ClkInitStruct = {0};
 477              		.loc 1 158 3 view .LVU148
 158:Core/Src/main.c ****   RCC_ClkInitTypeDef RCC_ClkInitStruct = {0};
 478              		.loc 1 158 22 is_stmt 0 view .LVU149
 479 0004 08AD     		add	r5, sp, #32
 480 0006 4822     		movs	r2, #72
 481 0008 0021     		movs	r1, #0
 482 000a 2846     		mov	r0, r5
 483 000c FFF7FEFF 		bl	memset
 484              	.LVL19:
 159:Core/Src/main.c **** 
 485              		.loc 1 159 3 is_stmt 1 view .LVU150
 159:Core/Src/main.c **** 
 486              		.loc 1 159 22 is_stmt 0 view .LVU151
 487 0010 0024     		movs	r4, #0
 488 0012 0194     		str	r4, [sp, #4]
 489 0014 0294     		str	r4, [sp, #8]
 490 0016 0394     		str	r4, [sp, #12]
 491 0018 0494     		str	r4, [sp, #16]
 492 001a 0594     		str	r4, [sp, #20]
ARM GAS  /tmp/cciSPV86.s 			page 31


 493 001c 0694     		str	r4, [sp, #24]
 494 001e 0794     		str	r4, [sp, #28]
 163:Core/Src/main.c ****   __HAL_RCC_LSEDRIVE_CONFIG(RCC_LSEDRIVE_MEDIUMHIGH);
 495              		.loc 1 163 3 is_stmt 1 view .LVU152
 496 0020 FFF7FEFF 		bl	HAL_PWR_EnableBkUpAccess
 497              	.LVL20:
 164:Core/Src/main.c **** 
 498              		.loc 1 164 3 view .LVU153
 499              	.LBB25:
 500              	.LBI25:
 501              		.file 4 "Drivers/STM32WBxx_HAL_Driver/Inc/stm32wbxx_ll_rcc.h"
   1:Drivers/STM32WBxx_HAL_Driver/Inc/stm32wbxx_ll_rcc.h **** /**
   2:Drivers/STM32WBxx_HAL_Driver/Inc/stm32wbxx_ll_rcc.h ****   ******************************************************************************
   3:Drivers/STM32WBxx_HAL_Driver/Inc/stm32wbxx_ll_rcc.h ****   * @file    stm32wbxx_ll_rcc.h
   4:Drivers/STM32WBxx_HAL_Driver/Inc/stm32wbxx_ll_rcc.h ****   * @author  MCD Application Team
   5:Drivers/STM32WBxx_HAL_Driver/Inc/stm32wbxx_ll_rcc.h ****   * @brief   Header file of RCC LL module.
   6:Drivers/STM32WBxx_HAL_Driver/Inc/stm32wbxx_ll_rcc.h ****   ******************************************************************************
   7:Drivers/STM32WBxx_HAL_Driver/Inc/stm32wbxx_ll_rcc.h ****   * @attention
   8:Drivers/STM32WBxx_HAL_Driver/Inc/stm32wbxx_ll_rcc.h ****   *
   9:Drivers/STM32WBxx_HAL_Driver/Inc/stm32wbxx_ll_rcc.h ****   * Copyright (c) 2019 STMicroelectronics.
  10:Drivers/STM32WBxx_HAL_Driver/Inc/stm32wbxx_ll_rcc.h ****   * All rights reserved.
  11:Drivers/STM32WBxx_HAL_Driver/Inc/stm32wbxx_ll_rcc.h ****   *
  12:Drivers/STM32WBxx_HAL_Driver/Inc/stm32wbxx_ll_rcc.h ****   * This software is licensed under terms that can be found in the LICENSE file
  13:Drivers/STM32WBxx_HAL_Driver/Inc/stm32wbxx_ll_rcc.h ****   * in the root directory of this software component.
  14:Drivers/STM32WBxx_HAL_Driver/Inc/stm32wbxx_ll_rcc.h ****   * If no LICENSE file comes with this software, it is provided AS-IS.
  15:Drivers/STM32WBxx_HAL_Driver/Inc/stm32wbxx_ll_rcc.h ****   *
  16:Drivers/STM32WBxx_HAL_Driver/Inc/stm32wbxx_ll_rcc.h ****   ******************************************************************************
  17:Drivers/STM32WBxx_HAL_Driver/Inc/stm32wbxx_ll_rcc.h ****   */
  18:Drivers/STM32WBxx_HAL_Driver/Inc/stm32wbxx_ll_rcc.h **** 
  19:Drivers/STM32WBxx_HAL_Driver/Inc/stm32wbxx_ll_rcc.h **** /* Define to prevent recursive inclusion -------------------------------------*/
  20:Drivers/STM32WBxx_HAL_Driver/Inc/stm32wbxx_ll_rcc.h **** #ifndef STM32WBxx_LL_RCC_H
  21:Drivers/STM32WBxx_HAL_Driver/Inc/stm32wbxx_ll_rcc.h **** #define STM32WBxx_LL_RCC_H
  22:Drivers/STM32WBxx_HAL_Driver/Inc/stm32wbxx_ll_rcc.h **** 
  23:Drivers/STM32WBxx_HAL_Driver/Inc/stm32wbxx_ll_rcc.h **** #ifdef __cplusplus
  24:Drivers/STM32WBxx_HAL_Driver/Inc/stm32wbxx_ll_rcc.h **** extern "C" {
  25:Drivers/STM32WBxx_HAL_Driver/Inc/stm32wbxx_ll_rcc.h **** #endif
  26:Drivers/STM32WBxx_HAL_Driver/Inc/stm32wbxx_ll_rcc.h **** 
  27:Drivers/STM32WBxx_HAL_Driver/Inc/stm32wbxx_ll_rcc.h **** /* Includes ------------------------------------------------------------------*/
  28:Drivers/STM32WBxx_HAL_Driver/Inc/stm32wbxx_ll_rcc.h **** #include "stm32wbxx.h"
  29:Drivers/STM32WBxx_HAL_Driver/Inc/stm32wbxx_ll_rcc.h **** 
  30:Drivers/STM32WBxx_HAL_Driver/Inc/stm32wbxx_ll_rcc.h **** /** @addtogroup STM32WBxx_LL_Driver
  31:Drivers/STM32WBxx_HAL_Driver/Inc/stm32wbxx_ll_rcc.h ****   * @{
  32:Drivers/STM32WBxx_HAL_Driver/Inc/stm32wbxx_ll_rcc.h ****   */
  33:Drivers/STM32WBxx_HAL_Driver/Inc/stm32wbxx_ll_rcc.h **** 
  34:Drivers/STM32WBxx_HAL_Driver/Inc/stm32wbxx_ll_rcc.h **** #if defined(RCC)
  35:Drivers/STM32WBxx_HAL_Driver/Inc/stm32wbxx_ll_rcc.h **** 
  36:Drivers/STM32WBxx_HAL_Driver/Inc/stm32wbxx_ll_rcc.h **** /** @defgroup RCC_LL RCC
  37:Drivers/STM32WBxx_HAL_Driver/Inc/stm32wbxx_ll_rcc.h ****   * @{
  38:Drivers/STM32WBxx_HAL_Driver/Inc/stm32wbxx_ll_rcc.h ****   */
  39:Drivers/STM32WBxx_HAL_Driver/Inc/stm32wbxx_ll_rcc.h **** 
  40:Drivers/STM32WBxx_HAL_Driver/Inc/stm32wbxx_ll_rcc.h **** /* Private types -------------------------------------------------------------*/
  41:Drivers/STM32WBxx_HAL_Driver/Inc/stm32wbxx_ll_rcc.h **** /* Private variables ---------------------------------------------------------*/
  42:Drivers/STM32WBxx_HAL_Driver/Inc/stm32wbxx_ll_rcc.h **** /** @defgroup RCC_LL_Private_Variables RCC Private Variables
  43:Drivers/STM32WBxx_HAL_Driver/Inc/stm32wbxx_ll_rcc.h ****   * @{
  44:Drivers/STM32WBxx_HAL_Driver/Inc/stm32wbxx_ll_rcc.h ****   */
  45:Drivers/STM32WBxx_HAL_Driver/Inc/stm32wbxx_ll_rcc.h **** 
  46:Drivers/STM32WBxx_HAL_Driver/Inc/stm32wbxx_ll_rcc.h **** #define HSE_CONTROL_UNLOCK_KEY 0xCAFECAFEU
ARM GAS  /tmp/cciSPV86.s 			page 32


  47:Drivers/STM32WBxx_HAL_Driver/Inc/stm32wbxx_ll_rcc.h **** 
  48:Drivers/STM32WBxx_HAL_Driver/Inc/stm32wbxx_ll_rcc.h **** /**
  49:Drivers/STM32WBxx_HAL_Driver/Inc/stm32wbxx_ll_rcc.h ****   * @}
  50:Drivers/STM32WBxx_HAL_Driver/Inc/stm32wbxx_ll_rcc.h ****   */
  51:Drivers/STM32WBxx_HAL_Driver/Inc/stm32wbxx_ll_rcc.h **** 
  52:Drivers/STM32WBxx_HAL_Driver/Inc/stm32wbxx_ll_rcc.h **** /* Private constants ---------------------------------------------------------*/
  53:Drivers/STM32WBxx_HAL_Driver/Inc/stm32wbxx_ll_rcc.h **** /* Private macros ------------------------------------------------------------*/
  54:Drivers/STM32WBxx_HAL_Driver/Inc/stm32wbxx_ll_rcc.h **** #if defined(USE_FULL_LL_DRIVER)
  55:Drivers/STM32WBxx_HAL_Driver/Inc/stm32wbxx_ll_rcc.h **** /** @defgroup RCC_LL_Private_Macros RCC Private Macros
  56:Drivers/STM32WBxx_HAL_Driver/Inc/stm32wbxx_ll_rcc.h ****   * @{
  57:Drivers/STM32WBxx_HAL_Driver/Inc/stm32wbxx_ll_rcc.h ****   */
  58:Drivers/STM32WBxx_HAL_Driver/Inc/stm32wbxx_ll_rcc.h **** /**
  59:Drivers/STM32WBxx_HAL_Driver/Inc/stm32wbxx_ll_rcc.h ****   * @}
  60:Drivers/STM32WBxx_HAL_Driver/Inc/stm32wbxx_ll_rcc.h ****   */
  61:Drivers/STM32WBxx_HAL_Driver/Inc/stm32wbxx_ll_rcc.h **** #endif /* USE_FULL_LL_DRIVER */
  62:Drivers/STM32WBxx_HAL_Driver/Inc/stm32wbxx_ll_rcc.h **** 
  63:Drivers/STM32WBxx_HAL_Driver/Inc/stm32wbxx_ll_rcc.h **** /* Exported types ------------------------------------------------------------*/
  64:Drivers/STM32WBxx_HAL_Driver/Inc/stm32wbxx_ll_rcc.h **** #if defined(USE_FULL_LL_DRIVER)
  65:Drivers/STM32WBxx_HAL_Driver/Inc/stm32wbxx_ll_rcc.h **** /** @defgroup RCC_LL_Exported_Types RCC Exported Types
  66:Drivers/STM32WBxx_HAL_Driver/Inc/stm32wbxx_ll_rcc.h ****   * @{
  67:Drivers/STM32WBxx_HAL_Driver/Inc/stm32wbxx_ll_rcc.h ****   */
  68:Drivers/STM32WBxx_HAL_Driver/Inc/stm32wbxx_ll_rcc.h **** 
  69:Drivers/STM32WBxx_HAL_Driver/Inc/stm32wbxx_ll_rcc.h **** /** @defgroup LL_ES_CLOCK_FREQ Clocks Frequency Structure
  70:Drivers/STM32WBxx_HAL_Driver/Inc/stm32wbxx_ll_rcc.h ****   * @{
  71:Drivers/STM32WBxx_HAL_Driver/Inc/stm32wbxx_ll_rcc.h ****   */
  72:Drivers/STM32WBxx_HAL_Driver/Inc/stm32wbxx_ll_rcc.h **** 
  73:Drivers/STM32WBxx_HAL_Driver/Inc/stm32wbxx_ll_rcc.h **** /**
  74:Drivers/STM32WBxx_HAL_Driver/Inc/stm32wbxx_ll_rcc.h ****   * @brief  RCC Clocks Frequency Structure
  75:Drivers/STM32WBxx_HAL_Driver/Inc/stm32wbxx_ll_rcc.h ****   */
  76:Drivers/STM32WBxx_HAL_Driver/Inc/stm32wbxx_ll_rcc.h **** typedef struct
  77:Drivers/STM32WBxx_HAL_Driver/Inc/stm32wbxx_ll_rcc.h **** {
  78:Drivers/STM32WBxx_HAL_Driver/Inc/stm32wbxx_ll_rcc.h ****   uint32_t SYSCLK_Frequency;         /*!< SYSCLK clock frequency */
  79:Drivers/STM32WBxx_HAL_Driver/Inc/stm32wbxx_ll_rcc.h ****   uint32_t HCLK1_Frequency;          /*!< HCLK1 clock frequency  */
  80:Drivers/STM32WBxx_HAL_Driver/Inc/stm32wbxx_ll_rcc.h ****   uint32_t HCLK2_Frequency;          /*!< HCLK2 clock frequency  */
  81:Drivers/STM32WBxx_HAL_Driver/Inc/stm32wbxx_ll_rcc.h ****   uint32_t HCLK4_Frequency;          /*!< HCLK4 clock frequency  */
  82:Drivers/STM32WBxx_HAL_Driver/Inc/stm32wbxx_ll_rcc.h ****   uint32_t HCLK5_Frequency;          /*!< HCLK5 clock frequency  */
  83:Drivers/STM32WBxx_HAL_Driver/Inc/stm32wbxx_ll_rcc.h ****   uint32_t PCLK1_Frequency;          /*!< PCLK1 clock frequency  */
  84:Drivers/STM32WBxx_HAL_Driver/Inc/stm32wbxx_ll_rcc.h ****   uint32_t PCLK2_Frequency;          /*!< PCLK2 clock frequency  */
  85:Drivers/STM32WBxx_HAL_Driver/Inc/stm32wbxx_ll_rcc.h **** } LL_RCC_ClocksTypeDef;
  86:Drivers/STM32WBxx_HAL_Driver/Inc/stm32wbxx_ll_rcc.h **** 
  87:Drivers/STM32WBxx_HAL_Driver/Inc/stm32wbxx_ll_rcc.h **** /**
  88:Drivers/STM32WBxx_HAL_Driver/Inc/stm32wbxx_ll_rcc.h ****   * @}
  89:Drivers/STM32WBxx_HAL_Driver/Inc/stm32wbxx_ll_rcc.h ****   */
  90:Drivers/STM32WBxx_HAL_Driver/Inc/stm32wbxx_ll_rcc.h **** 
  91:Drivers/STM32WBxx_HAL_Driver/Inc/stm32wbxx_ll_rcc.h **** /**
  92:Drivers/STM32WBxx_HAL_Driver/Inc/stm32wbxx_ll_rcc.h ****   * @}
  93:Drivers/STM32WBxx_HAL_Driver/Inc/stm32wbxx_ll_rcc.h ****   */
  94:Drivers/STM32WBxx_HAL_Driver/Inc/stm32wbxx_ll_rcc.h **** #endif /* USE_FULL_LL_DRIVER */
  95:Drivers/STM32WBxx_HAL_Driver/Inc/stm32wbxx_ll_rcc.h **** 
  96:Drivers/STM32WBxx_HAL_Driver/Inc/stm32wbxx_ll_rcc.h **** /* Exported constants --------------------------------------------------------*/
  97:Drivers/STM32WBxx_HAL_Driver/Inc/stm32wbxx_ll_rcc.h **** /** @defgroup RCC_LL_Exported_Constants RCC Exported Constants
  98:Drivers/STM32WBxx_HAL_Driver/Inc/stm32wbxx_ll_rcc.h ****   * @{
  99:Drivers/STM32WBxx_HAL_Driver/Inc/stm32wbxx_ll_rcc.h ****   */
 100:Drivers/STM32WBxx_HAL_Driver/Inc/stm32wbxx_ll_rcc.h **** 
 101:Drivers/STM32WBxx_HAL_Driver/Inc/stm32wbxx_ll_rcc.h **** /** @defgroup RCC_LL_EC_OSC_VALUES Oscillator Values adaptation
 102:Drivers/STM32WBxx_HAL_Driver/Inc/stm32wbxx_ll_rcc.h ****   * @brief    Defines used to adapt values of different oscillators
 103:Drivers/STM32WBxx_HAL_Driver/Inc/stm32wbxx_ll_rcc.h ****   * @note     These values could be modified in the user environment according to
ARM GAS  /tmp/cciSPV86.s 			page 33


 104:Drivers/STM32WBxx_HAL_Driver/Inc/stm32wbxx_ll_rcc.h ****   *           HW set-up.
 105:Drivers/STM32WBxx_HAL_Driver/Inc/stm32wbxx_ll_rcc.h ****   * @{
 106:Drivers/STM32WBxx_HAL_Driver/Inc/stm32wbxx_ll_rcc.h ****   */
 107:Drivers/STM32WBxx_HAL_Driver/Inc/stm32wbxx_ll_rcc.h **** #if !defined  (HSE_VALUE)
 108:Drivers/STM32WBxx_HAL_Driver/Inc/stm32wbxx_ll_rcc.h **** #define HSE_VALUE    32000000U  /*!< Value of the HSE oscillator in Hz */
 109:Drivers/STM32WBxx_HAL_Driver/Inc/stm32wbxx_ll_rcc.h **** #endif /* !HSE_VALUE */
 110:Drivers/STM32WBxx_HAL_Driver/Inc/stm32wbxx_ll_rcc.h **** 
 111:Drivers/STM32WBxx_HAL_Driver/Inc/stm32wbxx_ll_rcc.h **** #if !defined  (HSI_VALUE)
 112:Drivers/STM32WBxx_HAL_Driver/Inc/stm32wbxx_ll_rcc.h **** #define HSI_VALUE    16000000U  /*!< Value of the HSI oscillator in Hz */
 113:Drivers/STM32WBxx_HAL_Driver/Inc/stm32wbxx_ll_rcc.h **** #endif /* !HSI_VALUE */
 114:Drivers/STM32WBxx_HAL_Driver/Inc/stm32wbxx_ll_rcc.h **** 
 115:Drivers/STM32WBxx_HAL_Driver/Inc/stm32wbxx_ll_rcc.h **** #if !defined  (LSE_VALUE)
 116:Drivers/STM32WBxx_HAL_Driver/Inc/stm32wbxx_ll_rcc.h **** #if defined(STM32WB5Mxx)
 117:Drivers/STM32WBxx_HAL_Driver/Inc/stm32wbxx_ll_rcc.h **** #define LSE_VALUE    32774U     /*!< Value of the LSE oscillator in Hz */
 118:Drivers/STM32WBxx_HAL_Driver/Inc/stm32wbxx_ll_rcc.h **** #else
 119:Drivers/STM32WBxx_HAL_Driver/Inc/stm32wbxx_ll_rcc.h **** #define LSE_VALUE    32768U     /*!< Value of the LSE oscillator in Hz */
 120:Drivers/STM32WBxx_HAL_Driver/Inc/stm32wbxx_ll_rcc.h **** #endif /* STM32WB5Mxx */
 121:Drivers/STM32WBxx_HAL_Driver/Inc/stm32wbxx_ll_rcc.h **** #endif /* !LSE_VALUE */
 122:Drivers/STM32WBxx_HAL_Driver/Inc/stm32wbxx_ll_rcc.h **** 
 123:Drivers/STM32WBxx_HAL_Driver/Inc/stm32wbxx_ll_rcc.h **** #if !defined  (LSI_VALUE)
 124:Drivers/STM32WBxx_HAL_Driver/Inc/stm32wbxx_ll_rcc.h **** #define LSI_VALUE    32000U     /*!< Value of the LSI oscillator in Hz */
 125:Drivers/STM32WBxx_HAL_Driver/Inc/stm32wbxx_ll_rcc.h **** #endif /* !LSI_VALUE */
 126:Drivers/STM32WBxx_HAL_Driver/Inc/stm32wbxx_ll_rcc.h **** 
 127:Drivers/STM32WBxx_HAL_Driver/Inc/stm32wbxx_ll_rcc.h **** #if defined(RCC_HSI48_SUPPORT)
 128:Drivers/STM32WBxx_HAL_Driver/Inc/stm32wbxx_ll_rcc.h **** #if !defined  (HSI48_VALUE)
 129:Drivers/STM32WBxx_HAL_Driver/Inc/stm32wbxx_ll_rcc.h **** #define HSI48_VALUE  48000000U  /*!< Value of the HSI48 oscillator in Hz */
 130:Drivers/STM32WBxx_HAL_Driver/Inc/stm32wbxx_ll_rcc.h **** #endif /* !HSI48_VALUE */
 131:Drivers/STM32WBxx_HAL_Driver/Inc/stm32wbxx_ll_rcc.h **** #endif /* RCC_HSI48_SUPPORT */
 132:Drivers/STM32WBxx_HAL_Driver/Inc/stm32wbxx_ll_rcc.h **** 
 133:Drivers/STM32WBxx_HAL_Driver/Inc/stm32wbxx_ll_rcc.h **** /**
 134:Drivers/STM32WBxx_HAL_Driver/Inc/stm32wbxx_ll_rcc.h ****   * @}
 135:Drivers/STM32WBxx_HAL_Driver/Inc/stm32wbxx_ll_rcc.h ****   */
 136:Drivers/STM32WBxx_HAL_Driver/Inc/stm32wbxx_ll_rcc.h **** 
 137:Drivers/STM32WBxx_HAL_Driver/Inc/stm32wbxx_ll_rcc.h **** /** @defgroup RCC_LL_EC_CLEAR_FLAG Clear Flags Defines
 138:Drivers/STM32WBxx_HAL_Driver/Inc/stm32wbxx_ll_rcc.h ****   * @brief    Flags defines which can be used with LL_RCC_WriteReg function
 139:Drivers/STM32WBxx_HAL_Driver/Inc/stm32wbxx_ll_rcc.h ****   * @{
 140:Drivers/STM32WBxx_HAL_Driver/Inc/stm32wbxx_ll_rcc.h ****   */
 141:Drivers/STM32WBxx_HAL_Driver/Inc/stm32wbxx_ll_rcc.h **** #define LL_RCC_CICR_LSI1RDYC               RCC_CICR_LSI1RDYC    /*!< LSI1 Ready Interrupt Clear    
 142:Drivers/STM32WBxx_HAL_Driver/Inc/stm32wbxx_ll_rcc.h **** #define LL_RCC_CICR_LSI2RDYC               RCC_CICR_LSI2RDYC    /*!< LSI1 Ready Interrupt Clear    
 143:Drivers/STM32WBxx_HAL_Driver/Inc/stm32wbxx_ll_rcc.h **** #define LL_RCC_CICR_LSERDYC                RCC_CICR_LSERDYC     /*!< LSE Ready Interrupt Clear     
 144:Drivers/STM32WBxx_HAL_Driver/Inc/stm32wbxx_ll_rcc.h **** #define LL_RCC_CICR_MSIRDYC                RCC_CICR_MSIRDYC     /*!< MSI Ready Interrupt Clear     
 145:Drivers/STM32WBxx_HAL_Driver/Inc/stm32wbxx_ll_rcc.h **** #define LL_RCC_CICR_HSIRDYC                RCC_CICR_HSIRDYC     /*!< HSI Ready Interrupt Clear     
 146:Drivers/STM32WBxx_HAL_Driver/Inc/stm32wbxx_ll_rcc.h **** #define LL_RCC_CICR_HSERDYC                RCC_CICR_HSERDYC     /*!< HSE Ready Interrupt Clear     
 147:Drivers/STM32WBxx_HAL_Driver/Inc/stm32wbxx_ll_rcc.h **** #define LL_RCC_CICR_PLLRDYC                RCC_CICR_PLLRDYC     /*!< PLL Ready Interrupt Clear     
 148:Drivers/STM32WBxx_HAL_Driver/Inc/stm32wbxx_ll_rcc.h **** #if defined(RCC_HSI48_SUPPORT)
 149:Drivers/STM32WBxx_HAL_Driver/Inc/stm32wbxx_ll_rcc.h **** #define LL_RCC_CICR_HSI48RDYC              RCC_CICR_HSI48RDYC   /*!< HSI48 Ready Interrupt Clear   
 150:Drivers/STM32WBxx_HAL_Driver/Inc/stm32wbxx_ll_rcc.h **** #endif /* RCC_HSI48_SUPPORT */
 151:Drivers/STM32WBxx_HAL_Driver/Inc/stm32wbxx_ll_rcc.h **** #if defined(SAI1)
 152:Drivers/STM32WBxx_HAL_Driver/Inc/stm32wbxx_ll_rcc.h **** #define LL_RCC_CICR_PLLSAI1RDYC            RCC_CICR_PLLSAI1RDYC /*!< PLLSAI1 Ready Interrupt Clear 
 153:Drivers/STM32WBxx_HAL_Driver/Inc/stm32wbxx_ll_rcc.h **** #endif /* SAI1 */
 154:Drivers/STM32WBxx_HAL_Driver/Inc/stm32wbxx_ll_rcc.h **** #define LL_RCC_CICR_LSECSSC                RCC_CICR_LSECSSC     /*!< LSE Clock Security System Inte
 155:Drivers/STM32WBxx_HAL_Driver/Inc/stm32wbxx_ll_rcc.h **** #define LL_RCC_CICR_CSSC                   RCC_CICR_CSSC        /*!< Clock Security System Interrup
 156:Drivers/STM32WBxx_HAL_Driver/Inc/stm32wbxx_ll_rcc.h **** /**
 157:Drivers/STM32WBxx_HAL_Driver/Inc/stm32wbxx_ll_rcc.h ****   * @}
 158:Drivers/STM32WBxx_HAL_Driver/Inc/stm32wbxx_ll_rcc.h ****   */
 159:Drivers/STM32WBxx_HAL_Driver/Inc/stm32wbxx_ll_rcc.h **** 
 160:Drivers/STM32WBxx_HAL_Driver/Inc/stm32wbxx_ll_rcc.h **** /** @defgroup RCC_LL_EC_GET_FLAG Get Flags Defines
ARM GAS  /tmp/cciSPV86.s 			page 34


 161:Drivers/STM32WBxx_HAL_Driver/Inc/stm32wbxx_ll_rcc.h ****   * @brief    Flags defines which can be used with LL_RCC_ReadReg function
 162:Drivers/STM32WBxx_HAL_Driver/Inc/stm32wbxx_ll_rcc.h ****   * @{
 163:Drivers/STM32WBxx_HAL_Driver/Inc/stm32wbxx_ll_rcc.h ****   */
 164:Drivers/STM32WBxx_HAL_Driver/Inc/stm32wbxx_ll_rcc.h **** #define LL_RCC_CIFR_LSI1RDYF               RCC_CIFR_LSI1RDYF    /*!< LSI1 Ready Interrupt flag     
 165:Drivers/STM32WBxx_HAL_Driver/Inc/stm32wbxx_ll_rcc.h **** #define LL_RCC_CIFR_LSI2RDYF               RCC_CIFR_LSI2RDYF    /*!< LSI2 Ready Interrupt flag     
 166:Drivers/STM32WBxx_HAL_Driver/Inc/stm32wbxx_ll_rcc.h **** #define LL_RCC_CIFR_LSERDYF                RCC_CIFR_LSERDYF     /*!< LSE Ready Interrupt flag      
 167:Drivers/STM32WBxx_HAL_Driver/Inc/stm32wbxx_ll_rcc.h **** #define LL_RCC_CIFR_MSIRDYF                RCC_CIFR_MSIRDYF     /*!< MSI Ready Interrupt flag      
 168:Drivers/STM32WBxx_HAL_Driver/Inc/stm32wbxx_ll_rcc.h **** #define LL_RCC_CIFR_HSIRDYF                RCC_CIFR_HSIRDYF     /*!< HSI Ready Interrupt flag      
 169:Drivers/STM32WBxx_HAL_Driver/Inc/stm32wbxx_ll_rcc.h **** #define LL_RCC_CIFR_HSERDYF                RCC_CIFR_HSERDYF     /*!< HSE Ready Interrupt flag      
 170:Drivers/STM32WBxx_HAL_Driver/Inc/stm32wbxx_ll_rcc.h **** #define LL_RCC_CIFR_PLLRDYF                RCC_CIFR_PLLRDYF     /*!< PLL Ready Interrupt flag      
 171:Drivers/STM32WBxx_HAL_Driver/Inc/stm32wbxx_ll_rcc.h **** #if defined(RCC_HSI48_SUPPORT)
 172:Drivers/STM32WBxx_HAL_Driver/Inc/stm32wbxx_ll_rcc.h **** #define LL_RCC_CIFR_HSI48RDYF              RCC_CIFR_HSI48RDYF   /*!< HSI48 Ready Interrupt flag    
 173:Drivers/STM32WBxx_HAL_Driver/Inc/stm32wbxx_ll_rcc.h **** #endif /* RCC_HSI48_SUPPORT */
 174:Drivers/STM32WBxx_HAL_Driver/Inc/stm32wbxx_ll_rcc.h **** #if defined(SAI1)
 175:Drivers/STM32WBxx_HAL_Driver/Inc/stm32wbxx_ll_rcc.h **** #define LL_RCC_CIFR_PLLSAI1RDYF            RCC_CIFR_PLLSAI1RDYF /*!< PLLSAI1 Ready Interrupt flag  
 176:Drivers/STM32WBxx_HAL_Driver/Inc/stm32wbxx_ll_rcc.h **** #endif /* SAI1 */
 177:Drivers/STM32WBxx_HAL_Driver/Inc/stm32wbxx_ll_rcc.h **** #define LL_RCC_CIFR_LSECSSF                RCC_CIFR_LSECSSF     /*!< LSE Clock Security System Inte
 178:Drivers/STM32WBxx_HAL_Driver/Inc/stm32wbxx_ll_rcc.h **** #define LL_RCC_CIFR_CSSF                   RCC_CIFR_CSSF        /*!< Clock Security System Interrup
 179:Drivers/STM32WBxx_HAL_Driver/Inc/stm32wbxx_ll_rcc.h **** #define LL_RCC_CSR_LPWRRSTF                RCC_CSR_LPWRRSTF     /*!< Low-Power reset flag          
 180:Drivers/STM32WBxx_HAL_Driver/Inc/stm32wbxx_ll_rcc.h **** #define LL_RCC_CSR_OBLRSTF                 RCC_CSR_OBLRSTF      /*!< OBL reset flag                
 181:Drivers/STM32WBxx_HAL_Driver/Inc/stm32wbxx_ll_rcc.h **** #define LL_RCC_CSR_PINRSTF                 RCC_CSR_PINRSTF      /*!< PIN reset flag                
 182:Drivers/STM32WBxx_HAL_Driver/Inc/stm32wbxx_ll_rcc.h **** #define LL_RCC_CSR_SFTRSTF                 RCC_CSR_SFTRSTF      /*!< Software Reset flag           
 183:Drivers/STM32WBxx_HAL_Driver/Inc/stm32wbxx_ll_rcc.h **** #define LL_RCC_CSR_IWDGRSTF                RCC_CSR_IWDGRSTF     /*!< Independent Watchdog reset fla
 184:Drivers/STM32WBxx_HAL_Driver/Inc/stm32wbxx_ll_rcc.h **** #define LL_RCC_CSR_WWDGRSTF                RCC_CSR_WWDGRSTF     /*!< Window watchdog reset flag    
 185:Drivers/STM32WBxx_HAL_Driver/Inc/stm32wbxx_ll_rcc.h **** #define LL_RCC_CSR_BORRSTF                 RCC_CSR_BORRSTF      /*!< BOR reset flag                
 186:Drivers/STM32WBxx_HAL_Driver/Inc/stm32wbxx_ll_rcc.h **** /**
 187:Drivers/STM32WBxx_HAL_Driver/Inc/stm32wbxx_ll_rcc.h ****   * @}
 188:Drivers/STM32WBxx_HAL_Driver/Inc/stm32wbxx_ll_rcc.h ****   */
 189:Drivers/STM32WBxx_HAL_Driver/Inc/stm32wbxx_ll_rcc.h **** 
 190:Drivers/STM32WBxx_HAL_Driver/Inc/stm32wbxx_ll_rcc.h **** /** @defgroup RCC_LL_EC_IT IT Defines
 191:Drivers/STM32WBxx_HAL_Driver/Inc/stm32wbxx_ll_rcc.h ****   * @brief    IT defines which can be used with LL_RCC_ReadReg and  LL_RCC_WriteReg functions
 192:Drivers/STM32WBxx_HAL_Driver/Inc/stm32wbxx_ll_rcc.h ****   * @{
 193:Drivers/STM32WBxx_HAL_Driver/Inc/stm32wbxx_ll_rcc.h ****   */
 194:Drivers/STM32WBxx_HAL_Driver/Inc/stm32wbxx_ll_rcc.h **** #define LL_RCC_CIER_LSI1RDYIE              RCC_CIER_LSI1RDYIE     /*!< LSI1 Ready Interrupt Enable 
 195:Drivers/STM32WBxx_HAL_Driver/Inc/stm32wbxx_ll_rcc.h **** #define LL_RCC_CIER_LSI2RDYIE              RCC_CIER_LSI2RDYIE     /*!< LSI Ready Interrupt Enable  
 196:Drivers/STM32WBxx_HAL_Driver/Inc/stm32wbxx_ll_rcc.h **** #define LL_RCC_CIER_LSERDYIE               RCC_CIER_LSERDYIE      /*!< LSE Ready Interrupt Enable  
 197:Drivers/STM32WBxx_HAL_Driver/Inc/stm32wbxx_ll_rcc.h **** #define LL_RCC_CIER_MSIRDYIE               RCC_CIER_MSIRDYIE      /*!< MSI Ready Interrupt Enable  
 198:Drivers/STM32WBxx_HAL_Driver/Inc/stm32wbxx_ll_rcc.h **** #define LL_RCC_CIER_HSIRDYIE               RCC_CIER_HSIRDYIE      /*!< HSI Ready Interrupt Enable  
 199:Drivers/STM32WBxx_HAL_Driver/Inc/stm32wbxx_ll_rcc.h **** #define LL_RCC_CIER_HSERDYIE               RCC_CIER_HSERDYIE      /*!< HSE Ready Interrupt Enable  
 200:Drivers/STM32WBxx_HAL_Driver/Inc/stm32wbxx_ll_rcc.h **** #define LL_RCC_CIER_PLLRDYIE               RCC_CIER_PLLRDYIE      /*!< PLL Ready Interrupt Enable  
 201:Drivers/STM32WBxx_HAL_Driver/Inc/stm32wbxx_ll_rcc.h **** #if defined(RCC_HSI48_SUPPORT)
 202:Drivers/STM32WBxx_HAL_Driver/Inc/stm32wbxx_ll_rcc.h **** #define LL_RCC_CIER_HSI48RDYIE             RCC_CIER_HSI48RDYIE    /*!< HSI48 Ready Interrupt Enable
 203:Drivers/STM32WBxx_HAL_Driver/Inc/stm32wbxx_ll_rcc.h **** #endif /* RCC_HSI48_SUPPORT */
 204:Drivers/STM32WBxx_HAL_Driver/Inc/stm32wbxx_ll_rcc.h **** #if defined(SAI1)
 205:Drivers/STM32WBxx_HAL_Driver/Inc/stm32wbxx_ll_rcc.h **** #define LL_RCC_CIER_PLLSAI1RDYIE           RCC_CIER_PLLSAI1RDYIE  /*!< PLLSAI1 Ready Interrupt Enab
 206:Drivers/STM32WBxx_HAL_Driver/Inc/stm32wbxx_ll_rcc.h **** #endif /* SAI1 */
 207:Drivers/STM32WBxx_HAL_Driver/Inc/stm32wbxx_ll_rcc.h **** #define LL_RCC_CIER_LSECSSIE               RCC_CIER_LSECSSIE      /*!< LSE CSS Interrupt Enable    
 208:Drivers/STM32WBxx_HAL_Driver/Inc/stm32wbxx_ll_rcc.h **** /**
 209:Drivers/STM32WBxx_HAL_Driver/Inc/stm32wbxx_ll_rcc.h ****   * @}
 210:Drivers/STM32WBxx_HAL_Driver/Inc/stm32wbxx_ll_rcc.h ****   */
 211:Drivers/STM32WBxx_HAL_Driver/Inc/stm32wbxx_ll_rcc.h **** 
 212:Drivers/STM32WBxx_HAL_Driver/Inc/stm32wbxx_ll_rcc.h **** /** @defgroup RCC_LL_EC_LSEDRIVE  LSE oscillator drive capability
 213:Drivers/STM32WBxx_HAL_Driver/Inc/stm32wbxx_ll_rcc.h ****   * @{
 214:Drivers/STM32WBxx_HAL_Driver/Inc/stm32wbxx_ll_rcc.h ****   */
 215:Drivers/STM32WBxx_HAL_Driver/Inc/stm32wbxx_ll_rcc.h **** #define LL_RCC_LSEDRIVE_LOW                0x00000000U             /*!< Xtal mode lower driving cap
 216:Drivers/STM32WBxx_HAL_Driver/Inc/stm32wbxx_ll_rcc.h **** #define LL_RCC_LSEDRIVE_MEDIUMLOW          RCC_BDCR_LSEDRV_0       /*!< Xtal mode medium low drivin
 217:Drivers/STM32WBxx_HAL_Driver/Inc/stm32wbxx_ll_rcc.h **** #define LL_RCC_LSEDRIVE_MEDIUMHIGH         RCC_BDCR_LSEDRV_1       /*!< Xtal mode medium high drivi
ARM GAS  /tmp/cciSPV86.s 			page 35


 218:Drivers/STM32WBxx_HAL_Driver/Inc/stm32wbxx_ll_rcc.h **** #define LL_RCC_LSEDRIVE_HIGH               RCC_BDCR_LSEDRV         /*!< Xtal mode higher driving ca
 219:Drivers/STM32WBxx_HAL_Driver/Inc/stm32wbxx_ll_rcc.h **** /**
 220:Drivers/STM32WBxx_HAL_Driver/Inc/stm32wbxx_ll_rcc.h ****   * @}
 221:Drivers/STM32WBxx_HAL_Driver/Inc/stm32wbxx_ll_rcc.h ****   */
 222:Drivers/STM32WBxx_HAL_Driver/Inc/stm32wbxx_ll_rcc.h **** 
 223:Drivers/STM32WBxx_HAL_Driver/Inc/stm32wbxx_ll_rcc.h **** /** @defgroup RCC_LL_EC_MSIRANGE  MSI clock ranges
 224:Drivers/STM32WBxx_HAL_Driver/Inc/stm32wbxx_ll_rcc.h ****   * @{
 225:Drivers/STM32WBxx_HAL_Driver/Inc/stm32wbxx_ll_rcc.h ****   */
 226:Drivers/STM32WBxx_HAL_Driver/Inc/stm32wbxx_ll_rcc.h **** #define LL_RCC_MSIRANGE_0                  RCC_CR_MSIRANGE_0  /*!< MSI = 100 KHz  */
 227:Drivers/STM32WBxx_HAL_Driver/Inc/stm32wbxx_ll_rcc.h **** #define LL_RCC_MSIRANGE_1                  RCC_CR_MSIRANGE_1  /*!< MSI = 200 KHz  */
 228:Drivers/STM32WBxx_HAL_Driver/Inc/stm32wbxx_ll_rcc.h **** #define LL_RCC_MSIRANGE_2                  RCC_CR_MSIRANGE_2  /*!< MSI = 400 KHz  */
 229:Drivers/STM32WBxx_HAL_Driver/Inc/stm32wbxx_ll_rcc.h **** #define LL_RCC_MSIRANGE_3                  RCC_CR_MSIRANGE_3  /*!< MSI = 800 KHz  */
 230:Drivers/STM32WBxx_HAL_Driver/Inc/stm32wbxx_ll_rcc.h **** #define LL_RCC_MSIRANGE_4                  RCC_CR_MSIRANGE_4  /*!< MSI = 1 MHz    */
 231:Drivers/STM32WBxx_HAL_Driver/Inc/stm32wbxx_ll_rcc.h **** #define LL_RCC_MSIRANGE_5                  RCC_CR_MSIRANGE_5  /*!< MSI = 2 MHz    */
 232:Drivers/STM32WBxx_HAL_Driver/Inc/stm32wbxx_ll_rcc.h **** #define LL_RCC_MSIRANGE_6                  RCC_CR_MSIRANGE_6  /*!< MSI = 4 MHz    */
 233:Drivers/STM32WBxx_HAL_Driver/Inc/stm32wbxx_ll_rcc.h **** #define LL_RCC_MSIRANGE_7                  RCC_CR_MSIRANGE_7  /*!< MSI = 8 MHz    */
 234:Drivers/STM32WBxx_HAL_Driver/Inc/stm32wbxx_ll_rcc.h **** #define LL_RCC_MSIRANGE_8                  RCC_CR_MSIRANGE_8  /*!< MSI = 16 MHz   */
 235:Drivers/STM32WBxx_HAL_Driver/Inc/stm32wbxx_ll_rcc.h **** #define LL_RCC_MSIRANGE_9                  RCC_CR_MSIRANGE_9  /*!< MSI = 24 MHz   */
 236:Drivers/STM32WBxx_HAL_Driver/Inc/stm32wbxx_ll_rcc.h **** #define LL_RCC_MSIRANGE_10                 RCC_CR_MSIRANGE_10 /*!< MSI = 32 MHz   */
 237:Drivers/STM32WBxx_HAL_Driver/Inc/stm32wbxx_ll_rcc.h **** #define LL_RCC_MSIRANGE_11                 RCC_CR_MSIRANGE_11 /*!< MSI = 48 MHz   */
 238:Drivers/STM32WBxx_HAL_Driver/Inc/stm32wbxx_ll_rcc.h **** /**
 239:Drivers/STM32WBxx_HAL_Driver/Inc/stm32wbxx_ll_rcc.h ****   * @}
 240:Drivers/STM32WBxx_HAL_Driver/Inc/stm32wbxx_ll_rcc.h ****   */
 241:Drivers/STM32WBxx_HAL_Driver/Inc/stm32wbxx_ll_rcc.h **** 
 242:Drivers/STM32WBxx_HAL_Driver/Inc/stm32wbxx_ll_rcc.h **** 
 243:Drivers/STM32WBxx_HAL_Driver/Inc/stm32wbxx_ll_rcc.h **** /** @defgroup RCC_LL_EC_HSE_CURRENT_CONTROL  HSE current control max limits
 244:Drivers/STM32WBxx_HAL_Driver/Inc/stm32wbxx_ll_rcc.h ****   * @{
 245:Drivers/STM32WBxx_HAL_Driver/Inc/stm32wbxx_ll_rcc.h ****   */
 246:Drivers/STM32WBxx_HAL_Driver/Inc/stm32wbxx_ll_rcc.h **** #define LL_RCC_HSE_CURRENTMAX_0            0x000000000U                                            
 247:Drivers/STM32WBxx_HAL_Driver/Inc/stm32wbxx_ll_rcc.h **** #define LL_RCC_HSE_CURRENTMAX_1            RCC_HSECR_HSEGMC0                                       
 248:Drivers/STM32WBxx_HAL_Driver/Inc/stm32wbxx_ll_rcc.h **** #define LL_RCC_HSE_CURRENTMAX_2            RCC_HSECR_HSEGMC1                                       
 249:Drivers/STM32WBxx_HAL_Driver/Inc/stm32wbxx_ll_rcc.h **** #define LL_RCC_HSE_CURRENTMAX_3            (RCC_HSECR_HSEGMC1|RCC_HSECR_HSEGMC0)                   
 250:Drivers/STM32WBxx_HAL_Driver/Inc/stm32wbxx_ll_rcc.h **** #define LL_RCC_HSE_CURRENTMAX_4            RCC_HSECR_HSEGMC2                                       
 251:Drivers/STM32WBxx_HAL_Driver/Inc/stm32wbxx_ll_rcc.h **** #define LL_RCC_HSE_CURRENTMAX_5            (RCC_HSECR_HSEGMC2|RCC_HSECR_HSEGMC0)                   
 252:Drivers/STM32WBxx_HAL_Driver/Inc/stm32wbxx_ll_rcc.h **** #define LL_RCC_HSE_CURRENTMAX_6            (RCC_HSECR_HSEGMC2|RCC_HSECR_HSEGMC1)                   
 253:Drivers/STM32WBxx_HAL_Driver/Inc/stm32wbxx_ll_rcc.h **** #define LL_RCC_HSE_CURRENTMAX_7            (RCC_HSECR_HSEGMC2|RCC_HSECR_HSEGMC1|RCC_HSECR_HSEGMC0) 
 254:Drivers/STM32WBxx_HAL_Driver/Inc/stm32wbxx_ll_rcc.h **** /**
 255:Drivers/STM32WBxx_HAL_Driver/Inc/stm32wbxx_ll_rcc.h ****   * @}
 256:Drivers/STM32WBxx_HAL_Driver/Inc/stm32wbxx_ll_rcc.h ****   */
 257:Drivers/STM32WBxx_HAL_Driver/Inc/stm32wbxx_ll_rcc.h **** 
 258:Drivers/STM32WBxx_HAL_Driver/Inc/stm32wbxx_ll_rcc.h **** /** @defgroup RCC_LL_EC_HSE_SENSE_AMPLIFIER  HSE sense amplifier threshold
 259:Drivers/STM32WBxx_HAL_Driver/Inc/stm32wbxx_ll_rcc.h ****   * @{
 260:Drivers/STM32WBxx_HAL_Driver/Inc/stm32wbxx_ll_rcc.h ****   */
 261:Drivers/STM32WBxx_HAL_Driver/Inc/stm32wbxx_ll_rcc.h **** #define LL_RCC_HSEAMPTHRESHOLD_1_2         (0x000000000U)        /*!< HSE sense amplifier bias curr
 262:Drivers/STM32WBxx_HAL_Driver/Inc/stm32wbxx_ll_rcc.h **** #define LL_RCC_HSEAMPTHRESHOLD_3_4         RCC_HSECR_HSES        /*!< HSE sense amplifier bias curr
 263:Drivers/STM32WBxx_HAL_Driver/Inc/stm32wbxx_ll_rcc.h **** /**
 264:Drivers/STM32WBxx_HAL_Driver/Inc/stm32wbxx_ll_rcc.h ****   * @}
 265:Drivers/STM32WBxx_HAL_Driver/Inc/stm32wbxx_ll_rcc.h ****   */
 266:Drivers/STM32WBxx_HAL_Driver/Inc/stm32wbxx_ll_rcc.h **** 
 267:Drivers/STM32WBxx_HAL_Driver/Inc/stm32wbxx_ll_rcc.h **** /** @defgroup RCC_LL_EC_LSCO_CLKSOURCE  LSCO Selection
 268:Drivers/STM32WBxx_HAL_Driver/Inc/stm32wbxx_ll_rcc.h ****   * @{
 269:Drivers/STM32WBxx_HAL_Driver/Inc/stm32wbxx_ll_rcc.h ****   */
 270:Drivers/STM32WBxx_HAL_Driver/Inc/stm32wbxx_ll_rcc.h **** #define LL_RCC_LSCO_CLKSOURCE_LSI          0x00000000U           /*!< LSI selection for low speed c
 271:Drivers/STM32WBxx_HAL_Driver/Inc/stm32wbxx_ll_rcc.h **** #define LL_RCC_LSCO_CLKSOURCE_LSE          RCC_BDCR_LSCOSEL      /*!< LSE selection for low speed c
 272:Drivers/STM32WBxx_HAL_Driver/Inc/stm32wbxx_ll_rcc.h **** /**
 273:Drivers/STM32WBxx_HAL_Driver/Inc/stm32wbxx_ll_rcc.h ****   * @}
 274:Drivers/STM32WBxx_HAL_Driver/Inc/stm32wbxx_ll_rcc.h ****   */
ARM GAS  /tmp/cciSPV86.s 			page 36


 275:Drivers/STM32WBxx_HAL_Driver/Inc/stm32wbxx_ll_rcc.h **** 
 276:Drivers/STM32WBxx_HAL_Driver/Inc/stm32wbxx_ll_rcc.h **** /** @defgroup RCC_LL_EC_SYS_CLKSOURCE  System clock switch
 277:Drivers/STM32WBxx_HAL_Driver/Inc/stm32wbxx_ll_rcc.h ****   * @{
 278:Drivers/STM32WBxx_HAL_Driver/Inc/stm32wbxx_ll_rcc.h ****   */
 279:Drivers/STM32WBxx_HAL_Driver/Inc/stm32wbxx_ll_rcc.h **** #define LL_RCC_SYS_CLKSOURCE_MSI           0x00000000U                       /*!< MSI selection as 
 280:Drivers/STM32WBxx_HAL_Driver/Inc/stm32wbxx_ll_rcc.h **** #define LL_RCC_SYS_CLKSOURCE_HSI           RCC_CFGR_SW_0                     /*!< HSI selection as 
 281:Drivers/STM32WBxx_HAL_Driver/Inc/stm32wbxx_ll_rcc.h **** #define LL_RCC_SYS_CLKSOURCE_HSE           RCC_CFGR_SW_1                     /*!< HSE selection as 
 282:Drivers/STM32WBxx_HAL_Driver/Inc/stm32wbxx_ll_rcc.h **** #define LL_RCC_SYS_CLKSOURCE_PLL           (RCC_CFGR_SW_1 | RCC_CFGR_SW_0)   /*!< PLL selection as 
 283:Drivers/STM32WBxx_HAL_Driver/Inc/stm32wbxx_ll_rcc.h **** /**
 284:Drivers/STM32WBxx_HAL_Driver/Inc/stm32wbxx_ll_rcc.h ****   * @}
 285:Drivers/STM32WBxx_HAL_Driver/Inc/stm32wbxx_ll_rcc.h ****   */
 286:Drivers/STM32WBxx_HAL_Driver/Inc/stm32wbxx_ll_rcc.h **** 
 287:Drivers/STM32WBxx_HAL_Driver/Inc/stm32wbxx_ll_rcc.h **** /** @defgroup RCC_LL_EC_SYS_CLKSOURCE_STATUS  System clock switch status
 288:Drivers/STM32WBxx_HAL_Driver/Inc/stm32wbxx_ll_rcc.h ****   * @{
 289:Drivers/STM32WBxx_HAL_Driver/Inc/stm32wbxx_ll_rcc.h ****   */
 290:Drivers/STM32WBxx_HAL_Driver/Inc/stm32wbxx_ll_rcc.h **** #define LL_RCC_SYS_CLKSOURCE_STATUS_MSI    0x00000000U                       /*!< MSI used as syste
 291:Drivers/STM32WBxx_HAL_Driver/Inc/stm32wbxx_ll_rcc.h **** #define LL_RCC_SYS_CLKSOURCE_STATUS_HSI    RCC_CFGR_SWS_0                    /*!< HSI used as syste
 292:Drivers/STM32WBxx_HAL_Driver/Inc/stm32wbxx_ll_rcc.h **** #define LL_RCC_SYS_CLKSOURCE_STATUS_HSE    RCC_CFGR_SWS_1                    /*!< HSE used as syste
 293:Drivers/STM32WBxx_HAL_Driver/Inc/stm32wbxx_ll_rcc.h **** #define LL_RCC_SYS_CLKSOURCE_STATUS_PLL    (RCC_CFGR_SWS_1 | RCC_CFGR_SWS_0) /*!< PLL used as syste
 294:Drivers/STM32WBxx_HAL_Driver/Inc/stm32wbxx_ll_rcc.h **** /**
 295:Drivers/STM32WBxx_HAL_Driver/Inc/stm32wbxx_ll_rcc.h ****   * @}
 296:Drivers/STM32WBxx_HAL_Driver/Inc/stm32wbxx_ll_rcc.h ****   */
 297:Drivers/STM32WBxx_HAL_Driver/Inc/stm32wbxx_ll_rcc.h **** 
 298:Drivers/STM32WBxx_HAL_Driver/Inc/stm32wbxx_ll_rcc.h **** /** @defgroup RCC_LL_EC_RF_CLKSOURCE_STATUS  RF system clock switch status
 299:Drivers/STM32WBxx_HAL_Driver/Inc/stm32wbxx_ll_rcc.h ****   * @{
 300:Drivers/STM32WBxx_HAL_Driver/Inc/stm32wbxx_ll_rcc.h ****   */
 301:Drivers/STM32WBxx_HAL_Driver/Inc/stm32wbxx_ll_rcc.h **** #define LL_RCC_RF_CLKSOURCE_HSI            0x00000000U        /*!< HSI used as RF system clock     
 302:Drivers/STM32WBxx_HAL_Driver/Inc/stm32wbxx_ll_rcc.h **** #define LL_RCC_RF_CLKSOURCE_HSE_DIV2       RCC_EXTCFGR_RFCSS  /*!< HSE divided by 2 used as RF syst
 303:Drivers/STM32WBxx_HAL_Driver/Inc/stm32wbxx_ll_rcc.h **** /**
 304:Drivers/STM32WBxx_HAL_Driver/Inc/stm32wbxx_ll_rcc.h ****   * @}
 305:Drivers/STM32WBxx_HAL_Driver/Inc/stm32wbxx_ll_rcc.h ****   */
 306:Drivers/STM32WBxx_HAL_Driver/Inc/stm32wbxx_ll_rcc.h **** 
 307:Drivers/STM32WBxx_HAL_Driver/Inc/stm32wbxx_ll_rcc.h **** /** @defgroup RCC_LL_EC_SYSCLK_DIV  AHB prescaler
 308:Drivers/STM32WBxx_HAL_Driver/Inc/stm32wbxx_ll_rcc.h ****   * @{
 309:Drivers/STM32WBxx_HAL_Driver/Inc/stm32wbxx_ll_rcc.h ****   */
 310:Drivers/STM32WBxx_HAL_Driver/Inc/stm32wbxx_ll_rcc.h **** #define LL_RCC_SYSCLK_DIV_1                0x00000000U                                             
 311:Drivers/STM32WBxx_HAL_Driver/Inc/stm32wbxx_ll_rcc.h **** #define LL_RCC_SYSCLK_DIV_2                RCC_CFGR_HPRE_3                                         
 312:Drivers/STM32WBxx_HAL_Driver/Inc/stm32wbxx_ll_rcc.h **** #define LL_RCC_SYSCLK_DIV_3                RCC_CFGR_HPRE_0                                         
 313:Drivers/STM32WBxx_HAL_Driver/Inc/stm32wbxx_ll_rcc.h **** #define LL_RCC_SYSCLK_DIV_4                (RCC_CFGR_HPRE_3 | RCC_CFGR_HPRE_0)                     
 314:Drivers/STM32WBxx_HAL_Driver/Inc/stm32wbxx_ll_rcc.h **** #define LL_RCC_SYSCLK_DIV_5                RCC_CFGR_HPRE_1                                         
 315:Drivers/STM32WBxx_HAL_Driver/Inc/stm32wbxx_ll_rcc.h **** #define LL_RCC_SYSCLK_DIV_6                (RCC_CFGR_HPRE_2 | RCC_CFGR_HPRE_0)                     
 316:Drivers/STM32WBxx_HAL_Driver/Inc/stm32wbxx_ll_rcc.h **** #define LL_RCC_SYSCLK_DIV_8                (RCC_CFGR_HPRE_3 | RCC_CFGR_HPRE_1)                     
 317:Drivers/STM32WBxx_HAL_Driver/Inc/stm32wbxx_ll_rcc.h **** #define LL_RCC_SYSCLK_DIV_10               (RCC_CFGR_HPRE_2 | RCC_CFGR_HPRE_1)                     
 318:Drivers/STM32WBxx_HAL_Driver/Inc/stm32wbxx_ll_rcc.h **** #define LL_RCC_SYSCLK_DIV_16               (RCC_CFGR_HPRE_3 | RCC_CFGR_HPRE_1 | RCC_CFGR_HPRE_0)   
 319:Drivers/STM32WBxx_HAL_Driver/Inc/stm32wbxx_ll_rcc.h **** #define LL_RCC_SYSCLK_DIV_32               (RCC_CFGR_HPRE_2 | RCC_CFGR_HPRE_1 | RCC_CFGR_HPRE_0)   
 320:Drivers/STM32WBxx_HAL_Driver/Inc/stm32wbxx_ll_rcc.h **** #define LL_RCC_SYSCLK_DIV_64               (RCC_CFGR_HPRE_3 | RCC_CFGR_HPRE_2)                     
 321:Drivers/STM32WBxx_HAL_Driver/Inc/stm32wbxx_ll_rcc.h **** #define LL_RCC_SYSCLK_DIV_128              (RCC_CFGR_HPRE_3 | RCC_CFGR_HPRE_2 | RCC_CFGR_HPRE_0)   
 322:Drivers/STM32WBxx_HAL_Driver/Inc/stm32wbxx_ll_rcc.h **** #define LL_RCC_SYSCLK_DIV_256              (RCC_CFGR_HPRE_3 | RCC_CFGR_HPRE_2 | RCC_CFGR_HPRE_1)   
 323:Drivers/STM32WBxx_HAL_Driver/Inc/stm32wbxx_ll_rcc.h **** #define LL_RCC_SYSCLK_DIV_512              (RCC_CFGR_HPRE_3 | RCC_CFGR_HPRE_2 | RCC_CFGR_HPRE_1 | R
 324:Drivers/STM32WBxx_HAL_Driver/Inc/stm32wbxx_ll_rcc.h **** /**
 325:Drivers/STM32WBxx_HAL_Driver/Inc/stm32wbxx_ll_rcc.h ****   * @}
 326:Drivers/STM32WBxx_HAL_Driver/Inc/stm32wbxx_ll_rcc.h ****   */
 327:Drivers/STM32WBxx_HAL_Driver/Inc/stm32wbxx_ll_rcc.h **** 
 328:Drivers/STM32WBxx_HAL_Driver/Inc/stm32wbxx_ll_rcc.h **** /** @defgroup RCC_LL_EC_APB1_DIV  APB low-speed prescaler (APB1)
 329:Drivers/STM32WBxx_HAL_Driver/Inc/stm32wbxx_ll_rcc.h ****   * @{
 330:Drivers/STM32WBxx_HAL_Driver/Inc/stm32wbxx_ll_rcc.h ****   */
 331:Drivers/STM32WBxx_HAL_Driver/Inc/stm32wbxx_ll_rcc.h **** #define LL_RCC_APB1_DIV_1                  0x00000000U                                             
ARM GAS  /tmp/cciSPV86.s 			page 37


 332:Drivers/STM32WBxx_HAL_Driver/Inc/stm32wbxx_ll_rcc.h **** #define LL_RCC_APB1_DIV_2                  RCC_CFGR_PPRE1_2                                        
 333:Drivers/STM32WBxx_HAL_Driver/Inc/stm32wbxx_ll_rcc.h **** #define LL_RCC_APB1_DIV_4                  (RCC_CFGR_PPRE1_2 | RCC_CFGR_PPRE1_0)                   
 334:Drivers/STM32WBxx_HAL_Driver/Inc/stm32wbxx_ll_rcc.h **** #define LL_RCC_APB1_DIV_8                  (RCC_CFGR_PPRE1_2 | RCC_CFGR_PPRE1_1)                   
 335:Drivers/STM32WBxx_HAL_Driver/Inc/stm32wbxx_ll_rcc.h **** #define LL_RCC_APB1_DIV_16                 (RCC_CFGR_PPRE1_2 | RCC_CFGR_PPRE1_1 | RCC_CFGR_PPRE1_0)
 336:Drivers/STM32WBxx_HAL_Driver/Inc/stm32wbxx_ll_rcc.h **** /**
 337:Drivers/STM32WBxx_HAL_Driver/Inc/stm32wbxx_ll_rcc.h ****   * @}
 338:Drivers/STM32WBxx_HAL_Driver/Inc/stm32wbxx_ll_rcc.h ****   */
 339:Drivers/STM32WBxx_HAL_Driver/Inc/stm32wbxx_ll_rcc.h **** 
 340:Drivers/STM32WBxx_HAL_Driver/Inc/stm32wbxx_ll_rcc.h **** /** @defgroup RCC_LL_EC_APB2_DIV  APB high-speed prescaler (APB2)
 341:Drivers/STM32WBxx_HAL_Driver/Inc/stm32wbxx_ll_rcc.h ****   * @{
 342:Drivers/STM32WBxx_HAL_Driver/Inc/stm32wbxx_ll_rcc.h ****   */
 343:Drivers/STM32WBxx_HAL_Driver/Inc/stm32wbxx_ll_rcc.h **** #define LL_RCC_APB2_DIV_1                  0x00000000U                                             
 344:Drivers/STM32WBxx_HAL_Driver/Inc/stm32wbxx_ll_rcc.h **** #define LL_RCC_APB2_DIV_2                  RCC_CFGR_PPRE2_2                                        
 345:Drivers/STM32WBxx_HAL_Driver/Inc/stm32wbxx_ll_rcc.h **** #define LL_RCC_APB2_DIV_4                  (RCC_CFGR_PPRE2_2 | RCC_CFGR_PPRE2_0)                   
 346:Drivers/STM32WBxx_HAL_Driver/Inc/stm32wbxx_ll_rcc.h **** #define LL_RCC_APB2_DIV_8                  (RCC_CFGR_PPRE2_2 | RCC_CFGR_PPRE2_1)                   
 347:Drivers/STM32WBxx_HAL_Driver/Inc/stm32wbxx_ll_rcc.h **** #define LL_RCC_APB2_DIV_16                 (RCC_CFGR_PPRE2_2 | RCC_CFGR_PPRE2_1 | RCC_CFGR_PPRE2_0)
 348:Drivers/STM32WBxx_HAL_Driver/Inc/stm32wbxx_ll_rcc.h **** /**
 349:Drivers/STM32WBxx_HAL_Driver/Inc/stm32wbxx_ll_rcc.h ****   * @}
 350:Drivers/STM32WBxx_HAL_Driver/Inc/stm32wbxx_ll_rcc.h ****   */
 351:Drivers/STM32WBxx_HAL_Driver/Inc/stm32wbxx_ll_rcc.h **** 
 352:Drivers/STM32WBxx_HAL_Driver/Inc/stm32wbxx_ll_rcc.h **** /** @defgroup RCC_LL_EC_STOP_WAKEUPCLOCK  Wakeup from Stop and CSS backup clock selection
 353:Drivers/STM32WBxx_HAL_Driver/Inc/stm32wbxx_ll_rcc.h ****   * @{
 354:Drivers/STM32WBxx_HAL_Driver/Inc/stm32wbxx_ll_rcc.h ****   */
 355:Drivers/STM32WBxx_HAL_Driver/Inc/stm32wbxx_ll_rcc.h **** #define LL_RCC_STOP_WAKEUPCLOCK_MSI        0x00000000U             /*!< MSI selection after wake-up
 356:Drivers/STM32WBxx_HAL_Driver/Inc/stm32wbxx_ll_rcc.h **** #define LL_RCC_STOP_WAKEUPCLOCK_HSI        RCC_CFGR_STOPWUCK       /*!< HSI selection after wake-up
 357:Drivers/STM32WBxx_HAL_Driver/Inc/stm32wbxx_ll_rcc.h **** /**
 358:Drivers/STM32WBxx_HAL_Driver/Inc/stm32wbxx_ll_rcc.h ****   * @}
 359:Drivers/STM32WBxx_HAL_Driver/Inc/stm32wbxx_ll_rcc.h ****   */
 360:Drivers/STM32WBxx_HAL_Driver/Inc/stm32wbxx_ll_rcc.h **** 
 361:Drivers/STM32WBxx_HAL_Driver/Inc/stm32wbxx_ll_rcc.h **** /** @defgroup RCC_LL_EC_MCO1SOURCE  MCO1 SOURCE selection
 362:Drivers/STM32WBxx_HAL_Driver/Inc/stm32wbxx_ll_rcc.h ****   * @{
 363:Drivers/STM32WBxx_HAL_Driver/Inc/stm32wbxx_ll_rcc.h ****   */
 364:Drivers/STM32WBxx_HAL_Driver/Inc/stm32wbxx_ll_rcc.h **** #define LL_RCC_MCO1SOURCE_NOCLOCK          0x00000000U                                   /*!< MCO o
 365:Drivers/STM32WBxx_HAL_Driver/Inc/stm32wbxx_ll_rcc.h **** #define LL_RCC_MCO1SOURCE_SYSCLK           RCC_CFGR_MCOSEL_0                             /*!< SYSCL
 366:Drivers/STM32WBxx_HAL_Driver/Inc/stm32wbxx_ll_rcc.h **** #define LL_RCC_MCO1SOURCE_MSI              RCC_CFGR_MCOSEL_1                             /*!< MSI s
 367:Drivers/STM32WBxx_HAL_Driver/Inc/stm32wbxx_ll_rcc.h **** #define LL_RCC_MCO1SOURCE_HSI              (RCC_CFGR_MCOSEL_0| RCC_CFGR_MCOSEL_1)        /*!< HSI s
 368:Drivers/STM32WBxx_HAL_Driver/Inc/stm32wbxx_ll_rcc.h **** #define LL_RCC_MCO1SOURCE_HSE              RCC_CFGR_MCOSEL_2                             /*!< HSE a
 369:Drivers/STM32WBxx_HAL_Driver/Inc/stm32wbxx_ll_rcc.h **** #define LL_RCC_MCO1SOURCE_PLLCLK           (RCC_CFGR_MCOSEL_0|RCC_CFGR_MCOSEL_2)         /*!< Main 
 370:Drivers/STM32WBxx_HAL_Driver/Inc/stm32wbxx_ll_rcc.h **** #define LL_RCC_MCO1SOURCE_LSI1             (RCC_CFGR_MCOSEL_1|RCC_CFGR_MCOSEL_2)         /*!< LSI1 
 371:Drivers/STM32WBxx_HAL_Driver/Inc/stm32wbxx_ll_rcc.h **** #define LL_RCC_MCO1SOURCE_LSI2             (RCC_CFGR_MCOSEL_0|RCC_CFGR_MCOSEL_1|RCC_CFGR_MCOSEL_2) 
 372:Drivers/STM32WBxx_HAL_Driver/Inc/stm32wbxx_ll_rcc.h **** #define LL_RCC_MCO1SOURCE_LSE              RCC_CFGR_MCOSEL_3                             /*!< LSE s
 373:Drivers/STM32WBxx_HAL_Driver/Inc/stm32wbxx_ll_rcc.h **** #if defined(RCC_HSI48_SUPPORT)
 374:Drivers/STM32WBxx_HAL_Driver/Inc/stm32wbxx_ll_rcc.h **** #define LL_RCC_MCO1SOURCE_HSI48            (RCC_CFGR_MCOSEL_0|RCC_CFGR_MCOSEL_3)         /*!< HSI48
 375:Drivers/STM32WBxx_HAL_Driver/Inc/stm32wbxx_ll_rcc.h **** #endif /* RCC_HSI48_SUPPORT */
 376:Drivers/STM32WBxx_HAL_Driver/Inc/stm32wbxx_ll_rcc.h **** #define LL_RCC_MCO1SOURCE_HSE_BEFORE_STAB  (RCC_CFGR_MCOSEL_2|RCC_CFGR_MCOSEL_3)         /*!< HSE b
 377:Drivers/STM32WBxx_HAL_Driver/Inc/stm32wbxx_ll_rcc.h **** /**
 378:Drivers/STM32WBxx_HAL_Driver/Inc/stm32wbxx_ll_rcc.h ****   * @}
 379:Drivers/STM32WBxx_HAL_Driver/Inc/stm32wbxx_ll_rcc.h ****   */
 380:Drivers/STM32WBxx_HAL_Driver/Inc/stm32wbxx_ll_rcc.h **** 
 381:Drivers/STM32WBxx_HAL_Driver/Inc/stm32wbxx_ll_rcc.h **** /** @defgroup RCC_LL_EC_MCO1_DIV  MCO1 prescaler
 382:Drivers/STM32WBxx_HAL_Driver/Inc/stm32wbxx_ll_rcc.h ****   * @{
 383:Drivers/STM32WBxx_HAL_Driver/Inc/stm32wbxx_ll_rcc.h ****   */
 384:Drivers/STM32WBxx_HAL_Driver/Inc/stm32wbxx_ll_rcc.h **** #define LL_RCC_MCO1_DIV_1                  0x00000000U                               /*!< MCO not d
 385:Drivers/STM32WBxx_HAL_Driver/Inc/stm32wbxx_ll_rcc.h **** #define LL_RCC_MCO1_DIV_2                  RCC_CFGR_MCOPRE_0                         /*!< MCO divid
 386:Drivers/STM32WBxx_HAL_Driver/Inc/stm32wbxx_ll_rcc.h **** #define LL_RCC_MCO1_DIV_4                  RCC_CFGR_MCOPRE_1                         /*!< MCO divid
 387:Drivers/STM32WBxx_HAL_Driver/Inc/stm32wbxx_ll_rcc.h **** #define LL_RCC_MCO1_DIV_8                  (RCC_CFGR_MCOPRE_1 | RCC_CFGR_MCOPRE_0)   /*!< MCO divid
 388:Drivers/STM32WBxx_HAL_Driver/Inc/stm32wbxx_ll_rcc.h **** #define LL_RCC_MCO1_DIV_16                 RCC_CFGR_MCOPRE_2                         /*!< MCO divid
ARM GAS  /tmp/cciSPV86.s 			page 38


 389:Drivers/STM32WBxx_HAL_Driver/Inc/stm32wbxx_ll_rcc.h **** /**
 390:Drivers/STM32WBxx_HAL_Driver/Inc/stm32wbxx_ll_rcc.h ****   * @}
 391:Drivers/STM32WBxx_HAL_Driver/Inc/stm32wbxx_ll_rcc.h ****   */
 392:Drivers/STM32WBxx_HAL_Driver/Inc/stm32wbxx_ll_rcc.h **** 
 393:Drivers/STM32WBxx_HAL_Driver/Inc/stm32wbxx_ll_rcc.h **** #if defined(RCC_SMPS_SUPPORT)
 394:Drivers/STM32WBxx_HAL_Driver/Inc/stm32wbxx_ll_rcc.h **** /** @defgroup RCC_LL_EC_SMPS_CLKSOURCE  SMPS clock switch
 395:Drivers/STM32WBxx_HAL_Driver/Inc/stm32wbxx_ll_rcc.h ****   * @{
 396:Drivers/STM32WBxx_HAL_Driver/Inc/stm32wbxx_ll_rcc.h ****   */
 397:Drivers/STM32WBxx_HAL_Driver/Inc/stm32wbxx_ll_rcc.h **** #define LL_RCC_SMPS_CLKSOURCE_HSI           0x00000000U             /*!< HSI selection as SMPS cloc
 398:Drivers/STM32WBxx_HAL_Driver/Inc/stm32wbxx_ll_rcc.h **** #define LL_RCC_SMPS_CLKSOURCE_MSI           RCC_SMPSCR_SMPSSEL_0    /*!< MSI selection as SMPS cloc
 399:Drivers/STM32WBxx_HAL_Driver/Inc/stm32wbxx_ll_rcc.h **** #define LL_RCC_SMPS_CLKSOURCE_HSE           RCC_SMPSCR_SMPSSEL_1    /*!< HSE selection as SMPS cloc
 400:Drivers/STM32WBxx_HAL_Driver/Inc/stm32wbxx_ll_rcc.h **** /**
 401:Drivers/STM32WBxx_HAL_Driver/Inc/stm32wbxx_ll_rcc.h ****   * @}
 402:Drivers/STM32WBxx_HAL_Driver/Inc/stm32wbxx_ll_rcc.h ****   */
 403:Drivers/STM32WBxx_HAL_Driver/Inc/stm32wbxx_ll_rcc.h **** 
 404:Drivers/STM32WBxx_HAL_Driver/Inc/stm32wbxx_ll_rcc.h **** /** @defgroup RCC_LL_EC_SMPS_CLKSOURCE_STATUS  SMPS clock switch status
 405:Drivers/STM32WBxx_HAL_Driver/Inc/stm32wbxx_ll_rcc.h ****   * @{
 406:Drivers/STM32WBxx_HAL_Driver/Inc/stm32wbxx_ll_rcc.h ****   */
 407:Drivers/STM32WBxx_HAL_Driver/Inc/stm32wbxx_ll_rcc.h **** #define LL_RCC_SMPS_CLKSOURCE_STATUS_HSI       0x00000000U                                   /*!< H
 408:Drivers/STM32WBxx_HAL_Driver/Inc/stm32wbxx_ll_rcc.h **** #define LL_RCC_SMPS_CLKSOURCE_STATUS_MSI       RCC_SMPSCR_SMPSSWS_0                          /*!< M
 409:Drivers/STM32WBxx_HAL_Driver/Inc/stm32wbxx_ll_rcc.h **** #define LL_RCC_SMPS_CLKSOURCE_STATUS_HSE       RCC_SMPSCR_SMPSSWS_1                          /*!< H
 410:Drivers/STM32WBxx_HAL_Driver/Inc/stm32wbxx_ll_rcc.h **** #define LL_RCC_SMPS_CLKSOURCE_STATUS_NO_CLOCK  (RCC_SMPSCR_SMPSSWS_0|RCC_SMPSCR_SMPSSWS_1)   /*!< N
 411:Drivers/STM32WBxx_HAL_Driver/Inc/stm32wbxx_ll_rcc.h **** /**
 412:Drivers/STM32WBxx_HAL_Driver/Inc/stm32wbxx_ll_rcc.h ****   * @}
 413:Drivers/STM32WBxx_HAL_Driver/Inc/stm32wbxx_ll_rcc.h ****   */
 414:Drivers/STM32WBxx_HAL_Driver/Inc/stm32wbxx_ll_rcc.h **** 
 415:Drivers/STM32WBxx_HAL_Driver/Inc/stm32wbxx_ll_rcc.h **** /** @defgroup RCC_LL_EC_SMPS_DIV  SMPS prescaler
 416:Drivers/STM32WBxx_HAL_Driver/Inc/stm32wbxx_ll_rcc.h ****     * @{
 417:Drivers/STM32WBxx_HAL_Driver/Inc/stm32wbxx_ll_rcc.h ****     */
 418:Drivers/STM32WBxx_HAL_Driver/Inc/stm32wbxx_ll_rcc.h **** #define LL_RCC_SMPS_DIV_0                  (0x00000000U)                                     /*!< S
 419:Drivers/STM32WBxx_HAL_Driver/Inc/stm32wbxx_ll_rcc.h **** #define LL_RCC_SMPS_DIV_1                  RCC_SMPSCR_SMPSDIV_0                              /*!< S
 420:Drivers/STM32WBxx_HAL_Driver/Inc/stm32wbxx_ll_rcc.h **** #define LL_RCC_SMPS_DIV_2                  RCC_SMPSCR_SMPSDIV_1                              /*!< S
 421:Drivers/STM32WBxx_HAL_Driver/Inc/stm32wbxx_ll_rcc.h **** #define LL_RCC_SMPS_DIV_3                  (RCC_SMPSCR_SMPSDIV_0|RCC_SMPSCR_SMPSDIV_1)       /*!< S
 422:Drivers/STM32WBxx_HAL_Driver/Inc/stm32wbxx_ll_rcc.h **** /**
 423:Drivers/STM32WBxx_HAL_Driver/Inc/stm32wbxx_ll_rcc.h ****     * @}
 424:Drivers/STM32WBxx_HAL_Driver/Inc/stm32wbxx_ll_rcc.h ****     */
 425:Drivers/STM32WBxx_HAL_Driver/Inc/stm32wbxx_ll_rcc.h **** #endif /* RCC_SMPS_SUPPORT */
 426:Drivers/STM32WBxx_HAL_Driver/Inc/stm32wbxx_ll_rcc.h **** 
 427:Drivers/STM32WBxx_HAL_Driver/Inc/stm32wbxx_ll_rcc.h **** #if defined(USE_FULL_LL_DRIVER)
 428:Drivers/STM32WBxx_HAL_Driver/Inc/stm32wbxx_ll_rcc.h **** /** @defgroup RCC_LL_EC_PERIPH_FREQUENCY Peripheral clock frequency
 429:Drivers/STM32WBxx_HAL_Driver/Inc/stm32wbxx_ll_rcc.h ****   * @{
 430:Drivers/STM32WBxx_HAL_Driver/Inc/stm32wbxx_ll_rcc.h ****   */
 431:Drivers/STM32WBxx_HAL_Driver/Inc/stm32wbxx_ll_rcc.h **** #define LL_RCC_PERIPH_FREQUENCY_NO         0x00000000U                 /*!< No clock enabled for th
 432:Drivers/STM32WBxx_HAL_Driver/Inc/stm32wbxx_ll_rcc.h **** #define LL_RCC_PERIPH_FREQUENCY_NA         0xFFFFFFFFU                 /*!< Frequency cannot be pro
 433:Drivers/STM32WBxx_HAL_Driver/Inc/stm32wbxx_ll_rcc.h **** /**
 434:Drivers/STM32WBxx_HAL_Driver/Inc/stm32wbxx_ll_rcc.h ****   * @}
 435:Drivers/STM32WBxx_HAL_Driver/Inc/stm32wbxx_ll_rcc.h ****   */
 436:Drivers/STM32WBxx_HAL_Driver/Inc/stm32wbxx_ll_rcc.h **** #endif /* USE_FULL_LL_DRIVER */
 437:Drivers/STM32WBxx_HAL_Driver/Inc/stm32wbxx_ll_rcc.h **** 
 438:Drivers/STM32WBxx_HAL_Driver/Inc/stm32wbxx_ll_rcc.h **** /** @defgroup RCC_LL_EC_USART1_CLKSOURCE USART1 CLKSOURCE
 439:Drivers/STM32WBxx_HAL_Driver/Inc/stm32wbxx_ll_rcc.h ****   * @{
 440:Drivers/STM32WBxx_HAL_Driver/Inc/stm32wbxx_ll_rcc.h ****   */
 441:Drivers/STM32WBxx_HAL_Driver/Inc/stm32wbxx_ll_rcc.h **** #define LL_RCC_USART1_CLKSOURCE_PCLK2      0x00000000U                /*!< PCLK2 selected as USART1
 442:Drivers/STM32WBxx_HAL_Driver/Inc/stm32wbxx_ll_rcc.h **** #define LL_RCC_USART1_CLKSOURCE_SYSCLK     RCC_CCIPR_USART1SEL_0      /*!< SYSCLK selected as USART
 443:Drivers/STM32WBxx_HAL_Driver/Inc/stm32wbxx_ll_rcc.h **** #define LL_RCC_USART1_CLKSOURCE_HSI        RCC_CCIPR_USART1SEL_1      /*!< HSI selected as USART1 c
 444:Drivers/STM32WBxx_HAL_Driver/Inc/stm32wbxx_ll_rcc.h **** #define LL_RCC_USART1_CLKSOURCE_LSE        RCC_CCIPR_USART1SEL        /*!< LSE selected as USART1 c
 445:Drivers/STM32WBxx_HAL_Driver/Inc/stm32wbxx_ll_rcc.h **** /**
ARM GAS  /tmp/cciSPV86.s 			page 39


 446:Drivers/STM32WBxx_HAL_Driver/Inc/stm32wbxx_ll_rcc.h ****   * @}
 447:Drivers/STM32WBxx_HAL_Driver/Inc/stm32wbxx_ll_rcc.h ****   */
 448:Drivers/STM32WBxx_HAL_Driver/Inc/stm32wbxx_ll_rcc.h **** 
 449:Drivers/STM32WBxx_HAL_Driver/Inc/stm32wbxx_ll_rcc.h **** #if defined(LPUART1)
 450:Drivers/STM32WBxx_HAL_Driver/Inc/stm32wbxx_ll_rcc.h **** /** @defgroup RCC_LL_EC_LPUART1_CLKSOURCE LPUART1 CLKSOURCE
 451:Drivers/STM32WBxx_HAL_Driver/Inc/stm32wbxx_ll_rcc.h ****   * @{
 452:Drivers/STM32WBxx_HAL_Driver/Inc/stm32wbxx_ll_rcc.h ****   */
 453:Drivers/STM32WBxx_HAL_Driver/Inc/stm32wbxx_ll_rcc.h **** #define LL_RCC_LPUART1_CLKSOURCE_PCLK1     0x00000000U               /*!< PCLK1 selected as LPUART1
 454:Drivers/STM32WBxx_HAL_Driver/Inc/stm32wbxx_ll_rcc.h **** #define LL_RCC_LPUART1_CLKSOURCE_SYSCLK    RCC_CCIPR_LPUART1SEL_0    /*!< SYCLK selected as LPUART1
 455:Drivers/STM32WBxx_HAL_Driver/Inc/stm32wbxx_ll_rcc.h **** #define LL_RCC_LPUART1_CLKSOURCE_HSI       RCC_CCIPR_LPUART1SEL_1    /*!< HSI selected as LPUART1 c
 456:Drivers/STM32WBxx_HAL_Driver/Inc/stm32wbxx_ll_rcc.h **** #define LL_RCC_LPUART1_CLKSOURCE_LSE       RCC_CCIPR_LPUART1SEL      /*!< LSE selected as LPUART1 c
 457:Drivers/STM32WBxx_HAL_Driver/Inc/stm32wbxx_ll_rcc.h **** /**
 458:Drivers/STM32WBxx_HAL_Driver/Inc/stm32wbxx_ll_rcc.h ****   * @}
 459:Drivers/STM32WBxx_HAL_Driver/Inc/stm32wbxx_ll_rcc.h ****   */
 460:Drivers/STM32WBxx_HAL_Driver/Inc/stm32wbxx_ll_rcc.h **** #endif /* LPUART1 */
 461:Drivers/STM32WBxx_HAL_Driver/Inc/stm32wbxx_ll_rcc.h **** 
 462:Drivers/STM32WBxx_HAL_Driver/Inc/stm32wbxx_ll_rcc.h **** /** @defgroup RCC_LL_EC_I2Cx_CLKSOURCE I2Cx CLKSOURCE
 463:Drivers/STM32WBxx_HAL_Driver/Inc/stm32wbxx_ll_rcc.h ****   * @{
 464:Drivers/STM32WBxx_HAL_Driver/Inc/stm32wbxx_ll_rcc.h ****   */
 465:Drivers/STM32WBxx_HAL_Driver/Inc/stm32wbxx_ll_rcc.h **** #define LL_RCC_I2C1_CLKSOURCE_PCLK1        (uint32_t)((RCC_CCIPR_I2C1SEL << 4) | (0x00000000U >> 4)
 466:Drivers/STM32WBxx_HAL_Driver/Inc/stm32wbxx_ll_rcc.h **** #define LL_RCC_I2C1_CLKSOURCE_SYSCLK       (uint32_t)((RCC_CCIPR_I2C1SEL << 4) | (RCC_CCIPR_I2C1SEL
 467:Drivers/STM32WBxx_HAL_Driver/Inc/stm32wbxx_ll_rcc.h **** #define LL_RCC_I2C1_CLKSOURCE_HSI          (uint32_t)((RCC_CCIPR_I2C1SEL << 4) | (RCC_CCIPR_I2C1SEL
 468:Drivers/STM32WBxx_HAL_Driver/Inc/stm32wbxx_ll_rcc.h **** #if defined(I2C3)
 469:Drivers/STM32WBxx_HAL_Driver/Inc/stm32wbxx_ll_rcc.h **** #define LL_RCC_I2C3_CLKSOURCE_PCLK1        (uint32_t)((RCC_CCIPR_I2C3SEL << 4) | (0x00000000U >> 4)
 470:Drivers/STM32WBxx_HAL_Driver/Inc/stm32wbxx_ll_rcc.h **** #define LL_RCC_I2C3_CLKSOURCE_SYSCLK       (uint32_t)((RCC_CCIPR_I2C3SEL << 4) | (RCC_CCIPR_I2C3SEL
 471:Drivers/STM32WBxx_HAL_Driver/Inc/stm32wbxx_ll_rcc.h **** #define LL_RCC_I2C3_CLKSOURCE_HSI          (uint32_t)((RCC_CCIPR_I2C3SEL << 4) | (RCC_CCIPR_I2C3SEL
 472:Drivers/STM32WBxx_HAL_Driver/Inc/stm32wbxx_ll_rcc.h **** #endif /* I2C3 */
 473:Drivers/STM32WBxx_HAL_Driver/Inc/stm32wbxx_ll_rcc.h **** /**
 474:Drivers/STM32WBxx_HAL_Driver/Inc/stm32wbxx_ll_rcc.h ****   * @}
 475:Drivers/STM32WBxx_HAL_Driver/Inc/stm32wbxx_ll_rcc.h ****   */
 476:Drivers/STM32WBxx_HAL_Driver/Inc/stm32wbxx_ll_rcc.h **** 
 477:Drivers/STM32WBxx_HAL_Driver/Inc/stm32wbxx_ll_rcc.h **** /** @defgroup RCC_LL_EC_LPTIMx_CLKSOURCE LPTIMx CLKSOURCE
 478:Drivers/STM32WBxx_HAL_Driver/Inc/stm32wbxx_ll_rcc.h ****   * @{
 479:Drivers/STM32WBxx_HAL_Driver/Inc/stm32wbxx_ll_rcc.h ****   */
 480:Drivers/STM32WBxx_HAL_Driver/Inc/stm32wbxx_ll_rcc.h **** #define LL_RCC_LPTIM1_CLKSOURCE_PCLK1      (uint32_t)(RCC_CCIPR_LPTIM1SEL | (0x00000000U >> 16))   
 481:Drivers/STM32WBxx_HAL_Driver/Inc/stm32wbxx_ll_rcc.h **** #define LL_RCC_LPTIM1_CLKSOURCE_LSI        (uint32_t)(RCC_CCIPR_LPTIM1SEL | (RCC_CCIPR_LPTIM1SEL_0 
 482:Drivers/STM32WBxx_HAL_Driver/Inc/stm32wbxx_ll_rcc.h **** #define LL_RCC_LPTIM1_CLKSOURCE_HSI        (uint32_t)(RCC_CCIPR_LPTIM1SEL | (RCC_CCIPR_LPTIM1SEL_1 
 483:Drivers/STM32WBxx_HAL_Driver/Inc/stm32wbxx_ll_rcc.h **** #define LL_RCC_LPTIM1_CLKSOURCE_LSE        (uint32_t)(RCC_CCIPR_LPTIM1SEL | (RCC_CCIPR_LPTIM1SEL >>
 484:Drivers/STM32WBxx_HAL_Driver/Inc/stm32wbxx_ll_rcc.h **** #define LL_RCC_LPTIM2_CLKSOURCE_PCLK1      (uint32_t)(RCC_CCIPR_LPTIM2SEL | (0x00000000U >> 16))   
 485:Drivers/STM32WBxx_HAL_Driver/Inc/stm32wbxx_ll_rcc.h **** #define LL_RCC_LPTIM2_CLKSOURCE_LSI        (uint32_t)(RCC_CCIPR_LPTIM2SEL | (RCC_CCIPR_LPTIM2SEL_0 
 486:Drivers/STM32WBxx_HAL_Driver/Inc/stm32wbxx_ll_rcc.h **** #define LL_RCC_LPTIM2_CLKSOURCE_HSI        (uint32_t)(RCC_CCIPR_LPTIM2SEL | (RCC_CCIPR_LPTIM2SEL_1 
 487:Drivers/STM32WBxx_HAL_Driver/Inc/stm32wbxx_ll_rcc.h **** #define LL_RCC_LPTIM2_CLKSOURCE_LSE        (uint32_t)(RCC_CCIPR_LPTIM2SEL | (RCC_CCIPR_LPTIM2SEL >>
 488:Drivers/STM32WBxx_HAL_Driver/Inc/stm32wbxx_ll_rcc.h **** /**
 489:Drivers/STM32WBxx_HAL_Driver/Inc/stm32wbxx_ll_rcc.h ****   * @}
 490:Drivers/STM32WBxx_HAL_Driver/Inc/stm32wbxx_ll_rcc.h ****   */
 491:Drivers/STM32WBxx_HAL_Driver/Inc/stm32wbxx_ll_rcc.h **** 
 492:Drivers/STM32WBxx_HAL_Driver/Inc/stm32wbxx_ll_rcc.h **** #if defined(SAI1)
 493:Drivers/STM32WBxx_HAL_Driver/Inc/stm32wbxx_ll_rcc.h **** /** @defgroup RCC_LL_EC_SAI1_CLKSOURCE SAI1 CLKSOURCE
 494:Drivers/STM32WBxx_HAL_Driver/Inc/stm32wbxx_ll_rcc.h ****   * @{
 495:Drivers/STM32WBxx_HAL_Driver/Inc/stm32wbxx_ll_rcc.h ****   */
 496:Drivers/STM32WBxx_HAL_Driver/Inc/stm32wbxx_ll_rcc.h **** #define LL_RCC_SAI1_CLKSOURCE_PLLSAI1      0x00000000U            /*!< PLLSAI1 selected as SAI1 clo
 497:Drivers/STM32WBxx_HAL_Driver/Inc/stm32wbxx_ll_rcc.h **** #define LL_RCC_SAI1_CLKSOURCE_PLL          RCC_CCIPR_SAI1SEL_0    /*!< PLL selected as SAI1 clock  
 498:Drivers/STM32WBxx_HAL_Driver/Inc/stm32wbxx_ll_rcc.h **** #define LL_RCC_SAI1_CLKSOURCE_HSI          RCC_CCIPR_SAI1SEL_1    /*!< HSI selected as SAI1 clock  
 499:Drivers/STM32WBxx_HAL_Driver/Inc/stm32wbxx_ll_rcc.h **** #define LL_RCC_SAI1_CLKSOURCE_PIN          RCC_CCIPR_SAI1SEL      /*!< External input selected as S
 500:Drivers/STM32WBxx_HAL_Driver/Inc/stm32wbxx_ll_rcc.h **** /**
 501:Drivers/STM32WBxx_HAL_Driver/Inc/stm32wbxx_ll_rcc.h ****   * @}
 502:Drivers/STM32WBxx_HAL_Driver/Inc/stm32wbxx_ll_rcc.h ****   */
ARM GAS  /tmp/cciSPV86.s 			page 40


 503:Drivers/STM32WBxx_HAL_Driver/Inc/stm32wbxx_ll_rcc.h **** #endif /* SAI1 */
 504:Drivers/STM32WBxx_HAL_Driver/Inc/stm32wbxx_ll_rcc.h **** 
 505:Drivers/STM32WBxx_HAL_Driver/Inc/stm32wbxx_ll_rcc.h **** /** @defgroup RCC_LL_EC_CLK48_CLKSOURCE CLK48 CLKSOURCE
 506:Drivers/STM32WBxx_HAL_Driver/Inc/stm32wbxx_ll_rcc.h ****   * @{
 507:Drivers/STM32WBxx_HAL_Driver/Inc/stm32wbxx_ll_rcc.h ****   */
 508:Drivers/STM32WBxx_HAL_Driver/Inc/stm32wbxx_ll_rcc.h **** #if defined(RCC_HSI48_SUPPORT)
 509:Drivers/STM32WBxx_HAL_Driver/Inc/stm32wbxx_ll_rcc.h **** #define LL_RCC_CLK48_CLKSOURCE_HSI48       0x00000000U           /*!< HSI48 selected as CLK48 clock
 510:Drivers/STM32WBxx_HAL_Driver/Inc/stm32wbxx_ll_rcc.h **** #endif /* RCC_HSI48_SUPPORT */
 511:Drivers/STM32WBxx_HAL_Driver/Inc/stm32wbxx_ll_rcc.h **** #if defined(SAI1)
 512:Drivers/STM32WBxx_HAL_Driver/Inc/stm32wbxx_ll_rcc.h **** #define LL_RCC_CLK48_CLKSOURCE_PLLSAI1     RCC_CCIPR_CLK48SEL_0  /*!< PLLSAI1 selected as CLK48 clo
 513:Drivers/STM32WBxx_HAL_Driver/Inc/stm32wbxx_ll_rcc.h **** #endif /* SAI1 */
 514:Drivers/STM32WBxx_HAL_Driver/Inc/stm32wbxx_ll_rcc.h **** #define LL_RCC_CLK48_CLKSOURCE_PLL         RCC_CCIPR_CLK48SEL_1  /*!< PLL selected as CLK48 clock  
 515:Drivers/STM32WBxx_HAL_Driver/Inc/stm32wbxx_ll_rcc.h **** #define LL_RCC_CLK48_CLKSOURCE_MSI         RCC_CCIPR_CLK48SEL    /*!< MSI selected as CLK48 clock  
 516:Drivers/STM32WBxx_HAL_Driver/Inc/stm32wbxx_ll_rcc.h **** /**
 517:Drivers/STM32WBxx_HAL_Driver/Inc/stm32wbxx_ll_rcc.h ****   * @}
 518:Drivers/STM32WBxx_HAL_Driver/Inc/stm32wbxx_ll_rcc.h ****   */
 519:Drivers/STM32WBxx_HAL_Driver/Inc/stm32wbxx_ll_rcc.h **** 
 520:Drivers/STM32WBxx_HAL_Driver/Inc/stm32wbxx_ll_rcc.h **** /** @defgroup RCC_LL_EC_USB_CLKSOURCE USB CLKSOURCE
 521:Drivers/STM32WBxx_HAL_Driver/Inc/stm32wbxx_ll_rcc.h ****   * @{
 522:Drivers/STM32WBxx_HAL_Driver/Inc/stm32wbxx_ll_rcc.h ****   */
 523:Drivers/STM32WBxx_HAL_Driver/Inc/stm32wbxx_ll_rcc.h **** #if defined(RCC_HSI48_SUPPORT)
 524:Drivers/STM32WBxx_HAL_Driver/Inc/stm32wbxx_ll_rcc.h **** #define LL_RCC_USB_CLKSOURCE_HSI48         LL_RCC_CLK48_CLKSOURCE_HSI48    /*!< HSI48 selected as U
 525:Drivers/STM32WBxx_HAL_Driver/Inc/stm32wbxx_ll_rcc.h **** #endif /* RCC_HSI48_SUPPORT */
 526:Drivers/STM32WBxx_HAL_Driver/Inc/stm32wbxx_ll_rcc.h **** #if defined(SAI1)
 527:Drivers/STM32WBxx_HAL_Driver/Inc/stm32wbxx_ll_rcc.h **** #define LL_RCC_USB_CLKSOURCE_PLLSAI1       LL_RCC_CLK48_CLKSOURCE_PLLSAI1  /*!< PLLSAI1 selected as
 528:Drivers/STM32WBxx_HAL_Driver/Inc/stm32wbxx_ll_rcc.h **** #endif /* SAI1 */
 529:Drivers/STM32WBxx_HAL_Driver/Inc/stm32wbxx_ll_rcc.h **** #define LL_RCC_USB_CLKSOURCE_PLL           LL_RCC_CLK48_CLKSOURCE_PLL      /*!< PLL selected as USB
 530:Drivers/STM32WBxx_HAL_Driver/Inc/stm32wbxx_ll_rcc.h **** #define LL_RCC_USB_CLKSOURCE_MSI           LL_RCC_CLK48_CLKSOURCE_MSI      /*!< MSI selected as USB
 531:Drivers/STM32WBxx_HAL_Driver/Inc/stm32wbxx_ll_rcc.h **** /**
 532:Drivers/STM32WBxx_HAL_Driver/Inc/stm32wbxx_ll_rcc.h ****   * @}
 533:Drivers/STM32WBxx_HAL_Driver/Inc/stm32wbxx_ll_rcc.h ****   */
 534:Drivers/STM32WBxx_HAL_Driver/Inc/stm32wbxx_ll_rcc.h **** 
 535:Drivers/STM32WBxx_HAL_Driver/Inc/stm32wbxx_ll_rcc.h **** /** @defgroup RCC_LL_EC_ADC_CLKSRC ADC CLKSRC
 536:Drivers/STM32WBxx_HAL_Driver/Inc/stm32wbxx_ll_rcc.h ****   * @{
 537:Drivers/STM32WBxx_HAL_Driver/Inc/stm32wbxx_ll_rcc.h ****   */
 538:Drivers/STM32WBxx_HAL_Driver/Inc/stm32wbxx_ll_rcc.h **** #define LL_RCC_ADC_CLKSOURCE_NONE             0x00000000U        /*!< no Clock used as ADC clock*/
 539:Drivers/STM32WBxx_HAL_Driver/Inc/stm32wbxx_ll_rcc.h **** #if defined(STM32WB55xx) || defined (STM32WB5Mxx) || defined (STM32WB35xx)
 540:Drivers/STM32WBxx_HAL_Driver/Inc/stm32wbxx_ll_rcc.h **** #define LL_RCC_ADC_CLKSOURCE_PLLSAI1          RCC_CCIPR_ADCSEL_0 /*!< PLLSAI1 selected as ADC clock
 541:Drivers/STM32WBxx_HAL_Driver/Inc/stm32wbxx_ll_rcc.h **** #elif defined (STM32WB15xx) || defined(STM32WB1Mxx)
 542:Drivers/STM32WBxx_HAL_Driver/Inc/stm32wbxx_ll_rcc.h **** #define LL_RCC_ADC_CLKSOURCE_HSI              RCC_CCIPR_ADCSEL_0 /*!< HSI selected as ADC clock    
 543:Drivers/STM32WBxx_HAL_Driver/Inc/stm32wbxx_ll_rcc.h **** #endif /* STM32WB55xx || STM32WB5Mxx || STM32WB35xx */
 544:Drivers/STM32WBxx_HAL_Driver/Inc/stm32wbxx_ll_rcc.h **** #define LL_RCC_ADC_CLKSOURCE_PLL              RCC_CCIPR_ADCSEL_1 /*!< PLL selected as ADC clock    
 545:Drivers/STM32WBxx_HAL_Driver/Inc/stm32wbxx_ll_rcc.h **** #define LL_RCC_ADC_CLKSOURCE_SYSCLK           RCC_CCIPR_ADCSEL   /*!< SYSCLK selected as ADC clock 
 546:Drivers/STM32WBxx_HAL_Driver/Inc/stm32wbxx_ll_rcc.h **** /**
 547:Drivers/STM32WBxx_HAL_Driver/Inc/stm32wbxx_ll_rcc.h ****   * @}
 548:Drivers/STM32WBxx_HAL_Driver/Inc/stm32wbxx_ll_rcc.h ****   */
 549:Drivers/STM32WBxx_HAL_Driver/Inc/stm32wbxx_ll_rcc.h **** 
 550:Drivers/STM32WBxx_HAL_Driver/Inc/stm32wbxx_ll_rcc.h **** /** @defgroup RCC_LL_EC_RNG_CLKSRC RNG CLKSRC
 551:Drivers/STM32WBxx_HAL_Driver/Inc/stm32wbxx_ll_rcc.h ****   * @{
 552:Drivers/STM32WBxx_HAL_Driver/Inc/stm32wbxx_ll_rcc.h ****   */
 553:Drivers/STM32WBxx_HAL_Driver/Inc/stm32wbxx_ll_rcc.h **** #define LL_RCC_RNG_CLKSOURCE_CLK48            0x00000000U        /*!< CLK48 divided by 3 selected a
 554:Drivers/STM32WBxx_HAL_Driver/Inc/stm32wbxx_ll_rcc.h **** #define LL_RCC_RNG_CLKSOURCE_LSI              RCC_CCIPR_RNGSEL_0 /*!< LSI selected as ADC clock    
 555:Drivers/STM32WBxx_HAL_Driver/Inc/stm32wbxx_ll_rcc.h **** #define LL_RCC_RNG_CLKSOURCE_LSE              RCC_CCIPR_RNGSEL_1 /*!< LSE selected as ADC clock    
 556:Drivers/STM32WBxx_HAL_Driver/Inc/stm32wbxx_ll_rcc.h **** /**
 557:Drivers/STM32WBxx_HAL_Driver/Inc/stm32wbxx_ll_rcc.h ****   * @}
 558:Drivers/STM32WBxx_HAL_Driver/Inc/stm32wbxx_ll_rcc.h ****   */
 559:Drivers/STM32WBxx_HAL_Driver/Inc/stm32wbxx_ll_rcc.h **** 
ARM GAS  /tmp/cciSPV86.s 			page 41


 560:Drivers/STM32WBxx_HAL_Driver/Inc/stm32wbxx_ll_rcc.h **** 
 561:Drivers/STM32WBxx_HAL_Driver/Inc/stm32wbxx_ll_rcc.h **** /** @defgroup RCC_LL_EC_USART1 USART1
 562:Drivers/STM32WBxx_HAL_Driver/Inc/stm32wbxx_ll_rcc.h ****   * @{
 563:Drivers/STM32WBxx_HAL_Driver/Inc/stm32wbxx_ll_rcc.h ****   */
 564:Drivers/STM32WBxx_HAL_Driver/Inc/stm32wbxx_ll_rcc.h **** #define LL_RCC_USART1_CLKSOURCE            RCC_CCIPR_USART1SEL   /*!< USART1 clock source selection
 565:Drivers/STM32WBxx_HAL_Driver/Inc/stm32wbxx_ll_rcc.h **** /**
 566:Drivers/STM32WBxx_HAL_Driver/Inc/stm32wbxx_ll_rcc.h ****   * @}
 567:Drivers/STM32WBxx_HAL_Driver/Inc/stm32wbxx_ll_rcc.h ****   */
 568:Drivers/STM32WBxx_HAL_Driver/Inc/stm32wbxx_ll_rcc.h **** 
 569:Drivers/STM32WBxx_HAL_Driver/Inc/stm32wbxx_ll_rcc.h **** #if defined(LPUART1)
 570:Drivers/STM32WBxx_HAL_Driver/Inc/stm32wbxx_ll_rcc.h **** /** @defgroup RCC_LL_EC_LPUART1 LPUART1
 571:Drivers/STM32WBxx_HAL_Driver/Inc/stm32wbxx_ll_rcc.h ****   * @{
 572:Drivers/STM32WBxx_HAL_Driver/Inc/stm32wbxx_ll_rcc.h ****   */
 573:Drivers/STM32WBxx_HAL_Driver/Inc/stm32wbxx_ll_rcc.h **** #define LL_RCC_LPUART1_CLKSOURCE           RCC_CCIPR_LPUART1SEL  /*!< LPUART1 clock source selectio
 574:Drivers/STM32WBxx_HAL_Driver/Inc/stm32wbxx_ll_rcc.h **** /**
 575:Drivers/STM32WBxx_HAL_Driver/Inc/stm32wbxx_ll_rcc.h ****   * @}
 576:Drivers/STM32WBxx_HAL_Driver/Inc/stm32wbxx_ll_rcc.h ****   */
 577:Drivers/STM32WBxx_HAL_Driver/Inc/stm32wbxx_ll_rcc.h **** #endif /* LPUART1 */
 578:Drivers/STM32WBxx_HAL_Driver/Inc/stm32wbxx_ll_rcc.h **** 
 579:Drivers/STM32WBxx_HAL_Driver/Inc/stm32wbxx_ll_rcc.h **** /** @defgroup RCC_LL_EC_I2C1 I2C1
 580:Drivers/STM32WBxx_HAL_Driver/Inc/stm32wbxx_ll_rcc.h ****   * @{
 581:Drivers/STM32WBxx_HAL_Driver/Inc/stm32wbxx_ll_rcc.h ****   */
 582:Drivers/STM32WBxx_HAL_Driver/Inc/stm32wbxx_ll_rcc.h **** #define LL_RCC_I2C1_CLKSOURCE              RCC_CCIPR_I2C1SEL    /*!< I2C1 clock source selection bi
 583:Drivers/STM32WBxx_HAL_Driver/Inc/stm32wbxx_ll_rcc.h **** #define LL_RCC_I2C3_CLKSOURCE              RCC_CCIPR_I2C3SEL    /*!< I2C3 clock source selection bi
 584:Drivers/STM32WBxx_HAL_Driver/Inc/stm32wbxx_ll_rcc.h **** /**
 585:Drivers/STM32WBxx_HAL_Driver/Inc/stm32wbxx_ll_rcc.h ****   * @}
 586:Drivers/STM32WBxx_HAL_Driver/Inc/stm32wbxx_ll_rcc.h ****   */
 587:Drivers/STM32WBxx_HAL_Driver/Inc/stm32wbxx_ll_rcc.h **** 
 588:Drivers/STM32WBxx_HAL_Driver/Inc/stm32wbxx_ll_rcc.h **** /** @defgroup RCC_LL_EC_LPTIM1 LPTIM1
 589:Drivers/STM32WBxx_HAL_Driver/Inc/stm32wbxx_ll_rcc.h ****   * @{
 590:Drivers/STM32WBxx_HAL_Driver/Inc/stm32wbxx_ll_rcc.h ****   */
 591:Drivers/STM32WBxx_HAL_Driver/Inc/stm32wbxx_ll_rcc.h **** #define LL_RCC_LPTIM1_CLKSOURCE            RCC_CCIPR_LPTIM1SEL  /*!< LPTIM1 clock source selection 
 592:Drivers/STM32WBxx_HAL_Driver/Inc/stm32wbxx_ll_rcc.h **** #define LL_RCC_LPTIM2_CLKSOURCE            RCC_CCIPR_LPTIM2SEL  /*!< LPTIM2 clock source selection 
 593:Drivers/STM32WBxx_HAL_Driver/Inc/stm32wbxx_ll_rcc.h **** /**
 594:Drivers/STM32WBxx_HAL_Driver/Inc/stm32wbxx_ll_rcc.h ****   * @}
 595:Drivers/STM32WBxx_HAL_Driver/Inc/stm32wbxx_ll_rcc.h ****   */
 596:Drivers/STM32WBxx_HAL_Driver/Inc/stm32wbxx_ll_rcc.h **** 
 597:Drivers/STM32WBxx_HAL_Driver/Inc/stm32wbxx_ll_rcc.h **** #if defined(SAI1)
 598:Drivers/STM32WBxx_HAL_Driver/Inc/stm32wbxx_ll_rcc.h **** /** @defgroup RCC_LL_EC_SAI1 SAI1
 599:Drivers/STM32WBxx_HAL_Driver/Inc/stm32wbxx_ll_rcc.h ****   * @{
 600:Drivers/STM32WBxx_HAL_Driver/Inc/stm32wbxx_ll_rcc.h ****   */
 601:Drivers/STM32WBxx_HAL_Driver/Inc/stm32wbxx_ll_rcc.h **** #define LL_RCC_SAI1_CLKSOURCE              RCC_CCIPR_SAI1SEL   /*!< SAI1 clock source selection bit
 602:Drivers/STM32WBxx_HAL_Driver/Inc/stm32wbxx_ll_rcc.h **** /**
 603:Drivers/STM32WBxx_HAL_Driver/Inc/stm32wbxx_ll_rcc.h ****   * @}
 604:Drivers/STM32WBxx_HAL_Driver/Inc/stm32wbxx_ll_rcc.h ****   */
 605:Drivers/STM32WBxx_HAL_Driver/Inc/stm32wbxx_ll_rcc.h **** #endif /* SAI1 */
 606:Drivers/STM32WBxx_HAL_Driver/Inc/stm32wbxx_ll_rcc.h **** 
 607:Drivers/STM32WBxx_HAL_Driver/Inc/stm32wbxx_ll_rcc.h **** /** @defgroup RCC_LL_EC_CLK48 CLK48
 608:Drivers/STM32WBxx_HAL_Driver/Inc/stm32wbxx_ll_rcc.h ****   * @{
 609:Drivers/STM32WBxx_HAL_Driver/Inc/stm32wbxx_ll_rcc.h ****   */
 610:Drivers/STM32WBxx_HAL_Driver/Inc/stm32wbxx_ll_rcc.h **** #define LL_RCC_CLK48_CLKSOURCE             RCC_CCIPR_CLK48SEL  /*!< CLK48 clock source selection bi
 611:Drivers/STM32WBxx_HAL_Driver/Inc/stm32wbxx_ll_rcc.h **** /**
 612:Drivers/STM32WBxx_HAL_Driver/Inc/stm32wbxx_ll_rcc.h ****   * @}
 613:Drivers/STM32WBxx_HAL_Driver/Inc/stm32wbxx_ll_rcc.h ****   */
 614:Drivers/STM32WBxx_HAL_Driver/Inc/stm32wbxx_ll_rcc.h **** 
 615:Drivers/STM32WBxx_HAL_Driver/Inc/stm32wbxx_ll_rcc.h **** /** @defgroup RCC_LL_EC_USB USB
 616:Drivers/STM32WBxx_HAL_Driver/Inc/stm32wbxx_ll_rcc.h ****   * @{
ARM GAS  /tmp/cciSPV86.s 			page 42


 617:Drivers/STM32WBxx_HAL_Driver/Inc/stm32wbxx_ll_rcc.h ****   */
 618:Drivers/STM32WBxx_HAL_Driver/Inc/stm32wbxx_ll_rcc.h **** #define LL_RCC_USB_CLKSOURCE               LL_RCC_CLK48_CLKSOURCE  /*!< USB clock source selection 
 619:Drivers/STM32WBxx_HAL_Driver/Inc/stm32wbxx_ll_rcc.h **** /**
 620:Drivers/STM32WBxx_HAL_Driver/Inc/stm32wbxx_ll_rcc.h ****   * @}
 621:Drivers/STM32WBxx_HAL_Driver/Inc/stm32wbxx_ll_rcc.h ****   */
 622:Drivers/STM32WBxx_HAL_Driver/Inc/stm32wbxx_ll_rcc.h **** 
 623:Drivers/STM32WBxx_HAL_Driver/Inc/stm32wbxx_ll_rcc.h **** /** @defgroup RCC_LL_EC_RNG RNG
 624:Drivers/STM32WBxx_HAL_Driver/Inc/stm32wbxx_ll_rcc.h ****   * @{
 625:Drivers/STM32WBxx_HAL_Driver/Inc/stm32wbxx_ll_rcc.h ****   */
 626:Drivers/STM32WBxx_HAL_Driver/Inc/stm32wbxx_ll_rcc.h **** #define LL_RCC_RNG_CLKSOURCE               RCC_CCIPR_RNGSEL  /*!< RNG clock source selection bits *
 627:Drivers/STM32WBxx_HAL_Driver/Inc/stm32wbxx_ll_rcc.h **** /**
 628:Drivers/STM32WBxx_HAL_Driver/Inc/stm32wbxx_ll_rcc.h ****   * @}
 629:Drivers/STM32WBxx_HAL_Driver/Inc/stm32wbxx_ll_rcc.h ****   */
 630:Drivers/STM32WBxx_HAL_Driver/Inc/stm32wbxx_ll_rcc.h **** 
 631:Drivers/STM32WBxx_HAL_Driver/Inc/stm32wbxx_ll_rcc.h **** /** @defgroup RCC_LL_EC_ADC ADC
 632:Drivers/STM32WBxx_HAL_Driver/Inc/stm32wbxx_ll_rcc.h ****   * @{
 633:Drivers/STM32WBxx_HAL_Driver/Inc/stm32wbxx_ll_rcc.h ****   */
 634:Drivers/STM32WBxx_HAL_Driver/Inc/stm32wbxx_ll_rcc.h **** #define LL_RCC_ADC_CLKSOURCE               RCC_CCIPR_ADCSEL   /*!< ADC clock source selection bits 
 635:Drivers/STM32WBxx_HAL_Driver/Inc/stm32wbxx_ll_rcc.h **** /**
 636:Drivers/STM32WBxx_HAL_Driver/Inc/stm32wbxx_ll_rcc.h ****   * @}
 637:Drivers/STM32WBxx_HAL_Driver/Inc/stm32wbxx_ll_rcc.h ****   */
 638:Drivers/STM32WBxx_HAL_Driver/Inc/stm32wbxx_ll_rcc.h **** 
 639:Drivers/STM32WBxx_HAL_Driver/Inc/stm32wbxx_ll_rcc.h **** 
 640:Drivers/STM32WBxx_HAL_Driver/Inc/stm32wbxx_ll_rcc.h **** /** @defgroup RCC_LL_EC_RTC_CLKSOURCE  RTC clock source selection
 641:Drivers/STM32WBxx_HAL_Driver/Inc/stm32wbxx_ll_rcc.h ****   * @{
 642:Drivers/STM32WBxx_HAL_Driver/Inc/stm32wbxx_ll_rcc.h ****   */
 643:Drivers/STM32WBxx_HAL_Driver/Inc/stm32wbxx_ll_rcc.h **** #define LL_RCC_RTC_CLKSOURCE_NONE          0x00000000U                   /*!< No clock used as RTC 
 644:Drivers/STM32WBxx_HAL_Driver/Inc/stm32wbxx_ll_rcc.h **** #define LL_RCC_RTC_CLKSOURCE_LSE           RCC_BDCR_RTCSEL_0             /*!< LSE oscillator clock 
 645:Drivers/STM32WBxx_HAL_Driver/Inc/stm32wbxx_ll_rcc.h **** #define LL_RCC_RTC_CLKSOURCE_LSI           RCC_BDCR_RTCSEL_1             /*!< LSI oscillator clock 
 646:Drivers/STM32WBxx_HAL_Driver/Inc/stm32wbxx_ll_rcc.h **** #define LL_RCC_RTC_CLKSOURCE_HSE_DIV32     RCC_BDCR_RTCSEL               /*!< HSE oscillator clock 
 647:Drivers/STM32WBxx_HAL_Driver/Inc/stm32wbxx_ll_rcc.h **** 
 648:Drivers/STM32WBxx_HAL_Driver/Inc/stm32wbxx_ll_rcc.h **** /**
 649:Drivers/STM32WBxx_HAL_Driver/Inc/stm32wbxx_ll_rcc.h ****   * @}
 650:Drivers/STM32WBxx_HAL_Driver/Inc/stm32wbxx_ll_rcc.h ****   */
 651:Drivers/STM32WBxx_HAL_Driver/Inc/stm32wbxx_ll_rcc.h **** 
 652:Drivers/STM32WBxx_HAL_Driver/Inc/stm32wbxx_ll_rcc.h **** /** @defgroup RCC_LL_EC_RFWKP_CLKSOURCE  RF Wakeup clock source selection
 653:Drivers/STM32WBxx_HAL_Driver/Inc/stm32wbxx_ll_rcc.h ****   * @{
 654:Drivers/STM32WBxx_HAL_Driver/Inc/stm32wbxx_ll_rcc.h ****   */
 655:Drivers/STM32WBxx_HAL_Driver/Inc/stm32wbxx_ll_rcc.h **** #define LL_RCC_RFWKP_CLKSOURCE_NONE          0x00000000U                 /*!< No clock used as RF W
 656:Drivers/STM32WBxx_HAL_Driver/Inc/stm32wbxx_ll_rcc.h **** #define LL_RCC_RFWKP_CLKSOURCE_LSE           RCC_CSR_RFWKPSEL_0          /*!< LSE oscillator clock 
 657:Drivers/STM32WBxx_HAL_Driver/Inc/stm32wbxx_ll_rcc.h **** #if defined(STM32WB15xx) || defined(STM32WB10xx)
 658:Drivers/STM32WBxx_HAL_Driver/Inc/stm32wbxx_ll_rcc.h **** #define LL_RCC_RFWKP_CLKSOURCE_LSI           RCC_CSR_RFWKPSEL_1          /*!< LSI oscillator clock 
 659:Drivers/STM32WBxx_HAL_Driver/Inc/stm32wbxx_ll_rcc.h **** #endif /* STM32WB15xx || STM32WB10xx */
 660:Drivers/STM32WBxx_HAL_Driver/Inc/stm32wbxx_ll_rcc.h **** #define LL_RCC_RFWKP_CLKSOURCE_HSE_DIV1024   RCC_CSR_RFWKPSEL            /*!< HSE oscillator clock 
 661:Drivers/STM32WBxx_HAL_Driver/Inc/stm32wbxx_ll_rcc.h **** 
 662:Drivers/STM32WBxx_HAL_Driver/Inc/stm32wbxx_ll_rcc.h **** /**
 663:Drivers/STM32WBxx_HAL_Driver/Inc/stm32wbxx_ll_rcc.h ****   * @}
 664:Drivers/STM32WBxx_HAL_Driver/Inc/stm32wbxx_ll_rcc.h ****   */
 665:Drivers/STM32WBxx_HAL_Driver/Inc/stm32wbxx_ll_rcc.h **** 
 666:Drivers/STM32WBxx_HAL_Driver/Inc/stm32wbxx_ll_rcc.h **** 
 667:Drivers/STM32WBxx_HAL_Driver/Inc/stm32wbxx_ll_rcc.h **** /** @defgroup RCC_LL_EC_PLLSOURCE  PLL and PLLSAI1 entry clock source
 668:Drivers/STM32WBxx_HAL_Driver/Inc/stm32wbxx_ll_rcc.h ****   * @{
 669:Drivers/STM32WBxx_HAL_Driver/Inc/stm32wbxx_ll_rcc.h ****   */
 670:Drivers/STM32WBxx_HAL_Driver/Inc/stm32wbxx_ll_rcc.h **** #define LL_RCC_PLLSOURCE_NONE              0x00000000U                                    /*!< No c
 671:Drivers/STM32WBxx_HAL_Driver/Inc/stm32wbxx_ll_rcc.h **** #define LL_RCC_PLLSOURCE_MSI               RCC_PLLCFGR_PLLSRC_0                           /*!< MSI 
 672:Drivers/STM32WBxx_HAL_Driver/Inc/stm32wbxx_ll_rcc.h **** #define LL_RCC_PLLSOURCE_HSI               RCC_PLLCFGR_PLLSRC_1                           /*!< HSI 
 673:Drivers/STM32WBxx_HAL_Driver/Inc/stm32wbxx_ll_rcc.h **** #define LL_RCC_PLLSOURCE_HSE               (RCC_PLLCFGR_PLLSRC_1 | RCC_PLLCFGR_PLLSRC_0)  /*!< HSE 
ARM GAS  /tmp/cciSPV86.s 			page 43


 674:Drivers/STM32WBxx_HAL_Driver/Inc/stm32wbxx_ll_rcc.h **** /**
 675:Drivers/STM32WBxx_HAL_Driver/Inc/stm32wbxx_ll_rcc.h ****   * @}
 676:Drivers/STM32WBxx_HAL_Driver/Inc/stm32wbxx_ll_rcc.h ****   */
 677:Drivers/STM32WBxx_HAL_Driver/Inc/stm32wbxx_ll_rcc.h **** 
 678:Drivers/STM32WBxx_HAL_Driver/Inc/stm32wbxx_ll_rcc.h **** /** @defgroup RCC_LL_EC_PLLM_DIV  PLL and PLLSAI1 division factor
 679:Drivers/STM32WBxx_HAL_Driver/Inc/stm32wbxx_ll_rcc.h ****   * @{
 680:Drivers/STM32WBxx_HAL_Driver/Inc/stm32wbxx_ll_rcc.h ****   */
 681:Drivers/STM32WBxx_HAL_Driver/Inc/stm32wbxx_ll_rcc.h **** #define LL_RCC_PLLM_DIV_1                  0x00000000U                                 /*!< PLL and
 682:Drivers/STM32WBxx_HAL_Driver/Inc/stm32wbxx_ll_rcc.h **** #define LL_RCC_PLLM_DIV_2                  (RCC_PLLCFGR_PLLM_0)                        /*!< PLL and
 683:Drivers/STM32WBxx_HAL_Driver/Inc/stm32wbxx_ll_rcc.h **** #define LL_RCC_PLLM_DIV_3                  (RCC_PLLCFGR_PLLM_1)                        /*!< PLL and
 684:Drivers/STM32WBxx_HAL_Driver/Inc/stm32wbxx_ll_rcc.h **** #define LL_RCC_PLLM_DIV_4                  ((RCC_PLLCFGR_PLLM_1 | RCC_PLLCFGR_PLLM_0)) /*!< PLL and
 685:Drivers/STM32WBxx_HAL_Driver/Inc/stm32wbxx_ll_rcc.h **** #define LL_RCC_PLLM_DIV_5                  (RCC_PLLCFGR_PLLM_2)                        /*!< PLL and
 686:Drivers/STM32WBxx_HAL_Driver/Inc/stm32wbxx_ll_rcc.h **** #define LL_RCC_PLLM_DIV_6                  ((RCC_PLLCFGR_PLLM_2 | RCC_PLLCFGR_PLLM_0)) /*!< PLL and
 687:Drivers/STM32WBxx_HAL_Driver/Inc/stm32wbxx_ll_rcc.h **** #define LL_RCC_PLLM_DIV_7                  ((RCC_PLLCFGR_PLLM_2 | RCC_PLLCFGR_PLLM_1)) /*!< PLL and
 688:Drivers/STM32WBxx_HAL_Driver/Inc/stm32wbxx_ll_rcc.h **** #define LL_RCC_PLLM_DIV_8                  (RCC_PLLCFGR_PLLM)                          /*!< PLL and
 689:Drivers/STM32WBxx_HAL_Driver/Inc/stm32wbxx_ll_rcc.h **** /**
 690:Drivers/STM32WBxx_HAL_Driver/Inc/stm32wbxx_ll_rcc.h ****   * @}
 691:Drivers/STM32WBxx_HAL_Driver/Inc/stm32wbxx_ll_rcc.h ****   */
 692:Drivers/STM32WBxx_HAL_Driver/Inc/stm32wbxx_ll_rcc.h **** 
 693:Drivers/STM32WBxx_HAL_Driver/Inc/stm32wbxx_ll_rcc.h **** /** @defgroup RCC_LL_EC_PLLR_DIV  PLL division factor (PLLR)
 694:Drivers/STM32WBxx_HAL_Driver/Inc/stm32wbxx_ll_rcc.h ****   * @{
 695:Drivers/STM32WBxx_HAL_Driver/Inc/stm32wbxx_ll_rcc.h ****   */
 696:Drivers/STM32WBxx_HAL_Driver/Inc/stm32wbxx_ll_rcc.h **** #define LL_RCC_PLLR_DIV_2                  (RCC_PLLCFGR_PLLR_0)                     /*!< Main PLL d
 697:Drivers/STM32WBxx_HAL_Driver/Inc/stm32wbxx_ll_rcc.h **** #define LL_RCC_PLLR_DIV_3                  (RCC_PLLCFGR_PLLR_1)                     /*!< Main PLL d
 698:Drivers/STM32WBxx_HAL_Driver/Inc/stm32wbxx_ll_rcc.h **** #define LL_RCC_PLLR_DIV_4                  (RCC_PLLCFGR_PLLR_1|RCC_PLLCFGR_PLLR_0)  /*!< Main PLL d
 699:Drivers/STM32WBxx_HAL_Driver/Inc/stm32wbxx_ll_rcc.h **** #define LL_RCC_PLLR_DIV_5                  (RCC_PLLCFGR_PLLR_2)                     /*!< Main PLL d
 700:Drivers/STM32WBxx_HAL_Driver/Inc/stm32wbxx_ll_rcc.h **** #define LL_RCC_PLLR_DIV_6                  (RCC_PLLCFGR_PLLR_2|RCC_PLLCFGR_PLLR_0)  /*!< Main PLL d
 701:Drivers/STM32WBxx_HAL_Driver/Inc/stm32wbxx_ll_rcc.h **** #define LL_RCC_PLLR_DIV_7                  (RCC_PLLCFGR_PLLR_2|RCC_PLLCFGR_PLLR_1)  /*!< Main PLL d
 702:Drivers/STM32WBxx_HAL_Driver/Inc/stm32wbxx_ll_rcc.h **** #define LL_RCC_PLLR_DIV_8                  (RCC_PLLCFGR_PLLR)                       /*!< Main PLL d
 703:Drivers/STM32WBxx_HAL_Driver/Inc/stm32wbxx_ll_rcc.h **** /**
 704:Drivers/STM32WBxx_HAL_Driver/Inc/stm32wbxx_ll_rcc.h ****   * @}
 705:Drivers/STM32WBxx_HAL_Driver/Inc/stm32wbxx_ll_rcc.h ****   */
 706:Drivers/STM32WBxx_HAL_Driver/Inc/stm32wbxx_ll_rcc.h **** 
 707:Drivers/STM32WBxx_HAL_Driver/Inc/stm32wbxx_ll_rcc.h **** /** @defgroup RCC_LL_EC_PLLP_DIV  PLL division factor (PLLP)
 708:Drivers/STM32WBxx_HAL_Driver/Inc/stm32wbxx_ll_rcc.h ****   * @{
 709:Drivers/STM32WBxx_HAL_Driver/Inc/stm32wbxx_ll_rcc.h ****   */
 710:Drivers/STM32WBxx_HAL_Driver/Inc/stm32wbxx_ll_rcc.h **** #define LL_RCC_PLLP_DIV_2                  (RCC_PLLCFGR_PLLP_0)                                    
 711:Drivers/STM32WBxx_HAL_Driver/Inc/stm32wbxx_ll_rcc.h **** #define LL_RCC_PLLP_DIV_3                  (RCC_PLLCFGR_PLLP_1)                                    
 712:Drivers/STM32WBxx_HAL_Driver/Inc/stm32wbxx_ll_rcc.h **** #define LL_RCC_PLLP_DIV_4                  (RCC_PLLCFGR_PLLP_0|RCC_PLLCFGR_PLLP_1)                 
 713:Drivers/STM32WBxx_HAL_Driver/Inc/stm32wbxx_ll_rcc.h **** #define LL_RCC_PLLP_DIV_5                  (RCC_PLLCFGR_PLLP_2)                                    
 714:Drivers/STM32WBxx_HAL_Driver/Inc/stm32wbxx_ll_rcc.h **** #define LL_RCC_PLLP_DIV_6                  (RCC_PLLCFGR_PLLP_0|RCC_PLLCFGR_PLLP_2)                 
 715:Drivers/STM32WBxx_HAL_Driver/Inc/stm32wbxx_ll_rcc.h **** #define LL_RCC_PLLP_DIV_7                  (RCC_PLLCFGR_PLLP_1|RCC_PLLCFGR_PLLP_2)                 
 716:Drivers/STM32WBxx_HAL_Driver/Inc/stm32wbxx_ll_rcc.h **** #define LL_RCC_PLLP_DIV_8                  (RCC_PLLCFGR_PLLP_0|RCC_PLLCFGR_PLLP_1|RCC_PLLCFGR_PLLP_
 717:Drivers/STM32WBxx_HAL_Driver/Inc/stm32wbxx_ll_rcc.h **** #define LL_RCC_PLLP_DIV_9                  (RCC_PLLCFGR_PLLP_3)                                    
 718:Drivers/STM32WBxx_HAL_Driver/Inc/stm32wbxx_ll_rcc.h **** #define LL_RCC_PLLP_DIV_10                 (RCC_PLLCFGR_PLLP_0|RCC_PLLCFGR_PLLP_3)                 
 719:Drivers/STM32WBxx_HAL_Driver/Inc/stm32wbxx_ll_rcc.h **** #define LL_RCC_PLLP_DIV_11                 (RCC_PLLCFGR_PLLP_1|RCC_PLLCFGR_PLLP_3)                 
 720:Drivers/STM32WBxx_HAL_Driver/Inc/stm32wbxx_ll_rcc.h **** #define LL_RCC_PLLP_DIV_12                 (RCC_PLLCFGR_PLLP_0|RCC_PLLCFGR_PLLP_1|RCC_PLLCFGR_PLLP_
 721:Drivers/STM32WBxx_HAL_Driver/Inc/stm32wbxx_ll_rcc.h **** #define LL_RCC_PLLP_DIV_13                 (RCC_PLLCFGR_PLLP_2|RCC_PLLCFGR_PLLP_3)                 
 722:Drivers/STM32WBxx_HAL_Driver/Inc/stm32wbxx_ll_rcc.h **** #define LL_RCC_PLLP_DIV_14                 (RCC_PLLCFGR_PLLP_0|RCC_PLLCFGR_PLLP_2|RCC_PLLCFGR_PLLP_
 723:Drivers/STM32WBxx_HAL_Driver/Inc/stm32wbxx_ll_rcc.h **** #define LL_RCC_PLLP_DIV_15                 (RCC_PLLCFGR_PLLP_1|RCC_PLLCFGR_PLLP_2|RCC_PLLCFGR_PLLP_
 724:Drivers/STM32WBxx_HAL_Driver/Inc/stm32wbxx_ll_rcc.h **** #define LL_RCC_PLLP_DIV_16                 (RCC_PLLCFGR_PLLP_0|RCC_PLLCFGR_PLLP_1|RCC_PLLCFGR_PLLP_
 725:Drivers/STM32WBxx_HAL_Driver/Inc/stm32wbxx_ll_rcc.h **** #define LL_RCC_PLLP_DIV_17                 (RCC_PLLCFGR_PLLP_4)                                    
 726:Drivers/STM32WBxx_HAL_Driver/Inc/stm32wbxx_ll_rcc.h **** #define LL_RCC_PLLP_DIV_18                 (RCC_PLLCFGR_PLLP_0|RCC_PLLCFGR_PLLP_4)                 
 727:Drivers/STM32WBxx_HAL_Driver/Inc/stm32wbxx_ll_rcc.h **** #define LL_RCC_PLLP_DIV_19                 (RCC_PLLCFGR_PLLP_1|RCC_PLLCFGR_PLLP_4)                 
 728:Drivers/STM32WBxx_HAL_Driver/Inc/stm32wbxx_ll_rcc.h **** #define LL_RCC_PLLP_DIV_20                 (RCC_PLLCFGR_PLLP_0|RCC_PLLCFGR_PLLP_1|RCC_PLLCFGR_PLLP_
 729:Drivers/STM32WBxx_HAL_Driver/Inc/stm32wbxx_ll_rcc.h **** #define LL_RCC_PLLP_DIV_21                 (RCC_PLLCFGR_PLLP_2|RCC_PLLCFGR_PLLP_4)                 
 730:Drivers/STM32WBxx_HAL_Driver/Inc/stm32wbxx_ll_rcc.h **** #define LL_RCC_PLLP_DIV_22                 (RCC_PLLCFGR_PLLP_0|RCC_PLLCFGR_PLLP_2|RCC_PLLCFGR_PLLP_
ARM GAS  /tmp/cciSPV86.s 			page 44


 731:Drivers/STM32WBxx_HAL_Driver/Inc/stm32wbxx_ll_rcc.h **** #define LL_RCC_PLLP_DIV_23                 (RCC_PLLCFGR_PLLP_1|RCC_PLLCFGR_PLLP_2|RCC_PLLCFGR_PLLP_
 732:Drivers/STM32WBxx_HAL_Driver/Inc/stm32wbxx_ll_rcc.h **** #define LL_RCC_PLLP_DIV_24                 (RCC_PLLCFGR_PLLP_0|RCC_PLLCFGR_PLLP_1|RCC_PLLCFGR_PLLP_
 733:Drivers/STM32WBxx_HAL_Driver/Inc/stm32wbxx_ll_rcc.h **** #define LL_RCC_PLLP_DIV_25                 (RCC_PLLCFGR_PLLP_3|RCC_PLLCFGR_PLLP_4)                 
 734:Drivers/STM32WBxx_HAL_Driver/Inc/stm32wbxx_ll_rcc.h **** #define LL_RCC_PLLP_DIV_26                 (RCC_PLLCFGR_PLLP_0|RCC_PLLCFGR_PLLP_3|RCC_PLLCFGR_PLLP_
 735:Drivers/STM32WBxx_HAL_Driver/Inc/stm32wbxx_ll_rcc.h **** #define LL_RCC_PLLP_DIV_27                 (RCC_PLLCFGR_PLLP_1|RCC_PLLCFGR_PLLP_3|RCC_PLLCFGR_PLLP_
 736:Drivers/STM32WBxx_HAL_Driver/Inc/stm32wbxx_ll_rcc.h **** #define LL_RCC_PLLP_DIV_28                 (RCC_PLLCFGR_PLLP_0|RCC_PLLCFGR_PLLP_1|RCC_PLLCFGR_PLLP_
 737:Drivers/STM32WBxx_HAL_Driver/Inc/stm32wbxx_ll_rcc.h **** #define LL_RCC_PLLP_DIV_29                 (RCC_PLLCFGR_PLLP_2|RCC_PLLCFGR_PLLP_3|RCC_PLLCFGR_PLLP_
 738:Drivers/STM32WBxx_HAL_Driver/Inc/stm32wbxx_ll_rcc.h **** #define LL_RCC_PLLP_DIV_30                 (RCC_PLLCFGR_PLLP_0|RCC_PLLCFGR_PLLP_2|RCC_PLLCFGR_PLLP_
 739:Drivers/STM32WBxx_HAL_Driver/Inc/stm32wbxx_ll_rcc.h **** #define LL_RCC_PLLP_DIV_31                 (RCC_PLLCFGR_PLLP_1|RCC_PLLCFGR_PLLP_2|RCC_PLLCFGR_PLLP_
 740:Drivers/STM32WBxx_HAL_Driver/Inc/stm32wbxx_ll_rcc.h **** #define LL_RCC_PLLP_DIV_32                 (RCC_PLLCFGR_PLLP_0|RCC_PLLCFGR_PLLP_1|RCC_PLLCFGR_PLLP_
 741:Drivers/STM32WBxx_HAL_Driver/Inc/stm32wbxx_ll_rcc.h **** /**
 742:Drivers/STM32WBxx_HAL_Driver/Inc/stm32wbxx_ll_rcc.h ****   * @}
 743:Drivers/STM32WBxx_HAL_Driver/Inc/stm32wbxx_ll_rcc.h ****   */
 744:Drivers/STM32WBxx_HAL_Driver/Inc/stm32wbxx_ll_rcc.h **** 
 745:Drivers/STM32WBxx_HAL_Driver/Inc/stm32wbxx_ll_rcc.h **** /** @defgroup RCC_LL_EC_PLLQ_DIV  PLL division factor (PLLQ)
 746:Drivers/STM32WBxx_HAL_Driver/Inc/stm32wbxx_ll_rcc.h ****   * @{
 747:Drivers/STM32WBxx_HAL_Driver/Inc/stm32wbxx_ll_rcc.h ****   */
 748:Drivers/STM32WBxx_HAL_Driver/Inc/stm32wbxx_ll_rcc.h **** #define LL_RCC_PLLQ_DIV_2                  (RCC_PLLCFGR_PLLQ_0)                    /*!< Main PLL di
 749:Drivers/STM32WBxx_HAL_Driver/Inc/stm32wbxx_ll_rcc.h **** #define LL_RCC_PLLQ_DIV_3                  (RCC_PLLCFGR_PLLQ_1)                    /*!< Main PLL di
 750:Drivers/STM32WBxx_HAL_Driver/Inc/stm32wbxx_ll_rcc.h **** #define LL_RCC_PLLQ_DIV_4                  (RCC_PLLCFGR_PLLQ_1|RCC_PLLCFGR_PLLQ_0) /*!< Main PLL di
 751:Drivers/STM32WBxx_HAL_Driver/Inc/stm32wbxx_ll_rcc.h **** #define LL_RCC_PLLQ_DIV_5                  (RCC_PLLCFGR_PLLQ_2)                    /*!< Main PLL di
 752:Drivers/STM32WBxx_HAL_Driver/Inc/stm32wbxx_ll_rcc.h **** #define LL_RCC_PLLQ_DIV_6                  (RCC_PLLCFGR_PLLQ_2|RCC_PLLCFGR_PLLQ_0) /*!< Main PLL di
 753:Drivers/STM32WBxx_HAL_Driver/Inc/stm32wbxx_ll_rcc.h **** #define LL_RCC_PLLQ_DIV_7                  (RCC_PLLCFGR_PLLQ_2|RCC_PLLCFGR_PLLQ_1) /*!< Main PLL di
 754:Drivers/STM32WBxx_HAL_Driver/Inc/stm32wbxx_ll_rcc.h **** #define LL_RCC_PLLQ_DIV_8                  (RCC_PLLCFGR_PLLQ)                      /*!< Main PLL di
 755:Drivers/STM32WBxx_HAL_Driver/Inc/stm32wbxx_ll_rcc.h **** /**
 756:Drivers/STM32WBxx_HAL_Driver/Inc/stm32wbxx_ll_rcc.h ****   * @}
 757:Drivers/STM32WBxx_HAL_Driver/Inc/stm32wbxx_ll_rcc.h ****   */
 758:Drivers/STM32WBxx_HAL_Driver/Inc/stm32wbxx_ll_rcc.h **** 
 759:Drivers/STM32WBxx_HAL_Driver/Inc/stm32wbxx_ll_rcc.h **** 
 760:Drivers/STM32WBxx_HAL_Driver/Inc/stm32wbxx_ll_rcc.h **** #if defined(SAI1)
 761:Drivers/STM32WBxx_HAL_Driver/Inc/stm32wbxx_ll_rcc.h **** /** @defgroup RCC_LL_EC_PLLSAI1Q  PLLSAI1 division factor (PLLQ)
 762:Drivers/STM32WBxx_HAL_Driver/Inc/stm32wbxx_ll_rcc.h ****   * @{
 763:Drivers/STM32WBxx_HAL_Driver/Inc/stm32wbxx_ll_rcc.h ****   */
 764:Drivers/STM32WBxx_HAL_Driver/Inc/stm32wbxx_ll_rcc.h **** #define LL_RCC_PLLSAI1Q_DIV_2              (RCC_PLLSAI1CFGR_PLLQ_0)                                
 765:Drivers/STM32WBxx_HAL_Driver/Inc/stm32wbxx_ll_rcc.h **** #define LL_RCC_PLLSAI1Q_DIV_3              (RCC_PLLSAI1CFGR_PLLQ_1)                                
 766:Drivers/STM32WBxx_HAL_Driver/Inc/stm32wbxx_ll_rcc.h **** #define LL_RCC_PLLSAI1Q_DIV_4              (RCC_PLLSAI1CFGR_PLLQ_1 | RCC_PLLSAI1CFGR_PLLQ_0)       
 767:Drivers/STM32WBxx_HAL_Driver/Inc/stm32wbxx_ll_rcc.h **** #define LL_RCC_PLLSAI1Q_DIV_5              (RCC_PLLSAI1CFGR_PLLQ_2)                                
 768:Drivers/STM32WBxx_HAL_Driver/Inc/stm32wbxx_ll_rcc.h **** #define LL_RCC_PLLSAI1Q_DIV_6              (RCC_PLLSAI1CFGR_PLLQ_2 | RCC_PLLSAI1CFGR_PLLQ_0)       
 769:Drivers/STM32WBxx_HAL_Driver/Inc/stm32wbxx_ll_rcc.h **** #define LL_RCC_PLLSAI1Q_DIV_7              (RCC_PLLSAI1CFGR_PLLQ_2 | RCC_PLLSAI1CFGR_PLLQ_1)       
 770:Drivers/STM32WBxx_HAL_Driver/Inc/stm32wbxx_ll_rcc.h **** #define LL_RCC_PLLSAI1Q_DIV_8              (RCC_PLLSAI1CFGR_PLLQ_2 | RCC_PLLSAI1CFGR_PLLQ_1 | RCC_P
 771:Drivers/STM32WBxx_HAL_Driver/Inc/stm32wbxx_ll_rcc.h **** /**
 772:Drivers/STM32WBxx_HAL_Driver/Inc/stm32wbxx_ll_rcc.h ****   * @}
 773:Drivers/STM32WBxx_HAL_Driver/Inc/stm32wbxx_ll_rcc.h ****   */
 774:Drivers/STM32WBxx_HAL_Driver/Inc/stm32wbxx_ll_rcc.h **** 
 775:Drivers/STM32WBxx_HAL_Driver/Inc/stm32wbxx_ll_rcc.h **** /** @defgroup RCC_LL_EC_PLLSAI1P  PLLSAI1 division factor (PLLP)
 776:Drivers/STM32WBxx_HAL_Driver/Inc/stm32wbxx_ll_rcc.h ****   * @{
 777:Drivers/STM32WBxx_HAL_Driver/Inc/stm32wbxx_ll_rcc.h ****   */
 778:Drivers/STM32WBxx_HAL_Driver/Inc/stm32wbxx_ll_rcc.h **** #define LL_RCC_PLLSAI1P_DIV_2                  (RCC_PLLSAI1CFGR_PLLP_0)                            
 779:Drivers/STM32WBxx_HAL_Driver/Inc/stm32wbxx_ll_rcc.h **** #define LL_RCC_PLLSAI1P_DIV_3                  (RCC_PLLSAI1CFGR_PLLP_1)                            
 780:Drivers/STM32WBxx_HAL_Driver/Inc/stm32wbxx_ll_rcc.h **** #define LL_RCC_PLLSAI1P_DIV_4                  (RCC_PLLSAI1CFGR_PLLP_0|RCC_PLLSAI1CFGR_PLLP_1)     
 781:Drivers/STM32WBxx_HAL_Driver/Inc/stm32wbxx_ll_rcc.h **** #define LL_RCC_PLLSAI1P_DIV_5                  (RCC_PLLSAI1CFGR_PLLP_2)                            
 782:Drivers/STM32WBxx_HAL_Driver/Inc/stm32wbxx_ll_rcc.h **** #define LL_RCC_PLLSAI1P_DIV_6                  (RCC_PLLSAI1CFGR_PLLP_0|RCC_PLLSAI1CFGR_PLLP_2)     
 783:Drivers/STM32WBxx_HAL_Driver/Inc/stm32wbxx_ll_rcc.h **** #define LL_RCC_PLLSAI1P_DIV_7                  (RCC_PLLSAI1CFGR_PLLP_1|RCC_PLLSAI1CFGR_PLLP_2)     
 784:Drivers/STM32WBxx_HAL_Driver/Inc/stm32wbxx_ll_rcc.h **** #define LL_RCC_PLLSAI1P_DIV_8                  (RCC_PLLSAI1CFGR_PLLP_0|RCC_PLLSAI1CFGR_PLLP_1|RCC_P
 785:Drivers/STM32WBxx_HAL_Driver/Inc/stm32wbxx_ll_rcc.h **** #define LL_RCC_PLLSAI1P_DIV_9                  (RCC_PLLSAI1CFGR_PLLP_3)                            
 786:Drivers/STM32WBxx_HAL_Driver/Inc/stm32wbxx_ll_rcc.h **** #define LL_RCC_PLLSAI1P_DIV_10                 (RCC_PLLSAI1CFGR_PLLP_0|RCC_PLLSAI1CFGR_PLLP_3)     
 787:Drivers/STM32WBxx_HAL_Driver/Inc/stm32wbxx_ll_rcc.h **** #define LL_RCC_PLLSAI1P_DIV_11                 (RCC_PLLSAI1CFGR_PLLP_1|RCC_PLLSAI1CFGR_PLLP_3)     
ARM GAS  /tmp/cciSPV86.s 			page 45


 788:Drivers/STM32WBxx_HAL_Driver/Inc/stm32wbxx_ll_rcc.h **** #define LL_RCC_PLLSAI1P_DIV_12                 (RCC_PLLSAI1CFGR_PLLP_0|RCC_PLLSAI1CFGR_PLLP_1|RCC_P
 789:Drivers/STM32WBxx_HAL_Driver/Inc/stm32wbxx_ll_rcc.h **** #define LL_RCC_PLLSAI1P_DIV_13                 (RCC_PLLSAI1CFGR_PLLP_2|RCC_PLLSAI1CFGR_PLLP_3)     
 790:Drivers/STM32WBxx_HAL_Driver/Inc/stm32wbxx_ll_rcc.h **** #define LL_RCC_PLLSAI1P_DIV_14                 (RCC_PLLSAI1CFGR_PLLP_0|RCC_PLLSAI1CFGR_PLLP_2|RCC_P
 791:Drivers/STM32WBxx_HAL_Driver/Inc/stm32wbxx_ll_rcc.h **** #define LL_RCC_PLLSAI1P_DIV_15                 (RCC_PLLSAI1CFGR_PLLP_1|RCC_PLLSAI1CFGR_PLLP_2|RCC_P
 792:Drivers/STM32WBxx_HAL_Driver/Inc/stm32wbxx_ll_rcc.h **** #define LL_RCC_PLLSAI1P_DIV_16                 (RCC_PLLSAI1CFGR_PLLP_0|RCC_PLLSAI1CFGR_PLLP_1|RCC_P
 793:Drivers/STM32WBxx_HAL_Driver/Inc/stm32wbxx_ll_rcc.h **** #define LL_RCC_PLLSAI1P_DIV_17                 (RCC_PLLSAI1CFGR_PLLP_4)                            
 794:Drivers/STM32WBxx_HAL_Driver/Inc/stm32wbxx_ll_rcc.h **** #define LL_RCC_PLLSAI1P_DIV_18                 (RCC_PLLSAI1CFGR_PLLP_0|RCC_PLLSAI1CFGR_PLLP_4)     
 795:Drivers/STM32WBxx_HAL_Driver/Inc/stm32wbxx_ll_rcc.h **** #define LL_RCC_PLLSAI1P_DIV_19                 (RCC_PLLSAI1CFGR_PLLP_1|RCC_PLLSAI1CFGR_PLLP_4)     
 796:Drivers/STM32WBxx_HAL_Driver/Inc/stm32wbxx_ll_rcc.h **** #define LL_RCC_PLLSAI1P_DIV_20                 (RCC_PLLSAI1CFGR_PLLP_0|RCC_PLLSAI1CFGR_PLLP_1|RCC_P
 797:Drivers/STM32WBxx_HAL_Driver/Inc/stm32wbxx_ll_rcc.h **** #define LL_RCC_PLLSAI1P_DIV_21                 (RCC_PLLSAI1CFGR_PLLP_2|RCC_PLLSAI1CFGR_PLLP_4)     
 798:Drivers/STM32WBxx_HAL_Driver/Inc/stm32wbxx_ll_rcc.h **** #define LL_RCC_PLLSAI1P_DIV_22                 (RCC_PLLSAI1CFGR_PLLP_0|RCC_PLLSAI1CFGR_PLLP_2|RCC_P
 799:Drivers/STM32WBxx_HAL_Driver/Inc/stm32wbxx_ll_rcc.h **** #define LL_RCC_PLLSAI1P_DIV_23                 (RCC_PLLSAI1CFGR_PLLP_1|RCC_PLLSAI1CFGR_PLLP_2|RCC_P
 800:Drivers/STM32WBxx_HAL_Driver/Inc/stm32wbxx_ll_rcc.h **** #define LL_RCC_PLLSAI1P_DIV_24                 (RCC_PLLSAI1CFGR_PLLP_0|RCC_PLLSAI1CFGR_PLLP_1|RCC_P
 801:Drivers/STM32WBxx_HAL_Driver/Inc/stm32wbxx_ll_rcc.h **** #define LL_RCC_PLLSAI1P_DIV_25                 (RCC_PLLSAI1CFGR_PLLP_3|RCC_PLLSAI1CFGR_PLLP_4)     
 802:Drivers/STM32WBxx_HAL_Driver/Inc/stm32wbxx_ll_rcc.h **** #define LL_RCC_PLLSAI1P_DIV_26                 (RCC_PLLSAI1CFGR_PLLP_0|RCC_PLLSAI1CFGR_PLLP_3|RCC_P
 803:Drivers/STM32WBxx_HAL_Driver/Inc/stm32wbxx_ll_rcc.h **** #define LL_RCC_PLLSAI1P_DIV_27                 (RCC_PLLSAI1CFGR_PLLP_1|RCC_PLLSAI1CFGR_PLLP_3|RCC_P
 804:Drivers/STM32WBxx_HAL_Driver/Inc/stm32wbxx_ll_rcc.h **** #define LL_RCC_PLLSAI1P_DIV_28                 (RCC_PLLSAI1CFGR_PLLP_0|RCC_PLLSAI1CFGR_PLLP_1|RCC_P
 805:Drivers/STM32WBxx_HAL_Driver/Inc/stm32wbxx_ll_rcc.h **** #define LL_RCC_PLLSAI1P_DIV_29                 (RCC_PLLSAI1CFGR_PLLP_2|RCC_PLLSAI1CFGR_PLLP_3|RCC_P
 806:Drivers/STM32WBxx_HAL_Driver/Inc/stm32wbxx_ll_rcc.h **** #define LL_RCC_PLLSAI1P_DIV_30                 (RCC_PLLSAI1CFGR_PLLP_0|RCC_PLLSAI1CFGR_PLLP_2|RCC_P
 807:Drivers/STM32WBxx_HAL_Driver/Inc/stm32wbxx_ll_rcc.h **** #define LL_RCC_PLLSAI1P_DIV_31                 (RCC_PLLSAI1CFGR_PLLP_1|RCC_PLLSAI1CFGR_PLLP_2|RCC_P
 808:Drivers/STM32WBxx_HAL_Driver/Inc/stm32wbxx_ll_rcc.h **** #define LL_RCC_PLLSAI1P_DIV_32                 (RCC_PLLSAI1CFGR_PLLP_0|RCC_PLLSAI1CFGR_PLLP_1|RCC_P
 809:Drivers/STM32WBxx_HAL_Driver/Inc/stm32wbxx_ll_rcc.h **** /**
 810:Drivers/STM32WBxx_HAL_Driver/Inc/stm32wbxx_ll_rcc.h ****   * @}
 811:Drivers/STM32WBxx_HAL_Driver/Inc/stm32wbxx_ll_rcc.h ****   */
 812:Drivers/STM32WBxx_HAL_Driver/Inc/stm32wbxx_ll_rcc.h **** 
 813:Drivers/STM32WBxx_HAL_Driver/Inc/stm32wbxx_ll_rcc.h **** /** @defgroup RCC_LL_EC_PLLSAI1R  PLLSAI1 division factor (PLLR)
 814:Drivers/STM32WBxx_HAL_Driver/Inc/stm32wbxx_ll_rcc.h ****   * @{
 815:Drivers/STM32WBxx_HAL_Driver/Inc/stm32wbxx_ll_rcc.h ****   */
 816:Drivers/STM32WBxx_HAL_Driver/Inc/stm32wbxx_ll_rcc.h **** #define LL_RCC_PLLSAI1R_DIV_2              (RCC_PLLSAI1CFGR_PLLR_0)                                
 817:Drivers/STM32WBxx_HAL_Driver/Inc/stm32wbxx_ll_rcc.h **** #define LL_RCC_PLLSAI1R_DIV_3              (RCC_PLLSAI1CFGR_PLLR_1)                                
 818:Drivers/STM32WBxx_HAL_Driver/Inc/stm32wbxx_ll_rcc.h **** #define LL_RCC_PLLSAI1R_DIV_4              (RCC_PLLSAI1CFGR_PLLR_1 | RCC_PLLSAI1CFGR_PLLR_0)       
 819:Drivers/STM32WBxx_HAL_Driver/Inc/stm32wbxx_ll_rcc.h **** #define LL_RCC_PLLSAI1R_DIV_5              (RCC_PLLSAI1CFGR_PLLR_2)                                
 820:Drivers/STM32WBxx_HAL_Driver/Inc/stm32wbxx_ll_rcc.h **** #define LL_RCC_PLLSAI1R_DIV_6              (RCC_PLLSAI1CFGR_PLLR_2 | RCC_PLLSAI1CFGR_PLLR_0)       
 821:Drivers/STM32WBxx_HAL_Driver/Inc/stm32wbxx_ll_rcc.h **** #define LL_RCC_PLLSAI1R_DIV_7              (RCC_PLLSAI1CFGR_PLLR_2 | RCC_PLLSAI1CFGR_PLLR_1)       
 822:Drivers/STM32WBxx_HAL_Driver/Inc/stm32wbxx_ll_rcc.h **** #define LL_RCC_PLLSAI1R_DIV_8              (RCC_PLLSAI1CFGR_PLLR_2 | RCC_PLLSAI1CFGR_PLLR_1 | RCC_P
 823:Drivers/STM32WBxx_HAL_Driver/Inc/stm32wbxx_ll_rcc.h **** /**
 824:Drivers/STM32WBxx_HAL_Driver/Inc/stm32wbxx_ll_rcc.h ****   * @}
 825:Drivers/STM32WBxx_HAL_Driver/Inc/stm32wbxx_ll_rcc.h ****   */
 826:Drivers/STM32WBxx_HAL_Driver/Inc/stm32wbxx_ll_rcc.h **** #endif /* SAI1 */
 827:Drivers/STM32WBxx_HAL_Driver/Inc/stm32wbxx_ll_rcc.h **** 
 828:Drivers/STM32WBxx_HAL_Driver/Inc/stm32wbxx_ll_rcc.h **** /**
 829:Drivers/STM32WBxx_HAL_Driver/Inc/stm32wbxx_ll_rcc.h ****   * @}
 830:Drivers/STM32WBxx_HAL_Driver/Inc/stm32wbxx_ll_rcc.h ****   */
 831:Drivers/STM32WBxx_HAL_Driver/Inc/stm32wbxx_ll_rcc.h **** 
 832:Drivers/STM32WBxx_HAL_Driver/Inc/stm32wbxx_ll_rcc.h **** /* Exported macro ------------------------------------------------------------*/
 833:Drivers/STM32WBxx_HAL_Driver/Inc/stm32wbxx_ll_rcc.h **** /** @defgroup RCC_LL_Exported_Macros RCC Exported Macros
 834:Drivers/STM32WBxx_HAL_Driver/Inc/stm32wbxx_ll_rcc.h ****   * @{
 835:Drivers/STM32WBxx_HAL_Driver/Inc/stm32wbxx_ll_rcc.h ****   */
 836:Drivers/STM32WBxx_HAL_Driver/Inc/stm32wbxx_ll_rcc.h **** 
 837:Drivers/STM32WBxx_HAL_Driver/Inc/stm32wbxx_ll_rcc.h **** /** @defgroup RCC_LL_EM_WRITE_READ Common Write and read registers Macros
 838:Drivers/STM32WBxx_HAL_Driver/Inc/stm32wbxx_ll_rcc.h ****   * @{
 839:Drivers/STM32WBxx_HAL_Driver/Inc/stm32wbxx_ll_rcc.h ****   */
 840:Drivers/STM32WBxx_HAL_Driver/Inc/stm32wbxx_ll_rcc.h **** 
 841:Drivers/STM32WBxx_HAL_Driver/Inc/stm32wbxx_ll_rcc.h **** /**
 842:Drivers/STM32WBxx_HAL_Driver/Inc/stm32wbxx_ll_rcc.h ****   * @brief  Write a value in RCC register
 843:Drivers/STM32WBxx_HAL_Driver/Inc/stm32wbxx_ll_rcc.h ****   * @param  __REG__ Register to be written
 844:Drivers/STM32WBxx_HAL_Driver/Inc/stm32wbxx_ll_rcc.h ****   * @param  __VALUE__ Value to be written in the register
ARM GAS  /tmp/cciSPV86.s 			page 46


 845:Drivers/STM32WBxx_HAL_Driver/Inc/stm32wbxx_ll_rcc.h ****   * @retval None
 846:Drivers/STM32WBxx_HAL_Driver/Inc/stm32wbxx_ll_rcc.h ****   */
 847:Drivers/STM32WBxx_HAL_Driver/Inc/stm32wbxx_ll_rcc.h **** #define LL_RCC_WriteReg(__REG__, __VALUE__) WRITE_REG(RCC->__REG__, (__VALUE__))
 848:Drivers/STM32WBxx_HAL_Driver/Inc/stm32wbxx_ll_rcc.h **** 
 849:Drivers/STM32WBxx_HAL_Driver/Inc/stm32wbxx_ll_rcc.h **** /**
 850:Drivers/STM32WBxx_HAL_Driver/Inc/stm32wbxx_ll_rcc.h ****   * @brief  Read a value in RCC register
 851:Drivers/STM32WBxx_HAL_Driver/Inc/stm32wbxx_ll_rcc.h ****   * @param  __REG__ Register to be read
 852:Drivers/STM32WBxx_HAL_Driver/Inc/stm32wbxx_ll_rcc.h ****   * @retval Register value
 853:Drivers/STM32WBxx_HAL_Driver/Inc/stm32wbxx_ll_rcc.h ****   */
 854:Drivers/STM32WBxx_HAL_Driver/Inc/stm32wbxx_ll_rcc.h **** #define LL_RCC_ReadReg(__REG__) READ_REG(RCC->__REG__)
 855:Drivers/STM32WBxx_HAL_Driver/Inc/stm32wbxx_ll_rcc.h **** /**
 856:Drivers/STM32WBxx_HAL_Driver/Inc/stm32wbxx_ll_rcc.h ****   * @}
 857:Drivers/STM32WBxx_HAL_Driver/Inc/stm32wbxx_ll_rcc.h ****   */
 858:Drivers/STM32WBxx_HAL_Driver/Inc/stm32wbxx_ll_rcc.h **** 
 859:Drivers/STM32WBxx_HAL_Driver/Inc/stm32wbxx_ll_rcc.h **** /** @defgroup RCC_LL_EM_CALC_FREQ Calculate frequencies
 860:Drivers/STM32WBxx_HAL_Driver/Inc/stm32wbxx_ll_rcc.h ****   * @{
 861:Drivers/STM32WBxx_HAL_Driver/Inc/stm32wbxx_ll_rcc.h ****   */
 862:Drivers/STM32WBxx_HAL_Driver/Inc/stm32wbxx_ll_rcc.h **** 
 863:Drivers/STM32WBxx_HAL_Driver/Inc/stm32wbxx_ll_rcc.h **** /**
 864:Drivers/STM32WBxx_HAL_Driver/Inc/stm32wbxx_ll_rcc.h ****   * @brief  Helper macro to calculate the PLLRCLK frequency on system domain
 865:Drivers/STM32WBxx_HAL_Driver/Inc/stm32wbxx_ll_rcc.h ****   * @note ex: @ref __LL_RCC_CALC_PLLCLK_FREQ (HSE_VALUE,@ref LL_RCC_PLL_GetDivider (),
 866:Drivers/STM32WBxx_HAL_Driver/Inc/stm32wbxx_ll_rcc.h ****   *             @ref LL_RCC_PLL_GetN (), @ref LL_RCC_PLL_GetR ());
 867:Drivers/STM32WBxx_HAL_Driver/Inc/stm32wbxx_ll_rcc.h ****   * @param  __INPUTFREQ__ PLL Input frequency (based on MSI/HSE/HSI)
 868:Drivers/STM32WBxx_HAL_Driver/Inc/stm32wbxx_ll_rcc.h ****   * @param  __PLLM__ This parameter can be one of the following values:
 869:Drivers/STM32WBxx_HAL_Driver/Inc/stm32wbxx_ll_rcc.h ****   *         @arg @ref LL_RCC_PLLM_DIV_1
 870:Drivers/STM32WBxx_HAL_Driver/Inc/stm32wbxx_ll_rcc.h ****   *         @arg @ref LL_RCC_PLLM_DIV_2
 871:Drivers/STM32WBxx_HAL_Driver/Inc/stm32wbxx_ll_rcc.h ****   *         @arg @ref LL_RCC_PLLM_DIV_3
 872:Drivers/STM32WBxx_HAL_Driver/Inc/stm32wbxx_ll_rcc.h ****   *         @arg @ref LL_RCC_PLLM_DIV_4
 873:Drivers/STM32WBxx_HAL_Driver/Inc/stm32wbxx_ll_rcc.h ****   *         @arg @ref LL_RCC_PLLM_DIV_5
 874:Drivers/STM32WBxx_HAL_Driver/Inc/stm32wbxx_ll_rcc.h ****   *         @arg @ref LL_RCC_PLLM_DIV_6
 875:Drivers/STM32WBxx_HAL_Driver/Inc/stm32wbxx_ll_rcc.h ****   *         @arg @ref LL_RCC_PLLM_DIV_7
 876:Drivers/STM32WBxx_HAL_Driver/Inc/stm32wbxx_ll_rcc.h ****   *         @arg @ref LL_RCC_PLLM_DIV_8
 877:Drivers/STM32WBxx_HAL_Driver/Inc/stm32wbxx_ll_rcc.h ****   * @param  __PLLN__ Between Min_Data = 6 and Max_Data = 127
 878:Drivers/STM32WBxx_HAL_Driver/Inc/stm32wbxx_ll_rcc.h ****   * @param  __PLLR__ This parameter can be one of the following values:
 879:Drivers/STM32WBxx_HAL_Driver/Inc/stm32wbxx_ll_rcc.h ****   *         @arg @ref LL_RCC_PLLR_DIV_2
 880:Drivers/STM32WBxx_HAL_Driver/Inc/stm32wbxx_ll_rcc.h ****   *         @arg @ref LL_RCC_PLLR_DIV_3
 881:Drivers/STM32WBxx_HAL_Driver/Inc/stm32wbxx_ll_rcc.h ****   *         @arg @ref LL_RCC_PLLR_DIV_4
 882:Drivers/STM32WBxx_HAL_Driver/Inc/stm32wbxx_ll_rcc.h ****   *         @arg @ref LL_RCC_PLLR_DIV_5
 883:Drivers/STM32WBxx_HAL_Driver/Inc/stm32wbxx_ll_rcc.h ****   *         @arg @ref LL_RCC_PLLR_DIV_6
 884:Drivers/STM32WBxx_HAL_Driver/Inc/stm32wbxx_ll_rcc.h ****   *         @arg @ref LL_RCC_PLLR_DIV_7
 885:Drivers/STM32WBxx_HAL_Driver/Inc/stm32wbxx_ll_rcc.h ****   *         @arg @ref LL_RCC_PLLR_DIV_8
 886:Drivers/STM32WBxx_HAL_Driver/Inc/stm32wbxx_ll_rcc.h ****   * @retval PLL clock frequency (in Hz)
 887:Drivers/STM32WBxx_HAL_Driver/Inc/stm32wbxx_ll_rcc.h ****   */
 888:Drivers/STM32WBxx_HAL_Driver/Inc/stm32wbxx_ll_rcc.h **** #define __LL_RCC_CALC_PLLCLK_FREQ(__INPUTFREQ__, __PLLM__, __PLLN__, __PLLR__) ((__INPUTFREQ__) * (
 889:Drivers/STM32WBxx_HAL_Driver/Inc/stm32wbxx_ll_rcc.h ****                                                                                 (((__PLLR__) >> RCC
 890:Drivers/STM32WBxx_HAL_Driver/Inc/stm32wbxx_ll_rcc.h **** 
 891:Drivers/STM32WBxx_HAL_Driver/Inc/stm32wbxx_ll_rcc.h **** #if defined(SAI1)
 892:Drivers/STM32WBxx_HAL_Driver/Inc/stm32wbxx_ll_rcc.h **** /**
 893:Drivers/STM32WBxx_HAL_Driver/Inc/stm32wbxx_ll_rcc.h ****   * @brief  Helper macro to calculate the PLLPCLK frequency used on SAI domain
 894:Drivers/STM32WBxx_HAL_Driver/Inc/stm32wbxx_ll_rcc.h ****   * @note ex: @ref __LL_RCC_CALC_PLLCLK_SAI_FREQ (HSE_VALUE,@ref LL_RCC_PLL_GetDivider (),
 895:Drivers/STM32WBxx_HAL_Driver/Inc/stm32wbxx_ll_rcc.h ****   *             @ref LL_RCC_PLL_GetN (), @ref LL_RCC_PLL_GetP ());
 896:Drivers/STM32WBxx_HAL_Driver/Inc/stm32wbxx_ll_rcc.h ****   * @param  __INPUTFREQ__ PLL Input frequency (based on MSI/HSE/HSI)
 897:Drivers/STM32WBxx_HAL_Driver/Inc/stm32wbxx_ll_rcc.h ****   * @param  __PLLM__ This parameter can be one of the following values:
 898:Drivers/STM32WBxx_HAL_Driver/Inc/stm32wbxx_ll_rcc.h ****   *         @arg @ref LL_RCC_PLLM_DIV_1
 899:Drivers/STM32WBxx_HAL_Driver/Inc/stm32wbxx_ll_rcc.h ****   *         @arg @ref LL_RCC_PLLM_DIV_2
 900:Drivers/STM32WBxx_HAL_Driver/Inc/stm32wbxx_ll_rcc.h ****   *         @arg @ref LL_RCC_PLLM_DIV_3
 901:Drivers/STM32WBxx_HAL_Driver/Inc/stm32wbxx_ll_rcc.h ****   *         @arg @ref LL_RCC_PLLM_DIV_4
ARM GAS  /tmp/cciSPV86.s 			page 47


 902:Drivers/STM32WBxx_HAL_Driver/Inc/stm32wbxx_ll_rcc.h ****   *         @arg @ref LL_RCC_PLLM_DIV_5
 903:Drivers/STM32WBxx_HAL_Driver/Inc/stm32wbxx_ll_rcc.h ****   *         @arg @ref LL_RCC_PLLM_DIV_6
 904:Drivers/STM32WBxx_HAL_Driver/Inc/stm32wbxx_ll_rcc.h ****   *         @arg @ref LL_RCC_PLLM_DIV_7
 905:Drivers/STM32WBxx_HAL_Driver/Inc/stm32wbxx_ll_rcc.h ****   *         @arg @ref LL_RCC_PLLM_DIV_8
 906:Drivers/STM32WBxx_HAL_Driver/Inc/stm32wbxx_ll_rcc.h ****   * @param  __PLLN__ Between Min_Data = 6 and Max_Data = 127
 907:Drivers/STM32WBxx_HAL_Driver/Inc/stm32wbxx_ll_rcc.h ****   * @param  __PLLP__ This parameter can be one of the following values:
 908:Drivers/STM32WBxx_HAL_Driver/Inc/stm32wbxx_ll_rcc.h ****   *         @arg @ref LL_RCC_PLLP_DIV_2
 909:Drivers/STM32WBxx_HAL_Driver/Inc/stm32wbxx_ll_rcc.h ****   *         @arg @ref LL_RCC_PLLP_DIV_3
 910:Drivers/STM32WBxx_HAL_Driver/Inc/stm32wbxx_ll_rcc.h ****   *         @arg @ref LL_RCC_PLLP_DIV_4
 911:Drivers/STM32WBxx_HAL_Driver/Inc/stm32wbxx_ll_rcc.h ****   *         @arg @ref LL_RCC_PLLP_DIV_5
 912:Drivers/STM32WBxx_HAL_Driver/Inc/stm32wbxx_ll_rcc.h ****   *         @arg @ref LL_RCC_PLLP_DIV_6
 913:Drivers/STM32WBxx_HAL_Driver/Inc/stm32wbxx_ll_rcc.h ****   *         @arg @ref LL_RCC_PLLP_DIV_7
 914:Drivers/STM32WBxx_HAL_Driver/Inc/stm32wbxx_ll_rcc.h ****   *         @arg @ref LL_RCC_PLLP_DIV_8
 915:Drivers/STM32WBxx_HAL_Driver/Inc/stm32wbxx_ll_rcc.h ****   *         @arg @ref LL_RCC_PLLP_DIV_9
 916:Drivers/STM32WBxx_HAL_Driver/Inc/stm32wbxx_ll_rcc.h ****   *         @arg @ref LL_RCC_PLLP_DIV_10
 917:Drivers/STM32WBxx_HAL_Driver/Inc/stm32wbxx_ll_rcc.h ****   *         @arg @ref LL_RCC_PLLP_DIV_11
 918:Drivers/STM32WBxx_HAL_Driver/Inc/stm32wbxx_ll_rcc.h ****   *         @arg @ref LL_RCC_PLLP_DIV_12
 919:Drivers/STM32WBxx_HAL_Driver/Inc/stm32wbxx_ll_rcc.h ****   *         @arg @ref LL_RCC_PLLP_DIV_13
 920:Drivers/STM32WBxx_HAL_Driver/Inc/stm32wbxx_ll_rcc.h ****   *         @arg @ref LL_RCC_PLLP_DIV_14
 921:Drivers/STM32WBxx_HAL_Driver/Inc/stm32wbxx_ll_rcc.h ****   *         @arg @ref LL_RCC_PLLP_DIV_15
 922:Drivers/STM32WBxx_HAL_Driver/Inc/stm32wbxx_ll_rcc.h ****   *         @arg @ref LL_RCC_PLLP_DIV_16
 923:Drivers/STM32WBxx_HAL_Driver/Inc/stm32wbxx_ll_rcc.h ****   *         @arg @ref LL_RCC_PLLP_DIV_17
 924:Drivers/STM32WBxx_HAL_Driver/Inc/stm32wbxx_ll_rcc.h ****   *         @arg @ref LL_RCC_PLLP_DIV_18
 925:Drivers/STM32WBxx_HAL_Driver/Inc/stm32wbxx_ll_rcc.h ****   *         @arg @ref LL_RCC_PLLP_DIV_19
 926:Drivers/STM32WBxx_HAL_Driver/Inc/stm32wbxx_ll_rcc.h ****   *         @arg @ref LL_RCC_PLLP_DIV_20
 927:Drivers/STM32WBxx_HAL_Driver/Inc/stm32wbxx_ll_rcc.h ****   *         @arg @ref LL_RCC_PLLP_DIV_21
 928:Drivers/STM32WBxx_HAL_Driver/Inc/stm32wbxx_ll_rcc.h ****   *         @arg @ref LL_RCC_PLLP_DIV_22
 929:Drivers/STM32WBxx_HAL_Driver/Inc/stm32wbxx_ll_rcc.h ****   *         @arg @ref LL_RCC_PLLP_DIV_23
 930:Drivers/STM32WBxx_HAL_Driver/Inc/stm32wbxx_ll_rcc.h ****   *         @arg @ref LL_RCC_PLLP_DIV_24
 931:Drivers/STM32WBxx_HAL_Driver/Inc/stm32wbxx_ll_rcc.h ****   *         @arg @ref LL_RCC_PLLP_DIV_25
 932:Drivers/STM32WBxx_HAL_Driver/Inc/stm32wbxx_ll_rcc.h ****   *         @arg @ref LL_RCC_PLLP_DIV_26
 933:Drivers/STM32WBxx_HAL_Driver/Inc/stm32wbxx_ll_rcc.h ****   *         @arg @ref LL_RCC_PLLP_DIV_27
 934:Drivers/STM32WBxx_HAL_Driver/Inc/stm32wbxx_ll_rcc.h ****   *         @arg @ref LL_RCC_PLLP_DIV_28
 935:Drivers/STM32WBxx_HAL_Driver/Inc/stm32wbxx_ll_rcc.h ****   *         @arg @ref LL_RCC_PLLP_DIV_29
 936:Drivers/STM32WBxx_HAL_Driver/Inc/stm32wbxx_ll_rcc.h ****   *         @arg @ref LL_RCC_PLLP_DIV_30
 937:Drivers/STM32WBxx_HAL_Driver/Inc/stm32wbxx_ll_rcc.h ****   *         @arg @ref LL_RCC_PLLP_DIV_31
 938:Drivers/STM32WBxx_HAL_Driver/Inc/stm32wbxx_ll_rcc.h ****   * @retval PLL clock frequency (in Hz)
 939:Drivers/STM32WBxx_HAL_Driver/Inc/stm32wbxx_ll_rcc.h ****   */
 940:Drivers/STM32WBxx_HAL_Driver/Inc/stm32wbxx_ll_rcc.h **** #define __LL_RCC_CALC_PLLCLK_SAI_FREQ(__INPUTFREQ__, __PLLM__, __PLLN__, __PLLP__) ((__INPUTFREQ__)
 941:Drivers/STM32WBxx_HAL_Driver/Inc/stm32wbxx_ll_rcc.h ****     (((__PLLP__) >> RCC_PLLCFGR_PLLP_Pos) + 1U))
 942:Drivers/STM32WBxx_HAL_Driver/Inc/stm32wbxx_ll_rcc.h **** #endif /* SAI1 */
 943:Drivers/STM32WBxx_HAL_Driver/Inc/stm32wbxx_ll_rcc.h **** 
 944:Drivers/STM32WBxx_HAL_Driver/Inc/stm32wbxx_ll_rcc.h **** /**
 945:Drivers/STM32WBxx_HAL_Driver/Inc/stm32wbxx_ll_rcc.h ****   * @brief  Helper macro to calculate the PLLPCLK frequency used on ADC domain
 946:Drivers/STM32WBxx_HAL_Driver/Inc/stm32wbxx_ll_rcc.h ****   * @note ex: @ref __LL_RCC_CALC_PLLCLK_ADC_FREQ (HSE_VALUE,@ref LL_RCC_PLL_GetDivider (),
 947:Drivers/STM32WBxx_HAL_Driver/Inc/stm32wbxx_ll_rcc.h ****   *             @ref LL_RCC_PLL_GetN (), @ref LL_RCC_PLL_GetP ());
 948:Drivers/STM32WBxx_HAL_Driver/Inc/stm32wbxx_ll_rcc.h ****   * @param  __INPUTFREQ__ PLL Input frequency (based on MSI/HSE/HSI)
 949:Drivers/STM32WBxx_HAL_Driver/Inc/stm32wbxx_ll_rcc.h ****   * @param  __PLLM__ This parameter can be one of the following values:
 950:Drivers/STM32WBxx_HAL_Driver/Inc/stm32wbxx_ll_rcc.h ****   *         @arg @ref LL_RCC_PLLM_DIV_1
 951:Drivers/STM32WBxx_HAL_Driver/Inc/stm32wbxx_ll_rcc.h ****   *         @arg @ref LL_RCC_PLLM_DIV_2
 952:Drivers/STM32WBxx_HAL_Driver/Inc/stm32wbxx_ll_rcc.h ****   *         @arg @ref LL_RCC_PLLM_DIV_3
 953:Drivers/STM32WBxx_HAL_Driver/Inc/stm32wbxx_ll_rcc.h ****   *         @arg @ref LL_RCC_PLLM_DIV_4
 954:Drivers/STM32WBxx_HAL_Driver/Inc/stm32wbxx_ll_rcc.h ****   *         @arg @ref LL_RCC_PLLM_DIV_5
 955:Drivers/STM32WBxx_HAL_Driver/Inc/stm32wbxx_ll_rcc.h ****   *         @arg @ref LL_RCC_PLLM_DIV_6
 956:Drivers/STM32WBxx_HAL_Driver/Inc/stm32wbxx_ll_rcc.h ****   *         @arg @ref LL_RCC_PLLM_DIV_7
 957:Drivers/STM32WBxx_HAL_Driver/Inc/stm32wbxx_ll_rcc.h ****   *         @arg @ref LL_RCC_PLLM_DIV_8
 958:Drivers/STM32WBxx_HAL_Driver/Inc/stm32wbxx_ll_rcc.h ****   * @param  __PLLN__ Between Min_Data = 6 and Max_Data = 127
ARM GAS  /tmp/cciSPV86.s 			page 48


 959:Drivers/STM32WBxx_HAL_Driver/Inc/stm32wbxx_ll_rcc.h ****   * @param  __PLLP__ This parameter can be one of the following values:
 960:Drivers/STM32WBxx_HAL_Driver/Inc/stm32wbxx_ll_rcc.h ****   *         @arg @ref LL_RCC_PLLP_DIV_2
 961:Drivers/STM32WBxx_HAL_Driver/Inc/stm32wbxx_ll_rcc.h ****   *         @arg @ref LL_RCC_PLLP_DIV_3
 962:Drivers/STM32WBxx_HAL_Driver/Inc/stm32wbxx_ll_rcc.h ****   *         @arg @ref LL_RCC_PLLP_DIV_4
 963:Drivers/STM32WBxx_HAL_Driver/Inc/stm32wbxx_ll_rcc.h ****   *         @arg @ref LL_RCC_PLLP_DIV_5
 964:Drivers/STM32WBxx_HAL_Driver/Inc/stm32wbxx_ll_rcc.h ****   *         @arg @ref LL_RCC_PLLP_DIV_6
 965:Drivers/STM32WBxx_HAL_Driver/Inc/stm32wbxx_ll_rcc.h ****   *         @arg @ref LL_RCC_PLLP_DIV_7
 966:Drivers/STM32WBxx_HAL_Driver/Inc/stm32wbxx_ll_rcc.h ****   *         @arg @ref LL_RCC_PLLP_DIV_8
 967:Drivers/STM32WBxx_HAL_Driver/Inc/stm32wbxx_ll_rcc.h ****   *         @arg @ref LL_RCC_PLLP_DIV_9
 968:Drivers/STM32WBxx_HAL_Driver/Inc/stm32wbxx_ll_rcc.h ****   *         @arg @ref LL_RCC_PLLP_DIV_10
 969:Drivers/STM32WBxx_HAL_Driver/Inc/stm32wbxx_ll_rcc.h ****   *         @arg @ref LL_RCC_PLLP_DIV_11
 970:Drivers/STM32WBxx_HAL_Driver/Inc/stm32wbxx_ll_rcc.h ****   *         @arg @ref LL_RCC_PLLP_DIV_12
 971:Drivers/STM32WBxx_HAL_Driver/Inc/stm32wbxx_ll_rcc.h ****   *         @arg @ref LL_RCC_PLLP_DIV_13
 972:Drivers/STM32WBxx_HAL_Driver/Inc/stm32wbxx_ll_rcc.h ****   *         @arg @ref LL_RCC_PLLP_DIV_14
 973:Drivers/STM32WBxx_HAL_Driver/Inc/stm32wbxx_ll_rcc.h ****   *         @arg @ref LL_RCC_PLLP_DIV_15
 974:Drivers/STM32WBxx_HAL_Driver/Inc/stm32wbxx_ll_rcc.h ****   *         @arg @ref LL_RCC_PLLP_DIV_16
 975:Drivers/STM32WBxx_HAL_Driver/Inc/stm32wbxx_ll_rcc.h ****   *         @arg @ref LL_RCC_PLLP_DIV_17
 976:Drivers/STM32WBxx_HAL_Driver/Inc/stm32wbxx_ll_rcc.h ****   *         @arg @ref LL_RCC_PLLP_DIV_18
 977:Drivers/STM32WBxx_HAL_Driver/Inc/stm32wbxx_ll_rcc.h ****   *         @arg @ref LL_RCC_PLLP_DIV_19
 978:Drivers/STM32WBxx_HAL_Driver/Inc/stm32wbxx_ll_rcc.h ****   *         @arg @ref LL_RCC_PLLP_DIV_20
 979:Drivers/STM32WBxx_HAL_Driver/Inc/stm32wbxx_ll_rcc.h ****   *         @arg @ref LL_RCC_PLLP_DIV_21
 980:Drivers/STM32WBxx_HAL_Driver/Inc/stm32wbxx_ll_rcc.h ****   *         @arg @ref LL_RCC_PLLP_DIV_22
 981:Drivers/STM32WBxx_HAL_Driver/Inc/stm32wbxx_ll_rcc.h ****   *         @arg @ref LL_RCC_PLLP_DIV_23
 982:Drivers/STM32WBxx_HAL_Driver/Inc/stm32wbxx_ll_rcc.h ****   *         @arg @ref LL_RCC_PLLP_DIV_24
 983:Drivers/STM32WBxx_HAL_Driver/Inc/stm32wbxx_ll_rcc.h ****   *         @arg @ref LL_RCC_PLLP_DIV_25
 984:Drivers/STM32WBxx_HAL_Driver/Inc/stm32wbxx_ll_rcc.h ****   *         @arg @ref LL_RCC_PLLP_DIV_26
 985:Drivers/STM32WBxx_HAL_Driver/Inc/stm32wbxx_ll_rcc.h ****   *         @arg @ref LL_RCC_PLLP_DIV_27
 986:Drivers/STM32WBxx_HAL_Driver/Inc/stm32wbxx_ll_rcc.h ****   *         @arg @ref LL_RCC_PLLP_DIV_28
 987:Drivers/STM32WBxx_HAL_Driver/Inc/stm32wbxx_ll_rcc.h ****   *         @arg @ref LL_RCC_PLLP_DIV_29
 988:Drivers/STM32WBxx_HAL_Driver/Inc/stm32wbxx_ll_rcc.h ****   *         @arg @ref LL_RCC_PLLP_DIV_30
 989:Drivers/STM32WBxx_HAL_Driver/Inc/stm32wbxx_ll_rcc.h ****   *         @arg @ref LL_RCC_PLLP_DIV_31
 990:Drivers/STM32WBxx_HAL_Driver/Inc/stm32wbxx_ll_rcc.h ****   *         @arg @ref LL_RCC_PLLP_DIV_32
 991:Drivers/STM32WBxx_HAL_Driver/Inc/stm32wbxx_ll_rcc.h ****   * @retval PLL clock frequency (in Hz)
 992:Drivers/STM32WBxx_HAL_Driver/Inc/stm32wbxx_ll_rcc.h ****   */
 993:Drivers/STM32WBxx_HAL_Driver/Inc/stm32wbxx_ll_rcc.h **** #define __LL_RCC_CALC_PLLCLK_ADC_FREQ(__INPUTFREQ__, __PLLM__, __PLLN__, __PLLP__) ((__INPUTFREQ__)
 994:Drivers/STM32WBxx_HAL_Driver/Inc/stm32wbxx_ll_rcc.h ****     (((__PLLP__) >> RCC_PLLCFGR_PLLP_Pos) + 1U))
 995:Drivers/STM32WBxx_HAL_Driver/Inc/stm32wbxx_ll_rcc.h **** 
 996:Drivers/STM32WBxx_HAL_Driver/Inc/stm32wbxx_ll_rcc.h **** 
 997:Drivers/STM32WBxx_HAL_Driver/Inc/stm32wbxx_ll_rcc.h **** /**
 998:Drivers/STM32WBxx_HAL_Driver/Inc/stm32wbxx_ll_rcc.h ****   * @brief  Helper macro to calculate the PLLQCLK frequency used on 48M domain
 999:Drivers/STM32WBxx_HAL_Driver/Inc/stm32wbxx_ll_rcc.h ****   * @note ex: @ref __LL_RCC_CALC_PLLCLK_48M_FREQ (HSE_VALUE,@ref LL_RCC_PLL_GetDivider (),
1000:Drivers/STM32WBxx_HAL_Driver/Inc/stm32wbxx_ll_rcc.h ****   *             @ref LL_RCC_PLL_GetN (), @ref LL_RCC_PLL_GetQ ());
1001:Drivers/STM32WBxx_HAL_Driver/Inc/stm32wbxx_ll_rcc.h ****   * @param  __INPUTFREQ__ PLL Input frequency (based on MSI/HSE/HSI)
1002:Drivers/STM32WBxx_HAL_Driver/Inc/stm32wbxx_ll_rcc.h ****   * @param  __PLLM__ This parameter can be one of the following values:
1003:Drivers/STM32WBxx_HAL_Driver/Inc/stm32wbxx_ll_rcc.h ****   *         @arg @ref LL_RCC_PLLM_DIV_1
1004:Drivers/STM32WBxx_HAL_Driver/Inc/stm32wbxx_ll_rcc.h ****   *         @arg @ref LL_RCC_PLLM_DIV_2
1005:Drivers/STM32WBxx_HAL_Driver/Inc/stm32wbxx_ll_rcc.h ****   *         @arg @ref LL_RCC_PLLM_DIV_3
1006:Drivers/STM32WBxx_HAL_Driver/Inc/stm32wbxx_ll_rcc.h ****   *         @arg @ref LL_RCC_PLLM_DIV_4
1007:Drivers/STM32WBxx_HAL_Driver/Inc/stm32wbxx_ll_rcc.h ****   *         @arg @ref LL_RCC_PLLM_DIV_5
1008:Drivers/STM32WBxx_HAL_Driver/Inc/stm32wbxx_ll_rcc.h ****   *         @arg @ref LL_RCC_PLLM_DIV_6
1009:Drivers/STM32WBxx_HAL_Driver/Inc/stm32wbxx_ll_rcc.h ****   *         @arg @ref LL_RCC_PLLM_DIV_7
1010:Drivers/STM32WBxx_HAL_Driver/Inc/stm32wbxx_ll_rcc.h ****   *         @arg @ref LL_RCC_PLLM_DIV_8
1011:Drivers/STM32WBxx_HAL_Driver/Inc/stm32wbxx_ll_rcc.h ****   * @param  __PLLN__ Between Min_Data = 6 and Max_Data = 127
1012:Drivers/STM32WBxx_HAL_Driver/Inc/stm32wbxx_ll_rcc.h ****   * @param  __PLLQ__ This parameter can be one of the following values:
1013:Drivers/STM32WBxx_HAL_Driver/Inc/stm32wbxx_ll_rcc.h ****   *         @arg @ref LL_RCC_PLLQ_DIV_2
1014:Drivers/STM32WBxx_HAL_Driver/Inc/stm32wbxx_ll_rcc.h ****   *         @arg @ref LL_RCC_PLLQ_DIV_3
1015:Drivers/STM32WBxx_HAL_Driver/Inc/stm32wbxx_ll_rcc.h ****   *         @arg @ref LL_RCC_PLLQ_DIV_4
ARM GAS  /tmp/cciSPV86.s 			page 49


1016:Drivers/STM32WBxx_HAL_Driver/Inc/stm32wbxx_ll_rcc.h ****   *         @arg @ref LL_RCC_PLLQ_DIV_5
1017:Drivers/STM32WBxx_HAL_Driver/Inc/stm32wbxx_ll_rcc.h ****   *         @arg @ref LL_RCC_PLLQ_DIV_6
1018:Drivers/STM32WBxx_HAL_Driver/Inc/stm32wbxx_ll_rcc.h ****   *         @arg @ref LL_RCC_PLLQ_DIV_7
1019:Drivers/STM32WBxx_HAL_Driver/Inc/stm32wbxx_ll_rcc.h ****   *         @arg @ref LL_RCC_PLLQ_DIV_8
1020:Drivers/STM32WBxx_HAL_Driver/Inc/stm32wbxx_ll_rcc.h ****   * @retval PLL clock frequency (in Hz)
1021:Drivers/STM32WBxx_HAL_Driver/Inc/stm32wbxx_ll_rcc.h ****   */
1022:Drivers/STM32WBxx_HAL_Driver/Inc/stm32wbxx_ll_rcc.h **** #define __LL_RCC_CALC_PLLCLK_48M_FREQ(__INPUTFREQ__, __PLLM__, __PLLN__, __PLLQ__) ((__INPUTFREQ__)
1023:Drivers/STM32WBxx_HAL_Driver/Inc/stm32wbxx_ll_rcc.h ****     (((__PLLQ__) >> RCC_PLLCFGR_PLLQ_Pos) + 1U))
1024:Drivers/STM32WBxx_HAL_Driver/Inc/stm32wbxx_ll_rcc.h **** 
1025:Drivers/STM32WBxx_HAL_Driver/Inc/stm32wbxx_ll_rcc.h **** #if defined(SAI1)
1026:Drivers/STM32WBxx_HAL_Driver/Inc/stm32wbxx_ll_rcc.h **** /**
1027:Drivers/STM32WBxx_HAL_Driver/Inc/stm32wbxx_ll_rcc.h ****   * @brief  Helper macro to calculate the PLLSAI1PCLK frequency used for SAI domain
1028:Drivers/STM32WBxx_HAL_Driver/Inc/stm32wbxx_ll_rcc.h ****   * @note ex: @ref __LL_RCC_CALC_PLLSAI1_SAI_FREQ (HSE_VALUE,@ref LL_RCC_PLL_GetDivider (),
1029:Drivers/STM32WBxx_HAL_Driver/Inc/stm32wbxx_ll_rcc.h ****   *             @ref LL_RCC_PLLSAI1_GetN (), @ref LL_RCC_PLLSAI1_GetP ());
1030:Drivers/STM32WBxx_HAL_Driver/Inc/stm32wbxx_ll_rcc.h ****   * @param  __INPUTFREQ__ PLL Input frequency (based on MSI/HSE/HSI)
1031:Drivers/STM32WBxx_HAL_Driver/Inc/stm32wbxx_ll_rcc.h ****   * @param  __PLLM__ This parameter can be one of the following values:
1032:Drivers/STM32WBxx_HAL_Driver/Inc/stm32wbxx_ll_rcc.h ****   *         @arg @ref LL_RCC_PLLM_DIV_1
1033:Drivers/STM32WBxx_HAL_Driver/Inc/stm32wbxx_ll_rcc.h ****   *         @arg @ref LL_RCC_PLLM_DIV_2
1034:Drivers/STM32WBxx_HAL_Driver/Inc/stm32wbxx_ll_rcc.h ****   *         @arg @ref LL_RCC_PLLM_DIV_3
1035:Drivers/STM32WBxx_HAL_Driver/Inc/stm32wbxx_ll_rcc.h ****   *         @arg @ref LL_RCC_PLLM_DIV_4
1036:Drivers/STM32WBxx_HAL_Driver/Inc/stm32wbxx_ll_rcc.h ****   *         @arg @ref LL_RCC_PLLM_DIV_5
1037:Drivers/STM32WBxx_HAL_Driver/Inc/stm32wbxx_ll_rcc.h ****   *         @arg @ref LL_RCC_PLLM_DIV_6
1038:Drivers/STM32WBxx_HAL_Driver/Inc/stm32wbxx_ll_rcc.h ****   *         @arg @ref LL_RCC_PLLM_DIV_7
1039:Drivers/STM32WBxx_HAL_Driver/Inc/stm32wbxx_ll_rcc.h ****   *         @arg @ref LL_RCC_PLLM_DIV_8
1040:Drivers/STM32WBxx_HAL_Driver/Inc/stm32wbxx_ll_rcc.h ****   * @param  __PLLSAI1N__ Between 6 and 127
1041:Drivers/STM32WBxx_HAL_Driver/Inc/stm32wbxx_ll_rcc.h ****   * @param  __PLLSAI1P__ This parameter can be one of the following values:
1042:Drivers/STM32WBxx_HAL_Driver/Inc/stm32wbxx_ll_rcc.h ****   *         @arg @ref LL_RCC_PLLSAI1P_DIV_2
1043:Drivers/STM32WBxx_HAL_Driver/Inc/stm32wbxx_ll_rcc.h ****   *         @arg @ref LL_RCC_PLLSAI1P_DIV_3
1044:Drivers/STM32WBxx_HAL_Driver/Inc/stm32wbxx_ll_rcc.h ****   *         @arg @ref LL_RCC_PLLSAI1P_DIV_4
1045:Drivers/STM32WBxx_HAL_Driver/Inc/stm32wbxx_ll_rcc.h ****   *         @arg @ref LL_RCC_PLLSAI1P_DIV_5
1046:Drivers/STM32WBxx_HAL_Driver/Inc/stm32wbxx_ll_rcc.h ****   *         @arg @ref LL_RCC_PLLSAI1P_DIV_6
1047:Drivers/STM32WBxx_HAL_Driver/Inc/stm32wbxx_ll_rcc.h ****   *         @arg @ref LL_RCC_PLLSAI1P_DIV_7
1048:Drivers/STM32WBxx_HAL_Driver/Inc/stm32wbxx_ll_rcc.h ****   *         @arg @ref LL_RCC_PLLSAI1P_DIV_8
1049:Drivers/STM32WBxx_HAL_Driver/Inc/stm32wbxx_ll_rcc.h ****   *         @arg @ref LL_RCC_PLLSAI1P_DIV_9
1050:Drivers/STM32WBxx_HAL_Driver/Inc/stm32wbxx_ll_rcc.h ****   *         @arg @ref LL_RCC_PLLSAI1P_DIV_10
1051:Drivers/STM32WBxx_HAL_Driver/Inc/stm32wbxx_ll_rcc.h ****   *         @arg @ref LL_RCC_PLLSAI1P_DIV_11
1052:Drivers/STM32WBxx_HAL_Driver/Inc/stm32wbxx_ll_rcc.h ****   *         @arg @ref LL_RCC_PLLSAI1P_DIV_12
1053:Drivers/STM32WBxx_HAL_Driver/Inc/stm32wbxx_ll_rcc.h ****   *         @arg @ref LL_RCC_PLLSAI1P_DIV_13
1054:Drivers/STM32WBxx_HAL_Driver/Inc/stm32wbxx_ll_rcc.h ****   *         @arg @ref LL_RCC_PLLSAI1P_DIV_14
1055:Drivers/STM32WBxx_HAL_Driver/Inc/stm32wbxx_ll_rcc.h ****   *         @arg @ref LL_RCC_PLLSAI1P_DIV_15
1056:Drivers/STM32WBxx_HAL_Driver/Inc/stm32wbxx_ll_rcc.h ****   *         @arg @ref LL_RCC_PLLSAI1P_DIV_16
1057:Drivers/STM32WBxx_HAL_Driver/Inc/stm32wbxx_ll_rcc.h ****   *         @arg @ref LL_RCC_PLLSAI1P_DIV_17
1058:Drivers/STM32WBxx_HAL_Driver/Inc/stm32wbxx_ll_rcc.h ****   *         @arg @ref LL_RCC_PLLSAI1P_DIV_18
1059:Drivers/STM32WBxx_HAL_Driver/Inc/stm32wbxx_ll_rcc.h ****   *         @arg @ref LL_RCC_PLLSAI1P_DIV_19
1060:Drivers/STM32WBxx_HAL_Driver/Inc/stm32wbxx_ll_rcc.h ****   *         @arg @ref LL_RCC_PLLSAI1P_DIV_20
1061:Drivers/STM32WBxx_HAL_Driver/Inc/stm32wbxx_ll_rcc.h ****   *         @arg @ref LL_RCC_PLLSAI1P_DIV_21
1062:Drivers/STM32WBxx_HAL_Driver/Inc/stm32wbxx_ll_rcc.h ****   *         @arg @ref LL_RCC_PLLSAI1P_DIV_22
1063:Drivers/STM32WBxx_HAL_Driver/Inc/stm32wbxx_ll_rcc.h ****   *         @arg @ref LL_RCC_PLLSAI1P_DIV_23
1064:Drivers/STM32WBxx_HAL_Driver/Inc/stm32wbxx_ll_rcc.h ****   *         @arg @ref LL_RCC_PLLSAI1P_DIV_24
1065:Drivers/STM32WBxx_HAL_Driver/Inc/stm32wbxx_ll_rcc.h ****   *         @arg @ref LL_RCC_PLLSAI1P_DIV_25
1066:Drivers/STM32WBxx_HAL_Driver/Inc/stm32wbxx_ll_rcc.h ****   *         @arg @ref LL_RCC_PLLSAI1P_DIV_26
1067:Drivers/STM32WBxx_HAL_Driver/Inc/stm32wbxx_ll_rcc.h ****   *         @arg @ref LL_RCC_PLLSAI1P_DIV_27
1068:Drivers/STM32WBxx_HAL_Driver/Inc/stm32wbxx_ll_rcc.h ****   *         @arg @ref LL_RCC_PLLSAI1P_DIV_28
1069:Drivers/STM32WBxx_HAL_Driver/Inc/stm32wbxx_ll_rcc.h ****   *         @arg @ref LL_RCC_PLLSAI1P_DIV_29
1070:Drivers/STM32WBxx_HAL_Driver/Inc/stm32wbxx_ll_rcc.h ****   *         @arg @ref LL_RCC_PLLSAI1P_DIV_30
1071:Drivers/STM32WBxx_HAL_Driver/Inc/stm32wbxx_ll_rcc.h ****   *         @arg @ref LL_RCC_PLLSAI1P_DIV_31
1072:Drivers/STM32WBxx_HAL_Driver/Inc/stm32wbxx_ll_rcc.h ****   *         @arg @ref LL_RCC_PLLSAI1P_DIV_32
ARM GAS  /tmp/cciSPV86.s 			page 50


1073:Drivers/STM32WBxx_HAL_Driver/Inc/stm32wbxx_ll_rcc.h ****   * @retval PLLSAI1 clock frequency (in Hz)
1074:Drivers/STM32WBxx_HAL_Driver/Inc/stm32wbxx_ll_rcc.h ****   */
1075:Drivers/STM32WBxx_HAL_Driver/Inc/stm32wbxx_ll_rcc.h **** #define __LL_RCC_CALC_PLLSAI1_SAI_FREQ(__INPUTFREQ__, __PLLM__, __PLLSAI1N__, __PLLSAI1P__) \
1076:Drivers/STM32WBxx_HAL_Driver/Inc/stm32wbxx_ll_rcc.h ****   ((__INPUTFREQ__) * (__PLLSAI1N__)  / ((((__PLLM__)>> RCC_PLLCFGR_PLLM_Pos) + 1U)) / \
1077:Drivers/STM32WBxx_HAL_Driver/Inc/stm32wbxx_ll_rcc.h ****    (((__PLLSAI1P__) >> RCC_PLLSAI1CFGR_PLLP_Pos) + 1U))
1078:Drivers/STM32WBxx_HAL_Driver/Inc/stm32wbxx_ll_rcc.h **** 
1079:Drivers/STM32WBxx_HAL_Driver/Inc/stm32wbxx_ll_rcc.h **** /**
1080:Drivers/STM32WBxx_HAL_Driver/Inc/stm32wbxx_ll_rcc.h ****   * @brief  Helper macro to calculate the PLLSAI1QCLK frequency used on 48M domain
1081:Drivers/STM32WBxx_HAL_Driver/Inc/stm32wbxx_ll_rcc.h ****   * @note ex: @ref __LL_RCC_CALC_PLLSAI1_48M_FREQ (HSE_VALUE,@ref LL_RCC_PLL_GetDivider (),
1082:Drivers/STM32WBxx_HAL_Driver/Inc/stm32wbxx_ll_rcc.h ****   *             @ref LL_RCC_PLLSAI1_GetN (), @ref LL_RCC_PLLSAI1_GetQ ());
1083:Drivers/STM32WBxx_HAL_Driver/Inc/stm32wbxx_ll_rcc.h ****   * @param  __INPUTFREQ__ PLL Input frequency (based on MSI/HSE/HSI)
1084:Drivers/STM32WBxx_HAL_Driver/Inc/stm32wbxx_ll_rcc.h ****   * @param  __PLLM__ This parameter can be one of the following values:
1085:Drivers/STM32WBxx_HAL_Driver/Inc/stm32wbxx_ll_rcc.h ****   *         @arg @ref LL_RCC_PLLM_DIV_1
1086:Drivers/STM32WBxx_HAL_Driver/Inc/stm32wbxx_ll_rcc.h ****   *         @arg @ref LL_RCC_PLLM_DIV_2
1087:Drivers/STM32WBxx_HAL_Driver/Inc/stm32wbxx_ll_rcc.h ****   *         @arg @ref LL_RCC_PLLM_DIV_3
1088:Drivers/STM32WBxx_HAL_Driver/Inc/stm32wbxx_ll_rcc.h ****   *         @arg @ref LL_RCC_PLLM_DIV_4
1089:Drivers/STM32WBxx_HAL_Driver/Inc/stm32wbxx_ll_rcc.h ****   *         @arg @ref LL_RCC_PLLM_DIV_5
1090:Drivers/STM32WBxx_HAL_Driver/Inc/stm32wbxx_ll_rcc.h ****   *         @arg @ref LL_RCC_PLLM_DIV_6
1091:Drivers/STM32WBxx_HAL_Driver/Inc/stm32wbxx_ll_rcc.h ****   *         @arg @ref LL_RCC_PLLM_DIV_7
1092:Drivers/STM32WBxx_HAL_Driver/Inc/stm32wbxx_ll_rcc.h ****   *         @arg @ref LL_RCC_PLLM_DIV_8
1093:Drivers/STM32WBxx_HAL_Driver/Inc/stm32wbxx_ll_rcc.h ****   * @param  __PLLSAI1N__ Between 6 and 127
1094:Drivers/STM32WBxx_HAL_Driver/Inc/stm32wbxx_ll_rcc.h ****   * @param  __PLLSAI1Q__ This parameter can be one of the following values:
1095:Drivers/STM32WBxx_HAL_Driver/Inc/stm32wbxx_ll_rcc.h ****   *         @arg @ref LL_RCC_PLLSAI1Q_DIV_2
1096:Drivers/STM32WBxx_HAL_Driver/Inc/stm32wbxx_ll_rcc.h ****   *         @arg @ref LL_RCC_PLLSAI1Q_DIV_3
1097:Drivers/STM32WBxx_HAL_Driver/Inc/stm32wbxx_ll_rcc.h ****   *         @arg @ref LL_RCC_PLLSAI1Q_DIV_4
1098:Drivers/STM32WBxx_HAL_Driver/Inc/stm32wbxx_ll_rcc.h ****   *         @arg @ref LL_RCC_PLLSAI1Q_DIV_5
1099:Drivers/STM32WBxx_HAL_Driver/Inc/stm32wbxx_ll_rcc.h ****   *         @arg @ref LL_RCC_PLLSAI1Q_DIV_6
1100:Drivers/STM32WBxx_HAL_Driver/Inc/stm32wbxx_ll_rcc.h ****   *         @arg @ref LL_RCC_PLLSAI1Q_DIV_7
1101:Drivers/STM32WBxx_HAL_Driver/Inc/stm32wbxx_ll_rcc.h ****   *         @arg @ref LL_RCC_PLLSAI1Q_DIV_8
1102:Drivers/STM32WBxx_HAL_Driver/Inc/stm32wbxx_ll_rcc.h ****   * @retval PLLSAI1 clock frequency (in Hz)
1103:Drivers/STM32WBxx_HAL_Driver/Inc/stm32wbxx_ll_rcc.h ****   */
1104:Drivers/STM32WBxx_HAL_Driver/Inc/stm32wbxx_ll_rcc.h **** #define __LL_RCC_CALC_PLLSAI1_48M_FREQ(__INPUTFREQ__, __PLLM__, __PLLSAI1N__, __PLLSAI1Q__) \
1105:Drivers/STM32WBxx_HAL_Driver/Inc/stm32wbxx_ll_rcc.h ****   ((__INPUTFREQ__) * (__PLLSAI1N__) / ((((__PLLM__)>> RCC_PLLCFGR_PLLM_Pos) + 1U)) / \
1106:Drivers/STM32WBxx_HAL_Driver/Inc/stm32wbxx_ll_rcc.h ****    (((__PLLSAI1Q__) >> RCC_PLLSAI1CFGR_PLLQ_Pos) + 1U))
1107:Drivers/STM32WBxx_HAL_Driver/Inc/stm32wbxx_ll_rcc.h **** 
1108:Drivers/STM32WBxx_HAL_Driver/Inc/stm32wbxx_ll_rcc.h **** /**
1109:Drivers/STM32WBxx_HAL_Driver/Inc/stm32wbxx_ll_rcc.h ****   * @brief  Helper macro to calculate the PLLSAI1RCLK frequency used on ADC domain
1110:Drivers/STM32WBxx_HAL_Driver/Inc/stm32wbxx_ll_rcc.h ****   * @note ex: @ref __LL_RCC_CALC_PLLSAI1_ADC_FREQ (HSE_VALUE,@ref LL_RCC_PLL_GetDivider (),
1111:Drivers/STM32WBxx_HAL_Driver/Inc/stm32wbxx_ll_rcc.h ****   *             @ref LL_RCC_PLLSAI1_GetN (), @ref LL_RCC_PLLSAI1_GetR ());
1112:Drivers/STM32WBxx_HAL_Driver/Inc/stm32wbxx_ll_rcc.h ****   * @param  __INPUTFREQ__ PLL Input frequency (based on MSI/HSE/HSI)
1113:Drivers/STM32WBxx_HAL_Driver/Inc/stm32wbxx_ll_rcc.h ****   * @param  __PLLM__ This parameter can be one of the following values:
1114:Drivers/STM32WBxx_HAL_Driver/Inc/stm32wbxx_ll_rcc.h ****   *         @arg @ref LL_RCC_PLLM_DIV_1
1115:Drivers/STM32WBxx_HAL_Driver/Inc/stm32wbxx_ll_rcc.h ****   *         @arg @ref LL_RCC_PLLM_DIV_2
1116:Drivers/STM32WBxx_HAL_Driver/Inc/stm32wbxx_ll_rcc.h ****   *         @arg @ref LL_RCC_PLLM_DIV_3
1117:Drivers/STM32WBxx_HAL_Driver/Inc/stm32wbxx_ll_rcc.h ****   *         @arg @ref LL_RCC_PLLM_DIV_4
1118:Drivers/STM32WBxx_HAL_Driver/Inc/stm32wbxx_ll_rcc.h ****   *         @arg @ref LL_RCC_PLLM_DIV_5
1119:Drivers/STM32WBxx_HAL_Driver/Inc/stm32wbxx_ll_rcc.h ****   *         @arg @ref LL_RCC_PLLM_DIV_6
1120:Drivers/STM32WBxx_HAL_Driver/Inc/stm32wbxx_ll_rcc.h ****   *         @arg @ref LL_RCC_PLLM_DIV_7
1121:Drivers/STM32WBxx_HAL_Driver/Inc/stm32wbxx_ll_rcc.h ****   *         @arg @ref LL_RCC_PLLM_DIV_8
1122:Drivers/STM32WBxx_HAL_Driver/Inc/stm32wbxx_ll_rcc.h ****   * @param  __PLLSAI1N__ Between 6 and 127
1123:Drivers/STM32WBxx_HAL_Driver/Inc/stm32wbxx_ll_rcc.h ****   * @param  __PLLSAI1R__ This parameter can be one of the following values:
1124:Drivers/STM32WBxx_HAL_Driver/Inc/stm32wbxx_ll_rcc.h ****   *         @arg @ref LL_RCC_PLLSAI1R_DIV_2
1125:Drivers/STM32WBxx_HAL_Driver/Inc/stm32wbxx_ll_rcc.h ****   *         @arg @ref LL_RCC_PLLSAI1R_DIV_3
1126:Drivers/STM32WBxx_HAL_Driver/Inc/stm32wbxx_ll_rcc.h ****   *         @arg @ref LL_RCC_PLLSAI1R_DIV_4
1127:Drivers/STM32WBxx_HAL_Driver/Inc/stm32wbxx_ll_rcc.h ****   *         @arg @ref LL_RCC_PLLSAI1R_DIV_5
1128:Drivers/STM32WBxx_HAL_Driver/Inc/stm32wbxx_ll_rcc.h ****   *         @arg @ref LL_RCC_PLLSAI1R_DIV_6
1129:Drivers/STM32WBxx_HAL_Driver/Inc/stm32wbxx_ll_rcc.h ****   *         @arg @ref LL_RCC_PLLSAI1R_DIV_7
ARM GAS  /tmp/cciSPV86.s 			page 51


1130:Drivers/STM32WBxx_HAL_Driver/Inc/stm32wbxx_ll_rcc.h ****   *         @arg @ref LL_RCC_PLLSAI1R_DIV_8
1131:Drivers/STM32WBxx_HAL_Driver/Inc/stm32wbxx_ll_rcc.h ****   * @retval PLLSAI1 clock frequency (in Hz)
1132:Drivers/STM32WBxx_HAL_Driver/Inc/stm32wbxx_ll_rcc.h ****   */
1133:Drivers/STM32WBxx_HAL_Driver/Inc/stm32wbxx_ll_rcc.h **** #define __LL_RCC_CALC_PLLSAI1_ADC_FREQ(__INPUTFREQ__, __PLLM__, __PLLSAI1N__, __PLLSAI1R__) \
1134:Drivers/STM32WBxx_HAL_Driver/Inc/stm32wbxx_ll_rcc.h ****   ((__INPUTFREQ__) * (__PLLSAI1N__) / ((((__PLLM__)>> RCC_PLLCFGR_PLLM_Pos) + 1U)) / \
1135:Drivers/STM32WBxx_HAL_Driver/Inc/stm32wbxx_ll_rcc.h ****    (((__PLLSAI1R__) >> RCC_PLLSAI1CFGR_PLLR_Pos) + 1U))
1136:Drivers/STM32WBxx_HAL_Driver/Inc/stm32wbxx_ll_rcc.h **** #endif /* SAI1 */
1137:Drivers/STM32WBxx_HAL_Driver/Inc/stm32wbxx_ll_rcc.h **** 
1138:Drivers/STM32WBxx_HAL_Driver/Inc/stm32wbxx_ll_rcc.h **** /**
1139:Drivers/STM32WBxx_HAL_Driver/Inc/stm32wbxx_ll_rcc.h ****   * @brief  Helper macro to calculate the HCLK1 frequency
1140:Drivers/STM32WBxx_HAL_Driver/Inc/stm32wbxx_ll_rcc.h ****   * @param  __SYSCLKFREQ__ SYSCLK frequency (based on MSI/HSE/HSI/PLLCLK)
1141:Drivers/STM32WBxx_HAL_Driver/Inc/stm32wbxx_ll_rcc.h ****   * @param  __CPU1PRESCALER__ This parameter can be one of the following values:
1142:Drivers/STM32WBxx_HAL_Driver/Inc/stm32wbxx_ll_rcc.h ****   *         @arg @ref LL_RCC_SYSCLK_DIV_1
1143:Drivers/STM32WBxx_HAL_Driver/Inc/stm32wbxx_ll_rcc.h ****   *         @arg @ref LL_RCC_SYSCLK_DIV_2
1144:Drivers/STM32WBxx_HAL_Driver/Inc/stm32wbxx_ll_rcc.h ****   *         @arg @ref LL_RCC_SYSCLK_DIV_3
1145:Drivers/STM32WBxx_HAL_Driver/Inc/stm32wbxx_ll_rcc.h ****   *         @arg @ref LL_RCC_SYSCLK_DIV_4
1146:Drivers/STM32WBxx_HAL_Driver/Inc/stm32wbxx_ll_rcc.h ****   *         @arg @ref LL_RCC_SYSCLK_DIV_5
1147:Drivers/STM32WBxx_HAL_Driver/Inc/stm32wbxx_ll_rcc.h ****   *         @arg @ref LL_RCC_SYSCLK_DIV_6
1148:Drivers/STM32WBxx_HAL_Driver/Inc/stm32wbxx_ll_rcc.h ****   *         @arg @ref LL_RCC_SYSCLK_DIV_8
1149:Drivers/STM32WBxx_HAL_Driver/Inc/stm32wbxx_ll_rcc.h ****   *         @arg @ref LL_RCC_SYSCLK_DIV_10
1150:Drivers/STM32WBxx_HAL_Driver/Inc/stm32wbxx_ll_rcc.h ****   *         @arg @ref LL_RCC_SYSCLK_DIV_16
1151:Drivers/STM32WBxx_HAL_Driver/Inc/stm32wbxx_ll_rcc.h ****   *         @arg @ref LL_RCC_SYSCLK_DIV_32
1152:Drivers/STM32WBxx_HAL_Driver/Inc/stm32wbxx_ll_rcc.h ****   *         @arg @ref LL_RCC_SYSCLK_DIV_64
1153:Drivers/STM32WBxx_HAL_Driver/Inc/stm32wbxx_ll_rcc.h ****   *         @arg @ref LL_RCC_SYSCLK_DIV_128
1154:Drivers/STM32WBxx_HAL_Driver/Inc/stm32wbxx_ll_rcc.h ****   *         @arg @ref LL_RCC_SYSCLK_DIV_256
1155:Drivers/STM32WBxx_HAL_Driver/Inc/stm32wbxx_ll_rcc.h ****   *         @arg @ref LL_RCC_SYSCLK_DIV_512
1156:Drivers/STM32WBxx_HAL_Driver/Inc/stm32wbxx_ll_rcc.h ****   * @retval HCLK1 clock frequency (in Hz)
1157:Drivers/STM32WBxx_HAL_Driver/Inc/stm32wbxx_ll_rcc.h ****   */
1158:Drivers/STM32WBxx_HAL_Driver/Inc/stm32wbxx_ll_rcc.h **** #define __LL_RCC_CALC_HCLK1_FREQ(__SYSCLKFREQ__,__CPU1PRESCALER__) ((__SYSCLKFREQ__) / AHBPrescTabl
1159:Drivers/STM32WBxx_HAL_Driver/Inc/stm32wbxx_ll_rcc.h ****                                                                     & RCC_CFGR_HPRE) >>  RCC_CFGR_H
1160:Drivers/STM32WBxx_HAL_Driver/Inc/stm32wbxx_ll_rcc.h **** 
1161:Drivers/STM32WBxx_HAL_Driver/Inc/stm32wbxx_ll_rcc.h **** /**
1162:Drivers/STM32WBxx_HAL_Driver/Inc/stm32wbxx_ll_rcc.h ****   * @brief  Helper macro to calculate the HCLK2 frequency
1163:Drivers/STM32WBxx_HAL_Driver/Inc/stm32wbxx_ll_rcc.h ****   * @param  __SYSCLKFREQ__ SYSCLK frequency (based on MSI/HSE/HSI/PLLCLK)
1164:Drivers/STM32WBxx_HAL_Driver/Inc/stm32wbxx_ll_rcc.h ****   * @param  __CPU2PRESCALER__ This parameter can be one of the following values:
1165:Drivers/STM32WBxx_HAL_Driver/Inc/stm32wbxx_ll_rcc.h ****   *         @arg @ref LL_RCC_SYSCLK_DIV_1
1166:Drivers/STM32WBxx_HAL_Driver/Inc/stm32wbxx_ll_rcc.h ****   *         @arg @ref LL_RCC_SYSCLK_DIV_2
1167:Drivers/STM32WBxx_HAL_Driver/Inc/stm32wbxx_ll_rcc.h ****   *         @arg @ref LL_RCC_SYSCLK_DIV_3
1168:Drivers/STM32WBxx_HAL_Driver/Inc/stm32wbxx_ll_rcc.h ****   *         @arg @ref LL_RCC_SYSCLK_DIV_4
1169:Drivers/STM32WBxx_HAL_Driver/Inc/stm32wbxx_ll_rcc.h ****   *         @arg @ref LL_RCC_SYSCLK_DIV_5
1170:Drivers/STM32WBxx_HAL_Driver/Inc/stm32wbxx_ll_rcc.h ****   *         @arg @ref LL_RCC_SYSCLK_DIV_6
1171:Drivers/STM32WBxx_HAL_Driver/Inc/stm32wbxx_ll_rcc.h ****   *         @arg @ref LL_RCC_SYSCLK_DIV_8
1172:Drivers/STM32WBxx_HAL_Driver/Inc/stm32wbxx_ll_rcc.h ****   *         @arg @ref LL_RCC_SYSCLK_DIV_10
1173:Drivers/STM32WBxx_HAL_Driver/Inc/stm32wbxx_ll_rcc.h ****   *         @arg @ref LL_RCC_SYSCLK_DIV_16
1174:Drivers/STM32WBxx_HAL_Driver/Inc/stm32wbxx_ll_rcc.h ****   *         @arg @ref LL_RCC_SYSCLK_DIV_32
1175:Drivers/STM32WBxx_HAL_Driver/Inc/stm32wbxx_ll_rcc.h ****   *         @arg @ref LL_RCC_SYSCLK_DIV_64
1176:Drivers/STM32WBxx_HAL_Driver/Inc/stm32wbxx_ll_rcc.h ****   *         @arg @ref LL_RCC_SYSCLK_DIV_128
1177:Drivers/STM32WBxx_HAL_Driver/Inc/stm32wbxx_ll_rcc.h ****   *         @arg @ref LL_RCC_SYSCLK_DIV_256
1178:Drivers/STM32WBxx_HAL_Driver/Inc/stm32wbxx_ll_rcc.h ****   *         @arg @ref LL_RCC_SYSCLK_DIV_512
1179:Drivers/STM32WBxx_HAL_Driver/Inc/stm32wbxx_ll_rcc.h ****   * @retval HCLK2 clock frequency (in Hz)
1180:Drivers/STM32WBxx_HAL_Driver/Inc/stm32wbxx_ll_rcc.h ****   */
1181:Drivers/STM32WBxx_HAL_Driver/Inc/stm32wbxx_ll_rcc.h **** #define __LL_RCC_CALC_HCLK2_FREQ(__SYSCLKFREQ__, __CPU2PRESCALER__) ((__SYSCLKFREQ__) / AHBPrescTab
1182:Drivers/STM32WBxx_HAL_Driver/Inc/stm32wbxx_ll_rcc.h ****                                                                      & RCC_EXTCFGR_C2HPRE) >>  RCC_
1183:Drivers/STM32WBxx_HAL_Driver/Inc/stm32wbxx_ll_rcc.h **** 
1184:Drivers/STM32WBxx_HAL_Driver/Inc/stm32wbxx_ll_rcc.h **** /**
1185:Drivers/STM32WBxx_HAL_Driver/Inc/stm32wbxx_ll_rcc.h ****   * @brief  Helper macro to calculate the HCLK4 frequency
1186:Drivers/STM32WBxx_HAL_Driver/Inc/stm32wbxx_ll_rcc.h ****   * @param  __SYSCLKFREQ__ SYSCLK frequency (based on MSI/HSE/HSI/PLLCLK)
ARM GAS  /tmp/cciSPV86.s 			page 52


1187:Drivers/STM32WBxx_HAL_Driver/Inc/stm32wbxx_ll_rcc.h ****   * @param  __AHB4PRESCALER__ This parameter can be one of the following values:
1188:Drivers/STM32WBxx_HAL_Driver/Inc/stm32wbxx_ll_rcc.h ****   *         @arg @ref LL_RCC_SYSCLK_DIV_1
1189:Drivers/STM32WBxx_HAL_Driver/Inc/stm32wbxx_ll_rcc.h ****   *         @arg @ref LL_RCC_SYSCLK_DIV_2
1190:Drivers/STM32WBxx_HAL_Driver/Inc/stm32wbxx_ll_rcc.h ****   *         @arg @ref LL_RCC_SYSCLK_DIV_3
1191:Drivers/STM32WBxx_HAL_Driver/Inc/stm32wbxx_ll_rcc.h ****   *         @arg @ref LL_RCC_SYSCLK_DIV_4
1192:Drivers/STM32WBxx_HAL_Driver/Inc/stm32wbxx_ll_rcc.h ****   *         @arg @ref LL_RCC_SYSCLK_DIV_5
1193:Drivers/STM32WBxx_HAL_Driver/Inc/stm32wbxx_ll_rcc.h ****   *         @arg @ref LL_RCC_SYSCLK_DIV_6
1194:Drivers/STM32WBxx_HAL_Driver/Inc/stm32wbxx_ll_rcc.h ****   *         @arg @ref LL_RCC_SYSCLK_DIV_8
1195:Drivers/STM32WBxx_HAL_Driver/Inc/stm32wbxx_ll_rcc.h ****   *         @arg @ref LL_RCC_SYSCLK_DIV_10
1196:Drivers/STM32WBxx_HAL_Driver/Inc/stm32wbxx_ll_rcc.h ****   *         @arg @ref LL_RCC_SYSCLK_DIV_16
1197:Drivers/STM32WBxx_HAL_Driver/Inc/stm32wbxx_ll_rcc.h ****   *         @arg @ref LL_RCC_SYSCLK_DIV_32
1198:Drivers/STM32WBxx_HAL_Driver/Inc/stm32wbxx_ll_rcc.h ****   *         @arg @ref LL_RCC_SYSCLK_DIV_64
1199:Drivers/STM32WBxx_HAL_Driver/Inc/stm32wbxx_ll_rcc.h ****   *         @arg @ref LL_RCC_SYSCLK_DIV_128
1200:Drivers/STM32WBxx_HAL_Driver/Inc/stm32wbxx_ll_rcc.h ****   *         @arg @ref LL_RCC_SYSCLK_DIV_256
1201:Drivers/STM32WBxx_HAL_Driver/Inc/stm32wbxx_ll_rcc.h ****   *         @arg @ref LL_RCC_SYSCLK_DIV_512
1202:Drivers/STM32WBxx_HAL_Driver/Inc/stm32wbxx_ll_rcc.h ****   * @retval HCLK4 clock frequency (in Hz)
1203:Drivers/STM32WBxx_HAL_Driver/Inc/stm32wbxx_ll_rcc.h ****   */
1204:Drivers/STM32WBxx_HAL_Driver/Inc/stm32wbxx_ll_rcc.h **** #define __LL_RCC_CALC_HCLK4_FREQ(__SYSCLKFREQ__, __AHB4PRESCALER__) ((__SYSCLKFREQ__) / AHBPrescTab
1205:Drivers/STM32WBxx_HAL_Driver/Inc/stm32wbxx_ll_rcc.h ****                                                                      & RCC_EXTCFGR_SHDHPRE) >>  RCC
1206:Drivers/STM32WBxx_HAL_Driver/Inc/stm32wbxx_ll_rcc.h **** 
1207:Drivers/STM32WBxx_HAL_Driver/Inc/stm32wbxx_ll_rcc.h **** 
1208:Drivers/STM32WBxx_HAL_Driver/Inc/stm32wbxx_ll_rcc.h **** /**
1209:Drivers/STM32WBxx_HAL_Driver/Inc/stm32wbxx_ll_rcc.h ****   * @brief  Helper macro to calculate the PCLK1 frequency (ABP1)
1210:Drivers/STM32WBxx_HAL_Driver/Inc/stm32wbxx_ll_rcc.h ****   * @param  __HCLKFREQ__ HCLK frequency
1211:Drivers/STM32WBxx_HAL_Driver/Inc/stm32wbxx_ll_rcc.h ****   * @param  __APB1PRESCALER__ This parameter can be one of the following values:
1212:Drivers/STM32WBxx_HAL_Driver/Inc/stm32wbxx_ll_rcc.h ****   *         @arg @ref LL_RCC_APB1_DIV_1
1213:Drivers/STM32WBxx_HAL_Driver/Inc/stm32wbxx_ll_rcc.h ****   *         @arg @ref LL_RCC_APB1_DIV_2
1214:Drivers/STM32WBxx_HAL_Driver/Inc/stm32wbxx_ll_rcc.h ****   *         @arg @ref LL_RCC_APB1_DIV_4
1215:Drivers/STM32WBxx_HAL_Driver/Inc/stm32wbxx_ll_rcc.h ****   *         @arg @ref LL_RCC_APB1_DIV_8
1216:Drivers/STM32WBxx_HAL_Driver/Inc/stm32wbxx_ll_rcc.h ****   *         @arg @ref LL_RCC_APB1_DIV_16
1217:Drivers/STM32WBxx_HAL_Driver/Inc/stm32wbxx_ll_rcc.h ****   * @retval PCLK1 clock frequency (in Hz)
1218:Drivers/STM32WBxx_HAL_Driver/Inc/stm32wbxx_ll_rcc.h ****   */
1219:Drivers/STM32WBxx_HAL_Driver/Inc/stm32wbxx_ll_rcc.h **** #define __LL_RCC_CALC_PCLK1_FREQ(__HCLKFREQ__, __APB1PRESCALER__) ((__HCLKFREQ__) >> (APBPrescTable
1220:Drivers/STM32WBxx_HAL_Driver/Inc/stm32wbxx_ll_rcc.h ****                                                                    & RCC_CFGR_PPRE1_Msk) >>  RCC_CF
1221:Drivers/STM32WBxx_HAL_Driver/Inc/stm32wbxx_ll_rcc.h **** 
1222:Drivers/STM32WBxx_HAL_Driver/Inc/stm32wbxx_ll_rcc.h **** /**
1223:Drivers/STM32WBxx_HAL_Driver/Inc/stm32wbxx_ll_rcc.h ****   * @brief  Helper macro to calculate the PCLK2 frequency (ABP2)
1224:Drivers/STM32WBxx_HAL_Driver/Inc/stm32wbxx_ll_rcc.h ****   * @param  __HCLKFREQ__ HCLK frequency
1225:Drivers/STM32WBxx_HAL_Driver/Inc/stm32wbxx_ll_rcc.h ****   * @param  __APB2PRESCALER__ This parameter can be one of the following values:
1226:Drivers/STM32WBxx_HAL_Driver/Inc/stm32wbxx_ll_rcc.h ****   *         @arg @ref LL_RCC_APB2_DIV_1
1227:Drivers/STM32WBxx_HAL_Driver/Inc/stm32wbxx_ll_rcc.h ****   *         @arg @ref LL_RCC_APB2_DIV_2
1228:Drivers/STM32WBxx_HAL_Driver/Inc/stm32wbxx_ll_rcc.h ****   *         @arg @ref LL_RCC_APB2_DIV_4
1229:Drivers/STM32WBxx_HAL_Driver/Inc/stm32wbxx_ll_rcc.h ****   *         @arg @ref LL_RCC_APB2_DIV_8
1230:Drivers/STM32WBxx_HAL_Driver/Inc/stm32wbxx_ll_rcc.h ****   *         @arg @ref LL_RCC_APB2_DIV_16
1231:Drivers/STM32WBxx_HAL_Driver/Inc/stm32wbxx_ll_rcc.h ****   * @retval PCLK2 clock frequency (in Hz)
1232:Drivers/STM32WBxx_HAL_Driver/Inc/stm32wbxx_ll_rcc.h ****   */
1233:Drivers/STM32WBxx_HAL_Driver/Inc/stm32wbxx_ll_rcc.h **** #define __LL_RCC_CALC_PCLK2_FREQ(__HCLKFREQ__, __APB2PRESCALER__) ((__HCLKFREQ__) >> (APBPrescTable
1234:Drivers/STM32WBxx_HAL_Driver/Inc/stm32wbxx_ll_rcc.h ****                                                                    & RCC_CFGR_PPRE2_Msk) >>  RCC_CF
1235:Drivers/STM32WBxx_HAL_Driver/Inc/stm32wbxx_ll_rcc.h **** 
1236:Drivers/STM32WBxx_HAL_Driver/Inc/stm32wbxx_ll_rcc.h **** /**
1237:Drivers/STM32WBxx_HAL_Driver/Inc/stm32wbxx_ll_rcc.h ****   * @brief  Helper macro to calculate the MSI frequency (in Hz)
1238:Drivers/STM32WBxx_HAL_Driver/Inc/stm32wbxx_ll_rcc.h ****   * @note __MSIRANGE__can be retrieved by @ref LL_RCC_MSI_GetRange()
1239:Drivers/STM32WBxx_HAL_Driver/Inc/stm32wbxx_ll_rcc.h ****   * @param  __MSIRANGE__ This parameter can be one of the following values:
1240:Drivers/STM32WBxx_HAL_Driver/Inc/stm32wbxx_ll_rcc.h ****   *         @arg @ref LL_RCC_MSIRANGE_0
1241:Drivers/STM32WBxx_HAL_Driver/Inc/stm32wbxx_ll_rcc.h ****   *         @arg @ref LL_RCC_MSIRANGE_1
1242:Drivers/STM32WBxx_HAL_Driver/Inc/stm32wbxx_ll_rcc.h ****   *         @arg @ref LL_RCC_MSIRANGE_2
1243:Drivers/STM32WBxx_HAL_Driver/Inc/stm32wbxx_ll_rcc.h ****   *         @arg @ref LL_RCC_MSIRANGE_3
ARM GAS  /tmp/cciSPV86.s 			page 53


1244:Drivers/STM32WBxx_HAL_Driver/Inc/stm32wbxx_ll_rcc.h ****   *         @arg @ref LL_RCC_MSIRANGE_4
1245:Drivers/STM32WBxx_HAL_Driver/Inc/stm32wbxx_ll_rcc.h ****   *         @arg @ref LL_RCC_MSIRANGE_5
1246:Drivers/STM32WBxx_HAL_Driver/Inc/stm32wbxx_ll_rcc.h ****   *         @arg @ref LL_RCC_MSIRANGE_6
1247:Drivers/STM32WBxx_HAL_Driver/Inc/stm32wbxx_ll_rcc.h ****   *         @arg @ref LL_RCC_MSIRANGE_7
1248:Drivers/STM32WBxx_HAL_Driver/Inc/stm32wbxx_ll_rcc.h ****   *         @arg @ref LL_RCC_MSIRANGE_8
1249:Drivers/STM32WBxx_HAL_Driver/Inc/stm32wbxx_ll_rcc.h ****   *         @arg @ref LL_RCC_MSIRANGE_9
1250:Drivers/STM32WBxx_HAL_Driver/Inc/stm32wbxx_ll_rcc.h ****   *         @arg @ref LL_RCC_MSIRANGE_10
1251:Drivers/STM32WBxx_HAL_Driver/Inc/stm32wbxx_ll_rcc.h ****   *         @arg @ref LL_RCC_MSIRANGE_11
1252:Drivers/STM32WBxx_HAL_Driver/Inc/stm32wbxx_ll_rcc.h ****   * @retval MSI clock frequency (in Hz)
1253:Drivers/STM32WBxx_HAL_Driver/Inc/stm32wbxx_ll_rcc.h ****   */
1254:Drivers/STM32WBxx_HAL_Driver/Inc/stm32wbxx_ll_rcc.h **** #define __LL_RCC_CALC_MSI_FREQ(__MSIRANGE__) MSIRangeTable[((__MSIRANGE__)\
1255:Drivers/STM32WBxx_HAL_Driver/Inc/stm32wbxx_ll_rcc.h ****                                                             & RCC_CR_MSIRANGE_Msk) >> RCC_CR_MSIRAN
1256:Drivers/STM32WBxx_HAL_Driver/Inc/stm32wbxx_ll_rcc.h **** /**
1257:Drivers/STM32WBxx_HAL_Driver/Inc/stm32wbxx_ll_rcc.h ****   * @}
1258:Drivers/STM32WBxx_HAL_Driver/Inc/stm32wbxx_ll_rcc.h ****   */
1259:Drivers/STM32WBxx_HAL_Driver/Inc/stm32wbxx_ll_rcc.h **** 
1260:Drivers/STM32WBxx_HAL_Driver/Inc/stm32wbxx_ll_rcc.h **** /**
1261:Drivers/STM32WBxx_HAL_Driver/Inc/stm32wbxx_ll_rcc.h ****   * @}
1262:Drivers/STM32WBxx_HAL_Driver/Inc/stm32wbxx_ll_rcc.h ****   */
1263:Drivers/STM32WBxx_HAL_Driver/Inc/stm32wbxx_ll_rcc.h **** 
1264:Drivers/STM32WBxx_HAL_Driver/Inc/stm32wbxx_ll_rcc.h **** /* Exported functions --------------------------------------------------------*/
1265:Drivers/STM32WBxx_HAL_Driver/Inc/stm32wbxx_ll_rcc.h **** /** @defgroup RCC_LL_Exported_Functions RCC Exported Functions
1266:Drivers/STM32WBxx_HAL_Driver/Inc/stm32wbxx_ll_rcc.h ****   * @{
1267:Drivers/STM32WBxx_HAL_Driver/Inc/stm32wbxx_ll_rcc.h ****   */
1268:Drivers/STM32WBxx_HAL_Driver/Inc/stm32wbxx_ll_rcc.h **** 
1269:Drivers/STM32WBxx_HAL_Driver/Inc/stm32wbxx_ll_rcc.h **** /** @defgroup RCC_LL_EF_HSE HSE
1270:Drivers/STM32WBxx_HAL_Driver/Inc/stm32wbxx_ll_rcc.h ****   * @{
1271:Drivers/STM32WBxx_HAL_Driver/Inc/stm32wbxx_ll_rcc.h ****   */
1272:Drivers/STM32WBxx_HAL_Driver/Inc/stm32wbxx_ll_rcc.h **** 
1273:Drivers/STM32WBxx_HAL_Driver/Inc/stm32wbxx_ll_rcc.h **** /**
1274:Drivers/STM32WBxx_HAL_Driver/Inc/stm32wbxx_ll_rcc.h ****   * @brief  Enable HSE sysclk and pll prescaler division by 2
1275:Drivers/STM32WBxx_HAL_Driver/Inc/stm32wbxx_ll_rcc.h ****   * @rmtoll CR           HSEPRE        LL_RCC_HSE_EnableDiv2
1276:Drivers/STM32WBxx_HAL_Driver/Inc/stm32wbxx_ll_rcc.h ****   * @retval None
1277:Drivers/STM32WBxx_HAL_Driver/Inc/stm32wbxx_ll_rcc.h ****   */
1278:Drivers/STM32WBxx_HAL_Driver/Inc/stm32wbxx_ll_rcc.h **** __STATIC_INLINE void LL_RCC_HSE_EnableDiv2(void)
1279:Drivers/STM32WBxx_HAL_Driver/Inc/stm32wbxx_ll_rcc.h **** {
1280:Drivers/STM32WBxx_HAL_Driver/Inc/stm32wbxx_ll_rcc.h ****   SET_BIT(RCC->CR, RCC_CR_HSEPRE);
1281:Drivers/STM32WBxx_HAL_Driver/Inc/stm32wbxx_ll_rcc.h **** }
1282:Drivers/STM32WBxx_HAL_Driver/Inc/stm32wbxx_ll_rcc.h **** 
1283:Drivers/STM32WBxx_HAL_Driver/Inc/stm32wbxx_ll_rcc.h **** /**
1284:Drivers/STM32WBxx_HAL_Driver/Inc/stm32wbxx_ll_rcc.h ****   * @brief  Disable HSE sysclk and pll prescaler
1285:Drivers/STM32WBxx_HAL_Driver/Inc/stm32wbxx_ll_rcc.h ****   * @rmtoll CR           HSEPRE        LL_RCC_HSE_DisableDiv2
1286:Drivers/STM32WBxx_HAL_Driver/Inc/stm32wbxx_ll_rcc.h ****   * @retval None
1287:Drivers/STM32WBxx_HAL_Driver/Inc/stm32wbxx_ll_rcc.h ****   */
1288:Drivers/STM32WBxx_HAL_Driver/Inc/stm32wbxx_ll_rcc.h **** __STATIC_INLINE void LL_RCC_HSE_DisableDiv2(void)
1289:Drivers/STM32WBxx_HAL_Driver/Inc/stm32wbxx_ll_rcc.h **** {
1290:Drivers/STM32WBxx_HAL_Driver/Inc/stm32wbxx_ll_rcc.h ****   CLEAR_BIT(RCC->CR, RCC_CR_HSEPRE);
1291:Drivers/STM32WBxx_HAL_Driver/Inc/stm32wbxx_ll_rcc.h **** }
1292:Drivers/STM32WBxx_HAL_Driver/Inc/stm32wbxx_ll_rcc.h **** 
1293:Drivers/STM32WBxx_HAL_Driver/Inc/stm32wbxx_ll_rcc.h **** /**
1294:Drivers/STM32WBxx_HAL_Driver/Inc/stm32wbxx_ll_rcc.h ****   * @brief  Get HSE sysclk and pll prescaler
1295:Drivers/STM32WBxx_HAL_Driver/Inc/stm32wbxx_ll_rcc.h ****   * @rmtoll CR           HSEPRE        LL_RCC_HSE_IsEnabledDiv2
1296:Drivers/STM32WBxx_HAL_Driver/Inc/stm32wbxx_ll_rcc.h ****   * @retval None
1297:Drivers/STM32WBxx_HAL_Driver/Inc/stm32wbxx_ll_rcc.h ****   */
1298:Drivers/STM32WBxx_HAL_Driver/Inc/stm32wbxx_ll_rcc.h **** __STATIC_INLINE uint32_t LL_RCC_HSE_IsEnabledDiv2(void)
1299:Drivers/STM32WBxx_HAL_Driver/Inc/stm32wbxx_ll_rcc.h **** {
1300:Drivers/STM32WBxx_HAL_Driver/Inc/stm32wbxx_ll_rcc.h ****   return ((READ_BIT(RCC->CR, RCC_CR_HSEPRE) == (RCC_CR_HSEPRE)) ? 1UL : 0UL);
ARM GAS  /tmp/cciSPV86.s 			page 54


1301:Drivers/STM32WBxx_HAL_Driver/Inc/stm32wbxx_ll_rcc.h **** }
1302:Drivers/STM32WBxx_HAL_Driver/Inc/stm32wbxx_ll_rcc.h **** 
1303:Drivers/STM32WBxx_HAL_Driver/Inc/stm32wbxx_ll_rcc.h **** /**
1304:Drivers/STM32WBxx_HAL_Driver/Inc/stm32wbxx_ll_rcc.h ****   * @brief  Enable the Clock Security System.
1305:Drivers/STM32WBxx_HAL_Driver/Inc/stm32wbxx_ll_rcc.h ****   * @rmtoll CR           CSSON         LL_RCC_HSE_EnableCSS
1306:Drivers/STM32WBxx_HAL_Driver/Inc/stm32wbxx_ll_rcc.h ****   * @retval None
1307:Drivers/STM32WBxx_HAL_Driver/Inc/stm32wbxx_ll_rcc.h ****   */
1308:Drivers/STM32WBxx_HAL_Driver/Inc/stm32wbxx_ll_rcc.h **** __STATIC_INLINE void LL_RCC_HSE_EnableCSS(void)
1309:Drivers/STM32WBxx_HAL_Driver/Inc/stm32wbxx_ll_rcc.h **** {
1310:Drivers/STM32WBxx_HAL_Driver/Inc/stm32wbxx_ll_rcc.h ****   SET_BIT(RCC->CR, RCC_CR_CSSON);
1311:Drivers/STM32WBxx_HAL_Driver/Inc/stm32wbxx_ll_rcc.h **** }
1312:Drivers/STM32WBxx_HAL_Driver/Inc/stm32wbxx_ll_rcc.h **** 
1313:Drivers/STM32WBxx_HAL_Driver/Inc/stm32wbxx_ll_rcc.h **** /**
1314:Drivers/STM32WBxx_HAL_Driver/Inc/stm32wbxx_ll_rcc.h ****   * @brief  Enable HSE crystal oscillator (HSE ON)
1315:Drivers/STM32WBxx_HAL_Driver/Inc/stm32wbxx_ll_rcc.h ****   * @rmtoll CR           HSEON         LL_RCC_HSE_Enable
1316:Drivers/STM32WBxx_HAL_Driver/Inc/stm32wbxx_ll_rcc.h ****   * @retval None
1317:Drivers/STM32WBxx_HAL_Driver/Inc/stm32wbxx_ll_rcc.h ****   */
1318:Drivers/STM32WBxx_HAL_Driver/Inc/stm32wbxx_ll_rcc.h **** __STATIC_INLINE void LL_RCC_HSE_Enable(void)
1319:Drivers/STM32WBxx_HAL_Driver/Inc/stm32wbxx_ll_rcc.h **** {
1320:Drivers/STM32WBxx_HAL_Driver/Inc/stm32wbxx_ll_rcc.h ****   SET_BIT(RCC->CR, RCC_CR_HSEON);
1321:Drivers/STM32WBxx_HAL_Driver/Inc/stm32wbxx_ll_rcc.h **** }
1322:Drivers/STM32WBxx_HAL_Driver/Inc/stm32wbxx_ll_rcc.h **** 
1323:Drivers/STM32WBxx_HAL_Driver/Inc/stm32wbxx_ll_rcc.h **** /**
1324:Drivers/STM32WBxx_HAL_Driver/Inc/stm32wbxx_ll_rcc.h ****   * @brief  Disable HSE crystal oscillator (HSE ON)
1325:Drivers/STM32WBxx_HAL_Driver/Inc/stm32wbxx_ll_rcc.h ****   * @rmtoll CR           HSEON         LL_RCC_HSE_Disable
1326:Drivers/STM32WBxx_HAL_Driver/Inc/stm32wbxx_ll_rcc.h ****   * @retval None
1327:Drivers/STM32WBxx_HAL_Driver/Inc/stm32wbxx_ll_rcc.h ****   */
1328:Drivers/STM32WBxx_HAL_Driver/Inc/stm32wbxx_ll_rcc.h **** __STATIC_INLINE void LL_RCC_HSE_Disable(void)
1329:Drivers/STM32WBxx_HAL_Driver/Inc/stm32wbxx_ll_rcc.h **** {
1330:Drivers/STM32WBxx_HAL_Driver/Inc/stm32wbxx_ll_rcc.h ****   CLEAR_BIT(RCC->CR, RCC_CR_HSEON);
1331:Drivers/STM32WBxx_HAL_Driver/Inc/stm32wbxx_ll_rcc.h **** }
1332:Drivers/STM32WBxx_HAL_Driver/Inc/stm32wbxx_ll_rcc.h **** 
1333:Drivers/STM32WBxx_HAL_Driver/Inc/stm32wbxx_ll_rcc.h **** /**
1334:Drivers/STM32WBxx_HAL_Driver/Inc/stm32wbxx_ll_rcc.h ****   * @brief  Check if HSE oscillator Ready
1335:Drivers/STM32WBxx_HAL_Driver/Inc/stm32wbxx_ll_rcc.h ****   * @rmtoll CR           HSERDY        LL_RCC_HSE_IsReady
1336:Drivers/STM32WBxx_HAL_Driver/Inc/stm32wbxx_ll_rcc.h ****   * @retval State of bit (1 or 0).
1337:Drivers/STM32WBxx_HAL_Driver/Inc/stm32wbxx_ll_rcc.h ****   */
1338:Drivers/STM32WBxx_HAL_Driver/Inc/stm32wbxx_ll_rcc.h **** __STATIC_INLINE uint32_t LL_RCC_HSE_IsReady(void)
1339:Drivers/STM32WBxx_HAL_Driver/Inc/stm32wbxx_ll_rcc.h **** {
1340:Drivers/STM32WBxx_HAL_Driver/Inc/stm32wbxx_ll_rcc.h ****   return ((READ_BIT(RCC->CR, RCC_CR_HSERDY) == (RCC_CR_HSERDY)) ? 1UL : 0UL);
1341:Drivers/STM32WBxx_HAL_Driver/Inc/stm32wbxx_ll_rcc.h **** }
1342:Drivers/STM32WBxx_HAL_Driver/Inc/stm32wbxx_ll_rcc.h **** 
1343:Drivers/STM32WBxx_HAL_Driver/Inc/stm32wbxx_ll_rcc.h **** /**
1344:Drivers/STM32WBxx_HAL_Driver/Inc/stm32wbxx_ll_rcc.h ****   * @brief  Check if HSE clock control register is locked or not
1345:Drivers/STM32WBxx_HAL_Driver/Inc/stm32wbxx_ll_rcc.h ****   * @rmtoll HSECR           UNLOCKED        LL_RCC_HSE_IsClockControlLocked
1346:Drivers/STM32WBxx_HAL_Driver/Inc/stm32wbxx_ll_rcc.h ****   * @retval State of bit (1 or 0).
1347:Drivers/STM32WBxx_HAL_Driver/Inc/stm32wbxx_ll_rcc.h ****   */
1348:Drivers/STM32WBxx_HAL_Driver/Inc/stm32wbxx_ll_rcc.h **** __STATIC_INLINE uint32_t LL_RCC_HSE_IsClockControlLocked(void)
1349:Drivers/STM32WBxx_HAL_Driver/Inc/stm32wbxx_ll_rcc.h **** {
1350:Drivers/STM32WBxx_HAL_Driver/Inc/stm32wbxx_ll_rcc.h ****   return ((READ_BIT(RCC->HSECR, RCC_HSECR_UNLOCKED) != (RCC_HSECR_UNLOCKED)) ? 1UL : 0UL);
1351:Drivers/STM32WBxx_HAL_Driver/Inc/stm32wbxx_ll_rcc.h **** }
1352:Drivers/STM32WBxx_HAL_Driver/Inc/stm32wbxx_ll_rcc.h **** 
1353:Drivers/STM32WBxx_HAL_Driver/Inc/stm32wbxx_ll_rcc.h **** /**
1354:Drivers/STM32WBxx_HAL_Driver/Inc/stm32wbxx_ll_rcc.h ****   * @brief  Set HSE capacitor tuning
1355:Drivers/STM32WBxx_HAL_Driver/Inc/stm32wbxx_ll_rcc.h ****   * @rmtoll HSECR        HSETUNE       LL_RCC_HSE_SetCapacitorTuning
1356:Drivers/STM32WBxx_HAL_Driver/Inc/stm32wbxx_ll_rcc.h ****   * @param  Value Between Min_Data = 0 and Max_Data = 63
1357:Drivers/STM32WBxx_HAL_Driver/Inc/stm32wbxx_ll_rcc.h ****   * @retval None
ARM GAS  /tmp/cciSPV86.s 			page 55


1358:Drivers/STM32WBxx_HAL_Driver/Inc/stm32wbxx_ll_rcc.h ****   */
1359:Drivers/STM32WBxx_HAL_Driver/Inc/stm32wbxx_ll_rcc.h **** __STATIC_INLINE void LL_RCC_HSE_SetCapacitorTuning(uint32_t Value)
1360:Drivers/STM32WBxx_HAL_Driver/Inc/stm32wbxx_ll_rcc.h **** {
1361:Drivers/STM32WBxx_HAL_Driver/Inc/stm32wbxx_ll_rcc.h ****   WRITE_REG(RCC->HSECR, HSE_CONTROL_UNLOCK_KEY);
1362:Drivers/STM32WBxx_HAL_Driver/Inc/stm32wbxx_ll_rcc.h ****   MODIFY_REG(RCC->HSECR, RCC_HSECR_HSETUNE, Value << RCC_HSECR_HSETUNE_Pos);
1363:Drivers/STM32WBxx_HAL_Driver/Inc/stm32wbxx_ll_rcc.h **** }
1364:Drivers/STM32WBxx_HAL_Driver/Inc/stm32wbxx_ll_rcc.h **** 
1365:Drivers/STM32WBxx_HAL_Driver/Inc/stm32wbxx_ll_rcc.h **** /**
1366:Drivers/STM32WBxx_HAL_Driver/Inc/stm32wbxx_ll_rcc.h ****   * @brief  Get HSE capacitor tuning
1367:Drivers/STM32WBxx_HAL_Driver/Inc/stm32wbxx_ll_rcc.h ****   * @rmtoll HSECR        HSETUNE       LL_RCC_HSE_GetCapacitorTuning
1368:Drivers/STM32WBxx_HAL_Driver/Inc/stm32wbxx_ll_rcc.h ****   * @retval Between Min_Data = 0 and Max_Data = 63
1369:Drivers/STM32WBxx_HAL_Driver/Inc/stm32wbxx_ll_rcc.h ****   */
1370:Drivers/STM32WBxx_HAL_Driver/Inc/stm32wbxx_ll_rcc.h **** __STATIC_INLINE uint32_t LL_RCC_HSE_GetCapacitorTuning(void)
1371:Drivers/STM32WBxx_HAL_Driver/Inc/stm32wbxx_ll_rcc.h **** {
1372:Drivers/STM32WBxx_HAL_Driver/Inc/stm32wbxx_ll_rcc.h ****   return (uint32_t)(READ_BIT(RCC->HSECR, RCC_HSECR_HSETUNE) >> RCC_HSECR_HSETUNE_Pos);
1373:Drivers/STM32WBxx_HAL_Driver/Inc/stm32wbxx_ll_rcc.h **** }
1374:Drivers/STM32WBxx_HAL_Driver/Inc/stm32wbxx_ll_rcc.h **** 
1375:Drivers/STM32WBxx_HAL_Driver/Inc/stm32wbxx_ll_rcc.h **** /**
1376:Drivers/STM32WBxx_HAL_Driver/Inc/stm32wbxx_ll_rcc.h ****   * @brief  Set HSE current control
1377:Drivers/STM32WBxx_HAL_Driver/Inc/stm32wbxx_ll_rcc.h ****   * @rmtoll HSECR        HSEGMC       LL_RCC_HSE_SetCurrentControl
1378:Drivers/STM32WBxx_HAL_Driver/Inc/stm32wbxx_ll_rcc.h ****   * @param  CurrentMax This parameter can be one of the following values:
1379:Drivers/STM32WBxx_HAL_Driver/Inc/stm32wbxx_ll_rcc.h ****   *         @arg @ref LL_RCC_HSE_CURRENTMAX_0
1380:Drivers/STM32WBxx_HAL_Driver/Inc/stm32wbxx_ll_rcc.h ****   *         @arg @ref LL_RCC_HSE_CURRENTMAX_1
1381:Drivers/STM32WBxx_HAL_Driver/Inc/stm32wbxx_ll_rcc.h ****   *         @arg @ref LL_RCC_HSE_CURRENTMAX_2
1382:Drivers/STM32WBxx_HAL_Driver/Inc/stm32wbxx_ll_rcc.h ****   *         @arg @ref LL_RCC_HSE_CURRENTMAX_3
1383:Drivers/STM32WBxx_HAL_Driver/Inc/stm32wbxx_ll_rcc.h ****   *         @arg @ref LL_RCC_HSE_CURRENTMAX_4
1384:Drivers/STM32WBxx_HAL_Driver/Inc/stm32wbxx_ll_rcc.h ****   *         @arg @ref LL_RCC_HSE_CURRENTMAX_5
1385:Drivers/STM32WBxx_HAL_Driver/Inc/stm32wbxx_ll_rcc.h ****   *         @arg @ref LL_RCC_HSE_CURRENTMAX_6
1386:Drivers/STM32WBxx_HAL_Driver/Inc/stm32wbxx_ll_rcc.h ****   *         @arg @ref LL_RCC_HSE_CURRENTMAX_7
1387:Drivers/STM32WBxx_HAL_Driver/Inc/stm32wbxx_ll_rcc.h ****   */
1388:Drivers/STM32WBxx_HAL_Driver/Inc/stm32wbxx_ll_rcc.h **** __STATIC_INLINE void LL_RCC_HSE_SetCurrentControl(uint32_t CurrentMax)
1389:Drivers/STM32WBxx_HAL_Driver/Inc/stm32wbxx_ll_rcc.h **** {
1390:Drivers/STM32WBxx_HAL_Driver/Inc/stm32wbxx_ll_rcc.h ****   WRITE_REG(RCC->HSECR, HSE_CONTROL_UNLOCK_KEY);
1391:Drivers/STM32WBxx_HAL_Driver/Inc/stm32wbxx_ll_rcc.h ****   MODIFY_REG(RCC->HSECR, RCC_HSECR_HSEGMC, CurrentMax);
1392:Drivers/STM32WBxx_HAL_Driver/Inc/stm32wbxx_ll_rcc.h **** }
1393:Drivers/STM32WBxx_HAL_Driver/Inc/stm32wbxx_ll_rcc.h **** 
1394:Drivers/STM32WBxx_HAL_Driver/Inc/stm32wbxx_ll_rcc.h **** /**
1395:Drivers/STM32WBxx_HAL_Driver/Inc/stm32wbxx_ll_rcc.h ****   * @brief  Get HSE current control
1396:Drivers/STM32WBxx_HAL_Driver/Inc/stm32wbxx_ll_rcc.h ****   * @rmtoll HSECR        HSEGMC       LL_RCC_HSE_GetCurrentControl
1397:Drivers/STM32WBxx_HAL_Driver/Inc/stm32wbxx_ll_rcc.h ****   * @retval Returned value can be one of the following values:
1398:Drivers/STM32WBxx_HAL_Driver/Inc/stm32wbxx_ll_rcc.h ****   *         @arg @ref LL_RCC_HSE_CURRENTMAX_0
1399:Drivers/STM32WBxx_HAL_Driver/Inc/stm32wbxx_ll_rcc.h ****   *         @arg @ref LL_RCC_HSE_CURRENTMAX_1
1400:Drivers/STM32WBxx_HAL_Driver/Inc/stm32wbxx_ll_rcc.h ****   *         @arg @ref LL_RCC_HSE_CURRENTMAX_2
1401:Drivers/STM32WBxx_HAL_Driver/Inc/stm32wbxx_ll_rcc.h ****   *         @arg @ref LL_RCC_HSE_CURRENTMAX_3
1402:Drivers/STM32WBxx_HAL_Driver/Inc/stm32wbxx_ll_rcc.h ****   *         @arg @ref LL_RCC_HSE_CURRENTMAX_4
1403:Drivers/STM32WBxx_HAL_Driver/Inc/stm32wbxx_ll_rcc.h ****   *         @arg @ref LL_RCC_HSE_CURRENTMAX_5
1404:Drivers/STM32WBxx_HAL_Driver/Inc/stm32wbxx_ll_rcc.h ****   *         @arg @ref LL_RCC_HSE_CURRENTMAX_6
1405:Drivers/STM32WBxx_HAL_Driver/Inc/stm32wbxx_ll_rcc.h ****   *         @arg @ref LL_RCC_HSE_CURRENTMAX_7
1406:Drivers/STM32WBxx_HAL_Driver/Inc/stm32wbxx_ll_rcc.h ****   */
1407:Drivers/STM32WBxx_HAL_Driver/Inc/stm32wbxx_ll_rcc.h **** __STATIC_INLINE uint32_t LL_RCC_HSE_GetCurrentControl(void)
1408:Drivers/STM32WBxx_HAL_Driver/Inc/stm32wbxx_ll_rcc.h **** {
1409:Drivers/STM32WBxx_HAL_Driver/Inc/stm32wbxx_ll_rcc.h ****   return (uint32_t)(READ_BIT(RCC->HSECR, RCC_HSECR_HSEGMC));
1410:Drivers/STM32WBxx_HAL_Driver/Inc/stm32wbxx_ll_rcc.h **** }
1411:Drivers/STM32WBxx_HAL_Driver/Inc/stm32wbxx_ll_rcc.h **** 
1412:Drivers/STM32WBxx_HAL_Driver/Inc/stm32wbxx_ll_rcc.h **** /**
1413:Drivers/STM32WBxx_HAL_Driver/Inc/stm32wbxx_ll_rcc.h ****   * @brief  Set HSE sense amplifier threshold
1414:Drivers/STM32WBxx_HAL_Driver/Inc/stm32wbxx_ll_rcc.h ****   * @rmtoll HSECR        HSES       LL_RCC_HSE_SetSenseAmplifier
ARM GAS  /tmp/cciSPV86.s 			page 56


1415:Drivers/STM32WBxx_HAL_Driver/Inc/stm32wbxx_ll_rcc.h ****   * @param  SenseAmplifier This parameter can be one of the following values:
1416:Drivers/STM32WBxx_HAL_Driver/Inc/stm32wbxx_ll_rcc.h ****   *         @arg @ref LL_RCC_HSEAMPTHRESHOLD_1_2
1417:Drivers/STM32WBxx_HAL_Driver/Inc/stm32wbxx_ll_rcc.h ****   *         @arg @ref LL_RCC_HSEAMPTHRESHOLD_3_4
1418:Drivers/STM32WBxx_HAL_Driver/Inc/stm32wbxx_ll_rcc.h ****   */
1419:Drivers/STM32WBxx_HAL_Driver/Inc/stm32wbxx_ll_rcc.h **** __STATIC_INLINE void LL_RCC_HSE_SetSenseAmplifier(uint32_t SenseAmplifier)
1420:Drivers/STM32WBxx_HAL_Driver/Inc/stm32wbxx_ll_rcc.h **** {
1421:Drivers/STM32WBxx_HAL_Driver/Inc/stm32wbxx_ll_rcc.h ****   WRITE_REG(RCC->HSECR, HSE_CONTROL_UNLOCK_KEY);
1422:Drivers/STM32WBxx_HAL_Driver/Inc/stm32wbxx_ll_rcc.h ****   MODIFY_REG(RCC->HSECR, RCC_HSECR_HSES, SenseAmplifier);
1423:Drivers/STM32WBxx_HAL_Driver/Inc/stm32wbxx_ll_rcc.h **** }
1424:Drivers/STM32WBxx_HAL_Driver/Inc/stm32wbxx_ll_rcc.h **** 
1425:Drivers/STM32WBxx_HAL_Driver/Inc/stm32wbxx_ll_rcc.h **** /**
1426:Drivers/STM32WBxx_HAL_Driver/Inc/stm32wbxx_ll_rcc.h ****   * @brief  Get HSE current control
1427:Drivers/STM32WBxx_HAL_Driver/Inc/stm32wbxx_ll_rcc.h ****   * @rmtoll HSECR        HSES       LL_RCC_HSE_GetSenseAmplifier
1428:Drivers/STM32WBxx_HAL_Driver/Inc/stm32wbxx_ll_rcc.h ****   * @retval Returned value can be one of the following values:
1429:Drivers/STM32WBxx_HAL_Driver/Inc/stm32wbxx_ll_rcc.h ****   *         @arg @ref LL_RCC_HSEAMPTHRESHOLD_1_2
1430:Drivers/STM32WBxx_HAL_Driver/Inc/stm32wbxx_ll_rcc.h ****   *         @arg @ref LL_RCC_HSEAMPTHRESHOLD_3_4
1431:Drivers/STM32WBxx_HAL_Driver/Inc/stm32wbxx_ll_rcc.h ****   */
1432:Drivers/STM32WBxx_HAL_Driver/Inc/stm32wbxx_ll_rcc.h **** __STATIC_INLINE uint32_t LL_RCC_HSE_GetSenseAmplifier(void)
1433:Drivers/STM32WBxx_HAL_Driver/Inc/stm32wbxx_ll_rcc.h **** {
1434:Drivers/STM32WBxx_HAL_Driver/Inc/stm32wbxx_ll_rcc.h ****   return (uint32_t)(READ_BIT(RCC->HSECR, RCC_HSECR_HSES));
1435:Drivers/STM32WBxx_HAL_Driver/Inc/stm32wbxx_ll_rcc.h **** }
1436:Drivers/STM32WBxx_HAL_Driver/Inc/stm32wbxx_ll_rcc.h **** /**
1437:Drivers/STM32WBxx_HAL_Driver/Inc/stm32wbxx_ll_rcc.h ****   * @}
1438:Drivers/STM32WBxx_HAL_Driver/Inc/stm32wbxx_ll_rcc.h ****   */
1439:Drivers/STM32WBxx_HAL_Driver/Inc/stm32wbxx_ll_rcc.h **** 
1440:Drivers/STM32WBxx_HAL_Driver/Inc/stm32wbxx_ll_rcc.h **** /** @defgroup RCC_LL_EF_HSI HSI
1441:Drivers/STM32WBxx_HAL_Driver/Inc/stm32wbxx_ll_rcc.h ****   * @{
1442:Drivers/STM32WBxx_HAL_Driver/Inc/stm32wbxx_ll_rcc.h ****   */
1443:Drivers/STM32WBxx_HAL_Driver/Inc/stm32wbxx_ll_rcc.h **** 
1444:Drivers/STM32WBxx_HAL_Driver/Inc/stm32wbxx_ll_rcc.h **** /**
1445:Drivers/STM32WBxx_HAL_Driver/Inc/stm32wbxx_ll_rcc.h ****   * @brief  Enable HSI even in stop mode
1446:Drivers/STM32WBxx_HAL_Driver/Inc/stm32wbxx_ll_rcc.h ****   * @note HSI oscillator is forced ON even in Stop mode
1447:Drivers/STM32WBxx_HAL_Driver/Inc/stm32wbxx_ll_rcc.h ****   * @rmtoll CR           HSIKERON      LL_RCC_HSI_EnableInStopMode
1448:Drivers/STM32WBxx_HAL_Driver/Inc/stm32wbxx_ll_rcc.h ****   * @retval None
1449:Drivers/STM32WBxx_HAL_Driver/Inc/stm32wbxx_ll_rcc.h ****   */
1450:Drivers/STM32WBxx_HAL_Driver/Inc/stm32wbxx_ll_rcc.h **** __STATIC_INLINE void LL_RCC_HSI_EnableInStopMode(void)
1451:Drivers/STM32WBxx_HAL_Driver/Inc/stm32wbxx_ll_rcc.h **** {
1452:Drivers/STM32WBxx_HAL_Driver/Inc/stm32wbxx_ll_rcc.h ****   SET_BIT(RCC->CR, RCC_CR_HSIKERON);
1453:Drivers/STM32WBxx_HAL_Driver/Inc/stm32wbxx_ll_rcc.h **** }
1454:Drivers/STM32WBxx_HAL_Driver/Inc/stm32wbxx_ll_rcc.h **** 
1455:Drivers/STM32WBxx_HAL_Driver/Inc/stm32wbxx_ll_rcc.h **** /**
1456:Drivers/STM32WBxx_HAL_Driver/Inc/stm32wbxx_ll_rcc.h ****   * @brief  Disable HSI in stop mode
1457:Drivers/STM32WBxx_HAL_Driver/Inc/stm32wbxx_ll_rcc.h ****   * @rmtoll CR           HSIKERON      LL_RCC_HSI_DisableInStopMode
1458:Drivers/STM32WBxx_HAL_Driver/Inc/stm32wbxx_ll_rcc.h ****   * @retval None
1459:Drivers/STM32WBxx_HAL_Driver/Inc/stm32wbxx_ll_rcc.h ****   */
1460:Drivers/STM32WBxx_HAL_Driver/Inc/stm32wbxx_ll_rcc.h **** __STATIC_INLINE void LL_RCC_HSI_DisableInStopMode(void)
1461:Drivers/STM32WBxx_HAL_Driver/Inc/stm32wbxx_ll_rcc.h **** {
1462:Drivers/STM32WBxx_HAL_Driver/Inc/stm32wbxx_ll_rcc.h ****   CLEAR_BIT(RCC->CR, RCC_CR_HSIKERON);
1463:Drivers/STM32WBxx_HAL_Driver/Inc/stm32wbxx_ll_rcc.h **** }
1464:Drivers/STM32WBxx_HAL_Driver/Inc/stm32wbxx_ll_rcc.h **** 
1465:Drivers/STM32WBxx_HAL_Driver/Inc/stm32wbxx_ll_rcc.h **** /**
1466:Drivers/STM32WBxx_HAL_Driver/Inc/stm32wbxx_ll_rcc.h ****   * @brief  Check if HSI in stop mode is ready
1467:Drivers/STM32WBxx_HAL_Driver/Inc/stm32wbxx_ll_rcc.h ****   * @rmtoll CR           HSIKERON        LL_RCC_HSI_IsEnabledInStopMode
1468:Drivers/STM32WBxx_HAL_Driver/Inc/stm32wbxx_ll_rcc.h ****   * @retval State of bit (1 or 0).
1469:Drivers/STM32WBxx_HAL_Driver/Inc/stm32wbxx_ll_rcc.h ****   */
1470:Drivers/STM32WBxx_HAL_Driver/Inc/stm32wbxx_ll_rcc.h **** __STATIC_INLINE uint32_t LL_RCC_HSI_IsEnabledInStopMode(void)
1471:Drivers/STM32WBxx_HAL_Driver/Inc/stm32wbxx_ll_rcc.h **** {
ARM GAS  /tmp/cciSPV86.s 			page 57


1472:Drivers/STM32WBxx_HAL_Driver/Inc/stm32wbxx_ll_rcc.h ****   return ((READ_BIT(RCC->CR, RCC_CR_HSIKERON) == (RCC_CR_HSIKERON)) ? 1UL : 0UL);
1473:Drivers/STM32WBxx_HAL_Driver/Inc/stm32wbxx_ll_rcc.h **** }
1474:Drivers/STM32WBxx_HAL_Driver/Inc/stm32wbxx_ll_rcc.h **** 
1475:Drivers/STM32WBxx_HAL_Driver/Inc/stm32wbxx_ll_rcc.h **** /**
1476:Drivers/STM32WBxx_HAL_Driver/Inc/stm32wbxx_ll_rcc.h ****   * @brief  Enable HSI oscillator
1477:Drivers/STM32WBxx_HAL_Driver/Inc/stm32wbxx_ll_rcc.h ****   * @rmtoll CR           HSION         LL_RCC_HSI_Enable
1478:Drivers/STM32WBxx_HAL_Driver/Inc/stm32wbxx_ll_rcc.h ****   * @retval None
1479:Drivers/STM32WBxx_HAL_Driver/Inc/stm32wbxx_ll_rcc.h ****   */
1480:Drivers/STM32WBxx_HAL_Driver/Inc/stm32wbxx_ll_rcc.h **** __STATIC_INLINE void LL_RCC_HSI_Enable(void)
1481:Drivers/STM32WBxx_HAL_Driver/Inc/stm32wbxx_ll_rcc.h **** {
1482:Drivers/STM32WBxx_HAL_Driver/Inc/stm32wbxx_ll_rcc.h ****   SET_BIT(RCC->CR, RCC_CR_HSION);
1483:Drivers/STM32WBxx_HAL_Driver/Inc/stm32wbxx_ll_rcc.h **** }
1484:Drivers/STM32WBxx_HAL_Driver/Inc/stm32wbxx_ll_rcc.h **** 
1485:Drivers/STM32WBxx_HAL_Driver/Inc/stm32wbxx_ll_rcc.h **** /**
1486:Drivers/STM32WBxx_HAL_Driver/Inc/stm32wbxx_ll_rcc.h ****   * @brief  Disable HSI oscillator
1487:Drivers/STM32WBxx_HAL_Driver/Inc/stm32wbxx_ll_rcc.h ****   * @rmtoll CR           HSION         LL_RCC_HSI_Disable
1488:Drivers/STM32WBxx_HAL_Driver/Inc/stm32wbxx_ll_rcc.h ****   * @retval None
1489:Drivers/STM32WBxx_HAL_Driver/Inc/stm32wbxx_ll_rcc.h ****   */
1490:Drivers/STM32WBxx_HAL_Driver/Inc/stm32wbxx_ll_rcc.h **** __STATIC_INLINE void LL_RCC_HSI_Disable(void)
1491:Drivers/STM32WBxx_HAL_Driver/Inc/stm32wbxx_ll_rcc.h **** {
1492:Drivers/STM32WBxx_HAL_Driver/Inc/stm32wbxx_ll_rcc.h ****   CLEAR_BIT(RCC->CR, RCC_CR_HSION);
1493:Drivers/STM32WBxx_HAL_Driver/Inc/stm32wbxx_ll_rcc.h **** }
1494:Drivers/STM32WBxx_HAL_Driver/Inc/stm32wbxx_ll_rcc.h **** 
1495:Drivers/STM32WBxx_HAL_Driver/Inc/stm32wbxx_ll_rcc.h **** /**
1496:Drivers/STM32WBxx_HAL_Driver/Inc/stm32wbxx_ll_rcc.h ****   * @brief  Check if HSI clock is ready
1497:Drivers/STM32WBxx_HAL_Driver/Inc/stm32wbxx_ll_rcc.h ****   * @rmtoll CR           HSIRDY        LL_RCC_HSI_IsReady
1498:Drivers/STM32WBxx_HAL_Driver/Inc/stm32wbxx_ll_rcc.h ****   * @retval State of bit (1 or 0).
1499:Drivers/STM32WBxx_HAL_Driver/Inc/stm32wbxx_ll_rcc.h ****   */
1500:Drivers/STM32WBxx_HAL_Driver/Inc/stm32wbxx_ll_rcc.h **** __STATIC_INLINE uint32_t LL_RCC_HSI_IsReady(void)
1501:Drivers/STM32WBxx_HAL_Driver/Inc/stm32wbxx_ll_rcc.h **** {
1502:Drivers/STM32WBxx_HAL_Driver/Inc/stm32wbxx_ll_rcc.h ****   return ((READ_BIT(RCC->CR, RCC_CR_HSIRDY) == (RCC_CR_HSIRDY)) ? 1UL : 0UL);
1503:Drivers/STM32WBxx_HAL_Driver/Inc/stm32wbxx_ll_rcc.h **** }
1504:Drivers/STM32WBxx_HAL_Driver/Inc/stm32wbxx_ll_rcc.h **** 
1505:Drivers/STM32WBxx_HAL_Driver/Inc/stm32wbxx_ll_rcc.h **** /**
1506:Drivers/STM32WBxx_HAL_Driver/Inc/stm32wbxx_ll_rcc.h ****   * @brief  Enable HSI Automatic from stop mode
1507:Drivers/STM32WBxx_HAL_Driver/Inc/stm32wbxx_ll_rcc.h ****   * @rmtoll CR           HSIASFS       LL_RCC_HSI_EnableAutoFromStop
1508:Drivers/STM32WBxx_HAL_Driver/Inc/stm32wbxx_ll_rcc.h ****   * @retval None
1509:Drivers/STM32WBxx_HAL_Driver/Inc/stm32wbxx_ll_rcc.h ****   */
1510:Drivers/STM32WBxx_HAL_Driver/Inc/stm32wbxx_ll_rcc.h **** __STATIC_INLINE void LL_RCC_HSI_EnableAutoFromStop(void)
1511:Drivers/STM32WBxx_HAL_Driver/Inc/stm32wbxx_ll_rcc.h **** {
1512:Drivers/STM32WBxx_HAL_Driver/Inc/stm32wbxx_ll_rcc.h ****   SET_BIT(RCC->CR, RCC_CR_HSIASFS);
1513:Drivers/STM32WBxx_HAL_Driver/Inc/stm32wbxx_ll_rcc.h **** }
1514:Drivers/STM32WBxx_HAL_Driver/Inc/stm32wbxx_ll_rcc.h **** 
1515:Drivers/STM32WBxx_HAL_Driver/Inc/stm32wbxx_ll_rcc.h **** /**
1516:Drivers/STM32WBxx_HAL_Driver/Inc/stm32wbxx_ll_rcc.h ****   * @brief  Disable HSI Automatic from stop mode
1517:Drivers/STM32WBxx_HAL_Driver/Inc/stm32wbxx_ll_rcc.h ****   * @rmtoll CR           HSIASFS       LL_RCC_HSI_DisableAutoFromStop
1518:Drivers/STM32WBxx_HAL_Driver/Inc/stm32wbxx_ll_rcc.h ****   * @retval None
1519:Drivers/STM32WBxx_HAL_Driver/Inc/stm32wbxx_ll_rcc.h ****   */
1520:Drivers/STM32WBxx_HAL_Driver/Inc/stm32wbxx_ll_rcc.h **** __STATIC_INLINE void LL_RCC_HSI_DisableAutoFromStop(void)
1521:Drivers/STM32WBxx_HAL_Driver/Inc/stm32wbxx_ll_rcc.h **** {
1522:Drivers/STM32WBxx_HAL_Driver/Inc/stm32wbxx_ll_rcc.h ****   CLEAR_BIT(RCC->CR, RCC_CR_HSIASFS);
1523:Drivers/STM32WBxx_HAL_Driver/Inc/stm32wbxx_ll_rcc.h **** }
1524:Drivers/STM32WBxx_HAL_Driver/Inc/stm32wbxx_ll_rcc.h **** /**
1525:Drivers/STM32WBxx_HAL_Driver/Inc/stm32wbxx_ll_rcc.h ****   * @brief  Get HSI Calibration value
1526:Drivers/STM32WBxx_HAL_Driver/Inc/stm32wbxx_ll_rcc.h ****   * @note When HSITRIM is written, HSICAL is updated with the sum of
1527:Drivers/STM32WBxx_HAL_Driver/Inc/stm32wbxx_ll_rcc.h ****   *       HSITRIM and the factory trim value
1528:Drivers/STM32WBxx_HAL_Driver/Inc/stm32wbxx_ll_rcc.h ****   * @rmtoll ICSCR        HSICAL        LL_RCC_HSI_GetCalibration
ARM GAS  /tmp/cciSPV86.s 			page 58


1529:Drivers/STM32WBxx_HAL_Driver/Inc/stm32wbxx_ll_rcc.h ****   * @retval Between Min_Data = 0x00 and Max_Data = 0xFF
1530:Drivers/STM32WBxx_HAL_Driver/Inc/stm32wbxx_ll_rcc.h ****   */
1531:Drivers/STM32WBxx_HAL_Driver/Inc/stm32wbxx_ll_rcc.h **** __STATIC_INLINE uint32_t LL_RCC_HSI_GetCalibration(void)
1532:Drivers/STM32WBxx_HAL_Driver/Inc/stm32wbxx_ll_rcc.h **** {
1533:Drivers/STM32WBxx_HAL_Driver/Inc/stm32wbxx_ll_rcc.h ****   return (uint32_t)(READ_BIT(RCC->ICSCR, RCC_ICSCR_HSICAL) >> RCC_ICSCR_HSICAL_Pos);
1534:Drivers/STM32WBxx_HAL_Driver/Inc/stm32wbxx_ll_rcc.h **** }
1535:Drivers/STM32WBxx_HAL_Driver/Inc/stm32wbxx_ll_rcc.h **** 
1536:Drivers/STM32WBxx_HAL_Driver/Inc/stm32wbxx_ll_rcc.h **** /**
1537:Drivers/STM32WBxx_HAL_Driver/Inc/stm32wbxx_ll_rcc.h ****   * @brief  Set HSI Calibration trimming
1538:Drivers/STM32WBxx_HAL_Driver/Inc/stm32wbxx_ll_rcc.h ****   * @note user-programmable trimming value that is added to the HSICAL
1539:Drivers/STM32WBxx_HAL_Driver/Inc/stm32wbxx_ll_rcc.h ****   * @note Default value is 64, which, when added to the HSICAL value,
1540:Drivers/STM32WBxx_HAL_Driver/Inc/stm32wbxx_ll_rcc.h ****   *       should trim the HSI to 16 MHz +/- 1 %
1541:Drivers/STM32WBxx_HAL_Driver/Inc/stm32wbxx_ll_rcc.h ****   * @rmtoll ICSCR        HSITRIM       LL_RCC_HSI_SetCalibTrimming
1542:Drivers/STM32WBxx_HAL_Driver/Inc/stm32wbxx_ll_rcc.h ****   * @param  Value Between Min_Data = 0 and Max_Data = 127
1543:Drivers/STM32WBxx_HAL_Driver/Inc/stm32wbxx_ll_rcc.h ****   * @retval None
1544:Drivers/STM32WBxx_HAL_Driver/Inc/stm32wbxx_ll_rcc.h ****   */
1545:Drivers/STM32WBxx_HAL_Driver/Inc/stm32wbxx_ll_rcc.h **** __STATIC_INLINE void LL_RCC_HSI_SetCalibTrimming(uint32_t Value)
1546:Drivers/STM32WBxx_HAL_Driver/Inc/stm32wbxx_ll_rcc.h **** {
1547:Drivers/STM32WBxx_HAL_Driver/Inc/stm32wbxx_ll_rcc.h ****   MODIFY_REG(RCC->ICSCR, RCC_ICSCR_HSITRIM, Value << RCC_ICSCR_HSITRIM_Pos);
1548:Drivers/STM32WBxx_HAL_Driver/Inc/stm32wbxx_ll_rcc.h **** }
1549:Drivers/STM32WBxx_HAL_Driver/Inc/stm32wbxx_ll_rcc.h **** 
1550:Drivers/STM32WBxx_HAL_Driver/Inc/stm32wbxx_ll_rcc.h **** /**
1551:Drivers/STM32WBxx_HAL_Driver/Inc/stm32wbxx_ll_rcc.h ****   * @brief  Get HSI Calibration trimming
1552:Drivers/STM32WBxx_HAL_Driver/Inc/stm32wbxx_ll_rcc.h ****   * @rmtoll ICSCR        HSITRIM       LL_RCC_HSI_GetCalibTrimming
1553:Drivers/STM32WBxx_HAL_Driver/Inc/stm32wbxx_ll_rcc.h ****   * @retval Between Min_Data = 0 and Max_Data = 127
1554:Drivers/STM32WBxx_HAL_Driver/Inc/stm32wbxx_ll_rcc.h ****   */
1555:Drivers/STM32WBxx_HAL_Driver/Inc/stm32wbxx_ll_rcc.h **** __STATIC_INLINE uint32_t LL_RCC_HSI_GetCalibTrimming(void)
1556:Drivers/STM32WBxx_HAL_Driver/Inc/stm32wbxx_ll_rcc.h **** {
1557:Drivers/STM32WBxx_HAL_Driver/Inc/stm32wbxx_ll_rcc.h ****   return (uint32_t)(READ_BIT(RCC->ICSCR, RCC_ICSCR_HSITRIM) >> RCC_ICSCR_HSITRIM_Pos);
1558:Drivers/STM32WBxx_HAL_Driver/Inc/stm32wbxx_ll_rcc.h **** }
1559:Drivers/STM32WBxx_HAL_Driver/Inc/stm32wbxx_ll_rcc.h **** 
1560:Drivers/STM32WBxx_HAL_Driver/Inc/stm32wbxx_ll_rcc.h **** /**
1561:Drivers/STM32WBxx_HAL_Driver/Inc/stm32wbxx_ll_rcc.h ****   * @}
1562:Drivers/STM32WBxx_HAL_Driver/Inc/stm32wbxx_ll_rcc.h ****   */
1563:Drivers/STM32WBxx_HAL_Driver/Inc/stm32wbxx_ll_rcc.h **** 
1564:Drivers/STM32WBxx_HAL_Driver/Inc/stm32wbxx_ll_rcc.h **** #if defined(RCC_HSI48_SUPPORT)
1565:Drivers/STM32WBxx_HAL_Driver/Inc/stm32wbxx_ll_rcc.h **** /** @defgroup RCC_LL_EF_HSI48 HSI48
1566:Drivers/STM32WBxx_HAL_Driver/Inc/stm32wbxx_ll_rcc.h ****   * @{
1567:Drivers/STM32WBxx_HAL_Driver/Inc/stm32wbxx_ll_rcc.h ****   */
1568:Drivers/STM32WBxx_HAL_Driver/Inc/stm32wbxx_ll_rcc.h **** 
1569:Drivers/STM32WBxx_HAL_Driver/Inc/stm32wbxx_ll_rcc.h **** /**
1570:Drivers/STM32WBxx_HAL_Driver/Inc/stm32wbxx_ll_rcc.h ****   * @brief  Enable HSI48
1571:Drivers/STM32WBxx_HAL_Driver/Inc/stm32wbxx_ll_rcc.h ****   * @rmtoll CRRCR          HSI48ON       LL_RCC_HSI48_Enable
1572:Drivers/STM32WBxx_HAL_Driver/Inc/stm32wbxx_ll_rcc.h ****   * @retval None
1573:Drivers/STM32WBxx_HAL_Driver/Inc/stm32wbxx_ll_rcc.h ****   */
1574:Drivers/STM32WBxx_HAL_Driver/Inc/stm32wbxx_ll_rcc.h **** __STATIC_INLINE void LL_RCC_HSI48_Enable(void)
1575:Drivers/STM32WBxx_HAL_Driver/Inc/stm32wbxx_ll_rcc.h **** {
1576:Drivers/STM32WBxx_HAL_Driver/Inc/stm32wbxx_ll_rcc.h ****   SET_BIT(RCC->CRRCR, RCC_CRRCR_HSI48ON);
1577:Drivers/STM32WBxx_HAL_Driver/Inc/stm32wbxx_ll_rcc.h **** }
1578:Drivers/STM32WBxx_HAL_Driver/Inc/stm32wbxx_ll_rcc.h **** 
1579:Drivers/STM32WBxx_HAL_Driver/Inc/stm32wbxx_ll_rcc.h **** /**
1580:Drivers/STM32WBxx_HAL_Driver/Inc/stm32wbxx_ll_rcc.h ****   * @brief  Disable HSI48
1581:Drivers/STM32WBxx_HAL_Driver/Inc/stm32wbxx_ll_rcc.h ****   * @rmtoll CRRCR          HSI48ON       LL_RCC_HSI48_Disable
1582:Drivers/STM32WBxx_HAL_Driver/Inc/stm32wbxx_ll_rcc.h ****   * @retval None
1583:Drivers/STM32WBxx_HAL_Driver/Inc/stm32wbxx_ll_rcc.h ****   */
1584:Drivers/STM32WBxx_HAL_Driver/Inc/stm32wbxx_ll_rcc.h **** __STATIC_INLINE void LL_RCC_HSI48_Disable(void)
1585:Drivers/STM32WBxx_HAL_Driver/Inc/stm32wbxx_ll_rcc.h **** {
ARM GAS  /tmp/cciSPV86.s 			page 59


1586:Drivers/STM32WBxx_HAL_Driver/Inc/stm32wbxx_ll_rcc.h ****   CLEAR_BIT(RCC->CRRCR, RCC_CRRCR_HSI48ON);
1587:Drivers/STM32WBxx_HAL_Driver/Inc/stm32wbxx_ll_rcc.h **** }
1588:Drivers/STM32WBxx_HAL_Driver/Inc/stm32wbxx_ll_rcc.h **** 
1589:Drivers/STM32WBxx_HAL_Driver/Inc/stm32wbxx_ll_rcc.h **** /**
1590:Drivers/STM32WBxx_HAL_Driver/Inc/stm32wbxx_ll_rcc.h ****   * @brief  Check if HSI48 oscillator Ready
1591:Drivers/STM32WBxx_HAL_Driver/Inc/stm32wbxx_ll_rcc.h ****   * @rmtoll CRRCR          HSI48RDY      LL_RCC_HSI48_IsReady
1592:Drivers/STM32WBxx_HAL_Driver/Inc/stm32wbxx_ll_rcc.h ****   * @retval State of bit (1 or 0).
1593:Drivers/STM32WBxx_HAL_Driver/Inc/stm32wbxx_ll_rcc.h ****   */
1594:Drivers/STM32WBxx_HAL_Driver/Inc/stm32wbxx_ll_rcc.h **** __STATIC_INLINE uint32_t LL_RCC_HSI48_IsReady(void)
1595:Drivers/STM32WBxx_HAL_Driver/Inc/stm32wbxx_ll_rcc.h **** {
1596:Drivers/STM32WBxx_HAL_Driver/Inc/stm32wbxx_ll_rcc.h ****   return ((READ_BIT(RCC->CRRCR, RCC_CRRCR_HSI48RDY) == (RCC_CRRCR_HSI48RDY)) ? 1UL : 0UL);
1597:Drivers/STM32WBxx_HAL_Driver/Inc/stm32wbxx_ll_rcc.h **** }
1598:Drivers/STM32WBxx_HAL_Driver/Inc/stm32wbxx_ll_rcc.h **** 
1599:Drivers/STM32WBxx_HAL_Driver/Inc/stm32wbxx_ll_rcc.h **** /**
1600:Drivers/STM32WBxx_HAL_Driver/Inc/stm32wbxx_ll_rcc.h ****   * @brief  Get HSI48 Calibration value
1601:Drivers/STM32WBxx_HAL_Driver/Inc/stm32wbxx_ll_rcc.h ****   * @rmtoll CRRCR          HSI48CAL      LL_RCC_HSI48_GetCalibration
1602:Drivers/STM32WBxx_HAL_Driver/Inc/stm32wbxx_ll_rcc.h ****   * @retval Between Min_Data = 0x00 and Max_Data = 0x1FF
1603:Drivers/STM32WBxx_HAL_Driver/Inc/stm32wbxx_ll_rcc.h ****   */
1604:Drivers/STM32WBxx_HAL_Driver/Inc/stm32wbxx_ll_rcc.h **** __STATIC_INLINE uint32_t LL_RCC_HSI48_GetCalibration(void)
1605:Drivers/STM32WBxx_HAL_Driver/Inc/stm32wbxx_ll_rcc.h **** {
1606:Drivers/STM32WBxx_HAL_Driver/Inc/stm32wbxx_ll_rcc.h ****   return (uint32_t)(READ_BIT(RCC->CRRCR, RCC_CRRCR_HSI48CAL) >> RCC_CRRCR_HSI48CAL_Pos);
1607:Drivers/STM32WBxx_HAL_Driver/Inc/stm32wbxx_ll_rcc.h **** }
1608:Drivers/STM32WBxx_HAL_Driver/Inc/stm32wbxx_ll_rcc.h **** 
1609:Drivers/STM32WBxx_HAL_Driver/Inc/stm32wbxx_ll_rcc.h **** /**
1610:Drivers/STM32WBxx_HAL_Driver/Inc/stm32wbxx_ll_rcc.h ****   * @}
1611:Drivers/STM32WBxx_HAL_Driver/Inc/stm32wbxx_ll_rcc.h ****   */
1612:Drivers/STM32WBxx_HAL_Driver/Inc/stm32wbxx_ll_rcc.h **** #endif /* RCC_HSI48_SUPPORT */
1613:Drivers/STM32WBxx_HAL_Driver/Inc/stm32wbxx_ll_rcc.h **** 
1614:Drivers/STM32WBxx_HAL_Driver/Inc/stm32wbxx_ll_rcc.h **** /** @defgroup RCC_LL_EF_LSE LSE
1615:Drivers/STM32WBxx_HAL_Driver/Inc/stm32wbxx_ll_rcc.h ****   * @{
1616:Drivers/STM32WBxx_HAL_Driver/Inc/stm32wbxx_ll_rcc.h ****   */
1617:Drivers/STM32WBxx_HAL_Driver/Inc/stm32wbxx_ll_rcc.h **** 
1618:Drivers/STM32WBxx_HAL_Driver/Inc/stm32wbxx_ll_rcc.h **** /**
1619:Drivers/STM32WBxx_HAL_Driver/Inc/stm32wbxx_ll_rcc.h ****   * @brief  Enable  Low Speed External (LSE) crystal.
1620:Drivers/STM32WBxx_HAL_Driver/Inc/stm32wbxx_ll_rcc.h ****   * @rmtoll BDCR         LSEON         LL_RCC_LSE_Enable
1621:Drivers/STM32WBxx_HAL_Driver/Inc/stm32wbxx_ll_rcc.h ****   * @retval None
1622:Drivers/STM32WBxx_HAL_Driver/Inc/stm32wbxx_ll_rcc.h ****   */
1623:Drivers/STM32WBxx_HAL_Driver/Inc/stm32wbxx_ll_rcc.h **** __STATIC_INLINE void LL_RCC_LSE_Enable(void)
1624:Drivers/STM32WBxx_HAL_Driver/Inc/stm32wbxx_ll_rcc.h **** {
1625:Drivers/STM32WBxx_HAL_Driver/Inc/stm32wbxx_ll_rcc.h ****   SET_BIT(RCC->BDCR, RCC_BDCR_LSEON);
1626:Drivers/STM32WBxx_HAL_Driver/Inc/stm32wbxx_ll_rcc.h **** }
1627:Drivers/STM32WBxx_HAL_Driver/Inc/stm32wbxx_ll_rcc.h **** 
1628:Drivers/STM32WBxx_HAL_Driver/Inc/stm32wbxx_ll_rcc.h **** /**
1629:Drivers/STM32WBxx_HAL_Driver/Inc/stm32wbxx_ll_rcc.h ****   * @brief  Disable  Low Speed External (LSE) crystal.
1630:Drivers/STM32WBxx_HAL_Driver/Inc/stm32wbxx_ll_rcc.h ****   * @rmtoll BDCR         LSEON         LL_RCC_LSE_Disable
1631:Drivers/STM32WBxx_HAL_Driver/Inc/stm32wbxx_ll_rcc.h ****   * @retval None
1632:Drivers/STM32WBxx_HAL_Driver/Inc/stm32wbxx_ll_rcc.h ****   */
1633:Drivers/STM32WBxx_HAL_Driver/Inc/stm32wbxx_ll_rcc.h **** __STATIC_INLINE void LL_RCC_LSE_Disable(void)
1634:Drivers/STM32WBxx_HAL_Driver/Inc/stm32wbxx_ll_rcc.h **** {
1635:Drivers/STM32WBxx_HAL_Driver/Inc/stm32wbxx_ll_rcc.h ****   CLEAR_BIT(RCC->BDCR, RCC_BDCR_LSEON);
1636:Drivers/STM32WBxx_HAL_Driver/Inc/stm32wbxx_ll_rcc.h **** }
1637:Drivers/STM32WBxx_HAL_Driver/Inc/stm32wbxx_ll_rcc.h **** 
1638:Drivers/STM32WBxx_HAL_Driver/Inc/stm32wbxx_ll_rcc.h **** /**
1639:Drivers/STM32WBxx_HAL_Driver/Inc/stm32wbxx_ll_rcc.h ****   * @brief  Check if Low Speed External (LSE) crystal has been enabled or not
1640:Drivers/STM32WBxx_HAL_Driver/Inc/stm32wbxx_ll_rcc.h ****   * @rmtoll BDCR         LSEON         LL_RCC_LSE_IsEnabled
1641:Drivers/STM32WBxx_HAL_Driver/Inc/stm32wbxx_ll_rcc.h ****   * @retval State of bit (1 or 0).
1642:Drivers/STM32WBxx_HAL_Driver/Inc/stm32wbxx_ll_rcc.h ****   */
ARM GAS  /tmp/cciSPV86.s 			page 60


1643:Drivers/STM32WBxx_HAL_Driver/Inc/stm32wbxx_ll_rcc.h **** __STATIC_INLINE uint32_t LL_RCC_LSE_IsEnabled(void)
1644:Drivers/STM32WBxx_HAL_Driver/Inc/stm32wbxx_ll_rcc.h **** {
1645:Drivers/STM32WBxx_HAL_Driver/Inc/stm32wbxx_ll_rcc.h ****   return ((READ_BIT(RCC->BDCR, RCC_BDCR_LSEON) == (RCC_BDCR_LSEON)) ? 1UL : 0UL);
1646:Drivers/STM32WBxx_HAL_Driver/Inc/stm32wbxx_ll_rcc.h **** }
1647:Drivers/STM32WBxx_HAL_Driver/Inc/stm32wbxx_ll_rcc.h **** 
1648:Drivers/STM32WBxx_HAL_Driver/Inc/stm32wbxx_ll_rcc.h **** /**
1649:Drivers/STM32WBxx_HAL_Driver/Inc/stm32wbxx_ll_rcc.h ****   * @brief  Enable external clock source (LSE bypass).
1650:Drivers/STM32WBxx_HAL_Driver/Inc/stm32wbxx_ll_rcc.h ****   * @rmtoll BDCR         LSEBYP        LL_RCC_LSE_EnableBypass
1651:Drivers/STM32WBxx_HAL_Driver/Inc/stm32wbxx_ll_rcc.h ****   * @retval None
1652:Drivers/STM32WBxx_HAL_Driver/Inc/stm32wbxx_ll_rcc.h ****   */
1653:Drivers/STM32WBxx_HAL_Driver/Inc/stm32wbxx_ll_rcc.h **** __STATIC_INLINE void LL_RCC_LSE_EnableBypass(void)
1654:Drivers/STM32WBxx_HAL_Driver/Inc/stm32wbxx_ll_rcc.h **** {
1655:Drivers/STM32WBxx_HAL_Driver/Inc/stm32wbxx_ll_rcc.h ****   SET_BIT(RCC->BDCR, RCC_BDCR_LSEBYP);
1656:Drivers/STM32WBxx_HAL_Driver/Inc/stm32wbxx_ll_rcc.h **** }
1657:Drivers/STM32WBxx_HAL_Driver/Inc/stm32wbxx_ll_rcc.h **** 
1658:Drivers/STM32WBxx_HAL_Driver/Inc/stm32wbxx_ll_rcc.h **** /**
1659:Drivers/STM32WBxx_HAL_Driver/Inc/stm32wbxx_ll_rcc.h ****   * @brief  Disable external clock source (LSE bypass).
1660:Drivers/STM32WBxx_HAL_Driver/Inc/stm32wbxx_ll_rcc.h ****   * @rmtoll BDCR         LSEBYP        LL_RCC_LSE_DisableBypass
1661:Drivers/STM32WBxx_HAL_Driver/Inc/stm32wbxx_ll_rcc.h ****   * @retval None
1662:Drivers/STM32WBxx_HAL_Driver/Inc/stm32wbxx_ll_rcc.h ****   */
1663:Drivers/STM32WBxx_HAL_Driver/Inc/stm32wbxx_ll_rcc.h **** __STATIC_INLINE void LL_RCC_LSE_DisableBypass(void)
1664:Drivers/STM32WBxx_HAL_Driver/Inc/stm32wbxx_ll_rcc.h **** {
1665:Drivers/STM32WBxx_HAL_Driver/Inc/stm32wbxx_ll_rcc.h ****   CLEAR_BIT(RCC->BDCR, RCC_BDCR_LSEBYP);
1666:Drivers/STM32WBxx_HAL_Driver/Inc/stm32wbxx_ll_rcc.h **** }
1667:Drivers/STM32WBxx_HAL_Driver/Inc/stm32wbxx_ll_rcc.h **** 
1668:Drivers/STM32WBxx_HAL_Driver/Inc/stm32wbxx_ll_rcc.h **** /**
1669:Drivers/STM32WBxx_HAL_Driver/Inc/stm32wbxx_ll_rcc.h ****   * @brief  Set LSE oscillator drive capability
1670:Drivers/STM32WBxx_HAL_Driver/Inc/stm32wbxx_ll_rcc.h ****   * @note The oscillator is in Xtal mode when it is not in bypass mode.
1671:Drivers/STM32WBxx_HAL_Driver/Inc/stm32wbxx_ll_rcc.h ****   * @rmtoll BDCR         LSEDRV        LL_RCC_LSE_SetDriveCapability
1672:Drivers/STM32WBxx_HAL_Driver/Inc/stm32wbxx_ll_rcc.h ****   * @param  LSEDrive This parameter can be one of the following values:
1673:Drivers/STM32WBxx_HAL_Driver/Inc/stm32wbxx_ll_rcc.h ****   *         @arg @ref LL_RCC_LSEDRIVE_LOW
1674:Drivers/STM32WBxx_HAL_Driver/Inc/stm32wbxx_ll_rcc.h ****   *         @arg @ref LL_RCC_LSEDRIVE_MEDIUMLOW
1675:Drivers/STM32WBxx_HAL_Driver/Inc/stm32wbxx_ll_rcc.h ****   *         @arg @ref LL_RCC_LSEDRIVE_MEDIUMHIGH
1676:Drivers/STM32WBxx_HAL_Driver/Inc/stm32wbxx_ll_rcc.h ****   *         @arg @ref LL_RCC_LSEDRIVE_HIGH
1677:Drivers/STM32WBxx_HAL_Driver/Inc/stm32wbxx_ll_rcc.h ****   * @retval None
1678:Drivers/STM32WBxx_HAL_Driver/Inc/stm32wbxx_ll_rcc.h ****   */
1679:Drivers/STM32WBxx_HAL_Driver/Inc/stm32wbxx_ll_rcc.h **** __STATIC_INLINE void LL_RCC_LSE_SetDriveCapability(uint32_t LSEDrive)
 502              		.loc 4 1679 22 view .LVU154
 503              	.LBB26:
1680:Drivers/STM32WBxx_HAL_Driver/Inc/stm32wbxx_ll_rcc.h **** {
1681:Drivers/STM32WBxx_HAL_Driver/Inc/stm32wbxx_ll_rcc.h ****   MODIFY_REG(RCC->BDCR, RCC_BDCR_LSEDRV, LSEDrive);
 504              		.loc 4 1681 3 view .LVU155
 505 0024 4FF0B042 		mov	r2, #1476395008
 506 0028 D2F89030 		ldr	r3, [r2, #144]
 507 002c 23F01803 		bic	r3, r3, #24
 508 0030 43F01003 		orr	r3, r3, #16
 509 0034 C2F89030 		str	r3, [r2, #144]
 510              	.LVL21:
 511              		.loc 4 1681 3 is_stmt 0 view .LVU156
 512              	.LBE26:
 513              	.LBE25:
 168:Core/Src/main.c **** 
 514              		.loc 1 168 3 is_stmt 1 view .LVU157
 515              	.LBB27:
 168:Core/Src/main.c **** 
 516              		.loc 1 168 3 view .LVU158
 168:Core/Src/main.c **** 
ARM GAS  /tmp/cciSPV86.s 			page 61


 517              		.loc 1 168 3 view .LVU159
 518 0038 02F58062 		add	r2, r2, #1024
 519 003c 1368     		ldr	r3, [r2]
 520 003e 23F4C063 		bic	r3, r3, #1536
 521 0042 43F40073 		orr	r3, r3, #512
 522 0046 1360     		str	r3, [r2]
 168:Core/Src/main.c **** 
 523              		.loc 1 168 3 view .LVU160
 524 0048 1368     		ldr	r3, [r2]
 525 004a 03F4C063 		and	r3, r3, #1536
 526 004e 0093     		str	r3, [sp]
 168:Core/Src/main.c **** 
 527              		.loc 1 168 3 view .LVU161
 528 0050 009B     		ldr	r3, [sp]
 529              	.LBE27:
 168:Core/Src/main.c **** 
 530              		.loc 1 168 3 view .LVU162
 173:Core/Src/main.c ****       RCC_OSCILLATORTYPE_HSI | RCC_OSCILLATORTYPE_HSE | RCC_OSCILLATORTYPE_LSE |
 531              		.loc 1 173 3 view .LVU163
 173:Core/Src/main.c ****       RCC_OSCILLATORTYPE_HSI | RCC_OSCILLATORTYPE_HSE | RCC_OSCILLATORTYPE_LSE |
 532              		.loc 1 173 36 is_stmt 0 view .LVU164
 533 0052 2723     		movs	r3, #39
 534 0054 0893     		str	r3, [sp, #32]
 176:Core/Src/main.c ****   RCC_OscInitStruct.LSEState = RCC_LSE_ON;
 535              		.loc 1 176 3 is_stmt 1 view .LVU165
 176:Core/Src/main.c ****   RCC_OscInitStruct.LSEState = RCC_LSE_ON;
 536              		.loc 1 176 30 is_stmt 0 view .LVU166
 537 0056 4FF48033 		mov	r3, #65536
 538 005a 0993     		str	r3, [sp, #36]
 177:Core/Src/main.c ****   RCC_OscInitStruct.HSIState = RCC_HSI_ON;
 539              		.loc 1 177 3 is_stmt 1 view .LVU167
 177:Core/Src/main.c ****   RCC_OscInitStruct.HSIState = RCC_HSI_ON;
 540              		.loc 1 177 30 is_stmt 0 view .LVU168
 541 005c 0123     		movs	r3, #1
 542 005e 0A93     		str	r3, [sp, #40]
 178:Core/Src/main.c ****   RCC_OscInitStruct.MSIState = RCC_MSI_ON;
 543              		.loc 1 178 3 is_stmt 1 view .LVU169
 178:Core/Src/main.c ****   RCC_OscInitStruct.MSIState = RCC_MSI_ON;
 544              		.loc 1 178 30 is_stmt 0 view .LVU170
 545 0060 4FF48072 		mov	r2, #256
 546 0064 0B92     		str	r2, [sp, #44]
 179:Core/Src/main.c ****   RCC_OscInitStruct.HSICalibrationValue = RCC_HSICALIBRATION_DEFAULT;
 547              		.loc 1 179 3 is_stmt 1 view .LVU171
 179:Core/Src/main.c ****   RCC_OscInitStruct.HSICalibrationValue = RCC_HSICALIBRATION_DEFAULT;
 548              		.loc 1 179 30 is_stmt 0 view .LVU172
 549 0066 0F93     		str	r3, [sp, #60]
 180:Core/Src/main.c ****   RCC_OscInitStruct.MSICalibrationValue = RCC_MSICALIBRATION_DEFAULT;
 550              		.loc 1 180 3 is_stmt 1 view .LVU173
 180:Core/Src/main.c ****   RCC_OscInitStruct.MSICalibrationValue = RCC_MSICALIBRATION_DEFAULT;
 551              		.loc 1 180 41 is_stmt 0 view .LVU174
 552 0068 4022     		movs	r2, #64
 553 006a 0C92     		str	r2, [sp, #48]
 181:Core/Src/main.c ****   RCC_OscInitStruct.MSIClockRange = RCC_MSIRANGE_6;
 554              		.loc 1 181 3 is_stmt 1 view .LVU175
 181:Core/Src/main.c ****   RCC_OscInitStruct.MSIClockRange = RCC_MSIRANGE_6;
 555              		.loc 1 181 41 is_stmt 0 view .LVU176
 556 006c 1094     		str	r4, [sp, #64]
ARM GAS  /tmp/cciSPV86.s 			page 62


 182:Core/Src/main.c ****   RCC_OscInitStruct.PLL.PLLState = RCC_PLL_ON;
 557              		.loc 1 182 3 is_stmt 1 view .LVU177
 182:Core/Src/main.c ****   RCC_OscInitStruct.PLL.PLLState = RCC_PLL_ON;
 558              		.loc 1 182 35 is_stmt 0 view .LVU178
 559 006e 6022     		movs	r2, #96
 560 0070 1192     		str	r2, [sp, #68]
 183:Core/Src/main.c ****   RCC_OscInitStruct.PLL.PLLSource = RCC_PLLSOURCE_MSI;
 561              		.loc 1 183 3 is_stmt 1 view .LVU179
 183:Core/Src/main.c ****   RCC_OscInitStruct.PLL.PLLSource = RCC_PLLSOURCE_MSI;
 562              		.loc 1 183 34 is_stmt 0 view .LVU180
 563 0072 0222     		movs	r2, #2
 564 0074 1392     		str	r2, [sp, #76]
 184:Core/Src/main.c ****   RCC_OscInitStruct.PLL.PLLM = RCC_PLLM_DIV1;
 565              		.loc 1 184 3 is_stmt 1 view .LVU181
 184:Core/Src/main.c ****   RCC_OscInitStruct.PLL.PLLM = RCC_PLLM_DIV1;
 566              		.loc 1 184 35 is_stmt 0 view .LVU182
 567 0076 1493     		str	r3, [sp, #80]
 185:Core/Src/main.c ****   RCC_OscInitStruct.PLL.PLLN = 32;
 568              		.loc 1 185 3 is_stmt 1 view .LVU183
 185:Core/Src/main.c ****   RCC_OscInitStruct.PLL.PLLN = 32;
 569              		.loc 1 185 30 is_stmt 0 view .LVU184
 570 0078 1594     		str	r4, [sp, #84]
 186:Core/Src/main.c ****   RCC_OscInitStruct.PLL.PLLP = RCC_PLLP_DIV2;
 571              		.loc 1 186 3 is_stmt 1 view .LVU185
 186:Core/Src/main.c ****   RCC_OscInitStruct.PLL.PLLP = RCC_PLLP_DIV2;
 572              		.loc 1 186 30 is_stmt 0 view .LVU186
 573 007a 2023     		movs	r3, #32
 574 007c 1693     		str	r3, [sp, #88]
 187:Core/Src/main.c ****   RCC_OscInitStruct.PLL.PLLR = RCC_PLLR_DIV2;
 575              		.loc 1 187 3 is_stmt 1 view .LVU187
 187:Core/Src/main.c ****   RCC_OscInitStruct.PLL.PLLR = RCC_PLLR_DIV2;
 576              		.loc 1 187 30 is_stmt 0 view .LVU188
 577 007e 4FF40033 		mov	r3, #131072
 578 0082 1793     		str	r3, [sp, #92]
 188:Core/Src/main.c ****   RCC_OscInitStruct.PLL.PLLQ = RCC_PLLQ_DIV2;
 579              		.loc 1 188 3 is_stmt 1 view .LVU189
 188:Core/Src/main.c ****   RCC_OscInitStruct.PLL.PLLQ = RCC_PLLQ_DIV2;
 580              		.loc 1 188 30 is_stmt 0 view .LVU190
 581 0084 4FF00053 		mov	r3, #536870912
 582 0088 1993     		str	r3, [sp, #100]
 189:Core/Src/main.c ****   if (HAL_RCC_OscConfig(&RCC_OscInitStruct) != HAL_OK) {
 583              		.loc 1 189 3 is_stmt 1 view .LVU191
 189:Core/Src/main.c ****   if (HAL_RCC_OscConfig(&RCC_OscInitStruct) != HAL_OK) {
 584              		.loc 1 189 30 is_stmt 0 view .LVU192
 585 008a 4FF00073 		mov	r3, #33554432
 586 008e 1893     		str	r3, [sp, #96]
 190:Core/Src/main.c ****     Error_Handler();
 587              		.loc 1 190 3 is_stmt 1 view .LVU193
 190:Core/Src/main.c ****     Error_Handler();
 588              		.loc 1 190 7 is_stmt 0 view .LVU194
 589 0090 2846     		mov	r0, r5
 590 0092 FFF7FEFF 		bl	HAL_RCC_OscConfig
 591              	.LVL22:
 190:Core/Src/main.c ****     Error_Handler();
 592              		.loc 1 190 6 discriminator 1 view .LVU195
 593 0096 88B9     		cbnz	r0, .L27
 196:Core/Src/main.c ****                                 RCC_CLOCKTYPE_HCLK | RCC_CLOCKTYPE_SYSCLK |
ARM GAS  /tmp/cciSPV86.s 			page 63


 594              		.loc 1 196 3 is_stmt 1 view .LVU196
 196:Core/Src/main.c ****                                 RCC_CLOCKTYPE_HCLK | RCC_CLOCKTYPE_SYSCLK |
 595              		.loc 1 196 31 is_stmt 0 view .LVU197
 596 0098 6F23     		movs	r3, #111
 597 009a 0193     		str	r3, [sp, #4]
 199:Core/Src/main.c ****   RCC_ClkInitStruct.AHBCLKDivider = RCC_SYSCLK_DIV1;
 598              		.loc 1 199 3 is_stmt 1 view .LVU198
 199:Core/Src/main.c ****   RCC_ClkInitStruct.AHBCLKDivider = RCC_SYSCLK_DIV1;
 599              		.loc 1 199 34 is_stmt 0 view .LVU199
 600 009c 0321     		movs	r1, #3
 601 009e 0291     		str	r1, [sp, #8]
 200:Core/Src/main.c ****   RCC_ClkInitStruct.APB1CLKDivider = RCC_HCLK_DIV1;
 602              		.loc 1 200 3 is_stmt 1 view .LVU200
 200:Core/Src/main.c ****   RCC_ClkInitStruct.APB1CLKDivider = RCC_HCLK_DIV1;
 603              		.loc 1 200 35 is_stmt 0 view .LVU201
 604 00a0 0390     		str	r0, [sp, #12]
 201:Core/Src/main.c ****   RCC_ClkInitStruct.APB2CLKDivider = RCC_HCLK_DIV1;
 605              		.loc 1 201 3 is_stmt 1 view .LVU202
 201:Core/Src/main.c ****   RCC_ClkInitStruct.APB2CLKDivider = RCC_HCLK_DIV1;
 606              		.loc 1 201 36 is_stmt 0 view .LVU203
 607 00a2 0490     		str	r0, [sp, #16]
 202:Core/Src/main.c ****   RCC_ClkInitStruct.AHBCLK2Divider = RCC_SYSCLK_DIV2;
 608              		.loc 1 202 3 is_stmt 1 view .LVU204
 202:Core/Src/main.c ****   RCC_ClkInitStruct.AHBCLK2Divider = RCC_SYSCLK_DIV2;
 609              		.loc 1 202 36 is_stmt 0 view .LVU205
 610 00a4 0590     		str	r0, [sp, #20]
 203:Core/Src/main.c ****   RCC_ClkInitStruct.AHBCLK4Divider = RCC_SYSCLK_DIV1;
 611              		.loc 1 203 3 is_stmt 1 view .LVU206
 203:Core/Src/main.c ****   RCC_ClkInitStruct.AHBCLK4Divider = RCC_SYSCLK_DIV1;
 612              		.loc 1 203 36 is_stmt 0 view .LVU207
 613 00a6 8022     		movs	r2, #128
 614 00a8 0692     		str	r2, [sp, #24]
 204:Core/Src/main.c **** 
 615              		.loc 1 204 3 is_stmt 1 view .LVU208
 204:Core/Src/main.c **** 
 616              		.loc 1 204 36 is_stmt 0 view .LVU209
 617 00aa 0790     		str	r0, [sp, #28]
 206:Core/Src/main.c ****     Error_Handler();
 618              		.loc 1 206 3 is_stmt 1 view .LVU210
 206:Core/Src/main.c ****     Error_Handler();
 619              		.loc 1 206 7 is_stmt 0 view .LVU211
 620 00ac 01A8     		add	r0, sp, #4
 621 00ae FFF7FEFF 		bl	HAL_RCC_ClockConfig
 622              	.LVL23:
 206:Core/Src/main.c ****     Error_Handler();
 623              		.loc 1 206 6 discriminator 1 view .LVU212
 624 00b2 28B9     		cbnz	r0, .L28
 212:Core/Src/main.c **** }
 625              		.loc 1 212 3 is_stmt 1 view .LVU213
 626 00b4 FFF7FEFF 		bl	HAL_RCCEx_EnableMSIPLLMode
 627              	.LVL24:
 213:Core/Src/main.c **** 
 628              		.loc 1 213 1 is_stmt 0 view .LVU214
 629 00b8 1BB0     		add	sp, sp, #108
 630              		.cfi_remember_state
 631              		.cfi_def_cfa_offset 12
 632              		@ sp needed
ARM GAS  /tmp/cciSPV86.s 			page 64


 633 00ba 30BD     		pop	{r4, r5, pc}
 634              	.L27:
 635              		.cfi_restore_state
 191:Core/Src/main.c ****   }
 636              		.loc 1 191 5 is_stmt 1 view .LVU215
 637 00bc FFF7FEFF 		bl	Error_Handler
 638              	.LVL25:
 639              	.L28:
 207:Core/Src/main.c ****   }
 640              		.loc 1 207 5 view .LVU216
 641 00c0 FFF7FEFF 		bl	Error_Handler
 642              	.LVL26:
 643              		.cfi_endproc
 644              	.LFE955:
 646              		.section	.text.PeriphCommonClock_Config,"ax",%progbits
 647              		.align	1
 648              		.global	PeriphCommonClock_Config
 649              		.syntax unified
 650              		.thumb
 651              		.thumb_func
 653              	PeriphCommonClock_Config:
 654              	.LFB956:
 219:Core/Src/main.c ****   RCC_PeriphCLKInitTypeDef PeriphClkInitStruct = {0};
 655              		.loc 1 219 37 view -0
 656              		.cfi_startproc
 657              		@ args = 0, pretend = 0, frame = 80
 658              		@ frame_needed = 0, uses_anonymous_args = 0
 659 0000 10B5     		push	{r4, lr}
 660              		.cfi_def_cfa_offset 8
 661              		.cfi_offset 4, -8
 662              		.cfi_offset 14, -4
 663 0002 94B0     		sub	sp, sp, #80
 664              		.cfi_def_cfa_offset 88
 220:Core/Src/main.c **** 
 665              		.loc 1 220 3 view .LVU218
 220:Core/Src/main.c **** 
 666              		.loc 1 220 28 is_stmt 0 view .LVU219
 667 0004 5022     		movs	r2, #80
 668 0006 0021     		movs	r1, #0
 669 0008 6846     		mov	r0, sp
 670 000a FFF7FEFF 		bl	memset
 671              	.LVL27:
 224:Core/Src/main.c ****   PeriphClkInitStruct.SmpsClockSelection = RCC_SMPSCLKSOURCE_HSI;
 672              		.loc 1 224 3 is_stmt 1 view .LVU220
 224:Core/Src/main.c ****   PeriphClkInitStruct.SmpsClockSelection = RCC_SMPSCLKSOURCE_HSI;
 673              		.loc 1 224 44 is_stmt 0 view .LVU221
 674 000e 4FF40053 		mov	r3, #8192
 675 0012 0093     		str	r3, [sp]
 225:Core/Src/main.c ****   PeriphClkInitStruct.SmpsDivSelection = RCC_SMPSCLKDIV_RANGE1;
 676              		.loc 1 225 3 is_stmt 1 view .LVU222
 226:Core/Src/main.c **** 
 677              		.loc 1 226 3 view .LVU223
 226:Core/Src/main.c **** 
 678              		.loc 1 226 40 is_stmt 0 view .LVU224
 679 0014 1023     		movs	r3, #16
 680 0016 1393     		str	r3, [sp, #76]
 228:Core/Src/main.c ****     Error_Handler();
ARM GAS  /tmp/cciSPV86.s 			page 65


 681              		.loc 1 228 3 is_stmt 1 view .LVU225
 228:Core/Src/main.c ****     Error_Handler();
 682              		.loc 1 228 7 is_stmt 0 view .LVU226
 683 0018 6846     		mov	r0, sp
 684 001a FFF7FEFF 		bl	HAL_RCCEx_PeriphCLKConfig
 685              	.LVL28:
 228:Core/Src/main.c ****     Error_Handler();
 686              		.loc 1 228 6 discriminator 1 view .LVU227
 687 001e 08B9     		cbnz	r0, .L32
 234:Core/Src/main.c **** 
 688              		.loc 1 234 1 view .LVU228
 689 0020 14B0     		add	sp, sp, #80
 690              		.cfi_remember_state
 691              		.cfi_def_cfa_offset 8
 692              		@ sp needed
 693 0022 10BD     		pop	{r4, pc}
 694              	.L32:
 695              		.cfi_restore_state
 229:Core/Src/main.c ****   }
 696              		.loc 1 229 5 is_stmt 1 view .LVU229
 697 0024 FFF7FEFF 		bl	Error_Handler
 698              	.LVL29:
 699              		.cfi_endproc
 700              	.LFE956:
 702              		.section	.rodata.main.str1.4,"aMS",%progbits,1
 703              		.align	2
 704              	.LC0:
 705 0000 41583A25 		.ascii	"AX:%.3f AY:%.3f AZ:%.3f GX:%.2f GY:%.2f GZ:%.2f T:%"
 705      2E336620 
 705      41593A25 
 705      2E336620 
 705      415A3A25 
 706 0033 2E31660D 		.ascii	".1f\015\012\000"
 706      0A00
 707              		.section	.text.main,"ax",%progbits
 708              		.align	1
 709              		.global	main
 710              		.syntax unified
 711              		.thumb
 712              		.thumb_func
 714              	main:
 715              	.LFB954:
  76:Core/Src/main.c **** 
 716              		.loc 1 76 16 view -0
 717              		.cfi_startproc
 718              		@ args = 0, pretend = 0, frame = 0
 719              		@ frame_needed = 0, uses_anonymous_args = 0
 720 0000 2DE9F047 		push	{r4, r5, r6, r7, r8, r9, r10, lr}
 721              		.cfi_def_cfa_offset 32
 722              		.cfi_offset 4, -32
 723              		.cfi_offset 5, -28
 724              		.cfi_offset 6, -24
 725              		.cfi_offset 7, -20
 726              		.cfi_offset 8, -16
 727              		.cfi_offset 9, -12
 728              		.cfi_offset 10, -8
 729              		.cfi_offset 14, -4
ARM GAS  /tmp/cciSPV86.s 			page 66


 730 0004 8EB0     		sub	sp, sp, #56
 731              		.cfi_def_cfa_offset 88
  86:Core/Src/main.c **** 
 732              		.loc 1 86 3 view .LVU231
 733 0006 FFF7FEFF 		bl	HAL_Init
 734              	.LVL30:
  93:Core/Src/main.c **** 
 735              		.loc 1 93 3 view .LVU232
 736 000a FFF7FEFF 		bl	SystemClock_Config
 737              	.LVL31:
  96:Core/Src/main.c **** 
 738              		.loc 1 96 3 view .LVU233
 739 000e FFF7FEFF 		bl	PeriphCommonClock_Config
 740              	.LVL32:
 103:Core/Src/main.c ****   MX_I2C1_Init();
 741              		.loc 1 103 3 view .LVU234
 742 0012 FFF7FEFF 		bl	MX_GPIO_Init
 743              	.LVL33:
 104:Core/Src/main.c ****   MX_SPI1_Init();
 744              		.loc 1 104 3 view .LVU235
 745 0016 FFF7FEFF 		bl	MX_I2C1_Init
 746              	.LVL34:
 105:Core/Src/main.c ****   MX_USB_Device_Init();
 747              		.loc 1 105 3 view .LVU236
 748 001a FFF7FEFF 		bl	MX_SPI1_Init
 749              	.LVL35:
 106:Core/Src/main.c ****   /* USER CODE BEGIN 2 */
 750              		.loc 1 106 3 view .LVU237
 751 001e FFF7FEFF 		bl	MX_USB_Device_Init
 752              	.LVL36:
 108:Core/Src/main.c ****   /* ICM-42688-P setup */
 753              		.loc 1 108 3 view .LVU238
 754 0022 4FF47A70 		mov	r0, #1000
 755 0026 FFF7FEFF 		bl	HAL_Delay
 756              	.LVL37:
 110:Core/Src/main.c ****   icm.cs_port = ICM_CS_GPIO_Port;
 757              		.loc 1 110 3 view .LVU239
 110:Core/Src/main.c ****   icm.cs_port = ICM_CS_GPIO_Port;
 758              		.loc 1 110 12 is_stmt 0 view .LVU240
 759 002a 3B48     		ldr	r0, .L41
 760 002c 3B4B     		ldr	r3, .L41+4
 761 002e 0360     		str	r3, [r0]
 111:Core/Src/main.c ****   icm.cs_pin = ICM_CS_Pin;
 762              		.loc 1 111 3 is_stmt 1 view .LVU241
 111:Core/Src/main.c ****   icm.cs_pin = ICM_CS_Pin;
 763              		.loc 1 111 15 is_stmt 0 view .LVU242
 764 0030 3B4B     		ldr	r3, .L41+8
 765 0032 4360     		str	r3, [r0, #4]
 112:Core/Src/main.c **** 
 766              		.loc 1 112 3 is_stmt 1 view .LVU243
 112:Core/Src/main.c **** 
 767              		.loc 1 112 14 is_stmt 0 view .LVU244
 768 0034 0223     		movs	r3, #2
 769 0036 0381     		strh	r3, [r0, #8]	@ movhi
 114:Core/Src/main.c ****   if (icm_err != 0) {
 770              		.loc 1 114 3 is_stmt 1 view .LVU245
 114:Core/Src/main.c ****   if (icm_err != 0) {
ARM GAS  /tmp/cciSPV86.s 			page 67


 771              		.loc 1 114 17 is_stmt 0 view .LVU246
 772 0038 FFF7FEFF 		bl	ICM42688_Init
 773              	.LVL38:
 115:Core/Src/main.c ****     /* Blink error code: N quick blinks = abs(error), then long pause, repeat */
 774              		.loc 1 115 3 is_stmt 1 view .LVU247
 115:Core/Src/main.c ****     /* Blink error code: N quick blinks = abs(error), then long pause, repeat */
 775              		.loc 1 115 6 is_stmt 0 view .LVU248
 776 003c 00B3     		cbz	r0, .L34
 777 003e 0646     		mov	r6, r0
 778              	.LBB28:
 117:Core/Src/main.c ****     while (1) {
 779              		.loc 1 117 5 is_stmt 1 view .LVU249
 117:Core/Src/main.c ****     while (1) {
 780              		.loc 1 117 9 is_stmt 0 view .LVU250
 781 0040 0028     		cmp	r0, #0
 782 0042 B8BF     		it	lt
 783 0044 4642     		rsblt	r6, r0, #0
 784              	.LVL39:
 785              	.L37:
 118:Core/Src/main.c ****       for (int i = 0; i < code; i++) {
 786              		.loc 1 118 5 is_stmt 1 view .LVU251
 119:Core/Src/main.c ****         HAL_GPIO_WritePin(LED_GPIO_Port, LED_Pin, GPIO_PIN_RESET);
 787              		.loc 1 119 7 view .LVU252
 788              	.LBB29:
 119:Core/Src/main.c ****         HAL_GPIO_WritePin(LED_GPIO_Port, LED_Pin, GPIO_PIN_RESET);
 789              		.loc 1 119 12 view .LVU253
 119:Core/Src/main.c ****         HAL_GPIO_WritePin(LED_GPIO_Port, LED_Pin, GPIO_PIN_RESET);
 790              		.loc 1 119 16 is_stmt 0 view .LVU254
 791 0046 0024     		movs	r4, #0
 792              	.LVL40:
 793              	.L35:
 119:Core/Src/main.c ****         HAL_GPIO_WritePin(LED_GPIO_Port, LED_Pin, GPIO_PIN_RESET);
 794              		.loc 1 119 25 is_stmt 1 discriminator 1 view .LVU255
 795 0048 B442     		cmp	r4, r6
 796 004a 04DB     		blt	.L36
 797              	.LBE29:
 125:Core/Src/main.c ****     }
 798              		.loc 1 125 7 view .LVU256
 799 004c 40F2DC50 		movw	r0, #1500
 800 0050 FFF7FEFF 		bl	HAL_Delay
 801              	.LVL41:
 118:Core/Src/main.c ****       for (int i = 0; i < code; i++) {
 802              		.loc 1 118 11 view .LVU257
 119:Core/Src/main.c ****         HAL_GPIO_WritePin(LED_GPIO_Port, LED_Pin, GPIO_PIN_RESET);
 803              		.loc 1 119 7 is_stmt 0 view .LVU258
 804 0054 F7E7     		b	.L37
 805              	.L36:
 806              	.LBB30:
 120:Core/Src/main.c ****         HAL_Delay(150);
 807              		.loc 1 120 9 is_stmt 1 view .LVU259
 808 0056 334D     		ldr	r5, .L41+12
 809 0058 0022     		movs	r2, #0
 810 005a 4FF40051 		mov	r1, #8192
 811 005e 2846     		mov	r0, r5
 812 0060 FFF7FEFF 		bl	HAL_GPIO_WritePin
 813              	.LVL42:
 121:Core/Src/main.c ****         HAL_GPIO_WritePin(LED_GPIO_Port, LED_Pin, GPIO_PIN_SET);
ARM GAS  /tmp/cciSPV86.s 			page 68


 814              		.loc 1 121 9 view .LVU260
 815 0064 9620     		movs	r0, #150
 816 0066 FFF7FEFF 		bl	HAL_Delay
 817              	.LVL43:
 122:Core/Src/main.c ****         HAL_Delay(150);
 818              		.loc 1 122 9 view .LVU261
 819 006a 0122     		movs	r2, #1
 820 006c 4FF40051 		mov	r1, #8192
 821 0070 2846     		mov	r0, r5
 822 0072 FFF7FEFF 		bl	HAL_GPIO_WritePin
 823              	.LVL44:
 123:Core/Src/main.c ****       }
 824              		.loc 1 123 9 view .LVU262
 825 0076 9620     		movs	r0, #150
 826 0078 FFF7FEFF 		bl	HAL_Delay
 827              	.LVL45:
 119:Core/Src/main.c ****         HAL_GPIO_WritePin(LED_GPIO_Port, LED_Pin, GPIO_PIN_RESET);
 828              		.loc 1 119 34 discriminator 3 view .LVU263
 829 007c 0134     		adds	r4, r4, #1
 830              	.LVL46:
 119:Core/Src/main.c ****         HAL_GPIO_WritePin(LED_GPIO_Port, LED_Pin, GPIO_PIN_RESET);
 831              		.loc 1 119 34 is_stmt 0 discriminator 3 view .LVU264
 832 007e E3E7     		b	.L35
 833              	.LVL47:
 834              	.L34:
 119:Core/Src/main.c ****         HAL_GPIO_WritePin(LED_GPIO_Port, LED_Pin, GPIO_PIN_RESET);
 835              		.loc 1 119 34 discriminator 3 view .LVU265
 836              	.LBE30:
 837              	.LBE28:
 130:Core/Src/main.c ****   /* USER CODE END 2 */
 838              		.loc 1 130 3 is_stmt 1 view .LVU266
 839 0080 4FF47A70 		mov	r0, #1000
 840              	.LVL48:
 130:Core/Src/main.c ****   /* USER CODE END 2 */
 841              		.loc 1 130 3 is_stmt 0 view .LVU267
 842 0084 FFF7FEFF 		bl	HAL_Delay
 843              	.LVL49:
 844 0088 07E0     		b	.L39
 845              	.L38:
 144:Core/Src/main.c ****     HAL_Delay(100);
 846              		.loc 1 144 5 is_stmt 1 view .LVU268
 847 008a 4FF40051 		mov	r1, #8192
 848 008e 2548     		ldr	r0, .L41+12
 849 0090 FFF7FEFF 		bl	HAL_GPIO_TogglePin
 850              	.LVL50:
 145:Core/Src/main.c ****     /* USER CODE END WHILE */
 851              		.loc 1 145 5 view .LVU269
 852 0094 6420     		movs	r0, #100
 853 0096 FFF7FEFF 		bl	HAL_Delay
 854              	.LVL51:
 135:Core/Src/main.c ****     if (ICM42688_ReadOnce(&icm, &imu_data) == 0) {
 855              		.loc 1 135 9 view .LVU270
 856              	.L39:
 135:Core/Src/main.c ****     if (ICM42688_ReadOnce(&icm, &imu_data) == 0) {
 857              		.loc 1 135 3 view .LVU271
 136:Core/Src/main.c ****       int len = snprintf(
 858              		.loc 1 136 5 view .LVU272
ARM GAS  /tmp/cciSPV86.s 			page 69


 136:Core/Src/main.c ****       int len = snprintf(
 859              		.loc 1 136 9 is_stmt 0 view .LVU273
 860 009a 2349     		ldr	r1, .L41+16
 861 009c 1E48     		ldr	r0, .L41
 862 009e FFF7FEFF 		bl	ICM42688_ReadOnce
 863              	.LVL52:
 136:Core/Src/main.c ****       int len = snprintf(
 864              		.loc 1 136 8 discriminator 1 view .LVU274
 865 00a2 0028     		cmp	r0, #0
 866 00a4 F1D1     		bne	.L38
 867              	.LBB31:
 137:Core/Src/main.c ****           serial_buf, sizeof(serial_buf),
 868              		.loc 1 137 7 is_stmt 1 view .LVU275
 140:Core/Src/main.c ****           imu_data.gyr_y, imu_data.gyr_z, imu_data.temp_c);
 869              		.loc 1 140 19 is_stmt 0 view .LVU276
 870 00a6 204B     		ldr	r3, .L41+16
 871 00a8 1D68     		ldr	r5, [r3]	@ float
 140:Core/Src/main.c ****           imu_data.gyr_y, imu_data.gyr_z, imu_data.temp_c);
 872              		.loc 1 140 35 view .LVU277
 873 00aa 5E68     		ldr	r6, [r3, #4]	@ float
 140:Core/Src/main.c ****           imu_data.gyr_y, imu_data.gyr_z, imu_data.temp_c);
 874              		.loc 1 140 51 view .LVU278
 875 00ac 9F68     		ldr	r7, [r3, #8]	@ float
 140:Core/Src/main.c ****           imu_data.gyr_y, imu_data.gyr_z, imu_data.temp_c);
 876              		.loc 1 140 67 view .LVU279
 877 00ae D3F80C80 		ldr	r8, [r3, #12]	@ float
 141:Core/Src/main.c ****       CDC_Transmit_FS((uint8_t *)serial_buf, len);
 878              		.loc 1 141 19 view .LVU280
 879 00b2 D3F81090 		ldr	r9, [r3, #16]	@ float
 141:Core/Src/main.c ****       CDC_Transmit_FS((uint8_t *)serial_buf, len);
 880              		.loc 1 141 35 view .LVU281
 881 00b6 D3F814A0 		ldr	r10, [r3, #20]	@ float
 137:Core/Src/main.c ****           serial_buf, sizeof(serial_buf),
 882              		.loc 1 137 17 view .LVU282
 883 00ba 1C4C     		ldr	r4, .L41+20
 884 00bc 9869     		ldr	r0, [r3, #24]	@ float
 885 00be FFF7FEFF 		bl	__aeabi_f2d
 886              	.LVL53:
 887 00c2 CDE90C01 		strd	r0, [sp, #48]
 888 00c6 5046     		mov	r0, r10	@ float
 889 00c8 FFF7FEFF 		bl	__aeabi_f2d
 890              	.LVL54:
 891 00cc CDE90A01 		strd	r0, [sp, #40]
 892 00d0 4846     		mov	r0, r9	@ float
 893 00d2 FFF7FEFF 		bl	__aeabi_f2d
 894              	.LVL55:
 895 00d6 CDE90801 		strd	r0, [sp, #32]
 896 00da 4046     		mov	r0, r8	@ float
 897 00dc FFF7FEFF 		bl	__aeabi_f2d
 898              	.LVL56:
 899 00e0 CDE90601 		strd	r0, [sp, #24]
 900 00e4 3846     		mov	r0, r7	@ float
 901 00e6 FFF7FEFF 		bl	__aeabi_f2d
 902              	.LVL57:
 903 00ea CDE90401 		strd	r0, [sp, #16]
 904 00ee 3046     		mov	r0, r6	@ float
 905 00f0 FFF7FEFF 		bl	__aeabi_f2d
ARM GAS  /tmp/cciSPV86.s 			page 70


 906              	.LVL58:
 907 00f4 CDE90201 		strd	r0, [sp, #8]
 908 00f8 2846     		mov	r0, r5	@ float
 909 00fa FFF7FEFF 		bl	__aeabi_f2d
 910              	.LVL59:
 911 00fe CDE90001 		strd	r0, [sp]
 912 0102 0B4A     		ldr	r2, .L41+24
 913 0104 4FF48071 		mov	r1, #256
 914 0108 2046     		mov	r0, r4
 915 010a FFF7FEFF 		bl	snprintf
 916              	.LVL60:
 142:Core/Src/main.c ****     }
 917              		.loc 1 142 7 is_stmt 1 view .LVU283
 918 010e 81B2     		uxth	r1, r0
 919 0110 2046     		mov	r0, r4
 920              	.LVL61:
 142:Core/Src/main.c ****     }
 921              		.loc 1 142 7 is_stmt 0 view .LVU284
 922 0112 FFF7FEFF 		bl	CDC_Transmit_FS
 923              	.LVL62:
 924 0116 B8E7     		b	.L38
 925              	.L42:
 926              		.align	2
 927              	.L41:
 928 0118 00000000 		.word	icm
 929 011c 00000000 		.word	hspi1
 930 0120 000C0048 		.word	1207962624
 931 0124 00080048 		.word	1207961600
 932 0128 00000000 		.word	imu_data
 933 012c 00000000 		.word	serial_buf
 934 0130 00000000 		.word	.LC0
 935              	.LBE31:
 936              		.cfi_endproc
 937              	.LFE954:
 939              		.global	serial_buf
 940              		.section	.bss.serial_buf,"aw",%nobits
 941              		.align	2
 944              	serial_buf:
 945 0000 00000000 		.space	256
 945      00000000 
 945      00000000 
 945      00000000 
 945      00000000 
 946              		.global	imu_data
 947              		.section	.bss.imu_data,"aw",%nobits
 948              		.align	2
 951              	imu_data:
 952 0000 00000000 		.space	28
 952      00000000 
 952      00000000 
 952      00000000 
 952      00000000 
 953              		.global	icm
 954              		.section	.bss.icm,"aw",%nobits
 955              		.align	2
 958              	icm:
 959 0000 00000000 		.space	24
ARM GAS  /tmp/cciSPV86.s 			page 71


 959      00000000 
 959      00000000 
 959      00000000 
 959      00000000 
 960              		.global	hspi1
 961              		.section	.bss.hspi1,"aw",%nobits
 962              		.align	2
 965              	hspi1:
 966 0000 00000000 		.space	100
 966      00000000 
 966      00000000 
 966      00000000 
 966      00000000 
 967              		.global	hi2c1
 968              		.section	.bss.hi2c1,"aw",%nobits
 969              		.align	2
 972              	hi2c1:
 973 0000 00000000 		.space	84
 973      00000000 
 973      00000000 
 973      00000000 
 973      00000000 
 974              		.text
 975              	.Letext0:
 976              		.file 5 "/home/roomba/.config/Code/User/globalStorage/bmd.stm32-for-vscode/@xpack-dev-tools/arm-no
 977              		.file 6 "/home/roomba/.config/Code/User/globalStorage/bmd.stm32-for-vscode/@xpack-dev-tools/arm-no
 978              		.file 7 "Drivers/CMSIS/Device/ST/STM32WBxx/Include/stm32wb55xx.h"
 979              		.file 8 "Drivers/STM32WBxx_HAL_Driver/Inc/stm32wbxx_hal_def.h"
 980              		.file 9 "Drivers/STM32WBxx_HAL_Driver/Inc/stm32wbxx_hal_dma.h"
 981              		.file 10 "Drivers/STM32WBxx_HAL_Driver/Inc/stm32wbxx_hal_gpio.h"
 982              		.file 11 "Drivers/STM32WBxx_HAL_Driver/Inc/stm32wbxx_hal_i2c.h"
 983              		.file 12 "Drivers/STM32WBxx_HAL_Driver/Inc/stm32wbxx_hal_rcc.h"
 984              		.file 13 "Drivers/STM32WBxx_HAL_Driver/Inc/stm32wbxx_hal_rcc_ex.h"
 985              		.file 14 "Drivers/STM32WBxx_HAL_Driver/Inc/stm32wbxx_hal_spi.h"
 986              		.file 15 "Drivers/ICM42688/ICM42688.h"
 987              		.file 16 "Drivers/STM32WBxx_HAL_Driver/Inc/stm32wbxx_hal_pwr.h"
 988              		.file 17 "Drivers/STM32WBxx_HAL_Driver/Inc/stm32wbxx_hal_i2c_ex.h"
 989              		.file 18 "USB_Device/App/usbd_cdc_if.h"
 990              		.file 19 "/home/roomba/.config/Code/User/globalStorage/bmd.stm32-for-vscode/@xpack-dev-tools/arm-n
 991              		.file 20 "Drivers/STM32WBxx_HAL_Driver/Inc/stm32wbxx_hal.h"
 992              		.file 21 "USB_Device/App/usb_device.h"
 993              		.file 22 "<built-in>"
ARM GAS  /tmp/cciSPV86.s 			page 72


DEFINED SYMBOLS
                            *ABS*:00000000 main.c
     /tmp/cciSPV86.s:21     .text.MX_GPIO_Init:00000000 $t
     /tmp/cciSPV86.s:26     .text.MX_GPIO_Init:00000000 MX_GPIO_Init
     /tmp/cciSPV86.s:232    .text.MX_GPIO_Init:000000d0 $d
     /tmp/cciSPV86.s:239    .text.Error_Handler:00000000 $t
     /tmp/cciSPV86.s:245    .text.Error_Handler:00000000 Error_Handler
     /tmp/cciSPV86.s:277    .text.MX_I2C1_Init:00000000 $t
     /tmp/cciSPV86.s:282    .text.MX_I2C1_Init:00000000 MX_I2C1_Init
     /tmp/cciSPV86.s:363    .text.MX_I2C1_Init:00000048 $d
     /tmp/cciSPV86.s:972    .bss.hi2c1:00000000 hi2c1
     /tmp/cciSPV86.s:370    .text.MX_SPI1_Init:00000000 $t
     /tmp/cciSPV86.s:375    .text.MX_SPI1_Init:00000000 MX_SPI1_Init
     /tmp/cciSPV86.s:452    .text.MX_SPI1_Init:00000044 $d
     /tmp/cciSPV86.s:965    .bss.hspi1:00000000 hspi1
     /tmp/cciSPV86.s:458    .text.SystemClock_Config:00000000 $t
     /tmp/cciSPV86.s:464    .text.SystemClock_Config:00000000 SystemClock_Config
     /tmp/cciSPV86.s:647    .text.PeriphCommonClock_Config:00000000 $t
     /tmp/cciSPV86.s:653    .text.PeriphCommonClock_Config:00000000 PeriphCommonClock_Config
     /tmp/cciSPV86.s:703    .rodata.main.str1.4:00000000 $d
     /tmp/cciSPV86.s:708    .text.main:00000000 $t
     /tmp/cciSPV86.s:714    .text.main:00000000 main
     /tmp/cciSPV86.s:928    .text.main:00000118 $d
     /tmp/cciSPV86.s:958    .bss.icm:00000000 icm
     /tmp/cciSPV86.s:951    .bss.imu_data:00000000 imu_data
     /tmp/cciSPV86.s:944    .bss.serial_buf:00000000 serial_buf
     /tmp/cciSPV86.s:941    .bss.serial_buf:00000000 $d
     /tmp/cciSPV86.s:948    .bss.imu_data:00000000 $d
     /tmp/cciSPV86.s:955    .bss.icm:00000000 $d
     /tmp/cciSPV86.s:962    .bss.hspi1:00000000 $d
     /tmp/cciSPV86.s:969    .bss.hi2c1:00000000 $d

UNDEFINED SYMBOLS
HAL_GPIO_WritePin
HAL_GPIO_Init
HAL_I2C_Init
HAL_I2CEx_ConfigAnalogFilter
HAL_I2CEx_ConfigDigitalFilter
HAL_SPI_Init
memset
HAL_PWR_EnableBkUpAccess
HAL_RCC_OscConfig
HAL_RCC_ClockConfig
HAL_RCCEx_EnableMSIPLLMode
HAL_RCCEx_PeriphCLKConfig
HAL_Init
MX_USB_Device_Init
HAL_Delay
ICM42688_Init
HAL_GPIO_TogglePin
ICM42688_ReadOnce
__aeabi_f2d
snprintf
CDC_Transmit_FS
