
build/debug/software.elf:     file format elf32-littlearm

Sections:
Idx Name          Size      VMA       LMA       File off  Algn
  0 .isr_vector   0000013c  08000000  08000000  00001000  2**0
                  CONTENTS, ALLOC, LOAD, READONLY, DATA
  1 .text         00009578  08000140  08000140  00001140  2**4
                  CONTENTS, ALLOC, LOAD, READONLY, CODE
  2 .rodata       00000554  080096b8  080096b8  0000a6b8  2**3
                  CONTENTS, ALLOC, LOAD, READONLY, DATA
  3 .ARM          00000008  08009c0c  08009c0c  0000ac0c  2**2
                  CONTENTS, ALLOC, LOAD, READONLY, DATA
  4 .init_array   00000004  08009c14  08009c14  0000ac14  2**2
                  CONTENTS, ALLOC, LOAD, READONLY, DATA
  5 .fini_array   00000004  08009c18  08009c18  0000ac18  2**2
                  CONTENTS, ALLOC, LOAD, READONLY, DATA
  6 .data         000002c4  20000008  08009c1c  0000b008  2**2
                  CONTENTS, ALLOC, LOAD, DATA
  7 .tdata        00000000  200002cc  200002cc  0000b2cc  2**2
                  CONTENTS, ALLOC, LOAD, DATA, THREAD_LOCAL
  8 .tbss         00000000  200002cc  200002cc  00000000  2**2
                  ALLOC, THREAD_LOCAL
  9 .bss          00001d38  200002cc  08009ee0  0000b2cc  2**2
                  ALLOC
 10 ._user_heap_stack 00001404  20002004  08009ee0  0000c004  2**0
                  ALLOC
 11 .ARM.attributes 00000030  00000000  00000000  0000b2cc  2**0
                  CONTENTS, READONLY
 12 .comment      00000039  00000000  00000000  0000b2fc  2**0
                  CONTENTS, READONLY
 13 .debug_info   00022a6a  00000000  00000000  0000b335  2**0
                  CONTENTS, READONLY, DEBUGGING, OCTETS
 14 .debug_abbrev 00004ae4  00000000  00000000  0002dd9f  2**0
                  CONTENTS, READONLY, DEBUGGING, OCTETS
 15 .debug_loclists 0000deb4  00000000  00000000  00032883  2**0
                  CONTENTS, READONLY, DEBUGGING, OCTETS
 16 .debug_aranges 00001490  00000000  00000000  00040738  2**3
                  CONTENTS, READONLY, DEBUGGING, OCTETS
 17 .debug_rnglists 000012e4  00000000  00000000  00041bc8  2**0
                  CONTENTS, READONLY, DEBUGGING, OCTETS
 18 .debug_line   00017c5b  00000000  00000000  00042eac  2**0
                  CONTENTS, READONLY, DEBUGGING, OCTETS
 19 .debug_str    000073ba  00000000  00000000  0005ab07  2**0
                  CONTENTS, READONLY, DEBUGGING, OCTETS
 20 .debug_frame  00003408  00000000  00000000  00061ec4  2**2
                  CONTENTS, READONLY, DEBUGGING, OCTETS
 21 .debug_line_str 00000042  00000000  00000000  000652cc  2**0
                  CONTENTS, READONLY, DEBUGGING, OCTETS

Disassembly of section .text:

08000140 <memchr>:
 8000140:	f001 01ff 	and.w	r1, r1, #255	@ 0xff
 8000144:	2a10      	cmp	r2, #16
 8000146:	db2b      	blt.n	80001a0 <memchr+0x60>
 8000148:	f010 0f07 	tst.w	r0, #7
 800014c:	d008      	beq.n	8000160 <memchr+0x20>
 800014e:	f810 3b01 	ldrb.w	r3, [r0], #1
 8000152:	3a01      	subs	r2, #1
 8000154:	428b      	cmp	r3, r1
 8000156:	d02d      	beq.n	80001b4 <memchr+0x74>
 8000158:	f010 0f07 	tst.w	r0, #7
 800015c:	b342      	cbz	r2, 80001b0 <memchr+0x70>
 800015e:	d1f6      	bne.n	800014e <memchr+0xe>
 8000160:	b4f0      	push	{r4, r5, r6, r7}
 8000162:	ea41 2101 	orr.w	r1, r1, r1, lsl #8
 8000166:	ea41 4101 	orr.w	r1, r1, r1, lsl #16
 800016a:	f022 0407 	bic.w	r4, r2, #7
 800016e:	f07f 0700 	mvns.w	r7, #0
 8000172:	2300      	movs	r3, #0
 8000174:	e8f0 5602 	ldrd	r5, r6, [r0], #8
 8000178:	3c08      	subs	r4, #8
 800017a:	ea85 0501 	eor.w	r5, r5, r1
 800017e:	ea86 0601 	eor.w	r6, r6, r1
 8000182:	fa85 f547 	uadd8	r5, r5, r7
 8000186:	faa3 f587 	sel	r5, r3, r7
 800018a:	fa86 f647 	uadd8	r6, r6, r7
 800018e:	faa5 f687 	sel	r6, r5, r7
 8000192:	b98e      	cbnz	r6, 80001b8 <memchr+0x78>
 8000194:	d1ee      	bne.n	8000174 <memchr+0x34>
 8000196:	bcf0      	pop	{r4, r5, r6, r7}
 8000198:	f001 01ff 	and.w	r1, r1, #255	@ 0xff
 800019c:	f002 0207 	and.w	r2, r2, #7
 80001a0:	b132      	cbz	r2, 80001b0 <memchr+0x70>
 80001a2:	f810 3b01 	ldrb.w	r3, [r0], #1
 80001a6:	3a01      	subs	r2, #1
 80001a8:	ea83 0301 	eor.w	r3, r3, r1
 80001ac:	b113      	cbz	r3, 80001b4 <memchr+0x74>
 80001ae:	d1f8      	bne.n	80001a2 <memchr+0x62>
 80001b0:	2000      	movs	r0, #0
 80001b2:	4770      	bx	lr
 80001b4:	3801      	subs	r0, #1
 80001b6:	4770      	bx	lr
 80001b8:	2d00      	cmp	r5, #0
 80001ba:	bf06      	itte	eq
 80001bc:	4635      	moveq	r5, r6
 80001be:	3803      	subeq	r0, #3
 80001c0:	3807      	subne	r0, #7
 80001c2:	f015 0f01 	tst.w	r5, #1
 80001c6:	d107      	bne.n	80001d8 <memchr+0x98>
 80001c8:	3001      	adds	r0, #1
 80001ca:	f415 7f80 	tst.w	r5, #256	@ 0x100
 80001ce:	bf02      	ittt	eq
 80001d0:	3001      	addeq	r0, #1
 80001d2:	f415 3fc0 	tsteq.w	r5, #98304	@ 0x18000
 80001d6:	3001      	addeq	r0, #1
 80001d8:	bcf0      	pop	{r4, r5, r6, r7}
 80001da:	3801      	subs	r0, #1
 80001dc:	4770      	bx	lr
 80001de:	bf00      	nop

080001e0 <strlen>:
 80001e0:	4603      	mov	r3, r0
 80001e2:	f813 2b01 	ldrb.w	r2, [r3], #1
 80001e6:	2a00      	cmp	r2, #0
 80001e8:	d1fb      	bne.n	80001e2 <strlen+0x2>
 80001ea:	1a18      	subs	r0, r3, r0
 80001ec:	3801      	subs	r0, #1
 80001ee:	4770      	bx	lr

080001f0 <__aeabi_drsub>:
 80001f0:	f081 4100 	eor.w	r1, r1, #2147483648	@ 0x80000000
 80001f4:	e002      	b.n	80001fc <__adddf3>
 80001f6:	bf00      	nop

080001f8 <__aeabi_dsub>:
 80001f8:	f083 4300 	eor.w	r3, r3, #2147483648	@ 0x80000000

080001fc <__adddf3>:
 80001fc:	b530      	push	{r4, r5, lr}
 80001fe:	ea4f 0441 	mov.w	r4, r1, lsl #1
 8000202:	ea4f 0543 	mov.w	r5, r3, lsl #1
 8000206:	ea94 0f05 	teq	r4, r5
 800020a:	bf08      	it	eq
 800020c:	ea90 0f02 	teqeq	r0, r2
 8000210:	bf1f      	itttt	ne
 8000212:	ea54 0c00 	orrsne.w	ip, r4, r0
 8000216:	ea55 0c02 	orrsne.w	ip, r5, r2
 800021a:	ea7f 5c64 	mvnsne.w	ip, r4, asr #21
 800021e:	ea7f 5c65 	mvnsne.w	ip, r5, asr #21
 8000222:	f000 80e2 	beq.w	80003ea <__adddf3+0x1ee>
 8000226:	ea4f 5454 	mov.w	r4, r4, lsr #21
 800022a:	ebd4 5555 	rsbs	r5, r4, r5, lsr #21
 800022e:	bfb8      	it	lt
 8000230:	426d      	neglt	r5, r5
 8000232:	dd0c      	ble.n	800024e <__adddf3+0x52>
 8000234:	442c      	add	r4, r5
 8000236:	ea80 0202 	eor.w	r2, r0, r2
 800023a:	ea81 0303 	eor.w	r3, r1, r3
 800023e:	ea82 0000 	eor.w	r0, r2, r0
 8000242:	ea83 0101 	eor.w	r1, r3, r1
 8000246:	ea80 0202 	eor.w	r2, r0, r2
 800024a:	ea81 0303 	eor.w	r3, r1, r3
 800024e:	2d36      	cmp	r5, #54	@ 0x36
 8000250:	bf88      	it	hi
 8000252:	bd30      	pophi	{r4, r5, pc}
 8000254:	f011 4f00 	tst.w	r1, #2147483648	@ 0x80000000
 8000258:	ea4f 3101 	mov.w	r1, r1, lsl #12
 800025c:	f44f 1c80 	mov.w	ip, #1048576	@ 0x100000
 8000260:	ea4c 3111 	orr.w	r1, ip, r1, lsr #12
 8000264:	d002      	beq.n	800026c <__adddf3+0x70>
 8000266:	4240      	negs	r0, r0
 8000268:	eb61 0141 	sbc.w	r1, r1, r1, lsl #1
 800026c:	f013 4f00 	tst.w	r3, #2147483648	@ 0x80000000
 8000270:	ea4f 3303 	mov.w	r3, r3, lsl #12
 8000274:	ea4c 3313 	orr.w	r3, ip, r3, lsr #12
 8000278:	d002      	beq.n	8000280 <__adddf3+0x84>
 800027a:	4252      	negs	r2, r2
 800027c:	eb63 0343 	sbc.w	r3, r3, r3, lsl #1
 8000280:	ea94 0f05 	teq	r4, r5
 8000284:	f000 80a7 	beq.w	80003d6 <__adddf3+0x1da>
 8000288:	f1a4 0401 	sub.w	r4, r4, #1
 800028c:	f1d5 0e20 	rsbs	lr, r5, #32
 8000290:	db0d      	blt.n	80002ae <__adddf3+0xb2>
 8000292:	fa02 fc0e 	lsl.w	ip, r2, lr
 8000296:	fa22 f205 	lsr.w	r2, r2, r5
 800029a:	1880      	adds	r0, r0, r2
 800029c:	f141 0100 	adc.w	r1, r1, #0
 80002a0:	fa03 f20e 	lsl.w	r2, r3, lr
 80002a4:	1880      	adds	r0, r0, r2
 80002a6:	fa43 f305 	asr.w	r3, r3, r5
 80002aa:	4159      	adcs	r1, r3
 80002ac:	e00e      	b.n	80002cc <__adddf3+0xd0>
 80002ae:	f1a5 0520 	sub.w	r5, r5, #32
 80002b2:	f10e 0e20 	add.w	lr, lr, #32
 80002b6:	2a01      	cmp	r2, #1
 80002b8:	fa03 fc0e 	lsl.w	ip, r3, lr
 80002bc:	bf28      	it	cs
 80002be:	f04c 0c02 	orrcs.w	ip, ip, #2
 80002c2:	fa43 f305 	asr.w	r3, r3, r5
 80002c6:	18c0      	adds	r0, r0, r3
 80002c8:	eb51 71e3 	adcs.w	r1, r1, r3, asr #31
 80002cc:	f001 4500 	and.w	r5, r1, #2147483648	@ 0x80000000
 80002d0:	d507      	bpl.n	80002e2 <__adddf3+0xe6>
 80002d2:	f04f 0e00 	mov.w	lr, #0
 80002d6:	f1dc 0c00 	rsbs	ip, ip, #0
 80002da:	eb7e 0000 	sbcs.w	r0, lr, r0
 80002de:	eb6e 0101 	sbc.w	r1, lr, r1
 80002e2:	f5b1 1f80 	cmp.w	r1, #1048576	@ 0x100000
 80002e6:	d31b      	bcc.n	8000320 <__adddf3+0x124>
 80002e8:	f5b1 1f00 	cmp.w	r1, #2097152	@ 0x200000
 80002ec:	d30c      	bcc.n	8000308 <__adddf3+0x10c>
 80002ee:	0849      	lsrs	r1, r1, #1
 80002f0:	ea5f 0030 	movs.w	r0, r0, rrx
 80002f4:	ea4f 0c3c 	mov.w	ip, ip, rrx
 80002f8:	f104 0401 	add.w	r4, r4, #1
 80002fc:	ea4f 5244 	mov.w	r2, r4, lsl #21
 8000300:	f512 0f80 	cmn.w	r2, #4194304	@ 0x400000
 8000304:	f080 809a 	bcs.w	800043c <__adddf3+0x240>
 8000308:	f1bc 4f00 	cmp.w	ip, #2147483648	@ 0x80000000
 800030c:	bf08      	it	eq
 800030e:	ea5f 0c50 	movseq.w	ip, r0, lsr #1
 8000312:	f150 0000 	adcs.w	r0, r0, #0
 8000316:	eb41 5104 	adc.w	r1, r1, r4, lsl #20
 800031a:	ea41 0105 	orr.w	r1, r1, r5
 800031e:	bd30      	pop	{r4, r5, pc}
 8000320:	ea5f 0c4c 	movs.w	ip, ip, lsl #1
 8000324:	4140      	adcs	r0, r0
 8000326:	eb41 0101 	adc.w	r1, r1, r1
 800032a:	3c01      	subs	r4, #1
 800032c:	bf28      	it	cs
 800032e:	f5b1 1f80 	cmpcs.w	r1, #1048576	@ 0x100000
 8000332:	d2e9      	bcs.n	8000308 <__adddf3+0x10c>
 8000334:	f091 0f00 	teq	r1, #0
 8000338:	bf04      	itt	eq
 800033a:	4601      	moveq	r1, r0
 800033c:	2000      	moveq	r0, #0
 800033e:	fab1 f381 	clz	r3, r1
 8000342:	bf08      	it	eq
 8000344:	3320      	addeq	r3, #32
 8000346:	f1a3 030b 	sub.w	r3, r3, #11
 800034a:	f1b3 0220 	subs.w	r2, r3, #32
 800034e:	da0c      	bge.n	800036a <__adddf3+0x16e>
 8000350:	320c      	adds	r2, #12
 8000352:	dd08      	ble.n	8000366 <__adddf3+0x16a>
 8000354:	f102 0c14 	add.w	ip, r2, #20
 8000358:	f1c2 020c 	rsb	r2, r2, #12
 800035c:	fa01 f00c 	lsl.w	r0, r1, ip
 8000360:	fa21 f102 	lsr.w	r1, r1, r2
 8000364:	e00c      	b.n	8000380 <__adddf3+0x184>
 8000366:	f102 0214 	add.w	r2, r2, #20
 800036a:	bfd8      	it	le
 800036c:	f1c2 0c20 	rsble	ip, r2, #32
 8000370:	fa01 f102 	lsl.w	r1, r1, r2
 8000374:	fa20 fc0c 	lsr.w	ip, r0, ip
 8000378:	bfdc      	itt	le
 800037a:	ea41 010c 	orrle.w	r1, r1, ip
 800037e:	4090      	lslle	r0, r2
 8000380:	1ae4      	subs	r4, r4, r3
 8000382:	bfa2      	ittt	ge
 8000384:	eb01 5104 	addge.w	r1, r1, r4, lsl #20
 8000388:	4329      	orrge	r1, r5
 800038a:	bd30      	popge	{r4, r5, pc}
 800038c:	ea6f 0404 	mvn.w	r4, r4
 8000390:	3c1f      	subs	r4, #31
 8000392:	da1c      	bge.n	80003ce <__adddf3+0x1d2>
 8000394:	340c      	adds	r4, #12
 8000396:	dc0e      	bgt.n	80003b6 <__adddf3+0x1ba>
 8000398:	f104 0414 	add.w	r4, r4, #20
 800039c:	f1c4 0220 	rsb	r2, r4, #32
 80003a0:	fa20 f004 	lsr.w	r0, r0, r4
 80003a4:	fa01 f302 	lsl.w	r3, r1, r2
 80003a8:	ea40 0003 	orr.w	r0, r0, r3
 80003ac:	fa21 f304 	lsr.w	r3, r1, r4
 80003b0:	ea45 0103 	orr.w	r1, r5, r3
 80003b4:	bd30      	pop	{r4, r5, pc}
 80003b6:	f1c4 040c 	rsb	r4, r4, #12
 80003ba:	f1c4 0220 	rsb	r2, r4, #32
 80003be:	fa20 f002 	lsr.w	r0, r0, r2
 80003c2:	fa01 f304 	lsl.w	r3, r1, r4
 80003c6:	ea40 0003 	orr.w	r0, r0, r3
 80003ca:	4629      	mov	r1, r5
 80003cc:	bd30      	pop	{r4, r5, pc}
 80003ce:	fa21 f004 	lsr.w	r0, r1, r4
 80003d2:	4629      	mov	r1, r5
 80003d4:	bd30      	pop	{r4, r5, pc}
 80003d6:	f094 0f00 	teq	r4, #0
 80003da:	f483 1380 	eor.w	r3, r3, #1048576	@ 0x100000
 80003de:	bf06      	itte	eq
 80003e0:	f481 1180 	eoreq.w	r1, r1, #1048576	@ 0x100000
 80003e4:	3401      	addeq	r4, #1
 80003e6:	3d01      	subne	r5, #1
 80003e8:	e74e      	b.n	8000288 <__adddf3+0x8c>
 80003ea:	ea7f 5c64 	mvns.w	ip, r4, asr #21
 80003ee:	bf18      	it	ne
 80003f0:	ea7f 5c65 	mvnsne.w	ip, r5, asr #21
 80003f4:	d029      	beq.n	800044a <__adddf3+0x24e>
 80003f6:	ea94 0f05 	teq	r4, r5
 80003fa:	bf08      	it	eq
 80003fc:	ea90 0f02 	teqeq	r0, r2
 8000400:	d005      	beq.n	800040e <__adddf3+0x212>
 8000402:	ea54 0c00 	orrs.w	ip, r4, r0
 8000406:	bf04      	itt	eq
 8000408:	4619      	moveq	r1, r3
 800040a:	4610      	moveq	r0, r2
 800040c:	bd30      	pop	{r4, r5, pc}
 800040e:	ea91 0f03 	teq	r1, r3
 8000412:	bf1e      	ittt	ne
 8000414:	2100      	movne	r1, #0
 8000416:	2000      	movne	r0, #0
 8000418:	bd30      	popne	{r4, r5, pc}
 800041a:	ea5f 5c54 	movs.w	ip, r4, lsr #21
 800041e:	d105      	bne.n	800042c <__adddf3+0x230>
 8000420:	0040      	lsls	r0, r0, #1
 8000422:	4149      	adcs	r1, r1
 8000424:	bf28      	it	cs
 8000426:	f041 4100 	orrcs.w	r1, r1, #2147483648	@ 0x80000000
 800042a:	bd30      	pop	{r4, r5, pc}
 800042c:	f514 0480 	adds.w	r4, r4, #4194304	@ 0x400000
 8000430:	bf3c      	itt	cc
 8000432:	f501 1180 	addcc.w	r1, r1, #1048576	@ 0x100000
 8000436:	bd30      	popcc	{r4, r5, pc}
 8000438:	f001 4500 	and.w	r5, r1, #2147483648	@ 0x80000000
 800043c:	f045 41fe 	orr.w	r1, r5, #2130706432	@ 0x7f000000
 8000440:	f441 0170 	orr.w	r1, r1, #15728640	@ 0xf00000
 8000444:	f04f 0000 	mov.w	r0, #0
 8000448:	bd30      	pop	{r4, r5, pc}
 800044a:	ea7f 5c64 	mvns.w	ip, r4, asr #21
 800044e:	bf1a      	itte	ne
 8000450:	4619      	movne	r1, r3
 8000452:	4610      	movne	r0, r2
 8000454:	ea7f 5c65 	mvnseq.w	ip, r5, asr #21
 8000458:	bf1c      	itt	ne
 800045a:	460b      	movne	r3, r1
 800045c:	4602      	movne	r2, r0
 800045e:	ea50 3401 	orrs.w	r4, r0, r1, lsl #12
 8000462:	bf06      	itte	eq
 8000464:	ea52 3503 	orrseq.w	r5, r2, r3, lsl #12
 8000468:	ea91 0f03 	teqeq	r1, r3
 800046c:	f441 2100 	orrne.w	r1, r1, #524288	@ 0x80000
 8000470:	bd30      	pop	{r4, r5, pc}
 8000472:	bf00      	nop

08000474 <__aeabi_ui2d>:
 8000474:	f090 0f00 	teq	r0, #0
 8000478:	bf04      	itt	eq
 800047a:	2100      	moveq	r1, #0
 800047c:	4770      	bxeq	lr
 800047e:	b530      	push	{r4, r5, lr}
 8000480:	f44f 6480 	mov.w	r4, #1024	@ 0x400
 8000484:	f104 0432 	add.w	r4, r4, #50	@ 0x32
 8000488:	f04f 0500 	mov.w	r5, #0
 800048c:	f04f 0100 	mov.w	r1, #0
 8000490:	e750      	b.n	8000334 <__adddf3+0x138>
 8000492:	bf00      	nop

08000494 <__aeabi_i2d>:
 8000494:	f090 0f00 	teq	r0, #0
 8000498:	bf04      	itt	eq
 800049a:	2100      	moveq	r1, #0
 800049c:	4770      	bxeq	lr
 800049e:	b530      	push	{r4, r5, lr}
 80004a0:	f44f 6480 	mov.w	r4, #1024	@ 0x400
 80004a4:	f104 0432 	add.w	r4, r4, #50	@ 0x32
 80004a8:	f010 4500 	ands.w	r5, r0, #2147483648	@ 0x80000000
 80004ac:	bf48      	it	mi
 80004ae:	4240      	negmi	r0, r0
 80004b0:	f04f 0100 	mov.w	r1, #0
 80004b4:	e73e      	b.n	8000334 <__adddf3+0x138>
 80004b6:	bf00      	nop

080004b8 <__aeabi_f2d>:
 80004b8:	0042      	lsls	r2, r0, #1
 80004ba:	ea4f 01e2 	mov.w	r1, r2, asr #3
 80004be:	ea4f 0131 	mov.w	r1, r1, rrx
 80004c2:	ea4f 7002 	mov.w	r0, r2, lsl #28
 80004c6:	bf1f      	itttt	ne
 80004c8:	f012 437f 	andsne.w	r3, r2, #4278190080	@ 0xff000000
 80004cc:	f093 4f7f 	teqne	r3, #4278190080	@ 0xff000000
 80004d0:	f081 5160 	eorne.w	r1, r1, #939524096	@ 0x38000000
 80004d4:	4770      	bxne	lr
 80004d6:	f032 427f 	bics.w	r2, r2, #4278190080	@ 0xff000000
 80004da:	bf08      	it	eq
 80004dc:	4770      	bxeq	lr
 80004de:	f093 4f7f 	teq	r3, #4278190080	@ 0xff000000
 80004e2:	bf04      	itt	eq
 80004e4:	f441 2100 	orreq.w	r1, r1, #524288	@ 0x80000
 80004e8:	4770      	bxeq	lr
 80004ea:	b530      	push	{r4, r5, lr}
 80004ec:	f44f 7460 	mov.w	r4, #896	@ 0x380
 80004f0:	f001 4500 	and.w	r5, r1, #2147483648	@ 0x80000000
 80004f4:	f021 4100 	bic.w	r1, r1, #2147483648	@ 0x80000000
 80004f8:	e71c      	b.n	8000334 <__adddf3+0x138>
 80004fa:	bf00      	nop

080004fc <__aeabi_ul2d>:
 80004fc:	ea50 0201 	orrs.w	r2, r0, r1
 8000500:	bf08      	it	eq
 8000502:	4770      	bxeq	lr
 8000504:	b530      	push	{r4, r5, lr}
 8000506:	f04f 0500 	mov.w	r5, #0
 800050a:	e00a      	b.n	8000522 <__aeabi_l2d+0x16>

0800050c <__aeabi_l2d>:
 800050c:	ea50 0201 	orrs.w	r2, r0, r1
 8000510:	bf08      	it	eq
 8000512:	4770      	bxeq	lr
 8000514:	b530      	push	{r4, r5, lr}
 8000516:	f011 4500 	ands.w	r5, r1, #2147483648	@ 0x80000000
 800051a:	d502      	bpl.n	8000522 <__aeabi_l2d+0x16>
 800051c:	4240      	negs	r0, r0
 800051e:	eb61 0141 	sbc.w	r1, r1, r1, lsl #1
 8000522:	f44f 6480 	mov.w	r4, #1024	@ 0x400
 8000526:	f104 0432 	add.w	r4, r4, #50	@ 0x32
 800052a:	ea5f 5c91 	movs.w	ip, r1, lsr #22
 800052e:	f43f aed8 	beq.w	80002e2 <__adddf3+0xe6>
 8000532:	f04f 0203 	mov.w	r2, #3
 8000536:	ea5f 0cdc 	movs.w	ip, ip, lsr #3
 800053a:	bf18      	it	ne
 800053c:	3203      	addne	r2, #3
 800053e:	ea5f 0cdc 	movs.w	ip, ip, lsr #3
 8000542:	bf18      	it	ne
 8000544:	3203      	addne	r2, #3
 8000546:	eb02 02dc 	add.w	r2, r2, ip, lsr #3
 800054a:	f1c2 0320 	rsb	r3, r2, #32
 800054e:	fa00 fc03 	lsl.w	ip, r0, r3
 8000552:	fa20 f002 	lsr.w	r0, r0, r2
 8000556:	fa01 fe03 	lsl.w	lr, r1, r3
 800055a:	ea40 000e 	orr.w	r0, r0, lr
 800055e:	fa21 f102 	lsr.w	r1, r1, r2
 8000562:	4414      	add	r4, r2
 8000564:	e6bd      	b.n	80002e2 <__adddf3+0xe6>
 8000566:	bf00      	nop

08000568 <__aeabi_dmul>:
 8000568:	b570      	push	{r4, r5, r6, lr}
 800056a:	f04f 0cff 	mov.w	ip, #255	@ 0xff
 800056e:	f44c 6ce0 	orr.w	ip, ip, #1792	@ 0x700
 8000572:	ea1c 5411 	ands.w	r4, ip, r1, lsr #20
 8000576:	bf1d      	ittte	ne
 8000578:	ea1c 5513 	andsne.w	r5, ip, r3, lsr #20
 800057c:	ea94 0f0c 	teqne	r4, ip
 8000580:	ea95 0f0c 	teqne	r5, ip
 8000584:	f000 f8de 	bleq	8000744 <__aeabi_dmul+0x1dc>
 8000588:	442c      	add	r4, r5
 800058a:	ea81 0603 	eor.w	r6, r1, r3
 800058e:	ea21 514c 	bic.w	r1, r1, ip, lsl #21
 8000592:	ea23 534c 	bic.w	r3, r3, ip, lsl #21
 8000596:	ea50 3501 	orrs.w	r5, r0, r1, lsl #12
 800059a:	bf18      	it	ne
 800059c:	ea52 3503 	orrsne.w	r5, r2, r3, lsl #12
 80005a0:	f441 1180 	orr.w	r1, r1, #1048576	@ 0x100000
 80005a4:	f443 1380 	orr.w	r3, r3, #1048576	@ 0x100000
 80005a8:	d038      	beq.n	800061c <__aeabi_dmul+0xb4>
 80005aa:	fba0 ce02 	umull	ip, lr, r0, r2
 80005ae:	f04f 0500 	mov.w	r5, #0
 80005b2:	fbe1 e502 	umlal	lr, r5, r1, r2
 80005b6:	f006 4200 	and.w	r2, r6, #2147483648	@ 0x80000000
 80005ba:	fbe0 e503 	umlal	lr, r5, r0, r3
 80005be:	f04f 0600 	mov.w	r6, #0
 80005c2:	fbe1 5603 	umlal	r5, r6, r1, r3
 80005c6:	f09c 0f00 	teq	ip, #0
 80005ca:	bf18      	it	ne
 80005cc:	f04e 0e01 	orrne.w	lr, lr, #1
 80005d0:	f1a4 04ff 	sub.w	r4, r4, #255	@ 0xff
 80005d4:	f5b6 7f00 	cmp.w	r6, #512	@ 0x200
 80005d8:	f564 7440 	sbc.w	r4, r4, #768	@ 0x300
 80005dc:	d204      	bcs.n	80005e8 <__aeabi_dmul+0x80>
 80005de:	ea5f 0e4e 	movs.w	lr, lr, lsl #1
 80005e2:	416d      	adcs	r5, r5
 80005e4:	eb46 0606 	adc.w	r6, r6, r6
 80005e8:	ea42 21c6 	orr.w	r1, r2, r6, lsl #11
 80005ec:	ea41 5155 	orr.w	r1, r1, r5, lsr #21
 80005f0:	ea4f 20c5 	mov.w	r0, r5, lsl #11
 80005f4:	ea40 505e 	orr.w	r0, r0, lr, lsr #21
 80005f8:	ea4f 2ece 	mov.w	lr, lr, lsl #11
 80005fc:	f1b4 0cfd 	subs.w	ip, r4, #253	@ 0xfd
 8000600:	bf88      	it	hi
 8000602:	f5bc 6fe0 	cmphi.w	ip, #1792	@ 0x700
 8000606:	d81e      	bhi.n	8000646 <__aeabi_dmul+0xde>
 8000608:	f1be 4f00 	cmp.w	lr, #2147483648	@ 0x80000000
 800060c:	bf08      	it	eq
 800060e:	ea5f 0e50 	movseq.w	lr, r0, lsr #1
 8000612:	f150 0000 	adcs.w	r0, r0, #0
 8000616:	eb41 5104 	adc.w	r1, r1, r4, lsl #20
 800061a:	bd70      	pop	{r4, r5, r6, pc}
 800061c:	f006 4600 	and.w	r6, r6, #2147483648	@ 0x80000000
 8000620:	ea46 0101 	orr.w	r1, r6, r1
 8000624:	ea40 0002 	orr.w	r0, r0, r2
 8000628:	ea81 0103 	eor.w	r1, r1, r3
 800062c:	ebb4 045c 	subs.w	r4, r4, ip, lsr #1
 8000630:	bfc2      	ittt	gt
 8000632:	ebd4 050c 	rsbsgt	r5, r4, ip
 8000636:	ea41 5104 	orrgt.w	r1, r1, r4, lsl #20
 800063a:	bd70      	popgt	{r4, r5, r6, pc}
 800063c:	f441 1180 	orr.w	r1, r1, #1048576	@ 0x100000
 8000640:	f04f 0e00 	mov.w	lr, #0
 8000644:	3c01      	subs	r4, #1
 8000646:	f300 80ab 	bgt.w	80007a0 <__aeabi_dmul+0x238>
 800064a:	f114 0f36 	cmn.w	r4, #54	@ 0x36
 800064e:	bfde      	ittt	le
 8000650:	2000      	movle	r0, #0
 8000652:	f001 4100 	andle.w	r1, r1, #2147483648	@ 0x80000000
 8000656:	bd70      	pople	{r4, r5, r6, pc}
 8000658:	f1c4 0400 	rsb	r4, r4, #0
 800065c:	3c20      	subs	r4, #32
 800065e:	da35      	bge.n	80006cc <__aeabi_dmul+0x164>
 8000660:	340c      	adds	r4, #12
 8000662:	dc1b      	bgt.n	800069c <__aeabi_dmul+0x134>
 8000664:	f104 0414 	add.w	r4, r4, #20
 8000668:	f1c4 0520 	rsb	r5, r4, #32
 800066c:	fa00 f305 	lsl.w	r3, r0, r5
 8000670:	fa20 f004 	lsr.w	r0, r0, r4
 8000674:	fa01 f205 	lsl.w	r2, r1, r5
 8000678:	ea40 0002 	orr.w	r0, r0, r2
 800067c:	f001 4200 	and.w	r2, r1, #2147483648	@ 0x80000000
 8000680:	f021 4100 	bic.w	r1, r1, #2147483648	@ 0x80000000
 8000684:	eb10 70d3 	adds.w	r0, r0, r3, lsr #31
 8000688:	fa21 f604 	lsr.w	r6, r1, r4
 800068c:	eb42 0106 	adc.w	r1, r2, r6
 8000690:	ea5e 0e43 	orrs.w	lr, lr, r3, lsl #1
 8000694:	bf08      	it	eq
 8000696:	ea20 70d3 	biceq.w	r0, r0, r3, lsr #31
 800069a:	bd70      	pop	{r4, r5, r6, pc}
 800069c:	f1c4 040c 	rsb	r4, r4, #12
 80006a0:	f1c4 0520 	rsb	r5, r4, #32
 80006a4:	fa00 f304 	lsl.w	r3, r0, r4
 80006a8:	fa20 f005 	lsr.w	r0, r0, r5
 80006ac:	fa01 f204 	lsl.w	r2, r1, r4
 80006b0:	ea40 0002 	orr.w	r0, r0, r2
 80006b4:	f001 4100 	and.w	r1, r1, #2147483648	@ 0x80000000
 80006b8:	eb10 70d3 	adds.w	r0, r0, r3, lsr #31
 80006bc:	f141 0100 	adc.w	r1, r1, #0
 80006c0:	ea5e 0e43 	orrs.w	lr, lr, r3, lsl #1
 80006c4:	bf08      	it	eq
 80006c6:	ea20 70d3 	biceq.w	r0, r0, r3, lsr #31
 80006ca:	bd70      	pop	{r4, r5, r6, pc}
 80006cc:	f1c4 0520 	rsb	r5, r4, #32
 80006d0:	fa00 f205 	lsl.w	r2, r0, r5
 80006d4:	ea4e 0e02 	orr.w	lr, lr, r2
 80006d8:	fa20 f304 	lsr.w	r3, r0, r4
 80006dc:	fa01 f205 	lsl.w	r2, r1, r5
 80006e0:	ea43 0302 	orr.w	r3, r3, r2
 80006e4:	fa21 f004 	lsr.w	r0, r1, r4
 80006e8:	f001 4100 	and.w	r1, r1, #2147483648	@ 0x80000000
 80006ec:	fa21 f204 	lsr.w	r2, r1, r4
 80006f0:	ea20 0002 	bic.w	r0, r0, r2
 80006f4:	eb00 70d3 	add.w	r0, r0, r3, lsr #31
 80006f8:	ea5e 0e43 	orrs.w	lr, lr, r3, lsl #1
 80006fc:	bf08      	it	eq
 80006fe:	ea20 70d3 	biceq.w	r0, r0, r3, lsr #31
 8000702:	bd70      	pop	{r4, r5, r6, pc}
 8000704:	f094 0f00 	teq	r4, #0
 8000708:	d10f      	bne.n	800072a <__aeabi_dmul+0x1c2>
 800070a:	f001 4600 	and.w	r6, r1, #2147483648	@ 0x80000000
 800070e:	0040      	lsls	r0, r0, #1
 8000710:	eb41 0101 	adc.w	r1, r1, r1
 8000714:	f411 1f80 	tst.w	r1, #1048576	@ 0x100000
 8000718:	bf08      	it	eq
 800071a:	3c01      	subeq	r4, #1
 800071c:	d0f7      	beq.n	800070e <__aeabi_dmul+0x1a6>
 800071e:	ea41 0106 	orr.w	r1, r1, r6
 8000722:	f095 0f00 	teq	r5, #0
 8000726:	bf18      	it	ne
 8000728:	4770      	bxne	lr
 800072a:	f003 4600 	and.w	r6, r3, #2147483648	@ 0x80000000
 800072e:	0052      	lsls	r2, r2, #1
 8000730:	eb43 0303 	adc.w	r3, r3, r3
 8000734:	f413 1f80 	tst.w	r3, #1048576	@ 0x100000
 8000738:	bf08      	it	eq
 800073a:	3d01      	subeq	r5, #1
 800073c:	d0f7      	beq.n	800072e <__aeabi_dmul+0x1c6>
 800073e:	ea43 0306 	orr.w	r3, r3, r6
 8000742:	4770      	bx	lr
 8000744:	ea94 0f0c 	teq	r4, ip
 8000748:	ea0c 5513 	and.w	r5, ip, r3, lsr #20
 800074c:	bf18      	it	ne
 800074e:	ea95 0f0c 	teqne	r5, ip
 8000752:	d00c      	beq.n	800076e <__aeabi_dmul+0x206>
 8000754:	ea50 0641 	orrs.w	r6, r0, r1, lsl #1
 8000758:	bf18      	it	ne
 800075a:	ea52 0643 	orrsne.w	r6, r2, r3, lsl #1
 800075e:	d1d1      	bne.n	8000704 <__aeabi_dmul+0x19c>
 8000760:	ea81 0103 	eor.w	r1, r1, r3
 8000764:	f001 4100 	and.w	r1, r1, #2147483648	@ 0x80000000
 8000768:	f04f 0000 	mov.w	r0, #0
 800076c:	bd70      	pop	{r4, r5, r6, pc}
 800076e:	ea50 0641 	orrs.w	r6, r0, r1, lsl #1
 8000772:	bf06      	itte	eq
 8000774:	4610      	moveq	r0, r2
 8000776:	4619      	moveq	r1, r3
 8000778:	ea52 0643 	orrsne.w	r6, r2, r3, lsl #1
 800077c:	d019      	beq.n	80007b2 <__aeabi_dmul+0x24a>
 800077e:	ea94 0f0c 	teq	r4, ip
 8000782:	d102      	bne.n	800078a <__aeabi_dmul+0x222>
 8000784:	ea50 3601 	orrs.w	r6, r0, r1, lsl #12
 8000788:	d113      	bne.n	80007b2 <__aeabi_dmul+0x24a>
 800078a:	ea95 0f0c 	teq	r5, ip
 800078e:	d105      	bne.n	800079c <__aeabi_dmul+0x234>
 8000790:	ea52 3603 	orrs.w	r6, r2, r3, lsl #12
 8000794:	bf1c      	itt	ne
 8000796:	4610      	movne	r0, r2
 8000798:	4619      	movne	r1, r3
 800079a:	d10a      	bne.n	80007b2 <__aeabi_dmul+0x24a>
 800079c:	ea81 0103 	eor.w	r1, r1, r3
 80007a0:	f001 4100 	and.w	r1, r1, #2147483648	@ 0x80000000
 80007a4:	f041 41fe 	orr.w	r1, r1, #2130706432	@ 0x7f000000
 80007a8:	f441 0170 	orr.w	r1, r1, #15728640	@ 0xf00000
 80007ac:	f04f 0000 	mov.w	r0, #0
 80007b0:	bd70      	pop	{r4, r5, r6, pc}
 80007b2:	f041 41fe 	orr.w	r1, r1, #2130706432	@ 0x7f000000
 80007b6:	f441 0178 	orr.w	r1, r1, #16252928	@ 0xf80000
 80007ba:	bd70      	pop	{r4, r5, r6, pc}

080007bc <__aeabi_ddiv>:
 80007bc:	b570      	push	{r4, r5, r6, lr}
 80007be:	f04f 0cff 	mov.w	ip, #255	@ 0xff
 80007c2:	f44c 6ce0 	orr.w	ip, ip, #1792	@ 0x700
 80007c6:	ea1c 5411 	ands.w	r4, ip, r1, lsr #20
 80007ca:	bf1d      	ittte	ne
 80007cc:	ea1c 5513 	andsne.w	r5, ip, r3, lsr #20
 80007d0:	ea94 0f0c 	teqne	r4, ip
 80007d4:	ea95 0f0c 	teqne	r5, ip
 80007d8:	f000 f8a7 	bleq	800092a <__aeabi_ddiv+0x16e>
 80007dc:	eba4 0405 	sub.w	r4, r4, r5
 80007e0:	ea81 0e03 	eor.w	lr, r1, r3
 80007e4:	ea52 3503 	orrs.w	r5, r2, r3, lsl #12
 80007e8:	ea4f 3101 	mov.w	r1, r1, lsl #12
 80007ec:	f000 8088 	beq.w	8000900 <__aeabi_ddiv+0x144>
 80007f0:	ea4f 3303 	mov.w	r3, r3, lsl #12
 80007f4:	f04f 5580 	mov.w	r5, #268435456	@ 0x10000000
 80007f8:	ea45 1313 	orr.w	r3, r5, r3, lsr #4
 80007fc:	ea43 6312 	orr.w	r3, r3, r2, lsr #24
 8000800:	ea4f 2202 	mov.w	r2, r2, lsl #8
 8000804:	ea45 1511 	orr.w	r5, r5, r1, lsr #4
 8000808:	ea45 6510 	orr.w	r5, r5, r0, lsr #24
 800080c:	ea4f 2600 	mov.w	r6, r0, lsl #8
 8000810:	f00e 4100 	and.w	r1, lr, #2147483648	@ 0x80000000
 8000814:	429d      	cmp	r5, r3
 8000816:	bf08      	it	eq
 8000818:	4296      	cmpeq	r6, r2
 800081a:	f144 04fd 	adc.w	r4, r4, #253	@ 0xfd
 800081e:	f504 7440 	add.w	r4, r4, #768	@ 0x300
 8000822:	d202      	bcs.n	800082a <__aeabi_ddiv+0x6e>
 8000824:	085b      	lsrs	r3, r3, #1
 8000826:	ea4f 0232 	mov.w	r2, r2, rrx
 800082a:	1ab6      	subs	r6, r6, r2
 800082c:	eb65 0503 	sbc.w	r5, r5, r3
 8000830:	085b      	lsrs	r3, r3, #1
 8000832:	ea4f 0232 	mov.w	r2, r2, rrx
 8000836:	f44f 1080 	mov.w	r0, #1048576	@ 0x100000
 800083a:	f44f 2c00 	mov.w	ip, #524288	@ 0x80000
 800083e:	ebb6 0e02 	subs.w	lr, r6, r2
 8000842:	eb75 0e03 	sbcs.w	lr, r5, r3
 8000846:	bf22      	ittt	cs
 8000848:	1ab6      	subcs	r6, r6, r2
 800084a:	4675      	movcs	r5, lr
 800084c:	ea40 000c 	orrcs.w	r0, r0, ip
 8000850:	085b      	lsrs	r3, r3, #1
 8000852:	ea4f 0232 	mov.w	r2, r2, rrx
 8000856:	ebb6 0e02 	subs.w	lr, r6, r2
 800085a:	eb75 0e03 	sbcs.w	lr, r5, r3
 800085e:	bf22      	ittt	cs
 8000860:	1ab6      	subcs	r6, r6, r2
 8000862:	4675      	movcs	r5, lr
 8000864:	ea40 005c 	orrcs.w	r0, r0, ip, lsr #1
 8000868:	085b      	lsrs	r3, r3, #1
 800086a:	ea4f 0232 	mov.w	r2, r2, rrx
 800086e:	ebb6 0e02 	subs.w	lr, r6, r2
 8000872:	eb75 0e03 	sbcs.w	lr, r5, r3
 8000876:	bf22      	ittt	cs
 8000878:	1ab6      	subcs	r6, r6, r2
 800087a:	4675      	movcs	r5, lr
 800087c:	ea40 009c 	orrcs.w	r0, r0, ip, lsr #2
 8000880:	085b      	lsrs	r3, r3, #1
 8000882:	ea4f 0232 	mov.w	r2, r2, rrx
 8000886:	ebb6 0e02 	subs.w	lr, r6, r2
 800088a:	eb75 0e03 	sbcs.w	lr, r5, r3
 800088e:	bf22      	ittt	cs
 8000890:	1ab6      	subcs	r6, r6, r2
 8000892:	4675      	movcs	r5, lr
 8000894:	ea40 00dc 	orrcs.w	r0, r0, ip, lsr #3
 8000898:	ea55 0e06 	orrs.w	lr, r5, r6
 800089c:	d018      	beq.n	80008d0 <__aeabi_ddiv+0x114>
 800089e:	ea4f 1505 	mov.w	r5, r5, lsl #4
 80008a2:	ea45 7516 	orr.w	r5, r5, r6, lsr #28
 80008a6:	ea4f 1606 	mov.w	r6, r6, lsl #4
 80008aa:	ea4f 03c3 	mov.w	r3, r3, lsl #3
 80008ae:	ea43 7352 	orr.w	r3, r3, r2, lsr #29
 80008b2:	ea4f 02c2 	mov.w	r2, r2, lsl #3
 80008b6:	ea5f 1c1c 	movs.w	ip, ip, lsr #4
 80008ba:	d1c0      	bne.n	800083e <__aeabi_ddiv+0x82>
 80008bc:	f411 1f80 	tst.w	r1, #1048576	@ 0x100000
 80008c0:	d10b      	bne.n	80008da <__aeabi_ddiv+0x11e>
 80008c2:	ea41 0100 	orr.w	r1, r1, r0
 80008c6:	f04f 0000 	mov.w	r0, #0
 80008ca:	f04f 4c00 	mov.w	ip, #2147483648	@ 0x80000000
 80008ce:	e7b6      	b.n	800083e <__aeabi_ddiv+0x82>
 80008d0:	f411 1f80 	tst.w	r1, #1048576	@ 0x100000
 80008d4:	bf04      	itt	eq
 80008d6:	4301      	orreq	r1, r0
 80008d8:	2000      	moveq	r0, #0
 80008da:	f1b4 0cfd 	subs.w	ip, r4, #253	@ 0xfd
 80008de:	bf88      	it	hi
 80008e0:	f5bc 6fe0 	cmphi.w	ip, #1792	@ 0x700
 80008e4:	f63f aeaf 	bhi.w	8000646 <__aeabi_dmul+0xde>
 80008e8:	ebb5 0c03 	subs.w	ip, r5, r3
 80008ec:	bf04      	itt	eq
 80008ee:	ebb6 0c02 	subseq.w	ip, r6, r2
 80008f2:	ea5f 0c50 	movseq.w	ip, r0, lsr #1
 80008f6:	f150 0000 	adcs.w	r0, r0, #0
 80008fa:	eb41 5104 	adc.w	r1, r1, r4, lsl #20
 80008fe:	bd70      	pop	{r4, r5, r6, pc}
 8000900:	f00e 4e00 	and.w	lr, lr, #2147483648	@ 0x80000000
 8000904:	ea4e 3111 	orr.w	r1, lr, r1, lsr #12
 8000908:	eb14 045c 	adds.w	r4, r4, ip, lsr #1
 800090c:	bfc2      	ittt	gt
 800090e:	ebd4 050c 	rsbsgt	r5, r4, ip
 8000912:	ea41 5104 	orrgt.w	r1, r1, r4, lsl #20
 8000916:	bd70      	popgt	{r4, r5, r6, pc}
 8000918:	f441 1180 	orr.w	r1, r1, #1048576	@ 0x100000
 800091c:	f04f 0e00 	mov.w	lr, #0
 8000920:	3c01      	subs	r4, #1
 8000922:	e690      	b.n	8000646 <__aeabi_dmul+0xde>
 8000924:	ea45 0e06 	orr.w	lr, r5, r6
 8000928:	e68d      	b.n	8000646 <__aeabi_dmul+0xde>
 800092a:	ea0c 5513 	and.w	r5, ip, r3, lsr #20
 800092e:	ea94 0f0c 	teq	r4, ip
 8000932:	bf08      	it	eq
 8000934:	ea95 0f0c 	teqeq	r5, ip
 8000938:	f43f af3b 	beq.w	80007b2 <__aeabi_dmul+0x24a>
 800093c:	ea94 0f0c 	teq	r4, ip
 8000940:	d10a      	bne.n	8000958 <__aeabi_ddiv+0x19c>
 8000942:	ea50 3401 	orrs.w	r4, r0, r1, lsl #12
 8000946:	f47f af34 	bne.w	80007b2 <__aeabi_dmul+0x24a>
 800094a:	ea95 0f0c 	teq	r5, ip
 800094e:	f47f af25 	bne.w	800079c <__aeabi_dmul+0x234>
 8000952:	4610      	mov	r0, r2
 8000954:	4619      	mov	r1, r3
 8000956:	e72c      	b.n	80007b2 <__aeabi_dmul+0x24a>
 8000958:	ea95 0f0c 	teq	r5, ip
 800095c:	d106      	bne.n	800096c <__aeabi_ddiv+0x1b0>
 800095e:	ea52 3503 	orrs.w	r5, r2, r3, lsl #12
 8000962:	f43f aefd 	beq.w	8000760 <__aeabi_dmul+0x1f8>
 8000966:	4610      	mov	r0, r2
 8000968:	4619      	mov	r1, r3
 800096a:	e722      	b.n	80007b2 <__aeabi_dmul+0x24a>
 800096c:	ea50 0641 	orrs.w	r6, r0, r1, lsl #1
 8000970:	bf18      	it	ne
 8000972:	ea52 0643 	orrsne.w	r6, r2, r3, lsl #1
 8000976:	f47f aec5 	bne.w	8000704 <__aeabi_dmul+0x19c>
 800097a:	ea50 0441 	orrs.w	r4, r0, r1, lsl #1
 800097e:	f47f af0d 	bne.w	800079c <__aeabi_dmul+0x234>
 8000982:	ea52 0543 	orrs.w	r5, r2, r3, lsl #1
 8000986:	f47f aeeb 	bne.w	8000760 <__aeabi_dmul+0x1f8>
 800098a:	e712      	b.n	80007b2 <__aeabi_dmul+0x24a>

0800098c <__gedf2>:
 800098c:	f04f 3cff 	mov.w	ip, #4294967295	@ 0xffffffff
 8000990:	e006      	b.n	80009a0 <__cmpdf2+0x4>
 8000992:	bf00      	nop

08000994 <__ledf2>:
 8000994:	f04f 0c01 	mov.w	ip, #1
 8000998:	e002      	b.n	80009a0 <__cmpdf2+0x4>
 800099a:	bf00      	nop

0800099c <__cmpdf2>:
 800099c:	f04f 0c01 	mov.w	ip, #1
 80009a0:	f84d cd04 	str.w	ip, [sp, #-4]!
 80009a4:	ea4f 0c41 	mov.w	ip, r1, lsl #1
 80009a8:	ea7f 5c6c 	mvns.w	ip, ip, asr #21
 80009ac:	ea4f 0c43 	mov.w	ip, r3, lsl #1
 80009b0:	bf18      	it	ne
 80009b2:	ea7f 5c6c 	mvnsne.w	ip, ip, asr #21
 80009b6:	d01b      	beq.n	80009f0 <__cmpdf2+0x54>
 80009b8:	b001      	add	sp, #4
 80009ba:	ea50 0c41 	orrs.w	ip, r0, r1, lsl #1
 80009be:	bf0c      	ite	eq
 80009c0:	ea52 0c43 	orrseq.w	ip, r2, r3, lsl #1
 80009c4:	ea91 0f03 	teqne	r1, r3
 80009c8:	bf02      	ittt	eq
 80009ca:	ea90 0f02 	teqeq	r0, r2
 80009ce:	2000      	moveq	r0, #0
 80009d0:	4770      	bxeq	lr
 80009d2:	f110 0f00 	cmn.w	r0, #0
 80009d6:	ea91 0f03 	teq	r1, r3
 80009da:	bf58      	it	pl
 80009dc:	4299      	cmppl	r1, r3
 80009de:	bf08      	it	eq
 80009e0:	4290      	cmpeq	r0, r2
 80009e2:	bf2c      	ite	cs
 80009e4:	17d8      	asrcs	r0, r3, #31
 80009e6:	ea6f 70e3 	mvncc.w	r0, r3, asr #31
 80009ea:	f040 0001 	orr.w	r0, r0, #1
 80009ee:	4770      	bx	lr
 80009f0:	ea4f 0c41 	mov.w	ip, r1, lsl #1
 80009f4:	ea7f 5c6c 	mvns.w	ip, ip, asr #21
 80009f8:	d102      	bne.n	8000a00 <__cmpdf2+0x64>
 80009fa:	ea50 3c01 	orrs.w	ip, r0, r1, lsl #12
 80009fe:	d107      	bne.n	8000a10 <__cmpdf2+0x74>
 8000a00:	ea4f 0c43 	mov.w	ip, r3, lsl #1
 8000a04:	ea7f 5c6c 	mvns.w	ip, ip, asr #21
 8000a08:	d1d6      	bne.n	80009b8 <__cmpdf2+0x1c>
 8000a0a:	ea52 3c03 	orrs.w	ip, r2, r3, lsl #12
 8000a0e:	d0d3      	beq.n	80009b8 <__cmpdf2+0x1c>
 8000a10:	f85d 0b04 	ldr.w	r0, [sp], #4
 8000a14:	4770      	bx	lr
 8000a16:	bf00      	nop

08000a18 <__aeabi_cdrcmple>:
 8000a18:	4684      	mov	ip, r0
 8000a1a:	4610      	mov	r0, r2
 8000a1c:	4662      	mov	r2, ip
 8000a1e:	468c      	mov	ip, r1
 8000a20:	4619      	mov	r1, r3
 8000a22:	4663      	mov	r3, ip
 8000a24:	e000      	b.n	8000a28 <__aeabi_cdcmpeq>
 8000a26:	bf00      	nop

08000a28 <__aeabi_cdcmpeq>:
 8000a28:	b501      	push	{r0, lr}
 8000a2a:	f7ff ffb7 	bl	800099c <__cmpdf2>
 8000a2e:	2800      	cmp	r0, #0
 8000a30:	bf48      	it	mi
 8000a32:	f110 0f00 	cmnmi.w	r0, #0
 8000a36:	bd01      	pop	{r0, pc}

08000a38 <__aeabi_dcmpeq>:
 8000a38:	f84d ed08 	str.w	lr, [sp, #-8]!
 8000a3c:	f7ff fff4 	bl	8000a28 <__aeabi_cdcmpeq>
 8000a40:	bf0c      	ite	eq
 8000a42:	2001      	moveq	r0, #1
 8000a44:	2000      	movne	r0, #0
 8000a46:	f85d fb08 	ldr.w	pc, [sp], #8
 8000a4a:	bf00      	nop

08000a4c <__aeabi_dcmplt>:
 8000a4c:	f84d ed08 	str.w	lr, [sp, #-8]!
 8000a50:	f7ff ffea 	bl	8000a28 <__aeabi_cdcmpeq>
 8000a54:	bf34      	ite	cc
 8000a56:	2001      	movcc	r0, #1
 8000a58:	2000      	movcs	r0, #0
 8000a5a:	f85d fb08 	ldr.w	pc, [sp], #8
 8000a5e:	bf00      	nop

08000a60 <__aeabi_dcmple>:
 8000a60:	f84d ed08 	str.w	lr, [sp, #-8]!
 8000a64:	f7ff ffe0 	bl	8000a28 <__aeabi_cdcmpeq>
 8000a68:	bf94      	ite	ls
 8000a6a:	2001      	movls	r0, #1
 8000a6c:	2000      	movhi	r0, #0
 8000a6e:	f85d fb08 	ldr.w	pc, [sp], #8
 8000a72:	bf00      	nop

08000a74 <__aeabi_dcmpge>:
 8000a74:	f84d ed08 	str.w	lr, [sp, #-8]!
 8000a78:	f7ff ffce 	bl	8000a18 <__aeabi_cdrcmple>
 8000a7c:	bf94      	ite	ls
 8000a7e:	2001      	movls	r0, #1
 8000a80:	2000      	movhi	r0, #0
 8000a82:	f85d fb08 	ldr.w	pc, [sp], #8
 8000a86:	bf00      	nop

08000a88 <__aeabi_dcmpgt>:
 8000a88:	f84d ed08 	str.w	lr, [sp, #-8]!
 8000a8c:	f7ff ffc4 	bl	8000a18 <__aeabi_cdrcmple>
 8000a90:	bf34      	ite	cc
 8000a92:	2001      	movcc	r0, #1
 8000a94:	2000      	movcs	r0, #0
 8000a96:	f85d fb08 	ldr.w	pc, [sp], #8
 8000a9a:	bf00      	nop

08000a9c <__aeabi_dcmpun>:
 8000a9c:	ea4f 0c41 	mov.w	ip, r1, lsl #1
 8000aa0:	ea7f 5c6c 	mvns.w	ip, ip, asr #21
 8000aa4:	d102      	bne.n	8000aac <__aeabi_dcmpun+0x10>
 8000aa6:	ea50 3c01 	orrs.w	ip, r0, r1, lsl #12
 8000aaa:	d10a      	bne.n	8000ac2 <__aeabi_dcmpun+0x26>
 8000aac:	ea4f 0c43 	mov.w	ip, r3, lsl #1
 8000ab0:	ea7f 5c6c 	mvns.w	ip, ip, asr #21
 8000ab4:	d102      	bne.n	8000abc <__aeabi_dcmpun+0x20>
 8000ab6:	ea52 3c03 	orrs.w	ip, r2, r3, lsl #12
 8000aba:	d102      	bne.n	8000ac2 <__aeabi_dcmpun+0x26>
 8000abc:	f04f 0000 	mov.w	r0, #0
 8000ac0:	4770      	bx	lr
 8000ac2:	f04f 0001 	mov.w	r0, #1
 8000ac6:	4770      	bx	lr

08000ac8 <__aeabi_d2iz>:
 8000ac8:	ea4f 0241 	mov.w	r2, r1, lsl #1
 8000acc:	f512 1200 	adds.w	r2, r2, #2097152	@ 0x200000
 8000ad0:	d215      	bcs.n	8000afe <__aeabi_d2iz+0x36>
 8000ad2:	d511      	bpl.n	8000af8 <__aeabi_d2iz+0x30>
 8000ad4:	f46f 7378 	mvn.w	r3, #992	@ 0x3e0
 8000ad8:	ebb3 5262 	subs.w	r2, r3, r2, asr #21
 8000adc:	d912      	bls.n	8000b04 <__aeabi_d2iz+0x3c>
 8000ade:	ea4f 23c1 	mov.w	r3, r1, lsl #11
 8000ae2:	f043 4300 	orr.w	r3, r3, #2147483648	@ 0x80000000
 8000ae6:	ea43 5350 	orr.w	r3, r3, r0, lsr #21
 8000aea:	f011 4f00 	tst.w	r1, #2147483648	@ 0x80000000
 8000aee:	fa23 f002 	lsr.w	r0, r3, r2
 8000af2:	bf18      	it	ne
 8000af4:	4240      	negne	r0, r0
 8000af6:	4770      	bx	lr
 8000af8:	f04f 0000 	mov.w	r0, #0
 8000afc:	4770      	bx	lr
 8000afe:	ea50 3001 	orrs.w	r0, r0, r1, lsl #12
 8000b02:	d105      	bne.n	8000b10 <__aeabi_d2iz+0x48>
 8000b04:	f011 4000 	ands.w	r0, r1, #2147483648	@ 0x80000000
 8000b08:	bf08      	it	eq
 8000b0a:	f06f 4000 	mvneq.w	r0, #2147483648	@ 0x80000000
 8000b0e:	4770      	bx	lr
 8000b10:	f04f 0000 	mov.w	r0, #0
 8000b14:	4770      	bx	lr
 8000b16:	bf00      	nop

08000b18 <__do_global_dtors_aux>:
 8000b18:	b508      	push	{r3, lr}
 8000b1a:	4b06      	ldr	r3, [pc, #24]	@ (8000b34 <__do_global_dtors_aux+0x1c>)
 8000b1c:	781a      	ldrb	r2, [r3, #0]
 8000b1e:	b93a      	cbnz	r2, 8000b30 <__do_global_dtors_aux+0x18>
 8000b20:	4a05      	ldr	r2, [pc, #20]	@ (8000b38 <__do_global_dtors_aux+0x20>)
 8000b22:	b11a      	cbz	r2, 8000b2c <__do_global_dtors_aux+0x14>
 8000b24:	4805      	ldr	r0, [pc, #20]	@ (8000b3c <__do_global_dtors_aux+0x24>)
 8000b26:	f3af 8000 	nop.w
 8000b2a:	4b02      	ldr	r3, [pc, #8]	@ (8000b34 <__do_global_dtors_aux+0x1c>)
 8000b2c:	2201      	movs	r2, #1
 8000b2e:	701a      	strb	r2, [r3, #0]
 8000b30:	bd08      	pop	{r3, pc}
 8000b32:	bf00      	nop
 8000b34:	200002cc 	.word	0x200002cc
 8000b38:	00000000 	.word	0x00000000
 8000b3c:	080096a0 	.word	0x080096a0

08000b40 <frame_dummy>:
 8000b40:	b508      	push	{r3, lr}
 8000b42:	4b03      	ldr	r3, [pc, #12]	@ (8000b50 <frame_dummy+0x10>)
 8000b44:	b11b      	cbz	r3, 8000b4e <frame_dummy+0xe>
 8000b46:	4903      	ldr	r1, [pc, #12]	@ (8000b54 <frame_dummy+0x14>)
 8000b48:	4803      	ldr	r0, [pc, #12]	@ (8000b58 <frame_dummy+0x18>)
 8000b4a:	f3af 8000 	nop.w
 8000b4e:	bd08      	pop	{r3, pc}
 8000b50:	00000000 	.word	0x00000000
 8000b54:	200002d0 	.word	0x200002d0
 8000b58:	080096a0 	.word	0x080096a0

08000b5c <write_reg>:

/**
 * @brief Write a single register
 * @retval 0 on success, <0 on error
 */
static int write_reg(ICM42688_Handle *h, uint8_t reg, uint8_t val) {
 8000b5c:	b5f0      	push	{r4, r5, r6, r7, lr}
 8000b5e:	b087      	sub	sp, #28
 8000b60:	4604      	mov	r4, r0
 8000b62:	460d      	mov	r5, r1
 8000b64:	4616      	mov	r6, r2
  uint8_t tx[2] = {reg & 0x7F, val}; /* bit 7 = 0 → write */
 8000b66:	f001 037f 	and.w	r3, r1, #127	@ 0x7f
 8000b6a:	f88d 3014 	strb.w	r3, [sp, #20]
 8000b6e:	f88d 2015 	strb.w	r2, [sp, #21]
  HAL_GPIO_WritePin(h->cs_port, h->cs_pin, GPIO_PIN_RESET);
 8000b72:	2200      	movs	r2, #0
 8000b74:	8901      	ldrh	r1, [r0, #8]
 8000b76:	6840      	ldr	r0, [r0, #4]
 8000b78:	f000 fe72 	bl	8001860 <HAL_GPIO_WritePin>

  cs_low(h);
  HAL_StatusTypeDef st = HAL_SPI_Transmit(h->hspi, tx, 2, 100);
 8000b7c:	2364      	movs	r3, #100	@ 0x64
 8000b7e:	2202      	movs	r2, #2
 8000b80:	a905      	add	r1, sp, #20
 8000b82:	6820      	ldr	r0, [r4, #0]
 8000b84:	f003 f980 	bl	8003e88 <HAL_SPI_Transmit>
 8000b88:	4607      	mov	r7, r0
  HAL_GPIO_WritePin(h->cs_port, h->cs_pin, GPIO_PIN_SET);
 8000b8a:	2201      	movs	r2, #1
 8000b8c:	8921      	ldrh	r1, [r4, #8]
 8000b8e:	6860      	ldr	r0, [r4, #4]
 8000b90:	f000 fe66 	bl	8001860 <HAL_GPIO_WritePin>
  cs_high(h);

  if (st != HAL_OK)
 8000b94:	bb2f      	cbnz	r7, 8000be2 <write_reg+0x86>
    return -1;

  /* read-back verify */
  HAL_Delay(10);
 8000b96:	200a      	movs	r0, #10
 8000b98:	f000 fcf4 	bl	8001584 <HAL_Delay>
  uint8_t rd = 0;
  uint8_t tx_rd[2] = {reg | 0x80, 0x00};
 8000b9c:	f065 057f 	orn	r5, r5, #127	@ 0x7f
 8000ba0:	f88d 5010 	strb.w	r5, [sp, #16]
 8000ba4:	2200      	movs	r2, #0
 8000ba6:	f88d 2011 	strb.w	r2, [sp, #17]
  uint8_t rx_rd[2] = {0};
 8000baa:	f8ad 200c 	strh.w	r2, [sp, #12]
  HAL_GPIO_WritePin(h->cs_port, h->cs_pin, GPIO_PIN_RESET);
 8000bae:	8921      	ldrh	r1, [r4, #8]
 8000bb0:	6860      	ldr	r0, [r4, #4]
 8000bb2:	f000 fe55 	bl	8001860 <HAL_GPIO_WritePin>

  cs_low(h);
  st = HAL_SPI_TransmitReceive(h->hspi, tx_rd, rx_rd, 2, 100);
 8000bb6:	2364      	movs	r3, #100	@ 0x64
 8000bb8:	9300      	str	r3, [sp, #0]
 8000bba:	2302      	movs	r3, #2
 8000bbc:	aa03      	add	r2, sp, #12
 8000bbe:	a904      	add	r1, sp, #16
 8000bc0:	6820      	ldr	r0, [r4, #0]
 8000bc2:	f003 fa66 	bl	8004092 <HAL_SPI_TransmitReceive>
 8000bc6:	4605      	mov	r5, r0
  HAL_GPIO_WritePin(h->cs_port, h->cs_pin, GPIO_PIN_SET);
 8000bc8:	2201      	movs	r2, #1
 8000bca:	8921      	ldrh	r1, [r4, #8]
 8000bcc:	6860      	ldr	r0, [r4, #4]
 8000bce:	f000 fe47 	bl	8001860 <HAL_GPIO_WritePin>
  cs_high(h);

  if (st != HAL_OK)
 8000bd2:	b94d      	cbnz	r5, 8000be8 <write_reg+0x8c>
    return -2;
  rd = rx_rd[1];
 8000bd4:	f89d 300d 	ldrb.w	r3, [sp, #13]

  return (rd == val) ? 0 : -3;
 8000bd8:	429e      	cmp	r6, r3
 8000bda:	d108      	bne.n	8000bee <write_reg+0x92>
 8000bdc:	4628      	mov	r0, r5
}
 8000bde:	b007      	add	sp, #28
 8000be0:	bdf0      	pop	{r4, r5, r6, r7, pc}
    return -1;
 8000be2:	f04f 30ff 	mov.w	r0, #4294967295	@ 0xffffffff
 8000be6:	e7fa      	b.n	8000bde <write_reg+0x82>
    return -2;
 8000be8:	f06f 0001 	mvn.w	r0, #1
 8000bec:	e7f7      	b.n	8000bde <write_reg+0x82>
  return (rd == val) ? 0 : -3;
 8000bee:	f06f 0002 	mvn.w	r0, #2
 8000bf2:	e7f4      	b.n	8000bde <write_reg+0x82>

08000bf4 <set_bank>:
}

/**
 * @brief Switch register bank (0-4).  Skips write if already selected.
 */
static int set_bank(ICM42688_Handle *h, uint8_t bank) {
 8000bf4:	b508      	push	{r3, lr}
  if (h->current_bank == bank)
 8000bf6:	7a83      	ldrb	r3, [r0, #10]
 8000bf8:	428b      	cmp	r3, r1
 8000bfa:	d005      	beq.n	8000c08 <set_bank+0x14>
 8000bfc:	460a      	mov	r2, r1
    return 0;
  h->current_bank = bank;
 8000bfe:	7281      	strb	r1, [r0, #10]
  return write_reg(h, ICM42688_REG_BANK_SEL, bank);
 8000c00:	2176      	movs	r1, #118	@ 0x76
 8000c02:	f7ff ffab 	bl	8000b5c <write_reg>
}
 8000c06:	bd08      	pop	{r3, pc}
    return 0;
 8000c08:	2000      	movs	r0, #0
 8000c0a:	e7fc      	b.n	8000c06 <set_bank+0x12>

08000c0c <read_regs>:
  if (count > 15)
 8000c0c:	2a0f      	cmp	r2, #15
 8000c0e:	d82f      	bhi.n	8000c70 <read_regs+0x64>
                     uint8_t *dest) {
 8000c10:	e92d 43f0 	stmdb	sp!, {r4, r5, r6, r7, r8, r9, lr}
 8000c14:	b08b      	sub	sp, #44	@ 0x2c
 8000c16:	4604      	mov	r4, r0
 8000c18:	4688      	mov	r8, r1
 8000c1a:	4615      	mov	r5, r2
 8000c1c:	4699      	mov	r9, r3
  memset(tx_buf, 0, count + 1);
 8000c1e:	3201      	adds	r2, #1
 8000c20:	ae06      	add	r6, sp, #24
 8000c22:	4617      	mov	r7, r2
 8000c24:	2100      	movs	r1, #0
 8000c26:	4630      	mov	r0, r6
 8000c28:	f006 fc5a 	bl	80074e0 <memset>
  tx_buf[0] = reg | 0x80; /* bit 7 = 1 → read */
 8000c2c:	f068 027f 	orn	r2, r8, #127	@ 0x7f
 8000c30:	f88d 2018 	strb.w	r2, [sp, #24]
  HAL_GPIO_WritePin(h->cs_port, h->cs_pin, GPIO_PIN_RESET);
 8000c34:	2200      	movs	r2, #0
 8000c36:	8921      	ldrh	r1, [r4, #8]
 8000c38:	6860      	ldr	r0, [r4, #4]
 8000c3a:	f000 fe11 	bl	8001860 <HAL_GPIO_WritePin>
      HAL_SPI_TransmitReceive(h->hspi, tx_buf, rx_buf, count + 1, 100);
 8000c3e:	2364      	movs	r3, #100	@ 0x64
 8000c40:	9300      	str	r3, [sp, #0]
 8000c42:	463b      	mov	r3, r7
 8000c44:	aa02      	add	r2, sp, #8
 8000c46:	4631      	mov	r1, r6
 8000c48:	6820      	ldr	r0, [r4, #0]
 8000c4a:	f003 fa22 	bl	8004092 <HAL_SPI_TransmitReceive>
 8000c4e:	4606      	mov	r6, r0
  HAL_GPIO_WritePin(h->cs_port, h->cs_pin, GPIO_PIN_SET);
 8000c50:	2201      	movs	r2, #1
 8000c52:	8921      	ldrh	r1, [r4, #8]
 8000c54:	6860      	ldr	r0, [r4, #4]
 8000c56:	f000 fe03 	bl	8001860 <HAL_GPIO_WritePin>
  if (st != HAL_OK)
 8000c5a:	b966      	cbnz	r6, 8000c76 <read_regs+0x6a>
  memcpy(dest, &rx_buf[1], count);
 8000c5c:	462a      	mov	r2, r5
 8000c5e:	f10d 0109 	add.w	r1, sp, #9
 8000c62:	4648      	mov	r0, r9
 8000c64:	f006 fcbb 	bl	80075de <memcpy>
  return 0;
 8000c68:	4630      	mov	r0, r6
}
 8000c6a:	b00b      	add	sp, #44	@ 0x2c
 8000c6c:	e8bd 83f0 	ldmia.w	sp!, {r4, r5, r6, r7, r8, r9, pc}
    return -1;
 8000c70:	f04f 30ff 	mov.w	r0, #4294967295	@ 0xffffffff
}
 8000c74:	4770      	bx	lr
    return -2;
 8000c76:	f06f 0001 	mvn.w	r0, #1
 8000c7a:	e7f6      	b.n	8000c6a <read_regs+0x5e>

08000c7c <ICM42688_WhoAmI>:

/* ───────────────────── Public API ───────────────────── */

uint8_t ICM42688_WhoAmI(ICM42688_Handle *h) {
 8000c7c:	b510      	push	{r4, lr}
 8000c7e:	b082      	sub	sp, #8
 8000c80:	4604      	mov	r4, r0
  set_bank(h, 0);
 8000c82:	2100      	movs	r1, #0
 8000c84:	f7ff ffb6 	bl	8000bf4 <set_bank>
  uint8_t val = 0;
 8000c88:	2300      	movs	r3, #0
 8000c8a:	f88d 3007 	strb.w	r3, [sp, #7]
  if (read_regs(h, ICM42688_UB0_WHO_AM_I, 1, &val) < 0)
 8000c8e:	f10d 0307 	add.w	r3, sp, #7
 8000c92:	2201      	movs	r2, #1
 8000c94:	2175      	movs	r1, #117	@ 0x75
 8000c96:	4620      	mov	r0, r4
 8000c98:	f7ff ffb8 	bl	8000c0c <read_regs>
 8000c9c:	2800      	cmp	r0, #0
 8000c9e:	db03      	blt.n	8000ca8 <ICM42688_WhoAmI+0x2c>
    return 0;
  return val;
 8000ca0:	f89d 0007 	ldrb.w	r0, [sp, #7]
}
 8000ca4:	b002      	add	sp, #8
 8000ca6:	bd10      	pop	{r4, pc}
    return 0;
 8000ca8:	2000      	movs	r0, #0
 8000caa:	e7fb      	b.n	8000ca4 <ICM42688_WhoAmI+0x28>

08000cac <ICM42688_SetAccelFS>:

int ICM42688_SetAccelFS(ICM42688_Handle *h, ICM42688_AccelFS fs) {
 8000cac:	b530      	push	{r4, r5, lr}
 8000cae:	b083      	sub	sp, #12
 8000cb0:	4604      	mov	r4, r0
 8000cb2:	460d      	mov	r5, r1
  set_bank(h, 0);
 8000cb4:	2100      	movs	r1, #0
 8000cb6:	f7ff ff9d 	bl	8000bf4 <set_bank>
  uint8_t reg;
  if (read_regs(h, ICM42688_UB0_ACCEL_CONFIG0, 1, &reg) < 0)
 8000cba:	f10d 0307 	add.w	r3, sp, #7
 8000cbe:	2201      	movs	r2, #1
 8000cc0:	2150      	movs	r1, #80	@ 0x50
 8000cc2:	4620      	mov	r0, r4
 8000cc4:	f7ff ffa2 	bl	8000c0c <read_regs>
 8000cc8:	2800      	cmp	r0, #0
 8000cca:	db20      	blt.n	8000d0e <ICM42688_SetAccelFS+0x62>
    return -1;
  reg = ((uint8_t)fs << 5) | (reg & 0x1F);
 8000ccc:	f89d 2007 	ldrb.w	r2, [sp, #7]
 8000cd0:	f002 021f 	and.w	r2, r2, #31
 8000cd4:	ea42 1245 	orr.w	r2, r2, r5, lsl #5
 8000cd8:	b2d2      	uxtb	r2, r2
 8000cda:	f88d 2007 	strb.w	r2, [sp, #7]
  if (write_reg(h, ICM42688_UB0_ACCEL_CONFIG0, reg) < 0)
 8000cde:	2150      	movs	r1, #80	@ 0x50
 8000ce0:	4620      	mov	r0, r4
 8000ce2:	f7ff ff3b 	bl	8000b5c <write_reg>
 8000ce6:	2800      	cmp	r0, #0
 8000ce8:	db14      	blt.n	8000d14 <ICM42688_SetAccelFS+0x68>
    return -2;

  /* pre-compute scale: full-scale / 32768 */
  h->accel_scale = (float)(1 << (4 - (uint8_t)fs)) / 32768.0f;
 8000cea:	f1c5 0204 	rsb	r2, r5, #4
 8000cee:	2301      	movs	r3, #1
 8000cf0:	4093      	lsls	r3, r2
 8000cf2:	ee07 3a90 	vmov	s15, r3
 8000cf6:	eef8 7ae7 	vcvt.f32.s32	s15, s15
 8000cfa:	ed9f 7a08 	vldr	s14, [pc, #32]	@ 8000d1c <ICM42688_SetAccelFS+0x70>
 8000cfe:	ee67 7a87 	vmul.f32	s15, s15, s14
 8000d02:	edc4 7a03 	vstr	s15, [r4, #12]
  h->accel_fs = fs;
 8000d06:	7525      	strb	r5, [r4, #20]
  return 0;
 8000d08:	2000      	movs	r0, #0
}
 8000d0a:	b003      	add	sp, #12
 8000d0c:	bd30      	pop	{r4, r5, pc}
    return -1;
 8000d0e:	f04f 30ff 	mov.w	r0, #4294967295	@ 0xffffffff
 8000d12:	e7fa      	b.n	8000d0a <ICM42688_SetAccelFS+0x5e>
    return -2;
 8000d14:	f06f 0001 	mvn.w	r0, #1
 8000d18:	e7f7      	b.n	8000d0a <ICM42688_SetAccelFS+0x5e>
 8000d1a:	bf00      	nop
 8000d1c:	38000000 	.word	0x38000000

08000d20 <ICM42688_SetGyroFS>:

int ICM42688_SetGyroFS(ICM42688_Handle *h, ICM42688_GyroFS fs) {
 8000d20:	b530      	push	{r4, r5, lr}
 8000d22:	b083      	sub	sp, #12
 8000d24:	4604      	mov	r4, r0
 8000d26:	460d      	mov	r5, r1
  set_bank(h, 0);
 8000d28:	2100      	movs	r1, #0
 8000d2a:	f7ff ff63 	bl	8000bf4 <set_bank>
  uint8_t reg;
  if (read_regs(h, ICM42688_UB0_GYRO_CONFIG0, 1, &reg) < 0)
 8000d2e:	f10d 0307 	add.w	r3, sp, #7
 8000d32:	2201      	movs	r2, #1
 8000d34:	214f      	movs	r1, #79	@ 0x4f
 8000d36:	4620      	mov	r0, r4
 8000d38:	f7ff ff68 	bl	8000c0c <read_regs>
 8000d3c:	2800      	cmp	r0, #0
 8000d3e:	db22      	blt.n	8000d86 <ICM42688_SetGyroFS+0x66>
    return -1;
  reg = ((uint8_t)fs << 5) | (reg & 0x1F);
 8000d40:	f89d 2007 	ldrb.w	r2, [sp, #7]
 8000d44:	f002 021f 	and.w	r2, r2, #31
 8000d48:	ea42 1245 	orr.w	r2, r2, r5, lsl #5
 8000d4c:	b2d2      	uxtb	r2, r2
 8000d4e:	f88d 2007 	strb.w	r2, [sp, #7]
  if (write_reg(h, ICM42688_UB0_GYRO_CONFIG0, reg) < 0)
 8000d52:	214f      	movs	r1, #79	@ 0x4f
 8000d54:	4620      	mov	r0, r4
 8000d56:	f7ff ff01 	bl	8000b5c <write_reg>
 8000d5a:	2800      	cmp	r0, #0
 8000d5c:	db16      	blt.n	8000d8c <ICM42688_SetGyroFS+0x6c>
    return -2;

  h->gyro_scale = (2000.0f / (float)(1 << (uint8_t)fs)) / 32768.0f;
 8000d5e:	2301      	movs	r3, #1
 8000d60:	40ab      	lsls	r3, r5
 8000d62:	ee07 3a90 	vmov	s15, r3
 8000d66:	eef8 7ae7 	vcvt.f32.s32	s15, s15
 8000d6a:	eddf 6a0a 	vldr	s13, [pc, #40]	@ 8000d94 <ICM42688_SetGyroFS+0x74>
 8000d6e:	ee86 7aa7 	vdiv.f32	s14, s13, s15
 8000d72:	eddf 7a09 	vldr	s15, [pc, #36]	@ 8000d98 <ICM42688_SetGyroFS+0x78>
 8000d76:	ee67 7a27 	vmul.f32	s15, s14, s15
 8000d7a:	edc4 7a04 	vstr	s15, [r4, #16]
  h->gyro_fs = fs;
 8000d7e:	7565      	strb	r5, [r4, #21]
  return 0;
 8000d80:	2000      	movs	r0, #0
}
 8000d82:	b003      	add	sp, #12
 8000d84:	bd30      	pop	{r4, r5, pc}
    return -1;
 8000d86:	f04f 30ff 	mov.w	r0, #4294967295	@ 0xffffffff
 8000d8a:	e7fa      	b.n	8000d82 <ICM42688_SetGyroFS+0x62>
    return -2;
 8000d8c:	f06f 0001 	mvn.w	r0, #1
 8000d90:	e7f7      	b.n	8000d82 <ICM42688_SetGyroFS+0x62>
 8000d92:	bf00      	nop
 8000d94:	44fa0000 	.word	0x44fa0000
 8000d98:	38000000 	.word	0x38000000

08000d9c <ICM42688_SetAccelODR>:

int ICM42688_SetAccelODR(ICM42688_Handle *h, ICM42688_ODR odr) {
 8000d9c:	b530      	push	{r4, r5, lr}
 8000d9e:	b083      	sub	sp, #12
 8000da0:	4604      	mov	r4, r0
 8000da2:	460d      	mov	r5, r1
  set_bank(h, 0);
 8000da4:	2100      	movs	r1, #0
 8000da6:	f7ff ff25 	bl	8000bf4 <set_bank>
  uint8_t reg;
  if (read_regs(h, ICM42688_UB0_ACCEL_CONFIG0, 1, &reg) < 0)
 8000daa:	f10d 0307 	add.w	r3, sp, #7
 8000dae:	2201      	movs	r2, #1
 8000db0:	2150      	movs	r1, #80	@ 0x50
 8000db2:	4620      	mov	r0, r4
 8000db4:	f7ff ff2a 	bl	8000c0c <read_regs>
 8000db8:	2800      	cmp	r0, #0
 8000dba:	db10      	blt.n	8000dde <ICM42688_SetAccelODR+0x42>
    return -1;
  reg = (uint8_t)odr | (reg & 0xF0);
 8000dbc:	f89d 3007 	ldrb.w	r3, [sp, #7]
 8000dc0:	f023 030f 	bic.w	r3, r3, #15
 8000dc4:	462a      	mov	r2, r5
 8000dc6:	431a      	orrs	r2, r3
 8000dc8:	f88d 2007 	strb.w	r2, [sp, #7]
  if (write_reg(h, ICM42688_UB0_ACCEL_CONFIG0, reg) < 0)
 8000dcc:	2150      	movs	r1, #80	@ 0x50
 8000dce:	4620      	mov	r0, r4
 8000dd0:	f7ff fec4 	bl	8000b5c <write_reg>
 8000dd4:	2800      	cmp	r0, #0
 8000dd6:	db05      	blt.n	8000de4 <ICM42688_SetAccelODR+0x48>
    return -2;
  return 0;
 8000dd8:	2000      	movs	r0, #0
}
 8000dda:	b003      	add	sp, #12
 8000ddc:	bd30      	pop	{r4, r5, pc}
    return -1;
 8000dde:	f04f 30ff 	mov.w	r0, #4294967295	@ 0xffffffff
 8000de2:	e7fa      	b.n	8000dda <ICM42688_SetAccelODR+0x3e>
    return -2;
 8000de4:	f06f 0001 	mvn.w	r0, #1
 8000de8:	e7f7      	b.n	8000dda <ICM42688_SetAccelODR+0x3e>

08000dea <ICM42688_SetGyroODR>:

int ICM42688_SetGyroODR(ICM42688_Handle *h, ICM42688_ODR odr) {
 8000dea:	b530      	push	{r4, r5, lr}
 8000dec:	b083      	sub	sp, #12
 8000dee:	4604      	mov	r4, r0
 8000df0:	460d      	mov	r5, r1
  set_bank(h, 0);
 8000df2:	2100      	movs	r1, #0
 8000df4:	f7ff fefe 	bl	8000bf4 <set_bank>
  uint8_t reg;
  if (read_regs(h, ICM42688_UB0_GYRO_CONFIG0, 1, &reg) < 0)
 8000df8:	f10d 0307 	add.w	r3, sp, #7
 8000dfc:	2201      	movs	r2, #1
 8000dfe:	214f      	movs	r1, #79	@ 0x4f
 8000e00:	4620      	mov	r0, r4
 8000e02:	f7ff ff03 	bl	8000c0c <read_regs>
 8000e06:	2800      	cmp	r0, #0
 8000e08:	db10      	blt.n	8000e2c <ICM42688_SetGyroODR+0x42>
    return -1;
  reg = (uint8_t)odr | (reg & 0xF0);
 8000e0a:	f89d 3007 	ldrb.w	r3, [sp, #7]
 8000e0e:	f023 030f 	bic.w	r3, r3, #15
 8000e12:	462a      	mov	r2, r5
 8000e14:	431a      	orrs	r2, r3
 8000e16:	f88d 2007 	strb.w	r2, [sp, #7]
  if (write_reg(h, ICM42688_UB0_GYRO_CONFIG0, reg) < 0)
 8000e1a:	214f      	movs	r1, #79	@ 0x4f
 8000e1c:	4620      	mov	r0, r4
 8000e1e:	f7ff fe9d 	bl	8000b5c <write_reg>
 8000e22:	2800      	cmp	r0, #0
 8000e24:	db05      	blt.n	8000e32 <ICM42688_SetGyroODR+0x48>
    return -2;
  return 0;
 8000e26:	2000      	movs	r0, #0
}
 8000e28:	b003      	add	sp, #12
 8000e2a:	bd30      	pop	{r4, r5, pc}
    return -1;
 8000e2c:	f04f 30ff 	mov.w	r0, #4294967295	@ 0xffffffff
 8000e30:	e7fa      	b.n	8000e28 <ICM42688_SetGyroODR+0x3e>
    return -2;
 8000e32:	f06f 0001 	mvn.w	r0, #1
 8000e36:	e7f7      	b.n	8000e28 <ICM42688_SetGyroODR+0x3e>

08000e38 <ICM42688_Init>:

int ICM42688_Init(ICM42688_Handle *h) {
 8000e38:	e92d 41f0 	stmdb	sp!, {r4, r5, r6, r7, r8, lr}
 8000e3c:	b084      	sub	sp, #16
 8000e3e:	4604      	mov	r4, r0
  HAL_GPIO_WritePin(h->cs_port, h->cs_pin, GPIO_PIN_SET);
 8000e40:	2201      	movs	r2, #1
 8000e42:	8901      	ldrh	r1, [r0, #8]
 8000e44:	6840      	ldr	r0, [r0, #4]
 8000e46:	f000 fd0b 	bl	8001860 <HAL_GPIO_WritePin>
  /* make sure CS starts de-asserted */
  cs_high(h);
  h->current_bank = 0;
 8000e4a:	2500      	movs	r5, #0
 8000e4c:	72a5      	strb	r5, [r4, #10]

  /* ── Slow SPI to ≤1 MHz for register configuration ── */
  uint32_t saved_prescaler = h->hspi->Init.BaudRatePrescaler;
 8000e4e:	6823      	ldr	r3, [r4, #0]
 8000e50:	69da      	ldr	r2, [r3, #28]
 8000e52:	4690      	mov	r8, r2
  h->hspi->Init.BaudRatePrescaler =
 8000e54:	2230      	movs	r2, #48	@ 0x30
 8000e56:	61da      	str	r2, [r3, #28]
      SPI_BAUDRATEPRESCALER_128; /* 64MHz/128 = 500kHz */
  HAL_SPI_Init(h->hspi);
 8000e58:	6820      	ldr	r0, [r4, #0]
 8000e5a:	f002 ffa6 	bl	8003daa <HAL_SPI_Init>
  HAL_GPIO_WritePin(h->cs_port, h->cs_pin, GPIO_PIN_RESET);
 8000e5e:	462a      	mov	r2, r5
 8000e60:	8921      	ldrh	r1, [r4, #8]
 8000e62:	6860      	ldr	r0, [r4, #4]
 8000e64:	f000 fcfc 	bl	8001860 <HAL_GPIO_WritePin>

  /* ── Toggle CS to latch SPI mode (chip defaults to I2C if CS is high) ── */
  cs_low(h);
  HAL_Delay(1);
 8000e68:	2001      	movs	r0, #1
 8000e6a:	f000 fb8b 	bl	8001584 <HAL_Delay>
  HAL_GPIO_WritePin(h->cs_port, h->cs_pin, GPIO_PIN_SET);
 8000e6e:	2201      	movs	r2, #1
 8000e70:	8921      	ldrh	r1, [r4, #8]
 8000e72:	6860      	ldr	r0, [r4, #4]
 8000e74:	f000 fcf4 	bl	8001860 <HAL_GPIO_WritePin>
  cs_high(h);
  HAL_Delay(1);
 8000e78:	2001      	movs	r0, #1
 8000e7a:	f000 fb83 	bl	8001584 <HAL_Delay>

  /* ── Dummy read to fully activate SPI interface ── */
  {
    uint8_t tx[2] = {0x75 | 0x80, 0x00}; /* read WHO_AM_I register */
 8000e7e:	23f5      	movs	r3, #245	@ 0xf5
 8000e80:	f8ad 3008 	strh.w	r3, [sp, #8]
    uint8_t rx[2] = {0};
 8000e84:	f8ad 500c 	strh.w	r5, [sp, #12]
  HAL_GPIO_WritePin(h->cs_port, h->cs_pin, GPIO_PIN_RESET);
 8000e88:	462a      	mov	r2, r5
 8000e8a:	8921      	ldrh	r1, [r4, #8]
 8000e8c:	6860      	ldr	r0, [r4, #4]
 8000e8e:	f000 fce7 	bl	8001860 <HAL_GPIO_WritePin>
    cs_low(h);
    HAL_SPI_TransmitReceive(h->hspi, tx, rx, 2, 100);
 8000e92:	ae03      	add	r6, sp, #12
 8000e94:	2764      	movs	r7, #100	@ 0x64
 8000e96:	9700      	str	r7, [sp, #0]
 8000e98:	2302      	movs	r3, #2
 8000e9a:	4632      	mov	r2, r6
 8000e9c:	a902      	add	r1, sp, #8
 8000e9e:	6820      	ldr	r0, [r4, #0]
 8000ea0:	f003 f8f7 	bl	8004092 <HAL_SPI_TransmitReceive>
  HAL_GPIO_WritePin(h->cs_port, h->cs_pin, GPIO_PIN_SET);
 8000ea4:	2201      	movs	r2, #1
 8000ea6:	8921      	ldrh	r1, [r4, #8]
 8000ea8:	6860      	ldr	r0, [r4, #4]
 8000eaa:	f000 fcd9 	bl	8001860 <HAL_GPIO_WritePin>
    cs_high(h);
    HAL_Delay(1);
 8000eae:	2001      	movs	r0, #1
 8000eb0:	f000 fb68 	bl	8001584 <HAL_Delay>
  }

  /* software reset */
  /* Don't verify reset write — the bit self-clears */
  {
    uint8_t tx[2] = {ICM42688_UB0_DEVICE_CONFIG & 0x7F, 0x01};
 8000eb4:	f240 1311 	movw	r3, #273	@ 0x111
 8000eb8:	f8ad 300c 	strh.w	r3, [sp, #12]
  HAL_GPIO_WritePin(h->cs_port, h->cs_pin, GPIO_PIN_RESET);
 8000ebc:	462a      	mov	r2, r5
 8000ebe:	8921      	ldrh	r1, [r4, #8]
 8000ec0:	6860      	ldr	r0, [r4, #4]
 8000ec2:	f000 fccd 	bl	8001860 <HAL_GPIO_WritePin>
    cs_low(h);
    HAL_SPI_Transmit(h->hspi, tx, 2, 100);
 8000ec6:	463b      	mov	r3, r7
 8000ec8:	2202      	movs	r2, #2
 8000eca:	4631      	mov	r1, r6
 8000ecc:	6820      	ldr	r0, [r4, #0]
 8000ece:	f002 ffdb 	bl	8003e88 <HAL_SPI_Transmit>
  HAL_GPIO_WritePin(h->cs_port, h->cs_pin, GPIO_PIN_SET);
 8000ed2:	2201      	movs	r2, #1
 8000ed4:	8921      	ldrh	r1, [r4, #8]
 8000ed6:	6860      	ldr	r0, [r4, #4]
 8000ed8:	f000 fcc2 	bl	8001860 <HAL_GPIO_WritePin>
    cs_high(h);
  }
  HAL_Delay(50); /* wait for reset to complete */
 8000edc:	2032      	movs	r0, #50	@ 0x32
 8000ede:	f000 fb51 	bl	8001584 <HAL_Delay>
  HAL_GPIO_WritePin(h->cs_port, h->cs_pin, GPIO_PIN_RESET);
 8000ee2:	462a      	mov	r2, r5
 8000ee4:	8921      	ldrh	r1, [r4, #8]
 8000ee6:	6860      	ldr	r0, [r4, #4]
 8000ee8:	f000 fcba 	bl	8001860 <HAL_GPIO_WritePin>

  /* After reset, re-latch SPI mode */
  cs_low(h);
  HAL_Delay(1);
 8000eec:	2001      	movs	r0, #1
 8000eee:	f000 fb49 	bl	8001584 <HAL_Delay>
  HAL_GPIO_WritePin(h->cs_port, h->cs_pin, GPIO_PIN_SET);
 8000ef2:	2201      	movs	r2, #1
 8000ef4:	8921      	ldrh	r1, [r4, #8]
 8000ef6:	6860      	ldr	r0, [r4, #4]
 8000ef8:	f000 fcb2 	bl	8001860 <HAL_GPIO_WritePin>
  cs_high(h);
  HAL_Delay(1);
 8000efc:	2001      	movs	r0, #1
 8000efe:	f000 fb41 	bl	8001584 <HAL_Delay>

  /* After reset, bank is 0 */
  h->current_bank = 0;
 8000f02:	72a5      	strb	r5, [r4, #10]

  /* verify WHO_AM_I (retry a few times) */
  uint8_t wai = 0;
  for (int i = 0; i < 5; i++) {
 8000f04:	462e      	mov	r6, r5
 8000f06:	2e04      	cmp	r6, #4
 8000f08:	dc0a      	bgt.n	8000f20 <ICM42688_Init+0xe8>
    wai = ICM42688_WhoAmI(h);
 8000f0a:	4620      	mov	r0, r4
 8000f0c:	f7ff feb6 	bl	8000c7c <ICM42688_WhoAmI>
 8000f10:	4605      	mov	r5, r0
    if (wai == ICM42688_WHO_AM_I_VAL)
 8000f12:	2847      	cmp	r0, #71	@ 0x47
 8000f14:	d004      	beq.n	8000f20 <ICM42688_Init+0xe8>
      break;
    HAL_Delay(10);
 8000f16:	200a      	movs	r0, #10
 8000f18:	f000 fb34 	bl	8001584 <HAL_Delay>
  for (int i = 0; i < 5; i++) {
 8000f1c:	3601      	adds	r6, #1
 8000f1e:	e7f2      	b.n	8000f06 <ICM42688_Init+0xce>
  }
  if (wai != ICM42688_WHO_AM_I_VAL) {
 8000f20:	2d47      	cmp	r5, #71	@ 0x47
 8000f22:	d141      	bne.n	8000fa8 <ICM42688_Init+0x170>
    return -1;
  }

  /* turn on accel + gyro in Low Noise mode */
  if (write_reg(h, ICM42688_UB0_PWR_MGMT0, 0x0F) < 0) {
 8000f24:	220f      	movs	r2, #15
 8000f26:	214e      	movs	r1, #78	@ 0x4e
 8000f28:	4620      	mov	r0, r4
 8000f2a:	f7ff fe17 	bl	8000b5c <write_reg>
 8000f2e:	2800      	cmp	r0, #0
 8000f30:	db3d      	blt.n	8000fae <ICM42688_Init+0x176>
    return -2;
  }
  HAL_Delay(1); /* wait for sensors to stabilise */
 8000f32:	2001      	movs	r0, #1
 8000f34:	f000 fb26 	bl	8001584 <HAL_Delay>

  /* default full-scale: ±16 g, 2000 dps */
  if (ICM42688_SetAccelFS(h, ICM42688_ACCEL_FS_16G) < 0)
 8000f38:	2100      	movs	r1, #0
 8000f3a:	4620      	mov	r0, r4
 8000f3c:	f7ff feb6 	bl	8000cac <ICM42688_SetAccelFS>
 8000f40:	2800      	cmp	r0, #0
 8000f42:	db37      	blt.n	8000fb4 <ICM42688_Init+0x17c>
    return -3;
  if (ICM42688_SetGyroFS(h, ICM42688_GYRO_FS_2000DPS) < 0)
 8000f44:	2100      	movs	r1, #0
 8000f46:	4620      	mov	r0, r4
 8000f48:	f7ff feea 	bl	8000d20 <ICM42688_SetGyroFS>
 8000f4c:	2800      	cmp	r0, #0
 8000f4e:	db34      	blt.n	8000fba <ICM42688_Init+0x182>
    return -4;

  /* default ODR: 1 kHz */
  if (ICM42688_SetAccelODR(h, ICM42688_ODR_1K) < 0)
 8000f50:	2106      	movs	r1, #6
 8000f52:	4620      	mov	r0, r4
 8000f54:	f7ff ff22 	bl	8000d9c <ICM42688_SetAccelODR>
 8000f58:	2800      	cmp	r0, #0
 8000f5a:	db31      	blt.n	8000fc0 <ICM42688_Init+0x188>
    return -5;
  if (ICM42688_SetGyroODR(h, ICM42688_ODR_1K) < 0)
 8000f5c:	2106      	movs	r1, #6
 8000f5e:	4620      	mov	r0, r4
 8000f60:	f7ff ff43 	bl	8000dea <ICM42688_SetGyroODR>
 8000f64:	2800      	cmp	r0, #0
 8000f66:	db2e      	blt.n	8000fc6 <ICM42688_Init+0x18e>
    return -6;

  /* disable inner filters (AAF + Notch) for lowest latency */
  set_bank(h, 1);
 8000f68:	2101      	movs	r1, #1
 8000f6a:	4620      	mov	r0, r4
 8000f6c:	f7ff fe42 	bl	8000bf4 <set_bank>
  write_reg(h, ICM42688_UB1_GYRO_CONFIG_STATIC2,
 8000f70:	2203      	movs	r2, #3
 8000f72:	210b      	movs	r1, #11
 8000f74:	4620      	mov	r0, r4
 8000f76:	f7ff fdf1 	bl	8000b5c <write_reg>
            0x03); /* NF disable | AAF disable */
  set_bank(h, 2);
 8000f7a:	2102      	movs	r1, #2
 8000f7c:	4620      	mov	r0, r4
 8000f7e:	f7ff fe39 	bl	8000bf4 <set_bank>
  write_reg(h, ICM42688_UB2_ACCEL_CONFIG_STATIC2, 0x01); /* AAF disable */
 8000f82:	2201      	movs	r2, #1
 8000f84:	2103      	movs	r1, #3
 8000f86:	4620      	mov	r0, r4
 8000f88:	f7ff fde8 	bl	8000b5c <write_reg>
  set_bank(h, 0);
 8000f8c:	2100      	movs	r1, #0
 8000f8e:	4620      	mov	r0, r4
 8000f90:	f7ff fe30 	bl	8000bf4 <set_bank>

  /* ── Restore fast SPI for data reads ── */
  h->hspi->Init.BaudRatePrescaler = saved_prescaler;
 8000f94:	6823      	ldr	r3, [r4, #0]
 8000f96:	f8c3 801c 	str.w	r8, [r3, #28]
  HAL_SPI_Init(h->hspi);
 8000f9a:	6820      	ldr	r0, [r4, #0]
 8000f9c:	f002 ff05 	bl	8003daa <HAL_SPI_Init>

  return 0;
 8000fa0:	2000      	movs	r0, #0
}
 8000fa2:	b004      	add	sp, #16
 8000fa4:	e8bd 81f0 	ldmia.w	sp!, {r4, r5, r6, r7, r8, pc}
    return -1;
 8000fa8:	f04f 30ff 	mov.w	r0, #4294967295	@ 0xffffffff
 8000fac:	e7f9      	b.n	8000fa2 <ICM42688_Init+0x16a>
    return -2;
 8000fae:	f06f 0001 	mvn.w	r0, #1
 8000fb2:	e7f6      	b.n	8000fa2 <ICM42688_Init+0x16a>
    return -3;
 8000fb4:	f06f 0002 	mvn.w	r0, #2
 8000fb8:	e7f3      	b.n	8000fa2 <ICM42688_Init+0x16a>
    return -4;
 8000fba:	f06f 0003 	mvn.w	r0, #3
 8000fbe:	e7f0      	b.n	8000fa2 <ICM42688_Init+0x16a>
    return -5;
 8000fc0:	f06f 0004 	mvn.w	r0, #4
 8000fc4:	e7ed      	b.n	8000fa2 <ICM42688_Init+0x16a>
    return -6;
 8000fc6:	f06f 0005 	mvn.w	r0, #5
 8000fca:	e7ea      	b.n	8000fa2 <ICM42688_Init+0x16a>

08000fcc <ICM42688_ReadOnce>:

int ICM42688_ReadOnce(ICM42688_Handle *h, ICM42688_Data *data) {
 8000fcc:	b570      	push	{r4, r5, r6, lr}
 8000fce:	b084      	sub	sp, #16
 8000fd0:	4604      	mov	r4, r0
 8000fd2:	460e      	mov	r6, r1
  set_bank(h, 0);
 8000fd4:	2100      	movs	r1, #0
 8000fd6:	f7ff fe0d 	bl	8000bf4 <set_bank>

  /* ── Wait for data-ready (INT_STATUS bit 3) ── */
  uint8_t status = 0;
 8000fda:	2300      	movs	r3, #0
 8000fdc:	f88d 300f 	strb.w	r3, [sp, #15]
  uint32_t start = HAL_GetTick();
 8000fe0:	f000 fac4 	bl	800156c <HAL_GetTick>
 8000fe4:	4605      	mov	r5, r0
  while (!(status & ICM42688_INT_STATUS_DATA_RDY)) {
 8000fe6:	f89d 300f 	ldrb.w	r3, [sp, #15]
 8000fea:	f013 0f08 	tst.w	r3, #8
 8000fee:	d111      	bne.n	8001014 <ICM42688_ReadOnce+0x48>
    if (read_regs(h, ICM42688_UB0_INT_STATUS, 1, &status) < 0)
 8000ff0:	f10d 030f 	add.w	r3, sp, #15
 8000ff4:	2201      	movs	r2, #1
 8000ff6:	212d      	movs	r1, #45	@ 0x2d
 8000ff8:	4620      	mov	r0, r4
 8000ffa:	f7ff fe07 	bl	8000c0c <read_regs>
 8000ffe:	2800      	cmp	r0, #0
 8001000:	f2c0 808f 	blt.w	8001122 <ICM42688_ReadOnce+0x156>
      return -1;
    if ((HAL_GetTick() - start) > 10)
 8001004:	f000 fab2 	bl	800156c <HAL_GetTick>
 8001008:	1b40      	subs	r0, r0, r5
 800100a:	280a      	cmp	r0, #10
 800100c:	d9eb      	bls.n	8000fe6 <ICM42688_ReadOnce+0x1a>
      return -2; /* 10 ms timeout */
 800100e:	f06f 0001 	mvn.w	r0, #1
 8001012:	e084      	b.n	800111e <ICM42688_ReadOnce+0x152>
  }

  /* ── Burst-read 14 bytes: temp(2) + accel(6) + gyro(6) ── */
  uint8_t buf[14];
  if (read_regs(h, ICM42688_UB0_TEMP_DATA1, 14, buf) < 0)
 8001014:	466b      	mov	r3, sp
 8001016:	220e      	movs	r2, #14
 8001018:	211d      	movs	r1, #29
 800101a:	4620      	mov	r0, r4
 800101c:	f7ff fdf6 	bl	8000c0c <read_regs>
 8001020:	2800      	cmp	r0, #0
 8001022:	f2c0 8081 	blt.w	8001128 <ICM42688_ReadOnce+0x15c>
    return -3;

  /* combine bytes → signed 16-bit (big-endian on wire) */
  int16_t raw_t = (int16_t)((uint16_t)buf[0] << 8 | buf[1]);
 8001026:	f89d 3000 	ldrb.w	r3, [sp]
 800102a:	021b      	lsls	r3, r3, #8
 800102c:	b21b      	sxth	r3, r3
 800102e:	f89d 2001 	ldrb.w	r2, [sp, #1]
 8001032:	431a      	orrs	r2, r3
  int16_t raw_ax = (int16_t)((uint16_t)buf[2] << 8 | buf[3]);
 8001034:	f89d 3002 	ldrb.w	r3, [sp, #2]
 8001038:	021b      	lsls	r3, r3, #8
 800103a:	b21b      	sxth	r3, r3
 800103c:	f89d 1003 	ldrb.w	r1, [sp, #3]
 8001040:	430b      	orrs	r3, r1
 8001042:	ee05 3a10 	vmov	s10, r3
  int16_t raw_ay = (int16_t)((uint16_t)buf[4] << 8 | buf[5]);
 8001046:	f89d 3004 	ldrb.w	r3, [sp, #4]
 800104a:	021b      	lsls	r3, r3, #8
 800104c:	b21b      	sxth	r3, r3
 800104e:	f89d 1005 	ldrb.w	r1, [sp, #5]
 8001052:	430b      	orrs	r3, r1
 8001054:	ee05 3a90 	vmov	s11, r3
  int16_t raw_az = (int16_t)((uint16_t)buf[6] << 8 | buf[7]);
 8001058:	f89d 3006 	ldrb.w	r3, [sp, #6]
 800105c:	021b      	lsls	r3, r3, #8
 800105e:	b21b      	sxth	r3, r3
 8001060:	f89d 1007 	ldrb.w	r1, [sp, #7]
 8001064:	430b      	orrs	r3, r1
 8001066:	ee06 3a10 	vmov	s12, r3
  int16_t raw_gx = (int16_t)((uint16_t)buf[8] << 8 | buf[9]);
 800106a:	f89d 3008 	ldrb.w	r3, [sp, #8]
 800106e:	021b      	lsls	r3, r3, #8
 8001070:	b21b      	sxth	r3, r3
 8001072:	f89d 1009 	ldrb.w	r1, [sp, #9]
 8001076:	430b      	orrs	r3, r1
 8001078:	ee06 3a90 	vmov	s13, r3
  int16_t raw_gy = (int16_t)((uint16_t)buf[10] << 8 | buf[11]);
 800107c:	f89d 300a 	ldrb.w	r3, [sp, #10]
 8001080:	021b      	lsls	r3, r3, #8
 8001082:	b21b      	sxth	r3, r3
 8001084:	f89d 100b 	ldrb.w	r1, [sp, #11]
 8001088:	430b      	orrs	r3, r1
 800108a:	ee07 3a10 	vmov	s14, r3
  int16_t raw_gz = (int16_t)((uint16_t)buf[12] << 8 | buf[13]);
 800108e:	f89d 300c 	ldrb.w	r3, [sp, #12]
 8001092:	021b      	lsls	r3, r3, #8
 8001094:	b21b      	sxth	r3, r3
 8001096:	f89d 100d 	ldrb.w	r1, [sp, #13]
 800109a:	430b      	orrs	r3, r1
 800109c:	ee07 3a90 	vmov	s15, r3

  /* scale to engineering units */
  data->acc_x = raw_ax * h->accel_scale;
 80010a0:	edd4 4a03 	vldr	s9, [r4, #12]
 80010a4:	eeb8 5ac5 	vcvt.f32.s32	s10, s10
 80010a8:	ee25 5a24 	vmul.f32	s10, s10, s9
 80010ac:	ed86 5a00 	vstr	s10, [r6]
  data->acc_y = raw_ay * h->accel_scale;
 80010b0:	ed94 5a03 	vldr	s10, [r4, #12]
 80010b4:	eef8 5ae5 	vcvt.f32.s32	s11, s11
 80010b8:	ee65 5a85 	vmul.f32	s11, s11, s10
 80010bc:	edc6 5a01 	vstr	s11, [r6, #4]
  data->acc_z = raw_az * h->accel_scale;
 80010c0:	edd4 5a03 	vldr	s11, [r4, #12]
 80010c4:	eeb8 6ac6 	vcvt.f32.s32	s12, s12
 80010c8:	ee26 6a25 	vmul.f32	s12, s12, s11
 80010cc:	ed86 6a02 	vstr	s12, [r6, #8]
  data->gyr_x = raw_gx * h->gyro_scale;
 80010d0:	ed94 6a04 	vldr	s12, [r4, #16]
 80010d4:	eef8 6ae6 	vcvt.f32.s32	s13, s13
 80010d8:	ee66 6a86 	vmul.f32	s13, s13, s12
 80010dc:	edc6 6a03 	vstr	s13, [r6, #12]
  data->gyr_y = raw_gy * h->gyro_scale;
 80010e0:	edd4 6a04 	vldr	s13, [r4, #16]
 80010e4:	eeb8 7ac7 	vcvt.f32.s32	s14, s14
 80010e8:	ee27 7a26 	vmul.f32	s14, s14, s13
 80010ec:	ed86 7a04 	vstr	s14, [r6, #16]
  data->gyr_z = raw_gz * h->gyro_scale;
 80010f0:	ed94 7a04 	vldr	s14, [r4, #16]
 80010f4:	eef8 7ae7 	vcvt.f32.s32	s15, s15
 80010f8:	ee67 7a87 	vmul.f32	s15, s15, s14
 80010fc:	edc6 7a05 	vstr	s15, [r6, #20]
  data->temp_c = (float)raw_t / 132.48f + 25.0f;
 8001100:	ee07 2a90 	vmov	s15, r2
 8001104:	eef8 7ae7 	vcvt.f32.s32	s15, s15
 8001108:	eddf 6a09 	vldr	s13, [pc, #36]	@ 8001130 <ICM42688_ReadOnce+0x164>
 800110c:	ee87 7aa6 	vdiv.f32	s14, s15, s13
 8001110:	eef3 7a09 	vmov.f32	s15, #57	@ 0x41c80000  25.0
 8001114:	ee77 7a27 	vadd.f32	s15, s14, s15
 8001118:	edc6 7a06 	vstr	s15, [r6, #24]

  return 0;
 800111c:	2000      	movs	r0, #0
}
 800111e:	b004      	add	sp, #16
 8001120:	bd70      	pop	{r4, r5, r6, pc}
      return -1;
 8001122:	f04f 30ff 	mov.w	r0, #4294967295	@ 0xffffffff
 8001126:	e7fa      	b.n	800111e <ICM42688_ReadOnce+0x152>
    return -3;
 8001128:	f06f 0002 	mvn.w	r0, #2
 800112c:	e7f7      	b.n	800111e <ICM42688_ReadOnce+0x152>
 800112e:	bf00      	nop
 8001130:	43047ae1 	.word	0x43047ae1

08001134 <MX_GPIO_Init>:
/**
 * @brief GPIO Initialization Function
 * @param None
 * @retval None
 */
static void MX_GPIO_Init(void) {
 8001134:	e92d 43f0 	stmdb	sp!, {r4, r5, r6, r7, r8, r9, lr}
 8001138:	b08b      	sub	sp, #44	@ 0x2c
  GPIO_InitTypeDef GPIO_InitStruct = {0};
 800113a:	ad05      	add	r5, sp, #20
 800113c:	2400      	movs	r4, #0
 800113e:	9405      	str	r4, [sp, #20]
 8001140:	9406      	str	r4, [sp, #24]
 8001142:	9407      	str	r4, [sp, #28]
 8001144:	9408      	str	r4, [sp, #32]
 8001146:	9409      	str	r4, [sp, #36]	@ 0x24
  * @retval None
  */
__STATIC_INLINE void LL_AHB2_GRP1_EnableClock(uint32_t Periphs)
{
  __IO uint32_t tmpreg;
  SET_BIT(RCC->AHB2ENR, Periphs);
 8001148:	f04f 43b0 	mov.w	r3, #1476395008	@ 0x58000000
 800114c:	6cda      	ldr	r2, [r3, #76]	@ 0x4c
 800114e:	f042 0204 	orr.w	r2, r2, #4
 8001152:	64da      	str	r2, [r3, #76]	@ 0x4c
  /* Delay after an RCC peripheral clock enabling */
  tmpreg = READ_BIT(RCC->AHB2ENR, Periphs);
 8001154:	6cda      	ldr	r2, [r3, #76]	@ 0x4c
 8001156:	f002 0204 	and.w	r2, r2, #4
 800115a:	9204      	str	r2, [sp, #16]
  (void)tmpreg;
 800115c:	9a04      	ldr	r2, [sp, #16]
  SET_BIT(RCC->AHB2ENR, Periphs);
 800115e:	6cda      	ldr	r2, [r3, #76]	@ 0x4c
 8001160:	f042 0202 	orr.w	r2, r2, #2
 8001164:	64da      	str	r2, [r3, #76]	@ 0x4c
  tmpreg = READ_BIT(RCC->AHB2ENR, Periphs);
 8001166:	6cda      	ldr	r2, [r3, #76]	@ 0x4c
 8001168:	f002 0202 	and.w	r2, r2, #2
 800116c:	9203      	str	r2, [sp, #12]
  (void)tmpreg;
 800116e:	9a03      	ldr	r2, [sp, #12]
  SET_BIT(RCC->AHB2ENR, Periphs);
 8001170:	6cda      	ldr	r2, [r3, #76]	@ 0x4c
 8001172:	f042 0201 	orr.w	r2, r2, #1
 8001176:	64da      	str	r2, [r3, #76]	@ 0x4c
  tmpreg = READ_BIT(RCC->AHB2ENR, Periphs);
 8001178:	6cda      	ldr	r2, [r3, #76]	@ 0x4c
 800117a:	f002 0201 	and.w	r2, r2, #1
 800117e:	9202      	str	r2, [sp, #8]
  (void)tmpreg;
 8001180:	9a02      	ldr	r2, [sp, #8]
  SET_BIT(RCC->AHB2ENR, Periphs);
 8001182:	6cda      	ldr	r2, [r3, #76]	@ 0x4c
 8001184:	f042 0208 	orr.w	r2, r2, #8
 8001188:	64da      	str	r2, [r3, #76]	@ 0x4c
  tmpreg = READ_BIT(RCC->AHB2ENR, Periphs);
 800118a:	6cdb      	ldr	r3, [r3, #76]	@ 0x4c
 800118c:	f003 0308 	and.w	r3, r3, #8
 8001190:	9301      	str	r3, [sp, #4]
  (void)tmpreg;
 8001192:	9b01      	ldr	r3, [sp, #4]
  __HAL_RCC_GPIOB_CLK_ENABLE();
  __HAL_RCC_GPIOA_CLK_ENABLE();
  __HAL_RCC_GPIOD_CLK_ENABLE();

  /*Configure GPIO pin Output Level */
  HAL_GPIO_WritePin(LED_GPIO_Port, LED_Pin, GPIO_PIN_SET);
 8001194:	4f1b      	ldr	r7, [pc, #108]	@ (8001204 <MX_GPIO_Init+0xd0>)
 8001196:	2201      	movs	r2, #1
 8001198:	f44f 5100 	mov.w	r1, #8192	@ 0x2000
 800119c:	4638      	mov	r0, r7
 800119e:	f000 fb5f 	bl	8001860 <HAL_GPIO_WritePin>

  /*Configure GPIO pin Output Level */
  HAL_GPIO_WritePin(ICM_CS_GPIO_Port, ICM_CS_Pin, GPIO_PIN_SET);
 80011a2:	f8df 9068 	ldr.w	r9, [pc, #104]	@ 800120c <MX_GPIO_Init+0xd8>
 80011a6:	2201      	movs	r2, #1
 80011a8:	2102      	movs	r1, #2
 80011aa:	4648      	mov	r0, r9
 80011ac:	f000 fb58 	bl	8001860 <HAL_GPIO_WritePin>

  /*Configure GPIO pin : LED_Pin */
  GPIO_InitStruct.Pin = LED_Pin;
 80011b0:	f44f 5300 	mov.w	r3, #8192	@ 0x2000
 80011b4:	9305      	str	r3, [sp, #20]
  GPIO_InitStruct.Mode = GPIO_MODE_OUTPUT_PP;
 80011b6:	2601      	movs	r6, #1
 80011b8:	9606      	str	r6, [sp, #24]
  GPIO_InitStruct.Pull = GPIO_PULLUP;
 80011ba:	9607      	str	r6, [sp, #28]
  GPIO_InitStruct.Speed = GPIO_SPEED_FREQ_LOW;
 80011bc:	9408      	str	r4, [sp, #32]
  HAL_GPIO_Init(LED_GPIO_Port, &GPIO_InitStruct);
 80011be:	4629      	mov	r1, r5
 80011c0:	4638      	mov	r0, r7
 80011c2:	f000 fa73 	bl	80016ac <HAL_GPIO_Init>

  /*Configure GPIO pin : BMP_INT_Pin */
  GPIO_InitStruct.Pin = BMP_INT_Pin;
 80011c6:	9605      	str	r6, [sp, #20]
  GPIO_InitStruct.Mode = GPIO_MODE_IT_RISING;
 80011c8:	f44f 1888 	mov.w	r8, #1114112	@ 0x110000
 80011cc:	f8cd 8018 	str.w	r8, [sp, #24]
  GPIO_InitStruct.Pull = GPIO_NOPULL;
 80011d0:	9407      	str	r4, [sp, #28]
  HAL_GPIO_Init(BMP_INT_GPIO_Port, &GPIO_InitStruct);
 80011d2:	4629      	mov	r1, r5
 80011d4:	4638      	mov	r0, r7
 80011d6:	f000 fa69 	bl	80016ac <HAL_GPIO_Init>

  /*Configure GPIO pin : ICM_CS_Pin */
  GPIO_InitStruct.Pin = ICM_CS_Pin;
 80011da:	2302      	movs	r3, #2
 80011dc:	9305      	str	r3, [sp, #20]
  GPIO_InitStruct.Mode = GPIO_MODE_OUTPUT_PP;
 80011de:	9606      	str	r6, [sp, #24]
  GPIO_InitStruct.Pull = GPIO_NOPULL;
 80011e0:	9407      	str	r4, [sp, #28]
  GPIO_InitStruct.Speed = GPIO_SPEED_FREQ_LOW;
 80011e2:	9408      	str	r4, [sp, #32]
  HAL_GPIO_Init(ICM_CS_GPIO_Port, &GPIO_InitStruct);
 80011e4:	4629      	mov	r1, r5
 80011e6:	4648      	mov	r0, r9
 80011e8:	f000 fa60 	bl	80016ac <HAL_GPIO_Init>

  /*Configure GPIO pins : ICM_INT1_Pin ICM_INT2_Pin */
  GPIO_InitStruct.Pin = ICM_INT1_Pin | ICM_INT2_Pin;
 80011ec:	23c0      	movs	r3, #192	@ 0xc0
 80011ee:	9305      	str	r3, [sp, #20]
  GPIO_InitStruct.Mode = GPIO_MODE_IT_RISING;
 80011f0:	f8cd 8018 	str.w	r8, [sp, #24]
  GPIO_InitStruct.Pull = GPIO_NOPULL;
 80011f4:	9407      	str	r4, [sp, #28]
  HAL_GPIO_Init(GPIOB, &GPIO_InitStruct);
 80011f6:	4629      	mov	r1, r5
 80011f8:	4803      	ldr	r0, [pc, #12]	@ (8001208 <MX_GPIO_Init+0xd4>)
 80011fa:	f000 fa57 	bl	80016ac <HAL_GPIO_Init>

  /* USER CODE BEGIN MX_GPIO_Init_2 */

  /* USER CODE END MX_GPIO_Init_2 */
}
 80011fe:	b00b      	add	sp, #44	@ 0x2c
 8001200:	e8bd 83f0 	ldmia.w	sp!, {r4, r5, r6, r7, r8, r9, pc}
 8001204:	48000800 	.word	0x48000800
 8001208:	48000400 	.word	0x48000400
 800120c:	48000c00 	.word	0x48000c00

08001210 <Error_Handler>:
  \details Disables IRQ interrupts by setting the I-bit in the CPSR.
           Can only be executed in Privileged modes.
 */
__STATIC_FORCEINLINE void __disable_irq(void)
{
  __ASM volatile ("cpsid i" : : : "memory");
 8001210:	b672      	cpsid	i
 */
void Error_Handler(void) {
  /* USER CODE BEGIN Error_Handler_Debug */
  /* User can add his own implementation to report the HAL error return state */
  __disable_irq();
  while (1) {
 8001212:	e7fe      	b.n	8001212 <Error_Handler+0x2>

08001214 <MX_I2C1_Init>:
static void MX_I2C1_Init(void) {
 8001214:	b508      	push	{r3, lr}
  hi2c1.Instance = I2C1;
 8001216:	4811      	ldr	r0, [pc, #68]	@ (800125c <MX_I2C1_Init+0x48>)
 8001218:	4b11      	ldr	r3, [pc, #68]	@ (8001260 <MX_I2C1_Init+0x4c>)
 800121a:	6003      	str	r3, [r0, #0]
  hi2c1.Init.Timing = 0x10B17DB5;
 800121c:	4b11      	ldr	r3, [pc, #68]	@ (8001264 <MX_I2C1_Init+0x50>)
 800121e:	6043      	str	r3, [r0, #4]
  hi2c1.Init.OwnAddress1 = 0;
 8001220:	2300      	movs	r3, #0
 8001222:	6083      	str	r3, [r0, #8]
  hi2c1.Init.AddressingMode = I2C_ADDRESSINGMODE_7BIT;
 8001224:	2201      	movs	r2, #1
 8001226:	60c2      	str	r2, [r0, #12]
  hi2c1.Init.DualAddressMode = I2C_DUALADDRESS_DISABLE;
 8001228:	6103      	str	r3, [r0, #16]
  hi2c1.Init.OwnAddress2 = 0;
 800122a:	6143      	str	r3, [r0, #20]
  hi2c1.Init.OwnAddress2Masks = I2C_OA2_NOMASK;
 800122c:	6183      	str	r3, [r0, #24]
  hi2c1.Init.GeneralCallMode = I2C_GENERALCALL_DISABLE;
 800122e:	61c3      	str	r3, [r0, #28]
  hi2c1.Init.NoStretchMode = I2C_NOSTRETCH_DISABLE;
 8001230:	6203      	str	r3, [r0, #32]
  if (HAL_I2C_Init(&hi2c1) != HAL_OK) {
 8001232:	f000 fb23 	bl	800187c <HAL_I2C_Init>
 8001236:	b950      	cbnz	r0, 800124e <MX_I2C1_Init+0x3a>
  if (HAL_I2CEx_ConfigAnalogFilter(&hi2c1, I2C_ANALOGFILTER_ENABLE) != HAL_OK) {
 8001238:	4601      	mov	r1, r0
 800123a:	4808      	ldr	r0, [pc, #32]	@ (800125c <MX_I2C1_Init+0x48>)
 800123c:	f000 fb82 	bl	8001944 <HAL_I2CEx_ConfigAnalogFilter>
 8001240:	b938      	cbnz	r0, 8001252 <MX_I2C1_Init+0x3e>
  if (HAL_I2CEx_ConfigDigitalFilter(&hi2c1, 0) != HAL_OK) {
 8001242:	4601      	mov	r1, r0
 8001244:	4805      	ldr	r0, [pc, #20]	@ (800125c <MX_I2C1_Init+0x48>)
 8001246:	f000 fbaa 	bl	800199e <HAL_I2CEx_ConfigDigitalFilter>
 800124a:	b920      	cbnz	r0, 8001256 <MX_I2C1_Init+0x42>
}
 800124c:	bd08      	pop	{r3, pc}
    Error_Handler();
 800124e:	f7ff ffdf 	bl	8001210 <Error_Handler>
    Error_Handler();
 8001252:	f7ff ffdd 	bl	8001210 <Error_Handler>
    Error_Handler();
 8001256:	f7ff ffdb 	bl	8001210 <Error_Handler>
 800125a:	bf00      	nop
 800125c:	20000480 	.word	0x20000480
 8001260:	40005400 	.word	0x40005400
 8001264:	10b17db5 	.word	0x10b17db5

08001268 <MX_SPI1_Init>:
static void MX_SPI1_Init(void) {
 8001268:	b508      	push	{r3, lr}
  hspi1.Instance = SPI1;
 800126a:	4810      	ldr	r0, [pc, #64]	@ (80012ac <MX_SPI1_Init+0x44>)
 800126c:	4b10      	ldr	r3, [pc, #64]	@ (80012b0 <MX_SPI1_Init+0x48>)
 800126e:	6003      	str	r3, [r0, #0]
  hspi1.Init.Mode = SPI_MODE_MASTER;
 8001270:	f44f 7382 	mov.w	r3, #260	@ 0x104
 8001274:	6043      	str	r3, [r0, #4]
  hspi1.Init.Direction = SPI_DIRECTION_2LINES;
 8001276:	2300      	movs	r3, #0
 8001278:	6083      	str	r3, [r0, #8]
  hspi1.Init.DataSize = SPI_DATASIZE_8BIT;
 800127a:	f44f 62e0 	mov.w	r2, #1792	@ 0x700
 800127e:	60c2      	str	r2, [r0, #12]
  hspi1.Init.CLKPolarity = SPI_POLARITY_HIGH;
 8001280:	2202      	movs	r2, #2
 8001282:	6102      	str	r2, [r0, #16]
  hspi1.Init.CLKPhase = SPI_PHASE_2EDGE;
 8001284:	2201      	movs	r2, #1
 8001286:	6142      	str	r2, [r0, #20]
  hspi1.Init.NSS = SPI_NSS_SOFT;
 8001288:	f44f 7200 	mov.w	r2, #512	@ 0x200
 800128c:	6182      	str	r2, [r0, #24]
  hspi1.Init.BaudRatePrescaler = SPI_BAUDRATEPRESCALER_4;
 800128e:	2208      	movs	r2, #8
 8001290:	61c2      	str	r2, [r0, #28]
  hspi1.Init.FirstBit = SPI_FIRSTBIT_MSB;
 8001292:	6203      	str	r3, [r0, #32]
  hspi1.Init.TIMode = SPI_TIMODE_DISABLE;
 8001294:	6243      	str	r3, [r0, #36]	@ 0x24
  hspi1.Init.CRCCalculation = SPI_CRCCALCULATION_DISABLE;
 8001296:	6283      	str	r3, [r0, #40]	@ 0x28
  hspi1.Init.CRCPolynomial = 7;
 8001298:	2207      	movs	r2, #7
 800129a:	62c2      	str	r2, [r0, #44]	@ 0x2c
  hspi1.Init.CRCLength = SPI_CRC_LENGTH_DATASIZE;
 800129c:	6303      	str	r3, [r0, #48]	@ 0x30
  hspi1.Init.NSSPMode = SPI_NSS_PULSE_DISABLE;
 800129e:	6343      	str	r3, [r0, #52]	@ 0x34
  if (HAL_SPI_Init(&hspi1) != HAL_OK) {
 80012a0:	f002 fd83 	bl	8003daa <HAL_SPI_Init>
 80012a4:	b900      	cbnz	r0, 80012a8 <MX_SPI1_Init+0x40>
}
 80012a6:	bd08      	pop	{r3, pc}
    Error_Handler();
 80012a8:	f7ff ffb2 	bl	8001210 <Error_Handler>
 80012ac:	2000041c 	.word	0x2000041c
 80012b0:	40013000 	.word	0x40013000

080012b4 <SystemClock_Config>:
void SystemClock_Config(void) {
 80012b4:	b530      	push	{r4, r5, lr}
 80012b6:	b09b      	sub	sp, #108	@ 0x6c
  RCC_OscInitTypeDef RCC_OscInitStruct = {0};
 80012b8:	ad08      	add	r5, sp, #32
 80012ba:	2248      	movs	r2, #72	@ 0x48
 80012bc:	2100      	movs	r1, #0
 80012be:	4628      	mov	r0, r5
 80012c0:	f006 f90e 	bl	80074e0 <memset>
  RCC_ClkInitTypeDef RCC_ClkInitStruct = {0};
 80012c4:	2400      	movs	r4, #0
 80012c6:	9401      	str	r4, [sp, #4]
 80012c8:	9402      	str	r4, [sp, #8]
 80012ca:	9403      	str	r4, [sp, #12]
 80012cc:	9404      	str	r4, [sp, #16]
 80012ce:	9405      	str	r4, [sp, #20]
 80012d0:	9406      	str	r4, [sp, #24]
 80012d2:	9407      	str	r4, [sp, #28]
  HAL_PWR_EnableBkUpAccess();
 80012d4:	f001 fc1e 	bl	8002b14 <HAL_PWR_EnableBkUpAccess>
  *         @arg @ref LL_RCC_LSEDRIVE_HIGH
  * @retval None
  */
__STATIC_INLINE void LL_RCC_LSE_SetDriveCapability(uint32_t LSEDrive)
{
  MODIFY_REG(RCC->BDCR, RCC_BDCR_LSEDRV, LSEDrive);
 80012d8:	f04f 42b0 	mov.w	r2, #1476395008	@ 0x58000000
 80012dc:	f8d2 3090 	ldr.w	r3, [r2, #144]	@ 0x90
 80012e0:	f023 0318 	bic.w	r3, r3, #24
 80012e4:	f043 0310 	orr.w	r3, r3, #16
 80012e8:	f8c2 3090 	str.w	r3, [r2, #144]	@ 0x90
  __HAL_PWR_VOLTAGESCALING_CONFIG(PWR_REGULATOR_VOLTAGE_SCALE1);
 80012ec:	f502 6280 	add.w	r2, r2, #1024	@ 0x400
 80012f0:	6813      	ldr	r3, [r2, #0]
 80012f2:	f423 63c0 	bic.w	r3, r3, #1536	@ 0x600
 80012f6:	f443 7300 	orr.w	r3, r3, #512	@ 0x200
 80012fa:	6013      	str	r3, [r2, #0]
 80012fc:	6813      	ldr	r3, [r2, #0]
 80012fe:	f403 63c0 	and.w	r3, r3, #1536	@ 0x600
 8001302:	9300      	str	r3, [sp, #0]
 8001304:	9b00      	ldr	r3, [sp, #0]
  RCC_OscInitStruct.OscillatorType =
 8001306:	2327      	movs	r3, #39	@ 0x27
 8001308:	9308      	str	r3, [sp, #32]
  RCC_OscInitStruct.HSEState = RCC_HSE_ON;
 800130a:	f44f 3380 	mov.w	r3, #65536	@ 0x10000
 800130e:	9309      	str	r3, [sp, #36]	@ 0x24
  RCC_OscInitStruct.LSEState = RCC_LSE_ON;
 8001310:	2301      	movs	r3, #1
 8001312:	930a      	str	r3, [sp, #40]	@ 0x28
  RCC_OscInitStruct.HSIState = RCC_HSI_ON;
 8001314:	f44f 7280 	mov.w	r2, #256	@ 0x100
 8001318:	920b      	str	r2, [sp, #44]	@ 0x2c
  RCC_OscInitStruct.MSIState = RCC_MSI_ON;
 800131a:	930f      	str	r3, [sp, #60]	@ 0x3c
  RCC_OscInitStruct.HSICalibrationValue = RCC_HSICALIBRATION_DEFAULT;
 800131c:	2240      	movs	r2, #64	@ 0x40
 800131e:	920c      	str	r2, [sp, #48]	@ 0x30
  RCC_OscInitStruct.MSICalibrationValue = RCC_MSICALIBRATION_DEFAULT;
 8001320:	9410      	str	r4, [sp, #64]	@ 0x40
  RCC_OscInitStruct.MSIClockRange = RCC_MSIRANGE_6;
 8001322:	2260      	movs	r2, #96	@ 0x60
 8001324:	9211      	str	r2, [sp, #68]	@ 0x44
  RCC_OscInitStruct.PLL.PLLState = RCC_PLL_ON;
 8001326:	2202      	movs	r2, #2
 8001328:	9213      	str	r2, [sp, #76]	@ 0x4c
  RCC_OscInitStruct.PLL.PLLSource = RCC_PLLSOURCE_MSI;
 800132a:	9314      	str	r3, [sp, #80]	@ 0x50
  RCC_OscInitStruct.PLL.PLLM = RCC_PLLM_DIV1;
 800132c:	9415      	str	r4, [sp, #84]	@ 0x54
  RCC_OscInitStruct.PLL.PLLN = 32;
 800132e:	2320      	movs	r3, #32
 8001330:	9316      	str	r3, [sp, #88]	@ 0x58
  RCC_OscInitStruct.PLL.PLLP = RCC_PLLP_DIV2;
 8001332:	f44f 3300 	mov.w	r3, #131072	@ 0x20000
 8001336:	9317      	str	r3, [sp, #92]	@ 0x5c
  RCC_OscInitStruct.PLL.PLLR = RCC_PLLR_DIV2;
 8001338:	f04f 5300 	mov.w	r3, #536870912	@ 0x20000000
 800133c:	9319      	str	r3, [sp, #100]	@ 0x64
  RCC_OscInitStruct.PLL.PLLQ = RCC_PLLQ_DIV2;
 800133e:	f04f 7300 	mov.w	r3, #33554432	@ 0x2000000
 8001342:	9318      	str	r3, [sp, #96]	@ 0x60
  if (HAL_RCC_OscConfig(&RCC_OscInitStruct) != HAL_OK) {
 8001344:	4628      	mov	r0, r5
 8001346:	f001 fcf5 	bl	8002d34 <HAL_RCC_OscConfig>
 800134a:	b988      	cbnz	r0, 8001370 <SystemClock_Config+0xbc>
  RCC_ClkInitStruct.ClockType = RCC_CLOCKTYPE_HCLK4 | RCC_CLOCKTYPE_HCLK2 |
 800134c:	236f      	movs	r3, #111	@ 0x6f
 800134e:	9301      	str	r3, [sp, #4]
  RCC_ClkInitStruct.SYSCLKSource = RCC_SYSCLKSOURCE_PLLCLK;
 8001350:	2103      	movs	r1, #3
 8001352:	9102      	str	r1, [sp, #8]
  RCC_ClkInitStruct.AHBCLKDivider = RCC_SYSCLK_DIV1;
 8001354:	9003      	str	r0, [sp, #12]
  RCC_ClkInitStruct.APB1CLKDivider = RCC_HCLK_DIV1;
 8001356:	9004      	str	r0, [sp, #16]
  RCC_ClkInitStruct.APB2CLKDivider = RCC_HCLK_DIV1;
 8001358:	9005      	str	r0, [sp, #20]
  RCC_ClkInitStruct.AHBCLK2Divider = RCC_SYSCLK_DIV2;
 800135a:	2280      	movs	r2, #128	@ 0x80
 800135c:	9206      	str	r2, [sp, #24]
  RCC_ClkInitStruct.AHBCLK4Divider = RCC_SYSCLK_DIV1;
 800135e:	9007      	str	r0, [sp, #28]
  if (HAL_RCC_ClockConfig(&RCC_ClkInitStruct, FLASH_LATENCY_3) != HAL_OK) {
 8001360:	a801      	add	r0, sp, #4
 8001362:	f002 f875 	bl	8003450 <HAL_RCC_ClockConfig>
 8001366:	b928      	cbnz	r0, 8001374 <SystemClock_Config+0xc0>
  HAL_RCCEx_EnableMSIPLLMode();
 8001368:	f002 fc0b 	bl	8003b82 <HAL_RCCEx_EnableMSIPLLMode>
}
 800136c:	b01b      	add	sp, #108	@ 0x6c
 800136e:	bd30      	pop	{r4, r5, pc}
    Error_Handler();
 8001370:	f7ff ff4e 	bl	8001210 <Error_Handler>
    Error_Handler();
 8001374:	f7ff ff4c 	bl	8001210 <Error_Handler>

08001378 <PeriphCommonClock_Config>:
void PeriphCommonClock_Config(void) {
 8001378:	b510      	push	{r4, lr}
 800137a:	b094      	sub	sp, #80	@ 0x50
  RCC_PeriphCLKInitTypeDef PeriphClkInitStruct = {0};
 800137c:	2250      	movs	r2, #80	@ 0x50
 800137e:	2100      	movs	r1, #0
 8001380:	4668      	mov	r0, sp
 8001382:	f006 f8ad 	bl	80074e0 <memset>
  PeriphClkInitStruct.PeriphClockSelection = RCC_PERIPHCLK_SMPS;
 8001386:	f44f 5300 	mov.w	r3, #8192	@ 0x2000
 800138a:	9300      	str	r3, [sp, #0]
  PeriphClkInitStruct.SmpsDivSelection = RCC_SMPSCLKDIV_RANGE1;
 800138c:	2310      	movs	r3, #16
 800138e:	9313      	str	r3, [sp, #76]	@ 0x4c
  if (HAL_RCCEx_PeriphCLKConfig(&PeriphClkInitStruct) != HAL_OK) {
 8001390:	4668      	mov	r0, sp
 8001392:	f002 fa74 	bl	800387e <HAL_RCCEx_PeriphCLKConfig>
 8001396:	b908      	cbnz	r0, 800139c <PeriphCommonClock_Config+0x24>
}
 8001398:	b014      	add	sp, #80	@ 0x50
 800139a:	bd10      	pop	{r4, pc}
    Error_Handler();
 800139c:	f7ff ff38 	bl	8001210 <Error_Handler>

080013a0 <main>:
int main(void) {
 80013a0:	e92d 47f0 	stmdb	sp!, {r4, r5, r6, r7, r8, r9, sl, lr}
 80013a4:	b08e      	sub	sp, #56	@ 0x38
  HAL_Init();
 80013a6:	f000 f8bd 	bl	8001524 <HAL_Init>
  SystemClock_Config();
 80013aa:	f7ff ff83 	bl	80012b4 <SystemClock_Config>
  PeriphCommonClock_Config();
 80013ae:	f7ff ffe3 	bl	8001378 <PeriphCommonClock_Config>
  MX_GPIO_Init();
 80013b2:	f7ff febf 	bl	8001134 <MX_GPIO_Init>
  MX_I2C1_Init();
 80013b6:	f7ff ff2d 	bl	8001214 <MX_I2C1_Init>
  MX_SPI1_Init();
 80013ba:	f7ff ff55 	bl	8001268 <MX_SPI1_Init>
  MX_USB_Device_Init();
 80013be:	f003 ffd5 	bl	800536c <MX_USB_Device_Init>
  HAL_Delay(1000);
 80013c2:	f44f 707a 	mov.w	r0, #1000	@ 0x3e8
 80013c6:	f000 f8dd 	bl	8001584 <HAL_Delay>
  icm.hspi = &hspi1;
 80013ca:	483b      	ldr	r0, [pc, #236]	@ (80014b8 <main+0x118>)
 80013cc:	4b3b      	ldr	r3, [pc, #236]	@ (80014bc <main+0x11c>)
 80013ce:	6003      	str	r3, [r0, #0]
  icm.cs_port = ICM_CS_GPIO_Port;
 80013d0:	4b3b      	ldr	r3, [pc, #236]	@ (80014c0 <main+0x120>)
 80013d2:	6043      	str	r3, [r0, #4]
  icm.cs_pin = ICM_CS_Pin;
 80013d4:	2302      	movs	r3, #2
 80013d6:	8103      	strh	r3, [r0, #8]
  int icm_err = ICM42688_Init(&icm);
 80013d8:	f7ff fd2e 	bl	8000e38 <ICM42688_Init>
  if (icm_err != 0) {
 80013dc:	b300      	cbz	r0, 8001420 <main+0x80>
 80013de:	4606      	mov	r6, r0
    int code = icm_err < 0 ? -icm_err : icm_err;
 80013e0:	2800      	cmp	r0, #0
 80013e2:	bfb8      	it	lt
 80013e4:	4246      	neglt	r6, r0
      for (int i = 0; i < code; i++) {
 80013e6:	2400      	movs	r4, #0
 80013e8:	42b4      	cmp	r4, r6
 80013ea:	db04      	blt.n	80013f6 <main+0x56>
      HAL_Delay(1500);
 80013ec:	f240 50dc 	movw	r0, #1500	@ 0x5dc
 80013f0:	f000 f8c8 	bl	8001584 <HAL_Delay>
      for (int i = 0; i < code; i++) {
 80013f4:	e7f7      	b.n	80013e6 <main+0x46>
        HAL_GPIO_WritePin(LED_GPIO_Port, LED_Pin, GPIO_PIN_RESET);
 80013f6:	4d33      	ldr	r5, [pc, #204]	@ (80014c4 <main+0x124>)
 80013f8:	2200      	movs	r2, #0
 80013fa:	f44f 5100 	mov.w	r1, #8192	@ 0x2000
 80013fe:	4628      	mov	r0, r5
 8001400:	f000 fa2e 	bl	8001860 <HAL_GPIO_WritePin>
        HAL_Delay(150);
 8001404:	2096      	movs	r0, #150	@ 0x96
 8001406:	f000 f8bd 	bl	8001584 <HAL_Delay>
        HAL_GPIO_WritePin(LED_GPIO_Port, LED_Pin, GPIO_PIN_SET);
 800140a:	2201      	movs	r2, #1
 800140c:	f44f 5100 	mov.w	r1, #8192	@ 0x2000
 8001410:	4628      	mov	r0, r5
 8001412:	f000 fa25 	bl	8001860 <HAL_GPIO_WritePin>
        HAL_Delay(150);
 8001416:	2096      	movs	r0, #150	@ 0x96
 8001418:	f000 f8b4 	bl	8001584 <HAL_Delay>
      for (int i = 0; i < code; i++) {
 800141c:	3401      	adds	r4, #1
 800141e:	e7e3      	b.n	80013e8 <main+0x48>
  HAL_Delay(1000);
 8001420:	f44f 707a 	mov.w	r0, #1000	@ 0x3e8
 8001424:	f000 f8ae 	bl	8001584 <HAL_Delay>
 8001428:	e007      	b.n	800143a <main+0x9a>
    HAL_GPIO_TogglePin(LED_GPIO_Port, LED_Pin);
 800142a:	f44f 5100 	mov.w	r1, #8192	@ 0x2000
 800142e:	4825      	ldr	r0, [pc, #148]	@ (80014c4 <main+0x124>)
 8001430:	f000 fa1b 	bl	800186a <HAL_GPIO_TogglePin>
    HAL_Delay(100);
 8001434:	2064      	movs	r0, #100	@ 0x64
 8001436:	f000 f8a5 	bl	8001584 <HAL_Delay>
    if (ICM42688_ReadOnce(&icm, &imu_data) == 0) {
 800143a:	4923      	ldr	r1, [pc, #140]	@ (80014c8 <main+0x128>)
 800143c:	481e      	ldr	r0, [pc, #120]	@ (80014b8 <main+0x118>)
 800143e:	f7ff fdc5 	bl	8000fcc <ICM42688_ReadOnce>
 8001442:	2800      	cmp	r0, #0
 8001444:	d1f1      	bne.n	800142a <main+0x8a>
          imu_data.acc_x, imu_data.acc_y, imu_data.acc_z, imu_data.gyr_x,
 8001446:	4b20      	ldr	r3, [pc, #128]	@ (80014c8 <main+0x128>)
 8001448:	681d      	ldr	r5, [r3, #0]
 800144a:	685e      	ldr	r6, [r3, #4]
 800144c:	689f      	ldr	r7, [r3, #8]
 800144e:	f8d3 800c 	ldr.w	r8, [r3, #12]
          imu_data.gyr_y, imu_data.gyr_z, imu_data.temp_c);
 8001452:	f8d3 9010 	ldr.w	r9, [r3, #16]
 8001456:	f8d3 a014 	ldr.w	sl, [r3, #20]
      int len = snprintf(
 800145a:	4c1c      	ldr	r4, [pc, #112]	@ (80014cc <main+0x12c>)
 800145c:	6998      	ldr	r0, [r3, #24]
 800145e:	f7ff f82b 	bl	80004b8 <__aeabi_f2d>
 8001462:	e9cd 010c 	strd	r0, r1, [sp, #48]	@ 0x30
 8001466:	4650      	mov	r0, sl
 8001468:	f7ff f826 	bl	80004b8 <__aeabi_f2d>
 800146c:	e9cd 010a 	strd	r0, r1, [sp, #40]	@ 0x28
 8001470:	4648      	mov	r0, r9
 8001472:	f7ff f821 	bl	80004b8 <__aeabi_f2d>
 8001476:	e9cd 0108 	strd	r0, r1, [sp, #32]
 800147a:	4640      	mov	r0, r8
 800147c:	f7ff f81c 	bl	80004b8 <__aeabi_f2d>
 8001480:	e9cd 0106 	strd	r0, r1, [sp, #24]
 8001484:	4638      	mov	r0, r7
 8001486:	f7ff f817 	bl	80004b8 <__aeabi_f2d>
 800148a:	e9cd 0104 	strd	r0, r1, [sp, #16]
 800148e:	4630      	mov	r0, r6
 8001490:	f7ff f812 	bl	80004b8 <__aeabi_f2d>
 8001494:	e9cd 0102 	strd	r0, r1, [sp, #8]
 8001498:	4628      	mov	r0, r5
 800149a:	f7ff f80d 	bl	80004b8 <__aeabi_f2d>
 800149e:	e9cd 0100 	strd	r0, r1, [sp]
 80014a2:	4a0b      	ldr	r2, [pc, #44]	@ (80014d0 <main+0x130>)
 80014a4:	f44f 7180 	mov.w	r1, #256	@ 0x100
 80014a8:	4620      	mov	r0, r4
 80014aa:	f005 ffa3 	bl	80073f4 <sniprintf>
      CDC_Transmit_FS((uint8_t *)serial_buf, len);
 80014ae:	b281      	uxth	r1, r0
 80014b0:	4620      	mov	r0, r4
 80014b2:	f004 fa27 	bl	8005904 <CDC_Transmit_FS>
 80014b6:	e7b8      	b.n	800142a <main+0x8a>
 80014b8:	20000404 	.word	0x20000404
 80014bc:	2000041c 	.word	0x2000041c
 80014c0:	48000c00 	.word	0x48000c00
 80014c4:	48000800 	.word	0x48000800
 80014c8:	200003e8 	.word	0x200003e8
 80014cc:	200002e8 	.word	0x200002e8
 80014d0:	080096e4 	.word	0x080096e4

080014d4 <HAL_InitTick>:
  */
__weak HAL_StatusTypeDef HAL_InitTick(uint32_t TickPriority)
{
  HAL_StatusTypeDef  status = HAL_OK;

  if ((uint32_t)uwTickFreq != 0U)
 80014d4:	4b11      	ldr	r3, [pc, #68]	@ (800151c <HAL_InitTick+0x48>)
 80014d6:	781b      	ldrb	r3, [r3, #0]
 80014d8:	b90b      	cbnz	r3, 80014de <HAL_InitTick+0xa>
      status = HAL_ERROR;
    }
  }
  else
  {
    status = HAL_ERROR;
 80014da:	2001      	movs	r0, #1
  }

  /* Return function status */
  return status;
}
 80014dc:	4770      	bx	lr
{
 80014de:	b510      	push	{r4, lr}
 80014e0:	4604      	mov	r4, r0
    if (HAL_SYSTICK_Config(HAL_RCC_GetHCLKFreq() / (1000U / (uint32_t)uwTickFreq)) == 0U)
 80014e2:	f001 fc17 	bl	8002d14 <HAL_RCC_GetHCLKFreq>
 80014e6:	4b0d      	ldr	r3, [pc, #52]	@ (800151c <HAL_InitTick+0x48>)
 80014e8:	781a      	ldrb	r2, [r3, #0]
 80014ea:	f44f 737a 	mov.w	r3, #1000	@ 0x3e8
 80014ee:	fbb3 f3f2 	udiv	r3, r3, r2
 80014f2:	fbb0 f0f3 	udiv	r0, r0, r3
 80014f6:	f000 f8c5 	bl	8001684 <HAL_SYSTICK_Config>
 80014fa:	b968      	cbnz	r0, 8001518 <HAL_InitTick+0x44>
      if (TickPriority < (1UL << __NVIC_PRIO_BITS))
 80014fc:	2c0f      	cmp	r4, #15
 80014fe:	d901      	bls.n	8001504 <HAL_InitTick+0x30>
        status = HAL_ERROR;
 8001500:	2001      	movs	r0, #1
 8001502:	e00a      	b.n	800151a <HAL_InitTick+0x46>
        HAL_NVIC_SetPriority(SysTick_IRQn, TickPriority, 0U);
 8001504:	4602      	mov	r2, r0
 8001506:	4621      	mov	r1, r4
 8001508:	f04f 30ff 	mov.w	r0, #4294967295	@ 0xffffffff
 800150c:	f000 f8a6 	bl	800165c <HAL_NVIC_SetPriority>
        uwTickPrio = TickPriority;
 8001510:	4b03      	ldr	r3, [pc, #12]	@ (8001520 <HAL_InitTick+0x4c>)
 8001512:	601c      	str	r4, [r3, #0]
  HAL_StatusTypeDef  status = HAL_OK;
 8001514:	2000      	movs	r0, #0
 8001516:	e000      	b.n	800151a <HAL_InitTick+0x46>
      status = HAL_ERROR;
 8001518:	2001      	movs	r0, #1
}
 800151a:	bd10      	pop	{r4, pc}
 800151c:	20000008 	.word	0x20000008
 8001520:	2000000c 	.word	0x2000000c

08001524 <HAL_Init>:
{
 8001524:	b510      	push	{r4, lr}
  __HAL_FLASH_PREFETCH_BUFFER_ENABLE();
 8001526:	4a0a      	ldr	r2, [pc, #40]	@ (8001550 <HAL_Init+0x2c>)
 8001528:	6813      	ldr	r3, [r2, #0]
 800152a:	f443 7380 	orr.w	r3, r3, #256	@ 0x100
 800152e:	6013      	str	r3, [r2, #0]
  HAL_NVIC_SetPriorityGrouping(NVIC_PRIORITYGROUP_4);
 8001530:	2003      	movs	r0, #3
 8001532:	f000 f881 	bl	8001638 <HAL_NVIC_SetPriorityGrouping>
  if (HAL_InitTick(TICK_INT_PRIORITY) != HAL_OK)
 8001536:	200f      	movs	r0, #15
 8001538:	f7ff ffcc 	bl	80014d4 <HAL_InitTick>
 800153c:	b118      	cbz	r0, 8001546 <HAL_Init+0x22>
    status = HAL_ERROR;
 800153e:	2301      	movs	r3, #1
 8001540:	461c      	mov	r4, r3
}
 8001542:	4620      	mov	r0, r4
 8001544:	bd10      	pop	{r4, pc}
 8001546:	4604      	mov	r4, r0
    HAL_MspInit();
 8001548:	f000 fa54 	bl	80019f4 <HAL_MspInit>
 800154c:	e7f9      	b.n	8001542 <HAL_Init+0x1e>
 800154e:	bf00      	nop
 8001550:	58004000 	.word	0x58004000

08001554 <HAL_IncTick>:
  *      implementations in user file.
  * @retval None
  */
__weak void HAL_IncTick(void)
{
  uwTick += (uint32_t)uwTickFreq;
 8001554:	4b03      	ldr	r3, [pc, #12]	@ (8001564 <HAL_IncTick+0x10>)
 8001556:	781b      	ldrb	r3, [r3, #0]
 8001558:	4a03      	ldr	r2, [pc, #12]	@ (8001568 <HAL_IncTick+0x14>)
 800155a:	6811      	ldr	r1, [r2, #0]
 800155c:	440b      	add	r3, r1
 800155e:	6013      	str	r3, [r2, #0]
}
 8001560:	4770      	bx	lr
 8001562:	bf00      	nop
 8001564:	20000008 	.word	0x20000008
 8001568:	200004d4 	.word	0x200004d4

0800156c <HAL_GetTick>:
  *       implementations in user file.
  * @retval tick value
  */
__weak uint32_t HAL_GetTick(void)
{
  return uwTick;
 800156c:	4b01      	ldr	r3, [pc, #4]	@ (8001574 <HAL_GetTick+0x8>)
 800156e:	6818      	ldr	r0, [r3, #0]
}
 8001570:	4770      	bx	lr
 8001572:	bf00      	nop
 8001574:	200004d4 	.word	0x200004d4

08001578 <HAL_GetTickPrio>:
  * @retval tick priority
  */
uint32_t HAL_GetTickPrio(void)
{
  return uwTickPrio;
}
 8001578:	4b01      	ldr	r3, [pc, #4]	@ (8001580 <HAL_GetTickPrio+0x8>)
 800157a:	6818      	ldr	r0, [r3, #0]
 800157c:	4770      	bx	lr
 800157e:	bf00      	nop
 8001580:	2000000c 	.word	0x2000000c

08001584 <HAL_Delay>:
  *       implementations in user file.
  * @param Delay  specifies the delay time length, in milliseconds.
  * @retval None
  */
__weak void HAL_Delay(uint32_t Delay)
{
 8001584:	b538      	push	{r3, r4, r5, lr}
 8001586:	4604      	mov	r4, r0
  uint32_t tickstart = HAL_GetTick();
 8001588:	f7ff fff0 	bl	800156c <HAL_GetTick>
 800158c:	4605      	mov	r5, r0
  uint32_t wait = Delay;

  /* Add a freq to guarantee minimum wait */
  if (wait < HAL_MAX_DELAY)
 800158e:	f1b4 3fff 	cmp.w	r4, #4294967295	@ 0xffffffff
 8001592:	d002      	beq.n	800159a <HAL_Delay+0x16>
  {
    wait += (uint32_t)(uwTickFreq);
 8001594:	4b04      	ldr	r3, [pc, #16]	@ (80015a8 <HAL_Delay+0x24>)
 8001596:	781b      	ldrb	r3, [r3, #0]
 8001598:	441c      	add	r4, r3
  }

  while ((HAL_GetTick() - tickstart) < wait)
 800159a:	f7ff ffe7 	bl	800156c <HAL_GetTick>
 800159e:	1b40      	subs	r0, r0, r5
 80015a0:	42a0      	cmp	r0, r4
 80015a2:	d3fa      	bcc.n	800159a <HAL_Delay+0x16>
  {
  }
}
 80015a4:	bd38      	pop	{r3, r4, r5, pc}
 80015a6:	bf00      	nop
 80015a8:	20000008 	.word	0x20000008

080015ac <__NVIC_EnableIRQ>:
  \param [in]      IRQn  Device specific interrupt number.
  \note    IRQn must not be negative.
 */
__STATIC_INLINE void __NVIC_EnableIRQ(IRQn_Type IRQn)
{
  if ((int32_t)(IRQn) >= 0)
 80015ac:	2800      	cmp	r0, #0
 80015ae:	db07      	blt.n	80015c0 <__NVIC_EnableIRQ+0x14>
  {
    __COMPILER_BARRIER();
    NVIC->ISER[(((uint32_t)IRQn) >> 5UL)] = (uint32_t)(1UL << (((uint32_t)IRQn) & 0x1FUL));
 80015b0:	f000 021f 	and.w	r2, r0, #31
 80015b4:	0940      	lsrs	r0, r0, #5
 80015b6:	2301      	movs	r3, #1
 80015b8:	4093      	lsls	r3, r2
 80015ba:	4a02      	ldr	r2, [pc, #8]	@ (80015c4 <__NVIC_EnableIRQ+0x18>)
 80015bc:	f842 3020 	str.w	r3, [r2, r0, lsl #2]
    __COMPILER_BARRIER();
  }
}
 80015c0:	4770      	bx	lr
 80015c2:	bf00      	nop
 80015c4:	e000e100 	.word	0xe000e100

080015c8 <__NVIC_SetPriority>:
  \param [in]  priority  Priority to set.
  \note    The priority cannot be set for every processor exception.
 */
__STATIC_INLINE void __NVIC_SetPriority(IRQn_Type IRQn, uint32_t priority)
{
  if ((int32_t)(IRQn) >= 0)
 80015c8:	2800      	cmp	r0, #0
 80015ca:	db08      	blt.n	80015de <__NVIC_SetPriority+0x16>
  {
    NVIC->IP[((uint32_t)IRQn)]               = (uint8_t)((priority << (8U - __NVIC_PRIO_BITS)) & (uint32_t)0xFFUL);
 80015cc:	0109      	lsls	r1, r1, #4
 80015ce:	b2c9      	uxtb	r1, r1
 80015d0:	f100 4060 	add.w	r0, r0, #3758096384	@ 0xe0000000
 80015d4:	f500 4061 	add.w	r0, r0, #57600	@ 0xe100
 80015d8:	f880 1300 	strb.w	r1, [r0, #768]	@ 0x300
 80015dc:	4770      	bx	lr
  }
  else
  {
    SCB->SHP[(((uint32_t)IRQn) & 0xFUL)-4UL] = (uint8_t)((priority << (8U - __NVIC_PRIO_BITS)) & (uint32_t)0xFFUL);
 80015de:	f000 000f 	and.w	r0, r0, #15
 80015e2:	0109      	lsls	r1, r1, #4
 80015e4:	b2c9      	uxtb	r1, r1
 80015e6:	4b01      	ldr	r3, [pc, #4]	@ (80015ec <__NVIC_SetPriority+0x24>)
 80015e8:	5419      	strb	r1, [r3, r0]
  }
}
 80015ea:	4770      	bx	lr
 80015ec:	e000ed14 	.word	0xe000ed14

080015f0 <NVIC_EncodePriority>:
  \param [in]   PreemptPriority  Preemptive priority value (starting from 0).
  \param [in]       SubPriority  Subpriority value (starting from 0).
  \return                        Encoded priority. Value can be used in the function \ref NVIC_SetPriority().
 */
__STATIC_INLINE uint32_t NVIC_EncodePriority (uint32_t PriorityGroup, uint32_t PreemptPriority, uint32_t SubPriority)
{
 80015f0:	b500      	push	{lr}
  uint32_t PriorityGroupTmp = (PriorityGroup & (uint32_t)0x07UL);   /* only values 0..7 are used          */
 80015f2:	f000 0007 	and.w	r0, r0, #7
  uint32_t PreemptPriorityBits;
  uint32_t SubPriorityBits;

  PreemptPriorityBits = ((7UL - PriorityGroupTmp) > (uint32_t)(__NVIC_PRIO_BITS)) ? (uint32_t)(__NVIC_PRIO_BITS) : (uint32_t)(7UL - PriorityGroupTmp);
 80015f6:	f1a0 0c03 	sub.w	ip, r0, #3
 80015fa:	f1bc 0f04 	cmp.w	ip, #4
 80015fe:	d807      	bhi.n	8001610 <NVIC_EncodePriority+0x20>
 8001600:	f1c0 0e07 	rsb	lr, r0, #7
  SubPriorityBits     = ((PriorityGroupTmp + (uint32_t)(__NVIC_PRIO_BITS)) < (uint32_t)7UL) ? (uint32_t)0UL : (uint32_t)((PriorityGroupTmp - 7UL) + (uint32_t)(__NVIC_PRIO_BITS));
 8001604:	3004      	adds	r0, #4
 8001606:	2806      	cmp	r0, #6
 8001608:	d806      	bhi.n	8001618 <NVIC_EncodePriority+0x28>
 800160a:	f04f 0c00 	mov.w	ip, #0
 800160e:	e003      	b.n	8001618 <NVIC_EncodePriority+0x28>
  PreemptPriorityBits = ((7UL - PriorityGroupTmp) > (uint32_t)(__NVIC_PRIO_BITS)) ? (uint32_t)(__NVIC_PRIO_BITS) : (uint32_t)(7UL - PriorityGroupTmp);
 8001610:	f04f 0e04 	mov.w	lr, #4
  SubPriorityBits     = ((PriorityGroupTmp + (uint32_t)(__NVIC_PRIO_BITS)) < (uint32_t)7UL) ? (uint32_t)0UL : (uint32_t)((PriorityGroupTmp - 7UL) + (uint32_t)(__NVIC_PRIO_BITS));
 8001614:	f04f 0c00 	mov.w	ip, #0

  return (
           ((PreemptPriority & (uint32_t)((1UL << (PreemptPriorityBits)) - 1UL)) << SubPriorityBits) |
 8001618:	f04f 33ff 	mov.w	r3, #4294967295	@ 0xffffffff
 800161c:	fa03 f00e 	lsl.w	r0, r3, lr
 8001620:	ea21 0100 	bic.w	r1, r1, r0
 8001624:	fa01 f10c 	lsl.w	r1, r1, ip
           ((SubPriority     & (uint32_t)((1UL << (SubPriorityBits    )) - 1UL)))
 8001628:	fa03 f30c 	lsl.w	r3, r3, ip
 800162c:	ea22 0203 	bic.w	r2, r2, r3
         );
}
 8001630:	ea41 0002 	orr.w	r0, r1, r2
 8001634:	bd00      	pop	{pc}
	...

08001638 <HAL_NVIC_SetPriorityGrouping>:
  reg_value  =  SCB->AIRCR;                                                   /* read old register configuration    */
 8001638:	4a07      	ldr	r2, [pc, #28]	@ (8001658 <HAL_NVIC_SetPriorityGrouping+0x20>)
 800163a:	68d3      	ldr	r3, [r2, #12]
  reg_value &= ~((uint32_t)(SCB_AIRCR_VECTKEY_Msk | SCB_AIRCR_PRIGROUP_Msk)); /* clear bits to change               */
 800163c:	f423 63e0 	bic.w	r3, r3, #1792	@ 0x700
 8001640:	041b      	lsls	r3, r3, #16
 8001642:	0c1b      	lsrs	r3, r3, #16
                (PriorityGroupTmp << SCB_AIRCR_PRIGROUP_Pos)  );              /* Insert write key and priority group */
 8001644:	0200      	lsls	r0, r0, #8
 8001646:	f400 60e0 	and.w	r0, r0, #1792	@ 0x700
                ((uint32_t)0x5FAUL << SCB_AIRCR_VECTKEY_Pos) |
 800164a:	4303      	orrs	r3, r0
  reg_value  =  (reg_value                                   |
 800164c:	f043 63bf 	orr.w	r3, r3, #100139008	@ 0x5f80000
 8001650:	f443 3300 	orr.w	r3, r3, #131072	@ 0x20000
  SCB->AIRCR =  reg_value;
 8001654:	60d3      	str	r3, [r2, #12]
  /* Check the parameters */
  assert_param(IS_NVIC_PRIORITY_GROUP(PriorityGroup));

  /* Set the PRIGROUP[10:8] bits according to the PriorityGroup parameter value */
  NVIC_SetPriorityGrouping(PriorityGroup);
}
 8001656:	4770      	bx	lr
 8001658:	e000ed00 	.word	0xe000ed00

0800165c <HAL_NVIC_SetPriority>:
  *         This parameter can be a value between 0 and 15
  *         A lower priority value indicates a higher priority.
  * @retval None
  */
void HAL_NVIC_SetPriority(IRQn_Type IRQn, uint32_t PreemptPriority, uint32_t SubPriority)
{
 800165c:	b510      	push	{r4, lr}
 800165e:	4604      	mov	r4, r0
  return ((uint32_t)((SCB->AIRCR & SCB_AIRCR_PRIGROUP_Msk) >> SCB_AIRCR_PRIGROUP_Pos));
 8001660:	4b05      	ldr	r3, [pc, #20]	@ (8001678 <HAL_NVIC_SetPriority+0x1c>)
 8001662:	68d8      	ldr	r0, [r3, #12]
  assert_param(IS_NVIC_SUB_PRIORITY(SubPriority));
  assert_param(IS_NVIC_PREEMPTION_PRIORITY(PreemptPriority));

  prioritygroup = NVIC_GetPriorityGrouping();

  NVIC_SetPriority(IRQn, NVIC_EncodePriority(prioritygroup, PreemptPriority, SubPriority));
 8001664:	f3c0 2002 	ubfx	r0, r0, #8, #3
 8001668:	f7ff ffc2 	bl	80015f0 <NVIC_EncodePriority>
 800166c:	4601      	mov	r1, r0
 800166e:	4620      	mov	r0, r4
 8001670:	f7ff ffaa 	bl	80015c8 <__NVIC_SetPriority>
}
 8001674:	bd10      	pop	{r4, pc}
 8001676:	bf00      	nop
 8001678:	e000ed00 	.word	0xe000ed00

0800167c <HAL_NVIC_EnableIRQ>:
  *         This parameter can be an enumerator of IRQn_Type enumeration
  *         (For the complete STM32 Devices IRQ Channels list, please refer to the appropriate CMSIS device file (stm32wbxxxx.h))
  * @retval None
  */
void HAL_NVIC_EnableIRQ(IRQn_Type IRQn)
{
 800167c:	b508      	push	{r3, lr}
  /* Check the parameters */
  assert_param(IS_NVIC_DEVICE_IRQ(IRQn));

  /* Enable interrupt */
  NVIC_EnableIRQ(IRQn);
 800167e:	f7ff ff95 	bl	80015ac <__NVIC_EnableIRQ>
}
 8001682:	bd08      	pop	{r3, pc}

08001684 <HAL_SYSTICK_Config>:
           function <b>SysTick_Config</b> is not included. In this case, the file <b><i>device</i>.h</b>
           must contain a vendor-specific implementation of this function.
 */
__STATIC_INLINE uint32_t SysTick_Config(uint32_t ticks)
{
  if ((ticks - 1UL) > SysTick_LOAD_RELOAD_Msk)
 8001684:	3801      	subs	r0, #1
 8001686:	f1b0 7f80 	cmp.w	r0, #16777216	@ 0x1000000
 800168a:	d20b      	bcs.n	80016a4 <HAL_SYSTICK_Config+0x20>
  {
    return (1UL);                                                   /* Reload value impossible */
  }

  SysTick->LOAD  = (uint32_t)(ticks - 1UL);                         /* set reload register */
 800168c:	f04f 23e0 	mov.w	r3, #3758153728	@ 0xe000e000
 8001690:	6158      	str	r0, [r3, #20]
    SCB->SHP[(((uint32_t)IRQn) & 0xFUL)-4UL] = (uint8_t)((priority << (8U - __NVIC_PRIO_BITS)) & (uint32_t)0xFFUL);
 8001692:	4a05      	ldr	r2, [pc, #20]	@ (80016a8 <HAL_SYSTICK_Config+0x24>)
 8001694:	21f0      	movs	r1, #240	@ 0xf0
 8001696:	f882 1023 	strb.w	r1, [r2, #35]	@ 0x23
  NVIC_SetPriority (SysTick_IRQn, (1UL << __NVIC_PRIO_BITS) - 1UL); /* set Priority for Systick Interrupt */
  SysTick->VAL   = 0UL;                                             /* Load the SysTick Counter Value */
 800169a:	2000      	movs	r0, #0
 800169c:	6198      	str	r0, [r3, #24]
  SysTick->CTRL  = SysTick_CTRL_CLKSOURCE_Msk |
 800169e:	2207      	movs	r2, #7
 80016a0:	611a      	str	r2, [r3, #16]
                   SysTick_CTRL_TICKINT_Msk   |
                   SysTick_CTRL_ENABLE_Msk;                         /* Enable SysTick IRQ and SysTick Timer */
  return (0UL);                                                     /* Function successful */
 80016a2:	4770      	bx	lr
    return (1UL);                                                   /* Reload value impossible */
 80016a4:	2001      	movs	r0, #1
  *                  - 1  Function failed.
  */
uint32_t HAL_SYSTICK_Config(uint32_t TicksNumb)
{
  return SysTick_Config(TicksNumb);
}
 80016a6:	4770      	bx	lr
 80016a8:	e000ed00 	.word	0xe000ed00

080016ac <HAL_GPIO_Init>:
  * @param GPIO_Init pointer to a GPIO_InitTypeDef structure that contains
  *         the configuration information for the specified GPIO peripheral.
  * @retval None
  */
void HAL_GPIO_Init(GPIO_TypeDef  *GPIOx, const GPIO_InitTypeDef *GPIO_Init)
{
 80016ac:	b570      	push	{r4, r5, r6, lr}
 80016ae:	4686      	mov	lr, r0
  uint32_t position = 0x00UL;
 80016b0:	2300      	movs	r3, #0
  assert_param(IS_GPIO_PIN(GPIO_Init->Pin));
  assert_param(IS_GPIO_MODE(GPIO_Init->Mode));
  assert_param(IS_GPIO_PULL(GPIO_Init->Pull));

  /* Configure the port pins */
  while (((GPIO_Init->Pin) >> position) != 0x00u)
 80016b2:	e067      	b.n	8001784 <HAL_GPIO_Init+0xd8>
      if (((GPIO_Init->Mode & GPIO_MODE) == MODE_OUTPUT) || ((GPIO_Init->Mode & GPIO_MODE) == MODE_AF))
      {
        /* Check the Speed parameter */
        assert_param(IS_GPIO_SPEED(GPIO_Init->Speed));
        /* Configure the IO Speed */
        temp = GPIOx->OSPEEDR;
 80016b4:	f8de 4008 	ldr.w	r4, [lr, #8]
        temp &= ~(GPIO_OSPEEDR_OSPEED0 << (position * 2u));
 80016b8:	005d      	lsls	r5, r3, #1
 80016ba:	2003      	movs	r0, #3
 80016bc:	40a8      	lsls	r0, r5
 80016be:	ea24 0400 	bic.w	r4, r4, r0
        temp |= (GPIO_Init->Speed << (position * 2u));
 80016c2:	68c8      	ldr	r0, [r1, #12]
 80016c4:	40a8      	lsls	r0, r5
 80016c6:	4320      	orrs	r0, r4
        GPIOx->OSPEEDR = temp;
 80016c8:	f8ce 0008 	str.w	r0, [lr, #8]

        /* Configure the IO Output Type */
        temp = GPIOx->OTYPER;
 80016cc:	f8de 4004 	ldr.w	r4, [lr, #4]
        temp &= ~(GPIO_OTYPER_OT0 << position) ;
 80016d0:	ea24 040c 	bic.w	r4, r4, ip
        temp |= (((GPIO_Init->Mode & OUTPUT_TYPE) >> OUTPUT_TYPE_Pos) << position);
 80016d4:	6848      	ldr	r0, [r1, #4]
 80016d6:	f3c0 1000 	ubfx	r0, r0, #4, #1
 80016da:	4098      	lsls	r0, r3
 80016dc:	4320      	orrs	r0, r4
        GPIOx->OTYPER = temp;
 80016de:	f8ce 0004 	str.w	r0, [lr, #4]
 80016e2:	e060      	b.n	80017a6 <HAL_GPIO_Init+0xfa>
        /* Check the Alternate function parameters */
        assert_param(IS_GPIO_AF_INSTANCE(GPIOx));
        assert_param(IS_GPIO_AF(GPIO_Init->Alternate));

        /* Configure Alternate function mapped with the current IO */
        temp = GPIOx->AFR[position >> 3u];
 80016e4:	08dc      	lsrs	r4, r3, #3
 80016e6:	3408      	adds	r4, #8
 80016e8:	f85e 0024 	ldr.w	r0, [lr, r4, lsl #2]
        temp &= ~(0xFUL << ((position & 0x07UL) * 4UL));
 80016ec:	f003 0507 	and.w	r5, r3, #7
 80016f0:	00ad      	lsls	r5, r5, #2
 80016f2:	f04f 0c0f 	mov.w	ip, #15
 80016f6:	fa0c fc05 	lsl.w	ip, ip, r5
 80016fa:	ea20 0c0c 	bic.w	ip, r0, ip
        temp |= ((GPIO_Init->Alternate) << ((position & 0x07u) * 4u));
 80016fe:	6908      	ldr	r0, [r1, #16]
 8001700:	40a8      	lsls	r0, r5
 8001702:	ea40 000c 	orr.w	r0, r0, ip
        GPIOx->AFR[position >> 3u] = temp;
 8001706:	f84e 0024 	str.w	r0, [lr, r4, lsl #2]
 800170a:	e062      	b.n	80017d2 <HAL_GPIO_Init+0x126>
      /* Configure the External Interrupt or event for the current IO */
      if ((GPIO_Init->Mode & EXTI_MODE) != 0x00u)
      {
        temp = SYSCFG->EXTICR[position >> 2u];
        temp &= ~(0x0FuL << (4u * (position & 0x03u)));
        temp |= (GPIO_GET_INDEX(GPIOx) << (4u * (position & 0x03u)));
 800170c:	2004      	movs	r0, #4
 800170e:	e000      	b.n	8001712 <HAL_GPIO_Init+0x66>
 8001710:	2000      	movs	r0, #0
 8001712:	fa00 f00c 	lsl.w	r0, r0, ip
 8001716:	4328      	orrs	r0, r5
        SYSCFG->EXTICR[position >> 2u] = temp;
 8001718:	3402      	adds	r4, #2
 800171a:	4d4e      	ldr	r5, [pc, #312]	@ (8001854 <HAL_GPIO_Init+0x1a8>)
 800171c:	f845 0024 	str.w	r0, [r5, r4, lsl #2]

        /* Clear Rising Falling edge configuration */
        temp = EXTI->RTSR1;
 8001720:	484d      	ldr	r0, [pc, #308]	@ (8001858 <HAL_GPIO_Init+0x1ac>)
 8001722:	6804      	ldr	r4, [r0, #0]
        temp &= ~(iocurrent);
 8001724:	43d0      	mvns	r0, r2
 8001726:	ea24 0502 	bic.w	r5, r4, r2
        if ((GPIO_Init->Mode & TRIGGER_RISING) != 0x00u)
 800172a:	684e      	ldr	r6, [r1, #4]
 800172c:	f416 1f80 	tst.w	r6, #1048576	@ 0x100000
 8001730:	d001      	beq.n	8001736 <HAL_GPIO_Init+0x8a>
        {
          temp |= iocurrent;
 8001732:	ea42 0504 	orr.w	r5, r2, r4
        }
        EXTI->RTSR1 = temp;
 8001736:	4c48      	ldr	r4, [pc, #288]	@ (8001858 <HAL_GPIO_Init+0x1ac>)
 8001738:	6025      	str	r5, [r4, #0]

        temp = EXTI->FTSR1;
 800173a:	6864      	ldr	r4, [r4, #4]
        temp &= ~(iocurrent);
 800173c:	ea00 0504 	and.w	r5, r0, r4
        if ((GPIO_Init->Mode & TRIGGER_FALLING) != 0x00u)
 8001740:	684e      	ldr	r6, [r1, #4]
 8001742:	f416 1f00 	tst.w	r6, #2097152	@ 0x200000
 8001746:	d001      	beq.n	800174c <HAL_GPIO_Init+0xa0>
        {
          temp |= iocurrent;
 8001748:	ea42 0504 	orr.w	r5, r2, r4
        }
        EXTI->FTSR1 = temp;
 800174c:	4c42      	ldr	r4, [pc, #264]	@ (8001858 <HAL_GPIO_Init+0x1ac>)
 800174e:	6065      	str	r5, [r4, #4]

        /* Clear EXTI line configuration */
        temp = EXTI->IMR1;
 8001750:	f8d4 4080 	ldr.w	r4, [r4, #128]	@ 0x80
        temp &= ~(iocurrent);
 8001754:	ea00 0504 	and.w	r5, r0, r4
        if ((GPIO_Init->Mode & EXTI_IT) != 0x00u)
 8001758:	684e      	ldr	r6, [r1, #4]
 800175a:	f416 3f80 	tst.w	r6, #65536	@ 0x10000
 800175e:	d001      	beq.n	8001764 <HAL_GPIO_Init+0xb8>
        {
          temp |= iocurrent;
 8001760:	ea42 0504 	orr.w	r5, r2, r4
        }
        EXTI->IMR1 = temp;
 8001764:	4c3c      	ldr	r4, [pc, #240]	@ (8001858 <HAL_GPIO_Init+0x1ac>)
 8001766:	f8c4 5080 	str.w	r5, [r4, #128]	@ 0x80

        temp = EXTI->EMR1;
 800176a:	f8d4 4084 	ldr.w	r4, [r4, #132]	@ 0x84
        temp &= ~(iocurrent);
 800176e:	4020      	ands	r0, r4
        if ((GPIO_Init->Mode & EXTI_EVT) != 0x00u)
 8001770:	684d      	ldr	r5, [r1, #4]
 8001772:	f415 3f00 	tst.w	r5, #131072	@ 0x20000
 8001776:	d001      	beq.n	800177c <HAL_GPIO_Init+0xd0>
        {
          temp |= iocurrent;
 8001778:	ea42 0004 	orr.w	r0, r2, r4
        }
        EXTI->EMR1 = temp;
 800177c:	4a36      	ldr	r2, [pc, #216]	@ (8001858 <HAL_GPIO_Init+0x1ac>)
 800177e:	f8c2 0084 	str.w	r0, [r2, #132]	@ 0x84
      }
    }

    position++;
 8001782:	3301      	adds	r3, #1
  while (((GPIO_Init->Pin) >> position) != 0x00u)
 8001784:	680a      	ldr	r2, [r1, #0]
 8001786:	fa32 f003 	lsrs.w	r0, r2, r3
 800178a:	d061      	beq.n	8001850 <HAL_GPIO_Init+0x1a4>
    iocurrent = (GPIO_Init->Pin) & (1uL << position);
 800178c:	f04f 0c01 	mov.w	ip, #1
 8001790:	fa0c fc03 	lsl.w	ip, ip, r3
    if (iocurrent != 0x00u)
 8001794:	ea1c 0202 	ands.w	r2, ip, r2
 8001798:	d0f3      	beq.n	8001782 <HAL_GPIO_Init+0xd6>
      if (((GPIO_Init->Mode & GPIO_MODE) == MODE_OUTPUT) || ((GPIO_Init->Mode & GPIO_MODE) == MODE_AF))
 800179a:	6848      	ldr	r0, [r1, #4]
 800179c:	f000 0003 	and.w	r0, r0, #3
 80017a0:	3801      	subs	r0, #1
 80017a2:	2801      	cmp	r0, #1
 80017a4:	d986      	bls.n	80016b4 <HAL_GPIO_Init+0x8>
      if ((GPIO_Init->Mode & GPIO_MODE) != MODE_ANALOG)
 80017a6:	6848      	ldr	r0, [r1, #4]
 80017a8:	f000 0003 	and.w	r0, r0, #3
 80017ac:	2803      	cmp	r0, #3
 80017ae:	d00b      	beq.n	80017c8 <HAL_GPIO_Init+0x11c>
        temp = GPIOx->PUPDR;
 80017b0:	f8de 400c 	ldr.w	r4, [lr, #12]
        temp &= ~(GPIO_PUPDR_PUPD0 << (position * 2U));
 80017b4:	005d      	lsls	r5, r3, #1
 80017b6:	2003      	movs	r0, #3
 80017b8:	40a8      	lsls	r0, r5
 80017ba:	ea24 0400 	bic.w	r4, r4, r0
        temp |= ((GPIO_Init->Pull) << (position * 2U));
 80017be:	6888      	ldr	r0, [r1, #8]
 80017c0:	40a8      	lsls	r0, r5
 80017c2:	4320      	orrs	r0, r4
        GPIOx->PUPDR = temp;
 80017c4:	f8ce 000c 	str.w	r0, [lr, #12]
      if ((GPIO_Init->Mode & GPIO_MODE) == MODE_AF)
 80017c8:	6848      	ldr	r0, [r1, #4]
 80017ca:	f000 0003 	and.w	r0, r0, #3
 80017ce:	2802      	cmp	r0, #2
 80017d0:	d088      	beq.n	80016e4 <HAL_GPIO_Init+0x38>
      temp = GPIOx->MODER;
 80017d2:	f8de 0000 	ldr.w	r0, [lr]
      temp &= ~(GPIO_MODER_MODE0 << (position * 2u));
 80017d6:	005c      	lsls	r4, r3, #1
 80017d8:	f04f 0c03 	mov.w	ip, #3
 80017dc:	fa0c fc04 	lsl.w	ip, ip, r4
 80017e0:	ea20 0c0c 	bic.w	ip, r0, ip
      temp |= ((GPIO_Init->Mode & GPIO_MODE) << (position * 2u));
 80017e4:	6848      	ldr	r0, [r1, #4]
 80017e6:	f000 0003 	and.w	r0, r0, #3
 80017ea:	40a0      	lsls	r0, r4
 80017ec:	ea40 000c 	orr.w	r0, r0, ip
      GPIOx->MODER = temp;
 80017f0:	f8ce 0000 	str.w	r0, [lr]
      if ((GPIO_Init->Mode & EXTI_MODE) != 0x00u)
 80017f4:	6848      	ldr	r0, [r1, #4]
 80017f6:	f410 3f40 	tst.w	r0, #196608	@ 0x30000
 80017fa:	d0c2      	beq.n	8001782 <HAL_GPIO_Init+0xd6>
        temp = SYSCFG->EXTICR[position >> 2u];
 80017fc:	089c      	lsrs	r4, r3, #2
 80017fe:	1ca5      	adds	r5, r4, #2
 8001800:	4814      	ldr	r0, [pc, #80]	@ (8001854 <HAL_GPIO_Init+0x1a8>)
 8001802:	f850 5025 	ldr.w	r5, [r0, r5, lsl #2]
        temp &= ~(0x0FuL << (4u * (position & 0x03u)));
 8001806:	f003 0c03 	and.w	ip, r3, #3
 800180a:	ea4f 0c8c 	mov.w	ip, ip, lsl #2
 800180e:	200f      	movs	r0, #15
 8001810:	fa00 f00c 	lsl.w	r0, r0, ip
 8001814:	ea25 0500 	bic.w	r5, r5, r0
        temp |= (GPIO_GET_INDEX(GPIOx) << (4u * (position & 0x03u)));
 8001818:	f1be 4f90 	cmp.w	lr, #1207959552	@ 0x48000000
 800181c:	f43f af78 	beq.w	8001710 <HAL_GPIO_Init+0x64>
 8001820:	480e      	ldr	r0, [pc, #56]	@ (800185c <HAL_GPIO_Init+0x1b0>)
 8001822:	4586      	cmp	lr, r0
 8001824:	d00e      	beq.n	8001844 <HAL_GPIO_Init+0x198>
 8001826:	f500 6080 	add.w	r0, r0, #1024	@ 0x400
 800182a:	4586      	cmp	lr, r0
 800182c:	d00c      	beq.n	8001848 <HAL_GPIO_Init+0x19c>
 800182e:	f500 6080 	add.w	r0, r0, #1024	@ 0x400
 8001832:	4586      	cmp	lr, r0
 8001834:	d00a      	beq.n	800184c <HAL_GPIO_Init+0x1a0>
 8001836:	f500 6080 	add.w	r0, r0, #1024	@ 0x400
 800183a:	4586      	cmp	lr, r0
 800183c:	f43f af66 	beq.w	800170c <HAL_GPIO_Init+0x60>
 8001840:	2007      	movs	r0, #7
 8001842:	e766      	b.n	8001712 <HAL_GPIO_Init+0x66>
 8001844:	2001      	movs	r0, #1
 8001846:	e764      	b.n	8001712 <HAL_GPIO_Init+0x66>
 8001848:	2002      	movs	r0, #2
 800184a:	e762      	b.n	8001712 <HAL_GPIO_Init+0x66>
 800184c:	2003      	movs	r0, #3
 800184e:	e760      	b.n	8001712 <HAL_GPIO_Init+0x66>
  }
}
 8001850:	bd70      	pop	{r4, r5, r6, pc}
 8001852:	bf00      	nop
 8001854:	40010000 	.word	0x40010000
 8001858:	58000800 	.word	0x58000800
 800185c:	48000400 	.word	0x48000400

08001860 <HAL_GPIO_WritePin>:
{
  /* Check the parameters */
  assert_param(IS_GPIO_PIN(GPIO_Pin));
  assert_param(IS_GPIO_PIN_ACTION(PinState));

  if (PinState != GPIO_PIN_RESET)
 8001860:	b10a      	cbz	r2, 8001866 <HAL_GPIO_WritePin+0x6>
  {
    GPIOx->BSRR = (uint32_t)GPIO_Pin;
 8001862:	6181      	str	r1, [r0, #24]
 8001864:	4770      	bx	lr
  }
  else
  {
    GPIOx->BRR = (uint32_t)GPIO_Pin;
 8001866:	6281      	str	r1, [r0, #40]	@ 0x28
  }
}
 8001868:	4770      	bx	lr

0800186a <HAL_GPIO_TogglePin>:

  /* Check the parameters */
  assert_param(IS_GPIO_PIN(GPIO_Pin));

  /* get current Output Data Register value */
  odr = GPIOx->ODR;
 800186a:	6943      	ldr	r3, [r0, #20]

  /* Set selected pins that were at low level, and reset ones that were high */
  GPIOx->BSRR = ((odr & GPIO_Pin) << GPIO_NUMBER) | (~odr & GPIO_Pin);
 800186c:	ea01 0203 	and.w	r2, r1, r3
 8001870:	ea21 0103 	bic.w	r1, r1, r3
 8001874:	ea41 4102 	orr.w	r1, r1, r2, lsl #16
 8001878:	6181      	str	r1, [r0, #24]
}
 800187a:	4770      	bx	lr

0800187c <HAL_I2C_Init>:
  * @retval HAL status
  */
HAL_StatusTypeDef HAL_I2C_Init(I2C_HandleTypeDef *hi2c)
{
  /* Check the I2C handle allocation */
  if (hi2c == NULL)
 800187c:	2800      	cmp	r0, #0
 800187e:	d05f      	beq.n	8001940 <HAL_I2C_Init+0xc4>
{
 8001880:	b510      	push	{r4, lr}
 8001882:	4604      	mov	r4, r0
  assert_param(IS_I2C_OWN_ADDRESS2(hi2c->Init.OwnAddress2));
  assert_param(IS_I2C_OWN_ADDRESS2_MASK(hi2c->Init.OwnAddress2Masks));
  assert_param(IS_I2C_GENERAL_CALL(hi2c->Init.GeneralCallMode));
  assert_param(IS_I2C_NO_STRETCH(hi2c->Init.NoStretchMode));

  if (hi2c->State == HAL_I2C_STATE_RESET)
 8001884:	f890 3041 	ldrb.w	r3, [r0, #65]	@ 0x41
 8001888:	2b00      	cmp	r3, #0
 800188a:	d048      	beq.n	800191e <HAL_I2C_Init+0xa2>
    /* Init the low level hardware : GPIO, CLOCK, CORTEX...etc */
    HAL_I2C_MspInit(hi2c);
#endif /* USE_HAL_I2C_REGISTER_CALLBACKS */
  }

  hi2c->State = HAL_I2C_STATE_BUSY;
 800188c:	2324      	movs	r3, #36	@ 0x24
 800188e:	f884 3041 	strb.w	r3, [r4, #65]	@ 0x41

  /* Disable the selected I2C peripheral */
  __HAL_I2C_DISABLE(hi2c);
 8001892:	6822      	ldr	r2, [r4, #0]
 8001894:	6813      	ldr	r3, [r2, #0]
 8001896:	f023 0301 	bic.w	r3, r3, #1
 800189a:	6013      	str	r3, [r2, #0]

  /*---------------------------- I2Cx TIMINGR Configuration ------------------*/
  /* Configure I2Cx: Frequency range */
  hi2c->Instance->TIMINGR = hi2c->Init.Timing & TIMING_CLEAR_MASK;
 800189c:	6863      	ldr	r3, [r4, #4]
 800189e:	6822      	ldr	r2, [r4, #0]
 80018a0:	f023 6370 	bic.w	r3, r3, #251658240	@ 0xf000000
 80018a4:	6113      	str	r3, [r2, #16]

  /*---------------------------- I2Cx OAR1 Configuration ---------------------*/
  /* Disable Own Address1 before set the Own Address1 configuration */
  hi2c->Instance->OAR1 &= ~I2C_OAR1_OA1EN;
 80018a6:	6822      	ldr	r2, [r4, #0]
 80018a8:	6893      	ldr	r3, [r2, #8]
 80018aa:	f423 4300 	bic.w	r3, r3, #32768	@ 0x8000
 80018ae:	6093      	str	r3, [r2, #8]

  /* Configure I2Cx: Own Address1 and ack own address1 mode */
  if (hi2c->Init.AddressingMode == I2C_ADDRESSINGMODE_7BIT)
 80018b0:	68e3      	ldr	r3, [r4, #12]
 80018b2:	2b01      	cmp	r3, #1
 80018b4:	d038      	beq.n	8001928 <HAL_I2C_Init+0xac>
  {
    hi2c->Instance->OAR1 = (I2C_OAR1_OA1EN | hi2c->Init.OwnAddress1);
  }
  else /* I2C_ADDRESSINGMODE_10BIT */
  {
    hi2c->Instance->OAR1 = (I2C_OAR1_OA1EN | I2C_OAR1_OA1MODE | hi2c->Init.OwnAddress1);
 80018b6:	68a3      	ldr	r3, [r4, #8]
 80018b8:	6822      	ldr	r2, [r4, #0]
 80018ba:	f443 4304 	orr.w	r3, r3, #33792	@ 0x8400
 80018be:	6093      	str	r3, [r2, #8]
  }

  /*---------------------------- I2Cx CR2 Configuration ----------------------*/
  /* Configure I2Cx: Addressing Master mode */
  if (hi2c->Init.AddressingMode == I2C_ADDRESSINGMODE_10BIT)
 80018c0:	68e3      	ldr	r3, [r4, #12]
 80018c2:	2b02      	cmp	r3, #2
 80018c4:	d036      	beq.n	8001934 <HAL_I2C_Init+0xb8>
    SET_BIT(hi2c->Instance->CR2, I2C_CR2_ADD10);
  }
  else
  {
    /* Clear the I2C ADD10 bit */
    CLEAR_BIT(hi2c->Instance->CR2, I2C_CR2_ADD10);
 80018c6:	6822      	ldr	r2, [r4, #0]
 80018c8:	6853      	ldr	r3, [r2, #4]
 80018ca:	f423 6300 	bic.w	r3, r3, #2048	@ 0x800
 80018ce:	6053      	str	r3, [r2, #4]
  }
  /* Enable the AUTOEND by default, and enable NACK (should be disable only during Slave process */
  hi2c->Instance->CR2 |= (I2C_CR2_AUTOEND | I2C_CR2_NACK);
 80018d0:	6822      	ldr	r2, [r4, #0]
 80018d2:	6853      	ldr	r3, [r2, #4]
 80018d4:	f043 7300 	orr.w	r3, r3, #33554432	@ 0x2000000
 80018d8:	f443 4300 	orr.w	r3, r3, #32768	@ 0x8000
 80018dc:	6053      	str	r3, [r2, #4]

  /*---------------------------- I2Cx OAR2 Configuration ---------------------*/
  /* Disable Own Address2 before set the Own Address2 configuration */
  hi2c->Instance->OAR2 &= ~I2C_DUALADDRESS_ENABLE;
 80018de:	6822      	ldr	r2, [r4, #0]
 80018e0:	68d3      	ldr	r3, [r2, #12]
 80018e2:	f423 4300 	bic.w	r3, r3, #32768	@ 0x8000
 80018e6:	60d3      	str	r3, [r2, #12]

  /* Configure I2Cx: Dual mode and Own Address2 */
  hi2c->Instance->OAR2 = (hi2c->Init.DualAddressMode | hi2c->Init.OwnAddress2 | \
 80018e8:	6923      	ldr	r3, [r4, #16]
 80018ea:	6962      	ldr	r2, [r4, #20]
 80018ec:	4313      	orrs	r3, r2
                          (hi2c->Init.OwnAddress2Masks << 8));
 80018ee:	69a1      	ldr	r1, [r4, #24]
  hi2c->Instance->OAR2 = (hi2c->Init.DualAddressMode | hi2c->Init.OwnAddress2 | \
 80018f0:	6822      	ldr	r2, [r4, #0]
 80018f2:	ea43 2301 	orr.w	r3, r3, r1, lsl #8
 80018f6:	60d3      	str	r3, [r2, #12]

  /*---------------------------- I2Cx CR1 Configuration ----------------------*/
  /* Configure I2Cx: Generalcall and NoStretch mode */
  hi2c->Instance->CR1 = (hi2c->Init.GeneralCallMode | hi2c->Init.NoStretchMode);
 80018f8:	69e3      	ldr	r3, [r4, #28]
 80018fa:	6a21      	ldr	r1, [r4, #32]
 80018fc:	6822      	ldr	r2, [r4, #0]
 80018fe:	430b      	orrs	r3, r1
 8001900:	6013      	str	r3, [r2, #0]

  /* Enable the selected I2C peripheral */
  __HAL_I2C_ENABLE(hi2c);
 8001902:	6822      	ldr	r2, [r4, #0]
 8001904:	6813      	ldr	r3, [r2, #0]
 8001906:	f043 0301 	orr.w	r3, r3, #1
 800190a:	6013      	str	r3, [r2, #0]

  hi2c->ErrorCode = HAL_I2C_ERROR_NONE;
 800190c:	2000      	movs	r0, #0
 800190e:	6460      	str	r0, [r4, #68]	@ 0x44
  hi2c->State = HAL_I2C_STATE_READY;
 8001910:	2320      	movs	r3, #32
 8001912:	f884 3041 	strb.w	r3, [r4, #65]	@ 0x41
  hi2c->PreviousState = I2C_STATE_NONE;
 8001916:	6320      	str	r0, [r4, #48]	@ 0x30
  hi2c->Mode = HAL_I2C_MODE_NONE;
 8001918:	f884 0042 	strb.w	r0, [r4, #66]	@ 0x42

  return HAL_OK;
}
 800191c:	bd10      	pop	{r4, pc}
    hi2c->Lock = HAL_UNLOCKED;
 800191e:	f880 3040 	strb.w	r3, [r0, #64]	@ 0x40
    HAL_I2C_MspInit(hi2c);
 8001922:	f000 f86b 	bl	80019fc <HAL_I2C_MspInit>
 8001926:	e7b1      	b.n	800188c <HAL_I2C_Init+0x10>
    hi2c->Instance->OAR1 = (I2C_OAR1_OA1EN | hi2c->Init.OwnAddress1);
 8001928:	68a3      	ldr	r3, [r4, #8]
 800192a:	6822      	ldr	r2, [r4, #0]
 800192c:	f443 4300 	orr.w	r3, r3, #32768	@ 0x8000
 8001930:	6093      	str	r3, [r2, #8]
 8001932:	e7c5      	b.n	80018c0 <HAL_I2C_Init+0x44>
    SET_BIT(hi2c->Instance->CR2, I2C_CR2_ADD10);
 8001934:	6822      	ldr	r2, [r4, #0]
 8001936:	6853      	ldr	r3, [r2, #4]
 8001938:	f443 6300 	orr.w	r3, r3, #2048	@ 0x800
 800193c:	6053      	str	r3, [r2, #4]
 800193e:	e7c7      	b.n	80018d0 <HAL_I2C_Init+0x54>
    return HAL_ERROR;
 8001940:	2001      	movs	r0, #1
}
 8001942:	4770      	bx	lr

08001944 <HAL_I2CEx_ConfigAnalogFilter>:
  *                the configuration information for the specified I2Cx peripheral.
  * @param  AnalogFilter New state of the Analog filter.
  * @retval HAL status
  */
HAL_StatusTypeDef HAL_I2CEx_ConfigAnalogFilter(I2C_HandleTypeDef *hi2c, uint32_t AnalogFilter)
{
 8001944:	4603      	mov	r3, r0
  /* Check the parameters */
  assert_param(IS_I2C_ALL_INSTANCE(hi2c->Instance));
  assert_param(IS_I2C_ANALOG_FILTER(AnalogFilter));

  if (hi2c->State == HAL_I2C_STATE_READY)
 8001946:	f890 2041 	ldrb.w	r2, [r0, #65]	@ 0x41
 800194a:	2a20      	cmp	r2, #32
 800194c:	d123      	bne.n	8001996 <HAL_I2CEx_ConfigAnalogFilter+0x52>
  {
    /* Process Locked */
    __HAL_LOCK(hi2c);
 800194e:	f890 2040 	ldrb.w	r2, [r0, #64]	@ 0x40
 8001952:	2a01      	cmp	r2, #1
 8001954:	d021      	beq.n	800199a <HAL_I2CEx_ConfigAnalogFilter+0x56>
 8001956:	2201      	movs	r2, #1
 8001958:	f880 2040 	strb.w	r2, [r0, #64]	@ 0x40

    hi2c->State = HAL_I2C_STATE_BUSY;
 800195c:	2224      	movs	r2, #36	@ 0x24
 800195e:	f880 2041 	strb.w	r2, [r0, #65]	@ 0x41

    /* Disable the selected I2C peripheral */
    __HAL_I2C_DISABLE(hi2c);
 8001962:	6800      	ldr	r0, [r0, #0]
 8001964:	6802      	ldr	r2, [r0, #0]
 8001966:	f022 0201 	bic.w	r2, r2, #1
 800196a:	6002      	str	r2, [r0, #0]

    /* Reset I2Cx ANOFF bit */
    hi2c->Instance->CR1 &= ~(I2C_CR1_ANFOFF);
 800196c:	6818      	ldr	r0, [r3, #0]
 800196e:	6802      	ldr	r2, [r0, #0]
 8001970:	f422 5280 	bic.w	r2, r2, #4096	@ 0x1000
 8001974:	6002      	str	r2, [r0, #0]

    /* Set analog filter bit*/
    hi2c->Instance->CR1 |= AnalogFilter;
 8001976:	6818      	ldr	r0, [r3, #0]
 8001978:	6802      	ldr	r2, [r0, #0]
 800197a:	430a      	orrs	r2, r1
 800197c:	6002      	str	r2, [r0, #0]

    __HAL_I2C_ENABLE(hi2c);
 800197e:	6819      	ldr	r1, [r3, #0]
 8001980:	680a      	ldr	r2, [r1, #0]
 8001982:	f042 0201 	orr.w	r2, r2, #1
 8001986:	600a      	str	r2, [r1, #0]

    hi2c->State = HAL_I2C_STATE_READY;
 8001988:	2220      	movs	r2, #32
 800198a:	f883 2041 	strb.w	r2, [r3, #65]	@ 0x41

    /* Process Unlocked */
    __HAL_UNLOCK(hi2c);
 800198e:	2000      	movs	r0, #0
 8001990:	f883 0040 	strb.w	r0, [r3, #64]	@ 0x40

    return HAL_OK;
 8001994:	4770      	bx	lr
  }
  else
  {
    return HAL_BUSY;
 8001996:	2002      	movs	r0, #2
 8001998:	4770      	bx	lr
    __HAL_LOCK(hi2c);
 800199a:	2002      	movs	r0, #2
  }
}
 800199c:	4770      	bx	lr

0800199e <HAL_I2CEx_ConfigDigitalFilter>:
  *                the configuration information for the specified I2Cx peripheral.
  * @param  DigitalFilter Coefficient of digital noise filter between Min_Data=0x00 and Max_Data=0x0F.
  * @retval HAL status
  */
HAL_StatusTypeDef HAL_I2CEx_ConfigDigitalFilter(I2C_HandleTypeDef *hi2c, uint32_t DigitalFilter)
{
 800199e:	4603      	mov	r3, r0

  /* Check the parameters */
  assert_param(IS_I2C_ALL_INSTANCE(hi2c->Instance));
  assert_param(IS_I2C_DIGITAL_FILTER(DigitalFilter));

  if (hi2c->State == HAL_I2C_STATE_READY)
 80019a0:	f890 2041 	ldrb.w	r2, [r0, #65]	@ 0x41
 80019a4:	2a20      	cmp	r2, #32
 80019a6:	d121      	bne.n	80019ec <HAL_I2CEx_ConfigDigitalFilter+0x4e>
  {
    /* Process Locked */
    __HAL_LOCK(hi2c);
 80019a8:	f890 2040 	ldrb.w	r2, [r0, #64]	@ 0x40
 80019ac:	2a01      	cmp	r2, #1
 80019ae:	d01f      	beq.n	80019f0 <HAL_I2CEx_ConfigDigitalFilter+0x52>
 80019b0:	2201      	movs	r2, #1
 80019b2:	f880 2040 	strb.w	r2, [r0, #64]	@ 0x40

    hi2c->State = HAL_I2C_STATE_BUSY;
 80019b6:	2224      	movs	r2, #36	@ 0x24
 80019b8:	f880 2041 	strb.w	r2, [r0, #65]	@ 0x41

    /* Disable the selected I2C peripheral */
    __HAL_I2C_DISABLE(hi2c);
 80019bc:	6800      	ldr	r0, [r0, #0]
 80019be:	6802      	ldr	r2, [r0, #0]
 80019c0:	f022 0201 	bic.w	r2, r2, #1
 80019c4:	6002      	str	r2, [r0, #0]

    /* Get the old register value */
    tmpreg = hi2c->Instance->CR1;
 80019c6:	6818      	ldr	r0, [r3, #0]
 80019c8:	6802      	ldr	r2, [r0, #0]

    /* Reset I2Cx DNF bits [11:8] */
    tmpreg &= ~(I2C_CR1_DNF);
 80019ca:	f422 6270 	bic.w	r2, r2, #3840	@ 0xf00

    /* Set I2Cx DNF coefficient */
    tmpreg |= DigitalFilter << 8U;
 80019ce:	ea42 2201 	orr.w	r2, r2, r1, lsl #8

    /* Store the new register value */
    hi2c->Instance->CR1 = tmpreg;
 80019d2:	6002      	str	r2, [r0, #0]

    __HAL_I2C_ENABLE(hi2c);
 80019d4:	6819      	ldr	r1, [r3, #0]
 80019d6:	680a      	ldr	r2, [r1, #0]
 80019d8:	f042 0201 	orr.w	r2, r2, #1
 80019dc:	600a      	str	r2, [r1, #0]

    hi2c->State = HAL_I2C_STATE_READY;
 80019de:	2220      	movs	r2, #32
 80019e0:	f883 2041 	strb.w	r2, [r3, #65]	@ 0x41

    /* Process Unlocked */
    __HAL_UNLOCK(hi2c);
 80019e4:	2000      	movs	r0, #0
 80019e6:	f883 0040 	strb.w	r0, [r3, #64]	@ 0x40

    return HAL_OK;
 80019ea:	4770      	bx	lr
  }
  else
  {
    return HAL_BUSY;
 80019ec:	2002      	movs	r0, #2
 80019ee:	4770      	bx	lr
    __HAL_LOCK(hi2c);
 80019f0:	2002      	movs	r0, #2
  }
}
 80019f2:	4770      	bx	lr

080019f4 <HAL_MspInit>:

/* USER CODE END 0 */
/**
 * Initializes the Global MSP.
 */
void HAL_MspInit(void) {
 80019f4:	b508      	push	{r3, lr}

  /* USER CODE BEGIN MspInit 0 */

  /* USER CODE END MspInit 0 */

  HAL_PWREx_EnableVddUSB();
 80019f6:	f001 f89d 	bl	8002b34 <HAL_PWREx_EnableVddUSB>
  /* System interrupt init*/

  /* USER CODE BEGIN MspInit 1 */

  /* USER CODE END MspInit 1 */
}
 80019fa:	bd08      	pop	{r3, pc}

080019fc <HAL_I2C_MspInit>:
 * @brief I2C MSP Initialization
 * This function configures the hardware resources used in this example
 * @param hi2c: I2C handle pointer
 * @retval None
 */
void HAL_I2C_MspInit(I2C_HandleTypeDef *hi2c) {
 80019fc:	b510      	push	{r4, lr}
 80019fe:	b09c      	sub	sp, #112	@ 0x70
 8001a00:	4604      	mov	r4, r0
  GPIO_InitTypeDef GPIO_InitStruct = {0};
 8001a02:	2100      	movs	r1, #0
 8001a04:	9117      	str	r1, [sp, #92]	@ 0x5c
 8001a06:	9118      	str	r1, [sp, #96]	@ 0x60
 8001a08:	9119      	str	r1, [sp, #100]	@ 0x64
 8001a0a:	911a      	str	r1, [sp, #104]	@ 0x68
 8001a0c:	911b      	str	r1, [sp, #108]	@ 0x6c
  RCC_PeriphCLKInitTypeDef PeriphClkInitStruct = {0};
 8001a0e:	2250      	movs	r2, #80	@ 0x50
 8001a10:	a803      	add	r0, sp, #12
 8001a12:	f005 fd65 	bl	80074e0 <memset>
  if (hi2c->Instance == I2C1) {
 8001a16:	6822      	ldr	r2, [r4, #0]
 8001a18:	4b19      	ldr	r3, [pc, #100]	@ (8001a80 <HAL_I2C_MspInit+0x84>)
 8001a1a:	429a      	cmp	r2, r3
 8001a1c:	d001      	beq.n	8001a22 <HAL_I2C_MspInit+0x26>
    __HAL_RCC_I2C1_CLK_ENABLE();
    /* USER CODE BEGIN I2C1_MspInit 1 */

    /* USER CODE END I2C1_MspInit 1 */
  }
}
 8001a1e:	b01c      	add	sp, #112	@ 0x70
 8001a20:	bd10      	pop	{r4, pc}
    PeriphClkInitStruct.PeriphClockSelection = RCC_PERIPHCLK_I2C1;
 8001a22:	2304      	movs	r3, #4
 8001a24:	9303      	str	r3, [sp, #12]
    PeriphClkInitStruct.I2c1ClockSelection = RCC_I2C1CLKSOURCE_PCLK1;
 8001a26:	f44f 3340 	mov.w	r3, #196608	@ 0x30000
 8001a2a:	930b      	str	r3, [sp, #44]	@ 0x2c
    if (HAL_RCCEx_PeriphCLKConfig(&PeriphClkInitStruct) != HAL_OK) {
 8001a2c:	a803      	add	r0, sp, #12
 8001a2e:	f001 ff26 	bl	800387e <HAL_RCCEx_PeriphCLKConfig>
 8001a32:	bb10      	cbnz	r0, 8001a7a <HAL_I2C_MspInit+0x7e>
  SET_BIT(RCC->AHB2ENR, Periphs);
 8001a34:	f04f 44b0 	mov.w	r4, #1476395008	@ 0x58000000
 8001a38:	6ce3      	ldr	r3, [r4, #76]	@ 0x4c
 8001a3a:	f043 0302 	orr.w	r3, r3, #2
 8001a3e:	64e3      	str	r3, [r4, #76]	@ 0x4c
  tmpreg = READ_BIT(RCC->AHB2ENR, Periphs);
 8001a40:	6ce3      	ldr	r3, [r4, #76]	@ 0x4c
 8001a42:	f003 0302 	and.w	r3, r3, #2
 8001a46:	9302      	str	r3, [sp, #8]
  (void)tmpreg;
 8001a48:	9b02      	ldr	r3, [sp, #8]
    GPIO_InitStruct.Pin = BMP_SCL_Pin | BMP_SDA_Pin;
 8001a4a:	f44f 7340 	mov.w	r3, #768	@ 0x300
 8001a4e:	9317      	str	r3, [sp, #92]	@ 0x5c
    GPIO_InitStruct.Mode = GPIO_MODE_AF_OD;
 8001a50:	2312      	movs	r3, #18
 8001a52:	9318      	str	r3, [sp, #96]	@ 0x60
    GPIO_InitStruct.Pull = GPIO_NOPULL;
 8001a54:	2300      	movs	r3, #0
 8001a56:	9319      	str	r3, [sp, #100]	@ 0x64
    GPIO_InitStruct.Speed = GPIO_SPEED_FREQ_LOW;
 8001a58:	931a      	str	r3, [sp, #104]	@ 0x68
    GPIO_InitStruct.Alternate = GPIO_AF4_I2C1;
 8001a5a:	2304      	movs	r3, #4
 8001a5c:	931b      	str	r3, [sp, #108]	@ 0x6c
    HAL_GPIO_Init(GPIOB, &GPIO_InitStruct);
 8001a5e:	a917      	add	r1, sp, #92	@ 0x5c
 8001a60:	4808      	ldr	r0, [pc, #32]	@ (8001a84 <HAL_I2C_MspInit+0x88>)
 8001a62:	f7ff fe23 	bl	80016ac <HAL_GPIO_Init>
  * @retval None
  */
__STATIC_INLINE void LL_APB1_GRP1_EnableClock(uint32_t Periphs)
{
  __IO uint32_t tmpreg;
  SET_BIT(RCC->APB1ENR1, Periphs);
 8001a66:	6da3      	ldr	r3, [r4, #88]	@ 0x58
 8001a68:	f443 1300 	orr.w	r3, r3, #2097152	@ 0x200000
 8001a6c:	65a3      	str	r3, [r4, #88]	@ 0x58
  /* Delay after an RCC peripheral clock enabling */
  tmpreg = READ_BIT(RCC->APB1ENR1, Periphs);
 8001a6e:	6da3      	ldr	r3, [r4, #88]	@ 0x58
 8001a70:	f403 1300 	and.w	r3, r3, #2097152	@ 0x200000
 8001a74:	9301      	str	r3, [sp, #4]
  (void)tmpreg;
 8001a76:	9b01      	ldr	r3, [sp, #4]
}
 8001a78:	e7d1      	b.n	8001a1e <HAL_I2C_MspInit+0x22>
      Error_Handler();
 8001a7a:	f7ff fbc9 	bl	8001210 <Error_Handler>
 8001a7e:	e7d9      	b.n	8001a34 <HAL_I2C_MspInit+0x38>
 8001a80:	40005400 	.word	0x40005400
 8001a84:	48000400 	.word	0x48000400

08001a88 <HAL_SPI_MspInit>:
 * @brief SPI MSP Initialization
 * This function configures the hardware resources used in this example
 * @param hspi: SPI handle pointer
 * @retval None
 */
void HAL_SPI_MspInit(SPI_HandleTypeDef *hspi) {
 8001a88:	b500      	push	{lr}
 8001a8a:	b089      	sub	sp, #36	@ 0x24
  GPIO_InitTypeDef GPIO_InitStruct = {0};
 8001a8c:	2300      	movs	r3, #0
 8001a8e:	9303      	str	r3, [sp, #12]
 8001a90:	9304      	str	r3, [sp, #16]
 8001a92:	9305      	str	r3, [sp, #20]
 8001a94:	9306      	str	r3, [sp, #24]
 8001a96:	9307      	str	r3, [sp, #28]
  if (hspi->Instance == SPI1) {
 8001a98:	6802      	ldr	r2, [r0, #0]
 8001a9a:	4b13      	ldr	r3, [pc, #76]	@ (8001ae8 <HAL_SPI_MspInit+0x60>)
 8001a9c:	429a      	cmp	r2, r3
 8001a9e:	d001      	beq.n	8001aa4 <HAL_SPI_MspInit+0x1c>

    /* USER CODE BEGIN SPI1_MspInit 1 */

    /* USER CODE END SPI1_MspInit 1 */
  }
}
 8001aa0:	b009      	add	sp, #36	@ 0x24
 8001aa2:	bd00      	pop	{pc}
  * @retval None
  */
__STATIC_INLINE void LL_APB2_GRP1_EnableClock(uint32_t Periphs)
{
  __IO uint32_t tmpreg;
  SET_BIT(RCC->APB2ENR, Periphs);
 8001aa4:	f04f 43b0 	mov.w	r3, #1476395008	@ 0x58000000
 8001aa8:	6e1a      	ldr	r2, [r3, #96]	@ 0x60
 8001aaa:	f442 5280 	orr.w	r2, r2, #4096	@ 0x1000
 8001aae:	661a      	str	r2, [r3, #96]	@ 0x60
  /* Delay after an RCC peripheral clock enabling */
  tmpreg = READ_BIT(RCC->APB2ENR, Periphs);
 8001ab0:	6e1a      	ldr	r2, [r3, #96]	@ 0x60
 8001ab2:	f402 5280 	and.w	r2, r2, #4096	@ 0x1000
 8001ab6:	9202      	str	r2, [sp, #8]
  (void)tmpreg;
 8001ab8:	9a02      	ldr	r2, [sp, #8]
  SET_BIT(RCC->AHB2ENR, Periphs);
 8001aba:	6cda      	ldr	r2, [r3, #76]	@ 0x4c
 8001abc:	f042 0202 	orr.w	r2, r2, #2
 8001ac0:	64da      	str	r2, [r3, #76]	@ 0x4c
  tmpreg = READ_BIT(RCC->AHB2ENR, Periphs);
 8001ac2:	6cdb      	ldr	r3, [r3, #76]	@ 0x4c
 8001ac4:	f003 0302 	and.w	r3, r3, #2
 8001ac8:	9301      	str	r3, [sp, #4]
  (void)tmpreg;
 8001aca:	9b01      	ldr	r3, [sp, #4]
    GPIO_InitStruct.Pin = ICM_SCK_Pin | ICM_MISO_Pin | ICM_MOSI_Pin;
 8001acc:	2338      	movs	r3, #56	@ 0x38
 8001ace:	9303      	str	r3, [sp, #12]
    GPIO_InitStruct.Mode = GPIO_MODE_AF_PP;
 8001ad0:	2302      	movs	r3, #2
 8001ad2:	9304      	str	r3, [sp, #16]
    GPIO_InitStruct.Speed = GPIO_SPEED_FREQ_VERY_HIGH;
 8001ad4:	2303      	movs	r3, #3
 8001ad6:	9306      	str	r3, [sp, #24]
    GPIO_InitStruct.Alternate = GPIO_AF5_SPI1;
 8001ad8:	2305      	movs	r3, #5
 8001ada:	9307      	str	r3, [sp, #28]
    HAL_GPIO_Init(GPIOB, &GPIO_InitStruct);
 8001adc:	a903      	add	r1, sp, #12
 8001ade:	4803      	ldr	r0, [pc, #12]	@ (8001aec <HAL_SPI_MspInit+0x64>)
 8001ae0:	f7ff fde4 	bl	80016ac <HAL_GPIO_Init>
}
 8001ae4:	e7dc      	b.n	8001aa0 <HAL_SPI_MspInit+0x18>
 8001ae6:	bf00      	nop
 8001ae8:	40013000 	.word	0x40013000
 8001aec:	48000400 	.word	0x48000400

08001af0 <HAL_PCD_EP_DB_Receive>:
  * @param  wEPVal Last snapshot of EPRx register value taken in ISR
  * @retval HAL status
  */
static uint16_t HAL_PCD_EP_DB_Receive(PCD_HandleTypeDef *hpcd,
                                      PCD_EPTypeDef *ep, uint16_t wEPVal)
{
 8001af0:	b510      	push	{r4, lr}
  uint16_t count;

  /* Manage Buffer0 OUT */
  if ((wEPVal & USB_EP_DTOG_RX) != 0U)
 8001af2:	f412 4f80 	tst.w	r2, #16384	@ 0x4000
 8001af6:	d045      	beq.n	8001b84 <HAL_PCD_EP_DB_Receive+0x94>
  {
    /* Get count of received Data on buffer0 */
    count = (uint16_t)PCD_GET_EP_DBUF0_CNT(hpcd->Instance, ep->num);
 8001af8:	6804      	ldr	r4, [r0, #0]
 8001afa:	f8b4 3050 	ldrh.w	r3, [r4, #80]	@ 0x50
 8001afe:	f891 c000 	ldrb.w	ip, [r1]
 8001b02:	ea4f 0ecc 	mov.w	lr, ip, lsl #3
 8001b06:	fa1e f383 	uxtah	r3, lr, r3
 8001b0a:	4423      	add	r3, r4
 8001b0c:	f8b3 4402 	ldrh.w	r4, [r3, #1026]	@ 0x402
 8001b10:	f3c4 0409 	ubfx	r4, r4, #0, #10

    if (ep->xfer_len >= count)
 8001b14:	698b      	ldr	r3, [r1, #24]
 8001b16:	42a3      	cmp	r3, r4
 8001b18:	d32a      	bcc.n	8001b70 <HAL_PCD_EP_DB_Receive+0x80>
    {
      ep->xfer_len -= count;
 8001b1a:	1b1b      	subs	r3, r3, r4
 8001b1c:	618b      	str	r3, [r1, #24]
    else
    {
      ep->xfer_len = 0U;
    }

    if (ep->xfer_len == 0U)
 8001b1e:	698b      	ldr	r3, [r1, #24]
 8001b20:	b983      	cbnz	r3, 8001b44 <HAL_PCD_EP_DB_Receive+0x54>
    {
      /* Set NAK to OUT endpoint since double buffer is enabled */
      PCD_SET_EP_RX_STATUS(hpcd->Instance, ep->num, USB_EP_RX_NAK);
 8001b22:	f8d0 e000 	ldr.w	lr, [r0]
 8001b26:	f83e 302c 	ldrh.w	r3, [lr, ip, lsl #2]
 8001b2a:	b29b      	uxth	r3, r3
 8001b2c:	f423 4380 	bic.w	r3, r3, #16384	@ 0x4000
 8001b30:	f023 0370 	bic.w	r3, r3, #112	@ 0x70
 8001b34:	f483 5300 	eor.w	r3, r3, #8192	@ 0x2000
 8001b38:	f443 4300 	orr.w	r3, r3, #32768	@ 0x8000
 8001b3c:	f043 0380 	orr.w	r3, r3, #128	@ 0x80
 8001b40:	f82e 302c 	strh.w	r3, [lr, ip, lsl #2]
    }

    /* Check if Buffer1 is in blocked state which requires to toggle */
    if ((wEPVal & USB_EP_DTOG_TX) != 0U)
 8001b44:	f012 0f40 	tst.w	r2, #64	@ 0x40
 8001b48:	d00f      	beq.n	8001b6a <HAL_PCD_EP_DB_Receive+0x7a>
    {
      PCD_FREE_USER_BUFFER(hpcd->Instance, ep->num, 0U);
 8001b4a:	6802      	ldr	r2, [r0, #0]
 8001b4c:	f891 c000 	ldrb.w	ip, [r1]
 8001b50:	f832 302c 	ldrh.w	r3, [r2, ip, lsl #2]
 8001b54:	b29b      	uxth	r3, r3
 8001b56:	f423 43e0 	bic.w	r3, r3, #28672	@ 0x7000
 8001b5a:	f023 0370 	bic.w	r3, r3, #112	@ 0x70
 8001b5e:	f443 4300 	orr.w	r3, r3, #32768	@ 0x8000
 8001b62:	f043 03c0 	orr.w	r3, r3, #192	@ 0xc0
 8001b66:	f822 302c 	strh.w	r3, [r2, ip, lsl #2]
    }

    if (count != 0U)
 8001b6a:	b924      	cbnz	r4, 8001b76 <HAL_PCD_EP_DB_Receive+0x86>
      USB_ReadPMA(hpcd->Instance, ep->xfer_buff, ep->pmaaddr1, count);
    }
  }

  return count;
}
 8001b6c:	4620      	mov	r0, r4
 8001b6e:	bd10      	pop	{r4, pc}
      ep->xfer_len = 0U;
 8001b70:	2300      	movs	r3, #0
 8001b72:	618b      	str	r3, [r1, #24]
 8001b74:	e7d3      	b.n	8001b1e <HAL_PCD_EP_DB_Receive+0x2e>
      USB_ReadPMA(hpcd->Instance, ep->xfer_buff, ep->pmaaddr0, count);
 8001b76:	4623      	mov	r3, r4
 8001b78:	890a      	ldrh	r2, [r1, #8]
 8001b7a:	6949      	ldr	r1, [r1, #20]
 8001b7c:	6800      	ldr	r0, [r0, #0]
 8001b7e:	f003 fb4d 	bl	800521c <USB_ReadPMA>
 8001b82:	e7f3      	b.n	8001b6c <HAL_PCD_EP_DB_Receive+0x7c>
    count = (uint16_t)PCD_GET_EP_DBUF1_CNT(hpcd->Instance, ep->num);
 8001b84:	6804      	ldr	r4, [r0, #0]
 8001b86:	f8b4 3050 	ldrh.w	r3, [r4, #80]	@ 0x50
 8001b8a:	f891 c000 	ldrb.w	ip, [r1]
 8001b8e:	ea4f 0ecc 	mov.w	lr, ip, lsl #3
 8001b92:	fa1e f383 	uxtah	r3, lr, r3
 8001b96:	4423      	add	r3, r4
 8001b98:	f8b3 4406 	ldrh.w	r4, [r3, #1030]	@ 0x406
 8001b9c:	f3c4 0409 	ubfx	r4, r4, #0, #10
    if (ep->xfer_len >= count)
 8001ba0:	698b      	ldr	r3, [r1, #24]
 8001ba2:	42a3      	cmp	r3, r4
 8001ba4:	d330      	bcc.n	8001c08 <HAL_PCD_EP_DB_Receive+0x118>
      ep->xfer_len -= count;
 8001ba6:	1b1b      	subs	r3, r3, r4
 8001ba8:	618b      	str	r3, [r1, #24]
    if (ep->xfer_len == 0U)
 8001baa:	698b      	ldr	r3, [r1, #24]
 8001bac:	b983      	cbnz	r3, 8001bd0 <HAL_PCD_EP_DB_Receive+0xe0>
      PCD_SET_EP_RX_STATUS(hpcd->Instance, ep->num, USB_EP_RX_NAK);
 8001bae:	f8d0 e000 	ldr.w	lr, [r0]
 8001bb2:	f83e 302c 	ldrh.w	r3, [lr, ip, lsl #2]
 8001bb6:	b29b      	uxth	r3, r3
 8001bb8:	f423 4380 	bic.w	r3, r3, #16384	@ 0x4000
 8001bbc:	f023 0370 	bic.w	r3, r3, #112	@ 0x70
 8001bc0:	f483 5300 	eor.w	r3, r3, #8192	@ 0x2000
 8001bc4:	f443 4300 	orr.w	r3, r3, #32768	@ 0x8000
 8001bc8:	f043 0380 	orr.w	r3, r3, #128	@ 0x80
 8001bcc:	f82e 302c 	strh.w	r3, [lr, ip, lsl #2]
    if ((wEPVal & USB_EP_DTOG_TX) == 0U)
 8001bd0:	f012 0f40 	tst.w	r2, #64	@ 0x40
 8001bd4:	d10f      	bne.n	8001bf6 <HAL_PCD_EP_DB_Receive+0x106>
      PCD_FREE_USER_BUFFER(hpcd->Instance, ep->num, 0U);
 8001bd6:	6802      	ldr	r2, [r0, #0]
 8001bd8:	f891 c000 	ldrb.w	ip, [r1]
 8001bdc:	f832 302c 	ldrh.w	r3, [r2, ip, lsl #2]
 8001be0:	b29b      	uxth	r3, r3
 8001be2:	f423 43e0 	bic.w	r3, r3, #28672	@ 0x7000
 8001be6:	f023 0370 	bic.w	r3, r3, #112	@ 0x70
 8001bea:	f443 4300 	orr.w	r3, r3, #32768	@ 0x8000
 8001bee:	f043 03c0 	orr.w	r3, r3, #192	@ 0xc0
 8001bf2:	f822 302c 	strh.w	r3, [r2, ip, lsl #2]
    if (count != 0U)
 8001bf6:	2c00      	cmp	r4, #0
 8001bf8:	d0b8      	beq.n	8001b6c <HAL_PCD_EP_DB_Receive+0x7c>
      USB_ReadPMA(hpcd->Instance, ep->xfer_buff, ep->pmaaddr1, count);
 8001bfa:	4623      	mov	r3, r4
 8001bfc:	894a      	ldrh	r2, [r1, #10]
 8001bfe:	6949      	ldr	r1, [r1, #20]
 8001c00:	6800      	ldr	r0, [r0, #0]
 8001c02:	f003 fb0b 	bl	800521c <USB_ReadPMA>
 8001c06:	e7b1      	b.n	8001b6c <HAL_PCD_EP_DB_Receive+0x7c>
      ep->xfer_len = 0U;
 8001c08:	2300      	movs	r3, #0
 8001c0a:	618b      	str	r3, [r1, #24]
 8001c0c:	e7cd      	b.n	8001baa <HAL_PCD_EP_DB_Receive+0xba>

08001c0e <HAL_PCD_Init>:
  if (hpcd == NULL)
 8001c0e:	2800      	cmp	r0, #0
 8001c10:	d056      	beq.n	8001cc0 <HAL_PCD_Init+0xb2>
{
 8001c12:	b510      	push	{r4, lr}
 8001c14:	4604      	mov	r4, r0
  if (hpcd->State == HAL_PCD_STATE_RESET)
 8001c16:	f890 3291 	ldrb.w	r3, [r0, #657]	@ 0x291
 8001c1a:	b13b      	cbz	r3, 8001c2c <HAL_PCD_Init+0x1e>
  hpcd->State = HAL_PCD_STATE_BUSY;
 8001c1c:	2303      	movs	r3, #3
 8001c1e:	f884 3291 	strb.w	r3, [r4, #657]	@ 0x291
  __HAL_PCD_DISABLE(hpcd);
 8001c22:	6820      	ldr	r0, [r4, #0]
 8001c24:	f002 fbd9 	bl	80043da <USB_DisableGlobalInt>
  for (i = 0U; i < hpcd->Init.dev_endpoints; i++)
 8001c28:	2300      	movs	r3, #0
 8001c2a:	e015      	b.n	8001c58 <HAL_PCD_Init+0x4a>
    hpcd->Lock = HAL_UNLOCKED;
 8001c2c:	f880 3290 	strb.w	r3, [r0, #656]	@ 0x290
    HAL_PCD_MspInit(hpcd);
 8001c30:	f003 fe8c 	bl	800594c <HAL_PCD_MspInit>
 8001c34:	e7f2      	b.n	8001c1c <HAL_PCD_Init+0xe>
    hpcd->IN_ep[i].is_in = 1U;
 8001c36:	eb03 0283 	add.w	r2, r3, r3, lsl #2
 8001c3a:	eb04 02c2 	add.w	r2, r4, r2, lsl #3
 8001c3e:	2101      	movs	r1, #1
 8001c40:	7451      	strb	r1, [r2, #17]
    hpcd->IN_ep[i].num = i;
 8001c42:	7413      	strb	r3, [r2, #16]
    hpcd->IN_ep[i].type = EP_TYPE_CTRL;
 8001c44:	2100      	movs	r1, #0
 8001c46:	74d1      	strb	r1, [r2, #19]
    hpcd->IN_ep[i].maxpacket = 0U;
 8001c48:	6211      	str	r1, [r2, #32]
    hpcd->IN_ep[i].xfer_buff = 0U;
 8001c4a:	6251      	str	r1, [r2, #36]	@ 0x24
    hpcd->IN_ep[i].xfer_len = 0U;
 8001c4c:	3301      	adds	r3, #1
 8001c4e:	eb03 0283 	add.w	r2, r3, r3, lsl #2
 8001c52:	00d2      	lsls	r2, r2, #3
 8001c54:	50a1      	str	r1, [r4, r2]
  for (i = 0U; i < hpcd->Init.dev_endpoints; i++)
 8001c56:	b2db      	uxtb	r3, r3
 8001c58:	7920      	ldrb	r0, [r4, #4]
 8001c5a:	4298      	cmp	r0, r3
 8001c5c:	d8eb      	bhi.n	8001c36 <HAL_PCD_Init+0x28>
  for (i = 0U; i < hpcd->Init.dev_endpoints; i++)
 8001c5e:	2300      	movs	r3, #0
 8001c60:	e016      	b.n	8001c90 <HAL_PCD_Init+0x82>
    hpcd->OUT_ep[i].is_in = 0U;
 8001c62:	eb03 0283 	add.w	r2, r3, r3, lsl #2
 8001c66:	eb04 02c2 	add.w	r2, r4, r2, lsl #3
 8001c6a:	2100      	movs	r1, #0
 8001c6c:	f882 1151 	strb.w	r1, [r2, #337]	@ 0x151
    hpcd->OUT_ep[i].num = i;
 8001c70:	f882 3150 	strb.w	r3, [r2, #336]	@ 0x150
    hpcd->OUT_ep[i].type = EP_TYPE_CTRL;
 8001c74:	f882 1153 	strb.w	r1, [r2, #339]	@ 0x153
    hpcd->OUT_ep[i].maxpacket = 0U;
 8001c78:	f8c2 1160 	str.w	r1, [r2, #352]	@ 0x160
    hpcd->OUT_ep[i].xfer_buff = 0U;
 8001c7c:	f8c2 1164 	str.w	r1, [r2, #356]	@ 0x164
    hpcd->OUT_ep[i].xfer_len = 0U;
 8001c80:	eb03 0283 	add.w	r2, r3, r3, lsl #2
 8001c84:	eb04 02c2 	add.w	r2, r4, r2, lsl #3
 8001c88:	f8c2 1168 	str.w	r1, [r2, #360]	@ 0x168
  for (i = 0U; i < hpcd->Init.dev_endpoints; i++)
 8001c8c:	3301      	adds	r3, #1
 8001c8e:	b2db      	uxtb	r3, r3
 8001c90:	4298      	cmp	r0, r3
 8001c92:	d8e6      	bhi.n	8001c62 <HAL_PCD_Init+0x54>
  (void)USB_DevInit(hpcd->Instance, hpcd->Init);
 8001c94:	4623      	mov	r3, r4
 8001c96:	f853 0b04 	ldr.w	r0, [r3], #4
 8001c9a:	e893 0006 	ldmia.w	r3, {r1, r2}
 8001c9e:	f002 fba7 	bl	80043f0 <USB_DevInit>
  hpcd->USB_Address = 0U;
 8001ca2:	2300      	movs	r3, #0
 8001ca4:	7323      	strb	r3, [r4, #12]
  hpcd->State = HAL_PCD_STATE_READY;
 8001ca6:	2301      	movs	r3, #1
 8001ca8:	f884 3291 	strb.w	r3, [r4, #657]	@ 0x291
  if (hpcd->Init.lpm_enable == 1U)
 8001cac:	7aa3      	ldrb	r3, [r4, #10]
 8001cae:	2b01      	cmp	r3, #1
 8001cb0:	d001      	beq.n	8001cb6 <HAL_PCD_Init+0xa8>
  return HAL_OK;
 8001cb2:	2000      	movs	r0, #0
}
 8001cb4:	bd10      	pop	{r4, pc}
    (void)HAL_PCDEx_ActivateLPM(hpcd);
 8001cb6:	4620      	mov	r0, r4
 8001cb8:	f000 ff16 	bl	8002ae8 <HAL_PCDEx_ActivateLPM>
  return HAL_OK;
 8001cbc:	2000      	movs	r0, #0
 8001cbe:	e7f9      	b.n	8001cb4 <HAL_PCD_Init+0xa6>
    return HAL_ERROR;
 8001cc0:	2001      	movs	r0, #1
}
 8001cc2:	4770      	bx	lr

08001cc4 <HAL_PCD_Start>:
  __HAL_LOCK(hpcd);
 8001cc4:	f890 3290 	ldrb.w	r3, [r0, #656]	@ 0x290
 8001cc8:	2b01      	cmp	r3, #1
 8001cca:	d00e      	beq.n	8001cea <HAL_PCD_Start+0x26>
{
 8001ccc:	b510      	push	{r4, lr}
 8001cce:	4604      	mov	r4, r0
  __HAL_LOCK(hpcd);
 8001cd0:	2301      	movs	r3, #1
 8001cd2:	f880 3290 	strb.w	r3, [r0, #656]	@ 0x290
  __HAL_PCD_ENABLE(hpcd);
 8001cd6:	6800      	ldr	r0, [r0, #0]
 8001cd8:	f002 fb76 	bl	80043c8 <USB_EnableGlobalInt>
  (void)USB_DevConnect(hpcd->Instance);
 8001cdc:	6820      	ldr	r0, [r4, #0]
 8001cde:	f002 ffb5 	bl	8004c4c <USB_DevConnect>
  __HAL_UNLOCK(hpcd);
 8001ce2:	2000      	movs	r0, #0
 8001ce4:	f884 0290 	strb.w	r0, [r4, #656]	@ 0x290
}
 8001ce8:	bd10      	pop	{r4, pc}
  __HAL_LOCK(hpcd);
 8001cea:	2002      	movs	r0, #2
}
 8001cec:	4770      	bx	lr

08001cee <HAL_PCD_EP_DB_Transmit>:
  * @param  wEPVal Last snapshot of EPRx register value taken in ISR
  * @retval HAL status
  */
static HAL_StatusTypeDef HAL_PCD_EP_DB_Transmit(PCD_HandleTypeDef *hpcd,
                                                PCD_EPTypeDef *ep, uint16_t wEPVal)
{
 8001cee:	b570      	push	{r4, r5, r6, lr}
 8001cf0:	4605      	mov	r5, r0
 8001cf2:	460c      	mov	r4, r1
 8001cf4:	4616      	mov	r6, r2
  uint32_t len;
  uint16_t TxPctSize;

  /* Data Buffer0 ACK received */
  if ((wEPVal & USB_EP_DTOG_TX) != 0U)
 8001cf6:	f012 0f40 	tst.w	r2, #64	@ 0x40
 8001cfa:	f000 811f 	beq.w	8001f3c <HAL_PCD_EP_DB_Transmit+0x24e>
  {
    /* multi-packet on the NON control IN endpoint */
    TxPctSize = (uint16_t)PCD_GET_EP_DBUF0_CNT(hpcd->Instance, ep->num);
 8001cfe:	6802      	ldr	r2, [r0, #0]
 8001d00:	f8b2 3050 	ldrh.w	r3, [r2, #80]	@ 0x50
 8001d04:	7809      	ldrb	r1, [r1, #0]
 8001d06:	ea4f 0cc1 	mov.w	ip, r1, lsl #3
 8001d0a:	fa1c f383 	uxtah	r3, ip, r3
 8001d0e:	4413      	add	r3, r2
 8001d10:	f8b3 2402 	ldrh.w	r2, [r3, #1026]	@ 0x402
 8001d14:	f3c2 0209 	ubfx	r2, r2, #0, #10

    if (ep->xfer_len > TxPctSize)
 8001d18:	69a3      	ldr	r3, [r4, #24]
 8001d1a:	4293      	cmp	r3, r2
 8001d1c:	d92c      	bls.n	8001d78 <HAL_PCD_EP_DB_Transmit+0x8a>
    {
      ep->xfer_len -= TxPctSize;
 8001d1e:	1a9b      	subs	r3, r3, r2
 8001d20:	61a3      	str	r3, [r4, #24]
    {
      ep->xfer_len = 0U;
    }

    /* Transfer is completed */
    if (ep->xfer_len == 0U)
 8001d22:	69a0      	ldr	r0, [r4, #24]
 8001d24:	b358      	cbz	r0, 8001d7e <HAL_PCD_EP_DB_Transmit+0x90>
      return HAL_OK;
    }
    else /* Transfer is not yet Done */
    {
      /* Need to Free USB Buffer */
      if ((wEPVal & USB_EP_DTOG_RX) != 0U)
 8001d26:	f416 4f80 	tst.w	r6, #16384	@ 0x4000
 8001d2a:	d00d      	beq.n	8001d48 <HAL_PCD_EP_DB_Transmit+0x5a>
      {
        PCD_FREE_USER_BUFFER(hpcd->Instance, ep->num, 1U);
 8001d2c:	6828      	ldr	r0, [r5, #0]
 8001d2e:	f830 3021 	ldrh.w	r3, [r0, r1, lsl #2]
 8001d32:	b29b      	uxth	r3, r3
 8001d34:	f423 43e0 	bic.w	r3, r3, #28672	@ 0x7000
 8001d38:	f023 0370 	bic.w	r3, r3, #112	@ 0x70
 8001d3c:	f443 4340 	orr.w	r3, r3, #49152	@ 0xc000
 8001d40:	f043 0380 	orr.w	r3, r3, #128	@ 0x80
 8001d44:	f820 3021 	strh.w	r3, [r0, r1, lsl #2]
      }

      /* Still there is data to Fill in the next Buffer */
      if (ep->xfer_fill_db == 1U)
 8001d48:	f894 3024 	ldrb.w	r3, [r4, #36]	@ 0x24
 8001d4c:	2b01      	cmp	r3, #1
 8001d4e:	f000 808d 	beq.w	8001e6c <HAL_PCD_EP_DB_Transmit+0x17e>
      }
    }
  }

  /* Enable endpoint IN */
  PCD_SET_EP_TX_STATUS(hpcd->Instance, ep->num, USB_EP_TX_VALID);
 8001d52:	682a      	ldr	r2, [r5, #0]
 8001d54:	7821      	ldrb	r1, [r4, #0]
 8001d56:	f832 3021 	ldrh.w	r3, [r2, r1, lsl #2]
 8001d5a:	b29b      	uxth	r3, r3
 8001d5c:	f423 43e0 	bic.w	r3, r3, #28672	@ 0x7000
 8001d60:	f023 0340 	bic.w	r3, r3, #64	@ 0x40
 8001d64:	f083 0330 	eor.w	r3, r3, #48	@ 0x30
 8001d68:	f443 4300 	orr.w	r3, r3, #32768	@ 0x8000
 8001d6c:	f043 0380 	orr.w	r3, r3, #128	@ 0x80
 8001d70:	f822 3021 	strh.w	r3, [r2, r1, lsl #2]

  return HAL_OK;
}
 8001d74:	2000      	movs	r0, #0
 8001d76:	bd70      	pop	{r4, r5, r6, pc}
      ep->xfer_len = 0U;
 8001d78:	2300      	movs	r3, #0
 8001d7a:	61a3      	str	r3, [r4, #24]
 8001d7c:	e7d1      	b.n	8001d22 <HAL_PCD_EP_DB_Transmit+0x34>
      PCD_SET_EP_DBUF0_CNT(hpcd->Instance, ep->num, ep->is_in, 0U);
 8001d7e:	7863      	ldrb	r3, [r4, #1]
 8001d80:	2b00      	cmp	r3, #0
 8001d82:	d148      	bne.n	8001e16 <HAL_PCD_EP_DB_Transmit+0x128>
 8001d84:	682a      	ldr	r2, [r5, #0]
 8001d86:	f8b2 3050 	ldrh.w	r3, [r2, #80]	@ 0x50
 8001d8a:	fa12 f383 	uxtah	r3, r2, r3
 8001d8e:	4463      	add	r3, ip
 8001d90:	f8b3 2402 	ldrh.w	r2, [r3, #1026]	@ 0x402
 8001d94:	f3c2 0209 	ubfx	r2, r2, #0, #10
 8001d98:	f8a3 2402 	strh.w	r2, [r3, #1026]	@ 0x402
 8001d9c:	f8b3 2402 	ldrh.w	r2, [r3, #1026]	@ 0x402
 8001da0:	ea6f 4242 	mvn.w	r2, r2, lsl #17
 8001da4:	ea6f 4252 	mvn.w	r2, r2, lsr #17
 8001da8:	b292      	uxth	r2, r2
 8001daa:	f8a3 2402 	strh.w	r2, [r3, #1026]	@ 0x402
      PCD_SET_EP_DBUF1_CNT(hpcd->Instance, ep->num, ep->is_in, 0U);
 8001dae:	682a      	ldr	r2, [r5, #0]
 8001db0:	7863      	ldrb	r3, [r4, #1]
 8001db2:	2b00      	cmp	r3, #0
 8001db4:	d13b      	bne.n	8001e2e <HAL_PCD_EP_DB_Transmit+0x140>
 8001db6:	f8b2 3050 	ldrh.w	r3, [r2, #80]	@ 0x50
 8001dba:	fa12 f383 	uxtah	r3, r2, r3
 8001dbe:	7822      	ldrb	r2, [r4, #0]
 8001dc0:	eb03 03c2 	add.w	r3, r3, r2, lsl #3
 8001dc4:	f8b3 2406 	ldrh.w	r2, [r3, #1030]	@ 0x406
 8001dc8:	f3c2 0209 	ubfx	r2, r2, #0, #10
 8001dcc:	f8a3 2406 	strh.w	r2, [r3, #1030]	@ 0x406
 8001dd0:	f8b3 2406 	ldrh.w	r2, [r3, #1030]	@ 0x406
 8001dd4:	ea6f 4242 	mvn.w	r2, r2, lsl #17
 8001dd8:	ea6f 4252 	mvn.w	r2, r2, lsr #17
 8001ddc:	b292      	uxth	r2, r2
 8001dde:	f8a3 2406 	strh.w	r2, [r3, #1030]	@ 0x406
      if (ep->type == EP_TYPE_BULK)
 8001de2:	78e3      	ldrb	r3, [r4, #3]
 8001de4:	2b02      	cmp	r3, #2
 8001de6:	d02f      	beq.n	8001e48 <HAL_PCD_EP_DB_Transmit+0x15a>
      HAL_PCD_DataInStageCallback(hpcd, ep->num);
 8001de8:	7821      	ldrb	r1, [r4, #0]
 8001dea:	4628      	mov	r0, r5
 8001dec:	f003 fe1e 	bl	8005a2c <HAL_PCD_DataInStageCallback>
      if ((wEPVal & USB_EP_DTOG_RX) != 0U)
 8001df0:	f416 4f80 	tst.w	r6, #16384	@ 0x4000
 8001df4:	d0be      	beq.n	8001d74 <HAL_PCD_EP_DB_Transmit+0x86>
        PCD_FREE_USER_BUFFER(hpcd->Instance, ep->num, 1U);
 8001df6:	682a      	ldr	r2, [r5, #0]
 8001df8:	7821      	ldrb	r1, [r4, #0]
 8001dfa:	f832 3021 	ldrh.w	r3, [r2, r1, lsl #2]
 8001dfe:	b29b      	uxth	r3, r3
 8001e00:	f423 43e0 	bic.w	r3, r3, #28672	@ 0x7000
 8001e04:	f023 0370 	bic.w	r3, r3, #112	@ 0x70
 8001e08:	f443 4340 	orr.w	r3, r3, #49152	@ 0xc000
 8001e0c:	f043 0380 	orr.w	r3, r3, #128	@ 0x80
 8001e10:	f822 3021 	strh.w	r3, [r2, r1, lsl #2]
      return HAL_OK;
 8001e14:	e7ae      	b.n	8001d74 <HAL_PCD_EP_DB_Transmit+0x86>
      PCD_SET_EP_DBUF0_CNT(hpcd->Instance, ep->num, ep->is_in, 0U);
 8001e16:	2b01      	cmp	r3, #1
 8001e18:	d1c9      	bne.n	8001dae <HAL_PCD_EP_DB_Transmit+0xc0>
 8001e1a:	682a      	ldr	r2, [r5, #0]
 8001e1c:	f8b2 3050 	ldrh.w	r3, [r2, #80]	@ 0x50
 8001e20:	fa12 f383 	uxtah	r3, r2, r3
 8001e24:	4463      	add	r3, ip
 8001e26:	2200      	movs	r2, #0
 8001e28:	f8a3 2402 	strh.w	r2, [r3, #1026]	@ 0x402
 8001e2c:	e7bf      	b.n	8001dae <HAL_PCD_EP_DB_Transmit+0xc0>
      PCD_SET_EP_DBUF1_CNT(hpcd->Instance, ep->num, ep->is_in, 0U);
 8001e2e:	2b01      	cmp	r3, #1
 8001e30:	d1d7      	bne.n	8001de2 <HAL_PCD_EP_DB_Transmit+0xf4>
 8001e32:	f8b2 3050 	ldrh.w	r3, [r2, #80]	@ 0x50
 8001e36:	fa12 f383 	uxtah	r3, r2, r3
 8001e3a:	7822      	ldrb	r2, [r4, #0]
 8001e3c:	eb03 03c2 	add.w	r3, r3, r2, lsl #3
 8001e40:	2200      	movs	r2, #0
 8001e42:	f8a3 2406 	strh.w	r2, [r3, #1030]	@ 0x406
 8001e46:	e7cc      	b.n	8001de2 <HAL_PCD_EP_DB_Transmit+0xf4>
        PCD_SET_EP_TX_STATUS(hpcd->Instance, ep->num, USB_EP_TX_NAK);
 8001e48:	682a      	ldr	r2, [r5, #0]
 8001e4a:	7821      	ldrb	r1, [r4, #0]
 8001e4c:	f832 3021 	ldrh.w	r3, [r2, r1, lsl #2]
 8001e50:	b29b      	uxth	r3, r3
 8001e52:	f423 43e0 	bic.w	r3, r3, #28672	@ 0x7000
 8001e56:	f023 0340 	bic.w	r3, r3, #64	@ 0x40
 8001e5a:	f083 0320 	eor.w	r3, r3, #32
 8001e5e:	f443 4300 	orr.w	r3, r3, #32768	@ 0x8000
 8001e62:	f043 0380 	orr.w	r3, r3, #128	@ 0x80
 8001e66:	f822 3021 	strh.w	r3, [r2, r1, lsl #2]
 8001e6a:	e7bd      	b.n	8001de8 <HAL_PCD_EP_DB_Transmit+0xfa>
        ep->xfer_buff += TxPctSize;
 8001e6c:	6963      	ldr	r3, [r4, #20]
 8001e6e:	4413      	add	r3, r2
 8001e70:	6163      	str	r3, [r4, #20]
        ep->xfer_count += TxPctSize;
 8001e72:	69e3      	ldr	r3, [r4, #28]
 8001e74:	4413      	add	r3, r2
 8001e76:	61e3      	str	r3, [r4, #28]
        if (ep->xfer_len_db >= ep->maxpacket)
 8001e78:	6a21      	ldr	r1, [r4, #32]
 8001e7a:	6923      	ldr	r3, [r4, #16]
 8001e7c:	4299      	cmp	r1, r3
 8001e7e:	d31d      	bcc.n	8001ebc <HAL_PCD_EP_DB_Transmit+0x1ce>
          ep->xfer_len_db -= len;
 8001e80:	1ac9      	subs	r1, r1, r3
 8001e82:	6221      	str	r1, [r4, #32]
        PCD_SET_EP_DBUF0_CNT(hpcd->Instance, ep->num, ep->is_in, len);
 8001e84:	7862      	ldrb	r2, [r4, #1]
 8001e86:	2a00      	cmp	r2, #0
 8001e88:	d143      	bne.n	8001f12 <HAL_PCD_EP_DB_Transmit+0x224>
 8001e8a:	6829      	ldr	r1, [r5, #0]
 8001e8c:	f8b1 2050 	ldrh.w	r2, [r1, #80]	@ 0x50
 8001e90:	fa11 f282 	uxtah	r2, r1, r2
 8001e94:	7821      	ldrb	r1, [r4, #0]
 8001e96:	eb02 02c1 	add.w	r2, r2, r1, lsl #3
 8001e9a:	f8b2 1402 	ldrh.w	r1, [r2, #1026]	@ 0x402
 8001e9e:	f3c1 0109 	ubfx	r1, r1, #0, #10
 8001ea2:	f8a2 1402 	strh.w	r1, [r2, #1026]	@ 0x402
 8001ea6:	b9a3      	cbnz	r3, 8001ed2 <HAL_PCD_EP_DB_Transmit+0x1e4>
 8001ea8:	f8b2 1402 	ldrh.w	r1, [r2, #1026]	@ 0x402
 8001eac:	ea6f 4141 	mvn.w	r1, r1, lsl #17
 8001eb0:	ea6f 4151 	mvn.w	r1, r1, lsr #17
 8001eb4:	b289      	uxth	r1, r1
 8001eb6:	f8a2 1402 	strh.w	r1, [r2, #1026]	@ 0x402
 8001eba:	e02c      	b.n	8001f16 <HAL_PCD_EP_DB_Transmit+0x228>
        else if (ep->xfer_len_db == 0U)
 8001ebc:	b919      	cbnz	r1, 8001ec6 <HAL_PCD_EP_DB_Transmit+0x1d8>
          ep->xfer_fill_db = 0U;
 8001ebe:	f884 1024 	strb.w	r1, [r4, #36]	@ 0x24
          len = TxPctSize;
 8001ec2:	4613      	mov	r3, r2
 8001ec4:	e7de      	b.n	8001e84 <HAL_PCD_EP_DB_Transmit+0x196>
          ep->xfer_fill_db = 0U;
 8001ec6:	2300      	movs	r3, #0
 8001ec8:	f884 3024 	strb.w	r3, [r4, #36]	@ 0x24
          ep->xfer_len_db = 0U;
 8001ecc:	6223      	str	r3, [r4, #32]
          len = ep->xfer_len_db;
 8001ece:	460b      	mov	r3, r1
 8001ed0:	e7d8      	b.n	8001e84 <HAL_PCD_EP_DB_Transmit+0x196>
        PCD_SET_EP_DBUF0_CNT(hpcd->Instance, ep->num, ep->is_in, len);
 8001ed2:	2b3e      	cmp	r3, #62	@ 0x3e
 8001ed4:	d80d      	bhi.n	8001ef2 <HAL_PCD_EP_DB_Transmit+0x204>
 8001ed6:	0859      	lsrs	r1, r3, #1
 8001ed8:	f013 0f01 	tst.w	r3, #1
 8001edc:	d000      	beq.n	8001ee0 <HAL_PCD_EP_DB_Transmit+0x1f2>
 8001ede:	3101      	adds	r1, #1
 8001ee0:	f8b2 0402 	ldrh.w	r0, [r2, #1026]	@ 0x402
 8001ee4:	b280      	uxth	r0, r0
 8001ee6:	0289      	lsls	r1, r1, #10
 8001ee8:	b289      	uxth	r1, r1
 8001eea:	4301      	orrs	r1, r0
 8001eec:	f8a2 1402 	strh.w	r1, [r2, #1026]	@ 0x402
 8001ef0:	e011      	b.n	8001f16 <HAL_PCD_EP_DB_Transmit+0x228>
 8001ef2:	0958      	lsrs	r0, r3, #5
 8001ef4:	f013 0f1f 	tst.w	r3, #31
 8001ef8:	d100      	bne.n	8001efc <HAL_PCD_EP_DB_Transmit+0x20e>
 8001efa:	3801      	subs	r0, #1
 8001efc:	f8b2 1402 	ldrh.w	r1, [r2, #1026]	@ 0x402
 8001f00:	b289      	uxth	r1, r1
 8001f02:	0280      	lsls	r0, r0, #10
 8001f04:	b280      	uxth	r0, r0
 8001f06:	4301      	orrs	r1, r0
 8001f08:	f441 4100 	orr.w	r1, r1, #32768	@ 0x8000
 8001f0c:	f8a2 1402 	strh.w	r1, [r2, #1026]	@ 0x402
 8001f10:	e001      	b.n	8001f16 <HAL_PCD_EP_DB_Transmit+0x228>
 8001f12:	2a01      	cmp	r2, #1
 8001f14:	d006      	beq.n	8001f24 <HAL_PCD_EP_DB_Transmit+0x236>
        USB_WritePMA(hpcd->Instance, ep->xfer_buff,  ep->pmaaddr0, (uint16_t)len);
 8001f16:	b29b      	uxth	r3, r3
 8001f18:	8922      	ldrh	r2, [r4, #8]
 8001f1a:	6961      	ldr	r1, [r4, #20]
 8001f1c:	6828      	ldr	r0, [r5, #0]
 8001f1e:	f002 fea4 	bl	8004c6a <USB_WritePMA>
 8001f22:	e716      	b.n	8001d52 <HAL_PCD_EP_DB_Transmit+0x64>
        PCD_SET_EP_DBUF0_CNT(hpcd->Instance, ep->num, ep->is_in, len);
 8001f24:	6829      	ldr	r1, [r5, #0]
 8001f26:	f8b1 2050 	ldrh.w	r2, [r1, #80]	@ 0x50
 8001f2a:	fa11 f282 	uxtah	r2, r1, r2
 8001f2e:	7821      	ldrb	r1, [r4, #0]
 8001f30:	eb02 02c1 	add.w	r2, r2, r1, lsl #3
 8001f34:	b299      	uxth	r1, r3
 8001f36:	f8a2 1402 	strh.w	r1, [r2, #1026]	@ 0x402
 8001f3a:	e7ec      	b.n	8001f16 <HAL_PCD_EP_DB_Transmit+0x228>
    TxPctSize = (uint16_t)PCD_GET_EP_DBUF1_CNT(hpcd->Instance, ep->num);
 8001f3c:	6802      	ldr	r2, [r0, #0]
 8001f3e:	f8b2 3050 	ldrh.w	r3, [r2, #80]	@ 0x50
 8001f42:	7809      	ldrb	r1, [r1, #0]
 8001f44:	00c8      	lsls	r0, r1, #3
 8001f46:	fa10 f383 	uxtah	r3, r0, r3
 8001f4a:	4413      	add	r3, r2
 8001f4c:	f8b3 2406 	ldrh.w	r2, [r3, #1030]	@ 0x406
 8001f50:	f3c2 0209 	ubfx	r2, r2, #0, #10
    if (ep->xfer_len >= TxPctSize)
 8001f54:	69a3      	ldr	r3, [r4, #24]
 8001f56:	4293      	cmp	r3, r2
 8001f58:	d346      	bcc.n	8001fe8 <HAL_PCD_EP_DB_Transmit+0x2fa>
      ep->xfer_len -= TxPctSize;
 8001f5a:	1a9b      	subs	r3, r3, r2
 8001f5c:	61a3      	str	r3, [r4, #24]
    if (ep->xfer_len == 0U)
 8001f5e:	69a3      	ldr	r3, [r4, #24]
 8001f60:	2b00      	cmp	r3, #0
 8001f62:	d044      	beq.n	8001fee <HAL_PCD_EP_DB_Transmit+0x300>
      if ((wEPVal & USB_EP_DTOG_RX) == 0U)
 8001f64:	f416 4f80 	tst.w	r6, #16384	@ 0x4000
 8001f68:	d10d      	bne.n	8001f86 <HAL_PCD_EP_DB_Transmit+0x298>
        PCD_FREE_USER_BUFFER(hpcd->Instance, ep->num, 1U);
 8001f6a:	6828      	ldr	r0, [r5, #0]
 8001f6c:	f830 3021 	ldrh.w	r3, [r0, r1, lsl #2]
 8001f70:	b29b      	uxth	r3, r3
 8001f72:	f423 43e0 	bic.w	r3, r3, #28672	@ 0x7000
 8001f76:	f023 0370 	bic.w	r3, r3, #112	@ 0x70
 8001f7a:	f443 4340 	orr.w	r3, r3, #49152	@ 0xc000
 8001f7e:	f043 0380 	orr.w	r3, r3, #128	@ 0x80
 8001f82:	f820 3021 	strh.w	r3, [r0, r1, lsl #2]
      if (ep->xfer_fill_db == 1U)
 8001f86:	f894 3024 	ldrb.w	r3, [r4, #36]	@ 0x24
 8001f8a:	2b01      	cmp	r3, #1
 8001f8c:	f47f aee1 	bne.w	8001d52 <HAL_PCD_EP_DB_Transmit+0x64>
        ep->xfer_buff += TxPctSize;
 8001f90:	6963      	ldr	r3, [r4, #20]
 8001f92:	4413      	add	r3, r2
 8001f94:	6163      	str	r3, [r4, #20]
        ep->xfer_count += TxPctSize;
 8001f96:	69e3      	ldr	r3, [r4, #28]
 8001f98:	4413      	add	r3, r2
 8001f9a:	61e3      	str	r3, [r4, #28]
        if (ep->xfer_len_db >= ep->maxpacket)
 8001f9c:	6a21      	ldr	r1, [r4, #32]
 8001f9e:	6923      	ldr	r3, [r4, #16]
 8001fa0:	4299      	cmp	r1, r3
 8001fa2:	f0c0 809c 	bcc.w	80020de <HAL_PCD_EP_DB_Transmit+0x3f0>
          ep->xfer_len_db -= len;
 8001fa6:	1ac9      	subs	r1, r1, r3
 8001fa8:	6221      	str	r1, [r4, #32]
        PCD_SET_EP_DBUF1_CNT(hpcd->Instance, ep->num, ep->is_in, len);
 8001faa:	6829      	ldr	r1, [r5, #0]
 8001fac:	7862      	ldrb	r2, [r4, #1]
 8001fae:	2a00      	cmp	r2, #0
 8001fb0:	f040 80c0 	bne.w	8002134 <HAL_PCD_EP_DB_Transmit+0x446>
 8001fb4:	f8b1 2050 	ldrh.w	r2, [r1, #80]	@ 0x50
 8001fb8:	fa11 f282 	uxtah	r2, r1, r2
 8001fbc:	7821      	ldrb	r1, [r4, #0]
 8001fbe:	eb02 02c1 	add.w	r2, r2, r1, lsl #3
 8001fc2:	f8b2 1406 	ldrh.w	r1, [r2, #1030]	@ 0x406
 8001fc6:	f3c1 0109 	ubfx	r1, r1, #0, #10
 8001fca:	f8a2 1406 	strh.w	r1, [r2, #1030]	@ 0x406
 8001fce:	2b00      	cmp	r3, #0
 8001fd0:	f040 8090 	bne.w	80020f4 <HAL_PCD_EP_DB_Transmit+0x406>
 8001fd4:	f8b2 1406 	ldrh.w	r1, [r2, #1030]	@ 0x406
 8001fd8:	ea6f 4141 	mvn.w	r1, r1, lsl #17
 8001fdc:	ea6f 4151 	mvn.w	r1, r1, lsr #17
 8001fe0:	b289      	uxth	r1, r1
 8001fe2:	f8a2 1406 	strh.w	r1, [r2, #1030]	@ 0x406
 8001fe6:	e0a7      	b.n	8002138 <HAL_PCD_EP_DB_Transmit+0x44a>
      ep->xfer_len = 0U;
 8001fe8:	2300      	movs	r3, #0
 8001fea:	61a3      	str	r3, [r4, #24]
 8001fec:	e7b7      	b.n	8001f5e <HAL_PCD_EP_DB_Transmit+0x270>
      PCD_SET_EP_DBUF0_CNT(hpcd->Instance, ep->num, ep->is_in, 0U);
 8001fee:	7863      	ldrb	r3, [r4, #1]
 8001ff0:	2b00      	cmp	r3, #0
 8001ff2:	d149      	bne.n	8002088 <HAL_PCD_EP_DB_Transmit+0x39a>
 8001ff4:	682a      	ldr	r2, [r5, #0]
 8001ff6:	f8b2 3050 	ldrh.w	r3, [r2, #80]	@ 0x50
 8001ffa:	fa12 f383 	uxtah	r3, r2, r3
 8001ffe:	4403      	add	r3, r0
 8002000:	f8b3 2402 	ldrh.w	r2, [r3, #1026]	@ 0x402
 8002004:	f3c2 0209 	ubfx	r2, r2, #0, #10
 8002008:	f8a3 2402 	strh.w	r2, [r3, #1026]	@ 0x402
 800200c:	f8b3 2402 	ldrh.w	r2, [r3, #1026]	@ 0x402
 8002010:	ea6f 4242 	mvn.w	r2, r2, lsl #17
 8002014:	ea6f 4252 	mvn.w	r2, r2, lsr #17
 8002018:	b292      	uxth	r2, r2
 800201a:	f8a3 2402 	strh.w	r2, [r3, #1026]	@ 0x402
      PCD_SET_EP_DBUF1_CNT(hpcd->Instance, ep->num, ep->is_in, 0U);
 800201e:	682a      	ldr	r2, [r5, #0]
 8002020:	7863      	ldrb	r3, [r4, #1]
 8002022:	2b00      	cmp	r3, #0
 8002024:	d13c      	bne.n	80020a0 <HAL_PCD_EP_DB_Transmit+0x3b2>
 8002026:	f8b2 3050 	ldrh.w	r3, [r2, #80]	@ 0x50
 800202a:	fa12 f383 	uxtah	r3, r2, r3
 800202e:	7822      	ldrb	r2, [r4, #0]
 8002030:	eb03 03c2 	add.w	r3, r3, r2, lsl #3
 8002034:	f8b3 2406 	ldrh.w	r2, [r3, #1030]	@ 0x406
 8002038:	f3c2 0209 	ubfx	r2, r2, #0, #10
 800203c:	f8a3 2406 	strh.w	r2, [r3, #1030]	@ 0x406
 8002040:	f8b3 2406 	ldrh.w	r2, [r3, #1030]	@ 0x406
 8002044:	ea6f 4242 	mvn.w	r2, r2, lsl #17
 8002048:	ea6f 4252 	mvn.w	r2, r2, lsr #17
 800204c:	b292      	uxth	r2, r2
 800204e:	f8a3 2406 	strh.w	r2, [r3, #1030]	@ 0x406
      if (ep->type == EP_TYPE_BULK)
 8002052:	78e3      	ldrb	r3, [r4, #3]
 8002054:	2b02      	cmp	r3, #2
 8002056:	d030      	beq.n	80020ba <HAL_PCD_EP_DB_Transmit+0x3cc>
      HAL_PCD_DataInStageCallback(hpcd, ep->num);
 8002058:	7821      	ldrb	r1, [r4, #0]
 800205a:	4628      	mov	r0, r5
 800205c:	f003 fce6 	bl	8005a2c <HAL_PCD_DataInStageCallback>
      if ((wEPVal & USB_EP_DTOG_RX) == 0U)
 8002060:	f416 4f80 	tst.w	r6, #16384	@ 0x4000
 8002064:	f47f ae86 	bne.w	8001d74 <HAL_PCD_EP_DB_Transmit+0x86>
        PCD_FREE_USER_BUFFER(hpcd->Instance, ep->num, 1U);
 8002068:	682a      	ldr	r2, [r5, #0]
 800206a:	7821      	ldrb	r1, [r4, #0]
 800206c:	f832 3021 	ldrh.w	r3, [r2, r1, lsl #2]
 8002070:	b29b      	uxth	r3, r3
 8002072:	f423 43e0 	bic.w	r3, r3, #28672	@ 0x7000
 8002076:	f023 0370 	bic.w	r3, r3, #112	@ 0x70
 800207a:	f443 4340 	orr.w	r3, r3, #49152	@ 0xc000
 800207e:	f043 0380 	orr.w	r3, r3, #128	@ 0x80
 8002082:	f822 3021 	strh.w	r3, [r2, r1, lsl #2]
      return HAL_OK;
 8002086:	e675      	b.n	8001d74 <HAL_PCD_EP_DB_Transmit+0x86>
      PCD_SET_EP_DBUF0_CNT(hpcd->Instance, ep->num, ep->is_in, 0U);
 8002088:	2b01      	cmp	r3, #1
 800208a:	d1c8      	bne.n	800201e <HAL_PCD_EP_DB_Transmit+0x330>
 800208c:	682a      	ldr	r2, [r5, #0]
 800208e:	f8b2 3050 	ldrh.w	r3, [r2, #80]	@ 0x50
 8002092:	fa12 f383 	uxtah	r3, r2, r3
 8002096:	4403      	add	r3, r0
 8002098:	2200      	movs	r2, #0
 800209a:	f8a3 2402 	strh.w	r2, [r3, #1026]	@ 0x402
 800209e:	e7be      	b.n	800201e <HAL_PCD_EP_DB_Transmit+0x330>
      PCD_SET_EP_DBUF1_CNT(hpcd->Instance, ep->num, ep->is_in, 0U);
 80020a0:	2b01      	cmp	r3, #1
 80020a2:	d1d6      	bne.n	8002052 <HAL_PCD_EP_DB_Transmit+0x364>
 80020a4:	f8b2 3050 	ldrh.w	r3, [r2, #80]	@ 0x50
 80020a8:	fa12 f383 	uxtah	r3, r2, r3
 80020ac:	7822      	ldrb	r2, [r4, #0]
 80020ae:	eb03 03c2 	add.w	r3, r3, r2, lsl #3
 80020b2:	2200      	movs	r2, #0
 80020b4:	f8a3 2406 	strh.w	r2, [r3, #1030]	@ 0x406
 80020b8:	e7cb      	b.n	8002052 <HAL_PCD_EP_DB_Transmit+0x364>
        PCD_SET_EP_TX_STATUS(hpcd->Instance, ep->num, USB_EP_TX_NAK);
 80020ba:	682a      	ldr	r2, [r5, #0]
 80020bc:	7821      	ldrb	r1, [r4, #0]
 80020be:	f832 3021 	ldrh.w	r3, [r2, r1, lsl #2]
 80020c2:	b29b      	uxth	r3, r3
 80020c4:	f423 43e0 	bic.w	r3, r3, #28672	@ 0x7000
 80020c8:	f023 0340 	bic.w	r3, r3, #64	@ 0x40
 80020cc:	f083 0320 	eor.w	r3, r3, #32
 80020d0:	f443 4300 	orr.w	r3, r3, #32768	@ 0x8000
 80020d4:	f043 0380 	orr.w	r3, r3, #128	@ 0x80
 80020d8:	f822 3021 	strh.w	r3, [r2, r1, lsl #2]
 80020dc:	e7bc      	b.n	8002058 <HAL_PCD_EP_DB_Transmit+0x36a>
        else if (ep->xfer_len_db == 0U)
 80020de:	b919      	cbnz	r1, 80020e8 <HAL_PCD_EP_DB_Transmit+0x3fa>
          ep->xfer_fill_db = 0U;
 80020e0:	f884 1024 	strb.w	r1, [r4, #36]	@ 0x24
          len = TxPctSize;
 80020e4:	4613      	mov	r3, r2
 80020e6:	e760      	b.n	8001faa <HAL_PCD_EP_DB_Transmit+0x2bc>
          ep->xfer_len_db = 0U;
 80020e8:	2300      	movs	r3, #0
 80020ea:	6223      	str	r3, [r4, #32]
          ep->xfer_fill_db = 0;
 80020ec:	f884 3024 	strb.w	r3, [r4, #36]	@ 0x24
          len = ep->xfer_len_db;
 80020f0:	460b      	mov	r3, r1
 80020f2:	e75a      	b.n	8001faa <HAL_PCD_EP_DB_Transmit+0x2bc>
        PCD_SET_EP_DBUF1_CNT(hpcd->Instance, ep->num, ep->is_in, len);
 80020f4:	2b3e      	cmp	r3, #62	@ 0x3e
 80020f6:	d80d      	bhi.n	8002114 <HAL_PCD_EP_DB_Transmit+0x426>
 80020f8:	0859      	lsrs	r1, r3, #1
 80020fa:	f013 0f01 	tst.w	r3, #1
 80020fe:	d000      	beq.n	8002102 <HAL_PCD_EP_DB_Transmit+0x414>
 8002100:	3101      	adds	r1, #1
 8002102:	f8b2 0406 	ldrh.w	r0, [r2, #1030]	@ 0x406
 8002106:	b280      	uxth	r0, r0
 8002108:	0289      	lsls	r1, r1, #10
 800210a:	b289      	uxth	r1, r1
 800210c:	4301      	orrs	r1, r0
 800210e:	f8a2 1406 	strh.w	r1, [r2, #1030]	@ 0x406
 8002112:	e011      	b.n	8002138 <HAL_PCD_EP_DB_Transmit+0x44a>
 8002114:	0958      	lsrs	r0, r3, #5
 8002116:	f013 0f1f 	tst.w	r3, #31
 800211a:	d100      	bne.n	800211e <HAL_PCD_EP_DB_Transmit+0x430>
 800211c:	3801      	subs	r0, #1
 800211e:	f8b2 1406 	ldrh.w	r1, [r2, #1030]	@ 0x406
 8002122:	b289      	uxth	r1, r1
 8002124:	0280      	lsls	r0, r0, #10
 8002126:	b280      	uxth	r0, r0
 8002128:	4301      	orrs	r1, r0
 800212a:	f441 4100 	orr.w	r1, r1, #32768	@ 0x8000
 800212e:	f8a2 1406 	strh.w	r1, [r2, #1030]	@ 0x406
 8002132:	e001      	b.n	8002138 <HAL_PCD_EP_DB_Transmit+0x44a>
 8002134:	2a01      	cmp	r2, #1
 8002136:	d006      	beq.n	8002146 <HAL_PCD_EP_DB_Transmit+0x458>
        USB_WritePMA(hpcd->Instance, ep->xfer_buff,  ep->pmaaddr1, (uint16_t)len);
 8002138:	b29b      	uxth	r3, r3
 800213a:	8962      	ldrh	r2, [r4, #10]
 800213c:	6961      	ldr	r1, [r4, #20]
 800213e:	6828      	ldr	r0, [r5, #0]
 8002140:	f002 fd93 	bl	8004c6a <USB_WritePMA>
 8002144:	e605      	b.n	8001d52 <HAL_PCD_EP_DB_Transmit+0x64>
        PCD_SET_EP_DBUF1_CNT(hpcd->Instance, ep->num, ep->is_in, len);
 8002146:	f8b1 2050 	ldrh.w	r2, [r1, #80]	@ 0x50
 800214a:	fa11 f282 	uxtah	r2, r1, r2
 800214e:	7821      	ldrb	r1, [r4, #0]
 8002150:	eb02 02c1 	add.w	r2, r2, r1, lsl #3
 8002154:	b299      	uxth	r1, r3
 8002156:	f8a2 1406 	strh.w	r1, [r2, #1030]	@ 0x406
 800215a:	e7ed      	b.n	8002138 <HAL_PCD_EP_DB_Transmit+0x44a>

0800215c <PCD_EP_ISR_Handler>:
{
 800215c:	e92d 41f0 	stmdb	sp!, {r4, r5, r6, r7, r8, lr}
 8002160:	4605      	mov	r5, r0
  while ((hpcd->Instance->ISTR & USB_ISTR_CTR) != 0U)
 8002162:	e053      	b.n	800220c <PCD_EP_ISR_Handler+0xb0>
        PCD_CLEAR_TX_EP_CTR(hpcd->Instance, PCD_ENDP0);
 8002164:	8803      	ldrh	r3, [r0, #0]
 8002166:	b29b      	uxth	r3, r3
 8002168:	f423 43e1 	bic.w	r3, r3, #28800	@ 0x7080
 800216c:	f023 0370 	bic.w	r3, r3, #112	@ 0x70
 8002170:	ea6f 4343 	mvn.w	r3, r3, lsl #17
 8002174:	ea6f 4353 	mvn.w	r3, r3, lsr #17
 8002178:	b29b      	uxth	r3, r3
 800217a:	8003      	strh	r3, [r0, #0]
        ep->xfer_count = PCD_GET_EP_TX_CNT(hpcd->Instance, ep->num);
 800217c:	6829      	ldr	r1, [r5, #0]
 800217e:	f8b1 3050 	ldrh.w	r3, [r1, #80]	@ 0x50
 8002182:	7c2a      	ldrb	r2, [r5, #16]
 8002184:	00d2      	lsls	r2, r2, #3
 8002186:	fa12 f383 	uxtah	r3, r2, r3
 800218a:	440b      	add	r3, r1
 800218c:	f8b3 3402 	ldrh.w	r3, [r3, #1026]	@ 0x402
 8002190:	f3c3 0309 	ubfx	r3, r3, #0, #10
 8002194:	62eb      	str	r3, [r5, #44]	@ 0x2c
        ep->xfer_buff += ep->xfer_count;
 8002196:	6a6a      	ldr	r2, [r5, #36]	@ 0x24
 8002198:	441a      	add	r2, r3
 800219a:	626a      	str	r2, [r5, #36]	@ 0x24
        HAL_PCD_DataInStageCallback(hpcd, 0U);
 800219c:	2100      	movs	r1, #0
 800219e:	4628      	mov	r0, r5
 80021a0:	f003 fc44 	bl	8005a2c <HAL_PCD_DataInStageCallback>
        if ((hpcd->USB_Address > 0U) && (ep->xfer_len == 0U))
 80021a4:	7b2b      	ldrb	r3, [r5, #12]
 80021a6:	b38b      	cbz	r3, 800220c <PCD_EP_ISR_Handler+0xb0>
 80021a8:	6aab      	ldr	r3, [r5, #40]	@ 0x28
 80021aa:	bb7b      	cbnz	r3, 800220c <PCD_EP_ISR_Handler+0xb0>
          hpcd->Instance->DADDR = ((uint16_t)hpcd->USB_Address | USB_DADDR_EF);
 80021ac:	7b2b      	ldrb	r3, [r5, #12]
 80021ae:	682a      	ldr	r2, [r5, #0]
 80021b0:	f043 0380 	orr.w	r3, r3, #128	@ 0x80
 80021b4:	f8a2 304c 	strh.w	r3, [r2, #76]	@ 0x4c
          hpcd->USB_Address = 0U;
 80021b8:	2300      	movs	r3, #0
 80021ba:	732b      	strb	r3, [r5, #12]
 80021bc:	e026      	b.n	800220c <PCD_EP_ISR_Handler+0xb0>
            PCD_SET_EP_RX_STATUS(hpcd->Instance, PCD_ENDP0, USB_EP_RX_STALL);
 80021be:	8803      	ldrh	r3, [r0, #0]
 80021c0:	b29b      	uxth	r3, r3
 80021c2:	f423 4380 	bic.w	r3, r3, #16384	@ 0x4000
 80021c6:	f023 0370 	bic.w	r3, r3, #112	@ 0x70
 80021ca:	f483 5380 	eor.w	r3, r3, #4096	@ 0x1000
 80021ce:	f248 0180 	movw	r1, #32896	@ 0x8080
 80021d2:	430b      	orrs	r3, r1
 80021d4:	8003      	strh	r3, [r0, #0]
            PCD_SET_EP_TX_STATUS(hpcd->Instance, PCD_ENDP0, USB_EP_TX_STALL);
 80021d6:	682a      	ldr	r2, [r5, #0]
 80021d8:	8813      	ldrh	r3, [r2, #0]
 80021da:	b29b      	uxth	r3, r3
 80021dc:	f423 43e0 	bic.w	r3, r3, #28672	@ 0x7000
 80021e0:	f023 0340 	bic.w	r3, r3, #64	@ 0x40
 80021e4:	f083 0310 	eor.w	r3, r3, #16
 80021e8:	430b      	orrs	r3, r1
 80021ea:	8013      	strh	r3, [r2, #0]
            PCD_CLEAR_RX_EP_CTR(hpcd->Instance, PCD_ENDP0);
 80021ec:	682a      	ldr	r2, [r5, #0]
 80021ee:	8813      	ldrh	r3, [r2, #0]
 80021f0:	b29b      	uxth	r3, r3
 80021f2:	f023 0370 	bic.w	r3, r3, #112	@ 0x70
 80021f6:	051b      	lsls	r3, r3, #20
 80021f8:	0d1b      	lsrs	r3, r3, #20
 80021fa:	f043 0380 	orr.w	r3, r3, #128	@ 0x80
 80021fe:	8013      	strh	r3, [r2, #0]
}
 8002200:	2000      	movs	r0, #0
 8002202:	e8bd 81f0 	ldmia.w	sp!, {r4, r5, r6, r7, r8, pc}
        else if ((wEPVal & USB_EP_CTR_RX) != 0U)
 8002206:	f412 4f00 	tst.w	r2, #32768	@ 0x8000
 800220a:	d137      	bne.n	800227c <PCD_EP_ISR_Handler+0x120>
  while ((hpcd->Instance->ISTR & USB_ISTR_CTR) != 0U)
 800220c:	6828      	ldr	r0, [r5, #0]
 800220e:	f8b0 3044 	ldrh.w	r3, [r0, #68]	@ 0x44
 8002212:	f413 4f00 	tst.w	r3, #32768	@ 0x8000
 8002216:	d0f3      	beq.n	8002200 <PCD_EP_ISR_Handler+0xa4>
    wIstr = hpcd->Instance->ISTR;
 8002218:	f8b0 4044 	ldrh.w	r4, [r0, #68]	@ 0x44
 800221c:	b2a3      	uxth	r3, r4
    if (epindex == 0U)
 800221e:	f014 040f 	ands.w	r4, r4, #15
 8002222:	d166      	bne.n	80022f2 <PCD_EP_ISR_Handler+0x196>
      if ((wIstr & USB_ISTR_DIR) == 0U)
 8002224:	f013 0f10 	tst.w	r3, #16
 8002228:	d09c      	beq.n	8002164 <PCD_EP_ISR_Handler+0x8>
        wEPVal = PCD_GET_ENDPOINT(hpcd->Instance, PCD_ENDP0);
 800222a:	8803      	ldrh	r3, [r0, #0]
 800222c:	b29a      	uxth	r2, r3
        if ((wEPVal & USB_EP_SETUP) != 0U)
 800222e:	f413 6f00 	tst.w	r3, #2048	@ 0x800
 8002232:	d0e8      	beq.n	8002206 <PCD_EP_ISR_Handler+0xaa>
          ep->xfer_count = PCD_GET_EP_RX_CNT(hpcd->Instance, ep->num);
 8002234:	f8b0 3050 	ldrh.w	r3, [r0, #80]	@ 0x50
 8002238:	f895 2150 	ldrb.w	r2, [r5, #336]	@ 0x150
 800223c:	00d2      	lsls	r2, r2, #3
 800223e:	fa12 f383 	uxtah	r3, r2, r3
 8002242:	4403      	add	r3, r0
 8002244:	f8b3 3406 	ldrh.w	r3, [r3, #1030]	@ 0x406
 8002248:	f3c3 0309 	ubfx	r3, r3, #0, #10
 800224c:	f8c5 316c 	str.w	r3, [r5, #364]	@ 0x16c
          if (ep->xfer_count != 8U)
 8002250:	2b08      	cmp	r3, #8
 8002252:	d1b4      	bne.n	80021be <PCD_EP_ISR_Handler+0x62>
          USB_ReadPMA(hpcd->Instance, (uint8_t *)hpcd->Setup,
 8002254:	f8b5 2156 	ldrh.w	r2, [r5, #342]	@ 0x156
 8002258:	f505 7126 	add.w	r1, r5, #664	@ 0x298
 800225c:	f002 ffde 	bl	800521c <USB_ReadPMA>
          PCD_CLEAR_RX_EP_CTR(hpcd->Instance, PCD_ENDP0);
 8002260:	682a      	ldr	r2, [r5, #0]
 8002262:	8813      	ldrh	r3, [r2, #0]
 8002264:	b29b      	uxth	r3, r3
 8002266:	f023 0370 	bic.w	r3, r3, #112	@ 0x70
 800226a:	051b      	lsls	r3, r3, #20
 800226c:	0d1b      	lsrs	r3, r3, #20
 800226e:	f043 0380 	orr.w	r3, r3, #128	@ 0x80
 8002272:	8013      	strh	r3, [r2, #0]
          HAL_PCD_SetupStageCallback(hpcd);
 8002274:	4628      	mov	r0, r5
 8002276:	f003 fbc5 	bl	8005a04 <HAL_PCD_SetupStageCallback>
 800227a:	e7c7      	b.n	800220c <PCD_EP_ISR_Handler+0xb0>
          PCD_CLEAR_RX_EP_CTR(hpcd->Instance, PCD_ENDP0);
 800227c:	8803      	ldrh	r3, [r0, #0]
 800227e:	b29b      	uxth	r3, r3
 8002280:	f023 0370 	bic.w	r3, r3, #112	@ 0x70
 8002284:	051b      	lsls	r3, r3, #20
 8002286:	0d1b      	lsrs	r3, r3, #20
 8002288:	f043 0380 	orr.w	r3, r3, #128	@ 0x80
 800228c:	8003      	strh	r3, [r0, #0]
          ep->xfer_count = PCD_GET_EP_RX_CNT(hpcd->Instance, ep->num);
 800228e:	6828      	ldr	r0, [r5, #0]
 8002290:	f8b0 3050 	ldrh.w	r3, [r0, #80]	@ 0x50
 8002294:	f895 2150 	ldrb.w	r2, [r5, #336]	@ 0x150
 8002298:	00d2      	lsls	r2, r2, #3
 800229a:	fa12 f383 	uxtah	r3, r2, r3
 800229e:	4403      	add	r3, r0
 80022a0:	f8b3 3406 	ldrh.w	r3, [r3, #1030]	@ 0x406
 80022a4:	f3c3 0309 	ubfx	r3, r3, #0, #10
 80022a8:	f8c5 316c 	str.w	r3, [r5, #364]	@ 0x16c
          if (ep->xfer_count == 0U)
 80022ac:	b96b      	cbnz	r3, 80022ca <PCD_EP_ISR_Handler+0x16e>
            PCD_SET_EP_RX_STATUS(hpcd->Instance, PCD_ENDP0, USB_EP_RX_VALID);
 80022ae:	8803      	ldrh	r3, [r0, #0]
 80022b0:	b29b      	uxth	r3, r3
 80022b2:	f423 4380 	bic.w	r3, r3, #16384	@ 0x4000
 80022b6:	f023 0370 	bic.w	r3, r3, #112	@ 0x70
 80022ba:	f483 5340 	eor.w	r3, r3, #12288	@ 0x3000
 80022be:	f443 4300 	orr.w	r3, r3, #32768	@ 0x8000
 80022c2:	f043 0380 	orr.w	r3, r3, #128	@ 0x80
 80022c6:	8003      	strh	r3, [r0, #0]
 80022c8:	e7a0      	b.n	800220c <PCD_EP_ISR_Handler+0xb0>
            if (ep->xfer_buff != 0U)
 80022ca:	f8d5 1164 	ldr.w	r1, [r5, #356]	@ 0x164
 80022ce:	2900      	cmp	r1, #0
 80022d0:	d09c      	beq.n	800220c <PCD_EP_ISR_Handler+0xb0>
              USB_ReadPMA(hpcd->Instance, ep->xfer_buff,
 80022d2:	f8b5 2156 	ldrh.w	r2, [r5, #342]	@ 0x156
 80022d6:	f002 ffa1 	bl	800521c <USB_ReadPMA>
              ep->xfer_buff += ep->xfer_count;
 80022da:	f8d5 3164 	ldr.w	r3, [r5, #356]	@ 0x164
 80022de:	f8d5 216c 	ldr.w	r2, [r5, #364]	@ 0x16c
 80022e2:	4413      	add	r3, r2
 80022e4:	f8c5 3164 	str.w	r3, [r5, #356]	@ 0x164
              HAL_PCD_DataOutStageCallback(hpcd, 0U);
 80022e8:	2100      	movs	r1, #0
 80022ea:	4628      	mov	r0, r5
 80022ec:	f003 fb92 	bl	8005a14 <HAL_PCD_DataOutStageCallback>
 80022f0:	e78c      	b.n	800220c <PCD_EP_ISR_Handler+0xb0>
      wEPVal = PCD_GET_ENDPOINT(hpcd->Instance, epindex);
 80022f2:	f830 3024 	ldrh.w	r3, [r0, r4, lsl #2]
 80022f6:	b29e      	uxth	r6, r3
      if ((wEPVal & USB_EP_CTR_RX) != 0U)
 80022f8:	f413 4f00 	tst.w	r3, #32768	@ 0x8000
 80022fc:	d14d      	bne.n	800239a <PCD_EP_ISR_Handler+0x23e>
      if ((wEPVal & USB_EP_CTR_TX) != 0U)
 80022fe:	f016 0f80 	tst.w	r6, #128	@ 0x80
 8002302:	d083      	beq.n	800220c <PCD_EP_ISR_Handler+0xb0>
        ep = &hpcd->IN_ep[epindex];
 8002304:	eb04 0184 	add.w	r1, r4, r4, lsl #2
 8002308:	00c9      	lsls	r1, r1, #3
 800230a:	3110      	adds	r1, #16
 800230c:	4429      	add	r1, r5
        PCD_CLEAR_TX_EP_CTR(hpcd->Instance, epindex);
 800230e:	682a      	ldr	r2, [r5, #0]
 8002310:	f832 3024 	ldrh.w	r3, [r2, r4, lsl #2]
 8002314:	b29b      	uxth	r3, r3
 8002316:	f423 43e1 	bic.w	r3, r3, #28800	@ 0x7080
 800231a:	f023 0370 	bic.w	r3, r3, #112	@ 0x70
 800231e:	ea6f 4343 	mvn.w	r3, r3, lsl #17
 8002322:	ea6f 4353 	mvn.w	r3, r3, lsr #17
 8002326:	b29b      	uxth	r3, r3
 8002328:	f822 3024 	strh.w	r3, [r2, r4, lsl #2]
        if (ep->type == EP_TYPE_ISOC)
 800232c:	eb04 0384 	add.w	r3, r4, r4, lsl #2
 8002330:	eb05 03c3 	add.w	r3, r5, r3, lsl #3
 8002334:	7cdb      	ldrb	r3, [r3, #19]
 8002336:	2b01      	cmp	r3, #1
 8002338:	f000 80f1 	beq.w	800251e <PCD_EP_ISR_Handler+0x3c2>
          if ((wEPVal & USB_EP_KIND) == 0U)
 800233c:	f416 7f80 	tst.w	r6, #256	@ 0x100
 8002340:	f040 8188 	bne.w	8002654 <PCD_EP_ISR_Handler+0x4f8>
            TxPctSize = (uint16_t)PCD_GET_EP_TX_CNT(hpcd->Instance, ep->num);
 8002344:	6828      	ldr	r0, [r5, #0]
 8002346:	f8b0 3050 	ldrh.w	r3, [r0, #80]	@ 0x50
 800234a:	eb04 0284 	add.w	r2, r4, r4, lsl #2
 800234e:	eb05 02c2 	add.w	r2, r5, r2, lsl #3
 8002352:	7c16      	ldrb	r6, [r2, #16]
 8002354:	00f2      	lsls	r2, r6, #3
 8002356:	fa12 f383 	uxtah	r3, r2, r3
 800235a:	4403      	add	r3, r0
 800235c:	f8b3 3402 	ldrh.w	r3, [r3, #1026]	@ 0x402
 8002360:	f3c3 0309 	ubfx	r3, r3, #0, #10
            if (ep->xfer_len > TxPctSize)
 8002364:	1c62      	adds	r2, r4, #1
 8002366:	eb02 0282 	add.w	r2, r2, r2, lsl #2
 800236a:	f855 2032 	ldr.w	r2, [r5, r2, lsl #3]
 800236e:	429a      	cmp	r2, r3
 8002370:	f240 8153 	bls.w	800261a <PCD_EP_ISR_Handler+0x4be>
              ep->xfer_len -= TxPctSize;
 8002374:	1c67      	adds	r7, r4, #1
 8002376:	eb07 0787 	add.w	r7, r7, r7, lsl #2
 800237a:	1ad2      	subs	r2, r2, r3
 800237c:	f845 2037 	str.w	r2, [r5, r7, lsl #3]
            if (ep->xfer_len == 0U)
 8002380:	1c62      	adds	r2, r4, #1
 8002382:	eb02 0282 	add.w	r2, r2, r2, lsl #2
 8002386:	f855 2032 	ldr.w	r2, [r5, r2, lsl #3]
 800238a:	2a00      	cmp	r2, #0
 800238c:	f040 814c 	bne.w	8002628 <PCD_EP_ISR_Handler+0x4cc>
              HAL_PCD_DataInStageCallback(hpcd, ep->num);
 8002390:	4631      	mov	r1, r6
 8002392:	4628      	mov	r0, r5
 8002394:	f003 fb4a 	bl	8005a2c <HAL_PCD_DataInStageCallback>
 8002398:	e738      	b.n	800220c <PCD_EP_ISR_Handler+0xb0>
        PCD_CLEAR_RX_EP_CTR(hpcd->Instance, epindex);
 800239a:	f830 3024 	ldrh.w	r3, [r0, r4, lsl #2]
 800239e:	b29b      	uxth	r3, r3
 80023a0:	f023 0370 	bic.w	r3, r3, #112	@ 0x70
 80023a4:	051b      	lsls	r3, r3, #20
 80023a6:	0d1b      	lsrs	r3, r3, #20
 80023a8:	f043 0380 	orr.w	r3, r3, #128	@ 0x80
 80023ac:	f820 3024 	strh.w	r3, [r0, r4, lsl #2]
        ep = &hpcd->OUT_ep[epindex];
 80023b0:	eb04 0184 	add.w	r1, r4, r4, lsl #2
 80023b4:	00c9      	lsls	r1, r1, #3
 80023b6:	f501 71a8 	add.w	r1, r1, #336	@ 0x150
 80023ba:	eb05 0801 	add.w	r8, r5, r1
        if (ep->doublebuffer == 0U)
 80023be:	eb04 0384 	add.w	r3, r4, r4, lsl #2
 80023c2:	eb05 03c3 	add.w	r3, r5, r3, lsl #3
 80023c6:	f893 315c 	ldrb.w	r3, [r3, #348]	@ 0x15c
 80023ca:	bbdb      	cbnz	r3, 8002444 <PCD_EP_ISR_Handler+0x2e8>
          count = (uint16_t)PCD_GET_EP_RX_CNT(hpcd->Instance, ep->num);
 80023cc:	6828      	ldr	r0, [r5, #0]
 80023ce:	f8b0 3050 	ldrh.w	r3, [r0, #80]	@ 0x50
 80023d2:	eb04 0284 	add.w	r2, r4, r4, lsl #2
 80023d6:	eb05 02c2 	add.w	r2, r5, r2, lsl #3
 80023da:	f892 2150 	ldrb.w	r2, [r2, #336]	@ 0x150
 80023de:	00d2      	lsls	r2, r2, #3
 80023e0:	fa12 f383 	uxtah	r3, r2, r3
 80023e4:	4403      	add	r3, r0
 80023e6:	f8b3 7406 	ldrh.w	r7, [r3, #1030]	@ 0x406
 80023ea:	f3c7 0709 	ubfx	r7, r7, #0, #10
          if (count != 0U)
 80023ee:	b9ef      	cbnz	r7, 800242c <PCD_EP_ISR_Handler+0x2d0>
        ep->xfer_count += count;
 80023f0:	eb04 0384 	add.w	r3, r4, r4, lsl #2
 80023f4:	eb05 03c3 	add.w	r3, r5, r3, lsl #3
 80023f8:	f8d3 216c 	ldr.w	r2, [r3, #364]	@ 0x16c
 80023fc:	443a      	add	r2, r7
 80023fe:	f8c3 216c 	str.w	r2, [r3, #364]	@ 0x16c
        if ((ep->xfer_len == 0U) || (count < ep->maxpacket))
 8002402:	f8d3 3168 	ldr.w	r3, [r3, #360]	@ 0x168
 8002406:	b13b      	cbz	r3, 8002418 <PCD_EP_ISR_Handler+0x2bc>
 8002408:	eb04 0384 	add.w	r3, r4, r4, lsl #2
 800240c:	eb05 03c3 	add.w	r3, r5, r3, lsl #3
 8002410:	f8d3 3160 	ldr.w	r3, [r3, #352]	@ 0x160
 8002414:	429f      	cmp	r7, r3
 8002416:	d270      	bcs.n	80024fa <PCD_EP_ISR_Handler+0x39e>
          HAL_PCD_DataOutStageCallback(hpcd, ep->num);
 8002418:	eb04 0384 	add.w	r3, r4, r4, lsl #2
 800241c:	eb05 03c3 	add.w	r3, r5, r3, lsl #3
 8002420:	f893 1150 	ldrb.w	r1, [r3, #336]	@ 0x150
 8002424:	4628      	mov	r0, r5
 8002426:	f003 faf5 	bl	8005a14 <HAL_PCD_DataOutStageCallback>
 800242a:	e768      	b.n	80022fe <PCD_EP_ISR_Handler+0x1a2>
            USB_ReadPMA(hpcd->Instance, ep->xfer_buff, ep->pmaadress, count);
 800242c:	eb04 0184 	add.w	r1, r4, r4, lsl #2
 8002430:	eb05 01c1 	add.w	r1, r5, r1, lsl #3
 8002434:	463b      	mov	r3, r7
 8002436:	f8b1 2156 	ldrh.w	r2, [r1, #342]	@ 0x156
 800243a:	f8d1 1164 	ldr.w	r1, [r1, #356]	@ 0x164
 800243e:	f002 feed 	bl	800521c <USB_ReadPMA>
 8002442:	e7d5      	b.n	80023f0 <PCD_EP_ISR_Handler+0x294>
          if (ep->type == EP_TYPE_BULK)
 8002444:	eb04 0384 	add.w	r3, r4, r4, lsl #2
 8002448:	eb05 03c3 	add.w	r3, r5, r3, lsl #3
 800244c:	f893 3153 	ldrb.w	r3, [r3, #339]	@ 0x153
 8002450:	2b02      	cmp	r3, #2
 8002452:	d033      	beq.n	80024bc <PCD_EP_ISR_Handler+0x360>
            PCD_FREE_USER_BUFFER(hpcd->Instance, ep->num, 0U);
 8002454:	6829      	ldr	r1, [r5, #0]
 8002456:	eb04 0284 	add.w	r2, r4, r4, lsl #2
 800245a:	eb05 02c2 	add.w	r2, r5, r2, lsl #3
 800245e:	f892 0150 	ldrb.w	r0, [r2, #336]	@ 0x150
 8002462:	f831 3020 	ldrh.w	r3, [r1, r0, lsl #2]
 8002466:	b29b      	uxth	r3, r3
 8002468:	f423 43e0 	bic.w	r3, r3, #28672	@ 0x7000
 800246c:	f023 0370 	bic.w	r3, r3, #112	@ 0x70
 8002470:	f443 4300 	orr.w	r3, r3, #32768	@ 0x8000
 8002474:	f043 03c0 	orr.w	r3, r3, #192	@ 0xc0
 8002478:	f821 3020 	strh.w	r3, [r1, r0, lsl #2]
            if ((PCD_GET_ENDPOINT(hpcd->Instance, ep->num) & USB_EP_DTOG_RX) != 0U)
 800247c:	6828      	ldr	r0, [r5, #0]
 800247e:	f892 3150 	ldrb.w	r3, [r2, #336]	@ 0x150
 8002482:	f830 2023 	ldrh.w	r2, [r0, r3, lsl #2]
 8002486:	f412 4f80 	tst.w	r2, #16384	@ 0x4000
 800248a:	d01e      	beq.n	80024ca <PCD_EP_ISR_Handler+0x36e>
              count = (uint16_t)PCD_GET_EP_DBUF0_CNT(hpcd->Instance, ep->num);
 800248c:	f8b0 2050 	ldrh.w	r2, [r0, #80]	@ 0x50
 8002490:	00db      	lsls	r3, r3, #3
 8002492:	fa13 f382 	uxtah	r3, r3, r2
 8002496:	4403      	add	r3, r0
 8002498:	f8b3 7402 	ldrh.w	r7, [r3, #1026]	@ 0x402
 800249c:	f3c7 0709 	ubfx	r7, r7, #0, #10
              if (count != 0U)
 80024a0:	2f00      	cmp	r7, #0
 80024a2:	d0a5      	beq.n	80023f0 <PCD_EP_ISR_Handler+0x294>
                USB_ReadPMA(hpcd->Instance, ep->xfer_buff, ep->pmaaddr0, count);
 80024a4:	eb04 0184 	add.w	r1, r4, r4, lsl #2
 80024a8:	eb05 01c1 	add.w	r1, r5, r1, lsl #3
 80024ac:	463b      	mov	r3, r7
 80024ae:	f8b1 2158 	ldrh.w	r2, [r1, #344]	@ 0x158
 80024b2:	f8d1 1164 	ldr.w	r1, [r1, #356]	@ 0x164
 80024b6:	f002 feb1 	bl	800521c <USB_ReadPMA>
 80024ba:	e799      	b.n	80023f0 <PCD_EP_ISR_Handler+0x294>
            count = HAL_PCD_EP_DB_Receive(hpcd, ep, wEPVal);
 80024bc:	4632      	mov	r2, r6
 80024be:	4641      	mov	r1, r8
 80024c0:	4628      	mov	r0, r5
 80024c2:	f7ff fb15 	bl	8001af0 <HAL_PCD_EP_DB_Receive>
 80024c6:	4607      	mov	r7, r0
 80024c8:	e792      	b.n	80023f0 <PCD_EP_ISR_Handler+0x294>
              count = (uint16_t)PCD_GET_EP_DBUF1_CNT(hpcd->Instance, ep->num);
 80024ca:	f8b0 2050 	ldrh.w	r2, [r0, #80]	@ 0x50
 80024ce:	00db      	lsls	r3, r3, #3
 80024d0:	fa13 f382 	uxtah	r3, r3, r2
 80024d4:	4403      	add	r3, r0
 80024d6:	f8b3 7406 	ldrh.w	r7, [r3, #1030]	@ 0x406
 80024da:	f3c7 0709 	ubfx	r7, r7, #0, #10
              if (count != 0U)
 80024de:	2f00      	cmp	r7, #0
 80024e0:	d086      	beq.n	80023f0 <PCD_EP_ISR_Handler+0x294>
                USB_ReadPMA(hpcd->Instance, ep->xfer_buff, ep->pmaaddr1, count);
 80024e2:	eb04 0184 	add.w	r1, r4, r4, lsl #2
 80024e6:	eb05 01c1 	add.w	r1, r5, r1, lsl #3
 80024ea:	463b      	mov	r3, r7
 80024ec:	f8b1 215a 	ldrh.w	r2, [r1, #346]	@ 0x15a
 80024f0:	f8d1 1164 	ldr.w	r1, [r1, #356]	@ 0x164
 80024f4:	f002 fe92 	bl	800521c <USB_ReadPMA>
 80024f8:	e77a      	b.n	80023f0 <PCD_EP_ISR_Handler+0x294>
          ep->xfer_buff += count;
 80024fa:	eb04 0384 	add.w	r3, r4, r4, lsl #2
 80024fe:	eb05 03c3 	add.w	r3, r5, r3, lsl #3
 8002502:	f8d3 2164 	ldr.w	r2, [r3, #356]	@ 0x164
 8002506:	eb04 0384 	add.w	r3, r4, r4, lsl #2
 800250a:	eb05 03c3 	add.w	r3, r5, r3, lsl #3
 800250e:	443a      	add	r2, r7
 8002510:	f8c3 2164 	str.w	r2, [r3, #356]	@ 0x164
          (void)USB_EPStartXfer(hpcd->Instance, ep);
 8002514:	4641      	mov	r1, r8
 8002516:	6828      	ldr	r0, [r5, #0]
 8002518:	f002 fbb9 	bl	8004c8e <USB_EPStartXfer>
 800251c:	e6ef      	b.n	80022fe <PCD_EP_ISR_Handler+0x1a2>
          ep->xfer_len = 0U;
 800251e:	1c63      	adds	r3, r4, #1
 8002520:	eb03 0383 	add.w	r3, r3, r3, lsl #2
 8002524:	00db      	lsls	r3, r3, #3
 8002526:	2200      	movs	r2, #0
 8002528:	50ea      	str	r2, [r5, r3]
          if (ep->doublebuffer != 0U)
 800252a:	eb04 0384 	add.w	r3, r4, r4, lsl #2
 800252e:	eb05 03c3 	add.w	r3, r5, r3, lsl #3
 8002532:	7f1b      	ldrb	r3, [r3, #28]
 8002534:	b31b      	cbz	r3, 800257e <PCD_EP_ISR_Handler+0x422>
            if ((wEPVal & USB_EP_DTOG_TX) != 0U)
 8002536:	f016 0f40 	tst.w	r6, #64	@ 0x40
 800253a:	d03b      	beq.n	80025b4 <PCD_EP_ISR_Handler+0x458>
              PCD_SET_EP_DBUF0_CNT(hpcd->Instance, ep->num, ep->is_in, 0U);
 800253c:	eb04 0384 	add.w	r3, r4, r4, lsl #2
 8002540:	eb05 03c3 	add.w	r3, r5, r3, lsl #3
 8002544:	7c5b      	ldrb	r3, [r3, #17]
 8002546:	bb1b      	cbnz	r3, 8002590 <PCD_EP_ISR_Handler+0x434>
 8002548:	682a      	ldr	r2, [r5, #0]
 800254a:	f8b2 3050 	ldrh.w	r3, [r2, #80]	@ 0x50
 800254e:	fa12 f383 	uxtah	r3, r2, r3
 8002552:	eb04 0284 	add.w	r2, r4, r4, lsl #2
 8002556:	eb05 02c2 	add.w	r2, r5, r2, lsl #3
 800255a:	7c12      	ldrb	r2, [r2, #16]
 800255c:	eb03 03c2 	add.w	r3, r3, r2, lsl #3
 8002560:	f8b3 2402 	ldrh.w	r2, [r3, #1026]	@ 0x402
 8002564:	f3c2 0209 	ubfx	r2, r2, #0, #10
 8002568:	f8a3 2402 	strh.w	r2, [r3, #1026]	@ 0x402
 800256c:	f8b3 2402 	ldrh.w	r2, [r3, #1026]	@ 0x402
 8002570:	ea6f 4242 	mvn.w	r2, r2, lsl #17
 8002574:	ea6f 4252 	mvn.w	r2, r2, lsr #17
 8002578:	b292      	uxth	r2, r2
 800257a:	f8a3 2402 	strh.w	r2, [r3, #1026]	@ 0x402
          HAL_PCD_DataInStageCallback(hpcd, ep->num);
 800257e:	eb04 0484 	add.w	r4, r4, r4, lsl #2
 8002582:	eb05 04c4 	add.w	r4, r5, r4, lsl #3
 8002586:	7c21      	ldrb	r1, [r4, #16]
 8002588:	4628      	mov	r0, r5
 800258a:	f003 fa4f 	bl	8005a2c <HAL_PCD_DataInStageCallback>
 800258e:	e63d      	b.n	800220c <PCD_EP_ISR_Handler+0xb0>
              PCD_SET_EP_DBUF0_CNT(hpcd->Instance, ep->num, ep->is_in, 0U);
 8002590:	2b01      	cmp	r3, #1
 8002592:	d1f4      	bne.n	800257e <PCD_EP_ISR_Handler+0x422>
 8002594:	682a      	ldr	r2, [r5, #0]
 8002596:	f8b2 3050 	ldrh.w	r3, [r2, #80]	@ 0x50
 800259a:	fa12 f383 	uxtah	r3, r2, r3
 800259e:	eb04 0284 	add.w	r2, r4, r4, lsl #2
 80025a2:	eb05 02c2 	add.w	r2, r5, r2, lsl #3
 80025a6:	7c12      	ldrb	r2, [r2, #16]
 80025a8:	eb03 03c2 	add.w	r3, r3, r2, lsl #3
 80025ac:	2200      	movs	r2, #0
 80025ae:	f8a3 2402 	strh.w	r2, [r3, #1026]	@ 0x402
 80025b2:	e7e4      	b.n	800257e <PCD_EP_ISR_Handler+0x422>
              PCD_SET_EP_DBUF1_CNT(hpcd->Instance, ep->num, ep->is_in, 0U);
 80025b4:	682a      	ldr	r2, [r5, #0]
 80025b6:	eb04 0384 	add.w	r3, r4, r4, lsl #2
 80025ba:	eb05 03c3 	add.w	r3, r5, r3, lsl #3
 80025be:	7c5b      	ldrb	r3, [r3, #17]
 80025c0:	b9d3      	cbnz	r3, 80025f8 <PCD_EP_ISR_Handler+0x49c>
 80025c2:	f8b2 3050 	ldrh.w	r3, [r2, #80]	@ 0x50
 80025c6:	fa12 f383 	uxtah	r3, r2, r3
 80025ca:	eb04 0284 	add.w	r2, r4, r4, lsl #2
 80025ce:	eb05 02c2 	add.w	r2, r5, r2, lsl #3
 80025d2:	7c12      	ldrb	r2, [r2, #16]
 80025d4:	eb03 03c2 	add.w	r3, r3, r2, lsl #3
 80025d8:	f8b3 2406 	ldrh.w	r2, [r3, #1030]	@ 0x406
 80025dc:	f3c2 0209 	ubfx	r2, r2, #0, #10
 80025e0:	f8a3 2406 	strh.w	r2, [r3, #1030]	@ 0x406
 80025e4:	f8b3 2406 	ldrh.w	r2, [r3, #1030]	@ 0x406
 80025e8:	ea6f 4242 	mvn.w	r2, r2, lsl #17
 80025ec:	ea6f 4252 	mvn.w	r2, r2, lsr #17
 80025f0:	b292      	uxth	r2, r2
 80025f2:	f8a3 2406 	strh.w	r2, [r3, #1030]	@ 0x406
 80025f6:	e7c2      	b.n	800257e <PCD_EP_ISR_Handler+0x422>
 80025f8:	2b01      	cmp	r3, #1
 80025fa:	d1c0      	bne.n	800257e <PCD_EP_ISR_Handler+0x422>
 80025fc:	f8b2 3050 	ldrh.w	r3, [r2, #80]	@ 0x50
 8002600:	fa12 f383 	uxtah	r3, r2, r3
 8002604:	eb04 0284 	add.w	r2, r4, r4, lsl #2
 8002608:	eb05 02c2 	add.w	r2, r5, r2, lsl #3
 800260c:	7c12      	ldrb	r2, [r2, #16]
 800260e:	eb03 03c2 	add.w	r3, r3, r2, lsl #3
 8002612:	2200      	movs	r2, #0
 8002614:	f8a3 2406 	strh.w	r2, [r3, #1030]	@ 0x406
 8002618:	e7b1      	b.n	800257e <PCD_EP_ISR_Handler+0x422>
              ep->xfer_len = 0U;
 800261a:	1c62      	adds	r2, r4, #1
 800261c:	eb02 0282 	add.w	r2, r2, r2, lsl #2
 8002620:	00d2      	lsls	r2, r2, #3
 8002622:	2700      	movs	r7, #0
 8002624:	50af      	str	r7, [r5, r2]
 8002626:	e6ab      	b.n	8002380 <PCD_EP_ISR_Handler+0x224>
              ep->xfer_buff += TxPctSize;
 8002628:	eb04 0284 	add.w	r2, r4, r4, lsl #2
 800262c:	eb05 02c2 	add.w	r2, r5, r2, lsl #3
 8002630:	6a56      	ldr	r6, [r2, #36]	@ 0x24
 8002632:	441e      	add	r6, r3
 8002634:	6256      	str	r6, [r2, #36]	@ 0x24
              ep->xfer_count += TxPctSize;
 8002636:	3401      	adds	r4, #1
 8002638:	eb04 0284 	add.w	r2, r4, r4, lsl #2
 800263c:	eb05 02c2 	add.w	r2, r5, r2, lsl #3
 8002640:	6852      	ldr	r2, [r2, #4]
 8002642:	eb04 0484 	add.w	r4, r4, r4, lsl #2
 8002646:	eb05 04c4 	add.w	r4, r5, r4, lsl #3
 800264a:	4413      	add	r3, r2
 800264c:	6063      	str	r3, [r4, #4]
              (void)USB_EPStartXfer(hpcd->Instance, ep);
 800264e:	f002 fb1e 	bl	8004c8e <USB_EPStartXfer>
 8002652:	e5db      	b.n	800220c <PCD_EP_ISR_Handler+0xb0>
            (void)HAL_PCD_EP_DB_Transmit(hpcd, ep, wEPVal);
 8002654:	4632      	mov	r2, r6
 8002656:	4628      	mov	r0, r5
 8002658:	f7ff fb49 	bl	8001cee <HAL_PCD_EP_DB_Transmit>
 800265c:	e5d6      	b.n	800220c <PCD_EP_ISR_Handler+0xb0>

0800265e <HAL_PCD_SetAddress>:
  __HAL_LOCK(hpcd);
 800265e:	f890 3290 	ldrb.w	r3, [r0, #656]	@ 0x290
 8002662:	2b01      	cmp	r3, #1
 8002664:	d00c      	beq.n	8002680 <HAL_PCD_SetAddress+0x22>
{
 8002666:	b510      	push	{r4, lr}
 8002668:	4604      	mov	r4, r0
  __HAL_LOCK(hpcd);
 800266a:	2301      	movs	r3, #1
 800266c:	f880 3290 	strb.w	r3, [r0, #656]	@ 0x290
  hpcd->USB_Address = address;
 8002670:	7301      	strb	r1, [r0, #12]
  (void)USB_SetDevAddress(hpcd->Instance, address);
 8002672:	6800      	ldr	r0, [r0, #0]
 8002674:	f002 fae4 	bl	8004c40 <USB_SetDevAddress>
  __HAL_UNLOCK(hpcd);
 8002678:	2000      	movs	r0, #0
 800267a:	f884 0290 	strb.w	r0, [r4, #656]	@ 0x290
}
 800267e:	bd10      	pop	{r4, pc}
  __HAL_LOCK(hpcd);
 8002680:	2002      	movs	r0, #2
}
 8002682:	4770      	bx	lr

08002684 <HAL_PCD_IRQHandler>:
{
 8002684:	b510      	push	{r4, lr}
 8002686:	4604      	mov	r4, r0
  uint32_t wIstr = USB_ReadInterrupts(hpcd->Instance);
 8002688:	6800      	ldr	r0, [r0, #0]
 800268a:	f002 faea 	bl	8004c62 <USB_ReadInterrupts>
  if ((wIstr & USB_ISTR_CTR) == USB_ISTR_CTR)
 800268e:	f410 4f00 	tst.w	r0, #32768	@ 0x8000
 8002692:	d123      	bne.n	80026dc <HAL_PCD_IRQHandler+0x58>
  if ((wIstr & USB_ISTR_RESET) == USB_ISTR_RESET)
 8002694:	f410 6f80 	tst.w	r0, #1024	@ 0x400
 8002698:	d124      	bne.n	80026e4 <HAL_PCD_IRQHandler+0x60>
  if ((wIstr & USB_ISTR_PMAOVR) == USB_ISTR_PMAOVR)
 800269a:	f410 4f80 	tst.w	r0, #16384	@ 0x4000
 800269e:	d132      	bne.n	8002706 <HAL_PCD_IRQHandler+0x82>
  if ((wIstr & USB_ISTR_ERR) == USB_ISTR_ERR)
 80026a0:	f410 5f00 	tst.w	r0, #8192	@ 0x2000
 80026a4:	d139      	bne.n	800271a <HAL_PCD_IRQHandler+0x96>
  if ((wIstr & USB_ISTR_WKUP) == USB_ISTR_WKUP)
 80026a6:	f410 5f80 	tst.w	r0, #4096	@ 0x1000
 80026aa:	d140      	bne.n	800272e <HAL_PCD_IRQHandler+0xaa>
  if ((wIstr & USB_ISTR_SUSP) == USB_ISTR_SUSP)
 80026ac:	f410 6f00 	tst.w	r0, #2048	@ 0x800
 80026b0:	d167      	bne.n	8002782 <HAL_PCD_IRQHandler+0xfe>
  if ((wIstr & USB_ISTR_L1REQ) == USB_ISTR_L1REQ)
 80026b2:	f010 0f80 	tst.w	r0, #128	@ 0x80
 80026b6:	f040 8081 	bne.w	80027bc <HAL_PCD_IRQHandler+0x138>
  if ((wIstr & USB_ISTR_SOF) == USB_ISTR_SOF)
 80026ba:	f410 7f00 	tst.w	r0, #512	@ 0x200
 80026be:	f040 80ad 	bne.w	800281c <HAL_PCD_IRQHandler+0x198>
  if ((wIstr & USB_ISTR_ESOF) == USB_ISTR_ESOF)
 80026c2:	f410 7f80 	tst.w	r0, #256	@ 0x100
 80026c6:	d027      	beq.n	8002718 <HAL_PCD_IRQHandler+0x94>
    __HAL_PCD_CLEAR_FLAG(hpcd, USB_ISTR_ESOF);
 80026c8:	6822      	ldr	r2, [r4, #0]
 80026ca:	f8b2 3044 	ldrh.w	r3, [r2, #68]	@ 0x44
 80026ce:	b29b      	uxth	r3, r3
 80026d0:	f423 7380 	bic.w	r3, r3, #256	@ 0x100
 80026d4:	b29b      	uxth	r3, r3
 80026d6:	f8a2 3044 	strh.w	r3, [r2, #68]	@ 0x44
    return;
 80026da:	e01d      	b.n	8002718 <HAL_PCD_IRQHandler+0x94>
    (void)PCD_EP_ISR_Handler(hpcd);
 80026dc:	4620      	mov	r0, r4
 80026de:	f7ff fd3d 	bl	800215c <PCD_EP_ISR_Handler>
    return;
 80026e2:	e019      	b.n	8002718 <HAL_PCD_IRQHandler+0x94>
    __HAL_PCD_CLEAR_FLAG(hpcd, USB_ISTR_RESET);
 80026e4:	6822      	ldr	r2, [r4, #0]
 80026e6:	f8b2 3044 	ldrh.w	r3, [r2, #68]	@ 0x44
 80026ea:	b29b      	uxth	r3, r3
 80026ec:	f423 6380 	bic.w	r3, r3, #1024	@ 0x400
 80026f0:	b29b      	uxth	r3, r3
 80026f2:	f8a2 3044 	strh.w	r3, [r2, #68]	@ 0x44
    HAL_PCD_ResetCallback(hpcd);
 80026f6:	4620      	mov	r0, r4
 80026f8:	f003 f9a9 	bl	8005a4e <HAL_PCD_ResetCallback>
    (void)HAL_PCD_SetAddress(hpcd, 0U);
 80026fc:	2100      	movs	r1, #0
 80026fe:	4620      	mov	r0, r4
 8002700:	f7ff ffad 	bl	800265e <HAL_PCD_SetAddress>
    return;
 8002704:	e008      	b.n	8002718 <HAL_PCD_IRQHandler+0x94>
    __HAL_PCD_CLEAR_FLAG(hpcd, USB_ISTR_PMAOVR);
 8002706:	6822      	ldr	r2, [r4, #0]
 8002708:	f8b2 3044 	ldrh.w	r3, [r2, #68]	@ 0x44
 800270c:	b29b      	uxth	r3, r3
 800270e:	f423 4380 	bic.w	r3, r3, #16384	@ 0x4000
 8002712:	b29b      	uxth	r3, r3
 8002714:	f8a2 3044 	strh.w	r3, [r2, #68]	@ 0x44
}
 8002718:	bd10      	pop	{r4, pc}
    __HAL_PCD_CLEAR_FLAG(hpcd, USB_ISTR_ERR);
 800271a:	6822      	ldr	r2, [r4, #0]
 800271c:	f8b2 3044 	ldrh.w	r3, [r2, #68]	@ 0x44
 8002720:	b29b      	uxth	r3, r3
 8002722:	f423 5300 	bic.w	r3, r3, #8192	@ 0x2000
 8002726:	b29b      	uxth	r3, r3
 8002728:	f8a2 3044 	strh.w	r3, [r2, #68]	@ 0x44
    return;
 800272c:	e7f4      	b.n	8002718 <HAL_PCD_IRQHandler+0x94>
    hpcd->Instance->CNTR &= (uint16_t) ~(USB_CNTR_LPMODE);
 800272e:	6822      	ldr	r2, [r4, #0]
 8002730:	f8b2 3040 	ldrh.w	r3, [r2, #64]	@ 0x40
 8002734:	b29b      	uxth	r3, r3
 8002736:	f023 0304 	bic.w	r3, r3, #4
 800273a:	b29b      	uxth	r3, r3
 800273c:	f8a2 3040 	strh.w	r3, [r2, #64]	@ 0x40
    hpcd->Instance->CNTR &= (uint16_t) ~(USB_CNTR_FSUSP);
 8002740:	6822      	ldr	r2, [r4, #0]
 8002742:	f8b2 3040 	ldrh.w	r3, [r2, #64]	@ 0x40
 8002746:	b29b      	uxth	r3, r3
 8002748:	f023 0308 	bic.w	r3, r3, #8
 800274c:	b29b      	uxth	r3, r3
 800274e:	f8a2 3040 	strh.w	r3, [r2, #64]	@ 0x40
    if (hpcd->LPM_State == LPM_L1)
 8002752:	f894 32c8 	ldrb.w	r3, [r4, #712]	@ 0x2c8
 8002756:	2b01      	cmp	r3, #1
 8002758:	d00c      	beq.n	8002774 <HAL_PCD_IRQHandler+0xf0>
    HAL_PCD_ResumeCallback(hpcd);
 800275a:	4620      	mov	r0, r4
 800275c:	f003 f99a 	bl	8005a94 <HAL_PCD_ResumeCallback>
    __HAL_PCD_CLEAR_FLAG(hpcd, USB_ISTR_WKUP);
 8002760:	6822      	ldr	r2, [r4, #0]
 8002762:	f8b2 3044 	ldrh.w	r3, [r2, #68]	@ 0x44
 8002766:	b29b      	uxth	r3, r3
 8002768:	f423 5380 	bic.w	r3, r3, #4096	@ 0x1000
 800276c:	b29b      	uxth	r3, r3
 800276e:	f8a2 3044 	strh.w	r3, [r2, #68]	@ 0x44
    return;
 8002772:	e7d1      	b.n	8002718 <HAL_PCD_IRQHandler+0x94>
      hpcd->LPM_State = LPM_L0;
 8002774:	2100      	movs	r1, #0
 8002776:	f884 12c8 	strb.w	r1, [r4, #712]	@ 0x2c8
      HAL_PCDEx_LPM_Callback(hpcd, PCD_LPM_L0_ACTIVE);
 800277a:	4620      	mov	r0, r4
 800277c:	f003 fa46 	bl	8005c0c <HAL_PCDEx_LPM_Callback>
 8002780:	e7eb      	b.n	800275a <HAL_PCD_IRQHandler+0xd6>
    hpcd->Instance->CNTR |= (uint16_t)USB_CNTR_FSUSP;
 8002782:	6822      	ldr	r2, [r4, #0]
 8002784:	f8b2 3040 	ldrh.w	r3, [r2, #64]	@ 0x40
 8002788:	b29b      	uxth	r3, r3
 800278a:	f043 0308 	orr.w	r3, r3, #8
 800278e:	f8a2 3040 	strh.w	r3, [r2, #64]	@ 0x40
    __HAL_PCD_CLEAR_FLAG(hpcd, USB_ISTR_SUSP);
 8002792:	6822      	ldr	r2, [r4, #0]
 8002794:	f8b2 3044 	ldrh.w	r3, [r2, #68]	@ 0x44
 8002798:	b29b      	uxth	r3, r3
 800279a:	f423 6300 	bic.w	r3, r3, #2048	@ 0x800
 800279e:	b29b      	uxth	r3, r3
 80027a0:	f8a2 3044 	strh.w	r3, [r2, #68]	@ 0x44
    hpcd->Instance->CNTR |= (uint16_t)USB_CNTR_LPMODE;
 80027a4:	6822      	ldr	r2, [r4, #0]
 80027a6:	f8b2 3040 	ldrh.w	r3, [r2, #64]	@ 0x40
 80027aa:	b29b      	uxth	r3, r3
 80027ac:	f043 0304 	orr.w	r3, r3, #4
 80027b0:	f8a2 3040 	strh.w	r3, [r2, #64]	@ 0x40
    HAL_PCD_SuspendCallback(hpcd);
 80027b4:	4620      	mov	r0, r4
 80027b6:	f003 f95d 	bl	8005a74 <HAL_PCD_SuspendCallback>
    return;
 80027ba:	e7ad      	b.n	8002718 <HAL_PCD_IRQHandler+0x94>
    __HAL_PCD_CLEAR_FLAG(hpcd, USB_ISTR_L1REQ);
 80027bc:	6822      	ldr	r2, [r4, #0]
 80027be:	f8b2 3044 	ldrh.w	r3, [r2, #68]	@ 0x44
 80027c2:	b29b      	uxth	r3, r3
 80027c4:	f023 0380 	bic.w	r3, r3, #128	@ 0x80
 80027c8:	b29b      	uxth	r3, r3
 80027ca:	f8a2 3044 	strh.w	r3, [r2, #68]	@ 0x44
    if (hpcd->LPM_State == LPM_L0)
 80027ce:	f894 32c8 	ldrb.w	r3, [r4, #712]	@ 0x2c8
 80027d2:	b9fb      	cbnz	r3, 8002814 <HAL_PCD_IRQHandler+0x190>
      hpcd->Instance->CNTR |= (uint16_t)USB_CNTR_LPMODE;
 80027d4:	6822      	ldr	r2, [r4, #0]
 80027d6:	f8b2 3040 	ldrh.w	r3, [r2, #64]	@ 0x40
 80027da:	b29b      	uxth	r3, r3
 80027dc:	f043 0304 	orr.w	r3, r3, #4
 80027e0:	f8a2 3040 	strh.w	r3, [r2, #64]	@ 0x40
      hpcd->Instance->CNTR |= (uint16_t)USB_CNTR_FSUSP;
 80027e4:	6822      	ldr	r2, [r4, #0]
 80027e6:	f8b2 3040 	ldrh.w	r3, [r2, #64]	@ 0x40
 80027ea:	b29b      	uxth	r3, r3
 80027ec:	f043 0308 	orr.w	r3, r3, #8
 80027f0:	f8a2 3040 	strh.w	r3, [r2, #64]	@ 0x40
      hpcd->LPM_State = LPM_L1;
 80027f4:	2101      	movs	r1, #1
 80027f6:	f884 12c8 	strb.w	r1, [r4, #712]	@ 0x2c8
      hpcd->BESL = ((uint32_t)hpcd->Instance->LPMCSR & USB_LPMCSR_BESL) >> 2;
 80027fa:	6823      	ldr	r3, [r4, #0]
 80027fc:	f8b3 3054 	ldrh.w	r3, [r3, #84]	@ 0x54
 8002800:	f3c3 038d 	ubfx	r3, r3, #2, #14
 8002804:	f003 033c 	and.w	r3, r3, #60	@ 0x3c
 8002808:	f8c4 32cc 	str.w	r3, [r4, #716]	@ 0x2cc
      HAL_PCDEx_LPM_Callback(hpcd, PCD_LPM_L1_ACTIVE);
 800280c:	4620      	mov	r0, r4
 800280e:	f003 f9fd 	bl	8005c0c <HAL_PCDEx_LPM_Callback>
 8002812:	e781      	b.n	8002718 <HAL_PCD_IRQHandler+0x94>
      HAL_PCD_SuspendCallback(hpcd);
 8002814:	4620      	mov	r0, r4
 8002816:	f003 f92d 	bl	8005a74 <HAL_PCD_SuspendCallback>
    return;
 800281a:	e77d      	b.n	8002718 <HAL_PCD_IRQHandler+0x94>
    __HAL_PCD_CLEAR_FLAG(hpcd, USB_ISTR_SOF);
 800281c:	6822      	ldr	r2, [r4, #0]
 800281e:	f8b2 3044 	ldrh.w	r3, [r2, #68]	@ 0x44
 8002822:	b29b      	uxth	r3, r3
 8002824:	f423 7300 	bic.w	r3, r3, #512	@ 0x200
 8002828:	b29b      	uxth	r3, r3
 800282a:	f8a2 3044 	strh.w	r3, [r2, #68]	@ 0x44
    HAL_PCD_SOFCallback(hpcd);
 800282e:	4620      	mov	r0, r4
 8002830:	f003 f907 	bl	8005a42 <HAL_PCD_SOFCallback>
    return;
 8002834:	e770      	b.n	8002718 <HAL_PCD_IRQHandler+0x94>

08002836 <HAL_PCD_EP_Open>:
{
 8002836:	b510      	push	{r4, lr}
 8002838:	4604      	mov	r4, r0
 800283a:	4608      	mov	r0, r1
  if ((ep_addr & 0x80U) == 0x80U)
 800283c:	f011 0f80 	tst.w	r1, #128	@ 0x80
 8002840:	d127      	bne.n	8002892 <HAL_PCD_EP_Open+0x5c>
    ep = &hpcd->OUT_ep[ep_addr & EP_ADDR_MSK];
 8002842:	f001 0c07 	and.w	ip, r1, #7
 8002846:	eb0c 018c 	add.w	r1, ip, ip, lsl #2
 800284a:	00c9      	lsls	r1, r1, #3
 800284c:	f501 7ea8 	add.w	lr, r1, #336	@ 0x150
 8002850:	eb04 010e 	add.w	r1, r4, lr
    ep->is_in = 0U;
 8002854:	eb0c 0c8c 	add.w	ip, ip, ip, lsl #2
 8002858:	eb04 0ccc 	add.w	ip, r4, ip, lsl #3
 800285c:	f04f 0e00 	mov.w	lr, #0
 8002860:	f88c e151 	strb.w	lr, [ip, #337]	@ 0x151
  ep->num = ep_addr & EP_ADDR_MSK;
 8002864:	f000 0007 	and.w	r0, r0, #7
 8002868:	7008      	strb	r0, [r1, #0]
  ep->maxpacket = (uint32_t)ep_mps & 0x7FFU;
 800286a:	f3c2 020a 	ubfx	r2, r2, #0, #11
 800286e:	610a      	str	r2, [r1, #16]
  ep->type = ep_type;
 8002870:	70cb      	strb	r3, [r1, #3]
  if (ep_type == EP_TYPE_BULK)
 8002872:	2b02      	cmp	r3, #2
 8002874:	d01d      	beq.n	80028b2 <HAL_PCD_EP_Open+0x7c>
  __HAL_LOCK(hpcd);
 8002876:	f894 3290 	ldrb.w	r3, [r4, #656]	@ 0x290
 800287a:	2b01      	cmp	r3, #1
 800287c:	d01c      	beq.n	80028b8 <HAL_PCD_EP_Open+0x82>
 800287e:	2301      	movs	r3, #1
 8002880:	f884 3290 	strb.w	r3, [r4, #656]	@ 0x290
  (void)USB_ActivateEndpoint(hpcd->Instance, ep);
 8002884:	6820      	ldr	r0, [r4, #0]
 8002886:	f001 fdc4 	bl	8004412 <USB_ActivateEndpoint>
  __HAL_UNLOCK(hpcd);
 800288a:	2000      	movs	r0, #0
 800288c:	f884 0290 	strb.w	r0, [r4, #656]	@ 0x290
}
 8002890:	bd10      	pop	{r4, pc}
    ep = &hpcd->IN_ep[ep_addr & EP_ADDR_MSK];
 8002892:	f001 0c07 	and.w	ip, r1, #7
 8002896:	eb0c 018c 	add.w	r1, ip, ip, lsl #2
 800289a:	00c9      	lsls	r1, r1, #3
 800289c:	3110      	adds	r1, #16
 800289e:	4421      	add	r1, r4
    ep->is_in = 1U;
 80028a0:	eb0c 0c8c 	add.w	ip, ip, ip, lsl #2
 80028a4:	eb04 0ccc 	add.w	ip, r4, ip, lsl #3
 80028a8:	f04f 0e01 	mov.w	lr, #1
 80028ac:	f88c e011 	strb.w	lr, [ip, #17]
 80028b0:	e7d8      	b.n	8002864 <HAL_PCD_EP_Open+0x2e>
    ep->data_pid_start = 0U;
 80028b2:	2300      	movs	r3, #0
 80028b4:	710b      	strb	r3, [r1, #4]
 80028b6:	e7de      	b.n	8002876 <HAL_PCD_EP_Open+0x40>
  __HAL_LOCK(hpcd);
 80028b8:	2002      	movs	r0, #2
 80028ba:	e7e9      	b.n	8002890 <HAL_PCD_EP_Open+0x5a>

080028bc <HAL_PCD_EP_Close>:
{
 80028bc:	b510      	push	{r4, lr}
 80028be:	4604      	mov	r4, r0
 80028c0:	460a      	mov	r2, r1
  if ((ep_addr & 0x80U) == 0x80U)
 80028c2:	f011 0f80 	tst.w	r1, #128	@ 0x80
 80028c6:	d11f      	bne.n	8002908 <HAL_PCD_EP_Close+0x4c>
    ep = &hpcd->OUT_ep[ep_addr & EP_ADDR_MSK];
 80028c8:	f001 0007 	and.w	r0, r1, #7
 80028cc:	eb00 0380 	add.w	r3, r0, r0, lsl #2
 80028d0:	00db      	lsls	r3, r3, #3
 80028d2:	f503 73a8 	add.w	r3, r3, #336	@ 0x150
 80028d6:	18e1      	adds	r1, r4, r3
    ep->is_in = 0U;
 80028d8:	eb00 0080 	add.w	r0, r0, r0, lsl #2
 80028dc:	eb04 00c0 	add.w	r0, r4, r0, lsl #3
 80028e0:	2300      	movs	r3, #0
 80028e2:	f880 3151 	strb.w	r3, [r0, #337]	@ 0x151
  ep->num = ep_addr & EP_ADDR_MSK;
 80028e6:	f002 0207 	and.w	r2, r2, #7
 80028ea:	700a      	strb	r2, [r1, #0]
  __HAL_LOCK(hpcd);
 80028ec:	f894 3290 	ldrb.w	r3, [r4, #656]	@ 0x290
 80028f0:	2b01      	cmp	r3, #1
 80028f2:	d017      	beq.n	8002924 <HAL_PCD_EP_Close+0x68>
 80028f4:	2301      	movs	r3, #1
 80028f6:	f884 3290 	strb.w	r3, [r4, #656]	@ 0x290
  (void)USB_DeactivateEndpoint(hpcd->Instance, ep);
 80028fa:	6820      	ldr	r0, [r4, #0]
 80028fc:	f002 f842 	bl	8004984 <USB_DeactivateEndpoint>
  __HAL_UNLOCK(hpcd);
 8002900:	2000      	movs	r0, #0
 8002902:	f884 0290 	strb.w	r0, [r4, #656]	@ 0x290
}
 8002906:	bd10      	pop	{r4, pc}
    ep = &hpcd->IN_ep[ep_addr & EP_ADDR_MSK];
 8002908:	f001 0007 	and.w	r0, r1, #7
 800290c:	eb00 0380 	add.w	r3, r0, r0, lsl #2
 8002910:	00db      	lsls	r3, r3, #3
 8002912:	3310      	adds	r3, #16
 8002914:	18e1      	adds	r1, r4, r3
    ep->is_in = 1U;
 8002916:	eb00 0080 	add.w	r0, r0, r0, lsl #2
 800291a:	eb04 00c0 	add.w	r0, r4, r0, lsl #3
 800291e:	2301      	movs	r3, #1
 8002920:	7443      	strb	r3, [r0, #17]
 8002922:	e7e0      	b.n	80028e6 <HAL_PCD_EP_Close+0x2a>
  __HAL_LOCK(hpcd);
 8002924:	2002      	movs	r0, #2
 8002926:	e7ee      	b.n	8002906 <HAL_PCD_EP_Close+0x4a>

08002928 <HAL_PCD_EP_Receive>:
{
 8002928:	b510      	push	{r4, lr}
  ep = &hpcd->OUT_ep[ep_addr & EP_ADDR_MSK];
 800292a:	f001 0c07 	and.w	ip, r1, #7
 800292e:	eb0c 018c 	add.w	r1, ip, ip, lsl #2
 8002932:	00c9      	lsls	r1, r1, #3
 8002934:	f501 71a8 	add.w	r1, r1, #336	@ 0x150
  ep->xfer_buff = pBuf;
 8002938:	eb0c 0e8c 	add.w	lr, ip, ip, lsl #2
 800293c:	eb00 0ece 	add.w	lr, r0, lr, lsl #3
 8002940:	f8ce 2164 	str.w	r2, [lr, #356]	@ 0x164
  ep->xfer_len = len;
 8002944:	f8ce 3168 	str.w	r3, [lr, #360]	@ 0x168
  ep->xfer_count = 0U;
 8002948:	2400      	movs	r4, #0
 800294a:	f8ce 416c 	str.w	r4, [lr, #364]	@ 0x16c
  ep->is_in = 0U;
 800294e:	f88e 4151 	strb.w	r4, [lr, #337]	@ 0x151
  ep->num = ep_addr & EP_ADDR_MSK;
 8002952:	f88e c150 	strb.w	ip, [lr, #336]	@ 0x150
  (void)USB_EPStartXfer(hpcd->Instance, ep);
 8002956:	4401      	add	r1, r0
 8002958:	6800      	ldr	r0, [r0, #0]
 800295a:	f002 f998 	bl	8004c8e <USB_EPStartXfer>
}
 800295e:	4620      	mov	r0, r4
 8002960:	bd10      	pop	{r4, pc}

08002962 <HAL_PCD_EP_GetRxCount>:
  return hpcd->OUT_ep[ep_addr & EP_ADDR_MSK].xfer_count;
 8002962:	f001 0107 	and.w	r1, r1, #7
 8002966:	eb01 0181 	add.w	r1, r1, r1, lsl #2
 800296a:	eb00 00c1 	add.w	r0, r0, r1, lsl #3
}
 800296e:	f8d0 016c 	ldr.w	r0, [r0, #364]	@ 0x16c
 8002972:	4770      	bx	lr

08002974 <HAL_PCD_EP_Transmit>:
{
 8002974:	b538      	push	{r3, r4, r5, lr}
  ep = &hpcd->IN_ep[ep_addr & EP_ADDR_MSK];
 8002976:	f001 0c07 	and.w	ip, r1, #7
 800297a:	eb0c 018c 	add.w	r1, ip, ip, lsl #2
 800297e:	00c9      	lsls	r1, r1, #3
 8002980:	3110      	adds	r1, #16
  ep->xfer_buff = pBuf;
 8002982:	eb0c 0e8c 	add.w	lr, ip, ip, lsl #2
 8002986:	eb00 0ece 	add.w	lr, r0, lr, lsl #3
 800298a:	f8ce 2024 	str.w	r2, [lr, #36]	@ 0x24
  ep->xfer_len = len;
 800298e:	f10c 0201 	add.w	r2, ip, #1
 8002992:	eb02 0482 	add.w	r4, r2, r2, lsl #2
 8002996:	f840 3034 	str.w	r3, [r0, r4, lsl #3]
  ep->xfer_fill_db = 1U;
 800299a:	2501      	movs	r5, #1
 800299c:	f88e 5034 	strb.w	r5, [lr, #52]	@ 0x34
  ep->xfer_len_db = len;
 80029a0:	f8ce 3030 	str.w	r3, [lr, #48]	@ 0x30
  ep->xfer_count = 0U;
 80029a4:	eb00 02c4 	add.w	r2, r0, r4, lsl #3
 80029a8:	2400      	movs	r4, #0
 80029aa:	6054      	str	r4, [r2, #4]
  ep->is_in = 1U;
 80029ac:	f88e 5011 	strb.w	r5, [lr, #17]
  ep->num = ep_addr & EP_ADDR_MSK;
 80029b0:	f88e c010 	strb.w	ip, [lr, #16]
  (void)USB_EPStartXfer(hpcd->Instance, ep);
 80029b4:	4401      	add	r1, r0
 80029b6:	6800      	ldr	r0, [r0, #0]
 80029b8:	f002 f969 	bl	8004c8e <USB_EPStartXfer>
}
 80029bc:	4620      	mov	r0, r4
 80029be:	bd38      	pop	{r3, r4, r5, pc}

080029c0 <HAL_PCD_EP_SetStall>:
{
 80029c0:	460b      	mov	r3, r1
  if (((uint32_t)ep_addr & EP_ADDR_MSK) > hpcd->Init.dev_endpoints)
 80029c2:	f001 0207 	and.w	r2, r1, #7
 80029c6:	7901      	ldrb	r1, [r0, #4]
 80029c8:	4291      	cmp	r1, r2
 80029ca:	d32e      	bcc.n	8002a2a <HAL_PCD_EP_SetStall+0x6a>
{
 80029cc:	b510      	push	{r4, lr}
 80029ce:	4604      	mov	r4, r0
  if ((0x80U & ep_addr) == 0x80U)
 80029d0:	f013 0f80 	tst.w	r3, #128	@ 0x80
 80029d4:	d11d      	bne.n	8002a12 <HAL_PCD_EP_SetStall+0x52>
    ep = &hpcd->OUT_ep[ep_addr];
 80029d6:	eb03 0183 	add.w	r1, r3, r3, lsl #2
 80029da:	00c9      	lsls	r1, r1, #3
 80029dc:	f501 71a8 	add.w	r1, r1, #336	@ 0x150
 80029e0:	4401      	add	r1, r0
    ep->is_in = 0U;
 80029e2:	eb03 0383 	add.w	r3, r3, r3, lsl #2
 80029e6:	eb00 03c3 	add.w	r3, r0, r3, lsl #3
 80029ea:	2000      	movs	r0, #0
 80029ec:	f883 0151 	strb.w	r0, [r3, #337]	@ 0x151
  ep->is_stall = 1U;
 80029f0:	2301      	movs	r3, #1
 80029f2:	708b      	strb	r3, [r1, #2]
  ep->num = ep_addr & EP_ADDR_MSK;
 80029f4:	700a      	strb	r2, [r1, #0]
  __HAL_LOCK(hpcd);
 80029f6:	f894 3290 	ldrb.w	r3, [r4, #656]	@ 0x290
 80029fa:	2b01      	cmp	r3, #1
 80029fc:	d017      	beq.n	8002a2e <HAL_PCD_EP_SetStall+0x6e>
 80029fe:	2301      	movs	r3, #1
 8002a00:	f884 3290 	strb.w	r3, [r4, #656]	@ 0x290
  (void)USB_EPSetStall(hpcd->Instance, ep);
 8002a04:	6820      	ldr	r0, [r4, #0]
 8002a06:	f002 f8a8 	bl	8004b5a <USB_EPSetStall>
  __HAL_UNLOCK(hpcd);
 8002a0a:	2000      	movs	r0, #0
 8002a0c:	f884 0290 	strb.w	r0, [r4, #656]	@ 0x290
}
 8002a10:	bd10      	pop	{r4, pc}
    ep = &hpcd->IN_ep[ep_addr & EP_ADDR_MSK];
 8002a12:	eb02 0182 	add.w	r1, r2, r2, lsl #2
 8002a16:	00c9      	lsls	r1, r1, #3
 8002a18:	3110      	adds	r1, #16
 8002a1a:	4401      	add	r1, r0
    ep->is_in = 1U;
 8002a1c:	eb02 0382 	add.w	r3, r2, r2, lsl #2
 8002a20:	eb00 03c3 	add.w	r3, r0, r3, lsl #3
 8002a24:	2001      	movs	r0, #1
 8002a26:	7458      	strb	r0, [r3, #17]
 8002a28:	e7e2      	b.n	80029f0 <HAL_PCD_EP_SetStall+0x30>
    return HAL_ERROR;
 8002a2a:	2001      	movs	r0, #1
}
 8002a2c:	4770      	bx	lr
  __HAL_LOCK(hpcd);
 8002a2e:	2002      	movs	r0, #2
 8002a30:	e7ee      	b.n	8002a10 <HAL_PCD_EP_SetStall+0x50>

08002a32 <HAL_PCD_EP_ClrStall>:
{
 8002a32:	460b      	mov	r3, r1
  if (((uint32_t)ep_addr & 0x0FU) > hpcd->Init.dev_endpoints)
 8002a34:	7901      	ldrb	r1, [r0, #4]
 8002a36:	f003 020f 	and.w	r2, r3, #15
 8002a3a:	4291      	cmp	r1, r2
 8002a3c:	d334      	bcc.n	8002aa8 <HAL_PCD_EP_ClrStall+0x76>
{
 8002a3e:	b510      	push	{r4, lr}
 8002a40:	4604      	mov	r4, r0
  if ((0x80U & ep_addr) == 0x80U)
 8002a42:	f013 0f80 	tst.w	r3, #128	@ 0x80
 8002a46:	d121      	bne.n	8002a8c <HAL_PCD_EP_ClrStall+0x5a>
    ep = &hpcd->OUT_ep[ep_addr & EP_ADDR_MSK];
 8002a48:	f003 0207 	and.w	r2, r3, #7
 8002a4c:	eb02 0182 	add.w	r1, r2, r2, lsl #2
 8002a50:	00c9      	lsls	r1, r1, #3
 8002a52:	f501 71a8 	add.w	r1, r1, #336	@ 0x150
 8002a56:	4401      	add	r1, r0
    ep->is_in = 0U;
 8002a58:	eb02 0282 	add.w	r2, r2, r2, lsl #2
 8002a5c:	eb00 02c2 	add.w	r2, r0, r2, lsl #3
 8002a60:	2000      	movs	r0, #0
 8002a62:	f882 0151 	strb.w	r0, [r2, #337]	@ 0x151
  ep->is_stall = 0U;
 8002a66:	2200      	movs	r2, #0
 8002a68:	708a      	strb	r2, [r1, #2]
  ep->num = ep_addr & EP_ADDR_MSK;
 8002a6a:	f003 0307 	and.w	r3, r3, #7
 8002a6e:	700b      	strb	r3, [r1, #0]
  __HAL_LOCK(hpcd);
 8002a70:	f894 3290 	ldrb.w	r3, [r4, #656]	@ 0x290
 8002a74:	2b01      	cmp	r3, #1
 8002a76:	d019      	beq.n	8002aac <HAL_PCD_EP_ClrStall+0x7a>
 8002a78:	2301      	movs	r3, #1
 8002a7a:	f884 3290 	strb.w	r3, [r4, #656]	@ 0x290
  (void)USB_EPClearStall(hpcd->Instance, ep);
 8002a7e:	6820      	ldr	r0, [r4, #0]
 8002a80:	f002 f890 	bl	8004ba4 <USB_EPClearStall>
  __HAL_UNLOCK(hpcd);
 8002a84:	2000      	movs	r0, #0
 8002a86:	f884 0290 	strb.w	r0, [r4, #656]	@ 0x290
}
 8002a8a:	bd10      	pop	{r4, pc}
    ep = &hpcd->IN_ep[ep_addr & EP_ADDR_MSK];
 8002a8c:	f003 0207 	and.w	r2, r3, #7
 8002a90:	eb02 0182 	add.w	r1, r2, r2, lsl #2
 8002a94:	00c9      	lsls	r1, r1, #3
 8002a96:	3110      	adds	r1, #16
 8002a98:	4401      	add	r1, r0
    ep->is_in = 1U;
 8002a9a:	eb02 0282 	add.w	r2, r2, r2, lsl #2
 8002a9e:	eb00 02c2 	add.w	r2, r0, r2, lsl #3
 8002aa2:	2001      	movs	r0, #1
 8002aa4:	7450      	strb	r0, [r2, #17]
 8002aa6:	e7de      	b.n	8002a66 <HAL_PCD_EP_ClrStall+0x34>
    return HAL_ERROR;
 8002aa8:	2001      	movs	r0, #1
}
 8002aaa:	4770      	bx	lr
  __HAL_LOCK(hpcd);
 8002aac:	2002      	movs	r0, #2
 8002aae:	e7ec      	b.n	8002a8a <HAL_PCD_EP_ClrStall+0x58>

08002ab0 <HAL_PCDEx_PMAConfig>:
                                       uint16_t ep_kind, uint32_t pmaadress)
{
  PCD_EPTypeDef *ep;

  /* Initialize ep structure */
  if ((0x80U & ep_addr) == 0x80U)
 8002ab0:	f011 0f80 	tst.w	r1, #128	@ 0x80
 8002ab4:	d00b      	beq.n	8002ace <HAL_PCDEx_PMAConfig+0x1e>
  {
    ep = &hpcd->IN_ep[ep_addr & EP_ADDR_MSK];
 8002ab6:	f001 0107 	and.w	r1, r1, #7
 8002aba:	eb01 0181 	add.w	r1, r1, r1, lsl #2
 8002abe:	00c9      	lsls	r1, r1, #3
 8002ac0:	3110      	adds	r1, #16
 8002ac2:	4408      	add	r0, r1
  {
    ep = &hpcd->OUT_ep[ep_addr];
  }

  /* Here we check if the endpoint is single or double Buffer*/
  if (ep_kind == PCD_SNG_BUF)
 8002ac4:	b952      	cbnz	r2, 8002adc <HAL_PCDEx_PMAConfig+0x2c>
  {
    /* Single Buffer */
    ep->doublebuffer = 0U;
 8002ac6:	7302      	strb	r2, [r0, #12]

    /* Configure the PMA */
    ep->pmaadress = (uint16_t)pmaadress;
 8002ac8:	80c3      	strh	r3, [r0, #6]
    ep->pmaaddr1 = (uint16_t)((pmaadress & 0xFFFF0000U) >> 16);
  }
#endif /* (USE_USB_DOUBLE_BUFFER == 1U) */

  return HAL_OK;
}
 8002aca:	2000      	movs	r0, #0
 8002acc:	4770      	bx	lr
    ep = &hpcd->OUT_ep[ep_addr];
 8002ace:	eb01 0181 	add.w	r1, r1, r1, lsl #2
 8002ad2:	00c9      	lsls	r1, r1, #3
 8002ad4:	f501 71a8 	add.w	r1, r1, #336	@ 0x150
 8002ad8:	4408      	add	r0, r1
 8002ada:	e7f3      	b.n	8002ac4 <HAL_PCDEx_PMAConfig+0x14>
    ep->doublebuffer = 1U;
 8002adc:	2201      	movs	r2, #1
 8002ade:	7302      	strb	r2, [r0, #12]
    ep->pmaaddr0 = (uint16_t)(pmaadress & 0xFFFFU);
 8002ae0:	8103      	strh	r3, [r0, #8]
    ep->pmaaddr1 = (uint16_t)((pmaadress & 0xFFFF0000U) >> 16);
 8002ae2:	0c1b      	lsrs	r3, r3, #16
 8002ae4:	8143      	strh	r3, [r0, #10]
 8002ae6:	e7f0      	b.n	8002aca <HAL_PCDEx_PMAConfig+0x1a>

08002ae8 <HAL_PCDEx_ActivateLPM>:
  * @brief  Activate LPM feature.
  * @param  hpcd PCD handle
  * @retval HAL status
  */
HAL_StatusTypeDef HAL_PCDEx_ActivateLPM(PCD_HandleTypeDef *hpcd)
{
 8002ae8:	4603      	mov	r3, r0

  USB_TypeDef *USBx = hpcd->Instance;
 8002aea:	6802      	ldr	r2, [r0, #0]
  hpcd->lpm_active = 1U;
 8002aec:	2101      	movs	r1, #1
 8002aee:	f8c0 12d0 	str.w	r1, [r0, #720]	@ 0x2d0
  hpcd->LPM_State = LPM_L0;
 8002af2:	2000      	movs	r0, #0
 8002af4:	f883 02c8 	strb.w	r0, [r3, #712]	@ 0x2c8

  USBx->LPMCSR |= USB_LPMCSR_LMPEN;
 8002af8:	f8b2 3054 	ldrh.w	r3, [r2, #84]	@ 0x54
 8002afc:	b29b      	uxth	r3, r3
 8002afe:	430b      	orrs	r3, r1
 8002b00:	f8a2 3054 	strh.w	r3, [r2, #84]	@ 0x54
  USBx->LPMCSR |= USB_LPMCSR_LPMACK;
 8002b04:	f8b2 3054 	ldrh.w	r3, [r2, #84]	@ 0x54
 8002b08:	b29b      	uxth	r3, r3
 8002b0a:	f043 0302 	orr.w	r3, r3, #2
 8002b0e:	f8a2 3054 	strh.w	r3, [r2, #84]	@ 0x54

  return HAL_OK;
}
 8002b12:	4770      	bx	lr

08002b14 <HAL_PWR_EnableBkUpAccess>:
  *         back-up domain.
  * @retval None
  */
void HAL_PWR_EnableBkUpAccess(void)
{
  SET_BIT(PWR->CR1, PWR_CR1_DBP);
 8002b14:	4a02      	ldr	r2, [pc, #8]	@ (8002b20 <HAL_PWR_EnableBkUpAccess+0xc>)
 8002b16:	6813      	ldr	r3, [r2, #0]
 8002b18:	f443 7380 	orr.w	r3, r3, #256	@ 0x100
 8002b1c:	6013      	str	r3, [r2, #0]
}
 8002b1e:	4770      	bx	lr
 8002b20:	58000400 	.word	0x58000400

08002b24 <HAL_PWREx_GetVoltageRange>:
  * @brief Return Voltage Scaling Range.
  * @retval VOS bit field (PWR_REGULATOR_VOLTAGE_RANGE1 or PWR_REGULATOR_VOLTAGE_RANGE2)
  */
uint32_t HAL_PWREx_GetVoltageRange(void)
{
  return (PWR->CR1 & PWR_CR1_VOS);
 8002b24:	4b02      	ldr	r3, [pc, #8]	@ (8002b30 <HAL_PWREx_GetVoltageRange+0xc>)
 8002b26:	6818      	ldr	r0, [r3, #0]
}
 8002b28:	f400 60c0 	and.w	r0, r0, #1536	@ 0x600
 8002b2c:	4770      	bx	lr
 8002b2e:	bf00      	nop
 8002b30:	58000400 	.word	0x58000400

08002b34 <HAL_PWREx_EnableVddUSB>:
  * @note  Remove VDDUSB electrical and logical isolation, once VDDUSB supply is present.
  * @retval None
  */
void HAL_PWREx_EnableVddUSB(void)
{
  SET_BIT(PWR->CR2, PWR_CR2_USV);
 8002b34:	4a02      	ldr	r2, [pc, #8]	@ (8002b40 <HAL_PWREx_EnableVddUSB+0xc>)
 8002b36:	6853      	ldr	r3, [r2, #4]
 8002b38:	f443 6380 	orr.w	r3, r3, #1024	@ 0x400
 8002b3c:	6053      	str	r3, [r2, #4]
}
 8002b3e:	4770      	bx	lr
 8002b40:	58000400 	.word	0x58000400

08002b44 <RCC_SetFlashLatency>:
  * @param  Flash_ClkSrcFreq  Flash Clock Source (in MHz)
  * @param  VCORE_Voltage     Current Vcore voltage (PWR_REGULATOR_VOLTAGE_SCALE1 or PWR_REGULATOR_VOLTAGE_SCALE2)
  * @retval HAL status
  */
static HAL_StatusTypeDef RCC_SetFlashLatency(uint32_t Flash_ClkSrcFreq, uint32_t VCORE_Voltage)
{
 8002b44:	b530      	push	{r4, r5, lr}
 8002b46:	b08d      	sub	sp, #52	@ 0x34
 8002b48:	4604      	mov	r4, r0
 8002b4a:	468e      	mov	lr, r1
  /* Flash Clock source (HCLK4) range in MHz with a VCORE is range1 */
  const uint32_t FLASH_CLK_SRC_RANGE_VOS1[] = {18UL, 36UL, 54UL, 64UL};
 8002b4c:	f8df c0b0 	ldr.w	ip, [pc, #176]	@ 8002c00 <RCC_SetFlashLatency+0xbc>
 8002b50:	e89c 000f 	ldmia.w	ip, {r0, r1, r2, r3}
 8002b54:	ad0c      	add	r5, sp, #48	@ 0x30
 8002b56:	e905 000f 	stmdb	r5, {r0, r1, r2, r3}
#if defined(PWR_CR1_VOS)
  /* Flash Clock source (HCLK4) range in MHz with a VCORE is range2 */
  const uint32_t FLASH_CLK_SRC_RANGE_VOS2[] = {6UL, 12UL, 16UL};
 8002b5a:	ab05      	add	r3, sp, #20
 8002b5c:	f10c 0210 	add.w	r2, ip, #16
 8002b60:	ca07      	ldmia	r2, {r0, r1, r2}
 8002b62:	e883 0007 	stmia.w	r3, {r0, r1, r2}
#endif /* PWR_CR1_VOS */
  /* Flash Latency range */
  const uint32_t FLASH_LATENCY_RANGE[] = {FLASH_LATENCY_0, FLASH_LATENCY_1, FLASH_LATENCY_2, FLASH_LATENCY_3};
 8002b66:	ad01      	add	r5, sp, #4
 8002b68:	f10c 0c1c 	add.w	ip, ip, #28
 8002b6c:	e89c 000f 	ldmia.w	ip, {r0, r1, r2, r3}
 8002b70:	e885 000f 	stmia.w	r5, {r0, r1, r2, r3}
  uint32_t latency   = FLASH_LATENCY_0;  /* default value 0WS */
  uint32_t tickstart;

#if defined(PWR_CR1_VOS)
  if (VCORE_Voltage == PWR_REGULATOR_VOLTAGE_SCALE1)
 8002b74:	f5be 7f00 	cmp.w	lr, #512	@ 0x200
 8002b78:	d007      	beq.n	8002b8a <RCC_SetFlashLatency+0x46>
      }
    }
  }
  else  /* PWR_REGULATOR_VOLTAGE_SCALE2 */
  {
    for (uint32_t index = 0; index < __COUNTOF(FLASH_CLK_SRC_RANGE_VOS2); index++)
 8002b7a:	2300      	movs	r3, #0
 8002b7c:	e014      	b.n	8002ba8 <RCC_SetFlashLatency+0x64>
        latency = FLASH_LATENCY_RANGE[index];
 8002b7e:	aa0c      	add	r2, sp, #48	@ 0x30
 8002b80:	eb02 0383 	add.w	r3, r2, r3, lsl #2
 8002b84:	f853 5c2c 	ldr.w	r5, [r3, #-44]
        break;
 8002b88:	e01e      	b.n	8002bc8 <RCC_SetFlashLatency+0x84>
    for (uint32_t index = 0; index < __COUNTOF(FLASH_CLK_SRC_RANGE_VOS1); index++)
 8002b8a:	2300      	movs	r3, #0
 8002b8c:	2b03      	cmp	r3, #3
 8002b8e:	d808      	bhi.n	8002ba2 <RCC_SetFlashLatency+0x5e>
      if (Flash_ClkSrcFreq <= FLASH_CLK_SRC_RANGE_VOS1[index])
 8002b90:	aa0c      	add	r2, sp, #48	@ 0x30
 8002b92:	eb02 0283 	add.w	r2, r2, r3, lsl #2
 8002b96:	f852 2c10 	ldr.w	r2, [r2, #-16]
 8002b9a:	42a2      	cmp	r2, r4
 8002b9c:	d2ef      	bcs.n	8002b7e <RCC_SetFlashLatency+0x3a>
    for (uint32_t index = 0; index < __COUNTOF(FLASH_CLK_SRC_RANGE_VOS1); index++)
 8002b9e:	3301      	adds	r3, #1
 8002ba0:	e7f4      	b.n	8002b8c <RCC_SetFlashLatency+0x48>
  uint32_t latency   = FLASH_LATENCY_0;  /* default value 0WS */
 8002ba2:	2500      	movs	r5, #0
 8002ba4:	e010      	b.n	8002bc8 <RCC_SetFlashLatency+0x84>
    for (uint32_t index = 0; index < __COUNTOF(FLASH_CLK_SRC_RANGE_VOS2); index++)
 8002ba6:	3301      	adds	r3, #1
 8002ba8:	2b02      	cmp	r3, #2
 8002baa:	d80c      	bhi.n	8002bc6 <RCC_SetFlashLatency+0x82>
    {
      if (Flash_ClkSrcFreq <= FLASH_CLK_SRC_RANGE_VOS2[index])
 8002bac:	aa0c      	add	r2, sp, #48	@ 0x30
 8002bae:	eb02 0283 	add.w	r2, r2, r3, lsl #2
 8002bb2:	f852 2c1c 	ldr.w	r2, [r2, #-28]
 8002bb6:	42a2      	cmp	r2, r4
 8002bb8:	d3f5      	bcc.n	8002ba6 <RCC_SetFlashLatency+0x62>
      {
        latency = FLASH_LATENCY_RANGE[index];
 8002bba:	aa0c      	add	r2, sp, #48	@ 0x30
 8002bbc:	eb02 0383 	add.w	r3, r2, r3, lsl #2
 8002bc0:	f853 5c2c 	ldr.w	r5, [r3, #-44]
        break;
 8002bc4:	e000      	b.n	8002bc8 <RCC_SetFlashLatency+0x84>
  uint32_t latency   = FLASH_LATENCY_0;  /* default value 0WS */
 8002bc6:	2500      	movs	r5, #0
      break;
    }
  }
#endif /* PWR_CR1_VOS */

  __HAL_FLASH_SET_LATENCY(latency);
 8002bc8:	4a0c      	ldr	r2, [pc, #48]	@ (8002bfc <RCC_SetFlashLatency+0xb8>)
 8002bca:	6813      	ldr	r3, [r2, #0]
 8002bcc:	f023 0307 	bic.w	r3, r3, #7
 8002bd0:	432b      	orrs	r3, r5
 8002bd2:	6013      	str	r3, [r2, #0]

  /* Get Start Tick*/
  tickstart = HAL_GetTick();
 8002bd4:	f7fe fcca 	bl	800156c <HAL_GetTick>
 8002bd8:	4604      	mov	r4, r0

  /* Check that the new number of wait states is taken into account to access the Flash
     memory by reading the FLASH_ACR register */
  while (__HAL_FLASH_GET_LATENCY() != latency)
 8002bda:	4b08      	ldr	r3, [pc, #32]	@ (8002bfc <RCC_SetFlashLatency+0xb8>)
 8002bdc:	681b      	ldr	r3, [r3, #0]
 8002bde:	f003 0307 	and.w	r3, r3, #7
 8002be2:	42ab      	cmp	r3, r5
 8002be4:	d006      	beq.n	8002bf4 <RCC_SetFlashLatency+0xb0>
  {
    if ((HAL_GetTick() - tickstart) > LATENCY_TIMEOUT_VALUE)
 8002be6:	f7fe fcc1 	bl	800156c <HAL_GetTick>
 8002bea:	1b00      	subs	r0, r0, r4
 8002bec:	2802      	cmp	r0, #2
 8002bee:	d9f4      	bls.n	8002bda <RCC_SetFlashLatency+0x96>
    {
      return HAL_TIMEOUT;
 8002bf0:	2003      	movs	r0, #3
 8002bf2:	e000      	b.n	8002bf6 <RCC_SetFlashLatency+0xb2>
    }
  }
  return HAL_OK;
 8002bf4:	2000      	movs	r0, #0
}
 8002bf6:	b00d      	add	sp, #52	@ 0x34
 8002bf8:	bd30      	pop	{r4, r5, pc}
 8002bfa:	bf00      	nop
 8002bfc:	58004000 	.word	0x58004000
 8002c00:	080096b8 	.word	0x080096b8

08002c04 <RCC_SetFlashLatencyFromMSIRange>:
{
 8002c04:	b510      	push	{r4, lr}
  if (MSI_Range > RCC_MSIRANGE_11)
 8002c06:	28b0      	cmp	r0, #176	@ 0xb0
 8002c08:	d918      	bls.n	8002c3c <RCC_SetFlashLatencyFromMSIRange+0x38>
    msifreq = __LL_RCC_CALC_MSI_FREQ(RCC_MSIRANGE_11);
 8002c0a:	4b0f      	ldr	r3, [pc, #60]	@ (8002c48 <RCC_SetFlashLatencyFromMSIRange+0x44>)
 8002c0c:	6adb      	ldr	r3, [r3, #44]	@ 0x2c
  *         @arg @ref LL_RCC_SYSCLK_DIV_256
  *         @arg @ref LL_RCC_SYSCLK_DIV_512
  */
__STATIC_INLINE uint32_t LL_RCC_GetAHB4Prescaler(void)
{
  return (uint32_t)(READ_BIT(RCC->EXTCFGR, RCC_EXTCFGR_SHDHPRE) << 4);
 8002c0e:	f04f 42b0 	mov.w	r2, #1476395008	@ 0x58000000
 8002c12:	f8d2 2108 	ldr.w	r2, [r2, #264]	@ 0x108
  flash_clksrcfreq = __LL_RCC_CALC_HCLK4_FREQ(msifreq, LL_RCC_GetAHB4Prescaler());
 8002c16:	f002 020f 	and.w	r2, r2, #15
 8002c1a:	490c      	ldr	r1, [pc, #48]	@ (8002c4c <RCC_SetFlashLatencyFromMSIRange+0x48>)
 8002c1c:	f851 2022 	ldr.w	r2, [r1, r2, lsl #2]
 8002c20:	fbb3 f3f2 	udiv	r3, r3, r2
  return RCC_SetFlashLatency((flash_clksrcfreq / MEGA_HZ), HAL_PWREx_GetVoltageRange());
 8002c24:	4a0a      	ldr	r2, [pc, #40]	@ (8002c50 <RCC_SetFlashLatencyFromMSIRange+0x4c>)
 8002c26:	fba2 2303 	umull	r2, r3, r2, r3
 8002c2a:	0c9b      	lsrs	r3, r3, #18
 8002c2c:	461c      	mov	r4, r3
 8002c2e:	f7ff ff79 	bl	8002b24 <HAL_PWREx_GetVoltageRange>
 8002c32:	4601      	mov	r1, r0
 8002c34:	4620      	mov	r0, r4
 8002c36:	f7ff ff85 	bl	8002b44 <RCC_SetFlashLatency>
}
 8002c3a:	bd10      	pop	{r4, pc}
    msifreq = __LL_RCC_CALC_MSI_FREQ(MSI_Range);
 8002c3c:	f3c0 1003 	ubfx	r0, r0, #4, #4
 8002c40:	4b01      	ldr	r3, [pc, #4]	@ (8002c48 <RCC_SetFlashLatencyFromMSIRange+0x44>)
 8002c42:	f853 3020 	ldr.w	r3, [r3, r0, lsl #2]
 8002c46:	e7e2      	b.n	8002c0e <RCC_SetFlashLatencyFromMSIRange+0xa>
 8002c48:	08009768 	.word	0x08009768
 8002c4c:	080097a8 	.word	0x080097a8
 8002c50:	431bde83 	.word	0x431bde83

08002c54 <HAL_RCC_GetSysClockFreq>:
  return (uint32_t)(READ_BIT(RCC->CFGR, RCC_CFGR_SWS));
 8002c54:	f04f 43b0 	mov.w	r3, #1476395008	@ 0x58000000
 8002c58:	689b      	ldr	r3, [r3, #8]
  if (temp_sysclksrc == RCC_SYSCLKSOURCE_STATUS_MSI)
 8002c5a:	f013 030c 	ands.w	r3, r3, #12
 8002c5e:	d10d      	bne.n	8002c7c <HAL_RCC_GetSysClockFreq+0x28>
  uint32_t msiRange = READ_BIT(RCC->CR, RCC_CR_MSIRANGE);
 8002c60:	f04f 43b0 	mov.w	r3, #1476395008	@ 0x58000000
 8002c64:	681b      	ldr	r3, [r3, #0]
 8002c66:	f003 03f0 	and.w	r3, r3, #240	@ 0xf0
  if (msiRange > LL_RCC_MSIRANGE_11)
 8002c6a:	2bb0      	cmp	r3, #176	@ 0xb0
 8002c6c:	d804      	bhi.n	8002c78 <HAL_RCC_GetSysClockFreq+0x24>
    sysclockfreq = __LL_RCC_CALC_MSI_FREQ(LL_RCC_MSI_GetRange());
 8002c6e:	091b      	lsrs	r3, r3, #4
 8002c70:	4a25      	ldr	r2, [pc, #148]	@ (8002d08 <HAL_RCC_GetSysClockFreq+0xb4>)
 8002c72:	f852 0023 	ldr.w	r0, [r2, r3, lsl #2]
 8002c76:	4770      	bx	lr
    msiRange = LL_RCC_MSIRANGE_11;
 8002c78:	23b0      	movs	r3, #176	@ 0xb0
 8002c7a:	e7f8      	b.n	8002c6e <HAL_RCC_GetSysClockFreq+0x1a>
  else if (temp_sysclksrc == RCC_SYSCLKSOURCE_STATUS_HSI)
 8002c7c:	2b04      	cmp	r3, #4
 8002c7e:	d03e      	beq.n	8002cfe <HAL_RCC_GetSysClockFreq+0xaa>
  else if (temp_sysclksrc == RCC_SYSCLKSOURCE_STATUS_HSE)
 8002c80:	2b08      	cmp	r3, #8
 8002c82:	d010      	beq.n	8002ca6 <HAL_RCC_GetSysClockFreq+0x52>
  *         @arg @ref LL_RCC_PLLSOURCE_HSI
  *         @arg @ref LL_RCC_PLLSOURCE_HSE
  */
__STATIC_INLINE uint32_t LL_RCC_PLL_GetMainSource(void)
{
  return (uint32_t)(READ_BIT(RCC->PLLCFGR, RCC_PLLCFGR_PLLSRC));
 8002c84:	f04f 43b0 	mov.w	r3, #1476395008	@ 0x58000000
 8002c88:	68db      	ldr	r3, [r3, #12]
 8002c8a:	f003 0303 	and.w	r3, r3, #3
    switch (pllsource)
 8002c8e:	2b02      	cmp	r3, #2
 8002c90:	d031      	beq.n	8002cf6 <HAL_RCC_GetSysClockFreq+0xa2>
 8002c92:	2b03      	cmp	r3, #3
 8002c94:	d10f      	bne.n	8002cb6 <HAL_RCC_GetSysClockFreq+0x62>
  return ((READ_BIT(RCC->CR, RCC_CR_HSEPRE) == (RCC_CR_HSEPRE)) ? 1UL : 0UL);
 8002c96:	f04f 43b0 	mov.w	r3, #1476395008	@ 0x58000000
 8002c9a:	681b      	ldr	r3, [r3, #0]
 8002c9c:	f413 1f80 	tst.w	r3, #1048576	@ 0x100000
 8002ca0:	d12b      	bne.n	8002cfa <HAL_RCC_GetSysClockFreq+0xa6>
          pllinputfreq = HSE_VALUE;
 8002ca2:	481a      	ldr	r0, [pc, #104]	@ (8002d0c <HAL_RCC_GetSysClockFreq+0xb8>)
 8002ca4:	e012      	b.n	8002ccc <HAL_RCC_GetSysClockFreq+0x78>
 8002ca6:	f04f 43b0 	mov.w	r3, #1476395008	@ 0x58000000
 8002caa:	681b      	ldr	r3, [r3, #0]
 8002cac:	f413 1f80 	tst.w	r3, #1048576	@ 0x100000
 8002cb0:	d027      	beq.n	8002d02 <HAL_RCC_GetSysClockFreq+0xae>
      sysclockfreq = HSE_VALUE / 2U;
 8002cb2:	4817      	ldr	r0, [pc, #92]	@ (8002d10 <HAL_RCC_GetSysClockFreq+0xbc>)
 8002cb4:	4770      	bx	lr
  uint32_t msiRange = READ_BIT(RCC->CR, RCC_CR_MSIRANGE);
 8002cb6:	f04f 43b0 	mov.w	r3, #1476395008	@ 0x58000000
 8002cba:	681b      	ldr	r3, [r3, #0]
 8002cbc:	f003 03f0 	and.w	r3, r3, #240	@ 0xf0
  if (msiRange > LL_RCC_MSIRANGE_11)
 8002cc0:	2bb0      	cmp	r3, #176	@ 0xb0
 8002cc2:	d816      	bhi.n	8002cf2 <HAL_RCC_GetSysClockFreq+0x9e>
        pllinputfreq = __LL_RCC_CALC_MSI_FREQ(LL_RCC_MSI_GetRange());
 8002cc4:	091b      	lsrs	r3, r3, #4
 8002cc6:	4a10      	ldr	r2, [pc, #64]	@ (8002d08 <HAL_RCC_GetSysClockFreq+0xb4>)
 8002cc8:	f852 0023 	ldr.w	r0, [r2, r3, lsl #2]
  return (uint32_t)(READ_BIT(RCC->PLLCFGR, RCC_PLLCFGR_PLLN) >>  RCC_PLLCFGR_PLLN_Pos);
 8002ccc:	f04f 42b0 	mov.w	r2, #1476395008	@ 0x58000000
 8002cd0:	68d3      	ldr	r3, [r2, #12]
 8002cd2:	f3c3 2306 	ubfx	r3, r3, #8, #7
    sysclockfreq = __LL_RCC_CALC_PLLCLK_FREQ(pllinputfreq, LL_RCC_PLL_GetDivider(), LL_RCC_PLL_GetN(),
 8002cd6:	fb03 f000 	mul.w	r0, r3, r0
  return (uint32_t)(READ_BIT(RCC->PLLCFGR, RCC_PLLCFGR_PLLM));
 8002cda:	68d3      	ldr	r3, [r2, #12]
 8002cdc:	f3c3 1302 	ubfx	r3, r3, #4, #3
 8002ce0:	3301      	adds	r3, #1
 8002ce2:	fbb0 f0f3 	udiv	r0, r0, r3
  return (uint32_t)(READ_BIT(RCC->PLLCFGR, RCC_PLLCFGR_PLLR));
 8002ce6:	68d3      	ldr	r3, [r2, #12]
 8002ce8:	0f5b      	lsrs	r3, r3, #29
 8002cea:	3301      	adds	r3, #1
 8002cec:	fbb0 f0f3 	udiv	r0, r0, r3
 8002cf0:	4770      	bx	lr
    msiRange = LL_RCC_MSIRANGE_11;
 8002cf2:	23b0      	movs	r3, #176	@ 0xb0
 8002cf4:	e7e6      	b.n	8002cc4 <HAL_RCC_GetSysClockFreq+0x70>
    switch (pllsource)
 8002cf6:	4806      	ldr	r0, [pc, #24]	@ (8002d10 <HAL_RCC_GetSysClockFreq+0xbc>)
 8002cf8:	e7e8      	b.n	8002ccc <HAL_RCC_GetSysClockFreq+0x78>
          pllinputfreq = HSE_VALUE / 2U;
 8002cfa:	4805      	ldr	r0, [pc, #20]	@ (8002d10 <HAL_RCC_GetSysClockFreq+0xbc>)
 8002cfc:	e7e6      	b.n	8002ccc <HAL_RCC_GetSysClockFreq+0x78>
    sysclockfreq = HSI_VALUE;
 8002cfe:	4804      	ldr	r0, [pc, #16]	@ (8002d10 <HAL_RCC_GetSysClockFreq+0xbc>)
 8002d00:	4770      	bx	lr
      sysclockfreq = HSE_VALUE;
 8002d02:	4802      	ldr	r0, [pc, #8]	@ (8002d0c <HAL_RCC_GetSysClockFreq+0xb8>)
}
 8002d04:	4770      	bx	lr
 8002d06:	bf00      	nop
 8002d08:	08009768 	.word	0x08009768
 8002d0c:	01e84800 	.word	0x01e84800
 8002d10:	00f42400 	.word	0x00f42400

08002d14 <HAL_RCC_GetHCLKFreq>:
{
 8002d14:	b508      	push	{r3, lr}
  return ((uint32_t)(__LL_RCC_CALC_HCLK1_FREQ(HAL_RCC_GetSysClockFreq(), LL_RCC_GetAHBPrescaler())));
 8002d16:	f7ff ff9d 	bl	8002c54 <HAL_RCC_GetSysClockFreq>
  return (uint32_t)(READ_BIT(RCC->CFGR, RCC_CFGR_HPRE));
 8002d1a:	f04f 43b0 	mov.w	r3, #1476395008	@ 0x58000000
 8002d1e:	689b      	ldr	r3, [r3, #8]
 8002d20:	f3c3 1303 	ubfx	r3, r3, #4, #4
 8002d24:	4a02      	ldr	r2, [pc, #8]	@ (8002d30 <HAL_RCC_GetHCLKFreq+0x1c>)
 8002d26:	f852 3023 	ldr.w	r3, [r2, r3, lsl #2]
}
 8002d2a:	fbb0 f0f3 	udiv	r0, r0, r3
 8002d2e:	bd08      	pop	{r3, pc}
 8002d30:	080097a8 	.word	0x080097a8

08002d34 <HAL_RCC_OscConfig>:
  if (RCC_OscInitStruct == NULL)
 8002d34:	2800      	cmp	r0, #0
 8002d36:	f000 8375 	beq.w	8003424 <HAL_RCC_OscConfig+0x6f0>
{
 8002d3a:	b538      	push	{r3, r4, r5, lr}
 8002d3c:	4604      	mov	r4, r0
  if (((RCC_OscInitStruct->OscillatorType) & RCC_OSCILLATORTYPE_MSI) == RCC_OSCILLATORTYPE_MSI)
 8002d3e:	6803      	ldr	r3, [r0, #0]
 8002d40:	f013 0f20 	tst.w	r3, #32
 8002d44:	d02d      	beq.n	8002da2 <HAL_RCC_OscConfig+0x6e>
  return (uint32_t)(READ_BIT(RCC->CFGR, RCC_CFGR_SWS));
 8002d46:	f04f 42b0 	mov.w	r2, #1476395008	@ 0x58000000
 8002d4a:	6893      	ldr	r3, [r2, #8]
  return (uint32_t)(READ_BIT(RCC->PLLCFGR, RCC_PLLCFGR_PLLSRC));
 8002d4c:	68d2      	ldr	r2, [r2, #12]
 8002d4e:	f002 0203 	and.w	r2, r2, #3
    if ((temp_sysclksrc == RCC_SYSCLKSOURCE_STATUS_MSI) ||
 8002d52:	f013 030c 	ands.w	r3, r3, #12
 8002d56:	d058      	beq.n	8002e0a <HAL_RCC_OscConfig+0xd6>
 8002d58:	2b0c      	cmp	r3, #12
 8002d5a:	d054      	beq.n	8002e06 <HAL_RCC_OscConfig+0xd2>
      if (RCC_OscInitStruct->MSIState != RCC_MSI_OFF)
 8002d5c:	69e3      	ldr	r3, [r4, #28]
 8002d5e:	2b00      	cmp	r3, #0
 8002d60:	f000 80a0 	beq.w	8002ea4 <HAL_RCC_OscConfig+0x170>
  SET_BIT(RCC->CR, RCC_CR_MSION);
 8002d64:	f04f 42b0 	mov.w	r2, #1476395008	@ 0x58000000
 8002d68:	6813      	ldr	r3, [r2, #0]
 8002d6a:	f043 0301 	orr.w	r3, r3, #1
 8002d6e:	6013      	str	r3, [r2, #0]
        tickstart = HAL_GetTick();
 8002d70:	f7fe fbfc 	bl	800156c <HAL_GetTick>
 8002d74:	4605      	mov	r5, r0
  return ((READ_BIT(RCC->CR, RCC_CR_MSIRDY) == (RCC_CR_MSIRDY)) ? 1UL : 0UL);
 8002d76:	f04f 43b0 	mov.w	r3, #1476395008	@ 0x58000000
 8002d7a:	681b      	ldr	r3, [r3, #0]
 8002d7c:	f013 0f02 	tst.w	r3, #2
 8002d80:	f000 8088 	beq.w	8002e94 <HAL_RCC_OscConfig+0x160>
        __HAL_RCC_MSI_RANGE_CONFIG(RCC_OscInitStruct->MSIClockRange);
 8002d84:	6a63      	ldr	r3, [r4, #36]	@ 0x24
  MODIFY_REG(RCC->CR, RCC_CR_MSIRANGE, Range);
 8002d86:	f04f 42b0 	mov.w	r2, #1476395008	@ 0x58000000
 8002d8a:	6811      	ldr	r1, [r2, #0]
 8002d8c:	f021 01f0 	bic.w	r1, r1, #240	@ 0xf0
 8002d90:	430b      	orrs	r3, r1
 8002d92:	6013      	str	r3, [r2, #0]
        __HAL_RCC_MSI_CALIBRATIONVALUE_ADJUST(RCC_OscInitStruct->MSICalibrationValue);
 8002d94:	6a21      	ldr	r1, [r4, #32]
  MODIFY_REG(RCC->ICSCR, RCC_ICSCR_MSITRIM, Value << RCC_ICSCR_MSITRIM_Pos);
 8002d96:	6853      	ldr	r3, [r2, #4]
 8002d98:	f423 437f 	bic.w	r3, r3, #65280	@ 0xff00
 8002d9c:	ea43 2301 	orr.w	r3, r3, r1, lsl #8
 8002da0:	6053      	str	r3, [r2, #4]
  if (((RCC_OscInitStruct->OscillatorType) & RCC_OSCILLATORTYPE_HSE) == RCC_OSCILLATORTYPE_HSE)
 8002da2:	6823      	ldr	r3, [r4, #0]
 8002da4:	f013 0f01 	tst.w	r3, #1
 8002da8:	f000 809a 	beq.w	8002ee0 <HAL_RCC_OscConfig+0x1ac>
  return (uint32_t)(READ_BIT(RCC->CFGR, RCC_CFGR_SWS));
 8002dac:	f04f 42b0 	mov.w	r2, #1476395008	@ 0x58000000
 8002db0:	6893      	ldr	r3, [r2, #8]
 8002db2:	f003 030c 	and.w	r3, r3, #12
  return (uint32_t)(READ_BIT(RCC->PLLCFGR, RCC_PLLCFGR_PLLSRC));
 8002db6:	68d2      	ldr	r2, [r2, #12]
 8002db8:	f002 0203 	and.w	r2, r2, #3
    if ((temp_sysclksrc == RCC_SYSCLKSOURCE_STATUS_HSE) ||
 8002dbc:	2b08      	cmp	r3, #8
 8002dbe:	f000 808b 	beq.w	8002ed8 <HAL_RCC_OscConfig+0x1a4>
 8002dc2:	2b0c      	cmp	r3, #12
 8002dc4:	f000 8085 	beq.w	8002ed2 <HAL_RCC_OscConfig+0x19e>
      __HAL_RCC_HSE_CONFIG(RCC_OscInitStruct->HSEState);
 8002dc8:	6863      	ldr	r3, [r4, #4]
 8002dca:	f5b3 3f80 	cmp.w	r3, #65536	@ 0x10000
 8002dce:	f000 80b0 	beq.w	8002f32 <HAL_RCC_OscConfig+0x1fe>
  CLEAR_BIT(RCC->CR, RCC_CR_HSEON);
 8002dd2:	f04f 42b0 	mov.w	r2, #1476395008	@ 0x58000000
 8002dd6:	6813      	ldr	r3, [r2, #0]
 8002dd8:	f423 3380 	bic.w	r3, r3, #65536	@ 0x10000
 8002ddc:	6013      	str	r3, [r2, #0]
      if (RCC_OscInitStruct->HSEState != RCC_HSE_OFF)
 8002dde:	6863      	ldr	r3, [r4, #4]
 8002de0:	2b00      	cmp	r3, #0
 8002de2:	f000 80ad 	beq.w	8002f40 <HAL_RCC_OscConfig+0x20c>
        tickstart = HAL_GetTick();
 8002de6:	f7fe fbc1 	bl	800156c <HAL_GetTick>
 8002dea:	4605      	mov	r5, r0
  return ((READ_BIT(RCC->CR, RCC_CR_HSERDY) == (RCC_CR_HSERDY)) ? 1UL : 0UL);
 8002dec:	f04f 43b0 	mov.w	r3, #1476395008	@ 0x58000000
 8002df0:	681b      	ldr	r3, [r3, #0]
 8002df2:	f413 3f00 	tst.w	r3, #131072	@ 0x20000
 8002df6:	d173      	bne.n	8002ee0 <HAL_RCC_OscConfig+0x1ac>
          if ((HAL_GetTick() - tickstart) > HSE_TIMEOUT_VALUE)
 8002df8:	f7fe fbb8 	bl	800156c <HAL_GetTick>
 8002dfc:	1b40      	subs	r0, r0, r5
 8002dfe:	2864      	cmp	r0, #100	@ 0x64
 8002e00:	d9f4      	bls.n	8002dec <HAL_RCC_OscConfig+0xb8>
            return HAL_TIMEOUT;
 8002e02:	2003      	movs	r0, #3
 8002e04:	e319      	b.n	800343a <HAL_RCC_OscConfig+0x706>
        ((temp_sysclksrc == RCC_SYSCLKSOURCE_STATUS_PLLCLK) && (temp_plloscsrc == RCC_PLLSOURCE_MSI)))
 8002e06:	2a01      	cmp	r2, #1
 8002e08:	d1a8      	bne.n	8002d5c <HAL_RCC_OscConfig+0x28>
      if (RCC_OscInitStruct->MSIState == RCC_MSI_OFF)
 8002e0a:	69e3      	ldr	r3, [r4, #28]
 8002e0c:	2b00      	cmp	r3, #0
 8002e0e:	f000 830b 	beq.w	8003428 <HAL_RCC_OscConfig+0x6f4>
        if (RCC_OscInitStruct->MSIClockRange > __HAL_RCC_GET_MSI_RANGE())
 8002e12:	6a60      	ldr	r0, [r4, #36]	@ 0x24
  uint32_t msiRange = READ_BIT(RCC->CR, RCC_CR_MSIRANGE);
 8002e14:	f04f 43b0 	mov.w	r3, #1476395008	@ 0x58000000
 8002e18:	681b      	ldr	r3, [r3, #0]
 8002e1a:	f003 03f0 	and.w	r3, r3, #240	@ 0xf0
  if (msiRange > LL_RCC_MSIRANGE_11)
 8002e1e:	2bb0      	cmp	r3, #176	@ 0xb0
 8002e20:	d821      	bhi.n	8002e66 <HAL_RCC_OscConfig+0x132>
 8002e22:	4298      	cmp	r0, r3
 8002e24:	d921      	bls.n	8002e6a <HAL_RCC_OscConfig+0x136>
          if (RCC_SetFlashLatencyFromMSIRange(RCC_OscInitStruct->MSIClockRange) != HAL_OK)
 8002e26:	f7ff feed 	bl	8002c04 <RCC_SetFlashLatencyFromMSIRange>
 8002e2a:	2800      	cmp	r0, #0
 8002e2c:	f040 82fe 	bne.w	800342c <HAL_RCC_OscConfig+0x6f8>
          __HAL_RCC_MSI_RANGE_CONFIG(RCC_OscInitStruct->MSIClockRange);
 8002e30:	6a63      	ldr	r3, [r4, #36]	@ 0x24
  MODIFY_REG(RCC->CR, RCC_CR_MSIRANGE, Range);
 8002e32:	f04f 42b0 	mov.w	r2, #1476395008	@ 0x58000000
 8002e36:	6811      	ldr	r1, [r2, #0]
 8002e38:	f021 01f0 	bic.w	r1, r1, #240	@ 0xf0
 8002e3c:	430b      	orrs	r3, r1
 8002e3e:	6013      	str	r3, [r2, #0]
          __HAL_RCC_MSI_CALIBRATIONVALUE_ADJUST(RCC_OscInitStruct->MSICalibrationValue);
 8002e40:	6a21      	ldr	r1, [r4, #32]
  MODIFY_REG(RCC->ICSCR, RCC_ICSCR_MSITRIM, Value << RCC_ICSCR_MSITRIM_Pos);
 8002e42:	6853      	ldr	r3, [r2, #4]
 8002e44:	f423 437f 	bic.w	r3, r3, #65280	@ 0xff00
 8002e48:	ea43 2301 	orr.w	r3, r3, r1, lsl #8
 8002e4c:	6053      	str	r3, [r2, #4]
        SystemCoreClock = HAL_RCC_GetHCLKFreq();
 8002e4e:	f7ff ff61 	bl	8002d14 <HAL_RCC_GetHCLKFreq>
 8002e52:	4bbd      	ldr	r3, [pc, #756]	@ (8003148 <HAL_RCC_OscConfig+0x414>)
 8002e54:	6018      	str	r0, [r3, #0]
        if (HAL_InitTick(uwTickPrio) != HAL_OK)
 8002e56:	4bbd      	ldr	r3, [pc, #756]	@ (800314c <HAL_RCC_OscConfig+0x418>)
 8002e58:	6818      	ldr	r0, [r3, #0]
 8002e5a:	f7fe fb3b 	bl	80014d4 <HAL_InitTick>
 8002e5e:	2800      	cmp	r0, #0
 8002e60:	d09f      	beq.n	8002da2 <HAL_RCC_OscConfig+0x6e>
          return HAL_ERROR;
 8002e62:	2001      	movs	r0, #1
 8002e64:	e2e9      	b.n	800343a <HAL_RCC_OscConfig+0x706>
    msiRange = LL_RCC_MSIRANGE_11;
 8002e66:	23b0      	movs	r3, #176	@ 0xb0
 8002e68:	e7db      	b.n	8002e22 <HAL_RCC_OscConfig+0xee>
  MODIFY_REG(RCC->CR, RCC_CR_MSIRANGE, Range);
 8002e6a:	f04f 42b0 	mov.w	r2, #1476395008	@ 0x58000000
 8002e6e:	6813      	ldr	r3, [r2, #0]
 8002e70:	f023 03f0 	bic.w	r3, r3, #240	@ 0xf0
 8002e74:	4318      	orrs	r0, r3
 8002e76:	6010      	str	r0, [r2, #0]
          __HAL_RCC_MSI_CALIBRATIONVALUE_ADJUST(RCC_OscInitStruct->MSICalibrationValue);
 8002e78:	6a21      	ldr	r1, [r4, #32]
  MODIFY_REG(RCC->ICSCR, RCC_ICSCR_MSITRIM, Value << RCC_ICSCR_MSITRIM_Pos);
 8002e7a:	6853      	ldr	r3, [r2, #4]
 8002e7c:	f423 437f 	bic.w	r3, r3, #65280	@ 0xff00
 8002e80:	ea43 2301 	orr.w	r3, r3, r1, lsl #8
 8002e84:	6053      	str	r3, [r2, #4]
          if (RCC_SetFlashLatencyFromMSIRange(RCC_OscInitStruct->MSIClockRange) != HAL_OK)
 8002e86:	6a60      	ldr	r0, [r4, #36]	@ 0x24
 8002e88:	f7ff febc 	bl	8002c04 <RCC_SetFlashLatencyFromMSIRange>
 8002e8c:	2800      	cmp	r0, #0
 8002e8e:	d0de      	beq.n	8002e4e <HAL_RCC_OscConfig+0x11a>
            return HAL_ERROR;
 8002e90:	2001      	movs	r0, #1
 8002e92:	e2d2      	b.n	800343a <HAL_RCC_OscConfig+0x706>
          if ((HAL_GetTick() - tickstart) > MSI_TIMEOUT_VALUE)
 8002e94:	f7fe fb6a 	bl	800156c <HAL_GetTick>
 8002e98:	1b40      	subs	r0, r0, r5
 8002e9a:	2802      	cmp	r0, #2
 8002e9c:	f67f af6b 	bls.w	8002d76 <HAL_RCC_OscConfig+0x42>
            return HAL_TIMEOUT;
 8002ea0:	2003      	movs	r0, #3
 8002ea2:	e2ca      	b.n	800343a <HAL_RCC_OscConfig+0x706>
  CLEAR_BIT(RCC->CR, RCC_CR_MSION);
 8002ea4:	f04f 42b0 	mov.w	r2, #1476395008	@ 0x58000000
 8002ea8:	6813      	ldr	r3, [r2, #0]
 8002eaa:	f023 0301 	bic.w	r3, r3, #1
 8002eae:	6013      	str	r3, [r2, #0]
        tickstart = HAL_GetTick();
 8002eb0:	f7fe fb5c 	bl	800156c <HAL_GetTick>
 8002eb4:	4605      	mov	r5, r0
  return ((READ_BIT(RCC->CR, RCC_CR_MSIRDY) == (RCC_CR_MSIRDY)) ? 1UL : 0UL);
 8002eb6:	f04f 43b0 	mov.w	r3, #1476395008	@ 0x58000000
 8002eba:	681b      	ldr	r3, [r3, #0]
 8002ebc:	f013 0f02 	tst.w	r3, #2
 8002ec0:	f43f af6f 	beq.w	8002da2 <HAL_RCC_OscConfig+0x6e>
          if ((HAL_GetTick() - tickstart) > MSI_TIMEOUT_VALUE)
 8002ec4:	f7fe fb52 	bl	800156c <HAL_GetTick>
 8002ec8:	1b40      	subs	r0, r0, r5
 8002eca:	2802      	cmp	r0, #2
 8002ecc:	d9f3      	bls.n	8002eb6 <HAL_RCC_OscConfig+0x182>
            return HAL_TIMEOUT;
 8002ece:	2003      	movs	r0, #3
 8002ed0:	e2b3      	b.n	800343a <HAL_RCC_OscConfig+0x706>
        ((temp_sysclksrc == RCC_SYSCLKSOURCE_STATUS_PLLCLK) && (temp_plloscsrc == RCC_PLLSOURCE_HSE)))
 8002ed2:	2a03      	cmp	r2, #3
 8002ed4:	f47f af78 	bne.w	8002dc8 <HAL_RCC_OscConfig+0x94>
      if (RCC_OscInitStruct->HSEState == RCC_HSE_OFF)
 8002ed8:	6863      	ldr	r3, [r4, #4]
 8002eda:	2b00      	cmp	r3, #0
 8002edc:	f000 82a8 	beq.w	8003430 <HAL_RCC_OscConfig+0x6fc>
  if (((RCC_OscInitStruct->OscillatorType) & RCC_OSCILLATORTYPE_HSI) == RCC_OSCILLATORTYPE_HSI)
 8002ee0:	6823      	ldr	r3, [r4, #0]
 8002ee2:	f013 0f02 	tst.w	r3, #2
 8002ee6:	d054      	beq.n	8002f92 <HAL_RCC_OscConfig+0x25e>
  return (uint32_t)(READ_BIT(RCC->CFGR, RCC_CFGR_SWS));
 8002ee8:	f04f 42b0 	mov.w	r2, #1476395008	@ 0x58000000
 8002eec:	6893      	ldr	r3, [r2, #8]
 8002eee:	f003 030c 	and.w	r3, r3, #12
  return (uint32_t)(READ_BIT(RCC->PLLCFGR, RCC_PLLCFGR_PLLSRC));
 8002ef2:	68d2      	ldr	r2, [r2, #12]
 8002ef4:	f002 0203 	and.w	r2, r2, #3
    if ((temp_sysclksrc == RCC_SYSCLKSOURCE_STATUS_HSI) ||
 8002ef8:	2b04      	cmp	r3, #4
 8002efa:	d033      	beq.n	8002f64 <HAL_RCC_OscConfig+0x230>
 8002efc:	2b0c      	cmp	r3, #12
 8002efe:	d02f      	beq.n	8002f60 <HAL_RCC_OscConfig+0x22c>
      if (RCC_OscInitStruct->HSIState != RCC_HSI_OFF)
 8002f00:	68e3      	ldr	r3, [r4, #12]
 8002f02:	2b00      	cmp	r3, #0
 8002f04:	d074      	beq.n	8002ff0 <HAL_RCC_OscConfig+0x2bc>
  SET_BIT(RCC->CR, RCC_CR_HSION);
 8002f06:	f04f 42b0 	mov.w	r2, #1476395008	@ 0x58000000
 8002f0a:	6813      	ldr	r3, [r2, #0]
 8002f0c:	f443 7380 	orr.w	r3, r3, #256	@ 0x100
 8002f10:	6013      	str	r3, [r2, #0]
        tickstart = HAL_GetTick();
 8002f12:	f7fe fb2b 	bl	800156c <HAL_GetTick>
 8002f16:	4605      	mov	r5, r0
  return ((READ_BIT(RCC->CR, RCC_CR_HSIRDY) == (RCC_CR_HSIRDY)) ? 1UL : 0UL);
 8002f18:	f04f 43b0 	mov.w	r3, #1476395008	@ 0x58000000
 8002f1c:	681b      	ldr	r3, [r3, #0]
 8002f1e:	f413 6f80 	tst.w	r3, #1024	@ 0x400
 8002f22:	d12d      	bne.n	8002f80 <HAL_RCC_OscConfig+0x24c>
          if ((HAL_GetTick() - tickstart) > HSI_TIMEOUT_VALUE)
 8002f24:	f7fe fb22 	bl	800156c <HAL_GetTick>
 8002f28:	1b40      	subs	r0, r0, r5
 8002f2a:	2802      	cmp	r0, #2
 8002f2c:	d9f4      	bls.n	8002f18 <HAL_RCC_OscConfig+0x1e4>
            return HAL_TIMEOUT;
 8002f2e:	2003      	movs	r0, #3
 8002f30:	e283      	b.n	800343a <HAL_RCC_OscConfig+0x706>
  SET_BIT(RCC->CR, RCC_CR_HSEON);
 8002f32:	f04f 42b0 	mov.w	r2, #1476395008	@ 0x58000000
 8002f36:	6813      	ldr	r3, [r2, #0]
 8002f38:	f443 3380 	orr.w	r3, r3, #65536	@ 0x10000
 8002f3c:	6013      	str	r3, [r2, #0]
}
 8002f3e:	e74e      	b.n	8002dde <HAL_RCC_OscConfig+0xaa>
        tickstart = HAL_GetTick();
 8002f40:	f7fe fb14 	bl	800156c <HAL_GetTick>
 8002f44:	4605      	mov	r5, r0
  return ((READ_BIT(RCC->CR, RCC_CR_HSERDY) == (RCC_CR_HSERDY)) ? 1UL : 0UL);
 8002f46:	f04f 43b0 	mov.w	r3, #1476395008	@ 0x58000000
 8002f4a:	681b      	ldr	r3, [r3, #0]
 8002f4c:	f413 3f00 	tst.w	r3, #131072	@ 0x20000
 8002f50:	d0c6      	beq.n	8002ee0 <HAL_RCC_OscConfig+0x1ac>
          if ((HAL_GetTick() - tickstart) > HSE_TIMEOUT_VALUE)
 8002f52:	f7fe fb0b 	bl	800156c <HAL_GetTick>
 8002f56:	1b40      	subs	r0, r0, r5
 8002f58:	2864      	cmp	r0, #100	@ 0x64
 8002f5a:	d9f4      	bls.n	8002f46 <HAL_RCC_OscConfig+0x212>
            return HAL_TIMEOUT;
 8002f5c:	2003      	movs	r0, #3
 8002f5e:	e26c      	b.n	800343a <HAL_RCC_OscConfig+0x706>
        ((temp_sysclksrc == RCC_SYSCLKSOURCE_STATUS_PLLCLK) && (temp_plloscsrc == RCC_PLLSOURCE_HSI)))
 8002f60:	2a02      	cmp	r2, #2
 8002f62:	d1cd      	bne.n	8002f00 <HAL_RCC_OscConfig+0x1cc>
      if (RCC_OscInitStruct->HSIState == RCC_HSI_OFF)
 8002f64:	68e3      	ldr	r3, [r4, #12]
 8002f66:	2b00      	cmp	r3, #0
 8002f68:	f000 8264 	beq.w	8003434 <HAL_RCC_OscConfig+0x700>
        __HAL_RCC_HSI_CALIBRATIONVALUE_ADJUST(RCC_OscInitStruct->HSICalibrationValue);
 8002f6c:	6921      	ldr	r1, [r4, #16]
  MODIFY_REG(RCC->ICSCR, RCC_ICSCR_HSITRIM, Value << RCC_ICSCR_HSITRIM_Pos);
 8002f6e:	f04f 42b0 	mov.w	r2, #1476395008	@ 0x58000000
 8002f72:	6853      	ldr	r3, [r2, #4]
 8002f74:	f023 43fe 	bic.w	r3, r3, #2130706432	@ 0x7f000000
 8002f78:	ea43 6301 	orr.w	r3, r3, r1, lsl #24
 8002f7c:	6053      	str	r3, [r2, #4]
}
 8002f7e:	e008      	b.n	8002f92 <HAL_RCC_OscConfig+0x25e>
        __HAL_RCC_HSI_CALIBRATIONVALUE_ADJUST(RCC_OscInitStruct->HSICalibrationValue);
 8002f80:	6921      	ldr	r1, [r4, #16]
  MODIFY_REG(RCC->ICSCR, RCC_ICSCR_HSITRIM, Value << RCC_ICSCR_HSITRIM_Pos);
 8002f82:	f04f 42b0 	mov.w	r2, #1476395008	@ 0x58000000
 8002f86:	6853      	ldr	r3, [r2, #4]
 8002f88:	f023 43fe 	bic.w	r3, r3, #2130706432	@ 0x7f000000
 8002f8c:	ea43 6301 	orr.w	r3, r3, r1, lsl #24
 8002f90:	6053      	str	r3, [r2, #4]
  if ((((RCC_OscInitStruct->OscillatorType) & RCC_OSCILLATORTYPE_LSI1) == RCC_OSCILLATORTYPE_LSI1) || \
 8002f92:	6823      	ldr	r3, [r4, #0]
 8002f94:	f013 0f08 	tst.w	r3, #8
 8002f98:	d103      	bne.n	8002fa2 <HAL_RCC_OscConfig+0x26e>
 8002f9a:	f013 0f10 	tst.w	r3, #16
 8002f9e:	f000 80de 	beq.w	800315e <HAL_RCC_OscConfig+0x42a>
    if (RCC_OscInitStruct->LSIState != RCC_LSI_OFF)
 8002fa2:	6962      	ldr	r2, [r4, #20]
 8002fa4:	2a00      	cmp	r2, #0
 8002fa6:	f000 80a3 	beq.w	80030f0 <HAL_RCC_OscConfig+0x3bc>
      if (((RCC_OscInitStruct->OscillatorType) & RCC_OSCILLATORTYPE_LSI2) == RCC_OSCILLATORTYPE_LSI2)
 8002faa:	f013 0f10 	tst.w	r3, #16
 8002fae:	d070      	beq.n	8003092 <HAL_RCC_OscConfig+0x35e>
  return ((READ_BIT(RCC->CSR, RCC_CSR_LSI1RDY) == (RCC_CSR_LSI1RDY)) ? 1UL : 0UL);
 8002fb0:	f04f 43b0 	mov.w	r3, #1476395008	@ 0x58000000
 8002fb4:	f8d3 3094 	ldr.w	r3, [r3, #148]	@ 0x94
 8002fb8:	f013 0f02 	tst.w	r3, #2
 8002fbc:	d12e      	bne.n	800301c <HAL_RCC_OscConfig+0x2e8>
  SET_BIT(RCC->CSR, RCC_CSR_LSI1ON);
 8002fbe:	f04f 42b0 	mov.w	r2, #1476395008	@ 0x58000000
 8002fc2:	f8d2 3094 	ldr.w	r3, [r2, #148]	@ 0x94
 8002fc6:	f043 0301 	orr.w	r3, r3, #1
 8002fca:	f8c2 3094 	str.w	r3, [r2, #148]	@ 0x94
          tickstart = HAL_GetTick();
 8002fce:	f7fe facd 	bl	800156c <HAL_GetTick>
 8002fd2:	4605      	mov	r5, r0
  return ((READ_BIT(RCC->CSR, RCC_CSR_LSI1RDY) == (RCC_CSR_LSI1RDY)) ? 1UL : 0UL);
 8002fd4:	f04f 43b0 	mov.w	r3, #1476395008	@ 0x58000000
 8002fd8:	f8d3 3094 	ldr.w	r3, [r3, #148]	@ 0x94
 8002fdc:	f013 0f02 	tst.w	r3, #2
 8002fe0:	d11c      	bne.n	800301c <HAL_RCC_OscConfig+0x2e8>
            if ((HAL_GetTick() - tickstart) > LSI1_TIMEOUT_VALUE)
 8002fe2:	f7fe fac3 	bl	800156c <HAL_GetTick>
 8002fe6:	1b40      	subs	r0, r0, r5
 8002fe8:	2802      	cmp	r0, #2
 8002fea:	d9f3      	bls.n	8002fd4 <HAL_RCC_OscConfig+0x2a0>
              return HAL_TIMEOUT;
 8002fec:	2003      	movs	r0, #3
 8002fee:	e224      	b.n	800343a <HAL_RCC_OscConfig+0x706>
  CLEAR_BIT(RCC->CR, RCC_CR_HSION);
 8002ff0:	f04f 42b0 	mov.w	r2, #1476395008	@ 0x58000000
 8002ff4:	6813      	ldr	r3, [r2, #0]
 8002ff6:	f423 7380 	bic.w	r3, r3, #256	@ 0x100
 8002ffa:	6013      	str	r3, [r2, #0]
        tickstart = HAL_GetTick();
 8002ffc:	f7fe fab6 	bl	800156c <HAL_GetTick>
 8003000:	4605      	mov	r5, r0
  return ((READ_BIT(RCC->CR, RCC_CR_HSIRDY) == (RCC_CR_HSIRDY)) ? 1UL : 0UL);
 8003002:	f04f 43b0 	mov.w	r3, #1476395008	@ 0x58000000
 8003006:	681b      	ldr	r3, [r3, #0]
 8003008:	f413 6f80 	tst.w	r3, #1024	@ 0x400
 800300c:	d0c1      	beq.n	8002f92 <HAL_RCC_OscConfig+0x25e>
          if ((HAL_GetTick() - tickstart) > HSI_TIMEOUT_VALUE)
 800300e:	f7fe faad 	bl	800156c <HAL_GetTick>
 8003012:	1b40      	subs	r0, r0, r5
 8003014:	2802      	cmp	r0, #2
 8003016:	d9f4      	bls.n	8003002 <HAL_RCC_OscConfig+0x2ce>
            return HAL_TIMEOUT;
 8003018:	2003      	movs	r0, #3
 800301a:	e20e      	b.n	800343a <HAL_RCC_OscConfig+0x706>
  SET_BIT(RCC->CSR, RCC_CSR_LSI2ON);
 800301c:	f04f 42b0 	mov.w	r2, #1476395008	@ 0x58000000
 8003020:	f8d2 3094 	ldr.w	r3, [r2, #148]	@ 0x94
 8003024:	f043 0304 	orr.w	r3, r3, #4
 8003028:	f8c2 3094 	str.w	r3, [r2, #148]	@ 0x94
        tickstart = HAL_GetTick();
 800302c:	f7fe fa9e 	bl	800156c <HAL_GetTick>
 8003030:	4605      	mov	r5, r0
  return ((READ_BIT(RCC->CSR, RCC_CSR_LSI2RDY) == (RCC_CSR_LSI2RDY)) ? 1UL : 0UL);
 8003032:	f04f 43b0 	mov.w	r3, #1476395008	@ 0x58000000
 8003036:	f8d3 3094 	ldr.w	r3, [r3, #148]	@ 0x94
 800303a:	f013 0f08 	tst.w	r3, #8
 800303e:	d106      	bne.n	800304e <HAL_RCC_OscConfig+0x31a>
          if ((HAL_GetTick() - tickstart) > LSI2_TIMEOUT_VALUE)
 8003040:	f7fe fa94 	bl	800156c <HAL_GetTick>
 8003044:	1b40      	subs	r0, r0, r5
 8003046:	2803      	cmp	r0, #3
 8003048:	d9f3      	bls.n	8003032 <HAL_RCC_OscConfig+0x2fe>
            return HAL_TIMEOUT;
 800304a:	2003      	movs	r0, #3
 800304c:	e1f5      	b.n	800343a <HAL_RCC_OscConfig+0x706>
        __HAL_RCC_LSI2_CALIBRATIONVALUE_ADJUST(RCC_OscInitStruct->LSI2CalibrationValue);
 800304e:	69a1      	ldr	r1, [r4, #24]
  MODIFY_REG(RCC->CSR, RCC_CSR_LSI2TRIM, Value << RCC_CSR_LSI2TRIM_Pos);
 8003050:	f04f 42b0 	mov.w	r2, #1476395008	@ 0x58000000
 8003054:	f8d2 3094 	ldr.w	r3, [r2, #148]	@ 0x94
 8003058:	f423 6370 	bic.w	r3, r3, #3840	@ 0xf00
 800305c:	ea43 2301 	orr.w	r3, r3, r1, lsl #8
 8003060:	f8c2 3094 	str.w	r3, [r2, #148]	@ 0x94
  CLEAR_BIT(RCC->CSR, RCC_CSR_LSI1ON);
 8003064:	f8d2 3094 	ldr.w	r3, [r2, #148]	@ 0x94
 8003068:	f023 0301 	bic.w	r3, r3, #1
 800306c:	f8c2 3094 	str.w	r3, [r2, #148]	@ 0x94
        tickstart = HAL_GetTick();
 8003070:	f7fe fa7c 	bl	800156c <HAL_GetTick>
 8003074:	4605      	mov	r5, r0
  return ((READ_BIT(RCC->CSR, RCC_CSR_LSI1RDY) == (RCC_CSR_LSI1RDY)) ? 1UL : 0UL);
 8003076:	f04f 43b0 	mov.w	r3, #1476395008	@ 0x58000000
 800307a:	f8d3 3094 	ldr.w	r3, [r3, #148]	@ 0x94
 800307e:	f013 0f02 	tst.w	r3, #2
 8003082:	d06c      	beq.n	800315e <HAL_RCC_OscConfig+0x42a>
          if ((HAL_GetTick() - tickstart) > LSI1_TIMEOUT_VALUE)
 8003084:	f7fe fa72 	bl	800156c <HAL_GetTick>
 8003088:	1b40      	subs	r0, r0, r5
 800308a:	2802      	cmp	r0, #2
 800308c:	d9f3      	bls.n	8003076 <HAL_RCC_OscConfig+0x342>
            return HAL_TIMEOUT;
 800308e:	2003      	movs	r0, #3
 8003090:	e1d3      	b.n	800343a <HAL_RCC_OscConfig+0x706>
  SET_BIT(RCC->CSR, RCC_CSR_LSI1ON);
 8003092:	f04f 42b0 	mov.w	r2, #1476395008	@ 0x58000000
 8003096:	f8d2 3094 	ldr.w	r3, [r2, #148]	@ 0x94
 800309a:	f043 0301 	orr.w	r3, r3, #1
 800309e:	f8c2 3094 	str.w	r3, [r2, #148]	@ 0x94
        tickstart = HAL_GetTick();
 80030a2:	f7fe fa63 	bl	800156c <HAL_GetTick>
 80030a6:	4605      	mov	r5, r0
  return ((READ_BIT(RCC->CSR, RCC_CSR_LSI1RDY) == (RCC_CSR_LSI1RDY)) ? 1UL : 0UL);
 80030a8:	f04f 43b0 	mov.w	r3, #1476395008	@ 0x58000000
 80030ac:	f8d3 3094 	ldr.w	r3, [r3, #148]	@ 0x94
 80030b0:	f013 0f02 	tst.w	r3, #2
 80030b4:	d106      	bne.n	80030c4 <HAL_RCC_OscConfig+0x390>
          if ((HAL_GetTick() - tickstart) > LSI1_TIMEOUT_VALUE)
 80030b6:	f7fe fa59 	bl	800156c <HAL_GetTick>
 80030ba:	1b40      	subs	r0, r0, r5
 80030bc:	2802      	cmp	r0, #2
 80030be:	d9f3      	bls.n	80030a8 <HAL_RCC_OscConfig+0x374>
            return HAL_TIMEOUT;
 80030c0:	2003      	movs	r0, #3
 80030c2:	e1ba      	b.n	800343a <HAL_RCC_OscConfig+0x706>
  CLEAR_BIT(RCC->CSR, RCC_CSR_LSI2ON);
 80030c4:	f04f 42b0 	mov.w	r2, #1476395008	@ 0x58000000
 80030c8:	f8d2 3094 	ldr.w	r3, [r2, #148]	@ 0x94
 80030cc:	f023 0304 	bic.w	r3, r3, #4
 80030d0:	f8c2 3094 	str.w	r3, [r2, #148]	@ 0x94
  return ((READ_BIT(RCC->CSR, RCC_CSR_LSI2RDY) == (RCC_CSR_LSI2RDY)) ? 1UL : 0UL);
 80030d4:	f04f 43b0 	mov.w	r3, #1476395008	@ 0x58000000
 80030d8:	f8d3 3094 	ldr.w	r3, [r3, #148]	@ 0x94
 80030dc:	f013 0f08 	tst.w	r3, #8
 80030e0:	d03d      	beq.n	800315e <HAL_RCC_OscConfig+0x42a>
          if ((HAL_GetTick() - tickstart) > LSI2_TIMEOUT_VALUE)
 80030e2:	f7fe fa43 	bl	800156c <HAL_GetTick>
 80030e6:	1b40      	subs	r0, r0, r5
 80030e8:	2803      	cmp	r0, #3
 80030ea:	d9f3      	bls.n	80030d4 <HAL_RCC_OscConfig+0x3a0>
            return HAL_TIMEOUT;
 80030ec:	2003      	movs	r0, #3
 80030ee:	e1a4      	b.n	800343a <HAL_RCC_OscConfig+0x706>
  CLEAR_BIT(RCC->CSR, RCC_CSR_LSI2ON);
 80030f0:	f04f 42b0 	mov.w	r2, #1476395008	@ 0x58000000
 80030f4:	f8d2 3094 	ldr.w	r3, [r2, #148]	@ 0x94
 80030f8:	f023 0304 	bic.w	r3, r3, #4
 80030fc:	f8c2 3094 	str.w	r3, [r2, #148]	@ 0x94
      tickstart = HAL_GetTick();
 8003100:	f7fe fa34 	bl	800156c <HAL_GetTick>
 8003104:	4605      	mov	r5, r0
  return ((READ_BIT(RCC->CSR, RCC_CSR_LSI2RDY) == (RCC_CSR_LSI2RDY)) ? 1UL : 0UL);
 8003106:	f04f 43b0 	mov.w	r3, #1476395008	@ 0x58000000
 800310a:	f8d3 3094 	ldr.w	r3, [r3, #148]	@ 0x94
 800310e:	f013 0f08 	tst.w	r3, #8
 8003112:	d11d      	bne.n	8003150 <HAL_RCC_OscConfig+0x41c>
  CLEAR_BIT(RCC->CSR, RCC_CSR_LSI1ON);
 8003114:	f04f 42b0 	mov.w	r2, #1476395008	@ 0x58000000
 8003118:	f8d2 3094 	ldr.w	r3, [r2, #148]	@ 0x94
 800311c:	f023 0301 	bic.w	r3, r3, #1
 8003120:	f8c2 3094 	str.w	r3, [r2, #148]	@ 0x94
      tickstart = HAL_GetTick();
 8003124:	f7fe fa22 	bl	800156c <HAL_GetTick>
 8003128:	4605      	mov	r5, r0
  return ((READ_BIT(RCC->CSR, RCC_CSR_LSI1RDY) == (RCC_CSR_LSI1RDY)) ? 1UL : 0UL);
 800312a:	f04f 43b0 	mov.w	r3, #1476395008	@ 0x58000000
 800312e:	f8d3 3094 	ldr.w	r3, [r3, #148]	@ 0x94
 8003132:	f013 0f02 	tst.w	r3, #2
 8003136:	d012      	beq.n	800315e <HAL_RCC_OscConfig+0x42a>
        if ((HAL_GetTick() - tickstart) > LSI1_TIMEOUT_VALUE)
 8003138:	f7fe fa18 	bl	800156c <HAL_GetTick>
 800313c:	1b40      	subs	r0, r0, r5
 800313e:	2802      	cmp	r0, #2
 8003140:	d9f3      	bls.n	800312a <HAL_RCC_OscConfig+0x3f6>
          return HAL_TIMEOUT;
 8003142:	2003      	movs	r0, #3
 8003144:	e179      	b.n	800343a <HAL_RCC_OscConfig+0x706>
 8003146:	bf00      	nop
 8003148:	20000010 	.word	0x20000010
 800314c:	2000000c 	.word	0x2000000c
        if ((HAL_GetTick() - tickstart) > LSI2_TIMEOUT_VALUE)
 8003150:	f7fe fa0c 	bl	800156c <HAL_GetTick>
 8003154:	1b40      	subs	r0, r0, r5
 8003156:	2803      	cmp	r0, #3
 8003158:	d9d5      	bls.n	8003106 <HAL_RCC_OscConfig+0x3d2>
          return HAL_TIMEOUT;
 800315a:	2003      	movs	r0, #3
 800315c:	e16d      	b.n	800343a <HAL_RCC_OscConfig+0x706>
  if (((RCC_OscInitStruct->OscillatorType) & RCC_OSCILLATORTYPE_LSE) == RCC_OSCILLATORTYPE_LSE)
 800315e:	6823      	ldr	r3, [r4, #0]
 8003160:	f013 0f04 	tst.w	r3, #4
 8003164:	d068      	beq.n	8003238 <HAL_RCC_OscConfig+0x504>
    if (HAL_IS_BIT_CLR(PWR->CR1, PWR_CR1_DBP))
 8003166:	4bb6      	ldr	r3, [pc, #728]	@ (8003440 <HAL_RCC_OscConfig+0x70c>)
 8003168:	681b      	ldr	r3, [r3, #0]
 800316a:	f413 7f80 	tst.w	r3, #256	@ 0x100
 800316e:	d027      	beq.n	80031c0 <HAL_RCC_OscConfig+0x48c>
    __HAL_RCC_LSE_CONFIG(RCC_OscInitStruct->LSEState);
 8003170:	68a3      	ldr	r3, [r4, #8]
 8003172:	2b01      	cmp	r3, #1
 8003174:	d035      	beq.n	80031e2 <HAL_RCC_OscConfig+0x4ae>
 8003176:	2b05      	cmp	r3, #5
 8003178:	d03c      	beq.n	80031f4 <HAL_RCC_OscConfig+0x4c0>
  CLEAR_BIT(RCC->BDCR, RCC_BDCR_LSEON);
 800317a:	f04f 43b0 	mov.w	r3, #1476395008	@ 0x58000000
 800317e:	f8d3 2090 	ldr.w	r2, [r3, #144]	@ 0x90
 8003182:	f022 0201 	bic.w	r2, r2, #1
 8003186:	f8c3 2090 	str.w	r2, [r3, #144]	@ 0x90
  CLEAR_BIT(RCC->BDCR, RCC_BDCR_LSEBYP);
 800318a:	f8d3 2090 	ldr.w	r2, [r3, #144]	@ 0x90
 800318e:	f022 0204 	bic.w	r2, r2, #4
 8003192:	f8c3 2090 	str.w	r2, [r3, #144]	@ 0x90
    if (RCC_OscInitStruct->LSEState != RCC_LSE_OFF)
 8003196:	68a3      	ldr	r3, [r4, #8]
 8003198:	b3db      	cbz	r3, 8003212 <HAL_RCC_OscConfig+0x4de>
      tickstart = HAL_GetTick();
 800319a:	f7fe f9e7 	bl	800156c <HAL_GetTick>
 800319e:	4605      	mov	r5, r0
  return ((READ_BIT(RCC->BDCR, RCC_BDCR_LSERDY) == (RCC_BDCR_LSERDY)) ? 1UL : 0UL);
 80031a0:	f04f 43b0 	mov.w	r3, #1476395008	@ 0x58000000
 80031a4:	f8d3 3090 	ldr.w	r3, [r3, #144]	@ 0x90
 80031a8:	f013 0f02 	tst.w	r3, #2
 80031ac:	d144      	bne.n	8003238 <HAL_RCC_OscConfig+0x504>
        if ((HAL_GetTick() - tickstart) > RCC_LSE_TIMEOUT_VALUE)
 80031ae:	f7fe f9dd 	bl	800156c <HAL_GetTick>
 80031b2:	1b40      	subs	r0, r0, r5
 80031b4:	f241 3388 	movw	r3, #5000	@ 0x1388
 80031b8:	4298      	cmp	r0, r3
 80031ba:	d9f1      	bls.n	80031a0 <HAL_RCC_OscConfig+0x46c>
          return HAL_TIMEOUT;
 80031bc:	2003      	movs	r0, #3
 80031be:	e13c      	b.n	800343a <HAL_RCC_OscConfig+0x706>
      HAL_PWR_EnableBkUpAccess();
 80031c0:	f7ff fca8 	bl	8002b14 <HAL_PWR_EnableBkUpAccess>
      tickstart = HAL_GetTick();
 80031c4:	f7fe f9d2 	bl	800156c <HAL_GetTick>
 80031c8:	4605      	mov	r5, r0
      while (HAL_IS_BIT_CLR(PWR->CR1, PWR_CR1_DBP))
 80031ca:	4b9d      	ldr	r3, [pc, #628]	@ (8003440 <HAL_RCC_OscConfig+0x70c>)
 80031cc:	681b      	ldr	r3, [r3, #0]
 80031ce:	f413 7f80 	tst.w	r3, #256	@ 0x100
 80031d2:	d1cd      	bne.n	8003170 <HAL_RCC_OscConfig+0x43c>
        if ((HAL_GetTick() - tickstart) > RCC_DBP_TIMEOUT_VALUE)
 80031d4:	f7fe f9ca 	bl	800156c <HAL_GetTick>
 80031d8:	1b40      	subs	r0, r0, r5
 80031da:	2802      	cmp	r0, #2
 80031dc:	d9f5      	bls.n	80031ca <HAL_RCC_OscConfig+0x496>
          return HAL_TIMEOUT;
 80031de:	2003      	movs	r0, #3
 80031e0:	e12b      	b.n	800343a <HAL_RCC_OscConfig+0x706>
  SET_BIT(RCC->BDCR, RCC_BDCR_LSEON);
 80031e2:	f04f 42b0 	mov.w	r2, #1476395008	@ 0x58000000
 80031e6:	f8d2 3090 	ldr.w	r3, [r2, #144]	@ 0x90
 80031ea:	f043 0301 	orr.w	r3, r3, #1
 80031ee:	f8c2 3090 	str.w	r3, [r2, #144]	@ 0x90
}
 80031f2:	e7d0      	b.n	8003196 <HAL_RCC_OscConfig+0x462>
  SET_BIT(RCC->BDCR, RCC_BDCR_LSEBYP);
 80031f4:	f04f 43b0 	mov.w	r3, #1476395008	@ 0x58000000
 80031f8:	f8d3 2090 	ldr.w	r2, [r3, #144]	@ 0x90
 80031fc:	f042 0204 	orr.w	r2, r2, #4
 8003200:	f8c3 2090 	str.w	r2, [r3, #144]	@ 0x90
  SET_BIT(RCC->BDCR, RCC_BDCR_LSEON);
 8003204:	f8d3 2090 	ldr.w	r2, [r3, #144]	@ 0x90
 8003208:	f042 0201 	orr.w	r2, r2, #1
 800320c:	f8c3 2090 	str.w	r2, [r3, #144]	@ 0x90
}
 8003210:	e7c1      	b.n	8003196 <HAL_RCC_OscConfig+0x462>
      tickstart = HAL_GetTick();
 8003212:	f7fe f9ab 	bl	800156c <HAL_GetTick>
 8003216:	4605      	mov	r5, r0
  return ((READ_BIT(RCC->BDCR, RCC_BDCR_LSERDY) == (RCC_BDCR_LSERDY)) ? 1UL : 0UL);
 8003218:	f04f 43b0 	mov.w	r3, #1476395008	@ 0x58000000
 800321c:	f8d3 3090 	ldr.w	r3, [r3, #144]	@ 0x90
 8003220:	f013 0f02 	tst.w	r3, #2
 8003224:	d008      	beq.n	8003238 <HAL_RCC_OscConfig+0x504>
        if ((HAL_GetTick() - tickstart) > RCC_LSE_TIMEOUT_VALUE)
 8003226:	f7fe f9a1 	bl	800156c <HAL_GetTick>
 800322a:	1b40      	subs	r0, r0, r5
 800322c:	f241 3388 	movw	r3, #5000	@ 0x1388
 8003230:	4298      	cmp	r0, r3
 8003232:	d9f1      	bls.n	8003218 <HAL_RCC_OscConfig+0x4e4>
          return HAL_TIMEOUT;
 8003234:	2003      	movs	r0, #3
 8003236:	e100      	b.n	800343a <HAL_RCC_OscConfig+0x706>
  if (((RCC_OscInitStruct->OscillatorType) & RCC_OSCILLATORTYPE_HSI48) == RCC_OSCILLATORTYPE_HSI48)
 8003238:	6823      	ldr	r3, [r4, #0]
 800323a:	f013 0f40 	tst.w	r3, #64	@ 0x40
 800323e:	d033      	beq.n	80032a8 <HAL_RCC_OscConfig+0x574>
    if (RCC_OscInitStruct->HSI48State != RCC_HSI48_OFF)
 8003240:	6aa3      	ldr	r3, [r4, #40]	@ 0x28
 8003242:	b1c3      	cbz	r3, 8003276 <HAL_RCC_OscConfig+0x542>
  SET_BIT(RCC->CRRCR, RCC_CRRCR_HSI48ON);
 8003244:	f04f 42b0 	mov.w	r2, #1476395008	@ 0x58000000
 8003248:	f8d2 3098 	ldr.w	r3, [r2, #152]	@ 0x98
 800324c:	f043 0301 	orr.w	r3, r3, #1
 8003250:	f8c2 3098 	str.w	r3, [r2, #152]	@ 0x98
      tickstart = HAL_GetTick();
 8003254:	f7fe f98a 	bl	800156c <HAL_GetTick>
 8003258:	4605      	mov	r5, r0
  return ((READ_BIT(RCC->CRRCR, RCC_CRRCR_HSI48RDY) == (RCC_CRRCR_HSI48RDY)) ? 1UL : 0UL);
 800325a:	f04f 43b0 	mov.w	r3, #1476395008	@ 0x58000000
 800325e:	f8d3 3098 	ldr.w	r3, [r3, #152]	@ 0x98
 8003262:	f013 0f02 	tst.w	r3, #2
 8003266:	d11f      	bne.n	80032a8 <HAL_RCC_OscConfig+0x574>
        if ((HAL_GetTick() - tickstart) > HSI48_TIMEOUT_VALUE)
 8003268:	f7fe f980 	bl	800156c <HAL_GetTick>
 800326c:	1b40      	subs	r0, r0, r5
 800326e:	2802      	cmp	r0, #2
 8003270:	d9f3      	bls.n	800325a <HAL_RCC_OscConfig+0x526>
          return HAL_TIMEOUT;
 8003272:	2003      	movs	r0, #3
 8003274:	e0e1      	b.n	800343a <HAL_RCC_OscConfig+0x706>
  CLEAR_BIT(RCC->CRRCR, RCC_CRRCR_HSI48ON);
 8003276:	f04f 42b0 	mov.w	r2, #1476395008	@ 0x58000000
 800327a:	f8d2 3098 	ldr.w	r3, [r2, #152]	@ 0x98
 800327e:	f023 0301 	bic.w	r3, r3, #1
 8003282:	f8c2 3098 	str.w	r3, [r2, #152]	@ 0x98
      tickstart = HAL_GetTick();
 8003286:	f7fe f971 	bl	800156c <HAL_GetTick>
 800328a:	4605      	mov	r5, r0
  return ((READ_BIT(RCC->CRRCR, RCC_CRRCR_HSI48RDY) == (RCC_CRRCR_HSI48RDY)) ? 1UL : 0UL);
 800328c:	f04f 43b0 	mov.w	r3, #1476395008	@ 0x58000000
 8003290:	f8d3 3098 	ldr.w	r3, [r3, #152]	@ 0x98
 8003294:	f013 0f02 	tst.w	r3, #2
 8003298:	d006      	beq.n	80032a8 <HAL_RCC_OscConfig+0x574>
        if ((HAL_GetTick() - tickstart) > HSI48_TIMEOUT_VALUE)
 800329a:	f7fe f967 	bl	800156c <HAL_GetTick>
 800329e:	1b40      	subs	r0, r0, r5
 80032a0:	2802      	cmp	r0, #2
 80032a2:	d9f3      	bls.n	800328c <HAL_RCC_OscConfig+0x558>
          return HAL_TIMEOUT;
 80032a4:	2003      	movs	r0, #3
 80032a6:	e0c8      	b.n	800343a <HAL_RCC_OscConfig+0x706>
  if (RCC_OscInitStruct->PLL.PLLState != RCC_PLL_NONE)
 80032a8:	6ae3      	ldr	r3, [r4, #44]	@ 0x2c
 80032aa:	2b00      	cmp	r3, #0
 80032ac:	f000 80c4 	beq.w	8003438 <HAL_RCC_OscConfig+0x704>
  return (uint32_t)(READ_BIT(RCC->CFGR, RCC_CFGR_SWS));
 80032b0:	f04f 42b0 	mov.w	r2, #1476395008	@ 0x58000000
 80032b4:	6891      	ldr	r1, [r2, #8]
 80032b6:	f001 010c 	and.w	r1, r1, #12
    const uint32_t temp_pllconfig = RCC->PLLCFGR;
 80032ba:	68d2      	ldr	r2, [r2, #12]
    if (RCC_OscInitStruct->PLL.PLLState == RCC_PLL_ON)
 80032bc:	2b02      	cmp	r3, #2
 80032be:	d019      	beq.n	80032f4 <HAL_RCC_OscConfig+0x5c0>
      if (temp_sysclksrc != RCC_SYSCLKSOURCE_STATUS_PLLCLK)
 80032c0:	290c      	cmp	r1, #12
 80032c2:	f000 80c3 	beq.w	800344c <HAL_RCC_OscConfig+0x718>
  CLEAR_BIT(RCC->CR, RCC_CR_PLLON);
 80032c6:	f04f 42b0 	mov.w	r2, #1476395008	@ 0x58000000
 80032ca:	6813      	ldr	r3, [r2, #0]
 80032cc:	f023 7380 	bic.w	r3, r3, #16777216	@ 0x1000000
 80032d0:	6013      	str	r3, [r2, #0]
        tickstart = HAL_GetTick();
 80032d2:	f7fe f94b 	bl	800156c <HAL_GetTick>
 80032d6:	4604      	mov	r4, r0
        while (READ_BIT(RCC->CR, RCC_CR_PLLRDY) != 0U)
 80032d8:	f04f 43b0 	mov.w	r3, #1476395008	@ 0x58000000
 80032dc:	681b      	ldr	r3, [r3, #0]
 80032de:	f013 7f00 	tst.w	r3, #33554432	@ 0x2000000
 80032e2:	f000 8097 	beq.w	8003414 <HAL_RCC_OscConfig+0x6e0>
          if ((HAL_GetTick() - tickstart) > PLL_TIMEOUT_VALUE)
 80032e6:	f7fe f941 	bl	800156c <HAL_GetTick>
 80032ea:	1b00      	subs	r0, r0, r4
 80032ec:	2802      	cmp	r0, #2
 80032ee:	d9f3      	bls.n	80032d8 <HAL_RCC_OscConfig+0x5a4>
            return HAL_TIMEOUT;
 80032f0:	2003      	movs	r0, #3
 80032f2:	e0a2      	b.n	800343a <HAL_RCC_OscConfig+0x706>
      if ((READ_BIT(temp_pllconfig, RCC_PLLCFGR_PLLSRC) != RCC_OscInitStruct->PLL.PLLSource) ||
 80032f4:	f002 0303 	and.w	r3, r2, #3
 80032f8:	6b20      	ldr	r0, [r4, #48]	@ 0x30
 80032fa:	4283      	cmp	r3, r0
 80032fc:	d00a      	beq.n	8003314 <HAL_RCC_OscConfig+0x5e0>
        if (temp_sysclksrc != RCC_SYSCLKSOURCE_STATUS_PLLCLK)
 80032fe:	290c      	cmp	r1, #12
 8003300:	f000 809c 	beq.w	800343c <HAL_RCC_OscConfig+0x708>
          if (READ_BIT(RCC->CR, RCC_CR_PLLSAI1ON) != 0U)
 8003304:	f04f 43b0 	mov.w	r3, #1476395008	@ 0x58000000
 8003308:	681b      	ldr	r3, [r3, #0]
 800330a:	f013 6f80 	tst.w	r3, #67108864	@ 0x4000000
 800330e:	d022      	beq.n	8003356 <HAL_RCC_OscConfig+0x622>
            return HAL_ERROR;
 8003310:	2001      	movs	r0, #1
 8003312:	e092      	b.n	800343a <HAL_RCC_OscConfig+0x706>
          (READ_BIT(temp_pllconfig, RCC_PLLCFGR_PLLM) != RCC_OscInitStruct->PLL.PLLM) ||
 8003314:	f002 0370 	and.w	r3, r2, #112	@ 0x70
 8003318:	6b60      	ldr	r0, [r4, #52]	@ 0x34
      if ((READ_BIT(temp_pllconfig, RCC_PLLCFGR_PLLSRC) != RCC_OscInitStruct->PLL.PLLSource) ||
 800331a:	4283      	cmp	r3, r0
 800331c:	d1ef      	bne.n	80032fe <HAL_RCC_OscConfig+0x5ca>
          ((READ_BIT(temp_pllconfig, RCC_PLLCFGR_PLLN) >> RCC_PLLCFGR_PLLN_Pos) != RCC_OscInitStruct->PLL.PLLN) ||
 800331e:	f3c2 2306 	ubfx	r3, r2, #8, #7
 8003322:	6ba0      	ldr	r0, [r4, #56]	@ 0x38
          (READ_BIT(temp_pllconfig, RCC_PLLCFGR_PLLM) != RCC_OscInitStruct->PLL.PLLM) ||
 8003324:	4283      	cmp	r3, r0
 8003326:	d1ea      	bne.n	80032fe <HAL_RCC_OscConfig+0x5ca>
          (READ_BIT(temp_pllconfig, RCC_PLLCFGR_PLLP) != RCC_OscInitStruct->PLL.PLLP) ||
 8003328:	f402 1378 	and.w	r3, r2, #4063232	@ 0x3e0000
 800332c:	6be0      	ldr	r0, [r4, #60]	@ 0x3c
          ((READ_BIT(temp_pllconfig, RCC_PLLCFGR_PLLN) >> RCC_PLLCFGR_PLLN_Pos) != RCC_OscInitStruct->PLL.PLLN) ||
 800332e:	4283      	cmp	r3, r0
 8003330:	d1e5      	bne.n	80032fe <HAL_RCC_OscConfig+0x5ca>
          (READ_BIT(temp_pllconfig, RCC_PLLCFGR_PLLQ) != RCC_OscInitStruct->PLL.PLLQ) ||
 8003332:	f002 6360 	and.w	r3, r2, #234881024	@ 0xe000000
 8003336:	6c20      	ldr	r0, [r4, #64]	@ 0x40
          (READ_BIT(temp_pllconfig, RCC_PLLCFGR_PLLP) != RCC_OscInitStruct->PLL.PLLP) ||
 8003338:	4283      	cmp	r3, r0
 800333a:	d1e0      	bne.n	80032fe <HAL_RCC_OscConfig+0x5ca>
          (READ_BIT(temp_pllconfig, RCC_PLLCFGR_PLLR) != RCC_OscInitStruct->PLL.PLLR))
 800333c:	f002 4260 	and.w	r2, r2, #3758096384	@ 0xe0000000
 8003340:	6c63      	ldr	r3, [r4, #68]	@ 0x44
          (READ_BIT(temp_pllconfig, RCC_PLLCFGR_PLLQ) != RCC_OscInitStruct->PLL.PLLQ) ||
 8003342:	429a      	cmp	r2, r3
 8003344:	d1db      	bne.n	80032fe <HAL_RCC_OscConfig+0x5ca>
        if (READ_BIT(RCC->CR, RCC_CR_PLLRDY) == 0U)
 8003346:	f04f 43b0 	mov.w	r3, #1476395008	@ 0x58000000
 800334a:	681b      	ldr	r3, [r3, #0]
 800334c:	f013 7f00 	tst.w	r3, #33554432	@ 0x2000000
 8003350:	d044      	beq.n	80033dc <HAL_RCC_OscConfig+0x6a8>
  return HAL_OK;
 8003352:	2000      	movs	r0, #0
 8003354:	e071      	b.n	800343a <HAL_RCC_OscConfig+0x706>
 8003356:	f04f 42b0 	mov.w	r2, #1476395008	@ 0x58000000
 800335a:	6813      	ldr	r3, [r2, #0]
 800335c:	f023 7380 	bic.w	r3, r3, #16777216	@ 0x1000000
 8003360:	6013      	str	r3, [r2, #0]
            tickstart = HAL_GetTick();
 8003362:	f7fe f903 	bl	800156c <HAL_GetTick>
 8003366:	4605      	mov	r5, r0
            while (READ_BIT(RCC->CR, RCC_CR_PLLRDY) != 0U)
 8003368:	f04f 43b0 	mov.w	r3, #1476395008	@ 0x58000000
 800336c:	681b      	ldr	r3, [r3, #0]
 800336e:	f013 7f00 	tst.w	r3, #33554432	@ 0x2000000
 8003372:	d006      	beq.n	8003382 <HAL_RCC_OscConfig+0x64e>
              if ((HAL_GetTick() - tickstart) > PLL_TIMEOUT_VALUE)
 8003374:	f7fe f8fa 	bl	800156c <HAL_GetTick>
 8003378:	1b40      	subs	r0, r0, r5
 800337a:	2802      	cmp	r0, #2
 800337c:	d9f4      	bls.n	8003368 <HAL_RCC_OscConfig+0x634>
                return HAL_TIMEOUT;
 800337e:	2003      	movs	r0, #3
 8003380:	e05b      	b.n	800343a <HAL_RCC_OscConfig+0x706>
            __HAL_RCC_PLL_CONFIG(RCC_OscInitStruct->PLL.PLLSource,
 8003382:	f04f 42b0 	mov.w	r2, #1476395008	@ 0x58000000
 8003386:	68d3      	ldr	r3, [r2, #12]
 8003388:	492e      	ldr	r1, [pc, #184]	@ (8003444 <HAL_RCC_OscConfig+0x710>)
 800338a:	4019      	ands	r1, r3
 800338c:	6b23      	ldr	r3, [r4, #48]	@ 0x30
 800338e:	6b60      	ldr	r0, [r4, #52]	@ 0x34
 8003390:	4303      	orrs	r3, r0
 8003392:	6ba0      	ldr	r0, [r4, #56]	@ 0x38
 8003394:	ea43 2300 	orr.w	r3, r3, r0, lsl #8
 8003398:	6be0      	ldr	r0, [r4, #60]	@ 0x3c
 800339a:	4303      	orrs	r3, r0
 800339c:	6c20      	ldr	r0, [r4, #64]	@ 0x40
 800339e:	4303      	orrs	r3, r0
 80033a0:	6c60      	ldr	r0, [r4, #68]	@ 0x44
 80033a2:	4303      	orrs	r3, r0
 80033a4:	4319      	orrs	r1, r3
 80033a6:	60d1      	str	r1, [r2, #12]
  SET_BIT(RCC->CR, RCC_CR_PLLON);
 80033a8:	6813      	ldr	r3, [r2, #0]
 80033aa:	f043 7380 	orr.w	r3, r3, #16777216	@ 0x1000000
 80033ae:	6013      	str	r3, [r2, #0]
            __HAL_RCC_PLLCLKOUT_ENABLE(RCC_PLL_SYSCLK);
 80033b0:	68d3      	ldr	r3, [r2, #12]
 80033b2:	f043 5380 	orr.w	r3, r3, #268435456	@ 0x10000000
 80033b6:	60d3      	str	r3, [r2, #12]
            tickstart = HAL_GetTick();
 80033b8:	f7fe f8d8 	bl	800156c <HAL_GetTick>
 80033bc:	4604      	mov	r4, r0
            while (READ_BIT(RCC->CR, RCC_CR_PLLRDY) == 0U)
 80033be:	f04f 43b0 	mov.w	r3, #1476395008	@ 0x58000000
 80033c2:	681b      	ldr	r3, [r3, #0]
 80033c4:	f013 7f00 	tst.w	r3, #33554432	@ 0x2000000
 80033c8:	d106      	bne.n	80033d8 <HAL_RCC_OscConfig+0x6a4>
              if ((HAL_GetTick() - tickstart) > PLL_TIMEOUT_VALUE)
 80033ca:	f7fe f8cf 	bl	800156c <HAL_GetTick>
 80033ce:	1b00      	subs	r0, r0, r4
 80033d0:	2802      	cmp	r0, #2
 80033d2:	d9f4      	bls.n	80033be <HAL_RCC_OscConfig+0x68a>
                return HAL_TIMEOUT;
 80033d4:	2003      	movs	r0, #3
 80033d6:	e030      	b.n	800343a <HAL_RCC_OscConfig+0x706>
  return HAL_OK;
 80033d8:	2000      	movs	r0, #0
 80033da:	e02e      	b.n	800343a <HAL_RCC_OscConfig+0x706>
 80033dc:	f04f 43b0 	mov.w	r3, #1476395008	@ 0x58000000
 80033e0:	681a      	ldr	r2, [r3, #0]
 80033e2:	f042 7280 	orr.w	r2, r2, #16777216	@ 0x1000000
 80033e6:	601a      	str	r2, [r3, #0]
          __HAL_RCC_PLLCLKOUT_ENABLE(RCC_PLL_SYSCLK);
 80033e8:	68da      	ldr	r2, [r3, #12]
 80033ea:	f042 5280 	orr.w	r2, r2, #268435456	@ 0x10000000
 80033ee:	60da      	str	r2, [r3, #12]
          tickstart = HAL_GetTick();
 80033f0:	f7fe f8bc 	bl	800156c <HAL_GetTick>
 80033f4:	4604      	mov	r4, r0
          while (READ_BIT(RCC->CR, RCC_CR_PLLRDY) == 0U)
 80033f6:	f04f 43b0 	mov.w	r3, #1476395008	@ 0x58000000
 80033fa:	681b      	ldr	r3, [r3, #0]
 80033fc:	f013 7f00 	tst.w	r3, #33554432	@ 0x2000000
 8003400:	d106      	bne.n	8003410 <HAL_RCC_OscConfig+0x6dc>
            if ((HAL_GetTick() - tickstart) > PLL_TIMEOUT_VALUE)
 8003402:	f7fe f8b3 	bl	800156c <HAL_GetTick>
 8003406:	1b03      	subs	r3, r0, r4
 8003408:	2b02      	cmp	r3, #2
 800340a:	d9f4      	bls.n	80033f6 <HAL_RCC_OscConfig+0x6c2>
              return HAL_TIMEOUT;
 800340c:	2003      	movs	r0, #3
 800340e:	e014      	b.n	800343a <HAL_RCC_OscConfig+0x706>
  return HAL_OK;
 8003410:	2000      	movs	r0, #0
 8003412:	e012      	b.n	800343a <HAL_RCC_OscConfig+0x706>
        CLEAR_BIT(RCC->PLLCFGR, (RCC_PLLCFGR_PLLSRC | RCC_PLLCFGR_PLLPEN | RCC_PLLCFGR_PLLQEN | RCC_PLLCFGR_PLLREN));
 8003414:	f04f 42b0 	mov.w	r2, #1476395008	@ 0x58000000
 8003418:	68d1      	ldr	r1, [r2, #12]
 800341a:	4b0b      	ldr	r3, [pc, #44]	@ (8003448 <HAL_RCC_OscConfig+0x714>)
 800341c:	400b      	ands	r3, r1
 800341e:	60d3      	str	r3, [r2, #12]
  return HAL_OK;
 8003420:	2000      	movs	r0, #0
 8003422:	e00a      	b.n	800343a <HAL_RCC_OscConfig+0x706>
    return HAL_ERROR;
 8003424:	2001      	movs	r0, #1
}
 8003426:	4770      	bx	lr
        return HAL_ERROR;
 8003428:	2001      	movs	r0, #1
 800342a:	e006      	b.n	800343a <HAL_RCC_OscConfig+0x706>
            return HAL_ERROR;
 800342c:	2001      	movs	r0, #1
 800342e:	e004      	b.n	800343a <HAL_RCC_OscConfig+0x706>
        return HAL_ERROR;
 8003430:	2001      	movs	r0, #1
 8003432:	e002      	b.n	800343a <HAL_RCC_OscConfig+0x706>
        return HAL_ERROR;
 8003434:	2001      	movs	r0, #1
 8003436:	e000      	b.n	800343a <HAL_RCC_OscConfig+0x706>
  return HAL_OK;
 8003438:	4618      	mov	r0, r3
}
 800343a:	bd38      	pop	{r3, r4, r5, pc}
          return HAL_ERROR;
 800343c:	2001      	movs	r0, #1
 800343e:	e7fc      	b.n	800343a <HAL_RCC_OscConfig+0x706>
 8003440:	58000400 	.word	0x58000400
 8003444:	11c1808c 	.word	0x11c1808c
 8003448:	eefefffc 	.word	0xeefefffc
        return HAL_ERROR;
 800344c:	2001      	movs	r0, #1
 800344e:	e7f4      	b.n	800343a <HAL_RCC_OscConfig+0x706>

08003450 <HAL_RCC_ClockConfig>:
  if (RCC_ClkInitStruct == NULL)
 8003450:	2800      	cmp	r0, #0
 8003452:	f000 8127 	beq.w	80036a4 <HAL_RCC_ClockConfig+0x254>
{
 8003456:	b570      	push	{r4, r5, r6, lr}
 8003458:	460c      	mov	r4, r1
 800345a:	4605      	mov	r5, r0
  if (FLatency > __HAL_FLASH_GET_LATENCY())
 800345c:	4b93      	ldr	r3, [pc, #588]	@ (80036ac <HAL_RCC_ClockConfig+0x25c>)
 800345e:	681b      	ldr	r3, [r3, #0]
 8003460:	f003 0307 	and.w	r3, r3, #7
 8003464:	428b      	cmp	r3, r1
 8003466:	d32d      	bcc.n	80034c4 <HAL_RCC_ClockConfig+0x74>
  if (((RCC_ClkInitStruct->ClockType) & RCC_CLOCKTYPE_HCLK) == RCC_CLOCKTYPE_HCLK)
 8003468:	682b      	ldr	r3, [r5, #0]
 800346a:	f013 0f02 	tst.w	r3, #2
 800346e:	d13f      	bne.n	80034f0 <HAL_RCC_ClockConfig+0xa0>
  if (((RCC_ClkInitStruct->ClockType) & RCC_CLOCKTYPE_HCLK2) == RCC_CLOCKTYPE_HCLK2)
 8003470:	682b      	ldr	r3, [r5, #0]
 8003472:	f013 0f20 	tst.w	r3, #32
 8003476:	d153      	bne.n	8003520 <HAL_RCC_ClockConfig+0xd0>
  if (((RCC_ClkInitStruct->ClockType) & RCC_CLOCKTYPE_HCLK4) == RCC_CLOCKTYPE_HCLK4)
 8003478:	682b      	ldr	r3, [r5, #0]
 800347a:	f013 0f40 	tst.w	r3, #64	@ 0x40
 800347e:	d16a      	bne.n	8003556 <HAL_RCC_ClockConfig+0x106>
  if (((RCC_ClkInitStruct->ClockType) & RCC_CLOCKTYPE_PCLK1) == RCC_CLOCKTYPE_PCLK1)
 8003480:	682b      	ldr	r3, [r5, #0]
 8003482:	f013 0f04 	tst.w	r3, #4
 8003486:	f040 8083 	bne.w	8003590 <HAL_RCC_ClockConfig+0x140>
  if (((RCC_ClkInitStruct->ClockType) & RCC_CLOCKTYPE_PCLK2) == RCC_CLOCKTYPE_PCLK2)
 800348a:	682b      	ldr	r3, [r5, #0]
 800348c:	f013 0f08 	tst.w	r3, #8
 8003490:	f040 8097 	bne.w	80035c2 <HAL_RCC_ClockConfig+0x172>
  if (((RCC_ClkInitStruct->ClockType) & RCC_CLOCKTYPE_SYSCLK) == RCC_CLOCKTYPE_SYSCLK)
 8003494:	682b      	ldr	r3, [r5, #0]
 8003496:	f013 0f01 	tst.w	r3, #1
 800349a:	f000 80de 	beq.w	800365a <HAL_RCC_ClockConfig+0x20a>
    if (RCC_ClkInitStruct->SYSCLKSource == RCC_SYSCLKSOURCE_HSE)
 800349e:	686b      	ldr	r3, [r5, #4]
 80034a0:	2b02      	cmp	r3, #2
 80034a2:	f000 80a8 	beq.w	80035f6 <HAL_RCC_ClockConfig+0x1a6>
    else if (RCC_ClkInitStruct->SYSCLKSource == RCC_SYSCLKSOURCE_PLLCLK)
 80034a6:	2b03      	cmp	r3, #3
 80034a8:	f000 80ad 	beq.w	8003606 <HAL_RCC_ClockConfig+0x1b6>
    else if (RCC_ClkInitStruct->SYSCLKSource == RCC_SYSCLKSOURCE_MSI)
 80034ac:	2b00      	cmp	r3, #0
 80034ae:	f040 80b2 	bne.w	8003616 <HAL_RCC_ClockConfig+0x1c6>
  return ((READ_BIT(RCC->CR, RCC_CR_MSIRDY) == (RCC_CR_MSIRDY)) ? 1UL : 0UL);
 80034b2:	f04f 42b0 	mov.w	r2, #1476395008	@ 0x58000000
 80034b6:	6812      	ldr	r2, [r2, #0]
 80034b8:	f012 0f02 	tst.w	r2, #2
 80034bc:	f040 80b1 	bne.w	8003622 <HAL_RCC_ClockConfig+0x1d2>
        return HAL_ERROR;
 80034c0:	2001      	movs	r0, #1
 80034c2:	e0ee      	b.n	80036a2 <HAL_RCC_ClockConfig+0x252>
    __HAL_FLASH_SET_LATENCY(FLatency);
 80034c4:	4a79      	ldr	r2, [pc, #484]	@ (80036ac <HAL_RCC_ClockConfig+0x25c>)
 80034c6:	6813      	ldr	r3, [r2, #0]
 80034c8:	f023 0307 	bic.w	r3, r3, #7
 80034cc:	430b      	orrs	r3, r1
 80034ce:	6013      	str	r3, [r2, #0]
    tickstart = HAL_GetTick();
 80034d0:	f7fe f84c 	bl	800156c <HAL_GetTick>
 80034d4:	4606      	mov	r6, r0
    while (__HAL_FLASH_GET_LATENCY() != FLatency)
 80034d6:	4b75      	ldr	r3, [pc, #468]	@ (80036ac <HAL_RCC_ClockConfig+0x25c>)
 80034d8:	681b      	ldr	r3, [r3, #0]
 80034da:	f003 0307 	and.w	r3, r3, #7
 80034de:	42a3      	cmp	r3, r4
 80034e0:	d0c2      	beq.n	8003468 <HAL_RCC_ClockConfig+0x18>
      if ((HAL_GetTick() - tickstart) > LATENCY_TIMEOUT_VALUE)
 80034e2:	f7fe f843 	bl	800156c <HAL_GetTick>
 80034e6:	1b80      	subs	r0, r0, r6
 80034e8:	2802      	cmp	r0, #2
 80034ea:	d9f4      	bls.n	80034d6 <HAL_RCC_ClockConfig+0x86>
        return HAL_TIMEOUT;
 80034ec:	2003      	movs	r0, #3
 80034ee:	e0d8      	b.n	80036a2 <HAL_RCC_ClockConfig+0x252>
    LL_RCC_SetAHBPrescaler(RCC_ClkInitStruct->AHBCLKDivider);
 80034f0:	68ab      	ldr	r3, [r5, #8]
  MODIFY_REG(RCC->CFGR, RCC_CFGR_HPRE, Prescaler);
 80034f2:	f04f 41b0 	mov.w	r1, #1476395008	@ 0x58000000
 80034f6:	688a      	ldr	r2, [r1, #8]
 80034f8:	f022 02f0 	bic.w	r2, r2, #240	@ 0xf0
 80034fc:	4313      	orrs	r3, r2
 80034fe:	608b      	str	r3, [r1, #8]
    tickstart = HAL_GetTick();
 8003500:	f7fe f834 	bl	800156c <HAL_GetTick>
 8003504:	4606      	mov	r6, r0
  * @rmtoll CFGR         HPREF       LL_RCC_IsActiveFlag_HPRE
  * @retval State of bit (1 or 0).
  */
__STATIC_INLINE uint32_t LL_RCC_IsActiveFlag_HPRE(void)
{
  return ((READ_BIT(RCC->CFGR, RCC_CFGR_HPREF) == (RCC_CFGR_HPREF)) ? 1UL : 0UL);
 8003506:	f04f 43b0 	mov.w	r3, #1476395008	@ 0x58000000
 800350a:	689b      	ldr	r3, [r3, #8]
 800350c:	f413 3f80 	tst.w	r3, #65536	@ 0x10000
 8003510:	d1ae      	bne.n	8003470 <HAL_RCC_ClockConfig+0x20>
      if ((HAL_GetTick() - tickstart) > PRESCALER_TIMEOUT_VALUE)
 8003512:	f7fe f82b 	bl	800156c <HAL_GetTick>
 8003516:	1b80      	subs	r0, r0, r6
 8003518:	2802      	cmp	r0, #2
 800351a:	d9f4      	bls.n	8003506 <HAL_RCC_ClockConfig+0xb6>
        return HAL_TIMEOUT;
 800351c:	2003      	movs	r0, #3
 800351e:	e0c0      	b.n	80036a2 <HAL_RCC_ClockConfig+0x252>
    LL_C2_RCC_SetAHBPrescaler(RCC_ClkInitStruct->AHBCLK2Divider);
 8003520:	696b      	ldr	r3, [r5, #20]
  MODIFY_REG(RCC->EXTCFGR, RCC_EXTCFGR_C2HPRE, Prescaler);
 8003522:	f04f 41b0 	mov.w	r1, #1476395008	@ 0x58000000
 8003526:	f8d1 2108 	ldr.w	r2, [r1, #264]	@ 0x108
 800352a:	f022 02f0 	bic.w	r2, r2, #240	@ 0xf0
 800352e:	4313      	orrs	r3, r2
 8003530:	f8c1 3108 	str.w	r3, [r1, #264]	@ 0x108
    tickstart = HAL_GetTick();
 8003534:	f7fe f81a 	bl	800156c <HAL_GetTick>
 8003538:	4606      	mov	r6, r0
  * @rmtoll EXTCFGR         C2HPREF       LL_RCC_IsActiveFlag_C2HPRE
  * @retval State of bit (1 or 0).
  */
__STATIC_INLINE uint32_t LL_RCC_IsActiveFlag_C2HPRE(void)
{
  return ((READ_BIT(RCC->EXTCFGR, RCC_EXTCFGR_C2HPREF) == (RCC_EXTCFGR_C2HPREF)) ? 1UL : 0UL);
 800353a:	f04f 43b0 	mov.w	r3, #1476395008	@ 0x58000000
 800353e:	f8d3 3108 	ldr.w	r3, [r3, #264]	@ 0x108
 8003542:	f413 3f00 	tst.w	r3, #131072	@ 0x20000
 8003546:	d197      	bne.n	8003478 <HAL_RCC_ClockConfig+0x28>
      if ((HAL_GetTick() - tickstart) > PRESCALER_TIMEOUT_VALUE)
 8003548:	f7fe f810 	bl	800156c <HAL_GetTick>
 800354c:	1b80      	subs	r0, r0, r6
 800354e:	2802      	cmp	r0, #2
 8003550:	d9f3      	bls.n	800353a <HAL_RCC_ClockConfig+0xea>
        return HAL_TIMEOUT;
 8003552:	2003      	movs	r0, #3
 8003554:	e0a5      	b.n	80036a2 <HAL_RCC_ClockConfig+0x252>
    LL_RCC_SetAHB4Prescaler(RCC_ClkInitStruct->AHBCLK4Divider);
 8003556:	69a9      	ldr	r1, [r5, #24]
  MODIFY_REG(RCC->EXTCFGR, RCC_EXTCFGR_SHDHPRE, Prescaler >> 4);
 8003558:	f04f 42b0 	mov.w	r2, #1476395008	@ 0x58000000
 800355c:	f8d2 3108 	ldr.w	r3, [r2, #264]	@ 0x108
 8003560:	f023 030f 	bic.w	r3, r3, #15
 8003564:	ea43 1311 	orr.w	r3, r3, r1, lsr #4
 8003568:	f8c2 3108 	str.w	r3, [r2, #264]	@ 0x108
    tickstart = HAL_GetTick();
 800356c:	f7fd fffe 	bl	800156c <HAL_GetTick>
 8003570:	4606      	mov	r6, r0
  * @rmtoll EXTCFGR         SHDHPREF       LL_RCC_IsActiveFlag_SHDHPRE
  * @retval State of bit (1 or 0).
  */
__STATIC_INLINE uint32_t LL_RCC_IsActiveFlag_SHDHPRE(void)
{
  return ((READ_BIT(RCC->EXTCFGR, RCC_EXTCFGR_SHDHPREF) == (RCC_EXTCFGR_SHDHPREF)) ? 1UL : 0UL);
 8003572:	f04f 43b0 	mov.w	r3, #1476395008	@ 0x58000000
 8003576:	f8d3 3108 	ldr.w	r3, [r3, #264]	@ 0x108
 800357a:	f413 3f80 	tst.w	r3, #65536	@ 0x10000
 800357e:	f47f af7f 	bne.w	8003480 <HAL_RCC_ClockConfig+0x30>
      if ((HAL_GetTick() - tickstart) > PRESCALER_TIMEOUT_VALUE)
 8003582:	f7fd fff3 	bl	800156c <HAL_GetTick>
 8003586:	1b80      	subs	r0, r0, r6
 8003588:	2802      	cmp	r0, #2
 800358a:	d9f2      	bls.n	8003572 <HAL_RCC_ClockConfig+0x122>
        return HAL_TIMEOUT;
 800358c:	2003      	movs	r0, #3
 800358e:	e088      	b.n	80036a2 <HAL_RCC_ClockConfig+0x252>
    LL_RCC_SetAPB1Prescaler(RCC_ClkInitStruct->APB1CLKDivider);
 8003590:	68eb      	ldr	r3, [r5, #12]
  MODIFY_REG(RCC->CFGR, RCC_CFGR_PPRE1, Prescaler);
 8003592:	f04f 41b0 	mov.w	r1, #1476395008	@ 0x58000000
 8003596:	688a      	ldr	r2, [r1, #8]
 8003598:	f422 62e0 	bic.w	r2, r2, #1792	@ 0x700
 800359c:	4313      	orrs	r3, r2
 800359e:	608b      	str	r3, [r1, #8]
    tickstart = HAL_GetTick();
 80035a0:	f7fd ffe4 	bl	800156c <HAL_GetTick>
 80035a4:	4606      	mov	r6, r0
  * @rmtoll CFGR         PPRE1F       LL_RCC_IsActiveFlag_PPRE1
  * @retval State of bit (1 or 0).
  */
__STATIC_INLINE uint32_t LL_RCC_IsActiveFlag_PPRE1(void)
{
  return ((READ_BIT(RCC->CFGR, RCC_CFGR_PPRE1F) == (RCC_CFGR_PPRE1F)) ? 1UL : 0UL);
 80035a6:	f04f 43b0 	mov.w	r3, #1476395008	@ 0x58000000
 80035aa:	689b      	ldr	r3, [r3, #8]
 80035ac:	f413 3f00 	tst.w	r3, #131072	@ 0x20000
 80035b0:	f47f af6b 	bne.w	800348a <HAL_RCC_ClockConfig+0x3a>
      if ((HAL_GetTick() - tickstart) > PRESCALER_TIMEOUT_VALUE)
 80035b4:	f7fd ffda 	bl	800156c <HAL_GetTick>
 80035b8:	1b80      	subs	r0, r0, r6
 80035ba:	2802      	cmp	r0, #2
 80035bc:	d9f3      	bls.n	80035a6 <HAL_RCC_ClockConfig+0x156>
        return HAL_TIMEOUT;
 80035be:	2003      	movs	r0, #3
 80035c0:	e06f      	b.n	80036a2 <HAL_RCC_ClockConfig+0x252>
    LL_RCC_SetAPB2Prescaler((RCC_ClkInitStruct->APB2CLKDivider) << 3U);
 80035c2:	6929      	ldr	r1, [r5, #16]
  MODIFY_REG(RCC->CFGR, RCC_CFGR_PPRE2, Prescaler);
 80035c4:	f04f 42b0 	mov.w	r2, #1476395008	@ 0x58000000
 80035c8:	6893      	ldr	r3, [r2, #8]
 80035ca:	f423 5360 	bic.w	r3, r3, #14336	@ 0x3800
 80035ce:	ea43 03c1 	orr.w	r3, r3, r1, lsl #3
 80035d2:	6093      	str	r3, [r2, #8]
    tickstart = HAL_GetTick();
 80035d4:	f7fd ffca 	bl	800156c <HAL_GetTick>
 80035d8:	4606      	mov	r6, r0
  * @rmtoll CFGR         PPRE2F       LL_RCC_IsActiveFlag_PPRE2
  * @retval State of bit (1 or 0).
  */
__STATIC_INLINE uint32_t LL_RCC_IsActiveFlag_PPRE2(void)
{
  return ((READ_BIT(RCC->CFGR, RCC_CFGR_PPRE2F) == (RCC_CFGR_PPRE2F)) ? 1UL : 0UL);
 80035da:	f04f 43b0 	mov.w	r3, #1476395008	@ 0x58000000
 80035de:	689b      	ldr	r3, [r3, #8]
 80035e0:	f413 2f80 	tst.w	r3, #262144	@ 0x40000
 80035e4:	f47f af56 	bne.w	8003494 <HAL_RCC_ClockConfig+0x44>
      if ((HAL_GetTick() - tickstart) > PRESCALER_TIMEOUT_VALUE)
 80035e8:	f7fd ffc0 	bl	800156c <HAL_GetTick>
 80035ec:	1b80      	subs	r0, r0, r6
 80035ee:	2802      	cmp	r0, #2
 80035f0:	d9f3      	bls.n	80035da <HAL_RCC_ClockConfig+0x18a>
        return HAL_TIMEOUT;
 80035f2:	2003      	movs	r0, #3
 80035f4:	e055      	b.n	80036a2 <HAL_RCC_ClockConfig+0x252>
  return ((READ_BIT(RCC->CR, RCC_CR_HSERDY) == (RCC_CR_HSERDY)) ? 1UL : 0UL);
 80035f6:	f04f 42b0 	mov.w	r2, #1476395008	@ 0x58000000
 80035fa:	6812      	ldr	r2, [r2, #0]
 80035fc:	f412 3f00 	tst.w	r2, #131072	@ 0x20000
 8003600:	d10f      	bne.n	8003622 <HAL_RCC_ClockConfig+0x1d2>
        return HAL_ERROR;
 8003602:	2001      	movs	r0, #1
 8003604:	e04d      	b.n	80036a2 <HAL_RCC_ClockConfig+0x252>
  return ((READ_BIT(RCC->CR, RCC_CR_PLLRDY) == (RCC_CR_PLLRDY)) ? 1UL : 0UL);
 8003606:	f04f 42b0 	mov.w	r2, #1476395008	@ 0x58000000
 800360a:	6812      	ldr	r2, [r2, #0]
 800360c:	f012 7f00 	tst.w	r2, #33554432	@ 0x2000000
 8003610:	d107      	bne.n	8003622 <HAL_RCC_ClockConfig+0x1d2>
        return HAL_ERROR;
 8003612:	2001      	movs	r0, #1
 8003614:	e045      	b.n	80036a2 <HAL_RCC_ClockConfig+0x252>
  return ((READ_BIT(RCC->CR, RCC_CR_HSIRDY) == (RCC_CR_HSIRDY)) ? 1UL : 0UL);
 8003616:	f04f 42b0 	mov.w	r2, #1476395008	@ 0x58000000
 800361a:	6812      	ldr	r2, [r2, #0]
 800361c:	f412 6f80 	tst.w	r2, #1024	@ 0x400
 8003620:	d042      	beq.n	80036a8 <HAL_RCC_ClockConfig+0x258>
  MODIFY_REG(RCC->CFGR, RCC_CFGR_SW, Source);
 8003622:	f04f 41b0 	mov.w	r1, #1476395008	@ 0x58000000
 8003626:	688a      	ldr	r2, [r1, #8]
 8003628:	f022 0203 	bic.w	r2, r2, #3
 800362c:	4313      	orrs	r3, r2
 800362e:	608b      	str	r3, [r1, #8]
    tickstart = HAL_GetTick();
 8003630:	f7fd ff9c 	bl	800156c <HAL_GetTick>
 8003634:	4606      	mov	r6, r0
  return (uint32_t)(READ_BIT(RCC->CFGR, RCC_CFGR_SWS));
 8003636:	f04f 43b0 	mov.w	r3, #1476395008	@ 0x58000000
 800363a:	689b      	ldr	r3, [r3, #8]
 800363c:	f003 030c 	and.w	r3, r3, #12
    while (__HAL_RCC_GET_SYSCLK_SOURCE() != (RCC_ClkInitStruct->SYSCLKSource << RCC_CFGR_SWS_Pos))
 8003640:	686a      	ldr	r2, [r5, #4]
 8003642:	ebb3 0f82 	cmp.w	r3, r2, lsl #2
 8003646:	d008      	beq.n	800365a <HAL_RCC_ClockConfig+0x20a>
      if ((HAL_GetTick() - tickstart) > CLOCKSWITCH_TIMEOUT_VALUE)
 8003648:	f7fd ff90 	bl	800156c <HAL_GetTick>
 800364c:	1b80      	subs	r0, r0, r6
 800364e:	f241 3388 	movw	r3, #5000	@ 0x1388
 8003652:	4298      	cmp	r0, r3
 8003654:	d9ef      	bls.n	8003636 <HAL_RCC_ClockConfig+0x1e6>
        return HAL_TIMEOUT;
 8003656:	2003      	movs	r0, #3
 8003658:	e023      	b.n	80036a2 <HAL_RCC_ClockConfig+0x252>
  if (FLatency < __HAL_FLASH_GET_LATENCY())
 800365a:	4b14      	ldr	r3, [pc, #80]	@ (80036ac <HAL_RCC_ClockConfig+0x25c>)
 800365c:	681b      	ldr	r3, [r3, #0]
 800365e:	f003 0307 	and.w	r3, r3, #7
 8003662:	42a3      	cmp	r3, r4
 8003664:	d915      	bls.n	8003692 <HAL_RCC_ClockConfig+0x242>
    __HAL_FLASH_SET_LATENCY(FLatency);
 8003666:	4a11      	ldr	r2, [pc, #68]	@ (80036ac <HAL_RCC_ClockConfig+0x25c>)
 8003668:	6813      	ldr	r3, [r2, #0]
 800366a:	f023 0307 	bic.w	r3, r3, #7
 800366e:	4323      	orrs	r3, r4
 8003670:	6013      	str	r3, [r2, #0]
    tickstart = HAL_GetTick();
 8003672:	f7fd ff7b 	bl	800156c <HAL_GetTick>
 8003676:	4605      	mov	r5, r0
    while (__HAL_FLASH_GET_LATENCY() != FLatency)
 8003678:	4b0c      	ldr	r3, [pc, #48]	@ (80036ac <HAL_RCC_ClockConfig+0x25c>)
 800367a:	681b      	ldr	r3, [r3, #0]
 800367c:	f003 0307 	and.w	r3, r3, #7
 8003680:	42a3      	cmp	r3, r4
 8003682:	d006      	beq.n	8003692 <HAL_RCC_ClockConfig+0x242>
      if ((HAL_GetTick() - tickstart) > LATENCY_TIMEOUT_VALUE)
 8003684:	f7fd ff72 	bl	800156c <HAL_GetTick>
 8003688:	1b40      	subs	r0, r0, r5
 800368a:	2802      	cmp	r0, #2
 800368c:	d9f4      	bls.n	8003678 <HAL_RCC_ClockConfig+0x228>
        return HAL_TIMEOUT;
 800368e:	2003      	movs	r0, #3
 8003690:	e007      	b.n	80036a2 <HAL_RCC_ClockConfig+0x252>
  SystemCoreClock = HAL_RCC_GetHCLKFreq();
 8003692:	f7ff fb3f 	bl	8002d14 <HAL_RCC_GetHCLKFreq>
 8003696:	4b06      	ldr	r3, [pc, #24]	@ (80036b0 <HAL_RCC_ClockConfig+0x260>)
 8003698:	6018      	str	r0, [r3, #0]
  return HAL_InitTick(HAL_GetTickPrio());
 800369a:	f7fd ff6d 	bl	8001578 <HAL_GetTickPrio>
 800369e:	f7fd ff19 	bl	80014d4 <HAL_InitTick>
}
 80036a2:	bd70      	pop	{r4, r5, r6, pc}
    return HAL_ERROR;
 80036a4:	2001      	movs	r0, #1
}
 80036a6:	4770      	bx	lr
        return HAL_ERROR;
 80036a8:	2001      	movs	r0, #1
 80036aa:	e7fa      	b.n	80036a2 <HAL_RCC_ClockConfig+0x252>
 80036ac:	58004000 	.word	0x58004000
 80036b0:	20000010 	.word	0x20000010

080036b4 <LL_RCC_SetI2CClockSource>:
  MODIFY_REG(RCC->CCIPR, ((I2CxSource >> 4) & 0x000FF000U), ((I2CxSource << 4) & 0x000FF000U));
 80036b4:	f04f 41b0 	mov.w	r1, #1476395008	@ 0x58000000
 80036b8:	f8d1 3088 	ldr.w	r3, [r1, #136]	@ 0x88
 80036bc:	0902      	lsrs	r2, r0, #4
 80036be:	f402 227f 	and.w	r2, r2, #1044480	@ 0xff000
 80036c2:	ea23 0302 	bic.w	r3, r3, r2
 80036c6:	0100      	lsls	r0, r0, #4
 80036c8:	f400 207f 	and.w	r0, r0, #1044480	@ 0xff000
 80036cc:	4303      	orrs	r3, r0
 80036ce:	f8c1 3088 	str.w	r3, [r1, #136]	@ 0x88
}
 80036d2:	4770      	bx	lr

080036d4 <RCCEx_PLLSAI1_ConfigNP>:
  * @note   PLLSAI1 is temporary disable to apply new parameters
  *
  * @retval HAL status
  */
static HAL_StatusTypeDef RCCEx_PLLSAI1_ConfigNP(RCC_PLLSAI1InitTypeDef *PLLSAI1)
{
 80036d4:	b570      	push	{r4, r5, r6, lr}
 80036d6:	4605      	mov	r5, r0
  CLEAR_BIT(RCC->CR, RCC_CR_PLLSAI1ON);
 80036d8:	f04f 42b0 	mov.w	r2, #1476395008	@ 0x58000000
 80036dc:	6813      	ldr	r3, [r2, #0]
 80036de:	f023 6380 	bic.w	r3, r3, #67108864	@ 0x4000000
 80036e2:	6013      	str	r3, [r2, #0]

  /* Disable the PLLSAI1 */
  __HAL_RCC_PLLSAI1_DISABLE();

  /* Get Start Tick*/
  tickstart = HAL_GetTick();
 80036e4:	f7fd ff42 	bl	800156c <HAL_GetTick>
 80036e8:	4604      	mov	r4, r0
  return ((READ_BIT(RCC->CR, RCC_CR_PLLSAI1RDY) == (RCC_CR_PLLSAI1RDY)) ? 1UL : 0UL);
 80036ea:	f04f 43b0 	mov.w	r3, #1476395008	@ 0x58000000
 80036ee:	681b      	ldr	r3, [r3, #0]
 80036f0:	f013 6f00 	tst.w	r3, #134217728	@ 0x8000000
 80036f4:	d006      	beq.n	8003704 <RCCEx_PLLSAI1_ConfigNP+0x30>

  /* Wait till PLLSAI1 is ready to be updated */
  while (LL_RCC_PLLSAI1_IsReady() != 0U)
  {
    if ((HAL_GetTick() - tickstart) > PLLSAI1_TIMEOUT_VALUE)
 80036f6:	f7fd ff39 	bl	800156c <HAL_GetTick>
 80036fa:	1b00      	subs	r0, r0, r4
 80036fc:	2802      	cmp	r0, #2
 80036fe:	d9f4      	bls.n	80036ea <RCCEx_PLLSAI1_ConfigNP+0x16>
    {
      status = HAL_TIMEOUT;
 8003700:	2403      	movs	r4, #3
 8003702:	e000      	b.n	8003706 <RCCEx_PLLSAI1_ConfigNP+0x32>
  HAL_StatusTypeDef status = HAL_OK;
 8003704:	2400      	movs	r4, #0
      break;
    }
  }

  if (status == HAL_OK)
 8003706:	b10c      	cbz	r4, 800370c <RCCEx_PLLSAI1_ConfigNP+0x38>
      __HAL_RCC_PLLSAI1CLKOUT_ENABLE(PLLSAI1->PLLSAI1ClockOut);
    }
  }

  return status;
}
 8003708:	4620      	mov	r0, r4
 800370a:	bd70      	pop	{r4, r5, r6, pc}
    __HAL_RCC_PLLSAI1_MULN_CONFIG(PLLSAI1->PLLN);
 800370c:	f04f 43b0 	mov.w	r3, #1476395008	@ 0x58000000
 8003710:	691a      	ldr	r2, [r3, #16]
 8003712:	f422 42fe 	bic.w	r2, r2, #32512	@ 0x7f00
 8003716:	6829      	ldr	r1, [r5, #0]
 8003718:	ea42 2201 	orr.w	r2, r2, r1, lsl #8
 800371c:	611a      	str	r2, [r3, #16]
    __HAL_RCC_PLLSAI1_DIVP_CONFIG(PLLSAI1->PLLP);
 800371e:	691a      	ldr	r2, [r3, #16]
 8003720:	f422 1278 	bic.w	r2, r2, #4063232	@ 0x3e0000
 8003724:	6869      	ldr	r1, [r5, #4]
 8003726:	430a      	orrs	r2, r1
 8003728:	611a      	str	r2, [r3, #16]
  SET_BIT(RCC->CR, RCC_CR_PLLSAI1ON);
 800372a:	681a      	ldr	r2, [r3, #0]
 800372c:	f042 6280 	orr.w	r2, r2, #67108864	@ 0x4000000
 8003730:	601a      	str	r2, [r3, #0]
    tickstart = HAL_GetTick();
 8003732:	f7fd ff1b 	bl	800156c <HAL_GetTick>
 8003736:	4606      	mov	r6, r0
  return ((READ_BIT(RCC->CR, RCC_CR_PLLSAI1RDY) == (RCC_CR_PLLSAI1RDY)) ? 1UL : 0UL);
 8003738:	f04f 43b0 	mov.w	r3, #1476395008	@ 0x58000000
 800373c:	681b      	ldr	r3, [r3, #0]
 800373e:	f013 6f00 	tst.w	r3, #134217728	@ 0x8000000
 8003742:	d105      	bne.n	8003750 <RCCEx_PLLSAI1_ConfigNP+0x7c>
      if ((HAL_GetTick() - tickstart) > PLLSAI1_TIMEOUT_VALUE)
 8003744:	f7fd ff12 	bl	800156c <HAL_GetTick>
 8003748:	1b80      	subs	r0, r0, r6
 800374a:	2802      	cmp	r0, #2
 800374c:	d9f4      	bls.n	8003738 <RCCEx_PLLSAI1_ConfigNP+0x64>
        status = HAL_TIMEOUT;
 800374e:	2403      	movs	r4, #3
    if (status == HAL_OK)
 8003750:	2c00      	cmp	r4, #0
 8003752:	d1d9      	bne.n	8003708 <RCCEx_PLLSAI1_ConfigNP+0x34>
      __HAL_RCC_PLLSAI1CLKOUT_ENABLE(PLLSAI1->PLLSAI1ClockOut);
 8003754:	f04f 42b0 	mov.w	r2, #1476395008	@ 0x58000000
 8003758:	6913      	ldr	r3, [r2, #16]
 800375a:	6929      	ldr	r1, [r5, #16]
 800375c:	430b      	orrs	r3, r1
 800375e:	6113      	str	r3, [r2, #16]
 8003760:	e7d2      	b.n	8003708 <RCCEx_PLLSAI1_ConfigNP+0x34>

08003762 <RCCEx_PLLSAI1_ConfigNQ>:
  * @note   PLLSAI1 is temporary disable to apply new parameters
  *
  * @retval HAL status
  */
static HAL_StatusTypeDef RCCEx_PLLSAI1_ConfigNQ(RCC_PLLSAI1InitTypeDef *PLLSAI1)
{
 8003762:	b570      	push	{r4, r5, r6, lr}
 8003764:	4605      	mov	r5, r0
  CLEAR_BIT(RCC->CR, RCC_CR_PLLSAI1ON);
 8003766:	f04f 42b0 	mov.w	r2, #1476395008	@ 0x58000000
 800376a:	6813      	ldr	r3, [r2, #0]
 800376c:	f023 6380 	bic.w	r3, r3, #67108864	@ 0x4000000
 8003770:	6013      	str	r3, [r2, #0]

  /* Disable the PLLSAI1 */
  __HAL_RCC_PLLSAI1_DISABLE();

  /* Get Start Tick*/
  tickstart = HAL_GetTick();
 8003772:	f7fd fefb 	bl	800156c <HAL_GetTick>
 8003776:	4604      	mov	r4, r0
  return ((READ_BIT(RCC->CR, RCC_CR_PLLSAI1RDY) == (RCC_CR_PLLSAI1RDY)) ? 1UL : 0UL);
 8003778:	f04f 43b0 	mov.w	r3, #1476395008	@ 0x58000000
 800377c:	681b      	ldr	r3, [r3, #0]
 800377e:	f013 6f00 	tst.w	r3, #134217728	@ 0x8000000
 8003782:	d006      	beq.n	8003792 <RCCEx_PLLSAI1_ConfigNQ+0x30>

  /* Wait till PLLSAI1 is ready to be updated */
  while (LL_RCC_PLLSAI1_IsReady() != 0U)
  {
    if ((HAL_GetTick() - tickstart) > PLLSAI1_TIMEOUT_VALUE)
 8003784:	f7fd fef2 	bl	800156c <HAL_GetTick>
 8003788:	1b00      	subs	r0, r0, r4
 800378a:	2802      	cmp	r0, #2
 800378c:	d9f4      	bls.n	8003778 <RCCEx_PLLSAI1_ConfigNQ+0x16>
    {
      status = HAL_TIMEOUT;
 800378e:	2403      	movs	r4, #3
 8003790:	e000      	b.n	8003794 <RCCEx_PLLSAI1_ConfigNQ+0x32>
  HAL_StatusTypeDef status = HAL_OK;
 8003792:	2400      	movs	r4, #0
      break;
    }
  }

  if (status == HAL_OK)
 8003794:	b10c      	cbz	r4, 800379a <RCCEx_PLLSAI1_ConfigNQ+0x38>
      __HAL_RCC_PLLSAI1CLKOUT_ENABLE(PLLSAI1->PLLSAI1ClockOut);
    }
  }

  return status;
}
 8003796:	4620      	mov	r0, r4
 8003798:	bd70      	pop	{r4, r5, r6, pc}
    __HAL_RCC_PLLSAI1_MULN_CONFIG(PLLSAI1->PLLN);
 800379a:	f04f 43b0 	mov.w	r3, #1476395008	@ 0x58000000
 800379e:	691a      	ldr	r2, [r3, #16]
 80037a0:	f422 42fe 	bic.w	r2, r2, #32512	@ 0x7f00
 80037a4:	6829      	ldr	r1, [r5, #0]
 80037a6:	ea42 2201 	orr.w	r2, r2, r1, lsl #8
 80037aa:	611a      	str	r2, [r3, #16]
    __HAL_RCC_PLLSAI1_DIVQ_CONFIG(PLLSAI1->PLLQ);
 80037ac:	691a      	ldr	r2, [r3, #16]
 80037ae:	f022 6260 	bic.w	r2, r2, #234881024	@ 0xe000000
 80037b2:	68a9      	ldr	r1, [r5, #8]
 80037b4:	430a      	orrs	r2, r1
 80037b6:	611a      	str	r2, [r3, #16]
  SET_BIT(RCC->CR, RCC_CR_PLLSAI1ON);
 80037b8:	681a      	ldr	r2, [r3, #0]
 80037ba:	f042 6280 	orr.w	r2, r2, #67108864	@ 0x4000000
 80037be:	601a      	str	r2, [r3, #0]
    tickstart = HAL_GetTick();
 80037c0:	f7fd fed4 	bl	800156c <HAL_GetTick>
 80037c4:	4606      	mov	r6, r0
  return ((READ_BIT(RCC->CR, RCC_CR_PLLSAI1RDY) == (RCC_CR_PLLSAI1RDY)) ? 1UL : 0UL);
 80037c6:	f04f 43b0 	mov.w	r3, #1476395008	@ 0x58000000
 80037ca:	681b      	ldr	r3, [r3, #0]
 80037cc:	f013 6f00 	tst.w	r3, #134217728	@ 0x8000000
 80037d0:	d105      	bne.n	80037de <RCCEx_PLLSAI1_ConfigNQ+0x7c>
      if ((HAL_GetTick() - tickstart) > PLLSAI1_TIMEOUT_VALUE)
 80037d2:	f7fd fecb 	bl	800156c <HAL_GetTick>
 80037d6:	1b80      	subs	r0, r0, r6
 80037d8:	2802      	cmp	r0, #2
 80037da:	d9f4      	bls.n	80037c6 <RCCEx_PLLSAI1_ConfigNQ+0x64>
        status = HAL_TIMEOUT;
 80037dc:	2403      	movs	r4, #3
    if (status == HAL_OK)
 80037de:	2c00      	cmp	r4, #0
 80037e0:	d1d9      	bne.n	8003796 <RCCEx_PLLSAI1_ConfigNQ+0x34>
      __HAL_RCC_PLLSAI1CLKOUT_ENABLE(PLLSAI1->PLLSAI1ClockOut);
 80037e2:	f04f 42b0 	mov.w	r2, #1476395008	@ 0x58000000
 80037e6:	6913      	ldr	r3, [r2, #16]
 80037e8:	6929      	ldr	r1, [r5, #16]
 80037ea:	430b      	orrs	r3, r1
 80037ec:	6113      	str	r3, [r2, #16]
 80037ee:	e7d2      	b.n	8003796 <RCCEx_PLLSAI1_ConfigNQ+0x34>

080037f0 <RCCEx_PLLSAI1_ConfigNR>:
  * @note   PLLSAI1 is temporary disable to apply new parameters
  *
  * @retval HAL status
  */
static HAL_StatusTypeDef RCCEx_PLLSAI1_ConfigNR(RCC_PLLSAI1InitTypeDef *PLLSAI1)
{
 80037f0:	b570      	push	{r4, r5, r6, lr}
 80037f2:	4605      	mov	r5, r0
  CLEAR_BIT(RCC->CR, RCC_CR_PLLSAI1ON);
 80037f4:	f04f 42b0 	mov.w	r2, #1476395008	@ 0x58000000
 80037f8:	6813      	ldr	r3, [r2, #0]
 80037fa:	f023 6380 	bic.w	r3, r3, #67108864	@ 0x4000000
 80037fe:	6013      	str	r3, [r2, #0]

  /* Disable the PLLSAI1 */
  __HAL_RCC_PLLSAI1_DISABLE();

  /* Get Start Tick*/
  tickstart = HAL_GetTick();
 8003800:	f7fd feb4 	bl	800156c <HAL_GetTick>
 8003804:	4604      	mov	r4, r0
  return ((READ_BIT(RCC->CR, RCC_CR_PLLSAI1RDY) == (RCC_CR_PLLSAI1RDY)) ? 1UL : 0UL);
 8003806:	f04f 43b0 	mov.w	r3, #1476395008	@ 0x58000000
 800380a:	681b      	ldr	r3, [r3, #0]
 800380c:	f013 6f00 	tst.w	r3, #134217728	@ 0x8000000
 8003810:	d006      	beq.n	8003820 <RCCEx_PLLSAI1_ConfigNR+0x30>

  /* Wait till PLLSAI1 is ready to be updated */
  while (LL_RCC_PLLSAI1_IsReady() != 0U)
  {
    if ((HAL_GetTick() - tickstart) > PLLSAI1_TIMEOUT_VALUE)
 8003812:	f7fd feab 	bl	800156c <HAL_GetTick>
 8003816:	1b00      	subs	r0, r0, r4
 8003818:	2802      	cmp	r0, #2
 800381a:	d9f4      	bls.n	8003806 <RCCEx_PLLSAI1_ConfigNR+0x16>
    {
      status = HAL_TIMEOUT;
 800381c:	2403      	movs	r4, #3
 800381e:	e000      	b.n	8003822 <RCCEx_PLLSAI1_ConfigNR+0x32>
  HAL_StatusTypeDef status = HAL_OK;
 8003820:	2400      	movs	r4, #0
      break;
    }
  }

  if (status == HAL_OK)
 8003822:	b10c      	cbz	r4, 8003828 <RCCEx_PLLSAI1_ConfigNR+0x38>
      __HAL_RCC_PLLSAI1CLKOUT_ENABLE(PLLSAI1->PLLSAI1ClockOut);
    }
  }

  return status;
}
 8003824:	4620      	mov	r0, r4
 8003826:	bd70      	pop	{r4, r5, r6, pc}
    __HAL_RCC_PLLSAI1_MULN_CONFIG(PLLSAI1->PLLN);
 8003828:	f04f 43b0 	mov.w	r3, #1476395008	@ 0x58000000
 800382c:	691a      	ldr	r2, [r3, #16]
 800382e:	f422 42fe 	bic.w	r2, r2, #32512	@ 0x7f00
 8003832:	6829      	ldr	r1, [r5, #0]
 8003834:	ea42 2201 	orr.w	r2, r2, r1, lsl #8
 8003838:	611a      	str	r2, [r3, #16]
    __HAL_RCC_PLLSAI1_DIVR_CONFIG(PLLSAI1->PLLR);
 800383a:	691a      	ldr	r2, [r3, #16]
 800383c:	f022 4260 	bic.w	r2, r2, #3758096384	@ 0xe0000000
 8003840:	68e9      	ldr	r1, [r5, #12]
 8003842:	430a      	orrs	r2, r1
 8003844:	611a      	str	r2, [r3, #16]
  SET_BIT(RCC->CR, RCC_CR_PLLSAI1ON);
 8003846:	681a      	ldr	r2, [r3, #0]
 8003848:	f042 6280 	orr.w	r2, r2, #67108864	@ 0x4000000
 800384c:	601a      	str	r2, [r3, #0]
    tickstart = HAL_GetTick();
 800384e:	f7fd fe8d 	bl	800156c <HAL_GetTick>
 8003852:	4606      	mov	r6, r0
  return ((READ_BIT(RCC->CR, RCC_CR_PLLSAI1RDY) == (RCC_CR_PLLSAI1RDY)) ? 1UL : 0UL);
 8003854:	f04f 43b0 	mov.w	r3, #1476395008	@ 0x58000000
 8003858:	681b      	ldr	r3, [r3, #0]
 800385a:	f013 6f00 	tst.w	r3, #134217728	@ 0x8000000
 800385e:	d105      	bne.n	800386c <RCCEx_PLLSAI1_ConfigNR+0x7c>
      if ((HAL_GetTick() - tickstart) > PLLSAI1_TIMEOUT_VALUE)
 8003860:	f7fd fe84 	bl	800156c <HAL_GetTick>
 8003864:	1b80      	subs	r0, r0, r6
 8003866:	2802      	cmp	r0, #2
 8003868:	d9f4      	bls.n	8003854 <RCCEx_PLLSAI1_ConfigNR+0x64>
        status = HAL_TIMEOUT;
 800386a:	2403      	movs	r4, #3
    if (status == HAL_OK)
 800386c:	2c00      	cmp	r4, #0
 800386e:	d1d9      	bne.n	8003824 <RCCEx_PLLSAI1_ConfigNR+0x34>
      __HAL_RCC_PLLSAI1CLKOUT_ENABLE(PLLSAI1->PLLSAI1ClockOut);
 8003870:	f04f 42b0 	mov.w	r2, #1476395008	@ 0x58000000
 8003874:	6913      	ldr	r3, [r2, #16]
 8003876:	6929      	ldr	r1, [r5, #16]
 8003878:	430b      	orrs	r3, r1
 800387a:	6113      	str	r3, [r2, #16]
 800387c:	e7d2      	b.n	8003824 <RCCEx_PLLSAI1_ConfigNR+0x34>

0800387e <HAL_RCCEx_PeriphCLKConfig>:
{
 800387e:	b570      	push	{r4, r5, r6, lr}
 8003880:	4604      	mov	r4, r0
  if ((((PeriphClkInit->PeriphClockSelection) & RCC_PERIPHCLK_SAI1) == RCC_PERIPHCLK_SAI1))
 8003882:	6803      	ldr	r3, [r0, #0]
 8003884:	f013 0f40 	tst.w	r3, #64	@ 0x40
 8003888:	d035      	beq.n	80038f6 <HAL_RCCEx_PeriphCLKConfig+0x78>
    switch (PeriphClkInit->Sai1ClockSelection)
 800388a:	6b03      	ldr	r3, [r0, #48]	@ 0x30
 800388c:	f5b3 0f80 	cmp.w	r3, #4194304	@ 0x400000
 8003890:	d016      	beq.n	80038c0 <HAL_RCCEx_PeriphCLKConfig+0x42>
 8003892:	d80b      	bhi.n	80038ac <HAL_RCCEx_PeriphCLKConfig+0x2e>
 8003894:	b933      	cbnz	r3, 80038a4 <HAL_RCCEx_PeriphCLKConfig+0x26>
        ret = RCCEx_PLLSAI1_ConfigNP(&(PeriphClkInit->PLLSAI1));
 8003896:	3004      	adds	r0, #4
 8003898:	f7ff ff1c 	bl	80036d4 <RCCEx_PLLSAI1_ConfigNP>
    if (ret == HAL_OK)
 800389c:	4606      	mov	r6, r0
 800389e:	b1b8      	cbz	r0, 80038d0 <HAL_RCCEx_PeriphCLKConfig+0x52>
      status = ret;
 80038a0:	4605      	mov	r5, r0
 80038a2:	e02b      	b.n	80038fc <HAL_RCCEx_PeriphCLKConfig+0x7e>
    switch (PeriphClkInit->Sai1ClockSelection)
 80038a4:	2301      	movs	r3, #1
 80038a6:	461d      	mov	r5, r3
 80038a8:	461e      	mov	r6, r3
 80038aa:	e027      	b.n	80038fc <HAL_RCCEx_PeriphCLKConfig+0x7e>
 80038ac:	f5b3 0f00 	cmp.w	r3, #8388608	@ 0x800000
 80038b0:	d01b      	beq.n	80038ea <HAL_RCCEx_PeriphCLKConfig+0x6c>
 80038b2:	f5b3 0f40 	cmp.w	r3, #12582912	@ 0xc00000
 80038b6:	d01b      	beq.n	80038f0 <HAL_RCCEx_PeriphCLKConfig+0x72>
 80038b8:	2301      	movs	r3, #1
 80038ba:	461d      	mov	r5, r3
 80038bc:	461e      	mov	r6, r3
 80038be:	e01d      	b.n	80038fc <HAL_RCCEx_PeriphCLKConfig+0x7e>
        __HAL_RCC_PLLCLKOUT_ENABLE(RCC_PLL_SAI1CLK);
 80038c0:	f04f 42b0 	mov.w	r2, #1476395008	@ 0x58000000
 80038c4:	68d3      	ldr	r3, [r2, #12]
 80038c6:	f443 3380 	orr.w	r3, r3, #65536	@ 0x10000
 80038ca:	60d3      	str	r3, [r2, #12]
  HAL_StatusTypeDef ret     = HAL_OK;      /* Intermediate status */
 80038cc:	2300      	movs	r3, #0
 80038ce:	461e      	mov	r6, r3
      __HAL_RCC_SAI1_CONFIG(PeriphClkInit->Sai1ClockSelection);
 80038d0:	6b23      	ldr	r3, [r4, #48]	@ 0x30
  MODIFY_REG(RCC->CCIPR, RCC_CCIPR_SAI1SEL, SAIxSource);
 80038d2:	f04f 41b0 	mov.w	r1, #1476395008	@ 0x58000000
 80038d6:	f8d1 2088 	ldr.w	r2, [r1, #136]	@ 0x88
 80038da:	f422 0240 	bic.w	r2, r2, #12582912	@ 0xc00000
 80038de:	4313      	orrs	r3, r2
 80038e0:	f8c1 3088 	str.w	r3, [r1, #136]	@ 0x88
  HAL_StatusTypeDef status  = HAL_OK;   /* Final status */
 80038e4:	2300      	movs	r3, #0
 80038e6:	461d      	mov	r5, r3
}
 80038e8:	e008      	b.n	80038fc <HAL_RCCEx_PeriphCLKConfig+0x7e>
    switch (PeriphClkInit->Sai1ClockSelection)
 80038ea:	2300      	movs	r3, #0
 80038ec:	461e      	mov	r6, r3
 80038ee:	e7ef      	b.n	80038d0 <HAL_RCCEx_PeriphCLKConfig+0x52>
 80038f0:	2300      	movs	r3, #0
 80038f2:	461e      	mov	r6, r3
 80038f4:	e7ec      	b.n	80038d0 <HAL_RCCEx_PeriphCLKConfig+0x52>
  HAL_StatusTypeDef status  = HAL_OK;   /* Final status */
 80038f6:	2300      	movs	r3, #0
 80038f8:	461d      	mov	r5, r3
  HAL_StatusTypeDef ret     = HAL_OK;      /* Intermediate status */
 80038fa:	461e      	mov	r6, r3
  if ((PeriphClkInit->PeriphClockSelection & RCC_PERIPHCLK_RTC) == RCC_PERIPHCLK_RTC)
 80038fc:	6823      	ldr	r3, [r4, #0]
 80038fe:	f413 6f00 	tst.w	r3, #2048	@ 0x800
 8003902:	d00b      	beq.n	800391c <HAL_RCCEx_PeriphCLKConfig+0x9e>
  return (uint32_t)(READ_BIT(RCC->BDCR, RCC_BDCR_RTCSEL));
 8003904:	f04f 43b0 	mov.w	r3, #1476395008	@ 0x58000000
 8003908:	f8d3 3090 	ldr.w	r3, [r3, #144]	@ 0x90
 800390c:	f403 7340 	and.w	r3, r3, #768	@ 0x300
 8003910:	461d      	mov	r5, r3
    if (rtcclocksource != PeriphClkInit->RTCClockSelection)
 8003912:	6c23      	ldr	r3, [r4, #64]	@ 0x40
 8003914:	42ab      	cmp	r3, r5
 8003916:	f040 80b7 	bne.w	8003a88 <HAL_RCCEx_PeriphCLKConfig+0x20a>
      status = ret;
 800391a:	4635      	mov	r5, r6
  if (((PeriphClkInit->PeriphClockSelection) & RCC_PERIPHCLK_USART1) == RCC_PERIPHCLK_USART1)
 800391c:	6823      	ldr	r3, [r4, #0]
 800391e:	f013 0f01 	tst.w	r3, #1
 8003922:	d009      	beq.n	8003938 <HAL_RCCEx_PeriphCLKConfig+0xba>
    __HAL_RCC_USART1_CONFIG(PeriphClkInit->Usart1ClockSelection);
 8003924:	69a3      	ldr	r3, [r4, #24]
  MODIFY_REG(RCC->CCIPR, RCC_CCIPR_USART1SEL, USARTxSource);
 8003926:	f04f 41b0 	mov.w	r1, #1476395008	@ 0x58000000
 800392a:	f8d1 2088 	ldr.w	r2, [r1, #136]	@ 0x88
 800392e:	f022 0203 	bic.w	r2, r2, #3
 8003932:	4313      	orrs	r3, r2
 8003934:	f8c1 3088 	str.w	r3, [r1, #136]	@ 0x88
  if (((PeriphClkInit->PeriphClockSelection) & RCC_PERIPHCLK_LPUART1) == RCC_PERIPHCLK_LPUART1)
 8003938:	6823      	ldr	r3, [r4, #0]
 800393a:	f013 0f02 	tst.w	r3, #2
 800393e:	d009      	beq.n	8003954 <HAL_RCCEx_PeriphCLKConfig+0xd6>
    __HAL_RCC_LPUART1_CONFIG(PeriphClkInit->Lpuart1ClockSelection);
 8003940:	69e3      	ldr	r3, [r4, #28]
  MODIFY_REG(RCC->CCIPR, RCC_CCIPR_LPUART1SEL, LPUARTxSource);
 8003942:	f04f 41b0 	mov.w	r1, #1476395008	@ 0x58000000
 8003946:	f8d1 2088 	ldr.w	r2, [r1, #136]	@ 0x88
 800394a:	f422 6240 	bic.w	r2, r2, #3072	@ 0xc00
 800394e:	4313      	orrs	r3, r2
 8003950:	f8c1 3088 	str.w	r3, [r1, #136]	@ 0x88
  if (((PeriphClkInit->PeriphClockSelection) & RCC_PERIPHCLK_LPTIM1) == (RCC_PERIPHCLK_LPTIM1))
 8003954:	6823      	ldr	r3, [r4, #0]
 8003956:	f013 0f10 	tst.w	r3, #16
 800395a:	d00c      	beq.n	8003976 <HAL_RCCEx_PeriphCLKConfig+0xf8>
    __HAL_RCC_LPTIM1_CONFIG(PeriphClkInit->Lptim1ClockSelection);
 800395c:	6aa1      	ldr	r1, [r4, #40]	@ 0x28
  MODIFY_REG(RCC->CCIPR, (LPTIMxSource & 0xFFFF0000U), (LPTIMxSource << 16));
 800395e:	f04f 42b0 	mov.w	r2, #1476395008	@ 0x58000000
 8003962:	f8d2 3088 	ldr.w	r3, [r2, #136]	@ 0x88
 8003966:	0c08      	lsrs	r0, r1, #16
 8003968:	0400      	lsls	r0, r0, #16
 800396a:	ea23 0300 	bic.w	r3, r3, r0
 800396e:	ea43 4301 	orr.w	r3, r3, r1, lsl #16
 8003972:	f8c2 3088 	str.w	r3, [r2, #136]	@ 0x88
  if (((PeriphClkInit->PeriphClockSelection) & RCC_PERIPHCLK_LPTIM2) == (RCC_PERIPHCLK_LPTIM2))
 8003976:	6823      	ldr	r3, [r4, #0]
 8003978:	f013 0f20 	tst.w	r3, #32
 800397c:	d00c      	beq.n	8003998 <HAL_RCCEx_PeriphCLKConfig+0x11a>
    __HAL_RCC_LPTIM2_CONFIG(PeriphClkInit->Lptim2ClockSelection);
 800397e:	6ae1      	ldr	r1, [r4, #44]	@ 0x2c
 8003980:	f04f 42b0 	mov.w	r2, #1476395008	@ 0x58000000
 8003984:	f8d2 3088 	ldr.w	r3, [r2, #136]	@ 0x88
 8003988:	0c08      	lsrs	r0, r1, #16
 800398a:	0400      	lsls	r0, r0, #16
 800398c:	ea23 0300 	bic.w	r3, r3, r0
 8003990:	ea43 4301 	orr.w	r3, r3, r1, lsl #16
 8003994:	f8c2 3088 	str.w	r3, [r2, #136]	@ 0x88
  if (((PeriphClkInit->PeriphClockSelection) & RCC_PERIPHCLK_I2C1) == RCC_PERIPHCLK_I2C1)
 8003998:	6823      	ldr	r3, [r4, #0]
 800399a:	f013 0f04 	tst.w	r3, #4
 800399e:	f040 80b5 	bne.w	8003b0c <HAL_RCCEx_PeriphCLKConfig+0x28e>
  if (((PeriphClkInit->PeriphClockSelection) & RCC_PERIPHCLK_I2C3) == RCC_PERIPHCLK_I2C3)
 80039a2:	6823      	ldr	r3, [r4, #0]
 80039a4:	f013 0f08 	tst.w	r3, #8
 80039a8:	f040 80b4 	bne.w	8003b14 <HAL_RCCEx_PeriphCLKConfig+0x296>
  if (((PeriphClkInit->PeriphClockSelection) & RCC_PERIPHCLK_USB) == (RCC_PERIPHCLK_USB))
 80039ac:	6823      	ldr	r3, [r4, #0]
 80039ae:	f413 7f80 	tst.w	r3, #256	@ 0x100
 80039b2:	d013      	beq.n	80039dc <HAL_RCCEx_PeriphCLKConfig+0x15e>
    __HAL_RCC_USB_CONFIG(PeriphClkInit->UsbClockSelection);
 80039b4:	6b63      	ldr	r3, [r4, #52]	@ 0x34
  MODIFY_REG(RCC->CCIPR, RCC_CCIPR_CLK48SEL, CLK48xSource);
 80039b6:	f04f 41b0 	mov.w	r1, #1476395008	@ 0x58000000
 80039ba:	f8d1 2088 	ldr.w	r2, [r1, #136]	@ 0x88
 80039be:	f022 6240 	bic.w	r2, r2, #201326592	@ 0xc000000
 80039c2:	4313      	orrs	r3, r2
 80039c4:	f8c1 3088 	str.w	r3, [r1, #136]	@ 0x88
    if (PeriphClkInit->UsbClockSelection == RCC_USBCLKSOURCE_PLL)
 80039c8:	6b63      	ldr	r3, [r4, #52]	@ 0x34
 80039ca:	f1b3 6f00 	cmp.w	r3, #134217728	@ 0x8000000
 80039ce:	f000 80a5 	beq.w	8003b1c <HAL_RCCEx_PeriphCLKConfig+0x29e>
    if (PeriphClkInit->UsbClockSelection == RCC_USBCLKSOURCE_PLLSAI1)
 80039d2:	6b63      	ldr	r3, [r4, #52]	@ 0x34
 80039d4:	f1b3 6f80 	cmp.w	r3, #67108864	@ 0x4000000
 80039d8:	f000 80a5 	beq.w	8003b26 <HAL_RCCEx_PeriphCLKConfig+0x2a8>
  if (((PeriphClkInit->PeriphClockSelection) & RCC_PERIPHCLK_RNG) == (RCC_PERIPHCLK_RNG))
 80039dc:	6823      	ldr	r3, [r4, #0]
 80039de:	f413 7f00 	tst.w	r3, #512	@ 0x200
 80039e2:	d017      	beq.n	8003a14 <HAL_RCCEx_PeriphCLKConfig+0x196>
    __HAL_RCC_RNG_CONFIG(PeriphClkInit->RngClockSelection);
 80039e4:	6ba3      	ldr	r3, [r4, #56]	@ 0x38
 80039e6:	f1b3 4f80 	cmp.w	r3, #1073741824	@ 0x40000000
 80039ea:	d005      	beq.n	80039f8 <HAL_RCCEx_PeriphCLKConfig+0x17a>
 80039ec:	f1b3 4f00 	cmp.w	r3, #2147483648	@ 0x80000000
 80039f0:	d002      	beq.n	80039f8 <HAL_RCCEx_PeriphCLKConfig+0x17a>
 80039f2:	2b00      	cmp	r3, #0
 80039f4:	f040 809f 	bne.w	8003b36 <HAL_RCCEx_PeriphCLKConfig+0x2b8>
  MODIFY_REG(RCC->CCIPR, RCC_CCIPR_RNGSEL, RNGxSource);
 80039f8:	f04f 41b0 	mov.w	r1, #1476395008	@ 0x58000000
 80039fc:	f8d1 2088 	ldr.w	r2, [r1, #136]	@ 0x88
 8003a00:	f022 4240 	bic.w	r2, r2, #3221225472	@ 0xc0000000
 8003a04:	4313      	orrs	r3, r2
 8003a06:	f8c1 3088 	str.w	r3, [r1, #136]	@ 0x88
    if (PeriphClkInit->RngClockSelection == RCC_RNGCLKSOURCE_PLL)
 8003a0a:	6ba3      	ldr	r3, [r4, #56]	@ 0x38
 8003a0c:	f1b3 5fc0 	cmp.w	r3, #402653184	@ 0x18000000
 8003a10:	f000 80a3 	beq.w	8003b5a <HAL_RCCEx_PeriphCLKConfig+0x2dc>
  if (((PeriphClkInit->PeriphClockSelection) & RCC_PERIPHCLK_ADC) == RCC_PERIPHCLK_ADC)
 8003a14:	6823      	ldr	r3, [r4, #0]
 8003a16:	f413 6f80 	tst.w	r3, #1024	@ 0x400
 8003a1a:	d013      	beq.n	8003a44 <HAL_RCCEx_PeriphCLKConfig+0x1c6>
    __HAL_RCC_ADC_CONFIG(PeriphClkInit->AdcClockSelection);
 8003a1c:	6be3      	ldr	r3, [r4, #60]	@ 0x3c
  MODIFY_REG(RCC->CCIPR, RCC_CCIPR_ADCSEL, ADCxSource);
 8003a1e:	f04f 41b0 	mov.w	r1, #1476395008	@ 0x58000000
 8003a22:	f8d1 2088 	ldr.w	r2, [r1, #136]	@ 0x88
 8003a26:	f022 5240 	bic.w	r2, r2, #805306368	@ 0x30000000
 8003a2a:	4313      	orrs	r3, r2
 8003a2c:	f8c1 3088 	str.w	r3, [r1, #136]	@ 0x88
    if (PeriphClkInit->AdcClockSelection == RCC_ADCCLKSOURCE_PLL)
 8003a30:	6be3      	ldr	r3, [r4, #60]	@ 0x3c
 8003a32:	f1b3 5f00 	cmp.w	r3, #536870912	@ 0x20000000
 8003a36:	f000 8097 	beq.w	8003b68 <HAL_RCCEx_PeriphCLKConfig+0x2ea>
    if (PeriphClkInit->AdcClockSelection == RCC_ADCCLKSOURCE_PLLSAI1)
 8003a3a:	6be3      	ldr	r3, [r4, #60]	@ 0x3c
 8003a3c:	f1b3 5f80 	cmp.w	r3, #268435456	@ 0x10000000
 8003a40:	f000 8097 	beq.w	8003b72 <HAL_RCCEx_PeriphCLKConfig+0x2f4>
  if (((PeriphClkInit->PeriphClockSelection) & RCC_PERIPHCLK_RFWAKEUP) == RCC_PERIPHCLK_RFWAKEUP)
 8003a44:	6823      	ldr	r3, [r4, #0]
 8003a46:	f413 5f80 	tst.w	r3, #4096	@ 0x1000
 8003a4a:	d009      	beq.n	8003a60 <HAL_RCCEx_PeriphCLKConfig+0x1e2>
    __HAL_RCC_RFWAKEUP_CONFIG(PeriphClkInit->RFWakeUpClockSelection);
 8003a4c:	6c63      	ldr	r3, [r4, #68]	@ 0x44
  MODIFY_REG(RCC->CSR, RCC_CSR_RFWKPSEL, Source);
 8003a4e:	f04f 41b0 	mov.w	r1, #1476395008	@ 0x58000000
 8003a52:	f8d1 2094 	ldr.w	r2, [r1, #148]	@ 0x94
 8003a56:	f422 4240 	bic.w	r2, r2, #49152	@ 0xc000
 8003a5a:	4313      	orrs	r3, r2
 8003a5c:	f8c1 3094 	str.w	r3, [r1, #148]	@ 0x94
  if (((PeriphClkInit->PeriphClockSelection) & RCC_PERIPHCLK_SMPS) == RCC_PERIPHCLK_SMPS)
 8003a60:	6823      	ldr	r3, [r4, #0]
 8003a62:	f413 5f00 	tst.w	r3, #8192	@ 0x2000
 8003a66:	d00d      	beq.n	8003a84 <HAL_RCCEx_PeriphCLKConfig+0x206>
    __HAL_RCC_SMPS_DIV_CONFIG(PeriphClkInit->SmpsDivSelection);
 8003a68:	6ce2      	ldr	r2, [r4, #76]	@ 0x4c
  MODIFY_REG(RCC->SMPSCR, RCC_SMPSCR_SMPSDIV, Prescaler);
 8003a6a:	f04f 43b0 	mov.w	r3, #1476395008	@ 0x58000000
 8003a6e:	6a59      	ldr	r1, [r3, #36]	@ 0x24
 8003a70:	f021 0130 	bic.w	r1, r1, #48	@ 0x30
 8003a74:	430a      	orrs	r2, r1
 8003a76:	625a      	str	r2, [r3, #36]	@ 0x24
    __HAL_RCC_SMPS_CONFIG(PeriphClkInit->SmpsClockSelection);
 8003a78:	6ca2      	ldr	r2, [r4, #72]	@ 0x48
  MODIFY_REG(RCC->SMPSCR, RCC_SMPSCR_SMPSSEL, SMPSSource);
 8003a7a:	6a59      	ldr	r1, [r3, #36]	@ 0x24
 8003a7c:	f021 0103 	bic.w	r1, r1, #3
 8003a80:	430a      	orrs	r2, r1
 8003a82:	625a      	str	r2, [r3, #36]	@ 0x24
}
 8003a84:	4628      	mov	r0, r5
 8003a86:	bd70      	pop	{r4, r5, r6, pc}
      HAL_PWR_EnableBkUpAccess();
 8003a88:	f7ff f844 	bl	8002b14 <HAL_PWR_EnableBkUpAccess>
      if (rtcclocksource == RCC_RTCCLKSOURCE_NONE)
 8003a8c:	b95d      	cbnz	r5, 8003aa6 <HAL_RCCEx_PeriphCLKConfig+0x228>
        LL_RCC_SetRTCClockSource(PeriphClkInit->RTCClockSelection);
 8003a8e:	6c23      	ldr	r3, [r4, #64]	@ 0x40
  MODIFY_REG(RCC->BDCR, RCC_BDCR_RTCSEL, Source);
 8003a90:	f04f 41b0 	mov.w	r1, #1476395008	@ 0x58000000
 8003a94:	f8d1 2090 	ldr.w	r2, [r1, #144]	@ 0x90
 8003a98:	f422 7240 	bic.w	r2, r2, #768	@ 0x300
 8003a9c:	4313      	orrs	r3, r2
 8003a9e:	f8c1 3090 	str.w	r3, [r1, #144]	@ 0x90
}
 8003aa2:	4635      	mov	r5, r6
 8003aa4:	e73a      	b.n	800391c <HAL_RCCEx_PeriphCLKConfig+0x9e>
        uint32_t bdcr = LL_RCC_ReadReg(BDCR);
 8003aa6:	f04f 43b0 	mov.w	r3, #1476395008	@ 0x58000000
 8003aaa:	f8d3 2090 	ldr.w	r2, [r3, #144]	@ 0x90
  SET_BIT(RCC->BDCR, RCC_BDCR_BDRST);
 8003aae:	f8d3 1090 	ldr.w	r1, [r3, #144]	@ 0x90
 8003ab2:	f441 3180 	orr.w	r1, r1, #65536	@ 0x10000
 8003ab6:	f8c3 1090 	str.w	r1, [r3, #144]	@ 0x90
  CLEAR_BIT(RCC->BDCR, RCC_BDCR_BDRST);
 8003aba:	f8d3 1090 	ldr.w	r1, [r3, #144]	@ 0x90
 8003abe:	f421 3180 	bic.w	r1, r1, #65536	@ 0x10000
 8003ac2:	f8c3 1090 	str.w	r1, [r3, #144]	@ 0x90
        MODIFY_REG(bdcr, RCC_BDCR_RTCSEL, PeriphClkInit->RTCClockSelection);
 8003ac6:	f422 7240 	bic.w	r2, r2, #768	@ 0x300
 8003aca:	6c21      	ldr	r1, [r4, #64]	@ 0x40
 8003acc:	430a      	orrs	r2, r1
        LL_RCC_WriteReg(BDCR, bdcr);
 8003ace:	f8c3 2090 	str.w	r2, [r3, #144]	@ 0x90
  return ((READ_BIT(RCC->BDCR, RCC_BDCR_LSEON) == (RCC_BDCR_LSEON)) ? 1UL : 0UL);
 8003ad2:	f8d3 3090 	ldr.w	r3, [r3, #144]	@ 0x90
 8003ad6:	f013 0f01 	tst.w	r3, #1
 8003ada:	d013      	beq.n	8003b04 <HAL_RCCEx_PeriphCLKConfig+0x286>
          tickstart = HAL_GetTick();
 8003adc:	f7fd fd46 	bl	800156c <HAL_GetTick>
 8003ae0:	4605      	mov	r5, r0
  return ((READ_BIT(RCC->BDCR, RCC_BDCR_LSERDY) == (RCC_BDCR_LSERDY)) ? 1UL : 0UL);
 8003ae2:	f04f 43b0 	mov.w	r3, #1476395008	@ 0x58000000
 8003ae6:	f8d3 3090 	ldr.w	r3, [r3, #144]	@ 0x90
 8003aea:	f013 0f02 	tst.w	r3, #2
 8003aee:	d10b      	bne.n	8003b08 <HAL_RCCEx_PeriphCLKConfig+0x28a>
            if ((HAL_GetTick() - tickstart) > RCC_LSE_TIMEOUT_VALUE)
 8003af0:	f7fd fd3c 	bl	800156c <HAL_GetTick>
 8003af4:	1b40      	subs	r0, r0, r5
 8003af6:	f241 3388 	movw	r3, #5000	@ 0x1388
 8003afa:	4298      	cmp	r0, r3
 8003afc:	d9f1      	bls.n	8003ae2 <HAL_RCCEx_PeriphCLKConfig+0x264>
              ret = HAL_TIMEOUT;
 8003afe:	2303      	movs	r3, #3
 8003b00:	461d      	mov	r5, r3
 8003b02:	e70b      	b.n	800391c <HAL_RCCEx_PeriphCLKConfig+0x9e>
 8003b04:	4635      	mov	r5, r6
 8003b06:	e709      	b.n	800391c <HAL_RCCEx_PeriphCLKConfig+0x9e>
 8003b08:	4635      	mov	r5, r6
 8003b0a:	e707      	b.n	800391c <HAL_RCCEx_PeriphCLKConfig+0x9e>
    __HAL_RCC_I2C1_CONFIG(PeriphClkInit->I2c1ClockSelection);
 8003b0c:	6a20      	ldr	r0, [r4, #32]
 8003b0e:	f7ff fdd1 	bl	80036b4 <LL_RCC_SetI2CClockSource>
 8003b12:	e746      	b.n	80039a2 <HAL_RCCEx_PeriphCLKConfig+0x124>
    __HAL_RCC_I2C3_CONFIG(PeriphClkInit->I2c3ClockSelection);
 8003b14:	6a60      	ldr	r0, [r4, #36]	@ 0x24
 8003b16:	f7ff fdcd 	bl	80036b4 <LL_RCC_SetI2CClockSource>
 8003b1a:	e747      	b.n	80039ac <HAL_RCCEx_PeriphCLKConfig+0x12e>
      __HAL_RCC_PLLCLKOUT_ENABLE(RCC_PLL_USBCLK);
 8003b1c:	68cb      	ldr	r3, [r1, #12]
 8003b1e:	f043 7380 	orr.w	r3, r3, #16777216	@ 0x1000000
 8003b22:	60cb      	str	r3, [r1, #12]
 8003b24:	e755      	b.n	80039d2 <HAL_RCCEx_PeriphCLKConfig+0x154>
      ret = RCCEx_PLLSAI1_ConfigNQ(&(PeriphClkInit->PLLSAI1));
 8003b26:	1d20      	adds	r0, r4, #4
 8003b28:	f7ff fe1b 	bl	8003762 <RCCEx_PLLSAI1_ConfigNQ>
      if (ret != HAL_OK)
 8003b2c:	2800      	cmp	r0, #0
 8003b2e:	f43f af55 	beq.w	80039dc <HAL_RCCEx_PeriphCLKConfig+0x15e>
        status = ret;
 8003b32:	4605      	mov	r5, r0
 8003b34:	e752      	b.n	80039dc <HAL_RCCEx_PeriphCLKConfig+0x15e>
    __HAL_RCC_RNG_CONFIG(PeriphClkInit->RngClockSelection);
 8003b36:	f023 5380 	bic.w	r3, r3, #268435456	@ 0x10000000
  MODIFY_REG(RCC->CCIPR, RCC_CCIPR_RNGSEL, RNGxSource);
 8003b3a:	f04f 42b0 	mov.w	r2, #1476395008	@ 0x58000000
 8003b3e:	f8d2 1088 	ldr.w	r1, [r2, #136]	@ 0x88
 8003b42:	f021 4140 	bic.w	r1, r1, #3221225472	@ 0xc0000000
 8003b46:	f8c2 1088 	str.w	r1, [r2, #136]	@ 0x88
  MODIFY_REG(RCC->CCIPR, RCC_CCIPR_CLK48SEL, CLK48xSource);
 8003b4a:	f8d2 1088 	ldr.w	r1, [r2, #136]	@ 0x88
 8003b4e:	f021 6140 	bic.w	r1, r1, #201326592	@ 0xc000000
 8003b52:	430b      	orrs	r3, r1
 8003b54:	f8c2 3088 	str.w	r3, [r2, #136]	@ 0x88
}
 8003b58:	e757      	b.n	8003a0a <HAL_RCCEx_PeriphCLKConfig+0x18c>
      __HAL_RCC_PLLCLKOUT_ENABLE(RCC_PLL_RNGCLK);
 8003b5a:	f04f 42b0 	mov.w	r2, #1476395008	@ 0x58000000
 8003b5e:	68d3      	ldr	r3, [r2, #12]
 8003b60:	f043 7380 	orr.w	r3, r3, #16777216	@ 0x1000000
 8003b64:	60d3      	str	r3, [r2, #12]
 8003b66:	e755      	b.n	8003a14 <HAL_RCCEx_PeriphCLKConfig+0x196>
      __HAL_RCC_PLLCLKOUT_ENABLE(RCC_PLL_ADCCLK);
 8003b68:	68cb      	ldr	r3, [r1, #12]
 8003b6a:	f443 3380 	orr.w	r3, r3, #65536	@ 0x10000
 8003b6e:	60cb      	str	r3, [r1, #12]
 8003b70:	e763      	b.n	8003a3a <HAL_RCCEx_PeriphCLKConfig+0x1bc>
      ret = RCCEx_PLLSAI1_ConfigNR(&(PeriphClkInit->PLLSAI1));
 8003b72:	1d20      	adds	r0, r4, #4
 8003b74:	f7ff fe3c 	bl	80037f0 <RCCEx_PLLSAI1_ConfigNR>
      if (ret != HAL_OK)
 8003b78:	2800      	cmp	r0, #0
 8003b7a:	f43f af63 	beq.w	8003a44 <HAL_RCCEx_PeriphCLKConfig+0x1c6>
        status = ret;
 8003b7e:	4605      	mov	r5, r0
 8003b80:	e760      	b.n	8003a44 <HAL_RCCEx_PeriphCLKConfig+0x1c6>

08003b82 <HAL_RCCEx_EnableMSIPLLMode>:
  SET_BIT(RCC->CR, RCC_CR_MSIPLLEN);
 8003b82:	f04f 42b0 	mov.w	r2, #1476395008	@ 0x58000000
 8003b86:	6813      	ldr	r3, [r2, #0]
 8003b88:	f043 0304 	orr.w	r3, r3, #4
 8003b8c:	6013      	str	r3, [r2, #0]
}
 8003b8e:	4770      	bx	lr

08003b90 <SPI_WaitFlagStateUntilTimeout>:
  * @param  Tickstart tick start value
  * @retval HAL status
  */
static HAL_StatusTypeDef SPI_WaitFlagStateUntilTimeout(SPI_HandleTypeDef *hspi, uint32_t Flag, FlagStatus State,
                                                       uint32_t Timeout, uint32_t Tickstart)
{
 8003b90:	e92d 43f0 	stmdb	sp!, {r4, r5, r6, r7, r8, r9, lr}
 8003b94:	b083      	sub	sp, #12
 8003b96:	4604      	mov	r4, r0
 8003b98:	460f      	mov	r7, r1
 8003b9a:	4616      	mov	r6, r2
 8003b9c:	461d      	mov	r5, r3
  __IO uint32_t count;
  uint32_t tmp_timeout;
  uint32_t tmp_tickstart;

  /* Adjust Timeout value  in case of end of transfer */
  tmp_timeout   = Timeout - (HAL_GetTick() - Tickstart);
 8003b9e:	f7fd fce5 	bl	800156c <HAL_GetTick>
 8003ba2:	9b0a      	ldr	r3, [sp, #40]	@ 0x28
 8003ba4:	1a1b      	subs	r3, r3, r0
 8003ba6:	eb03 0805 	add.w	r8, r3, r5
  tmp_tickstart = HAL_GetTick();
 8003baa:	f7fd fcdf 	bl	800156c <HAL_GetTick>
 8003bae:	4681      	mov	r9, r0

  /* Calculate Timeout based on a software loop to avoid blocking issue if Systick is disabled */
  count = tmp_timeout * ((SystemCoreClock * 32U) >> 20U);
 8003bb0:	4b28      	ldr	r3, [pc, #160]	@ (8003c54 <SPI_WaitFlagStateUntilTimeout+0xc4>)
 8003bb2:	681b      	ldr	r3, [r3, #0]
 8003bb4:	f3c3 33cb 	ubfx	r3, r3, #15, #12
 8003bb8:	fb08 f303 	mul.w	r3, r8, r3
 8003bbc:	9301      	str	r3, [sp, #4]

  while ((__HAL_SPI_GET_FLAG(hspi, Flag) ? SET : RESET) != State)
 8003bbe:	6823      	ldr	r3, [r4, #0]
 8003bc0:	689b      	ldr	r3, [r3, #8]
 8003bc2:	ea37 0303 	bics.w	r3, r7, r3
 8003bc6:	bf0c      	ite	eq
 8003bc8:	2301      	moveq	r3, #1
 8003bca:	2300      	movne	r3, #0
 8003bcc:	42b3      	cmp	r3, r6
 8003bce:	d03d      	beq.n	8003c4c <SPI_WaitFlagStateUntilTimeout+0xbc>
  {
    if (Timeout != HAL_MAX_DELAY)
 8003bd0:	f1b5 3fff 	cmp.w	r5, #4294967295	@ 0xffffffff
 8003bd4:	d0f3      	beq.n	8003bbe <SPI_WaitFlagStateUntilTimeout+0x2e>
    {
      if (((HAL_GetTick() - tmp_tickstart) >= tmp_timeout) || (tmp_timeout == 0U))
 8003bd6:	f7fd fcc9 	bl	800156c <HAL_GetTick>
 8003bda:	464b      	mov	r3, r9
 8003bdc:	1ac0      	subs	r0, r0, r3
 8003bde:	4540      	cmp	r0, r8
 8003be0:	d203      	bcs.n	8003bea <SPI_WaitFlagStateUntilTimeout+0x5a>
        __HAL_UNLOCK(hspi);

        return HAL_TIMEOUT;
      }
      /* If Systick is disabled or not incremented, deactivate timeout to go in disable loop procedure */
      if (count == 0U)
 8003be2:	9b01      	ldr	r3, [sp, #4]
 8003be4:	bb73      	cbnz	r3, 8003c44 <SPI_WaitFlagStateUntilTimeout+0xb4>
      {
        tmp_timeout = 0U;
 8003be6:	4698      	mov	r8, r3
 8003be8:	e7e9      	b.n	8003bbe <SPI_WaitFlagStateUntilTimeout+0x2e>
        __HAL_SPI_DISABLE_IT(hspi, (SPI_IT_TXE | SPI_IT_RXNE | SPI_IT_ERR));
 8003bea:	6822      	ldr	r2, [r4, #0]
 8003bec:	6853      	ldr	r3, [r2, #4]
 8003bee:	f023 03e0 	bic.w	r3, r3, #224	@ 0xe0
 8003bf2:	6053      	str	r3, [r2, #4]
        if ((hspi->Init.Mode == SPI_MODE_MASTER) && ((hspi->Init.Direction == SPI_DIRECTION_1LINE)
 8003bf4:	6863      	ldr	r3, [r4, #4]
 8003bf6:	f5b3 7f82 	cmp.w	r3, #260	@ 0x104
 8003bfa:	d00b      	beq.n	8003c14 <SPI_WaitFlagStateUntilTimeout+0x84>
        if (hspi->Init.CRCCalculation == SPI_CRCCALCULATION_ENABLE)
 8003bfc:	6aa3      	ldr	r3, [r4, #40]	@ 0x28
 8003bfe:	f5b3 5f00 	cmp.w	r3, #8192	@ 0x2000
 8003c02:	d014      	beq.n	8003c2e <SPI_WaitFlagStateUntilTimeout+0x9e>
        hspi->State = HAL_SPI_STATE_READY;
 8003c04:	2301      	movs	r3, #1
 8003c06:	f884 305d 	strb.w	r3, [r4, #93]	@ 0x5d
        __HAL_UNLOCK(hspi);
 8003c0a:	2300      	movs	r3, #0
 8003c0c:	f884 305c 	strb.w	r3, [r4, #92]	@ 0x5c
        return HAL_TIMEOUT;
 8003c10:	2003      	movs	r0, #3
 8003c12:	e01c      	b.n	8003c4e <SPI_WaitFlagStateUntilTimeout+0xbe>
        if ((hspi->Init.Mode == SPI_MODE_MASTER) && ((hspi->Init.Direction == SPI_DIRECTION_1LINE)
 8003c14:	68a3      	ldr	r3, [r4, #8]
 8003c16:	f5b3 4f00 	cmp.w	r3, #32768	@ 0x8000
 8003c1a:	d002      	beq.n	8003c22 <SPI_WaitFlagStateUntilTimeout+0x92>
                                                     || (hspi->Init.Direction == SPI_DIRECTION_2LINES_RXONLY)))
 8003c1c:	f5b3 6f80 	cmp.w	r3, #1024	@ 0x400
 8003c20:	d1ec      	bne.n	8003bfc <SPI_WaitFlagStateUntilTimeout+0x6c>
          __HAL_SPI_DISABLE(hspi);
 8003c22:	6822      	ldr	r2, [r4, #0]
 8003c24:	6813      	ldr	r3, [r2, #0]
 8003c26:	f023 0340 	bic.w	r3, r3, #64	@ 0x40
 8003c2a:	6013      	str	r3, [r2, #0]
 8003c2c:	e7e6      	b.n	8003bfc <SPI_WaitFlagStateUntilTimeout+0x6c>
          SPI_RESET_CRC(hspi);
 8003c2e:	6822      	ldr	r2, [r4, #0]
 8003c30:	6813      	ldr	r3, [r2, #0]
 8003c32:	f423 5300 	bic.w	r3, r3, #8192	@ 0x2000
 8003c36:	6013      	str	r3, [r2, #0]
 8003c38:	6822      	ldr	r2, [r4, #0]
 8003c3a:	6813      	ldr	r3, [r2, #0]
 8003c3c:	f443 5300 	orr.w	r3, r3, #8192	@ 0x2000
 8003c40:	6013      	str	r3, [r2, #0]
 8003c42:	e7df      	b.n	8003c04 <SPI_WaitFlagStateUntilTimeout+0x74>
      }
      else
      {
        count--;
 8003c44:	9b01      	ldr	r3, [sp, #4]
 8003c46:	3b01      	subs	r3, #1
 8003c48:	9301      	str	r3, [sp, #4]
 8003c4a:	e7b8      	b.n	8003bbe <SPI_WaitFlagStateUntilTimeout+0x2e>
      }
    }
  }

  return HAL_OK;
 8003c4c:	2000      	movs	r0, #0
}
 8003c4e:	b003      	add	sp, #12
 8003c50:	e8bd 83f0 	ldmia.w	sp!, {r4, r5, r6, r7, r8, r9, pc}
 8003c54:	20000010 	.word	0x20000010

08003c58 <SPI_WaitFifoStateUntilTimeout>:
  * @param  Tickstart tick start value
  * @retval HAL status
  */
static HAL_StatusTypeDef SPI_WaitFifoStateUntilTimeout(SPI_HandleTypeDef *hspi, uint32_t Fifo, uint32_t State,
                                                       uint32_t Timeout, uint32_t Tickstart)
{
 8003c58:	e92d 47f0 	stmdb	sp!, {r4, r5, r6, r7, r8, r9, sl, lr}
 8003c5c:	b082      	sub	sp, #8
 8003c5e:	4606      	mov	r6, r0
 8003c60:	460c      	mov	r4, r1
 8003c62:	4615      	mov	r5, r2
 8003c64:	461f      	mov	r7, r3
  __IO uint32_t count;
  uint32_t tmp_timeout;
  uint32_t tmp_tickstart;
  __IO const uint8_t  *ptmpreg8;
  __IO uint8_t  tmpreg8 = 0;
 8003c66:	2300      	movs	r3, #0
 8003c68:	f88d 3003 	strb.w	r3, [sp, #3]

  /* Adjust Timeout value  in case of end of transfer */
  tmp_timeout = Timeout - (HAL_GetTick() - Tickstart);
 8003c6c:	f7fd fc7e 	bl	800156c <HAL_GetTick>
 8003c70:	9b0a      	ldr	r3, [sp, #40]	@ 0x28
 8003c72:	1a1b      	subs	r3, r3, r0
 8003c74:	eb03 0807 	add.w	r8, r3, r7
  tmp_tickstart = HAL_GetTick();
 8003c78:	f7fd fc78 	bl	800156c <HAL_GetTick>
 8003c7c:	4682      	mov	sl, r0

  /* Initialize the 8bit temporary pointer */
  ptmpreg8 = (__IO uint8_t *)&hspi->Instance->DR;
 8003c7e:	f8d6 9000 	ldr.w	r9, [r6]

  /* Calculate Timeout based on a software loop to avoid blocking issue if Systick is disabled */
  count = tmp_timeout * ((SystemCoreClock * 35U) >> 20U);
 8003c82:	4b30      	ldr	r3, [pc, #192]	@ (8003d44 <SPI_WaitFifoStateUntilTimeout+0xec>)
 8003c84:	681b      	ldr	r3, [r3, #0]
 8003c86:	eb03 0383 	add.w	r3, r3, r3, lsl #2
 8003c8a:	ebc3 03c3 	rsb	r3, r3, r3, lsl #3
 8003c8e:	0d1b      	lsrs	r3, r3, #20
 8003c90:	fb08 f303 	mul.w	r3, r8, r3
 8003c94:	9301      	str	r3, [sp, #4]

  while ((hspi->Instance->SR & Fifo) != State)
 8003c96:	e002      	b.n	8003c9e <SPI_WaitFifoStateUntilTimeout+0x46>
      tmpreg8 = *ptmpreg8;
      /* To avoid GCC warning */
      UNUSED(tmpreg8);
    }

    if (Timeout != HAL_MAX_DELAY)
 8003c98:	f1b7 3fff 	cmp.w	r7, #4294967295	@ 0xffffffff
 8003c9c:	d112      	bne.n	8003cc4 <SPI_WaitFifoStateUntilTimeout+0x6c>
  while ((hspi->Instance->SR & Fifo) != State)
 8003c9e:	6833      	ldr	r3, [r6, #0]
 8003ca0:	689b      	ldr	r3, [r3, #8]
 8003ca2:	ea03 0c04 	and.w	ip, r3, r4
 8003ca6:	45ac      	cmp	ip, r5
 8003ca8:	d047      	beq.n	8003d3a <SPI_WaitFifoStateUntilTimeout+0xe2>
    if ((Fifo == SPI_SR_FRLVL) && (State == SPI_FRLVL_EMPTY))
 8003caa:	f5b4 6fc0 	cmp.w	r4, #1536	@ 0x600
 8003cae:	d1f3      	bne.n	8003c98 <SPI_WaitFifoStateUntilTimeout+0x40>
 8003cb0:	2d00      	cmp	r5, #0
 8003cb2:	d1f1      	bne.n	8003c98 <SPI_WaitFifoStateUntilTimeout+0x40>
      tmpreg8 = *ptmpreg8;
 8003cb4:	f899 300c 	ldrb.w	r3, [r9, #12]
 8003cb8:	b2db      	uxtb	r3, r3
 8003cba:	f88d 3003 	strb.w	r3, [sp, #3]
      UNUSED(tmpreg8);
 8003cbe:	f89d 3003 	ldrb.w	r3, [sp, #3]
 8003cc2:	e7e9      	b.n	8003c98 <SPI_WaitFifoStateUntilTimeout+0x40>
    {
      if (((HAL_GetTick() - tmp_tickstart) >= tmp_timeout) || (tmp_timeout == 0U))
 8003cc4:	f7fd fc52 	bl	800156c <HAL_GetTick>
 8003cc8:	4653      	mov	r3, sl
 8003cca:	1ac0      	subs	r0, r0, r3
 8003ccc:	4540      	cmp	r0, r8
 8003cce:	d203      	bcs.n	8003cd8 <SPI_WaitFifoStateUntilTimeout+0x80>
        __HAL_UNLOCK(hspi);

        return HAL_TIMEOUT;
      }
      /* If Systick is disabled or not incremented, deactivate timeout to go in disable loop procedure */
      if (count == 0U)
 8003cd0:	9b01      	ldr	r3, [sp, #4]
 8003cd2:	bb73      	cbnz	r3, 8003d32 <SPI_WaitFifoStateUntilTimeout+0xda>
      {
        tmp_timeout = 0U;
 8003cd4:	4698      	mov	r8, r3
 8003cd6:	e7e2      	b.n	8003c9e <SPI_WaitFifoStateUntilTimeout+0x46>
        __HAL_SPI_DISABLE_IT(hspi, (SPI_IT_TXE | SPI_IT_RXNE | SPI_IT_ERR));
 8003cd8:	6832      	ldr	r2, [r6, #0]
 8003cda:	6853      	ldr	r3, [r2, #4]
 8003cdc:	f023 03e0 	bic.w	r3, r3, #224	@ 0xe0
 8003ce0:	6053      	str	r3, [r2, #4]
        if ((hspi->Init.Mode == SPI_MODE_MASTER) && ((hspi->Init.Direction == SPI_DIRECTION_1LINE)
 8003ce2:	6873      	ldr	r3, [r6, #4]
 8003ce4:	f5b3 7f82 	cmp.w	r3, #260	@ 0x104
 8003ce8:	d00b      	beq.n	8003d02 <SPI_WaitFifoStateUntilTimeout+0xaa>
        if (hspi->Init.CRCCalculation == SPI_CRCCALCULATION_ENABLE)
 8003cea:	6ab3      	ldr	r3, [r6, #40]	@ 0x28
 8003cec:	f5b3 5f00 	cmp.w	r3, #8192	@ 0x2000
 8003cf0:	d014      	beq.n	8003d1c <SPI_WaitFifoStateUntilTimeout+0xc4>
        hspi->State = HAL_SPI_STATE_READY;
 8003cf2:	2301      	movs	r3, #1
 8003cf4:	f886 305d 	strb.w	r3, [r6, #93]	@ 0x5d
        __HAL_UNLOCK(hspi);
 8003cf8:	2300      	movs	r3, #0
 8003cfa:	f886 305c 	strb.w	r3, [r6, #92]	@ 0x5c
        return HAL_TIMEOUT;
 8003cfe:	2003      	movs	r0, #3
 8003d00:	e01c      	b.n	8003d3c <SPI_WaitFifoStateUntilTimeout+0xe4>
        if ((hspi->Init.Mode == SPI_MODE_MASTER) && ((hspi->Init.Direction == SPI_DIRECTION_1LINE)
 8003d02:	68b3      	ldr	r3, [r6, #8]
 8003d04:	f5b3 4f00 	cmp.w	r3, #32768	@ 0x8000
 8003d08:	d002      	beq.n	8003d10 <SPI_WaitFifoStateUntilTimeout+0xb8>
                                                     || (hspi->Init.Direction == SPI_DIRECTION_2LINES_RXONLY)))
 8003d0a:	f5b3 6f80 	cmp.w	r3, #1024	@ 0x400
 8003d0e:	d1ec      	bne.n	8003cea <SPI_WaitFifoStateUntilTimeout+0x92>
          __HAL_SPI_DISABLE(hspi);
 8003d10:	6832      	ldr	r2, [r6, #0]
 8003d12:	6813      	ldr	r3, [r2, #0]
 8003d14:	f023 0340 	bic.w	r3, r3, #64	@ 0x40
 8003d18:	6013      	str	r3, [r2, #0]
 8003d1a:	e7e6      	b.n	8003cea <SPI_WaitFifoStateUntilTimeout+0x92>
          SPI_RESET_CRC(hspi);
 8003d1c:	6832      	ldr	r2, [r6, #0]
 8003d1e:	6813      	ldr	r3, [r2, #0]
 8003d20:	f423 5300 	bic.w	r3, r3, #8192	@ 0x2000
 8003d24:	6013      	str	r3, [r2, #0]
 8003d26:	6832      	ldr	r2, [r6, #0]
 8003d28:	6813      	ldr	r3, [r2, #0]
 8003d2a:	f443 5300 	orr.w	r3, r3, #8192	@ 0x2000
 8003d2e:	6013      	str	r3, [r2, #0]
 8003d30:	e7df      	b.n	8003cf2 <SPI_WaitFifoStateUntilTimeout+0x9a>
      }
      else
      {
        count--;
 8003d32:	9b01      	ldr	r3, [sp, #4]
 8003d34:	3b01      	subs	r3, #1
 8003d36:	9301      	str	r3, [sp, #4]
 8003d38:	e7b1      	b.n	8003c9e <SPI_WaitFifoStateUntilTimeout+0x46>
      }
    }
  }

  return HAL_OK;
 8003d3a:	2000      	movs	r0, #0
}
 8003d3c:	b002      	add	sp, #8
 8003d3e:	e8bd 87f0 	ldmia.w	sp!, {r4, r5, r6, r7, r8, r9, sl, pc}
 8003d42:	bf00      	nop
 8003d44:	20000010 	.word	0x20000010

08003d48 <SPI_EndRxTxTransaction>:
  * @param  Timeout Timeout duration
  * @param  Tickstart tick start value
  * @retval HAL status
  */
static HAL_StatusTypeDef SPI_EndRxTxTransaction(SPI_HandleTypeDef *hspi, uint32_t Timeout, uint32_t Tickstart)
{
 8003d48:	b570      	push	{r4, r5, r6, lr}
 8003d4a:	b082      	sub	sp, #8
 8003d4c:	4604      	mov	r4, r0
 8003d4e:	460b      	mov	r3, r1
 8003d50:	460e      	mov	r6, r1
 8003d52:	4615      	mov	r5, r2
  /* Control if the TX fifo is empty */
  if (SPI_WaitFifoStateUntilTimeout(hspi, SPI_FLAG_FTLVL, SPI_FTLVL_EMPTY, Timeout, Tickstart) != HAL_OK)
 8003d54:	9200      	str	r2, [sp, #0]
 8003d56:	2200      	movs	r2, #0
 8003d58:	f44f 51c0 	mov.w	r1, #6144	@ 0x1800
 8003d5c:	f7ff ff7c 	bl	8003c58 <SPI_WaitFifoStateUntilTimeout>
 8003d60:	b9b0      	cbnz	r0, 8003d90 <SPI_EndRxTxTransaction+0x48>
    SET_BIT(hspi->ErrorCode, HAL_SPI_ERROR_FLAG);
    return HAL_TIMEOUT;
  }

  /* Control the BSY flag */
  if (SPI_WaitFlagStateUntilTimeout(hspi, SPI_FLAG_BSY, RESET, Timeout, Tickstart) != HAL_OK)
 8003d62:	9500      	str	r5, [sp, #0]
 8003d64:	4633      	mov	r3, r6
 8003d66:	4602      	mov	r2, r0
 8003d68:	2180      	movs	r1, #128	@ 0x80
 8003d6a:	4620      	mov	r0, r4
 8003d6c:	f7ff ff10 	bl	8003b90 <SPI_WaitFlagStateUntilTimeout>
 8003d70:	b9a8      	cbnz	r0, 8003d9e <SPI_EndRxTxTransaction+0x56>
    SET_BIT(hspi->ErrorCode, HAL_SPI_ERROR_FLAG);
    return HAL_TIMEOUT;
  }

  /* Control if the RX fifo is empty */
  if (SPI_WaitFifoStateUntilTimeout(hspi, SPI_FLAG_FRLVL, SPI_FRLVL_EMPTY, Timeout, Tickstart) != HAL_OK)
 8003d72:	9500      	str	r5, [sp, #0]
 8003d74:	4633      	mov	r3, r6
 8003d76:	4602      	mov	r2, r0
 8003d78:	f44f 61c0 	mov.w	r1, #1536	@ 0x600
 8003d7c:	4620      	mov	r0, r4
 8003d7e:	f7ff ff6b 	bl	8003c58 <SPI_WaitFifoStateUntilTimeout>
 8003d82:	b150      	cbz	r0, 8003d9a <SPI_EndRxTxTransaction+0x52>
  {
    SET_BIT(hspi->ErrorCode, HAL_SPI_ERROR_FLAG);
 8003d84:	6e23      	ldr	r3, [r4, #96]	@ 0x60
 8003d86:	f043 0320 	orr.w	r3, r3, #32
 8003d8a:	6623      	str	r3, [r4, #96]	@ 0x60
    return HAL_TIMEOUT;
 8003d8c:	2003      	movs	r0, #3
 8003d8e:	e004      	b.n	8003d9a <SPI_EndRxTxTransaction+0x52>
    SET_BIT(hspi->ErrorCode, HAL_SPI_ERROR_FLAG);
 8003d90:	6e23      	ldr	r3, [r4, #96]	@ 0x60
 8003d92:	f043 0320 	orr.w	r3, r3, #32
 8003d96:	6623      	str	r3, [r4, #96]	@ 0x60
    return HAL_TIMEOUT;
 8003d98:	2003      	movs	r0, #3
  }

  return HAL_OK;
}
 8003d9a:	b002      	add	sp, #8
 8003d9c:	bd70      	pop	{r4, r5, r6, pc}
    SET_BIT(hspi->ErrorCode, HAL_SPI_ERROR_FLAG);
 8003d9e:	6e23      	ldr	r3, [r4, #96]	@ 0x60
 8003da0:	f043 0320 	orr.w	r3, r3, #32
 8003da4:	6623      	str	r3, [r4, #96]	@ 0x60
    return HAL_TIMEOUT;
 8003da6:	2003      	movs	r0, #3
 8003da8:	e7f7      	b.n	8003d9a <SPI_EndRxTxTransaction+0x52>

08003daa <HAL_SPI_Init>:
  if (hspi == NULL)
 8003daa:	2800      	cmp	r0, #0
 8003dac:	d06a      	beq.n	8003e84 <HAL_SPI_Init+0xda>
{
 8003dae:	b510      	push	{r4, lr}
 8003db0:	4604      	mov	r4, r0
  if (hspi->Init.TIMode == SPI_TIMODE_DISABLE)
 8003db2:	6a43      	ldr	r3, [r0, #36]	@ 0x24
 8003db4:	b933      	cbnz	r3, 8003dc4 <HAL_SPI_Init+0x1a>
    if (hspi->Init.Mode == SPI_MODE_MASTER)
 8003db6:	6843      	ldr	r3, [r0, #4]
 8003db8:	f5b3 7f82 	cmp.w	r3, #260	@ 0x104
 8003dbc:	d005      	beq.n	8003dca <HAL_SPI_Init+0x20>
      hspi->Init.BaudRatePrescaler = SPI_BAUDRATEPRESCALER_2;
 8003dbe:	2300      	movs	r3, #0
 8003dc0:	61c3      	str	r3, [r0, #28]
 8003dc2:	e002      	b.n	8003dca <HAL_SPI_Init+0x20>
    hspi->Init.CLKPolarity = SPI_POLARITY_LOW;
 8003dc4:	2300      	movs	r3, #0
 8003dc6:	6103      	str	r3, [r0, #16]
    hspi->Init.CLKPhase    = SPI_PHASE_1EDGE;
 8003dc8:	6143      	str	r3, [r0, #20]
  hspi->Init.CRCCalculation = SPI_CRCCALCULATION_DISABLE;
 8003dca:	2300      	movs	r3, #0
 8003dcc:	62a3      	str	r3, [r4, #40]	@ 0x28
  if (hspi->State == HAL_SPI_STATE_RESET)
 8003dce:	f894 305d 	ldrb.w	r3, [r4, #93]	@ 0x5d
 8003dd2:	2b00      	cmp	r3, #0
 8003dd4:	d04d      	beq.n	8003e72 <HAL_SPI_Init+0xc8>
  hspi->State = HAL_SPI_STATE_BUSY;
 8003dd6:	2302      	movs	r3, #2
 8003dd8:	f884 305d 	strb.w	r3, [r4, #93]	@ 0x5d
  __HAL_SPI_DISABLE(hspi);
 8003ddc:	6822      	ldr	r2, [r4, #0]
 8003dde:	6813      	ldr	r3, [r2, #0]
 8003de0:	f023 0340 	bic.w	r3, r3, #64	@ 0x40
 8003de4:	6013      	str	r3, [r2, #0]
  if (hspi->Init.DataSize > SPI_DATASIZE_8BIT)
 8003de6:	68e3      	ldr	r3, [r4, #12]
 8003de8:	f5b3 6fe0 	cmp.w	r3, #1792	@ 0x700
 8003dec:	d947      	bls.n	8003e7e <HAL_SPI_Init+0xd4>
    frxth = SPI_RXFIFO_THRESHOLD_HF;
 8003dee:	2200      	movs	r2, #0
  if ((hspi->Init.DataSize != SPI_DATASIZE_16BIT) && (hspi->Init.DataSize != SPI_DATASIZE_8BIT))
 8003df0:	f5b3 6f70 	cmp.w	r3, #3840	@ 0xf00
 8003df4:	d004      	beq.n	8003e00 <HAL_SPI_Init+0x56>
 8003df6:	f5b3 6fe0 	cmp.w	r3, #1792	@ 0x700
 8003dfa:	d001      	beq.n	8003e00 <HAL_SPI_Init+0x56>
    hspi->Init.CRCCalculation = SPI_CRCCALCULATION_DISABLE;
 8003dfc:	2300      	movs	r3, #0
 8003dfe:	62a3      	str	r3, [r4, #40]	@ 0x28
  WRITE_REG(hspi->Instance->CR1, ((hspi->Init.Mode & (SPI_CR1_MSTR | SPI_CR1_SSI)) |
 8003e00:	6863      	ldr	r3, [r4, #4]
 8003e02:	f403 7382 	and.w	r3, r3, #260	@ 0x104
 8003e06:	68a1      	ldr	r1, [r4, #8]
 8003e08:	f401 4104 	and.w	r1, r1, #33792	@ 0x8400
 8003e0c:	430b      	orrs	r3, r1
 8003e0e:	6921      	ldr	r1, [r4, #16]
 8003e10:	f001 0102 	and.w	r1, r1, #2
 8003e14:	430b      	orrs	r3, r1
 8003e16:	6961      	ldr	r1, [r4, #20]
 8003e18:	f001 0101 	and.w	r1, r1, #1
 8003e1c:	430b      	orrs	r3, r1
 8003e1e:	69a1      	ldr	r1, [r4, #24]
 8003e20:	f401 7100 	and.w	r1, r1, #512	@ 0x200
 8003e24:	430b      	orrs	r3, r1
 8003e26:	69e1      	ldr	r1, [r4, #28]
 8003e28:	f001 0138 	and.w	r1, r1, #56	@ 0x38
 8003e2c:	430b      	orrs	r3, r1
 8003e2e:	6a21      	ldr	r1, [r4, #32]
 8003e30:	f001 0180 	and.w	r1, r1, #128	@ 0x80
 8003e34:	430b      	orrs	r3, r1
 8003e36:	6aa1      	ldr	r1, [r4, #40]	@ 0x28
 8003e38:	f401 5100 	and.w	r1, r1, #8192	@ 0x2000
 8003e3c:	6820      	ldr	r0, [r4, #0]
 8003e3e:	430b      	orrs	r3, r1
 8003e40:	6003      	str	r3, [r0, #0]
  WRITE_REG(hspi->Instance->CR2, (((hspi->Init.NSS >> 16U) & SPI_CR2_SSOE) |
 8003e42:	8b63      	ldrh	r3, [r4, #26]
 8003e44:	f003 0304 	and.w	r3, r3, #4
 8003e48:	6a61      	ldr	r1, [r4, #36]	@ 0x24
 8003e4a:	f001 0110 	and.w	r1, r1, #16
 8003e4e:	430b      	orrs	r3, r1
 8003e50:	6b61      	ldr	r1, [r4, #52]	@ 0x34
 8003e52:	f001 0108 	and.w	r1, r1, #8
 8003e56:	430b      	orrs	r3, r1
 8003e58:	68e1      	ldr	r1, [r4, #12]
 8003e5a:	f401 6170 	and.w	r1, r1, #3840	@ 0xf00
 8003e5e:	430b      	orrs	r3, r1
 8003e60:	6821      	ldr	r1, [r4, #0]
 8003e62:	4313      	orrs	r3, r2
 8003e64:	604b      	str	r3, [r1, #4]
  hspi->ErrorCode = HAL_SPI_ERROR_NONE;
 8003e66:	2000      	movs	r0, #0
 8003e68:	6620      	str	r0, [r4, #96]	@ 0x60
  hspi->State     = HAL_SPI_STATE_READY;
 8003e6a:	2301      	movs	r3, #1
 8003e6c:	f884 305d 	strb.w	r3, [r4, #93]	@ 0x5d
}
 8003e70:	bd10      	pop	{r4, pc}
    hspi->Lock = HAL_UNLOCKED;
 8003e72:	f884 305c 	strb.w	r3, [r4, #92]	@ 0x5c
    HAL_SPI_MspInit(hspi);
 8003e76:	4620      	mov	r0, r4
 8003e78:	f7fd fe06 	bl	8001a88 <HAL_SPI_MspInit>
 8003e7c:	e7ab      	b.n	8003dd6 <HAL_SPI_Init+0x2c>
    frxth = SPI_RXFIFO_THRESHOLD_QF;
 8003e7e:	f44f 5280 	mov.w	r2, #4096	@ 0x1000
 8003e82:	e7b5      	b.n	8003df0 <HAL_SPI_Init+0x46>
    return HAL_ERROR;
 8003e84:	2001      	movs	r0, #1
}
 8003e86:	4770      	bx	lr

08003e88 <HAL_SPI_Transmit>:
{
 8003e88:	e92d 43f0 	stmdb	sp!, {r4, r5, r6, r7, r8, r9, lr}
 8003e8c:	b083      	sub	sp, #12
 8003e8e:	4604      	mov	r4, r0
 8003e90:	4689      	mov	r9, r1
 8003e92:	4690      	mov	r8, r2
 8003e94:	461d      	mov	r5, r3
  tickstart = HAL_GetTick();
 8003e96:	f7fd fb69 	bl	800156c <HAL_GetTick>
  if (hspi->State != HAL_SPI_STATE_READY)
 8003e9a:	f894 305d 	ldrb.w	r3, [r4, #93]	@ 0x5d
 8003e9e:	2b01      	cmp	r3, #1
 8003ea0:	f040 80f0 	bne.w	8004084 <HAL_SPI_Transmit+0x1fc>
 8003ea4:	4606      	mov	r6, r0
 8003ea6:	b2df      	uxtb	r7, r3
  if ((pData == NULL) || (Size == 0U))
 8003ea8:	4649      	mov	r1, r9
 8003eaa:	2900      	cmp	r1, #0
 8003eac:	f000 80eb 	beq.w	8004086 <HAL_SPI_Transmit+0x1fe>
 8003eb0:	4642      	mov	r2, r8
 8003eb2:	2a00      	cmp	r2, #0
 8003eb4:	f000 80e7 	beq.w	8004086 <HAL_SPI_Transmit+0x1fe>
  __HAL_LOCK(hspi);
 8003eb8:	f894 305c 	ldrb.w	r3, [r4, #92]	@ 0x5c
 8003ebc:	2b01      	cmp	r3, #1
 8003ebe:	f000 80e6 	beq.w	800408e <HAL_SPI_Transmit+0x206>
 8003ec2:	2301      	movs	r3, #1
 8003ec4:	f884 305c 	strb.w	r3, [r4, #92]	@ 0x5c
  hspi->State       = HAL_SPI_STATE_BUSY_TX;
 8003ec8:	2303      	movs	r3, #3
 8003eca:	f884 305d 	strb.w	r3, [r4, #93]	@ 0x5d
  hspi->ErrorCode   = HAL_SPI_ERROR_NONE;
 8003ece:	2300      	movs	r3, #0
 8003ed0:	6623      	str	r3, [r4, #96]	@ 0x60
  hspi->pTxBuffPtr  = (const uint8_t *)pData;
 8003ed2:	f8c4 9038 	str.w	r9, [r4, #56]	@ 0x38
  hspi->TxXferSize  = Size;
 8003ed6:	f8a4 803c 	strh.w	r8, [r4, #60]	@ 0x3c
  hspi->TxXferCount = Size;
 8003eda:	f8a4 803e 	strh.w	r8, [r4, #62]	@ 0x3e
  hspi->pRxBuffPtr  = (uint8_t *)NULL;
 8003ede:	6423      	str	r3, [r4, #64]	@ 0x40
  hspi->RxXferSize  = 0U;
 8003ee0:	f8a4 3044 	strh.w	r3, [r4, #68]	@ 0x44
  hspi->RxXferCount = 0U;
 8003ee4:	f8a4 3046 	strh.w	r3, [r4, #70]	@ 0x46
  hspi->TxISR       = NULL;
 8003ee8:	6523      	str	r3, [r4, #80]	@ 0x50
  hspi->RxISR       = NULL;
 8003eea:	64e3      	str	r3, [r4, #76]	@ 0x4c
  if (hspi->Init.Direction == SPI_DIRECTION_1LINE)
 8003eec:	68a3      	ldr	r3, [r4, #8]
 8003eee:	f5b3 4f00 	cmp.w	r3, #32768	@ 0x8000
 8003ef2:	d01e      	beq.n	8003f32 <HAL_SPI_Transmit+0xaa>
  if ((hspi->Instance->CR1 & SPI_CR1_SPE) != SPI_CR1_SPE)
 8003ef4:	6823      	ldr	r3, [r4, #0]
 8003ef6:	681a      	ldr	r2, [r3, #0]
 8003ef8:	f012 0f40 	tst.w	r2, #64	@ 0x40
 8003efc:	d103      	bne.n	8003f06 <HAL_SPI_Transmit+0x7e>
    __HAL_SPI_ENABLE(hspi);
 8003efe:	681a      	ldr	r2, [r3, #0]
 8003f00:	f042 0240 	orr.w	r2, r2, #64	@ 0x40
 8003f04:	601a      	str	r2, [r3, #0]
  if (hspi->Init.DataSize > SPI_DATASIZE_8BIT)
 8003f06:	68e3      	ldr	r3, [r4, #12]
 8003f08:	f5b3 6fe0 	cmp.w	r3, #1792	@ 0x700
 8003f0c:	d947      	bls.n	8003f9e <HAL_SPI_Transmit+0x116>
    if ((hspi->Init.Mode == SPI_MODE_SLAVE) || (initial_TxXferCount == 0x01U))
 8003f0e:	6863      	ldr	r3, [r4, #4]
 8003f10:	b113      	cbz	r3, 8003f18 <HAL_SPI_Transmit+0x90>
 8003f12:	4643      	mov	r3, r8
 8003f14:	2b01      	cmp	r3, #1
 8003f16:	d120      	bne.n	8003f5a <HAL_SPI_Transmit+0xd2>
      hspi->Instance->DR = *((const uint16_t *)hspi->pTxBuffPtr);
 8003f18:	6ba2      	ldr	r2, [r4, #56]	@ 0x38
 8003f1a:	6823      	ldr	r3, [r4, #0]
 8003f1c:	8812      	ldrh	r2, [r2, #0]
 8003f1e:	60da      	str	r2, [r3, #12]
      hspi->pTxBuffPtr += sizeof(uint16_t);
 8003f20:	6ba3      	ldr	r3, [r4, #56]	@ 0x38
 8003f22:	3302      	adds	r3, #2
 8003f24:	63a3      	str	r3, [r4, #56]	@ 0x38
      hspi->TxXferCount--;
 8003f26:	8fe3      	ldrh	r3, [r4, #62]	@ 0x3e
 8003f28:	b29b      	uxth	r3, r3
 8003f2a:	3b01      	subs	r3, #1
 8003f2c:	b29b      	uxth	r3, r3
 8003f2e:	87e3      	strh	r3, [r4, #62]	@ 0x3e
 8003f30:	e013      	b.n	8003f5a <HAL_SPI_Transmit+0xd2>
    __HAL_SPI_DISABLE(hspi);
 8003f32:	6822      	ldr	r2, [r4, #0]
 8003f34:	6813      	ldr	r3, [r2, #0]
 8003f36:	f023 0340 	bic.w	r3, r3, #64	@ 0x40
 8003f3a:	6013      	str	r3, [r2, #0]
    SPI_1LINE_TX(hspi);
 8003f3c:	6822      	ldr	r2, [r4, #0]
 8003f3e:	6813      	ldr	r3, [r2, #0]
 8003f40:	f443 4380 	orr.w	r3, r3, #16384	@ 0x4000
 8003f44:	6013      	str	r3, [r2, #0]
 8003f46:	e7d5      	b.n	8003ef4 <HAL_SPI_Transmit+0x6c>
        if ((((HAL_GetTick() - tickstart) >=  Timeout) && (Timeout != HAL_MAX_DELAY)) || (Timeout == 0U))
 8003f48:	f7fd fb10 	bl	800156c <HAL_GetTick>
 8003f4c:	1b80      	subs	r0, r0, r6
 8003f4e:	42a8      	cmp	r0, r5
 8003f50:	d302      	bcc.n	8003f58 <HAL_SPI_Transmit+0xd0>
 8003f52:	f1b5 3fff 	cmp.w	r5, #4294967295	@ 0xffffffff
 8003f56:	d11a      	bne.n	8003f8e <HAL_SPI_Transmit+0x106>
 8003f58:	b1cd      	cbz	r5, 8003f8e <HAL_SPI_Transmit+0x106>
    while (hspi->TxXferCount > 0U)
 8003f5a:	8fe3      	ldrh	r3, [r4, #62]	@ 0x3e
 8003f5c:	b29b      	uxth	r3, r3
 8003f5e:	2b00      	cmp	r3, #0
 8003f60:	d075      	beq.n	800404e <HAL_SPI_Transmit+0x1c6>
      if (__HAL_SPI_GET_FLAG(hspi, SPI_FLAG_TXE))
 8003f62:	6823      	ldr	r3, [r4, #0]
 8003f64:	689a      	ldr	r2, [r3, #8]
 8003f66:	f012 0f02 	tst.w	r2, #2
 8003f6a:	d0ed      	beq.n	8003f48 <HAL_SPI_Transmit+0xc0>
        hspi->Instance->DR = *((const uint16_t *)hspi->pTxBuffPtr);
 8003f6c:	6ba2      	ldr	r2, [r4, #56]	@ 0x38
 8003f6e:	8812      	ldrh	r2, [r2, #0]
 8003f70:	60da      	str	r2, [r3, #12]
        hspi->pTxBuffPtr += sizeof(uint16_t);
 8003f72:	6ba3      	ldr	r3, [r4, #56]	@ 0x38
 8003f74:	3302      	adds	r3, #2
 8003f76:	63a3      	str	r3, [r4, #56]	@ 0x38
        hspi->TxXferCount--;
 8003f78:	f8b4 c03e 	ldrh.w	ip, [r4, #62]	@ 0x3e
 8003f7c:	fa1f fc8c 	uxth.w	ip, ip
 8003f80:	f10c 3cff 	add.w	ip, ip, #4294967295	@ 0xffffffff
 8003f84:	fa1f fc8c 	uxth.w	ip, ip
 8003f88:	f8a4 c03e 	strh.w	ip, [r4, #62]	@ 0x3e
 8003f8c:	e7e5      	b.n	8003f5a <HAL_SPI_Transmit+0xd2>
          hspi->State = HAL_SPI_STATE_READY;
 8003f8e:	2301      	movs	r3, #1
 8003f90:	f884 305d 	strb.w	r3, [r4, #93]	@ 0x5d
          __HAL_UNLOCK(hspi);
 8003f94:	2300      	movs	r3, #0
 8003f96:	f884 305c 	strb.w	r3, [r4, #92]	@ 0x5c
          return HAL_TIMEOUT;
 8003f9a:	2703      	movs	r7, #3
 8003f9c:	e073      	b.n	8004086 <HAL_SPI_Transmit+0x1fe>
    if ((hspi->Init.Mode == SPI_MODE_SLAVE) || (initial_TxXferCount == 0x01U))
 8003f9e:	6863      	ldr	r3, [r4, #4]
 8003fa0:	b113      	cbz	r3, 8003fa8 <HAL_SPI_Transmit+0x120>
 8003fa2:	4643      	mov	r3, r8
 8003fa4:	2b01      	cmp	r3, #1
 8003fa6:	d128      	bne.n	8003ffa <HAL_SPI_Transmit+0x172>
      if (hspi->TxXferCount > 1U)
 8003fa8:	8fe3      	ldrh	r3, [r4, #62]	@ 0x3e
 8003faa:	b29b      	uxth	r3, r3
 8003fac:	2b01      	cmp	r3, #1
 8003fae:	d90c      	bls.n	8003fca <HAL_SPI_Transmit+0x142>
        hspi->Instance->DR = *((const uint16_t *)hspi->pTxBuffPtr);
 8003fb0:	6ba2      	ldr	r2, [r4, #56]	@ 0x38
 8003fb2:	6823      	ldr	r3, [r4, #0]
 8003fb4:	8812      	ldrh	r2, [r2, #0]
 8003fb6:	60da      	str	r2, [r3, #12]
        hspi->pTxBuffPtr += sizeof(uint16_t);
 8003fb8:	6ba3      	ldr	r3, [r4, #56]	@ 0x38
 8003fba:	3302      	adds	r3, #2
 8003fbc:	63a3      	str	r3, [r4, #56]	@ 0x38
        hspi->TxXferCount -= 2U;
 8003fbe:	8fe3      	ldrh	r3, [r4, #62]	@ 0x3e
 8003fc0:	b29b      	uxth	r3, r3
 8003fc2:	3b02      	subs	r3, #2
 8003fc4:	b29b      	uxth	r3, r3
 8003fc6:	87e3      	strh	r3, [r4, #62]	@ 0x3e
 8003fc8:	e017      	b.n	8003ffa <HAL_SPI_Transmit+0x172>
        *((__IO uint8_t *)&hspi->Instance->DR) = *((const uint8_t *)hspi->pTxBuffPtr);
 8003fca:	6ba2      	ldr	r2, [r4, #56]	@ 0x38
 8003fcc:	6823      	ldr	r3, [r4, #0]
 8003fce:	7812      	ldrb	r2, [r2, #0]
 8003fd0:	731a      	strb	r2, [r3, #12]
        hspi->pTxBuffPtr ++;
 8003fd2:	6ba3      	ldr	r3, [r4, #56]	@ 0x38
 8003fd4:	3301      	adds	r3, #1
 8003fd6:	63a3      	str	r3, [r4, #56]	@ 0x38
        hspi->TxXferCount--;
 8003fd8:	8fe3      	ldrh	r3, [r4, #62]	@ 0x3e
 8003fda:	b29b      	uxth	r3, r3
 8003fdc:	3b01      	subs	r3, #1
 8003fde:	b29b      	uxth	r3, r3
 8003fe0:	87e3      	strh	r3, [r4, #62]	@ 0x3e
 8003fe2:	e00a      	b.n	8003ffa <HAL_SPI_Transmit+0x172>
          hspi->Instance->DR = *((const uint16_t *)hspi->pTxBuffPtr);
 8003fe4:	6ba3      	ldr	r3, [r4, #56]	@ 0x38
 8003fe6:	881b      	ldrh	r3, [r3, #0]
 8003fe8:	60d3      	str	r3, [r2, #12]
          hspi->pTxBuffPtr += sizeof(uint16_t);
 8003fea:	6ba3      	ldr	r3, [r4, #56]	@ 0x38
 8003fec:	3302      	adds	r3, #2
 8003fee:	63a3      	str	r3, [r4, #56]	@ 0x38
          hspi->TxXferCount -= 2U;
 8003ff0:	8fe3      	ldrh	r3, [r4, #62]	@ 0x3e
 8003ff2:	b29b      	uxth	r3, r3
 8003ff4:	3b02      	subs	r3, #2
 8003ff6:	b29b      	uxth	r3, r3
 8003ff8:	87e3      	strh	r3, [r4, #62]	@ 0x3e
    while (hspi->TxXferCount > 0U)
 8003ffa:	8fe3      	ldrh	r3, [r4, #62]	@ 0x3e
 8003ffc:	b29b      	uxth	r3, r3
 8003ffe:	b333      	cbz	r3, 800404e <HAL_SPI_Transmit+0x1c6>
      if (__HAL_SPI_GET_FLAG(hspi, SPI_FLAG_TXE))
 8004000:	6822      	ldr	r2, [r4, #0]
 8004002:	6893      	ldr	r3, [r2, #8]
 8004004:	f013 0f02 	tst.w	r3, #2
 8004008:	d00f      	beq.n	800402a <HAL_SPI_Transmit+0x1a2>
        if (hspi->TxXferCount > 1U)
 800400a:	8fe3      	ldrh	r3, [r4, #62]	@ 0x3e
 800400c:	b29b      	uxth	r3, r3
 800400e:	2b01      	cmp	r3, #1
 8004010:	d8e8      	bhi.n	8003fe4 <HAL_SPI_Transmit+0x15c>
          *((__IO uint8_t *)&hspi->Instance->DR) = *((const uint8_t *)hspi->pTxBuffPtr);
 8004012:	6ba3      	ldr	r3, [r4, #56]	@ 0x38
 8004014:	781b      	ldrb	r3, [r3, #0]
 8004016:	7313      	strb	r3, [r2, #12]
          hspi->pTxBuffPtr++;
 8004018:	6ba3      	ldr	r3, [r4, #56]	@ 0x38
 800401a:	3301      	adds	r3, #1
 800401c:	63a3      	str	r3, [r4, #56]	@ 0x38
          hspi->TxXferCount--;
 800401e:	8fe3      	ldrh	r3, [r4, #62]	@ 0x3e
 8004020:	b29b      	uxth	r3, r3
 8004022:	3b01      	subs	r3, #1
 8004024:	b29b      	uxth	r3, r3
 8004026:	87e3      	strh	r3, [r4, #62]	@ 0x3e
 8004028:	e7e7      	b.n	8003ffa <HAL_SPI_Transmit+0x172>
        if ((((HAL_GetTick() - tickstart) >=  Timeout) && (Timeout != HAL_MAX_DELAY)) || (Timeout == 0U))
 800402a:	f7fd fa9f 	bl	800156c <HAL_GetTick>
 800402e:	1b80      	subs	r0, r0, r6
 8004030:	42a8      	cmp	r0, r5
 8004032:	d302      	bcc.n	800403a <HAL_SPI_Transmit+0x1b2>
 8004034:	f1b5 3fff 	cmp.w	r5, #4294967295	@ 0xffffffff
 8004038:	d101      	bne.n	800403e <HAL_SPI_Transmit+0x1b6>
 800403a:	2d00      	cmp	r5, #0
 800403c:	d1dd      	bne.n	8003ffa <HAL_SPI_Transmit+0x172>
          hspi->State = HAL_SPI_STATE_READY;
 800403e:	2301      	movs	r3, #1
 8004040:	f884 305d 	strb.w	r3, [r4, #93]	@ 0x5d
          __HAL_UNLOCK(hspi);
 8004044:	2300      	movs	r3, #0
 8004046:	f884 305c 	strb.w	r3, [r4, #92]	@ 0x5c
          return HAL_TIMEOUT;
 800404a:	2703      	movs	r7, #3
 800404c:	e01b      	b.n	8004086 <HAL_SPI_Transmit+0x1fe>
  if (SPI_EndRxTxTransaction(hspi, Timeout, tickstart) != HAL_OK)
 800404e:	4632      	mov	r2, r6
 8004050:	4629      	mov	r1, r5
 8004052:	4620      	mov	r0, r4
 8004054:	f7ff fe78 	bl	8003d48 <SPI_EndRxTxTransaction>
 8004058:	b108      	cbz	r0, 800405e <HAL_SPI_Transmit+0x1d6>
    hspi->ErrorCode = HAL_SPI_ERROR_FLAG;
 800405a:	2320      	movs	r3, #32
 800405c:	6623      	str	r3, [r4, #96]	@ 0x60
  if (hspi->Init.Direction == SPI_DIRECTION_2LINES)
 800405e:	68a3      	ldr	r3, [r4, #8]
 8004060:	b933      	cbnz	r3, 8004070 <HAL_SPI_Transmit+0x1e8>
    __HAL_SPI_CLEAR_OVRFLAG(hspi);
 8004062:	9301      	str	r3, [sp, #4]
 8004064:	6823      	ldr	r3, [r4, #0]
 8004066:	68da      	ldr	r2, [r3, #12]
 8004068:	9201      	str	r2, [sp, #4]
 800406a:	689b      	ldr	r3, [r3, #8]
 800406c:	9301      	str	r3, [sp, #4]
 800406e:	9b01      	ldr	r3, [sp, #4]
  hspi->State = HAL_SPI_STATE_READY;
 8004070:	2301      	movs	r3, #1
 8004072:	f884 305d 	strb.w	r3, [r4, #93]	@ 0x5d
  __HAL_UNLOCK(hspi);
 8004076:	2300      	movs	r3, #0
 8004078:	f884 305c 	strb.w	r3, [r4, #92]	@ 0x5c
  if (hspi->ErrorCode != HAL_SPI_ERROR_NONE)
 800407c:	6e23      	ldr	r3, [r4, #96]	@ 0x60
 800407e:	b913      	cbnz	r3, 8004086 <HAL_SPI_Transmit+0x1fe>
    return HAL_OK;
 8004080:	461f      	mov	r7, r3
 8004082:	e000      	b.n	8004086 <HAL_SPI_Transmit+0x1fe>
    return HAL_BUSY;
 8004084:	2702      	movs	r7, #2
}
 8004086:	4638      	mov	r0, r7
 8004088:	b003      	add	sp, #12
 800408a:	e8bd 83f0 	ldmia.w	sp!, {r4, r5, r6, r7, r8, r9, pc}
  __HAL_LOCK(hspi);
 800408e:	2702      	movs	r7, #2
 8004090:	e7f9      	b.n	8004086 <HAL_SPI_Transmit+0x1fe>

08004092 <HAL_SPI_TransmitReceive>:
{
 8004092:	e92d 43f8 	stmdb	sp!, {r3, r4, r5, r6, r7, r8, r9, lr}
 8004096:	4604      	mov	r4, r0
 8004098:	460f      	mov	r7, r1
 800409a:	4691      	mov	r9, r2
 800409c:	4698      	mov	r8, r3
 800409e:	9d08      	ldr	r5, [sp, #32]
  tickstart = HAL_GetTick();
 80040a0:	f7fd fa64 	bl	800156c <HAL_GetTick>
 80040a4:	4606      	mov	r6, r0
  tmp_state           = hspi->State;
 80040a6:	f894 305d 	ldrb.w	r3, [r4, #93]	@ 0x5d
  tmp_mode            = hspi->Init.Mode;
 80040aa:	6862      	ldr	r2, [r4, #4]
  if (!((tmp_state == HAL_SPI_STATE_READY) || \
 80040ac:	2b01      	cmp	r3, #1
 80040ae:	d00b      	beq.n	80040c8 <HAL_SPI_TransmitReceive+0x36>
 80040b0:	b2d9      	uxtb	r1, r3
 80040b2:	f5b2 7f82 	cmp.w	r2, #260	@ 0x104
 80040b6:	f040 8164 	bne.w	8004382 <HAL_SPI_TransmitReceive+0x2f0>
        ((tmp_mode == SPI_MODE_MASTER) && (hspi->Init.Direction == SPI_DIRECTION_2LINES) &&
 80040ba:	68a3      	ldr	r3, [r4, #8]
 80040bc:	2b00      	cmp	r3, #0
 80040be:	f040 8163 	bne.w	8004388 <HAL_SPI_TransmitReceive+0x2f6>
 80040c2:	2904      	cmp	r1, #4
 80040c4:	f040 8162 	bne.w	800438c <HAL_SPI_TransmitReceive+0x2fa>
  if ((pTxData == NULL) || (pRxData == NULL) || (Size == 0U))
 80040c8:	2f00      	cmp	r7, #0
 80040ca:	f000 8161 	beq.w	8004390 <HAL_SPI_TransmitReceive+0x2fe>
 80040ce:	464b      	mov	r3, r9
 80040d0:	2b00      	cmp	r3, #0
 80040d2:	f000 815f 	beq.w	8004394 <HAL_SPI_TransmitReceive+0x302>
 80040d6:	4643      	mov	r3, r8
 80040d8:	2b00      	cmp	r3, #0
 80040da:	f000 815d 	beq.w	8004398 <HAL_SPI_TransmitReceive+0x306>
  __HAL_LOCK(hspi);
 80040de:	f894 305c 	ldrb.w	r3, [r4, #92]	@ 0x5c
 80040e2:	2b01      	cmp	r3, #1
 80040e4:	f000 815a 	beq.w	800439c <HAL_SPI_TransmitReceive+0x30a>
 80040e8:	2301      	movs	r3, #1
 80040ea:	f884 305c 	strb.w	r3, [r4, #92]	@ 0x5c
  if (hspi->State != HAL_SPI_STATE_BUSY_RX)
 80040ee:	f894 305d 	ldrb.w	r3, [r4, #93]	@ 0x5d
 80040f2:	2b04      	cmp	r3, #4
 80040f4:	d002      	beq.n	80040fc <HAL_SPI_TransmitReceive+0x6a>
    hspi->State = HAL_SPI_STATE_BUSY_TX_RX;
 80040f6:	2305      	movs	r3, #5
 80040f8:	f884 305d 	strb.w	r3, [r4, #93]	@ 0x5d
  hspi->ErrorCode   = HAL_SPI_ERROR_NONE;
 80040fc:	2300      	movs	r3, #0
 80040fe:	6623      	str	r3, [r4, #96]	@ 0x60
  hspi->pRxBuffPtr  = (uint8_t *)pRxData;
 8004100:	f8c4 9040 	str.w	r9, [r4, #64]	@ 0x40
  hspi->RxXferCount = Size;
 8004104:	4642      	mov	r2, r8
 8004106:	f8a4 8046 	strh.w	r8, [r4, #70]	@ 0x46
  hspi->RxXferSize  = Size;
 800410a:	f8a4 8044 	strh.w	r8, [r4, #68]	@ 0x44
  hspi->pTxBuffPtr  = (const uint8_t *)pTxData;
 800410e:	63a7      	str	r7, [r4, #56]	@ 0x38
  hspi->TxXferCount = Size;
 8004110:	f8a4 803e 	strh.w	r8, [r4, #62]	@ 0x3e
  hspi->TxXferSize  = Size;
 8004114:	f8a4 803c 	strh.w	r8, [r4, #60]	@ 0x3c
  hspi->RxISR       = NULL;
 8004118:	64e3      	str	r3, [r4, #76]	@ 0x4c
  hspi->TxISR       = NULL;
 800411a:	6523      	str	r3, [r4, #80]	@ 0x50
  if ((hspi->Init.DataSize > SPI_DATASIZE_8BIT) || (initial_RxXferCount > 1U))
 800411c:	68e3      	ldr	r3, [r4, #12]
 800411e:	f5b3 6fe0 	cmp.w	r3, #1792	@ 0x700
 8004122:	d801      	bhi.n	8004128 <HAL_SPI_TransmitReceive+0x96>
 8004124:	2a01      	cmp	r2, #1
 8004126:	d925      	bls.n	8004174 <HAL_SPI_TransmitReceive+0xe2>
    CLEAR_BIT(hspi->Instance->CR2, SPI_RXFIFO_THRESHOLD);
 8004128:	6822      	ldr	r2, [r4, #0]
 800412a:	6853      	ldr	r3, [r2, #4]
 800412c:	f423 5380 	bic.w	r3, r3, #4096	@ 0x1000
 8004130:	6053      	str	r3, [r2, #4]
  if ((hspi->Instance->CR1 & SPI_CR1_SPE) != SPI_CR1_SPE)
 8004132:	6823      	ldr	r3, [r4, #0]
 8004134:	681a      	ldr	r2, [r3, #0]
 8004136:	f012 0f40 	tst.w	r2, #64	@ 0x40
 800413a:	d103      	bne.n	8004144 <HAL_SPI_TransmitReceive+0xb2>
    __HAL_SPI_ENABLE(hspi);
 800413c:	681a      	ldr	r2, [r3, #0]
 800413e:	f042 0240 	orr.w	r2, r2, #64	@ 0x40
 8004142:	601a      	str	r2, [r3, #0]
  if (hspi->Init.DataSize > SPI_DATASIZE_8BIT)
 8004144:	68e3      	ldr	r3, [r4, #12]
 8004146:	f5b3 6fe0 	cmp.w	r3, #1792	@ 0x700
 800414a:	d962      	bls.n	8004212 <HAL_SPI_TransmitReceive+0x180>
    if ((hspi->Init.Mode == SPI_MODE_SLAVE) || (initial_TxXferCount == 0x01U))
 800414c:	6863      	ldr	r3, [r4, #4]
 800414e:	b113      	cbz	r3, 8004156 <HAL_SPI_TransmitReceive+0xc4>
 8004150:	4643      	mov	r3, r8
 8004152:	2b01      	cmp	r3, #1
 8004154:	d10b      	bne.n	800416e <HAL_SPI_TransmitReceive+0xdc>
      hspi->Instance->DR = *((const uint16_t *)hspi->pTxBuffPtr);
 8004156:	6ba2      	ldr	r2, [r4, #56]	@ 0x38
 8004158:	6823      	ldr	r3, [r4, #0]
 800415a:	8812      	ldrh	r2, [r2, #0]
 800415c:	60da      	str	r2, [r3, #12]
      hspi->pTxBuffPtr += sizeof(uint16_t);
 800415e:	6ba3      	ldr	r3, [r4, #56]	@ 0x38
 8004160:	3302      	adds	r3, #2
 8004162:	63a3      	str	r3, [r4, #56]	@ 0x38
      hspi->TxXferCount--;
 8004164:	8fe3      	ldrh	r3, [r4, #62]	@ 0x3e
 8004166:	b29b      	uxth	r3, r3
 8004168:	3b01      	subs	r3, #1
 800416a:	b29b      	uxth	r3, r3
 800416c:	87e3      	strh	r3, [r4, #62]	@ 0x3e
        txallowed = 1U;
 800416e:	2301      	movs	r3, #1
 8004170:	461f      	mov	r7, r3
 8004172:	e031      	b.n	80041d8 <HAL_SPI_TransmitReceive+0x146>
    SET_BIT(hspi->Instance->CR2, SPI_RXFIFO_THRESHOLD);
 8004174:	6822      	ldr	r2, [r4, #0]
 8004176:	6853      	ldr	r3, [r2, #4]
 8004178:	f443 5380 	orr.w	r3, r3, #4096	@ 0x1000
 800417c:	6053      	str	r3, [r2, #4]
 800417e:	e7d8      	b.n	8004132 <HAL_SPI_TransmitReceive+0xa0>
        hspi->Instance->DR = *((const uint16_t *)hspi->pTxBuffPtr);
 8004180:	6ba2      	ldr	r2, [r4, #56]	@ 0x38
 8004182:	8812      	ldrh	r2, [r2, #0]
 8004184:	60da      	str	r2, [r3, #12]
        hspi->pTxBuffPtr += sizeof(uint16_t);
 8004186:	6ba3      	ldr	r3, [r4, #56]	@ 0x38
 8004188:	3302      	adds	r3, #2
 800418a:	63a3      	str	r3, [r4, #56]	@ 0x38
        hspi->TxXferCount--;
 800418c:	8fe3      	ldrh	r3, [r4, #62]	@ 0x3e
 800418e:	b29b      	uxth	r3, r3
 8004190:	3b01      	subs	r3, #1
 8004192:	b29b      	uxth	r3, r3
 8004194:	87e3      	strh	r3, [r4, #62]	@ 0x3e
        txallowed = 0U;
 8004196:	2300      	movs	r3, #0
 8004198:	461f      	mov	r7, r3
      if ((__HAL_SPI_GET_FLAG(hspi, SPI_FLAG_RXNE)) && (hspi->RxXferCount > 0U))
 800419a:	6822      	ldr	r2, [r4, #0]
 800419c:	6893      	ldr	r3, [r2, #8]
 800419e:	f013 0301 	ands.w	r3, r3, #1
 80041a2:	d011      	beq.n	80041c8 <HAL_SPI_TransmitReceive+0x136>
 80041a4:	f8b4 1046 	ldrh.w	r1, [r4, #70]	@ 0x46
 80041a8:	b289      	uxth	r1, r1
 80041aa:	b169      	cbz	r1, 80041c8 <HAL_SPI_TransmitReceive+0x136>
        *((uint16_t *)hspi->pRxBuffPtr) = (uint16_t)hspi->Instance->DR;
 80041ac:	68d1      	ldr	r1, [r2, #12]
 80041ae:	6c22      	ldr	r2, [r4, #64]	@ 0x40
 80041b0:	8011      	strh	r1, [r2, #0]
        hspi->pRxBuffPtr += sizeof(uint16_t);
 80041b2:	6c22      	ldr	r2, [r4, #64]	@ 0x40
 80041b4:	3202      	adds	r2, #2
 80041b6:	6422      	str	r2, [r4, #64]	@ 0x40
        hspi->RxXferCount--;
 80041b8:	f8b4 2046 	ldrh.w	r2, [r4, #70]	@ 0x46
 80041bc:	b292      	uxth	r2, r2
 80041be:	3a01      	subs	r2, #1
 80041c0:	b292      	uxth	r2, r2
 80041c2:	f8a4 2046 	strh.w	r2, [r4, #70]	@ 0x46
        txallowed = 1U;
 80041c6:	461f      	mov	r7, r3
      if (((HAL_GetTick() - tickstart) >=  Timeout) && (Timeout != HAL_MAX_DELAY))
 80041c8:	f7fd f9d0 	bl	800156c <HAL_GetTick>
 80041cc:	1b83      	subs	r3, r0, r6
 80041ce:	42ab      	cmp	r3, r5
 80041d0:	d302      	bcc.n	80041d8 <HAL_SPI_TransmitReceive+0x146>
 80041d2:	f1b5 3fff 	cmp.w	r5, #4294967295	@ 0xffffffff
 80041d6:	d114      	bne.n	8004202 <HAL_SPI_TransmitReceive+0x170>
    while ((hspi->TxXferCount > 0U) || (hspi->RxXferCount > 0U))
 80041d8:	8fe3      	ldrh	r3, [r4, #62]	@ 0x3e
 80041da:	b29b      	uxth	r3, r3
 80041dc:	b92b      	cbnz	r3, 80041ea <HAL_SPI_TransmitReceive+0x158>
 80041de:	f8b4 3046 	ldrh.w	r3, [r4, #70]	@ 0x46
 80041e2:	b29b      	uxth	r3, r3
 80041e4:	2b00      	cmp	r3, #0
 80041e6:	f000 80b5 	beq.w	8004354 <HAL_SPI_TransmitReceive+0x2c2>
      if ((__HAL_SPI_GET_FLAG(hspi, SPI_FLAG_TXE)) && (hspi->TxXferCount > 0U) && (txallowed == 1U))
 80041ea:	6823      	ldr	r3, [r4, #0]
 80041ec:	689a      	ldr	r2, [r3, #8]
 80041ee:	f012 0f02 	tst.w	r2, #2
 80041f2:	d0d2      	beq.n	800419a <HAL_SPI_TransmitReceive+0x108>
 80041f4:	8fe2      	ldrh	r2, [r4, #62]	@ 0x3e
 80041f6:	b292      	uxth	r2, r2
 80041f8:	2a00      	cmp	r2, #0
 80041fa:	d0ce      	beq.n	800419a <HAL_SPI_TransmitReceive+0x108>
 80041fc:	2f00      	cmp	r7, #0
 80041fe:	d0cc      	beq.n	800419a <HAL_SPI_TransmitReceive+0x108>
 8004200:	e7be      	b.n	8004180 <HAL_SPI_TransmitReceive+0xee>
        hspi->State = HAL_SPI_STATE_READY;
 8004202:	2301      	movs	r3, #1
 8004204:	f884 305d 	strb.w	r3, [r4, #93]	@ 0x5d
        __HAL_UNLOCK(hspi);
 8004208:	2300      	movs	r3, #0
 800420a:	f884 305c 	strb.w	r3, [r4, #92]	@ 0x5c
        return HAL_TIMEOUT;
 800420e:	2003      	movs	r0, #3
 8004210:	e0b8      	b.n	8004384 <HAL_SPI_TransmitReceive+0x2f2>
    if ((hspi->Init.Mode == SPI_MODE_SLAVE) || (initial_TxXferCount == 0x01U))
 8004212:	6863      	ldr	r3, [r4, #4]
 8004214:	b113      	cbz	r3, 800421c <HAL_SPI_TransmitReceive+0x18a>
 8004216:	4643      	mov	r3, r8
 8004218:	2b01      	cmp	r3, #1
 800421a:	d10f      	bne.n	800423c <HAL_SPI_TransmitReceive+0x1aa>
      if (hspi->TxXferCount > 1U)
 800421c:	8fe3      	ldrh	r3, [r4, #62]	@ 0x3e
 800421e:	b29b      	uxth	r3, r3
 8004220:	2b01      	cmp	r3, #1
 8004222:	d90e      	bls.n	8004242 <HAL_SPI_TransmitReceive+0x1b0>
        hspi->Instance->DR = *((const uint16_t *)hspi->pTxBuffPtr);
 8004224:	6ba2      	ldr	r2, [r4, #56]	@ 0x38
 8004226:	6823      	ldr	r3, [r4, #0]
 8004228:	8812      	ldrh	r2, [r2, #0]
 800422a:	60da      	str	r2, [r3, #12]
        hspi->pTxBuffPtr += sizeof(uint16_t);
 800422c:	6ba3      	ldr	r3, [r4, #56]	@ 0x38
 800422e:	3302      	adds	r3, #2
 8004230:	63a3      	str	r3, [r4, #56]	@ 0x38
        hspi->TxXferCount -= 2U;
 8004232:	8fe3      	ldrh	r3, [r4, #62]	@ 0x3e
 8004234:	b29b      	uxth	r3, r3
 8004236:	3b02      	subs	r3, #2
 8004238:	b29b      	uxth	r3, r3
 800423a:	87e3      	strh	r3, [r4, #62]	@ 0x3e
        txallowed = 1U;
 800423c:	2301      	movs	r3, #1
 800423e:	461f      	mov	r7, r3
 8004240:	e04b      	b.n	80042da <HAL_SPI_TransmitReceive+0x248>
        *(__IO uint8_t *)&hspi->Instance->DR = *((const uint8_t *)hspi->pTxBuffPtr);
 8004242:	6ba2      	ldr	r2, [r4, #56]	@ 0x38
 8004244:	6823      	ldr	r3, [r4, #0]
 8004246:	7812      	ldrb	r2, [r2, #0]
 8004248:	731a      	strb	r2, [r3, #12]
        hspi->pTxBuffPtr++;
 800424a:	6ba3      	ldr	r3, [r4, #56]	@ 0x38
 800424c:	3301      	adds	r3, #1
 800424e:	63a3      	str	r3, [r4, #56]	@ 0x38
        hspi->TxXferCount--;
 8004250:	8fe3      	ldrh	r3, [r4, #62]	@ 0x3e
 8004252:	b29b      	uxth	r3, r3
 8004254:	3b01      	subs	r3, #1
 8004256:	b29b      	uxth	r3, r3
 8004258:	87e3      	strh	r3, [r4, #62]	@ 0x3e
 800425a:	e7ef      	b.n	800423c <HAL_SPI_TransmitReceive+0x1aa>
        if (hspi->TxXferCount > 1U)
 800425c:	8fe2      	ldrh	r2, [r4, #62]	@ 0x3e
 800425e:	b292      	uxth	r2, r2
 8004260:	2a01      	cmp	r2, #1
 8004262:	d90d      	bls.n	8004280 <HAL_SPI_TransmitReceive+0x1ee>
          hspi->Instance->DR = *((const uint16_t *)hspi->pTxBuffPtr);
 8004264:	6ba2      	ldr	r2, [r4, #56]	@ 0x38
 8004266:	8812      	ldrh	r2, [r2, #0]
 8004268:	60da      	str	r2, [r3, #12]
          hspi->pTxBuffPtr += sizeof(uint16_t);
 800426a:	6ba3      	ldr	r3, [r4, #56]	@ 0x38
 800426c:	3302      	adds	r3, #2
 800426e:	63a3      	str	r3, [r4, #56]	@ 0x38
          hspi->TxXferCount -= 2U;
 8004270:	8fe3      	ldrh	r3, [r4, #62]	@ 0x3e
 8004272:	b29b      	uxth	r3, r3
 8004274:	3b02      	subs	r3, #2
 8004276:	b29b      	uxth	r3, r3
 8004278:	87e3      	strh	r3, [r4, #62]	@ 0x3e
        txallowed = 0U;
 800427a:	2300      	movs	r3, #0
 800427c:	461f      	mov	r7, r3
 800427e:	e03e      	b.n	80042fe <HAL_SPI_TransmitReceive+0x26c>
          *(__IO uint8_t *)&hspi->Instance->DR = *((const uint8_t *)hspi->pTxBuffPtr);
 8004280:	6ba2      	ldr	r2, [r4, #56]	@ 0x38
 8004282:	7812      	ldrb	r2, [r2, #0]
 8004284:	731a      	strb	r2, [r3, #12]
          hspi->pTxBuffPtr++;
 8004286:	6ba3      	ldr	r3, [r4, #56]	@ 0x38
 8004288:	3301      	adds	r3, #1
 800428a:	63a3      	str	r3, [r4, #56]	@ 0x38
          hspi->TxXferCount--;
 800428c:	8fe3      	ldrh	r3, [r4, #62]	@ 0x3e
 800428e:	b29b      	uxth	r3, r3
 8004290:	3b01      	subs	r3, #1
 8004292:	b29b      	uxth	r3, r3
 8004294:	87e3      	strh	r3, [r4, #62]	@ 0x3e
        txallowed = 0U;
 8004296:	2300      	movs	r3, #0
 8004298:	461f      	mov	r7, r3
 800429a:	e030      	b.n	80042fe <HAL_SPI_TransmitReceive+0x26c>
            SET_BIT(hspi->Instance->CR2, SPI_RXFIFO_THRESHOLD);
 800429c:	6821      	ldr	r1, [r4, #0]
 800429e:	684a      	ldr	r2, [r1, #4]
 80042a0:	f442 5280 	orr.w	r2, r2, #4096	@ 0x1000
 80042a4:	604a      	str	r2, [r1, #4]
        txallowed = 1U;
 80042a6:	461f      	mov	r7, r3
 80042a8:	e00d      	b.n	80042c6 <HAL_SPI_TransmitReceive+0x234>
          (*(uint8_t *)hspi->pRxBuffPtr) = *(__IO uint8_t *)&hspi->Instance->DR;
 80042aa:	6c21      	ldr	r1, [r4, #64]	@ 0x40
 80042ac:	7b12      	ldrb	r2, [r2, #12]
 80042ae:	700a      	strb	r2, [r1, #0]
          hspi->pRxBuffPtr++;
 80042b0:	6c22      	ldr	r2, [r4, #64]	@ 0x40
 80042b2:	3201      	adds	r2, #1
 80042b4:	6422      	str	r2, [r4, #64]	@ 0x40
          hspi->RxXferCount--;
 80042b6:	f8b4 2046 	ldrh.w	r2, [r4, #70]	@ 0x46
 80042ba:	b292      	uxth	r2, r2
 80042bc:	3a01      	subs	r2, #1
 80042be:	b292      	uxth	r2, r2
 80042c0:	f8a4 2046 	strh.w	r2, [r4, #70]	@ 0x46
        txallowed = 1U;
 80042c4:	461f      	mov	r7, r3
      if ((((HAL_GetTick() - tickstart) >=  Timeout) && ((Timeout != HAL_MAX_DELAY))) || (Timeout == 0U))
 80042c6:	f7fd f951 	bl	800156c <HAL_GetTick>
 80042ca:	1b80      	subs	r0, r0, r6
 80042cc:	42a8      	cmp	r0, r5
 80042ce:	d302      	bcc.n	80042d6 <HAL_SPI_TransmitReceive+0x244>
 80042d0:	f1b5 3fff 	cmp.w	r5, #4294967295	@ 0xffffffff
 80042d4:	d136      	bne.n	8004344 <HAL_SPI_TransmitReceive+0x2b2>
 80042d6:	2d00      	cmp	r5, #0
 80042d8:	d034      	beq.n	8004344 <HAL_SPI_TransmitReceive+0x2b2>
    while ((hspi->TxXferCount > 0U) || (hspi->RxXferCount > 0U))
 80042da:	8fe3      	ldrh	r3, [r4, #62]	@ 0x3e
 80042dc:	b29b      	uxth	r3, r3
 80042de:	b923      	cbnz	r3, 80042ea <HAL_SPI_TransmitReceive+0x258>
 80042e0:	f8b4 3046 	ldrh.w	r3, [r4, #70]	@ 0x46
 80042e4:	b29b      	uxth	r3, r3
 80042e6:	2b00      	cmp	r3, #0
 80042e8:	d034      	beq.n	8004354 <HAL_SPI_TransmitReceive+0x2c2>
      if ((__HAL_SPI_GET_FLAG(hspi, SPI_FLAG_TXE)) && (hspi->TxXferCount > 0U) && (txallowed == 1U))
 80042ea:	6823      	ldr	r3, [r4, #0]
 80042ec:	689a      	ldr	r2, [r3, #8]
 80042ee:	f012 0f02 	tst.w	r2, #2
 80042f2:	d004      	beq.n	80042fe <HAL_SPI_TransmitReceive+0x26c>
 80042f4:	8fe2      	ldrh	r2, [r4, #62]	@ 0x3e
 80042f6:	b292      	uxth	r2, r2
 80042f8:	b10a      	cbz	r2, 80042fe <HAL_SPI_TransmitReceive+0x26c>
 80042fa:	2f00      	cmp	r7, #0
 80042fc:	d1ae      	bne.n	800425c <HAL_SPI_TransmitReceive+0x1ca>
      if ((__HAL_SPI_GET_FLAG(hspi, SPI_FLAG_RXNE)) && (hspi->RxXferCount > 0U))
 80042fe:	6822      	ldr	r2, [r4, #0]
 8004300:	6893      	ldr	r3, [r2, #8]
 8004302:	f013 0301 	ands.w	r3, r3, #1
 8004306:	d0de      	beq.n	80042c6 <HAL_SPI_TransmitReceive+0x234>
 8004308:	f8b4 1046 	ldrh.w	r1, [r4, #70]	@ 0x46
 800430c:	b289      	uxth	r1, r1
 800430e:	2900      	cmp	r1, #0
 8004310:	d0d9      	beq.n	80042c6 <HAL_SPI_TransmitReceive+0x234>
        if (hspi->RxXferCount > 1U)
 8004312:	f8b4 1046 	ldrh.w	r1, [r4, #70]	@ 0x46
 8004316:	b289      	uxth	r1, r1
 8004318:	2901      	cmp	r1, #1
 800431a:	d9c6      	bls.n	80042aa <HAL_SPI_TransmitReceive+0x218>
          *((uint16_t *)hspi->pRxBuffPtr) = (uint16_t)hspi->Instance->DR;
 800431c:	68d1      	ldr	r1, [r2, #12]
 800431e:	6c22      	ldr	r2, [r4, #64]	@ 0x40
 8004320:	8011      	strh	r1, [r2, #0]
          hspi->pRxBuffPtr += sizeof(uint16_t);
 8004322:	6c22      	ldr	r2, [r4, #64]	@ 0x40
 8004324:	3202      	adds	r2, #2
 8004326:	6422      	str	r2, [r4, #64]	@ 0x40
          hspi->RxXferCount -= 2U;
 8004328:	f8b4 2046 	ldrh.w	r2, [r4, #70]	@ 0x46
 800432c:	b292      	uxth	r2, r2
 800432e:	3a02      	subs	r2, #2
 8004330:	b292      	uxth	r2, r2
 8004332:	f8a4 2046 	strh.w	r2, [r4, #70]	@ 0x46
          if (hspi->RxXferCount <= 1U)
 8004336:	f8b4 2046 	ldrh.w	r2, [r4, #70]	@ 0x46
 800433a:	b292      	uxth	r2, r2
 800433c:	2a01      	cmp	r2, #1
 800433e:	d9ad      	bls.n	800429c <HAL_SPI_TransmitReceive+0x20a>
        txallowed = 1U;
 8004340:	461f      	mov	r7, r3
 8004342:	e7c0      	b.n	80042c6 <HAL_SPI_TransmitReceive+0x234>
        hspi->State = HAL_SPI_STATE_READY;
 8004344:	2301      	movs	r3, #1
 8004346:	f884 305d 	strb.w	r3, [r4, #93]	@ 0x5d
        __HAL_UNLOCK(hspi);
 800434a:	2300      	movs	r3, #0
 800434c:	f884 305c 	strb.w	r3, [r4, #92]	@ 0x5c
        return HAL_TIMEOUT;
 8004350:	2003      	movs	r0, #3
 8004352:	e017      	b.n	8004384 <HAL_SPI_TransmitReceive+0x2f2>
  if (SPI_EndRxTxTransaction(hspi, Timeout, tickstart) != HAL_OK)
 8004354:	4632      	mov	r2, r6
 8004356:	4629      	mov	r1, r5
 8004358:	4620      	mov	r0, r4
 800435a:	f7ff fcf5 	bl	8003d48 <SPI_EndRxTxTransaction>
 800435e:	b948      	cbnz	r0, 8004374 <HAL_SPI_TransmitReceive+0x2e2>
  hspi->State = HAL_SPI_STATE_READY;
 8004360:	2301      	movs	r3, #1
 8004362:	f884 305d 	strb.w	r3, [r4, #93]	@ 0x5d
  __HAL_UNLOCK(hspi);
 8004366:	2300      	movs	r3, #0
 8004368:	f884 305c 	strb.w	r3, [r4, #92]	@ 0x5c
  if (hspi->ErrorCode != HAL_SPI_ERROR_NONE)
 800436c:	6e23      	ldr	r3, [r4, #96]	@ 0x60
 800436e:	b14b      	cbz	r3, 8004384 <HAL_SPI_TransmitReceive+0x2f2>
    return HAL_ERROR;
 8004370:	2001      	movs	r0, #1
 8004372:	e007      	b.n	8004384 <HAL_SPI_TransmitReceive+0x2f2>
    hspi->ErrorCode = HAL_SPI_ERROR_FLAG;
 8004374:	2320      	movs	r3, #32
 8004376:	6623      	str	r3, [r4, #96]	@ 0x60
    __HAL_UNLOCK(hspi);
 8004378:	2300      	movs	r3, #0
 800437a:	f884 305c 	strb.w	r3, [r4, #92]	@ 0x5c
    return HAL_ERROR;
 800437e:	2001      	movs	r0, #1
 8004380:	e000      	b.n	8004384 <HAL_SPI_TransmitReceive+0x2f2>
    return HAL_BUSY;
 8004382:	2002      	movs	r0, #2
}
 8004384:	e8bd 83f8 	ldmia.w	sp!, {r3, r4, r5, r6, r7, r8, r9, pc}
    return HAL_BUSY;
 8004388:	2002      	movs	r0, #2
 800438a:	e7fb      	b.n	8004384 <HAL_SPI_TransmitReceive+0x2f2>
 800438c:	2002      	movs	r0, #2
 800438e:	e7f9      	b.n	8004384 <HAL_SPI_TransmitReceive+0x2f2>
    return HAL_ERROR;
 8004390:	2001      	movs	r0, #1
 8004392:	e7f7      	b.n	8004384 <HAL_SPI_TransmitReceive+0x2f2>
 8004394:	2001      	movs	r0, #1
 8004396:	e7f5      	b.n	8004384 <HAL_SPI_TransmitReceive+0x2f2>
 8004398:	2001      	movs	r0, #1
 800439a:	e7f3      	b.n	8004384 <HAL_SPI_TransmitReceive+0x2f2>
  __HAL_LOCK(hspi);
 800439c:	2002      	movs	r0, #2
 800439e:	e7f1      	b.n	8004384 <HAL_SPI_TransmitReceive+0x2f2>

080043a0 <NMI_Handler>:
{
  /* USER CODE BEGIN NonMaskableInt_IRQn 0 */

  /* USER CODE END NonMaskableInt_IRQn 0 */
  /* USER CODE BEGIN NonMaskableInt_IRQn 1 */
   while (1)
 80043a0:	e7fe      	b.n	80043a0 <NMI_Handler>

080043a2 <HardFault_Handler>:
void HardFault_Handler(void)
{
  /* USER CODE BEGIN HardFault_IRQn 0 */

  /* USER CODE END HardFault_IRQn 0 */
  while (1)
 80043a2:	e7fe      	b.n	80043a2 <HardFault_Handler>

080043a4 <MemManage_Handler>:
void MemManage_Handler(void)
{
  /* USER CODE BEGIN MemoryManagement_IRQn 0 */

  /* USER CODE END MemoryManagement_IRQn 0 */
  while (1)
 80043a4:	e7fe      	b.n	80043a4 <MemManage_Handler>

080043a6 <BusFault_Handler>:
void BusFault_Handler(void)
{
  /* USER CODE BEGIN BusFault_IRQn 0 */

  /* USER CODE END BusFault_IRQn 0 */
  while (1)
 80043a6:	e7fe      	b.n	80043a6 <BusFault_Handler>

080043a8 <UsageFault_Handler>:
void UsageFault_Handler(void)
{
  /* USER CODE BEGIN UsageFault_IRQn 0 */

  /* USER CODE END UsageFault_IRQn 0 */
  while (1)
 80043a8:	e7fe      	b.n	80043a8 <UsageFault_Handler>

080043aa <SVC_Handler>:

  /* USER CODE END SVCall_IRQn 0 */
  /* USER CODE BEGIN SVCall_IRQn 1 */

  /* USER CODE END SVCall_IRQn 1 */
}
 80043aa:	4770      	bx	lr

080043ac <DebugMon_Handler>:

  /* USER CODE END DebugMonitor_IRQn 0 */
  /* USER CODE BEGIN DebugMonitor_IRQn 1 */

  /* USER CODE END DebugMonitor_IRQn 1 */
}
 80043ac:	4770      	bx	lr

080043ae <PendSV_Handler>:

  /* USER CODE END PendSV_IRQn 0 */
  /* USER CODE BEGIN PendSV_IRQn 1 */

  /* USER CODE END PendSV_IRQn 1 */
}
 80043ae:	4770      	bx	lr

080043b0 <SysTick_Handler>:

/**
  * @brief This function handles System tick timer.
  */
void SysTick_Handler(void)
{
 80043b0:	b508      	push	{r3, lr}
  /* USER CODE BEGIN SysTick_IRQn 0 */

  /* USER CODE END SysTick_IRQn 0 */
  HAL_IncTick();
 80043b2:	f7fd f8cf 	bl	8001554 <HAL_IncTick>
  /* USER CODE BEGIN SysTick_IRQn 1 */

  /* USER CODE END SysTick_IRQn 1 */
}
 80043b6:	bd08      	pop	{r3, pc}

080043b8 <USB_LP_IRQHandler>:

/**
  * @brief This function handles USB low priority interrupt, USB wake-up interrupt through EXTI line 28.
  */
void USB_LP_IRQHandler(void)
{
 80043b8:	b508      	push	{r3, lr}
  /* USER CODE BEGIN USB_LP_IRQn 0 */

  /* USER CODE END USB_LP_IRQn 0 */
  HAL_PCD_IRQHandler(&hpcd_USB_FS);
 80043ba:	4802      	ldr	r0, [pc, #8]	@ (80043c4 <USB_LP_IRQHandler+0xc>)
 80043bc:	f7fe f962 	bl	8002684 <HAL_PCD_IRQHandler>
  /* USER CODE BEGIN USB_LP_IRQn 1 */

  /* USER CODE END USB_LP_IRQn 1 */
}
 80043c0:	bd08      	pop	{r3, pc}
 80043c2:	bf00      	nop
 80043c4:	200019d8 	.word	0x200019d8

080043c8 <USB_EnableGlobalInt>:
  *         Enables the controller's Global Int in the AHB Config reg
  * @param  USBx Selected device
  * @retval HAL status
  */
HAL_StatusTypeDef USB_EnableGlobalInt(USB_TypeDef *USBx)
{
 80043c8:	4603      	mov	r3, r0
  uint32_t winterruptmask;

  /* Clear pending interrupts */
  USBx->ISTR = 0U;
 80043ca:	2000      	movs	r0, #0
 80043cc:	f8a3 0044 	strh.w	r0, [r3, #68]	@ 0x44
                   USB_CNTR_SUSPM | USB_CNTR_ERRM |
                   USB_CNTR_SOFM | USB_CNTR_ESOFM |
                   USB_CNTR_RESETM | USB_CNTR_L1REQM;

  /* Set interrupt mask */
  USBx->CNTR = (uint16_t)winterruptmask;
 80043d0:	f64b 7280 	movw	r2, #49024	@ 0xbf80
 80043d4:	f8a3 2040 	strh.w	r2, [r3, #64]	@ 0x40

  return HAL_OK;
}
 80043d8:	4770      	bx	lr

080043da <USB_DisableGlobalInt>:
                   USB_CNTR_SUSPM | USB_CNTR_ERRM |
                   USB_CNTR_SOFM | USB_CNTR_ESOFM |
                   USB_CNTR_RESETM | USB_CNTR_L1REQM;

  /* Clear interrupt mask */
  USBx->CNTR &= (uint16_t)(~winterruptmask);
 80043da:	f8b0 3040 	ldrh.w	r3, [r0, #64]	@ 0x40
 80043de:	b29b      	uxth	r3, r3
 80043e0:	f423 537e 	bic.w	r3, r3, #16256	@ 0x3f80
 80043e4:	045b      	lsls	r3, r3, #17
 80043e6:	0c5b      	lsrs	r3, r3, #17
 80043e8:	f8a0 3040 	strh.w	r3, [r0, #64]	@ 0x40

  return HAL_OK;
}
 80043ec:	2000      	movs	r0, #0
 80043ee:	4770      	bx	lr

080043f0 <USB_DevInit>:
  * @param  cfg  pointer to a USB_CfgTypeDef structure that contains
  *         the configuration information for the specified USBx peripheral.
  * @retval HAL status
  */
HAL_StatusTypeDef USB_DevInit(USB_TypeDef *USBx, USB_CfgTypeDef cfg)
{
 80043f0:	b082      	sub	sp, #8
 80043f2:	4603      	mov	r3, r0
 80043f4:	a802      	add	r0, sp, #8
 80043f6:	e900 0006 	stmdb	r0, {r1, r2}
  /* Prevent unused argument(s) compilation warning */
  UNUSED(cfg);

  /* Init Device */
  /* CNTR_FRES = 1 */
  USBx->CNTR = (uint16_t)USB_CNTR_FRES;
 80043fa:	2201      	movs	r2, #1
 80043fc:	f8a3 2040 	strh.w	r2, [r3, #64]	@ 0x40

  /* CNTR_FRES = 0 */
  USBx->CNTR = 0U;
 8004400:	2000      	movs	r0, #0
 8004402:	f8a3 0040 	strh.w	r0, [r3, #64]	@ 0x40

  /* Clear pending interrupts */
  USBx->ISTR = 0U;
 8004406:	f8a3 0044 	strh.w	r0, [r3, #68]	@ 0x44

  /*Set Btable Address*/
  USBx->BTABLE = BTABLE_ADDRESS;
 800440a:	f8a3 0050 	strh.w	r0, [r3, #80]	@ 0x50

  return HAL_OK;
}
 800440e:	b002      	add	sp, #8
 8004410:	4770      	bx	lr

08004412 <USB_ActivateEndpoint>:
  * @param  USBx Selected device
  * @param  ep pointer to endpoint structure
  * @retval HAL status
  */
HAL_StatusTypeDef USB_ActivateEndpoint(USB_TypeDef *USBx, USB_EPTypeDef *ep)
{
 8004412:	b500      	push	{lr}
 8004414:	4603      	mov	r3, r0
  HAL_StatusTypeDef ret = HAL_OK;
  uint16_t wEpRegVal;

  wEpRegVal = PCD_GET_ENDPOINT(USBx, ep->num) & USB_EP_T_MASK;
 8004416:	f891 c000 	ldrb.w	ip, [r1]
 800441a:	f830 202c 	ldrh.w	r2, [r0, ip, lsl #2]
 800441e:	b292      	uxth	r2, r2
 8004420:	f422 42ec 	bic.w	r2, r2, #30208	@ 0x7600
 8004424:	f022 0270 	bic.w	r2, r2, #112	@ 0x70
 8004428:	b292      	uxth	r2, r2

  /* initialize Endpoint */
  switch (ep->type)
 800442a:	78c8      	ldrb	r0, [r1, #3]
 800442c:	2802      	cmp	r0, #2
 800442e:	d067      	beq.n	8004500 <USB_ActivateEndpoint+0xee>
 8004430:	d808      	bhi.n	8004444 <USB_ActivateEndpoint+0x32>
 8004432:	b178      	cbz	r0, 8004454 <USB_ActivateEndpoint+0x42>
 8004434:	2801      	cmp	r0, #1
 8004436:	d103      	bne.n	8004440 <USB_ActivateEndpoint+0x2e>
    case EP_TYPE_INTR:
      wEpRegVal |= USB_EP_INTERRUPT;
      break;

    case EP_TYPE_ISOC:
      wEpRegVal |= USB_EP_ISOCHRONOUS;
 8004438:	f442 6280 	orr.w	r2, r2, #1024	@ 0x400
  HAL_StatusTypeDef ret = HAL_OK;
 800443c:	2000      	movs	r0, #0
      break;
 800443e:	e00b      	b.n	8004458 <USB_ActivateEndpoint+0x46>

    default:
      ret = HAL_ERROR;
 8004440:	2001      	movs	r0, #1
 8004442:	e009      	b.n	8004458 <USB_ActivateEndpoint+0x46>
  switch (ep->type)
 8004444:	2803      	cmp	r0, #3
 8004446:	d103      	bne.n	8004450 <USB_ActivateEndpoint+0x3e>
      wEpRegVal |= USB_EP_INTERRUPT;
 8004448:	f442 62c0 	orr.w	r2, r2, #1536	@ 0x600
  HAL_StatusTypeDef ret = HAL_OK;
 800444c:	2000      	movs	r0, #0
      break;
 800444e:	e003      	b.n	8004458 <USB_ActivateEndpoint+0x46>
      ret = HAL_ERROR;
 8004450:	2001      	movs	r0, #1
 8004452:	e001      	b.n	8004458 <USB_ActivateEndpoint+0x46>
      wEpRegVal |= USB_EP_CONTROL;
 8004454:	f442 7200 	orr.w	r2, r2, #512	@ 0x200
      break;
  }

  PCD_SET_ENDPOINT(USBx, ep->num, (wEpRegVal | USB_EP_CTR_RX | USB_EP_CTR_TX));
 8004458:	f248 0e80 	movw	lr, #32896	@ 0x8080
 800445c:	ea42 020e 	orr.w	r2, r2, lr
 8004460:	f823 202c 	strh.w	r2, [r3, ip, lsl #2]

  PCD_SET_EP_ADDRESS(USBx, ep->num, ep->num);
 8004464:	f891 c000 	ldrb.w	ip, [r1]
 8004468:	f833 202c 	ldrh.w	r2, [r3, ip, lsl #2]
 800446c:	b292      	uxth	r2, r2
 800446e:	f422 42e0 	bic.w	r2, r2, #28672	@ 0x7000
 8004472:	f022 0270 	bic.w	r2, r2, #112	@ 0x70
 8004476:	ea4c 0202 	orr.w	r2, ip, r2
 800447a:	ea42 020e 	orr.w	r2, r2, lr
 800447e:	f823 202c 	strh.w	r2, [r3, ip, lsl #2]

  if (ep->doublebuffer == 0U)
 8004482:	7b0a      	ldrb	r2, [r1, #12]
 8004484:	2a00      	cmp	r2, #0
 8004486:	f040 80dc 	bne.w	8004642 <USB_ActivateEndpoint+0x230>
  {
    if (ep->is_in != 0U)
 800448a:	784a      	ldrb	r2, [r1, #1]
 800448c:	2a00      	cmp	r2, #0
 800448e:	d048      	beq.n	8004522 <USB_ActivateEndpoint+0x110>
    {
      /*Set the endpoint Transmit buffer address */
      PCD_SET_EP_TX_ADDRESS(USBx, ep->num, ep->pmaadress);
 8004490:	f8b3 2050 	ldrh.w	r2, [r3, #80]	@ 0x50
 8004494:	fa13 f282 	uxtah	r2, r3, r2
 8004498:	f891 c000 	ldrb.w	ip, [r1]
 800449c:	eb02 02cc 	add.w	r2, r2, ip, lsl #3
 80044a0:	f8b1 c006 	ldrh.w	ip, [r1, #6]
 80044a4:	ea4f 0c5c 	mov.w	ip, ip, lsr #1
 80044a8:	ea4f 0c4c 	mov.w	ip, ip, lsl #1
 80044ac:	f8a2 c400 	strh.w	ip, [r2, #1024]	@ 0x400
      PCD_CLEAR_TX_DTOG(USBx, ep->num);
 80044b0:	f891 c000 	ldrb.w	ip, [r1]
 80044b4:	f833 202c 	ldrh.w	r2, [r3, ip, lsl #2]
 80044b8:	f012 0f40 	tst.w	r2, #64	@ 0x40
 80044bc:	d00c      	beq.n	80044d8 <USB_ActivateEndpoint+0xc6>
 80044be:	f833 202c 	ldrh.w	r2, [r3, ip, lsl #2]
 80044c2:	b292      	uxth	r2, r2
 80044c4:	f422 42e0 	bic.w	r2, r2, #28672	@ 0x7000
 80044c8:	f022 0270 	bic.w	r2, r2, #112	@ 0x70
 80044cc:	f442 4200 	orr.w	r2, r2, #32768	@ 0x8000
 80044d0:	f042 02c0 	orr.w	r2, r2, #192	@ 0xc0
 80044d4:	f823 202c 	strh.w	r2, [r3, ip, lsl #2]

      if (ep->type != EP_TYPE_ISOC)
 80044d8:	78ca      	ldrb	r2, [r1, #3]
 80044da:	2a01      	cmp	r2, #1
 80044dc:	d012      	beq.n	8004504 <USB_ActivateEndpoint+0xf2>
      {
        /* Configure NAK status for the Endpoint */
        PCD_SET_EP_TX_STATUS(USBx, ep->num, USB_EP_TX_NAK);
 80044de:	7809      	ldrb	r1, [r1, #0]
 80044e0:	f833 2021 	ldrh.w	r2, [r3, r1, lsl #2]
 80044e4:	b292      	uxth	r2, r2
 80044e6:	f422 42e0 	bic.w	r2, r2, #28672	@ 0x7000
 80044ea:	f022 0240 	bic.w	r2, r2, #64	@ 0x40
 80044ee:	f082 0220 	eor.w	r2, r2, #32
 80044f2:	f442 4200 	orr.w	r2, r2, #32768	@ 0x8000
 80044f6:	f042 0280 	orr.w	r2, r2, #128	@ 0x80
 80044fa:	f823 2021 	strh.w	r2, [r3, r1, lsl #2]
 80044fe:	e1d8      	b.n	80048b2 <USB_ActivateEndpoint+0x4a0>
  switch (ep->type)
 8004500:	2000      	movs	r0, #0
 8004502:	e7a9      	b.n	8004458 <USB_ActivateEndpoint+0x46>
      }
      else
      {
        /* Configure TX Endpoint to disabled state */
        PCD_SET_EP_TX_STATUS(USBx, ep->num, USB_EP_TX_DIS);
 8004504:	7809      	ldrb	r1, [r1, #0]
 8004506:	f833 2021 	ldrh.w	r2, [r3, r1, lsl #2]
 800450a:	b292      	uxth	r2, r2
 800450c:	f422 42e0 	bic.w	r2, r2, #28672	@ 0x7000
 8004510:	f022 0240 	bic.w	r2, r2, #64	@ 0x40
 8004514:	f442 4200 	orr.w	r2, r2, #32768	@ 0x8000
 8004518:	f042 0280 	orr.w	r2, r2, #128	@ 0x80
 800451c:	f823 2021 	strh.w	r2, [r3, r1, lsl #2]
 8004520:	e1c7      	b.n	80048b2 <USB_ActivateEndpoint+0x4a0>
      }
    }
    else
    {
      /* Set the endpoint Receive buffer address */
      PCD_SET_EP_RX_ADDRESS(USBx, ep->num, ep->pmaadress);
 8004522:	f8b3 2050 	ldrh.w	r2, [r3, #80]	@ 0x50
 8004526:	fa13 f282 	uxtah	r2, r3, r2
 800452a:	f891 c000 	ldrb.w	ip, [r1]
 800452e:	eb02 02cc 	add.w	r2, r2, ip, lsl #3
 8004532:	f8b1 c006 	ldrh.w	ip, [r1, #6]
 8004536:	ea4f 0c5c 	mov.w	ip, ip, lsr #1
 800453a:	ea4f 0c4c 	mov.w	ip, ip, lsl #1
 800453e:	f8a2 c404 	strh.w	ip, [r2, #1028]	@ 0x404

      /* Set the endpoint Receive buffer counter */
      PCD_SET_EP_RX_CNT(USBx, ep->num, ep->maxpacket);
 8004542:	f8b3 2050 	ldrh.w	r2, [r3, #80]	@ 0x50
 8004546:	fa13 f282 	uxtah	r2, r3, r2
 800454a:	f891 c000 	ldrb.w	ip, [r1]
 800454e:	eb02 02cc 	add.w	r2, r2, ip, lsl #3
 8004552:	f8b2 c406 	ldrh.w	ip, [r2, #1030]	@ 0x406
 8004556:	f3cc 0c09 	ubfx	ip, ip, #0, #10
 800455a:	f8a2 c406 	strh.w	ip, [r2, #1030]	@ 0x406
 800455e:	f8d1 c010 	ldr.w	ip, [r1, #16]
 8004562:	f1bc 0f00 	cmp.w	ip, #0
 8004566:	d12f      	bne.n	80045c8 <USB_ActivateEndpoint+0x1b6>
 8004568:	f8b2 c406 	ldrh.w	ip, [r2, #1030]	@ 0x406
 800456c:	ea6f 4c4c 	mvn.w	ip, ip, lsl #17
 8004570:	ea6f 4c5c 	mvn.w	ip, ip, lsr #17
 8004574:	fa1f fc8c 	uxth.w	ip, ip
 8004578:	f8a2 c406 	strh.w	ip, [r2, #1030]	@ 0x406
      PCD_CLEAR_RX_DTOG(USBx, ep->num);
 800457c:	f891 c000 	ldrb.w	ip, [r1]
 8004580:	f833 202c 	ldrh.w	r2, [r3, ip, lsl #2]
 8004584:	f412 4f80 	tst.w	r2, #16384	@ 0x4000
 8004588:	d00c      	beq.n	80045a4 <USB_ActivateEndpoint+0x192>
 800458a:	f833 202c 	ldrh.w	r2, [r3, ip, lsl #2]
 800458e:	b292      	uxth	r2, r2
 8004590:	f422 42e0 	bic.w	r2, r2, #28672	@ 0x7000
 8004594:	f022 0270 	bic.w	r2, r2, #112	@ 0x70
 8004598:	f442 4240 	orr.w	r2, r2, #49152	@ 0xc000
 800459c:	f042 0280 	orr.w	r2, r2, #128	@ 0x80
 80045a0:	f823 202c 	strh.w	r2, [r3, ip, lsl #2]

      if (ep->num == 0U)
 80045a4:	7809      	ldrb	r1, [r1, #0]
 80045a6:	bbe1      	cbnz	r1, 8004622 <USB_ActivateEndpoint+0x210>
      {
        /* Configure VALID status for EP0 */
        PCD_SET_EP_RX_STATUS(USBx, ep->num, USB_EP_RX_VALID);
 80045a8:	f833 2021 	ldrh.w	r2, [r3, r1, lsl #2]
 80045ac:	b292      	uxth	r2, r2
 80045ae:	f422 4280 	bic.w	r2, r2, #16384	@ 0x4000
 80045b2:	f022 0270 	bic.w	r2, r2, #112	@ 0x70
 80045b6:	f482 5240 	eor.w	r2, r2, #12288	@ 0x3000
 80045ba:	f442 4200 	orr.w	r2, r2, #32768	@ 0x8000
 80045be:	f042 0280 	orr.w	r2, r2, #128	@ 0x80
 80045c2:	f823 2021 	strh.w	r2, [r3, r1, lsl #2]
 80045c6:	e174      	b.n	80048b2 <USB_ActivateEndpoint+0x4a0>
      PCD_SET_EP_RX_CNT(USBx, ep->num, ep->maxpacket);
 80045c8:	f1bc 0f3e 	cmp.w	ip, #62	@ 0x3e
 80045cc:	d813      	bhi.n	80045f6 <USB_ActivateEndpoint+0x1e4>
 80045ce:	ea4f 0e5c 	mov.w	lr, ip, lsr #1
 80045d2:	f01c 0f01 	tst.w	ip, #1
 80045d6:	d001      	beq.n	80045dc <USB_ActivateEndpoint+0x1ca>
 80045d8:	f10e 0e01 	add.w	lr, lr, #1
 80045dc:	f8b2 c406 	ldrh.w	ip, [r2, #1030]	@ 0x406
 80045e0:	fa1f fc8c 	uxth.w	ip, ip
 80045e4:	ea4f 2e8e 	mov.w	lr, lr, lsl #10
 80045e8:	fa1f fe8e 	uxth.w	lr, lr
 80045ec:	ea4c 0c0e 	orr.w	ip, ip, lr
 80045f0:	f8a2 c406 	strh.w	ip, [r2, #1030]	@ 0x406
 80045f4:	e7c2      	b.n	800457c <USB_ActivateEndpoint+0x16a>
 80045f6:	ea4f 1e5c 	mov.w	lr, ip, lsr #5
 80045fa:	f01c 0f1f 	tst.w	ip, #31
 80045fe:	d101      	bne.n	8004604 <USB_ActivateEndpoint+0x1f2>
 8004600:	f10e 3eff 	add.w	lr, lr, #4294967295	@ 0xffffffff
 8004604:	f8b2 c406 	ldrh.w	ip, [r2, #1030]	@ 0x406
 8004608:	fa1f fc8c 	uxth.w	ip, ip
 800460c:	ea4f 2e8e 	mov.w	lr, lr, lsl #10
 8004610:	fa1f fe8e 	uxth.w	lr, lr
 8004614:	ea4c 0c0e 	orr.w	ip, ip, lr
 8004618:	f44c 4c00 	orr.w	ip, ip, #32768	@ 0x8000
 800461c:	f8a2 c406 	strh.w	ip, [r2, #1030]	@ 0x406
 8004620:	e7ac      	b.n	800457c <USB_ActivateEndpoint+0x16a>
      }
      else
      {
        /* Configure NAK status for OUT Endpoint */
        PCD_SET_EP_RX_STATUS(USBx, ep->num, USB_EP_RX_NAK);
 8004622:	f833 2021 	ldrh.w	r2, [r3, r1, lsl #2]
 8004626:	b292      	uxth	r2, r2
 8004628:	f422 4280 	bic.w	r2, r2, #16384	@ 0x4000
 800462c:	f022 0270 	bic.w	r2, r2, #112	@ 0x70
 8004630:	f482 5200 	eor.w	r2, r2, #8192	@ 0x2000
 8004634:	f442 4200 	orr.w	r2, r2, #32768	@ 0x8000
 8004638:	f042 0280 	orr.w	r2, r2, #128	@ 0x80
 800463c:	f823 2021 	strh.w	r2, [r3, r1, lsl #2]
 8004640:	e137      	b.n	80048b2 <USB_ActivateEndpoint+0x4a0>
  }
#if (USE_USB_DOUBLE_BUFFER == 1U)
  /* Double Buffer */
  else
  {
    if (ep->type == EP_TYPE_BULK)
 8004642:	78ca      	ldrb	r2, [r1, #3]
 8004644:	2a02      	cmp	r2, #2
 8004646:	d07b      	beq.n	8004740 <USB_ActivateEndpoint+0x32e>
      PCD_SET_BULK_EP_DBUF(USBx, ep->num);
    }
    else
    {
      /* Set the ISOC endpoint in double buffer mode */
      PCD_CLEAR_EP_KIND(USBx, ep->num);
 8004648:	f891 c000 	ldrb.w	ip, [r1]
 800464c:	f833 202c 	ldrh.w	r2, [r3, ip, lsl #2]
 8004650:	b292      	uxth	r2, r2
 8004652:	f422 42e2 	bic.w	r2, r2, #28928	@ 0x7100
 8004656:	f022 0270 	bic.w	r2, r2, #112	@ 0x70
 800465a:	f442 4200 	orr.w	r2, r2, #32768	@ 0x8000
 800465e:	f042 0280 	orr.w	r2, r2, #128	@ 0x80
 8004662:	f823 202c 	strh.w	r2, [r3, ip, lsl #2]
    }

    /* Set buffer address for double buffered mode */
    PCD_SET_EP_DBUF_ADDR(USBx, ep->num, ep->pmaaddr0, ep->pmaaddr1);
 8004666:	f8b3 2050 	ldrh.w	r2, [r3, #80]	@ 0x50
 800466a:	fa13 f282 	uxtah	r2, r3, r2
 800466e:	f891 c000 	ldrb.w	ip, [r1]
 8004672:	eb02 02cc 	add.w	r2, r2, ip, lsl #3
 8004676:	f8b1 c008 	ldrh.w	ip, [r1, #8]
 800467a:	ea4f 0c5c 	mov.w	ip, ip, lsr #1
 800467e:	ea4f 0c4c 	mov.w	ip, ip, lsl #1
 8004682:	f8a2 c400 	strh.w	ip, [r2, #1024]	@ 0x400
 8004686:	f8b3 2050 	ldrh.w	r2, [r3, #80]	@ 0x50
 800468a:	fa13 f282 	uxtah	r2, r3, r2
 800468e:	f891 c000 	ldrb.w	ip, [r1]
 8004692:	eb02 02cc 	add.w	r2, r2, ip, lsl #3
 8004696:	f8b1 c00a 	ldrh.w	ip, [r1, #10]
 800469a:	ea4f 0c5c 	mov.w	ip, ip, lsr #1
 800469e:	ea4f 0c4c 	mov.w	ip, ip, lsl #1
 80046a2:	f8a2 c404 	strh.w	ip, [r2, #1028]	@ 0x404

    if (ep->is_in == 0U)
 80046a6:	784a      	ldrb	r2, [r1, #1]
 80046a8:	2a00      	cmp	r2, #0
 80046aa:	f040 8110 	bne.w	80048ce <USB_ActivateEndpoint+0x4bc>
    {
      /* Clear the data toggle bits for the endpoint IN/OUT */
      PCD_CLEAR_RX_DTOG(USBx, ep->num);
 80046ae:	f891 c000 	ldrb.w	ip, [r1]
 80046b2:	f833 202c 	ldrh.w	r2, [r3, ip, lsl #2]
 80046b6:	f412 4f80 	tst.w	r2, #16384	@ 0x4000
 80046ba:	d00c      	beq.n	80046d6 <USB_ActivateEndpoint+0x2c4>
 80046bc:	f833 202c 	ldrh.w	r2, [r3, ip, lsl #2]
 80046c0:	b292      	uxth	r2, r2
 80046c2:	f422 42e0 	bic.w	r2, r2, #28672	@ 0x7000
 80046c6:	f022 0270 	bic.w	r2, r2, #112	@ 0x70
 80046ca:	f442 4240 	orr.w	r2, r2, #49152	@ 0xc000
 80046ce:	f042 0280 	orr.w	r2, r2, #128	@ 0x80
 80046d2:	f823 202c 	strh.w	r2, [r3, ip, lsl #2]
      PCD_CLEAR_TX_DTOG(USBx, ep->num);
 80046d6:	f891 c000 	ldrb.w	ip, [r1]
 80046da:	f833 202c 	ldrh.w	r2, [r3, ip, lsl #2]
 80046de:	f012 0f40 	tst.w	r2, #64	@ 0x40
 80046e2:	d00c      	beq.n	80046fe <USB_ActivateEndpoint+0x2ec>
 80046e4:	f833 202c 	ldrh.w	r2, [r3, ip, lsl #2]
 80046e8:	b292      	uxth	r2, r2
 80046ea:	f422 42e0 	bic.w	r2, r2, #28672	@ 0x7000
 80046ee:	f022 0270 	bic.w	r2, r2, #112	@ 0x70
 80046f2:	f442 4200 	orr.w	r2, r2, #32768	@ 0x8000
 80046f6:	f042 02c0 	orr.w	r2, r2, #192	@ 0xc0
 80046fa:	f823 202c 	strh.w	r2, [r3, ip, lsl #2]

      /* Set endpoint RX count */
      PCD_SET_EP_DBUF_CNT(USBx, ep->num, ep->is_in, ep->maxpacket);
 80046fe:	784a      	ldrb	r2, [r1, #1]
 8004700:	2a00      	cmp	r2, #0
 8004702:	d15a      	bne.n	80047ba <USB_ActivateEndpoint+0x3a8>
 8004704:	f8b3 2050 	ldrh.w	r2, [r3, #80]	@ 0x50
 8004708:	fa13 f282 	uxtah	r2, r3, r2
 800470c:	f891 c000 	ldrb.w	ip, [r1]
 8004710:	eb02 02cc 	add.w	r2, r2, ip, lsl #3
 8004714:	f8b2 c402 	ldrh.w	ip, [r2, #1026]	@ 0x402
 8004718:	f3cc 0c09 	ubfx	ip, ip, #0, #10
 800471c:	f8a2 c402 	strh.w	ip, [r2, #1026]	@ 0x402
 8004720:	f8d1 c010 	ldr.w	ip, [r1, #16]
 8004724:	f1bc 0f00 	cmp.w	ip, #0
 8004728:	d11a      	bne.n	8004760 <USB_ActivateEndpoint+0x34e>
 800472a:	f8b2 c402 	ldrh.w	ip, [r2, #1026]	@ 0x402
 800472e:	ea6f 4c4c 	mvn.w	ip, ip, lsl #17
 8004732:	ea6f 4c5c 	mvn.w	ip, ip, lsr #17
 8004736:	fa1f fc8c 	uxth.w	ip, ip
 800473a:	f8a2 c402 	strh.w	ip, [r2, #1026]	@ 0x402
 800473e:	e03e      	b.n	80047be <USB_ActivateEndpoint+0x3ac>
      PCD_SET_BULK_EP_DBUF(USBx, ep->num);
 8004740:	f891 c000 	ldrb.w	ip, [r1]
 8004744:	f833 202c 	ldrh.w	r2, [r3, ip, lsl #2]
 8004748:	b292      	uxth	r2, r2
 800474a:	f422 42e0 	bic.w	r2, r2, #28672	@ 0x7000
 800474e:	f022 0270 	bic.w	r2, r2, #112	@ 0x70
 8004752:	f442 4201 	orr.w	r2, r2, #33024	@ 0x8100
 8004756:	f042 0280 	orr.w	r2, r2, #128	@ 0x80
 800475a:	f823 202c 	strh.w	r2, [r3, ip, lsl #2]
 800475e:	e782      	b.n	8004666 <USB_ActivateEndpoint+0x254>
      PCD_SET_EP_DBUF_CNT(USBx, ep->num, ep->is_in, ep->maxpacket);
 8004760:	f1bc 0f3e 	cmp.w	ip, #62	@ 0x3e
 8004764:	d813      	bhi.n	800478e <USB_ActivateEndpoint+0x37c>
 8004766:	ea4f 0e5c 	mov.w	lr, ip, lsr #1
 800476a:	f01c 0f01 	tst.w	ip, #1
 800476e:	d001      	beq.n	8004774 <USB_ActivateEndpoint+0x362>
 8004770:	f10e 0e01 	add.w	lr, lr, #1
 8004774:	f8b2 c402 	ldrh.w	ip, [r2, #1026]	@ 0x402
 8004778:	fa1f fc8c 	uxth.w	ip, ip
 800477c:	ea4f 2e8e 	mov.w	lr, lr, lsl #10
 8004780:	fa1f fe8e 	uxth.w	lr, lr
 8004784:	ea4c 0c0e 	orr.w	ip, ip, lr
 8004788:	f8a2 c402 	strh.w	ip, [r2, #1026]	@ 0x402
 800478c:	e017      	b.n	80047be <USB_ActivateEndpoint+0x3ac>
 800478e:	ea4f 1e5c 	mov.w	lr, ip, lsr #5
 8004792:	f01c 0f1f 	tst.w	ip, #31
 8004796:	d101      	bne.n	800479c <USB_ActivateEndpoint+0x38a>
 8004798:	f10e 3eff 	add.w	lr, lr, #4294967295	@ 0xffffffff
 800479c:	f8b2 c402 	ldrh.w	ip, [r2, #1026]	@ 0x402
 80047a0:	fa1f fc8c 	uxth.w	ip, ip
 80047a4:	ea4f 2e8e 	mov.w	lr, lr, lsl #10
 80047a8:	fa1f fe8e 	uxth.w	lr, lr
 80047ac:	ea4c 0c0e 	orr.w	ip, ip, lr
 80047b0:	f44c 4c00 	orr.w	ip, ip, #32768	@ 0x8000
 80047b4:	f8a2 c402 	strh.w	ip, [r2, #1026]	@ 0x402
 80047b8:	e001      	b.n	80047be <USB_ActivateEndpoint+0x3ac>
 80047ba:	2a01      	cmp	r2, #1
 80047bc:	d020      	beq.n	8004800 <USB_ActivateEndpoint+0x3ee>
 80047be:	784a      	ldrb	r2, [r1, #1]
 80047c0:	2a00      	cmp	r2, #0
 80047c2:	d157      	bne.n	8004874 <USB_ActivateEndpoint+0x462>
 80047c4:	f8b3 2050 	ldrh.w	r2, [r3, #80]	@ 0x50
 80047c8:	fa13 f282 	uxtah	r2, r3, r2
 80047cc:	f891 c000 	ldrb.w	ip, [r1]
 80047d0:	eb02 02cc 	add.w	r2, r2, ip, lsl #3
 80047d4:	f8b2 c406 	ldrh.w	ip, [r2, #1030]	@ 0x406
 80047d8:	f3cc 0c09 	ubfx	ip, ip, #0, #10
 80047dc:	f8a2 c406 	strh.w	ip, [r2, #1030]	@ 0x406
 80047e0:	f8d1 c010 	ldr.w	ip, [r1, #16]
 80047e4:	f1bc 0f00 	cmp.w	ip, #0
 80047e8:	d117      	bne.n	800481a <USB_ActivateEndpoint+0x408>
 80047ea:	f8b2 c406 	ldrh.w	ip, [r2, #1030]	@ 0x406
 80047ee:	ea6f 4c4c 	mvn.w	ip, ip, lsl #17
 80047f2:	ea6f 4c5c 	mvn.w	ip, ip, lsr #17
 80047f6:	fa1f fc8c 	uxth.w	ip, ip
 80047fa:	f8a2 c406 	strh.w	ip, [r2, #1030]	@ 0x406
 80047fe:	e03b      	b.n	8004878 <USB_ActivateEndpoint+0x466>
 8004800:	f8b3 2050 	ldrh.w	r2, [r3, #80]	@ 0x50
 8004804:	fa13 f282 	uxtah	r2, r3, r2
 8004808:	f891 c000 	ldrb.w	ip, [r1]
 800480c:	eb02 02cc 	add.w	r2, r2, ip, lsl #3
 8004810:	f8b1 c010 	ldrh.w	ip, [r1, #16]
 8004814:	f8a2 c402 	strh.w	ip, [r2, #1026]	@ 0x402
 8004818:	e7d1      	b.n	80047be <USB_ActivateEndpoint+0x3ac>
 800481a:	f1bc 0f3e 	cmp.w	ip, #62	@ 0x3e
 800481e:	d813      	bhi.n	8004848 <USB_ActivateEndpoint+0x436>
 8004820:	ea4f 0e5c 	mov.w	lr, ip, lsr #1
 8004824:	f01c 0f01 	tst.w	ip, #1
 8004828:	d001      	beq.n	800482e <USB_ActivateEndpoint+0x41c>
 800482a:	f10e 0e01 	add.w	lr, lr, #1
 800482e:	f8b2 c406 	ldrh.w	ip, [r2, #1030]	@ 0x406
 8004832:	fa1f fc8c 	uxth.w	ip, ip
 8004836:	ea4f 2e8e 	mov.w	lr, lr, lsl #10
 800483a:	fa1f fe8e 	uxth.w	lr, lr
 800483e:	ea4c 0c0e 	orr.w	ip, ip, lr
 8004842:	f8a2 c406 	strh.w	ip, [r2, #1030]	@ 0x406
 8004846:	e017      	b.n	8004878 <USB_ActivateEndpoint+0x466>
 8004848:	ea4f 1e5c 	mov.w	lr, ip, lsr #5
 800484c:	f01c 0f1f 	tst.w	ip, #31
 8004850:	d101      	bne.n	8004856 <USB_ActivateEndpoint+0x444>
 8004852:	f10e 3eff 	add.w	lr, lr, #4294967295	@ 0xffffffff
 8004856:	f8b2 c406 	ldrh.w	ip, [r2, #1030]	@ 0x406
 800485a:	fa1f fc8c 	uxth.w	ip, ip
 800485e:	ea4f 2e8e 	mov.w	lr, lr, lsl #10
 8004862:	fa1f fe8e 	uxth.w	lr, lr
 8004866:	ea4c 0c0e 	orr.w	ip, ip, lr
 800486a:	f44c 4c00 	orr.w	ip, ip, #32768	@ 0x8000
 800486e:	f8a2 c406 	strh.w	ip, [r2, #1030]	@ 0x406
 8004872:	e001      	b.n	8004878 <USB_ActivateEndpoint+0x466>
 8004874:	2a01      	cmp	r2, #1
 8004876:	d01d      	beq.n	80048b4 <USB_ActivateEndpoint+0x4a2>

      /* Set endpoint RX to valid state */
      PCD_SET_EP_RX_STATUS(USBx, ep->num, USB_EP_RX_VALID);
 8004878:	f891 e000 	ldrb.w	lr, [r1]
 800487c:	f833 202e 	ldrh.w	r2, [r3, lr, lsl #2]
 8004880:	b292      	uxth	r2, r2
 8004882:	f422 4280 	bic.w	r2, r2, #16384	@ 0x4000
 8004886:	f022 0270 	bic.w	r2, r2, #112	@ 0x70
 800488a:	f482 5240 	eor.w	r2, r2, #12288	@ 0x3000
 800488e:	f248 0c80 	movw	ip, #32896	@ 0x8080
 8004892:	ea42 020c 	orr.w	r2, r2, ip
 8004896:	f823 202e 	strh.w	r2, [r3, lr, lsl #2]
      PCD_SET_EP_TX_STATUS(USBx, ep->num, USB_EP_TX_DIS);
 800489a:	7809      	ldrb	r1, [r1, #0]
 800489c:	f833 2021 	ldrh.w	r2, [r3, r1, lsl #2]
 80048a0:	b292      	uxth	r2, r2
 80048a2:	f422 42e0 	bic.w	r2, r2, #28672	@ 0x7000
 80048a6:	f022 0240 	bic.w	r2, r2, #64	@ 0x40
 80048aa:	ea42 020c 	orr.w	r2, r2, ip
 80048ae:	f823 2021 	strh.w	r2, [r3, r1, lsl #2]
    }
  }
#endif /* (USE_USB_DOUBLE_BUFFER == 1U) */

  return ret;
}
 80048b2:	bd00      	pop	{pc}
      PCD_SET_EP_DBUF_CNT(USBx, ep->num, ep->is_in, ep->maxpacket);
 80048b4:	f8b3 2050 	ldrh.w	r2, [r3, #80]	@ 0x50
 80048b8:	fa13 f282 	uxtah	r2, r3, r2
 80048bc:	f891 c000 	ldrb.w	ip, [r1]
 80048c0:	eb02 02cc 	add.w	r2, r2, ip, lsl #3
 80048c4:	f8b1 c010 	ldrh.w	ip, [r1, #16]
 80048c8:	f8a2 c406 	strh.w	ip, [r2, #1030]	@ 0x406
 80048cc:	e7d4      	b.n	8004878 <USB_ActivateEndpoint+0x466>
      PCD_CLEAR_RX_DTOG(USBx, ep->num);
 80048ce:	f891 c000 	ldrb.w	ip, [r1]
 80048d2:	f833 202c 	ldrh.w	r2, [r3, ip, lsl #2]
 80048d6:	f412 4f80 	tst.w	r2, #16384	@ 0x4000
 80048da:	d00c      	beq.n	80048f6 <USB_ActivateEndpoint+0x4e4>
 80048dc:	f833 202c 	ldrh.w	r2, [r3, ip, lsl #2]
 80048e0:	b292      	uxth	r2, r2
 80048e2:	f422 42e0 	bic.w	r2, r2, #28672	@ 0x7000
 80048e6:	f022 0270 	bic.w	r2, r2, #112	@ 0x70
 80048ea:	f442 4240 	orr.w	r2, r2, #49152	@ 0xc000
 80048ee:	f042 0280 	orr.w	r2, r2, #128	@ 0x80
 80048f2:	f823 202c 	strh.w	r2, [r3, ip, lsl #2]
      PCD_CLEAR_TX_DTOG(USBx, ep->num);
 80048f6:	f891 c000 	ldrb.w	ip, [r1]
 80048fa:	f833 202c 	ldrh.w	r2, [r3, ip, lsl #2]
 80048fe:	f012 0f40 	tst.w	r2, #64	@ 0x40
 8004902:	d00c      	beq.n	800491e <USB_ActivateEndpoint+0x50c>
 8004904:	f833 202c 	ldrh.w	r2, [r3, ip, lsl #2]
 8004908:	b292      	uxth	r2, r2
 800490a:	f422 42e0 	bic.w	r2, r2, #28672	@ 0x7000
 800490e:	f022 0270 	bic.w	r2, r2, #112	@ 0x70
 8004912:	f442 4200 	orr.w	r2, r2, #32768	@ 0x8000
 8004916:	f042 02c0 	orr.w	r2, r2, #192	@ 0xc0
 800491a:	f823 202c 	strh.w	r2, [r3, ip, lsl #2]
      if (ep->type != EP_TYPE_ISOC)
 800491e:	78ca      	ldrb	r2, [r1, #3]
 8004920:	2a01      	cmp	r2, #1
 8004922:	d01f      	beq.n	8004964 <USB_ActivateEndpoint+0x552>
        PCD_SET_EP_TX_STATUS(USBx, ep->num, USB_EP_TX_NAK);
 8004924:	f891 c000 	ldrb.w	ip, [r1]
 8004928:	f833 202c 	ldrh.w	r2, [r3, ip, lsl #2]
 800492c:	b292      	uxth	r2, r2
 800492e:	f422 42e0 	bic.w	r2, r2, #28672	@ 0x7000
 8004932:	f022 0240 	bic.w	r2, r2, #64	@ 0x40
 8004936:	f082 0220 	eor.w	r2, r2, #32
 800493a:	f442 4200 	orr.w	r2, r2, #32768	@ 0x8000
 800493e:	f042 0280 	orr.w	r2, r2, #128	@ 0x80
 8004942:	f823 202c 	strh.w	r2, [r3, ip, lsl #2]
      PCD_SET_EP_RX_STATUS(USBx, ep->num, USB_EP_RX_DIS);
 8004946:	7809      	ldrb	r1, [r1, #0]
 8004948:	f833 2021 	ldrh.w	r2, [r3, r1, lsl #2]
 800494c:	b292      	uxth	r2, r2
 800494e:	f422 4280 	bic.w	r2, r2, #16384	@ 0x4000
 8004952:	f022 0270 	bic.w	r2, r2, #112	@ 0x70
 8004956:	f442 4200 	orr.w	r2, r2, #32768	@ 0x8000
 800495a:	f042 0280 	orr.w	r2, r2, #128	@ 0x80
 800495e:	f823 2021 	strh.w	r2, [r3, r1, lsl #2]
 8004962:	e7a6      	b.n	80048b2 <USB_ActivateEndpoint+0x4a0>
        PCD_SET_EP_TX_STATUS(USBx, ep->num, USB_EP_TX_DIS);
 8004964:	f891 c000 	ldrb.w	ip, [r1]
 8004968:	f833 202c 	ldrh.w	r2, [r3, ip, lsl #2]
 800496c:	b292      	uxth	r2, r2
 800496e:	f422 42e0 	bic.w	r2, r2, #28672	@ 0x7000
 8004972:	f022 0240 	bic.w	r2, r2, #64	@ 0x40
 8004976:	f442 4200 	orr.w	r2, r2, #32768	@ 0x8000
 800497a:	f042 0280 	orr.w	r2, r2, #128	@ 0x80
 800497e:	f823 202c 	strh.w	r2, [r3, ip, lsl #2]
 8004982:	e7e0      	b.n	8004946 <USB_ActivateEndpoint+0x534>

08004984 <USB_DeactivateEndpoint>:
  * @param  ep pointer to endpoint structure
  * @retval HAL status
  */
HAL_StatusTypeDef USB_DeactivateEndpoint(USB_TypeDef *USBx, USB_EPTypeDef *ep)
{
  if (ep->doublebuffer == 0U)
 8004984:	7b0b      	ldrb	r3, [r1, #12]
 8004986:	2b00      	cmp	r3, #0
 8004988:	d146      	bne.n	8004a18 <USB_DeactivateEndpoint+0x94>
  {
    if (ep->is_in != 0U)
 800498a:	784b      	ldrb	r3, [r1, #1]
 800498c:	b313      	cbz	r3, 80049d4 <USB_DeactivateEndpoint+0x50>
    {
      PCD_CLEAR_TX_DTOG(USBx, ep->num);
 800498e:	780a      	ldrb	r2, [r1, #0]
 8004990:	f830 3022 	ldrh.w	r3, [r0, r2, lsl #2]
 8004994:	f013 0f40 	tst.w	r3, #64	@ 0x40
 8004998:	d00c      	beq.n	80049b4 <USB_DeactivateEndpoint+0x30>
 800499a:	f830 3022 	ldrh.w	r3, [r0, r2, lsl #2]
 800499e:	b29b      	uxth	r3, r3
 80049a0:	f423 43e0 	bic.w	r3, r3, #28672	@ 0x7000
 80049a4:	f023 0370 	bic.w	r3, r3, #112	@ 0x70
 80049a8:	f443 4300 	orr.w	r3, r3, #32768	@ 0x8000
 80049ac:	f043 03c0 	orr.w	r3, r3, #192	@ 0xc0
 80049b0:	f820 3022 	strh.w	r3, [r0, r2, lsl #2]

      /* Configure DISABLE status for the Endpoint */
      PCD_SET_EP_TX_STATUS(USBx, ep->num, USB_EP_TX_DIS);
 80049b4:	780a      	ldrb	r2, [r1, #0]
 80049b6:	f830 3022 	ldrh.w	r3, [r0, r2, lsl #2]
 80049ba:	b29b      	uxth	r3, r3
 80049bc:	f423 43e0 	bic.w	r3, r3, #28672	@ 0x7000
 80049c0:	f023 0340 	bic.w	r3, r3, #64	@ 0x40
 80049c4:	f443 4300 	orr.w	r3, r3, #32768	@ 0x8000
 80049c8:	f043 0380 	orr.w	r3, r3, #128	@ 0x80
 80049cc:	f820 3022 	strh.w	r3, [r0, r2, lsl #2]
    }
  }
#endif /* (USE_USB_DOUBLE_BUFFER == 1U) */

  return HAL_OK;
}
 80049d0:	2000      	movs	r0, #0
 80049d2:	4770      	bx	lr
      PCD_CLEAR_RX_DTOG(USBx, ep->num);
 80049d4:	780a      	ldrb	r2, [r1, #0]
 80049d6:	f830 3022 	ldrh.w	r3, [r0, r2, lsl #2]
 80049da:	f413 4f80 	tst.w	r3, #16384	@ 0x4000
 80049de:	d00c      	beq.n	80049fa <USB_DeactivateEndpoint+0x76>
 80049e0:	f830 3022 	ldrh.w	r3, [r0, r2, lsl #2]
 80049e4:	b29b      	uxth	r3, r3
 80049e6:	f423 43e0 	bic.w	r3, r3, #28672	@ 0x7000
 80049ea:	f023 0370 	bic.w	r3, r3, #112	@ 0x70
 80049ee:	f443 4340 	orr.w	r3, r3, #49152	@ 0xc000
 80049f2:	f043 0380 	orr.w	r3, r3, #128	@ 0x80
 80049f6:	f820 3022 	strh.w	r3, [r0, r2, lsl #2]
      PCD_SET_EP_RX_STATUS(USBx, ep->num, USB_EP_RX_DIS);
 80049fa:	780a      	ldrb	r2, [r1, #0]
 80049fc:	f830 3022 	ldrh.w	r3, [r0, r2, lsl #2]
 8004a00:	b29b      	uxth	r3, r3
 8004a02:	f423 4380 	bic.w	r3, r3, #16384	@ 0x4000
 8004a06:	f023 0370 	bic.w	r3, r3, #112	@ 0x70
 8004a0a:	f443 4300 	orr.w	r3, r3, #32768	@ 0x8000
 8004a0e:	f043 0380 	orr.w	r3, r3, #128	@ 0x80
 8004a12:	f820 3022 	strh.w	r3, [r0, r2, lsl #2]
 8004a16:	e7db      	b.n	80049d0 <USB_DeactivateEndpoint+0x4c>
    if (ep->is_in == 0U)
 8004a18:	784b      	ldrb	r3, [r1, #1]
 8004a1a:	2b00      	cmp	r3, #0
 8004a1c:	d14e      	bne.n	8004abc <USB_DeactivateEndpoint+0x138>
      PCD_CLEAR_RX_DTOG(USBx, ep->num);
 8004a1e:	780a      	ldrb	r2, [r1, #0]
 8004a20:	f830 3022 	ldrh.w	r3, [r0, r2, lsl #2]
 8004a24:	f413 4f80 	tst.w	r3, #16384	@ 0x4000
 8004a28:	d00c      	beq.n	8004a44 <USB_DeactivateEndpoint+0xc0>
 8004a2a:	f830 3022 	ldrh.w	r3, [r0, r2, lsl #2]
 8004a2e:	b29b      	uxth	r3, r3
 8004a30:	f423 43e0 	bic.w	r3, r3, #28672	@ 0x7000
 8004a34:	f023 0370 	bic.w	r3, r3, #112	@ 0x70
 8004a38:	f443 4340 	orr.w	r3, r3, #49152	@ 0xc000
 8004a3c:	f043 0380 	orr.w	r3, r3, #128	@ 0x80
 8004a40:	f820 3022 	strh.w	r3, [r0, r2, lsl #2]
      PCD_CLEAR_TX_DTOG(USBx, ep->num);
 8004a44:	780a      	ldrb	r2, [r1, #0]
 8004a46:	f830 3022 	ldrh.w	r3, [r0, r2, lsl #2]
 8004a4a:	f013 0f40 	tst.w	r3, #64	@ 0x40
 8004a4e:	d00c      	beq.n	8004a6a <USB_DeactivateEndpoint+0xe6>
 8004a50:	f830 3022 	ldrh.w	r3, [r0, r2, lsl #2]
 8004a54:	b29b      	uxth	r3, r3
 8004a56:	f423 43e0 	bic.w	r3, r3, #28672	@ 0x7000
 8004a5a:	f023 0370 	bic.w	r3, r3, #112	@ 0x70
 8004a5e:	f443 4300 	orr.w	r3, r3, #32768	@ 0x8000
 8004a62:	f043 03c0 	orr.w	r3, r3, #192	@ 0xc0
 8004a66:	f820 3022 	strh.w	r3, [r0, r2, lsl #2]
      PCD_TX_DTOG(USBx, ep->num);
 8004a6a:	780a      	ldrb	r2, [r1, #0]
 8004a6c:	f830 3022 	ldrh.w	r3, [r0, r2, lsl #2]
 8004a70:	b29b      	uxth	r3, r3
 8004a72:	f423 43e0 	bic.w	r3, r3, #28672	@ 0x7000
 8004a76:	f023 0370 	bic.w	r3, r3, #112	@ 0x70
 8004a7a:	f443 4300 	orr.w	r3, r3, #32768	@ 0x8000
 8004a7e:	f043 03c0 	orr.w	r3, r3, #192	@ 0xc0
 8004a82:	f820 3022 	strh.w	r3, [r0, r2, lsl #2]
      PCD_SET_EP_RX_STATUS(USBx, ep->num, USB_EP_RX_DIS);
 8004a86:	780a      	ldrb	r2, [r1, #0]
 8004a88:	f830 3022 	ldrh.w	r3, [r0, r2, lsl #2]
 8004a8c:	b29b      	uxth	r3, r3
 8004a8e:	f423 4380 	bic.w	r3, r3, #16384	@ 0x4000
 8004a92:	f023 0370 	bic.w	r3, r3, #112	@ 0x70
 8004a96:	f248 0c80 	movw	ip, #32896	@ 0x8080
 8004a9a:	ea43 030c 	orr.w	r3, r3, ip
 8004a9e:	f820 3022 	strh.w	r3, [r0, r2, lsl #2]
      PCD_SET_EP_TX_STATUS(USBx, ep->num, USB_EP_TX_DIS);
 8004aa2:	780a      	ldrb	r2, [r1, #0]
 8004aa4:	f830 3022 	ldrh.w	r3, [r0, r2, lsl #2]
 8004aa8:	b29b      	uxth	r3, r3
 8004aaa:	f423 43e0 	bic.w	r3, r3, #28672	@ 0x7000
 8004aae:	f023 0340 	bic.w	r3, r3, #64	@ 0x40
 8004ab2:	ea43 030c 	orr.w	r3, r3, ip
 8004ab6:	f820 3022 	strh.w	r3, [r0, r2, lsl #2]
 8004aba:	e789      	b.n	80049d0 <USB_DeactivateEndpoint+0x4c>
      PCD_CLEAR_RX_DTOG(USBx, ep->num);
 8004abc:	780a      	ldrb	r2, [r1, #0]
 8004abe:	f830 3022 	ldrh.w	r3, [r0, r2, lsl #2]
 8004ac2:	f413 4f80 	tst.w	r3, #16384	@ 0x4000
 8004ac6:	d00c      	beq.n	8004ae2 <USB_DeactivateEndpoint+0x15e>
 8004ac8:	f830 3022 	ldrh.w	r3, [r0, r2, lsl #2]
 8004acc:	b29b      	uxth	r3, r3
 8004ace:	f423 43e0 	bic.w	r3, r3, #28672	@ 0x7000
 8004ad2:	f023 0370 	bic.w	r3, r3, #112	@ 0x70
 8004ad6:	f443 4340 	orr.w	r3, r3, #49152	@ 0xc000
 8004ada:	f043 0380 	orr.w	r3, r3, #128	@ 0x80
 8004ade:	f820 3022 	strh.w	r3, [r0, r2, lsl #2]
      PCD_CLEAR_TX_DTOG(USBx, ep->num);
 8004ae2:	780a      	ldrb	r2, [r1, #0]
 8004ae4:	f830 3022 	ldrh.w	r3, [r0, r2, lsl #2]
 8004ae8:	f013 0f40 	tst.w	r3, #64	@ 0x40
 8004aec:	d00c      	beq.n	8004b08 <USB_DeactivateEndpoint+0x184>
 8004aee:	f830 3022 	ldrh.w	r3, [r0, r2, lsl #2]
 8004af2:	b29b      	uxth	r3, r3
 8004af4:	f423 43e0 	bic.w	r3, r3, #28672	@ 0x7000
 8004af8:	f023 0370 	bic.w	r3, r3, #112	@ 0x70
 8004afc:	f443 4300 	orr.w	r3, r3, #32768	@ 0x8000
 8004b00:	f043 03c0 	orr.w	r3, r3, #192	@ 0xc0
 8004b04:	f820 3022 	strh.w	r3, [r0, r2, lsl #2]
      PCD_RX_DTOG(USBx, ep->num);
 8004b08:	780a      	ldrb	r2, [r1, #0]
 8004b0a:	f830 3022 	ldrh.w	r3, [r0, r2, lsl #2]
 8004b0e:	b29b      	uxth	r3, r3
 8004b10:	f423 43e0 	bic.w	r3, r3, #28672	@ 0x7000
 8004b14:	f023 0370 	bic.w	r3, r3, #112	@ 0x70
 8004b18:	f443 4340 	orr.w	r3, r3, #49152	@ 0xc000
 8004b1c:	f043 0380 	orr.w	r3, r3, #128	@ 0x80
 8004b20:	f820 3022 	strh.w	r3, [r0, r2, lsl #2]
      PCD_SET_EP_TX_STATUS(USBx, ep->num, USB_EP_TX_DIS);
 8004b24:	780a      	ldrb	r2, [r1, #0]
 8004b26:	f830 3022 	ldrh.w	r3, [r0, r2, lsl #2]
 8004b2a:	b29b      	uxth	r3, r3
 8004b2c:	f423 43e0 	bic.w	r3, r3, #28672	@ 0x7000
 8004b30:	f023 0340 	bic.w	r3, r3, #64	@ 0x40
 8004b34:	f248 0c80 	movw	ip, #32896	@ 0x8080
 8004b38:	ea43 030c 	orr.w	r3, r3, ip
 8004b3c:	f820 3022 	strh.w	r3, [r0, r2, lsl #2]
      PCD_SET_EP_RX_STATUS(USBx, ep->num, USB_EP_RX_DIS);
 8004b40:	780a      	ldrb	r2, [r1, #0]
 8004b42:	f830 3022 	ldrh.w	r3, [r0, r2, lsl #2]
 8004b46:	b29b      	uxth	r3, r3
 8004b48:	f423 4380 	bic.w	r3, r3, #16384	@ 0x4000
 8004b4c:	f023 0370 	bic.w	r3, r3, #112	@ 0x70
 8004b50:	ea43 030c 	orr.w	r3, r3, ip
 8004b54:	f820 3022 	strh.w	r3, [r0, r2, lsl #2]
 8004b58:	e73a      	b.n	80049d0 <USB_DeactivateEndpoint+0x4c>

08004b5a <USB_EPSetStall>:
  * @param  ep pointer to endpoint structure
  * @retval HAL status
  */
HAL_StatusTypeDef USB_EPSetStall(USB_TypeDef *USBx, USB_EPTypeDef *ep)
{
  if (ep->is_in != 0U)
 8004b5a:	784b      	ldrb	r3, [r1, #1]
 8004b5c:	b18b      	cbz	r3, 8004b82 <USB_EPSetStall+0x28>
  {
    PCD_SET_EP_TX_STATUS(USBx, ep->num, USB_EP_TX_STALL);
 8004b5e:	780a      	ldrb	r2, [r1, #0]
 8004b60:	f830 3022 	ldrh.w	r3, [r0, r2, lsl #2]
 8004b64:	b29b      	uxth	r3, r3
 8004b66:	f423 43e0 	bic.w	r3, r3, #28672	@ 0x7000
 8004b6a:	f023 0340 	bic.w	r3, r3, #64	@ 0x40
 8004b6e:	f083 0310 	eor.w	r3, r3, #16
 8004b72:	f443 4300 	orr.w	r3, r3, #32768	@ 0x8000
 8004b76:	f043 0380 	orr.w	r3, r3, #128	@ 0x80
 8004b7a:	f820 3022 	strh.w	r3, [r0, r2, lsl #2]
  {
    PCD_SET_EP_RX_STATUS(USBx, ep->num, USB_EP_RX_STALL);
  }

  return HAL_OK;
}
 8004b7e:	2000      	movs	r0, #0
 8004b80:	4770      	bx	lr
    PCD_SET_EP_RX_STATUS(USBx, ep->num, USB_EP_RX_STALL);
 8004b82:	780a      	ldrb	r2, [r1, #0]
 8004b84:	f830 3022 	ldrh.w	r3, [r0, r2, lsl #2]
 8004b88:	b29b      	uxth	r3, r3
 8004b8a:	f423 4380 	bic.w	r3, r3, #16384	@ 0x4000
 8004b8e:	f023 0370 	bic.w	r3, r3, #112	@ 0x70
 8004b92:	f483 5380 	eor.w	r3, r3, #4096	@ 0x1000
 8004b96:	f443 4300 	orr.w	r3, r3, #32768	@ 0x8000
 8004b9a:	f043 0380 	orr.w	r3, r3, #128	@ 0x80
 8004b9e:	f820 3022 	strh.w	r3, [r0, r2, lsl #2]
 8004ba2:	e7ec      	b.n	8004b7e <USB_EPSetStall+0x24>

08004ba4 <USB_EPClearStall>:
  * @param  ep pointer to endpoint structure
  * @retval HAL status
  */
HAL_StatusTypeDef USB_EPClearStall(USB_TypeDef *USBx, USB_EPTypeDef *ep)
{
  if (ep->is_in != 0U)
 8004ba4:	784b      	ldrb	r3, [r1, #1]
 8004ba6:	b333      	cbz	r3, 8004bf6 <USB_EPClearStall+0x52>
  {
    PCD_CLEAR_TX_DTOG(USBx, ep->num);
 8004ba8:	780a      	ldrb	r2, [r1, #0]
 8004baa:	f830 3022 	ldrh.w	r3, [r0, r2, lsl #2]
 8004bae:	f013 0f40 	tst.w	r3, #64	@ 0x40
 8004bb2:	d00c      	beq.n	8004bce <USB_EPClearStall+0x2a>
 8004bb4:	f830 3022 	ldrh.w	r3, [r0, r2, lsl #2]
 8004bb8:	b29b      	uxth	r3, r3
 8004bba:	f423 43e0 	bic.w	r3, r3, #28672	@ 0x7000
 8004bbe:	f023 0370 	bic.w	r3, r3, #112	@ 0x70
 8004bc2:	f443 4300 	orr.w	r3, r3, #32768	@ 0x8000
 8004bc6:	f043 03c0 	orr.w	r3, r3, #192	@ 0xc0
 8004bca:	f820 3022 	strh.w	r3, [r0, r2, lsl #2]

    if (ep->type != EP_TYPE_ISOC)
 8004bce:	78cb      	ldrb	r3, [r1, #3]
 8004bd0:	2b01      	cmp	r3, #1
 8004bd2:	d033      	beq.n	8004c3c <USB_EPClearStall+0x98>
    {
      /* Configure NAK status for the Endpoint */
      PCD_SET_EP_TX_STATUS(USBx, ep->num, USB_EP_TX_NAK);
 8004bd4:	780a      	ldrb	r2, [r1, #0]
 8004bd6:	f830 3022 	ldrh.w	r3, [r0, r2, lsl #2]
 8004bda:	b29b      	uxth	r3, r3
 8004bdc:	f423 43e0 	bic.w	r3, r3, #28672	@ 0x7000
 8004be0:	f023 0340 	bic.w	r3, r3, #64	@ 0x40
 8004be4:	f083 0320 	eor.w	r3, r3, #32
 8004be8:	f443 4300 	orr.w	r3, r3, #32768	@ 0x8000
 8004bec:	f043 0380 	orr.w	r3, r3, #128	@ 0x80
 8004bf0:	f820 3022 	strh.w	r3, [r0, r2, lsl #2]
 8004bf4:	e022      	b.n	8004c3c <USB_EPClearStall+0x98>
    }
  }
  else
  {
    PCD_CLEAR_RX_DTOG(USBx, ep->num);
 8004bf6:	780a      	ldrb	r2, [r1, #0]
 8004bf8:	f830 3022 	ldrh.w	r3, [r0, r2, lsl #2]
 8004bfc:	f413 4f80 	tst.w	r3, #16384	@ 0x4000
 8004c00:	d00c      	beq.n	8004c1c <USB_EPClearStall+0x78>
 8004c02:	f830 3022 	ldrh.w	r3, [r0, r2, lsl #2]
 8004c06:	b29b      	uxth	r3, r3
 8004c08:	f423 43e0 	bic.w	r3, r3, #28672	@ 0x7000
 8004c0c:	f023 0370 	bic.w	r3, r3, #112	@ 0x70
 8004c10:	f443 4340 	orr.w	r3, r3, #49152	@ 0xc000
 8004c14:	f043 0380 	orr.w	r3, r3, #128	@ 0x80
 8004c18:	f820 3022 	strh.w	r3, [r0, r2, lsl #2]

    /* Configure VALID status for the Endpoint */
    PCD_SET_EP_RX_STATUS(USBx, ep->num, USB_EP_RX_VALID);
 8004c1c:	780a      	ldrb	r2, [r1, #0]
 8004c1e:	f830 3022 	ldrh.w	r3, [r0, r2, lsl #2]
 8004c22:	b29b      	uxth	r3, r3
 8004c24:	f423 4380 	bic.w	r3, r3, #16384	@ 0x4000
 8004c28:	f023 0370 	bic.w	r3, r3, #112	@ 0x70
 8004c2c:	f483 5340 	eor.w	r3, r3, #12288	@ 0x3000
 8004c30:	f443 4300 	orr.w	r3, r3, #32768	@ 0x8000
 8004c34:	f043 0380 	orr.w	r3, r3, #128	@ 0x80
 8004c38:	f820 3022 	strh.w	r3, [r0, r2, lsl #2]
  }

  return HAL_OK;
}
 8004c3c:	2000      	movs	r0, #0
 8004c3e:	4770      	bx	lr

08004c40 <USB_SetDevAddress>:
  *          This parameter can be a value from 0 to 255
  * @retval HAL status
  */
HAL_StatusTypeDef  USB_SetDevAddress(USB_TypeDef *USBx, uint8_t address)
{
  if (address == 0U)
 8004c40:	b911      	cbnz	r1, 8004c48 <USB_SetDevAddress+0x8>
  {
    /* set device address and enable function */
    USBx->DADDR = (uint16_t)USB_DADDR_EF;
 8004c42:	2380      	movs	r3, #128	@ 0x80
 8004c44:	f8a0 304c 	strh.w	r3, [r0, #76]	@ 0x4c
  }

  return HAL_OK;
}
 8004c48:	2000      	movs	r0, #0
 8004c4a:	4770      	bx	lr

08004c4c <USB_DevConnect>:
  * @retval HAL status
  */
HAL_StatusTypeDef  USB_DevConnect(USB_TypeDef *USBx)
{
  /* Enabling DP Pull-UP bit to Connect internal PU resistor on USB DP line */
  USBx->BCDR |= (uint16_t)USB_BCDR_DPPU;
 8004c4c:	f8b0 3058 	ldrh.w	r3, [r0, #88]	@ 0x58
 8004c50:	ea6f 4343 	mvn.w	r3, r3, lsl #17
 8004c54:	ea6f 4353 	mvn.w	r3, r3, lsr #17
 8004c58:	b29b      	uxth	r3, r3
 8004c5a:	f8a0 3058 	strh.w	r3, [r0, #88]	@ 0x58

  return HAL_OK;
}
 8004c5e:	2000      	movs	r0, #0
 8004c60:	4770      	bx	lr

08004c62 <USB_ReadInterrupts>:
  */
uint32_t USB_ReadInterrupts(USB_TypeDef const *USBx)
{
  uint32_t tmpreg;

  tmpreg = USBx->ISTR;
 8004c62:	f8b0 0044 	ldrh.w	r0, [r0, #68]	@ 0x44
  return tmpreg;
}
 8004c66:	b280      	uxth	r0, r0
 8004c68:	4770      	bx	lr

08004c6a <USB_WritePMA>:
  * @param   wNBytes no. of bytes to be copied.
  * @retval None
  */
void USB_WritePMA(USB_TypeDef const *USBx, uint8_t *pbUsrBuf, uint16_t wPMABufAddr, uint16_t wNBytes)
{
  uint32_t n = ((uint32_t)wNBytes + 1U) >> 1;
 8004c6a:	3301      	adds	r3, #1
 8004c6c:	085b      	lsrs	r3, r3, #1
  uint32_t count;
  uint16_t WrVal;
  __IO uint16_t *pdwVal;
  uint8_t *pBuf = pbUsrBuf;

  pdwVal = (__IO uint16_t *)(BaseAddr + 0x400U + ((uint32_t)wPMABufAddr * PMA_ACCESS));
 8004c6e:	4410      	add	r0, r2
 8004c70:	f500 6080 	add.w	r0, r0, #1024	@ 0x400

  for (count = n; count != 0U; count--)
 8004c74:	e008      	b.n	8004c88 <USB_WritePMA+0x1e>
  {
    WrVal = pBuf[0];
 8004c76:	780a      	ldrb	r2, [r1, #0]
    WrVal |= (uint16_t)pBuf[1] << 8;
 8004c78:	f891 c001 	ldrb.w	ip, [r1, #1]
 8004c7c:	ea42 220c 	orr.w	r2, r2, ip, lsl #8
    *pdwVal = (WrVal & 0xFFFFU);
 8004c80:	f820 2b02 	strh.w	r2, [r0], #2
#if PMA_ACCESS > 1U
    pdwVal++;
#endif /* PMA_ACCESS */

    pBuf++;
    pBuf++;
 8004c84:	3102      	adds	r1, #2
  for (count = n; count != 0U; count--)
 8004c86:	3b01      	subs	r3, #1
 8004c88:	2b00      	cmp	r3, #0
 8004c8a:	d1f4      	bne.n	8004c76 <USB_WritePMA+0xc>
  }
}
 8004c8c:	4770      	bx	lr

08004c8e <USB_EPStartXfer>:
{
 8004c8e:	b570      	push	{r4, r5, r6, lr}
 8004c90:	4605      	mov	r5, r0
 8004c92:	460c      	mov	r4, r1
  if (ep->is_in == 1U)
 8004c94:	784b      	ldrb	r3, [r1, #1]
 8004c96:	2b01      	cmp	r3, #1
 8004c98:	d01a      	beq.n	8004cd0 <USB_EPStartXfer+0x42>
    if (ep->doublebuffer == 0U)
 8004c9a:	7b0b      	ldrb	r3, [r1, #12]
 8004c9c:	2b00      	cmp	r3, #0
 8004c9e:	f040 8294 	bne.w	80051ca <USB_EPStartXfer+0x53c>
      if ((ep->xfer_len == 0U) && (ep->type == EP_TYPE_CTRL))
 8004ca2:	698b      	ldr	r3, [r1, #24]
 8004ca4:	2b00      	cmp	r3, #0
 8004ca6:	f040 8267 	bne.w	8005178 <USB_EPStartXfer+0x4ea>
 8004caa:	78cb      	ldrb	r3, [r1, #3]
 8004cac:	2b00      	cmp	r3, #0
 8004cae:	f040 8263 	bne.w	8005178 <USB_EPStartXfer+0x4ea>
        PCD_SET_OUT_STATUS(USBx, ep->num);
 8004cb2:	780a      	ldrb	r2, [r1, #0]
 8004cb4:	f830 3022 	ldrh.w	r3, [r0, r2, lsl #2]
 8004cb8:	b29b      	uxth	r3, r3
 8004cba:	f423 43e0 	bic.w	r3, r3, #28672	@ 0x7000
 8004cbe:	f023 0370 	bic.w	r3, r3, #112	@ 0x70
 8004cc2:	f443 4301 	orr.w	r3, r3, #33024	@ 0x8100
 8004cc6:	f043 0380 	orr.w	r3, r3, #128	@ 0x80
 8004cca:	f820 3022 	strh.w	r3, [r0, r2, lsl #2]
 8004cce:	e261      	b.n	8005194 <USB_EPStartXfer+0x506>
    if (ep->xfer_len > ep->maxpacket)
 8004cd0:	698a      	ldr	r2, [r1, #24]
 8004cd2:	4611      	mov	r1, r2
 8004cd4:	4616      	mov	r6, r2
 8004cd6:	6922      	ldr	r2, [r4, #16]
 8004cd8:	4291      	cmp	r1, r2
 8004cda:	d900      	bls.n	8004cde <USB_EPStartXfer+0x50>
      len = ep->maxpacket;
 8004cdc:	4616      	mov	r6, r2
    if (ep->doublebuffer == 0U)
 8004cde:	7b21      	ldrb	r1, [r4, #12]
 8004ce0:	b341      	cbz	r1, 8004d34 <USB_EPStartXfer+0xa6>
      if (ep->type == EP_TYPE_BULK)
 8004ce2:	78e1      	ldrb	r1, [r4, #3]
 8004ce4:	2902      	cmp	r1, #2
 8004ce6:	d047      	beq.n	8004d78 <USB_EPStartXfer+0xea>
        ep->xfer_len_db -= len;
 8004ce8:	6a22      	ldr	r2, [r4, #32]
 8004cea:	1b92      	subs	r2, r2, r6
 8004cec:	6222      	str	r2, [r4, #32]
        if ((PCD_GET_ENDPOINT(USBx, ep->num) & USB_EP_DTOG_TX) != 0U)
 8004cee:	7822      	ldrb	r2, [r4, #0]
 8004cf0:	f835 1022 	ldrh.w	r1, [r5, r2, lsl #2]
 8004cf4:	f011 0f40 	tst.w	r1, #64	@ 0x40
 8004cf8:	f000 81f6 	beq.w	80050e8 <USB_EPStartXfer+0x45a>
          PCD_SET_EP_DBUF1_CNT(USBx, ep->num, ep->is_in, len);
 8004cfc:	2b00      	cmp	r3, #0
 8004cfe:	f040 81e3 	bne.w	80050c8 <USB_EPStartXfer+0x43a>
 8004d02:	f8b5 3050 	ldrh.w	r3, [r5, #80]	@ 0x50
 8004d06:	fa15 f383 	uxtah	r3, r5, r3
 8004d0a:	eb03 02c2 	add.w	r2, r3, r2, lsl #3
 8004d0e:	f8b2 3406 	ldrh.w	r3, [r2, #1030]	@ 0x406
 8004d12:	f3c3 0309 	ubfx	r3, r3, #0, #10
 8004d16:	f8a2 3406 	strh.w	r3, [r2, #1030]	@ 0x406
 8004d1a:	2e00      	cmp	r6, #0
 8004d1c:	f040 81b4 	bne.w	8005088 <USB_EPStartXfer+0x3fa>
 8004d20:	f8b2 3406 	ldrh.w	r3, [r2, #1030]	@ 0x406
 8004d24:	ea6f 4343 	mvn.w	r3, r3, lsl #17
 8004d28:	ea6f 4353 	mvn.w	r3, r3, lsr #17
 8004d2c:	b29b      	uxth	r3, r3
 8004d2e:	f8a2 3406 	strh.w	r3, [r2, #1030]	@ 0x406
 8004d32:	e1d2      	b.n	80050da <USB_EPStartXfer+0x44c>
      USB_WritePMA(USBx, ep->xfer_buff, ep->pmaadress, (uint16_t)len);
 8004d34:	b2b3      	uxth	r3, r6
 8004d36:	461e      	mov	r6, r3
 8004d38:	88e2      	ldrh	r2, [r4, #6]
 8004d3a:	6961      	ldr	r1, [r4, #20]
 8004d3c:	4628      	mov	r0, r5
 8004d3e:	f7ff ff94 	bl	8004c6a <USB_WritePMA>
      PCD_SET_EP_TX_CNT(USBx, ep->num, len);
 8004d42:	f8b5 3050 	ldrh.w	r3, [r5, #80]	@ 0x50
 8004d46:	fa15 f383 	uxtah	r3, r5, r3
 8004d4a:	7822      	ldrb	r2, [r4, #0]
 8004d4c:	eb03 03c2 	add.w	r3, r3, r2, lsl #3
 8004d50:	f8a3 6402 	strh.w	r6, [r3, #1026]	@ 0x402
    PCD_SET_EP_TX_STATUS(USBx, ep->num, USB_EP_TX_VALID);
 8004d54:	7822      	ldrb	r2, [r4, #0]
 8004d56:	f835 3022 	ldrh.w	r3, [r5, r2, lsl #2]
 8004d5a:	b29b      	uxth	r3, r3
 8004d5c:	f423 43e0 	bic.w	r3, r3, #28672	@ 0x7000
 8004d60:	f023 0340 	bic.w	r3, r3, #64	@ 0x40
 8004d64:	f083 0330 	eor.w	r3, r3, #48	@ 0x30
 8004d68:	f443 4300 	orr.w	r3, r3, #32768	@ 0x8000
 8004d6c:	f043 0380 	orr.w	r3, r3, #128	@ 0x80
 8004d70:	f825 3022 	strh.w	r3, [r5, r2, lsl #2]
  return HAL_OK;
 8004d74:	2000      	movs	r0, #0
 8004d76:	e224      	b.n	80051c2 <USB_EPStartXfer+0x534>
        if (ep->xfer_len_db > ep->maxpacket)
 8004d78:	6a23      	ldr	r3, [r4, #32]
 8004d7a:	429a      	cmp	r2, r3
 8004d7c:	f080 8166 	bcs.w	800504c <USB_EPStartXfer+0x3be>
          PCD_SET_BULK_EP_DBUF(USBx, ep->num);
 8004d80:	7822      	ldrb	r2, [r4, #0]
 8004d82:	f835 3022 	ldrh.w	r3, [r5, r2, lsl #2]
 8004d86:	b29b      	uxth	r3, r3
 8004d88:	f423 43e0 	bic.w	r3, r3, #28672	@ 0x7000
 8004d8c:	f023 0370 	bic.w	r3, r3, #112	@ 0x70
 8004d90:	f443 4301 	orr.w	r3, r3, #33024	@ 0x8100
 8004d94:	f043 0380 	orr.w	r3, r3, #128	@ 0x80
 8004d98:	f825 3022 	strh.w	r3, [r5, r2, lsl #2]
          ep->xfer_len_db -= len;
 8004d9c:	6a23      	ldr	r3, [r4, #32]
 8004d9e:	1b9b      	subs	r3, r3, r6
 8004da0:	6223      	str	r3, [r4, #32]
          if ((PCD_GET_ENDPOINT(USBx, ep->num) & USB_EP_DTOG_TX) != 0U)
 8004da2:	7823      	ldrb	r3, [r4, #0]
 8004da4:	f835 2023 	ldrh.w	r2, [r5, r3, lsl #2]
 8004da8:	f012 0f40 	tst.w	r2, #64	@ 0x40
 8004dac:	f000 80a7 	beq.w	8004efe <USB_EPStartXfer+0x270>
            PCD_SET_EP_DBUF1_CNT(USBx, ep->num, ep->is_in, len);
 8004db0:	7862      	ldrb	r2, [r4, #1]
 8004db2:	bbb2      	cbnz	r2, 8004e22 <USB_EPStartXfer+0x194>
 8004db4:	f8b5 2050 	ldrh.w	r2, [r5, #80]	@ 0x50
 8004db8:	fa15 f282 	uxtah	r2, r5, r2
 8004dbc:	eb02 03c3 	add.w	r3, r2, r3, lsl #3
 8004dc0:	f8b3 2406 	ldrh.w	r2, [r3, #1030]	@ 0x406
 8004dc4:	f3c2 0209 	ubfx	r2, r2, #0, #10
 8004dc8:	f8a3 2406 	strh.w	r2, [r3, #1030]	@ 0x406
 8004dcc:	b94e      	cbnz	r6, 8004de2 <USB_EPStartXfer+0x154>
 8004dce:	f8b3 2406 	ldrh.w	r2, [r3, #1030]	@ 0x406
 8004dd2:	ea6f 4242 	mvn.w	r2, r2, lsl #17
 8004dd6:	ea6f 4252 	mvn.w	r2, r2, lsr #17
 8004dda:	b292      	uxth	r2, r2
 8004ddc:	f8a3 2406 	strh.w	r2, [r3, #1030]	@ 0x406
 8004de0:	e021      	b.n	8004e26 <USB_EPStartXfer+0x198>
 8004de2:	2e3e      	cmp	r6, #62	@ 0x3e
 8004de4:	d80d      	bhi.n	8004e02 <USB_EPStartXfer+0x174>
 8004de6:	0872      	lsrs	r2, r6, #1
 8004de8:	f016 0f01 	tst.w	r6, #1
 8004dec:	d000      	beq.n	8004df0 <USB_EPStartXfer+0x162>
 8004dee:	3201      	adds	r2, #1
 8004df0:	f8b3 1406 	ldrh.w	r1, [r3, #1030]	@ 0x406
 8004df4:	b289      	uxth	r1, r1
 8004df6:	0292      	lsls	r2, r2, #10
 8004df8:	b292      	uxth	r2, r2
 8004dfa:	430a      	orrs	r2, r1
 8004dfc:	f8a3 2406 	strh.w	r2, [r3, #1030]	@ 0x406
 8004e00:	e011      	b.n	8004e26 <USB_EPStartXfer+0x198>
 8004e02:	0971      	lsrs	r1, r6, #5
 8004e04:	f016 0f1f 	tst.w	r6, #31
 8004e08:	d100      	bne.n	8004e0c <USB_EPStartXfer+0x17e>
 8004e0a:	3901      	subs	r1, #1
 8004e0c:	f8b3 2406 	ldrh.w	r2, [r3, #1030]	@ 0x406
 8004e10:	b292      	uxth	r2, r2
 8004e12:	0289      	lsls	r1, r1, #10
 8004e14:	b289      	uxth	r1, r1
 8004e16:	430a      	orrs	r2, r1
 8004e18:	f442 4200 	orr.w	r2, r2, #32768	@ 0x8000
 8004e1c:	f8a3 2406 	strh.w	r2, [r3, #1030]	@ 0x406
 8004e20:	e001      	b.n	8004e26 <USB_EPStartXfer+0x198>
 8004e22:	2a01      	cmp	r2, #1
 8004e24:	d029      	beq.n	8004e7a <USB_EPStartXfer+0x1ec>
            USB_WritePMA(USBx, ep->xfer_buff, pmabuffer, (uint16_t)len);
 8004e26:	b2b3      	uxth	r3, r6
 8004e28:	8962      	ldrh	r2, [r4, #10]
 8004e2a:	6961      	ldr	r1, [r4, #20]
 8004e2c:	4628      	mov	r0, r5
 8004e2e:	f7ff ff1c 	bl	8004c6a <USB_WritePMA>
            ep->xfer_buff += len;
 8004e32:	6963      	ldr	r3, [r4, #20]
 8004e34:	4433      	add	r3, r6
 8004e36:	6163      	str	r3, [r4, #20]
            if (ep->xfer_len_db > ep->maxpacket)
 8004e38:	6a23      	ldr	r3, [r4, #32]
 8004e3a:	6922      	ldr	r2, [r4, #16]
 8004e3c:	4293      	cmp	r3, r2
 8004e3e:	d926      	bls.n	8004e8e <USB_EPStartXfer+0x200>
              ep->xfer_len_db -= len;
 8004e40:	1b9b      	subs	r3, r3, r6
 8004e42:	6223      	str	r3, [r4, #32]
            PCD_SET_EP_DBUF0_CNT(USBx, ep->num, ep->is_in, len);
 8004e44:	7863      	ldrb	r3, [r4, #1]
 8004e46:	2b00      	cmp	r3, #0
 8004e48:	d145      	bne.n	8004ed6 <USB_EPStartXfer+0x248>
 8004e4a:	f8b5 3050 	ldrh.w	r3, [r5, #80]	@ 0x50
 8004e4e:	fa15 f383 	uxtah	r3, r5, r3
 8004e52:	7822      	ldrb	r2, [r4, #0]
 8004e54:	eb03 03c2 	add.w	r3, r3, r2, lsl #3
 8004e58:	f8b3 2402 	ldrh.w	r2, [r3, #1026]	@ 0x402
 8004e5c:	f3c2 0209 	ubfx	r2, r2, #0, #10
 8004e60:	f8a3 2402 	strh.w	r2, [r3, #1026]	@ 0x402
 8004e64:	b9be      	cbnz	r6, 8004e96 <USB_EPStartXfer+0x208>
 8004e66:	f8b3 2402 	ldrh.w	r2, [r3, #1026]	@ 0x402
 8004e6a:	ea6f 4242 	mvn.w	r2, r2, lsl #17
 8004e6e:	ea6f 4252 	mvn.w	r2, r2, lsr #17
 8004e72:	b292      	uxth	r2, r2
 8004e74:	f8a3 2402 	strh.w	r2, [r3, #1026]	@ 0x402
 8004e78:	e02f      	b.n	8004eda <USB_EPStartXfer+0x24c>
            PCD_SET_EP_DBUF1_CNT(USBx, ep->num, ep->is_in, len);
 8004e7a:	f8b5 2050 	ldrh.w	r2, [r5, #80]	@ 0x50
 8004e7e:	fa15 f282 	uxtah	r2, r5, r2
 8004e82:	eb02 03c3 	add.w	r3, r2, r3, lsl #3
 8004e86:	b2b2      	uxth	r2, r6
 8004e88:	f8a3 2406 	strh.w	r2, [r3, #1030]	@ 0x406
 8004e8c:	e7cb      	b.n	8004e26 <USB_EPStartXfer+0x198>
              ep->xfer_len_db = 0U;
 8004e8e:	2200      	movs	r2, #0
 8004e90:	6222      	str	r2, [r4, #32]
              len = ep->xfer_len_db;
 8004e92:	461e      	mov	r6, r3
 8004e94:	e7d6      	b.n	8004e44 <USB_EPStartXfer+0x1b6>
            PCD_SET_EP_DBUF0_CNT(USBx, ep->num, ep->is_in, len);
 8004e96:	2e3e      	cmp	r6, #62	@ 0x3e
 8004e98:	d80d      	bhi.n	8004eb6 <USB_EPStartXfer+0x228>
 8004e9a:	0872      	lsrs	r2, r6, #1
 8004e9c:	f016 0f01 	tst.w	r6, #1
 8004ea0:	d000      	beq.n	8004ea4 <USB_EPStartXfer+0x216>
 8004ea2:	3201      	adds	r2, #1
 8004ea4:	f8b3 1402 	ldrh.w	r1, [r3, #1026]	@ 0x402
 8004ea8:	b289      	uxth	r1, r1
 8004eaa:	0292      	lsls	r2, r2, #10
 8004eac:	b292      	uxth	r2, r2
 8004eae:	430a      	orrs	r2, r1
 8004eb0:	f8a3 2402 	strh.w	r2, [r3, #1026]	@ 0x402
 8004eb4:	e011      	b.n	8004eda <USB_EPStartXfer+0x24c>
 8004eb6:	0971      	lsrs	r1, r6, #5
 8004eb8:	f016 0f1f 	tst.w	r6, #31
 8004ebc:	d100      	bne.n	8004ec0 <USB_EPStartXfer+0x232>
 8004ebe:	3901      	subs	r1, #1
 8004ec0:	f8b3 2402 	ldrh.w	r2, [r3, #1026]	@ 0x402
 8004ec4:	b292      	uxth	r2, r2
 8004ec6:	0289      	lsls	r1, r1, #10
 8004ec8:	b289      	uxth	r1, r1
 8004eca:	430a      	orrs	r2, r1
 8004ecc:	f442 4200 	orr.w	r2, r2, #32768	@ 0x8000
 8004ed0:	f8a3 2402 	strh.w	r2, [r3, #1026]	@ 0x402
 8004ed4:	e001      	b.n	8004eda <USB_EPStartXfer+0x24c>
 8004ed6:	2b01      	cmp	r3, #1
 8004ed8:	d006      	beq.n	8004ee8 <USB_EPStartXfer+0x25a>
            USB_WritePMA(USBx, ep->xfer_buff, pmabuffer, (uint16_t)len);
 8004eda:	b2b3      	uxth	r3, r6
 8004edc:	8922      	ldrh	r2, [r4, #8]
 8004ede:	6961      	ldr	r1, [r4, #20]
 8004ee0:	4628      	mov	r0, r5
 8004ee2:	f7ff fec2 	bl	8004c6a <USB_WritePMA>
 8004ee6:	e735      	b.n	8004d54 <USB_EPStartXfer+0xc6>
            PCD_SET_EP_DBUF0_CNT(USBx, ep->num, ep->is_in, len);
 8004ee8:	f8b5 3050 	ldrh.w	r3, [r5, #80]	@ 0x50
 8004eec:	fa15 f383 	uxtah	r3, r5, r3
 8004ef0:	7822      	ldrb	r2, [r4, #0]
 8004ef2:	eb03 03c2 	add.w	r3, r3, r2, lsl #3
 8004ef6:	b2b2      	uxth	r2, r6
 8004ef8:	f8a3 2402 	strh.w	r2, [r3, #1026]	@ 0x402
 8004efc:	e7ed      	b.n	8004eda <USB_EPStartXfer+0x24c>
            PCD_SET_EP_DBUF0_CNT(USBx, ep->num, ep->is_in, len);
 8004efe:	7862      	ldrb	r2, [r4, #1]
 8004f00:	bbb2      	cbnz	r2, 8004f70 <USB_EPStartXfer+0x2e2>
 8004f02:	f8b5 2050 	ldrh.w	r2, [r5, #80]	@ 0x50
 8004f06:	fa15 f282 	uxtah	r2, r5, r2
 8004f0a:	eb02 03c3 	add.w	r3, r2, r3, lsl #3
 8004f0e:	f8b3 2402 	ldrh.w	r2, [r3, #1026]	@ 0x402
 8004f12:	f3c2 0209 	ubfx	r2, r2, #0, #10
 8004f16:	f8a3 2402 	strh.w	r2, [r3, #1026]	@ 0x402
 8004f1a:	b94e      	cbnz	r6, 8004f30 <USB_EPStartXfer+0x2a2>
 8004f1c:	f8b3 2402 	ldrh.w	r2, [r3, #1026]	@ 0x402
 8004f20:	ea6f 4242 	mvn.w	r2, r2, lsl #17
 8004f24:	ea6f 4252 	mvn.w	r2, r2, lsr #17
 8004f28:	b292      	uxth	r2, r2
 8004f2a:	f8a3 2402 	strh.w	r2, [r3, #1026]	@ 0x402
 8004f2e:	e021      	b.n	8004f74 <USB_EPStartXfer+0x2e6>
 8004f30:	2e3e      	cmp	r6, #62	@ 0x3e
 8004f32:	d80d      	bhi.n	8004f50 <USB_EPStartXfer+0x2c2>
 8004f34:	0872      	lsrs	r2, r6, #1
 8004f36:	f016 0f01 	tst.w	r6, #1
 8004f3a:	d000      	beq.n	8004f3e <USB_EPStartXfer+0x2b0>
 8004f3c:	3201      	adds	r2, #1
 8004f3e:	f8b3 1402 	ldrh.w	r1, [r3, #1026]	@ 0x402
 8004f42:	b289      	uxth	r1, r1
 8004f44:	0292      	lsls	r2, r2, #10
 8004f46:	b292      	uxth	r2, r2
 8004f48:	430a      	orrs	r2, r1
 8004f4a:	f8a3 2402 	strh.w	r2, [r3, #1026]	@ 0x402
 8004f4e:	e011      	b.n	8004f74 <USB_EPStartXfer+0x2e6>
 8004f50:	0971      	lsrs	r1, r6, #5
 8004f52:	f016 0f1f 	tst.w	r6, #31
 8004f56:	d100      	bne.n	8004f5a <USB_EPStartXfer+0x2cc>
 8004f58:	3901      	subs	r1, #1
 8004f5a:	f8b3 2402 	ldrh.w	r2, [r3, #1026]	@ 0x402
 8004f5e:	b292      	uxth	r2, r2
 8004f60:	0289      	lsls	r1, r1, #10
 8004f62:	b289      	uxth	r1, r1
 8004f64:	430a      	orrs	r2, r1
 8004f66:	f442 4200 	orr.w	r2, r2, #32768	@ 0x8000
 8004f6a:	f8a3 2402 	strh.w	r2, [r3, #1026]	@ 0x402
 8004f6e:	e001      	b.n	8004f74 <USB_EPStartXfer+0x2e6>
 8004f70:	2a01      	cmp	r2, #1
 8004f72:	d029      	beq.n	8004fc8 <USB_EPStartXfer+0x33a>
            USB_WritePMA(USBx, ep->xfer_buff, pmabuffer, (uint16_t)len);
 8004f74:	b2b3      	uxth	r3, r6
 8004f76:	8922      	ldrh	r2, [r4, #8]
 8004f78:	6961      	ldr	r1, [r4, #20]
 8004f7a:	4628      	mov	r0, r5
 8004f7c:	f7ff fe75 	bl	8004c6a <USB_WritePMA>
            ep->xfer_buff += len;
 8004f80:	6963      	ldr	r3, [r4, #20]
 8004f82:	4433      	add	r3, r6
 8004f84:	6163      	str	r3, [r4, #20]
            if (ep->xfer_len_db > ep->maxpacket)
 8004f86:	6a23      	ldr	r3, [r4, #32]
 8004f88:	6922      	ldr	r2, [r4, #16]
 8004f8a:	4293      	cmp	r3, r2
 8004f8c:	d926      	bls.n	8004fdc <USB_EPStartXfer+0x34e>
              ep->xfer_len_db -= len;
 8004f8e:	1b9b      	subs	r3, r3, r6
 8004f90:	6223      	str	r3, [r4, #32]
            PCD_SET_EP_DBUF1_CNT(USBx, ep->num, ep->is_in, len);
 8004f92:	7863      	ldrb	r3, [r4, #1]
 8004f94:	2b00      	cmp	r3, #0
 8004f96:	d145      	bne.n	8005024 <USB_EPStartXfer+0x396>
 8004f98:	f8b5 3050 	ldrh.w	r3, [r5, #80]	@ 0x50
 8004f9c:	fa15 f383 	uxtah	r3, r5, r3
 8004fa0:	7822      	ldrb	r2, [r4, #0]
 8004fa2:	eb03 03c2 	add.w	r3, r3, r2, lsl #3
 8004fa6:	f8b3 2406 	ldrh.w	r2, [r3, #1030]	@ 0x406
 8004faa:	f3c2 0209 	ubfx	r2, r2, #0, #10
 8004fae:	f8a3 2406 	strh.w	r2, [r3, #1030]	@ 0x406
 8004fb2:	b9be      	cbnz	r6, 8004fe4 <USB_EPStartXfer+0x356>
 8004fb4:	f8b3 2406 	ldrh.w	r2, [r3, #1030]	@ 0x406
 8004fb8:	ea6f 4242 	mvn.w	r2, r2, lsl #17
 8004fbc:	ea6f 4252 	mvn.w	r2, r2, lsr #17
 8004fc0:	b292      	uxth	r2, r2
 8004fc2:	f8a3 2406 	strh.w	r2, [r3, #1030]	@ 0x406
 8004fc6:	e02f      	b.n	8005028 <USB_EPStartXfer+0x39a>
            PCD_SET_EP_DBUF0_CNT(USBx, ep->num, ep->is_in, len);
 8004fc8:	f8b5 2050 	ldrh.w	r2, [r5, #80]	@ 0x50
 8004fcc:	fa15 f282 	uxtah	r2, r5, r2
 8004fd0:	eb02 03c3 	add.w	r3, r2, r3, lsl #3
 8004fd4:	b2b2      	uxth	r2, r6
 8004fd6:	f8a3 2402 	strh.w	r2, [r3, #1026]	@ 0x402
 8004fda:	e7cb      	b.n	8004f74 <USB_EPStartXfer+0x2e6>
              ep->xfer_len_db = 0U;
 8004fdc:	2200      	movs	r2, #0
 8004fde:	6222      	str	r2, [r4, #32]
              len = ep->xfer_len_db;
 8004fe0:	461e      	mov	r6, r3
 8004fe2:	e7d6      	b.n	8004f92 <USB_EPStartXfer+0x304>
            PCD_SET_EP_DBUF1_CNT(USBx, ep->num, ep->is_in, len);
 8004fe4:	2e3e      	cmp	r6, #62	@ 0x3e
 8004fe6:	d80d      	bhi.n	8005004 <USB_EPStartXfer+0x376>
 8004fe8:	0872      	lsrs	r2, r6, #1
 8004fea:	f016 0f01 	tst.w	r6, #1
 8004fee:	d000      	beq.n	8004ff2 <USB_EPStartXfer+0x364>
 8004ff0:	3201      	adds	r2, #1
 8004ff2:	f8b3 1406 	ldrh.w	r1, [r3, #1030]	@ 0x406
 8004ff6:	b289      	uxth	r1, r1
 8004ff8:	0292      	lsls	r2, r2, #10
 8004ffa:	b292      	uxth	r2, r2
 8004ffc:	430a      	orrs	r2, r1
 8004ffe:	f8a3 2406 	strh.w	r2, [r3, #1030]	@ 0x406
 8005002:	e011      	b.n	8005028 <USB_EPStartXfer+0x39a>
 8005004:	0971      	lsrs	r1, r6, #5
 8005006:	f016 0f1f 	tst.w	r6, #31
 800500a:	d100      	bne.n	800500e <USB_EPStartXfer+0x380>
 800500c:	3901      	subs	r1, #1
 800500e:	f8b3 2406 	ldrh.w	r2, [r3, #1030]	@ 0x406
 8005012:	b292      	uxth	r2, r2
 8005014:	0289      	lsls	r1, r1, #10
 8005016:	b289      	uxth	r1, r1
 8005018:	430a      	orrs	r2, r1
 800501a:	f442 4200 	orr.w	r2, r2, #32768	@ 0x8000
 800501e:	f8a3 2406 	strh.w	r2, [r3, #1030]	@ 0x406
 8005022:	e001      	b.n	8005028 <USB_EPStartXfer+0x39a>
 8005024:	2b01      	cmp	r3, #1
 8005026:	d006      	beq.n	8005036 <USB_EPStartXfer+0x3a8>
            USB_WritePMA(USBx, ep->xfer_buff, pmabuffer, (uint16_t)len);
 8005028:	b2b3      	uxth	r3, r6
 800502a:	8962      	ldrh	r2, [r4, #10]
 800502c:	6961      	ldr	r1, [r4, #20]
 800502e:	4628      	mov	r0, r5
 8005030:	f7ff fe1b 	bl	8004c6a <USB_WritePMA>
 8005034:	e68e      	b.n	8004d54 <USB_EPStartXfer+0xc6>
            PCD_SET_EP_DBUF1_CNT(USBx, ep->num, ep->is_in, len);
 8005036:	f8b5 3050 	ldrh.w	r3, [r5, #80]	@ 0x50
 800503a:	fa15 f383 	uxtah	r3, r5, r3
 800503e:	7822      	ldrb	r2, [r4, #0]
 8005040:	eb03 03c2 	add.w	r3, r3, r2, lsl #3
 8005044:	b2b2      	uxth	r2, r6
 8005046:	f8a3 2406 	strh.w	r2, [r3, #1030]	@ 0x406
 800504a:	e7ed      	b.n	8005028 <USB_EPStartXfer+0x39a>
          PCD_CLEAR_BULK_EP_DBUF(USBx, ep->num);
 800504c:	7821      	ldrb	r1, [r4, #0]
 800504e:	f835 2021 	ldrh.w	r2, [r5, r1, lsl #2]
 8005052:	b292      	uxth	r2, r2
 8005054:	f422 42e2 	bic.w	r2, r2, #28928	@ 0x7100
 8005058:	f022 0270 	bic.w	r2, r2, #112	@ 0x70
 800505c:	f442 4200 	orr.w	r2, r2, #32768	@ 0x8000
 8005060:	f042 0280 	orr.w	r2, r2, #128	@ 0x80
 8005064:	f825 2021 	strh.w	r2, [r5, r1, lsl #2]
          PCD_SET_EP_TX_CNT(USBx, ep->num, len);
 8005068:	f8b5 2050 	ldrh.w	r2, [r5, #80]	@ 0x50
 800506c:	fa15 f282 	uxtah	r2, r5, r2
 8005070:	7821      	ldrb	r1, [r4, #0]
 8005072:	eb02 02c1 	add.w	r2, r2, r1, lsl #3
 8005076:	b29b      	uxth	r3, r3
 8005078:	f8a2 3402 	strh.w	r3, [r2, #1026]	@ 0x402
          USB_WritePMA(USBx, ep->xfer_buff, pmabuffer, (uint16_t)len);
 800507c:	8922      	ldrh	r2, [r4, #8]
 800507e:	6961      	ldr	r1, [r4, #20]
 8005080:	4628      	mov	r0, r5
 8005082:	f7ff fdf2 	bl	8004c6a <USB_WritePMA>
 8005086:	e665      	b.n	8004d54 <USB_EPStartXfer+0xc6>
          PCD_SET_EP_DBUF1_CNT(USBx, ep->num, ep->is_in, len);
 8005088:	2e3e      	cmp	r6, #62	@ 0x3e
 800508a:	d80d      	bhi.n	80050a8 <USB_EPStartXfer+0x41a>
 800508c:	0873      	lsrs	r3, r6, #1
 800508e:	f016 0f01 	tst.w	r6, #1
 8005092:	d000      	beq.n	8005096 <USB_EPStartXfer+0x408>
 8005094:	3301      	adds	r3, #1
 8005096:	f8b2 1406 	ldrh.w	r1, [r2, #1030]	@ 0x406
 800509a:	b289      	uxth	r1, r1
 800509c:	029b      	lsls	r3, r3, #10
 800509e:	b29b      	uxth	r3, r3
 80050a0:	430b      	orrs	r3, r1
 80050a2:	f8a2 3406 	strh.w	r3, [r2, #1030]	@ 0x406
 80050a6:	e018      	b.n	80050da <USB_EPStartXfer+0x44c>
 80050a8:	0971      	lsrs	r1, r6, #5
 80050aa:	f016 0f1f 	tst.w	r6, #31
 80050ae:	d100      	bne.n	80050b2 <USB_EPStartXfer+0x424>
 80050b0:	3901      	subs	r1, #1
 80050b2:	f8b2 3406 	ldrh.w	r3, [r2, #1030]	@ 0x406
 80050b6:	b29b      	uxth	r3, r3
 80050b8:	0289      	lsls	r1, r1, #10
 80050ba:	b289      	uxth	r1, r1
 80050bc:	430b      	orrs	r3, r1
 80050be:	f443 4300 	orr.w	r3, r3, #32768	@ 0x8000
 80050c2:	f8a2 3406 	strh.w	r3, [r2, #1030]	@ 0x406
 80050c6:	e008      	b.n	80050da <USB_EPStartXfer+0x44c>
 80050c8:	f8b5 3050 	ldrh.w	r3, [r5, #80]	@ 0x50
 80050cc:	fa15 f383 	uxtah	r3, r5, r3
 80050d0:	eb03 03c2 	add.w	r3, r3, r2, lsl #3
 80050d4:	b2b2      	uxth	r2, r6
 80050d6:	f8a3 2406 	strh.w	r2, [r3, #1030]	@ 0x406
          USB_WritePMA(USBx, ep->xfer_buff, pmabuffer, (uint16_t)len);
 80050da:	b2b3      	uxth	r3, r6
 80050dc:	8962      	ldrh	r2, [r4, #10]
 80050de:	6961      	ldr	r1, [r4, #20]
 80050e0:	4628      	mov	r0, r5
 80050e2:	f7ff fdc2 	bl	8004c6a <USB_WritePMA>
 80050e6:	e635      	b.n	8004d54 <USB_EPStartXfer+0xc6>
          PCD_SET_EP_DBUF0_CNT(USBx, ep->num, ep->is_in, len);
 80050e8:	bbb3      	cbnz	r3, 8005158 <USB_EPStartXfer+0x4ca>
 80050ea:	f8b5 3050 	ldrh.w	r3, [r5, #80]	@ 0x50
 80050ee:	fa15 f383 	uxtah	r3, r5, r3
 80050f2:	eb03 02c2 	add.w	r2, r3, r2, lsl #3
 80050f6:	f8b2 3402 	ldrh.w	r3, [r2, #1026]	@ 0x402
 80050fa:	f3c3 0309 	ubfx	r3, r3, #0, #10
 80050fe:	f8a2 3402 	strh.w	r3, [r2, #1026]	@ 0x402
 8005102:	b94e      	cbnz	r6, 8005118 <USB_EPStartXfer+0x48a>
 8005104:	f8b2 3402 	ldrh.w	r3, [r2, #1026]	@ 0x402
 8005108:	ea6f 4343 	mvn.w	r3, r3, lsl #17
 800510c:	ea6f 4353 	mvn.w	r3, r3, lsr #17
 8005110:	b29b      	uxth	r3, r3
 8005112:	f8a2 3402 	strh.w	r3, [r2, #1026]	@ 0x402
 8005116:	e028      	b.n	800516a <USB_EPStartXfer+0x4dc>
 8005118:	2e3e      	cmp	r6, #62	@ 0x3e
 800511a:	d80d      	bhi.n	8005138 <USB_EPStartXfer+0x4aa>
 800511c:	0873      	lsrs	r3, r6, #1
 800511e:	f016 0f01 	tst.w	r6, #1
 8005122:	d000      	beq.n	8005126 <USB_EPStartXfer+0x498>
 8005124:	3301      	adds	r3, #1
 8005126:	f8b2 1402 	ldrh.w	r1, [r2, #1026]	@ 0x402
 800512a:	b289      	uxth	r1, r1
 800512c:	029b      	lsls	r3, r3, #10
 800512e:	b29b      	uxth	r3, r3
 8005130:	430b      	orrs	r3, r1
 8005132:	f8a2 3402 	strh.w	r3, [r2, #1026]	@ 0x402
 8005136:	e018      	b.n	800516a <USB_EPStartXfer+0x4dc>
 8005138:	0971      	lsrs	r1, r6, #5
 800513a:	f016 0f1f 	tst.w	r6, #31
 800513e:	d100      	bne.n	8005142 <USB_EPStartXfer+0x4b4>
 8005140:	3901      	subs	r1, #1
 8005142:	f8b2 3402 	ldrh.w	r3, [r2, #1026]	@ 0x402
 8005146:	b29b      	uxth	r3, r3
 8005148:	0289      	lsls	r1, r1, #10
 800514a:	b289      	uxth	r1, r1
 800514c:	430b      	orrs	r3, r1
 800514e:	f443 4300 	orr.w	r3, r3, #32768	@ 0x8000
 8005152:	f8a2 3402 	strh.w	r3, [r2, #1026]	@ 0x402
 8005156:	e008      	b.n	800516a <USB_EPStartXfer+0x4dc>
 8005158:	f8b5 3050 	ldrh.w	r3, [r5, #80]	@ 0x50
 800515c:	fa15 f383 	uxtah	r3, r5, r3
 8005160:	eb03 03c2 	add.w	r3, r3, r2, lsl #3
 8005164:	b2b2      	uxth	r2, r6
 8005166:	f8a3 2402 	strh.w	r2, [r3, #1026]	@ 0x402
          USB_WritePMA(USBx, ep->xfer_buff, pmabuffer, (uint16_t)len);
 800516a:	b2b3      	uxth	r3, r6
 800516c:	8922      	ldrh	r2, [r4, #8]
 800516e:	6961      	ldr	r1, [r4, #20]
 8005170:	4628      	mov	r0, r5
 8005172:	f7ff fd7a 	bl	8004c6a <USB_WritePMA>
 8005176:	e5ed      	b.n	8004d54 <USB_EPStartXfer+0xc6>
        PCD_CLEAR_OUT_STATUS(USBx, ep->num);
 8005178:	7822      	ldrb	r2, [r4, #0]
 800517a:	f835 3022 	ldrh.w	r3, [r5, r2, lsl #2]
 800517e:	b29b      	uxth	r3, r3
 8005180:	f423 43e2 	bic.w	r3, r3, #28928	@ 0x7100
 8005184:	f023 0370 	bic.w	r3, r3, #112	@ 0x70
 8005188:	f443 4300 	orr.w	r3, r3, #32768	@ 0x8000
 800518c:	f043 0380 	orr.w	r3, r3, #128	@ 0x80
 8005190:	f825 3022 	strh.w	r3, [r5, r2, lsl #2]
      if (ep->xfer_len > ep->maxpacket)
 8005194:	69a3      	ldr	r3, [r4, #24]
 8005196:	6922      	ldr	r2, [r4, #16]
 8005198:	4293      	cmp	r3, r2
 800519a:	d913      	bls.n	80051c4 <USB_EPStartXfer+0x536>
        ep->xfer_len -= ep->maxpacket;
 800519c:	1a9b      	subs	r3, r3, r2
 800519e:	61a3      	str	r3, [r4, #24]
    PCD_SET_EP_RX_STATUS(USBx, ep->num, USB_EP_RX_VALID);
 80051a0:	7822      	ldrb	r2, [r4, #0]
 80051a2:	f835 3022 	ldrh.w	r3, [r5, r2, lsl #2]
 80051a6:	b29b      	uxth	r3, r3
 80051a8:	f423 4380 	bic.w	r3, r3, #16384	@ 0x4000
 80051ac:	f023 0370 	bic.w	r3, r3, #112	@ 0x70
 80051b0:	f483 5340 	eor.w	r3, r3, #12288	@ 0x3000
 80051b4:	f443 4300 	orr.w	r3, r3, #32768	@ 0x8000
 80051b8:	f043 0380 	orr.w	r3, r3, #128	@ 0x80
 80051bc:	f825 3022 	strh.w	r3, [r5, r2, lsl #2]
  return HAL_OK;
 80051c0:	2000      	movs	r0, #0
}
 80051c2:	bd70      	pop	{r4, r5, r6, pc}
        ep->xfer_len = 0U;
 80051c4:	2300      	movs	r3, #0
 80051c6:	61a3      	str	r3, [r4, #24]
 80051c8:	e7ea      	b.n	80051a0 <USB_EPStartXfer+0x512>
      if (ep->type == EP_TYPE_BULK)
 80051ca:	78cb      	ldrb	r3, [r1, #3]
 80051cc:	2b02      	cmp	r3, #2
 80051ce:	d004      	beq.n	80051da <USB_EPStartXfer+0x54c>
      else if (ep->type == EP_TYPE_ISOC)
 80051d0:	2b01      	cmp	r3, #1
 80051d2:	d121      	bne.n	8005218 <USB_EPStartXfer+0x58a>
        ep->xfer_len = 0U;
 80051d4:	2300      	movs	r3, #0
 80051d6:	618b      	str	r3, [r1, #24]
 80051d8:	e7e2      	b.n	80051a0 <USB_EPStartXfer+0x512>
        if (ep->xfer_count != 0U)
 80051da:	69cb      	ldr	r3, [r1, #28]
 80051dc:	2b00      	cmp	r3, #0
 80051de:	d0df      	beq.n	80051a0 <USB_EPStartXfer+0x512>
          wEPVal = PCD_GET_ENDPOINT(USBx, ep->num);
 80051e0:	780a      	ldrb	r2, [r1, #0]
 80051e2:	f830 3022 	ldrh.w	r3, [r0, r2, lsl #2]
 80051e6:	b299      	uxth	r1, r3
          if ((((wEPVal & USB_EP_DTOG_RX) != 0U) && ((wEPVal & USB_EP_DTOG_TX) != 0U)) ||
 80051e8:	f413 4f80 	tst.w	r3, #16384	@ 0x4000
 80051ec:	d010      	beq.n	8005210 <USB_EPStartXfer+0x582>
 80051ee:	f011 0f40 	tst.w	r1, #64	@ 0x40
 80051f2:	d0d5      	beq.n	80051a0 <USB_EPStartXfer+0x512>
            PCD_FREE_USER_BUFFER(USBx, ep->num, 0U);
 80051f4:	f835 3022 	ldrh.w	r3, [r5, r2, lsl #2]
 80051f8:	b29b      	uxth	r3, r3
 80051fa:	f423 43e0 	bic.w	r3, r3, #28672	@ 0x7000
 80051fe:	f023 0370 	bic.w	r3, r3, #112	@ 0x70
 8005202:	f443 4300 	orr.w	r3, r3, #32768	@ 0x8000
 8005206:	f043 03c0 	orr.w	r3, r3, #192	@ 0xc0
 800520a:	f825 3022 	strh.w	r3, [r5, r2, lsl #2]
 800520e:	e7c7      	b.n	80051a0 <USB_EPStartXfer+0x512>
              (((wEPVal & USB_EP_DTOG_RX) == 0U) && ((wEPVal & USB_EP_DTOG_TX) == 0U)))
 8005210:	f011 0f40 	tst.w	r1, #64	@ 0x40
 8005214:	d1c4      	bne.n	80051a0 <USB_EPStartXfer+0x512>
 8005216:	e7ed      	b.n	80051f4 <USB_EPStartXfer+0x566>
        return HAL_ERROR;
 8005218:	2001      	movs	r0, #1
 800521a:	e7d2      	b.n	80051c2 <USB_EPStartXfer+0x534>

0800521c <USB_ReadPMA>:
  * @param   wPMABufAddr address into PMA.
  * @param   wNBytes no. of bytes to be copied.
  * @retval None
  */
void USB_ReadPMA(USB_TypeDef const *USBx, uint8_t *pbUsrBuf, uint16_t wPMABufAddr, uint16_t wNBytes)
{
 800521c:	469c      	mov	ip, r3
  uint32_t n = (uint32_t)wNBytes >> 1;
 800521e:	085b      	lsrs	r3, r3, #1
  uint32_t count;
  uint32_t RdVal;
  __IO uint16_t *pdwVal;
  uint8_t *pBuf = pbUsrBuf;

  pdwVal = (__IO uint16_t *)(BaseAddr + 0x400U + ((uint32_t)wPMABufAddr * PMA_ACCESS));
 8005220:	4410      	add	r0, r2
 8005222:	f500 6080 	add.w	r0, r0, #1024	@ 0x400

  for (count = n; count != 0U; count--)
 8005226:	e007      	b.n	8005238 <USB_ReadPMA+0x1c>
  {
    RdVal = *(__IO uint16_t *)pdwVal;
 8005228:	f830 2b02 	ldrh.w	r2, [r0], #2
    pdwVal++;
    *pBuf = (uint8_t)((RdVal >> 0) & 0xFFU);
 800522c:	700a      	strb	r2, [r1, #0]
    pBuf++;
    *pBuf = (uint8_t)((RdVal >> 8) & 0xFFU);
 800522e:	f3c2 2207 	ubfx	r2, r2, #8, #8
 8005232:	704a      	strb	r2, [r1, #1]
    pBuf++;
 8005234:	3102      	adds	r1, #2
  for (count = n; count != 0U; count--)
 8005236:	3b01      	subs	r3, #1
 8005238:	2b00      	cmp	r3, #0
 800523a:	d1f5      	bne.n	8005228 <USB_ReadPMA+0xc>
#if PMA_ACCESS > 1U
    pdwVal++;
#endif /* PMA_ACCESS */
  }

  if ((wNBytes % 2U) != 0U)
 800523c:	f01c 0f01 	tst.w	ip, #1
 8005240:	d001      	beq.n	8005246 <USB_ReadPMA+0x2a>
  {
    RdVal = *pdwVal;
 8005242:	8803      	ldrh	r3, [r0, #0]
    *pBuf = (uint8_t)((RdVal >> 0) & 0xFFU);
 8005244:	700b      	strb	r3, [r1, #0]
  }
}
 8005246:	4770      	bx	lr

08005248 <_getpid>:
}

int _getpid(void)
{
  return 1;
}
 8005248:	2001      	movs	r0, #1
 800524a:	4770      	bx	lr

0800524c <_kill>:

int _kill(int pid, int sig)
{
 800524c:	b508      	push	{r3, lr}
  (void)pid;
  (void)sig;
  errno = EINVAL;
 800524e:	f002 f999 	bl	8007584 <__errno>
 8005252:	2316      	movs	r3, #22
 8005254:	6003      	str	r3, [r0, #0]
  return -1;
}
 8005256:	f04f 30ff 	mov.w	r0, #4294967295	@ 0xffffffff
 800525a:	bd08      	pop	{r3, pc}

0800525c <_exit>:

void _exit (int status)
{
 800525c:	b508      	push	{r3, lr}
  _kill(status, -1);
 800525e:	f04f 31ff 	mov.w	r1, #4294967295	@ 0xffffffff
 8005262:	f7ff fff3 	bl	800524c <_kill>
  while (1) {}    /* Make sure we hang here */
 8005266:	e7fe      	b.n	8005266 <_exit+0xa>

08005268 <_read>:
}

__attribute__((weak)) int _read(int file, char *ptr, int len)
{
 8005268:	b570      	push	{r4, r5, r6, lr}
 800526a:	460e      	mov	r6, r1
 800526c:	4615      	mov	r5, r2
  (void)file;
  int DataIdx;

  for (DataIdx = 0; DataIdx < len; DataIdx++)
 800526e:	2400      	movs	r4, #0
 8005270:	e006      	b.n	8005280 <_read+0x18>
  {
    *ptr++ = __io_getchar();
 8005272:	f3af 8000 	nop.w
 8005276:	4631      	mov	r1, r6
 8005278:	f801 0b01 	strb.w	r0, [r1], #1
  for (DataIdx = 0; DataIdx < len; DataIdx++)
 800527c:	3401      	adds	r4, #1
    *ptr++ = __io_getchar();
 800527e:	460e      	mov	r6, r1
  for (DataIdx = 0; DataIdx < len; DataIdx++)
 8005280:	42ac      	cmp	r4, r5
 8005282:	dbf6      	blt.n	8005272 <_read+0xa>
  }

  return len;
}
 8005284:	4628      	mov	r0, r5
 8005286:	bd70      	pop	{r4, r5, r6, pc}

08005288 <_write>:

__attribute__((weak)) int _write(int file, char *ptr, int len)
{
 8005288:	b570      	push	{r4, r5, r6, lr}
 800528a:	460c      	mov	r4, r1
 800528c:	4616      	mov	r6, r2
  (void)file;
  int DataIdx;

  for (DataIdx = 0; DataIdx < len; DataIdx++)
 800528e:	2500      	movs	r5, #0
 8005290:	e004      	b.n	800529c <_write+0x14>
  {
    __io_putchar(*ptr++);
 8005292:	f814 0b01 	ldrb.w	r0, [r4], #1
 8005296:	f3af 8000 	nop.w
  for (DataIdx = 0; DataIdx < len; DataIdx++)
 800529a:	3501      	adds	r5, #1
 800529c:	42b5      	cmp	r5, r6
 800529e:	dbf8      	blt.n	8005292 <_write+0xa>
  }
  return len;
}
 80052a0:	4630      	mov	r0, r6
 80052a2:	bd70      	pop	{r4, r5, r6, pc}

080052a4 <_close>:

int _close(int file)
{
  (void)file;
  return -1;
}
 80052a4:	f04f 30ff 	mov.w	r0, #4294967295	@ 0xffffffff
 80052a8:	4770      	bx	lr

080052aa <_fstat>:


int _fstat(int file, struct stat *st)
{
  (void)file;
  st->st_mode = S_IFCHR;
 80052aa:	f44f 5300 	mov.w	r3, #8192	@ 0x2000
 80052ae:	604b      	str	r3, [r1, #4]
  return 0;
}
 80052b0:	2000      	movs	r0, #0
 80052b2:	4770      	bx	lr

080052b4 <_isatty>:

int _isatty(int file)
{
  (void)file;
  return 1;
}
 80052b4:	2001      	movs	r0, #1
 80052b6:	4770      	bx	lr

080052b8 <_lseek>:
{
  (void)file;
  (void)ptr;
  (void)dir;
  return 0;
}
 80052b8:	2000      	movs	r0, #0
 80052ba:	4770      	bx	lr

080052bc <_sbrk>:
 *
 * @param incr Memory size
 * @return Pointer to allocated memory
 */
void *_sbrk(ptrdiff_t incr)
{
 80052bc:	b508      	push	{r3, lr}
 80052be:	4603      	mov	r3, r0
  extern uint8_t _end; /* Symbol defined in the linker script */
  extern uint8_t _estack; /* Symbol defined in the linker script */
  extern uint32_t _Min_Stack_Size; /* Symbol defined in the linker script */
  const uint32_t stack_limit = (uint32_t)&_estack - (uint32_t)&_Min_Stack_Size;
 80052c0:	4a0d      	ldr	r2, [pc, #52]	@ (80052f8 <_sbrk+0x3c>)
 80052c2:	490e      	ldr	r1, [pc, #56]	@ (80052fc <_sbrk+0x40>)
  const uint8_t *max_heap = (uint8_t *)stack_limit;
  uint8_t *prev_heap_end;

  /* Initialize heap end at first call */
  if (NULL == __sbrk_heap_end)
 80052c4:	480e      	ldr	r0, [pc, #56]	@ (8005300 <_sbrk+0x44>)
 80052c6:	6800      	ldr	r0, [r0, #0]
 80052c8:	b140      	cbz	r0, 80052dc <_sbrk+0x20>
  {
    __sbrk_heap_end = &_end;
  }

  /* Protect heap from growing into the reserved MSP stack */
  if (__sbrk_heap_end + incr > max_heap)
 80052ca:	480d      	ldr	r0, [pc, #52]	@ (8005300 <_sbrk+0x44>)
 80052cc:	6800      	ldr	r0, [r0, #0]
 80052ce:	4403      	add	r3, r0
 80052d0:	1a52      	subs	r2, r2, r1
 80052d2:	4293      	cmp	r3, r2
 80052d4:	d808      	bhi.n	80052e8 <_sbrk+0x2c>
    errno = ENOMEM;
    return (void *)-1;
  }

  prev_heap_end = __sbrk_heap_end;
  __sbrk_heap_end += incr;
 80052d6:	4a0a      	ldr	r2, [pc, #40]	@ (8005300 <_sbrk+0x44>)
 80052d8:	6013      	str	r3, [r2, #0]

  return (void *)prev_heap_end;
}
 80052da:	bd08      	pop	{r3, pc}
    __sbrk_heap_end = &_end;
 80052dc:	4808      	ldr	r0, [pc, #32]	@ (8005300 <_sbrk+0x44>)
 80052de:	f8df c024 	ldr.w	ip, [pc, #36]	@ 8005304 <_sbrk+0x48>
 80052e2:	f8c0 c000 	str.w	ip, [r0]
 80052e6:	e7f0      	b.n	80052ca <_sbrk+0xe>
    errno = ENOMEM;
 80052e8:	f002 f94c 	bl	8007584 <__errno>
 80052ec:	230c      	movs	r3, #12
 80052ee:	6003      	str	r3, [r0, #0]
    return (void *)-1;
 80052f0:	f04f 30ff 	mov.w	r0, #4294967295	@ 0xffffffff
 80052f4:	e7f1      	b.n	80052da <_sbrk+0x1e>
 80052f6:	bf00      	nop
 80052f8:	20030000 	.word	0x20030000
 80052fc:	00000c00 	.word	0x00000c00
 8005300:	200004d8 	.word	0x200004d8
 8005304:	20002008 	.word	0x20002008

08005308 <SystemInit>:
  SCB->VTOR = VECT_TAB_BASE_ADDRESS | VECT_TAB_OFFSET;
#endif /* USER_VECT_TAB_ADDRESS */

  /* FPU settings ------------------------------------------------------------*/
#if (__FPU_PRESENT == 1) && (__FPU_USED == 1)
  SCB->CPACR |= ((3UL << (10UL * 2UL)) | (3UL << (11UL * 2UL))); /* set CP10 and CP11 Full Access */
 8005308:	4a16      	ldr	r2, [pc, #88]	@ (8005364 <SystemInit+0x5c>)
 800530a:	f8d2 3088 	ldr.w	r3, [r2, #136]	@ 0x88
 800530e:	f443 0370 	orr.w	r3, r3, #15728640	@ 0xf00000
 8005312:	f8c2 3088 	str.w	r3, [r2, #136]	@ 0x88
#endif /* FPU */

  /* Reset the RCC clock configuration to the default reset state ------------*/
  /* Set MSION bit */
  RCC->CR |= RCC_CR_MSION;
 8005316:	f04f 43b0 	mov.w	r3, #1476395008	@ 0x58000000
 800531a:	681a      	ldr	r2, [r3, #0]
 800531c:	f042 0201 	orr.w	r2, r2, #1
 8005320:	601a      	str	r2, [r3, #0]

  /* Reset CFGR register */
  RCC->CFGR = 0x00070000U;
 8005322:	f44f 22e0 	mov.w	r2, #458752	@ 0x70000
 8005326:	609a      	str	r2, [r3, #8]

  /* Reset PLLSAI1ON, PLLON, HSECSSON, HSEON, HSION, and MSIPLLON bits */
  RCC->CR &= (uint32_t)0xFAF6FEFBU;
 8005328:	6819      	ldr	r1, [r3, #0]
 800532a:	f1a2 62a2 	sub.w	r2, r2, #84934656	@ 0x5100000
 800532e:	f2a2 1205 	subw	r2, r2, #261	@ 0x105
 8005332:	400a      	ands	r2, r1
 8005334:	601a      	str	r2, [r3, #0]

  /*!< Reset LSI1 and LSI2 bits */
  RCC->CSR &= (uint32_t)0xFFFFFFFAU;
 8005336:	f8d3 2094 	ldr.w	r2, [r3, #148]	@ 0x94
 800533a:	f022 0205 	bic.w	r2, r2, #5
 800533e:	f8c3 2094 	str.w	r2, [r3, #148]	@ 0x94

  /*!< Reset HSI48ON  bit */
  RCC->CRRCR &= (uint32_t)0xFFFFFFFEU;
 8005342:	f8d3 2098 	ldr.w	r2, [r3, #152]	@ 0x98
 8005346:	f022 0201 	bic.w	r2, r2, #1
 800534a:	f8c3 2098 	str.w	r2, [r3, #152]	@ 0x98

  /* Reset PLLCFGR register */
  RCC->PLLCFGR = 0x22041000U;
 800534e:	4a06      	ldr	r2, [pc, #24]	@ (8005368 <SystemInit+0x60>)
 8005350:	60da      	str	r2, [r3, #12]

#if defined(STM32WB55xx) || defined(STM32WB5Mxx)
  /* Reset PLLSAI1CFGR register */
  RCC->PLLSAI1CFGR = 0x22041000U;
 8005352:	611a      	str	r2, [r3, #16]
#endif /* STM32WB55xx || STM32WB5Mxx */

  /* Reset HSEBYP bit */
  RCC->CR &= 0xFFFBFFFFU;
 8005354:	681a      	ldr	r2, [r3, #0]
 8005356:	f422 2280 	bic.w	r2, r2, #262144	@ 0x40000
 800535a:	601a      	str	r2, [r3, #0]

  /* Disable all interrupts */
  RCC->CIER = 0x00000000;
 800535c:	2200      	movs	r2, #0
 800535e:	619a      	str	r2, [r3, #24]
}
 8005360:	4770      	bx	lr
 8005362:	bf00      	nop
 8005364:	e000ed00 	.word	0xe000ed00
 8005368:	22041000 	.word	0x22041000

0800536c <MX_USB_Device_Init>:
/**
  * Init USB device Library, add supported class and start the library
  * @retval None
  */
void MX_USB_Device_Init(void)
{
 800536c:	b508      	push	{r3, lr}
  /* USER CODE BEGIN USB_Device_Init_PreTreatment */

  /* USER CODE END USB_Device_Init_PreTreatment */

  /* Init Device Library, add supported class and start the library. */
  if (USBD_Init(&hUsbDeviceFS, &CDC_Desc, DEVICE_FS) != USBD_OK) {
 800536e:	2200      	movs	r2, #0
 8005370:	490f      	ldr	r1, [pc, #60]	@ (80053b0 <MX_USB_Device_Init+0x44>)
 8005372:	4810      	ldr	r0, [pc, #64]	@ (80053b4 <MX_USB_Device_Init+0x48>)
 8005374:	f000 fc71 	bl	8005c5a <USBD_Init>
 8005378:	b970      	cbnz	r0, 8005398 <MX_USB_Device_Init+0x2c>
    Error_Handler();
  }
  if (USBD_RegisterClass(&hUsbDeviceFS, &USBD_CDC) != USBD_OK) {
 800537a:	490f      	ldr	r1, [pc, #60]	@ (80053b8 <MX_USB_Device_Init+0x4c>)
 800537c:	480d      	ldr	r0, [pc, #52]	@ (80053b4 <MX_USB_Device_Init+0x48>)
 800537e:	f000 fc83 	bl	8005c88 <USBD_RegisterClass>
 8005382:	b960      	cbnz	r0, 800539e <MX_USB_Device_Init+0x32>
    Error_Handler();
  }
  if (USBD_CDC_RegisterInterface(&hUsbDeviceFS, &USBD_Interface_fops_FS) != USBD_OK) {
 8005384:	490d      	ldr	r1, [pc, #52]	@ (80053bc <MX_USB_Device_Init+0x50>)
 8005386:	480b      	ldr	r0, [pc, #44]	@ (80053b4 <MX_USB_Device_Init+0x48>)
 8005388:	f000 fa37 	bl	80057fa <USBD_CDC_RegisterInterface>
 800538c:	b950      	cbnz	r0, 80053a4 <MX_USB_Device_Init+0x38>
    Error_Handler();
  }
  if (USBD_Start(&hUsbDeviceFS) != USBD_OK) {
 800538e:	4809      	ldr	r0, [pc, #36]	@ (80053b4 <MX_USB_Device_Init+0x48>)
 8005390:	f000 fc9a 	bl	8005cc8 <USBD_Start>
 8005394:	b948      	cbnz	r0, 80053aa <MX_USB_Device_Init+0x3e>
    Error_Handler();
  }
  /* USER CODE BEGIN USB_Device_Init_PostTreatment */

  /* USER CODE END USB_Device_Init_PostTreatment */
}
 8005396:	bd08      	pop	{r3, pc}
    Error_Handler();
 8005398:	f7fb ff3a 	bl	8001210 <Error_Handler>
 800539c:	e7ed      	b.n	800537a <MX_USB_Device_Init+0xe>
    Error_Handler();
 800539e:	f7fb ff37 	bl	8001210 <Error_Handler>
 80053a2:	e7ef      	b.n	8005384 <MX_USB_Device_Init+0x18>
    Error_Handler();
 80053a4:	f7fb ff34 	bl	8001210 <Error_Handler>
 80053a8:	e7f1      	b.n	800538e <MX_USB_Device_Init+0x22>
    Error_Handler();
 80053aa:	f7fb ff31 	bl	8001210 <Error_Handler>
}
 80053ae:	e7f2      	b.n	8005396 <MX_USB_Device_Init+0x2a>
 80053b0:	200000e4 	.word	0x200000e4
 80053b4:	200004dc 	.word	0x200004dc
 80053b8:	20000058 	.word	0x20000058
 80053bc:	2000009c 	.word	0x2000009c

080053c0 <USBD_CDC_EP0_RxReady>:
  *         Handle EP0 Rx Ready event
  * @param  pdev: device instance
  * @retval status
  */
static uint8_t USBD_CDC_EP0_RxReady(USBD_HandleTypeDef *pdev)
{
 80053c0:	b510      	push	{r4, lr}
  USBD_CDC_HandleTypeDef *hcdc = (USBD_CDC_HandleTypeDef *)pdev->pClassDataCmsit[pdev->classId];
 80053c2:	f8d0 32d4 	ldr.w	r3, [r0, #724]	@ 0x2d4
 80053c6:	f103 02b0 	add.w	r2, r3, #176	@ 0xb0
 80053ca:	f850 4022 	ldr.w	r4, [r0, r2, lsl #2]

  if (hcdc == NULL)
 80053ce:	b18c      	cbz	r4, 80053f4 <USBD_CDC_EP0_RxReady+0x34>
  {
    return (uint8_t)USBD_FAIL;
  }

  if ((pdev->pUserData[pdev->classId] != NULL) && (hcdc->CmdOpCode != 0xFFU))
 80053d0:	eb00 0082 	add.w	r0, r0, r2, lsl #2
 80053d4:	6843      	ldr	r3, [r0, #4]
 80053d6:	b17b      	cbz	r3, 80053f8 <USBD_CDC_EP0_RxReady+0x38>
 80053d8:	f894 0200 	ldrb.w	r0, [r4, #512]	@ 0x200
 80053dc:	28ff      	cmp	r0, #255	@ 0xff
 80053de:	d00d      	beq.n	80053fc <USBD_CDC_EP0_RxReady+0x3c>
  {
    ((USBD_CDC_ItfTypeDef *)pdev->pUserData[pdev->classId])->Control(hcdc->CmdOpCode,
 80053e0:	689b      	ldr	r3, [r3, #8]
 80053e2:	f894 2201 	ldrb.w	r2, [r4, #513]	@ 0x201
 80053e6:	4621      	mov	r1, r4
 80053e8:	4798      	blx	r3
                                                                     (uint8_t *)hcdc->data,
                                                                     (uint16_t)hcdc->CmdLength);
    hcdc->CmdOpCode = 0xFFU;
 80053ea:	23ff      	movs	r3, #255	@ 0xff
 80053ec:	f884 3200 	strb.w	r3, [r4, #512]	@ 0x200
  }

  return (uint8_t)USBD_OK;
 80053f0:	2000      	movs	r0, #0
}
 80053f2:	bd10      	pop	{r4, pc}
    return (uint8_t)USBD_FAIL;
 80053f4:	2003      	movs	r0, #3
 80053f6:	e7fc      	b.n	80053f2 <USBD_CDC_EP0_RxReady+0x32>
  return (uint8_t)USBD_OK;
 80053f8:	4618      	mov	r0, r3
 80053fa:	e7fa      	b.n	80053f2 <USBD_CDC_EP0_RxReady+0x32>
 80053fc:	2000      	movs	r0, #0
 80053fe:	e7f8      	b.n	80053f2 <USBD_CDC_EP0_RxReady+0x32>

08005400 <USBD_CDC_GetDeviceQualifierDescriptor>:
  * @param  length : pointer data length
  * @retval pointer to descriptor buffer
  */
uint8_t *USBD_CDC_GetDeviceQualifierDescriptor(uint16_t *length)
{
  *length = (uint16_t)sizeof(USBD_CDC_DeviceQualifierDesc);
 8005400:	230a      	movs	r3, #10
 8005402:	8003      	strh	r3, [r0, #0]

  return USBD_CDC_DeviceQualifierDesc;
}
 8005404:	4800      	ldr	r0, [pc, #0]	@ (8005408 <USBD_CDC_GetDeviceQualifierDescriptor+0x8>)
 8005406:	4770      	bx	lr
 8005408:	20000090 	.word	0x20000090

0800540c <USBD_CDC_GetOtherSpeedCfgDesc>:
{
 800540c:	b5f8      	push	{r3, r4, r5, r6, r7, lr}
 800540e:	4607      	mov	r7, r0
  USBD_EpDescTypeDef *pEpCmdDesc = USBD_GetEpDesc(USBD_CDC_CfgDesc, CDC_CMD_EP);
 8005410:	4d0f      	ldr	r5, [pc, #60]	@ (8005450 <USBD_CDC_GetOtherSpeedCfgDesc+0x44>)
 8005412:	2182      	movs	r1, #130	@ 0x82
 8005414:	4628      	mov	r0, r5
 8005416:	f000 fdd2 	bl	8005fbe <USBD_GetEpDesc>
 800541a:	4606      	mov	r6, r0
  USBD_EpDescTypeDef *pEpOutDesc = USBD_GetEpDesc(USBD_CDC_CfgDesc, CDC_OUT_EP);
 800541c:	2101      	movs	r1, #1
 800541e:	4628      	mov	r0, r5
 8005420:	f000 fdcd 	bl	8005fbe <USBD_GetEpDesc>
 8005424:	4604      	mov	r4, r0
  USBD_EpDescTypeDef *pEpInDesc = USBD_GetEpDesc(USBD_CDC_CfgDesc, CDC_IN_EP);
 8005426:	2181      	movs	r1, #129	@ 0x81
 8005428:	4628      	mov	r0, r5
 800542a:	f000 fdc8 	bl	8005fbe <USBD_GetEpDesc>
  if (pEpCmdDesc != NULL)
 800542e:	b10e      	cbz	r6, 8005434 <USBD_CDC_GetOtherSpeedCfgDesc+0x28>
    pEpCmdDesc->bInterval = CDC_FS_BINTERVAL;
 8005430:	2210      	movs	r2, #16
 8005432:	71b2      	strb	r2, [r6, #6]
  if (pEpOutDesc != NULL)
 8005434:	b11c      	cbz	r4, 800543e <USBD_CDC_GetOtherSpeedCfgDesc+0x32>
    pEpOutDesc->wMaxPacketSize = CDC_DATA_FS_MAX_PACKET_SIZE;
 8005436:	2240      	movs	r2, #64	@ 0x40
 8005438:	7122      	strb	r2, [r4, #4]
 800543a:	2200      	movs	r2, #0
 800543c:	7162      	strb	r2, [r4, #5]
  if (pEpInDesc != NULL)
 800543e:	b118      	cbz	r0, 8005448 <USBD_CDC_GetOtherSpeedCfgDesc+0x3c>
    pEpInDesc->wMaxPacketSize = CDC_DATA_FS_MAX_PACKET_SIZE;
 8005440:	2240      	movs	r2, #64	@ 0x40
 8005442:	7102      	strb	r2, [r0, #4]
 8005444:	2200      	movs	r2, #0
 8005446:	7142      	strb	r2, [r0, #5]
  *length = (uint16_t)sizeof(USBD_CDC_CfgDesc);
 8005448:	2343      	movs	r3, #67	@ 0x43
 800544a:	803b      	strh	r3, [r7, #0]
}
 800544c:	4800      	ldr	r0, [pc, #0]	@ (8005450 <USBD_CDC_GetOtherSpeedCfgDesc+0x44>)
 800544e:	bdf8      	pop	{r3, r4, r5, r6, r7, pc}
 8005450:	20000014 	.word	0x20000014

08005454 <USBD_CDC_GetFSCfgDesc>:
{
 8005454:	b5f8      	push	{r3, r4, r5, r6, r7, lr}
 8005456:	4607      	mov	r7, r0
  USBD_EpDescTypeDef *pEpCmdDesc = USBD_GetEpDesc(USBD_CDC_CfgDesc, CDC_CMD_EP);
 8005458:	4d0f      	ldr	r5, [pc, #60]	@ (8005498 <USBD_CDC_GetFSCfgDesc+0x44>)
 800545a:	2182      	movs	r1, #130	@ 0x82
 800545c:	4628      	mov	r0, r5
 800545e:	f000 fdae 	bl	8005fbe <USBD_GetEpDesc>
 8005462:	4606      	mov	r6, r0
  USBD_EpDescTypeDef *pEpOutDesc = USBD_GetEpDesc(USBD_CDC_CfgDesc, CDC_OUT_EP);
 8005464:	2101      	movs	r1, #1
 8005466:	4628      	mov	r0, r5
 8005468:	f000 fda9 	bl	8005fbe <USBD_GetEpDesc>
 800546c:	4604      	mov	r4, r0
  USBD_EpDescTypeDef *pEpInDesc = USBD_GetEpDesc(USBD_CDC_CfgDesc, CDC_IN_EP);
 800546e:	2181      	movs	r1, #129	@ 0x81
 8005470:	4628      	mov	r0, r5
 8005472:	f000 fda4 	bl	8005fbe <USBD_GetEpDesc>
  if (pEpCmdDesc != NULL)
 8005476:	b10e      	cbz	r6, 800547c <USBD_CDC_GetFSCfgDesc+0x28>
    pEpCmdDesc->bInterval = CDC_FS_BINTERVAL;
 8005478:	2210      	movs	r2, #16
 800547a:	71b2      	strb	r2, [r6, #6]
  if (pEpOutDesc != NULL)
 800547c:	b11c      	cbz	r4, 8005486 <USBD_CDC_GetFSCfgDesc+0x32>
    pEpOutDesc->wMaxPacketSize = CDC_DATA_FS_MAX_PACKET_SIZE;
 800547e:	2240      	movs	r2, #64	@ 0x40
 8005480:	7122      	strb	r2, [r4, #4]
 8005482:	2200      	movs	r2, #0
 8005484:	7162      	strb	r2, [r4, #5]
  if (pEpInDesc != NULL)
 8005486:	b118      	cbz	r0, 8005490 <USBD_CDC_GetFSCfgDesc+0x3c>
    pEpInDesc->wMaxPacketSize = CDC_DATA_FS_MAX_PACKET_SIZE;
 8005488:	2240      	movs	r2, #64	@ 0x40
 800548a:	7102      	strb	r2, [r0, #4]
 800548c:	2200      	movs	r2, #0
 800548e:	7142      	strb	r2, [r0, #5]
  *length = (uint16_t)sizeof(USBD_CDC_CfgDesc);
 8005490:	2343      	movs	r3, #67	@ 0x43
 8005492:	803b      	strh	r3, [r7, #0]
}
 8005494:	4800      	ldr	r0, [pc, #0]	@ (8005498 <USBD_CDC_GetFSCfgDesc+0x44>)
 8005496:	bdf8      	pop	{r3, r4, r5, r6, r7, pc}
 8005498:	20000014 	.word	0x20000014

0800549c <USBD_CDC_GetHSCfgDesc>:
{
 800549c:	b5f8      	push	{r3, r4, r5, r6, r7, lr}
 800549e:	4607      	mov	r7, r0
  USBD_EpDescTypeDef *pEpCmdDesc = USBD_GetEpDesc(USBD_CDC_CfgDesc, CDC_CMD_EP);
 80054a0:	4d0f      	ldr	r5, [pc, #60]	@ (80054e0 <USBD_CDC_GetHSCfgDesc+0x44>)
 80054a2:	2182      	movs	r1, #130	@ 0x82
 80054a4:	4628      	mov	r0, r5
 80054a6:	f000 fd8a 	bl	8005fbe <USBD_GetEpDesc>
 80054aa:	4606      	mov	r6, r0
  USBD_EpDescTypeDef *pEpOutDesc = USBD_GetEpDesc(USBD_CDC_CfgDesc, CDC_OUT_EP);
 80054ac:	2101      	movs	r1, #1
 80054ae:	4628      	mov	r0, r5
 80054b0:	f000 fd85 	bl	8005fbe <USBD_GetEpDesc>
 80054b4:	4604      	mov	r4, r0
  USBD_EpDescTypeDef *pEpInDesc = USBD_GetEpDesc(USBD_CDC_CfgDesc, CDC_IN_EP);
 80054b6:	2181      	movs	r1, #129	@ 0x81
 80054b8:	4628      	mov	r0, r5
 80054ba:	f000 fd80 	bl	8005fbe <USBD_GetEpDesc>
  if (pEpCmdDesc != NULL)
 80054be:	b10e      	cbz	r6, 80054c4 <USBD_CDC_GetHSCfgDesc+0x28>
    pEpCmdDesc->bInterval = CDC_HS_BINTERVAL;
 80054c0:	2210      	movs	r2, #16
 80054c2:	71b2      	strb	r2, [r6, #6]
  if (pEpOutDesc != NULL)
 80054c4:	b11c      	cbz	r4, 80054ce <USBD_CDC_GetHSCfgDesc+0x32>
    pEpOutDesc->wMaxPacketSize = CDC_DATA_HS_MAX_PACKET_SIZE;
 80054c6:	2200      	movs	r2, #0
 80054c8:	7122      	strb	r2, [r4, #4]
 80054ca:	2202      	movs	r2, #2
 80054cc:	7162      	strb	r2, [r4, #5]
  if (pEpInDesc != NULL)
 80054ce:	b118      	cbz	r0, 80054d8 <USBD_CDC_GetHSCfgDesc+0x3c>
    pEpInDesc->wMaxPacketSize = CDC_DATA_HS_MAX_PACKET_SIZE;
 80054d0:	2200      	movs	r2, #0
 80054d2:	7102      	strb	r2, [r0, #4]
 80054d4:	2202      	movs	r2, #2
 80054d6:	7142      	strb	r2, [r0, #5]
  *length = (uint16_t)sizeof(USBD_CDC_CfgDesc);
 80054d8:	2343      	movs	r3, #67	@ 0x43
 80054da:	803b      	strh	r3, [r7, #0]
}
 80054dc:	4800      	ldr	r0, [pc, #0]	@ (80054e0 <USBD_CDC_GetHSCfgDesc+0x44>)
 80054de:	bdf8      	pop	{r3, r4, r5, r6, r7, pc}
 80054e0:	20000014 	.word	0x20000014

080054e4 <USBD_CDC_DataOut>:
{
 80054e4:	b538      	push	{r3, r4, r5, lr}
  USBD_CDC_HandleTypeDef *hcdc = (USBD_CDC_HandleTypeDef *)pdev->pClassDataCmsit[pdev->classId];
 80054e6:	f8d0 32d4 	ldr.w	r3, [r0, #724]	@ 0x2d4
 80054ea:	33b0      	adds	r3, #176	@ 0xb0
 80054ec:	f850 5023 	ldr.w	r5, [r0, r3, lsl #2]
  if (pdev->pClassDataCmsit[pdev->classId] == NULL)
 80054f0:	b195      	cbz	r5, 8005518 <USBD_CDC_DataOut+0x34>
 80054f2:	4604      	mov	r4, r0
  hcdc->RxLength = USBD_LL_GetRxDataSize(pdev, epnum);
 80054f4:	f000 fb83 	bl	8005bfe <USBD_LL_GetRxDataSize>
 80054f8:	f8c5 020c 	str.w	r0, [r5, #524]	@ 0x20c
  ((USBD_CDC_ItfTypeDef *)pdev->pUserData[pdev->classId])->Receive(hcdc->RxBuffer, &hcdc->RxLength);
 80054fc:	f8d4 32d4 	ldr.w	r3, [r4, #724]	@ 0x2d4
 8005500:	33b0      	adds	r3, #176	@ 0xb0
 8005502:	eb04 0483 	add.w	r4, r4, r3, lsl #2
 8005506:	6863      	ldr	r3, [r4, #4]
 8005508:	68db      	ldr	r3, [r3, #12]
 800550a:	f505 7103 	add.w	r1, r5, #524	@ 0x20c
 800550e:	f8d5 0204 	ldr.w	r0, [r5, #516]	@ 0x204
 8005512:	4798      	blx	r3
  return (uint8_t)USBD_OK;
 8005514:	2000      	movs	r0, #0
}
 8005516:	bd38      	pop	{r3, r4, r5, pc}
    return (uint8_t)USBD_FAIL;
 8005518:	2003      	movs	r0, #3
 800551a:	e7fc      	b.n	8005516 <USBD_CDC_DataOut+0x32>

0800551c <USBD_CDC_DataIn>:
{
 800551c:	b510      	push	{r4, lr}
  PCD_HandleTypeDef *hpcd = (PCD_HandleTypeDef *)pdev->pData;
 800551e:	f8d0 e2c8 	ldr.w	lr, [r0, #712]	@ 0x2c8
  if (pdev->pClassDataCmsit[pdev->classId] == NULL)
 8005522:	f8d0 32d4 	ldr.w	r3, [r0, #724]	@ 0x2d4
 8005526:	33b0      	adds	r3, #176	@ 0xb0
 8005528:	f850 c023 	ldr.w	ip, [r0, r3, lsl #2]
 800552c:	f1bc 0f00 	cmp.w	ip, #0
 8005530:	d02f      	beq.n	8005592 <USBD_CDC_DataIn+0x76>
  if ((pdev->ep_in[epnum & 0xFU].total_length > 0U) &&
 8005532:	f001 030f 	and.w	r3, r1, #15
 8005536:	eb03 0283 	add.w	r2, r3, r3, lsl #2
 800553a:	eb00 0282 	add.w	r2, r0, r2, lsl #2
 800553e:	6952      	ldr	r2, [r2, #20]
 8005540:	b152      	cbz	r2, 8005558 <USBD_CDC_DataIn+0x3c>
      ((pdev->ep_in[epnum & 0xFU].total_length % hpcd->IN_ep[epnum & 0xFU].maxpacket) == 0U))
 8005542:	eb03 0483 	add.w	r4, r3, r3, lsl #2
 8005546:	eb0e 0ec4 	add.w	lr, lr, r4, lsl #3
 800554a:	f8de e020 	ldr.w	lr, [lr, #32]
 800554e:	fbb2 f4fe 	udiv	r4, r2, lr
 8005552:	fb0e 2214 	mls	r2, lr, r4, r2
  if ((pdev->ep_in[epnum & 0xFU].total_length > 0U) &&
 8005556:	b192      	cbz	r2, 800557e <USBD_CDC_DataIn+0x62>
    hcdc->TxState = 0U;
 8005558:	2300      	movs	r3, #0
 800555a:	f8cc 3214 	str.w	r3, [ip, #532]	@ 0x214
    if (((USBD_CDC_ItfTypeDef *)pdev->pUserData[pdev->classId])->TransmitCplt != NULL)
 800555e:	f8d0 32d4 	ldr.w	r3, [r0, #724]	@ 0x2d4
 8005562:	33b0      	adds	r3, #176	@ 0xb0
 8005564:	eb00 0083 	add.w	r0, r0, r3, lsl #2
 8005568:	6843      	ldr	r3, [r0, #4]
 800556a:	691b      	ldr	r3, [r3, #16]
 800556c:	b19b      	cbz	r3, 8005596 <USBD_CDC_DataIn+0x7a>
      ((USBD_CDC_ItfTypeDef *)pdev->pUserData[pdev->classId])->TransmitCplt(hcdc->TxBuffer, &hcdc->TxLength, epnum);
 800556e:	460a      	mov	r2, r1
 8005570:	f50c 7104 	add.w	r1, ip, #528	@ 0x210
 8005574:	f8dc 0208 	ldr.w	r0, [ip, #520]	@ 0x208
 8005578:	4798      	blx	r3
  return (uint8_t)USBD_OK;
 800557a:	2000      	movs	r0, #0
}
 800557c:	bd10      	pop	{r4, pc}
    pdev->ep_in[epnum & 0xFU].total_length = 0U;
 800557e:	eb03 0383 	add.w	r3, r3, r3, lsl #2
 8005582:	eb00 0383 	add.w	r3, r0, r3, lsl #2
 8005586:	615a      	str	r2, [r3, #20]
    (void)USBD_LL_Transmit(pdev, epnum, NULL, 0U);
 8005588:	4613      	mov	r3, r2
 800558a:	f000 fb28 	bl	8005bde <USBD_LL_Transmit>
  return (uint8_t)USBD_OK;
 800558e:	2000      	movs	r0, #0
    (void)USBD_LL_Transmit(pdev, epnum, NULL, 0U);
 8005590:	e7f4      	b.n	800557c <USBD_CDC_DataIn+0x60>
    return (uint8_t)USBD_FAIL;
 8005592:	2003      	movs	r0, #3
 8005594:	e7f2      	b.n	800557c <USBD_CDC_DataIn+0x60>
  return (uint8_t)USBD_OK;
 8005596:	4618      	mov	r0, r3
 8005598:	e7f0      	b.n	800557c <USBD_CDC_DataIn+0x60>

0800559a <USBD_CDC_Setup>:
{
 800559a:	b5f0      	push	{r4, r5, r6, r7, lr}
 800559c:	b083      	sub	sp, #12
  USBD_CDC_HandleTypeDef *hcdc = (USBD_CDC_HandleTypeDef *)pdev->pClassDataCmsit[pdev->classId];
 800559e:	f8d0 32d4 	ldr.w	r3, [r0, #724]	@ 0x2d4
 80055a2:	f103 02b0 	add.w	r2, r3, #176	@ 0xb0
 80055a6:	f850 7022 	ldr.w	r7, [r0, r2, lsl #2]
  uint8_t ifalt = 0U;
 80055aa:	2200      	movs	r2, #0
 80055ac:	f88d 2007 	strb.w	r2, [sp, #7]
  uint16_t status_info = 0U;
 80055b0:	f8ad 2004 	strh.w	r2, [sp, #4]
  if (hcdc == NULL)
 80055b4:	2f00      	cmp	r7, #0
 80055b6:	d076      	beq.n	80056a6 <USBD_CDC_Setup+0x10c>
 80055b8:	4604      	mov	r4, r0
 80055ba:	460d      	mov	r5, r1
  switch (req->bmRequest & USB_REQ_TYPE_MASK)
 80055bc:	7809      	ldrb	r1, [r1, #0]
 80055be:	f011 0660 	ands.w	r6, r1, #96	@ 0x60
 80055c2:	d033      	beq.n	800562c <USBD_CDC_Setup+0x92>
 80055c4:	2e20      	cmp	r6, #32
 80055c6:	d167      	bne.n	8005698 <USBD_CDC_Setup+0xfe>
      if (req->wLength != 0U)
 80055c8:	88ea      	ldrh	r2, [r5, #6]
 80055ca:	b32a      	cbz	r2, 8005618 <USBD_CDC_Setup+0x7e>
        if ((req->bmRequest & 0x80U) != 0U)
 80055cc:	f011 0f80 	tst.w	r1, #128	@ 0x80
 80055d0:	d107      	bne.n	80055e2 <USBD_CDC_Setup+0x48>
          hcdc->CmdOpCode = req->bRequest;
 80055d2:	786b      	ldrb	r3, [r5, #1]
 80055d4:	f887 3200 	strb.w	r3, [r7, #512]	@ 0x200
          hcdc->CmdLength = (uint8_t)MIN(req->wLength, USB_MAX_EP0_SIZE);
 80055d8:	88ea      	ldrh	r2, [r5, #6]
 80055da:	2a3f      	cmp	r2, #63	@ 0x3f
 80055dc:	d813      	bhi.n	8005606 <USBD_CDC_Setup+0x6c>
 80055de:	b2d2      	uxtb	r2, r2
 80055e0:	e012      	b.n	8005608 <USBD_CDC_Setup+0x6e>
          ((USBD_CDC_ItfTypeDef *)pdev->pUserData[pdev->classId])->Control(req->bRequest,
 80055e2:	33b0      	adds	r3, #176	@ 0xb0
 80055e4:	eb00 0383 	add.w	r3, r0, r3, lsl #2
 80055e8:	685b      	ldr	r3, [r3, #4]
 80055ea:	689b      	ldr	r3, [r3, #8]
 80055ec:	4639      	mov	r1, r7
 80055ee:	7868      	ldrb	r0, [r5, #1]
 80055f0:	4798      	blx	r3
          len = MIN(CDC_REQ_MAX_DATA_SIZE, req->wLength);
 80055f2:	88ea      	ldrh	r2, [r5, #6]
          (void)USBD_CtlSendData(pdev, (uint8_t *)hcdc->data, len);
 80055f4:	2a07      	cmp	r2, #7
 80055f6:	bf28      	it	cs
 80055f8:	2207      	movcs	r2, #7
 80055fa:	4639      	mov	r1, r7
 80055fc:	4620      	mov	r0, r4
 80055fe:	f001 f957 	bl	80068b0 <USBD_CtlSendData>
  USBD_StatusTypeDef ret = USBD_OK;
 8005602:	2600      	movs	r6, #0
 8005604:	e04c      	b.n	80056a0 <USBD_CDC_Setup+0x106>
          hcdc->CmdLength = (uint8_t)MIN(req->wLength, USB_MAX_EP0_SIZE);
 8005606:	2240      	movs	r2, #64	@ 0x40
 8005608:	f887 2201 	strb.w	r2, [r7, #513]	@ 0x201
          (void)USBD_CtlPrepareRx(pdev, (uint8_t *)hcdc->data, hcdc->CmdLength);
 800560c:	4639      	mov	r1, r7
 800560e:	4620      	mov	r0, r4
 8005610:	f001 f964 	bl	80068dc <USBD_CtlPrepareRx>
  USBD_StatusTypeDef ret = USBD_OK;
 8005614:	2600      	movs	r6, #0
 8005616:	e043      	b.n	80056a0 <USBD_CDC_Setup+0x106>
        ((USBD_CDC_ItfTypeDef *)pdev->pUserData[pdev->classId])->Control(req->bRequest,
 8005618:	33b0      	adds	r3, #176	@ 0xb0
 800561a:	eb00 0383 	add.w	r3, r0, r3, lsl #2
 800561e:	685b      	ldr	r3, [r3, #4]
 8005620:	689b      	ldr	r3, [r3, #8]
 8005622:	4629      	mov	r1, r5
 8005624:	7868      	ldrb	r0, [r5, #1]
 8005626:	4798      	blx	r3
  USBD_StatusTypeDef ret = USBD_OK;
 8005628:	2600      	movs	r6, #0
 800562a:	e039      	b.n	80056a0 <USBD_CDC_Setup+0x106>
      switch (req->bRequest)
 800562c:	786f      	ldrb	r7, [r5, #1]
 800562e:	2f0a      	cmp	r7, #10
 8005630:	d023      	beq.n	800567a <USBD_CDC_Setup+0xe0>
 8005632:	d808      	bhi.n	8005646 <USBD_CDC_Setup+0xac>
 8005634:	b197      	cbz	r7, 800565c <USBD_CDC_Setup+0xc2>
 8005636:	2f01      	cmp	r7, #1
 8005638:	d032      	beq.n	80056a0 <USBD_CDC_Setup+0x106>
          USBD_CtlError(pdev, req);
 800563a:	4629      	mov	r1, r5
 800563c:	4620      	mov	r0, r4
 800563e:	f000 fcfb 	bl	8006038 <USBD_CtlError>
          ret = USBD_FAIL;
 8005642:	2603      	movs	r6, #3
          break;
 8005644:	e02c      	b.n	80056a0 <USBD_CDC_Setup+0x106>
      switch (req->bRequest)
 8005646:	2f0b      	cmp	r7, #11
 8005648:	d1f7      	bne.n	800563a <USBD_CDC_Setup+0xa0>
          if (pdev->dev_state != USBD_STATE_CONFIGURED)
 800564a:	f890 329c 	ldrb.w	r3, [r0, #668]	@ 0x29c
 800564e:	2b03      	cmp	r3, #3
 8005650:	d026      	beq.n	80056a0 <USBD_CDC_Setup+0x106>
            USBD_CtlError(pdev, req);
 8005652:	4629      	mov	r1, r5
 8005654:	f000 fcf0 	bl	8006038 <USBD_CtlError>
            ret = USBD_FAIL;
 8005658:	2603      	movs	r6, #3
 800565a:	e021      	b.n	80056a0 <USBD_CDC_Setup+0x106>
          if (pdev->dev_state == USBD_STATE_CONFIGURED)
 800565c:	f890 329c 	ldrb.w	r3, [r0, #668]	@ 0x29c
 8005660:	2b03      	cmp	r3, #3
 8005662:	d004      	beq.n	800566e <USBD_CDC_Setup+0xd4>
            USBD_CtlError(pdev, req);
 8005664:	4629      	mov	r1, r5
 8005666:	f000 fce7 	bl	8006038 <USBD_CtlError>
            ret = USBD_FAIL;
 800566a:	2603      	movs	r6, #3
 800566c:	e018      	b.n	80056a0 <USBD_CDC_Setup+0x106>
            (void)USBD_CtlSendData(pdev, (uint8_t *)&status_info, 2U);
 800566e:	2202      	movs	r2, #2
 8005670:	a901      	add	r1, sp, #4
 8005672:	f001 f91d 	bl	80068b0 <USBD_CtlSendData>
  USBD_StatusTypeDef ret = USBD_OK;
 8005676:	463e      	mov	r6, r7
 8005678:	e012      	b.n	80056a0 <USBD_CDC_Setup+0x106>
          if (pdev->dev_state == USBD_STATE_CONFIGURED)
 800567a:	f890 329c 	ldrb.w	r3, [r0, #668]	@ 0x29c
 800567e:	2b03      	cmp	r3, #3
 8005680:	d004      	beq.n	800568c <USBD_CDC_Setup+0xf2>
            USBD_CtlError(pdev, req);
 8005682:	4629      	mov	r1, r5
 8005684:	f000 fcd8 	bl	8006038 <USBD_CtlError>
            ret = USBD_FAIL;
 8005688:	2603      	movs	r6, #3
 800568a:	e009      	b.n	80056a0 <USBD_CDC_Setup+0x106>
            (void)USBD_CtlSendData(pdev, &ifalt, 1U);
 800568c:	2201      	movs	r2, #1
 800568e:	f10d 0107 	add.w	r1, sp, #7
 8005692:	f001 f90d 	bl	80068b0 <USBD_CtlSendData>
 8005696:	e003      	b.n	80056a0 <USBD_CDC_Setup+0x106>
      USBD_CtlError(pdev, req);
 8005698:	4629      	mov	r1, r5
 800569a:	f000 fccd 	bl	8006038 <USBD_CtlError>
      ret = USBD_FAIL;
 800569e:	2603      	movs	r6, #3
}
 80056a0:	4630      	mov	r0, r6
 80056a2:	b003      	add	sp, #12
 80056a4:	bdf0      	pop	{r4, r5, r6, r7, pc}
    return (uint8_t)USBD_FAIL;
 80056a6:	2603      	movs	r6, #3
 80056a8:	e7fa      	b.n	80056a0 <USBD_CDC_Setup+0x106>

080056aa <USBD_CDC_DeInit>:
{
 80056aa:	b538      	push	{r3, r4, r5, lr}
 80056ac:	4604      	mov	r4, r0
  (void)USBD_LL_CloseEP(pdev, CDCInEpAdd);
 80056ae:	2181      	movs	r1, #129	@ 0x81
 80056b0:	f000 fa5f 	bl	8005b72 <USBD_LL_CloseEP>
  pdev->ep_in[CDCInEpAdd & 0xFU].is_used = 0U;
 80056b4:	2500      	movs	r5, #0
 80056b6:	f884 5037 	strb.w	r5, [r4, #55]	@ 0x37
  (void)USBD_LL_CloseEP(pdev, CDCOutEpAdd);
 80056ba:	2101      	movs	r1, #1
 80056bc:	4620      	mov	r0, r4
 80056be:	f000 fa58 	bl	8005b72 <USBD_LL_CloseEP>
  pdev->ep_out[CDCOutEpAdd & 0xFU].is_used = 0U;
 80056c2:	f884 5177 	strb.w	r5, [r4, #375]	@ 0x177
  (void)USBD_LL_CloseEP(pdev, CDCCmdEpAdd);
 80056c6:	2182      	movs	r1, #130	@ 0x82
 80056c8:	4620      	mov	r0, r4
 80056ca:	f000 fa52 	bl	8005b72 <USBD_LL_CloseEP>
  pdev->ep_in[CDCCmdEpAdd & 0xFU].is_used = 0U;
 80056ce:	f884 504b 	strb.w	r5, [r4, #75]	@ 0x4b
  pdev->ep_in[CDCCmdEpAdd & 0xFU].bInterval = 0U;
 80056d2:	6465      	str	r5, [r4, #68]	@ 0x44
  if (pdev->pClassDataCmsit[pdev->classId] != NULL)
 80056d4:	f8d4 32d4 	ldr.w	r3, [r4, #724]	@ 0x2d4
 80056d8:	f103 02b0 	add.w	r2, r3, #176	@ 0xb0
 80056dc:	f854 2022 	ldr.w	r2, [r4, r2, lsl #2]
 80056e0:	b19a      	cbz	r2, 800570a <USBD_CDC_DeInit+0x60>
    ((USBD_CDC_ItfTypeDef *)pdev->pUserData[pdev->classId])->DeInit();
 80056e2:	33b0      	adds	r3, #176	@ 0xb0
 80056e4:	eb04 0383 	add.w	r3, r4, r3, lsl #2
 80056e8:	685b      	ldr	r3, [r3, #4]
 80056ea:	685b      	ldr	r3, [r3, #4]
 80056ec:	4798      	blx	r3
    (void)USBD_free(pdev->pClassDataCmsit[pdev->classId]);
 80056ee:	f8d4 32d4 	ldr.w	r3, [r4, #724]	@ 0x2d4
 80056f2:	33b0      	adds	r3, #176	@ 0xb0
 80056f4:	f854 0023 	ldr.w	r0, [r4, r3, lsl #2]
 80056f8:	f000 faae 	bl	8005c58 <USBD_static_free>
    pdev->pClassDataCmsit[pdev->classId] = NULL;
 80056fc:	f8d4 32d4 	ldr.w	r3, [r4, #724]	@ 0x2d4
 8005700:	33b0      	adds	r3, #176	@ 0xb0
 8005702:	f844 5023 	str.w	r5, [r4, r3, lsl #2]
    pdev->pClassData = NULL;
 8005706:	f8c4 52bc 	str.w	r5, [r4, #700]	@ 0x2bc
}
 800570a:	2000      	movs	r0, #0
 800570c:	bd38      	pop	{r3, r4, r5, pc}

0800570e <USBD_CDC_Init>:
{
 800570e:	b570      	push	{r4, r5, r6, lr}
 8005710:	4604      	mov	r4, r0
  hcdc = (USBD_CDC_HandleTypeDef *)USBD_malloc(sizeof(USBD_CDC_HandleTypeDef));
 8005712:	f44f 7007 	mov.w	r0, #540	@ 0x21c
 8005716:	f000 fa9b 	bl	8005c50 <USBD_static_malloc>
  if (hcdc == NULL)
 800571a:	2800      	cmp	r0, #0
 800571c:	d049      	beq.n	80057b2 <USBD_CDC_Init+0xa4>
 800571e:	4605      	mov	r5, r0
  (void)USBD_memset(hcdc, 0, sizeof(USBD_CDC_HandleTypeDef));
 8005720:	f44f 7207 	mov.w	r2, #540	@ 0x21c
 8005724:	2100      	movs	r1, #0
 8005726:	f001 fedb 	bl	80074e0 <memset>
  pdev->pClassDataCmsit[pdev->classId] = (void *)hcdc;
 800572a:	f8d4 32d4 	ldr.w	r3, [r4, #724]	@ 0x2d4
 800572e:	33b0      	adds	r3, #176	@ 0xb0
 8005730:	f844 5023 	str.w	r5, [r4, r3, lsl #2]
  pdev->pClassData = pdev->pClassDataCmsit[pdev->classId];
 8005734:	f8c4 52bc 	str.w	r5, [r4, #700]	@ 0x2bc
  if (pdev->dev_speed == USBD_SPEED_HIGH)
 8005738:	7c23      	ldrb	r3, [r4, #16]
 800573a:	2b00      	cmp	r3, #0
 800573c:	d140      	bne.n	80057c0 <USBD_CDC_Init+0xb2>
    (void)USBD_LL_OpenEP(pdev, CDCInEpAdd, USBD_EP_TYPE_BULK,
 800573e:	f44f 7300 	mov.w	r3, #512	@ 0x200
 8005742:	2202      	movs	r2, #2
 8005744:	2181      	movs	r1, #129	@ 0x81
 8005746:	4620      	mov	r0, r4
 8005748:	f000 fa08 	bl	8005b5c <USBD_LL_OpenEP>
    pdev->ep_in[CDCInEpAdd & 0xFU].is_used = 1U;
 800574c:	2601      	movs	r6, #1
 800574e:	f884 6037 	strb.w	r6, [r4, #55]	@ 0x37
    (void)USBD_LL_OpenEP(pdev, CDCOutEpAdd, USBD_EP_TYPE_BULK,
 8005752:	f44f 7300 	mov.w	r3, #512	@ 0x200
 8005756:	2202      	movs	r2, #2
 8005758:	4631      	mov	r1, r6
 800575a:	4620      	mov	r0, r4
 800575c:	f000 f9fe 	bl	8005b5c <USBD_LL_OpenEP>
    pdev->ep_out[CDCOutEpAdd & 0xFU].is_used = 1U;
 8005760:	f884 6177 	strb.w	r6, [r4, #375]	@ 0x177
    pdev->ep_in[CDCCmdEpAdd & 0xFU].bInterval = CDC_HS_BINTERVAL;
 8005764:	2310      	movs	r3, #16
 8005766:	6463      	str	r3, [r4, #68]	@ 0x44
  (void)USBD_LL_OpenEP(pdev, CDCCmdEpAdd, USBD_EP_TYPE_INTR, CDC_CMD_PACKET_SIZE);
 8005768:	2308      	movs	r3, #8
 800576a:	2203      	movs	r2, #3
 800576c:	2182      	movs	r1, #130	@ 0x82
 800576e:	4620      	mov	r0, r4
 8005770:	f000 f9f4 	bl	8005b5c <USBD_LL_OpenEP>
  pdev->ep_in[CDCCmdEpAdd & 0xFU].is_used = 1U;
 8005774:	2301      	movs	r3, #1
 8005776:	f884 304b 	strb.w	r3, [r4, #75]	@ 0x4b
  hcdc->RxBuffer = NULL;
 800577a:	2600      	movs	r6, #0
 800577c:	f8c5 6204 	str.w	r6, [r5, #516]	@ 0x204
  ((USBD_CDC_ItfTypeDef *)pdev->pUserData[pdev->classId])->Init();
 8005780:	f8d4 32d4 	ldr.w	r3, [r4, #724]	@ 0x2d4
 8005784:	33b0      	adds	r3, #176	@ 0xb0
 8005786:	eb04 0383 	add.w	r3, r4, r3, lsl #2
 800578a:	685b      	ldr	r3, [r3, #4]
 800578c:	681b      	ldr	r3, [r3, #0]
 800578e:	4798      	blx	r3
  hcdc->TxState = 0U;
 8005790:	f8c5 6214 	str.w	r6, [r5, #532]	@ 0x214
  hcdc->RxState = 0U;
 8005794:	f8c5 6218 	str.w	r6, [r5, #536]	@ 0x218
  if (hcdc->RxBuffer == NULL)
 8005798:	f8d5 2204 	ldr.w	r2, [r5, #516]	@ 0x204
 800579c:	b35a      	cbz	r2, 80057f6 <USBD_CDC_Init+0xe8>
  if (pdev->dev_speed == USBD_SPEED_HIGH)
 800579e:	7c25      	ldrb	r5, [r4, #16]
 80057a0:	bb15      	cbnz	r5, 80057e8 <USBD_CDC_Init+0xda>
    (void)USBD_LL_PrepareReceive(pdev, CDCOutEpAdd, hcdc->RxBuffer,
 80057a2:	f44f 7300 	mov.w	r3, #512	@ 0x200
 80057a6:	2101      	movs	r1, #1
 80057a8:	4620      	mov	r0, r4
 80057aa:	f000 fa20 	bl	8005bee <USBD_LL_PrepareReceive>
}
 80057ae:	4628      	mov	r0, r5
 80057b0:	bd70      	pop	{r4, r5, r6, pc}
    pdev->pClassDataCmsit[pdev->classId] = NULL;
 80057b2:	f8d4 32d4 	ldr.w	r3, [r4, #724]	@ 0x2d4
 80057b6:	33b0      	adds	r3, #176	@ 0xb0
 80057b8:	f844 0023 	str.w	r0, [r4, r3, lsl #2]
    return (uint8_t)USBD_EMEM;
 80057bc:	2502      	movs	r5, #2
 80057be:	e7f6      	b.n	80057ae <USBD_CDC_Init+0xa0>
    (void)USBD_LL_OpenEP(pdev, CDCInEpAdd, USBD_EP_TYPE_BULK,
 80057c0:	2340      	movs	r3, #64	@ 0x40
 80057c2:	2202      	movs	r2, #2
 80057c4:	2181      	movs	r1, #129	@ 0x81
 80057c6:	4620      	mov	r0, r4
 80057c8:	f000 f9c8 	bl	8005b5c <USBD_LL_OpenEP>
    pdev->ep_in[CDCInEpAdd & 0xFU].is_used = 1U;
 80057cc:	2601      	movs	r6, #1
 80057ce:	f884 6037 	strb.w	r6, [r4, #55]	@ 0x37
    (void)USBD_LL_OpenEP(pdev, CDCOutEpAdd, USBD_EP_TYPE_BULK,
 80057d2:	2340      	movs	r3, #64	@ 0x40
 80057d4:	2202      	movs	r2, #2
 80057d6:	4631      	mov	r1, r6
 80057d8:	4620      	mov	r0, r4
 80057da:	f000 f9bf 	bl	8005b5c <USBD_LL_OpenEP>
    pdev->ep_out[CDCOutEpAdd & 0xFU].is_used = 1U;
 80057de:	f884 6177 	strb.w	r6, [r4, #375]	@ 0x177
    pdev->ep_in[CDCCmdEpAdd & 0xFU].bInterval = CDC_FS_BINTERVAL;
 80057e2:	2310      	movs	r3, #16
 80057e4:	6463      	str	r3, [r4, #68]	@ 0x44
 80057e6:	e7bf      	b.n	8005768 <USBD_CDC_Init+0x5a>
    (void)USBD_LL_PrepareReceive(pdev, CDCOutEpAdd, hcdc->RxBuffer,
 80057e8:	2340      	movs	r3, #64	@ 0x40
 80057ea:	2101      	movs	r1, #1
 80057ec:	4620      	mov	r0, r4
 80057ee:	f000 f9fe 	bl	8005bee <USBD_LL_PrepareReceive>
  return (uint8_t)USBD_OK;
 80057f2:	2500      	movs	r5, #0
 80057f4:	e7db      	b.n	80057ae <USBD_CDC_Init+0xa0>
    return (uint8_t)USBD_EMEM;
 80057f6:	2502      	movs	r5, #2
 80057f8:	e7d9      	b.n	80057ae <USBD_CDC_Init+0xa0>

080057fa <USBD_CDC_RegisterInterface>:
  * @retval status
  */
uint8_t USBD_CDC_RegisterInterface(USBD_HandleTypeDef *pdev,
                                   USBD_CDC_ItfTypeDef *fops)
{
  if (fops == NULL)
 80057fa:	b139      	cbz	r1, 800580c <USBD_CDC_RegisterInterface+0x12>
  {
    return (uint8_t)USBD_FAIL;
  }

  pdev->pUserData[pdev->classId] = fops;
 80057fc:	f8d0 32d4 	ldr.w	r3, [r0, #724]	@ 0x2d4
 8005800:	33b0      	adds	r3, #176	@ 0xb0
 8005802:	eb00 0083 	add.w	r0, r0, r3, lsl #2
 8005806:	6041      	str	r1, [r0, #4]

  return (uint8_t)USBD_OK;
 8005808:	2000      	movs	r0, #0
 800580a:	4770      	bx	lr
    return (uint8_t)USBD_FAIL;
 800580c:	2003      	movs	r0, #3
}
 800580e:	4770      	bx	lr

08005810 <USBD_CDC_SetTxBuffer>:
  USBD_CDC_HandleTypeDef *hcdc = (USBD_CDC_HandleTypeDef *)pdev->pClassDataCmsit[ClassId];
#else
uint8_t USBD_CDC_SetTxBuffer(USBD_HandleTypeDef *pdev,
                             uint8_t *pbuff, uint32_t length)
{
  USBD_CDC_HandleTypeDef *hcdc = (USBD_CDC_HandleTypeDef *)pdev->pClassDataCmsit[pdev->classId];
 8005810:	f8d0 32d4 	ldr.w	r3, [r0, #724]	@ 0x2d4
 8005814:	33b0      	adds	r3, #176	@ 0xb0
 8005816:	f850 3023 	ldr.w	r3, [r0, r3, lsl #2]
#endif /* USE_USBD_COMPOSITE */

  if (hcdc == NULL)
 800581a:	b12b      	cbz	r3, 8005828 <USBD_CDC_SetTxBuffer+0x18>
  {
    return (uint8_t)USBD_FAIL;
  }

  hcdc->TxBuffer = pbuff;
 800581c:	f8c3 1208 	str.w	r1, [r3, #520]	@ 0x208
  hcdc->TxLength = length;
 8005820:	f8c3 2210 	str.w	r2, [r3, #528]	@ 0x210

  return (uint8_t)USBD_OK;
 8005824:	2000      	movs	r0, #0
 8005826:	4770      	bx	lr
    return (uint8_t)USBD_FAIL;
 8005828:	2003      	movs	r0, #3
}
 800582a:	4770      	bx	lr

0800582c <USBD_CDC_SetRxBuffer>:
  * @param  pbuff: Rx Buffer
  * @retval status
  */
uint8_t USBD_CDC_SetRxBuffer(USBD_HandleTypeDef *pdev, uint8_t *pbuff)
{
  USBD_CDC_HandleTypeDef *hcdc = (USBD_CDC_HandleTypeDef *)pdev->pClassDataCmsit[pdev->classId];
 800582c:	f8d0 32d4 	ldr.w	r3, [r0, #724]	@ 0x2d4
 8005830:	33b0      	adds	r3, #176	@ 0xb0
 8005832:	f850 3023 	ldr.w	r3, [r0, r3, lsl #2]

  if (hcdc == NULL)
 8005836:	b11b      	cbz	r3, 8005840 <USBD_CDC_SetRxBuffer+0x14>
  {
    return (uint8_t)USBD_FAIL;
  }

  hcdc->RxBuffer = pbuff;
 8005838:	f8c3 1204 	str.w	r1, [r3, #516]	@ 0x204

  return (uint8_t)USBD_OK;
 800583c:	2000      	movs	r0, #0
 800583e:	4770      	bx	lr
    return (uint8_t)USBD_FAIL;
 8005840:	2003      	movs	r0, #3
}
 8005842:	4770      	bx	lr

08005844 <USBD_CDC_TransmitPacket>:
uint8_t USBD_CDC_TransmitPacket(USBD_HandleTypeDef *pdev, uint8_t ClassId)
{
  USBD_CDC_HandleTypeDef *hcdc = (USBD_CDC_HandleTypeDef *)pdev->pClassDataCmsit[ClassId];
#else
uint8_t USBD_CDC_TransmitPacket(USBD_HandleTypeDef *pdev)
{
 8005844:	b508      	push	{r3, lr}
  USBD_CDC_HandleTypeDef *hcdc = (USBD_CDC_HandleTypeDef *)pdev->pClassDataCmsit[pdev->classId];
 8005846:	f8d0 32d4 	ldr.w	r3, [r0, #724]	@ 0x2d4
 800584a:	33b0      	adds	r3, #176	@ 0xb0
 800584c:	f850 2023 	ldr.w	r2, [r0, r3, lsl #2]
#ifdef USE_USBD_COMPOSITE
  /* Get the Endpoints addresses allocated for this class instance */
  CDCInEpAdd  = USBD_CoreGetEPAdd(pdev, USBD_EP_IN, USBD_EP_TYPE_BULK, ClassId);
#endif  /* USE_USBD_COMPOSITE */

  if (hcdc == NULL)
 8005850:	b18a      	cbz	r2, 8005876 <USBD_CDC_TransmitPacket+0x32>
  {
    return (uint8_t)USBD_FAIL;
  }

  if (hcdc->TxState == 0U)
 8005852:	f8d2 3214 	ldr.w	r3, [r2, #532]	@ 0x214
 8005856:	b10b      	cbz	r3, 800585c <USBD_CDC_TransmitPacket+0x18>
  USBD_StatusTypeDef ret = USBD_BUSY;
 8005858:	2001      	movs	r0, #1

    ret = USBD_OK;
  }

  return (uint8_t)ret;
}
 800585a:	bd08      	pop	{r3, pc}
    hcdc->TxState = 1U;
 800585c:	2301      	movs	r3, #1
 800585e:	f8c2 3214 	str.w	r3, [r2, #532]	@ 0x214
    pdev->ep_in[CDCInEpAdd & 0xFU].total_length = hcdc->TxLength;
 8005862:	f8d2 3210 	ldr.w	r3, [r2, #528]	@ 0x210
 8005866:	6283      	str	r3, [r0, #40]	@ 0x28
    (void)USBD_LL_Transmit(pdev, CDCInEpAdd, hcdc->TxBuffer, hcdc->TxLength);
 8005868:	f8d2 2208 	ldr.w	r2, [r2, #520]	@ 0x208
 800586c:	2181      	movs	r1, #129	@ 0x81
 800586e:	f000 f9b6 	bl	8005bde <USBD_LL_Transmit>
    ret = USBD_OK;
 8005872:	2000      	movs	r0, #0
 8005874:	e7f1      	b.n	800585a <USBD_CDC_TransmitPacket+0x16>
    return (uint8_t)USBD_FAIL;
 8005876:	2003      	movs	r0, #3
 8005878:	e7ef      	b.n	800585a <USBD_CDC_TransmitPacket+0x16>

0800587a <USBD_CDC_ReceivePacket>:
  *         prepare OUT Endpoint for reception
  * @param  pdev: device instance
  * @retval status
  */
uint8_t USBD_CDC_ReceivePacket(USBD_HandleTypeDef *pdev)
{
 800587a:	b510      	push	{r4, lr}
  USBD_CDC_HandleTypeDef *hcdc = (USBD_CDC_HandleTypeDef *)pdev->pClassDataCmsit[pdev->classId];
 800587c:	f8d0 32d4 	ldr.w	r3, [r0, #724]	@ 0x2d4
 8005880:	33b0      	adds	r3, #176	@ 0xb0
 8005882:	f850 2023 	ldr.w	r2, [r0, r3, lsl #2]
#ifdef USE_USBD_COMPOSITE
  /* Get the Endpoints addresses allocated for this class instance */
  CDCOutEpAdd = USBD_CoreGetEPAdd(pdev, USBD_EP_OUT, USBD_EP_TYPE_BULK, (uint8_t)pdev->classId);
#endif /* USE_USBD_COMPOSITE */

  if (pdev->pClassDataCmsit[pdev->classId] == NULL)
 8005886:	b192      	cbz	r2, 80058ae <USBD_CDC_ReceivePacket+0x34>
  {
    return (uint8_t)USBD_FAIL;
  }

  if (pdev->dev_speed == USBD_SPEED_HIGH)
 8005888:	7c04      	ldrb	r4, [r0, #16]
 800588a:	b944      	cbnz	r4, 800589e <USBD_CDC_ReceivePacket+0x24>
  {
    /* Prepare Out endpoint to receive next packet */
    (void)USBD_LL_PrepareReceive(pdev, CDCOutEpAdd, hcdc->RxBuffer,
 800588c:	f44f 7300 	mov.w	r3, #512	@ 0x200
 8005890:	f8d2 2204 	ldr.w	r2, [r2, #516]	@ 0x204
 8005894:	2101      	movs	r1, #1
 8005896:	f000 f9aa 	bl	8005bee <USBD_LL_PrepareReceive>
    (void)USBD_LL_PrepareReceive(pdev, CDCOutEpAdd, hcdc->RxBuffer,
                                 CDC_DATA_FS_OUT_PACKET_SIZE);
  }

  return (uint8_t)USBD_OK;
}
 800589a:	4620      	mov	r0, r4
 800589c:	bd10      	pop	{r4, pc}
    (void)USBD_LL_PrepareReceive(pdev, CDCOutEpAdd, hcdc->RxBuffer,
 800589e:	2340      	movs	r3, #64	@ 0x40
 80058a0:	f8d2 2204 	ldr.w	r2, [r2, #516]	@ 0x204
 80058a4:	2101      	movs	r1, #1
 80058a6:	f000 f9a2 	bl	8005bee <USBD_LL_PrepareReceive>
  return (uint8_t)USBD_OK;
 80058aa:	2400      	movs	r4, #0
 80058ac:	e7f5      	b.n	800589a <USBD_CDC_ReceivePacket+0x20>
    return (uint8_t)USBD_FAIL;
 80058ae:	2403      	movs	r4, #3
 80058b0:	e7f3      	b.n	800589a <USBD_CDC_ReceivePacket+0x20>

080058b2 <CDC_DeInit_FS>:
static int8_t CDC_DeInit_FS(void)
{
  /* USER CODE BEGIN 4 */
  return (USBD_OK);
  /* USER CODE END 4 */
}
 80058b2:	2000      	movs	r0, #0
 80058b4:	4770      	bx	lr

080058b6 <CDC_Control_FS>:
    break;
  }

  return (USBD_OK);
  /* USER CODE END 5 */
}
 80058b6:	2000      	movs	r0, #0
 80058b8:	4770      	bx	lr

080058ba <CDC_TransmitCplt_FS>:
  UNUSED(Buf);
  UNUSED(Len);
  UNUSED(epnum);
  /* USER CODE END 13 */
  return result;
}
 80058ba:	2000      	movs	r0, #0
 80058bc:	4770      	bx	lr
	...

080058c0 <CDC_Receive_FS>:
{
 80058c0:	b510      	push	{r4, lr}
 80058c2:	4601      	mov	r1, r0
  USBD_CDC_SetRxBuffer(&hUsbDeviceFS, &Buf[0]);
 80058c4:	4c04      	ldr	r4, [pc, #16]	@ (80058d8 <CDC_Receive_FS+0x18>)
 80058c6:	4620      	mov	r0, r4
 80058c8:	f7ff ffb0 	bl	800582c <USBD_CDC_SetRxBuffer>
  USBD_CDC_ReceivePacket(&hUsbDeviceFS);
 80058cc:	4620      	mov	r0, r4
 80058ce:	f7ff ffd4 	bl	800587a <USBD_CDC_ReceivePacket>
}
 80058d2:	2000      	movs	r0, #0
 80058d4:	bd10      	pop	{r4, pc}
 80058d6:	bf00      	nop
 80058d8:	200004dc 	.word	0x200004dc

080058dc <CDC_Init_FS>:
{
 80058dc:	b510      	push	{r4, lr}
  USBD_CDC_SetTxBuffer(&hUsbDeviceFS, UserTxBufferFS, 0);
 80058de:	4c06      	ldr	r4, [pc, #24]	@ (80058f8 <CDC_Init_FS+0x1c>)
 80058e0:	2200      	movs	r2, #0
 80058e2:	4906      	ldr	r1, [pc, #24]	@ (80058fc <CDC_Init_FS+0x20>)
 80058e4:	4620      	mov	r0, r4
 80058e6:	f7ff ff93 	bl	8005810 <USBD_CDC_SetTxBuffer>
  USBD_CDC_SetRxBuffer(&hUsbDeviceFS, UserRxBufferFS);
 80058ea:	4905      	ldr	r1, [pc, #20]	@ (8005900 <CDC_Init_FS+0x24>)
 80058ec:	4620      	mov	r0, r4
 80058ee:	f7ff ff9d 	bl	800582c <USBD_CDC_SetRxBuffer>
}
 80058f2:	2000      	movs	r0, #0
 80058f4:	bd10      	pop	{r4, pc}
 80058f6:	bf00      	nop
 80058f8:	200004dc 	.word	0x200004dc
 80058fc:	200007b8 	.word	0x200007b8
 8005900:	20000fb8 	.word	0x20000fb8

08005904 <CDC_Transmit_FS>:
{
 8005904:	b508      	push	{r3, lr}
  USBD_CDC_HandleTypeDef *hcdc = (USBD_CDC_HandleTypeDef*)hUsbDeviceFS.pClassData;
 8005906:	4b08      	ldr	r3, [pc, #32]	@ (8005928 <CDC_Transmit_FS+0x24>)
 8005908:	f8d3 32bc 	ldr.w	r3, [r3, #700]	@ 0x2bc
  if (hcdc->TxState != 0){
 800590c:	f8d3 3214 	ldr.w	r3, [r3, #532]	@ 0x214
 8005910:	b10b      	cbz	r3, 8005916 <CDC_Transmit_FS+0x12>
    return USBD_BUSY;
 8005912:	2001      	movs	r0, #1
}
 8005914:	bd08      	pop	{r3, pc}
  USBD_CDC_SetTxBuffer(&hUsbDeviceFS, Buf, Len);
 8005916:	460a      	mov	r2, r1
 8005918:	4601      	mov	r1, r0
 800591a:	4803      	ldr	r0, [pc, #12]	@ (8005928 <CDC_Transmit_FS+0x24>)
 800591c:	f7ff ff78 	bl	8005810 <USBD_CDC_SetTxBuffer>
  result = USBD_CDC_TransmitPacket(&hUsbDeviceFS);
 8005920:	4801      	ldr	r0, [pc, #4]	@ (8005928 <CDC_Transmit_FS+0x24>)
 8005922:	f7ff ff8f 	bl	8005844 <USBD_CDC_TransmitPacket>
  return result;
 8005926:	e7f5      	b.n	8005914 <CDC_Transmit_FS+0x10>
 8005928:	200004dc 	.word	0x200004dc

0800592c <USBD_Get_USB_Status>:
  */
USBD_StatusTypeDef USBD_Get_USB_Status(HAL_StatusTypeDef hal_status)
{
  USBD_StatusTypeDef usb_status = USBD_OK;

  switch (hal_status)
 800592c:	2802      	cmp	r0, #2
 800592e:	d004      	beq.n	800593a <USBD_Get_USB_Status+0xe>
 8005930:	d805      	bhi.n	800593e <USBD_Get_USB_Status+0x12>
 8005932:	b108      	cbz	r0, 8005938 <USBD_Get_USB_Status+0xc>
  {
    case HAL_OK :
      usb_status = USBD_OK;
    break;
    case HAL_ERROR :
      usb_status = USBD_FAIL;
 8005934:	2003      	movs	r0, #3
    default :
      usb_status = USBD_FAIL;
    break;
  }
  return usb_status;
}
 8005936:	4770      	bx	lr
 8005938:	4770      	bx	lr
      usb_status = USBD_BUSY;
 800593a:	2001      	movs	r0, #1
 800593c:	4770      	bx	lr
      usb_status = USBD_FAIL;
 800593e:	2003      	movs	r0, #3
 8005940:	4770      	bx	lr

08005942 <SystemClockConfig_Resume>:
{
 8005942:	b508      	push	{r3, lr}
  SystemClock_Config();
 8005944:	f7fb fcb6 	bl	80012b4 <SystemClock_Config>
}
 8005948:	bd08      	pop	{r3, pc}
	...

0800594c <HAL_PCD_MspInit>:
{
 800594c:	b510      	push	{r4, lr}
 800594e:	b09c      	sub	sp, #112	@ 0x70
 8005950:	4604      	mov	r4, r0
  GPIO_InitTypeDef GPIO_InitStruct = {0};
 8005952:	2100      	movs	r1, #0
 8005954:	9117      	str	r1, [sp, #92]	@ 0x5c
 8005956:	9118      	str	r1, [sp, #96]	@ 0x60
 8005958:	9119      	str	r1, [sp, #100]	@ 0x64
 800595a:	911a      	str	r1, [sp, #104]	@ 0x68
 800595c:	911b      	str	r1, [sp, #108]	@ 0x6c
  RCC_PeriphCLKInitTypeDef PeriphClkInitStruct = {0};
 800595e:	2250      	movs	r2, #80	@ 0x50
 8005960:	a803      	add	r0, sp, #12
 8005962:	f001 fdbd 	bl	80074e0 <memset>
  if(pcdHandle->Instance==USB)
 8005966:	6822      	ldr	r2, [r4, #0]
 8005968:	4b25      	ldr	r3, [pc, #148]	@ (8005a00 <HAL_PCD_MspInit+0xb4>)
 800596a:	429a      	cmp	r2, r3
 800596c:	d001      	beq.n	8005972 <HAL_PCD_MspInit+0x26>
}
 800596e:	b01c      	add	sp, #112	@ 0x70
 8005970:	bd10      	pop	{r4, pc}
    PeriphClkInitStruct.PeriphClockSelection = RCC_PERIPHCLK_USB;
 8005972:	f44f 7380 	mov.w	r3, #256	@ 0x100
 8005976:	9303      	str	r3, [sp, #12]
    PeriphClkInitStruct.PLLSAI1.PLLN = 24;
 8005978:	2318      	movs	r3, #24
 800597a:	9304      	str	r3, [sp, #16]
    PeriphClkInitStruct.PLLSAI1.PLLP = RCC_PLLP_DIV2;
 800597c:	f44f 3300 	mov.w	r3, #131072	@ 0x20000
 8005980:	9305      	str	r3, [sp, #20]
    PeriphClkInitStruct.PLLSAI1.PLLQ = RCC_PLLQ_DIV2;
 8005982:	f04f 7300 	mov.w	r3, #33554432	@ 0x2000000
 8005986:	9306      	str	r3, [sp, #24]
    PeriphClkInitStruct.PLLSAI1.PLLR = RCC_PLLR_DIV2;
 8005988:	f04f 5300 	mov.w	r3, #536870912	@ 0x20000000
 800598c:	9307      	str	r3, [sp, #28]
    PeriphClkInitStruct.PLLSAI1.PLLSAI1ClockOut = RCC_PLLSAI1_USBCLK;
 800598e:	f04f 7380 	mov.w	r3, #16777216	@ 0x1000000
 8005992:	9308      	str	r3, [sp, #32]
    PeriphClkInitStruct.UsbClockSelection = RCC_USBCLKSOURCE_PLLSAI1;
 8005994:	f04f 6380 	mov.w	r3, #67108864	@ 0x4000000
 8005998:	9310      	str	r3, [sp, #64]	@ 0x40
    if (HAL_RCCEx_PeriphCLKConfig(&PeriphClkInitStruct) != HAL_OK)
 800599a:	a803      	add	r0, sp, #12
 800599c:	f7fd ff6f 	bl	800387e <HAL_RCCEx_PeriphCLKConfig>
 80059a0:	bb58      	cbnz	r0, 80059fa <HAL_PCD_MspInit+0xae>
  SET_BIT(RCC->AHB2ENR, Periphs);
 80059a2:	f04f 44b0 	mov.w	r4, #1476395008	@ 0x58000000
 80059a6:	6ce3      	ldr	r3, [r4, #76]	@ 0x4c
 80059a8:	f043 0301 	orr.w	r3, r3, #1
 80059ac:	64e3      	str	r3, [r4, #76]	@ 0x4c
  tmpreg = READ_BIT(RCC->AHB2ENR, Periphs);
 80059ae:	6ce3      	ldr	r3, [r4, #76]	@ 0x4c
 80059b0:	f003 0301 	and.w	r3, r3, #1
 80059b4:	9302      	str	r3, [sp, #8]
  (void)tmpreg;
 80059b6:	9b02      	ldr	r3, [sp, #8]
    GPIO_InitStruct.Pin = GPIO_PIN_11|GPIO_PIN_12;
 80059b8:	f44f 53c0 	mov.w	r3, #6144	@ 0x1800
 80059bc:	9317      	str	r3, [sp, #92]	@ 0x5c
    GPIO_InitStruct.Mode = GPIO_MODE_AF_PP;
 80059be:	2302      	movs	r3, #2
 80059c0:	9318      	str	r3, [sp, #96]	@ 0x60
    GPIO_InitStruct.Pull = GPIO_NOPULL;
 80059c2:	2300      	movs	r3, #0
 80059c4:	9319      	str	r3, [sp, #100]	@ 0x64
    GPIO_InitStruct.Speed = GPIO_SPEED_FREQ_LOW;
 80059c6:	931a      	str	r3, [sp, #104]	@ 0x68
    GPIO_InitStruct.Alternate = GPIO_AF10_USB;
 80059c8:	230a      	movs	r3, #10
 80059ca:	931b      	str	r3, [sp, #108]	@ 0x6c
    HAL_GPIO_Init(GPIOA, &GPIO_InitStruct);
 80059cc:	a917      	add	r1, sp, #92	@ 0x5c
 80059ce:	f04f 4090 	mov.w	r0, #1207959552	@ 0x48000000
 80059d2:	f7fb fe6b 	bl	80016ac <HAL_GPIO_Init>
  SET_BIT(RCC->APB1ENR1, Periphs);
 80059d6:	6da3      	ldr	r3, [r4, #88]	@ 0x58
 80059d8:	f043 6380 	orr.w	r3, r3, #67108864	@ 0x4000000
 80059dc:	65a3      	str	r3, [r4, #88]	@ 0x58
  tmpreg = READ_BIT(RCC->APB1ENR1, Periphs);
 80059de:	6da3      	ldr	r3, [r4, #88]	@ 0x58
 80059e0:	f003 6380 	and.w	r3, r3, #67108864	@ 0x4000000
 80059e4:	9301      	str	r3, [sp, #4]
  (void)tmpreg;
 80059e6:	9b01      	ldr	r3, [sp, #4]
    HAL_NVIC_SetPriority(USB_LP_IRQn, 0, 0);
 80059e8:	2200      	movs	r2, #0
 80059ea:	4611      	mov	r1, r2
 80059ec:	2014      	movs	r0, #20
 80059ee:	f7fb fe35 	bl	800165c <HAL_NVIC_SetPriority>
    HAL_NVIC_EnableIRQ(USB_LP_IRQn);
 80059f2:	2014      	movs	r0, #20
 80059f4:	f7fb fe42 	bl	800167c <HAL_NVIC_EnableIRQ>
}
 80059f8:	e7b9      	b.n	800596e <HAL_PCD_MspInit+0x22>
      Error_Handler();
 80059fa:	f7fb fc09 	bl	8001210 <Error_Handler>
 80059fe:	e7d0      	b.n	80059a2 <HAL_PCD_MspInit+0x56>
 8005a00:	40006800 	.word	0x40006800

08005a04 <HAL_PCD_SetupStageCallback>:
{
 8005a04:	b508      	push	{r3, lr}
  USBD_LL_SetupStage((USBD_HandleTypeDef*)hpcd->pData, (uint8_t *)hpcd->Setup);
 8005a06:	f500 7126 	add.w	r1, r0, #664	@ 0x298
 8005a0a:	f8d0 02d8 	ldr.w	r0, [r0, #728]	@ 0x2d8
 8005a0e:	f000 f971 	bl	8005cf4 <USBD_LL_SetupStage>
}
 8005a12:	bd08      	pop	{r3, pc}

08005a14 <HAL_PCD_DataOutStageCallback>:
{
 8005a14:	b508      	push	{r3, lr}
  USBD_LL_DataOutStage((USBD_HandleTypeDef*)hpcd->pData, epnum, hpcd->OUT_ep[epnum].xfer_buff);
 8005a16:	eb01 0381 	add.w	r3, r1, r1, lsl #2
 8005a1a:	eb00 03c3 	add.w	r3, r0, r3, lsl #3
 8005a1e:	f8d3 2164 	ldr.w	r2, [r3, #356]	@ 0x164
 8005a22:	f8d0 02d8 	ldr.w	r0, [r0, #728]	@ 0x2d8
 8005a26:	f000 f9f6 	bl	8005e16 <USBD_LL_DataOutStage>
}
 8005a2a:	bd08      	pop	{r3, pc}

08005a2c <HAL_PCD_DataInStageCallback>:
{
 8005a2c:	b508      	push	{r3, lr}
  USBD_LL_DataInStage((USBD_HandleTypeDef*)hpcd->pData, epnum, hpcd->IN_ep[epnum].xfer_buff);
 8005a2e:	eb01 0381 	add.w	r3, r1, r1, lsl #2
 8005a32:	eb00 03c3 	add.w	r3, r0, r3, lsl #3
 8005a36:	6a5a      	ldr	r2, [r3, #36]	@ 0x24
 8005a38:	f8d0 02d8 	ldr.w	r0, [r0, #728]	@ 0x2d8
 8005a3c:	f000 fa4e 	bl	8005edc <USBD_LL_DataInStage>
}
 8005a40:	bd08      	pop	{r3, pc}

08005a42 <HAL_PCD_SOFCallback>:
{
 8005a42:	b508      	push	{r3, lr}
  USBD_LL_SOF((USBD_HandleTypeDef*)hpcd->pData);
 8005a44:	f8d0 02d8 	ldr.w	r0, [r0, #728]	@ 0x2d8
 8005a48:	f000 f9d1 	bl	8005dee <USBD_LL_SOF>
}
 8005a4c:	bd08      	pop	{r3, pc}

08005a4e <HAL_PCD_ResetCallback>:
{
 8005a4e:	b510      	push	{r4, lr}
 8005a50:	4604      	mov	r4, r0
  if ( hpcd->Init.speed != PCD_SPEED_FULL)
 8005a52:	7943      	ldrb	r3, [r0, #5]
 8005a54:	2b02      	cmp	r3, #2
 8005a56:	d109      	bne.n	8005a6c <HAL_PCD_ResetCallback+0x1e>
  USBD_LL_SetSpeed((USBD_HandleTypeDef*)hpcd->pData, speed);
 8005a58:	2101      	movs	r1, #1
 8005a5a:	f8d4 02d8 	ldr.w	r0, [r4, #728]	@ 0x2d8
 8005a5e:	f000 f9a9 	bl	8005db4 <USBD_LL_SetSpeed>
  USBD_LL_Reset((USBD_HandleTypeDef*)hpcd->pData);
 8005a62:	f8d4 02d8 	ldr.w	r0, [r4, #728]	@ 0x2d8
 8005a66:	f000 f971 	bl	8005d4c <USBD_LL_Reset>
}
 8005a6a:	bd10      	pop	{r4, pc}
    Error_Handler();
 8005a6c:	f7fb fbd0 	bl	8001210 <Error_Handler>
 8005a70:	e7f2      	b.n	8005a58 <HAL_PCD_ResetCallback+0xa>
	...

08005a74 <HAL_PCD_SuspendCallback>:
{
 8005a74:	b510      	push	{r4, lr}
 8005a76:	4604      	mov	r4, r0
  USBD_LL_Suspend((USBD_HandleTypeDef*)hpcd->pData);
 8005a78:	f8d0 02d8 	ldr.w	r0, [r0, #728]	@ 0x2d8
 8005a7c:	f000 f99d 	bl	8005dba <USBD_LL_Suspend>
  if (hpcd->Init.low_power_enable)
 8005a80:	7a63      	ldrb	r3, [r4, #9]
 8005a82:	b123      	cbz	r3, 8005a8e <HAL_PCD_SuspendCallback+0x1a>
    SCB->SCR |= (uint32_t)((uint32_t)(SCB_SCR_SLEEPDEEP_Msk | SCB_SCR_SLEEPONEXIT_Msk));
 8005a84:	4a02      	ldr	r2, [pc, #8]	@ (8005a90 <HAL_PCD_SuspendCallback+0x1c>)
 8005a86:	6913      	ldr	r3, [r2, #16]
 8005a88:	f043 0306 	orr.w	r3, r3, #6
 8005a8c:	6113      	str	r3, [r2, #16]
}
 8005a8e:	bd10      	pop	{r4, pc}
 8005a90:	e000ed00 	.word	0xe000ed00

08005a94 <HAL_PCD_ResumeCallback>:
{
 8005a94:	b510      	push	{r4, lr}
 8005a96:	4604      	mov	r4, r0
  if (hpcd->Init.low_power_enable)
 8005a98:	7a43      	ldrb	r3, [r0, #9]
 8005a9a:	b923      	cbnz	r3, 8005aa6 <HAL_PCD_ResumeCallback+0x12>
  USBD_LL_Resume((USBD_HandleTypeDef*)hpcd->pData);
 8005a9c:	f8d4 02d8 	ldr.w	r0, [r4, #728]	@ 0x2d8
 8005aa0:	f000 f999 	bl	8005dd6 <USBD_LL_Resume>
}
 8005aa4:	bd10      	pop	{r4, pc}
    SCB->SCR &= (uint32_t)~((uint32_t)(SCB_SCR_SLEEPDEEP_Msk | SCB_SCR_SLEEPONEXIT_Msk));
 8005aa6:	4a04      	ldr	r2, [pc, #16]	@ (8005ab8 <HAL_PCD_ResumeCallback+0x24>)
 8005aa8:	6913      	ldr	r3, [r2, #16]
 8005aaa:	f023 0306 	bic.w	r3, r3, #6
 8005aae:	6113      	str	r3, [r2, #16]
    SystemClockConfig_Resume();
 8005ab0:	f7ff ff47 	bl	8005942 <SystemClockConfig_Resume>
 8005ab4:	e7f2      	b.n	8005a9c <HAL_PCD_ResumeCallback+0x8>
 8005ab6:	bf00      	nop
 8005ab8:	e000ed00 	.word	0xe000ed00

08005abc <USBD_LL_Init>:
{
 8005abc:	b538      	push	{r3, r4, r5, lr}
 8005abe:	4605      	mov	r5, r0
  hpcd_USB_FS.pData = pdev;
 8005ac0:	4c20      	ldr	r4, [pc, #128]	@ (8005b44 <USBD_LL_Init+0x88>)
 8005ac2:	f8c4 02d8 	str.w	r0, [r4, #728]	@ 0x2d8
  pdev->pData = &hpcd_USB_FS;
 8005ac6:	f8c0 42c8 	str.w	r4, [r0, #712]	@ 0x2c8
  HAL_PWREx_EnableVddUSB();
 8005aca:	f7fd f833 	bl	8002b34 <HAL_PWREx_EnableVddUSB>
  hpcd_USB_FS.Instance = USB;
 8005ace:	4b1e      	ldr	r3, [pc, #120]	@ (8005b48 <USBD_LL_Init+0x8c>)
 8005ad0:	6023      	str	r3, [r4, #0]
  hpcd_USB_FS.Init.dev_endpoints = 8;
 8005ad2:	2308      	movs	r3, #8
 8005ad4:	7123      	strb	r3, [r4, #4]
  hpcd_USB_FS.Init.speed = PCD_SPEED_FULL;
 8005ad6:	2302      	movs	r3, #2
 8005ad8:	7163      	strb	r3, [r4, #5]
  hpcd_USB_FS.Init.phy_itface = PCD_PHY_EMBEDDED;
 8005ada:	71e3      	strb	r3, [r4, #7]
  hpcd_USB_FS.Init.Sof_enable = DISABLE;
 8005adc:	2300      	movs	r3, #0
 8005ade:	7223      	strb	r3, [r4, #8]
  hpcd_USB_FS.Init.low_power_enable = DISABLE;
 8005ae0:	7263      	strb	r3, [r4, #9]
  hpcd_USB_FS.Init.lpm_enable = DISABLE;
 8005ae2:	72a3      	strb	r3, [r4, #10]
  hpcd_USB_FS.Init.battery_charging_enable = DISABLE;
 8005ae4:	72e3      	strb	r3, [r4, #11]
  if (HAL_PCD_Init(&hpcd_USB_FS) != HAL_OK)
 8005ae6:	4620      	mov	r0, r4
 8005ae8:	f7fc f891 	bl	8001c0e <HAL_PCD_Init>
 8005aec:	bb30      	cbnz	r0, 8005b3c <USBD_LL_Init+0x80>
  HAL_PCDEx_PMAConfig((PCD_HandleTypeDef*)pdev->pData , 0x00 , PCD_SNG_BUF, 0x18);
 8005aee:	2318      	movs	r3, #24
 8005af0:	2200      	movs	r2, #0
 8005af2:	4611      	mov	r1, r2
 8005af4:	f8d5 02c8 	ldr.w	r0, [r5, #712]	@ 0x2c8
 8005af8:	f7fc ffda 	bl	8002ab0 <HAL_PCDEx_PMAConfig>
  HAL_PCDEx_PMAConfig((PCD_HandleTypeDef*)pdev->pData , 0x80 , PCD_SNG_BUF, 0x58);
 8005afc:	2358      	movs	r3, #88	@ 0x58
 8005afe:	2200      	movs	r2, #0
 8005b00:	2180      	movs	r1, #128	@ 0x80
 8005b02:	f8d5 02c8 	ldr.w	r0, [r5, #712]	@ 0x2c8
 8005b06:	f7fc ffd3 	bl	8002ab0 <HAL_PCDEx_PMAConfig>
  HAL_PCDEx_PMAConfig((PCD_HandleTypeDef*)pdev->pData , 0x81 , PCD_SNG_BUF, 0xC0);
 8005b0a:	23c0      	movs	r3, #192	@ 0xc0
 8005b0c:	2200      	movs	r2, #0
 8005b0e:	2181      	movs	r1, #129	@ 0x81
 8005b10:	f8d5 02c8 	ldr.w	r0, [r5, #712]	@ 0x2c8
 8005b14:	f7fc ffcc 	bl	8002ab0 <HAL_PCDEx_PMAConfig>
  HAL_PCDEx_PMAConfig((PCD_HandleTypeDef*)pdev->pData , 0x01 , PCD_SNG_BUF, 0x110);
 8005b18:	f44f 7388 	mov.w	r3, #272	@ 0x110
 8005b1c:	2200      	movs	r2, #0
 8005b1e:	2101      	movs	r1, #1
 8005b20:	f8d5 02c8 	ldr.w	r0, [r5, #712]	@ 0x2c8
 8005b24:	f7fc ffc4 	bl	8002ab0 <HAL_PCDEx_PMAConfig>
  HAL_PCDEx_PMAConfig((PCD_HandleTypeDef*)pdev->pData , 0x82 , PCD_SNG_BUF, 0x100);
 8005b28:	f44f 7380 	mov.w	r3, #256	@ 0x100
 8005b2c:	2200      	movs	r2, #0
 8005b2e:	2182      	movs	r1, #130	@ 0x82
 8005b30:	f8d5 02c8 	ldr.w	r0, [r5, #712]	@ 0x2c8
 8005b34:	f7fc ffbc 	bl	8002ab0 <HAL_PCDEx_PMAConfig>
}
 8005b38:	2000      	movs	r0, #0
 8005b3a:	bd38      	pop	{r3, r4, r5, pc}
    Error_Handler( );
 8005b3c:	f7fb fb68 	bl	8001210 <Error_Handler>
 8005b40:	e7d5      	b.n	8005aee <USBD_LL_Init+0x32>
 8005b42:	bf00      	nop
 8005b44:	200019d8 	.word	0x200019d8
 8005b48:	40006800 	.word	0x40006800

08005b4c <USBD_LL_Start>:
{
 8005b4c:	b508      	push	{r3, lr}
  hal_status = HAL_PCD_Start(pdev->pData);
 8005b4e:	f8d0 02c8 	ldr.w	r0, [r0, #712]	@ 0x2c8
 8005b52:	f7fc f8b7 	bl	8001cc4 <HAL_PCD_Start>
  usb_status =  USBD_Get_USB_Status(hal_status);
 8005b56:	f7ff fee9 	bl	800592c <USBD_Get_USB_Status>
}
 8005b5a:	bd08      	pop	{r3, pc}

08005b5c <USBD_LL_OpenEP>:
{
 8005b5c:	b508      	push	{r3, lr}
 8005b5e:	4694      	mov	ip, r2
 8005b60:	461a      	mov	r2, r3
  hal_status = HAL_PCD_EP_Open(pdev->pData, ep_addr, ep_mps, ep_type);
 8005b62:	4663      	mov	r3, ip
 8005b64:	f8d0 02c8 	ldr.w	r0, [r0, #712]	@ 0x2c8
 8005b68:	f7fc fe65 	bl	8002836 <HAL_PCD_EP_Open>
  usb_status =  USBD_Get_USB_Status(hal_status);
 8005b6c:	f7ff fede 	bl	800592c <USBD_Get_USB_Status>
}
 8005b70:	bd08      	pop	{r3, pc}

08005b72 <USBD_LL_CloseEP>:
{
 8005b72:	b508      	push	{r3, lr}
  hal_status = HAL_PCD_EP_Close(pdev->pData, ep_addr);
 8005b74:	f8d0 02c8 	ldr.w	r0, [r0, #712]	@ 0x2c8
 8005b78:	f7fc fea0 	bl	80028bc <HAL_PCD_EP_Close>
  usb_status =  USBD_Get_USB_Status(hal_status);
 8005b7c:	f7ff fed6 	bl	800592c <USBD_Get_USB_Status>
}
 8005b80:	bd08      	pop	{r3, pc}

08005b82 <USBD_LL_StallEP>:
{
 8005b82:	b508      	push	{r3, lr}
  hal_status = HAL_PCD_EP_SetStall(pdev->pData, ep_addr);
 8005b84:	f8d0 02c8 	ldr.w	r0, [r0, #712]	@ 0x2c8
 8005b88:	f7fc ff1a 	bl	80029c0 <HAL_PCD_EP_SetStall>
  usb_status =  USBD_Get_USB_Status(hal_status);
 8005b8c:	f7ff fece 	bl	800592c <USBD_Get_USB_Status>
}
 8005b90:	bd08      	pop	{r3, pc}

08005b92 <USBD_LL_ClearStallEP>:
{
 8005b92:	b508      	push	{r3, lr}
  hal_status = HAL_PCD_EP_ClrStall(pdev->pData, ep_addr);
 8005b94:	f8d0 02c8 	ldr.w	r0, [r0, #712]	@ 0x2c8
 8005b98:	f7fc ff4b 	bl	8002a32 <HAL_PCD_EP_ClrStall>
  usb_status =  USBD_Get_USB_Status(hal_status);
 8005b9c:	f7ff fec6 	bl	800592c <USBD_Get_USB_Status>
}
 8005ba0:	bd08      	pop	{r3, pc}

08005ba2 <USBD_LL_IsStallEP>:
  PCD_HandleTypeDef *hpcd = (PCD_HandleTypeDef*) pdev->pData;
 8005ba2:	f8d0 32c8 	ldr.w	r3, [r0, #712]	@ 0x2c8
  if((ep_addr & 0x80) == 0x80)
 8005ba6:	f011 0f80 	tst.w	r1, #128	@ 0x80
 8005baa:	d108      	bne.n	8005bbe <USBD_LL_IsStallEP+0x1c>
    return hpcd->OUT_ep[ep_addr & 0x7F].is_stall;
 8005bac:	f001 017f 	and.w	r1, r1, #127	@ 0x7f
 8005bb0:	eb01 0181 	add.w	r1, r1, r1, lsl #2
 8005bb4:	eb03 03c1 	add.w	r3, r3, r1, lsl #3
 8005bb8:	f893 0152 	ldrb.w	r0, [r3, #338]	@ 0x152
}
 8005bbc:	4770      	bx	lr
    return hpcd->IN_ep[ep_addr & 0x7F].is_stall;
 8005bbe:	f001 017f 	and.w	r1, r1, #127	@ 0x7f
 8005bc2:	eb01 0181 	add.w	r1, r1, r1, lsl #2
 8005bc6:	eb03 03c1 	add.w	r3, r3, r1, lsl #3
 8005bca:	7c98      	ldrb	r0, [r3, #18]
 8005bcc:	4770      	bx	lr

08005bce <USBD_LL_SetUSBAddress>:
{
 8005bce:	b508      	push	{r3, lr}
  hal_status = HAL_PCD_SetAddress(pdev->pData, dev_addr);
 8005bd0:	f8d0 02c8 	ldr.w	r0, [r0, #712]	@ 0x2c8
 8005bd4:	f7fc fd43 	bl	800265e <HAL_PCD_SetAddress>
  usb_status =  USBD_Get_USB_Status(hal_status);
 8005bd8:	f7ff fea8 	bl	800592c <USBD_Get_USB_Status>
}
 8005bdc:	bd08      	pop	{r3, pc}

08005bde <USBD_LL_Transmit>:
{
 8005bde:	b508      	push	{r3, lr}
  hal_status = HAL_PCD_EP_Transmit(pdev->pData, ep_addr, pbuf, size);
 8005be0:	f8d0 02c8 	ldr.w	r0, [r0, #712]	@ 0x2c8
 8005be4:	f7fc fec6 	bl	8002974 <HAL_PCD_EP_Transmit>
  usb_status =  USBD_Get_USB_Status(hal_status);
 8005be8:	f7ff fea0 	bl	800592c <USBD_Get_USB_Status>
}
 8005bec:	bd08      	pop	{r3, pc}

08005bee <USBD_LL_PrepareReceive>:
{
 8005bee:	b508      	push	{r3, lr}
  hal_status = HAL_PCD_EP_Receive(pdev->pData, ep_addr, pbuf, size);
 8005bf0:	f8d0 02c8 	ldr.w	r0, [r0, #712]	@ 0x2c8
 8005bf4:	f7fc fe98 	bl	8002928 <HAL_PCD_EP_Receive>
  usb_status =  USBD_Get_USB_Status(hal_status);
 8005bf8:	f7ff fe98 	bl	800592c <USBD_Get_USB_Status>
}
 8005bfc:	bd08      	pop	{r3, pc}

08005bfe <USBD_LL_GetRxDataSize>:
{
 8005bfe:	b508      	push	{r3, lr}
  return HAL_PCD_EP_GetRxCount((PCD_HandleTypeDef*) pdev->pData, ep_addr);
 8005c00:	f8d0 02c8 	ldr.w	r0, [r0, #712]	@ 0x2c8
 8005c04:	f7fc fead 	bl	8002962 <HAL_PCD_EP_GetRxCount>
}
 8005c08:	bd08      	pop	{r3, pc}
	...

08005c0c <HAL_PCDEx_LPM_Callback>:
{
 8005c0c:	b510      	push	{r4, lr}
 8005c0e:	4604      	mov	r4, r0
  switch (msg)
 8005c10:	b169      	cbz	r1, 8005c2e <HAL_PCDEx_LPM_Callback+0x22>
 8005c12:	2901      	cmp	r1, #1
 8005c14:	d111      	bne.n	8005c3a <HAL_PCDEx_LPM_Callback+0x2e>
    USBD_LL_Suspend(hpcd->pData);
 8005c16:	f8d0 02d8 	ldr.w	r0, [r0, #728]	@ 0x2d8
 8005c1a:	f000 f8ce 	bl	8005dba <USBD_LL_Suspend>
    if (hpcd->Init.low_power_enable)
 8005c1e:	7a63      	ldrb	r3, [r4, #9]
 8005c20:	b15b      	cbz	r3, 8005c3a <HAL_PCDEx_LPM_Callback+0x2e>
      SCB->SCR |= (uint32_t)((uint32_t)(SCB_SCR_SLEEPDEEP_Msk | SCB_SCR_SLEEPONEXIT_Msk));
 8005c22:	4a0a      	ldr	r2, [pc, #40]	@ (8005c4c <HAL_PCDEx_LPM_Callback+0x40>)
 8005c24:	6913      	ldr	r3, [r2, #16]
 8005c26:	f043 0306 	orr.w	r3, r3, #6
 8005c2a:	6113      	str	r3, [r2, #16]
}
 8005c2c:	e005      	b.n	8005c3a <HAL_PCDEx_LPM_Callback+0x2e>
    if (hpcd->Init.low_power_enable)
 8005c2e:	7a43      	ldrb	r3, [r0, #9]
 8005c30:	b923      	cbnz	r3, 8005c3c <HAL_PCDEx_LPM_Callback+0x30>
    USBD_LL_Resume(hpcd->pData);
 8005c32:	f8d4 02d8 	ldr.w	r0, [r4, #728]	@ 0x2d8
 8005c36:	f000 f8ce 	bl	8005dd6 <USBD_LL_Resume>
}
 8005c3a:	bd10      	pop	{r4, pc}
      SystemClockConfig_Resume();
 8005c3c:	f7ff fe81 	bl	8005942 <SystemClockConfig_Resume>
      SCB->SCR &= (uint32_t)~((uint32_t)(SCB_SCR_SLEEPDEEP_Msk | SCB_SCR_SLEEPONEXIT_Msk));
 8005c40:	4a02      	ldr	r2, [pc, #8]	@ (8005c4c <HAL_PCDEx_LPM_Callback+0x40>)
 8005c42:	6913      	ldr	r3, [r2, #16]
 8005c44:	f023 0306 	bic.w	r3, r3, #6
 8005c48:	6113      	str	r3, [r2, #16]
 8005c4a:	e7f2      	b.n	8005c32 <HAL_PCDEx_LPM_Callback+0x26>
 8005c4c:	e000ed00 	.word	0xe000ed00

08005c50 <USBD_static_malloc>:
}
 8005c50:	4800      	ldr	r0, [pc, #0]	@ (8005c54 <USBD_static_malloc+0x4>)
 8005c52:	4770      	bx	lr
 8005c54:	200017b8 	.word	0x200017b8

08005c58 <USBD_static_free>:
}
 8005c58:	4770      	bx	lr

08005c5a <USBD_Init>:
                             USBD_DescriptorsTypeDef *pdesc, uint8_t id)
{
  USBD_StatusTypeDef ret;

  /* Check whether the USB Host handle is valid */
  if (pdev == NULL)
 8005c5a:	b198      	cbz	r0, 8005c84 <USBD_Init+0x2a>
{
 8005c5c:	b508      	push	{r3, lr}
 8005c5e:	4603      	mov	r3, r0
    pdev->NumClasses = 0;
    pdev->classId = 0;
  }
#else
  /* Unlink previous class*/
  pdev->pClass[0] = NULL;
 8005c60:	2000      	movs	r0, #0
 8005c62:	f8c3 02b8 	str.w	r0, [r3, #696]	@ 0x2b8
  pdev->pUserData[0] = NULL;
 8005c66:	f8c3 02c4 	str.w	r0, [r3, #708]	@ 0x2c4
#endif /* USE_USBD_COMPOSITE */

  pdev->pConfDesc = NULL;
 8005c6a:	f8c3 02d0 	str.w	r0, [r3, #720]	@ 0x2d0

  /* Assign USBD Descriptors */
  if (pdesc != NULL)
 8005c6e:	b109      	cbz	r1, 8005c74 <USBD_Init+0x1a>
  {
    pdev->pDesc = pdesc;
 8005c70:	f8c3 12b4 	str.w	r1, [r3, #692]	@ 0x2b4
  }

  /* Set Device initial State */
  pdev->dev_state = USBD_STATE_DEFAULT;
 8005c74:	2101      	movs	r1, #1
 8005c76:	f883 129c 	strb.w	r1, [r3, #668]	@ 0x29c
  pdev->id = id;
 8005c7a:	701a      	strb	r2, [r3, #0]

  /* Initialize low level driver */
  ret = USBD_LL_Init(pdev);
 8005c7c:	4618      	mov	r0, r3
 8005c7e:	f7ff ff1d 	bl	8005abc <USBD_LL_Init>

  return ret;
}
 8005c82:	bd08      	pop	{r3, pc}
    return USBD_FAIL;
 8005c84:	2003      	movs	r0, #3
}
 8005c86:	4770      	bx	lr

08005c88 <USBD_RegisterClass>:
  * @param  pdev: Device Handle
  * @param  pclass: Class handle
  * @retval USBD Status
  */
USBD_StatusTypeDef USBD_RegisterClass(USBD_HandleTypeDef *pdev, USBD_ClassTypeDef *pclass)
{
 8005c88:	b510      	push	{r4, lr}
 8005c8a:	b082      	sub	sp, #8
  uint16_t len = 0U;
 8005c8c:	2300      	movs	r3, #0
 8005c8e:	f8ad 3006 	strh.w	r3, [sp, #6]

  if (pclass == NULL)
 8005c92:	b1b9      	cbz	r1, 8005cc4 <USBD_RegisterClass+0x3c>
 8005c94:	4604      	mov	r4, r0
#endif /* (USBD_DEBUG_LEVEL > 1U) */
    return USBD_FAIL;
  }

  /* link the class to the USB Device handle */
  pdev->pClass[0] = pclass;
 8005c96:	f8c0 12b8 	str.w	r1, [r0, #696]	@ 0x2b8
  if (pdev->pClass[pdev->classId]->GetHSConfigDescriptor != NULL)
  {
    pdev->pConfDesc = (void *)pdev->pClass[pdev->classId]->GetHSConfigDescriptor(&len);
  }
#else /* Default USE_USB_FS */
  if (pdev->pClass[pdev->classId]->GetFSConfigDescriptor != NULL)
 8005c9a:	f8d0 22d4 	ldr.w	r2, [r0, #724]	@ 0x2d4
 8005c9e:	6acb      	ldr	r3, [r1, #44]	@ 0x2c
 8005ca0:	b143      	cbz	r3, 8005cb4 <USBD_RegisterClass+0x2c>
  {
    pdev->pConfDesc = (void *)pdev->pClass[pdev->classId]->GetFSConfigDescriptor(&len);
 8005ca2:	32ae      	adds	r2, #174	@ 0xae
 8005ca4:	f850 3022 	ldr.w	r3, [r0, r2, lsl #2]
 8005ca8:	6adb      	ldr	r3, [r3, #44]	@ 0x2c
 8005caa:	f10d 0006 	add.w	r0, sp, #6
 8005cae:	4798      	blx	r3
 8005cb0:	f8c4 02d0 	str.w	r0, [r4, #720]	@ 0x2d0
  }
#endif /* USE_USB_FS */

  /* Increment the NumClasses */
  pdev->NumClasses++;
 8005cb4:	f8d4 32d8 	ldr.w	r3, [r4, #728]	@ 0x2d8
 8005cb8:	3301      	adds	r3, #1
 8005cba:	f8c4 32d8 	str.w	r3, [r4, #728]	@ 0x2d8

  return USBD_OK;
 8005cbe:	2000      	movs	r0, #0
}
 8005cc0:	b002      	add	sp, #8
 8005cc2:	bd10      	pop	{r4, pc}
    return USBD_FAIL;
 8005cc4:	2003      	movs	r0, #3
 8005cc6:	e7fb      	b.n	8005cc0 <USBD_RegisterClass+0x38>

08005cc8 <USBD_Start>:
  *         Start the USB Device Core.
  * @param  pdev: Device Handle
  * @retval USBD Status
  */
USBD_StatusTypeDef USBD_Start(USBD_HandleTypeDef *pdev)
{
 8005cc8:	b508      	push	{r3, lr}
#ifdef USE_USBD_COMPOSITE
  pdev->classId = 0U;
#endif /* USE_USBD_COMPOSITE */

  /* Start the low level driver  */
  return USBD_LL_Start(pdev);
 8005cca:	f7ff ff3f 	bl	8005b4c <USBD_LL_Start>
}
 8005cce:	bd08      	pop	{r3, pc}

08005cd0 <USBD_SetClassConfig>:
  * @param  cfgidx: configuration index
  * @retval status
  */

USBD_StatusTypeDef USBD_SetClassConfig(USBD_HandleTypeDef *pdev, uint8_t cfgidx)
{
 8005cd0:	b508      	push	{r3, lr}
        }
      }
    }
  }
#else
  if (pdev->pClass[0] != NULL)
 8005cd2:	f8d0 32b8 	ldr.w	r3, [r0, #696]	@ 0x2b8
 8005cd6:	b113      	cbz	r3, 8005cde <USBD_SetClassConfig+0xe>
  {
    /* Set configuration and Start the Class */
    ret = (USBD_StatusTypeDef)pdev->pClass[0]->Init(pdev, cfgidx);
 8005cd8:	681b      	ldr	r3, [r3, #0]
 8005cda:	4798      	blx	r3
  }
#endif /* USE_USBD_COMPOSITE */

  return ret;
}
 8005cdc:	bd08      	pop	{r3, pc}
  USBD_StatusTypeDef ret = USBD_OK;
 8005cde:	4618      	mov	r0, r3
 8005ce0:	e7fc      	b.n	8005cdc <USBD_SetClassConfig+0xc>

08005ce2 <USBD_ClrClassConfig>:
  * @param  pdev: device instance
  * @param  cfgidx: configuration index
  * @retval status
  */
USBD_StatusTypeDef USBD_ClrClassConfig(USBD_HandleTypeDef *pdev, uint8_t cfgidx)
{
 8005ce2:	b508      	push	{r3, lr}
      }
    }
  }
#else
  /* Clear configuration  and De-initialize the Class process */
  if (pdev->pClass[0]->DeInit(pdev, cfgidx) != 0U)
 8005ce4:	f8d0 32b8 	ldr.w	r3, [r0, #696]	@ 0x2b8
 8005ce8:	685b      	ldr	r3, [r3, #4]
 8005cea:	4798      	blx	r3
 8005cec:	b900      	cbnz	r0, 8005cf0 <USBD_ClrClassConfig+0xe>
    ret = USBD_FAIL;
  }
#endif /* USE_USBD_COMPOSITE */

  return ret;
}
 8005cee:	bd08      	pop	{r3, pc}
    ret = USBD_FAIL;
 8005cf0:	2003      	movs	r0, #3
 8005cf2:	e7fc      	b.n	8005cee <USBD_ClrClassConfig+0xc>

08005cf4 <USBD_LL_SetupStage>:
  * @param  pdev: device instance
  * @param  psetup: setup packet buffer pointer
  * @retval status
  */
USBD_StatusTypeDef USBD_LL_SetupStage(USBD_HandleTypeDef *pdev, uint8_t *psetup)
{
 8005cf4:	b538      	push	{r3, r4, r5, lr}
 8005cf6:	4604      	mov	r4, r0
  USBD_StatusTypeDef ret;

  USBD_ParseSetupRequest(&pdev->request, psetup);
 8005cf8:	f200 25aa 	addw	r5, r0, #682	@ 0x2aa
 8005cfc:	4628      	mov	r0, r5
 8005cfe:	f000 f987 	bl	8006010 <USBD_ParseSetupRequest>

  pdev->ep0_state = USBD_EP0_SETUP;
 8005d02:	2301      	movs	r3, #1
 8005d04:	f8c4 3294 	str.w	r3, [r4, #660]	@ 0x294

  pdev->ep0_data_len = pdev->request.wLength;
 8005d08:	f8b4 32b0 	ldrh.w	r3, [r4, #688]	@ 0x2b0
 8005d0c:	f8c4 3298 	str.w	r3, [r4, #664]	@ 0x298

  switch (pdev->request.bmRequest & 0x1FU)
 8005d10:	f894 12aa 	ldrb.w	r1, [r4, #682]	@ 0x2aa
 8005d14:	f001 031f 	and.w	r3, r1, #31
 8005d18:	2b01      	cmp	r3, #1
 8005d1a:	d007      	beq.n	8005d2c <USBD_LL_SetupStage+0x38>
 8005d1c:	2b02      	cmp	r3, #2
 8005d1e:	d00a      	beq.n	8005d36 <USBD_LL_SetupStage+0x42>
 8005d20:	b973      	cbnz	r3, 8005d40 <USBD_LL_SetupStage+0x4c>
  {
    case USB_REQ_RECIPIENT_DEVICE:
      ret = USBD_StdDevReq(pdev, &pdev->request);
 8005d22:	4629      	mov	r1, r5
 8005d24:	4620      	mov	r0, r4
 8005d26:	f000 fb63 	bl	80063f0 <USBD_StdDevReq>
      ret = USBD_LL_StallEP(pdev, (pdev->request.bmRequest & 0x80U));
      break;
  }

  return ret;
}
 8005d2a:	bd38      	pop	{r3, r4, r5, pc}
      ret = USBD_StdItfReq(pdev, &pdev->request);
 8005d2c:	4629      	mov	r1, r5
 8005d2e:	4620      	mov	r0, r4
 8005d30:	f000 fb9f 	bl	8006472 <USBD_StdItfReq>
      break;
 8005d34:	e7f9      	b.n	8005d2a <USBD_LL_SetupStage+0x36>
      ret = USBD_StdEPReq(pdev, &pdev->request);
 8005d36:	4629      	mov	r1, r5
 8005d38:	4620      	mov	r0, r4
 8005d3a:	f000 fbe2 	bl	8006502 <USBD_StdEPReq>
      break;
 8005d3e:	e7f4      	b.n	8005d2a <USBD_LL_SetupStage+0x36>
      ret = USBD_LL_StallEP(pdev, (pdev->request.bmRequest & 0x80U));
 8005d40:	f001 0180 	and.w	r1, r1, #128	@ 0x80
 8005d44:	4620      	mov	r0, r4
 8005d46:	f7ff ff1c 	bl	8005b82 <USBD_LL_StallEP>
      break;
 8005d4a:	e7ee      	b.n	8005d2a <USBD_LL_SetupStage+0x36>

08005d4c <USBD_LL_Reset>:
  *         Handle Reset event
  * @param  pdev: device instance
  * @retval status
  */
USBD_StatusTypeDef USBD_LL_Reset(USBD_HandleTypeDef *pdev)
{
 8005d4c:	b5f8      	push	{r3, r4, r5, r6, r7, lr}
 8005d4e:	4604      	mov	r4, r0
  USBD_StatusTypeDef ret = USBD_OK;

  /* Upon Reset call user call back */
  pdev->dev_state = USBD_STATE_DEFAULT;
 8005d50:	2301      	movs	r3, #1
 8005d52:	f880 329c 	strb.w	r3, [r0, #668]	@ 0x29c
  pdev->ep0_state = USBD_EP0_IDLE;
 8005d56:	2300      	movs	r3, #0
 8005d58:	f8c0 3294 	str.w	r3, [r0, #660]	@ 0x294
  pdev->dev_config = 0U;
 8005d5c:	6043      	str	r3, [r0, #4]
  pdev->dev_remote_wakeup = 0U;
 8005d5e:	f8c0 32a4 	str.w	r3, [r0, #676]	@ 0x2a4
  pdev->dev_test_mode = 0U;
 8005d62:	f880 32a0 	strb.w	r3, [r0, #672]	@ 0x2a0
      }
    }
  }
#else

  if (pdev->pClass[0] != NULL)
 8005d66:	f8d0 32b8 	ldr.w	r3, [r0, #696]	@ 0x2b8
 8005d6a:	b1e3      	cbz	r3, 8005da6 <USBD_LL_Reset+0x5a>
  {
    if (pdev->pClass[0]->DeInit != NULL)
 8005d6c:	685b      	ldr	r3, [r3, #4]
 8005d6e:	b1e3      	cbz	r3, 8005daa <USBD_LL_Reset+0x5e>
    {
      if (pdev->pClass[0]->DeInit(pdev, (uint8_t)pdev->dev_config) != USBD_OK)
 8005d70:	2100      	movs	r1, #0
 8005d72:	4798      	blx	r3
 8005d74:	4607      	mov	r7, r0
 8005d76:	b9d0      	cbnz	r0, 8005dae <USBD_LL_Reset+0x62>
    }
  }
#endif /* USE_USBD_COMPOSITE */

  /* Open EP0 OUT */
  (void)USBD_LL_OpenEP(pdev, 0x00U, USBD_EP_TYPE_CTRL, USB_MAX_EP0_SIZE);
 8005d78:	2340      	movs	r3, #64	@ 0x40
 8005d7a:	2200      	movs	r2, #0
 8005d7c:	4611      	mov	r1, r2
 8005d7e:	4620      	mov	r0, r4
 8005d80:	f7ff feec 	bl	8005b5c <USBD_LL_OpenEP>
  pdev->ep_out[0x00U & 0xFU].is_used = 1U;
 8005d84:	2601      	movs	r6, #1
 8005d86:	f884 6163 	strb.w	r6, [r4, #355]	@ 0x163

  pdev->ep_out[0].maxpacket = USB_MAX_EP0_SIZE;
 8005d8a:	2540      	movs	r5, #64	@ 0x40
 8005d8c:	f8a4 5160 	strh.w	r5, [r4, #352]	@ 0x160

  /* Open EP0 IN */
  (void)USBD_LL_OpenEP(pdev, 0x80U, USBD_EP_TYPE_CTRL, USB_MAX_EP0_SIZE);
 8005d90:	462b      	mov	r3, r5
 8005d92:	2200      	movs	r2, #0
 8005d94:	2180      	movs	r1, #128	@ 0x80
 8005d96:	4620      	mov	r0, r4
 8005d98:	f7ff fee0 	bl	8005b5c <USBD_LL_OpenEP>
  pdev->ep_in[0x80U & 0xFU].is_used = 1U;
 8005d9c:	f884 6023 	strb.w	r6, [r4, #35]	@ 0x23

  pdev->ep_in[0].maxpacket = USB_MAX_EP0_SIZE;
 8005da0:	8425      	strh	r5, [r4, #32]

  return ret;
}
 8005da2:	4638      	mov	r0, r7
 8005da4:	bdf8      	pop	{r3, r4, r5, r6, r7, pc}
  USBD_StatusTypeDef ret = USBD_OK;
 8005da6:	461f      	mov	r7, r3
 8005da8:	e7e6      	b.n	8005d78 <USBD_LL_Reset+0x2c>
 8005daa:	461f      	mov	r7, r3
 8005dac:	e7e4      	b.n	8005d78 <USBD_LL_Reset+0x2c>
        ret = USBD_FAIL;
 8005dae:	2303      	movs	r3, #3
 8005db0:	461f      	mov	r7, r3
 8005db2:	e7e1      	b.n	8005d78 <USBD_LL_Reset+0x2c>

08005db4 <USBD_LL_SetSpeed>:
  * @retval status
  */
USBD_StatusTypeDef USBD_LL_SetSpeed(USBD_HandleTypeDef *pdev,
                                    USBD_SpeedTypeDef speed)
{
  pdev->dev_speed = speed;
 8005db4:	7401      	strb	r1, [r0, #16]

  return USBD_OK;
}
 8005db6:	2000      	movs	r0, #0
 8005db8:	4770      	bx	lr

08005dba <USBD_LL_Suspend>:
  * @param  pdev: device instance
  * @retval status
  */
USBD_StatusTypeDef USBD_LL_Suspend(USBD_HandleTypeDef *pdev)
{
  if (pdev->dev_state != USBD_STATE_SUSPENDED)
 8005dba:	f890 329c 	ldrb.w	r3, [r0, #668]	@ 0x29c
 8005dbe:	2b04      	cmp	r3, #4
 8005dc0:	d004      	beq.n	8005dcc <USBD_LL_Suspend+0x12>
  {
    pdev->dev_old_state = pdev->dev_state;
 8005dc2:	f890 329c 	ldrb.w	r3, [r0, #668]	@ 0x29c
 8005dc6:	b2db      	uxtb	r3, r3
 8005dc8:	f880 329d 	strb.w	r3, [r0, #669]	@ 0x29d
  }

  pdev->dev_state = USBD_STATE_SUSPENDED;
 8005dcc:	2304      	movs	r3, #4
 8005dce:	f880 329c 	strb.w	r3, [r0, #668]	@ 0x29c

  return USBD_OK;
}
 8005dd2:	2000      	movs	r0, #0
 8005dd4:	4770      	bx	lr

08005dd6 <USBD_LL_Resume>:
  * @param  pdev: device instance
  * @retval status
  */
USBD_StatusTypeDef USBD_LL_Resume(USBD_HandleTypeDef *pdev)
{
  if (pdev->dev_state == USBD_STATE_SUSPENDED)
 8005dd6:	f890 329c 	ldrb.w	r3, [r0, #668]	@ 0x29c
 8005dda:	2b04      	cmp	r3, #4
 8005ddc:	d001      	beq.n	8005de2 <USBD_LL_Resume+0xc>
  {
    pdev->dev_state = pdev->dev_old_state;
  }

  return USBD_OK;
}
 8005dde:	2000      	movs	r0, #0
 8005de0:	4770      	bx	lr
    pdev->dev_state = pdev->dev_old_state;
 8005de2:	f890 329d 	ldrb.w	r3, [r0, #669]	@ 0x29d
 8005de6:	b2db      	uxtb	r3, r3
 8005de8:	f880 329c 	strb.w	r3, [r0, #668]	@ 0x29c
 8005dec:	e7f7      	b.n	8005dde <USBD_LL_Resume+0x8>

08005dee <USBD_LL_SOF>:
  *         Handle SOF event
  * @param  pdev: device instance
  * @retval status
  */
USBD_StatusTypeDef USBD_LL_SOF(USBD_HandleTypeDef *pdev)
{
 8005dee:	b508      	push	{r3, lr}
  /* The SOF event can be distributed for all classes that support it */
  if (pdev->dev_state == USBD_STATE_CONFIGURED)
 8005df0:	f890 329c 	ldrb.w	r3, [r0, #668]	@ 0x29c
 8005df4:	2b03      	cmp	r3, #3
 8005df6:	d001      	beq.n	8005dfc <USBD_LL_SOF+0xe>
    }
#endif /* USE_USBD_COMPOSITE */
  }

  return USBD_OK;
}
 8005df8:	2000      	movs	r0, #0
 8005dfa:	bd08      	pop	{r3, pc}
    if (pdev->pClass[0] != NULL)
 8005dfc:	f8d0 32b8 	ldr.w	r3, [r0, #696]	@ 0x2b8
 8005e00:	2b00      	cmp	r3, #0
 8005e02:	d0f9      	beq.n	8005df8 <USBD_LL_SOF+0xa>
      if (pdev->pClass[0]->SOF != NULL)
 8005e04:	69db      	ldr	r3, [r3, #28]
 8005e06:	2b00      	cmp	r3, #0
 8005e08:	d0f6      	beq.n	8005df8 <USBD_LL_SOF+0xa>
        (void)pdev->pClass[0]->SOF(pdev);
 8005e0a:	4798      	blx	r3
 8005e0c:	e7f4      	b.n	8005df8 <USBD_LL_SOF+0xa>

08005e0e <USBD_CoreFindIF>:
  UNUSED(pdev);
  UNUSED(index);

  return 0x00U;
#endif /* USE_USBD_COMPOSITE */
}
 8005e0e:	2000      	movs	r0, #0
 8005e10:	4770      	bx	lr

08005e12 <USBD_CoreFindEP>:
  UNUSED(pdev);
  UNUSED(index);

  return 0x00U;
#endif /* USE_USBD_COMPOSITE */
}
 8005e12:	2000      	movs	r0, #0
 8005e14:	4770      	bx	lr

08005e16 <USBD_LL_DataOutStage>:
{
 8005e16:	b538      	push	{r3, r4, r5, lr}
 8005e18:	4604      	mov	r4, r0
  if (epnum == 0U)
 8005e1a:	460d      	mov	r5, r1
 8005e1c:	2900      	cmp	r1, #0
 8005e1e:	d144      	bne.n	8005eaa <USBD_LL_DataOutStage+0x94>
    if (pdev->ep0_state == USBD_EP0_DATA_OUT)
 8005e20:	f8d0 3294 	ldr.w	r3, [r0, #660]	@ 0x294
 8005e24:	2b03      	cmp	r3, #3
 8005e26:	d001      	beq.n	8005e2c <USBD_LL_DataOutStage+0x16>
  return USBD_OK;
 8005e28:	4608      	mov	r0, r1
}
 8005e2a:	bd38      	pop	{r3, r4, r5, pc}
      if (pep->rem_length > pep->maxpacket)
 8005e2c:	f8d0 3158 	ldr.w	r3, [r0, #344]	@ 0x158
 8005e30:	f8b0 2160 	ldrh.w	r2, [r0, #352]	@ 0x160
 8005e34:	4293      	cmp	r3, r2
 8005e36:	d809      	bhi.n	8005e4c <USBD_LL_DataOutStage+0x36>
        switch (pdev->request.bmRequest & 0x1FU)
 8005e38:	f890 32aa 	ldrb.w	r3, [r0, #682]	@ 0x2aa
 8005e3c:	f003 031f 	and.w	r3, r3, #31
 8005e40:	2b01      	cmp	r3, #1
 8005e42:	d012      	beq.n	8005e6a <USBD_LL_DataOutStage+0x54>
 8005e44:	2b02      	cmp	r3, #2
 8005e46:	d01e      	beq.n	8005e86 <USBD_LL_DataOutStage+0x70>
 8005e48:	4608      	mov	r0, r1
 8005e4a:	e013      	b.n	8005e74 <USBD_LL_DataOutStage+0x5e>
        pep->rem_length -= pep->maxpacket;
 8005e4c:	1a9b      	subs	r3, r3, r2
 8005e4e:	f8c0 3158 	str.w	r3, [r0, #344]	@ 0x158
        pep->pbuffer += pep->maxpacket;
 8005e52:	f8d0 1164 	ldr.w	r1, [r0, #356]	@ 0x164
 8005e56:	4411      	add	r1, r2
 8005e58:	f8c0 1164 	str.w	r1, [r0, #356]	@ 0x164
        (void)USBD_CtlContinueRx(pdev, pep->pbuffer, MAX(pep->rem_length, pep->maxpacket));
 8005e5c:	429a      	cmp	r2, r3
 8005e5e:	bf38      	it	cc
 8005e60:	461a      	movcc	r2, r3
 8005e62:	f000 fd4c 	bl	80068fe <USBD_CtlContinueRx>
  return USBD_OK;
 8005e66:	4628      	mov	r0, r5
 8005e68:	e7df      	b.n	8005e2a <USBD_LL_DataOutStage+0x14>
            idx = USBD_CoreFindIF(pdev, LOBYTE(pdev->request.wIndex));
 8005e6a:	f890 12ae 	ldrb.w	r1, [r0, #686]	@ 0x2ae
 8005e6e:	f7ff ffce 	bl	8005e0e <USBD_CoreFindIF>
        if (idx < USBD_MAX_SUPPORTED_CLASS)
 8005e72:	b918      	cbnz	r0, 8005e7c <USBD_LL_DataOutStage+0x66>
          if (pdev->dev_state == USBD_STATE_CONFIGURED)
 8005e74:	f894 329c 	ldrb.w	r3, [r4, #668]	@ 0x29c
 8005e78:	2b03      	cmp	r3, #3
 8005e7a:	d009      	beq.n	8005e90 <USBD_LL_DataOutStage+0x7a>
        (void)USBD_CtlSendStatus(pdev);
 8005e7c:	4620      	mov	r0, r4
 8005e7e:	f000 fd46 	bl	800690e <USBD_CtlSendStatus>
  return USBD_OK;
 8005e82:	4628      	mov	r0, r5
 8005e84:	e7d1      	b.n	8005e2a <USBD_LL_DataOutStage+0x14>
            idx = USBD_CoreFindEP(pdev, LOBYTE(pdev->request.wIndex));
 8005e86:	f890 12ae 	ldrb.w	r1, [r0, #686]	@ 0x2ae
 8005e8a:	f7ff ffc2 	bl	8005e12 <USBD_CoreFindEP>
            break;
 8005e8e:	e7f0      	b.n	8005e72 <USBD_LL_DataOutStage+0x5c>
            if (pdev->pClass[idx]->EP0_RxReady != NULL)
 8005e90:	f100 03ae 	add.w	r3, r0, #174	@ 0xae
 8005e94:	f854 3023 	ldr.w	r3, [r4, r3, lsl #2]
 8005e98:	691a      	ldr	r2, [r3, #16]
 8005e9a:	2a00      	cmp	r2, #0
 8005e9c:	d0ee      	beq.n	8005e7c <USBD_LL_DataOutStage+0x66>
              pdev->classId = idx;
 8005e9e:	f8c4 02d4 	str.w	r0, [r4, #724]	@ 0x2d4
              pdev->pClass[idx]->EP0_RxReady(pdev);
 8005ea2:	691b      	ldr	r3, [r3, #16]
 8005ea4:	4620      	mov	r0, r4
 8005ea6:	4798      	blx	r3
 8005ea8:	e7e8      	b.n	8005e7c <USBD_LL_DataOutStage+0x66>
    idx = USBD_CoreFindEP(pdev, (epnum & 0x7FU));
 8005eaa:	f001 017f 	and.w	r1, r1, #127	@ 0x7f
 8005eae:	f7ff ffb0 	bl	8005e12 <USBD_CoreFindEP>
    if (((uint16_t)idx != 0xFFU) && (idx < USBD_MAX_SUPPORTED_CLASS))
 8005eb2:	b988      	cbnz	r0, 8005ed8 <USBD_LL_DataOutStage+0xc2>
      if (pdev->dev_state == USBD_STATE_CONFIGURED)
 8005eb4:	f894 329c 	ldrb.w	r3, [r4, #668]	@ 0x29c
 8005eb8:	2b03      	cmp	r3, #3
 8005eba:	d1b6      	bne.n	8005e2a <USBD_LL_DataOutStage+0x14>
        if (pdev->pClass[idx]->DataOut != NULL)
 8005ebc:	f100 03ae 	add.w	r3, r0, #174	@ 0xae
 8005ec0:	f854 3023 	ldr.w	r3, [r4, r3, lsl #2]
 8005ec4:	699a      	ldr	r2, [r3, #24]
 8005ec6:	2a00      	cmp	r2, #0
 8005ec8:	d0af      	beq.n	8005e2a <USBD_LL_DataOutStage+0x14>
          pdev->classId = idx;
 8005eca:	f8c4 02d4 	str.w	r0, [r4, #724]	@ 0x2d4
          ret = (USBD_StatusTypeDef)pdev->pClass[idx]->DataOut(pdev, epnum);
 8005ece:	699b      	ldr	r3, [r3, #24]
 8005ed0:	4629      	mov	r1, r5
 8005ed2:	4620      	mov	r0, r4
 8005ed4:	4798      	blx	r3
      if (ret != USBD_OK)
 8005ed6:	e7a8      	b.n	8005e2a <USBD_LL_DataOutStage+0x14>
  return USBD_OK;
 8005ed8:	2000      	movs	r0, #0
 8005eda:	e7a6      	b.n	8005e2a <USBD_LL_DataOutStage+0x14>

08005edc <USBD_LL_DataInStage>:
{
 8005edc:	b538      	push	{r3, r4, r5, lr}
 8005ede:	4604      	mov	r4, r0
  if (epnum == 0U)
 8005ee0:	460d      	mov	r5, r1
 8005ee2:	2900      	cmp	r1, #0
 8005ee4:	d14b      	bne.n	8005f7e <USBD_LL_DataInStage+0xa2>
    if (pdev->ep0_state == USBD_EP0_DATA_IN)
 8005ee6:	f8d0 3294 	ldr.w	r3, [r0, #660]	@ 0x294
 8005eea:	2b02      	cmp	r3, #2
 8005eec:	d007      	beq.n	8005efe <USBD_LL_DataInStage+0x22>
    if (pdev->dev_test_mode != 0U)
 8005eee:	f894 02a0 	ldrb.w	r0, [r4, #672]	@ 0x2a0
 8005ef2:	b118      	cbz	r0, 8005efc <USBD_LL_DataInStage+0x20>
      pdev->dev_test_mode = 0U;
 8005ef4:	2300      	movs	r3, #0
 8005ef6:	f884 32a0 	strb.w	r3, [r4, #672]	@ 0x2a0
  return USBD_OK;
 8005efa:	4628      	mov	r0, r5
}
 8005efc:	bd38      	pop	{r3, r4, r5, pc}
      if (pep->rem_length > pep->maxpacket)
 8005efe:	6982      	ldr	r2, [r0, #24]
 8005f00:	8c03      	ldrh	r3, [r0, #32]
 8005f02:	429a      	cmp	r2, r3
 8005f04:	d80d      	bhi.n	8005f22 <USBD_LL_DataInStage+0x46>
        if ((pep->maxpacket == pep->rem_length) &&
 8005f06:	429a      	cmp	r2, r3
 8005f08:	d019      	beq.n	8005f3e <USBD_LL_DataInStage+0x62>
          if (pdev->dev_state == USBD_STATE_CONFIGURED)
 8005f0a:	f894 329c 	ldrb.w	r3, [r4, #668]	@ 0x29c
 8005f0e:	2b03      	cmp	r3, #3
 8005f10:	d029      	beq.n	8005f66 <USBD_LL_DataInStage+0x8a>
          (void)USBD_LL_StallEP(pdev, 0x80U);
 8005f12:	2180      	movs	r1, #128	@ 0x80
 8005f14:	4620      	mov	r0, r4
 8005f16:	f7ff fe34 	bl	8005b82 <USBD_LL_StallEP>
          (void)USBD_CtlReceiveStatus(pdev);
 8005f1a:	4620      	mov	r0, r4
 8005f1c:	f000 fd02 	bl	8006924 <USBD_CtlReceiveStatus>
 8005f20:	e7e5      	b.n	8005eee <USBD_LL_DataInStage+0x12>
        pep->rem_length -= pep->maxpacket;
 8005f22:	1ad2      	subs	r2, r2, r3
 8005f24:	6182      	str	r2, [r0, #24]
        pep->pbuffer += pep->maxpacket;
 8005f26:	6a41      	ldr	r1, [r0, #36]	@ 0x24
 8005f28:	4419      	add	r1, r3
 8005f2a:	6241      	str	r1, [r0, #36]	@ 0x24
        (void)USBD_CtlContinueSendData(pdev, pep->pbuffer, pep->rem_length);
 8005f2c:	f000 fcce 	bl	80068cc <USBD_CtlContinueSendData>
        (void)USBD_LL_PrepareReceive(pdev, 0U, NULL, 0U);
 8005f30:	2300      	movs	r3, #0
 8005f32:	461a      	mov	r2, r3
 8005f34:	4619      	mov	r1, r3
 8005f36:	4620      	mov	r0, r4
 8005f38:	f7ff fe59 	bl	8005bee <USBD_LL_PrepareReceive>
 8005f3c:	e7d7      	b.n	8005eee <USBD_LL_DataInStage+0x12>
            (pep->total_length >= pep->maxpacket) &&
 8005f3e:	6942      	ldr	r2, [r0, #20]
        if ((pep->maxpacket == pep->rem_length) &&
 8005f40:	4293      	cmp	r3, r2
 8005f42:	d8e2      	bhi.n	8005f0a <USBD_LL_DataInStage+0x2e>
            (pep->total_length < pdev->ep0_data_len))
 8005f44:	f8d0 3298 	ldr.w	r3, [r0, #664]	@ 0x298
            (pep->total_length >= pep->maxpacket) &&
 8005f48:	429a      	cmp	r2, r3
 8005f4a:	d2de      	bcs.n	8005f0a <USBD_LL_DataInStage+0x2e>
          (void)USBD_CtlContinueSendData(pdev, NULL, 0U);
 8005f4c:	2200      	movs	r2, #0
 8005f4e:	4611      	mov	r1, r2
 8005f50:	f000 fcbc 	bl	80068cc <USBD_CtlContinueSendData>
          pdev->ep0_data_len = 0U;
 8005f54:	2100      	movs	r1, #0
 8005f56:	f8c4 1298 	str.w	r1, [r4, #664]	@ 0x298
          (void)USBD_LL_PrepareReceive(pdev, 0U, NULL, 0U);
 8005f5a:	460b      	mov	r3, r1
 8005f5c:	460a      	mov	r2, r1
 8005f5e:	4620      	mov	r0, r4
 8005f60:	f7ff fe45 	bl	8005bee <USBD_LL_PrepareReceive>
 8005f64:	e7c3      	b.n	8005eee <USBD_LL_DataInStage+0x12>
            if (pdev->pClass[0]->EP0_TxSent != NULL)
 8005f66:	f8d4 32b8 	ldr.w	r3, [r4, #696]	@ 0x2b8
 8005f6a:	68da      	ldr	r2, [r3, #12]
 8005f6c:	2a00      	cmp	r2, #0
 8005f6e:	d0d0      	beq.n	8005f12 <USBD_LL_DataInStage+0x36>
              pdev->classId = 0U;
 8005f70:	2200      	movs	r2, #0
 8005f72:	f8c4 22d4 	str.w	r2, [r4, #724]	@ 0x2d4
              pdev->pClass[0]->EP0_TxSent(pdev);
 8005f76:	68db      	ldr	r3, [r3, #12]
 8005f78:	4620      	mov	r0, r4
 8005f7a:	4798      	blx	r3
 8005f7c:	e7c9      	b.n	8005f12 <USBD_LL_DataInStage+0x36>
    idx = USBD_CoreFindEP(pdev, ((uint8_t)epnum | 0x80U));
 8005f7e:	f041 0180 	orr.w	r1, r1, #128	@ 0x80
 8005f82:	f7ff ff46 	bl	8005e12 <USBD_CoreFindEP>
    if (((uint16_t)idx != 0xFFU) && (idx < USBD_MAX_SUPPORTED_CLASS))
 8005f86:	b988      	cbnz	r0, 8005fac <USBD_LL_DataInStage+0xd0>
      if (pdev->dev_state == USBD_STATE_CONFIGURED)
 8005f88:	f894 329c 	ldrb.w	r3, [r4, #668]	@ 0x29c
 8005f8c:	2b03      	cmp	r3, #3
 8005f8e:	d1b5      	bne.n	8005efc <USBD_LL_DataInStage+0x20>
        if (pdev->pClass[idx]->DataIn != NULL)
 8005f90:	f100 03ae 	add.w	r3, r0, #174	@ 0xae
 8005f94:	f854 3023 	ldr.w	r3, [r4, r3, lsl #2]
 8005f98:	695a      	ldr	r2, [r3, #20]
 8005f9a:	2a00      	cmp	r2, #0
 8005f9c:	d0ae      	beq.n	8005efc <USBD_LL_DataInStage+0x20>
          pdev->classId = idx;
 8005f9e:	f8c4 02d4 	str.w	r0, [r4, #724]	@ 0x2d4
          ret = (USBD_StatusTypeDef)pdev->pClass[idx]->DataIn(pdev, epnum);
 8005fa2:	695b      	ldr	r3, [r3, #20]
 8005fa4:	4629      	mov	r1, r5
 8005fa6:	4620      	mov	r0, r4
 8005fa8:	4798      	blx	r3
          if (ret != USBD_OK)
 8005faa:	e7a7      	b.n	8005efc <USBD_LL_DataInStage+0x20>
  return USBD_OK;
 8005fac:	2000      	movs	r0, #0
 8005fae:	e7a5      	b.n	8005efc <USBD_LL_DataInStage+0x20>

08005fb0 <USBD_GetNextDesc>:
  */
USBD_DescHeaderTypeDef *USBD_GetNextDesc(uint8_t *pbuf, uint16_t *ptr)
{
  USBD_DescHeaderTypeDef *pnext = (USBD_DescHeaderTypeDef *)(void *)pbuf;

  *ptr += pnext->bLength;
 8005fb0:	880b      	ldrh	r3, [r1, #0]
 8005fb2:	7802      	ldrb	r2, [r0, #0]
 8005fb4:	4413      	add	r3, r2
 8005fb6:	800b      	strh	r3, [r1, #0]
  pnext = (USBD_DescHeaderTypeDef *)(void *)(pbuf + pnext->bLength);
 8005fb8:	7803      	ldrb	r3, [r0, #0]

  return (pnext);
}
 8005fba:	4418      	add	r0, r3
 8005fbc:	4770      	bx	lr

08005fbe <USBD_GetEpDesc>:
  if (desc->wTotalLength > desc->bLength)
 8005fbe:	8842      	ldrh	r2, [r0, #2]
 8005fc0:	7803      	ldrb	r3, [r0, #0]
 8005fc2:	429a      	cmp	r2, r3
 8005fc4:	d918      	bls.n	8005ff8 <USBD_GetEpDesc+0x3a>
{
 8005fc6:	b530      	push	{r4, r5, lr}
 8005fc8:	b083      	sub	sp, #12
 8005fca:	4604      	mov	r4, r0
 8005fcc:	460d      	mov	r5, r1
    ptr = desc->bLength;
 8005fce:	f8ad 3006 	strh.w	r3, [sp, #6]
    while (ptr < desc->wTotalLength)
 8005fd2:	8863      	ldrh	r3, [r4, #2]
 8005fd4:	f8bd 2006 	ldrh.w	r2, [sp, #6]
 8005fd8:	429a      	cmp	r2, r3
 8005fda:	d20a      	bcs.n	8005ff2 <USBD_GetEpDesc+0x34>
      pdesc = USBD_GetNextDesc((uint8_t *)pdesc, &ptr);
 8005fdc:	f10d 0106 	add.w	r1, sp, #6
 8005fe0:	f7ff ffe6 	bl	8005fb0 <USBD_GetNextDesc>
      if (pdesc->bDescriptorType == USB_DESC_TYPE_ENDPOINT)
 8005fe4:	7843      	ldrb	r3, [r0, #1]
 8005fe6:	2b05      	cmp	r3, #5
 8005fe8:	d1f3      	bne.n	8005fd2 <USBD_GetEpDesc+0x14>
        if (pEpDesc->bEndpointAddress == EpAddr)
 8005fea:	7883      	ldrb	r3, [r0, #2]
 8005fec:	42ab      	cmp	r3, r5
 8005fee:	d1f0      	bne.n	8005fd2 <USBD_GetEpDesc+0x14>
 8005ff0:	e000      	b.n	8005ff4 <USBD_GetEpDesc+0x36>
 8005ff2:	2000      	movs	r0, #0
}
 8005ff4:	b003      	add	sp, #12
 8005ff6:	bd30      	pop	{r4, r5, pc}
  USBD_EpDescTypeDef *pEpDesc = NULL;
 8005ff8:	2000      	movs	r0, #0
}
 8005ffa:	4770      	bx	lr

08005ffc <USBD_GetLen>:
  *         return the string length
   * @param  buf : pointer to the ascii string buffer
  * @retval string length
  */
static uint8_t USBD_GetLen(uint8_t *buf)
{
 8005ffc:	4603      	mov	r3, r0
  uint8_t  len = 0U;
 8005ffe:	2000      	movs	r0, #0
  uint8_t *pbuff = buf;

  while (*pbuff != (uint8_t)'\0')
 8006000:	e002      	b.n	8006008 <USBD_GetLen+0xc>
  {
    len++;
 8006002:	3001      	adds	r0, #1
 8006004:	b2c0      	uxtb	r0, r0
    pbuff++;
 8006006:	3301      	adds	r3, #1
  while (*pbuff != (uint8_t)'\0')
 8006008:	781a      	ldrb	r2, [r3, #0]
 800600a:	2a00      	cmp	r2, #0
 800600c:	d1f9      	bne.n	8006002 <USBD_GetLen+0x6>
  }

  return len;
}
 800600e:	4770      	bx	lr

08006010 <USBD_ParseSetupRequest>:
  req->bmRequest = *(uint8_t *)(pbuff);
 8006010:	780b      	ldrb	r3, [r1, #0]
 8006012:	7003      	strb	r3, [r0, #0]
  req->bRequest = *(uint8_t *)(pbuff);
 8006014:	784b      	ldrb	r3, [r1, #1]
 8006016:	7043      	strb	r3, [r0, #1]
  uint16_t _SwapVal;
  uint16_t _Byte1;
  uint16_t _Byte2;
  uint8_t *_pbuff = addr;

  _Byte1 = *(uint8_t *)_pbuff;
 8006018:	788b      	ldrb	r3, [r1, #2]
  _pbuff++;
  _Byte2 = *(uint8_t *)_pbuff;
 800601a:	78ca      	ldrb	r2, [r1, #3]

  _SwapVal = (_Byte2 << 8) | _Byte1;
 800601c:	ea43 2302 	orr.w	r3, r3, r2, lsl #8
  req->wValue = SWAPBYTE(pbuff);
 8006020:	8043      	strh	r3, [r0, #2]
  _Byte1 = *(uint8_t *)_pbuff;
 8006022:	790b      	ldrb	r3, [r1, #4]
  _Byte2 = *(uint8_t *)_pbuff;
 8006024:	794a      	ldrb	r2, [r1, #5]
  _SwapVal = (_Byte2 << 8) | _Byte1;
 8006026:	ea43 2302 	orr.w	r3, r3, r2, lsl #8
  req->wIndex = SWAPBYTE(pbuff);
 800602a:	8083      	strh	r3, [r0, #4]
  _Byte1 = *(uint8_t *)_pbuff;
 800602c:	798b      	ldrb	r3, [r1, #6]
  _Byte2 = *(uint8_t *)_pbuff;
 800602e:	79ca      	ldrb	r2, [r1, #7]
  _SwapVal = (_Byte2 << 8) | _Byte1;
 8006030:	ea43 2302 	orr.w	r3, r3, r2, lsl #8
  req->wLength = SWAPBYTE(pbuff);
 8006034:	80c3      	strh	r3, [r0, #6]
}
 8006036:	4770      	bx	lr

08006038 <USBD_CtlError>:
{
 8006038:	b510      	push	{r4, lr}
 800603a:	4604      	mov	r4, r0
  (void)USBD_LL_StallEP(pdev, 0x80U);
 800603c:	2180      	movs	r1, #128	@ 0x80
 800603e:	f7ff fda0 	bl	8005b82 <USBD_LL_StallEP>
  (void)USBD_LL_StallEP(pdev, 0U);
 8006042:	2100      	movs	r1, #0
 8006044:	4620      	mov	r0, r4
 8006046:	f7ff fd9c 	bl	8005b82 <USBD_LL_StallEP>
}
 800604a:	bd10      	pop	{r4, pc}

0800604c <USBD_GetDescriptor>:
{
 800604c:	b530      	push	{r4, r5, lr}
 800604e:	b083      	sub	sp, #12
 8006050:	4604      	mov	r4, r0
 8006052:	460d      	mov	r5, r1
  uint16_t len = 0U;
 8006054:	2300      	movs	r3, #0
 8006056:	f8ad 3006 	strh.w	r3, [sp, #6]
  switch (req->wValue >> 8)
 800605a:	884a      	ldrh	r2, [r1, #2]
 800605c:	0a13      	lsrs	r3, r2, #8
 800605e:	2b06      	cmp	r3, #6
 8006060:	f000 80a5 	beq.w	80061ae <USBD_GetDescriptor+0x162>
 8006064:	d821      	bhi.n	80060aa <USBD_GetDescriptor+0x5e>
 8006066:	2b02      	cmp	r3, #2
 8006068:	d031      	beq.n	80060ce <USBD_GetDescriptor+0x82>
 800606a:	2b03      	cmp	r3, #3
 800606c:	d043      	beq.n	80060f6 <USBD_GetDescriptor+0xaa>
 800606e:	2b01      	cmp	r3, #1
 8006070:	f040 80b7 	bne.w	80061e2 <USBD_GetDescriptor+0x196>
      pbuf = pdev->pDesc->GetDeviceDescriptor(pdev->dev_speed, &len);
 8006074:	f8d0 32b4 	ldr.w	r3, [r0, #692]	@ 0x2b4
 8006078:	681b      	ldr	r3, [r3, #0]
 800607a:	f10d 0106 	add.w	r1, sp, #6
 800607e:	7c00      	ldrb	r0, [r0, #16]
 8006080:	4798      	blx	r3
  if (req->wLength != 0U)
 8006082:	88ea      	ldrh	r2, [r5, #6]
 8006084:	2a00      	cmp	r2, #0
 8006086:	f000 80b6 	beq.w	80061f6 <USBD_GetDescriptor+0x1aa>
    if (len != 0U)
 800608a:	f8bd 3006 	ldrh.w	r3, [sp, #6]
 800608e:	2b00      	cmp	r3, #0
 8006090:	f000 80ac 	beq.w	80061ec <USBD_GetDescriptor+0x1a0>
      len = MIN(len, req->wLength);
 8006094:	429a      	cmp	r2, r3
 8006096:	bf28      	it	cs
 8006098:	461a      	movcs	r2, r3
 800609a:	f8ad 2006 	strh.w	r2, [sp, #6]
      (void)USBD_CtlSendData(pdev, pbuf, len);
 800609e:	4601      	mov	r1, r0
 80060a0:	4620      	mov	r0, r4
 80060a2:	f000 fc05 	bl	80068b0 <USBD_CtlSendData>
}
 80060a6:	b003      	add	sp, #12
 80060a8:	bd30      	pop	{r4, r5, pc}
  switch (req->wValue >> 8)
 80060aa:	2b07      	cmp	r3, #7
 80060ac:	f000 808b 	beq.w	80061c6 <USBD_GetDescriptor+0x17a>
 80060b0:	2b0f      	cmp	r3, #15
 80060b2:	f040 8096 	bne.w	80061e2 <USBD_GetDescriptor+0x196>
      if (pdev->pDesc->GetBOSDescriptor != NULL)
 80060b6:	f8d0 32b4 	ldr.w	r3, [r0, #692]	@ 0x2b4
 80060ba:	69db      	ldr	r3, [r3, #28]
 80060bc:	b123      	cbz	r3, 80060c8 <USBD_GetDescriptor+0x7c>
        pbuf = pdev->pDesc->GetBOSDescriptor(pdev->dev_speed, &len);
 80060be:	f10d 0106 	add.w	r1, sp, #6
 80060c2:	7c00      	ldrb	r0, [r0, #16]
 80060c4:	4798      	blx	r3
  if (err != 0U)
 80060c6:	e7dc      	b.n	8006082 <USBD_GetDescriptor+0x36>
        USBD_CtlError(pdev, req);
 80060c8:	f7ff ffb6 	bl	8006038 <USBD_CtlError>
  if (err != 0U)
 80060cc:	e7eb      	b.n	80060a6 <USBD_GetDescriptor+0x5a>
      if (pdev->dev_speed == USBD_SPEED_HIGH)
 80060ce:	7c03      	ldrb	r3, [r0, #16]
 80060d0:	b943      	cbnz	r3, 80060e4 <USBD_GetDescriptor+0x98>
          pbuf = (uint8_t *)pdev->pClass[0]->GetHSConfigDescriptor(&len);
 80060d2:	f8d0 32b8 	ldr.w	r3, [r0, #696]	@ 0x2b8
 80060d6:	6a9b      	ldr	r3, [r3, #40]	@ 0x28
 80060d8:	f10d 0006 	add.w	r0, sp, #6
 80060dc:	4798      	blx	r3
        pbuf[1] = USB_DESC_TYPE_CONFIGURATION;
 80060de:	2302      	movs	r3, #2
 80060e0:	7043      	strb	r3, [r0, #1]
  if (err != 0U)
 80060e2:	e7ce      	b.n	8006082 <USBD_GetDescriptor+0x36>
          pbuf = (uint8_t *)pdev->pClass[0]->GetFSConfigDescriptor(&len);
 80060e4:	f8d0 32b8 	ldr.w	r3, [r0, #696]	@ 0x2b8
 80060e8:	6adb      	ldr	r3, [r3, #44]	@ 0x2c
 80060ea:	f10d 0006 	add.w	r0, sp, #6
 80060ee:	4798      	blx	r3
        pbuf[1] = USB_DESC_TYPE_CONFIGURATION;
 80060f0:	2302      	movs	r3, #2
 80060f2:	7043      	strb	r3, [r0, #1]
  if (err != 0U)
 80060f4:	e7c5      	b.n	8006082 <USBD_GetDescriptor+0x36>
      switch ((uint8_t)(req->wValue))
 80060f6:	b2d2      	uxtb	r2, r2
 80060f8:	2a03      	cmp	r2, #3
 80060fa:	d038      	beq.n	800616e <USBD_GetDescriptor+0x122>
 80060fc:	d80e      	bhi.n	800611c <USBD_GetDescriptor+0xd0>
 80060fe:	2a01      	cmp	r2, #1
 8006100:	d01d      	beq.n	800613e <USBD_GetDescriptor+0xf2>
 8006102:	2a02      	cmp	r2, #2
 8006104:	d027      	beq.n	8006156 <USBD_GetDescriptor+0x10a>
 8006106:	2a00      	cmp	r2, #0
 8006108:	d14c      	bne.n	80061a4 <USBD_GetDescriptor+0x158>
          if (pdev->pDesc->GetLangIDStrDescriptor != NULL)
 800610a:	f8d0 32b4 	ldr.w	r3, [r0, #692]	@ 0x2b4
 800610e:	685b      	ldr	r3, [r3, #4]
 8006110:	b193      	cbz	r3, 8006138 <USBD_GetDescriptor+0xec>
            pbuf = pdev->pDesc->GetLangIDStrDescriptor(pdev->dev_speed, &len);
 8006112:	f10d 0106 	add.w	r1, sp, #6
 8006116:	7c00      	ldrb	r0, [r0, #16]
 8006118:	4798      	blx	r3
  if (err != 0U)
 800611a:	e7b2      	b.n	8006082 <USBD_GetDescriptor+0x36>
      switch ((uint8_t)(req->wValue))
 800611c:	2a04      	cmp	r2, #4
 800611e:	d032      	beq.n	8006186 <USBD_GetDescriptor+0x13a>
 8006120:	2a05      	cmp	r2, #5
 8006122:	d13f      	bne.n	80061a4 <USBD_GetDescriptor+0x158>
          if (pdev->pDesc->GetInterfaceStrDescriptor != NULL)
 8006124:	f8d0 32b4 	ldr.w	r3, [r0, #692]	@ 0x2b4
 8006128:	699b      	ldr	r3, [r3, #24]
 800612a:	2b00      	cmp	r3, #0
 800612c:	d037      	beq.n	800619e <USBD_GetDescriptor+0x152>
            pbuf = pdev->pDesc->GetInterfaceStrDescriptor(pdev->dev_speed, &len);
 800612e:	f10d 0106 	add.w	r1, sp, #6
 8006132:	7c00      	ldrb	r0, [r0, #16]
 8006134:	4798      	blx	r3
  if (err != 0U)
 8006136:	e7a4      	b.n	8006082 <USBD_GetDescriptor+0x36>
            USBD_CtlError(pdev, req);
 8006138:	f7ff ff7e 	bl	8006038 <USBD_CtlError>
  if (err != 0U)
 800613c:	e7b3      	b.n	80060a6 <USBD_GetDescriptor+0x5a>
          if (pdev->pDesc->GetManufacturerStrDescriptor != NULL)
 800613e:	f8d0 32b4 	ldr.w	r3, [r0, #692]	@ 0x2b4
 8006142:	689b      	ldr	r3, [r3, #8]
 8006144:	b123      	cbz	r3, 8006150 <USBD_GetDescriptor+0x104>
            pbuf = pdev->pDesc->GetManufacturerStrDescriptor(pdev->dev_speed, &len);
 8006146:	f10d 0106 	add.w	r1, sp, #6
 800614a:	7c00      	ldrb	r0, [r0, #16]
 800614c:	4798      	blx	r3
  if (err != 0U)
 800614e:	e798      	b.n	8006082 <USBD_GetDescriptor+0x36>
            USBD_CtlError(pdev, req);
 8006150:	f7ff ff72 	bl	8006038 <USBD_CtlError>
  if (err != 0U)
 8006154:	e7a7      	b.n	80060a6 <USBD_GetDescriptor+0x5a>
          if (pdev->pDesc->GetProductStrDescriptor != NULL)
 8006156:	f8d0 32b4 	ldr.w	r3, [r0, #692]	@ 0x2b4
 800615a:	68db      	ldr	r3, [r3, #12]
 800615c:	b123      	cbz	r3, 8006168 <USBD_GetDescriptor+0x11c>
            pbuf = pdev->pDesc->GetProductStrDescriptor(pdev->dev_speed, &len);
 800615e:	f10d 0106 	add.w	r1, sp, #6
 8006162:	7c00      	ldrb	r0, [r0, #16]
 8006164:	4798      	blx	r3
  if (err != 0U)
 8006166:	e78c      	b.n	8006082 <USBD_GetDescriptor+0x36>
            USBD_CtlError(pdev, req);
 8006168:	f7ff ff66 	bl	8006038 <USBD_CtlError>
  if (err != 0U)
 800616c:	e79b      	b.n	80060a6 <USBD_GetDescriptor+0x5a>
          if (pdev->pDesc->GetSerialStrDescriptor != NULL)
 800616e:	f8d0 32b4 	ldr.w	r3, [r0, #692]	@ 0x2b4
 8006172:	691b      	ldr	r3, [r3, #16]
 8006174:	b123      	cbz	r3, 8006180 <USBD_GetDescriptor+0x134>
            pbuf = pdev->pDesc->GetSerialStrDescriptor(pdev->dev_speed, &len);
 8006176:	f10d 0106 	add.w	r1, sp, #6
 800617a:	7c00      	ldrb	r0, [r0, #16]
 800617c:	4798      	blx	r3
  if (err != 0U)
 800617e:	e780      	b.n	8006082 <USBD_GetDescriptor+0x36>
            USBD_CtlError(pdev, req);
 8006180:	f7ff ff5a 	bl	8006038 <USBD_CtlError>
  if (err != 0U)
 8006184:	e78f      	b.n	80060a6 <USBD_GetDescriptor+0x5a>
          if (pdev->pDesc->GetConfigurationStrDescriptor != NULL)
 8006186:	f8d0 32b4 	ldr.w	r3, [r0, #692]	@ 0x2b4
 800618a:	695b      	ldr	r3, [r3, #20]
 800618c:	b123      	cbz	r3, 8006198 <USBD_GetDescriptor+0x14c>
            pbuf = pdev->pDesc->GetConfigurationStrDescriptor(pdev->dev_speed, &len);
 800618e:	f10d 0106 	add.w	r1, sp, #6
 8006192:	7c00      	ldrb	r0, [r0, #16]
 8006194:	4798      	blx	r3
  if (err != 0U)
 8006196:	e774      	b.n	8006082 <USBD_GetDescriptor+0x36>
            USBD_CtlError(pdev, req);
 8006198:	f7ff ff4e 	bl	8006038 <USBD_CtlError>
  if (err != 0U)
 800619c:	e783      	b.n	80060a6 <USBD_GetDescriptor+0x5a>
            USBD_CtlError(pdev, req);
 800619e:	f7ff ff4b 	bl	8006038 <USBD_CtlError>
  if (err != 0U)
 80061a2:	e780      	b.n	80060a6 <USBD_GetDescriptor+0x5a>
          USBD_CtlError(pdev, req);
 80061a4:	4629      	mov	r1, r5
 80061a6:	4620      	mov	r0, r4
 80061a8:	f7ff ff46 	bl	8006038 <USBD_CtlError>
  if (err != 0U)
 80061ac:	e77b      	b.n	80060a6 <USBD_GetDescriptor+0x5a>
      if (pdev->dev_speed == USBD_SPEED_HIGH)
 80061ae:	7c03      	ldrb	r3, [r0, #16]
 80061b0:	b933      	cbnz	r3, 80061c0 <USBD_GetDescriptor+0x174>
          pbuf = (uint8_t *)pdev->pClass[0]->GetDeviceQualifierDescriptor(&len);
 80061b2:	f8d0 32b8 	ldr.w	r3, [r0, #696]	@ 0x2b8
 80061b6:	6b5b      	ldr	r3, [r3, #52]	@ 0x34
 80061b8:	f10d 0006 	add.w	r0, sp, #6
 80061bc:	4798      	blx	r3
  if (err != 0U)
 80061be:	e760      	b.n	8006082 <USBD_GetDescriptor+0x36>
        USBD_CtlError(pdev, req);
 80061c0:	f7ff ff3a 	bl	8006038 <USBD_CtlError>
  if (err != 0U)
 80061c4:	e76f      	b.n	80060a6 <USBD_GetDescriptor+0x5a>
      if (pdev->dev_speed == USBD_SPEED_HIGH)
 80061c6:	7c03      	ldrb	r3, [r0, #16]
 80061c8:	b943      	cbnz	r3, 80061dc <USBD_GetDescriptor+0x190>
          pbuf = (uint8_t *)pdev->pClass[0]->GetOtherSpeedConfigDescriptor(&len);
 80061ca:	f8d0 32b8 	ldr.w	r3, [r0, #696]	@ 0x2b8
 80061ce:	6b1b      	ldr	r3, [r3, #48]	@ 0x30
 80061d0:	f10d 0006 	add.w	r0, sp, #6
 80061d4:	4798      	blx	r3
        pbuf[1] = USB_DESC_TYPE_OTHER_SPEED_CONFIGURATION;
 80061d6:	2307      	movs	r3, #7
 80061d8:	7043      	strb	r3, [r0, #1]
  if (err != 0U)
 80061da:	e752      	b.n	8006082 <USBD_GetDescriptor+0x36>
        USBD_CtlError(pdev, req);
 80061dc:	f7ff ff2c 	bl	8006038 <USBD_CtlError>
  if (err != 0U)
 80061e0:	e761      	b.n	80060a6 <USBD_GetDescriptor+0x5a>
      USBD_CtlError(pdev, req);
 80061e2:	4629      	mov	r1, r5
 80061e4:	4620      	mov	r0, r4
 80061e6:	f7ff ff27 	bl	8006038 <USBD_CtlError>
    return;
 80061ea:	e75c      	b.n	80060a6 <USBD_GetDescriptor+0x5a>
      USBD_CtlError(pdev, req);
 80061ec:	4629      	mov	r1, r5
 80061ee:	4620      	mov	r0, r4
 80061f0:	f7ff ff22 	bl	8006038 <USBD_CtlError>
 80061f4:	e757      	b.n	80060a6 <USBD_GetDescriptor+0x5a>
    (void)USBD_CtlSendStatus(pdev);
 80061f6:	4620      	mov	r0, r4
 80061f8:	f000 fb89 	bl	800690e <USBD_CtlSendStatus>
 80061fc:	e753      	b.n	80060a6 <USBD_GetDescriptor+0x5a>

080061fe <USBD_SetAddress>:
{
 80061fe:	b538      	push	{r3, r4, r5, lr}
 8006200:	4604      	mov	r4, r0
  if ((req->wIndex == 0U) && (req->wLength == 0U) && (req->wValue < 128U))
 8006202:	888b      	ldrh	r3, [r1, #4]
 8006204:	bb03      	cbnz	r3, 8006248 <USBD_SetAddress+0x4a>
 8006206:	88cb      	ldrh	r3, [r1, #6]
 8006208:	b9f3      	cbnz	r3, 8006248 <USBD_SetAddress+0x4a>
 800620a:	884b      	ldrh	r3, [r1, #2]
 800620c:	2b7f      	cmp	r3, #127	@ 0x7f
 800620e:	d81b      	bhi.n	8006248 <USBD_SetAddress+0x4a>
    dev_addr = (uint8_t)(req->wValue) & 0x7FU;
 8006210:	f003 037f 	and.w	r3, r3, #127	@ 0x7f
 8006214:	461a      	mov	r2, r3
    if (pdev->dev_state == USBD_STATE_CONFIGURED)
 8006216:	f890 329c 	ldrb.w	r3, [r0, #668]	@ 0x29c
 800621a:	2b03      	cmp	r3, #3
 800621c:	d00d      	beq.n	800623a <USBD_SetAddress+0x3c>
      pdev->dev_address = dev_addr;
 800621e:	4615      	mov	r5, r2
 8006220:	f880 229e 	strb.w	r2, [r0, #670]	@ 0x29e
      (void)USBD_LL_SetUSBAddress(pdev, dev_addr);
 8006224:	4611      	mov	r1, r2
 8006226:	f7ff fcd2 	bl	8005bce <USBD_LL_SetUSBAddress>
      (void)USBD_CtlSendStatus(pdev);
 800622a:	4620      	mov	r0, r4
 800622c:	f000 fb6f 	bl	800690e <USBD_CtlSendStatus>
      if (dev_addr != 0U)
 8006230:	b135      	cbz	r5, 8006240 <USBD_SetAddress+0x42>
        pdev->dev_state = USBD_STATE_ADDRESSED;
 8006232:	2302      	movs	r3, #2
 8006234:	f884 329c 	strb.w	r3, [r4, #668]	@ 0x29c
 8006238:	e009      	b.n	800624e <USBD_SetAddress+0x50>
      USBD_CtlError(pdev, req);
 800623a:	f7ff fefd 	bl	8006038 <USBD_CtlError>
 800623e:	e006      	b.n	800624e <USBD_SetAddress+0x50>
        pdev->dev_state = USBD_STATE_DEFAULT;
 8006240:	2301      	movs	r3, #1
 8006242:	f884 329c 	strb.w	r3, [r4, #668]	@ 0x29c
 8006246:	e002      	b.n	800624e <USBD_SetAddress+0x50>
    USBD_CtlError(pdev, req);
 8006248:	4620      	mov	r0, r4
 800624a:	f7ff fef5 	bl	8006038 <USBD_CtlError>
}
 800624e:	bd38      	pop	{r3, r4, r5, pc}

08006250 <USBD_SetConfig>:
{
 8006250:	b570      	push	{r4, r5, r6, lr}
 8006252:	4604      	mov	r4, r0
 8006254:	460e      	mov	r6, r1
  cfgidx = (uint8_t)(req->wValue);
 8006256:	884b      	ldrh	r3, [r1, #2]
 8006258:	b2dd      	uxtb	r5, r3
 800625a:	4a32      	ldr	r2, [pc, #200]	@ (8006324 <USBD_SetConfig+0xd4>)
 800625c:	7015      	strb	r5, [r2, #0]
  if (cfgidx > USBD_MAX_NUM_CONFIGURATION)
 800625e:	2d01      	cmp	r5, #1
 8006260:	d811      	bhi.n	8006286 <USBD_SetConfig+0x36>
  switch (pdev->dev_state)
 8006262:	f890 229c 	ldrb.w	r2, [r0, #668]	@ 0x29c
 8006266:	b2d1      	uxtb	r1, r2
 8006268:	2a02      	cmp	r2, #2
 800626a:	d010      	beq.n	800628e <USBD_SetConfig+0x3e>
 800626c:	2903      	cmp	r1, #3
 800626e:	d028      	beq.n	80062c2 <USBD_SetConfig+0x72>
      USBD_CtlError(pdev, req);
 8006270:	4631      	mov	r1, r6
 8006272:	f7ff fee1 	bl	8006038 <USBD_CtlError>
      (void)USBD_ClrClassConfig(pdev, cfgidx);
 8006276:	4b2b      	ldr	r3, [pc, #172]	@ (8006324 <USBD_SetConfig+0xd4>)
 8006278:	7819      	ldrb	r1, [r3, #0]
 800627a:	4620      	mov	r0, r4
 800627c:	f7ff fd31 	bl	8005ce2 <USBD_ClrClassConfig>
      ret = USBD_FAIL;
 8006280:	2503      	movs	r5, #3
}
 8006282:	4628      	mov	r0, r5
 8006284:	bd70      	pop	{r4, r5, r6, pc}
    USBD_CtlError(pdev, req);
 8006286:	f7ff fed7 	bl	8006038 <USBD_CtlError>
    return USBD_FAIL;
 800628a:	2503      	movs	r5, #3
 800628c:	e7f9      	b.n	8006282 <USBD_SetConfig+0x32>
      if (cfgidx != 0U)
 800628e:	b1ad      	cbz	r5, 80062bc <USBD_SetConfig+0x6c>
        pdev->dev_config = cfgidx;
 8006290:	b2db      	uxtb	r3, r3
 8006292:	6043      	str	r3, [r0, #4]
        ret = USBD_SetClassConfig(pdev, cfgidx);
 8006294:	4629      	mov	r1, r5
 8006296:	f7ff fd1b 	bl	8005cd0 <USBD_SetClassConfig>
        if (ret != USBD_OK)
 800629a:	4605      	mov	r5, r0
 800629c:	b138      	cbz	r0, 80062ae <USBD_SetConfig+0x5e>
          USBD_CtlError(pdev, req);
 800629e:	4631      	mov	r1, r6
 80062a0:	4620      	mov	r0, r4
 80062a2:	f7ff fec9 	bl	8006038 <USBD_CtlError>
          pdev->dev_state = USBD_STATE_ADDRESSED;
 80062a6:	2302      	movs	r3, #2
 80062a8:	f884 329c 	strb.w	r3, [r4, #668]	@ 0x29c
 80062ac:	e7e9      	b.n	8006282 <USBD_SetConfig+0x32>
          (void)USBD_CtlSendStatus(pdev);
 80062ae:	4620      	mov	r0, r4
 80062b0:	f000 fb2d 	bl	800690e <USBD_CtlSendStatus>
          pdev->dev_state = USBD_STATE_CONFIGURED;
 80062b4:	2303      	movs	r3, #3
 80062b6:	f884 329c 	strb.w	r3, [r4, #668]	@ 0x29c
 80062ba:	e7e2      	b.n	8006282 <USBD_SetConfig+0x32>
        (void)USBD_CtlSendStatus(pdev);
 80062bc:	f000 fb27 	bl	800690e <USBD_CtlSendStatus>
 80062c0:	e7df      	b.n	8006282 <USBD_SetConfig+0x32>
      if (cfgidx == 0U)
 80062c2:	b1d5      	cbz	r5, 80062fa <USBD_SetConfig+0xaa>
      else if (cfgidx != pdev->dev_config)
 80062c4:	b2db      	uxtb	r3, r3
 80062c6:	6841      	ldr	r1, [r0, #4]
 80062c8:	428b      	cmp	r3, r1
 80062ca:	d026      	beq.n	800631a <USBD_SetConfig+0xca>
        (void)USBD_ClrClassConfig(pdev, (uint8_t)pdev->dev_config);
 80062cc:	b2c9      	uxtb	r1, r1
 80062ce:	f7ff fd08 	bl	8005ce2 <USBD_ClrClassConfig>
        pdev->dev_config = cfgidx;
 80062d2:	4b14      	ldr	r3, [pc, #80]	@ (8006324 <USBD_SetConfig+0xd4>)
 80062d4:	7819      	ldrb	r1, [r3, #0]
 80062d6:	6061      	str	r1, [r4, #4]
        ret = USBD_SetClassConfig(pdev, cfgidx);
 80062d8:	4620      	mov	r0, r4
 80062da:	f7ff fcf9 	bl	8005cd0 <USBD_SetClassConfig>
        if (ret != USBD_OK)
 80062de:	4605      	mov	r5, r0
 80062e0:	b1b8      	cbz	r0, 8006312 <USBD_SetConfig+0xc2>
          USBD_CtlError(pdev, req);
 80062e2:	4631      	mov	r1, r6
 80062e4:	4620      	mov	r0, r4
 80062e6:	f7ff fea7 	bl	8006038 <USBD_CtlError>
          (void)USBD_ClrClassConfig(pdev, (uint8_t)pdev->dev_config);
 80062ea:	7921      	ldrb	r1, [r4, #4]
 80062ec:	4620      	mov	r0, r4
 80062ee:	f7ff fcf8 	bl	8005ce2 <USBD_ClrClassConfig>
          pdev->dev_state = USBD_STATE_ADDRESSED;
 80062f2:	2302      	movs	r3, #2
 80062f4:	f884 329c 	strb.w	r3, [r4, #668]	@ 0x29c
 80062f8:	e7c3      	b.n	8006282 <USBD_SetConfig+0x32>
        pdev->dev_state = USBD_STATE_ADDRESSED;
 80062fa:	2202      	movs	r2, #2
 80062fc:	f880 229c 	strb.w	r2, [r0, #668]	@ 0x29c
        pdev->dev_config = cfgidx;
 8006300:	b2db      	uxtb	r3, r3
 8006302:	6043      	str	r3, [r0, #4]
        (void)USBD_ClrClassConfig(pdev, cfgidx);
 8006304:	4629      	mov	r1, r5
 8006306:	f7ff fcec 	bl	8005ce2 <USBD_ClrClassConfig>
        (void)USBD_CtlSendStatus(pdev);
 800630a:	4620      	mov	r0, r4
 800630c:	f000 faff 	bl	800690e <USBD_CtlSendStatus>
 8006310:	e7b7      	b.n	8006282 <USBD_SetConfig+0x32>
          (void)USBD_CtlSendStatus(pdev);
 8006312:	4620      	mov	r0, r4
 8006314:	f000 fafb 	bl	800690e <USBD_CtlSendStatus>
 8006318:	e7b3      	b.n	8006282 <USBD_SetConfig+0x32>
        (void)USBD_CtlSendStatus(pdev);
 800631a:	f000 faf8 	bl	800690e <USBD_CtlSendStatus>
  USBD_StatusTypeDef ret = USBD_OK;
 800631e:	2500      	movs	r5, #0
 8006320:	e7af      	b.n	8006282 <USBD_SetConfig+0x32>
 8006322:	bf00      	nop
 8006324:	20001cb4 	.word	0x20001cb4

08006328 <USBD_GetConfig>:
{
 8006328:	b508      	push	{r3, lr}
  if (req->wLength != 1U)
 800632a:	88cb      	ldrh	r3, [r1, #6]
 800632c:	2b01      	cmp	r3, #1
 800632e:	d10b      	bne.n	8006348 <USBD_GetConfig+0x20>
    switch (pdev->dev_state)
 8006330:	f890 329c 	ldrb.w	r3, [r0, #668]	@ 0x29c
 8006334:	b2da      	uxtb	r2, r3
 8006336:	2b02      	cmp	r3, #2
 8006338:	d909      	bls.n	800634e <USBD_GetConfig+0x26>
 800633a:	2a03      	cmp	r2, #3
 800633c:	d111      	bne.n	8006362 <USBD_GetConfig+0x3a>
        (void)USBD_CtlSendData(pdev, (uint8_t *)&pdev->dev_config, 1U);
 800633e:	2201      	movs	r2, #1
 8006340:	1d01      	adds	r1, r0, #4
 8006342:	f000 fab5 	bl	80068b0 <USBD_CtlSendData>
        break;
 8006346:	e001      	b.n	800634c <USBD_GetConfig+0x24>
    USBD_CtlError(pdev, req);
 8006348:	f7ff fe76 	bl	8006038 <USBD_CtlError>
}
 800634c:	bd08      	pop	{r3, pc}
    switch (pdev->dev_state)
 800634e:	b252      	sxtb	r2, r2
 8006350:	b13a      	cbz	r2, 8006362 <USBD_GetConfig+0x3a>
        pdev->dev_default_config = 0U;
 8006352:	4601      	mov	r1, r0
 8006354:	2300      	movs	r3, #0
 8006356:	f841 3f08 	str.w	r3, [r1, #8]!
        (void)USBD_CtlSendData(pdev, (uint8_t *)&pdev->dev_default_config, 1U);
 800635a:	2201      	movs	r2, #1
 800635c:	f000 faa8 	bl	80068b0 <USBD_CtlSendData>
        break;
 8006360:	e7f4      	b.n	800634c <USBD_GetConfig+0x24>
        USBD_CtlError(pdev, req);
 8006362:	f7ff fe69 	bl	8006038 <USBD_CtlError>
}
 8006366:	e7f1      	b.n	800634c <USBD_GetConfig+0x24>

08006368 <USBD_GetStatus>:
{
 8006368:	b508      	push	{r3, lr}
  switch (pdev->dev_state)
 800636a:	f890 329c 	ldrb.w	r3, [r0, #668]	@ 0x29c
 800636e:	3b01      	subs	r3, #1
 8006370:	2b02      	cmp	r3, #2
 8006372:	d812      	bhi.n	800639a <USBD_GetStatus+0x32>
      if (req->wLength != 0x2U)
 8006374:	88cb      	ldrh	r3, [r1, #6]
 8006376:	2b02      	cmp	r3, #2
 8006378:	d10c      	bne.n	8006394 <USBD_GetStatus+0x2c>
      pdev->dev_config_status = USB_CONFIG_SELF_POWERED;
 800637a:	2301      	movs	r3, #1
 800637c:	60c3      	str	r3, [r0, #12]
      if (pdev->dev_remote_wakeup != 0U)
 800637e:	f8d0 32a4 	ldr.w	r3, [r0, #676]	@ 0x2a4
 8006382:	b10b      	cbz	r3, 8006388 <USBD_GetStatus+0x20>
        pdev->dev_config_status |= USB_CONFIG_REMOTE_WAKEUP;
 8006384:	2303      	movs	r3, #3
 8006386:	60c3      	str	r3, [r0, #12]
      (void)USBD_CtlSendData(pdev, (uint8_t *)&pdev->dev_config_status, 2U);
 8006388:	2202      	movs	r2, #2
 800638a:	f100 010c 	add.w	r1, r0, #12
 800638e:	f000 fa8f 	bl	80068b0 <USBD_CtlSendData>
}
 8006392:	bd08      	pop	{r3, pc}
        USBD_CtlError(pdev, req);
 8006394:	f7ff fe50 	bl	8006038 <USBD_CtlError>
        break;
 8006398:	e7fb      	b.n	8006392 <USBD_GetStatus+0x2a>
      USBD_CtlError(pdev, req);
 800639a:	f7ff fe4d 	bl	8006038 <USBD_CtlError>
}
 800639e:	e7f8      	b.n	8006392 <USBD_GetStatus+0x2a>

080063a0 <USBD_SetFeature>:
{
 80063a0:	b508      	push	{r3, lr}
  if (req->wValue == USB_FEATURE_REMOTE_WAKEUP)
 80063a2:	884b      	ldrh	r3, [r1, #2]
 80063a4:	2b01      	cmp	r3, #1
 80063a6:	d004      	beq.n	80063b2 <USBD_SetFeature+0x12>
  else if (req->wValue == USB_FEATURE_TEST_MODE)
 80063a8:	2b02      	cmp	r3, #2
 80063aa:	d007      	beq.n	80063bc <USBD_SetFeature+0x1c>
    USBD_CtlError(pdev, req);
 80063ac:	f7ff fe44 	bl	8006038 <USBD_CtlError>
}
 80063b0:	bd08      	pop	{r3, pc}
    pdev->dev_remote_wakeup = 1U;
 80063b2:	f8c0 32a4 	str.w	r3, [r0, #676]	@ 0x2a4
    (void)USBD_CtlSendStatus(pdev);
 80063b6:	f000 faaa 	bl	800690e <USBD_CtlSendStatus>
 80063ba:	e7f9      	b.n	80063b0 <USBD_SetFeature+0x10>
    pdev->dev_test_mode = (uint8_t)(req->wIndex >> 8);
 80063bc:	888b      	ldrh	r3, [r1, #4]
 80063be:	0a1b      	lsrs	r3, r3, #8
 80063c0:	f880 32a0 	strb.w	r3, [r0, #672]	@ 0x2a0
    (void)USBD_CtlSendStatus(pdev);
 80063c4:	f000 faa3 	bl	800690e <USBD_CtlSendStatus>
 80063c8:	e7f2      	b.n	80063b0 <USBD_SetFeature+0x10>

080063ca <USBD_ClrFeature>:
{
 80063ca:	b508      	push	{r3, lr}
  switch (pdev->dev_state)
 80063cc:	f890 329c 	ldrb.w	r3, [r0, #668]	@ 0x29c
 80063d0:	3b01      	subs	r3, #1
 80063d2:	2b02      	cmp	r3, #2
 80063d4:	d809      	bhi.n	80063ea <USBD_ClrFeature+0x20>
      if (req->wValue == USB_FEATURE_REMOTE_WAKEUP)
 80063d6:	884b      	ldrh	r3, [r1, #2]
 80063d8:	2b01      	cmp	r3, #1
 80063da:	d000      	beq.n	80063de <USBD_ClrFeature+0x14>
}
 80063dc:	bd08      	pop	{r3, pc}
        pdev->dev_remote_wakeup = 0U;
 80063de:	2300      	movs	r3, #0
 80063e0:	f8c0 32a4 	str.w	r3, [r0, #676]	@ 0x2a4
        (void)USBD_CtlSendStatus(pdev);
 80063e4:	f000 fa93 	bl	800690e <USBD_CtlSendStatus>
 80063e8:	e7f8      	b.n	80063dc <USBD_ClrFeature+0x12>
      USBD_CtlError(pdev, req);
 80063ea:	f7ff fe25 	bl	8006038 <USBD_CtlError>
}
 80063ee:	e7f5      	b.n	80063dc <USBD_ClrFeature+0x12>

080063f0 <USBD_StdDevReq>:
{
 80063f0:	b538      	push	{r3, r4, r5, lr}
  switch (req->bmRequest & USB_REQ_TYPE_MASK)
 80063f2:	780c      	ldrb	r4, [r1, #0]
 80063f4:	f004 0460 	and.w	r4, r4, #96	@ 0x60
 80063f8:	2c20      	cmp	r4, #32
 80063fa:	d006      	beq.n	800640a <USBD_StdDevReq+0x1a>
 80063fc:	2c40      	cmp	r4, #64	@ 0x40
 80063fe:	d004      	beq.n	800640a <USBD_StdDevReq+0x1a>
 8006400:	b16c      	cbz	r4, 800641e <USBD_StdDevReq+0x2e>
      USBD_CtlError(pdev, req);
 8006402:	f7ff fe19 	bl	8006038 <USBD_CtlError>
  USBD_StatusTypeDef ret = USBD_OK;
 8006406:	2400      	movs	r4, #0
      break;
 8006408:	e007      	b.n	800641a <USBD_StdDevReq+0x2a>
      ret = (USBD_StatusTypeDef)pdev->pClass[pdev->classId]->Setup(pdev, req);
 800640a:	f8d0 32d4 	ldr.w	r3, [r0, #724]	@ 0x2d4
 800640e:	33ae      	adds	r3, #174	@ 0xae
 8006410:	f850 3023 	ldr.w	r3, [r0, r3, lsl #2]
 8006414:	689b      	ldr	r3, [r3, #8]
 8006416:	4798      	blx	r3
 8006418:	4604      	mov	r4, r0
}
 800641a:	4620      	mov	r0, r4
 800641c:	bd38      	pop	{r3, r4, r5, pc}
      switch (req->bRequest)
 800641e:	784b      	ldrb	r3, [r1, #1]
 8006420:	461d      	mov	r5, r3
 8006422:	2b05      	cmp	r3, #5
 8006424:	d012      	beq.n	800644c <USBD_StdDevReq+0x5c>
 8006426:	d808      	bhi.n	800643a <USBD_StdDevReq+0x4a>
 8006428:	2b01      	cmp	r3, #1
 800642a:	d01c      	beq.n	8006466 <USBD_StdDevReq+0x76>
 800642c:	2b03      	cmp	r3, #3
 800642e:	d017      	beq.n	8006460 <USBD_StdDevReq+0x70>
 8006430:	b9e3      	cbnz	r3, 800646c <USBD_StdDevReq+0x7c>
          USBD_GetStatus(pdev, req);
 8006432:	f7ff ff99 	bl	8006368 <USBD_GetStatus>
  USBD_StatusTypeDef ret = USBD_OK;
 8006436:	462c      	mov	r4, r5
          break;
 8006438:	e7ef      	b.n	800641a <USBD_StdDevReq+0x2a>
      switch (req->bRequest)
 800643a:	2b08      	cmp	r3, #8
 800643c:	d00d      	beq.n	800645a <USBD_StdDevReq+0x6a>
 800643e:	2b09      	cmp	r3, #9
 8006440:	d007      	beq.n	8006452 <USBD_StdDevReq+0x62>
 8006442:	2b06      	cmp	r3, #6
 8006444:	d112      	bne.n	800646c <USBD_StdDevReq+0x7c>
          USBD_GetDescriptor(pdev, req);
 8006446:	f7ff fe01 	bl	800604c <USBD_GetDescriptor>
          break;
 800644a:	e7e6      	b.n	800641a <USBD_StdDevReq+0x2a>
          USBD_SetAddress(pdev, req);
 800644c:	f7ff fed7 	bl	80061fe <USBD_SetAddress>
          break;
 8006450:	e7e3      	b.n	800641a <USBD_StdDevReq+0x2a>
          ret = USBD_SetConfig(pdev, req);
 8006452:	f7ff fefd 	bl	8006250 <USBD_SetConfig>
 8006456:	4604      	mov	r4, r0
          break;
 8006458:	e7df      	b.n	800641a <USBD_StdDevReq+0x2a>
          USBD_GetConfig(pdev, req);
 800645a:	f7ff ff65 	bl	8006328 <USBD_GetConfig>
          break;
 800645e:	e7dc      	b.n	800641a <USBD_StdDevReq+0x2a>
          USBD_SetFeature(pdev, req);
 8006460:	f7ff ff9e 	bl	80063a0 <USBD_SetFeature>
          break;
 8006464:	e7d9      	b.n	800641a <USBD_StdDevReq+0x2a>
          USBD_ClrFeature(pdev, req);
 8006466:	f7ff ffb0 	bl	80063ca <USBD_ClrFeature>
          break;
 800646a:	e7d6      	b.n	800641a <USBD_StdDevReq+0x2a>
          USBD_CtlError(pdev, req);
 800646c:	f7ff fde4 	bl	8006038 <USBD_CtlError>
          break;
 8006470:	e7d3      	b.n	800641a <USBD_StdDevReq+0x2a>

08006472 <USBD_StdItfReq>:
{
 8006472:	b570      	push	{r4, r5, r6, lr}
 8006474:	4605      	mov	r5, r0
 8006476:	460c      	mov	r4, r1
  switch (req->bmRequest & USB_REQ_TYPE_MASK)
 8006478:	780b      	ldrb	r3, [r1, #0]
 800647a:	f003 0360 	and.w	r3, r3, #96	@ 0x60
 800647e:	2b20      	cmp	r3, #32
 8006480:	d008      	beq.n	8006494 <USBD_StdItfReq+0x22>
 8006482:	2b40      	cmp	r3, #64	@ 0x40
 8006484:	d006      	beq.n	8006494 <USBD_StdItfReq+0x22>
 8006486:	b12b      	cbz	r3, 8006494 <USBD_StdItfReq+0x22>
      USBD_CtlError(pdev, req);
 8006488:	f7ff fdd6 	bl	8006038 <USBD_CtlError>
  USBD_StatusTypeDef ret = USBD_OK;
 800648c:	2300      	movs	r3, #0
 800648e:	461e      	mov	r6, r3
}
 8006490:	4630      	mov	r0, r6
 8006492:	bd70      	pop	{r4, r5, r6, pc}
      switch (pdev->dev_state)
 8006494:	f895 329c 	ldrb.w	r3, [r5, #668]	@ 0x29c
 8006498:	3b01      	subs	r3, #1
 800649a:	2b02      	cmp	r3, #2
 800649c:	d82a      	bhi.n	80064f4 <USBD_StdItfReq+0x82>
          if (LOBYTE(req->wIndex) <= USBD_MAX_NUM_INTERFACES)
 800649e:	7921      	ldrb	r1, [r4, #4]
 80064a0:	2901      	cmp	r1, #1
 80064a2:	d906      	bls.n	80064b2 <USBD_StdItfReq+0x40>
            USBD_CtlError(pdev, req);
 80064a4:	4621      	mov	r1, r4
 80064a6:	4628      	mov	r0, r5
 80064a8:	f7ff fdc6 	bl	8006038 <USBD_CtlError>
  USBD_StatusTypeDef ret = USBD_OK;
 80064ac:	2300      	movs	r3, #0
 80064ae:	461e      	mov	r6, r3
 80064b0:	e7ee      	b.n	8006490 <USBD_StdItfReq+0x1e>
            idx = USBD_CoreFindIF(pdev, LOBYTE(req->wIndex));
 80064b2:	4628      	mov	r0, r5
 80064b4:	f7ff fcab 	bl	8005e0e <USBD_CoreFindIF>
            if (((uint8_t)idx != 0xFFU) && (idx < USBD_MAX_SUPPORTED_CLASS))
 80064b8:	4603      	mov	r3, r0
 80064ba:	b968      	cbnz	r0, 80064d8 <USBD_StdItfReq+0x66>
              if (pdev->pClass[idx]->Setup != NULL)
 80064bc:	f100 02ae 	add.w	r2, r0, #174	@ 0xae
 80064c0:	4628      	mov	r0, r5
 80064c2:	f855 2022 	ldr.w	r2, [r5, r2, lsl #2]
 80064c6:	6891      	ldr	r1, [r2, #8]
 80064c8:	b189      	cbz	r1, 80064ee <USBD_StdItfReq+0x7c>
                pdev->classId = idx;
 80064ca:	f8c5 32d4 	str.w	r3, [r5, #724]	@ 0x2d4
                ret = (USBD_StatusTypeDef)(pdev->pClass[idx]->Setup(pdev, req));
 80064ce:	6893      	ldr	r3, [r2, #8]
 80064d0:	4621      	mov	r1, r4
 80064d2:	4798      	blx	r3
 80064d4:	4606      	mov	r6, r0
 80064d6:	e001      	b.n	80064dc <USBD_StdItfReq+0x6a>
              ret = USBD_FAIL;
 80064d8:	2303      	movs	r3, #3
 80064da:	461e      	mov	r6, r3
            if ((req->wLength == 0U) && (ret == USBD_OK))
 80064dc:	88e3      	ldrh	r3, [r4, #6]
 80064de:	2b00      	cmp	r3, #0
 80064e0:	d1d6      	bne.n	8006490 <USBD_StdItfReq+0x1e>
 80064e2:	2e00      	cmp	r6, #0
 80064e4:	d1d4      	bne.n	8006490 <USBD_StdItfReq+0x1e>
              (void)USBD_CtlSendStatus(pdev);
 80064e6:	4628      	mov	r0, r5
 80064e8:	f000 fa11 	bl	800690e <USBD_CtlSendStatus>
 80064ec:	e7d0      	b.n	8006490 <USBD_StdItfReq+0x1e>
                ret = USBD_FAIL;
 80064ee:	2303      	movs	r3, #3
 80064f0:	461e      	mov	r6, r3
 80064f2:	e7f3      	b.n	80064dc <USBD_StdItfReq+0x6a>
          USBD_CtlError(pdev, req);
 80064f4:	4621      	mov	r1, r4
 80064f6:	4628      	mov	r0, r5
 80064f8:	f7ff fd9e 	bl	8006038 <USBD_CtlError>
  USBD_StatusTypeDef ret = USBD_OK;
 80064fc:	2300      	movs	r3, #0
 80064fe:	461e      	mov	r6, r3
          break;
 8006500:	e7c6      	b.n	8006490 <USBD_StdItfReq+0x1e>

08006502 <USBD_StdEPReq>:
{
 8006502:	e92d 41f0 	stmdb	sp!, {r4, r5, r6, r7, r8, lr}
 8006506:	4606      	mov	r6, r0
 8006508:	460d      	mov	r5, r1
  ep_addr = LOBYTE(req->wIndex);
 800650a:	888b      	ldrh	r3, [r1, #4]
 800650c:	b2da      	uxtb	r2, r3
 800650e:	4617      	mov	r7, r2
  switch (req->bmRequest & USB_REQ_TYPE_MASK)
 8006510:	780c      	ldrb	r4, [r1, #0]
 8006512:	f004 0460 	and.w	r4, r4, #96	@ 0x60
 8006516:	2c20      	cmp	r4, #32
 8006518:	d008      	beq.n	800652c <USBD_StdEPReq+0x2a>
 800651a:	2c40      	cmp	r4, #64	@ 0x40
 800651c:	d006      	beq.n	800652c <USBD_StdEPReq+0x2a>
 800651e:	b1dc      	cbz	r4, 8006558 <USBD_StdEPReq+0x56>
      USBD_CtlError(pdev, req);
 8006520:	f7ff fd8a 	bl	8006038 <USBD_CtlError>
  USBD_StatusTypeDef ret = USBD_OK;
 8006524:	2400      	movs	r4, #0
}
 8006526:	4620      	mov	r0, r4
 8006528:	e8bd 81f0 	ldmia.w	sp!, {r4, r5, r6, r7, r8, pc}
      idx = USBD_CoreFindEP(pdev, ep_addr);
 800652c:	4639      	mov	r1, r7
 800652e:	4630      	mov	r0, r6
 8006530:	f7ff fc6f 	bl	8005e12 <USBD_CoreFindEP>
      if (((uint8_t)idx != 0xFFU) && (idx < USBD_MAX_SUPPORTED_CLASS))
 8006534:	4604      	mov	r4, r0
 8006536:	2800      	cmp	r0, #0
 8006538:	f040 80fb 	bne.w	8006732 <USBD_StdEPReq+0x230>
        pdev->classId = idx;
 800653c:	4630      	mov	r0, r6
 800653e:	f8c6 42d4 	str.w	r4, [r6, #724]	@ 0x2d4
        if (pdev->pClass[idx]->Setup != NULL)
 8006542:	f104 03ae 	add.w	r3, r4, #174	@ 0xae
 8006546:	f856 3023 	ldr.w	r3, [r6, r3, lsl #2]
 800654a:	689b      	ldr	r3, [r3, #8]
 800654c:	2b00      	cmp	r3, #0
 800654e:	d0ea      	beq.n	8006526 <USBD_StdEPReq+0x24>
          ret = (USBD_StatusTypeDef)pdev->pClass[idx]->Setup(pdev, req);
 8006550:	4629      	mov	r1, r5
 8006552:	4798      	blx	r3
 8006554:	4604      	mov	r4, r0
 8006556:	e7e6      	b.n	8006526 <USBD_StdEPReq+0x24>
      switch (req->bRequest)
 8006558:	784a      	ldrb	r2, [r1, #1]
 800655a:	4690      	mov	r8, r2
 800655c:	2a01      	cmp	r2, #1
 800655e:	d02f      	beq.n	80065c0 <USBD_StdEPReq+0xbe>
 8006560:	2a03      	cmp	r2, #3
 8006562:	d004      	beq.n	800656e <USBD_StdEPReq+0x6c>
 8006564:	2a00      	cmp	r2, #0
 8006566:	d069      	beq.n	800663c <USBD_StdEPReq+0x13a>
          USBD_CtlError(pdev, req);
 8006568:	f7ff fd66 	bl	8006038 <USBD_CtlError>
          break;
 800656c:	e7db      	b.n	8006526 <USBD_StdEPReq+0x24>
          switch (pdev->dev_state)
 800656e:	f890 329c 	ldrb.w	r3, [r0, #668]	@ 0x29c
 8006572:	b2da      	uxtb	r2, r3
 8006574:	2b02      	cmp	r3, #2
 8006576:	d004      	beq.n	8006582 <USBD_StdEPReq+0x80>
 8006578:	2a03      	cmp	r2, #3
 800657a:	d012      	beq.n	80065a2 <USBD_StdEPReq+0xa0>
              USBD_CtlError(pdev, req);
 800657c:	f7ff fd5c 	bl	8006038 <USBD_CtlError>
              break;
 8006580:	e7d1      	b.n	8006526 <USBD_StdEPReq+0x24>
              if ((ep_addr != 0x00U) && (ep_addr != 0x80U))
 8006582:	4639      	mov	r1, r7
 8006584:	b10f      	cbz	r7, 800658a <USBD_StdEPReq+0x88>
 8006586:	2f80      	cmp	r7, #128	@ 0x80
 8006588:	d104      	bne.n	8006594 <USBD_StdEPReq+0x92>
                USBD_CtlError(pdev, req);
 800658a:	4629      	mov	r1, r5
 800658c:	4630      	mov	r0, r6
 800658e:	f7ff fd53 	bl	8006038 <USBD_CtlError>
 8006592:	e7c8      	b.n	8006526 <USBD_StdEPReq+0x24>
                (void)USBD_LL_StallEP(pdev, ep_addr);
 8006594:	f7ff faf5 	bl	8005b82 <USBD_LL_StallEP>
                (void)USBD_LL_StallEP(pdev, 0x80U);
 8006598:	2180      	movs	r1, #128	@ 0x80
 800659a:	4630      	mov	r0, r6
 800659c:	f7ff faf1 	bl	8005b82 <USBD_LL_StallEP>
 80065a0:	e7c1      	b.n	8006526 <USBD_StdEPReq+0x24>
              if (req->wValue == USB_FEATURE_EP_HALT)
 80065a2:	884b      	ldrh	r3, [r1, #2]
 80065a4:	b923      	cbnz	r3, 80065b0 <USBD_StdEPReq+0xae>
                if ((ep_addr != 0x00U) && (ep_addr != 0x80U) && (req->wLength == 0x00U))
 80065a6:	b11f      	cbz	r7, 80065b0 <USBD_StdEPReq+0xae>
 80065a8:	2f80      	cmp	r7, #128	@ 0x80
 80065aa:	d001      	beq.n	80065b0 <USBD_StdEPReq+0xae>
 80065ac:	88cb      	ldrh	r3, [r1, #6]
 80065ae:	b11b      	cbz	r3, 80065b8 <USBD_StdEPReq+0xb6>
              (void)USBD_CtlSendStatus(pdev);
 80065b0:	4630      	mov	r0, r6
 80065b2:	f000 f9ac 	bl	800690e <USBD_CtlSendStatus>
              break;
 80065b6:	e7b6      	b.n	8006526 <USBD_StdEPReq+0x24>
                  (void)USBD_LL_StallEP(pdev, ep_addr);
 80065b8:	4639      	mov	r1, r7
 80065ba:	f7ff fae2 	bl	8005b82 <USBD_LL_StallEP>
 80065be:	e7f7      	b.n	80065b0 <USBD_StdEPReq+0xae>
          switch (pdev->dev_state)
 80065c0:	f890 229c 	ldrb.w	r2, [r0, #668]	@ 0x29c
 80065c4:	b2d1      	uxtb	r1, r2
 80065c6:	2a02      	cmp	r2, #2
 80065c8:	d005      	beq.n	80065d6 <USBD_StdEPReq+0xd4>
 80065ca:	2903      	cmp	r1, #3
 80065cc:	d013      	beq.n	80065f6 <USBD_StdEPReq+0xf4>
              USBD_CtlError(pdev, req);
 80065ce:	4629      	mov	r1, r5
 80065d0:	f7ff fd32 	bl	8006038 <USBD_CtlError>
              break;
 80065d4:	e7a7      	b.n	8006526 <USBD_StdEPReq+0x24>
              if ((ep_addr != 0x00U) && (ep_addr != 0x80U))
 80065d6:	4639      	mov	r1, r7
 80065d8:	b10f      	cbz	r7, 80065de <USBD_StdEPReq+0xdc>
 80065da:	2f80      	cmp	r7, #128	@ 0x80
 80065dc:	d104      	bne.n	80065e8 <USBD_StdEPReq+0xe6>
                USBD_CtlError(pdev, req);
 80065de:	4629      	mov	r1, r5
 80065e0:	4630      	mov	r0, r6
 80065e2:	f7ff fd29 	bl	8006038 <USBD_CtlError>
 80065e6:	e79e      	b.n	8006526 <USBD_StdEPReq+0x24>
                (void)USBD_LL_StallEP(pdev, ep_addr);
 80065e8:	f7ff facb 	bl	8005b82 <USBD_LL_StallEP>
                (void)USBD_LL_StallEP(pdev, 0x80U);
 80065ec:	2180      	movs	r1, #128	@ 0x80
 80065ee:	4630      	mov	r0, r6
 80065f0:	f7ff fac7 	bl	8005b82 <USBD_LL_StallEP>
 80065f4:	e797      	b.n	8006526 <USBD_StdEPReq+0x24>
              if (req->wValue == USB_FEATURE_EP_HALT)
 80065f6:	886a      	ldrh	r2, [r5, #2]
 80065f8:	2a00      	cmp	r2, #0
 80065fa:	d194      	bne.n	8006526 <USBD_StdEPReq+0x24>
                if ((ep_addr & 0x7FU) != 0x00U)
 80065fc:	f013 0f7f 	tst.w	r3, #127	@ 0x7f
 8006600:	d118      	bne.n	8006634 <USBD_StdEPReq+0x132>
                (void)USBD_CtlSendStatus(pdev);
 8006602:	4630      	mov	r0, r6
 8006604:	f000 f983 	bl	800690e <USBD_CtlSendStatus>
                idx = USBD_CoreFindEP(pdev, ep_addr);
 8006608:	4639      	mov	r1, r7
 800660a:	4630      	mov	r0, r6
 800660c:	f7ff fc01 	bl	8005e12 <USBD_CoreFindEP>
                if (((uint8_t)idx != 0xFFU) && (idx < USBD_MAX_SUPPORTED_CLASS))
 8006610:	4603      	mov	r3, r0
 8006612:	2800      	cmp	r0, #0
 8006614:	d187      	bne.n	8006526 <USBD_StdEPReq+0x24>
                  pdev->classId = idx;
 8006616:	4630      	mov	r0, r6
 8006618:	f8c6 32d4 	str.w	r3, [r6, #724]	@ 0x2d4
                  if (pdev->pClass[idx]->Setup != NULL)
 800661c:	f103 02ae 	add.w	r2, r3, #174	@ 0xae
 8006620:	f856 2022 	ldr.w	r2, [r6, r2, lsl #2]
 8006624:	6892      	ldr	r2, [r2, #8]
 8006626:	2a00      	cmp	r2, #0
 8006628:	f000 8085 	beq.w	8006736 <USBD_StdEPReq+0x234>
                    ret = (USBD_StatusTypeDef)(pdev->pClass[idx]->Setup(pdev, req));
 800662c:	4629      	mov	r1, r5
 800662e:	4790      	blx	r2
 8006630:	4604      	mov	r4, r0
 8006632:	e778      	b.n	8006526 <USBD_StdEPReq+0x24>
                  (void)USBD_LL_ClearStallEP(pdev, ep_addr);
 8006634:	4639      	mov	r1, r7
 8006636:	f7ff faac 	bl	8005b92 <USBD_LL_ClearStallEP>
 800663a:	e7e2      	b.n	8006602 <USBD_StdEPReq+0x100>
          switch (pdev->dev_state)
 800663c:	f890 229c 	ldrb.w	r2, [r0, #668]	@ 0x29c
 8006640:	b2d1      	uxtb	r1, r2
 8006642:	2a02      	cmp	r2, #2
 8006644:	d006      	beq.n	8006654 <USBD_StdEPReq+0x152>
 8006646:	2903      	cmp	r1, #3
 8006648:	d02a      	beq.n	80066a0 <USBD_StdEPReq+0x19e>
              USBD_CtlError(pdev, req);
 800664a:	4629      	mov	r1, r5
 800664c:	f7ff fcf4 	bl	8006038 <USBD_CtlError>
  USBD_StatusTypeDef ret = USBD_OK;
 8006650:	4644      	mov	r4, r8
              break;
 8006652:	e768      	b.n	8006526 <USBD_StdEPReq+0x24>
              if ((ep_addr != 0x00U) && (ep_addr != 0x80U))
 8006654:	b10f      	cbz	r7, 800665a <USBD_StdEPReq+0x158>
 8006656:	2f80      	cmp	r7, #128	@ 0x80
 8006658:	d114      	bne.n	8006684 <USBD_StdEPReq+0x182>
              pep = ((ep_addr & 0x80U) == 0x80U) ? &pdev->ep_in[ep_addr & 0x7FU] : \
 800665a:	f013 0f80 	tst.w	r3, #128	@ 0x80
 800665e:	d116      	bne.n	800668e <USBD_StdEPReq+0x18c>
                    &pdev->ep_out[ep_addr & 0x7FU];
 8006660:	f003 037f 	and.w	r3, r3, #127	@ 0x7f
              pep = ((ep_addr & 0x80U) == 0x80U) ? &pdev->ep_in[ep_addr & 0x7FU] : \
 8006664:	eb03 0383 	add.w	r3, r3, r3, lsl #2
 8006668:	0099      	lsls	r1, r3, #2
 800666a:	f501 71a8 	add.w	r1, r1, #336	@ 0x150
 800666e:	4431      	add	r1, r6
 8006670:	3104      	adds	r1, #4
              pep->status = 0x0000U;
 8006672:	2300      	movs	r3, #0
 8006674:	f801 3f0e 	strb.w	r3, [r1, #14]!
              (void)USBD_CtlSendData(pdev, (uint8_t *)&pep->status, 2U);
 8006678:	2202      	movs	r2, #2
 800667a:	4630      	mov	r0, r6
 800667c:	f000 f918 	bl	80068b0 <USBD_CtlSendData>
  USBD_StatusTypeDef ret = USBD_OK;
 8006680:	4644      	mov	r4, r8
              break;
 8006682:	e750      	b.n	8006526 <USBD_StdEPReq+0x24>
                USBD_CtlError(pdev, req);
 8006684:	4629      	mov	r1, r5
 8006686:	f7ff fcd7 	bl	8006038 <USBD_CtlError>
  USBD_StatusTypeDef ret = USBD_OK;
 800668a:	4644      	mov	r4, r8
                break;
 800668c:	e74b      	b.n	8006526 <USBD_StdEPReq+0x24>
              pep = ((ep_addr & 0x80U) == 0x80U) ? &pdev->ep_in[ep_addr & 0x7FU] : \
 800668e:	f003 037f 	and.w	r3, r3, #127	@ 0x7f
 8006692:	eb03 0383 	add.w	r3, r3, r3, lsl #2
 8006696:	0099      	lsls	r1, r3, #2
 8006698:	3110      	adds	r1, #16
 800669a:	4431      	add	r1, r6
 800669c:	3104      	adds	r1, #4
 800669e:	e7e8      	b.n	8006672 <USBD_StdEPReq+0x170>
              if ((ep_addr & 0x80U) == 0x80U)
 80066a0:	b259      	sxtb	r1, r3
 80066a2:	2900      	cmp	r1, #0
 80066a4:	db20      	blt.n	80066e8 <USBD_StdEPReq+0x1e6>
                if (pdev->ep_out[ep_addr & 0xFU].is_used == 0U)
 80066a6:	f003 020f 	and.w	r2, r3, #15
 80066aa:	eb02 0282 	add.w	r2, r2, r2, lsl #2
 80066ae:	eb00 0282 	add.w	r2, r0, r2, lsl #2
 80066b2:	f892 4163 	ldrb.w	r4, [r2, #355]	@ 0x163
 80066b6:	b32c      	cbz	r4, 8006704 <USBD_StdEPReq+0x202>
              pep = ((ep_addr & 0x80U) == 0x80U) ? &pdev->ep_in[ep_addr & 0x7FU] : \
 80066b8:	2900      	cmp	r1, #0
 80066ba:	db27      	blt.n	800670c <USBD_StdEPReq+0x20a>
                    &pdev->ep_out[ep_addr & 0x7FU];
 80066bc:	f003 037f 	and.w	r3, r3, #127	@ 0x7f
              pep = ((ep_addr & 0x80U) == 0x80U) ? &pdev->ep_in[ep_addr & 0x7FU] : \
 80066c0:	eb03 0383 	add.w	r3, r3, r3, lsl #2
 80066c4:	009c      	lsls	r4, r3, #2
 80066c6:	f504 74a8 	add.w	r4, r4, #336	@ 0x150
 80066ca:	4434      	add	r4, r6
 80066cc:	3404      	adds	r4, #4
              if ((ep_addr == 0x00U) || (ep_addr == 0x80U))
 80066ce:	b10f      	cbz	r7, 80066d4 <USBD_StdEPReq+0x1d2>
 80066d0:	2f80      	cmp	r7, #128	@ 0x80
 80066d2:	d124      	bne.n	800671e <USBD_StdEPReq+0x21c>
                pep->status = 0x0000U;
 80066d4:	2300      	movs	r3, #0
 80066d6:	73a3      	strb	r3, [r4, #14]
              (void)USBD_CtlSendData(pdev, (uint8_t *)&pep->status, 2U);
 80066d8:	2202      	movs	r2, #2
 80066da:	f104 010e 	add.w	r1, r4, #14
 80066de:	4630      	mov	r0, r6
 80066e0:	f000 f8e6 	bl	80068b0 <USBD_CtlSendData>
  USBD_StatusTypeDef ret = USBD_OK;
 80066e4:	4644      	mov	r4, r8
              break;
 80066e6:	e71e      	b.n	8006526 <USBD_StdEPReq+0x24>
                if (pdev->ep_in[ep_addr & 0xFU].is_used == 0U)
 80066e8:	f003 020f 	and.w	r2, r3, #15
 80066ec:	eb02 0282 	add.w	r2, r2, r2, lsl #2
 80066f0:	eb00 0282 	add.w	r2, r0, r2, lsl #2
 80066f4:	f892 4023 	ldrb.w	r4, [r2, #35]	@ 0x23
 80066f8:	2c00      	cmp	r4, #0
 80066fa:	d1dd      	bne.n	80066b8 <USBD_StdEPReq+0x1b6>
                  USBD_CtlError(pdev, req);
 80066fc:	4629      	mov	r1, r5
 80066fe:	f7ff fc9b 	bl	8006038 <USBD_CtlError>
                  break;
 8006702:	e710      	b.n	8006526 <USBD_StdEPReq+0x24>
                  USBD_CtlError(pdev, req);
 8006704:	4629      	mov	r1, r5
 8006706:	f7ff fc97 	bl	8006038 <USBD_CtlError>
                  break;
 800670a:	e70c      	b.n	8006526 <USBD_StdEPReq+0x24>
              pep = ((ep_addr & 0x80U) == 0x80U) ? &pdev->ep_in[ep_addr & 0x7FU] : \
 800670c:	f003 037f 	and.w	r3, r3, #127	@ 0x7f
 8006710:	eb03 0383 	add.w	r3, r3, r3, lsl #2
 8006714:	009c      	lsls	r4, r3, #2
 8006716:	3410      	adds	r4, #16
 8006718:	4434      	add	r4, r6
 800671a:	3404      	adds	r4, #4
 800671c:	e7d7      	b.n	80066ce <USBD_StdEPReq+0x1cc>
              else if (USBD_LL_IsStallEP(pdev, ep_addr) != 0U)
 800671e:	4639      	mov	r1, r7
 8006720:	4630      	mov	r0, r6
 8006722:	f7ff fa3e 	bl	8005ba2 <USBD_LL_IsStallEP>
 8006726:	b110      	cbz	r0, 800672e <USBD_StdEPReq+0x22c>
                pep->status = 0x0001U;
 8006728:	2301      	movs	r3, #1
 800672a:	73a3      	strb	r3, [r4, #14]
 800672c:	e7d4      	b.n	80066d8 <USBD_StdEPReq+0x1d6>
                pep->status = 0x0000U;
 800672e:	73a0      	strb	r0, [r4, #14]
 8006730:	e7d2      	b.n	80066d8 <USBD_StdEPReq+0x1d6>
  USBD_StatusTypeDef ret = USBD_OK;
 8006732:	2400      	movs	r4, #0
 8006734:	e6f7      	b.n	8006526 <USBD_StdEPReq+0x24>
 8006736:	461c      	mov	r4, r3
 8006738:	e6f5      	b.n	8006526 <USBD_StdEPReq+0x24>

0800673a <USBD_GetString>:
  if (desc == NULL)
 800673a:	b300      	cbz	r0, 800677e <USBD_GetString+0x44>
{
 800673c:	b570      	push	{r4, r5, r6, lr}
 800673e:	460d      	mov	r5, r1
 8006740:	4616      	mov	r6, r2
 8006742:	4604      	mov	r4, r0
  *len = MIN(USBD_MAX_STR_DESC_SIZ, ((uint16_t)USBD_GetLen(pdesc) * 2U) + 2U);
 8006744:	f7ff fc5a 	bl	8005ffc <USBD_GetLen>
 8006748:	3001      	adds	r0, #1
 800674a:	0043      	lsls	r3, r0, #1
 800674c:	f5b3 7f00 	cmp.w	r3, #512	@ 0x200
 8006750:	d806      	bhi.n	8006760 <USBD_GetString+0x26>
 8006752:	b29b      	uxth	r3, r3
 8006754:	8033      	strh	r3, [r6, #0]
  unicode[idx] = *(uint8_t *)len;
 8006756:	702b      	strb	r3, [r5, #0]
  unicode[idx] = USB_DESC_TYPE_STRING;
 8006758:	2303      	movs	r3, #3
 800675a:	706b      	strb	r3, [r5, #1]
  idx++;
 800675c:	2302      	movs	r3, #2
  while (*pdesc != (uint8_t)'\0')
 800675e:	e00a      	b.n	8006776 <USBD_GetString+0x3c>
  *len = MIN(USBD_MAX_STR_DESC_SIZ, ((uint16_t)USBD_GetLen(pdesc) * 2U) + 2U);
 8006760:	f44f 7300 	mov.w	r3, #512	@ 0x200
 8006764:	e7f6      	b.n	8006754 <USBD_GetString+0x1a>
    unicode[idx] = *pdesc;
 8006766:	54ea      	strb	r2, [r5, r3]
    pdesc++;
 8006768:	3401      	adds	r4, #1
    idx++;
 800676a:	1c5a      	adds	r2, r3, #1
 800676c:	b2d2      	uxtb	r2, r2
    unicode[idx] = 0U;
 800676e:	2100      	movs	r1, #0
 8006770:	54a9      	strb	r1, [r5, r2]
    idx++;
 8006772:	3302      	adds	r3, #2
 8006774:	b2db      	uxtb	r3, r3
  while (*pdesc != (uint8_t)'\0')
 8006776:	7822      	ldrb	r2, [r4, #0]
 8006778:	2a00      	cmp	r2, #0
 800677a:	d1f4      	bne.n	8006766 <USBD_GetString+0x2c>
}
 800677c:	bd70      	pop	{r4, r5, r6, pc}
 800677e:	4770      	bx	lr

08006780 <USBD_CDC_DeviceDescriptor>:
  * @retval Pointer to descriptor buffer
  */
uint8_t * USBD_CDC_DeviceDescriptor(USBD_SpeedTypeDef speed, uint16_t *length)
{
  UNUSED(speed);
  *length = sizeof(USBD_CDC_DeviceDesc);
 8006780:	2312      	movs	r3, #18
 8006782:	800b      	strh	r3, [r1, #0]
  return USBD_CDC_DeviceDesc;
}
 8006784:	4800      	ldr	r0, [pc, #0]	@ (8006788 <USBD_CDC_DeviceDescriptor+0x8>)
 8006786:	4770      	bx	lr
 8006788:	200000d0 	.word	0x200000d0

0800678c <USBD_CDC_LangIDStrDescriptor>:
  * @retval Pointer to descriptor buffer
  */
uint8_t * USBD_CDC_LangIDStrDescriptor(USBD_SpeedTypeDef speed, uint16_t *length)
{
  UNUSED(speed);
  *length = sizeof(USBD_LangIDDesc);
 800678c:	2304      	movs	r3, #4
 800678e:	800b      	strh	r3, [r1, #0]
  return USBD_LangIDDesc;
}
 8006790:	4800      	ldr	r0, [pc, #0]	@ (8006794 <USBD_CDC_LangIDStrDescriptor+0x8>)
 8006792:	4770      	bx	lr
 8006794:	200000cc 	.word	0x200000cc

08006798 <IntToUnicode>:
  */
static void IntToUnicode(uint32_t value, uint8_t * pbuf, uint8_t len)
{
  uint8_t idx = 0;

  for (idx = 0; idx < len; idx++)
 8006798:	2300      	movs	r3, #0
 800679a:	4293      	cmp	r3, r2
 800679c:	d21d      	bcs.n	80067da <IntToUnicode+0x42>
{
 800679e:	b500      	push	{lr}
 80067a0:	e010      	b.n	80067c4 <IntToUnicode+0x2c>
    {
      pbuf[2 * idx] = (value >> 28) + '0';
    }
    else
    {
      pbuf[2 * idx] = (value >> 28) + 'A' - 10;
 80067a2:	f10c 0c37 	add.w	ip, ip, #55	@ 0x37
 80067a6:	f801 c013 	strb.w	ip, [r1, r3, lsl #1]
    }

    value = value << 4;
 80067aa:	0100      	lsls	r0, r0, #4

    pbuf[2 * idx + 1] = 0;
 80067ac:	ea4f 0c43 	mov.w	ip, r3, lsl #1
 80067b0:	f10c 0c01 	add.w	ip, ip, #1
 80067b4:	f04f 0e00 	mov.w	lr, #0
 80067b8:	f801 e00c 	strb.w	lr, [r1, ip]
  for (idx = 0; idx < len; idx++)
 80067bc:	3301      	adds	r3, #1
 80067be:	b2db      	uxtb	r3, r3
 80067c0:	4293      	cmp	r3, r2
 80067c2:	d209      	bcs.n	80067d8 <IntToUnicode+0x40>
    if (((value >> 28)) < 0xA)
 80067c4:	ea4f 7c10 	mov.w	ip, r0, lsr #28
 80067c8:	f1b0 4f20 	cmp.w	r0, #2684354560	@ 0xa0000000
 80067cc:	d2e9      	bcs.n	80067a2 <IntToUnicode+0xa>
      pbuf[2 * idx] = (value >> 28) + '0';
 80067ce:	f10c 0c30 	add.w	ip, ip, #48	@ 0x30
 80067d2:	f801 c013 	strb.w	ip, [r1, r3, lsl #1]
 80067d6:	e7e8      	b.n	80067aa <IntToUnicode+0x12>
  }
}
 80067d8:	bd00      	pop	{pc}
 80067da:	4770      	bx	lr

080067dc <Get_SerialNum>:
  deviceserial0 = *(uint32_t *) DEVICE_ID1;
 80067dc:	4b0b      	ldr	r3, [pc, #44]	@ (800680c <Get_SerialNum+0x30>)
 80067de:	f8d3 0590 	ldr.w	r0, [r3, #1424]	@ 0x590
  deviceserial1 = *(uint32_t *) DEVICE_ID2;
 80067e2:	f8d3 2594 	ldr.w	r2, [r3, #1428]	@ 0x594
  deviceserial2 = *(uint32_t *) DEVICE_ID3;
 80067e6:	f8d3 3598 	ldr.w	r3, [r3, #1432]	@ 0x598
  if (deviceserial0 != 0)
 80067ea:	18c0      	adds	r0, r0, r3
 80067ec:	d100      	bne.n	80067f0 <Get_SerialNum+0x14>
 80067ee:	4770      	bx	lr
{
 80067f0:	b510      	push	{r4, lr}
 80067f2:	4614      	mov	r4, r2
    IntToUnicode(deviceserial0, &USBD_StringSerial[2], 8);
 80067f4:	2208      	movs	r2, #8
 80067f6:	4906      	ldr	r1, [pc, #24]	@ (8006810 <Get_SerialNum+0x34>)
 80067f8:	f7ff ffce 	bl	8006798 <IntToUnicode>
    IntToUnicode(deviceserial1, &USBD_StringSerial[18], 4);
 80067fc:	2204      	movs	r2, #4
 80067fe:	4b04      	ldr	r3, [pc, #16]	@ (8006810 <Get_SerialNum+0x34>)
 8006800:	f103 0110 	add.w	r1, r3, #16
 8006804:	4620      	mov	r0, r4
 8006806:	f7ff ffc7 	bl	8006798 <IntToUnicode>
}
 800680a:	bd10      	pop	{r4, pc}
 800680c:	1fff7000 	.word	0x1fff7000
 8006810:	200000b2 	.word	0x200000b2

08006814 <USBD_CDC_SerialStrDescriptor>:
{
 8006814:	b508      	push	{r3, lr}
  *length = USB_SIZ_STRING_SERIAL;
 8006816:	231a      	movs	r3, #26
 8006818:	800b      	strh	r3, [r1, #0]
  Get_SerialNum();
 800681a:	f7ff ffdf 	bl	80067dc <Get_SerialNum>
}
 800681e:	4801      	ldr	r0, [pc, #4]	@ (8006824 <USBD_CDC_SerialStrDescriptor+0x10>)
 8006820:	bd08      	pop	{r3, pc}
 8006822:	bf00      	nop
 8006824:	200000b0 	.word	0x200000b0

08006828 <USBD_CDC_ProductStrDescriptor>:
{
 8006828:	b508      	push	{r3, lr}
 800682a:	460a      	mov	r2, r1
  if(speed == 0)
 800682c:	b928      	cbnz	r0, 800683a <USBD_CDC_ProductStrDescriptor+0x12>
    USBD_GetString((uint8_t *)USBD_PRODUCT_STRING, USBD_StrDesc, length);
 800682e:	4905      	ldr	r1, [pc, #20]	@ (8006844 <USBD_CDC_ProductStrDescriptor+0x1c>)
 8006830:	4805      	ldr	r0, [pc, #20]	@ (8006848 <USBD_CDC_ProductStrDescriptor+0x20>)
 8006832:	f7ff ff82 	bl	800673a <USBD_GetString>
}
 8006836:	4803      	ldr	r0, [pc, #12]	@ (8006844 <USBD_CDC_ProductStrDescriptor+0x1c>)
 8006838:	bd08      	pop	{r3, pc}
    USBD_GetString((uint8_t *)USBD_PRODUCT_STRING, USBD_StrDesc, length);
 800683a:	4902      	ldr	r1, [pc, #8]	@ (8006844 <USBD_CDC_ProductStrDescriptor+0x1c>)
 800683c:	4802      	ldr	r0, [pc, #8]	@ (8006848 <USBD_CDC_ProductStrDescriptor+0x20>)
 800683e:	f7ff ff7c 	bl	800673a <USBD_GetString>
 8006842:	e7f8      	b.n	8006836 <USBD_CDC_ProductStrDescriptor+0xe>
 8006844:	20001cb8 	.word	0x20001cb8
 8006848:	08009720 	.word	0x08009720

0800684c <USBD_CDC_ManufacturerStrDescriptor>:
{
 800684c:	b510      	push	{r4, lr}
 800684e:	460a      	mov	r2, r1
  USBD_GetString((uint8_t *)USBD_MANUFACTURER_STRING, USBD_StrDesc, length);
 8006850:	4c03      	ldr	r4, [pc, #12]	@ (8006860 <USBD_CDC_ManufacturerStrDescriptor+0x14>)
 8006852:	4621      	mov	r1, r4
 8006854:	4803      	ldr	r0, [pc, #12]	@ (8006864 <USBD_CDC_ManufacturerStrDescriptor+0x18>)
 8006856:	f7ff ff70 	bl	800673a <USBD_GetString>
}
 800685a:	4620      	mov	r0, r4
 800685c:	bd10      	pop	{r4, pc}
 800685e:	bf00      	nop
 8006860:	20001cb8 	.word	0x20001cb8
 8006864:	08009738 	.word	0x08009738

08006868 <USBD_CDC_ConfigStrDescriptor>:
{
 8006868:	b508      	push	{r3, lr}
 800686a:	460a      	mov	r2, r1
  if(speed == USBD_SPEED_HIGH)
 800686c:	b928      	cbnz	r0, 800687a <USBD_CDC_ConfigStrDescriptor+0x12>
    USBD_GetString((uint8_t *)USBD_CONFIGURATION_STRING, USBD_StrDesc, length);
 800686e:	4905      	ldr	r1, [pc, #20]	@ (8006884 <USBD_CDC_ConfigStrDescriptor+0x1c>)
 8006870:	4805      	ldr	r0, [pc, #20]	@ (8006888 <USBD_CDC_ConfigStrDescriptor+0x20>)
 8006872:	f7ff ff62 	bl	800673a <USBD_GetString>
}
 8006876:	4803      	ldr	r0, [pc, #12]	@ (8006884 <USBD_CDC_ConfigStrDescriptor+0x1c>)
 8006878:	bd08      	pop	{r3, pc}
    USBD_GetString((uint8_t *)USBD_CONFIGURATION_STRING, USBD_StrDesc, length);
 800687a:	4902      	ldr	r1, [pc, #8]	@ (8006884 <USBD_CDC_ConfigStrDescriptor+0x1c>)
 800687c:	4802      	ldr	r0, [pc, #8]	@ (8006888 <USBD_CDC_ConfigStrDescriptor+0x20>)
 800687e:	f7ff ff5c 	bl	800673a <USBD_GetString>
 8006882:	e7f8      	b.n	8006876 <USBD_CDC_ConfigStrDescriptor+0xe>
 8006884:	20001cb8 	.word	0x20001cb8
 8006888:	0800974c 	.word	0x0800974c

0800688c <USBD_CDC_InterfaceStrDescriptor>:
{
 800688c:	b508      	push	{r3, lr}
 800688e:	460a      	mov	r2, r1
  if(speed == 0)
 8006890:	b928      	cbnz	r0, 800689e <USBD_CDC_InterfaceStrDescriptor+0x12>
    USBD_GetString((uint8_t *)USBD_INTERFACE_STRING, USBD_StrDesc, length);
 8006892:	4905      	ldr	r1, [pc, #20]	@ (80068a8 <USBD_CDC_InterfaceStrDescriptor+0x1c>)
 8006894:	4805      	ldr	r0, [pc, #20]	@ (80068ac <USBD_CDC_InterfaceStrDescriptor+0x20>)
 8006896:	f7ff ff50 	bl	800673a <USBD_GetString>
}
 800689a:	4803      	ldr	r0, [pc, #12]	@ (80068a8 <USBD_CDC_InterfaceStrDescriptor+0x1c>)
 800689c:	bd08      	pop	{r3, pc}
    USBD_GetString((uint8_t *)USBD_INTERFACE_STRING, USBD_StrDesc, length);
 800689e:	4902      	ldr	r1, [pc, #8]	@ (80068a8 <USBD_CDC_InterfaceStrDescriptor+0x1c>)
 80068a0:	4802      	ldr	r0, [pc, #8]	@ (80068ac <USBD_CDC_InterfaceStrDescriptor+0x20>)
 80068a2:	f7ff ff4a 	bl	800673a <USBD_GetString>
 80068a6:	e7f8      	b.n	800689a <USBD_CDC_InterfaceStrDescriptor+0xe>
 80068a8:	20001cb8 	.word	0x20001cb8
 80068ac:	08009758 	.word	0x08009758

080068b0 <USBD_CtlSendData>:
  * @param  len: length of data to be sent
  * @retval status
  */
USBD_StatusTypeDef USBD_CtlSendData(USBD_HandleTypeDef *pdev,
                                    uint8_t *pbuf, uint32_t len)
{
 80068b0:	b508      	push	{r3, lr}
 80068b2:	4613      	mov	r3, r2
  /* Set EP0 State */
  pdev->ep0_state = USBD_EP0_DATA_IN;
 80068b4:	2202      	movs	r2, #2
 80068b6:	f8c0 2294 	str.w	r2, [r0, #660]	@ 0x294
  pdev->ep_in[0].total_length = len;
 80068ba:	6143      	str	r3, [r0, #20]
  pdev->ep_in[0].pbuffer = pbuf;
 80068bc:	6241      	str	r1, [r0, #36]	@ 0x24

#ifdef USBD_AVOID_PACKET_SPLIT_MPS
  pdev->ep_in[0].rem_length = 0U;
#else
  pdev->ep_in[0].rem_length = len;
 80068be:	6183      	str	r3, [r0, #24]
#endif /* USBD_AVOID_PACKET_SPLIT_MPS */

  /* Start the transfer */
  (void)USBD_LL_Transmit(pdev, 0x00U, pbuf, len);
 80068c0:	460a      	mov	r2, r1
 80068c2:	2100      	movs	r1, #0
 80068c4:	f7ff f98b 	bl	8005bde <USBD_LL_Transmit>

  return USBD_OK;
}
 80068c8:	2000      	movs	r0, #0
 80068ca:	bd08      	pop	{r3, pc}

080068cc <USBD_CtlContinueSendData>:
  * @param  len: length of data to be sent
  * @retval status
  */
USBD_StatusTypeDef USBD_CtlContinueSendData(USBD_HandleTypeDef *pdev,
                                            uint8_t *pbuf, uint32_t len)
{
 80068cc:	b508      	push	{r3, lr}
 80068ce:	4613      	mov	r3, r2
  /* Start the next transfer */
  (void)USBD_LL_Transmit(pdev, 0x00U, pbuf, len);
 80068d0:	460a      	mov	r2, r1
 80068d2:	2100      	movs	r1, #0
 80068d4:	f7ff f983 	bl	8005bde <USBD_LL_Transmit>

  return USBD_OK;
}
 80068d8:	2000      	movs	r0, #0
 80068da:	bd08      	pop	{r3, pc}

080068dc <USBD_CtlPrepareRx>:
  * @param  len: length of data to be received
  * @retval status
  */
USBD_StatusTypeDef USBD_CtlPrepareRx(USBD_HandleTypeDef *pdev,
                                     uint8_t *pbuf, uint32_t len)
{
 80068dc:	b508      	push	{r3, lr}
 80068de:	4613      	mov	r3, r2
  /* Set EP0 State */
  pdev->ep0_state = USBD_EP0_DATA_OUT;
 80068e0:	2203      	movs	r2, #3
 80068e2:	f8c0 2294 	str.w	r2, [r0, #660]	@ 0x294
  pdev->ep_out[0].total_length = len;
 80068e6:	f8c0 3154 	str.w	r3, [r0, #340]	@ 0x154
  pdev->ep_out[0].pbuffer = pbuf;
 80068ea:	f8c0 1164 	str.w	r1, [r0, #356]	@ 0x164

#ifdef USBD_AVOID_PACKET_SPLIT_MPS
  pdev->ep_out[0].rem_length = 0U;
#else
  pdev->ep_out[0].rem_length = len;
 80068ee:	f8c0 3158 	str.w	r3, [r0, #344]	@ 0x158
#endif /* USBD_AVOID_PACKET_SPLIT_MPS */

  /* Start the transfer */
  (void)USBD_LL_PrepareReceive(pdev, 0U, pbuf, len);
 80068f2:	460a      	mov	r2, r1
 80068f4:	2100      	movs	r1, #0
 80068f6:	f7ff f97a 	bl	8005bee <USBD_LL_PrepareReceive>

  return USBD_OK;
}
 80068fa:	2000      	movs	r0, #0
 80068fc:	bd08      	pop	{r3, pc}

080068fe <USBD_CtlContinueRx>:
  * @param  len: length of data to be received
  * @retval status
  */
USBD_StatusTypeDef USBD_CtlContinueRx(USBD_HandleTypeDef *pdev,
                                      uint8_t *pbuf, uint32_t len)
{
 80068fe:	b508      	push	{r3, lr}
 8006900:	4613      	mov	r3, r2
  (void)USBD_LL_PrepareReceive(pdev, 0U, pbuf, len);
 8006902:	460a      	mov	r2, r1
 8006904:	2100      	movs	r1, #0
 8006906:	f7ff f972 	bl	8005bee <USBD_LL_PrepareReceive>

  return USBD_OK;
}
 800690a:	2000      	movs	r0, #0
 800690c:	bd08      	pop	{r3, pc}

0800690e <USBD_CtlSendStatus>:
  *         send zero lzngth packet on the ctl pipe
  * @param  pdev: device instance
  * @retval status
  */
USBD_StatusTypeDef USBD_CtlSendStatus(USBD_HandleTypeDef *pdev)
{
 800690e:	b508      	push	{r3, lr}
  /* Set EP0 State */
  pdev->ep0_state = USBD_EP0_STATUS_IN;
 8006910:	2204      	movs	r2, #4
 8006912:	f8c0 2294 	str.w	r2, [r0, #660]	@ 0x294

  /* Start the transfer */
  (void)USBD_LL_Transmit(pdev, 0x00U, NULL, 0U);
 8006916:	2300      	movs	r3, #0
 8006918:	461a      	mov	r2, r3
 800691a:	4619      	mov	r1, r3
 800691c:	f7ff f95f 	bl	8005bde <USBD_LL_Transmit>

  return USBD_OK;
}
 8006920:	2000      	movs	r0, #0
 8006922:	bd08      	pop	{r3, pc}

08006924 <USBD_CtlReceiveStatus>:
  *         receive zero lzngth packet on the ctl pipe
  * @param  pdev: device instance
  * @retval status
  */
USBD_StatusTypeDef USBD_CtlReceiveStatus(USBD_HandleTypeDef *pdev)
{
 8006924:	b508      	push	{r3, lr}
  /* Set EP0 State */
  pdev->ep0_state = USBD_EP0_STATUS_OUT;
 8006926:	2205      	movs	r2, #5
 8006928:	f8c0 2294 	str.w	r2, [r0, #660]	@ 0x294

  /* Start the transfer */
  (void)USBD_LL_PrepareReceive(pdev, 0U, NULL, 0U);
 800692c:	2300      	movs	r3, #0
 800692e:	461a      	mov	r2, r3
 8006930:	4619      	mov	r1, r3
 8006932:	f7ff f95c 	bl	8005bee <USBD_LL_PrepareReceive>

  return USBD_OK;
}
 8006936:	2000      	movs	r0, #0
 8006938:	bd08      	pop	{r3, pc}

0800693a <CopyDataInit>:
  bl LoopCopyDataInit
.endm

.section  .text.data_initializers
CopyDataInit:
  ldr r4, [r2, r3]
 800693a:	58d4      	ldr	r4, [r2, r3]
  str r4, [r0, r3]
 800693c:	50c4      	str	r4, [r0, r3]
  adds r3, r3, #4
 800693e:	3304      	adds	r3, #4

08006940 <LoopCopyDataInit>:

LoopCopyDataInit:
  adds r4, r0, r3
 8006940:	18c4      	adds	r4, r0, r3
  cmp r4, r1
 8006942:	428c      	cmp	r4, r1
  bcc  CopyDataInit
 8006944:	d3f9      	bcc.n	800693a <CopyDataInit>
  bx lr
 8006946:	4770      	bx	lr

08006948 <FillZerobss>:

FillZerobss:
  str  r3, [r0]
 8006948:	6003      	str	r3, [r0, #0]
  adds r0, r0, #4
 800694a:	3004      	adds	r0, #4

0800694c <LoopFillZerobss>:

LoopFillZerobss:
  cmp r0, r1
 800694c:	4288      	cmp	r0, r1
  bcc FillZerobss
 800694e:	d3fb      	bcc.n	8006948 <FillZerobss>
  bx lr
 8006950:	4770      	bx	lr
	...

08006954 <Reset_Handler>:

  .section .text.Reset_Handler
  .weak Reset_Handler
  .type Reset_Handler, %function
Reset_Handler:
  ldr   r0, =_estack
 8006954:	480c      	ldr	r0, [pc, #48]	@ (8006988 <LoopForever+0x2>)
  mov   sp, r0          /* set stack pointer */
 8006956:	4685      	mov	sp, r0
/* Call the clock system initialization function.*/
  bl  SystemInit
 8006958:	f7fe fcd6 	bl	8005308 <SystemInit>

/* Copy the data segment initializers from flash to SRAM */
  INIT_DATA _sdata, _edata, _sidata
 800695c:	480b      	ldr	r0, [pc, #44]	@ (800698c <LoopForever+0x6>)
 800695e:	490c      	ldr	r1, [pc, #48]	@ (8006990 <LoopForever+0xa>)
 8006960:	4a0c      	ldr	r2, [pc, #48]	@ (8006994 <LoopForever+0xe>)
 8006962:	2300      	movs	r3, #0
 8006964:	f7ff ffec 	bl	8006940 <LoopCopyDataInit>
  INIT_DATA _sMB_MEM2, _eMB_MEM2, _siMB_MEM2
 8006968:	480b      	ldr	r0, [pc, #44]	@ (8006998 <LoopForever+0x12>)
 800696a:	490c      	ldr	r1, [pc, #48]	@ (800699c <LoopForever+0x16>)
 800696c:	4a0c      	ldr	r2, [pc, #48]	@ (80069a0 <LoopForever+0x1a>)
 800696e:	2300      	movs	r3, #0
 8006970:	f7ff ffe6 	bl	8006940 <LoopCopyDataInit>

/* Zero fill the bss segments. */
  INIT_BSS _sbss, _ebss
 8006974:	480b      	ldr	r0, [pc, #44]	@ (80069a4 <LoopForever+0x1e>)
 8006976:	490c      	ldr	r1, [pc, #48]	@ (80069a8 <LoopForever+0x22>)
 8006978:	2300      	movs	r3, #0
 800697a:	f7ff ffe7 	bl	800694c <LoopFillZerobss>

/* Call static constructors */
  bl __libc_init_array
 800697e:	f000 fe07 	bl	8007590 <__libc_init_array>
/* Call the application s entry point.*/
  bl main
 8006982:	f7fa fd0d 	bl	80013a0 <main>

08006986 <LoopForever>:

LoopForever:
  b LoopForever
 8006986:	e7fe      	b.n	8006986 <LoopForever>
  ldr   r0, =_estack
 8006988:	20030000 	.word	0x20030000
  INIT_DATA _sdata, _edata, _sidata
 800698c:	20000008 	.word	0x20000008
 8006990:	200002cc 	.word	0x200002cc
 8006994:	08009c1c 	.word	0x08009c1c
  INIT_DATA _sMB_MEM2, _eMB_MEM2, _siMB_MEM2
 8006998:	20030000 	.word	0x20030000
 800699c:	20030000 	.word	0x20030000
 80069a0:	08009ee0 	.word	0x08009ee0
  INIT_BSS _sbss, _ebss
 80069a4:	200002cc 	.word	0x200002cc
 80069a8:	20002004 	.word	0x20002004

080069ac <ADC1_IRQHandler>:
 * @retval None
*/
  .section .text.Default_Handler,"ax",%progbits
Default_Handler:
Infinite_Loop:
  b Infinite_Loop
 80069ac:	e7fe      	b.n	80069ac <ADC1_IRQHandler>

080069ae <__cvt>:
 80069ae:	e92d 47ff 	stmdb	sp!, {r0, r1, r2, r3, r4, r5, r6, r7, r8, r9, sl, lr}
 80069b2:	ec57 6b10 	vmov	r6, r7, d0
 80069b6:	2f00      	cmp	r7, #0
 80069b8:	460c      	mov	r4, r1
 80069ba:	4691      	mov	r9, r2
 80069bc:	f8dd a030 	ldr.w	sl, [sp, #48]	@ 0x30
 80069c0:	4619      	mov	r1, r3
 80069c2:	f04f 0200 	mov.w	r2, #0
 80069c6:	da03      	bge.n	80069d0 <__cvt+0x22>
 80069c8:	f107 4300 	add.w	r3, r7, #2147483648	@ 0x80000000
 80069cc:	461f      	mov	r7, r3
 80069ce:	222d      	movs	r2, #45	@ 0x2d
 80069d0:	9d0d      	ldr	r5, [sp, #52]	@ 0x34
 80069d2:	700a      	strb	r2, [r1, #0]
 80069d4:	f025 0520 	bic.w	r5, r5, #32
 80069d8:	2d46      	cmp	r5, #70	@ 0x46
 80069da:	d004      	beq.n	80069e6 <__cvt+0x38>
 80069dc:	2d45      	cmp	r5, #69	@ 0x45
 80069de:	d100      	bne.n	80069e2 <__cvt+0x34>
 80069e0:	3401      	adds	r4, #1
 80069e2:	2102      	movs	r1, #2
 80069e4:	e000      	b.n	80069e8 <__cvt+0x3a>
 80069e6:	2103      	movs	r1, #3
 80069e8:	ab03      	add	r3, sp, #12
 80069ea:	9301      	str	r3, [sp, #4]
 80069ec:	ab02      	add	r3, sp, #8
 80069ee:	9300      	str	r3, [sp, #0]
 80069f0:	ec47 6b10 	vmov	d0, r6, r7
 80069f4:	4653      	mov	r3, sl
 80069f6:	4622      	mov	r2, r4
 80069f8:	f000 fe8a 	bl	8007710 <_dtoa_r>
 80069fc:	2d47      	cmp	r5, #71	@ 0x47
 80069fe:	4680      	mov	r8, r0
 8006a00:	d11a      	bne.n	8006a38 <__cvt+0x8a>
 8006a02:	f019 0f01 	tst.w	r9, #1
 8006a06:	d00e      	beq.n	8006a26 <__cvt+0x78>
 8006a08:	eb00 0904 	add.w	r9, r0, r4
 8006a0c:	2200      	movs	r2, #0
 8006a0e:	2300      	movs	r3, #0
 8006a10:	4630      	mov	r0, r6
 8006a12:	4639      	mov	r1, r7
 8006a14:	f7fa f810 	bl	8000a38 <__aeabi_dcmpeq>
 8006a18:	b108      	cbz	r0, 8006a1e <__cvt+0x70>
 8006a1a:	f8cd 900c 	str.w	r9, [sp, #12]
 8006a1e:	2230      	movs	r2, #48	@ 0x30
 8006a20:	9b03      	ldr	r3, [sp, #12]
 8006a22:	454b      	cmp	r3, r9
 8006a24:	d31e      	bcc.n	8006a64 <__cvt+0xb6>
 8006a26:	9b03      	ldr	r3, [sp, #12]
 8006a28:	9a0e      	ldr	r2, [sp, #56]	@ 0x38
 8006a2a:	eba3 0308 	sub.w	r3, r3, r8
 8006a2e:	4640      	mov	r0, r8
 8006a30:	6013      	str	r3, [r2, #0]
 8006a32:	b004      	add	sp, #16
 8006a34:	e8bd 87f0 	ldmia.w	sp!, {r4, r5, r6, r7, r8, r9, sl, pc}
 8006a38:	2d46      	cmp	r5, #70	@ 0x46
 8006a3a:	eb00 0904 	add.w	r9, r0, r4
 8006a3e:	d1e5      	bne.n	8006a0c <__cvt+0x5e>
 8006a40:	7803      	ldrb	r3, [r0, #0]
 8006a42:	2b30      	cmp	r3, #48	@ 0x30
 8006a44:	d10a      	bne.n	8006a5c <__cvt+0xae>
 8006a46:	2200      	movs	r2, #0
 8006a48:	2300      	movs	r3, #0
 8006a4a:	4630      	mov	r0, r6
 8006a4c:	4639      	mov	r1, r7
 8006a4e:	f7f9 fff3 	bl	8000a38 <__aeabi_dcmpeq>
 8006a52:	b918      	cbnz	r0, 8006a5c <__cvt+0xae>
 8006a54:	f1c4 0401 	rsb	r4, r4, #1
 8006a58:	f8ca 4000 	str.w	r4, [sl]
 8006a5c:	f8da 3000 	ldr.w	r3, [sl]
 8006a60:	4499      	add	r9, r3
 8006a62:	e7d3      	b.n	8006a0c <__cvt+0x5e>
 8006a64:	1c59      	adds	r1, r3, #1
 8006a66:	9103      	str	r1, [sp, #12]
 8006a68:	701a      	strb	r2, [r3, #0]
 8006a6a:	e7d9      	b.n	8006a20 <__cvt+0x72>

08006a6c <__exponent>:
 8006a6c:	b5f7      	push	{r0, r1, r2, r4, r5, r6, r7, lr}
 8006a6e:	2900      	cmp	r1, #0
 8006a70:	bfba      	itte	lt
 8006a72:	4249      	neglt	r1, r1
 8006a74:	232d      	movlt	r3, #45	@ 0x2d
 8006a76:	232b      	movge	r3, #43	@ 0x2b
 8006a78:	2909      	cmp	r1, #9
 8006a7a:	7002      	strb	r2, [r0, #0]
 8006a7c:	7043      	strb	r3, [r0, #1]
 8006a7e:	dd2a      	ble.n	8006ad6 <__exponent+0x6a>
 8006a80:	f10d 0407 	add.w	r4, sp, #7
 8006a84:	1c87      	adds	r7, r0, #2
 8006a86:	46a6      	mov	lr, r4
 8006a88:	260a      	movs	r6, #10
 8006a8a:	46a4      	mov	ip, r4
 8006a8c:	fbb1 f5f6 	udiv	r5, r1, r6
 8006a90:	fb06 1215 	mls	r2, r6, r5, r1
 8006a94:	3230      	adds	r2, #48	@ 0x30
 8006a96:	2963      	cmp	r1, #99	@ 0x63
 8006a98:	f104 34ff 	add.w	r4, r4, #4294967295	@ 0xffffffff
 8006a9c:	f80c 2c01 	strb.w	r2, [ip, #-1]
 8006aa0:	4629      	mov	r1, r5
 8006aa2:	dcf2      	bgt.n	8006a8a <__exponent+0x1e>
 8006aa4:	3130      	adds	r1, #48	@ 0x30
 8006aa6:	f1ac 0202 	sub.w	r2, ip, #2
 8006aaa:	f804 1c01 	strb.w	r1, [r4, #-1]
 8006aae:	1c41      	adds	r1, r0, #1
 8006ab0:	4614      	mov	r4, r2
 8006ab2:	4572      	cmp	r2, lr
 8006ab4:	d30a      	bcc.n	8006acc <__exponent+0x60>
 8006ab6:	f10d 0309 	add.w	r3, sp, #9
 8006aba:	eba3 030c 	sub.w	r3, r3, ip
 8006abe:	45a6      	cmp	lr, r4
 8006ac0:	bf38      	it	cc
 8006ac2:	2300      	movcc	r3, #0
 8006ac4:	443b      	add	r3, r7
 8006ac6:	1a18      	subs	r0, r3, r0
 8006ac8:	b003      	add	sp, #12
 8006aca:	bdf0      	pop	{r4, r5, r6, r7, pc}
 8006acc:	f812 3b01 	ldrb.w	r3, [r2], #1
 8006ad0:	f801 3f01 	strb.w	r3, [r1, #1]!
 8006ad4:	e7ed      	b.n	8006ab2 <__exponent+0x46>
 8006ad6:	2330      	movs	r3, #48	@ 0x30
 8006ad8:	3130      	adds	r1, #48	@ 0x30
 8006ada:	7083      	strb	r3, [r0, #2]
 8006adc:	70c1      	strb	r1, [r0, #3]
 8006ade:	1d03      	adds	r3, r0, #4
 8006ae0:	e7f1      	b.n	8006ac6 <__exponent+0x5a>
	...

08006ae4 <_printf_float>:
 8006ae4:	e92d 4ff0 	stmdb	sp!, {r4, r5, r6, r7, r8, r9, sl, fp, lr}
 8006ae8:	b08f      	sub	sp, #60	@ 0x3c
 8006aea:	460c      	mov	r4, r1
 8006aec:	f8dd 8060 	ldr.w	r8, [sp, #96]	@ 0x60
 8006af0:	4616      	mov	r6, r2
 8006af2:	461f      	mov	r7, r3
 8006af4:	4605      	mov	r5, r0
 8006af6:	f000 fcfb 	bl	80074f0 <_localeconv_r>
 8006afa:	6803      	ldr	r3, [r0, #0]
 8006afc:	9307      	str	r3, [sp, #28]
 8006afe:	4618      	mov	r0, r3
 8006b00:	f7f9 fb6e 	bl	80001e0 <strlen>
 8006b04:	2300      	movs	r3, #0
 8006b06:	930c      	str	r3, [sp, #48]	@ 0x30
 8006b08:	f8d8 3000 	ldr.w	r3, [r8]
 8006b0c:	f894 a018 	ldrb.w	sl, [r4, #24]
 8006b10:	f8d4 b000 	ldr.w	fp, [r4]
 8006b14:	9008      	str	r0, [sp, #32]
 8006b16:	3307      	adds	r3, #7
 8006b18:	f023 0307 	bic.w	r3, r3, #7
 8006b1c:	ecb3 7b02 	vldmia	r3!, {d7}
 8006b20:	ed8d 7b04 	vstr	d7, [sp, #16]
 8006b24:	f8c8 3000 	str.w	r3, [r8]
 8006b28:	e9dd 8304 	ldrd	r8, r3, [sp, #16]
 8006b2c:	f023 4900 	bic.w	r9, r3, #2147483648	@ 0x80000000
 8006b30:	ed84 7b12 	vstr	d7, [r4, #72]	@ 0x48
 8006b34:	4b9a      	ldr	r3, [pc, #616]	@ (8006da0 <_printf_float+0x2bc>)
 8006b36:	f04f 32ff 	mov.w	r2, #4294967295	@ 0xffffffff
 8006b3a:	4640      	mov	r0, r8
 8006b3c:	4649      	mov	r1, r9
 8006b3e:	f7f9 ffad 	bl	8000a9c <__aeabi_dcmpun>
 8006b42:	bb70      	cbnz	r0, 8006ba2 <_printf_float+0xbe>
 8006b44:	4b96      	ldr	r3, [pc, #600]	@ (8006da0 <_printf_float+0x2bc>)
 8006b46:	f04f 32ff 	mov.w	r2, #4294967295	@ 0xffffffff
 8006b4a:	4640      	mov	r0, r8
 8006b4c:	4649      	mov	r1, r9
 8006b4e:	f7f9 ff87 	bl	8000a60 <__aeabi_dcmple>
 8006b52:	bb30      	cbnz	r0, 8006ba2 <_printf_float+0xbe>
 8006b54:	e9dd 0104 	ldrd	r0, r1, [sp, #16]
 8006b58:	2200      	movs	r2, #0
 8006b5a:	2300      	movs	r3, #0
 8006b5c:	f7f9 ff76 	bl	8000a4c <__aeabi_dcmplt>
 8006b60:	b110      	cbz	r0, 8006b68 <_printf_float+0x84>
 8006b62:	232d      	movs	r3, #45	@ 0x2d
 8006b64:	f884 3043 	strb.w	r3, [r4, #67]	@ 0x43
 8006b68:	4a8e      	ldr	r2, [pc, #568]	@ (8006da4 <_printf_float+0x2c0>)
 8006b6a:	4b8f      	ldr	r3, [pc, #572]	@ (8006da8 <_printf_float+0x2c4>)
 8006b6c:	f1ba 0f47 	cmp.w	sl, #71	@ 0x47
 8006b70:	bf8c      	ite	hi
 8006b72:	4690      	movhi	r8, r2
 8006b74:	4698      	movls	r8, r3
 8006b76:	2303      	movs	r3, #3
 8006b78:	6123      	str	r3, [r4, #16]
 8006b7a:	f02b 0304 	bic.w	r3, fp, #4
 8006b7e:	6023      	str	r3, [r4, #0]
 8006b80:	f04f 0900 	mov.w	r9, #0
 8006b84:	9700      	str	r7, [sp, #0]
 8006b86:	4633      	mov	r3, r6
 8006b88:	aa0d      	add	r2, sp, #52	@ 0x34
 8006b8a:	4621      	mov	r1, r4
 8006b8c:	4628      	mov	r0, r5
 8006b8e:	f000 f9cd 	bl	8006f2c <_printf_common>
 8006b92:	3001      	adds	r0, #1
 8006b94:	f040 808c 	bne.w	8006cb0 <_printf_float+0x1cc>
 8006b98:	f04f 30ff 	mov.w	r0, #4294967295	@ 0xffffffff
 8006b9c:	b00f      	add	sp, #60	@ 0x3c
 8006b9e:	e8bd 8ff0 	ldmia.w	sp!, {r4, r5, r6, r7, r8, r9, sl, fp, pc}
 8006ba2:	e9dd 2304 	ldrd	r2, r3, [sp, #16]
 8006ba6:	4610      	mov	r0, r2
 8006ba8:	4619      	mov	r1, r3
 8006baa:	f7f9 ff77 	bl	8000a9c <__aeabi_dcmpun>
 8006bae:	b140      	cbz	r0, 8006bc2 <_printf_float+0xde>
 8006bb0:	9b05      	ldr	r3, [sp, #20]
 8006bb2:	4a7e      	ldr	r2, [pc, #504]	@ (8006dac <_printf_float+0x2c8>)
 8006bb4:	2b00      	cmp	r3, #0
 8006bb6:	bfbc      	itt	lt
 8006bb8:	232d      	movlt	r3, #45	@ 0x2d
 8006bba:	f884 3043 	strblt.w	r3, [r4, #67]	@ 0x43
 8006bbe:	4b7c      	ldr	r3, [pc, #496]	@ (8006db0 <_printf_float+0x2cc>)
 8006bc0:	e7d4      	b.n	8006b6c <_printf_float+0x88>
 8006bc2:	6863      	ldr	r3, [r4, #4]
 8006bc4:	1c5a      	adds	r2, r3, #1
 8006bc6:	f00a 09df 	and.w	r9, sl, #223	@ 0xdf
 8006bca:	d13b      	bne.n	8006c44 <_printf_float+0x160>
 8006bcc:	2306      	movs	r3, #6
 8006bce:	6063      	str	r3, [r4, #4]
 8006bd0:	f44b 6280 	orr.w	r2, fp, #1024	@ 0x400
 8006bd4:	2300      	movs	r3, #0
 8006bd6:	6022      	str	r2, [r4, #0]
 8006bd8:	9303      	str	r3, [sp, #12]
 8006bda:	ab0c      	add	r3, sp, #48	@ 0x30
 8006bdc:	e9cd a301 	strd	sl, r3, [sp, #4]
 8006be0:	ab0b      	add	r3, sp, #44	@ 0x2c
 8006be2:	9300      	str	r3, [sp, #0]
 8006be4:	6861      	ldr	r1, [r4, #4]
 8006be6:	ed9d 0b04 	vldr	d0, [sp, #16]
 8006bea:	f10d 032b 	add.w	r3, sp, #43	@ 0x2b
 8006bee:	4628      	mov	r0, r5
 8006bf0:	f7ff fedd 	bl	80069ae <__cvt>
 8006bf4:	f1b9 0f47 	cmp.w	r9, #71	@ 0x47
 8006bf8:	990b      	ldr	r1, [sp, #44]	@ 0x2c
 8006bfa:	4680      	mov	r8, r0
 8006bfc:	d129      	bne.n	8006c52 <_printf_float+0x16e>
 8006bfe:	1cc8      	adds	r0, r1, #3
 8006c00:	db02      	blt.n	8006c08 <_printf_float+0x124>
 8006c02:	6863      	ldr	r3, [r4, #4]
 8006c04:	428b      	cmp	r3, r1
 8006c06:	da41      	bge.n	8006c8c <_printf_float+0x1a8>
 8006c08:	f1aa 0a02 	sub.w	sl, sl, #2
 8006c0c:	fa5f fa8a 	uxtb.w	sl, sl
 8006c10:	3901      	subs	r1, #1
 8006c12:	4652      	mov	r2, sl
 8006c14:	f104 0050 	add.w	r0, r4, #80	@ 0x50
 8006c18:	910b      	str	r1, [sp, #44]	@ 0x2c
 8006c1a:	f7ff ff27 	bl	8006a6c <__exponent>
 8006c1e:	9a0c      	ldr	r2, [sp, #48]	@ 0x30
 8006c20:	1813      	adds	r3, r2, r0
 8006c22:	2a01      	cmp	r2, #1
 8006c24:	4681      	mov	r9, r0
 8006c26:	6123      	str	r3, [r4, #16]
 8006c28:	dc02      	bgt.n	8006c30 <_printf_float+0x14c>
 8006c2a:	6822      	ldr	r2, [r4, #0]
 8006c2c:	07d2      	lsls	r2, r2, #31
 8006c2e:	d501      	bpl.n	8006c34 <_printf_float+0x150>
 8006c30:	3301      	adds	r3, #1
 8006c32:	6123      	str	r3, [r4, #16]
 8006c34:	f89d 302b 	ldrb.w	r3, [sp, #43]	@ 0x2b
 8006c38:	2b00      	cmp	r3, #0
 8006c3a:	d0a3      	beq.n	8006b84 <_printf_float+0xa0>
 8006c3c:	232d      	movs	r3, #45	@ 0x2d
 8006c3e:	f884 3043 	strb.w	r3, [r4, #67]	@ 0x43
 8006c42:	e79f      	b.n	8006b84 <_printf_float+0xa0>
 8006c44:	f1b9 0f47 	cmp.w	r9, #71	@ 0x47
 8006c48:	d1c2      	bne.n	8006bd0 <_printf_float+0xec>
 8006c4a:	2b00      	cmp	r3, #0
 8006c4c:	d1c0      	bne.n	8006bd0 <_printf_float+0xec>
 8006c4e:	2301      	movs	r3, #1
 8006c50:	e7bd      	b.n	8006bce <_printf_float+0xea>
 8006c52:	f1ba 0f65 	cmp.w	sl, #101	@ 0x65
 8006c56:	d9db      	bls.n	8006c10 <_printf_float+0x12c>
 8006c58:	f1ba 0f66 	cmp.w	sl, #102	@ 0x66
 8006c5c:	d118      	bne.n	8006c90 <_printf_float+0x1ac>
 8006c5e:	2900      	cmp	r1, #0
 8006c60:	6863      	ldr	r3, [r4, #4]
 8006c62:	dd0b      	ble.n	8006c7c <_printf_float+0x198>
 8006c64:	6121      	str	r1, [r4, #16]
 8006c66:	b913      	cbnz	r3, 8006c6e <_printf_float+0x18a>
 8006c68:	6822      	ldr	r2, [r4, #0]
 8006c6a:	07d0      	lsls	r0, r2, #31
 8006c6c:	d502      	bpl.n	8006c74 <_printf_float+0x190>
 8006c6e:	3301      	adds	r3, #1
 8006c70:	440b      	add	r3, r1
 8006c72:	6123      	str	r3, [r4, #16]
 8006c74:	65a1      	str	r1, [r4, #88]	@ 0x58
 8006c76:	f04f 0900 	mov.w	r9, #0
 8006c7a:	e7db      	b.n	8006c34 <_printf_float+0x150>
 8006c7c:	b913      	cbnz	r3, 8006c84 <_printf_float+0x1a0>
 8006c7e:	6822      	ldr	r2, [r4, #0]
 8006c80:	07d2      	lsls	r2, r2, #31
 8006c82:	d501      	bpl.n	8006c88 <_printf_float+0x1a4>
 8006c84:	3302      	adds	r3, #2
 8006c86:	e7f4      	b.n	8006c72 <_printf_float+0x18e>
 8006c88:	2301      	movs	r3, #1
 8006c8a:	e7f2      	b.n	8006c72 <_printf_float+0x18e>
 8006c8c:	f04f 0a67 	mov.w	sl, #103	@ 0x67
 8006c90:	9b0c      	ldr	r3, [sp, #48]	@ 0x30
 8006c92:	428b      	cmp	r3, r1
 8006c94:	dc05      	bgt.n	8006ca2 <_printf_float+0x1be>
 8006c96:	6823      	ldr	r3, [r4, #0]
 8006c98:	6121      	str	r1, [r4, #16]
 8006c9a:	07d8      	lsls	r0, r3, #31
 8006c9c:	d5ea      	bpl.n	8006c74 <_printf_float+0x190>
 8006c9e:	1c4b      	adds	r3, r1, #1
 8006ca0:	e7e7      	b.n	8006c72 <_printf_float+0x18e>
 8006ca2:	2900      	cmp	r1, #0
 8006ca4:	bfd4      	ite	le
 8006ca6:	f1c1 0202 	rsble	r2, r1, #2
 8006caa:	2201      	movgt	r2, #1
 8006cac:	4413      	add	r3, r2
 8006cae:	e7e0      	b.n	8006c72 <_printf_float+0x18e>
 8006cb0:	6823      	ldr	r3, [r4, #0]
 8006cb2:	055a      	lsls	r2, r3, #21
 8006cb4:	d407      	bmi.n	8006cc6 <_printf_float+0x1e2>
 8006cb6:	6923      	ldr	r3, [r4, #16]
 8006cb8:	4642      	mov	r2, r8
 8006cba:	4631      	mov	r1, r6
 8006cbc:	4628      	mov	r0, r5
 8006cbe:	47b8      	blx	r7
 8006cc0:	3001      	adds	r0, #1
 8006cc2:	d128      	bne.n	8006d16 <_printf_float+0x232>
 8006cc4:	e768      	b.n	8006b98 <_printf_float+0xb4>
 8006cc6:	f1ba 0f65 	cmp.w	sl, #101	@ 0x65
 8006cca:	f240 80db 	bls.w	8006e84 <_printf_float+0x3a0>
 8006cce:	e9d4 0112 	ldrd	r0, r1, [r4, #72]	@ 0x48
 8006cd2:	2200      	movs	r2, #0
 8006cd4:	2300      	movs	r3, #0
 8006cd6:	f7f9 feaf 	bl	8000a38 <__aeabi_dcmpeq>
 8006cda:	b390      	cbz	r0, 8006d42 <_printf_float+0x25e>
 8006cdc:	4a35      	ldr	r2, [pc, #212]	@ (8006db4 <_printf_float+0x2d0>)
 8006cde:	2301      	movs	r3, #1
 8006ce0:	4631      	mov	r1, r6
 8006ce2:	4628      	mov	r0, r5
 8006ce4:	47b8      	blx	r7
 8006ce6:	3001      	adds	r0, #1
 8006ce8:	f43f af56 	beq.w	8006b98 <_printf_float+0xb4>
 8006cec:	e9dd 380b 	ldrd	r3, r8, [sp, #44]	@ 0x2c
 8006cf0:	4543      	cmp	r3, r8
 8006cf2:	db02      	blt.n	8006cfa <_printf_float+0x216>
 8006cf4:	6823      	ldr	r3, [r4, #0]
 8006cf6:	07d8      	lsls	r0, r3, #31
 8006cf8:	d50d      	bpl.n	8006d16 <_printf_float+0x232>
 8006cfa:	e9dd 2307 	ldrd	r2, r3, [sp, #28]
 8006cfe:	4631      	mov	r1, r6
 8006d00:	4628      	mov	r0, r5
 8006d02:	47b8      	blx	r7
 8006d04:	3001      	adds	r0, #1
 8006d06:	f43f af47 	beq.w	8006b98 <_printf_float+0xb4>
 8006d0a:	f04f 0900 	mov.w	r9, #0
 8006d0e:	f108 38ff 	add.w	r8, r8, #4294967295	@ 0xffffffff
 8006d12:	45c8      	cmp	r8, r9
 8006d14:	dc09      	bgt.n	8006d2a <_printf_float+0x246>
 8006d16:	6823      	ldr	r3, [r4, #0]
 8006d18:	079b      	lsls	r3, r3, #30
 8006d1a:	f100 8104 	bmi.w	8006f26 <_printf_float+0x442>
 8006d1e:	68e0      	ldr	r0, [r4, #12]
 8006d20:	9b0d      	ldr	r3, [sp, #52]	@ 0x34
 8006d22:	4298      	cmp	r0, r3
 8006d24:	bfb8      	it	lt
 8006d26:	4618      	movlt	r0, r3
 8006d28:	e738      	b.n	8006b9c <_printf_float+0xb8>
 8006d2a:	2301      	movs	r3, #1
 8006d2c:	f104 021a 	add.w	r2, r4, #26
 8006d30:	4631      	mov	r1, r6
 8006d32:	4628      	mov	r0, r5
 8006d34:	47b8      	blx	r7
 8006d36:	3001      	adds	r0, #1
 8006d38:	f43f af2e 	beq.w	8006b98 <_printf_float+0xb4>
 8006d3c:	f109 0901 	add.w	r9, r9, #1
 8006d40:	e7e7      	b.n	8006d12 <_printf_float+0x22e>
 8006d42:	9b0b      	ldr	r3, [sp, #44]	@ 0x2c
 8006d44:	4283      	cmp	r3, r0
 8006d46:	dc37      	bgt.n	8006db8 <_printf_float+0x2d4>
 8006d48:	4a1a      	ldr	r2, [pc, #104]	@ (8006db4 <_printf_float+0x2d0>)
 8006d4a:	2301      	movs	r3, #1
 8006d4c:	4631      	mov	r1, r6
 8006d4e:	4628      	mov	r0, r5
 8006d50:	47b8      	blx	r7
 8006d52:	3001      	adds	r0, #1
 8006d54:	f43f af20 	beq.w	8006b98 <_printf_float+0xb4>
 8006d58:	e9dd 390b 	ldrd	r3, r9, [sp, #44]	@ 0x2c
 8006d5c:	ea59 0303 	orrs.w	r3, r9, r3
 8006d60:	d102      	bne.n	8006d68 <_printf_float+0x284>
 8006d62:	6823      	ldr	r3, [r4, #0]
 8006d64:	07d9      	lsls	r1, r3, #31
 8006d66:	d5d6      	bpl.n	8006d16 <_printf_float+0x232>
 8006d68:	e9dd 2307 	ldrd	r2, r3, [sp, #28]
 8006d6c:	4631      	mov	r1, r6
 8006d6e:	4628      	mov	r0, r5
 8006d70:	47b8      	blx	r7
 8006d72:	3001      	adds	r0, #1
 8006d74:	f43f af10 	beq.w	8006b98 <_printf_float+0xb4>
 8006d78:	f04f 0a00 	mov.w	sl, #0
 8006d7c:	9b0b      	ldr	r3, [sp, #44]	@ 0x2c
 8006d7e:	425b      	negs	r3, r3
 8006d80:	4553      	cmp	r3, sl
 8006d82:	dc01      	bgt.n	8006d88 <_printf_float+0x2a4>
 8006d84:	464b      	mov	r3, r9
 8006d86:	e797      	b.n	8006cb8 <_printf_float+0x1d4>
 8006d88:	2301      	movs	r3, #1
 8006d8a:	f104 021a 	add.w	r2, r4, #26
 8006d8e:	4631      	mov	r1, r6
 8006d90:	4628      	mov	r0, r5
 8006d92:	47b8      	blx	r7
 8006d94:	3001      	adds	r0, #1
 8006d96:	f43f aeff 	beq.w	8006b98 <_printf_float+0xb4>
 8006d9a:	f10a 0a01 	add.w	sl, sl, #1
 8006d9e:	e7ed      	b.n	8006d7c <_printf_float+0x298>
 8006da0:	7fefffff 	.word	0x7fefffff
 8006da4:	080097ec 	.word	0x080097ec
 8006da8:	080097e8 	.word	0x080097e8
 8006dac:	080097f4 	.word	0x080097f4
 8006db0:	080097f0 	.word	0x080097f0
 8006db4:	080097f8 	.word	0x080097f8
 8006db8:	6da3      	ldr	r3, [r4, #88]	@ 0x58
 8006dba:	f8dd b030 	ldr.w	fp, [sp, #48]	@ 0x30
 8006dbe:	455b      	cmp	r3, fp
 8006dc0:	bfa8      	it	ge
 8006dc2:	465b      	movge	r3, fp
 8006dc4:	2b00      	cmp	r3, #0
 8006dc6:	9304      	str	r3, [sp, #16]
 8006dc8:	dc37      	bgt.n	8006e3a <_printf_float+0x356>
 8006dca:	f04f 0900 	mov.w	r9, #0
 8006dce:	f104 021a 	add.w	r2, r4, #26
 8006dd2:	9b04      	ldr	r3, [sp, #16]
 8006dd4:	f8d4 a058 	ldr.w	sl, [r4, #88]	@ 0x58
 8006dd8:	2b00      	cmp	r3, #0
 8006dda:	bfac      	ite	ge
 8006ddc:	ebaa 0303 	subge.w	r3, sl, r3
 8006de0:	4653      	movlt	r3, sl
 8006de2:	454b      	cmp	r3, r9
 8006de4:	dc31      	bgt.n	8006e4a <_printf_float+0x366>
 8006de6:	9b0b      	ldr	r3, [sp, #44]	@ 0x2c
 8006de8:	459b      	cmp	fp, r3
 8006dea:	dc3a      	bgt.n	8006e62 <_printf_float+0x37e>
 8006dec:	6823      	ldr	r3, [r4, #0]
 8006dee:	07da      	lsls	r2, r3, #31
 8006df0:	d437      	bmi.n	8006e62 <_printf_float+0x37e>
 8006df2:	9b0b      	ldr	r3, [sp, #44]	@ 0x2c
 8006df4:	ebab 0903 	sub.w	r9, fp, r3
 8006df8:	ebab 030a 	sub.w	r3, fp, sl
 8006dfc:	4599      	cmp	r9, r3
 8006dfe:	bfa8      	it	ge
 8006e00:	4699      	movge	r9, r3
 8006e02:	f1b9 0f00 	cmp.w	r9, #0
 8006e06:	dc34      	bgt.n	8006e72 <_printf_float+0x38e>
 8006e08:	f04f 0800 	mov.w	r8, #0
 8006e0c:	9b0b      	ldr	r3, [sp, #44]	@ 0x2c
 8006e0e:	f1b9 0f00 	cmp.w	r9, #0
 8006e12:	ebab 0303 	sub.w	r3, fp, r3
 8006e16:	bfa8      	it	ge
 8006e18:	eba3 0309 	subge.w	r3, r3, r9
 8006e1c:	4543      	cmp	r3, r8
 8006e1e:	f77f af7a 	ble.w	8006d16 <_printf_float+0x232>
 8006e22:	2301      	movs	r3, #1
 8006e24:	f104 021a 	add.w	r2, r4, #26
 8006e28:	4631      	mov	r1, r6
 8006e2a:	4628      	mov	r0, r5
 8006e2c:	47b8      	blx	r7
 8006e2e:	3001      	adds	r0, #1
 8006e30:	f43f aeb2 	beq.w	8006b98 <_printf_float+0xb4>
 8006e34:	f108 0801 	add.w	r8, r8, #1
 8006e38:	e7e8      	b.n	8006e0c <_printf_float+0x328>
 8006e3a:	9b04      	ldr	r3, [sp, #16]
 8006e3c:	4642      	mov	r2, r8
 8006e3e:	4631      	mov	r1, r6
 8006e40:	4628      	mov	r0, r5
 8006e42:	47b8      	blx	r7
 8006e44:	3001      	adds	r0, #1
 8006e46:	d1c0      	bne.n	8006dca <_printf_float+0x2e6>
 8006e48:	e6a6      	b.n	8006b98 <_printf_float+0xb4>
 8006e4a:	2301      	movs	r3, #1
 8006e4c:	4631      	mov	r1, r6
 8006e4e:	4628      	mov	r0, r5
 8006e50:	9209      	str	r2, [sp, #36]	@ 0x24
 8006e52:	47b8      	blx	r7
 8006e54:	3001      	adds	r0, #1
 8006e56:	f43f ae9f 	beq.w	8006b98 <_printf_float+0xb4>
 8006e5a:	9a09      	ldr	r2, [sp, #36]	@ 0x24
 8006e5c:	f109 0901 	add.w	r9, r9, #1
 8006e60:	e7b7      	b.n	8006dd2 <_printf_float+0x2ee>
 8006e62:	e9dd 2307 	ldrd	r2, r3, [sp, #28]
 8006e66:	4631      	mov	r1, r6
 8006e68:	4628      	mov	r0, r5
 8006e6a:	47b8      	blx	r7
 8006e6c:	3001      	adds	r0, #1
 8006e6e:	d1c0      	bne.n	8006df2 <_printf_float+0x30e>
 8006e70:	e692      	b.n	8006b98 <_printf_float+0xb4>
 8006e72:	464b      	mov	r3, r9
 8006e74:	eb08 020a 	add.w	r2, r8, sl
 8006e78:	4631      	mov	r1, r6
 8006e7a:	4628      	mov	r0, r5
 8006e7c:	47b8      	blx	r7
 8006e7e:	3001      	adds	r0, #1
 8006e80:	d1c2      	bne.n	8006e08 <_printf_float+0x324>
 8006e82:	e689      	b.n	8006b98 <_printf_float+0xb4>
 8006e84:	f8dd a030 	ldr.w	sl, [sp, #48]	@ 0x30
 8006e88:	f1ba 0f01 	cmp.w	sl, #1
 8006e8c:	dc01      	bgt.n	8006e92 <_printf_float+0x3ae>
 8006e8e:	07db      	lsls	r3, r3, #31
 8006e90:	d535      	bpl.n	8006efe <_printf_float+0x41a>
 8006e92:	2301      	movs	r3, #1
 8006e94:	4642      	mov	r2, r8
 8006e96:	4631      	mov	r1, r6
 8006e98:	4628      	mov	r0, r5
 8006e9a:	47b8      	blx	r7
 8006e9c:	3001      	adds	r0, #1
 8006e9e:	f43f ae7b 	beq.w	8006b98 <_printf_float+0xb4>
 8006ea2:	e9dd 2307 	ldrd	r2, r3, [sp, #28]
 8006ea6:	4631      	mov	r1, r6
 8006ea8:	4628      	mov	r0, r5
 8006eaa:	47b8      	blx	r7
 8006eac:	3001      	adds	r0, #1
 8006eae:	f43f ae73 	beq.w	8006b98 <_printf_float+0xb4>
 8006eb2:	e9d4 0112 	ldrd	r0, r1, [r4, #72]	@ 0x48
 8006eb6:	2200      	movs	r2, #0
 8006eb8:	2300      	movs	r3, #0
 8006eba:	f10a 3aff 	add.w	sl, sl, #4294967295	@ 0xffffffff
 8006ebe:	f7f9 fdbb 	bl	8000a38 <__aeabi_dcmpeq>
 8006ec2:	b9c8      	cbnz	r0, 8006ef8 <_printf_float+0x414>
 8006ec4:	4653      	mov	r3, sl
 8006ec6:	f108 0201 	add.w	r2, r8, #1
 8006eca:	4631      	mov	r1, r6
 8006ecc:	4628      	mov	r0, r5
 8006ece:	47b8      	blx	r7
 8006ed0:	3001      	adds	r0, #1
 8006ed2:	d10d      	bne.n	8006ef0 <_printf_float+0x40c>
 8006ed4:	e660      	b.n	8006b98 <_printf_float+0xb4>
 8006ed6:	2301      	movs	r3, #1
 8006ed8:	f104 021a 	add.w	r2, r4, #26
 8006edc:	4631      	mov	r1, r6
 8006ede:	4628      	mov	r0, r5
 8006ee0:	47b8      	blx	r7
 8006ee2:	3001      	adds	r0, #1
 8006ee4:	f43f ae58 	beq.w	8006b98 <_printf_float+0xb4>
 8006ee8:	f108 0801 	add.w	r8, r8, #1
 8006eec:	45d0      	cmp	r8, sl
 8006eee:	dbf2      	blt.n	8006ed6 <_printf_float+0x3f2>
 8006ef0:	464b      	mov	r3, r9
 8006ef2:	f104 0250 	add.w	r2, r4, #80	@ 0x50
 8006ef6:	e6e0      	b.n	8006cba <_printf_float+0x1d6>
 8006ef8:	f04f 0800 	mov.w	r8, #0
 8006efc:	e7f6      	b.n	8006eec <_printf_float+0x408>
 8006efe:	2301      	movs	r3, #1
 8006f00:	4642      	mov	r2, r8
 8006f02:	e7e2      	b.n	8006eca <_printf_float+0x3e6>
 8006f04:	2301      	movs	r3, #1
 8006f06:	f104 0219 	add.w	r2, r4, #25
 8006f0a:	4631      	mov	r1, r6
 8006f0c:	4628      	mov	r0, r5
 8006f0e:	47b8      	blx	r7
 8006f10:	3001      	adds	r0, #1
 8006f12:	f43f ae41 	beq.w	8006b98 <_printf_float+0xb4>
 8006f16:	f108 0801 	add.w	r8, r8, #1
 8006f1a:	68e3      	ldr	r3, [r4, #12]
 8006f1c:	990d      	ldr	r1, [sp, #52]	@ 0x34
 8006f1e:	1a5b      	subs	r3, r3, r1
 8006f20:	4543      	cmp	r3, r8
 8006f22:	dcef      	bgt.n	8006f04 <_printf_float+0x420>
 8006f24:	e6fb      	b.n	8006d1e <_printf_float+0x23a>
 8006f26:	f04f 0800 	mov.w	r8, #0
 8006f2a:	e7f6      	b.n	8006f1a <_printf_float+0x436>

08006f2c <_printf_common>:
 8006f2c:	e92d 47f0 	stmdb	sp!, {r4, r5, r6, r7, r8, r9, sl, lr}
 8006f30:	4691      	mov	r9, r2
 8006f32:	4698      	mov	r8, r3
 8006f34:	688a      	ldr	r2, [r1, #8]
 8006f36:	690b      	ldr	r3, [r1, #16]
 8006f38:	9e08      	ldr	r6, [sp, #32]
 8006f3a:	4293      	cmp	r3, r2
 8006f3c:	bfb8      	it	lt
 8006f3e:	4613      	movlt	r3, r2
 8006f40:	f8c9 3000 	str.w	r3, [r9]
 8006f44:	f891 2043 	ldrb.w	r2, [r1, #67]	@ 0x43
 8006f48:	4607      	mov	r7, r0
 8006f4a:	460c      	mov	r4, r1
 8006f4c:	b112      	cbz	r2, 8006f54 <_printf_common+0x28>
 8006f4e:	3301      	adds	r3, #1
 8006f50:	f8c9 3000 	str.w	r3, [r9]
 8006f54:	6823      	ldr	r3, [r4, #0]
 8006f56:	0699      	lsls	r1, r3, #26
 8006f58:	bf42      	ittt	mi
 8006f5a:	f8d9 3000 	ldrmi.w	r3, [r9]
 8006f5e:	3302      	addmi	r3, #2
 8006f60:	f8c9 3000 	strmi.w	r3, [r9]
 8006f64:	6825      	ldr	r5, [r4, #0]
 8006f66:	f015 0506 	ands.w	r5, r5, #6
 8006f6a:	d107      	bne.n	8006f7c <_printf_common+0x50>
 8006f6c:	f104 0a19 	add.w	sl, r4, #25
 8006f70:	68e3      	ldr	r3, [r4, #12]
 8006f72:	f8d9 2000 	ldr.w	r2, [r9]
 8006f76:	1a9b      	subs	r3, r3, r2
 8006f78:	42ab      	cmp	r3, r5
 8006f7a:	dc29      	bgt.n	8006fd0 <_printf_common+0xa4>
 8006f7c:	f894 3043 	ldrb.w	r3, [r4, #67]	@ 0x43
 8006f80:	6822      	ldr	r2, [r4, #0]
 8006f82:	3b00      	subs	r3, #0
 8006f84:	bf18      	it	ne
 8006f86:	2301      	movne	r3, #1
 8006f88:	0692      	lsls	r2, r2, #26
 8006f8a:	d42e      	bmi.n	8006fea <_printf_common+0xbe>
 8006f8c:	f104 0243 	add.w	r2, r4, #67	@ 0x43
 8006f90:	4641      	mov	r1, r8
 8006f92:	4638      	mov	r0, r7
 8006f94:	47b0      	blx	r6
 8006f96:	3001      	adds	r0, #1
 8006f98:	d021      	beq.n	8006fde <_printf_common+0xb2>
 8006f9a:	6823      	ldr	r3, [r4, #0]
 8006f9c:	68a1      	ldr	r1, [r4, #8]
 8006f9e:	6922      	ldr	r2, [r4, #16]
 8006fa0:	f003 0306 	and.w	r3, r3, #6
 8006fa4:	2b04      	cmp	r3, #4
 8006fa6:	bf01      	itttt	eq
 8006fa8:	68e5      	ldreq	r5, [r4, #12]
 8006faa:	f8d9 3000 	ldreq.w	r3, [r9]
 8006fae:	1aed      	subeq	r5, r5, r3
 8006fb0:	ea25 75e5 	biceq.w	r5, r5, r5, asr #31
 8006fb4:	bf18      	it	ne
 8006fb6:	2500      	movne	r5, #0
 8006fb8:	1a8b      	subs	r3, r1, r2
 8006fba:	442b      	add	r3, r5
 8006fbc:	4291      	cmp	r1, r2
 8006fbe:	bfc8      	it	gt
 8006fc0:	461d      	movgt	r5, r3
 8006fc2:	f04f 0900 	mov.w	r9, #0
 8006fc6:	341a      	adds	r4, #26
 8006fc8:	454d      	cmp	r5, r9
 8006fca:	d11a      	bne.n	8007002 <_printf_common+0xd6>
 8006fcc:	2000      	movs	r0, #0
 8006fce:	e008      	b.n	8006fe2 <_printf_common+0xb6>
 8006fd0:	2301      	movs	r3, #1
 8006fd2:	4652      	mov	r2, sl
 8006fd4:	4641      	mov	r1, r8
 8006fd6:	4638      	mov	r0, r7
 8006fd8:	47b0      	blx	r6
 8006fda:	3001      	adds	r0, #1
 8006fdc:	d103      	bne.n	8006fe6 <_printf_common+0xba>
 8006fde:	f04f 30ff 	mov.w	r0, #4294967295	@ 0xffffffff
 8006fe2:	e8bd 87f0 	ldmia.w	sp!, {r4, r5, r6, r7, r8, r9, sl, pc}
 8006fe6:	3501      	adds	r5, #1
 8006fe8:	e7c2      	b.n	8006f70 <_printf_common+0x44>
 8006fea:	18e1      	adds	r1, r4, r3
 8006fec:	1c5a      	adds	r2, r3, #1
 8006fee:	2030      	movs	r0, #48	@ 0x30
 8006ff0:	f881 0043 	strb.w	r0, [r1, #67]	@ 0x43
 8006ff4:	4422      	add	r2, r4
 8006ff6:	f894 1045 	ldrb.w	r1, [r4, #69]	@ 0x45
 8006ffa:	f882 1043 	strb.w	r1, [r2, #67]	@ 0x43
 8006ffe:	3302      	adds	r3, #2
 8007000:	e7c4      	b.n	8006f8c <_printf_common+0x60>
 8007002:	2301      	movs	r3, #1
 8007004:	4622      	mov	r2, r4
 8007006:	4641      	mov	r1, r8
 8007008:	4638      	mov	r0, r7
 800700a:	47b0      	blx	r6
 800700c:	3001      	adds	r0, #1
 800700e:	d0e6      	beq.n	8006fde <_printf_common+0xb2>
 8007010:	f109 0901 	add.w	r9, r9, #1
 8007014:	e7d8      	b.n	8006fc8 <_printf_common+0x9c>
	...

08007018 <_printf_i>:
 8007018:	e92d 43f0 	stmdb	sp!, {r4, r5, r6, r7, r8, r9, lr}
 800701c:	4698      	mov	r8, r3
 800701e:	7e0b      	ldrb	r3, [r1, #24]
 8007020:	b085      	sub	sp, #20
 8007022:	2b78      	cmp	r3, #120	@ 0x78
 8007024:	4617      	mov	r7, r2
 8007026:	4606      	mov	r6, r0
 8007028:	9a0c      	ldr	r2, [sp, #48]	@ 0x30
 800702a:	460c      	mov	r4, r1
 800702c:	d809      	bhi.n	8007042 <_printf_i+0x2a>
 800702e:	2b62      	cmp	r3, #98	@ 0x62
 8007030:	f101 0143 	add.w	r1, r1, #67	@ 0x43
 8007034:	d808      	bhi.n	8007048 <_printf_i+0x30>
 8007036:	2b00      	cmp	r3, #0
 8007038:	f000 80dc 	beq.w	80071f4 <_printf_i+0x1dc>
 800703c:	2b58      	cmp	r3, #88	@ 0x58
 800703e:	f000 80bd 	beq.w	80071bc <_printf_i+0x1a4>
 8007042:	f104 0542 	add.w	r5, r4, #66	@ 0x42
 8007046:	e039      	b.n	80070bc <_printf_i+0xa4>
 8007048:	f1a3 0063 	sub.w	r0, r3, #99	@ 0x63
 800704c:	2815      	cmp	r0, #21
 800704e:	d8f8      	bhi.n	8007042 <_printf_i+0x2a>
 8007050:	a501      	add	r5, pc, #4	@ (adr r5, 8007058 <_printf_i+0x40>)
 8007052:	f855 f020 	ldr.w	pc, [r5, r0, lsl #2]
 8007056:	bf00      	nop
 8007058:	080070b1 	.word	0x080070b1
 800705c:	080070c5 	.word	0x080070c5
 8007060:	08007043 	.word	0x08007043
 8007064:	08007043 	.word	0x08007043
 8007068:	08007043 	.word	0x08007043
 800706c:	08007043 	.word	0x08007043
 8007070:	080070c5 	.word	0x080070c5
 8007074:	08007043 	.word	0x08007043
 8007078:	08007043 	.word	0x08007043
 800707c:	08007043 	.word	0x08007043
 8007080:	08007043 	.word	0x08007043
 8007084:	080071d5 	.word	0x080071d5
 8007088:	080070f1 	.word	0x080070f1
 800708c:	08007183 	.word	0x08007183
 8007090:	08007043 	.word	0x08007043
 8007094:	08007043 	.word	0x08007043
 8007098:	080071fd 	.word	0x080071fd
 800709c:	08007043 	.word	0x08007043
 80070a0:	080070f1 	.word	0x080070f1
 80070a4:	08007043 	.word	0x08007043
 80070a8:	08007043 	.word	0x08007043
 80070ac:	0800718b 	.word	0x0800718b
 80070b0:	6813      	ldr	r3, [r2, #0]
 80070b2:	1d19      	adds	r1, r3, #4
 80070b4:	681b      	ldr	r3, [r3, #0]
 80070b6:	6011      	str	r1, [r2, #0]
 80070b8:	f104 0542 	add.w	r5, r4, #66	@ 0x42
 80070bc:	f884 3042 	strb.w	r3, [r4, #66]	@ 0x42
 80070c0:	2301      	movs	r3, #1
 80070c2:	e0a8      	b.n	8007216 <_printf_i+0x1fe>
 80070c4:	6813      	ldr	r3, [r2, #0]
 80070c6:	6825      	ldr	r5, [r4, #0]
 80070c8:	1d18      	adds	r0, r3, #4
 80070ca:	6010      	str	r0, [r2, #0]
 80070cc:	0628      	lsls	r0, r5, #24
 80070ce:	d501      	bpl.n	80070d4 <_printf_i+0xbc>
 80070d0:	681b      	ldr	r3, [r3, #0]
 80070d2:	e003      	b.n	80070dc <_printf_i+0xc4>
 80070d4:	066a      	lsls	r2, r5, #25
 80070d6:	d5fb      	bpl.n	80070d0 <_printf_i+0xb8>
 80070d8:	f9b3 3000 	ldrsh.w	r3, [r3]
 80070dc:	2b00      	cmp	r3, #0
 80070de:	da03      	bge.n	80070e8 <_printf_i+0xd0>
 80070e0:	222d      	movs	r2, #45	@ 0x2d
 80070e2:	425b      	negs	r3, r3
 80070e4:	f884 2043 	strb.w	r2, [r4, #67]	@ 0x43
 80070e8:	f8df c178 	ldr.w	ip, [pc, #376]	@ 8007264 <_printf_i+0x24c>
 80070ec:	220a      	movs	r2, #10
 80070ee:	e013      	b.n	8007118 <_printf_i+0x100>
 80070f0:	6825      	ldr	r5, [r4, #0]
 80070f2:	6810      	ldr	r0, [r2, #0]
 80070f4:	f015 0f80 	tst.w	r5, #128	@ 0x80
 80070f8:	f850 3b04 	ldr.w	r3, [r0], #4
 80070fc:	d102      	bne.n	8007104 <_printf_i+0xec>
 80070fe:	066d      	lsls	r5, r5, #25
 8007100:	bf48      	it	mi
 8007102:	b29b      	uxthmi	r3, r3
 8007104:	6010      	str	r0, [r2, #0]
 8007106:	7e22      	ldrb	r2, [r4, #24]
 8007108:	f8df c158 	ldr.w	ip, [pc, #344]	@ 8007264 <_printf_i+0x24c>
 800710c:	2a6f      	cmp	r2, #111	@ 0x6f
 800710e:	d15d      	bne.n	80071cc <_printf_i+0x1b4>
 8007110:	2208      	movs	r2, #8
 8007112:	2000      	movs	r0, #0
 8007114:	f884 0043 	strb.w	r0, [r4, #67]	@ 0x43
 8007118:	6865      	ldr	r5, [r4, #4]
 800711a:	60a5      	str	r5, [r4, #8]
 800711c:	2d00      	cmp	r5, #0
 800711e:	db05      	blt.n	800712c <_printf_i+0x114>
 8007120:	6820      	ldr	r0, [r4, #0]
 8007122:	431d      	orrs	r5, r3
 8007124:	f020 0004 	bic.w	r0, r0, #4
 8007128:	6020      	str	r0, [r4, #0]
 800712a:	d051      	beq.n	80071d0 <_printf_i+0x1b8>
 800712c:	460d      	mov	r5, r1
 800712e:	fbb3 f0f2 	udiv	r0, r3, r2
 8007132:	fb02 3e10 	mls	lr, r2, r0, r3
 8007136:	429a      	cmp	r2, r3
 8007138:	f81c e00e 	ldrb.w	lr, [ip, lr]
 800713c:	f805 ed01 	strb.w	lr, [r5, #-1]!
 8007140:	4603      	mov	r3, r0
 8007142:	d9f4      	bls.n	800712e <_printf_i+0x116>
 8007144:	2a08      	cmp	r2, #8
 8007146:	d10b      	bne.n	8007160 <_printf_i+0x148>
 8007148:	6823      	ldr	r3, [r4, #0]
 800714a:	07da      	lsls	r2, r3, #31
 800714c:	d508      	bpl.n	8007160 <_printf_i+0x148>
 800714e:	6923      	ldr	r3, [r4, #16]
 8007150:	6862      	ldr	r2, [r4, #4]
 8007152:	429a      	cmp	r2, r3
 8007154:	bfde      	ittt	le
 8007156:	2330      	movle	r3, #48	@ 0x30
 8007158:	f805 3c01 	strble.w	r3, [r5, #-1]
 800715c:	f105 35ff 	addle.w	r5, r5, #4294967295	@ 0xffffffff
 8007160:	1b49      	subs	r1, r1, r5
 8007162:	6121      	str	r1, [r4, #16]
 8007164:	f8cd 8000 	str.w	r8, [sp]
 8007168:	463b      	mov	r3, r7
 800716a:	aa03      	add	r2, sp, #12
 800716c:	4621      	mov	r1, r4
 800716e:	4630      	mov	r0, r6
 8007170:	f7ff fedc 	bl	8006f2c <_printf_common>
 8007174:	3001      	adds	r0, #1
 8007176:	d153      	bne.n	8007220 <_printf_i+0x208>
 8007178:	f04f 30ff 	mov.w	r0, #4294967295	@ 0xffffffff
 800717c:	b005      	add	sp, #20
 800717e:	e8bd 83f0 	ldmia.w	sp!, {r4, r5, r6, r7, r8, r9, pc}
 8007182:	6823      	ldr	r3, [r4, #0]
 8007184:	f043 0320 	orr.w	r3, r3, #32
 8007188:	6023      	str	r3, [r4, #0]
 800718a:	f8df c0dc 	ldr.w	ip, [pc, #220]	@ 8007268 <_printf_i+0x250>
 800718e:	2378      	movs	r3, #120	@ 0x78
 8007190:	f884 3045 	strb.w	r3, [r4, #69]	@ 0x45
 8007194:	6820      	ldr	r0, [r4, #0]
 8007196:	6815      	ldr	r5, [r2, #0]
 8007198:	f010 0f80 	tst.w	r0, #128	@ 0x80
 800719c:	f855 3b04 	ldr.w	r3, [r5], #4
 80071a0:	d103      	bne.n	80071aa <_printf_i+0x192>
 80071a2:	f010 0f40 	tst.w	r0, #64	@ 0x40
 80071a6:	bf18      	it	ne
 80071a8:	b29b      	uxthne	r3, r3
 80071aa:	6015      	str	r5, [r2, #0]
 80071ac:	07c5      	lsls	r5, r0, #31
 80071ae:	bf44      	itt	mi
 80071b0:	f040 0020 	orrmi.w	r0, r0, #32
 80071b4:	6020      	strmi	r0, [r4, #0]
 80071b6:	b123      	cbz	r3, 80071c2 <_printf_i+0x1aa>
 80071b8:	2210      	movs	r2, #16
 80071ba:	e7aa      	b.n	8007112 <_printf_i+0xfa>
 80071bc:	f8df c0a4 	ldr.w	ip, [pc, #164]	@ 8007264 <_printf_i+0x24c>
 80071c0:	e7e6      	b.n	8007190 <_printf_i+0x178>
 80071c2:	6822      	ldr	r2, [r4, #0]
 80071c4:	f022 0220 	bic.w	r2, r2, #32
 80071c8:	6022      	str	r2, [r4, #0]
 80071ca:	e7f5      	b.n	80071b8 <_printf_i+0x1a0>
 80071cc:	220a      	movs	r2, #10
 80071ce:	e7a0      	b.n	8007112 <_printf_i+0xfa>
 80071d0:	460d      	mov	r5, r1
 80071d2:	e7b7      	b.n	8007144 <_printf_i+0x12c>
 80071d4:	6813      	ldr	r3, [r2, #0]
 80071d6:	f8d4 c000 	ldr.w	ip, [r4]
 80071da:	6960      	ldr	r0, [r4, #20]
 80071dc:	1d1d      	adds	r5, r3, #4
 80071de:	6015      	str	r5, [r2, #0]
 80071e0:	f01c 0f80 	tst.w	ip, #128	@ 0x80
 80071e4:	681b      	ldr	r3, [r3, #0]
 80071e6:	d001      	beq.n	80071ec <_printf_i+0x1d4>
 80071e8:	6018      	str	r0, [r3, #0]
 80071ea:	e003      	b.n	80071f4 <_printf_i+0x1dc>
 80071ec:	f01c 0f40 	tst.w	ip, #64	@ 0x40
 80071f0:	d0fa      	beq.n	80071e8 <_printf_i+0x1d0>
 80071f2:	8018      	strh	r0, [r3, #0]
 80071f4:	2300      	movs	r3, #0
 80071f6:	6123      	str	r3, [r4, #16]
 80071f8:	460d      	mov	r5, r1
 80071fa:	e7b3      	b.n	8007164 <_printf_i+0x14c>
 80071fc:	6813      	ldr	r3, [r2, #0]
 80071fe:	1d19      	adds	r1, r3, #4
 8007200:	6011      	str	r1, [r2, #0]
 8007202:	681d      	ldr	r5, [r3, #0]
 8007204:	6862      	ldr	r2, [r4, #4]
 8007206:	2100      	movs	r1, #0
 8007208:	4628      	mov	r0, r5
 800720a:	f7f8 ff99 	bl	8000140 <memchr>
 800720e:	b108      	cbz	r0, 8007214 <_printf_i+0x1fc>
 8007210:	1b40      	subs	r0, r0, r5
 8007212:	6060      	str	r0, [r4, #4]
 8007214:	6863      	ldr	r3, [r4, #4]
 8007216:	6123      	str	r3, [r4, #16]
 8007218:	2300      	movs	r3, #0
 800721a:	f884 3043 	strb.w	r3, [r4, #67]	@ 0x43
 800721e:	e7a1      	b.n	8007164 <_printf_i+0x14c>
 8007220:	6923      	ldr	r3, [r4, #16]
 8007222:	462a      	mov	r2, r5
 8007224:	4639      	mov	r1, r7
 8007226:	4630      	mov	r0, r6
 8007228:	47c0      	blx	r8
 800722a:	3001      	adds	r0, #1
 800722c:	d0a4      	beq.n	8007178 <_printf_i+0x160>
 800722e:	6823      	ldr	r3, [r4, #0]
 8007230:	079b      	lsls	r3, r3, #30
 8007232:	d414      	bmi.n	800725e <_printf_i+0x246>
 8007234:	68e0      	ldr	r0, [r4, #12]
 8007236:	9b03      	ldr	r3, [sp, #12]
 8007238:	4298      	cmp	r0, r3
 800723a:	bfb8      	it	lt
 800723c:	4618      	movlt	r0, r3
 800723e:	e79d      	b.n	800717c <_printf_i+0x164>
 8007240:	2301      	movs	r3, #1
 8007242:	f104 0219 	add.w	r2, r4, #25
 8007246:	4639      	mov	r1, r7
 8007248:	4630      	mov	r0, r6
 800724a:	47c0      	blx	r8
 800724c:	3001      	adds	r0, #1
 800724e:	d093      	beq.n	8007178 <_printf_i+0x160>
 8007250:	3501      	adds	r5, #1
 8007252:	68e3      	ldr	r3, [r4, #12]
 8007254:	9903      	ldr	r1, [sp, #12]
 8007256:	1a5b      	subs	r3, r3, r1
 8007258:	42ab      	cmp	r3, r5
 800725a:	dcf1      	bgt.n	8007240 <_printf_i+0x228>
 800725c:	e7ea      	b.n	8007234 <_printf_i+0x21c>
 800725e:	2500      	movs	r5, #0
 8007260:	e7f7      	b.n	8007252 <_printf_i+0x23a>
 8007262:	bf00      	nop
 8007264:	080097fa 	.word	0x080097fa
 8007268:	0800980b 	.word	0x0800980b

0800726c <std>:
 800726c:	2300      	movs	r3, #0
 800726e:	b510      	push	{r4, lr}
 8007270:	4604      	mov	r4, r0
 8007272:	e9c0 3300 	strd	r3, r3, [r0]
 8007276:	e9c0 3304 	strd	r3, r3, [r0, #16]
 800727a:	6083      	str	r3, [r0, #8]
 800727c:	8181      	strh	r1, [r0, #12]
 800727e:	6643      	str	r3, [r0, #100]	@ 0x64
 8007280:	81c2      	strh	r2, [r0, #14]
 8007282:	6183      	str	r3, [r0, #24]
 8007284:	4619      	mov	r1, r3
 8007286:	2208      	movs	r2, #8
 8007288:	305c      	adds	r0, #92	@ 0x5c
 800728a:	f000 f929 	bl	80074e0 <memset>
 800728e:	4b0d      	ldr	r3, [pc, #52]	@ (80072c4 <std+0x58>)
 8007290:	6263      	str	r3, [r4, #36]	@ 0x24
 8007292:	4b0d      	ldr	r3, [pc, #52]	@ (80072c8 <std+0x5c>)
 8007294:	62a3      	str	r3, [r4, #40]	@ 0x28
 8007296:	4b0d      	ldr	r3, [pc, #52]	@ (80072cc <std+0x60>)
 8007298:	62e3      	str	r3, [r4, #44]	@ 0x2c
 800729a:	4b0d      	ldr	r3, [pc, #52]	@ (80072d0 <std+0x64>)
 800729c:	6323      	str	r3, [r4, #48]	@ 0x30
 800729e:	4b0d      	ldr	r3, [pc, #52]	@ (80072d4 <std+0x68>)
 80072a0:	6224      	str	r4, [r4, #32]
 80072a2:	429c      	cmp	r4, r3
 80072a4:	d006      	beq.n	80072b4 <std+0x48>
 80072a6:	f103 0268 	add.w	r2, r3, #104	@ 0x68
 80072aa:	4294      	cmp	r4, r2
 80072ac:	d002      	beq.n	80072b4 <std+0x48>
 80072ae:	33d0      	adds	r3, #208	@ 0xd0
 80072b0:	429c      	cmp	r4, r3
 80072b2:	d105      	bne.n	80072c0 <std+0x54>
 80072b4:	f104 0058 	add.w	r0, r4, #88	@ 0x58
 80072b8:	e8bd 4010 	ldmia.w	sp!, {r4, lr}
 80072bc:	f000 b98c 	b.w	80075d8 <__retarget_lock_init_recursive>
 80072c0:	bd10      	pop	{r4, pc}
 80072c2:	bf00      	nop
 80072c4:	08007459 	.word	0x08007459
 80072c8:	0800747b 	.word	0x0800747b
 80072cc:	080074b3 	.word	0x080074b3
 80072d0:	080074d9 	.word	0x080074d9
 80072d4:	20001eb8 	.word	0x20001eb8

080072d8 <stdio_exit_handler>:
 80072d8:	4a02      	ldr	r2, [pc, #8]	@ (80072e4 <stdio_exit_handler+0xc>)
 80072da:	4903      	ldr	r1, [pc, #12]	@ (80072e8 <stdio_exit_handler+0x10>)
 80072dc:	4803      	ldr	r0, [pc, #12]	@ (80072ec <stdio_exit_handler+0x14>)
 80072de:	f000 b86b 	b.w	80073b8 <_fwalk_sglue>
 80072e2:	bf00      	nop
 80072e4:	20000104 	.word	0x20000104
 80072e8:	08008f99 	.word	0x08008f99
 80072ec:	20000114 	.word	0x20000114

080072f0 <cleanup_stdio>:
 80072f0:	6841      	ldr	r1, [r0, #4]
 80072f2:	4b0c      	ldr	r3, [pc, #48]	@ (8007324 <cleanup_stdio+0x34>)
 80072f4:	4299      	cmp	r1, r3
 80072f6:	b510      	push	{r4, lr}
 80072f8:	4604      	mov	r4, r0
 80072fa:	d001      	beq.n	8007300 <cleanup_stdio+0x10>
 80072fc:	f001 fe4c 	bl	8008f98 <_fflush_r>
 8007300:	68a1      	ldr	r1, [r4, #8]
 8007302:	4b09      	ldr	r3, [pc, #36]	@ (8007328 <cleanup_stdio+0x38>)
 8007304:	4299      	cmp	r1, r3
 8007306:	d002      	beq.n	800730e <cleanup_stdio+0x1e>
 8007308:	4620      	mov	r0, r4
 800730a:	f001 fe45 	bl	8008f98 <_fflush_r>
 800730e:	68e1      	ldr	r1, [r4, #12]
 8007310:	4b06      	ldr	r3, [pc, #24]	@ (800732c <cleanup_stdio+0x3c>)
 8007312:	4299      	cmp	r1, r3
 8007314:	d004      	beq.n	8007320 <cleanup_stdio+0x30>
 8007316:	4620      	mov	r0, r4
 8007318:	e8bd 4010 	ldmia.w	sp!, {r4, lr}
 800731c:	f001 be3c 	b.w	8008f98 <_fflush_r>
 8007320:	bd10      	pop	{r4, pc}
 8007322:	bf00      	nop
 8007324:	20001eb8 	.word	0x20001eb8
 8007328:	20001f20 	.word	0x20001f20
 800732c:	20001f88 	.word	0x20001f88

08007330 <global_stdio_init.part.0>:
 8007330:	b510      	push	{r4, lr}
 8007332:	4b0a      	ldr	r3, [pc, #40]	@ (800735c <global_stdio_init.part.0+0x2c>)
 8007334:	4a0a      	ldr	r2, [pc, #40]	@ (8007360 <global_stdio_init.part.0+0x30>)
 8007336:	601a      	str	r2, [r3, #0]
 8007338:	480a      	ldr	r0, [pc, #40]	@ (8007364 <global_stdio_init.part.0+0x34>)
 800733a:	2200      	movs	r2, #0
 800733c:	2104      	movs	r1, #4
 800733e:	f7ff ff95 	bl	800726c <std>
 8007342:	4809      	ldr	r0, [pc, #36]	@ (8007368 <global_stdio_init.part.0+0x38>)
 8007344:	2201      	movs	r2, #1
 8007346:	2109      	movs	r1, #9
 8007348:	f7ff ff90 	bl	800726c <std>
 800734c:	e8bd 4010 	ldmia.w	sp!, {r4, lr}
 8007350:	4806      	ldr	r0, [pc, #24]	@ (800736c <global_stdio_init.part.0+0x3c>)
 8007352:	2202      	movs	r2, #2
 8007354:	2112      	movs	r1, #18
 8007356:	f7ff bf89 	b.w	800726c <std>
 800735a:	bf00      	nop
 800735c:	20001ff0 	.word	0x20001ff0
 8007360:	080072d9 	.word	0x080072d9
 8007364:	20001eb8 	.word	0x20001eb8
 8007368:	20001f20 	.word	0x20001f20
 800736c:	20001f88 	.word	0x20001f88

08007370 <__sfp_lock_acquire>:
 8007370:	4801      	ldr	r0, [pc, #4]	@ (8007378 <__sfp_lock_acquire+0x8>)
 8007372:	f000 b932 	b.w	80075da <__retarget_lock_acquire_recursive>
 8007376:	bf00      	nop
 8007378:	20001ff9 	.word	0x20001ff9

0800737c <__sfp_lock_release>:
 800737c:	4801      	ldr	r0, [pc, #4]	@ (8007384 <__sfp_lock_release+0x8>)
 800737e:	f000 b92d 	b.w	80075dc <__retarget_lock_release_recursive>
 8007382:	bf00      	nop
 8007384:	20001ff9 	.word	0x20001ff9

08007388 <__sinit>:
 8007388:	b510      	push	{r4, lr}
 800738a:	4604      	mov	r4, r0
 800738c:	f7ff fff0 	bl	8007370 <__sfp_lock_acquire>
 8007390:	6a23      	ldr	r3, [r4, #32]
 8007392:	b11b      	cbz	r3, 800739c <__sinit+0x14>
 8007394:	e8bd 4010 	ldmia.w	sp!, {r4, lr}
 8007398:	f7ff bff0 	b.w	800737c <__sfp_lock_release>
 800739c:	4b04      	ldr	r3, [pc, #16]	@ (80073b0 <__sinit+0x28>)
 800739e:	6223      	str	r3, [r4, #32]
 80073a0:	4b04      	ldr	r3, [pc, #16]	@ (80073b4 <__sinit+0x2c>)
 80073a2:	681b      	ldr	r3, [r3, #0]
 80073a4:	2b00      	cmp	r3, #0
 80073a6:	d1f5      	bne.n	8007394 <__sinit+0xc>
 80073a8:	f7ff ffc2 	bl	8007330 <global_stdio_init.part.0>
 80073ac:	e7f2      	b.n	8007394 <__sinit+0xc>
 80073ae:	bf00      	nop
 80073b0:	080072f1 	.word	0x080072f1
 80073b4:	20001ff0 	.word	0x20001ff0

080073b8 <_fwalk_sglue>:
 80073b8:	e92d 43f8 	stmdb	sp!, {r3, r4, r5, r6, r7, r8, r9, lr}
 80073bc:	4680      	mov	r8, r0
 80073be:	4689      	mov	r9, r1
 80073c0:	4614      	mov	r4, r2
 80073c2:	2600      	movs	r6, #0
 80073c4:	e9d4 7501 	ldrd	r7, r5, [r4, #4]
 80073c8:	3f01      	subs	r7, #1
 80073ca:	d505      	bpl.n	80073d8 <_fwalk_sglue+0x20>
 80073cc:	6824      	ldr	r4, [r4, #0]
 80073ce:	2c00      	cmp	r4, #0
 80073d0:	d1f8      	bne.n	80073c4 <_fwalk_sglue+0xc>
 80073d2:	4630      	mov	r0, r6
 80073d4:	e8bd 83f8 	ldmia.w	sp!, {r3, r4, r5, r6, r7, r8, r9, pc}
 80073d8:	89ab      	ldrh	r3, [r5, #12]
 80073da:	2b01      	cmp	r3, #1
 80073dc:	d907      	bls.n	80073ee <_fwalk_sglue+0x36>
 80073de:	f9b5 300e 	ldrsh.w	r3, [r5, #14]
 80073e2:	3301      	adds	r3, #1
 80073e4:	d003      	beq.n	80073ee <_fwalk_sglue+0x36>
 80073e6:	4629      	mov	r1, r5
 80073e8:	4640      	mov	r0, r8
 80073ea:	47c8      	blx	r9
 80073ec:	4306      	orrs	r6, r0
 80073ee:	3568      	adds	r5, #104	@ 0x68
 80073f0:	e7ea      	b.n	80073c8 <_fwalk_sglue+0x10>
	...

080073f4 <sniprintf>:
 80073f4:	b40c      	push	{r2, r3}
 80073f6:	b530      	push	{r4, r5, lr}
 80073f8:	4b15      	ldr	r3, [pc, #84]	@ (8007450 <sniprintf+0x5c>)
 80073fa:	1e0c      	subs	r4, r1, #0
 80073fc:	681d      	ldr	r5, [r3, #0]
 80073fe:	b09d      	sub	sp, #116	@ 0x74
 8007400:	da08      	bge.n	8007414 <sniprintf+0x20>
 8007402:	238b      	movs	r3, #139	@ 0x8b
 8007404:	602b      	str	r3, [r5, #0]
 8007406:	f04f 30ff 	mov.w	r0, #4294967295	@ 0xffffffff
 800740a:	b01d      	add	sp, #116	@ 0x74
 800740c:	e8bd 4030 	ldmia.w	sp!, {r4, r5, lr}
 8007410:	b002      	add	sp, #8
 8007412:	4770      	bx	lr
 8007414:	f04f 0300 	mov.w	r3, #0
 8007418:	931b      	str	r3, [sp, #108]	@ 0x6c
 800741a:	bf18      	it	ne
 800741c:	2301      	movne	r3, #1
 800741e:	1ae3      	subs	r3, r4, r3
 8007420:	9304      	str	r3, [sp, #16]
 8007422:	9307      	str	r3, [sp, #28]
 8007424:	4b0b      	ldr	r3, [pc, #44]	@ (8007454 <sniprintf+0x60>)
 8007426:	9002      	str	r0, [sp, #8]
 8007428:	9006      	str	r0, [sp, #24]
 800742a:	9305      	str	r3, [sp, #20]
 800742c:	9a20      	ldr	r2, [sp, #128]	@ 0x80
 800742e:	ab21      	add	r3, sp, #132	@ 0x84
 8007430:	a902      	add	r1, sp, #8
 8007432:	4628      	mov	r0, r5
 8007434:	9301      	str	r3, [sp, #4]
 8007436:	f001 fc37 	bl	8008ca8 <_svfiprintf_r>
 800743a:	1c43      	adds	r3, r0, #1
 800743c:	bfbc      	itt	lt
 800743e:	238b      	movlt	r3, #139	@ 0x8b
 8007440:	602b      	strlt	r3, [r5, #0]
 8007442:	2c00      	cmp	r4, #0
 8007444:	d0e1      	beq.n	800740a <sniprintf+0x16>
 8007446:	9b02      	ldr	r3, [sp, #8]
 8007448:	2200      	movs	r2, #0
 800744a:	701a      	strb	r2, [r3, #0]
 800744c:	e7dd      	b.n	800740a <sniprintf+0x16>
 800744e:	bf00      	nop
 8007450:	20000110 	.word	0x20000110
 8007454:	ffff0208 	.word	0xffff0208

08007458 <__sread>:
 8007458:	b510      	push	{r4, lr}
 800745a:	460c      	mov	r4, r1
 800745c:	f9b1 100e 	ldrsh.w	r1, [r1, #14]
 8007460:	f000 f86c 	bl	800753c <_read_r>
 8007464:	2800      	cmp	r0, #0
 8007466:	bfab      	itete	ge
 8007468:	6d63      	ldrge	r3, [r4, #84]	@ 0x54
 800746a:	89a3      	ldrhlt	r3, [r4, #12]
 800746c:	181b      	addge	r3, r3, r0
 800746e:	f423 5380 	biclt.w	r3, r3, #4096	@ 0x1000
 8007472:	bfac      	ite	ge
 8007474:	6563      	strge	r3, [r4, #84]	@ 0x54
 8007476:	81a3      	strhlt	r3, [r4, #12]
 8007478:	bd10      	pop	{r4, pc}

0800747a <__swrite>:
 800747a:	e92d 41f0 	stmdb	sp!, {r4, r5, r6, r7, r8, lr}
 800747e:	461f      	mov	r7, r3
 8007480:	898b      	ldrh	r3, [r1, #12]
 8007482:	05db      	lsls	r3, r3, #23
 8007484:	4605      	mov	r5, r0
 8007486:	460c      	mov	r4, r1
 8007488:	4616      	mov	r6, r2
 800748a:	d505      	bpl.n	8007498 <__swrite+0x1e>
 800748c:	f9b1 100e 	ldrsh.w	r1, [r1, #14]
 8007490:	2302      	movs	r3, #2
 8007492:	2200      	movs	r2, #0
 8007494:	f000 f840 	bl	8007518 <_lseek_r>
 8007498:	89a3      	ldrh	r3, [r4, #12]
 800749a:	f9b4 100e 	ldrsh.w	r1, [r4, #14]
 800749e:	f423 5380 	bic.w	r3, r3, #4096	@ 0x1000
 80074a2:	81a3      	strh	r3, [r4, #12]
 80074a4:	4632      	mov	r2, r6
 80074a6:	463b      	mov	r3, r7
 80074a8:	4628      	mov	r0, r5
 80074aa:	e8bd 41f0 	ldmia.w	sp!, {r4, r5, r6, r7, r8, lr}
 80074ae:	f000 b857 	b.w	8007560 <_write_r>

080074b2 <__sseek>:
 80074b2:	b510      	push	{r4, lr}
 80074b4:	460c      	mov	r4, r1
 80074b6:	f9b1 100e 	ldrsh.w	r1, [r1, #14]
 80074ba:	f000 f82d 	bl	8007518 <_lseek_r>
 80074be:	f9b4 300c 	ldrsh.w	r3, [r4, #12]
 80074c2:	1c42      	adds	r2, r0, #1
 80074c4:	bf0b      	itete	eq
 80074c6:	f423 5380 	biceq.w	r3, r3, #4096	@ 0x1000
 80074ca:	f443 5380 	orrne.w	r3, r3, #4096	@ 0x1000
 80074ce:	81a3      	strheq	r3, [r4, #12]
 80074d0:	81a3      	strhne	r3, [r4, #12]
 80074d2:	bf18      	it	ne
 80074d4:	6560      	strne	r0, [r4, #84]	@ 0x54
 80074d6:	bd10      	pop	{r4, pc}

080074d8 <__sclose>:
 80074d8:	f9b1 100e 	ldrsh.w	r1, [r1, #14]
 80074dc:	f000 b80c 	b.w	80074f8 <_close_r>

080074e0 <memset>:
 80074e0:	4402      	add	r2, r0
 80074e2:	4603      	mov	r3, r0
 80074e4:	4293      	cmp	r3, r2
 80074e6:	d100      	bne.n	80074ea <memset+0xa>
 80074e8:	4770      	bx	lr
 80074ea:	f803 1b01 	strb.w	r1, [r3], #1
 80074ee:	e7f9      	b.n	80074e4 <memset+0x4>

080074f0 <_localeconv_r>:
 80074f0:	4800      	ldr	r0, [pc, #0]	@ (80074f4 <_localeconv_r+0x4>)
 80074f2:	4770      	bx	lr
 80074f4:	20000250 	.word	0x20000250

080074f8 <_close_r>:
 80074f8:	b538      	push	{r3, r4, r5, lr}
 80074fa:	4c06      	ldr	r4, [pc, #24]	@ (8007514 <_close_r+0x1c>)
 80074fc:	2300      	movs	r3, #0
 80074fe:	4605      	mov	r5, r0
 8007500:	4608      	mov	r0, r1
 8007502:	6023      	str	r3, [r4, #0]
 8007504:	f7fd fece 	bl	80052a4 <_close>
 8007508:	1c43      	adds	r3, r0, #1
 800750a:	d102      	bne.n	8007512 <_close_r+0x1a>
 800750c:	6823      	ldr	r3, [r4, #0]
 800750e:	b103      	cbz	r3, 8007512 <_close_r+0x1a>
 8007510:	602b      	str	r3, [r5, #0]
 8007512:	bd38      	pop	{r3, r4, r5, pc}
 8007514:	20001ff4 	.word	0x20001ff4

08007518 <_lseek_r>:
 8007518:	b538      	push	{r3, r4, r5, lr}
 800751a:	4c07      	ldr	r4, [pc, #28]	@ (8007538 <_lseek_r+0x20>)
 800751c:	4605      	mov	r5, r0
 800751e:	4608      	mov	r0, r1
 8007520:	4611      	mov	r1, r2
 8007522:	2200      	movs	r2, #0
 8007524:	6022      	str	r2, [r4, #0]
 8007526:	461a      	mov	r2, r3
 8007528:	f7fd fec6 	bl	80052b8 <_lseek>
 800752c:	1c43      	adds	r3, r0, #1
 800752e:	d102      	bne.n	8007536 <_lseek_r+0x1e>
 8007530:	6823      	ldr	r3, [r4, #0]
 8007532:	b103      	cbz	r3, 8007536 <_lseek_r+0x1e>
 8007534:	602b      	str	r3, [r5, #0]
 8007536:	bd38      	pop	{r3, r4, r5, pc}
 8007538:	20001ff4 	.word	0x20001ff4

0800753c <_read_r>:
 800753c:	b538      	push	{r3, r4, r5, lr}
 800753e:	4c07      	ldr	r4, [pc, #28]	@ (800755c <_read_r+0x20>)
 8007540:	4605      	mov	r5, r0
 8007542:	4608      	mov	r0, r1
 8007544:	4611      	mov	r1, r2
 8007546:	2200      	movs	r2, #0
 8007548:	6022      	str	r2, [r4, #0]
 800754a:	461a      	mov	r2, r3
 800754c:	f7fd fe8c 	bl	8005268 <_read>
 8007550:	1c43      	adds	r3, r0, #1
 8007552:	d102      	bne.n	800755a <_read_r+0x1e>
 8007554:	6823      	ldr	r3, [r4, #0]
 8007556:	b103      	cbz	r3, 800755a <_read_r+0x1e>
 8007558:	602b      	str	r3, [r5, #0]
 800755a:	bd38      	pop	{r3, r4, r5, pc}
 800755c:	20001ff4 	.word	0x20001ff4

08007560 <_write_r>:
 8007560:	b538      	push	{r3, r4, r5, lr}
 8007562:	4c07      	ldr	r4, [pc, #28]	@ (8007580 <_write_r+0x20>)
 8007564:	4605      	mov	r5, r0
 8007566:	4608      	mov	r0, r1
 8007568:	4611      	mov	r1, r2
 800756a:	2200      	movs	r2, #0
 800756c:	6022      	str	r2, [r4, #0]
 800756e:	461a      	mov	r2, r3
 8007570:	f7fd fe8a 	bl	8005288 <_write>
 8007574:	1c43      	adds	r3, r0, #1
 8007576:	d102      	bne.n	800757e <_write_r+0x1e>
 8007578:	6823      	ldr	r3, [r4, #0]
 800757a:	b103      	cbz	r3, 800757e <_write_r+0x1e>
 800757c:	602b      	str	r3, [r5, #0]
 800757e:	bd38      	pop	{r3, r4, r5, pc}
 8007580:	20001ff4 	.word	0x20001ff4

08007584 <__errno>:
 8007584:	4b01      	ldr	r3, [pc, #4]	@ (800758c <__errno+0x8>)
 8007586:	6818      	ldr	r0, [r3, #0]
 8007588:	4770      	bx	lr
 800758a:	bf00      	nop
 800758c:	20000110 	.word	0x20000110

08007590 <__libc_init_array>:
 8007590:	b570      	push	{r4, r5, r6, lr}
 8007592:	4b0d      	ldr	r3, [pc, #52]	@ (80075c8 <__libc_init_array+0x38>)
 8007594:	4c0d      	ldr	r4, [pc, #52]	@ (80075cc <__libc_init_array+0x3c>)
 8007596:	2600      	movs	r6, #0
 8007598:	1b1d      	subs	r5, r3, r4
 800759a:	ebb6 0fa5 	cmp.w	r6, r5, asr #2
 800759e:	d109      	bne.n	80075b4 <__libc_init_array+0x24>
 80075a0:	f002 f87e 	bl	80096a0 <_init>
 80075a4:	4c0a      	ldr	r4, [pc, #40]	@ (80075d0 <__libc_init_array+0x40>)
 80075a6:	4b0b      	ldr	r3, [pc, #44]	@ (80075d4 <__libc_init_array+0x44>)
 80075a8:	2600      	movs	r6, #0
 80075aa:	1b1d      	subs	r5, r3, r4
 80075ac:	ebb6 0fa5 	cmp.w	r6, r5, asr #2
 80075b0:	d105      	bne.n	80075be <__libc_init_array+0x2e>
 80075b2:	bd70      	pop	{r4, r5, r6, pc}
 80075b4:	f854 3b04 	ldr.w	r3, [r4], #4
 80075b8:	4798      	blx	r3
 80075ba:	3601      	adds	r6, #1
 80075bc:	e7ed      	b.n	800759a <__libc_init_array+0xa>
 80075be:	f854 3b04 	ldr.w	r3, [r4], #4
 80075c2:	4798      	blx	r3
 80075c4:	3601      	adds	r6, #1
 80075c6:	e7f1      	b.n	80075ac <__libc_init_array+0x1c>
 80075c8:	08009c14 	.word	0x08009c14
 80075cc:	08009c14 	.word	0x08009c14
 80075d0:	08009c14 	.word	0x08009c14
 80075d4:	08009c18 	.word	0x08009c18

080075d8 <__retarget_lock_init_recursive>:
 80075d8:	4770      	bx	lr

080075da <__retarget_lock_acquire_recursive>:
 80075da:	4770      	bx	lr

080075dc <__retarget_lock_release_recursive>:
 80075dc:	4770      	bx	lr

080075de <memcpy>:
 80075de:	440a      	add	r2, r1
 80075e0:	4291      	cmp	r1, r2
 80075e2:	f100 33ff 	add.w	r3, r0, #4294967295	@ 0xffffffff
 80075e6:	d100      	bne.n	80075ea <memcpy+0xc>
 80075e8:	4770      	bx	lr
 80075ea:	b510      	push	{r4, lr}
 80075ec:	f811 4b01 	ldrb.w	r4, [r1], #1
 80075f0:	f803 4f01 	strb.w	r4, [r3, #1]!
 80075f4:	4291      	cmp	r1, r2
 80075f6:	d1f9      	bne.n	80075ec <memcpy+0xe>
 80075f8:	bd10      	pop	{r4, pc}

080075fa <quorem>:
 80075fa:	e92d 4ff7 	stmdb	sp!, {r0, r1, r2, r4, r5, r6, r7, r8, r9, sl, fp, lr}
 80075fe:	6903      	ldr	r3, [r0, #16]
 8007600:	690c      	ldr	r4, [r1, #16]
 8007602:	42a3      	cmp	r3, r4
 8007604:	4680      	mov	r8, r0
 8007606:	db7e      	blt.n	8007706 <quorem+0x10c>
 8007608:	3c01      	subs	r4, #1
 800760a:	f101 0714 	add.w	r7, r1, #20
 800760e:	00a3      	lsls	r3, r4, #2
 8007610:	f100 0514 	add.w	r5, r0, #20
 8007614:	9300      	str	r3, [sp, #0]
 8007616:	eb05 0384 	add.w	r3, r5, r4, lsl #2
 800761a:	9301      	str	r3, [sp, #4]
 800761c:	f857 3024 	ldr.w	r3, [r7, r4, lsl #2]
 8007620:	f855 2024 	ldr.w	r2, [r5, r4, lsl #2]
 8007624:	3301      	adds	r3, #1
 8007626:	429a      	cmp	r2, r3
 8007628:	eb07 0984 	add.w	r9, r7, r4, lsl #2
 800762c:	fbb2 f6f3 	udiv	r6, r2, r3
 8007630:	d32e      	bcc.n	8007690 <quorem+0x96>
 8007632:	f04f 0a00 	mov.w	sl, #0
 8007636:	46bc      	mov	ip, r7
 8007638:	46ae      	mov	lr, r5
 800763a:	46d3      	mov	fp, sl
 800763c:	f85c 3b04 	ldr.w	r3, [ip], #4
 8007640:	b298      	uxth	r0, r3
 8007642:	fb06 a000 	mla	r0, r6, r0, sl
 8007646:	0c02      	lsrs	r2, r0, #16
 8007648:	0c1b      	lsrs	r3, r3, #16
 800764a:	fb06 2303 	mla	r3, r6, r3, r2
 800764e:	f8de 2000 	ldr.w	r2, [lr]
 8007652:	b280      	uxth	r0, r0
 8007654:	b292      	uxth	r2, r2
 8007656:	1a12      	subs	r2, r2, r0
 8007658:	445a      	add	r2, fp
 800765a:	f8de 0000 	ldr.w	r0, [lr]
 800765e:	ea4f 4a13 	mov.w	sl, r3, lsr #16
 8007662:	b29b      	uxth	r3, r3
 8007664:	ebc3 4322 	rsb	r3, r3, r2, asr #16
 8007668:	eb03 4310 	add.w	r3, r3, r0, lsr #16
 800766c:	b292      	uxth	r2, r2
 800766e:	ea42 4203 	orr.w	r2, r2, r3, lsl #16
 8007672:	45e1      	cmp	r9, ip
 8007674:	f84e 2b04 	str.w	r2, [lr], #4
 8007678:	ea4f 4b23 	mov.w	fp, r3, asr #16
 800767c:	d2de      	bcs.n	800763c <quorem+0x42>
 800767e:	9b00      	ldr	r3, [sp, #0]
 8007680:	58eb      	ldr	r3, [r5, r3]
 8007682:	b92b      	cbnz	r3, 8007690 <quorem+0x96>
 8007684:	9b01      	ldr	r3, [sp, #4]
 8007686:	1f1a      	subs	r2, r3, #4
 8007688:	4295      	cmp	r5, r2
 800768a:	d330      	bcc.n	80076ee <quorem+0xf4>
 800768c:	f8c8 4010 	str.w	r4, [r8, #16]
 8007690:	4640      	mov	r0, r8
 8007692:	f001 f99d 	bl	80089d0 <__mcmp>
 8007696:	2800      	cmp	r0, #0
 8007698:	db25      	blt.n	80076e6 <quorem+0xec>
 800769a:	3601      	adds	r6, #1
 800769c:	4629      	mov	r1, r5
 800769e:	2000      	movs	r0, #0
 80076a0:	f857 2b04 	ldr.w	r2, [r7], #4
 80076a4:	f8d1 c000 	ldr.w	ip, [r1]
 80076a8:	fa1f fe82 	uxth.w	lr, r2
 80076ac:	fa1f f38c 	uxth.w	r3, ip
 80076b0:	eba3 030e 	sub.w	r3, r3, lr
 80076b4:	4403      	add	r3, r0
 80076b6:	0c12      	lsrs	r2, r2, #16
 80076b8:	ebc2 4223 	rsb	r2, r2, r3, asr #16
 80076bc:	eb02 421c 	add.w	r2, r2, ip, lsr #16
 80076c0:	b29b      	uxth	r3, r3
 80076c2:	ea43 4302 	orr.w	r3, r3, r2, lsl #16
 80076c6:	45b9      	cmp	r9, r7
 80076c8:	f841 3b04 	str.w	r3, [r1], #4
 80076cc:	ea4f 4022 	mov.w	r0, r2, asr #16
 80076d0:	d2e6      	bcs.n	80076a0 <quorem+0xa6>
 80076d2:	f855 2024 	ldr.w	r2, [r5, r4, lsl #2]
 80076d6:	eb05 0384 	add.w	r3, r5, r4, lsl #2
 80076da:	b922      	cbnz	r2, 80076e6 <quorem+0xec>
 80076dc:	3b04      	subs	r3, #4
 80076de:	429d      	cmp	r5, r3
 80076e0:	d30b      	bcc.n	80076fa <quorem+0x100>
 80076e2:	f8c8 4010 	str.w	r4, [r8, #16]
 80076e6:	4630      	mov	r0, r6
 80076e8:	b003      	add	sp, #12
 80076ea:	e8bd 8ff0 	ldmia.w	sp!, {r4, r5, r6, r7, r8, r9, sl, fp, pc}
 80076ee:	6813      	ldr	r3, [r2, #0]
 80076f0:	2b00      	cmp	r3, #0
 80076f2:	d1cb      	bne.n	800768c <quorem+0x92>
 80076f4:	3a04      	subs	r2, #4
 80076f6:	3c01      	subs	r4, #1
 80076f8:	e7c6      	b.n	8007688 <quorem+0x8e>
 80076fa:	681a      	ldr	r2, [r3, #0]
 80076fc:	2a00      	cmp	r2, #0
 80076fe:	d1f0      	bne.n	80076e2 <quorem+0xe8>
 8007700:	3b04      	subs	r3, #4
 8007702:	3c01      	subs	r4, #1
 8007704:	e7eb      	b.n	80076de <quorem+0xe4>
 8007706:	2000      	movs	r0, #0
 8007708:	e7ee      	b.n	80076e8 <quorem+0xee>
 800770a:	0000      	movs	r0, r0
 800770c:	0000      	movs	r0, r0
	...

08007710 <_dtoa_r>:
 8007710:	e92d 4ff0 	stmdb	sp!, {r4, r5, r6, r7, r8, r9, sl, fp, lr}
 8007714:	b099      	sub	sp, #100	@ 0x64
 8007716:	ed8d 0b0e 	vstr	d0, [sp, #56]	@ 0x38
 800771a:	920c      	str	r2, [sp, #48]	@ 0x30
 800771c:	69c2      	ldr	r2, [r0, #28]
 800771e:	9c22      	ldr	r4, [sp, #136]	@ 0x88
 8007720:	910a      	str	r1, [sp, #40]	@ 0x28
 8007722:	ec57 6b10 	vmov	r6, r7, d0
 8007726:	4681      	mov	r9, r0
 8007728:	9313      	str	r3, [sp, #76]	@ 0x4c
 800772a:	b982      	cbnz	r2, 800774e <_dtoa_r+0x3e>
 800772c:	2010      	movs	r0, #16
 800772e:	f000 fe11 	bl	8008354 <malloc>
 8007732:	4602      	mov	r2, r0
 8007734:	f8c9 001c 	str.w	r0, [r9, #28]
 8007738:	b920      	cbnz	r0, 8007744 <_dtoa_r+0x34>
 800773a:	4ba9      	ldr	r3, [pc, #676]	@ (80079e0 <_dtoa_r+0x2d0>)
 800773c:	21ef      	movs	r1, #239	@ 0xef
 800773e:	48a9      	ldr	r0, [pc, #676]	@ (80079e4 <_dtoa_r+0x2d4>)
 8007740:	f001 fc7c 	bl	800903c <__assert_func>
 8007744:	2300      	movs	r3, #0
 8007746:	e9c0 3301 	strd	r3, r3, [r0, #4]
 800774a:	6003      	str	r3, [r0, #0]
 800774c:	60c3      	str	r3, [r0, #12]
 800774e:	6811      	ldr	r1, [r2, #0]
 8007750:	b159      	cbz	r1, 800776a <_dtoa_r+0x5a>
 8007752:	6852      	ldr	r2, [r2, #4]
 8007754:	604a      	str	r2, [r1, #4]
 8007756:	2301      	movs	r3, #1
 8007758:	4093      	lsls	r3, r2
 800775a:	608b      	str	r3, [r1, #8]
 800775c:	4648      	mov	r0, r9
 800775e:	f000 fee9 	bl	8008534 <_Bfree>
 8007762:	f8d9 301c 	ldr.w	r3, [r9, #28]
 8007766:	2200      	movs	r2, #0
 8007768:	601a      	str	r2, [r3, #0]
 800776a:	f1b7 0800 	subs.w	r8, r7, #0
 800776e:	bfb5      	itete	lt
 8007770:	2301      	movlt	r3, #1
 8007772:	2300      	movge	r3, #0
 8007774:	6023      	strlt	r3, [r4, #0]
 8007776:	6023      	strge	r3, [r4, #0]
 8007778:	4b9b      	ldr	r3, [pc, #620]	@ (80079e8 <_dtoa_r+0x2d8>)
 800777a:	bfbc      	itt	lt
 800777c:	f028 4800 	biclt.w	r8, r8, #2147483648	@ 0x80000000
 8007780:	f8cd 803c 	strlt.w	r8, [sp, #60]	@ 0x3c
 8007784:	ea33 0308 	bics.w	r3, r3, r8
 8007788:	d11a      	bne.n	80077c0 <_dtoa_r+0xb0>
 800778a:	9a13      	ldr	r2, [sp, #76]	@ 0x4c
 800778c:	f3c8 0813 	ubfx	r8, r8, #0, #20
 8007790:	f242 730f 	movw	r3, #9999	@ 0x270f
 8007794:	ea58 0806 	orrs.w	r8, r8, r6
 8007798:	6013      	str	r3, [r2, #0]
 800779a:	f000 8561 	beq.w	8008260 <_dtoa_r+0xb50>
 800779e:	9b23      	ldr	r3, [sp, #140]	@ 0x8c
 80077a0:	b953      	cbnz	r3, 80077b8 <_dtoa_r+0xa8>
 80077a2:	4b92      	ldr	r3, [pc, #584]	@ (80079ec <_dtoa_r+0x2dc>)
 80077a4:	e021      	b.n	80077ea <_dtoa_r+0xda>
 80077a6:	4b92      	ldr	r3, [pc, #584]	@ (80079f0 <_dtoa_r+0x2e0>)
 80077a8:	9300      	str	r3, [sp, #0]
 80077aa:	3308      	adds	r3, #8
 80077ac:	9a23      	ldr	r2, [sp, #140]	@ 0x8c
 80077ae:	6013      	str	r3, [r2, #0]
 80077b0:	9800      	ldr	r0, [sp, #0]
 80077b2:	b019      	add	sp, #100	@ 0x64
 80077b4:	e8bd 8ff0 	ldmia.w	sp!, {r4, r5, r6, r7, r8, r9, sl, fp, pc}
 80077b8:	4b8c      	ldr	r3, [pc, #560]	@ (80079ec <_dtoa_r+0x2dc>)
 80077ba:	9300      	str	r3, [sp, #0]
 80077bc:	3303      	adds	r3, #3
 80077be:	e7f5      	b.n	80077ac <_dtoa_r+0x9c>
 80077c0:	ed9d 7b0e 	vldr	d7, [sp, #56]	@ 0x38
 80077c4:	2200      	movs	r2, #0
 80077c6:	ec51 0b17 	vmov	r0, r1, d7
 80077ca:	2300      	movs	r3, #0
 80077cc:	ed8d 7b06 	vstr	d7, [sp, #24]
 80077d0:	f7f9 f932 	bl	8000a38 <__aeabi_dcmpeq>
 80077d4:	4682      	mov	sl, r0
 80077d6:	b150      	cbz	r0, 80077ee <_dtoa_r+0xde>
 80077d8:	9a13      	ldr	r2, [sp, #76]	@ 0x4c
 80077da:	2301      	movs	r3, #1
 80077dc:	6013      	str	r3, [r2, #0]
 80077de:	9b23      	ldr	r3, [sp, #140]	@ 0x8c
 80077e0:	b113      	cbz	r3, 80077e8 <_dtoa_r+0xd8>
 80077e2:	9a23      	ldr	r2, [sp, #140]	@ 0x8c
 80077e4:	4b83      	ldr	r3, [pc, #524]	@ (80079f4 <_dtoa_r+0x2e4>)
 80077e6:	6013      	str	r3, [r2, #0]
 80077e8:	4b83      	ldr	r3, [pc, #524]	@ (80079f8 <_dtoa_r+0x2e8>)
 80077ea:	9300      	str	r3, [sp, #0]
 80077ec:	e7e0      	b.n	80077b0 <_dtoa_r+0xa0>
 80077ee:	ed9d 0b06 	vldr	d0, [sp, #24]
 80077f2:	aa16      	add	r2, sp, #88	@ 0x58
 80077f4:	a917      	add	r1, sp, #92	@ 0x5c
 80077f6:	4648      	mov	r0, r9
 80077f8:	f001 f99e 	bl	8008b38 <__d2b>
 80077fc:	ea5f 5418 	movs.w	r4, r8, lsr #20
 8007800:	9d16      	ldr	r5, [sp, #88]	@ 0x58
 8007802:	9001      	str	r0, [sp, #4]
 8007804:	d079      	beq.n	80078fa <_dtoa_r+0x1ea>
 8007806:	9b07      	ldr	r3, [sp, #28]
 8007808:	f8cd a050 	str.w	sl, [sp, #80]	@ 0x50
 800780c:	f3c3 0313 	ubfx	r3, r3, #0, #20
 8007810:	e9dd 0106 	ldrd	r0, r1, [sp, #24]
 8007814:	f043 537f 	orr.w	r3, r3, #1069547520	@ 0x3fc00000
 8007818:	f443 1340 	orr.w	r3, r3, #3145728	@ 0x300000
 800781c:	f2a4 34ff 	subw	r4, r4, #1023	@ 0x3ff
 8007820:	4619      	mov	r1, r3
 8007822:	2200      	movs	r2, #0
 8007824:	4b75      	ldr	r3, [pc, #468]	@ (80079fc <_dtoa_r+0x2ec>)
 8007826:	f7f8 fce7 	bl	80001f8 <__aeabi_dsub>
 800782a:	a367      	add	r3, pc, #412	@ (adr r3, 80079c8 <_dtoa_r+0x2b8>)
 800782c:	e9d3 2300 	ldrd	r2, r3, [r3]
 8007830:	f7f8 fe9a 	bl	8000568 <__aeabi_dmul>
 8007834:	a366      	add	r3, pc, #408	@ (adr r3, 80079d0 <_dtoa_r+0x2c0>)
 8007836:	e9d3 2300 	ldrd	r2, r3, [r3]
 800783a:	f7f8 fcdf 	bl	80001fc <__adddf3>
 800783e:	4606      	mov	r6, r0
 8007840:	4620      	mov	r0, r4
 8007842:	460f      	mov	r7, r1
 8007844:	f7f8 fe26 	bl	8000494 <__aeabi_i2d>
 8007848:	a363      	add	r3, pc, #396	@ (adr r3, 80079d8 <_dtoa_r+0x2c8>)
 800784a:	e9d3 2300 	ldrd	r2, r3, [r3]
 800784e:	f7f8 fe8b 	bl	8000568 <__aeabi_dmul>
 8007852:	4602      	mov	r2, r0
 8007854:	460b      	mov	r3, r1
 8007856:	4630      	mov	r0, r6
 8007858:	4639      	mov	r1, r7
 800785a:	f7f8 fccf 	bl	80001fc <__adddf3>
 800785e:	4606      	mov	r6, r0
 8007860:	460f      	mov	r7, r1
 8007862:	f7f9 f931 	bl	8000ac8 <__aeabi_d2iz>
 8007866:	2200      	movs	r2, #0
 8007868:	4680      	mov	r8, r0
 800786a:	2300      	movs	r3, #0
 800786c:	4630      	mov	r0, r6
 800786e:	4639      	mov	r1, r7
 8007870:	f7f9 f8ec 	bl	8000a4c <__aeabi_dcmplt>
 8007874:	b148      	cbz	r0, 800788a <_dtoa_r+0x17a>
 8007876:	4640      	mov	r0, r8
 8007878:	f7f8 fe0c 	bl	8000494 <__aeabi_i2d>
 800787c:	4632      	mov	r2, r6
 800787e:	463b      	mov	r3, r7
 8007880:	f7f9 f8da 	bl	8000a38 <__aeabi_dcmpeq>
 8007884:	b908      	cbnz	r0, 800788a <_dtoa_r+0x17a>
 8007886:	f108 38ff 	add.w	r8, r8, #4294967295	@ 0xffffffff
 800788a:	f1b8 0f16 	cmp.w	r8, #22
 800788e:	d851      	bhi.n	8007934 <_dtoa_r+0x224>
 8007890:	4b5b      	ldr	r3, [pc, #364]	@ (8007a00 <_dtoa_r+0x2f0>)
 8007892:	eb03 03c8 	add.w	r3, r3, r8, lsl #3
 8007896:	e9d3 2300 	ldrd	r2, r3, [r3]
 800789a:	e9dd 0106 	ldrd	r0, r1, [sp, #24]
 800789e:	f7f9 f8d5 	bl	8000a4c <__aeabi_dcmplt>
 80078a2:	2800      	cmp	r0, #0
 80078a4:	d048      	beq.n	8007938 <_dtoa_r+0x228>
 80078a6:	f108 38ff 	add.w	r8, r8, #4294967295	@ 0xffffffff
 80078aa:	2300      	movs	r3, #0
 80078ac:	9312      	str	r3, [sp, #72]	@ 0x48
 80078ae:	1b2d      	subs	r5, r5, r4
 80078b0:	1e6b      	subs	r3, r5, #1
 80078b2:	9308      	str	r3, [sp, #32]
 80078b4:	bf43      	ittte	mi
 80078b6:	2300      	movmi	r3, #0
 80078b8:	f1c5 0701 	rsbmi	r7, r5, #1
 80078bc:	9308      	strmi	r3, [sp, #32]
 80078be:	2700      	movpl	r7, #0
 80078c0:	f1b8 0f00 	cmp.w	r8, #0
 80078c4:	db3a      	blt.n	800793c <_dtoa_r+0x22c>
 80078c6:	9b08      	ldr	r3, [sp, #32]
 80078c8:	f8cd 8034 	str.w	r8, [sp, #52]	@ 0x34
 80078cc:	4443      	add	r3, r8
 80078ce:	9308      	str	r3, [sp, #32]
 80078d0:	2300      	movs	r3, #0
 80078d2:	9309      	str	r3, [sp, #36]	@ 0x24
 80078d4:	9b0a      	ldr	r3, [sp, #40]	@ 0x28
 80078d6:	2b09      	cmp	r3, #9
 80078d8:	d862      	bhi.n	80079a0 <_dtoa_r+0x290>
 80078da:	2b05      	cmp	r3, #5
 80078dc:	bfc4      	itt	gt
 80078de:	3b04      	subgt	r3, #4
 80078e0:	930a      	strgt	r3, [sp, #40]	@ 0x28
 80078e2:	9b0a      	ldr	r3, [sp, #40]	@ 0x28
 80078e4:	f1a3 0302 	sub.w	r3, r3, #2
 80078e8:	bfcc      	ite	gt
 80078ea:	2400      	movgt	r4, #0
 80078ec:	2401      	movle	r4, #1
 80078ee:	2b03      	cmp	r3, #3
 80078f0:	d862      	bhi.n	80079b8 <_dtoa_r+0x2a8>
 80078f2:	e8df f003 	tbb	[pc, r3]
 80078f6:	5351      	.short	0x5351
 80078f8:	2b36      	.short	0x2b36
 80078fa:	9c17      	ldr	r4, [sp, #92]	@ 0x5c
 80078fc:	442c      	add	r4, r5
 80078fe:	f204 4332 	addw	r3, r4, #1074	@ 0x432
 8007902:	2b20      	cmp	r3, #32
 8007904:	bfc1      	itttt	gt
 8007906:	f1c3 0340 	rsbgt	r3, r3, #64	@ 0x40
 800790a:	fa08 f803 	lslgt.w	r8, r8, r3
 800790e:	f204 4312 	addwgt	r3, r4, #1042	@ 0x412
 8007912:	fa26 f303 	lsrgt.w	r3, r6, r3
 8007916:	bfd6      	itet	le
 8007918:	f1c3 0320 	rsble	r3, r3, #32
 800791c:	ea48 0003 	orrgt.w	r0, r8, r3
 8007920:	fa06 f003 	lslle.w	r0, r6, r3
 8007924:	f7f8 fda6 	bl	8000474 <__aeabi_ui2d>
 8007928:	2201      	movs	r2, #1
 800792a:	f1a1 73f8 	sub.w	r3, r1, #32505856	@ 0x1f00000
 800792e:	3c01      	subs	r4, #1
 8007930:	9214      	str	r2, [sp, #80]	@ 0x50
 8007932:	e775      	b.n	8007820 <_dtoa_r+0x110>
 8007934:	2301      	movs	r3, #1
 8007936:	e7b9      	b.n	80078ac <_dtoa_r+0x19c>
 8007938:	9012      	str	r0, [sp, #72]	@ 0x48
 800793a:	e7b8      	b.n	80078ae <_dtoa_r+0x19e>
 800793c:	f1c8 0300 	rsb	r3, r8, #0
 8007940:	9309      	str	r3, [sp, #36]	@ 0x24
 8007942:	2300      	movs	r3, #0
 8007944:	eba7 0708 	sub.w	r7, r7, r8
 8007948:	930d      	str	r3, [sp, #52]	@ 0x34
 800794a:	e7c3      	b.n	80078d4 <_dtoa_r+0x1c4>
 800794c:	2301      	movs	r3, #1
 800794e:	930b      	str	r3, [sp, #44]	@ 0x2c
 8007950:	9b0c      	ldr	r3, [sp, #48]	@ 0x30
 8007952:	4443      	add	r3, r8
 8007954:	9305      	str	r3, [sp, #20]
 8007956:	3301      	adds	r3, #1
 8007958:	2b01      	cmp	r3, #1
 800795a:	9304      	str	r3, [sp, #16]
 800795c:	bfb8      	it	lt
 800795e:	2301      	movlt	r3, #1
 8007960:	e006      	b.n	8007970 <_dtoa_r+0x260>
 8007962:	2301      	movs	r3, #1
 8007964:	930b      	str	r3, [sp, #44]	@ 0x2c
 8007966:	9b0c      	ldr	r3, [sp, #48]	@ 0x30
 8007968:	2b00      	cmp	r3, #0
 800796a:	dd28      	ble.n	80079be <_dtoa_r+0x2ae>
 800796c:	e9cd 3304 	strd	r3, r3, [sp, #16]
 8007970:	f8d9 001c 	ldr.w	r0, [r9, #28]
 8007974:	2100      	movs	r1, #0
 8007976:	2204      	movs	r2, #4
 8007978:	f102 0514 	add.w	r5, r2, #20
 800797c:	429d      	cmp	r5, r3
 800797e:	d943      	bls.n	8007a08 <_dtoa_r+0x2f8>
 8007980:	6041      	str	r1, [r0, #4]
 8007982:	4648      	mov	r0, r9
 8007984:	f000 fd98 	bl	80084b8 <_Balloc>
 8007988:	9000      	str	r0, [sp, #0]
 800798a:	2800      	cmp	r0, #0
 800798c:	d13f      	bne.n	8007a0e <_dtoa_r+0x2fe>
 800798e:	4b1d      	ldr	r3, [pc, #116]	@ (8007a04 <_dtoa_r+0x2f4>)
 8007990:	4602      	mov	r2, r0
 8007992:	f240 11af 	movw	r1, #431	@ 0x1af
 8007996:	e6d2      	b.n	800773e <_dtoa_r+0x2e>
 8007998:	2300      	movs	r3, #0
 800799a:	e7e3      	b.n	8007964 <_dtoa_r+0x254>
 800799c:	2300      	movs	r3, #0
 800799e:	e7d6      	b.n	800794e <_dtoa_r+0x23e>
 80079a0:	2401      	movs	r4, #1
 80079a2:	2300      	movs	r3, #0
 80079a4:	e9cd 340a 	strd	r3, r4, [sp, #40]	@ 0x28
 80079a8:	f04f 33ff 	mov.w	r3, #4294967295	@ 0xffffffff
 80079ac:	2200      	movs	r2, #0
 80079ae:	e9cd 3304 	strd	r3, r3, [sp, #16]
 80079b2:	920c      	str	r2, [sp, #48]	@ 0x30
 80079b4:	2312      	movs	r3, #18
 80079b6:	e7db      	b.n	8007970 <_dtoa_r+0x260>
 80079b8:	2301      	movs	r3, #1
 80079ba:	930b      	str	r3, [sp, #44]	@ 0x2c
 80079bc:	e7f4      	b.n	80079a8 <_dtoa_r+0x298>
 80079be:	2301      	movs	r3, #1
 80079c0:	e9cd 3304 	strd	r3, r3, [sp, #16]
 80079c4:	930c      	str	r3, [sp, #48]	@ 0x30
 80079c6:	e7d3      	b.n	8007970 <_dtoa_r+0x260>
 80079c8:	636f4361 	.word	0x636f4361
 80079cc:	3fd287a7 	.word	0x3fd287a7
 80079d0:	8b60c8b3 	.word	0x8b60c8b3
 80079d4:	3fc68a28 	.word	0x3fc68a28
 80079d8:	509f79fb 	.word	0x509f79fb
 80079dc:	3fd34413 	.word	0x3fd34413
 80079e0:	08009829 	.word	0x08009829
 80079e4:	08009840 	.word	0x08009840
 80079e8:	7ff00000 	.word	0x7ff00000
 80079ec:	08009825 	.word	0x08009825
 80079f0:	0800981c 	.word	0x0800981c
 80079f4:	080097f9 	.word	0x080097f9
 80079f8:	080097f8 	.word	0x080097f8
 80079fc:	3ff80000 	.word	0x3ff80000
 8007a00:	08009a40 	.word	0x08009a40
 8007a04:	080098ef 	.word	0x080098ef
 8007a08:	3101      	adds	r1, #1
 8007a0a:	0052      	lsls	r2, r2, #1
 8007a0c:	e7b4      	b.n	8007978 <_dtoa_r+0x268>
 8007a0e:	f8d9 301c 	ldr.w	r3, [r9, #28]
 8007a12:	9a00      	ldr	r2, [sp, #0]
 8007a14:	601a      	str	r2, [r3, #0]
 8007a16:	9b04      	ldr	r3, [sp, #16]
 8007a18:	2b0e      	cmp	r3, #14
 8007a1a:	d875      	bhi.n	8007b08 <_dtoa_r+0x3f8>
 8007a1c:	2c00      	cmp	r4, #0
 8007a1e:	d073      	beq.n	8007b08 <_dtoa_r+0x3f8>
 8007a20:	f1b8 0f00 	cmp.w	r8, #0
 8007a24:	f340 80c4 	ble.w	8007bb0 <_dtoa_r+0x4a0>
 8007a28:	4b9f      	ldr	r3, [pc, #636]	@ (8007ca8 <_dtoa_r+0x598>)
 8007a2a:	f008 020f 	and.w	r2, r8, #15
 8007a2e:	eb03 03c2 	add.w	r3, r3, r2, lsl #3
 8007a32:	f418 7f80 	tst.w	r8, #256	@ 0x100
 8007a36:	e9d3 ab00 	ldrd	sl, fp, [r3]
 8007a3a:	ea4f 1528 	mov.w	r5, r8, asr #4
 8007a3e:	f000 80a3 	beq.w	8007b88 <_dtoa_r+0x478>
 8007a42:	4b9a      	ldr	r3, [pc, #616]	@ (8007cac <_dtoa_r+0x59c>)
 8007a44:	e9dd 0106 	ldrd	r0, r1, [sp, #24]
 8007a48:	e9d3 2308 	ldrd	r2, r3, [r3, #32]
 8007a4c:	f7f8 feb6 	bl	80007bc <__aeabi_ddiv>
 8007a50:	e9cd 0102 	strd	r0, r1, [sp, #8]
 8007a54:	f005 050f 	and.w	r5, r5, #15
 8007a58:	2403      	movs	r4, #3
 8007a5a:	4e94      	ldr	r6, [pc, #592]	@ (8007cac <_dtoa_r+0x59c>)
 8007a5c:	2d00      	cmp	r5, #0
 8007a5e:	f040 8099 	bne.w	8007b94 <_dtoa_r+0x484>
 8007a62:	4652      	mov	r2, sl
 8007a64:	465b      	mov	r3, fp
 8007a66:	e9dd 0102 	ldrd	r0, r1, [sp, #8]
 8007a6a:	f7f8 fea7 	bl	80007bc <__aeabi_ddiv>
 8007a6e:	4682      	mov	sl, r0
 8007a70:	468b      	mov	fp, r1
 8007a72:	9b12      	ldr	r3, [sp, #72]	@ 0x48
 8007a74:	2b00      	cmp	r3, #0
 8007a76:	f000 80c3 	beq.w	8007c00 <_dtoa_r+0x4f0>
 8007a7a:	4b8d      	ldr	r3, [pc, #564]	@ (8007cb0 <_dtoa_r+0x5a0>)
 8007a7c:	2200      	movs	r2, #0
 8007a7e:	4650      	mov	r0, sl
 8007a80:	4659      	mov	r1, fp
 8007a82:	f7f8 ffe3 	bl	8000a4c <__aeabi_dcmplt>
 8007a86:	2800      	cmp	r0, #0
 8007a88:	f000 80ba 	beq.w	8007c00 <_dtoa_r+0x4f0>
 8007a8c:	9b04      	ldr	r3, [sp, #16]
 8007a8e:	2b00      	cmp	r3, #0
 8007a90:	f000 80b6 	beq.w	8007c00 <_dtoa_r+0x4f0>
 8007a94:	9b05      	ldr	r3, [sp, #20]
 8007a96:	2b00      	cmp	r3, #0
 8007a98:	dd36      	ble.n	8007b08 <_dtoa_r+0x3f8>
 8007a9a:	f108 33ff 	add.w	r3, r8, #4294967295	@ 0xffffffff
 8007a9e:	9302      	str	r3, [sp, #8]
 8007aa0:	4650      	mov	r0, sl
 8007aa2:	4659      	mov	r1, fp
 8007aa4:	4b83      	ldr	r3, [pc, #524]	@ (8007cb4 <_dtoa_r+0x5a4>)
 8007aa6:	2200      	movs	r2, #0
 8007aa8:	f7f8 fd5e 	bl	8000568 <__aeabi_dmul>
 8007aac:	9e05      	ldr	r6, [sp, #20]
 8007aae:	4682      	mov	sl, r0
 8007ab0:	468b      	mov	fp, r1
 8007ab2:	3401      	adds	r4, #1
 8007ab4:	4620      	mov	r0, r4
 8007ab6:	f7f8 fced 	bl	8000494 <__aeabi_i2d>
 8007aba:	4652      	mov	r2, sl
 8007abc:	465b      	mov	r3, fp
 8007abe:	f7f8 fd53 	bl	8000568 <__aeabi_dmul>
 8007ac2:	4b7d      	ldr	r3, [pc, #500]	@ (8007cb8 <_dtoa_r+0x5a8>)
 8007ac4:	2200      	movs	r2, #0
 8007ac6:	f7f8 fb99 	bl	80001fc <__adddf3>
 8007aca:	4604      	mov	r4, r0
 8007acc:	f1a1 7550 	sub.w	r5, r1, #54525952	@ 0x3400000
 8007ad0:	e9cd 4510 	strd	r4, r5, [sp, #64]	@ 0x40
 8007ad4:	2e00      	cmp	r6, #0
 8007ad6:	f040 8097 	bne.w	8007c08 <_dtoa_r+0x4f8>
 8007ada:	4b78      	ldr	r3, [pc, #480]	@ (8007cbc <_dtoa_r+0x5ac>)
 8007adc:	2200      	movs	r2, #0
 8007ade:	4650      	mov	r0, sl
 8007ae0:	4659      	mov	r1, fp
 8007ae2:	f7f8 fb89 	bl	80001f8 <__aeabi_dsub>
 8007ae6:	4622      	mov	r2, r4
 8007ae8:	462b      	mov	r3, r5
 8007aea:	4682      	mov	sl, r0
 8007aec:	468b      	mov	fp, r1
 8007aee:	f7f8 ffcb 	bl	8000a88 <__aeabi_dcmpgt>
 8007af2:	2800      	cmp	r0, #0
 8007af4:	f040 82bd 	bne.w	8008072 <_dtoa_r+0x962>
 8007af8:	4622      	mov	r2, r4
 8007afa:	f105 4300 	add.w	r3, r5, #2147483648	@ 0x80000000
 8007afe:	4650      	mov	r0, sl
 8007b00:	4659      	mov	r1, fp
 8007b02:	f7f8 ffa3 	bl	8000a4c <__aeabi_dcmplt>
 8007b06:	bb20      	cbnz	r0, 8007b52 <_dtoa_r+0x442>
 8007b08:	9b17      	ldr	r3, [sp, #92]	@ 0x5c
 8007b0a:	2b00      	cmp	r3, #0
 8007b0c:	f2c0 818d 	blt.w	8007e2a <_dtoa_r+0x71a>
 8007b10:	f1b8 0f0e 	cmp.w	r8, #14
 8007b14:	f300 8189 	bgt.w	8007e2a <_dtoa_r+0x71a>
 8007b18:	4b63      	ldr	r3, [pc, #396]	@ (8007ca8 <_dtoa_r+0x598>)
 8007b1a:	eb03 03c8 	add.w	r3, r3, r8, lsl #3
 8007b1e:	e9d3 ab00 	ldrd	sl, fp, [r3]
 8007b22:	9b0c      	ldr	r3, [sp, #48]	@ 0x30
 8007b24:	2b00      	cmp	r3, #0
 8007b26:	f280 811b 	bge.w	8007d60 <_dtoa_r+0x650>
 8007b2a:	9b04      	ldr	r3, [sp, #16]
 8007b2c:	2b00      	cmp	r3, #0
 8007b2e:	f300 8117 	bgt.w	8007d60 <_dtoa_r+0x650>
 8007b32:	d10e      	bne.n	8007b52 <_dtoa_r+0x442>
 8007b34:	4b61      	ldr	r3, [pc, #388]	@ (8007cbc <_dtoa_r+0x5ac>)
 8007b36:	2200      	movs	r2, #0
 8007b38:	4650      	mov	r0, sl
 8007b3a:	4659      	mov	r1, fp
 8007b3c:	f7f8 fd14 	bl	8000568 <__aeabi_dmul>
 8007b40:	4602      	mov	r2, r0
 8007b42:	460b      	mov	r3, r1
 8007b44:	e9dd 0106 	ldrd	r0, r1, [sp, #24]
 8007b48:	f7f8 ff8a 	bl	8000a60 <__aeabi_dcmple>
 8007b4c:	2800      	cmp	r0, #0
 8007b4e:	f000 8293 	beq.w	8008078 <_dtoa_r+0x968>
 8007b52:	2500      	movs	r5, #0
 8007b54:	462c      	mov	r4, r5
 8007b56:	9b0c      	ldr	r3, [sp, #48]	@ 0x30
 8007b58:	9e00      	ldr	r6, [sp, #0]
 8007b5a:	43db      	mvns	r3, r3
 8007b5c:	9302      	str	r3, [sp, #8]
 8007b5e:	4627      	mov	r7, r4
 8007b60:	2400      	movs	r4, #0
 8007b62:	4629      	mov	r1, r5
 8007b64:	4648      	mov	r0, r9
 8007b66:	f000 fce5 	bl	8008534 <_Bfree>
 8007b6a:	2f00      	cmp	r7, #0
 8007b6c:	f000 80ee 	beq.w	8007d4c <_dtoa_r+0x63c>
 8007b70:	b12c      	cbz	r4, 8007b7e <_dtoa_r+0x46e>
 8007b72:	42bc      	cmp	r4, r7
 8007b74:	d003      	beq.n	8007b7e <_dtoa_r+0x46e>
 8007b76:	4621      	mov	r1, r4
 8007b78:	4648      	mov	r0, r9
 8007b7a:	f000 fcdb 	bl	8008534 <_Bfree>
 8007b7e:	4639      	mov	r1, r7
 8007b80:	4648      	mov	r0, r9
 8007b82:	f000 fcd7 	bl	8008534 <_Bfree>
 8007b86:	e0e1      	b.n	8007d4c <_dtoa_r+0x63c>
 8007b88:	ed9d 7b06 	vldr	d7, [sp, #24]
 8007b8c:	2402      	movs	r4, #2
 8007b8e:	ed8d 7b02 	vstr	d7, [sp, #8]
 8007b92:	e762      	b.n	8007a5a <_dtoa_r+0x34a>
 8007b94:	07e9      	lsls	r1, r5, #31
 8007b96:	d508      	bpl.n	8007baa <_dtoa_r+0x49a>
 8007b98:	4650      	mov	r0, sl
 8007b9a:	4659      	mov	r1, fp
 8007b9c:	e9d6 2300 	ldrd	r2, r3, [r6]
 8007ba0:	f7f8 fce2 	bl	8000568 <__aeabi_dmul>
 8007ba4:	3401      	adds	r4, #1
 8007ba6:	4682      	mov	sl, r0
 8007ba8:	468b      	mov	fp, r1
 8007baa:	106d      	asrs	r5, r5, #1
 8007bac:	3608      	adds	r6, #8
 8007bae:	e755      	b.n	8007a5c <_dtoa_r+0x34c>
 8007bb0:	d022      	beq.n	8007bf8 <_dtoa_r+0x4e8>
 8007bb2:	f1c8 0500 	rsb	r5, r8, #0
 8007bb6:	4b3c      	ldr	r3, [pc, #240]	@ (8007ca8 <_dtoa_r+0x598>)
 8007bb8:	4e3c      	ldr	r6, [pc, #240]	@ (8007cac <_dtoa_r+0x59c>)
 8007bba:	f005 020f 	and.w	r2, r5, #15
 8007bbe:	eb03 03c2 	add.w	r3, r3, r2, lsl #3
 8007bc2:	e9d3 2300 	ldrd	r2, r3, [r3]
 8007bc6:	e9dd 0106 	ldrd	r0, r1, [sp, #24]
 8007bca:	f7f8 fccd 	bl	8000568 <__aeabi_dmul>
 8007bce:	112d      	asrs	r5, r5, #4
 8007bd0:	4682      	mov	sl, r0
 8007bd2:	468b      	mov	fp, r1
 8007bd4:	2402      	movs	r4, #2
 8007bd6:	2d00      	cmp	r5, #0
 8007bd8:	f43f af4b 	beq.w	8007a72 <_dtoa_r+0x362>
 8007bdc:	07ea      	lsls	r2, r5, #31
 8007bde:	d508      	bpl.n	8007bf2 <_dtoa_r+0x4e2>
 8007be0:	4650      	mov	r0, sl
 8007be2:	4659      	mov	r1, fp
 8007be4:	e9d6 2300 	ldrd	r2, r3, [r6]
 8007be8:	f7f8 fcbe 	bl	8000568 <__aeabi_dmul>
 8007bec:	3401      	adds	r4, #1
 8007bee:	4682      	mov	sl, r0
 8007bf0:	468b      	mov	fp, r1
 8007bf2:	106d      	asrs	r5, r5, #1
 8007bf4:	3608      	adds	r6, #8
 8007bf6:	e7ee      	b.n	8007bd6 <_dtoa_r+0x4c6>
 8007bf8:	e9dd ab06 	ldrd	sl, fp, [sp, #24]
 8007bfc:	2402      	movs	r4, #2
 8007bfe:	e738      	b.n	8007a72 <_dtoa_r+0x362>
 8007c00:	9e04      	ldr	r6, [sp, #16]
 8007c02:	f8cd 8008 	str.w	r8, [sp, #8]
 8007c06:	e755      	b.n	8007ab4 <_dtoa_r+0x3a4>
 8007c08:	4b27      	ldr	r3, [pc, #156]	@ (8007ca8 <_dtoa_r+0x598>)
 8007c0a:	eb03 03c6 	add.w	r3, r3, r6, lsl #3
 8007c0e:	e953 0102 	ldrd	r0, r1, [r3, #-8]
 8007c12:	9b0b      	ldr	r3, [sp, #44]	@ 0x2c
 8007c14:	2b00      	cmp	r3, #0
 8007c16:	d055      	beq.n	8007cc4 <_dtoa_r+0x5b4>
 8007c18:	4602      	mov	r2, r0
 8007c1a:	460b      	mov	r3, r1
 8007c1c:	2000      	movs	r0, #0
 8007c1e:	4928      	ldr	r1, [pc, #160]	@ (8007cc0 <_dtoa_r+0x5b0>)
 8007c20:	f7f8 fdcc 	bl	80007bc <__aeabi_ddiv>
 8007c24:	e9dd 2310 	ldrd	r2, r3, [sp, #64]	@ 0x40
 8007c28:	f7f8 fae6 	bl	80001f8 <__aeabi_dsub>
 8007c2c:	9b00      	ldr	r3, [sp, #0]
 8007c2e:	e9cd 0110 	strd	r0, r1, [sp, #64]	@ 0x40
 8007c32:	199d      	adds	r5, r3, r6
 8007c34:	461e      	mov	r6, r3
 8007c36:	4659      	mov	r1, fp
 8007c38:	4650      	mov	r0, sl
 8007c3a:	f7f8 ff45 	bl	8000ac8 <__aeabi_d2iz>
 8007c3e:	f100 0430 	add.w	r4, r0, #48	@ 0x30
 8007c42:	f7f8 fc27 	bl	8000494 <__aeabi_i2d>
 8007c46:	4602      	mov	r2, r0
 8007c48:	460b      	mov	r3, r1
 8007c4a:	4650      	mov	r0, sl
 8007c4c:	4659      	mov	r1, fp
 8007c4e:	f7f8 fad3 	bl	80001f8 <__aeabi_dsub>
 8007c52:	e9dd 2310 	ldrd	r2, r3, [sp, #64]	@ 0x40
 8007c56:	f806 4b01 	strb.w	r4, [r6], #1
 8007c5a:	4682      	mov	sl, r0
 8007c5c:	468b      	mov	fp, r1
 8007c5e:	f7f8 fef5 	bl	8000a4c <__aeabi_dcmplt>
 8007c62:	2800      	cmp	r0, #0
 8007c64:	d172      	bne.n	8007d4c <_dtoa_r+0x63c>
 8007c66:	4652      	mov	r2, sl
 8007c68:	465b      	mov	r3, fp
 8007c6a:	4911      	ldr	r1, [pc, #68]	@ (8007cb0 <_dtoa_r+0x5a0>)
 8007c6c:	2000      	movs	r0, #0
 8007c6e:	f7f8 fac3 	bl	80001f8 <__aeabi_dsub>
 8007c72:	e9dd 2310 	ldrd	r2, r3, [sp, #64]	@ 0x40
 8007c76:	f7f8 fee9 	bl	8000a4c <__aeabi_dcmplt>
 8007c7a:	2800      	cmp	r0, #0
 8007c7c:	f040 80b6 	bne.w	8007dec <_dtoa_r+0x6dc>
 8007c80:	42ae      	cmp	r6, r5
 8007c82:	f43f af41 	beq.w	8007b08 <_dtoa_r+0x3f8>
 8007c86:	e9dd 0110 	ldrd	r0, r1, [sp, #64]	@ 0x40
 8007c8a:	4b0a      	ldr	r3, [pc, #40]	@ (8007cb4 <_dtoa_r+0x5a4>)
 8007c8c:	2200      	movs	r2, #0
 8007c8e:	f7f8 fc6b 	bl	8000568 <__aeabi_dmul>
 8007c92:	4b08      	ldr	r3, [pc, #32]	@ (8007cb4 <_dtoa_r+0x5a4>)
 8007c94:	e9cd 0110 	strd	r0, r1, [sp, #64]	@ 0x40
 8007c98:	2200      	movs	r2, #0
 8007c9a:	4650      	mov	r0, sl
 8007c9c:	4659      	mov	r1, fp
 8007c9e:	f7f8 fc63 	bl	8000568 <__aeabi_dmul>
 8007ca2:	4682      	mov	sl, r0
 8007ca4:	468b      	mov	fp, r1
 8007ca6:	e7c6      	b.n	8007c36 <_dtoa_r+0x526>
 8007ca8:	08009a40 	.word	0x08009a40
 8007cac:	08009a18 	.word	0x08009a18
 8007cb0:	3ff00000 	.word	0x3ff00000
 8007cb4:	40240000 	.word	0x40240000
 8007cb8:	401c0000 	.word	0x401c0000
 8007cbc:	40140000 	.word	0x40140000
 8007cc0:	3fe00000 	.word	0x3fe00000
 8007cc4:	e9dd 2310 	ldrd	r2, r3, [sp, #64]	@ 0x40
 8007cc8:	f7f8 fc4e 	bl	8000568 <__aeabi_dmul>
 8007ccc:	9b00      	ldr	r3, [sp, #0]
 8007cce:	9c00      	ldr	r4, [sp, #0]
 8007cd0:	e9cd 0110 	strd	r0, r1, [sp, #64]	@ 0x40
 8007cd4:	4433      	add	r3, r6
 8007cd6:	9315      	str	r3, [sp, #84]	@ 0x54
 8007cd8:	4659      	mov	r1, fp
 8007cda:	4650      	mov	r0, sl
 8007cdc:	f7f8 fef4 	bl	8000ac8 <__aeabi_d2iz>
 8007ce0:	f100 0530 	add.w	r5, r0, #48	@ 0x30
 8007ce4:	f7f8 fbd6 	bl	8000494 <__aeabi_i2d>
 8007ce8:	460b      	mov	r3, r1
 8007cea:	4602      	mov	r2, r0
 8007cec:	4659      	mov	r1, fp
 8007cee:	4650      	mov	r0, sl
 8007cf0:	f7f8 fa82 	bl	80001f8 <__aeabi_dsub>
 8007cf4:	f804 5b01 	strb.w	r5, [r4], #1
 8007cf8:	9b15      	ldr	r3, [sp, #84]	@ 0x54
 8007cfa:	429c      	cmp	r4, r3
 8007cfc:	4682      	mov	sl, r0
 8007cfe:	468b      	mov	fp, r1
 8007d00:	d127      	bne.n	8007d52 <_dtoa_r+0x642>
 8007d02:	9b00      	ldr	r3, [sp, #0]
 8007d04:	2200      	movs	r2, #0
 8007d06:	e9dd 0110 	ldrd	r0, r1, [sp, #64]	@ 0x40
 8007d0a:	441e      	add	r6, r3
 8007d0c:	4baa      	ldr	r3, [pc, #680]	@ (8007fb8 <_dtoa_r+0x8a8>)
 8007d0e:	f7f8 fa75 	bl	80001fc <__adddf3>
 8007d12:	4602      	mov	r2, r0
 8007d14:	460b      	mov	r3, r1
 8007d16:	4650      	mov	r0, sl
 8007d18:	4659      	mov	r1, fp
 8007d1a:	f7f8 feb5 	bl	8000a88 <__aeabi_dcmpgt>
 8007d1e:	2800      	cmp	r0, #0
 8007d20:	d164      	bne.n	8007dec <_dtoa_r+0x6dc>
 8007d22:	e9dd 2310 	ldrd	r2, r3, [sp, #64]	@ 0x40
 8007d26:	49a4      	ldr	r1, [pc, #656]	@ (8007fb8 <_dtoa_r+0x8a8>)
 8007d28:	2000      	movs	r0, #0
 8007d2a:	f7f8 fa65 	bl	80001f8 <__aeabi_dsub>
 8007d2e:	4602      	mov	r2, r0
 8007d30:	460b      	mov	r3, r1
 8007d32:	4650      	mov	r0, sl
 8007d34:	4659      	mov	r1, fp
 8007d36:	f7f8 fe89 	bl	8000a4c <__aeabi_dcmplt>
 8007d3a:	2800      	cmp	r0, #0
 8007d3c:	f43f aee4 	beq.w	8007b08 <_dtoa_r+0x3f8>
 8007d40:	4633      	mov	r3, r6
 8007d42:	f816 2d01 	ldrb.w	r2, [r6, #-1]!
 8007d46:	2a30      	cmp	r2, #48	@ 0x30
 8007d48:	d0fa      	beq.n	8007d40 <_dtoa_r+0x630>
 8007d4a:	461e      	mov	r6, r3
 8007d4c:	f8dd 8008 	ldr.w	r8, [sp, #8]
 8007d50:	e03a      	b.n	8007dc8 <_dtoa_r+0x6b8>
 8007d52:	4b9a      	ldr	r3, [pc, #616]	@ (8007fbc <_dtoa_r+0x8ac>)
 8007d54:	2200      	movs	r2, #0
 8007d56:	f7f8 fc07 	bl	8000568 <__aeabi_dmul>
 8007d5a:	4682      	mov	sl, r0
 8007d5c:	468b      	mov	fp, r1
 8007d5e:	e7bb      	b.n	8007cd8 <_dtoa_r+0x5c8>
 8007d60:	9e00      	ldr	r6, [sp, #0]
 8007d62:	4652      	mov	r2, sl
 8007d64:	465b      	mov	r3, fp
 8007d66:	e9dd 0106 	ldrd	r0, r1, [sp, #24]
 8007d6a:	f7f8 fd27 	bl	80007bc <__aeabi_ddiv>
 8007d6e:	f7f8 feab 	bl	8000ac8 <__aeabi_d2iz>
 8007d72:	4607      	mov	r7, r0
 8007d74:	f7f8 fb8e 	bl	8000494 <__aeabi_i2d>
 8007d78:	4652      	mov	r2, sl
 8007d7a:	465b      	mov	r3, fp
 8007d7c:	f7f8 fbf4 	bl	8000568 <__aeabi_dmul>
 8007d80:	4602      	mov	r2, r0
 8007d82:	460b      	mov	r3, r1
 8007d84:	e9dd 0106 	ldrd	r0, r1, [sp, #24]
 8007d88:	f7f8 fa36 	bl	80001f8 <__aeabi_dsub>
 8007d8c:	f107 0c30 	add.w	ip, r7, #48	@ 0x30
 8007d90:	9c00      	ldr	r4, [sp, #0]
 8007d92:	f806 cb01 	strb.w	ip, [r6], #1
 8007d96:	eba6 0c04 	sub.w	ip, r6, r4
 8007d9a:	9c04      	ldr	r4, [sp, #16]
 8007d9c:	4564      	cmp	r4, ip
 8007d9e:	4602      	mov	r2, r0
 8007da0:	460b      	mov	r3, r1
 8007da2:	d133      	bne.n	8007e0c <_dtoa_r+0x6fc>
 8007da4:	f7f8 fa2a 	bl	80001fc <__adddf3>
 8007da8:	4652      	mov	r2, sl
 8007daa:	465b      	mov	r3, fp
 8007dac:	4604      	mov	r4, r0
 8007dae:	460d      	mov	r5, r1
 8007db0:	f7f8 fe6a 	bl	8000a88 <__aeabi_dcmpgt>
 8007db4:	b9c0      	cbnz	r0, 8007de8 <_dtoa_r+0x6d8>
 8007db6:	4652      	mov	r2, sl
 8007db8:	465b      	mov	r3, fp
 8007dba:	4620      	mov	r0, r4
 8007dbc:	4629      	mov	r1, r5
 8007dbe:	f7f8 fe3b 	bl	8000a38 <__aeabi_dcmpeq>
 8007dc2:	b108      	cbz	r0, 8007dc8 <_dtoa_r+0x6b8>
 8007dc4:	07fb      	lsls	r3, r7, #31
 8007dc6:	d40f      	bmi.n	8007de8 <_dtoa_r+0x6d8>
 8007dc8:	9901      	ldr	r1, [sp, #4]
 8007dca:	4648      	mov	r0, r9
 8007dcc:	f000 fbb2 	bl	8008534 <_Bfree>
 8007dd0:	2300      	movs	r3, #0
 8007dd2:	9a13      	ldr	r2, [sp, #76]	@ 0x4c
 8007dd4:	7033      	strb	r3, [r6, #0]
 8007dd6:	f108 0301 	add.w	r3, r8, #1
 8007dda:	6013      	str	r3, [r2, #0]
 8007ddc:	9b23      	ldr	r3, [sp, #140]	@ 0x8c
 8007dde:	2b00      	cmp	r3, #0
 8007de0:	f43f ace6 	beq.w	80077b0 <_dtoa_r+0xa0>
 8007de4:	601e      	str	r6, [r3, #0]
 8007de6:	e4e3      	b.n	80077b0 <_dtoa_r+0xa0>
 8007de8:	f8cd 8008 	str.w	r8, [sp, #8]
 8007dec:	4633      	mov	r3, r6
 8007dee:	461e      	mov	r6, r3
 8007df0:	f813 2d01 	ldrb.w	r2, [r3, #-1]!
 8007df4:	2a39      	cmp	r2, #57	@ 0x39
 8007df6:	d106      	bne.n	8007e06 <_dtoa_r+0x6f6>
 8007df8:	9a00      	ldr	r2, [sp, #0]
 8007dfa:	429a      	cmp	r2, r3
 8007dfc:	d1f7      	bne.n	8007dee <_dtoa_r+0x6de>
 8007dfe:	9a02      	ldr	r2, [sp, #8]
 8007e00:	3201      	adds	r2, #1
 8007e02:	9202      	str	r2, [sp, #8]
 8007e04:	2230      	movs	r2, #48	@ 0x30
 8007e06:	3201      	adds	r2, #1
 8007e08:	701a      	strb	r2, [r3, #0]
 8007e0a:	e79f      	b.n	8007d4c <_dtoa_r+0x63c>
 8007e0c:	4b6b      	ldr	r3, [pc, #428]	@ (8007fbc <_dtoa_r+0x8ac>)
 8007e0e:	2200      	movs	r2, #0
 8007e10:	f7f8 fbaa 	bl	8000568 <__aeabi_dmul>
 8007e14:	4602      	mov	r2, r0
 8007e16:	460b      	mov	r3, r1
 8007e18:	e9cd 2306 	strd	r2, r3, [sp, #24]
 8007e1c:	2200      	movs	r2, #0
 8007e1e:	2300      	movs	r3, #0
 8007e20:	f7f8 fe0a 	bl	8000a38 <__aeabi_dcmpeq>
 8007e24:	2800      	cmp	r0, #0
 8007e26:	d09c      	beq.n	8007d62 <_dtoa_r+0x652>
 8007e28:	e7ce      	b.n	8007dc8 <_dtoa_r+0x6b8>
 8007e2a:	9a0b      	ldr	r2, [sp, #44]	@ 0x2c
 8007e2c:	2a00      	cmp	r2, #0
 8007e2e:	f000 80df 	beq.w	8007ff0 <_dtoa_r+0x8e0>
 8007e32:	9a0a      	ldr	r2, [sp, #40]	@ 0x28
 8007e34:	2a01      	cmp	r2, #1
 8007e36:	f300 80c3 	bgt.w	8007fc0 <_dtoa_r+0x8b0>
 8007e3a:	9a14      	ldr	r2, [sp, #80]	@ 0x50
 8007e3c:	2a00      	cmp	r2, #0
 8007e3e:	f000 80b7 	beq.w	8007fb0 <_dtoa_r+0x8a0>
 8007e42:	f203 4333 	addw	r3, r3, #1075	@ 0x433
 8007e46:	9d09      	ldr	r5, [sp, #36]	@ 0x24
 8007e48:	463e      	mov	r6, r7
 8007e4a:	9a08      	ldr	r2, [sp, #32]
 8007e4c:	2101      	movs	r1, #1
 8007e4e:	441a      	add	r2, r3
 8007e50:	4648      	mov	r0, r9
 8007e52:	441f      	add	r7, r3
 8007e54:	9208      	str	r2, [sp, #32]
 8007e56:	f000 fc21 	bl	800869c <__i2b>
 8007e5a:	4604      	mov	r4, r0
 8007e5c:	b156      	cbz	r6, 8007e74 <_dtoa_r+0x764>
 8007e5e:	9b08      	ldr	r3, [sp, #32]
 8007e60:	2b00      	cmp	r3, #0
 8007e62:	dd07      	ble.n	8007e74 <_dtoa_r+0x764>
 8007e64:	42b3      	cmp	r3, r6
 8007e66:	9a08      	ldr	r2, [sp, #32]
 8007e68:	bfa8      	it	ge
 8007e6a:	4633      	movge	r3, r6
 8007e6c:	1aff      	subs	r7, r7, r3
 8007e6e:	1af6      	subs	r6, r6, r3
 8007e70:	1ad3      	subs	r3, r2, r3
 8007e72:	9308      	str	r3, [sp, #32]
 8007e74:	9b09      	ldr	r3, [sp, #36]	@ 0x24
 8007e76:	b30b      	cbz	r3, 8007ebc <_dtoa_r+0x7ac>
 8007e78:	9b0b      	ldr	r3, [sp, #44]	@ 0x2c
 8007e7a:	2b00      	cmp	r3, #0
 8007e7c:	f000 80bf 	beq.w	8007ffe <_dtoa_r+0x8ee>
 8007e80:	2d00      	cmp	r5, #0
 8007e82:	f000 80b9 	beq.w	8007ff8 <_dtoa_r+0x8e8>
 8007e86:	4621      	mov	r1, r4
 8007e88:	462a      	mov	r2, r5
 8007e8a:	4648      	mov	r0, r9
 8007e8c:	f000 fcd2 	bl	8008834 <__pow5mult>
 8007e90:	9a01      	ldr	r2, [sp, #4]
 8007e92:	4601      	mov	r1, r0
 8007e94:	4604      	mov	r4, r0
 8007e96:	4648      	mov	r0, r9
 8007e98:	f000 fc16 	bl	80086c8 <__multiply>
 8007e9c:	9901      	ldr	r1, [sp, #4]
 8007e9e:	4682      	mov	sl, r0
 8007ea0:	4648      	mov	r0, r9
 8007ea2:	f000 fb47 	bl	8008534 <_Bfree>
 8007ea6:	9b09      	ldr	r3, [sp, #36]	@ 0x24
 8007ea8:	1b5b      	subs	r3, r3, r5
 8007eaa:	9309      	str	r3, [sp, #36]	@ 0x24
 8007eac:	f000 80aa 	beq.w	8008004 <_dtoa_r+0x8f4>
 8007eb0:	9a09      	ldr	r2, [sp, #36]	@ 0x24
 8007eb2:	4651      	mov	r1, sl
 8007eb4:	4648      	mov	r0, r9
 8007eb6:	f000 fcbd 	bl	8008834 <__pow5mult>
 8007eba:	9001      	str	r0, [sp, #4]
 8007ebc:	2101      	movs	r1, #1
 8007ebe:	4648      	mov	r0, r9
 8007ec0:	f000 fbec 	bl	800869c <__i2b>
 8007ec4:	9b0d      	ldr	r3, [sp, #52]	@ 0x34
 8007ec6:	4605      	mov	r5, r0
 8007ec8:	2b00      	cmp	r3, #0
 8007eca:	f000 81d0 	beq.w	800826e <_dtoa_r+0xb5e>
 8007ece:	461a      	mov	r2, r3
 8007ed0:	4601      	mov	r1, r0
 8007ed2:	4648      	mov	r0, r9
 8007ed4:	f000 fcae 	bl	8008834 <__pow5mult>
 8007ed8:	9b0a      	ldr	r3, [sp, #40]	@ 0x28
 8007eda:	2b01      	cmp	r3, #1
 8007edc:	4605      	mov	r5, r0
 8007ede:	f300 8099 	bgt.w	8008014 <_dtoa_r+0x904>
 8007ee2:	9b0e      	ldr	r3, [sp, #56]	@ 0x38
 8007ee4:	2b00      	cmp	r3, #0
 8007ee6:	f040 8090 	bne.w	800800a <_dtoa_r+0x8fa>
 8007eea:	9b0f      	ldr	r3, [sp, #60]	@ 0x3c
 8007eec:	f3c3 0313 	ubfx	r3, r3, #0, #20
 8007ef0:	2b00      	cmp	r3, #0
 8007ef2:	f040 808a 	bne.w	800800a <_dtoa_r+0x8fa>
 8007ef6:	9b0f      	ldr	r3, [sp, #60]	@ 0x3c
 8007ef8:	f023 4300 	bic.w	r3, r3, #2147483648	@ 0x80000000
 8007efc:	0d1b      	lsrs	r3, r3, #20
 8007efe:	051b      	lsls	r3, r3, #20
 8007f00:	2b00      	cmp	r3, #0
 8007f02:	f000 8085 	beq.w	8008010 <_dtoa_r+0x900>
 8007f06:	9b08      	ldr	r3, [sp, #32]
 8007f08:	3301      	adds	r3, #1
 8007f0a:	3701      	adds	r7, #1
 8007f0c:	9308      	str	r3, [sp, #32]
 8007f0e:	f04f 0a01 	mov.w	sl, #1
 8007f12:	9b0d      	ldr	r3, [sp, #52]	@ 0x34
 8007f14:	2b00      	cmp	r3, #0
 8007f16:	f000 81b0 	beq.w	800827a <_dtoa_r+0xb6a>
 8007f1a:	692b      	ldr	r3, [r5, #16]
 8007f1c:	eb05 0383 	add.w	r3, r5, r3, lsl #2
 8007f20:	6918      	ldr	r0, [r3, #16]
 8007f22:	f000 fb6f 	bl	8008604 <__hi0bits>
 8007f26:	f1c0 0020 	rsb	r0, r0, #32
 8007f2a:	9b08      	ldr	r3, [sp, #32]
 8007f2c:	4418      	add	r0, r3
 8007f2e:	f010 001f 	ands.w	r0, r0, #31
 8007f32:	d076      	beq.n	8008022 <_dtoa_r+0x912>
 8007f34:	281b      	cmp	r0, #27
 8007f36:	dc70      	bgt.n	800801a <_dtoa_r+0x90a>
 8007f38:	f1c0 001c 	rsb	r0, r0, #28
 8007f3c:	4407      	add	r7, r0
 8007f3e:	4406      	add	r6, r0
 8007f40:	4403      	add	r3, r0
 8007f42:	9308      	str	r3, [sp, #32]
 8007f44:	2f00      	cmp	r7, #0
 8007f46:	dd05      	ble.n	8007f54 <_dtoa_r+0x844>
 8007f48:	9901      	ldr	r1, [sp, #4]
 8007f4a:	463a      	mov	r2, r7
 8007f4c:	4648      	mov	r0, r9
 8007f4e:	f000 fccd 	bl	80088ec <__lshift>
 8007f52:	9001      	str	r0, [sp, #4]
 8007f54:	9b08      	ldr	r3, [sp, #32]
 8007f56:	2b00      	cmp	r3, #0
 8007f58:	dd05      	ble.n	8007f66 <_dtoa_r+0x856>
 8007f5a:	4629      	mov	r1, r5
 8007f5c:	461a      	mov	r2, r3
 8007f5e:	4648      	mov	r0, r9
 8007f60:	f000 fcc4 	bl	80088ec <__lshift>
 8007f64:	4605      	mov	r5, r0
 8007f66:	9b12      	ldr	r3, [sp, #72]	@ 0x48
 8007f68:	2b00      	cmp	r3, #0
 8007f6a:	d05f      	beq.n	800802c <_dtoa_r+0x91c>
 8007f6c:	9801      	ldr	r0, [sp, #4]
 8007f6e:	4629      	mov	r1, r5
 8007f70:	f000 fd2e 	bl	80089d0 <__mcmp>
 8007f74:	2800      	cmp	r0, #0
 8007f76:	da59      	bge.n	800802c <_dtoa_r+0x91c>
 8007f78:	f108 33ff 	add.w	r3, r8, #4294967295	@ 0xffffffff
 8007f7c:	9302      	str	r3, [sp, #8]
 8007f7e:	9901      	ldr	r1, [sp, #4]
 8007f80:	2300      	movs	r3, #0
 8007f82:	220a      	movs	r2, #10
 8007f84:	4648      	mov	r0, r9
 8007f86:	f000 faf7 	bl	8008578 <__multadd>
 8007f8a:	9b0b      	ldr	r3, [sp, #44]	@ 0x2c
 8007f8c:	9001      	str	r0, [sp, #4]
 8007f8e:	2b00      	cmp	r3, #0
 8007f90:	f000 8175 	beq.w	800827e <_dtoa_r+0xb6e>
 8007f94:	2300      	movs	r3, #0
 8007f96:	4621      	mov	r1, r4
 8007f98:	220a      	movs	r2, #10
 8007f9a:	4648      	mov	r0, r9
 8007f9c:	f000 faec 	bl	8008578 <__multadd>
 8007fa0:	9b05      	ldr	r3, [sp, #20]
 8007fa2:	2b00      	cmp	r3, #0
 8007fa4:	4604      	mov	r4, r0
 8007fa6:	dc71      	bgt.n	800808c <_dtoa_r+0x97c>
 8007fa8:	9b0a      	ldr	r3, [sp, #40]	@ 0x28
 8007faa:	2b02      	cmp	r3, #2
 8007fac:	dc47      	bgt.n	800803e <_dtoa_r+0x92e>
 8007fae:	e06d      	b.n	800808c <_dtoa_r+0x97c>
 8007fb0:	9b16      	ldr	r3, [sp, #88]	@ 0x58
 8007fb2:	f1c3 0336 	rsb	r3, r3, #54	@ 0x36
 8007fb6:	e746      	b.n	8007e46 <_dtoa_r+0x736>
 8007fb8:	3fe00000 	.word	0x3fe00000
 8007fbc:	40240000 	.word	0x40240000
 8007fc0:	9b04      	ldr	r3, [sp, #16]
 8007fc2:	1e5d      	subs	r5, r3, #1
 8007fc4:	9b09      	ldr	r3, [sp, #36]	@ 0x24
 8007fc6:	42ab      	cmp	r3, r5
 8007fc8:	db08      	blt.n	8007fdc <_dtoa_r+0x8cc>
 8007fca:	1b5d      	subs	r5, r3, r5
 8007fcc:	9b04      	ldr	r3, [sp, #16]
 8007fce:	2b00      	cmp	r3, #0
 8007fd0:	f6bf af3a 	bge.w	8007e48 <_dtoa_r+0x738>
 8007fd4:	9b04      	ldr	r3, [sp, #16]
 8007fd6:	1afe      	subs	r6, r7, r3
 8007fd8:	2300      	movs	r3, #0
 8007fda:	e736      	b.n	8007e4a <_dtoa_r+0x73a>
 8007fdc:	9b09      	ldr	r3, [sp, #36]	@ 0x24
 8007fde:	9a0d      	ldr	r2, [sp, #52]	@ 0x34
 8007fe0:	9509      	str	r5, [sp, #36]	@ 0x24
 8007fe2:	1aeb      	subs	r3, r5, r3
 8007fe4:	441a      	add	r2, r3
 8007fe6:	920d      	str	r2, [sp, #52]	@ 0x34
 8007fe8:	9b04      	ldr	r3, [sp, #16]
 8007fea:	463e      	mov	r6, r7
 8007fec:	2500      	movs	r5, #0
 8007fee:	e72c      	b.n	8007e4a <_dtoa_r+0x73a>
 8007ff0:	9d09      	ldr	r5, [sp, #36]	@ 0x24
 8007ff2:	9c0b      	ldr	r4, [sp, #44]	@ 0x2c
 8007ff4:	463e      	mov	r6, r7
 8007ff6:	e731      	b.n	8007e5c <_dtoa_r+0x74c>
 8007ff8:	f8dd a004 	ldr.w	sl, [sp, #4]
 8007ffc:	e758      	b.n	8007eb0 <_dtoa_r+0x7a0>
 8007ffe:	9a09      	ldr	r2, [sp, #36]	@ 0x24
 8008000:	9901      	ldr	r1, [sp, #4]
 8008002:	e757      	b.n	8007eb4 <_dtoa_r+0x7a4>
 8008004:	f8cd a004 	str.w	sl, [sp, #4]
 8008008:	e758      	b.n	8007ebc <_dtoa_r+0x7ac>
 800800a:	f04f 0a00 	mov.w	sl, #0
 800800e:	e780      	b.n	8007f12 <_dtoa_r+0x802>
 8008010:	469a      	mov	sl, r3
 8008012:	e77e      	b.n	8007f12 <_dtoa_r+0x802>
 8008014:	f04f 0a00 	mov.w	sl, #0
 8008018:	e77f      	b.n	8007f1a <_dtoa_r+0x80a>
 800801a:	281c      	cmp	r0, #28
 800801c:	d092      	beq.n	8007f44 <_dtoa_r+0x834>
 800801e:	f1c0 0020 	rsb	r0, r0, #32
 8008022:	301c      	adds	r0, #28
 8008024:	9b08      	ldr	r3, [sp, #32]
 8008026:	4407      	add	r7, r0
 8008028:	4406      	add	r6, r0
 800802a:	e789      	b.n	8007f40 <_dtoa_r+0x830>
 800802c:	9b04      	ldr	r3, [sp, #16]
 800802e:	f8cd 8008 	str.w	r8, [sp, #8]
 8008032:	2b00      	cmp	r3, #0
 8008034:	dc24      	bgt.n	8008080 <_dtoa_r+0x970>
 8008036:	9305      	str	r3, [sp, #20]
 8008038:	9b0a      	ldr	r3, [sp, #40]	@ 0x28
 800803a:	2b02      	cmp	r3, #2
 800803c:	dd22      	ble.n	8008084 <_dtoa_r+0x974>
 800803e:	9b05      	ldr	r3, [sp, #20]
 8008040:	2b00      	cmp	r3, #0
 8008042:	f47f ad88 	bne.w	8007b56 <_dtoa_r+0x446>
 8008046:	4629      	mov	r1, r5
 8008048:	9b05      	ldr	r3, [sp, #20]
 800804a:	2205      	movs	r2, #5
 800804c:	4648      	mov	r0, r9
 800804e:	f000 fa93 	bl	8008578 <__multadd>
 8008052:	4601      	mov	r1, r0
 8008054:	4605      	mov	r5, r0
 8008056:	9801      	ldr	r0, [sp, #4]
 8008058:	f000 fcba 	bl	80089d0 <__mcmp>
 800805c:	2800      	cmp	r0, #0
 800805e:	f77f ad7a 	ble.w	8007b56 <_dtoa_r+0x446>
 8008062:	9e00      	ldr	r6, [sp, #0]
 8008064:	2331      	movs	r3, #49	@ 0x31
 8008066:	f806 3b01 	strb.w	r3, [r6], #1
 800806a:	9b02      	ldr	r3, [sp, #8]
 800806c:	3301      	adds	r3, #1
 800806e:	9302      	str	r3, [sp, #8]
 8008070:	e575      	b.n	8007b5e <_dtoa_r+0x44e>
 8008072:	4635      	mov	r5, r6
 8008074:	462c      	mov	r4, r5
 8008076:	e7f4      	b.n	8008062 <_dtoa_r+0x952>
 8008078:	9d04      	ldr	r5, [sp, #16]
 800807a:	f8cd 8008 	str.w	r8, [sp, #8]
 800807e:	e7f9      	b.n	8008074 <_dtoa_r+0x964>
 8008080:	9b04      	ldr	r3, [sp, #16]
 8008082:	9305      	str	r3, [sp, #20]
 8008084:	9b0b      	ldr	r3, [sp, #44]	@ 0x2c
 8008086:	2b00      	cmp	r3, #0
 8008088:	f000 80fd 	beq.w	8008286 <_dtoa_r+0xb76>
 800808c:	2e00      	cmp	r6, #0
 800808e:	dd05      	ble.n	800809c <_dtoa_r+0x98c>
 8008090:	4621      	mov	r1, r4
 8008092:	4632      	mov	r2, r6
 8008094:	4648      	mov	r0, r9
 8008096:	f000 fc29 	bl	80088ec <__lshift>
 800809a:	4604      	mov	r4, r0
 800809c:	f1ba 0f00 	cmp.w	sl, #0
 80080a0:	d058      	beq.n	8008154 <_dtoa_r+0xa44>
 80080a2:	6861      	ldr	r1, [r4, #4]
 80080a4:	4648      	mov	r0, r9
 80080a6:	f000 fa07 	bl	80084b8 <_Balloc>
 80080aa:	4606      	mov	r6, r0
 80080ac:	b928      	cbnz	r0, 80080ba <_dtoa_r+0x9aa>
 80080ae:	4b81      	ldr	r3, [pc, #516]	@ (80082b4 <_dtoa_r+0xba4>)
 80080b0:	4602      	mov	r2, r0
 80080b2:	f240 21ef 	movw	r1, #751	@ 0x2ef
 80080b6:	f7ff bb42 	b.w	800773e <_dtoa_r+0x2e>
 80080ba:	6922      	ldr	r2, [r4, #16]
 80080bc:	3202      	adds	r2, #2
 80080be:	0092      	lsls	r2, r2, #2
 80080c0:	f104 010c 	add.w	r1, r4, #12
 80080c4:	300c      	adds	r0, #12
 80080c6:	f7ff fa8a 	bl	80075de <memcpy>
 80080ca:	2201      	movs	r2, #1
 80080cc:	4631      	mov	r1, r6
 80080ce:	4648      	mov	r0, r9
 80080d0:	f000 fc0c 	bl	80088ec <__lshift>
 80080d4:	4607      	mov	r7, r0
 80080d6:	9b00      	ldr	r3, [sp, #0]
 80080d8:	9a00      	ldr	r2, [sp, #0]
 80080da:	f103 0801 	add.w	r8, r3, #1
 80080de:	9b05      	ldr	r3, [sp, #20]
 80080e0:	4413      	add	r3, r2
 80080e2:	9306      	str	r3, [sp, #24]
 80080e4:	9b0e      	ldr	r3, [sp, #56]	@ 0x38
 80080e6:	f003 0301 	and.w	r3, r3, #1
 80080ea:	9308      	str	r3, [sp, #32]
 80080ec:	4629      	mov	r1, r5
 80080ee:	9801      	ldr	r0, [sp, #4]
 80080f0:	f7ff fa83 	bl	80075fa <quorem>
 80080f4:	4621      	mov	r1, r4
 80080f6:	9004      	str	r0, [sp, #16]
 80080f8:	f100 0b30 	add.w	fp, r0, #48	@ 0x30
 80080fc:	9801      	ldr	r0, [sp, #4]
 80080fe:	f000 fc67 	bl	80089d0 <__mcmp>
 8008102:	463a      	mov	r2, r7
 8008104:	9005      	str	r0, [sp, #20]
 8008106:	4629      	mov	r1, r5
 8008108:	4648      	mov	r0, r9
 800810a:	f000 fc7d 	bl	8008a08 <__mdiff>
 800810e:	68c2      	ldr	r2, [r0, #12]
 8008110:	f108 3aff 	add.w	sl, r8, #4294967295	@ 0xffffffff
 8008114:	4606      	mov	r6, r0
 8008116:	b9fa      	cbnz	r2, 8008158 <_dtoa_r+0xa48>
 8008118:	4601      	mov	r1, r0
 800811a:	9801      	ldr	r0, [sp, #4]
 800811c:	f000 fc58 	bl	80089d0 <__mcmp>
 8008120:	4602      	mov	r2, r0
 8008122:	4631      	mov	r1, r6
 8008124:	4648      	mov	r0, r9
 8008126:	9209      	str	r2, [sp, #36]	@ 0x24
 8008128:	f000 fa04 	bl	8008534 <_Bfree>
 800812c:	e9dd 2309 	ldrd	r2, r3, [sp, #36]	@ 0x24
 8008130:	ea42 0103 	orr.w	r1, r2, r3
 8008134:	9b08      	ldr	r3, [sp, #32]
 8008136:	4319      	orrs	r1, r3
 8008138:	4646      	mov	r6, r8
 800813a:	d10f      	bne.n	800815c <_dtoa_r+0xa4c>
 800813c:	f1bb 0f39 	cmp.w	fp, #57	@ 0x39
 8008140:	d028      	beq.n	8008194 <_dtoa_r+0xa84>
 8008142:	9b05      	ldr	r3, [sp, #20]
 8008144:	2b00      	cmp	r3, #0
 8008146:	dd02      	ble.n	800814e <_dtoa_r+0xa3e>
 8008148:	9b04      	ldr	r3, [sp, #16]
 800814a:	f103 0b31 	add.w	fp, r3, #49	@ 0x31
 800814e:	f88a b000 	strb.w	fp, [sl]
 8008152:	e506      	b.n	8007b62 <_dtoa_r+0x452>
 8008154:	4627      	mov	r7, r4
 8008156:	e7be      	b.n	80080d6 <_dtoa_r+0x9c6>
 8008158:	2201      	movs	r2, #1
 800815a:	e7e2      	b.n	8008122 <_dtoa_r+0xa12>
 800815c:	9b05      	ldr	r3, [sp, #20]
 800815e:	2b00      	cmp	r3, #0
 8008160:	db04      	blt.n	800816c <_dtoa_r+0xa5c>
 8008162:	990a      	ldr	r1, [sp, #40]	@ 0x28
 8008164:	430b      	orrs	r3, r1
 8008166:	9908      	ldr	r1, [sp, #32]
 8008168:	430b      	orrs	r3, r1
 800816a:	d120      	bne.n	80081ae <_dtoa_r+0xa9e>
 800816c:	2a00      	cmp	r2, #0
 800816e:	ddee      	ble.n	800814e <_dtoa_r+0xa3e>
 8008170:	9901      	ldr	r1, [sp, #4]
 8008172:	2201      	movs	r2, #1
 8008174:	4648      	mov	r0, r9
 8008176:	f000 fbb9 	bl	80088ec <__lshift>
 800817a:	4629      	mov	r1, r5
 800817c:	9001      	str	r0, [sp, #4]
 800817e:	f000 fc27 	bl	80089d0 <__mcmp>
 8008182:	2800      	cmp	r0, #0
 8008184:	dc03      	bgt.n	800818e <_dtoa_r+0xa7e>
 8008186:	d1e2      	bne.n	800814e <_dtoa_r+0xa3e>
 8008188:	f01b 0f01 	tst.w	fp, #1
 800818c:	d0df      	beq.n	800814e <_dtoa_r+0xa3e>
 800818e:	f1bb 0f39 	cmp.w	fp, #57	@ 0x39
 8008192:	d1d9      	bne.n	8008148 <_dtoa_r+0xa38>
 8008194:	2339      	movs	r3, #57	@ 0x39
 8008196:	f88a 3000 	strb.w	r3, [sl]
 800819a:	4633      	mov	r3, r6
 800819c:	461e      	mov	r6, r3
 800819e:	3b01      	subs	r3, #1
 80081a0:	f816 2c01 	ldrb.w	r2, [r6, #-1]
 80081a4:	2a39      	cmp	r2, #57	@ 0x39
 80081a6:	d052      	beq.n	800824e <_dtoa_r+0xb3e>
 80081a8:	3201      	adds	r2, #1
 80081aa:	701a      	strb	r2, [r3, #0]
 80081ac:	e4d9      	b.n	8007b62 <_dtoa_r+0x452>
 80081ae:	2a00      	cmp	r2, #0
 80081b0:	dd07      	ble.n	80081c2 <_dtoa_r+0xab2>
 80081b2:	f1bb 0f39 	cmp.w	fp, #57	@ 0x39
 80081b6:	d0ed      	beq.n	8008194 <_dtoa_r+0xa84>
 80081b8:	f10b 0301 	add.w	r3, fp, #1
 80081bc:	f88a 3000 	strb.w	r3, [sl]
 80081c0:	e4cf      	b.n	8007b62 <_dtoa_r+0x452>
 80081c2:	9b06      	ldr	r3, [sp, #24]
 80081c4:	f808 bc01 	strb.w	fp, [r8, #-1]
 80081c8:	4543      	cmp	r3, r8
 80081ca:	d02a      	beq.n	8008222 <_dtoa_r+0xb12>
 80081cc:	9901      	ldr	r1, [sp, #4]
 80081ce:	2300      	movs	r3, #0
 80081d0:	220a      	movs	r2, #10
 80081d2:	4648      	mov	r0, r9
 80081d4:	f000 f9d0 	bl	8008578 <__multadd>
 80081d8:	42bc      	cmp	r4, r7
 80081da:	9001      	str	r0, [sp, #4]
 80081dc:	f04f 0300 	mov.w	r3, #0
 80081e0:	f04f 020a 	mov.w	r2, #10
 80081e4:	4621      	mov	r1, r4
 80081e6:	4648      	mov	r0, r9
 80081e8:	d106      	bne.n	80081f8 <_dtoa_r+0xae8>
 80081ea:	f000 f9c5 	bl	8008578 <__multadd>
 80081ee:	4604      	mov	r4, r0
 80081f0:	4607      	mov	r7, r0
 80081f2:	f108 0801 	add.w	r8, r8, #1
 80081f6:	e779      	b.n	80080ec <_dtoa_r+0x9dc>
 80081f8:	f000 f9be 	bl	8008578 <__multadd>
 80081fc:	4639      	mov	r1, r7
 80081fe:	4604      	mov	r4, r0
 8008200:	2300      	movs	r3, #0
 8008202:	220a      	movs	r2, #10
 8008204:	4648      	mov	r0, r9
 8008206:	f000 f9b7 	bl	8008578 <__multadd>
 800820a:	4607      	mov	r7, r0
 800820c:	e7f1      	b.n	80081f2 <_dtoa_r+0xae2>
 800820e:	9b05      	ldr	r3, [sp, #20]
 8008210:	1e5e      	subs	r6, r3, #1
 8008212:	2b00      	cmp	r3, #0
 8008214:	9b00      	ldr	r3, [sp, #0]
 8008216:	bfd8      	it	le
 8008218:	2600      	movle	r6, #0
 800821a:	1c5a      	adds	r2, r3, #1
 800821c:	4627      	mov	r7, r4
 800821e:	4416      	add	r6, r2
 8008220:	2400      	movs	r4, #0
 8008222:	9901      	ldr	r1, [sp, #4]
 8008224:	2201      	movs	r2, #1
 8008226:	4648      	mov	r0, r9
 8008228:	f000 fb60 	bl	80088ec <__lshift>
 800822c:	4629      	mov	r1, r5
 800822e:	9001      	str	r0, [sp, #4]
 8008230:	f000 fbce 	bl	80089d0 <__mcmp>
 8008234:	2800      	cmp	r0, #0
 8008236:	dcb0      	bgt.n	800819a <_dtoa_r+0xa8a>
 8008238:	d102      	bne.n	8008240 <_dtoa_r+0xb30>
 800823a:	f01b 0f01 	tst.w	fp, #1
 800823e:	d1ac      	bne.n	800819a <_dtoa_r+0xa8a>
 8008240:	4633      	mov	r3, r6
 8008242:	461e      	mov	r6, r3
 8008244:	f813 2d01 	ldrb.w	r2, [r3, #-1]!
 8008248:	2a30      	cmp	r2, #48	@ 0x30
 800824a:	d0fa      	beq.n	8008242 <_dtoa_r+0xb32>
 800824c:	e489      	b.n	8007b62 <_dtoa_r+0x452>
 800824e:	9a00      	ldr	r2, [sp, #0]
 8008250:	429a      	cmp	r2, r3
 8008252:	d1a3      	bne.n	800819c <_dtoa_r+0xa8c>
 8008254:	9b02      	ldr	r3, [sp, #8]
 8008256:	3301      	adds	r3, #1
 8008258:	9302      	str	r3, [sp, #8]
 800825a:	2331      	movs	r3, #49	@ 0x31
 800825c:	7013      	strb	r3, [r2, #0]
 800825e:	e480      	b.n	8007b62 <_dtoa_r+0x452>
 8008260:	9b23      	ldr	r3, [sp, #140]	@ 0x8c
 8008262:	2b00      	cmp	r3, #0
 8008264:	f47f aa9f 	bne.w	80077a6 <_dtoa_r+0x96>
 8008268:	4b13      	ldr	r3, [pc, #76]	@ (80082b8 <_dtoa_r+0xba8>)
 800826a:	f7ff babe 	b.w	80077ea <_dtoa_r+0xda>
 800826e:	9b0a      	ldr	r3, [sp, #40]	@ 0x28
 8008270:	2b01      	cmp	r3, #1
 8008272:	f77f ae36 	ble.w	8007ee2 <_dtoa_r+0x7d2>
 8008276:	f8dd a034 	ldr.w	sl, [sp, #52]	@ 0x34
 800827a:	2001      	movs	r0, #1
 800827c:	e655      	b.n	8007f2a <_dtoa_r+0x81a>
 800827e:	9b05      	ldr	r3, [sp, #20]
 8008280:	2b00      	cmp	r3, #0
 8008282:	f77f aed9 	ble.w	8008038 <_dtoa_r+0x928>
 8008286:	9e00      	ldr	r6, [sp, #0]
 8008288:	9801      	ldr	r0, [sp, #4]
 800828a:	4629      	mov	r1, r5
 800828c:	f7ff f9b5 	bl	80075fa <quorem>
 8008290:	f100 0b30 	add.w	fp, r0, #48	@ 0x30
 8008294:	9b00      	ldr	r3, [sp, #0]
 8008296:	f806 bb01 	strb.w	fp, [r6], #1
 800829a:	1af2      	subs	r2, r6, r3
 800829c:	9b05      	ldr	r3, [sp, #20]
 800829e:	4293      	cmp	r3, r2
 80082a0:	ddb5      	ble.n	800820e <_dtoa_r+0xafe>
 80082a2:	9901      	ldr	r1, [sp, #4]
 80082a4:	2300      	movs	r3, #0
 80082a6:	220a      	movs	r2, #10
 80082a8:	4648      	mov	r0, r9
 80082aa:	f000 f965 	bl	8008578 <__multadd>
 80082ae:	9001      	str	r0, [sp, #4]
 80082b0:	e7ea      	b.n	8008288 <_dtoa_r+0xb78>
 80082b2:	bf00      	nop
 80082b4:	080098ef 	.word	0x080098ef
 80082b8:	0800981c 	.word	0x0800981c

080082bc <_free_r>:
 80082bc:	b537      	push	{r0, r1, r2, r4, r5, lr}
 80082be:	2900      	cmp	r1, #0
 80082c0:	d044      	beq.n	800834c <_free_r+0x90>
 80082c2:	f851 3c04 	ldr.w	r3, [r1, #-4]
 80082c6:	9001      	str	r0, [sp, #4]
 80082c8:	2b00      	cmp	r3, #0
 80082ca:	f1a1 0404 	sub.w	r4, r1, #4
 80082ce:	bfb8      	it	lt
 80082d0:	18e4      	addlt	r4, r4, r3
 80082d2:	f000 f8e5 	bl	80084a0 <__malloc_lock>
 80082d6:	4a1e      	ldr	r2, [pc, #120]	@ (8008350 <_free_r+0x94>)
 80082d8:	9801      	ldr	r0, [sp, #4]
 80082da:	6813      	ldr	r3, [r2, #0]
 80082dc:	b933      	cbnz	r3, 80082ec <_free_r+0x30>
 80082de:	6063      	str	r3, [r4, #4]
 80082e0:	6014      	str	r4, [r2, #0]
 80082e2:	b003      	add	sp, #12
 80082e4:	e8bd 4030 	ldmia.w	sp!, {r4, r5, lr}
 80082e8:	f000 b8e0 	b.w	80084ac <__malloc_unlock>
 80082ec:	42a3      	cmp	r3, r4
 80082ee:	d908      	bls.n	8008302 <_free_r+0x46>
 80082f0:	6825      	ldr	r5, [r4, #0]
 80082f2:	1961      	adds	r1, r4, r5
 80082f4:	428b      	cmp	r3, r1
 80082f6:	bf01      	itttt	eq
 80082f8:	6819      	ldreq	r1, [r3, #0]
 80082fa:	685b      	ldreq	r3, [r3, #4]
 80082fc:	1949      	addeq	r1, r1, r5
 80082fe:	6021      	streq	r1, [r4, #0]
 8008300:	e7ed      	b.n	80082de <_free_r+0x22>
 8008302:	461a      	mov	r2, r3
 8008304:	685b      	ldr	r3, [r3, #4]
 8008306:	b10b      	cbz	r3, 800830c <_free_r+0x50>
 8008308:	42a3      	cmp	r3, r4
 800830a:	d9fa      	bls.n	8008302 <_free_r+0x46>
 800830c:	6811      	ldr	r1, [r2, #0]
 800830e:	1855      	adds	r5, r2, r1
 8008310:	42a5      	cmp	r5, r4
 8008312:	d10b      	bne.n	800832c <_free_r+0x70>
 8008314:	6824      	ldr	r4, [r4, #0]
 8008316:	4421      	add	r1, r4
 8008318:	1854      	adds	r4, r2, r1
 800831a:	42a3      	cmp	r3, r4
 800831c:	6011      	str	r1, [r2, #0]
 800831e:	d1e0      	bne.n	80082e2 <_free_r+0x26>
 8008320:	681c      	ldr	r4, [r3, #0]
 8008322:	685b      	ldr	r3, [r3, #4]
 8008324:	6053      	str	r3, [r2, #4]
 8008326:	440c      	add	r4, r1
 8008328:	6014      	str	r4, [r2, #0]
 800832a:	e7da      	b.n	80082e2 <_free_r+0x26>
 800832c:	d902      	bls.n	8008334 <_free_r+0x78>
 800832e:	230c      	movs	r3, #12
 8008330:	6003      	str	r3, [r0, #0]
 8008332:	e7d6      	b.n	80082e2 <_free_r+0x26>
 8008334:	6825      	ldr	r5, [r4, #0]
 8008336:	1961      	adds	r1, r4, r5
 8008338:	428b      	cmp	r3, r1
 800833a:	bf04      	itt	eq
 800833c:	6819      	ldreq	r1, [r3, #0]
 800833e:	685b      	ldreq	r3, [r3, #4]
 8008340:	6063      	str	r3, [r4, #4]
 8008342:	bf04      	itt	eq
 8008344:	1949      	addeq	r1, r1, r5
 8008346:	6021      	streq	r1, [r4, #0]
 8008348:	6054      	str	r4, [r2, #4]
 800834a:	e7ca      	b.n	80082e2 <_free_r+0x26>
 800834c:	b003      	add	sp, #12
 800834e:	bd30      	pop	{r4, r5, pc}
 8008350:	20002000 	.word	0x20002000

08008354 <malloc>:
 8008354:	4b02      	ldr	r3, [pc, #8]	@ (8008360 <malloc+0xc>)
 8008356:	4601      	mov	r1, r0
 8008358:	6818      	ldr	r0, [r3, #0]
 800835a:	f000 b825 	b.w	80083a8 <_malloc_r>
 800835e:	bf00      	nop
 8008360:	20000110 	.word	0x20000110

08008364 <sbrk_aligned>:
 8008364:	b570      	push	{r4, r5, r6, lr}
 8008366:	4c0f      	ldr	r4, [pc, #60]	@ (80083a4 <sbrk_aligned+0x40>)
 8008368:	460e      	mov	r6, r1
 800836a:	6821      	ldr	r1, [r4, #0]
 800836c:	4605      	mov	r5, r0
 800836e:	b911      	cbnz	r1, 8008376 <sbrk_aligned+0x12>
 8008370:	f000 fe54 	bl	800901c <_sbrk_r>
 8008374:	6020      	str	r0, [r4, #0]
 8008376:	4631      	mov	r1, r6
 8008378:	4628      	mov	r0, r5
 800837a:	f000 fe4f 	bl	800901c <_sbrk_r>
 800837e:	1c43      	adds	r3, r0, #1
 8008380:	d103      	bne.n	800838a <sbrk_aligned+0x26>
 8008382:	f04f 34ff 	mov.w	r4, #4294967295	@ 0xffffffff
 8008386:	4620      	mov	r0, r4
 8008388:	bd70      	pop	{r4, r5, r6, pc}
 800838a:	1cc4      	adds	r4, r0, #3
 800838c:	f024 0403 	bic.w	r4, r4, #3
 8008390:	42a0      	cmp	r0, r4
 8008392:	d0f8      	beq.n	8008386 <sbrk_aligned+0x22>
 8008394:	1a21      	subs	r1, r4, r0
 8008396:	4628      	mov	r0, r5
 8008398:	f000 fe40 	bl	800901c <_sbrk_r>
 800839c:	3001      	adds	r0, #1
 800839e:	d1f2      	bne.n	8008386 <sbrk_aligned+0x22>
 80083a0:	e7ef      	b.n	8008382 <sbrk_aligned+0x1e>
 80083a2:	bf00      	nop
 80083a4:	20001ffc 	.word	0x20001ffc

080083a8 <_malloc_r>:
 80083a8:	e92d 43f8 	stmdb	sp!, {r3, r4, r5, r6, r7, r8, r9, lr}
 80083ac:	1ccd      	adds	r5, r1, #3
 80083ae:	f025 0503 	bic.w	r5, r5, #3
 80083b2:	3508      	adds	r5, #8
 80083b4:	2d0c      	cmp	r5, #12
 80083b6:	bf38      	it	cc
 80083b8:	250c      	movcc	r5, #12
 80083ba:	2d00      	cmp	r5, #0
 80083bc:	4606      	mov	r6, r0
 80083be:	db01      	blt.n	80083c4 <_malloc_r+0x1c>
 80083c0:	42a9      	cmp	r1, r5
 80083c2:	d904      	bls.n	80083ce <_malloc_r+0x26>
 80083c4:	230c      	movs	r3, #12
 80083c6:	6033      	str	r3, [r6, #0]
 80083c8:	2000      	movs	r0, #0
 80083ca:	e8bd 83f8 	ldmia.w	sp!, {r3, r4, r5, r6, r7, r8, r9, pc}
 80083ce:	4f33      	ldr	r7, [pc, #204]	@ (800849c <_malloc_r+0xf4>)
 80083d0:	f000 f866 	bl	80084a0 <__malloc_lock>
 80083d4:	683b      	ldr	r3, [r7, #0]
 80083d6:	461c      	mov	r4, r3
 80083d8:	bb3c      	cbnz	r4, 800842a <_malloc_r+0x82>
 80083da:	4629      	mov	r1, r5
 80083dc:	4630      	mov	r0, r6
 80083de:	f7ff ffc1 	bl	8008364 <sbrk_aligned>
 80083e2:	1c43      	adds	r3, r0, #1
 80083e4:	4604      	mov	r4, r0
 80083e6:	d156      	bne.n	8008496 <_malloc_r+0xee>
 80083e8:	683c      	ldr	r4, [r7, #0]
 80083ea:	46a0      	mov	r8, r4
 80083ec:	f1b8 0f00 	cmp.w	r8, #0
 80083f0:	d140      	bne.n	8008474 <_malloc_r+0xcc>
 80083f2:	2c00      	cmp	r4, #0
 80083f4:	d049      	beq.n	800848a <_malloc_r+0xe2>
 80083f6:	6823      	ldr	r3, [r4, #0]
 80083f8:	4641      	mov	r1, r8
 80083fa:	4630      	mov	r0, r6
 80083fc:	eb04 0903 	add.w	r9, r4, r3
 8008400:	f000 fe0c 	bl	800901c <_sbrk_r>
 8008404:	4581      	cmp	r9, r0
 8008406:	d140      	bne.n	800848a <_malloc_r+0xe2>
 8008408:	6821      	ldr	r1, [r4, #0]
 800840a:	1a6d      	subs	r5, r5, r1
 800840c:	4629      	mov	r1, r5
 800840e:	4630      	mov	r0, r6
 8008410:	f7ff ffa8 	bl	8008364 <sbrk_aligned>
 8008414:	3001      	adds	r0, #1
 8008416:	d038      	beq.n	800848a <_malloc_r+0xe2>
 8008418:	6823      	ldr	r3, [r4, #0]
 800841a:	442b      	add	r3, r5
 800841c:	6023      	str	r3, [r4, #0]
 800841e:	683b      	ldr	r3, [r7, #0]
 8008420:	685a      	ldr	r2, [r3, #4]
 8008422:	bb5a      	cbnz	r2, 800847c <_malloc_r+0xd4>
 8008424:	f8c7 8000 	str.w	r8, [r7]
 8008428:	e00e      	b.n	8008448 <_malloc_r+0xa0>
 800842a:	6822      	ldr	r2, [r4, #0]
 800842c:	1b52      	subs	r2, r2, r5
 800842e:	d41e      	bmi.n	800846e <_malloc_r+0xc6>
 8008430:	2a0b      	cmp	r2, #11
 8008432:	d916      	bls.n	8008462 <_malloc_r+0xba>
 8008434:	1961      	adds	r1, r4, r5
 8008436:	42a3      	cmp	r3, r4
 8008438:	6025      	str	r5, [r4, #0]
 800843a:	bf18      	it	ne
 800843c:	6059      	strne	r1, [r3, #4]
 800843e:	6863      	ldr	r3, [r4, #4]
 8008440:	bf08      	it	eq
 8008442:	6039      	streq	r1, [r7, #0]
 8008444:	5162      	str	r2, [r4, r5]
 8008446:	604b      	str	r3, [r1, #4]
 8008448:	4630      	mov	r0, r6
 800844a:	f000 f82f 	bl	80084ac <__malloc_unlock>
 800844e:	f104 000b 	add.w	r0, r4, #11
 8008452:	1d23      	adds	r3, r4, #4
 8008454:	f020 0007 	bic.w	r0, r0, #7
 8008458:	1ac2      	subs	r2, r0, r3
 800845a:	bf1c      	itt	ne
 800845c:	1a1b      	subne	r3, r3, r0
 800845e:	50a3      	strne	r3, [r4, r2]
 8008460:	e7b3      	b.n	80083ca <_malloc_r+0x22>
 8008462:	6862      	ldr	r2, [r4, #4]
 8008464:	42a3      	cmp	r3, r4
 8008466:	bf0c      	ite	eq
 8008468:	603a      	streq	r2, [r7, #0]
 800846a:	605a      	strne	r2, [r3, #4]
 800846c:	e7ec      	b.n	8008448 <_malloc_r+0xa0>
 800846e:	4623      	mov	r3, r4
 8008470:	6864      	ldr	r4, [r4, #4]
 8008472:	e7b1      	b.n	80083d8 <_malloc_r+0x30>
 8008474:	4644      	mov	r4, r8
 8008476:	f8d8 8004 	ldr.w	r8, [r8, #4]
 800847a:	e7b7      	b.n	80083ec <_malloc_r+0x44>
 800847c:	461a      	mov	r2, r3
 800847e:	685b      	ldr	r3, [r3, #4]
 8008480:	42a3      	cmp	r3, r4
 8008482:	d1fb      	bne.n	800847c <_malloc_r+0xd4>
 8008484:	2300      	movs	r3, #0
 8008486:	6053      	str	r3, [r2, #4]
 8008488:	e7de      	b.n	8008448 <_malloc_r+0xa0>
 800848a:	230c      	movs	r3, #12
 800848c:	6033      	str	r3, [r6, #0]
 800848e:	4630      	mov	r0, r6
 8008490:	f000 f80c 	bl	80084ac <__malloc_unlock>
 8008494:	e798      	b.n	80083c8 <_malloc_r+0x20>
 8008496:	6005      	str	r5, [r0, #0]
 8008498:	e7d6      	b.n	8008448 <_malloc_r+0xa0>
 800849a:	bf00      	nop
 800849c:	20002000 	.word	0x20002000

080084a0 <__malloc_lock>:
 80084a0:	4801      	ldr	r0, [pc, #4]	@ (80084a8 <__malloc_lock+0x8>)
 80084a2:	f7ff b89a 	b.w	80075da <__retarget_lock_acquire_recursive>
 80084a6:	bf00      	nop
 80084a8:	20001ff8 	.word	0x20001ff8

080084ac <__malloc_unlock>:
 80084ac:	4801      	ldr	r0, [pc, #4]	@ (80084b4 <__malloc_unlock+0x8>)
 80084ae:	f7ff b895 	b.w	80075dc <__retarget_lock_release_recursive>
 80084b2:	bf00      	nop
 80084b4:	20001ff8 	.word	0x20001ff8

080084b8 <_Balloc>:
 80084b8:	b570      	push	{r4, r5, r6, lr}
 80084ba:	69c4      	ldr	r4, [r0, #28]
 80084bc:	4605      	mov	r5, r0
 80084be:	460e      	mov	r6, r1
 80084c0:	b984      	cbnz	r4, 80084e4 <_Balloc+0x2c>
 80084c2:	2010      	movs	r0, #16
 80084c4:	f7ff ff46 	bl	8008354 <malloc>
 80084c8:	4604      	mov	r4, r0
 80084ca:	61e8      	str	r0, [r5, #28]
 80084cc:	b928      	cbnz	r0, 80084da <_Balloc+0x22>
 80084ce:	4602      	mov	r2, r0
 80084d0:	4b16      	ldr	r3, [pc, #88]	@ (800852c <_Balloc+0x74>)
 80084d2:	4817      	ldr	r0, [pc, #92]	@ (8008530 <_Balloc+0x78>)
 80084d4:	216b      	movs	r1, #107	@ 0x6b
 80084d6:	f000 fdb1 	bl	800903c <__assert_func>
 80084da:	2300      	movs	r3, #0
 80084dc:	e9c0 3301 	strd	r3, r3, [r0, #4]
 80084e0:	6003      	str	r3, [r0, #0]
 80084e2:	60c3      	str	r3, [r0, #12]
 80084e4:	68e3      	ldr	r3, [r4, #12]
 80084e6:	b953      	cbnz	r3, 80084fe <_Balloc+0x46>
 80084e8:	2221      	movs	r2, #33	@ 0x21
 80084ea:	2104      	movs	r1, #4
 80084ec:	4628      	mov	r0, r5
 80084ee:	f000 fdc3 	bl	8009078 <_calloc_r>
 80084f2:	69eb      	ldr	r3, [r5, #28]
 80084f4:	60e0      	str	r0, [r4, #12]
 80084f6:	68db      	ldr	r3, [r3, #12]
 80084f8:	b90b      	cbnz	r3, 80084fe <_Balloc+0x46>
 80084fa:	2000      	movs	r0, #0
 80084fc:	bd70      	pop	{r4, r5, r6, pc}
 80084fe:	f853 0026 	ldr.w	r0, [r3, r6, lsl #2]
 8008502:	b130      	cbz	r0, 8008512 <_Balloc+0x5a>
 8008504:	6802      	ldr	r2, [r0, #0]
 8008506:	f843 2026 	str.w	r2, [r3, r6, lsl #2]
 800850a:	2300      	movs	r3, #0
 800850c:	e9c0 3303 	strd	r3, r3, [r0, #12]
 8008510:	e7f4      	b.n	80084fc <_Balloc+0x44>
 8008512:	2101      	movs	r1, #1
 8008514:	fa01 f406 	lsl.w	r4, r1, r6
 8008518:	1d62      	adds	r2, r4, #5
 800851a:	0092      	lsls	r2, r2, #2
 800851c:	4628      	mov	r0, r5
 800851e:	f000 fdab 	bl	8009078 <_calloc_r>
 8008522:	2800      	cmp	r0, #0
 8008524:	d0e9      	beq.n	80084fa <_Balloc+0x42>
 8008526:	e9c0 6401 	strd	r6, r4, [r0, #4]
 800852a:	e7ee      	b.n	800850a <_Balloc+0x52>
 800852c:	08009829 	.word	0x08009829
 8008530:	08009900 	.word	0x08009900

08008534 <_Bfree>:
 8008534:	b570      	push	{r4, r5, r6, lr}
 8008536:	69c4      	ldr	r4, [r0, #28]
 8008538:	4606      	mov	r6, r0
 800853a:	460d      	mov	r5, r1
 800853c:	b974      	cbnz	r4, 800855c <_Bfree+0x28>
 800853e:	2010      	movs	r0, #16
 8008540:	f7ff ff08 	bl	8008354 <malloc>
 8008544:	4602      	mov	r2, r0
 8008546:	61f0      	str	r0, [r6, #28]
 8008548:	b920      	cbnz	r0, 8008554 <_Bfree+0x20>
 800854a:	4b09      	ldr	r3, [pc, #36]	@ (8008570 <_Bfree+0x3c>)
 800854c:	4809      	ldr	r0, [pc, #36]	@ (8008574 <_Bfree+0x40>)
 800854e:	218f      	movs	r1, #143	@ 0x8f
 8008550:	f000 fd74 	bl	800903c <__assert_func>
 8008554:	e9c0 4401 	strd	r4, r4, [r0, #4]
 8008558:	6004      	str	r4, [r0, #0]
 800855a:	60c4      	str	r4, [r0, #12]
 800855c:	b13d      	cbz	r5, 800856e <_Bfree+0x3a>
 800855e:	69f3      	ldr	r3, [r6, #28]
 8008560:	686a      	ldr	r2, [r5, #4]
 8008562:	68db      	ldr	r3, [r3, #12]
 8008564:	f853 1022 	ldr.w	r1, [r3, r2, lsl #2]
 8008568:	6029      	str	r1, [r5, #0]
 800856a:	f843 5022 	str.w	r5, [r3, r2, lsl #2]
 800856e:	bd70      	pop	{r4, r5, r6, pc}
 8008570:	08009829 	.word	0x08009829
 8008574:	08009900 	.word	0x08009900

08008578 <__multadd>:
 8008578:	e92d 41f0 	stmdb	sp!, {r4, r5, r6, r7, r8, lr}
 800857c:	690d      	ldr	r5, [r1, #16]
 800857e:	4607      	mov	r7, r0
 8008580:	460c      	mov	r4, r1
 8008582:	461e      	mov	r6, r3
 8008584:	f101 0c14 	add.w	ip, r1, #20
 8008588:	2000      	movs	r0, #0
 800858a:	f8dc 3000 	ldr.w	r3, [ip]
 800858e:	b299      	uxth	r1, r3
 8008590:	fb02 6101 	mla	r1, r2, r1, r6
 8008594:	0c1e      	lsrs	r6, r3, #16
 8008596:	0c0b      	lsrs	r3, r1, #16
 8008598:	fb02 3306 	mla	r3, r2, r6, r3
 800859c:	b289      	uxth	r1, r1
 800859e:	3001      	adds	r0, #1
 80085a0:	eb01 4103 	add.w	r1, r1, r3, lsl #16
 80085a4:	4285      	cmp	r5, r0
 80085a6:	f84c 1b04 	str.w	r1, [ip], #4
 80085aa:	ea4f 4613 	mov.w	r6, r3, lsr #16
 80085ae:	dcec      	bgt.n	800858a <__multadd+0x12>
 80085b0:	b30e      	cbz	r6, 80085f6 <__multadd+0x7e>
 80085b2:	68a3      	ldr	r3, [r4, #8]
 80085b4:	42ab      	cmp	r3, r5
 80085b6:	dc19      	bgt.n	80085ec <__multadd+0x74>
 80085b8:	6861      	ldr	r1, [r4, #4]
 80085ba:	4638      	mov	r0, r7
 80085bc:	3101      	adds	r1, #1
 80085be:	f7ff ff7b 	bl	80084b8 <_Balloc>
 80085c2:	4680      	mov	r8, r0
 80085c4:	b928      	cbnz	r0, 80085d2 <__multadd+0x5a>
 80085c6:	4602      	mov	r2, r0
 80085c8:	4b0c      	ldr	r3, [pc, #48]	@ (80085fc <__multadd+0x84>)
 80085ca:	480d      	ldr	r0, [pc, #52]	@ (8008600 <__multadd+0x88>)
 80085cc:	21ba      	movs	r1, #186	@ 0xba
 80085ce:	f000 fd35 	bl	800903c <__assert_func>
 80085d2:	6922      	ldr	r2, [r4, #16]
 80085d4:	3202      	adds	r2, #2
 80085d6:	f104 010c 	add.w	r1, r4, #12
 80085da:	0092      	lsls	r2, r2, #2
 80085dc:	300c      	adds	r0, #12
 80085de:	f7fe fffe 	bl	80075de <memcpy>
 80085e2:	4621      	mov	r1, r4
 80085e4:	4638      	mov	r0, r7
 80085e6:	f7ff ffa5 	bl	8008534 <_Bfree>
 80085ea:	4644      	mov	r4, r8
 80085ec:	eb04 0385 	add.w	r3, r4, r5, lsl #2
 80085f0:	3501      	adds	r5, #1
 80085f2:	615e      	str	r6, [r3, #20]
 80085f4:	6125      	str	r5, [r4, #16]
 80085f6:	4620      	mov	r0, r4
 80085f8:	e8bd 81f0 	ldmia.w	sp!, {r4, r5, r6, r7, r8, pc}
 80085fc:	080098ef 	.word	0x080098ef
 8008600:	08009900 	.word	0x08009900

08008604 <__hi0bits>:
 8008604:	f5b0 3f80 	cmp.w	r0, #65536	@ 0x10000
 8008608:	4603      	mov	r3, r0
 800860a:	bf36      	itet	cc
 800860c:	0403      	lslcc	r3, r0, #16
 800860e:	2000      	movcs	r0, #0
 8008610:	2010      	movcc	r0, #16
 8008612:	f1b3 7f80 	cmp.w	r3, #16777216	@ 0x1000000
 8008616:	bf3c      	itt	cc
 8008618:	021b      	lslcc	r3, r3, #8
 800861a:	3008      	addcc	r0, #8
 800861c:	f1b3 5f80 	cmp.w	r3, #268435456	@ 0x10000000
 8008620:	bf3c      	itt	cc
 8008622:	011b      	lslcc	r3, r3, #4
 8008624:	3004      	addcc	r0, #4
 8008626:	f1b3 4f80 	cmp.w	r3, #1073741824	@ 0x40000000
 800862a:	bf3c      	itt	cc
 800862c:	009b      	lslcc	r3, r3, #2
 800862e:	3002      	addcc	r0, #2
 8008630:	2b00      	cmp	r3, #0
 8008632:	db04      	blt.n	800863e <__hi0bits+0x3a>
 8008634:	005b      	lsls	r3, r3, #1
 8008636:	d501      	bpl.n	800863c <__hi0bits+0x38>
 8008638:	3001      	adds	r0, #1
 800863a:	4770      	bx	lr
 800863c:	2020      	movs	r0, #32
 800863e:	4770      	bx	lr

08008640 <__lo0bits>:
 8008640:	6803      	ldr	r3, [r0, #0]
 8008642:	f013 0207 	ands.w	r2, r3, #7
 8008646:	4601      	mov	r1, r0
 8008648:	d00b      	beq.n	8008662 <__lo0bits+0x22>
 800864a:	07da      	lsls	r2, r3, #31
 800864c:	d422      	bmi.n	8008694 <__lo0bits+0x54>
 800864e:	0798      	lsls	r0, r3, #30
 8008650:	bf49      	itett	mi
 8008652:	085b      	lsrmi	r3, r3, #1
 8008654:	089b      	lsrpl	r3, r3, #2
 8008656:	2001      	movmi	r0, #1
 8008658:	600b      	strmi	r3, [r1, #0]
 800865a:	bf5c      	itt	pl
 800865c:	600b      	strpl	r3, [r1, #0]
 800865e:	2002      	movpl	r0, #2
 8008660:	4770      	bx	lr
 8008662:	b298      	uxth	r0, r3
 8008664:	b9a0      	cbnz	r0, 8008690 <__lo0bits+0x50>
 8008666:	0c1b      	lsrs	r3, r3, #16
 8008668:	2010      	movs	r0, #16
 800866a:	b2da      	uxtb	r2, r3
 800866c:	b90a      	cbnz	r2, 8008672 <__lo0bits+0x32>
 800866e:	3008      	adds	r0, #8
 8008670:	0a1b      	lsrs	r3, r3, #8
 8008672:	071a      	lsls	r2, r3, #28
 8008674:	bf04      	itt	eq
 8008676:	091b      	lsreq	r3, r3, #4
 8008678:	3004      	addeq	r0, #4
 800867a:	079a      	lsls	r2, r3, #30
 800867c:	bf04      	itt	eq
 800867e:	089b      	lsreq	r3, r3, #2
 8008680:	3002      	addeq	r0, #2
 8008682:	07da      	lsls	r2, r3, #31
 8008684:	d402      	bmi.n	800868c <__lo0bits+0x4c>
 8008686:	085b      	lsrs	r3, r3, #1
 8008688:	d006      	beq.n	8008698 <__lo0bits+0x58>
 800868a:	3001      	adds	r0, #1
 800868c:	600b      	str	r3, [r1, #0]
 800868e:	4770      	bx	lr
 8008690:	4610      	mov	r0, r2
 8008692:	e7ea      	b.n	800866a <__lo0bits+0x2a>
 8008694:	2000      	movs	r0, #0
 8008696:	4770      	bx	lr
 8008698:	2020      	movs	r0, #32
 800869a:	4770      	bx	lr

0800869c <__i2b>:
 800869c:	b510      	push	{r4, lr}
 800869e:	460c      	mov	r4, r1
 80086a0:	2101      	movs	r1, #1
 80086a2:	f7ff ff09 	bl	80084b8 <_Balloc>
 80086a6:	4602      	mov	r2, r0
 80086a8:	b928      	cbnz	r0, 80086b6 <__i2b+0x1a>
 80086aa:	4b05      	ldr	r3, [pc, #20]	@ (80086c0 <__i2b+0x24>)
 80086ac:	4805      	ldr	r0, [pc, #20]	@ (80086c4 <__i2b+0x28>)
 80086ae:	f240 1145 	movw	r1, #325	@ 0x145
 80086b2:	f000 fcc3 	bl	800903c <__assert_func>
 80086b6:	2301      	movs	r3, #1
 80086b8:	6144      	str	r4, [r0, #20]
 80086ba:	6103      	str	r3, [r0, #16]
 80086bc:	bd10      	pop	{r4, pc}
 80086be:	bf00      	nop
 80086c0:	080098ef 	.word	0x080098ef
 80086c4:	08009900 	.word	0x08009900

080086c8 <__multiply>:
 80086c8:	e92d 4ff0 	stmdb	sp!, {r4, r5, r6, r7, r8, r9, sl, fp, lr}
 80086cc:	f8d1 8010 	ldr.w	r8, [r1, #16]
 80086d0:	f8d2 9010 	ldr.w	r9, [r2, #16]
 80086d4:	45c8      	cmp	r8, r9
 80086d6:	b085      	sub	sp, #20
 80086d8:	460e      	mov	r6, r1
 80086da:	4614      	mov	r4, r2
 80086dc:	db04      	blt.n	80086e8 <__multiply+0x20>
 80086de:	464b      	mov	r3, r9
 80086e0:	460c      	mov	r4, r1
 80086e2:	46c1      	mov	r9, r8
 80086e4:	4616      	mov	r6, r2
 80086e6:	4698      	mov	r8, r3
 80086e8:	68a3      	ldr	r3, [r4, #8]
 80086ea:	6861      	ldr	r1, [r4, #4]
 80086ec:	eb09 0708 	add.w	r7, r9, r8
 80086f0:	42bb      	cmp	r3, r7
 80086f2:	bfb8      	it	lt
 80086f4:	3101      	addlt	r1, #1
 80086f6:	f7ff fedf 	bl	80084b8 <_Balloc>
 80086fa:	b930      	cbnz	r0, 800870a <__multiply+0x42>
 80086fc:	4602      	mov	r2, r0
 80086fe:	4b4b      	ldr	r3, [pc, #300]	@ (800882c <__multiply+0x164>)
 8008700:	484b      	ldr	r0, [pc, #300]	@ (8008830 <__multiply+0x168>)
 8008702:	f44f 71b1 	mov.w	r1, #354	@ 0x162
 8008706:	f000 fc99 	bl	800903c <__assert_func>
 800870a:	f100 0514 	add.w	r5, r0, #20
 800870e:	eb05 0b87 	add.w	fp, r5, r7, lsl #2
 8008712:	462b      	mov	r3, r5
 8008714:	2200      	movs	r2, #0
 8008716:	455b      	cmp	r3, fp
 8008718:	d322      	bcc.n	8008760 <__multiply+0x98>
 800871a:	f106 0114 	add.w	r1, r6, #20
 800871e:	eb01 0388 	add.w	r3, r1, r8, lsl #2
 8008722:	f104 0c14 	add.w	ip, r4, #20
 8008726:	eb0c 0c89 	add.w	ip, ip, r9, lsl #2
 800872a:	9302      	str	r3, [sp, #8]
 800872c:	f104 0315 	add.w	r3, r4, #21
 8008730:	4563      	cmp	r3, ip
 8008732:	bf8c      	ite	hi
 8008734:	2300      	movhi	r3, #0
 8008736:	2301      	movls	r3, #1
 8008738:	9300      	str	r3, [sp, #0]
 800873a:	ebac 0304 	sub.w	r3, ip, r4
 800873e:	3b15      	subs	r3, #21
 8008740:	089b      	lsrs	r3, r3, #2
 8008742:	9301      	str	r3, [sp, #4]
 8008744:	9b02      	ldr	r3, [sp, #8]
 8008746:	9103      	str	r1, [sp, #12]
 8008748:	428b      	cmp	r3, r1
 800874a:	d80c      	bhi.n	8008766 <__multiply+0x9e>
 800874c:	2f00      	cmp	r7, #0
 800874e:	dd03      	ble.n	8008758 <__multiply+0x90>
 8008750:	f85b 3d04 	ldr.w	r3, [fp, #-4]!
 8008754:	2b00      	cmp	r3, #0
 8008756:	d067      	beq.n	8008828 <__multiply+0x160>
 8008758:	6107      	str	r7, [r0, #16]
 800875a:	b005      	add	sp, #20
 800875c:	e8bd 8ff0 	ldmia.w	sp!, {r4, r5, r6, r7, r8, r9, sl, fp, pc}
 8008760:	f843 2b04 	str.w	r2, [r3], #4
 8008764:	e7d7      	b.n	8008716 <__multiply+0x4e>
 8008766:	f8b1 a000 	ldrh.w	sl, [r1]
 800876a:	f1ba 0f00 	cmp.w	sl, #0
 800876e:	d028      	beq.n	80087c2 <__multiply+0xfa>
 8008770:	f104 0814 	add.w	r8, r4, #20
 8008774:	46a9      	mov	r9, r5
 8008776:	f04f 0e00 	mov.w	lr, #0
 800877a:	f858 2b04 	ldr.w	r2, [r8], #4
 800877e:	f8d9 3000 	ldr.w	r3, [r9]
 8008782:	b296      	uxth	r6, r2
 8008784:	b29b      	uxth	r3, r3
 8008786:	fb0a 3306 	mla	r3, sl, r6, r3
 800878a:	f8d9 6000 	ldr.w	r6, [r9]
 800878e:	0c12      	lsrs	r2, r2, #16
 8008790:	0c36      	lsrs	r6, r6, #16
 8008792:	4473      	add	r3, lr
 8008794:	fb0a 6602 	mla	r6, sl, r2, r6
 8008798:	eb06 4613 	add.w	r6, r6, r3, lsr #16
 800879c:	b29b      	uxth	r3, r3
 800879e:	ea43 4306 	orr.w	r3, r3, r6, lsl #16
 80087a2:	45c4      	cmp	ip, r8
 80087a4:	f849 3b04 	str.w	r3, [r9], #4
 80087a8:	ea4f 4e16 	mov.w	lr, r6, lsr #16
 80087ac:	d8e5      	bhi.n	800877a <__multiply+0xb2>
 80087ae:	9a00      	ldr	r2, [sp, #0]
 80087b0:	9b01      	ldr	r3, [sp, #4]
 80087b2:	2a00      	cmp	r2, #0
 80087b4:	ea4f 0383 	mov.w	r3, r3, lsl #2
 80087b8:	bf08      	it	eq
 80087ba:	2300      	moveq	r3, #0
 80087bc:	442b      	add	r3, r5
 80087be:	f8c3 e004 	str.w	lr, [r3, #4]
 80087c2:	9b03      	ldr	r3, [sp, #12]
 80087c4:	f8b3 e002 	ldrh.w	lr, [r3, #2]
 80087c8:	3104      	adds	r1, #4
 80087ca:	f1be 0f00 	cmp.w	lr, #0
 80087ce:	d029      	beq.n	8008824 <__multiply+0x15c>
 80087d0:	682b      	ldr	r3, [r5, #0]
 80087d2:	f104 0614 	add.w	r6, r4, #20
 80087d6:	4698      	mov	r8, r3
 80087d8:	46a9      	mov	r9, r5
 80087da:	f04f 0a00 	mov.w	sl, #0
 80087de:	8832      	ldrh	r2, [r6, #0]
 80087e0:	fb0e a202 	mla	r2, lr, r2, sl
 80087e4:	eb02 4218 	add.w	r2, r2, r8, lsr #16
 80087e8:	b29b      	uxth	r3, r3
 80087ea:	ea43 4302 	orr.w	r3, r3, r2, lsl #16
 80087ee:	f849 3b04 	str.w	r3, [r9], #4
 80087f2:	f856 3b04 	ldr.w	r3, [r6], #4
 80087f6:	f8d9 8000 	ldr.w	r8, [r9]
 80087fa:	ea4f 4a13 	mov.w	sl, r3, lsr #16
 80087fe:	fa1f f388 	uxth.w	r3, r8
 8008802:	fb0e 330a 	mla	r3, lr, sl, r3
 8008806:	eb03 4312 	add.w	r3, r3, r2, lsr #16
 800880a:	45b4      	cmp	ip, r6
 800880c:	ea4f 4a13 	mov.w	sl, r3, lsr #16
 8008810:	d8e5      	bhi.n	80087de <__multiply+0x116>
 8008812:	9e00      	ldr	r6, [sp, #0]
 8008814:	9a01      	ldr	r2, [sp, #4]
 8008816:	2e00      	cmp	r6, #0
 8008818:	ea4f 0282 	mov.w	r2, r2, lsl #2
 800881c:	bf08      	it	eq
 800881e:	2200      	moveq	r2, #0
 8008820:	442a      	add	r2, r5
 8008822:	6053      	str	r3, [r2, #4]
 8008824:	3504      	adds	r5, #4
 8008826:	e78d      	b.n	8008744 <__multiply+0x7c>
 8008828:	3f01      	subs	r7, #1
 800882a:	e78f      	b.n	800874c <__multiply+0x84>
 800882c:	080098ef 	.word	0x080098ef
 8008830:	08009900 	.word	0x08009900

08008834 <__pow5mult>:
 8008834:	e92d 43f8 	stmdb	sp!, {r3, r4, r5, r6, r7, r8, r9, lr}
 8008838:	4617      	mov	r7, r2
 800883a:	f012 0203 	ands.w	r2, r2, #3
 800883e:	4680      	mov	r8, r0
 8008840:	460d      	mov	r5, r1
 8008842:	d007      	beq.n	8008854 <__pow5mult+0x20>
 8008844:	4c26      	ldr	r4, [pc, #152]	@ (80088e0 <__pow5mult+0xac>)
 8008846:	3a01      	subs	r2, #1
 8008848:	2300      	movs	r3, #0
 800884a:	f854 2022 	ldr.w	r2, [r4, r2, lsl #2]
 800884e:	f7ff fe93 	bl	8008578 <__multadd>
 8008852:	4605      	mov	r5, r0
 8008854:	10bf      	asrs	r7, r7, #2
 8008856:	d03f      	beq.n	80088d8 <__pow5mult+0xa4>
 8008858:	f8d8 401c 	ldr.w	r4, [r8, #28]
 800885c:	b994      	cbnz	r4, 8008884 <__pow5mult+0x50>
 800885e:	2010      	movs	r0, #16
 8008860:	f7ff fd78 	bl	8008354 <malloc>
 8008864:	4604      	mov	r4, r0
 8008866:	f8c8 001c 	str.w	r0, [r8, #28]
 800886a:	b930      	cbnz	r0, 800887a <__pow5mult+0x46>
 800886c:	4602      	mov	r2, r0
 800886e:	4b1d      	ldr	r3, [pc, #116]	@ (80088e4 <__pow5mult+0xb0>)
 8008870:	481d      	ldr	r0, [pc, #116]	@ (80088e8 <__pow5mult+0xb4>)
 8008872:	f240 11b3 	movw	r1, #435	@ 0x1b3
 8008876:	f000 fbe1 	bl	800903c <__assert_func>
 800887a:	2300      	movs	r3, #0
 800887c:	e9c0 3301 	strd	r3, r3, [r0, #4]
 8008880:	6003      	str	r3, [r0, #0]
 8008882:	60c3      	str	r3, [r0, #12]
 8008884:	68a6      	ldr	r6, [r4, #8]
 8008886:	b946      	cbnz	r6, 800889a <__pow5mult+0x66>
 8008888:	f240 2171 	movw	r1, #625	@ 0x271
 800888c:	4640      	mov	r0, r8
 800888e:	f7ff ff05 	bl	800869c <__i2b>
 8008892:	2300      	movs	r3, #0
 8008894:	60a0      	str	r0, [r4, #8]
 8008896:	4606      	mov	r6, r0
 8008898:	6003      	str	r3, [r0, #0]
 800889a:	462c      	mov	r4, r5
 800889c:	f04f 0900 	mov.w	r9, #0
 80088a0:	f007 0301 	and.w	r3, r7, #1
 80088a4:	107f      	asrs	r7, r7, #1
 80088a6:	b153      	cbz	r3, 80088be <__pow5mult+0x8a>
 80088a8:	4629      	mov	r1, r5
 80088aa:	4632      	mov	r2, r6
 80088ac:	4640      	mov	r0, r8
 80088ae:	f7ff ff0b 	bl	80086c8 <__multiply>
 80088b2:	4621      	mov	r1, r4
 80088b4:	4605      	mov	r5, r0
 80088b6:	4640      	mov	r0, r8
 80088b8:	f7ff fe3c 	bl	8008534 <_Bfree>
 80088bc:	b167      	cbz	r7, 80088d8 <__pow5mult+0xa4>
 80088be:	6830      	ldr	r0, [r6, #0]
 80088c0:	b938      	cbnz	r0, 80088d2 <__pow5mult+0x9e>
 80088c2:	4632      	mov	r2, r6
 80088c4:	4631      	mov	r1, r6
 80088c6:	4640      	mov	r0, r8
 80088c8:	f7ff fefe 	bl	80086c8 <__multiply>
 80088cc:	6030      	str	r0, [r6, #0]
 80088ce:	f8c0 9000 	str.w	r9, [r0]
 80088d2:	4606      	mov	r6, r0
 80088d4:	462c      	mov	r4, r5
 80088d6:	e7e3      	b.n	80088a0 <__pow5mult+0x6c>
 80088d8:	4628      	mov	r0, r5
 80088da:	e8bd 83f8 	ldmia.w	sp!, {r3, r4, r5, r6, r7, r8, r9, pc}
 80088de:	bf00      	nop
 80088e0:	08009a08 	.word	0x08009a08
 80088e4:	08009829 	.word	0x08009829
 80088e8:	08009900 	.word	0x08009900

080088ec <__lshift>:
 80088ec:	e92d 4ff8 	stmdb	sp!, {r3, r4, r5, r6, r7, r8, r9, sl, fp, lr}
 80088f0:	460c      	mov	r4, r1
 80088f2:	6849      	ldr	r1, [r1, #4]
 80088f4:	6926      	ldr	r6, [r4, #16]
 80088f6:	68a3      	ldr	r3, [r4, #8]
 80088f8:	eb06 1662 	add.w	r6, r6, r2, asr #5
 80088fc:	4607      	mov	r7, r0
 80088fe:	4691      	mov	r9, r2
 8008900:	ea4f 1a62 	mov.w	sl, r2, asr #5
 8008904:	f106 0801 	add.w	r8, r6, #1
 8008908:	4543      	cmp	r3, r8
 800890a:	db0b      	blt.n	8008924 <__lshift+0x38>
 800890c:	4638      	mov	r0, r7
 800890e:	f7ff fdd3 	bl	80084b8 <_Balloc>
 8008912:	4605      	mov	r5, r0
 8008914:	b948      	cbnz	r0, 800892a <__lshift+0x3e>
 8008916:	4602      	mov	r2, r0
 8008918:	4b2b      	ldr	r3, [pc, #172]	@ (80089c8 <__lshift+0xdc>)
 800891a:	482c      	ldr	r0, [pc, #176]	@ (80089cc <__lshift+0xe0>)
 800891c:	f44f 71ef 	mov.w	r1, #478	@ 0x1de
 8008920:	f000 fb8c 	bl	800903c <__assert_func>
 8008924:	3101      	adds	r1, #1
 8008926:	005b      	lsls	r3, r3, #1
 8008928:	e7ee      	b.n	8008908 <__lshift+0x1c>
 800892a:	f100 0114 	add.w	r1, r0, #20
 800892e:	2300      	movs	r3, #0
 8008930:	460a      	mov	r2, r1
 8008932:	4618      	mov	r0, r3
 8008934:	4553      	cmp	r3, sl
 8008936:	db39      	blt.n	80089ac <__lshift+0xc0>
 8008938:	6920      	ldr	r0, [r4, #16]
 800893a:	ea2a 7aea 	bic.w	sl, sl, sl, asr #31
 800893e:	eb01 018a 	add.w	r1, r1, sl, lsl #2
 8008942:	f104 0314 	add.w	r3, r4, #20
 8008946:	f019 091f 	ands.w	r9, r9, #31
 800894a:	468c      	mov	ip, r1
 800894c:	eb03 0080 	add.w	r0, r3, r0, lsl #2
 8008950:	d030      	beq.n	80089b4 <__lshift+0xc8>
 8008952:	f1c9 0a20 	rsb	sl, r9, #32
 8008956:	f04f 0e00 	mov.w	lr, #0
 800895a:	681a      	ldr	r2, [r3, #0]
 800895c:	46e3      	mov	fp, ip
 800895e:	fa02 f209 	lsl.w	r2, r2, r9
 8008962:	ea42 020e 	orr.w	r2, r2, lr
 8008966:	f8cb 2000 	str.w	r2, [fp]
 800896a:	f853 2b04 	ldr.w	r2, [r3], #4
 800896e:	4298      	cmp	r0, r3
 8008970:	f10c 0c04 	add.w	ip, ip, #4
 8008974:	fa22 fe0a 	lsr.w	lr, r2, sl
 8008978:	d8ef      	bhi.n	800895a <__lshift+0x6e>
 800897a:	1b03      	subs	r3, r0, r4
 800897c:	3b15      	subs	r3, #21
 800897e:	f023 0303 	bic.w	r3, r3, #3
 8008982:	f104 0215 	add.w	r2, r4, #21
 8008986:	4290      	cmp	r0, r2
 8008988:	bf38      	it	cc
 800898a:	2300      	movcc	r3, #0
 800898c:	4419      	add	r1, r3
 800898e:	f8c1 e004 	str.w	lr, [r1, #4]
 8008992:	f1be 0f00 	cmp.w	lr, #0
 8008996:	d100      	bne.n	800899a <__lshift+0xae>
 8008998:	46b0      	mov	r8, r6
 800899a:	4638      	mov	r0, r7
 800899c:	f8c5 8010 	str.w	r8, [r5, #16]
 80089a0:	4621      	mov	r1, r4
 80089a2:	f7ff fdc7 	bl	8008534 <_Bfree>
 80089a6:	4628      	mov	r0, r5
 80089a8:	e8bd 8ff8 	ldmia.w	sp!, {r3, r4, r5, r6, r7, r8, r9, sl, fp, pc}
 80089ac:	f842 0b04 	str.w	r0, [r2], #4
 80089b0:	3301      	adds	r3, #1
 80089b2:	e7bf      	b.n	8008934 <__lshift+0x48>
 80089b4:	f853 1b04 	ldr.w	r1, [r3], #4
 80089b8:	f8cc 1000 	str.w	r1, [ip]
 80089bc:	4298      	cmp	r0, r3
 80089be:	f10c 0c04 	add.w	ip, ip, #4
 80089c2:	d8f7      	bhi.n	80089b4 <__lshift+0xc8>
 80089c4:	e7e8      	b.n	8008998 <__lshift+0xac>
 80089c6:	bf00      	nop
 80089c8:	080098ef 	.word	0x080098ef
 80089cc:	08009900 	.word	0x08009900

080089d0 <__mcmp>:
 80089d0:	6903      	ldr	r3, [r0, #16]
 80089d2:	690a      	ldr	r2, [r1, #16]
 80089d4:	1a9b      	subs	r3, r3, r2
 80089d6:	b530      	push	{r4, r5, lr}
 80089d8:	d10e      	bne.n	80089f8 <__mcmp+0x28>
 80089da:	3014      	adds	r0, #20
 80089dc:	3114      	adds	r1, #20
 80089de:	eb00 0482 	add.w	r4, r0, r2, lsl #2
 80089e2:	eb01 0182 	add.w	r1, r1, r2, lsl #2
 80089e6:	f854 5d04 	ldr.w	r5, [r4, #-4]!
 80089ea:	f851 2d04 	ldr.w	r2, [r1, #-4]!
 80089ee:	4295      	cmp	r5, r2
 80089f0:	d004      	beq.n	80089fc <__mcmp+0x2c>
 80089f2:	d206      	bcs.n	8008a02 <__mcmp+0x32>
 80089f4:	f04f 33ff 	mov.w	r3, #4294967295	@ 0xffffffff
 80089f8:	4618      	mov	r0, r3
 80089fa:	bd30      	pop	{r4, r5, pc}
 80089fc:	42a0      	cmp	r0, r4
 80089fe:	d3f2      	bcc.n	80089e6 <__mcmp+0x16>
 8008a00:	e7fa      	b.n	80089f8 <__mcmp+0x28>
 8008a02:	2301      	movs	r3, #1
 8008a04:	e7f8      	b.n	80089f8 <__mcmp+0x28>
	...

08008a08 <__mdiff>:
 8008a08:	e92d 4ff7 	stmdb	sp!, {r0, r1, r2, r4, r5, r6, r7, r8, r9, sl, fp, lr}
 8008a0c:	468a      	mov	sl, r1
 8008a0e:	4606      	mov	r6, r0
 8008a10:	4611      	mov	r1, r2
 8008a12:	4650      	mov	r0, sl
 8008a14:	4614      	mov	r4, r2
 8008a16:	f7ff ffdb 	bl	80089d0 <__mcmp>
 8008a1a:	1e05      	subs	r5, r0, #0
 8008a1c:	d112      	bne.n	8008a44 <__mdiff+0x3c>
 8008a1e:	4629      	mov	r1, r5
 8008a20:	4630      	mov	r0, r6
 8008a22:	f7ff fd49 	bl	80084b8 <_Balloc>
 8008a26:	4602      	mov	r2, r0
 8008a28:	b928      	cbnz	r0, 8008a36 <__mdiff+0x2e>
 8008a2a:	4b41      	ldr	r3, [pc, #260]	@ (8008b30 <__mdiff+0x128>)
 8008a2c:	f240 2137 	movw	r1, #567	@ 0x237
 8008a30:	4840      	ldr	r0, [pc, #256]	@ (8008b34 <__mdiff+0x12c>)
 8008a32:	f000 fb03 	bl	800903c <__assert_func>
 8008a36:	2301      	movs	r3, #1
 8008a38:	e9c0 3504 	strd	r3, r5, [r0, #16]
 8008a3c:	4610      	mov	r0, r2
 8008a3e:	b003      	add	sp, #12
 8008a40:	e8bd 8ff0 	ldmia.w	sp!, {r4, r5, r6, r7, r8, r9, sl, fp, pc}
 8008a44:	bfbc      	itt	lt
 8008a46:	4653      	movlt	r3, sl
 8008a48:	46a2      	movlt	sl, r4
 8008a4a:	4630      	mov	r0, r6
 8008a4c:	f8da 1004 	ldr.w	r1, [sl, #4]
 8008a50:	bfba      	itte	lt
 8008a52:	461c      	movlt	r4, r3
 8008a54:	2501      	movlt	r5, #1
 8008a56:	2500      	movge	r5, #0
 8008a58:	f7ff fd2e 	bl	80084b8 <_Balloc>
 8008a5c:	4602      	mov	r2, r0
 8008a5e:	b918      	cbnz	r0, 8008a68 <__mdiff+0x60>
 8008a60:	4b33      	ldr	r3, [pc, #204]	@ (8008b30 <__mdiff+0x128>)
 8008a62:	f240 2145 	movw	r1, #581	@ 0x245
 8008a66:	e7e3      	b.n	8008a30 <__mdiff+0x28>
 8008a68:	f8da 7010 	ldr.w	r7, [sl, #16]
 8008a6c:	6926      	ldr	r6, [r4, #16]
 8008a6e:	60c5      	str	r5, [r0, #12]
 8008a70:	f10a 0914 	add.w	r9, sl, #20
 8008a74:	f104 0e14 	add.w	lr, r4, #20
 8008a78:	f100 0514 	add.w	r5, r0, #20
 8008a7c:	f10a 0310 	add.w	r3, sl, #16
 8008a80:	eb09 0887 	add.w	r8, r9, r7, lsl #2
 8008a84:	eb0e 0686 	add.w	r6, lr, r6, lsl #2
 8008a88:	9301      	str	r3, [sp, #4]
 8008a8a:	46ab      	mov	fp, r5
 8008a8c:	f04f 0c00 	mov.w	ip, #0
 8008a90:	9b01      	ldr	r3, [sp, #4]
 8008a92:	f85e 0b04 	ldr.w	r0, [lr], #4
 8008a96:	f853 af04 	ldr.w	sl, [r3, #4]!
 8008a9a:	9301      	str	r3, [sp, #4]
 8008a9c:	fa1f f18a 	uxth.w	r1, sl
 8008aa0:	b283      	uxth	r3, r0
 8008aa2:	1acb      	subs	r3, r1, r3
 8008aa4:	0c00      	lsrs	r0, r0, #16
 8008aa6:	4463      	add	r3, ip
 8008aa8:	ebc0 401a 	rsb	r0, r0, sl, lsr #16
 8008aac:	eb00 4023 	add.w	r0, r0, r3, asr #16
 8008ab0:	b29b      	uxth	r3, r3
 8008ab2:	ea43 4300 	orr.w	r3, r3, r0, lsl #16
 8008ab6:	4576      	cmp	r6, lr
 8008ab8:	f84b 3b04 	str.w	r3, [fp], #4
 8008abc:	ea4f 4c20 	mov.w	ip, r0, asr #16
 8008ac0:	d8e6      	bhi.n	8008a90 <__mdiff+0x88>
 8008ac2:	1b33      	subs	r3, r6, r4
 8008ac4:	3b15      	subs	r3, #21
 8008ac6:	3415      	adds	r4, #21
 8008ac8:	f023 0303 	bic.w	r3, r3, #3
 8008acc:	42a6      	cmp	r6, r4
 8008ace:	bf38      	it	cc
 8008ad0:	2300      	movcc	r3, #0
 8008ad2:	18e8      	adds	r0, r5, r3
 8008ad4:	444b      	add	r3, r9
 8008ad6:	1d1c      	adds	r4, r3, #4
 8008ad8:	3004      	adds	r0, #4
 8008ada:	4626      	mov	r6, r4
 8008adc:	eba5 0509 	sub.w	r5, r5, r9
 8008ae0:	4546      	cmp	r6, r8
 8008ae2:	d30e      	bcc.n	8008b02 <__mdiff+0xfa>
 8008ae4:	f108 0103 	add.w	r1, r8, #3
 8008ae8:	1b09      	subs	r1, r1, r4
 8008aea:	f021 0103 	bic.w	r1, r1, #3
 8008aee:	3301      	adds	r3, #1
 8008af0:	4598      	cmp	r8, r3
 8008af2:	bf38      	it	cc
 8008af4:	2100      	movcc	r1, #0
 8008af6:	4401      	add	r1, r0
 8008af8:	f851 3d04 	ldr.w	r3, [r1, #-4]!
 8008afc:	b1ab      	cbz	r3, 8008b2a <__mdiff+0x122>
 8008afe:	6117      	str	r7, [r2, #16]
 8008b00:	e79c      	b.n	8008a3c <__mdiff+0x34>
 8008b02:	eb06 0e05 	add.w	lr, r6, r5
 8008b06:	f856 1b04 	ldr.w	r1, [r6], #4
 8008b0a:	46e2      	mov	sl, ip
 8008b0c:	ea4f 4911 	mov.w	r9, r1, lsr #16
 8008b10:	fa1c fc81 	uxtah	ip, ip, r1
 8008b14:	4451      	add	r1, sl
 8008b16:	eb09 492c 	add.w	r9, r9, ip, asr #16
 8008b1a:	b289      	uxth	r1, r1
 8008b1c:	ea41 4109 	orr.w	r1, r1, r9, lsl #16
 8008b20:	ea4f 4c29 	mov.w	ip, r9, asr #16
 8008b24:	f8ce 1000 	str.w	r1, [lr]
 8008b28:	e7da      	b.n	8008ae0 <__mdiff+0xd8>
 8008b2a:	3f01      	subs	r7, #1
 8008b2c:	e7e4      	b.n	8008af8 <__mdiff+0xf0>
 8008b2e:	bf00      	nop
 8008b30:	080098ef 	.word	0x080098ef
 8008b34:	08009900 	.word	0x08009900

08008b38 <__d2b>:
 8008b38:	e92d 43f7 	stmdb	sp!, {r0, r1, r2, r4, r5, r6, r7, r8, r9, lr}
 8008b3c:	460f      	mov	r7, r1
 8008b3e:	2101      	movs	r1, #1
 8008b40:	ec59 8b10 	vmov	r8, r9, d0
 8008b44:	4616      	mov	r6, r2
 8008b46:	f7ff fcb7 	bl	80084b8 <_Balloc>
 8008b4a:	4605      	mov	r5, r0
 8008b4c:	b930      	cbnz	r0, 8008b5c <__d2b+0x24>
 8008b4e:	4602      	mov	r2, r0
 8008b50:	4b23      	ldr	r3, [pc, #140]	@ (8008be0 <__d2b+0xa8>)
 8008b52:	4824      	ldr	r0, [pc, #144]	@ (8008be4 <__d2b+0xac>)
 8008b54:	f240 310f 	movw	r1, #783	@ 0x30f
 8008b58:	f000 fa70 	bl	800903c <__assert_func>
 8008b5c:	f3c9 540a 	ubfx	r4, r9, #20, #11
 8008b60:	f3c9 0313 	ubfx	r3, r9, #0, #20
 8008b64:	b10c      	cbz	r4, 8008b6a <__d2b+0x32>
 8008b66:	f443 1380 	orr.w	r3, r3, #1048576	@ 0x100000
 8008b6a:	9301      	str	r3, [sp, #4]
 8008b6c:	f1b8 0300 	subs.w	r3, r8, #0
 8008b70:	d023      	beq.n	8008bba <__d2b+0x82>
 8008b72:	4668      	mov	r0, sp
 8008b74:	9300      	str	r3, [sp, #0]
 8008b76:	f7ff fd63 	bl	8008640 <__lo0bits>
 8008b7a:	9900      	ldr	r1, [sp, #0]
 8008b7c:	b1d8      	cbz	r0, 8008bb6 <__d2b+0x7e>
 8008b7e:	9a01      	ldr	r2, [sp, #4]
 8008b80:	f1c0 0320 	rsb	r3, r0, #32
 8008b84:	fa02 f303 	lsl.w	r3, r2, r3
 8008b88:	430b      	orrs	r3, r1
 8008b8a:	40c2      	lsrs	r2, r0
 8008b8c:	616b      	str	r3, [r5, #20]
 8008b8e:	9201      	str	r2, [sp, #4]
 8008b90:	9b01      	ldr	r3, [sp, #4]
 8008b92:	61ab      	str	r3, [r5, #24]
 8008b94:	2b00      	cmp	r3, #0
 8008b96:	bf0c      	ite	eq
 8008b98:	2201      	moveq	r2, #1
 8008b9a:	2202      	movne	r2, #2
 8008b9c:	612a      	str	r2, [r5, #16]
 8008b9e:	b1a4      	cbz	r4, 8008bca <__d2b+0x92>
 8008ba0:	f2a4 4433 	subw	r4, r4, #1075	@ 0x433
 8008ba4:	4404      	add	r4, r0
 8008ba6:	603c      	str	r4, [r7, #0]
 8008ba8:	f1c0 0035 	rsb	r0, r0, #53	@ 0x35
 8008bac:	6030      	str	r0, [r6, #0]
 8008bae:	4628      	mov	r0, r5
 8008bb0:	b003      	add	sp, #12
 8008bb2:	e8bd 83f0 	ldmia.w	sp!, {r4, r5, r6, r7, r8, r9, pc}
 8008bb6:	6169      	str	r1, [r5, #20]
 8008bb8:	e7ea      	b.n	8008b90 <__d2b+0x58>
 8008bba:	a801      	add	r0, sp, #4
 8008bbc:	f7ff fd40 	bl	8008640 <__lo0bits>
 8008bc0:	9b01      	ldr	r3, [sp, #4]
 8008bc2:	616b      	str	r3, [r5, #20]
 8008bc4:	3020      	adds	r0, #32
 8008bc6:	2201      	movs	r2, #1
 8008bc8:	e7e8      	b.n	8008b9c <__d2b+0x64>
 8008bca:	eb05 0382 	add.w	r3, r5, r2, lsl #2
 8008bce:	f2a0 4032 	subw	r0, r0, #1074	@ 0x432
 8008bd2:	6038      	str	r0, [r7, #0]
 8008bd4:	6918      	ldr	r0, [r3, #16]
 8008bd6:	f7ff fd15 	bl	8008604 <__hi0bits>
 8008bda:	ebc0 1042 	rsb	r0, r0, r2, lsl #5
 8008bde:	e7e5      	b.n	8008bac <__d2b+0x74>
 8008be0:	080098ef 	.word	0x080098ef
 8008be4:	08009900 	.word	0x08009900

08008be8 <__ssputs_r>:
 8008be8:	e92d 47f0 	stmdb	sp!, {r4, r5, r6, r7, r8, r9, sl, lr}
 8008bec:	688e      	ldr	r6, [r1, #8]
 8008bee:	461f      	mov	r7, r3
 8008bf0:	42be      	cmp	r6, r7
 8008bf2:	4682      	mov	sl, r0
 8008bf4:	460c      	mov	r4, r1
 8008bf6:	4690      	mov	r8, r2
 8008bf8:	4633      	mov	r3, r6
 8008bfa:	d853      	bhi.n	8008ca4 <__ssputs_r+0xbc>
 8008bfc:	f9b1 000c 	ldrsh.w	r0, [r1, #12]
 8008c00:	f410 6f90 	tst.w	r0, #1152	@ 0x480
 8008c04:	d02b      	beq.n	8008c5e <__ssputs_r+0x76>
 8008c06:	6965      	ldr	r5, [r4, #20]
 8008c08:	6823      	ldr	r3, [r4, #0]
 8008c0a:	6909      	ldr	r1, [r1, #16]
 8008c0c:	eb05 0545 	add.w	r5, r5, r5, lsl #1
 8008c10:	eba3 0901 	sub.w	r9, r3, r1
 8008c14:	eb05 75d5 	add.w	r5, r5, r5, lsr #31
 8008c18:	1c7b      	adds	r3, r7, #1
 8008c1a:	106d      	asrs	r5, r5, #1
 8008c1c:	444b      	add	r3, r9
 8008c1e:	42ab      	cmp	r3, r5
 8008c20:	462a      	mov	r2, r5
 8008c22:	bf84      	itt	hi
 8008c24:	461d      	movhi	r5, r3
 8008c26:	462a      	movhi	r2, r5
 8008c28:	0543      	lsls	r3, r0, #21
 8008c2a:	d527      	bpl.n	8008c7c <__ssputs_r+0x94>
 8008c2c:	4611      	mov	r1, r2
 8008c2e:	4650      	mov	r0, sl
 8008c30:	f7ff fbba 	bl	80083a8 <_malloc_r>
 8008c34:	4606      	mov	r6, r0
 8008c36:	b358      	cbz	r0, 8008c90 <__ssputs_r+0xa8>
 8008c38:	6921      	ldr	r1, [r4, #16]
 8008c3a:	464a      	mov	r2, r9
 8008c3c:	f7fe fccf 	bl	80075de <memcpy>
 8008c40:	89a3      	ldrh	r3, [r4, #12]
 8008c42:	f423 6390 	bic.w	r3, r3, #1152	@ 0x480
 8008c46:	f043 0380 	orr.w	r3, r3, #128	@ 0x80
 8008c4a:	81a3      	strh	r3, [r4, #12]
 8008c4c:	6126      	str	r6, [r4, #16]
 8008c4e:	6165      	str	r5, [r4, #20]
 8008c50:	444e      	add	r6, r9
 8008c52:	eba5 0509 	sub.w	r5, r5, r9
 8008c56:	6026      	str	r6, [r4, #0]
 8008c58:	60a5      	str	r5, [r4, #8]
 8008c5a:	463e      	mov	r6, r7
 8008c5c:	463b      	mov	r3, r7
 8008c5e:	461f      	mov	r7, r3
 8008c60:	6820      	ldr	r0, [r4, #0]
 8008c62:	463a      	mov	r2, r7
 8008c64:	4641      	mov	r1, r8
 8008c66:	f000 f9bf 	bl	8008fe8 <memmove>
 8008c6a:	68a3      	ldr	r3, [r4, #8]
 8008c6c:	1b9b      	subs	r3, r3, r6
 8008c6e:	60a3      	str	r3, [r4, #8]
 8008c70:	6823      	ldr	r3, [r4, #0]
 8008c72:	443b      	add	r3, r7
 8008c74:	6023      	str	r3, [r4, #0]
 8008c76:	2000      	movs	r0, #0
 8008c78:	e8bd 87f0 	ldmia.w	sp!, {r4, r5, r6, r7, r8, r9, sl, pc}
 8008c7c:	4650      	mov	r0, sl
 8008c7e:	f000 fa21 	bl	80090c4 <_realloc_r>
 8008c82:	4606      	mov	r6, r0
 8008c84:	2800      	cmp	r0, #0
 8008c86:	d1e1      	bne.n	8008c4c <__ssputs_r+0x64>
 8008c88:	6921      	ldr	r1, [r4, #16]
 8008c8a:	4650      	mov	r0, sl
 8008c8c:	f7ff fb16 	bl	80082bc <_free_r>
 8008c90:	230c      	movs	r3, #12
 8008c92:	f8ca 3000 	str.w	r3, [sl]
 8008c96:	89a3      	ldrh	r3, [r4, #12]
 8008c98:	f043 0340 	orr.w	r3, r3, #64	@ 0x40
 8008c9c:	81a3      	strh	r3, [r4, #12]
 8008c9e:	f04f 30ff 	mov.w	r0, #4294967295	@ 0xffffffff
 8008ca2:	e7e9      	b.n	8008c78 <__ssputs_r+0x90>
 8008ca4:	463e      	mov	r6, r7
 8008ca6:	e7db      	b.n	8008c60 <__ssputs_r+0x78>

08008ca8 <_svfiprintf_r>:
 8008ca8:	e92d 47f0 	stmdb	sp!, {r4, r5, r6, r7, r8, r9, sl, lr}
 8008cac:	461f      	mov	r7, r3
 8008cae:	898b      	ldrh	r3, [r1, #12]
 8008cb0:	061b      	lsls	r3, r3, #24
 8008cb2:	b09c      	sub	sp, #112	@ 0x70
 8008cb4:	4606      	mov	r6, r0
 8008cb6:	460d      	mov	r5, r1
 8008cb8:	4614      	mov	r4, r2
 8008cba:	d510      	bpl.n	8008cde <_svfiprintf_r+0x36>
 8008cbc:	690b      	ldr	r3, [r1, #16]
 8008cbe:	b973      	cbnz	r3, 8008cde <_svfiprintf_r+0x36>
 8008cc0:	2140      	movs	r1, #64	@ 0x40
 8008cc2:	f7ff fb71 	bl	80083a8 <_malloc_r>
 8008cc6:	6028      	str	r0, [r5, #0]
 8008cc8:	6128      	str	r0, [r5, #16]
 8008cca:	b930      	cbnz	r0, 8008cda <_svfiprintf_r+0x32>
 8008ccc:	230c      	movs	r3, #12
 8008cce:	6033      	str	r3, [r6, #0]
 8008cd0:	f04f 30ff 	mov.w	r0, #4294967295	@ 0xffffffff
 8008cd4:	b01c      	add	sp, #112	@ 0x70
 8008cd6:	e8bd 87f0 	ldmia.w	sp!, {r4, r5, r6, r7, r8, r9, sl, pc}
 8008cda:	2340      	movs	r3, #64	@ 0x40
 8008cdc:	616b      	str	r3, [r5, #20]
 8008cde:	2300      	movs	r3, #0
 8008ce0:	9309      	str	r3, [sp, #36]	@ 0x24
 8008ce2:	2320      	movs	r3, #32
 8008ce4:	f88d 3029 	strb.w	r3, [sp, #41]	@ 0x29
 8008ce8:	9703      	str	r7, [sp, #12]
 8008cea:	2330      	movs	r3, #48	@ 0x30
 8008cec:	4f65      	ldr	r7, [pc, #404]	@ (8008e84 <_svfiprintf_r+0x1dc>)
 8008cee:	f88d 302a 	strb.w	r3, [sp, #42]	@ 0x2a
 8008cf2:	f04f 0801 	mov.w	r8, #1
 8008cf6:	4623      	mov	r3, r4
 8008cf8:	781a      	ldrb	r2, [r3, #0]
 8008cfa:	4699      	mov	r9, r3
 8008cfc:	b11a      	cbz	r2, 8008d06 <_svfiprintf_r+0x5e>
 8008cfe:	2a25      	cmp	r2, #37	@ 0x25
 8008d00:	f103 0301 	add.w	r3, r3, #1
 8008d04:	d1f8      	bne.n	8008cf8 <_svfiprintf_r+0x50>
 8008d06:	ebb9 0a04 	subs.w	sl, r9, r4
 8008d0a:	d00b      	beq.n	8008d24 <_svfiprintf_r+0x7c>
 8008d0c:	4653      	mov	r3, sl
 8008d0e:	4622      	mov	r2, r4
 8008d10:	4629      	mov	r1, r5
 8008d12:	4630      	mov	r0, r6
 8008d14:	f7ff ff68 	bl	8008be8 <__ssputs_r>
 8008d18:	3001      	adds	r0, #1
 8008d1a:	f000 80a3 	beq.w	8008e64 <_svfiprintf_r+0x1bc>
 8008d1e:	9a09      	ldr	r2, [sp, #36]	@ 0x24
 8008d20:	4452      	add	r2, sl
 8008d22:	9209      	str	r2, [sp, #36]	@ 0x24
 8008d24:	f899 3000 	ldrb.w	r3, [r9]
 8008d28:	2b00      	cmp	r3, #0
 8008d2a:	f000 809b 	beq.w	8008e64 <_svfiprintf_r+0x1bc>
 8008d2e:	2200      	movs	r2, #0
 8008d30:	f04f 33ff 	mov.w	r3, #4294967295	@ 0xffffffff
 8008d34:	e9cd 3205 	strd	r3, r2, [sp, #20]
 8008d38:	f109 0901 	add.w	r9, r9, #1
 8008d3c:	9204      	str	r2, [sp, #16]
 8008d3e:	9207      	str	r2, [sp, #28]
 8008d40:	f88d 2053 	strb.w	r2, [sp, #83]	@ 0x53
 8008d44:	921a      	str	r2, [sp, #104]	@ 0x68
 8008d46:	464c      	mov	r4, r9
 8008d48:	2205      	movs	r2, #5
 8008d4a:	f814 1b01 	ldrb.w	r1, [r4], #1
 8008d4e:	484d      	ldr	r0, [pc, #308]	@ (8008e84 <_svfiprintf_r+0x1dc>)
 8008d50:	f7f7 f9f6 	bl	8000140 <memchr>
 8008d54:	9a04      	ldr	r2, [sp, #16]
 8008d56:	b9d0      	cbnz	r0, 8008d8e <_svfiprintf_r+0xe6>
 8008d58:	06d0      	lsls	r0, r2, #27
 8008d5a:	bf44      	itt	mi
 8008d5c:	2320      	movmi	r3, #32
 8008d5e:	f88d 3053 	strbmi.w	r3, [sp, #83]	@ 0x53
 8008d62:	0711      	lsls	r1, r2, #28
 8008d64:	bf44      	itt	mi
 8008d66:	232b      	movmi	r3, #43	@ 0x2b
 8008d68:	f88d 3053 	strbmi.w	r3, [sp, #83]	@ 0x53
 8008d6c:	f899 3000 	ldrb.w	r3, [r9]
 8008d70:	2b2a      	cmp	r3, #42	@ 0x2a
 8008d72:	d013      	beq.n	8008d9c <_svfiprintf_r+0xf4>
 8008d74:	9907      	ldr	r1, [sp, #28]
 8008d76:	464b      	mov	r3, r9
 8008d78:	2000      	movs	r0, #0
 8008d7a:	f04f 0c0a 	mov.w	ip, #10
 8008d7e:	781a      	ldrb	r2, [r3, #0]
 8008d80:	3a30      	subs	r2, #48	@ 0x30
 8008d82:	2a09      	cmp	r2, #9
 8008d84:	461c      	mov	r4, r3
 8008d86:	d94a      	bls.n	8008e1e <_svfiprintf_r+0x176>
 8008d88:	b1a8      	cbz	r0, 8008db6 <_svfiprintf_r+0x10e>
 8008d8a:	9107      	str	r1, [sp, #28]
 8008d8c:	e013      	b.n	8008db6 <_svfiprintf_r+0x10e>
 8008d8e:	1bc0      	subs	r0, r0, r7
 8008d90:	fa08 f000 	lsl.w	r0, r8, r0
 8008d94:	4310      	orrs	r0, r2
 8008d96:	9004      	str	r0, [sp, #16]
 8008d98:	46a1      	mov	r9, r4
 8008d9a:	e7d4      	b.n	8008d46 <_svfiprintf_r+0x9e>
 8008d9c:	9b03      	ldr	r3, [sp, #12]
 8008d9e:	1d19      	adds	r1, r3, #4
 8008da0:	681b      	ldr	r3, [r3, #0]
 8008da2:	9103      	str	r1, [sp, #12]
 8008da4:	2b00      	cmp	r3, #0
 8008da6:	bfbb      	ittet	lt
 8008da8:	425b      	neglt	r3, r3
 8008daa:	f042 0202 	orrlt.w	r2, r2, #2
 8008dae:	9307      	strge	r3, [sp, #28]
 8008db0:	9307      	strlt	r3, [sp, #28]
 8008db2:	bfb8      	it	lt
 8008db4:	9204      	strlt	r2, [sp, #16]
 8008db6:	7823      	ldrb	r3, [r4, #0]
 8008db8:	2b2e      	cmp	r3, #46	@ 0x2e
 8008dba:	d10a      	bne.n	8008dd2 <_svfiprintf_r+0x12a>
 8008dbc:	7863      	ldrb	r3, [r4, #1]
 8008dbe:	2b2a      	cmp	r3, #42	@ 0x2a
 8008dc0:	d132      	bne.n	8008e28 <_svfiprintf_r+0x180>
 8008dc2:	9b03      	ldr	r3, [sp, #12]
 8008dc4:	1d1a      	adds	r2, r3, #4
 8008dc6:	681b      	ldr	r3, [r3, #0]
 8008dc8:	9203      	str	r2, [sp, #12]
 8008dca:	ea43 73e3 	orr.w	r3, r3, r3, asr #31
 8008dce:	3402      	adds	r4, #2
 8008dd0:	9305      	str	r3, [sp, #20]
 8008dd2:	f8df 90c0 	ldr.w	r9, [pc, #192]	@ 8008e94 <_svfiprintf_r+0x1ec>
 8008dd6:	7821      	ldrb	r1, [r4, #0]
 8008dd8:	2203      	movs	r2, #3
 8008dda:	4648      	mov	r0, r9
 8008ddc:	f7f7 f9b0 	bl	8000140 <memchr>
 8008de0:	b138      	cbz	r0, 8008df2 <_svfiprintf_r+0x14a>
 8008de2:	9b04      	ldr	r3, [sp, #16]
 8008de4:	eba0 0009 	sub.w	r0, r0, r9
 8008de8:	2240      	movs	r2, #64	@ 0x40
 8008dea:	4082      	lsls	r2, r0
 8008dec:	4313      	orrs	r3, r2
 8008dee:	3401      	adds	r4, #1
 8008df0:	9304      	str	r3, [sp, #16]
 8008df2:	7821      	ldrb	r1, [r4, #0]
 8008df4:	4824      	ldr	r0, [pc, #144]	@ (8008e88 <_svfiprintf_r+0x1e0>)
 8008df6:	f88d 1028 	strb.w	r1, [sp, #40]	@ 0x28
 8008dfa:	2206      	movs	r2, #6
 8008dfc:	f7f7 f9a0 	bl	8000140 <memchr>
 8008e00:	2800      	cmp	r0, #0
 8008e02:	d035      	beq.n	8008e70 <_svfiprintf_r+0x1c8>
 8008e04:	4821      	ldr	r0, [pc, #132]	@ (8008e8c <_svfiprintf_r+0x1e4>)
 8008e06:	bb18      	cbnz	r0, 8008e50 <_svfiprintf_r+0x1a8>
 8008e08:	9b03      	ldr	r3, [sp, #12]
 8008e0a:	3307      	adds	r3, #7
 8008e0c:	f023 0307 	bic.w	r3, r3, #7
 8008e10:	3308      	adds	r3, #8
 8008e12:	9303      	str	r3, [sp, #12]
 8008e14:	9b09      	ldr	r3, [sp, #36]	@ 0x24
 8008e16:	4403      	add	r3, r0
 8008e18:	3401      	adds	r4, #1
 8008e1a:	9309      	str	r3, [sp, #36]	@ 0x24
 8008e1c:	e76b      	b.n	8008cf6 <_svfiprintf_r+0x4e>
 8008e1e:	3301      	adds	r3, #1
 8008e20:	fb0c 2101 	mla	r1, ip, r1, r2
 8008e24:	2001      	movs	r0, #1
 8008e26:	e7aa      	b.n	8008d7e <_svfiprintf_r+0xd6>
 8008e28:	2300      	movs	r3, #0
 8008e2a:	9305      	str	r3, [sp, #20]
 8008e2c:	1c61      	adds	r1, r4, #1
 8008e2e:	4618      	mov	r0, r3
 8008e30:	f04f 0c0a 	mov.w	ip, #10
 8008e34:	780a      	ldrb	r2, [r1, #0]
 8008e36:	3a30      	subs	r2, #48	@ 0x30
 8008e38:	2a09      	cmp	r2, #9
 8008e3a:	460c      	mov	r4, r1
 8008e3c:	d903      	bls.n	8008e46 <_svfiprintf_r+0x19e>
 8008e3e:	2b00      	cmp	r3, #0
 8008e40:	d0c7      	beq.n	8008dd2 <_svfiprintf_r+0x12a>
 8008e42:	9005      	str	r0, [sp, #20]
 8008e44:	e7c5      	b.n	8008dd2 <_svfiprintf_r+0x12a>
 8008e46:	3101      	adds	r1, #1
 8008e48:	fb0c 2000 	mla	r0, ip, r0, r2
 8008e4c:	2301      	movs	r3, #1
 8008e4e:	e7f1      	b.n	8008e34 <_svfiprintf_r+0x18c>
 8008e50:	ab03      	add	r3, sp, #12
 8008e52:	9300      	str	r3, [sp, #0]
 8008e54:	462a      	mov	r2, r5
 8008e56:	4b0e      	ldr	r3, [pc, #56]	@ (8008e90 <_svfiprintf_r+0x1e8>)
 8008e58:	a904      	add	r1, sp, #16
 8008e5a:	4630      	mov	r0, r6
 8008e5c:	f7fd fe42 	bl	8006ae4 <_printf_float>
 8008e60:	1c42      	adds	r2, r0, #1
 8008e62:	d1d7      	bne.n	8008e14 <_svfiprintf_r+0x16c>
 8008e64:	89ab      	ldrh	r3, [r5, #12]
 8008e66:	065b      	lsls	r3, r3, #25
 8008e68:	f53f af32 	bmi.w	8008cd0 <_svfiprintf_r+0x28>
 8008e6c:	9809      	ldr	r0, [sp, #36]	@ 0x24
 8008e6e:	e731      	b.n	8008cd4 <_svfiprintf_r+0x2c>
 8008e70:	ab03      	add	r3, sp, #12
 8008e72:	9300      	str	r3, [sp, #0]
 8008e74:	462a      	mov	r2, r5
 8008e76:	4b06      	ldr	r3, [pc, #24]	@ (8008e90 <_svfiprintf_r+0x1e8>)
 8008e78:	a904      	add	r1, sp, #16
 8008e7a:	4630      	mov	r0, r6
 8008e7c:	f7fe f8cc 	bl	8007018 <_printf_i>
 8008e80:	e7ee      	b.n	8008e60 <_svfiprintf_r+0x1b8>
 8008e82:	bf00      	nop
 8008e84:	080099b0 	.word	0x080099b0
 8008e88:	080099ba 	.word	0x080099ba
 8008e8c:	08006ae5 	.word	0x08006ae5
 8008e90:	08008be9 	.word	0x08008be9
 8008e94:	080099b6 	.word	0x080099b6

08008e98 <__sflush_r>:
 8008e98:	f9b1 200c 	ldrsh.w	r2, [r1, #12]
 8008e9c:	e92d 41f0 	stmdb	sp!, {r4, r5, r6, r7, r8, lr}
 8008ea0:	0716      	lsls	r6, r2, #28
 8008ea2:	4605      	mov	r5, r0
 8008ea4:	460c      	mov	r4, r1
 8008ea6:	d451      	bmi.n	8008f4c <__sflush_r+0xb4>
 8008ea8:	684b      	ldr	r3, [r1, #4]
 8008eaa:	2b00      	cmp	r3, #0
 8008eac:	dc02      	bgt.n	8008eb4 <__sflush_r+0x1c>
 8008eae:	6c0b      	ldr	r3, [r1, #64]	@ 0x40
 8008eb0:	2b00      	cmp	r3, #0
 8008eb2:	dd49      	ble.n	8008f48 <__sflush_r+0xb0>
 8008eb4:	6ae6      	ldr	r6, [r4, #44]	@ 0x2c
 8008eb6:	2e00      	cmp	r6, #0
 8008eb8:	d046      	beq.n	8008f48 <__sflush_r+0xb0>
 8008eba:	2300      	movs	r3, #0
 8008ebc:	f412 5280 	ands.w	r2, r2, #4096	@ 0x1000
 8008ec0:	682f      	ldr	r7, [r5, #0]
 8008ec2:	602b      	str	r3, [r5, #0]
 8008ec4:	d031      	beq.n	8008f2a <__sflush_r+0x92>
 8008ec6:	6d62      	ldr	r2, [r4, #84]	@ 0x54
 8008ec8:	89a3      	ldrh	r3, [r4, #12]
 8008eca:	0759      	lsls	r1, r3, #29
 8008ecc:	d505      	bpl.n	8008eda <__sflush_r+0x42>
 8008ece:	6863      	ldr	r3, [r4, #4]
 8008ed0:	1ad2      	subs	r2, r2, r3
 8008ed2:	6b63      	ldr	r3, [r4, #52]	@ 0x34
 8008ed4:	b10b      	cbz	r3, 8008eda <__sflush_r+0x42>
 8008ed6:	6c23      	ldr	r3, [r4, #64]	@ 0x40
 8008ed8:	1ad2      	subs	r2, r2, r3
 8008eda:	2300      	movs	r3, #0
 8008edc:	6ae6      	ldr	r6, [r4, #44]	@ 0x2c
 8008ede:	6a21      	ldr	r1, [r4, #32]
 8008ee0:	4628      	mov	r0, r5
 8008ee2:	47b0      	blx	r6
 8008ee4:	1c42      	adds	r2, r0, #1
 8008ee6:	f9b4 300c 	ldrsh.w	r3, [r4, #12]
 8008eea:	d106      	bne.n	8008efa <__sflush_r+0x62>
 8008eec:	6829      	ldr	r1, [r5, #0]
 8008eee:	291d      	cmp	r1, #29
 8008ef0:	d845      	bhi.n	8008f7e <__sflush_r+0xe6>
 8008ef2:	4a28      	ldr	r2, [pc, #160]	@ (8008f94 <__sflush_r+0xfc>)
 8008ef4:	40ca      	lsrs	r2, r1
 8008ef6:	07d6      	lsls	r6, r2, #31
 8008ef8:	d541      	bpl.n	8008f7e <__sflush_r+0xe6>
 8008efa:	2200      	movs	r2, #0
 8008efc:	6062      	str	r2, [r4, #4]
 8008efe:	04d9      	lsls	r1, r3, #19
 8008f00:	6922      	ldr	r2, [r4, #16]
 8008f02:	6022      	str	r2, [r4, #0]
 8008f04:	d504      	bpl.n	8008f10 <__sflush_r+0x78>
 8008f06:	1c42      	adds	r2, r0, #1
 8008f08:	d101      	bne.n	8008f0e <__sflush_r+0x76>
 8008f0a:	682b      	ldr	r3, [r5, #0]
 8008f0c:	b903      	cbnz	r3, 8008f10 <__sflush_r+0x78>
 8008f0e:	6560      	str	r0, [r4, #84]	@ 0x54
 8008f10:	6b61      	ldr	r1, [r4, #52]	@ 0x34
 8008f12:	602f      	str	r7, [r5, #0]
 8008f14:	b1c1      	cbz	r1, 8008f48 <__sflush_r+0xb0>
 8008f16:	f104 0344 	add.w	r3, r4, #68	@ 0x44
 8008f1a:	4299      	cmp	r1, r3
 8008f1c:	d002      	beq.n	8008f24 <__sflush_r+0x8c>
 8008f1e:	4628      	mov	r0, r5
 8008f20:	f7ff f9cc 	bl	80082bc <_free_r>
 8008f24:	2300      	movs	r3, #0
 8008f26:	6363      	str	r3, [r4, #52]	@ 0x34
 8008f28:	e00e      	b.n	8008f48 <__sflush_r+0xb0>
 8008f2a:	6a21      	ldr	r1, [r4, #32]
 8008f2c:	2301      	movs	r3, #1
 8008f2e:	4628      	mov	r0, r5
 8008f30:	47b0      	blx	r6
 8008f32:	4602      	mov	r2, r0
 8008f34:	1c50      	adds	r0, r2, #1
 8008f36:	d1c7      	bne.n	8008ec8 <__sflush_r+0x30>
 8008f38:	682b      	ldr	r3, [r5, #0]
 8008f3a:	2b00      	cmp	r3, #0
 8008f3c:	d0c4      	beq.n	8008ec8 <__sflush_r+0x30>
 8008f3e:	2b1d      	cmp	r3, #29
 8008f40:	d001      	beq.n	8008f46 <__sflush_r+0xae>
 8008f42:	2b16      	cmp	r3, #22
 8008f44:	d11a      	bne.n	8008f7c <__sflush_r+0xe4>
 8008f46:	602f      	str	r7, [r5, #0]
 8008f48:	2000      	movs	r0, #0
 8008f4a:	e01d      	b.n	8008f88 <__sflush_r+0xf0>
 8008f4c:	690f      	ldr	r7, [r1, #16]
 8008f4e:	2f00      	cmp	r7, #0
 8008f50:	d0fa      	beq.n	8008f48 <__sflush_r+0xb0>
 8008f52:	0793      	lsls	r3, r2, #30
 8008f54:	680e      	ldr	r6, [r1, #0]
 8008f56:	bf08      	it	eq
 8008f58:	694b      	ldreq	r3, [r1, #20]
 8008f5a:	600f      	str	r7, [r1, #0]
 8008f5c:	bf18      	it	ne
 8008f5e:	2300      	movne	r3, #0
 8008f60:	eba6 0807 	sub.w	r8, r6, r7
 8008f64:	608b      	str	r3, [r1, #8]
 8008f66:	f1b8 0f00 	cmp.w	r8, #0
 8008f6a:	dded      	ble.n	8008f48 <__sflush_r+0xb0>
 8008f6c:	6a21      	ldr	r1, [r4, #32]
 8008f6e:	6aa6      	ldr	r6, [r4, #40]	@ 0x28
 8008f70:	4643      	mov	r3, r8
 8008f72:	463a      	mov	r2, r7
 8008f74:	4628      	mov	r0, r5
 8008f76:	47b0      	blx	r6
 8008f78:	2800      	cmp	r0, #0
 8008f7a:	dc07      	bgt.n	8008f8c <__sflush_r+0xf4>
 8008f7c:	89a3      	ldrh	r3, [r4, #12]
 8008f7e:	f043 0340 	orr.w	r3, r3, #64	@ 0x40
 8008f82:	81a3      	strh	r3, [r4, #12]
 8008f84:	f04f 30ff 	mov.w	r0, #4294967295	@ 0xffffffff
 8008f88:	e8bd 81f0 	ldmia.w	sp!, {r4, r5, r6, r7, r8, pc}
 8008f8c:	4407      	add	r7, r0
 8008f8e:	eba8 0800 	sub.w	r8, r8, r0
 8008f92:	e7e8      	b.n	8008f66 <__sflush_r+0xce>
 8008f94:	20400001 	.word	0x20400001

08008f98 <_fflush_r>:
 8008f98:	b538      	push	{r3, r4, r5, lr}
 8008f9a:	690b      	ldr	r3, [r1, #16]
 8008f9c:	4605      	mov	r5, r0
 8008f9e:	460c      	mov	r4, r1
 8008fa0:	b913      	cbnz	r3, 8008fa8 <_fflush_r+0x10>
 8008fa2:	461d      	mov	r5, r3
 8008fa4:	4628      	mov	r0, r5
 8008fa6:	bd38      	pop	{r3, r4, r5, pc}
 8008fa8:	b118      	cbz	r0, 8008fb2 <_fflush_r+0x1a>
 8008faa:	6a03      	ldr	r3, [r0, #32]
 8008fac:	b90b      	cbnz	r3, 8008fb2 <_fflush_r+0x1a>
 8008fae:	f7fe f9eb 	bl	8007388 <__sinit>
 8008fb2:	f9b4 300c 	ldrsh.w	r3, [r4, #12]
 8008fb6:	2b00      	cmp	r3, #0
 8008fb8:	d0f3      	beq.n	8008fa2 <_fflush_r+0xa>
 8008fba:	6e62      	ldr	r2, [r4, #100]	@ 0x64
 8008fbc:	07d0      	lsls	r0, r2, #31
 8008fbe:	d404      	bmi.n	8008fca <_fflush_r+0x32>
 8008fc0:	0599      	lsls	r1, r3, #22
 8008fc2:	d402      	bmi.n	8008fca <_fflush_r+0x32>
 8008fc4:	6da0      	ldr	r0, [r4, #88]	@ 0x58
 8008fc6:	f7fe fb08 	bl	80075da <__retarget_lock_acquire_recursive>
 8008fca:	4628      	mov	r0, r5
 8008fcc:	4621      	mov	r1, r4
 8008fce:	f7ff ff63 	bl	8008e98 <__sflush_r>
 8008fd2:	6e63      	ldr	r3, [r4, #100]	@ 0x64
 8008fd4:	07da      	lsls	r2, r3, #31
 8008fd6:	4605      	mov	r5, r0
 8008fd8:	d4e4      	bmi.n	8008fa4 <_fflush_r+0xc>
 8008fda:	89a3      	ldrh	r3, [r4, #12]
 8008fdc:	059b      	lsls	r3, r3, #22
 8008fde:	d4e1      	bmi.n	8008fa4 <_fflush_r+0xc>
 8008fe0:	6da0      	ldr	r0, [r4, #88]	@ 0x58
 8008fe2:	f7fe fafb 	bl	80075dc <__retarget_lock_release_recursive>
 8008fe6:	e7dd      	b.n	8008fa4 <_fflush_r+0xc>

08008fe8 <memmove>:
 8008fe8:	4288      	cmp	r0, r1
 8008fea:	b510      	push	{r4, lr}
 8008fec:	eb01 0402 	add.w	r4, r1, r2
 8008ff0:	d902      	bls.n	8008ff8 <memmove+0x10>
 8008ff2:	4284      	cmp	r4, r0
 8008ff4:	4623      	mov	r3, r4
 8008ff6:	d807      	bhi.n	8009008 <memmove+0x20>
 8008ff8:	1e43      	subs	r3, r0, #1
 8008ffa:	42a1      	cmp	r1, r4
 8008ffc:	d007      	beq.n	800900e <memmove+0x26>
 8008ffe:	f811 2b01 	ldrb.w	r2, [r1], #1
 8009002:	f803 2f01 	strb.w	r2, [r3, #1]!
 8009006:	e7f8      	b.n	8008ffa <memmove+0x12>
 8009008:	4402      	add	r2, r0
 800900a:	4282      	cmp	r2, r0
 800900c:	d100      	bne.n	8009010 <memmove+0x28>
 800900e:	bd10      	pop	{r4, pc}
 8009010:	f813 1d01 	ldrb.w	r1, [r3, #-1]!
 8009014:	f802 1d01 	strb.w	r1, [r2, #-1]!
 8009018:	e7f7      	b.n	800900a <memmove+0x22>
	...

0800901c <_sbrk_r>:
 800901c:	b538      	push	{r3, r4, r5, lr}
 800901e:	4c06      	ldr	r4, [pc, #24]	@ (8009038 <_sbrk_r+0x1c>)
 8009020:	2300      	movs	r3, #0
 8009022:	4605      	mov	r5, r0
 8009024:	4608      	mov	r0, r1
 8009026:	6023      	str	r3, [r4, #0]
 8009028:	f7fc f948 	bl	80052bc <_sbrk>
 800902c:	1c43      	adds	r3, r0, #1
 800902e:	d102      	bne.n	8009036 <_sbrk_r+0x1a>
 8009030:	6823      	ldr	r3, [r4, #0]
 8009032:	b103      	cbz	r3, 8009036 <_sbrk_r+0x1a>
 8009034:	602b      	str	r3, [r5, #0]
 8009036:	bd38      	pop	{r3, r4, r5, pc}
 8009038:	20001ff4 	.word	0x20001ff4

0800903c <__assert_func>:
 800903c:	b51f      	push	{r0, r1, r2, r3, r4, lr}
 800903e:	461d      	mov	r5, r3
 8009040:	4b09      	ldr	r3, [pc, #36]	@ (8009068 <__assert_func+0x2c>)
 8009042:	681b      	ldr	r3, [r3, #0]
 8009044:	4606      	mov	r6, r0
 8009046:	68d8      	ldr	r0, [r3, #12]
 8009048:	b152      	cbz	r2, 8009060 <__assert_func+0x24>
 800904a:	4c08      	ldr	r4, [pc, #32]	@ (800906c <__assert_func+0x30>)
 800904c:	9100      	str	r1, [sp, #0]
 800904e:	e9cd 4201 	strd	r4, r2, [sp, #4]
 8009052:	4907      	ldr	r1, [pc, #28]	@ (8009070 <__assert_func+0x34>)
 8009054:	4633      	mov	r3, r6
 8009056:	462a      	mov	r2, r5
 8009058:	f000 f870 	bl	800913c <fiprintf>
 800905c:	f000 f880 	bl	8009160 <abort>
 8009060:	4c04      	ldr	r4, [pc, #16]	@ (8009074 <__assert_func+0x38>)
 8009062:	4622      	mov	r2, r4
 8009064:	e7f2      	b.n	800904c <__assert_func+0x10>
 8009066:	bf00      	nop
 8009068:	20000110 	.word	0x20000110
 800906c:	080099cb 	.word	0x080099cb
 8009070:	080099d8 	.word	0x080099d8
 8009074:	08009a06 	.word	0x08009a06

08009078 <_calloc_r>:
 8009078:	b570      	push	{r4, r5, r6, lr}
 800907a:	fba1 6502 	umull	r6, r5, r1, r2
 800907e:	b935      	cbnz	r5, 800908e <_calloc_r+0x16>
 8009080:	4631      	mov	r1, r6
 8009082:	f7ff f991 	bl	80083a8 <_malloc_r>
 8009086:	4604      	mov	r4, r0
 8009088:	b928      	cbnz	r0, 8009096 <_calloc_r+0x1e>
 800908a:	4620      	mov	r0, r4
 800908c:	bd70      	pop	{r4, r5, r6, pc}
 800908e:	230c      	movs	r3, #12
 8009090:	6003      	str	r3, [r0, #0]
 8009092:	2400      	movs	r4, #0
 8009094:	e7f9      	b.n	800908a <_calloc_r+0x12>
 8009096:	4632      	mov	r2, r6
 8009098:	4629      	mov	r1, r5
 800909a:	f7fe fa21 	bl	80074e0 <memset>
 800909e:	e7f4      	b.n	800908a <_calloc_r+0x12>

080090a0 <__ascii_mbtowc>:
 80090a0:	b082      	sub	sp, #8
 80090a2:	b901      	cbnz	r1, 80090a6 <__ascii_mbtowc+0x6>
 80090a4:	a901      	add	r1, sp, #4
 80090a6:	b142      	cbz	r2, 80090ba <__ascii_mbtowc+0x1a>
 80090a8:	b14b      	cbz	r3, 80090be <__ascii_mbtowc+0x1e>
 80090aa:	7813      	ldrb	r3, [r2, #0]
 80090ac:	600b      	str	r3, [r1, #0]
 80090ae:	7812      	ldrb	r2, [r2, #0]
 80090b0:	1e10      	subs	r0, r2, #0
 80090b2:	bf18      	it	ne
 80090b4:	2001      	movne	r0, #1
 80090b6:	b002      	add	sp, #8
 80090b8:	4770      	bx	lr
 80090ba:	4610      	mov	r0, r2
 80090bc:	e7fb      	b.n	80090b6 <__ascii_mbtowc+0x16>
 80090be:	f06f 0001 	mvn.w	r0, #1
 80090c2:	e7f8      	b.n	80090b6 <__ascii_mbtowc+0x16>

080090c4 <_realloc_r>:
 80090c4:	e92d 41f0 	stmdb	sp!, {r4, r5, r6, r7, r8, lr}
 80090c8:	4607      	mov	r7, r0
 80090ca:	4615      	mov	r5, r2
 80090cc:	460c      	mov	r4, r1
 80090ce:	b921      	cbnz	r1, 80090da <_realloc_r+0x16>
 80090d0:	e8bd 41f0 	ldmia.w	sp!, {r4, r5, r6, r7, r8, lr}
 80090d4:	4611      	mov	r1, r2
 80090d6:	f7ff b967 	b.w	80083a8 <_malloc_r>
 80090da:	b92a      	cbnz	r2, 80090e8 <_realloc_r+0x24>
 80090dc:	f7ff f8ee 	bl	80082bc <_free_r>
 80090e0:	462c      	mov	r4, r5
 80090e2:	4620      	mov	r0, r4
 80090e4:	e8bd 81f0 	ldmia.w	sp!, {r4, r5, r6, r7, r8, pc}
 80090e8:	f000 f841 	bl	800916e <_malloc_usable_size_r>
 80090ec:	4285      	cmp	r5, r0
 80090ee:	4606      	mov	r6, r0
 80090f0:	d802      	bhi.n	80090f8 <_realloc_r+0x34>
 80090f2:	ebb5 0f50 	cmp.w	r5, r0, lsr #1
 80090f6:	d8f4      	bhi.n	80090e2 <_realloc_r+0x1e>
 80090f8:	4629      	mov	r1, r5
 80090fa:	4638      	mov	r0, r7
 80090fc:	f7ff f954 	bl	80083a8 <_malloc_r>
 8009100:	4680      	mov	r8, r0
 8009102:	b908      	cbnz	r0, 8009108 <_realloc_r+0x44>
 8009104:	4644      	mov	r4, r8
 8009106:	e7ec      	b.n	80090e2 <_realloc_r+0x1e>
 8009108:	42b5      	cmp	r5, r6
 800910a:	462a      	mov	r2, r5
 800910c:	4621      	mov	r1, r4
 800910e:	bf28      	it	cs
 8009110:	4632      	movcs	r2, r6
 8009112:	f7fe fa64 	bl	80075de <memcpy>
 8009116:	4621      	mov	r1, r4
 8009118:	4638      	mov	r0, r7
 800911a:	f7ff f8cf 	bl	80082bc <_free_r>
 800911e:	e7f1      	b.n	8009104 <_realloc_r+0x40>

08009120 <__ascii_wctomb>:
 8009120:	b149      	cbz	r1, 8009136 <__ascii_wctomb+0x16>
 8009122:	2aff      	cmp	r2, #255	@ 0xff
 8009124:	bf85      	ittet	hi
 8009126:	238a      	movhi	r3, #138	@ 0x8a
 8009128:	6003      	strhi	r3, [r0, #0]
 800912a:	700a      	strbls	r2, [r1, #0]
 800912c:	f04f 30ff 	movhi.w	r0, #4294967295	@ 0xffffffff
 8009130:	bf98      	it	ls
 8009132:	2001      	movls	r0, #1
 8009134:	4770      	bx	lr
 8009136:	4608      	mov	r0, r1
 8009138:	4770      	bx	lr
	...

0800913c <fiprintf>:
 800913c:	b40e      	push	{r1, r2, r3}
 800913e:	b503      	push	{r0, r1, lr}
 8009140:	4601      	mov	r1, r0
 8009142:	ab03      	add	r3, sp, #12
 8009144:	4805      	ldr	r0, [pc, #20]	@ (800915c <fiprintf+0x20>)
 8009146:	f853 2b04 	ldr.w	r2, [r3], #4
 800914a:	6800      	ldr	r0, [r0, #0]
 800914c:	9301      	str	r3, [sp, #4]
 800914e:	f000 f83d 	bl	80091cc <_vfiprintf_r>
 8009152:	b002      	add	sp, #8
 8009154:	f85d eb04 	ldr.w	lr, [sp], #4
 8009158:	b003      	add	sp, #12
 800915a:	4770      	bx	lr
 800915c:	20000110 	.word	0x20000110

08009160 <abort>:
 8009160:	b508      	push	{r3, lr}
 8009162:	2006      	movs	r0, #6
 8009164:	f000 fa00 	bl	8009568 <raise>
 8009168:	2001      	movs	r0, #1
 800916a:	f7fc f877 	bl	800525c <_exit>

0800916e <_malloc_usable_size_r>:
 800916e:	f851 3c04 	ldr.w	r3, [r1, #-4]
 8009172:	1f18      	subs	r0, r3, #4
 8009174:	2b00      	cmp	r3, #0
 8009176:	bfbc      	itt	lt
 8009178:	580b      	ldrlt	r3, [r1, r0]
 800917a:	18c0      	addlt	r0, r0, r3
 800917c:	4770      	bx	lr

0800917e <__sfputc_r>:
 800917e:	6893      	ldr	r3, [r2, #8]
 8009180:	3b01      	subs	r3, #1
 8009182:	2b00      	cmp	r3, #0
 8009184:	b410      	push	{r4}
 8009186:	6093      	str	r3, [r2, #8]
 8009188:	da07      	bge.n	800919a <__sfputc_r+0x1c>
 800918a:	6994      	ldr	r4, [r2, #24]
 800918c:	42a3      	cmp	r3, r4
 800918e:	db01      	blt.n	8009194 <__sfputc_r+0x16>
 8009190:	290a      	cmp	r1, #10
 8009192:	d102      	bne.n	800919a <__sfputc_r+0x1c>
 8009194:	bc10      	pop	{r4}
 8009196:	f000 b92d 	b.w	80093f4 <__swbuf_r>
 800919a:	6813      	ldr	r3, [r2, #0]
 800919c:	1c58      	adds	r0, r3, #1
 800919e:	6010      	str	r0, [r2, #0]
 80091a0:	7019      	strb	r1, [r3, #0]
 80091a2:	4608      	mov	r0, r1
 80091a4:	bc10      	pop	{r4}
 80091a6:	4770      	bx	lr

080091a8 <__sfputs_r>:
 80091a8:	b5f8      	push	{r3, r4, r5, r6, r7, lr}
 80091aa:	4606      	mov	r6, r0
 80091ac:	460f      	mov	r7, r1
 80091ae:	4614      	mov	r4, r2
 80091b0:	18d5      	adds	r5, r2, r3
 80091b2:	42ac      	cmp	r4, r5
 80091b4:	d101      	bne.n	80091ba <__sfputs_r+0x12>
 80091b6:	2000      	movs	r0, #0
 80091b8:	e007      	b.n	80091ca <__sfputs_r+0x22>
 80091ba:	f814 1b01 	ldrb.w	r1, [r4], #1
 80091be:	463a      	mov	r2, r7
 80091c0:	4630      	mov	r0, r6
 80091c2:	f7ff ffdc 	bl	800917e <__sfputc_r>
 80091c6:	1c43      	adds	r3, r0, #1
 80091c8:	d1f3      	bne.n	80091b2 <__sfputs_r+0xa>
 80091ca:	bdf8      	pop	{r3, r4, r5, r6, r7, pc}

080091cc <_vfiprintf_r>:
 80091cc:	e92d 47f0 	stmdb	sp!, {r4, r5, r6, r7, r8, r9, sl, lr}
 80091d0:	4606      	mov	r6, r0
 80091d2:	b09c      	sub	sp, #112	@ 0x70
 80091d4:	460d      	mov	r5, r1
 80091d6:	4614      	mov	r4, r2
 80091d8:	461f      	mov	r7, r3
 80091da:	b118      	cbz	r0, 80091e4 <_vfiprintf_r+0x18>
 80091dc:	6a03      	ldr	r3, [r0, #32]
 80091de:	b90b      	cbnz	r3, 80091e4 <_vfiprintf_r+0x18>
 80091e0:	f7fe f8d2 	bl	8007388 <__sinit>
 80091e4:	6e6b      	ldr	r3, [r5, #100]	@ 0x64
 80091e6:	07d9      	lsls	r1, r3, #31
 80091e8:	d405      	bmi.n	80091f6 <_vfiprintf_r+0x2a>
 80091ea:	89ab      	ldrh	r3, [r5, #12]
 80091ec:	059a      	lsls	r2, r3, #22
 80091ee:	d402      	bmi.n	80091f6 <_vfiprintf_r+0x2a>
 80091f0:	6da8      	ldr	r0, [r5, #88]	@ 0x58
 80091f2:	f7fe f9f2 	bl	80075da <__retarget_lock_acquire_recursive>
 80091f6:	89ab      	ldrh	r3, [r5, #12]
 80091f8:	071b      	lsls	r3, r3, #28
 80091fa:	d501      	bpl.n	8009200 <_vfiprintf_r+0x34>
 80091fc:	692b      	ldr	r3, [r5, #16]
 80091fe:	b99b      	cbnz	r3, 8009228 <_vfiprintf_r+0x5c>
 8009200:	4629      	mov	r1, r5
 8009202:	4630      	mov	r0, r6
 8009204:	f000 f934 	bl	8009470 <__swsetup_r>
 8009208:	b170      	cbz	r0, 8009228 <_vfiprintf_r+0x5c>
 800920a:	6e6b      	ldr	r3, [r5, #100]	@ 0x64
 800920c:	07de      	lsls	r6, r3, #31
 800920e:	d504      	bpl.n	800921a <_vfiprintf_r+0x4e>
 8009210:	f04f 30ff 	mov.w	r0, #4294967295	@ 0xffffffff
 8009214:	b01c      	add	sp, #112	@ 0x70
 8009216:	e8bd 87f0 	ldmia.w	sp!, {r4, r5, r6, r7, r8, r9, sl, pc}
 800921a:	89ab      	ldrh	r3, [r5, #12]
 800921c:	059c      	lsls	r4, r3, #22
 800921e:	d4f7      	bmi.n	8009210 <_vfiprintf_r+0x44>
 8009220:	6da8      	ldr	r0, [r5, #88]	@ 0x58
 8009222:	f7fe f9db 	bl	80075dc <__retarget_lock_release_recursive>
 8009226:	e7f3      	b.n	8009210 <_vfiprintf_r+0x44>
 8009228:	2300      	movs	r3, #0
 800922a:	9309      	str	r3, [sp, #36]	@ 0x24
 800922c:	2320      	movs	r3, #32
 800922e:	f88d 3029 	strb.w	r3, [sp, #41]	@ 0x29
 8009232:	9703      	str	r7, [sp, #12]
 8009234:	2330      	movs	r3, #48	@ 0x30
 8009236:	4f6a      	ldr	r7, [pc, #424]	@ (80093e0 <_vfiprintf_r+0x214>)
 8009238:	f88d 302a 	strb.w	r3, [sp, #42]	@ 0x2a
 800923c:	f04f 0801 	mov.w	r8, #1
 8009240:	4623      	mov	r3, r4
 8009242:	781a      	ldrb	r2, [r3, #0]
 8009244:	4699      	mov	r9, r3
 8009246:	b11a      	cbz	r2, 8009250 <_vfiprintf_r+0x84>
 8009248:	2a25      	cmp	r2, #37	@ 0x25
 800924a:	f103 0301 	add.w	r3, r3, #1
 800924e:	d1f8      	bne.n	8009242 <_vfiprintf_r+0x76>
 8009250:	ebb9 0a04 	subs.w	sl, r9, r4
 8009254:	d00b      	beq.n	800926e <_vfiprintf_r+0xa2>
 8009256:	4653      	mov	r3, sl
 8009258:	4622      	mov	r2, r4
 800925a:	4629      	mov	r1, r5
 800925c:	4630      	mov	r0, r6
 800925e:	f7ff ffa3 	bl	80091a8 <__sfputs_r>
 8009262:	3001      	adds	r0, #1
 8009264:	f000 80a3 	beq.w	80093ae <_vfiprintf_r+0x1e2>
 8009268:	9a09      	ldr	r2, [sp, #36]	@ 0x24
 800926a:	4452      	add	r2, sl
 800926c:	9209      	str	r2, [sp, #36]	@ 0x24
 800926e:	f899 3000 	ldrb.w	r3, [r9]
 8009272:	2b00      	cmp	r3, #0
 8009274:	f000 809b 	beq.w	80093ae <_vfiprintf_r+0x1e2>
 8009278:	2200      	movs	r2, #0
 800927a:	f04f 33ff 	mov.w	r3, #4294967295	@ 0xffffffff
 800927e:	e9cd 3205 	strd	r3, r2, [sp, #20]
 8009282:	f109 0901 	add.w	r9, r9, #1
 8009286:	9204      	str	r2, [sp, #16]
 8009288:	9207      	str	r2, [sp, #28]
 800928a:	f88d 2053 	strb.w	r2, [sp, #83]	@ 0x53
 800928e:	921a      	str	r2, [sp, #104]	@ 0x68
 8009290:	464c      	mov	r4, r9
 8009292:	2205      	movs	r2, #5
 8009294:	f814 1b01 	ldrb.w	r1, [r4], #1
 8009298:	4851      	ldr	r0, [pc, #324]	@ (80093e0 <_vfiprintf_r+0x214>)
 800929a:	f7f6 ff51 	bl	8000140 <memchr>
 800929e:	9a04      	ldr	r2, [sp, #16]
 80092a0:	b9d0      	cbnz	r0, 80092d8 <_vfiprintf_r+0x10c>
 80092a2:	06d0      	lsls	r0, r2, #27
 80092a4:	bf44      	itt	mi
 80092a6:	2320      	movmi	r3, #32
 80092a8:	f88d 3053 	strbmi.w	r3, [sp, #83]	@ 0x53
 80092ac:	0711      	lsls	r1, r2, #28
 80092ae:	bf44      	itt	mi
 80092b0:	232b      	movmi	r3, #43	@ 0x2b
 80092b2:	f88d 3053 	strbmi.w	r3, [sp, #83]	@ 0x53
 80092b6:	f899 3000 	ldrb.w	r3, [r9]
 80092ba:	2b2a      	cmp	r3, #42	@ 0x2a
 80092bc:	d013      	beq.n	80092e6 <_vfiprintf_r+0x11a>
 80092be:	9907      	ldr	r1, [sp, #28]
 80092c0:	464b      	mov	r3, r9
 80092c2:	2000      	movs	r0, #0
 80092c4:	f04f 0c0a 	mov.w	ip, #10
 80092c8:	781a      	ldrb	r2, [r3, #0]
 80092ca:	3a30      	subs	r2, #48	@ 0x30
 80092cc:	2a09      	cmp	r2, #9
 80092ce:	461c      	mov	r4, r3
 80092d0:	d94a      	bls.n	8009368 <_vfiprintf_r+0x19c>
 80092d2:	b1a8      	cbz	r0, 8009300 <_vfiprintf_r+0x134>
 80092d4:	9107      	str	r1, [sp, #28]
 80092d6:	e013      	b.n	8009300 <_vfiprintf_r+0x134>
 80092d8:	1bc0      	subs	r0, r0, r7
 80092da:	fa08 f000 	lsl.w	r0, r8, r0
 80092de:	4310      	orrs	r0, r2
 80092e0:	9004      	str	r0, [sp, #16]
 80092e2:	46a1      	mov	r9, r4
 80092e4:	e7d4      	b.n	8009290 <_vfiprintf_r+0xc4>
 80092e6:	9b03      	ldr	r3, [sp, #12]
 80092e8:	1d19      	adds	r1, r3, #4
 80092ea:	681b      	ldr	r3, [r3, #0]
 80092ec:	9103      	str	r1, [sp, #12]
 80092ee:	2b00      	cmp	r3, #0
 80092f0:	bfbb      	ittet	lt
 80092f2:	425b      	neglt	r3, r3
 80092f4:	f042 0202 	orrlt.w	r2, r2, #2
 80092f8:	9307      	strge	r3, [sp, #28]
 80092fa:	9307      	strlt	r3, [sp, #28]
 80092fc:	bfb8      	it	lt
 80092fe:	9204      	strlt	r2, [sp, #16]
 8009300:	7823      	ldrb	r3, [r4, #0]
 8009302:	2b2e      	cmp	r3, #46	@ 0x2e
 8009304:	d10a      	bne.n	800931c <_vfiprintf_r+0x150>
 8009306:	7863      	ldrb	r3, [r4, #1]
 8009308:	2b2a      	cmp	r3, #42	@ 0x2a
 800930a:	d132      	bne.n	8009372 <_vfiprintf_r+0x1a6>
 800930c:	9b03      	ldr	r3, [sp, #12]
 800930e:	1d1a      	adds	r2, r3, #4
 8009310:	681b      	ldr	r3, [r3, #0]
 8009312:	9203      	str	r2, [sp, #12]
 8009314:	ea43 73e3 	orr.w	r3, r3, r3, asr #31
 8009318:	3402      	adds	r4, #2
 800931a:	9305      	str	r3, [sp, #20]
 800931c:	f8df 90d0 	ldr.w	r9, [pc, #208]	@ 80093f0 <_vfiprintf_r+0x224>
 8009320:	7821      	ldrb	r1, [r4, #0]
 8009322:	2203      	movs	r2, #3
 8009324:	4648      	mov	r0, r9
 8009326:	f7f6 ff0b 	bl	8000140 <memchr>
 800932a:	b138      	cbz	r0, 800933c <_vfiprintf_r+0x170>
 800932c:	9b04      	ldr	r3, [sp, #16]
 800932e:	eba0 0009 	sub.w	r0, r0, r9
 8009332:	2240      	movs	r2, #64	@ 0x40
 8009334:	4082      	lsls	r2, r0
 8009336:	4313      	orrs	r3, r2
 8009338:	3401      	adds	r4, #1
 800933a:	9304      	str	r3, [sp, #16]
 800933c:	7821      	ldrb	r1, [r4, #0]
 800933e:	4829      	ldr	r0, [pc, #164]	@ (80093e4 <_vfiprintf_r+0x218>)
 8009340:	f88d 1028 	strb.w	r1, [sp, #40]	@ 0x28
 8009344:	2206      	movs	r2, #6
 8009346:	f7f6 fefb 	bl	8000140 <memchr>
 800934a:	2800      	cmp	r0, #0
 800934c:	d03e      	beq.n	80093cc <_vfiprintf_r+0x200>
 800934e:	4826      	ldr	r0, [pc, #152]	@ (80093e8 <_vfiprintf_r+0x21c>)
 8009350:	bb18      	cbnz	r0, 800939a <_vfiprintf_r+0x1ce>
 8009352:	9b03      	ldr	r3, [sp, #12]
 8009354:	3307      	adds	r3, #7
 8009356:	f023 0307 	bic.w	r3, r3, #7
 800935a:	3308      	adds	r3, #8
 800935c:	9303      	str	r3, [sp, #12]
 800935e:	9b09      	ldr	r3, [sp, #36]	@ 0x24
 8009360:	4403      	add	r3, r0
 8009362:	3401      	adds	r4, #1
 8009364:	9309      	str	r3, [sp, #36]	@ 0x24
 8009366:	e76b      	b.n	8009240 <_vfiprintf_r+0x74>
 8009368:	3301      	adds	r3, #1
 800936a:	fb0c 2101 	mla	r1, ip, r1, r2
 800936e:	2001      	movs	r0, #1
 8009370:	e7aa      	b.n	80092c8 <_vfiprintf_r+0xfc>
 8009372:	2300      	movs	r3, #0
 8009374:	9305      	str	r3, [sp, #20]
 8009376:	1c61      	adds	r1, r4, #1
 8009378:	4618      	mov	r0, r3
 800937a:	f04f 0c0a 	mov.w	ip, #10
 800937e:	780a      	ldrb	r2, [r1, #0]
 8009380:	3a30      	subs	r2, #48	@ 0x30
 8009382:	2a09      	cmp	r2, #9
 8009384:	460c      	mov	r4, r1
 8009386:	d903      	bls.n	8009390 <_vfiprintf_r+0x1c4>
 8009388:	2b00      	cmp	r3, #0
 800938a:	d0c7      	beq.n	800931c <_vfiprintf_r+0x150>
 800938c:	9005      	str	r0, [sp, #20]
 800938e:	e7c5      	b.n	800931c <_vfiprintf_r+0x150>
 8009390:	3101      	adds	r1, #1
 8009392:	fb0c 2000 	mla	r0, ip, r0, r2
 8009396:	2301      	movs	r3, #1
 8009398:	e7f1      	b.n	800937e <_vfiprintf_r+0x1b2>
 800939a:	ab03      	add	r3, sp, #12
 800939c:	9300      	str	r3, [sp, #0]
 800939e:	462a      	mov	r2, r5
 80093a0:	4b12      	ldr	r3, [pc, #72]	@ (80093ec <_vfiprintf_r+0x220>)
 80093a2:	a904      	add	r1, sp, #16
 80093a4:	4630      	mov	r0, r6
 80093a6:	f7fd fb9d 	bl	8006ae4 <_printf_float>
 80093aa:	1c43      	adds	r3, r0, #1
 80093ac:	d1d7      	bne.n	800935e <_vfiprintf_r+0x192>
 80093ae:	6e6b      	ldr	r3, [r5, #100]	@ 0x64
 80093b0:	07d9      	lsls	r1, r3, #31
 80093b2:	d405      	bmi.n	80093c0 <_vfiprintf_r+0x1f4>
 80093b4:	89ab      	ldrh	r3, [r5, #12]
 80093b6:	059a      	lsls	r2, r3, #22
 80093b8:	d402      	bmi.n	80093c0 <_vfiprintf_r+0x1f4>
 80093ba:	6da8      	ldr	r0, [r5, #88]	@ 0x58
 80093bc:	f7fe f90e 	bl	80075dc <__retarget_lock_release_recursive>
 80093c0:	89ab      	ldrh	r3, [r5, #12]
 80093c2:	065b      	lsls	r3, r3, #25
 80093c4:	f53f af24 	bmi.w	8009210 <_vfiprintf_r+0x44>
 80093c8:	9809      	ldr	r0, [sp, #36]	@ 0x24
 80093ca:	e723      	b.n	8009214 <_vfiprintf_r+0x48>
 80093cc:	ab03      	add	r3, sp, #12
 80093ce:	9300      	str	r3, [sp, #0]
 80093d0:	462a      	mov	r2, r5
 80093d2:	4b06      	ldr	r3, [pc, #24]	@ (80093ec <_vfiprintf_r+0x220>)
 80093d4:	a904      	add	r1, sp, #16
 80093d6:	4630      	mov	r0, r6
 80093d8:	f7fd fe1e 	bl	8007018 <_printf_i>
 80093dc:	e7e5      	b.n	80093aa <_vfiprintf_r+0x1de>
 80093de:	bf00      	nop
 80093e0:	080099b0 	.word	0x080099b0
 80093e4:	080099ba 	.word	0x080099ba
 80093e8:	08006ae5 	.word	0x08006ae5
 80093ec:	080091a9 	.word	0x080091a9
 80093f0:	080099b6 	.word	0x080099b6

080093f4 <__swbuf_r>:
 80093f4:	b5f8      	push	{r3, r4, r5, r6, r7, lr}
 80093f6:	4605      	mov	r5, r0
 80093f8:	460f      	mov	r7, r1
 80093fa:	4614      	mov	r4, r2
 80093fc:	b118      	cbz	r0, 8009406 <__swbuf_r+0x12>
 80093fe:	6a03      	ldr	r3, [r0, #32]
 8009400:	b90b      	cbnz	r3, 8009406 <__swbuf_r+0x12>
 8009402:	f7fd ffc1 	bl	8007388 <__sinit>
 8009406:	69a3      	ldr	r3, [r4, #24]
 8009408:	60a3      	str	r3, [r4, #8]
 800940a:	89a3      	ldrh	r3, [r4, #12]
 800940c:	071a      	lsls	r2, r3, #28
 800940e:	d501      	bpl.n	8009414 <__swbuf_r+0x20>
 8009410:	6923      	ldr	r3, [r4, #16]
 8009412:	b943      	cbnz	r3, 8009426 <__swbuf_r+0x32>
 8009414:	4621      	mov	r1, r4
 8009416:	4628      	mov	r0, r5
 8009418:	f000 f82a 	bl	8009470 <__swsetup_r>
 800941c:	b118      	cbz	r0, 8009426 <__swbuf_r+0x32>
 800941e:	f04f 36ff 	mov.w	r6, #4294967295	@ 0xffffffff
 8009422:	4630      	mov	r0, r6
 8009424:	bdf8      	pop	{r3, r4, r5, r6, r7, pc}
 8009426:	6923      	ldr	r3, [r4, #16]
 8009428:	6820      	ldr	r0, [r4, #0]
 800942a:	1ac0      	subs	r0, r0, r3
 800942c:	6963      	ldr	r3, [r4, #20]
 800942e:	4283      	cmp	r3, r0
 8009430:	dc05      	bgt.n	800943e <__swbuf_r+0x4a>
 8009432:	4621      	mov	r1, r4
 8009434:	4628      	mov	r0, r5
 8009436:	f7ff fdaf 	bl	8008f98 <_fflush_r>
 800943a:	2800      	cmp	r0, #0
 800943c:	d1ef      	bne.n	800941e <__swbuf_r+0x2a>
 800943e:	68a3      	ldr	r3, [r4, #8]
 8009440:	3b01      	subs	r3, #1
 8009442:	60a3      	str	r3, [r4, #8]
 8009444:	6823      	ldr	r3, [r4, #0]
 8009446:	1c5a      	adds	r2, r3, #1
 8009448:	6022      	str	r2, [r4, #0]
 800944a:	701f      	strb	r7, [r3, #0]
 800944c:	6963      	ldr	r3, [r4, #20]
 800944e:	3001      	adds	r0, #1
 8009450:	4283      	cmp	r3, r0
 8009452:	b2fe      	uxtb	r6, r7
 8009454:	d004      	beq.n	8009460 <__swbuf_r+0x6c>
 8009456:	89a3      	ldrh	r3, [r4, #12]
 8009458:	07db      	lsls	r3, r3, #31
 800945a:	d5e2      	bpl.n	8009422 <__swbuf_r+0x2e>
 800945c:	2e0a      	cmp	r6, #10
 800945e:	d1e0      	bne.n	8009422 <__swbuf_r+0x2e>
 8009460:	4621      	mov	r1, r4
 8009462:	4628      	mov	r0, r5
 8009464:	f7ff fd98 	bl	8008f98 <_fflush_r>
 8009468:	2800      	cmp	r0, #0
 800946a:	d0da      	beq.n	8009422 <__swbuf_r+0x2e>
 800946c:	e7d7      	b.n	800941e <__swbuf_r+0x2a>
	...

08009470 <__swsetup_r>:
 8009470:	b538      	push	{r3, r4, r5, lr}
 8009472:	4b28      	ldr	r3, [pc, #160]	@ (8009514 <__swsetup_r+0xa4>)
 8009474:	4605      	mov	r5, r0
 8009476:	6818      	ldr	r0, [r3, #0]
 8009478:	460c      	mov	r4, r1
 800947a:	b118      	cbz	r0, 8009484 <__swsetup_r+0x14>
 800947c:	6a03      	ldr	r3, [r0, #32]
 800947e:	b90b      	cbnz	r3, 8009484 <__swsetup_r+0x14>
 8009480:	f7fd ff82 	bl	8007388 <__sinit>
 8009484:	f9b4 300c 	ldrsh.w	r3, [r4, #12]
 8009488:	0719      	lsls	r1, r3, #28
 800948a:	d420      	bmi.n	80094ce <__swsetup_r+0x5e>
 800948c:	06da      	lsls	r2, r3, #27
 800948e:	d407      	bmi.n	80094a0 <__swsetup_r+0x30>
 8009490:	2209      	movs	r2, #9
 8009492:	602a      	str	r2, [r5, #0]
 8009494:	f043 0340 	orr.w	r3, r3, #64	@ 0x40
 8009498:	81a3      	strh	r3, [r4, #12]
 800949a:	f04f 30ff 	mov.w	r0, #4294967295	@ 0xffffffff
 800949e:	e031      	b.n	8009504 <__swsetup_r+0x94>
 80094a0:	0758      	lsls	r0, r3, #29
 80094a2:	d511      	bpl.n	80094c8 <__swsetup_r+0x58>
 80094a4:	6b61      	ldr	r1, [r4, #52]	@ 0x34
 80094a6:	b141      	cbz	r1, 80094ba <__swsetup_r+0x4a>
 80094a8:	f104 0344 	add.w	r3, r4, #68	@ 0x44
 80094ac:	4299      	cmp	r1, r3
 80094ae:	d002      	beq.n	80094b6 <__swsetup_r+0x46>
 80094b0:	4628      	mov	r0, r5
 80094b2:	f7fe ff03 	bl	80082bc <_free_r>
 80094b6:	2300      	movs	r3, #0
 80094b8:	6363      	str	r3, [r4, #52]	@ 0x34
 80094ba:	2200      	movs	r2, #0
 80094bc:	89a3      	ldrh	r3, [r4, #12]
 80094be:	6062      	str	r2, [r4, #4]
 80094c0:	6922      	ldr	r2, [r4, #16]
 80094c2:	6022      	str	r2, [r4, #0]
 80094c4:	f023 0324 	bic.w	r3, r3, #36	@ 0x24
 80094c8:	f043 0308 	orr.w	r3, r3, #8
 80094cc:	81a3      	strh	r3, [r4, #12]
 80094ce:	6923      	ldr	r3, [r4, #16]
 80094d0:	b94b      	cbnz	r3, 80094e6 <__swsetup_r+0x76>
 80094d2:	89a3      	ldrh	r3, [r4, #12]
 80094d4:	f403 7320 	and.w	r3, r3, #640	@ 0x280
 80094d8:	f5b3 7f00 	cmp.w	r3, #512	@ 0x200
 80094dc:	d003      	beq.n	80094e6 <__swsetup_r+0x76>
 80094de:	4621      	mov	r1, r4
 80094e0:	4628      	mov	r0, r5
 80094e2:	f000 f881 	bl	80095e8 <__smakebuf_r>
 80094e6:	f9b4 300c 	ldrsh.w	r3, [r4, #12]
 80094ea:	f013 0201 	ands.w	r2, r3, #1
 80094ee:	d00a      	beq.n	8009506 <__swsetup_r+0x96>
 80094f0:	2200      	movs	r2, #0
 80094f2:	60a2      	str	r2, [r4, #8]
 80094f4:	6962      	ldr	r2, [r4, #20]
 80094f6:	4252      	negs	r2, r2
 80094f8:	61a2      	str	r2, [r4, #24]
 80094fa:	6922      	ldr	r2, [r4, #16]
 80094fc:	b942      	cbnz	r2, 8009510 <__swsetup_r+0xa0>
 80094fe:	f013 0080 	ands.w	r0, r3, #128	@ 0x80
 8009502:	d1c7      	bne.n	8009494 <__swsetup_r+0x24>
 8009504:	bd38      	pop	{r3, r4, r5, pc}
 8009506:	0799      	lsls	r1, r3, #30
 8009508:	bf58      	it	pl
 800950a:	6962      	ldrpl	r2, [r4, #20]
 800950c:	60a2      	str	r2, [r4, #8]
 800950e:	e7f4      	b.n	80094fa <__swsetup_r+0x8a>
 8009510:	2000      	movs	r0, #0
 8009512:	e7f7      	b.n	8009504 <__swsetup_r+0x94>
 8009514:	20000110 	.word	0x20000110

08009518 <_raise_r>:
 8009518:	291f      	cmp	r1, #31
 800951a:	b538      	push	{r3, r4, r5, lr}
 800951c:	4605      	mov	r5, r0
 800951e:	460c      	mov	r4, r1
 8009520:	d904      	bls.n	800952c <_raise_r+0x14>
 8009522:	2316      	movs	r3, #22
 8009524:	6003      	str	r3, [r0, #0]
 8009526:	f04f 30ff 	mov.w	r0, #4294967295	@ 0xffffffff
 800952a:	bd38      	pop	{r3, r4, r5, pc}
 800952c:	6bc2      	ldr	r2, [r0, #60]	@ 0x3c
 800952e:	b112      	cbz	r2, 8009536 <_raise_r+0x1e>
 8009530:	f852 3021 	ldr.w	r3, [r2, r1, lsl #2]
 8009534:	b94b      	cbnz	r3, 800954a <_raise_r+0x32>
 8009536:	4628      	mov	r0, r5
 8009538:	f000 f830 	bl	800959c <_getpid_r>
 800953c:	4622      	mov	r2, r4
 800953e:	4601      	mov	r1, r0
 8009540:	4628      	mov	r0, r5
 8009542:	e8bd 4038 	ldmia.w	sp!, {r3, r4, r5, lr}
 8009546:	f000 b817 	b.w	8009578 <_kill_r>
 800954a:	2b01      	cmp	r3, #1
 800954c:	d00a      	beq.n	8009564 <_raise_r+0x4c>
 800954e:	1c59      	adds	r1, r3, #1
 8009550:	d103      	bne.n	800955a <_raise_r+0x42>
 8009552:	2316      	movs	r3, #22
 8009554:	6003      	str	r3, [r0, #0]
 8009556:	2001      	movs	r0, #1
 8009558:	e7e7      	b.n	800952a <_raise_r+0x12>
 800955a:	2100      	movs	r1, #0
 800955c:	f842 1024 	str.w	r1, [r2, r4, lsl #2]
 8009560:	4620      	mov	r0, r4
 8009562:	4798      	blx	r3
 8009564:	2000      	movs	r0, #0
 8009566:	e7e0      	b.n	800952a <_raise_r+0x12>

08009568 <raise>:
 8009568:	4b02      	ldr	r3, [pc, #8]	@ (8009574 <raise+0xc>)
 800956a:	4601      	mov	r1, r0
 800956c:	6818      	ldr	r0, [r3, #0]
 800956e:	f7ff bfd3 	b.w	8009518 <_raise_r>
 8009572:	bf00      	nop
 8009574:	20000110 	.word	0x20000110

08009578 <_kill_r>:
 8009578:	b538      	push	{r3, r4, r5, lr}
 800957a:	4c07      	ldr	r4, [pc, #28]	@ (8009598 <_kill_r+0x20>)
 800957c:	2300      	movs	r3, #0
 800957e:	4605      	mov	r5, r0
 8009580:	4608      	mov	r0, r1
 8009582:	4611      	mov	r1, r2
 8009584:	6023      	str	r3, [r4, #0]
 8009586:	f7fb fe61 	bl	800524c <_kill>
 800958a:	1c43      	adds	r3, r0, #1
 800958c:	d102      	bne.n	8009594 <_kill_r+0x1c>
 800958e:	6823      	ldr	r3, [r4, #0]
 8009590:	b103      	cbz	r3, 8009594 <_kill_r+0x1c>
 8009592:	602b      	str	r3, [r5, #0]
 8009594:	bd38      	pop	{r3, r4, r5, pc}
 8009596:	bf00      	nop
 8009598:	20001ff4 	.word	0x20001ff4

0800959c <_getpid_r>:
 800959c:	f7fb be54 	b.w	8005248 <_getpid>

080095a0 <__swhatbuf_r>:
 80095a0:	b570      	push	{r4, r5, r6, lr}
 80095a2:	460e      	mov	r6, r1
 80095a4:	f9b1 100e 	ldrsh.w	r1, [r1, #14]
 80095a8:	2900      	cmp	r1, #0
 80095aa:	b096      	sub	sp, #88	@ 0x58
 80095ac:	4614      	mov	r4, r2
 80095ae:	461d      	mov	r5, r3
 80095b0:	da0a      	bge.n	80095c8 <__swhatbuf_r+0x28>
 80095b2:	89b2      	ldrh	r2, [r6, #12]
 80095b4:	f012 0280 	ands.w	r2, r2, #128	@ 0x80
 80095b8:	d113      	bne.n	80095e2 <__swhatbuf_r+0x42>
 80095ba:	f44f 6180 	mov.w	r1, #1024	@ 0x400
 80095be:	2000      	movs	r0, #0
 80095c0:	602a      	str	r2, [r5, #0]
 80095c2:	6021      	str	r1, [r4, #0]
 80095c4:	b016      	add	sp, #88	@ 0x58
 80095c6:	bd70      	pop	{r4, r5, r6, pc}
 80095c8:	466a      	mov	r2, sp
 80095ca:	f000 f847 	bl	800965c <_fstat_r>
 80095ce:	2800      	cmp	r0, #0
 80095d0:	dbef      	blt.n	80095b2 <__swhatbuf_r+0x12>
 80095d2:	9a01      	ldr	r2, [sp, #4]
 80095d4:	f402 4270 	and.w	r2, r2, #61440	@ 0xf000
 80095d8:	f5a2 5300 	sub.w	r3, r2, #8192	@ 0x2000
 80095dc:	425a      	negs	r2, r3
 80095de:	415a      	adcs	r2, r3
 80095e0:	e7eb      	b.n	80095ba <__swhatbuf_r+0x1a>
 80095e2:	2200      	movs	r2, #0
 80095e4:	2140      	movs	r1, #64	@ 0x40
 80095e6:	e7ea      	b.n	80095be <__swhatbuf_r+0x1e>

080095e8 <__smakebuf_r>:
 80095e8:	898b      	ldrh	r3, [r1, #12]
 80095ea:	b573      	push	{r0, r1, r4, r5, r6, lr}
 80095ec:	079e      	lsls	r6, r3, #30
 80095ee:	4605      	mov	r5, r0
 80095f0:	460c      	mov	r4, r1
 80095f2:	d507      	bpl.n	8009604 <__smakebuf_r+0x1c>
 80095f4:	f104 0347 	add.w	r3, r4, #71	@ 0x47
 80095f8:	6023      	str	r3, [r4, #0]
 80095fa:	6123      	str	r3, [r4, #16]
 80095fc:	2301      	movs	r3, #1
 80095fe:	6163      	str	r3, [r4, #20]
 8009600:	b002      	add	sp, #8
 8009602:	bd70      	pop	{r4, r5, r6, pc}
 8009604:	ab01      	add	r3, sp, #4
 8009606:	466a      	mov	r2, sp
 8009608:	f7ff ffca 	bl	80095a0 <__swhatbuf_r>
 800960c:	9e00      	ldr	r6, [sp, #0]
 800960e:	4628      	mov	r0, r5
 8009610:	4631      	mov	r1, r6
 8009612:	f7fe fec9 	bl	80083a8 <_malloc_r>
 8009616:	f9b4 300c 	ldrsh.w	r3, [r4, #12]
 800961a:	b938      	cbnz	r0, 800962c <__smakebuf_r+0x44>
 800961c:	059a      	lsls	r2, r3, #22
 800961e:	d4ef      	bmi.n	8009600 <__smakebuf_r+0x18>
 8009620:	f023 0303 	bic.w	r3, r3, #3
 8009624:	f043 0302 	orr.w	r3, r3, #2
 8009628:	81a3      	strh	r3, [r4, #12]
 800962a:	e7e3      	b.n	80095f4 <__smakebuf_r+0xc>
 800962c:	f043 0380 	orr.w	r3, r3, #128	@ 0x80
 8009630:	81a3      	strh	r3, [r4, #12]
 8009632:	9b01      	ldr	r3, [sp, #4]
 8009634:	6020      	str	r0, [r4, #0]
 8009636:	e9c4 0604 	strd	r0, r6, [r4, #16]
 800963a:	2b00      	cmp	r3, #0
 800963c:	d0e0      	beq.n	8009600 <__smakebuf_r+0x18>
 800963e:	f9b4 100e 	ldrsh.w	r1, [r4, #14]
 8009642:	4628      	mov	r0, r5
 8009644:	f000 f81c 	bl	8009680 <_isatty_r>
 8009648:	2800      	cmp	r0, #0
 800964a:	d0d9      	beq.n	8009600 <__smakebuf_r+0x18>
 800964c:	89a3      	ldrh	r3, [r4, #12]
 800964e:	f023 0303 	bic.w	r3, r3, #3
 8009652:	f043 0301 	orr.w	r3, r3, #1
 8009656:	81a3      	strh	r3, [r4, #12]
 8009658:	e7d2      	b.n	8009600 <__smakebuf_r+0x18>
	...

0800965c <_fstat_r>:
 800965c:	b538      	push	{r3, r4, r5, lr}
 800965e:	4c07      	ldr	r4, [pc, #28]	@ (800967c <_fstat_r+0x20>)
 8009660:	2300      	movs	r3, #0
 8009662:	4605      	mov	r5, r0
 8009664:	4608      	mov	r0, r1
 8009666:	4611      	mov	r1, r2
 8009668:	6023      	str	r3, [r4, #0]
 800966a:	f7fb fe1e 	bl	80052aa <_fstat>
 800966e:	1c43      	adds	r3, r0, #1
 8009670:	d102      	bne.n	8009678 <_fstat_r+0x1c>
 8009672:	6823      	ldr	r3, [r4, #0]
 8009674:	b103      	cbz	r3, 8009678 <_fstat_r+0x1c>
 8009676:	602b      	str	r3, [r5, #0]
 8009678:	bd38      	pop	{r3, r4, r5, pc}
 800967a:	bf00      	nop
 800967c:	20001ff4 	.word	0x20001ff4

08009680 <_isatty_r>:
 8009680:	b538      	push	{r3, r4, r5, lr}
 8009682:	4c06      	ldr	r4, [pc, #24]	@ (800969c <_isatty_r+0x1c>)
 8009684:	2300      	movs	r3, #0
 8009686:	4605      	mov	r5, r0
 8009688:	4608      	mov	r0, r1
 800968a:	6023      	str	r3, [r4, #0]
 800968c:	f7fb fe12 	bl	80052b4 <_isatty>
 8009690:	1c43      	adds	r3, r0, #1
 8009692:	d102      	bne.n	800969a <_isatty_r+0x1a>
 8009694:	6823      	ldr	r3, [r4, #0]
 8009696:	b103      	cbz	r3, 800969a <_isatty_r+0x1a>
 8009698:	602b      	str	r3, [r5, #0]
 800969a:	bd38      	pop	{r3, r4, r5, pc}
 800969c:	20001ff4 	.word	0x20001ff4

080096a0 <_init>:
 80096a0:	b5f8      	push	{r3, r4, r5, r6, r7, lr}
 80096a2:	bf00      	nop
 80096a4:	bcf8      	pop	{r3, r4, r5, r6, r7}
 80096a6:	bc08      	pop	{r3}
 80096a8:	469e      	mov	lr, r3
 80096aa:	4770      	bx	lr

080096ac <_fini>:
 80096ac:	b5f8      	push	{r3, r4, r5, r6, r7, lr}
 80096ae:	bf00      	nop
 80096b0:	bcf8      	pop	{r3, r4, r5, r6, r7}
 80096b2:	bc08      	pop	{r3}
 80096b4:	469e      	mov	lr, r3
 80096b6:	4770      	bx	lr
