ARM GAS  /tmp/ccBoaoMw.s 			page 1


   1              		.cpu cortex-m4
   2              		.arch armv7e-m
   3              		.fpu fpv4-sp-d16
   4              		.eabi_attribute 27, 1
   5              		.eabi_attribute 28, 1
   6              		.eabi_attribute 20, 1
   7              		.eabi_attribute 21, 1
   8              		.eabi_attribute 23, 3
   9              		.eabi_attribute 24, 1
  10              		.eabi_attribute 25, 1
  11              		.eabi_attribute 26, 1
  12              		.eabi_attribute 30, 1
  13              		.eabi_attribute 34, 1
  14              		.eabi_attribute 18, 4
  15              		.file	"stm32wbxx_hal_msp.c"
  16              		.text
  17              	.Ltext0:
  18              		.cfi_sections	.debug_frame
  19              		.file 1 "Core/Src/stm32wbxx_hal_msp.c"
  20              		.section	.text.HAL_MspInit,"ax",%progbits
  21              		.align	1
  22              		.global	HAL_MspInit
  23              		.syntax unified
  24              		.thumb
  25              		.thumb_func
  27              	HAL_MspInit:
  28              	.LFB950:
   1:Core/Src/stm32wbxx_hal_msp.c **** /* USER CODE BEGIN Header */
   2:Core/Src/stm32wbxx_hal_msp.c **** /**
   3:Core/Src/stm32wbxx_hal_msp.c ****  ******************************************************************************
   4:Core/Src/stm32wbxx_hal_msp.c ****  * @file         stm32wbxx_hal_msp.c
   5:Core/Src/stm32wbxx_hal_msp.c ****  * @brief        This file provides code for the MSP Initialization
   6:Core/Src/stm32wbxx_hal_msp.c ****  *               and de-Initialization codes.
   7:Core/Src/stm32wbxx_hal_msp.c ****  ******************************************************************************
   8:Core/Src/stm32wbxx_hal_msp.c ****  * @attention
   9:Core/Src/stm32wbxx_hal_msp.c ****  *
  10:Core/Src/stm32wbxx_hal_msp.c ****  * Copyright (c) 2026 STMicroelectronics.
  11:Core/Src/stm32wbxx_hal_msp.c ****  * All rights reserved.
  12:Core/Src/stm32wbxx_hal_msp.c ****  *
  13:Core/Src/stm32wbxx_hal_msp.c ****  * This software is licensed under terms that can be found in the LICENSE file
  14:Core/Src/stm32wbxx_hal_msp.c ****  * in the root directory of this software component.
  15:Core/Src/stm32wbxx_hal_msp.c ****  * If no LICENSE file comes with this software, it is provided AS-IS.
  16:Core/Src/stm32wbxx_hal_msp.c ****  *
  17:Core/Src/stm32wbxx_hal_msp.c ****  ******************************************************************************
  18:Core/Src/stm32wbxx_hal_msp.c ****  */
  19:Core/Src/stm32wbxx_hal_msp.c **** /* USER CODE END Header */
  20:Core/Src/stm32wbxx_hal_msp.c **** /* Includes ------------------------------------------------------------------*/
  21:Core/Src/stm32wbxx_hal_msp.c **** #include "main.h"
  22:Core/Src/stm32wbxx_hal_msp.c **** /* USER CODE BEGIN Includes */
  23:Core/Src/stm32wbxx_hal_msp.c **** 
  24:Core/Src/stm32wbxx_hal_msp.c **** /* USER CODE END Includes */
  25:Core/Src/stm32wbxx_hal_msp.c **** 
  26:Core/Src/stm32wbxx_hal_msp.c **** /* Private typedef -----------------------------------------------------------*/
  27:Core/Src/stm32wbxx_hal_msp.c **** /* USER CODE BEGIN TD */
  28:Core/Src/stm32wbxx_hal_msp.c **** 
  29:Core/Src/stm32wbxx_hal_msp.c **** /* USER CODE END TD */
  30:Core/Src/stm32wbxx_hal_msp.c **** 
ARM GAS  /tmp/ccBoaoMw.s 			page 2


  31:Core/Src/stm32wbxx_hal_msp.c **** /* Private define ------------------------------------------------------------*/
  32:Core/Src/stm32wbxx_hal_msp.c **** /* USER CODE BEGIN Define */
  33:Core/Src/stm32wbxx_hal_msp.c **** 
  34:Core/Src/stm32wbxx_hal_msp.c **** /* USER CODE END Define */
  35:Core/Src/stm32wbxx_hal_msp.c **** 
  36:Core/Src/stm32wbxx_hal_msp.c **** /* Private macro -------------------------------------------------------------*/
  37:Core/Src/stm32wbxx_hal_msp.c **** /* USER CODE BEGIN Macro */
  38:Core/Src/stm32wbxx_hal_msp.c **** 
  39:Core/Src/stm32wbxx_hal_msp.c **** /* USER CODE END Macro */
  40:Core/Src/stm32wbxx_hal_msp.c **** 
  41:Core/Src/stm32wbxx_hal_msp.c **** /* Private variables ---------------------------------------------------------*/
  42:Core/Src/stm32wbxx_hal_msp.c **** /* USER CODE BEGIN PV */
  43:Core/Src/stm32wbxx_hal_msp.c **** 
  44:Core/Src/stm32wbxx_hal_msp.c **** /* USER CODE END PV */
  45:Core/Src/stm32wbxx_hal_msp.c **** 
  46:Core/Src/stm32wbxx_hal_msp.c **** /* Private function prototypes -----------------------------------------------*/
  47:Core/Src/stm32wbxx_hal_msp.c **** /* USER CODE BEGIN PFP */
  48:Core/Src/stm32wbxx_hal_msp.c **** 
  49:Core/Src/stm32wbxx_hal_msp.c **** /* USER CODE END PFP */
  50:Core/Src/stm32wbxx_hal_msp.c **** 
  51:Core/Src/stm32wbxx_hal_msp.c **** /* External functions --------------------------------------------------------*/
  52:Core/Src/stm32wbxx_hal_msp.c **** /* USER CODE BEGIN ExternalFunctions */
  53:Core/Src/stm32wbxx_hal_msp.c **** 
  54:Core/Src/stm32wbxx_hal_msp.c **** /* USER CODE END ExternalFunctions */
  55:Core/Src/stm32wbxx_hal_msp.c **** 
  56:Core/Src/stm32wbxx_hal_msp.c **** /* USER CODE BEGIN 0 */
  57:Core/Src/stm32wbxx_hal_msp.c **** 
  58:Core/Src/stm32wbxx_hal_msp.c **** /* USER CODE END 0 */
  59:Core/Src/stm32wbxx_hal_msp.c **** /**
  60:Core/Src/stm32wbxx_hal_msp.c ****  * Initializes the Global MSP.
  61:Core/Src/stm32wbxx_hal_msp.c ****  */
  62:Core/Src/stm32wbxx_hal_msp.c **** void HAL_MspInit(void) {
  29              		.loc 1 62 24 view -0
  30              		.cfi_startproc
  31              		@ args = 0, pretend = 0, frame = 0
  32              		@ frame_needed = 0, uses_anonymous_args = 0
  33 0000 08B5     		push	{r3, lr}
  34              		.cfi_def_cfa_offset 8
  35              		.cfi_offset 3, -8
  36              		.cfi_offset 14, -4
  63:Core/Src/stm32wbxx_hal_msp.c **** 
  64:Core/Src/stm32wbxx_hal_msp.c ****   /* USER CODE BEGIN MspInit 0 */
  65:Core/Src/stm32wbxx_hal_msp.c **** 
  66:Core/Src/stm32wbxx_hal_msp.c ****   /* USER CODE END MspInit 0 */
  67:Core/Src/stm32wbxx_hal_msp.c **** 
  68:Core/Src/stm32wbxx_hal_msp.c ****   HAL_PWREx_EnableVddUSB();
  37              		.loc 1 68 3 view .LVU1
  38 0002 FFF7FEFF 		bl	HAL_PWREx_EnableVddUSB
  39              	.LVL0:
  69:Core/Src/stm32wbxx_hal_msp.c **** 
  70:Core/Src/stm32wbxx_hal_msp.c ****   /* System interrupt init*/
  71:Core/Src/stm32wbxx_hal_msp.c **** 
  72:Core/Src/stm32wbxx_hal_msp.c ****   /* USER CODE BEGIN MspInit 1 */
  73:Core/Src/stm32wbxx_hal_msp.c **** 
  74:Core/Src/stm32wbxx_hal_msp.c ****   /* USER CODE END MspInit 1 */
  75:Core/Src/stm32wbxx_hal_msp.c **** }
  40              		.loc 1 75 1 is_stmt 0 view .LVU2
ARM GAS  /tmp/ccBoaoMw.s 			page 3


  41 0006 08BD     		pop	{r3, pc}
  42              		.cfi_endproc
  43              	.LFE950:
  45              		.section	.text.HAL_I2C_MspInit,"ax",%progbits
  46              		.align	1
  47              		.global	HAL_I2C_MspInit
  48              		.syntax unified
  49              		.thumb
  50              		.thumb_func
  52              	HAL_I2C_MspInit:
  53              	.LVL1:
  54              	.LFB951:
  76:Core/Src/stm32wbxx_hal_msp.c **** 
  77:Core/Src/stm32wbxx_hal_msp.c **** /**
  78:Core/Src/stm32wbxx_hal_msp.c ****  * @brief I2C MSP Initialization
  79:Core/Src/stm32wbxx_hal_msp.c ****  * This function configures the hardware resources used in this example
  80:Core/Src/stm32wbxx_hal_msp.c ****  * @param hi2c: I2C handle pointer
  81:Core/Src/stm32wbxx_hal_msp.c ****  * @retval None
  82:Core/Src/stm32wbxx_hal_msp.c ****  */
  83:Core/Src/stm32wbxx_hal_msp.c **** void HAL_I2C_MspInit(I2C_HandleTypeDef *hi2c) {
  55              		.loc 1 83 47 is_stmt 1 view -0
  56              		.cfi_startproc
  57              		@ args = 0, pretend = 0, frame = 112
  58              		@ frame_needed = 0, uses_anonymous_args = 0
  59              		.loc 1 83 47 is_stmt 0 view .LVU4
  60 0000 10B5     		push	{r4, lr}
  61              		.cfi_def_cfa_offset 8
  62              		.cfi_offset 4, -8
  63              		.cfi_offset 14, -4
  64 0002 9CB0     		sub	sp, sp, #112
  65              		.cfi_def_cfa_offset 120
  66 0004 0446     		mov	r4, r0
  84:Core/Src/stm32wbxx_hal_msp.c ****   GPIO_InitTypeDef GPIO_InitStruct = {0};
  67              		.loc 1 84 3 is_stmt 1 view .LVU5
  68              		.loc 1 84 20 is_stmt 0 view .LVU6
  69 0006 0021     		movs	r1, #0
  70 0008 1791     		str	r1, [sp, #92]
  71 000a 1891     		str	r1, [sp, #96]
  72 000c 1991     		str	r1, [sp, #100]
  73 000e 1A91     		str	r1, [sp, #104]
  74 0010 1B91     		str	r1, [sp, #108]
  85:Core/Src/stm32wbxx_hal_msp.c ****   RCC_PeriphCLKInitTypeDef PeriphClkInitStruct = {0};
  75              		.loc 1 85 3 is_stmt 1 view .LVU7
  76              		.loc 1 85 28 is_stmt 0 view .LVU8
  77 0012 5022     		movs	r2, #80
  78 0014 03A8     		add	r0, sp, #12
  79              	.LVL2:
  80              		.loc 1 85 28 view .LVU9
  81 0016 FFF7FEFF 		bl	memset
  82              	.LVL3:
  86:Core/Src/stm32wbxx_hal_msp.c ****   if (hi2c->Instance == I2C1) {
  83              		.loc 1 86 3 is_stmt 1 view .LVU10
  84              		.loc 1 86 11 is_stmt 0 view .LVU11
  85 001a 2268     		ldr	r2, [r4]
  86              		.loc 1 86 6 view .LVU12
  87 001c 194B     		ldr	r3, .L9
  88 001e 9A42     		cmp	r2, r3
ARM GAS  /tmp/ccBoaoMw.s 			page 4


  89 0020 01D0     		beq	.L7
  90              	.LVL4:
  91              	.L3:
  87:Core/Src/stm32wbxx_hal_msp.c ****     /* USER CODE BEGIN I2C1_MspInit 0 */
  88:Core/Src/stm32wbxx_hal_msp.c **** 
  89:Core/Src/stm32wbxx_hal_msp.c ****     /* USER CODE END I2C1_MspInit 0 */
  90:Core/Src/stm32wbxx_hal_msp.c **** 
  91:Core/Src/stm32wbxx_hal_msp.c ****     /** Initializes the peripherals clock
  92:Core/Src/stm32wbxx_hal_msp.c ****      */
  93:Core/Src/stm32wbxx_hal_msp.c ****     PeriphClkInitStruct.PeriphClockSelection = RCC_PERIPHCLK_I2C1;
  94:Core/Src/stm32wbxx_hal_msp.c ****     PeriphClkInitStruct.I2c1ClockSelection = RCC_I2C1CLKSOURCE_PCLK1;
  95:Core/Src/stm32wbxx_hal_msp.c ****     if (HAL_RCCEx_PeriphCLKConfig(&PeriphClkInitStruct) != HAL_OK) {
  96:Core/Src/stm32wbxx_hal_msp.c ****       Error_Handler();
  97:Core/Src/stm32wbxx_hal_msp.c ****     }
  98:Core/Src/stm32wbxx_hal_msp.c **** 
  99:Core/Src/stm32wbxx_hal_msp.c ****     __HAL_RCC_GPIOB_CLK_ENABLE();
 100:Core/Src/stm32wbxx_hal_msp.c ****     /**I2C1 GPIO Configuration
 101:Core/Src/stm32wbxx_hal_msp.c ****     PB8     ------> I2C1_SCL
 102:Core/Src/stm32wbxx_hal_msp.c ****     PB9     ------> I2C1_SDA
 103:Core/Src/stm32wbxx_hal_msp.c ****     */
 104:Core/Src/stm32wbxx_hal_msp.c ****     GPIO_InitStruct.Pin = BMP_SCL_Pin | BMP_SDA_Pin;
 105:Core/Src/stm32wbxx_hal_msp.c ****     GPIO_InitStruct.Mode = GPIO_MODE_AF_OD;
 106:Core/Src/stm32wbxx_hal_msp.c ****     GPIO_InitStruct.Pull = GPIO_NOPULL;
 107:Core/Src/stm32wbxx_hal_msp.c ****     GPIO_InitStruct.Speed = GPIO_SPEED_FREQ_LOW;
 108:Core/Src/stm32wbxx_hal_msp.c ****     GPIO_InitStruct.Alternate = GPIO_AF4_I2C1;
 109:Core/Src/stm32wbxx_hal_msp.c ****     HAL_GPIO_Init(GPIOB, &GPIO_InitStruct);
 110:Core/Src/stm32wbxx_hal_msp.c **** 
 111:Core/Src/stm32wbxx_hal_msp.c ****     /* Peripheral clock enable */
 112:Core/Src/stm32wbxx_hal_msp.c ****     __HAL_RCC_I2C1_CLK_ENABLE();
 113:Core/Src/stm32wbxx_hal_msp.c ****     /* USER CODE BEGIN I2C1_MspInit 1 */
 114:Core/Src/stm32wbxx_hal_msp.c **** 
 115:Core/Src/stm32wbxx_hal_msp.c ****     /* USER CODE END I2C1_MspInit 1 */
 116:Core/Src/stm32wbxx_hal_msp.c ****   }
 117:Core/Src/stm32wbxx_hal_msp.c **** }
  92              		.loc 1 117 1 view .LVU13
  93 0022 1CB0     		add	sp, sp, #112
  94              		.cfi_remember_state
  95              		.cfi_def_cfa_offset 8
  96              		@ sp needed
  97 0024 10BD     		pop	{r4, pc}
  98              	.LVL5:
  99              	.L7:
 100              		.cfi_restore_state
  93:Core/Src/stm32wbxx_hal_msp.c ****     PeriphClkInitStruct.I2c1ClockSelection = RCC_I2C1CLKSOURCE_PCLK1;
 101              		.loc 1 93 5 is_stmt 1 view .LVU14
  93:Core/Src/stm32wbxx_hal_msp.c ****     PeriphClkInitStruct.I2c1ClockSelection = RCC_I2C1CLKSOURCE_PCLK1;
 102              		.loc 1 93 46 is_stmt 0 view .LVU15
 103 0026 0423     		movs	r3, #4
 104 0028 0393     		str	r3, [sp, #12]
  94:Core/Src/stm32wbxx_hal_msp.c ****     if (HAL_RCCEx_PeriphCLKConfig(&PeriphClkInitStruct) != HAL_OK) {
 105              		.loc 1 94 5 is_stmt 1 view .LVU16
  94:Core/Src/stm32wbxx_hal_msp.c ****     if (HAL_RCCEx_PeriphCLKConfig(&PeriphClkInitStruct) != HAL_OK) {
 106              		.loc 1 94 44 is_stmt 0 view .LVU17
 107 002a 4FF44033 		mov	r3, #196608
 108 002e 0B93     		str	r3, [sp, #44]
  95:Core/Src/stm32wbxx_hal_msp.c ****       Error_Handler();
 109              		.loc 1 95 5 is_stmt 1 view .LVU18
ARM GAS  /tmp/ccBoaoMw.s 			page 5


  95:Core/Src/stm32wbxx_hal_msp.c ****       Error_Handler();
 110              		.loc 1 95 9 is_stmt 0 view .LVU19
 111 0030 03A8     		add	r0, sp, #12
 112 0032 FFF7FEFF 		bl	HAL_RCCEx_PeriphCLKConfig
 113              	.LVL6:
  95:Core/Src/stm32wbxx_hal_msp.c ****       Error_Handler();
 114              		.loc 1 95 8 discriminator 1 view .LVU20
 115 0036 10BB     		cbnz	r0, .L8
 116              	.L5:
  99:Core/Src/stm32wbxx_hal_msp.c ****     /**I2C1 GPIO Configuration
 117              		.loc 1 99 5 is_stmt 1 view .LVU21
 118              	.LVL7:
 119              	.LBB14:
 120              	.LBI14:
 121              		.file 2 "Drivers/STM32WBxx_HAL_Driver/Inc/stm32wbxx_ll_bus.h"
   1:Drivers/STM32WBxx_HAL_Driver/Inc/stm32wbxx_ll_bus.h **** /**
   2:Drivers/STM32WBxx_HAL_Driver/Inc/stm32wbxx_ll_bus.h ****   ******************************************************************************
   3:Drivers/STM32WBxx_HAL_Driver/Inc/stm32wbxx_ll_bus.h ****   * @file    stm32wbxx_ll_bus.h
   4:Drivers/STM32WBxx_HAL_Driver/Inc/stm32wbxx_ll_bus.h ****   * @author  MCD Application Team
   5:Drivers/STM32WBxx_HAL_Driver/Inc/stm32wbxx_ll_bus.h ****   * @brief   Header file of BUS LL module.
   6:Drivers/STM32WBxx_HAL_Driver/Inc/stm32wbxx_ll_bus.h ****   ******************************************************************************
   7:Drivers/STM32WBxx_HAL_Driver/Inc/stm32wbxx_ll_bus.h ****   * @attention
   8:Drivers/STM32WBxx_HAL_Driver/Inc/stm32wbxx_ll_bus.h ****   *
   9:Drivers/STM32WBxx_HAL_Driver/Inc/stm32wbxx_ll_bus.h ****   * Copyright (c) 2019 STMicroelectronics.
  10:Drivers/STM32WBxx_HAL_Driver/Inc/stm32wbxx_ll_bus.h ****   * All rights reserved.
  11:Drivers/STM32WBxx_HAL_Driver/Inc/stm32wbxx_ll_bus.h ****   *
  12:Drivers/STM32WBxx_HAL_Driver/Inc/stm32wbxx_ll_bus.h ****   * This software is licensed under terms that can be found in the LICENSE file
  13:Drivers/STM32WBxx_HAL_Driver/Inc/stm32wbxx_ll_bus.h ****   * in the root directory of this software component.
  14:Drivers/STM32WBxx_HAL_Driver/Inc/stm32wbxx_ll_bus.h ****   * If no LICENSE file comes with this software, it is provided AS-IS.
  15:Drivers/STM32WBxx_HAL_Driver/Inc/stm32wbxx_ll_bus.h ****   *
  16:Drivers/STM32WBxx_HAL_Driver/Inc/stm32wbxx_ll_bus.h ****   ******************************************************************************
  17:Drivers/STM32WBxx_HAL_Driver/Inc/stm32wbxx_ll_bus.h ****   @verbatim
  18:Drivers/STM32WBxx_HAL_Driver/Inc/stm32wbxx_ll_bus.h ****                       ##### RCC Limitations #####
  19:Drivers/STM32WBxx_HAL_Driver/Inc/stm32wbxx_ll_bus.h ****   ==============================================================================
  20:Drivers/STM32WBxx_HAL_Driver/Inc/stm32wbxx_ll_bus.h ****     [..]
  21:Drivers/STM32WBxx_HAL_Driver/Inc/stm32wbxx_ll_bus.h ****       A delay between an RCC peripheral clock enable and the effective peripheral
  22:Drivers/STM32WBxx_HAL_Driver/Inc/stm32wbxx_ll_bus.h ****       enabling should be taken into account in order to manage the peripheral read/write
  23:Drivers/STM32WBxx_HAL_Driver/Inc/stm32wbxx_ll_bus.h ****       from/to registers.
  24:Drivers/STM32WBxx_HAL_Driver/Inc/stm32wbxx_ll_bus.h ****       (+) This delay depends on the peripheral mapping.
  25:Drivers/STM32WBxx_HAL_Driver/Inc/stm32wbxx_ll_bus.h ****         (++) AHB & APB peripherals, 1 dummy read is necessary
  26:Drivers/STM32WBxx_HAL_Driver/Inc/stm32wbxx_ll_bus.h **** 
  27:Drivers/STM32WBxx_HAL_Driver/Inc/stm32wbxx_ll_bus.h ****     [..]
  28:Drivers/STM32WBxx_HAL_Driver/Inc/stm32wbxx_ll_bus.h ****       Workarounds:
  29:Drivers/STM32WBxx_HAL_Driver/Inc/stm32wbxx_ll_bus.h ****       (#) For AHB & APB peripherals, a dummy read to the peripheral register has been
  30:Drivers/STM32WBxx_HAL_Driver/Inc/stm32wbxx_ll_bus.h ****           inserted in each LL_{BUS}_GRP{x}_EnableClock() function.
  31:Drivers/STM32WBxx_HAL_Driver/Inc/stm32wbxx_ll_bus.h **** 
  32:Drivers/STM32WBxx_HAL_Driver/Inc/stm32wbxx_ll_bus.h ****   @endverbatim
  33:Drivers/STM32WBxx_HAL_Driver/Inc/stm32wbxx_ll_bus.h ****   ******************************************************************************
  34:Drivers/STM32WBxx_HAL_Driver/Inc/stm32wbxx_ll_bus.h ****   */
  35:Drivers/STM32WBxx_HAL_Driver/Inc/stm32wbxx_ll_bus.h **** 
  36:Drivers/STM32WBxx_HAL_Driver/Inc/stm32wbxx_ll_bus.h **** /* Define to prevent recursive inclusion -------------------------------------*/
  37:Drivers/STM32WBxx_HAL_Driver/Inc/stm32wbxx_ll_bus.h **** #ifndef STM32WBxx_LL_BUS_H
  38:Drivers/STM32WBxx_HAL_Driver/Inc/stm32wbxx_ll_bus.h **** #define STM32WBxx_LL_BUS_H
  39:Drivers/STM32WBxx_HAL_Driver/Inc/stm32wbxx_ll_bus.h **** 
  40:Drivers/STM32WBxx_HAL_Driver/Inc/stm32wbxx_ll_bus.h **** #ifdef __cplusplus
  41:Drivers/STM32WBxx_HAL_Driver/Inc/stm32wbxx_ll_bus.h **** extern "C" {
  42:Drivers/STM32WBxx_HAL_Driver/Inc/stm32wbxx_ll_bus.h **** #endif
ARM GAS  /tmp/ccBoaoMw.s 			page 6


  43:Drivers/STM32WBxx_HAL_Driver/Inc/stm32wbxx_ll_bus.h **** 
  44:Drivers/STM32WBxx_HAL_Driver/Inc/stm32wbxx_ll_bus.h **** /* Includes ------------------------------------------------------------------*/
  45:Drivers/STM32WBxx_HAL_Driver/Inc/stm32wbxx_ll_bus.h **** #include "stm32wbxx.h"
  46:Drivers/STM32WBxx_HAL_Driver/Inc/stm32wbxx_ll_bus.h **** 
  47:Drivers/STM32WBxx_HAL_Driver/Inc/stm32wbxx_ll_bus.h **** /** @addtogroup STM32WBxx_LL_Driver
  48:Drivers/STM32WBxx_HAL_Driver/Inc/stm32wbxx_ll_bus.h ****   * @{
  49:Drivers/STM32WBxx_HAL_Driver/Inc/stm32wbxx_ll_bus.h ****   */
  50:Drivers/STM32WBxx_HAL_Driver/Inc/stm32wbxx_ll_bus.h **** 
  51:Drivers/STM32WBxx_HAL_Driver/Inc/stm32wbxx_ll_bus.h **** #if defined(RCC)
  52:Drivers/STM32WBxx_HAL_Driver/Inc/stm32wbxx_ll_bus.h **** 
  53:Drivers/STM32WBxx_HAL_Driver/Inc/stm32wbxx_ll_bus.h **** /** @defgroup BUS_LL BUS
  54:Drivers/STM32WBxx_HAL_Driver/Inc/stm32wbxx_ll_bus.h ****   * @{
  55:Drivers/STM32WBxx_HAL_Driver/Inc/stm32wbxx_ll_bus.h ****   */
  56:Drivers/STM32WBxx_HAL_Driver/Inc/stm32wbxx_ll_bus.h **** 
  57:Drivers/STM32WBxx_HAL_Driver/Inc/stm32wbxx_ll_bus.h **** /* Private types -------------------------------------------------------------*/
  58:Drivers/STM32WBxx_HAL_Driver/Inc/stm32wbxx_ll_bus.h **** /* Private variables ---------------------------------------------------------*/
  59:Drivers/STM32WBxx_HAL_Driver/Inc/stm32wbxx_ll_bus.h **** 
  60:Drivers/STM32WBxx_HAL_Driver/Inc/stm32wbxx_ll_bus.h **** /* Private constants ---------------------------------------------------------*/
  61:Drivers/STM32WBxx_HAL_Driver/Inc/stm32wbxx_ll_bus.h **** 
  62:Drivers/STM32WBxx_HAL_Driver/Inc/stm32wbxx_ll_bus.h **** /* Private macros ------------------------------------------------------------*/
  63:Drivers/STM32WBxx_HAL_Driver/Inc/stm32wbxx_ll_bus.h **** 
  64:Drivers/STM32WBxx_HAL_Driver/Inc/stm32wbxx_ll_bus.h **** /* Exported types ------------------------------------------------------------*/
  65:Drivers/STM32WBxx_HAL_Driver/Inc/stm32wbxx_ll_bus.h **** 
  66:Drivers/STM32WBxx_HAL_Driver/Inc/stm32wbxx_ll_bus.h **** /* Exported constants --------------------------------------------------------*/
  67:Drivers/STM32WBxx_HAL_Driver/Inc/stm32wbxx_ll_bus.h **** /** @defgroup BUS_LL_Exported_Constants BUS Exported Constants
  68:Drivers/STM32WBxx_HAL_Driver/Inc/stm32wbxx_ll_bus.h ****   * @{
  69:Drivers/STM32WBxx_HAL_Driver/Inc/stm32wbxx_ll_bus.h ****   */
  70:Drivers/STM32WBxx_HAL_Driver/Inc/stm32wbxx_ll_bus.h **** 
  71:Drivers/STM32WBxx_HAL_Driver/Inc/stm32wbxx_ll_bus.h **** /** @defgroup BUS_LL_EC_AHB1_GRP1_PERIPH  AHB1 GRP1 PERIPH
  72:Drivers/STM32WBxx_HAL_Driver/Inc/stm32wbxx_ll_bus.h ****   * @{
  73:Drivers/STM32WBxx_HAL_Driver/Inc/stm32wbxx_ll_bus.h ****   */
  74:Drivers/STM32WBxx_HAL_Driver/Inc/stm32wbxx_ll_bus.h **** #define LL_AHB1_GRP1_PERIPH_ALL            (0xFFFFFFFFU)
  75:Drivers/STM32WBxx_HAL_Driver/Inc/stm32wbxx_ll_bus.h **** 
  76:Drivers/STM32WBxx_HAL_Driver/Inc/stm32wbxx_ll_bus.h **** #define LL_AHB1_GRP1_PERIPH_DMA1           RCC_AHB1ENR_DMA1EN
  77:Drivers/STM32WBxx_HAL_Driver/Inc/stm32wbxx_ll_bus.h **** #if defined(DMA2)
  78:Drivers/STM32WBxx_HAL_Driver/Inc/stm32wbxx_ll_bus.h **** #define LL_AHB1_GRP1_PERIPH_DMA2           RCC_AHB1ENR_DMA2EN
  79:Drivers/STM32WBxx_HAL_Driver/Inc/stm32wbxx_ll_bus.h **** #endif /* DMA2 */
  80:Drivers/STM32WBxx_HAL_Driver/Inc/stm32wbxx_ll_bus.h **** #define LL_AHB1_GRP1_PERIPH_DMAMUX1        RCC_AHB1ENR_DMAMUX1EN
  81:Drivers/STM32WBxx_HAL_Driver/Inc/stm32wbxx_ll_bus.h **** #define LL_AHB1_GRP1_PERIPH_SRAM1          RCC_AHB1SMENR_SRAM1SMEN
  82:Drivers/STM32WBxx_HAL_Driver/Inc/stm32wbxx_ll_bus.h **** #define LL_AHB1_GRP1_PERIPH_CRC            RCC_AHB1ENR_CRCEN
  83:Drivers/STM32WBxx_HAL_Driver/Inc/stm32wbxx_ll_bus.h **** #if defined(TSC)
  84:Drivers/STM32WBxx_HAL_Driver/Inc/stm32wbxx_ll_bus.h **** #define LL_AHB1_GRP1_PERIPH_TSC            RCC_AHB1ENR_TSCEN
  85:Drivers/STM32WBxx_HAL_Driver/Inc/stm32wbxx_ll_bus.h **** #endif /* TSC */
  86:Drivers/STM32WBxx_HAL_Driver/Inc/stm32wbxx_ll_bus.h **** /**
  87:Drivers/STM32WBxx_HAL_Driver/Inc/stm32wbxx_ll_bus.h ****   * @}
  88:Drivers/STM32WBxx_HAL_Driver/Inc/stm32wbxx_ll_bus.h ****   */
  89:Drivers/STM32WBxx_HAL_Driver/Inc/stm32wbxx_ll_bus.h **** 
  90:Drivers/STM32WBxx_HAL_Driver/Inc/stm32wbxx_ll_bus.h **** /** @defgroup BUS_LL_EC_AHB2_GRP1_PERIPH  AHB2 GRP1 PERIPH
  91:Drivers/STM32WBxx_HAL_Driver/Inc/stm32wbxx_ll_bus.h ****   * @{
  92:Drivers/STM32WBxx_HAL_Driver/Inc/stm32wbxx_ll_bus.h ****   */
  93:Drivers/STM32WBxx_HAL_Driver/Inc/stm32wbxx_ll_bus.h **** #define LL_AHB2_GRP1_PERIPH_ALL            (0xFFFFFFFFU)
  94:Drivers/STM32WBxx_HAL_Driver/Inc/stm32wbxx_ll_bus.h **** 
  95:Drivers/STM32WBxx_HAL_Driver/Inc/stm32wbxx_ll_bus.h **** #define LL_AHB2_GRP1_PERIPH_GPIOA          RCC_AHB2ENR_GPIOAEN
  96:Drivers/STM32WBxx_HAL_Driver/Inc/stm32wbxx_ll_bus.h **** #define LL_AHB2_GRP1_PERIPH_GPIOB          RCC_AHB2ENR_GPIOBEN
  97:Drivers/STM32WBxx_HAL_Driver/Inc/stm32wbxx_ll_bus.h **** #define LL_AHB2_GRP1_PERIPH_GPIOC          RCC_AHB2ENR_GPIOCEN
  98:Drivers/STM32WBxx_HAL_Driver/Inc/stm32wbxx_ll_bus.h **** #if defined(GPIOD)
  99:Drivers/STM32WBxx_HAL_Driver/Inc/stm32wbxx_ll_bus.h **** #define LL_AHB2_GRP1_PERIPH_GPIOD          RCC_AHB2ENR_GPIODEN
ARM GAS  /tmp/ccBoaoMw.s 			page 7


 100:Drivers/STM32WBxx_HAL_Driver/Inc/stm32wbxx_ll_bus.h **** #endif /* GPIOD */
 101:Drivers/STM32WBxx_HAL_Driver/Inc/stm32wbxx_ll_bus.h **** #define LL_AHB2_GRP1_PERIPH_GPIOE          RCC_AHB2ENR_GPIOEEN
 102:Drivers/STM32WBxx_HAL_Driver/Inc/stm32wbxx_ll_bus.h **** #define LL_AHB2_GRP1_PERIPH_GPIOH          RCC_AHB2ENR_GPIOHEN
 103:Drivers/STM32WBxx_HAL_Driver/Inc/stm32wbxx_ll_bus.h **** #if defined(ADC_SUPPORT_5_MSPS)
 104:Drivers/STM32WBxx_HAL_Driver/Inc/stm32wbxx_ll_bus.h **** #define LL_AHB2_GRP1_PERIPH_ADC            RCC_AHB2ENR_ADCEN
 105:Drivers/STM32WBxx_HAL_Driver/Inc/stm32wbxx_ll_bus.h **** #endif /* ADC_SUPPORT_5_MSPS */
 106:Drivers/STM32WBxx_HAL_Driver/Inc/stm32wbxx_ll_bus.h **** #if defined(AES1)
 107:Drivers/STM32WBxx_HAL_Driver/Inc/stm32wbxx_ll_bus.h **** #define LL_AHB2_GRP1_PERIPH_AES1           RCC_AHB2ENR_AES1EN
 108:Drivers/STM32WBxx_HAL_Driver/Inc/stm32wbxx_ll_bus.h **** #endif /* AES1 */
 109:Drivers/STM32WBxx_HAL_Driver/Inc/stm32wbxx_ll_bus.h **** /**
 110:Drivers/STM32WBxx_HAL_Driver/Inc/stm32wbxx_ll_bus.h ****   * @}
 111:Drivers/STM32WBxx_HAL_Driver/Inc/stm32wbxx_ll_bus.h ****   */
 112:Drivers/STM32WBxx_HAL_Driver/Inc/stm32wbxx_ll_bus.h **** 
 113:Drivers/STM32WBxx_HAL_Driver/Inc/stm32wbxx_ll_bus.h **** /** @defgroup BUS_LL_EC_AHB3_GRP1_PERIPH  AHB3 GRP1 PERIPH
 114:Drivers/STM32WBxx_HAL_Driver/Inc/stm32wbxx_ll_bus.h ****   * @{
 115:Drivers/STM32WBxx_HAL_Driver/Inc/stm32wbxx_ll_bus.h ****   */
 116:Drivers/STM32WBxx_HAL_Driver/Inc/stm32wbxx_ll_bus.h **** #define LL_AHB3_GRP1_PERIPH_ALL            (0xFFFFFFFFU)
 117:Drivers/STM32WBxx_HAL_Driver/Inc/stm32wbxx_ll_bus.h **** #if defined(QUADSPI)
 118:Drivers/STM32WBxx_HAL_Driver/Inc/stm32wbxx_ll_bus.h **** #define LL_AHB3_GRP1_PERIPH_QUADSPI        RCC_AHB3ENR_QUADSPIEN
 119:Drivers/STM32WBxx_HAL_Driver/Inc/stm32wbxx_ll_bus.h **** #endif /* QUADSPI */
 120:Drivers/STM32WBxx_HAL_Driver/Inc/stm32wbxx_ll_bus.h **** #define LL_AHB3_GRP1_PERIPH_PKA            RCC_AHB3ENR_PKAEN
 121:Drivers/STM32WBxx_HAL_Driver/Inc/stm32wbxx_ll_bus.h **** #define LL_AHB3_GRP1_PERIPH_AES2           RCC_AHB3ENR_AES2EN
 122:Drivers/STM32WBxx_HAL_Driver/Inc/stm32wbxx_ll_bus.h **** #define LL_AHB3_GRP1_PERIPH_RNG            RCC_AHB3ENR_RNGEN
 123:Drivers/STM32WBxx_HAL_Driver/Inc/stm32wbxx_ll_bus.h **** #define LL_AHB3_GRP1_PERIPH_HSEM           RCC_AHB3ENR_HSEMEN
 124:Drivers/STM32WBxx_HAL_Driver/Inc/stm32wbxx_ll_bus.h **** #define LL_AHB3_GRP1_PERIPH_IPCC           RCC_AHB3ENR_IPCCEN
 125:Drivers/STM32WBxx_HAL_Driver/Inc/stm32wbxx_ll_bus.h **** #define LL_AHB3_GRP1_PERIPH_SRAM2          RCC_AHB3SMENR_SRAM2SMEN
 126:Drivers/STM32WBxx_HAL_Driver/Inc/stm32wbxx_ll_bus.h **** #define LL_AHB3_GRP1_PERIPH_FLASH          RCC_AHB3ENR_FLASHEN
 127:Drivers/STM32WBxx_HAL_Driver/Inc/stm32wbxx_ll_bus.h **** /**
 128:Drivers/STM32WBxx_HAL_Driver/Inc/stm32wbxx_ll_bus.h ****   * @}
 129:Drivers/STM32WBxx_HAL_Driver/Inc/stm32wbxx_ll_bus.h ****   */
 130:Drivers/STM32WBxx_HAL_Driver/Inc/stm32wbxx_ll_bus.h **** 
 131:Drivers/STM32WBxx_HAL_Driver/Inc/stm32wbxx_ll_bus.h **** /** @defgroup BUS_LL_EC_APB1_GRP1_PERIPH  APB1 GRP1 PERIPH
 132:Drivers/STM32WBxx_HAL_Driver/Inc/stm32wbxx_ll_bus.h ****   * @{
 133:Drivers/STM32WBxx_HAL_Driver/Inc/stm32wbxx_ll_bus.h ****   */
 134:Drivers/STM32WBxx_HAL_Driver/Inc/stm32wbxx_ll_bus.h **** #define LL_APB1_GRP1_PERIPH_ALL            (0xFFFFFFFFU)
 135:Drivers/STM32WBxx_HAL_Driver/Inc/stm32wbxx_ll_bus.h **** #define LL_APB1_GRP1_PERIPH_TIM2           RCC_APB1ENR1_TIM2EN
 136:Drivers/STM32WBxx_HAL_Driver/Inc/stm32wbxx_ll_bus.h **** #if defined(LCD)
 137:Drivers/STM32WBxx_HAL_Driver/Inc/stm32wbxx_ll_bus.h **** #define LL_APB1_GRP1_PERIPH_LCD            RCC_APB1ENR1_LCDEN
 138:Drivers/STM32WBxx_HAL_Driver/Inc/stm32wbxx_ll_bus.h **** #endif /* LCD */
 139:Drivers/STM32WBxx_HAL_Driver/Inc/stm32wbxx_ll_bus.h **** #define LL_APB1_GRP1_PERIPH_RTCAPB         RCC_APB1ENR1_RTCAPBEN
 140:Drivers/STM32WBxx_HAL_Driver/Inc/stm32wbxx_ll_bus.h **** #define LL_APB1_GRP1_PERIPH_WWDG           RCC_APB1ENR1_WWDGEN
 141:Drivers/STM32WBxx_HAL_Driver/Inc/stm32wbxx_ll_bus.h **** #if defined(SPI2)
 142:Drivers/STM32WBxx_HAL_Driver/Inc/stm32wbxx_ll_bus.h **** #define LL_APB1_GRP1_PERIPH_SPI2           RCC_APB1ENR1_SPI2EN
 143:Drivers/STM32WBxx_HAL_Driver/Inc/stm32wbxx_ll_bus.h **** #endif /* SPI2 */
 144:Drivers/STM32WBxx_HAL_Driver/Inc/stm32wbxx_ll_bus.h **** #define LL_APB1_GRP1_PERIPH_I2C1           RCC_APB1ENR1_I2C1EN
 145:Drivers/STM32WBxx_HAL_Driver/Inc/stm32wbxx_ll_bus.h **** #if defined(I2C3)
 146:Drivers/STM32WBxx_HAL_Driver/Inc/stm32wbxx_ll_bus.h **** #define LL_APB1_GRP1_PERIPH_I2C3           RCC_APB1ENR1_I2C3EN
 147:Drivers/STM32WBxx_HAL_Driver/Inc/stm32wbxx_ll_bus.h **** #endif /* I2C3 */
 148:Drivers/STM32WBxx_HAL_Driver/Inc/stm32wbxx_ll_bus.h **** #if defined(CRS)
 149:Drivers/STM32WBxx_HAL_Driver/Inc/stm32wbxx_ll_bus.h **** #define LL_APB1_GRP1_PERIPH_CRS            RCC_APB1ENR1_CRSEN
 150:Drivers/STM32WBxx_HAL_Driver/Inc/stm32wbxx_ll_bus.h **** #endif /* CRS */
 151:Drivers/STM32WBxx_HAL_Driver/Inc/stm32wbxx_ll_bus.h **** #if defined(USB)
 152:Drivers/STM32WBxx_HAL_Driver/Inc/stm32wbxx_ll_bus.h **** #define LL_APB1_GRP1_PERIPH_USB            RCC_APB1ENR1_USBEN
 153:Drivers/STM32WBxx_HAL_Driver/Inc/stm32wbxx_ll_bus.h **** #endif /* USB */
 154:Drivers/STM32WBxx_HAL_Driver/Inc/stm32wbxx_ll_bus.h **** #define LL_APB1_GRP1_PERIPH_LPTIM1         RCC_APB1ENR1_LPTIM1EN
 155:Drivers/STM32WBxx_HAL_Driver/Inc/stm32wbxx_ll_bus.h **** /**
 156:Drivers/STM32WBxx_HAL_Driver/Inc/stm32wbxx_ll_bus.h ****   * @}
ARM GAS  /tmp/ccBoaoMw.s 			page 8


 157:Drivers/STM32WBxx_HAL_Driver/Inc/stm32wbxx_ll_bus.h ****   */
 158:Drivers/STM32WBxx_HAL_Driver/Inc/stm32wbxx_ll_bus.h **** 
 159:Drivers/STM32WBxx_HAL_Driver/Inc/stm32wbxx_ll_bus.h **** 
 160:Drivers/STM32WBxx_HAL_Driver/Inc/stm32wbxx_ll_bus.h **** /** @defgroup BUS_LL_EC_APB1_GRP2_PERIPH  APB1 GRP2 PERIPH
 161:Drivers/STM32WBxx_HAL_Driver/Inc/stm32wbxx_ll_bus.h ****   * @{
 162:Drivers/STM32WBxx_HAL_Driver/Inc/stm32wbxx_ll_bus.h ****   */
 163:Drivers/STM32WBxx_HAL_Driver/Inc/stm32wbxx_ll_bus.h **** #define LL_APB1_GRP2_PERIPH_ALL            (0xFFFFFFFFU)
 164:Drivers/STM32WBxx_HAL_Driver/Inc/stm32wbxx_ll_bus.h **** 
 165:Drivers/STM32WBxx_HAL_Driver/Inc/stm32wbxx_ll_bus.h **** #if defined(LPUART1)
 166:Drivers/STM32WBxx_HAL_Driver/Inc/stm32wbxx_ll_bus.h **** #define LL_APB1_GRP2_PERIPH_LPUART1        RCC_APB1ENR2_LPUART1EN
 167:Drivers/STM32WBxx_HAL_Driver/Inc/stm32wbxx_ll_bus.h **** #endif /* LPUART1 */
 168:Drivers/STM32WBxx_HAL_Driver/Inc/stm32wbxx_ll_bus.h **** #define LL_APB1_GRP2_PERIPH_LPTIM2         RCC_APB1ENR2_LPTIM2EN
 169:Drivers/STM32WBxx_HAL_Driver/Inc/stm32wbxx_ll_bus.h **** /**
 170:Drivers/STM32WBxx_HAL_Driver/Inc/stm32wbxx_ll_bus.h ****   * @}
 171:Drivers/STM32WBxx_HAL_Driver/Inc/stm32wbxx_ll_bus.h ****   */
 172:Drivers/STM32WBxx_HAL_Driver/Inc/stm32wbxx_ll_bus.h **** 
 173:Drivers/STM32WBxx_HAL_Driver/Inc/stm32wbxx_ll_bus.h **** /** @defgroup BUS_LL_EC_APB2_GRP1_PERIPH  APB2 GRP1 PERIPH
 174:Drivers/STM32WBxx_HAL_Driver/Inc/stm32wbxx_ll_bus.h ****   * @{
 175:Drivers/STM32WBxx_HAL_Driver/Inc/stm32wbxx_ll_bus.h ****   */
 176:Drivers/STM32WBxx_HAL_Driver/Inc/stm32wbxx_ll_bus.h **** #define LL_APB2_GRP1_PERIPH_ALL            (0xFFFFFFFFU)
 177:Drivers/STM32WBxx_HAL_Driver/Inc/stm32wbxx_ll_bus.h **** 
 178:Drivers/STM32WBxx_HAL_Driver/Inc/stm32wbxx_ll_bus.h **** #if defined(ADC_SUPPORT_2_5_MSPS)
 179:Drivers/STM32WBxx_HAL_Driver/Inc/stm32wbxx_ll_bus.h **** #define LL_APB2_GRP1_PERIPH_ADC            RCC_APB2ENR_ADCEN
 180:Drivers/STM32WBxx_HAL_Driver/Inc/stm32wbxx_ll_bus.h **** #endif /* ADC_SUPPORT_2_5_MSPS */
 181:Drivers/STM32WBxx_HAL_Driver/Inc/stm32wbxx_ll_bus.h **** #define LL_APB2_GRP1_PERIPH_TIM1           RCC_APB2ENR_TIM1EN
 182:Drivers/STM32WBxx_HAL_Driver/Inc/stm32wbxx_ll_bus.h **** #define LL_APB2_GRP1_PERIPH_SPI1           RCC_APB2ENR_SPI1EN
 183:Drivers/STM32WBxx_HAL_Driver/Inc/stm32wbxx_ll_bus.h **** #define LL_APB2_GRP1_PERIPH_USART1         RCC_APB2ENR_USART1EN
 184:Drivers/STM32WBxx_HAL_Driver/Inc/stm32wbxx_ll_bus.h **** #if defined(TIM16)
 185:Drivers/STM32WBxx_HAL_Driver/Inc/stm32wbxx_ll_bus.h **** #define LL_APB2_GRP1_PERIPH_TIM16          RCC_APB2ENR_TIM16EN
 186:Drivers/STM32WBxx_HAL_Driver/Inc/stm32wbxx_ll_bus.h **** #endif /* TIM16 */
 187:Drivers/STM32WBxx_HAL_Driver/Inc/stm32wbxx_ll_bus.h **** #if defined(TIM17)
 188:Drivers/STM32WBxx_HAL_Driver/Inc/stm32wbxx_ll_bus.h **** #define LL_APB2_GRP1_PERIPH_TIM17          RCC_APB2ENR_TIM17EN
 189:Drivers/STM32WBxx_HAL_Driver/Inc/stm32wbxx_ll_bus.h **** #endif /* TIM17 */
 190:Drivers/STM32WBxx_HAL_Driver/Inc/stm32wbxx_ll_bus.h **** #if defined(SAI1)
 191:Drivers/STM32WBxx_HAL_Driver/Inc/stm32wbxx_ll_bus.h **** #define LL_APB2_GRP1_PERIPH_SAI1           RCC_APB2ENR_SAI1EN
 192:Drivers/STM32WBxx_HAL_Driver/Inc/stm32wbxx_ll_bus.h **** #endif /* SAI1 */
 193:Drivers/STM32WBxx_HAL_Driver/Inc/stm32wbxx_ll_bus.h **** /**
 194:Drivers/STM32WBxx_HAL_Driver/Inc/stm32wbxx_ll_bus.h ****   * @}
 195:Drivers/STM32WBxx_HAL_Driver/Inc/stm32wbxx_ll_bus.h ****   */
 196:Drivers/STM32WBxx_HAL_Driver/Inc/stm32wbxx_ll_bus.h **** 
 197:Drivers/STM32WBxx_HAL_Driver/Inc/stm32wbxx_ll_bus.h **** /** @defgroup BUS_LL_EC_APB3_GRP1_PERIPH  APB3 GRP1 PERIPH
 198:Drivers/STM32WBxx_HAL_Driver/Inc/stm32wbxx_ll_bus.h ****   * @{
 199:Drivers/STM32WBxx_HAL_Driver/Inc/stm32wbxx_ll_bus.h ****   */
 200:Drivers/STM32WBxx_HAL_Driver/Inc/stm32wbxx_ll_bus.h **** #define LL_APB3_GRP1_PERIPH_ALL            (0xFFFFFFFFU)
 201:Drivers/STM32WBxx_HAL_Driver/Inc/stm32wbxx_ll_bus.h **** #define LL_APB3_GRP1_PERIPH_RF             RCC_APB3RSTR_RFRST
 202:Drivers/STM32WBxx_HAL_Driver/Inc/stm32wbxx_ll_bus.h **** /**
 203:Drivers/STM32WBxx_HAL_Driver/Inc/stm32wbxx_ll_bus.h ****   * @}
 204:Drivers/STM32WBxx_HAL_Driver/Inc/stm32wbxx_ll_bus.h ****   */
 205:Drivers/STM32WBxx_HAL_Driver/Inc/stm32wbxx_ll_bus.h **** 
 206:Drivers/STM32WBxx_HAL_Driver/Inc/stm32wbxx_ll_bus.h **** 
 207:Drivers/STM32WBxx_HAL_Driver/Inc/stm32wbxx_ll_bus.h **** /** @defgroup BUS_LL_EC_C2_AHB1_GRP1_PERIPH  C2 AHB1 GRP1 PERIPH
 208:Drivers/STM32WBxx_HAL_Driver/Inc/stm32wbxx_ll_bus.h ****   * @{
 209:Drivers/STM32WBxx_HAL_Driver/Inc/stm32wbxx_ll_bus.h ****   */
 210:Drivers/STM32WBxx_HAL_Driver/Inc/stm32wbxx_ll_bus.h **** #define LL_C2_AHB1_GRP1_PERIPH_DMA1         RCC_C2AHB1ENR_DMA1EN
 211:Drivers/STM32WBxx_HAL_Driver/Inc/stm32wbxx_ll_bus.h **** #if defined(DMA2)
 212:Drivers/STM32WBxx_HAL_Driver/Inc/stm32wbxx_ll_bus.h **** #define LL_C2_AHB1_GRP1_PERIPH_DMA2         RCC_C2AHB1ENR_DMA2EN
 213:Drivers/STM32WBxx_HAL_Driver/Inc/stm32wbxx_ll_bus.h **** #endif /* DMA2 */
ARM GAS  /tmp/ccBoaoMw.s 			page 9


 214:Drivers/STM32WBxx_HAL_Driver/Inc/stm32wbxx_ll_bus.h **** #define LL_C2_AHB1_GRP1_PERIPH_DMAMUX1      RCC_C2AHB1ENR_DMAMUX1EN
 215:Drivers/STM32WBxx_HAL_Driver/Inc/stm32wbxx_ll_bus.h **** #define LL_C2_AHB1_GRP1_PERIPH_SRAM1        RCC_C2AHB1ENR_SRAM1EN
 216:Drivers/STM32WBxx_HAL_Driver/Inc/stm32wbxx_ll_bus.h **** #define LL_C2_AHB1_GRP1_PERIPH_CRC          RCC_C2AHB1ENR_CRCEN
 217:Drivers/STM32WBxx_HAL_Driver/Inc/stm32wbxx_ll_bus.h **** #if defined(TSC)
 218:Drivers/STM32WBxx_HAL_Driver/Inc/stm32wbxx_ll_bus.h **** #define LL_C2_AHB1_GRP1_PERIPH_TSC          RCC_C2AHB1ENR_TSCEN
 219:Drivers/STM32WBxx_HAL_Driver/Inc/stm32wbxx_ll_bus.h **** #endif /* TSC */
 220:Drivers/STM32WBxx_HAL_Driver/Inc/stm32wbxx_ll_bus.h **** /**
 221:Drivers/STM32WBxx_HAL_Driver/Inc/stm32wbxx_ll_bus.h ****   * @}
 222:Drivers/STM32WBxx_HAL_Driver/Inc/stm32wbxx_ll_bus.h ****   */
 223:Drivers/STM32WBxx_HAL_Driver/Inc/stm32wbxx_ll_bus.h **** 
 224:Drivers/STM32WBxx_HAL_Driver/Inc/stm32wbxx_ll_bus.h **** 
 225:Drivers/STM32WBxx_HAL_Driver/Inc/stm32wbxx_ll_bus.h **** /** @defgroup BUS_LL_EC_C2_AHB2_GRP1_PERIPH  C2 AHB2 GRP1 PERIPH
 226:Drivers/STM32WBxx_HAL_Driver/Inc/stm32wbxx_ll_bus.h ****   * @{
 227:Drivers/STM32WBxx_HAL_Driver/Inc/stm32wbxx_ll_bus.h ****   */
 228:Drivers/STM32WBxx_HAL_Driver/Inc/stm32wbxx_ll_bus.h **** #define LL_C2_AHB2_GRP1_PERIPH_GPIOA        RCC_C2AHB2ENR_GPIOAEN
 229:Drivers/STM32WBxx_HAL_Driver/Inc/stm32wbxx_ll_bus.h **** #define LL_C2_AHB2_GRP1_PERIPH_GPIOB        RCC_C2AHB2ENR_GPIOBEN
 230:Drivers/STM32WBxx_HAL_Driver/Inc/stm32wbxx_ll_bus.h **** #define LL_C2_AHB2_GRP1_PERIPH_GPIOC        RCC_C2AHB2ENR_GPIOCEN
 231:Drivers/STM32WBxx_HAL_Driver/Inc/stm32wbxx_ll_bus.h **** #if defined(GPIOD)
 232:Drivers/STM32WBxx_HAL_Driver/Inc/stm32wbxx_ll_bus.h **** #define LL_C2_AHB2_GRP1_PERIPH_GPIOD        RCC_C2AHB2ENR_GPIODEN
 233:Drivers/STM32WBxx_HAL_Driver/Inc/stm32wbxx_ll_bus.h **** #endif /* GPIOD */
 234:Drivers/STM32WBxx_HAL_Driver/Inc/stm32wbxx_ll_bus.h **** #define LL_C2_AHB2_GRP1_PERIPH_GPIOE        RCC_C2AHB2ENR_GPIOEEN
 235:Drivers/STM32WBxx_HAL_Driver/Inc/stm32wbxx_ll_bus.h **** #define LL_C2_AHB2_GRP1_PERIPH_GPIOH        RCC_C2AHB2ENR_GPIOHEN
 236:Drivers/STM32WBxx_HAL_Driver/Inc/stm32wbxx_ll_bus.h **** #if defined(ADC_SUPPORT_5_MSPS)
 237:Drivers/STM32WBxx_HAL_Driver/Inc/stm32wbxx_ll_bus.h **** #define LL_C2_AHB2_GRP1_PERIPH_ADC          RCC_C2AHB2ENR_ADCEN
 238:Drivers/STM32WBxx_HAL_Driver/Inc/stm32wbxx_ll_bus.h **** #endif /* ADC_SUPPORT_5_MSPS */
 239:Drivers/STM32WBxx_HAL_Driver/Inc/stm32wbxx_ll_bus.h **** #if defined(AES1)
 240:Drivers/STM32WBxx_HAL_Driver/Inc/stm32wbxx_ll_bus.h **** #define LL_C2_AHB2_GRP1_PERIPH_AES1         RCC_C2AHB2ENR_AES1EN
 241:Drivers/STM32WBxx_HAL_Driver/Inc/stm32wbxx_ll_bus.h **** #endif /* AES1 */
 242:Drivers/STM32WBxx_HAL_Driver/Inc/stm32wbxx_ll_bus.h **** /**
 243:Drivers/STM32WBxx_HAL_Driver/Inc/stm32wbxx_ll_bus.h ****   * @}
 244:Drivers/STM32WBxx_HAL_Driver/Inc/stm32wbxx_ll_bus.h ****   */
 245:Drivers/STM32WBxx_HAL_Driver/Inc/stm32wbxx_ll_bus.h **** 
 246:Drivers/STM32WBxx_HAL_Driver/Inc/stm32wbxx_ll_bus.h **** 
 247:Drivers/STM32WBxx_HAL_Driver/Inc/stm32wbxx_ll_bus.h **** /** @defgroup BUS_LL_EC_C2_AHB3_GRP1_PERIPH  C2 AHB3 GRP1 PERIPH
 248:Drivers/STM32WBxx_HAL_Driver/Inc/stm32wbxx_ll_bus.h ****   * @{
 249:Drivers/STM32WBxx_HAL_Driver/Inc/stm32wbxx_ll_bus.h ****   */
 250:Drivers/STM32WBxx_HAL_Driver/Inc/stm32wbxx_ll_bus.h **** #define LL_C2_AHB3_GRP1_PERIPH_PKA          RCC_C2AHB3ENR_PKAEN
 251:Drivers/STM32WBxx_HAL_Driver/Inc/stm32wbxx_ll_bus.h **** #define LL_C2_AHB3_GRP1_PERIPH_AES2         RCC_C2AHB3ENR_AES2EN
 252:Drivers/STM32WBxx_HAL_Driver/Inc/stm32wbxx_ll_bus.h **** #define LL_C2_AHB3_GRP1_PERIPH_RNG          RCC_C2AHB3ENR_RNGEN
 253:Drivers/STM32WBxx_HAL_Driver/Inc/stm32wbxx_ll_bus.h **** #define LL_C2_AHB3_GRP1_PERIPH_HSEM         RCC_C2AHB3ENR_HSEMEN
 254:Drivers/STM32WBxx_HAL_Driver/Inc/stm32wbxx_ll_bus.h **** #define LL_C2_AHB3_GRP1_PERIPH_IPCC         RCC_C2AHB3ENR_IPCCEN
 255:Drivers/STM32WBxx_HAL_Driver/Inc/stm32wbxx_ll_bus.h **** #define LL_C2_AHB3_GRP1_PERIPH_FLASH        RCC_C2AHB3ENR_FLASHEN
 256:Drivers/STM32WBxx_HAL_Driver/Inc/stm32wbxx_ll_bus.h **** #define LL_C2_AHB3_GRP1_PERIPH_SRAM2        RCC_C2AHB3SMENR_SRAM2SMEN
 257:Drivers/STM32WBxx_HAL_Driver/Inc/stm32wbxx_ll_bus.h **** /**
 258:Drivers/STM32WBxx_HAL_Driver/Inc/stm32wbxx_ll_bus.h ****   * @}
 259:Drivers/STM32WBxx_HAL_Driver/Inc/stm32wbxx_ll_bus.h ****   */
 260:Drivers/STM32WBxx_HAL_Driver/Inc/stm32wbxx_ll_bus.h **** 
 261:Drivers/STM32WBxx_HAL_Driver/Inc/stm32wbxx_ll_bus.h **** 
 262:Drivers/STM32WBxx_HAL_Driver/Inc/stm32wbxx_ll_bus.h **** /** @defgroup BUS_LL_EC_C2_APB1_GRP1_PERIPH  C2 APB1 GRP1 PERIPH
 263:Drivers/STM32WBxx_HAL_Driver/Inc/stm32wbxx_ll_bus.h ****   * @{
 264:Drivers/STM32WBxx_HAL_Driver/Inc/stm32wbxx_ll_bus.h ****   */
 265:Drivers/STM32WBxx_HAL_Driver/Inc/stm32wbxx_ll_bus.h **** #define LL_C2_APB1_GRP1_PERIPH_TIM2         RCC_C2APB1ENR1_TIM2EN
 266:Drivers/STM32WBxx_HAL_Driver/Inc/stm32wbxx_ll_bus.h **** #if defined(LCD)
 267:Drivers/STM32WBxx_HAL_Driver/Inc/stm32wbxx_ll_bus.h **** #define LL_C2_APB1_GRP1_PERIPH_LCD          RCC_C2APB1ENR1_LCDEN
 268:Drivers/STM32WBxx_HAL_Driver/Inc/stm32wbxx_ll_bus.h **** #endif /* LCD */
 269:Drivers/STM32WBxx_HAL_Driver/Inc/stm32wbxx_ll_bus.h **** #define LL_C2_APB1_GRP1_PERIPH_RTCAPB       RCC_C2APB1ENR1_RTCAPBEN
 270:Drivers/STM32WBxx_HAL_Driver/Inc/stm32wbxx_ll_bus.h **** #if defined(SPI2)
ARM GAS  /tmp/ccBoaoMw.s 			page 10


 271:Drivers/STM32WBxx_HAL_Driver/Inc/stm32wbxx_ll_bus.h **** #define LL_C2_APB1_GRP1_PERIPH_SPI2         RCC_C2APB1ENR1_SPI2EN
 272:Drivers/STM32WBxx_HAL_Driver/Inc/stm32wbxx_ll_bus.h **** #endif /* SPI2 */
 273:Drivers/STM32WBxx_HAL_Driver/Inc/stm32wbxx_ll_bus.h **** #define LL_C2_APB1_GRP1_PERIPH_I2C1         RCC_C2APB1ENR1_I2C1EN
 274:Drivers/STM32WBxx_HAL_Driver/Inc/stm32wbxx_ll_bus.h **** #if defined(I2C3)
 275:Drivers/STM32WBxx_HAL_Driver/Inc/stm32wbxx_ll_bus.h **** #define LL_C2_APB1_GRP1_PERIPH_I2C3         RCC_C2APB1ENR1_I2C3EN
 276:Drivers/STM32WBxx_HAL_Driver/Inc/stm32wbxx_ll_bus.h **** #define LL_C2_APB1_GRP1_PERIPH_CRS          RCC_C2APB1ENR1_CRSEN
 277:Drivers/STM32WBxx_HAL_Driver/Inc/stm32wbxx_ll_bus.h **** #define LL_C2_APB1_GRP1_PERIPH_USB          RCC_C2APB1ENR1_USBEN
 278:Drivers/STM32WBxx_HAL_Driver/Inc/stm32wbxx_ll_bus.h **** #endif /* I2C3 */
 279:Drivers/STM32WBxx_HAL_Driver/Inc/stm32wbxx_ll_bus.h **** #define LL_C2_APB1_GRP1_PERIPH_LPTIM1       RCC_C2APB1ENR1_LPTIM1EN
 280:Drivers/STM32WBxx_HAL_Driver/Inc/stm32wbxx_ll_bus.h **** /**
 281:Drivers/STM32WBxx_HAL_Driver/Inc/stm32wbxx_ll_bus.h ****   * @}
 282:Drivers/STM32WBxx_HAL_Driver/Inc/stm32wbxx_ll_bus.h ****   */
 283:Drivers/STM32WBxx_HAL_Driver/Inc/stm32wbxx_ll_bus.h **** 
 284:Drivers/STM32WBxx_HAL_Driver/Inc/stm32wbxx_ll_bus.h **** 
 285:Drivers/STM32WBxx_HAL_Driver/Inc/stm32wbxx_ll_bus.h **** /** @defgroup BUS_LL_EC_C2_APB1_GRP2_PERIPH  C2 APB1 GRP2 PERIPH
 286:Drivers/STM32WBxx_HAL_Driver/Inc/stm32wbxx_ll_bus.h ****   * @{
 287:Drivers/STM32WBxx_HAL_Driver/Inc/stm32wbxx_ll_bus.h ****   */
 288:Drivers/STM32WBxx_HAL_Driver/Inc/stm32wbxx_ll_bus.h **** #if defined(LPUART1)
 289:Drivers/STM32WBxx_HAL_Driver/Inc/stm32wbxx_ll_bus.h **** #define LL_C2_APB1_GRP2_PERIPH_LPUART1      RCC_C2APB1ENR2_LPUART1EN
 290:Drivers/STM32WBxx_HAL_Driver/Inc/stm32wbxx_ll_bus.h **** #endif /* LPUART1 */
 291:Drivers/STM32WBxx_HAL_Driver/Inc/stm32wbxx_ll_bus.h **** #define LL_C2_APB1_GRP2_PERIPH_LPTIM2       RCC_C2APB1ENR2_LPTIM2EN
 292:Drivers/STM32WBxx_HAL_Driver/Inc/stm32wbxx_ll_bus.h **** /**
 293:Drivers/STM32WBxx_HAL_Driver/Inc/stm32wbxx_ll_bus.h ****   * @}
 294:Drivers/STM32WBxx_HAL_Driver/Inc/stm32wbxx_ll_bus.h ****   */
 295:Drivers/STM32WBxx_HAL_Driver/Inc/stm32wbxx_ll_bus.h **** 
 296:Drivers/STM32WBxx_HAL_Driver/Inc/stm32wbxx_ll_bus.h **** 
 297:Drivers/STM32WBxx_HAL_Driver/Inc/stm32wbxx_ll_bus.h **** /** @defgroup BUS_LL_EC_C2_APB2_GRP1_PERIPH  C2 APB2 GRP1 PERIPH
 298:Drivers/STM32WBxx_HAL_Driver/Inc/stm32wbxx_ll_bus.h ****   * @{
 299:Drivers/STM32WBxx_HAL_Driver/Inc/stm32wbxx_ll_bus.h ****   */
 300:Drivers/STM32WBxx_HAL_Driver/Inc/stm32wbxx_ll_bus.h **** #if defined(ADC_SUPPORT_2_5_MSPS)
 301:Drivers/STM32WBxx_HAL_Driver/Inc/stm32wbxx_ll_bus.h **** #define LL_C2_APB2_GRP1_PERIPH_ADC          RCC_C2APB2ENR_ADCEN
 302:Drivers/STM32WBxx_HAL_Driver/Inc/stm32wbxx_ll_bus.h **** #endif /* ADC_SUPPORT_5_MSPS */
 303:Drivers/STM32WBxx_HAL_Driver/Inc/stm32wbxx_ll_bus.h **** #define LL_C2_APB2_GRP1_PERIPH_TIM1         RCC_C2APB2ENR_TIM1EN
 304:Drivers/STM32WBxx_HAL_Driver/Inc/stm32wbxx_ll_bus.h **** #define LL_C2_APB2_GRP1_PERIPH_SPI1         RCC_C2APB2ENR_SPI1EN
 305:Drivers/STM32WBxx_HAL_Driver/Inc/stm32wbxx_ll_bus.h **** #define LL_C2_APB2_GRP1_PERIPH_USART1       RCC_C2APB2ENR_USART1EN
 306:Drivers/STM32WBxx_HAL_Driver/Inc/stm32wbxx_ll_bus.h **** #if defined(TIM16)
 307:Drivers/STM32WBxx_HAL_Driver/Inc/stm32wbxx_ll_bus.h **** #define LL_C2_APB2_GRP1_PERIPH_TIM16        RCC_C2APB2ENR_TIM16EN
 308:Drivers/STM32WBxx_HAL_Driver/Inc/stm32wbxx_ll_bus.h **** #endif /* TIM16 */
 309:Drivers/STM32WBxx_HAL_Driver/Inc/stm32wbxx_ll_bus.h **** #if defined(TIM17)
 310:Drivers/STM32WBxx_HAL_Driver/Inc/stm32wbxx_ll_bus.h **** #define LL_C2_APB2_GRP1_PERIPH_TIM17        RCC_C2APB2ENR_TIM17EN
 311:Drivers/STM32WBxx_HAL_Driver/Inc/stm32wbxx_ll_bus.h **** #endif /* TIM17 */
 312:Drivers/STM32WBxx_HAL_Driver/Inc/stm32wbxx_ll_bus.h **** #if defined(SAI1)
 313:Drivers/STM32WBxx_HAL_Driver/Inc/stm32wbxx_ll_bus.h **** #define LL_C2_APB2_GRP1_PERIPH_SAI1         RCC_C2APB2ENR_SAI1EN
 314:Drivers/STM32WBxx_HAL_Driver/Inc/stm32wbxx_ll_bus.h **** #endif /* SAI1 */
 315:Drivers/STM32WBxx_HAL_Driver/Inc/stm32wbxx_ll_bus.h **** /**
 316:Drivers/STM32WBxx_HAL_Driver/Inc/stm32wbxx_ll_bus.h ****   * @}
 317:Drivers/STM32WBxx_HAL_Driver/Inc/stm32wbxx_ll_bus.h ****   */
 318:Drivers/STM32WBxx_HAL_Driver/Inc/stm32wbxx_ll_bus.h **** 
 319:Drivers/STM32WBxx_HAL_Driver/Inc/stm32wbxx_ll_bus.h **** 
 320:Drivers/STM32WBxx_HAL_Driver/Inc/stm32wbxx_ll_bus.h **** /** @defgroup BUS_LL_EC_C2_APB3_GRP1_PERIPH  C2 APB3 GRP1 PERIPH
 321:Drivers/STM32WBxx_HAL_Driver/Inc/stm32wbxx_ll_bus.h ****   * @{
 322:Drivers/STM32WBxx_HAL_Driver/Inc/stm32wbxx_ll_bus.h ****   */
 323:Drivers/STM32WBxx_HAL_Driver/Inc/stm32wbxx_ll_bus.h **** #define LL_C2_APB3_GRP1_PERIPH_BLE          RCC_C2APB3ENR_BLEEN
 324:Drivers/STM32WBxx_HAL_Driver/Inc/stm32wbxx_ll_bus.h **** #if defined(RCC_802_SUPPORT)
 325:Drivers/STM32WBxx_HAL_Driver/Inc/stm32wbxx_ll_bus.h **** #define LL_C2_APB3_GRP1_PERIPH_802          RCC_C2APB3ENR_802EN
 326:Drivers/STM32WBxx_HAL_Driver/Inc/stm32wbxx_ll_bus.h **** #endif /* RCC_802_SUPPORT */
 327:Drivers/STM32WBxx_HAL_Driver/Inc/stm32wbxx_ll_bus.h **** /**
ARM GAS  /tmp/ccBoaoMw.s 			page 11


 328:Drivers/STM32WBxx_HAL_Driver/Inc/stm32wbxx_ll_bus.h ****   * @}
 329:Drivers/STM32WBxx_HAL_Driver/Inc/stm32wbxx_ll_bus.h ****   */
 330:Drivers/STM32WBxx_HAL_Driver/Inc/stm32wbxx_ll_bus.h **** 
 331:Drivers/STM32WBxx_HAL_Driver/Inc/stm32wbxx_ll_bus.h **** 
 332:Drivers/STM32WBxx_HAL_Driver/Inc/stm32wbxx_ll_bus.h **** /**
 333:Drivers/STM32WBxx_HAL_Driver/Inc/stm32wbxx_ll_bus.h ****   * @}
 334:Drivers/STM32WBxx_HAL_Driver/Inc/stm32wbxx_ll_bus.h ****   */
 335:Drivers/STM32WBxx_HAL_Driver/Inc/stm32wbxx_ll_bus.h **** 
 336:Drivers/STM32WBxx_HAL_Driver/Inc/stm32wbxx_ll_bus.h **** /* Exported macro ------------------------------------------------------------*/
 337:Drivers/STM32WBxx_HAL_Driver/Inc/stm32wbxx_ll_bus.h **** 
 338:Drivers/STM32WBxx_HAL_Driver/Inc/stm32wbxx_ll_bus.h **** /* Exported functions --------------------------------------------------------*/
 339:Drivers/STM32WBxx_HAL_Driver/Inc/stm32wbxx_ll_bus.h **** 
 340:Drivers/STM32WBxx_HAL_Driver/Inc/stm32wbxx_ll_bus.h **** /** @defgroup BUS_LL_Exported_Functions BUS Exported Functions
 341:Drivers/STM32WBxx_HAL_Driver/Inc/stm32wbxx_ll_bus.h ****   * @{
 342:Drivers/STM32WBxx_HAL_Driver/Inc/stm32wbxx_ll_bus.h ****   */
 343:Drivers/STM32WBxx_HAL_Driver/Inc/stm32wbxx_ll_bus.h **** 
 344:Drivers/STM32WBxx_HAL_Driver/Inc/stm32wbxx_ll_bus.h **** /** @defgroup BUS_LL_EF_AHB1 AHB1
 345:Drivers/STM32WBxx_HAL_Driver/Inc/stm32wbxx_ll_bus.h ****   * @{
 346:Drivers/STM32WBxx_HAL_Driver/Inc/stm32wbxx_ll_bus.h ****   */
 347:Drivers/STM32WBxx_HAL_Driver/Inc/stm32wbxx_ll_bus.h **** 
 348:Drivers/STM32WBxx_HAL_Driver/Inc/stm32wbxx_ll_bus.h **** /**
 349:Drivers/STM32WBxx_HAL_Driver/Inc/stm32wbxx_ll_bus.h ****   * @brief  Enable AHB1 peripherals clock.
 350:Drivers/STM32WBxx_HAL_Driver/Inc/stm32wbxx_ll_bus.h ****   * @rmtoll AHB1ENR      DMA1EN        LL_AHB1_GRP1_EnableClock\n
 351:Drivers/STM32WBxx_HAL_Driver/Inc/stm32wbxx_ll_bus.h ****   *         AHB1ENR      DMA2EN        LL_AHB1_GRP1_EnableClock\n
 352:Drivers/STM32WBxx_HAL_Driver/Inc/stm32wbxx_ll_bus.h ****   *         AHB1ENR      DMAMUX1EN      LL_AHB1_GRP1_EnableClock\n
 353:Drivers/STM32WBxx_HAL_Driver/Inc/stm32wbxx_ll_bus.h ****   *         AHB1ENR      CRCEN         LL_AHB1_GRP1_EnableClock\n
 354:Drivers/STM32WBxx_HAL_Driver/Inc/stm32wbxx_ll_bus.h ****   *         AHB1ENR      TSCEN         LL_AHB1_GRP1_EnableClock
 355:Drivers/STM32WBxx_HAL_Driver/Inc/stm32wbxx_ll_bus.h ****   * @param  Periphs This parameter can be a combination of the following values:
 356:Drivers/STM32WBxx_HAL_Driver/Inc/stm32wbxx_ll_bus.h ****   *         @arg @ref LL_AHB1_GRP1_PERIPH_DMA1
 357:Drivers/STM32WBxx_HAL_Driver/Inc/stm32wbxx_ll_bus.h ****   *         @arg @ref LL_AHB1_GRP1_PERIPH_DMA2 (*)
 358:Drivers/STM32WBxx_HAL_Driver/Inc/stm32wbxx_ll_bus.h ****   *         @arg @ref LL_AHB1_GRP1_PERIPH_DMAMUX1
 359:Drivers/STM32WBxx_HAL_Driver/Inc/stm32wbxx_ll_bus.h ****   *         @arg @ref LL_AHB1_GRP1_PERIPH_CRC
 360:Drivers/STM32WBxx_HAL_Driver/Inc/stm32wbxx_ll_bus.h ****   *         @arg @ref LL_AHB1_GRP1_PERIPH_TSC
 361:Drivers/STM32WBxx_HAL_Driver/Inc/stm32wbxx_ll_bus.h ****   * @note  (*) Not supported by all the devices
 362:Drivers/STM32WBxx_HAL_Driver/Inc/stm32wbxx_ll_bus.h ****   * @retval None
 363:Drivers/STM32WBxx_HAL_Driver/Inc/stm32wbxx_ll_bus.h ****   */
 364:Drivers/STM32WBxx_HAL_Driver/Inc/stm32wbxx_ll_bus.h **** __STATIC_INLINE void LL_AHB1_GRP1_EnableClock(uint32_t Periphs)
 365:Drivers/STM32WBxx_HAL_Driver/Inc/stm32wbxx_ll_bus.h **** {
 366:Drivers/STM32WBxx_HAL_Driver/Inc/stm32wbxx_ll_bus.h ****   __IO uint32_t tmpreg;
 367:Drivers/STM32WBxx_HAL_Driver/Inc/stm32wbxx_ll_bus.h ****   SET_BIT(RCC->AHB1ENR, Periphs);
 368:Drivers/STM32WBxx_HAL_Driver/Inc/stm32wbxx_ll_bus.h ****   /* Delay after an RCC peripheral clock enabling */
 369:Drivers/STM32WBxx_HAL_Driver/Inc/stm32wbxx_ll_bus.h ****   tmpreg = READ_BIT(RCC->AHB1ENR, Periphs);
 370:Drivers/STM32WBxx_HAL_Driver/Inc/stm32wbxx_ll_bus.h ****   (void)tmpreg;
 371:Drivers/STM32WBxx_HAL_Driver/Inc/stm32wbxx_ll_bus.h **** }
 372:Drivers/STM32WBxx_HAL_Driver/Inc/stm32wbxx_ll_bus.h **** 
 373:Drivers/STM32WBxx_HAL_Driver/Inc/stm32wbxx_ll_bus.h **** /**
 374:Drivers/STM32WBxx_HAL_Driver/Inc/stm32wbxx_ll_bus.h ****   * @brief  Check if AHB1 peripheral clock is enabled or not
 375:Drivers/STM32WBxx_HAL_Driver/Inc/stm32wbxx_ll_bus.h ****   * @rmtoll AHB1ENR      DMA1EN        LL_AHB1_GRP1_IsEnabledClock\n
 376:Drivers/STM32WBxx_HAL_Driver/Inc/stm32wbxx_ll_bus.h ****   *         AHB1ENR      DMA2EN        LL_AHB1_GRP1_IsEnabledClock\n
 377:Drivers/STM32WBxx_HAL_Driver/Inc/stm32wbxx_ll_bus.h ****   *         AHB1ENR      DMAMUX1EN      LL_AHB1_GRP1_IsEnabledClock\n
 378:Drivers/STM32WBxx_HAL_Driver/Inc/stm32wbxx_ll_bus.h ****   *         AHB1ENR      CRCEN         LL_AHB1_GRP1_IsEnabledClock\n
 379:Drivers/STM32WBxx_HAL_Driver/Inc/stm32wbxx_ll_bus.h ****   *         AHB1ENR      TSCEN         LL_AHB1_GRP1_IsEnabledClock
 380:Drivers/STM32WBxx_HAL_Driver/Inc/stm32wbxx_ll_bus.h ****   * @param  Periphs This parameter can be a combination of the following values:
 381:Drivers/STM32WBxx_HAL_Driver/Inc/stm32wbxx_ll_bus.h ****   *         @arg @ref LL_AHB1_GRP1_PERIPH_DMA1
 382:Drivers/STM32WBxx_HAL_Driver/Inc/stm32wbxx_ll_bus.h ****   *         @arg @ref LL_AHB1_GRP1_PERIPH_DMA2 (*)
 383:Drivers/STM32WBxx_HAL_Driver/Inc/stm32wbxx_ll_bus.h ****   *         @arg @ref LL_AHB1_GRP1_PERIPH_DMAMUX1
 384:Drivers/STM32WBxx_HAL_Driver/Inc/stm32wbxx_ll_bus.h ****   *         @arg @ref LL_AHB1_GRP1_PERIPH_CRC
ARM GAS  /tmp/ccBoaoMw.s 			page 12


 385:Drivers/STM32WBxx_HAL_Driver/Inc/stm32wbxx_ll_bus.h ****   *         @arg @ref LL_AHB1_GRP1_PERIPH_TSC
 386:Drivers/STM32WBxx_HAL_Driver/Inc/stm32wbxx_ll_bus.h ****   * @note  (*) Not supported by all the devices
 387:Drivers/STM32WBxx_HAL_Driver/Inc/stm32wbxx_ll_bus.h ****   * @retval uint32_t
 388:Drivers/STM32WBxx_HAL_Driver/Inc/stm32wbxx_ll_bus.h ****   */
 389:Drivers/STM32WBxx_HAL_Driver/Inc/stm32wbxx_ll_bus.h **** __STATIC_INLINE uint32_t LL_AHB1_GRP1_IsEnabledClock(uint32_t Periphs)
 390:Drivers/STM32WBxx_HAL_Driver/Inc/stm32wbxx_ll_bus.h **** {
 391:Drivers/STM32WBxx_HAL_Driver/Inc/stm32wbxx_ll_bus.h ****   return ((READ_BIT(RCC->AHB1ENR, Periphs) == (Periphs)) ? 1UL : 0UL);
 392:Drivers/STM32WBxx_HAL_Driver/Inc/stm32wbxx_ll_bus.h **** }
 393:Drivers/STM32WBxx_HAL_Driver/Inc/stm32wbxx_ll_bus.h **** 
 394:Drivers/STM32WBxx_HAL_Driver/Inc/stm32wbxx_ll_bus.h **** /**
 395:Drivers/STM32WBxx_HAL_Driver/Inc/stm32wbxx_ll_bus.h ****   * @brief  Disable AHB1 peripherals clock.
 396:Drivers/STM32WBxx_HAL_Driver/Inc/stm32wbxx_ll_bus.h ****   * @rmtoll AHB1ENR      DMA1EN        LL_AHB1_GRP1_DisableClock\n
 397:Drivers/STM32WBxx_HAL_Driver/Inc/stm32wbxx_ll_bus.h ****   *         AHB1ENR      DMA2EN        LL_AHB1_GRP1_DisableClock\n
 398:Drivers/STM32WBxx_HAL_Driver/Inc/stm32wbxx_ll_bus.h ****   *         AHB1ENR      DMAMUX1EN      LL_AHB1_GRP1_DisableClock\n
 399:Drivers/STM32WBxx_HAL_Driver/Inc/stm32wbxx_ll_bus.h ****   *         AHB1ENR      CRCEN         LL_AHB1_GRP1_DisableClock\n
 400:Drivers/STM32WBxx_HAL_Driver/Inc/stm32wbxx_ll_bus.h ****   *         AHB1ENR      TSCEN         LL_AHB1_GRP1_DisableClock
 401:Drivers/STM32WBxx_HAL_Driver/Inc/stm32wbxx_ll_bus.h ****   * @param  Periphs This parameter can be a combination of the following values:
 402:Drivers/STM32WBxx_HAL_Driver/Inc/stm32wbxx_ll_bus.h ****   *         @arg @ref LL_AHB1_GRP1_PERIPH_DMA1
 403:Drivers/STM32WBxx_HAL_Driver/Inc/stm32wbxx_ll_bus.h ****   *         @arg @ref LL_AHB1_GRP1_PERIPH_DMA2 (*)
 404:Drivers/STM32WBxx_HAL_Driver/Inc/stm32wbxx_ll_bus.h ****   *         @arg @ref LL_AHB1_GRP1_PERIPH_DMAMUX1
 405:Drivers/STM32WBxx_HAL_Driver/Inc/stm32wbxx_ll_bus.h ****   *         @arg @ref LL_AHB1_GRP1_PERIPH_CRC
 406:Drivers/STM32WBxx_HAL_Driver/Inc/stm32wbxx_ll_bus.h ****   *         @arg @ref LL_AHB1_GRP1_PERIPH_TSC
 407:Drivers/STM32WBxx_HAL_Driver/Inc/stm32wbxx_ll_bus.h ****   * @note  (*) Not supported by all the devices
 408:Drivers/STM32WBxx_HAL_Driver/Inc/stm32wbxx_ll_bus.h ****   * @retval None
 409:Drivers/STM32WBxx_HAL_Driver/Inc/stm32wbxx_ll_bus.h ****   */
 410:Drivers/STM32WBxx_HAL_Driver/Inc/stm32wbxx_ll_bus.h **** __STATIC_INLINE void LL_AHB1_GRP1_DisableClock(uint32_t Periphs)
 411:Drivers/STM32WBxx_HAL_Driver/Inc/stm32wbxx_ll_bus.h **** {
 412:Drivers/STM32WBxx_HAL_Driver/Inc/stm32wbxx_ll_bus.h ****   CLEAR_BIT(RCC->AHB1ENR, Periphs);
 413:Drivers/STM32WBxx_HAL_Driver/Inc/stm32wbxx_ll_bus.h **** }
 414:Drivers/STM32WBxx_HAL_Driver/Inc/stm32wbxx_ll_bus.h **** 
 415:Drivers/STM32WBxx_HAL_Driver/Inc/stm32wbxx_ll_bus.h **** /**
 416:Drivers/STM32WBxx_HAL_Driver/Inc/stm32wbxx_ll_bus.h ****   * @brief  Force AHB1 peripherals reset.
 417:Drivers/STM32WBxx_HAL_Driver/Inc/stm32wbxx_ll_bus.h ****   * @rmtoll AHB1RSTR     DMA1RST       LL_AHB1_GRP1_ForceReset\n
 418:Drivers/STM32WBxx_HAL_Driver/Inc/stm32wbxx_ll_bus.h ****   *         AHB1RSTR     DMA2RST       LL_AHB1_GRP1_ForceReset\n
 419:Drivers/STM32WBxx_HAL_Driver/Inc/stm32wbxx_ll_bus.h ****   *         AHB1RSTR     DMAMUX1RST     LL_AHB1_GRP1_ForceReset\n
 420:Drivers/STM32WBxx_HAL_Driver/Inc/stm32wbxx_ll_bus.h ****   *         AHB1RSTR     CRCRST        LL_AHB1_GRP1_ForceReset\n
 421:Drivers/STM32WBxx_HAL_Driver/Inc/stm32wbxx_ll_bus.h ****   *         AHB1RSTR     TSCRST        LL_AHB1_GRP1_ForceReset
 422:Drivers/STM32WBxx_HAL_Driver/Inc/stm32wbxx_ll_bus.h ****   * @param  Periphs This parameter can be a combination of the following values:
 423:Drivers/STM32WBxx_HAL_Driver/Inc/stm32wbxx_ll_bus.h ****   *         @arg @ref LL_AHB1_GRP1_PERIPH_ALL
 424:Drivers/STM32WBxx_HAL_Driver/Inc/stm32wbxx_ll_bus.h ****   *         @arg @ref LL_AHB1_GRP1_PERIPH_DMA1
 425:Drivers/STM32WBxx_HAL_Driver/Inc/stm32wbxx_ll_bus.h ****   *         @arg @ref LL_AHB1_GRP1_PERIPH_DMA2 (*)
 426:Drivers/STM32WBxx_HAL_Driver/Inc/stm32wbxx_ll_bus.h ****   *         @arg @ref LL_AHB1_GRP1_PERIPH_DMAMUX1
 427:Drivers/STM32WBxx_HAL_Driver/Inc/stm32wbxx_ll_bus.h ****   *         @arg @ref LL_AHB1_GRP1_PERIPH_CRC
 428:Drivers/STM32WBxx_HAL_Driver/Inc/stm32wbxx_ll_bus.h ****   *         @arg @ref LL_AHB1_GRP1_PERIPH_TSC
 429:Drivers/STM32WBxx_HAL_Driver/Inc/stm32wbxx_ll_bus.h ****   * @note  (*) Not supported by all the devices
 430:Drivers/STM32WBxx_HAL_Driver/Inc/stm32wbxx_ll_bus.h ****   * @retval None
 431:Drivers/STM32WBxx_HAL_Driver/Inc/stm32wbxx_ll_bus.h ****   */
 432:Drivers/STM32WBxx_HAL_Driver/Inc/stm32wbxx_ll_bus.h **** __STATIC_INLINE void LL_AHB1_GRP1_ForceReset(uint32_t Periphs)
 433:Drivers/STM32WBxx_HAL_Driver/Inc/stm32wbxx_ll_bus.h **** {
 434:Drivers/STM32WBxx_HAL_Driver/Inc/stm32wbxx_ll_bus.h ****   SET_BIT(RCC->AHB1RSTR, Periphs);
 435:Drivers/STM32WBxx_HAL_Driver/Inc/stm32wbxx_ll_bus.h **** }
 436:Drivers/STM32WBxx_HAL_Driver/Inc/stm32wbxx_ll_bus.h **** 
 437:Drivers/STM32WBxx_HAL_Driver/Inc/stm32wbxx_ll_bus.h **** /**
 438:Drivers/STM32WBxx_HAL_Driver/Inc/stm32wbxx_ll_bus.h ****   * @brief  Release AHB1 peripherals reset.
 439:Drivers/STM32WBxx_HAL_Driver/Inc/stm32wbxx_ll_bus.h ****   * @rmtoll AHB1RSTR     DMA1RST       LL_AHB1_GRP1_ReleaseReset\n
 440:Drivers/STM32WBxx_HAL_Driver/Inc/stm32wbxx_ll_bus.h ****   *         AHB1RSTR     DMA2RST       LL_AHB1_GRP1_ReleaseReset\n
 441:Drivers/STM32WBxx_HAL_Driver/Inc/stm32wbxx_ll_bus.h ****   *         AHB1RSTR     DMAMUX1RST     LL_AHB1_GRP1_ReleaseReset\n
ARM GAS  /tmp/ccBoaoMw.s 			page 13


 442:Drivers/STM32WBxx_HAL_Driver/Inc/stm32wbxx_ll_bus.h ****   *         AHB1RSTR     CRCRST        LL_AHB1_GRP1_ReleaseReset\n
 443:Drivers/STM32WBxx_HAL_Driver/Inc/stm32wbxx_ll_bus.h ****   *         AHB1RSTR     TSCRST        LL_AHB1_GRP1_ReleaseReset
 444:Drivers/STM32WBxx_HAL_Driver/Inc/stm32wbxx_ll_bus.h ****   * @param  Periphs This parameter can be a combination of the following values:
 445:Drivers/STM32WBxx_HAL_Driver/Inc/stm32wbxx_ll_bus.h ****   *         @arg @ref LL_AHB1_GRP1_PERIPH_ALL
 446:Drivers/STM32WBxx_HAL_Driver/Inc/stm32wbxx_ll_bus.h ****   *         @arg @ref LL_AHB1_GRP1_PERIPH_DMA1
 447:Drivers/STM32WBxx_HAL_Driver/Inc/stm32wbxx_ll_bus.h ****   *         @arg @ref LL_AHB1_GRP1_PERIPH_DMA2 (*)
 448:Drivers/STM32WBxx_HAL_Driver/Inc/stm32wbxx_ll_bus.h ****   *         @arg @ref LL_AHB1_GRP1_PERIPH_DMAMUX1
 449:Drivers/STM32WBxx_HAL_Driver/Inc/stm32wbxx_ll_bus.h ****   *         @arg @ref LL_AHB1_GRP1_PERIPH_CRC
 450:Drivers/STM32WBxx_HAL_Driver/Inc/stm32wbxx_ll_bus.h ****   *         @arg @ref LL_AHB1_GRP1_PERIPH_TSC
 451:Drivers/STM32WBxx_HAL_Driver/Inc/stm32wbxx_ll_bus.h ****   * @note  (*) Not supported by all the devices
 452:Drivers/STM32WBxx_HAL_Driver/Inc/stm32wbxx_ll_bus.h ****   * @retval None
 453:Drivers/STM32WBxx_HAL_Driver/Inc/stm32wbxx_ll_bus.h ****   */
 454:Drivers/STM32WBxx_HAL_Driver/Inc/stm32wbxx_ll_bus.h **** __STATIC_INLINE void LL_AHB1_GRP1_ReleaseReset(uint32_t Periphs)
 455:Drivers/STM32WBxx_HAL_Driver/Inc/stm32wbxx_ll_bus.h **** {
 456:Drivers/STM32WBxx_HAL_Driver/Inc/stm32wbxx_ll_bus.h ****   CLEAR_BIT(RCC->AHB1RSTR, Periphs);
 457:Drivers/STM32WBxx_HAL_Driver/Inc/stm32wbxx_ll_bus.h **** }
 458:Drivers/STM32WBxx_HAL_Driver/Inc/stm32wbxx_ll_bus.h **** 
 459:Drivers/STM32WBxx_HAL_Driver/Inc/stm32wbxx_ll_bus.h **** /**
 460:Drivers/STM32WBxx_HAL_Driver/Inc/stm32wbxx_ll_bus.h ****   * @brief  Enable AHB1 peripherals clock during Low Power (Sleep) mode.
 461:Drivers/STM32WBxx_HAL_Driver/Inc/stm32wbxx_ll_bus.h ****   * @rmtoll AHB1SMENR    DMA1SMEN      LL_AHB1_GRP1_EnableClockSleep\n
 462:Drivers/STM32WBxx_HAL_Driver/Inc/stm32wbxx_ll_bus.h ****   *         AHB1SMENR    DMA2SMEN      LL_AHB1_GRP1_EnableClockSleep\n
 463:Drivers/STM32WBxx_HAL_Driver/Inc/stm32wbxx_ll_bus.h ****   *         AHB1SMENR    DMAMUX1SMEN    LL_AHB1_GRP1_EnableClockSleep\n
 464:Drivers/STM32WBxx_HAL_Driver/Inc/stm32wbxx_ll_bus.h ****   *         AHB1SMENR    SRAM1SMEN     LL_AHB1_GRP1_EnableClockSleep\n
 465:Drivers/STM32WBxx_HAL_Driver/Inc/stm32wbxx_ll_bus.h ****   *         AHB1SMENR    CRCSMEN       LL_AHB1_GRP1_EnableClockSleep\n
 466:Drivers/STM32WBxx_HAL_Driver/Inc/stm32wbxx_ll_bus.h ****   *         AHB1SMENR    TSCSMEN       LL_AHB1_GRP1_EnableClockSleep
 467:Drivers/STM32WBxx_HAL_Driver/Inc/stm32wbxx_ll_bus.h ****   * @param  Periphs This parameter can be a combination of the following values:
 468:Drivers/STM32WBxx_HAL_Driver/Inc/stm32wbxx_ll_bus.h ****   *         @arg @ref LL_AHB1_GRP1_PERIPH_DMA1
 469:Drivers/STM32WBxx_HAL_Driver/Inc/stm32wbxx_ll_bus.h ****   *         @arg @ref LL_AHB1_GRP1_PERIPH_DMA2 (*)
 470:Drivers/STM32WBxx_HAL_Driver/Inc/stm32wbxx_ll_bus.h ****   *         @arg @ref LL_AHB1_GRP1_PERIPH_DMAMUX1
 471:Drivers/STM32WBxx_HAL_Driver/Inc/stm32wbxx_ll_bus.h ****   *         @arg @ref LL_AHB1_GRP1_PERIPH_SRAM1
 472:Drivers/STM32WBxx_HAL_Driver/Inc/stm32wbxx_ll_bus.h ****   *         @arg @ref LL_AHB1_GRP1_PERIPH_CRC
 473:Drivers/STM32WBxx_HAL_Driver/Inc/stm32wbxx_ll_bus.h ****   *         @arg @ref LL_AHB1_GRP1_PERIPH_TSC
 474:Drivers/STM32WBxx_HAL_Driver/Inc/stm32wbxx_ll_bus.h ****   * @note  (*) Not supported by all the devices
 475:Drivers/STM32WBxx_HAL_Driver/Inc/stm32wbxx_ll_bus.h ****   * @retval None
 476:Drivers/STM32WBxx_HAL_Driver/Inc/stm32wbxx_ll_bus.h ****   */
 477:Drivers/STM32WBxx_HAL_Driver/Inc/stm32wbxx_ll_bus.h **** __STATIC_INLINE void LL_AHB1_GRP1_EnableClockSleep(uint32_t Periphs)
 478:Drivers/STM32WBxx_HAL_Driver/Inc/stm32wbxx_ll_bus.h **** {
 479:Drivers/STM32WBxx_HAL_Driver/Inc/stm32wbxx_ll_bus.h ****   __IO uint32_t tmpreg;
 480:Drivers/STM32WBxx_HAL_Driver/Inc/stm32wbxx_ll_bus.h ****   SET_BIT(RCC->AHB1SMENR, Periphs);
 481:Drivers/STM32WBxx_HAL_Driver/Inc/stm32wbxx_ll_bus.h ****   /* Delay after an RCC peripheral clock enabling */
 482:Drivers/STM32WBxx_HAL_Driver/Inc/stm32wbxx_ll_bus.h ****   tmpreg = READ_BIT(RCC->AHB1SMENR, Periphs);
 483:Drivers/STM32WBxx_HAL_Driver/Inc/stm32wbxx_ll_bus.h ****   (void)tmpreg;
 484:Drivers/STM32WBxx_HAL_Driver/Inc/stm32wbxx_ll_bus.h **** }
 485:Drivers/STM32WBxx_HAL_Driver/Inc/stm32wbxx_ll_bus.h **** 
 486:Drivers/STM32WBxx_HAL_Driver/Inc/stm32wbxx_ll_bus.h **** /**
 487:Drivers/STM32WBxx_HAL_Driver/Inc/stm32wbxx_ll_bus.h ****   * @brief  Disable AHB1 peripherals clock during Low Power (Sleep) mode.
 488:Drivers/STM32WBxx_HAL_Driver/Inc/stm32wbxx_ll_bus.h ****   * @rmtoll AHB1SMENR    DMA1SMEN      LL_AHB1_GRP1_DisableClockSleep\n
 489:Drivers/STM32WBxx_HAL_Driver/Inc/stm32wbxx_ll_bus.h ****   *         AHB1SMENR    DMA2SMEN      LL_AHB1_GRP1_DisableClockSleep\n
 490:Drivers/STM32WBxx_HAL_Driver/Inc/stm32wbxx_ll_bus.h ****   *         AHB1SMENR    DMAMUX1SMEN    LL_AHB1_GRP1_DisableClockSleep\n
 491:Drivers/STM32WBxx_HAL_Driver/Inc/stm32wbxx_ll_bus.h ****   *         AHB1SMENR    SRAM1SMEN     LL_AHB1_GRP1_DisableClockSleep\n
 492:Drivers/STM32WBxx_HAL_Driver/Inc/stm32wbxx_ll_bus.h ****   *         AHB1SMENR    CRCSMEN       LL_AHB1_GRP1_DisableClockSleep\n
 493:Drivers/STM32WBxx_HAL_Driver/Inc/stm32wbxx_ll_bus.h ****   *         AHB1SMENR    TSCSMEN       LL_AHB1_GRP1_DisableClockSleep
 494:Drivers/STM32WBxx_HAL_Driver/Inc/stm32wbxx_ll_bus.h ****   * @param  Periphs This parameter can be a combination of the following values:
 495:Drivers/STM32WBxx_HAL_Driver/Inc/stm32wbxx_ll_bus.h ****   *         @arg @ref LL_AHB1_GRP1_PERIPH_DMA1
 496:Drivers/STM32WBxx_HAL_Driver/Inc/stm32wbxx_ll_bus.h ****   *         @arg @ref LL_AHB1_GRP1_PERIPH_DMA2 (*)
 497:Drivers/STM32WBxx_HAL_Driver/Inc/stm32wbxx_ll_bus.h ****   *         @arg @ref LL_AHB1_GRP1_PERIPH_DMAMUX1
 498:Drivers/STM32WBxx_HAL_Driver/Inc/stm32wbxx_ll_bus.h ****   *         @arg @ref LL_AHB1_GRP1_PERIPH_SRAM1
ARM GAS  /tmp/ccBoaoMw.s 			page 14


 499:Drivers/STM32WBxx_HAL_Driver/Inc/stm32wbxx_ll_bus.h ****   *         @arg @ref LL_AHB1_GRP1_PERIPH_CRC
 500:Drivers/STM32WBxx_HAL_Driver/Inc/stm32wbxx_ll_bus.h ****   *         @arg @ref LL_AHB1_GRP1_PERIPH_TSC
 501:Drivers/STM32WBxx_HAL_Driver/Inc/stm32wbxx_ll_bus.h ****   * @note  (*) Not supported by all the devices
 502:Drivers/STM32WBxx_HAL_Driver/Inc/stm32wbxx_ll_bus.h ****   * @retval None
 503:Drivers/STM32WBxx_HAL_Driver/Inc/stm32wbxx_ll_bus.h ****   */
 504:Drivers/STM32WBxx_HAL_Driver/Inc/stm32wbxx_ll_bus.h **** __STATIC_INLINE void LL_AHB1_GRP1_DisableClockSleep(uint32_t Periphs)
 505:Drivers/STM32WBxx_HAL_Driver/Inc/stm32wbxx_ll_bus.h **** {
 506:Drivers/STM32WBxx_HAL_Driver/Inc/stm32wbxx_ll_bus.h ****   CLEAR_BIT(RCC->AHB1SMENR, Periphs);
 507:Drivers/STM32WBxx_HAL_Driver/Inc/stm32wbxx_ll_bus.h **** }
 508:Drivers/STM32WBxx_HAL_Driver/Inc/stm32wbxx_ll_bus.h **** 
 509:Drivers/STM32WBxx_HAL_Driver/Inc/stm32wbxx_ll_bus.h **** /**
 510:Drivers/STM32WBxx_HAL_Driver/Inc/stm32wbxx_ll_bus.h ****   * @}
 511:Drivers/STM32WBxx_HAL_Driver/Inc/stm32wbxx_ll_bus.h ****   */
 512:Drivers/STM32WBxx_HAL_Driver/Inc/stm32wbxx_ll_bus.h **** 
 513:Drivers/STM32WBxx_HAL_Driver/Inc/stm32wbxx_ll_bus.h **** /** @defgroup BUS_LL_EF_AHB2 AHB2
 514:Drivers/STM32WBxx_HAL_Driver/Inc/stm32wbxx_ll_bus.h ****   * @{
 515:Drivers/STM32WBxx_HAL_Driver/Inc/stm32wbxx_ll_bus.h ****   */
 516:Drivers/STM32WBxx_HAL_Driver/Inc/stm32wbxx_ll_bus.h **** 
 517:Drivers/STM32WBxx_HAL_Driver/Inc/stm32wbxx_ll_bus.h **** /**
 518:Drivers/STM32WBxx_HAL_Driver/Inc/stm32wbxx_ll_bus.h ****   * @brief  Enable AHB2 peripherals clock.
 519:Drivers/STM32WBxx_HAL_Driver/Inc/stm32wbxx_ll_bus.h ****   * @rmtoll AHB2ENR      GPIOAEN       LL_AHB2_GRP1_EnableClock\n
 520:Drivers/STM32WBxx_HAL_Driver/Inc/stm32wbxx_ll_bus.h ****   *         AHB2ENR      GPIOBEN       LL_AHB2_GRP1_EnableClock\n
 521:Drivers/STM32WBxx_HAL_Driver/Inc/stm32wbxx_ll_bus.h ****   *         AHB2ENR      GPIOCEN       LL_AHB2_GRP1_EnableClock\n
 522:Drivers/STM32WBxx_HAL_Driver/Inc/stm32wbxx_ll_bus.h ****   *         AHB2ENR      GPIODEN       LL_AHB2_GRP1_EnableClock\n
 523:Drivers/STM32WBxx_HAL_Driver/Inc/stm32wbxx_ll_bus.h ****   *         AHB2ENR      GPIOEEN       LL_AHB2_GRP1_EnableClock\n
 524:Drivers/STM32WBxx_HAL_Driver/Inc/stm32wbxx_ll_bus.h ****   *         AHB2ENR      GPIOHEN       LL_AHB2_GRP1_EnableClock\n
 525:Drivers/STM32WBxx_HAL_Driver/Inc/stm32wbxx_ll_bus.h ****   *         AHB2ENR      ADCEN         LL_AHB2_GRP1_EnableClock\n
 526:Drivers/STM32WBxx_HAL_Driver/Inc/stm32wbxx_ll_bus.h ****   *         AHB2ENR      AES1EN        LL_AHB2_GRP1_EnableClock
 527:Drivers/STM32WBxx_HAL_Driver/Inc/stm32wbxx_ll_bus.h ****   * @param  Periphs This parameter can be a combination of the following values:
 528:Drivers/STM32WBxx_HAL_Driver/Inc/stm32wbxx_ll_bus.h ****   *         @arg @ref LL_AHB2_GRP1_PERIPH_GPIOA
 529:Drivers/STM32WBxx_HAL_Driver/Inc/stm32wbxx_ll_bus.h ****   *         @arg @ref LL_AHB2_GRP1_PERIPH_GPIOB
 530:Drivers/STM32WBxx_HAL_Driver/Inc/stm32wbxx_ll_bus.h ****   *         @arg @ref LL_AHB2_GRP1_PERIPH_GPIOC
 531:Drivers/STM32WBxx_HAL_Driver/Inc/stm32wbxx_ll_bus.h ****   *         @arg @ref LL_AHB2_GRP1_PERIPH_GPIOD (*)
 532:Drivers/STM32WBxx_HAL_Driver/Inc/stm32wbxx_ll_bus.h ****   *         @arg @ref LL_AHB2_GRP1_PERIPH_GPIOE
 533:Drivers/STM32WBxx_HAL_Driver/Inc/stm32wbxx_ll_bus.h ****   *         @arg @ref LL_AHB2_GRP1_PERIPH_GPIOH
 534:Drivers/STM32WBxx_HAL_Driver/Inc/stm32wbxx_ll_bus.h ****   *         @arg @ref LL_AHB2_GRP1_PERIPH_ADC (*)
 535:Drivers/STM32WBxx_HAL_Driver/Inc/stm32wbxx_ll_bus.h ****   *         @arg @ref LL_AHB2_GRP1_PERIPH_AES1 (*)
 536:Drivers/STM32WBxx_HAL_Driver/Inc/stm32wbxx_ll_bus.h ****   * @note  (*) Not supported by all the devices
 537:Drivers/STM32WBxx_HAL_Driver/Inc/stm32wbxx_ll_bus.h ****   * @retval None
 538:Drivers/STM32WBxx_HAL_Driver/Inc/stm32wbxx_ll_bus.h ****   */
 539:Drivers/STM32WBxx_HAL_Driver/Inc/stm32wbxx_ll_bus.h **** __STATIC_INLINE void LL_AHB2_GRP1_EnableClock(uint32_t Periphs)
 122              		.loc 2 539 22 view .LVU22
 123              	.LBB15:
 540:Drivers/STM32WBxx_HAL_Driver/Inc/stm32wbxx_ll_bus.h **** {
 541:Drivers/STM32WBxx_HAL_Driver/Inc/stm32wbxx_ll_bus.h ****   __IO uint32_t tmpreg;
 124              		.loc 2 541 3 view .LVU23
 542:Drivers/STM32WBxx_HAL_Driver/Inc/stm32wbxx_ll_bus.h ****   SET_BIT(RCC->AHB2ENR, Periphs);
 125              		.loc 2 542 3 view .LVU24
 126 0038 4FF0B044 		mov	r4, #1476395008
 127              	.LVL8:
 128              		.loc 2 542 3 is_stmt 0 view .LVU25
 129 003c E36C     		ldr	r3, [r4, #76]
 130 003e 43F00203 		orr	r3, r3, #2
 131 0042 E364     		str	r3, [r4, #76]
 543:Drivers/STM32WBxx_HAL_Driver/Inc/stm32wbxx_ll_bus.h ****   /* Delay after an RCC peripheral clock enabling */
 544:Drivers/STM32WBxx_HAL_Driver/Inc/stm32wbxx_ll_bus.h ****   tmpreg = READ_BIT(RCC->AHB2ENR, Periphs);
 132              		.loc 2 544 3 is_stmt 1 view .LVU26
ARM GAS  /tmp/ccBoaoMw.s 			page 15


 133              		.loc 2 544 12 is_stmt 0 view .LVU27
 134 0044 E36C     		ldr	r3, [r4, #76]
 135 0046 03F00203 		and	r3, r3, #2
 136              		.loc 2 544 10 view .LVU28
 137 004a 0293     		str	r3, [sp, #8]
 545:Drivers/STM32WBxx_HAL_Driver/Inc/stm32wbxx_ll_bus.h ****   (void)tmpreg;
 138              		.loc 2 545 3 is_stmt 1 view .LVU29
 139 004c 029B     		ldr	r3, [sp, #8]
 140              	.LVL9:
 141              		.loc 2 545 3 is_stmt 0 view .LVU30
 142              	.LBE15:
 143              	.LBE14:
 104:Core/Src/stm32wbxx_hal_msp.c ****     GPIO_InitStruct.Mode = GPIO_MODE_AF_OD;
 144              		.loc 1 104 5 is_stmt 1 view .LVU31
 104:Core/Src/stm32wbxx_hal_msp.c ****     GPIO_InitStruct.Mode = GPIO_MODE_AF_OD;
 145              		.loc 1 104 25 is_stmt 0 view .LVU32
 146 004e 4FF44073 		mov	r3, #768
 147 0052 1793     		str	r3, [sp, #92]
 105:Core/Src/stm32wbxx_hal_msp.c ****     GPIO_InitStruct.Pull = GPIO_NOPULL;
 148              		.loc 1 105 5 is_stmt 1 view .LVU33
 105:Core/Src/stm32wbxx_hal_msp.c ****     GPIO_InitStruct.Pull = GPIO_NOPULL;
 149              		.loc 1 105 26 is_stmt 0 view .LVU34
 150 0054 1223     		movs	r3, #18
 151 0056 1893     		str	r3, [sp, #96]
 106:Core/Src/stm32wbxx_hal_msp.c ****     GPIO_InitStruct.Speed = GPIO_SPEED_FREQ_LOW;
 152              		.loc 1 106 5 is_stmt 1 view .LVU35
 106:Core/Src/stm32wbxx_hal_msp.c ****     GPIO_InitStruct.Speed = GPIO_SPEED_FREQ_LOW;
 153              		.loc 1 106 26 is_stmt 0 view .LVU36
 154 0058 0023     		movs	r3, #0
 155 005a 1993     		str	r3, [sp, #100]
 107:Core/Src/stm32wbxx_hal_msp.c ****     GPIO_InitStruct.Alternate = GPIO_AF4_I2C1;
 156              		.loc 1 107 5 is_stmt 1 view .LVU37
 107:Core/Src/stm32wbxx_hal_msp.c ****     GPIO_InitStruct.Alternate = GPIO_AF4_I2C1;
 157              		.loc 1 107 27 is_stmt 0 view .LVU38
 158 005c 1A93     		str	r3, [sp, #104]
 108:Core/Src/stm32wbxx_hal_msp.c ****     HAL_GPIO_Init(GPIOB, &GPIO_InitStruct);
 159              		.loc 1 108 5 is_stmt 1 view .LVU39
 108:Core/Src/stm32wbxx_hal_msp.c ****     HAL_GPIO_Init(GPIOB, &GPIO_InitStruct);
 160              		.loc 1 108 31 is_stmt 0 view .LVU40
 161 005e 0423     		movs	r3, #4
 162 0060 1B93     		str	r3, [sp, #108]
 109:Core/Src/stm32wbxx_hal_msp.c **** 
 163              		.loc 1 109 5 is_stmt 1 view .LVU41
 164 0062 17A9     		add	r1, sp, #92
 165 0064 0848     		ldr	r0, .L9+4
 166 0066 FFF7FEFF 		bl	HAL_GPIO_Init
 167              	.LVL10:
 112:Core/Src/stm32wbxx_hal_msp.c ****     /* USER CODE BEGIN I2C1_MspInit 1 */
 168              		.loc 1 112 5 view .LVU42
 169              	.LBB16:
 170              	.LBI16:
 546:Drivers/STM32WBxx_HAL_Driver/Inc/stm32wbxx_ll_bus.h **** }
 547:Drivers/STM32WBxx_HAL_Driver/Inc/stm32wbxx_ll_bus.h **** 
 548:Drivers/STM32WBxx_HAL_Driver/Inc/stm32wbxx_ll_bus.h **** /**
 549:Drivers/STM32WBxx_HAL_Driver/Inc/stm32wbxx_ll_bus.h ****   * @brief  Check if AHB2 peripheral clock is enabled or not
 550:Drivers/STM32WBxx_HAL_Driver/Inc/stm32wbxx_ll_bus.h ****   * @rmtoll AHB2ENR      GPIOAEN       LL_AHB2_GRP1_IsEnabledClock\n
 551:Drivers/STM32WBxx_HAL_Driver/Inc/stm32wbxx_ll_bus.h ****   *         AHB2ENR      GPIOBEN       LL_AHB2_GRP1_IsEnabledClock\n
ARM GAS  /tmp/ccBoaoMw.s 			page 16


 552:Drivers/STM32WBxx_HAL_Driver/Inc/stm32wbxx_ll_bus.h ****   *         AHB2ENR      GPIOCEN       LL_AHB2_GRP1_IsEnabledClock\n
 553:Drivers/STM32WBxx_HAL_Driver/Inc/stm32wbxx_ll_bus.h ****   *         AHB2ENR      GPIODEN       LL_AHB2_GRP1_IsEnabledClock\n
 554:Drivers/STM32WBxx_HAL_Driver/Inc/stm32wbxx_ll_bus.h ****   *         AHB2ENR      GPIOEEN       LL_AHB2_GRP1_IsEnabledClock\n
 555:Drivers/STM32WBxx_HAL_Driver/Inc/stm32wbxx_ll_bus.h ****   *         AHB2ENR      GPIOHEN       LL_AHB2_GRP1_IsEnabledClock\n
 556:Drivers/STM32WBxx_HAL_Driver/Inc/stm32wbxx_ll_bus.h ****   *         AHB2ENR      ADCEN         LL_AHB2_GRP1_IsEnabledClock\n
 557:Drivers/STM32WBxx_HAL_Driver/Inc/stm32wbxx_ll_bus.h ****   *         AHB2ENR      AES1EN        LL_AHB2_GRP1_IsEnabledClock
 558:Drivers/STM32WBxx_HAL_Driver/Inc/stm32wbxx_ll_bus.h ****   * @param  Periphs This parameter can be a combination of the following values:
 559:Drivers/STM32WBxx_HAL_Driver/Inc/stm32wbxx_ll_bus.h ****   *         @arg @ref LL_AHB2_GRP1_PERIPH_GPIOA
 560:Drivers/STM32WBxx_HAL_Driver/Inc/stm32wbxx_ll_bus.h ****   *         @arg @ref LL_AHB2_GRP1_PERIPH_GPIOB
 561:Drivers/STM32WBxx_HAL_Driver/Inc/stm32wbxx_ll_bus.h ****   *         @arg @ref LL_AHB2_GRP1_PERIPH_GPIOC
 562:Drivers/STM32WBxx_HAL_Driver/Inc/stm32wbxx_ll_bus.h ****   *         @arg @ref LL_AHB2_GRP1_PERIPH_GPIOD (*)
 563:Drivers/STM32WBxx_HAL_Driver/Inc/stm32wbxx_ll_bus.h ****   *         @arg @ref LL_AHB2_GRP1_PERIPH_GPIOE
 564:Drivers/STM32WBxx_HAL_Driver/Inc/stm32wbxx_ll_bus.h ****   *         @arg @ref LL_AHB2_GRP1_PERIPH_GPIOH
 565:Drivers/STM32WBxx_HAL_Driver/Inc/stm32wbxx_ll_bus.h ****   *         @arg @ref LL_AHB2_GRP1_PERIPH_ADC (*)
 566:Drivers/STM32WBxx_HAL_Driver/Inc/stm32wbxx_ll_bus.h ****   *         @arg @ref LL_AHB2_GRP1_PERIPH_AES1 (*)
 567:Drivers/STM32WBxx_HAL_Driver/Inc/stm32wbxx_ll_bus.h ****   * @note  (*) Not supported by all the devices
 568:Drivers/STM32WBxx_HAL_Driver/Inc/stm32wbxx_ll_bus.h ****   * @retval uint32_t
 569:Drivers/STM32WBxx_HAL_Driver/Inc/stm32wbxx_ll_bus.h ****   */
 570:Drivers/STM32WBxx_HAL_Driver/Inc/stm32wbxx_ll_bus.h **** __STATIC_INLINE uint32_t LL_AHB2_GRP1_IsEnabledClock(uint32_t Periphs)
 571:Drivers/STM32WBxx_HAL_Driver/Inc/stm32wbxx_ll_bus.h **** {
 572:Drivers/STM32WBxx_HAL_Driver/Inc/stm32wbxx_ll_bus.h ****   return ((READ_BIT(RCC->AHB2ENR, Periphs) == (Periphs)) ? 1UL : 0UL);
 573:Drivers/STM32WBxx_HAL_Driver/Inc/stm32wbxx_ll_bus.h **** }
 574:Drivers/STM32WBxx_HAL_Driver/Inc/stm32wbxx_ll_bus.h **** 
 575:Drivers/STM32WBxx_HAL_Driver/Inc/stm32wbxx_ll_bus.h **** /**
 576:Drivers/STM32WBxx_HAL_Driver/Inc/stm32wbxx_ll_bus.h ****   * @brief  Disable AHB2 peripherals clock.
 577:Drivers/STM32WBxx_HAL_Driver/Inc/stm32wbxx_ll_bus.h ****   * @rmtoll AHB2ENR      GPIOAEN       LL_AHB2_GRP1_DisableClock\n
 578:Drivers/STM32WBxx_HAL_Driver/Inc/stm32wbxx_ll_bus.h ****   *         AHB2ENR      GPIOBEN       LL_AHB2_GRP1_DisableClock\n
 579:Drivers/STM32WBxx_HAL_Driver/Inc/stm32wbxx_ll_bus.h ****   *         AHB2ENR      GPIOCEN       LL_AHB2_GRP1_DisableClock\n
 580:Drivers/STM32WBxx_HAL_Driver/Inc/stm32wbxx_ll_bus.h ****   *         AHB2ENR      GPIODEN       LL_AHB2_GRP1_DisableClock\n
 581:Drivers/STM32WBxx_HAL_Driver/Inc/stm32wbxx_ll_bus.h ****   *         AHB2ENR      GPIOEEN       LL_AHB2_GRP1_DisableClock\n
 582:Drivers/STM32WBxx_HAL_Driver/Inc/stm32wbxx_ll_bus.h ****   *         AHB2ENR      GPIOHEN       LL_AHB2_GRP1_DisableClock\n
 583:Drivers/STM32WBxx_HAL_Driver/Inc/stm32wbxx_ll_bus.h ****   *         AHB2ENR      ADCEN         LL_AHB2_GRP1_DisableClock\n
 584:Drivers/STM32WBxx_HAL_Driver/Inc/stm32wbxx_ll_bus.h ****   *         AHB2ENR      AES1EN        LL_AHB2_GRP1_DisableClock
 585:Drivers/STM32WBxx_HAL_Driver/Inc/stm32wbxx_ll_bus.h ****   * @param  Periphs This parameter can be a combination of the following values:
 586:Drivers/STM32WBxx_HAL_Driver/Inc/stm32wbxx_ll_bus.h ****   *         @arg @ref LL_AHB2_GRP1_PERIPH_GPIOA
 587:Drivers/STM32WBxx_HAL_Driver/Inc/stm32wbxx_ll_bus.h ****   *         @arg @ref LL_AHB2_GRP1_PERIPH_GPIOB
 588:Drivers/STM32WBxx_HAL_Driver/Inc/stm32wbxx_ll_bus.h ****   *         @arg @ref LL_AHB2_GRP1_PERIPH_GPIOC
 589:Drivers/STM32WBxx_HAL_Driver/Inc/stm32wbxx_ll_bus.h ****   *         @arg @ref LL_AHB2_GRP1_PERIPH_GPIOD (*)
 590:Drivers/STM32WBxx_HAL_Driver/Inc/stm32wbxx_ll_bus.h ****   *         @arg @ref LL_AHB2_GRP1_PERIPH_GPIOE
 591:Drivers/STM32WBxx_HAL_Driver/Inc/stm32wbxx_ll_bus.h ****   *         @arg @ref LL_AHB2_GRP1_PERIPH_GPIOH
 592:Drivers/STM32WBxx_HAL_Driver/Inc/stm32wbxx_ll_bus.h ****   *         @arg @ref LL_AHB2_GRP1_PERIPH_ADC (*)
 593:Drivers/STM32WBxx_HAL_Driver/Inc/stm32wbxx_ll_bus.h ****   *         @arg @ref LL_AHB2_GRP1_PERIPH_AES1 (*)
 594:Drivers/STM32WBxx_HAL_Driver/Inc/stm32wbxx_ll_bus.h ****   * @note  (*) Not supported by all the devices
 595:Drivers/STM32WBxx_HAL_Driver/Inc/stm32wbxx_ll_bus.h ****   * @retval None
 596:Drivers/STM32WBxx_HAL_Driver/Inc/stm32wbxx_ll_bus.h ****   */
 597:Drivers/STM32WBxx_HAL_Driver/Inc/stm32wbxx_ll_bus.h **** __STATIC_INLINE void LL_AHB2_GRP1_DisableClock(uint32_t Periphs)
 598:Drivers/STM32WBxx_HAL_Driver/Inc/stm32wbxx_ll_bus.h **** {
 599:Drivers/STM32WBxx_HAL_Driver/Inc/stm32wbxx_ll_bus.h ****   CLEAR_BIT(RCC->AHB2ENR, Periphs);
 600:Drivers/STM32WBxx_HAL_Driver/Inc/stm32wbxx_ll_bus.h **** }
 601:Drivers/STM32WBxx_HAL_Driver/Inc/stm32wbxx_ll_bus.h **** 
 602:Drivers/STM32WBxx_HAL_Driver/Inc/stm32wbxx_ll_bus.h **** /**
 603:Drivers/STM32WBxx_HAL_Driver/Inc/stm32wbxx_ll_bus.h ****   * @brief  Force AHB2 peripherals reset.
 604:Drivers/STM32WBxx_HAL_Driver/Inc/stm32wbxx_ll_bus.h ****   * @rmtoll AHB2RSTR     GPIOARST      LL_AHB2_GRP1_ForceReset\n
 605:Drivers/STM32WBxx_HAL_Driver/Inc/stm32wbxx_ll_bus.h ****   *         AHB2RSTR     GPIOBRST      LL_AHB2_GRP1_ForceReset\n
 606:Drivers/STM32WBxx_HAL_Driver/Inc/stm32wbxx_ll_bus.h ****   *         AHB2RSTR     GPIOCRST      LL_AHB2_GRP1_ForceReset\n
 607:Drivers/STM32WBxx_HAL_Driver/Inc/stm32wbxx_ll_bus.h ****   *         AHB2RSTR     GPIODRST      LL_AHB2_GRP1_ForceReset\n
 608:Drivers/STM32WBxx_HAL_Driver/Inc/stm32wbxx_ll_bus.h ****   *         AHB2RSTR     GPIOERST      LL_AHB2_GRP1_ForceReset\n
ARM GAS  /tmp/ccBoaoMw.s 			page 17


 609:Drivers/STM32WBxx_HAL_Driver/Inc/stm32wbxx_ll_bus.h ****   *         AHB2RSTR     GPIOHRST      LL_AHB2_GRP1_ForceReset\n
 610:Drivers/STM32WBxx_HAL_Driver/Inc/stm32wbxx_ll_bus.h ****   *         AHB2RSTR     ADCRST        LL_AHB2_GRP1_ForceReset\n
 611:Drivers/STM32WBxx_HAL_Driver/Inc/stm32wbxx_ll_bus.h ****   *         AHB2RSTR     AES1RST       LL_AHB2_GRP1_ForceReset
 612:Drivers/STM32WBxx_HAL_Driver/Inc/stm32wbxx_ll_bus.h ****   * @param  Periphs This parameter can be a combination of the following values:
 613:Drivers/STM32WBxx_HAL_Driver/Inc/stm32wbxx_ll_bus.h ****   *         @arg @ref LL_AHB2_GRP1_PERIPH_ALL
 614:Drivers/STM32WBxx_HAL_Driver/Inc/stm32wbxx_ll_bus.h ****   *         @arg @ref LL_AHB2_GRP1_PERIPH_GPIOA
 615:Drivers/STM32WBxx_HAL_Driver/Inc/stm32wbxx_ll_bus.h ****   *         @arg @ref LL_AHB2_GRP1_PERIPH_GPIOB
 616:Drivers/STM32WBxx_HAL_Driver/Inc/stm32wbxx_ll_bus.h ****   *         @arg @ref LL_AHB2_GRP1_PERIPH_GPIOC
 617:Drivers/STM32WBxx_HAL_Driver/Inc/stm32wbxx_ll_bus.h ****   *         @arg @ref LL_AHB2_GRP1_PERIPH_GPIOD (*)
 618:Drivers/STM32WBxx_HAL_Driver/Inc/stm32wbxx_ll_bus.h ****   *         @arg @ref LL_AHB2_GRP1_PERIPH_GPIOE
 619:Drivers/STM32WBxx_HAL_Driver/Inc/stm32wbxx_ll_bus.h ****   *         @arg @ref LL_AHB2_GRP1_PERIPH_GPIOH
 620:Drivers/STM32WBxx_HAL_Driver/Inc/stm32wbxx_ll_bus.h ****   *         @arg @ref LL_AHB2_GRP1_PERIPH_ADC (*)
 621:Drivers/STM32WBxx_HAL_Driver/Inc/stm32wbxx_ll_bus.h ****   *         @arg @ref LL_AHB2_GRP1_PERIPH_AES1 (*)
 622:Drivers/STM32WBxx_HAL_Driver/Inc/stm32wbxx_ll_bus.h ****   * @note  (*) Not supported by all the devices
 623:Drivers/STM32WBxx_HAL_Driver/Inc/stm32wbxx_ll_bus.h ****   * @retval None
 624:Drivers/STM32WBxx_HAL_Driver/Inc/stm32wbxx_ll_bus.h ****   */
 625:Drivers/STM32WBxx_HAL_Driver/Inc/stm32wbxx_ll_bus.h **** __STATIC_INLINE void LL_AHB2_GRP1_ForceReset(uint32_t Periphs)
 626:Drivers/STM32WBxx_HAL_Driver/Inc/stm32wbxx_ll_bus.h **** {
 627:Drivers/STM32WBxx_HAL_Driver/Inc/stm32wbxx_ll_bus.h ****   SET_BIT(RCC->AHB2RSTR, Periphs);
 628:Drivers/STM32WBxx_HAL_Driver/Inc/stm32wbxx_ll_bus.h **** }
 629:Drivers/STM32WBxx_HAL_Driver/Inc/stm32wbxx_ll_bus.h **** 
 630:Drivers/STM32WBxx_HAL_Driver/Inc/stm32wbxx_ll_bus.h **** /**
 631:Drivers/STM32WBxx_HAL_Driver/Inc/stm32wbxx_ll_bus.h ****   * @brief  Release AHB2 peripherals reset.
 632:Drivers/STM32WBxx_HAL_Driver/Inc/stm32wbxx_ll_bus.h ****   * @rmtoll AHB2RSTR     GPIOARST      LL_AHB2_GRP1_ReleaseReset\n
 633:Drivers/STM32WBxx_HAL_Driver/Inc/stm32wbxx_ll_bus.h ****   *         AHB2RSTR     GPIOBRST      LL_AHB2_GRP1_ReleaseReset\n
 634:Drivers/STM32WBxx_HAL_Driver/Inc/stm32wbxx_ll_bus.h ****   *         AHB2RSTR     GPIOCRST      LL_AHB2_GRP1_ReleaseReset\n
 635:Drivers/STM32WBxx_HAL_Driver/Inc/stm32wbxx_ll_bus.h ****   *         AHB2RSTR     GPIODRST      LL_AHB2_GRP1_ReleaseReset\n
 636:Drivers/STM32WBxx_HAL_Driver/Inc/stm32wbxx_ll_bus.h ****   *         AHB2RSTR     GPIOERST      LL_AHB2_GRP1_ReleaseReset\n
 637:Drivers/STM32WBxx_HAL_Driver/Inc/stm32wbxx_ll_bus.h ****   *         AHB2RSTR     GPIOHRST      LL_AHB2_GRP1_ReleaseReset\n
 638:Drivers/STM32WBxx_HAL_Driver/Inc/stm32wbxx_ll_bus.h ****   *         AHB2RSTR     ADCRST        LL_AHB2_GRP1_ReleaseReset\n
 639:Drivers/STM32WBxx_HAL_Driver/Inc/stm32wbxx_ll_bus.h ****   *         AHB2RSTR     AES1RST       LL_AHB2_GRP1_ReleaseReset
 640:Drivers/STM32WBxx_HAL_Driver/Inc/stm32wbxx_ll_bus.h ****   * @param  Periphs This parameter can be a combination of the following values:
 641:Drivers/STM32WBxx_HAL_Driver/Inc/stm32wbxx_ll_bus.h ****   *         @arg @ref LL_AHB2_GRP1_PERIPH_ALL
 642:Drivers/STM32WBxx_HAL_Driver/Inc/stm32wbxx_ll_bus.h ****   *         @arg @ref LL_AHB2_GRP1_PERIPH_GPIOA
 643:Drivers/STM32WBxx_HAL_Driver/Inc/stm32wbxx_ll_bus.h ****   *         @arg @ref LL_AHB2_GRP1_PERIPH_GPIOB
 644:Drivers/STM32WBxx_HAL_Driver/Inc/stm32wbxx_ll_bus.h ****   *         @arg @ref LL_AHB2_GRP1_PERIPH_GPIOC
 645:Drivers/STM32WBxx_HAL_Driver/Inc/stm32wbxx_ll_bus.h ****   *         @arg @ref LL_AHB2_GRP1_PERIPH_GPIOD (*)
 646:Drivers/STM32WBxx_HAL_Driver/Inc/stm32wbxx_ll_bus.h ****   *         @arg @ref LL_AHB2_GRP1_PERIPH_GPIOE
 647:Drivers/STM32WBxx_HAL_Driver/Inc/stm32wbxx_ll_bus.h ****   *         @arg @ref LL_AHB2_GRP1_PERIPH_GPIOH
 648:Drivers/STM32WBxx_HAL_Driver/Inc/stm32wbxx_ll_bus.h ****   *         @arg @ref LL_AHB2_GRP1_PERIPH_ADC (*)
 649:Drivers/STM32WBxx_HAL_Driver/Inc/stm32wbxx_ll_bus.h ****   *         @arg @ref LL_AHB2_GRP1_PERIPH_AES1 (*)
 650:Drivers/STM32WBxx_HAL_Driver/Inc/stm32wbxx_ll_bus.h ****   * @note  (*) Not supported by all the devices
 651:Drivers/STM32WBxx_HAL_Driver/Inc/stm32wbxx_ll_bus.h ****   * @retval None
 652:Drivers/STM32WBxx_HAL_Driver/Inc/stm32wbxx_ll_bus.h ****   */
 653:Drivers/STM32WBxx_HAL_Driver/Inc/stm32wbxx_ll_bus.h **** __STATIC_INLINE void LL_AHB2_GRP1_ReleaseReset(uint32_t Periphs)
 654:Drivers/STM32WBxx_HAL_Driver/Inc/stm32wbxx_ll_bus.h **** {
 655:Drivers/STM32WBxx_HAL_Driver/Inc/stm32wbxx_ll_bus.h ****   CLEAR_BIT(RCC->AHB2RSTR, Periphs);
 656:Drivers/STM32WBxx_HAL_Driver/Inc/stm32wbxx_ll_bus.h **** }
 657:Drivers/STM32WBxx_HAL_Driver/Inc/stm32wbxx_ll_bus.h **** 
 658:Drivers/STM32WBxx_HAL_Driver/Inc/stm32wbxx_ll_bus.h **** /**
 659:Drivers/STM32WBxx_HAL_Driver/Inc/stm32wbxx_ll_bus.h ****   * @brief  Enable AHB2 peripherals clock during Low Power (Sleep) mode.
 660:Drivers/STM32WBxx_HAL_Driver/Inc/stm32wbxx_ll_bus.h ****   * @rmtoll AHB2SMENR    GPIOASMEN     LL_AHB2_GRP1_EnableClockSleep\n
 661:Drivers/STM32WBxx_HAL_Driver/Inc/stm32wbxx_ll_bus.h ****   *         AHB2SMENR    GPIOBSMEN     LL_AHB2_GRP1_EnableClockSleep\n
 662:Drivers/STM32WBxx_HAL_Driver/Inc/stm32wbxx_ll_bus.h ****   *         AHB2SMENR    GPIOCSMEN     LL_AHB2_GRP1_EnableClockSleep\n
 663:Drivers/STM32WBxx_HAL_Driver/Inc/stm32wbxx_ll_bus.h ****   *         AHB2SMENR    GPIODSMEN     LL_AHB2_GRP1_EnableClockSleep\n
 664:Drivers/STM32WBxx_HAL_Driver/Inc/stm32wbxx_ll_bus.h ****   *         AHB2SMENR    GPIOESMEN     LL_AHB2_GRP1_EnableClockSleep\n
 665:Drivers/STM32WBxx_HAL_Driver/Inc/stm32wbxx_ll_bus.h ****   *         AHB2SMENR    GPIOHSMEN     LL_AHB2_GRP1_EnableClockSleep\n
ARM GAS  /tmp/ccBoaoMw.s 			page 18


 666:Drivers/STM32WBxx_HAL_Driver/Inc/stm32wbxx_ll_bus.h ****   *         AHB2SMENR    ADCSMEN       LL_AHB2_GRP1_EnableClockSleep\n
 667:Drivers/STM32WBxx_HAL_Driver/Inc/stm32wbxx_ll_bus.h ****   *         AHB2SMENR    AES1SMEN      LL_AHB2_GRP1_EnableClockSleep
 668:Drivers/STM32WBxx_HAL_Driver/Inc/stm32wbxx_ll_bus.h ****   * @param  Periphs This parameter can be a combination of the following values:
 669:Drivers/STM32WBxx_HAL_Driver/Inc/stm32wbxx_ll_bus.h ****   *         @arg @ref LL_AHB2_GRP1_PERIPH_GPIOA
 670:Drivers/STM32WBxx_HAL_Driver/Inc/stm32wbxx_ll_bus.h ****   *         @arg @ref LL_AHB2_GRP1_PERIPH_GPIOB
 671:Drivers/STM32WBxx_HAL_Driver/Inc/stm32wbxx_ll_bus.h ****   *         @arg @ref LL_AHB2_GRP1_PERIPH_GPIOC
 672:Drivers/STM32WBxx_HAL_Driver/Inc/stm32wbxx_ll_bus.h ****   *         @arg @ref LL_AHB2_GRP1_PERIPH_GPIOD (*)
 673:Drivers/STM32WBxx_HAL_Driver/Inc/stm32wbxx_ll_bus.h ****   *         @arg @ref LL_AHB2_GRP1_PERIPH_GPIOE
 674:Drivers/STM32WBxx_HAL_Driver/Inc/stm32wbxx_ll_bus.h ****   *         @arg @ref LL_AHB2_GRP1_PERIPH_GPIOH
 675:Drivers/STM32WBxx_HAL_Driver/Inc/stm32wbxx_ll_bus.h ****   *         @arg @ref LL_AHB2_GRP1_PERIPH_ADC (*)
 676:Drivers/STM32WBxx_HAL_Driver/Inc/stm32wbxx_ll_bus.h ****   *         @arg @ref LL_AHB2_GRP1_PERIPH_AES1 (*)
 677:Drivers/STM32WBxx_HAL_Driver/Inc/stm32wbxx_ll_bus.h ****   * @note  (*) Not supported by all the devices
 678:Drivers/STM32WBxx_HAL_Driver/Inc/stm32wbxx_ll_bus.h ****   * @retval None
 679:Drivers/STM32WBxx_HAL_Driver/Inc/stm32wbxx_ll_bus.h ****   */
 680:Drivers/STM32WBxx_HAL_Driver/Inc/stm32wbxx_ll_bus.h **** __STATIC_INLINE void LL_AHB2_GRP1_EnableClockSleep(uint32_t Periphs)
 681:Drivers/STM32WBxx_HAL_Driver/Inc/stm32wbxx_ll_bus.h **** {
 682:Drivers/STM32WBxx_HAL_Driver/Inc/stm32wbxx_ll_bus.h ****   __IO uint32_t tmpreg;
 683:Drivers/STM32WBxx_HAL_Driver/Inc/stm32wbxx_ll_bus.h ****   SET_BIT(RCC->AHB2SMENR, Periphs);
 684:Drivers/STM32WBxx_HAL_Driver/Inc/stm32wbxx_ll_bus.h ****   /* Delay after an RCC peripheral clock enabling */
 685:Drivers/STM32WBxx_HAL_Driver/Inc/stm32wbxx_ll_bus.h ****   tmpreg = READ_BIT(RCC->AHB2SMENR, Periphs);
 686:Drivers/STM32WBxx_HAL_Driver/Inc/stm32wbxx_ll_bus.h ****   (void)tmpreg;
 687:Drivers/STM32WBxx_HAL_Driver/Inc/stm32wbxx_ll_bus.h **** }
 688:Drivers/STM32WBxx_HAL_Driver/Inc/stm32wbxx_ll_bus.h **** 
 689:Drivers/STM32WBxx_HAL_Driver/Inc/stm32wbxx_ll_bus.h **** /**
 690:Drivers/STM32WBxx_HAL_Driver/Inc/stm32wbxx_ll_bus.h ****   * @brief  Disable AHB2 peripherals clock during Low Power (Sleep) mode.
 691:Drivers/STM32WBxx_HAL_Driver/Inc/stm32wbxx_ll_bus.h ****   * @rmtoll AHB2SMENR    GPIOASMEN     LL_AHB2_GRP1_DisableClockSleep\n
 692:Drivers/STM32WBxx_HAL_Driver/Inc/stm32wbxx_ll_bus.h ****   *         AHB2SMENR    GPIOBSMEN     LL_AHB2_GRP1_DisableClockSleep\n
 693:Drivers/STM32WBxx_HAL_Driver/Inc/stm32wbxx_ll_bus.h ****   *         AHB2SMENR    GPIOCSMEN     LL_AHB2_GRP1_DisableClockSleep\n
 694:Drivers/STM32WBxx_HAL_Driver/Inc/stm32wbxx_ll_bus.h ****   *         AHB2SMENR    GPIODSMEN     LL_AHB2_GRP1_DisableClockSleep\n
 695:Drivers/STM32WBxx_HAL_Driver/Inc/stm32wbxx_ll_bus.h ****   *         AHB2SMENR    GPIOESMEN     LL_AHB2_GRP1_DisableClockSleep\n
 696:Drivers/STM32WBxx_HAL_Driver/Inc/stm32wbxx_ll_bus.h ****   *         AHB2SMENR    GPIOHSMEN     LL_AHB2_GRP1_DisableClockSleep\n
 697:Drivers/STM32WBxx_HAL_Driver/Inc/stm32wbxx_ll_bus.h ****   *         AHB2SMENR    ADCSMEN       LL_AHB2_GRP1_DisableClockSleep\n
 698:Drivers/STM32WBxx_HAL_Driver/Inc/stm32wbxx_ll_bus.h ****   *         AHB2SMENR    AES1SMEN      LL_AHB2_GRP1_DisableClockSleep
 699:Drivers/STM32WBxx_HAL_Driver/Inc/stm32wbxx_ll_bus.h ****   * @param  Periphs This parameter can be a combination of the following values:
 700:Drivers/STM32WBxx_HAL_Driver/Inc/stm32wbxx_ll_bus.h ****   *         @arg @ref LL_AHB2_GRP1_PERIPH_GPIOA
 701:Drivers/STM32WBxx_HAL_Driver/Inc/stm32wbxx_ll_bus.h ****   *         @arg @ref LL_AHB2_GRP1_PERIPH_GPIOB
 702:Drivers/STM32WBxx_HAL_Driver/Inc/stm32wbxx_ll_bus.h ****   *         @arg @ref LL_AHB2_GRP1_PERIPH_GPIOC
 703:Drivers/STM32WBxx_HAL_Driver/Inc/stm32wbxx_ll_bus.h ****   *         @arg @ref LL_AHB2_GRP1_PERIPH_GPIOD (*)
 704:Drivers/STM32WBxx_HAL_Driver/Inc/stm32wbxx_ll_bus.h ****   *         @arg @ref LL_AHB2_GRP1_PERIPH_GPIOE
 705:Drivers/STM32WBxx_HAL_Driver/Inc/stm32wbxx_ll_bus.h ****   *         @arg @ref LL_AHB2_GRP1_PERIPH_GPIOH
 706:Drivers/STM32WBxx_HAL_Driver/Inc/stm32wbxx_ll_bus.h ****   *         @arg @ref LL_AHB2_GRP1_PERIPH_ADC (*)
 707:Drivers/STM32WBxx_HAL_Driver/Inc/stm32wbxx_ll_bus.h ****   *         @arg @ref LL_AHB2_GRP1_PERIPH_AES1 (*)
 708:Drivers/STM32WBxx_HAL_Driver/Inc/stm32wbxx_ll_bus.h ****   * @note  (*) Not supported by all the devices
 709:Drivers/STM32WBxx_HAL_Driver/Inc/stm32wbxx_ll_bus.h ****   * @retval None
 710:Drivers/STM32WBxx_HAL_Driver/Inc/stm32wbxx_ll_bus.h ****   */
 711:Drivers/STM32WBxx_HAL_Driver/Inc/stm32wbxx_ll_bus.h **** __STATIC_INLINE void LL_AHB2_GRP1_DisableClockSleep(uint32_t Periphs)
 712:Drivers/STM32WBxx_HAL_Driver/Inc/stm32wbxx_ll_bus.h **** {
 713:Drivers/STM32WBxx_HAL_Driver/Inc/stm32wbxx_ll_bus.h ****   CLEAR_BIT(RCC->AHB2SMENR, Periphs);
 714:Drivers/STM32WBxx_HAL_Driver/Inc/stm32wbxx_ll_bus.h **** }
 715:Drivers/STM32WBxx_HAL_Driver/Inc/stm32wbxx_ll_bus.h **** 
 716:Drivers/STM32WBxx_HAL_Driver/Inc/stm32wbxx_ll_bus.h **** /**
 717:Drivers/STM32WBxx_HAL_Driver/Inc/stm32wbxx_ll_bus.h ****   * @}
 718:Drivers/STM32WBxx_HAL_Driver/Inc/stm32wbxx_ll_bus.h ****   */
 719:Drivers/STM32WBxx_HAL_Driver/Inc/stm32wbxx_ll_bus.h **** 
 720:Drivers/STM32WBxx_HAL_Driver/Inc/stm32wbxx_ll_bus.h **** /** @defgroup BUS_LL_EF_AHB3 AHB3
 721:Drivers/STM32WBxx_HAL_Driver/Inc/stm32wbxx_ll_bus.h ****   * @{
 722:Drivers/STM32WBxx_HAL_Driver/Inc/stm32wbxx_ll_bus.h ****   */
ARM GAS  /tmp/ccBoaoMw.s 			page 19


 723:Drivers/STM32WBxx_HAL_Driver/Inc/stm32wbxx_ll_bus.h **** 
 724:Drivers/STM32WBxx_HAL_Driver/Inc/stm32wbxx_ll_bus.h **** /**
 725:Drivers/STM32WBxx_HAL_Driver/Inc/stm32wbxx_ll_bus.h ****   * @brief  Enable AHB3 peripherals clock.
 726:Drivers/STM32WBxx_HAL_Driver/Inc/stm32wbxx_ll_bus.h ****   * @rmtoll AHB3ENR      QUADSPIEN     LL_AHB3_GRP1_EnableClock\n
 727:Drivers/STM32WBxx_HAL_Driver/Inc/stm32wbxx_ll_bus.h ****   *         AHB3ENR      PKAEN         LL_AHB3_GRP1_EnableClock\n
 728:Drivers/STM32WBxx_HAL_Driver/Inc/stm32wbxx_ll_bus.h ****   *         AHB3ENR      AES2EN        LL_AHB3_GRP1_EnableClock\n
 729:Drivers/STM32WBxx_HAL_Driver/Inc/stm32wbxx_ll_bus.h ****   *         AHB3ENR      RNGEN         LL_AHB3_GRP1_EnableClock\n
 730:Drivers/STM32WBxx_HAL_Driver/Inc/stm32wbxx_ll_bus.h ****   *         AHB3ENR      HSEMEN        LL_AHB3_GRP1_EnableClock\n
 731:Drivers/STM32WBxx_HAL_Driver/Inc/stm32wbxx_ll_bus.h ****   *         AHB3ENR      IPCCEN        LL_AHB3_GRP1_EnableClock\n
 732:Drivers/STM32WBxx_HAL_Driver/Inc/stm32wbxx_ll_bus.h ****   *         AHB3ENR      FLASHEN       LL_AHB3_GRP1_EnableClock
 733:Drivers/STM32WBxx_HAL_Driver/Inc/stm32wbxx_ll_bus.h ****   * @param  Periphs This parameter can be a combination of the following values:
 734:Drivers/STM32WBxx_HAL_Driver/Inc/stm32wbxx_ll_bus.h ****   *         @arg @ref LL_AHB3_GRP1_PERIPH_QUADSPI (*)
 735:Drivers/STM32WBxx_HAL_Driver/Inc/stm32wbxx_ll_bus.h ****   *         @arg @ref LL_AHB3_GRP1_PERIPH_PKA
 736:Drivers/STM32WBxx_HAL_Driver/Inc/stm32wbxx_ll_bus.h ****   *         @arg @ref LL_AHB3_GRP1_PERIPH_AES2
 737:Drivers/STM32WBxx_HAL_Driver/Inc/stm32wbxx_ll_bus.h ****   *         @arg @ref LL_AHB3_GRP1_PERIPH_RNG
 738:Drivers/STM32WBxx_HAL_Driver/Inc/stm32wbxx_ll_bus.h ****   *         @arg @ref LL_AHB3_GRP1_PERIPH_HSEM
 739:Drivers/STM32WBxx_HAL_Driver/Inc/stm32wbxx_ll_bus.h ****   *         @arg @ref LL_AHB3_GRP1_PERIPH_IPCC
 740:Drivers/STM32WBxx_HAL_Driver/Inc/stm32wbxx_ll_bus.h ****   *         @arg @ref LL_AHB3_GRP1_PERIPH_FLASH
 741:Drivers/STM32WBxx_HAL_Driver/Inc/stm32wbxx_ll_bus.h ****   * @note  (*) Not supported by all the devices
 742:Drivers/STM32WBxx_HAL_Driver/Inc/stm32wbxx_ll_bus.h ****   * @retval None
 743:Drivers/STM32WBxx_HAL_Driver/Inc/stm32wbxx_ll_bus.h ****   */
 744:Drivers/STM32WBxx_HAL_Driver/Inc/stm32wbxx_ll_bus.h **** __STATIC_INLINE void LL_AHB3_GRP1_EnableClock(uint32_t Periphs)
 745:Drivers/STM32WBxx_HAL_Driver/Inc/stm32wbxx_ll_bus.h **** {
 746:Drivers/STM32WBxx_HAL_Driver/Inc/stm32wbxx_ll_bus.h ****   __IO uint32_t tmpreg;
 747:Drivers/STM32WBxx_HAL_Driver/Inc/stm32wbxx_ll_bus.h ****   SET_BIT(RCC->AHB3ENR, Periphs);
 748:Drivers/STM32WBxx_HAL_Driver/Inc/stm32wbxx_ll_bus.h ****   /* Delay after an RCC peripheral clock enabling */
 749:Drivers/STM32WBxx_HAL_Driver/Inc/stm32wbxx_ll_bus.h ****   tmpreg = READ_BIT(RCC->AHB3ENR, Periphs);
 750:Drivers/STM32WBxx_HAL_Driver/Inc/stm32wbxx_ll_bus.h ****   (void)tmpreg;
 751:Drivers/STM32WBxx_HAL_Driver/Inc/stm32wbxx_ll_bus.h **** }
 752:Drivers/STM32WBxx_HAL_Driver/Inc/stm32wbxx_ll_bus.h **** 
 753:Drivers/STM32WBxx_HAL_Driver/Inc/stm32wbxx_ll_bus.h **** /**
 754:Drivers/STM32WBxx_HAL_Driver/Inc/stm32wbxx_ll_bus.h ****   * @brief  Check if AHB3 peripheral clock is enabled or not
 755:Drivers/STM32WBxx_HAL_Driver/Inc/stm32wbxx_ll_bus.h ****   * @rmtoll AHB3ENR      QUADSPIEN     LL_AHB3_GRP1_IsEnabledClock\n
 756:Drivers/STM32WBxx_HAL_Driver/Inc/stm32wbxx_ll_bus.h ****   *         AHB3ENR      PKAEN         LL_AHB3_GRP1_IsEnabledClock\n
 757:Drivers/STM32WBxx_HAL_Driver/Inc/stm32wbxx_ll_bus.h ****   *         AHB3ENR      AES2EN        LL_AHB3_GRP1_IsEnabledClock\n
 758:Drivers/STM32WBxx_HAL_Driver/Inc/stm32wbxx_ll_bus.h ****   *         AHB3ENR      RNGEN         LL_AHB3_GRP1_IsEnabledClock\n
 759:Drivers/STM32WBxx_HAL_Driver/Inc/stm32wbxx_ll_bus.h ****   *         AHB3ENR      HSEMEN        LL_AHB3_GRP1_IsEnabledClock\n
 760:Drivers/STM32WBxx_HAL_Driver/Inc/stm32wbxx_ll_bus.h ****   *         AHB3ENR      IPCCEN        LL_AHB3_GRP1_IsEnabledClock\n
 761:Drivers/STM32WBxx_HAL_Driver/Inc/stm32wbxx_ll_bus.h ****   *         AHB3ENR      FLASHEN       LL_AHB3_GRP1_IsEnabledClock
 762:Drivers/STM32WBxx_HAL_Driver/Inc/stm32wbxx_ll_bus.h ****   * @param  Periphs This parameter can be a combination of the following values:
 763:Drivers/STM32WBxx_HAL_Driver/Inc/stm32wbxx_ll_bus.h ****   *         @arg @ref LL_AHB3_GRP1_PERIPH_QUADSPI (*)
 764:Drivers/STM32WBxx_HAL_Driver/Inc/stm32wbxx_ll_bus.h ****   *         @arg @ref LL_AHB3_GRP1_PERIPH_PKA
 765:Drivers/STM32WBxx_HAL_Driver/Inc/stm32wbxx_ll_bus.h ****   *         @arg @ref LL_AHB3_GRP1_PERIPH_AES2
 766:Drivers/STM32WBxx_HAL_Driver/Inc/stm32wbxx_ll_bus.h ****   *         @arg @ref LL_AHB3_GRP1_PERIPH_RNG
 767:Drivers/STM32WBxx_HAL_Driver/Inc/stm32wbxx_ll_bus.h ****   *         @arg @ref LL_AHB3_GRP1_PERIPH_HSEM
 768:Drivers/STM32WBxx_HAL_Driver/Inc/stm32wbxx_ll_bus.h ****   *         @arg @ref LL_AHB3_GRP1_PERIPH_IPCC
 769:Drivers/STM32WBxx_HAL_Driver/Inc/stm32wbxx_ll_bus.h ****   *         @arg @ref LL_AHB3_GRP1_PERIPH_FLASH
 770:Drivers/STM32WBxx_HAL_Driver/Inc/stm32wbxx_ll_bus.h ****   * @note  (*) Not supported by all the devices
 771:Drivers/STM32WBxx_HAL_Driver/Inc/stm32wbxx_ll_bus.h ****   * @retval uint32_t
 772:Drivers/STM32WBxx_HAL_Driver/Inc/stm32wbxx_ll_bus.h ****   */
 773:Drivers/STM32WBxx_HAL_Driver/Inc/stm32wbxx_ll_bus.h **** __STATIC_INLINE uint32_t LL_AHB3_GRP1_IsEnabledClock(uint32_t Periphs)
 774:Drivers/STM32WBxx_HAL_Driver/Inc/stm32wbxx_ll_bus.h **** {
 775:Drivers/STM32WBxx_HAL_Driver/Inc/stm32wbxx_ll_bus.h ****   return ((READ_BIT(RCC->AHB3ENR, Periphs) == (Periphs)) ? 1UL : 0UL);
 776:Drivers/STM32WBxx_HAL_Driver/Inc/stm32wbxx_ll_bus.h **** }
 777:Drivers/STM32WBxx_HAL_Driver/Inc/stm32wbxx_ll_bus.h **** 
 778:Drivers/STM32WBxx_HAL_Driver/Inc/stm32wbxx_ll_bus.h **** /**
 779:Drivers/STM32WBxx_HAL_Driver/Inc/stm32wbxx_ll_bus.h ****   * @brief  Disable AHB3 peripherals clock.
ARM GAS  /tmp/ccBoaoMw.s 			page 20


 780:Drivers/STM32WBxx_HAL_Driver/Inc/stm32wbxx_ll_bus.h ****   * @rmtoll AHB3ENR      QUADSPIEN     LL_AHB3_GRP1_DisableClock\n
 781:Drivers/STM32WBxx_HAL_Driver/Inc/stm32wbxx_ll_bus.h ****   *         AHB3ENR      PKAEN         LL_AHB3_GRP1_DisableClock\n
 782:Drivers/STM32WBxx_HAL_Driver/Inc/stm32wbxx_ll_bus.h ****   *         AHB3ENR      AES2EN        LL_AHB3_GRP1_DisableClock\n
 783:Drivers/STM32WBxx_HAL_Driver/Inc/stm32wbxx_ll_bus.h ****   *         AHB3ENR      RNGEN         LL_AHB3_GRP1_DisableClock\n
 784:Drivers/STM32WBxx_HAL_Driver/Inc/stm32wbxx_ll_bus.h ****   *         AHB3ENR      HSEMEN        LL_AHB3_GRP1_DisableClock\n
 785:Drivers/STM32WBxx_HAL_Driver/Inc/stm32wbxx_ll_bus.h ****   *         AHB3ENR      IPCCEN        LL_AHB3_GRP1_DisableClock\n
 786:Drivers/STM32WBxx_HAL_Driver/Inc/stm32wbxx_ll_bus.h ****   *         AHB3ENR      FLASHEN       LL_AHB3_GRP1_DisableClock
 787:Drivers/STM32WBxx_HAL_Driver/Inc/stm32wbxx_ll_bus.h ****   * @param  Periphs This parameter can be a combination of the following values:
 788:Drivers/STM32WBxx_HAL_Driver/Inc/stm32wbxx_ll_bus.h ****   *         @arg @ref LL_AHB3_GRP1_PERIPH_QUADSPI (*)
 789:Drivers/STM32WBxx_HAL_Driver/Inc/stm32wbxx_ll_bus.h ****   *         @arg @ref LL_AHB3_GRP1_PERIPH_PKA
 790:Drivers/STM32WBxx_HAL_Driver/Inc/stm32wbxx_ll_bus.h ****   *         @arg @ref LL_AHB3_GRP1_PERIPH_AES2
 791:Drivers/STM32WBxx_HAL_Driver/Inc/stm32wbxx_ll_bus.h ****   *         @arg @ref LL_AHB3_GRP1_PERIPH_RNG
 792:Drivers/STM32WBxx_HAL_Driver/Inc/stm32wbxx_ll_bus.h ****   *         @arg @ref LL_AHB3_GRP1_PERIPH_HSEM
 793:Drivers/STM32WBxx_HAL_Driver/Inc/stm32wbxx_ll_bus.h ****   *         @arg @ref LL_AHB3_GRP1_PERIPH_IPCC
 794:Drivers/STM32WBxx_HAL_Driver/Inc/stm32wbxx_ll_bus.h ****   *         @arg @ref LL_AHB3_GRP1_PERIPH_FLASH
 795:Drivers/STM32WBxx_HAL_Driver/Inc/stm32wbxx_ll_bus.h ****   * @note  (*) Not supported by all the devices
 796:Drivers/STM32WBxx_HAL_Driver/Inc/stm32wbxx_ll_bus.h ****   * @retval None
 797:Drivers/STM32WBxx_HAL_Driver/Inc/stm32wbxx_ll_bus.h ****   */
 798:Drivers/STM32WBxx_HAL_Driver/Inc/stm32wbxx_ll_bus.h **** __STATIC_INLINE void LL_AHB3_GRP1_DisableClock(uint32_t Periphs)
 799:Drivers/STM32WBxx_HAL_Driver/Inc/stm32wbxx_ll_bus.h **** {
 800:Drivers/STM32WBxx_HAL_Driver/Inc/stm32wbxx_ll_bus.h ****   CLEAR_BIT(RCC->AHB3ENR, Periphs);
 801:Drivers/STM32WBxx_HAL_Driver/Inc/stm32wbxx_ll_bus.h **** }
 802:Drivers/STM32WBxx_HAL_Driver/Inc/stm32wbxx_ll_bus.h **** 
 803:Drivers/STM32WBxx_HAL_Driver/Inc/stm32wbxx_ll_bus.h **** /**
 804:Drivers/STM32WBxx_HAL_Driver/Inc/stm32wbxx_ll_bus.h ****   * @brief  Force AHB3 peripherals reset.
 805:Drivers/STM32WBxx_HAL_Driver/Inc/stm32wbxx_ll_bus.h ****   * @rmtoll AHB3RSTR     QUADSPIRST       LL_AHB3_GRP1_ForceReset\n
 806:Drivers/STM32WBxx_HAL_Driver/Inc/stm32wbxx_ll_bus.h ****   *         AHB3RSTR     PKARST        LL_AHB3_GRP1_ForceReset\n
 807:Drivers/STM32WBxx_HAL_Driver/Inc/stm32wbxx_ll_bus.h ****   *         AHB3RSTR     AES2RST       LL_AHB3_GRP1_ForceReset\n
 808:Drivers/STM32WBxx_HAL_Driver/Inc/stm32wbxx_ll_bus.h ****   *         AHB3RSTR     RNGRST        LL_AHB3_GRP1_ForceReset\n
 809:Drivers/STM32WBxx_HAL_Driver/Inc/stm32wbxx_ll_bus.h ****   *         AHB3RSTR     HSEMRST       LL_AHB3_GRP1_ForceReset\n
 810:Drivers/STM32WBxx_HAL_Driver/Inc/stm32wbxx_ll_bus.h ****   *         AHB3RSTR     IPCCRST       LL_AHB3_GRP1_ForceReset\n
 811:Drivers/STM32WBxx_HAL_Driver/Inc/stm32wbxx_ll_bus.h ****   *         AHB3RSTR     FLASHRST      LL_AHB3_GRP1_ForceReset
 812:Drivers/STM32WBxx_HAL_Driver/Inc/stm32wbxx_ll_bus.h ****   * @param  Periphs This parameter can be a combination of the following values:
 813:Drivers/STM32WBxx_HAL_Driver/Inc/stm32wbxx_ll_bus.h ****   *         @arg @ref LL_AHB3_GRP1_PERIPH_ALL
 814:Drivers/STM32WBxx_HAL_Driver/Inc/stm32wbxx_ll_bus.h ****   *         @arg @ref LL_AHB3_GRP1_PERIPH_QUADSPI (*)
 815:Drivers/STM32WBxx_HAL_Driver/Inc/stm32wbxx_ll_bus.h ****   *         @arg @ref LL_AHB3_GRP1_PERIPH_PKA
 816:Drivers/STM32WBxx_HAL_Driver/Inc/stm32wbxx_ll_bus.h ****   *         @arg @ref LL_AHB3_GRP1_PERIPH_AES2
 817:Drivers/STM32WBxx_HAL_Driver/Inc/stm32wbxx_ll_bus.h ****   *         @arg @ref LL_AHB3_GRP1_PERIPH_RNG
 818:Drivers/STM32WBxx_HAL_Driver/Inc/stm32wbxx_ll_bus.h ****   *         @arg @ref LL_AHB3_GRP1_PERIPH_HSEM
 819:Drivers/STM32WBxx_HAL_Driver/Inc/stm32wbxx_ll_bus.h ****   *         @arg @ref LL_AHB3_GRP1_PERIPH_IPCC
 820:Drivers/STM32WBxx_HAL_Driver/Inc/stm32wbxx_ll_bus.h ****   *         @arg @ref LL_AHB3_GRP1_PERIPH_FLASH
 821:Drivers/STM32WBxx_HAL_Driver/Inc/stm32wbxx_ll_bus.h ****   * @note  (*) Not supported by all the devices
 822:Drivers/STM32WBxx_HAL_Driver/Inc/stm32wbxx_ll_bus.h ****   * @retval None
 823:Drivers/STM32WBxx_HAL_Driver/Inc/stm32wbxx_ll_bus.h ****   */
 824:Drivers/STM32WBxx_HAL_Driver/Inc/stm32wbxx_ll_bus.h **** __STATIC_INLINE void LL_AHB3_GRP1_ForceReset(uint32_t Periphs)
 825:Drivers/STM32WBxx_HAL_Driver/Inc/stm32wbxx_ll_bus.h **** {
 826:Drivers/STM32WBxx_HAL_Driver/Inc/stm32wbxx_ll_bus.h ****   SET_BIT(RCC->AHB3RSTR, Periphs);
 827:Drivers/STM32WBxx_HAL_Driver/Inc/stm32wbxx_ll_bus.h **** }
 828:Drivers/STM32WBxx_HAL_Driver/Inc/stm32wbxx_ll_bus.h **** 
 829:Drivers/STM32WBxx_HAL_Driver/Inc/stm32wbxx_ll_bus.h **** /**
 830:Drivers/STM32WBxx_HAL_Driver/Inc/stm32wbxx_ll_bus.h ****   * @brief  Release AHB3 peripherals reset.
 831:Drivers/STM32WBxx_HAL_Driver/Inc/stm32wbxx_ll_bus.h ****   * @rmtoll AHB3RSTR     QUADSPIRST    LL_AHB3_GRP1_ReleaseReset\n
 832:Drivers/STM32WBxx_HAL_Driver/Inc/stm32wbxx_ll_bus.h ****   *         AHB3RSTR     PKARST        LL_AHB3_GRP1_ReleaseReset\n
 833:Drivers/STM32WBxx_HAL_Driver/Inc/stm32wbxx_ll_bus.h ****   *         AHB3RSTR     AES2RST       LL_AHB3_GRP1_ReleaseReset\n
 834:Drivers/STM32WBxx_HAL_Driver/Inc/stm32wbxx_ll_bus.h ****   *         AHB3RSTR     RNGRST        LL_AHB3_GRP1_ReleaseReset\n
 835:Drivers/STM32WBxx_HAL_Driver/Inc/stm32wbxx_ll_bus.h ****   *         AHB3RSTR     HSEMRST       LL_AHB3_GRP1_ReleaseReset\n
 836:Drivers/STM32WBxx_HAL_Driver/Inc/stm32wbxx_ll_bus.h ****   *         AHB3RSTR     IPCCRST       LL_AHB3_GRP1_ReleaseReset\n
ARM GAS  /tmp/ccBoaoMw.s 			page 21


 837:Drivers/STM32WBxx_HAL_Driver/Inc/stm32wbxx_ll_bus.h ****   *         AHB3RSTR     FLASHRST      LL_AHB3_GRP1_ReleaseReset
 838:Drivers/STM32WBxx_HAL_Driver/Inc/stm32wbxx_ll_bus.h ****   * @param  Periphs This parameter can be a combination of the following values:
 839:Drivers/STM32WBxx_HAL_Driver/Inc/stm32wbxx_ll_bus.h ****   *         @arg @ref LL_AHB2_GRP1_PERIPH_ALL
 840:Drivers/STM32WBxx_HAL_Driver/Inc/stm32wbxx_ll_bus.h ****   *         @arg @ref LL_AHB3_GRP1_PERIPH_QUADSPI (*)
 841:Drivers/STM32WBxx_HAL_Driver/Inc/stm32wbxx_ll_bus.h ****   *         @arg @ref LL_AHB3_GRP1_PERIPH_PKA
 842:Drivers/STM32WBxx_HAL_Driver/Inc/stm32wbxx_ll_bus.h ****   *         @arg @ref LL_AHB3_GRP1_PERIPH_AES2
 843:Drivers/STM32WBxx_HAL_Driver/Inc/stm32wbxx_ll_bus.h ****   *         @arg @ref LL_AHB3_GRP1_PERIPH_RNG
 844:Drivers/STM32WBxx_HAL_Driver/Inc/stm32wbxx_ll_bus.h ****   *         @arg @ref LL_AHB3_GRP1_PERIPH_HSEM
 845:Drivers/STM32WBxx_HAL_Driver/Inc/stm32wbxx_ll_bus.h ****   *         @arg @ref LL_AHB3_GRP1_PERIPH_IPCC
 846:Drivers/STM32WBxx_HAL_Driver/Inc/stm32wbxx_ll_bus.h ****   *         @arg @ref LL_AHB3_GRP1_PERIPH_FLASH
 847:Drivers/STM32WBxx_HAL_Driver/Inc/stm32wbxx_ll_bus.h ****   * @note  (*) Not supported by all the devices
 848:Drivers/STM32WBxx_HAL_Driver/Inc/stm32wbxx_ll_bus.h ****   * @retval None
 849:Drivers/STM32WBxx_HAL_Driver/Inc/stm32wbxx_ll_bus.h ****   */
 850:Drivers/STM32WBxx_HAL_Driver/Inc/stm32wbxx_ll_bus.h **** __STATIC_INLINE void LL_AHB3_GRP1_ReleaseReset(uint32_t Periphs)
 851:Drivers/STM32WBxx_HAL_Driver/Inc/stm32wbxx_ll_bus.h **** {
 852:Drivers/STM32WBxx_HAL_Driver/Inc/stm32wbxx_ll_bus.h ****   CLEAR_BIT(RCC->AHB3RSTR, Periphs);
 853:Drivers/STM32WBxx_HAL_Driver/Inc/stm32wbxx_ll_bus.h **** }
 854:Drivers/STM32WBxx_HAL_Driver/Inc/stm32wbxx_ll_bus.h **** 
 855:Drivers/STM32WBxx_HAL_Driver/Inc/stm32wbxx_ll_bus.h **** /**
 856:Drivers/STM32WBxx_HAL_Driver/Inc/stm32wbxx_ll_bus.h ****   * @brief  Enable AHB3 peripherals clock during Low Power (Sleep) mode.
 857:Drivers/STM32WBxx_HAL_Driver/Inc/stm32wbxx_ll_bus.h ****   * @rmtoll AHB3SMENR    QUADSPISMEN   LL_AHB3_GRP1_EnableClockSleep\n
 858:Drivers/STM32WBxx_HAL_Driver/Inc/stm32wbxx_ll_bus.h ****   *         AHB3SMENR    PKASMEN       LL_AHB3_GRP1_EnableClockSleep\n
 859:Drivers/STM32WBxx_HAL_Driver/Inc/stm32wbxx_ll_bus.h ****   *         AHB3SMENR    AES2SMEN      LL_AHB3_GRP1_EnableClockSleep\n
 860:Drivers/STM32WBxx_HAL_Driver/Inc/stm32wbxx_ll_bus.h ****   *         AHB3SMENR    RNGSMEN       LL_AHB3_GRP1_EnableClockSleep\n
 861:Drivers/STM32WBxx_HAL_Driver/Inc/stm32wbxx_ll_bus.h ****   *         AHB3SMENR    SRAM2SMEN     LL_AHB3_GRP1_EnableClockSleep\n
 862:Drivers/STM32WBxx_HAL_Driver/Inc/stm32wbxx_ll_bus.h ****   *         AHB3SMENR    FLASHSMEN     LL_AHB3_GRP1_EnableClockSleep
 863:Drivers/STM32WBxx_HAL_Driver/Inc/stm32wbxx_ll_bus.h ****   * @param  Periphs This parameter can be a combination of the following values:
 864:Drivers/STM32WBxx_HAL_Driver/Inc/stm32wbxx_ll_bus.h ****   *         @arg @ref LL_AHB3_GRP1_PERIPH_QUADSPI (*)
 865:Drivers/STM32WBxx_HAL_Driver/Inc/stm32wbxx_ll_bus.h ****   *         @arg @ref LL_AHB3_GRP1_PERIPH_PKA
 866:Drivers/STM32WBxx_HAL_Driver/Inc/stm32wbxx_ll_bus.h ****   *         @arg @ref LL_AHB3_GRP1_PERIPH_AES2
 867:Drivers/STM32WBxx_HAL_Driver/Inc/stm32wbxx_ll_bus.h ****   *         @arg @ref LL_AHB3_GRP1_PERIPH_RNG
 868:Drivers/STM32WBxx_HAL_Driver/Inc/stm32wbxx_ll_bus.h ****   *         @arg @ref LL_AHB3_GRP1_PERIPH_SRAM2
 869:Drivers/STM32WBxx_HAL_Driver/Inc/stm32wbxx_ll_bus.h ****   * @note  (*) Not supported by all the devices
 870:Drivers/STM32WBxx_HAL_Driver/Inc/stm32wbxx_ll_bus.h ****   *         @arg @ref LL_AHB3_GRP1_PERIPH_FLASH
 871:Drivers/STM32WBxx_HAL_Driver/Inc/stm32wbxx_ll_bus.h ****   * @retval None
 872:Drivers/STM32WBxx_HAL_Driver/Inc/stm32wbxx_ll_bus.h ****   */
 873:Drivers/STM32WBxx_HAL_Driver/Inc/stm32wbxx_ll_bus.h **** __STATIC_INLINE void LL_AHB3_GRP1_EnableClockSleep(uint32_t Periphs)
 874:Drivers/STM32WBxx_HAL_Driver/Inc/stm32wbxx_ll_bus.h **** {
 875:Drivers/STM32WBxx_HAL_Driver/Inc/stm32wbxx_ll_bus.h ****   __IO uint32_t tmpreg;
 876:Drivers/STM32WBxx_HAL_Driver/Inc/stm32wbxx_ll_bus.h ****   SET_BIT(RCC->AHB3SMENR, Periphs);
 877:Drivers/STM32WBxx_HAL_Driver/Inc/stm32wbxx_ll_bus.h ****   /* Delay after an RCC peripheral clock enabling */
 878:Drivers/STM32WBxx_HAL_Driver/Inc/stm32wbxx_ll_bus.h ****   tmpreg = READ_BIT(RCC->AHB3SMENR, Periphs);
 879:Drivers/STM32WBxx_HAL_Driver/Inc/stm32wbxx_ll_bus.h ****   (void)tmpreg;
 880:Drivers/STM32WBxx_HAL_Driver/Inc/stm32wbxx_ll_bus.h **** }
 881:Drivers/STM32WBxx_HAL_Driver/Inc/stm32wbxx_ll_bus.h **** 
 882:Drivers/STM32WBxx_HAL_Driver/Inc/stm32wbxx_ll_bus.h **** /**
 883:Drivers/STM32WBxx_HAL_Driver/Inc/stm32wbxx_ll_bus.h ****   * @brief  Disable AHB3 peripherals clock during Low Power (Sleep) mode.
 884:Drivers/STM32WBxx_HAL_Driver/Inc/stm32wbxx_ll_bus.h ****   * @rmtoll AHB3SMENR    QUADSPISMEN   LL_AHB3_GRP1_DisableClockSleep\n
 885:Drivers/STM32WBxx_HAL_Driver/Inc/stm32wbxx_ll_bus.h ****   *         AHB3SMENR    PKASMEN       LL_AHB3_GRP1_DisableClockSleep\n
 886:Drivers/STM32WBxx_HAL_Driver/Inc/stm32wbxx_ll_bus.h ****   *         AHB3SMENR    AES2SMEN      LL_AHB3_GRP1_DisableClockSleep\n
 887:Drivers/STM32WBxx_HAL_Driver/Inc/stm32wbxx_ll_bus.h ****   *         AHB3SMENR    RNGSMEN       LL_AHB3_GRP1_DisableClockSleep\n
 888:Drivers/STM32WBxx_HAL_Driver/Inc/stm32wbxx_ll_bus.h ****   *         AHB3SMENR    SRAM2SMEN     LL_AHB3_GRP1_DisableClockSleep\n
 889:Drivers/STM32WBxx_HAL_Driver/Inc/stm32wbxx_ll_bus.h ****   *         AHB3SMENR    FLASHSMEN     LL_AHB3_GRP1_DisableClockSleep
 890:Drivers/STM32WBxx_HAL_Driver/Inc/stm32wbxx_ll_bus.h ****   * @param  Periphs This parameter can be a combination of the following values:
 891:Drivers/STM32WBxx_HAL_Driver/Inc/stm32wbxx_ll_bus.h ****   *         @arg @ref LL_AHB3_GRP1_PERIPH_QUADSPI (*)
 892:Drivers/STM32WBxx_HAL_Driver/Inc/stm32wbxx_ll_bus.h ****   *         @arg @ref LL_AHB3_GRP1_PERIPH_PKA
 893:Drivers/STM32WBxx_HAL_Driver/Inc/stm32wbxx_ll_bus.h ****   *         @arg @ref LL_AHB3_GRP1_PERIPH_AES2
ARM GAS  /tmp/ccBoaoMw.s 			page 22


 894:Drivers/STM32WBxx_HAL_Driver/Inc/stm32wbxx_ll_bus.h ****   *         @arg @ref LL_AHB3_GRP1_PERIPH_RNG
 895:Drivers/STM32WBxx_HAL_Driver/Inc/stm32wbxx_ll_bus.h ****   *         @arg @ref LL_AHB3_GRP1_PERIPH_SRAM2
 896:Drivers/STM32WBxx_HAL_Driver/Inc/stm32wbxx_ll_bus.h ****   *         @arg @ref LL_AHB3_GRP1_PERIPH_FLASH
 897:Drivers/STM32WBxx_HAL_Driver/Inc/stm32wbxx_ll_bus.h ****   * @note  (*) Not supported by all the devices
 898:Drivers/STM32WBxx_HAL_Driver/Inc/stm32wbxx_ll_bus.h ****   * @retval None
 899:Drivers/STM32WBxx_HAL_Driver/Inc/stm32wbxx_ll_bus.h ****   */
 900:Drivers/STM32WBxx_HAL_Driver/Inc/stm32wbxx_ll_bus.h **** __STATIC_INLINE void LL_AHB3_GRP1_DisableClockSleep(uint32_t Periphs)
 901:Drivers/STM32WBxx_HAL_Driver/Inc/stm32wbxx_ll_bus.h **** {
 902:Drivers/STM32WBxx_HAL_Driver/Inc/stm32wbxx_ll_bus.h ****   CLEAR_BIT(RCC->AHB3SMENR, Periphs);
 903:Drivers/STM32WBxx_HAL_Driver/Inc/stm32wbxx_ll_bus.h **** }
 904:Drivers/STM32WBxx_HAL_Driver/Inc/stm32wbxx_ll_bus.h **** 
 905:Drivers/STM32WBxx_HAL_Driver/Inc/stm32wbxx_ll_bus.h **** /**
 906:Drivers/STM32WBxx_HAL_Driver/Inc/stm32wbxx_ll_bus.h ****   * @}
 907:Drivers/STM32WBxx_HAL_Driver/Inc/stm32wbxx_ll_bus.h ****   */
 908:Drivers/STM32WBxx_HAL_Driver/Inc/stm32wbxx_ll_bus.h **** 
 909:Drivers/STM32WBxx_HAL_Driver/Inc/stm32wbxx_ll_bus.h **** /** @defgroup BUS_LL_EF_APB1 APB1
 910:Drivers/STM32WBxx_HAL_Driver/Inc/stm32wbxx_ll_bus.h ****   * @{
 911:Drivers/STM32WBxx_HAL_Driver/Inc/stm32wbxx_ll_bus.h ****   */
 912:Drivers/STM32WBxx_HAL_Driver/Inc/stm32wbxx_ll_bus.h **** 
 913:Drivers/STM32WBxx_HAL_Driver/Inc/stm32wbxx_ll_bus.h **** /**
 914:Drivers/STM32WBxx_HAL_Driver/Inc/stm32wbxx_ll_bus.h ****   * @brief  Enable APB1 peripherals clock.
 915:Drivers/STM32WBxx_HAL_Driver/Inc/stm32wbxx_ll_bus.h ****   * @rmtoll APB1ENR1     TIM2EN        LL_APB1_GRP1_EnableClock\n
 916:Drivers/STM32WBxx_HAL_Driver/Inc/stm32wbxx_ll_bus.h ****   *         APB1ENR1     LCDEN         LL_APB1_GRP1_EnableClock\n
 917:Drivers/STM32WBxx_HAL_Driver/Inc/stm32wbxx_ll_bus.h ****   *         APB1ENR1     RTCAPBEN      LL_APB1_GRP1_EnableClock\n
 918:Drivers/STM32WBxx_HAL_Driver/Inc/stm32wbxx_ll_bus.h ****   *         APB1ENR1     WWDGEN        LL_APB1_GRP1_EnableClock\n
 919:Drivers/STM32WBxx_HAL_Driver/Inc/stm32wbxx_ll_bus.h ****   *         APB1ENR1     SPI2EN        LL_APB1_GRP1_EnableClock\n
 920:Drivers/STM32WBxx_HAL_Driver/Inc/stm32wbxx_ll_bus.h ****   *         APB1ENR1     I2C1EN        LL_APB1_GRP1_EnableClock\n
 921:Drivers/STM32WBxx_HAL_Driver/Inc/stm32wbxx_ll_bus.h ****   *         APB1ENR1     I2C3EN        LL_APB1_GRP1_EnableClock\n
 922:Drivers/STM32WBxx_HAL_Driver/Inc/stm32wbxx_ll_bus.h ****   *         APB1ENR1     CRSEN         LL_APB1_GRP1_EnableClock\n
 923:Drivers/STM32WBxx_HAL_Driver/Inc/stm32wbxx_ll_bus.h ****   *         APB1ENR1     USBEN         LL_APB1_GRP1_EnableClock\n
 924:Drivers/STM32WBxx_HAL_Driver/Inc/stm32wbxx_ll_bus.h ****   *         APB1ENR1     LPTIM1EN      LL_APB1_GRP1_EnableClock
 925:Drivers/STM32WBxx_HAL_Driver/Inc/stm32wbxx_ll_bus.h ****   * @param  Periphs This parameter can be a combination of the following values:
 926:Drivers/STM32WBxx_HAL_Driver/Inc/stm32wbxx_ll_bus.h ****   *         @arg @ref LL_APB1_GRP1_PERIPH_TIM2
 927:Drivers/STM32WBxx_HAL_Driver/Inc/stm32wbxx_ll_bus.h ****   *         @arg @ref LL_APB1_GRP1_PERIPH_LCD (*)
 928:Drivers/STM32WBxx_HAL_Driver/Inc/stm32wbxx_ll_bus.h ****   *         @arg @ref LL_APB1_GRP1_PERIPH_RTCAPB
 929:Drivers/STM32WBxx_HAL_Driver/Inc/stm32wbxx_ll_bus.h ****   *         @arg @ref LL_APB1_GRP1_PERIPH_WWDG
 930:Drivers/STM32WBxx_HAL_Driver/Inc/stm32wbxx_ll_bus.h ****   *         @arg @ref LL_APB1_GRP1_PERIPH_SPI2 (*)
 931:Drivers/STM32WBxx_HAL_Driver/Inc/stm32wbxx_ll_bus.h ****   *         @arg @ref LL_APB1_GRP1_PERIPH_I2C1
 932:Drivers/STM32WBxx_HAL_Driver/Inc/stm32wbxx_ll_bus.h ****   *         @arg @ref LL_APB1_GRP1_PERIPH_I2C3 (*)
 933:Drivers/STM32WBxx_HAL_Driver/Inc/stm32wbxx_ll_bus.h ****   *         @arg @ref LL_APB1_GRP1_PERIPH_CRS (*)
 934:Drivers/STM32WBxx_HAL_Driver/Inc/stm32wbxx_ll_bus.h ****   *         @arg @ref LL_APB1_GRP1_PERIPH_USB (*)
 935:Drivers/STM32WBxx_HAL_Driver/Inc/stm32wbxx_ll_bus.h ****   *         @arg @ref LL_APB1_GRP1_PERIPH_LPTIM1
 936:Drivers/STM32WBxx_HAL_Driver/Inc/stm32wbxx_ll_bus.h ****   * @note  (*) Not supported by all the devices
 937:Drivers/STM32WBxx_HAL_Driver/Inc/stm32wbxx_ll_bus.h ****   * @retval None
 938:Drivers/STM32WBxx_HAL_Driver/Inc/stm32wbxx_ll_bus.h ****   */
 939:Drivers/STM32WBxx_HAL_Driver/Inc/stm32wbxx_ll_bus.h **** __STATIC_INLINE void LL_APB1_GRP1_EnableClock(uint32_t Periphs)
 171              		.loc 2 939 22 view .LVU43
 172              	.LBB17:
 940:Drivers/STM32WBxx_HAL_Driver/Inc/stm32wbxx_ll_bus.h **** {
 941:Drivers/STM32WBxx_HAL_Driver/Inc/stm32wbxx_ll_bus.h ****   __IO uint32_t tmpreg;
 173              		.loc 2 941 3 view .LVU44
 942:Drivers/STM32WBxx_HAL_Driver/Inc/stm32wbxx_ll_bus.h ****   SET_BIT(RCC->APB1ENR1, Periphs);
 174              		.loc 2 942 3 view .LVU45
 175 006a A36D     		ldr	r3, [r4, #88]
 176 006c 43F40013 		orr	r3, r3, #2097152
 177 0070 A365     		str	r3, [r4, #88]
 943:Drivers/STM32WBxx_HAL_Driver/Inc/stm32wbxx_ll_bus.h ****   /* Delay after an RCC peripheral clock enabling */
ARM GAS  /tmp/ccBoaoMw.s 			page 23


 944:Drivers/STM32WBxx_HAL_Driver/Inc/stm32wbxx_ll_bus.h ****   tmpreg = READ_BIT(RCC->APB1ENR1, Periphs);
 178              		.loc 2 944 3 view .LVU46
 179              		.loc 2 944 12 is_stmt 0 view .LVU47
 180 0072 A36D     		ldr	r3, [r4, #88]
 181 0074 03F40013 		and	r3, r3, #2097152
 182              		.loc 2 944 10 view .LVU48
 183 0078 0193     		str	r3, [sp, #4]
 945:Drivers/STM32WBxx_HAL_Driver/Inc/stm32wbxx_ll_bus.h ****   (void)tmpreg;
 184              		.loc 2 945 3 is_stmt 1 view .LVU49
 185 007a 019B     		ldr	r3, [sp, #4]
 186              	.LVL11:
 187              		.loc 2 945 3 is_stmt 0 view .LVU50
 188              	.LBE17:
 189              	.LBE16:
 190              		.loc 1 117 1 view .LVU51
 191 007c D1E7     		b	.L3
 192              	.LVL12:
 193              	.L8:
  96:Core/Src/stm32wbxx_hal_msp.c ****     }
 194              		.loc 1 96 7 is_stmt 1 view .LVU52
 195 007e FFF7FEFF 		bl	Error_Handler
 196              	.LVL13:
 197 0082 D9E7     		b	.L5
 198              	.L10:
 199              		.align	2
 200              	.L9:
 201 0084 00540040 		.word	1073763328
 202 0088 00040048 		.word	1207960576
 203              		.cfi_endproc
 204              	.LFE951:
 206              		.section	.text.HAL_I2C_MspDeInit,"ax",%progbits
 207              		.align	1
 208              		.global	HAL_I2C_MspDeInit
 209              		.syntax unified
 210              		.thumb
 211              		.thumb_func
 213              	HAL_I2C_MspDeInit:
 214              	.LVL14:
 215              	.LFB952:
 118:Core/Src/stm32wbxx_hal_msp.c **** 
 119:Core/Src/stm32wbxx_hal_msp.c **** /**
 120:Core/Src/stm32wbxx_hal_msp.c ****  * @brief I2C MSP De-Initialization
 121:Core/Src/stm32wbxx_hal_msp.c ****  * This function freeze the hardware resources used in this example
 122:Core/Src/stm32wbxx_hal_msp.c ****  * @param hi2c: I2C handle pointer
 123:Core/Src/stm32wbxx_hal_msp.c ****  * @retval None
 124:Core/Src/stm32wbxx_hal_msp.c ****  */
 125:Core/Src/stm32wbxx_hal_msp.c **** void HAL_I2C_MspDeInit(I2C_HandleTypeDef *hi2c) {
 216              		.loc 1 125 49 view -0
 217              		.cfi_startproc
 218              		@ args = 0, pretend = 0, frame = 0
 219              		@ frame_needed = 0, uses_anonymous_args = 0
 220              		.loc 1 125 49 is_stmt 0 view .LVU54
 221 0000 08B5     		push	{r3, lr}
 222              		.cfi_def_cfa_offset 8
 223              		.cfi_offset 3, -8
 224              		.cfi_offset 14, -4
 126:Core/Src/stm32wbxx_hal_msp.c ****   if (hi2c->Instance == I2C1) {
ARM GAS  /tmp/ccBoaoMw.s 			page 24


 225              		.loc 1 126 3 is_stmt 1 view .LVU55
 226              		.loc 1 126 11 is_stmt 0 view .LVU56
 227 0002 0268     		ldr	r2, [r0]
 228              		.loc 1 126 6 view .LVU57
 229 0004 0A4B     		ldr	r3, .L15
 230 0006 9A42     		cmp	r2, r3
 231 0008 00D0     		beq	.L14
 232              	.LVL15:
 233              	.L11:
 127:Core/Src/stm32wbxx_hal_msp.c ****     /* USER CODE BEGIN I2C1_MspDeInit 0 */
 128:Core/Src/stm32wbxx_hal_msp.c **** 
 129:Core/Src/stm32wbxx_hal_msp.c ****     /* USER CODE END I2C1_MspDeInit 0 */
 130:Core/Src/stm32wbxx_hal_msp.c ****     /* Peripheral clock disable */
 131:Core/Src/stm32wbxx_hal_msp.c ****     __HAL_RCC_I2C1_CLK_DISABLE();
 132:Core/Src/stm32wbxx_hal_msp.c **** 
 133:Core/Src/stm32wbxx_hal_msp.c ****     /**I2C1 GPIO Configuration
 134:Core/Src/stm32wbxx_hal_msp.c ****     PB8     ------> I2C1_SCL
 135:Core/Src/stm32wbxx_hal_msp.c ****     PB9     ------> I2C1_SDA
 136:Core/Src/stm32wbxx_hal_msp.c ****     */
 137:Core/Src/stm32wbxx_hal_msp.c ****     HAL_GPIO_DeInit(BMP_SCL_GPIO_Port, BMP_SCL_Pin);
 138:Core/Src/stm32wbxx_hal_msp.c **** 
 139:Core/Src/stm32wbxx_hal_msp.c ****     HAL_GPIO_DeInit(BMP_SDA_GPIO_Port, BMP_SDA_Pin);
 140:Core/Src/stm32wbxx_hal_msp.c **** 
 141:Core/Src/stm32wbxx_hal_msp.c ****     /* USER CODE BEGIN I2C1_MspDeInit 1 */
 142:Core/Src/stm32wbxx_hal_msp.c **** 
 143:Core/Src/stm32wbxx_hal_msp.c ****     /* USER CODE END I2C1_MspDeInit 1 */
 144:Core/Src/stm32wbxx_hal_msp.c ****   }
 145:Core/Src/stm32wbxx_hal_msp.c **** }
 234              		.loc 1 145 1 view .LVU58
 235 000a 08BD     		pop	{r3, pc}
 236              	.LVL16:
 237              	.L14:
 131:Core/Src/stm32wbxx_hal_msp.c **** 
 238              		.loc 1 131 5 is_stmt 1 view .LVU59
 239              	.LBB18:
 240              	.LBI18:
 946:Drivers/STM32WBxx_HAL_Driver/Inc/stm32wbxx_ll_bus.h **** }
 947:Drivers/STM32WBxx_HAL_Driver/Inc/stm32wbxx_ll_bus.h **** 
 948:Drivers/STM32WBxx_HAL_Driver/Inc/stm32wbxx_ll_bus.h **** /**
 949:Drivers/STM32WBxx_HAL_Driver/Inc/stm32wbxx_ll_bus.h ****   * @brief  Enable APB1 peripherals clock.
 950:Drivers/STM32WBxx_HAL_Driver/Inc/stm32wbxx_ll_bus.h ****   * @rmtoll APB1ENR2     LPUART1EN     LL_APB1_GRP2_EnableClock\n
 951:Drivers/STM32WBxx_HAL_Driver/Inc/stm32wbxx_ll_bus.h ****   *         APB1ENR2     LPTIM2EN      LL_APB1_GRP2_EnableClock
 952:Drivers/STM32WBxx_HAL_Driver/Inc/stm32wbxx_ll_bus.h ****   * @param  Periphs This parameter can be a combination of the following values:
 953:Drivers/STM32WBxx_HAL_Driver/Inc/stm32wbxx_ll_bus.h ****   *         @arg @ref LL_APB1_GRP2_PERIPH_LPUART1 (*)
 954:Drivers/STM32WBxx_HAL_Driver/Inc/stm32wbxx_ll_bus.h ****   *         @arg @ref LL_APB1_GRP2_PERIPH_LPTIM2
 955:Drivers/STM32WBxx_HAL_Driver/Inc/stm32wbxx_ll_bus.h ****   * @note  (*) Not supported by all the devices
 956:Drivers/STM32WBxx_HAL_Driver/Inc/stm32wbxx_ll_bus.h ****   * @retval None
 957:Drivers/STM32WBxx_HAL_Driver/Inc/stm32wbxx_ll_bus.h ****   */
 958:Drivers/STM32WBxx_HAL_Driver/Inc/stm32wbxx_ll_bus.h **** __STATIC_INLINE void LL_APB1_GRP2_EnableClock(uint32_t Periphs)
 959:Drivers/STM32WBxx_HAL_Driver/Inc/stm32wbxx_ll_bus.h **** {
 960:Drivers/STM32WBxx_HAL_Driver/Inc/stm32wbxx_ll_bus.h ****   __IO uint32_t tmpreg;
 961:Drivers/STM32WBxx_HAL_Driver/Inc/stm32wbxx_ll_bus.h ****   SET_BIT(RCC->APB1ENR2, Periphs);
 962:Drivers/STM32WBxx_HAL_Driver/Inc/stm32wbxx_ll_bus.h ****   /* Delay after an RCC peripheral clock enabling */
 963:Drivers/STM32WBxx_HAL_Driver/Inc/stm32wbxx_ll_bus.h ****   tmpreg = READ_BIT(RCC->APB1ENR2, Periphs);
 964:Drivers/STM32WBxx_HAL_Driver/Inc/stm32wbxx_ll_bus.h ****   (void)tmpreg;
 965:Drivers/STM32WBxx_HAL_Driver/Inc/stm32wbxx_ll_bus.h **** }
 966:Drivers/STM32WBxx_HAL_Driver/Inc/stm32wbxx_ll_bus.h **** 
ARM GAS  /tmp/ccBoaoMw.s 			page 25


 967:Drivers/STM32WBxx_HAL_Driver/Inc/stm32wbxx_ll_bus.h **** /**
 968:Drivers/STM32WBxx_HAL_Driver/Inc/stm32wbxx_ll_bus.h ****   * @brief  Check if APB1 peripheral clock is enabled or not
 969:Drivers/STM32WBxx_HAL_Driver/Inc/stm32wbxx_ll_bus.h ****   * @rmtoll APB1ENR1     TIM2EN        LL_APB1_GRP1_IsEnabledClock\n
 970:Drivers/STM32WBxx_HAL_Driver/Inc/stm32wbxx_ll_bus.h ****   *         APB1ENR1     LCDEN         LL_APB1_GRP1_IsEnabledClock\n
 971:Drivers/STM32WBxx_HAL_Driver/Inc/stm32wbxx_ll_bus.h ****   *         APB1ENR1     RTCAPBEN      LL_APB1_GRP1_IsEnabledClock\n
 972:Drivers/STM32WBxx_HAL_Driver/Inc/stm32wbxx_ll_bus.h ****   *         APB1ENR1     WWDGEN        LL_APB1_GRP1_IsEnabledClock\n
 973:Drivers/STM32WBxx_HAL_Driver/Inc/stm32wbxx_ll_bus.h ****   *         APB1ENR1     SPI2EN        LL_APB1_GRP1_IsEnabledClock\n
 974:Drivers/STM32WBxx_HAL_Driver/Inc/stm32wbxx_ll_bus.h ****   *         APB1ENR1     I2C1EN        LL_APB1_GRP1_IsEnabledClock\n
 975:Drivers/STM32WBxx_HAL_Driver/Inc/stm32wbxx_ll_bus.h ****   *         APB1ENR1     I2C3EN        LL_APB1_GRP1_IsEnabledClock\n
 976:Drivers/STM32WBxx_HAL_Driver/Inc/stm32wbxx_ll_bus.h ****   *         APB1ENR1     CRSEN         LL_APB1_GRP1_IsEnabledClock\n
 977:Drivers/STM32WBxx_HAL_Driver/Inc/stm32wbxx_ll_bus.h ****   *         APB1ENR1     USBEN         LL_APB1_GRP1_IsEnabledClock\n
 978:Drivers/STM32WBxx_HAL_Driver/Inc/stm32wbxx_ll_bus.h ****   *         APB1ENR1     LPTIM1EN      LL_APB1_GRP1_IsEnabledClock
 979:Drivers/STM32WBxx_HAL_Driver/Inc/stm32wbxx_ll_bus.h ****   * @param  Periphs This parameter can be a combination of the following values:
 980:Drivers/STM32WBxx_HAL_Driver/Inc/stm32wbxx_ll_bus.h ****   *         @arg @ref LL_APB1_GRP1_PERIPH_TIM2
 981:Drivers/STM32WBxx_HAL_Driver/Inc/stm32wbxx_ll_bus.h ****   *         @arg @ref LL_APB1_GRP1_PERIPH_LCD (*)
 982:Drivers/STM32WBxx_HAL_Driver/Inc/stm32wbxx_ll_bus.h ****   *         @arg @ref LL_APB1_GRP1_PERIPH_RTCAPB
 983:Drivers/STM32WBxx_HAL_Driver/Inc/stm32wbxx_ll_bus.h ****   *         @arg @ref LL_APB1_GRP1_PERIPH_WWDG
 984:Drivers/STM32WBxx_HAL_Driver/Inc/stm32wbxx_ll_bus.h ****   *         @arg @ref LL_APB1_GRP1_PERIPH_SPI2 (*)
 985:Drivers/STM32WBxx_HAL_Driver/Inc/stm32wbxx_ll_bus.h ****   *         @arg @ref LL_APB1_GRP1_PERIPH_I2C1
 986:Drivers/STM32WBxx_HAL_Driver/Inc/stm32wbxx_ll_bus.h ****   *         @arg @ref LL_APB1_GRP1_PERIPH_I2C3 (*)
 987:Drivers/STM32WBxx_HAL_Driver/Inc/stm32wbxx_ll_bus.h ****   *         @arg @ref LL_APB1_GRP1_PERIPH_CRS (*)
 988:Drivers/STM32WBxx_HAL_Driver/Inc/stm32wbxx_ll_bus.h ****   *         @arg @ref LL_APB1_GRP1_PERIPH_USB (*)
 989:Drivers/STM32WBxx_HAL_Driver/Inc/stm32wbxx_ll_bus.h ****   *         @arg @ref LL_APB1_GRP1_PERIPH_LPTIM1
 990:Drivers/STM32WBxx_HAL_Driver/Inc/stm32wbxx_ll_bus.h ****   * @note  (*) Not supported by all the devices
 991:Drivers/STM32WBxx_HAL_Driver/Inc/stm32wbxx_ll_bus.h ****   * @retval uint32_t
 992:Drivers/STM32WBxx_HAL_Driver/Inc/stm32wbxx_ll_bus.h ****   */
 993:Drivers/STM32WBxx_HAL_Driver/Inc/stm32wbxx_ll_bus.h **** __STATIC_INLINE uint32_t LL_APB1_GRP1_IsEnabledClock(uint32_t Periphs)
 994:Drivers/STM32WBxx_HAL_Driver/Inc/stm32wbxx_ll_bus.h **** {
 995:Drivers/STM32WBxx_HAL_Driver/Inc/stm32wbxx_ll_bus.h ****   return ((READ_BIT(RCC->APB1ENR1, Periphs) == (Periphs)) ? 1UL : 0UL);
 996:Drivers/STM32WBxx_HAL_Driver/Inc/stm32wbxx_ll_bus.h **** }
 997:Drivers/STM32WBxx_HAL_Driver/Inc/stm32wbxx_ll_bus.h **** 
 998:Drivers/STM32WBxx_HAL_Driver/Inc/stm32wbxx_ll_bus.h **** /**
 999:Drivers/STM32WBxx_HAL_Driver/Inc/stm32wbxx_ll_bus.h ****   * @brief  Check if APB1 peripheral clock is enabled or not
1000:Drivers/STM32WBxx_HAL_Driver/Inc/stm32wbxx_ll_bus.h ****   * @rmtoll APB1ENR2     LPUART1EN     LL_APB1_GRP2_IsEnabledClock\n
1001:Drivers/STM32WBxx_HAL_Driver/Inc/stm32wbxx_ll_bus.h ****   *         APB1ENR2     LPTIM2EN      LL_APB1_GRP2_IsEnabledClock
1002:Drivers/STM32WBxx_HAL_Driver/Inc/stm32wbxx_ll_bus.h ****   * @param  Periphs This parameter can be a combination of the following values:
1003:Drivers/STM32WBxx_HAL_Driver/Inc/stm32wbxx_ll_bus.h ****   *         @arg @ref LL_APB1_GRP2_PERIPH_LPUART1 (*)
1004:Drivers/STM32WBxx_HAL_Driver/Inc/stm32wbxx_ll_bus.h ****   *         @arg @ref LL_APB1_GRP2_PERIPH_LPTIM2
1005:Drivers/STM32WBxx_HAL_Driver/Inc/stm32wbxx_ll_bus.h ****   * @note  (*) Not supported by all the devices
1006:Drivers/STM32WBxx_HAL_Driver/Inc/stm32wbxx_ll_bus.h ****   * @retval uint32_t
1007:Drivers/STM32WBxx_HAL_Driver/Inc/stm32wbxx_ll_bus.h ****   */
1008:Drivers/STM32WBxx_HAL_Driver/Inc/stm32wbxx_ll_bus.h **** __STATIC_INLINE uint32_t LL_APB1_GRP2_IsEnabledClock(uint32_t Periphs)
1009:Drivers/STM32WBxx_HAL_Driver/Inc/stm32wbxx_ll_bus.h **** {
1010:Drivers/STM32WBxx_HAL_Driver/Inc/stm32wbxx_ll_bus.h ****   return ((READ_BIT(RCC->APB1ENR2, Periphs) == (Periphs)) ? 1UL : 0UL);
1011:Drivers/STM32WBxx_HAL_Driver/Inc/stm32wbxx_ll_bus.h **** }
1012:Drivers/STM32WBxx_HAL_Driver/Inc/stm32wbxx_ll_bus.h **** 
1013:Drivers/STM32WBxx_HAL_Driver/Inc/stm32wbxx_ll_bus.h **** /**
1014:Drivers/STM32WBxx_HAL_Driver/Inc/stm32wbxx_ll_bus.h ****   * @brief  Disable APB1 peripherals clock.
1015:Drivers/STM32WBxx_HAL_Driver/Inc/stm32wbxx_ll_bus.h ****   * @rmtoll APB1ENR1     TIM2EN        LL_APB1_GRP1_DisableClock\n
1016:Drivers/STM32WBxx_HAL_Driver/Inc/stm32wbxx_ll_bus.h ****   *         APB1ENR1     LCDEN         LL_APB1_GRP1_DisableClock\n
1017:Drivers/STM32WBxx_HAL_Driver/Inc/stm32wbxx_ll_bus.h ****   *         APB1ENR1     RTCAPBEN      LL_APB1_GRP1_DisableClock\n
1018:Drivers/STM32WBxx_HAL_Driver/Inc/stm32wbxx_ll_bus.h ****   *         APB1ENR1     SPI2EN        LL_APB1_GRP1_DisableClock\n
1019:Drivers/STM32WBxx_HAL_Driver/Inc/stm32wbxx_ll_bus.h ****   *         APB1ENR1     I2C1EN        LL_APB1_GRP1_DisableClock\n
1020:Drivers/STM32WBxx_HAL_Driver/Inc/stm32wbxx_ll_bus.h ****   *         APB1ENR1     I2C3EN        LL_APB1_GRP1_DisableClock\n
1021:Drivers/STM32WBxx_HAL_Driver/Inc/stm32wbxx_ll_bus.h ****   *         APB1ENR1     CRSEN         LL_APB1_GRP1_DisableClock\n
1022:Drivers/STM32WBxx_HAL_Driver/Inc/stm32wbxx_ll_bus.h ****   *         APB1ENR1     USBEN         LL_APB1_GRP1_DisableClock\n
1023:Drivers/STM32WBxx_HAL_Driver/Inc/stm32wbxx_ll_bus.h ****   *         APB1ENR1     LPTIM1EN      LL_APB1_GRP1_DisableClock
ARM GAS  /tmp/ccBoaoMw.s 			page 26


1024:Drivers/STM32WBxx_HAL_Driver/Inc/stm32wbxx_ll_bus.h ****   * @param  Periphs This parameter can be a combination of the following values:
1025:Drivers/STM32WBxx_HAL_Driver/Inc/stm32wbxx_ll_bus.h ****   *         @arg @ref LL_APB1_GRP1_PERIPH_TIM2
1026:Drivers/STM32WBxx_HAL_Driver/Inc/stm32wbxx_ll_bus.h ****   *         @arg @ref LL_APB1_GRP1_PERIPH_LCD (*)
1027:Drivers/STM32WBxx_HAL_Driver/Inc/stm32wbxx_ll_bus.h ****   *         @arg @ref LL_APB1_GRP1_PERIPH_RTCAPB
1028:Drivers/STM32WBxx_HAL_Driver/Inc/stm32wbxx_ll_bus.h ****   *         @arg @ref LL_APB1_GRP1_PERIPH_WWDG
1029:Drivers/STM32WBxx_HAL_Driver/Inc/stm32wbxx_ll_bus.h ****   *         @arg @ref LL_APB1_GRP1_PERIPH_SPI2 (*)
1030:Drivers/STM32WBxx_HAL_Driver/Inc/stm32wbxx_ll_bus.h ****   *         @arg @ref LL_APB1_GRP1_PERIPH_I2C1
1031:Drivers/STM32WBxx_HAL_Driver/Inc/stm32wbxx_ll_bus.h ****   *         @arg @ref LL_APB1_GRP1_PERIPH_I2C3 (*)
1032:Drivers/STM32WBxx_HAL_Driver/Inc/stm32wbxx_ll_bus.h ****   *         @arg @ref LL_APB1_GRP1_PERIPH_ (*)
1033:Drivers/STM32WBxx_HAL_Driver/Inc/stm32wbxx_ll_bus.h ****   *         @arg @ref LL_APB1_GRP1_PERIPH_USB (*)
1034:Drivers/STM32WBxx_HAL_Driver/Inc/stm32wbxx_ll_bus.h ****   *         @arg @ref LL_APB1_GRP1_PERIPH_LPTIM1
1035:Drivers/STM32WBxx_HAL_Driver/Inc/stm32wbxx_ll_bus.h ****   * @note  (*) Not supported by all the devices
1036:Drivers/STM32WBxx_HAL_Driver/Inc/stm32wbxx_ll_bus.h ****   * @retval None
1037:Drivers/STM32WBxx_HAL_Driver/Inc/stm32wbxx_ll_bus.h ****   */
1038:Drivers/STM32WBxx_HAL_Driver/Inc/stm32wbxx_ll_bus.h **** __STATIC_INLINE void LL_APB1_GRP1_DisableClock(uint32_t Periphs)
 241              		.loc 2 1038 22 view .LVU60
 242              	.LBB19:
1039:Drivers/STM32WBxx_HAL_Driver/Inc/stm32wbxx_ll_bus.h **** {
1040:Drivers/STM32WBxx_HAL_Driver/Inc/stm32wbxx_ll_bus.h ****   CLEAR_BIT(RCC->APB1ENR1, Periphs);
 243              		.loc 2 1040 3 view .LVU61
 244 000c 4FF0B042 		mov	r2, #1476395008
 245 0010 936D     		ldr	r3, [r2, #88]
 246 0012 23F40013 		bic	r3, r3, #2097152
 247 0016 9365     		str	r3, [r2, #88]
 248              	.LVL17:
 249              		.loc 2 1040 3 is_stmt 0 view .LVU62
 250              	.LBE19:
 251              	.LBE18:
 137:Core/Src/stm32wbxx_hal_msp.c **** 
 252              		.loc 1 137 5 is_stmt 1 view .LVU63
 253 0018 4FF48071 		mov	r1, #256
 254 001c 0548     		ldr	r0, .L15+4
 255              	.LVL18:
 137:Core/Src/stm32wbxx_hal_msp.c **** 
 256              		.loc 1 137 5 is_stmt 0 view .LVU64
 257 001e FFF7FEFF 		bl	HAL_GPIO_DeInit
 258              	.LVL19:
 139:Core/Src/stm32wbxx_hal_msp.c **** 
 259              		.loc 1 139 5 is_stmt 1 view .LVU65
 260 0022 4FF40071 		mov	r1, #512
 261 0026 0348     		ldr	r0, .L15+4
 262 0028 FFF7FEFF 		bl	HAL_GPIO_DeInit
 263              	.LVL20:
 264              		.loc 1 145 1 is_stmt 0 view .LVU66
 265 002c EDE7     		b	.L11
 266              	.L16:
 267 002e 00BF     		.align	2
 268              	.L15:
 269 0030 00540040 		.word	1073763328
 270 0034 00040048 		.word	1207960576
 271              		.cfi_endproc
 272              	.LFE952:
 274              		.section	.text.HAL_SPI_MspInit,"ax",%progbits
 275              		.align	1
 276              		.global	HAL_SPI_MspInit
 277              		.syntax unified
 278              		.thumb
ARM GAS  /tmp/ccBoaoMw.s 			page 27


 279              		.thumb_func
 281              	HAL_SPI_MspInit:
 282              	.LVL21:
 283              	.LFB953:
 146:Core/Src/stm32wbxx_hal_msp.c **** 
 147:Core/Src/stm32wbxx_hal_msp.c **** /**
 148:Core/Src/stm32wbxx_hal_msp.c ****  * @brief SPI MSP Initialization
 149:Core/Src/stm32wbxx_hal_msp.c ****  * This function configures the hardware resources used in this example
 150:Core/Src/stm32wbxx_hal_msp.c ****  * @param hspi: SPI handle pointer
 151:Core/Src/stm32wbxx_hal_msp.c ****  * @retval None
 152:Core/Src/stm32wbxx_hal_msp.c ****  */
 153:Core/Src/stm32wbxx_hal_msp.c **** void HAL_SPI_MspInit(SPI_HandleTypeDef *hspi) {
 284              		.loc 1 153 47 is_stmt 1 view -0
 285              		.cfi_startproc
 286              		@ args = 0, pretend = 0, frame = 32
 287              		@ frame_needed = 0, uses_anonymous_args = 0
 288              		.loc 1 153 47 is_stmt 0 view .LVU68
 289 0000 00B5     		push	{lr}
 290              		.cfi_def_cfa_offset 4
 291              		.cfi_offset 14, -4
 292 0002 89B0     		sub	sp, sp, #36
 293              		.cfi_def_cfa_offset 40
 154:Core/Src/stm32wbxx_hal_msp.c ****   GPIO_InitTypeDef GPIO_InitStruct = {0};
 294              		.loc 1 154 3 is_stmt 1 view .LVU69
 295              		.loc 1 154 20 is_stmt 0 view .LVU70
 296 0004 0023     		movs	r3, #0
 297 0006 0393     		str	r3, [sp, #12]
 298 0008 0493     		str	r3, [sp, #16]
 299 000a 0593     		str	r3, [sp, #20]
 300 000c 0693     		str	r3, [sp, #24]
 301 000e 0793     		str	r3, [sp, #28]
 155:Core/Src/stm32wbxx_hal_msp.c ****   if (hspi->Instance == SPI1) {
 302              		.loc 1 155 3 is_stmt 1 view .LVU71
 303              		.loc 1 155 11 is_stmt 0 view .LVU72
 304 0010 0268     		ldr	r2, [r0]
 305              		.loc 1 155 6 view .LVU73
 306 0012 134B     		ldr	r3, .L21
 307 0014 9A42     		cmp	r2, r3
 308 0016 01D0     		beq	.L20
 309              	.LVL22:
 310              	.L17:
 156:Core/Src/stm32wbxx_hal_msp.c ****     /* USER CODE BEGIN SPI1_MspInit 0 */
 157:Core/Src/stm32wbxx_hal_msp.c **** 
 158:Core/Src/stm32wbxx_hal_msp.c ****     /* USER CODE END SPI1_MspInit 0 */
 159:Core/Src/stm32wbxx_hal_msp.c ****     /* Peripheral clock enable */
 160:Core/Src/stm32wbxx_hal_msp.c ****     __HAL_RCC_SPI1_CLK_ENABLE();
 161:Core/Src/stm32wbxx_hal_msp.c **** 
 162:Core/Src/stm32wbxx_hal_msp.c ****     __HAL_RCC_GPIOB_CLK_ENABLE();
 163:Core/Src/stm32wbxx_hal_msp.c ****     /**SPI1 GPIO Configuration
 164:Core/Src/stm32wbxx_hal_msp.c ****     PB3     ------> SPI1_SCK
 165:Core/Src/stm32wbxx_hal_msp.c ****     PB4     ------> SPI1_MISO
 166:Core/Src/stm32wbxx_hal_msp.c ****     PB5     ------> SPI1_MOSI
 167:Core/Src/stm32wbxx_hal_msp.c ****     */
 168:Core/Src/stm32wbxx_hal_msp.c ****     GPIO_InitStruct.Pin = ICM_SCK_Pin | ICM_MISO_Pin | ICM_MOSI_Pin;
 169:Core/Src/stm32wbxx_hal_msp.c ****     GPIO_InitStruct.Mode = GPIO_MODE_AF_PP;
 170:Core/Src/stm32wbxx_hal_msp.c ****     GPIO_InitStruct.Pull = GPIO_NOPULL;
 171:Core/Src/stm32wbxx_hal_msp.c ****     GPIO_InitStruct.Speed = GPIO_SPEED_FREQ_VERY_HIGH;
ARM GAS  /tmp/ccBoaoMw.s 			page 28


 172:Core/Src/stm32wbxx_hal_msp.c ****     GPIO_InitStruct.Alternate = GPIO_AF5_SPI1;
 173:Core/Src/stm32wbxx_hal_msp.c ****     HAL_GPIO_Init(GPIOB, &GPIO_InitStruct);
 174:Core/Src/stm32wbxx_hal_msp.c **** 
 175:Core/Src/stm32wbxx_hal_msp.c ****     /* USER CODE BEGIN SPI1_MspInit 1 */
 176:Core/Src/stm32wbxx_hal_msp.c **** 
 177:Core/Src/stm32wbxx_hal_msp.c ****     /* USER CODE END SPI1_MspInit 1 */
 178:Core/Src/stm32wbxx_hal_msp.c ****   }
 179:Core/Src/stm32wbxx_hal_msp.c **** }
 311              		.loc 1 179 1 view .LVU74
 312 0018 09B0     		add	sp, sp, #36
 313              		.cfi_remember_state
 314              		.cfi_def_cfa_offset 4
 315              		@ sp needed
 316 001a 00BD     		pop	{pc}
 317              	.LVL23:
 318              	.L20:
 319              		.cfi_restore_state
 160:Core/Src/stm32wbxx_hal_msp.c **** 
 320              		.loc 1 160 5 is_stmt 1 view .LVU75
 321              	.LBB20:
 322              	.LBI20:
1041:Drivers/STM32WBxx_HAL_Driver/Inc/stm32wbxx_ll_bus.h **** }
1042:Drivers/STM32WBxx_HAL_Driver/Inc/stm32wbxx_ll_bus.h **** 
1043:Drivers/STM32WBxx_HAL_Driver/Inc/stm32wbxx_ll_bus.h **** /**
1044:Drivers/STM32WBxx_HAL_Driver/Inc/stm32wbxx_ll_bus.h ****   * @brief  Disable APB1 peripherals clock.
1045:Drivers/STM32WBxx_HAL_Driver/Inc/stm32wbxx_ll_bus.h ****   * @rmtoll APB1ENR2     LPUART1EN     LL_APB1_GRP2_DisableClock\n
1046:Drivers/STM32WBxx_HAL_Driver/Inc/stm32wbxx_ll_bus.h ****   *         APB1ENR2     LPTIM2EN      LL_APB1_GRP2_DisableClock
1047:Drivers/STM32WBxx_HAL_Driver/Inc/stm32wbxx_ll_bus.h ****   * @param  Periphs This parameter can be a combination of the following values:
1048:Drivers/STM32WBxx_HAL_Driver/Inc/stm32wbxx_ll_bus.h ****   *         @arg @ref LL_APB1_GRP2_PERIPH_LPUART1 (*)
1049:Drivers/STM32WBxx_HAL_Driver/Inc/stm32wbxx_ll_bus.h ****   *         @arg @ref LL_APB1_GRP2_PERIPH_LPTIM2
1050:Drivers/STM32WBxx_HAL_Driver/Inc/stm32wbxx_ll_bus.h ****   * @note  (*) Not supported by all the devices
1051:Drivers/STM32WBxx_HAL_Driver/Inc/stm32wbxx_ll_bus.h ****   * @retval None
1052:Drivers/STM32WBxx_HAL_Driver/Inc/stm32wbxx_ll_bus.h ****   */
1053:Drivers/STM32WBxx_HAL_Driver/Inc/stm32wbxx_ll_bus.h **** __STATIC_INLINE void LL_APB1_GRP2_DisableClock(uint32_t Periphs)
1054:Drivers/STM32WBxx_HAL_Driver/Inc/stm32wbxx_ll_bus.h **** {
1055:Drivers/STM32WBxx_HAL_Driver/Inc/stm32wbxx_ll_bus.h ****   CLEAR_BIT(RCC->APB1ENR2, Periphs);
1056:Drivers/STM32WBxx_HAL_Driver/Inc/stm32wbxx_ll_bus.h **** }
1057:Drivers/STM32WBxx_HAL_Driver/Inc/stm32wbxx_ll_bus.h **** 
1058:Drivers/STM32WBxx_HAL_Driver/Inc/stm32wbxx_ll_bus.h **** /**
1059:Drivers/STM32WBxx_HAL_Driver/Inc/stm32wbxx_ll_bus.h ****   * @brief  Force APB1 peripherals reset.
1060:Drivers/STM32WBxx_HAL_Driver/Inc/stm32wbxx_ll_bus.h ****   * @rmtoll APB1RSTR1    TIM2RST       LL_APB1_GRP1_ForceReset\n
1061:Drivers/STM32WBxx_HAL_Driver/Inc/stm32wbxx_ll_bus.h ****   *         APB1RSTR1    LCDRST        LL_APB1_GRP1_ForceReset\n
1062:Drivers/STM32WBxx_HAL_Driver/Inc/stm32wbxx_ll_bus.h ****   *         APB1RSTR1    SPI2RST       LL_APB1_GRP1_ForceReset\n
1063:Drivers/STM32WBxx_HAL_Driver/Inc/stm32wbxx_ll_bus.h ****   *         APB1RSTR1    I2C1RST       LL_APB1_GRP1_ForceReset\n
1064:Drivers/STM32WBxx_HAL_Driver/Inc/stm32wbxx_ll_bus.h ****   *         APB1RSTR1    I2C3RST       LL_APB1_GRP1_ForceReset\n
1065:Drivers/STM32WBxx_HAL_Driver/Inc/stm32wbxx_ll_bus.h ****   *         APB1RSTR1    CRSRST        LL_APB1_GRP1_ForceReset\n
1066:Drivers/STM32WBxx_HAL_Driver/Inc/stm32wbxx_ll_bus.h ****   *         APB1RSTR1    USBRST        LL_APB1_GRP1_ForceReset\n
1067:Drivers/STM32WBxx_HAL_Driver/Inc/stm32wbxx_ll_bus.h ****   *         APB1RSTR1    LPTIM1RST     LL_APB1_GRP1_ForceReset
1068:Drivers/STM32WBxx_HAL_Driver/Inc/stm32wbxx_ll_bus.h ****   * @param  Periphs This parameter can be a combination of the following values:
1069:Drivers/STM32WBxx_HAL_Driver/Inc/stm32wbxx_ll_bus.h ****   *         @arg @ref LL_APB1_GRP1_PERIPH_ALL
1070:Drivers/STM32WBxx_HAL_Driver/Inc/stm32wbxx_ll_bus.h ****   *         @arg @ref LL_APB1_GRP1_PERIPH_TIM2
1071:Drivers/STM32WBxx_HAL_Driver/Inc/stm32wbxx_ll_bus.h ****   *         @arg @ref LL_APB1_GRP1_PERIPH_LCD (*)
1072:Drivers/STM32WBxx_HAL_Driver/Inc/stm32wbxx_ll_bus.h ****   *         @arg @ref LL_APB1_GRP1_PERIPH_SPI2 (*)
1073:Drivers/STM32WBxx_HAL_Driver/Inc/stm32wbxx_ll_bus.h ****   *         @arg @ref LL_APB1_GRP1_PERIPH_I2C1
1074:Drivers/STM32WBxx_HAL_Driver/Inc/stm32wbxx_ll_bus.h ****   *         @arg @ref LL_APB1_GRP1_PERIPH_I2C3 (*)
1075:Drivers/STM32WBxx_HAL_Driver/Inc/stm32wbxx_ll_bus.h ****   *         @arg @ref LL_APB1_GRP1_PERIPH_CRS (*)
1076:Drivers/STM32WBxx_HAL_Driver/Inc/stm32wbxx_ll_bus.h ****   *         @arg @ref LL_APB1_GRP1_PERIPH_USB (*)
ARM GAS  /tmp/ccBoaoMw.s 			page 29


1077:Drivers/STM32WBxx_HAL_Driver/Inc/stm32wbxx_ll_bus.h ****   *         @arg @ref LL_APB1_GRP1_PERIPH_LPTIM1
1078:Drivers/STM32WBxx_HAL_Driver/Inc/stm32wbxx_ll_bus.h ****   * @note  (*) Not supported by all the devices
1079:Drivers/STM32WBxx_HAL_Driver/Inc/stm32wbxx_ll_bus.h ****   * @retval None
1080:Drivers/STM32WBxx_HAL_Driver/Inc/stm32wbxx_ll_bus.h ****   */
1081:Drivers/STM32WBxx_HAL_Driver/Inc/stm32wbxx_ll_bus.h **** __STATIC_INLINE void LL_APB1_GRP1_ForceReset(uint32_t Periphs)
1082:Drivers/STM32WBxx_HAL_Driver/Inc/stm32wbxx_ll_bus.h **** {
1083:Drivers/STM32WBxx_HAL_Driver/Inc/stm32wbxx_ll_bus.h ****   SET_BIT(RCC->APB1RSTR1, Periphs);
1084:Drivers/STM32WBxx_HAL_Driver/Inc/stm32wbxx_ll_bus.h **** }
1085:Drivers/STM32WBxx_HAL_Driver/Inc/stm32wbxx_ll_bus.h **** 
1086:Drivers/STM32WBxx_HAL_Driver/Inc/stm32wbxx_ll_bus.h **** /**
1087:Drivers/STM32WBxx_HAL_Driver/Inc/stm32wbxx_ll_bus.h ****   * @brief  Force APB1 peripherals reset.
1088:Drivers/STM32WBxx_HAL_Driver/Inc/stm32wbxx_ll_bus.h ****   * @rmtoll APB1RSTR2    LPUART1RST    LL_APB1_GRP2_ForceReset\n
1089:Drivers/STM32WBxx_HAL_Driver/Inc/stm32wbxx_ll_bus.h ****   *         APB1RSTR2    LPTIM2RST     LL_APB1_GRP2_ForceReset
1090:Drivers/STM32WBxx_HAL_Driver/Inc/stm32wbxx_ll_bus.h ****   * @param  Periphs This parameter can be a combination of the following values:
1091:Drivers/STM32WBxx_HAL_Driver/Inc/stm32wbxx_ll_bus.h ****   *         @arg @ref LL_APB1_GRP2_PERIPH_ALL
1092:Drivers/STM32WBxx_HAL_Driver/Inc/stm32wbxx_ll_bus.h ****   *         @arg @ref LL_APB1_GRP2_PERIPH_LPUART1 (*)
1093:Drivers/STM32WBxx_HAL_Driver/Inc/stm32wbxx_ll_bus.h ****   *         @arg @ref LL_APB1_GRP2_PERIPH_LPTIM2
1094:Drivers/STM32WBxx_HAL_Driver/Inc/stm32wbxx_ll_bus.h ****   * @note  (*) Not supported by all the devices
1095:Drivers/STM32WBxx_HAL_Driver/Inc/stm32wbxx_ll_bus.h ****   * @retval None
1096:Drivers/STM32WBxx_HAL_Driver/Inc/stm32wbxx_ll_bus.h ****   */
1097:Drivers/STM32WBxx_HAL_Driver/Inc/stm32wbxx_ll_bus.h **** __STATIC_INLINE void LL_APB1_GRP2_ForceReset(uint32_t Periphs)
1098:Drivers/STM32WBxx_HAL_Driver/Inc/stm32wbxx_ll_bus.h **** {
1099:Drivers/STM32WBxx_HAL_Driver/Inc/stm32wbxx_ll_bus.h ****   SET_BIT(RCC->APB1RSTR2, Periphs);
1100:Drivers/STM32WBxx_HAL_Driver/Inc/stm32wbxx_ll_bus.h **** }
1101:Drivers/STM32WBxx_HAL_Driver/Inc/stm32wbxx_ll_bus.h **** 
1102:Drivers/STM32WBxx_HAL_Driver/Inc/stm32wbxx_ll_bus.h **** /**
1103:Drivers/STM32WBxx_HAL_Driver/Inc/stm32wbxx_ll_bus.h ****   * @brief  Release APB1 peripherals reset.
1104:Drivers/STM32WBxx_HAL_Driver/Inc/stm32wbxx_ll_bus.h ****   * @rmtoll APB1RSTR1    TIM2RST       LL_APB1_GRP1_ReleaseReset\n
1105:Drivers/STM32WBxx_HAL_Driver/Inc/stm32wbxx_ll_bus.h ****   *         APB1RSTR1    LCDRST        LL_APB1_GRP1_ReleaseReset\n
1106:Drivers/STM32WBxx_HAL_Driver/Inc/stm32wbxx_ll_bus.h ****   *         APB1RSTR1    SPI2RST       LL_APB1_GRP1_ReleaseReset\n
1107:Drivers/STM32WBxx_HAL_Driver/Inc/stm32wbxx_ll_bus.h ****   *         APB1RSTR1    I2C1RST       LL_APB1_GRP1_ReleaseReset\n
1108:Drivers/STM32WBxx_HAL_Driver/Inc/stm32wbxx_ll_bus.h ****   *         APB1RSTR1    I2C3RST       LL_APB1_GRP1_ReleaseReset\n
1109:Drivers/STM32WBxx_HAL_Driver/Inc/stm32wbxx_ll_bus.h ****   *         APB1RSTR1    CRSRST        LL_APB1_GRP1_ReleaseReset\n
1110:Drivers/STM32WBxx_HAL_Driver/Inc/stm32wbxx_ll_bus.h ****   *         APB1RSTR1    USBRST        LL_APB1_GRP1_ReleaseReset\n
1111:Drivers/STM32WBxx_HAL_Driver/Inc/stm32wbxx_ll_bus.h ****   *         APB1RSTR1    LPTIM1RST     LL_APB1_GRP1_ReleaseReset
1112:Drivers/STM32WBxx_HAL_Driver/Inc/stm32wbxx_ll_bus.h ****   * @param  Periphs This parameter can be a combination of the following values:
1113:Drivers/STM32WBxx_HAL_Driver/Inc/stm32wbxx_ll_bus.h ****   *         @arg @ref LL_APB1_GRP1_PERIPH_ALL
1114:Drivers/STM32WBxx_HAL_Driver/Inc/stm32wbxx_ll_bus.h ****   *         @arg @ref LL_APB1_GRP1_PERIPH_TIM2
1115:Drivers/STM32WBxx_HAL_Driver/Inc/stm32wbxx_ll_bus.h ****   *         @arg @ref LL_APB1_GRP1_PERIPH_LCD (*)
1116:Drivers/STM32WBxx_HAL_Driver/Inc/stm32wbxx_ll_bus.h ****   *         @arg @ref LL_APB1_GRP1_PERIPH_SPI2 (*)
1117:Drivers/STM32WBxx_HAL_Driver/Inc/stm32wbxx_ll_bus.h ****   *         @arg @ref LL_APB1_GRP1_PERIPH_I2C1
1118:Drivers/STM32WBxx_HAL_Driver/Inc/stm32wbxx_ll_bus.h ****   *         @arg @ref LL_APB1_GRP1_PERIPH_I2C3 (*)
1119:Drivers/STM32WBxx_HAL_Driver/Inc/stm32wbxx_ll_bus.h ****   *         @arg @ref LL_APB1_GRP1_PERIPH_CRS (*)
1120:Drivers/STM32WBxx_HAL_Driver/Inc/stm32wbxx_ll_bus.h ****   *         @arg @ref LL_APB1_GRP1_PERIPH_USB (*)
1121:Drivers/STM32WBxx_HAL_Driver/Inc/stm32wbxx_ll_bus.h ****   *         @arg @ref LL_APB1_GRP1_PERIPH_LPTIM1
1122:Drivers/STM32WBxx_HAL_Driver/Inc/stm32wbxx_ll_bus.h ****   * @note  (*) Not supported by all the devices
1123:Drivers/STM32WBxx_HAL_Driver/Inc/stm32wbxx_ll_bus.h ****   * @retval None
1124:Drivers/STM32WBxx_HAL_Driver/Inc/stm32wbxx_ll_bus.h ****   */
1125:Drivers/STM32WBxx_HAL_Driver/Inc/stm32wbxx_ll_bus.h **** __STATIC_INLINE void LL_APB1_GRP1_ReleaseReset(uint32_t Periphs)
1126:Drivers/STM32WBxx_HAL_Driver/Inc/stm32wbxx_ll_bus.h **** {
1127:Drivers/STM32WBxx_HAL_Driver/Inc/stm32wbxx_ll_bus.h ****   CLEAR_BIT(RCC->APB1RSTR1, Periphs);
1128:Drivers/STM32WBxx_HAL_Driver/Inc/stm32wbxx_ll_bus.h **** }
1129:Drivers/STM32WBxx_HAL_Driver/Inc/stm32wbxx_ll_bus.h **** 
1130:Drivers/STM32WBxx_HAL_Driver/Inc/stm32wbxx_ll_bus.h **** /**
1131:Drivers/STM32WBxx_HAL_Driver/Inc/stm32wbxx_ll_bus.h ****   * @brief  Release APB1 peripherals reset.
1132:Drivers/STM32WBxx_HAL_Driver/Inc/stm32wbxx_ll_bus.h ****   * @rmtoll APB1RSTR2    LPUART1RST    LL_APB1_GRP2_ReleaseReset\n
1133:Drivers/STM32WBxx_HAL_Driver/Inc/stm32wbxx_ll_bus.h ****   *         APB1RSTR2    LPTIM2RST     LL_APB1_GRP2_ReleaseReset
ARM GAS  /tmp/ccBoaoMw.s 			page 30


1134:Drivers/STM32WBxx_HAL_Driver/Inc/stm32wbxx_ll_bus.h ****   * @param  Periphs This parameter can be a combination of the following values:
1135:Drivers/STM32WBxx_HAL_Driver/Inc/stm32wbxx_ll_bus.h ****   *         @arg @ref LL_APB1_GRP2_PERIPH_ALL
1136:Drivers/STM32WBxx_HAL_Driver/Inc/stm32wbxx_ll_bus.h ****   *         @arg @ref LL_APB1_GRP2_PERIPH_LPUART1 (*)
1137:Drivers/STM32WBxx_HAL_Driver/Inc/stm32wbxx_ll_bus.h ****   *         @arg @ref LL_APB1_GRP2_PERIPH_LPTIM2
1138:Drivers/STM32WBxx_HAL_Driver/Inc/stm32wbxx_ll_bus.h ****   * @note  (*) Not supported by all the devices
1139:Drivers/STM32WBxx_HAL_Driver/Inc/stm32wbxx_ll_bus.h ****   * @retval None
1140:Drivers/STM32WBxx_HAL_Driver/Inc/stm32wbxx_ll_bus.h ****   */
1141:Drivers/STM32WBxx_HAL_Driver/Inc/stm32wbxx_ll_bus.h **** __STATIC_INLINE void LL_APB1_GRP2_ReleaseReset(uint32_t Periphs)
1142:Drivers/STM32WBxx_HAL_Driver/Inc/stm32wbxx_ll_bus.h **** {
1143:Drivers/STM32WBxx_HAL_Driver/Inc/stm32wbxx_ll_bus.h ****   CLEAR_BIT(RCC->APB1RSTR2, Periphs);
1144:Drivers/STM32WBxx_HAL_Driver/Inc/stm32wbxx_ll_bus.h **** }
1145:Drivers/STM32WBxx_HAL_Driver/Inc/stm32wbxx_ll_bus.h **** 
1146:Drivers/STM32WBxx_HAL_Driver/Inc/stm32wbxx_ll_bus.h **** /**
1147:Drivers/STM32WBxx_HAL_Driver/Inc/stm32wbxx_ll_bus.h ****   * @brief  Enable APB1 peripherals clock during Low Power (Sleep) mode.
1148:Drivers/STM32WBxx_HAL_Driver/Inc/stm32wbxx_ll_bus.h ****   * @rmtoll APB1SMENR1   TIM2SMEN      LL_APB1_GRP1_EnableClockSleep\n
1149:Drivers/STM32WBxx_HAL_Driver/Inc/stm32wbxx_ll_bus.h ****   *         APB1SMENR1   LCDSMEN       LL_APB1_GRP1_EnableClockSleep\n
1150:Drivers/STM32WBxx_HAL_Driver/Inc/stm32wbxx_ll_bus.h ****   *         APB1SMENR1   RTCAPBSMEN    LL_APB1_GRP1_EnableClockSleep\n
1151:Drivers/STM32WBxx_HAL_Driver/Inc/stm32wbxx_ll_bus.h ****   *         APB1SMENR1   WWDGSMEN      LL_APB1_GRP1_EnableClockSleep\n
1152:Drivers/STM32WBxx_HAL_Driver/Inc/stm32wbxx_ll_bus.h ****   *         APB1SMENR1   SPI2SMEN      LL_APB1_GRP1_EnableClockSleep\n
1153:Drivers/STM32WBxx_HAL_Driver/Inc/stm32wbxx_ll_bus.h ****   *         APB1SMENR1   I2C1SMEN      LL_APB1_GRP1_EnableClockSleep\n
1154:Drivers/STM32WBxx_HAL_Driver/Inc/stm32wbxx_ll_bus.h ****   *         APB1SMENR1   I2C3SMEN      LL_APB1_GRP1_EnableClockSleep\n
1155:Drivers/STM32WBxx_HAL_Driver/Inc/stm32wbxx_ll_bus.h ****   *         APB1SMENR1   CRSSMEN       LL_APB1_GRP1_EnableClockSleep\n
1156:Drivers/STM32WBxx_HAL_Driver/Inc/stm32wbxx_ll_bus.h ****   *         APB1SMENR1   USBSMEN       LL_APB1_GRP1_EnableClockSleep\n
1157:Drivers/STM32WBxx_HAL_Driver/Inc/stm32wbxx_ll_bus.h ****   *         APB1SMENR1   LPTIM1SMEN    LL_APB1_GRP1_EnableClockSleep
1158:Drivers/STM32WBxx_HAL_Driver/Inc/stm32wbxx_ll_bus.h ****   * @param  Periphs This parameter can be a combination of the following values:
1159:Drivers/STM32WBxx_HAL_Driver/Inc/stm32wbxx_ll_bus.h ****   *         @arg @ref LL_APB1_GRP1_PERIPH_TIM2
1160:Drivers/STM32WBxx_HAL_Driver/Inc/stm32wbxx_ll_bus.h ****   *         @arg @ref LL_APB1_GRP1_PERIPH_LCD (*)
1161:Drivers/STM32WBxx_HAL_Driver/Inc/stm32wbxx_ll_bus.h ****   *         @arg @ref LL_APB1_GRP1_PERIPH_RTCAPB
1162:Drivers/STM32WBxx_HAL_Driver/Inc/stm32wbxx_ll_bus.h ****   *         @arg @ref LL_APB1_GRP1_PERIPH_WWDG
1163:Drivers/STM32WBxx_HAL_Driver/Inc/stm32wbxx_ll_bus.h ****   *         @arg @ref LL_APB1_GRP1_PERIPH_SPI2 (*)
1164:Drivers/STM32WBxx_HAL_Driver/Inc/stm32wbxx_ll_bus.h ****   *         @arg @ref LL_APB1_GRP1_PERIPH_I2C1
1165:Drivers/STM32WBxx_HAL_Driver/Inc/stm32wbxx_ll_bus.h ****   *         @arg @ref LL_APB1_GRP1_PERIPH_I2C3 (*)
1166:Drivers/STM32WBxx_HAL_Driver/Inc/stm32wbxx_ll_bus.h ****   *         @arg @ref LL_APB1_GRP1_PERIPH_CRS (*)
1167:Drivers/STM32WBxx_HAL_Driver/Inc/stm32wbxx_ll_bus.h ****   *         @arg @ref LL_APB1_GRP1_PERIPH_USB (*)
1168:Drivers/STM32WBxx_HAL_Driver/Inc/stm32wbxx_ll_bus.h ****   *         @arg @ref LL_APB1_GRP1_PERIPH_LPTIM1
1169:Drivers/STM32WBxx_HAL_Driver/Inc/stm32wbxx_ll_bus.h ****   * @note  (*) Not supported by all the devices
1170:Drivers/STM32WBxx_HAL_Driver/Inc/stm32wbxx_ll_bus.h ****   * @retval None
1171:Drivers/STM32WBxx_HAL_Driver/Inc/stm32wbxx_ll_bus.h ****   */
1172:Drivers/STM32WBxx_HAL_Driver/Inc/stm32wbxx_ll_bus.h **** __STATIC_INLINE void LL_APB1_GRP1_EnableClockSleep(uint32_t Periphs)
1173:Drivers/STM32WBxx_HAL_Driver/Inc/stm32wbxx_ll_bus.h **** {
1174:Drivers/STM32WBxx_HAL_Driver/Inc/stm32wbxx_ll_bus.h ****   __IO uint32_t tmpreg;
1175:Drivers/STM32WBxx_HAL_Driver/Inc/stm32wbxx_ll_bus.h ****   SET_BIT(RCC->APB1SMENR1, Periphs);
1176:Drivers/STM32WBxx_HAL_Driver/Inc/stm32wbxx_ll_bus.h ****   /* Delay after an RCC peripheral clock enabling */
1177:Drivers/STM32WBxx_HAL_Driver/Inc/stm32wbxx_ll_bus.h ****   tmpreg = READ_BIT(RCC->APB1SMENR1, Periphs);
1178:Drivers/STM32WBxx_HAL_Driver/Inc/stm32wbxx_ll_bus.h ****   (void)tmpreg;
1179:Drivers/STM32WBxx_HAL_Driver/Inc/stm32wbxx_ll_bus.h **** }
1180:Drivers/STM32WBxx_HAL_Driver/Inc/stm32wbxx_ll_bus.h **** 
1181:Drivers/STM32WBxx_HAL_Driver/Inc/stm32wbxx_ll_bus.h **** /**
1182:Drivers/STM32WBxx_HAL_Driver/Inc/stm32wbxx_ll_bus.h ****   * @brief  Enable APB1 peripherals clock during Low Power (Sleep) mode.
1183:Drivers/STM32WBxx_HAL_Driver/Inc/stm32wbxx_ll_bus.h ****   * @rmtoll APB1SMENR2   LPUART1SMEN   LL_APB1_GRP2_EnableClockSleep\n
1184:Drivers/STM32WBxx_HAL_Driver/Inc/stm32wbxx_ll_bus.h ****   *         APB1SMENR2   LPTIM2SMEN    LL_APB1_GRP2_EnableClockSleep
1185:Drivers/STM32WBxx_HAL_Driver/Inc/stm32wbxx_ll_bus.h ****   * @param  Periphs This parameter can be a combination of the following values:
1186:Drivers/STM32WBxx_HAL_Driver/Inc/stm32wbxx_ll_bus.h ****   *         @arg @ref LL_APB1_GRP2_PERIPH_LPUART1 (*)
1187:Drivers/STM32WBxx_HAL_Driver/Inc/stm32wbxx_ll_bus.h ****   *         @arg @ref LL_APB1_GRP2_PERIPH_LPTIM2
1188:Drivers/STM32WBxx_HAL_Driver/Inc/stm32wbxx_ll_bus.h ****   * @note  (*) Not supported by all the devices
1189:Drivers/STM32WBxx_HAL_Driver/Inc/stm32wbxx_ll_bus.h ****   * @retval None
1190:Drivers/STM32WBxx_HAL_Driver/Inc/stm32wbxx_ll_bus.h ****   */
ARM GAS  /tmp/ccBoaoMw.s 			page 31


1191:Drivers/STM32WBxx_HAL_Driver/Inc/stm32wbxx_ll_bus.h **** __STATIC_INLINE void LL_APB1_GRP2_EnableClockSleep(uint32_t Periphs)
1192:Drivers/STM32WBxx_HAL_Driver/Inc/stm32wbxx_ll_bus.h **** {
1193:Drivers/STM32WBxx_HAL_Driver/Inc/stm32wbxx_ll_bus.h ****   __IO uint32_t tmpreg;
1194:Drivers/STM32WBxx_HAL_Driver/Inc/stm32wbxx_ll_bus.h ****   SET_BIT(RCC->APB1SMENR2, Periphs);
1195:Drivers/STM32WBxx_HAL_Driver/Inc/stm32wbxx_ll_bus.h ****   /* Delay after an RCC peripheral clock enabling */
1196:Drivers/STM32WBxx_HAL_Driver/Inc/stm32wbxx_ll_bus.h ****   tmpreg = READ_BIT(RCC->APB1SMENR2, Periphs);
1197:Drivers/STM32WBxx_HAL_Driver/Inc/stm32wbxx_ll_bus.h ****   (void)tmpreg;
1198:Drivers/STM32WBxx_HAL_Driver/Inc/stm32wbxx_ll_bus.h **** }
1199:Drivers/STM32WBxx_HAL_Driver/Inc/stm32wbxx_ll_bus.h **** 
1200:Drivers/STM32WBxx_HAL_Driver/Inc/stm32wbxx_ll_bus.h **** /**
1201:Drivers/STM32WBxx_HAL_Driver/Inc/stm32wbxx_ll_bus.h ****   * @brief  Disable APB1 peripherals clock during Low Power (Sleep) mode.
1202:Drivers/STM32WBxx_HAL_Driver/Inc/stm32wbxx_ll_bus.h ****   * @rmtoll APB1SMENR1   TIM2SMEN      LL_APB1_GRP1_DisableClockSleep\n
1203:Drivers/STM32WBxx_HAL_Driver/Inc/stm32wbxx_ll_bus.h ****   *         APB1SMENR1   LCDSMEN       LL_APB1_GRP1_DisableClockSleep\n
1204:Drivers/STM32WBxx_HAL_Driver/Inc/stm32wbxx_ll_bus.h ****   *         APB1SMENR1   RTCAPBSMEN    LL_APB1_GRP1_DisableClockSleep\n
1205:Drivers/STM32WBxx_HAL_Driver/Inc/stm32wbxx_ll_bus.h ****   *         APB1SMENR1   WWDGSMEN      LL_APB1_GRP1_DisableClockSleep\n
1206:Drivers/STM32WBxx_HAL_Driver/Inc/stm32wbxx_ll_bus.h ****   *         APB1SMENR1   SPI2SMEN      LL_APB1_GRP1_DisableClockSleep\n
1207:Drivers/STM32WBxx_HAL_Driver/Inc/stm32wbxx_ll_bus.h ****   *         APB1SMENR1   I2C1SMEN      LL_APB1_GRP1_DisableClockSleep\n
1208:Drivers/STM32WBxx_HAL_Driver/Inc/stm32wbxx_ll_bus.h ****   *         APB1SMENR1   I2C3SMEN      LL_APB1_GRP1_DisableClockSleep\n
1209:Drivers/STM32WBxx_HAL_Driver/Inc/stm32wbxx_ll_bus.h ****   *         APB1SMENR1   CRSSMEN       LL_APB1_GRP1_DisableClockSleep\n
1210:Drivers/STM32WBxx_HAL_Driver/Inc/stm32wbxx_ll_bus.h ****   *         APB1SMENR1   USBSMEN       LL_APB1_GRP1_DisableClockSleep\n
1211:Drivers/STM32WBxx_HAL_Driver/Inc/stm32wbxx_ll_bus.h ****   *         APB1SMENR1   LPTIM1SMEN    LL_APB1_GRP1_DisableClockSleep
1212:Drivers/STM32WBxx_HAL_Driver/Inc/stm32wbxx_ll_bus.h ****   * @param  Periphs This parameter can be a combination of the following values:
1213:Drivers/STM32WBxx_HAL_Driver/Inc/stm32wbxx_ll_bus.h ****   *         @arg @ref LL_APB1_GRP1_PERIPH_TIM2
1214:Drivers/STM32WBxx_HAL_Driver/Inc/stm32wbxx_ll_bus.h ****   *         @arg @ref LL_APB1_GRP1_PERIPH_LCD (*)
1215:Drivers/STM32WBxx_HAL_Driver/Inc/stm32wbxx_ll_bus.h ****   *         @arg @ref LL_APB1_GRP1_PERIPH_RTCAPB
1216:Drivers/STM32WBxx_HAL_Driver/Inc/stm32wbxx_ll_bus.h ****   *         @arg @ref LL_APB1_GRP1_PERIPH_WWDG
1217:Drivers/STM32WBxx_HAL_Driver/Inc/stm32wbxx_ll_bus.h ****   *         @arg @ref LL_APB1_GRP1_PERIPH_SPI2 (*)
1218:Drivers/STM32WBxx_HAL_Driver/Inc/stm32wbxx_ll_bus.h ****   *         @arg @ref LL_APB1_GRP1_PERIPH_I2C1
1219:Drivers/STM32WBxx_HAL_Driver/Inc/stm32wbxx_ll_bus.h ****   *         @arg @ref LL_APB1_GRP1_PERIPH_I2C3 (*)
1220:Drivers/STM32WBxx_HAL_Driver/Inc/stm32wbxx_ll_bus.h ****   *         @arg @ref LL_APB1_GRP1_PERIPH_CRS (*)
1221:Drivers/STM32WBxx_HAL_Driver/Inc/stm32wbxx_ll_bus.h ****   *         @arg @ref LL_APB1_GRP1_PERIPH_USB (*)
1222:Drivers/STM32WBxx_HAL_Driver/Inc/stm32wbxx_ll_bus.h ****   *         @arg @ref LL_APB1_GRP1_PERIPH_LPTIM1
1223:Drivers/STM32WBxx_HAL_Driver/Inc/stm32wbxx_ll_bus.h ****   * @note  (*) Not supported by all the devices
1224:Drivers/STM32WBxx_HAL_Driver/Inc/stm32wbxx_ll_bus.h ****   * @retval None
1225:Drivers/STM32WBxx_HAL_Driver/Inc/stm32wbxx_ll_bus.h ****   */
1226:Drivers/STM32WBxx_HAL_Driver/Inc/stm32wbxx_ll_bus.h **** __STATIC_INLINE void LL_APB1_GRP1_DisableClockSleep(uint32_t Periphs)
1227:Drivers/STM32WBxx_HAL_Driver/Inc/stm32wbxx_ll_bus.h **** {
1228:Drivers/STM32WBxx_HAL_Driver/Inc/stm32wbxx_ll_bus.h ****   CLEAR_BIT(RCC->APB1SMENR1, Periphs);
1229:Drivers/STM32WBxx_HAL_Driver/Inc/stm32wbxx_ll_bus.h **** }
1230:Drivers/STM32WBxx_HAL_Driver/Inc/stm32wbxx_ll_bus.h **** 
1231:Drivers/STM32WBxx_HAL_Driver/Inc/stm32wbxx_ll_bus.h **** /**
1232:Drivers/STM32WBxx_HAL_Driver/Inc/stm32wbxx_ll_bus.h ****   * @brief  Disable APB1 peripherals clock during Low Power (Sleep) mode.
1233:Drivers/STM32WBxx_HAL_Driver/Inc/stm32wbxx_ll_bus.h ****   * @rmtoll APB1SMENR2   LPUART1SMEN   LL_APB1_GRP2_DisableClockSleep\n
1234:Drivers/STM32WBxx_HAL_Driver/Inc/stm32wbxx_ll_bus.h ****   *         APB1SMENR2   LPTIM2SMEN    LL_APB1_GRP2_DisableClockSleep
1235:Drivers/STM32WBxx_HAL_Driver/Inc/stm32wbxx_ll_bus.h ****   * @param  Periphs This parameter can be a combination of the following values:
1236:Drivers/STM32WBxx_HAL_Driver/Inc/stm32wbxx_ll_bus.h ****   *         @arg @ref LL_APB1_GRP2_PERIPH_LPUART1 (*)
1237:Drivers/STM32WBxx_HAL_Driver/Inc/stm32wbxx_ll_bus.h ****   *         @arg @ref LL_APB1_GRP2_PERIPH_LPTIM2
1238:Drivers/STM32WBxx_HAL_Driver/Inc/stm32wbxx_ll_bus.h ****   * @note  (*) Not supported by all the devices
1239:Drivers/STM32WBxx_HAL_Driver/Inc/stm32wbxx_ll_bus.h ****   * @retval None
1240:Drivers/STM32WBxx_HAL_Driver/Inc/stm32wbxx_ll_bus.h ****   */
1241:Drivers/STM32WBxx_HAL_Driver/Inc/stm32wbxx_ll_bus.h **** __STATIC_INLINE void LL_APB1_GRP2_DisableClockSleep(uint32_t Periphs)
1242:Drivers/STM32WBxx_HAL_Driver/Inc/stm32wbxx_ll_bus.h **** {
1243:Drivers/STM32WBxx_HAL_Driver/Inc/stm32wbxx_ll_bus.h ****   CLEAR_BIT(RCC->APB1SMENR2, Periphs);
1244:Drivers/STM32WBxx_HAL_Driver/Inc/stm32wbxx_ll_bus.h **** }
1245:Drivers/STM32WBxx_HAL_Driver/Inc/stm32wbxx_ll_bus.h **** 
1246:Drivers/STM32WBxx_HAL_Driver/Inc/stm32wbxx_ll_bus.h **** /**
1247:Drivers/STM32WBxx_HAL_Driver/Inc/stm32wbxx_ll_bus.h ****   * @}
ARM GAS  /tmp/ccBoaoMw.s 			page 32


1248:Drivers/STM32WBxx_HAL_Driver/Inc/stm32wbxx_ll_bus.h ****   */
1249:Drivers/STM32WBxx_HAL_Driver/Inc/stm32wbxx_ll_bus.h **** 
1250:Drivers/STM32WBxx_HAL_Driver/Inc/stm32wbxx_ll_bus.h **** /** @defgroup BUS_LL_EF_APB2 APB2
1251:Drivers/STM32WBxx_HAL_Driver/Inc/stm32wbxx_ll_bus.h ****   * @{
1252:Drivers/STM32WBxx_HAL_Driver/Inc/stm32wbxx_ll_bus.h ****   */
1253:Drivers/STM32WBxx_HAL_Driver/Inc/stm32wbxx_ll_bus.h **** 
1254:Drivers/STM32WBxx_HAL_Driver/Inc/stm32wbxx_ll_bus.h **** /**
1255:Drivers/STM32WBxx_HAL_Driver/Inc/stm32wbxx_ll_bus.h ****   * @brief  Enable APB2 peripherals clock.
1256:Drivers/STM32WBxx_HAL_Driver/Inc/stm32wbxx_ll_bus.h ****   * @rmtoll APB2ENR      ADCEN         LL_APB2_GRP1_EnableClock\n
1257:Drivers/STM32WBxx_HAL_Driver/Inc/stm32wbxx_ll_bus.h ****   *         APB2ENR      TIM1EN        LL_APB2_GRP1_EnableClock\n
1258:Drivers/STM32WBxx_HAL_Driver/Inc/stm32wbxx_ll_bus.h ****   *         APB2ENR      SPI1EN        LL_APB2_GRP1_EnableClock\n
1259:Drivers/STM32WBxx_HAL_Driver/Inc/stm32wbxx_ll_bus.h ****   *         APB2ENR      USART1EN      LL_APB2_GRP1_EnableClock\n
1260:Drivers/STM32WBxx_HAL_Driver/Inc/stm32wbxx_ll_bus.h ****   *         APB2ENR      TIM16EN       LL_APB2_GRP1_EnableClock\n
1261:Drivers/STM32WBxx_HAL_Driver/Inc/stm32wbxx_ll_bus.h ****   *         APB2ENR      TIM17EN       LL_APB2_GRP1_EnableClock\n
1262:Drivers/STM32WBxx_HAL_Driver/Inc/stm32wbxx_ll_bus.h ****   *         APB2ENR      SAI1EN        LL_APB2_GRP1_EnableClock
1263:Drivers/STM32WBxx_HAL_Driver/Inc/stm32wbxx_ll_bus.h ****   * @param  Periphs This parameter can be a combination of the following values:
1264:Drivers/STM32WBxx_HAL_Driver/Inc/stm32wbxx_ll_bus.h ****   *         @arg @ref LL_APB2_GRP1_PERIPH_ADC (*)
1265:Drivers/STM32WBxx_HAL_Driver/Inc/stm32wbxx_ll_bus.h ****   *         @arg @ref LL_APB2_GRP1_PERIPH_TIM1
1266:Drivers/STM32WBxx_HAL_Driver/Inc/stm32wbxx_ll_bus.h ****   *         @arg @ref LL_APB2_GRP1_PERIPH_SPI1
1267:Drivers/STM32WBxx_HAL_Driver/Inc/stm32wbxx_ll_bus.h ****   *         @arg @ref LL_APB2_GRP1_PERIPH_USART1
1268:Drivers/STM32WBxx_HAL_Driver/Inc/stm32wbxx_ll_bus.h ****   *         @arg @ref LL_APB2_GRP1_PERIPH_TIM16 (*)
1269:Drivers/STM32WBxx_HAL_Driver/Inc/stm32wbxx_ll_bus.h ****   *         @arg @ref LL_APB2_GRP1_PERIPH_TIM17 (*)
1270:Drivers/STM32WBxx_HAL_Driver/Inc/stm32wbxx_ll_bus.h ****   *         @arg @ref LL_APB2_GRP1_PERIPH_SAI1 (*)
1271:Drivers/STM32WBxx_HAL_Driver/Inc/stm32wbxx_ll_bus.h ****   * @note  (*) Not supported by all the devices
1272:Drivers/STM32WBxx_HAL_Driver/Inc/stm32wbxx_ll_bus.h ****   * @retval None
1273:Drivers/STM32WBxx_HAL_Driver/Inc/stm32wbxx_ll_bus.h ****   */
1274:Drivers/STM32WBxx_HAL_Driver/Inc/stm32wbxx_ll_bus.h **** __STATIC_INLINE void LL_APB2_GRP1_EnableClock(uint32_t Periphs)
 323              		.loc 2 1274 22 view .LVU76
 324              	.LBB21:
1275:Drivers/STM32WBxx_HAL_Driver/Inc/stm32wbxx_ll_bus.h **** {
1276:Drivers/STM32WBxx_HAL_Driver/Inc/stm32wbxx_ll_bus.h ****   __IO uint32_t tmpreg;
 325              		.loc 2 1276 3 view .LVU77
1277:Drivers/STM32WBxx_HAL_Driver/Inc/stm32wbxx_ll_bus.h ****   SET_BIT(RCC->APB2ENR, Periphs);
 326              		.loc 2 1277 3 view .LVU78
 327 001c 4FF0B043 		mov	r3, #1476395008
 328 0020 1A6E     		ldr	r2, [r3, #96]
 329 0022 42F48052 		orr	r2, r2, #4096
 330 0026 1A66     		str	r2, [r3, #96]
1278:Drivers/STM32WBxx_HAL_Driver/Inc/stm32wbxx_ll_bus.h ****   /* Delay after an RCC peripheral clock enabling */
1279:Drivers/STM32WBxx_HAL_Driver/Inc/stm32wbxx_ll_bus.h ****   tmpreg = READ_BIT(RCC->APB2ENR, Periphs);
 331              		.loc 2 1279 3 view .LVU79
 332              		.loc 2 1279 12 is_stmt 0 view .LVU80
 333 0028 1A6E     		ldr	r2, [r3, #96]
 334 002a 02F48052 		and	r2, r2, #4096
 335              		.loc 2 1279 10 view .LVU81
 336 002e 0292     		str	r2, [sp, #8]
1280:Drivers/STM32WBxx_HAL_Driver/Inc/stm32wbxx_ll_bus.h ****   (void)tmpreg;
 337              		.loc 2 1280 3 is_stmt 1 view .LVU82
 338 0030 029A     		ldr	r2, [sp, #8]
 339              	.LVL24:
 340              		.loc 2 1280 3 is_stmt 0 view .LVU83
 341              	.LBE21:
 342              	.LBE20:
 162:Core/Src/stm32wbxx_hal_msp.c ****     /**SPI1 GPIO Configuration
 343              		.loc 1 162 5 is_stmt 1 view .LVU84
 344              	.LBB22:
 345              	.LBI22:
ARM GAS  /tmp/ccBoaoMw.s 			page 33


 539:Drivers/STM32WBxx_HAL_Driver/Inc/stm32wbxx_ll_bus.h **** {
 346              		.loc 2 539 22 view .LVU85
 347              	.LBB23:
 541:Drivers/STM32WBxx_HAL_Driver/Inc/stm32wbxx_ll_bus.h ****   SET_BIT(RCC->AHB2ENR, Periphs);
 348              		.loc 2 541 3 view .LVU86
 542:Drivers/STM32WBxx_HAL_Driver/Inc/stm32wbxx_ll_bus.h ****   /* Delay after an RCC peripheral clock enabling */
 349              		.loc 2 542 3 view .LVU87
 350 0032 DA6C     		ldr	r2, [r3, #76]
 351 0034 42F00202 		orr	r2, r2, #2
 352 0038 DA64     		str	r2, [r3, #76]
 544:Drivers/STM32WBxx_HAL_Driver/Inc/stm32wbxx_ll_bus.h ****   (void)tmpreg;
 353              		.loc 2 544 3 view .LVU88
 544:Drivers/STM32WBxx_HAL_Driver/Inc/stm32wbxx_ll_bus.h ****   (void)tmpreg;
 354              		.loc 2 544 12 is_stmt 0 view .LVU89
 355 003a DB6C     		ldr	r3, [r3, #76]
 356 003c 03F00203 		and	r3, r3, #2
 544:Drivers/STM32WBxx_HAL_Driver/Inc/stm32wbxx_ll_bus.h ****   (void)tmpreg;
 357              		.loc 2 544 10 view .LVU90
 358 0040 0193     		str	r3, [sp, #4]
 545:Drivers/STM32WBxx_HAL_Driver/Inc/stm32wbxx_ll_bus.h **** }
 359              		.loc 2 545 3 is_stmt 1 view .LVU91
 360 0042 019B     		ldr	r3, [sp, #4]
 361              	.LVL25:
 545:Drivers/STM32WBxx_HAL_Driver/Inc/stm32wbxx_ll_bus.h **** }
 362              		.loc 2 545 3 is_stmt 0 view .LVU92
 363              	.LBE23:
 364              	.LBE22:
 168:Core/Src/stm32wbxx_hal_msp.c ****     GPIO_InitStruct.Mode = GPIO_MODE_AF_PP;
 365              		.loc 1 168 5 is_stmt 1 view .LVU93
 168:Core/Src/stm32wbxx_hal_msp.c ****     GPIO_InitStruct.Mode = GPIO_MODE_AF_PP;
 366              		.loc 1 168 25 is_stmt 0 view .LVU94
 367 0044 3823     		movs	r3, #56
 368 0046 0393     		str	r3, [sp, #12]
 169:Core/Src/stm32wbxx_hal_msp.c ****     GPIO_InitStruct.Pull = GPIO_NOPULL;
 369              		.loc 1 169 5 is_stmt 1 view .LVU95
 169:Core/Src/stm32wbxx_hal_msp.c ****     GPIO_InitStruct.Pull = GPIO_NOPULL;
 370              		.loc 1 169 26 is_stmt 0 view .LVU96
 371 0048 0223     		movs	r3, #2
 372 004a 0493     		str	r3, [sp, #16]
 170:Core/Src/stm32wbxx_hal_msp.c ****     GPIO_InitStruct.Speed = GPIO_SPEED_FREQ_VERY_HIGH;
 373              		.loc 1 170 5 is_stmt 1 view .LVU97
 171:Core/Src/stm32wbxx_hal_msp.c ****     GPIO_InitStruct.Alternate = GPIO_AF5_SPI1;
 374              		.loc 1 171 5 view .LVU98
 171:Core/Src/stm32wbxx_hal_msp.c ****     GPIO_InitStruct.Alternate = GPIO_AF5_SPI1;
 375              		.loc 1 171 27 is_stmt 0 view .LVU99
 376 004c 0323     		movs	r3, #3
 377 004e 0693     		str	r3, [sp, #24]
 172:Core/Src/stm32wbxx_hal_msp.c ****     HAL_GPIO_Init(GPIOB, &GPIO_InitStruct);
 378              		.loc 1 172 5 is_stmt 1 view .LVU100
 172:Core/Src/stm32wbxx_hal_msp.c ****     HAL_GPIO_Init(GPIOB, &GPIO_InitStruct);
 379              		.loc 1 172 31 is_stmt 0 view .LVU101
 380 0050 0523     		movs	r3, #5
 381 0052 0793     		str	r3, [sp, #28]
 173:Core/Src/stm32wbxx_hal_msp.c **** 
 382              		.loc 1 173 5 is_stmt 1 view .LVU102
 383 0054 03A9     		add	r1, sp, #12
 384 0056 0348     		ldr	r0, .L21+4
ARM GAS  /tmp/ccBoaoMw.s 			page 34


 385              	.LVL26:
 173:Core/Src/stm32wbxx_hal_msp.c **** 
 386              		.loc 1 173 5 is_stmt 0 view .LVU103
 387 0058 FFF7FEFF 		bl	HAL_GPIO_Init
 388              	.LVL27:
 389              		.loc 1 179 1 view .LVU104
 390 005c DCE7     		b	.L17
 391              	.L22:
 392 005e 00BF     		.align	2
 393              	.L21:
 394 0060 00300140 		.word	1073819648
 395 0064 00040048 		.word	1207960576
 396              		.cfi_endproc
 397              	.LFE953:
 399              		.section	.text.HAL_SPI_MspDeInit,"ax",%progbits
 400              		.align	1
 401              		.global	HAL_SPI_MspDeInit
 402              		.syntax unified
 403              		.thumb
 404              		.thumb_func
 406              	HAL_SPI_MspDeInit:
 407              	.LVL28:
 408              	.LFB954:
 180:Core/Src/stm32wbxx_hal_msp.c **** 
 181:Core/Src/stm32wbxx_hal_msp.c **** /**
 182:Core/Src/stm32wbxx_hal_msp.c ****  * @brief SPI MSP De-Initialization
 183:Core/Src/stm32wbxx_hal_msp.c ****  * This function freeze the hardware resources used in this example
 184:Core/Src/stm32wbxx_hal_msp.c ****  * @param hspi: SPI handle pointer
 185:Core/Src/stm32wbxx_hal_msp.c ****  * @retval None
 186:Core/Src/stm32wbxx_hal_msp.c ****  */
 187:Core/Src/stm32wbxx_hal_msp.c **** void HAL_SPI_MspDeInit(SPI_HandleTypeDef *hspi) {
 409              		.loc 1 187 49 is_stmt 1 view -0
 410              		.cfi_startproc
 411              		@ args = 0, pretend = 0, frame = 0
 412              		@ frame_needed = 0, uses_anonymous_args = 0
 413              		.loc 1 187 49 is_stmt 0 view .LVU106
 414 0000 08B5     		push	{r3, lr}
 415              		.cfi_def_cfa_offset 8
 416              		.cfi_offset 3, -8
 417              		.cfi_offset 14, -4
 188:Core/Src/stm32wbxx_hal_msp.c ****   if (hspi->Instance == SPI1) {
 418              		.loc 1 188 3 is_stmt 1 view .LVU107
 419              		.loc 1 188 11 is_stmt 0 view .LVU108
 420 0002 0268     		ldr	r2, [r0]
 421              		.loc 1 188 6 view .LVU109
 422 0004 074B     		ldr	r3, .L27
 423 0006 9A42     		cmp	r2, r3
 424 0008 00D0     		beq	.L26
 425              	.LVL29:
 426              	.L23:
 189:Core/Src/stm32wbxx_hal_msp.c ****     /* USER CODE BEGIN SPI1_MspDeInit 0 */
 190:Core/Src/stm32wbxx_hal_msp.c **** 
 191:Core/Src/stm32wbxx_hal_msp.c ****     /* USER CODE END SPI1_MspDeInit 0 */
 192:Core/Src/stm32wbxx_hal_msp.c ****     /* Peripheral clock disable */
 193:Core/Src/stm32wbxx_hal_msp.c ****     __HAL_RCC_SPI1_CLK_DISABLE();
 194:Core/Src/stm32wbxx_hal_msp.c **** 
 195:Core/Src/stm32wbxx_hal_msp.c ****     /**SPI1 GPIO Configuration
ARM GAS  /tmp/ccBoaoMw.s 			page 35


 196:Core/Src/stm32wbxx_hal_msp.c ****     PB3     ------> SPI1_SCK
 197:Core/Src/stm32wbxx_hal_msp.c ****     PB4     ------> SPI1_MISO
 198:Core/Src/stm32wbxx_hal_msp.c ****     PB5     ------> SPI1_MOSI
 199:Core/Src/stm32wbxx_hal_msp.c ****     */
 200:Core/Src/stm32wbxx_hal_msp.c ****     HAL_GPIO_DeInit(GPIOB, ICM_SCK_Pin | ICM_MISO_Pin | ICM_MOSI_Pin);
 201:Core/Src/stm32wbxx_hal_msp.c **** 
 202:Core/Src/stm32wbxx_hal_msp.c ****     /* USER CODE BEGIN SPI1_MspDeInit 1 */
 203:Core/Src/stm32wbxx_hal_msp.c **** 
 204:Core/Src/stm32wbxx_hal_msp.c ****     /* USER CODE END SPI1_MspDeInit 1 */
 205:Core/Src/stm32wbxx_hal_msp.c ****   }
 206:Core/Src/stm32wbxx_hal_msp.c **** }
 427              		.loc 1 206 1 view .LVU110
 428 000a 08BD     		pop	{r3, pc}
 429              	.LVL30:
 430              	.L26:
 193:Core/Src/stm32wbxx_hal_msp.c **** 
 431              		.loc 1 193 5 is_stmt 1 view .LVU111
 432              	.LBB24:
 433              	.LBI24:
1281:Drivers/STM32WBxx_HAL_Driver/Inc/stm32wbxx_ll_bus.h **** }
1282:Drivers/STM32WBxx_HAL_Driver/Inc/stm32wbxx_ll_bus.h **** 
1283:Drivers/STM32WBxx_HAL_Driver/Inc/stm32wbxx_ll_bus.h **** /**
1284:Drivers/STM32WBxx_HAL_Driver/Inc/stm32wbxx_ll_bus.h ****   * @brief  Check if APB2 peripheral clock is enabled or not
1285:Drivers/STM32WBxx_HAL_Driver/Inc/stm32wbxx_ll_bus.h ****   * @rmtoll APB2ENR      ADCEN         LL_APB2_GRP1_IsEnabledClock\n
1286:Drivers/STM32WBxx_HAL_Driver/Inc/stm32wbxx_ll_bus.h ****   *         APB2ENR      TIM1EN        LL_APB2_GRP1_IsEnabledClock\n
1287:Drivers/STM32WBxx_HAL_Driver/Inc/stm32wbxx_ll_bus.h ****   *         APB2ENR      SPI1EN        LL_APB2_GRP1_IsEnabledClock\n
1288:Drivers/STM32WBxx_HAL_Driver/Inc/stm32wbxx_ll_bus.h ****   *         APB2ENR      USART1EN      LL_APB2_GRP1_IsEnabledClock\n
1289:Drivers/STM32WBxx_HAL_Driver/Inc/stm32wbxx_ll_bus.h ****   *         APB2ENR      TIM16EN       LL_APB2_GRP1_IsEnabledClock\n
1290:Drivers/STM32WBxx_HAL_Driver/Inc/stm32wbxx_ll_bus.h ****   *         APB2ENR      TIM17EN       LL_APB2_GRP1_IsEnabledClock\n
1291:Drivers/STM32WBxx_HAL_Driver/Inc/stm32wbxx_ll_bus.h ****   *         APB2ENR      SAI1EN        LL_APB2_GRP1_IsEnabledClock
1292:Drivers/STM32WBxx_HAL_Driver/Inc/stm32wbxx_ll_bus.h ****   * @param  Periphs This parameter can be a combination of the following values:
1293:Drivers/STM32WBxx_HAL_Driver/Inc/stm32wbxx_ll_bus.h ****   *         @arg @ref LL_APB2_GRP1_PERIPH_ADC (*)
1294:Drivers/STM32WBxx_HAL_Driver/Inc/stm32wbxx_ll_bus.h ****   *         @arg @ref LL_APB2_GRP1_PERIPH_TIM1
1295:Drivers/STM32WBxx_HAL_Driver/Inc/stm32wbxx_ll_bus.h ****   *         @arg @ref LL_APB2_GRP1_PERIPH_SPI1
1296:Drivers/STM32WBxx_HAL_Driver/Inc/stm32wbxx_ll_bus.h ****   *         @arg @ref LL_APB2_GRP1_PERIPH_USART1
1297:Drivers/STM32WBxx_HAL_Driver/Inc/stm32wbxx_ll_bus.h ****   *         @arg @ref LL_APB2_GRP1_PERIPH_TIM16 (*)
1298:Drivers/STM32WBxx_HAL_Driver/Inc/stm32wbxx_ll_bus.h ****   *         @arg @ref LL_APB2_GRP1_PERIPH_TIM17 (*)
1299:Drivers/STM32WBxx_HAL_Driver/Inc/stm32wbxx_ll_bus.h ****   *         @arg @ref LL_APB2_GRP1_PERIPH_SAI1 (*)
1300:Drivers/STM32WBxx_HAL_Driver/Inc/stm32wbxx_ll_bus.h ****   * @note  (*) Not supported by all the devices
1301:Drivers/STM32WBxx_HAL_Driver/Inc/stm32wbxx_ll_bus.h ****   * @retval uint32_t
1302:Drivers/STM32WBxx_HAL_Driver/Inc/stm32wbxx_ll_bus.h ****   */
1303:Drivers/STM32WBxx_HAL_Driver/Inc/stm32wbxx_ll_bus.h **** __STATIC_INLINE uint32_t LL_APB2_GRP1_IsEnabledClock(uint32_t Periphs)
1304:Drivers/STM32WBxx_HAL_Driver/Inc/stm32wbxx_ll_bus.h **** {
1305:Drivers/STM32WBxx_HAL_Driver/Inc/stm32wbxx_ll_bus.h ****   return ((READ_BIT(RCC->APB2ENR, Periphs) == (Periphs)) ? 1UL : 0UL);
1306:Drivers/STM32WBxx_HAL_Driver/Inc/stm32wbxx_ll_bus.h **** }
1307:Drivers/STM32WBxx_HAL_Driver/Inc/stm32wbxx_ll_bus.h **** 
1308:Drivers/STM32WBxx_HAL_Driver/Inc/stm32wbxx_ll_bus.h **** /**
1309:Drivers/STM32WBxx_HAL_Driver/Inc/stm32wbxx_ll_bus.h ****   * @brief  Disable APB2 peripherals clock.
1310:Drivers/STM32WBxx_HAL_Driver/Inc/stm32wbxx_ll_bus.h ****   * @rmtoll APB2ENR      ADCEN         LL_APB2_GRP1_DisableClock\n
1311:Drivers/STM32WBxx_HAL_Driver/Inc/stm32wbxx_ll_bus.h ****   *         APB2ENR      TIM1EN        LL_APB2_GRP1_DisableClock\n
1312:Drivers/STM32WBxx_HAL_Driver/Inc/stm32wbxx_ll_bus.h ****   *         APB2ENR      SPI1EN        LL_APB2_GRP1_DisableClock\n
1313:Drivers/STM32WBxx_HAL_Driver/Inc/stm32wbxx_ll_bus.h ****   *         APB2ENR      USART1EN      LL_APB2_GRP1_DisableClock\n
1314:Drivers/STM32WBxx_HAL_Driver/Inc/stm32wbxx_ll_bus.h ****   *         APB2ENR      TIM16EN       LL_APB2_GRP1_DisableClock\n
1315:Drivers/STM32WBxx_HAL_Driver/Inc/stm32wbxx_ll_bus.h ****   *         APB2ENR      TIM17EN       LL_APB2_GRP1_DisableClock\n
1316:Drivers/STM32WBxx_HAL_Driver/Inc/stm32wbxx_ll_bus.h ****   *         APB2ENR      SAI1EN        LL_APB2_GRP1_DisableClock
1317:Drivers/STM32WBxx_HAL_Driver/Inc/stm32wbxx_ll_bus.h ****   * @param  Periphs This parameter can be a combination of the following values:
1318:Drivers/STM32WBxx_HAL_Driver/Inc/stm32wbxx_ll_bus.h ****   *         @arg @ref LL_APB2_GRP1_PERIPH_ADC (*)
ARM GAS  /tmp/ccBoaoMw.s 			page 36


1319:Drivers/STM32WBxx_HAL_Driver/Inc/stm32wbxx_ll_bus.h ****   *         @arg @ref LL_APB2_GRP1_PERIPH_TIM1
1320:Drivers/STM32WBxx_HAL_Driver/Inc/stm32wbxx_ll_bus.h ****   *         @arg @ref LL_APB2_GRP1_PERIPH_SPI1
1321:Drivers/STM32WBxx_HAL_Driver/Inc/stm32wbxx_ll_bus.h ****   *         @arg @ref LL_APB2_GRP1_PERIPH_USART1
1322:Drivers/STM32WBxx_HAL_Driver/Inc/stm32wbxx_ll_bus.h ****   *         @arg @ref LL_APB2_GRP1_PERIPH_TIM16 (*)
1323:Drivers/STM32WBxx_HAL_Driver/Inc/stm32wbxx_ll_bus.h ****   *         @arg @ref LL_APB2_GRP1_PERIPH_TIM17 (*)
1324:Drivers/STM32WBxx_HAL_Driver/Inc/stm32wbxx_ll_bus.h ****   *         @arg @ref LL_APB2_GRP1_PERIPH_SAI1 (*)
1325:Drivers/STM32WBxx_HAL_Driver/Inc/stm32wbxx_ll_bus.h ****   * @note  (*) Not supported by all the devices
1326:Drivers/STM32WBxx_HAL_Driver/Inc/stm32wbxx_ll_bus.h ****   * @retval None
1327:Drivers/STM32WBxx_HAL_Driver/Inc/stm32wbxx_ll_bus.h ****   */
1328:Drivers/STM32WBxx_HAL_Driver/Inc/stm32wbxx_ll_bus.h **** __STATIC_INLINE void LL_APB2_GRP1_DisableClock(uint32_t Periphs)
 434              		.loc 2 1328 22 view .LVU112
 435              	.LBB25:
1329:Drivers/STM32WBxx_HAL_Driver/Inc/stm32wbxx_ll_bus.h **** {
1330:Drivers/STM32WBxx_HAL_Driver/Inc/stm32wbxx_ll_bus.h ****   CLEAR_BIT(RCC->APB2ENR, Periphs);
 436              		.loc 2 1330 3 view .LVU113
 437 000c 4FF0B042 		mov	r2, #1476395008
 438 0010 136E     		ldr	r3, [r2, #96]
 439 0012 23F48053 		bic	r3, r3, #4096
 440 0016 1366     		str	r3, [r2, #96]
 441              	.LVL31:
 442              		.loc 2 1330 3 is_stmt 0 view .LVU114
 443              	.LBE25:
 444              	.LBE24:
 200:Core/Src/stm32wbxx_hal_msp.c **** 
 445              		.loc 1 200 5 is_stmt 1 view .LVU115
 446 0018 3821     		movs	r1, #56
 447 001a 0348     		ldr	r0, .L27+4
 448              	.LVL32:
 200:Core/Src/stm32wbxx_hal_msp.c **** 
 449              		.loc 1 200 5 is_stmt 0 view .LVU116
 450 001c FFF7FEFF 		bl	HAL_GPIO_DeInit
 451              	.LVL33:
 452              		.loc 1 206 1 view .LVU117
 453 0020 F3E7     		b	.L23
 454              	.L28:
 455 0022 00BF     		.align	2
 456              	.L27:
 457 0024 00300140 		.word	1073819648
 458 0028 00040048 		.word	1207960576
 459              		.cfi_endproc
 460              	.LFE954:
 462              		.text
 463              	.Letext0:
 464              		.file 3 "/home/roomba/.config/Code/User/globalStorage/bmd.stm32-for-vscode/@xpack-dev-tools/arm-no
 465              		.file 4 "/home/roomba/.config/Code/User/globalStorage/bmd.stm32-for-vscode/@xpack-dev-tools/arm-no
 466              		.file 5 "Drivers/CMSIS/Device/ST/STM32WBxx/Include/stm32wb55xx.h"
 467              		.file 6 "Drivers/STM32WBxx_HAL_Driver/Inc/stm32wbxx_hal_def.h"
 468              		.file 7 "Drivers/STM32WBxx_HAL_Driver/Inc/stm32wbxx_hal_dma.h"
 469              		.file 8 "Drivers/STM32WBxx_HAL_Driver/Inc/stm32wbxx_hal_gpio.h"
 470              		.file 9 "Drivers/STM32WBxx_HAL_Driver/Inc/stm32wbxx_hal_i2c.h"
 471              		.file 10 "Drivers/STM32WBxx_HAL_Driver/Inc/stm32wbxx_hal_rcc_ex.h"
 472              		.file 11 "Drivers/STM32WBxx_HAL_Driver/Inc/stm32wbxx_hal_spi.h"
 473              		.file 12 "Core/Inc/main.h"
 474              		.file 13 "Drivers/STM32WBxx_HAL_Driver/Inc/stm32wbxx_hal_pwr_ex.h"
 475              		.file 14 "<built-in>"
ARM GAS  /tmp/ccBoaoMw.s 			page 37


DEFINED SYMBOLS
                            *ABS*:00000000 stm32wbxx_hal_msp.c
     /tmp/ccBoaoMw.s:21     .text.HAL_MspInit:00000000 $t
     /tmp/ccBoaoMw.s:27     .text.HAL_MspInit:00000000 HAL_MspInit
     /tmp/ccBoaoMw.s:46     .text.HAL_I2C_MspInit:00000000 $t
     /tmp/ccBoaoMw.s:52     .text.HAL_I2C_MspInit:00000000 HAL_I2C_MspInit
     /tmp/ccBoaoMw.s:201    .text.HAL_I2C_MspInit:00000084 $d
     /tmp/ccBoaoMw.s:207    .text.HAL_I2C_MspDeInit:00000000 $t
     /tmp/ccBoaoMw.s:213    .text.HAL_I2C_MspDeInit:00000000 HAL_I2C_MspDeInit
     /tmp/ccBoaoMw.s:269    .text.HAL_I2C_MspDeInit:00000030 $d
     /tmp/ccBoaoMw.s:275    .text.HAL_SPI_MspInit:00000000 $t
     /tmp/ccBoaoMw.s:281    .text.HAL_SPI_MspInit:00000000 HAL_SPI_MspInit
     /tmp/ccBoaoMw.s:394    .text.HAL_SPI_MspInit:00000060 $d
     /tmp/ccBoaoMw.s:400    .text.HAL_SPI_MspDeInit:00000000 $t
     /tmp/ccBoaoMw.s:406    .text.HAL_SPI_MspDeInit:00000000 HAL_SPI_MspDeInit
     /tmp/ccBoaoMw.s:457    .text.HAL_SPI_MspDeInit:00000024 $d

UNDEFINED SYMBOLS
HAL_PWREx_EnableVddUSB
memset
HAL_RCCEx_PeriphCLKConfig
HAL_GPIO_Init
Error_Handler
HAL_GPIO_DeInit
