ARM GAS  /tmp/ccaNfG33.s 			page 1


   1              		.cpu cortex-m4
   2              		.arch armv7e-m
   3              		.fpu fpv4-sp-d16
   4              		.eabi_attribute 27, 1
   5              		.eabi_attribute 28, 1
   6              		.eabi_attribute 20, 1
   7              		.eabi_attribute 21, 1
   8              		.eabi_attribute 23, 3
   9              		.eabi_attribute 24, 1
  10              		.eabi_attribute 25, 1
  11              		.eabi_attribute 26, 1
  12              		.eabi_attribute 30, 1
  13              		.eabi_attribute 34, 1
  14              		.eabi_attribute 18, 4
  15              		.file	"usbd_cdc.c"
  16              		.text
  17              	.Ltext0:
  18              		.cfi_sections	.debug_frame
  19              		.file 1 "Middlewares/ST/STM32_USB_Device_Library/Class/CDC/Src/usbd_cdc.c"
  20              		.section	.text.USBD_CDC_EP0_RxReady,"ax",%progbits
  21              		.align	1
  22              		.syntax unified
  23              		.thumb
  24              		.thumb_func
  26              	USBD_CDC_EP0_RxReady:
  27              	.LVL0:
  28              	.LFB959:
   1:Middlewares/ST/STM32_USB_Device_Library/Class/CDC/Src/usbd_cdc.c **** /**
   2:Middlewares/ST/STM32_USB_Device_Library/Class/CDC/Src/usbd_cdc.c ****   ******************************************************************************
   3:Middlewares/ST/STM32_USB_Device_Library/Class/CDC/Src/usbd_cdc.c ****   * @file    usbd_cdc.c
   4:Middlewares/ST/STM32_USB_Device_Library/Class/CDC/Src/usbd_cdc.c ****   * @author  MCD Application Team
   5:Middlewares/ST/STM32_USB_Device_Library/Class/CDC/Src/usbd_cdc.c ****   * @brief   This file provides the high layer firmware functions to manage the
   6:Middlewares/ST/STM32_USB_Device_Library/Class/CDC/Src/usbd_cdc.c ****   *          following functionalities of the USB CDC Class:
   7:Middlewares/ST/STM32_USB_Device_Library/Class/CDC/Src/usbd_cdc.c ****   *           - Initialization and Configuration of high and low layer
   8:Middlewares/ST/STM32_USB_Device_Library/Class/CDC/Src/usbd_cdc.c ****   *           - Enumeration as CDC Device (and enumeration for each implemented memory interface)
   9:Middlewares/ST/STM32_USB_Device_Library/Class/CDC/Src/usbd_cdc.c ****   *           - OUT/IN data transfer
  10:Middlewares/ST/STM32_USB_Device_Library/Class/CDC/Src/usbd_cdc.c ****   *           - Command IN transfer (class requests management)
  11:Middlewares/ST/STM32_USB_Device_Library/Class/CDC/Src/usbd_cdc.c ****   *           - Error management
  12:Middlewares/ST/STM32_USB_Device_Library/Class/CDC/Src/usbd_cdc.c ****   *
  13:Middlewares/ST/STM32_USB_Device_Library/Class/CDC/Src/usbd_cdc.c ****   ******************************************************************************
  14:Middlewares/ST/STM32_USB_Device_Library/Class/CDC/Src/usbd_cdc.c ****   * @attention
  15:Middlewares/ST/STM32_USB_Device_Library/Class/CDC/Src/usbd_cdc.c ****   *
  16:Middlewares/ST/STM32_USB_Device_Library/Class/CDC/Src/usbd_cdc.c ****   * Copyright (c) 2015 STMicroelectronics.
  17:Middlewares/ST/STM32_USB_Device_Library/Class/CDC/Src/usbd_cdc.c ****   * All rights reserved.
  18:Middlewares/ST/STM32_USB_Device_Library/Class/CDC/Src/usbd_cdc.c ****   *
  19:Middlewares/ST/STM32_USB_Device_Library/Class/CDC/Src/usbd_cdc.c ****   * This software is licensed under terms that can be found in the LICENSE file
  20:Middlewares/ST/STM32_USB_Device_Library/Class/CDC/Src/usbd_cdc.c ****   * in the root directory of this software component.
  21:Middlewares/ST/STM32_USB_Device_Library/Class/CDC/Src/usbd_cdc.c ****   * If no LICENSE file comes with this software, it is provided AS-IS.
  22:Middlewares/ST/STM32_USB_Device_Library/Class/CDC/Src/usbd_cdc.c ****   *
  23:Middlewares/ST/STM32_USB_Device_Library/Class/CDC/Src/usbd_cdc.c ****   ******************************************************************************
  24:Middlewares/ST/STM32_USB_Device_Library/Class/CDC/Src/usbd_cdc.c ****   *  @verbatim
  25:Middlewares/ST/STM32_USB_Device_Library/Class/CDC/Src/usbd_cdc.c ****   *
  26:Middlewares/ST/STM32_USB_Device_Library/Class/CDC/Src/usbd_cdc.c ****   *          ===================================================================
  27:Middlewares/ST/STM32_USB_Device_Library/Class/CDC/Src/usbd_cdc.c ****   *                                CDC Class Driver Description
  28:Middlewares/ST/STM32_USB_Device_Library/Class/CDC/Src/usbd_cdc.c ****   *          ===================================================================
  29:Middlewares/ST/STM32_USB_Device_Library/Class/CDC/Src/usbd_cdc.c ****   *           This driver manages the "Universal Serial Bus Class Definitions for Communications De
  30:Middlewares/ST/STM32_USB_Device_Library/Class/CDC/Src/usbd_cdc.c ****   *           Revision 1.2 November 16, 2007" and the sub-protocol specification of "Universal Seri
ARM GAS  /tmp/ccaNfG33.s 			page 2


  31:Middlewares/ST/STM32_USB_Device_Library/Class/CDC/Src/usbd_cdc.c ****   *           Communications Class Subclass Specification for PSTN Devices Revision 1.2 February 9,
  32:Middlewares/ST/STM32_USB_Device_Library/Class/CDC/Src/usbd_cdc.c ****   *           This driver implements the following aspects of the specification:
  33:Middlewares/ST/STM32_USB_Device_Library/Class/CDC/Src/usbd_cdc.c ****   *             - Device descriptor management
  34:Middlewares/ST/STM32_USB_Device_Library/Class/CDC/Src/usbd_cdc.c ****   *             - Configuration descriptor management
  35:Middlewares/ST/STM32_USB_Device_Library/Class/CDC/Src/usbd_cdc.c ****   *             - Enumeration as CDC device with 2 data endpoints (IN and OUT) and 1 command endpoi
  36:Middlewares/ST/STM32_USB_Device_Library/Class/CDC/Src/usbd_cdc.c ****   *             - Requests management (as described in section 6.2 in specification)
  37:Middlewares/ST/STM32_USB_Device_Library/Class/CDC/Src/usbd_cdc.c ****   *             - Abstract Control Model compliant
  38:Middlewares/ST/STM32_USB_Device_Library/Class/CDC/Src/usbd_cdc.c ****   *             - Union Functional collection (using 1 IN endpoint for control)
  39:Middlewares/ST/STM32_USB_Device_Library/Class/CDC/Src/usbd_cdc.c ****   *             - Data interface class
  40:Middlewares/ST/STM32_USB_Device_Library/Class/CDC/Src/usbd_cdc.c ****   *
  41:Middlewares/ST/STM32_USB_Device_Library/Class/CDC/Src/usbd_cdc.c ****   *           These aspects may be enriched or modified for a specific user application.
  42:Middlewares/ST/STM32_USB_Device_Library/Class/CDC/Src/usbd_cdc.c ****   *
  43:Middlewares/ST/STM32_USB_Device_Library/Class/CDC/Src/usbd_cdc.c ****   *            This driver doesn't implement the following aspects of the specification
  44:Middlewares/ST/STM32_USB_Device_Library/Class/CDC/Src/usbd_cdc.c ****   *            (but it is possible to manage these features with some modifications on this driver)
  45:Middlewares/ST/STM32_USB_Device_Library/Class/CDC/Src/usbd_cdc.c ****   *             - Any class-specific aspect relative to communication classes should be managed by 
  46:Middlewares/ST/STM32_USB_Device_Library/Class/CDC/Src/usbd_cdc.c ****   *             - All communication classes other than PSTN are not managed
  47:Middlewares/ST/STM32_USB_Device_Library/Class/CDC/Src/usbd_cdc.c ****   *
  48:Middlewares/ST/STM32_USB_Device_Library/Class/CDC/Src/usbd_cdc.c ****   *  @endverbatim
  49:Middlewares/ST/STM32_USB_Device_Library/Class/CDC/Src/usbd_cdc.c ****   *
  50:Middlewares/ST/STM32_USB_Device_Library/Class/CDC/Src/usbd_cdc.c ****   ******************************************************************************
  51:Middlewares/ST/STM32_USB_Device_Library/Class/CDC/Src/usbd_cdc.c ****   */
  52:Middlewares/ST/STM32_USB_Device_Library/Class/CDC/Src/usbd_cdc.c **** 
  53:Middlewares/ST/STM32_USB_Device_Library/Class/CDC/Src/usbd_cdc.c **** /* BSPDependencies
  54:Middlewares/ST/STM32_USB_Device_Library/Class/CDC/Src/usbd_cdc.c **** - "stm32xxxxx_{eval}{discovery}{nucleo_144}.c"
  55:Middlewares/ST/STM32_USB_Device_Library/Class/CDC/Src/usbd_cdc.c **** - "stm32xxxxx_{eval}{discovery}_io.c"
  56:Middlewares/ST/STM32_USB_Device_Library/Class/CDC/Src/usbd_cdc.c **** EndBSPDependencies */
  57:Middlewares/ST/STM32_USB_Device_Library/Class/CDC/Src/usbd_cdc.c **** 
  58:Middlewares/ST/STM32_USB_Device_Library/Class/CDC/Src/usbd_cdc.c **** /* Includes ------------------------------------------------------------------*/
  59:Middlewares/ST/STM32_USB_Device_Library/Class/CDC/Src/usbd_cdc.c **** #include "usbd_cdc.h"
  60:Middlewares/ST/STM32_USB_Device_Library/Class/CDC/Src/usbd_cdc.c **** #include "usbd_ctlreq.h"
  61:Middlewares/ST/STM32_USB_Device_Library/Class/CDC/Src/usbd_cdc.c **** 
  62:Middlewares/ST/STM32_USB_Device_Library/Class/CDC/Src/usbd_cdc.c **** 
  63:Middlewares/ST/STM32_USB_Device_Library/Class/CDC/Src/usbd_cdc.c **** /** @addtogroup STM32_USB_DEVICE_LIBRARY
  64:Middlewares/ST/STM32_USB_Device_Library/Class/CDC/Src/usbd_cdc.c ****   * @{
  65:Middlewares/ST/STM32_USB_Device_Library/Class/CDC/Src/usbd_cdc.c ****   */
  66:Middlewares/ST/STM32_USB_Device_Library/Class/CDC/Src/usbd_cdc.c **** 
  67:Middlewares/ST/STM32_USB_Device_Library/Class/CDC/Src/usbd_cdc.c **** 
  68:Middlewares/ST/STM32_USB_Device_Library/Class/CDC/Src/usbd_cdc.c **** /** @defgroup USBD_CDC
  69:Middlewares/ST/STM32_USB_Device_Library/Class/CDC/Src/usbd_cdc.c ****   * @brief usbd core module
  70:Middlewares/ST/STM32_USB_Device_Library/Class/CDC/Src/usbd_cdc.c ****   * @{
  71:Middlewares/ST/STM32_USB_Device_Library/Class/CDC/Src/usbd_cdc.c ****   */
  72:Middlewares/ST/STM32_USB_Device_Library/Class/CDC/Src/usbd_cdc.c **** 
  73:Middlewares/ST/STM32_USB_Device_Library/Class/CDC/Src/usbd_cdc.c **** /** @defgroup USBD_CDC_Private_TypesDefinitions
  74:Middlewares/ST/STM32_USB_Device_Library/Class/CDC/Src/usbd_cdc.c ****   * @{
  75:Middlewares/ST/STM32_USB_Device_Library/Class/CDC/Src/usbd_cdc.c ****   */
  76:Middlewares/ST/STM32_USB_Device_Library/Class/CDC/Src/usbd_cdc.c **** /**
  77:Middlewares/ST/STM32_USB_Device_Library/Class/CDC/Src/usbd_cdc.c ****   * @}
  78:Middlewares/ST/STM32_USB_Device_Library/Class/CDC/Src/usbd_cdc.c ****   */
  79:Middlewares/ST/STM32_USB_Device_Library/Class/CDC/Src/usbd_cdc.c **** 
  80:Middlewares/ST/STM32_USB_Device_Library/Class/CDC/Src/usbd_cdc.c **** 
  81:Middlewares/ST/STM32_USB_Device_Library/Class/CDC/Src/usbd_cdc.c **** /** @defgroup USBD_CDC_Private_Defines
  82:Middlewares/ST/STM32_USB_Device_Library/Class/CDC/Src/usbd_cdc.c ****   * @{
  83:Middlewares/ST/STM32_USB_Device_Library/Class/CDC/Src/usbd_cdc.c ****   */
  84:Middlewares/ST/STM32_USB_Device_Library/Class/CDC/Src/usbd_cdc.c **** /**
  85:Middlewares/ST/STM32_USB_Device_Library/Class/CDC/Src/usbd_cdc.c ****   * @}
  86:Middlewares/ST/STM32_USB_Device_Library/Class/CDC/Src/usbd_cdc.c ****   */
  87:Middlewares/ST/STM32_USB_Device_Library/Class/CDC/Src/usbd_cdc.c **** 
ARM GAS  /tmp/ccaNfG33.s 			page 3


  88:Middlewares/ST/STM32_USB_Device_Library/Class/CDC/Src/usbd_cdc.c **** 
  89:Middlewares/ST/STM32_USB_Device_Library/Class/CDC/Src/usbd_cdc.c **** /** @defgroup USBD_CDC_Private_Macros
  90:Middlewares/ST/STM32_USB_Device_Library/Class/CDC/Src/usbd_cdc.c ****   * @{
  91:Middlewares/ST/STM32_USB_Device_Library/Class/CDC/Src/usbd_cdc.c ****   */
  92:Middlewares/ST/STM32_USB_Device_Library/Class/CDC/Src/usbd_cdc.c **** 
  93:Middlewares/ST/STM32_USB_Device_Library/Class/CDC/Src/usbd_cdc.c **** /**
  94:Middlewares/ST/STM32_USB_Device_Library/Class/CDC/Src/usbd_cdc.c ****   * @}
  95:Middlewares/ST/STM32_USB_Device_Library/Class/CDC/Src/usbd_cdc.c ****   */
  96:Middlewares/ST/STM32_USB_Device_Library/Class/CDC/Src/usbd_cdc.c **** 
  97:Middlewares/ST/STM32_USB_Device_Library/Class/CDC/Src/usbd_cdc.c **** 
  98:Middlewares/ST/STM32_USB_Device_Library/Class/CDC/Src/usbd_cdc.c **** /** @defgroup USBD_CDC_Private_FunctionPrototypes
  99:Middlewares/ST/STM32_USB_Device_Library/Class/CDC/Src/usbd_cdc.c ****   * @{
 100:Middlewares/ST/STM32_USB_Device_Library/Class/CDC/Src/usbd_cdc.c ****   */
 101:Middlewares/ST/STM32_USB_Device_Library/Class/CDC/Src/usbd_cdc.c **** 
 102:Middlewares/ST/STM32_USB_Device_Library/Class/CDC/Src/usbd_cdc.c **** static uint8_t USBD_CDC_Init(USBD_HandleTypeDef *pdev, uint8_t cfgidx);
 103:Middlewares/ST/STM32_USB_Device_Library/Class/CDC/Src/usbd_cdc.c **** static uint8_t USBD_CDC_DeInit(USBD_HandleTypeDef *pdev, uint8_t cfgidx);
 104:Middlewares/ST/STM32_USB_Device_Library/Class/CDC/Src/usbd_cdc.c **** static uint8_t USBD_CDC_Setup(USBD_HandleTypeDef *pdev, USBD_SetupReqTypedef *req);
 105:Middlewares/ST/STM32_USB_Device_Library/Class/CDC/Src/usbd_cdc.c **** static uint8_t USBD_CDC_DataIn(USBD_HandleTypeDef *pdev, uint8_t epnum);
 106:Middlewares/ST/STM32_USB_Device_Library/Class/CDC/Src/usbd_cdc.c **** static uint8_t USBD_CDC_DataOut(USBD_HandleTypeDef *pdev, uint8_t epnum);
 107:Middlewares/ST/STM32_USB_Device_Library/Class/CDC/Src/usbd_cdc.c **** static uint8_t USBD_CDC_EP0_RxReady(USBD_HandleTypeDef *pdev);
 108:Middlewares/ST/STM32_USB_Device_Library/Class/CDC/Src/usbd_cdc.c **** #ifndef USE_USBD_COMPOSITE
 109:Middlewares/ST/STM32_USB_Device_Library/Class/CDC/Src/usbd_cdc.c **** static uint8_t *USBD_CDC_GetFSCfgDesc(uint16_t *length);
 110:Middlewares/ST/STM32_USB_Device_Library/Class/CDC/Src/usbd_cdc.c **** static uint8_t *USBD_CDC_GetHSCfgDesc(uint16_t *length);
 111:Middlewares/ST/STM32_USB_Device_Library/Class/CDC/Src/usbd_cdc.c **** static uint8_t *USBD_CDC_GetOtherSpeedCfgDesc(uint16_t *length);
 112:Middlewares/ST/STM32_USB_Device_Library/Class/CDC/Src/usbd_cdc.c **** uint8_t *USBD_CDC_GetDeviceQualifierDescriptor(uint16_t *length);
 113:Middlewares/ST/STM32_USB_Device_Library/Class/CDC/Src/usbd_cdc.c **** #endif /* USE_USBD_COMPOSITE  */
 114:Middlewares/ST/STM32_USB_Device_Library/Class/CDC/Src/usbd_cdc.c **** 
 115:Middlewares/ST/STM32_USB_Device_Library/Class/CDC/Src/usbd_cdc.c **** #ifndef USE_USBD_COMPOSITE
 116:Middlewares/ST/STM32_USB_Device_Library/Class/CDC/Src/usbd_cdc.c **** /* USB Standard Device Descriptor */
 117:Middlewares/ST/STM32_USB_Device_Library/Class/CDC/Src/usbd_cdc.c **** __ALIGN_BEGIN static uint8_t USBD_CDC_DeviceQualifierDesc[USB_LEN_DEV_QUALIFIER_DESC] __ALIGN_END =
 118:Middlewares/ST/STM32_USB_Device_Library/Class/CDC/Src/usbd_cdc.c **** {
 119:Middlewares/ST/STM32_USB_Device_Library/Class/CDC/Src/usbd_cdc.c ****   USB_LEN_DEV_QUALIFIER_DESC,
 120:Middlewares/ST/STM32_USB_Device_Library/Class/CDC/Src/usbd_cdc.c ****   USB_DESC_TYPE_DEVICE_QUALIFIER,
 121:Middlewares/ST/STM32_USB_Device_Library/Class/CDC/Src/usbd_cdc.c ****   0x00,
 122:Middlewares/ST/STM32_USB_Device_Library/Class/CDC/Src/usbd_cdc.c ****   0x02,
 123:Middlewares/ST/STM32_USB_Device_Library/Class/CDC/Src/usbd_cdc.c ****   0x00,
 124:Middlewares/ST/STM32_USB_Device_Library/Class/CDC/Src/usbd_cdc.c ****   0x00,
 125:Middlewares/ST/STM32_USB_Device_Library/Class/CDC/Src/usbd_cdc.c ****   0x00,
 126:Middlewares/ST/STM32_USB_Device_Library/Class/CDC/Src/usbd_cdc.c ****   0x40,
 127:Middlewares/ST/STM32_USB_Device_Library/Class/CDC/Src/usbd_cdc.c ****   0x01,
 128:Middlewares/ST/STM32_USB_Device_Library/Class/CDC/Src/usbd_cdc.c ****   0x00,
 129:Middlewares/ST/STM32_USB_Device_Library/Class/CDC/Src/usbd_cdc.c **** };
 130:Middlewares/ST/STM32_USB_Device_Library/Class/CDC/Src/usbd_cdc.c **** #endif /* USE_USBD_COMPOSITE  */
 131:Middlewares/ST/STM32_USB_Device_Library/Class/CDC/Src/usbd_cdc.c **** /**
 132:Middlewares/ST/STM32_USB_Device_Library/Class/CDC/Src/usbd_cdc.c ****   * @}
 133:Middlewares/ST/STM32_USB_Device_Library/Class/CDC/Src/usbd_cdc.c ****   */
 134:Middlewares/ST/STM32_USB_Device_Library/Class/CDC/Src/usbd_cdc.c **** 
 135:Middlewares/ST/STM32_USB_Device_Library/Class/CDC/Src/usbd_cdc.c **** /** @defgroup USBD_CDC_Private_Variables
 136:Middlewares/ST/STM32_USB_Device_Library/Class/CDC/Src/usbd_cdc.c ****   * @{
 137:Middlewares/ST/STM32_USB_Device_Library/Class/CDC/Src/usbd_cdc.c ****   */
 138:Middlewares/ST/STM32_USB_Device_Library/Class/CDC/Src/usbd_cdc.c **** 
 139:Middlewares/ST/STM32_USB_Device_Library/Class/CDC/Src/usbd_cdc.c **** 
 140:Middlewares/ST/STM32_USB_Device_Library/Class/CDC/Src/usbd_cdc.c **** /* CDC interface class callbacks structure */
 141:Middlewares/ST/STM32_USB_Device_Library/Class/CDC/Src/usbd_cdc.c **** USBD_ClassTypeDef  USBD_CDC =
 142:Middlewares/ST/STM32_USB_Device_Library/Class/CDC/Src/usbd_cdc.c **** {
 143:Middlewares/ST/STM32_USB_Device_Library/Class/CDC/Src/usbd_cdc.c ****   USBD_CDC_Init,
 144:Middlewares/ST/STM32_USB_Device_Library/Class/CDC/Src/usbd_cdc.c ****   USBD_CDC_DeInit,
ARM GAS  /tmp/ccaNfG33.s 			page 4


 145:Middlewares/ST/STM32_USB_Device_Library/Class/CDC/Src/usbd_cdc.c ****   USBD_CDC_Setup,
 146:Middlewares/ST/STM32_USB_Device_Library/Class/CDC/Src/usbd_cdc.c ****   NULL,                 /* EP0_TxSent */
 147:Middlewares/ST/STM32_USB_Device_Library/Class/CDC/Src/usbd_cdc.c ****   USBD_CDC_EP0_RxReady,
 148:Middlewares/ST/STM32_USB_Device_Library/Class/CDC/Src/usbd_cdc.c ****   USBD_CDC_DataIn,
 149:Middlewares/ST/STM32_USB_Device_Library/Class/CDC/Src/usbd_cdc.c ****   USBD_CDC_DataOut,
 150:Middlewares/ST/STM32_USB_Device_Library/Class/CDC/Src/usbd_cdc.c ****   NULL,
 151:Middlewares/ST/STM32_USB_Device_Library/Class/CDC/Src/usbd_cdc.c ****   NULL,
 152:Middlewares/ST/STM32_USB_Device_Library/Class/CDC/Src/usbd_cdc.c ****   NULL,
 153:Middlewares/ST/STM32_USB_Device_Library/Class/CDC/Src/usbd_cdc.c **** #ifdef USE_USBD_COMPOSITE
 154:Middlewares/ST/STM32_USB_Device_Library/Class/CDC/Src/usbd_cdc.c ****   NULL,
 155:Middlewares/ST/STM32_USB_Device_Library/Class/CDC/Src/usbd_cdc.c ****   NULL,
 156:Middlewares/ST/STM32_USB_Device_Library/Class/CDC/Src/usbd_cdc.c ****   NULL,
 157:Middlewares/ST/STM32_USB_Device_Library/Class/CDC/Src/usbd_cdc.c ****   NULL,
 158:Middlewares/ST/STM32_USB_Device_Library/Class/CDC/Src/usbd_cdc.c **** #else
 159:Middlewares/ST/STM32_USB_Device_Library/Class/CDC/Src/usbd_cdc.c ****   USBD_CDC_GetHSCfgDesc,
 160:Middlewares/ST/STM32_USB_Device_Library/Class/CDC/Src/usbd_cdc.c ****   USBD_CDC_GetFSCfgDesc,
 161:Middlewares/ST/STM32_USB_Device_Library/Class/CDC/Src/usbd_cdc.c ****   USBD_CDC_GetOtherSpeedCfgDesc,
 162:Middlewares/ST/STM32_USB_Device_Library/Class/CDC/Src/usbd_cdc.c ****   USBD_CDC_GetDeviceQualifierDescriptor,
 163:Middlewares/ST/STM32_USB_Device_Library/Class/CDC/Src/usbd_cdc.c **** #endif /* USE_USBD_COMPOSITE  */
 164:Middlewares/ST/STM32_USB_Device_Library/Class/CDC/Src/usbd_cdc.c **** #if (USBD_SUPPORT_USER_STRING_DESC == 1U)
 165:Middlewares/ST/STM32_USB_Device_Library/Class/CDC/Src/usbd_cdc.c ****   NULL,
 166:Middlewares/ST/STM32_USB_Device_Library/Class/CDC/Src/usbd_cdc.c **** #endif /* USBD_SUPPORT_USER_STRING_DESC  */
 167:Middlewares/ST/STM32_USB_Device_Library/Class/CDC/Src/usbd_cdc.c **** };
 168:Middlewares/ST/STM32_USB_Device_Library/Class/CDC/Src/usbd_cdc.c **** 
 169:Middlewares/ST/STM32_USB_Device_Library/Class/CDC/Src/usbd_cdc.c **** #ifndef USE_USBD_COMPOSITE
 170:Middlewares/ST/STM32_USB_Device_Library/Class/CDC/Src/usbd_cdc.c **** /* USB CDC device Configuration Descriptor */
 171:Middlewares/ST/STM32_USB_Device_Library/Class/CDC/Src/usbd_cdc.c **** __ALIGN_BEGIN static uint8_t USBD_CDC_CfgDesc[USB_CDC_CONFIG_DESC_SIZ] __ALIGN_END =
 172:Middlewares/ST/STM32_USB_Device_Library/Class/CDC/Src/usbd_cdc.c **** {
 173:Middlewares/ST/STM32_USB_Device_Library/Class/CDC/Src/usbd_cdc.c ****   /* Configuration Descriptor */
 174:Middlewares/ST/STM32_USB_Device_Library/Class/CDC/Src/usbd_cdc.c ****   0x09,                                       /* bLength: Configuration Descriptor size */
 175:Middlewares/ST/STM32_USB_Device_Library/Class/CDC/Src/usbd_cdc.c ****   USB_DESC_TYPE_CONFIGURATION,                /* bDescriptorType: Configuration */
 176:Middlewares/ST/STM32_USB_Device_Library/Class/CDC/Src/usbd_cdc.c ****   USB_CDC_CONFIG_DESC_SIZ,                    /* wTotalLength */
 177:Middlewares/ST/STM32_USB_Device_Library/Class/CDC/Src/usbd_cdc.c ****   0x00,
 178:Middlewares/ST/STM32_USB_Device_Library/Class/CDC/Src/usbd_cdc.c ****   0x02,                                       /* bNumInterfaces: 2 interfaces */
 179:Middlewares/ST/STM32_USB_Device_Library/Class/CDC/Src/usbd_cdc.c ****   0x01,                                       /* bConfigurationValue: Configuration value */
 180:Middlewares/ST/STM32_USB_Device_Library/Class/CDC/Src/usbd_cdc.c ****   0x00,                                       /* iConfiguration: Index of string descriptor
 181:Middlewares/ST/STM32_USB_Device_Library/Class/CDC/Src/usbd_cdc.c ****                                                  describing the configuration */
 182:Middlewares/ST/STM32_USB_Device_Library/Class/CDC/Src/usbd_cdc.c **** #if (USBD_SELF_POWERED == 1U)
 183:Middlewares/ST/STM32_USB_Device_Library/Class/CDC/Src/usbd_cdc.c ****   0xC0,                                       /* bmAttributes: Bus Powered according to user config
 184:Middlewares/ST/STM32_USB_Device_Library/Class/CDC/Src/usbd_cdc.c **** #else
 185:Middlewares/ST/STM32_USB_Device_Library/Class/CDC/Src/usbd_cdc.c ****   0x80,                                       /* bmAttributes: Bus Powered according to user config
 186:Middlewares/ST/STM32_USB_Device_Library/Class/CDC/Src/usbd_cdc.c **** #endif /* USBD_SELF_POWERED */
 187:Middlewares/ST/STM32_USB_Device_Library/Class/CDC/Src/usbd_cdc.c ****   USBD_MAX_POWER,                             /* MaxPower (mA) */
 188:Middlewares/ST/STM32_USB_Device_Library/Class/CDC/Src/usbd_cdc.c **** 
 189:Middlewares/ST/STM32_USB_Device_Library/Class/CDC/Src/usbd_cdc.c ****   /*---------------------------------------------------------------------------*/
 190:Middlewares/ST/STM32_USB_Device_Library/Class/CDC/Src/usbd_cdc.c **** 
 191:Middlewares/ST/STM32_USB_Device_Library/Class/CDC/Src/usbd_cdc.c ****   /* Interface Descriptor */
 192:Middlewares/ST/STM32_USB_Device_Library/Class/CDC/Src/usbd_cdc.c ****   0x09,                                       /* bLength: Interface Descriptor size */
 193:Middlewares/ST/STM32_USB_Device_Library/Class/CDC/Src/usbd_cdc.c ****   USB_DESC_TYPE_INTERFACE,                    /* bDescriptorType: Interface */
 194:Middlewares/ST/STM32_USB_Device_Library/Class/CDC/Src/usbd_cdc.c ****   /* Interface descriptor type */
 195:Middlewares/ST/STM32_USB_Device_Library/Class/CDC/Src/usbd_cdc.c ****   0x00,                                       /* bInterfaceNumber: Number of Interface */
 196:Middlewares/ST/STM32_USB_Device_Library/Class/CDC/Src/usbd_cdc.c ****   0x00,                                       /* bAlternateSetting: Alternate setting */
 197:Middlewares/ST/STM32_USB_Device_Library/Class/CDC/Src/usbd_cdc.c ****   0x01,                                       /* bNumEndpoints: One endpoint used */
 198:Middlewares/ST/STM32_USB_Device_Library/Class/CDC/Src/usbd_cdc.c ****   0x02,                                       /* bInterfaceClass: Communication Interface Class */
 199:Middlewares/ST/STM32_USB_Device_Library/Class/CDC/Src/usbd_cdc.c ****   0x02,                                       /* bInterfaceSubClass: Abstract Control Model */
 200:Middlewares/ST/STM32_USB_Device_Library/Class/CDC/Src/usbd_cdc.c ****   0x01,                                       /* bInterfaceProtocol: Common AT commands */
 201:Middlewares/ST/STM32_USB_Device_Library/Class/CDC/Src/usbd_cdc.c ****   0x00,                                       /* iInterface */
ARM GAS  /tmp/ccaNfG33.s 			page 5


 202:Middlewares/ST/STM32_USB_Device_Library/Class/CDC/Src/usbd_cdc.c **** 
 203:Middlewares/ST/STM32_USB_Device_Library/Class/CDC/Src/usbd_cdc.c ****   /* Header Functional Descriptor */
 204:Middlewares/ST/STM32_USB_Device_Library/Class/CDC/Src/usbd_cdc.c ****   0x05,                                       /* bLength: Endpoint Descriptor size */
 205:Middlewares/ST/STM32_USB_Device_Library/Class/CDC/Src/usbd_cdc.c ****   0x24,                                       /* bDescriptorType: CS_INTERFACE */
 206:Middlewares/ST/STM32_USB_Device_Library/Class/CDC/Src/usbd_cdc.c ****   0x00,                                       /* bDescriptorSubtype: Header Func Desc */
 207:Middlewares/ST/STM32_USB_Device_Library/Class/CDC/Src/usbd_cdc.c ****   0x10,                                       /* bcdCDC: spec release number */
 208:Middlewares/ST/STM32_USB_Device_Library/Class/CDC/Src/usbd_cdc.c ****   0x01,
 209:Middlewares/ST/STM32_USB_Device_Library/Class/CDC/Src/usbd_cdc.c **** 
 210:Middlewares/ST/STM32_USB_Device_Library/Class/CDC/Src/usbd_cdc.c ****   /* Call Management Functional Descriptor */
 211:Middlewares/ST/STM32_USB_Device_Library/Class/CDC/Src/usbd_cdc.c ****   0x05,                                       /* bFunctionLength */
 212:Middlewares/ST/STM32_USB_Device_Library/Class/CDC/Src/usbd_cdc.c ****   0x24,                                       /* bDescriptorType: CS_INTERFACE */
 213:Middlewares/ST/STM32_USB_Device_Library/Class/CDC/Src/usbd_cdc.c ****   0x01,                                       /* bDescriptorSubtype: Call Management Func Desc */
 214:Middlewares/ST/STM32_USB_Device_Library/Class/CDC/Src/usbd_cdc.c ****   0x00,                                       /* bmCapabilities: D0+D1 */
 215:Middlewares/ST/STM32_USB_Device_Library/Class/CDC/Src/usbd_cdc.c ****   0x01,                                       /* bDataInterface */
 216:Middlewares/ST/STM32_USB_Device_Library/Class/CDC/Src/usbd_cdc.c **** 
 217:Middlewares/ST/STM32_USB_Device_Library/Class/CDC/Src/usbd_cdc.c ****   /* ACM Functional Descriptor */
 218:Middlewares/ST/STM32_USB_Device_Library/Class/CDC/Src/usbd_cdc.c ****   0x04,                                       /* bFunctionLength */
 219:Middlewares/ST/STM32_USB_Device_Library/Class/CDC/Src/usbd_cdc.c ****   0x24,                                       /* bDescriptorType: CS_INTERFACE */
 220:Middlewares/ST/STM32_USB_Device_Library/Class/CDC/Src/usbd_cdc.c ****   0x02,                                       /* bDescriptorSubtype: Abstract Control Management de
 221:Middlewares/ST/STM32_USB_Device_Library/Class/CDC/Src/usbd_cdc.c ****   0x02,                                       /* bmCapabilities */
 222:Middlewares/ST/STM32_USB_Device_Library/Class/CDC/Src/usbd_cdc.c **** 
 223:Middlewares/ST/STM32_USB_Device_Library/Class/CDC/Src/usbd_cdc.c ****   /* Union Functional Descriptor */
 224:Middlewares/ST/STM32_USB_Device_Library/Class/CDC/Src/usbd_cdc.c ****   0x05,                                       /* bFunctionLength */
 225:Middlewares/ST/STM32_USB_Device_Library/Class/CDC/Src/usbd_cdc.c ****   0x24,                                       /* bDescriptorType: CS_INTERFACE */
 226:Middlewares/ST/STM32_USB_Device_Library/Class/CDC/Src/usbd_cdc.c ****   0x06,                                       /* bDescriptorSubtype: Union func desc */
 227:Middlewares/ST/STM32_USB_Device_Library/Class/CDC/Src/usbd_cdc.c ****   0x00,                                       /* bMasterInterface: Communication class interface */
 228:Middlewares/ST/STM32_USB_Device_Library/Class/CDC/Src/usbd_cdc.c ****   0x01,                                       /* bSlaveInterface0: Data Class Interface */
 229:Middlewares/ST/STM32_USB_Device_Library/Class/CDC/Src/usbd_cdc.c **** 
 230:Middlewares/ST/STM32_USB_Device_Library/Class/CDC/Src/usbd_cdc.c ****   /* Endpoint 2 Descriptor */
 231:Middlewares/ST/STM32_USB_Device_Library/Class/CDC/Src/usbd_cdc.c ****   0x07,                                       /* bLength: Endpoint Descriptor size */
 232:Middlewares/ST/STM32_USB_Device_Library/Class/CDC/Src/usbd_cdc.c ****   USB_DESC_TYPE_ENDPOINT,                     /* bDescriptorType: Endpoint */
 233:Middlewares/ST/STM32_USB_Device_Library/Class/CDC/Src/usbd_cdc.c ****   CDC_CMD_EP,                                 /* bEndpointAddress */
 234:Middlewares/ST/STM32_USB_Device_Library/Class/CDC/Src/usbd_cdc.c ****   0x03,                                       /* bmAttributes: Interrupt */
 235:Middlewares/ST/STM32_USB_Device_Library/Class/CDC/Src/usbd_cdc.c ****   LOBYTE(CDC_CMD_PACKET_SIZE),                /* wMaxPacketSize */
 236:Middlewares/ST/STM32_USB_Device_Library/Class/CDC/Src/usbd_cdc.c ****   HIBYTE(CDC_CMD_PACKET_SIZE),
 237:Middlewares/ST/STM32_USB_Device_Library/Class/CDC/Src/usbd_cdc.c ****   CDC_FS_BINTERVAL,                           /* bInterval */
 238:Middlewares/ST/STM32_USB_Device_Library/Class/CDC/Src/usbd_cdc.c ****   /*---------------------------------------------------------------------------*/
 239:Middlewares/ST/STM32_USB_Device_Library/Class/CDC/Src/usbd_cdc.c **** 
 240:Middlewares/ST/STM32_USB_Device_Library/Class/CDC/Src/usbd_cdc.c ****   /* Data class interface descriptor */
 241:Middlewares/ST/STM32_USB_Device_Library/Class/CDC/Src/usbd_cdc.c ****   0x09,                                       /* bLength: Endpoint Descriptor size */
 242:Middlewares/ST/STM32_USB_Device_Library/Class/CDC/Src/usbd_cdc.c ****   USB_DESC_TYPE_INTERFACE,                    /* bDescriptorType: */
 243:Middlewares/ST/STM32_USB_Device_Library/Class/CDC/Src/usbd_cdc.c ****   0x01,                                       /* bInterfaceNumber: Number of Interface */
 244:Middlewares/ST/STM32_USB_Device_Library/Class/CDC/Src/usbd_cdc.c ****   0x00,                                       /* bAlternateSetting: Alternate setting */
 245:Middlewares/ST/STM32_USB_Device_Library/Class/CDC/Src/usbd_cdc.c ****   0x02,                                       /* bNumEndpoints: Two endpoints used */
 246:Middlewares/ST/STM32_USB_Device_Library/Class/CDC/Src/usbd_cdc.c ****   0x0A,                                       /* bInterfaceClass: CDC */
 247:Middlewares/ST/STM32_USB_Device_Library/Class/CDC/Src/usbd_cdc.c ****   0x00,                                       /* bInterfaceSubClass */
 248:Middlewares/ST/STM32_USB_Device_Library/Class/CDC/Src/usbd_cdc.c ****   0x00,                                       /* bInterfaceProtocol */
 249:Middlewares/ST/STM32_USB_Device_Library/Class/CDC/Src/usbd_cdc.c ****   0x00,                                       /* iInterface */
 250:Middlewares/ST/STM32_USB_Device_Library/Class/CDC/Src/usbd_cdc.c **** 
 251:Middlewares/ST/STM32_USB_Device_Library/Class/CDC/Src/usbd_cdc.c ****   /* Endpoint OUT Descriptor */
 252:Middlewares/ST/STM32_USB_Device_Library/Class/CDC/Src/usbd_cdc.c ****   0x07,                                       /* bLength: Endpoint Descriptor size */
 253:Middlewares/ST/STM32_USB_Device_Library/Class/CDC/Src/usbd_cdc.c ****   USB_DESC_TYPE_ENDPOINT,                     /* bDescriptorType: Endpoint */
 254:Middlewares/ST/STM32_USB_Device_Library/Class/CDC/Src/usbd_cdc.c ****   CDC_OUT_EP,                                 /* bEndpointAddress */
 255:Middlewares/ST/STM32_USB_Device_Library/Class/CDC/Src/usbd_cdc.c ****   0x02,                                       /* bmAttributes: Bulk */
 256:Middlewares/ST/STM32_USB_Device_Library/Class/CDC/Src/usbd_cdc.c ****   LOBYTE(CDC_DATA_FS_MAX_PACKET_SIZE),        /* wMaxPacketSize */
 257:Middlewares/ST/STM32_USB_Device_Library/Class/CDC/Src/usbd_cdc.c ****   HIBYTE(CDC_DATA_FS_MAX_PACKET_SIZE),
 258:Middlewares/ST/STM32_USB_Device_Library/Class/CDC/Src/usbd_cdc.c ****   0x00,                                       /* bInterval */
ARM GAS  /tmp/ccaNfG33.s 			page 6


 259:Middlewares/ST/STM32_USB_Device_Library/Class/CDC/Src/usbd_cdc.c **** 
 260:Middlewares/ST/STM32_USB_Device_Library/Class/CDC/Src/usbd_cdc.c ****   /* Endpoint IN Descriptor */
 261:Middlewares/ST/STM32_USB_Device_Library/Class/CDC/Src/usbd_cdc.c ****   0x07,                                       /* bLength: Endpoint Descriptor size */
 262:Middlewares/ST/STM32_USB_Device_Library/Class/CDC/Src/usbd_cdc.c ****   USB_DESC_TYPE_ENDPOINT,                     /* bDescriptorType: Endpoint */
 263:Middlewares/ST/STM32_USB_Device_Library/Class/CDC/Src/usbd_cdc.c ****   CDC_IN_EP,                                  /* bEndpointAddress */
 264:Middlewares/ST/STM32_USB_Device_Library/Class/CDC/Src/usbd_cdc.c ****   0x02,                                       /* bmAttributes: Bulk */
 265:Middlewares/ST/STM32_USB_Device_Library/Class/CDC/Src/usbd_cdc.c ****   LOBYTE(CDC_DATA_FS_MAX_PACKET_SIZE),        /* wMaxPacketSize */
 266:Middlewares/ST/STM32_USB_Device_Library/Class/CDC/Src/usbd_cdc.c ****   HIBYTE(CDC_DATA_FS_MAX_PACKET_SIZE),
 267:Middlewares/ST/STM32_USB_Device_Library/Class/CDC/Src/usbd_cdc.c ****   0x00                                        /* bInterval */
 268:Middlewares/ST/STM32_USB_Device_Library/Class/CDC/Src/usbd_cdc.c **** };
 269:Middlewares/ST/STM32_USB_Device_Library/Class/CDC/Src/usbd_cdc.c **** #endif /* USE_USBD_COMPOSITE  */
 270:Middlewares/ST/STM32_USB_Device_Library/Class/CDC/Src/usbd_cdc.c **** 
 271:Middlewares/ST/STM32_USB_Device_Library/Class/CDC/Src/usbd_cdc.c **** static uint8_t CDCInEpAdd = CDC_IN_EP;
 272:Middlewares/ST/STM32_USB_Device_Library/Class/CDC/Src/usbd_cdc.c **** static uint8_t CDCOutEpAdd = CDC_OUT_EP;
 273:Middlewares/ST/STM32_USB_Device_Library/Class/CDC/Src/usbd_cdc.c **** static uint8_t CDCCmdEpAdd = CDC_CMD_EP;
 274:Middlewares/ST/STM32_USB_Device_Library/Class/CDC/Src/usbd_cdc.c **** 
 275:Middlewares/ST/STM32_USB_Device_Library/Class/CDC/Src/usbd_cdc.c **** /**
 276:Middlewares/ST/STM32_USB_Device_Library/Class/CDC/Src/usbd_cdc.c ****   * @}
 277:Middlewares/ST/STM32_USB_Device_Library/Class/CDC/Src/usbd_cdc.c ****   */
 278:Middlewares/ST/STM32_USB_Device_Library/Class/CDC/Src/usbd_cdc.c **** 
 279:Middlewares/ST/STM32_USB_Device_Library/Class/CDC/Src/usbd_cdc.c **** /** @defgroup USBD_CDC_Private_Functions
 280:Middlewares/ST/STM32_USB_Device_Library/Class/CDC/Src/usbd_cdc.c ****   * @{
 281:Middlewares/ST/STM32_USB_Device_Library/Class/CDC/Src/usbd_cdc.c ****   */
 282:Middlewares/ST/STM32_USB_Device_Library/Class/CDC/Src/usbd_cdc.c **** 
 283:Middlewares/ST/STM32_USB_Device_Library/Class/CDC/Src/usbd_cdc.c **** /**
 284:Middlewares/ST/STM32_USB_Device_Library/Class/CDC/Src/usbd_cdc.c ****   * @brief  USBD_CDC_Init
 285:Middlewares/ST/STM32_USB_Device_Library/Class/CDC/Src/usbd_cdc.c ****   *         Initialize the CDC interface
 286:Middlewares/ST/STM32_USB_Device_Library/Class/CDC/Src/usbd_cdc.c ****   * @param  pdev: device instance
 287:Middlewares/ST/STM32_USB_Device_Library/Class/CDC/Src/usbd_cdc.c ****   * @param  cfgidx: Configuration index
 288:Middlewares/ST/STM32_USB_Device_Library/Class/CDC/Src/usbd_cdc.c ****   * @retval status
 289:Middlewares/ST/STM32_USB_Device_Library/Class/CDC/Src/usbd_cdc.c ****   */
 290:Middlewares/ST/STM32_USB_Device_Library/Class/CDC/Src/usbd_cdc.c **** static uint8_t USBD_CDC_Init(USBD_HandleTypeDef *pdev, uint8_t cfgidx)
 291:Middlewares/ST/STM32_USB_Device_Library/Class/CDC/Src/usbd_cdc.c **** {
 292:Middlewares/ST/STM32_USB_Device_Library/Class/CDC/Src/usbd_cdc.c ****   UNUSED(cfgidx);
 293:Middlewares/ST/STM32_USB_Device_Library/Class/CDC/Src/usbd_cdc.c ****   USBD_CDC_HandleTypeDef *hcdc;
 294:Middlewares/ST/STM32_USB_Device_Library/Class/CDC/Src/usbd_cdc.c **** 
 295:Middlewares/ST/STM32_USB_Device_Library/Class/CDC/Src/usbd_cdc.c ****   hcdc = (USBD_CDC_HandleTypeDef *)USBD_malloc(sizeof(USBD_CDC_HandleTypeDef));
 296:Middlewares/ST/STM32_USB_Device_Library/Class/CDC/Src/usbd_cdc.c **** 
 297:Middlewares/ST/STM32_USB_Device_Library/Class/CDC/Src/usbd_cdc.c ****   if (hcdc == NULL)
 298:Middlewares/ST/STM32_USB_Device_Library/Class/CDC/Src/usbd_cdc.c ****   {
 299:Middlewares/ST/STM32_USB_Device_Library/Class/CDC/Src/usbd_cdc.c ****     pdev->pClassDataCmsit[pdev->classId] = NULL;
 300:Middlewares/ST/STM32_USB_Device_Library/Class/CDC/Src/usbd_cdc.c ****     return (uint8_t)USBD_EMEM;
 301:Middlewares/ST/STM32_USB_Device_Library/Class/CDC/Src/usbd_cdc.c ****   }
 302:Middlewares/ST/STM32_USB_Device_Library/Class/CDC/Src/usbd_cdc.c **** 
 303:Middlewares/ST/STM32_USB_Device_Library/Class/CDC/Src/usbd_cdc.c ****   (void)USBD_memset(hcdc, 0, sizeof(USBD_CDC_HandleTypeDef));
 304:Middlewares/ST/STM32_USB_Device_Library/Class/CDC/Src/usbd_cdc.c **** 
 305:Middlewares/ST/STM32_USB_Device_Library/Class/CDC/Src/usbd_cdc.c ****   pdev->pClassDataCmsit[pdev->classId] = (void *)hcdc;
 306:Middlewares/ST/STM32_USB_Device_Library/Class/CDC/Src/usbd_cdc.c ****   pdev->pClassData = pdev->pClassDataCmsit[pdev->classId];
 307:Middlewares/ST/STM32_USB_Device_Library/Class/CDC/Src/usbd_cdc.c **** 
 308:Middlewares/ST/STM32_USB_Device_Library/Class/CDC/Src/usbd_cdc.c **** #ifdef USE_USBD_COMPOSITE
 309:Middlewares/ST/STM32_USB_Device_Library/Class/CDC/Src/usbd_cdc.c ****   /* Get the Endpoints addresses allocated for this class instance */
 310:Middlewares/ST/STM32_USB_Device_Library/Class/CDC/Src/usbd_cdc.c ****   CDCInEpAdd  = USBD_CoreGetEPAdd(pdev, USBD_EP_IN, USBD_EP_TYPE_BULK, (uint8_t)pdev->classId);
 311:Middlewares/ST/STM32_USB_Device_Library/Class/CDC/Src/usbd_cdc.c ****   CDCOutEpAdd = USBD_CoreGetEPAdd(pdev, USBD_EP_OUT, USBD_EP_TYPE_BULK, (uint8_t)pdev->classId);
 312:Middlewares/ST/STM32_USB_Device_Library/Class/CDC/Src/usbd_cdc.c ****   CDCCmdEpAdd = USBD_CoreGetEPAdd(pdev, USBD_EP_IN, USBD_EP_TYPE_INTR, (uint8_t)pdev->classId);
 313:Middlewares/ST/STM32_USB_Device_Library/Class/CDC/Src/usbd_cdc.c **** #endif /* USE_USBD_COMPOSITE */
 314:Middlewares/ST/STM32_USB_Device_Library/Class/CDC/Src/usbd_cdc.c **** 
 315:Middlewares/ST/STM32_USB_Device_Library/Class/CDC/Src/usbd_cdc.c ****   if (pdev->dev_speed == USBD_SPEED_HIGH)
ARM GAS  /tmp/ccaNfG33.s 			page 7


 316:Middlewares/ST/STM32_USB_Device_Library/Class/CDC/Src/usbd_cdc.c ****   {
 317:Middlewares/ST/STM32_USB_Device_Library/Class/CDC/Src/usbd_cdc.c ****     /* Open EP IN */
 318:Middlewares/ST/STM32_USB_Device_Library/Class/CDC/Src/usbd_cdc.c ****     (void)USBD_LL_OpenEP(pdev, CDCInEpAdd, USBD_EP_TYPE_BULK,
 319:Middlewares/ST/STM32_USB_Device_Library/Class/CDC/Src/usbd_cdc.c ****                          CDC_DATA_HS_IN_PACKET_SIZE);
 320:Middlewares/ST/STM32_USB_Device_Library/Class/CDC/Src/usbd_cdc.c **** 
 321:Middlewares/ST/STM32_USB_Device_Library/Class/CDC/Src/usbd_cdc.c ****     pdev->ep_in[CDCInEpAdd & 0xFU].is_used = 1U;
 322:Middlewares/ST/STM32_USB_Device_Library/Class/CDC/Src/usbd_cdc.c **** 
 323:Middlewares/ST/STM32_USB_Device_Library/Class/CDC/Src/usbd_cdc.c ****     /* Open EP OUT */
 324:Middlewares/ST/STM32_USB_Device_Library/Class/CDC/Src/usbd_cdc.c ****     (void)USBD_LL_OpenEP(pdev, CDCOutEpAdd, USBD_EP_TYPE_BULK,
 325:Middlewares/ST/STM32_USB_Device_Library/Class/CDC/Src/usbd_cdc.c ****                          CDC_DATA_HS_OUT_PACKET_SIZE);
 326:Middlewares/ST/STM32_USB_Device_Library/Class/CDC/Src/usbd_cdc.c **** 
 327:Middlewares/ST/STM32_USB_Device_Library/Class/CDC/Src/usbd_cdc.c ****     pdev->ep_out[CDCOutEpAdd & 0xFU].is_used = 1U;
 328:Middlewares/ST/STM32_USB_Device_Library/Class/CDC/Src/usbd_cdc.c **** 
 329:Middlewares/ST/STM32_USB_Device_Library/Class/CDC/Src/usbd_cdc.c ****     /* Set bInterval for CDC CMD Endpoint */
 330:Middlewares/ST/STM32_USB_Device_Library/Class/CDC/Src/usbd_cdc.c ****     pdev->ep_in[CDCCmdEpAdd & 0xFU].bInterval = CDC_HS_BINTERVAL;
 331:Middlewares/ST/STM32_USB_Device_Library/Class/CDC/Src/usbd_cdc.c ****   }
 332:Middlewares/ST/STM32_USB_Device_Library/Class/CDC/Src/usbd_cdc.c ****   else
 333:Middlewares/ST/STM32_USB_Device_Library/Class/CDC/Src/usbd_cdc.c ****   {
 334:Middlewares/ST/STM32_USB_Device_Library/Class/CDC/Src/usbd_cdc.c ****     /* Open EP IN */
 335:Middlewares/ST/STM32_USB_Device_Library/Class/CDC/Src/usbd_cdc.c ****     (void)USBD_LL_OpenEP(pdev, CDCInEpAdd, USBD_EP_TYPE_BULK,
 336:Middlewares/ST/STM32_USB_Device_Library/Class/CDC/Src/usbd_cdc.c ****                          CDC_DATA_FS_IN_PACKET_SIZE);
 337:Middlewares/ST/STM32_USB_Device_Library/Class/CDC/Src/usbd_cdc.c **** 
 338:Middlewares/ST/STM32_USB_Device_Library/Class/CDC/Src/usbd_cdc.c ****     pdev->ep_in[CDCInEpAdd & 0xFU].is_used = 1U;
 339:Middlewares/ST/STM32_USB_Device_Library/Class/CDC/Src/usbd_cdc.c **** 
 340:Middlewares/ST/STM32_USB_Device_Library/Class/CDC/Src/usbd_cdc.c ****     /* Open EP OUT */
 341:Middlewares/ST/STM32_USB_Device_Library/Class/CDC/Src/usbd_cdc.c ****     (void)USBD_LL_OpenEP(pdev, CDCOutEpAdd, USBD_EP_TYPE_BULK,
 342:Middlewares/ST/STM32_USB_Device_Library/Class/CDC/Src/usbd_cdc.c ****                          CDC_DATA_FS_OUT_PACKET_SIZE);
 343:Middlewares/ST/STM32_USB_Device_Library/Class/CDC/Src/usbd_cdc.c **** 
 344:Middlewares/ST/STM32_USB_Device_Library/Class/CDC/Src/usbd_cdc.c ****     pdev->ep_out[CDCOutEpAdd & 0xFU].is_used = 1U;
 345:Middlewares/ST/STM32_USB_Device_Library/Class/CDC/Src/usbd_cdc.c **** 
 346:Middlewares/ST/STM32_USB_Device_Library/Class/CDC/Src/usbd_cdc.c ****     /* Set bInterval for CMD Endpoint */
 347:Middlewares/ST/STM32_USB_Device_Library/Class/CDC/Src/usbd_cdc.c ****     pdev->ep_in[CDCCmdEpAdd & 0xFU].bInterval = CDC_FS_BINTERVAL;
 348:Middlewares/ST/STM32_USB_Device_Library/Class/CDC/Src/usbd_cdc.c ****   }
 349:Middlewares/ST/STM32_USB_Device_Library/Class/CDC/Src/usbd_cdc.c **** 
 350:Middlewares/ST/STM32_USB_Device_Library/Class/CDC/Src/usbd_cdc.c ****   /* Open Command IN EP */
 351:Middlewares/ST/STM32_USB_Device_Library/Class/CDC/Src/usbd_cdc.c ****   (void)USBD_LL_OpenEP(pdev, CDCCmdEpAdd, USBD_EP_TYPE_INTR, CDC_CMD_PACKET_SIZE);
 352:Middlewares/ST/STM32_USB_Device_Library/Class/CDC/Src/usbd_cdc.c ****   pdev->ep_in[CDCCmdEpAdd & 0xFU].is_used = 1U;
 353:Middlewares/ST/STM32_USB_Device_Library/Class/CDC/Src/usbd_cdc.c **** 
 354:Middlewares/ST/STM32_USB_Device_Library/Class/CDC/Src/usbd_cdc.c ****   hcdc->RxBuffer = NULL;
 355:Middlewares/ST/STM32_USB_Device_Library/Class/CDC/Src/usbd_cdc.c **** 
 356:Middlewares/ST/STM32_USB_Device_Library/Class/CDC/Src/usbd_cdc.c ****   /* Init  physical Interface components */
 357:Middlewares/ST/STM32_USB_Device_Library/Class/CDC/Src/usbd_cdc.c ****   ((USBD_CDC_ItfTypeDef *)pdev->pUserData[pdev->classId])->Init();
 358:Middlewares/ST/STM32_USB_Device_Library/Class/CDC/Src/usbd_cdc.c **** 
 359:Middlewares/ST/STM32_USB_Device_Library/Class/CDC/Src/usbd_cdc.c ****   /* Init Xfer states */
 360:Middlewares/ST/STM32_USB_Device_Library/Class/CDC/Src/usbd_cdc.c ****   hcdc->TxState = 0U;
 361:Middlewares/ST/STM32_USB_Device_Library/Class/CDC/Src/usbd_cdc.c ****   hcdc->RxState = 0U;
 362:Middlewares/ST/STM32_USB_Device_Library/Class/CDC/Src/usbd_cdc.c **** 
 363:Middlewares/ST/STM32_USB_Device_Library/Class/CDC/Src/usbd_cdc.c ****   if (hcdc->RxBuffer == NULL)
 364:Middlewares/ST/STM32_USB_Device_Library/Class/CDC/Src/usbd_cdc.c ****   {
 365:Middlewares/ST/STM32_USB_Device_Library/Class/CDC/Src/usbd_cdc.c ****     return (uint8_t)USBD_EMEM;
 366:Middlewares/ST/STM32_USB_Device_Library/Class/CDC/Src/usbd_cdc.c ****   }
 367:Middlewares/ST/STM32_USB_Device_Library/Class/CDC/Src/usbd_cdc.c **** 
 368:Middlewares/ST/STM32_USB_Device_Library/Class/CDC/Src/usbd_cdc.c ****   if (pdev->dev_speed == USBD_SPEED_HIGH)
 369:Middlewares/ST/STM32_USB_Device_Library/Class/CDC/Src/usbd_cdc.c ****   {
 370:Middlewares/ST/STM32_USB_Device_Library/Class/CDC/Src/usbd_cdc.c ****     /* Prepare Out endpoint to receive next packet */
 371:Middlewares/ST/STM32_USB_Device_Library/Class/CDC/Src/usbd_cdc.c ****     (void)USBD_LL_PrepareReceive(pdev, CDCOutEpAdd, hcdc->RxBuffer,
 372:Middlewares/ST/STM32_USB_Device_Library/Class/CDC/Src/usbd_cdc.c ****                                  CDC_DATA_HS_OUT_PACKET_SIZE);
ARM GAS  /tmp/ccaNfG33.s 			page 8


 373:Middlewares/ST/STM32_USB_Device_Library/Class/CDC/Src/usbd_cdc.c ****   }
 374:Middlewares/ST/STM32_USB_Device_Library/Class/CDC/Src/usbd_cdc.c ****   else
 375:Middlewares/ST/STM32_USB_Device_Library/Class/CDC/Src/usbd_cdc.c ****   {
 376:Middlewares/ST/STM32_USB_Device_Library/Class/CDC/Src/usbd_cdc.c ****     /* Prepare Out endpoint to receive next packet */
 377:Middlewares/ST/STM32_USB_Device_Library/Class/CDC/Src/usbd_cdc.c ****     (void)USBD_LL_PrepareReceive(pdev, CDCOutEpAdd, hcdc->RxBuffer,
 378:Middlewares/ST/STM32_USB_Device_Library/Class/CDC/Src/usbd_cdc.c ****                                  CDC_DATA_FS_OUT_PACKET_SIZE);
 379:Middlewares/ST/STM32_USB_Device_Library/Class/CDC/Src/usbd_cdc.c ****   }
 380:Middlewares/ST/STM32_USB_Device_Library/Class/CDC/Src/usbd_cdc.c **** 
 381:Middlewares/ST/STM32_USB_Device_Library/Class/CDC/Src/usbd_cdc.c ****   return (uint8_t)USBD_OK;
 382:Middlewares/ST/STM32_USB_Device_Library/Class/CDC/Src/usbd_cdc.c **** }
 383:Middlewares/ST/STM32_USB_Device_Library/Class/CDC/Src/usbd_cdc.c **** 
 384:Middlewares/ST/STM32_USB_Device_Library/Class/CDC/Src/usbd_cdc.c **** /**
 385:Middlewares/ST/STM32_USB_Device_Library/Class/CDC/Src/usbd_cdc.c ****   * @brief  USBD_CDC_Init
 386:Middlewares/ST/STM32_USB_Device_Library/Class/CDC/Src/usbd_cdc.c ****   *         DeInitialize the CDC layer
 387:Middlewares/ST/STM32_USB_Device_Library/Class/CDC/Src/usbd_cdc.c ****   * @param  pdev: device instance
 388:Middlewares/ST/STM32_USB_Device_Library/Class/CDC/Src/usbd_cdc.c ****   * @param  cfgidx: Configuration index
 389:Middlewares/ST/STM32_USB_Device_Library/Class/CDC/Src/usbd_cdc.c ****   * @retval status
 390:Middlewares/ST/STM32_USB_Device_Library/Class/CDC/Src/usbd_cdc.c ****   */
 391:Middlewares/ST/STM32_USB_Device_Library/Class/CDC/Src/usbd_cdc.c **** static uint8_t USBD_CDC_DeInit(USBD_HandleTypeDef *pdev, uint8_t cfgidx)
 392:Middlewares/ST/STM32_USB_Device_Library/Class/CDC/Src/usbd_cdc.c **** {
 393:Middlewares/ST/STM32_USB_Device_Library/Class/CDC/Src/usbd_cdc.c ****   UNUSED(cfgidx);
 394:Middlewares/ST/STM32_USB_Device_Library/Class/CDC/Src/usbd_cdc.c **** 
 395:Middlewares/ST/STM32_USB_Device_Library/Class/CDC/Src/usbd_cdc.c **** 
 396:Middlewares/ST/STM32_USB_Device_Library/Class/CDC/Src/usbd_cdc.c **** #ifdef USE_USBD_COMPOSITE
 397:Middlewares/ST/STM32_USB_Device_Library/Class/CDC/Src/usbd_cdc.c ****   /* Get the Endpoints addresses allocated for this CDC class instance */
 398:Middlewares/ST/STM32_USB_Device_Library/Class/CDC/Src/usbd_cdc.c ****   CDCInEpAdd  = USBD_CoreGetEPAdd(pdev, USBD_EP_IN, USBD_EP_TYPE_BULK, (uint8_t)pdev->classId);
 399:Middlewares/ST/STM32_USB_Device_Library/Class/CDC/Src/usbd_cdc.c ****   CDCOutEpAdd = USBD_CoreGetEPAdd(pdev, USBD_EP_OUT, USBD_EP_TYPE_BULK, (uint8_t)pdev->classId);
 400:Middlewares/ST/STM32_USB_Device_Library/Class/CDC/Src/usbd_cdc.c ****   CDCCmdEpAdd = USBD_CoreGetEPAdd(pdev, USBD_EP_IN, USBD_EP_TYPE_INTR, (uint8_t)pdev->classId);
 401:Middlewares/ST/STM32_USB_Device_Library/Class/CDC/Src/usbd_cdc.c **** #endif /* USE_USBD_COMPOSITE */
 402:Middlewares/ST/STM32_USB_Device_Library/Class/CDC/Src/usbd_cdc.c **** 
 403:Middlewares/ST/STM32_USB_Device_Library/Class/CDC/Src/usbd_cdc.c ****   /* Close EP IN */
 404:Middlewares/ST/STM32_USB_Device_Library/Class/CDC/Src/usbd_cdc.c ****   (void)USBD_LL_CloseEP(pdev, CDCInEpAdd);
 405:Middlewares/ST/STM32_USB_Device_Library/Class/CDC/Src/usbd_cdc.c ****   pdev->ep_in[CDCInEpAdd & 0xFU].is_used = 0U;
 406:Middlewares/ST/STM32_USB_Device_Library/Class/CDC/Src/usbd_cdc.c **** 
 407:Middlewares/ST/STM32_USB_Device_Library/Class/CDC/Src/usbd_cdc.c ****   /* Close EP OUT */
 408:Middlewares/ST/STM32_USB_Device_Library/Class/CDC/Src/usbd_cdc.c ****   (void)USBD_LL_CloseEP(pdev, CDCOutEpAdd);
 409:Middlewares/ST/STM32_USB_Device_Library/Class/CDC/Src/usbd_cdc.c ****   pdev->ep_out[CDCOutEpAdd & 0xFU].is_used = 0U;
 410:Middlewares/ST/STM32_USB_Device_Library/Class/CDC/Src/usbd_cdc.c **** 
 411:Middlewares/ST/STM32_USB_Device_Library/Class/CDC/Src/usbd_cdc.c ****   /* Close Command IN EP */
 412:Middlewares/ST/STM32_USB_Device_Library/Class/CDC/Src/usbd_cdc.c ****   (void)USBD_LL_CloseEP(pdev, CDCCmdEpAdd);
 413:Middlewares/ST/STM32_USB_Device_Library/Class/CDC/Src/usbd_cdc.c ****   pdev->ep_in[CDCCmdEpAdd & 0xFU].is_used = 0U;
 414:Middlewares/ST/STM32_USB_Device_Library/Class/CDC/Src/usbd_cdc.c ****   pdev->ep_in[CDCCmdEpAdd & 0xFU].bInterval = 0U;
 415:Middlewares/ST/STM32_USB_Device_Library/Class/CDC/Src/usbd_cdc.c **** 
 416:Middlewares/ST/STM32_USB_Device_Library/Class/CDC/Src/usbd_cdc.c ****   /* DeInit  physical Interface components */
 417:Middlewares/ST/STM32_USB_Device_Library/Class/CDC/Src/usbd_cdc.c ****   if (pdev->pClassDataCmsit[pdev->classId] != NULL)
 418:Middlewares/ST/STM32_USB_Device_Library/Class/CDC/Src/usbd_cdc.c ****   {
 419:Middlewares/ST/STM32_USB_Device_Library/Class/CDC/Src/usbd_cdc.c ****     ((USBD_CDC_ItfTypeDef *)pdev->pUserData[pdev->classId])->DeInit();
 420:Middlewares/ST/STM32_USB_Device_Library/Class/CDC/Src/usbd_cdc.c ****     (void)USBD_free(pdev->pClassDataCmsit[pdev->classId]);
 421:Middlewares/ST/STM32_USB_Device_Library/Class/CDC/Src/usbd_cdc.c ****     pdev->pClassDataCmsit[pdev->classId] = NULL;
 422:Middlewares/ST/STM32_USB_Device_Library/Class/CDC/Src/usbd_cdc.c ****     pdev->pClassData = NULL;
 423:Middlewares/ST/STM32_USB_Device_Library/Class/CDC/Src/usbd_cdc.c ****   }
 424:Middlewares/ST/STM32_USB_Device_Library/Class/CDC/Src/usbd_cdc.c **** 
 425:Middlewares/ST/STM32_USB_Device_Library/Class/CDC/Src/usbd_cdc.c ****   return (uint8_t)USBD_OK;
 426:Middlewares/ST/STM32_USB_Device_Library/Class/CDC/Src/usbd_cdc.c **** }
 427:Middlewares/ST/STM32_USB_Device_Library/Class/CDC/Src/usbd_cdc.c **** 
 428:Middlewares/ST/STM32_USB_Device_Library/Class/CDC/Src/usbd_cdc.c **** /**
 429:Middlewares/ST/STM32_USB_Device_Library/Class/CDC/Src/usbd_cdc.c ****   * @brief  USBD_CDC_Setup
ARM GAS  /tmp/ccaNfG33.s 			page 9


 430:Middlewares/ST/STM32_USB_Device_Library/Class/CDC/Src/usbd_cdc.c ****   *         Handle the CDC specific requests
 431:Middlewares/ST/STM32_USB_Device_Library/Class/CDC/Src/usbd_cdc.c ****   * @param  pdev: instance
 432:Middlewares/ST/STM32_USB_Device_Library/Class/CDC/Src/usbd_cdc.c ****   * @param  req: usb requests
 433:Middlewares/ST/STM32_USB_Device_Library/Class/CDC/Src/usbd_cdc.c ****   * @retval status
 434:Middlewares/ST/STM32_USB_Device_Library/Class/CDC/Src/usbd_cdc.c ****   */
 435:Middlewares/ST/STM32_USB_Device_Library/Class/CDC/Src/usbd_cdc.c **** static uint8_t USBD_CDC_Setup(USBD_HandleTypeDef *pdev,
 436:Middlewares/ST/STM32_USB_Device_Library/Class/CDC/Src/usbd_cdc.c ****                               USBD_SetupReqTypedef *req)
 437:Middlewares/ST/STM32_USB_Device_Library/Class/CDC/Src/usbd_cdc.c **** {
 438:Middlewares/ST/STM32_USB_Device_Library/Class/CDC/Src/usbd_cdc.c ****   USBD_CDC_HandleTypeDef *hcdc = (USBD_CDC_HandleTypeDef *)pdev->pClassDataCmsit[pdev->classId];
 439:Middlewares/ST/STM32_USB_Device_Library/Class/CDC/Src/usbd_cdc.c ****   uint16_t len;
 440:Middlewares/ST/STM32_USB_Device_Library/Class/CDC/Src/usbd_cdc.c ****   uint8_t ifalt = 0U;
 441:Middlewares/ST/STM32_USB_Device_Library/Class/CDC/Src/usbd_cdc.c ****   uint16_t status_info = 0U;
 442:Middlewares/ST/STM32_USB_Device_Library/Class/CDC/Src/usbd_cdc.c ****   USBD_StatusTypeDef ret = USBD_OK;
 443:Middlewares/ST/STM32_USB_Device_Library/Class/CDC/Src/usbd_cdc.c **** 
 444:Middlewares/ST/STM32_USB_Device_Library/Class/CDC/Src/usbd_cdc.c ****   if (hcdc == NULL)
 445:Middlewares/ST/STM32_USB_Device_Library/Class/CDC/Src/usbd_cdc.c ****   {
 446:Middlewares/ST/STM32_USB_Device_Library/Class/CDC/Src/usbd_cdc.c ****     return (uint8_t)USBD_FAIL;
 447:Middlewares/ST/STM32_USB_Device_Library/Class/CDC/Src/usbd_cdc.c ****   }
 448:Middlewares/ST/STM32_USB_Device_Library/Class/CDC/Src/usbd_cdc.c **** 
 449:Middlewares/ST/STM32_USB_Device_Library/Class/CDC/Src/usbd_cdc.c ****   switch (req->bmRequest & USB_REQ_TYPE_MASK)
 450:Middlewares/ST/STM32_USB_Device_Library/Class/CDC/Src/usbd_cdc.c ****   {
 451:Middlewares/ST/STM32_USB_Device_Library/Class/CDC/Src/usbd_cdc.c ****     case USB_REQ_TYPE_CLASS:
 452:Middlewares/ST/STM32_USB_Device_Library/Class/CDC/Src/usbd_cdc.c ****       if (req->wLength != 0U)
 453:Middlewares/ST/STM32_USB_Device_Library/Class/CDC/Src/usbd_cdc.c ****       {
 454:Middlewares/ST/STM32_USB_Device_Library/Class/CDC/Src/usbd_cdc.c ****         if ((req->bmRequest & 0x80U) != 0U)
 455:Middlewares/ST/STM32_USB_Device_Library/Class/CDC/Src/usbd_cdc.c ****         {
 456:Middlewares/ST/STM32_USB_Device_Library/Class/CDC/Src/usbd_cdc.c ****           ((USBD_CDC_ItfTypeDef *)pdev->pUserData[pdev->classId])->Control(req->bRequest,
 457:Middlewares/ST/STM32_USB_Device_Library/Class/CDC/Src/usbd_cdc.c ****                                                                            (uint8_t *)hcdc->data,
 458:Middlewares/ST/STM32_USB_Device_Library/Class/CDC/Src/usbd_cdc.c ****                                                                            req->wLength);
 459:Middlewares/ST/STM32_USB_Device_Library/Class/CDC/Src/usbd_cdc.c **** 
 460:Middlewares/ST/STM32_USB_Device_Library/Class/CDC/Src/usbd_cdc.c ****           len = MIN(CDC_REQ_MAX_DATA_SIZE, req->wLength);
 461:Middlewares/ST/STM32_USB_Device_Library/Class/CDC/Src/usbd_cdc.c ****           (void)USBD_CtlSendData(pdev, (uint8_t *)hcdc->data, len);
 462:Middlewares/ST/STM32_USB_Device_Library/Class/CDC/Src/usbd_cdc.c ****         }
 463:Middlewares/ST/STM32_USB_Device_Library/Class/CDC/Src/usbd_cdc.c ****         else
 464:Middlewares/ST/STM32_USB_Device_Library/Class/CDC/Src/usbd_cdc.c ****         {
 465:Middlewares/ST/STM32_USB_Device_Library/Class/CDC/Src/usbd_cdc.c ****           hcdc->CmdOpCode = req->bRequest;
 466:Middlewares/ST/STM32_USB_Device_Library/Class/CDC/Src/usbd_cdc.c ****           hcdc->CmdLength = (uint8_t)MIN(req->wLength, USB_MAX_EP0_SIZE);
 467:Middlewares/ST/STM32_USB_Device_Library/Class/CDC/Src/usbd_cdc.c **** 
 468:Middlewares/ST/STM32_USB_Device_Library/Class/CDC/Src/usbd_cdc.c ****           (void)USBD_CtlPrepareRx(pdev, (uint8_t *)hcdc->data, hcdc->CmdLength);
 469:Middlewares/ST/STM32_USB_Device_Library/Class/CDC/Src/usbd_cdc.c ****         }
 470:Middlewares/ST/STM32_USB_Device_Library/Class/CDC/Src/usbd_cdc.c ****       }
 471:Middlewares/ST/STM32_USB_Device_Library/Class/CDC/Src/usbd_cdc.c ****       else
 472:Middlewares/ST/STM32_USB_Device_Library/Class/CDC/Src/usbd_cdc.c ****       {
 473:Middlewares/ST/STM32_USB_Device_Library/Class/CDC/Src/usbd_cdc.c ****         ((USBD_CDC_ItfTypeDef *)pdev->pUserData[pdev->classId])->Control(req->bRequest,
 474:Middlewares/ST/STM32_USB_Device_Library/Class/CDC/Src/usbd_cdc.c ****                                                                          (uint8_t *)req, 0U);
 475:Middlewares/ST/STM32_USB_Device_Library/Class/CDC/Src/usbd_cdc.c ****       }
 476:Middlewares/ST/STM32_USB_Device_Library/Class/CDC/Src/usbd_cdc.c ****       break;
 477:Middlewares/ST/STM32_USB_Device_Library/Class/CDC/Src/usbd_cdc.c **** 
 478:Middlewares/ST/STM32_USB_Device_Library/Class/CDC/Src/usbd_cdc.c ****     case USB_REQ_TYPE_STANDARD:
 479:Middlewares/ST/STM32_USB_Device_Library/Class/CDC/Src/usbd_cdc.c ****       switch (req->bRequest)
 480:Middlewares/ST/STM32_USB_Device_Library/Class/CDC/Src/usbd_cdc.c ****       {
 481:Middlewares/ST/STM32_USB_Device_Library/Class/CDC/Src/usbd_cdc.c ****         case USB_REQ_GET_STATUS:
 482:Middlewares/ST/STM32_USB_Device_Library/Class/CDC/Src/usbd_cdc.c ****           if (pdev->dev_state == USBD_STATE_CONFIGURED)
 483:Middlewares/ST/STM32_USB_Device_Library/Class/CDC/Src/usbd_cdc.c ****           {
 484:Middlewares/ST/STM32_USB_Device_Library/Class/CDC/Src/usbd_cdc.c ****             (void)USBD_CtlSendData(pdev, (uint8_t *)&status_info, 2U);
 485:Middlewares/ST/STM32_USB_Device_Library/Class/CDC/Src/usbd_cdc.c ****           }
 486:Middlewares/ST/STM32_USB_Device_Library/Class/CDC/Src/usbd_cdc.c ****           else
ARM GAS  /tmp/ccaNfG33.s 			page 10


 487:Middlewares/ST/STM32_USB_Device_Library/Class/CDC/Src/usbd_cdc.c ****           {
 488:Middlewares/ST/STM32_USB_Device_Library/Class/CDC/Src/usbd_cdc.c ****             USBD_CtlError(pdev, req);
 489:Middlewares/ST/STM32_USB_Device_Library/Class/CDC/Src/usbd_cdc.c ****             ret = USBD_FAIL;
 490:Middlewares/ST/STM32_USB_Device_Library/Class/CDC/Src/usbd_cdc.c ****           }
 491:Middlewares/ST/STM32_USB_Device_Library/Class/CDC/Src/usbd_cdc.c ****           break;
 492:Middlewares/ST/STM32_USB_Device_Library/Class/CDC/Src/usbd_cdc.c **** 
 493:Middlewares/ST/STM32_USB_Device_Library/Class/CDC/Src/usbd_cdc.c ****         case USB_REQ_GET_INTERFACE:
 494:Middlewares/ST/STM32_USB_Device_Library/Class/CDC/Src/usbd_cdc.c ****           if (pdev->dev_state == USBD_STATE_CONFIGURED)
 495:Middlewares/ST/STM32_USB_Device_Library/Class/CDC/Src/usbd_cdc.c ****           {
 496:Middlewares/ST/STM32_USB_Device_Library/Class/CDC/Src/usbd_cdc.c ****             (void)USBD_CtlSendData(pdev, &ifalt, 1U);
 497:Middlewares/ST/STM32_USB_Device_Library/Class/CDC/Src/usbd_cdc.c ****           }
 498:Middlewares/ST/STM32_USB_Device_Library/Class/CDC/Src/usbd_cdc.c ****           else
 499:Middlewares/ST/STM32_USB_Device_Library/Class/CDC/Src/usbd_cdc.c ****           {
 500:Middlewares/ST/STM32_USB_Device_Library/Class/CDC/Src/usbd_cdc.c ****             USBD_CtlError(pdev, req);
 501:Middlewares/ST/STM32_USB_Device_Library/Class/CDC/Src/usbd_cdc.c ****             ret = USBD_FAIL;
 502:Middlewares/ST/STM32_USB_Device_Library/Class/CDC/Src/usbd_cdc.c ****           }
 503:Middlewares/ST/STM32_USB_Device_Library/Class/CDC/Src/usbd_cdc.c ****           break;
 504:Middlewares/ST/STM32_USB_Device_Library/Class/CDC/Src/usbd_cdc.c **** 
 505:Middlewares/ST/STM32_USB_Device_Library/Class/CDC/Src/usbd_cdc.c ****         case USB_REQ_SET_INTERFACE:
 506:Middlewares/ST/STM32_USB_Device_Library/Class/CDC/Src/usbd_cdc.c ****           if (pdev->dev_state != USBD_STATE_CONFIGURED)
 507:Middlewares/ST/STM32_USB_Device_Library/Class/CDC/Src/usbd_cdc.c ****           {
 508:Middlewares/ST/STM32_USB_Device_Library/Class/CDC/Src/usbd_cdc.c ****             USBD_CtlError(pdev, req);
 509:Middlewares/ST/STM32_USB_Device_Library/Class/CDC/Src/usbd_cdc.c ****             ret = USBD_FAIL;
 510:Middlewares/ST/STM32_USB_Device_Library/Class/CDC/Src/usbd_cdc.c ****           }
 511:Middlewares/ST/STM32_USB_Device_Library/Class/CDC/Src/usbd_cdc.c ****           break;
 512:Middlewares/ST/STM32_USB_Device_Library/Class/CDC/Src/usbd_cdc.c **** 
 513:Middlewares/ST/STM32_USB_Device_Library/Class/CDC/Src/usbd_cdc.c ****         case USB_REQ_CLEAR_FEATURE:
 514:Middlewares/ST/STM32_USB_Device_Library/Class/CDC/Src/usbd_cdc.c ****           break;
 515:Middlewares/ST/STM32_USB_Device_Library/Class/CDC/Src/usbd_cdc.c **** 
 516:Middlewares/ST/STM32_USB_Device_Library/Class/CDC/Src/usbd_cdc.c ****         default:
 517:Middlewares/ST/STM32_USB_Device_Library/Class/CDC/Src/usbd_cdc.c ****           USBD_CtlError(pdev, req);
 518:Middlewares/ST/STM32_USB_Device_Library/Class/CDC/Src/usbd_cdc.c ****           ret = USBD_FAIL;
 519:Middlewares/ST/STM32_USB_Device_Library/Class/CDC/Src/usbd_cdc.c ****           break;
 520:Middlewares/ST/STM32_USB_Device_Library/Class/CDC/Src/usbd_cdc.c ****       }
 521:Middlewares/ST/STM32_USB_Device_Library/Class/CDC/Src/usbd_cdc.c ****       break;
 522:Middlewares/ST/STM32_USB_Device_Library/Class/CDC/Src/usbd_cdc.c **** 
 523:Middlewares/ST/STM32_USB_Device_Library/Class/CDC/Src/usbd_cdc.c ****     default:
 524:Middlewares/ST/STM32_USB_Device_Library/Class/CDC/Src/usbd_cdc.c ****       USBD_CtlError(pdev, req);
 525:Middlewares/ST/STM32_USB_Device_Library/Class/CDC/Src/usbd_cdc.c ****       ret = USBD_FAIL;
 526:Middlewares/ST/STM32_USB_Device_Library/Class/CDC/Src/usbd_cdc.c ****       break;
 527:Middlewares/ST/STM32_USB_Device_Library/Class/CDC/Src/usbd_cdc.c ****   }
 528:Middlewares/ST/STM32_USB_Device_Library/Class/CDC/Src/usbd_cdc.c **** 
 529:Middlewares/ST/STM32_USB_Device_Library/Class/CDC/Src/usbd_cdc.c ****   return (uint8_t)ret;
 530:Middlewares/ST/STM32_USB_Device_Library/Class/CDC/Src/usbd_cdc.c **** }
 531:Middlewares/ST/STM32_USB_Device_Library/Class/CDC/Src/usbd_cdc.c **** 
 532:Middlewares/ST/STM32_USB_Device_Library/Class/CDC/Src/usbd_cdc.c **** /**
 533:Middlewares/ST/STM32_USB_Device_Library/Class/CDC/Src/usbd_cdc.c ****   * @brief  USBD_CDC_DataIn
 534:Middlewares/ST/STM32_USB_Device_Library/Class/CDC/Src/usbd_cdc.c ****   *         Data sent on non-control IN endpoint
 535:Middlewares/ST/STM32_USB_Device_Library/Class/CDC/Src/usbd_cdc.c ****   * @param  pdev: device instance
 536:Middlewares/ST/STM32_USB_Device_Library/Class/CDC/Src/usbd_cdc.c ****   * @param  epnum: endpoint number
 537:Middlewares/ST/STM32_USB_Device_Library/Class/CDC/Src/usbd_cdc.c ****   * @retval status
 538:Middlewares/ST/STM32_USB_Device_Library/Class/CDC/Src/usbd_cdc.c ****   */
 539:Middlewares/ST/STM32_USB_Device_Library/Class/CDC/Src/usbd_cdc.c **** static uint8_t USBD_CDC_DataIn(USBD_HandleTypeDef *pdev, uint8_t epnum)
 540:Middlewares/ST/STM32_USB_Device_Library/Class/CDC/Src/usbd_cdc.c **** {
 541:Middlewares/ST/STM32_USB_Device_Library/Class/CDC/Src/usbd_cdc.c ****   USBD_CDC_HandleTypeDef *hcdc;
 542:Middlewares/ST/STM32_USB_Device_Library/Class/CDC/Src/usbd_cdc.c ****   PCD_HandleTypeDef *hpcd = (PCD_HandleTypeDef *)pdev->pData;
 543:Middlewares/ST/STM32_USB_Device_Library/Class/CDC/Src/usbd_cdc.c **** 
ARM GAS  /tmp/ccaNfG33.s 			page 11


 544:Middlewares/ST/STM32_USB_Device_Library/Class/CDC/Src/usbd_cdc.c ****   if (pdev->pClassDataCmsit[pdev->classId] == NULL)
 545:Middlewares/ST/STM32_USB_Device_Library/Class/CDC/Src/usbd_cdc.c ****   {
 546:Middlewares/ST/STM32_USB_Device_Library/Class/CDC/Src/usbd_cdc.c ****     return (uint8_t)USBD_FAIL;
 547:Middlewares/ST/STM32_USB_Device_Library/Class/CDC/Src/usbd_cdc.c ****   }
 548:Middlewares/ST/STM32_USB_Device_Library/Class/CDC/Src/usbd_cdc.c **** 
 549:Middlewares/ST/STM32_USB_Device_Library/Class/CDC/Src/usbd_cdc.c ****   hcdc = (USBD_CDC_HandleTypeDef *)pdev->pClassDataCmsit[pdev->classId];
 550:Middlewares/ST/STM32_USB_Device_Library/Class/CDC/Src/usbd_cdc.c **** 
 551:Middlewares/ST/STM32_USB_Device_Library/Class/CDC/Src/usbd_cdc.c ****   if ((pdev->ep_in[epnum & 0xFU].total_length > 0U) &&
 552:Middlewares/ST/STM32_USB_Device_Library/Class/CDC/Src/usbd_cdc.c ****       ((pdev->ep_in[epnum & 0xFU].total_length % hpcd->IN_ep[epnum & 0xFU].maxpacket) == 0U))
 553:Middlewares/ST/STM32_USB_Device_Library/Class/CDC/Src/usbd_cdc.c ****   {
 554:Middlewares/ST/STM32_USB_Device_Library/Class/CDC/Src/usbd_cdc.c ****     /* Update the packet total length */
 555:Middlewares/ST/STM32_USB_Device_Library/Class/CDC/Src/usbd_cdc.c ****     pdev->ep_in[epnum & 0xFU].total_length = 0U;
 556:Middlewares/ST/STM32_USB_Device_Library/Class/CDC/Src/usbd_cdc.c **** 
 557:Middlewares/ST/STM32_USB_Device_Library/Class/CDC/Src/usbd_cdc.c ****     /* Send ZLP */
 558:Middlewares/ST/STM32_USB_Device_Library/Class/CDC/Src/usbd_cdc.c ****     (void)USBD_LL_Transmit(pdev, epnum, NULL, 0U);
 559:Middlewares/ST/STM32_USB_Device_Library/Class/CDC/Src/usbd_cdc.c ****   }
 560:Middlewares/ST/STM32_USB_Device_Library/Class/CDC/Src/usbd_cdc.c ****   else
 561:Middlewares/ST/STM32_USB_Device_Library/Class/CDC/Src/usbd_cdc.c ****   {
 562:Middlewares/ST/STM32_USB_Device_Library/Class/CDC/Src/usbd_cdc.c ****     hcdc->TxState = 0U;
 563:Middlewares/ST/STM32_USB_Device_Library/Class/CDC/Src/usbd_cdc.c **** 
 564:Middlewares/ST/STM32_USB_Device_Library/Class/CDC/Src/usbd_cdc.c ****     if (((USBD_CDC_ItfTypeDef *)pdev->pUserData[pdev->classId])->TransmitCplt != NULL)
 565:Middlewares/ST/STM32_USB_Device_Library/Class/CDC/Src/usbd_cdc.c ****     {
 566:Middlewares/ST/STM32_USB_Device_Library/Class/CDC/Src/usbd_cdc.c ****       ((USBD_CDC_ItfTypeDef *)pdev->pUserData[pdev->classId])->TransmitCplt(hcdc->TxBuffer, &hcdc->
 567:Middlewares/ST/STM32_USB_Device_Library/Class/CDC/Src/usbd_cdc.c ****     }
 568:Middlewares/ST/STM32_USB_Device_Library/Class/CDC/Src/usbd_cdc.c ****   }
 569:Middlewares/ST/STM32_USB_Device_Library/Class/CDC/Src/usbd_cdc.c **** 
 570:Middlewares/ST/STM32_USB_Device_Library/Class/CDC/Src/usbd_cdc.c ****   return (uint8_t)USBD_OK;
 571:Middlewares/ST/STM32_USB_Device_Library/Class/CDC/Src/usbd_cdc.c **** }
 572:Middlewares/ST/STM32_USB_Device_Library/Class/CDC/Src/usbd_cdc.c **** 
 573:Middlewares/ST/STM32_USB_Device_Library/Class/CDC/Src/usbd_cdc.c **** /**
 574:Middlewares/ST/STM32_USB_Device_Library/Class/CDC/Src/usbd_cdc.c ****   * @brief  USBD_CDC_DataOut
 575:Middlewares/ST/STM32_USB_Device_Library/Class/CDC/Src/usbd_cdc.c ****   *         Data received on non-control Out endpoint
 576:Middlewares/ST/STM32_USB_Device_Library/Class/CDC/Src/usbd_cdc.c ****   * @param  pdev: device instance
 577:Middlewares/ST/STM32_USB_Device_Library/Class/CDC/Src/usbd_cdc.c ****   * @param  epnum: endpoint number
 578:Middlewares/ST/STM32_USB_Device_Library/Class/CDC/Src/usbd_cdc.c ****   * @retval status
 579:Middlewares/ST/STM32_USB_Device_Library/Class/CDC/Src/usbd_cdc.c ****   */
 580:Middlewares/ST/STM32_USB_Device_Library/Class/CDC/Src/usbd_cdc.c **** static uint8_t USBD_CDC_DataOut(USBD_HandleTypeDef *pdev, uint8_t epnum)
 581:Middlewares/ST/STM32_USB_Device_Library/Class/CDC/Src/usbd_cdc.c **** {
 582:Middlewares/ST/STM32_USB_Device_Library/Class/CDC/Src/usbd_cdc.c ****   USBD_CDC_HandleTypeDef *hcdc = (USBD_CDC_HandleTypeDef *)pdev->pClassDataCmsit[pdev->classId];
 583:Middlewares/ST/STM32_USB_Device_Library/Class/CDC/Src/usbd_cdc.c **** 
 584:Middlewares/ST/STM32_USB_Device_Library/Class/CDC/Src/usbd_cdc.c ****   if (pdev->pClassDataCmsit[pdev->classId] == NULL)
 585:Middlewares/ST/STM32_USB_Device_Library/Class/CDC/Src/usbd_cdc.c ****   {
 586:Middlewares/ST/STM32_USB_Device_Library/Class/CDC/Src/usbd_cdc.c ****     return (uint8_t)USBD_FAIL;
 587:Middlewares/ST/STM32_USB_Device_Library/Class/CDC/Src/usbd_cdc.c ****   }
 588:Middlewares/ST/STM32_USB_Device_Library/Class/CDC/Src/usbd_cdc.c **** 
 589:Middlewares/ST/STM32_USB_Device_Library/Class/CDC/Src/usbd_cdc.c ****   /* Get the received data length */
 590:Middlewares/ST/STM32_USB_Device_Library/Class/CDC/Src/usbd_cdc.c ****   hcdc->RxLength = USBD_LL_GetRxDataSize(pdev, epnum);
 591:Middlewares/ST/STM32_USB_Device_Library/Class/CDC/Src/usbd_cdc.c **** 
 592:Middlewares/ST/STM32_USB_Device_Library/Class/CDC/Src/usbd_cdc.c ****   /* USB data will be immediately processed, this allow next USB traffic being
 593:Middlewares/ST/STM32_USB_Device_Library/Class/CDC/Src/usbd_cdc.c ****   NAKed till the end of the application Xfer */
 594:Middlewares/ST/STM32_USB_Device_Library/Class/CDC/Src/usbd_cdc.c **** 
 595:Middlewares/ST/STM32_USB_Device_Library/Class/CDC/Src/usbd_cdc.c ****   ((USBD_CDC_ItfTypeDef *)pdev->pUserData[pdev->classId])->Receive(hcdc->RxBuffer, &hcdc->RxLength)
 596:Middlewares/ST/STM32_USB_Device_Library/Class/CDC/Src/usbd_cdc.c **** 
 597:Middlewares/ST/STM32_USB_Device_Library/Class/CDC/Src/usbd_cdc.c ****   return (uint8_t)USBD_OK;
 598:Middlewares/ST/STM32_USB_Device_Library/Class/CDC/Src/usbd_cdc.c **** }
 599:Middlewares/ST/STM32_USB_Device_Library/Class/CDC/Src/usbd_cdc.c **** 
 600:Middlewares/ST/STM32_USB_Device_Library/Class/CDC/Src/usbd_cdc.c **** /**
ARM GAS  /tmp/ccaNfG33.s 			page 12


 601:Middlewares/ST/STM32_USB_Device_Library/Class/CDC/Src/usbd_cdc.c ****   * @brief  USBD_CDC_EP0_RxReady
 602:Middlewares/ST/STM32_USB_Device_Library/Class/CDC/Src/usbd_cdc.c ****   *         Handle EP0 Rx Ready event
 603:Middlewares/ST/STM32_USB_Device_Library/Class/CDC/Src/usbd_cdc.c ****   * @param  pdev: device instance
 604:Middlewares/ST/STM32_USB_Device_Library/Class/CDC/Src/usbd_cdc.c ****   * @retval status
 605:Middlewares/ST/STM32_USB_Device_Library/Class/CDC/Src/usbd_cdc.c ****   */
 606:Middlewares/ST/STM32_USB_Device_Library/Class/CDC/Src/usbd_cdc.c **** static uint8_t USBD_CDC_EP0_RxReady(USBD_HandleTypeDef *pdev)
 607:Middlewares/ST/STM32_USB_Device_Library/Class/CDC/Src/usbd_cdc.c **** {
  29              		.loc 1 607 1 view -0
  30              		.cfi_startproc
  31              		@ args = 0, pretend = 0, frame = 0
  32              		@ frame_needed = 0, uses_anonymous_args = 0
  33              		.loc 1 607 1 is_stmt 0 view .LVU1
  34 0000 10B5     		push	{r4, lr}
  35              		.cfi_def_cfa_offset 8
  36              		.cfi_offset 4, -8
  37              		.cfi_offset 14, -4
 608:Middlewares/ST/STM32_USB_Device_Library/Class/CDC/Src/usbd_cdc.c ****   USBD_CDC_HandleTypeDef *hcdc = (USBD_CDC_HandleTypeDef *)pdev->pClassDataCmsit[pdev->classId];
  38              		.loc 1 608 3 is_stmt 1 view .LVU2
  39              		.loc 1 608 86 is_stmt 0 view .LVU3
  40 0002 D0F8D432 		ldr	r3, [r0, #724]
  41              		.loc 1 608 27 view .LVU4
  42 0006 03F1B002 		add	r2, r3, #176
  43 000a 50F82240 		ldr	r4, [r0, r2, lsl #2]
  44              	.LVL1:
 609:Middlewares/ST/STM32_USB_Device_Library/Class/CDC/Src/usbd_cdc.c **** 
 610:Middlewares/ST/STM32_USB_Device_Library/Class/CDC/Src/usbd_cdc.c ****   if (hcdc == NULL)
  45              		.loc 1 610 3 is_stmt 1 view .LVU5
  46              		.loc 1 610 6 is_stmt 0 view .LVU6
  47 000e 8CB1     		cbz	r4, .L3
 611:Middlewares/ST/STM32_USB_Device_Library/Class/CDC/Src/usbd_cdc.c ****   {
 612:Middlewares/ST/STM32_USB_Device_Library/Class/CDC/Src/usbd_cdc.c ****     return (uint8_t)USBD_FAIL;
 613:Middlewares/ST/STM32_USB_Device_Library/Class/CDC/Src/usbd_cdc.c ****   }
 614:Middlewares/ST/STM32_USB_Device_Library/Class/CDC/Src/usbd_cdc.c **** 
 615:Middlewares/ST/STM32_USB_Device_Library/Class/CDC/Src/usbd_cdc.c ****   if ((pdev->pUserData[pdev->classId] != NULL) && (hcdc->CmdOpCode != 0xFFU))
  48              		.loc 1 615 3 is_stmt 1 view .LVU7
  49              		.loc 1 615 23 is_stmt 0 view .LVU8
  50 0010 00EB8200 		add	r0, r0, r2, lsl #2
  51              	.LVL2:
  52              		.loc 1 615 23 view .LVU9
  53 0014 4368     		ldr	r3, [r0, #4]
  54              		.loc 1 615 6 view .LVU10
  55 0016 7BB1     		cbz	r3, .L4
  56              		.loc 1 615 56 discriminator 1 view .LVU11
  57 0018 94F80002 		ldrb	r0, [r4, #512]	@ zero_extendqisi2
  58              		.loc 1 615 48 discriminator 1 view .LVU12
  59 001c FF28     		cmp	r0, #255
  60 001e 0DD0     		beq	.L5
 616:Middlewares/ST/STM32_USB_Device_Library/Class/CDC/Src/usbd_cdc.c ****   {
 617:Middlewares/ST/STM32_USB_Device_Library/Class/CDC/Src/usbd_cdc.c ****     ((USBD_CDC_ItfTypeDef *)pdev->pUserData[pdev->classId])->Control(hcdc->CmdOpCode,
  61              		.loc 1 617 5 is_stmt 1 view .LVU13
  62              		.loc 1 617 60 is_stmt 0 view .LVU14
  63 0020 9B68     		ldr	r3, [r3, #8]
  64              		.loc 1 617 6 view .LVU15
  65 0022 94F80122 		ldrb	r2, [r4, #513]	@ zero_extendqisi2
  66 0026 2146     		mov	r1, r4
  67 0028 9847     		blx	r3
  68              	.LVL3:
ARM GAS  /tmp/ccaNfG33.s 			page 13


 618:Middlewares/ST/STM32_USB_Device_Library/Class/CDC/Src/usbd_cdc.c ****                                                                      (uint8_t *)hcdc->data,
 619:Middlewares/ST/STM32_USB_Device_Library/Class/CDC/Src/usbd_cdc.c ****                                                                      (uint16_t)hcdc->CmdLength);
 620:Middlewares/ST/STM32_USB_Device_Library/Class/CDC/Src/usbd_cdc.c ****     hcdc->CmdOpCode = 0xFFU;
  69              		.loc 1 620 5 is_stmt 1 view .LVU16
  70              		.loc 1 620 21 is_stmt 0 view .LVU17
  71 002a FF23     		movs	r3, #255
  72 002c 84F80032 		strb	r3, [r4, #512]
 621:Middlewares/ST/STM32_USB_Device_Library/Class/CDC/Src/usbd_cdc.c ****   }
 622:Middlewares/ST/STM32_USB_Device_Library/Class/CDC/Src/usbd_cdc.c **** 
 623:Middlewares/ST/STM32_USB_Device_Library/Class/CDC/Src/usbd_cdc.c ****   return (uint8_t)USBD_OK;
  73              		.loc 1 623 10 view .LVU18
  74 0030 0020     		movs	r0, #0
  75              	.L2:
 624:Middlewares/ST/STM32_USB_Device_Library/Class/CDC/Src/usbd_cdc.c **** }
  76              		.loc 1 624 1 view .LVU19
  77 0032 10BD     		pop	{r4, pc}
  78              	.LVL4:
  79              	.L3:
 612:Middlewares/ST/STM32_USB_Device_Library/Class/CDC/Src/usbd_cdc.c ****   }
  80              		.loc 1 612 12 view .LVU20
  81 0034 0320     		movs	r0, #3
  82              	.LVL5:
 612:Middlewares/ST/STM32_USB_Device_Library/Class/CDC/Src/usbd_cdc.c ****   }
  83              		.loc 1 612 12 view .LVU21
  84 0036 FCE7     		b	.L2
  85              	.L4:
 623:Middlewares/ST/STM32_USB_Device_Library/Class/CDC/Src/usbd_cdc.c **** }
  86              		.loc 1 623 10 view .LVU22
  87 0038 1846     		mov	r0, r3
  88 003a FAE7     		b	.L2
  89              	.L5:
  90 003c 0020     		movs	r0, #0
  91 003e F8E7     		b	.L2
  92              		.cfi_endproc
  93              	.LFE959:
  95              		.section	.text.USBD_CDC_GetDeviceQualifierDescriptor,"ax",%progbits
  96              		.align	1
  97              		.global	USBD_CDC_GetDeviceQualifierDescriptor
  98              		.syntax unified
  99              		.thumb
 100              		.thumb_func
 102              	USBD_CDC_GetDeviceQualifierDescriptor:
 103              	.LVL6:
 104              	.LFB963:
 625:Middlewares/ST/STM32_USB_Device_Library/Class/CDC/Src/usbd_cdc.c **** #ifndef USE_USBD_COMPOSITE
 626:Middlewares/ST/STM32_USB_Device_Library/Class/CDC/Src/usbd_cdc.c **** /**
 627:Middlewares/ST/STM32_USB_Device_Library/Class/CDC/Src/usbd_cdc.c ****   * @brief  USBD_CDC_GetFSCfgDesc
 628:Middlewares/ST/STM32_USB_Device_Library/Class/CDC/Src/usbd_cdc.c ****   *         Return configuration descriptor
 629:Middlewares/ST/STM32_USB_Device_Library/Class/CDC/Src/usbd_cdc.c ****   * @param  length : pointer data length
 630:Middlewares/ST/STM32_USB_Device_Library/Class/CDC/Src/usbd_cdc.c ****   * @retval pointer to descriptor buffer
 631:Middlewares/ST/STM32_USB_Device_Library/Class/CDC/Src/usbd_cdc.c ****   */
 632:Middlewares/ST/STM32_USB_Device_Library/Class/CDC/Src/usbd_cdc.c **** static uint8_t *USBD_CDC_GetFSCfgDesc(uint16_t *length)
 633:Middlewares/ST/STM32_USB_Device_Library/Class/CDC/Src/usbd_cdc.c **** {
 634:Middlewares/ST/STM32_USB_Device_Library/Class/CDC/Src/usbd_cdc.c ****   USBD_EpDescTypeDef *pEpCmdDesc = USBD_GetEpDesc(USBD_CDC_CfgDesc, CDC_CMD_EP);
 635:Middlewares/ST/STM32_USB_Device_Library/Class/CDC/Src/usbd_cdc.c ****   USBD_EpDescTypeDef *pEpOutDesc = USBD_GetEpDesc(USBD_CDC_CfgDesc, CDC_OUT_EP);
 636:Middlewares/ST/STM32_USB_Device_Library/Class/CDC/Src/usbd_cdc.c ****   USBD_EpDescTypeDef *pEpInDesc = USBD_GetEpDesc(USBD_CDC_CfgDesc, CDC_IN_EP);
 637:Middlewares/ST/STM32_USB_Device_Library/Class/CDC/Src/usbd_cdc.c **** 
ARM GAS  /tmp/ccaNfG33.s 			page 14


 638:Middlewares/ST/STM32_USB_Device_Library/Class/CDC/Src/usbd_cdc.c ****   if (pEpCmdDesc != NULL)
 639:Middlewares/ST/STM32_USB_Device_Library/Class/CDC/Src/usbd_cdc.c ****   {
 640:Middlewares/ST/STM32_USB_Device_Library/Class/CDC/Src/usbd_cdc.c ****     pEpCmdDesc->bInterval = CDC_FS_BINTERVAL;
 641:Middlewares/ST/STM32_USB_Device_Library/Class/CDC/Src/usbd_cdc.c ****   }
 642:Middlewares/ST/STM32_USB_Device_Library/Class/CDC/Src/usbd_cdc.c **** 
 643:Middlewares/ST/STM32_USB_Device_Library/Class/CDC/Src/usbd_cdc.c ****   if (pEpOutDesc != NULL)
 644:Middlewares/ST/STM32_USB_Device_Library/Class/CDC/Src/usbd_cdc.c ****   {
 645:Middlewares/ST/STM32_USB_Device_Library/Class/CDC/Src/usbd_cdc.c ****     pEpOutDesc->wMaxPacketSize = CDC_DATA_FS_MAX_PACKET_SIZE;
 646:Middlewares/ST/STM32_USB_Device_Library/Class/CDC/Src/usbd_cdc.c ****   }
 647:Middlewares/ST/STM32_USB_Device_Library/Class/CDC/Src/usbd_cdc.c **** 
 648:Middlewares/ST/STM32_USB_Device_Library/Class/CDC/Src/usbd_cdc.c ****   if (pEpInDesc != NULL)
 649:Middlewares/ST/STM32_USB_Device_Library/Class/CDC/Src/usbd_cdc.c ****   {
 650:Middlewares/ST/STM32_USB_Device_Library/Class/CDC/Src/usbd_cdc.c ****     pEpInDesc->wMaxPacketSize = CDC_DATA_FS_MAX_PACKET_SIZE;
 651:Middlewares/ST/STM32_USB_Device_Library/Class/CDC/Src/usbd_cdc.c ****   }
 652:Middlewares/ST/STM32_USB_Device_Library/Class/CDC/Src/usbd_cdc.c **** 
 653:Middlewares/ST/STM32_USB_Device_Library/Class/CDC/Src/usbd_cdc.c ****   *length = (uint16_t)sizeof(USBD_CDC_CfgDesc);
 654:Middlewares/ST/STM32_USB_Device_Library/Class/CDC/Src/usbd_cdc.c ****   return USBD_CDC_CfgDesc;
 655:Middlewares/ST/STM32_USB_Device_Library/Class/CDC/Src/usbd_cdc.c **** }
 656:Middlewares/ST/STM32_USB_Device_Library/Class/CDC/Src/usbd_cdc.c **** 
 657:Middlewares/ST/STM32_USB_Device_Library/Class/CDC/Src/usbd_cdc.c **** /**
 658:Middlewares/ST/STM32_USB_Device_Library/Class/CDC/Src/usbd_cdc.c ****   * @brief  USBD_CDC_GetHSCfgDesc
 659:Middlewares/ST/STM32_USB_Device_Library/Class/CDC/Src/usbd_cdc.c ****   *         Return configuration descriptor
 660:Middlewares/ST/STM32_USB_Device_Library/Class/CDC/Src/usbd_cdc.c ****   * @param  length : pointer data length
 661:Middlewares/ST/STM32_USB_Device_Library/Class/CDC/Src/usbd_cdc.c ****   * @retval pointer to descriptor buffer
 662:Middlewares/ST/STM32_USB_Device_Library/Class/CDC/Src/usbd_cdc.c ****   */
 663:Middlewares/ST/STM32_USB_Device_Library/Class/CDC/Src/usbd_cdc.c **** static uint8_t *USBD_CDC_GetHSCfgDesc(uint16_t *length)
 664:Middlewares/ST/STM32_USB_Device_Library/Class/CDC/Src/usbd_cdc.c **** {
 665:Middlewares/ST/STM32_USB_Device_Library/Class/CDC/Src/usbd_cdc.c ****   USBD_EpDescTypeDef *pEpCmdDesc = USBD_GetEpDesc(USBD_CDC_CfgDesc, CDC_CMD_EP);
 666:Middlewares/ST/STM32_USB_Device_Library/Class/CDC/Src/usbd_cdc.c ****   USBD_EpDescTypeDef *pEpOutDesc = USBD_GetEpDesc(USBD_CDC_CfgDesc, CDC_OUT_EP);
 667:Middlewares/ST/STM32_USB_Device_Library/Class/CDC/Src/usbd_cdc.c ****   USBD_EpDescTypeDef *pEpInDesc = USBD_GetEpDesc(USBD_CDC_CfgDesc, CDC_IN_EP);
 668:Middlewares/ST/STM32_USB_Device_Library/Class/CDC/Src/usbd_cdc.c **** 
 669:Middlewares/ST/STM32_USB_Device_Library/Class/CDC/Src/usbd_cdc.c ****   if (pEpCmdDesc != NULL)
 670:Middlewares/ST/STM32_USB_Device_Library/Class/CDC/Src/usbd_cdc.c ****   {
 671:Middlewares/ST/STM32_USB_Device_Library/Class/CDC/Src/usbd_cdc.c ****     pEpCmdDesc->bInterval = CDC_HS_BINTERVAL;
 672:Middlewares/ST/STM32_USB_Device_Library/Class/CDC/Src/usbd_cdc.c ****   }
 673:Middlewares/ST/STM32_USB_Device_Library/Class/CDC/Src/usbd_cdc.c **** 
 674:Middlewares/ST/STM32_USB_Device_Library/Class/CDC/Src/usbd_cdc.c ****   if (pEpOutDesc != NULL)
 675:Middlewares/ST/STM32_USB_Device_Library/Class/CDC/Src/usbd_cdc.c ****   {
 676:Middlewares/ST/STM32_USB_Device_Library/Class/CDC/Src/usbd_cdc.c ****     pEpOutDesc->wMaxPacketSize = CDC_DATA_HS_MAX_PACKET_SIZE;
 677:Middlewares/ST/STM32_USB_Device_Library/Class/CDC/Src/usbd_cdc.c ****   }
 678:Middlewares/ST/STM32_USB_Device_Library/Class/CDC/Src/usbd_cdc.c **** 
 679:Middlewares/ST/STM32_USB_Device_Library/Class/CDC/Src/usbd_cdc.c ****   if (pEpInDesc != NULL)
 680:Middlewares/ST/STM32_USB_Device_Library/Class/CDC/Src/usbd_cdc.c ****   {
 681:Middlewares/ST/STM32_USB_Device_Library/Class/CDC/Src/usbd_cdc.c ****     pEpInDesc->wMaxPacketSize = CDC_DATA_HS_MAX_PACKET_SIZE;
 682:Middlewares/ST/STM32_USB_Device_Library/Class/CDC/Src/usbd_cdc.c ****   }
 683:Middlewares/ST/STM32_USB_Device_Library/Class/CDC/Src/usbd_cdc.c **** 
 684:Middlewares/ST/STM32_USB_Device_Library/Class/CDC/Src/usbd_cdc.c ****   *length = (uint16_t)sizeof(USBD_CDC_CfgDesc);
 685:Middlewares/ST/STM32_USB_Device_Library/Class/CDC/Src/usbd_cdc.c ****   return USBD_CDC_CfgDesc;
 686:Middlewares/ST/STM32_USB_Device_Library/Class/CDC/Src/usbd_cdc.c **** }
 687:Middlewares/ST/STM32_USB_Device_Library/Class/CDC/Src/usbd_cdc.c **** 
 688:Middlewares/ST/STM32_USB_Device_Library/Class/CDC/Src/usbd_cdc.c **** /**
 689:Middlewares/ST/STM32_USB_Device_Library/Class/CDC/Src/usbd_cdc.c ****   * @brief  USBD_CDC_GetOtherSpeedCfgDesc
 690:Middlewares/ST/STM32_USB_Device_Library/Class/CDC/Src/usbd_cdc.c ****   *         Return configuration descriptor
 691:Middlewares/ST/STM32_USB_Device_Library/Class/CDC/Src/usbd_cdc.c ****   * @param  length : pointer data length
 692:Middlewares/ST/STM32_USB_Device_Library/Class/CDC/Src/usbd_cdc.c ****   * @retval pointer to descriptor buffer
 693:Middlewares/ST/STM32_USB_Device_Library/Class/CDC/Src/usbd_cdc.c ****   */
 694:Middlewares/ST/STM32_USB_Device_Library/Class/CDC/Src/usbd_cdc.c **** static uint8_t *USBD_CDC_GetOtherSpeedCfgDesc(uint16_t *length)
ARM GAS  /tmp/ccaNfG33.s 			page 15


 695:Middlewares/ST/STM32_USB_Device_Library/Class/CDC/Src/usbd_cdc.c **** {
 696:Middlewares/ST/STM32_USB_Device_Library/Class/CDC/Src/usbd_cdc.c ****   USBD_EpDescTypeDef *pEpCmdDesc = USBD_GetEpDesc(USBD_CDC_CfgDesc, CDC_CMD_EP);
 697:Middlewares/ST/STM32_USB_Device_Library/Class/CDC/Src/usbd_cdc.c ****   USBD_EpDescTypeDef *pEpOutDesc = USBD_GetEpDesc(USBD_CDC_CfgDesc, CDC_OUT_EP);
 698:Middlewares/ST/STM32_USB_Device_Library/Class/CDC/Src/usbd_cdc.c ****   USBD_EpDescTypeDef *pEpInDesc = USBD_GetEpDesc(USBD_CDC_CfgDesc, CDC_IN_EP);
 699:Middlewares/ST/STM32_USB_Device_Library/Class/CDC/Src/usbd_cdc.c **** 
 700:Middlewares/ST/STM32_USB_Device_Library/Class/CDC/Src/usbd_cdc.c ****   if (pEpCmdDesc != NULL)
 701:Middlewares/ST/STM32_USB_Device_Library/Class/CDC/Src/usbd_cdc.c ****   {
 702:Middlewares/ST/STM32_USB_Device_Library/Class/CDC/Src/usbd_cdc.c ****     pEpCmdDesc->bInterval = CDC_FS_BINTERVAL;
 703:Middlewares/ST/STM32_USB_Device_Library/Class/CDC/Src/usbd_cdc.c ****   }
 704:Middlewares/ST/STM32_USB_Device_Library/Class/CDC/Src/usbd_cdc.c **** 
 705:Middlewares/ST/STM32_USB_Device_Library/Class/CDC/Src/usbd_cdc.c ****   if (pEpOutDesc != NULL)
 706:Middlewares/ST/STM32_USB_Device_Library/Class/CDC/Src/usbd_cdc.c ****   {
 707:Middlewares/ST/STM32_USB_Device_Library/Class/CDC/Src/usbd_cdc.c ****     pEpOutDesc->wMaxPacketSize = CDC_DATA_FS_MAX_PACKET_SIZE;
 708:Middlewares/ST/STM32_USB_Device_Library/Class/CDC/Src/usbd_cdc.c ****   }
 709:Middlewares/ST/STM32_USB_Device_Library/Class/CDC/Src/usbd_cdc.c **** 
 710:Middlewares/ST/STM32_USB_Device_Library/Class/CDC/Src/usbd_cdc.c ****   if (pEpInDesc != NULL)
 711:Middlewares/ST/STM32_USB_Device_Library/Class/CDC/Src/usbd_cdc.c ****   {
 712:Middlewares/ST/STM32_USB_Device_Library/Class/CDC/Src/usbd_cdc.c ****     pEpInDesc->wMaxPacketSize = CDC_DATA_FS_MAX_PACKET_SIZE;
 713:Middlewares/ST/STM32_USB_Device_Library/Class/CDC/Src/usbd_cdc.c ****   }
 714:Middlewares/ST/STM32_USB_Device_Library/Class/CDC/Src/usbd_cdc.c **** 
 715:Middlewares/ST/STM32_USB_Device_Library/Class/CDC/Src/usbd_cdc.c ****   *length = (uint16_t)sizeof(USBD_CDC_CfgDesc);
 716:Middlewares/ST/STM32_USB_Device_Library/Class/CDC/Src/usbd_cdc.c ****   return USBD_CDC_CfgDesc;
 717:Middlewares/ST/STM32_USB_Device_Library/Class/CDC/Src/usbd_cdc.c **** }
 718:Middlewares/ST/STM32_USB_Device_Library/Class/CDC/Src/usbd_cdc.c **** 
 719:Middlewares/ST/STM32_USB_Device_Library/Class/CDC/Src/usbd_cdc.c **** /**
 720:Middlewares/ST/STM32_USB_Device_Library/Class/CDC/Src/usbd_cdc.c ****   * @brief  USBD_CDC_GetDeviceQualifierDescriptor
 721:Middlewares/ST/STM32_USB_Device_Library/Class/CDC/Src/usbd_cdc.c ****   *         return Device Qualifier descriptor
 722:Middlewares/ST/STM32_USB_Device_Library/Class/CDC/Src/usbd_cdc.c ****   * @param  length : pointer data length
 723:Middlewares/ST/STM32_USB_Device_Library/Class/CDC/Src/usbd_cdc.c ****   * @retval pointer to descriptor buffer
 724:Middlewares/ST/STM32_USB_Device_Library/Class/CDC/Src/usbd_cdc.c ****   */
 725:Middlewares/ST/STM32_USB_Device_Library/Class/CDC/Src/usbd_cdc.c **** uint8_t *USBD_CDC_GetDeviceQualifierDescriptor(uint16_t *length)
 726:Middlewares/ST/STM32_USB_Device_Library/Class/CDC/Src/usbd_cdc.c **** {
 105              		.loc 1 726 1 is_stmt 1 view -0
 106              		.cfi_startproc
 107              		@ args = 0, pretend = 0, frame = 0
 108              		@ frame_needed = 0, uses_anonymous_args = 0
 109              		@ link register save eliminated.
 727:Middlewares/ST/STM32_USB_Device_Library/Class/CDC/Src/usbd_cdc.c ****   *length = (uint16_t)sizeof(USBD_CDC_DeviceQualifierDesc);
 110              		.loc 1 727 3 view .LVU24
 111              		.loc 1 727 11 is_stmt 0 view .LVU25
 112 0000 0A23     		movs	r3, #10
 113 0002 0380     		strh	r3, [r0]	@ movhi
 728:Middlewares/ST/STM32_USB_Device_Library/Class/CDC/Src/usbd_cdc.c **** 
 729:Middlewares/ST/STM32_USB_Device_Library/Class/CDC/Src/usbd_cdc.c ****   return USBD_CDC_DeviceQualifierDesc;
 114              		.loc 1 729 3 is_stmt 1 view .LVU26
 730:Middlewares/ST/STM32_USB_Device_Library/Class/CDC/Src/usbd_cdc.c **** }
 115              		.loc 1 730 1 is_stmt 0 view .LVU27
 116 0004 0048     		ldr	r0, .L8
 117              	.LVL7:
 118              		.loc 1 730 1 view .LVU28
 119 0006 7047     		bx	lr
 120              	.L9:
 121              		.align	2
 122              	.L8:
 123 0008 00000000 		.word	USBD_CDC_DeviceQualifierDesc
 124              		.cfi_endproc
 125              	.LFE963:
ARM GAS  /tmp/ccaNfG33.s 			page 16


 127              		.section	.text.USBD_CDC_GetOtherSpeedCfgDesc,"ax",%progbits
 128              		.align	1
 129              		.syntax unified
 130              		.thumb
 131              		.thumb_func
 133              	USBD_CDC_GetOtherSpeedCfgDesc:
 134              	.LVL8:
 135              	.LFB962:
 695:Middlewares/ST/STM32_USB_Device_Library/Class/CDC/Src/usbd_cdc.c ****   USBD_EpDescTypeDef *pEpCmdDesc = USBD_GetEpDesc(USBD_CDC_CfgDesc, CDC_CMD_EP);
 136              		.loc 1 695 1 is_stmt 1 view -0
 137              		.cfi_startproc
 138              		@ args = 0, pretend = 0, frame = 0
 139              		@ frame_needed = 0, uses_anonymous_args = 0
 695:Middlewares/ST/STM32_USB_Device_Library/Class/CDC/Src/usbd_cdc.c ****   USBD_EpDescTypeDef *pEpCmdDesc = USBD_GetEpDesc(USBD_CDC_CfgDesc, CDC_CMD_EP);
 140              		.loc 1 695 1 is_stmt 0 view .LVU30
 141 0000 F8B5     		push	{r3, r4, r5, r6, r7, lr}
 142              		.cfi_def_cfa_offset 24
 143              		.cfi_offset 3, -24
 144              		.cfi_offset 4, -20
 145              		.cfi_offset 5, -16
 146              		.cfi_offset 6, -12
 147              		.cfi_offset 7, -8
 148              		.cfi_offset 14, -4
 149 0002 0746     		mov	r7, r0
 696:Middlewares/ST/STM32_USB_Device_Library/Class/CDC/Src/usbd_cdc.c ****   USBD_EpDescTypeDef *pEpOutDesc = USBD_GetEpDesc(USBD_CDC_CfgDesc, CDC_OUT_EP);
 150              		.loc 1 696 3 is_stmt 1 view .LVU31
 696:Middlewares/ST/STM32_USB_Device_Library/Class/CDC/Src/usbd_cdc.c ****   USBD_EpDescTypeDef *pEpOutDesc = USBD_GetEpDesc(USBD_CDC_CfgDesc, CDC_OUT_EP);
 151              		.loc 1 696 36 is_stmt 0 view .LVU32
 152 0004 0F4D     		ldr	r5, .L15
 153 0006 8221     		movs	r1, #130
 154 0008 2846     		mov	r0, r5
 155              	.LVL9:
 696:Middlewares/ST/STM32_USB_Device_Library/Class/CDC/Src/usbd_cdc.c ****   USBD_EpDescTypeDef *pEpOutDesc = USBD_GetEpDesc(USBD_CDC_CfgDesc, CDC_OUT_EP);
 156              		.loc 1 696 36 view .LVU33
 157 000a FFF7FEFF 		bl	USBD_GetEpDesc
 158              	.LVL10:
 159 000e 0646     		mov	r6, r0
 160              	.LVL11:
 697:Middlewares/ST/STM32_USB_Device_Library/Class/CDC/Src/usbd_cdc.c ****   USBD_EpDescTypeDef *pEpInDesc = USBD_GetEpDesc(USBD_CDC_CfgDesc, CDC_IN_EP);
 161              		.loc 1 697 3 is_stmt 1 view .LVU34
 697:Middlewares/ST/STM32_USB_Device_Library/Class/CDC/Src/usbd_cdc.c ****   USBD_EpDescTypeDef *pEpInDesc = USBD_GetEpDesc(USBD_CDC_CfgDesc, CDC_IN_EP);
 162              		.loc 1 697 36 is_stmt 0 view .LVU35
 163 0010 0121     		movs	r1, #1
 164 0012 2846     		mov	r0, r5
 165              	.LVL12:
 697:Middlewares/ST/STM32_USB_Device_Library/Class/CDC/Src/usbd_cdc.c ****   USBD_EpDescTypeDef *pEpInDesc = USBD_GetEpDesc(USBD_CDC_CfgDesc, CDC_IN_EP);
 166              		.loc 1 697 36 view .LVU36
 167 0014 FFF7FEFF 		bl	USBD_GetEpDesc
 168              	.LVL13:
 169 0018 0446     		mov	r4, r0
 170              	.LVL14:
 698:Middlewares/ST/STM32_USB_Device_Library/Class/CDC/Src/usbd_cdc.c **** 
 171              		.loc 1 698 3 is_stmt 1 view .LVU37
 698:Middlewares/ST/STM32_USB_Device_Library/Class/CDC/Src/usbd_cdc.c **** 
 172              		.loc 1 698 35 is_stmt 0 view .LVU38
 173 001a 8121     		movs	r1, #129
 174 001c 2846     		mov	r0, r5
ARM GAS  /tmp/ccaNfG33.s 			page 17


 175              	.LVL15:
 698:Middlewares/ST/STM32_USB_Device_Library/Class/CDC/Src/usbd_cdc.c **** 
 176              		.loc 1 698 35 view .LVU39
 177 001e FFF7FEFF 		bl	USBD_GetEpDesc
 178              	.LVL16:
 700:Middlewares/ST/STM32_USB_Device_Library/Class/CDC/Src/usbd_cdc.c ****   {
 179              		.loc 1 700 3 is_stmt 1 view .LVU40
 700:Middlewares/ST/STM32_USB_Device_Library/Class/CDC/Src/usbd_cdc.c ****   {
 180              		.loc 1 700 6 is_stmt 0 view .LVU41
 181 0022 0EB1     		cbz	r6, .L11
 702:Middlewares/ST/STM32_USB_Device_Library/Class/CDC/Src/usbd_cdc.c ****   }
 182              		.loc 1 702 5 is_stmt 1 view .LVU42
 702:Middlewares/ST/STM32_USB_Device_Library/Class/CDC/Src/usbd_cdc.c ****   }
 183              		.loc 1 702 27 is_stmt 0 view .LVU43
 184 0024 1022     		movs	r2, #16
 185 0026 B271     		strb	r2, [r6, #6]
 186              	.L11:
 705:Middlewares/ST/STM32_USB_Device_Library/Class/CDC/Src/usbd_cdc.c ****   {
 187              		.loc 1 705 3 is_stmt 1 view .LVU44
 705:Middlewares/ST/STM32_USB_Device_Library/Class/CDC/Src/usbd_cdc.c ****   {
 188              		.loc 1 705 6 is_stmt 0 view .LVU45
 189 0028 1CB1     		cbz	r4, .L12
 707:Middlewares/ST/STM32_USB_Device_Library/Class/CDC/Src/usbd_cdc.c ****   }
 190              		.loc 1 707 5 is_stmt 1 view .LVU46
 707:Middlewares/ST/STM32_USB_Device_Library/Class/CDC/Src/usbd_cdc.c ****   }
 191              		.loc 1 707 32 is_stmt 0 view .LVU47
 192 002a 4022     		movs	r2, #64
 193 002c 2271     		strb	r2, [r4, #4]
 194 002e 0022     		movs	r2, #0
 195 0030 6271     		strb	r2, [r4, #5]
 196              	.L12:
 710:Middlewares/ST/STM32_USB_Device_Library/Class/CDC/Src/usbd_cdc.c ****   {
 197              		.loc 1 710 3 is_stmt 1 view .LVU48
 710:Middlewares/ST/STM32_USB_Device_Library/Class/CDC/Src/usbd_cdc.c ****   {
 198              		.loc 1 710 6 is_stmt 0 view .LVU49
 199 0032 18B1     		cbz	r0, .L13
 712:Middlewares/ST/STM32_USB_Device_Library/Class/CDC/Src/usbd_cdc.c ****   }
 200              		.loc 1 712 5 is_stmt 1 view .LVU50
 712:Middlewares/ST/STM32_USB_Device_Library/Class/CDC/Src/usbd_cdc.c ****   }
 201              		.loc 1 712 31 is_stmt 0 view .LVU51
 202 0034 4022     		movs	r2, #64
 203 0036 0271     		strb	r2, [r0, #4]
 204 0038 0022     		movs	r2, #0
 205 003a 4271     		strb	r2, [r0, #5]
 206              	.L13:
 715:Middlewares/ST/STM32_USB_Device_Library/Class/CDC/Src/usbd_cdc.c ****   return USBD_CDC_CfgDesc;
 207              		.loc 1 715 3 is_stmt 1 view .LVU52
 715:Middlewares/ST/STM32_USB_Device_Library/Class/CDC/Src/usbd_cdc.c ****   return USBD_CDC_CfgDesc;
 208              		.loc 1 715 11 is_stmt 0 view .LVU53
 209 003c 4323     		movs	r3, #67
 210 003e 3B80     		strh	r3, [r7]	@ movhi
 716:Middlewares/ST/STM32_USB_Device_Library/Class/CDC/Src/usbd_cdc.c **** }
 211              		.loc 1 716 3 is_stmt 1 view .LVU54
 717:Middlewares/ST/STM32_USB_Device_Library/Class/CDC/Src/usbd_cdc.c **** 
 212              		.loc 1 717 1 is_stmt 0 view .LVU55
 213 0040 0048     		ldr	r0, .L15
 214              	.LVL17:
ARM GAS  /tmp/ccaNfG33.s 			page 18


 717:Middlewares/ST/STM32_USB_Device_Library/Class/CDC/Src/usbd_cdc.c **** 
 215              		.loc 1 717 1 view .LVU56
 216 0042 F8BD     		pop	{r3, r4, r5, r6, r7, pc}
 217              	.LVL18:
 218              	.L16:
 717:Middlewares/ST/STM32_USB_Device_Library/Class/CDC/Src/usbd_cdc.c **** 
 219              		.loc 1 717 1 view .LVU57
 220              		.align	2
 221              	.L15:
 222 0044 00000000 		.word	USBD_CDC_CfgDesc
 223              		.cfi_endproc
 224              	.LFE962:
 226              		.section	.text.USBD_CDC_GetFSCfgDesc,"ax",%progbits
 227              		.align	1
 228              		.syntax unified
 229              		.thumb
 230              		.thumb_func
 232              	USBD_CDC_GetFSCfgDesc:
 233              	.LVL19:
 234              	.LFB960:
 633:Middlewares/ST/STM32_USB_Device_Library/Class/CDC/Src/usbd_cdc.c ****   USBD_EpDescTypeDef *pEpCmdDesc = USBD_GetEpDesc(USBD_CDC_CfgDesc, CDC_CMD_EP);
 235              		.loc 1 633 1 is_stmt 1 view -0
 236              		.cfi_startproc
 237              		@ args = 0, pretend = 0, frame = 0
 238              		@ frame_needed = 0, uses_anonymous_args = 0
 633:Middlewares/ST/STM32_USB_Device_Library/Class/CDC/Src/usbd_cdc.c ****   USBD_EpDescTypeDef *pEpCmdDesc = USBD_GetEpDesc(USBD_CDC_CfgDesc, CDC_CMD_EP);
 239              		.loc 1 633 1 is_stmt 0 view .LVU59
 240 0000 F8B5     		push	{r3, r4, r5, r6, r7, lr}
 241              		.cfi_def_cfa_offset 24
 242              		.cfi_offset 3, -24
 243              		.cfi_offset 4, -20
 244              		.cfi_offset 5, -16
 245              		.cfi_offset 6, -12
 246              		.cfi_offset 7, -8
 247              		.cfi_offset 14, -4
 248 0002 0746     		mov	r7, r0
 634:Middlewares/ST/STM32_USB_Device_Library/Class/CDC/Src/usbd_cdc.c ****   USBD_EpDescTypeDef *pEpOutDesc = USBD_GetEpDesc(USBD_CDC_CfgDesc, CDC_OUT_EP);
 249              		.loc 1 634 3 is_stmt 1 view .LVU60
 634:Middlewares/ST/STM32_USB_Device_Library/Class/CDC/Src/usbd_cdc.c ****   USBD_EpDescTypeDef *pEpOutDesc = USBD_GetEpDesc(USBD_CDC_CfgDesc, CDC_OUT_EP);
 250              		.loc 1 634 36 is_stmt 0 view .LVU61
 251 0004 0F4D     		ldr	r5, .L22
 252 0006 8221     		movs	r1, #130
 253 0008 2846     		mov	r0, r5
 254              	.LVL20:
 634:Middlewares/ST/STM32_USB_Device_Library/Class/CDC/Src/usbd_cdc.c ****   USBD_EpDescTypeDef *pEpOutDesc = USBD_GetEpDesc(USBD_CDC_CfgDesc, CDC_OUT_EP);
 255              		.loc 1 634 36 view .LVU62
 256 000a FFF7FEFF 		bl	USBD_GetEpDesc
 257              	.LVL21:
 258 000e 0646     		mov	r6, r0
 259              	.LVL22:
 635:Middlewares/ST/STM32_USB_Device_Library/Class/CDC/Src/usbd_cdc.c ****   USBD_EpDescTypeDef *pEpInDesc = USBD_GetEpDesc(USBD_CDC_CfgDesc, CDC_IN_EP);
 260              		.loc 1 635 3 is_stmt 1 view .LVU63
 635:Middlewares/ST/STM32_USB_Device_Library/Class/CDC/Src/usbd_cdc.c ****   USBD_EpDescTypeDef *pEpInDesc = USBD_GetEpDesc(USBD_CDC_CfgDesc, CDC_IN_EP);
 261              		.loc 1 635 36 is_stmt 0 view .LVU64
 262 0010 0121     		movs	r1, #1
 263 0012 2846     		mov	r0, r5
 264              	.LVL23:
ARM GAS  /tmp/ccaNfG33.s 			page 19


 635:Middlewares/ST/STM32_USB_Device_Library/Class/CDC/Src/usbd_cdc.c ****   USBD_EpDescTypeDef *pEpInDesc = USBD_GetEpDesc(USBD_CDC_CfgDesc, CDC_IN_EP);
 265              		.loc 1 635 36 view .LVU65
 266 0014 FFF7FEFF 		bl	USBD_GetEpDesc
 267              	.LVL24:
 268 0018 0446     		mov	r4, r0
 269              	.LVL25:
 636:Middlewares/ST/STM32_USB_Device_Library/Class/CDC/Src/usbd_cdc.c **** 
 270              		.loc 1 636 3 is_stmt 1 view .LVU66
 636:Middlewares/ST/STM32_USB_Device_Library/Class/CDC/Src/usbd_cdc.c **** 
 271              		.loc 1 636 35 is_stmt 0 view .LVU67
 272 001a 8121     		movs	r1, #129
 273 001c 2846     		mov	r0, r5
 274              	.LVL26:
 636:Middlewares/ST/STM32_USB_Device_Library/Class/CDC/Src/usbd_cdc.c **** 
 275              		.loc 1 636 35 view .LVU68
 276 001e FFF7FEFF 		bl	USBD_GetEpDesc
 277              	.LVL27:
 638:Middlewares/ST/STM32_USB_Device_Library/Class/CDC/Src/usbd_cdc.c ****   {
 278              		.loc 1 638 3 is_stmt 1 view .LVU69
 638:Middlewares/ST/STM32_USB_Device_Library/Class/CDC/Src/usbd_cdc.c ****   {
 279              		.loc 1 638 6 is_stmt 0 view .LVU70
 280 0022 0EB1     		cbz	r6, .L18
 640:Middlewares/ST/STM32_USB_Device_Library/Class/CDC/Src/usbd_cdc.c ****   }
 281              		.loc 1 640 5 is_stmt 1 view .LVU71
 640:Middlewares/ST/STM32_USB_Device_Library/Class/CDC/Src/usbd_cdc.c ****   }
 282              		.loc 1 640 27 is_stmt 0 view .LVU72
 283 0024 1022     		movs	r2, #16
 284 0026 B271     		strb	r2, [r6, #6]
 285              	.L18:
 643:Middlewares/ST/STM32_USB_Device_Library/Class/CDC/Src/usbd_cdc.c ****   {
 286              		.loc 1 643 3 is_stmt 1 view .LVU73
 643:Middlewares/ST/STM32_USB_Device_Library/Class/CDC/Src/usbd_cdc.c ****   {
 287              		.loc 1 643 6 is_stmt 0 view .LVU74
 288 0028 1CB1     		cbz	r4, .L19
 645:Middlewares/ST/STM32_USB_Device_Library/Class/CDC/Src/usbd_cdc.c ****   }
 289              		.loc 1 645 5 is_stmt 1 view .LVU75
 645:Middlewares/ST/STM32_USB_Device_Library/Class/CDC/Src/usbd_cdc.c ****   }
 290              		.loc 1 645 32 is_stmt 0 view .LVU76
 291 002a 4022     		movs	r2, #64
 292 002c 2271     		strb	r2, [r4, #4]
 293 002e 0022     		movs	r2, #0
 294 0030 6271     		strb	r2, [r4, #5]
 295              	.L19:
 648:Middlewares/ST/STM32_USB_Device_Library/Class/CDC/Src/usbd_cdc.c ****   {
 296              		.loc 1 648 3 is_stmt 1 view .LVU77
 648:Middlewares/ST/STM32_USB_Device_Library/Class/CDC/Src/usbd_cdc.c ****   {
 297              		.loc 1 648 6 is_stmt 0 view .LVU78
 298 0032 18B1     		cbz	r0, .L20
 650:Middlewares/ST/STM32_USB_Device_Library/Class/CDC/Src/usbd_cdc.c ****   }
 299              		.loc 1 650 5 is_stmt 1 view .LVU79
 650:Middlewares/ST/STM32_USB_Device_Library/Class/CDC/Src/usbd_cdc.c ****   }
 300              		.loc 1 650 31 is_stmt 0 view .LVU80
 301 0034 4022     		movs	r2, #64
 302 0036 0271     		strb	r2, [r0, #4]
 303 0038 0022     		movs	r2, #0
 304 003a 4271     		strb	r2, [r0, #5]
 305              	.L20:
ARM GAS  /tmp/ccaNfG33.s 			page 20


 653:Middlewares/ST/STM32_USB_Device_Library/Class/CDC/Src/usbd_cdc.c ****   return USBD_CDC_CfgDesc;
 306              		.loc 1 653 3 is_stmt 1 view .LVU81
 653:Middlewares/ST/STM32_USB_Device_Library/Class/CDC/Src/usbd_cdc.c ****   return USBD_CDC_CfgDesc;
 307              		.loc 1 653 11 is_stmt 0 view .LVU82
 308 003c 4323     		movs	r3, #67
 309 003e 3B80     		strh	r3, [r7]	@ movhi
 654:Middlewares/ST/STM32_USB_Device_Library/Class/CDC/Src/usbd_cdc.c **** }
 310              		.loc 1 654 3 is_stmt 1 view .LVU83
 655:Middlewares/ST/STM32_USB_Device_Library/Class/CDC/Src/usbd_cdc.c **** 
 311              		.loc 1 655 1 is_stmt 0 view .LVU84
 312 0040 0048     		ldr	r0, .L22
 313              	.LVL28:
 655:Middlewares/ST/STM32_USB_Device_Library/Class/CDC/Src/usbd_cdc.c **** 
 314              		.loc 1 655 1 view .LVU85
 315 0042 F8BD     		pop	{r3, r4, r5, r6, r7, pc}
 316              	.LVL29:
 317              	.L23:
 655:Middlewares/ST/STM32_USB_Device_Library/Class/CDC/Src/usbd_cdc.c **** 
 318              		.loc 1 655 1 view .LVU86
 319              		.align	2
 320              	.L22:
 321 0044 00000000 		.word	USBD_CDC_CfgDesc
 322              		.cfi_endproc
 323              	.LFE960:
 325              		.section	.text.USBD_CDC_GetHSCfgDesc,"ax",%progbits
 326              		.align	1
 327              		.syntax unified
 328              		.thumb
 329              		.thumb_func
 331              	USBD_CDC_GetHSCfgDesc:
 332              	.LVL30:
 333              	.LFB961:
 664:Middlewares/ST/STM32_USB_Device_Library/Class/CDC/Src/usbd_cdc.c ****   USBD_EpDescTypeDef *pEpCmdDesc = USBD_GetEpDesc(USBD_CDC_CfgDesc, CDC_CMD_EP);
 334              		.loc 1 664 1 is_stmt 1 view -0
 335              		.cfi_startproc
 336              		@ args = 0, pretend = 0, frame = 0
 337              		@ frame_needed = 0, uses_anonymous_args = 0
 664:Middlewares/ST/STM32_USB_Device_Library/Class/CDC/Src/usbd_cdc.c ****   USBD_EpDescTypeDef *pEpCmdDesc = USBD_GetEpDesc(USBD_CDC_CfgDesc, CDC_CMD_EP);
 338              		.loc 1 664 1 is_stmt 0 view .LVU88
 339 0000 F8B5     		push	{r3, r4, r5, r6, r7, lr}
 340              		.cfi_def_cfa_offset 24
 341              		.cfi_offset 3, -24
 342              		.cfi_offset 4, -20
 343              		.cfi_offset 5, -16
 344              		.cfi_offset 6, -12
 345              		.cfi_offset 7, -8
 346              		.cfi_offset 14, -4
 347 0002 0746     		mov	r7, r0
 665:Middlewares/ST/STM32_USB_Device_Library/Class/CDC/Src/usbd_cdc.c ****   USBD_EpDescTypeDef *pEpOutDesc = USBD_GetEpDesc(USBD_CDC_CfgDesc, CDC_OUT_EP);
 348              		.loc 1 665 3 is_stmt 1 view .LVU89
 665:Middlewares/ST/STM32_USB_Device_Library/Class/CDC/Src/usbd_cdc.c ****   USBD_EpDescTypeDef *pEpOutDesc = USBD_GetEpDesc(USBD_CDC_CfgDesc, CDC_OUT_EP);
 349              		.loc 1 665 36 is_stmt 0 view .LVU90
 350 0004 0F4D     		ldr	r5, .L29
 351 0006 8221     		movs	r1, #130
 352 0008 2846     		mov	r0, r5
 353              	.LVL31:
 665:Middlewares/ST/STM32_USB_Device_Library/Class/CDC/Src/usbd_cdc.c ****   USBD_EpDescTypeDef *pEpOutDesc = USBD_GetEpDesc(USBD_CDC_CfgDesc, CDC_OUT_EP);
ARM GAS  /tmp/ccaNfG33.s 			page 21


 354              		.loc 1 665 36 view .LVU91
 355 000a FFF7FEFF 		bl	USBD_GetEpDesc
 356              	.LVL32:
 357 000e 0646     		mov	r6, r0
 358              	.LVL33:
 666:Middlewares/ST/STM32_USB_Device_Library/Class/CDC/Src/usbd_cdc.c ****   USBD_EpDescTypeDef *pEpInDesc = USBD_GetEpDesc(USBD_CDC_CfgDesc, CDC_IN_EP);
 359              		.loc 1 666 3 is_stmt 1 view .LVU92
 666:Middlewares/ST/STM32_USB_Device_Library/Class/CDC/Src/usbd_cdc.c ****   USBD_EpDescTypeDef *pEpInDesc = USBD_GetEpDesc(USBD_CDC_CfgDesc, CDC_IN_EP);
 360              		.loc 1 666 36 is_stmt 0 view .LVU93
 361 0010 0121     		movs	r1, #1
 362 0012 2846     		mov	r0, r5
 363              	.LVL34:
 666:Middlewares/ST/STM32_USB_Device_Library/Class/CDC/Src/usbd_cdc.c ****   USBD_EpDescTypeDef *pEpInDesc = USBD_GetEpDesc(USBD_CDC_CfgDesc, CDC_IN_EP);
 364              		.loc 1 666 36 view .LVU94
 365 0014 FFF7FEFF 		bl	USBD_GetEpDesc
 366              	.LVL35:
 367 0018 0446     		mov	r4, r0
 368              	.LVL36:
 667:Middlewares/ST/STM32_USB_Device_Library/Class/CDC/Src/usbd_cdc.c **** 
 369              		.loc 1 667 3 is_stmt 1 view .LVU95
 667:Middlewares/ST/STM32_USB_Device_Library/Class/CDC/Src/usbd_cdc.c **** 
 370              		.loc 1 667 35 is_stmt 0 view .LVU96
 371 001a 8121     		movs	r1, #129
 372 001c 2846     		mov	r0, r5
 373              	.LVL37:
 667:Middlewares/ST/STM32_USB_Device_Library/Class/CDC/Src/usbd_cdc.c **** 
 374              		.loc 1 667 35 view .LVU97
 375 001e FFF7FEFF 		bl	USBD_GetEpDesc
 376              	.LVL38:
 669:Middlewares/ST/STM32_USB_Device_Library/Class/CDC/Src/usbd_cdc.c ****   {
 377              		.loc 1 669 3 is_stmt 1 view .LVU98
 669:Middlewares/ST/STM32_USB_Device_Library/Class/CDC/Src/usbd_cdc.c ****   {
 378              		.loc 1 669 6 is_stmt 0 view .LVU99
 379 0022 0EB1     		cbz	r6, .L25
 671:Middlewares/ST/STM32_USB_Device_Library/Class/CDC/Src/usbd_cdc.c ****   }
 380              		.loc 1 671 5 is_stmt 1 view .LVU100
 671:Middlewares/ST/STM32_USB_Device_Library/Class/CDC/Src/usbd_cdc.c ****   }
 381              		.loc 1 671 27 is_stmt 0 view .LVU101
 382 0024 1022     		movs	r2, #16
 383 0026 B271     		strb	r2, [r6, #6]
 384              	.L25:
 674:Middlewares/ST/STM32_USB_Device_Library/Class/CDC/Src/usbd_cdc.c ****   {
 385              		.loc 1 674 3 is_stmt 1 view .LVU102
 674:Middlewares/ST/STM32_USB_Device_Library/Class/CDC/Src/usbd_cdc.c ****   {
 386              		.loc 1 674 6 is_stmt 0 view .LVU103
 387 0028 1CB1     		cbz	r4, .L26
 676:Middlewares/ST/STM32_USB_Device_Library/Class/CDC/Src/usbd_cdc.c ****   }
 388              		.loc 1 676 5 is_stmt 1 view .LVU104
 676:Middlewares/ST/STM32_USB_Device_Library/Class/CDC/Src/usbd_cdc.c ****   }
 389              		.loc 1 676 32 is_stmt 0 view .LVU105
 390 002a 0022     		movs	r2, #0
 391 002c 2271     		strb	r2, [r4, #4]
 392 002e 0222     		movs	r2, #2
 393 0030 6271     		strb	r2, [r4, #5]
 394              	.L26:
 679:Middlewares/ST/STM32_USB_Device_Library/Class/CDC/Src/usbd_cdc.c ****   {
 395              		.loc 1 679 3 is_stmt 1 view .LVU106
ARM GAS  /tmp/ccaNfG33.s 			page 22


 679:Middlewares/ST/STM32_USB_Device_Library/Class/CDC/Src/usbd_cdc.c ****   {
 396              		.loc 1 679 6 is_stmt 0 view .LVU107
 397 0032 18B1     		cbz	r0, .L27
 681:Middlewares/ST/STM32_USB_Device_Library/Class/CDC/Src/usbd_cdc.c ****   }
 398              		.loc 1 681 5 is_stmt 1 view .LVU108
 681:Middlewares/ST/STM32_USB_Device_Library/Class/CDC/Src/usbd_cdc.c ****   }
 399              		.loc 1 681 31 is_stmt 0 view .LVU109
 400 0034 0022     		movs	r2, #0
 401 0036 0271     		strb	r2, [r0, #4]
 402 0038 0222     		movs	r2, #2
 403 003a 4271     		strb	r2, [r0, #5]
 404              	.L27:
 684:Middlewares/ST/STM32_USB_Device_Library/Class/CDC/Src/usbd_cdc.c ****   return USBD_CDC_CfgDesc;
 405              		.loc 1 684 3 is_stmt 1 view .LVU110
 684:Middlewares/ST/STM32_USB_Device_Library/Class/CDC/Src/usbd_cdc.c ****   return USBD_CDC_CfgDesc;
 406              		.loc 1 684 11 is_stmt 0 view .LVU111
 407 003c 4323     		movs	r3, #67
 408 003e 3B80     		strh	r3, [r7]	@ movhi
 685:Middlewares/ST/STM32_USB_Device_Library/Class/CDC/Src/usbd_cdc.c **** }
 409              		.loc 1 685 3 is_stmt 1 view .LVU112
 686:Middlewares/ST/STM32_USB_Device_Library/Class/CDC/Src/usbd_cdc.c **** 
 410              		.loc 1 686 1 is_stmt 0 view .LVU113
 411 0040 0048     		ldr	r0, .L29
 412              	.LVL39:
 686:Middlewares/ST/STM32_USB_Device_Library/Class/CDC/Src/usbd_cdc.c **** 
 413              		.loc 1 686 1 view .LVU114
 414 0042 F8BD     		pop	{r3, r4, r5, r6, r7, pc}
 415              	.LVL40:
 416              	.L30:
 686:Middlewares/ST/STM32_USB_Device_Library/Class/CDC/Src/usbd_cdc.c **** 
 417              		.loc 1 686 1 view .LVU115
 418              		.align	2
 419              	.L29:
 420 0044 00000000 		.word	USBD_CDC_CfgDesc
 421              		.cfi_endproc
 422              	.LFE961:
 424              		.section	.text.USBD_CDC_DataOut,"ax",%progbits
 425              		.align	1
 426              		.syntax unified
 427              		.thumb
 428              		.thumb_func
 430              	USBD_CDC_DataOut:
 431              	.LVL41:
 432              	.LFB958:
 581:Middlewares/ST/STM32_USB_Device_Library/Class/CDC/Src/usbd_cdc.c ****   USBD_CDC_HandleTypeDef *hcdc = (USBD_CDC_HandleTypeDef *)pdev->pClassDataCmsit[pdev->classId];
 433              		.loc 1 581 1 is_stmt 1 view -0
 434              		.cfi_startproc
 435              		@ args = 0, pretend = 0, frame = 0
 436              		@ frame_needed = 0, uses_anonymous_args = 0
 581:Middlewares/ST/STM32_USB_Device_Library/Class/CDC/Src/usbd_cdc.c ****   USBD_CDC_HandleTypeDef *hcdc = (USBD_CDC_HandleTypeDef *)pdev->pClassDataCmsit[pdev->classId];
 437              		.loc 1 581 1 is_stmt 0 view .LVU117
 438 0000 38B5     		push	{r3, r4, r5, lr}
 439              		.cfi_def_cfa_offset 16
 440              		.cfi_offset 3, -16
 441              		.cfi_offset 4, -12
 442              		.cfi_offset 5, -8
 443              		.cfi_offset 14, -4
ARM GAS  /tmp/ccaNfG33.s 			page 23


 582:Middlewares/ST/STM32_USB_Device_Library/Class/CDC/Src/usbd_cdc.c **** 
 444              		.loc 1 582 3 is_stmt 1 view .LVU118
 582:Middlewares/ST/STM32_USB_Device_Library/Class/CDC/Src/usbd_cdc.c **** 
 445              		.loc 1 582 86 is_stmt 0 view .LVU119
 446 0002 D0F8D432 		ldr	r3, [r0, #724]
 582:Middlewares/ST/STM32_USB_Device_Library/Class/CDC/Src/usbd_cdc.c **** 
 447              		.loc 1 582 27 view .LVU120
 448 0006 B033     		adds	r3, r3, #176
 449 0008 50F82350 		ldr	r5, [r0, r3, lsl #2]
 450              	.LVL42:
 584:Middlewares/ST/STM32_USB_Device_Library/Class/CDC/Src/usbd_cdc.c ****   {
 451              		.loc 1 584 3 is_stmt 1 view .LVU121
 584:Middlewares/ST/STM32_USB_Device_Library/Class/CDC/Src/usbd_cdc.c ****   {
 452              		.loc 1 584 6 is_stmt 0 view .LVU122
 453 000c 95B1     		cbz	r5, .L33
 454 000e 0446     		mov	r4, r0
 590:Middlewares/ST/STM32_USB_Device_Library/Class/CDC/Src/usbd_cdc.c **** 
 455              		.loc 1 590 3 is_stmt 1 view .LVU123
 590:Middlewares/ST/STM32_USB_Device_Library/Class/CDC/Src/usbd_cdc.c **** 
 456              		.loc 1 590 20 is_stmt 0 view .LVU124
 457 0010 FFF7FEFF 		bl	USBD_LL_GetRxDataSize
 458              	.LVL43:
 590:Middlewares/ST/STM32_USB_Device_Library/Class/CDC/Src/usbd_cdc.c **** 
 459              		.loc 1 590 18 discriminator 1 view .LVU125
 460 0014 C5F80C02 		str	r0, [r5, #524]
 595:Middlewares/ST/STM32_USB_Device_Library/Class/CDC/Src/usbd_cdc.c **** 
 461              		.loc 1 595 3 is_stmt 1 view .LVU126
 595:Middlewares/ST/STM32_USB_Device_Library/Class/CDC/Src/usbd_cdc.c **** 
 462              		.loc 1 595 47 is_stmt 0 view .LVU127
 463 0018 D4F8D432 		ldr	r3, [r4, #724]
 595:Middlewares/ST/STM32_USB_Device_Library/Class/CDC/Src/usbd_cdc.c **** 
 464              		.loc 1 595 42 view .LVU128
 465 001c B033     		adds	r3, r3, #176
 466 001e 04EB8304 		add	r4, r4, r3, lsl #2
 467              	.LVL44:
 595:Middlewares/ST/STM32_USB_Device_Library/Class/CDC/Src/usbd_cdc.c **** 
 468              		.loc 1 595 42 view .LVU129
 469 0022 6368     		ldr	r3, [r4, #4]
 595:Middlewares/ST/STM32_USB_Device_Library/Class/CDC/Src/usbd_cdc.c **** 
 470              		.loc 1 595 58 view .LVU130
 471 0024 DB68     		ldr	r3, [r3, #12]
 595:Middlewares/ST/STM32_USB_Device_Library/Class/CDC/Src/usbd_cdc.c **** 
 472              		.loc 1 595 4 view .LVU131
 473 0026 05F50371 		add	r1, r5, #524
 474 002a D5F80402 		ldr	r0, [r5, #516]
 475 002e 9847     		blx	r3
 476              	.LVL45:
 597:Middlewares/ST/STM32_USB_Device_Library/Class/CDC/Src/usbd_cdc.c **** }
 477              		.loc 1 597 3 is_stmt 1 view .LVU132
 597:Middlewares/ST/STM32_USB_Device_Library/Class/CDC/Src/usbd_cdc.c **** }
 478              		.loc 1 597 10 is_stmt 0 view .LVU133
 479 0030 0020     		movs	r0, #0
 480              	.L32:
 598:Middlewares/ST/STM32_USB_Device_Library/Class/CDC/Src/usbd_cdc.c **** 
 481              		.loc 1 598 1 view .LVU134
 482 0032 38BD     		pop	{r3, r4, r5, pc}
 483              	.LVL46:
ARM GAS  /tmp/ccaNfG33.s 			page 24


 484              	.L33:
 586:Middlewares/ST/STM32_USB_Device_Library/Class/CDC/Src/usbd_cdc.c ****   }
 485              		.loc 1 586 12 view .LVU135
 486 0034 0320     		movs	r0, #3
 487              	.LVL47:
 586:Middlewares/ST/STM32_USB_Device_Library/Class/CDC/Src/usbd_cdc.c ****   }
 488              		.loc 1 586 12 view .LVU136
 489 0036 FCE7     		b	.L32
 490              		.cfi_endproc
 491              	.LFE958:
 493              		.section	.text.USBD_CDC_DataIn,"ax",%progbits
 494              		.align	1
 495              		.syntax unified
 496              		.thumb
 497              		.thumb_func
 499              	USBD_CDC_DataIn:
 500              	.LVL48:
 501              	.LFB957:
 540:Middlewares/ST/STM32_USB_Device_Library/Class/CDC/Src/usbd_cdc.c ****   USBD_CDC_HandleTypeDef *hcdc;
 502              		.loc 1 540 1 is_stmt 1 view -0
 503              		.cfi_startproc
 504              		@ args = 0, pretend = 0, frame = 0
 505              		@ frame_needed = 0, uses_anonymous_args = 0
 540:Middlewares/ST/STM32_USB_Device_Library/Class/CDC/Src/usbd_cdc.c ****   USBD_CDC_HandleTypeDef *hcdc;
 506              		.loc 1 540 1 is_stmt 0 view .LVU138
 507 0000 10B5     		push	{r4, lr}
 508              		.cfi_def_cfa_offset 8
 509              		.cfi_offset 4, -8
 510              		.cfi_offset 14, -4
 541:Middlewares/ST/STM32_USB_Device_Library/Class/CDC/Src/usbd_cdc.c ****   PCD_HandleTypeDef *hpcd = (PCD_HandleTypeDef *)pdev->pData;
 511              		.loc 1 541 3 is_stmt 1 view .LVU139
 542:Middlewares/ST/STM32_USB_Device_Library/Class/CDC/Src/usbd_cdc.c **** 
 512              		.loc 1 542 3 view .LVU140
 542:Middlewares/ST/STM32_USB_Device_Library/Class/CDC/Src/usbd_cdc.c **** 
 513              		.loc 1 542 22 is_stmt 0 view .LVU141
 514 0002 D0F8C8E2 		ldr	lr, [r0, #712]
 515              	.LVL49:
 544:Middlewares/ST/STM32_USB_Device_Library/Class/CDC/Src/usbd_cdc.c ****   {
 516              		.loc 1 544 3 is_stmt 1 view .LVU142
 544:Middlewares/ST/STM32_USB_Device_Library/Class/CDC/Src/usbd_cdc.c ****   {
 517              		.loc 1 544 33 is_stmt 0 view .LVU143
 518 0006 D0F8D432 		ldr	r3, [r0, #724]
 544:Middlewares/ST/STM32_USB_Device_Library/Class/CDC/Src/usbd_cdc.c ****   {
 519              		.loc 1 544 28 view .LVU144
 520 000a B033     		adds	r3, r3, #176
 521 000c 50F823C0 		ldr	ip, [r0, r3, lsl #2]
 544:Middlewares/ST/STM32_USB_Device_Library/Class/CDC/Src/usbd_cdc.c ****   {
 522              		.loc 1 544 6 view .LVU145
 523 0010 BCF1000F 		cmp	ip, #0
 524 0014 2FD0     		beq	.L38
 549:Middlewares/ST/STM32_USB_Device_Library/Class/CDC/Src/usbd_cdc.c **** 
 525              		.loc 1 549 3 is_stmt 1 view .LVU146
 526              	.LVL50:
 551:Middlewares/ST/STM32_USB_Device_Library/Class/CDC/Src/usbd_cdc.c ****       ((pdev->ep_in[epnum & 0xFU].total_length % hpcd->IN_ep[epnum & 0xFU].maxpacket) == 0U))
 527              		.loc 1 551 3 view .LVU147
 551:Middlewares/ST/STM32_USB_Device_Library/Class/CDC/Src/usbd_cdc.c ****       ((pdev->ep_in[epnum & 0xFU].total_length % hpcd->IN_ep[epnum & 0xFU].maxpacket) == 0U))
 528              		.loc 1 551 26 is_stmt 0 view .LVU148
ARM GAS  /tmp/ccaNfG33.s 			page 25


 529 0016 01F00F03 		and	r3, r1, #15
 551:Middlewares/ST/STM32_USB_Device_Library/Class/CDC/Src/usbd_cdc.c ****       ((pdev->ep_in[epnum & 0xFU].total_length % hpcd->IN_ep[epnum & 0xFU].maxpacket) == 0U))
 530              		.loc 1 551 33 view .LVU149
 531 001a 03EB8302 		add	r2, r3, r3, lsl #2
 532 001e 00EB8202 		add	r2, r0, r2, lsl #2
 533 0022 5269     		ldr	r2, [r2, #20]
 551:Middlewares/ST/STM32_USB_Device_Library/Class/CDC/Src/usbd_cdc.c ****       ((pdev->ep_in[epnum & 0xFU].total_length % hpcd->IN_ep[epnum & 0xFU].maxpacket) == 0U))
 534              		.loc 1 551 6 view .LVU150
 535 0024 52B1     		cbz	r2, .L37
 552:Middlewares/ST/STM32_USB_Device_Library/Class/CDC/Src/usbd_cdc.c ****   {
 536              		.loc 1 552 75 view .LVU151
 537 0026 03EB8304 		add	r4, r3, r3, lsl #2
 538 002a 0EEBC40E 		add	lr, lr, r4, lsl #3
 539              	.LVL51:
 552:Middlewares/ST/STM32_USB_Device_Library/Class/CDC/Src/usbd_cdc.c ****   {
 540              		.loc 1 552 75 view .LVU152
 541 002e DEF820E0 		ldr	lr, [lr, #32]
 552:Middlewares/ST/STM32_USB_Device_Library/Class/CDC/Src/usbd_cdc.c ****   {
 542              		.loc 1 552 48 view .LVU153
 543 0032 B2FBFEF4 		udiv	r4, r2, lr
 544 0036 0EFB1422 		mls	r2, lr, r4, r2
 551:Middlewares/ST/STM32_USB_Device_Library/Class/CDC/Src/usbd_cdc.c ****       ((pdev->ep_in[epnum & 0xFU].total_length % hpcd->IN_ep[epnum & 0xFU].maxpacket) == 0U))
 545              		.loc 1 551 53 discriminator 1 view .LVU154
 546 003a 92B1     		cbz	r2, .L41
 547              	.L37:
 562:Middlewares/ST/STM32_USB_Device_Library/Class/CDC/Src/usbd_cdc.c **** 
 548              		.loc 1 562 5 is_stmt 1 view .LVU155
 562:Middlewares/ST/STM32_USB_Device_Library/Class/CDC/Src/usbd_cdc.c **** 
 549              		.loc 1 562 19 is_stmt 0 view .LVU156
 550 003c 0023     		movs	r3, #0
 551 003e CCF81432 		str	r3, [ip, #532]
 552              	.LVL52:
 564:Middlewares/ST/STM32_USB_Device_Library/Class/CDC/Src/usbd_cdc.c ****     {
 553              		.loc 1 564 5 is_stmt 1 view .LVU157
 564:Middlewares/ST/STM32_USB_Device_Library/Class/CDC/Src/usbd_cdc.c ****     {
 554              		.loc 1 564 53 is_stmt 0 view .LVU158
 555 0042 D0F8D432 		ldr	r3, [r0, #724]
 564:Middlewares/ST/STM32_USB_Device_Library/Class/CDC/Src/usbd_cdc.c ****     {
 556              		.loc 1 564 48 view .LVU159
 557 0046 B033     		adds	r3, r3, #176
 558 0048 00EB8300 		add	r0, r0, r3, lsl #2
 559              	.LVL53:
 564:Middlewares/ST/STM32_USB_Device_Library/Class/CDC/Src/usbd_cdc.c ****     {
 560              		.loc 1 564 48 view .LVU160
 561 004c 4368     		ldr	r3, [r0, #4]
 564:Middlewares/ST/STM32_USB_Device_Library/Class/CDC/Src/usbd_cdc.c ****     {
 562              		.loc 1 564 64 view .LVU161
 563 004e 1B69     		ldr	r3, [r3, #16]
 564:Middlewares/ST/STM32_USB_Device_Library/Class/CDC/Src/usbd_cdc.c ****     {
 564              		.loc 1 564 8 view .LVU162
 565 0050 9BB1     		cbz	r3, .L39
 566:Middlewares/ST/STM32_USB_Device_Library/Class/CDC/Src/usbd_cdc.c ****     }
 566              		.loc 1 566 7 is_stmt 1 view .LVU163
 566:Middlewares/ST/STM32_USB_Device_Library/Class/CDC/Src/usbd_cdc.c ****     }
 567              		.loc 1 566 8 is_stmt 0 view .LVU164
 568 0052 0A46     		mov	r2, r1
 569 0054 0CF50471 		add	r1, ip, #528
ARM GAS  /tmp/ccaNfG33.s 			page 26


 570              	.LVL54:
 566:Middlewares/ST/STM32_USB_Device_Library/Class/CDC/Src/usbd_cdc.c ****     }
 571              		.loc 1 566 8 view .LVU165
 572 0058 DCF80802 		ldr	r0, [ip, #520]
 573 005c 9847     		blx	r3
 574              	.LVL55:
 570:Middlewares/ST/STM32_USB_Device_Library/Class/CDC/Src/usbd_cdc.c **** }
 575              		.loc 1 570 10 view .LVU166
 576 005e 0020     		movs	r0, #0
 577              	.LVL56:
 578              	.L36:
 571:Middlewares/ST/STM32_USB_Device_Library/Class/CDC/Src/usbd_cdc.c **** 
 579              		.loc 1 571 1 view .LVU167
 580 0060 10BD     		pop	{r4, pc}
 581              	.LVL57:
 582              	.L41:
 555:Middlewares/ST/STM32_USB_Device_Library/Class/CDC/Src/usbd_cdc.c **** 
 583              		.loc 1 555 5 is_stmt 1 view .LVU168
 555:Middlewares/ST/STM32_USB_Device_Library/Class/CDC/Src/usbd_cdc.c **** 
 584              		.loc 1 555 44 is_stmt 0 view .LVU169
 585 0062 03EB8303 		add	r3, r3, r3, lsl #2
 586 0066 00EB8303 		add	r3, r0, r3, lsl #2
 587 006a 5A61     		str	r2, [r3, #20]
 588              	.LVL58:
 558:Middlewares/ST/STM32_USB_Device_Library/Class/CDC/Src/usbd_cdc.c ****   }
 589              		.loc 1 558 5 is_stmt 1 view .LVU170
 558:Middlewares/ST/STM32_USB_Device_Library/Class/CDC/Src/usbd_cdc.c ****   }
 590              		.loc 1 558 11 is_stmt 0 view .LVU171
 591 006c 1346     		mov	r3, r2
 592 006e FFF7FEFF 		bl	USBD_LL_Transmit
 593              	.LVL59:
 570:Middlewares/ST/STM32_USB_Device_Library/Class/CDC/Src/usbd_cdc.c **** }
 594              		.loc 1 570 10 view .LVU172
 595 0072 0020     		movs	r0, #0
 558:Middlewares/ST/STM32_USB_Device_Library/Class/CDC/Src/usbd_cdc.c ****   }
 596              		.loc 1 558 5 view .LVU173
 597 0074 F4E7     		b	.L36
 598              	.LVL60:
 599              	.L38:
 546:Middlewares/ST/STM32_USB_Device_Library/Class/CDC/Src/usbd_cdc.c ****   }
 600              		.loc 1 546 12 view .LVU174
 601 0076 0320     		movs	r0, #3
 602              	.LVL61:
 546:Middlewares/ST/STM32_USB_Device_Library/Class/CDC/Src/usbd_cdc.c ****   }
 603              		.loc 1 546 12 view .LVU175
 604 0078 F2E7     		b	.L36
 605              	.LVL62:
 606              	.L39:
 570:Middlewares/ST/STM32_USB_Device_Library/Class/CDC/Src/usbd_cdc.c **** }
 607              		.loc 1 570 10 view .LVU176
 608 007a 1846     		mov	r0, r3
 609 007c F0E7     		b	.L36
 610              		.cfi_endproc
 611              	.LFE957:
 613              		.section	.text.USBD_CDC_Setup,"ax",%progbits
 614              		.align	1
 615              		.syntax unified
ARM GAS  /tmp/ccaNfG33.s 			page 27


 616              		.thumb
 617              		.thumb_func
 619              	USBD_CDC_Setup:
 620              	.LVL63:
 621              	.LFB956:
 437:Middlewares/ST/STM32_USB_Device_Library/Class/CDC/Src/usbd_cdc.c ****   USBD_CDC_HandleTypeDef *hcdc = (USBD_CDC_HandleTypeDef *)pdev->pClassDataCmsit[pdev->classId];
 622              		.loc 1 437 1 is_stmt 1 view -0
 623              		.cfi_startproc
 624              		@ args = 0, pretend = 0, frame = 8
 625              		@ frame_needed = 0, uses_anonymous_args = 0
 437:Middlewares/ST/STM32_USB_Device_Library/Class/CDC/Src/usbd_cdc.c ****   USBD_CDC_HandleTypeDef *hcdc = (USBD_CDC_HandleTypeDef *)pdev->pClassDataCmsit[pdev->classId];
 626              		.loc 1 437 1 is_stmt 0 view .LVU178
 627 0000 F0B5     		push	{r4, r5, r6, r7, lr}
 628              		.cfi_def_cfa_offset 20
 629              		.cfi_offset 4, -20
 630              		.cfi_offset 5, -16
 631              		.cfi_offset 6, -12
 632              		.cfi_offset 7, -8
 633              		.cfi_offset 14, -4
 634 0002 83B0     		sub	sp, sp, #12
 635              		.cfi_def_cfa_offset 32
 438:Middlewares/ST/STM32_USB_Device_Library/Class/CDC/Src/usbd_cdc.c ****   uint16_t len;
 636              		.loc 1 438 3 is_stmt 1 view .LVU179
 438:Middlewares/ST/STM32_USB_Device_Library/Class/CDC/Src/usbd_cdc.c ****   uint16_t len;
 637              		.loc 1 438 86 is_stmt 0 view .LVU180
 638 0004 D0F8D432 		ldr	r3, [r0, #724]
 438:Middlewares/ST/STM32_USB_Device_Library/Class/CDC/Src/usbd_cdc.c ****   uint16_t len;
 639              		.loc 1 438 27 view .LVU181
 640 0008 03F1B002 		add	r2, r3, #176
 641 000c 50F82270 		ldr	r7, [r0, r2, lsl #2]
 642              	.LVL64:
 439:Middlewares/ST/STM32_USB_Device_Library/Class/CDC/Src/usbd_cdc.c ****   uint8_t ifalt = 0U;
 643              		.loc 1 439 3 is_stmt 1 view .LVU182
 440:Middlewares/ST/STM32_USB_Device_Library/Class/CDC/Src/usbd_cdc.c ****   uint16_t status_info = 0U;
 644              		.loc 1 440 3 view .LVU183
 440:Middlewares/ST/STM32_USB_Device_Library/Class/CDC/Src/usbd_cdc.c ****   uint16_t status_info = 0U;
 645              		.loc 1 440 11 is_stmt 0 view .LVU184
 646 0010 0022     		movs	r2, #0
 647 0012 8DF80720 		strb	r2, [sp, #7]
 441:Middlewares/ST/STM32_USB_Device_Library/Class/CDC/Src/usbd_cdc.c ****   USBD_StatusTypeDef ret = USBD_OK;
 648              		.loc 1 441 3 is_stmt 1 view .LVU185
 441:Middlewares/ST/STM32_USB_Device_Library/Class/CDC/Src/usbd_cdc.c ****   USBD_StatusTypeDef ret = USBD_OK;
 649              		.loc 1 441 12 is_stmt 0 view .LVU186
 650 0016 ADF80420 		strh	r2, [sp, #4]	@ movhi
 442:Middlewares/ST/STM32_USB_Device_Library/Class/CDC/Src/usbd_cdc.c **** 
 651              		.loc 1 442 3 is_stmt 1 view .LVU187
 652              	.LVL65:
 444:Middlewares/ST/STM32_USB_Device_Library/Class/CDC/Src/usbd_cdc.c ****   {
 653              		.loc 1 444 3 view .LVU188
 444:Middlewares/ST/STM32_USB_Device_Library/Class/CDC/Src/usbd_cdc.c ****   {
 654              		.loc 1 444 6 is_stmt 0 view .LVU189
 655 001a 002F     		cmp	r7, #0
 656 001c 76D0     		beq	.L56
 657 001e 0446     		mov	r4, r0
 658 0020 0D46     		mov	r5, r1
 449:Middlewares/ST/STM32_USB_Device_Library/Class/CDC/Src/usbd_cdc.c ****   {
 659              		.loc 1 449 3 is_stmt 1 view .LVU190
ARM GAS  /tmp/ccaNfG33.s 			page 28


 449:Middlewares/ST/STM32_USB_Device_Library/Class/CDC/Src/usbd_cdc.c ****   {
 660              		.loc 1 449 14 is_stmt 0 view .LVU191
 661 0022 0978     		ldrb	r1, [r1]	@ zero_extendqisi2
 662              	.LVL66:
 449:Middlewares/ST/STM32_USB_Device_Library/Class/CDC/Src/usbd_cdc.c ****   {
 663              		.loc 1 449 3 view .LVU192
 664 0024 11F06006 		ands	r6, r1, #96
 665 0028 33D0     		beq	.L44
 666 002a 202E     		cmp	r6, #32
 667 002c 67D1     		bne	.L45
 452:Middlewares/ST/STM32_USB_Device_Library/Class/CDC/Src/usbd_cdc.c ****       {
 668              		.loc 1 452 7 is_stmt 1 view .LVU193
 452:Middlewares/ST/STM32_USB_Device_Library/Class/CDC/Src/usbd_cdc.c ****       {
 669              		.loc 1 452 14 is_stmt 0 view .LVU194
 670 002e EA88     		ldrh	r2, [r5, #6]
 452:Middlewares/ST/STM32_USB_Device_Library/Class/CDC/Src/usbd_cdc.c ****       {
 671              		.loc 1 452 10 view .LVU195
 672 0030 2AB3     		cbz	r2, .L46
 454:Middlewares/ST/STM32_USB_Device_Library/Class/CDC/Src/usbd_cdc.c ****         {
 673              		.loc 1 454 9 is_stmt 1 view .LVU196
 454:Middlewares/ST/STM32_USB_Device_Library/Class/CDC/Src/usbd_cdc.c ****         {
 674              		.loc 1 454 12 is_stmt 0 view .LVU197
 675 0032 11F0800F 		tst	r1, #128
 676 0036 07D1     		bne	.L59
 465:Middlewares/ST/STM32_USB_Device_Library/Class/CDC/Src/usbd_cdc.c ****           hcdc->CmdLength = (uint8_t)MIN(req->wLength, USB_MAX_EP0_SIZE);
 677              		.loc 1 465 11 is_stmt 1 view .LVU198
 465:Middlewares/ST/STM32_USB_Device_Library/Class/CDC/Src/usbd_cdc.c ****           hcdc->CmdLength = (uint8_t)MIN(req->wLength, USB_MAX_EP0_SIZE);
 678              		.loc 1 465 32 is_stmt 0 view .LVU199
 679 0038 6B78     		ldrb	r3, [r5, #1]	@ zero_extendqisi2
 465:Middlewares/ST/STM32_USB_Device_Library/Class/CDC/Src/usbd_cdc.c ****           hcdc->CmdLength = (uint8_t)MIN(req->wLength, USB_MAX_EP0_SIZE);
 680              		.loc 1 465 27 view .LVU200
 681 003a 87F80032 		strb	r3, [r7, #512]
 466:Middlewares/ST/STM32_USB_Device_Library/Class/CDC/Src/usbd_cdc.c **** 
 682              		.loc 1 466 11 is_stmt 1 view .LVU201
 466:Middlewares/ST/STM32_USB_Device_Library/Class/CDC/Src/usbd_cdc.c **** 
 683              		.loc 1 466 38 is_stmt 0 view .LVU202
 684 003e EA88     		ldrh	r2, [r5, #6]
 466:Middlewares/ST/STM32_USB_Device_Library/Class/CDC/Src/usbd_cdc.c **** 
 685              		.loc 1 466 29 view .LVU203
 686 0040 3F2A     		cmp	r2, #63
 687 0042 13D8     		bhi	.L57
 466:Middlewares/ST/STM32_USB_Device_Library/Class/CDC/Src/usbd_cdc.c **** 
 688              		.loc 1 466 29 discriminator 1 view .LVU204
 689 0044 D2B2     		uxtb	r2, r2
 690 0046 12E0     		b	.L48
 691              	.L59:
 456:Middlewares/ST/STM32_USB_Device_Library/Class/CDC/Src/usbd_cdc.c ****                                                                            (uint8_t *)hcdc->data,
 692              		.loc 1 456 11 is_stmt 1 view .LVU205
 456:Middlewares/ST/STM32_USB_Device_Library/Class/CDC/Src/usbd_cdc.c ****                                                                            (uint8_t *)hcdc->data,
 693              		.loc 1 456 50 is_stmt 0 view .LVU206
 694 0048 B033     		adds	r3, r3, #176
 695 004a 00EB8303 		add	r3, r0, r3, lsl #2
 696 004e 5B68     		ldr	r3, [r3, #4]
 456:Middlewares/ST/STM32_USB_Device_Library/Class/CDC/Src/usbd_cdc.c ****                                                                            (uint8_t *)hcdc->data,
 697              		.loc 1 456 66 view .LVU207
 698 0050 9B68     		ldr	r3, [r3, #8]
 456:Middlewares/ST/STM32_USB_Device_Library/Class/CDC/Src/usbd_cdc.c ****                                                                            (uint8_t *)hcdc->data,
ARM GAS  /tmp/ccaNfG33.s 			page 29


 699              		.loc 1 456 12 view .LVU208
 700 0052 3946     		mov	r1, r7
 701 0054 6878     		ldrb	r0, [r5, #1]	@ zero_extendqisi2
 702              	.LVL67:
 456:Middlewares/ST/STM32_USB_Device_Library/Class/CDC/Src/usbd_cdc.c ****                                                                            (uint8_t *)hcdc->data,
 703              		.loc 1 456 12 view .LVU209
 704 0056 9847     		blx	r3
 705              	.LVL68:
 460:Middlewares/ST/STM32_USB_Device_Library/Class/CDC/Src/usbd_cdc.c ****           (void)USBD_CtlSendData(pdev, (uint8_t *)hcdc->data, len);
 706              		.loc 1 460 11 is_stmt 1 view .LVU210
 460:Middlewares/ST/STM32_USB_Device_Library/Class/CDC/Src/usbd_cdc.c ****           (void)USBD_CtlSendData(pdev, (uint8_t *)hcdc->data, len);
 707              		.loc 1 460 17 is_stmt 0 view .LVU211
 708 0058 EA88     		ldrh	r2, [r5, #6]
 709              	.LVL69:
 461:Middlewares/ST/STM32_USB_Device_Library/Class/CDC/Src/usbd_cdc.c ****         }
 710              		.loc 1 461 11 is_stmt 1 view .LVU212
 461:Middlewares/ST/STM32_USB_Device_Library/Class/CDC/Src/usbd_cdc.c ****         }
 711              		.loc 1 461 17 is_stmt 0 view .LVU213
 712 005a 072A     		cmp	r2, #7
 713 005c 28BF     		it	cs
 714 005e 0722     		movcs	r2, #7
 715              	.LVL70:
 461:Middlewares/ST/STM32_USB_Device_Library/Class/CDC/Src/usbd_cdc.c ****         }
 716              		.loc 1 461 17 view .LVU214
 717 0060 3946     		mov	r1, r7
 718 0062 2046     		mov	r0, r4
 719 0064 FFF7FEFF 		bl	USBD_CtlSendData
 720              	.LVL71:
 442:Middlewares/ST/STM32_USB_Device_Library/Class/CDC/Src/usbd_cdc.c **** 
 721              		.loc 1 442 22 view .LVU215
 722 0068 0026     		movs	r6, #0
 723 006a 4CE0     		b	.L43
 724              	.LVL72:
 725              	.L57:
 466:Middlewares/ST/STM32_USB_Device_Library/Class/CDC/Src/usbd_cdc.c **** 
 726              		.loc 1 466 29 discriminator 2 view .LVU216
 727 006c 4022     		movs	r2, #64
 728              	.L48:
 466:Middlewares/ST/STM32_USB_Device_Library/Class/CDC/Src/usbd_cdc.c **** 
 729              		.loc 1 466 27 discriminator 4 view .LVU217
 730 006e 87F80122 		strb	r2, [r7, #513]
 468:Middlewares/ST/STM32_USB_Device_Library/Class/CDC/Src/usbd_cdc.c ****         }
 731              		.loc 1 468 11 is_stmt 1 view .LVU218
 468:Middlewares/ST/STM32_USB_Device_Library/Class/CDC/Src/usbd_cdc.c ****         }
 732              		.loc 1 468 17 is_stmt 0 view .LVU219
 733 0072 3946     		mov	r1, r7
 734 0074 2046     		mov	r0, r4
 735              	.LVL73:
 468:Middlewares/ST/STM32_USB_Device_Library/Class/CDC/Src/usbd_cdc.c ****         }
 736              		.loc 1 468 17 view .LVU220
 737 0076 FFF7FEFF 		bl	USBD_CtlPrepareRx
 738              	.LVL74:
 442:Middlewares/ST/STM32_USB_Device_Library/Class/CDC/Src/usbd_cdc.c **** 
 739              		.loc 1 442 22 view .LVU221
 740 007a 0026     		movs	r6, #0
 741 007c 43E0     		b	.L43
 742              	.LVL75:
ARM GAS  /tmp/ccaNfG33.s 			page 30


 743              	.L46:
 473:Middlewares/ST/STM32_USB_Device_Library/Class/CDC/Src/usbd_cdc.c ****                                                                          (uint8_t *)req, 0U);
 744              		.loc 1 473 9 is_stmt 1 view .LVU222
 473:Middlewares/ST/STM32_USB_Device_Library/Class/CDC/Src/usbd_cdc.c ****                                                                          (uint8_t *)req, 0U);
 745              		.loc 1 473 48 is_stmt 0 view .LVU223
 746 007e B033     		adds	r3, r3, #176
 747 0080 00EB8303 		add	r3, r0, r3, lsl #2
 748 0084 5B68     		ldr	r3, [r3, #4]
 473:Middlewares/ST/STM32_USB_Device_Library/Class/CDC/Src/usbd_cdc.c ****                                                                          (uint8_t *)req, 0U);
 749              		.loc 1 473 64 view .LVU224
 750 0086 9B68     		ldr	r3, [r3, #8]
 473:Middlewares/ST/STM32_USB_Device_Library/Class/CDC/Src/usbd_cdc.c ****                                                                          (uint8_t *)req, 0U);
 751              		.loc 1 473 10 view .LVU225
 752 0088 2946     		mov	r1, r5
 753 008a 6878     		ldrb	r0, [r5, #1]	@ zero_extendqisi2
 754              	.LVL76:
 473:Middlewares/ST/STM32_USB_Device_Library/Class/CDC/Src/usbd_cdc.c ****                                                                          (uint8_t *)req, 0U);
 755              		.loc 1 473 10 view .LVU226
 756 008c 9847     		blx	r3
 757              	.LVL77:
 442:Middlewares/ST/STM32_USB_Device_Library/Class/CDC/Src/usbd_cdc.c **** 
 758              		.loc 1 442 22 view .LVU227
 759 008e 0026     		movs	r6, #0
 760 0090 39E0     		b	.L43
 761              	.LVL78:
 762              	.L44:
 479:Middlewares/ST/STM32_USB_Device_Library/Class/CDC/Src/usbd_cdc.c ****       {
 763              		.loc 1 479 7 is_stmt 1 view .LVU228
 479:Middlewares/ST/STM32_USB_Device_Library/Class/CDC/Src/usbd_cdc.c ****       {
 764              		.loc 1 479 18 is_stmt 0 view .LVU229
 765 0092 6F78     		ldrb	r7, [r5, #1]	@ zero_extendqisi2
 766              	.LVL79:
 479:Middlewares/ST/STM32_USB_Device_Library/Class/CDC/Src/usbd_cdc.c ****       {
 767              		.loc 1 479 7 view .LVU230
 768 0094 0A2F     		cmp	r7, #10
 769 0096 23D0     		beq	.L49
 770 0098 08D8     		bhi	.L50
 771 009a 97B1     		cbz	r7, .L51
 772 009c 012F     		cmp	r7, #1
 773 009e 32D0     		beq	.L43
 774              	.L52:
 517:Middlewares/ST/STM32_USB_Device_Library/Class/CDC/Src/usbd_cdc.c ****           ret = USBD_FAIL;
 775              		.loc 1 517 11 is_stmt 1 view .LVU231
 776 00a0 2946     		mov	r1, r5
 777 00a2 2046     		mov	r0, r4
 778              	.LVL80:
 517:Middlewares/ST/STM32_USB_Device_Library/Class/CDC/Src/usbd_cdc.c ****           ret = USBD_FAIL;
 779              		.loc 1 517 11 is_stmt 0 view .LVU232
 780 00a4 FFF7FEFF 		bl	USBD_CtlError
 781              	.LVL81:
 518:Middlewares/ST/STM32_USB_Device_Library/Class/CDC/Src/usbd_cdc.c ****           break;
 782              		.loc 1 518 11 is_stmt 1 view .LVU233
 519:Middlewares/ST/STM32_USB_Device_Library/Class/CDC/Src/usbd_cdc.c ****       }
 783              		.loc 1 519 11 view .LVU234
 518:Middlewares/ST/STM32_USB_Device_Library/Class/CDC/Src/usbd_cdc.c ****           break;
 784              		.loc 1 518 15 is_stmt 0 view .LVU235
 785 00a8 0326     		movs	r6, #3
ARM GAS  /tmp/ccaNfG33.s 			page 31


 519:Middlewares/ST/STM32_USB_Device_Library/Class/CDC/Src/usbd_cdc.c ****       }
 786              		.loc 1 519 11 view .LVU236
 787 00aa 2CE0     		b	.L43
 788              	.LVL82:
 789              	.L50:
 479:Middlewares/ST/STM32_USB_Device_Library/Class/CDC/Src/usbd_cdc.c ****       {
 790              		.loc 1 479 7 view .LVU237
 791 00ac 0B2F     		cmp	r7, #11
 792 00ae F7D1     		bne	.L52
 506:Middlewares/ST/STM32_USB_Device_Library/Class/CDC/Src/usbd_cdc.c ****           {
 793              		.loc 1 506 11 is_stmt 1 view .LVU238
 506:Middlewares/ST/STM32_USB_Device_Library/Class/CDC/Src/usbd_cdc.c ****           {
 794              		.loc 1 506 19 is_stmt 0 view .LVU239
 795 00b0 90F89C32 		ldrb	r3, [r0, #668]	@ zero_extendqisi2
 796              	.LVL83:
 506:Middlewares/ST/STM32_USB_Device_Library/Class/CDC/Src/usbd_cdc.c ****           {
 797              		.loc 1 506 14 view .LVU240
 798 00b4 032B     		cmp	r3, #3
 799 00b6 26D0     		beq	.L43
 508:Middlewares/ST/STM32_USB_Device_Library/Class/CDC/Src/usbd_cdc.c ****             ret = USBD_FAIL;
 800              		.loc 1 508 13 is_stmt 1 view .LVU241
 801 00b8 2946     		mov	r1, r5
 802 00ba FFF7FEFF 		bl	USBD_CtlError
 803              	.LVL84:
 509:Middlewares/ST/STM32_USB_Device_Library/Class/CDC/Src/usbd_cdc.c ****           }
 804              		.loc 1 509 13 view .LVU242
 509:Middlewares/ST/STM32_USB_Device_Library/Class/CDC/Src/usbd_cdc.c ****           }
 805              		.loc 1 509 17 is_stmt 0 view .LVU243
 806 00be 0326     		movs	r6, #3
 807 00c0 21E0     		b	.L43
 808              	.LVL85:
 809              	.L51:
 482:Middlewares/ST/STM32_USB_Device_Library/Class/CDC/Src/usbd_cdc.c ****           {
 810              		.loc 1 482 11 is_stmt 1 view .LVU244
 482:Middlewares/ST/STM32_USB_Device_Library/Class/CDC/Src/usbd_cdc.c ****           {
 811              		.loc 1 482 19 is_stmt 0 view .LVU245
 812 00c2 90F89C32 		ldrb	r3, [r0, #668]	@ zero_extendqisi2
 813              	.LVL86:
 482:Middlewares/ST/STM32_USB_Device_Library/Class/CDC/Src/usbd_cdc.c ****           {
 814              		.loc 1 482 14 view .LVU246
 815 00c6 032B     		cmp	r3, #3
 816 00c8 04D0     		beq	.L60
 488:Middlewares/ST/STM32_USB_Device_Library/Class/CDC/Src/usbd_cdc.c ****             ret = USBD_FAIL;
 817              		.loc 1 488 13 is_stmt 1 view .LVU247
 818 00ca 2946     		mov	r1, r5
 819 00cc FFF7FEFF 		bl	USBD_CtlError
 820              	.LVL87:
 489:Middlewares/ST/STM32_USB_Device_Library/Class/CDC/Src/usbd_cdc.c ****           }
 821              		.loc 1 489 13 view .LVU248
 489:Middlewares/ST/STM32_USB_Device_Library/Class/CDC/Src/usbd_cdc.c ****           }
 822              		.loc 1 489 17 is_stmt 0 view .LVU249
 823 00d0 0326     		movs	r6, #3
 824 00d2 18E0     		b	.L43
 825              	.LVL88:
 826              	.L60:
 484:Middlewares/ST/STM32_USB_Device_Library/Class/CDC/Src/usbd_cdc.c ****           }
 827              		.loc 1 484 13 is_stmt 1 view .LVU250
ARM GAS  /tmp/ccaNfG33.s 			page 32


 484:Middlewares/ST/STM32_USB_Device_Library/Class/CDC/Src/usbd_cdc.c ****           }
 828              		.loc 1 484 19 is_stmt 0 view .LVU251
 829 00d4 0222     		movs	r2, #2
 830 00d6 01A9     		add	r1, sp, #4
 831 00d8 FFF7FEFF 		bl	USBD_CtlSendData
 832              	.LVL89:
 442:Middlewares/ST/STM32_USB_Device_Library/Class/CDC/Src/usbd_cdc.c **** 
 833              		.loc 1 442 22 view .LVU252
 834 00dc 3E46     		mov	r6, r7
 835 00de 12E0     		b	.L43
 836              	.LVL90:
 837              	.L49:
 494:Middlewares/ST/STM32_USB_Device_Library/Class/CDC/Src/usbd_cdc.c ****           {
 838              		.loc 1 494 11 is_stmt 1 view .LVU253
 494:Middlewares/ST/STM32_USB_Device_Library/Class/CDC/Src/usbd_cdc.c ****           {
 839              		.loc 1 494 19 is_stmt 0 view .LVU254
 840 00e0 90F89C32 		ldrb	r3, [r0, #668]	@ zero_extendqisi2
 841              	.LVL91:
 494:Middlewares/ST/STM32_USB_Device_Library/Class/CDC/Src/usbd_cdc.c ****           {
 842              		.loc 1 494 14 view .LVU255
 843 00e4 032B     		cmp	r3, #3
 844 00e6 04D0     		beq	.L61
 500:Middlewares/ST/STM32_USB_Device_Library/Class/CDC/Src/usbd_cdc.c ****             ret = USBD_FAIL;
 845              		.loc 1 500 13 is_stmt 1 view .LVU256
 846 00e8 2946     		mov	r1, r5
 847 00ea FFF7FEFF 		bl	USBD_CtlError
 848              	.LVL92:
 501:Middlewares/ST/STM32_USB_Device_Library/Class/CDC/Src/usbd_cdc.c ****           }
 849              		.loc 1 501 13 view .LVU257
 501:Middlewares/ST/STM32_USB_Device_Library/Class/CDC/Src/usbd_cdc.c ****           }
 850              		.loc 1 501 17 is_stmt 0 view .LVU258
 851 00ee 0326     		movs	r6, #3
 852 00f0 09E0     		b	.L43
 853              	.LVL93:
 854              	.L61:
 496:Middlewares/ST/STM32_USB_Device_Library/Class/CDC/Src/usbd_cdc.c ****           }
 855              		.loc 1 496 13 is_stmt 1 view .LVU259
 496:Middlewares/ST/STM32_USB_Device_Library/Class/CDC/Src/usbd_cdc.c ****           }
 856              		.loc 1 496 19 is_stmt 0 view .LVU260
 857 00f2 0122     		movs	r2, #1
 858 00f4 0DF10701 		add	r1, sp, #7
 859 00f8 FFF7FEFF 		bl	USBD_CtlSendData
 860              	.LVL94:
 496:Middlewares/ST/STM32_USB_Device_Library/Class/CDC/Src/usbd_cdc.c ****           }
 861              		.loc 1 496 19 view .LVU261
 862 00fc 03E0     		b	.L43
 863              	.LVL95:
 864              	.L45:
 524:Middlewares/ST/STM32_USB_Device_Library/Class/CDC/Src/usbd_cdc.c ****       ret = USBD_FAIL;
 865              		.loc 1 524 7 is_stmt 1 view .LVU262
 866 00fe 2946     		mov	r1, r5
 867 0100 FFF7FEFF 		bl	USBD_CtlError
 868              	.LVL96:
 525:Middlewares/ST/STM32_USB_Device_Library/Class/CDC/Src/usbd_cdc.c ****       break;
 869              		.loc 1 525 7 view .LVU263
 526:Middlewares/ST/STM32_USB_Device_Library/Class/CDC/Src/usbd_cdc.c ****   }
 870              		.loc 1 526 7 view .LVU264
ARM GAS  /tmp/ccaNfG33.s 			page 33


 525:Middlewares/ST/STM32_USB_Device_Library/Class/CDC/Src/usbd_cdc.c ****       break;
 871              		.loc 1 525 11 is_stmt 0 view .LVU265
 872 0104 0326     		movs	r6, #3
 873              	.LVL97:
 874              	.L43:
 530:Middlewares/ST/STM32_USB_Device_Library/Class/CDC/Src/usbd_cdc.c **** 
 875              		.loc 1 530 1 view .LVU266
 876 0106 3046     		mov	r0, r6
 877 0108 03B0     		add	sp, sp, #12
 878              		.cfi_remember_state
 879              		.cfi_def_cfa_offset 20
 880              		@ sp needed
 881 010a F0BD     		pop	{r4, r5, r6, r7, pc}
 882              	.LVL98:
 883              	.L56:
 884              		.cfi_restore_state
 446:Middlewares/ST/STM32_USB_Device_Library/Class/CDC/Src/usbd_cdc.c ****   }
 885              		.loc 1 446 12 view .LVU267
 886 010c 0326     		movs	r6, #3
 887 010e FAE7     		b	.L43
 888              		.cfi_endproc
 889              	.LFE956:
 891              		.section	.text.USBD_CDC_DeInit,"ax",%progbits
 892              		.align	1
 893              		.syntax unified
 894              		.thumb
 895              		.thumb_func
 897              	USBD_CDC_DeInit:
 898              	.LVL99:
 899              	.LFB955:
 392:Middlewares/ST/STM32_USB_Device_Library/Class/CDC/Src/usbd_cdc.c ****   UNUSED(cfgidx);
 900              		.loc 1 392 1 is_stmt 1 view -0
 901              		.cfi_startproc
 902              		@ args = 0, pretend = 0, frame = 0
 903              		@ frame_needed = 0, uses_anonymous_args = 0
 392:Middlewares/ST/STM32_USB_Device_Library/Class/CDC/Src/usbd_cdc.c ****   UNUSED(cfgidx);
 904              		.loc 1 392 1 is_stmt 0 view .LVU269
 905 0000 38B5     		push	{r3, r4, r5, lr}
 906              		.cfi_def_cfa_offset 16
 907              		.cfi_offset 3, -16
 908              		.cfi_offset 4, -12
 909              		.cfi_offset 5, -8
 910              		.cfi_offset 14, -4
 911 0002 0446     		mov	r4, r0
 393:Middlewares/ST/STM32_USB_Device_Library/Class/CDC/Src/usbd_cdc.c **** 
 912              		.loc 1 393 3 is_stmt 1 view .LVU270
 404:Middlewares/ST/STM32_USB_Device_Library/Class/CDC/Src/usbd_cdc.c ****   pdev->ep_in[CDCInEpAdd & 0xFU].is_used = 0U;
 913              		.loc 1 404 3 view .LVU271
 404:Middlewares/ST/STM32_USB_Device_Library/Class/CDC/Src/usbd_cdc.c ****   pdev->ep_in[CDCInEpAdd & 0xFU].is_used = 0U;
 914              		.loc 1 404 9 is_stmt 0 view .LVU272
 915 0004 8121     		movs	r1, #129
 916              	.LVL100:
 404:Middlewares/ST/STM32_USB_Device_Library/Class/CDC/Src/usbd_cdc.c ****   pdev->ep_in[CDCInEpAdd & 0xFU].is_used = 0U;
 917              		.loc 1 404 9 view .LVU273
 918 0006 FFF7FEFF 		bl	USBD_LL_CloseEP
 919              	.LVL101:
 405:Middlewares/ST/STM32_USB_Device_Library/Class/CDC/Src/usbd_cdc.c **** 
ARM GAS  /tmp/ccaNfG33.s 			page 34


 920              		.loc 1 405 3 is_stmt 1 view .LVU274
 405:Middlewares/ST/STM32_USB_Device_Library/Class/CDC/Src/usbd_cdc.c **** 
 921              		.loc 1 405 42 is_stmt 0 view .LVU275
 922 000a 0025     		movs	r5, #0
 923 000c 84F83750 		strb	r5, [r4, #55]
 408:Middlewares/ST/STM32_USB_Device_Library/Class/CDC/Src/usbd_cdc.c ****   pdev->ep_out[CDCOutEpAdd & 0xFU].is_used = 0U;
 924              		.loc 1 408 3 is_stmt 1 view .LVU276
 408:Middlewares/ST/STM32_USB_Device_Library/Class/CDC/Src/usbd_cdc.c ****   pdev->ep_out[CDCOutEpAdd & 0xFU].is_used = 0U;
 925              		.loc 1 408 9 is_stmt 0 view .LVU277
 926 0010 0121     		movs	r1, #1
 927 0012 2046     		mov	r0, r4
 928 0014 FFF7FEFF 		bl	USBD_LL_CloseEP
 929              	.LVL102:
 409:Middlewares/ST/STM32_USB_Device_Library/Class/CDC/Src/usbd_cdc.c **** 
 930              		.loc 1 409 3 is_stmt 1 view .LVU278
 409:Middlewares/ST/STM32_USB_Device_Library/Class/CDC/Src/usbd_cdc.c **** 
 931              		.loc 1 409 44 is_stmt 0 view .LVU279
 932 0018 84F87751 		strb	r5, [r4, #375]
 412:Middlewares/ST/STM32_USB_Device_Library/Class/CDC/Src/usbd_cdc.c ****   pdev->ep_in[CDCCmdEpAdd & 0xFU].is_used = 0U;
 933              		.loc 1 412 3 is_stmt 1 view .LVU280
 412:Middlewares/ST/STM32_USB_Device_Library/Class/CDC/Src/usbd_cdc.c ****   pdev->ep_in[CDCCmdEpAdd & 0xFU].is_used = 0U;
 934              		.loc 1 412 9 is_stmt 0 view .LVU281
 935 001c 8221     		movs	r1, #130
 936 001e 2046     		mov	r0, r4
 937 0020 FFF7FEFF 		bl	USBD_LL_CloseEP
 938              	.LVL103:
 413:Middlewares/ST/STM32_USB_Device_Library/Class/CDC/Src/usbd_cdc.c ****   pdev->ep_in[CDCCmdEpAdd & 0xFU].bInterval = 0U;
 939              		.loc 1 413 3 is_stmt 1 view .LVU282
 413:Middlewares/ST/STM32_USB_Device_Library/Class/CDC/Src/usbd_cdc.c ****   pdev->ep_in[CDCCmdEpAdd & 0xFU].bInterval = 0U;
 940              		.loc 1 413 43 is_stmt 0 view .LVU283
 941 0024 84F84B50 		strb	r5, [r4, #75]
 414:Middlewares/ST/STM32_USB_Device_Library/Class/CDC/Src/usbd_cdc.c **** 
 942              		.loc 1 414 3 is_stmt 1 view .LVU284
 414:Middlewares/ST/STM32_USB_Device_Library/Class/CDC/Src/usbd_cdc.c **** 
 943              		.loc 1 414 45 is_stmt 0 view .LVU285
 944 0028 6564     		str	r5, [r4, #68]
 417:Middlewares/ST/STM32_USB_Device_Library/Class/CDC/Src/usbd_cdc.c ****   {
 945              		.loc 1 417 3 is_stmt 1 view .LVU286
 417:Middlewares/ST/STM32_USB_Device_Library/Class/CDC/Src/usbd_cdc.c ****   {
 946              		.loc 1 417 33 is_stmt 0 view .LVU287
 947 002a D4F8D432 		ldr	r3, [r4, #724]
 417:Middlewares/ST/STM32_USB_Device_Library/Class/CDC/Src/usbd_cdc.c ****   {
 948              		.loc 1 417 28 view .LVU288
 949 002e 03F1B002 		add	r2, r3, #176
 950 0032 54F82220 		ldr	r2, [r4, r2, lsl #2]
 417:Middlewares/ST/STM32_USB_Device_Library/Class/CDC/Src/usbd_cdc.c ****   {
 951              		.loc 1 417 6 view .LVU289
 952 0036 9AB1     		cbz	r2, .L63
 419:Middlewares/ST/STM32_USB_Device_Library/Class/CDC/Src/usbd_cdc.c ****     (void)USBD_free(pdev->pClassDataCmsit[pdev->classId]);
 953              		.loc 1 419 5 is_stmt 1 view .LVU290
 419:Middlewares/ST/STM32_USB_Device_Library/Class/CDC/Src/usbd_cdc.c ****     (void)USBD_free(pdev->pClassDataCmsit[pdev->classId]);
 954              		.loc 1 419 44 is_stmt 0 view .LVU291
 955 0038 B033     		adds	r3, r3, #176
 956 003a 04EB8303 		add	r3, r4, r3, lsl #2
 957 003e 5B68     		ldr	r3, [r3, #4]
 419:Middlewares/ST/STM32_USB_Device_Library/Class/CDC/Src/usbd_cdc.c ****     (void)USBD_free(pdev->pClassDataCmsit[pdev->classId]);
 958              		.loc 1 419 60 view .LVU292
ARM GAS  /tmp/ccaNfG33.s 			page 35


 959 0040 5B68     		ldr	r3, [r3, #4]
 419:Middlewares/ST/STM32_USB_Device_Library/Class/CDC/Src/usbd_cdc.c ****     (void)USBD_free(pdev->pClassDataCmsit[pdev->classId]);
 960              		.loc 1 419 6 view .LVU293
 961 0042 9847     		blx	r3
 962              	.LVL104:
 420:Middlewares/ST/STM32_USB_Device_Library/Class/CDC/Src/usbd_cdc.c ****     pdev->pClassDataCmsit[pdev->classId] = NULL;
 963              		.loc 1 420 5 is_stmt 1 view .LVU294
 420:Middlewares/ST/STM32_USB_Device_Library/Class/CDC/Src/usbd_cdc.c ****     pdev->pClassDataCmsit[pdev->classId] = NULL;
 964              		.loc 1 420 47 is_stmt 0 view .LVU295
 965 0044 D4F8D432 		ldr	r3, [r4, #724]
 420:Middlewares/ST/STM32_USB_Device_Library/Class/CDC/Src/usbd_cdc.c ****     pdev->pClassDataCmsit[pdev->classId] = NULL;
 966              		.loc 1 420 5 view .LVU296
 967 0048 B033     		adds	r3, r3, #176
 968 004a 54F82300 		ldr	r0, [r4, r3, lsl #2]
 969 004e FFF7FEFF 		bl	USBD_static_free
 970              	.LVL105:
 421:Middlewares/ST/STM32_USB_Device_Library/Class/CDC/Src/usbd_cdc.c ****     pdev->pClassData = NULL;
 971              		.loc 1 421 5 is_stmt 1 view .LVU297
 421:Middlewares/ST/STM32_USB_Device_Library/Class/CDC/Src/usbd_cdc.c ****     pdev->pClassData = NULL;
 972              		.loc 1 421 31 is_stmt 0 view .LVU298
 973 0052 D4F8D432 		ldr	r3, [r4, #724]
 421:Middlewares/ST/STM32_USB_Device_Library/Class/CDC/Src/usbd_cdc.c ****     pdev->pClassData = NULL;
 974              		.loc 1 421 42 view .LVU299
 975 0056 B033     		adds	r3, r3, #176
 976 0058 44F82350 		str	r5, [r4, r3, lsl #2]
 422:Middlewares/ST/STM32_USB_Device_Library/Class/CDC/Src/usbd_cdc.c ****   }
 977              		.loc 1 422 5 is_stmt 1 view .LVU300
 422:Middlewares/ST/STM32_USB_Device_Library/Class/CDC/Src/usbd_cdc.c ****   }
 978              		.loc 1 422 22 is_stmt 0 view .LVU301
 979 005c C4F8BC52 		str	r5, [r4, #700]
 980              	.L63:
 425:Middlewares/ST/STM32_USB_Device_Library/Class/CDC/Src/usbd_cdc.c **** }
 981              		.loc 1 425 3 is_stmt 1 view .LVU302
 426:Middlewares/ST/STM32_USB_Device_Library/Class/CDC/Src/usbd_cdc.c **** 
 982              		.loc 1 426 1 is_stmt 0 view .LVU303
 983 0060 0020     		movs	r0, #0
 984 0062 38BD     		pop	{r3, r4, r5, pc}
 426:Middlewares/ST/STM32_USB_Device_Library/Class/CDC/Src/usbd_cdc.c **** 
 985              		.loc 1 426 1 view .LVU304
 986              		.cfi_endproc
 987              	.LFE955:
 989              		.section	.text.USBD_CDC_Init,"ax",%progbits
 990              		.align	1
 991              		.syntax unified
 992              		.thumb
 993              		.thumb_func
 995              	USBD_CDC_Init:
 996              	.LVL106:
 997              	.LFB954:
 291:Middlewares/ST/STM32_USB_Device_Library/Class/CDC/Src/usbd_cdc.c ****   UNUSED(cfgidx);
 998              		.loc 1 291 1 is_stmt 1 view -0
 999              		.cfi_startproc
 1000              		@ args = 0, pretend = 0, frame = 0
 1001              		@ frame_needed = 0, uses_anonymous_args = 0
 291:Middlewares/ST/STM32_USB_Device_Library/Class/CDC/Src/usbd_cdc.c ****   UNUSED(cfgidx);
 1002              		.loc 1 291 1 is_stmt 0 view .LVU306
 1003 0000 70B5     		push	{r4, r5, r6, lr}
ARM GAS  /tmp/ccaNfG33.s 			page 36


 1004              		.cfi_def_cfa_offset 16
 1005              		.cfi_offset 4, -16
 1006              		.cfi_offset 5, -12
 1007              		.cfi_offset 6, -8
 1008              		.cfi_offset 14, -4
 1009 0002 0446     		mov	r4, r0
 292:Middlewares/ST/STM32_USB_Device_Library/Class/CDC/Src/usbd_cdc.c ****   USBD_CDC_HandleTypeDef *hcdc;
 1010              		.loc 1 292 3 is_stmt 1 view .LVU307
 293:Middlewares/ST/STM32_USB_Device_Library/Class/CDC/Src/usbd_cdc.c **** 
 1011              		.loc 1 293 3 view .LVU308
 295:Middlewares/ST/STM32_USB_Device_Library/Class/CDC/Src/usbd_cdc.c **** 
 1012              		.loc 1 295 3 view .LVU309
 295:Middlewares/ST/STM32_USB_Device_Library/Class/CDC/Src/usbd_cdc.c **** 
 1013              		.loc 1 295 36 is_stmt 0 view .LVU310
 1014 0004 4FF40770 		mov	r0, #540
 1015              	.LVL107:
 295:Middlewares/ST/STM32_USB_Device_Library/Class/CDC/Src/usbd_cdc.c **** 
 1016              		.loc 1 295 36 view .LVU311
 1017 0008 FFF7FEFF 		bl	USBD_static_malloc
 1018              	.LVL108:
 297:Middlewares/ST/STM32_USB_Device_Library/Class/CDC/Src/usbd_cdc.c ****   {
 1019              		.loc 1 297 3 is_stmt 1 view .LVU312
 297:Middlewares/ST/STM32_USB_Device_Library/Class/CDC/Src/usbd_cdc.c ****   {
 1020              		.loc 1 297 6 is_stmt 0 view .LVU313
 1021 000c 0028     		cmp	r0, #0
 1022 000e 49D0     		beq	.L73
 1023 0010 0546     		mov	r5, r0
 303:Middlewares/ST/STM32_USB_Device_Library/Class/CDC/Src/usbd_cdc.c **** 
 1024              		.loc 1 303 3 is_stmt 1 view .LVU314
 303:Middlewares/ST/STM32_USB_Device_Library/Class/CDC/Src/usbd_cdc.c **** 
 1025              		.loc 1 303 9 is_stmt 0 view .LVU315
 1026 0012 4FF40772 		mov	r2, #540
 1027 0016 0021     		movs	r1, #0
 1028 0018 FFF7FEFF 		bl	memset
 1029              	.LVL109:
 305:Middlewares/ST/STM32_USB_Device_Library/Class/CDC/Src/usbd_cdc.c ****   pdev->pClassData = pdev->pClassDataCmsit[pdev->classId];
 1030              		.loc 1 305 3 is_stmt 1 view .LVU316
 305:Middlewares/ST/STM32_USB_Device_Library/Class/CDC/Src/usbd_cdc.c ****   pdev->pClassData = pdev->pClassDataCmsit[pdev->classId];
 1031              		.loc 1 305 29 is_stmt 0 view .LVU317
 1032 001c D4F8D432 		ldr	r3, [r4, #724]
 305:Middlewares/ST/STM32_USB_Device_Library/Class/CDC/Src/usbd_cdc.c ****   pdev->pClassData = pdev->pClassDataCmsit[pdev->classId];
 1033              		.loc 1 305 40 view .LVU318
 1034 0020 B033     		adds	r3, r3, #176
 1035 0022 44F82350 		str	r5, [r4, r3, lsl #2]
 306:Middlewares/ST/STM32_USB_Device_Library/Class/CDC/Src/usbd_cdc.c **** 
 1036              		.loc 1 306 3 is_stmt 1 view .LVU319
 306:Middlewares/ST/STM32_USB_Device_Library/Class/CDC/Src/usbd_cdc.c **** 
 1037              		.loc 1 306 20 is_stmt 0 view .LVU320
 1038 0026 C4F8BC52 		str	r5, [r4, #700]
 315:Middlewares/ST/STM32_USB_Device_Library/Class/CDC/Src/usbd_cdc.c ****   {
 1039              		.loc 1 315 3 is_stmt 1 view .LVU321
 315:Middlewares/ST/STM32_USB_Device_Library/Class/CDC/Src/usbd_cdc.c ****   {
 1040              		.loc 1 315 11 is_stmt 0 view .LVU322
 1041 002a 237C     		ldrb	r3, [r4, #16]	@ zero_extendqisi2
 315:Middlewares/ST/STM32_USB_Device_Library/Class/CDC/Src/usbd_cdc.c ****   {
 1042              		.loc 1 315 6 view .LVU323
 1043 002c 002B     		cmp	r3, #0
ARM GAS  /tmp/ccaNfG33.s 			page 37


 1044 002e 40D1     		bne	.L68
 318:Middlewares/ST/STM32_USB_Device_Library/Class/CDC/Src/usbd_cdc.c ****                          CDC_DATA_HS_IN_PACKET_SIZE);
 1045              		.loc 1 318 5 is_stmt 1 view .LVU324
 318:Middlewares/ST/STM32_USB_Device_Library/Class/CDC/Src/usbd_cdc.c ****                          CDC_DATA_HS_IN_PACKET_SIZE);
 1046              		.loc 1 318 11 is_stmt 0 view .LVU325
 1047 0030 4FF40073 		mov	r3, #512
 1048 0034 0222     		movs	r2, #2
 1049 0036 8121     		movs	r1, #129
 1050 0038 2046     		mov	r0, r4
 1051 003a FFF7FEFF 		bl	USBD_LL_OpenEP
 1052              	.LVL110:
 321:Middlewares/ST/STM32_USB_Device_Library/Class/CDC/Src/usbd_cdc.c **** 
 1053              		.loc 1 321 5 is_stmt 1 view .LVU326
 321:Middlewares/ST/STM32_USB_Device_Library/Class/CDC/Src/usbd_cdc.c **** 
 1054              		.loc 1 321 44 is_stmt 0 view .LVU327
 1055 003e 0126     		movs	r6, #1
 1056 0040 84F83760 		strb	r6, [r4, #55]
 324:Middlewares/ST/STM32_USB_Device_Library/Class/CDC/Src/usbd_cdc.c ****                          CDC_DATA_HS_OUT_PACKET_SIZE);
 1057              		.loc 1 324 5 is_stmt 1 view .LVU328
 324:Middlewares/ST/STM32_USB_Device_Library/Class/CDC/Src/usbd_cdc.c ****                          CDC_DATA_HS_OUT_PACKET_SIZE);
 1058              		.loc 1 324 11 is_stmt 0 view .LVU329
 1059 0044 4FF40073 		mov	r3, #512
 1060 0048 0222     		movs	r2, #2
 1061 004a 3146     		mov	r1, r6
 1062 004c 2046     		mov	r0, r4
 1063 004e FFF7FEFF 		bl	USBD_LL_OpenEP
 1064              	.LVL111:
 327:Middlewares/ST/STM32_USB_Device_Library/Class/CDC/Src/usbd_cdc.c **** 
 1065              		.loc 1 327 5 is_stmt 1 view .LVU330
 327:Middlewares/ST/STM32_USB_Device_Library/Class/CDC/Src/usbd_cdc.c **** 
 1066              		.loc 1 327 46 is_stmt 0 view .LVU331
 1067 0052 84F87761 		strb	r6, [r4, #375]
 330:Middlewares/ST/STM32_USB_Device_Library/Class/CDC/Src/usbd_cdc.c ****   }
 1068              		.loc 1 330 5 is_stmt 1 view .LVU332
 330:Middlewares/ST/STM32_USB_Device_Library/Class/CDC/Src/usbd_cdc.c ****   }
 1069              		.loc 1 330 47 is_stmt 0 view .LVU333
 1070 0056 1023     		movs	r3, #16
 1071 0058 6364     		str	r3, [r4, #68]
 1072              	.L69:
 351:Middlewares/ST/STM32_USB_Device_Library/Class/CDC/Src/usbd_cdc.c ****   pdev->ep_in[CDCCmdEpAdd & 0xFU].is_used = 1U;
 1073              		.loc 1 351 3 is_stmt 1 view .LVU334
 351:Middlewares/ST/STM32_USB_Device_Library/Class/CDC/Src/usbd_cdc.c ****   pdev->ep_in[CDCCmdEpAdd & 0xFU].is_used = 1U;
 1074              		.loc 1 351 9 is_stmt 0 view .LVU335
 1075 005a 0823     		movs	r3, #8
 1076 005c 0322     		movs	r2, #3
 1077 005e 8221     		movs	r1, #130
 1078 0060 2046     		mov	r0, r4
 1079 0062 FFF7FEFF 		bl	USBD_LL_OpenEP
 1080              	.LVL112:
 352:Middlewares/ST/STM32_USB_Device_Library/Class/CDC/Src/usbd_cdc.c **** 
 1081              		.loc 1 352 3 is_stmt 1 view .LVU336
 352:Middlewares/ST/STM32_USB_Device_Library/Class/CDC/Src/usbd_cdc.c **** 
 1082              		.loc 1 352 43 is_stmt 0 view .LVU337
 1083 0066 0123     		movs	r3, #1
 1084 0068 84F84B30 		strb	r3, [r4, #75]
 354:Middlewares/ST/STM32_USB_Device_Library/Class/CDC/Src/usbd_cdc.c **** 
 1085              		.loc 1 354 3 is_stmt 1 view .LVU338
ARM GAS  /tmp/ccaNfG33.s 			page 38


 354:Middlewares/ST/STM32_USB_Device_Library/Class/CDC/Src/usbd_cdc.c **** 
 1086              		.loc 1 354 18 is_stmt 0 view .LVU339
 1087 006c 0026     		movs	r6, #0
 1088 006e C5F80462 		str	r6, [r5, #516]
 357:Middlewares/ST/STM32_USB_Device_Library/Class/CDC/Src/usbd_cdc.c **** 
 1089              		.loc 1 357 3 is_stmt 1 view .LVU340
 357:Middlewares/ST/STM32_USB_Device_Library/Class/CDC/Src/usbd_cdc.c **** 
 1090              		.loc 1 357 47 is_stmt 0 view .LVU341
 1091 0072 D4F8D432 		ldr	r3, [r4, #724]
 357:Middlewares/ST/STM32_USB_Device_Library/Class/CDC/Src/usbd_cdc.c **** 
 1092              		.loc 1 357 42 view .LVU342
 1093 0076 B033     		adds	r3, r3, #176
 1094 0078 04EB8303 		add	r3, r4, r3, lsl #2
 1095 007c 5B68     		ldr	r3, [r3, #4]
 357:Middlewares/ST/STM32_USB_Device_Library/Class/CDC/Src/usbd_cdc.c **** 
 1096              		.loc 1 357 58 view .LVU343
 1097 007e 1B68     		ldr	r3, [r3]
 357:Middlewares/ST/STM32_USB_Device_Library/Class/CDC/Src/usbd_cdc.c **** 
 1098              		.loc 1 357 4 view .LVU344
 1099 0080 9847     		blx	r3
 1100              	.LVL113:
 360:Middlewares/ST/STM32_USB_Device_Library/Class/CDC/Src/usbd_cdc.c ****   hcdc->RxState = 0U;
 1101              		.loc 1 360 3 is_stmt 1 view .LVU345
 360:Middlewares/ST/STM32_USB_Device_Library/Class/CDC/Src/usbd_cdc.c ****   hcdc->RxState = 0U;
 1102              		.loc 1 360 17 is_stmt 0 view .LVU346
 1103 0082 C5F81462 		str	r6, [r5, #532]
 361:Middlewares/ST/STM32_USB_Device_Library/Class/CDC/Src/usbd_cdc.c **** 
 1104              		.loc 1 361 3 is_stmt 1 view .LVU347
 361:Middlewares/ST/STM32_USB_Device_Library/Class/CDC/Src/usbd_cdc.c **** 
 1105              		.loc 1 361 17 is_stmt 0 view .LVU348
 1106 0086 C5F81862 		str	r6, [r5, #536]
 363:Middlewares/ST/STM32_USB_Device_Library/Class/CDC/Src/usbd_cdc.c ****   {
 1107              		.loc 1 363 3 is_stmt 1 view .LVU349
 363:Middlewares/ST/STM32_USB_Device_Library/Class/CDC/Src/usbd_cdc.c ****   {
 1108              		.loc 1 363 11 is_stmt 0 view .LVU350
 1109 008a D5F80422 		ldr	r2, [r5, #516]
 363:Middlewares/ST/STM32_USB_Device_Library/Class/CDC/Src/usbd_cdc.c ****   {
 1110              		.loc 1 363 6 view .LVU351
 1111 008e 5AB3     		cbz	r2, .L71
 368:Middlewares/ST/STM32_USB_Device_Library/Class/CDC/Src/usbd_cdc.c ****   {
 1112              		.loc 1 368 3 is_stmt 1 view .LVU352
 368:Middlewares/ST/STM32_USB_Device_Library/Class/CDC/Src/usbd_cdc.c ****   {
 1113              		.loc 1 368 11 is_stmt 0 view .LVU353
 1114 0090 257C     		ldrb	r5, [r4, #16]	@ zero_extendqisi2
 1115              	.LVL114:
 368:Middlewares/ST/STM32_USB_Device_Library/Class/CDC/Src/usbd_cdc.c ****   {
 1116              		.loc 1 368 6 view .LVU354
 1117 0092 15BB     		cbnz	r5, .L70
 371:Middlewares/ST/STM32_USB_Device_Library/Class/CDC/Src/usbd_cdc.c ****                                  CDC_DATA_HS_OUT_PACKET_SIZE);
 1118              		.loc 1 371 5 is_stmt 1 view .LVU355
 371:Middlewares/ST/STM32_USB_Device_Library/Class/CDC/Src/usbd_cdc.c ****                                  CDC_DATA_HS_OUT_PACKET_SIZE);
 1119              		.loc 1 371 11 is_stmt 0 view .LVU356
 1120 0094 4FF40073 		mov	r3, #512
 1121 0098 0121     		movs	r1, #1
 1122 009a 2046     		mov	r0, r4
 1123 009c FFF7FEFF 		bl	USBD_LL_PrepareReceive
 1124              	.LVL115:
ARM GAS  /tmp/ccaNfG33.s 			page 39


 1125              	.L67:
 382:Middlewares/ST/STM32_USB_Device_Library/Class/CDC/Src/usbd_cdc.c **** 
 1126              		.loc 1 382 1 view .LVU357
 1127 00a0 2846     		mov	r0, r5
 1128 00a2 70BD     		pop	{r4, r5, r6, pc}
 1129              	.LVL116:
 1130              	.L73:
 299:Middlewares/ST/STM32_USB_Device_Library/Class/CDC/Src/usbd_cdc.c ****     return (uint8_t)USBD_EMEM;
 1131              		.loc 1 299 5 is_stmt 1 view .LVU358
 299:Middlewares/ST/STM32_USB_Device_Library/Class/CDC/Src/usbd_cdc.c ****     return (uint8_t)USBD_EMEM;
 1132              		.loc 1 299 31 is_stmt 0 view .LVU359
 1133 00a4 D4F8D432 		ldr	r3, [r4, #724]
 299:Middlewares/ST/STM32_USB_Device_Library/Class/CDC/Src/usbd_cdc.c ****     return (uint8_t)USBD_EMEM;
 1134              		.loc 1 299 42 view .LVU360
 1135 00a8 B033     		adds	r3, r3, #176
 1136 00aa 44F82300 		str	r0, [r4, r3, lsl #2]
 300:Middlewares/ST/STM32_USB_Device_Library/Class/CDC/Src/usbd_cdc.c ****   }
 1137              		.loc 1 300 5 is_stmt 1 view .LVU361
 300:Middlewares/ST/STM32_USB_Device_Library/Class/CDC/Src/usbd_cdc.c ****   }
 1138              		.loc 1 300 12 is_stmt 0 view .LVU362
 1139 00ae 0225     		movs	r5, #2
 1140 00b0 F6E7     		b	.L67
 1141              	.LVL117:
 1142              	.L68:
 335:Middlewares/ST/STM32_USB_Device_Library/Class/CDC/Src/usbd_cdc.c ****                          CDC_DATA_FS_IN_PACKET_SIZE);
 1143              		.loc 1 335 5 is_stmt 1 view .LVU363
 335:Middlewares/ST/STM32_USB_Device_Library/Class/CDC/Src/usbd_cdc.c ****                          CDC_DATA_FS_IN_PACKET_SIZE);
 1144              		.loc 1 335 11 is_stmt 0 view .LVU364
 1145 00b2 4023     		movs	r3, #64
 1146 00b4 0222     		movs	r2, #2
 1147 00b6 8121     		movs	r1, #129
 1148 00b8 2046     		mov	r0, r4
 1149 00ba FFF7FEFF 		bl	USBD_LL_OpenEP
 1150              	.LVL118:
 338:Middlewares/ST/STM32_USB_Device_Library/Class/CDC/Src/usbd_cdc.c **** 
 1151              		.loc 1 338 5 is_stmt 1 view .LVU365
 338:Middlewares/ST/STM32_USB_Device_Library/Class/CDC/Src/usbd_cdc.c **** 
 1152              		.loc 1 338 44 is_stmt 0 view .LVU366
 1153 00be 0126     		movs	r6, #1
 1154 00c0 84F83760 		strb	r6, [r4, #55]
 341:Middlewares/ST/STM32_USB_Device_Library/Class/CDC/Src/usbd_cdc.c ****                          CDC_DATA_FS_OUT_PACKET_SIZE);
 1155              		.loc 1 341 5 is_stmt 1 view .LVU367
 341:Middlewares/ST/STM32_USB_Device_Library/Class/CDC/Src/usbd_cdc.c ****                          CDC_DATA_FS_OUT_PACKET_SIZE);
 1156              		.loc 1 341 11 is_stmt 0 view .LVU368
 1157 00c4 4023     		movs	r3, #64
 1158 00c6 0222     		movs	r2, #2
 1159 00c8 3146     		mov	r1, r6
 1160 00ca 2046     		mov	r0, r4
 1161 00cc FFF7FEFF 		bl	USBD_LL_OpenEP
 1162              	.LVL119:
 344:Middlewares/ST/STM32_USB_Device_Library/Class/CDC/Src/usbd_cdc.c **** 
 1163              		.loc 1 344 5 is_stmt 1 view .LVU369
 344:Middlewares/ST/STM32_USB_Device_Library/Class/CDC/Src/usbd_cdc.c **** 
 1164              		.loc 1 344 46 is_stmt 0 view .LVU370
 1165 00d0 84F87761 		strb	r6, [r4, #375]
 347:Middlewares/ST/STM32_USB_Device_Library/Class/CDC/Src/usbd_cdc.c ****   }
 1166              		.loc 1 347 5 is_stmt 1 view .LVU371
ARM GAS  /tmp/ccaNfG33.s 			page 40


 347:Middlewares/ST/STM32_USB_Device_Library/Class/CDC/Src/usbd_cdc.c ****   }
 1167              		.loc 1 347 47 is_stmt 0 view .LVU372
 1168 00d4 1023     		movs	r3, #16
 1169 00d6 6364     		str	r3, [r4, #68]
 1170 00d8 BFE7     		b	.L69
 1171              	.LVL120:
 1172              	.L70:
 377:Middlewares/ST/STM32_USB_Device_Library/Class/CDC/Src/usbd_cdc.c ****                                  CDC_DATA_FS_OUT_PACKET_SIZE);
 1173              		.loc 1 377 5 is_stmt 1 view .LVU373
 377:Middlewares/ST/STM32_USB_Device_Library/Class/CDC/Src/usbd_cdc.c ****                                  CDC_DATA_FS_OUT_PACKET_SIZE);
 1174              		.loc 1 377 11 is_stmt 0 view .LVU374
 1175 00da 4023     		movs	r3, #64
 1176 00dc 0121     		movs	r1, #1
 1177 00de 2046     		mov	r0, r4
 1178 00e0 FFF7FEFF 		bl	USBD_LL_PrepareReceive
 1179              	.LVL121:
 381:Middlewares/ST/STM32_USB_Device_Library/Class/CDC/Src/usbd_cdc.c **** }
 1180              		.loc 1 381 10 view .LVU375
 1181 00e4 0025     		movs	r5, #0
 1182 00e6 DBE7     		b	.L67
 1183              	.LVL122:
 1184              	.L71:
 365:Middlewares/ST/STM32_USB_Device_Library/Class/CDC/Src/usbd_cdc.c ****   }
 1185              		.loc 1 365 12 view .LVU376
 1186 00e8 0225     		movs	r5, #2
 1187              	.LVL123:
 365:Middlewares/ST/STM32_USB_Device_Library/Class/CDC/Src/usbd_cdc.c ****   }
 1188              		.loc 1 365 12 view .LVU377
 1189 00ea D9E7     		b	.L67
 1190              		.cfi_endproc
 1191              	.LFE954:
 1193              		.section	.text.USBD_CDC_RegisterInterface,"ax",%progbits
 1194              		.align	1
 1195              		.global	USBD_CDC_RegisterInterface
 1196              		.syntax unified
 1197              		.thumb
 1198              		.thumb_func
 1200              	USBD_CDC_RegisterInterface:
 1201              	.LVL124:
 1202              	.LFB964:
 731:Middlewares/ST/STM32_USB_Device_Library/Class/CDC/Src/usbd_cdc.c **** #endif /* USE_USBD_COMPOSITE  */
 732:Middlewares/ST/STM32_USB_Device_Library/Class/CDC/Src/usbd_cdc.c **** /**
 733:Middlewares/ST/STM32_USB_Device_Library/Class/CDC/Src/usbd_cdc.c ****   * @brief  USBD_CDC_RegisterInterface
 734:Middlewares/ST/STM32_USB_Device_Library/Class/CDC/Src/usbd_cdc.c ****   * @param  pdev: device instance
 735:Middlewares/ST/STM32_USB_Device_Library/Class/CDC/Src/usbd_cdc.c ****   * @param  fops: CD  Interface callback
 736:Middlewares/ST/STM32_USB_Device_Library/Class/CDC/Src/usbd_cdc.c ****   * @retval status
 737:Middlewares/ST/STM32_USB_Device_Library/Class/CDC/Src/usbd_cdc.c ****   */
 738:Middlewares/ST/STM32_USB_Device_Library/Class/CDC/Src/usbd_cdc.c **** uint8_t USBD_CDC_RegisterInterface(USBD_HandleTypeDef *pdev,
 739:Middlewares/ST/STM32_USB_Device_Library/Class/CDC/Src/usbd_cdc.c ****                                    USBD_CDC_ItfTypeDef *fops)
 740:Middlewares/ST/STM32_USB_Device_Library/Class/CDC/Src/usbd_cdc.c **** {
 1203              		.loc 1 740 1 is_stmt 1 view -0
 1204              		.cfi_startproc
 1205              		@ args = 0, pretend = 0, frame = 0
 1206              		@ frame_needed = 0, uses_anonymous_args = 0
 1207              		@ link register save eliminated.
 741:Middlewares/ST/STM32_USB_Device_Library/Class/CDC/Src/usbd_cdc.c ****   if (fops == NULL)
 1208              		.loc 1 741 3 view .LVU379
ARM GAS  /tmp/ccaNfG33.s 			page 41


 1209              		.loc 1 741 6 is_stmt 0 view .LVU380
 1210 0000 39B1     		cbz	r1, .L76
 742:Middlewares/ST/STM32_USB_Device_Library/Class/CDC/Src/usbd_cdc.c ****   {
 743:Middlewares/ST/STM32_USB_Device_Library/Class/CDC/Src/usbd_cdc.c ****     return (uint8_t)USBD_FAIL;
 744:Middlewares/ST/STM32_USB_Device_Library/Class/CDC/Src/usbd_cdc.c ****   }
 745:Middlewares/ST/STM32_USB_Device_Library/Class/CDC/Src/usbd_cdc.c **** 
 746:Middlewares/ST/STM32_USB_Device_Library/Class/CDC/Src/usbd_cdc.c ****   pdev->pUserData[pdev->classId] = fops;
 1211              		.loc 1 746 3 is_stmt 1 view .LVU381
 1212              		.loc 1 746 23 is_stmt 0 view .LVU382
 1213 0002 D0F8D432 		ldr	r3, [r0, #724]
 1214              		.loc 1 746 34 view .LVU383
 1215 0006 B033     		adds	r3, r3, #176
 1216 0008 00EB8300 		add	r0, r0, r3, lsl #2
 1217              	.LVL125:
 1218              		.loc 1 746 34 view .LVU384
 1219 000c 4160     		str	r1, [r0, #4]
 747:Middlewares/ST/STM32_USB_Device_Library/Class/CDC/Src/usbd_cdc.c **** 
 748:Middlewares/ST/STM32_USB_Device_Library/Class/CDC/Src/usbd_cdc.c ****   return (uint8_t)USBD_OK;
 1220              		.loc 1 748 3 is_stmt 1 view .LVU385
 1221              		.loc 1 748 10 is_stmt 0 view .LVU386
 1222 000e 0020     		movs	r0, #0
 1223 0010 7047     		bx	lr
 1224              	.LVL126:
 1225              	.L76:
 743:Middlewares/ST/STM32_USB_Device_Library/Class/CDC/Src/usbd_cdc.c ****   }
 1226              		.loc 1 743 12 view .LVU387
 1227 0012 0320     		movs	r0, #3
 1228              	.LVL127:
 749:Middlewares/ST/STM32_USB_Device_Library/Class/CDC/Src/usbd_cdc.c **** }
 1229              		.loc 1 749 1 view .LVU388
 1230 0014 7047     		bx	lr
 1231              		.cfi_endproc
 1232              	.LFE964:
 1234              		.section	.text.USBD_CDC_SetTxBuffer,"ax",%progbits
 1235              		.align	1
 1236              		.global	USBD_CDC_SetTxBuffer
 1237              		.syntax unified
 1238              		.thumb
 1239              		.thumb_func
 1241              	USBD_CDC_SetTxBuffer:
 1242              	.LVL128:
 1243              	.LFB965:
 750:Middlewares/ST/STM32_USB_Device_Library/Class/CDC/Src/usbd_cdc.c **** 
 751:Middlewares/ST/STM32_USB_Device_Library/Class/CDC/Src/usbd_cdc.c **** 
 752:Middlewares/ST/STM32_USB_Device_Library/Class/CDC/Src/usbd_cdc.c **** /**
 753:Middlewares/ST/STM32_USB_Device_Library/Class/CDC/Src/usbd_cdc.c ****   * @brief  USBD_CDC_SetTxBuffer
 754:Middlewares/ST/STM32_USB_Device_Library/Class/CDC/Src/usbd_cdc.c ****   * @param  pdev: device instance
 755:Middlewares/ST/STM32_USB_Device_Library/Class/CDC/Src/usbd_cdc.c ****   * @param  pbuff: Tx Buffer
 756:Middlewares/ST/STM32_USB_Device_Library/Class/CDC/Src/usbd_cdc.c ****   * @param  length: length of data to be sent
 757:Middlewares/ST/STM32_USB_Device_Library/Class/CDC/Src/usbd_cdc.c ****   * @param  ClassId: The Class ID
 758:Middlewares/ST/STM32_USB_Device_Library/Class/CDC/Src/usbd_cdc.c ****   * @retval status
 759:Middlewares/ST/STM32_USB_Device_Library/Class/CDC/Src/usbd_cdc.c ****   */
 760:Middlewares/ST/STM32_USB_Device_Library/Class/CDC/Src/usbd_cdc.c **** #ifdef USE_USBD_COMPOSITE
 761:Middlewares/ST/STM32_USB_Device_Library/Class/CDC/Src/usbd_cdc.c **** uint8_t USBD_CDC_SetTxBuffer(USBD_HandleTypeDef *pdev,
 762:Middlewares/ST/STM32_USB_Device_Library/Class/CDC/Src/usbd_cdc.c ****                              uint8_t *pbuff, uint32_t length, uint8_t ClassId)
 763:Middlewares/ST/STM32_USB_Device_Library/Class/CDC/Src/usbd_cdc.c **** {
 764:Middlewares/ST/STM32_USB_Device_Library/Class/CDC/Src/usbd_cdc.c ****   USBD_CDC_HandleTypeDef *hcdc = (USBD_CDC_HandleTypeDef *)pdev->pClassDataCmsit[ClassId];
ARM GAS  /tmp/ccaNfG33.s 			page 42


 765:Middlewares/ST/STM32_USB_Device_Library/Class/CDC/Src/usbd_cdc.c **** #else
 766:Middlewares/ST/STM32_USB_Device_Library/Class/CDC/Src/usbd_cdc.c **** uint8_t USBD_CDC_SetTxBuffer(USBD_HandleTypeDef *pdev,
 767:Middlewares/ST/STM32_USB_Device_Library/Class/CDC/Src/usbd_cdc.c ****                              uint8_t *pbuff, uint32_t length)
 768:Middlewares/ST/STM32_USB_Device_Library/Class/CDC/Src/usbd_cdc.c **** {
 1244              		.loc 1 768 1 is_stmt 1 view -0
 1245              		.cfi_startproc
 1246              		@ args = 0, pretend = 0, frame = 0
 1247              		@ frame_needed = 0, uses_anonymous_args = 0
 1248              		@ link register save eliminated.
 769:Middlewares/ST/STM32_USB_Device_Library/Class/CDC/Src/usbd_cdc.c ****   USBD_CDC_HandleTypeDef *hcdc = (USBD_CDC_HandleTypeDef *)pdev->pClassDataCmsit[pdev->classId];
 1249              		.loc 1 769 3 view .LVU390
 1250              		.loc 1 769 86 is_stmt 0 view .LVU391
 1251 0000 D0F8D432 		ldr	r3, [r0, #724]
 1252              		.loc 1 769 27 view .LVU392
 1253 0004 B033     		adds	r3, r3, #176
 1254 0006 50F82330 		ldr	r3, [r0, r3, lsl #2]
 1255              	.LVL129:
 770:Middlewares/ST/STM32_USB_Device_Library/Class/CDC/Src/usbd_cdc.c **** #endif /* USE_USBD_COMPOSITE */
 771:Middlewares/ST/STM32_USB_Device_Library/Class/CDC/Src/usbd_cdc.c **** 
 772:Middlewares/ST/STM32_USB_Device_Library/Class/CDC/Src/usbd_cdc.c ****   if (hcdc == NULL)
 1256              		.loc 1 772 3 is_stmt 1 view .LVU393
 1257              		.loc 1 772 6 is_stmt 0 view .LVU394
 1258 000a 2BB1     		cbz	r3, .L79
 773:Middlewares/ST/STM32_USB_Device_Library/Class/CDC/Src/usbd_cdc.c ****   {
 774:Middlewares/ST/STM32_USB_Device_Library/Class/CDC/Src/usbd_cdc.c ****     return (uint8_t)USBD_FAIL;
 775:Middlewares/ST/STM32_USB_Device_Library/Class/CDC/Src/usbd_cdc.c ****   }
 776:Middlewares/ST/STM32_USB_Device_Library/Class/CDC/Src/usbd_cdc.c **** 
 777:Middlewares/ST/STM32_USB_Device_Library/Class/CDC/Src/usbd_cdc.c ****   hcdc->TxBuffer = pbuff;
 1259              		.loc 1 777 3 is_stmt 1 view .LVU395
 1260              		.loc 1 777 18 is_stmt 0 view .LVU396
 1261 000c C3F80812 		str	r1, [r3, #520]
 778:Middlewares/ST/STM32_USB_Device_Library/Class/CDC/Src/usbd_cdc.c ****   hcdc->TxLength = length;
 1262              		.loc 1 778 3 is_stmt 1 view .LVU397
 1263              		.loc 1 778 18 is_stmt 0 view .LVU398
 1264 0010 C3F81022 		str	r2, [r3, #528]
 779:Middlewares/ST/STM32_USB_Device_Library/Class/CDC/Src/usbd_cdc.c **** 
 780:Middlewares/ST/STM32_USB_Device_Library/Class/CDC/Src/usbd_cdc.c ****   return (uint8_t)USBD_OK;
 1265              		.loc 1 780 3 is_stmt 1 view .LVU399
 1266              		.loc 1 780 10 is_stmt 0 view .LVU400
 1267 0014 0020     		movs	r0, #0
 1268              	.LVL130:
 1269              		.loc 1 780 10 view .LVU401
 1270 0016 7047     		bx	lr
 1271              	.LVL131:
 1272              	.L79:
 774:Middlewares/ST/STM32_USB_Device_Library/Class/CDC/Src/usbd_cdc.c ****   }
 1273              		.loc 1 774 12 view .LVU402
 1274 0018 0320     		movs	r0, #3
 1275              	.LVL132:
 781:Middlewares/ST/STM32_USB_Device_Library/Class/CDC/Src/usbd_cdc.c **** }
 1276              		.loc 1 781 1 view .LVU403
 1277 001a 7047     		bx	lr
 1278              		.cfi_endproc
 1279              	.LFE965:
 1281              		.section	.text.USBD_CDC_SetRxBuffer,"ax",%progbits
 1282              		.align	1
 1283              		.global	USBD_CDC_SetRxBuffer
ARM GAS  /tmp/ccaNfG33.s 			page 43


 1284              		.syntax unified
 1285              		.thumb
 1286              		.thumb_func
 1288              	USBD_CDC_SetRxBuffer:
 1289              	.LVL133:
 1290              	.LFB966:
 782:Middlewares/ST/STM32_USB_Device_Library/Class/CDC/Src/usbd_cdc.c **** 
 783:Middlewares/ST/STM32_USB_Device_Library/Class/CDC/Src/usbd_cdc.c **** /**
 784:Middlewares/ST/STM32_USB_Device_Library/Class/CDC/Src/usbd_cdc.c ****   * @brief  USBD_CDC_SetRxBuffer
 785:Middlewares/ST/STM32_USB_Device_Library/Class/CDC/Src/usbd_cdc.c ****   * @param  pdev: device instance
 786:Middlewares/ST/STM32_USB_Device_Library/Class/CDC/Src/usbd_cdc.c ****   * @param  pbuff: Rx Buffer
 787:Middlewares/ST/STM32_USB_Device_Library/Class/CDC/Src/usbd_cdc.c ****   * @retval status
 788:Middlewares/ST/STM32_USB_Device_Library/Class/CDC/Src/usbd_cdc.c ****   */
 789:Middlewares/ST/STM32_USB_Device_Library/Class/CDC/Src/usbd_cdc.c **** uint8_t USBD_CDC_SetRxBuffer(USBD_HandleTypeDef *pdev, uint8_t *pbuff)
 790:Middlewares/ST/STM32_USB_Device_Library/Class/CDC/Src/usbd_cdc.c **** {
 1291              		.loc 1 790 1 is_stmt 1 view -0
 1292              		.cfi_startproc
 1293              		@ args = 0, pretend = 0, frame = 0
 1294              		@ frame_needed = 0, uses_anonymous_args = 0
 1295              		@ link register save eliminated.
 791:Middlewares/ST/STM32_USB_Device_Library/Class/CDC/Src/usbd_cdc.c ****   USBD_CDC_HandleTypeDef *hcdc = (USBD_CDC_HandleTypeDef *)pdev->pClassDataCmsit[pdev->classId];
 1296              		.loc 1 791 3 view .LVU405
 1297              		.loc 1 791 86 is_stmt 0 view .LVU406
 1298 0000 D0F8D432 		ldr	r3, [r0, #724]
 1299              		.loc 1 791 27 view .LVU407
 1300 0004 B033     		adds	r3, r3, #176
 1301 0006 50F82330 		ldr	r3, [r0, r3, lsl #2]
 1302              	.LVL134:
 792:Middlewares/ST/STM32_USB_Device_Library/Class/CDC/Src/usbd_cdc.c **** 
 793:Middlewares/ST/STM32_USB_Device_Library/Class/CDC/Src/usbd_cdc.c ****   if (hcdc == NULL)
 1303              		.loc 1 793 3 is_stmt 1 view .LVU408
 1304              		.loc 1 793 6 is_stmt 0 view .LVU409
 1305 000a 1BB1     		cbz	r3, .L82
 794:Middlewares/ST/STM32_USB_Device_Library/Class/CDC/Src/usbd_cdc.c ****   {
 795:Middlewares/ST/STM32_USB_Device_Library/Class/CDC/Src/usbd_cdc.c ****     return (uint8_t)USBD_FAIL;
 796:Middlewares/ST/STM32_USB_Device_Library/Class/CDC/Src/usbd_cdc.c ****   }
 797:Middlewares/ST/STM32_USB_Device_Library/Class/CDC/Src/usbd_cdc.c **** 
 798:Middlewares/ST/STM32_USB_Device_Library/Class/CDC/Src/usbd_cdc.c ****   hcdc->RxBuffer = pbuff;
 1306              		.loc 1 798 3 is_stmt 1 view .LVU410
 1307              		.loc 1 798 18 is_stmt 0 view .LVU411
 1308 000c C3F80412 		str	r1, [r3, #516]
 799:Middlewares/ST/STM32_USB_Device_Library/Class/CDC/Src/usbd_cdc.c **** 
 800:Middlewares/ST/STM32_USB_Device_Library/Class/CDC/Src/usbd_cdc.c ****   return (uint8_t)USBD_OK;
 1309              		.loc 1 800 3 is_stmt 1 view .LVU412
 1310              		.loc 1 800 10 is_stmt 0 view .LVU413
 1311 0010 0020     		movs	r0, #0
 1312              	.LVL135:
 1313              		.loc 1 800 10 view .LVU414
 1314 0012 7047     		bx	lr
 1315              	.LVL136:
 1316              	.L82:
 795:Middlewares/ST/STM32_USB_Device_Library/Class/CDC/Src/usbd_cdc.c ****   }
 1317              		.loc 1 795 12 view .LVU415
 1318 0014 0320     		movs	r0, #3
 1319              	.LVL137:
 801:Middlewares/ST/STM32_USB_Device_Library/Class/CDC/Src/usbd_cdc.c **** }
 1320              		.loc 1 801 1 view .LVU416
ARM GAS  /tmp/ccaNfG33.s 			page 44


 1321 0016 7047     		bx	lr
 1322              		.cfi_endproc
 1323              	.LFE966:
 1325              		.section	.text.USBD_CDC_TransmitPacket,"ax",%progbits
 1326              		.align	1
 1327              		.global	USBD_CDC_TransmitPacket
 1328              		.syntax unified
 1329              		.thumb
 1330              		.thumb_func
 1332              	USBD_CDC_TransmitPacket:
 1333              	.LVL138:
 1334              	.LFB967:
 802:Middlewares/ST/STM32_USB_Device_Library/Class/CDC/Src/usbd_cdc.c **** 
 803:Middlewares/ST/STM32_USB_Device_Library/Class/CDC/Src/usbd_cdc.c **** 
 804:Middlewares/ST/STM32_USB_Device_Library/Class/CDC/Src/usbd_cdc.c **** /**
 805:Middlewares/ST/STM32_USB_Device_Library/Class/CDC/Src/usbd_cdc.c ****   * @brief  USBD_CDC_TransmitPacket
 806:Middlewares/ST/STM32_USB_Device_Library/Class/CDC/Src/usbd_cdc.c ****   *         Transmit packet on IN endpoint
 807:Middlewares/ST/STM32_USB_Device_Library/Class/CDC/Src/usbd_cdc.c ****   * @param  pdev: device instance
 808:Middlewares/ST/STM32_USB_Device_Library/Class/CDC/Src/usbd_cdc.c ****   * @param  ClassId: The Class ID
 809:Middlewares/ST/STM32_USB_Device_Library/Class/CDC/Src/usbd_cdc.c ****   * @retval status
 810:Middlewares/ST/STM32_USB_Device_Library/Class/CDC/Src/usbd_cdc.c ****   */
 811:Middlewares/ST/STM32_USB_Device_Library/Class/CDC/Src/usbd_cdc.c **** #ifdef USE_USBD_COMPOSITE
 812:Middlewares/ST/STM32_USB_Device_Library/Class/CDC/Src/usbd_cdc.c **** uint8_t USBD_CDC_TransmitPacket(USBD_HandleTypeDef *pdev, uint8_t ClassId)
 813:Middlewares/ST/STM32_USB_Device_Library/Class/CDC/Src/usbd_cdc.c **** {
 814:Middlewares/ST/STM32_USB_Device_Library/Class/CDC/Src/usbd_cdc.c ****   USBD_CDC_HandleTypeDef *hcdc = (USBD_CDC_HandleTypeDef *)pdev->pClassDataCmsit[ClassId];
 815:Middlewares/ST/STM32_USB_Device_Library/Class/CDC/Src/usbd_cdc.c **** #else
 816:Middlewares/ST/STM32_USB_Device_Library/Class/CDC/Src/usbd_cdc.c **** uint8_t USBD_CDC_TransmitPacket(USBD_HandleTypeDef *pdev)
 817:Middlewares/ST/STM32_USB_Device_Library/Class/CDC/Src/usbd_cdc.c **** {
 1335              		.loc 1 817 1 is_stmt 1 view -0
 1336              		.cfi_startproc
 1337              		@ args = 0, pretend = 0, frame = 0
 1338              		@ frame_needed = 0, uses_anonymous_args = 0
 1339              		.loc 1 817 1 is_stmt 0 view .LVU418
 1340 0000 08B5     		push	{r3, lr}
 1341              		.cfi_def_cfa_offset 8
 1342              		.cfi_offset 3, -8
 1343              		.cfi_offset 14, -4
 818:Middlewares/ST/STM32_USB_Device_Library/Class/CDC/Src/usbd_cdc.c ****   USBD_CDC_HandleTypeDef *hcdc = (USBD_CDC_HandleTypeDef *)pdev->pClassDataCmsit[pdev->classId];
 1344              		.loc 1 818 3 is_stmt 1 view .LVU419
 1345              		.loc 1 818 86 is_stmt 0 view .LVU420
 1346 0002 D0F8D432 		ldr	r3, [r0, #724]
 1347              		.loc 1 818 27 view .LVU421
 1348 0006 B033     		adds	r3, r3, #176
 1349 0008 50F82320 		ldr	r2, [r0, r3, lsl #2]
 1350              	.LVL139:
 819:Middlewares/ST/STM32_USB_Device_Library/Class/CDC/Src/usbd_cdc.c **** #endif  /* USE_USBD_COMPOSITE */
 820:Middlewares/ST/STM32_USB_Device_Library/Class/CDC/Src/usbd_cdc.c **** 
 821:Middlewares/ST/STM32_USB_Device_Library/Class/CDC/Src/usbd_cdc.c ****   USBD_StatusTypeDef ret = USBD_BUSY;
 1351              		.loc 1 821 3 is_stmt 1 view .LVU422
 822:Middlewares/ST/STM32_USB_Device_Library/Class/CDC/Src/usbd_cdc.c **** 
 823:Middlewares/ST/STM32_USB_Device_Library/Class/CDC/Src/usbd_cdc.c **** #ifdef USE_USBD_COMPOSITE
 824:Middlewares/ST/STM32_USB_Device_Library/Class/CDC/Src/usbd_cdc.c ****   /* Get the Endpoints addresses allocated for this class instance */
 825:Middlewares/ST/STM32_USB_Device_Library/Class/CDC/Src/usbd_cdc.c ****   CDCInEpAdd  = USBD_CoreGetEPAdd(pdev, USBD_EP_IN, USBD_EP_TYPE_BULK, ClassId);
 826:Middlewares/ST/STM32_USB_Device_Library/Class/CDC/Src/usbd_cdc.c **** #endif  /* USE_USBD_COMPOSITE */
 827:Middlewares/ST/STM32_USB_Device_Library/Class/CDC/Src/usbd_cdc.c **** 
 828:Middlewares/ST/STM32_USB_Device_Library/Class/CDC/Src/usbd_cdc.c ****   if (hcdc == NULL)
 1352              		.loc 1 828 3 view .LVU423
ARM GAS  /tmp/ccaNfG33.s 			page 45


 1353              		.loc 1 828 6 is_stmt 0 view .LVU424
 1354 000c 8AB1     		cbz	r2, .L85
 829:Middlewares/ST/STM32_USB_Device_Library/Class/CDC/Src/usbd_cdc.c ****   {
 830:Middlewares/ST/STM32_USB_Device_Library/Class/CDC/Src/usbd_cdc.c ****     return (uint8_t)USBD_FAIL;
 831:Middlewares/ST/STM32_USB_Device_Library/Class/CDC/Src/usbd_cdc.c ****   }
 832:Middlewares/ST/STM32_USB_Device_Library/Class/CDC/Src/usbd_cdc.c **** 
 833:Middlewares/ST/STM32_USB_Device_Library/Class/CDC/Src/usbd_cdc.c ****   if (hcdc->TxState == 0U)
 1355              		.loc 1 833 3 is_stmt 1 view .LVU425
 1356              		.loc 1 833 11 is_stmt 0 view .LVU426
 1357 000e D2F81432 		ldr	r3, [r2, #532]
 1358              		.loc 1 833 6 view .LVU427
 1359 0012 0BB1     		cbz	r3, .L88
 821:Middlewares/ST/STM32_USB_Device_Library/Class/CDC/Src/usbd_cdc.c **** 
 1360              		.loc 1 821 22 view .LVU428
 1361 0014 0120     		movs	r0, #1
 1362              	.LVL140:
 1363              	.L84:
 834:Middlewares/ST/STM32_USB_Device_Library/Class/CDC/Src/usbd_cdc.c ****   {
 835:Middlewares/ST/STM32_USB_Device_Library/Class/CDC/Src/usbd_cdc.c ****     /* Tx Transfer in progress */
 836:Middlewares/ST/STM32_USB_Device_Library/Class/CDC/Src/usbd_cdc.c ****     hcdc->TxState = 1U;
 837:Middlewares/ST/STM32_USB_Device_Library/Class/CDC/Src/usbd_cdc.c **** 
 838:Middlewares/ST/STM32_USB_Device_Library/Class/CDC/Src/usbd_cdc.c ****     /* Update the packet total length */
 839:Middlewares/ST/STM32_USB_Device_Library/Class/CDC/Src/usbd_cdc.c ****     pdev->ep_in[CDCInEpAdd & 0xFU].total_length = hcdc->TxLength;
 840:Middlewares/ST/STM32_USB_Device_Library/Class/CDC/Src/usbd_cdc.c **** 
 841:Middlewares/ST/STM32_USB_Device_Library/Class/CDC/Src/usbd_cdc.c ****     /* Transmit next packet */
 842:Middlewares/ST/STM32_USB_Device_Library/Class/CDC/Src/usbd_cdc.c ****     (void)USBD_LL_Transmit(pdev, CDCInEpAdd, hcdc->TxBuffer, hcdc->TxLength);
 843:Middlewares/ST/STM32_USB_Device_Library/Class/CDC/Src/usbd_cdc.c **** 
 844:Middlewares/ST/STM32_USB_Device_Library/Class/CDC/Src/usbd_cdc.c ****     ret = USBD_OK;
 845:Middlewares/ST/STM32_USB_Device_Library/Class/CDC/Src/usbd_cdc.c ****   }
 846:Middlewares/ST/STM32_USB_Device_Library/Class/CDC/Src/usbd_cdc.c **** 
 847:Middlewares/ST/STM32_USB_Device_Library/Class/CDC/Src/usbd_cdc.c ****   return (uint8_t)ret;
 848:Middlewares/ST/STM32_USB_Device_Library/Class/CDC/Src/usbd_cdc.c **** }
 1364              		.loc 1 848 1 view .LVU429
 1365 0016 08BD     		pop	{r3, pc}
 1366              	.LVL141:
 1367              	.L88:
 836:Middlewares/ST/STM32_USB_Device_Library/Class/CDC/Src/usbd_cdc.c **** 
 1368              		.loc 1 836 5 is_stmt 1 view .LVU430
 836:Middlewares/ST/STM32_USB_Device_Library/Class/CDC/Src/usbd_cdc.c **** 
 1369              		.loc 1 836 19 is_stmt 0 view .LVU431
 1370 0018 0123     		movs	r3, #1
 1371 001a C2F81432 		str	r3, [r2, #532]
 839:Middlewares/ST/STM32_USB_Device_Library/Class/CDC/Src/usbd_cdc.c **** 
 1372              		.loc 1 839 5 is_stmt 1 view .LVU432
 839:Middlewares/ST/STM32_USB_Device_Library/Class/CDC/Src/usbd_cdc.c **** 
 1373              		.loc 1 839 55 is_stmt 0 view .LVU433
 1374 001e D2F81032 		ldr	r3, [r2, #528]
 839:Middlewares/ST/STM32_USB_Device_Library/Class/CDC/Src/usbd_cdc.c **** 
 1375              		.loc 1 839 49 view .LVU434
 1376 0022 8362     		str	r3, [r0, #40]
 842:Middlewares/ST/STM32_USB_Device_Library/Class/CDC/Src/usbd_cdc.c **** 
 1377              		.loc 1 842 5 is_stmt 1 view .LVU435
 842:Middlewares/ST/STM32_USB_Device_Library/Class/CDC/Src/usbd_cdc.c **** 
 1378              		.loc 1 842 11 is_stmt 0 view .LVU436
 1379 0024 D2F80822 		ldr	r2, [r2, #520]
 1380              	.LVL142:
 842:Middlewares/ST/STM32_USB_Device_Library/Class/CDC/Src/usbd_cdc.c **** 
ARM GAS  /tmp/ccaNfG33.s 			page 46


 1381              		.loc 1 842 11 view .LVU437
 1382 0028 8121     		movs	r1, #129
 1383 002a FFF7FEFF 		bl	USBD_LL_Transmit
 1384              	.LVL143:
 844:Middlewares/ST/STM32_USB_Device_Library/Class/CDC/Src/usbd_cdc.c ****   }
 1385              		.loc 1 844 5 is_stmt 1 view .LVU438
 844:Middlewares/ST/STM32_USB_Device_Library/Class/CDC/Src/usbd_cdc.c ****   }
 1386              		.loc 1 844 9 is_stmt 0 view .LVU439
 1387 002e 0020     		movs	r0, #0
 1388 0030 F1E7     		b	.L84
 1389              	.LVL144:
 1390              	.L85:
 830:Middlewares/ST/STM32_USB_Device_Library/Class/CDC/Src/usbd_cdc.c ****   }
 1391              		.loc 1 830 12 view .LVU440
 1392 0032 0320     		movs	r0, #3
 1393              	.LVL145:
 830:Middlewares/ST/STM32_USB_Device_Library/Class/CDC/Src/usbd_cdc.c ****   }
 1394              		.loc 1 830 12 view .LVU441
 1395 0034 EFE7     		b	.L84
 1396              		.cfi_endproc
 1397              	.LFE967:
 1399              		.section	.text.USBD_CDC_ReceivePacket,"ax",%progbits
 1400              		.align	1
 1401              		.global	USBD_CDC_ReceivePacket
 1402              		.syntax unified
 1403              		.thumb
 1404              		.thumb_func
 1406              	USBD_CDC_ReceivePacket:
 1407              	.LVL146:
 1408              	.LFB968:
 849:Middlewares/ST/STM32_USB_Device_Library/Class/CDC/Src/usbd_cdc.c **** 
 850:Middlewares/ST/STM32_USB_Device_Library/Class/CDC/Src/usbd_cdc.c **** /**
 851:Middlewares/ST/STM32_USB_Device_Library/Class/CDC/Src/usbd_cdc.c ****   * @brief  USBD_CDC_ReceivePacket
 852:Middlewares/ST/STM32_USB_Device_Library/Class/CDC/Src/usbd_cdc.c ****   *         prepare OUT Endpoint for reception
 853:Middlewares/ST/STM32_USB_Device_Library/Class/CDC/Src/usbd_cdc.c ****   * @param  pdev: device instance
 854:Middlewares/ST/STM32_USB_Device_Library/Class/CDC/Src/usbd_cdc.c ****   * @retval status
 855:Middlewares/ST/STM32_USB_Device_Library/Class/CDC/Src/usbd_cdc.c ****   */
 856:Middlewares/ST/STM32_USB_Device_Library/Class/CDC/Src/usbd_cdc.c **** uint8_t USBD_CDC_ReceivePacket(USBD_HandleTypeDef *pdev)
 857:Middlewares/ST/STM32_USB_Device_Library/Class/CDC/Src/usbd_cdc.c **** {
 1409              		.loc 1 857 1 is_stmt 1 view -0
 1410              		.cfi_startproc
 1411              		@ args = 0, pretend = 0, frame = 0
 1412              		@ frame_needed = 0, uses_anonymous_args = 0
 1413              		.loc 1 857 1 is_stmt 0 view .LVU443
 1414 0000 10B5     		push	{r4, lr}
 1415              		.cfi_def_cfa_offset 8
 1416              		.cfi_offset 4, -8
 1417              		.cfi_offset 14, -4
 858:Middlewares/ST/STM32_USB_Device_Library/Class/CDC/Src/usbd_cdc.c ****   USBD_CDC_HandleTypeDef *hcdc = (USBD_CDC_HandleTypeDef *)pdev->pClassDataCmsit[pdev->classId];
 1418              		.loc 1 858 3 is_stmt 1 view .LVU444
 1419              		.loc 1 858 86 is_stmt 0 view .LVU445
 1420 0002 D0F8D432 		ldr	r3, [r0, #724]
 1421              		.loc 1 858 27 view .LVU446
 1422 0006 B033     		adds	r3, r3, #176
 1423 0008 50F82320 		ldr	r2, [r0, r3, lsl #2]
 1424              	.LVL147:
 859:Middlewares/ST/STM32_USB_Device_Library/Class/CDC/Src/usbd_cdc.c **** 
ARM GAS  /tmp/ccaNfG33.s 			page 47


 860:Middlewares/ST/STM32_USB_Device_Library/Class/CDC/Src/usbd_cdc.c **** #ifdef USE_USBD_COMPOSITE
 861:Middlewares/ST/STM32_USB_Device_Library/Class/CDC/Src/usbd_cdc.c ****   /* Get the Endpoints addresses allocated for this class instance */
 862:Middlewares/ST/STM32_USB_Device_Library/Class/CDC/Src/usbd_cdc.c ****   CDCOutEpAdd = USBD_CoreGetEPAdd(pdev, USBD_EP_OUT, USBD_EP_TYPE_BULK, (uint8_t)pdev->classId);
 863:Middlewares/ST/STM32_USB_Device_Library/Class/CDC/Src/usbd_cdc.c **** #endif /* USE_USBD_COMPOSITE */
 864:Middlewares/ST/STM32_USB_Device_Library/Class/CDC/Src/usbd_cdc.c **** 
 865:Middlewares/ST/STM32_USB_Device_Library/Class/CDC/Src/usbd_cdc.c ****   if (pdev->pClassDataCmsit[pdev->classId] == NULL)
 1425              		.loc 1 865 3 is_stmt 1 view .LVU447
 1426              		.loc 1 865 6 is_stmt 0 view .LVU448
 1427 000c 92B1     		cbz	r2, .L92
 866:Middlewares/ST/STM32_USB_Device_Library/Class/CDC/Src/usbd_cdc.c ****   {
 867:Middlewares/ST/STM32_USB_Device_Library/Class/CDC/Src/usbd_cdc.c ****     return (uint8_t)USBD_FAIL;
 868:Middlewares/ST/STM32_USB_Device_Library/Class/CDC/Src/usbd_cdc.c ****   }
 869:Middlewares/ST/STM32_USB_Device_Library/Class/CDC/Src/usbd_cdc.c **** 
 870:Middlewares/ST/STM32_USB_Device_Library/Class/CDC/Src/usbd_cdc.c ****   if (pdev->dev_speed == USBD_SPEED_HIGH)
 1428              		.loc 1 870 3 is_stmt 1 view .LVU449
 1429              		.loc 1 870 11 is_stmt 0 view .LVU450
 1430 000e 047C     		ldrb	r4, [r0, #16]	@ zero_extendqisi2
 1431              		.loc 1 870 6 view .LVU451
 1432 0010 44B9     		cbnz	r4, .L91
 871:Middlewares/ST/STM32_USB_Device_Library/Class/CDC/Src/usbd_cdc.c ****   {
 872:Middlewares/ST/STM32_USB_Device_Library/Class/CDC/Src/usbd_cdc.c ****     /* Prepare Out endpoint to receive next packet */
 873:Middlewares/ST/STM32_USB_Device_Library/Class/CDC/Src/usbd_cdc.c ****     (void)USBD_LL_PrepareReceive(pdev, CDCOutEpAdd, hcdc->RxBuffer,
 1433              		.loc 1 873 5 is_stmt 1 view .LVU452
 1434              		.loc 1 873 11 is_stmt 0 view .LVU453
 1435 0012 4FF40073 		mov	r3, #512
 1436 0016 D2F80422 		ldr	r2, [r2, #516]
 1437              	.LVL148:
 1438              		.loc 1 873 11 view .LVU454
 1439 001a 0121     		movs	r1, #1
 1440 001c FFF7FEFF 		bl	USBD_LL_PrepareReceive
 1441              	.LVL149:
 1442              	.L90:
 874:Middlewares/ST/STM32_USB_Device_Library/Class/CDC/Src/usbd_cdc.c ****                                  CDC_DATA_HS_OUT_PACKET_SIZE);
 875:Middlewares/ST/STM32_USB_Device_Library/Class/CDC/Src/usbd_cdc.c ****   }
 876:Middlewares/ST/STM32_USB_Device_Library/Class/CDC/Src/usbd_cdc.c ****   else
 877:Middlewares/ST/STM32_USB_Device_Library/Class/CDC/Src/usbd_cdc.c ****   {
 878:Middlewares/ST/STM32_USB_Device_Library/Class/CDC/Src/usbd_cdc.c ****     /* Prepare Out endpoint to receive next packet */
 879:Middlewares/ST/STM32_USB_Device_Library/Class/CDC/Src/usbd_cdc.c ****     (void)USBD_LL_PrepareReceive(pdev, CDCOutEpAdd, hcdc->RxBuffer,
 880:Middlewares/ST/STM32_USB_Device_Library/Class/CDC/Src/usbd_cdc.c ****                                  CDC_DATA_FS_OUT_PACKET_SIZE);
 881:Middlewares/ST/STM32_USB_Device_Library/Class/CDC/Src/usbd_cdc.c ****   }
 882:Middlewares/ST/STM32_USB_Device_Library/Class/CDC/Src/usbd_cdc.c **** 
 883:Middlewares/ST/STM32_USB_Device_Library/Class/CDC/Src/usbd_cdc.c ****   return (uint8_t)USBD_OK;
 884:Middlewares/ST/STM32_USB_Device_Library/Class/CDC/Src/usbd_cdc.c **** }
 1443              		.loc 1 884 1 view .LVU455
 1444 0020 2046     		mov	r0, r4
 1445 0022 10BD     		pop	{r4, pc}
 1446              	.LVL150:
 1447              	.L91:
 879:Middlewares/ST/STM32_USB_Device_Library/Class/CDC/Src/usbd_cdc.c ****                                  CDC_DATA_FS_OUT_PACKET_SIZE);
 1448              		.loc 1 879 5 is_stmt 1 view .LVU456
 879:Middlewares/ST/STM32_USB_Device_Library/Class/CDC/Src/usbd_cdc.c ****                                  CDC_DATA_FS_OUT_PACKET_SIZE);
 1449              		.loc 1 879 11 is_stmt 0 view .LVU457
 1450 0024 4023     		movs	r3, #64
 1451 0026 D2F80422 		ldr	r2, [r2, #516]
 1452              	.LVL151:
 879:Middlewares/ST/STM32_USB_Device_Library/Class/CDC/Src/usbd_cdc.c ****                                  CDC_DATA_FS_OUT_PACKET_SIZE);
 1453              		.loc 1 879 11 view .LVU458
ARM GAS  /tmp/ccaNfG33.s 			page 48


 1454 002a 0121     		movs	r1, #1
 1455 002c FFF7FEFF 		bl	USBD_LL_PrepareReceive
 1456              	.LVL152:
 883:Middlewares/ST/STM32_USB_Device_Library/Class/CDC/Src/usbd_cdc.c **** }
 1457              		.loc 1 883 10 view .LVU459
 1458 0030 0024     		movs	r4, #0
 1459 0032 F5E7     		b	.L90
 1460              	.LVL153:
 1461              	.L92:
 867:Middlewares/ST/STM32_USB_Device_Library/Class/CDC/Src/usbd_cdc.c ****   }
 1462              		.loc 1 867 12 view .LVU460
 1463 0034 0324     		movs	r4, #3
 1464 0036 F3E7     		b	.L90
 1465              		.cfi_endproc
 1466              	.LFE968:
 1468              		.section	.data.USBD_CDC_CfgDesc,"aw"
 1469              		.align	2
 1472              	USBD_CDC_CfgDesc:
 1473 0000 09024300 		.ascii	"\011\002C\000\002\001\000\3002\011\004\000\000\001\002"
 1473      020100C0 
 1473      32090400 
 1473      000102
 1474 000f 02010005 		.ascii	"\002\001\000\005$\000\020\001\005$\001\000\001\004$"
 1474      24001001 
 1474      05240100 
 1474      010424
 1475 001e 02020524 		.ascii	"\002\002\005$\006\000\001\007\005\202\003\010\000\020"
 1475      06000107 
 1475      05820308 
 1475      0010
 1476 002c 09040100 		.ascii	"\011\004\001\000\002\012\000\000\000\007\005\001\002"
 1476      020A0000 
 1476      00070501 
 1476      02
 1477 0039 40000007 		.ascii	"@\000\000\007\005\201\002@\000\000"
 1477      05810240 
 1477      0000
 1478              		.global	USBD_CDC
 1479              		.section	.data.USBD_CDC,"aw"
 1480              		.align	2
 1483              	USBD_CDC:
 1484 0000 00000000 		.word	USBD_CDC_Init
 1485 0004 00000000 		.word	USBD_CDC_DeInit
 1486 0008 00000000 		.word	USBD_CDC_Setup
 1487 000c 00000000 		.word	0
 1488 0010 00000000 		.word	USBD_CDC_EP0_RxReady
 1489 0014 00000000 		.word	USBD_CDC_DataIn
 1490 0018 00000000 		.word	USBD_CDC_DataOut
 1491 001c 00000000 		.word	0
 1492 0020 00000000 		.word	0
 1493 0024 00000000 		.word	0
 1494 0028 00000000 		.word	USBD_CDC_GetHSCfgDesc
 1495 002c 00000000 		.word	USBD_CDC_GetFSCfgDesc
 1496 0030 00000000 		.word	USBD_CDC_GetOtherSpeedCfgDesc
 1497 0034 00000000 		.word	USBD_CDC_GetDeviceQualifierDescriptor
 1498              		.section	.data.USBD_CDC_DeviceQualifierDesc,"aw"
 1499              		.align	2
ARM GAS  /tmp/ccaNfG33.s 			page 49


 1502              	USBD_CDC_DeviceQualifierDesc:
 1503 0000 0A060002 		.ascii	"\012\006\000\002\000\000\000@\001\000"
 1503      00000040 
 1503      0100
 1504              		.text
 1505              	.Letext0:
 1506              		.file 2 "/home/roomba/.config/Code/User/globalStorage/bmd.stm32-for-vscode/@xpack-dev-tools/arm-no
 1507              		.file 3 "/home/roomba/.config/Code/User/globalStorage/bmd.stm32-for-vscode/@xpack-dev-tools/arm-no
 1508              		.file 4 "Drivers/CMSIS/Device/ST/STM32WBxx/Include/stm32wb55xx.h"
 1509              		.file 5 "Drivers/STM32WBxx_HAL_Driver/Inc/stm32wbxx_hal_def.h"
 1510              		.file 6 "Drivers/STM32WBxx_HAL_Driver/Inc/stm32wbxx_ll_usb.h"
 1511              		.file 7 "Drivers/STM32WBxx_HAL_Driver/Inc/stm32wbxx_hal_pcd.h"
 1512              		.file 8 "Middlewares/ST/STM32_USB_Device_Library/Core/Inc/usbd_def.h"
 1513              		.file 9 "Middlewares/ST/STM32_USB_Device_Library/Class/CDC/Inc/usbd_cdc.h"
 1514              		.file 10 "Middlewares/ST/STM32_USB_Device_Library/Core/Inc/usbd_core.h"
 1515              		.file 11 "/home/roomba/.config/Code/User/globalStorage/bmd.stm32-for-vscode/@xpack-dev-tools/arm-n
 1516              		.file 12 "USB_Device/Target/usbd_conf.h"
 1517              		.file 13 "Middlewares/ST/STM32_USB_Device_Library/Core/Inc/usbd_ctlreq.h"
 1518              		.file 14 "Middlewares/ST/STM32_USB_Device_Library/Core/Inc/usbd_ioreq.h"
 1519              		.file 15 "<built-in>"
ARM GAS  /tmp/ccaNfG33.s 			page 50


DEFINED SYMBOLS
                            *ABS*:00000000 usbd_cdc.c
     /tmp/ccaNfG33.s:21     .text.USBD_CDC_EP0_RxReady:00000000 $t
     /tmp/ccaNfG33.s:26     .text.USBD_CDC_EP0_RxReady:00000000 USBD_CDC_EP0_RxReady
     /tmp/ccaNfG33.s:96     .text.USBD_CDC_GetDeviceQualifierDescriptor:00000000 $t
     /tmp/ccaNfG33.s:102    .text.USBD_CDC_GetDeviceQualifierDescriptor:00000000 USBD_CDC_GetDeviceQualifierDescriptor
     /tmp/ccaNfG33.s:123    .text.USBD_CDC_GetDeviceQualifierDescriptor:00000008 $d
     /tmp/ccaNfG33.s:1502   .data.USBD_CDC_DeviceQualifierDesc:00000000 USBD_CDC_DeviceQualifierDesc
     /tmp/ccaNfG33.s:128    .text.USBD_CDC_GetOtherSpeedCfgDesc:00000000 $t
     /tmp/ccaNfG33.s:133    .text.USBD_CDC_GetOtherSpeedCfgDesc:00000000 USBD_CDC_GetOtherSpeedCfgDesc
     /tmp/ccaNfG33.s:222    .text.USBD_CDC_GetOtherSpeedCfgDesc:00000044 $d
     /tmp/ccaNfG33.s:1472   .data.USBD_CDC_CfgDesc:00000000 USBD_CDC_CfgDesc
     /tmp/ccaNfG33.s:227    .text.USBD_CDC_GetFSCfgDesc:00000000 $t
     /tmp/ccaNfG33.s:232    .text.USBD_CDC_GetFSCfgDesc:00000000 USBD_CDC_GetFSCfgDesc
     /tmp/ccaNfG33.s:321    .text.USBD_CDC_GetFSCfgDesc:00000044 $d
     /tmp/ccaNfG33.s:326    .text.USBD_CDC_GetHSCfgDesc:00000000 $t
     /tmp/ccaNfG33.s:331    .text.USBD_CDC_GetHSCfgDesc:00000000 USBD_CDC_GetHSCfgDesc
     /tmp/ccaNfG33.s:420    .text.USBD_CDC_GetHSCfgDesc:00000044 $d
     /tmp/ccaNfG33.s:425    .text.USBD_CDC_DataOut:00000000 $t
     /tmp/ccaNfG33.s:430    .text.USBD_CDC_DataOut:00000000 USBD_CDC_DataOut
     /tmp/ccaNfG33.s:494    .text.USBD_CDC_DataIn:00000000 $t
     /tmp/ccaNfG33.s:499    .text.USBD_CDC_DataIn:00000000 USBD_CDC_DataIn
     /tmp/ccaNfG33.s:614    .text.USBD_CDC_Setup:00000000 $t
     /tmp/ccaNfG33.s:619    .text.USBD_CDC_Setup:00000000 USBD_CDC_Setup
     /tmp/ccaNfG33.s:892    .text.USBD_CDC_DeInit:00000000 $t
     /tmp/ccaNfG33.s:897    .text.USBD_CDC_DeInit:00000000 USBD_CDC_DeInit
     /tmp/ccaNfG33.s:990    .text.USBD_CDC_Init:00000000 $t
     /tmp/ccaNfG33.s:995    .text.USBD_CDC_Init:00000000 USBD_CDC_Init
     /tmp/ccaNfG33.s:1194   .text.USBD_CDC_RegisterInterface:00000000 $t
     /tmp/ccaNfG33.s:1200   .text.USBD_CDC_RegisterInterface:00000000 USBD_CDC_RegisterInterface
     /tmp/ccaNfG33.s:1235   .text.USBD_CDC_SetTxBuffer:00000000 $t
     /tmp/ccaNfG33.s:1241   .text.USBD_CDC_SetTxBuffer:00000000 USBD_CDC_SetTxBuffer
     /tmp/ccaNfG33.s:1282   .text.USBD_CDC_SetRxBuffer:00000000 $t
     /tmp/ccaNfG33.s:1288   .text.USBD_CDC_SetRxBuffer:00000000 USBD_CDC_SetRxBuffer
     /tmp/ccaNfG33.s:1326   .text.USBD_CDC_TransmitPacket:00000000 $t
     /tmp/ccaNfG33.s:1332   .text.USBD_CDC_TransmitPacket:00000000 USBD_CDC_TransmitPacket
     /tmp/ccaNfG33.s:1400   .text.USBD_CDC_ReceivePacket:00000000 $t
     /tmp/ccaNfG33.s:1406   .text.USBD_CDC_ReceivePacket:00000000 USBD_CDC_ReceivePacket
     /tmp/ccaNfG33.s:1469   .data.USBD_CDC_CfgDesc:00000000 $d
     /tmp/ccaNfG33.s:1483   .data.USBD_CDC:00000000 USBD_CDC
     /tmp/ccaNfG33.s:1480   .data.USBD_CDC:00000000 $d
     /tmp/ccaNfG33.s:1499   .data.USBD_CDC_DeviceQualifierDesc:00000000 $d

UNDEFINED SYMBOLS
USBD_GetEpDesc
USBD_LL_GetRxDataSize
USBD_LL_Transmit
USBD_CtlSendData
USBD_CtlPrepareRx
USBD_CtlError
USBD_LL_CloseEP
USBD_static_free
USBD_static_malloc
memset
USBD_LL_OpenEP
USBD_LL_PrepareReceive
