ARM GAS  C:\Users\Nathan\AppData\Local\Temp\ccVw9ECP.s 			page 1


   1              		.cpu cortex-m4
   2              		.arch armv7e-m
   3              		.fpu fpv4-sp-d16
   4              		.eabi_attribute 27, 1
   5              		.eabi_attribute 28, 1
   6              		.eabi_attribute 20, 1
   7              		.eabi_attribute 21, 1
   8              		.eabi_attribute 23, 3
   9              		.eabi_attribute 24, 1
  10              		.eabi_attribute 25, 1
  11              		.eabi_attribute 26, 1
  12              		.eabi_attribute 30, 1
  13              		.eabi_attribute 34, 1
  14              		.eabi_attribute 18, 4
  15              		.file	"usbd_ctlreq.c"
  16              		.text
  17              	.Ltext0:
  18              		.cfi_sections	.debug_frame
  19              		.file 1 "Middlewares/ST/STM32_USB_Device_Library/Core/Src/usbd_ctlreq.c"
  20              		.section	.text.USBD_GetLen,"ax",%progbits
  21              		.align	1
  22              		.syntax unified
  23              		.thumb
  24              		.thumb_func
  26              	USBD_GetLen:
  27              	.LVL0:
  28              	.LFB967:
   1:Middlewares/ST/STM32_USB_Device_Library/Core/Src/usbd_ctlreq.c **** /**
   2:Middlewares/ST/STM32_USB_Device_Library/Core/Src/usbd_ctlreq.c ****   ******************************************************************************
   3:Middlewares/ST/STM32_USB_Device_Library/Core/Src/usbd_ctlreq.c ****   * @file    usbd_req.c
   4:Middlewares/ST/STM32_USB_Device_Library/Core/Src/usbd_ctlreq.c ****   * @author  MCD Application Team
   5:Middlewares/ST/STM32_USB_Device_Library/Core/Src/usbd_ctlreq.c ****   * @brief   This file provides the standard USB requests following chapter 9.
   6:Middlewares/ST/STM32_USB_Device_Library/Core/Src/usbd_ctlreq.c ****   ******************************************************************************
   7:Middlewares/ST/STM32_USB_Device_Library/Core/Src/usbd_ctlreq.c ****   * @attention
   8:Middlewares/ST/STM32_USB_Device_Library/Core/Src/usbd_ctlreq.c ****   *
   9:Middlewares/ST/STM32_USB_Device_Library/Core/Src/usbd_ctlreq.c ****   * Copyright (c) 2015 STMicroelectronics.
  10:Middlewares/ST/STM32_USB_Device_Library/Core/Src/usbd_ctlreq.c ****   * All rights reserved.
  11:Middlewares/ST/STM32_USB_Device_Library/Core/Src/usbd_ctlreq.c ****   *
  12:Middlewares/ST/STM32_USB_Device_Library/Core/Src/usbd_ctlreq.c ****   * This software is licensed under terms that can be found in the LICENSE file
  13:Middlewares/ST/STM32_USB_Device_Library/Core/Src/usbd_ctlreq.c ****   * in the root directory of this software component.
  14:Middlewares/ST/STM32_USB_Device_Library/Core/Src/usbd_ctlreq.c ****   * If no LICENSE file comes with this software, it is provided AS-IS.
  15:Middlewares/ST/STM32_USB_Device_Library/Core/Src/usbd_ctlreq.c ****   *
  16:Middlewares/ST/STM32_USB_Device_Library/Core/Src/usbd_ctlreq.c ****   ******************************************************************************
  17:Middlewares/ST/STM32_USB_Device_Library/Core/Src/usbd_ctlreq.c ****   */
  18:Middlewares/ST/STM32_USB_Device_Library/Core/Src/usbd_ctlreq.c **** 
  19:Middlewares/ST/STM32_USB_Device_Library/Core/Src/usbd_ctlreq.c **** /* Includes ------------------------------------------------------------------*/
  20:Middlewares/ST/STM32_USB_Device_Library/Core/Src/usbd_ctlreq.c **** #include "usbd_ctlreq.h"
  21:Middlewares/ST/STM32_USB_Device_Library/Core/Src/usbd_ctlreq.c **** #include "usbd_ioreq.h"
  22:Middlewares/ST/STM32_USB_Device_Library/Core/Src/usbd_ctlreq.c **** 
  23:Middlewares/ST/STM32_USB_Device_Library/Core/Src/usbd_ctlreq.c **** #ifdef USE_USBD_COMPOSITE
  24:Middlewares/ST/STM32_USB_Device_Library/Core/Src/usbd_ctlreq.c **** #include "usbd_composite_builder.h"
  25:Middlewares/ST/STM32_USB_Device_Library/Core/Src/usbd_ctlreq.c **** #endif /* USE_USBD_COMPOSITE */
  26:Middlewares/ST/STM32_USB_Device_Library/Core/Src/usbd_ctlreq.c **** 
  27:Middlewares/ST/STM32_USB_Device_Library/Core/Src/usbd_ctlreq.c **** /** @addtogroup STM32_USBD_STATE_DEVICE_LIBRARY
  28:Middlewares/ST/STM32_USB_Device_Library/Core/Src/usbd_ctlreq.c ****   * @{
  29:Middlewares/ST/STM32_USB_Device_Library/Core/Src/usbd_ctlreq.c ****   */
  30:Middlewares/ST/STM32_USB_Device_Library/Core/Src/usbd_ctlreq.c **** 
ARM GAS  C:\Users\Nathan\AppData\Local\Temp\ccVw9ECP.s 			page 2


  31:Middlewares/ST/STM32_USB_Device_Library/Core/Src/usbd_ctlreq.c **** 
  32:Middlewares/ST/STM32_USB_Device_Library/Core/Src/usbd_ctlreq.c **** /** @defgroup USBD_REQ
  33:Middlewares/ST/STM32_USB_Device_Library/Core/Src/usbd_ctlreq.c ****   * @brief USB standard requests module
  34:Middlewares/ST/STM32_USB_Device_Library/Core/Src/usbd_ctlreq.c ****   * @{
  35:Middlewares/ST/STM32_USB_Device_Library/Core/Src/usbd_ctlreq.c ****   */
  36:Middlewares/ST/STM32_USB_Device_Library/Core/Src/usbd_ctlreq.c **** 
  37:Middlewares/ST/STM32_USB_Device_Library/Core/Src/usbd_ctlreq.c **** /** @defgroup USBD_REQ_Private_TypesDefinitions
  38:Middlewares/ST/STM32_USB_Device_Library/Core/Src/usbd_ctlreq.c ****   * @{
  39:Middlewares/ST/STM32_USB_Device_Library/Core/Src/usbd_ctlreq.c ****   */
  40:Middlewares/ST/STM32_USB_Device_Library/Core/Src/usbd_ctlreq.c **** 
  41:Middlewares/ST/STM32_USB_Device_Library/Core/Src/usbd_ctlreq.c **** /**
  42:Middlewares/ST/STM32_USB_Device_Library/Core/Src/usbd_ctlreq.c ****   * @}
  43:Middlewares/ST/STM32_USB_Device_Library/Core/Src/usbd_ctlreq.c ****   */
  44:Middlewares/ST/STM32_USB_Device_Library/Core/Src/usbd_ctlreq.c **** 
  45:Middlewares/ST/STM32_USB_Device_Library/Core/Src/usbd_ctlreq.c **** 
  46:Middlewares/ST/STM32_USB_Device_Library/Core/Src/usbd_ctlreq.c **** /** @defgroup USBD_REQ_Private_Defines
  47:Middlewares/ST/STM32_USB_Device_Library/Core/Src/usbd_ctlreq.c ****   * @{
  48:Middlewares/ST/STM32_USB_Device_Library/Core/Src/usbd_ctlreq.c ****   */
  49:Middlewares/ST/STM32_USB_Device_Library/Core/Src/usbd_ctlreq.c **** #ifndef USBD_MAX_STR_DESC_SIZ
  50:Middlewares/ST/STM32_USB_Device_Library/Core/Src/usbd_ctlreq.c **** #define USBD_MAX_STR_DESC_SIZ                          64U
  51:Middlewares/ST/STM32_USB_Device_Library/Core/Src/usbd_ctlreq.c **** #endif /* USBD_MAX_STR_DESC_SIZ */
  52:Middlewares/ST/STM32_USB_Device_Library/Core/Src/usbd_ctlreq.c **** /**
  53:Middlewares/ST/STM32_USB_Device_Library/Core/Src/usbd_ctlreq.c ****   * @}
  54:Middlewares/ST/STM32_USB_Device_Library/Core/Src/usbd_ctlreq.c ****   */
  55:Middlewares/ST/STM32_USB_Device_Library/Core/Src/usbd_ctlreq.c **** 
  56:Middlewares/ST/STM32_USB_Device_Library/Core/Src/usbd_ctlreq.c **** 
  57:Middlewares/ST/STM32_USB_Device_Library/Core/Src/usbd_ctlreq.c **** /** @defgroup USBD_REQ_Private_Macros
  58:Middlewares/ST/STM32_USB_Device_Library/Core/Src/usbd_ctlreq.c ****   * @{
  59:Middlewares/ST/STM32_USB_Device_Library/Core/Src/usbd_ctlreq.c ****   */
  60:Middlewares/ST/STM32_USB_Device_Library/Core/Src/usbd_ctlreq.c **** 
  61:Middlewares/ST/STM32_USB_Device_Library/Core/Src/usbd_ctlreq.c **** /**
  62:Middlewares/ST/STM32_USB_Device_Library/Core/Src/usbd_ctlreq.c ****   * @}
  63:Middlewares/ST/STM32_USB_Device_Library/Core/Src/usbd_ctlreq.c ****   */
  64:Middlewares/ST/STM32_USB_Device_Library/Core/Src/usbd_ctlreq.c **** 
  65:Middlewares/ST/STM32_USB_Device_Library/Core/Src/usbd_ctlreq.c **** 
  66:Middlewares/ST/STM32_USB_Device_Library/Core/Src/usbd_ctlreq.c **** /** @defgroup USBD_REQ_Private_Variables
  67:Middlewares/ST/STM32_USB_Device_Library/Core/Src/usbd_ctlreq.c ****   * @{
  68:Middlewares/ST/STM32_USB_Device_Library/Core/Src/usbd_ctlreq.c ****   */
  69:Middlewares/ST/STM32_USB_Device_Library/Core/Src/usbd_ctlreq.c **** 
  70:Middlewares/ST/STM32_USB_Device_Library/Core/Src/usbd_ctlreq.c **** /**
  71:Middlewares/ST/STM32_USB_Device_Library/Core/Src/usbd_ctlreq.c ****   * @}
  72:Middlewares/ST/STM32_USB_Device_Library/Core/Src/usbd_ctlreq.c ****   */
  73:Middlewares/ST/STM32_USB_Device_Library/Core/Src/usbd_ctlreq.c **** 
  74:Middlewares/ST/STM32_USB_Device_Library/Core/Src/usbd_ctlreq.c **** 
  75:Middlewares/ST/STM32_USB_Device_Library/Core/Src/usbd_ctlreq.c **** /** @defgroup USBD_REQ_Private_FunctionPrototypes
  76:Middlewares/ST/STM32_USB_Device_Library/Core/Src/usbd_ctlreq.c ****   * @{
  77:Middlewares/ST/STM32_USB_Device_Library/Core/Src/usbd_ctlreq.c ****   */
  78:Middlewares/ST/STM32_USB_Device_Library/Core/Src/usbd_ctlreq.c **** static void USBD_GetDescriptor(USBD_HandleTypeDef *pdev, USBD_SetupReqTypedef *req);
  79:Middlewares/ST/STM32_USB_Device_Library/Core/Src/usbd_ctlreq.c **** static void USBD_SetAddress(USBD_HandleTypeDef *pdev, USBD_SetupReqTypedef *req);
  80:Middlewares/ST/STM32_USB_Device_Library/Core/Src/usbd_ctlreq.c **** static USBD_StatusTypeDef USBD_SetConfig(USBD_HandleTypeDef *pdev, USBD_SetupReqTypedef *req);
  81:Middlewares/ST/STM32_USB_Device_Library/Core/Src/usbd_ctlreq.c **** static void USBD_GetConfig(USBD_HandleTypeDef *pdev, USBD_SetupReqTypedef *req);
  82:Middlewares/ST/STM32_USB_Device_Library/Core/Src/usbd_ctlreq.c **** static void USBD_GetStatus(USBD_HandleTypeDef *pdev, USBD_SetupReqTypedef *req);
  83:Middlewares/ST/STM32_USB_Device_Library/Core/Src/usbd_ctlreq.c **** static void USBD_SetFeature(USBD_HandleTypeDef *pdev, USBD_SetupReqTypedef *req);
  84:Middlewares/ST/STM32_USB_Device_Library/Core/Src/usbd_ctlreq.c **** static void USBD_ClrFeature(USBD_HandleTypeDef *pdev, USBD_SetupReqTypedef *req);
  85:Middlewares/ST/STM32_USB_Device_Library/Core/Src/usbd_ctlreq.c **** static uint8_t USBD_GetLen(uint8_t *buf);
  86:Middlewares/ST/STM32_USB_Device_Library/Core/Src/usbd_ctlreq.c **** 
  87:Middlewares/ST/STM32_USB_Device_Library/Core/Src/usbd_ctlreq.c **** /**
ARM GAS  C:\Users\Nathan\AppData\Local\Temp\ccVw9ECP.s 			page 3


  88:Middlewares/ST/STM32_USB_Device_Library/Core/Src/usbd_ctlreq.c ****   * @}
  89:Middlewares/ST/STM32_USB_Device_Library/Core/Src/usbd_ctlreq.c ****   */
  90:Middlewares/ST/STM32_USB_Device_Library/Core/Src/usbd_ctlreq.c **** 
  91:Middlewares/ST/STM32_USB_Device_Library/Core/Src/usbd_ctlreq.c **** 
  92:Middlewares/ST/STM32_USB_Device_Library/Core/Src/usbd_ctlreq.c **** /** @defgroup USBD_REQ_Private_Functions
  93:Middlewares/ST/STM32_USB_Device_Library/Core/Src/usbd_ctlreq.c ****   * @{
  94:Middlewares/ST/STM32_USB_Device_Library/Core/Src/usbd_ctlreq.c ****   */
  95:Middlewares/ST/STM32_USB_Device_Library/Core/Src/usbd_ctlreq.c **** 
  96:Middlewares/ST/STM32_USB_Device_Library/Core/Src/usbd_ctlreq.c **** 
  97:Middlewares/ST/STM32_USB_Device_Library/Core/Src/usbd_ctlreq.c **** /**
  98:Middlewares/ST/STM32_USB_Device_Library/Core/Src/usbd_ctlreq.c ****   * @brief  USBD_StdDevReq
  99:Middlewares/ST/STM32_USB_Device_Library/Core/Src/usbd_ctlreq.c ****   *         Handle standard usb device requests
 100:Middlewares/ST/STM32_USB_Device_Library/Core/Src/usbd_ctlreq.c ****   * @param  pdev: device instance
 101:Middlewares/ST/STM32_USB_Device_Library/Core/Src/usbd_ctlreq.c ****   * @param  req: usb request
 102:Middlewares/ST/STM32_USB_Device_Library/Core/Src/usbd_ctlreq.c ****   * @retval status
 103:Middlewares/ST/STM32_USB_Device_Library/Core/Src/usbd_ctlreq.c ****   */
 104:Middlewares/ST/STM32_USB_Device_Library/Core/Src/usbd_ctlreq.c **** USBD_StatusTypeDef USBD_StdDevReq(USBD_HandleTypeDef *pdev, USBD_SetupReqTypedef *req)
 105:Middlewares/ST/STM32_USB_Device_Library/Core/Src/usbd_ctlreq.c **** {
 106:Middlewares/ST/STM32_USB_Device_Library/Core/Src/usbd_ctlreq.c ****   USBD_StatusTypeDef ret = USBD_OK;
 107:Middlewares/ST/STM32_USB_Device_Library/Core/Src/usbd_ctlreq.c **** 
 108:Middlewares/ST/STM32_USB_Device_Library/Core/Src/usbd_ctlreq.c ****   switch (req->bmRequest & USB_REQ_TYPE_MASK)
 109:Middlewares/ST/STM32_USB_Device_Library/Core/Src/usbd_ctlreq.c ****   {
 110:Middlewares/ST/STM32_USB_Device_Library/Core/Src/usbd_ctlreq.c ****     case USB_REQ_TYPE_CLASS:
 111:Middlewares/ST/STM32_USB_Device_Library/Core/Src/usbd_ctlreq.c ****     case USB_REQ_TYPE_VENDOR:
 112:Middlewares/ST/STM32_USB_Device_Library/Core/Src/usbd_ctlreq.c ****       ret = (USBD_StatusTypeDef)pdev->pClass[pdev->classId]->Setup(pdev, req);
 113:Middlewares/ST/STM32_USB_Device_Library/Core/Src/usbd_ctlreq.c ****       break;
 114:Middlewares/ST/STM32_USB_Device_Library/Core/Src/usbd_ctlreq.c **** 
 115:Middlewares/ST/STM32_USB_Device_Library/Core/Src/usbd_ctlreq.c ****     case USB_REQ_TYPE_STANDARD:
 116:Middlewares/ST/STM32_USB_Device_Library/Core/Src/usbd_ctlreq.c ****       switch (req->bRequest)
 117:Middlewares/ST/STM32_USB_Device_Library/Core/Src/usbd_ctlreq.c ****       {
 118:Middlewares/ST/STM32_USB_Device_Library/Core/Src/usbd_ctlreq.c ****         case USB_REQ_GET_DESCRIPTOR:
 119:Middlewares/ST/STM32_USB_Device_Library/Core/Src/usbd_ctlreq.c ****           USBD_GetDescriptor(pdev, req);
 120:Middlewares/ST/STM32_USB_Device_Library/Core/Src/usbd_ctlreq.c ****           break;
 121:Middlewares/ST/STM32_USB_Device_Library/Core/Src/usbd_ctlreq.c **** 
 122:Middlewares/ST/STM32_USB_Device_Library/Core/Src/usbd_ctlreq.c ****         case USB_REQ_SET_ADDRESS:
 123:Middlewares/ST/STM32_USB_Device_Library/Core/Src/usbd_ctlreq.c ****           USBD_SetAddress(pdev, req);
 124:Middlewares/ST/STM32_USB_Device_Library/Core/Src/usbd_ctlreq.c ****           break;
 125:Middlewares/ST/STM32_USB_Device_Library/Core/Src/usbd_ctlreq.c **** 
 126:Middlewares/ST/STM32_USB_Device_Library/Core/Src/usbd_ctlreq.c ****         case USB_REQ_SET_CONFIGURATION:
 127:Middlewares/ST/STM32_USB_Device_Library/Core/Src/usbd_ctlreq.c ****           ret = USBD_SetConfig(pdev, req);
 128:Middlewares/ST/STM32_USB_Device_Library/Core/Src/usbd_ctlreq.c ****           break;
 129:Middlewares/ST/STM32_USB_Device_Library/Core/Src/usbd_ctlreq.c **** 
 130:Middlewares/ST/STM32_USB_Device_Library/Core/Src/usbd_ctlreq.c ****         case USB_REQ_GET_CONFIGURATION:
 131:Middlewares/ST/STM32_USB_Device_Library/Core/Src/usbd_ctlreq.c ****           USBD_GetConfig(pdev, req);
 132:Middlewares/ST/STM32_USB_Device_Library/Core/Src/usbd_ctlreq.c ****           break;
 133:Middlewares/ST/STM32_USB_Device_Library/Core/Src/usbd_ctlreq.c **** 
 134:Middlewares/ST/STM32_USB_Device_Library/Core/Src/usbd_ctlreq.c ****         case USB_REQ_GET_STATUS:
 135:Middlewares/ST/STM32_USB_Device_Library/Core/Src/usbd_ctlreq.c ****           USBD_GetStatus(pdev, req);
 136:Middlewares/ST/STM32_USB_Device_Library/Core/Src/usbd_ctlreq.c ****           break;
 137:Middlewares/ST/STM32_USB_Device_Library/Core/Src/usbd_ctlreq.c **** 
 138:Middlewares/ST/STM32_USB_Device_Library/Core/Src/usbd_ctlreq.c ****         case USB_REQ_SET_FEATURE:
 139:Middlewares/ST/STM32_USB_Device_Library/Core/Src/usbd_ctlreq.c ****           USBD_SetFeature(pdev, req);
 140:Middlewares/ST/STM32_USB_Device_Library/Core/Src/usbd_ctlreq.c ****           break;
 141:Middlewares/ST/STM32_USB_Device_Library/Core/Src/usbd_ctlreq.c **** 
 142:Middlewares/ST/STM32_USB_Device_Library/Core/Src/usbd_ctlreq.c ****         case USB_REQ_CLEAR_FEATURE:
 143:Middlewares/ST/STM32_USB_Device_Library/Core/Src/usbd_ctlreq.c ****           USBD_ClrFeature(pdev, req);
 144:Middlewares/ST/STM32_USB_Device_Library/Core/Src/usbd_ctlreq.c ****           break;
ARM GAS  C:\Users\Nathan\AppData\Local\Temp\ccVw9ECP.s 			page 4


 145:Middlewares/ST/STM32_USB_Device_Library/Core/Src/usbd_ctlreq.c **** 
 146:Middlewares/ST/STM32_USB_Device_Library/Core/Src/usbd_ctlreq.c ****         default:
 147:Middlewares/ST/STM32_USB_Device_Library/Core/Src/usbd_ctlreq.c ****           USBD_CtlError(pdev, req);
 148:Middlewares/ST/STM32_USB_Device_Library/Core/Src/usbd_ctlreq.c ****           break;
 149:Middlewares/ST/STM32_USB_Device_Library/Core/Src/usbd_ctlreq.c ****       }
 150:Middlewares/ST/STM32_USB_Device_Library/Core/Src/usbd_ctlreq.c ****       break;
 151:Middlewares/ST/STM32_USB_Device_Library/Core/Src/usbd_ctlreq.c **** 
 152:Middlewares/ST/STM32_USB_Device_Library/Core/Src/usbd_ctlreq.c ****     default:
 153:Middlewares/ST/STM32_USB_Device_Library/Core/Src/usbd_ctlreq.c ****       USBD_CtlError(pdev, req);
 154:Middlewares/ST/STM32_USB_Device_Library/Core/Src/usbd_ctlreq.c ****       break;
 155:Middlewares/ST/STM32_USB_Device_Library/Core/Src/usbd_ctlreq.c ****   }
 156:Middlewares/ST/STM32_USB_Device_Library/Core/Src/usbd_ctlreq.c **** 
 157:Middlewares/ST/STM32_USB_Device_Library/Core/Src/usbd_ctlreq.c ****   return ret;
 158:Middlewares/ST/STM32_USB_Device_Library/Core/Src/usbd_ctlreq.c **** }
 159:Middlewares/ST/STM32_USB_Device_Library/Core/Src/usbd_ctlreq.c **** 
 160:Middlewares/ST/STM32_USB_Device_Library/Core/Src/usbd_ctlreq.c **** /**
 161:Middlewares/ST/STM32_USB_Device_Library/Core/Src/usbd_ctlreq.c ****   * @brief  USBD_StdItfReq
 162:Middlewares/ST/STM32_USB_Device_Library/Core/Src/usbd_ctlreq.c ****   *         Handle standard usb interface requests
 163:Middlewares/ST/STM32_USB_Device_Library/Core/Src/usbd_ctlreq.c ****   * @param  pdev: device instance
 164:Middlewares/ST/STM32_USB_Device_Library/Core/Src/usbd_ctlreq.c ****   * @param  req: usb request
 165:Middlewares/ST/STM32_USB_Device_Library/Core/Src/usbd_ctlreq.c ****   * @retval status
 166:Middlewares/ST/STM32_USB_Device_Library/Core/Src/usbd_ctlreq.c ****   */
 167:Middlewares/ST/STM32_USB_Device_Library/Core/Src/usbd_ctlreq.c **** USBD_StatusTypeDef USBD_StdItfReq(USBD_HandleTypeDef *pdev, USBD_SetupReqTypedef *req)
 168:Middlewares/ST/STM32_USB_Device_Library/Core/Src/usbd_ctlreq.c **** {
 169:Middlewares/ST/STM32_USB_Device_Library/Core/Src/usbd_ctlreq.c ****   USBD_StatusTypeDef ret = USBD_OK;
 170:Middlewares/ST/STM32_USB_Device_Library/Core/Src/usbd_ctlreq.c ****   uint8_t idx;
 171:Middlewares/ST/STM32_USB_Device_Library/Core/Src/usbd_ctlreq.c **** 
 172:Middlewares/ST/STM32_USB_Device_Library/Core/Src/usbd_ctlreq.c ****   switch (req->bmRequest & USB_REQ_TYPE_MASK)
 173:Middlewares/ST/STM32_USB_Device_Library/Core/Src/usbd_ctlreq.c ****   {
 174:Middlewares/ST/STM32_USB_Device_Library/Core/Src/usbd_ctlreq.c ****     case USB_REQ_TYPE_CLASS:
 175:Middlewares/ST/STM32_USB_Device_Library/Core/Src/usbd_ctlreq.c ****     case USB_REQ_TYPE_VENDOR:
 176:Middlewares/ST/STM32_USB_Device_Library/Core/Src/usbd_ctlreq.c ****     case USB_REQ_TYPE_STANDARD:
 177:Middlewares/ST/STM32_USB_Device_Library/Core/Src/usbd_ctlreq.c ****       switch (pdev->dev_state)
 178:Middlewares/ST/STM32_USB_Device_Library/Core/Src/usbd_ctlreq.c ****       {
 179:Middlewares/ST/STM32_USB_Device_Library/Core/Src/usbd_ctlreq.c ****         case USBD_STATE_DEFAULT:
 180:Middlewares/ST/STM32_USB_Device_Library/Core/Src/usbd_ctlreq.c ****         case USBD_STATE_ADDRESSED:
 181:Middlewares/ST/STM32_USB_Device_Library/Core/Src/usbd_ctlreq.c ****         case USBD_STATE_CONFIGURED:
 182:Middlewares/ST/STM32_USB_Device_Library/Core/Src/usbd_ctlreq.c **** 
 183:Middlewares/ST/STM32_USB_Device_Library/Core/Src/usbd_ctlreq.c ****           if (LOBYTE(req->wIndex) <= USBD_MAX_NUM_INTERFACES)
 184:Middlewares/ST/STM32_USB_Device_Library/Core/Src/usbd_ctlreq.c ****           {
 185:Middlewares/ST/STM32_USB_Device_Library/Core/Src/usbd_ctlreq.c ****             /* Get the class index relative to this interface */
 186:Middlewares/ST/STM32_USB_Device_Library/Core/Src/usbd_ctlreq.c ****             idx = USBD_CoreFindIF(pdev, LOBYTE(req->wIndex));
 187:Middlewares/ST/STM32_USB_Device_Library/Core/Src/usbd_ctlreq.c ****             if (((uint8_t)idx != 0xFFU) && (idx < USBD_MAX_SUPPORTED_CLASS))
 188:Middlewares/ST/STM32_USB_Device_Library/Core/Src/usbd_ctlreq.c ****             {
 189:Middlewares/ST/STM32_USB_Device_Library/Core/Src/usbd_ctlreq.c ****               /* Call the class data out function to manage the request */
 190:Middlewares/ST/STM32_USB_Device_Library/Core/Src/usbd_ctlreq.c ****               if (pdev->pClass[idx]->Setup != NULL)
 191:Middlewares/ST/STM32_USB_Device_Library/Core/Src/usbd_ctlreq.c ****               {
 192:Middlewares/ST/STM32_USB_Device_Library/Core/Src/usbd_ctlreq.c ****                 pdev->classId = idx;
 193:Middlewares/ST/STM32_USB_Device_Library/Core/Src/usbd_ctlreq.c ****                 ret = (USBD_StatusTypeDef)(pdev->pClass[idx]->Setup(pdev, req));
 194:Middlewares/ST/STM32_USB_Device_Library/Core/Src/usbd_ctlreq.c ****               }
 195:Middlewares/ST/STM32_USB_Device_Library/Core/Src/usbd_ctlreq.c ****               else
 196:Middlewares/ST/STM32_USB_Device_Library/Core/Src/usbd_ctlreq.c ****               {
 197:Middlewares/ST/STM32_USB_Device_Library/Core/Src/usbd_ctlreq.c ****                 /* should never reach this condition */
 198:Middlewares/ST/STM32_USB_Device_Library/Core/Src/usbd_ctlreq.c ****                 ret = USBD_FAIL;
 199:Middlewares/ST/STM32_USB_Device_Library/Core/Src/usbd_ctlreq.c ****               }
 200:Middlewares/ST/STM32_USB_Device_Library/Core/Src/usbd_ctlreq.c ****             }
 201:Middlewares/ST/STM32_USB_Device_Library/Core/Src/usbd_ctlreq.c ****             else
ARM GAS  C:\Users\Nathan\AppData\Local\Temp\ccVw9ECP.s 			page 5


 202:Middlewares/ST/STM32_USB_Device_Library/Core/Src/usbd_ctlreq.c ****             {
 203:Middlewares/ST/STM32_USB_Device_Library/Core/Src/usbd_ctlreq.c ****               /* No relative interface found */
 204:Middlewares/ST/STM32_USB_Device_Library/Core/Src/usbd_ctlreq.c ****               ret = USBD_FAIL;
 205:Middlewares/ST/STM32_USB_Device_Library/Core/Src/usbd_ctlreq.c ****             }
 206:Middlewares/ST/STM32_USB_Device_Library/Core/Src/usbd_ctlreq.c **** 
 207:Middlewares/ST/STM32_USB_Device_Library/Core/Src/usbd_ctlreq.c ****             if ((req->wLength == 0U) && (ret == USBD_OK))
 208:Middlewares/ST/STM32_USB_Device_Library/Core/Src/usbd_ctlreq.c ****             {
 209:Middlewares/ST/STM32_USB_Device_Library/Core/Src/usbd_ctlreq.c ****               (void)USBD_CtlSendStatus(pdev);
 210:Middlewares/ST/STM32_USB_Device_Library/Core/Src/usbd_ctlreq.c ****             }
 211:Middlewares/ST/STM32_USB_Device_Library/Core/Src/usbd_ctlreq.c ****           }
 212:Middlewares/ST/STM32_USB_Device_Library/Core/Src/usbd_ctlreq.c ****           else
 213:Middlewares/ST/STM32_USB_Device_Library/Core/Src/usbd_ctlreq.c ****           {
 214:Middlewares/ST/STM32_USB_Device_Library/Core/Src/usbd_ctlreq.c ****             USBD_CtlError(pdev, req);
 215:Middlewares/ST/STM32_USB_Device_Library/Core/Src/usbd_ctlreq.c ****           }
 216:Middlewares/ST/STM32_USB_Device_Library/Core/Src/usbd_ctlreq.c ****           break;
 217:Middlewares/ST/STM32_USB_Device_Library/Core/Src/usbd_ctlreq.c **** 
 218:Middlewares/ST/STM32_USB_Device_Library/Core/Src/usbd_ctlreq.c ****         default:
 219:Middlewares/ST/STM32_USB_Device_Library/Core/Src/usbd_ctlreq.c ****           USBD_CtlError(pdev, req);
 220:Middlewares/ST/STM32_USB_Device_Library/Core/Src/usbd_ctlreq.c ****           break;
 221:Middlewares/ST/STM32_USB_Device_Library/Core/Src/usbd_ctlreq.c ****       }
 222:Middlewares/ST/STM32_USB_Device_Library/Core/Src/usbd_ctlreq.c ****       break;
 223:Middlewares/ST/STM32_USB_Device_Library/Core/Src/usbd_ctlreq.c **** 
 224:Middlewares/ST/STM32_USB_Device_Library/Core/Src/usbd_ctlreq.c ****     default:
 225:Middlewares/ST/STM32_USB_Device_Library/Core/Src/usbd_ctlreq.c ****       USBD_CtlError(pdev, req);
 226:Middlewares/ST/STM32_USB_Device_Library/Core/Src/usbd_ctlreq.c ****       break;
 227:Middlewares/ST/STM32_USB_Device_Library/Core/Src/usbd_ctlreq.c ****   }
 228:Middlewares/ST/STM32_USB_Device_Library/Core/Src/usbd_ctlreq.c **** 
 229:Middlewares/ST/STM32_USB_Device_Library/Core/Src/usbd_ctlreq.c ****   return ret;
 230:Middlewares/ST/STM32_USB_Device_Library/Core/Src/usbd_ctlreq.c **** }
 231:Middlewares/ST/STM32_USB_Device_Library/Core/Src/usbd_ctlreq.c **** 
 232:Middlewares/ST/STM32_USB_Device_Library/Core/Src/usbd_ctlreq.c **** /**
 233:Middlewares/ST/STM32_USB_Device_Library/Core/Src/usbd_ctlreq.c ****   * @brief  USBD_StdEPReq
 234:Middlewares/ST/STM32_USB_Device_Library/Core/Src/usbd_ctlreq.c ****   *         Handle standard usb endpoint requests
 235:Middlewares/ST/STM32_USB_Device_Library/Core/Src/usbd_ctlreq.c ****   * @param  pdev: device instance
 236:Middlewares/ST/STM32_USB_Device_Library/Core/Src/usbd_ctlreq.c ****   * @param  req: usb request
 237:Middlewares/ST/STM32_USB_Device_Library/Core/Src/usbd_ctlreq.c ****   * @retval status
 238:Middlewares/ST/STM32_USB_Device_Library/Core/Src/usbd_ctlreq.c ****   */
 239:Middlewares/ST/STM32_USB_Device_Library/Core/Src/usbd_ctlreq.c **** USBD_StatusTypeDef USBD_StdEPReq(USBD_HandleTypeDef *pdev, USBD_SetupReqTypedef *req)
 240:Middlewares/ST/STM32_USB_Device_Library/Core/Src/usbd_ctlreq.c **** {
 241:Middlewares/ST/STM32_USB_Device_Library/Core/Src/usbd_ctlreq.c ****   USBD_EndpointTypeDef *pep;
 242:Middlewares/ST/STM32_USB_Device_Library/Core/Src/usbd_ctlreq.c ****   uint8_t ep_addr;
 243:Middlewares/ST/STM32_USB_Device_Library/Core/Src/usbd_ctlreq.c ****   uint8_t idx;
 244:Middlewares/ST/STM32_USB_Device_Library/Core/Src/usbd_ctlreq.c ****   USBD_StatusTypeDef ret = USBD_OK;
 245:Middlewares/ST/STM32_USB_Device_Library/Core/Src/usbd_ctlreq.c **** 
 246:Middlewares/ST/STM32_USB_Device_Library/Core/Src/usbd_ctlreq.c ****   ep_addr = LOBYTE(req->wIndex);
 247:Middlewares/ST/STM32_USB_Device_Library/Core/Src/usbd_ctlreq.c **** 
 248:Middlewares/ST/STM32_USB_Device_Library/Core/Src/usbd_ctlreq.c ****   switch (req->bmRequest & USB_REQ_TYPE_MASK)
 249:Middlewares/ST/STM32_USB_Device_Library/Core/Src/usbd_ctlreq.c ****   {
 250:Middlewares/ST/STM32_USB_Device_Library/Core/Src/usbd_ctlreq.c ****     case USB_REQ_TYPE_CLASS:
 251:Middlewares/ST/STM32_USB_Device_Library/Core/Src/usbd_ctlreq.c ****     case USB_REQ_TYPE_VENDOR:
 252:Middlewares/ST/STM32_USB_Device_Library/Core/Src/usbd_ctlreq.c ****       /* Get the class index relative to this endpoint */
 253:Middlewares/ST/STM32_USB_Device_Library/Core/Src/usbd_ctlreq.c ****       idx = USBD_CoreFindEP(pdev, ep_addr);
 254:Middlewares/ST/STM32_USB_Device_Library/Core/Src/usbd_ctlreq.c ****       if (((uint8_t)idx != 0xFFU) && (idx < USBD_MAX_SUPPORTED_CLASS))
 255:Middlewares/ST/STM32_USB_Device_Library/Core/Src/usbd_ctlreq.c ****       {
 256:Middlewares/ST/STM32_USB_Device_Library/Core/Src/usbd_ctlreq.c ****         pdev->classId = idx;
 257:Middlewares/ST/STM32_USB_Device_Library/Core/Src/usbd_ctlreq.c ****         /* Call the class data out function to manage the request */
 258:Middlewares/ST/STM32_USB_Device_Library/Core/Src/usbd_ctlreq.c ****         if (pdev->pClass[idx]->Setup != NULL)
ARM GAS  C:\Users\Nathan\AppData\Local\Temp\ccVw9ECP.s 			page 6


 259:Middlewares/ST/STM32_USB_Device_Library/Core/Src/usbd_ctlreq.c ****         {
 260:Middlewares/ST/STM32_USB_Device_Library/Core/Src/usbd_ctlreq.c ****           ret = (USBD_StatusTypeDef)pdev->pClass[idx]->Setup(pdev, req);
 261:Middlewares/ST/STM32_USB_Device_Library/Core/Src/usbd_ctlreq.c ****         }
 262:Middlewares/ST/STM32_USB_Device_Library/Core/Src/usbd_ctlreq.c ****       }
 263:Middlewares/ST/STM32_USB_Device_Library/Core/Src/usbd_ctlreq.c ****       break;
 264:Middlewares/ST/STM32_USB_Device_Library/Core/Src/usbd_ctlreq.c **** 
 265:Middlewares/ST/STM32_USB_Device_Library/Core/Src/usbd_ctlreq.c ****     case USB_REQ_TYPE_STANDARD:
 266:Middlewares/ST/STM32_USB_Device_Library/Core/Src/usbd_ctlreq.c ****       switch (req->bRequest)
 267:Middlewares/ST/STM32_USB_Device_Library/Core/Src/usbd_ctlreq.c ****       {
 268:Middlewares/ST/STM32_USB_Device_Library/Core/Src/usbd_ctlreq.c ****         case USB_REQ_SET_FEATURE:
 269:Middlewares/ST/STM32_USB_Device_Library/Core/Src/usbd_ctlreq.c ****           switch (pdev->dev_state)
 270:Middlewares/ST/STM32_USB_Device_Library/Core/Src/usbd_ctlreq.c ****           {
 271:Middlewares/ST/STM32_USB_Device_Library/Core/Src/usbd_ctlreq.c ****             case USBD_STATE_ADDRESSED:
 272:Middlewares/ST/STM32_USB_Device_Library/Core/Src/usbd_ctlreq.c ****               if ((ep_addr != 0x00U) && (ep_addr != 0x80U))
 273:Middlewares/ST/STM32_USB_Device_Library/Core/Src/usbd_ctlreq.c ****               {
 274:Middlewares/ST/STM32_USB_Device_Library/Core/Src/usbd_ctlreq.c ****                 (void)USBD_LL_StallEP(pdev, ep_addr);
 275:Middlewares/ST/STM32_USB_Device_Library/Core/Src/usbd_ctlreq.c ****                 (void)USBD_LL_StallEP(pdev, 0x80U);
 276:Middlewares/ST/STM32_USB_Device_Library/Core/Src/usbd_ctlreq.c ****               }
 277:Middlewares/ST/STM32_USB_Device_Library/Core/Src/usbd_ctlreq.c ****               else
 278:Middlewares/ST/STM32_USB_Device_Library/Core/Src/usbd_ctlreq.c ****               {
 279:Middlewares/ST/STM32_USB_Device_Library/Core/Src/usbd_ctlreq.c ****                 USBD_CtlError(pdev, req);
 280:Middlewares/ST/STM32_USB_Device_Library/Core/Src/usbd_ctlreq.c ****               }
 281:Middlewares/ST/STM32_USB_Device_Library/Core/Src/usbd_ctlreq.c ****               break;
 282:Middlewares/ST/STM32_USB_Device_Library/Core/Src/usbd_ctlreq.c **** 
 283:Middlewares/ST/STM32_USB_Device_Library/Core/Src/usbd_ctlreq.c ****             case USBD_STATE_CONFIGURED:
 284:Middlewares/ST/STM32_USB_Device_Library/Core/Src/usbd_ctlreq.c ****               if (req->wValue == USB_FEATURE_EP_HALT)
 285:Middlewares/ST/STM32_USB_Device_Library/Core/Src/usbd_ctlreq.c ****               {
 286:Middlewares/ST/STM32_USB_Device_Library/Core/Src/usbd_ctlreq.c ****                 if ((ep_addr != 0x00U) && (ep_addr != 0x80U) && (req->wLength == 0x00U))
 287:Middlewares/ST/STM32_USB_Device_Library/Core/Src/usbd_ctlreq.c ****                 {
 288:Middlewares/ST/STM32_USB_Device_Library/Core/Src/usbd_ctlreq.c ****                   (void)USBD_LL_StallEP(pdev, ep_addr);
 289:Middlewares/ST/STM32_USB_Device_Library/Core/Src/usbd_ctlreq.c ****                 }
 290:Middlewares/ST/STM32_USB_Device_Library/Core/Src/usbd_ctlreq.c ****               }
 291:Middlewares/ST/STM32_USB_Device_Library/Core/Src/usbd_ctlreq.c ****               (void)USBD_CtlSendStatus(pdev);
 292:Middlewares/ST/STM32_USB_Device_Library/Core/Src/usbd_ctlreq.c **** 
 293:Middlewares/ST/STM32_USB_Device_Library/Core/Src/usbd_ctlreq.c ****               break;
 294:Middlewares/ST/STM32_USB_Device_Library/Core/Src/usbd_ctlreq.c **** 
 295:Middlewares/ST/STM32_USB_Device_Library/Core/Src/usbd_ctlreq.c ****             default:
 296:Middlewares/ST/STM32_USB_Device_Library/Core/Src/usbd_ctlreq.c ****               USBD_CtlError(pdev, req);
 297:Middlewares/ST/STM32_USB_Device_Library/Core/Src/usbd_ctlreq.c ****               break;
 298:Middlewares/ST/STM32_USB_Device_Library/Core/Src/usbd_ctlreq.c ****           }
 299:Middlewares/ST/STM32_USB_Device_Library/Core/Src/usbd_ctlreq.c ****           break;
 300:Middlewares/ST/STM32_USB_Device_Library/Core/Src/usbd_ctlreq.c **** 
 301:Middlewares/ST/STM32_USB_Device_Library/Core/Src/usbd_ctlreq.c ****         case USB_REQ_CLEAR_FEATURE:
 302:Middlewares/ST/STM32_USB_Device_Library/Core/Src/usbd_ctlreq.c **** 
 303:Middlewares/ST/STM32_USB_Device_Library/Core/Src/usbd_ctlreq.c ****           switch (pdev->dev_state)
 304:Middlewares/ST/STM32_USB_Device_Library/Core/Src/usbd_ctlreq.c ****           {
 305:Middlewares/ST/STM32_USB_Device_Library/Core/Src/usbd_ctlreq.c ****             case USBD_STATE_ADDRESSED:
 306:Middlewares/ST/STM32_USB_Device_Library/Core/Src/usbd_ctlreq.c ****               if ((ep_addr != 0x00U) && (ep_addr != 0x80U))
 307:Middlewares/ST/STM32_USB_Device_Library/Core/Src/usbd_ctlreq.c ****               {
 308:Middlewares/ST/STM32_USB_Device_Library/Core/Src/usbd_ctlreq.c ****                 (void)USBD_LL_StallEP(pdev, ep_addr);
 309:Middlewares/ST/STM32_USB_Device_Library/Core/Src/usbd_ctlreq.c ****                 (void)USBD_LL_StallEP(pdev, 0x80U);
 310:Middlewares/ST/STM32_USB_Device_Library/Core/Src/usbd_ctlreq.c ****               }
 311:Middlewares/ST/STM32_USB_Device_Library/Core/Src/usbd_ctlreq.c ****               else
 312:Middlewares/ST/STM32_USB_Device_Library/Core/Src/usbd_ctlreq.c ****               {
 313:Middlewares/ST/STM32_USB_Device_Library/Core/Src/usbd_ctlreq.c ****                 USBD_CtlError(pdev, req);
 314:Middlewares/ST/STM32_USB_Device_Library/Core/Src/usbd_ctlreq.c ****               }
 315:Middlewares/ST/STM32_USB_Device_Library/Core/Src/usbd_ctlreq.c ****               break;
ARM GAS  C:\Users\Nathan\AppData\Local\Temp\ccVw9ECP.s 			page 7


 316:Middlewares/ST/STM32_USB_Device_Library/Core/Src/usbd_ctlreq.c **** 
 317:Middlewares/ST/STM32_USB_Device_Library/Core/Src/usbd_ctlreq.c ****             case USBD_STATE_CONFIGURED:
 318:Middlewares/ST/STM32_USB_Device_Library/Core/Src/usbd_ctlreq.c ****               if (req->wValue == USB_FEATURE_EP_HALT)
 319:Middlewares/ST/STM32_USB_Device_Library/Core/Src/usbd_ctlreq.c ****               {
 320:Middlewares/ST/STM32_USB_Device_Library/Core/Src/usbd_ctlreq.c ****                 if ((ep_addr & 0x7FU) != 0x00U)
 321:Middlewares/ST/STM32_USB_Device_Library/Core/Src/usbd_ctlreq.c ****                 {
 322:Middlewares/ST/STM32_USB_Device_Library/Core/Src/usbd_ctlreq.c ****                   (void)USBD_LL_ClearStallEP(pdev, ep_addr);
 323:Middlewares/ST/STM32_USB_Device_Library/Core/Src/usbd_ctlreq.c ****                 }
 324:Middlewares/ST/STM32_USB_Device_Library/Core/Src/usbd_ctlreq.c ****                 (void)USBD_CtlSendStatus(pdev);
 325:Middlewares/ST/STM32_USB_Device_Library/Core/Src/usbd_ctlreq.c **** 
 326:Middlewares/ST/STM32_USB_Device_Library/Core/Src/usbd_ctlreq.c ****                 /* Get the class index relative to this interface */
 327:Middlewares/ST/STM32_USB_Device_Library/Core/Src/usbd_ctlreq.c ****                 idx = USBD_CoreFindEP(pdev, ep_addr);
 328:Middlewares/ST/STM32_USB_Device_Library/Core/Src/usbd_ctlreq.c ****                 if (((uint8_t)idx != 0xFFU) && (idx < USBD_MAX_SUPPORTED_CLASS))
 329:Middlewares/ST/STM32_USB_Device_Library/Core/Src/usbd_ctlreq.c ****                 {
 330:Middlewares/ST/STM32_USB_Device_Library/Core/Src/usbd_ctlreq.c ****                   pdev->classId = idx;
 331:Middlewares/ST/STM32_USB_Device_Library/Core/Src/usbd_ctlreq.c ****                   /* Call the class data out function to manage the request */
 332:Middlewares/ST/STM32_USB_Device_Library/Core/Src/usbd_ctlreq.c ****                   if (pdev->pClass[idx]->Setup != NULL)
 333:Middlewares/ST/STM32_USB_Device_Library/Core/Src/usbd_ctlreq.c ****                   {
 334:Middlewares/ST/STM32_USB_Device_Library/Core/Src/usbd_ctlreq.c ****                     ret = (USBD_StatusTypeDef)(pdev->pClass[idx]->Setup(pdev, req));
 335:Middlewares/ST/STM32_USB_Device_Library/Core/Src/usbd_ctlreq.c ****                   }
 336:Middlewares/ST/STM32_USB_Device_Library/Core/Src/usbd_ctlreq.c ****                 }
 337:Middlewares/ST/STM32_USB_Device_Library/Core/Src/usbd_ctlreq.c ****               }
 338:Middlewares/ST/STM32_USB_Device_Library/Core/Src/usbd_ctlreq.c ****               break;
 339:Middlewares/ST/STM32_USB_Device_Library/Core/Src/usbd_ctlreq.c **** 
 340:Middlewares/ST/STM32_USB_Device_Library/Core/Src/usbd_ctlreq.c ****             default:
 341:Middlewares/ST/STM32_USB_Device_Library/Core/Src/usbd_ctlreq.c ****               USBD_CtlError(pdev, req);
 342:Middlewares/ST/STM32_USB_Device_Library/Core/Src/usbd_ctlreq.c ****               break;
 343:Middlewares/ST/STM32_USB_Device_Library/Core/Src/usbd_ctlreq.c ****           }
 344:Middlewares/ST/STM32_USB_Device_Library/Core/Src/usbd_ctlreq.c ****           break;
 345:Middlewares/ST/STM32_USB_Device_Library/Core/Src/usbd_ctlreq.c **** 
 346:Middlewares/ST/STM32_USB_Device_Library/Core/Src/usbd_ctlreq.c ****         case USB_REQ_GET_STATUS:
 347:Middlewares/ST/STM32_USB_Device_Library/Core/Src/usbd_ctlreq.c ****           switch (pdev->dev_state)
 348:Middlewares/ST/STM32_USB_Device_Library/Core/Src/usbd_ctlreq.c ****           {
 349:Middlewares/ST/STM32_USB_Device_Library/Core/Src/usbd_ctlreq.c ****             case USBD_STATE_ADDRESSED:
 350:Middlewares/ST/STM32_USB_Device_Library/Core/Src/usbd_ctlreq.c ****               if ((ep_addr != 0x00U) && (ep_addr != 0x80U))
 351:Middlewares/ST/STM32_USB_Device_Library/Core/Src/usbd_ctlreq.c ****               {
 352:Middlewares/ST/STM32_USB_Device_Library/Core/Src/usbd_ctlreq.c ****                 USBD_CtlError(pdev, req);
 353:Middlewares/ST/STM32_USB_Device_Library/Core/Src/usbd_ctlreq.c ****                 break;
 354:Middlewares/ST/STM32_USB_Device_Library/Core/Src/usbd_ctlreq.c ****               }
 355:Middlewares/ST/STM32_USB_Device_Library/Core/Src/usbd_ctlreq.c ****               pep = ((ep_addr & 0x80U) == 0x80U) ? &pdev->ep_in[ep_addr & 0x7FU] : \
 356:Middlewares/ST/STM32_USB_Device_Library/Core/Src/usbd_ctlreq.c ****                     &pdev->ep_out[ep_addr & 0x7FU];
 357:Middlewares/ST/STM32_USB_Device_Library/Core/Src/usbd_ctlreq.c **** 
 358:Middlewares/ST/STM32_USB_Device_Library/Core/Src/usbd_ctlreq.c ****               pep->status = 0x0000U;
 359:Middlewares/ST/STM32_USB_Device_Library/Core/Src/usbd_ctlreq.c **** 
 360:Middlewares/ST/STM32_USB_Device_Library/Core/Src/usbd_ctlreq.c ****               (void)USBD_CtlSendData(pdev, (uint8_t *)&pep->status, 2U);
 361:Middlewares/ST/STM32_USB_Device_Library/Core/Src/usbd_ctlreq.c ****               break;
 362:Middlewares/ST/STM32_USB_Device_Library/Core/Src/usbd_ctlreq.c **** 
 363:Middlewares/ST/STM32_USB_Device_Library/Core/Src/usbd_ctlreq.c ****             case USBD_STATE_CONFIGURED:
 364:Middlewares/ST/STM32_USB_Device_Library/Core/Src/usbd_ctlreq.c ****               if ((ep_addr & 0x80U) == 0x80U)
 365:Middlewares/ST/STM32_USB_Device_Library/Core/Src/usbd_ctlreq.c ****               {
 366:Middlewares/ST/STM32_USB_Device_Library/Core/Src/usbd_ctlreq.c ****                 if (pdev->ep_in[ep_addr & 0xFU].is_used == 0U)
 367:Middlewares/ST/STM32_USB_Device_Library/Core/Src/usbd_ctlreq.c ****                 {
 368:Middlewares/ST/STM32_USB_Device_Library/Core/Src/usbd_ctlreq.c ****                   USBD_CtlError(pdev, req);
 369:Middlewares/ST/STM32_USB_Device_Library/Core/Src/usbd_ctlreq.c ****                   break;
 370:Middlewares/ST/STM32_USB_Device_Library/Core/Src/usbd_ctlreq.c ****                 }
 371:Middlewares/ST/STM32_USB_Device_Library/Core/Src/usbd_ctlreq.c ****               }
 372:Middlewares/ST/STM32_USB_Device_Library/Core/Src/usbd_ctlreq.c ****               else
ARM GAS  C:\Users\Nathan\AppData\Local\Temp\ccVw9ECP.s 			page 8


 373:Middlewares/ST/STM32_USB_Device_Library/Core/Src/usbd_ctlreq.c ****               {
 374:Middlewares/ST/STM32_USB_Device_Library/Core/Src/usbd_ctlreq.c ****                 if (pdev->ep_out[ep_addr & 0xFU].is_used == 0U)
 375:Middlewares/ST/STM32_USB_Device_Library/Core/Src/usbd_ctlreq.c ****                 {
 376:Middlewares/ST/STM32_USB_Device_Library/Core/Src/usbd_ctlreq.c ****                   USBD_CtlError(pdev, req);
 377:Middlewares/ST/STM32_USB_Device_Library/Core/Src/usbd_ctlreq.c ****                   break;
 378:Middlewares/ST/STM32_USB_Device_Library/Core/Src/usbd_ctlreq.c ****                 }
 379:Middlewares/ST/STM32_USB_Device_Library/Core/Src/usbd_ctlreq.c ****               }
 380:Middlewares/ST/STM32_USB_Device_Library/Core/Src/usbd_ctlreq.c **** 
 381:Middlewares/ST/STM32_USB_Device_Library/Core/Src/usbd_ctlreq.c ****               pep = ((ep_addr & 0x80U) == 0x80U) ? &pdev->ep_in[ep_addr & 0x7FU] : \
 382:Middlewares/ST/STM32_USB_Device_Library/Core/Src/usbd_ctlreq.c ****                     &pdev->ep_out[ep_addr & 0x7FU];
 383:Middlewares/ST/STM32_USB_Device_Library/Core/Src/usbd_ctlreq.c **** 
 384:Middlewares/ST/STM32_USB_Device_Library/Core/Src/usbd_ctlreq.c ****               if ((ep_addr == 0x00U) || (ep_addr == 0x80U))
 385:Middlewares/ST/STM32_USB_Device_Library/Core/Src/usbd_ctlreq.c ****               {
 386:Middlewares/ST/STM32_USB_Device_Library/Core/Src/usbd_ctlreq.c ****                 pep->status = 0x0000U;
 387:Middlewares/ST/STM32_USB_Device_Library/Core/Src/usbd_ctlreq.c ****               }
 388:Middlewares/ST/STM32_USB_Device_Library/Core/Src/usbd_ctlreq.c ****               else if (USBD_LL_IsStallEP(pdev, ep_addr) != 0U)
 389:Middlewares/ST/STM32_USB_Device_Library/Core/Src/usbd_ctlreq.c ****               {
 390:Middlewares/ST/STM32_USB_Device_Library/Core/Src/usbd_ctlreq.c ****                 pep->status = 0x0001U;
 391:Middlewares/ST/STM32_USB_Device_Library/Core/Src/usbd_ctlreq.c ****               }
 392:Middlewares/ST/STM32_USB_Device_Library/Core/Src/usbd_ctlreq.c ****               else
 393:Middlewares/ST/STM32_USB_Device_Library/Core/Src/usbd_ctlreq.c ****               {
 394:Middlewares/ST/STM32_USB_Device_Library/Core/Src/usbd_ctlreq.c ****                 pep->status = 0x0000U;
 395:Middlewares/ST/STM32_USB_Device_Library/Core/Src/usbd_ctlreq.c ****               }
 396:Middlewares/ST/STM32_USB_Device_Library/Core/Src/usbd_ctlreq.c **** 
 397:Middlewares/ST/STM32_USB_Device_Library/Core/Src/usbd_ctlreq.c ****               (void)USBD_CtlSendData(pdev, (uint8_t *)&pep->status, 2U);
 398:Middlewares/ST/STM32_USB_Device_Library/Core/Src/usbd_ctlreq.c ****               break;
 399:Middlewares/ST/STM32_USB_Device_Library/Core/Src/usbd_ctlreq.c **** 
 400:Middlewares/ST/STM32_USB_Device_Library/Core/Src/usbd_ctlreq.c ****             default:
 401:Middlewares/ST/STM32_USB_Device_Library/Core/Src/usbd_ctlreq.c ****               USBD_CtlError(pdev, req);
 402:Middlewares/ST/STM32_USB_Device_Library/Core/Src/usbd_ctlreq.c ****               break;
 403:Middlewares/ST/STM32_USB_Device_Library/Core/Src/usbd_ctlreq.c ****           }
 404:Middlewares/ST/STM32_USB_Device_Library/Core/Src/usbd_ctlreq.c ****           break;
 405:Middlewares/ST/STM32_USB_Device_Library/Core/Src/usbd_ctlreq.c **** 
 406:Middlewares/ST/STM32_USB_Device_Library/Core/Src/usbd_ctlreq.c ****         default:
 407:Middlewares/ST/STM32_USB_Device_Library/Core/Src/usbd_ctlreq.c ****           USBD_CtlError(pdev, req);
 408:Middlewares/ST/STM32_USB_Device_Library/Core/Src/usbd_ctlreq.c ****           break;
 409:Middlewares/ST/STM32_USB_Device_Library/Core/Src/usbd_ctlreq.c ****       }
 410:Middlewares/ST/STM32_USB_Device_Library/Core/Src/usbd_ctlreq.c ****       break;
 411:Middlewares/ST/STM32_USB_Device_Library/Core/Src/usbd_ctlreq.c **** 
 412:Middlewares/ST/STM32_USB_Device_Library/Core/Src/usbd_ctlreq.c ****     default:
 413:Middlewares/ST/STM32_USB_Device_Library/Core/Src/usbd_ctlreq.c ****       USBD_CtlError(pdev, req);
 414:Middlewares/ST/STM32_USB_Device_Library/Core/Src/usbd_ctlreq.c ****       break;
 415:Middlewares/ST/STM32_USB_Device_Library/Core/Src/usbd_ctlreq.c ****   }
 416:Middlewares/ST/STM32_USB_Device_Library/Core/Src/usbd_ctlreq.c **** 
 417:Middlewares/ST/STM32_USB_Device_Library/Core/Src/usbd_ctlreq.c ****   return ret;
 418:Middlewares/ST/STM32_USB_Device_Library/Core/Src/usbd_ctlreq.c **** }
 419:Middlewares/ST/STM32_USB_Device_Library/Core/Src/usbd_ctlreq.c **** 
 420:Middlewares/ST/STM32_USB_Device_Library/Core/Src/usbd_ctlreq.c **** 
 421:Middlewares/ST/STM32_USB_Device_Library/Core/Src/usbd_ctlreq.c **** /**
 422:Middlewares/ST/STM32_USB_Device_Library/Core/Src/usbd_ctlreq.c ****   * @brief  USBD_GetDescriptor
 423:Middlewares/ST/STM32_USB_Device_Library/Core/Src/usbd_ctlreq.c ****   *         Handle Get Descriptor requests
 424:Middlewares/ST/STM32_USB_Device_Library/Core/Src/usbd_ctlreq.c ****   * @param  pdev: device instance
 425:Middlewares/ST/STM32_USB_Device_Library/Core/Src/usbd_ctlreq.c ****   * @param  req: usb request
 426:Middlewares/ST/STM32_USB_Device_Library/Core/Src/usbd_ctlreq.c ****   * @retval None
 427:Middlewares/ST/STM32_USB_Device_Library/Core/Src/usbd_ctlreq.c ****   */
 428:Middlewares/ST/STM32_USB_Device_Library/Core/Src/usbd_ctlreq.c **** static void USBD_GetDescriptor(USBD_HandleTypeDef *pdev, USBD_SetupReqTypedef *req)
 429:Middlewares/ST/STM32_USB_Device_Library/Core/Src/usbd_ctlreq.c **** {
ARM GAS  C:\Users\Nathan\AppData\Local\Temp\ccVw9ECP.s 			page 9


 430:Middlewares/ST/STM32_USB_Device_Library/Core/Src/usbd_ctlreq.c ****   uint16_t len = 0U;
 431:Middlewares/ST/STM32_USB_Device_Library/Core/Src/usbd_ctlreq.c ****   uint8_t *pbuf = NULL;
 432:Middlewares/ST/STM32_USB_Device_Library/Core/Src/usbd_ctlreq.c ****   uint8_t err = 0U;
 433:Middlewares/ST/STM32_USB_Device_Library/Core/Src/usbd_ctlreq.c **** 
 434:Middlewares/ST/STM32_USB_Device_Library/Core/Src/usbd_ctlreq.c ****   switch (req->wValue >> 8)
 435:Middlewares/ST/STM32_USB_Device_Library/Core/Src/usbd_ctlreq.c ****   {
 436:Middlewares/ST/STM32_USB_Device_Library/Core/Src/usbd_ctlreq.c **** #if ((USBD_LPM_ENABLED == 1U) || (USBD_CLASS_BOS_ENABLED == 1U))
 437:Middlewares/ST/STM32_USB_Device_Library/Core/Src/usbd_ctlreq.c ****     case USB_DESC_TYPE_BOS:
 438:Middlewares/ST/STM32_USB_Device_Library/Core/Src/usbd_ctlreq.c ****       if (pdev->pDesc->GetBOSDescriptor != NULL)
 439:Middlewares/ST/STM32_USB_Device_Library/Core/Src/usbd_ctlreq.c ****       {
 440:Middlewares/ST/STM32_USB_Device_Library/Core/Src/usbd_ctlreq.c ****         pbuf = pdev->pDesc->GetBOSDescriptor(pdev->dev_speed, &len);
 441:Middlewares/ST/STM32_USB_Device_Library/Core/Src/usbd_ctlreq.c ****       }
 442:Middlewares/ST/STM32_USB_Device_Library/Core/Src/usbd_ctlreq.c ****       else
 443:Middlewares/ST/STM32_USB_Device_Library/Core/Src/usbd_ctlreq.c ****       {
 444:Middlewares/ST/STM32_USB_Device_Library/Core/Src/usbd_ctlreq.c ****         USBD_CtlError(pdev, req);
 445:Middlewares/ST/STM32_USB_Device_Library/Core/Src/usbd_ctlreq.c ****         err++;
 446:Middlewares/ST/STM32_USB_Device_Library/Core/Src/usbd_ctlreq.c ****       }
 447:Middlewares/ST/STM32_USB_Device_Library/Core/Src/usbd_ctlreq.c ****       break;
 448:Middlewares/ST/STM32_USB_Device_Library/Core/Src/usbd_ctlreq.c **** #endif /* (USBD_LPM_ENABLED == 1U) || (USBD_CLASS_BOS_ENABLED == 1U) */
 449:Middlewares/ST/STM32_USB_Device_Library/Core/Src/usbd_ctlreq.c ****     case USB_DESC_TYPE_DEVICE:
 450:Middlewares/ST/STM32_USB_Device_Library/Core/Src/usbd_ctlreq.c ****       pbuf = pdev->pDesc->GetDeviceDescriptor(pdev->dev_speed, &len);
 451:Middlewares/ST/STM32_USB_Device_Library/Core/Src/usbd_ctlreq.c ****       break;
 452:Middlewares/ST/STM32_USB_Device_Library/Core/Src/usbd_ctlreq.c **** 
 453:Middlewares/ST/STM32_USB_Device_Library/Core/Src/usbd_ctlreq.c ****     case USB_DESC_TYPE_CONFIGURATION:
 454:Middlewares/ST/STM32_USB_Device_Library/Core/Src/usbd_ctlreq.c ****       if (pdev->dev_speed == USBD_SPEED_HIGH)
 455:Middlewares/ST/STM32_USB_Device_Library/Core/Src/usbd_ctlreq.c ****       {
 456:Middlewares/ST/STM32_USB_Device_Library/Core/Src/usbd_ctlreq.c **** #ifdef USE_USBD_COMPOSITE
 457:Middlewares/ST/STM32_USB_Device_Library/Core/Src/usbd_ctlreq.c ****         if ((uint8_t)(pdev->NumClasses) > 0U)
 458:Middlewares/ST/STM32_USB_Device_Library/Core/Src/usbd_ctlreq.c ****         {
 459:Middlewares/ST/STM32_USB_Device_Library/Core/Src/usbd_ctlreq.c ****           pbuf = (uint8_t *)USBD_CMPSIT.GetHSConfigDescriptor(&len);
 460:Middlewares/ST/STM32_USB_Device_Library/Core/Src/usbd_ctlreq.c ****         }
 461:Middlewares/ST/STM32_USB_Device_Library/Core/Src/usbd_ctlreq.c ****         else
 462:Middlewares/ST/STM32_USB_Device_Library/Core/Src/usbd_ctlreq.c **** #endif /* USE_USBD_COMPOSITE */
 463:Middlewares/ST/STM32_USB_Device_Library/Core/Src/usbd_ctlreq.c ****         {
 464:Middlewares/ST/STM32_USB_Device_Library/Core/Src/usbd_ctlreq.c ****           pbuf = (uint8_t *)pdev->pClass[0]->GetHSConfigDescriptor(&len);
 465:Middlewares/ST/STM32_USB_Device_Library/Core/Src/usbd_ctlreq.c ****         }
 466:Middlewares/ST/STM32_USB_Device_Library/Core/Src/usbd_ctlreq.c ****         pbuf[1] = USB_DESC_TYPE_CONFIGURATION;
 467:Middlewares/ST/STM32_USB_Device_Library/Core/Src/usbd_ctlreq.c ****       }
 468:Middlewares/ST/STM32_USB_Device_Library/Core/Src/usbd_ctlreq.c ****       else
 469:Middlewares/ST/STM32_USB_Device_Library/Core/Src/usbd_ctlreq.c ****       {
 470:Middlewares/ST/STM32_USB_Device_Library/Core/Src/usbd_ctlreq.c **** #ifdef USE_USBD_COMPOSITE
 471:Middlewares/ST/STM32_USB_Device_Library/Core/Src/usbd_ctlreq.c ****         if ((uint8_t)(pdev->NumClasses) > 0U)
 472:Middlewares/ST/STM32_USB_Device_Library/Core/Src/usbd_ctlreq.c ****         {
 473:Middlewares/ST/STM32_USB_Device_Library/Core/Src/usbd_ctlreq.c ****           pbuf = (uint8_t *)USBD_CMPSIT.GetFSConfigDescriptor(&len);
 474:Middlewares/ST/STM32_USB_Device_Library/Core/Src/usbd_ctlreq.c ****         }
 475:Middlewares/ST/STM32_USB_Device_Library/Core/Src/usbd_ctlreq.c ****         else
 476:Middlewares/ST/STM32_USB_Device_Library/Core/Src/usbd_ctlreq.c **** #endif /* USE_USBD_COMPOSITE */
 477:Middlewares/ST/STM32_USB_Device_Library/Core/Src/usbd_ctlreq.c ****         {
 478:Middlewares/ST/STM32_USB_Device_Library/Core/Src/usbd_ctlreq.c ****           pbuf = (uint8_t *)pdev->pClass[0]->GetFSConfigDescriptor(&len);
 479:Middlewares/ST/STM32_USB_Device_Library/Core/Src/usbd_ctlreq.c ****         }
 480:Middlewares/ST/STM32_USB_Device_Library/Core/Src/usbd_ctlreq.c ****         pbuf[1] = USB_DESC_TYPE_CONFIGURATION;
 481:Middlewares/ST/STM32_USB_Device_Library/Core/Src/usbd_ctlreq.c ****       }
 482:Middlewares/ST/STM32_USB_Device_Library/Core/Src/usbd_ctlreq.c ****       break;
 483:Middlewares/ST/STM32_USB_Device_Library/Core/Src/usbd_ctlreq.c **** 
 484:Middlewares/ST/STM32_USB_Device_Library/Core/Src/usbd_ctlreq.c ****     case USB_DESC_TYPE_STRING:
 485:Middlewares/ST/STM32_USB_Device_Library/Core/Src/usbd_ctlreq.c ****       switch ((uint8_t)(req->wValue))
 486:Middlewares/ST/STM32_USB_Device_Library/Core/Src/usbd_ctlreq.c ****       {
ARM GAS  C:\Users\Nathan\AppData\Local\Temp\ccVw9ECP.s 			page 10


 487:Middlewares/ST/STM32_USB_Device_Library/Core/Src/usbd_ctlreq.c ****         case USBD_IDX_LANGID_STR:
 488:Middlewares/ST/STM32_USB_Device_Library/Core/Src/usbd_ctlreq.c ****           if (pdev->pDesc->GetLangIDStrDescriptor != NULL)
 489:Middlewares/ST/STM32_USB_Device_Library/Core/Src/usbd_ctlreq.c ****           {
 490:Middlewares/ST/STM32_USB_Device_Library/Core/Src/usbd_ctlreq.c ****             pbuf = pdev->pDesc->GetLangIDStrDescriptor(pdev->dev_speed, &len);
 491:Middlewares/ST/STM32_USB_Device_Library/Core/Src/usbd_ctlreq.c ****           }
 492:Middlewares/ST/STM32_USB_Device_Library/Core/Src/usbd_ctlreq.c ****           else
 493:Middlewares/ST/STM32_USB_Device_Library/Core/Src/usbd_ctlreq.c ****           {
 494:Middlewares/ST/STM32_USB_Device_Library/Core/Src/usbd_ctlreq.c ****             USBD_CtlError(pdev, req);
 495:Middlewares/ST/STM32_USB_Device_Library/Core/Src/usbd_ctlreq.c ****             err++;
 496:Middlewares/ST/STM32_USB_Device_Library/Core/Src/usbd_ctlreq.c ****           }
 497:Middlewares/ST/STM32_USB_Device_Library/Core/Src/usbd_ctlreq.c ****           break;
 498:Middlewares/ST/STM32_USB_Device_Library/Core/Src/usbd_ctlreq.c **** 
 499:Middlewares/ST/STM32_USB_Device_Library/Core/Src/usbd_ctlreq.c ****         case USBD_IDX_MFC_STR:
 500:Middlewares/ST/STM32_USB_Device_Library/Core/Src/usbd_ctlreq.c ****           if (pdev->pDesc->GetManufacturerStrDescriptor != NULL)
 501:Middlewares/ST/STM32_USB_Device_Library/Core/Src/usbd_ctlreq.c ****           {
 502:Middlewares/ST/STM32_USB_Device_Library/Core/Src/usbd_ctlreq.c ****             pbuf = pdev->pDesc->GetManufacturerStrDescriptor(pdev->dev_speed, &len);
 503:Middlewares/ST/STM32_USB_Device_Library/Core/Src/usbd_ctlreq.c ****           }
 504:Middlewares/ST/STM32_USB_Device_Library/Core/Src/usbd_ctlreq.c ****           else
 505:Middlewares/ST/STM32_USB_Device_Library/Core/Src/usbd_ctlreq.c ****           {
 506:Middlewares/ST/STM32_USB_Device_Library/Core/Src/usbd_ctlreq.c ****             USBD_CtlError(pdev, req);
 507:Middlewares/ST/STM32_USB_Device_Library/Core/Src/usbd_ctlreq.c ****             err++;
 508:Middlewares/ST/STM32_USB_Device_Library/Core/Src/usbd_ctlreq.c ****           }
 509:Middlewares/ST/STM32_USB_Device_Library/Core/Src/usbd_ctlreq.c ****           break;
 510:Middlewares/ST/STM32_USB_Device_Library/Core/Src/usbd_ctlreq.c **** 
 511:Middlewares/ST/STM32_USB_Device_Library/Core/Src/usbd_ctlreq.c ****         case USBD_IDX_PRODUCT_STR:
 512:Middlewares/ST/STM32_USB_Device_Library/Core/Src/usbd_ctlreq.c ****           if (pdev->pDesc->GetProductStrDescriptor != NULL)
 513:Middlewares/ST/STM32_USB_Device_Library/Core/Src/usbd_ctlreq.c ****           {
 514:Middlewares/ST/STM32_USB_Device_Library/Core/Src/usbd_ctlreq.c ****             pbuf = pdev->pDesc->GetProductStrDescriptor(pdev->dev_speed, &len);
 515:Middlewares/ST/STM32_USB_Device_Library/Core/Src/usbd_ctlreq.c ****           }
 516:Middlewares/ST/STM32_USB_Device_Library/Core/Src/usbd_ctlreq.c ****           else
 517:Middlewares/ST/STM32_USB_Device_Library/Core/Src/usbd_ctlreq.c ****           {
 518:Middlewares/ST/STM32_USB_Device_Library/Core/Src/usbd_ctlreq.c ****             USBD_CtlError(pdev, req);
 519:Middlewares/ST/STM32_USB_Device_Library/Core/Src/usbd_ctlreq.c ****             err++;
 520:Middlewares/ST/STM32_USB_Device_Library/Core/Src/usbd_ctlreq.c ****           }
 521:Middlewares/ST/STM32_USB_Device_Library/Core/Src/usbd_ctlreq.c ****           break;
 522:Middlewares/ST/STM32_USB_Device_Library/Core/Src/usbd_ctlreq.c **** 
 523:Middlewares/ST/STM32_USB_Device_Library/Core/Src/usbd_ctlreq.c ****         case USBD_IDX_SERIAL_STR:
 524:Middlewares/ST/STM32_USB_Device_Library/Core/Src/usbd_ctlreq.c ****           if (pdev->pDesc->GetSerialStrDescriptor != NULL)
 525:Middlewares/ST/STM32_USB_Device_Library/Core/Src/usbd_ctlreq.c ****           {
 526:Middlewares/ST/STM32_USB_Device_Library/Core/Src/usbd_ctlreq.c ****             pbuf = pdev->pDesc->GetSerialStrDescriptor(pdev->dev_speed, &len);
 527:Middlewares/ST/STM32_USB_Device_Library/Core/Src/usbd_ctlreq.c ****           }
 528:Middlewares/ST/STM32_USB_Device_Library/Core/Src/usbd_ctlreq.c ****           else
 529:Middlewares/ST/STM32_USB_Device_Library/Core/Src/usbd_ctlreq.c ****           {
 530:Middlewares/ST/STM32_USB_Device_Library/Core/Src/usbd_ctlreq.c ****             USBD_CtlError(pdev, req);
 531:Middlewares/ST/STM32_USB_Device_Library/Core/Src/usbd_ctlreq.c ****             err++;
 532:Middlewares/ST/STM32_USB_Device_Library/Core/Src/usbd_ctlreq.c ****           }
 533:Middlewares/ST/STM32_USB_Device_Library/Core/Src/usbd_ctlreq.c ****           break;
 534:Middlewares/ST/STM32_USB_Device_Library/Core/Src/usbd_ctlreq.c **** 
 535:Middlewares/ST/STM32_USB_Device_Library/Core/Src/usbd_ctlreq.c ****         case USBD_IDX_CONFIG_STR:
 536:Middlewares/ST/STM32_USB_Device_Library/Core/Src/usbd_ctlreq.c ****           if (pdev->pDesc->GetConfigurationStrDescriptor != NULL)
 537:Middlewares/ST/STM32_USB_Device_Library/Core/Src/usbd_ctlreq.c ****           {
 538:Middlewares/ST/STM32_USB_Device_Library/Core/Src/usbd_ctlreq.c ****             pbuf = pdev->pDesc->GetConfigurationStrDescriptor(pdev->dev_speed, &len);
 539:Middlewares/ST/STM32_USB_Device_Library/Core/Src/usbd_ctlreq.c ****           }
 540:Middlewares/ST/STM32_USB_Device_Library/Core/Src/usbd_ctlreq.c ****           else
 541:Middlewares/ST/STM32_USB_Device_Library/Core/Src/usbd_ctlreq.c ****           {
 542:Middlewares/ST/STM32_USB_Device_Library/Core/Src/usbd_ctlreq.c ****             USBD_CtlError(pdev, req);
 543:Middlewares/ST/STM32_USB_Device_Library/Core/Src/usbd_ctlreq.c ****             err++;
ARM GAS  C:\Users\Nathan\AppData\Local\Temp\ccVw9ECP.s 			page 11


 544:Middlewares/ST/STM32_USB_Device_Library/Core/Src/usbd_ctlreq.c ****           }
 545:Middlewares/ST/STM32_USB_Device_Library/Core/Src/usbd_ctlreq.c ****           break;
 546:Middlewares/ST/STM32_USB_Device_Library/Core/Src/usbd_ctlreq.c **** 
 547:Middlewares/ST/STM32_USB_Device_Library/Core/Src/usbd_ctlreq.c ****         case USBD_IDX_INTERFACE_STR:
 548:Middlewares/ST/STM32_USB_Device_Library/Core/Src/usbd_ctlreq.c ****           if (pdev->pDesc->GetInterfaceStrDescriptor != NULL)
 549:Middlewares/ST/STM32_USB_Device_Library/Core/Src/usbd_ctlreq.c ****           {
 550:Middlewares/ST/STM32_USB_Device_Library/Core/Src/usbd_ctlreq.c ****             pbuf = pdev->pDesc->GetInterfaceStrDescriptor(pdev->dev_speed, &len);
 551:Middlewares/ST/STM32_USB_Device_Library/Core/Src/usbd_ctlreq.c ****           }
 552:Middlewares/ST/STM32_USB_Device_Library/Core/Src/usbd_ctlreq.c ****           else
 553:Middlewares/ST/STM32_USB_Device_Library/Core/Src/usbd_ctlreq.c ****           {
 554:Middlewares/ST/STM32_USB_Device_Library/Core/Src/usbd_ctlreq.c ****             USBD_CtlError(pdev, req);
 555:Middlewares/ST/STM32_USB_Device_Library/Core/Src/usbd_ctlreq.c ****             err++;
 556:Middlewares/ST/STM32_USB_Device_Library/Core/Src/usbd_ctlreq.c ****           }
 557:Middlewares/ST/STM32_USB_Device_Library/Core/Src/usbd_ctlreq.c ****           break;
 558:Middlewares/ST/STM32_USB_Device_Library/Core/Src/usbd_ctlreq.c **** 
 559:Middlewares/ST/STM32_USB_Device_Library/Core/Src/usbd_ctlreq.c ****         default:
 560:Middlewares/ST/STM32_USB_Device_Library/Core/Src/usbd_ctlreq.c **** #if (USBD_SUPPORT_USER_STRING_DESC == 1U)
 561:Middlewares/ST/STM32_USB_Device_Library/Core/Src/usbd_ctlreq.c ****           pbuf = NULL;
 562:Middlewares/ST/STM32_USB_Device_Library/Core/Src/usbd_ctlreq.c **** 
 563:Middlewares/ST/STM32_USB_Device_Library/Core/Src/usbd_ctlreq.c ****           for (uint32_t idx = 0U; (idx < pdev->NumClasses); idx++)
 564:Middlewares/ST/STM32_USB_Device_Library/Core/Src/usbd_ctlreq.c ****           {
 565:Middlewares/ST/STM32_USB_Device_Library/Core/Src/usbd_ctlreq.c ****             if (pdev->pClass[idx]->GetUsrStrDescriptor != NULL)
 566:Middlewares/ST/STM32_USB_Device_Library/Core/Src/usbd_ctlreq.c ****             {
 567:Middlewares/ST/STM32_USB_Device_Library/Core/Src/usbd_ctlreq.c ****               pdev->classId = idx;
 568:Middlewares/ST/STM32_USB_Device_Library/Core/Src/usbd_ctlreq.c ****               pbuf = pdev->pClass[idx]->GetUsrStrDescriptor(pdev, LOBYTE(req->wValue), &len);
 569:Middlewares/ST/STM32_USB_Device_Library/Core/Src/usbd_ctlreq.c **** 
 570:Middlewares/ST/STM32_USB_Device_Library/Core/Src/usbd_ctlreq.c ****               if (pbuf == NULL) /* This means that no class recognized the string index */
 571:Middlewares/ST/STM32_USB_Device_Library/Core/Src/usbd_ctlreq.c ****               {
 572:Middlewares/ST/STM32_USB_Device_Library/Core/Src/usbd_ctlreq.c ****                 continue;
 573:Middlewares/ST/STM32_USB_Device_Library/Core/Src/usbd_ctlreq.c ****               }
 574:Middlewares/ST/STM32_USB_Device_Library/Core/Src/usbd_ctlreq.c ****               else
 575:Middlewares/ST/STM32_USB_Device_Library/Core/Src/usbd_ctlreq.c ****               {
 576:Middlewares/ST/STM32_USB_Device_Library/Core/Src/usbd_ctlreq.c ****                 break;
 577:Middlewares/ST/STM32_USB_Device_Library/Core/Src/usbd_ctlreq.c ****               }
 578:Middlewares/ST/STM32_USB_Device_Library/Core/Src/usbd_ctlreq.c ****             }
 579:Middlewares/ST/STM32_USB_Device_Library/Core/Src/usbd_ctlreq.c ****           }
 580:Middlewares/ST/STM32_USB_Device_Library/Core/Src/usbd_ctlreq.c **** #endif /* USBD_SUPPORT_USER_STRING_DESC  */
 581:Middlewares/ST/STM32_USB_Device_Library/Core/Src/usbd_ctlreq.c **** 
 582:Middlewares/ST/STM32_USB_Device_Library/Core/Src/usbd_ctlreq.c **** #if (USBD_CLASS_USER_STRING_DESC == 1U)
 583:Middlewares/ST/STM32_USB_Device_Library/Core/Src/usbd_ctlreq.c ****           if (pdev->pDesc->GetUserStrDescriptor != NULL)
 584:Middlewares/ST/STM32_USB_Device_Library/Core/Src/usbd_ctlreq.c ****           {
 585:Middlewares/ST/STM32_USB_Device_Library/Core/Src/usbd_ctlreq.c ****             pbuf = pdev->pDesc->GetUserStrDescriptor(pdev->dev_speed, LOBYTE(req->wValue), &len);
 586:Middlewares/ST/STM32_USB_Device_Library/Core/Src/usbd_ctlreq.c ****           }
 587:Middlewares/ST/STM32_USB_Device_Library/Core/Src/usbd_ctlreq.c ****           else
 588:Middlewares/ST/STM32_USB_Device_Library/Core/Src/usbd_ctlreq.c ****           {
 589:Middlewares/ST/STM32_USB_Device_Library/Core/Src/usbd_ctlreq.c ****             USBD_CtlError(pdev, req);
 590:Middlewares/ST/STM32_USB_Device_Library/Core/Src/usbd_ctlreq.c ****             err++;
 591:Middlewares/ST/STM32_USB_Device_Library/Core/Src/usbd_ctlreq.c ****           }
 592:Middlewares/ST/STM32_USB_Device_Library/Core/Src/usbd_ctlreq.c **** #endif /* USBD_SUPPORT_USER_STRING_DESC  */
 593:Middlewares/ST/STM32_USB_Device_Library/Core/Src/usbd_ctlreq.c **** 
 594:Middlewares/ST/STM32_USB_Device_Library/Core/Src/usbd_ctlreq.c **** #if ((USBD_CLASS_USER_STRING_DESC == 0U) && (USBD_SUPPORT_USER_STRING_DESC == 0U))
 595:Middlewares/ST/STM32_USB_Device_Library/Core/Src/usbd_ctlreq.c ****           USBD_CtlError(pdev, req);
 596:Middlewares/ST/STM32_USB_Device_Library/Core/Src/usbd_ctlreq.c ****           err++;
 597:Middlewares/ST/STM32_USB_Device_Library/Core/Src/usbd_ctlreq.c **** #endif /* (USBD_CLASS_USER_STRING_DESC == 0U) && (USBD_SUPPORT_USER_STRING_DESC == 0U) */
 598:Middlewares/ST/STM32_USB_Device_Library/Core/Src/usbd_ctlreq.c ****           break;
 599:Middlewares/ST/STM32_USB_Device_Library/Core/Src/usbd_ctlreq.c ****       }
 600:Middlewares/ST/STM32_USB_Device_Library/Core/Src/usbd_ctlreq.c ****       break;
ARM GAS  C:\Users\Nathan\AppData\Local\Temp\ccVw9ECP.s 			page 12


 601:Middlewares/ST/STM32_USB_Device_Library/Core/Src/usbd_ctlreq.c **** 
 602:Middlewares/ST/STM32_USB_Device_Library/Core/Src/usbd_ctlreq.c ****     case USB_DESC_TYPE_DEVICE_QUALIFIER:
 603:Middlewares/ST/STM32_USB_Device_Library/Core/Src/usbd_ctlreq.c ****       if (pdev->dev_speed == USBD_SPEED_HIGH)
 604:Middlewares/ST/STM32_USB_Device_Library/Core/Src/usbd_ctlreq.c ****       {
 605:Middlewares/ST/STM32_USB_Device_Library/Core/Src/usbd_ctlreq.c **** #ifdef USE_USBD_COMPOSITE
 606:Middlewares/ST/STM32_USB_Device_Library/Core/Src/usbd_ctlreq.c ****         if ((uint8_t)(pdev->NumClasses) > 0U)
 607:Middlewares/ST/STM32_USB_Device_Library/Core/Src/usbd_ctlreq.c ****         {
 608:Middlewares/ST/STM32_USB_Device_Library/Core/Src/usbd_ctlreq.c ****           pbuf = (uint8_t *)USBD_CMPSIT.GetDeviceQualifierDescriptor(&len);
 609:Middlewares/ST/STM32_USB_Device_Library/Core/Src/usbd_ctlreq.c ****         }
 610:Middlewares/ST/STM32_USB_Device_Library/Core/Src/usbd_ctlreq.c ****         else
 611:Middlewares/ST/STM32_USB_Device_Library/Core/Src/usbd_ctlreq.c **** #endif /* USE_USBD_COMPOSITE */
 612:Middlewares/ST/STM32_USB_Device_Library/Core/Src/usbd_ctlreq.c ****         {
 613:Middlewares/ST/STM32_USB_Device_Library/Core/Src/usbd_ctlreq.c ****           pbuf = (uint8_t *)pdev->pClass[0]->GetDeviceQualifierDescriptor(&len);
 614:Middlewares/ST/STM32_USB_Device_Library/Core/Src/usbd_ctlreq.c ****         }
 615:Middlewares/ST/STM32_USB_Device_Library/Core/Src/usbd_ctlreq.c ****       }
 616:Middlewares/ST/STM32_USB_Device_Library/Core/Src/usbd_ctlreq.c ****       else
 617:Middlewares/ST/STM32_USB_Device_Library/Core/Src/usbd_ctlreq.c ****       {
 618:Middlewares/ST/STM32_USB_Device_Library/Core/Src/usbd_ctlreq.c ****         USBD_CtlError(pdev, req);
 619:Middlewares/ST/STM32_USB_Device_Library/Core/Src/usbd_ctlreq.c ****         err++;
 620:Middlewares/ST/STM32_USB_Device_Library/Core/Src/usbd_ctlreq.c ****       }
 621:Middlewares/ST/STM32_USB_Device_Library/Core/Src/usbd_ctlreq.c ****       break;
 622:Middlewares/ST/STM32_USB_Device_Library/Core/Src/usbd_ctlreq.c **** 
 623:Middlewares/ST/STM32_USB_Device_Library/Core/Src/usbd_ctlreq.c ****     case USB_DESC_TYPE_OTHER_SPEED_CONFIGURATION:
 624:Middlewares/ST/STM32_USB_Device_Library/Core/Src/usbd_ctlreq.c ****       if (pdev->dev_speed == USBD_SPEED_HIGH)
 625:Middlewares/ST/STM32_USB_Device_Library/Core/Src/usbd_ctlreq.c ****       {
 626:Middlewares/ST/STM32_USB_Device_Library/Core/Src/usbd_ctlreq.c **** #ifdef USE_USBD_COMPOSITE
 627:Middlewares/ST/STM32_USB_Device_Library/Core/Src/usbd_ctlreq.c ****         if ((uint8_t)(pdev->NumClasses) > 0U)
 628:Middlewares/ST/STM32_USB_Device_Library/Core/Src/usbd_ctlreq.c ****         {
 629:Middlewares/ST/STM32_USB_Device_Library/Core/Src/usbd_ctlreq.c ****           pbuf = (uint8_t *)USBD_CMPSIT.GetOtherSpeedConfigDescriptor(&len);
 630:Middlewares/ST/STM32_USB_Device_Library/Core/Src/usbd_ctlreq.c ****         }
 631:Middlewares/ST/STM32_USB_Device_Library/Core/Src/usbd_ctlreq.c ****         else
 632:Middlewares/ST/STM32_USB_Device_Library/Core/Src/usbd_ctlreq.c **** #endif /* USE_USBD_COMPOSITE */
 633:Middlewares/ST/STM32_USB_Device_Library/Core/Src/usbd_ctlreq.c ****         {
 634:Middlewares/ST/STM32_USB_Device_Library/Core/Src/usbd_ctlreq.c ****           pbuf = (uint8_t *)pdev->pClass[0]->GetOtherSpeedConfigDescriptor(&len);
 635:Middlewares/ST/STM32_USB_Device_Library/Core/Src/usbd_ctlreq.c ****         }
 636:Middlewares/ST/STM32_USB_Device_Library/Core/Src/usbd_ctlreq.c ****         pbuf[1] = USB_DESC_TYPE_OTHER_SPEED_CONFIGURATION;
 637:Middlewares/ST/STM32_USB_Device_Library/Core/Src/usbd_ctlreq.c ****       }
 638:Middlewares/ST/STM32_USB_Device_Library/Core/Src/usbd_ctlreq.c ****       else
 639:Middlewares/ST/STM32_USB_Device_Library/Core/Src/usbd_ctlreq.c ****       {
 640:Middlewares/ST/STM32_USB_Device_Library/Core/Src/usbd_ctlreq.c ****         USBD_CtlError(pdev, req);
 641:Middlewares/ST/STM32_USB_Device_Library/Core/Src/usbd_ctlreq.c ****         err++;
 642:Middlewares/ST/STM32_USB_Device_Library/Core/Src/usbd_ctlreq.c ****       }
 643:Middlewares/ST/STM32_USB_Device_Library/Core/Src/usbd_ctlreq.c ****       break;
 644:Middlewares/ST/STM32_USB_Device_Library/Core/Src/usbd_ctlreq.c **** 
 645:Middlewares/ST/STM32_USB_Device_Library/Core/Src/usbd_ctlreq.c ****     default:
 646:Middlewares/ST/STM32_USB_Device_Library/Core/Src/usbd_ctlreq.c ****       USBD_CtlError(pdev, req);
 647:Middlewares/ST/STM32_USB_Device_Library/Core/Src/usbd_ctlreq.c ****       err++;
 648:Middlewares/ST/STM32_USB_Device_Library/Core/Src/usbd_ctlreq.c ****       break;
 649:Middlewares/ST/STM32_USB_Device_Library/Core/Src/usbd_ctlreq.c ****   }
 650:Middlewares/ST/STM32_USB_Device_Library/Core/Src/usbd_ctlreq.c **** 
 651:Middlewares/ST/STM32_USB_Device_Library/Core/Src/usbd_ctlreq.c ****   if (err != 0U)
 652:Middlewares/ST/STM32_USB_Device_Library/Core/Src/usbd_ctlreq.c ****   {
 653:Middlewares/ST/STM32_USB_Device_Library/Core/Src/usbd_ctlreq.c ****     return;
 654:Middlewares/ST/STM32_USB_Device_Library/Core/Src/usbd_ctlreq.c ****   }
 655:Middlewares/ST/STM32_USB_Device_Library/Core/Src/usbd_ctlreq.c **** 
 656:Middlewares/ST/STM32_USB_Device_Library/Core/Src/usbd_ctlreq.c ****   if (req->wLength != 0U)
 657:Middlewares/ST/STM32_USB_Device_Library/Core/Src/usbd_ctlreq.c ****   {
ARM GAS  C:\Users\Nathan\AppData\Local\Temp\ccVw9ECP.s 			page 13


 658:Middlewares/ST/STM32_USB_Device_Library/Core/Src/usbd_ctlreq.c ****     if (len != 0U)
 659:Middlewares/ST/STM32_USB_Device_Library/Core/Src/usbd_ctlreq.c ****     {
 660:Middlewares/ST/STM32_USB_Device_Library/Core/Src/usbd_ctlreq.c ****       len = MIN(len, req->wLength);
 661:Middlewares/ST/STM32_USB_Device_Library/Core/Src/usbd_ctlreq.c ****       (void)USBD_CtlSendData(pdev, pbuf, len);
 662:Middlewares/ST/STM32_USB_Device_Library/Core/Src/usbd_ctlreq.c ****     }
 663:Middlewares/ST/STM32_USB_Device_Library/Core/Src/usbd_ctlreq.c ****     else
 664:Middlewares/ST/STM32_USB_Device_Library/Core/Src/usbd_ctlreq.c ****     {
 665:Middlewares/ST/STM32_USB_Device_Library/Core/Src/usbd_ctlreq.c ****       USBD_CtlError(pdev, req);
 666:Middlewares/ST/STM32_USB_Device_Library/Core/Src/usbd_ctlreq.c ****     }
 667:Middlewares/ST/STM32_USB_Device_Library/Core/Src/usbd_ctlreq.c ****   }
 668:Middlewares/ST/STM32_USB_Device_Library/Core/Src/usbd_ctlreq.c ****   else
 669:Middlewares/ST/STM32_USB_Device_Library/Core/Src/usbd_ctlreq.c ****   {
 670:Middlewares/ST/STM32_USB_Device_Library/Core/Src/usbd_ctlreq.c ****     (void)USBD_CtlSendStatus(pdev);
 671:Middlewares/ST/STM32_USB_Device_Library/Core/Src/usbd_ctlreq.c ****   }
 672:Middlewares/ST/STM32_USB_Device_Library/Core/Src/usbd_ctlreq.c **** }
 673:Middlewares/ST/STM32_USB_Device_Library/Core/Src/usbd_ctlreq.c **** 
 674:Middlewares/ST/STM32_USB_Device_Library/Core/Src/usbd_ctlreq.c **** 
 675:Middlewares/ST/STM32_USB_Device_Library/Core/Src/usbd_ctlreq.c **** /**
 676:Middlewares/ST/STM32_USB_Device_Library/Core/Src/usbd_ctlreq.c ****   * @brief  USBD_SetAddress
 677:Middlewares/ST/STM32_USB_Device_Library/Core/Src/usbd_ctlreq.c ****   *         Set device address
 678:Middlewares/ST/STM32_USB_Device_Library/Core/Src/usbd_ctlreq.c ****   * @param  pdev: device instance
 679:Middlewares/ST/STM32_USB_Device_Library/Core/Src/usbd_ctlreq.c ****   * @param  req: usb request
 680:Middlewares/ST/STM32_USB_Device_Library/Core/Src/usbd_ctlreq.c ****   * @retval None
 681:Middlewares/ST/STM32_USB_Device_Library/Core/Src/usbd_ctlreq.c ****   */
 682:Middlewares/ST/STM32_USB_Device_Library/Core/Src/usbd_ctlreq.c **** static void USBD_SetAddress(USBD_HandleTypeDef *pdev, USBD_SetupReqTypedef *req)
 683:Middlewares/ST/STM32_USB_Device_Library/Core/Src/usbd_ctlreq.c **** {
 684:Middlewares/ST/STM32_USB_Device_Library/Core/Src/usbd_ctlreq.c ****   uint8_t  dev_addr;
 685:Middlewares/ST/STM32_USB_Device_Library/Core/Src/usbd_ctlreq.c **** 
 686:Middlewares/ST/STM32_USB_Device_Library/Core/Src/usbd_ctlreq.c ****   if ((req->wIndex == 0U) && (req->wLength == 0U) && (req->wValue < 128U))
 687:Middlewares/ST/STM32_USB_Device_Library/Core/Src/usbd_ctlreq.c ****   {
 688:Middlewares/ST/STM32_USB_Device_Library/Core/Src/usbd_ctlreq.c ****     dev_addr = (uint8_t)(req->wValue) & 0x7FU;
 689:Middlewares/ST/STM32_USB_Device_Library/Core/Src/usbd_ctlreq.c **** 
 690:Middlewares/ST/STM32_USB_Device_Library/Core/Src/usbd_ctlreq.c ****     if (pdev->dev_state == USBD_STATE_CONFIGURED)
 691:Middlewares/ST/STM32_USB_Device_Library/Core/Src/usbd_ctlreq.c ****     {
 692:Middlewares/ST/STM32_USB_Device_Library/Core/Src/usbd_ctlreq.c ****       USBD_CtlError(pdev, req);
 693:Middlewares/ST/STM32_USB_Device_Library/Core/Src/usbd_ctlreq.c ****     }
 694:Middlewares/ST/STM32_USB_Device_Library/Core/Src/usbd_ctlreq.c ****     else
 695:Middlewares/ST/STM32_USB_Device_Library/Core/Src/usbd_ctlreq.c ****     {
 696:Middlewares/ST/STM32_USB_Device_Library/Core/Src/usbd_ctlreq.c ****       pdev->dev_address = dev_addr;
 697:Middlewares/ST/STM32_USB_Device_Library/Core/Src/usbd_ctlreq.c ****       (void)USBD_LL_SetUSBAddress(pdev, dev_addr);
 698:Middlewares/ST/STM32_USB_Device_Library/Core/Src/usbd_ctlreq.c ****       (void)USBD_CtlSendStatus(pdev);
 699:Middlewares/ST/STM32_USB_Device_Library/Core/Src/usbd_ctlreq.c **** 
 700:Middlewares/ST/STM32_USB_Device_Library/Core/Src/usbd_ctlreq.c ****       if (dev_addr != 0U)
 701:Middlewares/ST/STM32_USB_Device_Library/Core/Src/usbd_ctlreq.c ****       {
 702:Middlewares/ST/STM32_USB_Device_Library/Core/Src/usbd_ctlreq.c ****         pdev->dev_state = USBD_STATE_ADDRESSED;
 703:Middlewares/ST/STM32_USB_Device_Library/Core/Src/usbd_ctlreq.c ****       }
 704:Middlewares/ST/STM32_USB_Device_Library/Core/Src/usbd_ctlreq.c ****       else
 705:Middlewares/ST/STM32_USB_Device_Library/Core/Src/usbd_ctlreq.c ****       {
 706:Middlewares/ST/STM32_USB_Device_Library/Core/Src/usbd_ctlreq.c ****         pdev->dev_state = USBD_STATE_DEFAULT;
 707:Middlewares/ST/STM32_USB_Device_Library/Core/Src/usbd_ctlreq.c ****       }
 708:Middlewares/ST/STM32_USB_Device_Library/Core/Src/usbd_ctlreq.c ****     }
 709:Middlewares/ST/STM32_USB_Device_Library/Core/Src/usbd_ctlreq.c ****   }
 710:Middlewares/ST/STM32_USB_Device_Library/Core/Src/usbd_ctlreq.c ****   else
 711:Middlewares/ST/STM32_USB_Device_Library/Core/Src/usbd_ctlreq.c ****   {
 712:Middlewares/ST/STM32_USB_Device_Library/Core/Src/usbd_ctlreq.c ****     USBD_CtlError(pdev, req);
 713:Middlewares/ST/STM32_USB_Device_Library/Core/Src/usbd_ctlreq.c ****   }
 714:Middlewares/ST/STM32_USB_Device_Library/Core/Src/usbd_ctlreq.c **** }
ARM GAS  C:\Users\Nathan\AppData\Local\Temp\ccVw9ECP.s 			page 14


 715:Middlewares/ST/STM32_USB_Device_Library/Core/Src/usbd_ctlreq.c **** 
 716:Middlewares/ST/STM32_USB_Device_Library/Core/Src/usbd_ctlreq.c **** /**
 717:Middlewares/ST/STM32_USB_Device_Library/Core/Src/usbd_ctlreq.c ****   * @brief  USBD_SetConfig
 718:Middlewares/ST/STM32_USB_Device_Library/Core/Src/usbd_ctlreq.c ****   *         Handle Set device configuration request
 719:Middlewares/ST/STM32_USB_Device_Library/Core/Src/usbd_ctlreq.c ****   * @param  pdev: device instance
 720:Middlewares/ST/STM32_USB_Device_Library/Core/Src/usbd_ctlreq.c ****   * @param  req: usb request
 721:Middlewares/ST/STM32_USB_Device_Library/Core/Src/usbd_ctlreq.c ****   * @retval status
 722:Middlewares/ST/STM32_USB_Device_Library/Core/Src/usbd_ctlreq.c ****   */
 723:Middlewares/ST/STM32_USB_Device_Library/Core/Src/usbd_ctlreq.c **** static USBD_StatusTypeDef USBD_SetConfig(USBD_HandleTypeDef *pdev, USBD_SetupReqTypedef *req)
 724:Middlewares/ST/STM32_USB_Device_Library/Core/Src/usbd_ctlreq.c **** {
 725:Middlewares/ST/STM32_USB_Device_Library/Core/Src/usbd_ctlreq.c ****   USBD_StatusTypeDef ret = USBD_OK;
 726:Middlewares/ST/STM32_USB_Device_Library/Core/Src/usbd_ctlreq.c ****   static uint8_t cfgidx;
 727:Middlewares/ST/STM32_USB_Device_Library/Core/Src/usbd_ctlreq.c **** 
 728:Middlewares/ST/STM32_USB_Device_Library/Core/Src/usbd_ctlreq.c ****   cfgidx = (uint8_t)(req->wValue);
 729:Middlewares/ST/STM32_USB_Device_Library/Core/Src/usbd_ctlreq.c **** 
 730:Middlewares/ST/STM32_USB_Device_Library/Core/Src/usbd_ctlreq.c ****   if (cfgidx > USBD_MAX_NUM_CONFIGURATION)
 731:Middlewares/ST/STM32_USB_Device_Library/Core/Src/usbd_ctlreq.c ****   {
 732:Middlewares/ST/STM32_USB_Device_Library/Core/Src/usbd_ctlreq.c ****     USBD_CtlError(pdev, req);
 733:Middlewares/ST/STM32_USB_Device_Library/Core/Src/usbd_ctlreq.c ****     return USBD_FAIL;
 734:Middlewares/ST/STM32_USB_Device_Library/Core/Src/usbd_ctlreq.c ****   }
 735:Middlewares/ST/STM32_USB_Device_Library/Core/Src/usbd_ctlreq.c **** 
 736:Middlewares/ST/STM32_USB_Device_Library/Core/Src/usbd_ctlreq.c ****   switch (pdev->dev_state)
 737:Middlewares/ST/STM32_USB_Device_Library/Core/Src/usbd_ctlreq.c ****   {
 738:Middlewares/ST/STM32_USB_Device_Library/Core/Src/usbd_ctlreq.c ****     case USBD_STATE_ADDRESSED:
 739:Middlewares/ST/STM32_USB_Device_Library/Core/Src/usbd_ctlreq.c ****       if (cfgidx != 0U)
 740:Middlewares/ST/STM32_USB_Device_Library/Core/Src/usbd_ctlreq.c ****       {
 741:Middlewares/ST/STM32_USB_Device_Library/Core/Src/usbd_ctlreq.c ****         pdev->dev_config = cfgidx;
 742:Middlewares/ST/STM32_USB_Device_Library/Core/Src/usbd_ctlreq.c **** 
 743:Middlewares/ST/STM32_USB_Device_Library/Core/Src/usbd_ctlreq.c ****         ret = USBD_SetClassConfig(pdev, cfgidx);
 744:Middlewares/ST/STM32_USB_Device_Library/Core/Src/usbd_ctlreq.c **** 
 745:Middlewares/ST/STM32_USB_Device_Library/Core/Src/usbd_ctlreq.c ****         if (ret != USBD_OK)
 746:Middlewares/ST/STM32_USB_Device_Library/Core/Src/usbd_ctlreq.c ****         {
 747:Middlewares/ST/STM32_USB_Device_Library/Core/Src/usbd_ctlreq.c ****           USBD_CtlError(pdev, req);
 748:Middlewares/ST/STM32_USB_Device_Library/Core/Src/usbd_ctlreq.c ****           pdev->dev_state = USBD_STATE_ADDRESSED;
 749:Middlewares/ST/STM32_USB_Device_Library/Core/Src/usbd_ctlreq.c ****         }
 750:Middlewares/ST/STM32_USB_Device_Library/Core/Src/usbd_ctlreq.c ****         else
 751:Middlewares/ST/STM32_USB_Device_Library/Core/Src/usbd_ctlreq.c ****         {
 752:Middlewares/ST/STM32_USB_Device_Library/Core/Src/usbd_ctlreq.c ****           (void)USBD_CtlSendStatus(pdev);
 753:Middlewares/ST/STM32_USB_Device_Library/Core/Src/usbd_ctlreq.c ****           pdev->dev_state = USBD_STATE_CONFIGURED;
 754:Middlewares/ST/STM32_USB_Device_Library/Core/Src/usbd_ctlreq.c **** 
 755:Middlewares/ST/STM32_USB_Device_Library/Core/Src/usbd_ctlreq.c **** #if (USBD_USER_REGISTER_CALLBACK == 1U)
 756:Middlewares/ST/STM32_USB_Device_Library/Core/Src/usbd_ctlreq.c ****           if (pdev->DevStateCallback != NULL)
 757:Middlewares/ST/STM32_USB_Device_Library/Core/Src/usbd_ctlreq.c ****           {
 758:Middlewares/ST/STM32_USB_Device_Library/Core/Src/usbd_ctlreq.c ****             pdev->DevStateCallback(USBD_STATE_CONFIGURED, cfgidx);
 759:Middlewares/ST/STM32_USB_Device_Library/Core/Src/usbd_ctlreq.c ****           }
 760:Middlewares/ST/STM32_USB_Device_Library/Core/Src/usbd_ctlreq.c **** #endif /* USBD_USER_REGISTER_CALLBACK */
 761:Middlewares/ST/STM32_USB_Device_Library/Core/Src/usbd_ctlreq.c ****         }
 762:Middlewares/ST/STM32_USB_Device_Library/Core/Src/usbd_ctlreq.c ****       }
 763:Middlewares/ST/STM32_USB_Device_Library/Core/Src/usbd_ctlreq.c ****       else
 764:Middlewares/ST/STM32_USB_Device_Library/Core/Src/usbd_ctlreq.c ****       {
 765:Middlewares/ST/STM32_USB_Device_Library/Core/Src/usbd_ctlreq.c ****         (void)USBD_CtlSendStatus(pdev);
 766:Middlewares/ST/STM32_USB_Device_Library/Core/Src/usbd_ctlreq.c ****       }
 767:Middlewares/ST/STM32_USB_Device_Library/Core/Src/usbd_ctlreq.c ****       break;
 768:Middlewares/ST/STM32_USB_Device_Library/Core/Src/usbd_ctlreq.c **** 
 769:Middlewares/ST/STM32_USB_Device_Library/Core/Src/usbd_ctlreq.c ****     case USBD_STATE_CONFIGURED:
 770:Middlewares/ST/STM32_USB_Device_Library/Core/Src/usbd_ctlreq.c ****       if (cfgidx == 0U)
 771:Middlewares/ST/STM32_USB_Device_Library/Core/Src/usbd_ctlreq.c ****       {
ARM GAS  C:\Users\Nathan\AppData\Local\Temp\ccVw9ECP.s 			page 15


 772:Middlewares/ST/STM32_USB_Device_Library/Core/Src/usbd_ctlreq.c ****         pdev->dev_state = USBD_STATE_ADDRESSED;
 773:Middlewares/ST/STM32_USB_Device_Library/Core/Src/usbd_ctlreq.c ****         pdev->dev_config = cfgidx;
 774:Middlewares/ST/STM32_USB_Device_Library/Core/Src/usbd_ctlreq.c ****         (void)USBD_ClrClassConfig(pdev, cfgidx);
 775:Middlewares/ST/STM32_USB_Device_Library/Core/Src/usbd_ctlreq.c ****         (void)USBD_CtlSendStatus(pdev);
 776:Middlewares/ST/STM32_USB_Device_Library/Core/Src/usbd_ctlreq.c ****       }
 777:Middlewares/ST/STM32_USB_Device_Library/Core/Src/usbd_ctlreq.c ****       else if (cfgidx != pdev->dev_config)
 778:Middlewares/ST/STM32_USB_Device_Library/Core/Src/usbd_ctlreq.c ****       {
 779:Middlewares/ST/STM32_USB_Device_Library/Core/Src/usbd_ctlreq.c ****         /* Clear old configuration */
 780:Middlewares/ST/STM32_USB_Device_Library/Core/Src/usbd_ctlreq.c ****         (void)USBD_ClrClassConfig(pdev, (uint8_t)pdev->dev_config);
 781:Middlewares/ST/STM32_USB_Device_Library/Core/Src/usbd_ctlreq.c **** 
 782:Middlewares/ST/STM32_USB_Device_Library/Core/Src/usbd_ctlreq.c ****         /* set new configuration */
 783:Middlewares/ST/STM32_USB_Device_Library/Core/Src/usbd_ctlreq.c ****         pdev->dev_config = cfgidx;
 784:Middlewares/ST/STM32_USB_Device_Library/Core/Src/usbd_ctlreq.c **** 
 785:Middlewares/ST/STM32_USB_Device_Library/Core/Src/usbd_ctlreq.c ****         ret = USBD_SetClassConfig(pdev, cfgidx);
 786:Middlewares/ST/STM32_USB_Device_Library/Core/Src/usbd_ctlreq.c **** 
 787:Middlewares/ST/STM32_USB_Device_Library/Core/Src/usbd_ctlreq.c ****         if (ret != USBD_OK)
 788:Middlewares/ST/STM32_USB_Device_Library/Core/Src/usbd_ctlreq.c ****         {
 789:Middlewares/ST/STM32_USB_Device_Library/Core/Src/usbd_ctlreq.c ****           USBD_CtlError(pdev, req);
 790:Middlewares/ST/STM32_USB_Device_Library/Core/Src/usbd_ctlreq.c ****           (void)USBD_ClrClassConfig(pdev, (uint8_t)pdev->dev_config);
 791:Middlewares/ST/STM32_USB_Device_Library/Core/Src/usbd_ctlreq.c ****           pdev->dev_state = USBD_STATE_ADDRESSED;
 792:Middlewares/ST/STM32_USB_Device_Library/Core/Src/usbd_ctlreq.c ****         }
 793:Middlewares/ST/STM32_USB_Device_Library/Core/Src/usbd_ctlreq.c ****         else
 794:Middlewares/ST/STM32_USB_Device_Library/Core/Src/usbd_ctlreq.c ****         {
 795:Middlewares/ST/STM32_USB_Device_Library/Core/Src/usbd_ctlreq.c ****           (void)USBD_CtlSendStatus(pdev);
 796:Middlewares/ST/STM32_USB_Device_Library/Core/Src/usbd_ctlreq.c ****         }
 797:Middlewares/ST/STM32_USB_Device_Library/Core/Src/usbd_ctlreq.c ****       }
 798:Middlewares/ST/STM32_USB_Device_Library/Core/Src/usbd_ctlreq.c ****       else
 799:Middlewares/ST/STM32_USB_Device_Library/Core/Src/usbd_ctlreq.c ****       {
 800:Middlewares/ST/STM32_USB_Device_Library/Core/Src/usbd_ctlreq.c ****         (void)USBD_CtlSendStatus(pdev);
 801:Middlewares/ST/STM32_USB_Device_Library/Core/Src/usbd_ctlreq.c ****       }
 802:Middlewares/ST/STM32_USB_Device_Library/Core/Src/usbd_ctlreq.c ****       break;
 803:Middlewares/ST/STM32_USB_Device_Library/Core/Src/usbd_ctlreq.c **** 
 804:Middlewares/ST/STM32_USB_Device_Library/Core/Src/usbd_ctlreq.c ****     default:
 805:Middlewares/ST/STM32_USB_Device_Library/Core/Src/usbd_ctlreq.c ****       USBD_CtlError(pdev, req);
 806:Middlewares/ST/STM32_USB_Device_Library/Core/Src/usbd_ctlreq.c ****       (void)USBD_ClrClassConfig(pdev, cfgidx);
 807:Middlewares/ST/STM32_USB_Device_Library/Core/Src/usbd_ctlreq.c ****       ret = USBD_FAIL;
 808:Middlewares/ST/STM32_USB_Device_Library/Core/Src/usbd_ctlreq.c ****       break;
 809:Middlewares/ST/STM32_USB_Device_Library/Core/Src/usbd_ctlreq.c ****   }
 810:Middlewares/ST/STM32_USB_Device_Library/Core/Src/usbd_ctlreq.c **** 
 811:Middlewares/ST/STM32_USB_Device_Library/Core/Src/usbd_ctlreq.c ****   return ret;
 812:Middlewares/ST/STM32_USB_Device_Library/Core/Src/usbd_ctlreq.c **** }
 813:Middlewares/ST/STM32_USB_Device_Library/Core/Src/usbd_ctlreq.c **** 
 814:Middlewares/ST/STM32_USB_Device_Library/Core/Src/usbd_ctlreq.c **** /**
 815:Middlewares/ST/STM32_USB_Device_Library/Core/Src/usbd_ctlreq.c ****   * @brief  USBD_GetConfig
 816:Middlewares/ST/STM32_USB_Device_Library/Core/Src/usbd_ctlreq.c ****   *         Handle Get device configuration request
 817:Middlewares/ST/STM32_USB_Device_Library/Core/Src/usbd_ctlreq.c ****   * @param  pdev: device instance
 818:Middlewares/ST/STM32_USB_Device_Library/Core/Src/usbd_ctlreq.c ****   * @param  req: usb request
 819:Middlewares/ST/STM32_USB_Device_Library/Core/Src/usbd_ctlreq.c ****   * @retval None
 820:Middlewares/ST/STM32_USB_Device_Library/Core/Src/usbd_ctlreq.c ****   */
 821:Middlewares/ST/STM32_USB_Device_Library/Core/Src/usbd_ctlreq.c **** static void USBD_GetConfig(USBD_HandleTypeDef *pdev, USBD_SetupReqTypedef *req)
 822:Middlewares/ST/STM32_USB_Device_Library/Core/Src/usbd_ctlreq.c **** {
 823:Middlewares/ST/STM32_USB_Device_Library/Core/Src/usbd_ctlreq.c ****   if (req->wLength != 1U)
 824:Middlewares/ST/STM32_USB_Device_Library/Core/Src/usbd_ctlreq.c ****   {
 825:Middlewares/ST/STM32_USB_Device_Library/Core/Src/usbd_ctlreq.c ****     USBD_CtlError(pdev, req);
 826:Middlewares/ST/STM32_USB_Device_Library/Core/Src/usbd_ctlreq.c ****   }
 827:Middlewares/ST/STM32_USB_Device_Library/Core/Src/usbd_ctlreq.c ****   else
 828:Middlewares/ST/STM32_USB_Device_Library/Core/Src/usbd_ctlreq.c ****   {
ARM GAS  C:\Users\Nathan\AppData\Local\Temp\ccVw9ECP.s 			page 16


 829:Middlewares/ST/STM32_USB_Device_Library/Core/Src/usbd_ctlreq.c ****     switch (pdev->dev_state)
 830:Middlewares/ST/STM32_USB_Device_Library/Core/Src/usbd_ctlreq.c ****     {
 831:Middlewares/ST/STM32_USB_Device_Library/Core/Src/usbd_ctlreq.c ****       case USBD_STATE_DEFAULT:
 832:Middlewares/ST/STM32_USB_Device_Library/Core/Src/usbd_ctlreq.c ****       case USBD_STATE_ADDRESSED:
 833:Middlewares/ST/STM32_USB_Device_Library/Core/Src/usbd_ctlreq.c ****         pdev->dev_default_config = 0U;
 834:Middlewares/ST/STM32_USB_Device_Library/Core/Src/usbd_ctlreq.c ****         (void)USBD_CtlSendData(pdev, (uint8_t *)&pdev->dev_default_config, 1U);
 835:Middlewares/ST/STM32_USB_Device_Library/Core/Src/usbd_ctlreq.c ****         break;
 836:Middlewares/ST/STM32_USB_Device_Library/Core/Src/usbd_ctlreq.c **** 
 837:Middlewares/ST/STM32_USB_Device_Library/Core/Src/usbd_ctlreq.c ****       case USBD_STATE_CONFIGURED:
 838:Middlewares/ST/STM32_USB_Device_Library/Core/Src/usbd_ctlreq.c ****         (void)USBD_CtlSendData(pdev, (uint8_t *)&pdev->dev_config, 1U);
 839:Middlewares/ST/STM32_USB_Device_Library/Core/Src/usbd_ctlreq.c ****         break;
 840:Middlewares/ST/STM32_USB_Device_Library/Core/Src/usbd_ctlreq.c **** 
 841:Middlewares/ST/STM32_USB_Device_Library/Core/Src/usbd_ctlreq.c ****       default:
 842:Middlewares/ST/STM32_USB_Device_Library/Core/Src/usbd_ctlreq.c ****         USBD_CtlError(pdev, req);
 843:Middlewares/ST/STM32_USB_Device_Library/Core/Src/usbd_ctlreq.c ****         break;
 844:Middlewares/ST/STM32_USB_Device_Library/Core/Src/usbd_ctlreq.c ****     }
 845:Middlewares/ST/STM32_USB_Device_Library/Core/Src/usbd_ctlreq.c ****   }
 846:Middlewares/ST/STM32_USB_Device_Library/Core/Src/usbd_ctlreq.c **** }
 847:Middlewares/ST/STM32_USB_Device_Library/Core/Src/usbd_ctlreq.c **** 
 848:Middlewares/ST/STM32_USB_Device_Library/Core/Src/usbd_ctlreq.c **** /**
 849:Middlewares/ST/STM32_USB_Device_Library/Core/Src/usbd_ctlreq.c ****   * @brief  USBD_GetStatus
 850:Middlewares/ST/STM32_USB_Device_Library/Core/Src/usbd_ctlreq.c ****   *         Handle Get Status request
 851:Middlewares/ST/STM32_USB_Device_Library/Core/Src/usbd_ctlreq.c ****   * @param  pdev: device instance
 852:Middlewares/ST/STM32_USB_Device_Library/Core/Src/usbd_ctlreq.c ****   * @param  req: usb request
 853:Middlewares/ST/STM32_USB_Device_Library/Core/Src/usbd_ctlreq.c ****   * @retval None
 854:Middlewares/ST/STM32_USB_Device_Library/Core/Src/usbd_ctlreq.c ****   */
 855:Middlewares/ST/STM32_USB_Device_Library/Core/Src/usbd_ctlreq.c **** static void USBD_GetStatus(USBD_HandleTypeDef *pdev, USBD_SetupReqTypedef *req)
 856:Middlewares/ST/STM32_USB_Device_Library/Core/Src/usbd_ctlreq.c **** {
 857:Middlewares/ST/STM32_USB_Device_Library/Core/Src/usbd_ctlreq.c ****   switch (pdev->dev_state)
 858:Middlewares/ST/STM32_USB_Device_Library/Core/Src/usbd_ctlreq.c ****   {
 859:Middlewares/ST/STM32_USB_Device_Library/Core/Src/usbd_ctlreq.c ****     case USBD_STATE_DEFAULT:
 860:Middlewares/ST/STM32_USB_Device_Library/Core/Src/usbd_ctlreq.c ****     case USBD_STATE_ADDRESSED:
 861:Middlewares/ST/STM32_USB_Device_Library/Core/Src/usbd_ctlreq.c ****     case USBD_STATE_CONFIGURED:
 862:Middlewares/ST/STM32_USB_Device_Library/Core/Src/usbd_ctlreq.c ****       if (req->wLength != 0x2U)
 863:Middlewares/ST/STM32_USB_Device_Library/Core/Src/usbd_ctlreq.c ****       {
 864:Middlewares/ST/STM32_USB_Device_Library/Core/Src/usbd_ctlreq.c ****         USBD_CtlError(pdev, req);
 865:Middlewares/ST/STM32_USB_Device_Library/Core/Src/usbd_ctlreq.c ****         break;
 866:Middlewares/ST/STM32_USB_Device_Library/Core/Src/usbd_ctlreq.c ****       }
 867:Middlewares/ST/STM32_USB_Device_Library/Core/Src/usbd_ctlreq.c **** 
 868:Middlewares/ST/STM32_USB_Device_Library/Core/Src/usbd_ctlreq.c **** #if (USBD_SELF_POWERED == 1U)
 869:Middlewares/ST/STM32_USB_Device_Library/Core/Src/usbd_ctlreq.c ****       pdev->dev_config_status = USB_CONFIG_SELF_POWERED;
 870:Middlewares/ST/STM32_USB_Device_Library/Core/Src/usbd_ctlreq.c **** #else
 871:Middlewares/ST/STM32_USB_Device_Library/Core/Src/usbd_ctlreq.c ****       pdev->dev_config_status = 0U;
 872:Middlewares/ST/STM32_USB_Device_Library/Core/Src/usbd_ctlreq.c **** #endif /* USBD_SELF_POWERED */
 873:Middlewares/ST/STM32_USB_Device_Library/Core/Src/usbd_ctlreq.c **** 
 874:Middlewares/ST/STM32_USB_Device_Library/Core/Src/usbd_ctlreq.c ****       if (pdev->dev_remote_wakeup != 0U)
 875:Middlewares/ST/STM32_USB_Device_Library/Core/Src/usbd_ctlreq.c ****       {
 876:Middlewares/ST/STM32_USB_Device_Library/Core/Src/usbd_ctlreq.c ****         pdev->dev_config_status |= USB_CONFIG_REMOTE_WAKEUP;
 877:Middlewares/ST/STM32_USB_Device_Library/Core/Src/usbd_ctlreq.c ****       }
 878:Middlewares/ST/STM32_USB_Device_Library/Core/Src/usbd_ctlreq.c **** 
 879:Middlewares/ST/STM32_USB_Device_Library/Core/Src/usbd_ctlreq.c ****       (void)USBD_CtlSendData(pdev, (uint8_t *)&pdev->dev_config_status, 2U);
 880:Middlewares/ST/STM32_USB_Device_Library/Core/Src/usbd_ctlreq.c ****       break;
 881:Middlewares/ST/STM32_USB_Device_Library/Core/Src/usbd_ctlreq.c **** 
 882:Middlewares/ST/STM32_USB_Device_Library/Core/Src/usbd_ctlreq.c ****     default:
 883:Middlewares/ST/STM32_USB_Device_Library/Core/Src/usbd_ctlreq.c ****       USBD_CtlError(pdev, req);
 884:Middlewares/ST/STM32_USB_Device_Library/Core/Src/usbd_ctlreq.c ****       break;
 885:Middlewares/ST/STM32_USB_Device_Library/Core/Src/usbd_ctlreq.c ****   }
ARM GAS  C:\Users\Nathan\AppData\Local\Temp\ccVw9ECP.s 			page 17


 886:Middlewares/ST/STM32_USB_Device_Library/Core/Src/usbd_ctlreq.c **** }
 887:Middlewares/ST/STM32_USB_Device_Library/Core/Src/usbd_ctlreq.c **** 
 888:Middlewares/ST/STM32_USB_Device_Library/Core/Src/usbd_ctlreq.c **** 
 889:Middlewares/ST/STM32_USB_Device_Library/Core/Src/usbd_ctlreq.c **** /**
 890:Middlewares/ST/STM32_USB_Device_Library/Core/Src/usbd_ctlreq.c ****   * @brief  USBD_SetFeature
 891:Middlewares/ST/STM32_USB_Device_Library/Core/Src/usbd_ctlreq.c ****   *         Handle Set device feature request
 892:Middlewares/ST/STM32_USB_Device_Library/Core/Src/usbd_ctlreq.c ****   * @param  pdev: device instance
 893:Middlewares/ST/STM32_USB_Device_Library/Core/Src/usbd_ctlreq.c ****   * @param  req: usb request
 894:Middlewares/ST/STM32_USB_Device_Library/Core/Src/usbd_ctlreq.c ****   * @retval None
 895:Middlewares/ST/STM32_USB_Device_Library/Core/Src/usbd_ctlreq.c ****   */
 896:Middlewares/ST/STM32_USB_Device_Library/Core/Src/usbd_ctlreq.c **** static void USBD_SetFeature(USBD_HandleTypeDef *pdev, USBD_SetupReqTypedef *req)
 897:Middlewares/ST/STM32_USB_Device_Library/Core/Src/usbd_ctlreq.c **** {
 898:Middlewares/ST/STM32_USB_Device_Library/Core/Src/usbd_ctlreq.c ****   if (req->wValue == USB_FEATURE_REMOTE_WAKEUP)
 899:Middlewares/ST/STM32_USB_Device_Library/Core/Src/usbd_ctlreq.c ****   {
 900:Middlewares/ST/STM32_USB_Device_Library/Core/Src/usbd_ctlreq.c ****     pdev->dev_remote_wakeup = 1U;
 901:Middlewares/ST/STM32_USB_Device_Library/Core/Src/usbd_ctlreq.c ****     (void)USBD_CtlSendStatus(pdev);
 902:Middlewares/ST/STM32_USB_Device_Library/Core/Src/usbd_ctlreq.c ****   }
 903:Middlewares/ST/STM32_USB_Device_Library/Core/Src/usbd_ctlreq.c ****   else if (req->wValue == USB_FEATURE_TEST_MODE)
 904:Middlewares/ST/STM32_USB_Device_Library/Core/Src/usbd_ctlreq.c ****   {
 905:Middlewares/ST/STM32_USB_Device_Library/Core/Src/usbd_ctlreq.c ****     pdev->dev_test_mode = (uint8_t)(req->wIndex >> 8);
 906:Middlewares/ST/STM32_USB_Device_Library/Core/Src/usbd_ctlreq.c ****     (void)USBD_CtlSendStatus(pdev);
 907:Middlewares/ST/STM32_USB_Device_Library/Core/Src/usbd_ctlreq.c ****   }
 908:Middlewares/ST/STM32_USB_Device_Library/Core/Src/usbd_ctlreq.c ****   else
 909:Middlewares/ST/STM32_USB_Device_Library/Core/Src/usbd_ctlreq.c ****   {
 910:Middlewares/ST/STM32_USB_Device_Library/Core/Src/usbd_ctlreq.c ****     USBD_CtlError(pdev, req);
 911:Middlewares/ST/STM32_USB_Device_Library/Core/Src/usbd_ctlreq.c ****   }
 912:Middlewares/ST/STM32_USB_Device_Library/Core/Src/usbd_ctlreq.c **** }
 913:Middlewares/ST/STM32_USB_Device_Library/Core/Src/usbd_ctlreq.c **** 
 914:Middlewares/ST/STM32_USB_Device_Library/Core/Src/usbd_ctlreq.c **** 
 915:Middlewares/ST/STM32_USB_Device_Library/Core/Src/usbd_ctlreq.c **** /**
 916:Middlewares/ST/STM32_USB_Device_Library/Core/Src/usbd_ctlreq.c ****   * @brief  USBD_ClrFeature
 917:Middlewares/ST/STM32_USB_Device_Library/Core/Src/usbd_ctlreq.c ****   *         Handle clear device feature request
 918:Middlewares/ST/STM32_USB_Device_Library/Core/Src/usbd_ctlreq.c ****   * @param  pdev: device instance
 919:Middlewares/ST/STM32_USB_Device_Library/Core/Src/usbd_ctlreq.c ****   * @param  req: usb request
 920:Middlewares/ST/STM32_USB_Device_Library/Core/Src/usbd_ctlreq.c ****   * @retval None
 921:Middlewares/ST/STM32_USB_Device_Library/Core/Src/usbd_ctlreq.c ****   */
 922:Middlewares/ST/STM32_USB_Device_Library/Core/Src/usbd_ctlreq.c **** static void USBD_ClrFeature(USBD_HandleTypeDef *pdev, USBD_SetupReqTypedef *req)
 923:Middlewares/ST/STM32_USB_Device_Library/Core/Src/usbd_ctlreq.c **** {
 924:Middlewares/ST/STM32_USB_Device_Library/Core/Src/usbd_ctlreq.c ****   switch (pdev->dev_state)
 925:Middlewares/ST/STM32_USB_Device_Library/Core/Src/usbd_ctlreq.c ****   {
 926:Middlewares/ST/STM32_USB_Device_Library/Core/Src/usbd_ctlreq.c ****     case USBD_STATE_DEFAULT:
 927:Middlewares/ST/STM32_USB_Device_Library/Core/Src/usbd_ctlreq.c ****     case USBD_STATE_ADDRESSED:
 928:Middlewares/ST/STM32_USB_Device_Library/Core/Src/usbd_ctlreq.c ****     case USBD_STATE_CONFIGURED:
 929:Middlewares/ST/STM32_USB_Device_Library/Core/Src/usbd_ctlreq.c ****       if (req->wValue == USB_FEATURE_REMOTE_WAKEUP)
 930:Middlewares/ST/STM32_USB_Device_Library/Core/Src/usbd_ctlreq.c ****       {
 931:Middlewares/ST/STM32_USB_Device_Library/Core/Src/usbd_ctlreq.c ****         pdev->dev_remote_wakeup = 0U;
 932:Middlewares/ST/STM32_USB_Device_Library/Core/Src/usbd_ctlreq.c ****         (void)USBD_CtlSendStatus(pdev);
 933:Middlewares/ST/STM32_USB_Device_Library/Core/Src/usbd_ctlreq.c ****       }
 934:Middlewares/ST/STM32_USB_Device_Library/Core/Src/usbd_ctlreq.c ****       break;
 935:Middlewares/ST/STM32_USB_Device_Library/Core/Src/usbd_ctlreq.c **** 
 936:Middlewares/ST/STM32_USB_Device_Library/Core/Src/usbd_ctlreq.c ****     default:
 937:Middlewares/ST/STM32_USB_Device_Library/Core/Src/usbd_ctlreq.c ****       USBD_CtlError(pdev, req);
 938:Middlewares/ST/STM32_USB_Device_Library/Core/Src/usbd_ctlreq.c ****       break;
 939:Middlewares/ST/STM32_USB_Device_Library/Core/Src/usbd_ctlreq.c ****   }
 940:Middlewares/ST/STM32_USB_Device_Library/Core/Src/usbd_ctlreq.c **** }
 941:Middlewares/ST/STM32_USB_Device_Library/Core/Src/usbd_ctlreq.c **** 
 942:Middlewares/ST/STM32_USB_Device_Library/Core/Src/usbd_ctlreq.c **** 
ARM GAS  C:\Users\Nathan\AppData\Local\Temp\ccVw9ECP.s 			page 18


 943:Middlewares/ST/STM32_USB_Device_Library/Core/Src/usbd_ctlreq.c **** /**
 944:Middlewares/ST/STM32_USB_Device_Library/Core/Src/usbd_ctlreq.c ****   * @brief  USBD_ParseSetupRequest
 945:Middlewares/ST/STM32_USB_Device_Library/Core/Src/usbd_ctlreq.c ****   *         Copy buffer into setup structure
 946:Middlewares/ST/STM32_USB_Device_Library/Core/Src/usbd_ctlreq.c ****   * @param  req: usb request
 947:Middlewares/ST/STM32_USB_Device_Library/Core/Src/usbd_ctlreq.c ****   * @param  pdata: setup data pointer
 948:Middlewares/ST/STM32_USB_Device_Library/Core/Src/usbd_ctlreq.c ****   * @retval None
 949:Middlewares/ST/STM32_USB_Device_Library/Core/Src/usbd_ctlreq.c ****   */
 950:Middlewares/ST/STM32_USB_Device_Library/Core/Src/usbd_ctlreq.c **** void USBD_ParseSetupRequest(USBD_SetupReqTypedef *req, uint8_t *pdata)
 951:Middlewares/ST/STM32_USB_Device_Library/Core/Src/usbd_ctlreq.c **** {
 952:Middlewares/ST/STM32_USB_Device_Library/Core/Src/usbd_ctlreq.c ****   uint8_t *pbuff = pdata;
 953:Middlewares/ST/STM32_USB_Device_Library/Core/Src/usbd_ctlreq.c **** 
 954:Middlewares/ST/STM32_USB_Device_Library/Core/Src/usbd_ctlreq.c ****   req->bmRequest = *(uint8_t *)(pbuff);
 955:Middlewares/ST/STM32_USB_Device_Library/Core/Src/usbd_ctlreq.c **** 
 956:Middlewares/ST/STM32_USB_Device_Library/Core/Src/usbd_ctlreq.c ****   pbuff++;
 957:Middlewares/ST/STM32_USB_Device_Library/Core/Src/usbd_ctlreq.c ****   req->bRequest = *(uint8_t *)(pbuff);
 958:Middlewares/ST/STM32_USB_Device_Library/Core/Src/usbd_ctlreq.c **** 
 959:Middlewares/ST/STM32_USB_Device_Library/Core/Src/usbd_ctlreq.c ****   pbuff++;
 960:Middlewares/ST/STM32_USB_Device_Library/Core/Src/usbd_ctlreq.c ****   req->wValue = SWAPBYTE(pbuff);
 961:Middlewares/ST/STM32_USB_Device_Library/Core/Src/usbd_ctlreq.c **** 
 962:Middlewares/ST/STM32_USB_Device_Library/Core/Src/usbd_ctlreq.c ****   pbuff++;
 963:Middlewares/ST/STM32_USB_Device_Library/Core/Src/usbd_ctlreq.c ****   pbuff++;
 964:Middlewares/ST/STM32_USB_Device_Library/Core/Src/usbd_ctlreq.c ****   req->wIndex = SWAPBYTE(pbuff);
 965:Middlewares/ST/STM32_USB_Device_Library/Core/Src/usbd_ctlreq.c **** 
 966:Middlewares/ST/STM32_USB_Device_Library/Core/Src/usbd_ctlreq.c ****   pbuff++;
 967:Middlewares/ST/STM32_USB_Device_Library/Core/Src/usbd_ctlreq.c ****   pbuff++;
 968:Middlewares/ST/STM32_USB_Device_Library/Core/Src/usbd_ctlreq.c ****   req->wLength = SWAPBYTE(pbuff);
 969:Middlewares/ST/STM32_USB_Device_Library/Core/Src/usbd_ctlreq.c **** }
 970:Middlewares/ST/STM32_USB_Device_Library/Core/Src/usbd_ctlreq.c **** 
 971:Middlewares/ST/STM32_USB_Device_Library/Core/Src/usbd_ctlreq.c **** 
 972:Middlewares/ST/STM32_USB_Device_Library/Core/Src/usbd_ctlreq.c **** /**
 973:Middlewares/ST/STM32_USB_Device_Library/Core/Src/usbd_ctlreq.c ****   * @brief  USBD_CtlError
 974:Middlewares/ST/STM32_USB_Device_Library/Core/Src/usbd_ctlreq.c ****   *         Handle USB low level Error
 975:Middlewares/ST/STM32_USB_Device_Library/Core/Src/usbd_ctlreq.c ****   * @param  pdev: device instance
 976:Middlewares/ST/STM32_USB_Device_Library/Core/Src/usbd_ctlreq.c ****   * @param  req: usb request
 977:Middlewares/ST/STM32_USB_Device_Library/Core/Src/usbd_ctlreq.c ****   * @retval None
 978:Middlewares/ST/STM32_USB_Device_Library/Core/Src/usbd_ctlreq.c ****   */
 979:Middlewares/ST/STM32_USB_Device_Library/Core/Src/usbd_ctlreq.c **** void USBD_CtlError(USBD_HandleTypeDef *pdev, USBD_SetupReqTypedef *req)
 980:Middlewares/ST/STM32_USB_Device_Library/Core/Src/usbd_ctlreq.c **** {
 981:Middlewares/ST/STM32_USB_Device_Library/Core/Src/usbd_ctlreq.c ****   UNUSED(req);
 982:Middlewares/ST/STM32_USB_Device_Library/Core/Src/usbd_ctlreq.c **** 
 983:Middlewares/ST/STM32_USB_Device_Library/Core/Src/usbd_ctlreq.c ****   (void)USBD_LL_StallEP(pdev, 0x80U);
 984:Middlewares/ST/STM32_USB_Device_Library/Core/Src/usbd_ctlreq.c ****   (void)USBD_LL_StallEP(pdev, 0U);
 985:Middlewares/ST/STM32_USB_Device_Library/Core/Src/usbd_ctlreq.c **** }
 986:Middlewares/ST/STM32_USB_Device_Library/Core/Src/usbd_ctlreq.c **** 
 987:Middlewares/ST/STM32_USB_Device_Library/Core/Src/usbd_ctlreq.c **** 
 988:Middlewares/ST/STM32_USB_Device_Library/Core/Src/usbd_ctlreq.c **** /**
 989:Middlewares/ST/STM32_USB_Device_Library/Core/Src/usbd_ctlreq.c ****   * @brief  USBD_GetString
 990:Middlewares/ST/STM32_USB_Device_Library/Core/Src/usbd_ctlreq.c ****   *         Convert Ascii string into unicode one
 991:Middlewares/ST/STM32_USB_Device_Library/Core/Src/usbd_ctlreq.c ****   * @param  desc : descriptor buffer
 992:Middlewares/ST/STM32_USB_Device_Library/Core/Src/usbd_ctlreq.c ****   * @param  unicode : Formatted string buffer (unicode)
 993:Middlewares/ST/STM32_USB_Device_Library/Core/Src/usbd_ctlreq.c ****   * @param  len : descriptor length
 994:Middlewares/ST/STM32_USB_Device_Library/Core/Src/usbd_ctlreq.c ****   * @retval None
 995:Middlewares/ST/STM32_USB_Device_Library/Core/Src/usbd_ctlreq.c ****   */
 996:Middlewares/ST/STM32_USB_Device_Library/Core/Src/usbd_ctlreq.c **** void USBD_GetString(uint8_t *desc, uint8_t *unicode, uint16_t *len)
 997:Middlewares/ST/STM32_USB_Device_Library/Core/Src/usbd_ctlreq.c **** {
 998:Middlewares/ST/STM32_USB_Device_Library/Core/Src/usbd_ctlreq.c ****   uint8_t idx = 0U;
 999:Middlewares/ST/STM32_USB_Device_Library/Core/Src/usbd_ctlreq.c ****   uint8_t *pdesc;
ARM GAS  C:\Users\Nathan\AppData\Local\Temp\ccVw9ECP.s 			page 19


1000:Middlewares/ST/STM32_USB_Device_Library/Core/Src/usbd_ctlreq.c **** 
1001:Middlewares/ST/STM32_USB_Device_Library/Core/Src/usbd_ctlreq.c ****   if (desc == NULL)
1002:Middlewares/ST/STM32_USB_Device_Library/Core/Src/usbd_ctlreq.c ****   {
1003:Middlewares/ST/STM32_USB_Device_Library/Core/Src/usbd_ctlreq.c ****     return;
1004:Middlewares/ST/STM32_USB_Device_Library/Core/Src/usbd_ctlreq.c ****   }
1005:Middlewares/ST/STM32_USB_Device_Library/Core/Src/usbd_ctlreq.c **** 
1006:Middlewares/ST/STM32_USB_Device_Library/Core/Src/usbd_ctlreq.c ****   pdesc = desc;
1007:Middlewares/ST/STM32_USB_Device_Library/Core/Src/usbd_ctlreq.c ****   *len = MIN(USBD_MAX_STR_DESC_SIZ, ((uint16_t)USBD_GetLen(pdesc) * 2U) + 2U);
1008:Middlewares/ST/STM32_USB_Device_Library/Core/Src/usbd_ctlreq.c **** 
1009:Middlewares/ST/STM32_USB_Device_Library/Core/Src/usbd_ctlreq.c ****   unicode[idx] = *(uint8_t *)len;
1010:Middlewares/ST/STM32_USB_Device_Library/Core/Src/usbd_ctlreq.c ****   idx++;
1011:Middlewares/ST/STM32_USB_Device_Library/Core/Src/usbd_ctlreq.c ****   unicode[idx] = USB_DESC_TYPE_STRING;
1012:Middlewares/ST/STM32_USB_Device_Library/Core/Src/usbd_ctlreq.c ****   idx++;
1013:Middlewares/ST/STM32_USB_Device_Library/Core/Src/usbd_ctlreq.c **** 
1014:Middlewares/ST/STM32_USB_Device_Library/Core/Src/usbd_ctlreq.c ****   while (*pdesc != (uint8_t)'\0')
1015:Middlewares/ST/STM32_USB_Device_Library/Core/Src/usbd_ctlreq.c ****   {
1016:Middlewares/ST/STM32_USB_Device_Library/Core/Src/usbd_ctlreq.c ****     unicode[idx] = *pdesc;
1017:Middlewares/ST/STM32_USB_Device_Library/Core/Src/usbd_ctlreq.c ****     pdesc++;
1018:Middlewares/ST/STM32_USB_Device_Library/Core/Src/usbd_ctlreq.c ****     idx++;
1019:Middlewares/ST/STM32_USB_Device_Library/Core/Src/usbd_ctlreq.c **** 
1020:Middlewares/ST/STM32_USB_Device_Library/Core/Src/usbd_ctlreq.c ****     unicode[idx] = 0U;
1021:Middlewares/ST/STM32_USB_Device_Library/Core/Src/usbd_ctlreq.c ****     idx++;
1022:Middlewares/ST/STM32_USB_Device_Library/Core/Src/usbd_ctlreq.c ****   }
1023:Middlewares/ST/STM32_USB_Device_Library/Core/Src/usbd_ctlreq.c **** }
1024:Middlewares/ST/STM32_USB_Device_Library/Core/Src/usbd_ctlreq.c **** 
1025:Middlewares/ST/STM32_USB_Device_Library/Core/Src/usbd_ctlreq.c **** 
1026:Middlewares/ST/STM32_USB_Device_Library/Core/Src/usbd_ctlreq.c **** /**
1027:Middlewares/ST/STM32_USB_Device_Library/Core/Src/usbd_ctlreq.c ****   * @brief  USBD_GetLen
1028:Middlewares/ST/STM32_USB_Device_Library/Core/Src/usbd_ctlreq.c ****   *         return the string length
1029:Middlewares/ST/STM32_USB_Device_Library/Core/Src/usbd_ctlreq.c ****    * @param  buf : pointer to the ascii string buffer
1030:Middlewares/ST/STM32_USB_Device_Library/Core/Src/usbd_ctlreq.c ****   * @retval string length
1031:Middlewares/ST/STM32_USB_Device_Library/Core/Src/usbd_ctlreq.c ****   */
1032:Middlewares/ST/STM32_USB_Device_Library/Core/Src/usbd_ctlreq.c **** static uint8_t USBD_GetLen(uint8_t *buf)
1033:Middlewares/ST/STM32_USB_Device_Library/Core/Src/usbd_ctlreq.c **** {
  29              		.loc 1 1033 1 view -0
  30              		.cfi_startproc
  31              		@ args = 0, pretend = 0, frame = 0
  32              		@ frame_needed = 0, uses_anonymous_args = 0
  33              		@ link register save eliminated.
  34              		.loc 1 1033 1 is_stmt 0 view .LVU1
  35 0000 0346     		mov	r3, r0
1034:Middlewares/ST/STM32_USB_Device_Library/Core/Src/usbd_ctlreq.c ****   uint8_t  len = 0U;
  36              		.loc 1 1034 3 is_stmt 1 view .LVU2
  37              	.LVL1:
1035:Middlewares/ST/STM32_USB_Device_Library/Core/Src/usbd_ctlreq.c ****   uint8_t *pbuff = buf;
  38              		.loc 1 1035 3 view .LVU3
1036:Middlewares/ST/STM32_USB_Device_Library/Core/Src/usbd_ctlreq.c **** 
1037:Middlewares/ST/STM32_USB_Device_Library/Core/Src/usbd_ctlreq.c ****   while (*pbuff != (uint8_t)'\0')
  39              		.loc 1 1037 3 view .LVU4
1034:Middlewares/ST/STM32_USB_Device_Library/Core/Src/usbd_ctlreq.c ****   uint8_t *pbuff = buf;
  40              		.loc 1 1034 12 is_stmt 0 view .LVU5
  41 0002 0020     		movs	r0, #0
  42              	.LVL2:
  43              		.loc 1 1037 9 view .LVU6
  44 0004 02E0     		b	.L2
  45              	.LVL3:
  46              	.L3:
ARM GAS  C:\Users\Nathan\AppData\Local\Temp\ccVw9ECP.s 			page 20


1038:Middlewares/ST/STM32_USB_Device_Library/Core/Src/usbd_ctlreq.c ****   {
1039:Middlewares/ST/STM32_USB_Device_Library/Core/Src/usbd_ctlreq.c ****     len++;
  47              		.loc 1 1039 5 is_stmt 1 view .LVU7
  48              		.loc 1 1039 8 is_stmt 0 view .LVU8
  49 0006 0130     		adds	r0, r0, #1
  50              	.LVL4:
  51              		.loc 1 1039 8 view .LVU9
  52 0008 C0B2     		uxtb	r0, r0
  53              	.LVL5:
1040:Middlewares/ST/STM32_USB_Device_Library/Core/Src/usbd_ctlreq.c ****     pbuff++;
  54              		.loc 1 1040 5 is_stmt 1 view .LVU10
  55              		.loc 1 1040 10 is_stmt 0 view .LVU11
  56 000a 0133     		adds	r3, r3, #1
  57              	.LVL6:
  58              	.L2:
1037:Middlewares/ST/STM32_USB_Device_Library/Core/Src/usbd_ctlreq.c ****   {
  59              		.loc 1 1037 17 is_stmt 1 view .LVU12
1037:Middlewares/ST/STM32_USB_Device_Library/Core/Src/usbd_ctlreq.c ****   {
  60              		.loc 1 1037 10 is_stmt 0 view .LVU13
  61 000c 1A78     		ldrb	r2, [r3]	@ zero_extendqisi2
1037:Middlewares/ST/STM32_USB_Device_Library/Core/Src/usbd_ctlreq.c ****   {
  62              		.loc 1 1037 17 view .LVU14
  63 000e 002A     		cmp	r2, #0
  64 0010 F9D1     		bne	.L3
1041:Middlewares/ST/STM32_USB_Device_Library/Core/Src/usbd_ctlreq.c ****   }
1042:Middlewares/ST/STM32_USB_Device_Library/Core/Src/usbd_ctlreq.c **** 
1043:Middlewares/ST/STM32_USB_Device_Library/Core/Src/usbd_ctlreq.c ****   return len;
  65              		.loc 1 1043 3 is_stmt 1 view .LVU15
1044:Middlewares/ST/STM32_USB_Device_Library/Core/Src/usbd_ctlreq.c **** }
  66              		.loc 1 1044 1 is_stmt 0 view .LVU16
  67 0012 7047     		bx	lr
  68              		.cfi_endproc
  69              	.LFE967:
  71              		.section	.text.USBD_ParseSetupRequest,"ax",%progbits
  72              		.align	1
  73              		.global	USBD_ParseSetupRequest
  74              		.syntax unified
  75              		.thumb
  76              		.thumb_func
  78              	USBD_ParseSetupRequest:
  79              	.LVL7:
  80              	.LFB964:
 951:Middlewares/ST/STM32_USB_Device_Library/Core/Src/usbd_ctlreq.c ****   uint8_t *pbuff = pdata;
  81              		.loc 1 951 1 is_stmt 1 view -0
  82              		.cfi_startproc
  83              		@ args = 0, pretend = 0, frame = 0
  84              		@ frame_needed = 0, uses_anonymous_args = 0
  85              		@ link register save eliminated.
 952:Middlewares/ST/STM32_USB_Device_Library/Core/Src/usbd_ctlreq.c **** 
  86              		.loc 1 952 3 view .LVU18
 954:Middlewares/ST/STM32_USB_Device_Library/Core/Src/usbd_ctlreq.c **** 
  87              		.loc 1 954 3 view .LVU19
 954:Middlewares/ST/STM32_USB_Device_Library/Core/Src/usbd_ctlreq.c **** 
  88              		.loc 1 954 20 is_stmt 0 view .LVU20
  89 0000 0B78     		ldrb	r3, [r1]	@ zero_extendqisi2
 954:Middlewares/ST/STM32_USB_Device_Library/Core/Src/usbd_ctlreq.c **** 
  90              		.loc 1 954 18 view .LVU21
ARM GAS  C:\Users\Nathan\AppData\Local\Temp\ccVw9ECP.s 			page 21


  91 0002 0370     		strb	r3, [r0]
 956:Middlewares/ST/STM32_USB_Device_Library/Core/Src/usbd_ctlreq.c ****   req->bRequest = *(uint8_t *)(pbuff);
  92              		.loc 1 956 3 is_stmt 1 view .LVU22
  93              	.LVL8:
 957:Middlewares/ST/STM32_USB_Device_Library/Core/Src/usbd_ctlreq.c **** 
  94              		.loc 1 957 3 view .LVU23
 957:Middlewares/ST/STM32_USB_Device_Library/Core/Src/usbd_ctlreq.c **** 
  95              		.loc 1 957 19 is_stmt 0 view .LVU24
  96 0004 4B78     		ldrb	r3, [r1, #1]	@ zero_extendqisi2
 957:Middlewares/ST/STM32_USB_Device_Library/Core/Src/usbd_ctlreq.c **** 
  97              		.loc 1 957 17 view .LVU25
  98 0006 4370     		strb	r3, [r0, #1]
 959:Middlewares/ST/STM32_USB_Device_Library/Core/Src/usbd_ctlreq.c ****   req->wValue = SWAPBYTE(pbuff);
  99              		.loc 1 959 3 is_stmt 1 view .LVU26
 100              	.LVL9:
 960:Middlewares/ST/STM32_USB_Device_Library/Core/Src/usbd_ctlreq.c **** 
 101              		.loc 1 960 3 view .LVU27
 102              	.LBB8:
 103              	.LBI8:
 104              		.file 2 "Middlewares/ST/STM32_USB_Device_Library/Core/Inc/usbd_def.h"
   1:Middlewares/ST/STM32_USB_Device_Library/Core/Inc/usbd_def.h **** /**
   2:Middlewares/ST/STM32_USB_Device_Library/Core/Inc/usbd_def.h ****   ******************************************************************************
   3:Middlewares/ST/STM32_USB_Device_Library/Core/Inc/usbd_def.h ****   * @file    usbd_def.h
   4:Middlewares/ST/STM32_USB_Device_Library/Core/Inc/usbd_def.h ****   * @author  MCD Application Team
   5:Middlewares/ST/STM32_USB_Device_Library/Core/Inc/usbd_def.h ****   * @brief   General defines for the usb device library
   6:Middlewares/ST/STM32_USB_Device_Library/Core/Inc/usbd_def.h ****   ******************************************************************************
   7:Middlewares/ST/STM32_USB_Device_Library/Core/Inc/usbd_def.h ****   * @attention
   8:Middlewares/ST/STM32_USB_Device_Library/Core/Inc/usbd_def.h ****   *
   9:Middlewares/ST/STM32_USB_Device_Library/Core/Inc/usbd_def.h ****   * Copyright (c) 2015 STMicroelectronics.
  10:Middlewares/ST/STM32_USB_Device_Library/Core/Inc/usbd_def.h ****   * All rights reserved.
  11:Middlewares/ST/STM32_USB_Device_Library/Core/Inc/usbd_def.h ****   *
  12:Middlewares/ST/STM32_USB_Device_Library/Core/Inc/usbd_def.h ****   * This software is licensed under terms that can be found in the LICENSE file
  13:Middlewares/ST/STM32_USB_Device_Library/Core/Inc/usbd_def.h ****   * in the root directory of this software component.
  14:Middlewares/ST/STM32_USB_Device_Library/Core/Inc/usbd_def.h ****   * If no LICENSE file comes with this software, it is provided AS-IS.
  15:Middlewares/ST/STM32_USB_Device_Library/Core/Inc/usbd_def.h ****   *
  16:Middlewares/ST/STM32_USB_Device_Library/Core/Inc/usbd_def.h ****   ******************************************************************************
  17:Middlewares/ST/STM32_USB_Device_Library/Core/Inc/usbd_def.h ****   */
  18:Middlewares/ST/STM32_USB_Device_Library/Core/Inc/usbd_def.h **** 
  19:Middlewares/ST/STM32_USB_Device_Library/Core/Inc/usbd_def.h **** /* Define to prevent recursive inclusion -------------------------------------*/
  20:Middlewares/ST/STM32_USB_Device_Library/Core/Inc/usbd_def.h **** #ifndef __USBD_DEF_H
  21:Middlewares/ST/STM32_USB_Device_Library/Core/Inc/usbd_def.h **** #define __USBD_DEF_H
  22:Middlewares/ST/STM32_USB_Device_Library/Core/Inc/usbd_def.h **** 
  23:Middlewares/ST/STM32_USB_Device_Library/Core/Inc/usbd_def.h **** #ifdef __cplusplus
  24:Middlewares/ST/STM32_USB_Device_Library/Core/Inc/usbd_def.h **** extern "C" {
  25:Middlewares/ST/STM32_USB_Device_Library/Core/Inc/usbd_def.h **** #endif
  26:Middlewares/ST/STM32_USB_Device_Library/Core/Inc/usbd_def.h **** 
  27:Middlewares/ST/STM32_USB_Device_Library/Core/Inc/usbd_def.h **** /* Includes ------------------------------------------------------------------*/
  28:Middlewares/ST/STM32_USB_Device_Library/Core/Inc/usbd_def.h **** #include "usbd_conf.h"
  29:Middlewares/ST/STM32_USB_Device_Library/Core/Inc/usbd_def.h **** 
  30:Middlewares/ST/STM32_USB_Device_Library/Core/Inc/usbd_def.h **** /** @addtogroup STM32_USBD_DEVICE_LIBRARY
  31:Middlewares/ST/STM32_USB_Device_Library/Core/Inc/usbd_def.h ****   * @{
  32:Middlewares/ST/STM32_USB_Device_Library/Core/Inc/usbd_def.h ****   */
  33:Middlewares/ST/STM32_USB_Device_Library/Core/Inc/usbd_def.h **** 
  34:Middlewares/ST/STM32_USB_Device_Library/Core/Inc/usbd_def.h **** /** @defgroup USB_DEF
  35:Middlewares/ST/STM32_USB_Device_Library/Core/Inc/usbd_def.h ****   * @brief general defines for the usb device library file
  36:Middlewares/ST/STM32_USB_Device_Library/Core/Inc/usbd_def.h ****   * @{
  37:Middlewares/ST/STM32_USB_Device_Library/Core/Inc/usbd_def.h ****   */
ARM GAS  C:\Users\Nathan\AppData\Local\Temp\ccVw9ECP.s 			page 22


  38:Middlewares/ST/STM32_USB_Device_Library/Core/Inc/usbd_def.h **** 
  39:Middlewares/ST/STM32_USB_Device_Library/Core/Inc/usbd_def.h **** /** @defgroup USB_DEF_Exported_Defines
  40:Middlewares/ST/STM32_USB_Device_Library/Core/Inc/usbd_def.h ****   * @{
  41:Middlewares/ST/STM32_USB_Device_Library/Core/Inc/usbd_def.h ****   */
  42:Middlewares/ST/STM32_USB_Device_Library/Core/Inc/usbd_def.h **** 
  43:Middlewares/ST/STM32_USB_Device_Library/Core/Inc/usbd_def.h **** #ifndef NULL
  44:Middlewares/ST/STM32_USB_Device_Library/Core/Inc/usbd_def.h **** #define NULL                                            0U
  45:Middlewares/ST/STM32_USB_Device_Library/Core/Inc/usbd_def.h **** #endif /* NULL */
  46:Middlewares/ST/STM32_USB_Device_Library/Core/Inc/usbd_def.h **** 
  47:Middlewares/ST/STM32_USB_Device_Library/Core/Inc/usbd_def.h **** #ifndef USBD_MAX_NUM_INTERFACES
  48:Middlewares/ST/STM32_USB_Device_Library/Core/Inc/usbd_def.h **** #define USBD_MAX_NUM_INTERFACES                         1U
  49:Middlewares/ST/STM32_USB_Device_Library/Core/Inc/usbd_def.h **** #endif /* USBD_MAX_NUM_CONFIGURATION */
  50:Middlewares/ST/STM32_USB_Device_Library/Core/Inc/usbd_def.h **** 
  51:Middlewares/ST/STM32_USB_Device_Library/Core/Inc/usbd_def.h **** #ifndef USBD_MAX_NUM_CONFIGURATION
  52:Middlewares/ST/STM32_USB_Device_Library/Core/Inc/usbd_def.h **** #define USBD_MAX_NUM_CONFIGURATION                      1U
  53:Middlewares/ST/STM32_USB_Device_Library/Core/Inc/usbd_def.h **** #endif /* USBD_MAX_NUM_CONFIGURATION */
  54:Middlewares/ST/STM32_USB_Device_Library/Core/Inc/usbd_def.h **** 
  55:Middlewares/ST/STM32_USB_Device_Library/Core/Inc/usbd_def.h **** #ifdef USE_USBD_COMPOSITE
  56:Middlewares/ST/STM32_USB_Device_Library/Core/Inc/usbd_def.h **** #ifndef USBD_MAX_SUPPORTED_CLASS
  57:Middlewares/ST/STM32_USB_Device_Library/Core/Inc/usbd_def.h **** #define USBD_MAX_SUPPORTED_CLASS                       4U
  58:Middlewares/ST/STM32_USB_Device_Library/Core/Inc/usbd_def.h **** #endif /* USBD_MAX_SUPPORTED_CLASS */
  59:Middlewares/ST/STM32_USB_Device_Library/Core/Inc/usbd_def.h **** #else
  60:Middlewares/ST/STM32_USB_Device_Library/Core/Inc/usbd_def.h **** #ifndef USBD_MAX_SUPPORTED_CLASS
  61:Middlewares/ST/STM32_USB_Device_Library/Core/Inc/usbd_def.h **** #define USBD_MAX_SUPPORTED_CLASS                       1U
  62:Middlewares/ST/STM32_USB_Device_Library/Core/Inc/usbd_def.h **** #endif /* USBD_MAX_SUPPORTED_CLASS */
  63:Middlewares/ST/STM32_USB_Device_Library/Core/Inc/usbd_def.h **** #endif /* USE_USBD_COMPOSITE */
  64:Middlewares/ST/STM32_USB_Device_Library/Core/Inc/usbd_def.h **** 
  65:Middlewares/ST/STM32_USB_Device_Library/Core/Inc/usbd_def.h **** #ifndef USBD_MAX_CLASS_ENDPOINTS
  66:Middlewares/ST/STM32_USB_Device_Library/Core/Inc/usbd_def.h **** #define USBD_MAX_CLASS_ENDPOINTS                       5U
  67:Middlewares/ST/STM32_USB_Device_Library/Core/Inc/usbd_def.h **** #endif /* USBD_MAX_CLASS_ENDPOINTS */
  68:Middlewares/ST/STM32_USB_Device_Library/Core/Inc/usbd_def.h **** 
  69:Middlewares/ST/STM32_USB_Device_Library/Core/Inc/usbd_def.h **** #ifndef USBD_MAX_CLASS_INTERFACES
  70:Middlewares/ST/STM32_USB_Device_Library/Core/Inc/usbd_def.h **** #define USBD_MAX_CLASS_INTERFACES                      5U
  71:Middlewares/ST/STM32_USB_Device_Library/Core/Inc/usbd_def.h **** #endif /* USBD_MAX_CLASS_INTERFACES */
  72:Middlewares/ST/STM32_USB_Device_Library/Core/Inc/usbd_def.h **** 
  73:Middlewares/ST/STM32_USB_Device_Library/Core/Inc/usbd_def.h **** #ifndef USBD_LPM_ENABLED
  74:Middlewares/ST/STM32_USB_Device_Library/Core/Inc/usbd_def.h **** #define USBD_LPM_ENABLED                                0U
  75:Middlewares/ST/STM32_USB_Device_Library/Core/Inc/usbd_def.h **** #endif /* USBD_LPM_ENABLED */
  76:Middlewares/ST/STM32_USB_Device_Library/Core/Inc/usbd_def.h **** 
  77:Middlewares/ST/STM32_USB_Device_Library/Core/Inc/usbd_def.h **** #ifndef USBD_SELF_POWERED
  78:Middlewares/ST/STM32_USB_Device_Library/Core/Inc/usbd_def.h **** #define USBD_SELF_POWERED                               1U
  79:Middlewares/ST/STM32_USB_Device_Library/Core/Inc/usbd_def.h **** #endif /*USBD_SELF_POWERED */
  80:Middlewares/ST/STM32_USB_Device_Library/Core/Inc/usbd_def.h **** 
  81:Middlewares/ST/STM32_USB_Device_Library/Core/Inc/usbd_def.h **** #ifndef USBD_MAX_POWER
  82:Middlewares/ST/STM32_USB_Device_Library/Core/Inc/usbd_def.h **** #define USBD_MAX_POWER                                  0x32U /* 100 mA */
  83:Middlewares/ST/STM32_USB_Device_Library/Core/Inc/usbd_def.h **** #endif /* USBD_MAX_POWER */
  84:Middlewares/ST/STM32_USB_Device_Library/Core/Inc/usbd_def.h **** 
  85:Middlewares/ST/STM32_USB_Device_Library/Core/Inc/usbd_def.h **** #ifndef USBD_SUPPORT_USER_STRING_DESC
  86:Middlewares/ST/STM32_USB_Device_Library/Core/Inc/usbd_def.h **** #define USBD_SUPPORT_USER_STRING_DESC                   0U
  87:Middlewares/ST/STM32_USB_Device_Library/Core/Inc/usbd_def.h **** #endif /* USBD_SUPPORT_USER_STRING_DESC */
  88:Middlewares/ST/STM32_USB_Device_Library/Core/Inc/usbd_def.h **** 
  89:Middlewares/ST/STM32_USB_Device_Library/Core/Inc/usbd_def.h **** #ifndef USBD_CLASS_USER_STRING_DESC
  90:Middlewares/ST/STM32_USB_Device_Library/Core/Inc/usbd_def.h **** #define USBD_CLASS_USER_STRING_DESC                     0U
  91:Middlewares/ST/STM32_USB_Device_Library/Core/Inc/usbd_def.h **** #endif /* USBD_CLASS_USER_STRING_DESC */
  92:Middlewares/ST/STM32_USB_Device_Library/Core/Inc/usbd_def.h **** 
  93:Middlewares/ST/STM32_USB_Device_Library/Core/Inc/usbd_def.h **** #define  USB_LEN_DEV_QUALIFIER_DESC                     0x0AU
  94:Middlewares/ST/STM32_USB_Device_Library/Core/Inc/usbd_def.h **** #define  USB_LEN_DEV_DESC                               0x12U
ARM GAS  C:\Users\Nathan\AppData\Local\Temp\ccVw9ECP.s 			page 23


  95:Middlewares/ST/STM32_USB_Device_Library/Core/Inc/usbd_def.h **** #define  USB_LEN_CFG_DESC                               0x09U
  96:Middlewares/ST/STM32_USB_Device_Library/Core/Inc/usbd_def.h **** #define  USB_LEN_IF_DESC                                0x09U
  97:Middlewares/ST/STM32_USB_Device_Library/Core/Inc/usbd_def.h **** #define  USB_LEN_EP_DESC                                0x07U
  98:Middlewares/ST/STM32_USB_Device_Library/Core/Inc/usbd_def.h **** #define  USB_LEN_OTG_DESC                               0x03U
  99:Middlewares/ST/STM32_USB_Device_Library/Core/Inc/usbd_def.h **** #define  USB_LEN_LANGID_STR_DESC                        0x04U
 100:Middlewares/ST/STM32_USB_Device_Library/Core/Inc/usbd_def.h **** #define  USB_LEN_OTHER_SPEED_DESC_SIZ                   0x09U
 101:Middlewares/ST/STM32_USB_Device_Library/Core/Inc/usbd_def.h **** 
 102:Middlewares/ST/STM32_USB_Device_Library/Core/Inc/usbd_def.h **** #define  USBD_IDX_LANGID_STR                            0x00U
 103:Middlewares/ST/STM32_USB_Device_Library/Core/Inc/usbd_def.h **** #define  USBD_IDX_MFC_STR                               0x01U
 104:Middlewares/ST/STM32_USB_Device_Library/Core/Inc/usbd_def.h **** #define  USBD_IDX_PRODUCT_STR                           0x02U
 105:Middlewares/ST/STM32_USB_Device_Library/Core/Inc/usbd_def.h **** #define  USBD_IDX_SERIAL_STR                            0x03U
 106:Middlewares/ST/STM32_USB_Device_Library/Core/Inc/usbd_def.h **** #define  USBD_IDX_CONFIG_STR                            0x04U
 107:Middlewares/ST/STM32_USB_Device_Library/Core/Inc/usbd_def.h **** #define  USBD_IDX_INTERFACE_STR                         0x05U
 108:Middlewares/ST/STM32_USB_Device_Library/Core/Inc/usbd_def.h **** 
 109:Middlewares/ST/STM32_USB_Device_Library/Core/Inc/usbd_def.h **** #define  USB_REQ_TYPE_STANDARD                          0x00U
 110:Middlewares/ST/STM32_USB_Device_Library/Core/Inc/usbd_def.h **** #define  USB_REQ_TYPE_CLASS                             0x20U
 111:Middlewares/ST/STM32_USB_Device_Library/Core/Inc/usbd_def.h **** #define  USB_REQ_TYPE_VENDOR                            0x40U
 112:Middlewares/ST/STM32_USB_Device_Library/Core/Inc/usbd_def.h **** #define  USB_REQ_TYPE_MASK                              0x60U
 113:Middlewares/ST/STM32_USB_Device_Library/Core/Inc/usbd_def.h **** 
 114:Middlewares/ST/STM32_USB_Device_Library/Core/Inc/usbd_def.h **** #define  USB_REQ_RECIPIENT_DEVICE                       0x00U
 115:Middlewares/ST/STM32_USB_Device_Library/Core/Inc/usbd_def.h **** #define  USB_REQ_RECIPIENT_INTERFACE                    0x01U
 116:Middlewares/ST/STM32_USB_Device_Library/Core/Inc/usbd_def.h **** #define  USB_REQ_RECIPIENT_ENDPOINT                     0x02U
 117:Middlewares/ST/STM32_USB_Device_Library/Core/Inc/usbd_def.h **** #define  USB_REQ_RECIPIENT_MASK                         0x03U
 118:Middlewares/ST/STM32_USB_Device_Library/Core/Inc/usbd_def.h **** 
 119:Middlewares/ST/STM32_USB_Device_Library/Core/Inc/usbd_def.h **** #define  USB_REQ_GET_STATUS                             0x00U
 120:Middlewares/ST/STM32_USB_Device_Library/Core/Inc/usbd_def.h **** #define  USB_REQ_CLEAR_FEATURE                          0x01U
 121:Middlewares/ST/STM32_USB_Device_Library/Core/Inc/usbd_def.h **** #define  USB_REQ_SET_FEATURE                            0x03U
 122:Middlewares/ST/STM32_USB_Device_Library/Core/Inc/usbd_def.h **** #define  USB_REQ_SET_ADDRESS                            0x05U
 123:Middlewares/ST/STM32_USB_Device_Library/Core/Inc/usbd_def.h **** #define  USB_REQ_GET_DESCRIPTOR                         0x06U
 124:Middlewares/ST/STM32_USB_Device_Library/Core/Inc/usbd_def.h **** #define  USB_REQ_SET_DESCRIPTOR                         0x07U
 125:Middlewares/ST/STM32_USB_Device_Library/Core/Inc/usbd_def.h **** #define  USB_REQ_GET_CONFIGURATION                      0x08U
 126:Middlewares/ST/STM32_USB_Device_Library/Core/Inc/usbd_def.h **** #define  USB_REQ_SET_CONFIGURATION                      0x09U
 127:Middlewares/ST/STM32_USB_Device_Library/Core/Inc/usbd_def.h **** #define  USB_REQ_GET_INTERFACE                          0x0AU
 128:Middlewares/ST/STM32_USB_Device_Library/Core/Inc/usbd_def.h **** #define  USB_REQ_SET_INTERFACE                          0x0BU
 129:Middlewares/ST/STM32_USB_Device_Library/Core/Inc/usbd_def.h **** #define  USB_REQ_SYNCH_FRAME                            0x0CU
 130:Middlewares/ST/STM32_USB_Device_Library/Core/Inc/usbd_def.h **** 
 131:Middlewares/ST/STM32_USB_Device_Library/Core/Inc/usbd_def.h **** #define  USB_DESC_TYPE_DEVICE                           0x01U
 132:Middlewares/ST/STM32_USB_Device_Library/Core/Inc/usbd_def.h **** #define  USB_DESC_TYPE_CONFIGURATION                    0x02U
 133:Middlewares/ST/STM32_USB_Device_Library/Core/Inc/usbd_def.h **** #define  USB_DESC_TYPE_STRING                           0x03U
 134:Middlewares/ST/STM32_USB_Device_Library/Core/Inc/usbd_def.h **** #define  USB_DESC_TYPE_INTERFACE                        0x04U
 135:Middlewares/ST/STM32_USB_Device_Library/Core/Inc/usbd_def.h **** #define  USB_DESC_TYPE_ENDPOINT                         0x05U
 136:Middlewares/ST/STM32_USB_Device_Library/Core/Inc/usbd_def.h **** #define  USB_DESC_TYPE_DEVICE_QUALIFIER                 0x06U
 137:Middlewares/ST/STM32_USB_Device_Library/Core/Inc/usbd_def.h **** #define  USB_DESC_TYPE_OTHER_SPEED_CONFIGURATION        0x07U
 138:Middlewares/ST/STM32_USB_Device_Library/Core/Inc/usbd_def.h **** #define  USB_DESC_TYPE_IAD                              0x0BU
 139:Middlewares/ST/STM32_USB_Device_Library/Core/Inc/usbd_def.h **** #define  USB_DESC_TYPE_BOS                              0x0FU
 140:Middlewares/ST/STM32_USB_Device_Library/Core/Inc/usbd_def.h **** 
 141:Middlewares/ST/STM32_USB_Device_Library/Core/Inc/usbd_def.h **** #define USB_CONFIG_REMOTE_WAKEUP                        0x02U
 142:Middlewares/ST/STM32_USB_Device_Library/Core/Inc/usbd_def.h **** #define USB_CONFIG_SELF_POWERED                         0x01U
 143:Middlewares/ST/STM32_USB_Device_Library/Core/Inc/usbd_def.h **** 
 144:Middlewares/ST/STM32_USB_Device_Library/Core/Inc/usbd_def.h **** #define USB_FEATURE_EP_HALT                             0x00U
 145:Middlewares/ST/STM32_USB_Device_Library/Core/Inc/usbd_def.h **** #define USB_FEATURE_REMOTE_WAKEUP                       0x01U
 146:Middlewares/ST/STM32_USB_Device_Library/Core/Inc/usbd_def.h **** #define USB_FEATURE_TEST_MODE                           0x02U
 147:Middlewares/ST/STM32_USB_Device_Library/Core/Inc/usbd_def.h **** 
 148:Middlewares/ST/STM32_USB_Device_Library/Core/Inc/usbd_def.h **** #define USB_DEVICE_CAPABITY_TYPE                        0x10U
 149:Middlewares/ST/STM32_USB_Device_Library/Core/Inc/usbd_def.h **** 
 150:Middlewares/ST/STM32_USB_Device_Library/Core/Inc/usbd_def.h **** #define USB_CONF_DESC_SIZE                              0x09U
 151:Middlewares/ST/STM32_USB_Device_Library/Core/Inc/usbd_def.h **** #define USB_IF_DESC_SIZE                                0x09U
ARM GAS  C:\Users\Nathan\AppData\Local\Temp\ccVw9ECP.s 			page 24


 152:Middlewares/ST/STM32_USB_Device_Library/Core/Inc/usbd_def.h **** #define USB_EP_DESC_SIZE                                0x07U
 153:Middlewares/ST/STM32_USB_Device_Library/Core/Inc/usbd_def.h **** #define USB_IAD_DESC_SIZE                               0x08U
 154:Middlewares/ST/STM32_USB_Device_Library/Core/Inc/usbd_def.h **** 
 155:Middlewares/ST/STM32_USB_Device_Library/Core/Inc/usbd_def.h **** #define USB_HS_MAX_PACKET_SIZE                          512U
 156:Middlewares/ST/STM32_USB_Device_Library/Core/Inc/usbd_def.h **** #define USB_FS_MAX_PACKET_SIZE                          64U
 157:Middlewares/ST/STM32_USB_Device_Library/Core/Inc/usbd_def.h **** #define USB_MAX_EP0_SIZE                                64U
 158:Middlewares/ST/STM32_USB_Device_Library/Core/Inc/usbd_def.h **** 
 159:Middlewares/ST/STM32_USB_Device_Library/Core/Inc/usbd_def.h **** /*  Device Status */
 160:Middlewares/ST/STM32_USB_Device_Library/Core/Inc/usbd_def.h **** #define USBD_STATE_DEFAULT                              0x01U
 161:Middlewares/ST/STM32_USB_Device_Library/Core/Inc/usbd_def.h **** #define USBD_STATE_ADDRESSED                            0x02U
 162:Middlewares/ST/STM32_USB_Device_Library/Core/Inc/usbd_def.h **** #define USBD_STATE_CONFIGURED                           0x03U
 163:Middlewares/ST/STM32_USB_Device_Library/Core/Inc/usbd_def.h **** #define USBD_STATE_SUSPENDED                            0x04U
 164:Middlewares/ST/STM32_USB_Device_Library/Core/Inc/usbd_def.h **** 
 165:Middlewares/ST/STM32_USB_Device_Library/Core/Inc/usbd_def.h **** 
 166:Middlewares/ST/STM32_USB_Device_Library/Core/Inc/usbd_def.h **** /*  EP0 State */
 167:Middlewares/ST/STM32_USB_Device_Library/Core/Inc/usbd_def.h **** #define USBD_EP0_IDLE                                   0x00U
 168:Middlewares/ST/STM32_USB_Device_Library/Core/Inc/usbd_def.h **** #define USBD_EP0_SETUP                                  0x01U
 169:Middlewares/ST/STM32_USB_Device_Library/Core/Inc/usbd_def.h **** #define USBD_EP0_DATA_IN                                0x02U
 170:Middlewares/ST/STM32_USB_Device_Library/Core/Inc/usbd_def.h **** #define USBD_EP0_DATA_OUT                               0x03U
 171:Middlewares/ST/STM32_USB_Device_Library/Core/Inc/usbd_def.h **** #define USBD_EP0_STATUS_IN                              0x04U
 172:Middlewares/ST/STM32_USB_Device_Library/Core/Inc/usbd_def.h **** #define USBD_EP0_STATUS_OUT                             0x05U
 173:Middlewares/ST/STM32_USB_Device_Library/Core/Inc/usbd_def.h **** #define USBD_EP0_STALL                                  0x06U
 174:Middlewares/ST/STM32_USB_Device_Library/Core/Inc/usbd_def.h **** 
 175:Middlewares/ST/STM32_USB_Device_Library/Core/Inc/usbd_def.h **** #define USBD_EP_TYPE_CTRL                               0x00U
 176:Middlewares/ST/STM32_USB_Device_Library/Core/Inc/usbd_def.h **** #define USBD_EP_TYPE_ISOC                               0x01U
 177:Middlewares/ST/STM32_USB_Device_Library/Core/Inc/usbd_def.h **** #define USBD_EP_TYPE_BULK                               0x02U
 178:Middlewares/ST/STM32_USB_Device_Library/Core/Inc/usbd_def.h **** #define USBD_EP_TYPE_INTR                               0x03U
 179:Middlewares/ST/STM32_USB_Device_Library/Core/Inc/usbd_def.h **** 
 180:Middlewares/ST/STM32_USB_Device_Library/Core/Inc/usbd_def.h **** #ifdef USE_USBD_COMPOSITE
 181:Middlewares/ST/STM32_USB_Device_Library/Core/Inc/usbd_def.h **** #define USBD_EP_IN                                      0x80U
 182:Middlewares/ST/STM32_USB_Device_Library/Core/Inc/usbd_def.h **** #define USBD_EP_OUT                                     0x00U
 183:Middlewares/ST/STM32_USB_Device_Library/Core/Inc/usbd_def.h **** #define USBD_FUNC_DESCRIPTOR_TYPE                       0x24U
 184:Middlewares/ST/STM32_USB_Device_Library/Core/Inc/usbd_def.h **** #define USBD_DESC_SUBTYPE_ACM                           0x0FU
 185:Middlewares/ST/STM32_USB_Device_Library/Core/Inc/usbd_def.h **** #define USBD_DESC_ECM_BCD_LOW                           0x00U
 186:Middlewares/ST/STM32_USB_Device_Library/Core/Inc/usbd_def.h **** #define USBD_DESC_ECM_BCD_HIGH                          0x10U
 187:Middlewares/ST/STM32_USB_Device_Library/Core/Inc/usbd_def.h **** #endif /* USE_USBD_COMPOSITE */
 188:Middlewares/ST/STM32_USB_Device_Library/Core/Inc/usbd_def.h **** /**
 189:Middlewares/ST/STM32_USB_Device_Library/Core/Inc/usbd_def.h ****   * @}
 190:Middlewares/ST/STM32_USB_Device_Library/Core/Inc/usbd_def.h ****   */
 191:Middlewares/ST/STM32_USB_Device_Library/Core/Inc/usbd_def.h **** 
 192:Middlewares/ST/STM32_USB_Device_Library/Core/Inc/usbd_def.h **** 
 193:Middlewares/ST/STM32_USB_Device_Library/Core/Inc/usbd_def.h **** /** @defgroup USBD_DEF_Exported_TypesDefinitions
 194:Middlewares/ST/STM32_USB_Device_Library/Core/Inc/usbd_def.h ****   * @{
 195:Middlewares/ST/STM32_USB_Device_Library/Core/Inc/usbd_def.h ****   */
 196:Middlewares/ST/STM32_USB_Device_Library/Core/Inc/usbd_def.h **** 
 197:Middlewares/ST/STM32_USB_Device_Library/Core/Inc/usbd_def.h **** typedef  struct  usb_setup_req
 198:Middlewares/ST/STM32_USB_Device_Library/Core/Inc/usbd_def.h **** {
 199:Middlewares/ST/STM32_USB_Device_Library/Core/Inc/usbd_def.h ****   uint8_t   bmRequest;
 200:Middlewares/ST/STM32_USB_Device_Library/Core/Inc/usbd_def.h ****   uint8_t   bRequest;
 201:Middlewares/ST/STM32_USB_Device_Library/Core/Inc/usbd_def.h ****   uint16_t  wValue;
 202:Middlewares/ST/STM32_USB_Device_Library/Core/Inc/usbd_def.h ****   uint16_t  wIndex;
 203:Middlewares/ST/STM32_USB_Device_Library/Core/Inc/usbd_def.h ****   uint16_t  wLength;
 204:Middlewares/ST/STM32_USB_Device_Library/Core/Inc/usbd_def.h **** } USBD_SetupReqTypedef;
 205:Middlewares/ST/STM32_USB_Device_Library/Core/Inc/usbd_def.h **** 
 206:Middlewares/ST/STM32_USB_Device_Library/Core/Inc/usbd_def.h **** typedef struct
 207:Middlewares/ST/STM32_USB_Device_Library/Core/Inc/usbd_def.h **** {
 208:Middlewares/ST/STM32_USB_Device_Library/Core/Inc/usbd_def.h ****   uint8_t   bLength;
ARM GAS  C:\Users\Nathan\AppData\Local\Temp\ccVw9ECP.s 			page 25


 209:Middlewares/ST/STM32_USB_Device_Library/Core/Inc/usbd_def.h ****   uint8_t   bDescriptorType;
 210:Middlewares/ST/STM32_USB_Device_Library/Core/Inc/usbd_def.h ****   uint16_t  wTotalLength;
 211:Middlewares/ST/STM32_USB_Device_Library/Core/Inc/usbd_def.h ****   uint8_t   bNumInterfaces;
 212:Middlewares/ST/STM32_USB_Device_Library/Core/Inc/usbd_def.h ****   uint8_t   bConfigurationValue;
 213:Middlewares/ST/STM32_USB_Device_Library/Core/Inc/usbd_def.h ****   uint8_t   iConfiguration;
 214:Middlewares/ST/STM32_USB_Device_Library/Core/Inc/usbd_def.h ****   uint8_t   bmAttributes;
 215:Middlewares/ST/STM32_USB_Device_Library/Core/Inc/usbd_def.h ****   uint8_t   bMaxPower;
 216:Middlewares/ST/STM32_USB_Device_Library/Core/Inc/usbd_def.h **** } __PACKED USBD_ConfigDescTypeDef;
 217:Middlewares/ST/STM32_USB_Device_Library/Core/Inc/usbd_def.h **** 
 218:Middlewares/ST/STM32_USB_Device_Library/Core/Inc/usbd_def.h **** typedef struct
 219:Middlewares/ST/STM32_USB_Device_Library/Core/Inc/usbd_def.h **** {
 220:Middlewares/ST/STM32_USB_Device_Library/Core/Inc/usbd_def.h ****   uint8_t   bLength;
 221:Middlewares/ST/STM32_USB_Device_Library/Core/Inc/usbd_def.h ****   uint8_t   bDescriptorType;
 222:Middlewares/ST/STM32_USB_Device_Library/Core/Inc/usbd_def.h ****   uint16_t  wTotalLength;
 223:Middlewares/ST/STM32_USB_Device_Library/Core/Inc/usbd_def.h ****   uint8_t   bNumDeviceCaps;
 224:Middlewares/ST/STM32_USB_Device_Library/Core/Inc/usbd_def.h **** } USBD_BosDescTypeDef;
 225:Middlewares/ST/STM32_USB_Device_Library/Core/Inc/usbd_def.h **** 
 226:Middlewares/ST/STM32_USB_Device_Library/Core/Inc/usbd_def.h **** typedef struct
 227:Middlewares/ST/STM32_USB_Device_Library/Core/Inc/usbd_def.h **** {
 228:Middlewares/ST/STM32_USB_Device_Library/Core/Inc/usbd_def.h ****   uint8_t   bLength;
 229:Middlewares/ST/STM32_USB_Device_Library/Core/Inc/usbd_def.h ****   uint8_t   bDescriptorType;
 230:Middlewares/ST/STM32_USB_Device_Library/Core/Inc/usbd_def.h ****   uint8_t   bEndpointAddress;
 231:Middlewares/ST/STM32_USB_Device_Library/Core/Inc/usbd_def.h ****   uint8_t   bmAttributes;
 232:Middlewares/ST/STM32_USB_Device_Library/Core/Inc/usbd_def.h ****   uint16_t  wMaxPacketSize;
 233:Middlewares/ST/STM32_USB_Device_Library/Core/Inc/usbd_def.h ****   uint8_t   bInterval;
 234:Middlewares/ST/STM32_USB_Device_Library/Core/Inc/usbd_def.h **** } __PACKED USBD_EpDescTypeDef;
 235:Middlewares/ST/STM32_USB_Device_Library/Core/Inc/usbd_def.h **** 
 236:Middlewares/ST/STM32_USB_Device_Library/Core/Inc/usbd_def.h **** typedef  struct
 237:Middlewares/ST/STM32_USB_Device_Library/Core/Inc/usbd_def.h **** {
 238:Middlewares/ST/STM32_USB_Device_Library/Core/Inc/usbd_def.h ****   uint8_t  bLength;
 239:Middlewares/ST/STM32_USB_Device_Library/Core/Inc/usbd_def.h ****   uint8_t  bDescriptorType;
 240:Middlewares/ST/STM32_USB_Device_Library/Core/Inc/usbd_def.h ****   uint8_t  bDescriptorSubType;
 241:Middlewares/ST/STM32_USB_Device_Library/Core/Inc/usbd_def.h **** } USBD_DescHeaderTypeDef;
 242:Middlewares/ST/STM32_USB_Device_Library/Core/Inc/usbd_def.h **** 
 243:Middlewares/ST/STM32_USB_Device_Library/Core/Inc/usbd_def.h **** struct _USBD_HandleTypeDef;
 244:Middlewares/ST/STM32_USB_Device_Library/Core/Inc/usbd_def.h **** 
 245:Middlewares/ST/STM32_USB_Device_Library/Core/Inc/usbd_def.h **** typedef struct _Device_cb
 246:Middlewares/ST/STM32_USB_Device_Library/Core/Inc/usbd_def.h **** {
 247:Middlewares/ST/STM32_USB_Device_Library/Core/Inc/usbd_def.h ****   uint8_t (*Init)(struct _USBD_HandleTypeDef *pdev, uint8_t cfgidx);
 248:Middlewares/ST/STM32_USB_Device_Library/Core/Inc/usbd_def.h ****   uint8_t (*DeInit)(struct _USBD_HandleTypeDef *pdev, uint8_t cfgidx);
 249:Middlewares/ST/STM32_USB_Device_Library/Core/Inc/usbd_def.h ****   /* Control Endpoints*/
 250:Middlewares/ST/STM32_USB_Device_Library/Core/Inc/usbd_def.h ****   uint8_t (*Setup)(struct _USBD_HandleTypeDef *pdev, USBD_SetupReqTypedef  *req);
 251:Middlewares/ST/STM32_USB_Device_Library/Core/Inc/usbd_def.h ****   uint8_t (*EP0_TxSent)(struct _USBD_HandleTypeDef *pdev);
 252:Middlewares/ST/STM32_USB_Device_Library/Core/Inc/usbd_def.h ****   uint8_t (*EP0_RxReady)(struct _USBD_HandleTypeDef *pdev);
 253:Middlewares/ST/STM32_USB_Device_Library/Core/Inc/usbd_def.h ****   /* Class Specific Endpoints*/
 254:Middlewares/ST/STM32_USB_Device_Library/Core/Inc/usbd_def.h ****   uint8_t (*DataIn)(struct _USBD_HandleTypeDef *pdev, uint8_t epnum);
 255:Middlewares/ST/STM32_USB_Device_Library/Core/Inc/usbd_def.h ****   uint8_t (*DataOut)(struct _USBD_HandleTypeDef *pdev, uint8_t epnum);
 256:Middlewares/ST/STM32_USB_Device_Library/Core/Inc/usbd_def.h ****   uint8_t (*SOF)(struct _USBD_HandleTypeDef *pdev);
 257:Middlewares/ST/STM32_USB_Device_Library/Core/Inc/usbd_def.h ****   uint8_t (*IsoINIncomplete)(struct _USBD_HandleTypeDef *pdev, uint8_t epnum);
 258:Middlewares/ST/STM32_USB_Device_Library/Core/Inc/usbd_def.h ****   uint8_t (*IsoOUTIncomplete)(struct _USBD_HandleTypeDef *pdev, uint8_t epnum);
 259:Middlewares/ST/STM32_USB_Device_Library/Core/Inc/usbd_def.h **** 
 260:Middlewares/ST/STM32_USB_Device_Library/Core/Inc/usbd_def.h ****   uint8_t  *(*GetHSConfigDescriptor)(uint16_t *length);
 261:Middlewares/ST/STM32_USB_Device_Library/Core/Inc/usbd_def.h ****   uint8_t  *(*GetFSConfigDescriptor)(uint16_t *length);
 262:Middlewares/ST/STM32_USB_Device_Library/Core/Inc/usbd_def.h ****   uint8_t  *(*GetOtherSpeedConfigDescriptor)(uint16_t *length);
 263:Middlewares/ST/STM32_USB_Device_Library/Core/Inc/usbd_def.h ****   uint8_t  *(*GetDeviceQualifierDescriptor)(uint16_t *length);
 264:Middlewares/ST/STM32_USB_Device_Library/Core/Inc/usbd_def.h **** #if (USBD_SUPPORT_USER_STRING_DESC == 1U)
 265:Middlewares/ST/STM32_USB_Device_Library/Core/Inc/usbd_def.h ****   uint8_t  *(*GetUsrStrDescriptor)(struct _USBD_HandleTypeDef *pdev, uint8_t index,  uint16_t *leng
ARM GAS  C:\Users\Nathan\AppData\Local\Temp\ccVw9ECP.s 			page 26


 266:Middlewares/ST/STM32_USB_Device_Library/Core/Inc/usbd_def.h **** #endif /* USBD_SUPPORT_USER_STRING_DESC  */
 267:Middlewares/ST/STM32_USB_Device_Library/Core/Inc/usbd_def.h **** 
 268:Middlewares/ST/STM32_USB_Device_Library/Core/Inc/usbd_def.h **** } USBD_ClassTypeDef;
 269:Middlewares/ST/STM32_USB_Device_Library/Core/Inc/usbd_def.h **** 
 270:Middlewares/ST/STM32_USB_Device_Library/Core/Inc/usbd_def.h **** /* Following USB Device Speed */
 271:Middlewares/ST/STM32_USB_Device_Library/Core/Inc/usbd_def.h **** typedef enum
 272:Middlewares/ST/STM32_USB_Device_Library/Core/Inc/usbd_def.h **** {
 273:Middlewares/ST/STM32_USB_Device_Library/Core/Inc/usbd_def.h ****   USBD_SPEED_HIGH  = 0U,
 274:Middlewares/ST/STM32_USB_Device_Library/Core/Inc/usbd_def.h ****   USBD_SPEED_FULL  = 1U,
 275:Middlewares/ST/STM32_USB_Device_Library/Core/Inc/usbd_def.h ****   USBD_SPEED_LOW   = 2U,
 276:Middlewares/ST/STM32_USB_Device_Library/Core/Inc/usbd_def.h **** } USBD_SpeedTypeDef;
 277:Middlewares/ST/STM32_USB_Device_Library/Core/Inc/usbd_def.h **** 
 278:Middlewares/ST/STM32_USB_Device_Library/Core/Inc/usbd_def.h **** /* Following USB Device status */
 279:Middlewares/ST/STM32_USB_Device_Library/Core/Inc/usbd_def.h **** typedef enum
 280:Middlewares/ST/STM32_USB_Device_Library/Core/Inc/usbd_def.h **** {
 281:Middlewares/ST/STM32_USB_Device_Library/Core/Inc/usbd_def.h ****   USBD_OK = 0U,
 282:Middlewares/ST/STM32_USB_Device_Library/Core/Inc/usbd_def.h ****   USBD_BUSY,
 283:Middlewares/ST/STM32_USB_Device_Library/Core/Inc/usbd_def.h ****   USBD_EMEM,
 284:Middlewares/ST/STM32_USB_Device_Library/Core/Inc/usbd_def.h ****   USBD_FAIL,
 285:Middlewares/ST/STM32_USB_Device_Library/Core/Inc/usbd_def.h **** } USBD_StatusTypeDef;
 286:Middlewares/ST/STM32_USB_Device_Library/Core/Inc/usbd_def.h **** 
 287:Middlewares/ST/STM32_USB_Device_Library/Core/Inc/usbd_def.h **** /* USB Device descriptors structure */
 288:Middlewares/ST/STM32_USB_Device_Library/Core/Inc/usbd_def.h **** typedef struct
 289:Middlewares/ST/STM32_USB_Device_Library/Core/Inc/usbd_def.h **** {
 290:Middlewares/ST/STM32_USB_Device_Library/Core/Inc/usbd_def.h ****   uint8_t *(*GetDeviceDescriptor)(USBD_SpeedTypeDef speed, uint16_t *length);
 291:Middlewares/ST/STM32_USB_Device_Library/Core/Inc/usbd_def.h ****   uint8_t *(*GetLangIDStrDescriptor)(USBD_SpeedTypeDef speed, uint16_t *length);
 292:Middlewares/ST/STM32_USB_Device_Library/Core/Inc/usbd_def.h ****   uint8_t *(*GetManufacturerStrDescriptor)(USBD_SpeedTypeDef speed, uint16_t *length);
 293:Middlewares/ST/STM32_USB_Device_Library/Core/Inc/usbd_def.h ****   uint8_t *(*GetProductStrDescriptor)(USBD_SpeedTypeDef speed, uint16_t *length);
 294:Middlewares/ST/STM32_USB_Device_Library/Core/Inc/usbd_def.h ****   uint8_t *(*GetSerialStrDescriptor)(USBD_SpeedTypeDef speed, uint16_t *length);
 295:Middlewares/ST/STM32_USB_Device_Library/Core/Inc/usbd_def.h ****   uint8_t *(*GetConfigurationStrDescriptor)(USBD_SpeedTypeDef speed, uint16_t *length);
 296:Middlewares/ST/STM32_USB_Device_Library/Core/Inc/usbd_def.h ****   uint8_t *(*GetInterfaceStrDescriptor)(USBD_SpeedTypeDef speed, uint16_t *length);
 297:Middlewares/ST/STM32_USB_Device_Library/Core/Inc/usbd_def.h **** #if (USBD_CLASS_USER_STRING_DESC == 1)
 298:Middlewares/ST/STM32_USB_Device_Library/Core/Inc/usbd_def.h ****   uint8_t *(*GetUserStrDescriptor)(USBD_SpeedTypeDef speed, uint8_t idx, uint16_t *length);
 299:Middlewares/ST/STM32_USB_Device_Library/Core/Inc/usbd_def.h **** #endif /* USBD_CLASS_USER_STRING_DESC */
 300:Middlewares/ST/STM32_USB_Device_Library/Core/Inc/usbd_def.h **** #if ((USBD_LPM_ENABLED == 1U) || (USBD_CLASS_BOS_ENABLED == 1))
 301:Middlewares/ST/STM32_USB_Device_Library/Core/Inc/usbd_def.h ****   uint8_t *(*GetBOSDescriptor)(USBD_SpeedTypeDef speed, uint16_t *length);
 302:Middlewares/ST/STM32_USB_Device_Library/Core/Inc/usbd_def.h **** #endif /* (USBD_LPM_ENABLED == 1U) || (USBD_CLASS_BOS_ENABLED == 1) */
 303:Middlewares/ST/STM32_USB_Device_Library/Core/Inc/usbd_def.h **** } USBD_DescriptorsTypeDef;
 304:Middlewares/ST/STM32_USB_Device_Library/Core/Inc/usbd_def.h **** 
 305:Middlewares/ST/STM32_USB_Device_Library/Core/Inc/usbd_def.h **** /* USB Device handle structure */
 306:Middlewares/ST/STM32_USB_Device_Library/Core/Inc/usbd_def.h **** typedef struct
 307:Middlewares/ST/STM32_USB_Device_Library/Core/Inc/usbd_def.h **** {
 308:Middlewares/ST/STM32_USB_Device_Library/Core/Inc/usbd_def.h ****   uint32_t total_length;
 309:Middlewares/ST/STM32_USB_Device_Library/Core/Inc/usbd_def.h ****   uint32_t rem_length;
 310:Middlewares/ST/STM32_USB_Device_Library/Core/Inc/usbd_def.h ****   uint32_t bInterval;
 311:Middlewares/ST/STM32_USB_Device_Library/Core/Inc/usbd_def.h ****   uint16_t maxpacket;
 312:Middlewares/ST/STM32_USB_Device_Library/Core/Inc/usbd_def.h ****   uint8_t status;
 313:Middlewares/ST/STM32_USB_Device_Library/Core/Inc/usbd_def.h ****   uint8_t is_used;
 314:Middlewares/ST/STM32_USB_Device_Library/Core/Inc/usbd_def.h ****   uint8_t *pbuffer;
 315:Middlewares/ST/STM32_USB_Device_Library/Core/Inc/usbd_def.h **** } USBD_EndpointTypeDef;
 316:Middlewares/ST/STM32_USB_Device_Library/Core/Inc/usbd_def.h **** 
 317:Middlewares/ST/STM32_USB_Device_Library/Core/Inc/usbd_def.h **** #ifdef USE_USBD_COMPOSITE
 318:Middlewares/ST/STM32_USB_Device_Library/Core/Inc/usbd_def.h **** typedef enum
 319:Middlewares/ST/STM32_USB_Device_Library/Core/Inc/usbd_def.h **** {
 320:Middlewares/ST/STM32_USB_Device_Library/Core/Inc/usbd_def.h ****   CLASS_TYPE_NONE    = 0,
 321:Middlewares/ST/STM32_USB_Device_Library/Core/Inc/usbd_def.h ****   CLASS_TYPE_HID     = 1,
 322:Middlewares/ST/STM32_USB_Device_Library/Core/Inc/usbd_def.h ****   CLASS_TYPE_CDC     = 2,
ARM GAS  C:\Users\Nathan\AppData\Local\Temp\ccVw9ECP.s 			page 27


 323:Middlewares/ST/STM32_USB_Device_Library/Core/Inc/usbd_def.h ****   CLASS_TYPE_MSC     = 3,
 324:Middlewares/ST/STM32_USB_Device_Library/Core/Inc/usbd_def.h ****   CLASS_TYPE_DFU     = 4,
 325:Middlewares/ST/STM32_USB_Device_Library/Core/Inc/usbd_def.h ****   CLASS_TYPE_CHID    = 5,
 326:Middlewares/ST/STM32_USB_Device_Library/Core/Inc/usbd_def.h ****   CLASS_TYPE_AUDIO   = 6,
 327:Middlewares/ST/STM32_USB_Device_Library/Core/Inc/usbd_def.h ****   CLASS_TYPE_ECM     = 7,
 328:Middlewares/ST/STM32_USB_Device_Library/Core/Inc/usbd_def.h ****   CLASS_TYPE_RNDIS   = 8,
 329:Middlewares/ST/STM32_USB_Device_Library/Core/Inc/usbd_def.h ****   CLASS_TYPE_MTP     = 9,
 330:Middlewares/ST/STM32_USB_Device_Library/Core/Inc/usbd_def.h ****   CLASS_TYPE_VIDEO   = 10,
 331:Middlewares/ST/STM32_USB_Device_Library/Core/Inc/usbd_def.h ****   CLASS_TYPE_PRINTER = 11,
 332:Middlewares/ST/STM32_USB_Device_Library/Core/Inc/usbd_def.h ****   CLASS_TYPE_CCID    = 12,
 333:Middlewares/ST/STM32_USB_Device_Library/Core/Inc/usbd_def.h **** } USBD_CompositeClassTypeDef;
 334:Middlewares/ST/STM32_USB_Device_Library/Core/Inc/usbd_def.h **** 
 335:Middlewares/ST/STM32_USB_Device_Library/Core/Inc/usbd_def.h **** 
 336:Middlewares/ST/STM32_USB_Device_Library/Core/Inc/usbd_def.h **** /* USB Device handle structure */
 337:Middlewares/ST/STM32_USB_Device_Library/Core/Inc/usbd_def.h **** typedef struct
 338:Middlewares/ST/STM32_USB_Device_Library/Core/Inc/usbd_def.h **** {
 339:Middlewares/ST/STM32_USB_Device_Library/Core/Inc/usbd_def.h ****   uint8_t                     add;
 340:Middlewares/ST/STM32_USB_Device_Library/Core/Inc/usbd_def.h ****   uint8_t                     type;
 341:Middlewares/ST/STM32_USB_Device_Library/Core/Inc/usbd_def.h ****   uint8_t                     size;
 342:Middlewares/ST/STM32_USB_Device_Library/Core/Inc/usbd_def.h ****   uint8_t                     is_used;
 343:Middlewares/ST/STM32_USB_Device_Library/Core/Inc/usbd_def.h **** } USBD_EPTypeDef;
 344:Middlewares/ST/STM32_USB_Device_Library/Core/Inc/usbd_def.h **** 
 345:Middlewares/ST/STM32_USB_Device_Library/Core/Inc/usbd_def.h **** /* USB Device handle structure */
 346:Middlewares/ST/STM32_USB_Device_Library/Core/Inc/usbd_def.h **** typedef struct
 347:Middlewares/ST/STM32_USB_Device_Library/Core/Inc/usbd_def.h **** {
 348:Middlewares/ST/STM32_USB_Device_Library/Core/Inc/usbd_def.h ****   USBD_CompositeClassTypeDef   ClassType;
 349:Middlewares/ST/STM32_USB_Device_Library/Core/Inc/usbd_def.h ****   uint32_t                     ClassId;
 350:Middlewares/ST/STM32_USB_Device_Library/Core/Inc/usbd_def.h ****   uint32_t                     Active;
 351:Middlewares/ST/STM32_USB_Device_Library/Core/Inc/usbd_def.h ****   uint32_t                     NumEps;
 352:Middlewares/ST/STM32_USB_Device_Library/Core/Inc/usbd_def.h ****   USBD_EPTypeDef               Eps[USBD_MAX_CLASS_ENDPOINTS];
 353:Middlewares/ST/STM32_USB_Device_Library/Core/Inc/usbd_def.h ****   uint8_t                      *EpAdd;
 354:Middlewares/ST/STM32_USB_Device_Library/Core/Inc/usbd_def.h ****   uint32_t                     NumIf;
 355:Middlewares/ST/STM32_USB_Device_Library/Core/Inc/usbd_def.h ****   uint8_t                      Ifs[USBD_MAX_CLASS_INTERFACES];
 356:Middlewares/ST/STM32_USB_Device_Library/Core/Inc/usbd_def.h ****   uint32_t                     CurrPcktSze;
 357:Middlewares/ST/STM32_USB_Device_Library/Core/Inc/usbd_def.h **** } USBD_CompositeElementTypeDef;
 358:Middlewares/ST/STM32_USB_Device_Library/Core/Inc/usbd_def.h **** #endif /* USE_USBD_COMPOSITE */
 359:Middlewares/ST/STM32_USB_Device_Library/Core/Inc/usbd_def.h **** 
 360:Middlewares/ST/STM32_USB_Device_Library/Core/Inc/usbd_def.h **** /* USB Device handle structure */
 361:Middlewares/ST/STM32_USB_Device_Library/Core/Inc/usbd_def.h **** typedef struct _USBD_HandleTypeDef
 362:Middlewares/ST/STM32_USB_Device_Library/Core/Inc/usbd_def.h **** {
 363:Middlewares/ST/STM32_USB_Device_Library/Core/Inc/usbd_def.h ****   uint8_t                 id;
 364:Middlewares/ST/STM32_USB_Device_Library/Core/Inc/usbd_def.h ****   uint32_t                dev_config;
 365:Middlewares/ST/STM32_USB_Device_Library/Core/Inc/usbd_def.h ****   uint32_t                dev_default_config;
 366:Middlewares/ST/STM32_USB_Device_Library/Core/Inc/usbd_def.h ****   uint32_t                dev_config_status;
 367:Middlewares/ST/STM32_USB_Device_Library/Core/Inc/usbd_def.h ****   USBD_SpeedTypeDef       dev_speed;
 368:Middlewares/ST/STM32_USB_Device_Library/Core/Inc/usbd_def.h ****   USBD_EndpointTypeDef    ep_in[16];
 369:Middlewares/ST/STM32_USB_Device_Library/Core/Inc/usbd_def.h ****   USBD_EndpointTypeDef    ep_out[16];
 370:Middlewares/ST/STM32_USB_Device_Library/Core/Inc/usbd_def.h ****   __IO uint32_t           ep0_state;
 371:Middlewares/ST/STM32_USB_Device_Library/Core/Inc/usbd_def.h ****   uint32_t                ep0_data_len;
 372:Middlewares/ST/STM32_USB_Device_Library/Core/Inc/usbd_def.h ****   __IO uint8_t            dev_state;
 373:Middlewares/ST/STM32_USB_Device_Library/Core/Inc/usbd_def.h ****   __IO uint8_t            dev_old_state;
 374:Middlewares/ST/STM32_USB_Device_Library/Core/Inc/usbd_def.h ****   uint8_t                 dev_address;
 375:Middlewares/ST/STM32_USB_Device_Library/Core/Inc/usbd_def.h ****   uint8_t                 dev_connection_status;
 376:Middlewares/ST/STM32_USB_Device_Library/Core/Inc/usbd_def.h ****   uint8_t                 dev_test_mode;
 377:Middlewares/ST/STM32_USB_Device_Library/Core/Inc/usbd_def.h ****   uint32_t                dev_remote_wakeup;
 378:Middlewares/ST/STM32_USB_Device_Library/Core/Inc/usbd_def.h ****   uint8_t                 ConfIdx;
 379:Middlewares/ST/STM32_USB_Device_Library/Core/Inc/usbd_def.h **** 
ARM GAS  C:\Users\Nathan\AppData\Local\Temp\ccVw9ECP.s 			page 28


 380:Middlewares/ST/STM32_USB_Device_Library/Core/Inc/usbd_def.h ****   USBD_SetupReqTypedef    request;
 381:Middlewares/ST/STM32_USB_Device_Library/Core/Inc/usbd_def.h ****   USBD_DescriptorsTypeDef *pDesc;
 382:Middlewares/ST/STM32_USB_Device_Library/Core/Inc/usbd_def.h ****   USBD_ClassTypeDef       *pClass[USBD_MAX_SUPPORTED_CLASS];
 383:Middlewares/ST/STM32_USB_Device_Library/Core/Inc/usbd_def.h ****   void                    *pClassData;
 384:Middlewares/ST/STM32_USB_Device_Library/Core/Inc/usbd_def.h ****   void                    *pClassDataCmsit[USBD_MAX_SUPPORTED_CLASS];
 385:Middlewares/ST/STM32_USB_Device_Library/Core/Inc/usbd_def.h ****   void                    *pUserData[USBD_MAX_SUPPORTED_CLASS];
 386:Middlewares/ST/STM32_USB_Device_Library/Core/Inc/usbd_def.h ****   void                    *pData;
 387:Middlewares/ST/STM32_USB_Device_Library/Core/Inc/usbd_def.h ****   void                    *pBosDesc;
 388:Middlewares/ST/STM32_USB_Device_Library/Core/Inc/usbd_def.h ****   void                    *pConfDesc;
 389:Middlewares/ST/STM32_USB_Device_Library/Core/Inc/usbd_def.h ****   uint32_t                classId;
 390:Middlewares/ST/STM32_USB_Device_Library/Core/Inc/usbd_def.h ****   uint32_t                NumClasses;
 391:Middlewares/ST/STM32_USB_Device_Library/Core/Inc/usbd_def.h **** #ifdef USE_USBD_COMPOSITE
 392:Middlewares/ST/STM32_USB_Device_Library/Core/Inc/usbd_def.h ****   USBD_CompositeElementTypeDef tclasslist[USBD_MAX_SUPPORTED_CLASS];
 393:Middlewares/ST/STM32_USB_Device_Library/Core/Inc/usbd_def.h **** #endif /* USE_USBD_COMPOSITE */
 394:Middlewares/ST/STM32_USB_Device_Library/Core/Inc/usbd_def.h **** #if (USBD_USER_REGISTER_CALLBACK == 1U)
 395:Middlewares/ST/STM32_USB_Device_Library/Core/Inc/usbd_def.h ****   void (* DevStateCallback)(uint8_t dev_state, uint8_t cfgidx);                    /*!< User Notifi
 396:Middlewares/ST/STM32_USB_Device_Library/Core/Inc/usbd_def.h **** #endif /* USBD_USER_REGISTER_CALLBACK */
 397:Middlewares/ST/STM32_USB_Device_Library/Core/Inc/usbd_def.h **** } USBD_HandleTypeDef;
 398:Middlewares/ST/STM32_USB_Device_Library/Core/Inc/usbd_def.h **** 
 399:Middlewares/ST/STM32_USB_Device_Library/Core/Inc/usbd_def.h **** #if (USBD_USER_REGISTER_CALLBACK == 1U)
 400:Middlewares/ST/STM32_USB_Device_Library/Core/Inc/usbd_def.h **** typedef void (*USBD_DevStateCallbackTypeDef)(uint8_t dev_state, uint8_t cfgidx);   /*!< pointer to 
 401:Middlewares/ST/STM32_USB_Device_Library/Core/Inc/usbd_def.h **** #endif /* USBD_USER_REGISTER_CALLBACK */
 402:Middlewares/ST/STM32_USB_Device_Library/Core/Inc/usbd_def.h **** 
 403:Middlewares/ST/STM32_USB_Device_Library/Core/Inc/usbd_def.h **** /* USB Device endpoint direction */
 404:Middlewares/ST/STM32_USB_Device_Library/Core/Inc/usbd_def.h **** typedef enum
 405:Middlewares/ST/STM32_USB_Device_Library/Core/Inc/usbd_def.h **** {
 406:Middlewares/ST/STM32_USB_Device_Library/Core/Inc/usbd_def.h ****   OUT   = 0x00,
 407:Middlewares/ST/STM32_USB_Device_Library/Core/Inc/usbd_def.h ****   IN    = 0x80,
 408:Middlewares/ST/STM32_USB_Device_Library/Core/Inc/usbd_def.h **** } USBD_EPDirectionTypeDef;
 409:Middlewares/ST/STM32_USB_Device_Library/Core/Inc/usbd_def.h **** 
 410:Middlewares/ST/STM32_USB_Device_Library/Core/Inc/usbd_def.h **** typedef enum
 411:Middlewares/ST/STM32_USB_Device_Library/Core/Inc/usbd_def.h **** {
 412:Middlewares/ST/STM32_USB_Device_Library/Core/Inc/usbd_def.h ****   NETWORK_CONNECTION = 0x00,
 413:Middlewares/ST/STM32_USB_Device_Library/Core/Inc/usbd_def.h ****   RESPONSE_AVAILABLE = 0x01,
 414:Middlewares/ST/STM32_USB_Device_Library/Core/Inc/usbd_def.h ****   CONNECTION_SPEED_CHANGE = 0x2A
 415:Middlewares/ST/STM32_USB_Device_Library/Core/Inc/usbd_def.h **** } USBD_CDC_NotifCodeTypeDef;
 416:Middlewares/ST/STM32_USB_Device_Library/Core/Inc/usbd_def.h **** /**
 417:Middlewares/ST/STM32_USB_Device_Library/Core/Inc/usbd_def.h ****   * @}
 418:Middlewares/ST/STM32_USB_Device_Library/Core/Inc/usbd_def.h ****   */
 419:Middlewares/ST/STM32_USB_Device_Library/Core/Inc/usbd_def.h **** 
 420:Middlewares/ST/STM32_USB_Device_Library/Core/Inc/usbd_def.h **** 
 421:Middlewares/ST/STM32_USB_Device_Library/Core/Inc/usbd_def.h **** 
 422:Middlewares/ST/STM32_USB_Device_Library/Core/Inc/usbd_def.h **** /** @defgroup USBD_DEF_Exported_Macros
 423:Middlewares/ST/STM32_USB_Device_Library/Core/Inc/usbd_def.h ****   * @{
 424:Middlewares/ST/STM32_USB_Device_Library/Core/Inc/usbd_def.h ****   */
 425:Middlewares/ST/STM32_USB_Device_Library/Core/Inc/usbd_def.h **** __STATIC_INLINE uint16_t SWAPBYTE(uint8_t *addr)
 105              		.loc 2 425 26 view .LVU28
 106              	.LBB9:
 426:Middlewares/ST/STM32_USB_Device_Library/Core/Inc/usbd_def.h **** {
 427:Middlewares/ST/STM32_USB_Device_Library/Core/Inc/usbd_def.h ****   uint16_t _SwapVal;
 107              		.loc 2 427 3 view .LVU29
 428:Middlewares/ST/STM32_USB_Device_Library/Core/Inc/usbd_def.h ****   uint16_t _Byte1;
 108              		.loc 2 428 3 view .LVU30
 429:Middlewares/ST/STM32_USB_Device_Library/Core/Inc/usbd_def.h ****   uint16_t _Byte2;
 109              		.loc 2 429 3 view .LVU31
 430:Middlewares/ST/STM32_USB_Device_Library/Core/Inc/usbd_def.h ****   uint8_t *_pbuff = addr;
 110              		.loc 2 430 3 view .LVU32
ARM GAS  C:\Users\Nathan\AppData\Local\Temp\ccVw9ECP.s 			page 29


 431:Middlewares/ST/STM32_USB_Device_Library/Core/Inc/usbd_def.h **** 
 432:Middlewares/ST/STM32_USB_Device_Library/Core/Inc/usbd_def.h ****   _Byte1 = *(uint8_t *)_pbuff;
 111              		.loc 2 432 3 view .LVU33
 112              		.loc 2 432 12 is_stmt 0 view .LVU34
 113 0008 8B78     		ldrb	r3, [r1, #2]	@ zero_extendqisi2
 114              	.LVL10:
 433:Middlewares/ST/STM32_USB_Device_Library/Core/Inc/usbd_def.h ****   _pbuff++;
 115              		.loc 2 433 3 is_stmt 1 view .LVU35
 434:Middlewares/ST/STM32_USB_Device_Library/Core/Inc/usbd_def.h ****   _Byte2 = *(uint8_t *)_pbuff;
 116              		.loc 2 434 3 view .LVU36
 117              		.loc 2 434 12 is_stmt 0 view .LVU37
 118 000a CA78     		ldrb	r2, [r1, #3]	@ zero_extendqisi2
 119              	.LVL11:
 435:Middlewares/ST/STM32_USB_Device_Library/Core/Inc/usbd_def.h **** 
 436:Middlewares/ST/STM32_USB_Device_Library/Core/Inc/usbd_def.h ****   _SwapVal = (_Byte2 << 8) | _Byte1;
 120              		.loc 2 436 3 is_stmt 1 view .LVU38
 121              		.loc 2 436 12 is_stmt 0 view .LVU39
 122 000c 43EA0223 		orr	r3, r3, r2, lsl #8
 437:Middlewares/ST/STM32_USB_Device_Library/Core/Inc/usbd_def.h **** 
 438:Middlewares/ST/STM32_USB_Device_Library/Core/Inc/usbd_def.h ****   return _SwapVal;
 123              		.loc 2 438 3 is_stmt 1 view .LVU40
 124              	.LVL12:
 125              		.loc 2 438 3 is_stmt 0 view .LVU41
 126              	.LBE9:
 127              	.LBE8:
 960:Middlewares/ST/STM32_USB_Device_Library/Core/Src/usbd_ctlreq.c **** 
 128              		.loc 1 960 15 discriminator 1 view .LVU42
 129 0010 4380     		strh	r3, [r0, #2]	@ movhi
 130              	.LVL13:
 962:Middlewares/ST/STM32_USB_Device_Library/Core/Src/usbd_ctlreq.c ****   pbuff++;
 131              		.loc 1 962 3 is_stmt 1 view .LVU43
 963:Middlewares/ST/STM32_USB_Device_Library/Core/Src/usbd_ctlreq.c ****   req->wIndex = SWAPBYTE(pbuff);
 132              		.loc 1 963 3 view .LVU44
 964:Middlewares/ST/STM32_USB_Device_Library/Core/Src/usbd_ctlreq.c **** 
 133              		.loc 1 964 3 view .LVU45
 134              	.LBB10:
 135              	.LBI10:
 425:Middlewares/ST/STM32_USB_Device_Library/Core/Inc/usbd_def.h **** {
 136              		.loc 2 425 26 view .LVU46
 137              	.LBB11:
 427:Middlewares/ST/STM32_USB_Device_Library/Core/Inc/usbd_def.h ****   uint16_t _Byte1;
 138              		.loc 2 427 3 view .LVU47
 428:Middlewares/ST/STM32_USB_Device_Library/Core/Inc/usbd_def.h ****   uint16_t _Byte2;
 139              		.loc 2 428 3 view .LVU48
 429:Middlewares/ST/STM32_USB_Device_Library/Core/Inc/usbd_def.h ****   uint8_t *_pbuff = addr;
 140              		.loc 2 429 3 view .LVU49
 430:Middlewares/ST/STM32_USB_Device_Library/Core/Inc/usbd_def.h **** 
 141              		.loc 2 430 3 view .LVU50
 432:Middlewares/ST/STM32_USB_Device_Library/Core/Inc/usbd_def.h ****   _pbuff++;
 142              		.loc 2 432 3 view .LVU51
 432:Middlewares/ST/STM32_USB_Device_Library/Core/Inc/usbd_def.h ****   _pbuff++;
 143              		.loc 2 432 12 is_stmt 0 view .LVU52
 144 0012 0B79     		ldrb	r3, [r1, #4]	@ zero_extendqisi2
 145              	.LVL14:
 433:Middlewares/ST/STM32_USB_Device_Library/Core/Inc/usbd_def.h ****   _Byte2 = *(uint8_t *)_pbuff;
 146              		.loc 2 433 3 is_stmt 1 view .LVU53
 434:Middlewares/ST/STM32_USB_Device_Library/Core/Inc/usbd_def.h **** 
ARM GAS  C:\Users\Nathan\AppData\Local\Temp\ccVw9ECP.s 			page 30


 147              		.loc 2 434 3 view .LVU54
 434:Middlewares/ST/STM32_USB_Device_Library/Core/Inc/usbd_def.h **** 
 148              		.loc 2 434 12 is_stmt 0 view .LVU55
 149 0014 4A79     		ldrb	r2, [r1, #5]	@ zero_extendqisi2
 150              	.LVL15:
 436:Middlewares/ST/STM32_USB_Device_Library/Core/Inc/usbd_def.h **** 
 151              		.loc 2 436 3 is_stmt 1 view .LVU56
 436:Middlewares/ST/STM32_USB_Device_Library/Core/Inc/usbd_def.h **** 
 152              		.loc 2 436 12 is_stmt 0 view .LVU57
 153 0016 43EA0223 		orr	r3, r3, r2, lsl #8
 154              		.loc 2 438 3 is_stmt 1 view .LVU58
 155              	.LVL16:
 156              		.loc 2 438 3 is_stmt 0 view .LVU59
 157              	.LBE11:
 158              	.LBE10:
 964:Middlewares/ST/STM32_USB_Device_Library/Core/Src/usbd_ctlreq.c **** 
 159              		.loc 1 964 15 discriminator 1 view .LVU60
 160 001a 8380     		strh	r3, [r0, #4]	@ movhi
 161              	.LVL17:
 966:Middlewares/ST/STM32_USB_Device_Library/Core/Src/usbd_ctlreq.c ****   pbuff++;
 162              		.loc 1 966 3 is_stmt 1 view .LVU61
 967:Middlewares/ST/STM32_USB_Device_Library/Core/Src/usbd_ctlreq.c ****   req->wLength = SWAPBYTE(pbuff);
 163              		.loc 1 967 3 view .LVU62
 968:Middlewares/ST/STM32_USB_Device_Library/Core/Src/usbd_ctlreq.c **** }
 164              		.loc 1 968 3 view .LVU63
 165              	.LBB12:
 166              	.LBI12:
 425:Middlewares/ST/STM32_USB_Device_Library/Core/Inc/usbd_def.h **** {
 167              		.loc 2 425 26 view .LVU64
 168              	.LBB13:
 427:Middlewares/ST/STM32_USB_Device_Library/Core/Inc/usbd_def.h ****   uint16_t _Byte1;
 169              		.loc 2 427 3 view .LVU65
 428:Middlewares/ST/STM32_USB_Device_Library/Core/Inc/usbd_def.h ****   uint16_t _Byte2;
 170              		.loc 2 428 3 view .LVU66
 429:Middlewares/ST/STM32_USB_Device_Library/Core/Inc/usbd_def.h ****   uint8_t *_pbuff = addr;
 171              		.loc 2 429 3 view .LVU67
 430:Middlewares/ST/STM32_USB_Device_Library/Core/Inc/usbd_def.h **** 
 172              		.loc 2 430 3 view .LVU68
 432:Middlewares/ST/STM32_USB_Device_Library/Core/Inc/usbd_def.h ****   _pbuff++;
 173              		.loc 2 432 3 view .LVU69
 432:Middlewares/ST/STM32_USB_Device_Library/Core/Inc/usbd_def.h ****   _pbuff++;
 174              		.loc 2 432 12 is_stmt 0 view .LVU70
 175 001c 8B79     		ldrb	r3, [r1, #6]	@ zero_extendqisi2
 176              	.LVL18:
 433:Middlewares/ST/STM32_USB_Device_Library/Core/Inc/usbd_def.h ****   _Byte2 = *(uint8_t *)_pbuff;
 177              		.loc 2 433 3 is_stmt 1 view .LVU71
 434:Middlewares/ST/STM32_USB_Device_Library/Core/Inc/usbd_def.h **** 
 178              		.loc 2 434 3 view .LVU72
 434:Middlewares/ST/STM32_USB_Device_Library/Core/Inc/usbd_def.h **** 
 179              		.loc 2 434 12 is_stmt 0 view .LVU73
 180 001e CA79     		ldrb	r2, [r1, #7]	@ zero_extendqisi2
 181              	.LVL19:
 436:Middlewares/ST/STM32_USB_Device_Library/Core/Inc/usbd_def.h **** 
 182              		.loc 2 436 3 is_stmt 1 view .LVU74
 436:Middlewares/ST/STM32_USB_Device_Library/Core/Inc/usbd_def.h **** 
 183              		.loc 2 436 12 is_stmt 0 view .LVU75
 184 0020 43EA0223 		orr	r3, r3, r2, lsl #8
ARM GAS  C:\Users\Nathan\AppData\Local\Temp\ccVw9ECP.s 			page 31


 185              		.loc 2 438 3 is_stmt 1 view .LVU76
 186              	.LVL20:
 187              		.loc 2 438 3 is_stmt 0 view .LVU77
 188              	.LBE13:
 189              	.LBE12:
 968:Middlewares/ST/STM32_USB_Device_Library/Core/Src/usbd_ctlreq.c **** }
 190              		.loc 1 968 16 discriminator 1 view .LVU78
 191 0024 C380     		strh	r3, [r0, #6]	@ movhi
 192              	.LVL21:
 969:Middlewares/ST/STM32_USB_Device_Library/Core/Src/usbd_ctlreq.c **** 
 193              		.loc 1 969 1 view .LVU79
 194 0026 7047     		bx	lr
 195              		.cfi_endproc
 196              	.LFE964:
 198              		.section	.text.USBD_CtlError,"ax",%progbits
 199              		.align	1
 200              		.global	USBD_CtlError
 201              		.syntax unified
 202              		.thumb
 203              		.thumb_func
 205              	USBD_CtlError:
 206              	.LVL22:
 207              	.LFB965:
 980:Middlewares/ST/STM32_USB_Device_Library/Core/Src/usbd_ctlreq.c ****   UNUSED(req);
 208              		.loc 1 980 1 is_stmt 1 view -0
 209              		.cfi_startproc
 210              		@ args = 0, pretend = 0, frame = 0
 211              		@ frame_needed = 0, uses_anonymous_args = 0
 980:Middlewares/ST/STM32_USB_Device_Library/Core/Src/usbd_ctlreq.c ****   UNUSED(req);
 212              		.loc 1 980 1 is_stmt 0 view .LVU81
 213 0000 10B5     		push	{r4, lr}
 214              		.cfi_def_cfa_offset 8
 215              		.cfi_offset 4, -8
 216              		.cfi_offset 14, -4
 217 0002 0446     		mov	r4, r0
 981:Middlewares/ST/STM32_USB_Device_Library/Core/Src/usbd_ctlreq.c **** 
 218              		.loc 1 981 3 is_stmt 1 view .LVU82
 983:Middlewares/ST/STM32_USB_Device_Library/Core/Src/usbd_ctlreq.c ****   (void)USBD_LL_StallEP(pdev, 0U);
 219              		.loc 1 983 3 view .LVU83
 983:Middlewares/ST/STM32_USB_Device_Library/Core/Src/usbd_ctlreq.c ****   (void)USBD_LL_StallEP(pdev, 0U);
 220              		.loc 1 983 9 is_stmt 0 view .LVU84
 221 0004 8021     		movs	r1, #128
 222              	.LVL23:
 983:Middlewares/ST/STM32_USB_Device_Library/Core/Src/usbd_ctlreq.c ****   (void)USBD_LL_StallEP(pdev, 0U);
 223              		.loc 1 983 9 view .LVU85
 224 0006 FFF7FEFF 		bl	USBD_LL_StallEP
 225              	.LVL24:
 984:Middlewares/ST/STM32_USB_Device_Library/Core/Src/usbd_ctlreq.c **** }
 226              		.loc 1 984 3 is_stmt 1 view .LVU86
 984:Middlewares/ST/STM32_USB_Device_Library/Core/Src/usbd_ctlreq.c **** }
 227              		.loc 1 984 9 is_stmt 0 view .LVU87
 228 000a 0021     		movs	r1, #0
 229 000c 2046     		mov	r0, r4
 230 000e FFF7FEFF 		bl	USBD_LL_StallEP
 231              	.LVL25:
 985:Middlewares/ST/STM32_USB_Device_Library/Core/Src/usbd_ctlreq.c **** 
 232              		.loc 1 985 1 view .LVU88
ARM GAS  C:\Users\Nathan\AppData\Local\Temp\ccVw9ECP.s 			page 32


 233 0012 10BD     		pop	{r4, pc}
 985:Middlewares/ST/STM32_USB_Device_Library/Core/Src/usbd_ctlreq.c **** 
 234              		.loc 1 985 1 view .LVU89
 235              		.cfi_endproc
 236              	.LFE965:
 238              		.section	.text.USBD_GetDescriptor,"ax",%progbits
 239              		.align	1
 240              		.syntax unified
 241              		.thumb
 242              		.thumb_func
 244              	USBD_GetDescriptor:
 245              	.LVL26:
 246              	.LFB957:
 429:Middlewares/ST/STM32_USB_Device_Library/Core/Src/usbd_ctlreq.c ****   uint16_t len = 0U;
 247              		.loc 1 429 1 is_stmt 1 view -0
 248              		.cfi_startproc
 249              		@ args = 0, pretend = 0, frame = 8
 250              		@ frame_needed = 0, uses_anonymous_args = 0
 429:Middlewares/ST/STM32_USB_Device_Library/Core/Src/usbd_ctlreq.c ****   uint16_t len = 0U;
 251              		.loc 1 429 1 is_stmt 0 view .LVU91
 252 0000 30B5     		push	{r4, r5, lr}
 253              		.cfi_def_cfa_offset 12
 254              		.cfi_offset 4, -12
 255              		.cfi_offset 5, -8
 256              		.cfi_offset 14, -4
 257 0002 83B0     		sub	sp, sp, #12
 258              		.cfi_def_cfa_offset 24
 259 0004 0446     		mov	r4, r0
 260 0006 0D46     		mov	r5, r1
 430:Middlewares/ST/STM32_USB_Device_Library/Core/Src/usbd_ctlreq.c ****   uint8_t *pbuf = NULL;
 261              		.loc 1 430 3 is_stmt 1 view .LVU92
 430:Middlewares/ST/STM32_USB_Device_Library/Core/Src/usbd_ctlreq.c ****   uint8_t *pbuf = NULL;
 262              		.loc 1 430 12 is_stmt 0 view .LVU93
 263 0008 0023     		movs	r3, #0
 264 000a ADF80630 		strh	r3, [sp, #6]	@ movhi
 431:Middlewares/ST/STM32_USB_Device_Library/Core/Src/usbd_ctlreq.c ****   uint8_t err = 0U;
 265              		.loc 1 431 3 is_stmt 1 view .LVU94
 266              	.LVL27:
 432:Middlewares/ST/STM32_USB_Device_Library/Core/Src/usbd_ctlreq.c **** 
 267              		.loc 1 432 3 view .LVU95
 434:Middlewares/ST/STM32_USB_Device_Library/Core/Src/usbd_ctlreq.c ****   {
 268              		.loc 1 434 3 view .LVU96
 434:Middlewares/ST/STM32_USB_Device_Library/Core/Src/usbd_ctlreq.c ****   {
 269              		.loc 1 434 14 is_stmt 0 view .LVU97
 270 000e 4A88     		ldrh	r2, [r1, #2]
 434:Middlewares/ST/STM32_USB_Device_Library/Core/Src/usbd_ctlreq.c ****   {
 271              		.loc 1 434 23 view .LVU98
 272 0010 130A     		lsrs	r3, r2, #8
 434:Middlewares/ST/STM32_USB_Device_Library/Core/Src/usbd_ctlreq.c ****   {
 273              		.loc 1 434 3 view .LVU99
 274 0012 062B     		cmp	r3, #6
 275 0014 00F0A580 		beq	.L8
 276 0018 21D8     		bhi	.L9
 277 001a 022B     		cmp	r3, #2
 278 001c 31D0     		beq	.L10
 279 001e 032B     		cmp	r3, #3
 280 0020 43D0     		beq	.L11
ARM GAS  C:\Users\Nathan\AppData\Local\Temp\ccVw9ECP.s 			page 33


 281 0022 012B     		cmp	r3, #1
 282 0024 40F0B780 		bne	.L13
 450:Middlewares/ST/STM32_USB_Device_Library/Core/Src/usbd_ctlreq.c ****       break;
 283              		.loc 1 450 7 is_stmt 1 view .LVU100
 450:Middlewares/ST/STM32_USB_Device_Library/Core/Src/usbd_ctlreq.c ****       break;
 284              		.loc 1 450 18 is_stmt 0 view .LVU101
 285 0028 D0F8B432 		ldr	r3, [r0, #692]
 450:Middlewares/ST/STM32_USB_Device_Library/Core/Src/usbd_ctlreq.c ****       break;
 286              		.loc 1 450 25 view .LVU102
 287 002c 1B68     		ldr	r3, [r3]
 450:Middlewares/ST/STM32_USB_Device_Library/Core/Src/usbd_ctlreq.c ****       break;
 288              		.loc 1 450 14 view .LVU103
 289 002e 0DF10601 		add	r1, sp, #6
 290              	.LVL28:
 450:Middlewares/ST/STM32_USB_Device_Library/Core/Src/usbd_ctlreq.c ****       break;
 291              		.loc 1 450 14 view .LVU104
 292 0032 007C     		ldrb	r0, [r0, #16]	@ zero_extendqisi2
 293              	.LVL29:
 450:Middlewares/ST/STM32_USB_Device_Library/Core/Src/usbd_ctlreq.c ****       break;
 294              		.loc 1 450 14 view .LVU105
 295 0034 9847     		blx	r3
 296              	.LVL30:
 451:Middlewares/ST/STM32_USB_Device_Library/Core/Src/usbd_ctlreq.c **** 
 297              		.loc 1 451 7 is_stmt 1 view .LVU106
 651:Middlewares/ST/STM32_USB_Device_Library/Core/Src/usbd_ctlreq.c ****   {
 298              		.loc 1 651 3 view .LVU107
 299              	.L16:
 656:Middlewares/ST/STM32_USB_Device_Library/Core/Src/usbd_ctlreq.c ****   {
 300              		.loc 1 656 3 view .LVU108
 656:Middlewares/ST/STM32_USB_Device_Library/Core/Src/usbd_ctlreq.c ****   {
 301              		.loc 1 656 10 is_stmt 0 view .LVU109
 302 0036 EA88     		ldrh	r2, [r5, #6]
 656:Middlewares/ST/STM32_USB_Device_Library/Core/Src/usbd_ctlreq.c ****   {
 303              		.loc 1 656 6 view .LVU110
 304 0038 002A     		cmp	r2, #0
 305 003a 00F0B680 		beq	.L36
 658:Middlewares/ST/STM32_USB_Device_Library/Core/Src/usbd_ctlreq.c ****     {
 306              		.loc 1 658 5 is_stmt 1 view .LVU111
 658:Middlewares/ST/STM32_USB_Device_Library/Core/Src/usbd_ctlreq.c ****     {
 307              		.loc 1 658 13 is_stmt 0 view .LVU112
 308 003e BDF80630 		ldrh	r3, [sp, #6]
 658:Middlewares/ST/STM32_USB_Device_Library/Core/Src/usbd_ctlreq.c ****     {
 309              		.loc 1 658 8 view .LVU113
 310 0042 002B     		cmp	r3, #0
 311 0044 00F0AC80 		beq	.L37
 660:Middlewares/ST/STM32_USB_Device_Library/Core/Src/usbd_ctlreq.c ****       (void)USBD_CtlSendData(pdev, pbuf, len);
 312              		.loc 1 660 7 is_stmt 1 view .LVU114
 660:Middlewares/ST/STM32_USB_Device_Library/Core/Src/usbd_ctlreq.c ****       (void)USBD_CtlSendData(pdev, pbuf, len);
 313              		.loc 1 660 13 is_stmt 0 view .LVU115
 314 0048 9A42     		cmp	r2, r3
 315 004a 28BF     		it	cs
 316 004c 1A46     		movcs	r2, r3
 660:Middlewares/ST/STM32_USB_Device_Library/Core/Src/usbd_ctlreq.c ****       (void)USBD_CtlSendData(pdev, pbuf, len);
 317              		.loc 1 660 11 view .LVU116
 318 004e ADF80620 		strh	r2, [sp, #6]	@ movhi
 661:Middlewares/ST/STM32_USB_Device_Library/Core/Src/usbd_ctlreq.c ****     }
 319              		.loc 1 661 7 is_stmt 1 view .LVU117
ARM GAS  C:\Users\Nathan\AppData\Local\Temp\ccVw9ECP.s 			page 34


 661:Middlewares/ST/STM32_USB_Device_Library/Core/Src/usbd_ctlreq.c ****     }
 320              		.loc 1 661 13 is_stmt 0 view .LVU118
 321 0052 0146     		mov	r1, r0
 322 0054 2046     		mov	r0, r4
 323              	.LVL31:
 661:Middlewares/ST/STM32_USB_Device_Library/Core/Src/usbd_ctlreq.c ****     }
 324              		.loc 1 661 13 view .LVU119
 325 0056 FFF7FEFF 		bl	USBD_CtlSendData
 326              	.LVL32:
 327              	.L7:
 672:Middlewares/ST/STM32_USB_Device_Library/Core/Src/usbd_ctlreq.c **** 
 328              		.loc 1 672 1 view .LVU120
 329 005a 03B0     		add	sp, sp, #12
 330              		.cfi_remember_state
 331              		.cfi_def_cfa_offset 12
 332              		@ sp needed
 333 005c 30BD     		pop	{r4, r5, pc}
 334              	.LVL33:
 335              	.L9:
 336              		.cfi_restore_state
 434:Middlewares/ST/STM32_USB_Device_Library/Core/Src/usbd_ctlreq.c ****   {
 337              		.loc 1 434 3 view .LVU121
 338 005e 072B     		cmp	r3, #7
 339 0060 00F08B80 		beq	.L14
 340 0064 0F2B     		cmp	r3, #15
 341 0066 40F09680 		bne	.L13
 438:Middlewares/ST/STM32_USB_Device_Library/Core/Src/usbd_ctlreq.c ****       {
 342              		.loc 1 438 7 is_stmt 1 view .LVU122
 438:Middlewares/ST/STM32_USB_Device_Library/Core/Src/usbd_ctlreq.c ****       {
 343              		.loc 1 438 15 is_stmt 0 view .LVU123
 344 006a D0F8B432 		ldr	r3, [r0, #692]
 438:Middlewares/ST/STM32_USB_Device_Library/Core/Src/usbd_ctlreq.c ****       {
 345              		.loc 1 438 22 view .LVU124
 346 006e DB69     		ldr	r3, [r3, #28]
 438:Middlewares/ST/STM32_USB_Device_Library/Core/Src/usbd_ctlreq.c ****       {
 347              		.loc 1 438 10 view .LVU125
 348 0070 23B1     		cbz	r3, .L15
 440:Middlewares/ST/STM32_USB_Device_Library/Core/Src/usbd_ctlreq.c ****       }
 349              		.loc 1 440 9 is_stmt 1 view .LVU126
 440:Middlewares/ST/STM32_USB_Device_Library/Core/Src/usbd_ctlreq.c ****       }
 350              		.loc 1 440 16 is_stmt 0 view .LVU127
 351 0072 0DF10601 		add	r1, sp, #6
 352              	.LVL34:
 440:Middlewares/ST/STM32_USB_Device_Library/Core/Src/usbd_ctlreq.c ****       }
 353              		.loc 1 440 16 view .LVU128
 354 0076 007C     		ldrb	r0, [r0, #16]	@ zero_extendqisi2
 355              	.LVL35:
 440:Middlewares/ST/STM32_USB_Device_Library/Core/Src/usbd_ctlreq.c ****       }
 356              		.loc 1 440 16 view .LVU129
 357 0078 9847     		blx	r3
 358              	.LVL36:
 651:Middlewares/ST/STM32_USB_Device_Library/Core/Src/usbd_ctlreq.c ****   {
 359              		.loc 1 651 3 is_stmt 1 view .LVU130
 360 007a DCE7     		b	.L16
 361              	.LVL37:
 362              	.L15:
 444:Middlewares/ST/STM32_USB_Device_Library/Core/Src/usbd_ctlreq.c ****         err++;
ARM GAS  C:\Users\Nathan\AppData\Local\Temp\ccVw9ECP.s 			page 35


 363              		.loc 1 444 9 view .LVU131
 364 007c FFF7FEFF 		bl	USBD_CtlError
 365              	.LVL38:
 445:Middlewares/ST/STM32_USB_Device_Library/Core/Src/usbd_ctlreq.c ****       }
 366              		.loc 1 445 9 view .LVU132
 651:Middlewares/ST/STM32_USB_Device_Library/Core/Src/usbd_ctlreq.c ****   {
 367              		.loc 1 651 3 view .LVU133
 368 0080 EBE7     		b	.L7
 369              	.LVL39:
 370              	.L10:
 454:Middlewares/ST/STM32_USB_Device_Library/Core/Src/usbd_ctlreq.c ****       {
 371              		.loc 1 454 7 view .LVU134
 454:Middlewares/ST/STM32_USB_Device_Library/Core/Src/usbd_ctlreq.c ****       {
 372              		.loc 1 454 15 is_stmt 0 view .LVU135
 373 0082 037C     		ldrb	r3, [r0, #16]	@ zero_extendqisi2
 454:Middlewares/ST/STM32_USB_Device_Library/Core/Src/usbd_ctlreq.c ****       {
 374              		.loc 1 454 10 view .LVU136
 375 0084 43B9     		cbnz	r3, .L18
 464:Middlewares/ST/STM32_USB_Device_Library/Core/Src/usbd_ctlreq.c ****         }
 376              		.loc 1 464 11 is_stmt 1 view .LVU137
 464:Middlewares/ST/STM32_USB_Device_Library/Core/Src/usbd_ctlreq.c ****         }
 377              		.loc 1 464 41 is_stmt 0 view .LVU138
 378 0086 D0F8B832 		ldr	r3, [r0, #696]
 464:Middlewares/ST/STM32_USB_Device_Library/Core/Src/usbd_ctlreq.c ****         }
 379              		.loc 1 464 44 view .LVU139
 380 008a 9B6A     		ldr	r3, [r3, #40]
 464:Middlewares/ST/STM32_USB_Device_Library/Core/Src/usbd_ctlreq.c ****         }
 381              		.loc 1 464 18 view .LVU140
 382 008c 0DF10600 		add	r0, sp, #6
 383              	.LVL40:
 464:Middlewares/ST/STM32_USB_Device_Library/Core/Src/usbd_ctlreq.c ****         }
 384              		.loc 1 464 18 view .LVU141
 385 0090 9847     		blx	r3
 386              	.LVL41:
 466:Middlewares/ST/STM32_USB_Device_Library/Core/Src/usbd_ctlreq.c ****       }
 387              		.loc 1 466 9 is_stmt 1 view .LVU142
 466:Middlewares/ST/STM32_USB_Device_Library/Core/Src/usbd_ctlreq.c ****       }
 388              		.loc 1 466 17 is_stmt 0 view .LVU143
 389 0092 0223     		movs	r3, #2
 390 0094 4370     		strb	r3, [r0, #1]
 651:Middlewares/ST/STM32_USB_Device_Library/Core/Src/usbd_ctlreq.c ****   {
 391              		.loc 1 651 3 is_stmt 1 view .LVU144
 392 0096 CEE7     		b	.L16
 393              	.LVL42:
 394              	.L18:
 478:Middlewares/ST/STM32_USB_Device_Library/Core/Src/usbd_ctlreq.c ****         }
 395              		.loc 1 478 11 view .LVU145
 478:Middlewares/ST/STM32_USB_Device_Library/Core/Src/usbd_ctlreq.c ****         }
 396              		.loc 1 478 41 is_stmt 0 view .LVU146
 397 0098 D0F8B832 		ldr	r3, [r0, #696]
 478:Middlewares/ST/STM32_USB_Device_Library/Core/Src/usbd_ctlreq.c ****         }
 398              		.loc 1 478 44 view .LVU147
 399 009c DB6A     		ldr	r3, [r3, #44]
 478:Middlewares/ST/STM32_USB_Device_Library/Core/Src/usbd_ctlreq.c ****         }
 400              		.loc 1 478 18 view .LVU148
 401 009e 0DF10600 		add	r0, sp, #6
 402              	.LVL43:
ARM GAS  C:\Users\Nathan\AppData\Local\Temp\ccVw9ECP.s 			page 36


 478:Middlewares/ST/STM32_USB_Device_Library/Core/Src/usbd_ctlreq.c ****         }
 403              		.loc 1 478 18 view .LVU149
 404 00a2 9847     		blx	r3
 405              	.LVL44:
 480:Middlewares/ST/STM32_USB_Device_Library/Core/Src/usbd_ctlreq.c ****       }
 406              		.loc 1 480 9 is_stmt 1 view .LVU150
 480:Middlewares/ST/STM32_USB_Device_Library/Core/Src/usbd_ctlreq.c ****       }
 407              		.loc 1 480 17 is_stmt 0 view .LVU151
 408 00a4 0223     		movs	r3, #2
 409 00a6 4370     		strb	r3, [r0, #1]
 651:Middlewares/ST/STM32_USB_Device_Library/Core/Src/usbd_ctlreq.c ****   {
 410              		.loc 1 651 3 is_stmt 1 view .LVU152
 411 00a8 C5E7     		b	.L16
 412              	.LVL45:
 413              	.L11:
 485:Middlewares/ST/STM32_USB_Device_Library/Core/Src/usbd_ctlreq.c ****       {
 414              		.loc 1 485 7 view .LVU153
 415 00aa D2B2     		uxtb	r2, r2
 416 00ac 032A     		cmp	r2, #3
 417 00ae 38D0     		beq	.L19
 418 00b0 0ED8     		bhi	.L20
 419 00b2 012A     		cmp	r2, #1
 420 00b4 1DD0     		beq	.L21
 421 00b6 022A     		cmp	r2, #2
 422 00b8 27D0     		beq	.L22
 423 00ba 002A     		cmp	r2, #0
 424 00bc 4CD1     		bne	.L24
 488:Middlewares/ST/STM32_USB_Device_Library/Core/Src/usbd_ctlreq.c ****           {
 425              		.loc 1 488 11 view .LVU154
 488:Middlewares/ST/STM32_USB_Device_Library/Core/Src/usbd_ctlreq.c ****           {
 426              		.loc 1 488 19 is_stmt 0 view .LVU155
 427 00be D0F8B432 		ldr	r3, [r0, #692]
 488:Middlewares/ST/STM32_USB_Device_Library/Core/Src/usbd_ctlreq.c ****           {
 428              		.loc 1 488 26 view .LVU156
 429 00c2 5B68     		ldr	r3, [r3, #4]
 488:Middlewares/ST/STM32_USB_Device_Library/Core/Src/usbd_ctlreq.c ****           {
 430              		.loc 1 488 14 view .LVU157
 431 00c4 93B1     		cbz	r3, .L27
 490:Middlewares/ST/STM32_USB_Device_Library/Core/Src/usbd_ctlreq.c ****           }
 432              		.loc 1 490 13 is_stmt 1 view .LVU158
 490:Middlewares/ST/STM32_USB_Device_Library/Core/Src/usbd_ctlreq.c ****           }
 433              		.loc 1 490 20 is_stmt 0 view .LVU159
 434 00c6 0DF10601 		add	r1, sp, #6
 435              	.LVL46:
 490:Middlewares/ST/STM32_USB_Device_Library/Core/Src/usbd_ctlreq.c ****           }
 436              		.loc 1 490 20 view .LVU160
 437 00ca 007C     		ldrb	r0, [r0, #16]	@ zero_extendqisi2
 438              	.LVL47:
 490:Middlewares/ST/STM32_USB_Device_Library/Core/Src/usbd_ctlreq.c ****           }
 439              		.loc 1 490 20 view .LVU161
 440 00cc 9847     		blx	r3
 441              	.LVL48:
 651:Middlewares/ST/STM32_USB_Device_Library/Core/Src/usbd_ctlreq.c ****   {
 442              		.loc 1 651 3 is_stmt 1 view .LVU162
 443 00ce B2E7     		b	.L16
 444              	.LVL49:
 445              	.L20:
ARM GAS  C:\Users\Nathan\AppData\Local\Temp\ccVw9ECP.s 			page 37


 485:Middlewares/ST/STM32_USB_Device_Library/Core/Src/usbd_ctlreq.c ****       {
 446              		.loc 1 485 7 is_stmt 0 view .LVU163
 447 00d0 042A     		cmp	r2, #4
 448 00d2 32D0     		beq	.L25
 449 00d4 052A     		cmp	r2, #5
 450 00d6 3FD1     		bne	.L24
 548:Middlewares/ST/STM32_USB_Device_Library/Core/Src/usbd_ctlreq.c ****           {
 451              		.loc 1 548 11 is_stmt 1 view .LVU164
 548:Middlewares/ST/STM32_USB_Device_Library/Core/Src/usbd_ctlreq.c ****           {
 452              		.loc 1 548 19 is_stmt 0 view .LVU165
 453 00d8 D0F8B432 		ldr	r3, [r0, #692]
 548:Middlewares/ST/STM32_USB_Device_Library/Core/Src/usbd_ctlreq.c ****           {
 454              		.loc 1 548 26 view .LVU166
 455 00dc 9B69     		ldr	r3, [r3, #24]
 548:Middlewares/ST/STM32_USB_Device_Library/Core/Src/usbd_ctlreq.c ****           {
 456              		.loc 1 548 14 view .LVU167
 457 00de 002B     		cmp	r3, #0
 458 00e0 37D0     		beq	.L32
 550:Middlewares/ST/STM32_USB_Device_Library/Core/Src/usbd_ctlreq.c ****           }
 459              		.loc 1 550 13 is_stmt 1 view .LVU168
 550:Middlewares/ST/STM32_USB_Device_Library/Core/Src/usbd_ctlreq.c ****           }
 460              		.loc 1 550 20 is_stmt 0 view .LVU169
 461 00e2 0DF10601 		add	r1, sp, #6
 462              	.LVL50:
 550:Middlewares/ST/STM32_USB_Device_Library/Core/Src/usbd_ctlreq.c ****           }
 463              		.loc 1 550 20 view .LVU170
 464 00e6 007C     		ldrb	r0, [r0, #16]	@ zero_extendqisi2
 465              	.LVL51:
 550:Middlewares/ST/STM32_USB_Device_Library/Core/Src/usbd_ctlreq.c ****           }
 466              		.loc 1 550 20 view .LVU171
 467 00e8 9847     		blx	r3
 468              	.LVL52:
 651:Middlewares/ST/STM32_USB_Device_Library/Core/Src/usbd_ctlreq.c ****   {
 469              		.loc 1 651 3 is_stmt 1 view .LVU172
 470 00ea A4E7     		b	.L16
 471              	.LVL53:
 472              	.L27:
 494:Middlewares/ST/STM32_USB_Device_Library/Core/Src/usbd_ctlreq.c ****             err++;
 473              		.loc 1 494 13 view .LVU173
 474 00ec FFF7FEFF 		bl	USBD_CtlError
 475              	.LVL54:
 495:Middlewares/ST/STM32_USB_Device_Library/Core/Src/usbd_ctlreq.c ****           }
 476              		.loc 1 495 13 view .LVU174
 651:Middlewares/ST/STM32_USB_Device_Library/Core/Src/usbd_ctlreq.c ****   {
 477              		.loc 1 651 3 view .LVU175
 478 00f0 B3E7     		b	.L7
 479              	.LVL55:
 480              	.L21:
 500:Middlewares/ST/STM32_USB_Device_Library/Core/Src/usbd_ctlreq.c ****           {
 481              		.loc 1 500 11 view .LVU176
 500:Middlewares/ST/STM32_USB_Device_Library/Core/Src/usbd_ctlreq.c ****           {
 482              		.loc 1 500 19 is_stmt 0 view .LVU177
 483 00f2 D0F8B432 		ldr	r3, [r0, #692]
 500:Middlewares/ST/STM32_USB_Device_Library/Core/Src/usbd_ctlreq.c ****           {
 484              		.loc 1 500 26 view .LVU178
 485 00f6 9B68     		ldr	r3, [r3, #8]
 500:Middlewares/ST/STM32_USB_Device_Library/Core/Src/usbd_ctlreq.c ****           {
ARM GAS  C:\Users\Nathan\AppData\Local\Temp\ccVw9ECP.s 			page 38


 486              		.loc 1 500 14 view .LVU179
 487 00f8 23B1     		cbz	r3, .L28
 502:Middlewares/ST/STM32_USB_Device_Library/Core/Src/usbd_ctlreq.c ****           }
 488              		.loc 1 502 13 is_stmt 1 view .LVU180
 502:Middlewares/ST/STM32_USB_Device_Library/Core/Src/usbd_ctlreq.c ****           }
 489              		.loc 1 502 20 is_stmt 0 view .LVU181
 490 00fa 0DF10601 		add	r1, sp, #6
 491              	.LVL56:
 502:Middlewares/ST/STM32_USB_Device_Library/Core/Src/usbd_ctlreq.c ****           }
 492              		.loc 1 502 20 view .LVU182
 493 00fe 007C     		ldrb	r0, [r0, #16]	@ zero_extendqisi2
 494              	.LVL57:
 502:Middlewares/ST/STM32_USB_Device_Library/Core/Src/usbd_ctlreq.c ****           }
 495              		.loc 1 502 20 view .LVU183
 496 0100 9847     		blx	r3
 497              	.LVL58:
 651:Middlewares/ST/STM32_USB_Device_Library/Core/Src/usbd_ctlreq.c ****   {
 498              		.loc 1 651 3 is_stmt 1 view .LVU184
 499 0102 98E7     		b	.L16
 500              	.LVL59:
 501              	.L28:
 506:Middlewares/ST/STM32_USB_Device_Library/Core/Src/usbd_ctlreq.c ****             err++;
 502              		.loc 1 506 13 view .LVU185
 503 0104 FFF7FEFF 		bl	USBD_CtlError
 504              	.LVL60:
 507:Middlewares/ST/STM32_USB_Device_Library/Core/Src/usbd_ctlreq.c ****           }
 505              		.loc 1 507 13 view .LVU186
 651:Middlewares/ST/STM32_USB_Device_Library/Core/Src/usbd_ctlreq.c ****   {
 506              		.loc 1 651 3 view .LVU187
 507 0108 A7E7     		b	.L7
 508              	.LVL61:
 509              	.L22:
 512:Middlewares/ST/STM32_USB_Device_Library/Core/Src/usbd_ctlreq.c ****           {
 510              		.loc 1 512 11 view .LVU188
 512:Middlewares/ST/STM32_USB_Device_Library/Core/Src/usbd_ctlreq.c ****           {
 511              		.loc 1 512 19 is_stmt 0 view .LVU189
 512 010a D0F8B432 		ldr	r3, [r0, #692]
 512:Middlewares/ST/STM32_USB_Device_Library/Core/Src/usbd_ctlreq.c ****           {
 513              		.loc 1 512 26 view .LVU190
 514 010e DB68     		ldr	r3, [r3, #12]
 512:Middlewares/ST/STM32_USB_Device_Library/Core/Src/usbd_ctlreq.c ****           {
 515              		.loc 1 512 14 view .LVU191
 516 0110 23B1     		cbz	r3, .L29
 514:Middlewares/ST/STM32_USB_Device_Library/Core/Src/usbd_ctlreq.c ****           }
 517              		.loc 1 514 13 is_stmt 1 view .LVU192
 514:Middlewares/ST/STM32_USB_Device_Library/Core/Src/usbd_ctlreq.c ****           }
 518              		.loc 1 514 20 is_stmt 0 view .LVU193
 519 0112 0DF10601 		add	r1, sp, #6
 520              	.LVL62:
 514:Middlewares/ST/STM32_USB_Device_Library/Core/Src/usbd_ctlreq.c ****           }
 521              		.loc 1 514 20 view .LVU194
 522 0116 007C     		ldrb	r0, [r0, #16]	@ zero_extendqisi2
 523              	.LVL63:
 514:Middlewares/ST/STM32_USB_Device_Library/Core/Src/usbd_ctlreq.c ****           }
 524              		.loc 1 514 20 view .LVU195
 525 0118 9847     		blx	r3
 526              	.LVL64:
ARM GAS  C:\Users\Nathan\AppData\Local\Temp\ccVw9ECP.s 			page 39


 651:Middlewares/ST/STM32_USB_Device_Library/Core/Src/usbd_ctlreq.c ****   {
 527              		.loc 1 651 3 is_stmt 1 view .LVU196
 528 011a 8CE7     		b	.L16
 529              	.LVL65:
 530              	.L29:
 518:Middlewares/ST/STM32_USB_Device_Library/Core/Src/usbd_ctlreq.c ****             err++;
 531              		.loc 1 518 13 view .LVU197
 532 011c FFF7FEFF 		bl	USBD_CtlError
 533              	.LVL66:
 519:Middlewares/ST/STM32_USB_Device_Library/Core/Src/usbd_ctlreq.c ****           }
 534              		.loc 1 519 13 view .LVU198
 651:Middlewares/ST/STM32_USB_Device_Library/Core/Src/usbd_ctlreq.c ****   {
 535              		.loc 1 651 3 view .LVU199
 536 0120 9BE7     		b	.L7
 537              	.LVL67:
 538              	.L19:
 524:Middlewares/ST/STM32_USB_Device_Library/Core/Src/usbd_ctlreq.c ****           {
 539              		.loc 1 524 11 view .LVU200
 524:Middlewares/ST/STM32_USB_Device_Library/Core/Src/usbd_ctlreq.c ****           {
 540              		.loc 1 524 19 is_stmt 0 view .LVU201
 541 0122 D0F8B432 		ldr	r3, [r0, #692]
 524:Middlewares/ST/STM32_USB_Device_Library/Core/Src/usbd_ctlreq.c ****           {
 542              		.loc 1 524 26 view .LVU202
 543 0126 1B69     		ldr	r3, [r3, #16]
 524:Middlewares/ST/STM32_USB_Device_Library/Core/Src/usbd_ctlreq.c ****           {
 544              		.loc 1 524 14 view .LVU203
 545 0128 23B1     		cbz	r3, .L30
 526:Middlewares/ST/STM32_USB_Device_Library/Core/Src/usbd_ctlreq.c ****           }
 546              		.loc 1 526 13 is_stmt 1 view .LVU204
 526:Middlewares/ST/STM32_USB_Device_Library/Core/Src/usbd_ctlreq.c ****           }
 547              		.loc 1 526 20 is_stmt 0 view .LVU205
 548 012a 0DF10601 		add	r1, sp, #6
 549              	.LVL68:
 526:Middlewares/ST/STM32_USB_Device_Library/Core/Src/usbd_ctlreq.c ****           }
 550              		.loc 1 526 20 view .LVU206
 551 012e 007C     		ldrb	r0, [r0, #16]	@ zero_extendqisi2
 552              	.LVL69:
 526:Middlewares/ST/STM32_USB_Device_Library/Core/Src/usbd_ctlreq.c ****           }
 553              		.loc 1 526 20 view .LVU207
 554 0130 9847     		blx	r3
 555              	.LVL70:
 651:Middlewares/ST/STM32_USB_Device_Library/Core/Src/usbd_ctlreq.c ****   {
 556              		.loc 1 651 3 is_stmt 1 view .LVU208
 557 0132 80E7     		b	.L16
 558              	.LVL71:
 559              	.L30:
 530:Middlewares/ST/STM32_USB_Device_Library/Core/Src/usbd_ctlreq.c ****             err++;
 560              		.loc 1 530 13 view .LVU209
 561 0134 FFF7FEFF 		bl	USBD_CtlError
 562              	.LVL72:
 531:Middlewares/ST/STM32_USB_Device_Library/Core/Src/usbd_ctlreq.c ****           }
 563              		.loc 1 531 13 view .LVU210
 651:Middlewares/ST/STM32_USB_Device_Library/Core/Src/usbd_ctlreq.c ****   {
 564              		.loc 1 651 3 view .LVU211
 565 0138 8FE7     		b	.L7
 566              	.LVL73:
 567              	.L25:
ARM GAS  C:\Users\Nathan\AppData\Local\Temp\ccVw9ECP.s 			page 40


 536:Middlewares/ST/STM32_USB_Device_Library/Core/Src/usbd_ctlreq.c ****           {
 568              		.loc 1 536 11 view .LVU212
 536:Middlewares/ST/STM32_USB_Device_Library/Core/Src/usbd_ctlreq.c ****           {
 569              		.loc 1 536 19 is_stmt 0 view .LVU213
 570 013a D0F8B432 		ldr	r3, [r0, #692]
 536:Middlewares/ST/STM32_USB_Device_Library/Core/Src/usbd_ctlreq.c ****           {
 571              		.loc 1 536 26 view .LVU214
 572 013e 5B69     		ldr	r3, [r3, #20]
 536:Middlewares/ST/STM32_USB_Device_Library/Core/Src/usbd_ctlreq.c ****           {
 573              		.loc 1 536 14 view .LVU215
 574 0140 23B1     		cbz	r3, .L31
 538:Middlewares/ST/STM32_USB_Device_Library/Core/Src/usbd_ctlreq.c ****           }
 575              		.loc 1 538 13 is_stmt 1 view .LVU216
 538:Middlewares/ST/STM32_USB_Device_Library/Core/Src/usbd_ctlreq.c ****           }
 576              		.loc 1 538 20 is_stmt 0 view .LVU217
 577 0142 0DF10601 		add	r1, sp, #6
 578              	.LVL74:
 538:Middlewares/ST/STM32_USB_Device_Library/Core/Src/usbd_ctlreq.c ****           }
 579              		.loc 1 538 20 view .LVU218
 580 0146 007C     		ldrb	r0, [r0, #16]	@ zero_extendqisi2
 581              	.LVL75:
 538:Middlewares/ST/STM32_USB_Device_Library/Core/Src/usbd_ctlreq.c ****           }
 582              		.loc 1 538 20 view .LVU219
 583 0148 9847     		blx	r3
 584              	.LVL76:
 651:Middlewares/ST/STM32_USB_Device_Library/Core/Src/usbd_ctlreq.c ****   {
 585              		.loc 1 651 3 is_stmt 1 view .LVU220
 586 014a 74E7     		b	.L16
 587              	.LVL77:
 588              	.L31:
 542:Middlewares/ST/STM32_USB_Device_Library/Core/Src/usbd_ctlreq.c ****             err++;
 589              		.loc 1 542 13 view .LVU221
 590 014c FFF7FEFF 		bl	USBD_CtlError
 591              	.LVL78:
 543:Middlewares/ST/STM32_USB_Device_Library/Core/Src/usbd_ctlreq.c ****           }
 592              		.loc 1 543 13 view .LVU222
 651:Middlewares/ST/STM32_USB_Device_Library/Core/Src/usbd_ctlreq.c ****   {
 593              		.loc 1 651 3 view .LVU223
 594 0150 83E7     		b	.L7
 595              	.LVL79:
 596              	.L32:
 554:Middlewares/ST/STM32_USB_Device_Library/Core/Src/usbd_ctlreq.c ****             err++;
 597              		.loc 1 554 13 view .LVU224
 598 0152 FFF7FEFF 		bl	USBD_CtlError
 599              	.LVL80:
 555:Middlewares/ST/STM32_USB_Device_Library/Core/Src/usbd_ctlreq.c ****           }
 600              		.loc 1 555 13 view .LVU225
 651:Middlewares/ST/STM32_USB_Device_Library/Core/Src/usbd_ctlreq.c ****   {
 601              		.loc 1 651 3 view .LVU226
 602 0156 80E7     		b	.L7
 603              	.LVL81:
 604              	.L24:
 595:Middlewares/ST/STM32_USB_Device_Library/Core/Src/usbd_ctlreq.c ****           err++;
 605              		.loc 1 595 11 view .LVU227
 606 0158 2946     		mov	r1, r5
 607              	.LVL82:
 595:Middlewares/ST/STM32_USB_Device_Library/Core/Src/usbd_ctlreq.c ****           err++;
ARM GAS  C:\Users\Nathan\AppData\Local\Temp\ccVw9ECP.s 			page 41


 608              		.loc 1 595 11 is_stmt 0 view .LVU228
 609 015a 2046     		mov	r0, r4
 610              	.LVL83:
 595:Middlewares/ST/STM32_USB_Device_Library/Core/Src/usbd_ctlreq.c ****           err++;
 611              		.loc 1 595 11 view .LVU229
 612 015c FFF7FEFF 		bl	USBD_CtlError
 613              	.LVL84:
 596:Middlewares/ST/STM32_USB_Device_Library/Core/Src/usbd_ctlreq.c **** #endif /* (USBD_CLASS_USER_STRING_DESC == 0U) && (USBD_SUPPORT_USER_STRING_DESC == 0U) */
 614              		.loc 1 596 11 is_stmt 1 view .LVU230
 598:Middlewares/ST/STM32_USB_Device_Library/Core/Src/usbd_ctlreq.c ****       }
 615              		.loc 1 598 11 view .LVU231
 651:Middlewares/ST/STM32_USB_Device_Library/Core/Src/usbd_ctlreq.c ****   {
 616              		.loc 1 651 3 view .LVU232
 617 0160 7BE7     		b	.L7
 618              	.LVL85:
 619              	.L8:
 603:Middlewares/ST/STM32_USB_Device_Library/Core/Src/usbd_ctlreq.c ****       {
 620              		.loc 1 603 7 view .LVU233
 603:Middlewares/ST/STM32_USB_Device_Library/Core/Src/usbd_ctlreq.c ****       {
 621              		.loc 1 603 15 is_stmt 0 view .LVU234
 622 0162 037C     		ldrb	r3, [r0, #16]	@ zero_extendqisi2
 603:Middlewares/ST/STM32_USB_Device_Library/Core/Src/usbd_ctlreq.c ****       {
 623              		.loc 1 603 10 view .LVU235
 624 0164 33B9     		cbnz	r3, .L33
 613:Middlewares/ST/STM32_USB_Device_Library/Core/Src/usbd_ctlreq.c ****         }
 625              		.loc 1 613 11 is_stmt 1 view .LVU236
 613:Middlewares/ST/STM32_USB_Device_Library/Core/Src/usbd_ctlreq.c ****         }
 626              		.loc 1 613 41 is_stmt 0 view .LVU237
 627 0166 D0F8B832 		ldr	r3, [r0, #696]
 613:Middlewares/ST/STM32_USB_Device_Library/Core/Src/usbd_ctlreq.c ****         }
 628              		.loc 1 613 44 view .LVU238
 629 016a 5B6B     		ldr	r3, [r3, #52]
 613:Middlewares/ST/STM32_USB_Device_Library/Core/Src/usbd_ctlreq.c ****         }
 630              		.loc 1 613 18 view .LVU239
 631 016c 0DF10600 		add	r0, sp, #6
 632              	.LVL86:
 613:Middlewares/ST/STM32_USB_Device_Library/Core/Src/usbd_ctlreq.c ****         }
 633              		.loc 1 613 18 view .LVU240
 634 0170 9847     		blx	r3
 635              	.LVL87:
 651:Middlewares/ST/STM32_USB_Device_Library/Core/Src/usbd_ctlreq.c ****   {
 636              		.loc 1 651 3 is_stmt 1 view .LVU241
 637 0172 60E7     		b	.L16
 638              	.LVL88:
 639              	.L33:
 618:Middlewares/ST/STM32_USB_Device_Library/Core/Src/usbd_ctlreq.c ****         err++;
 640              		.loc 1 618 9 view .LVU242
 641 0174 FFF7FEFF 		bl	USBD_CtlError
 642              	.LVL89:
 619:Middlewares/ST/STM32_USB_Device_Library/Core/Src/usbd_ctlreq.c ****       }
 643              		.loc 1 619 9 view .LVU243
 651:Middlewares/ST/STM32_USB_Device_Library/Core/Src/usbd_ctlreq.c ****   {
 644              		.loc 1 651 3 view .LVU244
 645 0178 6FE7     		b	.L7
 646              	.LVL90:
 647              	.L14:
 624:Middlewares/ST/STM32_USB_Device_Library/Core/Src/usbd_ctlreq.c ****       {
ARM GAS  C:\Users\Nathan\AppData\Local\Temp\ccVw9ECP.s 			page 42


 648              		.loc 1 624 7 view .LVU245
 624:Middlewares/ST/STM32_USB_Device_Library/Core/Src/usbd_ctlreq.c ****       {
 649              		.loc 1 624 15 is_stmt 0 view .LVU246
 650 017a 037C     		ldrb	r3, [r0, #16]	@ zero_extendqisi2
 624:Middlewares/ST/STM32_USB_Device_Library/Core/Src/usbd_ctlreq.c ****       {
 651              		.loc 1 624 10 view .LVU247
 652 017c 43B9     		cbnz	r3, .L34
 634:Middlewares/ST/STM32_USB_Device_Library/Core/Src/usbd_ctlreq.c ****         }
 653              		.loc 1 634 11 is_stmt 1 view .LVU248
 634:Middlewares/ST/STM32_USB_Device_Library/Core/Src/usbd_ctlreq.c ****         }
 654              		.loc 1 634 41 is_stmt 0 view .LVU249
 655 017e D0F8B832 		ldr	r3, [r0, #696]
 634:Middlewares/ST/STM32_USB_Device_Library/Core/Src/usbd_ctlreq.c ****         }
 656              		.loc 1 634 44 view .LVU250
 657 0182 1B6B     		ldr	r3, [r3, #48]
 634:Middlewares/ST/STM32_USB_Device_Library/Core/Src/usbd_ctlreq.c ****         }
 658              		.loc 1 634 18 view .LVU251
 659 0184 0DF10600 		add	r0, sp, #6
 660              	.LVL91:
 634:Middlewares/ST/STM32_USB_Device_Library/Core/Src/usbd_ctlreq.c ****         }
 661              		.loc 1 634 18 view .LVU252
 662 0188 9847     		blx	r3
 663              	.LVL92:
 636:Middlewares/ST/STM32_USB_Device_Library/Core/Src/usbd_ctlreq.c ****       }
 664              		.loc 1 636 9 is_stmt 1 view .LVU253
 636:Middlewares/ST/STM32_USB_Device_Library/Core/Src/usbd_ctlreq.c ****       }
 665              		.loc 1 636 17 is_stmt 0 view .LVU254
 666 018a 0723     		movs	r3, #7
 667 018c 4370     		strb	r3, [r0, #1]
 651:Middlewares/ST/STM32_USB_Device_Library/Core/Src/usbd_ctlreq.c ****   {
 668              		.loc 1 651 3 is_stmt 1 view .LVU255
 669 018e 52E7     		b	.L16
 670              	.LVL93:
 671              	.L34:
 640:Middlewares/ST/STM32_USB_Device_Library/Core/Src/usbd_ctlreq.c ****         err++;
 672              		.loc 1 640 9 view .LVU256
 673 0190 FFF7FEFF 		bl	USBD_CtlError
 674              	.LVL94:
 641:Middlewares/ST/STM32_USB_Device_Library/Core/Src/usbd_ctlreq.c ****       }
 675              		.loc 1 641 9 view .LVU257
 651:Middlewares/ST/STM32_USB_Device_Library/Core/Src/usbd_ctlreq.c ****   {
 676              		.loc 1 651 3 view .LVU258
 677 0194 61E7     		b	.L7
 678              	.LVL95:
 679              	.L13:
 646:Middlewares/ST/STM32_USB_Device_Library/Core/Src/usbd_ctlreq.c ****       err++;
 680              		.loc 1 646 7 view .LVU259
 681 0196 2946     		mov	r1, r5
 682              	.LVL96:
 646:Middlewares/ST/STM32_USB_Device_Library/Core/Src/usbd_ctlreq.c ****       err++;
 683              		.loc 1 646 7 is_stmt 0 view .LVU260
 684 0198 2046     		mov	r0, r4
 685              	.LVL97:
 646:Middlewares/ST/STM32_USB_Device_Library/Core/Src/usbd_ctlreq.c ****       err++;
 686              		.loc 1 646 7 view .LVU261
 687 019a FFF7FEFF 		bl	USBD_CtlError
 688              	.LVL98:
ARM GAS  C:\Users\Nathan\AppData\Local\Temp\ccVw9ECP.s 			page 43


 647:Middlewares/ST/STM32_USB_Device_Library/Core/Src/usbd_ctlreq.c ****       break;
 689              		.loc 1 647 7 is_stmt 1 view .LVU262
 648:Middlewares/ST/STM32_USB_Device_Library/Core/Src/usbd_ctlreq.c ****   }
 690              		.loc 1 648 7 view .LVU263
 651:Middlewares/ST/STM32_USB_Device_Library/Core/Src/usbd_ctlreq.c ****   {
 691              		.loc 1 651 3 view .LVU264
 653:Middlewares/ST/STM32_USB_Device_Library/Core/Src/usbd_ctlreq.c ****   }
 692              		.loc 1 653 5 view .LVU265
 693 019e 5CE7     		b	.L7
 694              	.LVL99:
 695              	.L37:
 665:Middlewares/ST/STM32_USB_Device_Library/Core/Src/usbd_ctlreq.c ****     }
 696              		.loc 1 665 7 view .LVU266
 697 01a0 2946     		mov	r1, r5
 698 01a2 2046     		mov	r0, r4
 699              	.LVL100:
 665:Middlewares/ST/STM32_USB_Device_Library/Core/Src/usbd_ctlreq.c ****     }
 700              		.loc 1 665 7 is_stmt 0 view .LVU267
 701 01a4 FFF7FEFF 		bl	USBD_CtlError
 702              	.LVL101:
 703 01a8 57E7     		b	.L7
 704              	.LVL102:
 705              	.L36:
 670:Middlewares/ST/STM32_USB_Device_Library/Core/Src/usbd_ctlreq.c ****   }
 706              		.loc 1 670 5 is_stmt 1 view .LVU268
 670:Middlewares/ST/STM32_USB_Device_Library/Core/Src/usbd_ctlreq.c ****   }
 707              		.loc 1 670 11 is_stmt 0 view .LVU269
 708 01aa 2046     		mov	r0, r4
 709              	.LVL103:
 670:Middlewares/ST/STM32_USB_Device_Library/Core/Src/usbd_ctlreq.c ****   }
 710              		.loc 1 670 11 view .LVU270
 711 01ac FFF7FEFF 		bl	USBD_CtlSendStatus
 712              	.LVL104:
 713 01b0 53E7     		b	.L7
 714              		.cfi_endproc
 715              	.LFE957:
 717              		.section	.text.USBD_SetAddress,"ax",%progbits
 718              		.align	1
 719              		.syntax unified
 720              		.thumb
 721              		.thumb_func
 723              	USBD_SetAddress:
 724              	.LVL105:
 725              	.LFB958:
 683:Middlewares/ST/STM32_USB_Device_Library/Core/Src/usbd_ctlreq.c ****   uint8_t  dev_addr;
 726              		.loc 1 683 1 is_stmt 1 view -0
 727              		.cfi_startproc
 728              		@ args = 0, pretend = 0, frame = 0
 729              		@ frame_needed = 0, uses_anonymous_args = 0
 683:Middlewares/ST/STM32_USB_Device_Library/Core/Src/usbd_ctlreq.c ****   uint8_t  dev_addr;
 730              		.loc 1 683 1 is_stmt 0 view .LVU272
 731 0000 38B5     		push	{r3, r4, r5, lr}
 732              		.cfi_def_cfa_offset 16
 733              		.cfi_offset 3, -16
 734              		.cfi_offset 4, -12
 735              		.cfi_offset 5, -8
 736              		.cfi_offset 14, -4
ARM GAS  C:\Users\Nathan\AppData\Local\Temp\ccVw9ECP.s 			page 44


 737 0002 0446     		mov	r4, r0
 684:Middlewares/ST/STM32_USB_Device_Library/Core/Src/usbd_ctlreq.c **** 
 738              		.loc 1 684 3 is_stmt 1 view .LVU273
 686:Middlewares/ST/STM32_USB_Device_Library/Core/Src/usbd_ctlreq.c ****   {
 739              		.loc 1 686 3 view .LVU274
 686:Middlewares/ST/STM32_USB_Device_Library/Core/Src/usbd_ctlreq.c ****   {
 740              		.loc 1 686 11 is_stmt 0 view .LVU275
 741 0004 8B88     		ldrh	r3, [r1, #4]
 686:Middlewares/ST/STM32_USB_Device_Library/Core/Src/usbd_ctlreq.c ****   {
 742              		.loc 1 686 6 view .LVU276
 743 0006 03BB     		cbnz	r3, .L41
 686:Middlewares/ST/STM32_USB_Device_Library/Core/Src/usbd_ctlreq.c ****   {
 744              		.loc 1 686 34 discriminator 1 view .LVU277
 745 0008 CB88     		ldrh	r3, [r1, #6]
 686:Middlewares/ST/STM32_USB_Device_Library/Core/Src/usbd_ctlreq.c ****   {
 746              		.loc 1 686 27 discriminator 1 view .LVU278
 747 000a F3B9     		cbnz	r3, .L41
 686:Middlewares/ST/STM32_USB_Device_Library/Core/Src/usbd_ctlreq.c ****   {
 748              		.loc 1 686 58 discriminator 2 view .LVU279
 749 000c 4B88     		ldrh	r3, [r1, #2]
 686:Middlewares/ST/STM32_USB_Device_Library/Core/Src/usbd_ctlreq.c ****   {
 750              		.loc 1 686 51 discriminator 2 view .LVU280
 751 000e 7F2B     		cmp	r3, #127
 752 0010 1BD8     		bhi	.L41
 688:Middlewares/ST/STM32_USB_Device_Library/Core/Src/usbd_ctlreq.c **** 
 753              		.loc 1 688 5 is_stmt 1 view .LVU281
 688:Middlewares/ST/STM32_USB_Device_Library/Core/Src/usbd_ctlreq.c **** 
 754              		.loc 1 688 14 is_stmt 0 view .LVU282
 755 0012 03F07F03 		and	r3, r3, #127
 756 0016 1A46     		mov	r2, r3
 757              	.LVL106:
 690:Middlewares/ST/STM32_USB_Device_Library/Core/Src/usbd_ctlreq.c ****     {
 758              		.loc 1 690 5 is_stmt 1 view .LVU283
 690:Middlewares/ST/STM32_USB_Device_Library/Core/Src/usbd_ctlreq.c ****     {
 759              		.loc 1 690 13 is_stmt 0 view .LVU284
 760 0018 90F89C32 		ldrb	r3, [r0, #668]	@ zero_extendqisi2
 690:Middlewares/ST/STM32_USB_Device_Library/Core/Src/usbd_ctlreq.c ****     {
 761              		.loc 1 690 8 view .LVU285
 762 001c 032B     		cmp	r3, #3
 763 001e 0DD0     		beq	.L46
 696:Middlewares/ST/STM32_USB_Device_Library/Core/Src/usbd_ctlreq.c ****       (void)USBD_LL_SetUSBAddress(pdev, dev_addr);
 764              		.loc 1 696 7 is_stmt 1 view .LVU286
 696:Middlewares/ST/STM32_USB_Device_Library/Core/Src/usbd_ctlreq.c ****       (void)USBD_LL_SetUSBAddress(pdev, dev_addr);
 765              		.loc 1 696 25 is_stmt 0 view .LVU287
 766 0020 1546     		mov	r5, r2
 767 0022 80F89E22 		strb	r2, [r0, #670]
 697:Middlewares/ST/STM32_USB_Device_Library/Core/Src/usbd_ctlreq.c ****       (void)USBD_CtlSendStatus(pdev);
 768              		.loc 1 697 7 is_stmt 1 view .LVU288
 697:Middlewares/ST/STM32_USB_Device_Library/Core/Src/usbd_ctlreq.c ****       (void)USBD_CtlSendStatus(pdev);
 769              		.loc 1 697 13 is_stmt 0 view .LVU289
 770 0026 1146     		mov	r1, r2
 771              	.LVL107:
 697:Middlewares/ST/STM32_USB_Device_Library/Core/Src/usbd_ctlreq.c ****       (void)USBD_CtlSendStatus(pdev);
 772              		.loc 1 697 13 view .LVU290
 773 0028 FFF7FEFF 		bl	USBD_LL_SetUSBAddress
 774              	.LVL108:
 698:Middlewares/ST/STM32_USB_Device_Library/Core/Src/usbd_ctlreq.c **** 
ARM GAS  C:\Users\Nathan\AppData\Local\Temp\ccVw9ECP.s 			page 45


 775              		.loc 1 698 7 is_stmt 1 view .LVU291
 698:Middlewares/ST/STM32_USB_Device_Library/Core/Src/usbd_ctlreq.c **** 
 776              		.loc 1 698 13 is_stmt 0 view .LVU292
 777 002c 2046     		mov	r0, r4
 778 002e FFF7FEFF 		bl	USBD_CtlSendStatus
 779              	.LVL109:
 700:Middlewares/ST/STM32_USB_Device_Library/Core/Src/usbd_ctlreq.c ****       {
 780              		.loc 1 700 7 is_stmt 1 view .LVU293
 700:Middlewares/ST/STM32_USB_Device_Library/Core/Src/usbd_ctlreq.c ****       {
 781              		.loc 1 700 10 is_stmt 0 view .LVU294
 782 0032 35B1     		cbz	r5, .L44
 702:Middlewares/ST/STM32_USB_Device_Library/Core/Src/usbd_ctlreq.c ****       }
 783              		.loc 1 702 9 is_stmt 1 view .LVU295
 702:Middlewares/ST/STM32_USB_Device_Library/Core/Src/usbd_ctlreq.c ****       }
 784              		.loc 1 702 25 is_stmt 0 view .LVU296
 785 0034 0223     		movs	r3, #2
 786 0036 84F89C32 		strb	r3, [r4, #668]
 787 003a 09E0     		b	.L40
 788              	.LVL110:
 789              	.L46:
 692:Middlewares/ST/STM32_USB_Device_Library/Core/Src/usbd_ctlreq.c ****     }
 790              		.loc 1 692 7 is_stmt 1 view .LVU297
 791 003c FFF7FEFF 		bl	USBD_CtlError
 792              	.LVL111:
 692:Middlewares/ST/STM32_USB_Device_Library/Core/Src/usbd_ctlreq.c ****     }
 793              		.loc 1 692 7 is_stmt 0 view .LVU298
 794 0040 06E0     		b	.L40
 795              	.LVL112:
 796              	.L44:
 706:Middlewares/ST/STM32_USB_Device_Library/Core/Src/usbd_ctlreq.c ****       }
 797              		.loc 1 706 9 is_stmt 1 view .LVU299
 706:Middlewares/ST/STM32_USB_Device_Library/Core/Src/usbd_ctlreq.c ****       }
 798              		.loc 1 706 25 is_stmt 0 view .LVU300
 799 0042 0123     		movs	r3, #1
 800 0044 84F89C32 		strb	r3, [r4, #668]
 801 0048 02E0     		b	.L40
 802              	.LVL113:
 803              	.L41:
 712:Middlewares/ST/STM32_USB_Device_Library/Core/Src/usbd_ctlreq.c ****   }
 804              		.loc 1 712 5 is_stmt 1 view .LVU301
 805 004a 2046     		mov	r0, r4
 806              	.LVL114:
 712:Middlewares/ST/STM32_USB_Device_Library/Core/Src/usbd_ctlreq.c ****   }
 807              		.loc 1 712 5 is_stmt 0 view .LVU302
 808 004c FFF7FEFF 		bl	USBD_CtlError
 809              	.LVL115:
 810              	.L40:
 714:Middlewares/ST/STM32_USB_Device_Library/Core/Src/usbd_ctlreq.c **** 
 811              		.loc 1 714 1 view .LVU303
 812 0050 38BD     		pop	{r3, r4, r5, pc}
 714:Middlewares/ST/STM32_USB_Device_Library/Core/Src/usbd_ctlreq.c **** 
 813              		.loc 1 714 1 view .LVU304
 814              		.cfi_endproc
 815              	.LFE958:
 817              		.section	.text.USBD_SetConfig,"ax",%progbits
 818              		.align	1
 819              		.syntax unified
ARM GAS  C:\Users\Nathan\AppData\Local\Temp\ccVw9ECP.s 			page 46


 820              		.thumb
 821              		.thumb_func
 823              	USBD_SetConfig:
 824              	.LVL116:
 825              	.LFB959:
 724:Middlewares/ST/STM32_USB_Device_Library/Core/Src/usbd_ctlreq.c ****   USBD_StatusTypeDef ret = USBD_OK;
 826              		.loc 1 724 1 is_stmt 1 view -0
 827              		.cfi_startproc
 828              		@ args = 0, pretend = 0, frame = 0
 829              		@ frame_needed = 0, uses_anonymous_args = 0
 724:Middlewares/ST/STM32_USB_Device_Library/Core/Src/usbd_ctlreq.c ****   USBD_StatusTypeDef ret = USBD_OK;
 830              		.loc 1 724 1 is_stmt 0 view .LVU306
 831 0000 70B5     		push	{r4, r5, r6, lr}
 832              		.cfi_def_cfa_offset 16
 833              		.cfi_offset 4, -16
 834              		.cfi_offset 5, -12
 835              		.cfi_offset 6, -8
 836              		.cfi_offset 14, -4
 837 0002 0446     		mov	r4, r0
 838 0004 0E46     		mov	r6, r1
 725:Middlewares/ST/STM32_USB_Device_Library/Core/Src/usbd_ctlreq.c ****   static uint8_t cfgidx;
 839              		.loc 1 725 3 is_stmt 1 view .LVU307
 840              	.LVL117:
 726:Middlewares/ST/STM32_USB_Device_Library/Core/Src/usbd_ctlreq.c **** 
 841              		.loc 1 726 3 view .LVU308
 728:Middlewares/ST/STM32_USB_Device_Library/Core/Src/usbd_ctlreq.c **** 
 842              		.loc 1 728 3 view .LVU309
 728:Middlewares/ST/STM32_USB_Device_Library/Core/Src/usbd_ctlreq.c **** 
 843              		.loc 1 728 25 is_stmt 0 view .LVU310
 844 0006 4B88     		ldrh	r3, [r1, #2]
 728:Middlewares/ST/STM32_USB_Device_Library/Core/Src/usbd_ctlreq.c **** 
 845              		.loc 1 728 12 view .LVU311
 846 0008 DDB2     		uxtb	r5, r3
 728:Middlewares/ST/STM32_USB_Device_Library/Core/Src/usbd_ctlreq.c **** 
 847              		.loc 1 728 10 view .LVU312
 848 000a 324A     		ldr	r2, .L62
 849 000c 1570     		strb	r5, [r2]
 730:Middlewares/ST/STM32_USB_Device_Library/Core/Src/usbd_ctlreq.c ****   {
 850              		.loc 1 730 3 is_stmt 1 view .LVU313
 730:Middlewares/ST/STM32_USB_Device_Library/Core/Src/usbd_ctlreq.c ****   {
 851              		.loc 1 730 6 is_stmt 0 view .LVU314
 852 000e 012D     		cmp	r5, #1
 853 0010 11D8     		bhi	.L60
 736:Middlewares/ST/STM32_USB_Device_Library/Core/Src/usbd_ctlreq.c ****   {
 854              		.loc 1 736 3 is_stmt 1 view .LVU315
 736:Middlewares/ST/STM32_USB_Device_Library/Core/Src/usbd_ctlreq.c ****   {
 855              		.loc 1 736 15 is_stmt 0 view .LVU316
 856 0012 90F89C22 		ldrb	r2, [r0, #668]	@ zero_extendqisi2
 857 0016 D1B2     		uxtb	r1, r2
 858              	.LVL118:
 736:Middlewares/ST/STM32_USB_Device_Library/Core/Src/usbd_ctlreq.c ****   {
 859              		.loc 1 736 3 view .LVU317
 860 0018 022A     		cmp	r2, #2
 861 001a 10D0     		beq	.L50
 862 001c 0329     		cmp	r1, #3
 863 001e 28D0     		beq	.L51
 805:Middlewares/ST/STM32_USB_Device_Library/Core/Src/usbd_ctlreq.c ****       (void)USBD_ClrClassConfig(pdev, cfgidx);
ARM GAS  C:\Users\Nathan\AppData\Local\Temp\ccVw9ECP.s 			page 47


 864              		.loc 1 805 7 is_stmt 1 view .LVU318
 865 0020 3146     		mov	r1, r6
 866 0022 FFF7FEFF 		bl	USBD_CtlError
 867              	.LVL119:
 806:Middlewares/ST/STM32_USB_Device_Library/Core/Src/usbd_ctlreq.c ****       ret = USBD_FAIL;
 868              		.loc 1 806 7 view .LVU319
 806:Middlewares/ST/STM32_USB_Device_Library/Core/Src/usbd_ctlreq.c ****       ret = USBD_FAIL;
 869              		.loc 1 806 13 is_stmt 0 view .LVU320
 870 0026 2B4B     		ldr	r3, .L62
 871 0028 1978     		ldrb	r1, [r3]	@ zero_extendqisi2
 872 002a 2046     		mov	r0, r4
 873 002c FFF7FEFF 		bl	USBD_ClrClassConfig
 874              	.LVL120:
 807:Middlewares/ST/STM32_USB_Device_Library/Core/Src/usbd_ctlreq.c ****       break;
 875              		.loc 1 807 7 is_stmt 1 view .LVU321
 808:Middlewares/ST/STM32_USB_Device_Library/Core/Src/usbd_ctlreq.c ****   }
 876              		.loc 1 808 7 view .LVU322
 807:Middlewares/ST/STM32_USB_Device_Library/Core/Src/usbd_ctlreq.c ****       break;
 877              		.loc 1 807 11 is_stmt 0 view .LVU323
 878 0030 0325     		movs	r5, #3
 879              	.LVL121:
 880              	.L49:
 812:Middlewares/ST/STM32_USB_Device_Library/Core/Src/usbd_ctlreq.c **** 
 881              		.loc 1 812 1 view .LVU324
 882 0032 2846     		mov	r0, r5
 883 0034 70BD     		pop	{r4, r5, r6, pc}
 884              	.LVL122:
 885              	.L60:
 732:Middlewares/ST/STM32_USB_Device_Library/Core/Src/usbd_ctlreq.c ****     return USBD_FAIL;
 886              		.loc 1 732 5 is_stmt 1 view .LVU325
 887 0036 FFF7FEFF 		bl	USBD_CtlError
 888              	.LVL123:
 733:Middlewares/ST/STM32_USB_Device_Library/Core/Src/usbd_ctlreq.c ****   }
 889              		.loc 1 733 5 view .LVU326
 733:Middlewares/ST/STM32_USB_Device_Library/Core/Src/usbd_ctlreq.c ****   }
 890              		.loc 1 733 12 is_stmt 0 view .LVU327
 891 003a 0325     		movs	r5, #3
 892 003c F9E7     		b	.L49
 893              	.LVL124:
 894              	.L50:
 739:Middlewares/ST/STM32_USB_Device_Library/Core/Src/usbd_ctlreq.c ****       {
 895              		.loc 1 739 7 is_stmt 1 view .LVU328
 739:Middlewares/ST/STM32_USB_Device_Library/Core/Src/usbd_ctlreq.c ****       {
 896              		.loc 1 739 10 is_stmt 0 view .LVU329
 897 003e ADB1     		cbz	r5, .L53
 741:Middlewares/ST/STM32_USB_Device_Library/Core/Src/usbd_ctlreq.c **** 
 898              		.loc 1 741 9 is_stmt 1 view .LVU330
 741:Middlewares/ST/STM32_USB_Device_Library/Core/Src/usbd_ctlreq.c **** 
 899              		.loc 1 741 26 is_stmt 0 view .LVU331
 900 0040 DBB2     		uxtb	r3, r3
 901 0042 4360     		str	r3, [r0, #4]
 743:Middlewares/ST/STM32_USB_Device_Library/Core/Src/usbd_ctlreq.c **** 
 902              		.loc 1 743 9 is_stmt 1 view .LVU332
 743:Middlewares/ST/STM32_USB_Device_Library/Core/Src/usbd_ctlreq.c **** 
 903              		.loc 1 743 15 is_stmt 0 view .LVU333
 904 0044 2946     		mov	r1, r5
 905 0046 FFF7FEFF 		bl	USBD_SetClassConfig
ARM GAS  C:\Users\Nathan\AppData\Local\Temp\ccVw9ECP.s 			page 48


 906              	.LVL125:
 745:Middlewares/ST/STM32_USB_Device_Library/Core/Src/usbd_ctlreq.c ****         {
 907              		.loc 1 745 9 is_stmt 1 view .LVU334
 745:Middlewares/ST/STM32_USB_Device_Library/Core/Src/usbd_ctlreq.c ****         {
 908              		.loc 1 745 12 is_stmt 0 view .LVU335
 909 004a 0546     		mov	r5, r0
 910 004c 38B1     		cbz	r0, .L54
 747:Middlewares/ST/STM32_USB_Device_Library/Core/Src/usbd_ctlreq.c ****           pdev->dev_state = USBD_STATE_ADDRESSED;
 911              		.loc 1 747 11 is_stmt 1 view .LVU336
 912 004e 3146     		mov	r1, r6
 913 0050 2046     		mov	r0, r4
 914              	.LVL126:
 747:Middlewares/ST/STM32_USB_Device_Library/Core/Src/usbd_ctlreq.c ****           pdev->dev_state = USBD_STATE_ADDRESSED;
 915              		.loc 1 747 11 is_stmt 0 view .LVU337
 916 0052 FFF7FEFF 		bl	USBD_CtlError
 917              	.LVL127:
 748:Middlewares/ST/STM32_USB_Device_Library/Core/Src/usbd_ctlreq.c ****         }
 918              		.loc 1 748 11 is_stmt 1 view .LVU338
 748:Middlewares/ST/STM32_USB_Device_Library/Core/Src/usbd_ctlreq.c ****         }
 919              		.loc 1 748 27 is_stmt 0 view .LVU339
 920 0056 0223     		movs	r3, #2
 921 0058 84F89C32 		strb	r3, [r4, #668]
 922 005c E9E7     		b	.L49
 923              	.LVL128:
 924              	.L54:
 752:Middlewares/ST/STM32_USB_Device_Library/Core/Src/usbd_ctlreq.c ****           pdev->dev_state = USBD_STATE_CONFIGURED;
 925              		.loc 1 752 11 is_stmt 1 view .LVU340
 752:Middlewares/ST/STM32_USB_Device_Library/Core/Src/usbd_ctlreq.c ****           pdev->dev_state = USBD_STATE_CONFIGURED;
 926              		.loc 1 752 17 is_stmt 0 view .LVU341
 927 005e 2046     		mov	r0, r4
 928              	.LVL129:
 752:Middlewares/ST/STM32_USB_Device_Library/Core/Src/usbd_ctlreq.c ****           pdev->dev_state = USBD_STATE_CONFIGURED;
 929              		.loc 1 752 17 view .LVU342
 930 0060 FFF7FEFF 		bl	USBD_CtlSendStatus
 931              	.LVL130:
 753:Middlewares/ST/STM32_USB_Device_Library/Core/Src/usbd_ctlreq.c **** 
 932              		.loc 1 753 11 is_stmt 1 view .LVU343
 753:Middlewares/ST/STM32_USB_Device_Library/Core/Src/usbd_ctlreq.c **** 
 933              		.loc 1 753 27 is_stmt 0 view .LVU344
 934 0064 0323     		movs	r3, #3
 935 0066 84F89C32 		strb	r3, [r4, #668]
 936 006a E2E7     		b	.L49
 937              	.LVL131:
 938              	.L53:
 765:Middlewares/ST/STM32_USB_Device_Library/Core/Src/usbd_ctlreq.c ****       }
 939              		.loc 1 765 9 is_stmt 1 view .LVU345
 765:Middlewares/ST/STM32_USB_Device_Library/Core/Src/usbd_ctlreq.c ****       }
 940              		.loc 1 765 15 is_stmt 0 view .LVU346
 941 006c FFF7FEFF 		bl	USBD_CtlSendStatus
 942              	.LVL132:
 765:Middlewares/ST/STM32_USB_Device_Library/Core/Src/usbd_ctlreq.c ****       }
 943              		.loc 1 765 15 view .LVU347
 944 0070 DFE7     		b	.L49
 945              	.LVL133:
 946              	.L51:
 770:Middlewares/ST/STM32_USB_Device_Library/Core/Src/usbd_ctlreq.c ****       {
 947              		.loc 1 770 7 is_stmt 1 view .LVU348
ARM GAS  C:\Users\Nathan\AppData\Local\Temp\ccVw9ECP.s 			page 49


 770:Middlewares/ST/STM32_USB_Device_Library/Core/Src/usbd_ctlreq.c ****       {
 948              		.loc 1 770 10 is_stmt 0 view .LVU349
 949 0072 D5B1     		cbz	r5, .L61
 777:Middlewares/ST/STM32_USB_Device_Library/Core/Src/usbd_ctlreq.c ****       {
 950              		.loc 1 777 12 is_stmt 1 view .LVU350
 777:Middlewares/ST/STM32_USB_Device_Library/Core/Src/usbd_ctlreq.c ****       {
 951              		.loc 1 777 23 is_stmt 0 view .LVU351
 952 0074 DBB2     		uxtb	r3, r3
 777:Middlewares/ST/STM32_USB_Device_Library/Core/Src/usbd_ctlreq.c ****       {
 953              		.loc 1 777 30 view .LVU352
 954 0076 4168     		ldr	r1, [r0, #4]
 777:Middlewares/ST/STM32_USB_Device_Library/Core/Src/usbd_ctlreq.c ****       {
 955              		.loc 1 777 15 view .LVU353
 956 0078 8B42     		cmp	r3, r1
 957 007a 26D0     		beq	.L56
 780:Middlewares/ST/STM32_USB_Device_Library/Core/Src/usbd_ctlreq.c **** 
 958              		.loc 1 780 9 is_stmt 1 view .LVU354
 780:Middlewares/ST/STM32_USB_Device_Library/Core/Src/usbd_ctlreq.c **** 
 959              		.loc 1 780 15 is_stmt 0 view .LVU355
 960 007c C9B2     		uxtb	r1, r1
 961 007e FFF7FEFF 		bl	USBD_ClrClassConfig
 962              	.LVL134:
 783:Middlewares/ST/STM32_USB_Device_Library/Core/Src/usbd_ctlreq.c **** 
 963              		.loc 1 783 9 is_stmt 1 view .LVU356
 783:Middlewares/ST/STM32_USB_Device_Library/Core/Src/usbd_ctlreq.c **** 
 964              		.loc 1 783 26 is_stmt 0 view .LVU357
 965 0082 144B     		ldr	r3, .L62
 966 0084 1978     		ldrb	r1, [r3]	@ zero_extendqisi2
 967 0086 6160     		str	r1, [r4, #4]
 785:Middlewares/ST/STM32_USB_Device_Library/Core/Src/usbd_ctlreq.c **** 
 968              		.loc 1 785 9 is_stmt 1 view .LVU358
 785:Middlewares/ST/STM32_USB_Device_Library/Core/Src/usbd_ctlreq.c **** 
 969              		.loc 1 785 15 is_stmt 0 view .LVU359
 970 0088 2046     		mov	r0, r4
 971 008a FFF7FEFF 		bl	USBD_SetClassConfig
 972              	.LVL135:
 787:Middlewares/ST/STM32_USB_Device_Library/Core/Src/usbd_ctlreq.c ****         {
 973              		.loc 1 787 9 is_stmt 1 view .LVU360
 787:Middlewares/ST/STM32_USB_Device_Library/Core/Src/usbd_ctlreq.c ****         {
 974              		.loc 1 787 12 is_stmt 0 view .LVU361
 975 008e 0546     		mov	r5, r0
 976 0090 B8B1     		cbz	r0, .L57
 789:Middlewares/ST/STM32_USB_Device_Library/Core/Src/usbd_ctlreq.c ****           (void)USBD_ClrClassConfig(pdev, (uint8_t)pdev->dev_config);
 977              		.loc 1 789 11 is_stmt 1 view .LVU362
 978 0092 3146     		mov	r1, r6
 979 0094 2046     		mov	r0, r4
 980              	.LVL136:
 789:Middlewares/ST/STM32_USB_Device_Library/Core/Src/usbd_ctlreq.c ****           (void)USBD_ClrClassConfig(pdev, (uint8_t)pdev->dev_config);
 981              		.loc 1 789 11 is_stmt 0 view .LVU363
 982 0096 FFF7FEFF 		bl	USBD_CtlError
 983              	.LVL137:
 790:Middlewares/ST/STM32_USB_Device_Library/Core/Src/usbd_ctlreq.c ****           pdev->dev_state = USBD_STATE_ADDRESSED;
 984              		.loc 1 790 11 is_stmt 1 view .LVU364
 790:Middlewares/ST/STM32_USB_Device_Library/Core/Src/usbd_ctlreq.c ****           pdev->dev_state = USBD_STATE_ADDRESSED;
 985              		.loc 1 790 17 is_stmt 0 view .LVU365
 986 009a 2179     		ldrb	r1, [r4, #4]	@ zero_extendqisi2
 987 009c 2046     		mov	r0, r4
ARM GAS  C:\Users\Nathan\AppData\Local\Temp\ccVw9ECP.s 			page 50


 988 009e FFF7FEFF 		bl	USBD_ClrClassConfig
 989              	.LVL138:
 791:Middlewares/ST/STM32_USB_Device_Library/Core/Src/usbd_ctlreq.c ****         }
 990              		.loc 1 791 11 is_stmt 1 view .LVU366
 791:Middlewares/ST/STM32_USB_Device_Library/Core/Src/usbd_ctlreq.c ****         }
 991              		.loc 1 791 27 is_stmt 0 view .LVU367
 992 00a2 0223     		movs	r3, #2
 993 00a4 84F89C32 		strb	r3, [r4, #668]
 994 00a8 C3E7     		b	.L49
 995              	.LVL139:
 996              	.L61:
 772:Middlewares/ST/STM32_USB_Device_Library/Core/Src/usbd_ctlreq.c ****         pdev->dev_config = cfgidx;
 997              		.loc 1 772 9 is_stmt 1 view .LVU368
 772:Middlewares/ST/STM32_USB_Device_Library/Core/Src/usbd_ctlreq.c ****         pdev->dev_config = cfgidx;
 998              		.loc 1 772 25 is_stmt 0 view .LVU369
 999 00aa 0222     		movs	r2, #2
 1000 00ac 80F89C22 		strb	r2, [r0, #668]
 773:Middlewares/ST/STM32_USB_Device_Library/Core/Src/usbd_ctlreq.c ****         (void)USBD_ClrClassConfig(pdev, cfgidx);
 1001              		.loc 1 773 9 is_stmt 1 view .LVU370
 773:Middlewares/ST/STM32_USB_Device_Library/Core/Src/usbd_ctlreq.c ****         (void)USBD_ClrClassConfig(pdev, cfgidx);
 1002              		.loc 1 773 26 is_stmt 0 view .LVU371
 1003 00b0 DBB2     		uxtb	r3, r3
 1004 00b2 4360     		str	r3, [r0, #4]
 774:Middlewares/ST/STM32_USB_Device_Library/Core/Src/usbd_ctlreq.c ****         (void)USBD_CtlSendStatus(pdev);
 1005              		.loc 1 774 9 is_stmt 1 view .LVU372
 774:Middlewares/ST/STM32_USB_Device_Library/Core/Src/usbd_ctlreq.c ****         (void)USBD_CtlSendStatus(pdev);
 1006              		.loc 1 774 15 is_stmt 0 view .LVU373
 1007 00b4 2946     		mov	r1, r5
 1008 00b6 FFF7FEFF 		bl	USBD_ClrClassConfig
 1009              	.LVL140:
 775:Middlewares/ST/STM32_USB_Device_Library/Core/Src/usbd_ctlreq.c ****       }
 1010              		.loc 1 775 9 is_stmt 1 view .LVU374
 775:Middlewares/ST/STM32_USB_Device_Library/Core/Src/usbd_ctlreq.c ****       }
 1011              		.loc 1 775 15 is_stmt 0 view .LVU375
 1012 00ba 2046     		mov	r0, r4
 1013 00bc FFF7FEFF 		bl	USBD_CtlSendStatus
 1014              	.LVL141:
 1015 00c0 B7E7     		b	.L49
 1016              	.LVL142:
 1017              	.L57:
 795:Middlewares/ST/STM32_USB_Device_Library/Core/Src/usbd_ctlreq.c ****         }
 1018              		.loc 1 795 11 is_stmt 1 view .LVU376
 795:Middlewares/ST/STM32_USB_Device_Library/Core/Src/usbd_ctlreq.c ****         }
 1019              		.loc 1 795 17 is_stmt 0 view .LVU377
 1020 00c2 2046     		mov	r0, r4
 1021              	.LVL143:
 795:Middlewares/ST/STM32_USB_Device_Library/Core/Src/usbd_ctlreq.c ****         }
 1022              		.loc 1 795 17 view .LVU378
 1023 00c4 FFF7FEFF 		bl	USBD_CtlSendStatus
 1024              	.LVL144:
 1025 00c8 B3E7     		b	.L49
 1026              	.LVL145:
 1027              	.L56:
 800:Middlewares/ST/STM32_USB_Device_Library/Core/Src/usbd_ctlreq.c ****       }
 1028              		.loc 1 800 9 is_stmt 1 view .LVU379
 800:Middlewares/ST/STM32_USB_Device_Library/Core/Src/usbd_ctlreq.c ****       }
 1029              		.loc 1 800 15 is_stmt 0 view .LVU380
ARM GAS  C:\Users\Nathan\AppData\Local\Temp\ccVw9ECP.s 			page 51


 1030 00ca FFF7FEFF 		bl	USBD_CtlSendStatus
 1031              	.LVL146:
 725:Middlewares/ST/STM32_USB_Device_Library/Core/Src/usbd_ctlreq.c ****   static uint8_t cfgidx;
 1032              		.loc 1 725 22 view .LVU381
 1033 00ce 0025     		movs	r5, #0
 1034 00d0 AFE7     		b	.L49
 1035              	.L63:
 1036 00d2 00BF     		.align	2
 1037              	.L62:
 1038 00d4 00000000 		.word	cfgidx.0
 1039              		.cfi_endproc
 1040              	.LFE959:
 1042              		.section	.text.USBD_GetConfig,"ax",%progbits
 1043              		.align	1
 1044              		.syntax unified
 1045              		.thumb
 1046              		.thumb_func
 1048              	USBD_GetConfig:
 1049              	.LVL147:
 1050              	.LFB960:
 822:Middlewares/ST/STM32_USB_Device_Library/Core/Src/usbd_ctlreq.c ****   if (req->wLength != 1U)
 1051              		.loc 1 822 1 is_stmt 1 view -0
 1052              		.cfi_startproc
 1053              		@ args = 0, pretend = 0, frame = 0
 1054              		@ frame_needed = 0, uses_anonymous_args = 0
 822:Middlewares/ST/STM32_USB_Device_Library/Core/Src/usbd_ctlreq.c ****   if (req->wLength != 1U)
 1055              		.loc 1 822 1 is_stmt 0 view .LVU383
 1056 0000 08B5     		push	{r3, lr}
 1057              		.cfi_def_cfa_offset 8
 1058              		.cfi_offset 3, -8
 1059              		.cfi_offset 14, -4
 823:Middlewares/ST/STM32_USB_Device_Library/Core/Src/usbd_ctlreq.c ****   {
 1060              		.loc 1 823 3 is_stmt 1 view .LVU384
 823:Middlewares/ST/STM32_USB_Device_Library/Core/Src/usbd_ctlreq.c ****   {
 1061              		.loc 1 823 10 is_stmt 0 view .LVU385
 1062 0002 CB88     		ldrh	r3, [r1, #6]
 823:Middlewares/ST/STM32_USB_Device_Library/Core/Src/usbd_ctlreq.c ****   {
 1063              		.loc 1 823 6 view .LVU386
 1064 0004 012B     		cmp	r3, #1
 1065 0006 0BD1     		bne	.L72
 829:Middlewares/ST/STM32_USB_Device_Library/Core/Src/usbd_ctlreq.c ****     {
 1066              		.loc 1 829 5 is_stmt 1 view .LVU387
 829:Middlewares/ST/STM32_USB_Device_Library/Core/Src/usbd_ctlreq.c ****     {
 1067              		.loc 1 829 17 is_stmt 0 view .LVU388
 1068 0008 90F89C32 		ldrb	r3, [r0, #668]	@ zero_extendqisi2
 1069 000c DAB2     		uxtb	r2, r3
 829:Middlewares/ST/STM32_USB_Device_Library/Core/Src/usbd_ctlreq.c ****     {
 1070              		.loc 1 829 5 view .LVU389
 1071 000e 022B     		cmp	r3, #2
 1072 0010 09D9     		bls	.L73
 1073 0012 032A     		cmp	r2, #3
 1074 0014 11D1     		bne	.L69
 838:Middlewares/ST/STM32_USB_Device_Library/Core/Src/usbd_ctlreq.c ****         break;
 1075              		.loc 1 838 9 is_stmt 1 view .LVU390
 838:Middlewares/ST/STM32_USB_Device_Library/Core/Src/usbd_ctlreq.c ****         break;
 1076              		.loc 1 838 15 is_stmt 0 view .LVU391
 1077 0016 0122     		movs	r2, #1
ARM GAS  C:\Users\Nathan\AppData\Local\Temp\ccVw9ECP.s 			page 52


 1078 0018 011D     		adds	r1, r0, #4
 1079              	.LVL148:
 838:Middlewares/ST/STM32_USB_Device_Library/Core/Src/usbd_ctlreq.c ****         break;
 1080              		.loc 1 838 15 view .LVU392
 1081 001a FFF7FEFF 		bl	USBD_CtlSendData
 1082              	.LVL149:
 839:Middlewares/ST/STM32_USB_Device_Library/Core/Src/usbd_ctlreq.c **** 
 1083              		.loc 1 839 9 is_stmt 1 view .LVU393
 1084 001e 01E0     		b	.L64
 1085              	.LVL150:
 1086              	.L72:
 825:Middlewares/ST/STM32_USB_Device_Library/Core/Src/usbd_ctlreq.c ****   }
 1087              		.loc 1 825 5 view .LVU394
 1088 0020 FFF7FEFF 		bl	USBD_CtlError
 1089              	.LVL151:
 1090              	.L64:
 846:Middlewares/ST/STM32_USB_Device_Library/Core/Src/usbd_ctlreq.c **** 
 1091              		.loc 1 846 1 is_stmt 0 view .LVU395
 1092 0024 08BD     		pop	{r3, pc}
 1093              	.LVL152:
 1094              	.L73:
 829:Middlewares/ST/STM32_USB_Device_Library/Core/Src/usbd_ctlreq.c ****     {
 1095              		.loc 1 829 5 view .LVU396
 1096 0026 52B2     		sxtb	r2, r2
 1097 0028 3AB1     		cbz	r2, .L69
 833:Middlewares/ST/STM32_USB_Device_Library/Core/Src/usbd_ctlreq.c ****         (void)USBD_CtlSendData(pdev, (uint8_t *)&pdev->dev_default_config, 1U);
 1098              		.loc 1 833 9 is_stmt 1 view .LVU397
 833:Middlewares/ST/STM32_USB_Device_Library/Core/Src/usbd_ctlreq.c ****         (void)USBD_CtlSendData(pdev, (uint8_t *)&pdev->dev_default_config, 1U);
 1099              		.loc 1 833 34 is_stmt 0 view .LVU398
 1100 002a 0146     		mov	r1, r0
 1101              	.LVL153:
 833:Middlewares/ST/STM32_USB_Device_Library/Core/Src/usbd_ctlreq.c ****         (void)USBD_CtlSendData(pdev, (uint8_t *)&pdev->dev_default_config, 1U);
 1102              		.loc 1 833 34 view .LVU399
 1103 002c 0023     		movs	r3, #0
 1104 002e 41F8083F 		str	r3, [r1, #8]!
 834:Middlewares/ST/STM32_USB_Device_Library/Core/Src/usbd_ctlreq.c ****         break;
 1105              		.loc 1 834 9 is_stmt 1 view .LVU400
 834:Middlewares/ST/STM32_USB_Device_Library/Core/Src/usbd_ctlreq.c ****         break;
 1106              		.loc 1 834 15 is_stmt 0 view .LVU401
 1107 0032 0122     		movs	r2, #1
 1108 0034 FFF7FEFF 		bl	USBD_CtlSendData
 1109              	.LVL154:
 835:Middlewares/ST/STM32_USB_Device_Library/Core/Src/usbd_ctlreq.c **** 
 1110              		.loc 1 835 9 is_stmt 1 view .LVU402
 1111 0038 F4E7     		b	.L64
 1112              	.LVL155:
 1113              	.L69:
 842:Middlewares/ST/STM32_USB_Device_Library/Core/Src/usbd_ctlreq.c ****         break;
 1114              		.loc 1 842 9 view .LVU403
 1115 003a FFF7FEFF 		bl	USBD_CtlError
 1116              	.LVL156:
 843:Middlewares/ST/STM32_USB_Device_Library/Core/Src/usbd_ctlreq.c ****     }
 1117              		.loc 1 843 9 view .LVU404
 846:Middlewares/ST/STM32_USB_Device_Library/Core/Src/usbd_ctlreq.c **** 
 1118              		.loc 1 846 1 is_stmt 0 view .LVU405
 1119 003e F1E7     		b	.L64
 1120              		.cfi_endproc
ARM GAS  C:\Users\Nathan\AppData\Local\Temp\ccVw9ECP.s 			page 53


 1121              	.LFE960:
 1123              		.section	.text.USBD_GetStatus,"ax",%progbits
 1124              		.align	1
 1125              		.syntax unified
 1126              		.thumb
 1127              		.thumb_func
 1129              	USBD_GetStatus:
 1130              	.LVL157:
 1131              	.LFB961:
 856:Middlewares/ST/STM32_USB_Device_Library/Core/Src/usbd_ctlreq.c ****   switch (pdev->dev_state)
 1132              		.loc 1 856 1 is_stmt 1 view -0
 1133              		.cfi_startproc
 1134              		@ args = 0, pretend = 0, frame = 0
 1135              		@ frame_needed = 0, uses_anonymous_args = 0
 856:Middlewares/ST/STM32_USB_Device_Library/Core/Src/usbd_ctlreq.c ****   switch (pdev->dev_state)
 1136              		.loc 1 856 1 is_stmt 0 view .LVU407
 1137 0000 08B5     		push	{r3, lr}
 1138              		.cfi_def_cfa_offset 8
 1139              		.cfi_offset 3, -8
 1140              		.cfi_offset 14, -4
 857:Middlewares/ST/STM32_USB_Device_Library/Core/Src/usbd_ctlreq.c ****   {
 1141              		.loc 1 857 3 is_stmt 1 view .LVU408
 857:Middlewares/ST/STM32_USB_Device_Library/Core/Src/usbd_ctlreq.c ****   {
 1142              		.loc 1 857 15 is_stmt 0 view .LVU409
 1143 0002 90F89C32 		ldrb	r3, [r0, #668]	@ zero_extendqisi2
 857:Middlewares/ST/STM32_USB_Device_Library/Core/Src/usbd_ctlreq.c ****   {
 1144              		.loc 1 857 3 view .LVU410
 1145 0006 013B     		subs	r3, r3, #1
 1146 0008 022B     		cmp	r3, #2
 1147 000a 12D8     		bhi	.L75
 862:Middlewares/ST/STM32_USB_Device_Library/Core/Src/usbd_ctlreq.c ****       {
 1148              		.loc 1 862 7 is_stmt 1 view .LVU411
 862:Middlewares/ST/STM32_USB_Device_Library/Core/Src/usbd_ctlreq.c ****       {
 1149              		.loc 1 862 14 is_stmt 0 view .LVU412
 1150 000c CB88     		ldrh	r3, [r1, #6]
 862:Middlewares/ST/STM32_USB_Device_Library/Core/Src/usbd_ctlreq.c ****       {
 1151              		.loc 1 862 10 view .LVU413
 1152 000e 022B     		cmp	r3, #2
 1153 0010 0CD1     		bne	.L80
 869:Middlewares/ST/STM32_USB_Device_Library/Core/Src/usbd_ctlreq.c **** #else
 1154              		.loc 1 869 7 is_stmt 1 view .LVU414
 869:Middlewares/ST/STM32_USB_Device_Library/Core/Src/usbd_ctlreq.c **** #else
 1155              		.loc 1 869 31 is_stmt 0 view .LVU415
 1156 0012 0123     		movs	r3, #1
 1157 0014 C360     		str	r3, [r0, #12]
 874:Middlewares/ST/STM32_USB_Device_Library/Core/Src/usbd_ctlreq.c ****       {
 1158              		.loc 1 874 7 is_stmt 1 view .LVU416
 874:Middlewares/ST/STM32_USB_Device_Library/Core/Src/usbd_ctlreq.c ****       {
 1159              		.loc 1 874 15 is_stmt 0 view .LVU417
 1160 0016 D0F8A432 		ldr	r3, [r0, #676]
 874:Middlewares/ST/STM32_USB_Device_Library/Core/Src/usbd_ctlreq.c ****       {
 1161              		.loc 1 874 10 view .LVU418
 1162 001a 0BB1     		cbz	r3, .L78
 876:Middlewares/ST/STM32_USB_Device_Library/Core/Src/usbd_ctlreq.c ****       }
 1163              		.loc 1 876 9 is_stmt 1 view .LVU419
 876:Middlewares/ST/STM32_USB_Device_Library/Core/Src/usbd_ctlreq.c ****       }
 1164              		.loc 1 876 33 is_stmt 0 view .LVU420
ARM GAS  C:\Users\Nathan\AppData\Local\Temp\ccVw9ECP.s 			page 54


 1165 001c 0323     		movs	r3, #3
 1166 001e C360     		str	r3, [r0, #12]
 1167              	.L78:
 879:Middlewares/ST/STM32_USB_Device_Library/Core/Src/usbd_ctlreq.c ****       break;
 1168              		.loc 1 879 7 is_stmt 1 view .LVU421
 879:Middlewares/ST/STM32_USB_Device_Library/Core/Src/usbd_ctlreq.c ****       break;
 1169              		.loc 1 879 13 is_stmt 0 view .LVU422
 1170 0020 0222     		movs	r2, #2
 1171 0022 00F10C01 		add	r1, r0, #12
 1172              	.LVL158:
 879:Middlewares/ST/STM32_USB_Device_Library/Core/Src/usbd_ctlreq.c ****       break;
 1173              		.loc 1 879 13 view .LVU423
 1174 0026 FFF7FEFF 		bl	USBD_CtlSendData
 1175              	.LVL159:
 880:Middlewares/ST/STM32_USB_Device_Library/Core/Src/usbd_ctlreq.c **** 
 1176              		.loc 1 880 7 is_stmt 1 view .LVU424
 1177              	.L74:
 886:Middlewares/ST/STM32_USB_Device_Library/Core/Src/usbd_ctlreq.c **** 
 1178              		.loc 1 886 1 is_stmt 0 view .LVU425
 1179 002a 08BD     		pop	{r3, pc}
 1180              	.LVL160:
 1181              	.L80:
 864:Middlewares/ST/STM32_USB_Device_Library/Core/Src/usbd_ctlreq.c ****         break;
 1182              		.loc 1 864 9 is_stmt 1 view .LVU426
 1183 002c FFF7FEFF 		bl	USBD_CtlError
 1184              	.LVL161:
 865:Middlewares/ST/STM32_USB_Device_Library/Core/Src/usbd_ctlreq.c ****       }
 1185              		.loc 1 865 9 view .LVU427
 1186 0030 FBE7     		b	.L74
 1187              	.LVL162:
 1188              	.L75:
 883:Middlewares/ST/STM32_USB_Device_Library/Core/Src/usbd_ctlreq.c ****       break;
 1189              		.loc 1 883 7 view .LVU428
 1190 0032 FFF7FEFF 		bl	USBD_CtlError
 1191              	.LVL163:
 884:Middlewares/ST/STM32_USB_Device_Library/Core/Src/usbd_ctlreq.c ****   }
 1192              		.loc 1 884 7 view .LVU429
 886:Middlewares/ST/STM32_USB_Device_Library/Core/Src/usbd_ctlreq.c **** 
 1193              		.loc 1 886 1 is_stmt 0 view .LVU430
 1194 0036 F8E7     		b	.L74
 1195              		.cfi_endproc
 1196              	.LFE961:
 1198              		.section	.text.USBD_SetFeature,"ax",%progbits
 1199              		.align	1
 1200              		.syntax unified
 1201              		.thumb
 1202              		.thumb_func
 1204              	USBD_SetFeature:
 1205              	.LVL164:
 1206              	.LFB962:
 897:Middlewares/ST/STM32_USB_Device_Library/Core/Src/usbd_ctlreq.c ****   if (req->wValue == USB_FEATURE_REMOTE_WAKEUP)
 1207              		.loc 1 897 1 is_stmt 1 view -0
 1208              		.cfi_startproc
 1209              		@ args = 0, pretend = 0, frame = 0
 1210              		@ frame_needed = 0, uses_anonymous_args = 0
 897:Middlewares/ST/STM32_USB_Device_Library/Core/Src/usbd_ctlreq.c ****   if (req->wValue == USB_FEATURE_REMOTE_WAKEUP)
 1211              		.loc 1 897 1 is_stmt 0 view .LVU432
ARM GAS  C:\Users\Nathan\AppData\Local\Temp\ccVw9ECP.s 			page 55


 1212 0000 08B5     		push	{r3, lr}
 1213              		.cfi_def_cfa_offset 8
 1214              		.cfi_offset 3, -8
 1215              		.cfi_offset 14, -4
 898:Middlewares/ST/STM32_USB_Device_Library/Core/Src/usbd_ctlreq.c ****   {
 1216              		.loc 1 898 3 is_stmt 1 view .LVU433
 898:Middlewares/ST/STM32_USB_Device_Library/Core/Src/usbd_ctlreq.c ****   {
 1217              		.loc 1 898 10 is_stmt 0 view .LVU434
 1218 0002 4B88     		ldrh	r3, [r1, #2]
 898:Middlewares/ST/STM32_USB_Device_Library/Core/Src/usbd_ctlreq.c ****   {
 1219              		.loc 1 898 6 view .LVU435
 1220 0004 012B     		cmp	r3, #1
 1221 0006 04D0     		beq	.L86
 903:Middlewares/ST/STM32_USB_Device_Library/Core/Src/usbd_ctlreq.c ****   {
 1222              		.loc 1 903 8 is_stmt 1 view .LVU436
 903:Middlewares/ST/STM32_USB_Device_Library/Core/Src/usbd_ctlreq.c ****   {
 1223              		.loc 1 903 11 is_stmt 0 view .LVU437
 1224 0008 022B     		cmp	r3, #2
 1225 000a 07D0     		beq	.L87
 910:Middlewares/ST/STM32_USB_Device_Library/Core/Src/usbd_ctlreq.c ****   }
 1226              		.loc 1 910 5 is_stmt 1 view .LVU438
 1227 000c FFF7FEFF 		bl	USBD_CtlError
 1228              	.LVL165:
 1229              	.L81:
 912:Middlewares/ST/STM32_USB_Device_Library/Core/Src/usbd_ctlreq.c **** 
 1230              		.loc 1 912 1 is_stmt 0 view .LVU439
 1231 0010 08BD     		pop	{r3, pc}
 1232              	.LVL166:
 1233              	.L86:
 900:Middlewares/ST/STM32_USB_Device_Library/Core/Src/usbd_ctlreq.c ****     (void)USBD_CtlSendStatus(pdev);
 1234              		.loc 1 900 5 is_stmt 1 view .LVU440
 900:Middlewares/ST/STM32_USB_Device_Library/Core/Src/usbd_ctlreq.c ****     (void)USBD_CtlSendStatus(pdev);
 1235              		.loc 1 900 29 is_stmt 0 view .LVU441
 1236 0012 C0F8A432 		str	r3, [r0, #676]
 901:Middlewares/ST/STM32_USB_Device_Library/Core/Src/usbd_ctlreq.c ****   }
 1237              		.loc 1 901 5 is_stmt 1 view .LVU442
 901:Middlewares/ST/STM32_USB_Device_Library/Core/Src/usbd_ctlreq.c ****   }
 1238              		.loc 1 901 11 is_stmt 0 view .LVU443
 1239 0016 FFF7FEFF 		bl	USBD_CtlSendStatus
 1240              	.LVL167:
 901:Middlewares/ST/STM32_USB_Device_Library/Core/Src/usbd_ctlreq.c ****   }
 1241              		.loc 1 901 11 view .LVU444
 1242 001a F9E7     		b	.L81
 1243              	.LVL168:
 1244              	.L87:
 905:Middlewares/ST/STM32_USB_Device_Library/Core/Src/usbd_ctlreq.c ****     (void)USBD_CtlSendStatus(pdev);
 1245              		.loc 1 905 5 is_stmt 1 view .LVU445
 905:Middlewares/ST/STM32_USB_Device_Library/Core/Src/usbd_ctlreq.c ****     (void)USBD_CtlSendStatus(pdev);
 1246              		.loc 1 905 40 is_stmt 0 view .LVU446
 1247 001c 8B88     		ldrh	r3, [r1, #4]
 905:Middlewares/ST/STM32_USB_Device_Library/Core/Src/usbd_ctlreq.c ****     (void)USBD_CtlSendStatus(pdev);
 1248              		.loc 1 905 27 view .LVU447
 1249 001e 1B0A     		lsrs	r3, r3, #8
 905:Middlewares/ST/STM32_USB_Device_Library/Core/Src/usbd_ctlreq.c ****     (void)USBD_CtlSendStatus(pdev);
 1250              		.loc 1 905 25 view .LVU448
 1251 0020 80F8A032 		strb	r3, [r0, #672]
 906:Middlewares/ST/STM32_USB_Device_Library/Core/Src/usbd_ctlreq.c ****   }
ARM GAS  C:\Users\Nathan\AppData\Local\Temp\ccVw9ECP.s 			page 56


 1252              		.loc 1 906 5 is_stmt 1 view .LVU449
 906:Middlewares/ST/STM32_USB_Device_Library/Core/Src/usbd_ctlreq.c ****   }
 1253              		.loc 1 906 11 is_stmt 0 view .LVU450
 1254 0024 FFF7FEFF 		bl	USBD_CtlSendStatus
 1255              	.LVL169:
 906:Middlewares/ST/STM32_USB_Device_Library/Core/Src/usbd_ctlreq.c ****   }
 1256              		.loc 1 906 11 view .LVU451
 1257 0028 F2E7     		b	.L81
 1258              		.cfi_endproc
 1259              	.LFE962:
 1261              		.section	.text.USBD_ClrFeature,"ax",%progbits
 1262              		.align	1
 1263              		.syntax unified
 1264              		.thumb
 1265              		.thumb_func
 1267              	USBD_ClrFeature:
 1268              	.LVL170:
 1269              	.LFB963:
 923:Middlewares/ST/STM32_USB_Device_Library/Core/Src/usbd_ctlreq.c ****   switch (pdev->dev_state)
 1270              		.loc 1 923 1 is_stmt 1 view -0
 1271              		.cfi_startproc
 1272              		@ args = 0, pretend = 0, frame = 0
 1273              		@ frame_needed = 0, uses_anonymous_args = 0
 923:Middlewares/ST/STM32_USB_Device_Library/Core/Src/usbd_ctlreq.c ****   switch (pdev->dev_state)
 1274              		.loc 1 923 1 is_stmt 0 view .LVU453
 1275 0000 08B5     		push	{r3, lr}
 1276              		.cfi_def_cfa_offset 8
 1277              		.cfi_offset 3, -8
 1278              		.cfi_offset 14, -4
 924:Middlewares/ST/STM32_USB_Device_Library/Core/Src/usbd_ctlreq.c ****   {
 1279              		.loc 1 924 3 is_stmt 1 view .LVU454
 924:Middlewares/ST/STM32_USB_Device_Library/Core/Src/usbd_ctlreq.c ****   {
 1280              		.loc 1 924 15 is_stmt 0 view .LVU455
 1281 0002 90F89C32 		ldrb	r3, [r0, #668]	@ zero_extendqisi2
 924:Middlewares/ST/STM32_USB_Device_Library/Core/Src/usbd_ctlreq.c ****   {
 1282              		.loc 1 924 3 view .LVU456
 1283 0006 013B     		subs	r3, r3, #1
 1284 0008 022B     		cmp	r3, #2
 1285 000a 09D8     		bhi	.L89
 929:Middlewares/ST/STM32_USB_Device_Library/Core/Src/usbd_ctlreq.c ****       {
 1286              		.loc 1 929 7 is_stmt 1 view .LVU457
 929:Middlewares/ST/STM32_USB_Device_Library/Core/Src/usbd_ctlreq.c ****       {
 1287              		.loc 1 929 14 is_stmt 0 view .LVU458
 1288 000c 4B88     		ldrh	r3, [r1, #2]
 929:Middlewares/ST/STM32_USB_Device_Library/Core/Src/usbd_ctlreq.c ****       {
 1289              		.loc 1 929 10 view .LVU459
 1290 000e 012B     		cmp	r3, #1
 1291 0010 00D0     		beq	.L92
 1292              	.LVL171:
 1293              	.L88:
 940:Middlewares/ST/STM32_USB_Device_Library/Core/Src/usbd_ctlreq.c **** 
 1294              		.loc 1 940 1 view .LVU460
 1295 0012 08BD     		pop	{r3, pc}
 1296              	.LVL172:
 1297              	.L92:
 931:Middlewares/ST/STM32_USB_Device_Library/Core/Src/usbd_ctlreq.c ****         (void)USBD_CtlSendStatus(pdev);
 1298              		.loc 1 931 9 is_stmt 1 view .LVU461
ARM GAS  C:\Users\Nathan\AppData\Local\Temp\ccVw9ECP.s 			page 57


 931:Middlewares/ST/STM32_USB_Device_Library/Core/Src/usbd_ctlreq.c ****         (void)USBD_CtlSendStatus(pdev);
 1299              		.loc 1 931 33 is_stmt 0 view .LVU462
 1300 0014 0023     		movs	r3, #0
 1301 0016 C0F8A432 		str	r3, [r0, #676]
 932:Middlewares/ST/STM32_USB_Device_Library/Core/Src/usbd_ctlreq.c ****       }
 1302              		.loc 1 932 9 is_stmt 1 view .LVU463
 932:Middlewares/ST/STM32_USB_Device_Library/Core/Src/usbd_ctlreq.c ****       }
 1303              		.loc 1 932 15 is_stmt 0 view .LVU464
 1304 001a FFF7FEFF 		bl	USBD_CtlSendStatus
 1305              	.LVL173:
 932:Middlewares/ST/STM32_USB_Device_Library/Core/Src/usbd_ctlreq.c ****       }
 1306              		.loc 1 932 15 view .LVU465
 1307 001e F8E7     		b	.L88
 1308              	.LVL174:
 1309              	.L89:
 937:Middlewares/ST/STM32_USB_Device_Library/Core/Src/usbd_ctlreq.c ****       break;
 1310              		.loc 1 937 7 is_stmt 1 view .LVU466
 1311 0020 FFF7FEFF 		bl	USBD_CtlError
 1312              	.LVL175:
 938:Middlewares/ST/STM32_USB_Device_Library/Core/Src/usbd_ctlreq.c ****   }
 1313              		.loc 1 938 7 view .LVU467
 940:Middlewares/ST/STM32_USB_Device_Library/Core/Src/usbd_ctlreq.c **** 
 1314              		.loc 1 940 1 is_stmt 0 view .LVU468
 1315 0024 F5E7     		b	.L88
 1316              		.cfi_endproc
 1317              	.LFE963:
 1319              		.section	.text.USBD_StdDevReq,"ax",%progbits
 1320              		.align	1
 1321              		.global	USBD_StdDevReq
 1322              		.syntax unified
 1323              		.thumb
 1324              		.thumb_func
 1326              	USBD_StdDevReq:
 1327              	.LVL176:
 1328              	.LFB954:
 105:Middlewares/ST/STM32_USB_Device_Library/Core/Src/usbd_ctlreq.c ****   USBD_StatusTypeDef ret = USBD_OK;
 1329              		.loc 1 105 1 is_stmt 1 view -0
 1330              		.cfi_startproc
 1331              		@ args = 0, pretend = 0, frame = 0
 1332              		@ frame_needed = 0, uses_anonymous_args = 0
 105:Middlewares/ST/STM32_USB_Device_Library/Core/Src/usbd_ctlreq.c ****   USBD_StatusTypeDef ret = USBD_OK;
 1333              		.loc 1 105 1 is_stmt 0 view .LVU470
 1334 0000 38B5     		push	{r3, r4, r5, lr}
 1335              		.cfi_def_cfa_offset 16
 1336              		.cfi_offset 3, -16
 1337              		.cfi_offset 4, -12
 1338              		.cfi_offset 5, -8
 1339              		.cfi_offset 14, -4
 106:Middlewares/ST/STM32_USB_Device_Library/Core/Src/usbd_ctlreq.c **** 
 1340              		.loc 1 106 3 is_stmt 1 view .LVU471
 1341              	.LVL177:
 108:Middlewares/ST/STM32_USB_Device_Library/Core/Src/usbd_ctlreq.c ****   {
 1342              		.loc 1 108 3 view .LVU472
 108:Middlewares/ST/STM32_USB_Device_Library/Core/Src/usbd_ctlreq.c ****   {
 1343              		.loc 1 108 14 is_stmt 0 view .LVU473
 1344 0002 0C78     		ldrb	r4, [r1]	@ zero_extendqisi2
 1345 0004 04F06004 		and	r4, r4, #96
ARM GAS  C:\Users\Nathan\AppData\Local\Temp\ccVw9ECP.s 			page 58


 108:Middlewares/ST/STM32_USB_Device_Library/Core/Src/usbd_ctlreq.c ****   {
 1346              		.loc 1 108 3 view .LVU474
 1347 0008 202C     		cmp	r4, #32
 1348 000a 06D0     		beq	.L94
 1349 000c 402C     		cmp	r4, #64
 1350 000e 04D0     		beq	.L94
 1351 0010 6CB1     		cbz	r4, .L95
 153:Middlewares/ST/STM32_USB_Device_Library/Core/Src/usbd_ctlreq.c ****       break;
 1352              		.loc 1 153 7 is_stmt 1 view .LVU475
 1353 0012 FFF7FEFF 		bl	USBD_CtlError
 1354              	.LVL178:
 154:Middlewares/ST/STM32_USB_Device_Library/Core/Src/usbd_ctlreq.c ****   }
 1355              		.loc 1 154 7 view .LVU476
 106:Middlewares/ST/STM32_USB_Device_Library/Core/Src/usbd_ctlreq.c **** 
 1356              		.loc 1 106 22 is_stmt 0 view .LVU477
 1357 0016 0024     		movs	r4, #0
 154:Middlewares/ST/STM32_USB_Device_Library/Core/Src/usbd_ctlreq.c ****   }
 1358              		.loc 1 154 7 view .LVU478
 1359 0018 07E0     		b	.L97
 1360              	.LVL179:
 1361              	.L94:
 112:Middlewares/ST/STM32_USB_Device_Library/Core/Src/usbd_ctlreq.c ****       break;
 1362              		.loc 1 112 7 is_stmt 1 view .LVU479
 112:Middlewares/ST/STM32_USB_Device_Library/Core/Src/usbd_ctlreq.c ****       break;
 1363              		.loc 1 112 50 is_stmt 0 view .LVU480
 1364 001a D0F8D432 		ldr	r3, [r0, #724]
 112:Middlewares/ST/STM32_USB_Device_Library/Core/Src/usbd_ctlreq.c ****       break;
 1365              		.loc 1 112 45 view .LVU481
 1366 001e AE33     		adds	r3, r3, #174
 1367 0020 50F82330 		ldr	r3, [r0, r3, lsl #2]
 112:Middlewares/ST/STM32_USB_Device_Library/Core/Src/usbd_ctlreq.c ****       break;
 1368              		.loc 1 112 60 view .LVU482
 1369 0024 9B68     		ldr	r3, [r3, #8]
 112:Middlewares/ST/STM32_USB_Device_Library/Core/Src/usbd_ctlreq.c ****       break;
 1370              		.loc 1 112 33 view .LVU483
 1371 0026 9847     		blx	r3
 1372              	.LVL180:
 112:Middlewares/ST/STM32_USB_Device_Library/Core/Src/usbd_ctlreq.c ****       break;
 1373              		.loc 1 112 33 view .LVU484
 1374 0028 0446     		mov	r4, r0
 1375              	.LVL181:
 113:Middlewares/ST/STM32_USB_Device_Library/Core/Src/usbd_ctlreq.c **** 
 1376              		.loc 1 113 7 is_stmt 1 view .LVU485
 1377              	.L97:
 157:Middlewares/ST/STM32_USB_Device_Library/Core/Src/usbd_ctlreq.c **** }
 1378              		.loc 1 157 3 view .LVU486
 158:Middlewares/ST/STM32_USB_Device_Library/Core/Src/usbd_ctlreq.c **** 
 1379              		.loc 1 158 1 is_stmt 0 view .LVU487
 1380 002a 2046     		mov	r0, r4
 1381 002c 38BD     		pop	{r3, r4, r5, pc}
 1382              	.LVL182:
 1383              	.L95:
 116:Middlewares/ST/STM32_USB_Device_Library/Core/Src/usbd_ctlreq.c ****       {
 1384              		.loc 1 116 7 is_stmt 1 view .LVU488
 116:Middlewares/ST/STM32_USB_Device_Library/Core/Src/usbd_ctlreq.c ****       {
 1385              		.loc 1 116 18 is_stmt 0 view .LVU489
 1386 002e 4B78     		ldrb	r3, [r1, #1]	@ zero_extendqisi2
ARM GAS  C:\Users\Nathan\AppData\Local\Temp\ccVw9ECP.s 			page 59


 1387 0030 1D46     		mov	r5, r3
 116:Middlewares/ST/STM32_USB_Device_Library/Core/Src/usbd_ctlreq.c ****       {
 1388              		.loc 1 116 7 view .LVU490
 1389 0032 052B     		cmp	r3, #5
 1390 0034 12D0     		beq	.L98
 1391 0036 08D8     		bhi	.L99
 1392 0038 012B     		cmp	r3, #1
 1393 003a 1CD0     		beq	.L100
 1394 003c 032B     		cmp	r3, #3
 1395 003e 17D0     		beq	.L101
 1396 0040 E3B9     		cbnz	r3, .L103
 135:Middlewares/ST/STM32_USB_Device_Library/Core/Src/usbd_ctlreq.c ****           break;
 1397              		.loc 1 135 11 is_stmt 1 view .LVU491
 1398 0042 FFF7FEFF 		bl	USBD_GetStatus
 1399              	.LVL183:
 136:Middlewares/ST/STM32_USB_Device_Library/Core/Src/usbd_ctlreq.c **** 
 1400              		.loc 1 136 11 view .LVU492
 106:Middlewares/ST/STM32_USB_Device_Library/Core/Src/usbd_ctlreq.c **** 
 1401              		.loc 1 106 22 is_stmt 0 view .LVU493
 1402 0046 2C46     		mov	r4, r5
 136:Middlewares/ST/STM32_USB_Device_Library/Core/Src/usbd_ctlreq.c **** 
 1403              		.loc 1 136 11 view .LVU494
 1404 0048 EFE7     		b	.L97
 1405              	.LVL184:
 1406              	.L99:
 116:Middlewares/ST/STM32_USB_Device_Library/Core/Src/usbd_ctlreq.c ****       {
 1407              		.loc 1 116 7 view .LVU495
 1408 004a 082B     		cmp	r3, #8
 1409 004c 0DD0     		beq	.L104
 1410 004e 092B     		cmp	r3, #9
 1411 0050 07D0     		beq	.L105
 1412 0052 062B     		cmp	r3, #6
 1413 0054 12D1     		bne	.L103
 119:Middlewares/ST/STM32_USB_Device_Library/Core/Src/usbd_ctlreq.c ****           break;
 1414              		.loc 1 119 11 is_stmt 1 view .LVU496
 1415 0056 FFF7FEFF 		bl	USBD_GetDescriptor
 1416              	.LVL185:
 120:Middlewares/ST/STM32_USB_Device_Library/Core/Src/usbd_ctlreq.c **** 
 1417              		.loc 1 120 11 view .LVU497
 1418 005a E6E7     		b	.L97
 1419              	.LVL186:
 1420              	.L98:
 123:Middlewares/ST/STM32_USB_Device_Library/Core/Src/usbd_ctlreq.c ****           break;
 1421              		.loc 1 123 11 view .LVU498
 1422 005c FFF7FEFF 		bl	USBD_SetAddress
 1423              	.LVL187:
 124:Middlewares/ST/STM32_USB_Device_Library/Core/Src/usbd_ctlreq.c **** 
 1424              		.loc 1 124 11 view .LVU499
 1425 0060 E3E7     		b	.L97
 1426              	.LVL188:
 1427              	.L105:
 127:Middlewares/ST/STM32_USB_Device_Library/Core/Src/usbd_ctlreq.c ****           break;
 1428              		.loc 1 127 11 view .LVU500
 127:Middlewares/ST/STM32_USB_Device_Library/Core/Src/usbd_ctlreq.c ****           break;
 1429              		.loc 1 127 17 is_stmt 0 view .LVU501
 1430 0062 FFF7FEFF 		bl	USBD_SetConfig
 1431              	.LVL189:
ARM GAS  C:\Users\Nathan\AppData\Local\Temp\ccVw9ECP.s 			page 60


 127:Middlewares/ST/STM32_USB_Device_Library/Core/Src/usbd_ctlreq.c ****           break;
 1432              		.loc 1 127 17 view .LVU502
 1433 0066 0446     		mov	r4, r0
 1434              	.LVL190:
 128:Middlewares/ST/STM32_USB_Device_Library/Core/Src/usbd_ctlreq.c **** 
 1435              		.loc 1 128 11 is_stmt 1 view .LVU503
 1436 0068 DFE7     		b	.L97
 1437              	.LVL191:
 1438              	.L104:
 131:Middlewares/ST/STM32_USB_Device_Library/Core/Src/usbd_ctlreq.c ****           break;
 1439              		.loc 1 131 11 view .LVU504
 1440 006a FFF7FEFF 		bl	USBD_GetConfig
 1441              	.LVL192:
 132:Middlewares/ST/STM32_USB_Device_Library/Core/Src/usbd_ctlreq.c **** 
 1442              		.loc 1 132 11 view .LVU505
 1443 006e DCE7     		b	.L97
 1444              	.LVL193:
 1445              	.L101:
 139:Middlewares/ST/STM32_USB_Device_Library/Core/Src/usbd_ctlreq.c ****           break;
 1446              		.loc 1 139 11 view .LVU506
 1447 0070 FFF7FEFF 		bl	USBD_SetFeature
 1448              	.LVL194:
 140:Middlewares/ST/STM32_USB_Device_Library/Core/Src/usbd_ctlreq.c **** 
 1449              		.loc 1 140 11 view .LVU507
 1450 0074 D9E7     		b	.L97
 1451              	.LVL195:
 1452              	.L100:
 143:Middlewares/ST/STM32_USB_Device_Library/Core/Src/usbd_ctlreq.c ****           break;
 1453              		.loc 1 143 11 view .LVU508
 1454 0076 FFF7FEFF 		bl	USBD_ClrFeature
 1455              	.LVL196:
 144:Middlewares/ST/STM32_USB_Device_Library/Core/Src/usbd_ctlreq.c **** 
 1456              		.loc 1 144 11 view .LVU509
 1457 007a D6E7     		b	.L97
 1458              	.LVL197:
 1459              	.L103:
 147:Middlewares/ST/STM32_USB_Device_Library/Core/Src/usbd_ctlreq.c ****           break;
 1460              		.loc 1 147 11 view .LVU510
 1461 007c FFF7FEFF 		bl	USBD_CtlError
 1462              	.LVL198:
 148:Middlewares/ST/STM32_USB_Device_Library/Core/Src/usbd_ctlreq.c ****       }
 1463              		.loc 1 148 11 view .LVU511
 1464 0080 D3E7     		b	.L97
 1465              		.cfi_endproc
 1466              	.LFE954:
 1468              		.section	.text.USBD_StdItfReq,"ax",%progbits
 1469              		.align	1
 1470              		.global	USBD_StdItfReq
 1471              		.syntax unified
 1472              		.thumb
 1473              		.thumb_func
 1475              	USBD_StdItfReq:
 1476              	.LVL199:
 1477              	.LFB955:
 168:Middlewares/ST/STM32_USB_Device_Library/Core/Src/usbd_ctlreq.c ****   USBD_StatusTypeDef ret = USBD_OK;
 1478              		.loc 1 168 1 view -0
 1479              		.cfi_startproc
ARM GAS  C:\Users\Nathan\AppData\Local\Temp\ccVw9ECP.s 			page 61


 1480              		@ args = 0, pretend = 0, frame = 0
 1481              		@ frame_needed = 0, uses_anonymous_args = 0
 168:Middlewares/ST/STM32_USB_Device_Library/Core/Src/usbd_ctlreq.c ****   USBD_StatusTypeDef ret = USBD_OK;
 1482              		.loc 1 168 1 is_stmt 0 view .LVU513
 1483 0000 70B5     		push	{r4, r5, r6, lr}
 1484              		.cfi_def_cfa_offset 16
 1485              		.cfi_offset 4, -16
 1486              		.cfi_offset 5, -12
 1487              		.cfi_offset 6, -8
 1488              		.cfi_offset 14, -4
 1489 0002 0546     		mov	r5, r0
 1490 0004 0C46     		mov	r4, r1
 169:Middlewares/ST/STM32_USB_Device_Library/Core/Src/usbd_ctlreq.c ****   uint8_t idx;
 1491              		.loc 1 169 3 is_stmt 1 view .LVU514
 1492              	.LVL200:
 170:Middlewares/ST/STM32_USB_Device_Library/Core/Src/usbd_ctlreq.c **** 
 1493              		.loc 1 170 3 view .LVU515
 172:Middlewares/ST/STM32_USB_Device_Library/Core/Src/usbd_ctlreq.c ****   {
 1494              		.loc 1 172 3 view .LVU516
 172:Middlewares/ST/STM32_USB_Device_Library/Core/Src/usbd_ctlreq.c ****   {
 1495              		.loc 1 172 14 is_stmt 0 view .LVU517
 1496 0006 0B78     		ldrb	r3, [r1]	@ zero_extendqisi2
 1497 0008 03F06003 		and	r3, r3, #96
 172:Middlewares/ST/STM32_USB_Device_Library/Core/Src/usbd_ctlreq.c ****   {
 1498              		.loc 1 172 3 view .LVU518
 1499 000c 202B     		cmp	r3, #32
 1500 000e 08D0     		beq	.L109
 1501 0010 402B     		cmp	r3, #64
 1502 0012 06D0     		beq	.L109
 1503 0014 2BB1     		cbz	r3, .L109
 225:Middlewares/ST/STM32_USB_Device_Library/Core/Src/usbd_ctlreq.c ****       break;
 1504              		.loc 1 225 7 is_stmt 1 view .LVU519
 1505 0016 FFF7FEFF 		bl	USBD_CtlError
 1506              	.LVL201:
 226:Middlewares/ST/STM32_USB_Device_Library/Core/Src/usbd_ctlreq.c ****   }
 1507              		.loc 1 226 7 view .LVU520
 169:Middlewares/ST/STM32_USB_Device_Library/Core/Src/usbd_ctlreq.c ****   uint8_t idx;
 1508              		.loc 1 169 22 is_stmt 0 view .LVU521
 1509 001a 0023     		movs	r3, #0
 1510 001c 1E46     		mov	r6, r3
 1511              	.LVL202:
 1512              	.L114:
 229:Middlewares/ST/STM32_USB_Device_Library/Core/Src/usbd_ctlreq.c **** }
 1513              		.loc 1 229 3 is_stmt 1 view .LVU522
 230:Middlewares/ST/STM32_USB_Device_Library/Core/Src/usbd_ctlreq.c **** 
 1514              		.loc 1 230 1 is_stmt 0 view .LVU523
 1515 001e 3046     		mov	r0, r6
 1516 0020 70BD     		pop	{r4, r5, r6, pc}
 1517              	.LVL203:
 1518              	.L109:
 177:Middlewares/ST/STM32_USB_Device_Library/Core/Src/usbd_ctlreq.c ****       {
 1519              		.loc 1 177 7 is_stmt 1 view .LVU524
 177:Middlewares/ST/STM32_USB_Device_Library/Core/Src/usbd_ctlreq.c ****       {
 1520              		.loc 1 177 19 is_stmt 0 view .LVU525
 1521 0022 95F89C32 		ldrb	r3, [r5, #668]	@ zero_extendqisi2
 177:Middlewares/ST/STM32_USB_Device_Library/Core/Src/usbd_ctlreq.c ****       {
 1522              		.loc 1 177 7 view .LVU526
ARM GAS  C:\Users\Nathan\AppData\Local\Temp\ccVw9ECP.s 			page 62


 1523 0026 013B     		subs	r3, r3, #1
 1524 0028 022B     		cmp	r3, #2
 1525 002a 2AD8     		bhi	.L111
 183:Middlewares/ST/STM32_USB_Device_Library/Core/Src/usbd_ctlreq.c ****           {
 1526              		.loc 1 183 11 is_stmt 1 view .LVU527
 183:Middlewares/ST/STM32_USB_Device_Library/Core/Src/usbd_ctlreq.c ****           {
 1527              		.loc 1 183 15 is_stmt 0 view .LVU528
 1528 002c 2179     		ldrb	r1, [r4, #4]	@ zero_extendqisi2
 1529              	.LVL204:
 183:Middlewares/ST/STM32_USB_Device_Library/Core/Src/usbd_ctlreq.c ****           {
 1530              		.loc 1 183 14 view .LVU529
 1531 002e 0129     		cmp	r1, #1
 1532 0030 06D9     		bls	.L118
 214:Middlewares/ST/STM32_USB_Device_Library/Core/Src/usbd_ctlreq.c ****           }
 1533              		.loc 1 214 13 is_stmt 1 view .LVU530
 1534 0032 2146     		mov	r1, r4
 1535 0034 2846     		mov	r0, r5
 1536              	.LVL205:
 214:Middlewares/ST/STM32_USB_Device_Library/Core/Src/usbd_ctlreq.c ****           }
 1537              		.loc 1 214 13 is_stmt 0 view .LVU531
 1538 0036 FFF7FEFF 		bl	USBD_CtlError
 1539              	.LVL206:
 169:Middlewares/ST/STM32_USB_Device_Library/Core/Src/usbd_ctlreq.c ****   uint8_t idx;
 1540              		.loc 1 169 22 view .LVU532
 1541 003a 0023     		movs	r3, #0
 1542 003c 1E46     		mov	r6, r3
 1543 003e EEE7     		b	.L114
 1544              	.LVL207:
 1545              	.L118:
 186:Middlewares/ST/STM32_USB_Device_Library/Core/Src/usbd_ctlreq.c ****             if (((uint8_t)idx != 0xFFU) && (idx < USBD_MAX_SUPPORTED_CLASS))
 1546              		.loc 1 186 13 is_stmt 1 view .LVU533
 186:Middlewares/ST/STM32_USB_Device_Library/Core/Src/usbd_ctlreq.c ****             if (((uint8_t)idx != 0xFFU) && (idx < USBD_MAX_SUPPORTED_CLASS))
 1547              		.loc 1 186 19 is_stmt 0 view .LVU534
 1548 0040 2846     		mov	r0, r5
 1549              	.LVL208:
 186:Middlewares/ST/STM32_USB_Device_Library/Core/Src/usbd_ctlreq.c ****             if (((uint8_t)idx != 0xFFU) && (idx < USBD_MAX_SUPPORTED_CLASS))
 1550              		.loc 1 186 19 view .LVU535
 1551 0042 FFF7FEFF 		bl	USBD_CoreFindIF
 1552              	.LVL209:
 187:Middlewares/ST/STM32_USB_Device_Library/Core/Src/usbd_ctlreq.c ****             {
 1553              		.loc 1 187 13 is_stmt 1 view .LVU536
 187:Middlewares/ST/STM32_USB_Device_Library/Core/Src/usbd_ctlreq.c ****             {
 1554              		.loc 1 187 16 is_stmt 0 view .LVU537
 1555 0046 0346     		mov	r3, r0
 1556 0048 68B9     		cbnz	r0, .L115
 190:Middlewares/ST/STM32_USB_Device_Library/Core/Src/usbd_ctlreq.c ****               {
 1557              		.loc 1 190 15 is_stmt 1 view .LVU538
 190:Middlewares/ST/STM32_USB_Device_Library/Core/Src/usbd_ctlreq.c ****               {
 1558              		.loc 1 190 31 is_stmt 0 view .LVU539
 1559 004a 00F1AE02 		add	r2, r0, #174
 1560 004e 2846     		mov	r0, r5
 1561              	.LVL210:
 190:Middlewares/ST/STM32_USB_Device_Library/Core/Src/usbd_ctlreq.c ****               {
 1562              		.loc 1 190 31 view .LVU540
 1563 0050 55F82220 		ldr	r2, [r5, r2, lsl #2]
 190:Middlewares/ST/STM32_USB_Device_Library/Core/Src/usbd_ctlreq.c ****               {
 1564              		.loc 1 190 36 view .LVU541
ARM GAS  C:\Users\Nathan\AppData\Local\Temp\ccVw9ECP.s 			page 63


 1565 0054 9168     		ldr	r1, [r2, #8]
 190:Middlewares/ST/STM32_USB_Device_Library/Core/Src/usbd_ctlreq.c ****               {
 1566              		.loc 1 190 18 view .LVU542
 1567 0056 89B1     		cbz	r1, .L116
 1568              	.LVL211:
 192:Middlewares/ST/STM32_USB_Device_Library/Core/Src/usbd_ctlreq.c ****                 ret = (USBD_StatusTypeDef)(pdev->pClass[idx]->Setup(pdev, req));
 1569              		.loc 1 192 17 is_stmt 1 view .LVU543
 192:Middlewares/ST/STM32_USB_Device_Library/Core/Src/usbd_ctlreq.c ****                 ret = (USBD_StatusTypeDef)(pdev->pClass[idx]->Setup(pdev, req));
 1570              		.loc 1 192 31 is_stmt 0 view .LVU544
 1571 0058 C5F8D432 		str	r3, [r5, #724]
 193:Middlewares/ST/STM32_USB_Device_Library/Core/Src/usbd_ctlreq.c ****               }
 1572              		.loc 1 193 17 is_stmt 1 view .LVU545
 193:Middlewares/ST/STM32_USB_Device_Library/Core/Src/usbd_ctlreq.c ****               }
 1573              		.loc 1 193 61 is_stmt 0 view .LVU546
 1574 005c 9368     		ldr	r3, [r2, #8]
 1575              	.LVL212:
 193:Middlewares/ST/STM32_USB_Device_Library/Core/Src/usbd_ctlreq.c ****               }
 1576              		.loc 1 193 44 view .LVU547
 1577 005e 2146     		mov	r1, r4
 1578 0060 9847     		blx	r3
 1579              	.LVL213:
 193:Middlewares/ST/STM32_USB_Device_Library/Core/Src/usbd_ctlreq.c ****               }
 1580              		.loc 1 193 44 view .LVU548
 1581 0062 0646     		mov	r6, r0
 1582              	.LVL214:
 193:Middlewares/ST/STM32_USB_Device_Library/Core/Src/usbd_ctlreq.c ****               }
 1583              		.loc 1 193 44 view .LVU549
 1584 0064 01E0     		b	.L113
 1585              	.LVL215:
 1586              	.L115:
 204:Middlewares/ST/STM32_USB_Device_Library/Core/Src/usbd_ctlreq.c ****             }
 1587              		.loc 1 204 19 view .LVU550
 1588 0066 0323     		movs	r3, #3
 1589 0068 1E46     		mov	r6, r3
 1590              	.LVL216:
 1591              	.L113:
 207:Middlewares/ST/STM32_USB_Device_Library/Core/Src/usbd_ctlreq.c ****             {
 1592              		.loc 1 207 13 is_stmt 1 view .LVU551
 207:Middlewares/ST/STM32_USB_Device_Library/Core/Src/usbd_ctlreq.c ****             {
 1593              		.loc 1 207 21 is_stmt 0 view .LVU552
 1594 006a E388     		ldrh	r3, [r4, #6]
 207:Middlewares/ST/STM32_USB_Device_Library/Core/Src/usbd_ctlreq.c ****             {
 1595              		.loc 1 207 16 view .LVU553
 1596 006c 002B     		cmp	r3, #0
 1597 006e D6D1     		bne	.L114
 207:Middlewares/ST/STM32_USB_Device_Library/Core/Src/usbd_ctlreq.c ****             {
 1598              		.loc 1 207 38 discriminator 1 view .LVU554
 1599 0070 002E     		cmp	r6, #0
 1600 0072 D4D1     		bne	.L114
 209:Middlewares/ST/STM32_USB_Device_Library/Core/Src/usbd_ctlreq.c ****             }
 1601              		.loc 1 209 15 is_stmt 1 view .LVU555
 209:Middlewares/ST/STM32_USB_Device_Library/Core/Src/usbd_ctlreq.c ****             }
 1602              		.loc 1 209 21 is_stmt 0 view .LVU556
 1603 0074 2846     		mov	r0, r5
 1604 0076 FFF7FEFF 		bl	USBD_CtlSendStatus
 1605              	.LVL217:
 1606 007a D0E7     		b	.L114
ARM GAS  C:\Users\Nathan\AppData\Local\Temp\ccVw9ECP.s 			page 64


 1607              	.LVL218:
 1608              	.L116:
 198:Middlewares/ST/STM32_USB_Device_Library/Core/Src/usbd_ctlreq.c ****               }
 1609              		.loc 1 198 21 view .LVU557
 1610 007c 0323     		movs	r3, #3
 1611              	.LVL219:
 198:Middlewares/ST/STM32_USB_Device_Library/Core/Src/usbd_ctlreq.c ****               }
 1612              		.loc 1 198 21 view .LVU558
 1613 007e 1E46     		mov	r6, r3
 1614 0080 F3E7     		b	.L113
 1615              	.LVL220:
 1616              	.L111:
 219:Middlewares/ST/STM32_USB_Device_Library/Core/Src/usbd_ctlreq.c ****           break;
 1617              		.loc 1 219 11 is_stmt 1 view .LVU559
 1618 0082 2146     		mov	r1, r4
 1619              	.LVL221:
 219:Middlewares/ST/STM32_USB_Device_Library/Core/Src/usbd_ctlreq.c ****           break;
 1620              		.loc 1 219 11 is_stmt 0 view .LVU560
 1621 0084 2846     		mov	r0, r5
 1622              	.LVL222:
 219:Middlewares/ST/STM32_USB_Device_Library/Core/Src/usbd_ctlreq.c ****           break;
 1623              		.loc 1 219 11 view .LVU561
 1624 0086 FFF7FEFF 		bl	USBD_CtlError
 1625              	.LVL223:
 220:Middlewares/ST/STM32_USB_Device_Library/Core/Src/usbd_ctlreq.c ****       }
 1626              		.loc 1 220 11 is_stmt 1 view .LVU562
 169:Middlewares/ST/STM32_USB_Device_Library/Core/Src/usbd_ctlreq.c ****   uint8_t idx;
 1627              		.loc 1 169 22 is_stmt 0 view .LVU563
 1628 008a 0023     		movs	r3, #0
 1629 008c 1E46     		mov	r6, r3
 220:Middlewares/ST/STM32_USB_Device_Library/Core/Src/usbd_ctlreq.c ****       }
 1630              		.loc 1 220 11 view .LVU564
 1631 008e C6E7     		b	.L114
 1632              		.cfi_endproc
 1633              	.LFE955:
 1635              		.section	.text.USBD_StdEPReq,"ax",%progbits
 1636              		.align	1
 1637              		.global	USBD_StdEPReq
 1638              		.syntax unified
 1639              		.thumb
 1640              		.thumb_func
 1642              	USBD_StdEPReq:
 1643              	.LVL224:
 1644              	.LFB956:
 240:Middlewares/ST/STM32_USB_Device_Library/Core/Src/usbd_ctlreq.c ****   USBD_EndpointTypeDef *pep;
 1645              		.loc 1 240 1 is_stmt 1 view -0
 1646              		.cfi_startproc
 1647              		@ args = 0, pretend = 0, frame = 0
 1648              		@ frame_needed = 0, uses_anonymous_args = 0
 240:Middlewares/ST/STM32_USB_Device_Library/Core/Src/usbd_ctlreq.c ****   USBD_EndpointTypeDef *pep;
 1649              		.loc 1 240 1 is_stmt 0 view .LVU566
 1650 0000 2DE9F041 		push	{r4, r5, r6, r7, r8, lr}
 1651              		.cfi_def_cfa_offset 24
 1652              		.cfi_offset 4, -24
 1653              		.cfi_offset 5, -20
 1654              		.cfi_offset 6, -16
 1655              		.cfi_offset 7, -12
ARM GAS  C:\Users\Nathan\AppData\Local\Temp\ccVw9ECP.s 			page 65


 1656              		.cfi_offset 8, -8
 1657              		.cfi_offset 14, -4
 1658 0004 0646     		mov	r6, r0
 1659 0006 0D46     		mov	r5, r1
 241:Middlewares/ST/STM32_USB_Device_Library/Core/Src/usbd_ctlreq.c ****   uint8_t ep_addr;
 1660              		.loc 1 241 3 is_stmt 1 view .LVU567
 242:Middlewares/ST/STM32_USB_Device_Library/Core/Src/usbd_ctlreq.c ****   uint8_t idx;
 1661              		.loc 1 242 3 view .LVU568
 243:Middlewares/ST/STM32_USB_Device_Library/Core/Src/usbd_ctlreq.c ****   USBD_StatusTypeDef ret = USBD_OK;
 1662              		.loc 1 243 3 view .LVU569
 244:Middlewares/ST/STM32_USB_Device_Library/Core/Src/usbd_ctlreq.c **** 
 1663              		.loc 1 244 3 view .LVU570
 1664              	.LVL225:
 246:Middlewares/ST/STM32_USB_Device_Library/Core/Src/usbd_ctlreq.c **** 
 1665              		.loc 1 246 3 view .LVU571
 246:Middlewares/ST/STM32_USB_Device_Library/Core/Src/usbd_ctlreq.c **** 
 1666              		.loc 1 246 13 is_stmt 0 view .LVU572
 1667 0008 8B88     		ldrh	r3, [r1, #4]
 246:Middlewares/ST/STM32_USB_Device_Library/Core/Src/usbd_ctlreq.c **** 
 1668              		.loc 1 246 11 view .LVU573
 1669 000a DAB2     		uxtb	r2, r3
 1670 000c 1746     		mov	r7, r2
 1671              	.LVL226:
 248:Middlewares/ST/STM32_USB_Device_Library/Core/Src/usbd_ctlreq.c ****   {
 1672              		.loc 1 248 3 is_stmt 1 view .LVU574
 248:Middlewares/ST/STM32_USB_Device_Library/Core/Src/usbd_ctlreq.c ****   {
 1673              		.loc 1 248 14 is_stmt 0 view .LVU575
 1674 000e 0C78     		ldrb	r4, [r1]	@ zero_extendqisi2
 1675 0010 04F06004 		and	r4, r4, #96
 248:Middlewares/ST/STM32_USB_Device_Library/Core/Src/usbd_ctlreq.c ****   {
 1676              		.loc 1 248 3 view .LVU576
 1677 0014 202C     		cmp	r4, #32
 1678 0016 08D0     		beq	.L120
 1679 0018 402C     		cmp	r4, #64
 1680 001a 06D0     		beq	.L120
 1681 001c DCB1     		cbz	r4, .L121
 413:Middlewares/ST/STM32_USB_Device_Library/Core/Src/usbd_ctlreq.c ****       break;
 1682              		.loc 1 413 7 is_stmt 1 view .LVU577
 1683 001e FFF7FEFF 		bl	USBD_CtlError
 1684              	.LVL227:
 414:Middlewares/ST/STM32_USB_Device_Library/Core/Src/usbd_ctlreq.c ****   }
 1685              		.loc 1 414 7 view .LVU578
 244:Middlewares/ST/STM32_USB_Device_Library/Core/Src/usbd_ctlreq.c **** 
 1686              		.loc 1 244 22 is_stmt 0 view .LVU579
 1687 0022 0024     		movs	r4, #0
 1688              	.LVL228:
 1689              	.L123:
 417:Middlewares/ST/STM32_USB_Device_Library/Core/Src/usbd_ctlreq.c **** }
 1690              		.loc 1 417 3 is_stmt 1 view .LVU580
 418:Middlewares/ST/STM32_USB_Device_Library/Core/Src/usbd_ctlreq.c **** 
 1691              		.loc 1 418 1 is_stmt 0 view .LVU581
 1692 0024 2046     		mov	r0, r4
 1693 0026 BDE8F081 		pop	{r4, r5, r6, r7, r8, pc}
 1694              	.LVL229:
 1695              	.L120:
 253:Middlewares/ST/STM32_USB_Device_Library/Core/Src/usbd_ctlreq.c ****       if (((uint8_t)idx != 0xFFU) && (idx < USBD_MAX_SUPPORTED_CLASS))
 1696              		.loc 1 253 7 is_stmt 1 view .LVU582
ARM GAS  C:\Users\Nathan\AppData\Local\Temp\ccVw9ECP.s 			page 66


 253:Middlewares/ST/STM32_USB_Device_Library/Core/Src/usbd_ctlreq.c ****       if (((uint8_t)idx != 0xFFU) && (idx < USBD_MAX_SUPPORTED_CLASS))
 1697              		.loc 1 253 13 is_stmt 0 view .LVU583
 1698 002a 3946     		mov	r1, r7
 1699              	.LVL230:
 253:Middlewares/ST/STM32_USB_Device_Library/Core/Src/usbd_ctlreq.c ****       if (((uint8_t)idx != 0xFFU) && (idx < USBD_MAX_SUPPORTED_CLASS))
 1700              		.loc 1 253 13 view .LVU584
 1701 002c 3046     		mov	r0, r6
 1702              	.LVL231:
 253:Middlewares/ST/STM32_USB_Device_Library/Core/Src/usbd_ctlreq.c ****       if (((uint8_t)idx != 0xFFU) && (idx < USBD_MAX_SUPPORTED_CLASS))
 1703              		.loc 1 253 13 view .LVU585
 1704 002e FFF7FEFF 		bl	USBD_CoreFindEP
 1705              	.LVL232:
 254:Middlewares/ST/STM32_USB_Device_Library/Core/Src/usbd_ctlreq.c ****       {
 1706              		.loc 1 254 7 is_stmt 1 view .LVU586
 254:Middlewares/ST/STM32_USB_Device_Library/Core/Src/usbd_ctlreq.c ****       {
 1707              		.loc 1 254 10 is_stmt 0 view .LVU587
 1708 0032 0446     		mov	r4, r0
 1709 0034 0028     		cmp	r0, #0
 1710 0036 40F0FB80 		bne	.L152
 256:Middlewares/ST/STM32_USB_Device_Library/Core/Src/usbd_ctlreq.c ****         /* Call the class data out function to manage the request */
 1711              		.loc 1 256 9 is_stmt 1 view .LVU588
 256:Middlewares/ST/STM32_USB_Device_Library/Core/Src/usbd_ctlreq.c ****         /* Call the class data out function to manage the request */
 1712              		.loc 1 256 23 is_stmt 0 view .LVU589
 1713 003a 3046     		mov	r0, r6
 1714              	.LVL233:
 256:Middlewares/ST/STM32_USB_Device_Library/Core/Src/usbd_ctlreq.c ****         /* Call the class data out function to manage the request */
 1715              		.loc 1 256 23 view .LVU590
 1716 003c C6F8D442 		str	r4, [r6, #724]
 258:Middlewares/ST/STM32_USB_Device_Library/Core/Src/usbd_ctlreq.c ****         {
 1717              		.loc 1 258 9 is_stmt 1 view .LVU591
 258:Middlewares/ST/STM32_USB_Device_Library/Core/Src/usbd_ctlreq.c ****         {
 1718              		.loc 1 258 25 is_stmt 0 view .LVU592
 1719 0040 04F1AE03 		add	r3, r4, #174
 1720 0044 56F82330 		ldr	r3, [r6, r3, lsl #2]
 258:Middlewares/ST/STM32_USB_Device_Library/Core/Src/usbd_ctlreq.c ****         {
 1721              		.loc 1 258 30 view .LVU593
 1722 0048 9B68     		ldr	r3, [r3, #8]
 258:Middlewares/ST/STM32_USB_Device_Library/Core/Src/usbd_ctlreq.c ****         {
 1723              		.loc 1 258 12 view .LVU594
 1724 004a 002B     		cmp	r3, #0
 1725 004c EAD0     		beq	.L123
 1726              	.LVL234:
 260:Middlewares/ST/STM32_USB_Device_Library/Core/Src/usbd_ctlreq.c ****         }
 1727              		.loc 1 260 11 is_stmt 1 view .LVU595
 260:Middlewares/ST/STM32_USB_Device_Library/Core/Src/usbd_ctlreq.c ****         }
 1728              		.loc 1 260 37 is_stmt 0 view .LVU596
 1729 004e 2946     		mov	r1, r5
 1730 0050 9847     		blx	r3
 1731              	.LVL235:
 260:Middlewares/ST/STM32_USB_Device_Library/Core/Src/usbd_ctlreq.c ****         }
 1732              		.loc 1 260 37 view .LVU597
 1733 0052 0446     		mov	r4, r0
 1734              	.LVL236:
 260:Middlewares/ST/STM32_USB_Device_Library/Core/Src/usbd_ctlreq.c ****         }
 1735              		.loc 1 260 37 view .LVU598
 1736 0054 E6E7     		b	.L123
 1737              	.LVL237:
ARM GAS  C:\Users\Nathan\AppData\Local\Temp\ccVw9ECP.s 			page 67


 1738              	.L121:
 266:Middlewares/ST/STM32_USB_Device_Library/Core/Src/usbd_ctlreq.c ****       {
 1739              		.loc 1 266 7 is_stmt 1 view .LVU599
 266:Middlewares/ST/STM32_USB_Device_Library/Core/Src/usbd_ctlreq.c ****       {
 1740              		.loc 1 266 18 is_stmt 0 view .LVU600
 1741 0056 4A78     		ldrb	r2, [r1, #1]	@ zero_extendqisi2
 1742 0058 9046     		mov	r8, r2
 266:Middlewares/ST/STM32_USB_Device_Library/Core/Src/usbd_ctlreq.c ****       {
 1743              		.loc 1 266 7 view .LVU601
 1744 005a 012A     		cmp	r2, #1
 1745 005c 2FD0     		beq	.L124
 1746 005e 032A     		cmp	r2, #3
 1747 0060 04D0     		beq	.L125
 1748 0062 002A     		cmp	r2, #0
 1749 0064 69D0     		beq	.L126
 407:Middlewares/ST/STM32_USB_Device_Library/Core/Src/usbd_ctlreq.c ****           break;
 1750              		.loc 1 407 11 is_stmt 1 view .LVU602
 1751 0066 FFF7FEFF 		bl	USBD_CtlError
 1752              	.LVL238:
 408:Middlewares/ST/STM32_USB_Device_Library/Core/Src/usbd_ctlreq.c ****       }
 1753              		.loc 1 408 11 view .LVU603
 1754 006a DBE7     		b	.L123
 1755              	.LVL239:
 1756              	.L125:
 269:Middlewares/ST/STM32_USB_Device_Library/Core/Src/usbd_ctlreq.c ****           {
 1757              		.loc 1 269 11 view .LVU604
 269:Middlewares/ST/STM32_USB_Device_Library/Core/Src/usbd_ctlreq.c ****           {
 1758              		.loc 1 269 23 is_stmt 0 view .LVU605
 1759 006c 90F89C32 		ldrb	r3, [r0, #668]	@ zero_extendqisi2
 1760 0070 DAB2     		uxtb	r2, r3
 269:Middlewares/ST/STM32_USB_Device_Library/Core/Src/usbd_ctlreq.c ****           {
 1761              		.loc 1 269 11 view .LVU606
 1762 0072 022B     		cmp	r3, #2
 1763 0074 04D0     		beq	.L128
 1764 0076 032A     		cmp	r2, #3
 1765 0078 12D0     		beq	.L129
 296:Middlewares/ST/STM32_USB_Device_Library/Core/Src/usbd_ctlreq.c ****               break;
 1766              		.loc 1 296 15 is_stmt 1 view .LVU607
 1767 007a FFF7FEFF 		bl	USBD_CtlError
 1768              	.LVL240:
 297:Middlewares/ST/STM32_USB_Device_Library/Core/Src/usbd_ctlreq.c ****           }
 1769              		.loc 1 297 15 view .LVU608
 1770 007e D1E7     		b	.L123
 1771              	.LVL241:
 1772              	.L128:
 272:Middlewares/ST/STM32_USB_Device_Library/Core/Src/usbd_ctlreq.c ****               {
 1773              		.loc 1 272 15 view .LVU609
 272:Middlewares/ST/STM32_USB_Device_Library/Core/Src/usbd_ctlreq.c ****               {
 1774              		.loc 1 272 18 is_stmt 0 view .LVU610
 1775 0080 3946     		mov	r1, r7
 1776              	.LVL242:
 272:Middlewares/ST/STM32_USB_Device_Library/Core/Src/usbd_ctlreq.c ****               {
 1777              		.loc 1 272 18 view .LVU611
 1778 0082 0FB1     		cbz	r7, .L131
 272:Middlewares/ST/STM32_USB_Device_Library/Core/Src/usbd_ctlreq.c ****               {
 1779              		.loc 1 272 38 discriminator 1 view .LVU612
 1780 0084 802F     		cmp	r7, #128
ARM GAS  C:\Users\Nathan\AppData\Local\Temp\ccVw9ECP.s 			page 68


 1781 0086 04D1     		bne	.L160
 1782              	.L131:
 279:Middlewares/ST/STM32_USB_Device_Library/Core/Src/usbd_ctlreq.c ****               }
 1783              		.loc 1 279 17 is_stmt 1 view .LVU613
 1784 0088 2946     		mov	r1, r5
 1785 008a 3046     		mov	r0, r6
 1786              	.LVL243:
 279:Middlewares/ST/STM32_USB_Device_Library/Core/Src/usbd_ctlreq.c ****               }
 1787              		.loc 1 279 17 is_stmt 0 view .LVU614
 1788 008c FFF7FEFF 		bl	USBD_CtlError
 1789              	.LVL244:
 1790 0090 C8E7     		b	.L123
 1791              	.LVL245:
 1792              	.L160:
 274:Middlewares/ST/STM32_USB_Device_Library/Core/Src/usbd_ctlreq.c ****                 (void)USBD_LL_StallEP(pdev, 0x80U);
 1793              		.loc 1 274 17 is_stmt 1 view .LVU615
 274:Middlewares/ST/STM32_USB_Device_Library/Core/Src/usbd_ctlreq.c ****                 (void)USBD_LL_StallEP(pdev, 0x80U);
 1794              		.loc 1 274 23 is_stmt 0 view .LVU616
 1795 0092 FFF7FEFF 		bl	USBD_LL_StallEP
 1796              	.LVL246:
 275:Middlewares/ST/STM32_USB_Device_Library/Core/Src/usbd_ctlreq.c ****               }
 1797              		.loc 1 275 17 is_stmt 1 view .LVU617
 275:Middlewares/ST/STM32_USB_Device_Library/Core/Src/usbd_ctlreq.c ****               }
 1798              		.loc 1 275 23 is_stmt 0 view .LVU618
 1799 0096 8021     		movs	r1, #128
 1800 0098 3046     		mov	r0, r6
 1801 009a FFF7FEFF 		bl	USBD_LL_StallEP
 1802              	.LVL247:
 275:Middlewares/ST/STM32_USB_Device_Library/Core/Src/usbd_ctlreq.c ****               }
 1803              		.loc 1 275 17 view .LVU619
 1804 009e C1E7     		b	.L123
 1805              	.LVL248:
 1806              	.L129:
 284:Middlewares/ST/STM32_USB_Device_Library/Core/Src/usbd_ctlreq.c ****               {
 1807              		.loc 1 284 15 is_stmt 1 view .LVU620
 284:Middlewares/ST/STM32_USB_Device_Library/Core/Src/usbd_ctlreq.c ****               {
 1808              		.loc 1 284 22 is_stmt 0 view .LVU621
 1809 00a0 4B88     		ldrh	r3, [r1, #2]
 284:Middlewares/ST/STM32_USB_Device_Library/Core/Src/usbd_ctlreq.c ****               {
 1810              		.loc 1 284 18 view .LVU622
 1811 00a2 23B9     		cbnz	r3, .L132
 286:Middlewares/ST/STM32_USB_Device_Library/Core/Src/usbd_ctlreq.c ****                 {
 1812              		.loc 1 286 17 is_stmt 1 view .LVU623
 286:Middlewares/ST/STM32_USB_Device_Library/Core/Src/usbd_ctlreq.c ****                 {
 1813              		.loc 1 286 20 is_stmt 0 view .LVU624
 1814 00a4 1FB1     		cbz	r7, .L132
 286:Middlewares/ST/STM32_USB_Device_Library/Core/Src/usbd_ctlreq.c ****                 {
 1815              		.loc 1 286 40 discriminator 1 view .LVU625
 1816 00a6 802F     		cmp	r7, #128
 1817 00a8 01D0     		beq	.L132
 286:Middlewares/ST/STM32_USB_Device_Library/Core/Src/usbd_ctlreq.c ****                 {
 1818              		.loc 1 286 69 discriminator 2 view .LVU626
 1819 00aa CB88     		ldrh	r3, [r1, #6]
 286:Middlewares/ST/STM32_USB_Device_Library/Core/Src/usbd_ctlreq.c ****                 {
 1820              		.loc 1 286 62 discriminator 2 view .LVU627
 1821 00ac 1BB1     		cbz	r3, .L161
 1822              	.LVL249:
ARM GAS  C:\Users\Nathan\AppData\Local\Temp\ccVw9ECP.s 			page 69


 1823              	.L132:
 291:Middlewares/ST/STM32_USB_Device_Library/Core/Src/usbd_ctlreq.c **** 
 1824              		.loc 1 291 15 is_stmt 1 view .LVU628
 291:Middlewares/ST/STM32_USB_Device_Library/Core/Src/usbd_ctlreq.c **** 
 1825              		.loc 1 291 21 is_stmt 0 view .LVU629
 1826 00ae 3046     		mov	r0, r6
 1827 00b0 FFF7FEFF 		bl	USBD_CtlSendStatus
 1828              	.LVL250:
 293:Middlewares/ST/STM32_USB_Device_Library/Core/Src/usbd_ctlreq.c **** 
 1829              		.loc 1 293 15 is_stmt 1 view .LVU630
 1830 00b4 B6E7     		b	.L123
 1831              	.LVL251:
 1832              	.L161:
 288:Middlewares/ST/STM32_USB_Device_Library/Core/Src/usbd_ctlreq.c ****                 }
 1833              		.loc 1 288 19 view .LVU631
 288:Middlewares/ST/STM32_USB_Device_Library/Core/Src/usbd_ctlreq.c ****                 }
 1834              		.loc 1 288 25 is_stmt 0 view .LVU632
 1835 00b6 3946     		mov	r1, r7
 1836              	.LVL252:
 288:Middlewares/ST/STM32_USB_Device_Library/Core/Src/usbd_ctlreq.c ****                 }
 1837              		.loc 1 288 25 view .LVU633
 1838 00b8 FFF7FEFF 		bl	USBD_LL_StallEP
 1839              	.LVL253:
 288:Middlewares/ST/STM32_USB_Device_Library/Core/Src/usbd_ctlreq.c ****                 }
 1840              		.loc 1 288 25 view .LVU634
 1841 00bc F7E7     		b	.L132
 1842              	.LVL254:
 1843              	.L124:
 303:Middlewares/ST/STM32_USB_Device_Library/Core/Src/usbd_ctlreq.c ****           {
 1844              		.loc 1 303 11 is_stmt 1 view .LVU635
 303:Middlewares/ST/STM32_USB_Device_Library/Core/Src/usbd_ctlreq.c ****           {
 1845              		.loc 1 303 23 is_stmt 0 view .LVU636
 1846 00be 90F89C22 		ldrb	r2, [r0, #668]	@ zero_extendqisi2
 1847 00c2 D1B2     		uxtb	r1, r2
 1848              	.LVL255:
 303:Middlewares/ST/STM32_USB_Device_Library/Core/Src/usbd_ctlreq.c ****           {
 1849              		.loc 1 303 11 view .LVU637
 1850 00c4 022A     		cmp	r2, #2
 1851 00c6 05D0     		beq	.L133
 1852 00c8 0329     		cmp	r1, #3
 1853 00ca 13D0     		beq	.L134
 341:Middlewares/ST/STM32_USB_Device_Library/Core/Src/usbd_ctlreq.c ****               break;
 1854              		.loc 1 341 15 is_stmt 1 view .LVU638
 1855 00cc 2946     		mov	r1, r5
 1856 00ce FFF7FEFF 		bl	USBD_CtlError
 1857              	.LVL256:
 342:Middlewares/ST/STM32_USB_Device_Library/Core/Src/usbd_ctlreq.c ****           }
 1858              		.loc 1 342 15 view .LVU639
 1859 00d2 A7E7     		b	.L123
 1860              	.LVL257:
 1861              	.L133:
 306:Middlewares/ST/STM32_USB_Device_Library/Core/Src/usbd_ctlreq.c ****               {
 1862              		.loc 1 306 15 view .LVU640
 306:Middlewares/ST/STM32_USB_Device_Library/Core/Src/usbd_ctlreq.c ****               {
 1863              		.loc 1 306 18 is_stmt 0 view .LVU641
 1864 00d4 3946     		mov	r1, r7
 1865 00d6 0FB1     		cbz	r7, .L136
ARM GAS  C:\Users\Nathan\AppData\Local\Temp\ccVw9ECP.s 			page 70


 306:Middlewares/ST/STM32_USB_Device_Library/Core/Src/usbd_ctlreq.c ****               {
 1866              		.loc 1 306 38 discriminator 1 view .LVU642
 1867 00d8 802F     		cmp	r7, #128
 1868 00da 04D1     		bne	.L162
 1869              	.L136:
 313:Middlewares/ST/STM32_USB_Device_Library/Core/Src/usbd_ctlreq.c ****               }
 1870              		.loc 1 313 17 is_stmt 1 view .LVU643
 1871 00dc 2946     		mov	r1, r5
 1872 00de 3046     		mov	r0, r6
 1873              	.LVL258:
 313:Middlewares/ST/STM32_USB_Device_Library/Core/Src/usbd_ctlreq.c ****               }
 1874              		.loc 1 313 17 is_stmt 0 view .LVU644
 1875 00e0 FFF7FEFF 		bl	USBD_CtlError
 1876              	.LVL259:
 1877 00e4 9EE7     		b	.L123
 1878              	.LVL260:
 1879              	.L162:
 308:Middlewares/ST/STM32_USB_Device_Library/Core/Src/usbd_ctlreq.c ****                 (void)USBD_LL_StallEP(pdev, 0x80U);
 1880              		.loc 1 308 17 is_stmt 1 view .LVU645
 308:Middlewares/ST/STM32_USB_Device_Library/Core/Src/usbd_ctlreq.c ****                 (void)USBD_LL_StallEP(pdev, 0x80U);
 1881              		.loc 1 308 23 is_stmt 0 view .LVU646
 1882 00e6 FFF7FEFF 		bl	USBD_LL_StallEP
 1883              	.LVL261:
 309:Middlewares/ST/STM32_USB_Device_Library/Core/Src/usbd_ctlreq.c ****               }
 1884              		.loc 1 309 17 is_stmt 1 view .LVU647
 309:Middlewares/ST/STM32_USB_Device_Library/Core/Src/usbd_ctlreq.c ****               }
 1885              		.loc 1 309 23 is_stmt 0 view .LVU648
 1886 00ea 8021     		movs	r1, #128
 1887 00ec 3046     		mov	r0, r6
 1888 00ee FFF7FEFF 		bl	USBD_LL_StallEP
 1889              	.LVL262:
 309:Middlewares/ST/STM32_USB_Device_Library/Core/Src/usbd_ctlreq.c ****               }
 1890              		.loc 1 309 17 view .LVU649
 1891 00f2 97E7     		b	.L123
 1892              	.LVL263:
 1893              	.L134:
 318:Middlewares/ST/STM32_USB_Device_Library/Core/Src/usbd_ctlreq.c ****               {
 1894              		.loc 1 318 15 is_stmt 1 view .LVU650
 318:Middlewares/ST/STM32_USB_Device_Library/Core/Src/usbd_ctlreq.c ****               {
 1895              		.loc 1 318 22 is_stmt 0 view .LVU651
 1896 00f4 6A88     		ldrh	r2, [r5, #2]
 318:Middlewares/ST/STM32_USB_Device_Library/Core/Src/usbd_ctlreq.c ****               {
 1897              		.loc 1 318 18 view .LVU652
 1898 00f6 002A     		cmp	r2, #0
 1899 00f8 94D1     		bne	.L123
 320:Middlewares/ST/STM32_USB_Device_Library/Core/Src/usbd_ctlreq.c ****                 {
 1900              		.loc 1 320 17 is_stmt 1 view .LVU653
 320:Middlewares/ST/STM32_USB_Device_Library/Core/Src/usbd_ctlreq.c ****                 {
 1901              		.loc 1 320 20 is_stmt 0 view .LVU654
 1902 00fa 13F07F0F 		tst	r3, #127
 1903 00fe 18D1     		bne	.L163
 1904              	.LVL264:
 1905              	.L137:
 324:Middlewares/ST/STM32_USB_Device_Library/Core/Src/usbd_ctlreq.c **** 
 1906              		.loc 1 324 17 is_stmt 1 view .LVU655
 324:Middlewares/ST/STM32_USB_Device_Library/Core/Src/usbd_ctlreq.c **** 
 1907              		.loc 1 324 23 is_stmt 0 view .LVU656
ARM GAS  C:\Users\Nathan\AppData\Local\Temp\ccVw9ECP.s 			page 71


 1908 0100 3046     		mov	r0, r6
 1909 0102 FFF7FEFF 		bl	USBD_CtlSendStatus
 1910              	.LVL265:
 327:Middlewares/ST/STM32_USB_Device_Library/Core/Src/usbd_ctlreq.c ****                 if (((uint8_t)idx != 0xFFU) && (idx < USBD_MAX_SUPPORTED_CLASS))
 1911              		.loc 1 327 17 is_stmt 1 view .LVU657
 327:Middlewares/ST/STM32_USB_Device_Library/Core/Src/usbd_ctlreq.c ****                 if (((uint8_t)idx != 0xFFU) && (idx < USBD_MAX_SUPPORTED_CLASS))
 1912              		.loc 1 327 23 is_stmt 0 view .LVU658
 1913 0106 3946     		mov	r1, r7
 1914 0108 3046     		mov	r0, r6
 1915 010a FFF7FEFF 		bl	USBD_CoreFindEP
 1916              	.LVL266:
 328:Middlewares/ST/STM32_USB_Device_Library/Core/Src/usbd_ctlreq.c ****                 {
 1917              		.loc 1 328 17 is_stmt 1 view .LVU659
 328:Middlewares/ST/STM32_USB_Device_Library/Core/Src/usbd_ctlreq.c ****                 {
 1918              		.loc 1 328 20 is_stmt 0 view .LVU660
 1919 010e 0346     		mov	r3, r0
 1920 0110 0028     		cmp	r0, #0
 1921 0112 87D1     		bne	.L123
 330:Middlewares/ST/STM32_USB_Device_Library/Core/Src/usbd_ctlreq.c ****                   /* Call the class data out function to manage the request */
 1922              		.loc 1 330 19 is_stmt 1 view .LVU661
 330:Middlewares/ST/STM32_USB_Device_Library/Core/Src/usbd_ctlreq.c ****                   /* Call the class data out function to manage the request */
 1923              		.loc 1 330 33 is_stmt 0 view .LVU662
 1924 0114 3046     		mov	r0, r6
 1925              	.LVL267:
 330:Middlewares/ST/STM32_USB_Device_Library/Core/Src/usbd_ctlreq.c ****                   /* Call the class data out function to manage the request */
 1926              		.loc 1 330 33 view .LVU663
 1927 0116 C6F8D432 		str	r3, [r6, #724]
 332:Middlewares/ST/STM32_USB_Device_Library/Core/Src/usbd_ctlreq.c ****                   {
 1928              		.loc 1 332 19 is_stmt 1 view .LVU664
 332:Middlewares/ST/STM32_USB_Device_Library/Core/Src/usbd_ctlreq.c ****                   {
 1929              		.loc 1 332 35 is_stmt 0 view .LVU665
 1930 011a 03F1AE02 		add	r2, r3, #174
 1931 011e 56F82220 		ldr	r2, [r6, r2, lsl #2]
 332:Middlewares/ST/STM32_USB_Device_Library/Core/Src/usbd_ctlreq.c ****                   {
 1932              		.loc 1 332 40 view .LVU666
 1933 0122 9268     		ldr	r2, [r2, #8]
 332:Middlewares/ST/STM32_USB_Device_Library/Core/Src/usbd_ctlreq.c ****                   {
 1934              		.loc 1 332 22 view .LVU667
 1935 0124 002A     		cmp	r2, #0
 1936 0126 00F08580 		beq	.L153
 1937              	.LVL268:
 334:Middlewares/ST/STM32_USB_Device_Library/Core/Src/usbd_ctlreq.c ****                   }
 1938              		.loc 1 334 21 is_stmt 1 view .LVU668
 334:Middlewares/ST/STM32_USB_Device_Library/Core/Src/usbd_ctlreq.c ****                   }
 1939              		.loc 1 334 48 is_stmt 0 view .LVU669
 1940 012a 2946     		mov	r1, r5
 1941 012c 9047     		blx	r2
 1942              	.LVL269:
 334:Middlewares/ST/STM32_USB_Device_Library/Core/Src/usbd_ctlreq.c ****                   }
 1943              		.loc 1 334 48 view .LVU670
 1944 012e 0446     		mov	r4, r0
 1945              	.LVL270:
 334:Middlewares/ST/STM32_USB_Device_Library/Core/Src/usbd_ctlreq.c ****                   }
 1946              		.loc 1 334 48 view .LVU671
 1947 0130 78E7     		b	.L123
 1948              	.LVL271:
 1949              	.L163:
ARM GAS  C:\Users\Nathan\AppData\Local\Temp\ccVw9ECP.s 			page 72


 322:Middlewares/ST/STM32_USB_Device_Library/Core/Src/usbd_ctlreq.c ****                 }
 1950              		.loc 1 322 19 is_stmt 1 view .LVU672
 322:Middlewares/ST/STM32_USB_Device_Library/Core/Src/usbd_ctlreq.c ****                 }
 1951              		.loc 1 322 25 is_stmt 0 view .LVU673
 1952 0132 3946     		mov	r1, r7
 1953 0134 FFF7FEFF 		bl	USBD_LL_ClearStallEP
 1954              	.LVL272:
 322:Middlewares/ST/STM32_USB_Device_Library/Core/Src/usbd_ctlreq.c ****                 }
 1955              		.loc 1 322 25 view .LVU674
 1956 0138 E2E7     		b	.L137
 1957              	.LVL273:
 1958              	.L126:
 347:Middlewares/ST/STM32_USB_Device_Library/Core/Src/usbd_ctlreq.c ****           {
 1959              		.loc 1 347 11 is_stmt 1 view .LVU675
 347:Middlewares/ST/STM32_USB_Device_Library/Core/Src/usbd_ctlreq.c ****           {
 1960              		.loc 1 347 23 is_stmt 0 view .LVU676
 1961 013a 90F89C22 		ldrb	r2, [r0, #668]	@ zero_extendqisi2
 1962 013e D1B2     		uxtb	r1, r2
 1963              	.LVL274:
 347:Middlewares/ST/STM32_USB_Device_Library/Core/Src/usbd_ctlreq.c ****           {
 1964              		.loc 1 347 11 view .LVU677
 1965 0140 022A     		cmp	r2, #2
 1966 0142 06D0     		beq	.L138
 1967 0144 0329     		cmp	r1, #3
 1968 0146 2AD0     		beq	.L139
 401:Middlewares/ST/STM32_USB_Device_Library/Core/Src/usbd_ctlreq.c ****               break;
 1969              		.loc 1 401 15 is_stmt 1 view .LVU678
 1970 0148 2946     		mov	r1, r5
 1971 014a FFF7FEFF 		bl	USBD_CtlError
 1972              	.LVL275:
 402:Middlewares/ST/STM32_USB_Device_Library/Core/Src/usbd_ctlreq.c ****           }
 1973              		.loc 1 402 15 view .LVU679
 244:Middlewares/ST/STM32_USB_Device_Library/Core/Src/usbd_ctlreq.c **** 
 1974              		.loc 1 244 22 is_stmt 0 view .LVU680
 1975 014e 4446     		mov	r4, r8
 402:Middlewares/ST/STM32_USB_Device_Library/Core/Src/usbd_ctlreq.c ****           }
 1976              		.loc 1 402 15 view .LVU681
 1977 0150 68E7     		b	.L123
 1978              	.LVL276:
 1979              	.L138:
 350:Middlewares/ST/STM32_USB_Device_Library/Core/Src/usbd_ctlreq.c ****               {
 1980              		.loc 1 350 15 is_stmt 1 view .LVU682
 350:Middlewares/ST/STM32_USB_Device_Library/Core/Src/usbd_ctlreq.c ****               {
 1981              		.loc 1 350 18 is_stmt 0 view .LVU683
 1982 0152 0FB1     		cbz	r7, .L141
 350:Middlewares/ST/STM32_USB_Device_Library/Core/Src/usbd_ctlreq.c ****               {
 1983              		.loc 1 350 38 discriminator 1 view .LVU684
 1984 0154 802F     		cmp	r7, #128
 1985 0156 14D1     		bne	.L164
 1986              	.L141:
 355:Middlewares/ST/STM32_USB_Device_Library/Core/Src/usbd_ctlreq.c ****                     &pdev->ep_out[ep_addr & 0x7FU];
 1987              		.loc 1 355 15 is_stmt 1 view .LVU685
 355:Middlewares/ST/STM32_USB_Device_Library/Core/Src/usbd_ctlreq.c ****                     &pdev->ep_out[ep_addr & 0x7FU];
 1988              		.loc 1 355 82 is_stmt 0 view .LVU686
 1989 0158 13F0800F 		tst	r3, #128
 1990 015c 16D1     		bne	.L165
 356:Middlewares/ST/STM32_USB_Device_Library/Core/Src/usbd_ctlreq.c **** 
ARM GAS  C:\Users\Nathan\AppData\Local\Temp\ccVw9ECP.s 			page 73


 1991              		.loc 1 356 43 view .LVU687
 1992 015e 03F07F03 		and	r3, r3, #127
 355:Middlewares/ST/STM32_USB_Device_Library/Core/Src/usbd_ctlreq.c ****                     &pdev->ep_out[ep_addr & 0x7FU];
 1993              		.loc 1 355 19 discriminator 2 view .LVU688
 1994 0162 03EB8303 		add	r3, r3, r3, lsl #2
 1995 0166 9900     		lsls	r1, r3, #2
 1996 0168 01F5A871 		add	r1, r1, #336
 1997 016c 3144     		add	r1, r1, r6
 1998 016e 0431     		adds	r1, r1, #4
 1999              	.L143:
 2000              	.LVL277:
 358:Middlewares/ST/STM32_USB_Device_Library/Core/Src/usbd_ctlreq.c **** 
 2001              		.loc 1 358 15 is_stmt 1 view .LVU689
 358:Middlewares/ST/STM32_USB_Device_Library/Core/Src/usbd_ctlreq.c **** 
 2002              		.loc 1 358 27 is_stmt 0 view .LVU690
 2003 0170 0023     		movs	r3, #0
 2004 0172 01F80E3F 		strb	r3, [r1, #14]!
 2005              	.LVL278:
 360:Middlewares/ST/STM32_USB_Device_Library/Core/Src/usbd_ctlreq.c ****               break;
 2006              		.loc 1 360 15 is_stmt 1 view .LVU691
 360:Middlewares/ST/STM32_USB_Device_Library/Core/Src/usbd_ctlreq.c ****               break;
 2007              		.loc 1 360 21 is_stmt 0 view .LVU692
 2008 0176 0222     		movs	r2, #2
 2009 0178 3046     		mov	r0, r6
 2010              	.LVL279:
 360:Middlewares/ST/STM32_USB_Device_Library/Core/Src/usbd_ctlreq.c ****               break;
 2011              		.loc 1 360 21 view .LVU693
 2012 017a FFF7FEFF 		bl	USBD_CtlSendData
 2013              	.LVL280:
 361:Middlewares/ST/STM32_USB_Device_Library/Core/Src/usbd_ctlreq.c **** 
 2014              		.loc 1 361 15 is_stmt 1 view .LVU694
 244:Middlewares/ST/STM32_USB_Device_Library/Core/Src/usbd_ctlreq.c **** 
 2015              		.loc 1 244 22 is_stmt 0 view .LVU695
 2016 017e 4446     		mov	r4, r8
 361:Middlewares/ST/STM32_USB_Device_Library/Core/Src/usbd_ctlreq.c **** 
 2017              		.loc 1 361 15 view .LVU696
 2018 0180 50E7     		b	.L123
 2019              	.LVL281:
 2020              	.L164:
 352:Middlewares/ST/STM32_USB_Device_Library/Core/Src/usbd_ctlreq.c ****                 break;
 2021              		.loc 1 352 17 is_stmt 1 view .LVU697
 2022 0182 2946     		mov	r1, r5
 2023 0184 FFF7FEFF 		bl	USBD_CtlError
 2024              	.LVL282:
 353:Middlewares/ST/STM32_USB_Device_Library/Core/Src/usbd_ctlreq.c ****               }
 2025              		.loc 1 353 17 view .LVU698
 244:Middlewares/ST/STM32_USB_Device_Library/Core/Src/usbd_ctlreq.c **** 
 2026              		.loc 1 244 22 is_stmt 0 view .LVU699
 2027 0188 4446     		mov	r4, r8
 353:Middlewares/ST/STM32_USB_Device_Library/Core/Src/usbd_ctlreq.c ****               }
 2028              		.loc 1 353 17 view .LVU700
 2029 018a 4BE7     		b	.L123
 2030              	.LVL283:
 2031              	.L165:
 355:Middlewares/ST/STM32_USB_Device_Library/Core/Src/usbd_ctlreq.c ****                     &pdev->ep_out[ep_addr & 0x7FU];
 2032              		.loc 1 355 73 discriminator 1 view .LVU701
 2033 018c 03F07F03 		and	r3, r3, #127
ARM GAS  C:\Users\Nathan\AppData\Local\Temp\ccVw9ECP.s 			page 74


 355:Middlewares/ST/STM32_USB_Device_Library/Core/Src/usbd_ctlreq.c ****                     &pdev->ep_out[ep_addr & 0x7FU];
 2034              		.loc 1 355 19 discriminator 1 view .LVU702
 2035 0190 03EB8303 		add	r3, r3, r3, lsl #2
 2036 0194 9900     		lsls	r1, r3, #2
 2037 0196 1031     		adds	r1, r1, #16
 2038 0198 3144     		add	r1, r1, r6
 2039 019a 0431     		adds	r1, r1, #4
 2040              	.LVL284:
 355:Middlewares/ST/STM32_USB_Device_Library/Core/Src/usbd_ctlreq.c ****                     &pdev->ep_out[ep_addr & 0x7FU];
 2041              		.loc 1 355 19 discriminator 1 view .LVU703
 2042 019c E8E7     		b	.L143
 2043              	.LVL285:
 2044              	.L139:
 364:Middlewares/ST/STM32_USB_Device_Library/Core/Src/usbd_ctlreq.c ****               {
 2045              		.loc 1 364 15 is_stmt 1 view .LVU704
 364:Middlewares/ST/STM32_USB_Device_Library/Core/Src/usbd_ctlreq.c ****               {
 2046              		.loc 1 364 37 is_stmt 0 view .LVU705
 2047 019e 59B2     		sxtb	r1, r3
 364:Middlewares/ST/STM32_USB_Device_Library/Core/Src/usbd_ctlreq.c ****               {
 2048              		.loc 1 364 18 view .LVU706
 2049 01a0 0029     		cmp	r1, #0
 2050 01a2 20DB     		blt	.L166
 374:Middlewares/ST/STM32_USB_Device_Library/Core/Src/usbd_ctlreq.c ****                 {
 2051              		.loc 1 374 17 is_stmt 1 view .LVU707
 374:Middlewares/ST/STM32_USB_Device_Library/Core/Src/usbd_ctlreq.c ****                 {
 2052              		.loc 1 374 42 is_stmt 0 view .LVU708
 2053 01a4 03F00F02 		and	r2, r3, #15
 374:Middlewares/ST/STM32_USB_Device_Library/Core/Src/usbd_ctlreq.c ****                 {
 2054              		.loc 1 374 49 view .LVU709
 2055 01a8 02EB8202 		add	r2, r2, r2, lsl #2
 2056 01ac 00EB8202 		add	r2, r0, r2, lsl #2
 2057 01b0 92F86341 		ldrb	r4, [r2, #355]	@ zero_extendqisi2
 374:Middlewares/ST/STM32_USB_Device_Library/Core/Src/usbd_ctlreq.c ****                 {
 2058              		.loc 1 374 20 view .LVU710
 2059 01b4 2CB3     		cbz	r4, .L167
 2060              	.L145:
 381:Middlewares/ST/STM32_USB_Device_Library/Core/Src/usbd_ctlreq.c ****                     &pdev->ep_out[ep_addr & 0x7FU];
 2061              		.loc 1 381 15 is_stmt 1 view .LVU711
 381:Middlewares/ST/STM32_USB_Device_Library/Core/Src/usbd_ctlreq.c ****                     &pdev->ep_out[ep_addr & 0x7FU];
 2062              		.loc 1 381 82 is_stmt 0 view .LVU712
 2063 01b6 0029     		cmp	r1, #0
 2064 01b8 27DB     		blt	.L168
 382:Middlewares/ST/STM32_USB_Device_Library/Core/Src/usbd_ctlreq.c **** 
 2065              		.loc 1 382 43 view .LVU713
 2066 01ba 03F07F03 		and	r3, r3, #127
 381:Middlewares/ST/STM32_USB_Device_Library/Core/Src/usbd_ctlreq.c ****                     &pdev->ep_out[ep_addr & 0x7FU];
 2067              		.loc 1 381 19 discriminator 2 view .LVU714
 2068 01be 03EB8303 		add	r3, r3, r3, lsl #2
 2069 01c2 9C00     		lsls	r4, r3, #2
 2070 01c4 04F5A874 		add	r4, r4, #336
 2071 01c8 3444     		add	r4, r4, r6
 2072 01ca 0434     		adds	r4, r4, #4
 2073              	.L147:
 2074              	.LVL286:
 384:Middlewares/ST/STM32_USB_Device_Library/Core/Src/usbd_ctlreq.c ****               {
 2075              		.loc 1 384 15 is_stmt 1 view .LVU715
 384:Middlewares/ST/STM32_USB_Device_Library/Core/Src/usbd_ctlreq.c ****               {
ARM GAS  C:\Users\Nathan\AppData\Local\Temp\ccVw9ECP.s 			page 75


 2076              		.loc 1 384 18 is_stmt 0 view .LVU716
 2077 01cc 0FB1     		cbz	r7, .L148
 384:Middlewares/ST/STM32_USB_Device_Library/Core/Src/usbd_ctlreq.c ****               {
 2078              		.loc 1 384 38 discriminator 1 view .LVU717
 2079 01ce 802F     		cmp	r7, #128
 2080 01d0 24D1     		bne	.L149
 2081              	.L148:
 386:Middlewares/ST/STM32_USB_Device_Library/Core/Src/usbd_ctlreq.c ****               }
 2082              		.loc 1 386 17 is_stmt 1 view .LVU718
 386:Middlewares/ST/STM32_USB_Device_Library/Core/Src/usbd_ctlreq.c ****               }
 2083              		.loc 1 386 29 is_stmt 0 view .LVU719
 2084 01d2 0023     		movs	r3, #0
 2085 01d4 A373     		strb	r3, [r4, #14]
 2086              	.LVL287:
 2087              	.L150:
 397:Middlewares/ST/STM32_USB_Device_Library/Core/Src/usbd_ctlreq.c ****               break;
 2088              		.loc 1 397 15 is_stmt 1 view .LVU720
 397:Middlewares/ST/STM32_USB_Device_Library/Core/Src/usbd_ctlreq.c ****               break;
 2089              		.loc 1 397 21 is_stmt 0 view .LVU721
 2090 01d6 0222     		movs	r2, #2
 2091 01d8 04F10E01 		add	r1, r4, #14
 2092 01dc 3046     		mov	r0, r6
 2093 01de FFF7FEFF 		bl	USBD_CtlSendData
 2094              	.LVL288:
 398:Middlewares/ST/STM32_USB_Device_Library/Core/Src/usbd_ctlreq.c **** 
 2095              		.loc 1 398 15 is_stmt 1 view .LVU722
 244:Middlewares/ST/STM32_USB_Device_Library/Core/Src/usbd_ctlreq.c **** 
 2096              		.loc 1 244 22 is_stmt 0 view .LVU723
 2097 01e2 4446     		mov	r4, r8
 2098              	.LVL289:
 398:Middlewares/ST/STM32_USB_Device_Library/Core/Src/usbd_ctlreq.c **** 
 2099              		.loc 1 398 15 view .LVU724
 2100 01e4 1EE7     		b	.L123
 2101              	.LVL290:
 2102              	.L166:
 366:Middlewares/ST/STM32_USB_Device_Library/Core/Src/usbd_ctlreq.c ****                 {
 2103              		.loc 1 366 17 is_stmt 1 view .LVU725
 366:Middlewares/ST/STM32_USB_Device_Library/Core/Src/usbd_ctlreq.c ****                 {
 2104              		.loc 1 366 41 is_stmt 0 view .LVU726
 2105 01e6 03F00F02 		and	r2, r3, #15
 366:Middlewares/ST/STM32_USB_Device_Library/Core/Src/usbd_ctlreq.c ****                 {
 2106              		.loc 1 366 48 view .LVU727
 2107 01ea 02EB8202 		add	r2, r2, r2, lsl #2
 2108 01ee 00EB8202 		add	r2, r0, r2, lsl #2
 2109 01f2 92F82340 		ldrb	r4, [r2, #35]	@ zero_extendqisi2
 366:Middlewares/ST/STM32_USB_Device_Library/Core/Src/usbd_ctlreq.c ****                 {
 2110              		.loc 1 366 20 view .LVU728
 2111 01f6 002C     		cmp	r4, #0
 2112 01f8 DDD1     		bne	.L145
 368:Middlewares/ST/STM32_USB_Device_Library/Core/Src/usbd_ctlreq.c ****                   break;
 2113              		.loc 1 368 19 is_stmt 1 view .LVU729
 2114 01fa 2946     		mov	r1, r5
 2115 01fc FFF7FEFF 		bl	USBD_CtlError
 2116              	.LVL291:
 369:Middlewares/ST/STM32_USB_Device_Library/Core/Src/usbd_ctlreq.c ****                 }
 2117              		.loc 1 369 19 view .LVU730
 2118 0200 10E7     		b	.L123
ARM GAS  C:\Users\Nathan\AppData\Local\Temp\ccVw9ECP.s 			page 76


 2119              	.LVL292:
 2120              	.L167:
 376:Middlewares/ST/STM32_USB_Device_Library/Core/Src/usbd_ctlreq.c ****                   break;
 2121              		.loc 1 376 19 view .LVU731
 2122 0202 2946     		mov	r1, r5
 2123 0204 FFF7FEFF 		bl	USBD_CtlError
 2124              	.LVL293:
 377:Middlewares/ST/STM32_USB_Device_Library/Core/Src/usbd_ctlreq.c ****                 }
 2125              		.loc 1 377 19 view .LVU732
 2126 0208 0CE7     		b	.L123
 2127              	.LVL294:
 2128              	.L168:
 381:Middlewares/ST/STM32_USB_Device_Library/Core/Src/usbd_ctlreq.c ****                     &pdev->ep_out[ep_addr & 0x7FU];
 2129              		.loc 1 381 73 is_stmt 0 discriminator 1 view .LVU733
 2130 020a 03F07F03 		and	r3, r3, #127
 381:Middlewares/ST/STM32_USB_Device_Library/Core/Src/usbd_ctlreq.c ****                     &pdev->ep_out[ep_addr & 0x7FU];
 2131              		.loc 1 381 19 discriminator 1 view .LVU734
 2132 020e 03EB8303 		add	r3, r3, r3, lsl #2
 2133 0212 9C00     		lsls	r4, r3, #2
 2134 0214 1034     		adds	r4, r4, #16
 2135 0216 3444     		add	r4, r4, r6
 2136 0218 0434     		adds	r4, r4, #4
 2137              	.LVL295:
 381:Middlewares/ST/STM32_USB_Device_Library/Core/Src/usbd_ctlreq.c ****                     &pdev->ep_out[ep_addr & 0x7FU];
 2138              		.loc 1 381 19 discriminator 1 view .LVU735
 2139 021a D7E7     		b	.L147
 2140              	.L149:
 388:Middlewares/ST/STM32_USB_Device_Library/Core/Src/usbd_ctlreq.c ****               {
 2141              		.loc 1 388 20 is_stmt 1 view .LVU736
 388:Middlewares/ST/STM32_USB_Device_Library/Core/Src/usbd_ctlreq.c ****               {
 2142              		.loc 1 388 24 is_stmt 0 view .LVU737
 2143 021c 3946     		mov	r1, r7
 2144 021e 3046     		mov	r0, r6
 2145              	.LVL296:
 388:Middlewares/ST/STM32_USB_Device_Library/Core/Src/usbd_ctlreq.c ****               {
 2146              		.loc 1 388 24 view .LVU738
 2147 0220 FFF7FEFF 		bl	USBD_LL_IsStallEP
 2148              	.LVL297:
 388:Middlewares/ST/STM32_USB_Device_Library/Core/Src/usbd_ctlreq.c ****               {
 2149              		.loc 1 388 23 discriminator 1 view .LVU739
 2150 0224 10B1     		cbz	r0, .L151
 390:Middlewares/ST/STM32_USB_Device_Library/Core/Src/usbd_ctlreq.c ****               }
 2151              		.loc 1 390 17 is_stmt 1 view .LVU740
 390:Middlewares/ST/STM32_USB_Device_Library/Core/Src/usbd_ctlreq.c ****               }
 2152              		.loc 1 390 29 is_stmt 0 view .LVU741
 2153 0226 0123     		movs	r3, #1
 2154 0228 A373     		strb	r3, [r4, #14]
 2155 022a D4E7     		b	.L150
 2156              	.L151:
 394:Middlewares/ST/STM32_USB_Device_Library/Core/Src/usbd_ctlreq.c ****               }
 2157              		.loc 1 394 17 is_stmt 1 view .LVU742
 394:Middlewares/ST/STM32_USB_Device_Library/Core/Src/usbd_ctlreq.c ****               }
 2158              		.loc 1 394 29 is_stmt 0 view .LVU743
 2159 022c A073     		strb	r0, [r4, #14]
 2160 022e D2E7     		b	.L150
 2161              	.LVL298:
 2162              	.L152:
ARM GAS  C:\Users\Nathan\AppData\Local\Temp\ccVw9ECP.s 			page 77


 244:Middlewares/ST/STM32_USB_Device_Library/Core/Src/usbd_ctlreq.c **** 
 2163              		.loc 1 244 22 view .LVU744
 2164 0230 0024     		movs	r4, #0
 2165 0232 F7E6     		b	.L123
 2166              	.LVL299:
 2167              	.L153:
 244:Middlewares/ST/STM32_USB_Device_Library/Core/Src/usbd_ctlreq.c **** 
 2168              		.loc 1 244 22 view .LVU745
 2169 0234 1C46     		mov	r4, r3
 2170 0236 F5E6     		b	.L123
 2171              		.cfi_endproc
 2172              	.LFE956:
 2174              		.section	.text.USBD_GetString,"ax",%progbits
 2175              		.align	1
 2176              		.global	USBD_GetString
 2177              		.syntax unified
 2178              		.thumb
 2179              		.thumb_func
 2181              	USBD_GetString:
 2182              	.LVL300:
 2183              	.LFB966:
 997:Middlewares/ST/STM32_USB_Device_Library/Core/Src/usbd_ctlreq.c ****   uint8_t idx = 0U;
 2184              		.loc 1 997 1 is_stmt 1 view -0
 2185              		.cfi_startproc
 2186              		@ args = 0, pretend = 0, frame = 0
 2187              		@ frame_needed = 0, uses_anonymous_args = 0
 998:Middlewares/ST/STM32_USB_Device_Library/Core/Src/usbd_ctlreq.c ****   uint8_t *pdesc;
 2188              		.loc 1 998 3 view .LVU747
 999:Middlewares/ST/STM32_USB_Device_Library/Core/Src/usbd_ctlreq.c **** 
 2189              		.loc 1 999 3 view .LVU748
1001:Middlewares/ST/STM32_USB_Device_Library/Core/Src/usbd_ctlreq.c ****   {
 2190              		.loc 1 1001 3 view .LVU749
1001:Middlewares/ST/STM32_USB_Device_Library/Core/Src/usbd_ctlreq.c ****   {
 2191              		.loc 1 1001 6 is_stmt 0 view .LVU750
 2192 0000 00B3     		cbz	r0, .L176
 997:Middlewares/ST/STM32_USB_Device_Library/Core/Src/usbd_ctlreq.c ****   uint8_t idx = 0U;
 2193              		.loc 1 997 1 view .LVU751
 2194 0002 70B5     		push	{r4, r5, r6, lr}
 2195              		.cfi_def_cfa_offset 16
 2196              		.cfi_offset 4, -16
 2197              		.cfi_offset 5, -12
 2198              		.cfi_offset 6, -8
 2199              		.cfi_offset 14, -4
 2200 0004 0D46     		mov	r5, r1
 2201 0006 1646     		mov	r6, r2
 2202 0008 0446     		mov	r4, r0
1006:Middlewares/ST/STM32_USB_Device_Library/Core/Src/usbd_ctlreq.c ****   *len = MIN(USBD_MAX_STR_DESC_SIZ, ((uint16_t)USBD_GetLen(pdesc) * 2U) + 2U);
 2203              		.loc 1 1006 3 is_stmt 1 view .LVU752
 2204              	.LVL301:
1007:Middlewares/ST/STM32_USB_Device_Library/Core/Src/usbd_ctlreq.c **** 
 2205              		.loc 1 1007 3 view .LVU753
1007:Middlewares/ST/STM32_USB_Device_Library/Core/Src/usbd_ctlreq.c **** 
 2206              		.loc 1 1007 10 is_stmt 0 view .LVU754
 2207 000a FFF7FEFF 		bl	USBD_GetLen
 2208              	.LVL302:
1007:Middlewares/ST/STM32_USB_Device_Library/Core/Src/usbd_ctlreq.c **** 
 2209              		.loc 1 1007 10 discriminator 1 view .LVU755
ARM GAS  C:\Users\Nathan\AppData\Local\Temp\ccVw9ECP.s 			page 78


 2210 000e 0130     		adds	r0, r0, #1
 2211 0010 4300     		lsls	r3, r0, #1
1007:Middlewares/ST/STM32_USB_Device_Library/Core/Src/usbd_ctlreq.c **** 
 2212              		.loc 1 1007 8 discriminator 1 view .LVU756
 2213 0012 B3F5007F 		cmp	r3, #512
 2214 0016 06D8     		bhi	.L174
1007:Middlewares/ST/STM32_USB_Device_Library/Core/Src/usbd_ctlreq.c **** 
 2215              		.loc 1 1007 8 discriminator 4 view .LVU757
 2216 0018 9BB2     		uxth	r3, r3
 2217              	.L171:
1007:Middlewares/ST/STM32_USB_Device_Library/Core/Src/usbd_ctlreq.c **** 
 2218              		.loc 1 1007 8 discriminator 6 view .LVU758
 2219 001a 3380     		strh	r3, [r6]	@ movhi
1009:Middlewares/ST/STM32_USB_Device_Library/Core/Src/usbd_ctlreq.c ****   idx++;
 2220              		.loc 1 1009 3 is_stmt 1 view .LVU759
1009:Middlewares/ST/STM32_USB_Device_Library/Core/Src/usbd_ctlreq.c ****   idx++;
 2221              		.loc 1 1009 16 is_stmt 0 view .LVU760
 2222 001c 2B70     		strb	r3, [r5]
1010:Middlewares/ST/STM32_USB_Device_Library/Core/Src/usbd_ctlreq.c ****   unicode[idx] = USB_DESC_TYPE_STRING;
 2223              		.loc 1 1010 3 is_stmt 1 view .LVU761
 2224              	.LVL303:
1011:Middlewares/ST/STM32_USB_Device_Library/Core/Src/usbd_ctlreq.c ****   idx++;
 2225              		.loc 1 1011 3 view .LVU762
1011:Middlewares/ST/STM32_USB_Device_Library/Core/Src/usbd_ctlreq.c ****   idx++;
 2226              		.loc 1 1011 16 is_stmt 0 view .LVU763
 2227 001e 0323     		movs	r3, #3
 2228 0020 6B70     		strb	r3, [r5, #1]
1012:Middlewares/ST/STM32_USB_Device_Library/Core/Src/usbd_ctlreq.c **** 
 2229              		.loc 1 1012 3 is_stmt 1 view .LVU764
 2230              	.LVL304:
1014:Middlewares/ST/STM32_USB_Device_Library/Core/Src/usbd_ctlreq.c ****   {
 2231              		.loc 1 1014 3 view .LVU765
1012:Middlewares/ST/STM32_USB_Device_Library/Core/Src/usbd_ctlreq.c **** 
 2232              		.loc 1 1012 6 is_stmt 0 view .LVU766
 2233 0022 0223     		movs	r3, #2
1014:Middlewares/ST/STM32_USB_Device_Library/Core/Src/usbd_ctlreq.c ****   {
 2234              		.loc 1 1014 9 view .LVU767
 2235 0024 0AE0     		b	.L172
 2236              	.LVL305:
 2237              	.L174:
1007:Middlewares/ST/STM32_USB_Device_Library/Core/Src/usbd_ctlreq.c **** 
 2238              		.loc 1 1007 8 discriminator 3 view .LVU768
 2239 0026 4FF40073 		mov	r3, #512
 2240 002a F6E7     		b	.L171
 2241              	.LVL306:
 2242              	.L173:
1016:Middlewares/ST/STM32_USB_Device_Library/Core/Src/usbd_ctlreq.c ****     pdesc++;
 2243              		.loc 1 1016 5 is_stmt 1 view .LVU769
1016:Middlewares/ST/STM32_USB_Device_Library/Core/Src/usbd_ctlreq.c ****     pdesc++;
 2244              		.loc 1 1016 18 is_stmt 0 view .LVU770
 2245 002c EA54     		strb	r2, [r5, r3]
1017:Middlewares/ST/STM32_USB_Device_Library/Core/Src/usbd_ctlreq.c ****     idx++;
 2246              		.loc 1 1017 5 is_stmt 1 view .LVU771
1017:Middlewares/ST/STM32_USB_Device_Library/Core/Src/usbd_ctlreq.c ****     idx++;
 2247              		.loc 1 1017 10 is_stmt 0 view .LVU772
 2248 002e 0134     		adds	r4, r4, #1
 2249              	.LVL307:
ARM GAS  C:\Users\Nathan\AppData\Local\Temp\ccVw9ECP.s 			page 79


1018:Middlewares/ST/STM32_USB_Device_Library/Core/Src/usbd_ctlreq.c **** 
 2250              		.loc 1 1018 5 is_stmt 1 view .LVU773
1018:Middlewares/ST/STM32_USB_Device_Library/Core/Src/usbd_ctlreq.c **** 
 2251              		.loc 1 1018 8 is_stmt 0 view .LVU774
 2252 0030 5A1C     		adds	r2, r3, #1
 2253 0032 D2B2     		uxtb	r2, r2
 2254              	.LVL308:
1020:Middlewares/ST/STM32_USB_Device_Library/Core/Src/usbd_ctlreq.c ****     idx++;
 2255              		.loc 1 1020 5 is_stmt 1 view .LVU775
1020:Middlewares/ST/STM32_USB_Device_Library/Core/Src/usbd_ctlreq.c ****     idx++;
 2256              		.loc 1 1020 18 is_stmt 0 view .LVU776
 2257 0034 0021     		movs	r1, #0
 2258 0036 A954     		strb	r1, [r5, r2]
1021:Middlewares/ST/STM32_USB_Device_Library/Core/Src/usbd_ctlreq.c ****   }
 2259              		.loc 1 1021 5 is_stmt 1 view .LVU777
1021:Middlewares/ST/STM32_USB_Device_Library/Core/Src/usbd_ctlreq.c ****   }
 2260              		.loc 1 1021 8 is_stmt 0 view .LVU778
 2261 0038 0233     		adds	r3, r3, #2
 2262 003a DBB2     		uxtb	r3, r3
 2263              	.LVL309:
 2264              	.L172:
1014:Middlewares/ST/STM32_USB_Device_Library/Core/Src/usbd_ctlreq.c ****   {
 2265              		.loc 1 1014 17 is_stmt 1 view .LVU779
1014:Middlewares/ST/STM32_USB_Device_Library/Core/Src/usbd_ctlreq.c ****   {
 2266              		.loc 1 1014 10 is_stmt 0 view .LVU780
 2267 003c 2278     		ldrb	r2, [r4]	@ zero_extendqisi2
1014:Middlewares/ST/STM32_USB_Device_Library/Core/Src/usbd_ctlreq.c ****   {
 2268              		.loc 1 1014 17 view .LVU781
 2269 003e 002A     		cmp	r2, #0
 2270 0040 F4D1     		bne	.L173
1023:Middlewares/ST/STM32_USB_Device_Library/Core/Src/usbd_ctlreq.c **** 
 2271              		.loc 1 1023 1 view .LVU782
 2272 0042 70BD     		pop	{r4, r5, r6, pc}
 2273              	.LVL310:
 2274              	.L176:
 2275              		.cfi_def_cfa_offset 0
 2276              		.cfi_restore 4
 2277              		.cfi_restore 5
 2278              		.cfi_restore 6
 2279              		.cfi_restore 14
1023:Middlewares/ST/STM32_USB_Device_Library/Core/Src/usbd_ctlreq.c **** 
 2280              		.loc 1 1023 1 view .LVU783
 2281 0044 7047     		bx	lr
 2282              		.cfi_endproc
 2283              	.LFE966:
 2285              		.section	.bss.cfgidx.0,"aw",%nobits
 2288              	cfgidx.0:
 2289 0000 00       		.space	1
 2290              		.text
 2291              	.Letext0:
 2292              		.file 3 "C:/Users/Nathan/AppData/Roaming/Code/User/globalStorage/bmd.stm32-for-vscode/@xpack-dev-t
 2293              		.file 4 "C:/Users/Nathan/AppData/Roaming/Code/User/globalStorage/bmd.stm32-for-vscode/@xpack-dev-t
 2294              		.file 5 "Middlewares/ST/STM32_USB_Device_Library/Core/Inc/usbd_core.h"
 2295              		.file 6 "Middlewares/ST/STM32_USB_Device_Library/Core/Inc/usbd_ioreq.h"
ARM GAS  C:\Users\Nathan\AppData\Local\Temp\ccVw9ECP.s 			page 80


DEFINED SYMBOLS
                            *ABS*:00000000 usbd_ctlreq.c
C:\Users\Nathan\AppData\Local\Temp\ccVw9ECP.s:21     .text.USBD_GetLen:00000000 $t
C:\Users\Nathan\AppData\Local\Temp\ccVw9ECP.s:26     .text.USBD_GetLen:00000000 USBD_GetLen
C:\Users\Nathan\AppData\Local\Temp\ccVw9ECP.s:72     .text.USBD_ParseSetupRequest:00000000 $t
C:\Users\Nathan\AppData\Local\Temp\ccVw9ECP.s:78     .text.USBD_ParseSetupRequest:00000000 USBD_ParseSetupRequest
C:\Users\Nathan\AppData\Local\Temp\ccVw9ECP.s:199    .text.USBD_CtlError:00000000 $t
C:\Users\Nathan\AppData\Local\Temp\ccVw9ECP.s:205    .text.USBD_CtlError:00000000 USBD_CtlError
C:\Users\Nathan\AppData\Local\Temp\ccVw9ECP.s:239    .text.USBD_GetDescriptor:00000000 $t
C:\Users\Nathan\AppData\Local\Temp\ccVw9ECP.s:244    .text.USBD_GetDescriptor:00000000 USBD_GetDescriptor
C:\Users\Nathan\AppData\Local\Temp\ccVw9ECP.s:718    .text.USBD_SetAddress:00000000 $t
C:\Users\Nathan\AppData\Local\Temp\ccVw9ECP.s:723    .text.USBD_SetAddress:00000000 USBD_SetAddress
C:\Users\Nathan\AppData\Local\Temp\ccVw9ECP.s:818    .text.USBD_SetConfig:00000000 $t
C:\Users\Nathan\AppData\Local\Temp\ccVw9ECP.s:823    .text.USBD_SetConfig:00000000 USBD_SetConfig
C:\Users\Nathan\AppData\Local\Temp\ccVw9ECP.s:1038   .text.USBD_SetConfig:000000d4 $d
C:\Users\Nathan\AppData\Local\Temp\ccVw9ECP.s:2288   .bss.cfgidx.0:00000000 cfgidx.0
C:\Users\Nathan\AppData\Local\Temp\ccVw9ECP.s:1043   .text.USBD_GetConfig:00000000 $t
C:\Users\Nathan\AppData\Local\Temp\ccVw9ECP.s:1048   .text.USBD_GetConfig:00000000 USBD_GetConfig
C:\Users\Nathan\AppData\Local\Temp\ccVw9ECP.s:1124   .text.USBD_GetStatus:00000000 $t
C:\Users\Nathan\AppData\Local\Temp\ccVw9ECP.s:1129   .text.USBD_GetStatus:00000000 USBD_GetStatus
C:\Users\Nathan\AppData\Local\Temp\ccVw9ECP.s:1199   .text.USBD_SetFeature:00000000 $t
C:\Users\Nathan\AppData\Local\Temp\ccVw9ECP.s:1204   .text.USBD_SetFeature:00000000 USBD_SetFeature
C:\Users\Nathan\AppData\Local\Temp\ccVw9ECP.s:1262   .text.USBD_ClrFeature:00000000 $t
C:\Users\Nathan\AppData\Local\Temp\ccVw9ECP.s:1267   .text.USBD_ClrFeature:00000000 USBD_ClrFeature
C:\Users\Nathan\AppData\Local\Temp\ccVw9ECP.s:1320   .text.USBD_StdDevReq:00000000 $t
C:\Users\Nathan\AppData\Local\Temp\ccVw9ECP.s:1326   .text.USBD_StdDevReq:00000000 USBD_StdDevReq
C:\Users\Nathan\AppData\Local\Temp\ccVw9ECP.s:1469   .text.USBD_StdItfReq:00000000 $t
C:\Users\Nathan\AppData\Local\Temp\ccVw9ECP.s:1475   .text.USBD_StdItfReq:00000000 USBD_StdItfReq
C:\Users\Nathan\AppData\Local\Temp\ccVw9ECP.s:1636   .text.USBD_StdEPReq:00000000 $t
C:\Users\Nathan\AppData\Local\Temp\ccVw9ECP.s:1642   .text.USBD_StdEPReq:00000000 USBD_StdEPReq
C:\Users\Nathan\AppData\Local\Temp\ccVw9ECP.s:2175   .text.USBD_GetString:00000000 $t
C:\Users\Nathan\AppData\Local\Temp\ccVw9ECP.s:2181   .text.USBD_GetString:00000000 USBD_GetString
C:\Users\Nathan\AppData\Local\Temp\ccVw9ECP.s:2289   .bss.cfgidx.0:00000000 $d

UNDEFINED SYMBOLS
USBD_LL_StallEP
USBD_CtlSendData
USBD_CtlSendStatus
USBD_LL_SetUSBAddress
USBD_ClrClassConfig
USBD_SetClassConfig
USBD_CoreFindIF
USBD_CoreFindEP
USBD_LL_ClearStallEP
USBD_LL_IsStallEP
