ARM GAS  C:\Users\Nathan\AppData\Local\Temp\ccTr5KrK.s 			page 1


   1              		.cpu cortex-m4
   2              		.arch armv7e-m
   3              		.fpu fpv4-sp-d16
   4              		.eabi_attribute 27, 1
   5              		.eabi_attribute 28, 1
   6              		.eabi_attribute 20, 1
   7              		.eabi_attribute 21, 1
   8              		.eabi_attribute 23, 3
   9              		.eabi_attribute 24, 1
  10              		.eabi_attribute 25, 1
  11              		.eabi_attribute 26, 1
  12              		.eabi_attribute 30, 1
  13              		.eabi_attribute 34, 1
  14              		.eabi_attribute 18, 4
  15              		.file	"usbd_conf.c"
  16              		.text
  17              	.Ltext0:
  18              		.cfi_sections	.debug_frame
  19              		.file 1 "USB_Device/Target/usbd_conf.c"
  20              		.section	.text.USBD_Get_USB_Status,"ax",%progbits
  21              		.align	1
  22              		.syntax unified
  23              		.thumb
  24              		.thumb_func
  26              	USBD_Get_USB_Status:
  27              	.LVL0:
  28              	.LFB986:
   1:USB_Device/Target/usbd_conf.c **** /* USER CODE BEGIN Header */
   2:USB_Device/Target/usbd_conf.c **** /**
   3:USB_Device/Target/usbd_conf.c ****   ******************************************************************************
   4:USB_Device/Target/usbd_conf.c ****   * @file           : Target/usbd_conf.c
   5:USB_Device/Target/usbd_conf.c ****   * @version        : v3.0_Cube
   6:USB_Device/Target/usbd_conf.c ****   * @brief          : This file implements the board support package for the USB device library
   7:USB_Device/Target/usbd_conf.c ****   ******************************************************************************
   8:USB_Device/Target/usbd_conf.c ****   * @attention
   9:USB_Device/Target/usbd_conf.c ****   *
  10:USB_Device/Target/usbd_conf.c ****   * Copyright (c) 2026 STMicroelectronics.
  11:USB_Device/Target/usbd_conf.c ****   * All rights reserved.
  12:USB_Device/Target/usbd_conf.c ****   *
  13:USB_Device/Target/usbd_conf.c ****   * This software is licensed under terms that can be found in the LICENSE file
  14:USB_Device/Target/usbd_conf.c ****   * in the root directory of this software component.
  15:USB_Device/Target/usbd_conf.c ****   * If no LICENSE file comes with this software, it is provided AS-IS.
  16:USB_Device/Target/usbd_conf.c ****   *
  17:USB_Device/Target/usbd_conf.c ****   ******************************************************************************
  18:USB_Device/Target/usbd_conf.c ****   */
  19:USB_Device/Target/usbd_conf.c **** /* USER CODE END Header */
  20:USB_Device/Target/usbd_conf.c **** 
  21:USB_Device/Target/usbd_conf.c **** /* Includes ------------------------------------------------------------------*/
  22:USB_Device/Target/usbd_conf.c **** #include "main.h"
  23:USB_Device/Target/usbd_conf.c **** #include "stm32wbxx.h"
  24:USB_Device/Target/usbd_conf.c **** #include "stm32wbxx_hal.h"
  25:USB_Device/Target/usbd_conf.c **** #include "usbd_def.h"
  26:USB_Device/Target/usbd_conf.c **** #include "usbd_core.h"
  27:USB_Device/Target/usbd_conf.c **** 
  28:USB_Device/Target/usbd_conf.c **** #include "usbd_cdc.h"
  29:USB_Device/Target/usbd_conf.c **** 
  30:USB_Device/Target/usbd_conf.c **** /* USER CODE BEGIN Includes */
ARM GAS  C:\Users\Nathan\AppData\Local\Temp\ccTr5KrK.s 			page 2


  31:USB_Device/Target/usbd_conf.c **** 
  32:USB_Device/Target/usbd_conf.c **** /* USER CODE END Includes */
  33:USB_Device/Target/usbd_conf.c **** 
  34:USB_Device/Target/usbd_conf.c **** /* Private typedef -----------------------------------------------------------*/
  35:USB_Device/Target/usbd_conf.c **** /* Private define ------------------------------------------------------------*/
  36:USB_Device/Target/usbd_conf.c **** /* Private macro -------------------------------------------------------------*/
  37:USB_Device/Target/usbd_conf.c **** 
  38:USB_Device/Target/usbd_conf.c **** /* Private variables ---------------------------------------------------------*/
  39:USB_Device/Target/usbd_conf.c **** /* USER CODE BEGIN PV */
  40:USB_Device/Target/usbd_conf.c **** 
  41:USB_Device/Target/usbd_conf.c **** /* USER CODE END PV */
  42:USB_Device/Target/usbd_conf.c **** 
  43:USB_Device/Target/usbd_conf.c **** PCD_HandleTypeDef hpcd_USB_FS;
  44:USB_Device/Target/usbd_conf.c **** void Error_Handler(void);
  45:USB_Device/Target/usbd_conf.c **** 
  46:USB_Device/Target/usbd_conf.c **** /* USER CODE BEGIN 0 */
  47:USB_Device/Target/usbd_conf.c **** 
  48:USB_Device/Target/usbd_conf.c **** /* USER CODE END 0 */
  49:USB_Device/Target/usbd_conf.c **** 
  50:USB_Device/Target/usbd_conf.c **** /* Exported function prototypes ----------------------------------------------*/
  51:USB_Device/Target/usbd_conf.c **** 
  52:USB_Device/Target/usbd_conf.c **** /* USER CODE BEGIN PFP */
  53:USB_Device/Target/usbd_conf.c **** /* Private function prototypes -----------------------------------------------*/
  54:USB_Device/Target/usbd_conf.c **** 
  55:USB_Device/Target/usbd_conf.c **** /* USER CODE END PFP */
  56:USB_Device/Target/usbd_conf.c **** 
  57:USB_Device/Target/usbd_conf.c **** /* Private functions ---------------------------------------------------------*/
  58:USB_Device/Target/usbd_conf.c **** static USBD_StatusTypeDef USBD_Get_USB_Status(HAL_StatusTypeDef hal_status);
  59:USB_Device/Target/usbd_conf.c **** /* USER CODE BEGIN 1 */
  60:USB_Device/Target/usbd_conf.c **** static void SystemClockConfig_Resume(void);
  61:USB_Device/Target/usbd_conf.c **** 
  62:USB_Device/Target/usbd_conf.c **** /* USER CODE END 1 */
  63:USB_Device/Target/usbd_conf.c **** extern void SystemClock_Config(void);
  64:USB_Device/Target/usbd_conf.c **** 
  65:USB_Device/Target/usbd_conf.c **** /*******************************************************************************
  66:USB_Device/Target/usbd_conf.c ****                        LL Driver Callbacks (PCD -> USB Device Library)
  67:USB_Device/Target/usbd_conf.c **** *******************************************************************************/
  68:USB_Device/Target/usbd_conf.c **** /* MSP Init */
  69:USB_Device/Target/usbd_conf.c **** 
  70:USB_Device/Target/usbd_conf.c **** #if (USE_HAL_PCD_REGISTER_CALLBACKS == 1U)
  71:USB_Device/Target/usbd_conf.c **** static void HAL_PCD_MspInit(PCD_HandleTypeDef* pcdHandle)
  72:USB_Device/Target/usbd_conf.c **** #else
  73:USB_Device/Target/usbd_conf.c **** void HAL_PCD_MspInit(PCD_HandleTypeDef* pcdHandle)
  74:USB_Device/Target/usbd_conf.c **** #endif /* USE_HAL_PCD_REGISTER_CALLBACKS */
  75:USB_Device/Target/usbd_conf.c **** {
  76:USB_Device/Target/usbd_conf.c ****   GPIO_InitTypeDef GPIO_InitStruct = {0};
  77:USB_Device/Target/usbd_conf.c ****   RCC_PeriphCLKInitTypeDef PeriphClkInitStruct = {0};
  78:USB_Device/Target/usbd_conf.c ****   if(pcdHandle->Instance==USB)
  79:USB_Device/Target/usbd_conf.c ****   {
  80:USB_Device/Target/usbd_conf.c ****   /* USER CODE BEGIN USB_MspInit 0 */
  81:USB_Device/Target/usbd_conf.c **** 
  82:USB_Device/Target/usbd_conf.c ****   /* USER CODE END USB_MspInit 0 */
  83:USB_Device/Target/usbd_conf.c **** 
  84:USB_Device/Target/usbd_conf.c ****   /** Initializes the peripherals clock
  85:USB_Device/Target/usbd_conf.c ****   */
  86:USB_Device/Target/usbd_conf.c ****     PeriphClkInitStruct.PeriphClockSelection = RCC_PERIPHCLK_USB;
  87:USB_Device/Target/usbd_conf.c ****     PeriphClkInitStruct.PLLSAI1.PLLN = 24;
ARM GAS  C:\Users\Nathan\AppData\Local\Temp\ccTr5KrK.s 			page 3


  88:USB_Device/Target/usbd_conf.c ****     PeriphClkInitStruct.PLLSAI1.PLLP = RCC_PLLP_DIV2;
  89:USB_Device/Target/usbd_conf.c ****     PeriphClkInitStruct.PLLSAI1.PLLQ = RCC_PLLQ_DIV2;
  90:USB_Device/Target/usbd_conf.c ****     PeriphClkInitStruct.PLLSAI1.PLLR = RCC_PLLR_DIV2;
  91:USB_Device/Target/usbd_conf.c ****     PeriphClkInitStruct.PLLSAI1.PLLSAI1ClockOut = RCC_PLLSAI1_USBCLK;
  92:USB_Device/Target/usbd_conf.c ****     PeriphClkInitStruct.UsbClockSelection = RCC_USBCLKSOURCE_PLLSAI1;
  93:USB_Device/Target/usbd_conf.c ****     if (HAL_RCCEx_PeriphCLKConfig(&PeriphClkInitStruct) != HAL_OK)
  94:USB_Device/Target/usbd_conf.c ****     {
  95:USB_Device/Target/usbd_conf.c ****       Error_Handler();
  96:USB_Device/Target/usbd_conf.c ****     }
  97:USB_Device/Target/usbd_conf.c **** 
  98:USB_Device/Target/usbd_conf.c ****     __HAL_RCC_GPIOA_CLK_ENABLE();
  99:USB_Device/Target/usbd_conf.c ****     /**USB GPIO Configuration
 100:USB_Device/Target/usbd_conf.c ****     PA11     ------> USB_DM
 101:USB_Device/Target/usbd_conf.c ****     PA12     ------> USB_DP
 102:USB_Device/Target/usbd_conf.c ****     */
 103:USB_Device/Target/usbd_conf.c ****     GPIO_InitStruct.Pin = GPIO_PIN_11|GPIO_PIN_12;
 104:USB_Device/Target/usbd_conf.c ****     GPIO_InitStruct.Mode = GPIO_MODE_AF_PP;
 105:USB_Device/Target/usbd_conf.c ****     GPIO_InitStruct.Pull = GPIO_NOPULL;
 106:USB_Device/Target/usbd_conf.c ****     GPIO_InitStruct.Speed = GPIO_SPEED_FREQ_LOW;
 107:USB_Device/Target/usbd_conf.c ****     GPIO_InitStruct.Alternate = GPIO_AF10_USB;
 108:USB_Device/Target/usbd_conf.c ****     HAL_GPIO_Init(GPIOA, &GPIO_InitStruct);
 109:USB_Device/Target/usbd_conf.c **** 
 110:USB_Device/Target/usbd_conf.c ****     /* Peripheral clock enable */
 111:USB_Device/Target/usbd_conf.c ****     __HAL_RCC_USB_CLK_ENABLE();
 112:USB_Device/Target/usbd_conf.c **** 
 113:USB_Device/Target/usbd_conf.c ****     /* Peripheral interrupt init */
 114:USB_Device/Target/usbd_conf.c ****     HAL_NVIC_SetPriority(USB_LP_IRQn, 0, 0);
 115:USB_Device/Target/usbd_conf.c ****     HAL_NVIC_EnableIRQ(USB_LP_IRQn);
 116:USB_Device/Target/usbd_conf.c ****   /* USER CODE BEGIN USB_MspInit 1 */
 117:USB_Device/Target/usbd_conf.c **** 
 118:USB_Device/Target/usbd_conf.c ****   /* USER CODE END USB_MspInit 1 */
 119:USB_Device/Target/usbd_conf.c ****   }
 120:USB_Device/Target/usbd_conf.c **** }
 121:USB_Device/Target/usbd_conf.c **** 
 122:USB_Device/Target/usbd_conf.c **** #if (USE_HAL_PCD_REGISTER_CALLBACKS == 1U)
 123:USB_Device/Target/usbd_conf.c **** static void HAL_PCD_MspDeInit(PCD_HandleTypeDef* pcdHandle)
 124:USB_Device/Target/usbd_conf.c **** #else
 125:USB_Device/Target/usbd_conf.c **** void HAL_PCD_MspDeInit(PCD_HandleTypeDef* pcdHandle)
 126:USB_Device/Target/usbd_conf.c **** #endif /* USE_HAL_PCD_REGISTER_CALLBACKS */
 127:USB_Device/Target/usbd_conf.c **** {
 128:USB_Device/Target/usbd_conf.c ****   if(pcdHandle->Instance==USB)
 129:USB_Device/Target/usbd_conf.c ****   {
 130:USB_Device/Target/usbd_conf.c ****   /* USER CODE BEGIN USB_MspDeInit 0 */
 131:USB_Device/Target/usbd_conf.c **** 
 132:USB_Device/Target/usbd_conf.c ****   /* USER CODE END USB_MspDeInit 0 */
 133:USB_Device/Target/usbd_conf.c ****     /* Peripheral clock disable */
 134:USB_Device/Target/usbd_conf.c ****     __HAL_RCC_USB_CLK_DISABLE();
 135:USB_Device/Target/usbd_conf.c **** 
 136:USB_Device/Target/usbd_conf.c ****     /**USB GPIO Configuration
 137:USB_Device/Target/usbd_conf.c ****     PA11     ------> USB_DM
 138:USB_Device/Target/usbd_conf.c ****     PA12     ------> USB_DP
 139:USB_Device/Target/usbd_conf.c ****     */
 140:USB_Device/Target/usbd_conf.c ****     HAL_GPIO_DeInit(GPIOA, GPIO_PIN_11|GPIO_PIN_12);
 141:USB_Device/Target/usbd_conf.c **** 
 142:USB_Device/Target/usbd_conf.c ****     /* Peripheral interrupt Deinit*/
 143:USB_Device/Target/usbd_conf.c ****     HAL_NVIC_DisableIRQ(USB_LP_IRQn);
 144:USB_Device/Target/usbd_conf.c **** 
ARM GAS  C:\Users\Nathan\AppData\Local\Temp\ccTr5KrK.s 			page 4


 145:USB_Device/Target/usbd_conf.c ****   /* USER CODE BEGIN USB_MspDeInit 1 */
 146:USB_Device/Target/usbd_conf.c **** 
 147:USB_Device/Target/usbd_conf.c ****   /* USER CODE END USB_MspDeInit 1 */
 148:USB_Device/Target/usbd_conf.c ****   }
 149:USB_Device/Target/usbd_conf.c **** }
 150:USB_Device/Target/usbd_conf.c **** 
 151:USB_Device/Target/usbd_conf.c **** /**
 152:USB_Device/Target/usbd_conf.c ****   * @brief  Setup stage callback
 153:USB_Device/Target/usbd_conf.c ****   * @param  hpcd: PCD handle
 154:USB_Device/Target/usbd_conf.c ****   * @retval None
 155:USB_Device/Target/usbd_conf.c ****   */
 156:USB_Device/Target/usbd_conf.c **** #if (USE_HAL_PCD_REGISTER_CALLBACKS == 1U)
 157:USB_Device/Target/usbd_conf.c **** static void PCD_SetupStageCallback(PCD_HandleTypeDef *hpcd)
 158:USB_Device/Target/usbd_conf.c **** #else
 159:USB_Device/Target/usbd_conf.c **** void HAL_PCD_SetupStageCallback(PCD_HandleTypeDef *hpcd)
 160:USB_Device/Target/usbd_conf.c **** #endif /* USE_HAL_PCD_REGISTER_CALLBACKS */
 161:USB_Device/Target/usbd_conf.c **** {
 162:USB_Device/Target/usbd_conf.c ****   /* USER CODE BEGIN HAL_PCD_SetupStageCallback_PreTreatment */
 163:USB_Device/Target/usbd_conf.c **** 
 164:USB_Device/Target/usbd_conf.c ****   /* USER CODE END  HAL_PCD_SetupStageCallback_PreTreatment */
 165:USB_Device/Target/usbd_conf.c ****   USBD_LL_SetupStage((USBD_HandleTypeDef*)hpcd->pData, (uint8_t *)hpcd->Setup);
 166:USB_Device/Target/usbd_conf.c ****   /* USER CODE BEGIN HAL_PCD_SetupStageCallback_PostTreatment */
 167:USB_Device/Target/usbd_conf.c **** 
 168:USB_Device/Target/usbd_conf.c ****   /* USER CODE END  HAL_PCD_SetupStageCallback_PostTreatment */
 169:USB_Device/Target/usbd_conf.c **** }
 170:USB_Device/Target/usbd_conf.c **** 
 171:USB_Device/Target/usbd_conf.c **** /**
 172:USB_Device/Target/usbd_conf.c ****   * @brief  Data Out stage callback.
 173:USB_Device/Target/usbd_conf.c ****   * @param  hpcd: PCD handle
 174:USB_Device/Target/usbd_conf.c ****   * @param  epnum: Endpoint number
 175:USB_Device/Target/usbd_conf.c ****   * @retval None
 176:USB_Device/Target/usbd_conf.c ****   */
 177:USB_Device/Target/usbd_conf.c **** #if (USE_HAL_PCD_REGISTER_CALLBACKS == 1U)
 178:USB_Device/Target/usbd_conf.c **** static void PCD_DataOutStageCallback(PCD_HandleTypeDef *hpcd, uint8_t epnum)
 179:USB_Device/Target/usbd_conf.c **** #else
 180:USB_Device/Target/usbd_conf.c **** void HAL_PCD_DataOutStageCallback(PCD_HandleTypeDef *hpcd, uint8_t epnum)
 181:USB_Device/Target/usbd_conf.c **** #endif /* USE_HAL_PCD_REGISTER_CALLBACKS */
 182:USB_Device/Target/usbd_conf.c **** {
 183:USB_Device/Target/usbd_conf.c ****   /* USER CODE BEGIN HAL_PCD_DataOutStageCallback_PreTreatment */
 184:USB_Device/Target/usbd_conf.c **** 
 185:USB_Device/Target/usbd_conf.c ****   /* USER CODE END HAL_PCD_DataOutStageCallback_PreTreatment */
 186:USB_Device/Target/usbd_conf.c ****   USBD_LL_DataOutStage((USBD_HandleTypeDef*)hpcd->pData, epnum, hpcd->OUT_ep[epnum].xfer_buff);
 187:USB_Device/Target/usbd_conf.c ****   /* USER CODE BEGIN HAL_PCD_DataOutStageCallback_PostTreatment */
 188:USB_Device/Target/usbd_conf.c **** 
 189:USB_Device/Target/usbd_conf.c ****   /* USER CODE END HAL_PCD_DataOutStageCallback_PostTreatment */
 190:USB_Device/Target/usbd_conf.c **** }
 191:USB_Device/Target/usbd_conf.c **** 
 192:USB_Device/Target/usbd_conf.c **** /**
 193:USB_Device/Target/usbd_conf.c ****   * @brief  Data In stage callback.
 194:USB_Device/Target/usbd_conf.c ****   * @param  hpcd: PCD handle
 195:USB_Device/Target/usbd_conf.c ****   * @param  epnum: Endpoint number
 196:USB_Device/Target/usbd_conf.c ****   * @retval None
 197:USB_Device/Target/usbd_conf.c ****   */
 198:USB_Device/Target/usbd_conf.c **** #if (USE_HAL_PCD_REGISTER_CALLBACKS == 1U)
 199:USB_Device/Target/usbd_conf.c **** static void PCD_DataInStageCallback(PCD_HandleTypeDef *hpcd, uint8_t epnum)
 200:USB_Device/Target/usbd_conf.c **** #else
 201:USB_Device/Target/usbd_conf.c **** void HAL_PCD_DataInStageCallback(PCD_HandleTypeDef *hpcd, uint8_t epnum)
ARM GAS  C:\Users\Nathan\AppData\Local\Temp\ccTr5KrK.s 			page 5


 202:USB_Device/Target/usbd_conf.c **** #endif /* USE_HAL_PCD_REGISTER_CALLBACKS */
 203:USB_Device/Target/usbd_conf.c **** {
 204:USB_Device/Target/usbd_conf.c ****   /* USER CODE BEGIN HAL_PCD_DataInStageCallback_PreTreatment */
 205:USB_Device/Target/usbd_conf.c **** 
 206:USB_Device/Target/usbd_conf.c ****   /* USER CODE END HAL_PCD_DataInStageCallback_PreTreatment */
 207:USB_Device/Target/usbd_conf.c ****   USBD_LL_DataInStage((USBD_HandleTypeDef*)hpcd->pData, epnum, hpcd->IN_ep[epnum].xfer_buff);
 208:USB_Device/Target/usbd_conf.c ****   /* USER CODE BEGIN HAL_PCD_DataInStageCallback_PostTreatment  */
 209:USB_Device/Target/usbd_conf.c **** 
 210:USB_Device/Target/usbd_conf.c ****   /* USER CODE END HAL_PCD_DataInStageCallback_PostTreatment */
 211:USB_Device/Target/usbd_conf.c **** }
 212:USB_Device/Target/usbd_conf.c **** 
 213:USB_Device/Target/usbd_conf.c **** /**
 214:USB_Device/Target/usbd_conf.c ****   * @brief  SOF callback.
 215:USB_Device/Target/usbd_conf.c ****   * @param  hpcd: PCD handle
 216:USB_Device/Target/usbd_conf.c ****   * @retval None
 217:USB_Device/Target/usbd_conf.c ****   */
 218:USB_Device/Target/usbd_conf.c **** #if (USE_HAL_PCD_REGISTER_CALLBACKS == 1U)
 219:USB_Device/Target/usbd_conf.c **** static void PCD_SOFCallback(PCD_HandleTypeDef *hpcd)
 220:USB_Device/Target/usbd_conf.c **** #else
 221:USB_Device/Target/usbd_conf.c **** void HAL_PCD_SOFCallback(PCD_HandleTypeDef *hpcd)
 222:USB_Device/Target/usbd_conf.c **** #endif /* USE_HAL_PCD_REGISTER_CALLBACKS */
 223:USB_Device/Target/usbd_conf.c **** {
 224:USB_Device/Target/usbd_conf.c ****   /* USER CODE BEGIN HAL_PCD_SOFCallback_PreTreatment */
 225:USB_Device/Target/usbd_conf.c **** 
 226:USB_Device/Target/usbd_conf.c ****   /* USER CODE END HAL_PCD_SOFCallback_PreTreatment */
 227:USB_Device/Target/usbd_conf.c ****   USBD_LL_SOF((USBD_HandleTypeDef*)hpcd->pData);
 228:USB_Device/Target/usbd_conf.c ****   /* USER CODE BEGIN HAL_PCD_SOFCallback_PostTreatment */
 229:USB_Device/Target/usbd_conf.c **** 
 230:USB_Device/Target/usbd_conf.c ****   /* USER CODE END HAL_PCD_SOFCallback_PostTreatment */
 231:USB_Device/Target/usbd_conf.c **** }
 232:USB_Device/Target/usbd_conf.c **** 
 233:USB_Device/Target/usbd_conf.c **** /**
 234:USB_Device/Target/usbd_conf.c ****   * @brief  Reset callback.
 235:USB_Device/Target/usbd_conf.c ****   * @param  hpcd: PCD handle
 236:USB_Device/Target/usbd_conf.c ****   * @retval None
 237:USB_Device/Target/usbd_conf.c ****   */
 238:USB_Device/Target/usbd_conf.c **** #if (USE_HAL_PCD_REGISTER_CALLBACKS == 1U)
 239:USB_Device/Target/usbd_conf.c **** static void PCD_ResetCallback(PCD_HandleTypeDef *hpcd)
 240:USB_Device/Target/usbd_conf.c **** #else
 241:USB_Device/Target/usbd_conf.c **** void HAL_PCD_ResetCallback(PCD_HandleTypeDef *hpcd)
 242:USB_Device/Target/usbd_conf.c **** #endif /* USE_HAL_PCD_REGISTER_CALLBACKS */
 243:USB_Device/Target/usbd_conf.c **** {
 244:USB_Device/Target/usbd_conf.c ****   /* USER CODE BEGIN HAL_PCD_ResetCallback_PreTreatment */
 245:USB_Device/Target/usbd_conf.c **** 
 246:USB_Device/Target/usbd_conf.c ****   /* USER CODE END HAL_PCD_ResetCallback_PreTreatment */
 247:USB_Device/Target/usbd_conf.c ****   USBD_SpeedTypeDef speed = USBD_SPEED_FULL;
 248:USB_Device/Target/usbd_conf.c **** 
 249:USB_Device/Target/usbd_conf.c ****   if ( hpcd->Init.speed != PCD_SPEED_FULL)
 250:USB_Device/Target/usbd_conf.c ****   {
 251:USB_Device/Target/usbd_conf.c ****     Error_Handler();
 252:USB_Device/Target/usbd_conf.c ****   }
 253:USB_Device/Target/usbd_conf.c ****     /* Set Speed. */
 254:USB_Device/Target/usbd_conf.c ****   USBD_LL_SetSpeed((USBD_HandleTypeDef*)hpcd->pData, speed);
 255:USB_Device/Target/usbd_conf.c **** 
 256:USB_Device/Target/usbd_conf.c ****   /* Reset Device. */
 257:USB_Device/Target/usbd_conf.c ****   USBD_LL_Reset((USBD_HandleTypeDef*)hpcd->pData);
 258:USB_Device/Target/usbd_conf.c ****   /* USER CODE BEGIN HAL_PCD_ResetCallback_PostTreatment */
ARM GAS  C:\Users\Nathan\AppData\Local\Temp\ccTr5KrK.s 			page 6


 259:USB_Device/Target/usbd_conf.c **** 
 260:USB_Device/Target/usbd_conf.c ****   /* USER CODE END HAL_PCD_ResetCallback_PostTreatment */
 261:USB_Device/Target/usbd_conf.c **** }
 262:USB_Device/Target/usbd_conf.c **** 
 263:USB_Device/Target/usbd_conf.c **** /**
 264:USB_Device/Target/usbd_conf.c ****   * @brief  Suspend callback.
 265:USB_Device/Target/usbd_conf.c ****   * When Low power mode is enabled the debug cannot be used (IAR, Keil doesn't support it)
 266:USB_Device/Target/usbd_conf.c ****   * @param  hpcd: PCD handle
 267:USB_Device/Target/usbd_conf.c ****   * @retval None
 268:USB_Device/Target/usbd_conf.c ****   */
 269:USB_Device/Target/usbd_conf.c **** #if (USE_HAL_PCD_REGISTER_CALLBACKS == 1U)
 270:USB_Device/Target/usbd_conf.c **** static void PCD_SuspendCallback(PCD_HandleTypeDef *hpcd)
 271:USB_Device/Target/usbd_conf.c **** #else
 272:USB_Device/Target/usbd_conf.c **** void HAL_PCD_SuspendCallback(PCD_HandleTypeDef *hpcd)
 273:USB_Device/Target/usbd_conf.c **** #endif /* USE_HAL_PCD_REGISTER_CALLBACKS */
 274:USB_Device/Target/usbd_conf.c **** {
 275:USB_Device/Target/usbd_conf.c ****   /* USER CODE BEGIN HAL_PCD_SuspendCallback_PreTreatment */
 276:USB_Device/Target/usbd_conf.c **** 
 277:USB_Device/Target/usbd_conf.c ****   /* USER CODE END HAL_PCD_SuspendCallback_PreTreatment */
 278:USB_Device/Target/usbd_conf.c ****   /* Inform USB library that core enters in suspend Mode. */
 279:USB_Device/Target/usbd_conf.c ****   USBD_LL_Suspend((USBD_HandleTypeDef*)hpcd->pData);
 280:USB_Device/Target/usbd_conf.c ****   /* Enter in STOP mode. */
 281:USB_Device/Target/usbd_conf.c ****   /* USER CODE BEGIN 2 */
 282:USB_Device/Target/usbd_conf.c ****   if (hpcd->Init.low_power_enable)
 283:USB_Device/Target/usbd_conf.c ****   {
 284:USB_Device/Target/usbd_conf.c ****     /* Set SLEEPDEEP bit and SleepOnExit of Cortex System Control Register. */
 285:USB_Device/Target/usbd_conf.c ****     SCB->SCR |= (uint32_t)((uint32_t)(SCB_SCR_SLEEPDEEP_Msk | SCB_SCR_SLEEPONEXIT_Msk));
 286:USB_Device/Target/usbd_conf.c ****   }
 287:USB_Device/Target/usbd_conf.c ****   /* USER CODE END 2 */
 288:USB_Device/Target/usbd_conf.c ****   /* USER CODE BEGIN HAL_PCD_SuspendCallback_PostTreatment */
 289:USB_Device/Target/usbd_conf.c **** 
 290:USB_Device/Target/usbd_conf.c ****   /* USER CODE END HAL_PCD_SuspendCallback_PostTreatment */
 291:USB_Device/Target/usbd_conf.c **** }
 292:USB_Device/Target/usbd_conf.c **** 
 293:USB_Device/Target/usbd_conf.c **** /**
 294:USB_Device/Target/usbd_conf.c ****   * @brief  Resume callback.
 295:USB_Device/Target/usbd_conf.c ****   * When Low power mode is enabled the debug cannot be used (IAR, Keil doesn't support it)
 296:USB_Device/Target/usbd_conf.c ****   * @param  hpcd: PCD handle
 297:USB_Device/Target/usbd_conf.c ****   * @retval None
 298:USB_Device/Target/usbd_conf.c ****   */
 299:USB_Device/Target/usbd_conf.c **** #if (USE_HAL_PCD_REGISTER_CALLBACKS == 1U)
 300:USB_Device/Target/usbd_conf.c **** static void PCD_ResumeCallback(PCD_HandleTypeDef *hpcd)
 301:USB_Device/Target/usbd_conf.c **** #else
 302:USB_Device/Target/usbd_conf.c **** void HAL_PCD_ResumeCallback(PCD_HandleTypeDef *hpcd)
 303:USB_Device/Target/usbd_conf.c **** #endif /* USE_HAL_PCD_REGISTER_CALLBACKS */
 304:USB_Device/Target/usbd_conf.c **** {
 305:USB_Device/Target/usbd_conf.c ****   /* USER CODE BEGIN HAL_PCD_ResumeCallback_PreTreatment */
 306:USB_Device/Target/usbd_conf.c **** 
 307:USB_Device/Target/usbd_conf.c ****   /* USER CODE END HAL_PCD_ResumeCallback_PreTreatment */
 308:USB_Device/Target/usbd_conf.c **** 
 309:USB_Device/Target/usbd_conf.c ****   /* USER CODE BEGIN 3 */
 310:USB_Device/Target/usbd_conf.c ****   if (hpcd->Init.low_power_enable)
 311:USB_Device/Target/usbd_conf.c ****   {
 312:USB_Device/Target/usbd_conf.c ****     /* Reset SLEEPDEEP bit of Cortex System Control Register. */
 313:USB_Device/Target/usbd_conf.c ****     SCB->SCR &= (uint32_t)~((uint32_t)(SCB_SCR_SLEEPDEEP_Msk | SCB_SCR_SLEEPONEXIT_Msk));
 314:USB_Device/Target/usbd_conf.c ****     SystemClockConfig_Resume();
 315:USB_Device/Target/usbd_conf.c ****   }
ARM GAS  C:\Users\Nathan\AppData\Local\Temp\ccTr5KrK.s 			page 7


 316:USB_Device/Target/usbd_conf.c ****   /* USER CODE END 3 */
 317:USB_Device/Target/usbd_conf.c **** 
 318:USB_Device/Target/usbd_conf.c ****   USBD_LL_Resume((USBD_HandleTypeDef*)hpcd->pData);
 319:USB_Device/Target/usbd_conf.c ****   /* USER CODE BEGIN HAL_PCD_ResumeCallback_PostTreatment */
 320:USB_Device/Target/usbd_conf.c **** 
 321:USB_Device/Target/usbd_conf.c ****   /* USER CODE END HAL_PCD_ResumeCallback_PostTreatment */
 322:USB_Device/Target/usbd_conf.c **** }
 323:USB_Device/Target/usbd_conf.c **** 
 324:USB_Device/Target/usbd_conf.c **** /**
 325:USB_Device/Target/usbd_conf.c ****   * @brief  ISOOUTIncomplete callback.
 326:USB_Device/Target/usbd_conf.c ****   * @param  hpcd: PCD handle
 327:USB_Device/Target/usbd_conf.c ****   * @param  epnum: Endpoint number
 328:USB_Device/Target/usbd_conf.c ****   * @retval None
 329:USB_Device/Target/usbd_conf.c ****   */
 330:USB_Device/Target/usbd_conf.c **** #if (USE_HAL_PCD_REGISTER_CALLBACKS == 1U)
 331:USB_Device/Target/usbd_conf.c **** static void PCD_ISOOUTIncompleteCallback(PCD_HandleTypeDef *hpcd, uint8_t epnum)
 332:USB_Device/Target/usbd_conf.c **** #else
 333:USB_Device/Target/usbd_conf.c **** void HAL_PCD_ISOOUTIncompleteCallback(PCD_HandleTypeDef *hpcd, uint8_t epnum)
 334:USB_Device/Target/usbd_conf.c **** #endif /* USE_HAL_PCD_REGISTER_CALLBACKS */
 335:USB_Device/Target/usbd_conf.c **** {
 336:USB_Device/Target/usbd_conf.c ****   /* USER CODE BEGIN HAL_PCD_ISOOUTIncompleteCallback_PreTreatment */
 337:USB_Device/Target/usbd_conf.c **** 
 338:USB_Device/Target/usbd_conf.c ****   /* USER CODE END HAL_PCD_ISOOUTIncompleteCallback_PreTreatment */
 339:USB_Device/Target/usbd_conf.c ****   USBD_LL_IsoOUTIncomplete((USBD_HandleTypeDef*)hpcd->pData, epnum);
 340:USB_Device/Target/usbd_conf.c ****   /* USER CODE BEGIN HAL_PCD_ISOOUTIncompleteCallback_PostTreatment */
 341:USB_Device/Target/usbd_conf.c **** 
 342:USB_Device/Target/usbd_conf.c ****   /* USER CODE END HAL_PCD_ISOOUTIncompleteCallback_PostTreatment */
 343:USB_Device/Target/usbd_conf.c **** }
 344:USB_Device/Target/usbd_conf.c **** 
 345:USB_Device/Target/usbd_conf.c **** /**
 346:USB_Device/Target/usbd_conf.c ****   * @brief  ISOINIncomplete callback.
 347:USB_Device/Target/usbd_conf.c ****   * @param  hpcd: PCD handle
 348:USB_Device/Target/usbd_conf.c ****   * @param  epnum: Endpoint number
 349:USB_Device/Target/usbd_conf.c ****   * @retval None
 350:USB_Device/Target/usbd_conf.c ****   */
 351:USB_Device/Target/usbd_conf.c **** #if (USE_HAL_PCD_REGISTER_CALLBACKS == 1U)
 352:USB_Device/Target/usbd_conf.c **** static void PCD_ISOINIncompleteCallback(PCD_HandleTypeDef *hpcd, uint8_t epnum)
 353:USB_Device/Target/usbd_conf.c **** #else
 354:USB_Device/Target/usbd_conf.c **** void HAL_PCD_ISOINIncompleteCallback(PCD_HandleTypeDef *hpcd, uint8_t epnum)
 355:USB_Device/Target/usbd_conf.c **** #endif /* USE_HAL_PCD_REGISTER_CALLBACKS */
 356:USB_Device/Target/usbd_conf.c **** {
 357:USB_Device/Target/usbd_conf.c ****   /* USER CODE BEGIN HAL_PCD_ISOINIncompleteCallback_PreTreatment */
 358:USB_Device/Target/usbd_conf.c **** 
 359:USB_Device/Target/usbd_conf.c ****   /* USER CODE END HAL_PCD_ISOINIncompleteCallback_PreTreatment */
 360:USB_Device/Target/usbd_conf.c ****   USBD_LL_IsoINIncomplete((USBD_HandleTypeDef*)hpcd->pData, epnum);
 361:USB_Device/Target/usbd_conf.c ****   /* USER CODE BEGIN HAL_PCD_ISOINIncompleteCallback_PostTreatment */
 362:USB_Device/Target/usbd_conf.c **** 
 363:USB_Device/Target/usbd_conf.c ****   /* USER CODE END HAL_PCD_ISOINIncompleteCallback_PostTreatment */
 364:USB_Device/Target/usbd_conf.c **** }
 365:USB_Device/Target/usbd_conf.c **** 
 366:USB_Device/Target/usbd_conf.c **** /**
 367:USB_Device/Target/usbd_conf.c ****   * @brief  Connect callback.
 368:USB_Device/Target/usbd_conf.c ****   * @param  hpcd: PCD handle
 369:USB_Device/Target/usbd_conf.c ****   * @retval None
 370:USB_Device/Target/usbd_conf.c ****   */
 371:USB_Device/Target/usbd_conf.c **** #if (USE_HAL_PCD_REGISTER_CALLBACKS == 1U)
 372:USB_Device/Target/usbd_conf.c **** static void PCD_ConnectCallback(PCD_HandleTypeDef *hpcd)
ARM GAS  C:\Users\Nathan\AppData\Local\Temp\ccTr5KrK.s 			page 8


 373:USB_Device/Target/usbd_conf.c **** #else
 374:USB_Device/Target/usbd_conf.c **** void HAL_PCD_ConnectCallback(PCD_HandleTypeDef *hpcd)
 375:USB_Device/Target/usbd_conf.c **** #endif /* USE_HAL_PCD_REGISTER_CALLBACKS */
 376:USB_Device/Target/usbd_conf.c **** {
 377:USB_Device/Target/usbd_conf.c ****   /* USER CODE BEGIN HAL_PCD_ConnectCallback_PreTreatment */
 378:USB_Device/Target/usbd_conf.c **** 
 379:USB_Device/Target/usbd_conf.c ****   /* USER CODE END HAL_PCD_ConnectCallback_PreTreatment */
 380:USB_Device/Target/usbd_conf.c ****   USBD_LL_DevConnected((USBD_HandleTypeDef*)hpcd->pData);
 381:USB_Device/Target/usbd_conf.c ****   /* USER CODE BEGIN HAL_PCD_ConnectCallback_PostTreatment */
 382:USB_Device/Target/usbd_conf.c **** 
 383:USB_Device/Target/usbd_conf.c ****   /* USER CODE END HAL_PCD_ConnectCallback_PostTreatment */
 384:USB_Device/Target/usbd_conf.c **** }
 385:USB_Device/Target/usbd_conf.c **** 
 386:USB_Device/Target/usbd_conf.c **** /**
 387:USB_Device/Target/usbd_conf.c ****   * @brief  Disconnect callback.
 388:USB_Device/Target/usbd_conf.c ****   * @param  hpcd: PCD handle
 389:USB_Device/Target/usbd_conf.c ****   * @retval None
 390:USB_Device/Target/usbd_conf.c ****   */
 391:USB_Device/Target/usbd_conf.c **** #if (USE_HAL_PCD_REGISTER_CALLBACKS == 1U)
 392:USB_Device/Target/usbd_conf.c **** static void PCD_DisconnectCallback(PCD_HandleTypeDef *hpcd)
 393:USB_Device/Target/usbd_conf.c **** #else
 394:USB_Device/Target/usbd_conf.c **** void HAL_PCD_DisconnectCallback(PCD_HandleTypeDef *hpcd)
 395:USB_Device/Target/usbd_conf.c **** #endif /* USE_HAL_PCD_REGISTER_CALLBACKS */
 396:USB_Device/Target/usbd_conf.c **** {
 397:USB_Device/Target/usbd_conf.c ****   /* USER CODE BEGIN HAL_PCD_DisconnectCallback_PreTreatment */
 398:USB_Device/Target/usbd_conf.c **** 
 399:USB_Device/Target/usbd_conf.c ****   /* USER CODE END HAL_PCD_DisconnectCallback_PreTreatment */
 400:USB_Device/Target/usbd_conf.c ****   USBD_LL_DevDisconnected((USBD_HandleTypeDef*)hpcd->pData);
 401:USB_Device/Target/usbd_conf.c ****   /* USER CODE BEGIN HAL_PCD_DisconnectCallback_PostTreatment */
 402:USB_Device/Target/usbd_conf.c **** 
 403:USB_Device/Target/usbd_conf.c ****   /* USER CODE END HAL_PCD_DisconnectCallback_PostTreatment */
 404:USB_Device/Target/usbd_conf.c **** }
 405:USB_Device/Target/usbd_conf.c **** 
 406:USB_Device/Target/usbd_conf.c ****   /* USER CODE BEGIN LowLevelInterface */
 407:USB_Device/Target/usbd_conf.c **** 
 408:USB_Device/Target/usbd_conf.c ****   /* USER CODE END LowLevelInterface */
 409:USB_Device/Target/usbd_conf.c **** 
 410:USB_Device/Target/usbd_conf.c **** /*******************************************************************************
 411:USB_Device/Target/usbd_conf.c ****                        LL Driver Interface (USB Device Library --> PCD)
 412:USB_Device/Target/usbd_conf.c **** *******************************************************************************/
 413:USB_Device/Target/usbd_conf.c **** 
 414:USB_Device/Target/usbd_conf.c **** /**
 415:USB_Device/Target/usbd_conf.c ****   * @brief  Initializes the low level portion of the device driver.
 416:USB_Device/Target/usbd_conf.c ****   * @param  pdev: Device handle
 417:USB_Device/Target/usbd_conf.c ****   * @retval USBD status
 418:USB_Device/Target/usbd_conf.c ****   */
 419:USB_Device/Target/usbd_conf.c **** USBD_StatusTypeDef USBD_LL_Init(USBD_HandleTypeDef *pdev)
 420:USB_Device/Target/usbd_conf.c **** {
 421:USB_Device/Target/usbd_conf.c ****   /* Init USB Ip. */
 422:USB_Device/Target/usbd_conf.c ****   hpcd_USB_FS.pData = pdev;
 423:USB_Device/Target/usbd_conf.c ****   /* Link the driver to the stack. */
 424:USB_Device/Target/usbd_conf.c ****   pdev->pData = &hpcd_USB_FS;
 425:USB_Device/Target/usbd_conf.c **** /* Enable USB power on Pwrctrl CR2 register. */
 426:USB_Device/Target/usbd_conf.c ****   HAL_PWREx_EnableVddUSB();
 427:USB_Device/Target/usbd_conf.c **** 
 428:USB_Device/Target/usbd_conf.c ****   hpcd_USB_FS.Instance = USB;
 429:USB_Device/Target/usbd_conf.c ****   hpcd_USB_FS.Init.dev_endpoints = 8;
ARM GAS  C:\Users\Nathan\AppData\Local\Temp\ccTr5KrK.s 			page 9


 430:USB_Device/Target/usbd_conf.c ****   hpcd_USB_FS.Init.speed = PCD_SPEED_FULL;
 431:USB_Device/Target/usbd_conf.c ****   hpcd_USB_FS.Init.phy_itface = PCD_PHY_EMBEDDED;
 432:USB_Device/Target/usbd_conf.c ****   hpcd_USB_FS.Init.Sof_enable = DISABLE;
 433:USB_Device/Target/usbd_conf.c ****   hpcd_USB_FS.Init.low_power_enable = DISABLE;
 434:USB_Device/Target/usbd_conf.c ****   hpcd_USB_FS.Init.lpm_enable = DISABLE;
 435:USB_Device/Target/usbd_conf.c ****   hpcd_USB_FS.Init.battery_charging_enable = DISABLE;
 436:USB_Device/Target/usbd_conf.c **** 
 437:USB_Device/Target/usbd_conf.c ****   #if (USE_HAL_PCD_REGISTER_CALLBACKS == 1U)
 438:USB_Device/Target/usbd_conf.c ****   /* register Msp Callbacks (before the Init) */
 439:USB_Device/Target/usbd_conf.c ****   HAL_PCD_RegisterCallback(&hpcd_USB_FS, HAL_PCD_MSPINIT_CB_ID, PCD_MspInit);
 440:USB_Device/Target/usbd_conf.c ****   HAL_PCD_RegisterCallback(&hpcd_USB_FS, HAL_PCD_MSPDEINIT_CB_ID, PCD_MspDeInit);
 441:USB_Device/Target/usbd_conf.c ****   #endif /* USE_HAL_PCD_REGISTER_CALLBACKS */
 442:USB_Device/Target/usbd_conf.c **** 
 443:USB_Device/Target/usbd_conf.c ****   if (HAL_PCD_Init(&hpcd_USB_FS) != HAL_OK)
 444:USB_Device/Target/usbd_conf.c ****   {
 445:USB_Device/Target/usbd_conf.c ****     Error_Handler( );
 446:USB_Device/Target/usbd_conf.c ****   }
 447:USB_Device/Target/usbd_conf.c **** 
 448:USB_Device/Target/usbd_conf.c **** #if (USE_HAL_PCD_REGISTER_CALLBACKS == 1U)
 449:USB_Device/Target/usbd_conf.c ****   /* Register USB PCD CallBacks */
 450:USB_Device/Target/usbd_conf.c ****   HAL_PCD_RegisterCallback(&hpcd_USB_FS, HAL_PCD_SOF_CB_ID, PCD_SOFCallback);
 451:USB_Device/Target/usbd_conf.c ****   HAL_PCD_RegisterCallback(&hpcd_USB_FS, HAL_PCD_SETUPSTAGE_CB_ID, PCD_SetupStageCallback);
 452:USB_Device/Target/usbd_conf.c ****   HAL_PCD_RegisterCallback(&hpcd_USB_FS, HAL_PCD_RESET_CB_ID, PCD_ResetCallback);
 453:USB_Device/Target/usbd_conf.c ****   HAL_PCD_RegisterCallback(&hpcd_USB_FS, HAL_PCD_SUSPEND_CB_ID, PCD_SuspendCallback);
 454:USB_Device/Target/usbd_conf.c ****   HAL_PCD_RegisterCallback(&hpcd_USB_FS, HAL_PCD_RESUME_CB_ID, PCD_ResumeCallback);
 455:USB_Device/Target/usbd_conf.c ****   HAL_PCD_RegisterCallback(&hpcd_USB_FS, HAL_PCD_CONNECT_CB_ID, PCD_ConnectCallback);
 456:USB_Device/Target/usbd_conf.c ****   HAL_PCD_RegisterCallback(&hpcd_USB_FS, HAL_PCD_DISCONNECT_CB_ID, PCD_DisconnectCallback);
 457:USB_Device/Target/usbd_conf.c ****   /* USER CODE BEGIN RegisterCallBackFirstPart */
 458:USB_Device/Target/usbd_conf.c **** 
 459:USB_Device/Target/usbd_conf.c ****   /* USER CODE END RegisterCallBackFirstPart */
 460:USB_Device/Target/usbd_conf.c ****   HAL_PCD_RegisterLpmCallback(&hpcd_USB_FS, PCDEx_LPM_Callback);
 461:USB_Device/Target/usbd_conf.c ****   HAL_PCD_RegisterDataOutStageCallback(&hpcd_USB_FS, PCD_DataOutStageCallback);
 462:USB_Device/Target/usbd_conf.c ****   HAL_PCD_RegisterDataInStageCallback(&hpcd_USB_FS, PCD_DataInStageCallback);
 463:USB_Device/Target/usbd_conf.c ****   HAL_PCD_RegisterIsoOutIncpltCallback(&hpcd_USB_FS, PCD_ISOOUTIncompleteCallback);
 464:USB_Device/Target/usbd_conf.c ****   HAL_PCD_RegisterIsoInIncpltCallback(&hpcd_USB_FS, PCD_ISOINIncompleteCallback);
 465:USB_Device/Target/usbd_conf.c ****   /* USER CODE BEGIN RegisterCallBackSecondPart */
 466:USB_Device/Target/usbd_conf.c **** 
 467:USB_Device/Target/usbd_conf.c ****   /* USER CODE END RegisterCallBackSecondPart */
 468:USB_Device/Target/usbd_conf.c **** #endif /* USE_HAL_PCD_REGISTER_CALLBACKS */
 469:USB_Device/Target/usbd_conf.c ****   /* USER CODE BEGIN EndPoint_Configuration */
 470:USB_Device/Target/usbd_conf.c ****   HAL_PCDEx_PMAConfig((PCD_HandleTypeDef*)pdev->pData , 0x00 , PCD_SNG_BUF, 0x18);
 471:USB_Device/Target/usbd_conf.c ****   HAL_PCDEx_PMAConfig((PCD_HandleTypeDef*)pdev->pData , 0x80 , PCD_SNG_BUF, 0x58);
 472:USB_Device/Target/usbd_conf.c ****   /* USER CODE END EndPoint_Configuration */
 473:USB_Device/Target/usbd_conf.c ****   /* USER CODE BEGIN EndPoint_Configuration_CDC */
 474:USB_Device/Target/usbd_conf.c ****   HAL_PCDEx_PMAConfig((PCD_HandleTypeDef*)pdev->pData , 0x81 , PCD_SNG_BUF, 0xC0);
 475:USB_Device/Target/usbd_conf.c ****   HAL_PCDEx_PMAConfig((PCD_HandleTypeDef*)pdev->pData , 0x01 , PCD_SNG_BUF, 0x110);
 476:USB_Device/Target/usbd_conf.c ****   HAL_PCDEx_PMAConfig((PCD_HandleTypeDef*)pdev->pData , 0x82 , PCD_SNG_BUF, 0x100);
 477:USB_Device/Target/usbd_conf.c ****   /* USER CODE END EndPoint_Configuration_CDC */
 478:USB_Device/Target/usbd_conf.c ****   return USBD_OK;
 479:USB_Device/Target/usbd_conf.c **** }
 480:USB_Device/Target/usbd_conf.c **** 
 481:USB_Device/Target/usbd_conf.c **** /**
 482:USB_Device/Target/usbd_conf.c ****   * @brief  De-Initializes the low level portion of the device driver.
 483:USB_Device/Target/usbd_conf.c ****   * @param  pdev: Device handle
 484:USB_Device/Target/usbd_conf.c ****   * @retval USBD status
 485:USB_Device/Target/usbd_conf.c ****   */
 486:USB_Device/Target/usbd_conf.c **** USBD_StatusTypeDef USBD_LL_DeInit(USBD_HandleTypeDef *pdev)
ARM GAS  C:\Users\Nathan\AppData\Local\Temp\ccTr5KrK.s 			page 10


 487:USB_Device/Target/usbd_conf.c **** {
 488:USB_Device/Target/usbd_conf.c ****   HAL_StatusTypeDef hal_status = HAL_OK;
 489:USB_Device/Target/usbd_conf.c ****   USBD_StatusTypeDef usb_status = USBD_OK;
 490:USB_Device/Target/usbd_conf.c **** 
 491:USB_Device/Target/usbd_conf.c ****   hal_status = HAL_PCD_DeInit(pdev->pData);
 492:USB_Device/Target/usbd_conf.c **** 
 493:USB_Device/Target/usbd_conf.c ****   usb_status =  USBD_Get_USB_Status(hal_status);
 494:USB_Device/Target/usbd_conf.c **** 
 495:USB_Device/Target/usbd_conf.c ****   return usb_status;
 496:USB_Device/Target/usbd_conf.c **** }
 497:USB_Device/Target/usbd_conf.c **** 
 498:USB_Device/Target/usbd_conf.c **** /**
 499:USB_Device/Target/usbd_conf.c ****   * @brief  Starts the low level portion of the device driver.
 500:USB_Device/Target/usbd_conf.c ****   * @param  pdev: Device handle
 501:USB_Device/Target/usbd_conf.c ****   * @retval USBD status
 502:USB_Device/Target/usbd_conf.c ****   */
 503:USB_Device/Target/usbd_conf.c **** USBD_StatusTypeDef USBD_LL_Start(USBD_HandleTypeDef *pdev)
 504:USB_Device/Target/usbd_conf.c **** {
 505:USB_Device/Target/usbd_conf.c ****   HAL_StatusTypeDef hal_status = HAL_OK;
 506:USB_Device/Target/usbd_conf.c ****   USBD_StatusTypeDef usb_status = USBD_OK;
 507:USB_Device/Target/usbd_conf.c **** 
 508:USB_Device/Target/usbd_conf.c ****   hal_status = HAL_PCD_Start(pdev->pData);
 509:USB_Device/Target/usbd_conf.c **** 
 510:USB_Device/Target/usbd_conf.c ****   usb_status =  USBD_Get_USB_Status(hal_status);
 511:USB_Device/Target/usbd_conf.c **** 
 512:USB_Device/Target/usbd_conf.c ****   return usb_status;
 513:USB_Device/Target/usbd_conf.c **** }
 514:USB_Device/Target/usbd_conf.c **** 
 515:USB_Device/Target/usbd_conf.c **** /**
 516:USB_Device/Target/usbd_conf.c ****   * @brief  Stops the low level portion of the device driver.
 517:USB_Device/Target/usbd_conf.c ****   * @param  pdev: Device handle
 518:USB_Device/Target/usbd_conf.c ****   * @retval USBD status
 519:USB_Device/Target/usbd_conf.c ****   */
 520:USB_Device/Target/usbd_conf.c **** USBD_StatusTypeDef USBD_LL_Stop(USBD_HandleTypeDef *pdev)
 521:USB_Device/Target/usbd_conf.c **** {
 522:USB_Device/Target/usbd_conf.c ****   HAL_StatusTypeDef hal_status = HAL_OK;
 523:USB_Device/Target/usbd_conf.c ****   USBD_StatusTypeDef usb_status = USBD_OK;
 524:USB_Device/Target/usbd_conf.c **** 
 525:USB_Device/Target/usbd_conf.c ****   hal_status = HAL_PCD_Stop(pdev->pData);
 526:USB_Device/Target/usbd_conf.c **** 
 527:USB_Device/Target/usbd_conf.c ****   usb_status =  USBD_Get_USB_Status(hal_status);
 528:USB_Device/Target/usbd_conf.c **** 
 529:USB_Device/Target/usbd_conf.c ****   return usb_status;
 530:USB_Device/Target/usbd_conf.c **** }
 531:USB_Device/Target/usbd_conf.c **** 
 532:USB_Device/Target/usbd_conf.c **** /**
 533:USB_Device/Target/usbd_conf.c ****   * @brief  Opens an endpoint of the low level driver.
 534:USB_Device/Target/usbd_conf.c ****   * @param  pdev: Device handle
 535:USB_Device/Target/usbd_conf.c ****   * @param  ep_addr: Endpoint number
 536:USB_Device/Target/usbd_conf.c ****   * @param  ep_type: Endpoint type
 537:USB_Device/Target/usbd_conf.c ****   * @param  ep_mps: Endpoint max packet size
 538:USB_Device/Target/usbd_conf.c ****   * @retval USBD status
 539:USB_Device/Target/usbd_conf.c ****   */
 540:USB_Device/Target/usbd_conf.c **** USBD_StatusTypeDef USBD_LL_OpenEP(USBD_HandleTypeDef *pdev, uint8_t ep_addr, uint8_t ep_type, uint1
 541:USB_Device/Target/usbd_conf.c **** {
 542:USB_Device/Target/usbd_conf.c ****   HAL_StatusTypeDef hal_status = HAL_OK;
 543:USB_Device/Target/usbd_conf.c ****   USBD_StatusTypeDef usb_status = USBD_OK;
ARM GAS  C:\Users\Nathan\AppData\Local\Temp\ccTr5KrK.s 			page 11


 544:USB_Device/Target/usbd_conf.c **** 
 545:USB_Device/Target/usbd_conf.c ****   hal_status = HAL_PCD_EP_Open(pdev->pData, ep_addr, ep_mps, ep_type);
 546:USB_Device/Target/usbd_conf.c **** 
 547:USB_Device/Target/usbd_conf.c ****   usb_status =  USBD_Get_USB_Status(hal_status);
 548:USB_Device/Target/usbd_conf.c **** 
 549:USB_Device/Target/usbd_conf.c ****   return usb_status;
 550:USB_Device/Target/usbd_conf.c **** }
 551:USB_Device/Target/usbd_conf.c **** 
 552:USB_Device/Target/usbd_conf.c **** /**
 553:USB_Device/Target/usbd_conf.c ****   * @brief  Closes an endpoint of the low level driver.
 554:USB_Device/Target/usbd_conf.c ****   * @param  pdev: Device handle
 555:USB_Device/Target/usbd_conf.c ****   * @param  ep_addr: Endpoint number
 556:USB_Device/Target/usbd_conf.c ****   * @retval USBD status
 557:USB_Device/Target/usbd_conf.c ****   */
 558:USB_Device/Target/usbd_conf.c **** USBD_StatusTypeDef USBD_LL_CloseEP(USBD_HandleTypeDef *pdev, uint8_t ep_addr)
 559:USB_Device/Target/usbd_conf.c **** {
 560:USB_Device/Target/usbd_conf.c ****   HAL_StatusTypeDef hal_status = HAL_OK;
 561:USB_Device/Target/usbd_conf.c ****   USBD_StatusTypeDef usb_status = USBD_OK;
 562:USB_Device/Target/usbd_conf.c **** 
 563:USB_Device/Target/usbd_conf.c ****   hal_status = HAL_PCD_EP_Close(pdev->pData, ep_addr);
 564:USB_Device/Target/usbd_conf.c **** 
 565:USB_Device/Target/usbd_conf.c ****   usb_status =  USBD_Get_USB_Status(hal_status);
 566:USB_Device/Target/usbd_conf.c **** 
 567:USB_Device/Target/usbd_conf.c ****   return usb_status;
 568:USB_Device/Target/usbd_conf.c **** }
 569:USB_Device/Target/usbd_conf.c **** 
 570:USB_Device/Target/usbd_conf.c **** /**
 571:USB_Device/Target/usbd_conf.c ****   * @brief  Flushes an endpoint of the Low Level Driver.
 572:USB_Device/Target/usbd_conf.c ****   * @param  pdev: Device handle
 573:USB_Device/Target/usbd_conf.c ****   * @param  ep_addr: Endpoint number
 574:USB_Device/Target/usbd_conf.c ****   * @retval USBD status
 575:USB_Device/Target/usbd_conf.c ****   */
 576:USB_Device/Target/usbd_conf.c **** USBD_StatusTypeDef USBD_LL_FlushEP(USBD_HandleTypeDef *pdev, uint8_t ep_addr)
 577:USB_Device/Target/usbd_conf.c **** {
 578:USB_Device/Target/usbd_conf.c ****   HAL_StatusTypeDef hal_status = HAL_OK;
 579:USB_Device/Target/usbd_conf.c ****   USBD_StatusTypeDef usb_status = USBD_OK;
 580:USB_Device/Target/usbd_conf.c **** 
 581:USB_Device/Target/usbd_conf.c ****   hal_status = HAL_PCD_EP_Flush(pdev->pData, ep_addr);
 582:USB_Device/Target/usbd_conf.c **** 
 583:USB_Device/Target/usbd_conf.c ****   usb_status =  USBD_Get_USB_Status(hal_status);
 584:USB_Device/Target/usbd_conf.c **** 
 585:USB_Device/Target/usbd_conf.c ****   return usb_status;
 586:USB_Device/Target/usbd_conf.c **** }
 587:USB_Device/Target/usbd_conf.c **** 
 588:USB_Device/Target/usbd_conf.c **** /**
 589:USB_Device/Target/usbd_conf.c ****   * @brief  Sets a Stall condition on an endpoint of the Low Level Driver.
 590:USB_Device/Target/usbd_conf.c ****   * @param  pdev: Device handle
 591:USB_Device/Target/usbd_conf.c ****   * @param  ep_addr: Endpoint number
 592:USB_Device/Target/usbd_conf.c ****   * @retval USBD status
 593:USB_Device/Target/usbd_conf.c ****   */
 594:USB_Device/Target/usbd_conf.c **** USBD_StatusTypeDef USBD_LL_StallEP(USBD_HandleTypeDef *pdev, uint8_t ep_addr)
 595:USB_Device/Target/usbd_conf.c **** {
 596:USB_Device/Target/usbd_conf.c ****   HAL_StatusTypeDef hal_status = HAL_OK;
 597:USB_Device/Target/usbd_conf.c ****   USBD_StatusTypeDef usb_status = USBD_OK;
 598:USB_Device/Target/usbd_conf.c **** 
 599:USB_Device/Target/usbd_conf.c ****   hal_status = HAL_PCD_EP_SetStall(pdev->pData, ep_addr);
 600:USB_Device/Target/usbd_conf.c **** 
ARM GAS  C:\Users\Nathan\AppData\Local\Temp\ccTr5KrK.s 			page 12


 601:USB_Device/Target/usbd_conf.c ****   usb_status =  USBD_Get_USB_Status(hal_status);
 602:USB_Device/Target/usbd_conf.c **** 
 603:USB_Device/Target/usbd_conf.c ****   return usb_status;
 604:USB_Device/Target/usbd_conf.c **** }
 605:USB_Device/Target/usbd_conf.c **** 
 606:USB_Device/Target/usbd_conf.c **** /**
 607:USB_Device/Target/usbd_conf.c ****   * @brief  Clears a Stall condition on an endpoint of the Low Level Driver.
 608:USB_Device/Target/usbd_conf.c ****   * @param  pdev: Device handle
 609:USB_Device/Target/usbd_conf.c ****   * @param  ep_addr: Endpoint number
 610:USB_Device/Target/usbd_conf.c ****   * @retval USBD status
 611:USB_Device/Target/usbd_conf.c ****   */
 612:USB_Device/Target/usbd_conf.c **** USBD_StatusTypeDef USBD_LL_ClearStallEP(USBD_HandleTypeDef *pdev, uint8_t ep_addr)
 613:USB_Device/Target/usbd_conf.c **** {
 614:USB_Device/Target/usbd_conf.c ****   HAL_StatusTypeDef hal_status = HAL_OK;
 615:USB_Device/Target/usbd_conf.c ****   USBD_StatusTypeDef usb_status = USBD_OK;
 616:USB_Device/Target/usbd_conf.c **** 
 617:USB_Device/Target/usbd_conf.c ****   hal_status = HAL_PCD_EP_ClrStall(pdev->pData, ep_addr);
 618:USB_Device/Target/usbd_conf.c **** 
 619:USB_Device/Target/usbd_conf.c ****   usb_status =  USBD_Get_USB_Status(hal_status);
 620:USB_Device/Target/usbd_conf.c **** 
 621:USB_Device/Target/usbd_conf.c ****   return usb_status;
 622:USB_Device/Target/usbd_conf.c **** }
 623:USB_Device/Target/usbd_conf.c **** 
 624:USB_Device/Target/usbd_conf.c **** /**
 625:USB_Device/Target/usbd_conf.c ****   * @brief  Returns Stall condition.
 626:USB_Device/Target/usbd_conf.c ****   * @param  pdev: Device handle
 627:USB_Device/Target/usbd_conf.c ****   * @param  ep_addr: Endpoint number
 628:USB_Device/Target/usbd_conf.c ****   * @retval Stall (1: Yes, 0: No)
 629:USB_Device/Target/usbd_conf.c ****   */
 630:USB_Device/Target/usbd_conf.c **** uint8_t USBD_LL_IsStallEP(USBD_HandleTypeDef *pdev, uint8_t ep_addr)
 631:USB_Device/Target/usbd_conf.c **** {
 632:USB_Device/Target/usbd_conf.c ****   PCD_HandleTypeDef *hpcd = (PCD_HandleTypeDef*) pdev->pData;
 633:USB_Device/Target/usbd_conf.c **** 
 634:USB_Device/Target/usbd_conf.c ****   if((ep_addr & 0x80) == 0x80)
 635:USB_Device/Target/usbd_conf.c ****   {
 636:USB_Device/Target/usbd_conf.c ****     return hpcd->IN_ep[ep_addr & 0x7F].is_stall;
 637:USB_Device/Target/usbd_conf.c ****   }
 638:USB_Device/Target/usbd_conf.c ****   else
 639:USB_Device/Target/usbd_conf.c ****   {
 640:USB_Device/Target/usbd_conf.c ****     return hpcd->OUT_ep[ep_addr & 0x7F].is_stall;
 641:USB_Device/Target/usbd_conf.c ****   }
 642:USB_Device/Target/usbd_conf.c **** }
 643:USB_Device/Target/usbd_conf.c **** 
 644:USB_Device/Target/usbd_conf.c **** /**
 645:USB_Device/Target/usbd_conf.c ****   * @brief  Assigns a USB address to the device.
 646:USB_Device/Target/usbd_conf.c ****   * @param  pdev: Device handle
 647:USB_Device/Target/usbd_conf.c ****   * @param  dev_addr: Device address
 648:USB_Device/Target/usbd_conf.c ****   * @retval USBD status
 649:USB_Device/Target/usbd_conf.c ****   */
 650:USB_Device/Target/usbd_conf.c **** USBD_StatusTypeDef USBD_LL_SetUSBAddress(USBD_HandleTypeDef *pdev, uint8_t dev_addr)
 651:USB_Device/Target/usbd_conf.c **** {
 652:USB_Device/Target/usbd_conf.c ****   HAL_StatusTypeDef hal_status = HAL_OK;
 653:USB_Device/Target/usbd_conf.c ****   USBD_StatusTypeDef usb_status = USBD_OK;
 654:USB_Device/Target/usbd_conf.c **** 
 655:USB_Device/Target/usbd_conf.c ****   hal_status = HAL_PCD_SetAddress(pdev->pData, dev_addr);
 656:USB_Device/Target/usbd_conf.c **** 
 657:USB_Device/Target/usbd_conf.c ****   usb_status =  USBD_Get_USB_Status(hal_status);
ARM GAS  C:\Users\Nathan\AppData\Local\Temp\ccTr5KrK.s 			page 13


 658:USB_Device/Target/usbd_conf.c **** 
 659:USB_Device/Target/usbd_conf.c ****   return usb_status;
 660:USB_Device/Target/usbd_conf.c **** }
 661:USB_Device/Target/usbd_conf.c **** 
 662:USB_Device/Target/usbd_conf.c **** /**
 663:USB_Device/Target/usbd_conf.c ****   * @brief  Transmits data over an endpoint.
 664:USB_Device/Target/usbd_conf.c ****   * @param  pdev: Device handle
 665:USB_Device/Target/usbd_conf.c ****   * @param  ep_addr: Endpoint number
 666:USB_Device/Target/usbd_conf.c ****   * @param  pbuf: Pointer to data to be sent
 667:USB_Device/Target/usbd_conf.c ****   * @param  size: Data size
 668:USB_Device/Target/usbd_conf.c ****   * @retval USBD status
 669:USB_Device/Target/usbd_conf.c ****   */
 670:USB_Device/Target/usbd_conf.c **** USBD_StatusTypeDef USBD_LL_Transmit(USBD_HandleTypeDef *pdev, uint8_t ep_addr, uint8_t *pbuf, uint3
 671:USB_Device/Target/usbd_conf.c **** {
 672:USB_Device/Target/usbd_conf.c ****   HAL_StatusTypeDef hal_status = HAL_OK;
 673:USB_Device/Target/usbd_conf.c ****   USBD_StatusTypeDef usb_status = USBD_OK;
 674:USB_Device/Target/usbd_conf.c **** 
 675:USB_Device/Target/usbd_conf.c ****   hal_status = HAL_PCD_EP_Transmit(pdev->pData, ep_addr, pbuf, size);
 676:USB_Device/Target/usbd_conf.c **** 
 677:USB_Device/Target/usbd_conf.c ****   usb_status =  USBD_Get_USB_Status(hal_status);
 678:USB_Device/Target/usbd_conf.c **** 
 679:USB_Device/Target/usbd_conf.c ****   return usb_status;
 680:USB_Device/Target/usbd_conf.c **** }
 681:USB_Device/Target/usbd_conf.c **** 
 682:USB_Device/Target/usbd_conf.c **** /**
 683:USB_Device/Target/usbd_conf.c ****   * @brief  Prepares an endpoint for reception.
 684:USB_Device/Target/usbd_conf.c ****   * @param  pdev: Device handle
 685:USB_Device/Target/usbd_conf.c ****   * @param  ep_addr: Endpoint number
 686:USB_Device/Target/usbd_conf.c ****   * @param  pbuf: Pointer to data to be received
 687:USB_Device/Target/usbd_conf.c ****   * @param  size: Data size
 688:USB_Device/Target/usbd_conf.c ****   * @retval USBD status
 689:USB_Device/Target/usbd_conf.c ****   */
 690:USB_Device/Target/usbd_conf.c **** USBD_StatusTypeDef USBD_LL_PrepareReceive(USBD_HandleTypeDef *pdev, uint8_t ep_addr, uint8_t *pbuf,
 691:USB_Device/Target/usbd_conf.c **** {
 692:USB_Device/Target/usbd_conf.c ****   HAL_StatusTypeDef hal_status = HAL_OK;
 693:USB_Device/Target/usbd_conf.c ****   USBD_StatusTypeDef usb_status = USBD_OK;
 694:USB_Device/Target/usbd_conf.c **** 
 695:USB_Device/Target/usbd_conf.c ****   hal_status = HAL_PCD_EP_Receive(pdev->pData, ep_addr, pbuf, size);
 696:USB_Device/Target/usbd_conf.c **** 
 697:USB_Device/Target/usbd_conf.c ****   usb_status =  USBD_Get_USB_Status(hal_status);
 698:USB_Device/Target/usbd_conf.c **** 
 699:USB_Device/Target/usbd_conf.c ****   return usb_status;
 700:USB_Device/Target/usbd_conf.c **** }
 701:USB_Device/Target/usbd_conf.c **** 
 702:USB_Device/Target/usbd_conf.c **** /**
 703:USB_Device/Target/usbd_conf.c ****   * @brief  Returns the last transferred packet size.
 704:USB_Device/Target/usbd_conf.c ****   * @param  pdev: Device handle
 705:USB_Device/Target/usbd_conf.c ****   * @param  ep_addr: Endpoint number
 706:USB_Device/Target/usbd_conf.c ****   * @retval Received Data Size
 707:USB_Device/Target/usbd_conf.c ****   */
 708:USB_Device/Target/usbd_conf.c **** uint32_t USBD_LL_GetRxDataSize(USBD_HandleTypeDef *pdev, uint8_t ep_addr)
 709:USB_Device/Target/usbd_conf.c **** {
 710:USB_Device/Target/usbd_conf.c ****   return HAL_PCD_EP_GetRxCount((PCD_HandleTypeDef*) pdev->pData, ep_addr);
 711:USB_Device/Target/usbd_conf.c **** }
 712:USB_Device/Target/usbd_conf.c **** 
 713:USB_Device/Target/usbd_conf.c **** /**
 714:USB_Device/Target/usbd_conf.c ****   * @brief  Send LPM message to user layer
ARM GAS  C:\Users\Nathan\AppData\Local\Temp\ccTr5KrK.s 			page 14


 715:USB_Device/Target/usbd_conf.c ****   * @param  hpcd: PCD handle
 716:USB_Device/Target/usbd_conf.c ****   * @param  msg: LPM message
 717:USB_Device/Target/usbd_conf.c ****   * @retval None
 718:USB_Device/Target/usbd_conf.c ****   */
 719:USB_Device/Target/usbd_conf.c **** #if (USE_HAL_PCD_REGISTER_CALLBACKS == 1U)
 720:USB_Device/Target/usbd_conf.c **** static void PCDEx_LPM_Callback(PCD_HandleTypeDef *hpcd, PCD_LPM_MsgTypeDef msg)
 721:USB_Device/Target/usbd_conf.c **** #else
 722:USB_Device/Target/usbd_conf.c **** void HAL_PCDEx_LPM_Callback(PCD_HandleTypeDef *hpcd, PCD_LPM_MsgTypeDef msg)
 723:USB_Device/Target/usbd_conf.c **** #endif /* USE_HAL_PCD_REGISTER_CALLBACKS */
 724:USB_Device/Target/usbd_conf.c **** {
 725:USB_Device/Target/usbd_conf.c ****   /* USER CODE BEGIN LPM_Callback */
 726:USB_Device/Target/usbd_conf.c ****   switch (msg)
 727:USB_Device/Target/usbd_conf.c ****   {
 728:USB_Device/Target/usbd_conf.c ****   case PCD_LPM_L0_ACTIVE:
 729:USB_Device/Target/usbd_conf.c ****     if (hpcd->Init.low_power_enable)
 730:USB_Device/Target/usbd_conf.c ****     {
 731:USB_Device/Target/usbd_conf.c ****       SystemClockConfig_Resume();
 732:USB_Device/Target/usbd_conf.c **** 
 733:USB_Device/Target/usbd_conf.c ****       /* Reset SLEEPDEEP bit of Cortex System Control Register. */
 734:USB_Device/Target/usbd_conf.c ****       SCB->SCR &= (uint32_t)~((uint32_t)(SCB_SCR_SLEEPDEEP_Msk | SCB_SCR_SLEEPONEXIT_Msk));
 735:USB_Device/Target/usbd_conf.c ****     }
 736:USB_Device/Target/usbd_conf.c ****     USBD_LL_Resume(hpcd->pData);
 737:USB_Device/Target/usbd_conf.c ****     break;
 738:USB_Device/Target/usbd_conf.c **** 
 739:USB_Device/Target/usbd_conf.c ****   case PCD_LPM_L1_ACTIVE:
 740:USB_Device/Target/usbd_conf.c ****     USBD_LL_Suspend(hpcd->pData);
 741:USB_Device/Target/usbd_conf.c **** 
 742:USB_Device/Target/usbd_conf.c ****     /* Enter in STOP mode. */
 743:USB_Device/Target/usbd_conf.c ****     if (hpcd->Init.low_power_enable)
 744:USB_Device/Target/usbd_conf.c ****     {
 745:USB_Device/Target/usbd_conf.c ****       /* Set SLEEPDEEP bit and SleepOnExit of Cortex System Control Register. */
 746:USB_Device/Target/usbd_conf.c ****       SCB->SCR |= (uint32_t)((uint32_t)(SCB_SCR_SLEEPDEEP_Msk | SCB_SCR_SLEEPONEXIT_Msk));
 747:USB_Device/Target/usbd_conf.c ****     }
 748:USB_Device/Target/usbd_conf.c ****     break;
 749:USB_Device/Target/usbd_conf.c ****   }
 750:USB_Device/Target/usbd_conf.c ****   /* USER CODE END LPM_Callback */
 751:USB_Device/Target/usbd_conf.c **** }
 752:USB_Device/Target/usbd_conf.c **** 
 753:USB_Device/Target/usbd_conf.c **** /**
 754:USB_Device/Target/usbd_conf.c ****   * @brief  Delays routine for the USB Device Library.
 755:USB_Device/Target/usbd_conf.c ****   * @param  Delay: Delay in ms
 756:USB_Device/Target/usbd_conf.c ****   * @retval None
 757:USB_Device/Target/usbd_conf.c ****   */
 758:USB_Device/Target/usbd_conf.c **** void USBD_LL_Delay(uint32_t Delay)
 759:USB_Device/Target/usbd_conf.c **** {
 760:USB_Device/Target/usbd_conf.c ****   HAL_Delay(Delay);
 761:USB_Device/Target/usbd_conf.c **** }
 762:USB_Device/Target/usbd_conf.c **** 
 763:USB_Device/Target/usbd_conf.c **** /**
 764:USB_Device/Target/usbd_conf.c ****   * @brief  Static single allocation.
 765:USB_Device/Target/usbd_conf.c ****   * @param  size: Size of allocated memory
 766:USB_Device/Target/usbd_conf.c ****   * @retval None
 767:USB_Device/Target/usbd_conf.c ****   */
 768:USB_Device/Target/usbd_conf.c **** void *USBD_static_malloc(uint32_t size)
 769:USB_Device/Target/usbd_conf.c **** {
 770:USB_Device/Target/usbd_conf.c ****   UNUSED(size);
 771:USB_Device/Target/usbd_conf.c ****   static uint32_t mem[(sizeof(USBD_CDC_HandleTypeDef)/4)+1];/* On 32-bit boundary */
ARM GAS  C:\Users\Nathan\AppData\Local\Temp\ccTr5KrK.s 			page 15


 772:USB_Device/Target/usbd_conf.c ****   return mem;
 773:USB_Device/Target/usbd_conf.c **** }
 774:USB_Device/Target/usbd_conf.c **** 
 775:USB_Device/Target/usbd_conf.c **** /**
 776:USB_Device/Target/usbd_conf.c ****   * @brief  Dummy memory free
 777:USB_Device/Target/usbd_conf.c ****   * @param  p: Pointer to allocated  memory address
 778:USB_Device/Target/usbd_conf.c ****   * @retval None
 779:USB_Device/Target/usbd_conf.c ****   */
 780:USB_Device/Target/usbd_conf.c **** void USBD_static_free(void *p)
 781:USB_Device/Target/usbd_conf.c **** {
 782:USB_Device/Target/usbd_conf.c ****   UNUSED(p);
 783:USB_Device/Target/usbd_conf.c **** }
 784:USB_Device/Target/usbd_conf.c **** 
 785:USB_Device/Target/usbd_conf.c **** /* USER CODE BEGIN 5 */
 786:USB_Device/Target/usbd_conf.c **** /**
 787:USB_Device/Target/usbd_conf.c ****   * @brief  Configures system clock after wake-up from USB resume callBack:
 788:USB_Device/Target/usbd_conf.c ****   *         enable HSI, PLL and select PLL as system clock source.
 789:USB_Device/Target/usbd_conf.c ****   * @retval None
 790:USB_Device/Target/usbd_conf.c ****   */
 791:USB_Device/Target/usbd_conf.c **** static void SystemClockConfig_Resume(void)
 792:USB_Device/Target/usbd_conf.c **** {
 793:USB_Device/Target/usbd_conf.c ****   SystemClock_Config();
 794:USB_Device/Target/usbd_conf.c **** }
 795:USB_Device/Target/usbd_conf.c **** /* USER CODE END 5 */
 796:USB_Device/Target/usbd_conf.c **** 
 797:USB_Device/Target/usbd_conf.c **** /**
 798:USB_Device/Target/usbd_conf.c ****   * @brief  Returns the USB status depending on the HAL status:
 799:USB_Device/Target/usbd_conf.c ****   * @param  hal_status: HAL status
 800:USB_Device/Target/usbd_conf.c ****   * @retval USB status
 801:USB_Device/Target/usbd_conf.c ****   */
 802:USB_Device/Target/usbd_conf.c **** USBD_StatusTypeDef USBD_Get_USB_Status(HAL_StatusTypeDef hal_status)
 803:USB_Device/Target/usbd_conf.c **** {
  29              		.loc 1 803 1 view -0
  30              		.cfi_startproc
  31              		@ args = 0, pretend = 0, frame = 0
  32              		@ frame_needed = 0, uses_anonymous_args = 0
  33              		@ link register save eliminated.
 804:USB_Device/Target/usbd_conf.c ****   USBD_StatusTypeDef usb_status = USBD_OK;
  34              		.loc 1 804 3 view .LVU1
 805:USB_Device/Target/usbd_conf.c **** 
 806:USB_Device/Target/usbd_conf.c ****   switch (hal_status)
  35              		.loc 1 806 3 view .LVU2
  36 0000 0228     		cmp	r0, #2
  37 0002 04D0     		beq	.L3
  38 0004 05D8     		bhi	.L4
  39 0006 08B1     		cbz	r0, .L6
 807:USB_Device/Target/usbd_conf.c ****   {
 808:USB_Device/Target/usbd_conf.c ****     case HAL_OK :
 809:USB_Device/Target/usbd_conf.c ****       usb_status = USBD_OK;
 810:USB_Device/Target/usbd_conf.c ****     break;
 811:USB_Device/Target/usbd_conf.c ****     case HAL_ERROR :
 812:USB_Device/Target/usbd_conf.c ****       usb_status = USBD_FAIL;
  40              		.loc 1 812 18 is_stmt 0 view .LVU3
  41 0008 0320     		movs	r0, #3
  42              	.LVL1:
 813:USB_Device/Target/usbd_conf.c ****     break;
 814:USB_Device/Target/usbd_conf.c ****     case HAL_BUSY :
ARM GAS  C:\Users\Nathan\AppData\Local\Temp\ccTr5KrK.s 			page 16


 815:USB_Device/Target/usbd_conf.c ****       usb_status = USBD_BUSY;
 816:USB_Device/Target/usbd_conf.c ****     break;
 817:USB_Device/Target/usbd_conf.c ****     case HAL_TIMEOUT :
 818:USB_Device/Target/usbd_conf.c ****       usb_status = USBD_FAIL;
 819:USB_Device/Target/usbd_conf.c ****     break;
 820:USB_Device/Target/usbd_conf.c ****     default :
 821:USB_Device/Target/usbd_conf.c ****       usb_status = USBD_FAIL;
 822:USB_Device/Target/usbd_conf.c ****     break;
 823:USB_Device/Target/usbd_conf.c ****   }
 824:USB_Device/Target/usbd_conf.c ****   return usb_status;
  43              		.loc 1 824 3 is_stmt 1 view .LVU4
 825:USB_Device/Target/usbd_conf.c **** }
  44              		.loc 1 825 1 is_stmt 0 view .LVU5
  45 000a 7047     		bx	lr
  46              	.LVL2:
  47              	.L6:
  48              		.loc 1 825 1 view .LVU6
  49 000c 7047     		bx	lr
  50              	.L3:
 815:USB_Device/Target/usbd_conf.c ****     break;
  51              		.loc 1 815 18 view .LVU7
  52 000e 0120     		movs	r0, #1
  53              	.LVL3:
 815:USB_Device/Target/usbd_conf.c ****     break;
  54              		.loc 1 815 18 view .LVU8
  55 0010 7047     		bx	lr
  56              	.LVL4:
  57              	.L4:
 818:USB_Device/Target/usbd_conf.c ****     break;
  58              		.loc 1 818 18 view .LVU9
  59 0012 0320     		movs	r0, #3
  60              	.LVL5:
 818:USB_Device/Target/usbd_conf.c ****     break;
  61              		.loc 1 818 18 view .LVU10
  62 0014 7047     		bx	lr
  63              		.cfi_endproc
  64              	.LFE986:
  66              		.section	.text.SystemClockConfig_Resume,"ax",%progbits
  67              		.align	1
  68              		.syntax unified
  69              		.thumb
  70              		.thumb_func
  72              	SystemClockConfig_Resume:
  73              	.LFB985:
 792:USB_Device/Target/usbd_conf.c ****   SystemClock_Config();
  74              		.loc 1 792 1 is_stmt 1 view -0
  75              		.cfi_startproc
  76              		@ args = 0, pretend = 0, frame = 0
  77              		@ frame_needed = 0, uses_anonymous_args = 0
  78 0000 08B5     		push	{r3, lr}
  79              		.cfi_def_cfa_offset 8
  80              		.cfi_offset 3, -8
  81              		.cfi_offset 14, -4
 793:USB_Device/Target/usbd_conf.c **** }
  82              		.loc 1 793 3 view .LVU12
  83 0002 FFF7FEFF 		bl	SystemClock_Config
  84              	.LVL6:
ARM GAS  C:\Users\Nathan\AppData\Local\Temp\ccTr5KrK.s 			page 17


 794:USB_Device/Target/usbd_conf.c **** /* USER CODE END 5 */
  85              		.loc 1 794 1 is_stmt 0 view .LVU13
  86 0006 08BD     		pop	{r3, pc}
  87              		.cfi_endproc
  88              	.LFE985:
  90              		.section	.text.HAL_PCD_MspInit,"ax",%progbits
  91              		.align	1
  92              		.global	HAL_PCD_MspInit
  93              		.syntax unified
  94              		.thumb
  95              		.thumb_func
  97              	HAL_PCD_MspInit:
  98              	.LVL7:
  99              	.LFB954:
  75:USB_Device/Target/usbd_conf.c ****   GPIO_InitTypeDef GPIO_InitStruct = {0};
 100              		.loc 1 75 1 is_stmt 1 view -0
 101              		.cfi_startproc
 102              		@ args = 0, pretend = 0, frame = 112
 103              		@ frame_needed = 0, uses_anonymous_args = 0
  75:USB_Device/Target/usbd_conf.c ****   GPIO_InitTypeDef GPIO_InitStruct = {0};
 104              		.loc 1 75 1 is_stmt 0 view .LVU15
 105 0000 10B5     		push	{r4, lr}
 106              		.cfi_def_cfa_offset 8
 107              		.cfi_offset 4, -8
 108              		.cfi_offset 14, -4
 109 0002 9CB0     		sub	sp, sp, #112
 110              		.cfi_def_cfa_offset 120
 111 0004 0446     		mov	r4, r0
  76:USB_Device/Target/usbd_conf.c ****   RCC_PeriphCLKInitTypeDef PeriphClkInitStruct = {0};
 112              		.loc 1 76 3 is_stmt 1 view .LVU16
  76:USB_Device/Target/usbd_conf.c ****   RCC_PeriphCLKInitTypeDef PeriphClkInitStruct = {0};
 113              		.loc 1 76 20 is_stmt 0 view .LVU17
 114 0006 0021     		movs	r1, #0
 115 0008 1791     		str	r1, [sp, #92]
 116 000a 1891     		str	r1, [sp, #96]
 117 000c 1991     		str	r1, [sp, #100]
 118 000e 1A91     		str	r1, [sp, #104]
 119 0010 1B91     		str	r1, [sp, #108]
  77:USB_Device/Target/usbd_conf.c ****   if(pcdHandle->Instance==USB)
 120              		.loc 1 77 3 is_stmt 1 view .LVU18
  77:USB_Device/Target/usbd_conf.c ****   if(pcdHandle->Instance==USB)
 121              		.loc 1 77 28 is_stmt 0 view .LVU19
 122 0012 5022     		movs	r2, #80
 123 0014 03A8     		add	r0, sp, #12
 124              	.LVL8:
  77:USB_Device/Target/usbd_conf.c ****   if(pcdHandle->Instance==USB)
 125              		.loc 1 77 28 view .LVU20
 126 0016 FFF7FEFF 		bl	memset
 127              	.LVL9:
  78:USB_Device/Target/usbd_conf.c ****   {
 128              		.loc 1 78 3 is_stmt 1 view .LVU21
  78:USB_Device/Target/usbd_conf.c ****   {
 129              		.loc 1 78 15 is_stmt 0 view .LVU22
 130 001a 2268     		ldr	r2, [r4]
  78:USB_Device/Target/usbd_conf.c ****   {
 131              		.loc 1 78 5 view .LVU23
 132 001c 254B     		ldr	r3, .L15
ARM GAS  C:\Users\Nathan\AppData\Local\Temp\ccTr5KrK.s 			page 18


 133 001e 9A42     		cmp	r2, r3
 134 0020 01D0     		beq	.L13
 135              	.LVL10:
 136              	.L9:
 120:USB_Device/Target/usbd_conf.c **** 
 137              		.loc 1 120 1 view .LVU24
 138 0022 1CB0     		add	sp, sp, #112
 139              		.cfi_remember_state
 140              		.cfi_def_cfa_offset 8
 141              		@ sp needed
 142 0024 10BD     		pop	{r4, pc}
 143              	.LVL11:
 144              	.L13:
 145              		.cfi_restore_state
  86:USB_Device/Target/usbd_conf.c ****     PeriphClkInitStruct.PLLSAI1.PLLN = 24;
 146              		.loc 1 86 5 is_stmt 1 view .LVU25
  86:USB_Device/Target/usbd_conf.c ****     PeriphClkInitStruct.PLLSAI1.PLLN = 24;
 147              		.loc 1 86 46 is_stmt 0 view .LVU26
 148 0026 4FF48073 		mov	r3, #256
 149 002a 0393     		str	r3, [sp, #12]
  87:USB_Device/Target/usbd_conf.c ****     PeriphClkInitStruct.PLLSAI1.PLLP = RCC_PLLP_DIV2;
 150              		.loc 1 87 5 is_stmt 1 view .LVU27
  87:USB_Device/Target/usbd_conf.c ****     PeriphClkInitStruct.PLLSAI1.PLLP = RCC_PLLP_DIV2;
 151              		.loc 1 87 38 is_stmt 0 view .LVU28
 152 002c 1823     		movs	r3, #24
 153 002e 0493     		str	r3, [sp, #16]
  88:USB_Device/Target/usbd_conf.c ****     PeriphClkInitStruct.PLLSAI1.PLLQ = RCC_PLLQ_DIV2;
 154              		.loc 1 88 5 is_stmt 1 view .LVU29
  88:USB_Device/Target/usbd_conf.c ****     PeriphClkInitStruct.PLLSAI1.PLLQ = RCC_PLLQ_DIV2;
 155              		.loc 1 88 38 is_stmt 0 view .LVU30
 156 0030 4FF40033 		mov	r3, #131072
 157 0034 0593     		str	r3, [sp, #20]
  89:USB_Device/Target/usbd_conf.c ****     PeriphClkInitStruct.PLLSAI1.PLLR = RCC_PLLR_DIV2;
 158              		.loc 1 89 5 is_stmt 1 view .LVU31
  89:USB_Device/Target/usbd_conf.c ****     PeriphClkInitStruct.PLLSAI1.PLLR = RCC_PLLR_DIV2;
 159              		.loc 1 89 38 is_stmt 0 view .LVU32
 160 0036 4FF00073 		mov	r3, #33554432
 161 003a 0693     		str	r3, [sp, #24]
  90:USB_Device/Target/usbd_conf.c ****     PeriphClkInitStruct.PLLSAI1.PLLSAI1ClockOut = RCC_PLLSAI1_USBCLK;
 162              		.loc 1 90 5 is_stmt 1 view .LVU33
  90:USB_Device/Target/usbd_conf.c ****     PeriphClkInitStruct.PLLSAI1.PLLSAI1ClockOut = RCC_PLLSAI1_USBCLK;
 163              		.loc 1 90 38 is_stmt 0 view .LVU34
 164 003c 4FF00053 		mov	r3, #536870912
 165 0040 0793     		str	r3, [sp, #28]
  91:USB_Device/Target/usbd_conf.c ****     PeriphClkInitStruct.UsbClockSelection = RCC_USBCLKSOURCE_PLLSAI1;
 166              		.loc 1 91 5 is_stmt 1 view .LVU35
  91:USB_Device/Target/usbd_conf.c ****     PeriphClkInitStruct.UsbClockSelection = RCC_USBCLKSOURCE_PLLSAI1;
 167              		.loc 1 91 49 is_stmt 0 view .LVU36
 168 0042 4FF08073 		mov	r3, #16777216
 169 0046 0893     		str	r3, [sp, #32]
  92:USB_Device/Target/usbd_conf.c ****     if (HAL_RCCEx_PeriphCLKConfig(&PeriphClkInitStruct) != HAL_OK)
 170              		.loc 1 92 5 is_stmt 1 view .LVU37
  92:USB_Device/Target/usbd_conf.c ****     if (HAL_RCCEx_PeriphCLKConfig(&PeriphClkInitStruct) != HAL_OK)
 171              		.loc 1 92 43 is_stmt 0 view .LVU38
 172 0048 4FF08063 		mov	r3, #67108864
 173 004c 1093     		str	r3, [sp, #64]
  93:USB_Device/Target/usbd_conf.c ****     {
ARM GAS  C:\Users\Nathan\AppData\Local\Temp\ccTr5KrK.s 			page 19


 174              		.loc 1 93 5 is_stmt 1 view .LVU39
  93:USB_Device/Target/usbd_conf.c ****     {
 175              		.loc 1 93 9 is_stmt 0 view .LVU40
 176 004e 03A8     		add	r0, sp, #12
 177 0050 FFF7FEFF 		bl	HAL_RCCEx_PeriphCLKConfig
 178              	.LVL12:
  93:USB_Device/Target/usbd_conf.c ****     {
 179              		.loc 1 93 8 discriminator 1 view .LVU41
 180 0054 58BB     		cbnz	r0, .L14
 181              	.L11:
  98:USB_Device/Target/usbd_conf.c ****     /**USB GPIO Configuration
 182              		.loc 1 98 5 is_stmt 1 view .LVU42
 183              	.LVL13:
 184              	.LBB8:
 185              	.LBI8:
 186              		.file 2 "Drivers/STM32WBxx_HAL_Driver/Inc/stm32wbxx_ll_bus.h"
   1:Drivers/STM32WBxx_HAL_Driver/Inc/stm32wbxx_ll_bus.h **** /**
   2:Drivers/STM32WBxx_HAL_Driver/Inc/stm32wbxx_ll_bus.h ****   ******************************************************************************
   3:Drivers/STM32WBxx_HAL_Driver/Inc/stm32wbxx_ll_bus.h ****   * @file    stm32wbxx_ll_bus.h
   4:Drivers/STM32WBxx_HAL_Driver/Inc/stm32wbxx_ll_bus.h ****   * @author  MCD Application Team
   5:Drivers/STM32WBxx_HAL_Driver/Inc/stm32wbxx_ll_bus.h ****   * @brief   Header file of BUS LL module.
   6:Drivers/STM32WBxx_HAL_Driver/Inc/stm32wbxx_ll_bus.h ****   ******************************************************************************
   7:Drivers/STM32WBxx_HAL_Driver/Inc/stm32wbxx_ll_bus.h ****   * @attention
   8:Drivers/STM32WBxx_HAL_Driver/Inc/stm32wbxx_ll_bus.h ****   *
   9:Drivers/STM32WBxx_HAL_Driver/Inc/stm32wbxx_ll_bus.h ****   * Copyright (c) 2019 STMicroelectronics.
  10:Drivers/STM32WBxx_HAL_Driver/Inc/stm32wbxx_ll_bus.h ****   * All rights reserved.
  11:Drivers/STM32WBxx_HAL_Driver/Inc/stm32wbxx_ll_bus.h ****   *
  12:Drivers/STM32WBxx_HAL_Driver/Inc/stm32wbxx_ll_bus.h ****   * This software is licensed under terms that can be found in the LICENSE file
  13:Drivers/STM32WBxx_HAL_Driver/Inc/stm32wbxx_ll_bus.h ****   * in the root directory of this software component.
  14:Drivers/STM32WBxx_HAL_Driver/Inc/stm32wbxx_ll_bus.h ****   * If no LICENSE file comes with this software, it is provided AS-IS.
  15:Drivers/STM32WBxx_HAL_Driver/Inc/stm32wbxx_ll_bus.h ****   *
  16:Drivers/STM32WBxx_HAL_Driver/Inc/stm32wbxx_ll_bus.h ****   ******************************************************************************
  17:Drivers/STM32WBxx_HAL_Driver/Inc/stm32wbxx_ll_bus.h ****   @verbatim
  18:Drivers/STM32WBxx_HAL_Driver/Inc/stm32wbxx_ll_bus.h ****                       ##### RCC Limitations #####
  19:Drivers/STM32WBxx_HAL_Driver/Inc/stm32wbxx_ll_bus.h ****   ==============================================================================
  20:Drivers/STM32WBxx_HAL_Driver/Inc/stm32wbxx_ll_bus.h ****     [..]
  21:Drivers/STM32WBxx_HAL_Driver/Inc/stm32wbxx_ll_bus.h ****       A delay between an RCC peripheral clock enable and the effective peripheral
  22:Drivers/STM32WBxx_HAL_Driver/Inc/stm32wbxx_ll_bus.h ****       enabling should be taken into account in order to manage the peripheral read/write
  23:Drivers/STM32WBxx_HAL_Driver/Inc/stm32wbxx_ll_bus.h ****       from/to registers.
  24:Drivers/STM32WBxx_HAL_Driver/Inc/stm32wbxx_ll_bus.h ****       (+) This delay depends on the peripheral mapping.
  25:Drivers/STM32WBxx_HAL_Driver/Inc/stm32wbxx_ll_bus.h ****         (++) AHB & APB peripherals, 1 dummy read is necessary
  26:Drivers/STM32WBxx_HAL_Driver/Inc/stm32wbxx_ll_bus.h **** 
  27:Drivers/STM32WBxx_HAL_Driver/Inc/stm32wbxx_ll_bus.h ****     [..]
  28:Drivers/STM32WBxx_HAL_Driver/Inc/stm32wbxx_ll_bus.h ****       Workarounds:
  29:Drivers/STM32WBxx_HAL_Driver/Inc/stm32wbxx_ll_bus.h ****       (#) For AHB & APB peripherals, a dummy read to the peripheral register has been
  30:Drivers/STM32WBxx_HAL_Driver/Inc/stm32wbxx_ll_bus.h ****           inserted in each LL_{BUS}_GRP{x}_EnableClock() function.
  31:Drivers/STM32WBxx_HAL_Driver/Inc/stm32wbxx_ll_bus.h **** 
  32:Drivers/STM32WBxx_HAL_Driver/Inc/stm32wbxx_ll_bus.h ****   @endverbatim
  33:Drivers/STM32WBxx_HAL_Driver/Inc/stm32wbxx_ll_bus.h ****   ******************************************************************************
  34:Drivers/STM32WBxx_HAL_Driver/Inc/stm32wbxx_ll_bus.h ****   */
  35:Drivers/STM32WBxx_HAL_Driver/Inc/stm32wbxx_ll_bus.h **** 
  36:Drivers/STM32WBxx_HAL_Driver/Inc/stm32wbxx_ll_bus.h **** /* Define to prevent recursive inclusion -------------------------------------*/
  37:Drivers/STM32WBxx_HAL_Driver/Inc/stm32wbxx_ll_bus.h **** #ifndef STM32WBxx_LL_BUS_H
  38:Drivers/STM32WBxx_HAL_Driver/Inc/stm32wbxx_ll_bus.h **** #define STM32WBxx_LL_BUS_H
  39:Drivers/STM32WBxx_HAL_Driver/Inc/stm32wbxx_ll_bus.h **** 
  40:Drivers/STM32WBxx_HAL_Driver/Inc/stm32wbxx_ll_bus.h **** #ifdef __cplusplus
  41:Drivers/STM32WBxx_HAL_Driver/Inc/stm32wbxx_ll_bus.h **** extern "C" {
ARM GAS  C:\Users\Nathan\AppData\Local\Temp\ccTr5KrK.s 			page 20


  42:Drivers/STM32WBxx_HAL_Driver/Inc/stm32wbxx_ll_bus.h **** #endif
  43:Drivers/STM32WBxx_HAL_Driver/Inc/stm32wbxx_ll_bus.h **** 
  44:Drivers/STM32WBxx_HAL_Driver/Inc/stm32wbxx_ll_bus.h **** /* Includes ------------------------------------------------------------------*/
  45:Drivers/STM32WBxx_HAL_Driver/Inc/stm32wbxx_ll_bus.h **** #include "stm32wbxx.h"
  46:Drivers/STM32WBxx_HAL_Driver/Inc/stm32wbxx_ll_bus.h **** 
  47:Drivers/STM32WBxx_HAL_Driver/Inc/stm32wbxx_ll_bus.h **** /** @addtogroup STM32WBxx_LL_Driver
  48:Drivers/STM32WBxx_HAL_Driver/Inc/stm32wbxx_ll_bus.h ****   * @{
  49:Drivers/STM32WBxx_HAL_Driver/Inc/stm32wbxx_ll_bus.h ****   */
  50:Drivers/STM32WBxx_HAL_Driver/Inc/stm32wbxx_ll_bus.h **** 
  51:Drivers/STM32WBxx_HAL_Driver/Inc/stm32wbxx_ll_bus.h **** #if defined(RCC)
  52:Drivers/STM32WBxx_HAL_Driver/Inc/stm32wbxx_ll_bus.h **** 
  53:Drivers/STM32WBxx_HAL_Driver/Inc/stm32wbxx_ll_bus.h **** /** @defgroup BUS_LL BUS
  54:Drivers/STM32WBxx_HAL_Driver/Inc/stm32wbxx_ll_bus.h ****   * @{
  55:Drivers/STM32WBxx_HAL_Driver/Inc/stm32wbxx_ll_bus.h ****   */
  56:Drivers/STM32WBxx_HAL_Driver/Inc/stm32wbxx_ll_bus.h **** 
  57:Drivers/STM32WBxx_HAL_Driver/Inc/stm32wbxx_ll_bus.h **** /* Private types -------------------------------------------------------------*/
  58:Drivers/STM32WBxx_HAL_Driver/Inc/stm32wbxx_ll_bus.h **** /* Private variables ---------------------------------------------------------*/
  59:Drivers/STM32WBxx_HAL_Driver/Inc/stm32wbxx_ll_bus.h **** 
  60:Drivers/STM32WBxx_HAL_Driver/Inc/stm32wbxx_ll_bus.h **** /* Private constants ---------------------------------------------------------*/
  61:Drivers/STM32WBxx_HAL_Driver/Inc/stm32wbxx_ll_bus.h **** 
  62:Drivers/STM32WBxx_HAL_Driver/Inc/stm32wbxx_ll_bus.h **** /* Private macros ------------------------------------------------------------*/
  63:Drivers/STM32WBxx_HAL_Driver/Inc/stm32wbxx_ll_bus.h **** 
  64:Drivers/STM32WBxx_HAL_Driver/Inc/stm32wbxx_ll_bus.h **** /* Exported types ------------------------------------------------------------*/
  65:Drivers/STM32WBxx_HAL_Driver/Inc/stm32wbxx_ll_bus.h **** 
  66:Drivers/STM32WBxx_HAL_Driver/Inc/stm32wbxx_ll_bus.h **** /* Exported constants --------------------------------------------------------*/
  67:Drivers/STM32WBxx_HAL_Driver/Inc/stm32wbxx_ll_bus.h **** /** @defgroup BUS_LL_Exported_Constants BUS Exported Constants
  68:Drivers/STM32WBxx_HAL_Driver/Inc/stm32wbxx_ll_bus.h ****   * @{
  69:Drivers/STM32WBxx_HAL_Driver/Inc/stm32wbxx_ll_bus.h ****   */
  70:Drivers/STM32WBxx_HAL_Driver/Inc/stm32wbxx_ll_bus.h **** 
  71:Drivers/STM32WBxx_HAL_Driver/Inc/stm32wbxx_ll_bus.h **** /** @defgroup BUS_LL_EC_AHB1_GRP1_PERIPH  AHB1 GRP1 PERIPH
  72:Drivers/STM32WBxx_HAL_Driver/Inc/stm32wbxx_ll_bus.h ****   * @{
  73:Drivers/STM32WBxx_HAL_Driver/Inc/stm32wbxx_ll_bus.h ****   */
  74:Drivers/STM32WBxx_HAL_Driver/Inc/stm32wbxx_ll_bus.h **** #define LL_AHB1_GRP1_PERIPH_ALL            (0xFFFFFFFFU)
  75:Drivers/STM32WBxx_HAL_Driver/Inc/stm32wbxx_ll_bus.h **** 
  76:Drivers/STM32WBxx_HAL_Driver/Inc/stm32wbxx_ll_bus.h **** #define LL_AHB1_GRP1_PERIPH_DMA1           RCC_AHB1ENR_DMA1EN
  77:Drivers/STM32WBxx_HAL_Driver/Inc/stm32wbxx_ll_bus.h **** #if defined(DMA2)
  78:Drivers/STM32WBxx_HAL_Driver/Inc/stm32wbxx_ll_bus.h **** #define LL_AHB1_GRP1_PERIPH_DMA2           RCC_AHB1ENR_DMA2EN
  79:Drivers/STM32WBxx_HAL_Driver/Inc/stm32wbxx_ll_bus.h **** #endif /* DMA2 */
  80:Drivers/STM32WBxx_HAL_Driver/Inc/stm32wbxx_ll_bus.h **** #define LL_AHB1_GRP1_PERIPH_DMAMUX1        RCC_AHB1ENR_DMAMUX1EN
  81:Drivers/STM32WBxx_HAL_Driver/Inc/stm32wbxx_ll_bus.h **** #define LL_AHB1_GRP1_PERIPH_SRAM1          RCC_AHB1SMENR_SRAM1SMEN
  82:Drivers/STM32WBxx_HAL_Driver/Inc/stm32wbxx_ll_bus.h **** #define LL_AHB1_GRP1_PERIPH_CRC            RCC_AHB1ENR_CRCEN
  83:Drivers/STM32WBxx_HAL_Driver/Inc/stm32wbxx_ll_bus.h **** #if defined(TSC)
  84:Drivers/STM32WBxx_HAL_Driver/Inc/stm32wbxx_ll_bus.h **** #define LL_AHB1_GRP1_PERIPH_TSC            RCC_AHB1ENR_TSCEN
  85:Drivers/STM32WBxx_HAL_Driver/Inc/stm32wbxx_ll_bus.h **** #endif /* TSC */
  86:Drivers/STM32WBxx_HAL_Driver/Inc/stm32wbxx_ll_bus.h **** /**
  87:Drivers/STM32WBxx_HAL_Driver/Inc/stm32wbxx_ll_bus.h ****   * @}
  88:Drivers/STM32WBxx_HAL_Driver/Inc/stm32wbxx_ll_bus.h ****   */
  89:Drivers/STM32WBxx_HAL_Driver/Inc/stm32wbxx_ll_bus.h **** 
  90:Drivers/STM32WBxx_HAL_Driver/Inc/stm32wbxx_ll_bus.h **** /** @defgroup BUS_LL_EC_AHB2_GRP1_PERIPH  AHB2 GRP1 PERIPH
  91:Drivers/STM32WBxx_HAL_Driver/Inc/stm32wbxx_ll_bus.h ****   * @{
  92:Drivers/STM32WBxx_HAL_Driver/Inc/stm32wbxx_ll_bus.h ****   */
  93:Drivers/STM32WBxx_HAL_Driver/Inc/stm32wbxx_ll_bus.h **** #define LL_AHB2_GRP1_PERIPH_ALL            (0xFFFFFFFFU)
  94:Drivers/STM32WBxx_HAL_Driver/Inc/stm32wbxx_ll_bus.h **** 
  95:Drivers/STM32WBxx_HAL_Driver/Inc/stm32wbxx_ll_bus.h **** #define LL_AHB2_GRP1_PERIPH_GPIOA          RCC_AHB2ENR_GPIOAEN
  96:Drivers/STM32WBxx_HAL_Driver/Inc/stm32wbxx_ll_bus.h **** #define LL_AHB2_GRP1_PERIPH_GPIOB          RCC_AHB2ENR_GPIOBEN
  97:Drivers/STM32WBxx_HAL_Driver/Inc/stm32wbxx_ll_bus.h **** #define LL_AHB2_GRP1_PERIPH_GPIOC          RCC_AHB2ENR_GPIOCEN
  98:Drivers/STM32WBxx_HAL_Driver/Inc/stm32wbxx_ll_bus.h **** #if defined(GPIOD)
ARM GAS  C:\Users\Nathan\AppData\Local\Temp\ccTr5KrK.s 			page 21


  99:Drivers/STM32WBxx_HAL_Driver/Inc/stm32wbxx_ll_bus.h **** #define LL_AHB2_GRP1_PERIPH_GPIOD          RCC_AHB2ENR_GPIODEN
 100:Drivers/STM32WBxx_HAL_Driver/Inc/stm32wbxx_ll_bus.h **** #endif /* GPIOD */
 101:Drivers/STM32WBxx_HAL_Driver/Inc/stm32wbxx_ll_bus.h **** #define LL_AHB2_GRP1_PERIPH_GPIOE          RCC_AHB2ENR_GPIOEEN
 102:Drivers/STM32WBxx_HAL_Driver/Inc/stm32wbxx_ll_bus.h **** #define LL_AHB2_GRP1_PERIPH_GPIOH          RCC_AHB2ENR_GPIOHEN
 103:Drivers/STM32WBxx_HAL_Driver/Inc/stm32wbxx_ll_bus.h **** #if defined(ADC_SUPPORT_5_MSPS)
 104:Drivers/STM32WBxx_HAL_Driver/Inc/stm32wbxx_ll_bus.h **** #define LL_AHB2_GRP1_PERIPH_ADC            RCC_AHB2ENR_ADCEN
 105:Drivers/STM32WBxx_HAL_Driver/Inc/stm32wbxx_ll_bus.h **** #endif /* ADC_SUPPORT_5_MSPS */
 106:Drivers/STM32WBxx_HAL_Driver/Inc/stm32wbxx_ll_bus.h **** #if defined(AES1)
 107:Drivers/STM32WBxx_HAL_Driver/Inc/stm32wbxx_ll_bus.h **** #define LL_AHB2_GRP1_PERIPH_AES1           RCC_AHB2ENR_AES1EN
 108:Drivers/STM32WBxx_HAL_Driver/Inc/stm32wbxx_ll_bus.h **** #endif /* AES1 */
 109:Drivers/STM32WBxx_HAL_Driver/Inc/stm32wbxx_ll_bus.h **** /**
 110:Drivers/STM32WBxx_HAL_Driver/Inc/stm32wbxx_ll_bus.h ****   * @}
 111:Drivers/STM32WBxx_HAL_Driver/Inc/stm32wbxx_ll_bus.h ****   */
 112:Drivers/STM32WBxx_HAL_Driver/Inc/stm32wbxx_ll_bus.h **** 
 113:Drivers/STM32WBxx_HAL_Driver/Inc/stm32wbxx_ll_bus.h **** /** @defgroup BUS_LL_EC_AHB3_GRP1_PERIPH  AHB3 GRP1 PERIPH
 114:Drivers/STM32WBxx_HAL_Driver/Inc/stm32wbxx_ll_bus.h ****   * @{
 115:Drivers/STM32WBxx_HAL_Driver/Inc/stm32wbxx_ll_bus.h ****   */
 116:Drivers/STM32WBxx_HAL_Driver/Inc/stm32wbxx_ll_bus.h **** #define LL_AHB3_GRP1_PERIPH_ALL            (0xFFFFFFFFU)
 117:Drivers/STM32WBxx_HAL_Driver/Inc/stm32wbxx_ll_bus.h **** #if defined(QUADSPI)
 118:Drivers/STM32WBxx_HAL_Driver/Inc/stm32wbxx_ll_bus.h **** #define LL_AHB3_GRP1_PERIPH_QUADSPI        RCC_AHB3ENR_QUADSPIEN
 119:Drivers/STM32WBxx_HAL_Driver/Inc/stm32wbxx_ll_bus.h **** #endif /* QUADSPI */
 120:Drivers/STM32WBxx_HAL_Driver/Inc/stm32wbxx_ll_bus.h **** #define LL_AHB3_GRP1_PERIPH_PKA            RCC_AHB3ENR_PKAEN
 121:Drivers/STM32WBxx_HAL_Driver/Inc/stm32wbxx_ll_bus.h **** #define LL_AHB3_GRP1_PERIPH_AES2           RCC_AHB3ENR_AES2EN
 122:Drivers/STM32WBxx_HAL_Driver/Inc/stm32wbxx_ll_bus.h **** #define LL_AHB3_GRP1_PERIPH_RNG            RCC_AHB3ENR_RNGEN
 123:Drivers/STM32WBxx_HAL_Driver/Inc/stm32wbxx_ll_bus.h **** #define LL_AHB3_GRP1_PERIPH_HSEM           RCC_AHB3ENR_HSEMEN
 124:Drivers/STM32WBxx_HAL_Driver/Inc/stm32wbxx_ll_bus.h **** #define LL_AHB3_GRP1_PERIPH_IPCC           RCC_AHB3ENR_IPCCEN
 125:Drivers/STM32WBxx_HAL_Driver/Inc/stm32wbxx_ll_bus.h **** #define LL_AHB3_GRP1_PERIPH_SRAM2          RCC_AHB3SMENR_SRAM2SMEN
 126:Drivers/STM32WBxx_HAL_Driver/Inc/stm32wbxx_ll_bus.h **** #define LL_AHB3_GRP1_PERIPH_FLASH          RCC_AHB3ENR_FLASHEN
 127:Drivers/STM32WBxx_HAL_Driver/Inc/stm32wbxx_ll_bus.h **** /**
 128:Drivers/STM32WBxx_HAL_Driver/Inc/stm32wbxx_ll_bus.h ****   * @}
 129:Drivers/STM32WBxx_HAL_Driver/Inc/stm32wbxx_ll_bus.h ****   */
 130:Drivers/STM32WBxx_HAL_Driver/Inc/stm32wbxx_ll_bus.h **** 
 131:Drivers/STM32WBxx_HAL_Driver/Inc/stm32wbxx_ll_bus.h **** /** @defgroup BUS_LL_EC_APB1_GRP1_PERIPH  APB1 GRP1 PERIPH
 132:Drivers/STM32WBxx_HAL_Driver/Inc/stm32wbxx_ll_bus.h ****   * @{
 133:Drivers/STM32WBxx_HAL_Driver/Inc/stm32wbxx_ll_bus.h ****   */
 134:Drivers/STM32WBxx_HAL_Driver/Inc/stm32wbxx_ll_bus.h **** #define LL_APB1_GRP1_PERIPH_ALL            (0xFFFFFFFFU)
 135:Drivers/STM32WBxx_HAL_Driver/Inc/stm32wbxx_ll_bus.h **** #define LL_APB1_GRP1_PERIPH_TIM2           RCC_APB1ENR1_TIM2EN
 136:Drivers/STM32WBxx_HAL_Driver/Inc/stm32wbxx_ll_bus.h **** #if defined(LCD)
 137:Drivers/STM32WBxx_HAL_Driver/Inc/stm32wbxx_ll_bus.h **** #define LL_APB1_GRP1_PERIPH_LCD            RCC_APB1ENR1_LCDEN
 138:Drivers/STM32WBxx_HAL_Driver/Inc/stm32wbxx_ll_bus.h **** #endif /* LCD */
 139:Drivers/STM32WBxx_HAL_Driver/Inc/stm32wbxx_ll_bus.h **** #define LL_APB1_GRP1_PERIPH_RTCAPB         RCC_APB1ENR1_RTCAPBEN
 140:Drivers/STM32WBxx_HAL_Driver/Inc/stm32wbxx_ll_bus.h **** #define LL_APB1_GRP1_PERIPH_WWDG           RCC_APB1ENR1_WWDGEN
 141:Drivers/STM32WBxx_HAL_Driver/Inc/stm32wbxx_ll_bus.h **** #if defined(SPI2)
 142:Drivers/STM32WBxx_HAL_Driver/Inc/stm32wbxx_ll_bus.h **** #define LL_APB1_GRP1_PERIPH_SPI2           RCC_APB1ENR1_SPI2EN
 143:Drivers/STM32WBxx_HAL_Driver/Inc/stm32wbxx_ll_bus.h **** #endif /* SPI2 */
 144:Drivers/STM32WBxx_HAL_Driver/Inc/stm32wbxx_ll_bus.h **** #define LL_APB1_GRP1_PERIPH_I2C1           RCC_APB1ENR1_I2C1EN
 145:Drivers/STM32WBxx_HAL_Driver/Inc/stm32wbxx_ll_bus.h **** #if defined(I2C3)
 146:Drivers/STM32WBxx_HAL_Driver/Inc/stm32wbxx_ll_bus.h **** #define LL_APB1_GRP1_PERIPH_I2C3           RCC_APB1ENR1_I2C3EN
 147:Drivers/STM32WBxx_HAL_Driver/Inc/stm32wbxx_ll_bus.h **** #endif /* I2C3 */
 148:Drivers/STM32WBxx_HAL_Driver/Inc/stm32wbxx_ll_bus.h **** #if defined(CRS)
 149:Drivers/STM32WBxx_HAL_Driver/Inc/stm32wbxx_ll_bus.h **** #define LL_APB1_GRP1_PERIPH_CRS            RCC_APB1ENR1_CRSEN
 150:Drivers/STM32WBxx_HAL_Driver/Inc/stm32wbxx_ll_bus.h **** #endif /* CRS */
 151:Drivers/STM32WBxx_HAL_Driver/Inc/stm32wbxx_ll_bus.h **** #if defined(USB)
 152:Drivers/STM32WBxx_HAL_Driver/Inc/stm32wbxx_ll_bus.h **** #define LL_APB1_GRP1_PERIPH_USB            RCC_APB1ENR1_USBEN
 153:Drivers/STM32WBxx_HAL_Driver/Inc/stm32wbxx_ll_bus.h **** #endif /* USB */
 154:Drivers/STM32WBxx_HAL_Driver/Inc/stm32wbxx_ll_bus.h **** #define LL_APB1_GRP1_PERIPH_LPTIM1         RCC_APB1ENR1_LPTIM1EN
 155:Drivers/STM32WBxx_HAL_Driver/Inc/stm32wbxx_ll_bus.h **** /**
ARM GAS  C:\Users\Nathan\AppData\Local\Temp\ccTr5KrK.s 			page 22


 156:Drivers/STM32WBxx_HAL_Driver/Inc/stm32wbxx_ll_bus.h ****   * @}
 157:Drivers/STM32WBxx_HAL_Driver/Inc/stm32wbxx_ll_bus.h ****   */
 158:Drivers/STM32WBxx_HAL_Driver/Inc/stm32wbxx_ll_bus.h **** 
 159:Drivers/STM32WBxx_HAL_Driver/Inc/stm32wbxx_ll_bus.h **** 
 160:Drivers/STM32WBxx_HAL_Driver/Inc/stm32wbxx_ll_bus.h **** /** @defgroup BUS_LL_EC_APB1_GRP2_PERIPH  APB1 GRP2 PERIPH
 161:Drivers/STM32WBxx_HAL_Driver/Inc/stm32wbxx_ll_bus.h ****   * @{
 162:Drivers/STM32WBxx_HAL_Driver/Inc/stm32wbxx_ll_bus.h ****   */
 163:Drivers/STM32WBxx_HAL_Driver/Inc/stm32wbxx_ll_bus.h **** #define LL_APB1_GRP2_PERIPH_ALL            (0xFFFFFFFFU)
 164:Drivers/STM32WBxx_HAL_Driver/Inc/stm32wbxx_ll_bus.h **** 
 165:Drivers/STM32WBxx_HAL_Driver/Inc/stm32wbxx_ll_bus.h **** #if defined(LPUART1)
 166:Drivers/STM32WBxx_HAL_Driver/Inc/stm32wbxx_ll_bus.h **** #define LL_APB1_GRP2_PERIPH_LPUART1        RCC_APB1ENR2_LPUART1EN
 167:Drivers/STM32WBxx_HAL_Driver/Inc/stm32wbxx_ll_bus.h **** #endif /* LPUART1 */
 168:Drivers/STM32WBxx_HAL_Driver/Inc/stm32wbxx_ll_bus.h **** #define LL_APB1_GRP2_PERIPH_LPTIM2         RCC_APB1ENR2_LPTIM2EN
 169:Drivers/STM32WBxx_HAL_Driver/Inc/stm32wbxx_ll_bus.h **** /**
 170:Drivers/STM32WBxx_HAL_Driver/Inc/stm32wbxx_ll_bus.h ****   * @}
 171:Drivers/STM32WBxx_HAL_Driver/Inc/stm32wbxx_ll_bus.h ****   */
 172:Drivers/STM32WBxx_HAL_Driver/Inc/stm32wbxx_ll_bus.h **** 
 173:Drivers/STM32WBxx_HAL_Driver/Inc/stm32wbxx_ll_bus.h **** /** @defgroup BUS_LL_EC_APB2_GRP1_PERIPH  APB2 GRP1 PERIPH
 174:Drivers/STM32WBxx_HAL_Driver/Inc/stm32wbxx_ll_bus.h ****   * @{
 175:Drivers/STM32WBxx_HAL_Driver/Inc/stm32wbxx_ll_bus.h ****   */
 176:Drivers/STM32WBxx_HAL_Driver/Inc/stm32wbxx_ll_bus.h **** #define LL_APB2_GRP1_PERIPH_ALL            (0xFFFFFFFFU)
 177:Drivers/STM32WBxx_HAL_Driver/Inc/stm32wbxx_ll_bus.h **** 
 178:Drivers/STM32WBxx_HAL_Driver/Inc/stm32wbxx_ll_bus.h **** #if defined(ADC_SUPPORT_2_5_MSPS)
 179:Drivers/STM32WBxx_HAL_Driver/Inc/stm32wbxx_ll_bus.h **** #define LL_APB2_GRP1_PERIPH_ADC            RCC_APB2ENR_ADCEN
 180:Drivers/STM32WBxx_HAL_Driver/Inc/stm32wbxx_ll_bus.h **** #endif /* ADC_SUPPORT_2_5_MSPS */
 181:Drivers/STM32WBxx_HAL_Driver/Inc/stm32wbxx_ll_bus.h **** #define LL_APB2_GRP1_PERIPH_TIM1           RCC_APB2ENR_TIM1EN
 182:Drivers/STM32WBxx_HAL_Driver/Inc/stm32wbxx_ll_bus.h **** #define LL_APB2_GRP1_PERIPH_SPI1           RCC_APB2ENR_SPI1EN
 183:Drivers/STM32WBxx_HAL_Driver/Inc/stm32wbxx_ll_bus.h **** #define LL_APB2_GRP1_PERIPH_USART1         RCC_APB2ENR_USART1EN
 184:Drivers/STM32WBxx_HAL_Driver/Inc/stm32wbxx_ll_bus.h **** #if defined(TIM16)
 185:Drivers/STM32WBxx_HAL_Driver/Inc/stm32wbxx_ll_bus.h **** #define LL_APB2_GRP1_PERIPH_TIM16          RCC_APB2ENR_TIM16EN
 186:Drivers/STM32WBxx_HAL_Driver/Inc/stm32wbxx_ll_bus.h **** #endif /* TIM16 */
 187:Drivers/STM32WBxx_HAL_Driver/Inc/stm32wbxx_ll_bus.h **** #if defined(TIM17)
 188:Drivers/STM32WBxx_HAL_Driver/Inc/stm32wbxx_ll_bus.h **** #define LL_APB2_GRP1_PERIPH_TIM17          RCC_APB2ENR_TIM17EN
 189:Drivers/STM32WBxx_HAL_Driver/Inc/stm32wbxx_ll_bus.h **** #endif /* TIM17 */
 190:Drivers/STM32WBxx_HAL_Driver/Inc/stm32wbxx_ll_bus.h **** #if defined(SAI1)
 191:Drivers/STM32WBxx_HAL_Driver/Inc/stm32wbxx_ll_bus.h **** #define LL_APB2_GRP1_PERIPH_SAI1           RCC_APB2ENR_SAI1EN
 192:Drivers/STM32WBxx_HAL_Driver/Inc/stm32wbxx_ll_bus.h **** #endif /* SAI1 */
 193:Drivers/STM32WBxx_HAL_Driver/Inc/stm32wbxx_ll_bus.h **** /**
 194:Drivers/STM32WBxx_HAL_Driver/Inc/stm32wbxx_ll_bus.h ****   * @}
 195:Drivers/STM32WBxx_HAL_Driver/Inc/stm32wbxx_ll_bus.h ****   */
 196:Drivers/STM32WBxx_HAL_Driver/Inc/stm32wbxx_ll_bus.h **** 
 197:Drivers/STM32WBxx_HAL_Driver/Inc/stm32wbxx_ll_bus.h **** /** @defgroup BUS_LL_EC_APB3_GRP1_PERIPH  APB3 GRP1 PERIPH
 198:Drivers/STM32WBxx_HAL_Driver/Inc/stm32wbxx_ll_bus.h ****   * @{
 199:Drivers/STM32WBxx_HAL_Driver/Inc/stm32wbxx_ll_bus.h ****   */
 200:Drivers/STM32WBxx_HAL_Driver/Inc/stm32wbxx_ll_bus.h **** #define LL_APB3_GRP1_PERIPH_ALL            (0xFFFFFFFFU)
 201:Drivers/STM32WBxx_HAL_Driver/Inc/stm32wbxx_ll_bus.h **** #define LL_APB3_GRP1_PERIPH_RF             RCC_APB3RSTR_RFRST
 202:Drivers/STM32WBxx_HAL_Driver/Inc/stm32wbxx_ll_bus.h **** /**
 203:Drivers/STM32WBxx_HAL_Driver/Inc/stm32wbxx_ll_bus.h ****   * @}
 204:Drivers/STM32WBxx_HAL_Driver/Inc/stm32wbxx_ll_bus.h ****   */
 205:Drivers/STM32WBxx_HAL_Driver/Inc/stm32wbxx_ll_bus.h **** 
 206:Drivers/STM32WBxx_HAL_Driver/Inc/stm32wbxx_ll_bus.h **** 
 207:Drivers/STM32WBxx_HAL_Driver/Inc/stm32wbxx_ll_bus.h **** /** @defgroup BUS_LL_EC_C2_AHB1_GRP1_PERIPH  C2 AHB1 GRP1 PERIPH
 208:Drivers/STM32WBxx_HAL_Driver/Inc/stm32wbxx_ll_bus.h ****   * @{
 209:Drivers/STM32WBxx_HAL_Driver/Inc/stm32wbxx_ll_bus.h ****   */
 210:Drivers/STM32WBxx_HAL_Driver/Inc/stm32wbxx_ll_bus.h **** #define LL_C2_AHB1_GRP1_PERIPH_DMA1         RCC_C2AHB1ENR_DMA1EN
 211:Drivers/STM32WBxx_HAL_Driver/Inc/stm32wbxx_ll_bus.h **** #if defined(DMA2)
 212:Drivers/STM32WBxx_HAL_Driver/Inc/stm32wbxx_ll_bus.h **** #define LL_C2_AHB1_GRP1_PERIPH_DMA2         RCC_C2AHB1ENR_DMA2EN
ARM GAS  C:\Users\Nathan\AppData\Local\Temp\ccTr5KrK.s 			page 23


 213:Drivers/STM32WBxx_HAL_Driver/Inc/stm32wbxx_ll_bus.h **** #endif /* DMA2 */
 214:Drivers/STM32WBxx_HAL_Driver/Inc/stm32wbxx_ll_bus.h **** #define LL_C2_AHB1_GRP1_PERIPH_DMAMUX1      RCC_C2AHB1ENR_DMAMUX1EN
 215:Drivers/STM32WBxx_HAL_Driver/Inc/stm32wbxx_ll_bus.h **** #define LL_C2_AHB1_GRP1_PERIPH_SRAM1        RCC_C2AHB1ENR_SRAM1EN
 216:Drivers/STM32WBxx_HAL_Driver/Inc/stm32wbxx_ll_bus.h **** #define LL_C2_AHB1_GRP1_PERIPH_CRC          RCC_C2AHB1ENR_CRCEN
 217:Drivers/STM32WBxx_HAL_Driver/Inc/stm32wbxx_ll_bus.h **** #if defined(TSC)
 218:Drivers/STM32WBxx_HAL_Driver/Inc/stm32wbxx_ll_bus.h **** #define LL_C2_AHB1_GRP1_PERIPH_TSC          RCC_C2AHB1ENR_TSCEN
 219:Drivers/STM32WBxx_HAL_Driver/Inc/stm32wbxx_ll_bus.h **** #endif /* TSC */
 220:Drivers/STM32WBxx_HAL_Driver/Inc/stm32wbxx_ll_bus.h **** /**
 221:Drivers/STM32WBxx_HAL_Driver/Inc/stm32wbxx_ll_bus.h ****   * @}
 222:Drivers/STM32WBxx_HAL_Driver/Inc/stm32wbxx_ll_bus.h ****   */
 223:Drivers/STM32WBxx_HAL_Driver/Inc/stm32wbxx_ll_bus.h **** 
 224:Drivers/STM32WBxx_HAL_Driver/Inc/stm32wbxx_ll_bus.h **** 
 225:Drivers/STM32WBxx_HAL_Driver/Inc/stm32wbxx_ll_bus.h **** /** @defgroup BUS_LL_EC_C2_AHB2_GRP1_PERIPH  C2 AHB2 GRP1 PERIPH
 226:Drivers/STM32WBxx_HAL_Driver/Inc/stm32wbxx_ll_bus.h ****   * @{
 227:Drivers/STM32WBxx_HAL_Driver/Inc/stm32wbxx_ll_bus.h ****   */
 228:Drivers/STM32WBxx_HAL_Driver/Inc/stm32wbxx_ll_bus.h **** #define LL_C2_AHB2_GRP1_PERIPH_GPIOA        RCC_C2AHB2ENR_GPIOAEN
 229:Drivers/STM32WBxx_HAL_Driver/Inc/stm32wbxx_ll_bus.h **** #define LL_C2_AHB2_GRP1_PERIPH_GPIOB        RCC_C2AHB2ENR_GPIOBEN
 230:Drivers/STM32WBxx_HAL_Driver/Inc/stm32wbxx_ll_bus.h **** #define LL_C2_AHB2_GRP1_PERIPH_GPIOC        RCC_C2AHB2ENR_GPIOCEN
 231:Drivers/STM32WBxx_HAL_Driver/Inc/stm32wbxx_ll_bus.h **** #if defined(GPIOD)
 232:Drivers/STM32WBxx_HAL_Driver/Inc/stm32wbxx_ll_bus.h **** #define LL_C2_AHB2_GRP1_PERIPH_GPIOD        RCC_C2AHB2ENR_GPIODEN
 233:Drivers/STM32WBxx_HAL_Driver/Inc/stm32wbxx_ll_bus.h **** #endif /* GPIOD */
 234:Drivers/STM32WBxx_HAL_Driver/Inc/stm32wbxx_ll_bus.h **** #define LL_C2_AHB2_GRP1_PERIPH_GPIOE        RCC_C2AHB2ENR_GPIOEEN
 235:Drivers/STM32WBxx_HAL_Driver/Inc/stm32wbxx_ll_bus.h **** #define LL_C2_AHB2_GRP1_PERIPH_GPIOH        RCC_C2AHB2ENR_GPIOHEN
 236:Drivers/STM32WBxx_HAL_Driver/Inc/stm32wbxx_ll_bus.h **** #if defined(ADC_SUPPORT_5_MSPS)
 237:Drivers/STM32WBxx_HAL_Driver/Inc/stm32wbxx_ll_bus.h **** #define LL_C2_AHB2_GRP1_PERIPH_ADC          RCC_C2AHB2ENR_ADCEN
 238:Drivers/STM32WBxx_HAL_Driver/Inc/stm32wbxx_ll_bus.h **** #endif /* ADC_SUPPORT_5_MSPS */
 239:Drivers/STM32WBxx_HAL_Driver/Inc/stm32wbxx_ll_bus.h **** #if defined(AES1)
 240:Drivers/STM32WBxx_HAL_Driver/Inc/stm32wbxx_ll_bus.h **** #define LL_C2_AHB2_GRP1_PERIPH_AES1         RCC_C2AHB2ENR_AES1EN
 241:Drivers/STM32WBxx_HAL_Driver/Inc/stm32wbxx_ll_bus.h **** #endif /* AES1 */
 242:Drivers/STM32WBxx_HAL_Driver/Inc/stm32wbxx_ll_bus.h **** /**
 243:Drivers/STM32WBxx_HAL_Driver/Inc/stm32wbxx_ll_bus.h ****   * @}
 244:Drivers/STM32WBxx_HAL_Driver/Inc/stm32wbxx_ll_bus.h ****   */
 245:Drivers/STM32WBxx_HAL_Driver/Inc/stm32wbxx_ll_bus.h **** 
 246:Drivers/STM32WBxx_HAL_Driver/Inc/stm32wbxx_ll_bus.h **** 
 247:Drivers/STM32WBxx_HAL_Driver/Inc/stm32wbxx_ll_bus.h **** /** @defgroup BUS_LL_EC_C2_AHB3_GRP1_PERIPH  C2 AHB3 GRP1 PERIPH
 248:Drivers/STM32WBxx_HAL_Driver/Inc/stm32wbxx_ll_bus.h ****   * @{
 249:Drivers/STM32WBxx_HAL_Driver/Inc/stm32wbxx_ll_bus.h ****   */
 250:Drivers/STM32WBxx_HAL_Driver/Inc/stm32wbxx_ll_bus.h **** #define LL_C2_AHB3_GRP1_PERIPH_PKA          RCC_C2AHB3ENR_PKAEN
 251:Drivers/STM32WBxx_HAL_Driver/Inc/stm32wbxx_ll_bus.h **** #define LL_C2_AHB3_GRP1_PERIPH_AES2         RCC_C2AHB3ENR_AES2EN
 252:Drivers/STM32WBxx_HAL_Driver/Inc/stm32wbxx_ll_bus.h **** #define LL_C2_AHB3_GRP1_PERIPH_RNG          RCC_C2AHB3ENR_RNGEN
 253:Drivers/STM32WBxx_HAL_Driver/Inc/stm32wbxx_ll_bus.h **** #define LL_C2_AHB3_GRP1_PERIPH_HSEM         RCC_C2AHB3ENR_HSEMEN
 254:Drivers/STM32WBxx_HAL_Driver/Inc/stm32wbxx_ll_bus.h **** #define LL_C2_AHB3_GRP1_PERIPH_IPCC         RCC_C2AHB3ENR_IPCCEN
 255:Drivers/STM32WBxx_HAL_Driver/Inc/stm32wbxx_ll_bus.h **** #define LL_C2_AHB3_GRP1_PERIPH_FLASH        RCC_C2AHB3ENR_FLASHEN
 256:Drivers/STM32WBxx_HAL_Driver/Inc/stm32wbxx_ll_bus.h **** #define LL_C2_AHB3_GRP1_PERIPH_SRAM2        RCC_C2AHB3SMENR_SRAM2SMEN
 257:Drivers/STM32WBxx_HAL_Driver/Inc/stm32wbxx_ll_bus.h **** /**
 258:Drivers/STM32WBxx_HAL_Driver/Inc/stm32wbxx_ll_bus.h ****   * @}
 259:Drivers/STM32WBxx_HAL_Driver/Inc/stm32wbxx_ll_bus.h ****   */
 260:Drivers/STM32WBxx_HAL_Driver/Inc/stm32wbxx_ll_bus.h **** 
 261:Drivers/STM32WBxx_HAL_Driver/Inc/stm32wbxx_ll_bus.h **** 
 262:Drivers/STM32WBxx_HAL_Driver/Inc/stm32wbxx_ll_bus.h **** /** @defgroup BUS_LL_EC_C2_APB1_GRP1_PERIPH  C2 APB1 GRP1 PERIPH
 263:Drivers/STM32WBxx_HAL_Driver/Inc/stm32wbxx_ll_bus.h ****   * @{
 264:Drivers/STM32WBxx_HAL_Driver/Inc/stm32wbxx_ll_bus.h ****   */
 265:Drivers/STM32WBxx_HAL_Driver/Inc/stm32wbxx_ll_bus.h **** #define LL_C2_APB1_GRP1_PERIPH_TIM2         RCC_C2APB1ENR1_TIM2EN
 266:Drivers/STM32WBxx_HAL_Driver/Inc/stm32wbxx_ll_bus.h **** #if defined(LCD)
 267:Drivers/STM32WBxx_HAL_Driver/Inc/stm32wbxx_ll_bus.h **** #define LL_C2_APB1_GRP1_PERIPH_LCD          RCC_C2APB1ENR1_LCDEN
 268:Drivers/STM32WBxx_HAL_Driver/Inc/stm32wbxx_ll_bus.h **** #endif /* LCD */
 269:Drivers/STM32WBxx_HAL_Driver/Inc/stm32wbxx_ll_bus.h **** #define LL_C2_APB1_GRP1_PERIPH_RTCAPB       RCC_C2APB1ENR1_RTCAPBEN
ARM GAS  C:\Users\Nathan\AppData\Local\Temp\ccTr5KrK.s 			page 24


 270:Drivers/STM32WBxx_HAL_Driver/Inc/stm32wbxx_ll_bus.h **** #if defined(SPI2)
 271:Drivers/STM32WBxx_HAL_Driver/Inc/stm32wbxx_ll_bus.h **** #define LL_C2_APB1_GRP1_PERIPH_SPI2         RCC_C2APB1ENR1_SPI2EN
 272:Drivers/STM32WBxx_HAL_Driver/Inc/stm32wbxx_ll_bus.h **** #endif /* SPI2 */
 273:Drivers/STM32WBxx_HAL_Driver/Inc/stm32wbxx_ll_bus.h **** #define LL_C2_APB1_GRP1_PERIPH_I2C1         RCC_C2APB1ENR1_I2C1EN
 274:Drivers/STM32WBxx_HAL_Driver/Inc/stm32wbxx_ll_bus.h **** #if defined(I2C3)
 275:Drivers/STM32WBxx_HAL_Driver/Inc/stm32wbxx_ll_bus.h **** #define LL_C2_APB1_GRP1_PERIPH_I2C3         RCC_C2APB1ENR1_I2C3EN
 276:Drivers/STM32WBxx_HAL_Driver/Inc/stm32wbxx_ll_bus.h **** #define LL_C2_APB1_GRP1_PERIPH_CRS          RCC_C2APB1ENR1_CRSEN
 277:Drivers/STM32WBxx_HAL_Driver/Inc/stm32wbxx_ll_bus.h **** #define LL_C2_APB1_GRP1_PERIPH_USB          RCC_C2APB1ENR1_USBEN
 278:Drivers/STM32WBxx_HAL_Driver/Inc/stm32wbxx_ll_bus.h **** #endif /* I2C3 */
 279:Drivers/STM32WBxx_HAL_Driver/Inc/stm32wbxx_ll_bus.h **** #define LL_C2_APB1_GRP1_PERIPH_LPTIM1       RCC_C2APB1ENR1_LPTIM1EN
 280:Drivers/STM32WBxx_HAL_Driver/Inc/stm32wbxx_ll_bus.h **** /**
 281:Drivers/STM32WBxx_HAL_Driver/Inc/stm32wbxx_ll_bus.h ****   * @}
 282:Drivers/STM32WBxx_HAL_Driver/Inc/stm32wbxx_ll_bus.h ****   */
 283:Drivers/STM32WBxx_HAL_Driver/Inc/stm32wbxx_ll_bus.h **** 
 284:Drivers/STM32WBxx_HAL_Driver/Inc/stm32wbxx_ll_bus.h **** 
 285:Drivers/STM32WBxx_HAL_Driver/Inc/stm32wbxx_ll_bus.h **** /** @defgroup BUS_LL_EC_C2_APB1_GRP2_PERIPH  C2 APB1 GRP2 PERIPH
 286:Drivers/STM32WBxx_HAL_Driver/Inc/stm32wbxx_ll_bus.h ****   * @{
 287:Drivers/STM32WBxx_HAL_Driver/Inc/stm32wbxx_ll_bus.h ****   */
 288:Drivers/STM32WBxx_HAL_Driver/Inc/stm32wbxx_ll_bus.h **** #if defined(LPUART1)
 289:Drivers/STM32WBxx_HAL_Driver/Inc/stm32wbxx_ll_bus.h **** #define LL_C2_APB1_GRP2_PERIPH_LPUART1      RCC_C2APB1ENR2_LPUART1EN
 290:Drivers/STM32WBxx_HAL_Driver/Inc/stm32wbxx_ll_bus.h **** #endif /* LPUART1 */
 291:Drivers/STM32WBxx_HAL_Driver/Inc/stm32wbxx_ll_bus.h **** #define LL_C2_APB1_GRP2_PERIPH_LPTIM2       RCC_C2APB1ENR2_LPTIM2EN
 292:Drivers/STM32WBxx_HAL_Driver/Inc/stm32wbxx_ll_bus.h **** /**
 293:Drivers/STM32WBxx_HAL_Driver/Inc/stm32wbxx_ll_bus.h ****   * @}
 294:Drivers/STM32WBxx_HAL_Driver/Inc/stm32wbxx_ll_bus.h ****   */
 295:Drivers/STM32WBxx_HAL_Driver/Inc/stm32wbxx_ll_bus.h **** 
 296:Drivers/STM32WBxx_HAL_Driver/Inc/stm32wbxx_ll_bus.h **** 
 297:Drivers/STM32WBxx_HAL_Driver/Inc/stm32wbxx_ll_bus.h **** /** @defgroup BUS_LL_EC_C2_APB2_GRP1_PERIPH  C2 APB2 GRP1 PERIPH
 298:Drivers/STM32WBxx_HAL_Driver/Inc/stm32wbxx_ll_bus.h ****   * @{
 299:Drivers/STM32WBxx_HAL_Driver/Inc/stm32wbxx_ll_bus.h ****   */
 300:Drivers/STM32WBxx_HAL_Driver/Inc/stm32wbxx_ll_bus.h **** #if defined(ADC_SUPPORT_2_5_MSPS)
 301:Drivers/STM32WBxx_HAL_Driver/Inc/stm32wbxx_ll_bus.h **** #define LL_C2_APB2_GRP1_PERIPH_ADC          RCC_C2APB2ENR_ADCEN
 302:Drivers/STM32WBxx_HAL_Driver/Inc/stm32wbxx_ll_bus.h **** #endif /* ADC_SUPPORT_5_MSPS */
 303:Drivers/STM32WBxx_HAL_Driver/Inc/stm32wbxx_ll_bus.h **** #define LL_C2_APB2_GRP1_PERIPH_TIM1         RCC_C2APB2ENR_TIM1EN
 304:Drivers/STM32WBxx_HAL_Driver/Inc/stm32wbxx_ll_bus.h **** #define LL_C2_APB2_GRP1_PERIPH_SPI1         RCC_C2APB2ENR_SPI1EN
 305:Drivers/STM32WBxx_HAL_Driver/Inc/stm32wbxx_ll_bus.h **** #define LL_C2_APB2_GRP1_PERIPH_USART1       RCC_C2APB2ENR_USART1EN
 306:Drivers/STM32WBxx_HAL_Driver/Inc/stm32wbxx_ll_bus.h **** #if defined(TIM16)
 307:Drivers/STM32WBxx_HAL_Driver/Inc/stm32wbxx_ll_bus.h **** #define LL_C2_APB2_GRP1_PERIPH_TIM16        RCC_C2APB2ENR_TIM16EN
 308:Drivers/STM32WBxx_HAL_Driver/Inc/stm32wbxx_ll_bus.h **** #endif /* TIM16 */
 309:Drivers/STM32WBxx_HAL_Driver/Inc/stm32wbxx_ll_bus.h **** #if defined(TIM17)
 310:Drivers/STM32WBxx_HAL_Driver/Inc/stm32wbxx_ll_bus.h **** #define LL_C2_APB2_GRP1_PERIPH_TIM17        RCC_C2APB2ENR_TIM17EN
 311:Drivers/STM32WBxx_HAL_Driver/Inc/stm32wbxx_ll_bus.h **** #endif /* TIM17 */
 312:Drivers/STM32WBxx_HAL_Driver/Inc/stm32wbxx_ll_bus.h **** #if defined(SAI1)
 313:Drivers/STM32WBxx_HAL_Driver/Inc/stm32wbxx_ll_bus.h **** #define LL_C2_APB2_GRP1_PERIPH_SAI1         RCC_C2APB2ENR_SAI1EN
 314:Drivers/STM32WBxx_HAL_Driver/Inc/stm32wbxx_ll_bus.h **** #endif /* SAI1 */
 315:Drivers/STM32WBxx_HAL_Driver/Inc/stm32wbxx_ll_bus.h **** /**
 316:Drivers/STM32WBxx_HAL_Driver/Inc/stm32wbxx_ll_bus.h ****   * @}
 317:Drivers/STM32WBxx_HAL_Driver/Inc/stm32wbxx_ll_bus.h ****   */
 318:Drivers/STM32WBxx_HAL_Driver/Inc/stm32wbxx_ll_bus.h **** 
 319:Drivers/STM32WBxx_HAL_Driver/Inc/stm32wbxx_ll_bus.h **** 
 320:Drivers/STM32WBxx_HAL_Driver/Inc/stm32wbxx_ll_bus.h **** /** @defgroup BUS_LL_EC_C2_APB3_GRP1_PERIPH  C2 APB3 GRP1 PERIPH
 321:Drivers/STM32WBxx_HAL_Driver/Inc/stm32wbxx_ll_bus.h ****   * @{
 322:Drivers/STM32WBxx_HAL_Driver/Inc/stm32wbxx_ll_bus.h ****   */
 323:Drivers/STM32WBxx_HAL_Driver/Inc/stm32wbxx_ll_bus.h **** #define LL_C2_APB3_GRP1_PERIPH_BLE          RCC_C2APB3ENR_BLEEN
 324:Drivers/STM32WBxx_HAL_Driver/Inc/stm32wbxx_ll_bus.h **** #if defined(RCC_802_SUPPORT)
 325:Drivers/STM32WBxx_HAL_Driver/Inc/stm32wbxx_ll_bus.h **** #define LL_C2_APB3_GRP1_PERIPH_802          RCC_C2APB3ENR_802EN
 326:Drivers/STM32WBxx_HAL_Driver/Inc/stm32wbxx_ll_bus.h **** #endif /* RCC_802_SUPPORT */
ARM GAS  C:\Users\Nathan\AppData\Local\Temp\ccTr5KrK.s 			page 25


 327:Drivers/STM32WBxx_HAL_Driver/Inc/stm32wbxx_ll_bus.h **** /**
 328:Drivers/STM32WBxx_HAL_Driver/Inc/stm32wbxx_ll_bus.h ****   * @}
 329:Drivers/STM32WBxx_HAL_Driver/Inc/stm32wbxx_ll_bus.h ****   */
 330:Drivers/STM32WBxx_HAL_Driver/Inc/stm32wbxx_ll_bus.h **** 
 331:Drivers/STM32WBxx_HAL_Driver/Inc/stm32wbxx_ll_bus.h **** 
 332:Drivers/STM32WBxx_HAL_Driver/Inc/stm32wbxx_ll_bus.h **** /**
 333:Drivers/STM32WBxx_HAL_Driver/Inc/stm32wbxx_ll_bus.h ****   * @}
 334:Drivers/STM32WBxx_HAL_Driver/Inc/stm32wbxx_ll_bus.h ****   */
 335:Drivers/STM32WBxx_HAL_Driver/Inc/stm32wbxx_ll_bus.h **** 
 336:Drivers/STM32WBxx_HAL_Driver/Inc/stm32wbxx_ll_bus.h **** /* Exported macro ------------------------------------------------------------*/
 337:Drivers/STM32WBxx_HAL_Driver/Inc/stm32wbxx_ll_bus.h **** 
 338:Drivers/STM32WBxx_HAL_Driver/Inc/stm32wbxx_ll_bus.h **** /* Exported functions --------------------------------------------------------*/
 339:Drivers/STM32WBxx_HAL_Driver/Inc/stm32wbxx_ll_bus.h **** 
 340:Drivers/STM32WBxx_HAL_Driver/Inc/stm32wbxx_ll_bus.h **** /** @defgroup BUS_LL_Exported_Functions BUS Exported Functions
 341:Drivers/STM32WBxx_HAL_Driver/Inc/stm32wbxx_ll_bus.h ****   * @{
 342:Drivers/STM32WBxx_HAL_Driver/Inc/stm32wbxx_ll_bus.h ****   */
 343:Drivers/STM32WBxx_HAL_Driver/Inc/stm32wbxx_ll_bus.h **** 
 344:Drivers/STM32WBxx_HAL_Driver/Inc/stm32wbxx_ll_bus.h **** /** @defgroup BUS_LL_EF_AHB1 AHB1
 345:Drivers/STM32WBxx_HAL_Driver/Inc/stm32wbxx_ll_bus.h ****   * @{
 346:Drivers/STM32WBxx_HAL_Driver/Inc/stm32wbxx_ll_bus.h ****   */
 347:Drivers/STM32WBxx_HAL_Driver/Inc/stm32wbxx_ll_bus.h **** 
 348:Drivers/STM32WBxx_HAL_Driver/Inc/stm32wbxx_ll_bus.h **** /**
 349:Drivers/STM32WBxx_HAL_Driver/Inc/stm32wbxx_ll_bus.h ****   * @brief  Enable AHB1 peripherals clock.
 350:Drivers/STM32WBxx_HAL_Driver/Inc/stm32wbxx_ll_bus.h ****   * @rmtoll AHB1ENR      DMA1EN        LL_AHB1_GRP1_EnableClock\n
 351:Drivers/STM32WBxx_HAL_Driver/Inc/stm32wbxx_ll_bus.h ****   *         AHB1ENR      DMA2EN        LL_AHB1_GRP1_EnableClock\n
 352:Drivers/STM32WBxx_HAL_Driver/Inc/stm32wbxx_ll_bus.h ****   *         AHB1ENR      DMAMUX1EN      LL_AHB1_GRP1_EnableClock\n
 353:Drivers/STM32WBxx_HAL_Driver/Inc/stm32wbxx_ll_bus.h ****   *         AHB1ENR      CRCEN         LL_AHB1_GRP1_EnableClock\n
 354:Drivers/STM32WBxx_HAL_Driver/Inc/stm32wbxx_ll_bus.h ****   *         AHB1ENR      TSCEN         LL_AHB1_GRP1_EnableClock
 355:Drivers/STM32WBxx_HAL_Driver/Inc/stm32wbxx_ll_bus.h ****   * @param  Periphs This parameter can be a combination of the following values:
 356:Drivers/STM32WBxx_HAL_Driver/Inc/stm32wbxx_ll_bus.h ****   *         @arg @ref LL_AHB1_GRP1_PERIPH_DMA1
 357:Drivers/STM32WBxx_HAL_Driver/Inc/stm32wbxx_ll_bus.h ****   *         @arg @ref LL_AHB1_GRP1_PERIPH_DMA2 (*)
 358:Drivers/STM32WBxx_HAL_Driver/Inc/stm32wbxx_ll_bus.h ****   *         @arg @ref LL_AHB1_GRP1_PERIPH_DMAMUX1
 359:Drivers/STM32WBxx_HAL_Driver/Inc/stm32wbxx_ll_bus.h ****   *         @arg @ref LL_AHB1_GRP1_PERIPH_CRC
 360:Drivers/STM32WBxx_HAL_Driver/Inc/stm32wbxx_ll_bus.h ****   *         @arg @ref LL_AHB1_GRP1_PERIPH_TSC
 361:Drivers/STM32WBxx_HAL_Driver/Inc/stm32wbxx_ll_bus.h ****   * @note  (*) Not supported by all the devices
 362:Drivers/STM32WBxx_HAL_Driver/Inc/stm32wbxx_ll_bus.h ****   * @retval None
 363:Drivers/STM32WBxx_HAL_Driver/Inc/stm32wbxx_ll_bus.h ****   */
 364:Drivers/STM32WBxx_HAL_Driver/Inc/stm32wbxx_ll_bus.h **** __STATIC_INLINE void LL_AHB1_GRP1_EnableClock(uint32_t Periphs)
 365:Drivers/STM32WBxx_HAL_Driver/Inc/stm32wbxx_ll_bus.h **** {
 366:Drivers/STM32WBxx_HAL_Driver/Inc/stm32wbxx_ll_bus.h ****   __IO uint32_t tmpreg;
 367:Drivers/STM32WBxx_HAL_Driver/Inc/stm32wbxx_ll_bus.h ****   SET_BIT(RCC->AHB1ENR, Periphs);
 368:Drivers/STM32WBxx_HAL_Driver/Inc/stm32wbxx_ll_bus.h ****   /* Delay after an RCC peripheral clock enabling */
 369:Drivers/STM32WBxx_HAL_Driver/Inc/stm32wbxx_ll_bus.h ****   tmpreg = READ_BIT(RCC->AHB1ENR, Periphs);
 370:Drivers/STM32WBxx_HAL_Driver/Inc/stm32wbxx_ll_bus.h ****   (void)tmpreg;
 371:Drivers/STM32WBxx_HAL_Driver/Inc/stm32wbxx_ll_bus.h **** }
 372:Drivers/STM32WBxx_HAL_Driver/Inc/stm32wbxx_ll_bus.h **** 
 373:Drivers/STM32WBxx_HAL_Driver/Inc/stm32wbxx_ll_bus.h **** /**
 374:Drivers/STM32WBxx_HAL_Driver/Inc/stm32wbxx_ll_bus.h ****   * @brief  Check if AHB1 peripheral clock is enabled or not
 375:Drivers/STM32WBxx_HAL_Driver/Inc/stm32wbxx_ll_bus.h ****   * @rmtoll AHB1ENR      DMA1EN        LL_AHB1_GRP1_IsEnabledClock\n
 376:Drivers/STM32WBxx_HAL_Driver/Inc/stm32wbxx_ll_bus.h ****   *         AHB1ENR      DMA2EN        LL_AHB1_GRP1_IsEnabledClock\n
 377:Drivers/STM32WBxx_HAL_Driver/Inc/stm32wbxx_ll_bus.h ****   *         AHB1ENR      DMAMUX1EN      LL_AHB1_GRP1_IsEnabledClock\n
 378:Drivers/STM32WBxx_HAL_Driver/Inc/stm32wbxx_ll_bus.h ****   *         AHB1ENR      CRCEN         LL_AHB1_GRP1_IsEnabledClock\n
 379:Drivers/STM32WBxx_HAL_Driver/Inc/stm32wbxx_ll_bus.h ****   *         AHB1ENR      TSCEN         LL_AHB1_GRP1_IsEnabledClock
 380:Drivers/STM32WBxx_HAL_Driver/Inc/stm32wbxx_ll_bus.h ****   * @param  Periphs This parameter can be a combination of the following values:
 381:Drivers/STM32WBxx_HAL_Driver/Inc/stm32wbxx_ll_bus.h ****   *         @arg @ref LL_AHB1_GRP1_PERIPH_DMA1
 382:Drivers/STM32WBxx_HAL_Driver/Inc/stm32wbxx_ll_bus.h ****   *         @arg @ref LL_AHB1_GRP1_PERIPH_DMA2 (*)
 383:Drivers/STM32WBxx_HAL_Driver/Inc/stm32wbxx_ll_bus.h ****   *         @arg @ref LL_AHB1_GRP1_PERIPH_DMAMUX1
ARM GAS  C:\Users\Nathan\AppData\Local\Temp\ccTr5KrK.s 			page 26


 384:Drivers/STM32WBxx_HAL_Driver/Inc/stm32wbxx_ll_bus.h ****   *         @arg @ref LL_AHB1_GRP1_PERIPH_CRC
 385:Drivers/STM32WBxx_HAL_Driver/Inc/stm32wbxx_ll_bus.h ****   *         @arg @ref LL_AHB1_GRP1_PERIPH_TSC
 386:Drivers/STM32WBxx_HAL_Driver/Inc/stm32wbxx_ll_bus.h ****   * @note  (*) Not supported by all the devices
 387:Drivers/STM32WBxx_HAL_Driver/Inc/stm32wbxx_ll_bus.h ****   * @retval uint32_t
 388:Drivers/STM32WBxx_HAL_Driver/Inc/stm32wbxx_ll_bus.h ****   */
 389:Drivers/STM32WBxx_HAL_Driver/Inc/stm32wbxx_ll_bus.h **** __STATIC_INLINE uint32_t LL_AHB1_GRP1_IsEnabledClock(uint32_t Periphs)
 390:Drivers/STM32WBxx_HAL_Driver/Inc/stm32wbxx_ll_bus.h **** {
 391:Drivers/STM32WBxx_HAL_Driver/Inc/stm32wbxx_ll_bus.h ****   return ((READ_BIT(RCC->AHB1ENR, Periphs) == (Periphs)) ? 1UL : 0UL);
 392:Drivers/STM32WBxx_HAL_Driver/Inc/stm32wbxx_ll_bus.h **** }
 393:Drivers/STM32WBxx_HAL_Driver/Inc/stm32wbxx_ll_bus.h **** 
 394:Drivers/STM32WBxx_HAL_Driver/Inc/stm32wbxx_ll_bus.h **** /**
 395:Drivers/STM32WBxx_HAL_Driver/Inc/stm32wbxx_ll_bus.h ****   * @brief  Disable AHB1 peripherals clock.
 396:Drivers/STM32WBxx_HAL_Driver/Inc/stm32wbxx_ll_bus.h ****   * @rmtoll AHB1ENR      DMA1EN        LL_AHB1_GRP1_DisableClock\n
 397:Drivers/STM32WBxx_HAL_Driver/Inc/stm32wbxx_ll_bus.h ****   *         AHB1ENR      DMA2EN        LL_AHB1_GRP1_DisableClock\n
 398:Drivers/STM32WBxx_HAL_Driver/Inc/stm32wbxx_ll_bus.h ****   *         AHB1ENR      DMAMUX1EN      LL_AHB1_GRP1_DisableClock\n
 399:Drivers/STM32WBxx_HAL_Driver/Inc/stm32wbxx_ll_bus.h ****   *         AHB1ENR      CRCEN         LL_AHB1_GRP1_DisableClock\n
 400:Drivers/STM32WBxx_HAL_Driver/Inc/stm32wbxx_ll_bus.h ****   *         AHB1ENR      TSCEN         LL_AHB1_GRP1_DisableClock
 401:Drivers/STM32WBxx_HAL_Driver/Inc/stm32wbxx_ll_bus.h ****   * @param  Periphs This parameter can be a combination of the following values:
 402:Drivers/STM32WBxx_HAL_Driver/Inc/stm32wbxx_ll_bus.h ****   *         @arg @ref LL_AHB1_GRP1_PERIPH_DMA1
 403:Drivers/STM32WBxx_HAL_Driver/Inc/stm32wbxx_ll_bus.h ****   *         @arg @ref LL_AHB1_GRP1_PERIPH_DMA2 (*)
 404:Drivers/STM32WBxx_HAL_Driver/Inc/stm32wbxx_ll_bus.h ****   *         @arg @ref LL_AHB1_GRP1_PERIPH_DMAMUX1
 405:Drivers/STM32WBxx_HAL_Driver/Inc/stm32wbxx_ll_bus.h ****   *         @arg @ref LL_AHB1_GRP1_PERIPH_CRC
 406:Drivers/STM32WBxx_HAL_Driver/Inc/stm32wbxx_ll_bus.h ****   *         @arg @ref LL_AHB1_GRP1_PERIPH_TSC
 407:Drivers/STM32WBxx_HAL_Driver/Inc/stm32wbxx_ll_bus.h ****   * @note  (*) Not supported by all the devices
 408:Drivers/STM32WBxx_HAL_Driver/Inc/stm32wbxx_ll_bus.h ****   * @retval None
 409:Drivers/STM32WBxx_HAL_Driver/Inc/stm32wbxx_ll_bus.h ****   */
 410:Drivers/STM32WBxx_HAL_Driver/Inc/stm32wbxx_ll_bus.h **** __STATIC_INLINE void LL_AHB1_GRP1_DisableClock(uint32_t Periphs)
 411:Drivers/STM32WBxx_HAL_Driver/Inc/stm32wbxx_ll_bus.h **** {
 412:Drivers/STM32WBxx_HAL_Driver/Inc/stm32wbxx_ll_bus.h ****   CLEAR_BIT(RCC->AHB1ENR, Periphs);
 413:Drivers/STM32WBxx_HAL_Driver/Inc/stm32wbxx_ll_bus.h **** }
 414:Drivers/STM32WBxx_HAL_Driver/Inc/stm32wbxx_ll_bus.h **** 
 415:Drivers/STM32WBxx_HAL_Driver/Inc/stm32wbxx_ll_bus.h **** /**
 416:Drivers/STM32WBxx_HAL_Driver/Inc/stm32wbxx_ll_bus.h ****   * @brief  Force AHB1 peripherals reset.
 417:Drivers/STM32WBxx_HAL_Driver/Inc/stm32wbxx_ll_bus.h ****   * @rmtoll AHB1RSTR     DMA1RST       LL_AHB1_GRP1_ForceReset\n
 418:Drivers/STM32WBxx_HAL_Driver/Inc/stm32wbxx_ll_bus.h ****   *         AHB1RSTR     DMA2RST       LL_AHB1_GRP1_ForceReset\n
 419:Drivers/STM32WBxx_HAL_Driver/Inc/stm32wbxx_ll_bus.h ****   *         AHB1RSTR     DMAMUX1RST     LL_AHB1_GRP1_ForceReset\n
 420:Drivers/STM32WBxx_HAL_Driver/Inc/stm32wbxx_ll_bus.h ****   *         AHB1RSTR     CRCRST        LL_AHB1_GRP1_ForceReset\n
 421:Drivers/STM32WBxx_HAL_Driver/Inc/stm32wbxx_ll_bus.h ****   *         AHB1RSTR     TSCRST        LL_AHB1_GRP1_ForceReset
 422:Drivers/STM32WBxx_HAL_Driver/Inc/stm32wbxx_ll_bus.h ****   * @param  Periphs This parameter can be a combination of the following values:
 423:Drivers/STM32WBxx_HAL_Driver/Inc/stm32wbxx_ll_bus.h ****   *         @arg @ref LL_AHB1_GRP1_PERIPH_ALL
 424:Drivers/STM32WBxx_HAL_Driver/Inc/stm32wbxx_ll_bus.h ****   *         @arg @ref LL_AHB1_GRP1_PERIPH_DMA1
 425:Drivers/STM32WBxx_HAL_Driver/Inc/stm32wbxx_ll_bus.h ****   *         @arg @ref LL_AHB1_GRP1_PERIPH_DMA2 (*)
 426:Drivers/STM32WBxx_HAL_Driver/Inc/stm32wbxx_ll_bus.h ****   *         @arg @ref LL_AHB1_GRP1_PERIPH_DMAMUX1
 427:Drivers/STM32WBxx_HAL_Driver/Inc/stm32wbxx_ll_bus.h ****   *         @arg @ref LL_AHB1_GRP1_PERIPH_CRC
 428:Drivers/STM32WBxx_HAL_Driver/Inc/stm32wbxx_ll_bus.h ****   *         @arg @ref LL_AHB1_GRP1_PERIPH_TSC
 429:Drivers/STM32WBxx_HAL_Driver/Inc/stm32wbxx_ll_bus.h ****   * @note  (*) Not supported by all the devices
 430:Drivers/STM32WBxx_HAL_Driver/Inc/stm32wbxx_ll_bus.h ****   * @retval None
 431:Drivers/STM32WBxx_HAL_Driver/Inc/stm32wbxx_ll_bus.h ****   */
 432:Drivers/STM32WBxx_HAL_Driver/Inc/stm32wbxx_ll_bus.h **** __STATIC_INLINE void LL_AHB1_GRP1_ForceReset(uint32_t Periphs)
 433:Drivers/STM32WBxx_HAL_Driver/Inc/stm32wbxx_ll_bus.h **** {
 434:Drivers/STM32WBxx_HAL_Driver/Inc/stm32wbxx_ll_bus.h ****   SET_BIT(RCC->AHB1RSTR, Periphs);
 435:Drivers/STM32WBxx_HAL_Driver/Inc/stm32wbxx_ll_bus.h **** }
 436:Drivers/STM32WBxx_HAL_Driver/Inc/stm32wbxx_ll_bus.h **** 
 437:Drivers/STM32WBxx_HAL_Driver/Inc/stm32wbxx_ll_bus.h **** /**
 438:Drivers/STM32WBxx_HAL_Driver/Inc/stm32wbxx_ll_bus.h ****   * @brief  Release AHB1 peripherals reset.
 439:Drivers/STM32WBxx_HAL_Driver/Inc/stm32wbxx_ll_bus.h ****   * @rmtoll AHB1RSTR     DMA1RST       LL_AHB1_GRP1_ReleaseReset\n
 440:Drivers/STM32WBxx_HAL_Driver/Inc/stm32wbxx_ll_bus.h ****   *         AHB1RSTR     DMA2RST       LL_AHB1_GRP1_ReleaseReset\n
ARM GAS  C:\Users\Nathan\AppData\Local\Temp\ccTr5KrK.s 			page 27


 441:Drivers/STM32WBxx_HAL_Driver/Inc/stm32wbxx_ll_bus.h ****   *         AHB1RSTR     DMAMUX1RST     LL_AHB1_GRP1_ReleaseReset\n
 442:Drivers/STM32WBxx_HAL_Driver/Inc/stm32wbxx_ll_bus.h ****   *         AHB1RSTR     CRCRST        LL_AHB1_GRP1_ReleaseReset\n
 443:Drivers/STM32WBxx_HAL_Driver/Inc/stm32wbxx_ll_bus.h ****   *         AHB1RSTR     TSCRST        LL_AHB1_GRP1_ReleaseReset
 444:Drivers/STM32WBxx_HAL_Driver/Inc/stm32wbxx_ll_bus.h ****   * @param  Periphs This parameter can be a combination of the following values:
 445:Drivers/STM32WBxx_HAL_Driver/Inc/stm32wbxx_ll_bus.h ****   *         @arg @ref LL_AHB1_GRP1_PERIPH_ALL
 446:Drivers/STM32WBxx_HAL_Driver/Inc/stm32wbxx_ll_bus.h ****   *         @arg @ref LL_AHB1_GRP1_PERIPH_DMA1
 447:Drivers/STM32WBxx_HAL_Driver/Inc/stm32wbxx_ll_bus.h ****   *         @arg @ref LL_AHB1_GRP1_PERIPH_DMA2 (*)
 448:Drivers/STM32WBxx_HAL_Driver/Inc/stm32wbxx_ll_bus.h ****   *         @arg @ref LL_AHB1_GRP1_PERIPH_DMAMUX1
 449:Drivers/STM32WBxx_HAL_Driver/Inc/stm32wbxx_ll_bus.h ****   *         @arg @ref LL_AHB1_GRP1_PERIPH_CRC
 450:Drivers/STM32WBxx_HAL_Driver/Inc/stm32wbxx_ll_bus.h ****   *         @arg @ref LL_AHB1_GRP1_PERIPH_TSC
 451:Drivers/STM32WBxx_HAL_Driver/Inc/stm32wbxx_ll_bus.h ****   * @note  (*) Not supported by all the devices
 452:Drivers/STM32WBxx_HAL_Driver/Inc/stm32wbxx_ll_bus.h ****   * @retval None
 453:Drivers/STM32WBxx_HAL_Driver/Inc/stm32wbxx_ll_bus.h ****   */
 454:Drivers/STM32WBxx_HAL_Driver/Inc/stm32wbxx_ll_bus.h **** __STATIC_INLINE void LL_AHB1_GRP1_ReleaseReset(uint32_t Periphs)
 455:Drivers/STM32WBxx_HAL_Driver/Inc/stm32wbxx_ll_bus.h **** {
 456:Drivers/STM32WBxx_HAL_Driver/Inc/stm32wbxx_ll_bus.h ****   CLEAR_BIT(RCC->AHB1RSTR, Periphs);
 457:Drivers/STM32WBxx_HAL_Driver/Inc/stm32wbxx_ll_bus.h **** }
 458:Drivers/STM32WBxx_HAL_Driver/Inc/stm32wbxx_ll_bus.h **** 
 459:Drivers/STM32WBxx_HAL_Driver/Inc/stm32wbxx_ll_bus.h **** /**
 460:Drivers/STM32WBxx_HAL_Driver/Inc/stm32wbxx_ll_bus.h ****   * @brief  Enable AHB1 peripherals clock during Low Power (Sleep) mode.
 461:Drivers/STM32WBxx_HAL_Driver/Inc/stm32wbxx_ll_bus.h ****   * @rmtoll AHB1SMENR    DMA1SMEN      LL_AHB1_GRP1_EnableClockSleep\n
 462:Drivers/STM32WBxx_HAL_Driver/Inc/stm32wbxx_ll_bus.h ****   *         AHB1SMENR    DMA2SMEN      LL_AHB1_GRP1_EnableClockSleep\n
 463:Drivers/STM32WBxx_HAL_Driver/Inc/stm32wbxx_ll_bus.h ****   *         AHB1SMENR    DMAMUX1SMEN    LL_AHB1_GRP1_EnableClockSleep\n
 464:Drivers/STM32WBxx_HAL_Driver/Inc/stm32wbxx_ll_bus.h ****   *         AHB1SMENR    SRAM1SMEN     LL_AHB1_GRP1_EnableClockSleep\n
 465:Drivers/STM32WBxx_HAL_Driver/Inc/stm32wbxx_ll_bus.h ****   *         AHB1SMENR    CRCSMEN       LL_AHB1_GRP1_EnableClockSleep\n
 466:Drivers/STM32WBxx_HAL_Driver/Inc/stm32wbxx_ll_bus.h ****   *         AHB1SMENR    TSCSMEN       LL_AHB1_GRP1_EnableClockSleep
 467:Drivers/STM32WBxx_HAL_Driver/Inc/stm32wbxx_ll_bus.h ****   * @param  Periphs This parameter can be a combination of the following values:
 468:Drivers/STM32WBxx_HAL_Driver/Inc/stm32wbxx_ll_bus.h ****   *         @arg @ref LL_AHB1_GRP1_PERIPH_DMA1
 469:Drivers/STM32WBxx_HAL_Driver/Inc/stm32wbxx_ll_bus.h ****   *         @arg @ref LL_AHB1_GRP1_PERIPH_DMA2 (*)
 470:Drivers/STM32WBxx_HAL_Driver/Inc/stm32wbxx_ll_bus.h ****   *         @arg @ref LL_AHB1_GRP1_PERIPH_DMAMUX1
 471:Drivers/STM32WBxx_HAL_Driver/Inc/stm32wbxx_ll_bus.h ****   *         @arg @ref LL_AHB1_GRP1_PERIPH_SRAM1
 472:Drivers/STM32WBxx_HAL_Driver/Inc/stm32wbxx_ll_bus.h ****   *         @arg @ref LL_AHB1_GRP1_PERIPH_CRC
 473:Drivers/STM32WBxx_HAL_Driver/Inc/stm32wbxx_ll_bus.h ****   *         @arg @ref LL_AHB1_GRP1_PERIPH_TSC
 474:Drivers/STM32WBxx_HAL_Driver/Inc/stm32wbxx_ll_bus.h ****   * @note  (*) Not supported by all the devices
 475:Drivers/STM32WBxx_HAL_Driver/Inc/stm32wbxx_ll_bus.h ****   * @retval None
 476:Drivers/STM32WBxx_HAL_Driver/Inc/stm32wbxx_ll_bus.h ****   */
 477:Drivers/STM32WBxx_HAL_Driver/Inc/stm32wbxx_ll_bus.h **** __STATIC_INLINE void LL_AHB1_GRP1_EnableClockSleep(uint32_t Periphs)
 478:Drivers/STM32WBxx_HAL_Driver/Inc/stm32wbxx_ll_bus.h **** {
 479:Drivers/STM32WBxx_HAL_Driver/Inc/stm32wbxx_ll_bus.h ****   __IO uint32_t tmpreg;
 480:Drivers/STM32WBxx_HAL_Driver/Inc/stm32wbxx_ll_bus.h ****   SET_BIT(RCC->AHB1SMENR, Periphs);
 481:Drivers/STM32WBxx_HAL_Driver/Inc/stm32wbxx_ll_bus.h ****   /* Delay after an RCC peripheral clock enabling */
 482:Drivers/STM32WBxx_HAL_Driver/Inc/stm32wbxx_ll_bus.h ****   tmpreg = READ_BIT(RCC->AHB1SMENR, Periphs);
 483:Drivers/STM32WBxx_HAL_Driver/Inc/stm32wbxx_ll_bus.h ****   (void)tmpreg;
 484:Drivers/STM32WBxx_HAL_Driver/Inc/stm32wbxx_ll_bus.h **** }
 485:Drivers/STM32WBxx_HAL_Driver/Inc/stm32wbxx_ll_bus.h **** 
 486:Drivers/STM32WBxx_HAL_Driver/Inc/stm32wbxx_ll_bus.h **** /**
 487:Drivers/STM32WBxx_HAL_Driver/Inc/stm32wbxx_ll_bus.h ****   * @brief  Disable AHB1 peripherals clock during Low Power (Sleep) mode.
 488:Drivers/STM32WBxx_HAL_Driver/Inc/stm32wbxx_ll_bus.h ****   * @rmtoll AHB1SMENR    DMA1SMEN      LL_AHB1_GRP1_DisableClockSleep\n
 489:Drivers/STM32WBxx_HAL_Driver/Inc/stm32wbxx_ll_bus.h ****   *         AHB1SMENR    DMA2SMEN      LL_AHB1_GRP1_DisableClockSleep\n
 490:Drivers/STM32WBxx_HAL_Driver/Inc/stm32wbxx_ll_bus.h ****   *         AHB1SMENR    DMAMUX1SMEN    LL_AHB1_GRP1_DisableClockSleep\n
 491:Drivers/STM32WBxx_HAL_Driver/Inc/stm32wbxx_ll_bus.h ****   *         AHB1SMENR    SRAM1SMEN     LL_AHB1_GRP1_DisableClockSleep\n
 492:Drivers/STM32WBxx_HAL_Driver/Inc/stm32wbxx_ll_bus.h ****   *         AHB1SMENR    CRCSMEN       LL_AHB1_GRP1_DisableClockSleep\n
 493:Drivers/STM32WBxx_HAL_Driver/Inc/stm32wbxx_ll_bus.h ****   *         AHB1SMENR    TSCSMEN       LL_AHB1_GRP1_DisableClockSleep
 494:Drivers/STM32WBxx_HAL_Driver/Inc/stm32wbxx_ll_bus.h ****   * @param  Periphs This parameter can be a combination of the following values:
 495:Drivers/STM32WBxx_HAL_Driver/Inc/stm32wbxx_ll_bus.h ****   *         @arg @ref LL_AHB1_GRP1_PERIPH_DMA1
 496:Drivers/STM32WBxx_HAL_Driver/Inc/stm32wbxx_ll_bus.h ****   *         @arg @ref LL_AHB1_GRP1_PERIPH_DMA2 (*)
 497:Drivers/STM32WBxx_HAL_Driver/Inc/stm32wbxx_ll_bus.h ****   *         @arg @ref LL_AHB1_GRP1_PERIPH_DMAMUX1
ARM GAS  C:\Users\Nathan\AppData\Local\Temp\ccTr5KrK.s 			page 28


 498:Drivers/STM32WBxx_HAL_Driver/Inc/stm32wbxx_ll_bus.h ****   *         @arg @ref LL_AHB1_GRP1_PERIPH_SRAM1
 499:Drivers/STM32WBxx_HAL_Driver/Inc/stm32wbxx_ll_bus.h ****   *         @arg @ref LL_AHB1_GRP1_PERIPH_CRC
 500:Drivers/STM32WBxx_HAL_Driver/Inc/stm32wbxx_ll_bus.h ****   *         @arg @ref LL_AHB1_GRP1_PERIPH_TSC
 501:Drivers/STM32WBxx_HAL_Driver/Inc/stm32wbxx_ll_bus.h ****   * @note  (*) Not supported by all the devices
 502:Drivers/STM32WBxx_HAL_Driver/Inc/stm32wbxx_ll_bus.h ****   * @retval None
 503:Drivers/STM32WBxx_HAL_Driver/Inc/stm32wbxx_ll_bus.h ****   */
 504:Drivers/STM32WBxx_HAL_Driver/Inc/stm32wbxx_ll_bus.h **** __STATIC_INLINE void LL_AHB1_GRP1_DisableClockSleep(uint32_t Periphs)
 505:Drivers/STM32WBxx_HAL_Driver/Inc/stm32wbxx_ll_bus.h **** {
 506:Drivers/STM32WBxx_HAL_Driver/Inc/stm32wbxx_ll_bus.h ****   CLEAR_BIT(RCC->AHB1SMENR, Periphs);
 507:Drivers/STM32WBxx_HAL_Driver/Inc/stm32wbxx_ll_bus.h **** }
 508:Drivers/STM32WBxx_HAL_Driver/Inc/stm32wbxx_ll_bus.h **** 
 509:Drivers/STM32WBxx_HAL_Driver/Inc/stm32wbxx_ll_bus.h **** /**
 510:Drivers/STM32WBxx_HAL_Driver/Inc/stm32wbxx_ll_bus.h ****   * @}
 511:Drivers/STM32WBxx_HAL_Driver/Inc/stm32wbxx_ll_bus.h ****   */
 512:Drivers/STM32WBxx_HAL_Driver/Inc/stm32wbxx_ll_bus.h **** 
 513:Drivers/STM32WBxx_HAL_Driver/Inc/stm32wbxx_ll_bus.h **** /** @defgroup BUS_LL_EF_AHB2 AHB2
 514:Drivers/STM32WBxx_HAL_Driver/Inc/stm32wbxx_ll_bus.h ****   * @{
 515:Drivers/STM32WBxx_HAL_Driver/Inc/stm32wbxx_ll_bus.h ****   */
 516:Drivers/STM32WBxx_HAL_Driver/Inc/stm32wbxx_ll_bus.h **** 
 517:Drivers/STM32WBxx_HAL_Driver/Inc/stm32wbxx_ll_bus.h **** /**
 518:Drivers/STM32WBxx_HAL_Driver/Inc/stm32wbxx_ll_bus.h ****   * @brief  Enable AHB2 peripherals clock.
 519:Drivers/STM32WBxx_HAL_Driver/Inc/stm32wbxx_ll_bus.h ****   * @rmtoll AHB2ENR      GPIOAEN       LL_AHB2_GRP1_EnableClock\n
 520:Drivers/STM32WBxx_HAL_Driver/Inc/stm32wbxx_ll_bus.h ****   *         AHB2ENR      GPIOBEN       LL_AHB2_GRP1_EnableClock\n
 521:Drivers/STM32WBxx_HAL_Driver/Inc/stm32wbxx_ll_bus.h ****   *         AHB2ENR      GPIOCEN       LL_AHB2_GRP1_EnableClock\n
 522:Drivers/STM32WBxx_HAL_Driver/Inc/stm32wbxx_ll_bus.h ****   *         AHB2ENR      GPIODEN       LL_AHB2_GRP1_EnableClock\n
 523:Drivers/STM32WBxx_HAL_Driver/Inc/stm32wbxx_ll_bus.h ****   *         AHB2ENR      GPIOEEN       LL_AHB2_GRP1_EnableClock\n
 524:Drivers/STM32WBxx_HAL_Driver/Inc/stm32wbxx_ll_bus.h ****   *         AHB2ENR      GPIOHEN       LL_AHB2_GRP1_EnableClock\n
 525:Drivers/STM32WBxx_HAL_Driver/Inc/stm32wbxx_ll_bus.h ****   *         AHB2ENR      ADCEN         LL_AHB2_GRP1_EnableClock\n
 526:Drivers/STM32WBxx_HAL_Driver/Inc/stm32wbxx_ll_bus.h ****   *         AHB2ENR      AES1EN        LL_AHB2_GRP1_EnableClock
 527:Drivers/STM32WBxx_HAL_Driver/Inc/stm32wbxx_ll_bus.h ****   * @param  Periphs This parameter can be a combination of the following values:
 528:Drivers/STM32WBxx_HAL_Driver/Inc/stm32wbxx_ll_bus.h ****   *         @arg @ref LL_AHB2_GRP1_PERIPH_GPIOA
 529:Drivers/STM32WBxx_HAL_Driver/Inc/stm32wbxx_ll_bus.h ****   *         @arg @ref LL_AHB2_GRP1_PERIPH_GPIOB
 530:Drivers/STM32WBxx_HAL_Driver/Inc/stm32wbxx_ll_bus.h ****   *         @arg @ref LL_AHB2_GRP1_PERIPH_GPIOC
 531:Drivers/STM32WBxx_HAL_Driver/Inc/stm32wbxx_ll_bus.h ****   *         @arg @ref LL_AHB2_GRP1_PERIPH_GPIOD (*)
 532:Drivers/STM32WBxx_HAL_Driver/Inc/stm32wbxx_ll_bus.h ****   *         @arg @ref LL_AHB2_GRP1_PERIPH_GPIOE
 533:Drivers/STM32WBxx_HAL_Driver/Inc/stm32wbxx_ll_bus.h ****   *         @arg @ref LL_AHB2_GRP1_PERIPH_GPIOH
 534:Drivers/STM32WBxx_HAL_Driver/Inc/stm32wbxx_ll_bus.h ****   *         @arg @ref LL_AHB2_GRP1_PERIPH_ADC (*)
 535:Drivers/STM32WBxx_HAL_Driver/Inc/stm32wbxx_ll_bus.h ****   *         @arg @ref LL_AHB2_GRP1_PERIPH_AES1 (*)
 536:Drivers/STM32WBxx_HAL_Driver/Inc/stm32wbxx_ll_bus.h ****   * @note  (*) Not supported by all the devices
 537:Drivers/STM32WBxx_HAL_Driver/Inc/stm32wbxx_ll_bus.h ****   * @retval None
 538:Drivers/STM32WBxx_HAL_Driver/Inc/stm32wbxx_ll_bus.h ****   */
 539:Drivers/STM32WBxx_HAL_Driver/Inc/stm32wbxx_ll_bus.h **** __STATIC_INLINE void LL_AHB2_GRP1_EnableClock(uint32_t Periphs)
 187              		.loc 2 539 22 view .LVU43
 188              	.LBB9:
 540:Drivers/STM32WBxx_HAL_Driver/Inc/stm32wbxx_ll_bus.h **** {
 541:Drivers/STM32WBxx_HAL_Driver/Inc/stm32wbxx_ll_bus.h ****   __IO uint32_t tmpreg;
 189              		.loc 2 541 3 view .LVU44
 542:Drivers/STM32WBxx_HAL_Driver/Inc/stm32wbxx_ll_bus.h ****   SET_BIT(RCC->AHB2ENR, Periphs);
 190              		.loc 2 542 3 view .LVU45
 191 0056 4FF0B044 		mov	r4, #1476395008
 192              	.LVL14:
 193              		.loc 2 542 3 is_stmt 0 view .LVU46
 194 005a E36C     		ldr	r3, [r4, #76]
 195 005c 43F00103 		orr	r3, r3, #1
 196 0060 E364     		str	r3, [r4, #76]
 543:Drivers/STM32WBxx_HAL_Driver/Inc/stm32wbxx_ll_bus.h ****   /* Delay after an RCC peripheral clock enabling */
 544:Drivers/STM32WBxx_HAL_Driver/Inc/stm32wbxx_ll_bus.h ****   tmpreg = READ_BIT(RCC->AHB2ENR, Periphs);
ARM GAS  C:\Users\Nathan\AppData\Local\Temp\ccTr5KrK.s 			page 29


 197              		.loc 2 544 3 is_stmt 1 view .LVU47
 198              		.loc 2 544 12 is_stmt 0 view .LVU48
 199 0062 E36C     		ldr	r3, [r4, #76]
 200 0064 03F00103 		and	r3, r3, #1
 201              		.loc 2 544 10 view .LVU49
 202 0068 0293     		str	r3, [sp, #8]
 545:Drivers/STM32WBxx_HAL_Driver/Inc/stm32wbxx_ll_bus.h ****   (void)tmpreg;
 203              		.loc 2 545 3 is_stmt 1 view .LVU50
 204 006a 029B     		ldr	r3, [sp, #8]
 205              	.LVL15:
 206              		.loc 2 545 3 is_stmt 0 view .LVU51
 207              	.LBE9:
 208              	.LBE8:
 103:USB_Device/Target/usbd_conf.c ****     GPIO_InitStruct.Mode = GPIO_MODE_AF_PP;
 209              		.loc 1 103 5 is_stmt 1 view .LVU52
 103:USB_Device/Target/usbd_conf.c ****     GPIO_InitStruct.Mode = GPIO_MODE_AF_PP;
 210              		.loc 1 103 25 is_stmt 0 view .LVU53
 211 006c 4FF4C053 		mov	r3, #6144
 212 0070 1793     		str	r3, [sp, #92]
 104:USB_Device/Target/usbd_conf.c ****     GPIO_InitStruct.Pull = GPIO_NOPULL;
 213              		.loc 1 104 5 is_stmt 1 view .LVU54
 104:USB_Device/Target/usbd_conf.c ****     GPIO_InitStruct.Pull = GPIO_NOPULL;
 214              		.loc 1 104 26 is_stmt 0 view .LVU55
 215 0072 0223     		movs	r3, #2
 216 0074 1893     		str	r3, [sp, #96]
 105:USB_Device/Target/usbd_conf.c ****     GPIO_InitStruct.Speed = GPIO_SPEED_FREQ_LOW;
 217              		.loc 1 105 5 is_stmt 1 view .LVU56
 105:USB_Device/Target/usbd_conf.c ****     GPIO_InitStruct.Speed = GPIO_SPEED_FREQ_LOW;
 218              		.loc 1 105 26 is_stmt 0 view .LVU57
 219 0076 0023     		movs	r3, #0
 220 0078 1993     		str	r3, [sp, #100]
 106:USB_Device/Target/usbd_conf.c ****     GPIO_InitStruct.Alternate = GPIO_AF10_USB;
 221              		.loc 1 106 5 is_stmt 1 view .LVU58
 106:USB_Device/Target/usbd_conf.c ****     GPIO_InitStruct.Alternate = GPIO_AF10_USB;
 222              		.loc 1 106 27 is_stmt 0 view .LVU59
 223 007a 1A93     		str	r3, [sp, #104]
 107:USB_Device/Target/usbd_conf.c ****     HAL_GPIO_Init(GPIOA, &GPIO_InitStruct);
 224              		.loc 1 107 5 is_stmt 1 view .LVU60
 107:USB_Device/Target/usbd_conf.c ****     HAL_GPIO_Init(GPIOA, &GPIO_InitStruct);
 225              		.loc 1 107 31 is_stmt 0 view .LVU61
 226 007c 0A23     		movs	r3, #10
 227 007e 1B93     		str	r3, [sp, #108]
 108:USB_Device/Target/usbd_conf.c **** 
 228              		.loc 1 108 5 is_stmt 1 view .LVU62
 229 0080 17A9     		add	r1, sp, #92
 230 0082 4FF09040 		mov	r0, #1207959552
 231 0086 FFF7FEFF 		bl	HAL_GPIO_Init
 232              	.LVL16:
 111:USB_Device/Target/usbd_conf.c **** 
 233              		.loc 1 111 5 view .LVU63
 234              	.LBB10:
 235              	.LBI10:
 546:Drivers/STM32WBxx_HAL_Driver/Inc/stm32wbxx_ll_bus.h **** }
 547:Drivers/STM32WBxx_HAL_Driver/Inc/stm32wbxx_ll_bus.h **** 
 548:Drivers/STM32WBxx_HAL_Driver/Inc/stm32wbxx_ll_bus.h **** /**
 549:Drivers/STM32WBxx_HAL_Driver/Inc/stm32wbxx_ll_bus.h ****   * @brief  Check if AHB2 peripheral clock is enabled or not
 550:Drivers/STM32WBxx_HAL_Driver/Inc/stm32wbxx_ll_bus.h ****   * @rmtoll AHB2ENR      GPIOAEN       LL_AHB2_GRP1_IsEnabledClock\n
ARM GAS  C:\Users\Nathan\AppData\Local\Temp\ccTr5KrK.s 			page 30


 551:Drivers/STM32WBxx_HAL_Driver/Inc/stm32wbxx_ll_bus.h ****   *         AHB2ENR      GPIOBEN       LL_AHB2_GRP1_IsEnabledClock\n
 552:Drivers/STM32WBxx_HAL_Driver/Inc/stm32wbxx_ll_bus.h ****   *         AHB2ENR      GPIOCEN       LL_AHB2_GRP1_IsEnabledClock\n
 553:Drivers/STM32WBxx_HAL_Driver/Inc/stm32wbxx_ll_bus.h ****   *         AHB2ENR      GPIODEN       LL_AHB2_GRP1_IsEnabledClock\n
 554:Drivers/STM32WBxx_HAL_Driver/Inc/stm32wbxx_ll_bus.h ****   *         AHB2ENR      GPIOEEN       LL_AHB2_GRP1_IsEnabledClock\n
 555:Drivers/STM32WBxx_HAL_Driver/Inc/stm32wbxx_ll_bus.h ****   *         AHB2ENR      GPIOHEN       LL_AHB2_GRP1_IsEnabledClock\n
 556:Drivers/STM32WBxx_HAL_Driver/Inc/stm32wbxx_ll_bus.h ****   *         AHB2ENR      ADCEN         LL_AHB2_GRP1_IsEnabledClock\n
 557:Drivers/STM32WBxx_HAL_Driver/Inc/stm32wbxx_ll_bus.h ****   *         AHB2ENR      AES1EN        LL_AHB2_GRP1_IsEnabledClock
 558:Drivers/STM32WBxx_HAL_Driver/Inc/stm32wbxx_ll_bus.h ****   * @param  Periphs This parameter can be a combination of the following values:
 559:Drivers/STM32WBxx_HAL_Driver/Inc/stm32wbxx_ll_bus.h ****   *         @arg @ref LL_AHB2_GRP1_PERIPH_GPIOA
 560:Drivers/STM32WBxx_HAL_Driver/Inc/stm32wbxx_ll_bus.h ****   *         @arg @ref LL_AHB2_GRP1_PERIPH_GPIOB
 561:Drivers/STM32WBxx_HAL_Driver/Inc/stm32wbxx_ll_bus.h ****   *         @arg @ref LL_AHB2_GRP1_PERIPH_GPIOC
 562:Drivers/STM32WBxx_HAL_Driver/Inc/stm32wbxx_ll_bus.h ****   *         @arg @ref LL_AHB2_GRP1_PERIPH_GPIOD (*)
 563:Drivers/STM32WBxx_HAL_Driver/Inc/stm32wbxx_ll_bus.h ****   *         @arg @ref LL_AHB2_GRP1_PERIPH_GPIOE
 564:Drivers/STM32WBxx_HAL_Driver/Inc/stm32wbxx_ll_bus.h ****   *         @arg @ref LL_AHB2_GRP1_PERIPH_GPIOH
 565:Drivers/STM32WBxx_HAL_Driver/Inc/stm32wbxx_ll_bus.h ****   *         @arg @ref LL_AHB2_GRP1_PERIPH_ADC (*)
 566:Drivers/STM32WBxx_HAL_Driver/Inc/stm32wbxx_ll_bus.h ****   *         @arg @ref LL_AHB2_GRP1_PERIPH_AES1 (*)
 567:Drivers/STM32WBxx_HAL_Driver/Inc/stm32wbxx_ll_bus.h ****   * @note  (*) Not supported by all the devices
 568:Drivers/STM32WBxx_HAL_Driver/Inc/stm32wbxx_ll_bus.h ****   * @retval uint32_t
 569:Drivers/STM32WBxx_HAL_Driver/Inc/stm32wbxx_ll_bus.h ****   */
 570:Drivers/STM32WBxx_HAL_Driver/Inc/stm32wbxx_ll_bus.h **** __STATIC_INLINE uint32_t LL_AHB2_GRP1_IsEnabledClock(uint32_t Periphs)
 571:Drivers/STM32WBxx_HAL_Driver/Inc/stm32wbxx_ll_bus.h **** {
 572:Drivers/STM32WBxx_HAL_Driver/Inc/stm32wbxx_ll_bus.h ****   return ((READ_BIT(RCC->AHB2ENR, Periphs) == (Periphs)) ? 1UL : 0UL);
 573:Drivers/STM32WBxx_HAL_Driver/Inc/stm32wbxx_ll_bus.h **** }
 574:Drivers/STM32WBxx_HAL_Driver/Inc/stm32wbxx_ll_bus.h **** 
 575:Drivers/STM32WBxx_HAL_Driver/Inc/stm32wbxx_ll_bus.h **** /**
 576:Drivers/STM32WBxx_HAL_Driver/Inc/stm32wbxx_ll_bus.h ****   * @brief  Disable AHB2 peripherals clock.
 577:Drivers/STM32WBxx_HAL_Driver/Inc/stm32wbxx_ll_bus.h ****   * @rmtoll AHB2ENR      GPIOAEN       LL_AHB2_GRP1_DisableClock\n
 578:Drivers/STM32WBxx_HAL_Driver/Inc/stm32wbxx_ll_bus.h ****   *         AHB2ENR      GPIOBEN       LL_AHB2_GRP1_DisableClock\n
 579:Drivers/STM32WBxx_HAL_Driver/Inc/stm32wbxx_ll_bus.h ****   *         AHB2ENR      GPIOCEN       LL_AHB2_GRP1_DisableClock\n
 580:Drivers/STM32WBxx_HAL_Driver/Inc/stm32wbxx_ll_bus.h ****   *         AHB2ENR      GPIODEN       LL_AHB2_GRP1_DisableClock\n
 581:Drivers/STM32WBxx_HAL_Driver/Inc/stm32wbxx_ll_bus.h ****   *         AHB2ENR      GPIOEEN       LL_AHB2_GRP1_DisableClock\n
 582:Drivers/STM32WBxx_HAL_Driver/Inc/stm32wbxx_ll_bus.h ****   *         AHB2ENR      GPIOHEN       LL_AHB2_GRP1_DisableClock\n
 583:Drivers/STM32WBxx_HAL_Driver/Inc/stm32wbxx_ll_bus.h ****   *         AHB2ENR      ADCEN         LL_AHB2_GRP1_DisableClock\n
 584:Drivers/STM32WBxx_HAL_Driver/Inc/stm32wbxx_ll_bus.h ****   *         AHB2ENR      AES1EN        LL_AHB2_GRP1_DisableClock
 585:Drivers/STM32WBxx_HAL_Driver/Inc/stm32wbxx_ll_bus.h ****   * @param  Periphs This parameter can be a combination of the following values:
 586:Drivers/STM32WBxx_HAL_Driver/Inc/stm32wbxx_ll_bus.h ****   *         @arg @ref LL_AHB2_GRP1_PERIPH_GPIOA
 587:Drivers/STM32WBxx_HAL_Driver/Inc/stm32wbxx_ll_bus.h ****   *         @arg @ref LL_AHB2_GRP1_PERIPH_GPIOB
 588:Drivers/STM32WBxx_HAL_Driver/Inc/stm32wbxx_ll_bus.h ****   *         @arg @ref LL_AHB2_GRP1_PERIPH_GPIOC
 589:Drivers/STM32WBxx_HAL_Driver/Inc/stm32wbxx_ll_bus.h ****   *         @arg @ref LL_AHB2_GRP1_PERIPH_GPIOD (*)
 590:Drivers/STM32WBxx_HAL_Driver/Inc/stm32wbxx_ll_bus.h ****   *         @arg @ref LL_AHB2_GRP1_PERIPH_GPIOE
 591:Drivers/STM32WBxx_HAL_Driver/Inc/stm32wbxx_ll_bus.h ****   *         @arg @ref LL_AHB2_GRP1_PERIPH_GPIOH
 592:Drivers/STM32WBxx_HAL_Driver/Inc/stm32wbxx_ll_bus.h ****   *         @arg @ref LL_AHB2_GRP1_PERIPH_ADC (*)
 593:Drivers/STM32WBxx_HAL_Driver/Inc/stm32wbxx_ll_bus.h ****   *         @arg @ref LL_AHB2_GRP1_PERIPH_AES1 (*)
 594:Drivers/STM32WBxx_HAL_Driver/Inc/stm32wbxx_ll_bus.h ****   * @note  (*) Not supported by all the devices
 595:Drivers/STM32WBxx_HAL_Driver/Inc/stm32wbxx_ll_bus.h ****   * @retval None
 596:Drivers/STM32WBxx_HAL_Driver/Inc/stm32wbxx_ll_bus.h ****   */
 597:Drivers/STM32WBxx_HAL_Driver/Inc/stm32wbxx_ll_bus.h **** __STATIC_INLINE void LL_AHB2_GRP1_DisableClock(uint32_t Periphs)
 598:Drivers/STM32WBxx_HAL_Driver/Inc/stm32wbxx_ll_bus.h **** {
 599:Drivers/STM32WBxx_HAL_Driver/Inc/stm32wbxx_ll_bus.h ****   CLEAR_BIT(RCC->AHB2ENR, Periphs);
 600:Drivers/STM32WBxx_HAL_Driver/Inc/stm32wbxx_ll_bus.h **** }
 601:Drivers/STM32WBxx_HAL_Driver/Inc/stm32wbxx_ll_bus.h **** 
 602:Drivers/STM32WBxx_HAL_Driver/Inc/stm32wbxx_ll_bus.h **** /**
 603:Drivers/STM32WBxx_HAL_Driver/Inc/stm32wbxx_ll_bus.h ****   * @brief  Force AHB2 peripherals reset.
 604:Drivers/STM32WBxx_HAL_Driver/Inc/stm32wbxx_ll_bus.h ****   * @rmtoll AHB2RSTR     GPIOARST      LL_AHB2_GRP1_ForceReset\n
 605:Drivers/STM32WBxx_HAL_Driver/Inc/stm32wbxx_ll_bus.h ****   *         AHB2RSTR     GPIOBRST      LL_AHB2_GRP1_ForceReset\n
 606:Drivers/STM32WBxx_HAL_Driver/Inc/stm32wbxx_ll_bus.h ****   *         AHB2RSTR     GPIOCRST      LL_AHB2_GRP1_ForceReset\n
 607:Drivers/STM32WBxx_HAL_Driver/Inc/stm32wbxx_ll_bus.h ****   *         AHB2RSTR     GPIODRST      LL_AHB2_GRP1_ForceReset\n
ARM GAS  C:\Users\Nathan\AppData\Local\Temp\ccTr5KrK.s 			page 31


 608:Drivers/STM32WBxx_HAL_Driver/Inc/stm32wbxx_ll_bus.h ****   *         AHB2RSTR     GPIOERST      LL_AHB2_GRP1_ForceReset\n
 609:Drivers/STM32WBxx_HAL_Driver/Inc/stm32wbxx_ll_bus.h ****   *         AHB2RSTR     GPIOHRST      LL_AHB2_GRP1_ForceReset\n
 610:Drivers/STM32WBxx_HAL_Driver/Inc/stm32wbxx_ll_bus.h ****   *         AHB2RSTR     ADCRST        LL_AHB2_GRP1_ForceReset\n
 611:Drivers/STM32WBxx_HAL_Driver/Inc/stm32wbxx_ll_bus.h ****   *         AHB2RSTR     AES1RST       LL_AHB2_GRP1_ForceReset
 612:Drivers/STM32WBxx_HAL_Driver/Inc/stm32wbxx_ll_bus.h ****   * @param  Periphs This parameter can be a combination of the following values:
 613:Drivers/STM32WBxx_HAL_Driver/Inc/stm32wbxx_ll_bus.h ****   *         @arg @ref LL_AHB2_GRP1_PERIPH_ALL
 614:Drivers/STM32WBxx_HAL_Driver/Inc/stm32wbxx_ll_bus.h ****   *         @arg @ref LL_AHB2_GRP1_PERIPH_GPIOA
 615:Drivers/STM32WBxx_HAL_Driver/Inc/stm32wbxx_ll_bus.h ****   *         @arg @ref LL_AHB2_GRP1_PERIPH_GPIOB
 616:Drivers/STM32WBxx_HAL_Driver/Inc/stm32wbxx_ll_bus.h ****   *         @arg @ref LL_AHB2_GRP1_PERIPH_GPIOC
 617:Drivers/STM32WBxx_HAL_Driver/Inc/stm32wbxx_ll_bus.h ****   *         @arg @ref LL_AHB2_GRP1_PERIPH_GPIOD (*)
 618:Drivers/STM32WBxx_HAL_Driver/Inc/stm32wbxx_ll_bus.h ****   *         @arg @ref LL_AHB2_GRP1_PERIPH_GPIOE
 619:Drivers/STM32WBxx_HAL_Driver/Inc/stm32wbxx_ll_bus.h ****   *         @arg @ref LL_AHB2_GRP1_PERIPH_GPIOH
 620:Drivers/STM32WBxx_HAL_Driver/Inc/stm32wbxx_ll_bus.h ****   *         @arg @ref LL_AHB2_GRP1_PERIPH_ADC (*)
 621:Drivers/STM32WBxx_HAL_Driver/Inc/stm32wbxx_ll_bus.h ****   *         @arg @ref LL_AHB2_GRP1_PERIPH_AES1 (*)
 622:Drivers/STM32WBxx_HAL_Driver/Inc/stm32wbxx_ll_bus.h ****   * @note  (*) Not supported by all the devices
 623:Drivers/STM32WBxx_HAL_Driver/Inc/stm32wbxx_ll_bus.h ****   * @retval None
 624:Drivers/STM32WBxx_HAL_Driver/Inc/stm32wbxx_ll_bus.h ****   */
 625:Drivers/STM32WBxx_HAL_Driver/Inc/stm32wbxx_ll_bus.h **** __STATIC_INLINE void LL_AHB2_GRP1_ForceReset(uint32_t Periphs)
 626:Drivers/STM32WBxx_HAL_Driver/Inc/stm32wbxx_ll_bus.h **** {
 627:Drivers/STM32WBxx_HAL_Driver/Inc/stm32wbxx_ll_bus.h ****   SET_BIT(RCC->AHB2RSTR, Periphs);
 628:Drivers/STM32WBxx_HAL_Driver/Inc/stm32wbxx_ll_bus.h **** }
 629:Drivers/STM32WBxx_HAL_Driver/Inc/stm32wbxx_ll_bus.h **** 
 630:Drivers/STM32WBxx_HAL_Driver/Inc/stm32wbxx_ll_bus.h **** /**
 631:Drivers/STM32WBxx_HAL_Driver/Inc/stm32wbxx_ll_bus.h ****   * @brief  Release AHB2 peripherals reset.
 632:Drivers/STM32WBxx_HAL_Driver/Inc/stm32wbxx_ll_bus.h ****   * @rmtoll AHB2RSTR     GPIOARST      LL_AHB2_GRP1_ReleaseReset\n
 633:Drivers/STM32WBxx_HAL_Driver/Inc/stm32wbxx_ll_bus.h ****   *         AHB2RSTR     GPIOBRST      LL_AHB2_GRP1_ReleaseReset\n
 634:Drivers/STM32WBxx_HAL_Driver/Inc/stm32wbxx_ll_bus.h ****   *         AHB2RSTR     GPIOCRST      LL_AHB2_GRP1_ReleaseReset\n
 635:Drivers/STM32WBxx_HAL_Driver/Inc/stm32wbxx_ll_bus.h ****   *         AHB2RSTR     GPIODRST      LL_AHB2_GRP1_ReleaseReset\n
 636:Drivers/STM32WBxx_HAL_Driver/Inc/stm32wbxx_ll_bus.h ****   *         AHB2RSTR     GPIOERST      LL_AHB2_GRP1_ReleaseReset\n
 637:Drivers/STM32WBxx_HAL_Driver/Inc/stm32wbxx_ll_bus.h ****   *         AHB2RSTR     GPIOHRST      LL_AHB2_GRP1_ReleaseReset\n
 638:Drivers/STM32WBxx_HAL_Driver/Inc/stm32wbxx_ll_bus.h ****   *         AHB2RSTR     ADCRST        LL_AHB2_GRP1_ReleaseReset\n
 639:Drivers/STM32WBxx_HAL_Driver/Inc/stm32wbxx_ll_bus.h ****   *         AHB2RSTR     AES1RST       LL_AHB2_GRP1_ReleaseReset
 640:Drivers/STM32WBxx_HAL_Driver/Inc/stm32wbxx_ll_bus.h ****   * @param  Periphs This parameter can be a combination of the following values:
 641:Drivers/STM32WBxx_HAL_Driver/Inc/stm32wbxx_ll_bus.h ****   *         @arg @ref LL_AHB2_GRP1_PERIPH_ALL
 642:Drivers/STM32WBxx_HAL_Driver/Inc/stm32wbxx_ll_bus.h ****   *         @arg @ref LL_AHB2_GRP1_PERIPH_GPIOA
 643:Drivers/STM32WBxx_HAL_Driver/Inc/stm32wbxx_ll_bus.h ****   *         @arg @ref LL_AHB2_GRP1_PERIPH_GPIOB
 644:Drivers/STM32WBxx_HAL_Driver/Inc/stm32wbxx_ll_bus.h ****   *         @arg @ref LL_AHB2_GRP1_PERIPH_GPIOC
 645:Drivers/STM32WBxx_HAL_Driver/Inc/stm32wbxx_ll_bus.h ****   *         @arg @ref LL_AHB2_GRP1_PERIPH_GPIOD (*)
 646:Drivers/STM32WBxx_HAL_Driver/Inc/stm32wbxx_ll_bus.h ****   *         @arg @ref LL_AHB2_GRP1_PERIPH_GPIOE
 647:Drivers/STM32WBxx_HAL_Driver/Inc/stm32wbxx_ll_bus.h ****   *         @arg @ref LL_AHB2_GRP1_PERIPH_GPIOH
 648:Drivers/STM32WBxx_HAL_Driver/Inc/stm32wbxx_ll_bus.h ****   *         @arg @ref LL_AHB2_GRP1_PERIPH_ADC (*)
 649:Drivers/STM32WBxx_HAL_Driver/Inc/stm32wbxx_ll_bus.h ****   *         @arg @ref LL_AHB2_GRP1_PERIPH_AES1 (*)
 650:Drivers/STM32WBxx_HAL_Driver/Inc/stm32wbxx_ll_bus.h ****   * @note  (*) Not supported by all the devices
 651:Drivers/STM32WBxx_HAL_Driver/Inc/stm32wbxx_ll_bus.h ****   * @retval None
 652:Drivers/STM32WBxx_HAL_Driver/Inc/stm32wbxx_ll_bus.h ****   */
 653:Drivers/STM32WBxx_HAL_Driver/Inc/stm32wbxx_ll_bus.h **** __STATIC_INLINE void LL_AHB2_GRP1_ReleaseReset(uint32_t Periphs)
 654:Drivers/STM32WBxx_HAL_Driver/Inc/stm32wbxx_ll_bus.h **** {
 655:Drivers/STM32WBxx_HAL_Driver/Inc/stm32wbxx_ll_bus.h ****   CLEAR_BIT(RCC->AHB2RSTR, Periphs);
 656:Drivers/STM32WBxx_HAL_Driver/Inc/stm32wbxx_ll_bus.h **** }
 657:Drivers/STM32WBxx_HAL_Driver/Inc/stm32wbxx_ll_bus.h **** 
 658:Drivers/STM32WBxx_HAL_Driver/Inc/stm32wbxx_ll_bus.h **** /**
 659:Drivers/STM32WBxx_HAL_Driver/Inc/stm32wbxx_ll_bus.h ****   * @brief  Enable AHB2 peripherals clock during Low Power (Sleep) mode.
 660:Drivers/STM32WBxx_HAL_Driver/Inc/stm32wbxx_ll_bus.h ****   * @rmtoll AHB2SMENR    GPIOASMEN     LL_AHB2_GRP1_EnableClockSleep\n
 661:Drivers/STM32WBxx_HAL_Driver/Inc/stm32wbxx_ll_bus.h ****   *         AHB2SMENR    GPIOBSMEN     LL_AHB2_GRP1_EnableClockSleep\n
 662:Drivers/STM32WBxx_HAL_Driver/Inc/stm32wbxx_ll_bus.h ****   *         AHB2SMENR    GPIOCSMEN     LL_AHB2_GRP1_EnableClockSleep\n
 663:Drivers/STM32WBxx_HAL_Driver/Inc/stm32wbxx_ll_bus.h ****   *         AHB2SMENR    GPIODSMEN     LL_AHB2_GRP1_EnableClockSleep\n
 664:Drivers/STM32WBxx_HAL_Driver/Inc/stm32wbxx_ll_bus.h ****   *         AHB2SMENR    GPIOESMEN     LL_AHB2_GRP1_EnableClockSleep\n
ARM GAS  C:\Users\Nathan\AppData\Local\Temp\ccTr5KrK.s 			page 32


 665:Drivers/STM32WBxx_HAL_Driver/Inc/stm32wbxx_ll_bus.h ****   *         AHB2SMENR    GPIOHSMEN     LL_AHB2_GRP1_EnableClockSleep\n
 666:Drivers/STM32WBxx_HAL_Driver/Inc/stm32wbxx_ll_bus.h ****   *         AHB2SMENR    ADCSMEN       LL_AHB2_GRP1_EnableClockSleep\n
 667:Drivers/STM32WBxx_HAL_Driver/Inc/stm32wbxx_ll_bus.h ****   *         AHB2SMENR    AES1SMEN      LL_AHB2_GRP1_EnableClockSleep
 668:Drivers/STM32WBxx_HAL_Driver/Inc/stm32wbxx_ll_bus.h ****   * @param  Periphs This parameter can be a combination of the following values:
 669:Drivers/STM32WBxx_HAL_Driver/Inc/stm32wbxx_ll_bus.h ****   *         @arg @ref LL_AHB2_GRP1_PERIPH_GPIOA
 670:Drivers/STM32WBxx_HAL_Driver/Inc/stm32wbxx_ll_bus.h ****   *         @arg @ref LL_AHB2_GRP1_PERIPH_GPIOB
 671:Drivers/STM32WBxx_HAL_Driver/Inc/stm32wbxx_ll_bus.h ****   *         @arg @ref LL_AHB2_GRP1_PERIPH_GPIOC
 672:Drivers/STM32WBxx_HAL_Driver/Inc/stm32wbxx_ll_bus.h ****   *         @arg @ref LL_AHB2_GRP1_PERIPH_GPIOD (*)
 673:Drivers/STM32WBxx_HAL_Driver/Inc/stm32wbxx_ll_bus.h ****   *         @arg @ref LL_AHB2_GRP1_PERIPH_GPIOE
 674:Drivers/STM32WBxx_HAL_Driver/Inc/stm32wbxx_ll_bus.h ****   *         @arg @ref LL_AHB2_GRP1_PERIPH_GPIOH
 675:Drivers/STM32WBxx_HAL_Driver/Inc/stm32wbxx_ll_bus.h ****   *         @arg @ref LL_AHB2_GRP1_PERIPH_ADC (*)
 676:Drivers/STM32WBxx_HAL_Driver/Inc/stm32wbxx_ll_bus.h ****   *         @arg @ref LL_AHB2_GRP1_PERIPH_AES1 (*)
 677:Drivers/STM32WBxx_HAL_Driver/Inc/stm32wbxx_ll_bus.h ****   * @note  (*) Not supported by all the devices
 678:Drivers/STM32WBxx_HAL_Driver/Inc/stm32wbxx_ll_bus.h ****   * @retval None
 679:Drivers/STM32WBxx_HAL_Driver/Inc/stm32wbxx_ll_bus.h ****   */
 680:Drivers/STM32WBxx_HAL_Driver/Inc/stm32wbxx_ll_bus.h **** __STATIC_INLINE void LL_AHB2_GRP1_EnableClockSleep(uint32_t Periphs)
 681:Drivers/STM32WBxx_HAL_Driver/Inc/stm32wbxx_ll_bus.h **** {
 682:Drivers/STM32WBxx_HAL_Driver/Inc/stm32wbxx_ll_bus.h ****   __IO uint32_t tmpreg;
 683:Drivers/STM32WBxx_HAL_Driver/Inc/stm32wbxx_ll_bus.h ****   SET_BIT(RCC->AHB2SMENR, Periphs);
 684:Drivers/STM32WBxx_HAL_Driver/Inc/stm32wbxx_ll_bus.h ****   /* Delay after an RCC peripheral clock enabling */
 685:Drivers/STM32WBxx_HAL_Driver/Inc/stm32wbxx_ll_bus.h ****   tmpreg = READ_BIT(RCC->AHB2SMENR, Periphs);
 686:Drivers/STM32WBxx_HAL_Driver/Inc/stm32wbxx_ll_bus.h ****   (void)tmpreg;
 687:Drivers/STM32WBxx_HAL_Driver/Inc/stm32wbxx_ll_bus.h **** }
 688:Drivers/STM32WBxx_HAL_Driver/Inc/stm32wbxx_ll_bus.h **** 
 689:Drivers/STM32WBxx_HAL_Driver/Inc/stm32wbxx_ll_bus.h **** /**
 690:Drivers/STM32WBxx_HAL_Driver/Inc/stm32wbxx_ll_bus.h ****   * @brief  Disable AHB2 peripherals clock during Low Power (Sleep) mode.
 691:Drivers/STM32WBxx_HAL_Driver/Inc/stm32wbxx_ll_bus.h ****   * @rmtoll AHB2SMENR    GPIOASMEN     LL_AHB2_GRP1_DisableClockSleep\n
 692:Drivers/STM32WBxx_HAL_Driver/Inc/stm32wbxx_ll_bus.h ****   *         AHB2SMENR    GPIOBSMEN     LL_AHB2_GRP1_DisableClockSleep\n
 693:Drivers/STM32WBxx_HAL_Driver/Inc/stm32wbxx_ll_bus.h ****   *         AHB2SMENR    GPIOCSMEN     LL_AHB2_GRP1_DisableClockSleep\n
 694:Drivers/STM32WBxx_HAL_Driver/Inc/stm32wbxx_ll_bus.h ****   *         AHB2SMENR    GPIODSMEN     LL_AHB2_GRP1_DisableClockSleep\n
 695:Drivers/STM32WBxx_HAL_Driver/Inc/stm32wbxx_ll_bus.h ****   *         AHB2SMENR    GPIOESMEN     LL_AHB2_GRP1_DisableClockSleep\n
 696:Drivers/STM32WBxx_HAL_Driver/Inc/stm32wbxx_ll_bus.h ****   *         AHB2SMENR    GPIOHSMEN     LL_AHB2_GRP1_DisableClockSleep\n
 697:Drivers/STM32WBxx_HAL_Driver/Inc/stm32wbxx_ll_bus.h ****   *         AHB2SMENR    ADCSMEN       LL_AHB2_GRP1_DisableClockSleep\n
 698:Drivers/STM32WBxx_HAL_Driver/Inc/stm32wbxx_ll_bus.h ****   *         AHB2SMENR    AES1SMEN      LL_AHB2_GRP1_DisableClockSleep
 699:Drivers/STM32WBxx_HAL_Driver/Inc/stm32wbxx_ll_bus.h ****   * @param  Periphs This parameter can be a combination of the following values:
 700:Drivers/STM32WBxx_HAL_Driver/Inc/stm32wbxx_ll_bus.h ****   *         @arg @ref LL_AHB2_GRP1_PERIPH_GPIOA
 701:Drivers/STM32WBxx_HAL_Driver/Inc/stm32wbxx_ll_bus.h ****   *         @arg @ref LL_AHB2_GRP1_PERIPH_GPIOB
 702:Drivers/STM32WBxx_HAL_Driver/Inc/stm32wbxx_ll_bus.h ****   *         @arg @ref LL_AHB2_GRP1_PERIPH_GPIOC
 703:Drivers/STM32WBxx_HAL_Driver/Inc/stm32wbxx_ll_bus.h ****   *         @arg @ref LL_AHB2_GRP1_PERIPH_GPIOD (*)
 704:Drivers/STM32WBxx_HAL_Driver/Inc/stm32wbxx_ll_bus.h ****   *         @arg @ref LL_AHB2_GRP1_PERIPH_GPIOE
 705:Drivers/STM32WBxx_HAL_Driver/Inc/stm32wbxx_ll_bus.h ****   *         @arg @ref LL_AHB2_GRP1_PERIPH_GPIOH
 706:Drivers/STM32WBxx_HAL_Driver/Inc/stm32wbxx_ll_bus.h ****   *         @arg @ref LL_AHB2_GRP1_PERIPH_ADC (*)
 707:Drivers/STM32WBxx_HAL_Driver/Inc/stm32wbxx_ll_bus.h ****   *         @arg @ref LL_AHB2_GRP1_PERIPH_AES1 (*)
 708:Drivers/STM32WBxx_HAL_Driver/Inc/stm32wbxx_ll_bus.h ****   * @note  (*) Not supported by all the devices
 709:Drivers/STM32WBxx_HAL_Driver/Inc/stm32wbxx_ll_bus.h ****   * @retval None
 710:Drivers/STM32WBxx_HAL_Driver/Inc/stm32wbxx_ll_bus.h ****   */
 711:Drivers/STM32WBxx_HAL_Driver/Inc/stm32wbxx_ll_bus.h **** __STATIC_INLINE void LL_AHB2_GRP1_DisableClockSleep(uint32_t Periphs)
 712:Drivers/STM32WBxx_HAL_Driver/Inc/stm32wbxx_ll_bus.h **** {
 713:Drivers/STM32WBxx_HAL_Driver/Inc/stm32wbxx_ll_bus.h ****   CLEAR_BIT(RCC->AHB2SMENR, Periphs);
 714:Drivers/STM32WBxx_HAL_Driver/Inc/stm32wbxx_ll_bus.h **** }
 715:Drivers/STM32WBxx_HAL_Driver/Inc/stm32wbxx_ll_bus.h **** 
 716:Drivers/STM32WBxx_HAL_Driver/Inc/stm32wbxx_ll_bus.h **** /**
 717:Drivers/STM32WBxx_HAL_Driver/Inc/stm32wbxx_ll_bus.h ****   * @}
 718:Drivers/STM32WBxx_HAL_Driver/Inc/stm32wbxx_ll_bus.h ****   */
 719:Drivers/STM32WBxx_HAL_Driver/Inc/stm32wbxx_ll_bus.h **** 
 720:Drivers/STM32WBxx_HAL_Driver/Inc/stm32wbxx_ll_bus.h **** /** @defgroup BUS_LL_EF_AHB3 AHB3
 721:Drivers/STM32WBxx_HAL_Driver/Inc/stm32wbxx_ll_bus.h ****   * @{
ARM GAS  C:\Users\Nathan\AppData\Local\Temp\ccTr5KrK.s 			page 33


 722:Drivers/STM32WBxx_HAL_Driver/Inc/stm32wbxx_ll_bus.h ****   */
 723:Drivers/STM32WBxx_HAL_Driver/Inc/stm32wbxx_ll_bus.h **** 
 724:Drivers/STM32WBxx_HAL_Driver/Inc/stm32wbxx_ll_bus.h **** /**
 725:Drivers/STM32WBxx_HAL_Driver/Inc/stm32wbxx_ll_bus.h ****   * @brief  Enable AHB3 peripherals clock.
 726:Drivers/STM32WBxx_HAL_Driver/Inc/stm32wbxx_ll_bus.h ****   * @rmtoll AHB3ENR      QUADSPIEN     LL_AHB3_GRP1_EnableClock\n
 727:Drivers/STM32WBxx_HAL_Driver/Inc/stm32wbxx_ll_bus.h ****   *         AHB3ENR      PKAEN         LL_AHB3_GRP1_EnableClock\n
 728:Drivers/STM32WBxx_HAL_Driver/Inc/stm32wbxx_ll_bus.h ****   *         AHB3ENR      AES2EN        LL_AHB3_GRP1_EnableClock\n
 729:Drivers/STM32WBxx_HAL_Driver/Inc/stm32wbxx_ll_bus.h ****   *         AHB3ENR      RNGEN         LL_AHB3_GRP1_EnableClock\n
 730:Drivers/STM32WBxx_HAL_Driver/Inc/stm32wbxx_ll_bus.h ****   *         AHB3ENR      HSEMEN        LL_AHB3_GRP1_EnableClock\n
 731:Drivers/STM32WBxx_HAL_Driver/Inc/stm32wbxx_ll_bus.h ****   *         AHB3ENR      IPCCEN        LL_AHB3_GRP1_EnableClock\n
 732:Drivers/STM32WBxx_HAL_Driver/Inc/stm32wbxx_ll_bus.h ****   *         AHB3ENR      FLASHEN       LL_AHB3_GRP1_EnableClock
 733:Drivers/STM32WBxx_HAL_Driver/Inc/stm32wbxx_ll_bus.h ****   * @param  Periphs This parameter can be a combination of the following values:
 734:Drivers/STM32WBxx_HAL_Driver/Inc/stm32wbxx_ll_bus.h ****   *         @arg @ref LL_AHB3_GRP1_PERIPH_QUADSPI (*)
 735:Drivers/STM32WBxx_HAL_Driver/Inc/stm32wbxx_ll_bus.h ****   *         @arg @ref LL_AHB3_GRP1_PERIPH_PKA
 736:Drivers/STM32WBxx_HAL_Driver/Inc/stm32wbxx_ll_bus.h ****   *         @arg @ref LL_AHB3_GRP1_PERIPH_AES2
 737:Drivers/STM32WBxx_HAL_Driver/Inc/stm32wbxx_ll_bus.h ****   *         @arg @ref LL_AHB3_GRP1_PERIPH_RNG
 738:Drivers/STM32WBxx_HAL_Driver/Inc/stm32wbxx_ll_bus.h ****   *         @arg @ref LL_AHB3_GRP1_PERIPH_HSEM
 739:Drivers/STM32WBxx_HAL_Driver/Inc/stm32wbxx_ll_bus.h ****   *         @arg @ref LL_AHB3_GRP1_PERIPH_IPCC
 740:Drivers/STM32WBxx_HAL_Driver/Inc/stm32wbxx_ll_bus.h ****   *         @arg @ref LL_AHB3_GRP1_PERIPH_FLASH
 741:Drivers/STM32WBxx_HAL_Driver/Inc/stm32wbxx_ll_bus.h ****   * @note  (*) Not supported by all the devices
 742:Drivers/STM32WBxx_HAL_Driver/Inc/stm32wbxx_ll_bus.h ****   * @retval None
 743:Drivers/STM32WBxx_HAL_Driver/Inc/stm32wbxx_ll_bus.h ****   */
 744:Drivers/STM32WBxx_HAL_Driver/Inc/stm32wbxx_ll_bus.h **** __STATIC_INLINE void LL_AHB3_GRP1_EnableClock(uint32_t Periphs)
 745:Drivers/STM32WBxx_HAL_Driver/Inc/stm32wbxx_ll_bus.h **** {
 746:Drivers/STM32WBxx_HAL_Driver/Inc/stm32wbxx_ll_bus.h ****   __IO uint32_t tmpreg;
 747:Drivers/STM32WBxx_HAL_Driver/Inc/stm32wbxx_ll_bus.h ****   SET_BIT(RCC->AHB3ENR, Periphs);
 748:Drivers/STM32WBxx_HAL_Driver/Inc/stm32wbxx_ll_bus.h ****   /* Delay after an RCC peripheral clock enabling */
 749:Drivers/STM32WBxx_HAL_Driver/Inc/stm32wbxx_ll_bus.h ****   tmpreg = READ_BIT(RCC->AHB3ENR, Periphs);
 750:Drivers/STM32WBxx_HAL_Driver/Inc/stm32wbxx_ll_bus.h ****   (void)tmpreg;
 751:Drivers/STM32WBxx_HAL_Driver/Inc/stm32wbxx_ll_bus.h **** }
 752:Drivers/STM32WBxx_HAL_Driver/Inc/stm32wbxx_ll_bus.h **** 
 753:Drivers/STM32WBxx_HAL_Driver/Inc/stm32wbxx_ll_bus.h **** /**
 754:Drivers/STM32WBxx_HAL_Driver/Inc/stm32wbxx_ll_bus.h ****   * @brief  Check if AHB3 peripheral clock is enabled or not
 755:Drivers/STM32WBxx_HAL_Driver/Inc/stm32wbxx_ll_bus.h ****   * @rmtoll AHB3ENR      QUADSPIEN     LL_AHB3_GRP1_IsEnabledClock\n
 756:Drivers/STM32WBxx_HAL_Driver/Inc/stm32wbxx_ll_bus.h ****   *         AHB3ENR      PKAEN         LL_AHB3_GRP1_IsEnabledClock\n
 757:Drivers/STM32WBxx_HAL_Driver/Inc/stm32wbxx_ll_bus.h ****   *         AHB3ENR      AES2EN        LL_AHB3_GRP1_IsEnabledClock\n
 758:Drivers/STM32WBxx_HAL_Driver/Inc/stm32wbxx_ll_bus.h ****   *         AHB3ENR      RNGEN         LL_AHB3_GRP1_IsEnabledClock\n
 759:Drivers/STM32WBxx_HAL_Driver/Inc/stm32wbxx_ll_bus.h ****   *         AHB3ENR      HSEMEN        LL_AHB3_GRP1_IsEnabledClock\n
 760:Drivers/STM32WBxx_HAL_Driver/Inc/stm32wbxx_ll_bus.h ****   *         AHB3ENR      IPCCEN        LL_AHB3_GRP1_IsEnabledClock\n
 761:Drivers/STM32WBxx_HAL_Driver/Inc/stm32wbxx_ll_bus.h ****   *         AHB3ENR      FLASHEN       LL_AHB3_GRP1_IsEnabledClock
 762:Drivers/STM32WBxx_HAL_Driver/Inc/stm32wbxx_ll_bus.h ****   * @param  Periphs This parameter can be a combination of the following values:
 763:Drivers/STM32WBxx_HAL_Driver/Inc/stm32wbxx_ll_bus.h ****   *         @arg @ref LL_AHB3_GRP1_PERIPH_QUADSPI (*)
 764:Drivers/STM32WBxx_HAL_Driver/Inc/stm32wbxx_ll_bus.h ****   *         @arg @ref LL_AHB3_GRP1_PERIPH_PKA
 765:Drivers/STM32WBxx_HAL_Driver/Inc/stm32wbxx_ll_bus.h ****   *         @arg @ref LL_AHB3_GRP1_PERIPH_AES2
 766:Drivers/STM32WBxx_HAL_Driver/Inc/stm32wbxx_ll_bus.h ****   *         @arg @ref LL_AHB3_GRP1_PERIPH_RNG
 767:Drivers/STM32WBxx_HAL_Driver/Inc/stm32wbxx_ll_bus.h ****   *         @arg @ref LL_AHB3_GRP1_PERIPH_HSEM
 768:Drivers/STM32WBxx_HAL_Driver/Inc/stm32wbxx_ll_bus.h ****   *         @arg @ref LL_AHB3_GRP1_PERIPH_IPCC
 769:Drivers/STM32WBxx_HAL_Driver/Inc/stm32wbxx_ll_bus.h ****   *         @arg @ref LL_AHB3_GRP1_PERIPH_FLASH
 770:Drivers/STM32WBxx_HAL_Driver/Inc/stm32wbxx_ll_bus.h ****   * @note  (*) Not supported by all the devices
 771:Drivers/STM32WBxx_HAL_Driver/Inc/stm32wbxx_ll_bus.h ****   * @retval uint32_t
 772:Drivers/STM32WBxx_HAL_Driver/Inc/stm32wbxx_ll_bus.h ****   */
 773:Drivers/STM32WBxx_HAL_Driver/Inc/stm32wbxx_ll_bus.h **** __STATIC_INLINE uint32_t LL_AHB3_GRP1_IsEnabledClock(uint32_t Periphs)
 774:Drivers/STM32WBxx_HAL_Driver/Inc/stm32wbxx_ll_bus.h **** {
 775:Drivers/STM32WBxx_HAL_Driver/Inc/stm32wbxx_ll_bus.h ****   return ((READ_BIT(RCC->AHB3ENR, Periphs) == (Periphs)) ? 1UL : 0UL);
 776:Drivers/STM32WBxx_HAL_Driver/Inc/stm32wbxx_ll_bus.h **** }
 777:Drivers/STM32WBxx_HAL_Driver/Inc/stm32wbxx_ll_bus.h **** 
 778:Drivers/STM32WBxx_HAL_Driver/Inc/stm32wbxx_ll_bus.h **** /**
ARM GAS  C:\Users\Nathan\AppData\Local\Temp\ccTr5KrK.s 			page 34


 779:Drivers/STM32WBxx_HAL_Driver/Inc/stm32wbxx_ll_bus.h ****   * @brief  Disable AHB3 peripherals clock.
 780:Drivers/STM32WBxx_HAL_Driver/Inc/stm32wbxx_ll_bus.h ****   * @rmtoll AHB3ENR      QUADSPIEN     LL_AHB3_GRP1_DisableClock\n
 781:Drivers/STM32WBxx_HAL_Driver/Inc/stm32wbxx_ll_bus.h ****   *         AHB3ENR      PKAEN         LL_AHB3_GRP1_DisableClock\n
 782:Drivers/STM32WBxx_HAL_Driver/Inc/stm32wbxx_ll_bus.h ****   *         AHB3ENR      AES2EN        LL_AHB3_GRP1_DisableClock\n
 783:Drivers/STM32WBxx_HAL_Driver/Inc/stm32wbxx_ll_bus.h ****   *         AHB3ENR      RNGEN         LL_AHB3_GRP1_DisableClock\n
 784:Drivers/STM32WBxx_HAL_Driver/Inc/stm32wbxx_ll_bus.h ****   *         AHB3ENR      HSEMEN        LL_AHB3_GRP1_DisableClock\n
 785:Drivers/STM32WBxx_HAL_Driver/Inc/stm32wbxx_ll_bus.h ****   *         AHB3ENR      IPCCEN        LL_AHB3_GRP1_DisableClock\n
 786:Drivers/STM32WBxx_HAL_Driver/Inc/stm32wbxx_ll_bus.h ****   *         AHB3ENR      FLASHEN       LL_AHB3_GRP1_DisableClock
 787:Drivers/STM32WBxx_HAL_Driver/Inc/stm32wbxx_ll_bus.h ****   * @param  Periphs This parameter can be a combination of the following values:
 788:Drivers/STM32WBxx_HAL_Driver/Inc/stm32wbxx_ll_bus.h ****   *         @arg @ref LL_AHB3_GRP1_PERIPH_QUADSPI (*)
 789:Drivers/STM32WBxx_HAL_Driver/Inc/stm32wbxx_ll_bus.h ****   *         @arg @ref LL_AHB3_GRP1_PERIPH_PKA
 790:Drivers/STM32WBxx_HAL_Driver/Inc/stm32wbxx_ll_bus.h ****   *         @arg @ref LL_AHB3_GRP1_PERIPH_AES2
 791:Drivers/STM32WBxx_HAL_Driver/Inc/stm32wbxx_ll_bus.h ****   *         @arg @ref LL_AHB3_GRP1_PERIPH_RNG
 792:Drivers/STM32WBxx_HAL_Driver/Inc/stm32wbxx_ll_bus.h ****   *         @arg @ref LL_AHB3_GRP1_PERIPH_HSEM
 793:Drivers/STM32WBxx_HAL_Driver/Inc/stm32wbxx_ll_bus.h ****   *         @arg @ref LL_AHB3_GRP1_PERIPH_IPCC
 794:Drivers/STM32WBxx_HAL_Driver/Inc/stm32wbxx_ll_bus.h ****   *         @arg @ref LL_AHB3_GRP1_PERIPH_FLASH
 795:Drivers/STM32WBxx_HAL_Driver/Inc/stm32wbxx_ll_bus.h ****   * @note  (*) Not supported by all the devices
 796:Drivers/STM32WBxx_HAL_Driver/Inc/stm32wbxx_ll_bus.h ****   * @retval None
 797:Drivers/STM32WBxx_HAL_Driver/Inc/stm32wbxx_ll_bus.h ****   */
 798:Drivers/STM32WBxx_HAL_Driver/Inc/stm32wbxx_ll_bus.h **** __STATIC_INLINE void LL_AHB3_GRP1_DisableClock(uint32_t Periphs)
 799:Drivers/STM32WBxx_HAL_Driver/Inc/stm32wbxx_ll_bus.h **** {
 800:Drivers/STM32WBxx_HAL_Driver/Inc/stm32wbxx_ll_bus.h ****   CLEAR_BIT(RCC->AHB3ENR, Periphs);
 801:Drivers/STM32WBxx_HAL_Driver/Inc/stm32wbxx_ll_bus.h **** }
 802:Drivers/STM32WBxx_HAL_Driver/Inc/stm32wbxx_ll_bus.h **** 
 803:Drivers/STM32WBxx_HAL_Driver/Inc/stm32wbxx_ll_bus.h **** /**
 804:Drivers/STM32WBxx_HAL_Driver/Inc/stm32wbxx_ll_bus.h ****   * @brief  Force AHB3 peripherals reset.
 805:Drivers/STM32WBxx_HAL_Driver/Inc/stm32wbxx_ll_bus.h ****   * @rmtoll AHB3RSTR     QUADSPIRST       LL_AHB3_GRP1_ForceReset\n
 806:Drivers/STM32WBxx_HAL_Driver/Inc/stm32wbxx_ll_bus.h ****   *         AHB3RSTR     PKARST        LL_AHB3_GRP1_ForceReset\n
 807:Drivers/STM32WBxx_HAL_Driver/Inc/stm32wbxx_ll_bus.h ****   *         AHB3RSTR     AES2RST       LL_AHB3_GRP1_ForceReset\n
 808:Drivers/STM32WBxx_HAL_Driver/Inc/stm32wbxx_ll_bus.h ****   *         AHB3RSTR     RNGRST        LL_AHB3_GRP1_ForceReset\n
 809:Drivers/STM32WBxx_HAL_Driver/Inc/stm32wbxx_ll_bus.h ****   *         AHB3RSTR     HSEMRST       LL_AHB3_GRP1_ForceReset\n
 810:Drivers/STM32WBxx_HAL_Driver/Inc/stm32wbxx_ll_bus.h ****   *         AHB3RSTR     IPCCRST       LL_AHB3_GRP1_ForceReset\n
 811:Drivers/STM32WBxx_HAL_Driver/Inc/stm32wbxx_ll_bus.h ****   *         AHB3RSTR     FLASHRST      LL_AHB3_GRP1_ForceReset
 812:Drivers/STM32WBxx_HAL_Driver/Inc/stm32wbxx_ll_bus.h ****   * @param  Periphs This parameter can be a combination of the following values:
 813:Drivers/STM32WBxx_HAL_Driver/Inc/stm32wbxx_ll_bus.h ****   *         @arg @ref LL_AHB3_GRP1_PERIPH_ALL
 814:Drivers/STM32WBxx_HAL_Driver/Inc/stm32wbxx_ll_bus.h ****   *         @arg @ref LL_AHB3_GRP1_PERIPH_QUADSPI (*)
 815:Drivers/STM32WBxx_HAL_Driver/Inc/stm32wbxx_ll_bus.h ****   *         @arg @ref LL_AHB3_GRP1_PERIPH_PKA
 816:Drivers/STM32WBxx_HAL_Driver/Inc/stm32wbxx_ll_bus.h ****   *         @arg @ref LL_AHB3_GRP1_PERIPH_AES2
 817:Drivers/STM32WBxx_HAL_Driver/Inc/stm32wbxx_ll_bus.h ****   *         @arg @ref LL_AHB3_GRP1_PERIPH_RNG
 818:Drivers/STM32WBxx_HAL_Driver/Inc/stm32wbxx_ll_bus.h ****   *         @arg @ref LL_AHB3_GRP1_PERIPH_HSEM
 819:Drivers/STM32WBxx_HAL_Driver/Inc/stm32wbxx_ll_bus.h ****   *         @arg @ref LL_AHB3_GRP1_PERIPH_IPCC
 820:Drivers/STM32WBxx_HAL_Driver/Inc/stm32wbxx_ll_bus.h ****   *         @arg @ref LL_AHB3_GRP1_PERIPH_FLASH
 821:Drivers/STM32WBxx_HAL_Driver/Inc/stm32wbxx_ll_bus.h ****   * @note  (*) Not supported by all the devices
 822:Drivers/STM32WBxx_HAL_Driver/Inc/stm32wbxx_ll_bus.h ****   * @retval None
 823:Drivers/STM32WBxx_HAL_Driver/Inc/stm32wbxx_ll_bus.h ****   */
 824:Drivers/STM32WBxx_HAL_Driver/Inc/stm32wbxx_ll_bus.h **** __STATIC_INLINE void LL_AHB3_GRP1_ForceReset(uint32_t Periphs)
 825:Drivers/STM32WBxx_HAL_Driver/Inc/stm32wbxx_ll_bus.h **** {
 826:Drivers/STM32WBxx_HAL_Driver/Inc/stm32wbxx_ll_bus.h ****   SET_BIT(RCC->AHB3RSTR, Periphs);
 827:Drivers/STM32WBxx_HAL_Driver/Inc/stm32wbxx_ll_bus.h **** }
 828:Drivers/STM32WBxx_HAL_Driver/Inc/stm32wbxx_ll_bus.h **** 
 829:Drivers/STM32WBxx_HAL_Driver/Inc/stm32wbxx_ll_bus.h **** /**
 830:Drivers/STM32WBxx_HAL_Driver/Inc/stm32wbxx_ll_bus.h ****   * @brief  Release AHB3 peripherals reset.
 831:Drivers/STM32WBxx_HAL_Driver/Inc/stm32wbxx_ll_bus.h ****   * @rmtoll AHB3RSTR     QUADSPIRST    LL_AHB3_GRP1_ReleaseReset\n
 832:Drivers/STM32WBxx_HAL_Driver/Inc/stm32wbxx_ll_bus.h ****   *         AHB3RSTR     PKARST        LL_AHB3_GRP1_ReleaseReset\n
 833:Drivers/STM32WBxx_HAL_Driver/Inc/stm32wbxx_ll_bus.h ****   *         AHB3RSTR     AES2RST       LL_AHB3_GRP1_ReleaseReset\n
 834:Drivers/STM32WBxx_HAL_Driver/Inc/stm32wbxx_ll_bus.h ****   *         AHB3RSTR     RNGRST        LL_AHB3_GRP1_ReleaseReset\n
 835:Drivers/STM32WBxx_HAL_Driver/Inc/stm32wbxx_ll_bus.h ****   *         AHB3RSTR     HSEMRST       LL_AHB3_GRP1_ReleaseReset\n
ARM GAS  C:\Users\Nathan\AppData\Local\Temp\ccTr5KrK.s 			page 35


 836:Drivers/STM32WBxx_HAL_Driver/Inc/stm32wbxx_ll_bus.h ****   *         AHB3RSTR     IPCCRST       LL_AHB3_GRP1_ReleaseReset\n
 837:Drivers/STM32WBxx_HAL_Driver/Inc/stm32wbxx_ll_bus.h ****   *         AHB3RSTR     FLASHRST      LL_AHB3_GRP1_ReleaseReset
 838:Drivers/STM32WBxx_HAL_Driver/Inc/stm32wbxx_ll_bus.h ****   * @param  Periphs This parameter can be a combination of the following values:
 839:Drivers/STM32WBxx_HAL_Driver/Inc/stm32wbxx_ll_bus.h ****   *         @arg @ref LL_AHB2_GRP1_PERIPH_ALL
 840:Drivers/STM32WBxx_HAL_Driver/Inc/stm32wbxx_ll_bus.h ****   *         @arg @ref LL_AHB3_GRP1_PERIPH_QUADSPI (*)
 841:Drivers/STM32WBxx_HAL_Driver/Inc/stm32wbxx_ll_bus.h ****   *         @arg @ref LL_AHB3_GRP1_PERIPH_PKA
 842:Drivers/STM32WBxx_HAL_Driver/Inc/stm32wbxx_ll_bus.h ****   *         @arg @ref LL_AHB3_GRP1_PERIPH_AES2
 843:Drivers/STM32WBxx_HAL_Driver/Inc/stm32wbxx_ll_bus.h ****   *         @arg @ref LL_AHB3_GRP1_PERIPH_RNG
 844:Drivers/STM32WBxx_HAL_Driver/Inc/stm32wbxx_ll_bus.h ****   *         @arg @ref LL_AHB3_GRP1_PERIPH_HSEM
 845:Drivers/STM32WBxx_HAL_Driver/Inc/stm32wbxx_ll_bus.h ****   *         @arg @ref LL_AHB3_GRP1_PERIPH_IPCC
 846:Drivers/STM32WBxx_HAL_Driver/Inc/stm32wbxx_ll_bus.h ****   *         @arg @ref LL_AHB3_GRP1_PERIPH_FLASH
 847:Drivers/STM32WBxx_HAL_Driver/Inc/stm32wbxx_ll_bus.h ****   * @note  (*) Not supported by all the devices
 848:Drivers/STM32WBxx_HAL_Driver/Inc/stm32wbxx_ll_bus.h ****   * @retval None
 849:Drivers/STM32WBxx_HAL_Driver/Inc/stm32wbxx_ll_bus.h ****   */
 850:Drivers/STM32WBxx_HAL_Driver/Inc/stm32wbxx_ll_bus.h **** __STATIC_INLINE void LL_AHB3_GRP1_ReleaseReset(uint32_t Periphs)
 851:Drivers/STM32WBxx_HAL_Driver/Inc/stm32wbxx_ll_bus.h **** {
 852:Drivers/STM32WBxx_HAL_Driver/Inc/stm32wbxx_ll_bus.h ****   CLEAR_BIT(RCC->AHB3RSTR, Periphs);
 853:Drivers/STM32WBxx_HAL_Driver/Inc/stm32wbxx_ll_bus.h **** }
 854:Drivers/STM32WBxx_HAL_Driver/Inc/stm32wbxx_ll_bus.h **** 
 855:Drivers/STM32WBxx_HAL_Driver/Inc/stm32wbxx_ll_bus.h **** /**
 856:Drivers/STM32WBxx_HAL_Driver/Inc/stm32wbxx_ll_bus.h ****   * @brief  Enable AHB3 peripherals clock during Low Power (Sleep) mode.
 857:Drivers/STM32WBxx_HAL_Driver/Inc/stm32wbxx_ll_bus.h ****   * @rmtoll AHB3SMENR    QUADSPISMEN   LL_AHB3_GRP1_EnableClockSleep\n
 858:Drivers/STM32WBxx_HAL_Driver/Inc/stm32wbxx_ll_bus.h ****   *         AHB3SMENR    PKASMEN       LL_AHB3_GRP1_EnableClockSleep\n
 859:Drivers/STM32WBxx_HAL_Driver/Inc/stm32wbxx_ll_bus.h ****   *         AHB3SMENR    AES2SMEN      LL_AHB3_GRP1_EnableClockSleep\n
 860:Drivers/STM32WBxx_HAL_Driver/Inc/stm32wbxx_ll_bus.h ****   *         AHB3SMENR    RNGSMEN       LL_AHB3_GRP1_EnableClockSleep\n
 861:Drivers/STM32WBxx_HAL_Driver/Inc/stm32wbxx_ll_bus.h ****   *         AHB3SMENR    SRAM2SMEN     LL_AHB3_GRP1_EnableClockSleep\n
 862:Drivers/STM32WBxx_HAL_Driver/Inc/stm32wbxx_ll_bus.h ****   *         AHB3SMENR    FLASHSMEN     LL_AHB3_GRP1_EnableClockSleep
 863:Drivers/STM32WBxx_HAL_Driver/Inc/stm32wbxx_ll_bus.h ****   * @param  Periphs This parameter can be a combination of the following values:
 864:Drivers/STM32WBxx_HAL_Driver/Inc/stm32wbxx_ll_bus.h ****   *         @arg @ref LL_AHB3_GRP1_PERIPH_QUADSPI (*)
 865:Drivers/STM32WBxx_HAL_Driver/Inc/stm32wbxx_ll_bus.h ****   *         @arg @ref LL_AHB3_GRP1_PERIPH_PKA
 866:Drivers/STM32WBxx_HAL_Driver/Inc/stm32wbxx_ll_bus.h ****   *         @arg @ref LL_AHB3_GRP1_PERIPH_AES2
 867:Drivers/STM32WBxx_HAL_Driver/Inc/stm32wbxx_ll_bus.h ****   *         @arg @ref LL_AHB3_GRP1_PERIPH_RNG
 868:Drivers/STM32WBxx_HAL_Driver/Inc/stm32wbxx_ll_bus.h ****   *         @arg @ref LL_AHB3_GRP1_PERIPH_SRAM2
 869:Drivers/STM32WBxx_HAL_Driver/Inc/stm32wbxx_ll_bus.h ****   * @note  (*) Not supported by all the devices
 870:Drivers/STM32WBxx_HAL_Driver/Inc/stm32wbxx_ll_bus.h ****   *         @arg @ref LL_AHB3_GRP1_PERIPH_FLASH
 871:Drivers/STM32WBxx_HAL_Driver/Inc/stm32wbxx_ll_bus.h ****   * @retval None
 872:Drivers/STM32WBxx_HAL_Driver/Inc/stm32wbxx_ll_bus.h ****   */
 873:Drivers/STM32WBxx_HAL_Driver/Inc/stm32wbxx_ll_bus.h **** __STATIC_INLINE void LL_AHB3_GRP1_EnableClockSleep(uint32_t Periphs)
 874:Drivers/STM32WBxx_HAL_Driver/Inc/stm32wbxx_ll_bus.h **** {
 875:Drivers/STM32WBxx_HAL_Driver/Inc/stm32wbxx_ll_bus.h ****   __IO uint32_t tmpreg;
 876:Drivers/STM32WBxx_HAL_Driver/Inc/stm32wbxx_ll_bus.h ****   SET_BIT(RCC->AHB3SMENR, Periphs);
 877:Drivers/STM32WBxx_HAL_Driver/Inc/stm32wbxx_ll_bus.h ****   /* Delay after an RCC peripheral clock enabling */
 878:Drivers/STM32WBxx_HAL_Driver/Inc/stm32wbxx_ll_bus.h ****   tmpreg = READ_BIT(RCC->AHB3SMENR, Periphs);
 879:Drivers/STM32WBxx_HAL_Driver/Inc/stm32wbxx_ll_bus.h ****   (void)tmpreg;
 880:Drivers/STM32WBxx_HAL_Driver/Inc/stm32wbxx_ll_bus.h **** }
 881:Drivers/STM32WBxx_HAL_Driver/Inc/stm32wbxx_ll_bus.h **** 
 882:Drivers/STM32WBxx_HAL_Driver/Inc/stm32wbxx_ll_bus.h **** /**
 883:Drivers/STM32WBxx_HAL_Driver/Inc/stm32wbxx_ll_bus.h ****   * @brief  Disable AHB3 peripherals clock during Low Power (Sleep) mode.
 884:Drivers/STM32WBxx_HAL_Driver/Inc/stm32wbxx_ll_bus.h ****   * @rmtoll AHB3SMENR    QUADSPISMEN   LL_AHB3_GRP1_DisableClockSleep\n
 885:Drivers/STM32WBxx_HAL_Driver/Inc/stm32wbxx_ll_bus.h ****   *         AHB3SMENR    PKASMEN       LL_AHB3_GRP1_DisableClockSleep\n
 886:Drivers/STM32WBxx_HAL_Driver/Inc/stm32wbxx_ll_bus.h ****   *         AHB3SMENR    AES2SMEN      LL_AHB3_GRP1_DisableClockSleep\n
 887:Drivers/STM32WBxx_HAL_Driver/Inc/stm32wbxx_ll_bus.h ****   *         AHB3SMENR    RNGSMEN       LL_AHB3_GRP1_DisableClockSleep\n
 888:Drivers/STM32WBxx_HAL_Driver/Inc/stm32wbxx_ll_bus.h ****   *         AHB3SMENR    SRAM2SMEN     LL_AHB3_GRP1_DisableClockSleep\n
 889:Drivers/STM32WBxx_HAL_Driver/Inc/stm32wbxx_ll_bus.h ****   *         AHB3SMENR    FLASHSMEN     LL_AHB3_GRP1_DisableClockSleep
 890:Drivers/STM32WBxx_HAL_Driver/Inc/stm32wbxx_ll_bus.h ****   * @param  Periphs This parameter can be a combination of the following values:
 891:Drivers/STM32WBxx_HAL_Driver/Inc/stm32wbxx_ll_bus.h ****   *         @arg @ref LL_AHB3_GRP1_PERIPH_QUADSPI (*)
 892:Drivers/STM32WBxx_HAL_Driver/Inc/stm32wbxx_ll_bus.h ****   *         @arg @ref LL_AHB3_GRP1_PERIPH_PKA
ARM GAS  C:\Users\Nathan\AppData\Local\Temp\ccTr5KrK.s 			page 36


 893:Drivers/STM32WBxx_HAL_Driver/Inc/stm32wbxx_ll_bus.h ****   *         @arg @ref LL_AHB3_GRP1_PERIPH_AES2
 894:Drivers/STM32WBxx_HAL_Driver/Inc/stm32wbxx_ll_bus.h ****   *         @arg @ref LL_AHB3_GRP1_PERIPH_RNG
 895:Drivers/STM32WBxx_HAL_Driver/Inc/stm32wbxx_ll_bus.h ****   *         @arg @ref LL_AHB3_GRP1_PERIPH_SRAM2
 896:Drivers/STM32WBxx_HAL_Driver/Inc/stm32wbxx_ll_bus.h ****   *         @arg @ref LL_AHB3_GRP1_PERIPH_FLASH
 897:Drivers/STM32WBxx_HAL_Driver/Inc/stm32wbxx_ll_bus.h ****   * @note  (*) Not supported by all the devices
 898:Drivers/STM32WBxx_HAL_Driver/Inc/stm32wbxx_ll_bus.h ****   * @retval None
 899:Drivers/STM32WBxx_HAL_Driver/Inc/stm32wbxx_ll_bus.h ****   */
 900:Drivers/STM32WBxx_HAL_Driver/Inc/stm32wbxx_ll_bus.h **** __STATIC_INLINE void LL_AHB3_GRP1_DisableClockSleep(uint32_t Periphs)
 901:Drivers/STM32WBxx_HAL_Driver/Inc/stm32wbxx_ll_bus.h **** {
 902:Drivers/STM32WBxx_HAL_Driver/Inc/stm32wbxx_ll_bus.h ****   CLEAR_BIT(RCC->AHB3SMENR, Periphs);
 903:Drivers/STM32WBxx_HAL_Driver/Inc/stm32wbxx_ll_bus.h **** }
 904:Drivers/STM32WBxx_HAL_Driver/Inc/stm32wbxx_ll_bus.h **** 
 905:Drivers/STM32WBxx_HAL_Driver/Inc/stm32wbxx_ll_bus.h **** /**
 906:Drivers/STM32WBxx_HAL_Driver/Inc/stm32wbxx_ll_bus.h ****   * @}
 907:Drivers/STM32WBxx_HAL_Driver/Inc/stm32wbxx_ll_bus.h ****   */
 908:Drivers/STM32WBxx_HAL_Driver/Inc/stm32wbxx_ll_bus.h **** 
 909:Drivers/STM32WBxx_HAL_Driver/Inc/stm32wbxx_ll_bus.h **** /** @defgroup BUS_LL_EF_APB1 APB1
 910:Drivers/STM32WBxx_HAL_Driver/Inc/stm32wbxx_ll_bus.h ****   * @{
 911:Drivers/STM32WBxx_HAL_Driver/Inc/stm32wbxx_ll_bus.h ****   */
 912:Drivers/STM32WBxx_HAL_Driver/Inc/stm32wbxx_ll_bus.h **** 
 913:Drivers/STM32WBxx_HAL_Driver/Inc/stm32wbxx_ll_bus.h **** /**
 914:Drivers/STM32WBxx_HAL_Driver/Inc/stm32wbxx_ll_bus.h ****   * @brief  Enable APB1 peripherals clock.
 915:Drivers/STM32WBxx_HAL_Driver/Inc/stm32wbxx_ll_bus.h ****   * @rmtoll APB1ENR1     TIM2EN        LL_APB1_GRP1_EnableClock\n
 916:Drivers/STM32WBxx_HAL_Driver/Inc/stm32wbxx_ll_bus.h ****   *         APB1ENR1     LCDEN         LL_APB1_GRP1_EnableClock\n
 917:Drivers/STM32WBxx_HAL_Driver/Inc/stm32wbxx_ll_bus.h ****   *         APB1ENR1     RTCAPBEN      LL_APB1_GRP1_EnableClock\n
 918:Drivers/STM32WBxx_HAL_Driver/Inc/stm32wbxx_ll_bus.h ****   *         APB1ENR1     WWDGEN        LL_APB1_GRP1_EnableClock\n
 919:Drivers/STM32WBxx_HAL_Driver/Inc/stm32wbxx_ll_bus.h ****   *         APB1ENR1     SPI2EN        LL_APB1_GRP1_EnableClock\n
 920:Drivers/STM32WBxx_HAL_Driver/Inc/stm32wbxx_ll_bus.h ****   *         APB1ENR1     I2C1EN        LL_APB1_GRP1_EnableClock\n
 921:Drivers/STM32WBxx_HAL_Driver/Inc/stm32wbxx_ll_bus.h ****   *         APB1ENR1     I2C3EN        LL_APB1_GRP1_EnableClock\n
 922:Drivers/STM32WBxx_HAL_Driver/Inc/stm32wbxx_ll_bus.h ****   *         APB1ENR1     CRSEN         LL_APB1_GRP1_EnableClock\n
 923:Drivers/STM32WBxx_HAL_Driver/Inc/stm32wbxx_ll_bus.h ****   *         APB1ENR1     USBEN         LL_APB1_GRP1_EnableClock\n
 924:Drivers/STM32WBxx_HAL_Driver/Inc/stm32wbxx_ll_bus.h ****   *         APB1ENR1     LPTIM1EN      LL_APB1_GRP1_EnableClock
 925:Drivers/STM32WBxx_HAL_Driver/Inc/stm32wbxx_ll_bus.h ****   * @param  Periphs This parameter can be a combination of the following values:
 926:Drivers/STM32WBxx_HAL_Driver/Inc/stm32wbxx_ll_bus.h ****   *         @arg @ref LL_APB1_GRP1_PERIPH_TIM2
 927:Drivers/STM32WBxx_HAL_Driver/Inc/stm32wbxx_ll_bus.h ****   *         @arg @ref LL_APB1_GRP1_PERIPH_LCD (*)
 928:Drivers/STM32WBxx_HAL_Driver/Inc/stm32wbxx_ll_bus.h ****   *         @arg @ref LL_APB1_GRP1_PERIPH_RTCAPB
 929:Drivers/STM32WBxx_HAL_Driver/Inc/stm32wbxx_ll_bus.h ****   *         @arg @ref LL_APB1_GRP1_PERIPH_WWDG
 930:Drivers/STM32WBxx_HAL_Driver/Inc/stm32wbxx_ll_bus.h ****   *         @arg @ref LL_APB1_GRP1_PERIPH_SPI2 (*)
 931:Drivers/STM32WBxx_HAL_Driver/Inc/stm32wbxx_ll_bus.h ****   *         @arg @ref LL_APB1_GRP1_PERIPH_I2C1
 932:Drivers/STM32WBxx_HAL_Driver/Inc/stm32wbxx_ll_bus.h ****   *         @arg @ref LL_APB1_GRP1_PERIPH_I2C3 (*)
 933:Drivers/STM32WBxx_HAL_Driver/Inc/stm32wbxx_ll_bus.h ****   *         @arg @ref LL_APB1_GRP1_PERIPH_CRS (*)
 934:Drivers/STM32WBxx_HAL_Driver/Inc/stm32wbxx_ll_bus.h ****   *         @arg @ref LL_APB1_GRP1_PERIPH_USB (*)
 935:Drivers/STM32WBxx_HAL_Driver/Inc/stm32wbxx_ll_bus.h ****   *         @arg @ref LL_APB1_GRP1_PERIPH_LPTIM1
 936:Drivers/STM32WBxx_HAL_Driver/Inc/stm32wbxx_ll_bus.h ****   * @note  (*) Not supported by all the devices
 937:Drivers/STM32WBxx_HAL_Driver/Inc/stm32wbxx_ll_bus.h ****   * @retval None
 938:Drivers/STM32WBxx_HAL_Driver/Inc/stm32wbxx_ll_bus.h ****   */
 939:Drivers/STM32WBxx_HAL_Driver/Inc/stm32wbxx_ll_bus.h **** __STATIC_INLINE void LL_APB1_GRP1_EnableClock(uint32_t Periphs)
 236              		.loc 2 939 22 view .LVU64
 237              	.LBB11:
 940:Drivers/STM32WBxx_HAL_Driver/Inc/stm32wbxx_ll_bus.h **** {
 941:Drivers/STM32WBxx_HAL_Driver/Inc/stm32wbxx_ll_bus.h ****   __IO uint32_t tmpreg;
 238              		.loc 2 941 3 view .LVU65
 942:Drivers/STM32WBxx_HAL_Driver/Inc/stm32wbxx_ll_bus.h ****   SET_BIT(RCC->APB1ENR1, Periphs);
 239              		.loc 2 942 3 view .LVU66
 240 008a A36D     		ldr	r3, [r4, #88]
 241 008c 43F08063 		orr	r3, r3, #67108864
 242 0090 A365     		str	r3, [r4, #88]
ARM GAS  C:\Users\Nathan\AppData\Local\Temp\ccTr5KrK.s 			page 37


 943:Drivers/STM32WBxx_HAL_Driver/Inc/stm32wbxx_ll_bus.h ****   /* Delay after an RCC peripheral clock enabling */
 944:Drivers/STM32WBxx_HAL_Driver/Inc/stm32wbxx_ll_bus.h ****   tmpreg = READ_BIT(RCC->APB1ENR1, Periphs);
 243              		.loc 2 944 3 view .LVU67
 244              		.loc 2 944 12 is_stmt 0 view .LVU68
 245 0092 A36D     		ldr	r3, [r4, #88]
 246 0094 03F08063 		and	r3, r3, #67108864
 247              		.loc 2 944 10 view .LVU69
 248 0098 0193     		str	r3, [sp, #4]
 945:Drivers/STM32WBxx_HAL_Driver/Inc/stm32wbxx_ll_bus.h ****   (void)tmpreg;
 249              		.loc 2 945 3 is_stmt 1 view .LVU70
 250 009a 019B     		ldr	r3, [sp, #4]
 251              	.LVL17:
 252              		.loc 2 945 3 is_stmt 0 view .LVU71
 253              	.LBE11:
 254              	.LBE10:
 114:USB_Device/Target/usbd_conf.c ****     HAL_NVIC_EnableIRQ(USB_LP_IRQn);
 255              		.loc 1 114 5 is_stmt 1 view .LVU72
 256 009c 0022     		movs	r2, #0
 257 009e 1146     		mov	r1, r2
 258 00a0 1420     		movs	r0, #20
 259 00a2 FFF7FEFF 		bl	HAL_NVIC_SetPriority
 260              	.LVL18:
 115:USB_Device/Target/usbd_conf.c ****   /* USER CODE BEGIN USB_MspInit 1 */
 261              		.loc 1 115 5 view .LVU73
 262 00a6 1420     		movs	r0, #20
 263 00a8 FFF7FEFF 		bl	HAL_NVIC_EnableIRQ
 264              	.LVL19:
 120:USB_Device/Target/usbd_conf.c **** 
 265              		.loc 1 120 1 is_stmt 0 view .LVU74
 266 00ac B9E7     		b	.L9
 267              	.LVL20:
 268              	.L14:
  95:USB_Device/Target/usbd_conf.c ****     }
 269              		.loc 1 95 7 is_stmt 1 view .LVU75
 270 00ae FFF7FEFF 		bl	Error_Handler
 271              	.LVL21:
 272 00b2 D0E7     		b	.L11
 273              	.L16:
 274              		.align	2
 275              	.L15:
 276 00b4 00680040 		.word	1073768448
 277              		.cfi_endproc
 278              	.LFE954:
 280              		.section	.text.HAL_PCD_MspDeInit,"ax",%progbits
 281              		.align	1
 282              		.global	HAL_PCD_MspDeInit
 283              		.syntax unified
 284              		.thumb
 285              		.thumb_func
 287              	HAL_PCD_MspDeInit:
 288              	.LVL22:
 289              	.LFB955:
 127:USB_Device/Target/usbd_conf.c ****   if(pcdHandle->Instance==USB)
 290              		.loc 1 127 1 view -0
 291              		.cfi_startproc
 292              		@ args = 0, pretend = 0, frame = 0
 293              		@ frame_needed = 0, uses_anonymous_args = 0
ARM GAS  C:\Users\Nathan\AppData\Local\Temp\ccTr5KrK.s 			page 38


 127:USB_Device/Target/usbd_conf.c ****   if(pcdHandle->Instance==USB)
 294              		.loc 1 127 1 is_stmt 0 view .LVU77
 295 0000 08B5     		push	{r3, lr}
 296              		.cfi_def_cfa_offset 8
 297              		.cfi_offset 3, -8
 298              		.cfi_offset 14, -4
 128:USB_Device/Target/usbd_conf.c ****   {
 299              		.loc 1 128 3 is_stmt 1 view .LVU78
 128:USB_Device/Target/usbd_conf.c ****   {
 300              		.loc 1 128 15 is_stmt 0 view .LVU79
 301 0002 0268     		ldr	r2, [r0]
 128:USB_Device/Target/usbd_conf.c ****   {
 302              		.loc 1 128 5 view .LVU80
 303 0004 094B     		ldr	r3, .L21
 304 0006 9A42     		cmp	r2, r3
 305 0008 00D0     		beq	.L20
 306              	.LVL23:
 307              	.L17:
 149:USB_Device/Target/usbd_conf.c **** 
 308              		.loc 1 149 1 view .LVU81
 309 000a 08BD     		pop	{r3, pc}
 310              	.LVL24:
 311              	.L20:
 134:USB_Device/Target/usbd_conf.c **** 
 312              		.loc 1 134 5 is_stmt 1 view .LVU82
 313              	.LBB12:
 314              	.LBI12:
 946:Drivers/STM32WBxx_HAL_Driver/Inc/stm32wbxx_ll_bus.h **** }
 947:Drivers/STM32WBxx_HAL_Driver/Inc/stm32wbxx_ll_bus.h **** 
 948:Drivers/STM32WBxx_HAL_Driver/Inc/stm32wbxx_ll_bus.h **** /**
 949:Drivers/STM32WBxx_HAL_Driver/Inc/stm32wbxx_ll_bus.h ****   * @brief  Enable APB1 peripherals clock.
 950:Drivers/STM32WBxx_HAL_Driver/Inc/stm32wbxx_ll_bus.h ****   * @rmtoll APB1ENR2     LPUART1EN     LL_APB1_GRP2_EnableClock\n
 951:Drivers/STM32WBxx_HAL_Driver/Inc/stm32wbxx_ll_bus.h ****   *         APB1ENR2     LPTIM2EN      LL_APB1_GRP2_EnableClock
 952:Drivers/STM32WBxx_HAL_Driver/Inc/stm32wbxx_ll_bus.h ****   * @param  Periphs This parameter can be a combination of the following values:
 953:Drivers/STM32WBxx_HAL_Driver/Inc/stm32wbxx_ll_bus.h ****   *         @arg @ref LL_APB1_GRP2_PERIPH_LPUART1 (*)
 954:Drivers/STM32WBxx_HAL_Driver/Inc/stm32wbxx_ll_bus.h ****   *         @arg @ref LL_APB1_GRP2_PERIPH_LPTIM2
 955:Drivers/STM32WBxx_HAL_Driver/Inc/stm32wbxx_ll_bus.h ****   * @note  (*) Not supported by all the devices
 956:Drivers/STM32WBxx_HAL_Driver/Inc/stm32wbxx_ll_bus.h ****   * @retval None
 957:Drivers/STM32WBxx_HAL_Driver/Inc/stm32wbxx_ll_bus.h ****   */
 958:Drivers/STM32WBxx_HAL_Driver/Inc/stm32wbxx_ll_bus.h **** __STATIC_INLINE void LL_APB1_GRP2_EnableClock(uint32_t Periphs)
 959:Drivers/STM32WBxx_HAL_Driver/Inc/stm32wbxx_ll_bus.h **** {
 960:Drivers/STM32WBxx_HAL_Driver/Inc/stm32wbxx_ll_bus.h ****   __IO uint32_t tmpreg;
 961:Drivers/STM32WBxx_HAL_Driver/Inc/stm32wbxx_ll_bus.h ****   SET_BIT(RCC->APB1ENR2, Periphs);
 962:Drivers/STM32WBxx_HAL_Driver/Inc/stm32wbxx_ll_bus.h ****   /* Delay after an RCC peripheral clock enabling */
 963:Drivers/STM32WBxx_HAL_Driver/Inc/stm32wbxx_ll_bus.h ****   tmpreg = READ_BIT(RCC->APB1ENR2, Periphs);
 964:Drivers/STM32WBxx_HAL_Driver/Inc/stm32wbxx_ll_bus.h ****   (void)tmpreg;
 965:Drivers/STM32WBxx_HAL_Driver/Inc/stm32wbxx_ll_bus.h **** }
 966:Drivers/STM32WBxx_HAL_Driver/Inc/stm32wbxx_ll_bus.h **** 
 967:Drivers/STM32WBxx_HAL_Driver/Inc/stm32wbxx_ll_bus.h **** /**
 968:Drivers/STM32WBxx_HAL_Driver/Inc/stm32wbxx_ll_bus.h ****   * @brief  Check if APB1 peripheral clock is enabled or not
 969:Drivers/STM32WBxx_HAL_Driver/Inc/stm32wbxx_ll_bus.h ****   * @rmtoll APB1ENR1     TIM2EN        LL_APB1_GRP1_IsEnabledClock\n
 970:Drivers/STM32WBxx_HAL_Driver/Inc/stm32wbxx_ll_bus.h ****   *         APB1ENR1     LCDEN         LL_APB1_GRP1_IsEnabledClock\n
 971:Drivers/STM32WBxx_HAL_Driver/Inc/stm32wbxx_ll_bus.h ****   *         APB1ENR1     RTCAPBEN      LL_APB1_GRP1_IsEnabledClock\n
 972:Drivers/STM32WBxx_HAL_Driver/Inc/stm32wbxx_ll_bus.h ****   *         APB1ENR1     WWDGEN        LL_APB1_GRP1_IsEnabledClock\n
 973:Drivers/STM32WBxx_HAL_Driver/Inc/stm32wbxx_ll_bus.h ****   *         APB1ENR1     SPI2EN        LL_APB1_GRP1_IsEnabledClock\n
 974:Drivers/STM32WBxx_HAL_Driver/Inc/stm32wbxx_ll_bus.h ****   *         APB1ENR1     I2C1EN        LL_APB1_GRP1_IsEnabledClock\n
 975:Drivers/STM32WBxx_HAL_Driver/Inc/stm32wbxx_ll_bus.h ****   *         APB1ENR1     I2C3EN        LL_APB1_GRP1_IsEnabledClock\n
ARM GAS  C:\Users\Nathan\AppData\Local\Temp\ccTr5KrK.s 			page 39


 976:Drivers/STM32WBxx_HAL_Driver/Inc/stm32wbxx_ll_bus.h ****   *         APB1ENR1     CRSEN         LL_APB1_GRP1_IsEnabledClock\n
 977:Drivers/STM32WBxx_HAL_Driver/Inc/stm32wbxx_ll_bus.h ****   *         APB1ENR1     USBEN         LL_APB1_GRP1_IsEnabledClock\n
 978:Drivers/STM32WBxx_HAL_Driver/Inc/stm32wbxx_ll_bus.h ****   *         APB1ENR1     LPTIM1EN      LL_APB1_GRP1_IsEnabledClock
 979:Drivers/STM32WBxx_HAL_Driver/Inc/stm32wbxx_ll_bus.h ****   * @param  Periphs This parameter can be a combination of the following values:
 980:Drivers/STM32WBxx_HAL_Driver/Inc/stm32wbxx_ll_bus.h ****   *         @arg @ref LL_APB1_GRP1_PERIPH_TIM2
 981:Drivers/STM32WBxx_HAL_Driver/Inc/stm32wbxx_ll_bus.h ****   *         @arg @ref LL_APB1_GRP1_PERIPH_LCD (*)
 982:Drivers/STM32WBxx_HAL_Driver/Inc/stm32wbxx_ll_bus.h ****   *         @arg @ref LL_APB1_GRP1_PERIPH_RTCAPB
 983:Drivers/STM32WBxx_HAL_Driver/Inc/stm32wbxx_ll_bus.h ****   *         @arg @ref LL_APB1_GRP1_PERIPH_WWDG
 984:Drivers/STM32WBxx_HAL_Driver/Inc/stm32wbxx_ll_bus.h ****   *         @arg @ref LL_APB1_GRP1_PERIPH_SPI2 (*)
 985:Drivers/STM32WBxx_HAL_Driver/Inc/stm32wbxx_ll_bus.h ****   *         @arg @ref LL_APB1_GRP1_PERIPH_I2C1
 986:Drivers/STM32WBxx_HAL_Driver/Inc/stm32wbxx_ll_bus.h ****   *         @arg @ref LL_APB1_GRP1_PERIPH_I2C3 (*)
 987:Drivers/STM32WBxx_HAL_Driver/Inc/stm32wbxx_ll_bus.h ****   *         @arg @ref LL_APB1_GRP1_PERIPH_CRS (*)
 988:Drivers/STM32WBxx_HAL_Driver/Inc/stm32wbxx_ll_bus.h ****   *         @arg @ref LL_APB1_GRP1_PERIPH_USB (*)
 989:Drivers/STM32WBxx_HAL_Driver/Inc/stm32wbxx_ll_bus.h ****   *         @arg @ref LL_APB1_GRP1_PERIPH_LPTIM1
 990:Drivers/STM32WBxx_HAL_Driver/Inc/stm32wbxx_ll_bus.h ****   * @note  (*) Not supported by all the devices
 991:Drivers/STM32WBxx_HAL_Driver/Inc/stm32wbxx_ll_bus.h ****   * @retval uint32_t
 992:Drivers/STM32WBxx_HAL_Driver/Inc/stm32wbxx_ll_bus.h ****   */
 993:Drivers/STM32WBxx_HAL_Driver/Inc/stm32wbxx_ll_bus.h **** __STATIC_INLINE uint32_t LL_APB1_GRP1_IsEnabledClock(uint32_t Periphs)
 994:Drivers/STM32WBxx_HAL_Driver/Inc/stm32wbxx_ll_bus.h **** {
 995:Drivers/STM32WBxx_HAL_Driver/Inc/stm32wbxx_ll_bus.h ****   return ((READ_BIT(RCC->APB1ENR1, Periphs) == (Periphs)) ? 1UL : 0UL);
 996:Drivers/STM32WBxx_HAL_Driver/Inc/stm32wbxx_ll_bus.h **** }
 997:Drivers/STM32WBxx_HAL_Driver/Inc/stm32wbxx_ll_bus.h **** 
 998:Drivers/STM32WBxx_HAL_Driver/Inc/stm32wbxx_ll_bus.h **** /**
 999:Drivers/STM32WBxx_HAL_Driver/Inc/stm32wbxx_ll_bus.h ****   * @brief  Check if APB1 peripheral clock is enabled or not
1000:Drivers/STM32WBxx_HAL_Driver/Inc/stm32wbxx_ll_bus.h ****   * @rmtoll APB1ENR2     LPUART1EN     LL_APB1_GRP2_IsEnabledClock\n
1001:Drivers/STM32WBxx_HAL_Driver/Inc/stm32wbxx_ll_bus.h ****   *         APB1ENR2     LPTIM2EN      LL_APB1_GRP2_IsEnabledClock
1002:Drivers/STM32WBxx_HAL_Driver/Inc/stm32wbxx_ll_bus.h ****   * @param  Periphs This parameter can be a combination of the following values:
1003:Drivers/STM32WBxx_HAL_Driver/Inc/stm32wbxx_ll_bus.h ****   *         @arg @ref LL_APB1_GRP2_PERIPH_LPUART1 (*)
1004:Drivers/STM32WBxx_HAL_Driver/Inc/stm32wbxx_ll_bus.h ****   *         @arg @ref LL_APB1_GRP2_PERIPH_LPTIM2
1005:Drivers/STM32WBxx_HAL_Driver/Inc/stm32wbxx_ll_bus.h ****   * @note  (*) Not supported by all the devices
1006:Drivers/STM32WBxx_HAL_Driver/Inc/stm32wbxx_ll_bus.h ****   * @retval uint32_t
1007:Drivers/STM32WBxx_HAL_Driver/Inc/stm32wbxx_ll_bus.h ****   */
1008:Drivers/STM32WBxx_HAL_Driver/Inc/stm32wbxx_ll_bus.h **** __STATIC_INLINE uint32_t LL_APB1_GRP2_IsEnabledClock(uint32_t Periphs)
1009:Drivers/STM32WBxx_HAL_Driver/Inc/stm32wbxx_ll_bus.h **** {
1010:Drivers/STM32WBxx_HAL_Driver/Inc/stm32wbxx_ll_bus.h ****   return ((READ_BIT(RCC->APB1ENR2, Periphs) == (Periphs)) ? 1UL : 0UL);
1011:Drivers/STM32WBxx_HAL_Driver/Inc/stm32wbxx_ll_bus.h **** }
1012:Drivers/STM32WBxx_HAL_Driver/Inc/stm32wbxx_ll_bus.h **** 
1013:Drivers/STM32WBxx_HAL_Driver/Inc/stm32wbxx_ll_bus.h **** /**
1014:Drivers/STM32WBxx_HAL_Driver/Inc/stm32wbxx_ll_bus.h ****   * @brief  Disable APB1 peripherals clock.
1015:Drivers/STM32WBxx_HAL_Driver/Inc/stm32wbxx_ll_bus.h ****   * @rmtoll APB1ENR1     TIM2EN        LL_APB1_GRP1_DisableClock\n
1016:Drivers/STM32WBxx_HAL_Driver/Inc/stm32wbxx_ll_bus.h ****   *         APB1ENR1     LCDEN         LL_APB1_GRP1_DisableClock\n
1017:Drivers/STM32WBxx_HAL_Driver/Inc/stm32wbxx_ll_bus.h ****   *         APB1ENR1     RTCAPBEN      LL_APB1_GRP1_DisableClock\n
1018:Drivers/STM32WBxx_HAL_Driver/Inc/stm32wbxx_ll_bus.h ****   *         APB1ENR1     SPI2EN        LL_APB1_GRP1_DisableClock\n
1019:Drivers/STM32WBxx_HAL_Driver/Inc/stm32wbxx_ll_bus.h ****   *         APB1ENR1     I2C1EN        LL_APB1_GRP1_DisableClock\n
1020:Drivers/STM32WBxx_HAL_Driver/Inc/stm32wbxx_ll_bus.h ****   *         APB1ENR1     I2C3EN        LL_APB1_GRP1_DisableClock\n
1021:Drivers/STM32WBxx_HAL_Driver/Inc/stm32wbxx_ll_bus.h ****   *         APB1ENR1     CRSEN         LL_APB1_GRP1_DisableClock\n
1022:Drivers/STM32WBxx_HAL_Driver/Inc/stm32wbxx_ll_bus.h ****   *         APB1ENR1     USBEN         LL_APB1_GRP1_DisableClock\n
1023:Drivers/STM32WBxx_HAL_Driver/Inc/stm32wbxx_ll_bus.h ****   *         APB1ENR1     LPTIM1EN      LL_APB1_GRP1_DisableClock
1024:Drivers/STM32WBxx_HAL_Driver/Inc/stm32wbxx_ll_bus.h ****   * @param  Periphs This parameter can be a combination of the following values:
1025:Drivers/STM32WBxx_HAL_Driver/Inc/stm32wbxx_ll_bus.h ****   *         @arg @ref LL_APB1_GRP1_PERIPH_TIM2
1026:Drivers/STM32WBxx_HAL_Driver/Inc/stm32wbxx_ll_bus.h ****   *         @arg @ref LL_APB1_GRP1_PERIPH_LCD (*)
1027:Drivers/STM32WBxx_HAL_Driver/Inc/stm32wbxx_ll_bus.h ****   *         @arg @ref LL_APB1_GRP1_PERIPH_RTCAPB
1028:Drivers/STM32WBxx_HAL_Driver/Inc/stm32wbxx_ll_bus.h ****   *         @arg @ref LL_APB1_GRP1_PERIPH_WWDG
1029:Drivers/STM32WBxx_HAL_Driver/Inc/stm32wbxx_ll_bus.h ****   *         @arg @ref LL_APB1_GRP1_PERIPH_SPI2 (*)
1030:Drivers/STM32WBxx_HAL_Driver/Inc/stm32wbxx_ll_bus.h ****   *         @arg @ref LL_APB1_GRP1_PERIPH_I2C1
1031:Drivers/STM32WBxx_HAL_Driver/Inc/stm32wbxx_ll_bus.h ****   *         @arg @ref LL_APB1_GRP1_PERIPH_I2C3 (*)
1032:Drivers/STM32WBxx_HAL_Driver/Inc/stm32wbxx_ll_bus.h ****   *         @arg @ref LL_APB1_GRP1_PERIPH_ (*)
ARM GAS  C:\Users\Nathan\AppData\Local\Temp\ccTr5KrK.s 			page 40


1033:Drivers/STM32WBxx_HAL_Driver/Inc/stm32wbxx_ll_bus.h ****   *         @arg @ref LL_APB1_GRP1_PERIPH_USB (*)
1034:Drivers/STM32WBxx_HAL_Driver/Inc/stm32wbxx_ll_bus.h ****   *         @arg @ref LL_APB1_GRP1_PERIPH_LPTIM1
1035:Drivers/STM32WBxx_HAL_Driver/Inc/stm32wbxx_ll_bus.h ****   * @note  (*) Not supported by all the devices
1036:Drivers/STM32WBxx_HAL_Driver/Inc/stm32wbxx_ll_bus.h ****   * @retval None
1037:Drivers/STM32WBxx_HAL_Driver/Inc/stm32wbxx_ll_bus.h ****   */
1038:Drivers/STM32WBxx_HAL_Driver/Inc/stm32wbxx_ll_bus.h **** __STATIC_INLINE void LL_APB1_GRP1_DisableClock(uint32_t Periphs)
 315              		.loc 2 1038 22 view .LVU83
 316              	.LBB13:
1039:Drivers/STM32WBxx_HAL_Driver/Inc/stm32wbxx_ll_bus.h **** {
1040:Drivers/STM32WBxx_HAL_Driver/Inc/stm32wbxx_ll_bus.h ****   CLEAR_BIT(RCC->APB1ENR1, Periphs);
 317              		.loc 2 1040 3 view .LVU84
 318 000c 4FF0B042 		mov	r2, #1476395008
 319 0010 936D     		ldr	r3, [r2, #88]
 320 0012 23F08063 		bic	r3, r3, #67108864
 321 0016 9365     		str	r3, [r2, #88]
 322              	.LVL25:
 323              		.loc 2 1040 3 is_stmt 0 view .LVU85
 324              	.LBE13:
 325              	.LBE12:
 140:USB_Device/Target/usbd_conf.c **** 
 326              		.loc 1 140 5 is_stmt 1 view .LVU86
 327 0018 4FF4C051 		mov	r1, #6144
 328 001c 4FF09040 		mov	r0, #1207959552
 329              	.LVL26:
 140:USB_Device/Target/usbd_conf.c **** 
 330              		.loc 1 140 5 is_stmt 0 view .LVU87
 331 0020 FFF7FEFF 		bl	HAL_GPIO_DeInit
 332              	.LVL27:
 143:USB_Device/Target/usbd_conf.c **** 
 333              		.loc 1 143 5 is_stmt 1 view .LVU88
 334 0024 1420     		movs	r0, #20
 335 0026 FFF7FEFF 		bl	HAL_NVIC_DisableIRQ
 336              	.LVL28:
 149:USB_Device/Target/usbd_conf.c **** 
 337              		.loc 1 149 1 is_stmt 0 view .LVU89
 338 002a EEE7     		b	.L17
 339              	.L22:
 340              		.align	2
 341              	.L21:
 342 002c 00680040 		.word	1073768448
 343              		.cfi_endproc
 344              	.LFE955:
 346              		.section	.text.HAL_PCD_SetupStageCallback,"ax",%progbits
 347              		.align	1
 348              		.global	HAL_PCD_SetupStageCallback
 349              		.syntax unified
 350              		.thumb
 351              		.thumb_func
 353              	HAL_PCD_SetupStageCallback:
 354              	.LVL29:
 355              	.LFB956:
 161:USB_Device/Target/usbd_conf.c ****   /* USER CODE BEGIN HAL_PCD_SetupStageCallback_PreTreatment */
 356              		.loc 1 161 1 is_stmt 1 view -0
 357              		.cfi_startproc
 358              		@ args = 0, pretend = 0, frame = 0
 359              		@ frame_needed = 0, uses_anonymous_args = 0
 161:USB_Device/Target/usbd_conf.c ****   /* USER CODE BEGIN HAL_PCD_SetupStageCallback_PreTreatment */
ARM GAS  C:\Users\Nathan\AppData\Local\Temp\ccTr5KrK.s 			page 41


 360              		.loc 1 161 1 is_stmt 0 view .LVU91
 361 0000 08B5     		push	{r3, lr}
 362              		.cfi_def_cfa_offset 8
 363              		.cfi_offset 3, -8
 364              		.cfi_offset 14, -4
 165:USB_Device/Target/usbd_conf.c ****   /* USER CODE BEGIN HAL_PCD_SetupStageCallback_PostTreatment */
 365              		.loc 1 165 3 is_stmt 1 view .LVU92
 366 0002 00F52671 		add	r1, r0, #664
 367 0006 D0F8D802 		ldr	r0, [r0, #728]
 368              	.LVL30:
 165:USB_Device/Target/usbd_conf.c ****   /* USER CODE BEGIN HAL_PCD_SetupStageCallback_PostTreatment */
 369              		.loc 1 165 3 is_stmt 0 view .LVU93
 370 000a FFF7FEFF 		bl	USBD_LL_SetupStage
 371              	.LVL31:
 169:USB_Device/Target/usbd_conf.c **** 
 372              		.loc 1 169 1 view .LVU94
 373 000e 08BD     		pop	{r3, pc}
 374              		.cfi_endproc
 375              	.LFE956:
 377              		.section	.text.HAL_PCD_DataOutStageCallback,"ax",%progbits
 378              		.align	1
 379              		.global	HAL_PCD_DataOutStageCallback
 380              		.syntax unified
 381              		.thumb
 382              		.thumb_func
 384              	HAL_PCD_DataOutStageCallback:
 385              	.LVL32:
 386              	.LFB957:
 182:USB_Device/Target/usbd_conf.c ****   /* USER CODE BEGIN HAL_PCD_DataOutStageCallback_PreTreatment */
 387              		.loc 1 182 1 is_stmt 1 view -0
 388              		.cfi_startproc
 389              		@ args = 0, pretend = 0, frame = 0
 390              		@ frame_needed = 0, uses_anonymous_args = 0
 182:USB_Device/Target/usbd_conf.c ****   /* USER CODE BEGIN HAL_PCD_DataOutStageCallback_PreTreatment */
 391              		.loc 1 182 1 is_stmt 0 view .LVU96
 392 0000 08B5     		push	{r3, lr}
 393              		.cfi_def_cfa_offset 8
 394              		.cfi_offset 3, -8
 395              		.cfi_offset 14, -4
 186:USB_Device/Target/usbd_conf.c ****   /* USER CODE BEGIN HAL_PCD_DataOutStageCallback_PostTreatment */
 396              		.loc 1 186 3 is_stmt 1 view .LVU97
 397 0002 01EB8103 		add	r3, r1, r1, lsl #2
 398 0006 00EBC303 		add	r3, r0, r3, lsl #3
 399 000a D3F86421 		ldr	r2, [r3, #356]
 400 000e D0F8D802 		ldr	r0, [r0, #728]
 401              	.LVL33:
 186:USB_Device/Target/usbd_conf.c ****   /* USER CODE BEGIN HAL_PCD_DataOutStageCallback_PostTreatment */
 402              		.loc 1 186 3 is_stmt 0 view .LVU98
 403 0012 FFF7FEFF 		bl	USBD_LL_DataOutStage
 404              	.LVL34:
 190:USB_Device/Target/usbd_conf.c **** 
 405              		.loc 1 190 1 view .LVU99
 406 0016 08BD     		pop	{r3, pc}
 407              		.cfi_endproc
 408              	.LFE957:
 410              		.section	.text.HAL_PCD_DataInStageCallback,"ax",%progbits
 411              		.align	1
ARM GAS  C:\Users\Nathan\AppData\Local\Temp\ccTr5KrK.s 			page 42


 412              		.global	HAL_PCD_DataInStageCallback
 413              		.syntax unified
 414              		.thumb
 415              		.thumb_func
 417              	HAL_PCD_DataInStageCallback:
 418              	.LVL35:
 419              	.LFB958:
 203:USB_Device/Target/usbd_conf.c ****   /* USER CODE BEGIN HAL_PCD_DataInStageCallback_PreTreatment */
 420              		.loc 1 203 1 is_stmt 1 view -0
 421              		.cfi_startproc
 422              		@ args = 0, pretend = 0, frame = 0
 423              		@ frame_needed = 0, uses_anonymous_args = 0
 203:USB_Device/Target/usbd_conf.c ****   /* USER CODE BEGIN HAL_PCD_DataInStageCallback_PreTreatment */
 424              		.loc 1 203 1 is_stmt 0 view .LVU101
 425 0000 08B5     		push	{r3, lr}
 426              		.cfi_def_cfa_offset 8
 427              		.cfi_offset 3, -8
 428              		.cfi_offset 14, -4
 207:USB_Device/Target/usbd_conf.c ****   /* USER CODE BEGIN HAL_PCD_DataInStageCallback_PostTreatment  */
 429              		.loc 1 207 3 is_stmt 1 view .LVU102
 430 0002 01EB8103 		add	r3, r1, r1, lsl #2
 431 0006 00EBC303 		add	r3, r0, r3, lsl #3
 432 000a 5A6A     		ldr	r2, [r3, #36]
 433 000c D0F8D802 		ldr	r0, [r0, #728]
 434              	.LVL36:
 207:USB_Device/Target/usbd_conf.c ****   /* USER CODE BEGIN HAL_PCD_DataInStageCallback_PostTreatment  */
 435              		.loc 1 207 3 is_stmt 0 view .LVU103
 436 0010 FFF7FEFF 		bl	USBD_LL_DataInStage
 437              	.LVL37:
 211:USB_Device/Target/usbd_conf.c **** 
 438              		.loc 1 211 1 view .LVU104
 439 0014 08BD     		pop	{r3, pc}
 440              		.cfi_endproc
 441              	.LFE958:
 443              		.section	.text.HAL_PCD_SOFCallback,"ax",%progbits
 444              		.align	1
 445              		.global	HAL_PCD_SOFCallback
 446              		.syntax unified
 447              		.thumb
 448              		.thumb_func
 450              	HAL_PCD_SOFCallback:
 451              	.LVL38:
 452              	.LFB959:
 223:USB_Device/Target/usbd_conf.c ****   /* USER CODE BEGIN HAL_PCD_SOFCallback_PreTreatment */
 453              		.loc 1 223 1 is_stmt 1 view -0
 454              		.cfi_startproc
 455              		@ args = 0, pretend = 0, frame = 0
 456              		@ frame_needed = 0, uses_anonymous_args = 0
 223:USB_Device/Target/usbd_conf.c ****   /* USER CODE BEGIN HAL_PCD_SOFCallback_PreTreatment */
 457              		.loc 1 223 1 is_stmt 0 view .LVU106
 458 0000 08B5     		push	{r3, lr}
 459              		.cfi_def_cfa_offset 8
 460              		.cfi_offset 3, -8
 461              		.cfi_offset 14, -4
 227:USB_Device/Target/usbd_conf.c ****   /* USER CODE BEGIN HAL_PCD_SOFCallback_PostTreatment */
 462              		.loc 1 227 3 is_stmt 1 view .LVU107
 463 0002 D0F8D802 		ldr	r0, [r0, #728]
ARM GAS  C:\Users\Nathan\AppData\Local\Temp\ccTr5KrK.s 			page 43


 464              	.LVL39:
 227:USB_Device/Target/usbd_conf.c ****   /* USER CODE BEGIN HAL_PCD_SOFCallback_PostTreatment */
 465              		.loc 1 227 3 is_stmt 0 view .LVU108
 466 0006 FFF7FEFF 		bl	USBD_LL_SOF
 467              	.LVL40:
 231:USB_Device/Target/usbd_conf.c **** 
 468              		.loc 1 231 1 view .LVU109
 469 000a 08BD     		pop	{r3, pc}
 470              		.cfi_endproc
 471              	.LFE959:
 473              		.section	.text.HAL_PCD_ResetCallback,"ax",%progbits
 474              		.align	1
 475              		.global	HAL_PCD_ResetCallback
 476              		.syntax unified
 477              		.thumb
 478              		.thumb_func
 480              	HAL_PCD_ResetCallback:
 481              	.LVL41:
 482              	.LFB960:
 243:USB_Device/Target/usbd_conf.c ****   /* USER CODE BEGIN HAL_PCD_ResetCallback_PreTreatment */
 483              		.loc 1 243 1 is_stmt 1 view -0
 484              		.cfi_startproc
 485              		@ args = 0, pretend = 0, frame = 0
 486              		@ frame_needed = 0, uses_anonymous_args = 0
 243:USB_Device/Target/usbd_conf.c ****   /* USER CODE BEGIN HAL_PCD_ResetCallback_PreTreatment */
 487              		.loc 1 243 1 is_stmt 0 view .LVU111
 488 0000 10B5     		push	{r4, lr}
 489              		.cfi_def_cfa_offset 8
 490              		.cfi_offset 4, -8
 491              		.cfi_offset 14, -4
 492 0002 0446     		mov	r4, r0
 247:USB_Device/Target/usbd_conf.c **** 
 493              		.loc 1 247 3 is_stmt 1 view .LVU112
 494              	.LVL42:
 249:USB_Device/Target/usbd_conf.c ****   {
 495              		.loc 1 249 3 view .LVU113
 249:USB_Device/Target/usbd_conf.c ****   {
 496              		.loc 1 249 18 is_stmt 0 view .LVU114
 497 0004 4379     		ldrb	r3, [r0, #5]	@ zero_extendqisi2
 249:USB_Device/Target/usbd_conf.c ****   {
 498              		.loc 1 249 6 view .LVU115
 499 0006 022B     		cmp	r3, #2
 500 0008 09D1     		bne	.L34
 501              	.LVL43:
 502              	.L32:
 254:USB_Device/Target/usbd_conf.c **** 
 503              		.loc 1 254 3 is_stmt 1 view .LVU116
 504 000a 0121     		movs	r1, #1
 505 000c D4F8D802 		ldr	r0, [r4, #728]
 506 0010 FFF7FEFF 		bl	USBD_LL_SetSpeed
 507              	.LVL44:
 257:USB_Device/Target/usbd_conf.c ****   /* USER CODE BEGIN HAL_PCD_ResetCallback_PostTreatment */
 508              		.loc 1 257 3 view .LVU117
 509 0014 D4F8D802 		ldr	r0, [r4, #728]
 510 0018 FFF7FEFF 		bl	USBD_LL_Reset
 511              	.LVL45:
 261:USB_Device/Target/usbd_conf.c **** 
ARM GAS  C:\Users\Nathan\AppData\Local\Temp\ccTr5KrK.s 			page 44


 512              		.loc 1 261 1 is_stmt 0 view .LVU118
 513 001c 10BD     		pop	{r4, pc}
 514              	.LVL46:
 515              	.L34:
 251:USB_Device/Target/usbd_conf.c ****   }
 516              		.loc 1 251 5 is_stmt 1 view .LVU119
 517 001e FFF7FEFF 		bl	Error_Handler
 518              	.LVL47:
 251:USB_Device/Target/usbd_conf.c ****   }
 519              		.loc 1 251 5 is_stmt 0 view .LVU120
 520 0022 F2E7     		b	.L32
 521              		.cfi_endproc
 522              	.LFE960:
 524              		.section	.text.HAL_PCD_SuspendCallback,"ax",%progbits
 525              		.align	1
 526              		.global	HAL_PCD_SuspendCallback
 527              		.syntax unified
 528              		.thumb
 529              		.thumb_func
 531              	HAL_PCD_SuspendCallback:
 532              	.LVL48:
 533              	.LFB961:
 274:USB_Device/Target/usbd_conf.c ****   /* USER CODE BEGIN HAL_PCD_SuspendCallback_PreTreatment */
 534              		.loc 1 274 1 is_stmt 1 view -0
 535              		.cfi_startproc
 536              		@ args = 0, pretend = 0, frame = 0
 537              		@ frame_needed = 0, uses_anonymous_args = 0
 274:USB_Device/Target/usbd_conf.c ****   /* USER CODE BEGIN HAL_PCD_SuspendCallback_PreTreatment */
 538              		.loc 1 274 1 is_stmt 0 view .LVU122
 539 0000 10B5     		push	{r4, lr}
 540              		.cfi_def_cfa_offset 8
 541              		.cfi_offset 4, -8
 542              		.cfi_offset 14, -4
 543 0002 0446     		mov	r4, r0
 279:USB_Device/Target/usbd_conf.c ****   /* Enter in STOP mode. */
 544              		.loc 1 279 3 is_stmt 1 view .LVU123
 545 0004 D0F8D802 		ldr	r0, [r0, #728]
 546              	.LVL49:
 279:USB_Device/Target/usbd_conf.c ****   /* Enter in STOP mode. */
 547              		.loc 1 279 3 is_stmt 0 view .LVU124
 548 0008 FFF7FEFF 		bl	USBD_LL_Suspend
 549              	.LVL50:
 282:USB_Device/Target/usbd_conf.c ****   {
 550              		.loc 1 282 3 is_stmt 1 view .LVU125
 282:USB_Device/Target/usbd_conf.c ****   {
 551              		.loc 1 282 17 is_stmt 0 view .LVU126
 552 000c 637A     		ldrb	r3, [r4, #9]	@ zero_extendqisi2
 282:USB_Device/Target/usbd_conf.c ****   {
 553              		.loc 1 282 6 view .LVU127
 554 000e 23B1     		cbz	r3, .L35
 285:USB_Device/Target/usbd_conf.c ****   }
 555              		.loc 1 285 5 is_stmt 1 view .LVU128
 285:USB_Device/Target/usbd_conf.c ****   }
 556              		.loc 1 285 8 is_stmt 0 view .LVU129
 557 0010 024A     		ldr	r2, .L38
 558 0012 1369     		ldr	r3, [r2, #16]
 285:USB_Device/Target/usbd_conf.c ****   }
ARM GAS  C:\Users\Nathan\AppData\Local\Temp\ccTr5KrK.s 			page 45


 559              		.loc 1 285 14 view .LVU130
 560 0014 43F00603 		orr	r3, r3, #6
 561 0018 1361     		str	r3, [r2, #16]
 562              	.L35:
 291:USB_Device/Target/usbd_conf.c **** 
 563              		.loc 1 291 1 view .LVU131
 564 001a 10BD     		pop	{r4, pc}
 565              	.LVL51:
 566              	.L39:
 291:USB_Device/Target/usbd_conf.c **** 
 567              		.loc 1 291 1 view .LVU132
 568              		.align	2
 569              	.L38:
 570 001c 00ED00E0 		.word	-536810240
 571              		.cfi_endproc
 572              	.LFE961:
 574              		.section	.text.HAL_PCD_ResumeCallback,"ax",%progbits
 575              		.align	1
 576              		.global	HAL_PCD_ResumeCallback
 577              		.syntax unified
 578              		.thumb
 579              		.thumb_func
 581              	HAL_PCD_ResumeCallback:
 582              	.LVL52:
 583              	.LFB962:
 304:USB_Device/Target/usbd_conf.c ****   /* USER CODE BEGIN HAL_PCD_ResumeCallback_PreTreatment */
 584              		.loc 1 304 1 is_stmt 1 view -0
 585              		.cfi_startproc
 586              		@ args = 0, pretend = 0, frame = 0
 587              		@ frame_needed = 0, uses_anonymous_args = 0
 304:USB_Device/Target/usbd_conf.c ****   /* USER CODE BEGIN HAL_PCD_ResumeCallback_PreTreatment */
 588              		.loc 1 304 1 is_stmt 0 view .LVU134
 589 0000 10B5     		push	{r4, lr}
 590              		.cfi_def_cfa_offset 8
 591              		.cfi_offset 4, -8
 592              		.cfi_offset 14, -4
 593 0002 0446     		mov	r4, r0
 310:USB_Device/Target/usbd_conf.c ****   {
 594              		.loc 1 310 3 is_stmt 1 view .LVU135
 310:USB_Device/Target/usbd_conf.c ****   {
 595              		.loc 1 310 17 is_stmt 0 view .LVU136
 596 0004 437A     		ldrb	r3, [r0, #9]	@ zero_extendqisi2
 310:USB_Device/Target/usbd_conf.c ****   {
 597              		.loc 1 310 6 view .LVU137
 598 0006 23B9     		cbnz	r3, .L43
 599              	.LVL53:
 600              	.L41:
 318:USB_Device/Target/usbd_conf.c ****   /* USER CODE BEGIN HAL_PCD_ResumeCallback_PostTreatment */
 601              		.loc 1 318 3 is_stmt 1 view .LVU138
 602 0008 D4F8D802 		ldr	r0, [r4, #728]
 603 000c FFF7FEFF 		bl	USBD_LL_Resume
 604              	.LVL54:
 322:USB_Device/Target/usbd_conf.c **** 
 605              		.loc 1 322 1 is_stmt 0 view .LVU139
 606 0010 10BD     		pop	{r4, pc}
 607              	.LVL55:
 608              	.L43:
ARM GAS  C:\Users\Nathan\AppData\Local\Temp\ccTr5KrK.s 			page 46


 313:USB_Device/Target/usbd_conf.c ****     SystemClockConfig_Resume();
 609              		.loc 1 313 5 is_stmt 1 view .LVU140
 313:USB_Device/Target/usbd_conf.c ****     SystemClockConfig_Resume();
 610              		.loc 1 313 8 is_stmt 0 view .LVU141
 611 0012 044A     		ldr	r2, .L44
 612 0014 1369     		ldr	r3, [r2, #16]
 313:USB_Device/Target/usbd_conf.c ****     SystemClockConfig_Resume();
 613              		.loc 1 313 14 view .LVU142
 614 0016 23F00603 		bic	r3, r3, #6
 615 001a 1361     		str	r3, [r2, #16]
 314:USB_Device/Target/usbd_conf.c ****   }
 616              		.loc 1 314 5 is_stmt 1 view .LVU143
 617 001c FFF7FEFF 		bl	SystemClockConfig_Resume
 618              	.LVL56:
 314:USB_Device/Target/usbd_conf.c ****   }
 619              		.loc 1 314 5 is_stmt 0 view .LVU144
 620 0020 F2E7     		b	.L41
 621              	.L45:
 622 0022 00BF     		.align	2
 623              	.L44:
 624 0024 00ED00E0 		.word	-536810240
 625              		.cfi_endproc
 626              	.LFE962:
 628              		.section	.text.HAL_PCD_ISOOUTIncompleteCallback,"ax",%progbits
 629              		.align	1
 630              		.global	HAL_PCD_ISOOUTIncompleteCallback
 631              		.syntax unified
 632              		.thumb
 633              		.thumb_func
 635              	HAL_PCD_ISOOUTIncompleteCallback:
 636              	.LVL57:
 637              	.LFB963:
 335:USB_Device/Target/usbd_conf.c ****   /* USER CODE BEGIN HAL_PCD_ISOOUTIncompleteCallback_PreTreatment */
 638              		.loc 1 335 1 is_stmt 1 view -0
 639              		.cfi_startproc
 640              		@ args = 0, pretend = 0, frame = 0
 641              		@ frame_needed = 0, uses_anonymous_args = 0
 335:USB_Device/Target/usbd_conf.c ****   /* USER CODE BEGIN HAL_PCD_ISOOUTIncompleteCallback_PreTreatment */
 642              		.loc 1 335 1 is_stmt 0 view .LVU146
 643 0000 08B5     		push	{r3, lr}
 644              		.cfi_def_cfa_offset 8
 645              		.cfi_offset 3, -8
 646              		.cfi_offset 14, -4
 339:USB_Device/Target/usbd_conf.c ****   /* USER CODE BEGIN HAL_PCD_ISOOUTIncompleteCallback_PostTreatment */
 647              		.loc 1 339 3 is_stmt 1 view .LVU147
 648 0002 D0F8D802 		ldr	r0, [r0, #728]
 649              	.LVL58:
 339:USB_Device/Target/usbd_conf.c ****   /* USER CODE BEGIN HAL_PCD_ISOOUTIncompleteCallback_PostTreatment */
 650              		.loc 1 339 3 is_stmt 0 view .LVU148
 651 0006 FFF7FEFF 		bl	USBD_LL_IsoOUTIncomplete
 652              	.LVL59:
 343:USB_Device/Target/usbd_conf.c **** 
 653              		.loc 1 343 1 view .LVU149
 654 000a 08BD     		pop	{r3, pc}
 655              		.cfi_endproc
 656              	.LFE963:
 658              		.section	.text.HAL_PCD_ISOINIncompleteCallback,"ax",%progbits
ARM GAS  C:\Users\Nathan\AppData\Local\Temp\ccTr5KrK.s 			page 47


 659              		.align	1
 660              		.global	HAL_PCD_ISOINIncompleteCallback
 661              		.syntax unified
 662              		.thumb
 663              		.thumb_func
 665              	HAL_PCD_ISOINIncompleteCallback:
 666              	.LVL60:
 667              	.LFB964:
 356:USB_Device/Target/usbd_conf.c ****   /* USER CODE BEGIN HAL_PCD_ISOINIncompleteCallback_PreTreatment */
 668              		.loc 1 356 1 is_stmt 1 view -0
 669              		.cfi_startproc
 670              		@ args = 0, pretend = 0, frame = 0
 671              		@ frame_needed = 0, uses_anonymous_args = 0
 356:USB_Device/Target/usbd_conf.c ****   /* USER CODE BEGIN HAL_PCD_ISOINIncompleteCallback_PreTreatment */
 672              		.loc 1 356 1 is_stmt 0 view .LVU151
 673 0000 08B5     		push	{r3, lr}
 674              		.cfi_def_cfa_offset 8
 675              		.cfi_offset 3, -8
 676              		.cfi_offset 14, -4
 360:USB_Device/Target/usbd_conf.c ****   /* USER CODE BEGIN HAL_PCD_ISOINIncompleteCallback_PostTreatment */
 677              		.loc 1 360 3 is_stmt 1 view .LVU152
 678 0002 D0F8D802 		ldr	r0, [r0, #728]
 679              	.LVL61:
 360:USB_Device/Target/usbd_conf.c ****   /* USER CODE BEGIN HAL_PCD_ISOINIncompleteCallback_PostTreatment */
 680              		.loc 1 360 3 is_stmt 0 view .LVU153
 681 0006 FFF7FEFF 		bl	USBD_LL_IsoINIncomplete
 682              	.LVL62:
 364:USB_Device/Target/usbd_conf.c **** 
 683              		.loc 1 364 1 view .LVU154
 684 000a 08BD     		pop	{r3, pc}
 685              		.cfi_endproc
 686              	.LFE964:
 688              		.section	.text.HAL_PCD_ConnectCallback,"ax",%progbits
 689              		.align	1
 690              		.global	HAL_PCD_ConnectCallback
 691              		.syntax unified
 692              		.thumb
 693              		.thumb_func
 695              	HAL_PCD_ConnectCallback:
 696              	.LVL63:
 697              	.LFB965:
 376:USB_Device/Target/usbd_conf.c ****   /* USER CODE BEGIN HAL_PCD_ConnectCallback_PreTreatment */
 698              		.loc 1 376 1 is_stmt 1 view -0
 699              		.cfi_startproc
 700              		@ args = 0, pretend = 0, frame = 0
 701              		@ frame_needed = 0, uses_anonymous_args = 0
 376:USB_Device/Target/usbd_conf.c ****   /* USER CODE BEGIN HAL_PCD_ConnectCallback_PreTreatment */
 702              		.loc 1 376 1 is_stmt 0 view .LVU156
 703 0000 08B5     		push	{r3, lr}
 704              		.cfi_def_cfa_offset 8
 705              		.cfi_offset 3, -8
 706              		.cfi_offset 14, -4
 380:USB_Device/Target/usbd_conf.c ****   /* USER CODE BEGIN HAL_PCD_ConnectCallback_PostTreatment */
 707              		.loc 1 380 3 is_stmt 1 view .LVU157
 708 0002 D0F8D802 		ldr	r0, [r0, #728]
 709              	.LVL64:
 380:USB_Device/Target/usbd_conf.c ****   /* USER CODE BEGIN HAL_PCD_ConnectCallback_PostTreatment */
ARM GAS  C:\Users\Nathan\AppData\Local\Temp\ccTr5KrK.s 			page 48


 710              		.loc 1 380 3 is_stmt 0 view .LVU158
 711 0006 FFF7FEFF 		bl	USBD_LL_DevConnected
 712              	.LVL65:
 384:USB_Device/Target/usbd_conf.c **** 
 713              		.loc 1 384 1 view .LVU159
 714 000a 08BD     		pop	{r3, pc}
 715              		.cfi_endproc
 716              	.LFE965:
 718              		.section	.text.HAL_PCD_DisconnectCallback,"ax",%progbits
 719              		.align	1
 720              		.global	HAL_PCD_DisconnectCallback
 721              		.syntax unified
 722              		.thumb
 723              		.thumb_func
 725              	HAL_PCD_DisconnectCallback:
 726              	.LVL66:
 727              	.LFB966:
 396:USB_Device/Target/usbd_conf.c ****   /* USER CODE BEGIN HAL_PCD_DisconnectCallback_PreTreatment */
 728              		.loc 1 396 1 is_stmt 1 view -0
 729              		.cfi_startproc
 730              		@ args = 0, pretend = 0, frame = 0
 731              		@ frame_needed = 0, uses_anonymous_args = 0
 396:USB_Device/Target/usbd_conf.c ****   /* USER CODE BEGIN HAL_PCD_DisconnectCallback_PreTreatment */
 732              		.loc 1 396 1 is_stmt 0 view .LVU161
 733 0000 08B5     		push	{r3, lr}
 734              		.cfi_def_cfa_offset 8
 735              		.cfi_offset 3, -8
 736              		.cfi_offset 14, -4
 400:USB_Device/Target/usbd_conf.c ****   /* USER CODE BEGIN HAL_PCD_DisconnectCallback_PostTreatment */
 737              		.loc 1 400 3 is_stmt 1 view .LVU162
 738 0002 D0F8D802 		ldr	r0, [r0, #728]
 739              	.LVL67:
 400:USB_Device/Target/usbd_conf.c ****   /* USER CODE BEGIN HAL_PCD_DisconnectCallback_PostTreatment */
 740              		.loc 1 400 3 is_stmt 0 view .LVU163
 741 0006 FFF7FEFF 		bl	USBD_LL_DevDisconnected
 742              	.LVL68:
 404:USB_Device/Target/usbd_conf.c **** 
 743              		.loc 1 404 1 view .LVU164
 744 000a 08BD     		pop	{r3, pc}
 745              		.cfi_endproc
 746              	.LFE966:
 748              		.section	.text.USBD_LL_Init,"ax",%progbits
 749              		.align	1
 750              		.global	USBD_LL_Init
 751              		.syntax unified
 752              		.thumb
 753              		.thumb_func
 755              	USBD_LL_Init:
 756              	.LVL69:
 757              	.LFB967:
 420:USB_Device/Target/usbd_conf.c ****   /* Init USB Ip. */
 758              		.loc 1 420 1 is_stmt 1 view -0
 759              		.cfi_startproc
 760              		@ args = 0, pretend = 0, frame = 0
 761              		@ frame_needed = 0, uses_anonymous_args = 0
 420:USB_Device/Target/usbd_conf.c ****   /* Init USB Ip. */
 762              		.loc 1 420 1 is_stmt 0 view .LVU166
ARM GAS  C:\Users\Nathan\AppData\Local\Temp\ccTr5KrK.s 			page 49


 763 0000 38B5     		push	{r3, r4, r5, lr}
 764              		.cfi_def_cfa_offset 16
 765              		.cfi_offset 3, -16
 766              		.cfi_offset 4, -12
 767              		.cfi_offset 5, -8
 768              		.cfi_offset 14, -4
 769 0002 0546     		mov	r5, r0
 422:USB_Device/Target/usbd_conf.c ****   /* Link the driver to the stack. */
 770              		.loc 1 422 3 is_stmt 1 view .LVU167
 422:USB_Device/Target/usbd_conf.c ****   /* Link the driver to the stack. */
 771              		.loc 1 422 21 is_stmt 0 view .LVU168
 772 0004 204C     		ldr	r4, .L58
 773 0006 C4F8D802 		str	r0, [r4, #728]
 424:USB_Device/Target/usbd_conf.c **** /* Enable USB power on Pwrctrl CR2 register. */
 774              		.loc 1 424 3 is_stmt 1 view .LVU169
 424:USB_Device/Target/usbd_conf.c **** /* Enable USB power on Pwrctrl CR2 register. */
 775              		.loc 1 424 15 is_stmt 0 view .LVU170
 776 000a C0F8C842 		str	r4, [r0, #712]
 426:USB_Device/Target/usbd_conf.c **** 
 777              		.loc 1 426 3 is_stmt 1 view .LVU171
 778 000e FFF7FEFF 		bl	HAL_PWREx_EnableVddUSB
 779              	.LVL70:
 428:USB_Device/Target/usbd_conf.c ****   hpcd_USB_FS.Init.dev_endpoints = 8;
 780              		.loc 1 428 3 view .LVU172
 428:USB_Device/Target/usbd_conf.c ****   hpcd_USB_FS.Init.dev_endpoints = 8;
 781              		.loc 1 428 24 is_stmt 0 view .LVU173
 782 0012 1E4B     		ldr	r3, .L58+4
 783 0014 2360     		str	r3, [r4]
 429:USB_Device/Target/usbd_conf.c ****   hpcd_USB_FS.Init.speed = PCD_SPEED_FULL;
 784              		.loc 1 429 3 is_stmt 1 view .LVU174
 429:USB_Device/Target/usbd_conf.c ****   hpcd_USB_FS.Init.speed = PCD_SPEED_FULL;
 785              		.loc 1 429 34 is_stmt 0 view .LVU175
 786 0016 0823     		movs	r3, #8
 787 0018 2371     		strb	r3, [r4, #4]
 430:USB_Device/Target/usbd_conf.c ****   hpcd_USB_FS.Init.phy_itface = PCD_PHY_EMBEDDED;
 788              		.loc 1 430 3 is_stmt 1 view .LVU176
 430:USB_Device/Target/usbd_conf.c ****   hpcd_USB_FS.Init.phy_itface = PCD_PHY_EMBEDDED;
 789              		.loc 1 430 26 is_stmt 0 view .LVU177
 790 001a 0223     		movs	r3, #2
 791 001c 6371     		strb	r3, [r4, #5]
 431:USB_Device/Target/usbd_conf.c ****   hpcd_USB_FS.Init.Sof_enable = DISABLE;
 792              		.loc 1 431 3 is_stmt 1 view .LVU178
 431:USB_Device/Target/usbd_conf.c ****   hpcd_USB_FS.Init.Sof_enable = DISABLE;
 793              		.loc 1 431 31 is_stmt 0 view .LVU179
 794 001e E371     		strb	r3, [r4, #7]
 432:USB_Device/Target/usbd_conf.c ****   hpcd_USB_FS.Init.low_power_enable = DISABLE;
 795              		.loc 1 432 3 is_stmt 1 view .LVU180
 432:USB_Device/Target/usbd_conf.c ****   hpcd_USB_FS.Init.low_power_enable = DISABLE;
 796              		.loc 1 432 31 is_stmt 0 view .LVU181
 797 0020 0023     		movs	r3, #0
 798 0022 2372     		strb	r3, [r4, #8]
 433:USB_Device/Target/usbd_conf.c ****   hpcd_USB_FS.Init.lpm_enable = DISABLE;
 799              		.loc 1 433 3 is_stmt 1 view .LVU182
 433:USB_Device/Target/usbd_conf.c ****   hpcd_USB_FS.Init.lpm_enable = DISABLE;
 800              		.loc 1 433 37 is_stmt 0 view .LVU183
 801 0024 6372     		strb	r3, [r4, #9]
 434:USB_Device/Target/usbd_conf.c ****   hpcd_USB_FS.Init.battery_charging_enable = DISABLE;
ARM GAS  C:\Users\Nathan\AppData\Local\Temp\ccTr5KrK.s 			page 50


 802              		.loc 1 434 3 is_stmt 1 view .LVU184
 434:USB_Device/Target/usbd_conf.c ****   hpcd_USB_FS.Init.battery_charging_enable = DISABLE;
 803              		.loc 1 434 31 is_stmt 0 view .LVU185
 804 0026 A372     		strb	r3, [r4, #10]
 435:USB_Device/Target/usbd_conf.c **** 
 805              		.loc 1 435 3 is_stmt 1 view .LVU186
 435:USB_Device/Target/usbd_conf.c **** 
 806              		.loc 1 435 44 is_stmt 0 view .LVU187
 807 0028 E372     		strb	r3, [r4, #11]
 443:USB_Device/Target/usbd_conf.c ****   {
 808              		.loc 1 443 3 is_stmt 1 view .LVU188
 443:USB_Device/Target/usbd_conf.c ****   {
 809              		.loc 1 443 7 is_stmt 0 view .LVU189
 810 002a 2046     		mov	r0, r4
 811 002c FFF7FEFF 		bl	HAL_PCD_Init
 812              	.LVL71:
 443:USB_Device/Target/usbd_conf.c ****   {
 813              		.loc 1 443 6 discriminator 1 view .LVU190
 814 0030 30BB     		cbnz	r0, .L57
 815              	.L55:
 470:USB_Device/Target/usbd_conf.c ****   HAL_PCDEx_PMAConfig((PCD_HandleTypeDef*)pdev->pData , 0x80 , PCD_SNG_BUF, 0x58);
 816              		.loc 1 470 3 is_stmt 1 view .LVU191
 817 0032 1823     		movs	r3, #24
 818 0034 0022     		movs	r2, #0
 819 0036 1146     		mov	r1, r2
 820 0038 D5F8C802 		ldr	r0, [r5, #712]
 821 003c FFF7FEFF 		bl	HAL_PCDEx_PMAConfig
 822              	.LVL72:
 471:USB_Device/Target/usbd_conf.c ****   /* USER CODE END EndPoint_Configuration */
 823              		.loc 1 471 3 view .LVU192
 824 0040 5823     		movs	r3, #88
 825 0042 0022     		movs	r2, #0
 826 0044 8021     		movs	r1, #128
 827 0046 D5F8C802 		ldr	r0, [r5, #712]
 828 004a FFF7FEFF 		bl	HAL_PCDEx_PMAConfig
 829              	.LVL73:
 474:USB_Device/Target/usbd_conf.c ****   HAL_PCDEx_PMAConfig((PCD_HandleTypeDef*)pdev->pData , 0x01 , PCD_SNG_BUF, 0x110);
 830              		.loc 1 474 3 view .LVU193
 831 004e C023     		movs	r3, #192
 832 0050 0022     		movs	r2, #0
 833 0052 8121     		movs	r1, #129
 834 0054 D5F8C802 		ldr	r0, [r5, #712]
 835 0058 FFF7FEFF 		bl	HAL_PCDEx_PMAConfig
 836              	.LVL74:
 475:USB_Device/Target/usbd_conf.c ****   HAL_PCDEx_PMAConfig((PCD_HandleTypeDef*)pdev->pData , 0x82 , PCD_SNG_BUF, 0x100);
 837              		.loc 1 475 3 view .LVU194
 838 005c 4FF48873 		mov	r3, #272
 839 0060 0022     		movs	r2, #0
 840 0062 0121     		movs	r1, #1
 841 0064 D5F8C802 		ldr	r0, [r5, #712]
 842 0068 FFF7FEFF 		bl	HAL_PCDEx_PMAConfig
 843              	.LVL75:
 476:USB_Device/Target/usbd_conf.c ****   /* USER CODE END EndPoint_Configuration_CDC */
 844              		.loc 1 476 3 view .LVU195
 845 006c 4FF48073 		mov	r3, #256
 846 0070 0022     		movs	r2, #0
 847 0072 8221     		movs	r1, #130
ARM GAS  C:\Users\Nathan\AppData\Local\Temp\ccTr5KrK.s 			page 51


 848 0074 D5F8C802 		ldr	r0, [r5, #712]
 849 0078 FFF7FEFF 		bl	HAL_PCDEx_PMAConfig
 850              	.LVL76:
 478:USB_Device/Target/usbd_conf.c **** }
 851              		.loc 1 478 3 view .LVU196
 479:USB_Device/Target/usbd_conf.c **** 
 852              		.loc 1 479 1 is_stmt 0 view .LVU197
 853 007c 0020     		movs	r0, #0
 854 007e 38BD     		pop	{r3, r4, r5, pc}
 855              	.LVL77:
 856              	.L57:
 445:USB_Device/Target/usbd_conf.c ****   }
 857              		.loc 1 445 5 is_stmt 1 view .LVU198
 858 0080 FFF7FEFF 		bl	Error_Handler
 859              	.LVL78:
 860 0084 D5E7     		b	.L55
 861              	.L59:
 862 0086 00BF     		.align	2
 863              	.L58:
 864 0088 00000000 		.word	hpcd_USB_FS
 865 008c 00680040 		.word	1073768448
 866              		.cfi_endproc
 867              	.LFE967:
 869              		.section	.text.USBD_LL_DeInit,"ax",%progbits
 870              		.align	1
 871              		.global	USBD_LL_DeInit
 872              		.syntax unified
 873              		.thumb
 874              		.thumb_func
 876              	USBD_LL_DeInit:
 877              	.LVL79:
 878              	.LFB968:
 487:USB_Device/Target/usbd_conf.c ****   HAL_StatusTypeDef hal_status = HAL_OK;
 879              		.loc 1 487 1 view -0
 880              		.cfi_startproc
 881              		@ args = 0, pretend = 0, frame = 0
 882              		@ frame_needed = 0, uses_anonymous_args = 0
 487:USB_Device/Target/usbd_conf.c ****   HAL_StatusTypeDef hal_status = HAL_OK;
 883              		.loc 1 487 1 is_stmt 0 view .LVU200
 884 0000 08B5     		push	{r3, lr}
 885              		.cfi_def_cfa_offset 8
 886              		.cfi_offset 3, -8
 887              		.cfi_offset 14, -4
 488:USB_Device/Target/usbd_conf.c ****   USBD_StatusTypeDef usb_status = USBD_OK;
 888              		.loc 1 488 3 is_stmt 1 view .LVU201
 889              	.LVL80:
 489:USB_Device/Target/usbd_conf.c **** 
 890              		.loc 1 489 3 view .LVU202
 491:USB_Device/Target/usbd_conf.c **** 
 891              		.loc 1 491 3 view .LVU203
 491:USB_Device/Target/usbd_conf.c **** 
 892              		.loc 1 491 16 is_stmt 0 view .LVU204
 893 0002 D0F8C802 		ldr	r0, [r0, #712]
 894              	.LVL81:
 491:USB_Device/Target/usbd_conf.c **** 
 895              		.loc 1 491 16 view .LVU205
 896 0006 FFF7FEFF 		bl	HAL_PCD_DeInit
ARM GAS  C:\Users\Nathan\AppData\Local\Temp\ccTr5KrK.s 			page 52


 897              	.LVL82:
 493:USB_Device/Target/usbd_conf.c **** 
 898              		.loc 1 493 3 is_stmt 1 view .LVU206
 493:USB_Device/Target/usbd_conf.c **** 
 899              		.loc 1 493 17 is_stmt 0 view .LVU207
 900 000a FFF7FEFF 		bl	USBD_Get_USB_Status
 901              	.LVL83:
 495:USB_Device/Target/usbd_conf.c **** }
 902              		.loc 1 495 3 is_stmt 1 view .LVU208
 496:USB_Device/Target/usbd_conf.c **** 
 903              		.loc 1 496 1 is_stmt 0 view .LVU209
 904 000e 08BD     		pop	{r3, pc}
 905              		.cfi_endproc
 906              	.LFE968:
 908              		.section	.text.USBD_LL_Start,"ax",%progbits
 909              		.align	1
 910              		.global	USBD_LL_Start
 911              		.syntax unified
 912              		.thumb
 913              		.thumb_func
 915              	USBD_LL_Start:
 916              	.LVL84:
 917              	.LFB969:
 504:USB_Device/Target/usbd_conf.c ****   HAL_StatusTypeDef hal_status = HAL_OK;
 918              		.loc 1 504 1 is_stmt 1 view -0
 919              		.cfi_startproc
 920              		@ args = 0, pretend = 0, frame = 0
 921              		@ frame_needed = 0, uses_anonymous_args = 0
 504:USB_Device/Target/usbd_conf.c ****   HAL_StatusTypeDef hal_status = HAL_OK;
 922              		.loc 1 504 1 is_stmt 0 view .LVU211
 923 0000 08B5     		push	{r3, lr}
 924              		.cfi_def_cfa_offset 8
 925              		.cfi_offset 3, -8
 926              		.cfi_offset 14, -4
 505:USB_Device/Target/usbd_conf.c ****   USBD_StatusTypeDef usb_status = USBD_OK;
 927              		.loc 1 505 3 is_stmt 1 view .LVU212
 928              	.LVL85:
 506:USB_Device/Target/usbd_conf.c **** 
 929              		.loc 1 506 3 view .LVU213
 508:USB_Device/Target/usbd_conf.c **** 
 930              		.loc 1 508 3 view .LVU214
 508:USB_Device/Target/usbd_conf.c **** 
 931              		.loc 1 508 16 is_stmt 0 view .LVU215
 932 0002 D0F8C802 		ldr	r0, [r0, #712]
 933              	.LVL86:
 508:USB_Device/Target/usbd_conf.c **** 
 934              		.loc 1 508 16 view .LVU216
 935 0006 FFF7FEFF 		bl	HAL_PCD_Start
 936              	.LVL87:
 510:USB_Device/Target/usbd_conf.c **** 
 937              		.loc 1 510 3 is_stmt 1 view .LVU217
 510:USB_Device/Target/usbd_conf.c **** 
 938              		.loc 1 510 17 is_stmt 0 view .LVU218
 939 000a FFF7FEFF 		bl	USBD_Get_USB_Status
 940              	.LVL88:
 512:USB_Device/Target/usbd_conf.c **** }
 941              		.loc 1 512 3 is_stmt 1 view .LVU219
ARM GAS  C:\Users\Nathan\AppData\Local\Temp\ccTr5KrK.s 			page 53


 513:USB_Device/Target/usbd_conf.c **** 
 942              		.loc 1 513 1 is_stmt 0 view .LVU220
 943 000e 08BD     		pop	{r3, pc}
 944              		.cfi_endproc
 945              	.LFE969:
 947              		.section	.text.USBD_LL_Stop,"ax",%progbits
 948              		.align	1
 949              		.global	USBD_LL_Stop
 950              		.syntax unified
 951              		.thumb
 952              		.thumb_func
 954              	USBD_LL_Stop:
 955              	.LVL89:
 956              	.LFB970:
 521:USB_Device/Target/usbd_conf.c ****   HAL_StatusTypeDef hal_status = HAL_OK;
 957              		.loc 1 521 1 is_stmt 1 view -0
 958              		.cfi_startproc
 959              		@ args = 0, pretend = 0, frame = 0
 960              		@ frame_needed = 0, uses_anonymous_args = 0
 521:USB_Device/Target/usbd_conf.c ****   HAL_StatusTypeDef hal_status = HAL_OK;
 961              		.loc 1 521 1 is_stmt 0 view .LVU222
 962 0000 08B5     		push	{r3, lr}
 963              		.cfi_def_cfa_offset 8
 964              		.cfi_offset 3, -8
 965              		.cfi_offset 14, -4
 522:USB_Device/Target/usbd_conf.c ****   USBD_StatusTypeDef usb_status = USBD_OK;
 966              		.loc 1 522 3 is_stmt 1 view .LVU223
 967              	.LVL90:
 523:USB_Device/Target/usbd_conf.c **** 
 968              		.loc 1 523 3 view .LVU224
 525:USB_Device/Target/usbd_conf.c **** 
 969              		.loc 1 525 3 view .LVU225
 525:USB_Device/Target/usbd_conf.c **** 
 970              		.loc 1 525 16 is_stmt 0 view .LVU226
 971 0002 D0F8C802 		ldr	r0, [r0, #712]
 972              	.LVL91:
 525:USB_Device/Target/usbd_conf.c **** 
 973              		.loc 1 525 16 view .LVU227
 974 0006 FFF7FEFF 		bl	HAL_PCD_Stop
 975              	.LVL92:
 527:USB_Device/Target/usbd_conf.c **** 
 976              		.loc 1 527 3 is_stmt 1 view .LVU228
 527:USB_Device/Target/usbd_conf.c **** 
 977              		.loc 1 527 17 is_stmt 0 view .LVU229
 978 000a FFF7FEFF 		bl	USBD_Get_USB_Status
 979              	.LVL93:
 529:USB_Device/Target/usbd_conf.c **** }
 980              		.loc 1 529 3 is_stmt 1 view .LVU230
 530:USB_Device/Target/usbd_conf.c **** 
 981              		.loc 1 530 1 is_stmt 0 view .LVU231
 982 000e 08BD     		pop	{r3, pc}
 983              		.cfi_endproc
 984              	.LFE970:
 986              		.section	.text.USBD_LL_OpenEP,"ax",%progbits
 987              		.align	1
 988              		.global	USBD_LL_OpenEP
 989              		.syntax unified
ARM GAS  C:\Users\Nathan\AppData\Local\Temp\ccTr5KrK.s 			page 54


 990              		.thumb
 991              		.thumb_func
 993              	USBD_LL_OpenEP:
 994              	.LVL94:
 995              	.LFB971:
 541:USB_Device/Target/usbd_conf.c ****   HAL_StatusTypeDef hal_status = HAL_OK;
 996              		.loc 1 541 1 is_stmt 1 view -0
 997              		.cfi_startproc
 998              		@ args = 0, pretend = 0, frame = 0
 999              		@ frame_needed = 0, uses_anonymous_args = 0
 541:USB_Device/Target/usbd_conf.c ****   HAL_StatusTypeDef hal_status = HAL_OK;
 1000              		.loc 1 541 1 is_stmt 0 view .LVU233
 1001 0000 08B5     		push	{r3, lr}
 1002              		.cfi_def_cfa_offset 8
 1003              		.cfi_offset 3, -8
 1004              		.cfi_offset 14, -4
 1005 0002 9446     		mov	ip, r2
 1006 0004 1A46     		mov	r2, r3
 1007              	.LVL95:
 542:USB_Device/Target/usbd_conf.c ****   USBD_StatusTypeDef usb_status = USBD_OK;
 1008              		.loc 1 542 3 is_stmt 1 view .LVU234
 543:USB_Device/Target/usbd_conf.c **** 
 1009              		.loc 1 543 3 view .LVU235
 545:USB_Device/Target/usbd_conf.c **** 
 1010              		.loc 1 545 3 view .LVU236
 545:USB_Device/Target/usbd_conf.c **** 
 1011              		.loc 1 545 16 is_stmt 0 view .LVU237
 1012 0006 6346     		mov	r3, ip
 1013              	.LVL96:
 545:USB_Device/Target/usbd_conf.c **** 
 1014              		.loc 1 545 16 view .LVU238
 1015 0008 D0F8C802 		ldr	r0, [r0, #712]
 1016              	.LVL97:
 545:USB_Device/Target/usbd_conf.c **** 
 1017              		.loc 1 545 16 view .LVU239
 1018 000c FFF7FEFF 		bl	HAL_PCD_EP_Open
 1019              	.LVL98:
 547:USB_Device/Target/usbd_conf.c **** 
 1020              		.loc 1 547 3 is_stmt 1 view .LVU240
 547:USB_Device/Target/usbd_conf.c **** 
 1021              		.loc 1 547 17 is_stmt 0 view .LVU241
 1022 0010 FFF7FEFF 		bl	USBD_Get_USB_Status
 1023              	.LVL99:
 549:USB_Device/Target/usbd_conf.c **** }
 1024              		.loc 1 549 3 is_stmt 1 view .LVU242
 550:USB_Device/Target/usbd_conf.c **** 
 1025              		.loc 1 550 1 is_stmt 0 view .LVU243
 1026 0014 08BD     		pop	{r3, pc}
 1027              		.cfi_endproc
 1028              	.LFE971:
 1030              		.section	.text.USBD_LL_CloseEP,"ax",%progbits
 1031              		.align	1
 1032              		.global	USBD_LL_CloseEP
 1033              		.syntax unified
 1034              		.thumb
 1035              		.thumb_func
 1037              	USBD_LL_CloseEP:
ARM GAS  C:\Users\Nathan\AppData\Local\Temp\ccTr5KrK.s 			page 55


 1038              	.LVL100:
 1039              	.LFB972:
 559:USB_Device/Target/usbd_conf.c ****   HAL_StatusTypeDef hal_status = HAL_OK;
 1040              		.loc 1 559 1 is_stmt 1 view -0
 1041              		.cfi_startproc
 1042              		@ args = 0, pretend = 0, frame = 0
 1043              		@ frame_needed = 0, uses_anonymous_args = 0
 559:USB_Device/Target/usbd_conf.c ****   HAL_StatusTypeDef hal_status = HAL_OK;
 1044              		.loc 1 559 1 is_stmt 0 view .LVU245
 1045 0000 08B5     		push	{r3, lr}
 1046              		.cfi_def_cfa_offset 8
 1047              		.cfi_offset 3, -8
 1048              		.cfi_offset 14, -4
 560:USB_Device/Target/usbd_conf.c ****   USBD_StatusTypeDef usb_status = USBD_OK;
 1049              		.loc 1 560 3 is_stmt 1 view .LVU246
 1050              	.LVL101:
 561:USB_Device/Target/usbd_conf.c **** 
 1051              		.loc 1 561 3 view .LVU247
 563:USB_Device/Target/usbd_conf.c **** 
 1052              		.loc 1 563 3 view .LVU248
 563:USB_Device/Target/usbd_conf.c **** 
 1053              		.loc 1 563 16 is_stmt 0 view .LVU249
 1054 0002 D0F8C802 		ldr	r0, [r0, #712]
 1055              	.LVL102:
 563:USB_Device/Target/usbd_conf.c **** 
 1056              		.loc 1 563 16 view .LVU250
 1057 0006 FFF7FEFF 		bl	HAL_PCD_EP_Close
 1058              	.LVL103:
 565:USB_Device/Target/usbd_conf.c **** 
 1059              		.loc 1 565 3 is_stmt 1 view .LVU251
 565:USB_Device/Target/usbd_conf.c **** 
 1060              		.loc 1 565 17 is_stmt 0 view .LVU252
 1061 000a FFF7FEFF 		bl	USBD_Get_USB_Status
 1062              	.LVL104:
 567:USB_Device/Target/usbd_conf.c **** }
 1063              		.loc 1 567 3 is_stmt 1 view .LVU253
 568:USB_Device/Target/usbd_conf.c **** 
 1064              		.loc 1 568 1 is_stmt 0 view .LVU254
 1065 000e 08BD     		pop	{r3, pc}
 1066              		.cfi_endproc
 1067              	.LFE972:
 1069              		.section	.text.USBD_LL_FlushEP,"ax",%progbits
 1070              		.align	1
 1071              		.global	USBD_LL_FlushEP
 1072              		.syntax unified
 1073              		.thumb
 1074              		.thumb_func
 1076              	USBD_LL_FlushEP:
 1077              	.LVL105:
 1078              	.LFB973:
 577:USB_Device/Target/usbd_conf.c ****   HAL_StatusTypeDef hal_status = HAL_OK;
 1079              		.loc 1 577 1 is_stmt 1 view -0
 1080              		.cfi_startproc
 1081              		@ args = 0, pretend = 0, frame = 0
 1082              		@ frame_needed = 0, uses_anonymous_args = 0
 577:USB_Device/Target/usbd_conf.c ****   HAL_StatusTypeDef hal_status = HAL_OK;
 1083              		.loc 1 577 1 is_stmt 0 view .LVU256
ARM GAS  C:\Users\Nathan\AppData\Local\Temp\ccTr5KrK.s 			page 56


 1084 0000 08B5     		push	{r3, lr}
 1085              		.cfi_def_cfa_offset 8
 1086              		.cfi_offset 3, -8
 1087              		.cfi_offset 14, -4
 578:USB_Device/Target/usbd_conf.c ****   USBD_StatusTypeDef usb_status = USBD_OK;
 1088              		.loc 1 578 3 is_stmt 1 view .LVU257
 1089              	.LVL106:
 579:USB_Device/Target/usbd_conf.c **** 
 1090              		.loc 1 579 3 view .LVU258
 581:USB_Device/Target/usbd_conf.c **** 
 1091              		.loc 1 581 3 view .LVU259
 581:USB_Device/Target/usbd_conf.c **** 
 1092              		.loc 1 581 16 is_stmt 0 view .LVU260
 1093 0002 D0F8C802 		ldr	r0, [r0, #712]
 1094              	.LVL107:
 581:USB_Device/Target/usbd_conf.c **** 
 1095              		.loc 1 581 16 view .LVU261
 1096 0006 FFF7FEFF 		bl	HAL_PCD_EP_Flush
 1097              	.LVL108:
 583:USB_Device/Target/usbd_conf.c **** 
 1098              		.loc 1 583 3 is_stmt 1 view .LVU262
 583:USB_Device/Target/usbd_conf.c **** 
 1099              		.loc 1 583 17 is_stmt 0 view .LVU263
 1100 000a FFF7FEFF 		bl	USBD_Get_USB_Status
 1101              	.LVL109:
 585:USB_Device/Target/usbd_conf.c **** }
 1102              		.loc 1 585 3 is_stmt 1 view .LVU264
 586:USB_Device/Target/usbd_conf.c **** 
 1103              		.loc 1 586 1 is_stmt 0 view .LVU265
 1104 000e 08BD     		pop	{r3, pc}
 1105              		.cfi_endproc
 1106              	.LFE973:
 1108              		.section	.text.USBD_LL_StallEP,"ax",%progbits
 1109              		.align	1
 1110              		.global	USBD_LL_StallEP
 1111              		.syntax unified
 1112              		.thumb
 1113              		.thumb_func
 1115              	USBD_LL_StallEP:
 1116              	.LVL110:
 1117              	.LFB974:
 595:USB_Device/Target/usbd_conf.c ****   HAL_StatusTypeDef hal_status = HAL_OK;
 1118              		.loc 1 595 1 is_stmt 1 view -0
 1119              		.cfi_startproc
 1120              		@ args = 0, pretend = 0, frame = 0
 1121              		@ frame_needed = 0, uses_anonymous_args = 0
 595:USB_Device/Target/usbd_conf.c ****   HAL_StatusTypeDef hal_status = HAL_OK;
 1122              		.loc 1 595 1 is_stmt 0 view .LVU267
 1123 0000 08B5     		push	{r3, lr}
 1124              		.cfi_def_cfa_offset 8
 1125              		.cfi_offset 3, -8
 1126              		.cfi_offset 14, -4
 596:USB_Device/Target/usbd_conf.c ****   USBD_StatusTypeDef usb_status = USBD_OK;
 1127              		.loc 1 596 3 is_stmt 1 view .LVU268
 1128              	.LVL111:
 597:USB_Device/Target/usbd_conf.c **** 
 1129              		.loc 1 597 3 view .LVU269
ARM GAS  C:\Users\Nathan\AppData\Local\Temp\ccTr5KrK.s 			page 57


 599:USB_Device/Target/usbd_conf.c **** 
 1130              		.loc 1 599 3 view .LVU270
 599:USB_Device/Target/usbd_conf.c **** 
 1131              		.loc 1 599 16 is_stmt 0 view .LVU271
 1132 0002 D0F8C802 		ldr	r0, [r0, #712]
 1133              	.LVL112:
 599:USB_Device/Target/usbd_conf.c **** 
 1134              		.loc 1 599 16 view .LVU272
 1135 0006 FFF7FEFF 		bl	HAL_PCD_EP_SetStall
 1136              	.LVL113:
 601:USB_Device/Target/usbd_conf.c **** 
 1137              		.loc 1 601 3 is_stmt 1 view .LVU273
 601:USB_Device/Target/usbd_conf.c **** 
 1138              		.loc 1 601 17 is_stmt 0 view .LVU274
 1139 000a FFF7FEFF 		bl	USBD_Get_USB_Status
 1140              	.LVL114:
 603:USB_Device/Target/usbd_conf.c **** }
 1141              		.loc 1 603 3 is_stmt 1 view .LVU275
 604:USB_Device/Target/usbd_conf.c **** 
 1142              		.loc 1 604 1 is_stmt 0 view .LVU276
 1143 000e 08BD     		pop	{r3, pc}
 1144              		.cfi_endproc
 1145              	.LFE974:
 1147              		.section	.text.USBD_LL_ClearStallEP,"ax",%progbits
 1148              		.align	1
 1149              		.global	USBD_LL_ClearStallEP
 1150              		.syntax unified
 1151              		.thumb
 1152              		.thumb_func
 1154              	USBD_LL_ClearStallEP:
 1155              	.LVL115:
 1156              	.LFB975:
 613:USB_Device/Target/usbd_conf.c ****   HAL_StatusTypeDef hal_status = HAL_OK;
 1157              		.loc 1 613 1 is_stmt 1 view -0
 1158              		.cfi_startproc
 1159              		@ args = 0, pretend = 0, frame = 0
 1160              		@ frame_needed = 0, uses_anonymous_args = 0
 613:USB_Device/Target/usbd_conf.c ****   HAL_StatusTypeDef hal_status = HAL_OK;
 1161              		.loc 1 613 1 is_stmt 0 view .LVU278
 1162 0000 08B5     		push	{r3, lr}
 1163              		.cfi_def_cfa_offset 8
 1164              		.cfi_offset 3, -8
 1165              		.cfi_offset 14, -4
 614:USB_Device/Target/usbd_conf.c ****   USBD_StatusTypeDef usb_status = USBD_OK;
 1166              		.loc 1 614 3 is_stmt 1 view .LVU279
 1167              	.LVL116:
 615:USB_Device/Target/usbd_conf.c **** 
 1168              		.loc 1 615 3 view .LVU280
 617:USB_Device/Target/usbd_conf.c **** 
 1169              		.loc 1 617 3 view .LVU281
 617:USB_Device/Target/usbd_conf.c **** 
 1170              		.loc 1 617 16 is_stmt 0 view .LVU282
 1171 0002 D0F8C802 		ldr	r0, [r0, #712]
 1172              	.LVL117:
 617:USB_Device/Target/usbd_conf.c **** 
 1173              		.loc 1 617 16 view .LVU283
 1174 0006 FFF7FEFF 		bl	HAL_PCD_EP_ClrStall
ARM GAS  C:\Users\Nathan\AppData\Local\Temp\ccTr5KrK.s 			page 58


 1175              	.LVL118:
 619:USB_Device/Target/usbd_conf.c **** 
 1176              		.loc 1 619 3 is_stmt 1 view .LVU284
 619:USB_Device/Target/usbd_conf.c **** 
 1177              		.loc 1 619 17 is_stmt 0 view .LVU285
 1178 000a FFF7FEFF 		bl	USBD_Get_USB_Status
 1179              	.LVL119:
 621:USB_Device/Target/usbd_conf.c **** }
 1180              		.loc 1 621 3 is_stmt 1 view .LVU286
 622:USB_Device/Target/usbd_conf.c **** 
 1181              		.loc 1 622 1 is_stmt 0 view .LVU287
 1182 000e 08BD     		pop	{r3, pc}
 1183              		.cfi_endproc
 1184              	.LFE975:
 1186              		.section	.text.USBD_LL_IsStallEP,"ax",%progbits
 1187              		.align	1
 1188              		.global	USBD_LL_IsStallEP
 1189              		.syntax unified
 1190              		.thumb
 1191              		.thumb_func
 1193              	USBD_LL_IsStallEP:
 1194              	.LVL120:
 1195              	.LFB976:
 631:USB_Device/Target/usbd_conf.c ****   PCD_HandleTypeDef *hpcd = (PCD_HandleTypeDef*) pdev->pData;
 1196              		.loc 1 631 1 is_stmt 1 view -0
 1197              		.cfi_startproc
 1198              		@ args = 0, pretend = 0, frame = 0
 1199              		@ frame_needed = 0, uses_anonymous_args = 0
 1200              		@ link register save eliminated.
 632:USB_Device/Target/usbd_conf.c **** 
 1201              		.loc 1 632 3 view .LVU289
 632:USB_Device/Target/usbd_conf.c **** 
 1202              		.loc 1 632 22 is_stmt 0 view .LVU290
 1203 0000 D0F8C832 		ldr	r3, [r0, #712]
 1204              	.LVL121:
 634:USB_Device/Target/usbd_conf.c ****   {
 1205              		.loc 1 634 3 is_stmt 1 view .LVU291
 634:USB_Device/Target/usbd_conf.c ****   {
 1206              		.loc 1 634 5 is_stmt 0 view .LVU292
 1207 0004 11F0800F 		tst	r1, #128
 1208 0008 08D1     		bne	.L79
 640:USB_Device/Target/usbd_conf.c ****   }
 1209              		.loc 1 640 5 is_stmt 1 view .LVU293
 640:USB_Device/Target/usbd_conf.c ****   }
 1210              		.loc 1 640 33 is_stmt 0 view .LVU294
 1211 000a 01F07F01 		and	r1, r1, #127
 1212              	.LVL122:
 640:USB_Device/Target/usbd_conf.c ****   }
 1213              		.loc 1 640 40 view .LVU295
 1214 000e 01EB8101 		add	r1, r1, r1, lsl #2
 1215 0012 03EBC103 		add	r3, r3, r1, lsl #3
 1216              	.LVL123:
 640:USB_Device/Target/usbd_conf.c ****   }
 1217              		.loc 1 640 40 view .LVU296
 1218 0016 93F85201 		ldrb	r0, [r3, #338]	@ zero_extendqisi2
 1219              	.LVL124:
 642:USB_Device/Target/usbd_conf.c **** 
ARM GAS  C:\Users\Nathan\AppData\Local\Temp\ccTr5KrK.s 			page 59


 1220              		.loc 1 642 1 view .LVU297
 1221 001a 7047     		bx	lr
 1222              	.LVL125:
 1223              	.L79:
 636:USB_Device/Target/usbd_conf.c ****   }
 1224              		.loc 1 636 5 is_stmt 1 view .LVU298
 636:USB_Device/Target/usbd_conf.c ****   }
 1225              		.loc 1 636 32 is_stmt 0 view .LVU299
 1226 001c 01F07F01 		and	r1, r1, #127
 1227              	.LVL126:
 636:USB_Device/Target/usbd_conf.c ****   }
 1228              		.loc 1 636 39 view .LVU300
 1229 0020 01EB8101 		add	r1, r1, r1, lsl #2
 1230 0024 03EBC103 		add	r3, r3, r1, lsl #3
 1231              	.LVL127:
 636:USB_Device/Target/usbd_conf.c ****   }
 1232              		.loc 1 636 39 view .LVU301
 1233 0028 987C     		ldrb	r0, [r3, #18]	@ zero_extendqisi2
 1234              	.LVL128:
 636:USB_Device/Target/usbd_conf.c ****   }
 1235              		.loc 1 636 39 view .LVU302
 1236 002a 7047     		bx	lr
 1237              		.cfi_endproc
 1238              	.LFE976:
 1240              		.section	.text.USBD_LL_SetUSBAddress,"ax",%progbits
 1241              		.align	1
 1242              		.global	USBD_LL_SetUSBAddress
 1243              		.syntax unified
 1244              		.thumb
 1245              		.thumb_func
 1247              	USBD_LL_SetUSBAddress:
 1248              	.LVL129:
 1249              	.LFB977:
 651:USB_Device/Target/usbd_conf.c ****   HAL_StatusTypeDef hal_status = HAL_OK;
 1250              		.loc 1 651 1 is_stmt 1 view -0
 1251              		.cfi_startproc
 1252              		@ args = 0, pretend = 0, frame = 0
 1253              		@ frame_needed = 0, uses_anonymous_args = 0
 651:USB_Device/Target/usbd_conf.c ****   HAL_StatusTypeDef hal_status = HAL_OK;
 1254              		.loc 1 651 1 is_stmt 0 view .LVU304
 1255 0000 08B5     		push	{r3, lr}
 1256              		.cfi_def_cfa_offset 8
 1257              		.cfi_offset 3, -8
 1258              		.cfi_offset 14, -4
 652:USB_Device/Target/usbd_conf.c ****   USBD_StatusTypeDef usb_status = USBD_OK;
 1259              		.loc 1 652 3 is_stmt 1 view .LVU305
 1260              	.LVL130:
 653:USB_Device/Target/usbd_conf.c **** 
 1261              		.loc 1 653 3 view .LVU306
 655:USB_Device/Target/usbd_conf.c **** 
 1262              		.loc 1 655 3 view .LVU307
 655:USB_Device/Target/usbd_conf.c **** 
 1263              		.loc 1 655 16 is_stmt 0 view .LVU308
 1264 0002 D0F8C802 		ldr	r0, [r0, #712]
 1265              	.LVL131:
 655:USB_Device/Target/usbd_conf.c **** 
 1266              		.loc 1 655 16 view .LVU309
ARM GAS  C:\Users\Nathan\AppData\Local\Temp\ccTr5KrK.s 			page 60


 1267 0006 FFF7FEFF 		bl	HAL_PCD_SetAddress
 1268              	.LVL132:
 657:USB_Device/Target/usbd_conf.c **** 
 1269              		.loc 1 657 3 is_stmt 1 view .LVU310
 657:USB_Device/Target/usbd_conf.c **** 
 1270              		.loc 1 657 17 is_stmt 0 view .LVU311
 1271 000a FFF7FEFF 		bl	USBD_Get_USB_Status
 1272              	.LVL133:
 659:USB_Device/Target/usbd_conf.c **** }
 1273              		.loc 1 659 3 is_stmt 1 view .LVU312
 660:USB_Device/Target/usbd_conf.c **** 
 1274              		.loc 1 660 1 is_stmt 0 view .LVU313
 1275 000e 08BD     		pop	{r3, pc}
 1276              		.cfi_endproc
 1277              	.LFE977:
 1279              		.section	.text.USBD_LL_Transmit,"ax",%progbits
 1280              		.align	1
 1281              		.global	USBD_LL_Transmit
 1282              		.syntax unified
 1283              		.thumb
 1284              		.thumb_func
 1286              	USBD_LL_Transmit:
 1287              	.LVL134:
 1288              	.LFB978:
 671:USB_Device/Target/usbd_conf.c ****   HAL_StatusTypeDef hal_status = HAL_OK;
 1289              		.loc 1 671 1 is_stmt 1 view -0
 1290              		.cfi_startproc
 1291              		@ args = 0, pretend = 0, frame = 0
 1292              		@ frame_needed = 0, uses_anonymous_args = 0
 671:USB_Device/Target/usbd_conf.c ****   HAL_StatusTypeDef hal_status = HAL_OK;
 1293              		.loc 1 671 1 is_stmt 0 view .LVU315
 1294 0000 08B5     		push	{r3, lr}
 1295              		.cfi_def_cfa_offset 8
 1296              		.cfi_offset 3, -8
 1297              		.cfi_offset 14, -4
 672:USB_Device/Target/usbd_conf.c ****   USBD_StatusTypeDef usb_status = USBD_OK;
 1298              		.loc 1 672 3 is_stmt 1 view .LVU316
 1299              	.LVL135:
 673:USB_Device/Target/usbd_conf.c **** 
 1300              		.loc 1 673 3 view .LVU317
 675:USB_Device/Target/usbd_conf.c **** 
 1301              		.loc 1 675 3 view .LVU318
 675:USB_Device/Target/usbd_conf.c **** 
 1302              		.loc 1 675 16 is_stmt 0 view .LVU319
 1303 0002 D0F8C802 		ldr	r0, [r0, #712]
 1304              	.LVL136:
 675:USB_Device/Target/usbd_conf.c **** 
 1305              		.loc 1 675 16 view .LVU320
 1306 0006 FFF7FEFF 		bl	HAL_PCD_EP_Transmit
 1307              	.LVL137:
 677:USB_Device/Target/usbd_conf.c **** 
 1308              		.loc 1 677 3 is_stmt 1 view .LVU321
 677:USB_Device/Target/usbd_conf.c **** 
 1309              		.loc 1 677 17 is_stmt 0 view .LVU322
 1310 000a FFF7FEFF 		bl	USBD_Get_USB_Status
 1311              	.LVL138:
 679:USB_Device/Target/usbd_conf.c **** }
ARM GAS  C:\Users\Nathan\AppData\Local\Temp\ccTr5KrK.s 			page 61


 1312              		.loc 1 679 3 is_stmt 1 view .LVU323
 680:USB_Device/Target/usbd_conf.c **** 
 1313              		.loc 1 680 1 is_stmt 0 view .LVU324
 1314 000e 08BD     		pop	{r3, pc}
 1315              		.cfi_endproc
 1316              	.LFE978:
 1318              		.section	.text.USBD_LL_PrepareReceive,"ax",%progbits
 1319              		.align	1
 1320              		.global	USBD_LL_PrepareReceive
 1321              		.syntax unified
 1322              		.thumb
 1323              		.thumb_func
 1325              	USBD_LL_PrepareReceive:
 1326              	.LVL139:
 1327              	.LFB979:
 691:USB_Device/Target/usbd_conf.c ****   HAL_StatusTypeDef hal_status = HAL_OK;
 1328              		.loc 1 691 1 is_stmt 1 view -0
 1329              		.cfi_startproc
 1330              		@ args = 0, pretend = 0, frame = 0
 1331              		@ frame_needed = 0, uses_anonymous_args = 0
 691:USB_Device/Target/usbd_conf.c ****   HAL_StatusTypeDef hal_status = HAL_OK;
 1332              		.loc 1 691 1 is_stmt 0 view .LVU326
 1333 0000 08B5     		push	{r3, lr}
 1334              		.cfi_def_cfa_offset 8
 1335              		.cfi_offset 3, -8
 1336              		.cfi_offset 14, -4
 692:USB_Device/Target/usbd_conf.c ****   USBD_StatusTypeDef usb_status = USBD_OK;
 1337              		.loc 1 692 3 is_stmt 1 view .LVU327
 1338              	.LVL140:
 693:USB_Device/Target/usbd_conf.c **** 
 1339              		.loc 1 693 3 view .LVU328
 695:USB_Device/Target/usbd_conf.c **** 
 1340              		.loc 1 695 3 view .LVU329
 695:USB_Device/Target/usbd_conf.c **** 
 1341              		.loc 1 695 16 is_stmt 0 view .LVU330
 1342 0002 D0F8C802 		ldr	r0, [r0, #712]
 1343              	.LVL141:
 695:USB_Device/Target/usbd_conf.c **** 
 1344              		.loc 1 695 16 view .LVU331
 1345 0006 FFF7FEFF 		bl	HAL_PCD_EP_Receive
 1346              	.LVL142:
 697:USB_Device/Target/usbd_conf.c **** 
 1347              		.loc 1 697 3 is_stmt 1 view .LVU332
 697:USB_Device/Target/usbd_conf.c **** 
 1348              		.loc 1 697 17 is_stmt 0 view .LVU333
 1349 000a FFF7FEFF 		bl	USBD_Get_USB_Status
 1350              	.LVL143:
 699:USB_Device/Target/usbd_conf.c **** }
 1351              		.loc 1 699 3 is_stmt 1 view .LVU334
 700:USB_Device/Target/usbd_conf.c **** 
 1352              		.loc 1 700 1 is_stmt 0 view .LVU335
 1353 000e 08BD     		pop	{r3, pc}
 1354              		.cfi_endproc
 1355              	.LFE979:
 1357              		.section	.text.USBD_LL_GetRxDataSize,"ax",%progbits
 1358              		.align	1
 1359              		.global	USBD_LL_GetRxDataSize
ARM GAS  C:\Users\Nathan\AppData\Local\Temp\ccTr5KrK.s 			page 62


 1360              		.syntax unified
 1361              		.thumb
 1362              		.thumb_func
 1364              	USBD_LL_GetRxDataSize:
 1365              	.LVL144:
 1366              	.LFB980:
 709:USB_Device/Target/usbd_conf.c ****   return HAL_PCD_EP_GetRxCount((PCD_HandleTypeDef*) pdev->pData, ep_addr);
 1367              		.loc 1 709 1 is_stmt 1 view -0
 1368              		.cfi_startproc
 1369              		@ args = 0, pretend = 0, frame = 0
 1370              		@ frame_needed = 0, uses_anonymous_args = 0
 709:USB_Device/Target/usbd_conf.c ****   return HAL_PCD_EP_GetRxCount((PCD_HandleTypeDef*) pdev->pData, ep_addr);
 1371              		.loc 1 709 1 is_stmt 0 view .LVU337
 1372 0000 08B5     		push	{r3, lr}
 1373              		.cfi_def_cfa_offset 8
 1374              		.cfi_offset 3, -8
 1375              		.cfi_offset 14, -4
 710:USB_Device/Target/usbd_conf.c **** }
 1376              		.loc 1 710 3 is_stmt 1 view .LVU338
 710:USB_Device/Target/usbd_conf.c **** }
 1377              		.loc 1 710 10 is_stmt 0 view .LVU339
 1378 0002 D0F8C802 		ldr	r0, [r0, #712]
 1379              	.LVL145:
 710:USB_Device/Target/usbd_conf.c **** }
 1380              		.loc 1 710 10 view .LVU340
 1381 0006 FFF7FEFF 		bl	HAL_PCD_EP_GetRxCount
 1382              	.LVL146:
 711:USB_Device/Target/usbd_conf.c **** 
 1383              		.loc 1 711 1 view .LVU341
 1384 000a 08BD     		pop	{r3, pc}
 1385              		.cfi_endproc
 1386              	.LFE980:
 1388              		.section	.text.HAL_PCDEx_LPM_Callback,"ax",%progbits
 1389              		.align	1
 1390              		.global	HAL_PCDEx_LPM_Callback
 1391              		.syntax unified
 1392              		.thumb
 1393              		.thumb_func
 1395              	HAL_PCDEx_LPM_Callback:
 1396              	.LVL147:
 1397              	.LFB981:
 724:USB_Device/Target/usbd_conf.c ****   /* USER CODE BEGIN LPM_Callback */
 1398              		.loc 1 724 1 is_stmt 1 view -0
 1399              		.cfi_startproc
 1400              		@ args = 0, pretend = 0, frame = 0
 1401              		@ frame_needed = 0, uses_anonymous_args = 0
 724:USB_Device/Target/usbd_conf.c ****   /* USER CODE BEGIN LPM_Callback */
 1402              		.loc 1 724 1 is_stmt 0 view .LVU343
 1403 0000 10B5     		push	{r4, lr}
 1404              		.cfi_def_cfa_offset 8
 1405              		.cfi_offset 4, -8
 1406              		.cfi_offset 14, -4
 1407 0002 0446     		mov	r4, r0
 726:USB_Device/Target/usbd_conf.c ****   {
 1408              		.loc 1 726 3 is_stmt 1 view .LVU344
 1409 0004 69B1     		cbz	r1, .L89
 1410 0006 0129     		cmp	r1, #1
ARM GAS  C:\Users\Nathan\AppData\Local\Temp\ccTr5KrK.s 			page 63


 1411 0008 11D1     		bne	.L88
 740:USB_Device/Target/usbd_conf.c **** 
 1412              		.loc 1 740 5 view .LVU345
 1413 000a D0F8D802 		ldr	r0, [r0, #728]
 1414              	.LVL148:
 740:USB_Device/Target/usbd_conf.c **** 
 1415              		.loc 1 740 5 is_stmt 0 view .LVU346
 1416 000e FFF7FEFF 		bl	USBD_LL_Suspend
 1417              	.LVL149:
 743:USB_Device/Target/usbd_conf.c ****     {
 1418              		.loc 1 743 5 is_stmt 1 view .LVU347
 743:USB_Device/Target/usbd_conf.c ****     {
 1419              		.loc 1 743 19 is_stmt 0 view .LVU348
 1420 0012 637A     		ldrb	r3, [r4, #9]	@ zero_extendqisi2
 743:USB_Device/Target/usbd_conf.c ****     {
 1421              		.loc 1 743 8 view .LVU349
 1422 0014 5BB1     		cbz	r3, .L88
 746:USB_Device/Target/usbd_conf.c ****     }
 1423              		.loc 1 746 7 is_stmt 1 view .LVU350
 746:USB_Device/Target/usbd_conf.c ****     }
 1424              		.loc 1 746 10 is_stmt 0 view .LVU351
 1425 0016 0A4A     		ldr	r2, .L95
 1426 0018 1369     		ldr	r3, [r2, #16]
 746:USB_Device/Target/usbd_conf.c ****     }
 1427              		.loc 1 746 16 view .LVU352
 1428 001a 43F00603 		orr	r3, r3, #6
 1429 001e 1361     		str	r3, [r2, #16]
 751:USB_Device/Target/usbd_conf.c **** 
 1430              		.loc 1 751 1 view .LVU353
 1431 0020 05E0     		b	.L88
 1432              	.LVL150:
 1433              	.L89:
 729:USB_Device/Target/usbd_conf.c ****     {
 1434              		.loc 1 729 5 is_stmt 1 view .LVU354
 729:USB_Device/Target/usbd_conf.c ****     {
 1435              		.loc 1 729 19 is_stmt 0 view .LVU355
 1436 0022 437A     		ldrb	r3, [r0, #9]	@ zero_extendqisi2
 729:USB_Device/Target/usbd_conf.c ****     {
 1437              		.loc 1 729 8 view .LVU356
 1438 0024 23B9     		cbnz	r3, .L94
 1439              	.LVL151:
 1440              	.L92:
 736:USB_Device/Target/usbd_conf.c ****     break;
 1441              		.loc 1 736 5 is_stmt 1 view .LVU357
 1442 0026 D4F8D802 		ldr	r0, [r4, #728]
 1443 002a FFF7FEFF 		bl	USBD_LL_Resume
 1444              	.LVL152:
 737:USB_Device/Target/usbd_conf.c **** 
 1445              		.loc 1 737 5 view .LVU358
 1446              	.L88:
 751:USB_Device/Target/usbd_conf.c **** 
 1447              		.loc 1 751 1 is_stmt 0 view .LVU359
 1448 002e 10BD     		pop	{r4, pc}
 1449              	.LVL153:
 1450              	.L94:
 731:USB_Device/Target/usbd_conf.c **** 
 1451              		.loc 1 731 7 is_stmt 1 view .LVU360
ARM GAS  C:\Users\Nathan\AppData\Local\Temp\ccTr5KrK.s 			page 64


 1452 0030 FFF7FEFF 		bl	SystemClockConfig_Resume
 1453              	.LVL154:
 734:USB_Device/Target/usbd_conf.c ****     }
 1454              		.loc 1 734 7 view .LVU361
 734:USB_Device/Target/usbd_conf.c ****     }
 1455              		.loc 1 734 10 is_stmt 0 view .LVU362
 1456 0034 024A     		ldr	r2, .L95
 1457 0036 1369     		ldr	r3, [r2, #16]
 734:USB_Device/Target/usbd_conf.c ****     }
 1458              		.loc 1 734 16 view .LVU363
 1459 0038 23F00603 		bic	r3, r3, #6
 1460 003c 1361     		str	r3, [r2, #16]
 1461 003e F2E7     		b	.L92
 1462              	.L96:
 1463              		.align	2
 1464              	.L95:
 1465 0040 00ED00E0 		.word	-536810240
 1466              		.cfi_endproc
 1467              	.LFE981:
 1469              		.section	.text.USBD_LL_Delay,"ax",%progbits
 1470              		.align	1
 1471              		.global	USBD_LL_Delay
 1472              		.syntax unified
 1473              		.thumb
 1474              		.thumb_func
 1476              	USBD_LL_Delay:
 1477              	.LVL155:
 1478              	.LFB982:
 759:USB_Device/Target/usbd_conf.c ****   HAL_Delay(Delay);
 1479              		.loc 1 759 1 is_stmt 1 view -0
 1480              		.cfi_startproc
 1481              		@ args = 0, pretend = 0, frame = 0
 1482              		@ frame_needed = 0, uses_anonymous_args = 0
 759:USB_Device/Target/usbd_conf.c ****   HAL_Delay(Delay);
 1483              		.loc 1 759 1 is_stmt 0 view .LVU365
 1484 0000 08B5     		push	{r3, lr}
 1485              		.cfi_def_cfa_offset 8
 1486              		.cfi_offset 3, -8
 1487              		.cfi_offset 14, -4
 760:USB_Device/Target/usbd_conf.c **** }
 1488              		.loc 1 760 3 is_stmt 1 view .LVU366
 1489 0002 FFF7FEFF 		bl	HAL_Delay
 1490              	.LVL156:
 761:USB_Device/Target/usbd_conf.c **** 
 1491              		.loc 1 761 1 is_stmt 0 view .LVU367
 1492 0006 08BD     		pop	{r3, pc}
 1493              		.cfi_endproc
 1494              	.LFE982:
 1496              		.section	.text.USBD_static_malloc,"ax",%progbits
 1497              		.align	1
 1498              		.global	USBD_static_malloc
 1499              		.syntax unified
 1500              		.thumb
 1501              		.thumb_func
 1503              	USBD_static_malloc:
 1504              	.LVL157:
 1505              	.LFB983:
ARM GAS  C:\Users\Nathan\AppData\Local\Temp\ccTr5KrK.s 			page 65


 769:USB_Device/Target/usbd_conf.c ****   UNUSED(size);
 1506              		.loc 1 769 1 is_stmt 1 view -0
 1507              		.cfi_startproc
 1508              		@ args = 0, pretend = 0, frame = 0
 1509              		@ frame_needed = 0, uses_anonymous_args = 0
 1510              		@ link register save eliminated.
 770:USB_Device/Target/usbd_conf.c ****   static uint32_t mem[(sizeof(USBD_CDC_HandleTypeDef)/4)+1];/* On 32-bit boundary */
 1511              		.loc 1 770 3 view .LVU369
 771:USB_Device/Target/usbd_conf.c ****   return mem;
 1512              		.loc 1 771 3 view .LVU370
 772:USB_Device/Target/usbd_conf.c **** }
 1513              		.loc 1 772 3 view .LVU371
 773:USB_Device/Target/usbd_conf.c **** 
 1514              		.loc 1 773 1 is_stmt 0 view .LVU372
 1515 0000 0048     		ldr	r0, .L100
 1516              	.LVL158:
 773:USB_Device/Target/usbd_conf.c **** 
 1517              		.loc 1 773 1 view .LVU373
 1518 0002 7047     		bx	lr
 1519              	.L101:
 1520              		.align	2
 1521              	.L100:
 1522 0004 00000000 		.word	mem.0
 1523              		.cfi_endproc
 1524              	.LFE983:
 1526              		.section	.text.USBD_static_free,"ax",%progbits
 1527              		.align	1
 1528              		.global	USBD_static_free
 1529              		.syntax unified
 1530              		.thumb
 1531              		.thumb_func
 1533              	USBD_static_free:
 1534              	.LVL159:
 1535              	.LFB984:
 781:USB_Device/Target/usbd_conf.c ****   UNUSED(p);
 1536              		.loc 1 781 1 is_stmt 1 view -0
 1537              		.cfi_startproc
 1538              		@ args = 0, pretend = 0, frame = 0
 1539              		@ frame_needed = 0, uses_anonymous_args = 0
 1540              		@ link register save eliminated.
 782:USB_Device/Target/usbd_conf.c **** }
 1541              		.loc 1 782 3 view .LVU375
 783:USB_Device/Target/usbd_conf.c **** 
 1542              		.loc 1 783 1 is_stmt 0 view .LVU376
 1543 0000 7047     		bx	lr
 1544              		.cfi_endproc
 1545              	.LFE984:
 1547              		.section	.bss.mem.0,"aw",%nobits
 1548              		.align	2
 1551              	mem.0:
 1552 0000 00000000 		.space	544
 1552      00000000 
 1552      00000000 
 1552      00000000 
 1552      00000000 
 1553              		.global	hpcd_USB_FS
 1554              		.section	.bss.hpcd_USB_FS,"aw",%nobits
ARM GAS  C:\Users\Nathan\AppData\Local\Temp\ccTr5KrK.s 			page 66


 1555              		.align	2
 1558              	hpcd_USB_FS:
 1559 0000 00000000 		.space	732
 1559      00000000 
 1559      00000000 
 1559      00000000 
 1559      00000000 
 1560              		.text
 1561              	.Letext0:
 1562              		.file 3 "Drivers/CMSIS/Device/ST/STM32WBxx/Include/stm32wb55xx.h"
 1563              		.file 4 "C:/Users/Nathan/AppData/Roaming/Code/User/globalStorage/bmd.stm32-for-vscode/@xpack-dev-t
 1564              		.file 5 "C:/Users/Nathan/AppData/Roaming/Code/User/globalStorage/bmd.stm32-for-vscode/@xpack-dev-t
 1565              		.file 6 "Drivers/CMSIS/Include/core_cm4.h"
 1566              		.file 7 "Drivers/CMSIS/Device/ST/STM32WBxx/Include/stm32wbxx.h"
 1567              		.file 8 "Drivers/STM32WBxx_HAL_Driver/Inc/stm32wbxx_hal_def.h"
 1568              		.file 9 "Drivers/STM32WBxx_HAL_Driver/Inc/stm32wbxx_hal_gpio.h"
 1569              		.file 10 "Drivers/STM32WBxx_HAL_Driver/Inc/stm32wbxx_ll_usb.h"
 1570              		.file 11 "Drivers/STM32WBxx_HAL_Driver/Inc/stm32wbxx_hal_pcd.h"
 1571              		.file 12 "Drivers/STM32WBxx_HAL_Driver/Inc/stm32wbxx_hal_rcc_ex.h"
 1572              		.file 13 "Middlewares/ST/STM32_USB_Device_Library/Core/Inc/usbd_def.h"
 1573              		.file 14 "Drivers/STM32WBxx_HAL_Driver/Inc/stm32wbxx_hal_pcd_ex.h"
 1574              		.file 15 "Middlewares/ST/STM32_USB_Device_Library/Core/Inc/usbd_core.h"
 1575              		.file 16 "Drivers/STM32WBxx_HAL_Driver/Inc/stm32wbxx_hal_pwr_ex.h"
 1576              		.file 17 "Drivers/STM32WBxx_HAL_Driver/Inc/stm32wbxx_hal.h"
 1577              		.file 18 "Drivers/STM32WBxx_HAL_Driver/Inc/stm32wbxx_hal_cortex.h"
 1578              		.file 19 "<built-in>"
ARM GAS  C:\Users\Nathan\AppData\Local\Temp\ccTr5KrK.s 			page 67


DEFINED SYMBOLS
                            *ABS*:00000000 usbd_conf.c
C:\Users\Nathan\AppData\Local\Temp\ccTr5KrK.s:21     .text.USBD_Get_USB_Status:00000000 $t
C:\Users\Nathan\AppData\Local\Temp\ccTr5KrK.s:26     .text.USBD_Get_USB_Status:00000000 USBD_Get_USB_Status
C:\Users\Nathan\AppData\Local\Temp\ccTr5KrK.s:67     .text.SystemClockConfig_Resume:00000000 $t
C:\Users\Nathan\AppData\Local\Temp\ccTr5KrK.s:72     .text.SystemClockConfig_Resume:00000000 SystemClockConfig_Resume
C:\Users\Nathan\AppData\Local\Temp\ccTr5KrK.s:91     .text.HAL_PCD_MspInit:00000000 $t
C:\Users\Nathan\AppData\Local\Temp\ccTr5KrK.s:97     .text.HAL_PCD_MspInit:00000000 HAL_PCD_MspInit
C:\Users\Nathan\AppData\Local\Temp\ccTr5KrK.s:276    .text.HAL_PCD_MspInit:000000b4 $d
C:\Users\Nathan\AppData\Local\Temp\ccTr5KrK.s:281    .text.HAL_PCD_MspDeInit:00000000 $t
C:\Users\Nathan\AppData\Local\Temp\ccTr5KrK.s:287    .text.HAL_PCD_MspDeInit:00000000 HAL_PCD_MspDeInit
C:\Users\Nathan\AppData\Local\Temp\ccTr5KrK.s:342    .text.HAL_PCD_MspDeInit:0000002c $d
C:\Users\Nathan\AppData\Local\Temp\ccTr5KrK.s:347    .text.HAL_PCD_SetupStageCallback:00000000 $t
C:\Users\Nathan\AppData\Local\Temp\ccTr5KrK.s:353    .text.HAL_PCD_SetupStageCallback:00000000 HAL_PCD_SetupStageCallback
C:\Users\Nathan\AppData\Local\Temp\ccTr5KrK.s:378    .text.HAL_PCD_DataOutStageCallback:00000000 $t
C:\Users\Nathan\AppData\Local\Temp\ccTr5KrK.s:384    .text.HAL_PCD_DataOutStageCallback:00000000 HAL_PCD_DataOutStageCallback
C:\Users\Nathan\AppData\Local\Temp\ccTr5KrK.s:411    .text.HAL_PCD_DataInStageCallback:00000000 $t
C:\Users\Nathan\AppData\Local\Temp\ccTr5KrK.s:417    .text.HAL_PCD_DataInStageCallback:00000000 HAL_PCD_DataInStageCallback
C:\Users\Nathan\AppData\Local\Temp\ccTr5KrK.s:444    .text.HAL_PCD_SOFCallback:00000000 $t
C:\Users\Nathan\AppData\Local\Temp\ccTr5KrK.s:450    .text.HAL_PCD_SOFCallback:00000000 HAL_PCD_SOFCallback
C:\Users\Nathan\AppData\Local\Temp\ccTr5KrK.s:474    .text.HAL_PCD_ResetCallback:00000000 $t
C:\Users\Nathan\AppData\Local\Temp\ccTr5KrK.s:480    .text.HAL_PCD_ResetCallback:00000000 HAL_PCD_ResetCallback
C:\Users\Nathan\AppData\Local\Temp\ccTr5KrK.s:525    .text.HAL_PCD_SuspendCallback:00000000 $t
C:\Users\Nathan\AppData\Local\Temp\ccTr5KrK.s:531    .text.HAL_PCD_SuspendCallback:00000000 HAL_PCD_SuspendCallback
C:\Users\Nathan\AppData\Local\Temp\ccTr5KrK.s:570    .text.HAL_PCD_SuspendCallback:0000001c $d
C:\Users\Nathan\AppData\Local\Temp\ccTr5KrK.s:575    .text.HAL_PCD_ResumeCallback:00000000 $t
C:\Users\Nathan\AppData\Local\Temp\ccTr5KrK.s:581    .text.HAL_PCD_ResumeCallback:00000000 HAL_PCD_ResumeCallback
C:\Users\Nathan\AppData\Local\Temp\ccTr5KrK.s:624    .text.HAL_PCD_ResumeCallback:00000024 $d
C:\Users\Nathan\AppData\Local\Temp\ccTr5KrK.s:629    .text.HAL_PCD_ISOOUTIncompleteCallback:00000000 $t
C:\Users\Nathan\AppData\Local\Temp\ccTr5KrK.s:635    .text.HAL_PCD_ISOOUTIncompleteCallback:00000000 HAL_PCD_ISOOUTIncompleteCallback
C:\Users\Nathan\AppData\Local\Temp\ccTr5KrK.s:659    .text.HAL_PCD_ISOINIncompleteCallback:00000000 $t
C:\Users\Nathan\AppData\Local\Temp\ccTr5KrK.s:665    .text.HAL_PCD_ISOINIncompleteCallback:00000000 HAL_PCD_ISOINIncompleteCallback
C:\Users\Nathan\AppData\Local\Temp\ccTr5KrK.s:689    .text.HAL_PCD_ConnectCallback:00000000 $t
C:\Users\Nathan\AppData\Local\Temp\ccTr5KrK.s:695    .text.HAL_PCD_ConnectCallback:00000000 HAL_PCD_ConnectCallback
C:\Users\Nathan\AppData\Local\Temp\ccTr5KrK.s:719    .text.HAL_PCD_DisconnectCallback:00000000 $t
C:\Users\Nathan\AppData\Local\Temp\ccTr5KrK.s:725    .text.HAL_PCD_DisconnectCallback:00000000 HAL_PCD_DisconnectCallback
C:\Users\Nathan\AppData\Local\Temp\ccTr5KrK.s:749    .text.USBD_LL_Init:00000000 $t
C:\Users\Nathan\AppData\Local\Temp\ccTr5KrK.s:755    .text.USBD_LL_Init:00000000 USBD_LL_Init
C:\Users\Nathan\AppData\Local\Temp\ccTr5KrK.s:864    .text.USBD_LL_Init:00000088 $d
C:\Users\Nathan\AppData\Local\Temp\ccTr5KrK.s:1558   .bss.hpcd_USB_FS:00000000 hpcd_USB_FS
C:\Users\Nathan\AppData\Local\Temp\ccTr5KrK.s:870    .text.USBD_LL_DeInit:00000000 $t
C:\Users\Nathan\AppData\Local\Temp\ccTr5KrK.s:876    .text.USBD_LL_DeInit:00000000 USBD_LL_DeInit
C:\Users\Nathan\AppData\Local\Temp\ccTr5KrK.s:909    .text.USBD_LL_Start:00000000 $t
C:\Users\Nathan\AppData\Local\Temp\ccTr5KrK.s:915    .text.USBD_LL_Start:00000000 USBD_LL_Start
C:\Users\Nathan\AppData\Local\Temp\ccTr5KrK.s:948    .text.USBD_LL_Stop:00000000 $t
C:\Users\Nathan\AppData\Local\Temp\ccTr5KrK.s:954    .text.USBD_LL_Stop:00000000 USBD_LL_Stop
C:\Users\Nathan\AppData\Local\Temp\ccTr5KrK.s:987    .text.USBD_LL_OpenEP:00000000 $t
C:\Users\Nathan\AppData\Local\Temp\ccTr5KrK.s:993    .text.USBD_LL_OpenEP:00000000 USBD_LL_OpenEP
C:\Users\Nathan\AppData\Local\Temp\ccTr5KrK.s:1031   .text.USBD_LL_CloseEP:00000000 $t
C:\Users\Nathan\AppData\Local\Temp\ccTr5KrK.s:1037   .text.USBD_LL_CloseEP:00000000 USBD_LL_CloseEP
C:\Users\Nathan\AppData\Local\Temp\ccTr5KrK.s:1070   .text.USBD_LL_FlushEP:00000000 $t
C:\Users\Nathan\AppData\Local\Temp\ccTr5KrK.s:1076   .text.USBD_LL_FlushEP:00000000 USBD_LL_FlushEP
C:\Users\Nathan\AppData\Local\Temp\ccTr5KrK.s:1109   .text.USBD_LL_StallEP:00000000 $t
C:\Users\Nathan\AppData\Local\Temp\ccTr5KrK.s:1115   .text.USBD_LL_StallEP:00000000 USBD_LL_StallEP
C:\Users\Nathan\AppData\Local\Temp\ccTr5KrK.s:1148   .text.USBD_LL_ClearStallEP:00000000 $t
C:\Users\Nathan\AppData\Local\Temp\ccTr5KrK.s:1154   .text.USBD_LL_ClearStallEP:00000000 USBD_LL_ClearStallEP
C:\Users\Nathan\AppData\Local\Temp\ccTr5KrK.s:1187   .text.USBD_LL_IsStallEP:00000000 $t
ARM GAS  C:\Users\Nathan\AppData\Local\Temp\ccTr5KrK.s 			page 68


C:\Users\Nathan\AppData\Local\Temp\ccTr5KrK.s:1193   .text.USBD_LL_IsStallEP:00000000 USBD_LL_IsStallEP
C:\Users\Nathan\AppData\Local\Temp\ccTr5KrK.s:1241   .text.USBD_LL_SetUSBAddress:00000000 $t
C:\Users\Nathan\AppData\Local\Temp\ccTr5KrK.s:1247   .text.USBD_LL_SetUSBAddress:00000000 USBD_LL_SetUSBAddress
C:\Users\Nathan\AppData\Local\Temp\ccTr5KrK.s:1280   .text.USBD_LL_Transmit:00000000 $t
C:\Users\Nathan\AppData\Local\Temp\ccTr5KrK.s:1286   .text.USBD_LL_Transmit:00000000 USBD_LL_Transmit
C:\Users\Nathan\AppData\Local\Temp\ccTr5KrK.s:1319   .text.USBD_LL_PrepareReceive:00000000 $t
C:\Users\Nathan\AppData\Local\Temp\ccTr5KrK.s:1325   .text.USBD_LL_PrepareReceive:00000000 USBD_LL_PrepareReceive
C:\Users\Nathan\AppData\Local\Temp\ccTr5KrK.s:1358   .text.USBD_LL_GetRxDataSize:00000000 $t
C:\Users\Nathan\AppData\Local\Temp\ccTr5KrK.s:1364   .text.USBD_LL_GetRxDataSize:00000000 USBD_LL_GetRxDataSize
C:\Users\Nathan\AppData\Local\Temp\ccTr5KrK.s:1389   .text.HAL_PCDEx_LPM_Callback:00000000 $t
C:\Users\Nathan\AppData\Local\Temp\ccTr5KrK.s:1395   .text.HAL_PCDEx_LPM_Callback:00000000 HAL_PCDEx_LPM_Callback
C:\Users\Nathan\AppData\Local\Temp\ccTr5KrK.s:1465   .text.HAL_PCDEx_LPM_Callback:00000040 $d
C:\Users\Nathan\AppData\Local\Temp\ccTr5KrK.s:1470   .text.USBD_LL_Delay:00000000 $t
C:\Users\Nathan\AppData\Local\Temp\ccTr5KrK.s:1476   .text.USBD_LL_Delay:00000000 USBD_LL_Delay
C:\Users\Nathan\AppData\Local\Temp\ccTr5KrK.s:1497   .text.USBD_static_malloc:00000000 $t
C:\Users\Nathan\AppData\Local\Temp\ccTr5KrK.s:1503   .text.USBD_static_malloc:00000000 USBD_static_malloc
C:\Users\Nathan\AppData\Local\Temp\ccTr5KrK.s:1522   .text.USBD_static_malloc:00000004 $d
C:\Users\Nathan\AppData\Local\Temp\ccTr5KrK.s:1551   .bss.mem.0:00000000 mem.0
C:\Users\Nathan\AppData\Local\Temp\ccTr5KrK.s:1527   .text.USBD_static_free:00000000 $t
C:\Users\Nathan\AppData\Local\Temp\ccTr5KrK.s:1533   .text.USBD_static_free:00000000 USBD_static_free
C:\Users\Nathan\AppData\Local\Temp\ccTr5KrK.s:1548   .bss.mem.0:00000000 $d
C:\Users\Nathan\AppData\Local\Temp\ccTr5KrK.s:1555   .bss.hpcd_USB_FS:00000000 $d

UNDEFINED SYMBOLS
SystemClock_Config
memset
HAL_RCCEx_PeriphCLKConfig
HAL_GPIO_Init
HAL_NVIC_SetPriority
HAL_NVIC_EnableIRQ
Error_Handler
HAL_GPIO_DeInit
HAL_NVIC_DisableIRQ
USBD_LL_SetupStage
USBD_LL_DataOutStage
USBD_LL_DataInStage
USBD_LL_SOF
USBD_LL_SetSpeed
USBD_LL_Reset
USBD_LL_Suspend
USBD_LL_Resume
USBD_LL_IsoOUTIncomplete
USBD_LL_IsoINIncomplete
USBD_LL_DevConnected
USBD_LL_DevDisconnected
HAL_PWREx_EnableVddUSB
HAL_PCD_Init
HAL_PCDEx_PMAConfig
HAL_PCD_DeInit
HAL_PCD_Start
HAL_PCD_Stop
HAL_PCD_EP_Open
HAL_PCD_EP_Close
HAL_PCD_EP_Flush
HAL_PCD_EP_SetStall
HAL_PCD_EP_ClrStall
HAL_PCD_SetAddress
ARM GAS  C:\Users\Nathan\AppData\Local\Temp\ccTr5KrK.s 			page 69


HAL_PCD_EP_Transmit
HAL_PCD_EP_Receive
HAL_PCD_EP_GetRxCount
HAL_Delay
