:020000040800F2
:1000000000000320E17800082B5300082D5300085E
:100010002F5300083153000833530008000000003C
:100020000000000000000000000000003553000840
:100030003753000800000000395300083B53000804
:1000400039790008397900083979000839790008C8
:1000500039790008397900083979000839790008B8
:1000600039790008397900083979000839790008A8
:100070003979000839790008397900083979000898
:100080003979000839790008397900083979000888
:100090004553000839790008397900083979000892
:1000A0003979000839790008397900083979000868
:1000B0003979000839790008397900083979000858
:1000C0003979000839790008397900083979000848
:1000D0003979000839790008397900083979000838
:1000E0003979000839790008397900083979000828
:1000F0003979000839790008397900083979000818
:100100003979000839790008397900083979000807
:1001100039790008397900083979000839790008F7
:1001200039790008397900083979000839790008E7
:0C01300039790008397900083979000895
:1001400001F0FF01102A2BDB10F0070F08D010F888
:10015000013B013A8B422DD010F0070F42B3F6D18C
:10016000F0B441EA012141EA014122F007047FF0A5
:1001700000070023F0E80256083C85EA010586EAFC
:10018000010685FA47F5A3FA87F586FA47F6A5FA38
:1001900087F68EB9EED1F0BC01F0FF0102F0070244
:1001A00032B110F8013B013A83EA010313B1F8D1EF
:1001B0000020704701387047002D06BF35460338D0
:1001C000073815F0010F07D1013015F4807F02BF09
:1001D000013015F4C03F0130F0BC0138704700BF5A
:1001E000034613F8012B002AFBD1181A0138704777
:1001F00081F0004102E000BF83F0004330B54FEAD8
:1002000041044FEA430594EA050F08BF90EA020F44
:100210001FBF54EA000C55EA020C7FEA645C7FEAD7
:10022000655C00F0E2804FEA5454D4EB5555B8BFFA
:100230006D420CDD2C4480EA020281EA030382EA6B
:10024000000083EA010180EA020281EA0303362DFD
:1002500088BF30BD11F0004F4FEA01314FF4801CD0
:100260004CEA113102D0404261EB410113F0004FE2
:100270004FEA03334CEA133302D0524263EB430399
:1002800094EA050F00F0A780A4F10104D5F1200E37
:100290000DDB02FA0EFC22FA05F2801841F1000192
:1002A00003FA0EF2801843FA05F359410EE0A5F166
:1002B00020050EF1200E012A03FA0EFC28BF4CF097
:1002C000020C43FA05F3C01851EBE37101F000454D
:1002D00007D54FF0000EDCF1000C7EEB00006EEB5A
:1002E0000101B1F5801F1BD3B1F5001F0CD34908E4
:1002F0005FEA30004FEA3C0C04F101044FEA44523B
:1003000012F5800F80F09A80BCF1004F08BF5FEAC1
:10031000500C50F1000041EB045141EA050130BDA1
:100320005FEA4C0C404141EB0101013C28BFB1F5B3
:10033000801FE9D291F0000F04BF01460020B1FAFE
:1003400081F308BF2033A3F10B03B3F120020CDAD1
:100350000C3208DD02F1140CC2F10C0201FA0CF0AF
:1003600021FA02F10CE002F11402D8BFC2F1200C14
:1003700001FA02F120FA0CFCDCBF41EA0C019040CA
:10038000E41AA2BF01EB0451294330BD6FEA040413
:100390001F3C1CDA0C340EDC04F11404C4F12002FE
:1003A00020FA04F001FA02F340EA030021FA04F310
:1003B00045EA030130BDC4F10C04C4F1200220FA67
:1003C00002F001FA04F340EA0300294630BD21FAA5
:1003D00004F0294630BD94F0000F83F4801306BF6B
:1003E00081F480110134013D4EE77FEA645C18BF5F
:1003F0007FEA655C29D094EA050F08BF90EA020FF6
:1004000005D054EA000C04BF1946104630BD91EAED
:10041000030F1EBF0021002030BD5FEA545C05D1F0
:100420004000494128BF41F0004130BD14F580042F
:100430003CBF01F5801130BD01F0004545F0FE41A3
:1004400041F470014FF0000030BD7FEA645C1ABFD8
:10045000194610467FEA655C1CBF0B46024650EA0F
:10046000013406BF52EA033591EA030F41F400213B
:1004700030BD00BF90F0000F04BF0021704730B5C1
:100480004FF4806404F132044FF000054FF0000196
:1004900050E700BF90F0000F04BF0021704730B557
:1004A0004FF4806404F1320410F0004548BF40422C
:1004B0004FF000013EE700BF42004FEAE2014FEA81
:1004C00031014FEA02701FBF12F07F4393F07F4F5C
:1004D00081F06051704732F07F4208BF704793F05F
:1004E0007F4F04BF41F40021704730B54FF4607472
:1004F00001F0004521F000411CE700BF50EA010275
:1005000008BF704730B54FF000050AE050EA01021D
:1005100008BF704730B511F0004502D5404261EB8D
:1005200041014FF4806404F132045FEA915C3FF4CE
:10053000D8AE4FF003025FEADC0C18BF03325FEA6B
:10054000DC0C18BF033202EBDC02C2F1200300FA1C
:1005500003FC20FA02F001FA03FE40EA0E0021FA41
:1005600002F11444BDE600BF70B54FF0FF0C4CF42F
:10057000E06C1CEA11541DBF1CEA135594EA0C0FE1
:1005800095EA0C0F00F0DEF82C4481EA030621EA1C
:100590004C5123EA4C5350EA013518BF52EA033557
:1005A00041F4801143F4801338D0A0FB02CE4FF009
:1005B0000005E1FB02E506F00042E0FB03E54FF039
:1005C0000006E1FB03569CF0000F18BF4EF0010E31
:1005D000A4F1FF04B6F5007F64F5407404D25FEA2D
:1005E0004E0E6D4146EB060642EAC62141EA5551E0
:1005F0004FEAC52040EA5E504FEACE2EB4F1FD0C22
:1006000088BFBCF5E06F1ED8BEF1004F08BF5FEA9F
:10061000500E50F1000041EB045170BD06F0004651
:1006200046EA010140EA020081EA0301B4EB5C04FE
:10063000C2BFD4EB0C0541EA045170BD41F48011F6
:100640004FF0000E013C00F3AB8014F1360FDEBF1B
:10065000002001F0004170BDC4F10004203C35DAF7
:100660000C341BDC04F11404C4F1200500FA05F37A
:1006700020FA04F001FA05F240EA020001F000421B
:1006800021F0004110EBD37021FA04F642EB060191
:100690005EEA430E08BF20EAD37070BDC4F10C04BB
:1006A000C4F1200500FA04F320FA05F001FA04F27F
:1006B00040EA020001F0004110EBD37041F100016B
:1006C0005EEA430E08BF20EAD37070BDC4F1200576
:1006D00000FA05F24EEA020E20FA04F301FA05F2DE
:1006E00043EA020321FA04F001F0004121FA04F286
:1006F00020EA020000EBD3705EEA430E08BF20EA56
:10070000D37070BD94F0000F0FD101F0004640008F
:1007100041EB010111F4801F08BF013CF7D041EA11
:10072000060195F0000F18BF704703F00046520015
:1007300043EB030313F4801F08BF013DF7D043EAE6
:100740000603704794EA0C0F0CEA135518BF95EA9C
:100750000C0F0CD050EA410618BF52EA4306D1D123
:1007600081EA030101F000414FF0000070BD50EA42
:10077000410606BF1046194652EA430619D094EACC
:100780000C0F02D150EA013613D195EA0C0F05D1B6
:1007900052EA03361CBF104619460AD181EA03010A
:1007A00001F0004141F0FE4141F470014FF00000C2
:1007B00070BD41F0FE4141F4780170BD70B54FF05D
:1007C000FF0C4CF4E06C1CEA11541DBF1CEA1355DD
:1007D00094EA0C0F95EA0C0F00F0A7F8A4EB0504BF
:1007E00081EA030E52EA03354FEA013100F08880B6
:1007F0004FEA03334FF0805545EA131343EA12637F
:100800004FEA022245EA111545EA10654FEA002633
:100810000EF000419D4208BF964244F1FD0404F5EC
:10082000407402D25B084FEA3202B61A65EB030548
:100830005B084FEA32024FF480104FF4002CB6EB05
:10084000020E75EB030E22BFB61A754640EA0C0085
:100850005B084FEA3202B6EB020E75EB030E22BFC5
:10086000B61A754640EA5C005B084FEA3202B6EB06
:10087000020E75EB030E22BFB61A754640EA9C00C5
:100880005B084FEA3202B6EB020E75EB030E22BF95
:10089000B61A754640EADC0055EA060E18D04FEA53
:1008A000051545EA16754FEA06164FEAC30343EAF3
:1008B00052734FEAC2025FEA1C1CC0D111F4801FC0
:1008C0000BD141EA00014FF000004FF0004CB6E7B9
:1008D00011F4801F04BF01430020B4F1FD0C88BF58
:1008E000BCF5E06F3FF6AFAEB5EB030C04BFB6EB63
:1008F000020C5FEA500C50F1000041EB045170BD56
:100900000EF0004E4EEA113114EB5C04C2BFD4EB82
:100910000C0541EA045170BD41F480114FF0000E06
:10092000013C90E645EA060E8DE60CEA135594EA82
:100930000C0F08BF95EA0C0F3FF43BAF94EA0C0F85
:100940000AD150EA01347FF434AF95EA0C0F7FF4FA
:1009500025AF104619462CE795EA0C0F06D152EA4E
:1009600003353FF4FDAE1046194622E750EA410632
:1009700018BF52EA43067FF4C5AE50EA41047FF443
:100980000DAF52EA43057FF4EBAE12E74FF0FF3CA8
:1009900006E000BF4FF0010C02E000BF4FF0010C79
:1009A0004DF804CD4FEA410C7FEA6C5C4FEA430CF2
:1009B00018BF7FEA6C5C1BD001B050EA410C0CBF41
:1009C00052EA430C91EA030F02BF90EA020F0020A3
:1009D000704710F1000F91EA030F58BF994208BF0A
:1009E00090422CBFD8176FEAE37040F001007047C7
:1009F0004FEA410C7FEA6C5C02D150EA013C07D11E
:100A00004FEA430C7FEA6C5CD6D152EA033CD3D068
:100A10005DF8040B704700BF8446104662468C4662
:100A20001946634600E000BF01B5FFF7B7FF002895
:100A300048BF10F1000F01BD4DF808EDFFF7F4FFBE
:100A40000CBF012000205DF808FB00BF4DF808ED49
:100A5000FFF7EAFF34BF012000205DF808FB00BF6C
:100A60004DF808EDFFF7E0FF94BF012000205DF88E
:100A700008FB00BF4DF808EDFFF7CEFF94BF012043
:100A800000205DF808FB00BF4DF808EDFFF7C4FF3C
:100A900034BF012000205DF808FB00BF4FEA410C85
:100AA0007FEA6C5C02D150EA013C0AD14FEA430C68
:100AB0007FEA6C5C02D152EA033C02D14FF00000A5
:100AC00070474FF0010070474FEA410212F50012E3
:100AD00015D211D56FF47873B3EB625212D94FEA85
:100AE000C12343F0004343EA505311F0004F23FA6F
:100AF00002F018BF404270474FF00000704750EAC4
:100B0000013005D111F0004008BF6FF00040704780
:100B10004FF00000704700BF4FEA4102B2F1E043DE
:100B200024BFB3F5001CDCF1FE5C0DD901F0004CD4
:100B30004FEAC0024CEA5070B2F1004F40EB830024
:100B400008BF20F00100704711F0804F21D113F150
:100B50003872BCBF01F00040704741F480114FEA89
:100B60005252C2F11802C2F1200C10FA0CF320FA12
:100B700002F018BF40F001004FEAC1234FEAD3232F
:100B800003FA0CFC40EA0C0023FA02F34FEA430399
:100B9000CCE77FEA625307D150EA01331EBF4FF022
:100BA000FE4040F44000704701F0004040F0FE403D
:100BB00040F40000704700BF08B5064B1A783AB9F8
:100BC000054A1AB10548AFF30080024B01221A70A2
:100BD00008BD00BFCC020020000000002CA60008C9
:100BE00008B5034B1BB103490348AFF3008008BDB0
:100BF00000000000D00200202CA600080F2A2FD8E9
:100C00002DE9F0438BB004468846154699460132DB
:100C100006AE17460021304607F028FC68F07F0238
:100C20008DF8182000222189606801F049FB6423B7
:100C300000933B4602AA3146206804F0EFF90646CD
:100C400001222189606801F03BFB66B92A460DF15B
:100C50000901484607F089FC30460BB0BDE8F08337
:100C60004FF0FF3070476FF00100F6E700B583B03A
:100C700000238DF807300DF107030122FFF7BEFFB7
:100C80009DF8070003B000BD30B585B0044601F003
:100C90007F018DF80C108DF80D200022018940682D
:100CA00001F00EFB64230093022302AA03A920682B
:100CB00004F0B4F9054601222189606801F000FBC7
:100CC00015B9284605B030BD4FF0FF30FAE708B53A
:100CD0000021FFF7CBFF08BD10B5044601220189B2
:100CE000406801F0EDFA00222189606801F0E8FA1D
:100CF000012001F077F901222189606801F0E0FA12
:100D0000012001F06FF900212046FFF7AFFF01201D
:100D100001F068F9682202212046FFF7B5FF0120A3
:100D200001F060F9332203212046FFF7ADFF732263
:100D300004212046FFF7A8FF002206212046FFF7E6
:100D4000A3FF032208212046FFF79EFFC82001F0E1
:100D500049F94FF06853E3604FF076532361002068
:100D600010BD000070B584B004460E4600238DF817
:100D70000F3001F02BF905469DF80F3003F0030307
:100D8000032B11D00DF10F0301222E212046FFF776
:100D900035FF0028C0F28A8001F018F9401B0A28AC
:100DA000EAD96FF001007FE06B460E223321204626
:100DB000FFF724FF00287CDB9DF801301B021BB2EB
:100DC0009DF80020134307EE903A9DF803301B0274
:100DD0001BB29DF80220134304EE903A9DF80530B3
:100DE0001B021BB29DF80420134305EE103A9DF838
:100DF00007301B021BB29DF80620134305EE903A04
:100E00009DF809301B021BB29DF80820134306EE23
:100E1000103A9DF80B301B021BB29DF80A201343B9
:100E200006EE903A9DF80D301B021BB29DF80C2087
:100E3000134307EE103A94ED034AF8EEE44A64EEE9
:100E4000844AC6ED004AD4ED034AB8EEC55A25EEF1
:100E5000245A86ED015A94ED035AF8EEE55A65EEF0
:100E6000855AC6ED025AD4ED045AB8EEC66A26EE8B
:100E7000256A86ED036A94ED046AF8EEE66A66EE8A
:100E8000866AC6ED046AD4ED046AB8EEC77A27EE26
:100E9000267A86ED057AF8EEE77A9FED077A67EE17
:100EA000877AC6ED067A002004B070BD4FF0FF309F
:100EB000FAE76FF00200F7E70000803B50B182686C
:100EC0005AB1C26862B103690BB1002070474FF09C
:100ED000FF3070474FF0FF3070474FF0FF307047E2
:100EE0004FF0FF307047A0F15003DBB2012B02D866
:100EF0000870002070476FF0020070472DE9F04144
:100F000006460D4690461C461846FFF7D7FF88B99F
:100F100007469DB1637D13B946F080031E466368A2
:100F2000424629463046A568A847207550B938463C
:100F3000BDE8F0814FF0FF331F46F8E74FF0FF3375
:100F40001F46F4E76FF001031F46F0E738B108B51C
:100F50000B46014601222820FFF7D0FF08BD4FF0C5
:100F6000FF3070472DE9F04781460E4690461D46FA
:100F70001846FFF7A3FF28BB82463EB36C7D7CB9C1
:100F800004EB09006B6801223119C0B2EF68B84761
:100F900028750134E4B2444506D20028F0D003E0BD
:100FA000013CE4B2012C05D995F9143093B95046AF
:100FB000BDE8F087EC686B68424631464846A0477A
:100FC0002875F1E74FF0FF339A46F0E74FF0FF3313
:100FD0009A46ECE76FF001039A46E8E710B582B055
:100FE0000346044601220DF107013720FFF786FF73
:100FF00008B102B010BD9DF8073003F07F028DF8F4
:10100000072003F0030343F070038DF807302346F5
:1010100001220DF107013720FFF7A4FF0028E8D1D6
:10102000234601220DF107013120FFF767FF002859
:10103000DFD19DF8073003F0C0038DF80730234659
:1010400001220DF107013120FFF78CFF0028D0D1DC
:10105000234601220DF107011820FFF74FFF00285A
:10106000C7D19DF8073003F0FC038DF80730234605
:1010700001220DF107011820FFF774FFB9E730B521
:1010800083B004460B460D4601220DF107013720BF
:10109000FFF734FF08B103B030BD9DF8073043F0CF
:1010A00080028DF8072023F0030363F07F0304F030
:1010B000030018438DF807002B4601220DF10701AC
:1010C0003720FFF74FFFE6E730B583B004460B4605
:1010D0000D46022201A93020FFF710FF08B103B02E
:1010E00030BD9DF80420A378DB0003F0080322F054
:1010F00008021A438DF80420E3785B0103F0200313
:1011000022F020021A438DF8042023799B0003F07B
:10111000040322F004021A438DF8042023788DF88A
:1011200005306278D20002F0380223F0380313430E
:101130008DF805302B46022201A93020FFF712FF5F
:10114000CDE738B108B50B46014601222720FFF74D
:10115000D5FE08BD4FF0FF30704710B582B0044691
:1011600001460DF10700FFF7F1FE90B99DF8073039
:1011700013F0020F0FD013F0040F0FD121460DF121
:101180000600FFF7DEFF20B99DF8063013F0100FC0
:1011900007D002B010BD6FF00400FAE76FF0040052
:1011A000F7E76FF00400F4E710B582B00446FFF7EC
:1011B00085FE034618B92070627D1AB15BB11846EE
:1011C00002B010BD234601220DF107011046FFF7C2
:1011D00095FE0346F2E7234601220DF10601104673
:1011E000FFF78CFE03460028E9D19DF8063063B175
:1011F0002046FFF7B2FF03460028E0D121469DF8C4
:101200000600FFF770FE0346D9E76FF00303D6E749
:1012100070B582B004460D46134669460020009022
:10122000ADF8040006221D20FFF768FE0646C8B987
:101230009DF802309DF80100000240EA03409DF84D
:101240000030184340F31700FFF724F90022114B38
:10125000FFF78AF9FFF760FC6060AB78012B04D0E0
:1012600000232360304602B070BD9DF805209DF834
:1012700004301B0243EA02439DF803001843FFF7C2
:10128000F9F80022044BFFF76FF9FFF745FC2060E7
:10129000E8E700BF0000F03E0000903F00283AD091
:1012A00030B583B00D4604460B4601220DF107010F
:1012B0001520FFF723FE08B103B030BD9DF80730BD
:1012C000227802F0010223F001031A438DF807206F
:1012D00063785B0003F0020322F002021A438DF8E8
:1012E0000720A3789B0003F0040322F004021A43B2
:1012F0008DF80720E378DB0003F0080322F00802F2
:101300001A438DF807202B4601220DF10701152005
:10131000FFF728FED0E74FF0FF307047F0B583B0FD
:1013200004460D4616461F464FF0000C8DF807C0C8
:101330008DF806C08DF805C0089B01220DF107014C
:101340001420FFF7DBFD08B103B0F0BD089B0122BC
:101350000DF106011520FFF705FE0028F4D1089BCA
:1013600001220DF105012720FFF7C8FD0028EBD170
:101370009DF8072022F0010204F001031A438DF8C2
:1013800007206B0003F0020322F002021A438DF8DB
:101390000720B30003F0040322F004021A438DF87F
:1013A0000720FB0003F0080322F008021A438DF81F
:1013B0000720089B01220DF107011420FFF7D2FD41
:1013C000C2E7D8B110B582B00B460446022201A98B
:1013D0003620FFF793FD78B99DF8043003F007023B
:1013E0002270C3F3C2026270C3F38013A3709DF82E
:1013F0000530C3F38403E37002B010BD4FF0FF303B
:101400007047E8B110B582B00B460446022201A92C
:101410003020FFF773FD9DF80430C3F3C002A270C3
:10142000C3F34012E270C3F3800323719DF80530CB
:1014300003F007022270C3F3C203637002B010BD51
:101440004FF0FF30704730B585B005460C4600239D
:1014500002938DF80C3001930B4601220DF10F0120
:101460001820FFF74BFD9DF80F3003F003038DF8B4
:101470000F3080B19DF80730182B0AD99DF80F3036
:101480003BB99DF8083023B99DF809300BB9042306
:101490002B7005B030BD214601A8FFF792FF002850
:1014A000E8D1214602A8FFF7ACFFE3E788B330B5E7
:1014B00083B00D4604460B4601220DF1070137208B
:1014C000FFF71CFD58B99DF8072002F00303022B1B
:1014D0001CD009D883B1012B03D10123237003B0A1
:1014E00030BD6FF00600FAE7032B02D1032323700F
:1014F000F5E76FF00600F2E7D20902D0002323706F
:10150000EDE729462046FFF79EFFE8E70223237018
:10151000E5E74FF0FF30704770B582B006460C46E5
:101520000DF10700FFF7C2FF054640B99DF80730EF
:1015300043B925B9032E11D873B2B3B9DEB9284621
:1015400002B070BD2146FFF79AFD05460028F6D18E
:101550002369616840F6C4109847EAE7042E0ED16B
:101560002046FFF73BFD0546E9E721463046FFF7F9
:1015700086FD0546E3E76FF006031D46DFE76FF0E3
:1015800006031D46DBE710B582B0014604460DF1A7
:101590000700FFF78BFF18B99DF80730042B01D027
:1015A00002B010BD21460020FFF7B6FFF8E730B5C6
:1015B00083B00023ADF80430002843D00D46044624
:1015C000C378172B04D80846FFF7DDFF034638B968
:1015D0002B46022201A93620FFF790FC034610B1EA
:1015E000184603B030BD9DF80420237803F00703AC
:1015F00022F0070213438DF804306278D20002F023
:10160000380223F0380313438DF80430A278920196
:1016100002F0400223F0400313438DF804309DF89C
:101620000530E278920002F07C0223F07C03134341
:101630008DF805302B46022201A93620FFF792FCD7
:101640000346CDE74FF0FF33CAE788B330B583B028
:101650000C46054603780BB9437823B12046FFF7C3
:1016600092FF034650B921460DF10700FFF71EFF18
:10167000034618B99DF807201AB93BB1184603B0C4
:1016800030BD2146FFF748FF0346F6E721462846CE
:10169000FFF71AFD03460028F0D19DF80700002847
:1016A000ECD00428EAD02146FFF736FF0346E5E7F1
:1016B0004FF0FF331846704708B500F2E73305488E
:1016C000A0FB03208009B3F57A7F00D2012000F04F
:1016D00089FC08BDD34D621000B585B00B4B93F863
:1016E00000C04FF0FF33029392B2019200910123A8
:1016F00002460CFA03F10648006801F018F808B930
:1017000005B000BD6FF00100FAE700BFE80200205D
:10171000EC02002000B585B00B4B93F800C04FF0F1
:10172000FF33029392B201920091012302460CFA18
:1017300003F10648006801F0C9F808B905B000BD1A
:101740006FF00100FAE700BFE8020020EC02002081
:1017500080B191B10A4A11600A4A462111700A49C2
:1017600081600A49C1600A490161012141754260F5
:10177000002070474FF0FF3070474FF0FF30704748
:10178000EC020020E802002015170008D916000816
:10179000B91600082DE9F0438BB005AD002405947F
:1017A00006940794089409944FF0B043DA6C42F021
:1017B0000402DA64DA6C02F004020492049ADA6C2D
:1017C00042F00202DA64DA6C02F002020392039A37
:1017D000DA6C42F00102DA64DA6C02F00102029281
:1017E000029ADA6C42F00802DA64DB6C03F0080358
:1017F0000193019B1C4F01224FF40051384600F029
:101800005FFDDFF86C9001220221484600F058FD90
:101810004FF400530593012606960796089429462F
:10182000384600F073FC05964FF48818CDF8188000
:1018300007942946384600F069FC02230593069672
:101840000794032308932946484600F05FFCC02311
:101850000593CDF8188007942946044800F056FCFB
:101860000BB0BDE8F08300BF00080048000400484A
:10187000000C004808B51248124B0360124B43603D
:10188000002383600122C260036143618361C361FD
:10189000036200F0E8FE50B90021094801F09EF90A
:1018A00040B90021064801F0C6F930B908BD00F082
:1018B00021F9F1E700F01EF9F3E700F01BF9F5E775
:1018C000F002002000540040B57DB11010B59CB06E
:1018D000044600211791189119911A911B915022D9
:1018E00003A806F0C3FD2268194B9A4201D01CB030
:1018F00010BD042303934FF440330B9303A803F06C
:101900008EF810BB4FF0B044E36C43F00203E36485
:10191000E36C03F002030293029B4FF440731793AE
:1019200012231893002319931A9304231B9317A9C6
:10193000084800F0EBFBA36D43F40013A365A36D0F
:1019400003F400130193019BD1E700F0D3F8D9E72A
:10195000005400400004004810B582B00346084C13
:101960000091084A4FF48071204606F009FD81B2CB
:10197000204604F08DFF0A2000F034FB02B010BDB9
:101980004403002074A6000830B587B04C494D4888
:10199000FFF7DEFE044601464B48FFF7DDFF14B1BA
:1019A000204607B030BDB6238DF80B30454B0122E1
:1019B0000DF10B017E20FFF7D5FA0446014643489E
:1019C000FFF7CAFF002CEBD1052000F00BFB2546EA
:1019D000022D0DDC3B48FFF7E7FB044601463C487F
:1019E000FFF7BAFF24B10A2000F0FCFA0135EFE757
:1019F000002CD5D133492046FFF78EFD0446014621
:101A00003448FFF7A9FF002CCAD12E493248FFF70E
:101A1000D8FC044601463148FFF79EFF002CBFD199
:101A20002D480F23C3700123837006230370022304
:101A300043702449FFF7BBFD044601462848FFF7E1
:101A40008BFF002CACD101238DF810308DF81130B4
:101A50008DF812308DF813301A4904A8FFF7F5FD00
:101A6000044601461F48FFF777FF002C98D1154B1D
:101A700000930123224619462046FFF74FFC0446F7
:101A800001461948FFF768FF002C89D10394012310
:101A90008DF80C300B4903A8FFF700FC0446014603
:101AA0001248FFF759FF002C7FF47AAF0549012057
:101AB000FFF732FD044601460D48FFF74DFF6FE783
:101AC000F00200205004002084A6000898A6000818
:101AD000ACA60008B8A600084C040020CCA600085C
:101AE000DCA60008ECA60008FCA6000810A7000869
:101AF00024A7000872B6FEE710B59AB008AC4822D9
:101B00000021204606F0B2FC0023019302930393C8
:101B100004930593069307931F490A6822F4C06251
:101B200042F400720A600A6802F4C0620092009AED
:101B3000222208924FF480720B9201220F924021D0
:101B40000C9110936021119102211391149215931D
:101B5000202316934FF4003317934FF0005319933B
:101B60004FF000731893204602F0B4F978B96F2350
:101B70000193032102910390049005908022069224
:101B8000079001A802F034FD18B91AB010BDFFF794
:101B9000B1FFFFF7AFFF00BF0004005810B594B0CD
:101BA00050220021684606F061FC4FF40053009378
:101BB00010231393684602F032FF08B914B010BD29
:101BC000FFF798FF2DE9F04790B000F0DBF9FFF741
:101BD00093FFFFF7E3FFFFF7DDFDFFF74BFE00F09C
:101BE0004FF904F089FB4FF4FA6000F0FBF9914BD8
:101BF000914A07CA83E807000B21184604F048FE03
:101C00000A2000F0EFF90824002501E00134E4B2D5
:101C1000772C19D80A2302226100884800F02AFF95
:101C20000028F3D1834E2346854A4FF48071304615
:101C300006F0A6FB0C21304604F02AFE0A2000F034
:101C4000D1F90135EDB2E1E7002D56D0794C2B46A4
:101C50007C4A4FF48071204606F092FB81B2204608
:101C600004F016FE0A2000F0BDF9774D774B2B608B
:101C7000774B6B6002232B812846FFF728F8034639
:101C800005220092734A4FF48071204606F078FBDB
:101C90002A21204604F0FCFD0A2000F0A3F9284682
:101CA000FFF71AF803466C4A4FF48071204606F09D
:101CB00067FB81B2204604F0EBFD0A2000F092F9A8
:101CC000FFF762FE054600287FD05A4C2B46634A38
:101CD0004FF48071204606F053FB81B2204604F099
:101CE000D7FD0A2000F07EF900246B42A34216DCE7
:101CF00040F2DC5000F076F9E7E74E4F3C46584E94
:101D00000FCE0FC496E8030044F8040B2180152180
:101D1000384604F0BDFD0A2000F064F996E7514E04
:101D200000224FF40051304600F0CAFA642000F05F
:101D300059F901224FF40051304600F0C1FA6420F5
:101D400000F050F90134D0E7474B1D685E689F688A
:101D5000D3F80C80D3F81090D3F814A0354C9869C0
:101D6000FEF7AAFBCDE90C015046FEF7A5FBCDE935
:101D70000A014846FEF7A0FBCDE908014046FEF700
:101D80009BFBCDE906013846FEF796FBCDE9040141
:101D90003046FEF791FBCDE902012846FEF78CFBA9
:101DA000CDE90001314A4FF48071204606F0E8FA8F
:101DB00081B2204604F06CFD0DE04FF4005129483B
:101DC00000F083FA642000F00DF927491E48FEF761
:101DD000C9FF0028B8D000238DF83F3024490DF109
:101DE0003F00FFF7AEF90028E7D19DF83F3013F030
:101DF000010FE2D01E4A1F491F48FFF709FA0028C9
:101E0000DBD11D4B1D680B4C5868FEF755FBCDE927
:101E100002012846FEF750FBCDE90001174A4FF4B6
:101E20008071204606F0ACFA81B2204604F030FD05
:101E3000C3E700BF4403002038A70008F0020020D9
:101E400044A700086CA70008840400209804002020
:101E5000000C004888A70008B8A70008D4A700080D
:101E600054A700080008004868040020ECA70008F8
:101E7000500400204C0400204404002018A800084E
:101E800008B51148114B03604FF48273436000237F
:101E900083604FF4E062C26002220261012242616B
:101EA0004FF4007282613022C26103624362836236
:101EB0000722C2620363436303F041F800B908BD1F
:101EC000FFF718FEFBE700BF980400200030014038
:101ED00000B589B0002303930493059306930793F9
:101EE0000268124B9A4201D009B000BD4FF0B043D6
:101EF0001A6E42F480521A661A6E02F480520292EE
:101F0000029ADA6C42F00202DA64DB6C03F002033C
:101F10000193019B38230393022304930523079322
:101F200003A9034800F0F2F8DEE700BF00300140EB
:101F300000040048114B1B780BB90120704710B505
:101F4000044601F0B7FF0D4B1A784FF47A73B3FBD8
:101F5000F2F3B0FBF3F000F0C5F868B90F2C01D92B
:101F600001200AE0024621464FF0FF3000F0A6F8BB
:101F7000034B1C60002000E0012010BD0800002081
:101F80000C00002010B50A4A136843F480731360F4
:101F9000032000F081F80F20FFF7CCFF18B10123D8
:101FA0001C46204610BD044600F070FEF9E700BF55
:101FB00000400058034B1B78034A11680B44136020
:101FC000704700BF08000020FC040020014B186887
:101FD000704700BFFC040020014B1868704700BF29
:101FE0000C00002038B50446FFF7F0FF0546B4F1B9
:101FF000FF3F02D0044B1B781C44FFF7E7FF401B58
:10200000A042FAD338BD00BF08000020002807DB3B
:1020100000F01F02400901239340024A42F8203099
:10202000704700BF00E100E0002808DB0901C9B2E9
:1020300000F1604000F5614080F80013704700F047
:102040000F000901C9B2014B1954704714ED00E0AB
:1020500000B500F00700A0F1030CBCF1040F07D895
:10206000C0F1070E0430062806D84FF0000C03E03C
:102070004FF0040E4FF0000C4FF0FF3303FA0EF058
:1020800021EA000101FA0CF103FA0CF322EA03023F
:1020900041EA020000BD0000074AD36823F4E06370
:1020A0001B041B0C000200F4E060034343F0BF6319
:1020B00043F40033D360704700ED00E010B50446F0
:1020C000054BD868C0F30220FFF7C2FF0146204647
:1020D000FFF7AAFF10BD00BF00ED00E008B5FFF755
:1020E00095FF08BD0138B0F1807F0BD24FF0E0239F
:1020F0005861054AF02182F82310002098610722D8
:102100001A6170470120704700ED00E070B5864607
:10211000002367E0DEF808405D000320A84024EAC1
:102120000004C868A8402043CEF80800DEF8044048
:1021300024EA0C044868C0F3001098402043CEF80D
:10214000040060E0DC0808345EF8240003F00705B2
:10215000AD004FF00F0C0CFA05FC20EA0C0C0869DE
:10216000A84040EA0C004EF8240062E0042000E0A1
:10217000002000FA0CF0284302344E4D45F82400AC
:102180004D480468D04324EA02054E6816F4801FC7
:1021900001D042EA0405484C2560646800EA040561
:1021A0004E6816F4001F01D042EA0405424C6560F7
:1021B000D4F8804000EA04054E6816F4803F01D050
:1021C00042EA04053C4CC4F88050D4F884402040D6
:1021D0004D6815F4003F01D042EA0400364AC2F8C7
:1021E000840001330A6832FA03F061D04FF0010C29
:1021F0000CFA03FC1CEA0202F3D0486800F003006A
:102200000138012886D9486800F0030003280BD064
:10221000DEF80C405D000320A84024EA0004886832
:10222000A8402043CEF80C00486800F003000228C4
:1022300088D0DEF800005C004FF0030C0CFA04FCC0
:1022400020EA0C0C486800F00300A04040EA0C00B3
:10225000CEF80000486810F4403FC2D09C08A51C8E
:10226000144850F8255003F0030C4FEA8C0C0F2053
:1022700000FA0CF025EA0005BEF1904F3FF478AF6C
:102280000E4886450ED000F5806086450CD000F5DE
:10229000806086450AD000F5806086453FF466AFD1
:1022A000072066E7012064E7022062E7032060E779
:1022B00070BD00BF00000140000800580004004845
:1022C0000AB18161704781627047436901EA030284
:1022D00021EA030141EA02418161704703689A697A
:1022E00012F0020F01D000229A6203689A6912F07C
:1022F000010F03D19A6942F001029A617047DDF83B
:1023000000C0C1F3090141EA0241194341EA0C014D
:1023100021F00041026853684FEA5C5C0CF4806C69
:102320004CF07F7C4CF4583C4CF47F7C4CF0030C1C
:1023300023EA0C030B43536070472DE9F041044638
:1023400003689E6916F010067CD00D469046102258
:10235000DA61002637462368986910F0200F30D1E3
:102360007FBBB5F1FF3FF6D0FFF730FE4346C01A02
:10237000A84201D8002DEED121684B6803F48043B8
:1023800094F84220D2B2886910F4004F02D00BB901
:10239000202A0ED123689B6913F0200FDBD1FFF7B1
:1023A00015FE4346C01A1928F4D946F02006012725
:1023B000D1E74B6843F480434B60FFF707FE80464C
:1023C000E8E70FB92022DA6146F004060125226809
:1023D000936913F4807F05D046F001064FF48071B5
:1023E000D161012513F4806F06D046F008062268FB
:1023F0004FF48061D161012513F4007F24D046F0B1
:10240000020623684FF40072DA6101252046FFF7C7
:1024100065FF2268536823F0FF7323F48B3323F4A2
:10242000FF7323F001035360636C33436364202321
:1024300084F84130002384F8423084F84030284644
:10244000BDE8F0810025C2E7002DF8D0DEE770B5C9
:1024500004460D46164623689B6913F0020F22D1ED
:10246000324629462046FFF768FFF0B9B5F1FF3F35
:10247000F1D0FFF7ABFD801BA84201D8002DEAD1B7
:1024800023689B6913F0020FE5D1636C43F02003CE
:102490006364202384F84130002384F8423084F8B8
:1024A0004030012000E0002070BD0120FCE72DE954
:1024B000F04104460F4616461D46DDF81880236895
:1024C0009B6937EA03030CBF01230023B34227D1E2
:1024D000424629462046FFF730FF20BBB5F1FF3FBB
:1024E000EDD0FFF773FDA0EB0800A84201D8002D46
:1024F000E5D123689B6937EA03030CBF012300235E
:10250000B342DCD1636C43F020036364202384F87E
:102510004130002384F8423084F84030012000E04C
:102520000020BDE8F0810120FBE7000070B582B01B
:10253000044616461D46184B00934FF08073EAB2CE
:10254000FFF7DDFE079A06992046FFF780FFE0B906
:10255000012D0DD12368F2B29A62079B0093069B6E
:10256000002280212046FFF7A2FF90B902B070BD83
:10257000330A22689362079A06992046FFF767FF9D
:1025800028B92368F2B29A62E7E70120EEE701205A
:10259000ECE70120EAE700BF0020008070B582B0C0
:1025A000044616461D46174B00930023EAB2FFF778
:1025B000A6FE079A06992046FFF749FFE0B9012DCC
:1025C0000DD12368F2B29A62079B0093069B00220A
:1025D00040212046FFF76BFF90B902B070BD330A6F
:1025E00022689362079A06992046FFF730FF28B9C0
:1025F0002368F2B29A62E7E70120EEE70120ECE7F8
:102600000120EAE70020008070B504460D4616461A
:1026100004E023689B6913F0200F12D023689B69A4
:1026200013F0200F1BD1324629462046FFF785FEC6
:10263000B8B9FFF7CBFC801BA842EAD8002DEDD13A
:10264000E7E7636C43F020036364202384F84130A0
:10265000002384F8423084F84030012000E000205C
:1026600070BD0120FCE700285FD010B5044690F84B
:102670004130002B48D0242384F84130226813686D
:1026800023F0010313606368226823F07063136111
:102690002268936823F400439360E368012B38D0E9
:1026A000A368226843F404439360E368022B36D0A6
:1026B0002268536823F4006353602268536843F030
:1026C000007343F4004353602268D36823F400434B
:1026D000D360236962691343A169226843EA012335
:1026E000D360E369216A22680B4313602268136890
:1026F00043F00103136000206064202384F841301C
:10270000206384F8420010BD80F84030FFF7DEF807
:10271000B1E7A368226843F400439360C5E72268E9
:10272000536843F400635360C7E7012070472DE905
:10273000F04383B00E469846BDF82C3090F8411017
:10274000202940F0B7800446174699460A9ABAB144
:10275000B3B190F84030012B00F0B0804FF001038E
:1027600080F84030FFF732FC054600901923012223
:102770004FF400412046FFF79AFE30B101209AE065
:102780004FF400736364012095E0212384F8413005
:10279000402384F8423060640A9A6262A4F82A9066
:1027A000606301950C9B009343463A4631462046B0
:1027B000FFF7BCFE68B9638D9BB2FF2B0ED9FF22D9
:1027C000228500904FF0807331462046FFF797FD39
:1027D00021E0002384F8403001206CE0628D92B249
:1027E0002285002300934FF00073D2B23146204679
:1027F000FFF785FD0FE0628D92B2228500230093E2
:102800004FF00073D2B231462046FFF778FD638D5A
:102810009BB2002B32D02A460C992046FFF717FEB8
:1028200000284DD1626A236812789A62636A013384
:102830006362638D9BB2013B9BB26385238D013B39
:102840009BB22385628D92B2002AE0D0002BDED1AC
:1028500000950C9B024680212046FFF728FE88BB8E
:10286000638D9BB2FF2BC6D9FF22228500904FF0CB
:10287000807331462046FFF742FDC8E72A460C998F
:102880002046FFF7C1FEF8B923682022DA612168EB
:102890004B6823F0FF7323F48B3323F4FF7323F08F
:1028A00001034B6084F84120002384F8423084F80F
:1028B000403000E0022003B0BDE8F0830220FAE7D8
:1028C0000120F8E70120F6E70120F4E72DE9F043C5
:1028D00083B00E469846BDF82C3090F84110202960
:1028E00040F0B9800446174699460A9ABAB1B3B186
:1028F00090F84030012B00F0B2804FF0010380F8D7
:102900004030FFF763FB05460090192301224FF486
:1029100000412046FFF7CBFD30B101209CE04FF491
:1029200000736364012097E0222384F84130402340
:1029300084F8423060640A9A6262A4F82A90606364
:1029400001950C9B009343463A4631462046FFF7DB
:1029500025FE70B9638D9BB2FF2B0FD9FF22228514
:10296000434B00934FF0807331462046FFF7C7FC7E
:1029700021E0002384F8403001206DE0628D92B2A6
:1029800022853B4B00934FF00073D2B23146204674
:10299000FFF7B5FC0FE0628D92B222850023009311
:1029A0004FF00073D2B231462046FFF7A8FC638D8A
:1029B0009BB2002B33D000950C9B002204212046B3
:1029C000FFF775FD00284CD123685A6A636A1A70B4
:1029D000636A01336362228D013A92B22285638D6C
:1029E0009BB2013B9BB26385638D9BB2002BDED013
:1029F000002ADCD100950C9B80212046FFF757FD73
:102A000088BB638D9BB2FF2BC5D9FF222285009026
:102A10004FF0807331462046FFF771FCC7E72A4626
:102A20000C992046FFF7F0FDF8B923682022DA61FF
:102A300021684B6823F0FF7323F48B3323F4FF7377
:102A400023F001034B6084F84120002384F84230D6
:102A500084F8403000E0022003B0BDE8F08302209B
:102A6000FAE70120F8E70120F6E70120F4E700BFCC
:102A7000002400802DE9F04385B01C460023039319
:102A800090F84130202B40F0A38005468846174639
:102A900003689B6913F4004F40F09C8090F840302D
:102AA000012B00F09980012380F84030242380F826
:102AB000413000234364994645E0C8F3090343F0DD
:102AC000007343F4005347E02A689369C3F340134B
:102AD0009269C2F30012C3B9BAB9B4F1FF3FF3D09F
:102AE000FFF774FA801BA04201D8002CECD1202300
:102AF00085F841306B6C43F020036B64002385F84C
:102B00004030012005B0BDE8F0832B689A6912F0CF
:102B1000100F3DD100962346002220212846FFF7C2
:102B2000C6FC60B36B6C042B23D001239946039B36
:102B300001330393039BBB4202D24B46002B38D197
:102B4000039BBB4238D2EB68012BB6D0C8F3090314
:102B500043F0007343F420532A685360FFF736FABA
:102B600006462A689369C3F340139269C2F30012C0
:102B7000B1E72B682022DA6100236B64D7E72A686B
:102B80002023D36185F84130002385F84030B9E730
:102B90001022DA6100962346002220212846FFF702
:102BA00086FC18B92B682022DA61C0E70123994618
:102BB000BDE700239946C3E7202385F841306B6CBD
:102BC00043F020036B64002385F84030012099E72F
:102BD000022097E7022095E7022093E7034690F84A
:102BE0004120202A23D190F84020012A21D001221F
:102BF00080F84020242280F841200068026822F0FA
:102C0000010202601868026822F4805202601868AB
:102C100002680A43026019680A6842F001020A6009
:102C2000202283F84120002083F8400070470220D2
:102C3000704702207047034690F84120202A21D196
:102C400090F84020012A1FD0012280F84020242241
:102C500080F841200068026822F0010202601868D2
:102C6000026822F4706242EA0122026019680A686E
:102C700042F001020A60202283F84120002083F8FC
:102C8000400070470220704702207047704710B51F
:102C900012F4804F45D00468B4F8503091F800C069
:102CA0004FEACC0E1EFA83F32344B3F80244C4F374
:102CB00009048B69A3422AD31B1B8B618B6983B9DF
:102CC000D0F800E03EF82C309BB223F4804323F090
:102CD000700383F4005343F4004343F080032EF861
:102CE0002C3012F0400F0FD0026891F800C032F87B
:102CF0002C309BB223F4E04323F0700343F40043F1
:102D000043F0C00322F82C3024B9204610BD002324
:102D10008B61D3E723460A894969006803F044FAC6
:102D2000F3E70468B4F8503091F800C04FEACC0ED5
:102D30001EFA83F32344B3F80644C4F309048B69F1
:102D4000A34230D31B1B8B618B6983B9D0F800E0A1
:102D50003EF82C309BB223F4804323F0700383F4BD
:102D6000005343F4004343F080032EF82C3012F05C
:102D7000400F0FD1026891F800C032F82C309BB29E
:102D800023F4E04323F0700343F4004343F0C00313
:102D900022F82C30002CB8D023464A8949690068B3
:102DA00003F002FAB1E700238B61CDE7002856D08B
:102DB00010B5044690F891323BB1032384F8913268
:102DC000206802F0D0FA002315E080F8903203F07A
:102DD00083FDF2E703EB830204EBC202012151748D
:102DE00013740021D17411625162013303EB830229
:102DF000D200A150DBB220799842EBD8002316E034
:102E000003EB830204EBC202002182F8511182F825
:102E1000503182F85311C2F86011C2F8641103EB0B
:102E2000830204EBC202C2F868110133DBB298429C
:102E3000E6D8234653F8040B93E8060002F09EFA06
:102E400000232373012384F89132A37A012B01D04C
:102E5000002010BD204600F016FF0020F9E70120F9
:102E6000704790F89032012B0ED010B50446012324
:102E700080F89032006802F06DFA206802F0ACFE33
:102E8000002084F8900210BD0220704770B50546FE
:102E90000C46164612F0400F00F01F810268B2F88F
:102EA000503009784FEAC10C1CFA83F31344B3F88D
:102EB0000224C2F30902A36993422CD99B1AA3618D
:102EC000A06958B316F4804F0DD0286830F821302F
:102ED0009BB223F4E04323F0700343F4404343F0F8
:102EE000800320F8213094F82430012B00F08D80ED
:102EF0002A68217832F821309BB223F4E04323F092
:102F0000400383F0300343F4004343F0800322F88E
:102F10002130002070BD0023A361D1E76378002B2E
:102F200048D12A68B2F8503012FA83F36344B3F8F8
:102F30000224C2F30902A3F80224B3F802246FEAC0
:102F400042426FEA524292B2A3F802242A6863789E
:102F5000002B3BD1B2F8503012FA83F3227803EB06
:102F6000C203B3F80624C2F30902A3F80624B3F897
:102F700006246FEA42426FEA524292B2A3F8062454
:102F8000E378022B2FD02178284603F015FD16F4A4
:102F9000804FBED02A68217832F821309BB223F4CA
:102FA000E04323F0700343F4404343F0800322F8EE
:102FB0002130AEE7012BC9D12A68B2F8503012FA9D
:102FC00083F363440022A3F80224BFE7012BD7D187
:102FD000B2F8503012FA83F3227803EBC2030022D6
:102FE000A3F80624CCE72A68217832F821309BB276
:102FF00023F4E04323F0400383F0200343F4004331
:1030000043F0800322F82130BDE763691344636114
:10301000E3691344E361216A236999421DD3C91A04
:1030200021626278002A43D12968B1F8502011FA50
:1030300082F2217802EBC102B2F80214C1F3090155
:10304000A2F80214A3B9B2F802146FEA41416FEA80
:10305000514189B2A2F802142CE019B984F8241065
:103060001346DEE7002384F8243023620B46D8E7BA
:103070003E2B0DD8590813F0010F00D00131B2F8E2
:10308000020480B2890289B20143A2F8021411E05D
:10309000580913F01F0F00D10138B2F8021489B299
:1030A000800280B2014341F40041A2F8021401E021
:1030B000012A06D09BB222896169286802F09BFD33
:1030C00016E72968B1F8502011FA82F2217802EB54
:1030D000C10299B2A2F80214ECE70268B2F85030CB
:1030E0000978C80010FA83F31344B3F80624C2F336
:1030F0000902A369934246D39B1AA361A369002BDB
:1031000044D016F4804F0DD1286830F821309BB29E
:1031100023F4E04323F0700343F4404343F080037F
:1031200020F8213094F82430012B7FF4E1AE63695C
:1031300013446361E3691344E361216A236999429B
:10314000C0F09C80C91A216229686278002A40F088
:10315000C080B1F8502011FA82F2217802EBC1024E
:10316000B2F80614C1F30901A2F80614002B40F0CE
:103170009080B2F806146FEA41416FEA514189B27A
:10318000A2F80614A7E00023A361B7E76378002B39
:1031900049D12A68B2F8503012FA83F30344B3F8E5
:1031A0000224C2F30902A3F80224B3F802246FEA4E
:1031B00042426FEA524292B2A3F802242A6863782C
:1031C000002B3CD1B2F8503012FA83F3227803EB93
:1031D000C203B3F80624C2F30902A3F80624B3F825
:1031E00006246FEA42426FEA524292B2A3F80624E2
:1031F000E378022B30D02178284603F0DDFB16F46B
:10320000804F7FF486AE2A68217832F821309BB255
:1032100023F4E04323F0700343F4404343F080037E
:1032200022F8213075E6012BC8D12A68B2F8503057
:1032300012FA83F303440022A3F80224BEE7012B11
:10324000D6D1B2F8503012FA83F3227803EBC203DE
:103250000022A3F80624CBE72A68217832F821302F
:103260009BB223F4E04323F0400383F0200343F4B4
:10327000004343F0800322F82130BCE719B984F8F9
:103280002410134660E70023236284F824300B46A1
:103290005AE73E2B0DD8590813F0010F00D0013129
:1032A000B2F8060480B2890289B20143A2F806147A
:1032B00011E0580913F01F0F00D10138B2F80614BD
:1032C00089B2800280B2014341F40041A2F80614A1
:1032D00001E0012A06D09BB262896169286802F088
:1032E0008AFC05E6B1F8502011FA82F2217802EB4F
:1032F000C10299B2A2F80614EDE72DE9F0410546A6
:1033000053E003889BB223F4E14323F070036FEA98
:1033100043436FEA53439BB203802968B1F85030AE
:103320002A7CD20012FA83F30B44B3F80234C3F3BD
:103330000903EB626A6A1A446A620021284603F0B4
:103340003BFB2B7B8BB3AB6A7BBB2B7B2A6843F0AD
:103350008003A2F84C3000232B7326E003889BB235
:1033600023F4804323F0700383F4805348F28001F8
:103370000B4303802A6813889BB223F4E04323F0B5
:10338000400383F010030B4313802A6813889BB219
:1033900023F070031B051B0D43F0800313800020F6
:1033A000BDE8F08112F4004F37D12868B0F84430FE
:1033B00013F4004FF3D0B0F84440A3B214F00F045C
:1033C00066D113F0100F9CD003889AB213F4006FEB
:1033D000E8D0B0F8503095F85021D20012FA83F3BB
:1033E0000344B3F80634C3F30903C5F86C31082B62
:1033F000B4D1B5F8562105F5267102F0D5FE2A683C
:1034000013889BB223F070031B051B0D43F0800350
:103410001380284603F0BCFAC7E703889BB223F069
:1034200070031B051B0D43F0800303802868B0F870
:10343000503095F85021D20012FA83F30344B3F8C8
:103440000634C3F30903C5F86C316BB903889BB22A
:1034500023F4804323F0700383F4405343F4004388
:1034600043F080030380A0E7D5F8641100299CD0C5
:10347000B5F8562102F098FED5F86431D5F86C21E4
:103480001344C5F864310021284603F089FA8CE71B
:1034900030F824309EB213F4004F4DD116F0800F57
:1034A00083D004EB8401C900103129442A6832F822
:1034B00024309BB223F4E14323F070036FEA4343CB
:1034C0006FEA53439BB222F8243004EB840305EBEC
:1034D000C303DB7C012B00F0F18016F4807F40F009
:1034E00088812868B0F8503004EB840205EBC202F2
:1034F000167CF20012FA83F30344B3F80234C3F3E8
:103500000903621C02EB820255F832209A4240F213
:103510005381671C07EB8707D21A45F83720621CD6
:1035200002EB820255F83220002A40F04C813146ED
:10353000284603F041FA38E730F824309BB223F0F4
:1035400070031B051B0D43F0800320F8243004EBAF
:103550008401C90001F5A87105EB010804EB84039F
:1035600005EBC30393F85C31DBBB2868B0F850303F
:1035700004EB840205EBC20292F85021D20012FA49
:1035800083F30344B3F80674C7F30907EFB904EBF8
:10359000840305EBC303D3F86C213A44C3F86C21D0
:1035A000D3F868313BB104EB840305EBC303D3F8D4
:1035B00060319F4270D204EB840305EBC30393F8A0
:1035C0005011284603F0ECF968E704EB840105EBA1
:1035D000C1013B46B1F85621D1F8641102F0E4FD77
:1035E000D5E704EB840305EBC30393F85331022BB7
:1035F00033D0296804EB840205EBC20292F8500133
:1036000031F820309BB223F4E04323F0700343F4FD
:10361000004343F0C00321F82030286892F850316D
:1036200030F8232012F4804F1ED0B0F85020DB0079
:1036300013FA82F30344B3F80274C7F30907002FA7
:10364000A5D004EB840105EBC1013B46B1F858213C
:10365000D1F8641102F0A8FD99E7324641462846A8
:10366000FFF715FB074692E7B0F85020DB0013FA8E
:1036700082F30344B3F80674C7F30907002F86D01A
:1036800004EB840105EBC1013B46B1F85A21D1F8A6
:10369000641102F089FD7AE704EB840305EBC303B0
:1036A000D3F8642104EB840305EBC3033A44C3F865
:1036B00064214146286802F0B0FAEFE6631C03EB90
:1036C0008303DB000022EA5004EB840305EBC30311
:1036D0001B7F1BB316F0400F3BD004EB840305EBBC
:1036E000C3035B7C1BBB2A68B2F8503012FA83F329
:1036F00004EB840205EBC202127C03EBC203B3F8B5
:103700000224C2F30902A3F80224B3F802246FEAE8
:1037100042426FEA524292B2A3F8022404EB8404BC
:1037200005EBC404217C284603F046F93DE6012B55
:10373000F4D12A68B2F8503012FA83F304EB840211
:1037400005EBC202127C03EBC2030022A3F80224A1
:10375000E4E72A6804EB840305EBC3035B7CD3B97D
:10376000B2F8503012FA83F304EB840205EBC20284
:10377000127C03EBC203B3F80624C2F30902A3F8D8
:103780000624B3F806246FEA42426FEA524292B22C
:10379000A3F80624C2E7012BC0D1B2F8503012FAC8
:1037A00083F304EB840205EBC202127C03EBC20339
:1037B0000022A3F80624B1E7621C02EB8202D200C9
:1037C0000027AF50ABE604EB840205EBC202566A59
:1037D0001E445662013404EB840205EBC2025268B7
:1037E00004EB840405EBC4041344636002F015FA8F
:1037F000DBE532462846FFF749FBD6E590F89032E4
:10380000012B0CD010B50446012380F890320173CF
:10381000006802F0DBF9002084F8900210BD02205D
:10382000704710B50446006802F0E1F910F4004F4B
:1038300023D110F4806F24D110F4804F32D110F4D2
:10384000005F39D110F4805F40D110F4006F67D170
:1038500010F0800F40F0818010F4007F40F0AD80C8
:1038600010F4807F27D02268B2F844309BB223F452
:1038700080739BB2A2F844301DE02046FFF73DFD67
:1038800019E02268B2F844309BB223F480639BB203
:10389000A2F84430204603F0A0F800212046FFF7AC
:1038A000ADFF08E02268B2F844309BB223F48043B5
:1038B0009BB2A2F8443010BD2268B2F844309BB2EB
:1038C00023F400539BB2A2F84430F4E72268B2F824
:1038D00040309BB223F004039BB2A2F84030226830
:1038E000B2F840309BB223F008039BB2A2F84030FC
:1038F00094F8C832012B0CD0204603F091F82268CE
:10390000B2F844309BB223F480539BB2A2F8443007
:10391000D1E7002184F8C812204603F03DF9EBE717
:103920002268B2F840309BB243F00803A2F840305E
:103930002268B2F844309BB223F400639BB2A2F831
:1039400044302268B2F840309BB243F00403A2F83E
:103950004030204603F054F8ADE72268B2F8443016
:103960009BB223F080039BB2A2F8443094F8C83293
:10397000FBB92268B2F840309BB243F00403A2F8CE
:1039800040302268B2F840309BB243F00803A2F8FE
:103990004030012184F8C8122368B3F85430C3F3CF
:1039A0008D0303F03C03C4F8CC32204603F0F4F856
:1039B00081E7204603F024F87DE72268B2F844301E
:1039C0009BB223F400739BB2A2F84430204602F06D
:1039D000FEFF70E710B50446084611F0800F27D1AE
:1039E00001F0070C0CEB8C01C90001F5A87E04EB7B
:1039F0000E010CEB8C0C04EBCC0C4FF0000E8CF891
:103A000051E100F007000870C2F30A020A61CB70AE
:103A1000022B1DD094F89032012B1CD0012384F886
:103A20009032206801F0BBFC002084F8900210BDA9
:103A300001F0070C0CEB8C01C900103121440CEB98
:103A40008C0C04EBCC0C4FF0010E8CF811E0D8E795
:103A500000230B71DEE70220E9E710B504460A46B1
:103A600011F0800F1FD101F0070000EB8003DB0095
:103A700003F5A873E11800EB800004EBC0000023FD
:103A800080F8513102F007020A7094F89032012B4D
:103A900017D0012384F89032206801F039FF00200C
:103AA00084F8900210BD01F0070000EB8003DB00FA
:103AB0001033E11800EB800004EBC00001234374D5
:103AC000E0E70220EEE710B501F0070C0CEB8C01EB
:103AD000C90001F5A8710CEB8C0E00EBCE0ECEF8F0
:103AE0006421CEF868310024CEF86C418EF8514143
:103AF0008EF850C10144006802F08FF8204610BDD6
:103B000001F0070101EB810100EBC100D0F86C016D
:103B1000704738B501F0070C0CEB8C01C90010316F
:103B20000CEB8C0E00EBCE0ECEF824200CF1010233
:103B300002EB820440F8343001258EF83450CEF880
:103B4000303000EBC402002454608EF811508EF81F
:103B500010C00144006802F060F8204638BD0B46F2
:103B600001F00702017991422ED310B5044613F0FB
:103B7000800F1DD103EB8301C90001F5A871014439
:103B800003EB830300EBC303002083F851010123FF
:103B90008B700A7094F89032012B17D0012384F8AF
:103BA0009032206801F09FFF002084F8900210BD41
:103BB00002EB8201C9001031014402EB820300EBE9
:103BC000C30301205874E2E7012070470220EEE7AA
:103BD0000B46017903F00F02914234D310B504462D
:103BE00013F0800F21D103F0070202EB8201C9001C
:103BF00001F5A871014402EB820200EBC202002031
:103C000082F8510100228A7003F007030B7094F8C8
:103C10009032012B19D0012384F89032206801F0F2
:103C200087FF002084F8900210BD03F0070202EB2A
:103C30008201C9001031014402EB820200EBC20292
:103C400001205074DEE7012070470220ECE711F0FC
:103C5000800F0BD001F0070101EB8101C900103189
:103C6000084452B90273C3800020704701EB810100
:103C7000C90001F5A8710844F3E70122027303812A
:103C80001B0C4381F0E7034602680121C0F8D01203
:103C9000002083F8C802B2F854309BB20B43A2F85C
:103CA0005430B2F854309BB243F00203A2F85430BF
:103CB00070470000024A136843F480731360704732
:103CC00000040058024B186800F4C060704700BF41
:103CD00000040058024A536843F4806353607047FD
:103CE0000004005830B58DB004468E46DFF8B0C0F1
:103CF0009CE80F000CAD05E90F0005AB0CF11002BC
:103D000007CA83E8070001AD0CF11C0C9CE80F000A
:103D100085E80F00BEF5007F07D0002314E00CAA51
:103D200002EB830353F82C5C1EE00023032B08D81E
:103D30000CAA02EB830252F8102CA242EFD20133FC
:103D4000F4E7002510E00133022B0CD80CAA02EB9B
:103D5000830252F81C2CA242F5D30CAA02EB830377
:103D600053F82C5C00E000250C4A136823F007038D
:103D70002B431360FEF72AF90446084B1B6803F037
:103D80000703AB4206D0FEF721F9001B0228F4D945
:103D9000032000E000200DB030BD00BF00400058FF
:103DA00048A6000810B5B02818D90F4BDB6A4FF0B1
:103DB000B042D2F8082102F00F020C4951F822203B
:103DC000B3FBF2F30A4AA2FB03239B0C1C46FFF74A
:103DD00079FF01462046FFF785FF10BDC0F30310B1
:103DE000014B53F82030E2E778A80008B8A8000893
:103DF00083DE1B434FF0B0439B6813F00C030DD1DF
:103E00004FF0B0431B6803F0F003B02B04D81B093C
:103E1000254A52F823007047B023F8E7042B3ED020
:103E2000082B10D04FF0B043DB6803F00303022BE4
:103E300031D0032B0FD14FF0B0431B6813F4801F18
:103E40002BD11A4812E04FF0B0431B6813F4801FC7
:103E500027D0174870474FF0B0431B6803F0F003BA
:103E6000B02B16D81B09104A52F823004FF0B0426D
:103E7000D368C3F3062303FB00F0D368C3F3021334
:103E80000133B0FBF3F0D3685B0F0133B0FBF3F009
:103E90007047B023E6E70648E8E70548E6E7044848
:103EA00070470248704700BF78A800080048E80142
:103EB0000024F40008B5FFF79DFF4FF0B0439B6866
:103EC000C3F30313024A52F82330B0FBF3F008BDEA
:103ED000B8A80008002800F0758338B504460368C8
:103EE00013F0200F2DD04FF0B0429368D26802F04B
:103EF000030213F00C0358D00C2B54D0E369002BB1
:103F000000F0A0804FF0B042136843F0010313604B
:103F1000FEF75CF805464FF0B0431B6813F0020F44
:103F200000F08880636A4FF0B042116821F0F00120
:103F30000B431360216A536823F47F4343EA012350
:103F40005360236813F0010F00F09A804FF0B042E5
:103F5000936803F00C03D26802F00302082B00F010
:103F60008B800C2B00F085806368B3F5803F00F0F8
:103F7000B0804FF0B042136823F48033136063685D
:103F8000002B00F0AD80FEF721F805464FF0B0435E
:103F90001B6813F4003F73D1FEF718F8401B642828
:103FA000F4D9032019E3012AA8D1E369002B00F01A
:103FB0000B83606A4FF0B0431B6803F0F003B02B33
:103FC00021D8984221D9FFF7EDFE002840F0FE826B
:103FD000636A4FF0B042116821F0F0010B431360A7
:103FE000216A536823F47F4343EA01235360FFF7B8
:103FF00061FFBD4B1860BD4B1868FDF79BFF0028A3
:104000009FD00120E9E2B023DBE74FF0B042136814
:1040100023F0F00318431060216A536823F47F43B0
:1040200043EA01235360606AFFF7BCFE0028DED03C
:104030000120D2E2FDF7CAFF401B02287FF66BAFDA
:104040000320CAE24FF0B042136823F0010313606B
:10405000FDF7BCFF05464FF0B0431B6813F0020F9D
:104060003FF46FAFFDF7B2FF401B0228F3D90320E6
:10407000B3E2032A7FF478AF6368002B00F0A882D4
:10408000236813F0020F54D04FF0B042936803F04E
:104090000C03D26802F00302042B33D00C2B2FD078
:1040A000E368002B74D04FF0B042136843F4807380
:1040B0001360FDF78BFF05464FF0B0431B6813F408
:1040C000806F2DD1FDF782FF401B0228F4D9032019
:1040D00083E24FF0B042136843F4803313604EE73D
:1040E000FDF774FF05464FF0B0431B6813F4003F23
:1040F000C6D0FDF76BFF401B6428F4D903206CE2A7
:10410000022ACDD1E368002B00F0648221694FF0D0
:10411000B042536823F0FE4343EA0163536008E072
:1041200021694FF0B042536823F0FE4343EA016334
:104130005360236813F0080F03D113F0100F00F041
:10414000DE806269002A00F0A38013F0100F70D0A7
:104150004FF0B043D3F8943013F0020F2ED14FF04C
:10416000B042D2F8943043F00103C2F89430FDF726
:104170002DFF05464FF0B043D3F8943013F0020FF3
:104180001CD1FDF723FF401B0228F3D9032024E2B2
:104190004FF0B042136823F480731360FDF716FFED
:1041A00005464FF0B0431B6813F4806FC1D0FDF794
:1041B0000DFF401B0228F4D903200EE24FF0B0425D
:1041C000D2F8943043F00403C2F89430FDF7FEFEB9
:1041D00005464FF0B043D3F8943013F0080F06D1E2
:1041E000FDF7F4FE401B0328F3D90320F5E1A16994
:1041F0004FF0B042D2F8943023F4706343EA0123C5
:10420000C2F89430D2F8943023F00103C2F894300D
:10421000FDF7DCFE05464FF0B043D3F8943013F0C1
:10422000020F6CD0FDF7D2FE401B0228F3D9032009
:10423000D3E14FF0B042D2F8943043F00103C2F81A
:104240009430FDF7C3FE05464FF0B043D3F89430E9
:1042500013F0020F06D1FDF7B9FE401B0228F3D977
:104260000320BAE14FF0B042D2F8943023F00403B7
:10427000C2F894304FF0B043D3F8943013F0080FE5
:104280003DD0FDF7A3FE401B0328F3D90320A4E192
:104290004FF0B042D2F8943023F00403C2F89430C7
:1042A000FDF794FE05464FF0B043D3F8943013F079
:1042B000080F1DD14FF0B042D2F8943023F0010323
:1042C000C2F89430FDF782FE05464FF0B043D3F8B4
:1042D000943013F0020F12D0FDF778FE401B022835
:1042E000F3D9032079E100BF100000200C0000206A
:1042F000FDF76CFE401B0328D5D903206DE1236830
:1043000013F0040F68D0B64B1B6813F4807F27D0DE
:10431000A368012B35D0052B3CD04FF0B043D3F828
:10432000902022F00102C3F89020D3F8902022F0D0
:104330000402C3F89020A368DBB3FDF747FE0546EF
:104340004FF0B043D3F8903013F0020F44D1FDF793
:104350003DFE401B41F288339842F1D903203CE1F5
:10436000FFF7A8FCFDF732FE05469D4B1B6813F4D2
:10437000807FCDD1FDF72AFE401B0228F5D903200E
:104380002BE14FF0B042D2F8903043F00103C2F875
:104390009030D0E74FF0B043D3F8902042F00402C1
:1043A000C3F89020D3F8902042F00102C3F8902087
:1043B000C1E7FDF70BFE05464FF0B043D3F8903050
:1043C00013F0020F08D0FDF701FE401B41F28833C5
:1043D0009842F1D9032000E1236813F0400F33D055
:1043E000A36AC3B14FF0B042D2F8983043F0010352
:1043F000C2F89830FDF7EAFD05464FF0B043D3F818
:10440000983013F0020F1FD1FDF7E0FD401B02288A
:10441000F3D90320E1E04FF0B042D2F8983023F016
:104420000103C2F89830FDF7D1FD05464FF0B043C7
:10443000D3F8983013F0020F06D0FDF7C7FD401BEC
:104440000228F3D90320C8E0E36A002B00F0C480FF
:104450004FF0B042916801F00C01D268022B19D0E4
:104460000C2900F0C3804FF0B042136823F0807332
:104470001360FDF7ABFD04464FF0B0431B6813F02B
:10448000007F00F09780FDF7A1FD001B0228F3D903
:104490000320A2E002F00303206B83420AD00C2920
:1044A00000F09C804FF0B0431B6813F0806F22D067
:1044B000012092E002F07003606B8342EFD1C2F3FF
:1044C0000623A06B8342EAD102F47813E06B8342A7
:1044D000E5D102F06063206C8342E0D102F06042DB
:1044E000636C9A42DBD14FF0B0431B6813F0007F3E
:1044F00044D0002071E04FF0B042136823F0807385
:104500001360FDF763FD05464FF0B0431B6813F0E1
:10451000007F06D0FDF75AFD401B0228F4D9032086
:104520005BE04FF0B042D3682E491940236B606BBB
:104530000343A06B43EA0023E06B0343206C034377
:10454000606C03431943D160136843F080731360B8
:10455000D36843F08053D360FDF738FD04464FF035
:10456000B0431B6813F0007F06D1FDF72FFD001B41
:104570000228F4D9032030E000202EE04FF0B043B1
:104580001A6842F080721A60DA6842F08052DA608B
:10459000FDF71CFD04464FF0B0431B6813F0007F8D
:1045A00006D1FDF713FD031B022BF4D9032014E001
:1045B000002012E04FF0B042D1680B4B0B40D360AB
:1045C00000200AE001207047012006E0012004E0FD
:1045D000012002E0012000E0184638BD0120FCE780
:1045E000000400588C80C111FCFFFEEE0120F4E7AE
:1045F000002800F0278170B50C460546934B1B68D8
:1046000003F007038B422DD32B6813F0020F3FD129
:104610002B6813F0200F53D12B6813F0400F6AD191
:104620002B6813F0040F40F083802B6813F0080F01
:1046300040F097802B6813F0010F00F0DE806B686C
:10464000022B00F0A880032B00F0AD80002B40F07F
:10465000B2804FF0B042126812F0020F40F0B18009
:104660000120EEE0794A136823F007030B4313603F
:10467000FDF7ACFC0646754B1B6803F00703A3422D
:10468000C2D0FDF7A3FC801B0228F4D90320D8E098
:10469000AB684FF0B0418A6822F0F00213438B60A0
:1046A000FDF794FC06464FF0B0439B6813F4803F3F
:1046B000AED1FDF78BFC801B0228F4D90320C0E0AB
:1046C0006B694FF0B041D1F8082122F0F00213439A
:1046D000C1F80831FDF77AFC06464FF0B043D3F835
:1046E000083113F4003F97D1FDF770FC801B0228BE
:1046F000F3D90320A5E0A9694FF0B042D2F8083100
:1047000023F00F0343EA1113C2F80831FDF75EFCF2
:1047100006464FF0B043D3F8083113F4803F7FF4DE
:104720007FAFFDF753FC801B0228F2D9032088E0FD
:10473000EB684FF0B0418A6822F4E06213438B606B
:10474000FDF744FC06464FF0B0439B6813F4003F6E
:104750007FF46BAFFDF73AFC801B0228F3D90320EE
:104760006FE029694FF0B042936823F4605343EA45
:10477000C1039360FDF72AFC06464FF0B0439B68E7
:1047800013F4802F7FF456AFFDF720FC801B022826
:10479000F3D9032055E04FF0B042126812F4003F05
:1047A0000FD101204DE04FF0B042126812F0007FAF
:1047B00007D1012045E04FF0B042126812F4806F3B
:1047C00042D04FF0B0418A6822F0030213438B605D
:1047D000FDF7FCFB06464FF0B0439B6803F00C036B
:1047E0006A68B3EB820F08D0FDF7F0FB801B41F243
:1047F00088339842EFD9032023E0144B1B6803F061
:104800000703A34215D9114A136823F00703234372
:104810001360FDF7DBFB05460C4B1B6803F0070339
:10482000A34206D0FDF7D2FB401B0228F4D9032097
:1048300007E0FFF73FFB064B1860FDF7CDFBFDF7E8
:1048400079FB70BD012070470120FAE70040005855
:10485000100000204FF0B041D1F88830020902F476
:104860007F2223EA0203000100F47F200343C1F802
:104870008830704770B505464FF0B042136823F09A
:1048800080631360FDF7A2FB04464FF0B0431B6842
:1048900013F0006F06D0FDF799FB001B0228F4D936
:1048A000032400E000240CB1204670BD4FF0B0435B
:1048B0001A6922F4FE42296842EA01221A611A6941
:1048C00022F4781269680A431A611A6842F0806219
:1048D0001A60FDF77BFB06464FF0B0431B6813F0F0
:1048E000006F05D1FDF772FB801B0228F4D9032469
:1048F000002CD9D14FF0B042136929690B431361E1
:10490000D2E770B505464FF0B042136823F08063DC
:104910001360FDF75BFB04464FF0B0431B6813F0D8
:10492000006F06D0FDF752FB001B0228F4D90324C8
:1049300000E000240CB1204670BD4FF0B0431A696E
:1049400022F4FE42296842EA01221A611A6922F021
:104950006062A9680A431A611A6842F080621A60AC
:10496000FDF734FB06464FF0B0431B6813F0006FB1
:1049700005D1FDF72BFB801B0228F4D90324002C62
:10498000D9D14FF0B042136929690B431361D2E7C3
:1049900070B505464FF0B042136823F08063136092
:1049A000FDF714FB04464FF0B0431B6813F0006F93
:1049B00006D0FDF70BFB001B0228F4D9032400E00E
:1049C00000240CB1204670BD4FF0B0431A6922F4A8
:1049D000FE42296842EA01221A611A6922F0604205
:1049E000E9680A431A611A6842F080621A60FDF7AA
:1049F000EDFA06464FF0B0431B6813F0006F05D187
:104A0000FDF7E4FA801B0228F4D90324002CD9D145
:104A10004FF0B042136929690B431361D2E770B5B7
:104A20000446036813F0400F35D0036BB3F5800FD5
:104A300016D00BD833B90430FFF71CFF0646B8B1C7
:104A400005462BE001231D461E4627E0B3F5000F67
:104A50001BD0B3F5400F1BD001231D461E461DE0A1
:104A60004FF0B042D36843F48033D36000231E4636
:104A7000236B4FF0B041D1F8882022F44002134359
:104A8000C1F8883000231D4608E000231E46EFE7EA
:104A900000231E46ECE700231D461E46236813F440
:104AA000006F0BD04FF0B043D3F8903003F4407355
:104AB0001D46236CAB4240F0B7803546236813F0A7
:104AC000010F09D0A3694FF0B041D1F8882022F03E
:104AD00003021343C1F88830236813F0020F09D092
:104AE000E3694FF0B041D1F8882022F440621343CB
:104AF000C1F88830236813F0100F0CD0A16A4FF072
:104B0000B042D2F88830080C000423EA000343EADC
:104B10000143C2F88830236813F0200F0CD0E16AFB
:104B20004FF0B042D2F88830080C000423EA0003AA
:104B300043EA0143C2F88830236813F0040F40F0C1
:104B4000B580236813F0080F40F0B480236813F495
:104B5000807F13D0636B4FF0B041D1F8882022F0F2
:104B600040621343C1F88830636BB3F1006F00F00B
:104B7000A580636BB3F1806F00F0A580236813F408
:104B8000007F17D0A36BB3F1804F05D0B3F1004F76
:104B900002D0002B40F09F804FF0B041D1F8882028
:104BA00022F040421343C1F88830A36BB3F1C05FD9
:104BB00000F0A380236813F4806F13D0E36B4FF0F1
:104BC000B041D1F8882022F040521343C1F8883018
:104BD000E36BB3F1005F00F09780E36BB3F1805FAC
:104BE00000F09780236813F4805F09D0636C4FF066
:104BF000B041D1F8942022F440421343C1F89430DC
:104C0000236813F4005F0DD0E26C4FF0B043596A93
:104C100021F030010A435A62A26C596A21F0030163
:104C20000A435A62284670BDFFF744F85DB9236C09
:104C30004FF0B041D1F8902022F440721343C1F8F4
:104C4000903035463AE74FF0B043D3F89020D3F890
:104C5000901041F48031C3F89010D3F8901021F4F3
:104C60008031C3F8901022F44072216C0A43C3F8DB
:104C70009020D3F8903013F0010F13D0FDF7A6F970
:104C800005464FF0B043D3F8903013F0020F0BD12C
:104C9000FDF79CF9401B41F288339842F1D9032378
:104CA0001D460BE7354609E7354607E7206AFFF75B
:104CB000D1FD46E7606AFFF7CDFD47E7CB6843F0DB
:104CC0008073CB6055E7201DFFF71BFE00283FF4E3
:104CD00055AF054652E723F080534FF0B042D2F86B
:104CE000881021F04041C2F88810D2F8881021F0D5
:104CF00040610B43C2F8883057E74FF0B042D368A9
:104D000043F08073D36055E7CB6843F48033CB60C6
:104D100063E7201DFFF73CFE00283FF463AF054624
:104D200060E700002DE9F04383B004460F461646C5
:104D30001D46FDF74BF90A9B1B1A03EB0508FDF70F
:104D400045F98146284B1B68C3F3CB3308FB03F3BB
:104D5000019323689B6837EA03030CBF01230023F8
:104D6000B3423DD0B5F1FF3FF3D0FDF72FF94B46ED
:104D7000C01A404503D2019B73BB9846E9E72268FD
:104D8000536823F0E00353606368B3F5827F0BD070
:104D9000A36AB3F5005F14D0012384F85D300023CB
:104DA00084F85C3003201CE0A368B3F5004F02D008
:104DB000B3F5806FECD12268136823F040031360D1
:104DC000E6E72268136823F400531360226813682F
:104DD00043F400531360DFE7019B013B0193B8E705
:104DE000002003B0BDE8F083100000202DE9F0475B
:104DF00082B006460C4615461F4600238DF8033048
:104E0000FDF7E4F80A9B1B1A03EB0708FDF7DEF831
:104E10008246D6F80090304B1B6803EB8303C3EB4C
:104E2000C3031B0D08FB03F3019302E0B7F1FF3F3F
:104E300012D133689B6803EA040CAC4547D0B4F543
:104E4000C06FF3D1002DF1D199F80C30DBB28DF8A1
:104E500003309DF80330E9E7FDF7B8F85346C01A70
:104E6000404503D2019B73BB9846E2E73268536822
:104E700023F0E00353607368B3F5827F0BD0B36A0D
:104E8000B3F5005F14D0012386F85D30002386F867
:104E90005C3003201CE0B368B3F5004F02D0B3F5DB
:104EA000806FECD13268136823F040031360E6E7AB
:104EB0003268136823F4005313603268136843F4B4
:104EC00000531360DFE7019B013B0193B1E7002032
:104ED00002B0BDE8F08700BF1000002070B582B0BE
:104EE00004460B460E461546009200224FF4C05170
:104EF000FFF77CFFB0B9009533460246802120467B
:104F0000FFF710FFA8B90095334602464FF4C06181
:104F10002046FFF76BFF50B1236E43F0200323665A
:104F2000032004E0236E43F020032366032002B035
:104F300070BD236E43F0200323660320F7E70028AB
:104F40006AD010B50446436A33B94368B3F5827F2B
:104F500005D00023C36102E0002303614361002305
:104F6000A36294F85D30002B4DD0022384F85D30AD
:104F70002268136823F040031360E368B3F5E06F21
:104F800047D90022B3F5706F04D0B3F5E06F01D0BC
:104F90000023A362636803F48273A16801F40441EF
:104FA0000B43216901F002010B43616901F001012A
:104FB0000B43A16901F400710B43E16901F0380171
:104FC0000B43216A01F080010B43A16A01F40051F7
:104FD00020680B430360638B03F00403616A01F0F4
:104FE00010010B43616B01F008010B43E16801F410
:104FF00070610B43216813434B600020206601233E
:1050000084F85D3010BD84F85C302046FCF760FF0A
:10501000ABE74FF48052B5E7012070472DE9F84324
:1050200004460F4691469846089DFCF7CFFF06467A
:1050300094F85D306268012B0BD0D9B2B2F5827F53
:1050400040F06481A368002B40F06381042940F0A4
:105050006281002F00F061814B46002B00F05F81E0
:105060004346002B00F05D8194F85C30012B00F08A
:105070005A81012384F85C3094F85D30042B02D00F
:10508000052384F85D3000232366C4F8409042462F
:10509000A4F84680A4F84480A763A4F83E80A4F84E
:1050A0003C80E3642365E368B3F5E06F01D8012A2F
:1050B00025D92268536823F48053536023681A6803
:1050C00012F0400F03D11A6842F040021A60E36800
:1050D000B3F5E06F62D9636813B14346012B0BD17E
:1050E000A26B23681288DA60A36B0233A363E38F99
:1050F0009BB2013B9BB2E38701231F4631E022684C
:10510000536843F480535360D8E7A26B1288DA6087
:10511000A36B0233A363E38F9BB2013B9BB2E38794
:1051200000231F462268936813F0010311D0B4F8DE
:10513000461089B269B1D168226C1180226C0232AA
:105140002264B4F8462092B2013A92B2A4F8462002
:105150001F46FCF73BFF831BAB4202D3B5F1FF3F79
:1051600014D1E38F9BB22BB9B4F846309BB2002B1D
:1051700000F0B58023689A6812F0020FD2D0E28F57
:1051800092B2002ACED0002FCCD0BEE7012384F803
:105190005D30002384F85C300320B8E0636813B10D
:1051A0004346012B0FD1E38F9BB2012B0ED9A26B8B
:1051B00023681288DA60A36B0233A363E38F9BB288
:1051C000023B9BB2E38701231F464BE0A26B23689F
:1051D00012781A73A36B0133A363E38F9BB2013B75
:1051E0009BB2E387EFE7E28F92B2012A0DD9A26B5F
:1051F0001288DA60A36B0233A363E38F9BB2023B96
:105200009BB2E38700231F463EE0A26B12781A731D
:10521000A36B0133A363E38F9BB2013B9BB2E38794
:1052200000231F4630E021684A6842F480524A60F9
:105230001F460DE0216C127B0A70226C0132226441
:10524000B4F8462092B2013A92B2A4F846201F4622
:10525000FCF7BCFE801BA84202D3B5F1FF3F36D15C
:10526000002D34D0E38F9BB223B9B4F846309BB203
:10527000002B34D023689A6812F0020F04D0E28F1A
:1052800092B20AB1002FAED12268936813F00103E5
:10529000DED0B4F8461089B20029D9D0B4F846104F
:1052A00089B20129C6D9D168226C1180226C0232E0
:1052B0002264B4F8462092B2023A92B2A4F8462090
:1052C000B4F8462092B2012AADD91F46C0E70123A7
:1052D00084F85D30002384F85C30032017E0324608
:1052E00029462046FFF7FAFD48B9012384F85D30CE
:1052F000002384F85C30236E4BB1012007E02023AB
:105300002366002384F85C30012000E00220BDE821
:10531000F8830220FBE70220F9E70120F7E70120EC
:10532000F5E70120F3E70220F1E7FEE7FEE7FEE7FD
:10533000FEE7FEE770477047704708B5FCF73AFE96
:1053400008BD000008B50248FEF76BFA08BD00BFB3
:10535000001A002003460020A3F844004BF6807298
:10536000A3F840207047B0F840309BB223F47E533E
:105370005B045B0CA0F840300020704782B003460D
:1053800002A800E906000122A3F840200020A3F8AB
:105390004000A3F84400A3F8500002B0704700B5E5
:1053A000034691F800C030F82C2092B222F4EC426F
:1053B00022F0700292B2C878022867D008D878B17B
:1053C000012803D142F4806200200BE0012009E0B3
:1053D000032803D142F4C062002003E0012001E071
:1053E00042F4007248F2800E42EA0E0223F82C20AA
:1053F00091F800C033F82C2092B222F4E04222F05F
:1054000070024CEA020242EA0E0223F82C200A7BC8
:10541000002A40F0DC804A78002A48D0B3F85020B7
:1054200013FA82F291F800C002EBCC02B1F806C088
:105430004FEA5C0C4FEA4C0CA2F800C491F800C093
:1054400033F82C2012F0400F0CD033F82C2092B2FD
:1054500022F4E04222F0700242F4004242F0C00224
:1054600023F82C20CA78012A12D0097833F8212099
:1054700092B222F4E04222F0400282F0200242F492
:10548000004242F0800223F82120D8E10020A9E761
:10549000097833F8212092B222F4E04222F040024F
:1054A00042F4004242F0800223F82120C7E1B3F821
:1054B000502013FA82F291F800C002EBCC02B1F84E
:1054C00006C04FEA5C0C4FEA4C0CA2F804C4B3F8D7
:1054D000502013FA82F291F800C002EBCC02B2F82D
:1054E00006C4CCF3090CA2F806C4D1F810C0BCF174
:1054F000000F2FD1B2F806C46FEA4C4C6FEA5C4C37
:105500001FFA8CFCA2F806C491F800C033F82C20D6
:1055100012F4804F0CD033F82C2092B222F4E042E7
:1055200022F0700242F4404242F0800223F82C2024
:105530000978E1BB33F8212092B222F4804222F0B4
:10554000700282F4405242F4004242F0800223F89A
:10555000212074E1BCF13E0F13D84FEA5C0E1CF021
:10556000010F01D00EF1010EB2F806C41FFA8CFC37
:105570004FEA8E2E1FFA8EFE4CEA0E0CA2F806C4DD
:10558000C2E74FEA5C1E1CF01F0F01D10EF1FF3E77
:10559000B2F806C41FFA8CFC4FEA8E2E1FFA8EFE5C
:1055A0004CEA0E0C4CF4004CA2F806C4ACE733F8FD
:1055B000212092B222F4804222F0700282F4005242
:1055C00042F4004242F0800223F8212037E1CA78F9
:1055D000022A7BD091F800C033F82C2092B222F43A
:1055E000E24222F0700242F4004242F0800223F8CC
:1055F0002C20B3F8502013FA82F291F800C002EB8D
:10560000CC02B1F808C04FEA5C0C4FEA4C0CA2F88F
:1056100000C4B3F8502013FA82F291F800C002EBF4
:10562000CC02B1F80AC04FEA5C0C4FEA4C0CA2F86D
:1056300004C44A78002A40F0108191F800C033F881
:105640002C2012F4804F0CD033F82C2092B222F48C
:10565000E04222F0700242F4404242F0800223F81D
:105660002C2091F800C033F82C2012F0400F0CD001
:1056700033F82C2092B222F4E04222F0700242F47D
:10568000004242F0C00223F82C204A78002A5AD166
:10569000B3F8502013FA82F291F800C002EBCC026A
:1056A000B2F802C4CCF3090CA2F802C4D1F810C0BD
:1056B000BCF1000F1AD1B2F802C46FEA4C4C6FEA89
:1056C0005C4C1FFA8CFCA2F802C43EE091F800C0CA
:1056D00033F82C2092B222F4E04222F0700242F41D
:1056E000014242F0800223F82C2082E7BCF13E0FF9
:1056F00013D84FEA5C0E1CF0010F01D00EF1010E21
:10570000B2F802C41FFA8CFC4FEA8E2E1FFA8EFEEE
:105710004CEA0E0CA2F802C417E04FEA5C1E1CF023
:105720001F0F01D10EF1FF3EB2F802C41FFA8CFC2C
:105730004FEA8E2E1FFA8EFE4CEA0E0C4CF4004CF3
:10574000A2F802C401E0012A20D04A78002A57D1E9
:10575000B3F8502013FA82F291F800C002EBCC02A9
:10576000B2F806C4CCF3090CA2F806C4D1F810C0F4
:10577000BCF1000F17D1B2F806C46FEA4C4C6FEAC7
:105780005C4C1FFA8CFCA2F806C43BE0B3F8502036
:1057900013FA82F291F800C002EBCC02B1F810C00B
:1057A000A2F802C4D1E7BCF13E0F13D84FEA5C0E59
:1057B0001CF0010F01D00EF1010EB2F806C41FFA61
:1057C0008CFC4FEA8E2E1FFA8EFE4CEA0E0CA2F8CD
:1057D00006C417E04FEA5C1E1CF01F0F01D10EF14A
:1057E000FF3EB2F806C41FFA8CFC4FEA8E2E1FFA59
:1057F0008EFE4CEA0E0C4CF4004CA2F806C401E0FC
:10580000012A1DD091F800E033F82E2092B222F444
:10581000804222F0700282F4405248F2800C42EA48
:105820000C0223F82E20097833F8212092B222F4BA
:10583000E04222F0400242EA0C0223F8212000BD9F
:10584000B3F8502013FA82F291F800C002EBCC02B8
:10585000B1F810C0A2F806C4D4E791F800C033F83C
:105860002C2012F4804F0CD033F82C2092B222F46A
:10587000E04222F0700242F4404242F0800223F8FB
:105880002C2091F800C033F82C2012F0400F0CD0DF
:1058900033F82C2092B222F4E04222F0700242F45B
:1058A000004242F0C00223F82C20CA78012A1FD0FF
:1058B00091F800C033F82C2092B222F4E04222F09A
:1058C000400282F0200242F4004242F0800223F8BB
:1058D0002C20097833F8212092B222F4804222F061
:1058E000700242F4004242F0800223F82120A6E731
:1058F00091F800C033F82C2092B222F4E04222F05A
:10590000400242F4004242F0800223F82C20E0E7FB
:105910000B7B002B46D14B7813B30A7830F822303A
:1059200013F0400F0CD030F822309BB223F4E04348
:1059300023F0700343F4004343F0C00320F8223007
:105940000A7830F822309BB223F4E04323F040037E
:1059500043F4004343F0800320F8223000207047D6
:105960000A7830F8223013F4804F0CD030F822300F
:105970009BB223F4E04323F0700343F4404343F02D
:10598000800320F822300A7830F822309BB223F4CA
:10599000804323F0700343F4004343F0800320F876
:1059A0002230DBE74B78002B4ED10A7830F82230DA
:1059B00013F4804F0CD030F822309BB223F4E04334
:1059C00023F0700343F4404343F0800320F8223077
:1059D0000A7830F8223013F0400F0CD030F8223023
:1059E0009BB223F4E04323F0700343F4004343F0FD
:1059F000C00320F822300A7830F822309BB223F41A
:105A0000E04323F0700343F4004343F0C00320F865
:105A100022300A7830F822309BB223F4804323F0FE
:105A2000700348F2800C43EA0C0320F822300A7815
:105A300030F822309BB223F4E04323F0400343EAE2
:105A40000C0320F8223089E70A7830F8223013F46A
:105A5000804F0CD030F822309BB223F4E04323F087
:105A6000700343F4404343F0800320F822300A7867
:105A700030F8223013F0400F0CD030F822309BB2B7
:105A800023F4E04323F0700343F4004343F0C003E6
:105A900020F822300A7830F822309BB223F4E04319
:105AA00023F0700343F4404343F0800320F8223096
:105AB0000A7830F822309BB223F4E04323F040030D
:105AC00048F2800C43EA0C0320F822300A7830F8C0
:105AD00022309BB223F4804323F0700343EA0C038B
:105AE00020F822303AE74B788BB10A7830F8223030
:105AF0009BB223F4E04323F0400383F0100343F40C
:105B0000004343F0800320F82230002070470A78D9
:105B100030F822309BB223F4804323F0700383F4E7
:105B2000805343F4004343F0800320F82230ECE735
:105B30004B7833B30A7830F8223013F0400F0CD092
:105B400030F822309BB223F4E04323F0700343F497
:105B5000004343F0C00320F82230CB78012B33D030
:105B60000A7830F822309BB223F4E04323F040035C
:105B700083F0200343F4004343F0800320F82230F5
:105B800022E00A7830F8223013F4804F0CD030F83D
:105B900022309BB223F4E04323F0700343F44043EC
:105BA00043F0800320F822300A7830F822309BB28C
:105BB00023F4804323F0700383F4405343F4004301
:105BC00043F0800320F822300020704711B9802371
:105BD000A0F84C3000207047B0F858306FEA4343CB
:105BE0006FEA53439BB2A0F8583000207047B0F8DA
:105BF000440080B2704701335B08104400F58060B8
:105C000008E00A7891F801C042EA0C2220F8022B41
:105C10000231013B002BF4D1704770B505460C46AC
:105C20004B78012B1AD00B7B002B40F094828B69B0
:105C3000002B40F06782CB78002B40F063820A781B
:105C400030F822309BB223F4E04323F0700343F496
:105C5000014343F0800320F8223061E28A69114653
:105C600016462269914200D91646217B41B3E1785C
:105C7000022947D0226A921B2262227835F822102C
:105C800011F0400F00F0F681002B40F0E381B5F8F1
:105C9000503015FA83F303EBC202B2F80634C3F3B3
:105CA0000903A2F80634002E40F0B481B2F806349D
:105CB0006FEA43436FEA53439BB2A2F80634D2E142
:105CC000B3B21E46E28861692846FFF794FFB5F833
:105CD000503015FA83F3227803EBC203A3F8026471
:105CE000227835F822309BB223F4E04323F04003BE
:105CF00083F0300343F4004343F0800325F822305F
:105D0000002024E2236A9A4280F06681227835F8E6
:105D100022309BB223F4E04323F0700343F40143A9
:105D200043F0800325F82230236A9B1B23622378EB
:105D300035F8232012F0400F00F0A7806278B2BB44
:105D4000B5F8502015FA82F202EBC303B3F806242B
:105D5000C2F30902A3F806244EB9B3F806246FEA89
:105D600042426FEA524292B2A3F8062421E03E2E4C
:105D70000DD8720816F0010F00D00132B3F80614E6
:105D800089B2920292B20A43A3F8062411E0710983
:105D900016F01F0F00D10139B3F8062492B2890220
:105DA00089B20A4342F40042A3F8062401E0012A22
:105DB00029D0B3B2628961692846FFF71CFF636985
:105DC00033446361236A2269934226D99B1B236271
:105DD0006378002B45D1B5F8503015FA83F322785B
:105DE00003EBC203B3F80224C2F30902A3F80224AE
:105DF000BEB9B3F802246FEA42426FEA524292B24D
:105E0000A3F802242FE0B5F8502015FA82F202EB35
:105E1000C303B2B2A3F80624CBE7002222621E46D7
:105E2000D6E73E2E0DD8720816F0010F00D00132D1
:105E3000B3F8021489B2920292B20A43A3F8022480
:105E400011E0710916F01F0F00D10139B3F80224D7
:105E500092B2890289B20A4342F40042A3F80224B2
:105E600001E0012B06D0B3B2228961692846FFF711
:105E7000C2FE35E7B5F8503015FA83F3227803EB0C
:105E8000C203B2B2A3F80224EDE76278B2BBB5F860
:105E9000502015FA82F202EBC303B3F80224C2F3D6
:105EA0000902A3F802244EB9B3F802246FEA424271
:105EB0006FEA524292B2A3F8022421E03E2E0DD89E
:105EC000720816F0010F00D00132B3F8021489B243
:105ED000920292B20A43A3F8022411E0710916F06B
:105EE0001F0F00D10139B3F8022492B2890289B29E
:105EF0000A4342F40042A3F8022401E0012A29D017
:105F0000B3B2228961692846FFF775FE636933449D
:105F10006361236A2269934226D99B1B23626378BB
:105F2000002B45D1B5F8503015FA83F3227803EBF6
:105F3000C203B3F80624C2F30902A3F80624BEB9CB
:105F4000B3F806246FEA42426FEA524292B2A3F8D3
:105F500006242FE0B5F8502015FA82F202EBC303B5
:105F6000B2B2A3F80224CBE7002222621E46D6E793
:105F70003E2E0DD8720816F0010F00D00132B3F892
:105F8000061489B2920292B20A43A3F8062411E0E1
:105F9000710916F01F0F00D10139B3F8062492B22F
:105FA000890289B20A4342F40042A3F8062401E0C0
:105FB000012B06D0B3B2628961692846FFF71BFE48
:105FC0008EE6B5F8503015FA83F3227803EBC2035E
:105FD000B2B2A3F80624EDE7217835F8212092B279
:105FE00022F4E24222F0700242F4004242F08002C7
:105FF00025F82120B5F8502015FA82F2217802EB1D
:10600000C1029BB2A2F80234228961692846FFF7D7
:10601000F2FD65E63E2E0DD8730816F0010F00D094
:106020000133B2F8061489B29B029BB20B43A2F86B
:10603000063418E0710916F01F0F00D10139B2F8CB
:1060400006349BB2890289B20B4343F40043A2F8A1
:10605000063408E0B5F8503015FA83F303EBC203B9
:10606000B2B2A3F80624B3B2628961692846FFF789
:10607000C2FD35E6B3BBB5F8503015FA83F303EB38
:10608000C202B2F80234C3F30903A2F802344EB9D3
:10609000B2F802346FEA43436FEA53439BB2A2F86B
:1060A000023428E03E2E0DD8730816F0010F00D000
:1060B0000133B2F8021489B29B029BB20B43A2F8DF
:1060C000023418E0710916F01F0F00D10139B2F83F
:1060D00002349BB2890289B20B4343F40043A2F815
:1060E000023408E0B5F8503015FA83F303EBC2032D
:1060F000B2B2A3F80224B3B2228961692846FFF73D
:106100007AFDEDE5227835F822309BB223F4E243A4
:1061100023F0700343F4004343F0800325F822305A
:10612000A3692269934213D99B1AA361227835F897
:1061300022309BB223F4804323F0700383F4405356
:1061400043F4004343F0800325F82230002070BD63
:106150000023A361EAE7CB78022B04D0012B21D1E5
:1061600000238B61E2E7CB69002BDFD00A7830F89F
:10617000223099B213F4804F10D011F0400FD5D0D7
:1061800035F822309BB223F4E04323F0700343F44C
:10619000004343F0C00325F82230C7E711F0400F59
:1061A000C4D1EDE70120D2E79C465B08104400F51E
:1061B000806007E030F8022B0A70C2F307224A70B1
:1061C0000231013B002BF5D11CF0010F01D00388F7
:1061D0000B7070470120704708B502F099F916233B
:1061E00003604FF0FF3008BD08B54FF0FF31FFF7F7
:1061F000F3FFFEE770B50E461546002406E0AFF348
:106200000080314601F8010B01340E46AC42F6DB4A
:10621000284670BD70B50C461646002504E014F8FB
:10622000010BAFF300800135B542F8DB304670BD9D
:106230004FF0FF3070474FF400534B600020704721
:10624000012070470020704708B503460D4A0E49EB
:106250000E48006840B10D4800680344521A93424A
:1062600008D80A4A136008BD0848DFF824C0C0F8FF
:1062700000C0F0E702F04CF90C2303604FF0FF3050
:10628000F1E700BF00000320000C00000005002023
:1062900030200020164AD2F8883043F47003C2F848
:1062A00088304FF0B0431A6842F001021A604FF490
:1062B000E0229A601968A2F1A262A2F205120A40D5
:1062C0001A60D3F8942022F00502C3F89420D3F882
:1062D000982022F00102C3F89820064ADA601A6179
:1062E0001A6822F480221A6000229A61704700BF67
:1062F00000ED00E00010042208B500220F4910480C
:1063000000F071FC70B90F490D4800F083FC60B9D2
:106310000D490B4800F037FA50B9094800F09AFCD3
:1063200048B908BDFBF7E6FBEDE7FBF7E3FBEFE75A
:10633000FBF7E0FBF1E7FBF7DDFBF2E7E400002011
:1063400004050020580000209C00002010B5D0F863
:10635000D43203F1B00250F822408CB100EB82003D
:1063600043687BB194F80002FF280DD09B6894F835
:10637000012221469847FF2384F80032002010BDF7
:106380000320FCE71846FAE70020F8E70A23038019
:106390000048704790000020F8B507460F4D822155
:1063A000284600F0D2FD06460121284600F0CDFD2A
:1063B00004468121284600F0C8FD0EB11022B271BA
:1063C0001CB1402222710022627118B14022027178
:1063D0000022427143233B800048F8BD1400002096
:1063E000F8B507460F4D8221284600F0AEFD06465F
:1063F0000121284600F0A9FD04468121284600F02D
:10640000A4FD0EB11022B2711CB1402222710022F3
:10641000627118B1402202710022427143233B8015
:106420000048F8BD14000020F8B507460F4D822142
:10643000284600F08AFD06460121284600F085FD29
:1064400004468121284600F080FD0EB11022B27171
:106450001CB1002222710222627118B10022027165
:106460000222427143233B800048F8BD1400002003
:1064700038B5D0F8D432B03350F8235095B1044633
:1064800000F083FBC5F80C02D4F8D432B03304EB2F
:1064900083046368DB6805F50371D5F80402984747
:1064A000002038BD0320FCE710B5D0F8C8E2D0F8D2
:1064B000D432B03350F823C0BCF1000F2FD001F01C
:1064C0000F0303EB830200EB8202526952B103EB2C
:1064D00083040EEBC40EDEF820E0B2FBFEF40EFBEC
:1064E000142292B10023CCF81432D0F8D432B03355
:1064F00000EB830043681B699BB10A460CF50471ED
:10650000DCF808029847002010BD03EB830300EB82
:1065100083035A61134600F028FB0020F4E70320B0
:10652000F2E71846F0E7F0B583B0D0F8D43203F1C3
:10653000B00250F8227000228DF80720ADF8042038
:10654000002F76D004460D46097811F0600633D04E
:10655000202E67D1EA882AB311F0800F07D16B781B
:1065600087F80032EA883F2A13D8D2B212E0B0335B
:1065700000EB83035B689B68394668789847EA8834
:10658000072A28BF07223946204601F057F900267E
:106590004CE0402287F801223946204601F064F998
:1065A000002643E0B03300EB83035B689B68294619
:1065B00068789847002639E06F780A2F23D008D8EA
:1065C00097B1012F32D02946204600F0FBFC03266C
:1065D0002CE00B2FF7D190F89C32032B26D02946C4
:1065E00000F0F0FC032621E090F89C32032B04D04D
:1065F000294600F0E7FC032618E0022201A901F079
:106600001DF93E4612E090F89C32032B04D0294637
:1066100000F0D8FC032609E001220DF1070101F08A
:106620000DF903E0294600F0CDFC0326304603B007
:10663000F0BD0326FAE738B50446812100F05FFA81
:10664000002584F837500121204600F058FA84F8DC
:1066500077518221204600F052FA84F84B5065644D
:10666000D4F8D43203F1B00254F822209AB1B033F6
:1066700004EB83035B685B689847D4F8D432B0338B
:1066800054F8230000F0AEFAD4F8D432B03344F812
:106690002350C4F8BC52002038BD70B504464FF4F6
:1066A000077000F09BFA002849D005464FF40772A6
:1066B000002101F0DBFED4F8D432B03344F823508B
:1066C000C4F8BC52237C002B40D14FF4007302224B
:1066D0008121204600F008FA012684F837604FF443
:1066E000007302223146204600F0FEF984F87761FB
:1066F00010236364082303228221204600F0F4F96A
:10670000012384F84B300026C5F80462D4F8D43253
:10671000B03304EB83035B681B689847C5F81462C9
:10672000C5F81862D5F804225AB3257C15BB4FF47E
:1067300000730121204600F020FA284670BDD4F8ED
:10674000D432B03344F823000225F6E74023022276
:106750008121204600F0C8F9012684F837604023E3
:1067600002223146204600F0BFF984F877611023F9
:106770006364BFE740230121204600F0FEF90025B5
:10678000DBE70225D9E739B1D0F8D432B03300EBDA
:10679000830041600020704703207047D0F8D43256
:1067A000B03350F823302BB1C3F80812C3F81022CD
:1067B0000020704703207047D0F8D432B03350F82F
:1067C00023301BB1C3F80412002070470320704728
:1067D00008B5D0F8D432B03350F823208AB1D2F8BB
:1067E00014320BB1012008BD0123C2F81432D2F8D3
:1067F00010328362D2F80822812100F0B6F900201D
:10680000F1E70320EFE710B5D0F8D432B03350F8F9
:10681000232092B1047C44B94FF40073D2F80422CF
:10682000012100F0AAF9204610BD4023D2F804222D
:10683000012100F0A2F90024F5E70324F3E700208A
:1068400070470020704700207047000010B50146D7
:10685000044C2046FFF7B0FF2046FFF7D4FF00208E
:1068600010BD00BF0405002010B5064C00220649EB
:106870002046FFF793FF05492046FFF79DFF0020C4
:1068800010BD00BF04050020E0070020E00F00203D
:1068900008B5084BD3F8BC32D3F814320BB1012041
:1068A00008BD0A4601460348FFF778FF0148FFF795
:1068B0008FFFF5E704050020022804D005D808B1B1
:1068C000032070477047012070470320704708B5C8
:1068D000FBF712F908BD000010B59CB0044600217A
:1068E0001791189119911A911B91502203A801F048
:1068F000BDFD2268254B9A4201D01CB010BD4FF45B
:1069000080730393182304934FF4003305934FF0DF
:10691000007306934FF0005307934FF08073089372
:106920004FF08063109303A8FEF779F858BB4FF03F
:10693000B044E36C43F00103E364E36C03F0010350
:106940000293029B4FF4C053179302231893002322
:1069500019931A930A231B9317A94FF09040FBF742
:10696000D5FBA36D43F08063A365A36D03F0806343
:106970000193019B002211461420FBF79FFB14207A
:10698000FBF7ACFBB9E7FBF7B5F8D0E700680040D0
:1069900008B500F52671D0F8D80200F071F908BDED
:1069A00008B501EB810300EBC303D3F86421D0F8F1
:1069B000D80200F0F6F908BD08B501EB810300EB41
:1069C000C3035A6AD0F8D80200F04EFA08BD08B5E1
:1069D000D0F8D80200F0D1F908BD10B504464379CB
:1069E000022B09D10121D4F8D80200F0A9F9D4F87A
:1069F000D80200F071F910BDFBF77CF8F2E7000057
:106A000010B50446D0F8D80200F09DF9637A23B19E
:106A1000024A136943F00603136110BD00ED00E064
:106A200010B50446437A23B9D4F8D80200F099F996
:106A300010BD044A136923F006031361FFF747FFF3
:106A4000F2E700BF00ED00E038B50546204CC4F881
:106A5000D802C0F8C842FDF73DF91E4B2360082359
:106A6000237102236371E371002323726372A372A3
:106A7000E3722046FCF79AF930BB18230022114636
:106A8000D5F8C802FDF7E3F8582300228021D5F895
:106A9000C802FDF7DCF8C02300228121D5F8C80226
:106AA000FDF7D5F84FF4887300220121D5F8C8020C
:106AB000FDF7CDF84FF4807300228221D5F8C8028B
:106AC000FDF7C5F8002038BDFBF714F8D5E700BF87
:106AD000001A00200068004008B5D0F8C802FCF792
:106AE000C0F9FFF7E9FE08BD08B594461A466346AB
:106AF000D0F8C802FCF76EFFFFF7DEFE08BD08B550
:106B0000D0F8C802FCF7A9FFFFF7D6FE08BD08B50C
:106B1000D0F8C802FDF723F8FFF7CEFE08BD08B590
:106B2000D0F8C802FDF754F8FFF7C6FE08BDD0F84C
:106B3000C83211F0800F08D101F07F0101EB810113
:106B400003EBC10393F85201704701F07F0101EBA1
:106B5000810103EBC103987C704708B5D0F8C802E7
:106B6000FCF74CFEFFF7A8FE08BD08B5D0F8C80238
:106B7000FCF7CFFFFFF7A0FE08BD08B5D0F8C802AC
:106B8000FCF7A1FFFFF798FE08BD08B5D0F8C802D2
:106B9000FCF7B6FF08BD000010B5044669B1012935
:106BA00011D1D0F8D80200F0CEF8637A5BB10A4A6E
:106BB000136943F00603136105E0437A23B9D4F85F
:106BC000D80200F0CEF810BDFFF781FE024A13692B
:106BD00023F006031361F2E700ED00E00048704780
:106BE000E0170020704798B108B503460020C3F8AD
:106BF000B802C3F8C402C3F8D00209B1C3F8B41292
:106C0000012183F89C121A701846FFF71DFF08BD7A
:106C10000320704710B582B00023ADF80630B9B13B
:106C20000446C0F8B812D0F8D422CB6A43B1AE32D1
:106C300050F82230DB6A0DF106009847C4F8D00204
:106C4000D4F8D8320133C4F8D832002002B010BDD5
:106C50000320FBE708B5FFF73FFF08BD08B5D0F8F4
:106C6000B83213B11B68984708BD1846FCE708B551
:106C7000D0F8B8325B68984700B908BD0320FCE73C
:106C800038B5044600F2AA25284600F087F901230A
:106C9000C4F89432B4F8B032C4F8983294F8AA1216
:106CA00001F01F03012B07D0022B0AD073B929462C
:106CB000204600F063FB38BD2946204600F09FFBCC
:106CC000F9E72946204600F0E2FBF4E701F08001F5
:106CD0002046FFF71CFFEEE7F8B50446012380F8D5
:106CE0009C320023C0F894324360C0F8A43280F88C
:106CF000A032D0F8B832E3B15B68E3B10021984725
:106D00000746D0B94023002211462046FFF7ECFE8B
:106D1000012684F863614025A4F860512B460022C7
:106D200080212046FFF7E0FE84F823602584384662
:106D3000F8BD1F46E6E71F46E4E703231F46E1E7E9
:106D400001740020704790F89C32042B04D090F816
:106D50009C32DBB280F89D32042380F89C32002004
:106D6000704790F89C32042B01D00020704790F8B7
:106D70009D32DBB280F89C32F7E708B590F89C3280
:106D8000032B01D0002008BDD0F8B832002BF9D079
:106D9000DB69002BF6D09847F4E70020704700200D
:106DA000704738B504460D46002944D1D0F89432D6
:106DB000032B01D0084638BDD0F85831B0F8602117
:106DC000934209D890F8AA3203F01F03012B12D086
:106DD000022B1ED0084613E09B1AC0F85831D0F899
:106DE00064111144C0F864119A4238BF1A4600F089
:106DF0004CFD2846DFE790F8AE12FFF7CEFF18B93A
:106E000094F89C32032B09D0204600F046FD28461A
:106E1000D1E790F8AE12FFF7C2FFF0E700F1AE0342
:106E200054F823301A69002AEED0C4F8D4021B6942
:106E300020469847E8E701F07F01FFF7B0FF88B9E7
:106E400094F89C32032BB6D100F1AE0354F82330F2
:106E50009A69002AAFD0C4F8D4029B69294620461B
:106E60009847A8E70020A6E738B504460D46002954
:106E70004BD1D0F89432022B07D094F8A00218B16D
:106E8000002384F8A032284638BD8269038C9A42D8
:106E90000DD89A4219D094F89C32032B29D0802126
:106EA0002046FFF734FE204600F002FDE5E7D21A47
:106EB0008261416A1944416200F0CEFC00231A4607
:106EC00019462046FFF759FED7E742699342E2D8B8
:106ED000D0F898329A42DED20022114600F0BCFC73
:106EE0000021C4F898120B460A462046FFF745FEDB
:106EF000C3E7D4F8B832DA68002AD0D00022C4F848
:106F0000D422DB6820469847C9E741F08001FFF7AB
:106F100046FF88B994F89C32032BB5D100F1AE033B
:106F200054F823305A69002AAED0C4F8D4025B6901
:106F3000294620469847A7E70020A5E70B88027856
:106F400013440B80037818447047428803789A42B0
:106F500018D930B583B004460D46ADF806306388C5
:106F6000BDF806209A420AD20DF10601FFF7E6FFAE
:106F70004378052BF3D18378AB42F0D100E00020B9
:106F800003B030BD002070470346002002E001300E
:106F9000C0B201331A78002AF9D170470B78037018
:106FA0004B7843708B78CA7843EA022343800B798D
:106FB0004A7943EA022383808B79CA7943EA022320
:106FC000C380704710B504468021FFF7A0FD002163
:106FD0002046FFF79CFD10BD30B583B004460D463A
:106FE0000023ADF806304A88130A062B00F0A5806E
:106FF00021D8022B31D0032B43D0012B40F0B78096
:10700000D0F8B4321B680DF10601007C9847EA887D
:10701000002A00F0B680BDF80630002B00F0AC80EE
:107020009A4228BF1A46ADF806200146204600F0D5
:1070300005FC03B030BD072B00F08B800F2B40F018
:107040009680D0F8B432DB6923B10DF10601007CE3
:107050009847DCE7FFF7B6FFEBE7037C43B9D0F8CE
:10706000B8329B6A0DF10600984702234370CEE7C1
:10707000D0F8B832DB6A0DF106009847022343705E
:10708000C5E7D2B2032A38D00ED8012A1DD0022A71
:1070900027D0002A4CD1D0F8B4325B6893B10DF1FF
:1070A0000601007C9847B2E7042A32D0052A3FD176
:1070B000D0F8B4329B69002B37D00DF10601007C6B
:1070C0009847A4E7FFF77EFFB3E7D0F8B4329B6898
:1070D00023B10DF10601007C984798E7FFF772FF96
:1070E000A7E7D0F8B432DB6823B10DF10601007CCC
:1070F00098478CE7FFF766FF9BE7D0F8B4321B692F
:1071000023B10DF10601007C984780E7FFF75AFF95
:107110008FE7D0F8B4325B6923B10DF10601007C32
:10712000984774E7FFF74EFF83E7FFF74BFF80E7D1
:1071300029462046FFF746FF7BE7037C33B9D0F8AA
:10714000B8325B6B0DF10600984760E7FFF73AFF36
:107150006FE7037C43B9D0F8B8321B6B0DF1060022
:1071600098470723437052E7FFF72CFF61E7294652
:107170002046FFF727FF5CE729462046FFF722FF5E
:1071800057E7204600F089FB53E738B504468B8863
:1071900003BBCB88F3B94B887F2B1BD803F07F034D
:1071A0001A4690F89C32032B0DD0154680F89E228B
:1071B0001146FFF7D2FC204600F06FFB35B10223E9
:1071C00084F89C3209E0FFF7FDFE06E0012384F815
:1071D0009C3202E02046FFF7F5FE38BD70B504464C
:1071E0000E464B88DDB2324A1570012D11D890F849
:1071F0009C22D1B2022A10D0032928D03146FFF7B1
:10720000E1FE2B4B19782046FFF731FD0325284678
:1072100070BDFFF7D7FE0325F9E7ADB1DBB24360E0
:107220002946FFF71BFD054638B131462046FFF7DA
:10723000C9FE022384F89C32E9E7204600F02DFBCA
:10724000032384F89C32E2E700F027FBDFE7D5B1A7
:10725000DBB241688B4226D0C9B2FFF708FD144B60
:10726000197861602046FFF7F9FC0546B8B1314650
:107270002046FFF7A7FE21792046FFF7F8FC0223FE
:1072800084F89C32C3E7022280F89C22DBB2436080
:107290002946FFF7ECFC204600F0FFFAB7E720464E
:1072A00000F0FBFAB3E700F0F8FA0025AFE700BF03
:1072B000DC1C002008B5CB88012B0BD190F89C3248
:1072C000DAB2022B09D9032A11D10122011D00F0E3
:1072D000B5FA01E0FFF776FE08BD52B23AB10146B9
:1072E000002341F8083F012200F0A8FAF4E7FFF775
:1072F00069FEF1E708B590F89C32013B022B12D8E9
:10730000CB88022B0CD10123C360D0F8A4320BB17F
:107310000323C360022200F10C0100F08FFA08BDC4
:10732000FFF750FEFBE7FFF74DFEF8E708B54B8887
:10733000012B04D0022B07D0FFF744FE08BDC0F894
:10734000A43200F0AAFAF9E78B881B0A80F8A03271
:1073500000F0A3FAF2E708B590F89C32013B022B4B
:1073600009D84B88012B00D008BD0023C0F8A432F7
:1073700000F093FAF8E7FFF725FEF5E738B50C784B
:1073800004F06004202C06D0402C04D06CB1FFF730
:1073900019FE002407E0D0F8D432AE3350F8233081
:1073A0009B6898470446204638BD4B781D46052B00
:1073B00012D008D8012B1CD0032B17D0E3B9FFF74C
:1073C00099FF2C46EFE7082B0DD0092B07D0062B91
:1073D00012D1FFF701FEE6E7FFF7D7FEE3E7FFF77D
:1073E000FDFE0446DFE7FFF765FFDCE7FFF79EFFE2
:1073F000D9E7FFF7B0FFD6E7FFF7E4FDD3E770B5B5
:1074000005460C460B7803F06003202B08D0402B78
:1074100006D02BB1FFF7D6FD00231E46304670BDC7
:1074200095F89C32013B022B2AD82179012906D9F3
:1074300021462846FFF7C6FD00231E46EEE72846F4
:10744000FFF7ABFC034668B900F1AE02284655F8D9
:107450002220916889B1C5F8D432936821469847B3
:10746000064601E003231E46E388002BD6D1002EFA
:10747000D4D1284600F011FAD0E703231E46F3E7E3
:1074800021462846FFF79EFD00231E46C6E72DE94C
:10749000F04106460D468B88DAB217460C7804F0A8
:1074A0006004202C08D0402C06D0DCB1FFF78AFD08
:1074B00000242046BDE8F08139463046FFF76FFCD6
:1074C0000446002840F0FB803046C6F8D44204F160
:1074D000AE0356F823309B68002BEAD02946984724
:1074E0000446E6E74A789046012A2FD0032A04D0C2
:1074F000002A69D0FFF766FDDBE790F89C32DAB22C
:10750000022B04D0032A12D0FFF75CFDD1E73946E5
:107510000FB1802F04D129463046FFF753FDC8E74D
:10752000FFF7F5FA80213046FFF7F1FAC1E74B8803
:1075300023B91FB1802F01D0CB881BB1304600F09A
:10754000ACF9B6E73946FFF7E2FAF7E790F89C2284
:10755000D1B2022A05D0032913D02946FFF732FD04
:10756000A7E739460FB1802F04D129463046FFF7EF
:1075700029FD9EE7FFF7CBFA80213046FFF7C7FAD7
:1075800097E76A88002A94D113F07F0F18D130460C
:1075900000F083F939463046FFF701FC0346002826
:1075A00087D13046C6F8D43203F1AE0256F8222015
:1075B0009268002A00F0858029469047044678E7C3
:1075C0003946FFF7ACFAE2E790F89C22D1B2022AE2
:1075D00006D003292AD02946FFF7F4FC444668E781
:1075E0000FB1802F14D113F0800F16D103F07F0359
:1075F00003EB8303990001F5A871314404310023A2
:1076000001F80E3F0222304600F018F9444650E7D8
:107610002946FFF7D7FC44464BE703F07F0303EB13
:1076200083039900103131440431E8E759B200294D
:1076300020DB03F00F0202EB820200EB820292F8E1
:1076400063412CB3002927DB03F07F0303EB8303A3
:107650009C0004F5A874344404340FB1802F24D165
:107660000023A373022204F10E01304600F0E6F875
:1076700044461EE703F00F0202EB820200EB820297
:1076800092F82340002CDDD12946FFF79BFC10E740
:107690002946FFF797FC0CE703F07F0303EB830316
:1076A0009C00103434440434D7E739463046FFF7A1
:1076B0003EFA10B10123A373D4E7A073D2E70024EC
:1076C000F7E61C46F5E600B370B50D4616460446CF
:1076D000FFF75AFC01304300B3F5007F06D89BB298
:1076E00033802B7003236B7002230AE04FF4007386
:1076F000F6E7EA5401345A1CD2B20021A9540233ED
:10770000DBB22278002AF4D170BD704712230B80BF
:1077100000487047D000002004230B8000487047C9
:10772000CC000020002393421DD200B510E00CF1E4
:10773000370C01F813C000014FEA430C0CF1010CA7
:107740004FF0000E01F80CE00133DBB2934209D296
:107750004FEA107CB0F1204FE9D20CF1300C01F867
:1077600013C0E8E700BD70470B4BD3F89005D3F882
:107770009425D3F89835C01800D1704710B5144639
:1077800008220649FFF7CEFF0422044B03F1100143
:107790002046FFF7C7FF10BD0070FF1FB20000209A
:1077A00008B51A230B80FFF7DFFF014808BD00BFB3
:1077B000B000002008B50A4628B905490548FFF77A
:1077C00082FF034808BD02490248FFF77CFFF8E743
:1077D000E01C002030A8000810B50A46034C2146E2
:1077E0000348FFF770FF204610BD00BFE01C0020DB
:1077F00048A8000808B50A4628B905490548FFF712
:1078000062FF034808BD02490248FFF75CFFF8E742
:10781000E01C00205CA8000808B50A4628B9054904
:107820000548FFF750FF034808BD02490248FFF72B
:107830004AFFF8E7E01C002068A8000808B51346D6
:107840000222C0F894224361416283610A4600210A
:10785000FFF78BF9002008BD08B513460A46002142
:10786000FFF783F9002008BD08B513460322C0F8CE
:107870009422C0F85431C0F86411C0F858310A4657
:107880000021FFF77AF9002008BD08B513460A4623
:107890000021FFF772F9002008BD08B50422C0F8E6
:1078A000942200231A461946FFF75FF9002008BD0D
:1078B00008B50522C0F8942200231A461946FFF79E
:1078C0005CF9002008BDD458C4500433C4188C425D
:1078D000F9D37047036004308842FBD3704700003F
:1078E0000C488546FEF7D6FC0B480C490C4A002391
:1078F000FFF7ECFF0B480C490C4A0023FFF7E6FFAB
:107900000B480C490023FFF7E7FF00F007FEFAF7EA
:1079100059F9FEE70000032008000020CC020020F7
:107920002CAD00080000032000000320F0AF000889
:10793000CC0200202C200020FEE72DE9FF4757EC69
:10794000106B002F0C469146DDF830A019464FF021
:10795000000203DA07F100431F462D220D9D0A7035
:1079600025F02005462D04D0452D00D101340221FB
:1079700000E0032103AB019302AB009347EC106BD3
:107980005346224600F088FE472D80461AD119F052
:10799000010F0ED000EB04090022002330463946C7
:1079A000F9F74AF808B1CDF80C903022039B4B450B
:1079B0001ED3039B0E9AA3EB08034046136004B04A
:1079C000BDE8F087462D00EB0409E5D10378302BA4
:1079D0000AD10022002330463946F9F72DF818B9AC
:1079E000C4F10104CAF80040DAF800309944D3E742
:1079F000591C03911A70D9E7F7B50029BABF49425B
:107A00002D232B230929027043702ADD0DF1070471
:107A1000871CA6460A26A446B1FBF6F506FB1512FE
:107A20003032632904F1FF340CF8012C2946F2DCD2
:107A30003031ACF1020204F8011C411C14467245BD
:107A40000AD30DF10903A3EB0C03A64538BF0023AD
:107A50003B44181A03B0F0BD12F8013B01F8013F96
:107A6000EDE7302330318370C170031DF1E7000072
:107A70002DE9F04F8FB00C46DDF8608016461F46AA
:107A8000054600F0FBFC036807931846F8F7A8FBCF
:107A900000230C93D8F8003094F818A0D4F800B064
:107AA0000890073323F00703B3EC027B8DED047BD2
:107AB000C8F80030DDE9048323F0004984ED127B2F
:107AC0009A4B4FF0FF3240464946F8F7E7FF70BB4C
:107AD000964B4FF0FF3240464946F8F7C1FF30BBA6
:107AE000DDE9040100220023F8F7B0FF10B12D23D7
:107AF00084F843308E4A8F4BBAF1470F8CBF9046C3
:107B00009846032323612BF0040323604FF0000900
:107B1000009733460DAA2146284600F0CDF90130E2
:107B200040F08C804FF0FF300FB0BDE8F08FDDE902
:107B3000042310461946F8F7B1FF40B1059B7E4A71
:107B4000002BBCBF2D2384F843307C4BD4E7636803
:107B50005A1C0AF0DF093BD1062363604BF48062B4
:107B60000023226003930CABCDE901A30BAB009380
:107B700061689DED040B0DF12B032846FFF7DDFE38
:107B8000B9F1470F0B99804629D1C81C02DB636805
:107B90008B4241DAAAF1020A5FFA8AFA01395246A7
:107BA00004F150000B91FFF727FF0C9A1318012ADC
:107BB0008146236102DC2268D20701D501332361AB
:107BC0009DF82B30002BA3D02D2384F843309FE762
:107BD000B9F1470FC2D1002BC0D10123BDE7BAF1E3
:107BE000650FDBD9BAF1660F18D1002963680BDD88
:107BF000216113B92268D00702D501330B442361F8
:107C0000A1654FF00009DBE713B92268D20701D55F
:107C10000233F4E70123F2E74FF0670A0C9B8B4233
:107C200005DC23682161D807EAD54B1CE7E700296A
:107C3000D4BFC1F1020201221344E0E723685A05D0
:107C400007D42369424631462846B847013028D137
:107C500068E7BAF1650F40F2DB80D4E91201002237
:107C60000023F8F7E9FE90B3354A01233146284650
:107C7000B84701303FF456AFDDE90B38434502DB2E
:107C80002368D8070DD5DDE9072331462846B847D4
:107C900001303FF447AF4FF0000908F1FF38C84505
:107CA00009DC23689B0700F10481E0680D9B984282
:107CB000B8BF184638E7012304F11A0231462846B6
:107CC000B84701303FF42EAF09F10109E7E70B9BFC
:107CD000834237DC1A4A012331462846B84701302F
:107CE0003FF420AFDDE90B3959EA030302D12368E1
:107CF000D907D6D5DDE9072331462846B8470130F4
:107D00003FF410AF4FF0000A0B9B5B42534501DC80
:107D10004B4697E7012304F11A0231462846B8473B
:107D200001303FF4FFAE0AF1010AEDE7FFFFEF7FFC
:107D3000FCA80008F8A8000804A9000800A9000889
:107D400008A90008A36DDDF830B05B45A8BF5B460D
:107D5000002B049337DC4FF0000904F11A02049B56
:107D6000D4F858A0002BACBFAAEB030353464B45F5
:107D700031DC0B9B9B453ADC2368DA0737D40B9B3D
:107D8000ABEB0309ABEB0A039945A8BF9946B9F1E0
:107D9000000F34DC4FF000080B9BB9F1000FABEB88
:107DA0000303A8BFA3EB090343457FF77AAF012381
:107DB00004F11A0231462846B84701303FF4B2AE0A
:107DC00008F10108E8E7049B424631462846B847D7
:107DD0000130C0D1A6E60123314628460992B847B2
:107DE00001303FF49FAE099A09F10109B7E7DDE9D7
:107DF000072331462846B8470130C0D192E64B46AA
:107E000008EB0A0231462846B8470130C2D189E65C
:107E1000DDF830A0BAF1010F01DCDB0735D5012315
:107E2000424631462846B84701303FF47BAEDDE993
:107E3000072331462846B84701303FF473AED4E9F2
:107E40001201002200230AF1FF3AF8F7F5FDC8B944
:107E5000534608F1010231462846B84701300DD19A
:107E600060E6012304F11A0231462846B847013082
:107E70003FF458AE08F10108D045F2DB4B4604F15F
:107E80005002E0E64FF00008F6E701234246E2E741
:107E9000012304F1190231462846B84701303FF466
:107EA00041AE08F10108E3680D995B1A4345EFDC28
:107EB000FBE64FF00008F6E72DE9F04791469846BB
:107EC0008A680B69089E9342B8BF1346C9F8003010
:107ED00091F8432007460C4612B10133C9F800302F
:107EE0002368990642BFD9F800300233C9F8003040
:107EF000256815F0060507D104F1190AE368D9F8D9
:107F000000209B1AAB4229DC94F843302268003BE6
:107F100018BF012392062ED404F14302414638468D
:107F2000B047013021D02368A168226903F006031D
:107F3000042B01BFE568D9F80030ED1A25EAE57594
:107F400018BF00258B1A2B449142C8BF1D464FF025
:107F500000091A344D451AD1002008E00123524689
:107F600041463846B047013003D14FF0FF30BDE8FD
:107F7000F0870135C2E7E1185A1C302081F8430030
:107F8000224494F8451082F843100233C4E70123D9
:107F9000224641463846B0470130E6D009F1010992
:107FA000D8E700002DE9F04398460B7E85B0782B8A
:107FB000174606460C9A0C4609D8622B01F143017C
:107FC00008D8002B00F0DC80582B00F0BD8004F1B5
:107FD000420539E0A3F163001528F8D801A555F84A
:107FE00020F000BF3D80000851800008CF7F0008CE
:107FF000CF7F0008CF7F0008CF7F000851800008A6
:10800000CF7F0008CF7F0008CF7F0008CF7F000818
:10801000618100087D8000080F810008CF7F000883
:10802000CF7F000889810008CF7F00087D8000088D
:10803000CF7F0008CF7F0008178100081368191D43
:108040001B68116004F1420584F842300123A8E066
:1080500013682568181D1060280601D51B6803E009
:108060006A06FBD5B3F90030002B03DA2D225B4200
:1080700084F84320DFF878C10A2213E025681068ED
:1080800015F0800F50F8043B02D16D0648BF9BB23B
:108090001060227EDFF858C16F2A5DD108220020CF
:1080A00084F843006568A560002D05DB20681D434A
:1080B00020F00400206051D00D46B3FBF2F002FB2B
:1080C000103E9A421CF80EE005F801ED0346F4D983
:1080D000082A0BD12368DA0708D5236962689A4217
:1080E000DEBF302305F8013C05F1FF35491B216156
:1080F000CDF800803B4603AA21463046FFF7DCFE60
:10810000013053D14FF0FF3005B0BDE8F083236854
:1081100043F020032360DFF8DCC0782384F8453087
:108120002068156810F0800F55F8043B03D110F05B
:10813000400F18BF9BB21560C50744BF40F0200038
:10814000206023B11022AAE7DFF8A4C0E6E7226886
:1081500022F020022260F5E70A22A0E70D46B7E7E9
:108160001368D4F800C060691D1D15601CF0800FF5
:108170001B6801D0186003E01CF0400FFAD0188093
:10818000002323610D46B3E71368191D11601D68B4
:10819000626800212846F7F7D3FF08B1401B6060F2
:1081A00063682361002384F84330A1E723692A46EA
:1081B00039463046C0470130A4D023689B0714D409
:1081C000E068039B9842B8BF18469DE7012304F17D
:1081D000190239463046C047013093D00135E36873
:1081E00003995B1AAB42F1DCEAE70025F7E700BF31
:1081F0000AA900081BA90008002310B50446C0E91D
:108200000033C0E90433836081814366C2818361A6
:10821000194608225C3000F029F90D4B63620D4BC2
:10822000A3620D4BE3620D4B23630D4B24629C4212
:1082300006D003F16802944202D0D0339C4205D1AB
:1082400004F15800BDE8104000F08CB910BD00BF2B
:10825000E5830008078400083F840008658400085F
:10826000E01E0020024A0349034800F06BB800BF3B
:108270000401002099A100081401002041680C4B62
:10828000994210B5044601D001F086FFA168094B60
:10829000994202D0204601F07FFFE168064B9942E7
:1082A00004D02046BDE8104001F076BF10BD00BFED
:1082B000E01E0020481F0020B01F002010B50A4B10
:1082C0000A4A1A600A4800220421FFF795FF09486C
:1082D00001220921FFF790FFBDE810400648022265
:1082E0001221FFF789BF00BF182000206582000817
:1082F000E01E0020481F0020B01F0020014800F0B1
:1083000032B900BF21200020014800F02DB900BF84
:108310002120002010B50446FFF7F0FF236A1BB1AF
:10832000BDE81040FFF7F0BF044B2362044B1B680D
:10833000002BF5D1FFF7C2FFF2E700BF7D820008F6
:10834000182000202DE9F84380468946144600266F
:10835000D4E90175013F05D52468002CF8D13046D9
:10836000BDE8F883AB89012B07D9B5F90E3001338D
:1083700003D029464046C84706436835EAE700006F
:108380000CB430B5154B0C1E1D689DB008DA8B235C
:108390002B604FF0FF301DB0BDE8304002B0704799
:1083A0004FF000031B9318BF0123E31A04930793B4
:1083B0000B4B029006900593209A21AB02A9284608
:1083C000019301F035FC431CBCBF8B232B60002CB8
:1083D000E1D0029B00221A70DDE700BF10010020EF
:1083E0000802FFFF10B50C46B1F90E1000F06CF852
:1083F0000028ABBF636DA3891B1823F48053ACBF67
:108400006365A38110BD2DE9F0411F468B89DB0513
:1084100005460C46164605D5B1F90E10022300227A
:1084200000F040F8A389B4F90E1023F48053A3811F
:1084300032463B462846BDE8F04100F057B810B53B
:108440000C46B1F90E1000F02DF8B4F90C30421CB6
:108450000BBF23F4805343F48053A381A38118BF3F
:10846000606510BDB1F90E1000F00CB8024403466F
:10847000934200D1704703F8011BF9E700487047A9
:108480005002002038B5064C0023054608462360FC
:10849000FDF7CEFE431C02D1236803B12B6038BD2B
:1084A0001C20002038B5074C05460846114600221E
:1084B00022601A46FDF7C6FE431C02D1236803B1B1
:1084C0002B6038BD1C20002038B5074C05460846F7
:1084D0001146002222601A46FDF78CFE431C02D191
:1084E000236803B12B6038BD1C20002038B5074C31
:1084F000054608461146002222601A46FDF78AFE0C
:10850000431C02D1236803B12B6038BD1C2000201E
:10851000014B1868704700BF1001002070B50D4B6B
:108520000D4C00261D1BB6EBA50F09D102F07EF8FD
:108530000A4C0B4B00261D1BB6EBA50F05D170BDD9
:1085400054F8043B98470136EDE754F8043B98474C
:108550000136F1E724AD000824AD000824AD000881
:1085600028AD00087047704770470A44914200F1F7
:10857000FF3300D1704710B511F8014B03F8014FDC
:108580009142F9D110BD2DE9F74F03690C69A3425F
:1085900080467EDB013C01F11407A30000F11405C5
:1085A000009305EB8403019357F8243055F82420F9
:1085B00001339A4207EB8409B2FBF3F62ED34FF056
:1085C000000ABC46AE46D3465CF8043B98B206FBB4
:1085D00000A0020C1B0C06FB0323DEF8002080B277
:1085E00092B2121A5A44DEF800004FEA134A9BB2C4
:1085F000C3EB224303EB104392B242EA0342E1454C
:108600004EF8042B4FEA234BDED2009BEB582BB9DC
:10861000019B1A1F954230D3C8F81040404601F024
:108620009BF9002825DB01362946002057F8042B4A
:10863000D1F800C01FFA82FE1FFA8CF3A3EB0E03E1
:108640000344120CC2EB234202EB1C429BB243EAEE
:108650000243B94541F8043B4FEA2240E6D255F8BF
:10866000242005EB840322B9043B9D420BD3C8F8B8
:108670001040304603B0BDE8F08F1368002BCBD11B
:10868000043A013CC6E71A68002AF0D1043B013CD9
:10869000EBE70020EEE700002DE9F04F99B08DEDFB
:1086A0000E0B0C92C269229C0A9157EC106B81460A
:1086B000139382B9102000F011FE0246C9F81C0085
:1086C00020B9A94BEF21A94801F04AFE0023C0E9D7
:1086D00001330360C360116859B152684A600123D5
:1086E00093408B60484600F0E9FED9F81C30002228
:1086F0001A60B7F10008B5BF01230023236023608F
:108700009B4BBCBF28F00048CDF83C8033EA0803FF
:108710001AD1139AC8F3130842F20F7358EA0608E5
:10872000136000F06185239B53B9924B21E0924B7B
:1087300000930833239A1360009819B0BDE8F08FB6
:108740008C4B00930333F5E79DED0E7B002251EC3B
:10875000170B00238DED067BF8F76EF9824650B1BA
:10876000139A01231360239B13B1239A834B136045
:10877000834B0093E0E79DED060B16AA17A9484628
:1087800001F09EF95FEA1854169D019079D0079B7D
:10879000CDF850A0C3F31303DDE9060143F07F5386
:1087A00043F44013A4F2FF3419460022754BF7F747
:1087B00023FD67A3D3E90023F7F7D6FE66A3D3E929
:1087C0000023F7F71BFD064620460F46F7F762FE2B
:1087D00063A3D3E90023F7F7C7FE02460B463046F2
:1087E0003946F7F70BFD06460F46F8F76DF90022FC
:1087F0008046002330463946F8F728F948B140460C
:10880000F7F748FE32463B46F8F716F908B908F183
:10881000FF38B8F1160F51D85B4B03EBC803D3E90F
:108820000023DDE90601F8F711F9002848D008F126
:10883000FF38002312932D1B6B1E089343BF0023A8
:10884000C5F1010708930027B8F1000F3ADB089B38
:10885000CDF8348043440893002309930A9B092BE5
:1088600062D8052BC4BF043B0A930A9BA3F1020301
:10887000CCBF00240124032B62D8DFE803F051535E
:10888000362B179C2C4404F23243202BC1BFC3F17A
:10889000400308FA03F804F2124326FA03F3D6BFA2
:1088A000C3F1200348EA030006FA03F0F7F7E2FDFC
:1088B0000122A1F1F873013C149275E70123B9E795
:1088C0001290B8E7C8F1000309930023A7EB08074B
:1088D0000D93C3E701230B930C9B43440593013392
:1088E000012B0493B8BF012306E001230B930C9BDB
:1088F000002B28DDCDE90433D9F81C000021042227
:1089000002F114059D4243D94160484600F098FDAC
:10891000009000283FD11D4B024640F2AF11D2E635
:108920000023E3E70023D6E701240023CDE90A343E
:108930004FF0FF330022CDE904330C921223DBE722
:1089400001230B93F4E70123CDE904330C93D3E720
:1089500061436F63A787D23FB3C8608B288AC63F45
:10896000FB799F501344D33F39A9000850A9000850
:108970000000F07F35A900082CA9000809A900080B
:1089800008A900080000F83F50AB0008FFA9000844
:1089900001315200B4E7D9F81C30009A1A60049BE8
:1089A0000E2B75D8002C73D0B8F1000F40F3C480A3
:1089B0009F4B08F00F0203EBC20318F4807FD3E94A
:1089C00000AB4FEA281500F0A3809A4BDDE90601C1
:1089D000D3E90823F7F7F2FECDE9020105F00F0510
:1089E0000324944E002D40F0998052465B46DDE909
:1089F0000201F7F7E3FE82468B46129B002B00F044
:108A0000C3808D4B002250465946F8F71FF80028C6
:108A100000F0BA80049B002B00F0B680059B002B71
:108A200036DD08F1FF33029350465946834B00224E
:108A3000F7F79AFD059E82468B4601342046F7F7EC
:108A400029FD52465B46F7F78FFD7D4B0022F7F775
:108A5000D5FB0446A1F15075CDE91045002E40F03C
:108A60009780784B002250465946F7F7C5FB2246BF
:108A70002B4682468B46F8F707F8002840F0BD8267
:108A8000224605F1004350465946F7F7DFFF20BB69
:108A9000179B002BC0F28D81B8F10E0F00F3898176
:108AA000634B03EBC803D3E900AB0C9B002B80F2B4
:108AB0001B81049B002B00F317810ED1614B002218
:108AC00050465946F7F750FD02460B46DDE90601D0
:108AD000F7F7C6FF002800F0938200252C460C9B78
:108AE000009EDB430293274600242946484600F0B7
:108AF000E5FC002F00F0EE802CB1BC4203D02146F3
:108B0000484600F0DBFC3946484600F0D7FCE1E07F
:108B10009DED067B02248DED027B62E7E90708D517
:108B200050465946D6E90023F7F71EFD0134824628
:108B30008B466D10083655E722D0C8F100053C4B36
:108B40003C4E05F00F0203EBC203D3E90023DDE93D
:108B50000601F7F709FD2D1182468B460224002DF0
:108B60003FF44BAFEA0708D550465946D6E90023F3
:108B7000F7F7FAFC013482468B466D100836EEE7B3
:108B8000DDE906AB022438E7049ECDF8088055E7FE
:108B9000274B03EBC60353E902010B9B002B55D077
:108BA00002460B4600202849F7F708FEDDE91023AE
:108BB000F7F722FB009BCDE910019D191E4659468F
:108BC0005046F7F781FF00F13004F7F763FC0246E7
:108BD0000B4650465946F7F70FFBDDE9102306F820
:108BE000014B82468B46F7F731FF002872D152467F
:108BF0005B4611490020F7F7FFFADDE91023F7F78C
:108C000025FF002840F0B680AE423FF441AFDDE9D9
:108C100010010A4B0022F7F7A7FC084BCDE9100121
:108C2000002250465946F7F79FFC82468B46C6E71E
:108C300050AB000828AB00080000F03F00002440C3
:108C400000001C40000014400000E03FDDE910235C
:108C5000F7F78AFC009B009CCDE910013344159383
:108C600059465046F7F730FF00F13005F7F712FC90
:108C70000B46024659465046F7F7BEFA04F8015B28
:108C8000159B9C4282468B4627D1009B0022DDE942
:108C900010011E44AA4BF7F7B1FA02460B465046A4
:108CA0005946F7F7F1FE002864D1DDE91023A44905
:108CB0000020F7F7A1FA02460B4650465946F7F74F
:108CC000C5FE00283FF4E4AE334616F8012D302AE5
:108CD000FAD01E46DDF808803AE09A4B0022F7F7FA
:108CE00043FC82468B46BBE7009E52465B46DDE96D
:108CF0000601F7F763FDF7F7E7FE0746F7F7CAFB4C
:108D000052465B46F7F730FC02460B46DDE90601AA
:108D1000F7F772FA07F1300C009C06F801CBA6EBCE
:108D2000040C049C644502460B4633D1F7F766FAFF
:108D300052465B4604460D46F7F7A6FEC0B95246BA
:108D40005B4620462946F7F777FE08B1FB070FD4AC
:108D50000199484600F0B2FB0023139A337008F1E2
:108D600001031360239B002B3FF4E6AC1E60E3E499
:108D7000CDF8088033461E4613F8012D392A06D156
:108D8000009A9A42F7D1029A0132029230220132BD
:108D90001A709FE76B4B0022F7F7E6FB02460B4683
:108DA000CDE9062300220023F7F746FE00289CD0D9
:108DB000CEE70B9A002A00F0DF800A9A012A00F31E
:108DC000C380149A002A00F0B78003F23343099D50
:108DD0003E46089A01211A4448461F44089200F072
:108DE00021FC044656B1089B002B07DDB342089ACC
:108DF000A8BF3346FF1AF61AD31A0893099B0BB380
:108E00000B9B002B00F0BF80002D00F0B9802146A5
:108E10002A46484600F0D2FC019A014604464846DC
:108E200000F016FC01998246484600F047FB099B7A
:108E30005B1B099300F0AA80099A5146484600F04E
:108E4000BDFC01900121484600F0ECFB0D9B05465E
:108E5000002B00F0D0811A460146484600F0AEFCD7
:108E60000A9B012B054600F399800E9B002B40F0D6
:108E700090800F9BC3F31303002B40F08A800F9B5D
:108E800023F000431B0D1B05002B00F08580089B81
:108E90000133013708934FF0010A0D9B002B00F0BE
:108EA000B0812B6905EB8303186900F06FFBC0F1FB
:108EB0002000089B184410F01F0076D01B2870DC9F
:108EC000C0F11C000744064403440893002F05DD4D
:108ED00001993A46484600F0CDFC0190089B002BD2
:108EE00005DD29461A46484600F0C4FC0546129B9B
:108EF000002B5FD00198294600F02EFD002859DA9A
:108F000008F1FF330293019900230A22484600F03A
:108F1000F7FA0B9B0190002B00F07581002321468E
:108F20000A22484600F0ECFA059B002B044671DC4F
:108F30000A9B022B47DC6DE0169BC3F1360346E724
:108F40000000E03F00002440049B5D1E099BAB42F3
:108F500008DB5D1B049B002BBFF63AAF049BFE1A97
:108F6000002336E7099B0D9A0995EB1A1A440D92D6
:108F7000049B3E4600252CE7099D0B9C3E4631E7AD
:108F8000DDF804A058E7099A019957E7CDF804A045
:108F900058E74FF0000A80E79A467EE74FF0000A54
:108FA0007FE71C2892D0C0F120001C30089B0744AA
:108FB000064489E7049BCDF80880002B24DC059348
:108FC0000A9B022B22DD059B002B7FF488AD2946EE
:108FD000059B0522484600F093FA01460546019894
:108FE00000F0BAFC00287FF77AAD009E312306F826
:108FF000013B029B0133029375E535462C46F4E7AD
:10900000049DCDF80880F9E7049B05930B9B002B8A
:1090100000F0FD80002E05DD21463246484600F076
:1090200029FC0446BAF1000F58D06168484600F0A8
:1090300007FA064628B9814B024640F2EF21FFF7B6
:1090400042BB22690232920004F10C010C30FFF79E
:109050008CFA01223146484600F00CFC0746009B82
:10906000009A03F10108059B134406930E9B03F03D
:109070000103089329460198FFF785FA21460490D9
:1090800000F1300B019800F067FC3A460590294644
:10909000484600F07DFCC26808F1FF3A0646FAB97E
:1090A0000146019800F058FC0246314648460992B4
:1090B00000F004FADDE9092342EA0301089B1943A1
:1090C00046460FD1BBF1390F28D0059B002B02DD9E
:1090D000049B03F1310B8AF800B006E52746BEE792
:1090E0000122E2E7059B002B04DB0A990B43089958
:1090F0000B4320D1002AEEDD01990122484600F001
:10910000B9FB2946019000F027FC002803DCE2D1DE
:109110001BF0010FDFD0BBF1390FD9D139238AF809
:10912000003033461E46013B16F8012C392A52D036
:1091300001321A70D9E4002A07DDBBF1390FEDD0F6
:109140000BF101038AF80030CFE4069B08F801BC5C
:1091500043452AD0019900230A22484600F0D0F95D
:10916000BC4201904FF000034FF00A0221464846EE
:1091700006D100F0C5F90446074608F1010879E771
:1091800000F0BEF93946044600230A22484600F0A2
:10919000B7F90746F1E7059B5E1E002B009BD8BF81
:1091A00000265A1C274616440024019901224846ED
:1091B00000F060FB2946019000F0CEFB0028B0DCF7
:1091C00002D11BF0010FACD133461E4613F8012D1E
:1091D000302AFAD089E4009A9A42A3D1029B013343
:1091E00002933123137080E4239B002B7FF49FAA0A
:1091F000134BFFF7BEBA0A9B012B7FF736AEDDF8A3
:1092000034A0012055E6059B002B7FF7D9AE009EC8
:1092100001982946FFF7B7F900F1300B009B06F8DB
:1092200001BBF21A059B9342B5DD019900230A2286
:10923000484600F065F90190EAE700BFFFA9000881
:109240002CA9000837B5002944D051F8043C0190FE
:10925000002BA1F10404B8BFE41800F0E5F81E4AA1
:109260000198136833B96360146003B0BDE83040FF
:1092700000F0E0B8A34208D9256861198B4201BF0C
:1092800019685B6849192160EDE71A465B680BB104
:10929000A342FAD911685518A5420BD1246821447C
:1092A0005418A3421160E0D11C685B6853600C4401
:1092B0001460DAE702D90C230360D6E72568611948
:1092C0008B4204BF19685B68636004BF4919216061
:1092D0005460CAE703B030BD28200020024B01468D
:1092E000186800F025B800BF1001002070B50F4CC1
:1092F0000E462168054611B901F022F8206031467A
:10930000284601F01DF8431C03D14FF0FF342046DE
:1093100070BDC41C24F00304A042F8D0211A2846D2
:1093200001F00EF80130F2D1EFE700BF2420002059
:109330002DE9F843CD1C25F0030508350C2D38BF69
:109340000C25002D064601DBA94204D90C2333600D
:109350000020BDE8F883334F00F066F83B681C46F8
:109360003CBB29463046FFF7C1FF431C044656D19B
:109370003C68A046B8F1000F40D1002C49D02368CA
:109380004146304604EB030900F0DAFF814540D145
:1093900021686D1A29463046FFF7A8FF013038D002
:1093A00023682B4423603B685A685ABBC7F8008087
:1093B0000EE02268521B1ED40B2A16D96119A34253
:1093C000256018BF5960636808BF396062514B60FF
:1093D000304600F02FF804F10B00231D20F00700A9
:1093E000C21A1CBF1B1AA350B3E76268A3420CBF8A
:1093F0003A605A60ECE723466468B1E74446D8F81F
:109400000480B7E71A465B68A342FBD10023536090
:10941000DEE70C233360304600F00CF898E7056077
:10942000D6E700BF282000200148FFF79CB800BF06
:10943000202000200148FFF797B800BF202000201F
:1094400070B5C46905460E4684B91020FFF746FF83
:109450000446E86128B90246164B17486B2100F014
:109460007FFF0023C0E901330360C360E36853B9A1
:1094700021220421284600F091FFEB69E060DB68BF
:109480000BB9002070BD53F8260030B1026843F8D4
:1094900026200023C0E90333F4E7012101FA06F492
:1094A000621D9200284600F079FF0028E9D0C0E94B
:1094B0000164EEE739A9000810AA000870B5C46974
:1094C00006460D4674B91020FFF708FF0246F0610A
:1094D00020B9094B09488F2100F042FFC0E901443F
:1094E0000460C4603DB1F3696A68DB6853F8221018
:1094F000296043F8225070BD39A9000810AA00085D
:109500002DE9F0410D6907460C461E4601F1140C89
:109510000020DCF8003099B202FB01611E0C0B0C3C
:1095200002FB063389B2013001EB034185424CF85E
:10953000041B4FEA1346ECDC0EB3A368AB4219DC04
:10954000616838460131FFF77BFF804628B9024643
:109550000C4B0D48BA2100F003FF2269023204F1DE
:109560000C0192000C30FFF700F821463846FFF757
:10957000A5FF444604EB850301355E612561204665
:10958000BDE8F081FFA9000810AA0008B0F5803FEF
:10959000034636BF030400201020B3F1807F3CBF98
:1095A0001B020830B3F1805F3CBF1B010430B3F1F4
:1095B000804F3CBF9B000230002B04DB5B0001D5D9
:1095C0000130704720207047036813F007020146FE
:1095D0000BD0DA0722D4980749BF5B089B0801200B
:1095E0000B605CBF0B600220704798B2A0B91B0CE7
:1095F0001020DAB20AB908301B0A1A0704BF1B0987
:1096000004309A0704BF9B080230DA0702D45B08D3
:1096100006D001300B6070471046EAE70020704723
:109620002020704710B50C460121FFF709FF0246C4
:1096300028B9054B054840F2451100F091FE012381
:109640004461036110BD00BFFFA9000810AA000813
:109650002DE9F04FD1F81080D2F81090C84585B0B0
:109660000E46144604DB4B460C46C1461646984649
:10967000A368616809EB0807BB42B8BF0131FFF777
:10968000DFFE30B902464B4B4B484FF4B17100F04E
:1096900067FE00F1140505EB870B2B4600225B45A6
:1096A00022D306F1140101EB880304F1140C0CEB36
:1096B000890C029304F1150363458CBF0023012339
:1096C0000093ACEB0403153B9B080193029B0391B1
:1096D0008B420CD8002F03DD5BF8043D002B67D0D4
:1096E000076105B0BDE8F08F43F8042BD7E7B1F868
:1096F00000A0BAF1000F28D004F11408A9464FF0D9
:10970000000E58F8042BD9F8003096B29BB20AFB31
:109710000633D9F80060120C360C73440AFB02665B
:1097200006EB13469BB243EA0643C44549F8043BA3
:109730004FEA164EE5D8009A019B002A4FEA8303B0
:1097400008BF00232B44C3F804E0039BB3F802E0F6
:109750000431BEF1000F29D02B6804F1140698469D
:10976000A9464FF0000A32880EFB02A202EB184213
:109770009BB243EA024349F8043B56F8043BD9F84C
:1097800000804FEA134A1FFA88F30EFB0A3303EBFB
:109790001243B4454FEA134AE5D8009E019A002EC1
:1097A0004FEA820208BF00222A44536004358DE745
:1097B000013F8FE7FFA9000810AA00082DE9F84330
:1097C000174612F0030280460D4607D0264C013A98
:1097D000002354F82220FFF793FE0546BF103FD028
:1097E000D8F81C4094B91020FFF778FD0446C8F85B
:1097F0001C0030B902461D4B1D4840F2B31100F069
:10980000AFFD0023C0E901330360C360A66846B919
:1098100040F271214046FFF705FF0023A060064695
:1098200003602C464FF0000907F001037F1053B18D
:10983000294632464046FFF70BFF21460546404683
:10984000FFF73CFE67B1306838B9324631464046D2
:10985000FFF7FEFE3060C0F8009006462C46E3E7B6
:109860002846BDE8F88300BF18AB000839A90008F6
:1098700010AA00082DE9F84F0C4649682669A3682C
:1098800006EB6216074691464FEA621A06F1010896
:1098900043450BDB3846FFF7D3FD054648B9024682
:1098A0002B4B2C484FF4EF7100F05AFD01315B0057
:1098B000EEE700F1140100230A461846534539DB50
:1098C00020692AEAEA7A01EB8A0104F1140319F00B
:1098D0001F098C4603EB800030D0C9F1200A4FF0FD
:1098E000000E1A68E34602FA09F242EA0E02CBF8C9
:1098F000002053F8042B98420CF1040C22FA0AFEC3
:10990000EFD8031B153B23F0030304F1150290422B
:1099100038BF00231944C1F804E0BEF1000F00D1A4
:10992000B0463846C5F810802146FFF7C7FD2846E7
:10993000BDE8F88F42F8040B0133BFE753F8041B6E
:10994000CCF8001098420CF1040CF7D8E8E700BFFF
:10995000FFA9000810AA000803690A699B1A30B51C
:109960000ED11430143100EB820401EB820154F863
:10997000045D51F8042D954204D006D24FF0FF3318
:10998000184630BDA042F2D3FAE70123F8E7000001
:109990002DE9F74F8A460646114650461446FFF712
:1099A000DBFF051E12D129463046FFF749FD02466E
:1099B00028B9414B40F23721404800F0D1FC012347
:1099C000C0E90435104603B0BDE8F08FBCBF534674
:1099D000A2463046DAF80410BABF1C46012500251D
:1099E000FFF72EFD024618B9334B40F24521E3E75D
:1099F000DAF810702669C5600AF1140904F1140E32
:109A000000F114050AF1100309EB87080EEB860636
:109A10000193AB464FF0000C019B5EF8040B53F82A
:109A200004AF01931FFA8AF183B2CB1A000C63448E
:109A3000C0EB1A4000EB23409BB243EA004376455B
:109A40004BF8043B4FEA204CE6D8331B153B15344A
:109A500023F00303A64238BF0023E8184B441C1D23
:109A600004302646A5EB090546450ED308F103014F
:109A7000091B21F003010133984538BF002101443F
:109A800051F8043DABB117619CE706EB050E56F8A3
:109A9000041BE2464FEA11491CFA81FC514409EBD0
:109AA0002C4989B241EA09414FEA294CCEF800100D
:109AB000DAE7013FE4E700BFFFA9000810AA0008A9
:109AC0002DE9F7430F46012159EC108B1646FFF79D
:109AD000B7FC054630B90246234B244840F20F310B
:109AE00000F03EFCC9F30A54C9F313030CB143F46C
:109AF00080130193B8F1000323D068460093FFF769
:109B000063FD0099D8B1019AC0F1200302FA03F372
:109B10000B43C2406B610192019BAB61002B0CBFF8
:109B2000012202222A61A4B1A4F2334404443C601D
:109B3000C0F135003060284603B0BDE8F0836961AC
:109B4000EAE701A8FFF740FD019B6B61203001228D
:109B5000E8E705EB8203A0F2324038601869FFF7AE
:109B600015FDC0EB4210E5E7FFA9000810AA0008A8
:109B70002DE9F0478E681F46BE4282460C4690464D
:109B8000334653D8B1F90C0010F4906F2BD06569AF
:109B90002368096905EB4505A3EB010905EBD575BC
:109BA0007B1C6D104B44AB422A4684BF1D462A469F
:109BB000430527D511465046FFF7BAFB064658B372
:109BC00021694A46FEF7D1FCA38923F4906343F050
:109BD0008003A381266165614E44A5EB09052660DB
:109BE000A5603E463B461F4620683A46414600F087
:109BF0008DFBA3689B1BA36023683B44236000206C
:109C0000BDE8F087504600F0EFFB06460028E1D1A2
:109C100021695046FFF716FB0C23CAF80030A389D0
:109C200043F04003A3814FF0FF30E9E73E46DBE716
:109C30002DE9F0471F468B891B069CB006460D4652
:109C4000144610D50B6973B94021FFF771FB2860EA
:109C5000286130B90C2333604FF0FF301CB0BDE8F1
:109C6000F08740236B610023099320238DF829306E
:109C700003973023654F8DF82A304FF001082346B3
:109C80001A7899461AB1252A03F10103F8D1B9EBE4
:109C9000040A0BD05346224629463046FFF768FF98
:109CA000013000F0A380099A5244099299F80030DB
:109CB000002B00F09B8000224FF0FF33CDE90532EE
:109CC00009F10109049207928DF853201A924C462B
:109CD000052214F8011B4D48F6F732FA049AD0B960
:109CE000D00644BF20238DF85330110744BF2B23E7
:109CF0008DF8533099F800302A2B13D007994B4632
:109D000000204FF00A0C1A78303A092A1C464AD92A
:109D1000A8B1079113E0C01B08FA00F010430490AB
:109D2000A146D4E7039B191D1B680391002BBBBF01
:109D30005B4242F0020207930793B8BF0492237874
:109D40002E2B0AD163782A2B32D1039B1A1D1B6854
:109D5000039243EAE37302340593DFF8C09021785D
:109D600003224846F6F7ECF938B1049BA0EB090052
:109D700040228240134301340493217824488DF813
:109D800028100622F6F7DCF9002835D0214818BB48
:109D9000039B073323F0070308330393099B034412
:109DA000013409936BE701330CFB01210120AAE781
:109DB00000230593611C18464FF00A0C0A78303ACC
:109DC000092A0C4603D9002BC7D00590C5E70131FD
:109DD0000CFB00200123F1E703AB00932A460E4B56
:109DE00004A93046FDF744FE421CD7D1AB895B067F
:109DF0003FF532AF099831E703AB00932A46064B93
:109E000004A93046FEF7CEF8EEE700BFC0AA00086E
:109E1000CAAA0008717A0008719B0008C6AA000847
:109E20009368013B002B10B4936007DA9469A34256
:109E300001DB0A2902D110BC00F0D6B91368581C06
:109E400010601970084610BC7047F8B506460F46FA
:109E50001446D518AC4201D1002007E014F8011BCC
:109E60003A463046FFF7DCFF431CF3D1F8BD000053
:109E70002DE9F04706469CB00D4614461F4618B122
:109E8000036A0BB9FEF746FA6B6ED90705D4AB89A6
:109E90009A0502D4A86DFEF766FBAB891B0701D5B6
:109EA0002B699BB92946304600F0DCF970B16B6E26
:109EB000DE0704D54FF0FF301CB0BDE8F087AB895A
:109EC0009C05F7D4A86DFEF74FFBF3E70023099339
:109ED00020238DF82930039730236A4F8DF82A30DC
:109EE0004FF0010823461A7899461AB1252A03F142
:109EF0000103F8D1B9EB040A0BD053462246294698
:109F00003046FFF7A2FF013000F0A380099A5244C7
:109F1000099299F80030002B00F09B8000224FF04E
:109F2000FF33CDE9053209F10109049207928DF85A
:109F300053201A924C46052214F8011B5148F6F79B
:109F4000FFF8049AD0B9D00644BF20238DF85330CF
:109F5000110744BF2B238DF8533099F800302A2B7A
:109F600013D007994B4600204FF00A0C1A78303A6C
:109F7000092A1C464AD9A8B1079113E0C01B08FA68
:109F800000F010430490A146D4E7039B191D1B6801
:109F90000391002BBBBF5B4242F002020793079381
:109FA000B8BF049223782E2B0AD163782A2B32D1A2
:109FB000039B1A1D1B68039243EAE3730234059363
:109FC000DFF8D090217803224846F6F7B9F838B187
:109FD000049BA0EB09004022824013430134049308
:109FE000217829488DF828100622F6F7A9F80028CC
:109FF0003ED0264818BB039B073323F007030833E2
:10A000000393099B0344013409936BE701330CFB71
:10A0100001210120AAE700230593611C18464FF097
:10A020000A0C0A78303A092A0C4603D9002BC7D00B
:10A030000590C5E701310CFB00200123F1E703ABDC
:10A0400000932A46124B04A93046FDF711FD431C2C
:10A05000D7D16B6ED90705D4AB899A0502D4A86D08
:10A06000FEF782FAAB895B063FF524AF099823E738
:10A0700003AB00932A46064B04A93046FDF792FF36
:10A08000E5E700BFC0AA0008CAAA0008717A000864
:10A090004B9E0008C6AA0008B1F90C202DE9F0413A
:10A0A000160705460C4651D44B68002B02DC0B6C9E
:10A0B000002B49DDE66A002E46D0002312F48052C0
:10A0C0002F682B6031D0626DA389590705D563686D
:10A0D000D21A636B0BB1236CD21A0023E66A216A91
:10A0E0002846B047421CB4F90C3006D129681D2916
:10A0F00045D8284ACA40D60741D500226260D90413
:10A100002269226004D5421C01D12B6803B9606525
:10A11000616B2F60C1B104F14403994202D028461B
:10A12000FFF790F8002363630EE0216A01232846BD
:10A13000B0470246501CC7D12B68002BC4D01D2B42
:10A1400001D0162B1AD12F6000201DE00F69002FBF
:10A15000FAD093070E6808BF4B690F6018BF002341
:10A16000A6EB07088B60B8F1000FEDDD216AA66A47
:10A1700043463A462846B047002807DCA38943F007
:10A180004003A3814FF0FF30BDE8F0810744A8EB06
:10A190000008E8E70100402038B50B6905460C4689
:10A1A00013B91D46284638BD18B1036A0BB9FEF72E
:10A1B000B1F8B4F90C30002BF3D0626ED00704D4A0
:10A1C000990502D4A06DFEF7CEF928462146FFF787
:10A1D00063FF636EDA070546E4D4A3899B05E1D4E7
:10A1E000A06DFEF7C1F9DDE7F8B505460F46144648
:10A1F00018B1036A0BB9FEF78DF8A369A360A389B0
:10A200001A0701D5236943B92146284600F02AF8E8
:10A2100018B14FF0FF363046F8BD23692068C01AE8
:10A220006369834205DC21462846FFF7B5FF002815
:10A23000EFD1A368013BA36023685A1C22601F7002
:10A24000636901308342FEB204D0A389DB07E2D503
:10A250000A2EE0D121462846FFF79EFF0028DAD0DB
:10A26000D7E7000038B5284B054618680C4618B1EA
:10A27000036A0BB9FEF74EF8B4F90C30190720D475
:10A28000DA0607D409222A6043F04003A3814FF085
:10A29000FF3031E0580711D5616B41B104F144033F
:10A2A000994202D02846FEF7CDFF002363630022C7
:10A2B000A38962602269226023F0240343F008032B
:10A2C000A38123694BB9A38903F42073B3F5007FFD
:10A2D00003D02146284600F0F9F8B4F90C3013F009
:10A2E00001020AD00022A26062695242A261226980
:10A2F00042B913F08000C7D138BD990758BF6269D1
:10A30000A260F4E70020F7E710010020884210B5B2
:10A3100001EB020402D98442234607D8431EA1421E
:10A3200007D011F8012B03F8012FF8E7024482420D
:10A3300000D110BD13F8011D02F8011DF7E7000060
:10A3400038B5064C0023054608462360FBF77CFF22
:10A35000431C02D1236803B12B6038BD1C200020B0
:10A360001FB51D46094B1B680646D86852B1084CFC
:10A370000091CDE90142074933462A4600F070F8C2
:10A3800000F000F9044C2246F2E700BF1001002063
:10A39000DBAA0008E8AA000816AB000870B5A1FB0C
:10A3A000026535B93146FEF7C3FF044628B9204699
:10A3B00070BD0C2303600024F9E732462946FEF7FE
:10A3C00055F8F4E782B001B901A942B14BB1137855
:10A3D0000B601278101E18BF012002B070471046A3
:10A3E000FBE76FF00100F8E72DE9F041074615465D
:10A3F0000C4621B9BDE8F0411146FEF799BF2AB9D4
:10A40000FEF720FF2C462046BDE8F08100F0C1F8A1
:10A410008542064602D8B5EB500FF4D82946384697
:10A42000FEF786FF804608B94446ECE7B5422A4667
:10A43000214628BF3246FEF798F821463846FEF7F7
:10A4400001FFF1E749B1FF2A85BF8A2303600A7043
:10A450004FF0FF3098BF012070470846704700005A
:10A460000EB403B5014603AB054853F8042B00684E
:10A470000193FFF7FDFC02B05DF804EB03B07047F9
:10A480001001002070B50E46B1F90E10002996B0EB
:10A4900014461D460ADAB28912F0800213D14FF435
:10A4A000806100202A60216016B070BD6A4600F00D
:10A4B00047F80028EFDB019A02F47042A2F500533E
:10A4C0005A425A41EBE700224021EAE78B8973B5F3
:10A4D0009E0705460C4607D504F147032360236118
:10A4E0000123636102B070BD01AB6A46FFF7CAFF8A
:10A4F000009E28463146FEF71BFFB4F90C3038B9F0
:10A500009A05EFD423F0030343F00203A381E3E7AA
:10A5100043F08003A381019B2060C4E90406002B63
:10A52000E0D0B4F90E10284600F01CF80028D9D06D
:10A53000A38923F0030343F00103A381D2E70000C2
:10A5400038B5074C00230546084611462360FBF743
:10A5500072FE431C02D1236803B12B6038BD00BFDB
:10A560001C20002038B5064C002305460846236011
:10A57000FBF766FE431C02D1236803B12B6038BD94
:10A580001C20002008B5062000F034F80120FBF75D
:10A590002BFE51F8043C181F002BBCBF0B58C018F1
:10A5A00070471F2938B505460C4604D916230360A9
:10A5B0004FF0FF3038BDC26B12B152F821304BB9A9
:10A5C000284600F031F8224601462846BDE83840CA
:10A5D00000F018B8012B0AD0591C03D116230360D0
:10A5E0000120E7E7002142F8241020469847002088
:10A5F000E0E70000024B01461868FFF7D2BF00BF3A
:10A600001001002038B5074C0023054608461146C6
:10A610002360FBF7E1FD431C02D1236803B12B60EB
:10A6200038BD00BF1C200020FBF7D4BDF8B500BF2B
:10A63000F8BC08BC9E467047F8B500BFF8BC08BC23
:04A640009E4670477B
:10A648001200000024000000360000004000000056
:10A65800060000000C0000001000000000000000D0
:10A66800010000000200000003000000424D503AC3
:10A67800202573202D3E2025640D0A00696E74651F
:10A6880072666163655F696E6974000000000000AE
:10A698006D616E75616C5F72657365745F636D641F
:10A6A80000000000626D70355F696E69740000001B
:10A6B8007365745F706F7765725F7374616E6462DF
:10A6C800790000006765745F6F73725F6F64725F13
:10A6D800636667007365745F6F73725F6F64725F40
:10A6E800636667007365745F6969725F636F6E663E
:10A6F80069670000636F6E6669677572655F696E8A
:10A708007465727275707400696E745F736F7572B8
:10A7180063655F73656C6563740000007365745FDF
:10A72800706F7765725F6E6F726D616C000000000C
:10A73800493243207363616E3A0D0A002020307855
:10A74800253032582041434B0D0A000020204E6F1F
:10A75800206465766963657320666F756E64210D84
:10A768000A000000493243207363616E20646F6EF3
:10A77800652028256420666F756E64290D0A00001F
:10A7880049434D34323638382D50432057484F5FAF
:10A79800414D5F493A203078253032582028657875
:10A7A8007065637420307825303258290D0A00000E
:10A7B80049434D34323638382D504320696E697418
:10A7C8002072633A2025640D0A000000424D50357E
:10A7D800383020696E6974206572726F723A20256C
:10A7E800640D0A00413A252E32662C252E32662C3D
:10A7F800252E326620473A252E31662C252E3166C5
:10A808002C252E316620543A252E31660D0A00007B
:10A81800503A252E32662050612020543A252E3297
:10A828006620430D0A00000053544D333220566908
:10A83800727475616C20436F6D506F727400000004
:10A8480053544D6963726F656C656374726F6E699A
:10A858006373000043444320436F6E6669670000DA
:10A8680043444320496E7465726661636500000065
:10A87800A0860100400D0300801A060000350C0078
:10A8880040420F0080841E0000093D0000127A003B
:10A898000024F40000366E010048E801006CDC0278
:10A8A80000000000000000000000000000000000A0
:10A8B8000100000003000000050000000100000086
:10A8C80001000000060000000A000000200000004F
:10A8D8000200000004000000080000001000000052
:10A8E800400000008000000000010000000200009D
:10A8F800494E4600696E66004E414E006E616E001C
:10A9080030003031323334353637383941424344F8
:10A918004546003031323334353637383961626371
:10A9280064656600496E66696E697479004E614EA9
:10A93800005245454E54206D616C6C6F63207375F1
:10A9480063636565646564002F686F6D652F696C66
:10A95800672F616374696F6E732D72756E6E6572A1
:10A96800732F787061636B2D6465762D746F6F6CCF
:10A97800732F322F5F776F726B2F61726D2D6E6F31
:10A988006E652D656162692D6763632D78706163FB
:10A998006B2F61726D2D6E6F6E652D656162692D0D
:10A9A8006763632D787061636B2F6275696C642DC2
:10A9B8006173736574732F6275696C642F77696E40
:10A9C80033322D7836342F736F75726365732F6E3B
:10A9D80065776C69622D63796777696E2F6E657725
:10A9E8006C69622F6C6962632F7374646C69622F7F
:10A9F80064746F612E630042616C6C6F63207375C1
:10AA080063636565646564002F686F6D652F696CA5
:10AA1800672F616374696F6E732D72756E6E6572E0
:10AA2800732F787061636B2D6465762D746F6F6C0E
:10AA3800732F322F5F776F726B2F61726D2D6E6F70
:10AA48006E652D656162692D6763632D787061633A
:10AA58006B2F61726D2D6E6F6E652D656162692D4C
:10AA68006763632D787061636B2F6275696C642D01
:10AA78006173736574732F6275696C642F77696E7F
:10AA880033322D7836342F736F75726365732F6E7A
:10AA980065776C69622D63796777696E2F6E657764
:10AAA8006C69622F6C6962632F7374646C69622FBE
:10AAB8006D707265632E6300232D302B2000686C47
:10AAC8004C00656667454647004300504F53495858
:10AAD800002E002C2066756E6374696F6E3A200034
:10AAE800617373657274696F6E2022257322206604
:10AAF80061696C65643A2066696C65202225732259
:10AB08002C206C696E65202564257325730A000066
:10AB180005000000190000007D0000000000000092
:10AB28000080E03779C34143176E05B5B5B8934641
:10AB3800F5F93FE9034F384D321D30F94877825A0D
:10AB48003CBF737FDD4F1575000000000000F03F2B
:10AB580000000000000024400000000000005940F0
:10AB68000000000000408F40000000000088C34043
:10AB780000000000006AF8400000000080842E41B8
:10AB880000000000D01263410000000084D7974104
:10AB98000000000065CDCD41000000205FA002420A
:10ABA800000000E876483742000000A2941A6D427F
:10ABB800000040E59C30A2420000901EC4BCD64272
:10ABC80000003426F56B0C430080E03779C341431D
:10ABD80000A0D8855734764300C84E676DC1AB4393
:10ABE800003D9160E458E143408CB5781DAF1544B1
:10ABF80050EFE2D6E41A4B4492D54D06CFF080448C
:10AC0800F64AE1C7022DB544B49DD9794378EA44A0
:10AC18000020202020202020202028282828282024
:10AC2800202020202020202020202020202020201C
:10AC38002088101010101010101010101010101084
:10AC48001004040404040404040404101010101074
:10AC5800101041414141414101010101010101013E
:10AC68000101010101010101010101011010101090
:10AC78001010424242424242020202020202020210
:10AC88000202020202020202020202021010101064
:10AC9800200000000000000000000000000000008C
:10ACA800000000000000000000000000000000009C
:10ACB800000000000000000000000000000000008C
:10ACC800000000000000000000000000000000007C
:10ACD800000000000000000000000000000000006C
:10ACE800000000000000000000000000000000005C
:10ACF800000000000000000000000000000000004C
:10AD0800000000000000000000000000000000003B
:04AD18000000000037
:08AD1C002454FF7F0100000038
:04AD2400E10B000837
:04AD2800B90B00085B
:10AD2C00010000001000000000093D000902430072
:10AD3C00020100C0320904000001020201000524D6
:10AD4C000010010524010001042402020524060060
:10AD5C00010705820308001009040100020A000023
:10AD6C0000070501024000000705810240000000B9
:10AD7C009B66000837660008276500080000000085
:10AD8C004D630008A964000871640008000000000D
:10AD9C00000000000000000029640008E1630008C6
:10ADAC00996300088D6300080A0600020000004049
:10ADBC0001000000696800083F680008436800084B
:10ADCC004D680008476800081A03000000000000E6
:10ADDC000000000000000000000000000000000067
:10ADEC0000000000040309041201000202020040EA
:10ADFC008304405700020102030100000D77000894
:10AE0C0019770008D9770008B5770008A1770008F2
:10AE1C00F577000819780008000000000000000019
:10AE2C0003000000E01E00201401002000000000C0
:10AE3C00E01E0020481F0020B01F00200000000072
:10AE4C0000000000000000000000000000000000F6
:10AE5C0000000000000000000000000000000000E6
:10AE6C0000000000000000000000000000000000D6
:10AE7C000000000000000000430000000000000083
:10AE8C0000000000000000000000000000000000B6
:10AE9C000000000000000000430000000000000063
:10AEAC000000000000000000000000000000000096
:10AEBC000000000000000000430000000000000043
:10AECC000000000000000000000000000000000076
:10AEDC000000000000000000430000000000000023
:10AEEC000000000000000000000000000000000056
:10AEFC000000000000000000430000000000000003
:10AF0C000000000000000000000000000000000035
:10AF1C0000000000000000004300000000000000E2
:10AF2C000000000000000000000000000000000015
:10AF3C0000000000000000004300000000000000C2
:10AF4C0000000000000000000000000000000000F5
:10AF5C00000000000000000045A40008C5A3000884
:10AF6C000000000018AC0008D9AA000816AB0008B5
:10AF7C0016AB000816AB000816AB000816AB0008A1
:10AF8C0016AB000816AB000816AB000816AB000891
:10AF9C00FFFFFFFFFFFFFFFFFFFFFFFFFFFF0000B3
:10AFAC00010041534349490000000000000000002B
:10AFBC000000000000000000000000000000000085
:10AFCC00000041534349490000000000000000000C
:10AFDC000000000000000000000000000000000065
:04AFEC000000000061
:04000005080078E196
:00000001FF
