
build/release/software.elf:     file format elf32-littlearm

Sections:
Idx Name          Size      VMA       LMA       File off  Algn
  0 .isr_vector   0000013c  08000000  08000000  00001000  2**0
                  CONTENTS, ALLOC, LOAD, READONLY, DATA
  1 .text         0000ca7c  08000140  08000140  00001140  2**4
                  CONTENTS, ALLOC, LOAD, READONLY, CODE
  2 .rodata       00000934  0800cbc0  0800cbc0  0000dbc0  2**3
                  CONTENTS, ALLOC, LOAD, READONLY, DATA
  3 .ARM          00000008  0800d4f4  0800d4f4  0000e4f4  2**2
                  CONTENTS, ALLOC, LOAD, READONLY, DATA
  4 .init_array   00000004  0800d4fc  0800d4fc  0000e4fc  2**2
                  CONTENTS, ALLOC, LOAD, READONLY, DATA
  5 .fini_array   00000004  0800d500  0800d500  0000e500  2**2
                  CONTENTS, ALLOC, LOAD, READONLY, DATA
  6 .data         000002dc  20000008  0800d504  0000f008  2**2
                  CONTENTS, ALLOC, LOAD, DATA
  7 BLE_DRIVER_CONTEXT 00000038  200002e4  0800d7e0  0000f2e4  2**2
                  CONTENTS, ALLOC, LOAD, DATA
  8 SYSTEM_DRIVER_CONTEXT 00000014  2000031c  0800d818  0000f31c  2**2
                  CONTENTS, ALLOC, LOAD, DATA
  9 .tdata        00000000  20000330  20000330  00010a68  2**2
                  CONTENTS, ALLOC, LOAD, DATA, THREAD_LOCAL
 10 .tbss         00000000  20000330  20000330  00000000  2**2
                  ALLOC, THREAD_LOCAL
 11 .bss          00002000  20000330  0800d82c  0000f330  2**2
                  ALLOC
 12 ._user_heap_stack 00001400  20002330  0800d82c  0000f330  2**0
                  ALLOC
 13 .ARM.attributes 00000030  00000000  00000000  00010a68  2**0
                  CONTENTS, READONLY
 14 MAPPING_TABLE 00000028  20030000  20030000  00011000  2**2
                  ALLOC
 15 MB_MEM1       000001bc  20030028  20030028  00011000  2**2
                  ALLOC
 16 .MB_MEM2      00000883  200301e4  0800d82c  000101e4  2**2
                  CONTENTS, ALLOC, LOAD, DATA
 17 .comment      00000039  00000000  00000000  00010a98  2**0
                  CONTENTS, READONLY
 18 .debug_frame  00000294  00000000  00000000  00010ad4  2**2
                  CONTENTS, READONLY, DEBUGGING, OCTETS
 19 .debug_line   000004c8  00000000  00000000  00010d68  2**0
                  CONTENTS, READONLY, DEBUGGING, OCTETS
 20 .debug_line_str 0000018b  00000000  00000000  00011230  2**0
                  CONTENTS, READONLY, DEBUGGING, OCTETS
 21 .debug_info   000002c0  00000000  00000000  000113bb  2**0
                  CONTENTS, READONLY, DEBUGGING, OCTETS
 22 .debug_abbrev 000000f0  00000000  00000000  0001167b  2**0
                  CONTENTS, READONLY, DEBUGGING, OCTETS
 23 .debug_aranges 000000c0  00000000  00000000  00011770  2**3
                  CONTENTS, READONLY, DEBUGGING, OCTETS
 24 .debug_str    00000370  00000000  00000000  00011830  2**0
                  CONTENTS, READONLY, DEBUGGING, OCTETS

Disassembly of section .text:

08000140 <memchr>:
 8000140:	f001 01ff 	and.w	r1, r1, #255	@ 0xff
 8000144:	2a10      	cmp	r2, #16
 8000146:	db2b      	blt.n	80001a0 <memchr+0x60>
 8000148:	f010 0f07 	tst.w	r0, #7
 800014c:	d008      	beq.n	8000160 <memchr+0x20>
 800014e:	f810 3b01 	ldrb.w	r3, [r0], #1
 8000152:	3a01      	subs	r2, #1
 8000154:	428b      	cmp	r3, r1
 8000156:	d02d      	beq.n	80001b4 <memchr+0x74>
 8000158:	f010 0f07 	tst.w	r0, #7
 800015c:	b342      	cbz	r2, 80001b0 <memchr+0x70>
 800015e:	d1f6      	bne.n	800014e <memchr+0xe>
 8000160:	b4f0      	push	{r4, r5, r6, r7}
 8000162:	ea41 2101 	orr.w	r1, r1, r1, lsl #8
 8000166:	ea41 4101 	orr.w	r1, r1, r1, lsl #16
 800016a:	f022 0407 	bic.w	r4, r2, #7
 800016e:	f07f 0700 	mvns.w	r7, #0
 8000172:	2300      	movs	r3, #0
 8000174:	e8f0 5602 	ldrd	r5, r6, [r0], #8
 8000178:	3c08      	subs	r4, #8
 800017a:	ea85 0501 	eor.w	r5, r5, r1
 800017e:	ea86 0601 	eor.w	r6, r6, r1
 8000182:	fa85 f547 	uadd8	r5, r5, r7
 8000186:	faa3 f587 	sel	r5, r3, r7
 800018a:	fa86 f647 	uadd8	r6, r6, r7
 800018e:	faa5 f687 	sel	r6, r5, r7
 8000192:	b98e      	cbnz	r6, 80001b8 <memchr+0x78>
 8000194:	d1ee      	bne.n	8000174 <memchr+0x34>
 8000196:	bcf0      	pop	{r4, r5, r6, r7}
 8000198:	f001 01ff 	and.w	r1, r1, #255	@ 0xff
 800019c:	f002 0207 	and.w	r2, r2, #7
 80001a0:	b132      	cbz	r2, 80001b0 <memchr+0x70>
 80001a2:	f810 3b01 	ldrb.w	r3, [r0], #1
 80001a6:	3a01      	subs	r2, #1
 80001a8:	ea83 0301 	eor.w	r3, r3, r1
 80001ac:	b113      	cbz	r3, 80001b4 <memchr+0x74>
 80001ae:	d1f8      	bne.n	80001a2 <memchr+0x62>
 80001b0:	2000      	movs	r0, #0
 80001b2:	4770      	bx	lr
 80001b4:	3801      	subs	r0, #1
 80001b6:	4770      	bx	lr
 80001b8:	2d00      	cmp	r5, #0
 80001ba:	bf06      	itte	eq
 80001bc:	4635      	moveq	r5, r6
 80001be:	3803      	subeq	r0, #3
 80001c0:	3807      	subne	r0, #7
 80001c2:	f015 0f01 	tst.w	r5, #1
 80001c6:	d107      	bne.n	80001d8 <memchr+0x98>
 80001c8:	3001      	adds	r0, #1
 80001ca:	f415 7f80 	tst.w	r5, #256	@ 0x100
 80001ce:	bf02      	ittt	eq
 80001d0:	3001      	addeq	r0, #1
 80001d2:	f415 3fc0 	tsteq.w	r5, #98304	@ 0x18000
 80001d6:	3001      	addeq	r0, #1
 80001d8:	bcf0      	pop	{r4, r5, r6, r7}
 80001da:	3801      	subs	r0, #1
 80001dc:	4770      	bx	lr
 80001de:	bf00      	nop

080001e0 <strlen>:
 80001e0:	4603      	mov	r3, r0
 80001e2:	f813 2b01 	ldrb.w	r2, [r3], #1
 80001e6:	2a00      	cmp	r2, #0
 80001e8:	d1fb      	bne.n	80001e2 <strlen+0x2>
 80001ea:	1a18      	subs	r0, r3, r0
 80001ec:	3801      	subs	r0, #1
 80001ee:	4770      	bx	lr

080001f0 <__aeabi_drsub>:
 80001f0:	f081 4100 	eor.w	r1, r1, #2147483648	@ 0x80000000
 80001f4:	e002      	b.n	80001fc <__adddf3>
 80001f6:	bf00      	nop

080001f8 <__aeabi_dsub>:
 80001f8:	f083 4300 	eor.w	r3, r3, #2147483648	@ 0x80000000

080001fc <__adddf3>:
 80001fc:	b530      	push	{r4, r5, lr}
 80001fe:	ea4f 0441 	mov.w	r4, r1, lsl #1
 8000202:	ea4f 0543 	mov.w	r5, r3, lsl #1
 8000206:	ea94 0f05 	teq	r4, r5
 800020a:	bf08      	it	eq
 800020c:	ea90 0f02 	teqeq	r0, r2
 8000210:	bf1f      	itttt	ne
 8000212:	ea54 0c00 	orrsne.w	ip, r4, r0
 8000216:	ea55 0c02 	orrsne.w	ip, r5, r2
 800021a:	ea7f 5c64 	mvnsne.w	ip, r4, asr #21
 800021e:	ea7f 5c65 	mvnsne.w	ip, r5, asr #21
 8000222:	f000 80e2 	beq.w	80003ea <__adddf3+0x1ee>
 8000226:	ea4f 5454 	mov.w	r4, r4, lsr #21
 800022a:	ebd4 5555 	rsbs	r5, r4, r5, lsr #21
 800022e:	bfb8      	it	lt
 8000230:	426d      	neglt	r5, r5
 8000232:	dd0c      	ble.n	800024e <__adddf3+0x52>
 8000234:	442c      	add	r4, r5
 8000236:	ea80 0202 	eor.w	r2, r0, r2
 800023a:	ea81 0303 	eor.w	r3, r1, r3
 800023e:	ea82 0000 	eor.w	r0, r2, r0
 8000242:	ea83 0101 	eor.w	r1, r3, r1
 8000246:	ea80 0202 	eor.w	r2, r0, r2
 800024a:	ea81 0303 	eor.w	r3, r1, r3
 800024e:	2d36      	cmp	r5, #54	@ 0x36
 8000250:	bf88      	it	hi
 8000252:	bd30      	pophi	{r4, r5, pc}
 8000254:	f011 4f00 	tst.w	r1, #2147483648	@ 0x80000000
 8000258:	ea4f 3101 	mov.w	r1, r1, lsl #12
 800025c:	f44f 1c80 	mov.w	ip, #1048576	@ 0x100000
 8000260:	ea4c 3111 	orr.w	r1, ip, r1, lsr #12
 8000264:	d002      	beq.n	800026c <__adddf3+0x70>
 8000266:	4240      	negs	r0, r0
 8000268:	eb61 0141 	sbc.w	r1, r1, r1, lsl #1
 800026c:	f013 4f00 	tst.w	r3, #2147483648	@ 0x80000000
 8000270:	ea4f 3303 	mov.w	r3, r3, lsl #12
 8000274:	ea4c 3313 	orr.w	r3, ip, r3, lsr #12
 8000278:	d002      	beq.n	8000280 <__adddf3+0x84>
 800027a:	4252      	negs	r2, r2
 800027c:	eb63 0343 	sbc.w	r3, r3, r3, lsl #1
 8000280:	ea94 0f05 	teq	r4, r5
 8000284:	f000 80a7 	beq.w	80003d6 <__adddf3+0x1da>
 8000288:	f1a4 0401 	sub.w	r4, r4, #1
 800028c:	f1d5 0e20 	rsbs	lr, r5, #32
 8000290:	db0d      	blt.n	80002ae <__adddf3+0xb2>
 8000292:	fa02 fc0e 	lsl.w	ip, r2, lr
 8000296:	fa22 f205 	lsr.w	r2, r2, r5
 800029a:	1880      	adds	r0, r0, r2
 800029c:	f141 0100 	adc.w	r1, r1, #0
 80002a0:	fa03 f20e 	lsl.w	r2, r3, lr
 80002a4:	1880      	adds	r0, r0, r2
 80002a6:	fa43 f305 	asr.w	r3, r3, r5
 80002aa:	4159      	adcs	r1, r3
 80002ac:	e00e      	b.n	80002cc <__adddf3+0xd0>
 80002ae:	f1a5 0520 	sub.w	r5, r5, #32
 80002b2:	f10e 0e20 	add.w	lr, lr, #32
 80002b6:	2a01      	cmp	r2, #1
 80002b8:	fa03 fc0e 	lsl.w	ip, r3, lr
 80002bc:	bf28      	it	cs
 80002be:	f04c 0c02 	orrcs.w	ip, ip, #2
 80002c2:	fa43 f305 	asr.w	r3, r3, r5
 80002c6:	18c0      	adds	r0, r0, r3
 80002c8:	eb51 71e3 	adcs.w	r1, r1, r3, asr #31
 80002cc:	f001 4500 	and.w	r5, r1, #2147483648	@ 0x80000000
 80002d0:	d507      	bpl.n	80002e2 <__adddf3+0xe6>
 80002d2:	f04f 0e00 	mov.w	lr, #0
 80002d6:	f1dc 0c00 	rsbs	ip, ip, #0
 80002da:	eb7e 0000 	sbcs.w	r0, lr, r0
 80002de:	eb6e 0101 	sbc.w	r1, lr, r1
 80002e2:	f5b1 1f80 	cmp.w	r1, #1048576	@ 0x100000
 80002e6:	d31b      	bcc.n	8000320 <__adddf3+0x124>
 80002e8:	f5b1 1f00 	cmp.w	r1, #2097152	@ 0x200000
 80002ec:	d30c      	bcc.n	8000308 <__adddf3+0x10c>
 80002ee:	0849      	lsrs	r1, r1, #1
 80002f0:	ea5f 0030 	movs.w	r0, r0, rrx
 80002f4:	ea4f 0c3c 	mov.w	ip, ip, rrx
 80002f8:	f104 0401 	add.w	r4, r4, #1
 80002fc:	ea4f 5244 	mov.w	r2, r4, lsl #21
 8000300:	f512 0f80 	cmn.w	r2, #4194304	@ 0x400000
 8000304:	f080 809a 	bcs.w	800043c <__adddf3+0x240>
 8000308:	f1bc 4f00 	cmp.w	ip, #2147483648	@ 0x80000000
 800030c:	bf08      	it	eq
 800030e:	ea5f 0c50 	movseq.w	ip, r0, lsr #1
 8000312:	f150 0000 	adcs.w	r0, r0, #0
 8000316:	eb41 5104 	adc.w	r1, r1, r4, lsl #20
 800031a:	ea41 0105 	orr.w	r1, r1, r5
 800031e:	bd30      	pop	{r4, r5, pc}
 8000320:	ea5f 0c4c 	movs.w	ip, ip, lsl #1
 8000324:	4140      	adcs	r0, r0
 8000326:	eb41 0101 	adc.w	r1, r1, r1
 800032a:	3c01      	subs	r4, #1
 800032c:	bf28      	it	cs
 800032e:	f5b1 1f80 	cmpcs.w	r1, #1048576	@ 0x100000
 8000332:	d2e9      	bcs.n	8000308 <__adddf3+0x10c>
 8000334:	f091 0f00 	teq	r1, #0
 8000338:	bf04      	itt	eq
 800033a:	4601      	moveq	r1, r0
 800033c:	2000      	moveq	r0, #0
 800033e:	fab1 f381 	clz	r3, r1
 8000342:	bf08      	it	eq
 8000344:	3320      	addeq	r3, #32
 8000346:	f1a3 030b 	sub.w	r3, r3, #11
 800034a:	f1b3 0220 	subs.w	r2, r3, #32
 800034e:	da0c      	bge.n	800036a <__adddf3+0x16e>
 8000350:	320c      	adds	r2, #12
 8000352:	dd08      	ble.n	8000366 <__adddf3+0x16a>
 8000354:	f102 0c14 	add.w	ip, r2, #20
 8000358:	f1c2 020c 	rsb	r2, r2, #12
 800035c:	fa01 f00c 	lsl.w	r0, r1, ip
 8000360:	fa21 f102 	lsr.w	r1, r1, r2
 8000364:	e00c      	b.n	8000380 <__adddf3+0x184>
 8000366:	f102 0214 	add.w	r2, r2, #20
 800036a:	bfd8      	it	le
 800036c:	f1c2 0c20 	rsble	ip, r2, #32
 8000370:	fa01 f102 	lsl.w	r1, r1, r2
 8000374:	fa20 fc0c 	lsr.w	ip, r0, ip
 8000378:	bfdc      	itt	le
 800037a:	ea41 010c 	orrle.w	r1, r1, ip
 800037e:	4090      	lslle	r0, r2
 8000380:	1ae4      	subs	r4, r4, r3
 8000382:	bfa2      	ittt	ge
 8000384:	eb01 5104 	addge.w	r1, r1, r4, lsl #20
 8000388:	4329      	orrge	r1, r5
 800038a:	bd30      	popge	{r4, r5, pc}
 800038c:	ea6f 0404 	mvn.w	r4, r4
 8000390:	3c1f      	subs	r4, #31
 8000392:	da1c      	bge.n	80003ce <__adddf3+0x1d2>
 8000394:	340c      	adds	r4, #12
 8000396:	dc0e      	bgt.n	80003b6 <__adddf3+0x1ba>
 8000398:	f104 0414 	add.w	r4, r4, #20
 800039c:	f1c4 0220 	rsb	r2, r4, #32
 80003a0:	fa20 f004 	lsr.w	r0, r0, r4
 80003a4:	fa01 f302 	lsl.w	r3, r1, r2
 80003a8:	ea40 0003 	orr.w	r0, r0, r3
 80003ac:	fa21 f304 	lsr.w	r3, r1, r4
 80003b0:	ea45 0103 	orr.w	r1, r5, r3
 80003b4:	bd30      	pop	{r4, r5, pc}
 80003b6:	f1c4 040c 	rsb	r4, r4, #12
 80003ba:	f1c4 0220 	rsb	r2, r4, #32
 80003be:	fa20 f002 	lsr.w	r0, r0, r2
 80003c2:	fa01 f304 	lsl.w	r3, r1, r4
 80003c6:	ea40 0003 	orr.w	r0, r0, r3
 80003ca:	4629      	mov	r1, r5
 80003cc:	bd30      	pop	{r4, r5, pc}
 80003ce:	fa21 f004 	lsr.w	r0, r1, r4
 80003d2:	4629      	mov	r1, r5
 80003d4:	bd30      	pop	{r4, r5, pc}
 80003d6:	f094 0f00 	teq	r4, #0
 80003da:	f483 1380 	eor.w	r3, r3, #1048576	@ 0x100000
 80003de:	bf06      	itte	eq
 80003e0:	f481 1180 	eoreq.w	r1, r1, #1048576	@ 0x100000
 80003e4:	3401      	addeq	r4, #1
 80003e6:	3d01      	subne	r5, #1
 80003e8:	e74e      	b.n	8000288 <__adddf3+0x8c>
 80003ea:	ea7f 5c64 	mvns.w	ip, r4, asr #21
 80003ee:	bf18      	it	ne
 80003f0:	ea7f 5c65 	mvnsne.w	ip, r5, asr #21
 80003f4:	d029      	beq.n	800044a <__adddf3+0x24e>
 80003f6:	ea94 0f05 	teq	r4, r5
 80003fa:	bf08      	it	eq
 80003fc:	ea90 0f02 	teqeq	r0, r2
 8000400:	d005      	beq.n	800040e <__adddf3+0x212>
 8000402:	ea54 0c00 	orrs.w	ip, r4, r0
 8000406:	bf04      	itt	eq
 8000408:	4619      	moveq	r1, r3
 800040a:	4610      	moveq	r0, r2
 800040c:	bd30      	pop	{r4, r5, pc}
 800040e:	ea91 0f03 	teq	r1, r3
 8000412:	bf1e      	ittt	ne
 8000414:	2100      	movne	r1, #0
 8000416:	2000      	movne	r0, #0
 8000418:	bd30      	popne	{r4, r5, pc}
 800041a:	ea5f 5c54 	movs.w	ip, r4, lsr #21
 800041e:	d105      	bne.n	800042c <__adddf3+0x230>
 8000420:	0040      	lsls	r0, r0, #1
 8000422:	4149      	adcs	r1, r1
 8000424:	bf28      	it	cs
 8000426:	f041 4100 	orrcs.w	r1, r1, #2147483648	@ 0x80000000
 800042a:	bd30      	pop	{r4, r5, pc}
 800042c:	f514 0480 	adds.w	r4, r4, #4194304	@ 0x400000
 8000430:	bf3c      	itt	cc
 8000432:	f501 1180 	addcc.w	r1, r1, #1048576	@ 0x100000
 8000436:	bd30      	popcc	{r4, r5, pc}
 8000438:	f001 4500 	and.w	r5, r1, #2147483648	@ 0x80000000
 800043c:	f045 41fe 	orr.w	r1, r5, #2130706432	@ 0x7f000000
 8000440:	f441 0170 	orr.w	r1, r1, #15728640	@ 0xf00000
 8000444:	f04f 0000 	mov.w	r0, #0
 8000448:	bd30      	pop	{r4, r5, pc}
 800044a:	ea7f 5c64 	mvns.w	ip, r4, asr #21
 800044e:	bf1a      	itte	ne
 8000450:	4619      	movne	r1, r3
 8000452:	4610      	movne	r0, r2
 8000454:	ea7f 5c65 	mvnseq.w	ip, r5, asr #21
 8000458:	bf1c      	itt	ne
 800045a:	460b      	movne	r3, r1
 800045c:	4602      	movne	r2, r0
 800045e:	ea50 3401 	orrs.w	r4, r0, r1, lsl #12
 8000462:	bf06      	itte	eq
 8000464:	ea52 3503 	orrseq.w	r5, r2, r3, lsl #12
 8000468:	ea91 0f03 	teqeq	r1, r3
 800046c:	f441 2100 	orrne.w	r1, r1, #524288	@ 0x80000
 8000470:	bd30      	pop	{r4, r5, pc}
 8000472:	bf00      	nop

08000474 <__aeabi_ui2d>:
 8000474:	f090 0f00 	teq	r0, #0
 8000478:	bf04      	itt	eq
 800047a:	2100      	moveq	r1, #0
 800047c:	4770      	bxeq	lr
 800047e:	b530      	push	{r4, r5, lr}
 8000480:	f44f 6480 	mov.w	r4, #1024	@ 0x400
 8000484:	f104 0432 	add.w	r4, r4, #50	@ 0x32
 8000488:	f04f 0500 	mov.w	r5, #0
 800048c:	f04f 0100 	mov.w	r1, #0
 8000490:	e750      	b.n	8000334 <__adddf3+0x138>
 8000492:	bf00      	nop

08000494 <__aeabi_i2d>:
 8000494:	f090 0f00 	teq	r0, #0
 8000498:	bf04      	itt	eq
 800049a:	2100      	moveq	r1, #0
 800049c:	4770      	bxeq	lr
 800049e:	b530      	push	{r4, r5, lr}
 80004a0:	f44f 6480 	mov.w	r4, #1024	@ 0x400
 80004a4:	f104 0432 	add.w	r4, r4, #50	@ 0x32
 80004a8:	f010 4500 	ands.w	r5, r0, #2147483648	@ 0x80000000
 80004ac:	bf48      	it	mi
 80004ae:	4240      	negmi	r0, r0
 80004b0:	f04f 0100 	mov.w	r1, #0
 80004b4:	e73e      	b.n	8000334 <__adddf3+0x138>
 80004b6:	bf00      	nop

080004b8 <__aeabi_f2d>:
 80004b8:	0042      	lsls	r2, r0, #1
 80004ba:	ea4f 01e2 	mov.w	r1, r2, asr #3
 80004be:	ea4f 0131 	mov.w	r1, r1, rrx
 80004c2:	ea4f 7002 	mov.w	r0, r2, lsl #28
 80004c6:	bf1f      	itttt	ne
 80004c8:	f012 437f 	andsne.w	r3, r2, #4278190080	@ 0xff000000
 80004cc:	f093 4f7f 	teqne	r3, #4278190080	@ 0xff000000
 80004d0:	f081 5160 	eorne.w	r1, r1, #939524096	@ 0x38000000
 80004d4:	4770      	bxne	lr
 80004d6:	f032 427f 	bics.w	r2, r2, #4278190080	@ 0xff000000
 80004da:	bf08      	it	eq
 80004dc:	4770      	bxeq	lr
 80004de:	f093 4f7f 	teq	r3, #4278190080	@ 0xff000000
 80004e2:	bf04      	itt	eq
 80004e4:	f441 2100 	orreq.w	r1, r1, #524288	@ 0x80000
 80004e8:	4770      	bxeq	lr
 80004ea:	b530      	push	{r4, r5, lr}
 80004ec:	f44f 7460 	mov.w	r4, #896	@ 0x380
 80004f0:	f001 4500 	and.w	r5, r1, #2147483648	@ 0x80000000
 80004f4:	f021 4100 	bic.w	r1, r1, #2147483648	@ 0x80000000
 80004f8:	e71c      	b.n	8000334 <__adddf3+0x138>
 80004fa:	bf00      	nop

080004fc <__aeabi_ul2d>:
 80004fc:	ea50 0201 	orrs.w	r2, r0, r1
 8000500:	bf08      	it	eq
 8000502:	4770      	bxeq	lr
 8000504:	b530      	push	{r4, r5, lr}
 8000506:	f04f 0500 	mov.w	r5, #0
 800050a:	e00a      	b.n	8000522 <__aeabi_l2d+0x16>

0800050c <__aeabi_l2d>:
 800050c:	ea50 0201 	orrs.w	r2, r0, r1
 8000510:	bf08      	it	eq
 8000512:	4770      	bxeq	lr
 8000514:	b530      	push	{r4, r5, lr}
 8000516:	f011 4500 	ands.w	r5, r1, #2147483648	@ 0x80000000
 800051a:	d502      	bpl.n	8000522 <__aeabi_l2d+0x16>
 800051c:	4240      	negs	r0, r0
 800051e:	eb61 0141 	sbc.w	r1, r1, r1, lsl #1
 8000522:	f44f 6480 	mov.w	r4, #1024	@ 0x400
 8000526:	f104 0432 	add.w	r4, r4, #50	@ 0x32
 800052a:	ea5f 5c91 	movs.w	ip, r1, lsr #22
 800052e:	f43f aed8 	beq.w	80002e2 <__adddf3+0xe6>
 8000532:	f04f 0203 	mov.w	r2, #3
 8000536:	ea5f 0cdc 	movs.w	ip, ip, lsr #3
 800053a:	bf18      	it	ne
 800053c:	3203      	addne	r2, #3
 800053e:	ea5f 0cdc 	movs.w	ip, ip, lsr #3
 8000542:	bf18      	it	ne
 8000544:	3203      	addne	r2, #3
 8000546:	eb02 02dc 	add.w	r2, r2, ip, lsr #3
 800054a:	f1c2 0320 	rsb	r3, r2, #32
 800054e:	fa00 fc03 	lsl.w	ip, r0, r3
 8000552:	fa20 f002 	lsr.w	r0, r0, r2
 8000556:	fa01 fe03 	lsl.w	lr, r1, r3
 800055a:	ea40 000e 	orr.w	r0, r0, lr
 800055e:	fa21 f102 	lsr.w	r1, r1, r2
 8000562:	4414      	add	r4, r2
 8000564:	e6bd      	b.n	80002e2 <__adddf3+0xe6>
 8000566:	bf00      	nop

08000568 <__aeabi_dmul>:
 8000568:	b570      	push	{r4, r5, r6, lr}
 800056a:	f04f 0cff 	mov.w	ip, #255	@ 0xff
 800056e:	f44c 6ce0 	orr.w	ip, ip, #1792	@ 0x700
 8000572:	ea1c 5411 	ands.w	r4, ip, r1, lsr #20
 8000576:	bf1d      	ittte	ne
 8000578:	ea1c 5513 	andsne.w	r5, ip, r3, lsr #20
 800057c:	ea94 0f0c 	teqne	r4, ip
 8000580:	ea95 0f0c 	teqne	r5, ip
 8000584:	f000 f8de 	bleq	8000744 <__aeabi_dmul+0x1dc>
 8000588:	442c      	add	r4, r5
 800058a:	ea81 0603 	eor.w	r6, r1, r3
 800058e:	ea21 514c 	bic.w	r1, r1, ip, lsl #21
 8000592:	ea23 534c 	bic.w	r3, r3, ip, lsl #21
 8000596:	ea50 3501 	orrs.w	r5, r0, r1, lsl #12
 800059a:	bf18      	it	ne
 800059c:	ea52 3503 	orrsne.w	r5, r2, r3, lsl #12
 80005a0:	f441 1180 	orr.w	r1, r1, #1048576	@ 0x100000
 80005a4:	f443 1380 	orr.w	r3, r3, #1048576	@ 0x100000
 80005a8:	d038      	beq.n	800061c <__aeabi_dmul+0xb4>
 80005aa:	fba0 ce02 	umull	ip, lr, r0, r2
 80005ae:	f04f 0500 	mov.w	r5, #0
 80005b2:	fbe1 e502 	umlal	lr, r5, r1, r2
 80005b6:	f006 4200 	and.w	r2, r6, #2147483648	@ 0x80000000
 80005ba:	fbe0 e503 	umlal	lr, r5, r0, r3
 80005be:	f04f 0600 	mov.w	r6, #0
 80005c2:	fbe1 5603 	umlal	r5, r6, r1, r3
 80005c6:	f09c 0f00 	teq	ip, #0
 80005ca:	bf18      	it	ne
 80005cc:	f04e 0e01 	orrne.w	lr, lr, #1
 80005d0:	f1a4 04ff 	sub.w	r4, r4, #255	@ 0xff
 80005d4:	f5b6 7f00 	cmp.w	r6, #512	@ 0x200
 80005d8:	f564 7440 	sbc.w	r4, r4, #768	@ 0x300
 80005dc:	d204      	bcs.n	80005e8 <__aeabi_dmul+0x80>
 80005de:	ea5f 0e4e 	movs.w	lr, lr, lsl #1
 80005e2:	416d      	adcs	r5, r5
 80005e4:	eb46 0606 	adc.w	r6, r6, r6
 80005e8:	ea42 21c6 	orr.w	r1, r2, r6, lsl #11
 80005ec:	ea41 5155 	orr.w	r1, r1, r5, lsr #21
 80005f0:	ea4f 20c5 	mov.w	r0, r5, lsl #11
 80005f4:	ea40 505e 	orr.w	r0, r0, lr, lsr #21
 80005f8:	ea4f 2ece 	mov.w	lr, lr, lsl #11
 80005fc:	f1b4 0cfd 	subs.w	ip, r4, #253	@ 0xfd
 8000600:	bf88      	it	hi
 8000602:	f5bc 6fe0 	cmphi.w	ip, #1792	@ 0x700
 8000606:	d81e      	bhi.n	8000646 <__aeabi_dmul+0xde>
 8000608:	f1be 4f00 	cmp.w	lr, #2147483648	@ 0x80000000
 800060c:	bf08      	it	eq
 800060e:	ea5f 0e50 	movseq.w	lr, r0, lsr #1
 8000612:	f150 0000 	adcs.w	r0, r0, #0
 8000616:	eb41 5104 	adc.w	r1, r1, r4, lsl #20
 800061a:	bd70      	pop	{r4, r5, r6, pc}
 800061c:	f006 4600 	and.w	r6, r6, #2147483648	@ 0x80000000
 8000620:	ea46 0101 	orr.w	r1, r6, r1
 8000624:	ea40 0002 	orr.w	r0, r0, r2
 8000628:	ea81 0103 	eor.w	r1, r1, r3
 800062c:	ebb4 045c 	subs.w	r4, r4, ip, lsr #1
 8000630:	bfc2      	ittt	gt
 8000632:	ebd4 050c 	rsbsgt	r5, r4, ip
 8000636:	ea41 5104 	orrgt.w	r1, r1, r4, lsl #20
 800063a:	bd70      	popgt	{r4, r5, r6, pc}
 800063c:	f441 1180 	orr.w	r1, r1, #1048576	@ 0x100000
 8000640:	f04f 0e00 	mov.w	lr, #0
 8000644:	3c01      	subs	r4, #1
 8000646:	f300 80ab 	bgt.w	80007a0 <__aeabi_dmul+0x238>
 800064a:	f114 0f36 	cmn.w	r4, #54	@ 0x36
 800064e:	bfde      	ittt	le
 8000650:	2000      	movle	r0, #0
 8000652:	f001 4100 	andle.w	r1, r1, #2147483648	@ 0x80000000
 8000656:	bd70      	pople	{r4, r5, r6, pc}
 8000658:	f1c4 0400 	rsb	r4, r4, #0
 800065c:	3c20      	subs	r4, #32
 800065e:	da35      	bge.n	80006cc <__aeabi_dmul+0x164>
 8000660:	340c      	adds	r4, #12
 8000662:	dc1b      	bgt.n	800069c <__aeabi_dmul+0x134>
 8000664:	f104 0414 	add.w	r4, r4, #20
 8000668:	f1c4 0520 	rsb	r5, r4, #32
 800066c:	fa00 f305 	lsl.w	r3, r0, r5
 8000670:	fa20 f004 	lsr.w	r0, r0, r4
 8000674:	fa01 f205 	lsl.w	r2, r1, r5
 8000678:	ea40 0002 	orr.w	r0, r0, r2
 800067c:	f001 4200 	and.w	r2, r1, #2147483648	@ 0x80000000
 8000680:	f021 4100 	bic.w	r1, r1, #2147483648	@ 0x80000000
 8000684:	eb10 70d3 	adds.w	r0, r0, r3, lsr #31
 8000688:	fa21 f604 	lsr.w	r6, r1, r4
 800068c:	eb42 0106 	adc.w	r1, r2, r6
 8000690:	ea5e 0e43 	orrs.w	lr, lr, r3, lsl #1
 8000694:	bf08      	it	eq
 8000696:	ea20 70d3 	biceq.w	r0, r0, r3, lsr #31
 800069a:	bd70      	pop	{r4, r5, r6, pc}
 800069c:	f1c4 040c 	rsb	r4, r4, #12
 80006a0:	f1c4 0520 	rsb	r5, r4, #32
 80006a4:	fa00 f304 	lsl.w	r3, r0, r4
 80006a8:	fa20 f005 	lsr.w	r0, r0, r5
 80006ac:	fa01 f204 	lsl.w	r2, r1, r4
 80006b0:	ea40 0002 	orr.w	r0, r0, r2
 80006b4:	f001 4100 	and.w	r1, r1, #2147483648	@ 0x80000000
 80006b8:	eb10 70d3 	adds.w	r0, r0, r3, lsr #31
 80006bc:	f141 0100 	adc.w	r1, r1, #0
 80006c0:	ea5e 0e43 	orrs.w	lr, lr, r3, lsl #1
 80006c4:	bf08      	it	eq
 80006c6:	ea20 70d3 	biceq.w	r0, r0, r3, lsr #31
 80006ca:	bd70      	pop	{r4, r5, r6, pc}
 80006cc:	f1c4 0520 	rsb	r5, r4, #32
 80006d0:	fa00 f205 	lsl.w	r2, r0, r5
 80006d4:	ea4e 0e02 	orr.w	lr, lr, r2
 80006d8:	fa20 f304 	lsr.w	r3, r0, r4
 80006dc:	fa01 f205 	lsl.w	r2, r1, r5
 80006e0:	ea43 0302 	orr.w	r3, r3, r2
 80006e4:	fa21 f004 	lsr.w	r0, r1, r4
 80006e8:	f001 4100 	and.w	r1, r1, #2147483648	@ 0x80000000
 80006ec:	fa21 f204 	lsr.w	r2, r1, r4
 80006f0:	ea20 0002 	bic.w	r0, r0, r2
 80006f4:	eb00 70d3 	add.w	r0, r0, r3, lsr #31
 80006f8:	ea5e 0e43 	orrs.w	lr, lr, r3, lsl #1
 80006fc:	bf08      	it	eq
 80006fe:	ea20 70d3 	biceq.w	r0, r0, r3, lsr #31
 8000702:	bd70      	pop	{r4, r5, r6, pc}
 8000704:	f094 0f00 	teq	r4, #0
 8000708:	d10f      	bne.n	800072a <__aeabi_dmul+0x1c2>
 800070a:	f001 4600 	and.w	r6, r1, #2147483648	@ 0x80000000
 800070e:	0040      	lsls	r0, r0, #1
 8000710:	eb41 0101 	adc.w	r1, r1, r1
 8000714:	f411 1f80 	tst.w	r1, #1048576	@ 0x100000
 8000718:	bf08      	it	eq
 800071a:	3c01      	subeq	r4, #1
 800071c:	d0f7      	beq.n	800070e <__aeabi_dmul+0x1a6>
 800071e:	ea41 0106 	orr.w	r1, r1, r6
 8000722:	f095 0f00 	teq	r5, #0
 8000726:	bf18      	it	ne
 8000728:	4770      	bxne	lr
 800072a:	f003 4600 	and.w	r6, r3, #2147483648	@ 0x80000000
 800072e:	0052      	lsls	r2, r2, #1
 8000730:	eb43 0303 	adc.w	r3, r3, r3
 8000734:	f413 1f80 	tst.w	r3, #1048576	@ 0x100000
 8000738:	bf08      	it	eq
 800073a:	3d01      	subeq	r5, #1
 800073c:	d0f7      	beq.n	800072e <__aeabi_dmul+0x1c6>
 800073e:	ea43 0306 	orr.w	r3, r3, r6
 8000742:	4770      	bx	lr
 8000744:	ea94 0f0c 	teq	r4, ip
 8000748:	ea0c 5513 	and.w	r5, ip, r3, lsr #20
 800074c:	bf18      	it	ne
 800074e:	ea95 0f0c 	teqne	r5, ip
 8000752:	d00c      	beq.n	800076e <__aeabi_dmul+0x206>
 8000754:	ea50 0641 	orrs.w	r6, r0, r1, lsl #1
 8000758:	bf18      	it	ne
 800075a:	ea52 0643 	orrsne.w	r6, r2, r3, lsl #1
 800075e:	d1d1      	bne.n	8000704 <__aeabi_dmul+0x19c>
 8000760:	ea81 0103 	eor.w	r1, r1, r3
 8000764:	f001 4100 	and.w	r1, r1, #2147483648	@ 0x80000000
 8000768:	f04f 0000 	mov.w	r0, #0
 800076c:	bd70      	pop	{r4, r5, r6, pc}
 800076e:	ea50 0641 	orrs.w	r6, r0, r1, lsl #1
 8000772:	bf06      	itte	eq
 8000774:	4610      	moveq	r0, r2
 8000776:	4619      	moveq	r1, r3
 8000778:	ea52 0643 	orrsne.w	r6, r2, r3, lsl #1
 800077c:	d019      	beq.n	80007b2 <__aeabi_dmul+0x24a>
 800077e:	ea94 0f0c 	teq	r4, ip
 8000782:	d102      	bne.n	800078a <__aeabi_dmul+0x222>
 8000784:	ea50 3601 	orrs.w	r6, r0, r1, lsl #12
 8000788:	d113      	bne.n	80007b2 <__aeabi_dmul+0x24a>
 800078a:	ea95 0f0c 	teq	r5, ip
 800078e:	d105      	bne.n	800079c <__aeabi_dmul+0x234>
 8000790:	ea52 3603 	orrs.w	r6, r2, r3, lsl #12
 8000794:	bf1c      	itt	ne
 8000796:	4610      	movne	r0, r2
 8000798:	4619      	movne	r1, r3
 800079a:	d10a      	bne.n	80007b2 <__aeabi_dmul+0x24a>
 800079c:	ea81 0103 	eor.w	r1, r1, r3
 80007a0:	f001 4100 	and.w	r1, r1, #2147483648	@ 0x80000000
 80007a4:	f041 41fe 	orr.w	r1, r1, #2130706432	@ 0x7f000000
 80007a8:	f441 0170 	orr.w	r1, r1, #15728640	@ 0xf00000
 80007ac:	f04f 0000 	mov.w	r0, #0
 80007b0:	bd70      	pop	{r4, r5, r6, pc}
 80007b2:	f041 41fe 	orr.w	r1, r1, #2130706432	@ 0x7f000000
 80007b6:	f441 0178 	orr.w	r1, r1, #16252928	@ 0xf80000
 80007ba:	bd70      	pop	{r4, r5, r6, pc}

080007bc <__aeabi_ddiv>:
 80007bc:	b570      	push	{r4, r5, r6, lr}
 80007be:	f04f 0cff 	mov.w	ip, #255	@ 0xff
 80007c2:	f44c 6ce0 	orr.w	ip, ip, #1792	@ 0x700
 80007c6:	ea1c 5411 	ands.w	r4, ip, r1, lsr #20
 80007ca:	bf1d      	ittte	ne
 80007cc:	ea1c 5513 	andsne.w	r5, ip, r3, lsr #20
 80007d0:	ea94 0f0c 	teqne	r4, ip
 80007d4:	ea95 0f0c 	teqne	r5, ip
 80007d8:	f000 f8a7 	bleq	800092a <__aeabi_ddiv+0x16e>
 80007dc:	eba4 0405 	sub.w	r4, r4, r5
 80007e0:	ea81 0e03 	eor.w	lr, r1, r3
 80007e4:	ea52 3503 	orrs.w	r5, r2, r3, lsl #12
 80007e8:	ea4f 3101 	mov.w	r1, r1, lsl #12
 80007ec:	f000 8088 	beq.w	8000900 <__aeabi_ddiv+0x144>
 80007f0:	ea4f 3303 	mov.w	r3, r3, lsl #12
 80007f4:	f04f 5580 	mov.w	r5, #268435456	@ 0x10000000
 80007f8:	ea45 1313 	orr.w	r3, r5, r3, lsr #4
 80007fc:	ea43 6312 	orr.w	r3, r3, r2, lsr #24
 8000800:	ea4f 2202 	mov.w	r2, r2, lsl #8
 8000804:	ea45 1511 	orr.w	r5, r5, r1, lsr #4
 8000808:	ea45 6510 	orr.w	r5, r5, r0, lsr #24
 800080c:	ea4f 2600 	mov.w	r6, r0, lsl #8
 8000810:	f00e 4100 	and.w	r1, lr, #2147483648	@ 0x80000000
 8000814:	429d      	cmp	r5, r3
 8000816:	bf08      	it	eq
 8000818:	4296      	cmpeq	r6, r2
 800081a:	f144 04fd 	adc.w	r4, r4, #253	@ 0xfd
 800081e:	f504 7440 	add.w	r4, r4, #768	@ 0x300
 8000822:	d202      	bcs.n	800082a <__aeabi_ddiv+0x6e>
 8000824:	085b      	lsrs	r3, r3, #1
 8000826:	ea4f 0232 	mov.w	r2, r2, rrx
 800082a:	1ab6      	subs	r6, r6, r2
 800082c:	eb65 0503 	sbc.w	r5, r5, r3
 8000830:	085b      	lsrs	r3, r3, #1
 8000832:	ea4f 0232 	mov.w	r2, r2, rrx
 8000836:	f44f 1080 	mov.w	r0, #1048576	@ 0x100000
 800083a:	f44f 2c00 	mov.w	ip, #524288	@ 0x80000
 800083e:	ebb6 0e02 	subs.w	lr, r6, r2
 8000842:	eb75 0e03 	sbcs.w	lr, r5, r3
 8000846:	bf22      	ittt	cs
 8000848:	1ab6      	subcs	r6, r6, r2
 800084a:	4675      	movcs	r5, lr
 800084c:	ea40 000c 	orrcs.w	r0, r0, ip
 8000850:	085b      	lsrs	r3, r3, #1
 8000852:	ea4f 0232 	mov.w	r2, r2, rrx
 8000856:	ebb6 0e02 	subs.w	lr, r6, r2
 800085a:	eb75 0e03 	sbcs.w	lr, r5, r3
 800085e:	bf22      	ittt	cs
 8000860:	1ab6      	subcs	r6, r6, r2
 8000862:	4675      	movcs	r5, lr
 8000864:	ea40 005c 	orrcs.w	r0, r0, ip, lsr #1
 8000868:	085b      	lsrs	r3, r3, #1
 800086a:	ea4f 0232 	mov.w	r2, r2, rrx
 800086e:	ebb6 0e02 	subs.w	lr, r6, r2
 8000872:	eb75 0e03 	sbcs.w	lr, r5, r3
 8000876:	bf22      	ittt	cs
 8000878:	1ab6      	subcs	r6, r6, r2
 800087a:	4675      	movcs	r5, lr
 800087c:	ea40 009c 	orrcs.w	r0, r0, ip, lsr #2
 8000880:	085b      	lsrs	r3, r3, #1
 8000882:	ea4f 0232 	mov.w	r2, r2, rrx
 8000886:	ebb6 0e02 	subs.w	lr, r6, r2
 800088a:	eb75 0e03 	sbcs.w	lr, r5, r3
 800088e:	bf22      	ittt	cs
 8000890:	1ab6      	subcs	r6, r6, r2
 8000892:	4675      	movcs	r5, lr
 8000894:	ea40 00dc 	orrcs.w	r0, r0, ip, lsr #3
 8000898:	ea55 0e06 	orrs.w	lr, r5, r6
 800089c:	d018      	beq.n	80008d0 <__aeabi_ddiv+0x114>
 800089e:	ea4f 1505 	mov.w	r5, r5, lsl #4
 80008a2:	ea45 7516 	orr.w	r5, r5, r6, lsr #28
 80008a6:	ea4f 1606 	mov.w	r6, r6, lsl #4
 80008aa:	ea4f 03c3 	mov.w	r3, r3, lsl #3
 80008ae:	ea43 7352 	orr.w	r3, r3, r2, lsr #29
 80008b2:	ea4f 02c2 	mov.w	r2, r2, lsl #3
 80008b6:	ea5f 1c1c 	movs.w	ip, ip, lsr #4
 80008ba:	d1c0      	bne.n	800083e <__aeabi_ddiv+0x82>
 80008bc:	f411 1f80 	tst.w	r1, #1048576	@ 0x100000
 80008c0:	d10b      	bne.n	80008da <__aeabi_ddiv+0x11e>
 80008c2:	ea41 0100 	orr.w	r1, r1, r0
 80008c6:	f04f 0000 	mov.w	r0, #0
 80008ca:	f04f 4c00 	mov.w	ip, #2147483648	@ 0x80000000
 80008ce:	e7b6      	b.n	800083e <__aeabi_ddiv+0x82>
 80008d0:	f411 1f80 	tst.w	r1, #1048576	@ 0x100000
 80008d4:	bf04      	itt	eq
 80008d6:	4301      	orreq	r1, r0
 80008d8:	2000      	moveq	r0, #0
 80008da:	f1b4 0cfd 	subs.w	ip, r4, #253	@ 0xfd
 80008de:	bf88      	it	hi
 80008e0:	f5bc 6fe0 	cmphi.w	ip, #1792	@ 0x700
 80008e4:	f63f aeaf 	bhi.w	8000646 <__aeabi_dmul+0xde>
 80008e8:	ebb5 0c03 	subs.w	ip, r5, r3
 80008ec:	bf04      	itt	eq
 80008ee:	ebb6 0c02 	subseq.w	ip, r6, r2
 80008f2:	ea5f 0c50 	movseq.w	ip, r0, lsr #1
 80008f6:	f150 0000 	adcs.w	r0, r0, #0
 80008fa:	eb41 5104 	adc.w	r1, r1, r4, lsl #20
 80008fe:	bd70      	pop	{r4, r5, r6, pc}
 8000900:	f00e 4e00 	and.w	lr, lr, #2147483648	@ 0x80000000
 8000904:	ea4e 3111 	orr.w	r1, lr, r1, lsr #12
 8000908:	eb14 045c 	adds.w	r4, r4, ip, lsr #1
 800090c:	bfc2      	ittt	gt
 800090e:	ebd4 050c 	rsbsgt	r5, r4, ip
 8000912:	ea41 5104 	orrgt.w	r1, r1, r4, lsl #20
 8000916:	bd70      	popgt	{r4, r5, r6, pc}
 8000918:	f441 1180 	orr.w	r1, r1, #1048576	@ 0x100000
 800091c:	f04f 0e00 	mov.w	lr, #0
 8000920:	3c01      	subs	r4, #1
 8000922:	e690      	b.n	8000646 <__aeabi_dmul+0xde>
 8000924:	ea45 0e06 	orr.w	lr, r5, r6
 8000928:	e68d      	b.n	8000646 <__aeabi_dmul+0xde>
 800092a:	ea0c 5513 	and.w	r5, ip, r3, lsr #20
 800092e:	ea94 0f0c 	teq	r4, ip
 8000932:	bf08      	it	eq
 8000934:	ea95 0f0c 	teqeq	r5, ip
 8000938:	f43f af3b 	beq.w	80007b2 <__aeabi_dmul+0x24a>
 800093c:	ea94 0f0c 	teq	r4, ip
 8000940:	d10a      	bne.n	8000958 <__aeabi_ddiv+0x19c>
 8000942:	ea50 3401 	orrs.w	r4, r0, r1, lsl #12
 8000946:	f47f af34 	bne.w	80007b2 <__aeabi_dmul+0x24a>
 800094a:	ea95 0f0c 	teq	r5, ip
 800094e:	f47f af25 	bne.w	800079c <__aeabi_dmul+0x234>
 8000952:	4610      	mov	r0, r2
 8000954:	4619      	mov	r1, r3
 8000956:	e72c      	b.n	80007b2 <__aeabi_dmul+0x24a>
 8000958:	ea95 0f0c 	teq	r5, ip
 800095c:	d106      	bne.n	800096c <__aeabi_ddiv+0x1b0>
 800095e:	ea52 3503 	orrs.w	r5, r2, r3, lsl #12
 8000962:	f43f aefd 	beq.w	8000760 <__aeabi_dmul+0x1f8>
 8000966:	4610      	mov	r0, r2
 8000968:	4619      	mov	r1, r3
 800096a:	e722      	b.n	80007b2 <__aeabi_dmul+0x24a>
 800096c:	ea50 0641 	orrs.w	r6, r0, r1, lsl #1
 8000970:	bf18      	it	ne
 8000972:	ea52 0643 	orrsne.w	r6, r2, r3, lsl #1
 8000976:	f47f aec5 	bne.w	8000704 <__aeabi_dmul+0x19c>
 800097a:	ea50 0441 	orrs.w	r4, r0, r1, lsl #1
 800097e:	f47f af0d 	bne.w	800079c <__aeabi_dmul+0x234>
 8000982:	ea52 0543 	orrs.w	r5, r2, r3, lsl #1
 8000986:	f47f aeeb 	bne.w	8000760 <__aeabi_dmul+0x1f8>
 800098a:	e712      	b.n	80007b2 <__aeabi_dmul+0x24a>

0800098c <__gedf2>:
 800098c:	f04f 3cff 	mov.w	ip, #4294967295
 8000990:	e006      	b.n	80009a0 <__cmpdf2+0x4>
 8000992:	bf00      	nop

08000994 <__ledf2>:
 8000994:	f04f 0c01 	mov.w	ip, #1
 8000998:	e002      	b.n	80009a0 <__cmpdf2+0x4>
 800099a:	bf00      	nop

0800099c <__cmpdf2>:
 800099c:	f04f 0c01 	mov.w	ip, #1
 80009a0:	f84d cd04 	str.w	ip, [sp, #-4]!
 80009a4:	ea4f 0c41 	mov.w	ip, r1, lsl #1
 80009a8:	ea7f 5c6c 	mvns.w	ip, ip, asr #21
 80009ac:	ea4f 0c43 	mov.w	ip, r3, lsl #1
 80009b0:	bf18      	it	ne
 80009b2:	ea7f 5c6c 	mvnsne.w	ip, ip, asr #21
 80009b6:	d01b      	beq.n	80009f0 <__cmpdf2+0x54>
 80009b8:	b001      	add	sp, #4
 80009ba:	ea50 0c41 	orrs.w	ip, r0, r1, lsl #1
 80009be:	bf0c      	ite	eq
 80009c0:	ea52 0c43 	orrseq.w	ip, r2, r3, lsl #1
 80009c4:	ea91 0f03 	teqne	r1, r3
 80009c8:	bf02      	ittt	eq
 80009ca:	ea90 0f02 	teqeq	r0, r2
 80009ce:	2000      	moveq	r0, #0
 80009d0:	4770      	bxeq	lr
 80009d2:	f110 0f00 	cmn.w	r0, #0
 80009d6:	ea91 0f03 	teq	r1, r3
 80009da:	bf58      	it	pl
 80009dc:	4299      	cmppl	r1, r3
 80009de:	bf08      	it	eq
 80009e0:	4290      	cmpeq	r0, r2
 80009e2:	bf2c      	ite	cs
 80009e4:	17d8      	asrcs	r0, r3, #31
 80009e6:	ea6f 70e3 	mvncc.w	r0, r3, asr #31
 80009ea:	f040 0001 	orr.w	r0, r0, #1
 80009ee:	4770      	bx	lr
 80009f0:	ea4f 0c41 	mov.w	ip, r1, lsl #1
 80009f4:	ea7f 5c6c 	mvns.w	ip, ip, asr #21
 80009f8:	d102      	bne.n	8000a00 <__cmpdf2+0x64>
 80009fa:	ea50 3c01 	orrs.w	ip, r0, r1, lsl #12
 80009fe:	d107      	bne.n	8000a10 <__cmpdf2+0x74>
 8000a00:	ea4f 0c43 	mov.w	ip, r3, lsl #1
 8000a04:	ea7f 5c6c 	mvns.w	ip, ip, asr #21
 8000a08:	d1d6      	bne.n	80009b8 <__cmpdf2+0x1c>
 8000a0a:	ea52 3c03 	orrs.w	ip, r2, r3, lsl #12
 8000a0e:	d0d3      	beq.n	80009b8 <__cmpdf2+0x1c>
 8000a10:	f85d 0b04 	ldr.w	r0, [sp], #4
 8000a14:	4770      	bx	lr
 8000a16:	bf00      	nop

08000a18 <__aeabi_cdrcmple>:
 8000a18:	4684      	mov	ip, r0
 8000a1a:	4610      	mov	r0, r2
 8000a1c:	4662      	mov	r2, ip
 8000a1e:	468c      	mov	ip, r1
 8000a20:	4619      	mov	r1, r3
 8000a22:	4663      	mov	r3, ip
 8000a24:	e000      	b.n	8000a28 <__aeabi_cdcmpeq>
 8000a26:	bf00      	nop

08000a28 <__aeabi_cdcmpeq>:
 8000a28:	b501      	push	{r0, lr}
 8000a2a:	f7ff ffb7 	bl	800099c <__cmpdf2>
 8000a2e:	2800      	cmp	r0, #0
 8000a30:	bf48      	it	mi
 8000a32:	f110 0f00 	cmnmi.w	r0, #0
 8000a36:	bd01      	pop	{r0, pc}

08000a38 <__aeabi_dcmpeq>:
 8000a38:	f84d ed08 	str.w	lr, [sp, #-8]!
 8000a3c:	f7ff fff4 	bl	8000a28 <__aeabi_cdcmpeq>
 8000a40:	bf0c      	ite	eq
 8000a42:	2001      	moveq	r0, #1
 8000a44:	2000      	movne	r0, #0
 8000a46:	f85d fb08 	ldr.w	pc, [sp], #8
 8000a4a:	bf00      	nop

08000a4c <__aeabi_dcmplt>:
 8000a4c:	f84d ed08 	str.w	lr, [sp, #-8]!
 8000a50:	f7ff ffea 	bl	8000a28 <__aeabi_cdcmpeq>
 8000a54:	bf34      	ite	cc
 8000a56:	2001      	movcc	r0, #1
 8000a58:	2000      	movcs	r0, #0
 8000a5a:	f85d fb08 	ldr.w	pc, [sp], #8
 8000a5e:	bf00      	nop

08000a60 <__aeabi_dcmple>:
 8000a60:	f84d ed08 	str.w	lr, [sp, #-8]!
 8000a64:	f7ff ffe0 	bl	8000a28 <__aeabi_cdcmpeq>
 8000a68:	bf94      	ite	ls
 8000a6a:	2001      	movls	r0, #1
 8000a6c:	2000      	movhi	r0, #0
 8000a6e:	f85d fb08 	ldr.w	pc, [sp], #8
 8000a72:	bf00      	nop

08000a74 <__aeabi_dcmpge>:
 8000a74:	f84d ed08 	str.w	lr, [sp, #-8]!
 8000a78:	f7ff ffce 	bl	8000a18 <__aeabi_cdrcmple>
 8000a7c:	bf94      	ite	ls
 8000a7e:	2001      	movls	r0, #1
 8000a80:	2000      	movhi	r0, #0
 8000a82:	f85d fb08 	ldr.w	pc, [sp], #8
 8000a86:	bf00      	nop

08000a88 <__aeabi_dcmpgt>:
 8000a88:	f84d ed08 	str.w	lr, [sp, #-8]!
 8000a8c:	f7ff ffc4 	bl	8000a18 <__aeabi_cdrcmple>
 8000a90:	bf34      	ite	cc
 8000a92:	2001      	movcc	r0, #1
 8000a94:	2000      	movcs	r0, #0
 8000a96:	f85d fb08 	ldr.w	pc, [sp], #8
 8000a9a:	bf00      	nop

08000a9c <__aeabi_dcmpun>:
 8000a9c:	ea4f 0c41 	mov.w	ip, r1, lsl #1
 8000aa0:	ea7f 5c6c 	mvns.w	ip, ip, asr #21
 8000aa4:	d102      	bne.n	8000aac <__aeabi_dcmpun+0x10>
 8000aa6:	ea50 3c01 	orrs.w	ip, r0, r1, lsl #12
 8000aaa:	d10a      	bne.n	8000ac2 <__aeabi_dcmpun+0x26>
 8000aac:	ea4f 0c43 	mov.w	ip, r3, lsl #1
 8000ab0:	ea7f 5c6c 	mvns.w	ip, ip, asr #21
 8000ab4:	d102      	bne.n	8000abc <__aeabi_dcmpun+0x20>
 8000ab6:	ea52 3c03 	orrs.w	ip, r2, r3, lsl #12
 8000aba:	d102      	bne.n	8000ac2 <__aeabi_dcmpun+0x26>
 8000abc:	f04f 0000 	mov.w	r0, #0
 8000ac0:	4770      	bx	lr
 8000ac2:	f04f 0001 	mov.w	r0, #1
 8000ac6:	4770      	bx	lr

08000ac8 <__aeabi_d2iz>:
 8000ac8:	ea4f 0241 	mov.w	r2, r1, lsl #1
 8000acc:	f512 1200 	adds.w	r2, r2, #2097152	@ 0x200000
 8000ad0:	d215      	bcs.n	8000afe <__aeabi_d2iz+0x36>
 8000ad2:	d511      	bpl.n	8000af8 <__aeabi_d2iz+0x30>
 8000ad4:	f46f 7378 	mvn.w	r3, #992	@ 0x3e0
 8000ad8:	ebb3 5262 	subs.w	r2, r3, r2, asr #21
 8000adc:	d912      	bls.n	8000b04 <__aeabi_d2iz+0x3c>
 8000ade:	ea4f 23c1 	mov.w	r3, r1, lsl #11
 8000ae2:	f043 4300 	orr.w	r3, r3, #2147483648	@ 0x80000000
 8000ae6:	ea43 5350 	orr.w	r3, r3, r0, lsr #21
 8000aea:	f011 4f00 	tst.w	r1, #2147483648	@ 0x80000000
 8000aee:	fa23 f002 	lsr.w	r0, r3, r2
 8000af2:	bf18      	it	ne
 8000af4:	4240      	negne	r0, r0
 8000af6:	4770      	bx	lr
 8000af8:	f04f 0000 	mov.w	r0, #0
 8000afc:	4770      	bx	lr
 8000afe:	ea50 3001 	orrs.w	r0, r0, r1, lsl #12
 8000b02:	d105      	bne.n	8000b10 <__aeabi_d2iz+0x48>
 8000b04:	f011 4000 	ands.w	r0, r1, #2147483648	@ 0x80000000
 8000b08:	bf08      	it	eq
 8000b0a:	f06f 4000 	mvneq.w	r0, #2147483648	@ 0x80000000
 8000b0e:	4770      	bx	lr
 8000b10:	f04f 0000 	mov.w	r0, #0
 8000b14:	4770      	bx	lr
 8000b16:	bf00      	nop

08000b18 <__aeabi_d2f>:
 8000b18:	ea4f 0241 	mov.w	r2, r1, lsl #1
 8000b1c:	f1b2 43e0 	subs.w	r3, r2, #1879048192	@ 0x70000000
 8000b20:	bf24      	itt	cs
 8000b22:	f5b3 1c00 	subscs.w	ip, r3, #2097152	@ 0x200000
 8000b26:	f1dc 5cfe 	rsbscs	ip, ip, #532676608	@ 0x1fc00000
 8000b2a:	d90d      	bls.n	8000b48 <__aeabi_d2f+0x30>
 8000b2c:	f001 4c00 	and.w	ip, r1, #2147483648	@ 0x80000000
 8000b30:	ea4f 02c0 	mov.w	r2, r0, lsl #3
 8000b34:	ea4c 7050 	orr.w	r0, ip, r0, lsr #29
 8000b38:	f1b2 4f00 	cmp.w	r2, #2147483648	@ 0x80000000
 8000b3c:	eb40 0083 	adc.w	r0, r0, r3, lsl #2
 8000b40:	bf08      	it	eq
 8000b42:	f020 0001 	biceq.w	r0, r0, #1
 8000b46:	4770      	bx	lr
 8000b48:	f011 4f80 	tst.w	r1, #1073741824	@ 0x40000000
 8000b4c:	d121      	bne.n	8000b92 <__aeabi_d2f+0x7a>
 8000b4e:	f113 7238 	adds.w	r2, r3, #48234496	@ 0x2e00000
 8000b52:	bfbc      	itt	lt
 8000b54:	f001 4000 	andlt.w	r0, r1, #2147483648	@ 0x80000000
 8000b58:	4770      	bxlt	lr
 8000b5a:	f441 1180 	orr.w	r1, r1, #1048576	@ 0x100000
 8000b5e:	ea4f 5252 	mov.w	r2, r2, lsr #21
 8000b62:	f1c2 0218 	rsb	r2, r2, #24
 8000b66:	f1c2 0c20 	rsb	ip, r2, #32
 8000b6a:	fa10 f30c 	lsls.w	r3, r0, ip
 8000b6e:	fa20 f002 	lsr.w	r0, r0, r2
 8000b72:	bf18      	it	ne
 8000b74:	f040 0001 	orrne.w	r0, r0, #1
 8000b78:	ea4f 23c1 	mov.w	r3, r1, lsl #11
 8000b7c:	ea4f 23d3 	mov.w	r3, r3, lsr #11
 8000b80:	fa03 fc0c 	lsl.w	ip, r3, ip
 8000b84:	ea40 000c 	orr.w	r0, r0, ip
 8000b88:	fa23 f302 	lsr.w	r3, r3, r2
 8000b8c:	ea4f 0343 	mov.w	r3, r3, lsl #1
 8000b90:	e7cc      	b.n	8000b2c <__aeabi_d2f+0x14>
 8000b92:	ea7f 5362 	mvns.w	r3, r2, asr #21
 8000b96:	d107      	bne.n	8000ba8 <__aeabi_d2f+0x90>
 8000b98:	ea50 3301 	orrs.w	r3, r0, r1, lsl #12
 8000b9c:	bf1e      	ittt	ne
 8000b9e:	f04f 40fe 	movne.w	r0, #2130706432	@ 0x7f000000
 8000ba2:	f440 0040 	orrne.w	r0, r0, #12582912	@ 0xc00000
 8000ba6:	4770      	bxne	lr
 8000ba8:	f001 4000 	and.w	r0, r1, #2147483648	@ 0x80000000
 8000bac:	f040 40fe 	orr.w	r0, r0, #2130706432	@ 0x7f000000
 8000bb0:	f440 0000 	orr.w	r0, r0, #8388608	@ 0x800000
 8000bb4:	4770      	bx	lr
 8000bb6:	bf00      	nop

08000bb8 <__do_global_dtors_aux>:
 8000bb8:	b508      	push	{r3, lr}
 8000bba:	4b06      	ldr	r3, [pc, #24]	@ (8000bd4 <__do_global_dtors_aux+0x1c>)
 8000bbc:	781a      	ldrb	r2, [r3, #0]
 8000bbe:	b93a      	cbnz	r2, 8000bd0 <__do_global_dtors_aux+0x18>
 8000bc0:	4a05      	ldr	r2, [pc, #20]	@ (8000bd8 <__do_global_dtors_aux+0x20>)
 8000bc2:	b11a      	cbz	r2, 8000bcc <__do_global_dtors_aux+0x14>
 8000bc4:	4805      	ldr	r0, [pc, #20]	@ (8000bdc <__do_global_dtors_aux+0x24>)
 8000bc6:	f3af 8000 	nop.w
 8000bca:	4b02      	ldr	r3, [pc, #8]	@ (8000bd4 <__do_global_dtors_aux+0x1c>)
 8000bcc:	2201      	movs	r2, #1
 8000bce:	701a      	strb	r2, [r3, #0]
 8000bd0:	bd08      	pop	{r3, pc}
 8000bd2:	bf00      	nop
 8000bd4:	20000330 	.word	0x20000330
 8000bd8:	00000000 	.word	0x00000000
 8000bdc:	0800cba4 	.word	0x0800cba4

08000be0 <frame_dummy>:
 8000be0:	b508      	push	{r3, lr}
 8000be2:	4b03      	ldr	r3, [pc, #12]	@ (8000bf0 <frame_dummy+0x10>)
 8000be4:	b11b      	cbz	r3, 8000bee <frame_dummy+0xe>
 8000be6:	4903      	ldr	r1, [pc, #12]	@ (8000bf4 <frame_dummy+0x14>)
 8000be8:	4803      	ldr	r0, [pc, #12]	@ (8000bf8 <frame_dummy+0x18>)
 8000bea:	f3af 8000 	nop.w
 8000bee:	bd08      	pop	{r3, pc}
 8000bf0:	00000000 	.word	0x00000000
 8000bf4:	20000334 	.word	0x20000334
 8000bf8:	0800cba4 	.word	0x0800cba4

08000bfc <read_regs>:
 8000bfc:	2a0f      	cmp	r2, #15
 8000bfe:	d82f      	bhi.n	8000c60 <read_regs+0x64>
 8000c00:	e92d 43f0 	stmdb	sp!, {r4, r5, r6, r7, r8, r9, lr}
 8000c04:	b08b      	sub	sp, #44	@ 0x2c
 8000c06:	4604      	mov	r4, r0
 8000c08:	4688      	mov	r8, r1
 8000c0a:	4615      	mov	r5, r2
 8000c0c:	4699      	mov	r9, r3
 8000c0e:	3201      	adds	r2, #1
 8000c10:	ae06      	add	r6, sp, #24
 8000c12:	4617      	mov	r7, r2
 8000c14:	2100      	movs	r1, #0
 8000c16:	4630      	mov	r0, r6
 8000c18:	f009 fee4 	bl	800a9e4 <memset>
 8000c1c:	f068 027f 	orn	r2, r8, #127	@ 0x7f
 8000c20:	f88d 2018 	strb.w	r2, [sp, #24]
 8000c24:	2200      	movs	r2, #0
 8000c26:	8921      	ldrh	r1, [r4, #8]
 8000c28:	6860      	ldr	r0, [r4, #4]
 8000c2a:	f003 faeb 	bl	8004204 <HAL_GPIO_WritePin>
 8000c2e:	2364      	movs	r3, #100	@ 0x64
 8000c30:	9300      	str	r3, [sp, #0]
 8000c32:	463b      	mov	r3, r7
 8000c34:	aa02      	add	r2, sp, #8
 8000c36:	4631      	mov	r1, r6
 8000c38:	6820      	ldr	r0, [r4, #0]
 8000c3a:	f006 faa3 	bl	8007184 <HAL_SPI_TransmitReceive>
 8000c3e:	4606      	mov	r6, r0
 8000c40:	2201      	movs	r2, #1
 8000c42:	8921      	ldrh	r1, [r4, #8]
 8000c44:	6860      	ldr	r0, [r4, #4]
 8000c46:	f003 fadd 	bl	8004204 <HAL_GPIO_WritePin>
 8000c4a:	b966      	cbnz	r6, 8000c66 <read_regs+0x6a>
 8000c4c:	462a      	mov	r2, r5
 8000c4e:	f10d 0109 	add.w	r1, sp, #9
 8000c52:	4648      	mov	r0, r9
 8000c54:	f009 ff45 	bl	800aae2 <memcpy>
 8000c58:	4630      	mov	r0, r6
 8000c5a:	b00b      	add	sp, #44	@ 0x2c
 8000c5c:	e8bd 83f0 	ldmia.w	sp!, {r4, r5, r6, r7, r8, r9, pc}
 8000c60:	f04f 30ff 	mov.w	r0, #4294967295
 8000c64:	4770      	bx	lr
 8000c66:	f06f 0001 	mvn.w	r0, #1
 8000c6a:	e7f6      	b.n	8000c5a <read_regs+0x5e>

08000c6c <read_reg>:
 8000c6c:	b500      	push	{lr}
 8000c6e:	b083      	sub	sp, #12
 8000c70:	2300      	movs	r3, #0
 8000c72:	f88d 3007 	strb.w	r3, [sp, #7]
 8000c76:	f10d 0307 	add.w	r3, sp, #7
 8000c7a:	2201      	movs	r2, #1
 8000c7c:	f7ff ffbe 	bl	8000bfc <read_regs>
 8000c80:	f89d 0007 	ldrb.w	r0, [sp, #7]
 8000c84:	b003      	add	sp, #12
 8000c86:	bd00      	pop	{pc}

08000c88 <write_reg>:
 8000c88:	b530      	push	{r4, r5, lr}
 8000c8a:	b085      	sub	sp, #20
 8000c8c:	4604      	mov	r4, r0
 8000c8e:	f001 017f 	and.w	r1, r1, #127	@ 0x7f
 8000c92:	f88d 100c 	strb.w	r1, [sp, #12]
 8000c96:	f88d 200d 	strb.w	r2, [sp, #13]
 8000c9a:	2200      	movs	r2, #0
 8000c9c:	8901      	ldrh	r1, [r0, #8]
 8000c9e:	6840      	ldr	r0, [r0, #4]
 8000ca0:	f003 fab0 	bl	8004204 <HAL_GPIO_WritePin>
 8000ca4:	2364      	movs	r3, #100	@ 0x64
 8000ca6:	9300      	str	r3, [sp, #0]
 8000ca8:	2302      	movs	r3, #2
 8000caa:	aa02      	add	r2, sp, #8
 8000cac:	a903      	add	r1, sp, #12
 8000cae:	6820      	ldr	r0, [r4, #0]
 8000cb0:	f006 fa68 	bl	8007184 <HAL_SPI_TransmitReceive>
 8000cb4:	4605      	mov	r5, r0
 8000cb6:	2201      	movs	r2, #1
 8000cb8:	8921      	ldrh	r1, [r4, #8]
 8000cba:	6860      	ldr	r0, [r4, #4]
 8000cbc:	f003 faa2 	bl	8004204 <HAL_GPIO_WritePin>
 8000cc0:	b915      	cbnz	r5, 8000cc8 <write_reg+0x40>
 8000cc2:	4628      	mov	r0, r5
 8000cc4:	b005      	add	sp, #20
 8000cc6:	bd30      	pop	{r4, r5, pc}
 8000cc8:	f04f 30ff 	mov.w	r0, #4294967295
 8000ccc:	e7fa      	b.n	8000cc4 <write_reg+0x3c>

08000cce <ICM42688_WhoAmI>:
 8000cce:	b508      	push	{r3, lr}
 8000cd0:	2100      	movs	r1, #0
 8000cd2:	f7ff ffcb 	bl	8000c6c <read_reg>
 8000cd6:	bd08      	pop	{r3, pc}

08000cd8 <ICM42688_Init>:
 8000cd8:	b510      	push	{r4, lr}
 8000cda:	4604      	mov	r4, r0
 8000cdc:	2201      	movs	r2, #1
 8000cde:	8901      	ldrh	r1, [r0, #8]
 8000ce0:	6840      	ldr	r0, [r0, #4]
 8000ce2:	f003 fa8f 	bl	8004204 <HAL_GPIO_WritePin>
 8000ce6:	2200      	movs	r2, #0
 8000ce8:	8921      	ldrh	r1, [r4, #8]
 8000cea:	6860      	ldr	r0, [r4, #4]
 8000cec:	f003 fa8a 	bl	8004204 <HAL_GPIO_WritePin>
 8000cf0:	2001      	movs	r0, #1
 8000cf2:	f000 fba3 	bl	800143c <HAL_Delay>
 8000cf6:	2201      	movs	r2, #1
 8000cf8:	8921      	ldrh	r1, [r4, #8]
 8000cfa:	6860      	ldr	r0, [r4, #4]
 8000cfc:	f003 fa82 	bl	8004204 <HAL_GPIO_WritePin>
 8000d00:	2001      	movs	r0, #1
 8000d02:	f000 fb9b 	bl	800143c <HAL_Delay>
 8000d06:	2100      	movs	r1, #0
 8000d08:	4620      	mov	r0, r4
 8000d0a:	f7ff ffaf 	bl	8000c6c <read_reg>
 8000d0e:	2001      	movs	r0, #1
 8000d10:	f000 fb94 	bl	800143c <HAL_Delay>
 8000d14:	2268      	movs	r2, #104	@ 0x68
 8000d16:	2102      	movs	r1, #2
 8000d18:	4620      	mov	r0, r4
 8000d1a:	f7ff ffb5 	bl	8000c88 <write_reg>
 8000d1e:	2001      	movs	r0, #1
 8000d20:	f000 fb8c 	bl	800143c <HAL_Delay>
 8000d24:	2233      	movs	r2, #51	@ 0x33
 8000d26:	2103      	movs	r1, #3
 8000d28:	4620      	mov	r0, r4
 8000d2a:	f7ff ffad 	bl	8000c88 <write_reg>
 8000d2e:	2273      	movs	r2, #115	@ 0x73
 8000d30:	2104      	movs	r1, #4
 8000d32:	4620      	mov	r0, r4
 8000d34:	f7ff ffa8 	bl	8000c88 <write_reg>
 8000d38:	2200      	movs	r2, #0
 8000d3a:	2106      	movs	r1, #6
 8000d3c:	4620      	mov	r0, r4
 8000d3e:	f7ff ffa3 	bl	8000c88 <write_reg>
 8000d42:	2203      	movs	r2, #3
 8000d44:	2108      	movs	r1, #8
 8000d46:	4620      	mov	r0, r4
 8000d48:	f7ff ff9e 	bl	8000c88 <write_reg>
 8000d4c:	20c8      	movs	r0, #200	@ 0xc8
 8000d4e:	f000 fb75 	bl	800143c <HAL_Delay>
 8000d52:	f04f 5368 	mov.w	r3, #973078528	@ 0x3a000000
 8000d56:	60e3      	str	r3, [r4, #12]
 8000d58:	f04f 5376 	mov.w	r3, #1031798784	@ 0x3d800000
 8000d5c:	6123      	str	r3, [r4, #16]
 8000d5e:	2000      	movs	r0, #0
 8000d60:	bd10      	pop	{r4, pc}
	...

08000d64 <ICM42688_ReadOnce>:
 8000d64:	b570      	push	{r4, r5, r6, lr}
 8000d66:	b084      	sub	sp, #16
 8000d68:	4604      	mov	r4, r0
 8000d6a:	460e      	mov	r6, r1
 8000d6c:	2300      	movs	r3, #0
 8000d6e:	f88d 300f 	strb.w	r3, [sp, #15]
 8000d72:	f003 f8bf 	bl	8003ef4 <HAL_GetTick>
 8000d76:	4605      	mov	r5, r0
 8000d78:	f89d 300f 	ldrb.w	r3, [sp, #15]
 8000d7c:	f003 0303 	and.w	r3, r3, #3
 8000d80:	2b03      	cmp	r3, #3
 8000d82:	d011      	beq.n	8000da8 <ICM42688_ReadOnce+0x44>
 8000d84:	f10d 030f 	add.w	r3, sp, #15
 8000d88:	2201      	movs	r2, #1
 8000d8a:	212e      	movs	r1, #46	@ 0x2e
 8000d8c:	4620      	mov	r0, r4
 8000d8e:	f7ff ff35 	bl	8000bfc <read_regs>
 8000d92:	2800      	cmp	r0, #0
 8000d94:	f2c0 808a 	blt.w	8000eac <ICM42688_ReadOnce+0x148>
 8000d98:	f003 f8ac 	bl	8003ef4 <HAL_GetTick>
 8000d9c:	1b40      	subs	r0, r0, r5
 8000d9e:	280a      	cmp	r0, #10
 8000da0:	d9ea      	bls.n	8000d78 <ICM42688_ReadOnce+0x14>
 8000da2:	f06f 0001 	mvn.w	r0, #1
 8000da6:	e07f      	b.n	8000ea8 <ICM42688_ReadOnce+0x144>
 8000da8:	466b      	mov	r3, sp
 8000daa:	220e      	movs	r2, #14
 8000dac:	2133      	movs	r1, #51	@ 0x33
 8000dae:	4620      	mov	r0, r4
 8000db0:	f7ff ff24 	bl	8000bfc <read_regs>
 8000db4:	2800      	cmp	r0, #0
 8000db6:	db7c      	blt.n	8000eb2 <ICM42688_ReadOnce+0x14e>
 8000db8:	f89d 3001 	ldrb.w	r3, [sp, #1]
 8000dbc:	021b      	lsls	r3, r3, #8
 8000dbe:	b21b      	sxth	r3, r3
 8000dc0:	f89d 2000 	ldrb.w	r2, [sp]
 8000dc4:	4313      	orrs	r3, r2
 8000dc6:	ee07 3a90 	vmov	s15, r3
 8000dca:	f89d 3003 	ldrb.w	r3, [sp, #3]
 8000dce:	021b      	lsls	r3, r3, #8
 8000dd0:	b21b      	sxth	r3, r3
 8000dd2:	f89d 2002 	ldrb.w	r2, [sp, #2]
 8000dd6:	4313      	orrs	r3, r2
 8000dd8:	ee04 3a90 	vmov	s9, r3
 8000ddc:	f89d 3005 	ldrb.w	r3, [sp, #5]
 8000de0:	021b      	lsls	r3, r3, #8
 8000de2:	b21b      	sxth	r3, r3
 8000de4:	f89d 2004 	ldrb.w	r2, [sp, #4]
 8000de8:	4313      	orrs	r3, r2
 8000dea:	ee05 3a10 	vmov	s10, r3
 8000dee:	f89d 3007 	ldrb.w	r3, [sp, #7]
 8000df2:	021b      	lsls	r3, r3, #8
 8000df4:	b21b      	sxth	r3, r3
 8000df6:	f89d 2006 	ldrb.w	r2, [sp, #6]
 8000dfa:	4313      	orrs	r3, r2
 8000dfc:	ee05 3a90 	vmov	s11, r3
 8000e00:	f89d 3009 	ldrb.w	r3, [sp, #9]
 8000e04:	021b      	lsls	r3, r3, #8
 8000e06:	b21b      	sxth	r3, r3
 8000e08:	f89d 2008 	ldrb.w	r2, [sp, #8]
 8000e0c:	4313      	orrs	r3, r2
 8000e0e:	ee06 3a10 	vmov	s12, r3
 8000e12:	f89d 300b 	ldrb.w	r3, [sp, #11]
 8000e16:	021b      	lsls	r3, r3, #8
 8000e18:	b21b      	sxth	r3, r3
 8000e1a:	f89d 200a 	ldrb.w	r2, [sp, #10]
 8000e1e:	4313      	orrs	r3, r2
 8000e20:	ee06 3a90 	vmov	s13, r3
 8000e24:	f89d 300d 	ldrb.w	r3, [sp, #13]
 8000e28:	021b      	lsls	r3, r3, #8
 8000e2a:	b21b      	sxth	r3, r3
 8000e2c:	f89d 200c 	ldrb.w	r2, [sp, #12]
 8000e30:	4313      	orrs	r3, r2
 8000e32:	ee07 3a10 	vmov	s14, r3
 8000e36:	ed94 4a03 	vldr	s8, [r4, #12]
 8000e3a:	eef8 4ae4 	vcvt.f32.s32	s9, s9
 8000e3e:	ee64 4a84 	vmul.f32	s9, s9, s8
 8000e42:	edc6 4a00 	vstr	s9, [r6]
 8000e46:	edd4 4a03 	vldr	s9, [r4, #12]
 8000e4a:	eeb8 5ac5 	vcvt.f32.s32	s10, s10
 8000e4e:	ee25 5a24 	vmul.f32	s10, s10, s9
 8000e52:	ed86 5a01 	vstr	s10, [r6, #4]
 8000e56:	ed94 5a03 	vldr	s10, [r4, #12]
 8000e5a:	eef8 5ae5 	vcvt.f32.s32	s11, s11
 8000e5e:	ee65 5a85 	vmul.f32	s11, s11, s10
 8000e62:	edc6 5a02 	vstr	s11, [r6, #8]
 8000e66:	edd4 5a04 	vldr	s11, [r4, #16]
 8000e6a:	eeb8 6ac6 	vcvt.f32.s32	s12, s12
 8000e6e:	ee26 6a25 	vmul.f32	s12, s12, s11
 8000e72:	ed86 6a03 	vstr	s12, [r6, #12]
 8000e76:	ed94 6a04 	vldr	s12, [r4, #16]
 8000e7a:	eef8 6ae6 	vcvt.f32.s32	s13, s13
 8000e7e:	ee66 6a86 	vmul.f32	s13, s13, s12
 8000e82:	edc6 6a04 	vstr	s13, [r6, #16]
 8000e86:	edd4 6a04 	vldr	s13, [r4, #16]
 8000e8a:	eeb8 7ac7 	vcvt.f32.s32	s14, s14
 8000e8e:	ee27 7a26 	vmul.f32	s14, s14, s13
 8000e92:	ed86 7a05 	vstr	s14, [r6, #20]
 8000e96:	eef8 7ae7 	vcvt.f32.s32	s15, s15
 8000e9a:	ed9f 7a07 	vldr	s14, [pc, #28]	@ 8000eb8 <ICM42688_ReadOnce+0x154>
 8000e9e:	ee67 7a87 	vmul.f32	s15, s15, s14
 8000ea2:	edc6 7a06 	vstr	s15, [r6, #24]
 8000ea6:	2000      	movs	r0, #0
 8000ea8:	b004      	add	sp, #16
 8000eaa:	bd70      	pop	{r4, r5, r6, pc}
 8000eac:	f04f 30ff 	mov.w	r0, #4294967295
 8000eb0:	e7fa      	b.n	8000ea8 <ICM42688_ReadOnce+0x144>
 8000eb2:	f06f 0002 	mvn.w	r0, #2
 8000eb6:	e7f7      	b.n	8000ea8 <ICM42688_ReadOnce+0x144>
 8000eb8:	3b800000 	.word	0x3b800000

08000ebc <Adv_Cancel>:
 8000ebc:	b508      	push	{r3, lr}
 8000ebe:	4b06      	ldr	r3, [pc, #24]	@ (8000ed8 <Adv_Cancel+0x1c>)
 8000ec0:	f893 3074 	ldrb.w	r3, [r3, #116]	@ 0x74
 8000ec4:	2b05      	cmp	r3, #5
 8000ec6:	d100      	bne.n	8000eca <Adv_Cancel+0xe>
 8000ec8:	bd08      	pop	{r3, pc}
 8000eca:	f000 fae8 	bl	800149e <aci_gap_set_non_discoverable>
 8000ece:	4b02      	ldr	r3, [pc, #8]	@ (8000ed8 <Adv_Cancel+0x1c>)
 8000ed0:	2200      	movs	r2, #0
 8000ed2:	f883 2074 	strb.w	r2, [r3, #116]	@ 0x74
 8000ed6:	e7f7      	b.n	8000ec8 <Adv_Cancel+0xc>
 8000ed8:	20000350 	.word	0x20000350

08000edc <Ble_Tl_Init>:
 8000edc:	b500      	push	{lr}
 8000ede:	b083      	sub	sp, #12
 8000ee0:	4b04      	ldr	r3, [pc, #16]	@ (8000ef4 <Ble_Tl_Init+0x18>)
 8000ee2:	9300      	str	r3, [sp, #0]
 8000ee4:	4b04      	ldr	r3, [pc, #16]	@ (8000ef8 <Ble_Tl_Init+0x1c>)
 8000ee6:	9301      	str	r3, [sp, #4]
 8000ee8:	4669      	mov	r1, sp
 8000eea:	4804      	ldr	r0, [pc, #16]	@ (8000efc <Ble_Tl_Init+0x20>)
 8000eec:	f001 fd60 	bl	80029b0 <hci_init>
 8000ef0:	b003      	add	sp, #12
 8000ef2:	bd00      	pop	{pc}
 8000ef4:	20030028 	.word	0x20030028
 8000ef8:	08000f19 	.word	0x08000f19
 8000efc:	08000f01 	.word	0x08000f01

08000f00 <BLE_UserEvtRx>:
 8000f00:	b510      	push	{r4, lr}
 8000f02:	4604      	mov	r4, r0
 8000f04:	6840      	ldr	r0, [r0, #4]
 8000f06:	3008      	adds	r0, #8
 8000f08:	f007 fab2 	bl	8008470 <SVCCTL_UserEvtRx>
 8000f0c:	b110      	cbz	r0, 8000f14 <BLE_UserEvtRx+0x14>
 8000f0e:	2301      	movs	r3, #1
 8000f10:	7023      	strb	r3, [r4, #0]
 8000f12:	bd10      	pop	{r4, pc}
 8000f14:	7020      	strb	r0, [r4, #0]
 8000f16:	e7fc      	b.n	8000f12 <BLE_UserEvtRx+0x12>

08000f18 <BLE_StatusNot>:
 8000f18:	b508      	push	{r3, lr}
 8000f1a:	b128      	cbz	r0, 8000f28 <BLE_StatusNot+0x10>
 8000f1c:	2801      	cmp	r0, #1
 8000f1e:	d106      	bne.n	8000f2e <BLE_StatusNot+0x16>
 8000f20:	2003      	movs	r0, #3
 8000f22:	f002 fe3b 	bl	8003b9c <UTIL_SEQ_ResumeTask>
 8000f26:	e002      	b.n	8000f2e <BLE_StatusNot+0x16>
 8000f28:	2003      	movs	r0, #3
 8000f2a:	f002 fe29 	bl	8003b80 <UTIL_SEQ_PauseTask>
 8000f2e:	bd08      	pop	{r3, pc}

08000f30 <BleGetBdAddress>:
 8000f30:	b508      	push	{r3, lr}
 8000f32:	4b0f      	ldr	r3, [pc, #60]	@ (8000f70 <BleGetBdAddress+0x40>)
 8000f34:	f8d3 2580 	ldr.w	r2, [r3, #1408]	@ 0x580
 8000f38:	f1b2 3fff 	cmp.w	r2, #4294967295
 8000f3c:	d010      	beq.n	8000f60 <BleGetBdAddress+0x30>
 8000f3e:	f8d3 3584 	ldr.w	r3, [r3, #1412]	@ 0x584
 8000f42:	480c      	ldr	r0, [pc, #48]	@ (8000f74 <BleGetBdAddress+0x44>)
 8000f44:	7002      	strb	r2, [r0, #0]
 8000f46:	f3c2 2207 	ubfx	r2, r2, #8, #8
 8000f4a:	7042      	strb	r2, [r0, #1]
 8000f4c:	7083      	strb	r3, [r0, #2]
 8000f4e:	f3c3 2207 	ubfx	r2, r3, #8, #8
 8000f52:	70c2      	strb	r2, [r0, #3]
 8000f54:	f3c3 4207 	ubfx	r2, r3, #16, #8
 8000f58:	7102      	strb	r2, [r0, #4]
 8000f5a:	0e1b      	lsrs	r3, r3, #24
 8000f5c:	7143      	strb	r3, [r0, #5]
 8000f5e:	bd08      	pop	{r3, pc}
 8000f60:	2000      	movs	r0, #0
 8000f62:	f002 fbd1 	bl	8003708 <OTP_Read>
 8000f66:	2800      	cmp	r0, #0
 8000f68:	d1f9      	bne.n	8000f5e <BleGetBdAddress+0x2e>
 8000f6a:	4803      	ldr	r0, [pc, #12]	@ (8000f78 <BleGetBdAddress+0x48>)
 8000f6c:	e7f7      	b.n	8000f5e <BleGetBdAddress+0x2e>
 8000f6e:	bf00      	nop
 8000f70:	1fff7000 	.word	0x1fff7000
 8000f74:	200003c8 	.word	0x200003c8
 8000f78:	0800cf1c 	.word	0x0800cf1c

08000f7c <Ble_Hci_Gap_Gatt_Init>:
 8000f7c:	b570      	push	{r4, r5, r6, lr}
 8000f7e:	b088      	sub	sp, #32
 8000f80:	2400      	movs	r4, #0
 8000f82:	f8ad 4018 	strh.w	r4, [sp, #24]
 8000f86:	f000 fe3f 	bl	8001c08 <hci_reset>
 8000f8a:	f7ff ffd1 	bl	8000f30 <BleGetBdAddress>
 8000f8e:	4602      	mov	r2, r0
 8000f90:	2106      	movs	r1, #6
 8000f92:	4620      	mov	r0, r4
 8000f94:	f000 fdb4 	bl	8001b00 <aci_hal_write_config_data>
 8000f98:	4a2a      	ldr	r2, [pc, #168]	@ (8001044 <Ble_Hci_Gap_Gatt_Init+0xc8>)
 8000f9a:	2110      	movs	r1, #16
 8000f9c:	2018      	movs	r0, #24
 8000f9e:	f000 fdaf 	bl	8001b00 <aci_hal_write_config_data>
 8000fa2:	4a29      	ldr	r2, [pc, #164]	@ (8001048 <Ble_Hci_Gap_Gatt_Init+0xcc>)
 8000fa4:	2110      	movs	r1, #16
 8000fa6:	2008      	movs	r0, #8
 8000fa8:	f000 fdaa 	bl	8001b00 <aci_hal_write_config_data>
 8000fac:	2118      	movs	r1, #24
 8000fae:	2001      	movs	r0, #1
 8000fb0:	f000 fdda 	bl	8001b68 <aci_hal_set_tx_power_level>
 8000fb4:	f000 fc3b 	bl	800182e <aci_gatt_init>
 8000fb8:	f10d 031a 	add.w	r3, sp, #26
 8000fbc:	9301      	str	r3, [sp, #4]
 8000fbe:	ab07      	add	r3, sp, #28
 8000fc0:	9300      	str	r3, [sp, #0]
 8000fc2:	f10d 031e 	add.w	r3, sp, #30
 8000fc6:	220a      	movs	r2, #10
 8000fc8:	4621      	mov	r1, r4
 8000fca:	2001      	movs	r0, #1
 8000fcc:	f000 fb73 	bl	80016b6 <aci_gap_init>
 8000fd0:	4b1e      	ldr	r3, [pc, #120]	@ (800104c <Ble_Hci_Gap_Gatt_Init+0xd0>)
 8000fd2:	9300      	str	r3, [sp, #0]
 8000fd4:	230a      	movs	r3, #10
 8000fd6:	4622      	mov	r2, r4
 8000fd8:	f8bd 101c 	ldrh.w	r1, [sp, #28]
 8000fdc:	f8bd 001e 	ldrh.w	r0, [sp, #30]
 8000fe0:	f000 fcff 	bl	80019e2 <aci_gatt_update_char_value>
 8000fe4:	ab06      	add	r3, sp, #24
 8000fe6:	9300      	str	r3, [sp, #0]
 8000fe8:	2302      	movs	r3, #2
 8000fea:	4622      	mov	r2, r4
 8000fec:	f8bd 101a 	ldrh.w	r1, [sp, #26]
 8000ff0:	f8bd 001e 	ldrh.w	r0, [sp, #30]
 8000ff4:	f000 fcf5 	bl	80019e2 <aci_gatt_update_char_value>
 8000ff8:	2202      	movs	r2, #2
 8000ffa:	4611      	mov	r1, r2
 8000ffc:	4620      	mov	r0, r4
 8000ffe:	f000 fe24 	bl	8001c4a <hci_le_set_default_phy>
 8001002:	4d13      	ldr	r5, [pc, #76]	@ (8001050 <Ble_Hci_Gap_Gatt_Init+0xd4>)
 8001004:	2601      	movs	r6, #1
 8001006:	702e      	strb	r6, [r5, #0]
 8001008:	4630      	mov	r0, r6
 800100a:	f000 fac5 	bl	8001598 <aci_gap_set_io_capability>
 800100e:	706e      	strb	r6, [r5, #1]
 8001010:	2308      	movs	r3, #8
 8001012:	70eb      	strb	r3, [r5, #3]
 8001014:	2210      	movs	r2, #16
 8001016:	712a      	strb	r2, [r5, #4]
 8001018:	f04f 0100 	mov.w	r1, #0
 800101c:	70a9      	strb	r1, [r5, #2]
 800101e:	9404      	str	r4, [sp, #16]
 8001020:	9403      	str	r4, [sp, #12]
 8001022:	9602      	str	r6, [sp, #8]
 8001024:	9201      	str	r2, [sp, #4]
 8001026:	9300      	str	r3, [sp, #0]
 8001028:	4623      	mov	r3, r4
 800102a:	4632      	mov	r2, r6
 800102c:	4631      	mov	r1, r6
 800102e:	4620      	mov	r0, r4
 8001030:	f000 fad8 	bl	80015e4 <aci_gap_set_authentication_requirement>
 8001034:	78ab      	ldrb	r3, [r5, #2]
 8001036:	b90b      	cbnz	r3, 800103c <Ble_Hci_Gap_Gatt_Init+0xc0>
 8001038:	b008      	add	sp, #32
 800103a:	bd70      	pop	{r4, r5, r6, pc}
 800103c:	f000 fbac 	bl	8001798 <aci_gap_configure_filter_accept_list>
 8001040:	e7fa      	b.n	8001038 <Ble_Hci_Gap_Gatt_Init+0xbc>
 8001042:	bf00      	nop
 8001044:	0800cf0c 	.word	0x0800cf0c
 8001048:	0800cefc 	.word	0x0800cefc
 800104c:	0800cc08 	.word	0x0800cc08
 8001050:	20000350 	.word	0x20000350

08001054 <Adv_Request>:
 8001054:	b500      	push	{lr}
 8001056:	b089      	sub	sp, #36	@ 0x24
 8001058:	4b0a      	ldr	r3, [pc, #40]	@ (8001084 <Adv_Request+0x30>)
 800105a:	f883 0074 	strb.w	r0, [r3, #116]	@ 0x74
 800105e:	2000      	movs	r0, #0
 8001060:	9006      	str	r0, [sp, #24]
 8001062:	9005      	str	r0, [sp, #20]
 8001064:	9004      	str	r0, [sp, #16]
 8001066:	9003      	str	r0, [sp, #12]
 8001068:	9002      	str	r0, [sp, #8]
 800106a:	9001      	str	r0, [sp, #4]
 800106c:	9000      	str	r0, [sp, #0]
 800106e:	4603      	mov	r3, r0
 8001070:	22a0      	movs	r2, #160	@ 0xa0
 8001072:	2180      	movs	r1, #128	@ 0x80
 8001074:	f000 fa35 	bl	80014e2 <aci_gap_set_discoverable>
 8001078:	4903      	ldr	r1, [pc, #12]	@ (8001088 <Adv_Request+0x34>)
 800107a:	200c      	movs	r0, #12
 800107c:	f000 fb5b 	bl	8001736 <aci_gap_update_adv_data>
 8001080:	b009      	add	sp, #36	@ 0x24
 8001082:	bd00      	pop	{pc}
 8001084:	20000350 	.word	0x20000350
 8001088:	20000008 	.word	0x20000008

0800108c <APP_BLE_Init>:
 800108c:	b570      	push	{r4, r5, r6, lr}
 800108e:	b092      	sub	sp, #72	@ 0x48
 8001090:	ae01      	add	r6, sp, #4
 8001092:	2243      	movs	r2, #67	@ 0x43
 8001094:	2100      	movs	r1, #0
 8001096:	4630      	mov	r0, r6
 8001098:	f009 fca4 	bl	800a9e4 <memset>
 800109c:	2344      	movs	r3, #68	@ 0x44
 800109e:	f8ad 3018 	strh.w	r3, [sp, #24]
 80010a2:	2308      	movs	r3, #8
 80010a4:	f8ad 301a 	strh.w	r3, [sp, #26]
 80010a8:	f44f 63a8 	mov.w	r3, #1344	@ 0x540
 80010ac:	f8ad 301c 	strh.w	r3, [sp, #28]
 80010b0:	2402      	movs	r4, #2
 80010b2:	f88d 401e 	strb.w	r4, [sp, #30]
 80010b6:	2501      	movs	r5, #1
 80010b8:	f88d 501f 	strb.w	r5, [sp, #31]
 80010bc:	2312      	movs	r3, #18
 80010be:	f88d 3020 	strb.w	r3, [sp, #32]
 80010c2:	2329      	movs	r3, #41	@ 0x29
 80010c4:	f88d 3021 	strb.w	r3, [sp, #33]	@ 0x21
 80010c8:	239c      	movs	r3, #156	@ 0x9c
 80010ca:	f8ad 3022 	strh.w	r3, [sp, #34]	@ 0x22
 80010ce:	f44f 73fa 	mov.w	r3, #500	@ 0x1f4
 80010d2:	f8ad 3024 	strh.w	r3, [sp, #36]	@ 0x24
 80010d6:	2304      	movs	r3, #4
 80010d8:	f88d 3027 	strb.w	r3, [sp, #39]	@ 0x27
 80010dc:	f04f 32ff 	mov.w	r2, #4294967295
 80010e0:	920a      	str	r2, [sp, #40]	@ 0x28
 80010e2:	f44f 72a4 	mov.w	r2, #328	@ 0x148
 80010e6:	f8ad 202c 	strh.w	r2, [sp, #44]	@ 0x2c
 80010ea:	f88d 502e 	strb.w	r5, [sp, #46]	@ 0x2e
 80010ee:	2220      	movs	r2, #32
 80010f0:	f88d 2031 	strb.w	r2, [sp, #49]	@ 0x31
 80010f4:	2203      	movs	r2, #3
 80010f6:	f88d 2035 	strb.w	r2, [sp, #53]	@ 0x35
 80010fa:	f240 6272 	movw	r2, #1650	@ 0x672
 80010fe:	f8ad 2036 	strh.w	r2, [sp, #54]	@ 0x36
 8001102:	220d      	movs	r2, #13
 8001104:	f88d 203c 	strb.w	r2, [sp, #60]	@ 0x3c
 8001108:	f88d 303e 	strb.w	r3, [sp, #62]	@ 0x3e
 800110c:	f7ff fee6 	bl	8000edc <Ble_Tl_Init>
 8001110:	4629      	mov	r1, r5
 8001112:	4620      	mov	r0, r4
 8001114:	f002 fd0a 	bl	8003b2c <UTIL_LPM_SetOffMode>
 8001118:	4a13      	ldr	r2, [pc, #76]	@ (8001168 <APP_BLE_Init+0xdc>)
 800111a:	2100      	movs	r1, #0
 800111c:	4620      	mov	r0, r4
 800111e:	f002 fe8d 	bl	8003e3c <UTIL_SEQ_RegTask>
 8001122:	4630      	mov	r0, r6
 8001124:	f002 fb52 	bl	80037cc <SHCI_C2_BLE_Init>
 8001128:	b9d8      	cbnz	r0, 8001162 <APP_BLE_Init+0xd6>
 800112a:	f7ff ff27 	bl	8000f7c <Ble_Hci_Gap_Gatt_Init>
 800112e:	f007 f987 	bl	8008440 <SVCCTL_Init>
 8001132:	4c0e      	ldr	r4, [pc, #56]	@ (800116c <APP_BLE_Init+0xe0>)
 8001134:	2500      	movs	r5, #0
 8001136:	f884 5074 	strb.w	r5, [r4, #116]	@ 0x74
 800113a:	f64f 73ff 	movw	r3, #65535	@ 0xffff
 800113e:	81a3      	strh	r3, [r4, #12]
 8001140:	4a0b      	ldr	r2, [pc, #44]	@ (8001170 <APP_BLE_Init+0xe4>)
 8001142:	4629      	mov	r1, r5
 8001144:	2001      	movs	r0, #1
 8001146:	f002 fe79 	bl	8003e3c <UTIL_SEQ_RegTask>
 800114a:	2006      	movs	r0, #6
 800114c:	f000 fd35 	bl	8001bba <aci_hal_set_radio_activity_mask>
 8001150:	f001 fa14 	bl	800257c <Custom_APP_Init>
 8001154:	73e5      	strb	r5, [r4, #15]
 8001156:	73a5      	strb	r5, [r4, #14]
 8001158:	2001      	movs	r0, #1
 800115a:	f7ff ff7b 	bl	8001054 <Adv_Request>
 800115e:	b012      	add	sp, #72	@ 0x48
 8001160:	bd70      	pop	{r4, r5, r6, pc}
 8001162:	f002 f8a5 	bl	80032b0 <Error_Handler>
 8001166:	e7e0      	b.n	800112a <APP_BLE_Init+0x9e>
 8001168:	080029d5 	.word	0x080029d5
 800116c:	20000350 	.word	0x20000350
 8001170:	08000ebd 	.word	0x08000ebd

08001174 <SVCCTL_App_Notification>:
 8001174:	b508      	push	{r3, lr}
 8001176:	7843      	ldrb	r3, [r0, #1]
 8001178:	2b3e      	cmp	r3, #62	@ 0x3e
 800117a:	d01b      	beq.n	80011b4 <SVCCTL_App_Notification+0x40>
 800117c:	2bff      	cmp	r3, #255	@ 0xff
 800117e:	d035      	beq.n	80011ec <SVCCTL_App_Notification+0x78>
 8001180:	2b05      	cmp	r3, #5
 8001182:	d10f      	bne.n	80011a4 <SVCCTL_App_Notification+0x30>
 8001184:	8882      	ldrh	r2, [r0, #4]
 8001186:	4b29      	ldr	r3, [pc, #164]	@ (800122c <SVCCTL_App_Notification+0xb8>)
 8001188:	899b      	ldrh	r3, [r3, #12]
 800118a:	429a      	cmp	r2, r3
 800118c:	d00c      	beq.n	80011a8 <SVCCTL_App_Notification+0x34>
 800118e:	2001      	movs	r0, #1
 8001190:	f7ff ff60 	bl	8001054 <Adv_Request>
 8001194:	4826      	ldr	r0, [pc, #152]	@ (8001230 <SVCCTL_App_Notification+0xbc>)
 8001196:	2301      	movs	r3, #1
 8001198:	7003      	strb	r3, [r0, #0]
 800119a:	4b24      	ldr	r3, [pc, #144]	@ (800122c <SVCCTL_App_Notification+0xb8>)
 800119c:	899b      	ldrh	r3, [r3, #12]
 800119e:	8043      	strh	r3, [r0, #2]
 80011a0:	f001 f9eb 	bl	800257a <Custom_APP_Notification>
 80011a4:	2001      	movs	r0, #1
 80011a6:	bd08      	pop	{r3, pc}
 80011a8:	4b20      	ldr	r3, [pc, #128]	@ (800122c <SVCCTL_App_Notification+0xb8>)
 80011aa:	2200      	movs	r2, #0
 80011ac:	819a      	strh	r2, [r3, #12]
 80011ae:	f883 2074 	strb.w	r2, [r3, #116]	@ 0x74
 80011b2:	e7ec      	b.n	800118e <SVCCTL_App_Notification+0x1a>
 80011b4:	78c3      	ldrb	r3, [r0, #3]
 80011b6:	2b01      	cmp	r3, #1
 80011b8:	d1f4      	bne.n	80011a4 <SVCCTL_App_Notification+0x30>
 80011ba:	4b1c      	ldr	r3, [pc, #112]	@ (800122c <SVCCTL_App_Notification+0xb8>)
 80011bc:	f893 3074 	ldrb.w	r3, [r3, #116]	@ 0x74
 80011c0:	2b04      	cmp	r3, #4
 80011c2:	d00e      	beq.n	80011e2 <SVCCTL_App_Notification+0x6e>
 80011c4:	4b19      	ldr	r3, [pc, #100]	@ (800122c <SVCCTL_App_Notification+0xb8>)
 80011c6:	2205      	movs	r2, #5
 80011c8:	f883 2074 	strb.w	r2, [r3, #116]	@ 0x74
 80011cc:	f8b0 3005 	ldrh.w	r3, [r0, #5]
 80011d0:	4a16      	ldr	r2, [pc, #88]	@ (800122c <SVCCTL_App_Notification+0xb8>)
 80011d2:	8193      	strh	r3, [r2, #12]
 80011d4:	4816      	ldr	r0, [pc, #88]	@ (8001230 <SVCCTL_App_Notification+0xbc>)
 80011d6:	2200      	movs	r2, #0
 80011d8:	7002      	strb	r2, [r0, #0]
 80011da:	8043      	strh	r3, [r0, #2]
 80011dc:	f001 f9cd 	bl	800257a <Custom_APP_Notification>
 80011e0:	e7e0      	b.n	80011a4 <SVCCTL_App_Notification+0x30>
 80011e2:	4b12      	ldr	r3, [pc, #72]	@ (800122c <SVCCTL_App_Notification+0xb8>)
 80011e4:	2206      	movs	r2, #6
 80011e6:	f883 2074 	strb.w	r2, [r3, #116]	@ 0x74
 80011ea:	e7ef      	b.n	80011cc <SVCCTL_App_Notification+0x58>
 80011ec:	f8b0 3003 	ldrh.w	r3, [r0, #3]
 80011f0:	f240 4209 	movw	r2, #1033	@ 0x409
 80011f4:	4293      	cmp	r3, r2
 80011f6:	d00d      	beq.n	8001214 <SVCCTL_App_Notification+0xa0>
 80011f8:	f640 420e 	movw	r2, #3086	@ 0xc0e
 80011fc:	4293      	cmp	r3, r2
 80011fe:	d00f      	beq.n	8001220 <SVCCTL_App_Notification+0xac>
 8001200:	f240 4202 	movw	r2, #1026	@ 0x402
 8001204:	4293      	cmp	r3, r2
 8001206:	d1cd      	bne.n	80011a4 <SVCCTL_App_Notification+0x30>
 8001208:	490a      	ldr	r1, [pc, #40]	@ (8001234 <SVCCTL_App_Notification+0xc0>)
 800120a:	4b08      	ldr	r3, [pc, #32]	@ (800122c <SVCCTL_App_Notification+0xb8>)
 800120c:	8998      	ldrh	r0, [r3, #12]
 800120e:	f000 fa29 	bl	8001664 <aci_gap_pass_key_resp>
 8001212:	e7c7      	b.n	80011a4 <SVCCTL_App_Notification+0x30>
 8001214:	2101      	movs	r1, #1
 8001216:	4b05      	ldr	r3, [pc, #20]	@ (800122c <SVCCTL_App_Notification+0xb8>)
 8001218:	8998      	ldrh	r0, [r3, #12]
 800121a:	f000 fadf 	bl	80017dc <aci_gap_numeric_comparison_value_confirm_yesno>
 800121e:	e7c1      	b.n	80011a4 <SVCCTL_App_Notification+0x30>
 8001220:	4b02      	ldr	r3, [pc, #8]	@ (800122c <SVCCTL_App_Notification+0xb8>)
 8001222:	8998      	ldrh	r0, [r3, #12]
 8001224:	f000 fc16 	bl	8001a54 <aci_gatt_confirm_indication>
 8001228:	e7bc      	b.n	80011a4 <SVCCTL_App_Notification+0x30>
 800122a:	bf00      	nop
 800122c:	20000350 	.word	0x20000350
 8001230:	2000034c 	.word	0x2000034c
 8001234:	0001b207 	.word	0x0001b207

08001238 <hci_notify_asynch_evt>:
 8001238:	b508      	push	{r3, lr}
 800123a:	2100      	movs	r1, #0
 800123c:	2002      	movs	r0, #2
 800123e:	f002 fc8b 	bl	8003b58 <UTIL_SEQ_SetTask>
 8001242:	bd08      	pop	{r3, pc}

08001244 <hci_cmd_resp_release>:
 8001244:	b508      	push	{r3, lr}
 8001246:	2001      	movs	r0, #1
 8001248:	f002 fcb4 	bl	8003bb4 <UTIL_SEQ_SetEvt>
 800124c:	bd08      	pop	{r3, pc}

0800124e <hci_cmd_resp_wait>:
 800124e:	b508      	push	{r3, lr}
 8001250:	2001      	movs	r0, #1
 8001252:	f002 fdc7 	bl	8003de4 <UTIL_SEQ_WaitEvt>
 8001256:	bd08      	pop	{r3, pc}

08001258 <APPD_EnableCPU2>:
 8001258:	b500      	push	{lr}
 800125a:	b089      	sub	sp, #36	@ 0x24
 800125c:	f10d 0c04 	add.w	ip, sp, #4
 8001260:	f8df e028 	ldr.w	lr, [pc, #40]	@ 800128c <APPD_EnableCPU2+0x34>
 8001264:	e8be 000f 	ldmia.w	lr!, {r0, r1, r2, r3}
 8001268:	e8ac 000f 	stmia.w	ip!, {r0, r1, r2, r3}
 800126c:	e89e 0007 	ldmia.w	lr, {r0, r1, r2}
 8001270:	e8ac 0003 	stmia.w	ip!, {r0, r1}
 8001274:	f82c 2b02 	strh.w	r2, [ip], #2
 8001278:	0c12      	lsrs	r2, r2, #16
 800127a:	f88c 2000 	strb.w	r2, [ip]
 800127e:	f007 fad1 	bl	8008824 <TL_TRACES_Init>
 8001282:	a801      	add	r0, sp, #4
 8001284:	f002 fab0 	bl	80037e8 <SHCI_C2_DEBUG_Init>
 8001288:	b009      	add	sp, #36	@ 0x24
 800128a:	bd00      	pop	{pc}
 800128c:	0800cbc0 	.word	0x0800cbc0

08001290 <Init_Rtc>:
 8001290:	4b05      	ldr	r3, [pc, #20]	@ (80012a8 <Init_Rtc+0x18>)
 8001292:	22ca      	movs	r2, #202	@ 0xca
 8001294:	625a      	str	r2, [r3, #36]	@ 0x24
 8001296:	2253      	movs	r2, #83	@ 0x53
 8001298:	625a      	str	r2, [r3, #36]	@ 0x24
 800129a:	689a      	ldr	r2, [r3, #8]
 800129c:	f022 0207 	bic.w	r2, r2, #7
 80012a0:	609a      	str	r2, [r3, #8]
 80012a2:	22ff      	movs	r2, #255	@ 0xff
 80012a4:	625a      	str	r2, [r3, #36]	@ 0x24
 80012a6:	4770      	bx	lr
 80012a8:	40002800 	.word	0x40002800

080012ac <APPE_SysStatusNot>:
 80012ac:	4770      	bx	lr
	...

080012b0 <Config_HSE>:
 80012b0:	b508      	push	{r3, lr}
 80012b2:	2000      	movs	r0, #0
 80012b4:	f002 fa28 	bl	8003708 <OTP_Read>
 80012b8:	b168      	cbz	r0, 80012d6 <Config_HSE+0x26>
 80012ba:	7981      	ldrb	r1, [r0, #6]
 80012bc:	f04f 42b0 	mov.w	r2, #1476395008	@ 0x58000000
 80012c0:	4b05      	ldr	r3, [pc, #20]	@ (80012d8 <Config_HSE+0x28>)
 80012c2:	f8c2 309c 	str.w	r3, [r2, #156]	@ 0x9c
 80012c6:	f8d2 309c 	ldr.w	r3, [r2, #156]	@ 0x9c
 80012ca:	f423 537c 	bic.w	r3, r3, #16128	@ 0x3f00
 80012ce:	ea43 2301 	orr.w	r3, r3, r1, lsl #8
 80012d2:	f8c2 309c 	str.w	r3, [r2, #156]	@ 0x9c
 80012d6:	bd08      	pop	{r3, pc}
 80012d8:	cafecafe 	.word	0xcafecafe

080012dc <SystemPower_Config>:
 80012dc:	b508      	push	{r3, lr}
 80012de:	f04f 42b0 	mov.w	r2, #1476395008	@ 0x58000000
 80012e2:	6893      	ldr	r3, [r2, #8]
 80012e4:	f443 4300 	orr.w	r3, r3, #32768	@ 0x8000
 80012e8:	6093      	str	r3, [r2, #8]
 80012ea:	f002 fc15 	bl	8003b18 <UTIL_LPM_Init>
 80012ee:	4a05      	ldr	r2, [pc, #20]	@ (8001304 <SystemPower_Config+0x28>)
 80012f0:	f8d2 3080 	ldr.w	r3, [r2, #128]	@ 0x80
 80012f4:	f023 0307 	bic.w	r3, r3, #7
 80012f8:	f043 0304 	orr.w	r3, r3, #4
 80012fc:	f8c2 3080 	str.w	r3, [r2, #128]	@ 0x80
 8001300:	bd08      	pop	{r3, pc}
 8001302:	bf00      	nop
 8001304:	58000400 	.word	0x58000400

08001308 <appe_Tl_Init>:
 8001308:	b500      	push	{lr}
 800130a:	b089      	sub	sp, #36	@ 0x24
 800130c:	f007 f988 	bl	8008620 <TL_Init>
 8001310:	4a0e      	ldr	r2, [pc, #56]	@ (800134c <appe_Tl_Init+0x44>)
 8001312:	2100      	movs	r1, #0
 8001314:	2004      	movs	r0, #4
 8001316:	f002 fd91 	bl	8003e3c <UTIL_SEQ_RegTask>
 800131a:	4b0d      	ldr	r3, [pc, #52]	@ (8001350 <appe_Tl_Init+0x48>)
 800131c:	9300      	str	r3, [sp, #0]
 800131e:	4b0d      	ldr	r3, [pc, #52]	@ (8001354 <appe_Tl_Init+0x4c>)
 8001320:	9301      	str	r3, [sp, #4]
 8001322:	4669      	mov	r1, sp
 8001324:	480c      	ldr	r0, [pc, #48]	@ (8001358 <appe_Tl_Init+0x50>)
 8001326:	f002 fb0d 	bl	8003944 <shci_init>
 800132a:	4b0c      	ldr	r3, [pc, #48]	@ (800135c <appe_Tl_Init+0x54>)
 800132c:	9302      	str	r3, [sp, #8]
 800132e:	4b0c      	ldr	r3, [pc, #48]	@ (8001360 <appe_Tl_Init+0x58>)
 8001330:	9303      	str	r3, [sp, #12]
 8001332:	4b0c      	ldr	r3, [pc, #48]	@ (8001364 <appe_Tl_Init+0x5c>)
 8001334:	9304      	str	r3, [sp, #16]
 8001336:	f240 533c 	movw	r3, #1340	@ 0x53c
 800133a:	9305      	str	r3, [sp, #20]
 800133c:	a802      	add	r0, sp, #8
 800133e:	f007 fa3f 	bl	80087c0 <TL_MM_Init>
 8001342:	f007 f969 	bl	8008618 <TL_Enable>
 8001346:	b009      	add	sp, #36	@ 0x24
 8001348:	bd00      	pop	{pc}
 800134a:	bf00      	nop
 800134c:	08003969 	.word	0x08003969
 8001350:	20030410 	.word	0x20030410
 8001354:	080012ad 	.word	0x080012ad
 8001358:	080013c9 	.word	0x080013c9
 800135c:	200301f8 	.word	0x200301f8
 8001360:	20030304 	.word	0x20030304
 8001364:	2003051c 	.word	0x2003051c

08001368 <APPE_SysEvtReadyProcessing>:
 8001368:	b500      	push	{lr}
 800136a:	b085      	sub	sp, #20
 800136c:	2300      	movs	r3, #0
 800136e:	9300      	str	r3, [sp, #0]
 8001370:	9301      	str	r3, [sp, #4]
 8001372:	9302      	str	r3, [sp, #8]
 8001374:	9303      	str	r3, [sp, #12]
 8001376:	6843      	ldr	r3, [r0, #4]
 8001378:	7b5b      	ldrb	r3, [r3, #13]
 800137a:	b11b      	cbz	r3, 8001384 <APPE_SysEvtReadyProcessing+0x1c>
 800137c:	2b01      	cmp	r3, #1
 800137e:	d01d      	beq.n	80013bc <APPE_SysEvtReadyProcessing+0x54>
 8001380:	b005      	add	sp, #20
 8001382:	bd00      	pop	{pc}
 8001384:	f7ff ff68 	bl	8001258 <APPD_EnableCPU2>
 8001388:	230f      	movs	r3, #15
 800138a:	f88d 3000 	strb.w	r3, [sp]
 800138e:	237f      	movs	r3, #127	@ 0x7f
 8001390:	f88d 3002 	strb.w	r3, [sp, #2]
 8001394:	4a0b      	ldr	r2, [pc, #44]	@ (80013c4 <APPE_SysEvtReadyProcessing+0x5c>)
 8001396:	6813      	ldr	r3, [r2, #0]
 8001398:	0c1b      	lsrs	r3, r3, #16
 800139a:	f8ad 300c 	strh.w	r3, [sp, #12]
 800139e:	6813      	ldr	r3, [r2, #0]
 80013a0:	f3c3 030b 	ubfx	r3, r3, #0, #12
 80013a4:	f8ad 300e 	strh.w	r3, [sp, #14]
 80013a8:	4668      	mov	r0, sp
 80013aa:	f002 fa2b 	bl	8003804 <SHCI_C2_Config>
 80013ae:	f7ff fe6d 	bl	800108c <APP_BLE_Init>
 80013b2:	2100      	movs	r1, #0
 80013b4:	2001      	movs	r0, #1
 80013b6:	f002 fbb9 	bl	8003b2c <UTIL_LPM_SetOffMode>
 80013ba:	e7e1      	b.n	8001380 <APPE_SysEvtReadyProcessing+0x18>
 80013bc:	2300      	movs	r3, #0
 80013be:	7003      	strb	r3, [r0, #0]
 80013c0:	e7de      	b.n	8001380 <APPE_SysEvtReadyProcessing+0x18>
 80013c2:	bf00      	nop
 80013c4:	e0042000 	.word	0xe0042000

080013c8 <APPE_SysUserEvtRx>:
 80013c8:	6843      	ldr	r3, [r0, #4]
 80013ca:	f8b3 300b 	ldrh.w	r3, [r3, #11]
 80013ce:	f5b3 4f12 	cmp.w	r3, #37376	@ 0x9200
 80013d2:	d000      	beq.n	80013d6 <APPE_SysUserEvtRx+0xe>
 80013d4:	4770      	bx	lr
 80013d6:	b510      	push	{r4, lr}
 80013d8:	b084      	sub	sp, #16
 80013da:	4604      	mov	r4, r0
 80013dc:	4668      	mov	r0, sp
 80013de:	f002 fa1f 	bl	8003820 <SHCI_GetWirelessFwInfo>
 80013e2:	4620      	mov	r0, r4
 80013e4:	f7ff ffc0 	bl	8001368 <APPE_SysEvtReadyProcessing>
 80013e8:	b004      	add	sp, #16
 80013ea:	bd10      	pop	{r4, pc}

080013ec <MX_APPE_Config>:
 80013ec:	b508      	push	{r3, lr}
 80013ee:	4b03      	ldr	r3, [pc, #12]	@ (80013fc <MX_APPE_Config+0x10>)
 80013f0:	f44f 4200 	mov.w	r2, #32768	@ 0x8000
 80013f4:	611a      	str	r2, [r3, #16]
 80013f6:	f7ff ff5b 	bl	80012b0 <Config_HSE>
 80013fa:	bd08      	pop	{r3, pc}
 80013fc:	58004000 	.word	0x58004000

08001400 <Init_Exti>:
 8001400:	4a03      	ldr	r2, [pc, #12]	@ (8001410 <Init_Exti+0x10>)
 8001402:	f8d2 3090 	ldr.w	r3, [r2, #144]	@ 0x90
 8001406:	f043 0350 	orr.w	r3, r3, #80	@ 0x50
 800140a:	f8c2 3090 	str.w	r3, [r2, #144]	@ 0x90
 800140e:	4770      	bx	lr
 8001410:	58000800 	.word	0x58000800

08001414 <System_Init>:
 8001414:	b508      	push	{r3, lr}
 8001416:	f7ff fff3 	bl	8001400 <Init_Exti>
 800141a:	f7ff ff39 	bl	8001290 <Init_Rtc>
 800141e:	bd08      	pop	{r3, pc}

08001420 <MX_APPE_Init>:
 8001420:	b508      	push	{r3, lr}
 8001422:	f7ff fff7 	bl	8001414 <System_Init>
 8001426:	f7ff ff59 	bl	80012dc <SystemPower_Config>
 800142a:	4903      	ldr	r1, [pc, #12]	@ (8001438 <MX_APPE_Init+0x18>)
 800142c:	2000      	movs	r0, #0
 800142e:	f001 fcdd 	bl	8002dec <HW_TS_Init>
 8001432:	f7ff ff69 	bl	8001308 <appe_Tl_Init>
 8001436:	bd08      	pop	{r3, pc}
 8001438:	20000690 	.word	0x20000690

0800143c <HAL_Delay>:
 800143c:	b538      	push	{r3, r4, r5, lr}
 800143e:	4604      	mov	r4, r0
 8001440:	f002 fd58 	bl	8003ef4 <HAL_GetTick>
 8001444:	4605      	mov	r5, r0
 8001446:	f1b4 3fff 	cmp.w	r4, #4294967295
 800144a:	d009      	beq.n	8001460 <HAL_Delay+0x24>
 800144c:	f002 fd5e 	bl	8003f0c <HAL_GetTickFreq>
 8001450:	4404      	add	r4, r0
 8001452:	e005      	b.n	8001460 <HAL_Delay+0x24>
 8001454:	4a05      	ldr	r2, [pc, #20]	@ (800146c <HAL_Delay+0x30>)
 8001456:	6913      	ldr	r3, [r2, #16]
 8001458:	f023 0304 	bic.w	r3, r3, #4
 800145c:	6113      	str	r3, [r2, #16]
 800145e:	bf30      	wfi
 8001460:	f002 fd48 	bl	8003ef4 <HAL_GetTick>
 8001464:	1b40      	subs	r0, r0, r5
 8001466:	42a0      	cmp	r0, r4
 8001468:	d3f4      	bcc.n	8001454 <HAL_Delay+0x18>
 800146a:	bd38      	pop	{r3, r4, r5, pc}
 800146c:	e000ed00 	.word	0xe000ed00

08001470 <MX_APPE_Process>:
 8001470:	b508      	push	{r3, lr}
 8001472:	f04f 30ff 	mov.w	r0, #4294967295
 8001476:	f002 fbb7 	bl	8003be8 <UTIL_SEQ_Run>
 800147a:	bd08      	pop	{r3, pc}

0800147c <UTIL_SEQ_Idle>:
 800147c:	4770      	bx	lr

0800147e <shci_notify_asynch_evt>:
 800147e:	b508      	push	{r3, lr}
 8001480:	2100      	movs	r1, #0
 8001482:	2004      	movs	r0, #4
 8001484:	f002 fb68 	bl	8003b58 <UTIL_SEQ_SetTask>
 8001488:	bd08      	pop	{r3, pc}

0800148a <shci_cmd_resp_release>:
 800148a:	b508      	push	{r3, lr}
 800148c:	2002      	movs	r0, #2
 800148e:	f002 fb91 	bl	8003bb4 <UTIL_SEQ_SetEvt>
 8001492:	bd08      	pop	{r3, pc}

08001494 <shci_cmd_resp_wait>:
 8001494:	b508      	push	{r3, lr}
 8001496:	2002      	movs	r0, #2
 8001498:	f002 fca4 	bl	8003de4 <UTIL_SEQ_WaitEvt>
 800149c:	bd08      	pop	{r3, pc}

0800149e <aci_gap_set_non_discoverable>:
 800149e:	b530      	push	{r4, r5, lr}
 80014a0:	b089      	sub	sp, #36	@ 0x24
 80014a2:	2400      	movs	r4, #0
 80014a4:	f88d 4007 	strb.w	r4, [sp, #7]
 80014a8:	ad02      	add	r5, sp, #8
 80014aa:	2218      	movs	r2, #24
 80014ac:	4621      	mov	r1, r4
 80014ae:	4628      	mov	r0, r5
 80014b0:	f002 f926 	bl	8003700 <Osal_MemSet>
 80014b4:	233f      	movs	r3, #63	@ 0x3f
 80014b6:	f8ad 3008 	strh.w	r3, [sp, #8]
 80014ba:	2381      	movs	r3, #129	@ 0x81
 80014bc:	f8ad 300a 	strh.w	r3, [sp, #10]
 80014c0:	f10d 0307 	add.w	r3, sp, #7
 80014c4:	9306      	str	r3, [sp, #24]
 80014c6:	2301      	movs	r3, #1
 80014c8:	9307      	str	r3, [sp, #28]
 80014ca:	4621      	mov	r1, r4
 80014cc:	4628      	mov	r0, r5
 80014ce:	f001 fabf 	bl	8002a50 <hci_send_req>
 80014d2:	42a0      	cmp	r0, r4
 80014d4:	db03      	blt.n	80014de <aci_gap_set_non_discoverable+0x40>
 80014d6:	f89d 0007 	ldrb.w	r0, [sp, #7]
 80014da:	b009      	add	sp, #36	@ 0x24
 80014dc:	bd30      	pop	{r4, r5, pc}
 80014de:	20ff      	movs	r0, #255	@ 0xff
 80014e0:	e7fb      	b.n	80014da <aci_gap_set_non_discoverable+0x3c>

080014e2 <aci_gap_set_discoverable>:
 80014e2:	e92d 4ff0 	stmdb	sp!, {r4, r5, r6, r7, r8, r9, sl, fp, lr}
 80014e6:	b0cb      	sub	sp, #300	@ 0x12c
 80014e8:	469c      	mov	ip, r3
 80014ea:	f89d 6154 	ldrb.w	r6, [sp, #340]	@ 0x154
 80014ee:	f89d 515c 	ldrb.w	r5, [sp, #348]	@ 0x15c
 80014f2:	f106 0a08 	add.w	sl, r6, #8
 80014f6:	ac04      	add	r4, sp, #16
 80014f8:	eb04 0b0a 	add.w	fp, r4, sl
 80014fc:	1977      	adds	r7, r6, r5
 80014fe:	3709      	adds	r7, #9
 8001500:	19e3      	adds	r3, r4, r7
 8001502:	9301      	str	r3, [sp, #4]
 8001504:	f10d 090f 	add.w	r9, sp, #15
 8001508:	f04f 0800 	mov.w	r8, #0
 800150c:	f88d 800f 	strb.w	r8, [sp, #15]
 8001510:	f88d 0010 	strb.w	r0, [sp, #16]
 8001514:	f8ad 1011 	strh.w	r1, [sp, #17]
 8001518:	f8ad 2013 	strh.w	r2, [sp, #19]
 800151c:	f88d c015 	strb.w	ip, [sp, #21]
 8001520:	f89d 3150 	ldrb.w	r3, [sp, #336]	@ 0x150
 8001524:	f88d 3016 	strb.w	r3, [sp, #22]
 8001528:	f88d 6017 	strb.w	r6, [sp, #23]
 800152c:	4632      	mov	r2, r6
 800152e:	9956      	ldr	r1, [sp, #344]	@ 0x158
 8001530:	a806      	add	r0, sp, #24
 8001532:	f002 f8e1 	bl	80036f8 <Osal_MemCpy>
 8001536:	f804 500a 	strb.w	r5, [r4, sl]
 800153a:	3609      	adds	r6, #9
 800153c:	462a      	mov	r2, r5
 800153e:	9958      	ldr	r1, [sp, #352]	@ 0x160
 8001540:	f10b 0001 	add.w	r0, fp, #1
 8001544:	f002 f8d8 	bl	80036f8 <Osal_MemCpy>
 8001548:	4435      	add	r5, r6
 800154a:	f8bd 3164 	ldrh.w	r3, [sp, #356]	@ 0x164
 800154e:	53e3      	strh	r3, [r4, r7]
 8001550:	f8bd 3168 	ldrh.w	r3, [sp, #360]	@ 0x168
 8001554:	9a01      	ldr	r2, [sp, #4]
 8001556:	8053      	strh	r3, [r2, #2]
 8001558:	3504      	adds	r5, #4
 800155a:	ae44      	add	r6, sp, #272	@ 0x110
 800155c:	2218      	movs	r2, #24
 800155e:	4641      	mov	r1, r8
 8001560:	4630      	mov	r0, r6
 8001562:	f002 f8cd 	bl	8003700 <Osal_MemSet>
 8001566:	233f      	movs	r3, #63	@ 0x3f
 8001568:	f8ad 3110 	strh.w	r3, [sp, #272]	@ 0x110
 800156c:	2383      	movs	r3, #131	@ 0x83
 800156e:	f8ad 3112 	strh.w	r3, [sp, #274]	@ 0x112
 8001572:	9446      	str	r4, [sp, #280]	@ 0x118
 8001574:	9547      	str	r5, [sp, #284]	@ 0x11c
 8001576:	f8cd 9120 	str.w	r9, [sp, #288]	@ 0x120
 800157a:	2301      	movs	r3, #1
 800157c:	9349      	str	r3, [sp, #292]	@ 0x124
 800157e:	4641      	mov	r1, r8
 8001580:	4630      	mov	r0, r6
 8001582:	f001 fa65 	bl	8002a50 <hci_send_req>
 8001586:	4540      	cmp	r0, r8
 8001588:	db04      	blt.n	8001594 <aci_gap_set_discoverable+0xb2>
 800158a:	f899 0000 	ldrb.w	r0, [r9]
 800158e:	b04b      	add	sp, #300	@ 0x12c
 8001590:	e8bd 8ff0 	ldmia.w	sp!, {r4, r5, r6, r7, r8, r9, sl, fp, pc}
 8001594:	20ff      	movs	r0, #255	@ 0xff
 8001596:	e7fa      	b.n	800158e <aci_gap_set_discoverable+0xac>

08001598 <aci_gap_set_io_capability>:
 8001598:	b5f0      	push	{r4, r5, r6, r7, lr}
 800159a:	b0c9      	sub	sp, #292	@ 0x124
 800159c:	f10d 0607 	add.w	r6, sp, #7
 80015a0:	2400      	movs	r4, #0
 80015a2:	f88d 4007 	strb.w	r4, [sp, #7]
 80015a6:	af02      	add	r7, sp, #8
 80015a8:	f88d 0008 	strb.w	r0, [sp, #8]
 80015ac:	ad42      	add	r5, sp, #264	@ 0x108
 80015ae:	2218      	movs	r2, #24
 80015b0:	4621      	mov	r1, r4
 80015b2:	4628      	mov	r0, r5
 80015b4:	f002 f8a4 	bl	8003700 <Osal_MemSet>
 80015b8:	233f      	movs	r3, #63	@ 0x3f
 80015ba:	f8ad 3108 	strh.w	r3, [sp, #264]	@ 0x108
 80015be:	2385      	movs	r3, #133	@ 0x85
 80015c0:	f8ad 310a 	strh.w	r3, [sp, #266]	@ 0x10a
 80015c4:	9744      	str	r7, [sp, #272]	@ 0x110
 80015c6:	2301      	movs	r3, #1
 80015c8:	9345      	str	r3, [sp, #276]	@ 0x114
 80015ca:	9646      	str	r6, [sp, #280]	@ 0x118
 80015cc:	9347      	str	r3, [sp, #284]	@ 0x11c
 80015ce:	4621      	mov	r1, r4
 80015d0:	4628      	mov	r0, r5
 80015d2:	f001 fa3d 	bl	8002a50 <hci_send_req>
 80015d6:	42a0      	cmp	r0, r4
 80015d8:	db02      	blt.n	80015e0 <aci_gap_set_io_capability+0x48>
 80015da:	7830      	ldrb	r0, [r6, #0]
 80015dc:	b049      	add	sp, #292	@ 0x124
 80015de:	bdf0      	pop	{r4, r5, r6, r7, pc}
 80015e0:	20ff      	movs	r0, #255	@ 0xff
 80015e2:	e7fb      	b.n	80015dc <aci_gap_set_io_capability+0x44>

080015e4 <aci_gap_set_authentication_requirement>:
 80015e4:	b5f0      	push	{r4, r5, r6, r7, lr}
 80015e6:	b0c9      	sub	sp, #292	@ 0x124
 80015e8:	f10d 0707 	add.w	r7, sp, #7
 80015ec:	2500      	movs	r5, #0
 80015ee:	f88d 5007 	strb.w	r5, [sp, #7]
 80015f2:	ac02      	add	r4, sp, #8
 80015f4:	f88d 0008 	strb.w	r0, [sp, #8]
 80015f8:	f88d 1009 	strb.w	r1, [sp, #9]
 80015fc:	f88d 200a 	strb.w	r2, [sp, #10]
 8001600:	f88d 300b 	strb.w	r3, [sp, #11]
 8001604:	f89d 3138 	ldrb.w	r3, [sp, #312]	@ 0x138
 8001608:	f88d 300c 	strb.w	r3, [sp, #12]
 800160c:	f89d 313c 	ldrb.w	r3, [sp, #316]	@ 0x13c
 8001610:	f88d 300d 	strb.w	r3, [sp, #13]
 8001614:	f89d 3140 	ldrb.w	r3, [sp, #320]	@ 0x140
 8001618:	f88d 300e 	strb.w	r3, [sp, #14]
 800161c:	9b51      	ldr	r3, [sp, #324]	@ 0x144
 800161e:	f8cd 300f 	str.w	r3, [sp, #15]
 8001622:	f89d 3148 	ldrb.w	r3, [sp, #328]	@ 0x148
 8001626:	f88d 3013 	strb.w	r3, [sp, #19]
 800162a:	ae42      	add	r6, sp, #264	@ 0x108
 800162c:	2218      	movs	r2, #24
 800162e:	4629      	mov	r1, r5
 8001630:	4630      	mov	r0, r6
 8001632:	f002 f865 	bl	8003700 <Osal_MemSet>
 8001636:	233f      	movs	r3, #63	@ 0x3f
 8001638:	f8ad 3108 	strh.w	r3, [sp, #264]	@ 0x108
 800163c:	2386      	movs	r3, #134	@ 0x86
 800163e:	f8ad 310a 	strh.w	r3, [sp, #266]	@ 0x10a
 8001642:	9444      	str	r4, [sp, #272]	@ 0x110
 8001644:	230c      	movs	r3, #12
 8001646:	9345      	str	r3, [sp, #276]	@ 0x114
 8001648:	9746      	str	r7, [sp, #280]	@ 0x118
 800164a:	2301      	movs	r3, #1
 800164c:	9347      	str	r3, [sp, #284]	@ 0x11c
 800164e:	4629      	mov	r1, r5
 8001650:	4630      	mov	r0, r6
 8001652:	f001 f9fd 	bl	8002a50 <hci_send_req>
 8001656:	42a8      	cmp	r0, r5
 8001658:	db02      	blt.n	8001660 <aci_gap_set_authentication_requirement+0x7c>
 800165a:	7838      	ldrb	r0, [r7, #0]
 800165c:	b049      	add	sp, #292	@ 0x124
 800165e:	bdf0      	pop	{r4, r5, r6, r7, pc}
 8001660:	20ff      	movs	r0, #255	@ 0xff
 8001662:	e7fb      	b.n	800165c <aci_gap_set_authentication_requirement+0x78>

08001664 <aci_gap_pass_key_resp>:
 8001664:	b5f0      	push	{r4, r5, r6, r7, lr}
 8001666:	b0c9      	sub	sp, #292	@ 0x124
 8001668:	f10d 0707 	add.w	r7, sp, #7
 800166c:	2400      	movs	r4, #0
 800166e:	f88d 4007 	strb.w	r4, [sp, #7]
 8001672:	ad02      	add	r5, sp, #8
 8001674:	f8ad 0008 	strh.w	r0, [sp, #8]
 8001678:	f8cd 100a 	str.w	r1, [sp, #10]
 800167c:	ae42      	add	r6, sp, #264	@ 0x108
 800167e:	2218      	movs	r2, #24
 8001680:	4621      	mov	r1, r4
 8001682:	4630      	mov	r0, r6
 8001684:	f002 f83c 	bl	8003700 <Osal_MemSet>
 8001688:	233f      	movs	r3, #63	@ 0x3f
 800168a:	f8ad 3108 	strh.w	r3, [sp, #264]	@ 0x108
 800168e:	2388      	movs	r3, #136	@ 0x88
 8001690:	f8ad 310a 	strh.w	r3, [sp, #266]	@ 0x10a
 8001694:	9544      	str	r5, [sp, #272]	@ 0x110
 8001696:	2306      	movs	r3, #6
 8001698:	9345      	str	r3, [sp, #276]	@ 0x114
 800169a:	9746      	str	r7, [sp, #280]	@ 0x118
 800169c:	2301      	movs	r3, #1
 800169e:	9347      	str	r3, [sp, #284]	@ 0x11c
 80016a0:	4621      	mov	r1, r4
 80016a2:	4630      	mov	r0, r6
 80016a4:	f001 f9d4 	bl	8002a50 <hci_send_req>
 80016a8:	42a0      	cmp	r0, r4
 80016aa:	db02      	blt.n	80016b2 <aci_gap_pass_key_resp+0x4e>
 80016ac:	7838      	ldrb	r0, [r7, #0]
 80016ae:	b049      	add	sp, #292	@ 0x124
 80016b0:	bdf0      	pop	{r4, r5, r6, r7, pc}
 80016b2:	20ff      	movs	r0, #255	@ 0xff
 80016b4:	e7fb      	b.n	80016ae <aci_gap_pass_key_resp+0x4a>

080016b6 <aci_gap_init>:
 80016b6:	e92d 43f0 	stmdb	sp!, {r4, r5, r6, r7, r8, r9, lr}
 80016ba:	b0c9      	sub	sp, #292	@ 0x124
 80016bc:	4680      	mov	r8, r0
 80016be:	460f      	mov	r7, r1
 80016c0:	4615      	mov	r5, r2
 80016c2:	4699      	mov	r9, r3
 80016c4:	2207      	movs	r2, #7
 80016c6:	2100      	movs	r1, #0
 80016c8:	4668      	mov	r0, sp
 80016ca:	f002 f819 	bl	8003700 <Osal_MemSet>
 80016ce:	ac02      	add	r4, sp, #8
 80016d0:	f88d 8008 	strb.w	r8, [sp, #8]
 80016d4:	f88d 7009 	strb.w	r7, [sp, #9]
 80016d8:	f88d 500a 	strb.w	r5, [sp, #10]
 80016dc:	ad42      	add	r5, sp, #264	@ 0x108
 80016de:	2218      	movs	r2, #24
 80016e0:	2100      	movs	r1, #0
 80016e2:	4628      	mov	r0, r5
 80016e4:	f002 f80c 	bl	8003700 <Osal_MemSet>
 80016e8:	233f      	movs	r3, #63	@ 0x3f
 80016ea:	f8ad 3108 	strh.w	r3, [sp, #264]	@ 0x108
 80016ee:	238a      	movs	r3, #138	@ 0x8a
 80016f0:	f8ad 310a 	strh.w	r3, [sp, #266]	@ 0x10a
 80016f4:	9444      	str	r4, [sp, #272]	@ 0x110
 80016f6:	2303      	movs	r3, #3
 80016f8:	9345      	str	r3, [sp, #276]	@ 0x114
 80016fa:	f8cd d118 	str.w	sp, [sp, #280]	@ 0x118
 80016fe:	2307      	movs	r3, #7
 8001700:	9347      	str	r3, [sp, #284]	@ 0x11c
 8001702:	2100      	movs	r1, #0
 8001704:	4628      	mov	r0, r5
 8001706:	f001 f9a3 	bl	8002a50 <hci_send_req>
 800170a:	2800      	cmp	r0, #0
 800170c:	db11      	blt.n	8001732 <aci_gap_init+0x7c>
 800170e:	f89d 0000 	ldrb.w	r0, [sp]
 8001712:	b958      	cbnz	r0, 800172c <aci_gap_init+0x76>
 8001714:	f8bd 2001 	ldrh.w	r2, [sp, #1]
 8001718:	f8a9 2000 	strh.w	r2, [r9]
 800171c:	f8bd 1003 	ldrh.w	r1, [sp, #3]
 8001720:	9a50      	ldr	r2, [sp, #320]	@ 0x140
 8001722:	8011      	strh	r1, [r2, #0]
 8001724:	f8bd 2005 	ldrh.w	r2, [sp, #5]
 8001728:	9b51      	ldr	r3, [sp, #324]	@ 0x144
 800172a:	801a      	strh	r2, [r3, #0]
 800172c:	b049      	add	sp, #292	@ 0x124
 800172e:	e8bd 83f0 	ldmia.w	sp!, {r4, r5, r6, r7, r8, r9, pc}
 8001732:	20ff      	movs	r0, #255	@ 0xff
 8001734:	e7fa      	b.n	800172c <aci_gap_init+0x76>

08001736 <aci_gap_update_adv_data>:
 8001736:	e92d 41f0 	stmdb	sp!, {r4, r5, r6, r7, r8, lr}
 800173a:	b0c8      	sub	sp, #288	@ 0x120
 800173c:	4604      	mov	r4, r0
 800173e:	f10d 0707 	add.w	r7, sp, #7
 8001742:	2500      	movs	r5, #0
 8001744:	f88d 5007 	strb.w	r5, [sp, #7]
 8001748:	f10d 0808 	add.w	r8, sp, #8
 800174c:	f88d 0008 	strb.w	r0, [sp, #8]
 8001750:	4602      	mov	r2, r0
 8001752:	f10d 0009 	add.w	r0, sp, #9
 8001756:	f001 ffcf 	bl	80036f8 <Osal_MemCpy>
 800175a:	3401      	adds	r4, #1
 800175c:	ae42      	add	r6, sp, #264	@ 0x108
 800175e:	2218      	movs	r2, #24
 8001760:	4629      	mov	r1, r5
 8001762:	4630      	mov	r0, r6
 8001764:	f001 ffcc 	bl	8003700 <Osal_MemSet>
 8001768:	233f      	movs	r3, #63	@ 0x3f
 800176a:	f8ad 3108 	strh.w	r3, [sp, #264]	@ 0x108
 800176e:	238e      	movs	r3, #142	@ 0x8e
 8001770:	f8ad 310a 	strh.w	r3, [sp, #266]	@ 0x10a
 8001774:	f8cd 8110 	str.w	r8, [sp, #272]	@ 0x110
 8001778:	9445      	str	r4, [sp, #276]	@ 0x114
 800177a:	9746      	str	r7, [sp, #280]	@ 0x118
 800177c:	2301      	movs	r3, #1
 800177e:	9347      	str	r3, [sp, #284]	@ 0x11c
 8001780:	4629      	mov	r1, r5
 8001782:	4630      	mov	r0, r6
 8001784:	f001 f964 	bl	8002a50 <hci_send_req>
 8001788:	42a8      	cmp	r0, r5
 800178a:	db03      	blt.n	8001794 <aci_gap_update_adv_data+0x5e>
 800178c:	7838      	ldrb	r0, [r7, #0]
 800178e:	b048      	add	sp, #288	@ 0x120
 8001790:	e8bd 81f0 	ldmia.w	sp!, {r4, r5, r6, r7, r8, pc}
 8001794:	20ff      	movs	r0, #255	@ 0xff
 8001796:	e7fa      	b.n	800178e <aci_gap_update_adv_data+0x58>

08001798 <aci_gap_configure_filter_accept_list>:
 8001798:	b530      	push	{r4, r5, lr}
 800179a:	b089      	sub	sp, #36	@ 0x24
 800179c:	2400      	movs	r4, #0
 800179e:	f88d 4007 	strb.w	r4, [sp, #7]
 80017a2:	ad02      	add	r5, sp, #8
 80017a4:	2218      	movs	r2, #24
 80017a6:	4621      	mov	r1, r4
 80017a8:	4628      	mov	r0, r5
 80017aa:	f001 ffa9 	bl	8003700 <Osal_MemSet>
 80017ae:	233f      	movs	r3, #63	@ 0x3f
 80017b0:	f8ad 3008 	strh.w	r3, [sp, #8]
 80017b4:	2392      	movs	r3, #146	@ 0x92
 80017b6:	f8ad 300a 	strh.w	r3, [sp, #10]
 80017ba:	f10d 0307 	add.w	r3, sp, #7
 80017be:	9306      	str	r3, [sp, #24]
 80017c0:	2301      	movs	r3, #1
 80017c2:	9307      	str	r3, [sp, #28]
 80017c4:	4621      	mov	r1, r4
 80017c6:	4628      	mov	r0, r5
 80017c8:	f001 f942 	bl	8002a50 <hci_send_req>
 80017cc:	42a0      	cmp	r0, r4
 80017ce:	db03      	blt.n	80017d8 <aci_gap_configure_filter_accept_list+0x40>
 80017d0:	f89d 0007 	ldrb.w	r0, [sp, #7]
 80017d4:	b009      	add	sp, #36	@ 0x24
 80017d6:	bd30      	pop	{r4, r5, pc}
 80017d8:	20ff      	movs	r0, #255	@ 0xff
 80017da:	e7fb      	b.n	80017d4 <aci_gap_configure_filter_accept_list+0x3c>

080017dc <aci_gap_numeric_comparison_value_confirm_yesno>:
 80017dc:	b5f0      	push	{r4, r5, r6, r7, lr}
 80017de:	b0c9      	sub	sp, #292	@ 0x124
 80017e0:	f10d 0707 	add.w	r7, sp, #7
 80017e4:	2400      	movs	r4, #0
 80017e6:	f88d 4007 	strb.w	r4, [sp, #7]
 80017ea:	ad02      	add	r5, sp, #8
 80017ec:	f8ad 0008 	strh.w	r0, [sp, #8]
 80017f0:	f88d 100a 	strb.w	r1, [sp, #10]
 80017f4:	ae42      	add	r6, sp, #264	@ 0x108
 80017f6:	2218      	movs	r2, #24
 80017f8:	4621      	mov	r1, r4
 80017fa:	4630      	mov	r0, r6
 80017fc:	f001 ff80 	bl	8003700 <Osal_MemSet>
 8001800:	233f      	movs	r3, #63	@ 0x3f
 8001802:	f8ad 3108 	strh.w	r3, [sp, #264]	@ 0x108
 8001806:	23a5      	movs	r3, #165	@ 0xa5
 8001808:	f8ad 310a 	strh.w	r3, [sp, #266]	@ 0x10a
 800180c:	9544      	str	r5, [sp, #272]	@ 0x110
 800180e:	2303      	movs	r3, #3
 8001810:	9345      	str	r3, [sp, #276]	@ 0x114
 8001812:	9746      	str	r7, [sp, #280]	@ 0x118
 8001814:	2301      	movs	r3, #1
 8001816:	9347      	str	r3, [sp, #284]	@ 0x11c
 8001818:	4621      	mov	r1, r4
 800181a:	4630      	mov	r0, r6
 800181c:	f001 f918 	bl	8002a50 <hci_send_req>
 8001820:	42a0      	cmp	r0, r4
 8001822:	db02      	blt.n	800182a <aci_gap_numeric_comparison_value_confirm_yesno+0x4e>
 8001824:	7838      	ldrb	r0, [r7, #0]
 8001826:	b049      	add	sp, #292	@ 0x124
 8001828:	bdf0      	pop	{r4, r5, r6, r7, pc}
 800182a:	20ff      	movs	r0, #255	@ 0xff
 800182c:	e7fb      	b.n	8001826 <aci_gap_numeric_comparison_value_confirm_yesno+0x4a>

0800182e <aci_gatt_init>:
 800182e:	b530      	push	{r4, r5, lr}
 8001830:	b089      	sub	sp, #36	@ 0x24
 8001832:	2400      	movs	r4, #0
 8001834:	f88d 4007 	strb.w	r4, [sp, #7]
 8001838:	ad02      	add	r5, sp, #8
 800183a:	2218      	movs	r2, #24
 800183c:	4621      	mov	r1, r4
 800183e:	4628      	mov	r0, r5
 8001840:	f001 ff5e 	bl	8003700 <Osal_MemSet>
 8001844:	233f      	movs	r3, #63	@ 0x3f
 8001846:	f8ad 3008 	strh.w	r3, [sp, #8]
 800184a:	f240 1301 	movw	r3, #257	@ 0x101
 800184e:	f8ad 300a 	strh.w	r3, [sp, #10]
 8001852:	f10d 0307 	add.w	r3, sp, #7
 8001856:	9306      	str	r3, [sp, #24]
 8001858:	2301      	movs	r3, #1
 800185a:	9307      	str	r3, [sp, #28]
 800185c:	4621      	mov	r1, r4
 800185e:	4628      	mov	r0, r5
 8001860:	f001 f8f6 	bl	8002a50 <hci_send_req>
 8001864:	42a0      	cmp	r0, r4
 8001866:	db03      	blt.n	8001870 <aci_gatt_init+0x42>
 8001868:	f89d 0007 	ldrb.w	r0, [sp, #7]
 800186c:	b009      	add	sp, #36	@ 0x24
 800186e:	bd30      	pop	{r4, r5, pc}
 8001870:	20ff      	movs	r0, #255	@ 0xff
 8001872:	e7fb      	b.n	800186c <aci_gatt_init+0x3e>

08001874 <aci_gatt_add_service>:
 8001874:	e92d 43f0 	stmdb	sp!, {r4, r5, r6, r7, r8, r9, lr}
 8001878:	b0c9      	sub	sp, #292	@ 0x124
 800187a:	4604      	mov	r4, r0
 800187c:	460f      	mov	r7, r1
 800187e:	4690      	mov	r8, r2
 8001880:	4699      	mov	r9, r3
 8001882:	2801      	cmp	r0, #1
 8001884:	d013      	beq.n	80018ae <aci_gatt_add_service+0x3a>
 8001886:	2802      	cmp	r0, #2
 8001888:	d00f      	beq.n	80018aa <aci_gatt_add_service+0x36>
 800188a:	2501      	movs	r5, #1
 800188c:	ae02      	add	r6, sp, #8
 800188e:	4435      	add	r5, r6
 8001890:	2203      	movs	r2, #3
 8001892:	2100      	movs	r1, #0
 8001894:	a801      	add	r0, sp, #4
 8001896:	f001 ff33 	bl	8003700 <Osal_MemSet>
 800189a:	f88d 4008 	strb.w	r4, [sp, #8]
 800189e:	2c01      	cmp	r4, #1
 80018a0:	d007      	beq.n	80018b2 <aci_gatt_add_service+0x3e>
 80018a2:	2c02      	cmp	r4, #2
 80018a4:	d136      	bne.n	8001914 <aci_gatt_add_service+0xa0>
 80018a6:	2410      	movs	r4, #16
 80018a8:	e004      	b.n	80018b4 <aci_gatt_add_service+0x40>
 80018aa:	2511      	movs	r5, #17
 80018ac:	e7ee      	b.n	800188c <aci_gatt_add_service+0x18>
 80018ae:	2503      	movs	r5, #3
 80018b0:	e7ec      	b.n	800188c <aci_gatt_add_service+0x18>
 80018b2:	2402      	movs	r4, #2
 80018b4:	4622      	mov	r2, r4
 80018b6:	4639      	mov	r1, r7
 80018b8:	f10d 0009 	add.w	r0, sp, #9
 80018bc:	f001 ff1c 	bl	80036f8 <Osal_MemCpy>
 80018c0:	f885 8000 	strb.w	r8, [r5]
 80018c4:	f885 9001 	strb.w	r9, [r5, #1]
 80018c8:	3403      	adds	r4, #3
 80018ca:	ad42      	add	r5, sp, #264	@ 0x108
 80018cc:	2218      	movs	r2, #24
 80018ce:	2100      	movs	r1, #0
 80018d0:	4628      	mov	r0, r5
 80018d2:	f001 ff15 	bl	8003700 <Osal_MemSet>
 80018d6:	233f      	movs	r3, #63	@ 0x3f
 80018d8:	f8ad 3108 	strh.w	r3, [sp, #264]	@ 0x108
 80018dc:	f44f 7381 	mov.w	r3, #258	@ 0x102
 80018e0:	f8ad 310a 	strh.w	r3, [sp, #266]	@ 0x10a
 80018e4:	ab02      	add	r3, sp, #8
 80018e6:	9344      	str	r3, [sp, #272]	@ 0x110
 80018e8:	9445      	str	r4, [sp, #276]	@ 0x114
 80018ea:	ab01      	add	r3, sp, #4
 80018ec:	9346      	str	r3, [sp, #280]	@ 0x118
 80018ee:	2303      	movs	r3, #3
 80018f0:	9347      	str	r3, [sp, #284]	@ 0x11c
 80018f2:	2100      	movs	r1, #0
 80018f4:	4628      	mov	r0, r5
 80018f6:	f001 f8ab 	bl	8002a50 <hci_send_req>
 80018fa:	2800      	cmp	r0, #0
 80018fc:	db0c      	blt.n	8001918 <aci_gatt_add_service+0xa4>
 80018fe:	ab01      	add	r3, sp, #4
 8001900:	f89d 0004 	ldrb.w	r0, [sp, #4]
 8001904:	b918      	cbnz	r0, 800190e <aci_gatt_add_service+0x9a>
 8001906:	f8b3 2001 	ldrh.w	r2, [r3, #1]
 800190a:	9b50      	ldr	r3, [sp, #320]	@ 0x140
 800190c:	801a      	strh	r2, [r3, #0]
 800190e:	b049      	add	sp, #292	@ 0x124
 8001910:	e8bd 83f0 	ldmia.w	sp!, {r4, r5, r6, r7, r8, r9, pc}
 8001914:	2097      	movs	r0, #151	@ 0x97
 8001916:	e7fa      	b.n	800190e <aci_gatt_add_service+0x9a>
 8001918:	20ff      	movs	r0, #255	@ 0xff
 800191a:	e7f8      	b.n	800190e <aci_gatt_add_service+0x9a>

0800191c <aci_gatt_add_char>:
 800191c:	e92d 43f0 	stmdb	sp!, {r4, r5, r6, r7, r8, r9, lr}
 8001920:	b0c9      	sub	sp, #292	@ 0x124
 8001922:	4607      	mov	r7, r0
 8001924:	460c      	mov	r4, r1
 8001926:	4690      	mov	r8, r2
 8001928:	4699      	mov	r9, r3
 800192a:	2901      	cmp	r1, #1
 800192c:	d015      	beq.n	800195a <aci_gatt_add_char+0x3e>
 800192e:	2902      	cmp	r1, #2
 8001930:	d011      	beq.n	8001956 <aci_gatt_add_char+0x3a>
 8001932:	2503      	movs	r5, #3
 8001934:	ae02      	add	r6, sp, #8
 8001936:	4435      	add	r5, r6
 8001938:	2203      	movs	r2, #3
 800193a:	2100      	movs	r1, #0
 800193c:	a801      	add	r0, sp, #4
 800193e:	f001 fedf 	bl	8003700 <Osal_MemSet>
 8001942:	f8ad 7008 	strh.w	r7, [sp, #8]
 8001946:	f88d 400a 	strb.w	r4, [sp, #10]
 800194a:	2c01      	cmp	r4, #1
 800194c:	d007      	beq.n	800195e <aci_gatt_add_char+0x42>
 800194e:	2c02      	cmp	r4, #2
 8001950:	d143      	bne.n	80019da <aci_gatt_add_char+0xbe>
 8001952:	2410      	movs	r4, #16
 8001954:	e004      	b.n	8001960 <aci_gatt_add_char+0x44>
 8001956:	2513      	movs	r5, #19
 8001958:	e7ec      	b.n	8001934 <aci_gatt_add_char+0x18>
 800195a:	2505      	movs	r5, #5
 800195c:	e7ea      	b.n	8001934 <aci_gatt_add_char+0x18>
 800195e:	2402      	movs	r4, #2
 8001960:	4622      	mov	r2, r4
 8001962:	4641      	mov	r1, r8
 8001964:	f10d 000b 	add.w	r0, sp, #11
 8001968:	f001 fec6 	bl	80036f8 <Osal_MemCpy>
 800196c:	464b      	mov	r3, r9
 800196e:	802b      	strh	r3, [r5, #0]
 8001970:	f89d 3140 	ldrb.w	r3, [sp, #320]	@ 0x140
 8001974:	70ab      	strb	r3, [r5, #2]
 8001976:	f89d 3144 	ldrb.w	r3, [sp, #324]	@ 0x144
 800197a:	70eb      	strb	r3, [r5, #3]
 800197c:	f89d 3148 	ldrb.w	r3, [sp, #328]	@ 0x148
 8001980:	712b      	strb	r3, [r5, #4]
 8001982:	f89d 314c 	ldrb.w	r3, [sp, #332]	@ 0x14c
 8001986:	716b      	strb	r3, [r5, #5]
 8001988:	f89d 3150 	ldrb.w	r3, [sp, #336]	@ 0x150
 800198c:	71ab      	strb	r3, [r5, #6]
 800198e:	340a      	adds	r4, #10
 8001990:	ad42      	add	r5, sp, #264	@ 0x108
 8001992:	2218      	movs	r2, #24
 8001994:	2100      	movs	r1, #0
 8001996:	4628      	mov	r0, r5
 8001998:	f001 feb2 	bl	8003700 <Osal_MemSet>
 800199c:	233f      	movs	r3, #63	@ 0x3f
 800199e:	f8ad 3108 	strh.w	r3, [sp, #264]	@ 0x108
 80019a2:	f44f 7382 	mov.w	r3, #260	@ 0x104
 80019a6:	f8ad 310a 	strh.w	r3, [sp, #266]	@ 0x10a
 80019aa:	ab02      	add	r3, sp, #8
 80019ac:	9344      	str	r3, [sp, #272]	@ 0x110
 80019ae:	9445      	str	r4, [sp, #276]	@ 0x114
 80019b0:	ab01      	add	r3, sp, #4
 80019b2:	9346      	str	r3, [sp, #280]	@ 0x118
 80019b4:	2303      	movs	r3, #3
 80019b6:	9347      	str	r3, [sp, #284]	@ 0x11c
 80019b8:	2100      	movs	r1, #0
 80019ba:	4628      	mov	r0, r5
 80019bc:	f001 f848 	bl	8002a50 <hci_send_req>
 80019c0:	2800      	cmp	r0, #0
 80019c2:	db0c      	blt.n	80019de <aci_gatt_add_char+0xc2>
 80019c4:	ab01      	add	r3, sp, #4
 80019c6:	f89d 0004 	ldrb.w	r0, [sp, #4]
 80019ca:	b918      	cbnz	r0, 80019d4 <aci_gatt_add_char+0xb8>
 80019cc:	f8b3 2001 	ldrh.w	r2, [r3, #1]
 80019d0:	9b55      	ldr	r3, [sp, #340]	@ 0x154
 80019d2:	801a      	strh	r2, [r3, #0]
 80019d4:	b049      	add	sp, #292	@ 0x124
 80019d6:	e8bd 83f0 	ldmia.w	sp!, {r4, r5, r6, r7, r8, r9, pc}
 80019da:	2097      	movs	r0, #151	@ 0x97
 80019dc:	e7fa      	b.n	80019d4 <aci_gatt_add_char+0xb8>
 80019de:	20ff      	movs	r0, #255	@ 0xff
 80019e0:	e7f8      	b.n	80019d4 <aci_gatt_add_char+0xb8>

080019e2 <aci_gatt_update_char_value>:
 80019e2:	e92d 41f0 	stmdb	sp!, {r4, r5, r6, r7, r8, lr}
 80019e6:	b0c8      	sub	sp, #288	@ 0x120
 80019e8:	461c      	mov	r4, r3
 80019ea:	f10d 0807 	add.w	r8, sp, #7
 80019ee:	2600      	movs	r6, #0
 80019f0:	f88d 6007 	strb.w	r6, [sp, #7]
 80019f4:	ad02      	add	r5, sp, #8
 80019f6:	f8ad 0008 	strh.w	r0, [sp, #8]
 80019fa:	f8ad 100a 	strh.w	r1, [sp, #10]
 80019fe:	f88d 200c 	strb.w	r2, [sp, #12]
 8001a02:	f88d 300d 	strb.w	r3, [sp, #13]
 8001a06:	461a      	mov	r2, r3
 8001a08:	994e      	ldr	r1, [sp, #312]	@ 0x138
 8001a0a:	f10d 000e 	add.w	r0, sp, #14
 8001a0e:	f001 fe73 	bl	80036f8 <Osal_MemCpy>
 8001a12:	3406      	adds	r4, #6
 8001a14:	af42      	add	r7, sp, #264	@ 0x108
 8001a16:	2218      	movs	r2, #24
 8001a18:	4631      	mov	r1, r6
 8001a1a:	4638      	mov	r0, r7
 8001a1c:	f001 fe70 	bl	8003700 <Osal_MemSet>
 8001a20:	233f      	movs	r3, #63	@ 0x3f
 8001a22:	f8ad 3108 	strh.w	r3, [sp, #264]	@ 0x108
 8001a26:	f44f 7383 	mov.w	r3, #262	@ 0x106
 8001a2a:	f8ad 310a 	strh.w	r3, [sp, #266]	@ 0x10a
 8001a2e:	9544      	str	r5, [sp, #272]	@ 0x110
 8001a30:	9445      	str	r4, [sp, #276]	@ 0x114
 8001a32:	f8cd 8118 	str.w	r8, [sp, #280]	@ 0x118
 8001a36:	2301      	movs	r3, #1
 8001a38:	9347      	str	r3, [sp, #284]	@ 0x11c
 8001a3a:	4631      	mov	r1, r6
 8001a3c:	4638      	mov	r0, r7
 8001a3e:	f001 f807 	bl	8002a50 <hci_send_req>
 8001a42:	42b0      	cmp	r0, r6
 8001a44:	db04      	blt.n	8001a50 <aci_gatt_update_char_value+0x6e>
 8001a46:	f898 0000 	ldrb.w	r0, [r8]
 8001a4a:	b048      	add	sp, #288	@ 0x120
 8001a4c:	e8bd 81f0 	ldmia.w	sp!, {r4, r5, r6, r7, r8, pc}
 8001a50:	20ff      	movs	r0, #255	@ 0xff
 8001a52:	e7fa      	b.n	8001a4a <aci_gatt_update_char_value+0x68>

08001a54 <aci_gatt_confirm_indication>:
 8001a54:	b5f0      	push	{r4, r5, r6, r7, lr}
 8001a56:	b0c9      	sub	sp, #292	@ 0x124
 8001a58:	f10d 0607 	add.w	r6, sp, #7
 8001a5c:	2400      	movs	r4, #0
 8001a5e:	f88d 4007 	strb.w	r4, [sp, #7]
 8001a62:	af02      	add	r7, sp, #8
 8001a64:	f8ad 0008 	strh.w	r0, [sp, #8]
 8001a68:	ad42      	add	r5, sp, #264	@ 0x108
 8001a6a:	2218      	movs	r2, #24
 8001a6c:	4621      	mov	r1, r4
 8001a6e:	4628      	mov	r0, r5
 8001a70:	f001 fe46 	bl	8003700 <Osal_MemSet>
 8001a74:	233f      	movs	r3, #63	@ 0x3f
 8001a76:	f8ad 3108 	strh.w	r3, [sp, #264]	@ 0x108
 8001a7a:	f240 1325 	movw	r3, #293	@ 0x125
 8001a7e:	f8ad 310a 	strh.w	r3, [sp, #266]	@ 0x10a
 8001a82:	9744      	str	r7, [sp, #272]	@ 0x110
 8001a84:	2302      	movs	r3, #2
 8001a86:	9345      	str	r3, [sp, #276]	@ 0x114
 8001a88:	9646      	str	r6, [sp, #280]	@ 0x118
 8001a8a:	2301      	movs	r3, #1
 8001a8c:	9347      	str	r3, [sp, #284]	@ 0x11c
 8001a8e:	4621      	mov	r1, r4
 8001a90:	4628      	mov	r0, r5
 8001a92:	f000 ffdd 	bl	8002a50 <hci_send_req>
 8001a96:	42a0      	cmp	r0, r4
 8001a98:	db02      	blt.n	8001aa0 <aci_gatt_confirm_indication+0x4c>
 8001a9a:	7830      	ldrb	r0, [r6, #0]
 8001a9c:	b049      	add	sp, #292	@ 0x124
 8001a9e:	bdf0      	pop	{r4, r5, r6, r7, pc}
 8001aa0:	20ff      	movs	r0, #255	@ 0xff
 8001aa2:	e7fb      	b.n	8001a9c <aci_gatt_confirm_indication+0x48>

08001aa4 <aci_gatt_permit_read>:
 8001aa4:	b5f0      	push	{r4, r5, r6, r7, lr}
 8001aa6:	b0c9      	sub	sp, #292	@ 0x124
 8001aa8:	f10d 0707 	add.w	r7, sp, #7
 8001aac:	2500      	movs	r5, #0
 8001aae:	f88d 5007 	strb.w	r5, [sp, #7]
 8001ab2:	ac02      	add	r4, sp, #8
 8001ab4:	f8ad 0008 	strh.w	r0, [sp, #8]
 8001ab8:	f88d 100a 	strb.w	r1, [sp, #10]
 8001abc:	f88d 200b 	strb.w	r2, [sp, #11]
 8001ac0:	f8ad 300c 	strh.w	r3, [sp, #12]
 8001ac4:	ae42      	add	r6, sp, #264	@ 0x108
 8001ac6:	2218      	movs	r2, #24
 8001ac8:	4629      	mov	r1, r5
 8001aca:	4630      	mov	r0, r6
 8001acc:	f001 fe18 	bl	8003700 <Osal_MemSet>
 8001ad0:	233f      	movs	r3, #63	@ 0x3f
 8001ad2:	f8ad 3108 	strh.w	r3, [sp, #264]	@ 0x108
 8001ad6:	f240 1327 	movw	r3, #295	@ 0x127
 8001ada:	f8ad 310a 	strh.w	r3, [sp, #266]	@ 0x10a
 8001ade:	9444      	str	r4, [sp, #272]	@ 0x110
 8001ae0:	2306      	movs	r3, #6
 8001ae2:	9345      	str	r3, [sp, #276]	@ 0x114
 8001ae4:	9746      	str	r7, [sp, #280]	@ 0x118
 8001ae6:	2301      	movs	r3, #1
 8001ae8:	9347      	str	r3, [sp, #284]	@ 0x11c
 8001aea:	4629      	mov	r1, r5
 8001aec:	4630      	mov	r0, r6
 8001aee:	f000 ffaf 	bl	8002a50 <hci_send_req>
 8001af2:	42a8      	cmp	r0, r5
 8001af4:	db02      	blt.n	8001afc <aci_gatt_permit_read+0x58>
 8001af6:	7838      	ldrb	r0, [r7, #0]
 8001af8:	b049      	add	sp, #292	@ 0x124
 8001afa:	bdf0      	pop	{r4, r5, r6, r7, pc}
 8001afc:	20ff      	movs	r0, #255	@ 0xff
 8001afe:	e7fb      	b.n	8001af8 <aci_gatt_permit_read+0x54>

08001b00 <aci_hal_write_config_data>:
 8001b00:	e92d 41f0 	stmdb	sp!, {r4, r5, r6, r7, r8, lr}
 8001b04:	b0c8      	sub	sp, #288	@ 0x120
 8001b06:	460c      	mov	r4, r1
 8001b08:	4611      	mov	r1, r2
 8001b0a:	f10d 0807 	add.w	r8, sp, #7
 8001b0e:	2500      	movs	r5, #0
 8001b10:	f88d 5007 	strb.w	r5, [sp, #7]
 8001b14:	ae02      	add	r6, sp, #8
 8001b16:	f88d 0008 	strb.w	r0, [sp, #8]
 8001b1a:	f88d 4009 	strb.w	r4, [sp, #9]
 8001b1e:	4622      	mov	r2, r4
 8001b20:	f10d 000a 	add.w	r0, sp, #10
 8001b24:	f001 fde8 	bl	80036f8 <Osal_MemCpy>
 8001b28:	3402      	adds	r4, #2
 8001b2a:	af42      	add	r7, sp, #264	@ 0x108
 8001b2c:	2218      	movs	r2, #24
 8001b2e:	4629      	mov	r1, r5
 8001b30:	4638      	mov	r0, r7
 8001b32:	f001 fde5 	bl	8003700 <Osal_MemSet>
 8001b36:	233f      	movs	r3, #63	@ 0x3f
 8001b38:	f8ad 3108 	strh.w	r3, [sp, #264]	@ 0x108
 8001b3c:	230c      	movs	r3, #12
 8001b3e:	f8ad 310a 	strh.w	r3, [sp, #266]	@ 0x10a
 8001b42:	9644      	str	r6, [sp, #272]	@ 0x110
 8001b44:	9445      	str	r4, [sp, #276]	@ 0x114
 8001b46:	f8cd 8118 	str.w	r8, [sp, #280]	@ 0x118
 8001b4a:	2301      	movs	r3, #1
 8001b4c:	9347      	str	r3, [sp, #284]	@ 0x11c
 8001b4e:	4629      	mov	r1, r5
 8001b50:	4638      	mov	r0, r7
 8001b52:	f000 ff7d 	bl	8002a50 <hci_send_req>
 8001b56:	42a8      	cmp	r0, r5
 8001b58:	db04      	blt.n	8001b64 <aci_hal_write_config_data+0x64>
 8001b5a:	f898 0000 	ldrb.w	r0, [r8]
 8001b5e:	b048      	add	sp, #288	@ 0x120
 8001b60:	e8bd 81f0 	ldmia.w	sp!, {r4, r5, r6, r7, r8, pc}
 8001b64:	20ff      	movs	r0, #255	@ 0xff
 8001b66:	e7fa      	b.n	8001b5e <aci_hal_write_config_data+0x5e>

08001b68 <aci_hal_set_tx_power_level>:
 8001b68:	b5f0      	push	{r4, r5, r6, r7, lr}
 8001b6a:	b0c9      	sub	sp, #292	@ 0x124
 8001b6c:	f10d 0707 	add.w	r7, sp, #7
 8001b70:	2400      	movs	r4, #0
 8001b72:	f88d 4007 	strb.w	r4, [sp, #7]
 8001b76:	ad02      	add	r5, sp, #8
 8001b78:	f88d 0008 	strb.w	r0, [sp, #8]
 8001b7c:	f88d 1009 	strb.w	r1, [sp, #9]
 8001b80:	ae42      	add	r6, sp, #264	@ 0x108
 8001b82:	2218      	movs	r2, #24
 8001b84:	4621      	mov	r1, r4
 8001b86:	4630      	mov	r0, r6
 8001b88:	f001 fdba 	bl	8003700 <Osal_MemSet>
 8001b8c:	233f      	movs	r3, #63	@ 0x3f
 8001b8e:	f8ad 3108 	strh.w	r3, [sp, #264]	@ 0x108
 8001b92:	230f      	movs	r3, #15
 8001b94:	f8ad 310a 	strh.w	r3, [sp, #266]	@ 0x10a
 8001b98:	9544      	str	r5, [sp, #272]	@ 0x110
 8001b9a:	2302      	movs	r3, #2
 8001b9c:	9345      	str	r3, [sp, #276]	@ 0x114
 8001b9e:	9746      	str	r7, [sp, #280]	@ 0x118
 8001ba0:	2301      	movs	r3, #1
 8001ba2:	9347      	str	r3, [sp, #284]	@ 0x11c
 8001ba4:	4621      	mov	r1, r4
 8001ba6:	4630      	mov	r0, r6
 8001ba8:	f000 ff52 	bl	8002a50 <hci_send_req>
 8001bac:	42a0      	cmp	r0, r4
 8001bae:	db02      	blt.n	8001bb6 <aci_hal_set_tx_power_level+0x4e>
 8001bb0:	7838      	ldrb	r0, [r7, #0]
 8001bb2:	b049      	add	sp, #292	@ 0x124
 8001bb4:	bdf0      	pop	{r4, r5, r6, r7, pc}
 8001bb6:	20ff      	movs	r0, #255	@ 0xff
 8001bb8:	e7fb      	b.n	8001bb2 <aci_hal_set_tx_power_level+0x4a>

08001bba <aci_hal_set_radio_activity_mask>:
 8001bba:	b5f0      	push	{r4, r5, r6, r7, lr}
 8001bbc:	b0c9      	sub	sp, #292	@ 0x124
 8001bbe:	f10d 0607 	add.w	r6, sp, #7
 8001bc2:	2400      	movs	r4, #0
 8001bc4:	f88d 4007 	strb.w	r4, [sp, #7]
 8001bc8:	af02      	add	r7, sp, #8
 8001bca:	f8ad 0008 	strh.w	r0, [sp, #8]
 8001bce:	ad42      	add	r5, sp, #264	@ 0x108
 8001bd0:	2218      	movs	r2, #24
 8001bd2:	4621      	mov	r1, r4
 8001bd4:	4628      	mov	r0, r5
 8001bd6:	f001 fd93 	bl	8003700 <Osal_MemSet>
 8001bda:	233f      	movs	r3, #63	@ 0x3f
 8001bdc:	f8ad 3108 	strh.w	r3, [sp, #264]	@ 0x108
 8001be0:	2318      	movs	r3, #24
 8001be2:	f8ad 310a 	strh.w	r3, [sp, #266]	@ 0x10a
 8001be6:	9744      	str	r7, [sp, #272]	@ 0x110
 8001be8:	2302      	movs	r3, #2
 8001bea:	9345      	str	r3, [sp, #276]	@ 0x114
 8001bec:	9646      	str	r6, [sp, #280]	@ 0x118
 8001bee:	2301      	movs	r3, #1
 8001bf0:	9347      	str	r3, [sp, #284]	@ 0x11c
 8001bf2:	4621      	mov	r1, r4
 8001bf4:	4628      	mov	r0, r5
 8001bf6:	f000 ff2b 	bl	8002a50 <hci_send_req>
 8001bfa:	42a0      	cmp	r0, r4
 8001bfc:	db02      	blt.n	8001c04 <aci_hal_set_radio_activity_mask+0x4a>
 8001bfe:	7830      	ldrb	r0, [r6, #0]
 8001c00:	b049      	add	sp, #292	@ 0x124
 8001c02:	bdf0      	pop	{r4, r5, r6, r7, pc}
 8001c04:	20ff      	movs	r0, #255	@ 0xff
 8001c06:	e7fb      	b.n	8001c00 <aci_hal_set_radio_activity_mask+0x46>

08001c08 <hci_reset>:
 8001c08:	b530      	push	{r4, r5, lr}
 8001c0a:	b089      	sub	sp, #36	@ 0x24
 8001c0c:	2400      	movs	r4, #0
 8001c0e:	f88d 4007 	strb.w	r4, [sp, #7]
 8001c12:	ad02      	add	r5, sp, #8
 8001c14:	2218      	movs	r2, #24
 8001c16:	4621      	mov	r1, r4
 8001c18:	4628      	mov	r0, r5
 8001c1a:	f001 fd71 	bl	8003700 <Osal_MemSet>
 8001c1e:	2303      	movs	r3, #3
 8001c20:	f8ad 3008 	strh.w	r3, [sp, #8]
 8001c24:	f8ad 300a 	strh.w	r3, [sp, #10]
 8001c28:	f10d 0307 	add.w	r3, sp, #7
 8001c2c:	9306      	str	r3, [sp, #24]
 8001c2e:	2301      	movs	r3, #1
 8001c30:	9307      	str	r3, [sp, #28]
 8001c32:	4621      	mov	r1, r4
 8001c34:	4628      	mov	r0, r5
 8001c36:	f000 ff0b 	bl	8002a50 <hci_send_req>
 8001c3a:	42a0      	cmp	r0, r4
 8001c3c:	db03      	blt.n	8001c46 <hci_reset+0x3e>
 8001c3e:	f89d 0007 	ldrb.w	r0, [sp, #7]
 8001c42:	b009      	add	sp, #36	@ 0x24
 8001c44:	bd30      	pop	{r4, r5, pc}
 8001c46:	20ff      	movs	r0, #255	@ 0xff
 8001c48:	e7fb      	b.n	8001c42 <hci_reset+0x3a>

08001c4a <hci_le_set_default_phy>:
 8001c4a:	b5f0      	push	{r4, r5, r6, r7, lr}
 8001c4c:	b0c9      	sub	sp, #292	@ 0x124
 8001c4e:	f10d 0707 	add.w	r7, sp, #7
 8001c52:	2500      	movs	r5, #0
 8001c54:	f88d 5007 	strb.w	r5, [sp, #7]
 8001c58:	ac02      	add	r4, sp, #8
 8001c5a:	f88d 0008 	strb.w	r0, [sp, #8]
 8001c5e:	f88d 1009 	strb.w	r1, [sp, #9]
 8001c62:	f88d 200a 	strb.w	r2, [sp, #10]
 8001c66:	ae42      	add	r6, sp, #264	@ 0x108
 8001c68:	2218      	movs	r2, #24
 8001c6a:	4629      	mov	r1, r5
 8001c6c:	4630      	mov	r0, r6
 8001c6e:	f001 fd47 	bl	8003700 <Osal_MemSet>
 8001c72:	2308      	movs	r3, #8
 8001c74:	f8ad 3108 	strh.w	r3, [sp, #264]	@ 0x108
 8001c78:	2331      	movs	r3, #49	@ 0x31
 8001c7a:	f8ad 310a 	strh.w	r3, [sp, #266]	@ 0x10a
 8001c7e:	9444      	str	r4, [sp, #272]	@ 0x110
 8001c80:	2303      	movs	r3, #3
 8001c82:	9345      	str	r3, [sp, #276]	@ 0x114
 8001c84:	9746      	str	r7, [sp, #280]	@ 0x118
 8001c86:	2301      	movs	r3, #1
 8001c88:	9347      	str	r3, [sp, #284]	@ 0x11c
 8001c8a:	4629      	mov	r1, r5
 8001c8c:	4630      	mov	r0, r6
 8001c8e:	f000 fedf 	bl	8002a50 <hci_send_req>
 8001c92:	42a8      	cmp	r0, r5
 8001c94:	db02      	blt.n	8001c9c <hci_le_set_default_phy+0x52>
 8001c96:	7838      	ldrb	r0, [r7, #0]
 8001c98:	b049      	add	sp, #292	@ 0x124
 8001c9a:	bdf0      	pop	{r4, r5, r6, r7, pc}
 8001c9c:	20ff      	movs	r0, #255	@ 0xff
 8001c9e:	e7fb      	b.n	8001c98 <hci_le_set_default_phy+0x4e>

08001ca0 <null_ptr_check>:
 8001ca0:	b150      	cbz	r0, 8001cb8 <null_ptr_check+0x18>
 8001ca2:	6882      	ldr	r2, [r0, #8]
 8001ca4:	b15a      	cbz	r2, 8001cbe <null_ptr_check+0x1e>
 8001ca6:	68c2      	ldr	r2, [r0, #12]
 8001ca8:	b162      	cbz	r2, 8001cc4 <null_ptr_check+0x24>
 8001caa:	6903      	ldr	r3, [r0, #16]
 8001cac:	b10b      	cbz	r3, 8001cb2 <null_ptr_check+0x12>
 8001cae:	2000      	movs	r0, #0
 8001cb0:	4770      	bx	lr
 8001cb2:	f04f 30ff 	mov.w	r0, #4294967295
 8001cb6:	4770      	bx	lr
 8001cb8:	f04f 30ff 	mov.w	r0, #4294967295
 8001cbc:	4770      	bx	lr
 8001cbe:	f04f 30ff 	mov.w	r0, #4294967295
 8001cc2:	4770      	bx	lr
 8001cc4:	f04f 30ff 	mov.w	r0, #4294967295
 8001cc8:	4770      	bx	lr

08001cca <validate_chip_id>:
 8001cca:	f1a0 0350 	sub.w	r3, r0, #80	@ 0x50
 8001cce:	b2db      	uxtb	r3, r3
 8001cd0:	2b01      	cmp	r3, #1
 8001cd2:	d802      	bhi.n	8001cda <validate_chip_id+0x10>
 8001cd4:	7008      	strb	r0, [r1, #0]
 8001cd6:	2000      	movs	r0, #0
 8001cd8:	4770      	bx	lr
 8001cda:	f06f 0002 	mvn.w	r0, #2
 8001cde:	4770      	bx	lr

08001ce0 <bmp5_get_regs>:
 8001ce0:	e92d 41f0 	stmdb	sp!, {r4, r5, r6, r7, r8, lr}
 8001ce4:	4606      	mov	r6, r0
 8001ce6:	460d      	mov	r5, r1
 8001ce8:	4690      	mov	r8, r2
 8001cea:	461c      	mov	r4, r3
 8001cec:	4618      	mov	r0, r3
 8001cee:	f7ff ffd7 	bl	8001ca0 <null_ptr_check>
 8001cf2:	b988      	cbnz	r0, 8001d18 <bmp5_get_regs+0x38>
 8001cf4:	4607      	mov	r7, r0
 8001cf6:	b19d      	cbz	r5, 8001d20 <bmp5_get_regs+0x40>
 8001cf8:	7d63      	ldrb	r3, [r4, #21]
 8001cfa:	b913      	cbnz	r3, 8001d02 <bmp5_get_regs+0x22>
 8001cfc:	f046 0380 	orr.w	r3, r6, #128	@ 0x80
 8001d00:	461e      	mov	r6, r3
 8001d02:	6863      	ldr	r3, [r4, #4]
 8001d04:	4642      	mov	r2, r8
 8001d06:	4629      	mov	r1, r5
 8001d08:	4630      	mov	r0, r6
 8001d0a:	68a5      	ldr	r5, [r4, #8]
 8001d0c:	47a8      	blx	r5
 8001d0e:	7520      	strb	r0, [r4, #20]
 8001d10:	b950      	cbnz	r0, 8001d28 <bmp5_get_regs+0x48>
 8001d12:	4638      	mov	r0, r7
 8001d14:	e8bd 81f0 	ldmia.w	sp!, {r4, r5, r6, r7, r8, pc}
 8001d18:	f04f 33ff 	mov.w	r3, #4294967295
 8001d1c:	461f      	mov	r7, r3
 8001d1e:	e7f8      	b.n	8001d12 <bmp5_get_regs+0x32>
 8001d20:	f04f 33ff 	mov.w	r3, #4294967295
 8001d24:	461f      	mov	r7, r3
 8001d26:	e7f4      	b.n	8001d12 <bmp5_get_regs+0x32>
 8001d28:	f06f 0301 	mvn.w	r3, #1
 8001d2c:	461f      	mov	r7, r3
 8001d2e:	e7f0      	b.n	8001d12 <bmp5_get_regs+0x32>

08001d30 <get_nvm_status>:
 8001d30:	b138      	cbz	r0, 8001d42 <get_nvm_status+0x12>
 8001d32:	b508      	push	{r3, lr}
 8001d34:	460b      	mov	r3, r1
 8001d36:	4601      	mov	r1, r0
 8001d38:	2201      	movs	r2, #1
 8001d3a:	2028      	movs	r0, #40	@ 0x28
 8001d3c:	f7ff ffd0 	bl	8001ce0 <bmp5_get_regs>
 8001d40:	bd08      	pop	{r3, pc}
 8001d42:	f04f 30ff 	mov.w	r0, #4294967295
 8001d46:	4770      	bx	lr

08001d48 <bmp5_set_regs>:
 8001d48:	e92d 47f0 	stmdb	sp!, {r4, r5, r6, r7, r8, r9, sl, lr}
 8001d4c:	4681      	mov	r9, r0
 8001d4e:	460e      	mov	r6, r1
 8001d50:	4690      	mov	r8, r2
 8001d52:	461d      	mov	r5, r3
 8001d54:	4618      	mov	r0, r3
 8001d56:	f7ff ffa3 	bl	8001ca0 <null_ptr_check>
 8001d5a:	bb28      	cbnz	r0, 8001da8 <bmp5_set_regs+0x60>
 8001d5c:	4682      	mov	sl, r0
 8001d5e:	b33e      	cbz	r6, 8001db0 <bmp5_set_regs+0x68>
 8001d60:	7d6c      	ldrb	r4, [r5, #21]
 8001d62:	b97c      	cbnz	r4, 8001d84 <bmp5_set_regs+0x3c>
 8001d64:	eb04 0009 	add.w	r0, r4, r9
 8001d68:	686b      	ldr	r3, [r5, #4]
 8001d6a:	2201      	movs	r2, #1
 8001d6c:	1931      	adds	r1, r6, r4
 8001d6e:	b2c0      	uxtb	r0, r0
 8001d70:	68ef      	ldr	r7, [r5, #12]
 8001d72:	47b8      	blx	r7
 8001d74:	7528      	strb	r0, [r5, #20]
 8001d76:	3401      	adds	r4, #1
 8001d78:	b2e4      	uxtb	r4, r4
 8001d7a:	4544      	cmp	r4, r8
 8001d7c:	d206      	bcs.n	8001d8c <bmp5_set_regs+0x44>
 8001d7e:	2800      	cmp	r0, #0
 8001d80:	d0f0      	beq.n	8001d64 <bmp5_set_regs+0x1c>
 8001d82:	e003      	b.n	8001d8c <bmp5_set_regs+0x44>
 8001d84:	3c01      	subs	r4, #1
 8001d86:	b2e4      	uxtb	r4, r4
 8001d88:	2c01      	cmp	r4, #1
 8001d8a:	d905      	bls.n	8001d98 <bmp5_set_regs+0x50>
 8001d8c:	f995 3014 	ldrsb.w	r3, [r5, #20]
 8001d90:	b993      	cbnz	r3, 8001db8 <bmp5_set_regs+0x70>
 8001d92:	4650      	mov	r0, sl
 8001d94:	e8bd 87f0 	ldmia.w	sp!, {r4, r5, r6, r7, r8, r9, sl, pc}
 8001d98:	68ec      	ldr	r4, [r5, #12]
 8001d9a:	686b      	ldr	r3, [r5, #4]
 8001d9c:	4642      	mov	r2, r8
 8001d9e:	4631      	mov	r1, r6
 8001da0:	4648      	mov	r0, r9
 8001da2:	47a0      	blx	r4
 8001da4:	7528      	strb	r0, [r5, #20]
 8001da6:	e7f1      	b.n	8001d8c <bmp5_set_regs+0x44>
 8001da8:	f04f 33ff 	mov.w	r3, #4294967295
 8001dac:	469a      	mov	sl, r3
 8001dae:	e7f0      	b.n	8001d92 <bmp5_set_regs+0x4a>
 8001db0:	f04f 33ff 	mov.w	r3, #4294967295
 8001db4:	469a      	mov	sl, r3
 8001db6:	e7ec      	b.n	8001d92 <bmp5_set_regs+0x4a>
 8001db8:	f06f 0301 	mvn.w	r3, #1
 8001dbc:	469a      	mov	sl, r3
 8001dbe:	e7e8      	b.n	8001d92 <bmp5_set_regs+0x4a>

08001dc0 <set_deep_standby_mode>:
 8001dc0:	b510      	push	{r4, lr}
 8001dc2:	b082      	sub	sp, #8
 8001dc4:	4603      	mov	r3, r0
 8001dc6:	4604      	mov	r4, r0
 8001dc8:	2201      	movs	r2, #1
 8001dca:	f10d 0107 	add.w	r1, sp, #7
 8001dce:	2037      	movs	r0, #55	@ 0x37
 8001dd0:	f7ff ff86 	bl	8001ce0 <bmp5_get_regs>
 8001dd4:	b108      	cbz	r0, 8001dda <set_deep_standby_mode+0x1a>
 8001dd6:	b002      	add	sp, #8
 8001dd8:	bd10      	pop	{r4, pc}
 8001dda:	f89d 3007 	ldrb.w	r3, [sp, #7]
 8001dde:	f003 027f 	and.w	r2, r3, #127	@ 0x7f
 8001de2:	f88d 2007 	strb.w	r2, [sp, #7]
 8001de6:	f003 0303 	and.w	r3, r3, #3
 8001dea:	f043 0370 	orr.w	r3, r3, #112	@ 0x70
 8001dee:	f88d 3007 	strb.w	r3, [sp, #7]
 8001df2:	4623      	mov	r3, r4
 8001df4:	2201      	movs	r2, #1
 8001df6:	f10d 0107 	add.w	r1, sp, #7
 8001dfa:	2037      	movs	r0, #55	@ 0x37
 8001dfc:	f7ff ffa4 	bl	8001d48 <bmp5_set_regs>
 8001e00:	2800      	cmp	r0, #0
 8001e02:	d1e8      	bne.n	8001dd6 <set_deep_standby_mode+0x16>
 8001e04:	4623      	mov	r3, r4
 8001e06:	2201      	movs	r2, #1
 8001e08:	f10d 0107 	add.w	r1, sp, #7
 8001e0c:	2031      	movs	r0, #49	@ 0x31
 8001e0e:	f7ff ff67 	bl	8001ce0 <bmp5_get_regs>
 8001e12:	2800      	cmp	r0, #0
 8001e14:	d1df      	bne.n	8001dd6 <set_deep_standby_mode+0x16>
 8001e16:	f89d 3007 	ldrb.w	r3, [sp, #7]
 8001e1a:	f003 03c0 	and.w	r3, r3, #192	@ 0xc0
 8001e1e:	f88d 3007 	strb.w	r3, [sp, #7]
 8001e22:	4623      	mov	r3, r4
 8001e24:	2201      	movs	r2, #1
 8001e26:	f10d 0107 	add.w	r1, sp, #7
 8001e2a:	2031      	movs	r0, #49	@ 0x31
 8001e2c:	f7ff ff8c 	bl	8001d48 <bmp5_set_regs>
 8001e30:	2800      	cmp	r0, #0
 8001e32:	d1d0      	bne.n	8001dd6 <set_deep_standby_mode+0x16>
 8001e34:	4623      	mov	r3, r4
 8001e36:	2201      	movs	r2, #1
 8001e38:	f10d 0107 	add.w	r1, sp, #7
 8001e3c:	2018      	movs	r0, #24
 8001e3e:	f7ff ff4f 	bl	8001ce0 <bmp5_get_regs>
 8001e42:	2800      	cmp	r0, #0
 8001e44:	d1c7      	bne.n	8001dd6 <set_deep_standby_mode+0x16>
 8001e46:	f89d 3007 	ldrb.w	r3, [sp, #7]
 8001e4a:	f003 03fc 	and.w	r3, r3, #252	@ 0xfc
 8001e4e:	f88d 3007 	strb.w	r3, [sp, #7]
 8001e52:	4623      	mov	r3, r4
 8001e54:	2201      	movs	r2, #1
 8001e56:	f10d 0107 	add.w	r1, sp, #7
 8001e5a:	2018      	movs	r0, #24
 8001e5c:	f7ff ff74 	bl	8001d48 <bmp5_set_regs>
 8001e60:	e7b9      	b.n	8001dd6 <set_deep_standby_mode+0x16>

08001e62 <set_power_mode>:
 8001e62:	b530      	push	{r4, r5, lr}
 8001e64:	b083      	sub	sp, #12
 8001e66:	4604      	mov	r4, r0
 8001e68:	460b      	mov	r3, r1
 8001e6a:	460d      	mov	r5, r1
 8001e6c:	2201      	movs	r2, #1
 8001e6e:	f10d 0107 	add.w	r1, sp, #7
 8001e72:	2037      	movs	r0, #55	@ 0x37
 8001e74:	f7ff ff34 	bl	8001ce0 <bmp5_get_regs>
 8001e78:	b108      	cbz	r0, 8001e7e <set_power_mode+0x1c>
 8001e7a:	b003      	add	sp, #12
 8001e7c:	bd30      	pop	{r4, r5, pc}
 8001e7e:	f89d 3007 	ldrb.w	r3, [sp, #7]
 8001e82:	f043 0280 	orr.w	r2, r3, #128	@ 0x80
 8001e86:	f88d 2007 	strb.w	r2, [sp, #7]
 8001e8a:	f023 0303 	bic.w	r3, r3, #3
 8001e8e:	f063 037f 	orn	r3, r3, #127	@ 0x7f
 8001e92:	f004 0003 	and.w	r0, r4, #3
 8001e96:	4318      	orrs	r0, r3
 8001e98:	f88d 0007 	strb.w	r0, [sp, #7]
 8001e9c:	462b      	mov	r3, r5
 8001e9e:	2201      	movs	r2, #1
 8001ea0:	f10d 0107 	add.w	r1, sp, #7
 8001ea4:	2037      	movs	r0, #55	@ 0x37
 8001ea6:	f7ff ff4f 	bl	8001d48 <bmp5_set_regs>
 8001eaa:	e7e6      	b.n	8001e7a <set_power_mode+0x18>

08001eac <set_iir_config>:
 8001eac:	b530      	push	{r4, r5, lr}
 8001eae:	b083      	sub	sp, #12
 8001eb0:	4604      	mov	r4, r0
 8001eb2:	460b      	mov	r3, r1
 8001eb4:	460d      	mov	r5, r1
 8001eb6:	2202      	movs	r2, #2
 8001eb8:	a901      	add	r1, sp, #4
 8001eba:	2030      	movs	r0, #48	@ 0x30
 8001ebc:	f7ff ff10 	bl	8001ce0 <bmp5_get_regs>
 8001ec0:	b108      	cbz	r0, 8001ec6 <set_iir_config+0x1a>
 8001ec2:	b003      	add	sp, #12
 8001ec4:	bd30      	pop	{r4, r5, pc}
 8001ec6:	f89d 2004 	ldrb.w	r2, [sp, #4]
 8001eca:	78a3      	ldrb	r3, [r4, #2]
 8001ecc:	00db      	lsls	r3, r3, #3
 8001ece:	f003 0308 	and.w	r3, r3, #8
 8001ed2:	f022 0208 	bic.w	r2, r2, #8
 8001ed6:	431a      	orrs	r2, r3
 8001ed8:	f88d 2004 	strb.w	r2, [sp, #4]
 8001edc:	78e3      	ldrb	r3, [r4, #3]
 8001ede:	015b      	lsls	r3, r3, #5
 8001ee0:	f003 0320 	and.w	r3, r3, #32
 8001ee4:	f022 0220 	bic.w	r2, r2, #32
 8001ee8:	431a      	orrs	r2, r3
 8001eea:	f88d 2004 	strb.w	r2, [sp, #4]
 8001eee:	7923      	ldrb	r3, [r4, #4]
 8001ef0:	009b      	lsls	r3, r3, #2
 8001ef2:	f003 0304 	and.w	r3, r3, #4
 8001ef6:	f022 0204 	bic.w	r2, r2, #4
 8001efa:	431a      	orrs	r2, r3
 8001efc:	f88d 2004 	strb.w	r2, [sp, #4]
 8001f00:	7823      	ldrb	r3, [r4, #0]
 8001f02:	f88d 3005 	strb.w	r3, [sp, #5]
 8001f06:	7862      	ldrb	r2, [r4, #1]
 8001f08:	00d2      	lsls	r2, r2, #3
 8001f0a:	f002 0238 	and.w	r2, r2, #56	@ 0x38
 8001f0e:	f023 0338 	bic.w	r3, r3, #56	@ 0x38
 8001f12:	4313      	orrs	r3, r2
 8001f14:	f88d 3005 	strb.w	r3, [sp, #5]
 8001f18:	462b      	mov	r3, r5
 8001f1a:	2202      	movs	r2, #2
 8001f1c:	a901      	add	r1, sp, #4
 8001f1e:	2030      	movs	r0, #48	@ 0x30
 8001f20:	f7ff ff12 	bl	8001d48 <bmp5_set_regs>
 8001f24:	e7cd      	b.n	8001ec2 <set_iir_config+0x16>

08001f26 <bmp5_get_interrupt_status>:
 8001f26:	b138      	cbz	r0, 8001f38 <bmp5_get_interrupt_status+0x12>
 8001f28:	b508      	push	{r3, lr}
 8001f2a:	460b      	mov	r3, r1
 8001f2c:	4601      	mov	r1, r0
 8001f2e:	2201      	movs	r2, #1
 8001f30:	2027      	movs	r0, #39	@ 0x27
 8001f32:	f7ff fed5 	bl	8001ce0 <bmp5_get_regs>
 8001f36:	bd08      	pop	{r3, pc}
 8001f38:	f04f 30ff 	mov.w	r0, #4294967295
 8001f3c:	4770      	bx	lr

08001f3e <power_up_check>:
 8001f3e:	b510      	push	{r4, lr}
 8001f40:	b082      	sub	sp, #8
 8001f42:	4604      	mov	r4, r0
 8001f44:	4601      	mov	r1, r0
 8001f46:	f10d 0007 	add.w	r0, sp, #7
 8001f4a:	f7ff fef1 	bl	8001d30 <get_nvm_status>
 8001f4e:	b990      	cbnz	r0, 8001f76 <power_up_check+0x38>
 8001f50:	f89d 3007 	ldrb.w	r3, [sp, #7]
 8001f54:	f013 0f02 	tst.w	r3, #2
 8001f58:	d00f      	beq.n	8001f7a <power_up_check+0x3c>
 8001f5a:	f013 0f04 	tst.w	r3, #4
 8001f5e:	d10f      	bne.n	8001f80 <power_up_check+0x42>
 8001f60:	4621      	mov	r1, r4
 8001f62:	f10d 0006 	add.w	r0, sp, #6
 8001f66:	f7ff ffde 	bl	8001f26 <bmp5_get_interrupt_status>
 8001f6a:	b920      	cbnz	r0, 8001f76 <power_up_check+0x38>
 8001f6c:	f89d 3006 	ldrb.w	r3, [sp, #6]
 8001f70:	f013 0f10 	tst.w	r3, #16
 8001f74:	d007      	beq.n	8001f86 <power_up_check+0x48>
 8001f76:	b002      	add	sp, #8
 8001f78:	bd10      	pop	{r4, pc}
 8001f7a:	f06f 0004 	mvn.w	r0, #4
 8001f7e:	e7fa      	b.n	8001f76 <power_up_check+0x38>
 8001f80:	f06f 0004 	mvn.w	r0, #4
 8001f84:	e7f7      	b.n	8001f76 <power_up_check+0x38>
 8001f86:	f06f 0004 	mvn.w	r0, #4
 8001f8a:	e7f4      	b.n	8001f76 <power_up_check+0x38>

08001f8c <bmp5_init>:
 8001f8c:	b510      	push	{r4, lr}
 8001f8e:	b082      	sub	sp, #8
 8001f90:	4604      	mov	r4, r0
 8001f92:	f7ff fe85 	bl	8001ca0 <null_ptr_check>
 8001f96:	4603      	mov	r3, r0
 8001f98:	b918      	cbnz	r0, 8001fa2 <bmp5_init+0x16>
 8001f9a:	7020      	strb	r0, [r4, #0]
 8001f9c:	7d62      	ldrb	r2, [r4, #21]
 8001f9e:	b11a      	cbz	r2, 8001fa8 <bmp5_init+0x1c>
 8001fa0:	b15b      	cbz	r3, 8001fba <bmp5_init+0x2e>
 8001fa2:	4618      	mov	r0, r3
 8001fa4:	b002      	add	sp, #8
 8001fa6:	bd10      	pop	{r4, pc}
 8001fa8:	4623      	mov	r3, r4
 8001faa:	2201      	movs	r2, #1
 8001fac:	f10d 0107 	add.w	r1, sp, #7
 8001fb0:	4610      	mov	r0, r2
 8001fb2:	f7ff fe95 	bl	8001ce0 <bmp5_get_regs>
 8001fb6:	4603      	mov	r3, r0
 8001fb8:	e7f2      	b.n	8001fa0 <bmp5_init+0x14>
 8001fba:	4623      	mov	r3, r4
 8001fbc:	2201      	movs	r2, #1
 8001fbe:	f10d 0106 	add.w	r1, sp, #6
 8001fc2:	4610      	mov	r0, r2
 8001fc4:	f7ff fe8c 	bl	8001ce0 <bmp5_get_regs>
 8001fc8:	4603      	mov	r3, r0
 8001fca:	2800      	cmp	r0, #0
 8001fcc:	d1e9      	bne.n	8001fa2 <bmp5_init+0x16>
 8001fce:	f89d 3006 	ldrb.w	r3, [sp, #6]
 8001fd2:	b163      	cbz	r3, 8001fee <bmp5_init+0x62>
 8001fd4:	4620      	mov	r0, r4
 8001fd6:	f7ff ffb2 	bl	8001f3e <power_up_check>
 8001fda:	4603      	mov	r3, r0
 8001fdc:	2800      	cmp	r0, #0
 8001fde:	d1e0      	bne.n	8001fa2 <bmp5_init+0x16>
 8001fe0:	4621      	mov	r1, r4
 8001fe2:	f89d 0006 	ldrb.w	r0, [sp, #6]
 8001fe6:	f7ff fe70 	bl	8001cca <validate_chip_id>
 8001fea:	4603      	mov	r3, r0
 8001fec:	e7d9      	b.n	8001fa2 <bmp5_init+0x16>
 8001fee:	f06f 0303 	mvn.w	r3, #3
 8001ff2:	e7d6      	b.n	8001fa2 <bmp5_init+0x16>

08001ff4 <bmp5_get_sensor_data>:
 8001ff4:	b570      	push	{r4, r5, r6, lr}
 8001ff6:	b082      	sub	sp, #8
 8001ff8:	4604      	mov	r4, r0
 8001ffa:	460d      	mov	r5, r1
 8001ffc:	4613      	mov	r3, r2
 8001ffe:	4669      	mov	r1, sp
 8002000:	2000      	movs	r0, #0
 8002002:	9000      	str	r0, [sp, #0]
 8002004:	f8ad 0004 	strh.w	r0, [sp, #4]
 8002008:	2206      	movs	r2, #6
 800200a:	201d      	movs	r0, #29
 800200c:	f7ff fe68 	bl	8001ce0 <bmp5_get_regs>
 8002010:	4606      	mov	r6, r0
 8002012:	b9c8      	cbnz	r0, 8002048 <bmp5_get_sensor_data+0x54>
 8002014:	f89d 3002 	ldrb.w	r3, [sp, #2]
 8002018:	f89d 0001 	ldrb.w	r0, [sp, #1]
 800201c:	0200      	lsls	r0, r0, #8
 800201e:	ea40 4003 	orr.w	r0, r0, r3, lsl #16
 8002022:	f89d 3000 	ldrb.w	r3, [sp]
 8002026:	4318      	orrs	r0, r3
 8002028:	f340 0017 	sbfx	r0, r0, #0, #24
 800202c:	f7fe fa32 	bl	8000494 <__aeabi_i2d>
 8002030:	2200      	movs	r2, #0
 8002032:	4b11      	ldr	r3, [pc, #68]	@ (8002078 <bmp5_get_sensor_data+0x84>)
 8002034:	f7fe fa98 	bl	8000568 <__aeabi_dmul>
 8002038:	f7fe fd6e 	bl	8000b18 <__aeabi_d2f>
 800203c:	6060      	str	r0, [r4, #4]
 800203e:	78ab      	ldrb	r3, [r5, #2]
 8002040:	2b01      	cmp	r3, #1
 8002042:	d004      	beq.n	800204e <bmp5_get_sensor_data+0x5a>
 8002044:	2300      	movs	r3, #0
 8002046:	6023      	str	r3, [r4, #0]
 8002048:	4630      	mov	r0, r6
 800204a:	b002      	add	sp, #8
 800204c:	bd70      	pop	{r4, r5, r6, pc}
 800204e:	f89d 2005 	ldrb.w	r2, [sp, #5]
 8002052:	f89d 3004 	ldrb.w	r3, [sp, #4]
 8002056:	021b      	lsls	r3, r3, #8
 8002058:	ea43 4302 	orr.w	r3, r3, r2, lsl #16
 800205c:	f89d 0003 	ldrb.w	r0, [sp, #3]
 8002060:	4318      	orrs	r0, r3
 8002062:	f7fe fa07 	bl	8000474 <__aeabi_ui2d>
 8002066:	2200      	movs	r2, #0
 8002068:	4b04      	ldr	r3, [pc, #16]	@ (800207c <bmp5_get_sensor_data+0x88>)
 800206a:	f7fe fa7d 	bl	8000568 <__aeabi_dmul>
 800206e:	f7fe fd53 	bl	8000b18 <__aeabi_d2f>
 8002072:	6020      	str	r0, [r4, #0]
 8002074:	e7e8      	b.n	8002048 <bmp5_get_sensor_data+0x54>
 8002076:	bf00      	nop
 8002078:	3ef00000 	.word	0x3ef00000
 800207c:	3f900000 	.word	0x3f900000

08002080 <bmp5_int_source_select>:
 8002080:	2800      	cmp	r0, #0
 8002082:	d03a      	beq.n	80020fa <bmp5_int_source_select+0x7a>
 8002084:	b530      	push	{r4, r5, lr}
 8002086:	b083      	sub	sp, #12
 8002088:	460d      	mov	r5, r1
 800208a:	4604      	mov	r4, r0
 800208c:	460b      	mov	r3, r1
 800208e:	2201      	movs	r2, #1
 8002090:	f10d 0107 	add.w	r1, sp, #7
 8002094:	2015      	movs	r0, #21
 8002096:	f7ff fe23 	bl	8001ce0 <bmp5_get_regs>
 800209a:	b108      	cbz	r0, 80020a0 <bmp5_int_source_select+0x20>
 800209c:	b003      	add	sp, #12
 800209e:	bd30      	pop	{r4, r5, pc}
 80020a0:	f89d 3007 	ldrb.w	r3, [sp, #7]
 80020a4:	7822      	ldrb	r2, [r4, #0]
 80020a6:	f002 0201 	and.w	r2, r2, #1
 80020aa:	f023 0301 	bic.w	r3, r3, #1
 80020ae:	431a      	orrs	r2, r3
 80020b0:	f88d 2007 	strb.w	r2, [sp, #7]
 80020b4:	7863      	ldrb	r3, [r4, #1]
 80020b6:	005b      	lsls	r3, r3, #1
 80020b8:	f003 0302 	and.w	r3, r3, #2
 80020bc:	f022 0202 	bic.w	r2, r2, #2
 80020c0:	431a      	orrs	r2, r3
 80020c2:	f88d 2007 	strb.w	r2, [sp, #7]
 80020c6:	78a3      	ldrb	r3, [r4, #2]
 80020c8:	009b      	lsls	r3, r3, #2
 80020ca:	f003 0304 	and.w	r3, r3, #4
 80020ce:	f022 0204 	bic.w	r2, r2, #4
 80020d2:	431a      	orrs	r2, r3
 80020d4:	f88d 2007 	strb.w	r2, [sp, #7]
 80020d8:	78e3      	ldrb	r3, [r4, #3]
 80020da:	00db      	lsls	r3, r3, #3
 80020dc:	f003 0308 	and.w	r3, r3, #8
 80020e0:	f022 0208 	bic.w	r2, r2, #8
 80020e4:	431a      	orrs	r2, r3
 80020e6:	f88d 2007 	strb.w	r2, [sp, #7]
 80020ea:	462b      	mov	r3, r5
 80020ec:	2201      	movs	r2, #1
 80020ee:	f10d 0107 	add.w	r1, sp, #7
 80020f2:	2015      	movs	r0, #21
 80020f4:	f7ff fe28 	bl	8001d48 <bmp5_set_regs>
 80020f8:	e7d0      	b.n	800209c <bmp5_int_source_select+0x1c>
 80020fa:	f04f 30ff 	mov.w	r0, #4294967295
 80020fe:	4770      	bx	lr

08002100 <bmp5_configure_interrupt>:
 8002100:	b5f0      	push	{r4, r5, r6, r7, lr}
 8002102:	b083      	sub	sp, #12
 8002104:	4604      	mov	r4, r0
 8002106:	460d      	mov	r5, r1
 8002108:	4616      	mov	r6, r2
 800210a:	461f      	mov	r7, r3
 800210c:	f04f 0c00 	mov.w	ip, #0
 8002110:	f88d c007 	strb.w	ip, [sp, #7]
 8002114:	f88d c006 	strb.w	ip, [sp, #6]
 8002118:	f88d c005 	strb.w	ip, [sp, #5]
 800211c:	9b08      	ldr	r3, [sp, #32]
 800211e:	2201      	movs	r2, #1
 8002120:	f10d 0107 	add.w	r1, sp, #7
 8002124:	2014      	movs	r0, #20
 8002126:	f7ff fddb 	bl	8001ce0 <bmp5_get_regs>
 800212a:	b108      	cbz	r0, 8002130 <bmp5_configure_interrupt+0x30>
 800212c:	b003      	add	sp, #12
 800212e:	bdf0      	pop	{r4, r5, r6, r7, pc}
 8002130:	9b08      	ldr	r3, [sp, #32]
 8002132:	2201      	movs	r2, #1
 8002134:	f10d 0106 	add.w	r1, sp, #6
 8002138:	2015      	movs	r0, #21
 800213a:	f7ff fe05 	bl	8001d48 <bmp5_set_regs>
 800213e:	2800      	cmp	r0, #0
 8002140:	d1f4      	bne.n	800212c <bmp5_configure_interrupt+0x2c>
 8002142:	9b08      	ldr	r3, [sp, #32]
 8002144:	2201      	movs	r2, #1
 8002146:	f10d 0105 	add.w	r1, sp, #5
 800214a:	2027      	movs	r0, #39	@ 0x27
 800214c:	f7ff fdc8 	bl	8001ce0 <bmp5_get_regs>
 8002150:	2800      	cmp	r0, #0
 8002152:	d1eb      	bne.n	800212c <bmp5_configure_interrupt+0x2c>
 8002154:	f89d 2007 	ldrb.w	r2, [sp, #7]
 8002158:	f022 0201 	bic.w	r2, r2, #1
 800215c:	f004 0301 	and.w	r3, r4, #1
 8002160:	431a      	orrs	r2, r3
 8002162:	f88d 2007 	strb.w	r2, [sp, #7]
 8002166:	006b      	lsls	r3, r5, #1
 8002168:	f003 0302 	and.w	r3, r3, #2
 800216c:	f022 0202 	bic.w	r2, r2, #2
 8002170:	431a      	orrs	r2, r3
 8002172:	f88d 2007 	strb.w	r2, [sp, #7]
 8002176:	00b3      	lsls	r3, r6, #2
 8002178:	f003 0304 	and.w	r3, r3, #4
 800217c:	f022 0204 	bic.w	r2, r2, #4
 8002180:	431a      	orrs	r2, r3
 8002182:	f88d 2007 	strb.w	r2, [sp, #7]
 8002186:	00fb      	lsls	r3, r7, #3
 8002188:	f003 0308 	and.w	r3, r3, #8
 800218c:	f022 0208 	bic.w	r2, r2, #8
 8002190:	431a      	orrs	r2, r3
 8002192:	f88d 2007 	strb.w	r2, [sp, #7]
 8002196:	9b08      	ldr	r3, [sp, #32]
 8002198:	2201      	movs	r2, #1
 800219a:	f10d 0107 	add.w	r1, sp, #7
 800219e:	2014      	movs	r0, #20
 80021a0:	f7ff fdd2 	bl	8001d48 <bmp5_set_regs>
 80021a4:	e7c2      	b.n	800212c <bmp5_configure_interrupt+0x2c>

080021a6 <bmp5_get_osr_odr_press_config>:
 80021a6:	b1d8      	cbz	r0, 80021e0 <bmp5_get_osr_odr_press_config+0x3a>
 80021a8:	b510      	push	{r4, lr}
 80021aa:	b082      	sub	sp, #8
 80021ac:	460b      	mov	r3, r1
 80021ae:	4604      	mov	r4, r0
 80021b0:	2202      	movs	r2, #2
 80021b2:	a901      	add	r1, sp, #4
 80021b4:	2036      	movs	r0, #54	@ 0x36
 80021b6:	f7ff fd93 	bl	8001ce0 <bmp5_get_regs>
 80021ba:	b978      	cbnz	r0, 80021dc <bmp5_get_osr_odr_press_config+0x36>
 80021bc:	f89d 3004 	ldrb.w	r3, [sp, #4]
 80021c0:	f003 0207 	and.w	r2, r3, #7
 80021c4:	7022      	strb	r2, [r4, #0]
 80021c6:	f3c3 02c2 	ubfx	r2, r3, #3, #3
 80021ca:	7062      	strb	r2, [r4, #1]
 80021cc:	f3c3 1380 	ubfx	r3, r3, #6, #1
 80021d0:	70a3      	strb	r3, [r4, #2]
 80021d2:	f89d 3005 	ldrb.w	r3, [sp, #5]
 80021d6:	f3c3 0384 	ubfx	r3, r3, #2, #5
 80021da:	70e3      	strb	r3, [r4, #3]
 80021dc:	b002      	add	sp, #8
 80021de:	bd10      	pop	{r4, pc}
 80021e0:	f04f 30ff 	mov.w	r0, #4294967295
 80021e4:	4770      	bx	lr

080021e6 <bmp5_get_iir_config>:
 80021e6:	b1e8      	cbz	r0, 8002224 <bmp5_get_iir_config+0x3e>
 80021e8:	b510      	push	{r4, lr}
 80021ea:	b082      	sub	sp, #8
 80021ec:	460b      	mov	r3, r1
 80021ee:	4604      	mov	r4, r0
 80021f0:	2202      	movs	r2, #2
 80021f2:	a901      	add	r1, sp, #4
 80021f4:	2030      	movs	r0, #48	@ 0x30
 80021f6:	f7ff fd73 	bl	8001ce0 <bmp5_get_regs>
 80021fa:	f89d 3004 	ldrb.w	r3, [sp, #4]
 80021fe:	f3c3 02c0 	ubfx	r2, r3, #3, #1
 8002202:	70a2      	strb	r2, [r4, #2]
 8002204:	f3c3 1240 	ubfx	r2, r3, #5, #1
 8002208:	70e2      	strb	r2, [r4, #3]
 800220a:	f3c3 0380 	ubfx	r3, r3, #2, #1
 800220e:	7123      	strb	r3, [r4, #4]
 8002210:	f89d 3005 	ldrb.w	r3, [sp, #5]
 8002214:	f003 0207 	and.w	r2, r3, #7
 8002218:	7022      	strb	r2, [r4, #0]
 800221a:	f3c3 03c2 	ubfx	r3, r3, #3, #3
 800221e:	7063      	strb	r3, [r4, #1]
 8002220:	b002      	add	sp, #8
 8002222:	bd10      	pop	{r4, pc}
 8002224:	f04f 30ff 	mov.w	r0, #4294967295
 8002228:	4770      	bx	lr

0800222a <check_deepstandby_mode>:
 800222a:	b530      	push	{r4, r5, lr}
 800222c:	b085      	sub	sp, #20
 800222e:	4605      	mov	r5, r0
 8002230:	460c      	mov	r4, r1
 8002232:	2300      	movs	r3, #0
 8002234:	9302      	str	r3, [sp, #8]
 8002236:	f88d 300c 	strb.w	r3, [sp, #12]
 800223a:	9301      	str	r3, [sp, #4]
 800223c:	460b      	mov	r3, r1
 800223e:	2201      	movs	r2, #1
 8002240:	f10d 010f 	add.w	r1, sp, #15
 8002244:	2018      	movs	r0, #24
 8002246:	f7ff fd4b 	bl	8001ce0 <bmp5_get_regs>
 800224a:	f89d 300f 	ldrb.w	r3, [sp, #15]
 800224e:	f003 0303 	and.w	r3, r3, #3
 8002252:	f88d 300f 	strb.w	r3, [sp, #15]
 8002256:	b180      	cbz	r0, 800227a <check_deepstandby_mode+0x50>
 8002258:	f89d 3007 	ldrb.w	r3, [sp, #7]
 800225c:	2b18      	cmp	r3, #24
 800225e:	d90a      	bls.n	8002276 <check_deepstandby_mode+0x4c>
 8002260:	f89d 300f 	ldrb.w	r3, [sp, #15]
 8002264:	b93b      	cbnz	r3, 8002276 <check_deepstandby_mode+0x4c>
 8002266:	f89d 3008 	ldrb.w	r3, [sp, #8]
 800226a:	b923      	cbnz	r3, 8002276 <check_deepstandby_mode+0x4c>
 800226c:	f89d 3009 	ldrb.w	r3, [sp, #9]
 8002270:	b90b      	cbnz	r3, 8002276 <check_deepstandby_mode+0x4c>
 8002272:	2304      	movs	r3, #4
 8002274:	702b      	strb	r3, [r5, #0]
 8002276:	b005      	add	sp, #20
 8002278:	bd30      	pop	{r4, r5, pc}
 800227a:	4621      	mov	r1, r4
 800227c:	a801      	add	r0, sp, #4
 800227e:	f7ff ff92 	bl	80021a6 <bmp5_get_osr_odr_press_config>
 8002282:	2800      	cmp	r0, #0
 8002284:	d1e8      	bne.n	8002258 <check_deepstandby_mode+0x2e>
 8002286:	4621      	mov	r1, r4
 8002288:	a802      	add	r0, sp, #8
 800228a:	f7ff ffac 	bl	80021e6 <bmp5_get_iir_config>
 800228e:	e7e3      	b.n	8002258 <check_deepstandby_mode+0x2e>

08002290 <bmp5_get_power_mode>:
 8002290:	b388      	cbz	r0, 80022f6 <bmp5_get_power_mode+0x66>
 8002292:	b530      	push	{r4, r5, lr}
 8002294:	b083      	sub	sp, #12
 8002296:	460d      	mov	r5, r1
 8002298:	4604      	mov	r4, r0
 800229a:	460b      	mov	r3, r1
 800229c:	2201      	movs	r2, #1
 800229e:	f10d 0107 	add.w	r1, sp, #7
 80022a2:	2037      	movs	r0, #55	@ 0x37
 80022a4:	f7ff fd1c 	bl	8001ce0 <bmp5_get_regs>
 80022a8:	b958      	cbnz	r0, 80022c2 <bmp5_get_power_mode+0x32>
 80022aa:	f89d 2007 	ldrb.w	r2, [sp, #7]
 80022ae:	f002 0303 	and.w	r3, r2, #3
 80022b2:	2b02      	cmp	r3, #2
 80022b4:	d01c      	beq.n	80022f0 <bmp5_get_power_mode+0x60>
 80022b6:	d809      	bhi.n	80022cc <bmp5_get_power_mode+0x3c>
 80022b8:	b183      	cbz	r3, 80022dc <bmp5_get_power_mode+0x4c>
 80022ba:	2b01      	cmp	r3, #1
 80022bc:	d103      	bne.n	80022c6 <bmp5_get_power_mode+0x36>
 80022be:	2301      	movs	r3, #1
 80022c0:	7023      	strb	r3, [r4, #0]
 80022c2:	b003      	add	sp, #12
 80022c4:	bd30      	pop	{r4, r5, pc}
 80022c6:	f06f 0006 	mvn.w	r0, #6
 80022ca:	e7fa      	b.n	80022c2 <bmp5_get_power_mode+0x32>
 80022cc:	2b03      	cmp	r3, #3
 80022ce:	d102      	bne.n	80022d6 <bmp5_get_power_mode+0x46>
 80022d0:	2303      	movs	r3, #3
 80022d2:	7023      	strb	r3, [r4, #0]
 80022d4:	e7f5      	b.n	80022c2 <bmp5_get_power_mode+0x32>
 80022d6:	f06f 0006 	mvn.w	r0, #6
 80022da:	e7f2      	b.n	80022c2 <bmp5_get_power_mode+0x32>
 80022dc:	09d2      	lsrs	r2, r2, #7
 80022de:	d002      	beq.n	80022e6 <bmp5_get_power_mode+0x56>
 80022e0:	2300      	movs	r3, #0
 80022e2:	7023      	strb	r3, [r4, #0]
 80022e4:	e7ed      	b.n	80022c2 <bmp5_get_power_mode+0x32>
 80022e6:	4629      	mov	r1, r5
 80022e8:	4620      	mov	r0, r4
 80022ea:	f7ff ff9e 	bl	800222a <check_deepstandby_mode>
 80022ee:	e7e8      	b.n	80022c2 <bmp5_get_power_mode+0x32>
 80022f0:	2302      	movs	r3, #2
 80022f2:	7023      	strb	r3, [r4, #0]
 80022f4:	e7e5      	b.n	80022c2 <bmp5_get_power_mode+0x32>
 80022f6:	f04f 30ff 	mov.w	r0, #4294967295
 80022fa:	4770      	bx	lr

080022fc <bmp5_set_power_mode>:
 80022fc:	b570      	push	{r4, r5, r6, lr}
 80022fe:	b082      	sub	sp, #8
 8002300:	4606      	mov	r6, r0
 8002302:	460c      	mov	r4, r1
 8002304:	f10d 0007 	add.w	r0, sp, #7
 8002308:	f7ff ffc2 	bl	8002290 <bmp5_get_power_mode>
 800230c:	4605      	mov	r5, r0
 800230e:	b940      	cbnz	r0, 8002322 <bmp5_set_power_mode+0x26>
 8002310:	f89d 3007 	ldrb.w	r3, [sp, #7]
 8002314:	b943      	cbnz	r3, 8002328 <bmp5_set_power_mode+0x2c>
 8002316:	b925      	cbnz	r5, 8002322 <bmp5_set_power_mode+0x26>
 8002318:	2e03      	cmp	r6, #3
 800231a:	d811      	bhi.n	8002340 <bmp5_set_power_mode+0x44>
 800231c:	b273      	sxtb	r3, r6
 800231e:	b9b3      	cbnz	r3, 800234e <bmp5_set_power_mode+0x52>
 8002320:	b9de      	cbnz	r6, 800235a <bmp5_set_power_mode+0x5e>
 8002322:	4628      	mov	r0, r5
 8002324:	b002      	add	sp, #8
 8002326:	bd70      	pop	{r4, r5, r6, pc}
 8002328:	4621      	mov	r1, r4
 800232a:	f7ff fd9a 	bl	8001e62 <set_power_mode>
 800232e:	4605      	mov	r5, r0
 8002330:	2800      	cmp	r0, #0
 8002332:	d1f6      	bne.n	8002322 <bmp5_set_power_mode+0x26>
 8002334:	6923      	ldr	r3, [r4, #16]
 8002336:	6861      	ldr	r1, [r4, #4]
 8002338:	f640 10c4 	movw	r0, #2500	@ 0x9c4
 800233c:	4798      	blx	r3
 800233e:	e7ea      	b.n	8002316 <bmp5_set_power_mode+0x1a>
 8002340:	2e04      	cmp	r6, #4
 8002342:	d10e      	bne.n	8002362 <bmp5_set_power_mode+0x66>
 8002344:	4620      	mov	r0, r4
 8002346:	f7ff fd3b 	bl	8001dc0 <set_deep_standby_mode>
 800234a:	4605      	mov	r5, r0
 800234c:	e7e9      	b.n	8002322 <bmp5_set_power_mode+0x26>
 800234e:	4621      	mov	r1, r4
 8002350:	4630      	mov	r0, r6
 8002352:	f7ff fd86 	bl	8001e62 <set_power_mode>
 8002356:	4605      	mov	r5, r0
 8002358:	e7e3      	b.n	8002322 <bmp5_set_power_mode+0x26>
 800235a:	f06f 0306 	mvn.w	r3, #6
 800235e:	461d      	mov	r5, r3
 8002360:	e7df      	b.n	8002322 <bmp5_set_power_mode+0x26>
 8002362:	f06f 0306 	mvn.w	r3, #6
 8002366:	461d      	mov	r5, r3
 8002368:	e7db      	b.n	8002322 <bmp5_set_power_mode+0x26>

0800236a <set_standby_mode>:
 800236a:	b510      	push	{r4, lr}
 800236c:	b082      	sub	sp, #8
 800236e:	4601      	mov	r1, r0
 8002370:	4604      	mov	r4, r0
 8002372:	f10d 0007 	add.w	r0, sp, #7
 8002376:	f7ff ff8b 	bl	8002290 <bmp5_get_power_mode>
 800237a:	b918      	cbnz	r0, 8002384 <set_standby_mode+0x1a>
 800237c:	f89d 3007 	ldrb.w	r3, [sp, #7]
 8002380:	2b04      	cmp	r3, #4
 8002382:	d001      	beq.n	8002388 <set_standby_mode+0x1e>
 8002384:	b002      	add	sp, #8
 8002386:	bd10      	pop	{r4, pc}
 8002388:	4621      	mov	r1, r4
 800238a:	2000      	movs	r0, #0
 800238c:	f7ff ffb6 	bl	80022fc <bmp5_set_power_mode>
 8002390:	e7f8      	b.n	8002384 <set_standby_mode+0x1a>

08002392 <bmp5_set_osr_odr_press_config>:
 8002392:	b530      	push	{r4, r5, lr}
 8002394:	b083      	sub	sp, #12
 8002396:	2300      	movs	r3, #0
 8002398:	f8ad 3004 	strh.w	r3, [sp, #4]
 800239c:	2800      	cmp	r0, #0
 800239e:	d043      	beq.n	8002428 <bmp5_set_osr_odr_press_config+0x96>
 80023a0:	460d      	mov	r5, r1
 80023a2:	4604      	mov	r4, r0
 80023a4:	78c3      	ldrb	r3, [r0, #3]
 80023a6:	2b17      	cmp	r3, #23
 80023a8:	d804      	bhi.n	80023b4 <bmp5_set_osr_odr_press_config+0x22>
 80023aa:	4608      	mov	r0, r1
 80023ac:	f7ff ffdd 	bl	800236a <set_standby_mode>
 80023b0:	4603      	mov	r3, r0
 80023b2:	b938      	cbnz	r0, 80023c4 <bmp5_set_osr_odr_press_config+0x32>
 80023b4:	462b      	mov	r3, r5
 80023b6:	2202      	movs	r2, #2
 80023b8:	a901      	add	r1, sp, #4
 80023ba:	2036      	movs	r0, #54	@ 0x36
 80023bc:	f7ff fc90 	bl	8001ce0 <bmp5_get_regs>
 80023c0:	4603      	mov	r3, r0
 80023c2:	b110      	cbz	r0, 80023ca <bmp5_set_osr_odr_press_config+0x38>
 80023c4:	4618      	mov	r0, r3
 80023c6:	b003      	add	sp, #12
 80023c8:	bd30      	pop	{r4, r5, pc}
 80023ca:	f89d 2004 	ldrb.w	r2, [sp, #4]
 80023ce:	7823      	ldrb	r3, [r4, #0]
 80023d0:	f003 0307 	and.w	r3, r3, #7
 80023d4:	f022 0207 	bic.w	r2, r2, #7
 80023d8:	4313      	orrs	r3, r2
 80023da:	f88d 3004 	strb.w	r3, [sp, #4]
 80023de:	7862      	ldrb	r2, [r4, #1]
 80023e0:	00d2      	lsls	r2, r2, #3
 80023e2:	f002 0238 	and.w	r2, r2, #56	@ 0x38
 80023e6:	f023 0338 	bic.w	r3, r3, #56	@ 0x38
 80023ea:	4313      	orrs	r3, r2
 80023ec:	f88d 3004 	strb.w	r3, [sp, #4]
 80023f0:	78a2      	ldrb	r2, [r4, #2]
 80023f2:	0192      	lsls	r2, r2, #6
 80023f4:	f002 0240 	and.w	r2, r2, #64	@ 0x40
 80023f8:	f023 0340 	bic.w	r3, r3, #64	@ 0x40
 80023fc:	4313      	orrs	r3, r2
 80023fe:	f88d 3004 	strb.w	r3, [sp, #4]
 8002402:	f89d 3005 	ldrb.w	r3, [sp, #5]
 8002406:	78e2      	ldrb	r2, [r4, #3]
 8002408:	0092      	lsls	r2, r2, #2
 800240a:	f002 027c 	and.w	r2, r2, #124	@ 0x7c
 800240e:	f023 037c 	bic.w	r3, r3, #124	@ 0x7c
 8002412:	4313      	orrs	r3, r2
 8002414:	f88d 3005 	strb.w	r3, [sp, #5]
 8002418:	462b      	mov	r3, r5
 800241a:	2202      	movs	r2, #2
 800241c:	a901      	add	r1, sp, #4
 800241e:	2036      	movs	r0, #54	@ 0x36
 8002420:	f7ff fc92 	bl	8001d48 <bmp5_set_regs>
 8002424:	4603      	mov	r3, r0
 8002426:	e7cd      	b.n	80023c4 <bmp5_set_osr_odr_press_config+0x32>
 8002428:	f04f 33ff 	mov.w	r3, #4294967295
 800242c:	e7ca      	b.n	80023c4 <bmp5_set_osr_odr_press_config+0x32>

0800242e <bmp5_set_iir_config>:
 800242e:	b388      	cbz	r0, 8002494 <bmp5_set_iir_config+0x66>
 8002430:	b530      	push	{r4, r5, lr}
 8002432:	b083      	sub	sp, #12
 8002434:	460c      	mov	r4, r1
 8002436:	4605      	mov	r5, r0
 8002438:	7803      	ldrb	r3, [r0, #0]
 800243a:	b90b      	cbnz	r3, 8002440 <bmp5_set_iir_config+0x12>
 800243c:	7843      	ldrb	r3, [r0, #1]
 800243e:	b123      	cbz	r3, 800244a <bmp5_set_iir_config+0x1c>
 8002440:	4620      	mov	r0, r4
 8002442:	f7ff ff92 	bl	800236a <set_standby_mode>
 8002446:	4603      	mov	r3, r0
 8002448:	b950      	cbnz	r0, 8002460 <bmp5_set_iir_config+0x32>
 800244a:	4621      	mov	r1, r4
 800244c:	f10d 0007 	add.w	r0, sp, #7
 8002450:	f7ff ff1e 	bl	8002290 <bmp5_get_power_mode>
 8002454:	4603      	mov	r3, r0
 8002456:	b918      	cbnz	r0, 8002460 <bmp5_set_iir_config+0x32>
 8002458:	f89d 2007 	ldrb.w	r2, [sp, #7]
 800245c:	b91a      	cbnz	r2, 8002466 <bmp5_set_iir_config+0x38>
 800245e:	b13b      	cbz	r3, 8002470 <bmp5_set_iir_config+0x42>
 8002460:	4618      	mov	r0, r3
 8002462:	b003      	add	sp, #12
 8002464:	bd30      	pop	{r4, r5, pc}
 8002466:	4621      	mov	r1, r4
 8002468:	f7ff ff48 	bl	80022fc <bmp5_set_power_mode>
 800246c:	4603      	mov	r3, r0
 800246e:	e7f6      	b.n	800245e <bmp5_set_iir_config+0x30>
 8002470:	4621      	mov	r1, r4
 8002472:	4628      	mov	r0, r5
 8002474:	f7ff fd1a 	bl	8001eac <set_iir_config>
 8002478:	4603      	mov	r3, r0
 800247a:	2800      	cmp	r0, #0
 800247c:	d1f0      	bne.n	8002460 <bmp5_set_iir_config+0x32>
 800247e:	f89d 0007 	ldrb.w	r0, [sp, #7]
 8002482:	2800      	cmp	r0, #0
 8002484:	d0ec      	beq.n	8002460 <bmp5_set_iir_config+0x32>
 8002486:	2804      	cmp	r0, #4
 8002488:	d0ea      	beq.n	8002460 <bmp5_set_iir_config+0x32>
 800248a:	4621      	mov	r1, r4
 800248c:	f7ff ff36 	bl	80022fc <bmp5_set_power_mode>
 8002490:	4603      	mov	r3, r0
 8002492:	e7e5      	b.n	8002460 <bmp5_set_iir_config+0x32>
 8002494:	f04f 33ff 	mov.w	r3, #4294967295
 8002498:	4618      	mov	r0, r3
 800249a:	4770      	bx	lr

0800249c <bmp5_delay_us>:
 800249c:	b508      	push	{r3, lr}
 800249e:	f200 33e7 	addw	r3, r0, #999	@ 0x3e7
 80024a2:	4805      	ldr	r0, [pc, #20]	@ (80024b8 <bmp5_delay_us+0x1c>)
 80024a4:	fba0 2003 	umull	r2, r0, r0, r3
 80024a8:	0980      	lsrs	r0, r0, #6
 80024aa:	f5b3 7f7a 	cmp.w	r3, #1000	@ 0x3e8
 80024ae:	d200      	bcs.n	80024b2 <bmp5_delay_us+0x16>
 80024b0:	2001      	movs	r0, #1
 80024b2:	f7fe ffc3 	bl	800143c <HAL_Delay>
 80024b6:	bd08      	pop	{r3, pc}
 80024b8:	10624dd3 	.word	0x10624dd3

080024bc <bmp5_i2c_write>:
 80024bc:	b500      	push	{lr}
 80024be:	b085      	sub	sp, #20
 80024c0:	4b0b      	ldr	r3, [pc, #44]	@ (80024f0 <bmp5_i2c_write+0x34>)
 80024c2:	f893 c000 	ldrb.w	ip, [r3]
 80024c6:	f04f 33ff 	mov.w	r3, #4294967295
 80024ca:	9302      	str	r3, [sp, #8]
 80024cc:	b292      	uxth	r2, r2
 80024ce:	9201      	str	r2, [sp, #4]
 80024d0:	9100      	str	r1, [sp, #0]
 80024d2:	2301      	movs	r3, #1
 80024d4:	4602      	mov	r2, r0
 80024d6:	fa0c f103 	lsl.w	r1, ip, r3
 80024da:	4806      	ldr	r0, [pc, #24]	@ (80024f4 <bmp5_i2c_write+0x38>)
 80024dc:	6800      	ldr	r0, [r0, #0]
 80024de:	f002 f8d8 	bl	8004692 <HAL_I2C_Mem_Write>
 80024e2:	b908      	cbnz	r0, 80024e8 <bmp5_i2c_write+0x2c>
 80024e4:	b005      	add	sp, #20
 80024e6:	bd00      	pop	{pc}
 80024e8:	f06f 0001 	mvn.w	r0, #1
 80024ec:	e7fa      	b.n	80024e4 <bmp5_i2c_write+0x28>
 80024ee:	bf00      	nop
 80024f0:	200003ce 	.word	0x200003ce
 80024f4:	200003d0 	.word	0x200003d0

080024f8 <bmp5_i2c_read>:
 80024f8:	b500      	push	{lr}
 80024fa:	b085      	sub	sp, #20
 80024fc:	4b0b      	ldr	r3, [pc, #44]	@ (800252c <bmp5_i2c_read+0x34>)
 80024fe:	f893 c000 	ldrb.w	ip, [r3]
 8002502:	f04f 33ff 	mov.w	r3, #4294967295
 8002506:	9302      	str	r3, [sp, #8]
 8002508:	b292      	uxth	r2, r2
 800250a:	9201      	str	r2, [sp, #4]
 800250c:	9100      	str	r1, [sp, #0]
 800250e:	2301      	movs	r3, #1
 8002510:	4602      	mov	r2, r0
 8002512:	fa0c f103 	lsl.w	r1, ip, r3
 8002516:	4806      	ldr	r0, [pc, #24]	@ (8002530 <bmp5_i2c_read+0x38>)
 8002518:	6800      	ldr	r0, [r0, #0]
 800251a:	f002 f989 	bl	8004830 <HAL_I2C_Mem_Read>
 800251e:	b908      	cbnz	r0, 8002524 <bmp5_i2c_read+0x2c>
 8002520:	b005      	add	sp, #20
 8002522:	bd00      	pop	{pc}
 8002524:	f06f 0001 	mvn.w	r0, #1
 8002528:	e7fa      	b.n	8002520 <bmp5_i2c_read+0x28>
 800252a:	bf00      	nop
 800252c:	200003ce 	.word	0x200003ce
 8002530:	200003d0 	.word	0x200003d0

08002534 <bmp5_interface_init>:
 8002534:	b180      	cbz	r0, 8002558 <bmp5_interface_init+0x24>
 8002536:	b191      	cbz	r1, 800255e <bmp5_interface_init+0x2a>
 8002538:	4a0a      	ldr	r2, [pc, #40]	@ (8002564 <bmp5_interface_init+0x30>)
 800253a:	6011      	str	r1, [r2, #0]
 800253c:	4a0a      	ldr	r2, [pc, #40]	@ (8002568 <bmp5_interface_init+0x34>)
 800253e:	2146      	movs	r1, #70	@ 0x46
 8002540:	7011      	strb	r1, [r2, #0]
 8002542:	490a      	ldr	r1, [pc, #40]	@ (800256c <bmp5_interface_init+0x38>)
 8002544:	6081      	str	r1, [r0, #8]
 8002546:	490a      	ldr	r1, [pc, #40]	@ (8002570 <bmp5_interface_init+0x3c>)
 8002548:	60c1      	str	r1, [r0, #12]
 800254a:	490a      	ldr	r1, [pc, #40]	@ (8002574 <bmp5_interface_init+0x40>)
 800254c:	6101      	str	r1, [r0, #16]
 800254e:	2101      	movs	r1, #1
 8002550:	7541      	strb	r1, [r0, #21]
 8002552:	6042      	str	r2, [r0, #4]
 8002554:	2000      	movs	r0, #0
 8002556:	4770      	bx	lr
 8002558:	f04f 30ff 	mov.w	r0, #4294967295
 800255c:	4770      	bx	lr
 800255e:	f04f 30ff 	mov.w	r0, #4294967295
 8002562:	4770      	bx	lr
 8002564:	200003d0 	.word	0x200003d0
 8002568:	200003ce 	.word	0x200003ce
 800256c:	080024f9 	.word	0x080024f9
 8002570:	080024bd 	.word	0x080024bd
 8002574:	0800249d 	.word	0x0800249d

08002578 <Custom_STM_App_Notification>:
 8002578:	4770      	bx	lr

0800257a <Custom_APP_Notification>:
 800257a:	4770      	bx	lr

0800257c <Custom_APP_Init>:
 800257c:	4770      	bx	lr

0800257e <aci_gatt_allow_read>:
 800257e:	b508      	push	{r3, lr}
 8002580:	2300      	movs	r3, #0
 8002582:	461a      	mov	r2, r3
 8002584:	4619      	mov	r1, r3
 8002586:	f7ff fa8d 	bl	8001aa4 <aci_gatt_permit_read>
 800258a:	bd08      	pop	{r3, pc}

0800258c <Custom_STM_Event_Handler>:
 800258c:	b510      	push	{r4, lr}
 800258e:	b086      	sub	sp, #24
 8002590:	7843      	ldrb	r3, [r0, #1]
 8002592:	2bff      	cmp	r3, #255	@ 0xff
 8002594:	d004      	beq.n	80025a0 <Custom_STM_Event_Handler+0x14>
 8002596:	2300      	movs	r3, #0
 8002598:	461c      	mov	r4, r3
 800259a:	4620      	mov	r0, r4
 800259c:	b006      	add	sp, #24
 800259e:	bd10      	pop	{r4, pc}
 80025a0:	f8b0 3003 	ldrh.w	r3, [r0, #3]
 80025a4:	f640 4214 	movw	r2, #3092	@ 0xc14
 80025a8:	4293      	cmp	r3, r2
 80025aa:	d047      	beq.n	800263c <Custom_STM_Event_Handler+0xb0>
 80025ac:	f640 421b 	movw	r2, #3099	@ 0xc1b
 80025b0:	4293      	cmp	r3, r2
 80025b2:	d060      	beq.n	8002676 <Custom_STM_Event_Handler+0xea>
 80025b4:	f640 4201 	movw	r2, #3073	@ 0xc01
 80025b8:	4293      	cmp	r3, r2
 80025ba:	d169      	bne.n	8002690 <Custom_STM_Event_Handler+0x104>
 80025bc:	f8b0 2007 	ldrh.w	r2, [r0, #7]
 80025c0:	4b35      	ldr	r3, [pc, #212]	@ (8002698 <Custom_STM_Event_Handler+0x10c>)
 80025c2:	885b      	ldrh	r3, [r3, #2]
 80025c4:	3302      	adds	r3, #2
 80025c6:	429a      	cmp	r2, r3
 80025c8:	d007      	beq.n	80025da <Custom_STM_Event_Handler+0x4e>
 80025ca:	4b33      	ldr	r3, [pc, #204]	@ (8002698 <Custom_STM_Event_Handler+0x10c>)
 80025cc:	889b      	ldrh	r3, [r3, #4]
 80025ce:	3302      	adds	r3, #2
 80025d0:	429a      	cmp	r2, r3
 80025d2:	d01a      	beq.n	800260a <Custom_STM_Event_Handler+0x7e>
 80025d4:	2300      	movs	r3, #0
 80025d6:	461c      	mov	r4, r3
 80025d8:	e7df      	b.n	800259a <Custom_STM_Event_Handler+0xe>
 80025da:	7b43      	ldrb	r3, [r0, #13]
 80025dc:	461c      	mov	r4, r3
 80025de:	b123      	cbz	r3, 80025ea <Custom_STM_Event_Handler+0x5e>
 80025e0:	2b01      	cmp	r3, #1
 80025e2:	d00b      	beq.n	80025fc <Custom_STM_Event_Handler+0x70>
 80025e4:	2301      	movs	r3, #1
 80025e6:	461c      	mov	r4, r3
 80025e8:	e7d7      	b.n	800259a <Custom_STM_Event_Handler+0xe>
 80025ea:	2302      	movs	r3, #2
 80025ec:	f88d 3004 	strb.w	r3, [sp, #4]
 80025f0:	a801      	add	r0, sp, #4
 80025f2:	f7ff ffc1 	bl	8002578 <Custom_STM_App_Notification>
 80025f6:	2301      	movs	r3, #1
 80025f8:	461c      	mov	r4, r3
 80025fa:	e7ce      	b.n	800259a <Custom_STM_Event_Handler+0xe>
 80025fc:	2301      	movs	r3, #1
 80025fe:	f88d 3004 	strb.w	r3, [sp, #4]
 8002602:	a801      	add	r0, sp, #4
 8002604:	f7ff ffb8 	bl	8002578 <Custom_STM_App_Notification>
 8002608:	e7c7      	b.n	800259a <Custom_STM_Event_Handler+0xe>
 800260a:	7b43      	ldrb	r3, [r0, #13]
 800260c:	461c      	mov	r4, r3
 800260e:	b123      	cbz	r3, 800261a <Custom_STM_Event_Handler+0x8e>
 8002610:	2b01      	cmp	r3, #1
 8002612:	d00b      	beq.n	800262c <Custom_STM_Event_Handler+0xa0>
 8002614:	2301      	movs	r3, #1
 8002616:	461c      	mov	r4, r3
 8002618:	e7bf      	b.n	800259a <Custom_STM_Event_Handler+0xe>
 800261a:	2305      	movs	r3, #5
 800261c:	f88d 3004 	strb.w	r3, [sp, #4]
 8002620:	a801      	add	r0, sp, #4
 8002622:	f7ff ffa9 	bl	8002578 <Custom_STM_App_Notification>
 8002626:	2301      	movs	r3, #1
 8002628:	461c      	mov	r4, r3
 800262a:	e7b6      	b.n	800259a <Custom_STM_Event_Handler+0xe>
 800262c:	2304      	movs	r3, #4
 800262e:	f88d 3004 	strb.w	r3, [sp, #4]
 8002632:	eb0d 0003 	add.w	r0, sp, r3
 8002636:	f7ff ff9f 	bl	8002578 <Custom_STM_App_Notification>
 800263a:	e7ae      	b.n	800259a <Custom_STM_Event_Handler+0xe>
 800263c:	f8b0 2007 	ldrh.w	r2, [r0, #7]
 8002640:	4b15      	ldr	r3, [pc, #84]	@ (8002698 <Custom_STM_Event_Handler+0x10c>)
 8002642:	885b      	ldrh	r3, [r3, #2]
 8002644:	3301      	adds	r3, #1
 8002646:	429a      	cmp	r2, r3
 8002648:	d007      	beq.n	800265a <Custom_STM_Event_Handler+0xce>
 800264a:	4b13      	ldr	r3, [pc, #76]	@ (8002698 <Custom_STM_Event_Handler+0x10c>)
 800264c:	889b      	ldrh	r3, [r3, #4]
 800264e:	3301      	adds	r3, #1
 8002650:	429a      	cmp	r2, r3
 8002652:	d009      	beq.n	8002668 <Custom_STM_Event_Handler+0xdc>
 8002654:	2300      	movs	r3, #0
 8002656:	461c      	mov	r4, r3
 8002658:	e79f      	b.n	800259a <Custom_STM_Event_Handler+0xe>
 800265a:	f8b0 0005 	ldrh.w	r0, [r0, #5]
 800265e:	f7ff ff8e 	bl	800257e <aci_gatt_allow_read>
 8002662:	2301      	movs	r3, #1
 8002664:	461c      	mov	r4, r3
 8002666:	e798      	b.n	800259a <Custom_STM_Event_Handler+0xe>
 8002668:	f8b0 0005 	ldrh.w	r0, [r0, #5]
 800266c:	f7ff ff87 	bl	800257e <aci_gatt_allow_read>
 8002670:	2301      	movs	r3, #1
 8002672:	461c      	mov	r4, r3
 8002674:	e791      	b.n	800259a <Custom_STM_Event_Handler+0xe>
 8002676:	2306      	movs	r3, #6
 8002678:	f88d 3004 	strb.w	r3, [sp, #4]
 800267c:	f8b0 3005 	ldrh.w	r3, [r0, #5]
 8002680:	f8ad 3014 	strh.w	r3, [sp, #20]
 8002684:	a801      	add	r0, sp, #4
 8002686:	f7ff ff77 	bl	8002578 <Custom_STM_App_Notification>
 800268a:	2300      	movs	r3, #0
 800268c:	461c      	mov	r4, r3
 800268e:	e784      	b.n	800259a <Custom_STM_Event_Handler+0xe>
 8002690:	2300      	movs	r3, #0
 8002692:	461c      	mov	r4, r3
 8002694:	e781      	b.n	800259a <Custom_STM_Event_Handler+0xe>
 8002696:	bf00      	nop
 8002698:	200003d4 	.word	0x200003d4

0800269c <SVCCTL_InitCustomSvc>:
 800269c:	e92d 4ff0 	stmdb	sp!, {r4, r5, r6, r7, r8, r9, sl, fp, lr}
 80026a0:	b08b      	sub	sp, #44	@ 0x2c
 80026a2:	4860      	ldr	r0, [pc, #384]	@ (8002824 <SVCCTL_InitCustomSvc+0x188>)
 80026a4:	f005 feda 	bl	800845c <SVCCTL_RegisterSvcHandler>
 80026a8:	238f      	movs	r3, #143	@ 0x8f
 80026aa:	f88d 3018 	strb.w	r3, [sp, #24]
 80026ae:	23e5      	movs	r3, #229	@ 0xe5
 80026b0:	f88d 3019 	strb.w	r3, [sp, #25]
 80026b4:	23b3      	movs	r3, #179	@ 0xb3
 80026b6:	f88d 301a 	strb.w	r3, [sp, #26]
 80026ba:	23d5      	movs	r3, #213	@ 0xd5
 80026bc:	f88d 301b 	strb.w	r3, [sp, #27]
 80026c0:	232e      	movs	r3, #46	@ 0x2e
 80026c2:	f88d 301c 	strb.w	r3, [sp, #28]
 80026c6:	237f      	movs	r3, #127	@ 0x7f
 80026c8:	f88d 301d 	strb.w	r3, [sp, #29]
 80026cc:	234a      	movs	r3, #74	@ 0x4a
 80026ce:	f88d 301e 	strb.w	r3, [sp, #30]
 80026d2:	2398      	movs	r3, #152	@ 0x98
 80026d4:	f88d 301f 	strb.w	r3, [sp, #31]
 80026d8:	232a      	movs	r3, #42	@ 0x2a
 80026da:	f88d 3020 	strb.w	r3, [sp, #32]
 80026de:	2348      	movs	r3, #72	@ 0x48
 80026e0:	f88d 3021 	strb.w	r3, [sp, #33]	@ 0x21
 80026e4:	237a      	movs	r3, #122	@ 0x7a
 80026e6:	f88d 3022 	strb.w	r3, [sp, #34]	@ 0x22
 80026ea:	23cc      	movs	r3, #204	@ 0xcc
 80026ec:	f88d 3023 	strb.w	r3, [sp, #35]	@ 0x23
 80026f0:	2400      	movs	r4, #0
 80026f2:	f88d 4024 	strb.w	r4, [sp, #36]	@ 0x24
 80026f6:	f88d 4025 	strb.w	r4, [sp, #37]	@ 0x25
 80026fa:	f88d 4026 	strb.w	r4, [sp, #38]	@ 0x26
 80026fe:	f88d 4027 	strb.w	r4, [sp, #39]	@ 0x27
 8002702:	ae06      	add	r6, sp, #24
 8002704:	4b48      	ldr	r3, [pc, #288]	@ (8002828 <SVCCTL_InitCustomSvc+0x18c>)
 8002706:	9300      	str	r3, [sp, #0]
 8002708:	2307      	movs	r3, #7
 800270a:	2201      	movs	r2, #1
 800270c:	4631      	mov	r1, r6
 800270e:	2002      	movs	r0, #2
 8002710:	f7ff f8b0 	bl	8001874 <aci_gatt_add_service>
 8002714:	f04f 0b19 	mov.w	fp, #25
 8002718:	f88d b018 	strb.w	fp, [sp, #24]
 800271c:	25ed      	movs	r5, #237	@ 0xed
 800271e:	f88d 5019 	strb.w	r5, [sp, #25]
 8002722:	f04f 0a82 	mov.w	sl, #130	@ 0x82
 8002726:	f88d a01a 	strb.w	sl, [sp, #26]
 800272a:	f06f 0351 	mvn.w	r3, #81	@ 0x51
 800272e:	f88d 301b 	strb.w	r3, [sp, #27]
 8002732:	f88d 501c 	strb.w	r5, [sp, #28]
 8002736:	f04f 0221 	mov.w	r2, #33	@ 0x21
 800273a:	f88d 201d 	strb.w	r2, [sp, #29]
 800273e:	f04f 004c 	mov.w	r0, #76	@ 0x4c
 8002742:	f88d 001e 	strb.w	r0, [sp, #30]
 8002746:	f06f 0762 	mvn.w	r7, #98	@ 0x62
 800274a:	f88d 701f 	strb.w	r7, [sp, #31]
 800274e:	f04f 0c41 	mov.w	ip, #65	@ 0x41
 8002752:	f88d c020 	strb.w	ip, [sp, #32]
 8002756:	f04f 0e45 	mov.w	lr, #69	@ 0x45
 800275a:	f88d e021 	strb.w	lr, [sp, #33]	@ 0x21
 800275e:	f04f 0922 	mov.w	r9, #34	@ 0x22
 8002762:	f88d 9022 	strb.w	r9, [sp, #34]	@ 0x22
 8002766:	f04f 088e 	mov.w	r8, #142	@ 0x8e
 800276a:	f88d 8023 	strb.w	r8, [sp, #35]	@ 0x23
 800276e:	f88d 4024 	strb.w	r4, [sp, #36]	@ 0x24
 8002772:	f88d 4025 	strb.w	r4, [sp, #37]	@ 0x25
 8002776:	f88d 4026 	strb.w	r4, [sp, #38]	@ 0x26
 800277a:	f88d 4027 	strb.w	r4, [sp, #39]	@ 0x27
 800277e:	4b2a      	ldr	r3, [pc, #168]	@ (8002828 <SVCCTL_InitCustomSvc+0x18c>)
 8002780:	f833 0b02 	ldrh.w	r0, [r3], #2
 8002784:	9305      	str	r3, [sp, #20]
 8002786:	9404      	str	r4, [sp, #16]
 8002788:	2310      	movs	r3, #16
 800278a:	9303      	str	r3, [sp, #12]
 800278c:	2207      	movs	r2, #7
 800278e:	9202      	str	r2, [sp, #8]
 8002790:	9401      	str	r4, [sp, #4]
 8002792:	2712      	movs	r7, #18
 8002794:	9700      	str	r7, [sp, #0]
 8002796:	4b25      	ldr	r3, [pc, #148]	@ (800282c <SVCCTL_InitCustomSvc+0x190>)
 8002798:	881b      	ldrh	r3, [r3, #0]
 800279a:	4632      	mov	r2, r6
 800279c:	2102      	movs	r1, #2
 800279e:	f7ff f8bd 	bl	800191c <aci_gatt_add_char>
 80027a2:	f88d b018 	strb.w	fp, [sp, #24]
 80027a6:	f88d 5019 	strb.w	r5, [sp, #25]
 80027aa:	f88d a01a 	strb.w	sl, [sp, #26]
 80027ae:	f06f 0151 	mvn.w	r1, #81	@ 0x51
 80027b2:	f88d 101b 	strb.w	r1, [sp, #27]
 80027b6:	f88d 501c 	strb.w	r5, [sp, #28]
 80027ba:	f04f 0121 	mov.w	r1, #33	@ 0x21
 80027be:	f88d 101d 	strb.w	r1, [sp, #29]
 80027c2:	f04f 004c 	mov.w	r0, #76	@ 0x4c
 80027c6:	f88d 001e 	strb.w	r0, [sp, #30]
 80027ca:	f06f 0162 	mvn.w	r1, #98	@ 0x62
 80027ce:	f88d 101f 	strb.w	r1, [sp, #31]
 80027d2:	f04f 0c41 	mov.w	ip, #65	@ 0x41
 80027d6:	f88d c020 	strb.w	ip, [sp, #32]
 80027da:	f04f 0e45 	mov.w	lr, #69	@ 0x45
 80027de:	f88d e021 	strb.w	lr, [sp, #33]	@ 0x21
 80027e2:	f88d 9022 	strb.w	r9, [sp, #34]	@ 0x22
 80027e6:	f88d 8023 	strb.w	r8, [sp, #35]	@ 0x23
 80027ea:	f88d 4024 	strb.w	r4, [sp, #36]	@ 0x24
 80027ee:	f88d 4025 	strb.w	r4, [sp, #37]	@ 0x25
 80027f2:	f88d 4026 	strb.w	r4, [sp, #38]	@ 0x26
 80027f6:	f88d 4027 	strb.w	r4, [sp, #39]	@ 0x27
 80027fa:	4b0b      	ldr	r3, [pc, #44]	@ (8002828 <SVCCTL_InitCustomSvc+0x18c>)
 80027fc:	f833 0b04 	ldrh.w	r0, [r3], #4
 8002800:	9305      	str	r3, [sp, #20]
 8002802:	9404      	str	r4, [sp, #16]
 8002804:	2310      	movs	r3, #16
 8002806:	9303      	str	r3, [sp, #12]
 8002808:	2207      	movs	r2, #7
 800280a:	9202      	str	r2, [sp, #8]
 800280c:	9401      	str	r4, [sp, #4]
 800280e:	9700      	str	r7, [sp, #0]
 8002810:	4b07      	ldr	r3, [pc, #28]	@ (8002830 <SVCCTL_InitCustomSvc+0x194>)
 8002812:	881b      	ldrh	r3, [r3, #0]
 8002814:	4632      	mov	r2, r6
 8002816:	2102      	movs	r1, #2
 8002818:	f7ff f880 	bl	800191c <aci_gatt_add_char>
 800281c:	b00b      	add	sp, #44	@ 0x2c
 800281e:	e8bd 8ff0 	ldmia.w	sp!, {r4, r5, r6, r7, r8, r9, sl, fp, pc}
 8002822:	bf00      	nop
 8002824:	0800258d 	.word	0x0800258d
 8002828:	200003d4 	.word	0x200003d4
 800282c:	20000016 	.word	0x20000016
 8002830:	20000014 	.word	0x20000014

08002834 <MX_GPIO_Init>:
 8002834:	e92d 43f0 	stmdb	sp!, {r4, r5, r6, r7, r8, r9, lr}
 8002838:	b08b      	sub	sp, #44	@ 0x2c
 800283a:	ad05      	add	r5, sp, #20
 800283c:	2400      	movs	r4, #0
 800283e:	9405      	str	r4, [sp, #20]
 8002840:	9406      	str	r4, [sp, #24]
 8002842:	9407      	str	r4, [sp, #28]
 8002844:	9408      	str	r4, [sp, #32]
 8002846:	9409      	str	r4, [sp, #36]	@ 0x24
 8002848:	f04f 43b0 	mov.w	r3, #1476395008	@ 0x58000000
 800284c:	6cda      	ldr	r2, [r3, #76]	@ 0x4c
 800284e:	f042 0204 	orr.w	r2, r2, #4
 8002852:	64da      	str	r2, [r3, #76]	@ 0x4c
 8002854:	6cda      	ldr	r2, [r3, #76]	@ 0x4c
 8002856:	f002 0204 	and.w	r2, r2, #4
 800285a:	9204      	str	r2, [sp, #16]
 800285c:	9a04      	ldr	r2, [sp, #16]
 800285e:	6cda      	ldr	r2, [r3, #76]	@ 0x4c
 8002860:	f042 0202 	orr.w	r2, r2, #2
 8002864:	64da      	str	r2, [r3, #76]	@ 0x4c
 8002866:	6cda      	ldr	r2, [r3, #76]	@ 0x4c
 8002868:	f002 0202 	and.w	r2, r2, #2
 800286c:	9203      	str	r2, [sp, #12]
 800286e:	9a03      	ldr	r2, [sp, #12]
 8002870:	6cda      	ldr	r2, [r3, #76]	@ 0x4c
 8002872:	f042 0201 	orr.w	r2, r2, #1
 8002876:	64da      	str	r2, [r3, #76]	@ 0x4c
 8002878:	6cda      	ldr	r2, [r3, #76]	@ 0x4c
 800287a:	f002 0201 	and.w	r2, r2, #1
 800287e:	9202      	str	r2, [sp, #8]
 8002880:	9a02      	ldr	r2, [sp, #8]
 8002882:	6cda      	ldr	r2, [r3, #76]	@ 0x4c
 8002884:	f042 0208 	orr.w	r2, r2, #8
 8002888:	64da      	str	r2, [r3, #76]	@ 0x4c
 800288a:	6cdb      	ldr	r3, [r3, #76]	@ 0x4c
 800288c:	f003 0308 	and.w	r3, r3, #8
 8002890:	9301      	str	r3, [sp, #4]
 8002892:	9b01      	ldr	r3, [sp, #4]
 8002894:	4f1c      	ldr	r7, [pc, #112]	@ (8002908 <MX_GPIO_Init+0xd4>)
 8002896:	2201      	movs	r2, #1
 8002898:	f44f 5100 	mov.w	r1, #8192	@ 0x2000
 800289c:	4638      	mov	r0, r7
 800289e:	f001 fcb1 	bl	8004204 <HAL_GPIO_WritePin>
 80028a2:	f8df 906c 	ldr.w	r9, [pc, #108]	@ 8002910 <MX_GPIO_Init+0xdc>
 80028a6:	2201      	movs	r2, #1
 80028a8:	2102      	movs	r1, #2
 80028aa:	4648      	mov	r0, r9
 80028ac:	f001 fcaa 	bl	8004204 <HAL_GPIO_WritePin>
 80028b0:	f44f 5300 	mov.w	r3, #8192	@ 0x2000
 80028b4:	9305      	str	r3, [sp, #20]
 80028b6:	2601      	movs	r6, #1
 80028b8:	9606      	str	r6, [sp, #24]
 80028ba:	9607      	str	r6, [sp, #28]
 80028bc:	9408      	str	r4, [sp, #32]
 80028be:	4629      	mov	r1, r5
 80028c0:	4638      	mov	r0, r7
 80028c2:	f001 fbc5 	bl	8004050 <HAL_GPIO_Init>
 80028c6:	9605      	str	r6, [sp, #20]
 80028c8:	f44f 1888 	mov.w	r8, #1114112	@ 0x110000
 80028cc:	f8cd 8018 	str.w	r8, [sp, #24]
 80028d0:	9407      	str	r4, [sp, #28]
 80028d2:	4629      	mov	r1, r5
 80028d4:	4638      	mov	r0, r7
 80028d6:	f001 fbbb 	bl	8004050 <HAL_GPIO_Init>
 80028da:	2302      	movs	r3, #2
 80028dc:	9305      	str	r3, [sp, #20]
 80028de:	9606      	str	r6, [sp, #24]
 80028e0:	9407      	str	r4, [sp, #28]
 80028e2:	2303      	movs	r3, #3
 80028e4:	9308      	str	r3, [sp, #32]
 80028e6:	4629      	mov	r1, r5
 80028e8:	4648      	mov	r0, r9
 80028ea:	f001 fbb1 	bl	8004050 <HAL_GPIO_Init>
 80028ee:	23c0      	movs	r3, #192	@ 0xc0
 80028f0:	9305      	str	r3, [sp, #20]
 80028f2:	f8cd 8018 	str.w	r8, [sp, #24]
 80028f6:	9407      	str	r4, [sp, #28]
 80028f8:	4629      	mov	r1, r5
 80028fa:	4804      	ldr	r0, [pc, #16]	@ (800290c <MX_GPIO_Init+0xd8>)
 80028fc:	f001 fba8 	bl	8004050 <HAL_GPIO_Init>
 8002900:	b00b      	add	sp, #44	@ 0x2c
 8002902:	e8bd 83f0 	ldmia.w	sp!, {r4, r5, r6, r7, r8, r9, pc}
 8002906:	bf00      	nop
 8002908:	48000800 	.word	0x48000800
 800290c:	48000400 	.word	0x48000400
 8002910:	48000c00 	.word	0x48000c00

08002914 <NotifyCmdStatus>:
 8002914:	b508      	push	{r3, lr}
 8002916:	b920      	cbnz	r0, 8002922 <NotifyCmdStatus+0xe>
 8002918:	4b05      	ldr	r3, [pc, #20]	@ (8002930 <NotifyCmdStatus+0x1c>)
 800291a:	681b      	ldr	r3, [r3, #0]
 800291c:	b103      	cbz	r3, 8002920 <NotifyCmdStatus+0xc>
 800291e:	4798      	blx	r3
 8002920:	bd08      	pop	{r3, pc}
 8002922:	4b03      	ldr	r3, [pc, #12]	@ (8002930 <NotifyCmdStatus+0x1c>)
 8002924:	681b      	ldr	r3, [r3, #0]
 8002926:	2b00      	cmp	r3, #0
 8002928:	d0fa      	beq.n	8002920 <NotifyCmdStatus+0xc>
 800292a:	2001      	movs	r0, #1
 800292c:	4798      	blx	r3
 800292e:	e7f7      	b.n	8002920 <NotifyCmdStatus+0xc>
 8002930:	200003dc 	.word	0x200003dc

08002934 <TlInit>:
 8002934:	b510      	push	{r4, lr}
 8002936:	b084      	sub	sp, #16
 8002938:	4604      	mov	r4, r0
 800293a:	480a      	ldr	r0, [pc, #40]	@ (8002964 <TlInit+0x30>)
 800293c:	f005 fd0a 	bl	8008354 <LST_init_head>
 8002940:	4b09      	ldr	r3, [pc, #36]	@ (8002968 <TlInit+0x34>)
 8002942:	601c      	str	r4, [r3, #0]
 8002944:	4809      	ldr	r0, [pc, #36]	@ (800296c <TlInit+0x38>)
 8002946:	f005 fd05 	bl	8008354 <LST_init_head>
 800294a:	4b09      	ldr	r3, [pc, #36]	@ (8002970 <TlInit+0x3c>)
 800294c:	2201      	movs	r2, #1
 800294e:	701a      	strb	r2, [r3, #0]
 8002950:	4b08      	ldr	r3, [pc, #32]	@ (8002974 <TlInit+0x40>)
 8002952:	681b      	ldr	r3, [r3, #0]
 8002954:	b123      	cbz	r3, 8002960 <TlInit+0x2c>
 8002956:	9402      	str	r4, [sp, #8]
 8002958:	4a07      	ldr	r2, [pc, #28]	@ (8002978 <TlInit+0x44>)
 800295a:	9200      	str	r2, [sp, #0]
 800295c:	4668      	mov	r0, sp
 800295e:	4798      	blx	r3
 8002960:	b004      	add	sp, #16
 8002962:	bd10      	pop	{r4, pc}
 8002964:	200003e0 	.word	0x200003e0
 8002968:	200002e8 	.word	0x200002e8
 800296c:	200002ec 	.word	0x200002ec
 8002970:	200002e4 	.word	0x200002e4
 8002974:	200003e8 	.word	0x200003e8
 8002978:	08002afd 	.word	0x08002afd

0800297c <SendCmd>:
 800297c:	b508      	push	{r3, lr}
 800297e:	460b      	mov	r3, r1
 8002980:	4611      	mov	r1, r2
 8002982:	4a09      	ldr	r2, [pc, #36]	@ (80029a8 <SendCmd+0x2c>)
 8002984:	f8d2 c000 	ldr.w	ip, [r2]
 8002988:	f8ac 0009 	strh.w	r0, [ip, #9]
 800298c:	f88c 300b 	strb.w	r3, [ip, #11]
 8002990:	461a      	mov	r2, r3
 8002992:	f10c 000c 	add.w	r0, ip, #12
 8002996:	f008 f8a4 	bl	800aae2 <memcpy>
 800299a:	4b04      	ldr	r3, [pc, #16]	@ (80029ac <SendCmd+0x30>)
 800299c:	691b      	ldr	r3, [r3, #16]
 800299e:	2100      	movs	r1, #0
 80029a0:	4608      	mov	r0, r1
 80029a2:	4798      	blx	r3
 80029a4:	bd08      	pop	{r3, pc}
 80029a6:	bf00      	nop
 80029a8:	200002e8 	.word	0x200002e8
 80029ac:	200003e8 	.word	0x200003e8

080029b0 <hci_init>:
 80029b0:	b510      	push	{r4, lr}
 80029b2:	460c      	mov	r4, r1
 80029b4:	684a      	ldr	r2, [r1, #4]
 80029b6:	4b05      	ldr	r3, [pc, #20]	@ (80029cc <hci_init+0x1c>)
 80029b8:	601a      	str	r2, [r3, #0]
 80029ba:	4b05      	ldr	r3, [pc, #20]	@ (80029d0 <hci_init+0x20>)
 80029bc:	61d8      	str	r0, [r3, #28]
 80029be:	4618      	mov	r0, r3
 80029c0:	f000 f8b6 	bl	8002b30 <hci_register_io_bus>
 80029c4:	6820      	ldr	r0, [r4, #0]
 80029c6:	f7ff ffb5 	bl	8002934 <TlInit>
 80029ca:	bd10      	pop	{r4, pc}
 80029cc:	200003dc 	.word	0x200003dc
 80029d0:	200003e8 	.word	0x200003e8

080029d4 <hci_user_evt_proc>:
 80029d4:	b500      	push	{lr}
 80029d6:	b085      	sub	sp, #20
 80029d8:	481a      	ldr	r0, [pc, #104]	@ (8002a44 <hci_user_evt_proc+0x70>)
 80029da:	f005 fcbe 	bl	800835a <LST_is_empty>
 80029de:	b910      	cbnz	r0, 80029e6 <hci_user_evt_proc+0x12>
 80029e0:	4b19      	ldr	r3, [pc, #100]	@ (8002a48 <hci_user_evt_proc+0x74>)
 80029e2:	781b      	ldrb	r3, [r3, #0]
 80029e4:	b943      	cbnz	r3, 80029f8 <hci_user_evt_proc+0x24>
 80029e6:	4817      	ldr	r0, [pc, #92]	@ (8002a44 <hci_user_evt_proc+0x70>)
 80029e8:	f005 fcb7 	bl	800835a <LST_is_empty>
 80029ec:	b910      	cbnz	r0, 80029f4 <hci_user_evt_proc+0x20>
 80029ee:	4b16      	ldr	r3, [pc, #88]	@ (8002a48 <hci_user_evt_proc+0x74>)
 80029f0:	781b      	ldrb	r3, [r3, #0]
 80029f2:	bb1b      	cbnz	r3, 8002a3c <hci_user_evt_proc+0x68>
 80029f4:	b005      	add	sp, #20
 80029f6:	bd00      	pop	{pc}
 80029f8:	a903      	add	r1, sp, #12
 80029fa:	4812      	ldr	r0, [pc, #72]	@ (8002a44 <hci_user_evt_proc+0x70>)
 80029fc:	f005 fcdd 	bl	80083ba <LST_remove_head>
 8002a00:	4b12      	ldr	r3, [pc, #72]	@ (8002a4c <hci_user_evt_proc+0x78>)
 8002a02:	69db      	ldr	r3, [r3, #28]
 8002a04:	b18b      	cbz	r3, 8002a2a <hci_user_evt_proc+0x56>
 8002a06:	9a03      	ldr	r2, [sp, #12]
 8002a08:	9202      	str	r2, [sp, #8]
 8002a0a:	2201      	movs	r2, #1
 8002a0c:	f88d 2004 	strb.w	r2, [sp, #4]
 8002a10:	a801      	add	r0, sp, #4
 8002a12:	4798      	blx	r3
 8002a14:	f89d 2004 	ldrb.w	r2, [sp, #4]
 8002a18:	4b0b      	ldr	r3, [pc, #44]	@ (8002a48 <hci_user_evt_proc+0x74>)
 8002a1a:	701a      	strb	r2, [r3, #0]
 8002a1c:	4b0a      	ldr	r3, [pc, #40]	@ (8002a48 <hci_user_evt_proc+0x74>)
 8002a1e:	781b      	ldrb	r3, [r3, #0]
 8002a20:	b13b      	cbz	r3, 8002a32 <hci_user_evt_proc+0x5e>
 8002a22:	9803      	ldr	r0, [sp, #12]
 8002a24:	f005 fef0 	bl	8008808 <TL_MM_EvtDone>
 8002a28:	e7dd      	b.n	80029e6 <hci_user_evt_proc+0x12>
 8002a2a:	4b07      	ldr	r3, [pc, #28]	@ (8002a48 <hci_user_evt_proc+0x74>)
 8002a2c:	2201      	movs	r2, #1
 8002a2e:	701a      	strb	r2, [r3, #0]
 8002a30:	e7f4      	b.n	8002a1c <hci_user_evt_proc+0x48>
 8002a32:	9903      	ldr	r1, [sp, #12]
 8002a34:	4803      	ldr	r0, [pc, #12]	@ (8002a44 <hci_user_evt_proc+0x70>)
 8002a36:	f005 fc9c 	bl	8008372 <LST_insert_head>
 8002a3a:	e7d4      	b.n	80029e6 <hci_user_evt_proc+0x12>
 8002a3c:	4801      	ldr	r0, [pc, #4]	@ (8002a44 <hci_user_evt_proc+0x70>)
 8002a3e:	f7fe fbfb 	bl	8001238 <hci_notify_asynch_evt>
 8002a42:	e7d7      	b.n	80029f4 <hci_user_evt_proc+0x20>
 8002a44:	200002ec 	.word	0x200002ec
 8002a48:	200002e4 	.word	0x200002e4
 8002a4c:	200003e8 	.word	0x200003e8

08002a50 <hci_send_req>:
 8002a50:	b5f0      	push	{r4, r5, r6, r7, lr}
 8002a52:	b083      	sub	sp, #12
 8002a54:	4607      	mov	r7, r0
 8002a56:	2000      	movs	r0, #0
 8002a58:	f7ff ff5c 	bl	8002914 <NotifyCmdStatus>
 8002a5c:	887d      	ldrh	r5, [r7, #2]
 8002a5e:	883b      	ldrh	r3, [r7, #0]
 8002a60:	f3c5 0509 	ubfx	r5, r5, #0, #10
 8002a64:	ea45 2583 	orr.w	r5, r5, r3, lsl #10
 8002a68:	b2ad      	uxth	r5, r5
 8002a6a:	4b22      	ldr	r3, [pc, #136]	@ (8002af4 <hci_send_req+0xa4>)
 8002a6c:	2201      	movs	r2, #1
 8002a6e:	701a      	strb	r2, [r3, #0]
 8002a70:	68ba      	ldr	r2, [r7, #8]
 8002a72:	7b39      	ldrb	r1, [r7, #12]
 8002a74:	4628      	mov	r0, r5
 8002a76:	f7ff ff81 	bl	800297c <SendCmd>
 8002a7a:	2600      	movs	r6, #0
 8002a7c:	2e00      	cmp	r6, #0
 8002a7e:	d133      	bne.n	8002ae8 <hci_send_req+0x98>
 8002a80:	f248 00e8 	movw	r0, #33000	@ 0x80e8
 8002a84:	f7fe fbe3 	bl	800124e <hci_cmd_resp_wait>
 8002a88:	e005      	b.n	8002a96 <hci_send_req+0x46>
 8002a8a:	f8b4 300d 	ldrh.w	r3, [r4, #13]
 8002a8e:	42ab      	cmp	r3, r5
 8002a90:	d016      	beq.n	8002ac0 <hci_send_req+0x70>
 8002a92:	7b23      	ldrb	r3, [r4, #12]
 8002a94:	bb33      	cbnz	r3, 8002ae4 <hci_send_req+0x94>
 8002a96:	4818      	ldr	r0, [pc, #96]	@ (8002af8 <hci_send_req+0xa8>)
 8002a98:	f005 fc5f 	bl	800835a <LST_is_empty>
 8002a9c:	2800      	cmp	r0, #0
 8002a9e:	d1ed      	bne.n	8002a7c <hci_send_req+0x2c>
 8002aa0:	a901      	add	r1, sp, #4
 8002aa2:	4815      	ldr	r0, [pc, #84]	@ (8002af8 <hci_send_req+0xa8>)
 8002aa4:	f005 fc89 	bl	80083ba <LST_remove_head>
 8002aa8:	9c01      	ldr	r4, [sp, #4]
 8002aaa:	7a63      	ldrb	r3, [r4, #9]
 8002aac:	2b0f      	cmp	r3, #15
 8002aae:	d0ec      	beq.n	8002a8a <hci_send_req+0x3a>
 8002ab0:	89a3      	ldrh	r3, [r4, #12]
 8002ab2:	42ab      	cmp	r3, r5
 8002ab4:	d008      	beq.n	8002ac8 <hci_send_req+0x78>
 8002ab6:	7ae3      	ldrb	r3, [r4, #11]
 8002ab8:	2b00      	cmp	r3, #0
 8002aba:	d0ec      	beq.n	8002a96 <hci_send_req+0x46>
 8002abc:	2601      	movs	r6, #1
 8002abe:	e7ea      	b.n	8002a96 <hci_send_req+0x46>
 8002ac0:	693b      	ldr	r3, [r7, #16]
 8002ac2:	7ae2      	ldrb	r2, [r4, #11]
 8002ac4:	701a      	strb	r2, [r3, #0]
 8002ac6:	e7e4      	b.n	8002a92 <hci_send_req+0x42>
 8002ac8:	7aa2      	ldrb	r2, [r4, #10]
 8002aca:	3a03      	subs	r2, #3
 8002acc:	b2d2      	uxtb	r2, r2
 8002ace:	697b      	ldr	r3, [r7, #20]
 8002ad0:	429a      	cmp	r2, r3
 8002ad2:	bfa8      	it	ge
 8002ad4:	461a      	movge	r2, r3
 8002ad6:	617a      	str	r2, [r7, #20]
 8002ad8:	f104 010e 	add.w	r1, r4, #14
 8002adc:	6938      	ldr	r0, [r7, #16]
 8002ade:	f008 f800 	bl	800aae2 <memcpy>
 8002ae2:	e7e8      	b.n	8002ab6 <hci_send_req+0x66>
 8002ae4:	2601      	movs	r6, #1
 8002ae6:	e7d6      	b.n	8002a96 <hci_send_req+0x46>
 8002ae8:	2001      	movs	r0, #1
 8002aea:	f7ff ff13 	bl	8002914 <NotifyCmdStatus>
 8002aee:	2000      	movs	r0, #0
 8002af0:	b003      	add	sp, #12
 8002af2:	bdf0      	pop	{r4, r5, r6, r7, pc}
 8002af4:	200003da 	.word	0x200003da
 8002af8:	200003e0 	.word	0x200003e0

08002afc <TlEvtReceived>:
 8002afc:	b508      	push	{r3, lr}
 8002afe:	4601      	mov	r1, r0
 8002b00:	7a43      	ldrb	r3, [r0, #9]
 8002b02:	3b0e      	subs	r3, #14
 8002b04:	b2db      	uxtb	r3, r3
 8002b06:	2b01      	cmp	r3, #1
 8002b08:	d906      	bls.n	8002b18 <TlEvtReceived+0x1c>
 8002b0a:	4807      	ldr	r0, [pc, #28]	@ (8002b28 <TlEvtReceived+0x2c>)
 8002b0c:	f005 fc3d 	bl	800838a <LST_insert_tail>
 8002b10:	4805      	ldr	r0, [pc, #20]	@ (8002b28 <TlEvtReceived+0x2c>)
 8002b12:	f7fe fb91 	bl	8001238 <hci_notify_asynch_evt>
 8002b16:	bd08      	pop	{r3, pc}
 8002b18:	4804      	ldr	r0, [pc, #16]	@ (8002b2c <TlEvtReceived+0x30>)
 8002b1a:	f005 fc36 	bl	800838a <LST_insert_tail>
 8002b1e:	2000      	movs	r0, #0
 8002b20:	f7fe fb90 	bl	8001244 <hci_cmd_resp_release>
 8002b24:	e7f7      	b.n	8002b16 <TlEvtReceived+0x1a>
 8002b26:	bf00      	nop
 8002b28:	200002ec 	.word	0x200002ec
 8002b2c:	200003e0 	.word	0x200003e0

08002b30 <hci_register_io_bus>:
 8002b30:	4b02      	ldr	r3, [pc, #8]	@ (8002b3c <hci_register_io_bus+0xc>)
 8002b32:	6003      	str	r3, [r0, #0]
 8002b34:	4b02      	ldr	r3, [pc, #8]	@ (8002b40 <hci_register_io_bus+0x10>)
 8002b36:	6103      	str	r3, [r0, #16]
 8002b38:	4770      	bx	lr
 8002b3a:	bf00      	nop
 8002b3c:	08008681 	.word	0x08008681
 8002b40:	080086c9 	.word	0x080086c9

08002b44 <HW_IPCC_MM_FreeBufHandler>:
 8002b44:	b510      	push	{r4, lr}
 8002b46:	f3ef 8210 	mrs	r2, PRIMASK
 8002b4a:	b672      	cpsid	i
 8002b4c:	4c06      	ldr	r4, [pc, #24]	@ (8002b68 <HW_IPCC_MM_FreeBufHandler+0x24>)
 8002b4e:	6863      	ldr	r3, [r4, #4]
 8002b50:	f443 2300 	orr.w	r3, r3, #524288	@ 0x80000
 8002b54:	6063      	str	r3, [r4, #4]
 8002b56:	f382 8810 	msr	PRIMASK, r2
 8002b5a:	4b04      	ldr	r3, [pc, #16]	@ (8002b6c <HW_IPCC_MM_FreeBufHandler+0x28>)
 8002b5c:	681b      	ldr	r3, [r3, #0]
 8002b5e:	4798      	blx	r3
 8002b60:	f44f 2300 	mov.w	r3, #524288	@ 0x80000
 8002b64:	60a3      	str	r3, [r4, #8]
 8002b66:	bd10      	pop	{r4, pc}
 8002b68:	58000c00 	.word	0x58000c00
 8002b6c:	20000408 	.word	0x20000408

08002b70 <HW_IPCC_Enable>:
 8002b70:	b082      	sub	sp, #8
 8002b72:	f04f 43b0 	mov.w	r3, #1476395008	@ 0x58000000
 8002b76:	f8d3 2150 	ldr.w	r2, [r3, #336]	@ 0x150
 8002b7a:	f442 1280 	orr.w	r2, r2, #1048576	@ 0x100000
 8002b7e:	f8c3 2150 	str.w	r2, [r3, #336]	@ 0x150
 8002b82:	f8d3 3150 	ldr.w	r3, [r3, #336]	@ 0x150
 8002b86:	f403 1380 	and.w	r3, r3, #1048576	@ 0x100000
 8002b8a:	9301      	str	r3, [sp, #4]
 8002b8c:	9b01      	ldr	r3, [sp, #4]
 8002b8e:	4b0a      	ldr	r3, [pc, #40]	@ (8002bb8 <HW_IPCC_Enable+0x48>)
 8002b90:	6a1a      	ldr	r2, [r3, #32]
 8002b92:	f442 7200 	orr.w	r2, r2, #512	@ 0x200
 8002b96:	621a      	str	r2, [r3, #32]
 8002b98:	f8d3 20d4 	ldr.w	r2, [r3, #212]	@ 0xd4
 8002b9c:	f442 7200 	orr.w	r2, r2, #512	@ 0x200
 8002ba0:	f8c3 20d4 	str.w	r2, [r3, #212]	@ 0xd4
 8002ba4:	bf40      	sev
 8002ba6:	bf20      	wfe
 8002ba8:	4a04      	ldr	r2, [pc, #16]	@ (8002bbc <HW_IPCC_Enable+0x4c>)
 8002baa:	68d3      	ldr	r3, [r2, #12]
 8002bac:	f443 4300 	orr.w	r3, r3, #32768	@ 0x8000
 8002bb0:	60d3      	str	r3, [r2, #12]
 8002bb2:	b002      	add	sp, #8
 8002bb4:	4770      	bx	lr
 8002bb6:	bf00      	nop
 8002bb8:	58000800 	.word	0x58000800
 8002bbc:	58000400 	.word	0x58000400

08002bc0 <HW_IPCC_Init>:
 8002bc0:	b500      	push	{lr}
 8002bc2:	b083      	sub	sp, #12
 8002bc4:	f04f 43b0 	mov.w	r3, #1476395008	@ 0x58000000
 8002bc8:	6d1a      	ldr	r2, [r3, #80]	@ 0x50
 8002bca:	f442 1280 	orr.w	r2, r2, #1048576	@ 0x100000
 8002bce:	651a      	str	r2, [r3, #80]	@ 0x50
 8002bd0:	6d1b      	ldr	r3, [r3, #80]	@ 0x50
 8002bd2:	f403 1380 	and.w	r3, r3, #1048576	@ 0x100000
 8002bd6:	9301      	str	r3, [sp, #4]
 8002bd8:	9b01      	ldr	r3, [sp, #4]
 8002bda:	4b08      	ldr	r3, [pc, #32]	@ (8002bfc <HW_IPCC_Init+0x3c>)
 8002bdc:	681a      	ldr	r2, [r3, #0]
 8002bde:	f042 0201 	orr.w	r2, r2, #1
 8002be2:	601a      	str	r2, [r3, #0]
 8002be4:	681a      	ldr	r2, [r3, #0]
 8002be6:	f442 3280 	orr.w	r2, r2, #65536	@ 0x10000
 8002bea:	601a      	str	r2, [r3, #0]
 8002bec:	202c      	movs	r0, #44	@ 0x2c
 8002bee:	f001 f9fb 	bl	8003fe8 <HAL_NVIC_EnableIRQ>
 8002bf2:	202d      	movs	r0, #45	@ 0x2d
 8002bf4:	f001 f9f8 	bl	8003fe8 <HAL_NVIC_EnableIRQ>
 8002bf8:	b003      	add	sp, #12
 8002bfa:	bd00      	pop	{pc}
 8002bfc:	58000c00 	.word	0x58000c00

08002c00 <HW_IPCC_BLE_Init>:
 8002c00:	f3ef 8110 	mrs	r1, PRIMASK
 8002c04:	b672      	cpsid	i
 8002c06:	4a04      	ldr	r2, [pc, #16]	@ (8002c18 <HW_IPCC_BLE_Init+0x18>)
 8002c08:	6853      	ldr	r3, [r2, #4]
 8002c0a:	f023 0301 	bic.w	r3, r3, #1
 8002c0e:	6053      	str	r3, [r2, #4]
 8002c10:	f381 8810 	msr	PRIMASK, r1
 8002c14:	4770      	bx	lr
 8002c16:	bf00      	nop
 8002c18:	58000c00 	.word	0x58000c00

08002c1c <HW_IPCC_BLE_SendCmd>:
 8002c1c:	4b02      	ldr	r3, [pc, #8]	@ (8002c28 <HW_IPCC_BLE_SendCmd+0xc>)
 8002c1e:	f44f 3280 	mov.w	r2, #65536	@ 0x10000
 8002c22:	609a      	str	r2, [r3, #8]
 8002c24:	4770      	bx	lr
 8002c26:	bf00      	nop
 8002c28:	58000c00 	.word	0x58000c00

08002c2c <HW_IPCC_BLE_AclDataEvtHandler>:
 8002c2c:	b508      	push	{r3, lr}
 8002c2e:	f3ef 8110 	mrs	r1, PRIMASK
 8002c32:	b672      	cpsid	i
 8002c34:	4a04      	ldr	r2, [pc, #16]	@ (8002c48 <HW_IPCC_BLE_AclDataEvtHandler+0x1c>)
 8002c36:	6853      	ldr	r3, [r2, #4]
 8002c38:	f443 1300 	orr.w	r3, r3, #2097152	@ 0x200000
 8002c3c:	6053      	str	r3, [r2, #4]
 8002c3e:	f381 8810 	msr	PRIMASK, r1
 8002c42:	f005 fd65 	bl	8008710 <HW_IPCC_BLE_AclDataAckNot>
 8002c46:	bd08      	pop	{r3, pc}
 8002c48:	58000c00 	.word	0x58000c00

08002c4c <HW_IPCC_BLE_EvtHandler>:
 8002c4c:	b508      	push	{r3, lr}
 8002c4e:	f005 fd49 	bl	80086e4 <HW_IPCC_BLE_RxEvtNot>
 8002c52:	4b02      	ldr	r3, [pc, #8]	@ (8002c5c <HW_IPCC_BLE_EvtHandler+0x10>)
 8002c54:	2201      	movs	r2, #1
 8002c56:	609a      	str	r2, [r3, #8]
 8002c58:	bd08      	pop	{r3, pc}
 8002c5a:	bf00      	nop
 8002c5c:	58000c00 	.word	0x58000c00

08002c60 <HW_IPCC_SYS_Init>:
 8002c60:	f3ef 8110 	mrs	r1, PRIMASK
 8002c64:	b672      	cpsid	i
 8002c66:	4a04      	ldr	r2, [pc, #16]	@ (8002c78 <HW_IPCC_SYS_Init+0x18>)
 8002c68:	6853      	ldr	r3, [r2, #4]
 8002c6a:	f023 0302 	bic.w	r3, r3, #2
 8002c6e:	6053      	str	r3, [r2, #4]
 8002c70:	f381 8810 	msr	PRIMASK, r1
 8002c74:	4770      	bx	lr
 8002c76:	bf00      	nop
 8002c78:	58000c00 	.word	0x58000c00

08002c7c <HW_IPCC_SYS_SendCmd>:
 8002c7c:	4b06      	ldr	r3, [pc, #24]	@ (8002c98 <HW_IPCC_SYS_SendCmd+0x1c>)
 8002c7e:	f44f 3200 	mov.w	r2, #131072	@ 0x20000
 8002c82:	609a      	str	r2, [r3, #8]
 8002c84:	f3ef 8110 	mrs	r1, PRIMASK
 8002c88:	b672      	cpsid	i
 8002c8a:	685a      	ldr	r2, [r3, #4]
 8002c8c:	f422 3200 	bic.w	r2, r2, #131072	@ 0x20000
 8002c90:	605a      	str	r2, [r3, #4]
 8002c92:	f381 8810 	msr	PRIMASK, r1
 8002c96:	4770      	bx	lr
 8002c98:	58000c00 	.word	0x58000c00

08002c9c <HW_IPCC_SYS_CmdEvtHandler>:
 8002c9c:	b508      	push	{r3, lr}
 8002c9e:	f3ef 8110 	mrs	r1, PRIMASK
 8002ca2:	b672      	cpsid	i
 8002ca4:	4a04      	ldr	r2, [pc, #16]	@ (8002cb8 <HW_IPCC_SYS_CmdEvtHandler+0x1c>)
 8002ca6:	6853      	ldr	r3, [r2, #4]
 8002ca8:	f443 3300 	orr.w	r3, r3, #131072	@ 0x20000
 8002cac:	6053      	str	r3, [r2, #4]
 8002cae:	f381 8810 	msr	PRIMASK, r1
 8002cb2:	f005 fd61 	bl	8008778 <HW_IPCC_SYS_CmdEvtNot>
 8002cb6:	bd08      	pop	{r3, pc}
 8002cb8:	58000c00 	.word	0x58000c00

08002cbc <HW_IPCC_Tx_Handler>:
 8002cbc:	b508      	push	{r3, lr}
 8002cbe:	4b14      	ldr	r3, [pc, #80]	@ (8002d10 <HW_IPCC_Tx_Handler+0x54>)
 8002cc0:	68db      	ldr	r3, [r3, #12]
 8002cc2:	f013 0f02 	tst.w	r3, #2
 8002cc6:	d104      	bne.n	8002cd2 <HW_IPCC_Tx_Handler+0x16>
 8002cc8:	4b11      	ldr	r3, [pc, #68]	@ (8002d10 <HW_IPCC_Tx_Handler+0x54>)
 8002cca:	685b      	ldr	r3, [r3, #4]
 8002ccc:	f413 3f00 	tst.w	r3, #131072	@ 0x20000
 8002cd0:	d014      	beq.n	8002cfc <HW_IPCC_Tx_Handler+0x40>
 8002cd2:	4b0f      	ldr	r3, [pc, #60]	@ (8002d10 <HW_IPCC_Tx_Handler+0x54>)
 8002cd4:	68db      	ldr	r3, [r3, #12]
 8002cd6:	f013 0f08 	tst.w	r3, #8
 8002cda:	d104      	bne.n	8002ce6 <HW_IPCC_Tx_Handler+0x2a>
 8002cdc:	4b0c      	ldr	r3, [pc, #48]	@ (8002d10 <HW_IPCC_Tx_Handler+0x54>)
 8002cde:	685b      	ldr	r3, [r3, #4]
 8002ce0:	f413 2f00 	tst.w	r3, #524288	@ 0x80000
 8002ce4:	d00d      	beq.n	8002d02 <HW_IPCC_Tx_Handler+0x46>
 8002ce6:	4b0a      	ldr	r3, [pc, #40]	@ (8002d10 <HW_IPCC_Tx_Handler+0x54>)
 8002ce8:	68db      	ldr	r3, [r3, #12]
 8002cea:	f013 0f20 	tst.w	r3, #32
 8002cee:	d104      	bne.n	8002cfa <HW_IPCC_Tx_Handler+0x3e>
 8002cf0:	4b07      	ldr	r3, [pc, #28]	@ (8002d10 <HW_IPCC_Tx_Handler+0x54>)
 8002cf2:	685b      	ldr	r3, [r3, #4]
 8002cf4:	f413 1f00 	tst.w	r3, #2097152	@ 0x200000
 8002cf8:	d006      	beq.n	8002d08 <HW_IPCC_Tx_Handler+0x4c>
 8002cfa:	bd08      	pop	{r3, pc}
 8002cfc:	f7ff ffce 	bl	8002c9c <HW_IPCC_SYS_CmdEvtHandler>
 8002d00:	e7fb      	b.n	8002cfa <HW_IPCC_Tx_Handler+0x3e>
 8002d02:	f7ff ff1f 	bl	8002b44 <HW_IPCC_MM_FreeBufHandler>
 8002d06:	e7f8      	b.n	8002cfa <HW_IPCC_Tx_Handler+0x3e>
 8002d08:	f7ff ff90 	bl	8002c2c <HW_IPCC_BLE_AclDataEvtHandler>
 8002d0c:	e7f5      	b.n	8002cfa <HW_IPCC_Tx_Handler+0x3e>
 8002d0e:	bf00      	nop
 8002d10:	58000c00 	.word	0x58000c00

08002d14 <HW_IPCC_SYS_EvtHandler>:
 8002d14:	b508      	push	{r3, lr}
 8002d16:	f005 fd3d 	bl	8008794 <HW_IPCC_SYS_EvtNot>
 8002d1a:	4b02      	ldr	r3, [pc, #8]	@ (8002d24 <HW_IPCC_SYS_EvtHandler+0x10>)
 8002d1c:	2202      	movs	r2, #2
 8002d1e:	609a      	str	r2, [r3, #8]
 8002d20:	bd08      	pop	{r3, pc}
 8002d22:	bf00      	nop
 8002d24:	58000c00 	.word	0x58000c00

08002d28 <HW_IPCC_MM_SendFreeBuf>:
 8002d28:	b508      	push	{r3, lr}
 8002d2a:	4b0c      	ldr	r3, [pc, #48]	@ (8002d5c <HW_IPCC_MM_SendFreeBuf+0x34>)
 8002d2c:	68db      	ldr	r3, [r3, #12]
 8002d2e:	f013 0f08 	tst.w	r3, #8
 8002d32:	d105      	bne.n	8002d40 <HW_IPCC_MM_SendFreeBuf+0x18>
 8002d34:	4780      	blx	r0
 8002d36:	4b09      	ldr	r3, [pc, #36]	@ (8002d5c <HW_IPCC_MM_SendFreeBuf+0x34>)
 8002d38:	f44f 2200 	mov.w	r2, #524288	@ 0x80000
 8002d3c:	609a      	str	r2, [r3, #8]
 8002d3e:	bd08      	pop	{r3, pc}
 8002d40:	4b07      	ldr	r3, [pc, #28]	@ (8002d60 <HW_IPCC_MM_SendFreeBuf+0x38>)
 8002d42:	6018      	str	r0, [r3, #0]
 8002d44:	f3ef 8110 	mrs	r1, PRIMASK
 8002d48:	b672      	cpsid	i
 8002d4a:	4a04      	ldr	r2, [pc, #16]	@ (8002d5c <HW_IPCC_MM_SendFreeBuf+0x34>)
 8002d4c:	6853      	ldr	r3, [r2, #4]
 8002d4e:	f423 2300 	bic.w	r3, r3, #524288	@ 0x80000
 8002d52:	6053      	str	r3, [r2, #4]
 8002d54:	f381 8810 	msr	PRIMASK, r1
 8002d58:	e7f1      	b.n	8002d3e <HW_IPCC_MM_SendFreeBuf+0x16>
 8002d5a:	bf00      	nop
 8002d5c:	58000c00 	.word	0x58000c00
 8002d60:	20000408 	.word	0x20000408

08002d64 <HW_IPCC_TRACES_Init>:
 8002d64:	f3ef 8110 	mrs	r1, PRIMASK
 8002d68:	b672      	cpsid	i
 8002d6a:	4a04      	ldr	r2, [pc, #16]	@ (8002d7c <HW_IPCC_TRACES_Init+0x18>)
 8002d6c:	6853      	ldr	r3, [r2, #4]
 8002d6e:	f023 0308 	bic.w	r3, r3, #8
 8002d72:	6053      	str	r3, [r2, #4]
 8002d74:	f381 8810 	msr	PRIMASK, r1
 8002d78:	4770      	bx	lr
 8002d7a:	bf00      	nop
 8002d7c:	58000c00 	.word	0x58000c00

08002d80 <HW_IPCC_TRACES_EvtHandler>:
 8002d80:	b508      	push	{r3, lr}
 8002d82:	f005 fd61 	bl	8008848 <HW_IPCC_TRACES_EvtNot>
 8002d86:	4b02      	ldr	r3, [pc, #8]	@ (8002d90 <HW_IPCC_TRACES_EvtHandler+0x10>)
 8002d88:	2208      	movs	r2, #8
 8002d8a:	609a      	str	r2, [r3, #8]
 8002d8c:	bd08      	pop	{r3, pc}
 8002d8e:	bf00      	nop
 8002d90:	58000c00 	.word	0x58000c00

08002d94 <HW_IPCC_Rx_Handler>:
 8002d94:	b508      	push	{r3, lr}
 8002d96:	4b14      	ldr	r3, [pc, #80]	@ (8002de8 <HW_IPCC_Rx_Handler+0x54>)
 8002d98:	69db      	ldr	r3, [r3, #28]
 8002d9a:	f013 0f02 	tst.w	r3, #2
 8002d9e:	d10a      	bne.n	8002db6 <HW_IPCC_Rx_Handler+0x22>
 8002da0:	4b11      	ldr	r3, [pc, #68]	@ (8002de8 <HW_IPCC_Rx_Handler+0x54>)
 8002da2:	69db      	ldr	r3, [r3, #28]
 8002da4:	f013 0f01 	tst.w	r3, #1
 8002da8:	d10d      	bne.n	8002dc6 <HW_IPCC_Rx_Handler+0x32>
 8002daa:	4b0f      	ldr	r3, [pc, #60]	@ (8002de8 <HW_IPCC_Rx_Handler+0x54>)
 8002dac:	69db      	ldr	r3, [r3, #28]
 8002dae:	f013 0f08 	tst.w	r3, #8
 8002db2:	d110      	bne.n	8002dd6 <HW_IPCC_Rx_Handler+0x42>
 8002db4:	bd08      	pop	{r3, pc}
 8002db6:	4b0c      	ldr	r3, [pc, #48]	@ (8002de8 <HW_IPCC_Rx_Handler+0x54>)
 8002db8:	685b      	ldr	r3, [r3, #4]
 8002dba:	f013 0f02 	tst.w	r3, #2
 8002dbe:	d1ef      	bne.n	8002da0 <HW_IPCC_Rx_Handler+0xc>
 8002dc0:	f7ff ffa8 	bl	8002d14 <HW_IPCC_SYS_EvtHandler>
 8002dc4:	e7f6      	b.n	8002db4 <HW_IPCC_Rx_Handler+0x20>
 8002dc6:	4b08      	ldr	r3, [pc, #32]	@ (8002de8 <HW_IPCC_Rx_Handler+0x54>)
 8002dc8:	685b      	ldr	r3, [r3, #4]
 8002dca:	f013 0f01 	tst.w	r3, #1
 8002dce:	d1ec      	bne.n	8002daa <HW_IPCC_Rx_Handler+0x16>
 8002dd0:	f7ff ff3c 	bl	8002c4c <HW_IPCC_BLE_EvtHandler>
 8002dd4:	e7ee      	b.n	8002db4 <HW_IPCC_Rx_Handler+0x20>
 8002dd6:	4b04      	ldr	r3, [pc, #16]	@ (8002de8 <HW_IPCC_Rx_Handler+0x54>)
 8002dd8:	685b      	ldr	r3, [r3, #4]
 8002dda:	f013 0f08 	tst.w	r3, #8
 8002dde:	d1e9      	bne.n	8002db4 <HW_IPCC_Rx_Handler+0x20>
 8002de0:	f7ff ffce 	bl	8002d80 <HW_IPCC_TRACES_EvtHandler>
 8002de4:	e7e6      	b.n	8002db4 <HW_IPCC_Rx_Handler+0x20>
 8002de6:	bf00      	nop
 8002de8:	58000c00 	.word	0x58000c00

08002dec <HW_TS_Init>:
 8002dec:	b510      	push	{r4, lr}
 8002dee:	4b49      	ldr	r3, [pc, #292]	@ (8002f14 <HW_TS_Init+0x128>)
 8002df0:	681b      	ldr	r3, [r3, #0]
 8002df2:	22ca      	movs	r2, #202	@ 0xca
 8002df4:	625a      	str	r2, [r3, #36]	@ 0x24
 8002df6:	2253      	movs	r2, #83	@ 0x53
 8002df8:	625a      	str	r2, [r3, #36]	@ 0x24
 8002dfa:	4b47      	ldr	r3, [pc, #284]	@ (8002f18 <HW_TS_Init+0x12c>)
 8002dfc:	689a      	ldr	r2, [r3, #8]
 8002dfe:	f042 0220 	orr.w	r2, r2, #32
 8002e02:	609a      	str	r2, [r3, #8]
 8002e04:	689a      	ldr	r2, [r3, #8]
 8002e06:	f002 0207 	and.w	r2, r2, #7
 8002e0a:	f1c2 0204 	rsb	r2, r2, #4
 8002e0e:	b2d2      	uxtb	r2, r2
 8002e10:	4942      	ldr	r1, [pc, #264]	@ (8002f1c <HW_TS_Init+0x130>)
 8002e12:	700a      	strb	r2, [r1, #0]
 8002e14:	691b      	ldr	r3, [r3, #16]
 8002e16:	f403 03fe 	and.w	r3, r3, #8323072	@ 0x7f0000
 8002e1a:	f44f 01fe 	mov.w	r1, #8323072	@ 0x7f0000
 8002e1e:	fa91 f1a1 	rbit	r1, r1
 8002e22:	2900      	cmp	r1, #0
 8002e24:	d033      	beq.n	8002e8e <HW_TS_Init+0xa2>
 8002e26:	fab1 f181 	clz	r1, r1
 8002e2a:	40cb      	lsrs	r3, r1
 8002e2c:	b2db      	uxtb	r3, r3
 8002e2e:	3301      	adds	r3, #1
 8002e30:	b2db      	uxtb	r3, r3
 8002e32:	493b      	ldr	r1, [pc, #236]	@ (8002f20 <HW_TS_Init+0x134>)
 8002e34:	700b      	strb	r3, [r1, #0]
 8002e36:	4938      	ldr	r1, [pc, #224]	@ (8002f18 <HW_TS_Init+0x12c>)
 8002e38:	6909      	ldr	r1, [r1, #16]
 8002e3a:	f3c1 010e 	ubfx	r1, r1, #0, #15
 8002e3e:	3101      	adds	r1, #1
 8002e40:	f8df c0f8 	ldr.w	ip, [pc, #248]	@ 8002f3c <HW_TS_Init+0x150>
 8002e44:	f8ac 1000 	strh.w	r1, [ip]
 8002e48:	3901      	subs	r1, #1
 8002e4a:	fb01 f303 	mul.w	r3, r1, r3
 8002e4e:	f5a3 73a0 	sub.w	r3, r3, #320	@ 0x140
 8002e52:	40d3      	lsrs	r3, r2
 8002e54:	f64f 72fe 	movw	r2, #65534	@ 0xfffe
 8002e58:	4293      	cmp	r3, r2
 8002e5a:	d91a      	bls.n	8002e92 <HW_TS_Init+0xa6>
 8002e5c:	4b31      	ldr	r3, [pc, #196]	@ (8002f24 <HW_TS_Init+0x138>)
 8002e5e:	f64f 72ff 	movw	r2, #65535	@ 0xffff
 8002e62:	801a      	strh	r2, [r3, #0]
 8002e64:	4b30      	ldr	r3, [pc, #192]	@ (8002f28 <HW_TS_Init+0x13c>)
 8002e66:	681a      	ldr	r2, [r3, #0]
 8002e68:	f442 2200 	orr.w	r2, r2, #524288	@ 0x80000
 8002e6c:	601a      	str	r2, [r3, #0]
 8002e6e:	f8d3 2080 	ldr.w	r2, [r3, #128]	@ 0x80
 8002e72:	f442 2200 	orr.w	r2, r2, #524288	@ 0x80000
 8002e76:	f8c3 2080 	str.w	r2, [r3, #128]	@ 0x80
 8002e7a:	2800      	cmp	r0, #0
 8002e7c:	d13f      	bne.n	8002efe <HW_TS_Init+0x112>
 8002e7e:	4b2b      	ldr	r3, [pc, #172]	@ (8002f2c <HW_TS_Init+0x140>)
 8002e80:	2201      	movs	r2, #1
 8002e82:	701a      	strb	r2, [r3, #0]
 8002e84:	4b2a      	ldr	r3, [pc, #168]	@ (8002f30 <HW_TS_Init+0x144>)
 8002e86:	f04f 32ff 	mov.w	r2, #4294967295
 8002e8a:	601a      	str	r2, [r3, #0]
 8002e8c:	e00e      	b.n	8002eac <HW_TS_Init+0xc0>
 8002e8e:	2120      	movs	r1, #32
 8002e90:	e7cb      	b.n	8002e2a <HW_TS_Init+0x3e>
 8002e92:	b29b      	uxth	r3, r3
 8002e94:	4a23      	ldr	r2, [pc, #140]	@ (8002f24 <HW_TS_Init+0x138>)
 8002e96:	8013      	strh	r3, [r2, #0]
 8002e98:	e7e4      	b.n	8002e64 <HW_TS_Init+0x78>
 8002e9a:	eb00 0240 	add.w	r2, r0, r0, lsl #1
 8002e9e:	4b25      	ldr	r3, [pc, #148]	@ (8002f34 <HW_TS_Init+0x148>)
 8002ea0:	eb03 03c2 	add.w	r3, r3, r2, lsl #3
 8002ea4:	2200      	movs	r2, #0
 8002ea6:	731a      	strb	r2, [r3, #12]
 8002ea8:	3001      	adds	r0, #1
 8002eaa:	b2c0      	uxtb	r0, r0
 8002eac:	2805      	cmp	r0, #5
 8002eae:	d9f4      	bls.n	8002e9a <HW_TS_Init+0xae>
 8002eb0:	4b21      	ldr	r3, [pc, #132]	@ (8002f38 <HW_TS_Init+0x14c>)
 8002eb2:	2206      	movs	r2, #6
 8002eb4:	701a      	strb	r2, [r3, #0]
 8002eb6:	4c17      	ldr	r4, [pc, #92]	@ (8002f14 <HW_TS_Init+0x128>)
 8002eb8:	6822      	ldr	r2, [r4, #0]
 8002eba:	6893      	ldr	r3, [r2, #8]
 8002ebc:	f423 6380 	bic.w	r3, r3, #1024	@ 0x400
 8002ec0:	6093      	str	r3, [r2, #8]
 8002ec2:	68d3      	ldr	r3, [r2, #12]
 8002ec4:	b2db      	uxtb	r3, r3
 8002ec6:	f463 6390 	orn	r3, r3, #1152	@ 0x480
 8002eca:	60d3      	str	r3, [r2, #12]
 8002ecc:	4b16      	ldr	r3, [pc, #88]	@ (8002f28 <HW_TS_Init+0x13c>)
 8002ece:	f44f 2200 	mov.w	r2, #524288	@ 0x80000
 8002ed2:	60da      	str	r2, [r3, #12]
 8002ed4:	2003      	movs	r0, #3
 8002ed6:	f001 f8ad 	bl	8004034 <HAL_NVIC_ClearPendingIRQ>
 8002eda:	6822      	ldr	r2, [r4, #0]
 8002edc:	6893      	ldr	r3, [r2, #8]
 8002ede:	f443 4380 	orr.w	r3, r3, #16384	@ 0x4000
 8002ee2:	6093      	str	r3, [r2, #8]
 8002ee4:	4b0b      	ldr	r3, [pc, #44]	@ (8002f14 <HW_TS_Init+0x128>)
 8002ee6:	681b      	ldr	r3, [r3, #0]
 8002ee8:	22ff      	movs	r2, #255	@ 0xff
 8002eea:	625a      	str	r2, [r3, #36]	@ 0x24
 8002eec:	2200      	movs	r2, #0
 8002eee:	2103      	movs	r1, #3
 8002ef0:	4608      	mov	r0, r1
 8002ef2:	f001 f869 	bl	8003fc8 <HAL_NVIC_SetPriority>
 8002ef6:	2003      	movs	r0, #3
 8002ef8:	f001 f876 	bl	8003fe8 <HAL_NVIC_EnableIRQ>
 8002efc:	bd10      	pop	{r4, pc}
 8002efe:	4b05      	ldr	r3, [pc, #20]	@ (8002f14 <HW_TS_Init+0x128>)
 8002f00:	681b      	ldr	r3, [r3, #0]
 8002f02:	68db      	ldr	r3, [r3, #12]
 8002f04:	f413 6f80 	tst.w	r3, #1024	@ 0x400
 8002f08:	d0ec      	beq.n	8002ee4 <HW_TS_Init+0xf8>
 8002f0a:	2003      	movs	r0, #3
 8002f0c:	f001 f884 	bl	8004018 <HAL_NVIC_SetPendingIRQ>
 8002f10:	e7e8      	b.n	8002ee4 <HW_TS_Init+0xf8>
 8002f12:	bf00      	nop
 8002f14:	20000690 	.word	0x20000690
 8002f18:	40002800 	.word	0x40002800
 8002f1c:	20000411 	.word	0x20000411
 8002f20:	20000410 	.word	0x20000410
 8002f24:	2000040c 	.word	0x2000040c
 8002f28:	58000800 	.word	0x58000800
 8002f2c:	20000412 	.word	0x20000412
 8002f30:	20000414 	.word	0x20000414
 8002f34:	2000041c 	.word	0x2000041c
 8002f38:	20000418 	.word	0x20000418
 8002f3c:	2000040e 	.word	0x2000040e

08002f40 <MX_I2C1_Init>:
 8002f40:	b508      	push	{r3, lr}
 8002f42:	4812      	ldr	r0, [pc, #72]	@ (8002f8c <MX_I2C1_Init+0x4c>)
 8002f44:	4b12      	ldr	r3, [pc, #72]	@ (8002f90 <MX_I2C1_Init+0x50>)
 8002f46:	6003      	str	r3, [r0, #0]
 8002f48:	4b12      	ldr	r3, [pc, #72]	@ (8002f94 <MX_I2C1_Init+0x54>)
 8002f4a:	6043      	str	r3, [r0, #4]
 8002f4c:	2300      	movs	r3, #0
 8002f4e:	6083      	str	r3, [r0, #8]
 8002f50:	2201      	movs	r2, #1
 8002f52:	60c2      	str	r2, [r0, #12]
 8002f54:	6103      	str	r3, [r0, #16]
 8002f56:	6143      	str	r3, [r0, #20]
 8002f58:	6183      	str	r3, [r0, #24]
 8002f5a:	61c3      	str	r3, [r0, #28]
 8002f5c:	6203      	str	r3, [r0, #32]
 8002f5e:	f001 fb34 	bl	80045ca <HAL_I2C_Init>
 8002f62:	b950      	cbnz	r0, 8002f7a <MX_I2C1_Init+0x3a>
 8002f64:	2100      	movs	r1, #0
 8002f66:	4809      	ldr	r0, [pc, #36]	@ (8002f8c <MX_I2C1_Init+0x4c>)
 8002f68:	f001 fdea 	bl	8004b40 <HAL_I2CEx_ConfigAnalogFilter>
 8002f6c:	b940      	cbnz	r0, 8002f80 <MX_I2C1_Init+0x40>
 8002f6e:	2100      	movs	r1, #0
 8002f70:	4806      	ldr	r0, [pc, #24]	@ (8002f8c <MX_I2C1_Init+0x4c>)
 8002f72:	f001 fe12 	bl	8004b9a <HAL_I2CEx_ConfigDigitalFilter>
 8002f76:	b930      	cbnz	r0, 8002f86 <MX_I2C1_Init+0x46>
 8002f78:	bd08      	pop	{r3, pc}
 8002f7a:	f000 f999 	bl	80032b0 <Error_Handler>
 8002f7e:	e7f1      	b.n	8002f64 <MX_I2C1_Init+0x24>
 8002f80:	f000 f996 	bl	80032b0 <Error_Handler>
 8002f84:	e7f3      	b.n	8002f6e <MX_I2C1_Init+0x2e>
 8002f86:	f000 f993 	bl	80032b0 <Error_Handler>
 8002f8a:	e7f5      	b.n	8002f78 <MX_I2C1_Init+0x38>
 8002f8c:	200004ac 	.word	0x200004ac
 8002f90:	40005400 	.word	0x40005400
 8002f94:	10b17db5 	.word	0x10b17db5

08002f98 <HAL_I2C_MspInit>:
 8002f98:	b510      	push	{r4, lr}
 8002f9a:	b09c      	sub	sp, #112	@ 0x70
 8002f9c:	4604      	mov	r4, r0
 8002f9e:	2100      	movs	r1, #0
 8002fa0:	9117      	str	r1, [sp, #92]	@ 0x5c
 8002fa2:	9118      	str	r1, [sp, #96]	@ 0x60
 8002fa4:	9119      	str	r1, [sp, #100]	@ 0x64
 8002fa6:	911a      	str	r1, [sp, #104]	@ 0x68
 8002fa8:	911b      	str	r1, [sp, #108]	@ 0x6c
 8002faa:	2250      	movs	r2, #80	@ 0x50
 8002fac:	a803      	add	r0, sp, #12
 8002fae:	f007 fd19 	bl	800a9e4 <memset>
 8002fb2:	6822      	ldr	r2, [r4, #0]
 8002fb4:	4b19      	ldr	r3, [pc, #100]	@ (800301c <HAL_I2C_MspInit+0x84>)
 8002fb6:	429a      	cmp	r2, r3
 8002fb8:	d001      	beq.n	8002fbe <HAL_I2C_MspInit+0x26>
 8002fba:	b01c      	add	sp, #112	@ 0x70
 8002fbc:	bd10      	pop	{r4, pc}
 8002fbe:	2304      	movs	r3, #4
 8002fc0:	9303      	str	r3, [sp, #12]
 8002fc2:	f44f 3340 	mov.w	r3, #196608	@ 0x30000
 8002fc6:	930b      	str	r3, [sp, #44]	@ 0x2c
 8002fc8:	a803      	add	r0, sp, #12
 8002fca:	f003 fd2c 	bl	8006a26 <HAL_RCCEx_PeriphCLKConfig>
 8002fce:	bb10      	cbnz	r0, 8003016 <HAL_I2C_MspInit+0x7e>
 8002fd0:	f04f 44b0 	mov.w	r4, #1476395008	@ 0x58000000
 8002fd4:	6ce3      	ldr	r3, [r4, #76]	@ 0x4c
 8002fd6:	f043 0302 	orr.w	r3, r3, #2
 8002fda:	64e3      	str	r3, [r4, #76]	@ 0x4c
 8002fdc:	6ce3      	ldr	r3, [r4, #76]	@ 0x4c
 8002fde:	f003 0302 	and.w	r3, r3, #2
 8002fe2:	9302      	str	r3, [sp, #8]
 8002fe4:	9b02      	ldr	r3, [sp, #8]
 8002fe6:	f44f 7340 	mov.w	r3, #768	@ 0x300
 8002fea:	9317      	str	r3, [sp, #92]	@ 0x5c
 8002fec:	2312      	movs	r3, #18
 8002fee:	9318      	str	r3, [sp, #96]	@ 0x60
 8002ff0:	2300      	movs	r3, #0
 8002ff2:	9319      	str	r3, [sp, #100]	@ 0x64
 8002ff4:	931a      	str	r3, [sp, #104]	@ 0x68
 8002ff6:	2304      	movs	r3, #4
 8002ff8:	931b      	str	r3, [sp, #108]	@ 0x6c
 8002ffa:	a917      	add	r1, sp, #92	@ 0x5c
 8002ffc:	4808      	ldr	r0, [pc, #32]	@ (8003020 <HAL_I2C_MspInit+0x88>)
 8002ffe:	f001 f827 	bl	8004050 <HAL_GPIO_Init>
 8003002:	6da3      	ldr	r3, [r4, #88]	@ 0x58
 8003004:	f443 1300 	orr.w	r3, r3, #2097152	@ 0x200000
 8003008:	65a3      	str	r3, [r4, #88]	@ 0x58
 800300a:	6da3      	ldr	r3, [r4, #88]	@ 0x58
 800300c:	f403 1300 	and.w	r3, r3, #2097152	@ 0x200000
 8003010:	9301      	str	r3, [sp, #4]
 8003012:	9b01      	ldr	r3, [sp, #4]
 8003014:	e7d1      	b.n	8002fba <HAL_I2C_MspInit+0x22>
 8003016:	f000 f94b 	bl	80032b0 <Error_Handler>
 800301a:	e7d9      	b.n	8002fd0 <HAL_I2C_MspInit+0x38>
 800301c:	40005400 	.word	0x40005400
 8003020:	48000400 	.word	0x48000400

08003024 <MX_IPCC_Init>:
 8003024:	b508      	push	{r3, lr}
 8003026:	4805      	ldr	r0, [pc, #20]	@ (800303c <MX_IPCC_Init+0x18>)
 8003028:	4b05      	ldr	r3, [pc, #20]	@ (8003040 <MX_IPCC_Init+0x1c>)
 800302a:	6003      	str	r3, [r0, #0]
 800302c:	f001 fdfe 	bl	8004c2c <HAL_IPCC_Init>
 8003030:	b900      	cbnz	r0, 8003034 <MX_IPCC_Init+0x10>
 8003032:	bd08      	pop	{r3, pc}
 8003034:	f000 f93c 	bl	80032b0 <Error_Handler>
 8003038:	e7fb      	b.n	8003032 <MX_IPCC_Init+0xe>
 800303a:	bf00      	nop
 800303c:	20000500 	.word	0x20000500
 8003040:	58000c00 	.word	0x58000c00

08003044 <HAL_IPCC_MspInit>:
 8003044:	6802      	ldr	r2, [r0, #0]
 8003046:	4b09      	ldr	r3, [pc, #36]	@ (800306c <HAL_IPCC_MspInit+0x28>)
 8003048:	429a      	cmp	r2, r3
 800304a:	d000      	beq.n	800304e <HAL_IPCC_MspInit+0xa>
 800304c:	4770      	bx	lr
 800304e:	b082      	sub	sp, #8
 8003050:	f04f 43b0 	mov.w	r3, #1476395008	@ 0x58000000
 8003054:	6d1a      	ldr	r2, [r3, #80]	@ 0x50
 8003056:	f442 1280 	orr.w	r2, r2, #1048576	@ 0x100000
 800305a:	651a      	str	r2, [r3, #80]	@ 0x50
 800305c:	6d1b      	ldr	r3, [r3, #80]	@ 0x50
 800305e:	f403 1380 	and.w	r3, r3, #1048576	@ 0x100000
 8003062:	9301      	str	r3, [sp, #4]
 8003064:	9b01      	ldr	r3, [sp, #4]
 8003066:	b002      	add	sp, #8
 8003068:	4770      	bx	lr
 800306a:	bf00      	nop
 800306c:	58000c00 	.word	0x58000c00

08003070 <dbg_blink>:
 8003070:	b084      	sub	sp, #16
 8003072:	f04f 42b0 	mov.w	r2, #1476395008	@ 0x58000000
 8003076:	6cd3      	ldr	r3, [r2, #76]	@ 0x4c
 8003078:	f043 0304 	orr.w	r3, r3, #4
 800307c:	64d3      	str	r3, [r2, #76]	@ 0x4c
 800307e:	4a1c      	ldr	r2, [pc, #112]	@ (80030f0 <dbg_blink+0x80>)
 8003080:	6813      	ldr	r3, [r2, #0]
 8003082:	f023 6340 	bic.w	r3, r3, #201326592	@ 0xc000000
 8003086:	f043 6380 	orr.w	r3, r3, #67108864	@ 0x4000000
 800308a:	6013      	str	r3, [r2, #0]
 800308c:	2100      	movs	r1, #0
 800308e:	e015      	b.n	80030bc <dbg_blink+0x4c>
 8003090:	9b01      	ldr	r3, [sp, #4]
 8003092:	3301      	adds	r3, #1
 8003094:	9301      	str	r3, [sp, #4]
 8003096:	9a01      	ldr	r2, [sp, #4]
 8003098:	4b16      	ldr	r3, [pc, #88]	@ (80030f4 <dbg_blink+0x84>)
 800309a:	429a      	cmp	r2, r3
 800309c:	ddf8      	ble.n	8003090 <dbg_blink+0x20>
 800309e:	4b14      	ldr	r3, [pc, #80]	@ (80030f0 <dbg_blink+0x80>)
 80030a0:	f04f 5200 	mov.w	r2, #536870912	@ 0x20000000
 80030a4:	619a      	str	r2, [r3, #24]
 80030a6:	2300      	movs	r3, #0
 80030a8:	9302      	str	r3, [sp, #8]
 80030aa:	e002      	b.n	80030b2 <dbg_blink+0x42>
 80030ac:	9b02      	ldr	r3, [sp, #8]
 80030ae:	3301      	adds	r3, #1
 80030b0:	9302      	str	r3, [sp, #8]
 80030b2:	9a02      	ldr	r2, [sp, #8]
 80030b4:	4b0f      	ldr	r3, [pc, #60]	@ (80030f4 <dbg_blink+0x84>)
 80030b6:	429a      	cmp	r2, r3
 80030b8:	ddf8      	ble.n	80030ac <dbg_blink+0x3c>
 80030ba:	3101      	adds	r1, #1
 80030bc:	4281      	cmp	r1, r0
 80030be:	da06      	bge.n	80030ce <dbg_blink+0x5e>
 80030c0:	4b0b      	ldr	r3, [pc, #44]	@ (80030f0 <dbg_blink+0x80>)
 80030c2:	f44f 5200 	mov.w	r2, #8192	@ 0x2000
 80030c6:	619a      	str	r2, [r3, #24]
 80030c8:	2300      	movs	r3, #0
 80030ca:	9301      	str	r3, [sp, #4]
 80030cc:	e7e3      	b.n	8003096 <dbg_blink+0x26>
 80030ce:	4b08      	ldr	r3, [pc, #32]	@ (80030f0 <dbg_blink+0x80>)
 80030d0:	f44f 5200 	mov.w	r2, #8192	@ 0x2000
 80030d4:	619a      	str	r2, [r3, #24]
 80030d6:	2300      	movs	r3, #0
 80030d8:	9303      	str	r3, [sp, #12]
 80030da:	e002      	b.n	80030e2 <dbg_blink+0x72>
 80030dc:	9b03      	ldr	r3, [sp, #12]
 80030de:	3301      	adds	r3, #1
 80030e0:	9303      	str	r3, [sp, #12]
 80030e2:	9a03      	ldr	r2, [sp, #12]
 80030e4:	4b04      	ldr	r3, [pc, #16]	@ (80030f8 <dbg_blink+0x88>)
 80030e6:	429a      	cmp	r2, r3
 80030e8:	ddf8      	ble.n	80030dc <dbg_blink+0x6c>
 80030ea:	b004      	add	sp, #16
 80030ec:	4770      	bx	lr
 80030ee:	bf00      	nop
 80030f0:	48000800 	.word	0x48000800
 80030f4:	00030d3f 	.word	0x00030d3f
 80030f8:	00061a7f 	.word	0x00061a7f

080030fc <bmp_log>:
 80030fc:	b510      	push	{r4, lr}
 80030fe:	b082      	sub	sp, #8
 8003100:	4603      	mov	r3, r0
 8003102:	4c08      	ldr	r4, [pc, #32]	@ (8003124 <bmp_log+0x28>)
 8003104:	9100      	str	r1, [sp, #0]
 8003106:	4a08      	ldr	r2, [pc, #32]	@ (8003128 <bmp_log+0x2c>)
 8003108:	f44f 7180 	mov.w	r1, #256	@ 0x100
 800310c:	4620      	mov	r0, r4
 800310e:	f007 fbf3 	bl	800a8f8 <sniprintf>
 8003112:	b281      	uxth	r1, r0
 8003114:	4620      	mov	r0, r4
 8003116:	f005 fe77 	bl	8008e08 <CDC_Transmit_FS>
 800311a:	200a      	movs	r0, #10
 800311c:	f7fe f98e 	bl	800143c <HAL_Delay>
 8003120:	b002      	add	sp, #8
 8003122:	bd10      	pop	{r4, pc}
 8003124:	2000053c 	.word	0x2000053c
 8003128:	0800cc14 	.word	0x0800cc14

0800312c <BMP580_Setup>:
 800312c:	b530      	push	{r4, r5, lr}
 800312e:	b087      	sub	sp, #28
 8003130:	494c      	ldr	r1, [pc, #304]	@ (8003264 <BMP580_Setup+0x138>)
 8003132:	484d      	ldr	r0, [pc, #308]	@ (8003268 <BMP580_Setup+0x13c>)
 8003134:	f7ff f9fe 	bl	8002534 <bmp5_interface_init>
 8003138:	4604      	mov	r4, r0
 800313a:	4601      	mov	r1, r0
 800313c:	484b      	ldr	r0, [pc, #300]	@ (800326c <BMP580_Setup+0x140>)
 800313e:	f7ff ffdd 	bl	80030fc <bmp_log>
 8003142:	b114      	cbz	r4, 800314a <BMP580_Setup+0x1e>
 8003144:	4620      	mov	r0, r4
 8003146:	b007      	add	sp, #28
 8003148:	bd30      	pop	{r4, r5, pc}
 800314a:	23b6      	movs	r3, #182	@ 0xb6
 800314c:	f88d 300b 	strb.w	r3, [sp, #11]
 8003150:	4b45      	ldr	r3, [pc, #276]	@ (8003268 <BMP580_Setup+0x13c>)
 8003152:	2201      	movs	r2, #1
 8003154:	f10d 010b 	add.w	r1, sp, #11
 8003158:	207e      	movs	r0, #126	@ 0x7e
 800315a:	f7fe fdf5 	bl	8001d48 <bmp5_set_regs>
 800315e:	4604      	mov	r4, r0
 8003160:	4601      	mov	r1, r0
 8003162:	4843      	ldr	r0, [pc, #268]	@ (8003270 <BMP580_Setup+0x144>)
 8003164:	f7ff ffca 	bl	80030fc <bmp_log>
 8003168:	2c00      	cmp	r4, #0
 800316a:	d1eb      	bne.n	8003144 <BMP580_Setup+0x18>
 800316c:	2005      	movs	r0, #5
 800316e:	f7fe f965 	bl	800143c <HAL_Delay>
 8003172:	4625      	mov	r5, r4
 8003174:	2d02      	cmp	r5, #2
 8003176:	dc0d      	bgt.n	8003194 <BMP580_Setup+0x68>
 8003178:	483b      	ldr	r0, [pc, #236]	@ (8003268 <BMP580_Setup+0x13c>)
 800317a:	f7fe ff07 	bl	8001f8c <bmp5_init>
 800317e:	4604      	mov	r4, r0
 8003180:	4601      	mov	r1, r0
 8003182:	483c      	ldr	r0, [pc, #240]	@ (8003274 <BMP580_Setup+0x148>)
 8003184:	f7ff ffba 	bl	80030fc <bmp_log>
 8003188:	b124      	cbz	r4, 8003194 <BMP580_Setup+0x68>
 800318a:	200a      	movs	r0, #10
 800318c:	f7fe f956 	bl	800143c <HAL_Delay>
 8003190:	3501      	adds	r5, #1
 8003192:	e7ef      	b.n	8003174 <BMP580_Setup+0x48>
 8003194:	2c00      	cmp	r4, #0
 8003196:	d1d5      	bne.n	8003144 <BMP580_Setup+0x18>
 8003198:	4933      	ldr	r1, [pc, #204]	@ (8003268 <BMP580_Setup+0x13c>)
 800319a:	4620      	mov	r0, r4
 800319c:	f7ff f8ae 	bl	80022fc <bmp5_set_power_mode>
 80031a0:	4604      	mov	r4, r0
 80031a2:	4601      	mov	r1, r0
 80031a4:	4834      	ldr	r0, [pc, #208]	@ (8003278 <BMP580_Setup+0x14c>)
 80031a6:	f7ff ffa9 	bl	80030fc <bmp_log>
 80031aa:	2c00      	cmp	r4, #0
 80031ac:	d1ca      	bne.n	8003144 <BMP580_Setup+0x18>
 80031ae:	492e      	ldr	r1, [pc, #184]	@ (8003268 <BMP580_Setup+0x13c>)
 80031b0:	4832      	ldr	r0, [pc, #200]	@ (800327c <BMP580_Setup+0x150>)
 80031b2:	f7fe fff8 	bl	80021a6 <bmp5_get_osr_odr_press_config>
 80031b6:	4604      	mov	r4, r0
 80031b8:	4601      	mov	r1, r0
 80031ba:	4831      	ldr	r0, [pc, #196]	@ (8003280 <BMP580_Setup+0x154>)
 80031bc:	f7ff ff9e 	bl	80030fc <bmp_log>
 80031c0:	2c00      	cmp	r4, #0
 80031c2:	d1bf      	bne.n	8003144 <BMP580_Setup+0x18>
 80031c4:	482d      	ldr	r0, [pc, #180]	@ (800327c <BMP580_Setup+0x150>)
 80031c6:	230f      	movs	r3, #15
 80031c8:	70c3      	strb	r3, [r0, #3]
 80031ca:	2301      	movs	r3, #1
 80031cc:	7083      	strb	r3, [r0, #2]
 80031ce:	2306      	movs	r3, #6
 80031d0:	7003      	strb	r3, [r0, #0]
 80031d2:	2302      	movs	r3, #2
 80031d4:	7043      	strb	r3, [r0, #1]
 80031d6:	4924      	ldr	r1, [pc, #144]	@ (8003268 <BMP580_Setup+0x13c>)
 80031d8:	f7ff f8db 	bl	8002392 <bmp5_set_osr_odr_press_config>
 80031dc:	4604      	mov	r4, r0
 80031de:	4601      	mov	r1, r0
 80031e0:	4828      	ldr	r0, [pc, #160]	@ (8003284 <BMP580_Setup+0x158>)
 80031e2:	f7ff ff8b 	bl	80030fc <bmp_log>
 80031e6:	2c00      	cmp	r4, #0
 80031e8:	d1ac      	bne.n	8003144 <BMP580_Setup+0x18>
 80031ea:	2301      	movs	r3, #1
 80031ec:	f88d 3010 	strb.w	r3, [sp, #16]
 80031f0:	f88d 3011 	strb.w	r3, [sp, #17]
 80031f4:	f88d 3012 	strb.w	r3, [sp, #18]
 80031f8:	f88d 3013 	strb.w	r3, [sp, #19]
 80031fc:	491a      	ldr	r1, [pc, #104]	@ (8003268 <BMP580_Setup+0x13c>)
 80031fe:	a804      	add	r0, sp, #16
 8003200:	f7ff f915 	bl	800242e <bmp5_set_iir_config>
 8003204:	4604      	mov	r4, r0
 8003206:	4601      	mov	r1, r0
 8003208:	481f      	ldr	r0, [pc, #124]	@ (8003288 <BMP580_Setup+0x15c>)
 800320a:	f7ff ff77 	bl	80030fc <bmp_log>
 800320e:	2c00      	cmp	r4, #0
 8003210:	d198      	bne.n	8003144 <BMP580_Setup+0x18>
 8003212:	4b15      	ldr	r3, [pc, #84]	@ (8003268 <BMP580_Setup+0x13c>)
 8003214:	9300      	str	r3, [sp, #0]
 8003216:	2301      	movs	r3, #1
 8003218:	4622      	mov	r2, r4
 800321a:	4619      	mov	r1, r3
 800321c:	4620      	mov	r0, r4
 800321e:	f7fe ff6f 	bl	8002100 <bmp5_configure_interrupt>
 8003222:	4604      	mov	r4, r0
 8003224:	4601      	mov	r1, r0
 8003226:	4819      	ldr	r0, [pc, #100]	@ (800328c <BMP580_Setup+0x160>)
 8003228:	f7ff ff68 	bl	80030fc <bmp_log>
 800322c:	2c00      	cmp	r4, #0
 800322e:	d189      	bne.n	8003144 <BMP580_Setup+0x18>
 8003230:	9403      	str	r4, [sp, #12]
 8003232:	2301      	movs	r3, #1
 8003234:	f88d 300c 	strb.w	r3, [sp, #12]
 8003238:	490b      	ldr	r1, [pc, #44]	@ (8003268 <BMP580_Setup+0x13c>)
 800323a:	a803      	add	r0, sp, #12
 800323c:	f7fe ff20 	bl	8002080 <bmp5_int_source_select>
 8003240:	4604      	mov	r4, r0
 8003242:	4601      	mov	r1, r0
 8003244:	4812      	ldr	r0, [pc, #72]	@ (8003290 <BMP580_Setup+0x164>)
 8003246:	f7ff ff59 	bl	80030fc <bmp_log>
 800324a:	2c00      	cmp	r4, #0
 800324c:	f47f af7a 	bne.w	8003144 <BMP580_Setup+0x18>
 8003250:	4905      	ldr	r1, [pc, #20]	@ (8003268 <BMP580_Setup+0x13c>)
 8003252:	2001      	movs	r0, #1
 8003254:	f7ff f852 	bl	80022fc <bmp5_set_power_mode>
 8003258:	4604      	mov	r4, r0
 800325a:	4601      	mov	r1, r0
 800325c:	480d      	ldr	r0, [pc, #52]	@ (8003294 <BMP580_Setup+0x168>)
 800325e:	f7ff ff4d 	bl	80030fc <bmp_log>
 8003262:	e76f      	b.n	8003144 <BMP580_Setup+0x18>
 8003264:	200004ac 	.word	0x200004ac
 8003268:	20000648 	.word	0x20000648
 800326c:	0800cc24 	.word	0x0800cc24
 8003270:	0800cc38 	.word	0x0800cc38
 8003274:	0800cc4c 	.word	0x0800cc4c
 8003278:	0800cc58 	.word	0x0800cc58
 800327c:	20000644 	.word	0x20000644
 8003280:	0800cc6c 	.word	0x0800cc6c
 8003284:	0800cc7c 	.word	0x0800cc7c
 8003288:	0800cc8c 	.word	0x0800cc8c
 800328c:	0800cc9c 	.word	0x0800cc9c
 8003290:	0800ccb0 	.word	0x0800ccb0
 8003294:	0800ccc4 	.word	0x0800ccc4

08003298 <dbg_print>:
 8003298:	b510      	push	{r4, lr}
 800329a:	4604      	mov	r4, r0
 800329c:	f7fc ffa0 	bl	80001e0 <strlen>
 80032a0:	b281      	uxth	r1, r0
 80032a2:	4620      	mov	r0, r4
 80032a4:	f005 fdb0 	bl	8008e08 <CDC_Transmit_FS>
 80032a8:	200a      	movs	r0, #10
 80032aa:	f7fe f8c7 	bl	800143c <HAL_Delay>
 80032ae:	bd10      	pop	{r4, pc}

080032b0 <Error_Handler>:
 80032b0:	b672      	cpsid	i
 80032b2:	e7fe      	b.n	80032b2 <Error_Handler+0x2>

080032b4 <SystemClock_Config>:
 80032b4:	b530      	push	{r4, r5, lr}
 80032b6:	b09b      	sub	sp, #108	@ 0x6c
 80032b8:	ad08      	add	r5, sp, #32
 80032ba:	2248      	movs	r2, #72	@ 0x48
 80032bc:	2100      	movs	r1, #0
 80032be:	4628      	mov	r0, r5
 80032c0:	f007 fb90 	bl	800a9e4 <memset>
 80032c4:	2400      	movs	r4, #0
 80032c6:	9401      	str	r4, [sp, #4]
 80032c8:	9402      	str	r4, [sp, #8]
 80032ca:	9403      	str	r4, [sp, #12]
 80032cc:	9404      	str	r4, [sp, #16]
 80032ce:	9405      	str	r4, [sp, #20]
 80032d0:	9406      	str	r4, [sp, #24]
 80032d2:	9407      	str	r4, [sp, #28]
 80032d4:	f002 fcf2 	bl	8005cbc <HAL_PWR_EnableBkUpAccess>
 80032d8:	f04f 42b0 	mov.w	r2, #1476395008	@ 0x58000000
 80032dc:	f8d2 3090 	ldr.w	r3, [r2, #144]	@ 0x90
 80032e0:	f023 0318 	bic.w	r3, r3, #24
 80032e4:	f043 0310 	orr.w	r3, r3, #16
 80032e8:	f8c2 3090 	str.w	r3, [r2, #144]	@ 0x90
 80032ec:	f502 6280 	add.w	r2, r2, #1024	@ 0x400
 80032f0:	6813      	ldr	r3, [r2, #0]
 80032f2:	f423 63c0 	bic.w	r3, r3, #1536	@ 0x600
 80032f6:	f443 7300 	orr.w	r3, r3, #512	@ 0x200
 80032fa:	6013      	str	r3, [r2, #0]
 80032fc:	6813      	ldr	r3, [r2, #0]
 80032fe:	f403 63c0 	and.w	r3, r3, #1536	@ 0x600
 8003302:	9300      	str	r3, [sp, #0]
 8003304:	9b00      	ldr	r3, [sp, #0]
 8003306:	232f      	movs	r3, #47	@ 0x2f
 8003308:	9308      	str	r3, [sp, #32]
 800330a:	f44f 3380 	mov.w	r3, #65536	@ 0x10000
 800330e:	9309      	str	r3, [sp, #36]	@ 0x24
 8003310:	2301      	movs	r3, #1
 8003312:	930a      	str	r3, [sp, #40]	@ 0x28
 8003314:	f44f 7280 	mov.w	r2, #256	@ 0x100
 8003318:	920b      	str	r2, [sp, #44]	@ 0x2c
 800331a:	930f      	str	r3, [sp, #60]	@ 0x3c
 800331c:	2240      	movs	r2, #64	@ 0x40
 800331e:	920c      	str	r2, [sp, #48]	@ 0x30
 8003320:	9410      	str	r4, [sp, #64]	@ 0x40
 8003322:	2260      	movs	r2, #96	@ 0x60
 8003324:	9211      	str	r2, [sp, #68]	@ 0x44
 8003326:	2205      	movs	r2, #5
 8003328:	920d      	str	r2, [sp, #52]	@ 0x34
 800332a:	2202      	movs	r2, #2
 800332c:	9213      	str	r2, [sp, #76]	@ 0x4c
 800332e:	9314      	str	r3, [sp, #80]	@ 0x50
 8003330:	9415      	str	r4, [sp, #84]	@ 0x54
 8003332:	2320      	movs	r3, #32
 8003334:	9316      	str	r3, [sp, #88]	@ 0x58
 8003336:	f44f 3300 	mov.w	r3, #131072	@ 0x20000
 800333a:	9317      	str	r3, [sp, #92]	@ 0x5c
 800333c:	f04f 5300 	mov.w	r3, #536870912	@ 0x20000000
 8003340:	9319      	str	r3, [sp, #100]	@ 0x64
 8003342:	f04f 7300 	mov.w	r3, #33554432	@ 0x2000000
 8003346:	9318      	str	r3, [sp, #96]	@ 0x60
 8003348:	4628      	mov	r0, r5
 800334a:	f002 fdc7 	bl	8005edc <HAL_RCC_OscConfig>
 800334e:	b988      	cbnz	r0, 8003374 <SystemClock_Config+0xc0>
 8003350:	236f      	movs	r3, #111	@ 0x6f
 8003352:	9301      	str	r3, [sp, #4]
 8003354:	2103      	movs	r1, #3
 8003356:	9102      	str	r1, [sp, #8]
 8003358:	9003      	str	r0, [sp, #12]
 800335a:	9004      	str	r0, [sp, #16]
 800335c:	9005      	str	r0, [sp, #20]
 800335e:	2280      	movs	r2, #128	@ 0x80
 8003360:	9206      	str	r2, [sp, #24]
 8003362:	9007      	str	r0, [sp, #28]
 8003364:	a801      	add	r0, sp, #4
 8003366:	f003 f947 	bl	80065f8 <HAL_RCC_ClockConfig>
 800336a:	b928      	cbnz	r0, 8003378 <SystemClock_Config+0xc4>
 800336c:	f003 fcdd 	bl	8006d2a <HAL_RCCEx_EnableMSIPLLMode>
 8003370:	b01b      	add	sp, #108	@ 0x6c
 8003372:	bd30      	pop	{r4, r5, pc}
 8003374:	f7ff ff9c 	bl	80032b0 <Error_Handler>
 8003378:	f7ff ff9a 	bl	80032b0 <Error_Handler>

0800337c <PeriphCommonClock_Config>:
 800337c:	b510      	push	{r4, lr}
 800337e:	b094      	sub	sp, #80	@ 0x50
 8003380:	2250      	movs	r2, #80	@ 0x50
 8003382:	2100      	movs	r1, #0
 8003384:	4668      	mov	r0, sp
 8003386:	f007 fb2d 	bl	800a9e4 <memset>
 800338a:	f44f 5340 	mov.w	r3, #12288	@ 0x3000
 800338e:	9300      	str	r3, [sp, #0]
 8003390:	f44f 4340 	mov.w	r3, #49152	@ 0xc000
 8003394:	9311      	str	r3, [sp, #68]	@ 0x44
 8003396:	2310      	movs	r3, #16
 8003398:	9313      	str	r3, [sp, #76]	@ 0x4c
 800339a:	4668      	mov	r0, sp
 800339c:	f003 fb43 	bl	8006a26 <HAL_RCCEx_PeriphCLKConfig>
 80033a0:	b908      	cbnz	r0, 80033a6 <PeriphCommonClock_Config+0x2a>
 80033a2:	b014      	add	sp, #80	@ 0x50
 80033a4:	bd10      	pop	{r4, pc}
 80033a6:	f7ff ff83 	bl	80032b0 <Error_Handler>
	...

080033ac <main>:
 80033ac:	e92d 47f0 	stmdb	sp!, {r4, r5, r6, r7, r8, r9, sl, lr}
 80033b0:	b090      	sub	sp, #64	@ 0x40
 80033b2:	2001      	movs	r0, #1
 80033b4:	f7ff fe5c 	bl	8003070 <dbg_blink>
 80033b8:	f000 fd78 	bl	8003eac <HAL_Init>
 80033bc:	2002      	movs	r0, #2
 80033be:	f7ff fe57 	bl	8003070 <dbg_blink>
 80033c2:	f7fe f813 	bl	80013ec <MX_APPE_Config>
 80033c6:	2003      	movs	r0, #3
 80033c8:	f7ff fe52 	bl	8003070 <dbg_blink>
 80033cc:	f7ff ff72 	bl	80032b4 <SystemClock_Config>
 80033d0:	2004      	movs	r0, #4
 80033d2:	f7ff fe4d 	bl	8003070 <dbg_blink>
 80033d6:	f7ff ffd1 	bl	800337c <PeriphCommonClock_Config>
 80033da:	f7ff fe23 	bl	8003024 <MX_IPCC_Init>
 80033de:	2005      	movs	r0, #5
 80033e0:	f7ff fe46 	bl	8003070 <dbg_blink>
 80033e4:	f7ff fa26 	bl	8002834 <MX_GPIO_Init>
 80033e8:	f7ff fdaa 	bl	8002f40 <MX_I2C1_Init>
 80033ec:	f000 fb3c 	bl	8003a68 <MX_SPI1_Init>
 80033f0:	f005 fa3e 	bl	8008870 <MX_USB_Device_Init>
 80033f4:	f000 f99e 	bl	8003734 <MX_RTC_Init>
 80033f8:	f000 f99a 	bl	8003730 <MX_RF_Init>
 80033fc:	2006      	movs	r0, #6
 80033fe:	f7ff fe37 	bl	8003070 <dbg_blink>
 8003402:	f44f 60fa 	mov.w	r0, #2000	@ 0x7d0
 8003406:	f7fe f819 	bl	800143c <HAL_Delay>
 800340a:	48a1      	ldr	r0, [pc, #644]	@ (8003690 <main+0x2e4>)
 800340c:	f7ff ff44 	bl	8003298 <dbg_print>
 8003410:	48a0      	ldr	r0, [pc, #640]	@ (8003694 <main+0x2e8>)
 8003412:	f7ff ff41 	bl	8003298 <dbg_print>
 8003416:	48a0      	ldr	r0, [pc, #640]	@ (8003698 <main+0x2ec>)
 8003418:	f7ff ff3e 	bl	8003298 <dbg_print>
 800341c:	4b9f      	ldr	r3, [pc, #636]	@ (800369c <main+0x2f0>)
 800341e:	4aa0      	ldr	r2, [pc, #640]	@ (80036a0 <main+0x2f4>)
 8003420:	ca07      	ldmia	r2, {r0, r1, r2}
 8003422:	e883 0007 	stmia.w	r3, {r0, r1, r2}
 8003426:	210b      	movs	r1, #11
 8003428:	4618      	mov	r0, r3
 800342a:	f005 fced 	bl	8008e08 <CDC_Transmit_FS>
 800342e:	200a      	movs	r0, #10
 8003430:	f7fe f804 	bl	800143c <HAL_Delay>
 8003434:	2408      	movs	r4, #8
 8003436:	2500      	movs	r5, #0
 8003438:	e001      	b.n	800343e <main+0x92>
 800343a:	3401      	adds	r4, #1
 800343c:	b2e4      	uxtb	r4, r4
 800343e:	2c77      	cmp	r4, #119	@ 0x77
 8003440:	d819      	bhi.n	8003476 <main+0xca>
 8003442:	230a      	movs	r3, #10
 8003444:	2202      	movs	r2, #2
 8003446:	0061      	lsls	r1, r4, #1
 8003448:	4896      	ldr	r0, [pc, #600]	@ (80036a4 <main+0x2f8>)
 800344a:	f001 fac5 	bl	80049d8 <HAL_I2C_IsDeviceReady>
 800344e:	2800      	cmp	r0, #0
 8003450:	d1f3      	bne.n	800343a <main+0x8e>
 8003452:	4e92      	ldr	r6, [pc, #584]	@ (800369c <main+0x2f0>)
 8003454:	4623      	mov	r3, r4
 8003456:	4a94      	ldr	r2, [pc, #592]	@ (80036a8 <main+0x2fc>)
 8003458:	f44f 7180 	mov.w	r1, #256	@ 0x100
 800345c:	4630      	mov	r0, r6
 800345e:	f007 fa4b 	bl	800a8f8 <sniprintf>
 8003462:	210c      	movs	r1, #12
 8003464:	4630      	mov	r0, r6
 8003466:	f005 fccf 	bl	8008e08 <CDC_Transmit_FS>
 800346a:	200a      	movs	r0, #10
 800346c:	f7fd ffe6 	bl	800143c <HAL_Delay>
 8003470:	3501      	adds	r5, #1
 8003472:	b2ed      	uxtb	r5, r5
 8003474:	e7e1      	b.n	800343a <main+0x8e>
 8003476:	2d00      	cmp	r5, #0
 8003478:	d05c      	beq.n	8003534 <main+0x188>
 800347a:	4c88      	ldr	r4, [pc, #544]	@ (800369c <main+0x2f0>)
 800347c:	462b      	mov	r3, r5
 800347e:	4a8b      	ldr	r2, [pc, #556]	@ (80036ac <main+0x300>)
 8003480:	f44f 7180 	mov.w	r1, #256	@ 0x100
 8003484:	4620      	mov	r0, r4
 8003486:	f007 fa37 	bl	800a8f8 <sniprintf>
 800348a:	b281      	uxth	r1, r0
 800348c:	4620      	mov	r0, r4
 800348e:	f005 fcbb 	bl	8008e08 <CDC_Transmit_FS>
 8003492:	200a      	movs	r0, #10
 8003494:	f7fd ffd2 	bl	800143c <HAL_Delay>
 8003498:	4885      	ldr	r0, [pc, #532]	@ (80036b0 <main+0x304>)
 800349a:	f7ff fefd 	bl	8003298 <dbg_print>
 800349e:	4d85      	ldr	r5, [pc, #532]	@ (80036b4 <main+0x308>)
 80034a0:	4b85      	ldr	r3, [pc, #532]	@ (80036b8 <main+0x30c>)
 80034a2:	602b      	str	r3, [r5, #0]
 80034a4:	4b85      	ldr	r3, [pc, #532]	@ (80036bc <main+0x310>)
 80034a6:	606b      	str	r3, [r5, #4]
 80034a8:	2302      	movs	r3, #2
 80034aa:	812b      	strh	r3, [r5, #8]
 80034ac:	4628      	mov	r0, r5
 80034ae:	f7fd fc0e 	bl	8000cce <ICM42688_WhoAmI>
 80034b2:	4603      	mov	r3, r0
 80034b4:	2205      	movs	r2, #5
 80034b6:	9200      	str	r2, [sp, #0]
 80034b8:	4a81      	ldr	r2, [pc, #516]	@ (80036c0 <main+0x314>)
 80034ba:	f44f 7180 	mov.w	r1, #256	@ 0x100
 80034be:	4620      	mov	r0, r4
 80034c0:	f007 fa1a 	bl	800a8f8 <sniprintf>
 80034c4:	212a      	movs	r1, #42	@ 0x2a
 80034c6:	4620      	mov	r0, r4
 80034c8:	f005 fc9e 	bl	8008e08 <CDC_Transmit_FS>
 80034cc:	200a      	movs	r0, #10
 80034ce:	f7fd ffb5 	bl	800143c <HAL_Delay>
 80034d2:	4628      	mov	r0, r5
 80034d4:	f7fd fc00 	bl	8000cd8 <ICM42688_Init>
 80034d8:	4603      	mov	r3, r0
 80034da:	4a7a      	ldr	r2, [pc, #488]	@ (80036c4 <main+0x318>)
 80034dc:	f44f 7180 	mov.w	r1, #256	@ 0x100
 80034e0:	4620      	mov	r0, r4
 80034e2:	f007 fa09 	bl	800a8f8 <sniprintf>
 80034e6:	b281      	uxth	r1, r0
 80034e8:	4620      	mov	r0, r4
 80034ea:	f005 fc8d 	bl	8008e08 <CDC_Transmit_FS>
 80034ee:	200a      	movs	r0, #10
 80034f0:	f7fd ffa4 	bl	800143c <HAL_Delay>
 80034f4:	4874      	ldr	r0, [pc, #464]	@ (80036c8 <main+0x31c>)
 80034f6:	f7ff fecf 	bl	8003298 <dbg_print>
 80034fa:	f7ff fe17 	bl	800312c <BMP580_Setup>
 80034fe:	4605      	mov	r5, r0
 8003500:	2800      	cmp	r0, #0
 8003502:	d03e      	beq.n	8003582 <main+0x1d6>
 8003504:	4c65      	ldr	r4, [pc, #404]	@ (800369c <main+0x2f0>)
 8003506:	462b      	mov	r3, r5
 8003508:	4a70      	ldr	r2, [pc, #448]	@ (80036cc <main+0x320>)
 800350a:	f44f 7180 	mov.w	r1, #256	@ 0x100
 800350e:	4620      	mov	r0, r4
 8003510:	f007 f9f2 	bl	800a8f8 <sniprintf>
 8003514:	b281      	uxth	r1, r0
 8003516:	4620      	mov	r0, r4
 8003518:	f005 fc76 	bl	8008e08 <CDC_Transmit_FS>
 800351c:	200a      	movs	r0, #10
 800351e:	f7fd ff8d 	bl	800143c <HAL_Delay>
 8003522:	2400      	movs	r4, #0
 8003524:	426b      	negs	r3, r5
 8003526:	42a3      	cmp	r3, r4
 8003528:	dc16      	bgt.n	8003558 <main+0x1ac>
 800352a:	f240 50dc 	movw	r0, #1500	@ 0x5dc
 800352e:	f7fd ff85 	bl	800143c <HAL_Delay>
 8003532:	e7e7      	b.n	8003504 <main+0x158>
 8003534:	4f59      	ldr	r7, [pc, #356]	@ (800369c <main+0x2f0>)
 8003536:	463c      	mov	r4, r7
 8003538:	4e65      	ldr	r6, [pc, #404]	@ (80036d0 <main+0x324>)
 800353a:	ce0f      	ldmia	r6!, {r0, r1, r2, r3}
 800353c:	c40f      	stmia	r4!, {r0, r1, r2, r3}
 800353e:	e896 0003 	ldmia.w	r6, {r0, r1}
 8003542:	f844 0b04 	str.w	r0, [r4], #4
 8003546:	8021      	strh	r1, [r4, #0]
 8003548:	2115      	movs	r1, #21
 800354a:	4638      	mov	r0, r7
 800354c:	f005 fc5c 	bl	8008e08 <CDC_Transmit_FS>
 8003550:	200a      	movs	r0, #10
 8003552:	f7fd ff73 	bl	800143c <HAL_Delay>
 8003556:	e790      	b.n	800347a <main+0xce>
 8003558:	4e5e      	ldr	r6, [pc, #376]	@ (80036d4 <main+0x328>)
 800355a:	2200      	movs	r2, #0
 800355c:	f44f 5100 	mov.w	r1, #8192	@ 0x2000
 8003560:	4630      	mov	r0, r6
 8003562:	f000 fe4f 	bl	8004204 <HAL_GPIO_WritePin>
 8003566:	2064      	movs	r0, #100	@ 0x64
 8003568:	f7fd ff68 	bl	800143c <HAL_Delay>
 800356c:	2201      	movs	r2, #1
 800356e:	f44f 5100 	mov.w	r1, #8192	@ 0x2000
 8003572:	4630      	mov	r0, r6
 8003574:	f000 fe46 	bl	8004204 <HAL_GPIO_WritePin>
 8003578:	2064      	movs	r0, #100	@ 0x64
 800357a:	f7fd ff5f 	bl	800143c <HAL_Delay>
 800357e:	3401      	adds	r4, #1
 8003580:	e7d0      	b.n	8003524 <main+0x178>
 8003582:	4855      	ldr	r0, [pc, #340]	@ (80036d8 <main+0x32c>)
 8003584:	f7ff fe88 	bl	8003298 <dbg_print>
 8003588:	2007      	movs	r0, #7
 800358a:	f7ff fd71 	bl	8003070 <dbg_blink>
 800358e:	f7fd ff47 	bl	8001420 <MX_APPE_Init>
 8003592:	2008      	movs	r0, #8
 8003594:	f7ff fd6c 	bl	8003070 <dbg_blink>
 8003598:	4850      	ldr	r0, [pc, #320]	@ (80036dc <main+0x330>)
 800359a:	f7ff fe7d 	bl	8003298 <dbg_print>
 800359e:	e042      	b.n	8003626 <main+0x27a>
 80035a0:	4b4f      	ldr	r3, [pc, #316]	@ (80036e0 <main+0x334>)
 80035a2:	681d      	ldr	r5, [r3, #0]
 80035a4:	685e      	ldr	r6, [r3, #4]
 80035a6:	689f      	ldr	r7, [r3, #8]
 80035a8:	f8d3 800c 	ldr.w	r8, [r3, #12]
 80035ac:	f8d3 9010 	ldr.w	r9, [r3, #16]
 80035b0:	f8d3 a014 	ldr.w	sl, [r3, #20]
 80035b4:	4c39      	ldr	r4, [pc, #228]	@ (800369c <main+0x2f0>)
 80035b6:	6998      	ldr	r0, [r3, #24]
 80035b8:	f7fc ff7e 	bl	80004b8 <__aeabi_f2d>
 80035bc:	e9cd 010c 	strd	r0, r1, [sp, #48]	@ 0x30
 80035c0:	4650      	mov	r0, sl
 80035c2:	f7fc ff79 	bl	80004b8 <__aeabi_f2d>
 80035c6:	e9cd 010a 	strd	r0, r1, [sp, #40]	@ 0x28
 80035ca:	4648      	mov	r0, r9
 80035cc:	f7fc ff74 	bl	80004b8 <__aeabi_f2d>
 80035d0:	e9cd 0108 	strd	r0, r1, [sp, #32]
 80035d4:	4640      	mov	r0, r8
 80035d6:	f7fc ff6f 	bl	80004b8 <__aeabi_f2d>
 80035da:	e9cd 0106 	strd	r0, r1, [sp, #24]
 80035de:	4638      	mov	r0, r7
 80035e0:	f7fc ff6a 	bl	80004b8 <__aeabi_f2d>
 80035e4:	e9cd 0104 	strd	r0, r1, [sp, #16]
 80035e8:	4630      	mov	r0, r6
 80035ea:	f7fc ff65 	bl	80004b8 <__aeabi_f2d>
 80035ee:	e9cd 0102 	strd	r0, r1, [sp, #8]
 80035f2:	4628      	mov	r0, r5
 80035f4:	f7fc ff60 	bl	80004b8 <__aeabi_f2d>
 80035f8:	e9cd 0100 	strd	r0, r1, [sp]
 80035fc:	4a39      	ldr	r2, [pc, #228]	@ (80036e4 <main+0x338>)
 80035fe:	f44f 7180 	mov.w	r1, #256	@ 0x100
 8003602:	4620      	mov	r0, r4
 8003604:	f007 f978 	bl	800a8f8 <sniprintf>
 8003608:	b281      	uxth	r1, r0
 800360a:	4620      	mov	r0, r4
 800360c:	f005 fbfc 	bl	8008e08 <CDC_Transmit_FS>
 8003610:	e00f      	b.n	8003632 <main+0x286>
 8003612:	f44f 5100 	mov.w	r1, #8192	@ 0x2000
 8003616:	482f      	ldr	r0, [pc, #188]	@ (80036d4 <main+0x328>)
 8003618:	f000 fdf9 	bl	800420e <HAL_GPIO_TogglePin>
 800361c:	2064      	movs	r0, #100	@ 0x64
 800361e:	f7fd ff0d 	bl	800143c <HAL_Delay>
 8003622:	f7fd ff25 	bl	8001470 <MX_APPE_Process>
 8003626:	492e      	ldr	r1, [pc, #184]	@ (80036e0 <main+0x334>)
 8003628:	4822      	ldr	r0, [pc, #136]	@ (80036b4 <main+0x308>)
 800362a:	f7fd fb9b 	bl	8000d64 <ICM42688_ReadOnce>
 800362e:	2800      	cmp	r0, #0
 8003630:	d0b6      	beq.n	80035a0 <main+0x1f4>
 8003632:	2300      	movs	r3, #0
 8003634:	f88d 303f 	strb.w	r3, [sp, #63]	@ 0x3f
 8003638:	492b      	ldr	r1, [pc, #172]	@ (80036e8 <main+0x33c>)
 800363a:	f10d 003f 	add.w	r0, sp, #63	@ 0x3f
 800363e:	f7fe fc72 	bl	8001f26 <bmp5_get_interrupt_status>
 8003642:	2800      	cmp	r0, #0
 8003644:	d1e5      	bne.n	8003612 <main+0x266>
 8003646:	f89d 303f 	ldrb.w	r3, [sp, #63]	@ 0x3f
 800364a:	f013 0f01 	tst.w	r3, #1
 800364e:	d0e0      	beq.n	8003612 <main+0x266>
 8003650:	4a25      	ldr	r2, [pc, #148]	@ (80036e8 <main+0x33c>)
 8003652:	4926      	ldr	r1, [pc, #152]	@ (80036ec <main+0x340>)
 8003654:	4826      	ldr	r0, [pc, #152]	@ (80036f0 <main+0x344>)
 8003656:	f7fe fccd 	bl	8001ff4 <bmp5_get_sensor_data>
 800365a:	2800      	cmp	r0, #0
 800365c:	d1d9      	bne.n	8003612 <main+0x266>
 800365e:	4b24      	ldr	r3, [pc, #144]	@ (80036f0 <main+0x344>)
 8003660:	681d      	ldr	r5, [r3, #0]
 8003662:	4c0e      	ldr	r4, [pc, #56]	@ (800369c <main+0x2f0>)
 8003664:	6858      	ldr	r0, [r3, #4]
 8003666:	f7fc ff27 	bl	80004b8 <__aeabi_f2d>
 800366a:	e9cd 0102 	strd	r0, r1, [sp, #8]
 800366e:	4628      	mov	r0, r5
 8003670:	f7fc ff22 	bl	80004b8 <__aeabi_f2d>
 8003674:	e9cd 0100 	strd	r0, r1, [sp]
 8003678:	4a1e      	ldr	r2, [pc, #120]	@ (80036f4 <main+0x348>)
 800367a:	f44f 7180 	mov.w	r1, #256	@ 0x100
 800367e:	4620      	mov	r0, r4
 8003680:	f007 f93a 	bl	800a8f8 <sniprintf>
 8003684:	b281      	uxth	r1, r0
 8003686:	4620      	mov	r0, r4
 8003688:	f005 fbbe 	bl	8008e08 <CDC_Transmit_FS>
 800368c:	e7c1      	b.n	8003612 <main+0x266>
 800368e:	bf00      	nop
 8003690:	0800ccd8 	.word	0x0800ccd8
 8003694:	0800ccf8 	.word	0x0800ccf8
 8003698:	0800cd2c 	.word	0x0800cd2c
 800369c:	2000053c 	.word	0x2000053c
 80036a0:	0800cd44 	.word	0x0800cd44
 80036a4:	200004ac 	.word	0x200004ac
 80036a8:	0800cd50 	.word	0x0800cd50
 80036ac:	0800cd78 	.word	0x0800cd78
 80036b0:	0800cd94 	.word	0x0800cd94
 80036b4:	2000067c 	.word	0x2000067c
 80036b8:	200006dc 	.word	0x200006dc
 80036bc:	48000c00 	.word	0x48000c00
 80036c0:	0800cdb4 	.word	0x0800cdb4
 80036c4:	0800cde4 	.word	0x0800cde4
 80036c8:	0800ce00 	.word	0x0800ce00
 80036cc:	0800ce18 	.word	0x0800ce18
 80036d0:	0800cd60 	.word	0x0800cd60
 80036d4:	48000800 	.word	0x48000800
 80036d8:	0800ce30 	.word	0x0800ce30
 80036dc:	0800ce54 	.word	0x0800ce54
 80036e0:	20000660 	.word	0x20000660
 80036e4:	0800ce70 	.word	0x0800ce70
 80036e8:	20000648 	.word	0x20000648
 80036ec:	20000644 	.word	0x20000644
 80036f0:	2000063c 	.word	0x2000063c
 80036f4:	0800ce9c 	.word	0x0800ce9c

080036f8 <Osal_MemCpy>:
 80036f8:	b508      	push	{r3, lr}
 80036fa:	f007 f9f2 	bl	800aae2 <memcpy>
 80036fe:	bd08      	pop	{r3, pc}

08003700 <Osal_MemSet>:
 8003700:	b508      	push	{r3, lr}
 8003702:	f007 f96f 	bl	800a9e4 <memset>
 8003706:	bd08      	pop	{r3, pc}

08003708 <OTP_Read>:
 8003708:	4601      	mov	r1, r0
 800370a:	4807      	ldr	r0, [pc, #28]	@ (8003728 <OTP_Read+0x20>)
 800370c:	79c3      	ldrb	r3, [r0, #7]
 800370e:	428b      	cmp	r3, r1
 8003710:	d004      	beq.n	800371c <OTP_Read+0x14>
 8003712:	4a06      	ldr	r2, [pc, #24]	@ (800372c <OTP_Read+0x24>)
 8003714:	4290      	cmp	r0, r2
 8003716:	d001      	beq.n	800371c <OTP_Read+0x14>
 8003718:	3808      	subs	r0, #8
 800371a:	e7f7      	b.n	800370c <OTP_Read+0x4>
 800371c:	428b      	cmp	r3, r1
 800371e:	d100      	bne.n	8003722 <OTP_Read+0x1a>
 8003720:	4770      	bx	lr
 8003722:	2000      	movs	r0, #0
 8003724:	e7fc      	b.n	8003720 <OTP_Read+0x18>
 8003726:	bf00      	nop
 8003728:	1fff73f8 	.word	0x1fff73f8
 800372c:	1fff7000 	.word	0x1fff7000

08003730 <MX_RF_Init>:
 8003730:	4770      	bx	lr
	...

08003734 <MX_RTC_Init>:
 8003734:	b508      	push	{r3, lr}
 8003736:	480a      	ldr	r0, [pc, #40]	@ (8003760 <MX_RTC_Init+0x2c>)
 8003738:	4b0a      	ldr	r3, [pc, #40]	@ (8003764 <MX_RTC_Init+0x30>)
 800373a:	6003      	str	r3, [r0, #0]
 800373c:	2300      	movs	r3, #0
 800373e:	6043      	str	r3, [r0, #4]
 8003740:	220f      	movs	r2, #15
 8003742:	6082      	str	r2, [r0, #8]
 8003744:	f647 72ff 	movw	r2, #32767	@ 0x7fff
 8003748:	60c2      	str	r2, [r0, #12]
 800374a:	6103      	str	r3, [r0, #16]
 800374c:	6183      	str	r3, [r0, #24]
 800374e:	61c3      	str	r3, [r0, #28]
 8003750:	6143      	str	r3, [r0, #20]
 8003752:	f003 fb45 	bl	8006de0 <HAL_RTC_Init>
 8003756:	b900      	cbnz	r0, 800375a <MX_RTC_Init+0x26>
 8003758:	bd08      	pop	{r3, pc}
 800375a:	f7ff fda9 	bl	80032b0 <Error_Handler>
 800375e:	e7fb      	b.n	8003758 <MX_RTC_Init+0x24>
 8003760:	20000690 	.word	0x20000690
 8003764:	40002800 	.word	0x40002800

08003768 <HAL_RTC_MspInit>:
 8003768:	b510      	push	{r4, lr}
 800376a:	b096      	sub	sp, #88	@ 0x58
 800376c:	4604      	mov	r4, r0
 800376e:	2250      	movs	r2, #80	@ 0x50
 8003770:	2100      	movs	r1, #0
 8003772:	a802      	add	r0, sp, #8
 8003774:	f007 f936 	bl	800a9e4 <memset>
 8003778:	6822      	ldr	r2, [r4, #0]
 800377a:	4b13      	ldr	r3, [pc, #76]	@ (80037c8 <HAL_RTC_MspInit+0x60>)
 800377c:	429a      	cmp	r2, r3
 800377e:	d001      	beq.n	8003784 <HAL_RTC_MspInit+0x1c>
 8003780:	b016      	add	sp, #88	@ 0x58
 8003782:	bd10      	pop	{r4, pc}
 8003784:	f002 fa9a 	bl	8005cbc <HAL_PWR_EnableBkUpAccess>
 8003788:	f44f 6300 	mov.w	r3, #2048	@ 0x800
 800378c:	9302      	str	r3, [sp, #8]
 800378e:	f44f 7300 	mov.w	r3, #512	@ 0x200
 8003792:	9312      	str	r3, [sp, #72]	@ 0x48
 8003794:	a802      	add	r0, sp, #8
 8003796:	f003 f946 	bl	8006a26 <HAL_RCCEx_PeriphCLKConfig>
 800379a:	b988      	cbnz	r0, 80037c0 <HAL_RTC_MspInit+0x58>
 800379c:	f04f 43b0 	mov.w	r3, #1476395008	@ 0x58000000
 80037a0:	f8d3 2090 	ldr.w	r2, [r3, #144]	@ 0x90
 80037a4:	f442 4200 	orr.w	r2, r2, #32768	@ 0x8000
 80037a8:	f8c3 2090 	str.w	r2, [r3, #144]	@ 0x90
 80037ac:	6d9a      	ldr	r2, [r3, #88]	@ 0x58
 80037ae:	f442 6280 	orr.w	r2, r2, #1024	@ 0x400
 80037b2:	659a      	str	r2, [r3, #88]	@ 0x58
 80037b4:	6d9b      	ldr	r3, [r3, #88]	@ 0x58
 80037b6:	f403 6380 	and.w	r3, r3, #1024	@ 0x400
 80037ba:	9301      	str	r3, [sp, #4]
 80037bc:	9b01      	ldr	r3, [sp, #4]
 80037be:	e7df      	b.n	8003780 <HAL_RTC_MspInit+0x18>
 80037c0:	f7ff fd76 	bl	80032b0 <Error_Handler>
 80037c4:	e7ea      	b.n	800379c <HAL_RTC_MspInit+0x34>
 80037c6:	bf00      	nop
 80037c8:	40002800 	.word	0x40002800

080037cc <SHCI_C2_BLE_Init>:
 80037cc:	b500      	push	{lr}
 80037ce:	b085      	sub	sp, #20
 80037d0:	466b      	mov	r3, sp
 80037d2:	f100 020c 	add.w	r2, r0, #12
 80037d6:	2137      	movs	r1, #55	@ 0x37
 80037d8:	f64f 4066 	movw	r0, #64614	@ 0xfc66
 80037dc:	f000 f902 	bl	80039e4 <shci_send>
 80037e0:	f89d 000e 	ldrb.w	r0, [sp, #14]
 80037e4:	b005      	add	sp, #20
 80037e6:	bd00      	pop	{pc}

080037e8 <SHCI_C2_DEBUG_Init>:
 80037e8:	b500      	push	{lr}
 80037ea:	b085      	sub	sp, #20
 80037ec:	466b      	mov	r3, sp
 80037ee:	f100 020c 	add.w	r2, r0, #12
 80037f2:	210f      	movs	r1, #15
 80037f4:	f64f 4068 	movw	r0, #64616	@ 0xfc68
 80037f8:	f000 f8f4 	bl	80039e4 <shci_send>
 80037fc:	f89d 000e 	ldrb.w	r0, [sp, #14]
 8003800:	b005      	add	sp, #20
 8003802:	bd00      	pop	{pc}

08003804 <SHCI_C2_Config>:
 8003804:	b500      	push	{lr}
 8003806:	b085      	sub	sp, #20
 8003808:	4602      	mov	r2, r0
 800380a:	466b      	mov	r3, sp
 800380c:	2110      	movs	r1, #16
 800380e:	f64f 4075 	movw	r0, #64629	@ 0xfc75
 8003812:	f000 f8e7 	bl	80039e4 <shci_send>
 8003816:	f89d 000e 	ldrb.w	r0, [sp, #14]
 800381a:	b005      	add	sp, #20
 800381c:	bd00      	pop	{pc}
	...

08003820 <SHCI_GetWirelessFwInfo>:
 8003820:	b510      	push	{r4, lr}
 8003822:	4b21      	ldr	r3, [pc, #132]	@ (80038a8 <SHCI_GetWirelessFwInfo+0x88>)
 8003824:	6bdb      	ldr	r3, [r3, #60]	@ 0x3c
 8003826:	f3c3 030d 	ubfx	r3, r3, #0, #14
 800382a:	009b      	lsls	r3, r3, #2
 800382c:	f103 5300 	add.w	r3, r3, #536870912	@ 0x20000000
 8003830:	f503 3340 	add.w	r3, r3, #196608	@ 0x30000
 8003834:	681a      	ldr	r2, [r3, #0]
 8003836:	6811      	ldr	r1, [r2, #0]
 8003838:	4b1c      	ldr	r3, [pc, #112]	@ (80038ac <SHCI_GetWirelessFwInfo+0x8c>)
 800383a:	4299      	cmp	r1, r3
 800383c:	d02c      	beq.n	8003898 <SHCI_GetWirelessFwInfo+0x78>
 800383e:	6913      	ldr	r3, [r2, #16]
 8003840:	f8d2 c014 	ldr.w	ip, [r2, #20]
 8003844:	f8d2 e018 	ldr.w	lr, [r2, #24]
 8003848:	6851      	ldr	r1, [r2, #4]
 800384a:	6892      	ldr	r2, [r2, #8]
 800384c:	0e1c      	lsrs	r4, r3, #24
 800384e:	7004      	strb	r4, [r0, #0]
 8003850:	0c1c      	lsrs	r4, r3, #16
 8003852:	7044      	strb	r4, [r0, #1]
 8003854:	0a1c      	lsrs	r4, r3, #8
 8003856:	7084      	strb	r4, [r0, #2]
 8003858:	f3c3 1403 	ubfx	r4, r3, #4, #4
 800385c:	70c4      	strb	r4, [r0, #3]
 800385e:	f003 030f 	and.w	r3, r3, #15
 8003862:	7103      	strb	r3, [r0, #4]
 8003864:	ea4f 631c 	mov.w	r3, ip, lsr #24
 8003868:	7143      	strb	r3, [r0, #5]
 800386a:	ea4f 431c 	mov.w	r3, ip, lsr #16
 800386e:	7183      	strb	r3, [r0, #6]
 8003870:	ea4f 231c 	mov.w	r3, ip, lsr #8
 8003874:	71c3      	strb	r3, [r0, #7]
 8003876:	f880 c008 	strb.w	ip, [r0, #8]
 800387a:	f880 e009 	strb.w	lr, [r0, #9]
 800387e:	0e0b      	lsrs	r3, r1, #24
 8003880:	7283      	strb	r3, [r0, #10]
 8003882:	0c0b      	lsrs	r3, r1, #16
 8003884:	72c3      	strb	r3, [r0, #11]
 8003886:	0a09      	lsrs	r1, r1, #8
 8003888:	7301      	strb	r1, [r0, #12]
 800388a:	0e13      	lsrs	r3, r2, #24
 800388c:	7343      	strb	r3, [r0, #13]
 800388e:	0c13      	lsrs	r3, r2, #16
 8003890:	7383      	strb	r3, [r0, #14]
 8003892:	73c2      	strb	r2, [r0, #15]
 8003894:	2000      	movs	r0, #0
 8003896:	bd10      	pop	{r4, pc}
 8003898:	6953      	ldr	r3, [r2, #20]
 800389a:	f8d2 c018 	ldr.w	ip, [r2, #24]
 800389e:	f8d2 e01c 	ldr.w	lr, [r2, #28]
 80038a2:	68d1      	ldr	r1, [r2, #12]
 80038a4:	6912      	ldr	r2, [r2, #16]
 80038a6:	e7d1      	b.n	800384c <SHCI_GetWirelessFwInfo+0x2c>
 80038a8:	58004000 	.word	0x58004000
 80038ac:	a94656b9 	.word	0xa94656b9

080038b0 <Cmd_SetStatus>:
 80038b0:	b508      	push	{r3, lr}
 80038b2:	b938      	cbnz	r0, 80038c4 <Cmd_SetStatus+0x14>
 80038b4:	4b08      	ldr	r3, [pc, #32]	@ (80038d8 <Cmd_SetStatus+0x28>)
 80038b6:	681b      	ldr	r3, [r3, #0]
 80038b8:	b103      	cbz	r3, 80038bc <Cmd_SetStatus+0xc>
 80038ba:	4798      	blx	r3
 80038bc:	4b07      	ldr	r3, [pc, #28]	@ (80038dc <Cmd_SetStatus+0x2c>)
 80038be:	2200      	movs	r2, #0
 80038c0:	701a      	strb	r2, [r3, #0]
 80038c2:	bd08      	pop	{r3, pc}
 80038c4:	4b05      	ldr	r3, [pc, #20]	@ (80038dc <Cmd_SetStatus+0x2c>)
 80038c6:	2201      	movs	r2, #1
 80038c8:	701a      	strb	r2, [r3, #0]
 80038ca:	4b03      	ldr	r3, [pc, #12]	@ (80038d8 <Cmd_SetStatus+0x28>)
 80038cc:	681b      	ldr	r3, [r3, #0]
 80038ce:	2b00      	cmp	r3, #0
 80038d0:	d0f7      	beq.n	80038c2 <Cmd_SetStatus+0x12>
 80038d2:	4610      	mov	r0, r2
 80038d4:	4798      	blx	r3
 80038d6:	e7f4      	b.n	80038c2 <Cmd_SetStatus+0x12>
 80038d8:	200006b8 	.word	0x200006b8
 80038dc:	20000324 	.word	0x20000324

080038e0 <TlInit>:
 80038e0:	b510      	push	{r4, lr}
 80038e2:	b084      	sub	sp, #16
 80038e4:	4604      	mov	r4, r0
 80038e6:	4b0b      	ldr	r3, [pc, #44]	@ (8003914 <TlInit+0x34>)
 80038e8:	6018      	str	r0, [r3, #0]
 80038ea:	480b      	ldr	r0, [pc, #44]	@ (8003918 <TlInit+0x38>)
 80038ec:	f004 fd32 	bl	8008354 <LST_init_head>
 80038f0:	2001      	movs	r0, #1
 80038f2:	f7ff ffdd 	bl	80038b0 <Cmd_SetStatus>
 80038f6:	4b09      	ldr	r3, [pc, #36]	@ (800391c <TlInit+0x3c>)
 80038f8:	2201      	movs	r2, #1
 80038fa:	701a      	strb	r2, [r3, #0]
 80038fc:	4b08      	ldr	r3, [pc, #32]	@ (8003920 <TlInit+0x40>)
 80038fe:	681b      	ldr	r3, [r3, #0]
 8003900:	b133      	cbz	r3, 8003910 <TlInit+0x30>
 8003902:	9403      	str	r4, [sp, #12]
 8003904:	4a07      	ldr	r2, [pc, #28]	@ (8003924 <TlInit+0x44>)
 8003906:	9201      	str	r2, [sp, #4]
 8003908:	4a07      	ldr	r2, [pc, #28]	@ (8003928 <TlInit+0x48>)
 800390a:	9202      	str	r2, [sp, #8]
 800390c:	a801      	add	r0, sp, #4
 800390e:	4798      	blx	r3
 8003910:	b004      	add	sp, #16
 8003912:	bd10      	pop	{r4, pc}
 8003914:	20000320 	.word	0x20000320
 8003918:	20000328 	.word	0x20000328
 800391c:	2000031c 	.word	0x2000031c
 8003920:	200006bc 	.word	0x200006bc
 8003924:	08003a49 	.word	0x08003a49
 8003928:	0800392d 	.word	0x0800392d

0800392c <TlUserEvtReceived>:
 800392c:	b510      	push	{r4, lr}
 800392e:	4601      	mov	r1, r0
 8003930:	4c03      	ldr	r4, [pc, #12]	@ (8003940 <TlUserEvtReceived+0x14>)
 8003932:	4620      	mov	r0, r4
 8003934:	f004 fd29 	bl	800838a <LST_insert_tail>
 8003938:	4620      	mov	r0, r4
 800393a:	f7fd fda0 	bl	800147e <shci_notify_asynch_evt>
 800393e:	bd10      	pop	{r4, pc}
 8003940:	20000328 	.word	0x20000328

08003944 <shci_init>:
 8003944:	b510      	push	{r4, lr}
 8003946:	460c      	mov	r4, r1
 8003948:	684a      	ldr	r2, [r1, #4]
 800394a:	4b05      	ldr	r3, [pc, #20]	@ (8003960 <shci_init+0x1c>)
 800394c:	601a      	str	r2, [r3, #0]
 800394e:	4b05      	ldr	r3, [pc, #20]	@ (8003964 <shci_init+0x20>)
 8003950:	61d8      	str	r0, [r3, #28]
 8003952:	4618      	mov	r0, r3
 8003954:	f000 f87e 	bl	8003a54 <shci_register_io_bus>
 8003958:	6820      	ldr	r0, [r4, #0]
 800395a:	f7ff ffc1 	bl	80038e0 <TlInit>
 800395e:	bd10      	pop	{r4, pc}
 8003960:	200006b8 	.word	0x200006b8
 8003964:	200006bc 	.word	0x200006bc

08003968 <shci_user_evt_proc>:
 8003968:	b500      	push	{lr}
 800396a:	b085      	sub	sp, #20
 800396c:	481a      	ldr	r0, [pc, #104]	@ (80039d8 <shci_user_evt_proc+0x70>)
 800396e:	f004 fcf4 	bl	800835a <LST_is_empty>
 8003972:	b910      	cbnz	r0, 800397a <shci_user_evt_proc+0x12>
 8003974:	4b19      	ldr	r3, [pc, #100]	@ (80039dc <shci_user_evt_proc+0x74>)
 8003976:	781b      	ldrb	r3, [r3, #0]
 8003978:	b943      	cbnz	r3, 800398c <shci_user_evt_proc+0x24>
 800397a:	4817      	ldr	r0, [pc, #92]	@ (80039d8 <shci_user_evt_proc+0x70>)
 800397c:	f004 fced 	bl	800835a <LST_is_empty>
 8003980:	b910      	cbnz	r0, 8003988 <shci_user_evt_proc+0x20>
 8003982:	4b16      	ldr	r3, [pc, #88]	@ (80039dc <shci_user_evt_proc+0x74>)
 8003984:	781b      	ldrb	r3, [r3, #0]
 8003986:	bb1b      	cbnz	r3, 80039d0 <shci_user_evt_proc+0x68>
 8003988:	b005      	add	sp, #20
 800398a:	bd00      	pop	{pc}
 800398c:	a903      	add	r1, sp, #12
 800398e:	4812      	ldr	r0, [pc, #72]	@ (80039d8 <shci_user_evt_proc+0x70>)
 8003990:	f004 fd13 	bl	80083ba <LST_remove_head>
 8003994:	4b12      	ldr	r3, [pc, #72]	@ (80039e0 <shci_user_evt_proc+0x78>)
 8003996:	69db      	ldr	r3, [r3, #28]
 8003998:	b18b      	cbz	r3, 80039be <shci_user_evt_proc+0x56>
 800399a:	9a03      	ldr	r2, [sp, #12]
 800399c:	9202      	str	r2, [sp, #8]
 800399e:	2201      	movs	r2, #1
 80039a0:	f88d 2004 	strb.w	r2, [sp, #4]
 80039a4:	a801      	add	r0, sp, #4
 80039a6:	4798      	blx	r3
 80039a8:	f89d 2004 	ldrb.w	r2, [sp, #4]
 80039ac:	4b0b      	ldr	r3, [pc, #44]	@ (80039dc <shci_user_evt_proc+0x74>)
 80039ae:	701a      	strb	r2, [r3, #0]
 80039b0:	4b0a      	ldr	r3, [pc, #40]	@ (80039dc <shci_user_evt_proc+0x74>)
 80039b2:	781b      	ldrb	r3, [r3, #0]
 80039b4:	b13b      	cbz	r3, 80039c6 <shci_user_evt_proc+0x5e>
 80039b6:	9803      	ldr	r0, [sp, #12]
 80039b8:	f004 ff26 	bl	8008808 <TL_MM_EvtDone>
 80039bc:	e7dd      	b.n	800397a <shci_user_evt_proc+0x12>
 80039be:	4b07      	ldr	r3, [pc, #28]	@ (80039dc <shci_user_evt_proc+0x74>)
 80039c0:	2201      	movs	r2, #1
 80039c2:	701a      	strb	r2, [r3, #0]
 80039c4:	e7f4      	b.n	80039b0 <shci_user_evt_proc+0x48>
 80039c6:	9903      	ldr	r1, [sp, #12]
 80039c8:	4803      	ldr	r0, [pc, #12]	@ (80039d8 <shci_user_evt_proc+0x70>)
 80039ca:	f004 fcd2 	bl	8008372 <LST_insert_head>
 80039ce:	e7d4      	b.n	800397a <shci_user_evt_proc+0x12>
 80039d0:	4801      	ldr	r0, [pc, #4]	@ (80039d8 <shci_user_evt_proc+0x70>)
 80039d2:	f7fd fd54 	bl	800147e <shci_notify_asynch_evt>
 80039d6:	e7d7      	b.n	8003988 <shci_user_evt_proc+0x20>
 80039d8:	20000328 	.word	0x20000328
 80039dc:	2000031c 	.word	0x2000031c
 80039e0:	200006bc 	.word	0x200006bc

080039e4 <shci_send>:
 80039e4:	e92d 41f0 	stmdb	sp!, {r4, r5, r6, r7, r8, lr}
 80039e8:	4680      	mov	r8, r0
 80039ea:	460c      	mov	r4, r1
 80039ec:	4617      	mov	r7, r2
 80039ee:	461e      	mov	r6, r3
 80039f0:	2000      	movs	r0, #0
 80039f2:	f7ff ff5d 	bl	80038b0 <Cmd_SetStatus>
 80039f6:	4d11      	ldr	r5, [pc, #68]	@ (8003a3c <shci_send+0x58>)
 80039f8:	6828      	ldr	r0, [r5, #0]
 80039fa:	f8a0 8009 	strh.w	r8, [r0, #9]
 80039fe:	72c4      	strb	r4, [r0, #11]
 8003a00:	4622      	mov	r2, r4
 8003a02:	4639      	mov	r1, r7
 8003a04:	300c      	adds	r0, #12
 8003a06:	f007 f86c 	bl	800aae2 <memcpy>
 8003a0a:	2401      	movs	r4, #1
 8003a0c:	4b0c      	ldr	r3, [pc, #48]	@ (8003a40 <shci_send+0x5c>)
 8003a0e:	701c      	strb	r4, [r3, #0]
 8003a10:	4b0c      	ldr	r3, [pc, #48]	@ (8003a44 <shci_send+0x60>)
 8003a12:	691b      	ldr	r3, [r3, #16]
 8003a14:	2100      	movs	r1, #0
 8003a16:	4608      	mov	r0, r1
 8003a18:	4798      	blx	r3
 8003a1a:	f248 00e8 	movw	r0, #33000	@ 0x80e8
 8003a1e:	f7fd fd39 	bl	8001494 <shci_cmd_resp_wait>
 8003a22:	6829      	ldr	r1, [r5, #0]
 8003a24:	788a      	ldrb	r2, [r1, #2]
 8003a26:	3203      	adds	r2, #3
 8003a28:	4630      	mov	r0, r6
 8003a2a:	3008      	adds	r0, #8
 8003a2c:	f007 f859 	bl	800aae2 <memcpy>
 8003a30:	4620      	mov	r0, r4
 8003a32:	f7ff ff3d 	bl	80038b0 <Cmd_SetStatus>
 8003a36:	e8bd 81f0 	ldmia.w	sp!, {r4, r5, r6, r7, r8, pc}
 8003a3a:	bf00      	nop
 8003a3c:	20000320 	.word	0x20000320
 8003a40:	200006b4 	.word	0x200006b4
 8003a44:	200006bc 	.word	0x200006bc

08003a48 <TlCmdEvtReceived>:
 8003a48:	b508      	push	{r3, lr}
 8003a4a:	2000      	movs	r0, #0
 8003a4c:	f7fd fd1d 	bl	800148a <shci_cmd_resp_release>
 8003a50:	bd08      	pop	{r3, pc}
	...

08003a54 <shci_register_io_bus>:
 8003a54:	4b02      	ldr	r3, [pc, #8]	@ (8003a60 <shci_register_io_bus+0xc>)
 8003a56:	6003      	str	r3, [r0, #0]
 8003a58:	4b02      	ldr	r3, [pc, #8]	@ (8003a64 <shci_register_io_bus+0x10>)
 8003a5a:	6103      	str	r3, [r0, #16]
 8003a5c:	4770      	bx	lr
 8003a5e:	bf00      	nop
 8003a60:	08008721 	.word	0x08008721
 8003a64:	0800875d 	.word	0x0800875d

08003a68 <MX_SPI1_Init>:
 8003a68:	b508      	push	{r3, lr}
 8003a6a:	4810      	ldr	r0, [pc, #64]	@ (8003aac <MX_SPI1_Init+0x44>)
 8003a6c:	4b10      	ldr	r3, [pc, #64]	@ (8003ab0 <MX_SPI1_Init+0x48>)
 8003a6e:	6003      	str	r3, [r0, #0]
 8003a70:	f44f 7382 	mov.w	r3, #260	@ 0x104
 8003a74:	6043      	str	r3, [r0, #4]
 8003a76:	2300      	movs	r3, #0
 8003a78:	6083      	str	r3, [r0, #8]
 8003a7a:	f44f 62e0 	mov.w	r2, #1792	@ 0x700
 8003a7e:	60c2      	str	r2, [r0, #12]
 8003a80:	6103      	str	r3, [r0, #16]
 8003a82:	6143      	str	r3, [r0, #20]
 8003a84:	f44f 7200 	mov.w	r2, #512	@ 0x200
 8003a88:	6182      	str	r2, [r0, #24]
 8003a8a:	2208      	movs	r2, #8
 8003a8c:	61c2      	str	r2, [r0, #28]
 8003a8e:	6203      	str	r3, [r0, #32]
 8003a90:	6243      	str	r3, [r0, #36]	@ 0x24
 8003a92:	6283      	str	r3, [r0, #40]	@ 0x28
 8003a94:	2107      	movs	r1, #7
 8003a96:	62c1      	str	r1, [r0, #44]	@ 0x2c
 8003a98:	6303      	str	r3, [r0, #48]	@ 0x30
 8003a9a:	6342      	str	r2, [r0, #52]	@ 0x34
 8003a9c:	f003 fb03 	bl	80070a6 <HAL_SPI_Init>
 8003aa0:	b900      	cbnz	r0, 8003aa4 <MX_SPI1_Init+0x3c>
 8003aa2:	bd08      	pop	{r3, pc}
 8003aa4:	f7ff fc04 	bl	80032b0 <Error_Handler>
 8003aa8:	e7fb      	b.n	8003aa2 <MX_SPI1_Init+0x3a>
 8003aaa:	bf00      	nop
 8003aac:	200006dc 	.word	0x200006dc
 8003ab0:	40013000 	.word	0x40013000

08003ab4 <HAL_SPI_MspInit>:
 8003ab4:	b500      	push	{lr}
 8003ab6:	b089      	sub	sp, #36	@ 0x24
 8003ab8:	2300      	movs	r3, #0
 8003aba:	9303      	str	r3, [sp, #12]
 8003abc:	9304      	str	r3, [sp, #16]
 8003abe:	9305      	str	r3, [sp, #20]
 8003ac0:	9306      	str	r3, [sp, #24]
 8003ac2:	9307      	str	r3, [sp, #28]
 8003ac4:	6802      	ldr	r2, [r0, #0]
 8003ac6:	4b12      	ldr	r3, [pc, #72]	@ (8003b10 <HAL_SPI_MspInit+0x5c>)
 8003ac8:	429a      	cmp	r2, r3
 8003aca:	d001      	beq.n	8003ad0 <HAL_SPI_MspInit+0x1c>
 8003acc:	b009      	add	sp, #36	@ 0x24
 8003ace:	bd00      	pop	{pc}
 8003ad0:	f04f 43b0 	mov.w	r3, #1476395008	@ 0x58000000
 8003ad4:	6e1a      	ldr	r2, [r3, #96]	@ 0x60
 8003ad6:	f442 5280 	orr.w	r2, r2, #4096	@ 0x1000
 8003ada:	661a      	str	r2, [r3, #96]	@ 0x60
 8003adc:	6e1a      	ldr	r2, [r3, #96]	@ 0x60
 8003ade:	f402 5280 	and.w	r2, r2, #4096	@ 0x1000
 8003ae2:	9202      	str	r2, [sp, #8]
 8003ae4:	9a02      	ldr	r2, [sp, #8]
 8003ae6:	6cda      	ldr	r2, [r3, #76]	@ 0x4c
 8003ae8:	f042 0202 	orr.w	r2, r2, #2
 8003aec:	64da      	str	r2, [r3, #76]	@ 0x4c
 8003aee:	6cdb      	ldr	r3, [r3, #76]	@ 0x4c
 8003af0:	f003 0302 	and.w	r3, r3, #2
 8003af4:	9301      	str	r3, [sp, #4]
 8003af6:	9b01      	ldr	r3, [sp, #4]
 8003af8:	2338      	movs	r3, #56	@ 0x38
 8003afa:	9303      	str	r3, [sp, #12]
 8003afc:	2302      	movs	r3, #2
 8003afe:	9304      	str	r3, [sp, #16]
 8003b00:	2305      	movs	r3, #5
 8003b02:	9307      	str	r3, [sp, #28]
 8003b04:	a903      	add	r1, sp, #12
 8003b06:	4803      	ldr	r0, [pc, #12]	@ (8003b14 <HAL_SPI_MspInit+0x60>)
 8003b08:	f000 faa2 	bl	8004050 <HAL_GPIO_Init>
 8003b0c:	e7de      	b.n	8003acc <HAL_SPI_MspInit+0x18>
 8003b0e:	bf00      	nop
 8003b10:	40013000 	.word	0x40013000
 8003b14:	48000400 	.word	0x48000400

08003b18 <UTIL_LPM_Init>:
 8003b18:	2300      	movs	r3, #0
 8003b1a:	4a02      	ldr	r2, [pc, #8]	@ (8003b24 <UTIL_LPM_Init+0xc>)
 8003b1c:	6013      	str	r3, [r2, #0]
 8003b1e:	4a02      	ldr	r2, [pc, #8]	@ (8003b28 <UTIL_LPM_Init+0x10>)
 8003b20:	6013      	str	r3, [r2, #0]
 8003b22:	4770      	bx	lr
 8003b24:	20000744 	.word	0x20000744
 8003b28:	20000740 	.word	0x20000740

08003b2c <UTIL_LPM_SetOffMode>:
 8003b2c:	f3ef 8310 	mrs	r3, PRIMASK
 8003b30:	b672      	cpsid	i
 8003b32:	b141      	cbz	r1, 8003b46 <UTIL_LPM_SetOffMode+0x1a>
 8003b34:	2901      	cmp	r1, #1
 8003b36:	d103      	bne.n	8003b40 <UTIL_LPM_SetOffMode+0x14>
 8003b38:	4906      	ldr	r1, [pc, #24]	@ (8003b54 <UTIL_LPM_SetOffMode+0x28>)
 8003b3a:	680a      	ldr	r2, [r1, #0]
 8003b3c:	4302      	orrs	r2, r0
 8003b3e:	600a      	str	r2, [r1, #0]
 8003b40:	f383 8810 	msr	PRIMASK, r3
 8003b44:	4770      	bx	lr
 8003b46:	4903      	ldr	r1, [pc, #12]	@ (8003b54 <UTIL_LPM_SetOffMode+0x28>)
 8003b48:	680a      	ldr	r2, [r1, #0]
 8003b4a:	ea22 0200 	bic.w	r2, r2, r0
 8003b4e:	600a      	str	r2, [r1, #0]
 8003b50:	e7f6      	b.n	8003b40 <UTIL_LPM_SetOffMode+0x14>
 8003b52:	bf00      	nop
 8003b54:	20000740 	.word	0x20000740

08003b58 <UTIL_SEQ_SetTask>:
 8003b58:	f3ef 8c10 	mrs	ip, PRIMASK
 8003b5c:	b672      	cpsid	i
 8003b5e:	4a06      	ldr	r2, [pc, #24]	@ (8003b78 <UTIL_SEQ_SetTask+0x20>)
 8003b60:	6813      	ldr	r3, [r2, #0]
 8003b62:	4303      	orrs	r3, r0
 8003b64:	6013      	str	r3, [r2, #0]
 8003b66:	4a05      	ldr	r2, [pc, #20]	@ (8003b7c <UTIL_SEQ_SetTask+0x24>)
 8003b68:	f852 3031 	ldr.w	r3, [r2, r1, lsl #3]
 8003b6c:	4303      	orrs	r3, r0
 8003b6e:	f842 3031 	str.w	r3, [r2, r1, lsl #3]
 8003b72:	f38c 8810 	msr	PRIMASK, ip
 8003b76:	4770      	bx	lr
 8003b78:	200007e0 	.word	0x200007e0
 8003b7c:	2000074c 	.word	0x2000074c

08003b80 <UTIL_SEQ_PauseTask>:
 8003b80:	f3ef 8110 	mrs	r1, PRIMASK
 8003b84:	b672      	cpsid	i
 8003b86:	4a04      	ldr	r2, [pc, #16]	@ (8003b98 <UTIL_SEQ_PauseTask+0x18>)
 8003b88:	6813      	ldr	r3, [r2, #0]
 8003b8a:	ea23 0000 	bic.w	r0, r3, r0
 8003b8e:	6010      	str	r0, [r2, #0]
 8003b90:	f381 8810 	msr	PRIMASK, r1
 8003b94:	4770      	bx	lr
 8003b96:	bf00      	nop
 8003b98:	2000001c 	.word	0x2000001c

08003b9c <UTIL_SEQ_ResumeTask>:
 8003b9c:	f3ef 8110 	mrs	r1, PRIMASK
 8003ba0:	b672      	cpsid	i
 8003ba2:	4a03      	ldr	r2, [pc, #12]	@ (8003bb0 <UTIL_SEQ_ResumeTask+0x14>)
 8003ba4:	6813      	ldr	r3, [r2, #0]
 8003ba6:	4318      	orrs	r0, r3
 8003ba8:	6010      	str	r0, [r2, #0]
 8003baa:	f381 8810 	msr	PRIMASK, r1
 8003bae:	4770      	bx	lr
 8003bb0:	2000001c 	.word	0x2000001c

08003bb4 <UTIL_SEQ_SetEvt>:
 8003bb4:	f3ef 8110 	mrs	r1, PRIMASK
 8003bb8:	b672      	cpsid	i
 8003bba:	4a03      	ldr	r2, [pc, #12]	@ (8003bc8 <UTIL_SEQ_SetEvt+0x14>)
 8003bbc:	6813      	ldr	r3, [r2, #0]
 8003bbe:	4318      	orrs	r0, r3
 8003bc0:	6010      	str	r0, [r2, #0]
 8003bc2:	f381 8810 	msr	PRIMASK, r1
 8003bc6:	4770      	bx	lr
 8003bc8:	200007dc 	.word	0x200007dc

08003bcc <UTIL_SEQ_PreIdle>:
 8003bcc:	4770      	bx	lr

08003bce <UTIL_SEQ_PostIdle>:
 8003bce:	4770      	bx	lr

08003bd0 <UTIL_SEQ_PreTask>:
 8003bd0:	4770      	bx	lr

08003bd2 <UTIL_SEQ_PostTask>:
 8003bd2:	4770      	bx	lr

08003bd4 <UTIL_SEQ_CatchWarning>:
 8003bd4:	4770      	bx	lr

08003bd6 <SEQ_BitPosition>:
 8003bd6:	b128      	cbz	r0, 8003be4 <SEQ_BitPosition+0xe>
 8003bd8:	fab0 f080 	clz	r0, r0
 8003bdc:	f1c0 001f 	rsb	r0, r0, #31
 8003be0:	b2c0      	uxtb	r0, r0
 8003be2:	4770      	bx	lr
 8003be4:	2020      	movs	r0, #32
 8003be6:	e7f9      	b.n	8003bdc <SEQ_BitPosition+0x6>

08003be8 <UTIL_SEQ_Run>:
 8003be8:	e92d 4ff0 	stmdb	sp!, {r4, r5, r6, r7, r8, r9, sl, fp, lr}
 8003bec:	b083      	sub	sp, #12
 8003bee:	4b71      	ldr	r3, [pc, #452]	@ (8003db4 <UTIL_SEQ_Run+0x1cc>)
 8003bf0:	f8d3 9000 	ldr.w	r9, [r3]
 8003bf4:	ea09 0000 	and.w	r0, r9, r0
 8003bf8:	6018      	str	r0, [r3, #0]
 8003bfa:	4b6f      	ldr	r3, [pc, #444]	@ (8003db8 <UTIL_SEQ_Run+0x1d0>)
 8003bfc:	f8d3 8000 	ldr.w	r8, [r3]
 8003c00:	4b6e      	ldr	r3, [pc, #440]	@ (8003dbc <UTIL_SEQ_Run+0x1d4>)
 8003c02:	681e      	ldr	r6, [r3, #0]
 8003c04:	4b6e      	ldr	r3, [pc, #440]	@ (8003dc0 <UTIL_SEQ_Run+0x1d8>)
 8003c06:	681d      	ldr	r5, [r3, #0]
 8003c08:	4b6e      	ldr	r3, [pc, #440]	@ (8003dc4 <UTIL_SEQ_Run+0x1dc>)
 8003c0a:	f8d3 b000 	ldr.w	fp, [r3]
 8003c0e:	e031      	b.n	8003c74 <UTIL_SEQ_Run+0x8c>
 8003c10:	3201      	adds	r2, #1
 8003c12:	e038      	b.n	8003c86 <UTIL_SEQ_Run+0x9e>
 8003c14:	4618      	mov	r0, r3
 8003c16:	4b6c      	ldr	r3, [pc, #432]	@ (8003dc8 <UTIL_SEQ_Run+0x1e0>)
 8003c18:	eb03 03c2 	add.w	r3, r3, r2, lsl #3
 8003c1c:	685b      	ldr	r3, [r3, #4]
 8003c1e:	4018      	ands	r0, r3
 8003c20:	f7ff ffd9 	bl	8003bd6 <SEQ_BitPosition>
 8003c24:	4b69      	ldr	r3, [pc, #420]	@ (8003dcc <UTIL_SEQ_Run+0x1e4>)
 8003c26:	6018      	str	r0, [r3, #0]
 8003c28:	f3ef 8210 	mrs	r2, PRIMASK
 8003c2c:	b672      	cpsid	i
 8003c2e:	2401      	movs	r4, #1
 8003c30:	681b      	ldr	r3, [r3, #0]
 8003c32:	fa04 f303 	lsl.w	r3, r4, r3
 8003c36:	43d8      	mvns	r0, r3
 8003c38:	f8df c17c 	ldr.w	ip, [pc, #380]	@ 8003db8 <UTIL_SEQ_Run+0x1d0>
 8003c3c:	f8dc 1000 	ldr.w	r1, [ip]
 8003c40:	ea21 0303 	bic.w	r3, r1, r3
 8003c44:	f8cc 3000 	str.w	r3, [ip]
 8003c48:	2c00      	cmp	r4, #0
 8003c4a:	d148      	bne.n	8003cde <UTIL_SEQ_Run+0xf6>
 8003c4c:	f382 8810 	msr	PRIMASK, r2
 8003c50:	f8df a178 	ldr.w	sl, [pc, #376]	@ 8003dcc <UTIL_SEQ_Run+0x1e4>
 8003c54:	f8da 0000 	ldr.w	r0, [sl]
 8003c58:	f7ff ffba 	bl	8003bd0 <UTIL_SEQ_PreTask>
 8003c5c:	f8da 3000 	ldr.w	r3, [sl]
 8003c60:	2b1f      	cmp	r3, #31
 8003c62:	d804      	bhi.n	8003c6e <UTIL_SEQ_Run+0x86>
 8003c64:	4a5a      	ldr	r2, [pc, #360]	@ (8003dd0 <UTIL_SEQ_Run+0x1e8>)
 8003c66:	f852 0023 	ldr.w	r0, [r2, r3, lsl #2]
 8003c6a:	2800      	cmp	r0, #0
 8003c6c:	d169      	bne.n	8003d42 <UTIL_SEQ_Run+0x15a>
 8003c6e:	2000      	movs	r0, #0
 8003c70:	f7ff ffb0 	bl	8003bd4 <UTIL_SEQ_CatchWarning>
 8003c74:	ea08 0305 	and.w	r3, r8, r5
 8003c78:	4a4e      	ldr	r2, [pc, #312]	@ (8003db4 <UTIL_SEQ_Run+0x1cc>)
 8003c7a:	6810      	ldr	r0, [r2, #0]
 8003c7c:	4203      	tst	r3, r0
 8003c7e:	d06f      	beq.n	8003d60 <UTIL_SEQ_Run+0x178>
 8003c80:	ea16 020b 	ands.w	r2, r6, fp
 8003c84:	d16c      	bne.n	8003d60 <UTIL_SEQ_Run+0x178>
 8003c86:	4b50      	ldr	r3, [pc, #320]	@ (8003dc8 <UTIL_SEQ_Run+0x1e0>)
 8003c88:	f853 3032 	ldr.w	r3, [r3, r2, lsl #3]
 8003c8c:	402b      	ands	r3, r5
 8003c8e:	4203      	tst	r3, r0
 8003c90:	d0be      	beq.n	8003c10 <UTIL_SEQ_Run+0x28>
 8003c92:	494d      	ldr	r1, [pc, #308]	@ (8003dc8 <UTIL_SEQ_Run+0x1e0>)
 8003c94:	f851 3032 	ldr.w	r3, [r1, r2, lsl #3]
 8003c98:	402b      	ands	r3, r5
 8003c9a:	4003      	ands	r3, r0
 8003c9c:	eb01 01c2 	add.w	r1, r1, r2, lsl #3
 8003ca0:	6849      	ldr	r1, [r1, #4]
 8003ca2:	4219      	tst	r1, r3
 8003ca4:	d105      	bne.n	8003cb2 <UTIL_SEQ_Run+0xca>
 8003ca6:	4948      	ldr	r1, [pc, #288]	@ (8003dc8 <UTIL_SEQ_Run+0x1e0>)
 8003ca8:	eb01 01c2 	add.w	r1, r1, r2, lsl #3
 8003cac:	f04f 30ff 	mov.w	r0, #4294967295
 8003cb0:	6048      	str	r0, [r1, #4]
 8003cb2:	4941      	ldr	r1, [pc, #260]	@ (8003db8 <UTIL_SEQ_Run+0x1d0>)
 8003cb4:	6809      	ldr	r1, [r1, #0]
 8003cb6:	4844      	ldr	r0, [pc, #272]	@ (8003dc8 <UTIL_SEQ_Run+0x1e0>)
 8003cb8:	eb00 00c2 	add.w	r0, r0, r2, lsl #3
 8003cbc:	6840      	ldr	r0, [r0, #4]
 8003cbe:	4c45      	ldr	r4, [pc, #276]	@ (8003dd4 <UTIL_SEQ_Run+0x1ec>)
 8003cc0:	6827      	ldr	r7, [r4, #0]
 8003cc2:	ea67 0000 	orn	r0, r7, r0
 8003cc6:	6020      	str	r0, [r4, #0]
 8003cc8:	ea21 0100 	bic.w	r1, r1, r0
 8003ccc:	ea13 0001 	ands.w	r0, r3, r1
 8003cd0:	d1a1      	bne.n	8003c16 <UTIL_SEQ_Run+0x2e>
 8003cd2:	2900      	cmp	r1, #0
 8003cd4:	d19e      	bne.n	8003c14 <UTIL_SEQ_Run+0x2c>
 8003cd6:	2000      	movs	r0, #0
 8003cd8:	6020      	str	r0, [r4, #0]
 8003cda:	4618      	mov	r0, r3
 8003cdc:	e79b      	b.n	8003c16 <UTIL_SEQ_Run+0x2e>
 8003cde:	3c01      	subs	r4, #1
 8003ce0:	4939      	ldr	r1, [pc, #228]	@ (8003dc8 <UTIL_SEQ_Run+0x1e0>)
 8003ce2:	f851 3034 	ldr.w	r3, [r1, r4, lsl #3]
 8003ce6:	4003      	ands	r3, r0
 8003ce8:	f841 3034 	str.w	r3, [r1, r4, lsl #3]
 8003cec:	e7ac      	b.n	8003c48 <UTIL_SEQ_Run+0x60>
 8003cee:	4936      	ldr	r1, [pc, #216]	@ (8003dc8 <UTIL_SEQ_Run+0x1e0>)
 8003cf0:	eb01 01c2 	add.w	r1, r1, r2, lsl #3
 8003cf4:	684d      	ldr	r5, [r1, #4]
 8003cf6:	2601      	movs	r6, #1
 8003cf8:	409e      	lsls	r6, r3
 8003cfa:	ea25 0506 	bic.w	r5, r5, r6
 8003cfe:	604d      	str	r5, [r1, #4]
 8003d00:	684d      	ldr	r5, [r1, #4]
 8003d02:	a902      	add	r1, sp, #8
 8003d04:	eb01 0182 	add.w	r1, r1, r2, lsl #2
 8003d08:	f841 5c04 	str.w	r5, [r1, #-4]
 8003d0c:	3201      	adds	r2, #1
 8003d0e:	2a00      	cmp	r2, #0
 8003d10:	d0ed      	beq.n	8003cee <UTIL_SEQ_Run+0x106>
 8003d12:	4780      	blx	r0
 8003d14:	b1bc      	cbz	r4, 8003d46 <UTIL_SEQ_Run+0x15e>
 8003d16:	4c2d      	ldr	r4, [pc, #180]	@ (8003dcc <UTIL_SEQ_Run+0x1e4>)
 8003d18:	6820      	ldr	r0, [r4, #0]
 8003d1a:	f7ff ff5a 	bl	8003bd2 <UTIL_SEQ_PostTask>
 8003d1e:	4b26      	ldr	r3, [pc, #152]	@ (8003db8 <UTIL_SEQ_Run+0x1d0>)
 8003d20:	f8d3 8000 	ldr.w	r8, [r3]
 8003d24:	4b25      	ldr	r3, [pc, #148]	@ (8003dbc <UTIL_SEQ_Run+0x1d4>)
 8003d26:	681e      	ldr	r6, [r3, #0]
 8003d28:	4b25      	ldr	r3, [pc, #148]	@ (8003dc0 <UTIL_SEQ_Run+0x1d8>)
 8003d2a:	681d      	ldr	r5, [r3, #0]
 8003d2c:	4b25      	ldr	r3, [pc, #148]	@ (8003dc4 <UTIL_SEQ_Run+0x1dc>)
 8003d2e:	f8d3 b000 	ldr.w	fp, [r3]
 8003d32:	6823      	ldr	r3, [r4, #0]
 8003d34:	2201      	movs	r2, #1
 8003d36:	409a      	lsls	r2, r3
 8003d38:	4926      	ldr	r1, [pc, #152]	@ (8003dd4 <UTIL_SEQ_Run+0x1ec>)
 8003d3a:	680b      	ldr	r3, [r1, #0]
 8003d3c:	4313      	orrs	r3, r2
 8003d3e:	600b      	str	r3, [r1, #0]
 8003d40:	e798      	b.n	8003c74 <UTIL_SEQ_Run+0x8c>
 8003d42:	4622      	mov	r2, r4
 8003d44:	e7e3      	b.n	8003d0e <UTIL_SEQ_Run+0x126>
 8003d46:	4b20      	ldr	r3, [pc, #128]	@ (8003dc8 <UTIL_SEQ_Run+0x1e0>)
 8003d48:	eb03 03c4 	add.w	r3, r3, r4, lsl #3
 8003d4c:	685a      	ldr	r2, [r3, #4]
 8003d4e:	a902      	add	r1, sp, #8
 8003d50:	eb01 0184 	add.w	r1, r1, r4, lsl #2
 8003d54:	f851 1c04 	ldr.w	r1, [r1, #-4]
 8003d58:	400a      	ands	r2, r1
 8003d5a:	605a      	str	r2, [r3, #4]
 8003d5c:	3401      	adds	r4, #1
 8003d5e:	e7d9      	b.n	8003d14 <UTIL_SEQ_Run+0x12c>
 8003d60:	4b1a      	ldr	r3, [pc, #104]	@ (8003dcc <UTIL_SEQ_Run+0x1e4>)
 8003d62:	f04f 32ff 	mov.w	r2, #4294967295
 8003d66:	601a      	str	r2, [r3, #0]
 8003d68:	4b16      	ldr	r3, [pc, #88]	@ (8003dc4 <UTIL_SEQ_Run+0x1dc>)
 8003d6a:	681b      	ldr	r3, [r3, #0]
 8003d6c:	4233      	tst	r3, r6
 8003d6e:	d005      	beq.n	8003d7c <UTIL_SEQ_Run+0x194>
 8003d70:	4b10      	ldr	r3, [pc, #64]	@ (8003db4 <UTIL_SEQ_Run+0x1cc>)
 8003d72:	f8c3 9000 	str.w	r9, [r3]
 8003d76:	b003      	add	sp, #12
 8003d78:	e8bd 8ff0 	ldmia.w	sp!, {r4, r5, r6, r7, r8, r9, sl, fp, pc}
 8003d7c:	f7ff ff26 	bl	8003bcc <UTIL_SEQ_PreIdle>
 8003d80:	f3ef 8410 	mrs	r4, PRIMASK
 8003d84:	b672      	cpsid	i
 8003d86:	4b0c      	ldr	r3, [pc, #48]	@ (8003db8 <UTIL_SEQ_Run+0x1d0>)
 8003d88:	681b      	ldr	r3, [r3, #0]
 8003d8a:	4a0c      	ldr	r2, [pc, #48]	@ (8003dbc <UTIL_SEQ_Run+0x1d4>)
 8003d8c:	6811      	ldr	r1, [r2, #0]
 8003d8e:	4a0c      	ldr	r2, [pc, #48]	@ (8003dc0 <UTIL_SEQ_Run+0x1d8>)
 8003d90:	6812      	ldr	r2, [r2, #0]
 8003d92:	4013      	ands	r3, r2
 8003d94:	4a07      	ldr	r2, [pc, #28]	@ (8003db4 <UTIL_SEQ_Run+0x1cc>)
 8003d96:	6812      	ldr	r2, [r2, #0]
 8003d98:	4213      	tst	r3, r2
 8003d9a:	d103      	bne.n	8003da4 <UTIL_SEQ_Run+0x1bc>
 8003d9c:	4b09      	ldr	r3, [pc, #36]	@ (8003dc4 <UTIL_SEQ_Run+0x1dc>)
 8003d9e:	681b      	ldr	r3, [r3, #0]
 8003da0:	420b      	tst	r3, r1
 8003da2:	d004      	beq.n	8003dae <UTIL_SEQ_Run+0x1c6>
 8003da4:	f384 8810 	msr	PRIMASK, r4
 8003da8:	f7ff ff11 	bl	8003bce <UTIL_SEQ_PostIdle>
 8003dac:	e7e0      	b.n	8003d70 <UTIL_SEQ_Run+0x188>
 8003dae:	f7fd fb65 	bl	800147c <UTIL_SEQ_Idle>
 8003db2:	e7f7      	b.n	8003da4 <UTIL_SEQ_Run+0x1bc>
 8003db4:	20000018 	.word	0x20000018
 8003db8:	200007e0 	.word	0x200007e0
 8003dbc:	200007dc 	.word	0x200007dc
 8003dc0:	2000001c 	.word	0x2000001c
 8003dc4:	200007d8 	.word	0x200007d8
 8003dc8:	2000074c 	.word	0x2000074c
 8003dcc:	200007d4 	.word	0x200007d4
 8003dd0:	20000754 	.word	0x20000754
 8003dd4:	20000748 	.word	0x20000748

08003dd8 <UTIL_SEQ_EvtIdle>:
 8003dd8:	b508      	push	{r3, lr}
 8003dda:	43c0      	mvns	r0, r0
 8003ddc:	f7ff ff04 	bl	8003be8 <UTIL_SEQ_Run>
 8003de0:	bd08      	pop	{r3, pc}
	...

08003de4 <UTIL_SEQ_WaitEvt>:
 8003de4:	b5f8      	push	{r3, r4, r5, r6, r7, lr}
 8003de6:	4604      	mov	r4, r0
 8003de8:	4b11      	ldr	r3, [pc, #68]	@ (8003e30 <UTIL_SEQ_WaitEvt+0x4c>)
 8003dea:	681e      	ldr	r6, [r3, #0]
 8003dec:	f1b6 3fff 	cmp.w	r6, #4294967295
 8003df0:	d005      	beq.n	8003dfe <UTIL_SEQ_WaitEvt+0x1a>
 8003df2:	2501      	movs	r5, #1
 8003df4:	40b5      	lsls	r5, r6
 8003df6:	4b0f      	ldr	r3, [pc, #60]	@ (8003e34 <UTIL_SEQ_WaitEvt+0x50>)
 8003df8:	681f      	ldr	r7, [r3, #0]
 8003dfa:	601c      	str	r4, [r3, #0]
 8003dfc:	e005      	b.n	8003e0a <UTIL_SEQ_WaitEvt+0x26>
 8003dfe:	2500      	movs	r5, #0
 8003e00:	e7f9      	b.n	8003df6 <UTIL_SEQ_WaitEvt+0x12>
 8003e02:	4621      	mov	r1, r4
 8003e04:	4628      	mov	r0, r5
 8003e06:	f7ff ffe7 	bl	8003dd8 <UTIL_SEQ_EvtIdle>
 8003e0a:	4b0b      	ldr	r3, [pc, #44]	@ (8003e38 <UTIL_SEQ_WaitEvt+0x54>)
 8003e0c:	681b      	ldr	r3, [r3, #0]
 8003e0e:	4223      	tst	r3, r4
 8003e10:	d0f7      	beq.n	8003e02 <UTIL_SEQ_WaitEvt+0x1e>
 8003e12:	4b07      	ldr	r3, [pc, #28]	@ (8003e30 <UTIL_SEQ_WaitEvt+0x4c>)
 8003e14:	601e      	str	r6, [r3, #0]
 8003e16:	f3ef 8110 	mrs	r1, PRIMASK
 8003e1a:	b672      	cpsid	i
 8003e1c:	4a06      	ldr	r2, [pc, #24]	@ (8003e38 <UTIL_SEQ_WaitEvt+0x54>)
 8003e1e:	6813      	ldr	r3, [r2, #0]
 8003e20:	ea23 0304 	bic.w	r3, r3, r4
 8003e24:	6013      	str	r3, [r2, #0]
 8003e26:	f381 8810 	msr	PRIMASK, r1
 8003e2a:	4b02      	ldr	r3, [pc, #8]	@ (8003e34 <UTIL_SEQ_WaitEvt+0x50>)
 8003e2c:	601f      	str	r7, [r3, #0]
 8003e2e:	bdf8      	pop	{r3, r4, r5, r6, r7, pc}
 8003e30:	200007d4 	.word	0x200007d4
 8003e34:	200007d8 	.word	0x200007d8
 8003e38:	200007dc 	.word	0x200007dc

08003e3c <UTIL_SEQ_RegTask>:
 8003e3c:	b538      	push	{r3, r4, r5, lr}
 8003e3e:	4615      	mov	r5, r2
 8003e40:	f3ef 8410 	mrs	r4, PRIMASK
 8003e44:	b672      	cpsid	i
 8003e46:	f7ff fec6 	bl	8003bd6 <SEQ_BitPosition>
 8003e4a:	4b03      	ldr	r3, [pc, #12]	@ (8003e58 <UTIL_SEQ_RegTask+0x1c>)
 8003e4c:	f843 5020 	str.w	r5, [r3, r0, lsl #2]
 8003e50:	f384 8810 	msr	PRIMASK, r4
 8003e54:	bd38      	pop	{r3, r4, r5, pc}
 8003e56:	bf00      	nop
 8003e58:	20000754 	.word	0x20000754

08003e5c <HAL_InitTick>:
 8003e5c:	4b11      	ldr	r3, [pc, #68]	@ (8003ea4 <HAL_InitTick+0x48>)
 8003e5e:	781b      	ldrb	r3, [r3, #0]
 8003e60:	b90b      	cbnz	r3, 8003e66 <HAL_InitTick+0xa>
 8003e62:	2001      	movs	r0, #1
 8003e64:	4770      	bx	lr
 8003e66:	b510      	push	{r4, lr}
 8003e68:	4604      	mov	r4, r0
 8003e6a:	f002 f827 	bl	8005ebc <HAL_RCC_GetHCLKFreq>
 8003e6e:	4b0d      	ldr	r3, [pc, #52]	@ (8003ea4 <HAL_InitTick+0x48>)
 8003e70:	781a      	ldrb	r2, [r3, #0]
 8003e72:	f44f 737a 	mov.w	r3, #1000	@ 0x3e8
 8003e76:	fbb3 f3f2 	udiv	r3, r3, r2
 8003e7a:	fbb0 f0f3 	udiv	r0, r0, r3
 8003e7e:	f000 f8b7 	bl	8003ff0 <HAL_SYSTICK_Config>
 8003e82:	b968      	cbnz	r0, 8003ea0 <HAL_InitTick+0x44>
 8003e84:	2c0f      	cmp	r4, #15
 8003e86:	d901      	bls.n	8003e8c <HAL_InitTick+0x30>
 8003e88:	2001      	movs	r0, #1
 8003e8a:	e00a      	b.n	8003ea2 <HAL_InitTick+0x46>
 8003e8c:	4602      	mov	r2, r0
 8003e8e:	4621      	mov	r1, r4
 8003e90:	f04f 30ff 	mov.w	r0, #4294967295
 8003e94:	f000 f898 	bl	8003fc8 <HAL_NVIC_SetPriority>
 8003e98:	4b03      	ldr	r3, [pc, #12]	@ (8003ea8 <HAL_InitTick+0x4c>)
 8003e9a:	601c      	str	r4, [r3, #0]
 8003e9c:	2000      	movs	r0, #0
 8003e9e:	e000      	b.n	8003ea2 <HAL_InitTick+0x46>
 8003ea0:	2001      	movs	r0, #1
 8003ea2:	bd10      	pop	{r4, pc}
 8003ea4:	20000020 	.word	0x20000020
 8003ea8:	20000024 	.word	0x20000024

08003eac <HAL_Init>:
 8003eac:	b510      	push	{r4, lr}
 8003eae:	4a0a      	ldr	r2, [pc, #40]	@ (8003ed8 <HAL_Init+0x2c>)
 8003eb0:	6813      	ldr	r3, [r2, #0]
 8003eb2:	f443 7380 	orr.w	r3, r3, #256	@ 0x100
 8003eb6:	6013      	str	r3, [r2, #0]
 8003eb8:	2003      	movs	r0, #3
 8003eba:	f000 f873 	bl	8003fa4 <HAL_NVIC_SetPriorityGrouping>
 8003ebe:	200f      	movs	r0, #15
 8003ec0:	f7ff ffcc 	bl	8003e5c <HAL_InitTick>
 8003ec4:	b118      	cbz	r0, 8003ece <HAL_Init+0x22>
 8003ec6:	2301      	movs	r3, #1
 8003ec8:	461c      	mov	r4, r3
 8003eca:	4620      	mov	r0, r4
 8003ecc:	bd10      	pop	{r4, pc}
 8003ece:	4604      	mov	r4, r0
 8003ed0:	f000 feca 	bl	8004c68 <HAL_MspInit>
 8003ed4:	e7f9      	b.n	8003eca <HAL_Init+0x1e>
 8003ed6:	bf00      	nop
 8003ed8:	58004000 	.word	0x58004000

08003edc <HAL_IncTick>:
 8003edc:	4b03      	ldr	r3, [pc, #12]	@ (8003eec <HAL_IncTick+0x10>)
 8003ede:	781b      	ldrb	r3, [r3, #0]
 8003ee0:	4a03      	ldr	r2, [pc, #12]	@ (8003ef0 <HAL_IncTick+0x14>)
 8003ee2:	6811      	ldr	r1, [r2, #0]
 8003ee4:	440b      	add	r3, r1
 8003ee6:	6013      	str	r3, [r2, #0]
 8003ee8:	4770      	bx	lr
 8003eea:	bf00      	nop
 8003eec:	20000020 	.word	0x20000020
 8003ef0:	200007e4 	.word	0x200007e4

08003ef4 <HAL_GetTick>:
 8003ef4:	4b01      	ldr	r3, [pc, #4]	@ (8003efc <HAL_GetTick+0x8>)
 8003ef6:	6818      	ldr	r0, [r3, #0]
 8003ef8:	4770      	bx	lr
 8003efa:	bf00      	nop
 8003efc:	200007e4 	.word	0x200007e4

08003f00 <HAL_GetTickPrio>:
 8003f00:	4b01      	ldr	r3, [pc, #4]	@ (8003f08 <HAL_GetTickPrio+0x8>)
 8003f02:	6818      	ldr	r0, [r3, #0]
 8003f04:	4770      	bx	lr
 8003f06:	bf00      	nop
 8003f08:	20000024 	.word	0x20000024

08003f0c <HAL_GetTickFreq>:
 8003f0c:	4b01      	ldr	r3, [pc, #4]	@ (8003f14 <HAL_GetTickFreq+0x8>)
 8003f0e:	7818      	ldrb	r0, [r3, #0]
 8003f10:	4770      	bx	lr
 8003f12:	bf00      	nop
 8003f14:	20000020 	.word	0x20000020

08003f18 <__NVIC_EnableIRQ>:
 8003f18:	2800      	cmp	r0, #0
 8003f1a:	db07      	blt.n	8003f2c <__NVIC_EnableIRQ+0x14>
 8003f1c:	f000 021f 	and.w	r2, r0, #31
 8003f20:	0940      	lsrs	r0, r0, #5
 8003f22:	2301      	movs	r3, #1
 8003f24:	4093      	lsls	r3, r2
 8003f26:	4a02      	ldr	r2, [pc, #8]	@ (8003f30 <__NVIC_EnableIRQ+0x18>)
 8003f28:	f842 3020 	str.w	r3, [r2, r0, lsl #2]
 8003f2c:	4770      	bx	lr
 8003f2e:	bf00      	nop
 8003f30:	e000e100 	.word	0xe000e100

08003f34 <__NVIC_SetPriority>:
 8003f34:	2800      	cmp	r0, #0
 8003f36:	db08      	blt.n	8003f4a <__NVIC_SetPriority+0x16>
 8003f38:	0109      	lsls	r1, r1, #4
 8003f3a:	b2c9      	uxtb	r1, r1
 8003f3c:	f100 4060 	add.w	r0, r0, #3758096384	@ 0xe0000000
 8003f40:	f500 4061 	add.w	r0, r0, #57600	@ 0xe100
 8003f44:	f880 1300 	strb.w	r1, [r0, #768]	@ 0x300
 8003f48:	4770      	bx	lr
 8003f4a:	f000 000f 	and.w	r0, r0, #15
 8003f4e:	0109      	lsls	r1, r1, #4
 8003f50:	b2c9      	uxtb	r1, r1
 8003f52:	4b01      	ldr	r3, [pc, #4]	@ (8003f58 <__NVIC_SetPriority+0x24>)
 8003f54:	5419      	strb	r1, [r3, r0]
 8003f56:	4770      	bx	lr
 8003f58:	e000ed14 	.word	0xe000ed14

08003f5c <NVIC_EncodePriority>:
 8003f5c:	b500      	push	{lr}
 8003f5e:	f000 0007 	and.w	r0, r0, #7
 8003f62:	f1a0 0c03 	sub.w	ip, r0, #3
 8003f66:	f1bc 0f04 	cmp.w	ip, #4
 8003f6a:	d807      	bhi.n	8003f7c <NVIC_EncodePriority+0x20>
 8003f6c:	f1c0 0e07 	rsb	lr, r0, #7
 8003f70:	3004      	adds	r0, #4
 8003f72:	2806      	cmp	r0, #6
 8003f74:	d806      	bhi.n	8003f84 <NVIC_EncodePriority+0x28>
 8003f76:	f04f 0c00 	mov.w	ip, #0
 8003f7a:	e003      	b.n	8003f84 <NVIC_EncodePriority+0x28>
 8003f7c:	f04f 0e04 	mov.w	lr, #4
 8003f80:	f04f 0c00 	mov.w	ip, #0
 8003f84:	f04f 33ff 	mov.w	r3, #4294967295
 8003f88:	fa03 f00e 	lsl.w	r0, r3, lr
 8003f8c:	ea21 0100 	bic.w	r1, r1, r0
 8003f90:	fa01 f10c 	lsl.w	r1, r1, ip
 8003f94:	fa03 f30c 	lsl.w	r3, r3, ip
 8003f98:	ea22 0203 	bic.w	r2, r2, r3
 8003f9c:	ea41 0002 	orr.w	r0, r1, r2
 8003fa0:	bd00      	pop	{pc}
	...

08003fa4 <HAL_NVIC_SetPriorityGrouping>:
 8003fa4:	4a07      	ldr	r2, [pc, #28]	@ (8003fc4 <HAL_NVIC_SetPriorityGrouping+0x20>)
 8003fa6:	68d3      	ldr	r3, [r2, #12]
 8003fa8:	f423 63e0 	bic.w	r3, r3, #1792	@ 0x700
 8003fac:	041b      	lsls	r3, r3, #16
 8003fae:	0c1b      	lsrs	r3, r3, #16
 8003fb0:	0200      	lsls	r0, r0, #8
 8003fb2:	f400 60e0 	and.w	r0, r0, #1792	@ 0x700
 8003fb6:	4303      	orrs	r3, r0
 8003fb8:	f043 63bf 	orr.w	r3, r3, #100139008	@ 0x5f80000
 8003fbc:	f443 3300 	orr.w	r3, r3, #131072	@ 0x20000
 8003fc0:	60d3      	str	r3, [r2, #12]
 8003fc2:	4770      	bx	lr
 8003fc4:	e000ed00 	.word	0xe000ed00

08003fc8 <HAL_NVIC_SetPriority>:
 8003fc8:	b510      	push	{r4, lr}
 8003fca:	4604      	mov	r4, r0
 8003fcc:	4b05      	ldr	r3, [pc, #20]	@ (8003fe4 <HAL_NVIC_SetPriority+0x1c>)
 8003fce:	68d8      	ldr	r0, [r3, #12]
 8003fd0:	f3c0 2002 	ubfx	r0, r0, #8, #3
 8003fd4:	f7ff ffc2 	bl	8003f5c <NVIC_EncodePriority>
 8003fd8:	4601      	mov	r1, r0
 8003fda:	4620      	mov	r0, r4
 8003fdc:	f7ff ffaa 	bl	8003f34 <__NVIC_SetPriority>
 8003fe0:	bd10      	pop	{r4, pc}
 8003fe2:	bf00      	nop
 8003fe4:	e000ed00 	.word	0xe000ed00

08003fe8 <HAL_NVIC_EnableIRQ>:
 8003fe8:	b508      	push	{r3, lr}
 8003fea:	f7ff ff95 	bl	8003f18 <__NVIC_EnableIRQ>
 8003fee:	bd08      	pop	{r3, pc}

08003ff0 <HAL_SYSTICK_Config>:
 8003ff0:	3801      	subs	r0, #1
 8003ff2:	f1b0 7f80 	cmp.w	r0, #16777216	@ 0x1000000
 8003ff6:	d20b      	bcs.n	8004010 <HAL_SYSTICK_Config+0x20>
 8003ff8:	f04f 23e0 	mov.w	r3, #3758153728	@ 0xe000e000
 8003ffc:	6158      	str	r0, [r3, #20]
 8003ffe:	4a05      	ldr	r2, [pc, #20]	@ (8004014 <HAL_SYSTICK_Config+0x24>)
 8004000:	21f0      	movs	r1, #240	@ 0xf0
 8004002:	f882 1023 	strb.w	r1, [r2, #35]	@ 0x23
 8004006:	2000      	movs	r0, #0
 8004008:	6198      	str	r0, [r3, #24]
 800400a:	2207      	movs	r2, #7
 800400c:	611a      	str	r2, [r3, #16]
 800400e:	4770      	bx	lr
 8004010:	2001      	movs	r0, #1
 8004012:	4770      	bx	lr
 8004014:	e000ed00 	.word	0xe000ed00

08004018 <HAL_NVIC_SetPendingIRQ>:
 8004018:	2800      	cmp	r0, #0
 800401a:	db08      	blt.n	800402e <HAL_NVIC_SetPendingIRQ+0x16>
 800401c:	f000 021f 	and.w	r2, r0, #31
 8004020:	0940      	lsrs	r0, r0, #5
 8004022:	2301      	movs	r3, #1
 8004024:	4093      	lsls	r3, r2
 8004026:	3040      	adds	r0, #64	@ 0x40
 8004028:	4a01      	ldr	r2, [pc, #4]	@ (8004030 <HAL_NVIC_SetPendingIRQ+0x18>)
 800402a:	f842 3020 	str.w	r3, [r2, r0, lsl #2]
 800402e:	4770      	bx	lr
 8004030:	e000e100 	.word	0xe000e100

08004034 <HAL_NVIC_ClearPendingIRQ>:
 8004034:	2800      	cmp	r0, #0
 8004036:	db08      	blt.n	800404a <HAL_NVIC_ClearPendingIRQ+0x16>
 8004038:	f000 021f 	and.w	r2, r0, #31
 800403c:	0940      	lsrs	r0, r0, #5
 800403e:	2301      	movs	r3, #1
 8004040:	4093      	lsls	r3, r2
 8004042:	3060      	adds	r0, #96	@ 0x60
 8004044:	4a01      	ldr	r2, [pc, #4]	@ (800404c <HAL_NVIC_ClearPendingIRQ+0x18>)
 8004046:	f842 3020 	str.w	r3, [r2, r0, lsl #2]
 800404a:	4770      	bx	lr
 800404c:	e000e100 	.word	0xe000e100

08004050 <HAL_GPIO_Init>:
 8004050:	b570      	push	{r4, r5, r6, lr}
 8004052:	4686      	mov	lr, r0
 8004054:	2300      	movs	r3, #0
 8004056:	e067      	b.n	8004128 <HAL_GPIO_Init+0xd8>
 8004058:	f8de 4008 	ldr.w	r4, [lr, #8]
 800405c:	005d      	lsls	r5, r3, #1
 800405e:	2003      	movs	r0, #3
 8004060:	40a8      	lsls	r0, r5
 8004062:	ea24 0400 	bic.w	r4, r4, r0
 8004066:	68c8      	ldr	r0, [r1, #12]
 8004068:	40a8      	lsls	r0, r5
 800406a:	4320      	orrs	r0, r4
 800406c:	f8ce 0008 	str.w	r0, [lr, #8]
 8004070:	f8de 4004 	ldr.w	r4, [lr, #4]
 8004074:	ea24 040c 	bic.w	r4, r4, ip
 8004078:	6848      	ldr	r0, [r1, #4]
 800407a:	f3c0 1000 	ubfx	r0, r0, #4, #1
 800407e:	4098      	lsls	r0, r3
 8004080:	4320      	orrs	r0, r4
 8004082:	f8ce 0004 	str.w	r0, [lr, #4]
 8004086:	e060      	b.n	800414a <HAL_GPIO_Init+0xfa>
 8004088:	08dc      	lsrs	r4, r3, #3
 800408a:	3408      	adds	r4, #8
 800408c:	f85e 0024 	ldr.w	r0, [lr, r4, lsl #2]
 8004090:	f003 0507 	and.w	r5, r3, #7
 8004094:	00ad      	lsls	r5, r5, #2
 8004096:	f04f 0c0f 	mov.w	ip, #15
 800409a:	fa0c fc05 	lsl.w	ip, ip, r5
 800409e:	ea20 0c0c 	bic.w	ip, r0, ip
 80040a2:	6908      	ldr	r0, [r1, #16]
 80040a4:	40a8      	lsls	r0, r5
 80040a6:	ea40 000c 	orr.w	r0, r0, ip
 80040aa:	f84e 0024 	str.w	r0, [lr, r4, lsl #2]
 80040ae:	e062      	b.n	8004176 <HAL_GPIO_Init+0x126>
 80040b0:	2004      	movs	r0, #4
 80040b2:	e000      	b.n	80040b6 <HAL_GPIO_Init+0x66>
 80040b4:	2000      	movs	r0, #0
 80040b6:	fa00 f00c 	lsl.w	r0, r0, ip
 80040ba:	4328      	orrs	r0, r5
 80040bc:	3402      	adds	r4, #2
 80040be:	4d4e      	ldr	r5, [pc, #312]	@ (80041f8 <HAL_GPIO_Init+0x1a8>)
 80040c0:	f845 0024 	str.w	r0, [r5, r4, lsl #2]
 80040c4:	484d      	ldr	r0, [pc, #308]	@ (80041fc <HAL_GPIO_Init+0x1ac>)
 80040c6:	6804      	ldr	r4, [r0, #0]
 80040c8:	43d0      	mvns	r0, r2
 80040ca:	ea24 0502 	bic.w	r5, r4, r2
 80040ce:	684e      	ldr	r6, [r1, #4]
 80040d0:	f416 1f80 	tst.w	r6, #1048576	@ 0x100000
 80040d4:	d001      	beq.n	80040da <HAL_GPIO_Init+0x8a>
 80040d6:	ea42 0504 	orr.w	r5, r2, r4
 80040da:	4c48      	ldr	r4, [pc, #288]	@ (80041fc <HAL_GPIO_Init+0x1ac>)
 80040dc:	6025      	str	r5, [r4, #0]
 80040de:	6864      	ldr	r4, [r4, #4]
 80040e0:	ea00 0504 	and.w	r5, r0, r4
 80040e4:	684e      	ldr	r6, [r1, #4]
 80040e6:	f416 1f00 	tst.w	r6, #2097152	@ 0x200000
 80040ea:	d001      	beq.n	80040f0 <HAL_GPIO_Init+0xa0>
 80040ec:	ea42 0504 	orr.w	r5, r2, r4
 80040f0:	4c42      	ldr	r4, [pc, #264]	@ (80041fc <HAL_GPIO_Init+0x1ac>)
 80040f2:	6065      	str	r5, [r4, #4]
 80040f4:	f8d4 4080 	ldr.w	r4, [r4, #128]	@ 0x80
 80040f8:	ea00 0504 	and.w	r5, r0, r4
 80040fc:	684e      	ldr	r6, [r1, #4]
 80040fe:	f416 3f80 	tst.w	r6, #65536	@ 0x10000
 8004102:	d001      	beq.n	8004108 <HAL_GPIO_Init+0xb8>
 8004104:	ea42 0504 	orr.w	r5, r2, r4
 8004108:	4c3c      	ldr	r4, [pc, #240]	@ (80041fc <HAL_GPIO_Init+0x1ac>)
 800410a:	f8c4 5080 	str.w	r5, [r4, #128]	@ 0x80
 800410e:	f8d4 4084 	ldr.w	r4, [r4, #132]	@ 0x84
 8004112:	4020      	ands	r0, r4
 8004114:	684d      	ldr	r5, [r1, #4]
 8004116:	f415 3f00 	tst.w	r5, #131072	@ 0x20000
 800411a:	d001      	beq.n	8004120 <HAL_GPIO_Init+0xd0>
 800411c:	ea42 0004 	orr.w	r0, r2, r4
 8004120:	4a36      	ldr	r2, [pc, #216]	@ (80041fc <HAL_GPIO_Init+0x1ac>)
 8004122:	f8c2 0084 	str.w	r0, [r2, #132]	@ 0x84
 8004126:	3301      	adds	r3, #1
 8004128:	680a      	ldr	r2, [r1, #0]
 800412a:	fa32 f003 	lsrs.w	r0, r2, r3
 800412e:	d061      	beq.n	80041f4 <HAL_GPIO_Init+0x1a4>
 8004130:	f04f 0c01 	mov.w	ip, #1
 8004134:	fa0c fc03 	lsl.w	ip, ip, r3
 8004138:	ea1c 0202 	ands.w	r2, ip, r2
 800413c:	d0f3      	beq.n	8004126 <HAL_GPIO_Init+0xd6>
 800413e:	6848      	ldr	r0, [r1, #4]
 8004140:	f000 0003 	and.w	r0, r0, #3
 8004144:	3801      	subs	r0, #1
 8004146:	2801      	cmp	r0, #1
 8004148:	d986      	bls.n	8004058 <HAL_GPIO_Init+0x8>
 800414a:	6848      	ldr	r0, [r1, #4]
 800414c:	f000 0003 	and.w	r0, r0, #3
 8004150:	2803      	cmp	r0, #3
 8004152:	d00b      	beq.n	800416c <HAL_GPIO_Init+0x11c>
 8004154:	f8de 400c 	ldr.w	r4, [lr, #12]
 8004158:	005d      	lsls	r5, r3, #1
 800415a:	2003      	movs	r0, #3
 800415c:	40a8      	lsls	r0, r5
 800415e:	ea24 0400 	bic.w	r4, r4, r0
 8004162:	6888      	ldr	r0, [r1, #8]
 8004164:	40a8      	lsls	r0, r5
 8004166:	4320      	orrs	r0, r4
 8004168:	f8ce 000c 	str.w	r0, [lr, #12]
 800416c:	6848      	ldr	r0, [r1, #4]
 800416e:	f000 0003 	and.w	r0, r0, #3
 8004172:	2802      	cmp	r0, #2
 8004174:	d088      	beq.n	8004088 <HAL_GPIO_Init+0x38>
 8004176:	f8de 0000 	ldr.w	r0, [lr]
 800417a:	005c      	lsls	r4, r3, #1
 800417c:	f04f 0c03 	mov.w	ip, #3
 8004180:	fa0c fc04 	lsl.w	ip, ip, r4
 8004184:	ea20 0c0c 	bic.w	ip, r0, ip
 8004188:	6848      	ldr	r0, [r1, #4]
 800418a:	f000 0003 	and.w	r0, r0, #3
 800418e:	40a0      	lsls	r0, r4
 8004190:	ea40 000c 	orr.w	r0, r0, ip
 8004194:	f8ce 0000 	str.w	r0, [lr]
 8004198:	6848      	ldr	r0, [r1, #4]
 800419a:	f410 3f40 	tst.w	r0, #196608	@ 0x30000
 800419e:	d0c2      	beq.n	8004126 <HAL_GPIO_Init+0xd6>
 80041a0:	089c      	lsrs	r4, r3, #2
 80041a2:	1ca5      	adds	r5, r4, #2
 80041a4:	4814      	ldr	r0, [pc, #80]	@ (80041f8 <HAL_GPIO_Init+0x1a8>)
 80041a6:	f850 5025 	ldr.w	r5, [r0, r5, lsl #2]
 80041aa:	f003 0c03 	and.w	ip, r3, #3
 80041ae:	ea4f 0c8c 	mov.w	ip, ip, lsl #2
 80041b2:	200f      	movs	r0, #15
 80041b4:	fa00 f00c 	lsl.w	r0, r0, ip
 80041b8:	ea25 0500 	bic.w	r5, r5, r0
 80041bc:	f1be 4f90 	cmp.w	lr, #1207959552	@ 0x48000000
 80041c0:	f43f af78 	beq.w	80040b4 <HAL_GPIO_Init+0x64>
 80041c4:	480e      	ldr	r0, [pc, #56]	@ (8004200 <HAL_GPIO_Init+0x1b0>)
 80041c6:	4586      	cmp	lr, r0
 80041c8:	d00e      	beq.n	80041e8 <HAL_GPIO_Init+0x198>
 80041ca:	f500 6080 	add.w	r0, r0, #1024	@ 0x400
 80041ce:	4586      	cmp	lr, r0
 80041d0:	d00c      	beq.n	80041ec <HAL_GPIO_Init+0x19c>
 80041d2:	f500 6080 	add.w	r0, r0, #1024	@ 0x400
 80041d6:	4586      	cmp	lr, r0
 80041d8:	d00a      	beq.n	80041f0 <HAL_GPIO_Init+0x1a0>
 80041da:	f500 6080 	add.w	r0, r0, #1024	@ 0x400
 80041de:	4586      	cmp	lr, r0
 80041e0:	f43f af66 	beq.w	80040b0 <HAL_GPIO_Init+0x60>
 80041e4:	2007      	movs	r0, #7
 80041e6:	e766      	b.n	80040b6 <HAL_GPIO_Init+0x66>
 80041e8:	2001      	movs	r0, #1
 80041ea:	e764      	b.n	80040b6 <HAL_GPIO_Init+0x66>
 80041ec:	2002      	movs	r0, #2
 80041ee:	e762      	b.n	80040b6 <HAL_GPIO_Init+0x66>
 80041f0:	2003      	movs	r0, #3
 80041f2:	e760      	b.n	80040b6 <HAL_GPIO_Init+0x66>
 80041f4:	bd70      	pop	{r4, r5, r6, pc}
 80041f6:	bf00      	nop
 80041f8:	40010000 	.word	0x40010000
 80041fc:	58000800 	.word	0x58000800
 8004200:	48000400 	.word	0x48000400

08004204 <HAL_GPIO_WritePin>:
 8004204:	b10a      	cbz	r2, 800420a <HAL_GPIO_WritePin+0x6>
 8004206:	6181      	str	r1, [r0, #24]
 8004208:	4770      	bx	lr
 800420a:	6281      	str	r1, [r0, #40]	@ 0x28
 800420c:	4770      	bx	lr

0800420e <HAL_GPIO_TogglePin>:
 800420e:	6943      	ldr	r3, [r0, #20]
 8004210:	ea01 0203 	and.w	r2, r1, r3
 8004214:	ea21 0103 	bic.w	r1, r1, r3
 8004218:	ea41 4102 	orr.w	r1, r1, r2, lsl #16
 800421c:	6181      	str	r1, [r0, #24]
 800421e:	4770      	bx	lr

08004220 <HAL_HSEM_FreeCallback>:
 8004220:	4770      	bx	lr
	...

08004224 <HAL_HSEM_IRQHandler>:
 8004224:	b508      	push	{r3, lr}
 8004226:	4b05      	ldr	r3, [pc, #20]	@ (800423c <HAL_HSEM_IRQHandler+0x18>)
 8004228:	68d8      	ldr	r0, [r3, #12]
 800422a:	681a      	ldr	r2, [r3, #0]
 800422c:	ea22 0200 	bic.w	r2, r2, r0
 8004230:	601a      	str	r2, [r3, #0]
 8004232:	6058      	str	r0, [r3, #4]
 8004234:	f7ff fff4 	bl	8004220 <HAL_HSEM_FreeCallback>
 8004238:	bd08      	pop	{r3, pc}
 800423a:	bf00      	nop
 800423c:	58001500 	.word	0x58001500

08004240 <I2C_Flush_TXDR>:
 8004240:	6803      	ldr	r3, [r0, #0]
 8004242:	699a      	ldr	r2, [r3, #24]
 8004244:	f012 0f02 	tst.w	r2, #2
 8004248:	d001      	beq.n	800424e <I2C_Flush_TXDR+0xe>
 800424a:	2200      	movs	r2, #0
 800424c:	629a      	str	r2, [r3, #40]	@ 0x28
 800424e:	6803      	ldr	r3, [r0, #0]
 8004250:	699a      	ldr	r2, [r3, #24]
 8004252:	f012 0f01 	tst.w	r2, #1
 8004256:	d103      	bne.n	8004260 <I2C_Flush_TXDR+0x20>
 8004258:	699a      	ldr	r2, [r3, #24]
 800425a:	f042 0201 	orr.w	r2, r2, #1
 800425e:	619a      	str	r2, [r3, #24]
 8004260:	4770      	bx	lr

08004262 <I2C_TransferConfig>:
 8004262:	f8dd c000 	ldr.w	ip, [sp]
 8004266:	f3c1 0109 	ubfx	r1, r1, #0, #10
 800426a:	ea41 4102 	orr.w	r1, r1, r2, lsl #16
 800426e:	4319      	orrs	r1, r3
 8004270:	ea41 010c 	orr.w	r1, r1, ip
 8004274:	f021 4100 	bic.w	r1, r1, #2147483648	@ 0x80000000
 8004278:	6802      	ldr	r2, [r0, #0]
 800427a:	6853      	ldr	r3, [r2, #4]
 800427c:	ea4f 5c5c 	mov.w	ip, ip, lsr #21
 8004280:	f40c 6c80 	and.w	ip, ip, #1024	@ 0x400
 8004284:	f04c 7c7f 	orr.w	ip, ip, #66846720	@ 0x3fc0000
 8004288:	f44c 3c58 	orr.w	ip, ip, #221184	@ 0x36000
 800428c:	f44c 7c7f 	orr.w	ip, ip, #1020	@ 0x3fc
 8004290:	f04c 0c03 	orr.w	ip, ip, #3
 8004294:	ea23 030c 	bic.w	r3, r3, ip
 8004298:	430b      	orrs	r3, r1
 800429a:	6053      	str	r3, [r2, #4]
 800429c:	4770      	bx	lr

0800429e <I2C_IsErrorOccurred>:
 800429e:	e92d 41f0 	stmdb	sp!, {r4, r5, r6, r7, r8, lr}
 80042a2:	4604      	mov	r4, r0
 80042a4:	6803      	ldr	r3, [r0, #0]
 80042a6:	699e      	ldr	r6, [r3, #24]
 80042a8:	f016 0610 	ands.w	r6, r6, #16
 80042ac:	d07c      	beq.n	80043a8 <I2C_IsErrorOccurred+0x10a>
 80042ae:	460d      	mov	r5, r1
 80042b0:	4690      	mov	r8, r2
 80042b2:	2210      	movs	r2, #16
 80042b4:	61da      	str	r2, [r3, #28]
 80042b6:	2600      	movs	r6, #0
 80042b8:	4637      	mov	r7, r6
 80042ba:	6823      	ldr	r3, [r4, #0]
 80042bc:	6998      	ldr	r0, [r3, #24]
 80042be:	f010 0f20 	tst.w	r0, #32
 80042c2:	d130      	bne.n	8004326 <I2C_IsErrorOccurred+0x88>
 80042c4:	bb7f      	cbnz	r7, 8004326 <I2C_IsErrorOccurred+0x88>
 80042c6:	f1b5 3fff 	cmp.w	r5, #4294967295
 80042ca:	d0f6      	beq.n	80042ba <I2C_IsErrorOccurred+0x1c>
 80042cc:	f7ff fe12 	bl	8003ef4 <HAL_GetTick>
 80042d0:	4643      	mov	r3, r8
 80042d2:	1ac0      	subs	r0, r0, r3
 80042d4:	42a8      	cmp	r0, r5
 80042d6:	d801      	bhi.n	80042dc <I2C_IsErrorOccurred+0x3e>
 80042d8:	2d00      	cmp	r5, #0
 80042da:	d1ee      	bne.n	80042ba <I2C_IsErrorOccurred+0x1c>
 80042dc:	6821      	ldr	r1, [r4, #0]
 80042de:	684b      	ldr	r3, [r1, #4]
 80042e0:	f403 4380 	and.w	r3, r3, #16384	@ 0x4000
 80042e4:	f894 2042 	ldrb.w	r2, [r4, #66]	@ 0x42
 80042e8:	b2d2      	uxtb	r2, r2
 80042ea:	6988      	ldr	r0, [r1, #24]
 80042ec:	f410 4f00 	tst.w	r0, #32768	@ 0x8000
 80042f0:	d002      	beq.n	80042f8 <I2C_IsErrorOccurred+0x5a>
 80042f2:	b90b      	cbnz	r3, 80042f8 <I2C_IsErrorOccurred+0x5a>
 80042f4:	2a20      	cmp	r2, #32
 80042f6:	d10e      	bne.n	8004316 <I2C_IsErrorOccurred+0x78>
 80042f8:	6823      	ldr	r3, [r4, #0]
 80042fa:	699b      	ldr	r3, [r3, #24]
 80042fc:	f013 0f20 	tst.w	r3, #32
 8004300:	d1db      	bne.n	80042ba <I2C_IsErrorOccurred+0x1c>
 8004302:	f7ff fdf7 	bl	8003ef4 <HAL_GetTick>
 8004306:	4643      	mov	r3, r8
 8004308:	1ac0      	subs	r0, r0, r3
 800430a:	2819      	cmp	r0, #25
 800430c:	d9f4      	bls.n	80042f8 <I2C_IsErrorOccurred+0x5a>
 800430e:	f046 0620 	orr.w	r6, r6, #32
 8004312:	2701      	movs	r7, #1
 8004314:	e7d1      	b.n	80042ba <I2C_IsErrorOccurred+0x1c>
 8004316:	684b      	ldr	r3, [r1, #4]
 8004318:	f443 4380 	orr.w	r3, r3, #16384	@ 0x4000
 800431c:	604b      	str	r3, [r1, #4]
 800431e:	f7ff fde9 	bl	8003ef4 <HAL_GetTick>
 8004322:	4680      	mov	r8, r0
 8004324:	e7e8      	b.n	80042f8 <I2C_IsErrorOccurred+0x5a>
 8004326:	b90f      	cbnz	r7, 800432c <I2C_IsErrorOccurred+0x8e>
 8004328:	2220      	movs	r2, #32
 800432a:	61da      	str	r2, [r3, #28]
 800432c:	f046 0604 	orr.w	r6, r6, #4
 8004330:	2501      	movs	r5, #1
 8004332:	6822      	ldr	r2, [r4, #0]
 8004334:	6993      	ldr	r3, [r2, #24]
 8004336:	f413 7f80 	tst.w	r3, #256	@ 0x100
 800433a:	d005      	beq.n	8004348 <I2C_IsErrorOccurred+0xaa>
 800433c:	f046 0601 	orr.w	r6, r6, #1
 8004340:	f44f 7180 	mov.w	r1, #256	@ 0x100
 8004344:	61d1      	str	r1, [r2, #28]
 8004346:	2501      	movs	r5, #1
 8004348:	f413 6f80 	tst.w	r3, #1024	@ 0x400
 800434c:	d006      	beq.n	800435c <I2C_IsErrorOccurred+0xbe>
 800434e:	f046 0608 	orr.w	r6, r6, #8
 8004352:	6822      	ldr	r2, [r4, #0]
 8004354:	f44f 6180 	mov.w	r1, #1024	@ 0x400
 8004358:	61d1      	str	r1, [r2, #28]
 800435a:	2501      	movs	r5, #1
 800435c:	f413 7f00 	tst.w	r3, #512	@ 0x200
 8004360:	d024      	beq.n	80043ac <I2C_IsErrorOccurred+0x10e>
 8004362:	f046 0602 	orr.w	r6, r6, #2
 8004366:	6823      	ldr	r3, [r4, #0]
 8004368:	f44f 7200 	mov.w	r2, #512	@ 0x200
 800436c:	61da      	str	r2, [r3, #28]
 800436e:	2501      	movs	r5, #1
 8004370:	4620      	mov	r0, r4
 8004372:	f7ff ff65 	bl	8004240 <I2C_Flush_TXDR>
 8004376:	6822      	ldr	r2, [r4, #0]
 8004378:	6853      	ldr	r3, [r2, #4]
 800437a:	f023 73ff 	bic.w	r3, r3, #33423360	@ 0x1fe0000
 800437e:	f423 338b 	bic.w	r3, r3, #71168	@ 0x11600
 8004382:	f423 73ff 	bic.w	r3, r3, #510	@ 0x1fe
 8004386:	f023 0301 	bic.w	r3, r3, #1
 800438a:	6053      	str	r3, [r2, #4]
 800438c:	6c63      	ldr	r3, [r4, #68]	@ 0x44
 800438e:	4333      	orrs	r3, r6
 8004390:	6463      	str	r3, [r4, #68]	@ 0x44
 8004392:	2320      	movs	r3, #32
 8004394:	f884 3041 	strb.w	r3, [r4, #65]	@ 0x41
 8004398:	2300      	movs	r3, #0
 800439a:	f884 3042 	strb.w	r3, [r4, #66]	@ 0x42
 800439e:	f884 3040 	strb.w	r3, [r4, #64]	@ 0x40
 80043a2:	4628      	mov	r0, r5
 80043a4:	e8bd 81f0 	ldmia.w	sp!, {r4, r5, r6, r7, r8, pc}
 80043a8:	2500      	movs	r5, #0
 80043aa:	e7c2      	b.n	8004332 <I2C_IsErrorOccurred+0x94>
 80043ac:	2d00      	cmp	r5, #0
 80043ae:	d0f8      	beq.n	80043a2 <I2C_IsErrorOccurred+0x104>
 80043b0:	e7de      	b.n	8004370 <I2C_IsErrorOccurred+0xd2>

080043b2 <I2C_WaitOnTXISFlagUntilTimeout>:
 80043b2:	b570      	push	{r4, r5, r6, lr}
 80043b4:	4604      	mov	r4, r0
 80043b6:	460d      	mov	r5, r1
 80043b8:	4616      	mov	r6, r2
 80043ba:	6823      	ldr	r3, [r4, #0]
 80043bc:	699b      	ldr	r3, [r3, #24]
 80043be:	f013 0f02 	tst.w	r3, #2
 80043c2:	d122      	bne.n	800440a <I2C_WaitOnTXISFlagUntilTimeout+0x58>
 80043c4:	4632      	mov	r2, r6
 80043c6:	4629      	mov	r1, r5
 80043c8:	4620      	mov	r0, r4
 80043ca:	f7ff ff68 	bl	800429e <I2C_IsErrorOccurred>
 80043ce:	b9f0      	cbnz	r0, 800440e <I2C_WaitOnTXISFlagUntilTimeout+0x5c>
 80043d0:	f1b5 3fff 	cmp.w	r5, #4294967295
 80043d4:	d0f1      	beq.n	80043ba <I2C_WaitOnTXISFlagUntilTimeout+0x8>
 80043d6:	f7ff fd8d 	bl	8003ef4 <HAL_GetTick>
 80043da:	1b80      	subs	r0, r0, r6
 80043dc:	42a8      	cmp	r0, r5
 80043de:	d801      	bhi.n	80043e4 <I2C_WaitOnTXISFlagUntilTimeout+0x32>
 80043e0:	2d00      	cmp	r5, #0
 80043e2:	d1ea      	bne.n	80043ba <I2C_WaitOnTXISFlagUntilTimeout+0x8>
 80043e4:	6823      	ldr	r3, [r4, #0]
 80043e6:	699b      	ldr	r3, [r3, #24]
 80043e8:	f013 0f02 	tst.w	r3, #2
 80043ec:	d1e5      	bne.n	80043ba <I2C_WaitOnTXISFlagUntilTimeout+0x8>
 80043ee:	6c63      	ldr	r3, [r4, #68]	@ 0x44
 80043f0:	f043 0320 	orr.w	r3, r3, #32
 80043f4:	6463      	str	r3, [r4, #68]	@ 0x44
 80043f6:	2320      	movs	r3, #32
 80043f8:	f884 3041 	strb.w	r3, [r4, #65]	@ 0x41
 80043fc:	2300      	movs	r3, #0
 80043fe:	f884 3042 	strb.w	r3, [r4, #66]	@ 0x42
 8004402:	f884 3040 	strb.w	r3, [r4, #64]	@ 0x40
 8004406:	2001      	movs	r0, #1
 8004408:	e000      	b.n	800440c <I2C_WaitOnTXISFlagUntilTimeout+0x5a>
 800440a:	2000      	movs	r0, #0
 800440c:	bd70      	pop	{r4, r5, r6, pc}
 800440e:	2001      	movs	r0, #1
 8004410:	e7fc      	b.n	800440c <I2C_WaitOnTXISFlagUntilTimeout+0x5a>

08004412 <I2C_WaitOnFlagUntilTimeout>:
 8004412:	e92d 41f0 	stmdb	sp!, {r4, r5, r6, r7, r8, lr}
 8004416:	4604      	mov	r4, r0
 8004418:	460f      	mov	r7, r1
 800441a:	4616      	mov	r6, r2
 800441c:	461d      	mov	r5, r3
 800441e:	f8dd 8018 	ldr.w	r8, [sp, #24]
 8004422:	6823      	ldr	r3, [r4, #0]
 8004424:	699b      	ldr	r3, [r3, #24]
 8004426:	ea37 0303 	bics.w	r3, r7, r3
 800442a:	bf0c      	ite	eq
 800442c:	2301      	moveq	r3, #1
 800442e:	2300      	movne	r3, #0
 8004430:	42b3      	cmp	r3, r6
 8004432:	d127      	bne.n	8004484 <I2C_WaitOnFlagUntilTimeout+0x72>
 8004434:	4642      	mov	r2, r8
 8004436:	4629      	mov	r1, r5
 8004438:	4620      	mov	r0, r4
 800443a:	f7ff ff30 	bl	800429e <I2C_IsErrorOccurred>
 800443e:	bb20      	cbnz	r0, 800448a <I2C_WaitOnFlagUntilTimeout+0x78>
 8004440:	f1b5 3fff 	cmp.w	r5, #4294967295
 8004444:	d0ed      	beq.n	8004422 <I2C_WaitOnFlagUntilTimeout+0x10>
 8004446:	f7ff fd55 	bl	8003ef4 <HAL_GetTick>
 800444a:	eba0 0008 	sub.w	r0, r0, r8
 800444e:	42a8      	cmp	r0, r5
 8004450:	d801      	bhi.n	8004456 <I2C_WaitOnFlagUntilTimeout+0x44>
 8004452:	2d00      	cmp	r5, #0
 8004454:	d1e5      	bne.n	8004422 <I2C_WaitOnFlagUntilTimeout+0x10>
 8004456:	6823      	ldr	r3, [r4, #0]
 8004458:	699b      	ldr	r3, [r3, #24]
 800445a:	ea37 0303 	bics.w	r3, r7, r3
 800445e:	bf0c      	ite	eq
 8004460:	2301      	moveq	r3, #1
 8004462:	2300      	movne	r3, #0
 8004464:	42b3      	cmp	r3, r6
 8004466:	d1dc      	bne.n	8004422 <I2C_WaitOnFlagUntilTimeout+0x10>
 8004468:	6c63      	ldr	r3, [r4, #68]	@ 0x44
 800446a:	f043 0320 	orr.w	r3, r3, #32
 800446e:	6463      	str	r3, [r4, #68]	@ 0x44
 8004470:	2320      	movs	r3, #32
 8004472:	f884 3041 	strb.w	r3, [r4, #65]	@ 0x41
 8004476:	2300      	movs	r3, #0
 8004478:	f884 3042 	strb.w	r3, [r4, #66]	@ 0x42
 800447c:	f884 3040 	strb.w	r3, [r4, #64]	@ 0x40
 8004480:	2001      	movs	r0, #1
 8004482:	e000      	b.n	8004486 <I2C_WaitOnFlagUntilTimeout+0x74>
 8004484:	2000      	movs	r0, #0
 8004486:	e8bd 81f0 	ldmia.w	sp!, {r4, r5, r6, r7, r8, pc}
 800448a:	2001      	movs	r0, #1
 800448c:	e7fb      	b.n	8004486 <I2C_WaitOnFlagUntilTimeout+0x74>
	...

08004490 <I2C_RequestMemoryWrite>:
 8004490:	b570      	push	{r4, r5, r6, lr}
 8004492:	b082      	sub	sp, #8
 8004494:	4604      	mov	r4, r0
 8004496:	4616      	mov	r6, r2
 8004498:	461d      	mov	r5, r3
 800449a:	4b18      	ldr	r3, [pc, #96]	@ (80044fc <I2C_RequestMemoryWrite+0x6c>)
 800449c:	9300      	str	r3, [sp, #0]
 800449e:	f04f 7380 	mov.w	r3, #16777216	@ 0x1000000
 80044a2:	b2ea      	uxtb	r2, r5
 80044a4:	f7ff fedd 	bl	8004262 <I2C_TransferConfig>
 80044a8:	9a07      	ldr	r2, [sp, #28]
 80044aa:	9906      	ldr	r1, [sp, #24]
 80044ac:	4620      	mov	r0, r4
 80044ae:	f7ff ff80 	bl	80043b2 <I2C_WaitOnTXISFlagUntilTimeout>
 80044b2:	b9e0      	cbnz	r0, 80044ee <I2C_RequestMemoryWrite+0x5e>
 80044b4:	2d01      	cmp	r5, #1
 80044b6:	d10d      	bne.n	80044d4 <I2C_RequestMemoryWrite+0x44>
 80044b8:	6823      	ldr	r3, [r4, #0]
 80044ba:	b2f2      	uxtb	r2, r6
 80044bc:	629a      	str	r2, [r3, #40]	@ 0x28
 80044be:	9b07      	ldr	r3, [sp, #28]
 80044c0:	9300      	str	r3, [sp, #0]
 80044c2:	9b06      	ldr	r3, [sp, #24]
 80044c4:	2200      	movs	r2, #0
 80044c6:	2180      	movs	r1, #128	@ 0x80
 80044c8:	4620      	mov	r0, r4
 80044ca:	f7ff ffa2 	bl	8004412 <I2C_WaitOnFlagUntilTimeout>
 80044ce:	b990      	cbnz	r0, 80044f6 <I2C_RequestMemoryWrite+0x66>
 80044d0:	b002      	add	sp, #8
 80044d2:	bd70      	pop	{r4, r5, r6, pc}
 80044d4:	0a33      	lsrs	r3, r6, #8
 80044d6:	6822      	ldr	r2, [r4, #0]
 80044d8:	6293      	str	r3, [r2, #40]	@ 0x28
 80044da:	9a07      	ldr	r2, [sp, #28]
 80044dc:	9906      	ldr	r1, [sp, #24]
 80044de:	4620      	mov	r0, r4
 80044e0:	f7ff ff67 	bl	80043b2 <I2C_WaitOnTXISFlagUntilTimeout>
 80044e4:	b928      	cbnz	r0, 80044f2 <I2C_RequestMemoryWrite+0x62>
 80044e6:	6823      	ldr	r3, [r4, #0]
 80044e8:	b2f2      	uxtb	r2, r6
 80044ea:	629a      	str	r2, [r3, #40]	@ 0x28
 80044ec:	e7e7      	b.n	80044be <I2C_RequestMemoryWrite+0x2e>
 80044ee:	2001      	movs	r0, #1
 80044f0:	e7ee      	b.n	80044d0 <I2C_RequestMemoryWrite+0x40>
 80044f2:	2001      	movs	r0, #1
 80044f4:	e7ec      	b.n	80044d0 <I2C_RequestMemoryWrite+0x40>
 80044f6:	2001      	movs	r0, #1
 80044f8:	e7ea      	b.n	80044d0 <I2C_RequestMemoryWrite+0x40>
 80044fa:	bf00      	nop
 80044fc:	80002000 	.word	0x80002000

08004500 <I2C_RequestMemoryRead>:
 8004500:	b570      	push	{r4, r5, r6, lr}
 8004502:	b082      	sub	sp, #8
 8004504:	4604      	mov	r4, r0
 8004506:	4616      	mov	r6, r2
 8004508:	461d      	mov	r5, r3
 800450a:	4b17      	ldr	r3, [pc, #92]	@ (8004568 <I2C_RequestMemoryRead+0x68>)
 800450c:	9300      	str	r3, [sp, #0]
 800450e:	2300      	movs	r3, #0
 8004510:	b2ea      	uxtb	r2, r5
 8004512:	f7ff fea6 	bl	8004262 <I2C_TransferConfig>
 8004516:	9a07      	ldr	r2, [sp, #28]
 8004518:	9906      	ldr	r1, [sp, #24]
 800451a:	4620      	mov	r0, r4
 800451c:	f7ff ff49 	bl	80043b2 <I2C_WaitOnTXISFlagUntilTimeout>
 8004520:	b9e0      	cbnz	r0, 800455c <I2C_RequestMemoryRead+0x5c>
 8004522:	2d01      	cmp	r5, #1
 8004524:	d10d      	bne.n	8004542 <I2C_RequestMemoryRead+0x42>
 8004526:	6823      	ldr	r3, [r4, #0]
 8004528:	b2f2      	uxtb	r2, r6
 800452a:	629a      	str	r2, [r3, #40]	@ 0x28
 800452c:	9b07      	ldr	r3, [sp, #28]
 800452e:	9300      	str	r3, [sp, #0]
 8004530:	9b06      	ldr	r3, [sp, #24]
 8004532:	2200      	movs	r2, #0
 8004534:	2140      	movs	r1, #64	@ 0x40
 8004536:	4620      	mov	r0, r4
 8004538:	f7ff ff6b 	bl	8004412 <I2C_WaitOnFlagUntilTimeout>
 800453c:	b990      	cbnz	r0, 8004564 <I2C_RequestMemoryRead+0x64>
 800453e:	b002      	add	sp, #8
 8004540:	bd70      	pop	{r4, r5, r6, pc}
 8004542:	0a33      	lsrs	r3, r6, #8
 8004544:	6822      	ldr	r2, [r4, #0]
 8004546:	6293      	str	r3, [r2, #40]	@ 0x28
 8004548:	9a07      	ldr	r2, [sp, #28]
 800454a:	9906      	ldr	r1, [sp, #24]
 800454c:	4620      	mov	r0, r4
 800454e:	f7ff ff30 	bl	80043b2 <I2C_WaitOnTXISFlagUntilTimeout>
 8004552:	b928      	cbnz	r0, 8004560 <I2C_RequestMemoryRead+0x60>
 8004554:	6823      	ldr	r3, [r4, #0]
 8004556:	b2f2      	uxtb	r2, r6
 8004558:	629a      	str	r2, [r3, #40]	@ 0x28
 800455a:	e7e7      	b.n	800452c <I2C_RequestMemoryRead+0x2c>
 800455c:	2001      	movs	r0, #1
 800455e:	e7ee      	b.n	800453e <I2C_RequestMemoryRead+0x3e>
 8004560:	2001      	movs	r0, #1
 8004562:	e7ec      	b.n	800453e <I2C_RequestMemoryRead+0x3e>
 8004564:	2001      	movs	r0, #1
 8004566:	e7ea      	b.n	800453e <I2C_RequestMemoryRead+0x3e>
 8004568:	80002000 	.word	0x80002000

0800456c <I2C_WaitOnSTOPFlagUntilTimeout>:
 800456c:	b570      	push	{r4, r5, r6, lr}
 800456e:	4604      	mov	r4, r0
 8004570:	460d      	mov	r5, r1
 8004572:	4616      	mov	r6, r2
 8004574:	e004      	b.n	8004580 <I2C_WaitOnSTOPFlagUntilTimeout+0x14>
 8004576:	6823      	ldr	r3, [r4, #0]
 8004578:	699b      	ldr	r3, [r3, #24]
 800457a:	f013 0f20 	tst.w	r3, #32
 800457e:	d012      	beq.n	80045a6 <I2C_WaitOnSTOPFlagUntilTimeout+0x3a>
 8004580:	6823      	ldr	r3, [r4, #0]
 8004582:	699b      	ldr	r3, [r3, #24]
 8004584:	f013 0f20 	tst.w	r3, #32
 8004588:	d11b      	bne.n	80045c2 <I2C_WaitOnSTOPFlagUntilTimeout+0x56>
 800458a:	4632      	mov	r2, r6
 800458c:	4629      	mov	r1, r5
 800458e:	4620      	mov	r0, r4
 8004590:	f7ff fe85 	bl	800429e <I2C_IsErrorOccurred>
 8004594:	b9b8      	cbnz	r0, 80045c6 <I2C_WaitOnSTOPFlagUntilTimeout+0x5a>
 8004596:	f7ff fcad 	bl	8003ef4 <HAL_GetTick>
 800459a:	1b80      	subs	r0, r0, r6
 800459c:	42a8      	cmp	r0, r5
 800459e:	d8ea      	bhi.n	8004576 <I2C_WaitOnSTOPFlagUntilTimeout+0xa>
 80045a0:	2d00      	cmp	r5, #0
 80045a2:	d1ed      	bne.n	8004580 <I2C_WaitOnSTOPFlagUntilTimeout+0x14>
 80045a4:	e7e7      	b.n	8004576 <I2C_WaitOnSTOPFlagUntilTimeout+0xa>
 80045a6:	6c63      	ldr	r3, [r4, #68]	@ 0x44
 80045a8:	f043 0320 	orr.w	r3, r3, #32
 80045ac:	6463      	str	r3, [r4, #68]	@ 0x44
 80045ae:	2320      	movs	r3, #32
 80045b0:	f884 3041 	strb.w	r3, [r4, #65]	@ 0x41
 80045b4:	2300      	movs	r3, #0
 80045b6:	f884 3042 	strb.w	r3, [r4, #66]	@ 0x42
 80045ba:	f884 3040 	strb.w	r3, [r4, #64]	@ 0x40
 80045be:	2001      	movs	r0, #1
 80045c0:	e000      	b.n	80045c4 <I2C_WaitOnSTOPFlagUntilTimeout+0x58>
 80045c2:	2000      	movs	r0, #0
 80045c4:	bd70      	pop	{r4, r5, r6, pc}
 80045c6:	2001      	movs	r0, #1
 80045c8:	e7fc      	b.n	80045c4 <I2C_WaitOnSTOPFlagUntilTimeout+0x58>

080045ca <HAL_I2C_Init>:
 80045ca:	2800      	cmp	r0, #0
 80045cc:	d05f      	beq.n	800468e <HAL_I2C_Init+0xc4>
 80045ce:	b510      	push	{r4, lr}
 80045d0:	4604      	mov	r4, r0
 80045d2:	f890 3041 	ldrb.w	r3, [r0, #65]	@ 0x41
 80045d6:	2b00      	cmp	r3, #0
 80045d8:	d048      	beq.n	800466c <HAL_I2C_Init+0xa2>
 80045da:	2324      	movs	r3, #36	@ 0x24
 80045dc:	f884 3041 	strb.w	r3, [r4, #65]	@ 0x41
 80045e0:	6822      	ldr	r2, [r4, #0]
 80045e2:	6813      	ldr	r3, [r2, #0]
 80045e4:	f023 0301 	bic.w	r3, r3, #1
 80045e8:	6013      	str	r3, [r2, #0]
 80045ea:	6863      	ldr	r3, [r4, #4]
 80045ec:	6822      	ldr	r2, [r4, #0]
 80045ee:	f023 6370 	bic.w	r3, r3, #251658240	@ 0xf000000
 80045f2:	6113      	str	r3, [r2, #16]
 80045f4:	6822      	ldr	r2, [r4, #0]
 80045f6:	6893      	ldr	r3, [r2, #8]
 80045f8:	f423 4300 	bic.w	r3, r3, #32768	@ 0x8000
 80045fc:	6093      	str	r3, [r2, #8]
 80045fe:	68e3      	ldr	r3, [r4, #12]
 8004600:	2b01      	cmp	r3, #1
 8004602:	d038      	beq.n	8004676 <HAL_I2C_Init+0xac>
 8004604:	68a3      	ldr	r3, [r4, #8]
 8004606:	6822      	ldr	r2, [r4, #0]
 8004608:	f443 4304 	orr.w	r3, r3, #33792	@ 0x8400
 800460c:	6093      	str	r3, [r2, #8]
 800460e:	68e3      	ldr	r3, [r4, #12]
 8004610:	2b02      	cmp	r3, #2
 8004612:	d036      	beq.n	8004682 <HAL_I2C_Init+0xb8>
 8004614:	6822      	ldr	r2, [r4, #0]
 8004616:	6853      	ldr	r3, [r2, #4]
 8004618:	f423 6300 	bic.w	r3, r3, #2048	@ 0x800
 800461c:	6053      	str	r3, [r2, #4]
 800461e:	6822      	ldr	r2, [r4, #0]
 8004620:	6853      	ldr	r3, [r2, #4]
 8004622:	f043 7300 	orr.w	r3, r3, #33554432	@ 0x2000000
 8004626:	f443 4300 	orr.w	r3, r3, #32768	@ 0x8000
 800462a:	6053      	str	r3, [r2, #4]
 800462c:	6822      	ldr	r2, [r4, #0]
 800462e:	68d3      	ldr	r3, [r2, #12]
 8004630:	f423 4300 	bic.w	r3, r3, #32768	@ 0x8000
 8004634:	60d3      	str	r3, [r2, #12]
 8004636:	6923      	ldr	r3, [r4, #16]
 8004638:	6962      	ldr	r2, [r4, #20]
 800463a:	4313      	orrs	r3, r2
 800463c:	69a1      	ldr	r1, [r4, #24]
 800463e:	6822      	ldr	r2, [r4, #0]
 8004640:	ea43 2301 	orr.w	r3, r3, r1, lsl #8
 8004644:	60d3      	str	r3, [r2, #12]
 8004646:	69e3      	ldr	r3, [r4, #28]
 8004648:	6a21      	ldr	r1, [r4, #32]
 800464a:	6822      	ldr	r2, [r4, #0]
 800464c:	430b      	orrs	r3, r1
 800464e:	6013      	str	r3, [r2, #0]
 8004650:	6822      	ldr	r2, [r4, #0]
 8004652:	6813      	ldr	r3, [r2, #0]
 8004654:	f043 0301 	orr.w	r3, r3, #1
 8004658:	6013      	str	r3, [r2, #0]
 800465a:	2000      	movs	r0, #0
 800465c:	6460      	str	r0, [r4, #68]	@ 0x44
 800465e:	2320      	movs	r3, #32
 8004660:	f884 3041 	strb.w	r3, [r4, #65]	@ 0x41
 8004664:	6320      	str	r0, [r4, #48]	@ 0x30
 8004666:	f884 0042 	strb.w	r0, [r4, #66]	@ 0x42
 800466a:	bd10      	pop	{r4, pc}
 800466c:	f880 3040 	strb.w	r3, [r0, #64]	@ 0x40
 8004670:	f7fe fc92 	bl	8002f98 <HAL_I2C_MspInit>
 8004674:	e7b1      	b.n	80045da <HAL_I2C_Init+0x10>
 8004676:	68a3      	ldr	r3, [r4, #8]
 8004678:	6822      	ldr	r2, [r4, #0]
 800467a:	f443 4300 	orr.w	r3, r3, #32768	@ 0x8000
 800467e:	6093      	str	r3, [r2, #8]
 8004680:	e7c5      	b.n	800460e <HAL_I2C_Init+0x44>
 8004682:	6822      	ldr	r2, [r4, #0]
 8004684:	6853      	ldr	r3, [r2, #4]
 8004686:	f443 6300 	orr.w	r3, r3, #2048	@ 0x800
 800468a:	6053      	str	r3, [r2, #4]
 800468c:	e7c7      	b.n	800461e <HAL_I2C_Init+0x54>
 800468e:	2001      	movs	r0, #1
 8004690:	4770      	bx	lr

08004692 <HAL_I2C_Mem_Write>:
 8004692:	e92d 43f0 	stmdb	sp!, {r4, r5, r6, r7, r8, r9, lr}
 8004696:	b083      	sub	sp, #12
 8004698:	460e      	mov	r6, r1
 800469a:	4698      	mov	r8, r3
 800469c:	f8bd 302c 	ldrh.w	r3, [sp, #44]	@ 0x2c
 80046a0:	f890 1041 	ldrb.w	r1, [r0, #65]	@ 0x41
 80046a4:	2920      	cmp	r1, #32
 80046a6:	f040 80b7 	bne.w	8004818 <HAL_I2C_Mem_Write+0x186>
 80046aa:	4604      	mov	r4, r0
 80046ac:	4617      	mov	r7, r2
 80046ae:	4699      	mov	r9, r3
 80046b0:	9a0a      	ldr	r2, [sp, #40]	@ 0x28
 80046b2:	b1ba      	cbz	r2, 80046e4 <HAL_I2C_Mem_Write+0x52>
 80046b4:	b1b3      	cbz	r3, 80046e4 <HAL_I2C_Mem_Write+0x52>
 80046b6:	f890 3040 	ldrb.w	r3, [r0, #64]	@ 0x40
 80046ba:	2b01      	cmp	r3, #1
 80046bc:	f000 80b0 	beq.w	8004820 <HAL_I2C_Mem_Write+0x18e>
 80046c0:	f04f 0301 	mov.w	r3, #1
 80046c4:	f880 3040 	strb.w	r3, [r0, #64]	@ 0x40
 80046c8:	f7ff fc14 	bl	8003ef4 <HAL_GetTick>
 80046cc:	4605      	mov	r5, r0
 80046ce:	9000      	str	r0, [sp, #0]
 80046d0:	2319      	movs	r3, #25
 80046d2:	2201      	movs	r2, #1
 80046d4:	f44f 4100 	mov.w	r1, #32768	@ 0x8000
 80046d8:	4620      	mov	r0, r4
 80046da:	f7ff fe9a 	bl	8004412 <I2C_WaitOnFlagUntilTimeout>
 80046de:	b130      	cbz	r0, 80046ee <HAL_I2C_Mem_Write+0x5c>
 80046e0:	2001      	movs	r0, #1
 80046e2:	e09a      	b.n	800481a <HAL_I2C_Mem_Write+0x188>
 80046e4:	f44f 7300 	mov.w	r3, #512	@ 0x200
 80046e8:	6463      	str	r3, [r4, #68]	@ 0x44
 80046ea:	2001      	movs	r0, #1
 80046ec:	e095      	b.n	800481a <HAL_I2C_Mem_Write+0x188>
 80046ee:	2321      	movs	r3, #33	@ 0x21
 80046f0:	f884 3041 	strb.w	r3, [r4, #65]	@ 0x41
 80046f4:	2340      	movs	r3, #64	@ 0x40
 80046f6:	f884 3042 	strb.w	r3, [r4, #66]	@ 0x42
 80046fa:	6460      	str	r0, [r4, #68]	@ 0x44
 80046fc:	9a0a      	ldr	r2, [sp, #40]	@ 0x28
 80046fe:	6262      	str	r2, [r4, #36]	@ 0x24
 8004700:	f8a4 902a 	strh.w	r9, [r4, #42]	@ 0x2a
 8004704:	6360      	str	r0, [r4, #52]	@ 0x34
 8004706:	9501      	str	r5, [sp, #4]
 8004708:	9b0c      	ldr	r3, [sp, #48]	@ 0x30
 800470a:	9300      	str	r3, [sp, #0]
 800470c:	4643      	mov	r3, r8
 800470e:	463a      	mov	r2, r7
 8004710:	4631      	mov	r1, r6
 8004712:	4620      	mov	r0, r4
 8004714:	f7ff febc 	bl	8004490 <I2C_RequestMemoryWrite>
 8004718:	b968      	cbnz	r0, 8004736 <HAL_I2C_Mem_Write+0xa4>
 800471a:	8d63      	ldrh	r3, [r4, #42]	@ 0x2a
 800471c:	b29b      	uxth	r3, r3
 800471e:	2bff      	cmp	r3, #255	@ 0xff
 8004720:	d90e      	bls.n	8004740 <HAL_I2C_Mem_Write+0xae>
 8004722:	22ff      	movs	r2, #255	@ 0xff
 8004724:	8522      	strh	r2, [r4, #40]	@ 0x28
 8004726:	9000      	str	r0, [sp, #0]
 8004728:	f04f 7380 	mov.w	r3, #16777216	@ 0x1000000
 800472c:	4631      	mov	r1, r6
 800472e:	4620      	mov	r0, r4
 8004730:	f7ff fd97 	bl	8004262 <I2C_TransferConfig>
 8004734:	e021      	b.n	800477a <HAL_I2C_Mem_Write+0xe8>
 8004736:	2300      	movs	r3, #0
 8004738:	f884 3040 	strb.w	r3, [r4, #64]	@ 0x40
 800473c:	2001      	movs	r0, #1
 800473e:	e06c      	b.n	800481a <HAL_I2C_Mem_Write+0x188>
 8004740:	8d62      	ldrh	r2, [r4, #42]	@ 0x2a
 8004742:	b292      	uxth	r2, r2
 8004744:	8522      	strh	r2, [r4, #40]	@ 0x28
 8004746:	2300      	movs	r3, #0
 8004748:	9300      	str	r3, [sp, #0]
 800474a:	f04f 7300 	mov.w	r3, #33554432	@ 0x2000000
 800474e:	b2d2      	uxtb	r2, r2
 8004750:	4631      	mov	r1, r6
 8004752:	4620      	mov	r0, r4
 8004754:	f7ff fd85 	bl	8004262 <I2C_TransferConfig>
 8004758:	e00f      	b.n	800477a <HAL_I2C_Mem_Write+0xe8>
 800475a:	8d62      	ldrh	r2, [r4, #42]	@ 0x2a
 800475c:	b292      	uxth	r2, r2
 800475e:	8522      	strh	r2, [r4, #40]	@ 0x28
 8004760:	2300      	movs	r3, #0
 8004762:	9300      	str	r3, [sp, #0]
 8004764:	f04f 7300 	mov.w	r3, #33554432	@ 0x2000000
 8004768:	b2d2      	uxtb	r2, r2
 800476a:	4631      	mov	r1, r6
 800476c:	4620      	mov	r0, r4
 800476e:	f7ff fd78 	bl	8004262 <I2C_TransferConfig>
 8004772:	8d63      	ldrh	r3, [r4, #42]	@ 0x2a
 8004774:	b29b      	uxth	r3, r3
 8004776:	2b00      	cmp	r3, #0
 8004778:	d032      	beq.n	80047e0 <HAL_I2C_Mem_Write+0x14e>
 800477a:	462a      	mov	r2, r5
 800477c:	990c      	ldr	r1, [sp, #48]	@ 0x30
 800477e:	4620      	mov	r0, r4
 8004780:	f7ff fe17 	bl	80043b2 <I2C_WaitOnTXISFlagUntilTimeout>
 8004784:	2800      	cmp	r0, #0
 8004786:	d14d      	bne.n	8004824 <HAL_I2C_Mem_Write+0x192>
 8004788:	6a62      	ldr	r2, [r4, #36]	@ 0x24
 800478a:	6823      	ldr	r3, [r4, #0]
 800478c:	7812      	ldrb	r2, [r2, #0]
 800478e:	629a      	str	r2, [r3, #40]	@ 0x28
 8004790:	6a63      	ldr	r3, [r4, #36]	@ 0x24
 8004792:	3301      	adds	r3, #1
 8004794:	6263      	str	r3, [r4, #36]	@ 0x24
 8004796:	8d63      	ldrh	r3, [r4, #42]	@ 0x2a
 8004798:	b29b      	uxth	r3, r3
 800479a:	3b01      	subs	r3, #1
 800479c:	b29b      	uxth	r3, r3
 800479e:	8563      	strh	r3, [r4, #42]	@ 0x2a
 80047a0:	8d23      	ldrh	r3, [r4, #40]	@ 0x28
 80047a2:	3b01      	subs	r3, #1
 80047a4:	b29b      	uxth	r3, r3
 80047a6:	8523      	strh	r3, [r4, #40]	@ 0x28
 80047a8:	8d62      	ldrh	r2, [r4, #42]	@ 0x2a
 80047aa:	b292      	uxth	r2, r2
 80047ac:	2a00      	cmp	r2, #0
 80047ae:	d0e0      	beq.n	8004772 <HAL_I2C_Mem_Write+0xe0>
 80047b0:	2b00      	cmp	r3, #0
 80047b2:	d1de      	bne.n	8004772 <HAL_I2C_Mem_Write+0xe0>
 80047b4:	9500      	str	r5, [sp, #0]
 80047b6:	9b0c      	ldr	r3, [sp, #48]	@ 0x30
 80047b8:	4602      	mov	r2, r0
 80047ba:	2180      	movs	r1, #128	@ 0x80
 80047bc:	4620      	mov	r0, r4
 80047be:	f7ff fe28 	bl	8004412 <I2C_WaitOnFlagUntilTimeout>
 80047c2:	bb88      	cbnz	r0, 8004828 <HAL_I2C_Mem_Write+0x196>
 80047c4:	8d63      	ldrh	r3, [r4, #42]	@ 0x2a
 80047c6:	b29b      	uxth	r3, r3
 80047c8:	2bff      	cmp	r3, #255	@ 0xff
 80047ca:	d9c6      	bls.n	800475a <HAL_I2C_Mem_Write+0xc8>
 80047cc:	22ff      	movs	r2, #255	@ 0xff
 80047ce:	8522      	strh	r2, [r4, #40]	@ 0x28
 80047d0:	9000      	str	r0, [sp, #0]
 80047d2:	f04f 7380 	mov.w	r3, #16777216	@ 0x1000000
 80047d6:	4631      	mov	r1, r6
 80047d8:	4620      	mov	r0, r4
 80047da:	f7ff fd42 	bl	8004262 <I2C_TransferConfig>
 80047de:	e7c8      	b.n	8004772 <HAL_I2C_Mem_Write+0xe0>
 80047e0:	462a      	mov	r2, r5
 80047e2:	990c      	ldr	r1, [sp, #48]	@ 0x30
 80047e4:	4620      	mov	r0, r4
 80047e6:	f7ff fec1 	bl	800456c <I2C_WaitOnSTOPFlagUntilTimeout>
 80047ea:	b9f8      	cbnz	r0, 800482c <HAL_I2C_Mem_Write+0x19a>
 80047ec:	6823      	ldr	r3, [r4, #0]
 80047ee:	2220      	movs	r2, #32
 80047f0:	61da      	str	r2, [r3, #28]
 80047f2:	6821      	ldr	r1, [r4, #0]
 80047f4:	684b      	ldr	r3, [r1, #4]
 80047f6:	f023 73ff 	bic.w	r3, r3, #33423360	@ 0x1fe0000
 80047fa:	f423 338b 	bic.w	r3, r3, #71168	@ 0x11600
 80047fe:	f423 73ff 	bic.w	r3, r3, #510	@ 0x1fe
 8004802:	f023 0301 	bic.w	r3, r3, #1
 8004806:	604b      	str	r3, [r1, #4]
 8004808:	f884 2041 	strb.w	r2, [r4, #65]	@ 0x41
 800480c:	2300      	movs	r3, #0
 800480e:	f884 3042 	strb.w	r3, [r4, #66]	@ 0x42
 8004812:	f884 3040 	strb.w	r3, [r4, #64]	@ 0x40
 8004816:	e000      	b.n	800481a <HAL_I2C_Mem_Write+0x188>
 8004818:	2002      	movs	r0, #2
 800481a:	b003      	add	sp, #12
 800481c:	e8bd 83f0 	ldmia.w	sp!, {r4, r5, r6, r7, r8, r9, pc}
 8004820:	2002      	movs	r0, #2
 8004822:	e7fa      	b.n	800481a <HAL_I2C_Mem_Write+0x188>
 8004824:	2001      	movs	r0, #1
 8004826:	e7f8      	b.n	800481a <HAL_I2C_Mem_Write+0x188>
 8004828:	2001      	movs	r0, #1
 800482a:	e7f6      	b.n	800481a <HAL_I2C_Mem_Write+0x188>
 800482c:	2001      	movs	r0, #1
 800482e:	e7f4      	b.n	800481a <HAL_I2C_Mem_Write+0x188>

08004830 <HAL_I2C_Mem_Read>:
 8004830:	e92d 43f0 	stmdb	sp!, {r4, r5, r6, r7, r8, r9, lr}
 8004834:	b083      	sub	sp, #12
 8004836:	460e      	mov	r6, r1
 8004838:	4698      	mov	r8, r3
 800483a:	f8bd 302c 	ldrh.w	r3, [sp, #44]	@ 0x2c
 800483e:	f890 1041 	ldrb.w	r1, [r0, #65]	@ 0x41
 8004842:	2920      	cmp	r1, #32
 8004844:	f040 80b9 	bne.w	80049ba <HAL_I2C_Mem_Read+0x18a>
 8004848:	4604      	mov	r4, r0
 800484a:	4617      	mov	r7, r2
 800484c:	4699      	mov	r9, r3
 800484e:	9a0a      	ldr	r2, [sp, #40]	@ 0x28
 8004850:	b1ba      	cbz	r2, 8004882 <HAL_I2C_Mem_Read+0x52>
 8004852:	b1b3      	cbz	r3, 8004882 <HAL_I2C_Mem_Read+0x52>
 8004854:	f890 3040 	ldrb.w	r3, [r0, #64]	@ 0x40
 8004858:	2b01      	cmp	r3, #1
 800485a:	f000 80b2 	beq.w	80049c2 <HAL_I2C_Mem_Read+0x192>
 800485e:	f04f 0301 	mov.w	r3, #1
 8004862:	f880 3040 	strb.w	r3, [r0, #64]	@ 0x40
 8004866:	f7ff fb45 	bl	8003ef4 <HAL_GetTick>
 800486a:	4605      	mov	r5, r0
 800486c:	9000      	str	r0, [sp, #0]
 800486e:	2319      	movs	r3, #25
 8004870:	2201      	movs	r2, #1
 8004872:	f44f 4100 	mov.w	r1, #32768	@ 0x8000
 8004876:	4620      	mov	r0, r4
 8004878:	f7ff fdcb 	bl	8004412 <I2C_WaitOnFlagUntilTimeout>
 800487c:	b130      	cbz	r0, 800488c <HAL_I2C_Mem_Read+0x5c>
 800487e:	2001      	movs	r0, #1
 8004880:	e09c      	b.n	80049bc <HAL_I2C_Mem_Read+0x18c>
 8004882:	f44f 7300 	mov.w	r3, #512	@ 0x200
 8004886:	6463      	str	r3, [r4, #68]	@ 0x44
 8004888:	2001      	movs	r0, #1
 800488a:	e097      	b.n	80049bc <HAL_I2C_Mem_Read+0x18c>
 800488c:	2322      	movs	r3, #34	@ 0x22
 800488e:	f884 3041 	strb.w	r3, [r4, #65]	@ 0x41
 8004892:	2340      	movs	r3, #64	@ 0x40
 8004894:	f884 3042 	strb.w	r3, [r4, #66]	@ 0x42
 8004898:	6460      	str	r0, [r4, #68]	@ 0x44
 800489a:	9a0a      	ldr	r2, [sp, #40]	@ 0x28
 800489c:	6262      	str	r2, [r4, #36]	@ 0x24
 800489e:	f8a4 902a 	strh.w	r9, [r4, #42]	@ 0x2a
 80048a2:	6360      	str	r0, [r4, #52]	@ 0x34
 80048a4:	9501      	str	r5, [sp, #4]
 80048a6:	9b0c      	ldr	r3, [sp, #48]	@ 0x30
 80048a8:	9300      	str	r3, [sp, #0]
 80048aa:	4643      	mov	r3, r8
 80048ac:	463a      	mov	r2, r7
 80048ae:	4631      	mov	r1, r6
 80048b0:	4620      	mov	r0, r4
 80048b2:	f7ff fe25 	bl	8004500 <I2C_RequestMemoryRead>
 80048b6:	b970      	cbnz	r0, 80048d6 <HAL_I2C_Mem_Read+0xa6>
 80048b8:	8d63      	ldrh	r3, [r4, #42]	@ 0x2a
 80048ba:	b29b      	uxth	r3, r3
 80048bc:	2bff      	cmp	r3, #255	@ 0xff
 80048be:	d90f      	bls.n	80048e0 <HAL_I2C_Mem_Read+0xb0>
 80048c0:	22ff      	movs	r2, #255	@ 0xff
 80048c2:	8522      	strh	r2, [r4, #40]	@ 0x28
 80048c4:	4b43      	ldr	r3, [pc, #268]	@ (80049d4 <HAL_I2C_Mem_Read+0x1a4>)
 80048c6:	9300      	str	r3, [sp, #0]
 80048c8:	f04f 7380 	mov.w	r3, #16777216	@ 0x1000000
 80048cc:	4631      	mov	r1, r6
 80048ce:	4620      	mov	r0, r4
 80048d0:	f7ff fcc7 	bl	8004262 <I2C_TransferConfig>
 80048d4:	e021      	b.n	800491a <HAL_I2C_Mem_Read+0xea>
 80048d6:	2300      	movs	r3, #0
 80048d8:	f884 3040 	strb.w	r3, [r4, #64]	@ 0x40
 80048dc:	2001      	movs	r0, #1
 80048de:	e06d      	b.n	80049bc <HAL_I2C_Mem_Read+0x18c>
 80048e0:	8d62      	ldrh	r2, [r4, #42]	@ 0x2a
 80048e2:	b292      	uxth	r2, r2
 80048e4:	8522      	strh	r2, [r4, #40]	@ 0x28
 80048e6:	4b3b      	ldr	r3, [pc, #236]	@ (80049d4 <HAL_I2C_Mem_Read+0x1a4>)
 80048e8:	9300      	str	r3, [sp, #0]
 80048ea:	f04f 7300 	mov.w	r3, #33554432	@ 0x2000000
 80048ee:	b2d2      	uxtb	r2, r2
 80048f0:	4631      	mov	r1, r6
 80048f2:	4620      	mov	r0, r4
 80048f4:	f7ff fcb5 	bl	8004262 <I2C_TransferConfig>
 80048f8:	e00f      	b.n	800491a <HAL_I2C_Mem_Read+0xea>
 80048fa:	8d62      	ldrh	r2, [r4, #42]	@ 0x2a
 80048fc:	b292      	uxth	r2, r2
 80048fe:	8522      	strh	r2, [r4, #40]	@ 0x28
 8004900:	2300      	movs	r3, #0
 8004902:	9300      	str	r3, [sp, #0]
 8004904:	f04f 7300 	mov.w	r3, #33554432	@ 0x2000000
 8004908:	b2d2      	uxtb	r2, r2
 800490a:	4631      	mov	r1, r6
 800490c:	4620      	mov	r0, r4
 800490e:	f7ff fca8 	bl	8004262 <I2C_TransferConfig>
 8004912:	8d63      	ldrh	r3, [r4, #42]	@ 0x2a
 8004914:	b29b      	uxth	r3, r3
 8004916:	2b00      	cmp	r3, #0
 8004918:	d033      	beq.n	8004982 <HAL_I2C_Mem_Read+0x152>
 800491a:	9500      	str	r5, [sp, #0]
 800491c:	9b0c      	ldr	r3, [sp, #48]	@ 0x30
 800491e:	2200      	movs	r2, #0
 8004920:	2104      	movs	r1, #4
 8004922:	4620      	mov	r0, r4
 8004924:	f7ff fd75 	bl	8004412 <I2C_WaitOnFlagUntilTimeout>
 8004928:	2800      	cmp	r0, #0
 800492a:	d14c      	bne.n	80049c6 <HAL_I2C_Mem_Read+0x196>
 800492c:	6823      	ldr	r3, [r4, #0]
 800492e:	6a5a      	ldr	r2, [r3, #36]	@ 0x24
 8004930:	6a63      	ldr	r3, [r4, #36]	@ 0x24
 8004932:	701a      	strb	r2, [r3, #0]
 8004934:	6a63      	ldr	r3, [r4, #36]	@ 0x24
 8004936:	3301      	adds	r3, #1
 8004938:	6263      	str	r3, [r4, #36]	@ 0x24
 800493a:	8d22      	ldrh	r2, [r4, #40]	@ 0x28
 800493c:	3a01      	subs	r2, #1
 800493e:	b292      	uxth	r2, r2
 8004940:	8522      	strh	r2, [r4, #40]	@ 0x28
 8004942:	8d63      	ldrh	r3, [r4, #42]	@ 0x2a
 8004944:	b29b      	uxth	r3, r3
 8004946:	3b01      	subs	r3, #1
 8004948:	b29b      	uxth	r3, r3
 800494a:	8563      	strh	r3, [r4, #42]	@ 0x2a
 800494c:	8d63      	ldrh	r3, [r4, #42]	@ 0x2a
 800494e:	b29b      	uxth	r3, r3
 8004950:	2b00      	cmp	r3, #0
 8004952:	d0de      	beq.n	8004912 <HAL_I2C_Mem_Read+0xe2>
 8004954:	2a00      	cmp	r2, #0
 8004956:	d1dc      	bne.n	8004912 <HAL_I2C_Mem_Read+0xe2>
 8004958:	9500      	str	r5, [sp, #0]
 800495a:	9b0c      	ldr	r3, [sp, #48]	@ 0x30
 800495c:	2180      	movs	r1, #128	@ 0x80
 800495e:	4620      	mov	r0, r4
 8004960:	f7ff fd57 	bl	8004412 <I2C_WaitOnFlagUntilTimeout>
 8004964:	bb88      	cbnz	r0, 80049ca <HAL_I2C_Mem_Read+0x19a>
 8004966:	8d63      	ldrh	r3, [r4, #42]	@ 0x2a
 8004968:	b29b      	uxth	r3, r3
 800496a:	2bff      	cmp	r3, #255	@ 0xff
 800496c:	d9c5      	bls.n	80048fa <HAL_I2C_Mem_Read+0xca>
 800496e:	22ff      	movs	r2, #255	@ 0xff
 8004970:	8522      	strh	r2, [r4, #40]	@ 0x28
 8004972:	9000      	str	r0, [sp, #0]
 8004974:	f04f 7380 	mov.w	r3, #16777216	@ 0x1000000
 8004978:	4631      	mov	r1, r6
 800497a:	4620      	mov	r0, r4
 800497c:	f7ff fc71 	bl	8004262 <I2C_TransferConfig>
 8004980:	e7c7      	b.n	8004912 <HAL_I2C_Mem_Read+0xe2>
 8004982:	462a      	mov	r2, r5
 8004984:	990c      	ldr	r1, [sp, #48]	@ 0x30
 8004986:	4620      	mov	r0, r4
 8004988:	f7ff fdf0 	bl	800456c <I2C_WaitOnSTOPFlagUntilTimeout>
 800498c:	b9f8      	cbnz	r0, 80049ce <HAL_I2C_Mem_Read+0x19e>
 800498e:	6823      	ldr	r3, [r4, #0]
 8004990:	2220      	movs	r2, #32
 8004992:	61da      	str	r2, [r3, #28]
 8004994:	6821      	ldr	r1, [r4, #0]
 8004996:	684b      	ldr	r3, [r1, #4]
 8004998:	f023 73ff 	bic.w	r3, r3, #33423360	@ 0x1fe0000
 800499c:	f423 338b 	bic.w	r3, r3, #71168	@ 0x11600
 80049a0:	f423 73ff 	bic.w	r3, r3, #510	@ 0x1fe
 80049a4:	f023 0301 	bic.w	r3, r3, #1
 80049a8:	604b      	str	r3, [r1, #4]
 80049aa:	f884 2041 	strb.w	r2, [r4, #65]	@ 0x41
 80049ae:	2300      	movs	r3, #0
 80049b0:	f884 3042 	strb.w	r3, [r4, #66]	@ 0x42
 80049b4:	f884 3040 	strb.w	r3, [r4, #64]	@ 0x40
 80049b8:	e000      	b.n	80049bc <HAL_I2C_Mem_Read+0x18c>
 80049ba:	2002      	movs	r0, #2
 80049bc:	b003      	add	sp, #12
 80049be:	e8bd 83f0 	ldmia.w	sp!, {r4, r5, r6, r7, r8, r9, pc}
 80049c2:	2002      	movs	r0, #2
 80049c4:	e7fa      	b.n	80049bc <HAL_I2C_Mem_Read+0x18c>
 80049c6:	2001      	movs	r0, #1
 80049c8:	e7f8      	b.n	80049bc <HAL_I2C_Mem_Read+0x18c>
 80049ca:	2001      	movs	r0, #1
 80049cc:	e7f6      	b.n	80049bc <HAL_I2C_Mem_Read+0x18c>
 80049ce:	2001      	movs	r0, #1
 80049d0:	e7f4      	b.n	80049bc <HAL_I2C_Mem_Read+0x18c>
 80049d2:	bf00      	nop
 80049d4:	80002400 	.word	0x80002400

080049d8 <HAL_I2C_IsDeviceReady>:
 80049d8:	e92d 43f0 	stmdb	sp!, {r4, r5, r6, r7, r8, r9, lr}
 80049dc:	b085      	sub	sp, #20
 80049de:	461c      	mov	r4, r3
 80049e0:	2300      	movs	r3, #0
 80049e2:	9303      	str	r3, [sp, #12]
 80049e4:	f890 3041 	ldrb.w	r3, [r0, #65]	@ 0x41
 80049e8:	2b20      	cmp	r3, #32
 80049ea:	f040 80a3 	bne.w	8004b34 <HAL_I2C_IsDeviceReady+0x15c>
 80049ee:	4605      	mov	r5, r0
 80049f0:	4688      	mov	r8, r1
 80049f2:	4617      	mov	r7, r2
 80049f4:	6803      	ldr	r3, [r0, #0]
 80049f6:	699b      	ldr	r3, [r3, #24]
 80049f8:	f413 4f00 	tst.w	r3, #32768	@ 0x8000
 80049fc:	f040 809c 	bne.w	8004b38 <HAL_I2C_IsDeviceReady+0x160>
 8004a00:	f890 3040 	ldrb.w	r3, [r0, #64]	@ 0x40
 8004a04:	2b01      	cmp	r3, #1
 8004a06:	f000 8099 	beq.w	8004b3c <HAL_I2C_IsDeviceReady+0x164>
 8004a0a:	2301      	movs	r3, #1
 8004a0c:	f880 3040 	strb.w	r3, [r0, #64]	@ 0x40
 8004a10:	2324      	movs	r3, #36	@ 0x24
 8004a12:	f880 3041 	strb.w	r3, [r0, #65]	@ 0x41
 8004a16:	2300      	movs	r3, #0
 8004a18:	6443      	str	r3, [r0, #68]	@ 0x44
 8004a1a:	4699      	mov	r9, r3
 8004a1c:	e045      	b.n	8004aaa <HAL_I2C_IsDeviceReady+0xd2>
 8004a1e:	f3c8 0309 	ubfx	r3, r8, #0, #10
 8004a22:	f043 7300 	orr.w	r3, r3, #33554432	@ 0x2000000
 8004a26:	f443 5300 	orr.w	r3, r3, #8192	@ 0x2000
 8004a2a:	e047      	b.n	8004abc <HAL_I2C_IsDeviceReady+0xe4>
 8004a2c:	682a      	ldr	r2, [r5, #0]
 8004a2e:	6993      	ldr	r3, [r2, #24]
 8004a30:	f3c3 1340 	ubfx	r3, r3, #5, #1
 8004a34:	6992      	ldr	r2, [r2, #24]
 8004a36:	f3c2 1200 	ubfx	r2, r2, #4, #1
 8004a3a:	b9c3      	cbnz	r3, 8004a6e <HAL_I2C_IsDeviceReady+0x96>
 8004a3c:	b9ba      	cbnz	r2, 8004a6e <HAL_I2C_IsDeviceReady+0x96>
 8004a3e:	f1b4 3fff 	cmp.w	r4, #4294967295
 8004a42:	d0f3      	beq.n	8004a2c <HAL_I2C_IsDeviceReady+0x54>
 8004a44:	f7ff fa56 	bl	8003ef4 <HAL_GetTick>
 8004a48:	1b80      	subs	r0, r0, r6
 8004a4a:	42a0      	cmp	r0, r4
 8004a4c:	d801      	bhi.n	8004a52 <HAL_I2C_IsDeviceReady+0x7a>
 8004a4e:	2c00      	cmp	r4, #0
 8004a50:	d1ec      	bne.n	8004a2c <HAL_I2C_IsDeviceReady+0x54>
 8004a52:	2320      	movs	r3, #32
 8004a54:	f885 3041 	strb.w	r3, [r5, #65]	@ 0x41
 8004a58:	6c6b      	ldr	r3, [r5, #68]	@ 0x44
 8004a5a:	f043 0320 	orr.w	r3, r3, #32
 8004a5e:	646b      	str	r3, [r5, #68]	@ 0x44
 8004a60:	2300      	movs	r3, #0
 8004a62:	f885 3040 	strb.w	r3, [r5, #64]	@ 0x40
 8004a66:	2001      	movs	r0, #1
 8004a68:	b005      	add	sp, #20
 8004a6a:	e8bd 83f0 	ldmia.w	sp!, {r4, r5, r6, r7, r8, r9, pc}
 8004a6e:	682b      	ldr	r3, [r5, #0]
 8004a70:	699a      	ldr	r2, [r3, #24]
 8004a72:	f012 0f10 	tst.w	r2, #16
 8004a76:	d13d      	bne.n	8004af4 <HAL_I2C_IsDeviceReady+0x11c>
 8004a78:	9600      	str	r6, [sp, #0]
 8004a7a:	4623      	mov	r3, r4
 8004a7c:	2200      	movs	r2, #0
 8004a7e:	2120      	movs	r1, #32
 8004a80:	4628      	mov	r0, r5
 8004a82:	f7ff fcc6 	bl	8004412 <I2C_WaitOnFlagUntilTimeout>
 8004a86:	b360      	cbz	r0, 8004ae2 <HAL_I2C_IsDeviceReady+0x10a>
 8004a88:	6c6b      	ldr	r3, [r5, #68]	@ 0x44
 8004a8a:	2b04      	cmp	r3, #4
 8004a8c:	d023      	beq.n	8004ad6 <HAL_I2C_IsDeviceReady+0xfe>
 8004a8e:	2301      	movs	r3, #1
 8004a90:	4699      	mov	r9, r3
 8004a92:	9b03      	ldr	r3, [sp, #12]
 8004a94:	3301      	adds	r3, #1
 8004a96:	9303      	str	r3, [sp, #12]
 8004a98:	9b03      	ldr	r3, [sp, #12]
 8004a9a:	42bb      	cmp	r3, r7
 8004a9c:	d202      	bcs.n	8004aa4 <HAL_I2C_IsDeviceReady+0xcc>
 8004a9e:	464b      	mov	r3, r9
 8004aa0:	2b00      	cmp	r3, #0
 8004aa2:	d138      	bne.n	8004b16 <HAL_I2C_IsDeviceReady+0x13e>
 8004aa4:	9b03      	ldr	r3, [sp, #12]
 8004aa6:	42bb      	cmp	r3, r7
 8004aa8:	d238      	bcs.n	8004b1c <HAL_I2C_IsDeviceReady+0x144>
 8004aaa:	68eb      	ldr	r3, [r5, #12]
 8004aac:	2b01      	cmp	r3, #1
 8004aae:	d0b6      	beq.n	8004a1e <HAL_I2C_IsDeviceReady+0x46>
 8004ab0:	f3c8 0309 	ubfx	r3, r8, #0, #10
 8004ab4:	f043 7300 	orr.w	r3, r3, #33554432	@ 0x2000000
 8004ab8:	f443 5320 	orr.w	r3, r3, #10240	@ 0x2800
 8004abc:	682a      	ldr	r2, [r5, #0]
 8004abe:	6053      	str	r3, [r2, #4]
 8004ac0:	f7ff fa18 	bl	8003ef4 <HAL_GetTick>
 8004ac4:	4606      	mov	r6, r0
 8004ac6:	682a      	ldr	r2, [r5, #0]
 8004ac8:	6993      	ldr	r3, [r2, #24]
 8004aca:	f3c3 1340 	ubfx	r3, r3, #5, #1
 8004ace:	6992      	ldr	r2, [r2, #24]
 8004ad0:	f3c2 1200 	ubfx	r2, r2, #4, #1
 8004ad4:	e7b1      	b.n	8004a3a <HAL_I2C_IsDeviceReady+0x62>
 8004ad6:	682b      	ldr	r3, [r5, #0]
 8004ad8:	2220      	movs	r2, #32
 8004ada:	61da      	str	r2, [r3, #28]
 8004adc:	2300      	movs	r3, #0
 8004ade:	646b      	str	r3, [r5, #68]	@ 0x44
 8004ae0:	e7d7      	b.n	8004a92 <HAL_I2C_IsDeviceReady+0xba>
 8004ae2:	682a      	ldr	r2, [r5, #0]
 8004ae4:	2320      	movs	r3, #32
 8004ae6:	61d3      	str	r3, [r2, #28]
 8004ae8:	f885 3041 	strb.w	r3, [r5, #65]	@ 0x41
 8004aec:	2300      	movs	r3, #0
 8004aee:	f885 3040 	strb.w	r3, [r5, #64]	@ 0x40
 8004af2:	e7b9      	b.n	8004a68 <HAL_I2C_IsDeviceReady+0x90>
 8004af4:	2210      	movs	r2, #16
 8004af6:	61da      	str	r2, [r3, #28]
 8004af8:	9600      	str	r6, [sp, #0]
 8004afa:	4623      	mov	r3, r4
 8004afc:	2200      	movs	r2, #0
 8004afe:	2120      	movs	r1, #32
 8004b00:	4628      	mov	r0, r5
 8004b02:	f7ff fc86 	bl	8004412 <I2C_WaitOnFlagUntilTimeout>
 8004b06:	b918      	cbnz	r0, 8004b10 <HAL_I2C_IsDeviceReady+0x138>
 8004b08:	682b      	ldr	r3, [r5, #0]
 8004b0a:	2220      	movs	r2, #32
 8004b0c:	61da      	str	r2, [r3, #28]
 8004b0e:	e7c0      	b.n	8004a92 <HAL_I2C_IsDeviceReady+0xba>
 8004b10:	2301      	movs	r3, #1
 8004b12:	4699      	mov	r9, r3
 8004b14:	e7bd      	b.n	8004a92 <HAL_I2C_IsDeviceReady+0xba>
 8004b16:	2300      	movs	r3, #0
 8004b18:	4699      	mov	r9, r3
 8004b1a:	e7c3      	b.n	8004aa4 <HAL_I2C_IsDeviceReady+0xcc>
 8004b1c:	2320      	movs	r3, #32
 8004b1e:	f885 3041 	strb.w	r3, [r5, #65]	@ 0x41
 8004b22:	6c6b      	ldr	r3, [r5, #68]	@ 0x44
 8004b24:	f043 0320 	orr.w	r3, r3, #32
 8004b28:	646b      	str	r3, [r5, #68]	@ 0x44
 8004b2a:	2300      	movs	r3, #0
 8004b2c:	f885 3040 	strb.w	r3, [r5, #64]	@ 0x40
 8004b30:	2001      	movs	r0, #1
 8004b32:	e799      	b.n	8004a68 <HAL_I2C_IsDeviceReady+0x90>
 8004b34:	2002      	movs	r0, #2
 8004b36:	e797      	b.n	8004a68 <HAL_I2C_IsDeviceReady+0x90>
 8004b38:	2002      	movs	r0, #2
 8004b3a:	e795      	b.n	8004a68 <HAL_I2C_IsDeviceReady+0x90>
 8004b3c:	2002      	movs	r0, #2
 8004b3e:	e793      	b.n	8004a68 <HAL_I2C_IsDeviceReady+0x90>

08004b40 <HAL_I2CEx_ConfigAnalogFilter>:
 8004b40:	4603      	mov	r3, r0
 8004b42:	f890 2041 	ldrb.w	r2, [r0, #65]	@ 0x41
 8004b46:	2a20      	cmp	r2, #32
 8004b48:	d123      	bne.n	8004b92 <HAL_I2CEx_ConfigAnalogFilter+0x52>
 8004b4a:	f890 2040 	ldrb.w	r2, [r0, #64]	@ 0x40
 8004b4e:	2a01      	cmp	r2, #1
 8004b50:	d021      	beq.n	8004b96 <HAL_I2CEx_ConfigAnalogFilter+0x56>
 8004b52:	2201      	movs	r2, #1
 8004b54:	f880 2040 	strb.w	r2, [r0, #64]	@ 0x40
 8004b58:	2224      	movs	r2, #36	@ 0x24
 8004b5a:	f880 2041 	strb.w	r2, [r0, #65]	@ 0x41
 8004b5e:	6800      	ldr	r0, [r0, #0]
 8004b60:	6802      	ldr	r2, [r0, #0]
 8004b62:	f022 0201 	bic.w	r2, r2, #1
 8004b66:	6002      	str	r2, [r0, #0]
 8004b68:	6818      	ldr	r0, [r3, #0]
 8004b6a:	6802      	ldr	r2, [r0, #0]
 8004b6c:	f422 5280 	bic.w	r2, r2, #4096	@ 0x1000
 8004b70:	6002      	str	r2, [r0, #0]
 8004b72:	6818      	ldr	r0, [r3, #0]
 8004b74:	6802      	ldr	r2, [r0, #0]
 8004b76:	430a      	orrs	r2, r1
 8004b78:	6002      	str	r2, [r0, #0]
 8004b7a:	6819      	ldr	r1, [r3, #0]
 8004b7c:	680a      	ldr	r2, [r1, #0]
 8004b7e:	f042 0201 	orr.w	r2, r2, #1
 8004b82:	600a      	str	r2, [r1, #0]
 8004b84:	2220      	movs	r2, #32
 8004b86:	f883 2041 	strb.w	r2, [r3, #65]	@ 0x41
 8004b8a:	2000      	movs	r0, #0
 8004b8c:	f883 0040 	strb.w	r0, [r3, #64]	@ 0x40
 8004b90:	4770      	bx	lr
 8004b92:	2002      	movs	r0, #2
 8004b94:	4770      	bx	lr
 8004b96:	2002      	movs	r0, #2
 8004b98:	4770      	bx	lr

08004b9a <HAL_I2CEx_ConfigDigitalFilter>:
 8004b9a:	4603      	mov	r3, r0
 8004b9c:	f890 2041 	ldrb.w	r2, [r0, #65]	@ 0x41
 8004ba0:	2a20      	cmp	r2, #32
 8004ba2:	d121      	bne.n	8004be8 <HAL_I2CEx_ConfigDigitalFilter+0x4e>
 8004ba4:	f890 2040 	ldrb.w	r2, [r0, #64]	@ 0x40
 8004ba8:	2a01      	cmp	r2, #1
 8004baa:	d01f      	beq.n	8004bec <HAL_I2CEx_ConfigDigitalFilter+0x52>
 8004bac:	2201      	movs	r2, #1
 8004bae:	f880 2040 	strb.w	r2, [r0, #64]	@ 0x40
 8004bb2:	2224      	movs	r2, #36	@ 0x24
 8004bb4:	f880 2041 	strb.w	r2, [r0, #65]	@ 0x41
 8004bb8:	6800      	ldr	r0, [r0, #0]
 8004bba:	6802      	ldr	r2, [r0, #0]
 8004bbc:	f022 0201 	bic.w	r2, r2, #1
 8004bc0:	6002      	str	r2, [r0, #0]
 8004bc2:	6818      	ldr	r0, [r3, #0]
 8004bc4:	6802      	ldr	r2, [r0, #0]
 8004bc6:	f422 6270 	bic.w	r2, r2, #3840	@ 0xf00
 8004bca:	ea42 2201 	orr.w	r2, r2, r1, lsl #8
 8004bce:	6002      	str	r2, [r0, #0]
 8004bd0:	6819      	ldr	r1, [r3, #0]
 8004bd2:	680a      	ldr	r2, [r1, #0]
 8004bd4:	f042 0201 	orr.w	r2, r2, #1
 8004bd8:	600a      	str	r2, [r1, #0]
 8004bda:	2220      	movs	r2, #32
 8004bdc:	f883 2041 	strb.w	r2, [r3, #65]	@ 0x41
 8004be0:	2000      	movs	r0, #0
 8004be2:	f883 0040 	strb.w	r0, [r3, #64]	@ 0x40
 8004be6:	4770      	bx	lr
 8004be8:	2002      	movs	r0, #2
 8004bea:	4770      	bx	lr
 8004bec:	2002      	movs	r0, #2
 8004bee:	4770      	bx	lr

08004bf0 <HAL_IPCC_RxCallback>:
 8004bf0:	4770      	bx	lr

08004bf2 <HAL_IPCC_TxCallback>:
 8004bf2:	4770      	bx	lr

08004bf4 <IPCC_SetDefaultCallbacks>:
 8004bf4:	2300      	movs	r3, #0
 8004bf6:	e009      	b.n	8004c0c <IPCC_SetDefaultCallbacks+0x18>
 8004bf8:	eb00 0283 	add.w	r2, r0, r3, lsl #2
 8004bfc:	4905      	ldr	r1, [pc, #20]	@ (8004c14 <IPCC_SetDefaultCallbacks+0x20>)
 8004bfe:	6051      	str	r1, [r2, #4]
 8004c00:	1d9a      	adds	r2, r3, #6
 8004c02:	eb00 0282 	add.w	r2, r0, r2, lsl #2
 8004c06:	4904      	ldr	r1, [pc, #16]	@ (8004c18 <IPCC_SetDefaultCallbacks+0x24>)
 8004c08:	6051      	str	r1, [r2, #4]
 8004c0a:	3301      	adds	r3, #1
 8004c0c:	2b05      	cmp	r3, #5
 8004c0e:	d9f3      	bls.n	8004bf8 <IPCC_SetDefaultCallbacks+0x4>
 8004c10:	4770      	bx	lr
 8004c12:	bf00      	nop
 8004c14:	08004bf1 	.word	0x08004bf1
 8004c18:	08004bf3 	.word	0x08004bf3

08004c1c <IPCC_Reset_Register>:
 8004c1c:	2300      	movs	r3, #0
 8004c1e:	6003      	str	r3, [r0, #0]
 8004c20:	f04f 133f 	mov.w	r3, #4128831	@ 0x3f003f
 8004c24:	6043      	str	r3, [r0, #4]
 8004c26:	233f      	movs	r3, #63	@ 0x3f
 8004c28:	6083      	str	r3, [r0, #8]
 8004c2a:	4770      	bx	lr

08004c2c <HAL_IPCC_Init>:
 8004c2c:	b1c0      	cbz	r0, 8004c60 <HAL_IPCC_Init+0x34>
 8004c2e:	b538      	push	{r3, r4, r5, lr}
 8004c30:	4604      	mov	r4, r0
 8004c32:	f890 3038 	ldrb.w	r3, [r0, #56]	@ 0x38
 8004c36:	b183      	cbz	r3, 8004c5a <HAL_IPCC_Init+0x2e>
 8004c38:	4d0a      	ldr	r5, [pc, #40]	@ (8004c64 <HAL_IPCC_Init+0x38>)
 8004c3a:	4628      	mov	r0, r5
 8004c3c:	f7ff ffee 	bl	8004c1c <IPCC_Reset_Register>
 8004c40:	682b      	ldr	r3, [r5, #0]
 8004c42:	f043 1301 	orr.w	r3, r3, #65537	@ 0x10001
 8004c46:	602b      	str	r3, [r5, #0]
 8004c48:	4620      	mov	r0, r4
 8004c4a:	f7ff ffd3 	bl	8004bf4 <IPCC_SetDefaultCallbacks>
 8004c4e:	2000      	movs	r0, #0
 8004c50:	6360      	str	r0, [r4, #52]	@ 0x34
 8004c52:	2301      	movs	r3, #1
 8004c54:	f884 3038 	strb.w	r3, [r4, #56]	@ 0x38
 8004c58:	bd38      	pop	{r3, r4, r5, pc}
 8004c5a:	f7fe f9f3 	bl	8003044 <HAL_IPCC_MspInit>
 8004c5e:	e7eb      	b.n	8004c38 <HAL_IPCC_Init+0xc>
 8004c60:	2001      	movs	r0, #1
 8004c62:	4770      	bx	lr
 8004c64:	58000c00 	.word	0x58000c00

08004c68 <HAL_MspInit>:
 8004c68:	b500      	push	{lr}
 8004c6a:	b083      	sub	sp, #12
 8004c6c:	f04f 43b0 	mov.w	r3, #1476395008	@ 0x58000000
 8004c70:	6d1a      	ldr	r2, [r3, #80]	@ 0x50
 8004c72:	f442 2200 	orr.w	r2, r2, #524288	@ 0x80000
 8004c76:	651a      	str	r2, [r3, #80]	@ 0x50
 8004c78:	6d1b      	ldr	r3, [r3, #80]	@ 0x50
 8004c7a:	f403 2300 	and.w	r3, r3, #524288	@ 0x80000
 8004c7e:	9301      	str	r3, [sp, #4]
 8004c80:	9b01      	ldr	r3, [sp, #4]
 8004c82:	2200      	movs	r2, #0
 8004c84:	4611      	mov	r1, r2
 8004c86:	202e      	movs	r0, #46	@ 0x2e
 8004c88:	f7ff f99e 	bl	8003fc8 <HAL_NVIC_SetPriority>
 8004c8c:	202e      	movs	r0, #46	@ 0x2e
 8004c8e:	f7ff f9ab 	bl	8003fe8 <HAL_NVIC_EnableIRQ>
 8004c92:	b003      	add	sp, #12
 8004c94:	bd00      	pop	{pc}

08004c96 <HAL_PCD_EP_DB_Receive>:
 8004c96:	b510      	push	{r4, lr}
 8004c98:	f412 4f80 	tst.w	r2, #16384	@ 0x4000
 8004c9c:	d045      	beq.n	8004d2a <HAL_PCD_EP_DB_Receive+0x94>
 8004c9e:	6804      	ldr	r4, [r0, #0]
 8004ca0:	f8b4 3050 	ldrh.w	r3, [r4, #80]	@ 0x50
 8004ca4:	f891 c000 	ldrb.w	ip, [r1]
 8004ca8:	ea4f 0ecc 	mov.w	lr, ip, lsl #3
 8004cac:	fa1e f383 	uxtah	r3, lr, r3
 8004cb0:	4423      	add	r3, r4
 8004cb2:	f8b3 4402 	ldrh.w	r4, [r3, #1026]	@ 0x402
 8004cb6:	f3c4 0409 	ubfx	r4, r4, #0, #10
 8004cba:	698b      	ldr	r3, [r1, #24]
 8004cbc:	42a3      	cmp	r3, r4
 8004cbe:	d32a      	bcc.n	8004d16 <HAL_PCD_EP_DB_Receive+0x80>
 8004cc0:	1b1b      	subs	r3, r3, r4
 8004cc2:	618b      	str	r3, [r1, #24]
 8004cc4:	698b      	ldr	r3, [r1, #24]
 8004cc6:	b983      	cbnz	r3, 8004cea <HAL_PCD_EP_DB_Receive+0x54>
 8004cc8:	f8d0 e000 	ldr.w	lr, [r0]
 8004ccc:	f83e 302c 	ldrh.w	r3, [lr, ip, lsl #2]
 8004cd0:	b29b      	uxth	r3, r3
 8004cd2:	f423 4380 	bic.w	r3, r3, #16384	@ 0x4000
 8004cd6:	f023 0370 	bic.w	r3, r3, #112	@ 0x70
 8004cda:	f483 5300 	eor.w	r3, r3, #8192	@ 0x2000
 8004cde:	f443 4300 	orr.w	r3, r3, #32768	@ 0x8000
 8004ce2:	f043 0380 	orr.w	r3, r3, #128	@ 0x80
 8004ce6:	f82e 302c 	strh.w	r3, [lr, ip, lsl #2]
 8004cea:	f012 0f40 	tst.w	r2, #64	@ 0x40
 8004cee:	d00f      	beq.n	8004d10 <HAL_PCD_EP_DB_Receive+0x7a>
 8004cf0:	6802      	ldr	r2, [r0, #0]
 8004cf2:	f891 c000 	ldrb.w	ip, [r1]
 8004cf6:	f832 302c 	ldrh.w	r3, [r2, ip, lsl #2]
 8004cfa:	b29b      	uxth	r3, r3
 8004cfc:	f423 43e0 	bic.w	r3, r3, #28672	@ 0x7000
 8004d00:	f023 0370 	bic.w	r3, r3, #112	@ 0x70
 8004d04:	f443 4300 	orr.w	r3, r3, #32768	@ 0x8000
 8004d08:	f043 03c0 	orr.w	r3, r3, #192	@ 0xc0
 8004d0c:	f822 302c 	strh.w	r3, [r2, ip, lsl #2]
 8004d10:	b924      	cbnz	r4, 8004d1c <HAL_PCD_EP_DB_Receive+0x86>
 8004d12:	4620      	mov	r0, r4
 8004d14:	bd10      	pop	{r4, pc}
 8004d16:	2300      	movs	r3, #0
 8004d18:	618b      	str	r3, [r1, #24]
 8004d1a:	e7d3      	b.n	8004cc4 <HAL_PCD_EP_DB_Receive+0x2e>
 8004d1c:	4623      	mov	r3, r4
 8004d1e:	890a      	ldrh	r2, [r1, #8]
 8004d20:	6949      	ldr	r1, [r1, #20]
 8004d22:	6800      	ldr	r0, [r0, #0]
 8004d24:	f003 fb00 	bl	8008328 <USB_ReadPMA>
 8004d28:	e7f3      	b.n	8004d12 <HAL_PCD_EP_DB_Receive+0x7c>
 8004d2a:	6804      	ldr	r4, [r0, #0]
 8004d2c:	f8b4 3050 	ldrh.w	r3, [r4, #80]	@ 0x50
 8004d30:	f891 c000 	ldrb.w	ip, [r1]
 8004d34:	ea4f 0ecc 	mov.w	lr, ip, lsl #3
 8004d38:	fa1e f383 	uxtah	r3, lr, r3
 8004d3c:	4423      	add	r3, r4
 8004d3e:	f8b3 4406 	ldrh.w	r4, [r3, #1030]	@ 0x406
 8004d42:	f3c4 0409 	ubfx	r4, r4, #0, #10
 8004d46:	698b      	ldr	r3, [r1, #24]
 8004d48:	42a3      	cmp	r3, r4
 8004d4a:	d330      	bcc.n	8004dae <HAL_PCD_EP_DB_Receive+0x118>
 8004d4c:	1b1b      	subs	r3, r3, r4
 8004d4e:	618b      	str	r3, [r1, #24]
 8004d50:	698b      	ldr	r3, [r1, #24]
 8004d52:	b983      	cbnz	r3, 8004d76 <HAL_PCD_EP_DB_Receive+0xe0>
 8004d54:	f8d0 e000 	ldr.w	lr, [r0]
 8004d58:	f83e 302c 	ldrh.w	r3, [lr, ip, lsl #2]
 8004d5c:	b29b      	uxth	r3, r3
 8004d5e:	f423 4380 	bic.w	r3, r3, #16384	@ 0x4000
 8004d62:	f023 0370 	bic.w	r3, r3, #112	@ 0x70
 8004d66:	f483 5300 	eor.w	r3, r3, #8192	@ 0x2000
 8004d6a:	f443 4300 	orr.w	r3, r3, #32768	@ 0x8000
 8004d6e:	f043 0380 	orr.w	r3, r3, #128	@ 0x80
 8004d72:	f82e 302c 	strh.w	r3, [lr, ip, lsl #2]
 8004d76:	f012 0f40 	tst.w	r2, #64	@ 0x40
 8004d7a:	d10f      	bne.n	8004d9c <HAL_PCD_EP_DB_Receive+0x106>
 8004d7c:	6802      	ldr	r2, [r0, #0]
 8004d7e:	f891 c000 	ldrb.w	ip, [r1]
 8004d82:	f832 302c 	ldrh.w	r3, [r2, ip, lsl #2]
 8004d86:	b29b      	uxth	r3, r3
 8004d88:	f423 43e0 	bic.w	r3, r3, #28672	@ 0x7000
 8004d8c:	f023 0370 	bic.w	r3, r3, #112	@ 0x70
 8004d90:	f443 4300 	orr.w	r3, r3, #32768	@ 0x8000
 8004d94:	f043 03c0 	orr.w	r3, r3, #192	@ 0xc0
 8004d98:	f822 302c 	strh.w	r3, [r2, ip, lsl #2]
 8004d9c:	2c00      	cmp	r4, #0
 8004d9e:	d0b8      	beq.n	8004d12 <HAL_PCD_EP_DB_Receive+0x7c>
 8004da0:	4623      	mov	r3, r4
 8004da2:	894a      	ldrh	r2, [r1, #10]
 8004da4:	6949      	ldr	r1, [r1, #20]
 8004da6:	6800      	ldr	r0, [r0, #0]
 8004da8:	f003 fabe 	bl	8008328 <USB_ReadPMA>
 8004dac:	e7b1      	b.n	8004d12 <HAL_PCD_EP_DB_Receive+0x7c>
 8004dae:	2300      	movs	r3, #0
 8004db0:	618b      	str	r3, [r1, #24]
 8004db2:	e7cd      	b.n	8004d50 <HAL_PCD_EP_DB_Receive+0xba>

08004db4 <HAL_PCD_Init>:
 8004db4:	2800      	cmp	r0, #0
 8004db6:	d056      	beq.n	8004e66 <HAL_PCD_Init+0xb2>
 8004db8:	b510      	push	{r4, lr}
 8004dba:	4604      	mov	r4, r0
 8004dbc:	f890 3291 	ldrb.w	r3, [r0, #657]	@ 0x291
 8004dc0:	b13b      	cbz	r3, 8004dd2 <HAL_PCD_Init+0x1e>
 8004dc2:	2303      	movs	r3, #3
 8004dc4:	f884 3291 	strb.w	r3, [r4, #657]	@ 0x291
 8004dc8:	6820      	ldr	r0, [r4, #0]
 8004dca:	f002 fb8c 	bl	80074e6 <USB_DisableGlobalInt>
 8004dce:	2300      	movs	r3, #0
 8004dd0:	e015      	b.n	8004dfe <HAL_PCD_Init+0x4a>
 8004dd2:	f880 3290 	strb.w	r3, [r0, #656]	@ 0x290
 8004dd6:	f004 f83b 	bl	8008e50 <HAL_PCD_MspInit>
 8004dda:	e7f2      	b.n	8004dc2 <HAL_PCD_Init+0xe>
 8004ddc:	eb03 0283 	add.w	r2, r3, r3, lsl #2
 8004de0:	eb04 02c2 	add.w	r2, r4, r2, lsl #3
 8004de4:	2101      	movs	r1, #1
 8004de6:	7451      	strb	r1, [r2, #17]
 8004de8:	7413      	strb	r3, [r2, #16]
 8004dea:	2100      	movs	r1, #0
 8004dec:	74d1      	strb	r1, [r2, #19]
 8004dee:	6211      	str	r1, [r2, #32]
 8004df0:	6251      	str	r1, [r2, #36]	@ 0x24
 8004df2:	3301      	adds	r3, #1
 8004df4:	eb03 0283 	add.w	r2, r3, r3, lsl #2
 8004df8:	00d2      	lsls	r2, r2, #3
 8004dfa:	50a1      	str	r1, [r4, r2]
 8004dfc:	b2db      	uxtb	r3, r3
 8004dfe:	7920      	ldrb	r0, [r4, #4]
 8004e00:	4298      	cmp	r0, r3
 8004e02:	d8eb      	bhi.n	8004ddc <HAL_PCD_Init+0x28>
 8004e04:	2300      	movs	r3, #0
 8004e06:	e016      	b.n	8004e36 <HAL_PCD_Init+0x82>
 8004e08:	eb03 0283 	add.w	r2, r3, r3, lsl #2
 8004e0c:	eb04 02c2 	add.w	r2, r4, r2, lsl #3
 8004e10:	2100      	movs	r1, #0
 8004e12:	f882 1151 	strb.w	r1, [r2, #337]	@ 0x151
 8004e16:	f882 3150 	strb.w	r3, [r2, #336]	@ 0x150
 8004e1a:	f882 1153 	strb.w	r1, [r2, #339]	@ 0x153
 8004e1e:	f8c2 1160 	str.w	r1, [r2, #352]	@ 0x160
 8004e22:	f8c2 1164 	str.w	r1, [r2, #356]	@ 0x164
 8004e26:	eb03 0283 	add.w	r2, r3, r3, lsl #2
 8004e2a:	eb04 02c2 	add.w	r2, r4, r2, lsl #3
 8004e2e:	f8c2 1168 	str.w	r1, [r2, #360]	@ 0x168
 8004e32:	3301      	adds	r3, #1
 8004e34:	b2db      	uxtb	r3, r3
 8004e36:	4298      	cmp	r0, r3
 8004e38:	d8e6      	bhi.n	8004e08 <HAL_PCD_Init+0x54>
 8004e3a:	4623      	mov	r3, r4
 8004e3c:	f853 0b04 	ldr.w	r0, [r3], #4
 8004e40:	e893 0006 	ldmia.w	r3, {r1, r2}
 8004e44:	f002 fb5a 	bl	80074fc <USB_DevInit>
 8004e48:	2300      	movs	r3, #0
 8004e4a:	7323      	strb	r3, [r4, #12]
 8004e4c:	2301      	movs	r3, #1
 8004e4e:	f884 3291 	strb.w	r3, [r4, #657]	@ 0x291
 8004e52:	7aa3      	ldrb	r3, [r4, #10]
 8004e54:	2b01      	cmp	r3, #1
 8004e56:	d001      	beq.n	8004e5c <HAL_PCD_Init+0xa8>
 8004e58:	2000      	movs	r0, #0
 8004e5a:	bd10      	pop	{r4, pc}
 8004e5c:	4620      	mov	r0, r4
 8004e5e:	f000 ff16 	bl	8005c8e <HAL_PCDEx_ActivateLPM>
 8004e62:	2000      	movs	r0, #0
 8004e64:	e7f9      	b.n	8004e5a <HAL_PCD_Init+0xa6>
 8004e66:	2001      	movs	r0, #1
 8004e68:	4770      	bx	lr

08004e6a <HAL_PCD_Start>:
 8004e6a:	f890 3290 	ldrb.w	r3, [r0, #656]	@ 0x290
 8004e6e:	2b01      	cmp	r3, #1
 8004e70:	d00e      	beq.n	8004e90 <HAL_PCD_Start+0x26>
 8004e72:	b510      	push	{r4, lr}
 8004e74:	4604      	mov	r4, r0
 8004e76:	2301      	movs	r3, #1
 8004e78:	f880 3290 	strb.w	r3, [r0, #656]	@ 0x290
 8004e7c:	6800      	ldr	r0, [r0, #0]
 8004e7e:	f002 fb29 	bl	80074d4 <USB_EnableGlobalInt>
 8004e82:	6820      	ldr	r0, [r4, #0]
 8004e84:	f002 ff68 	bl	8007d58 <USB_DevConnect>
 8004e88:	2000      	movs	r0, #0
 8004e8a:	f884 0290 	strb.w	r0, [r4, #656]	@ 0x290
 8004e8e:	bd10      	pop	{r4, pc}
 8004e90:	2002      	movs	r0, #2
 8004e92:	4770      	bx	lr

08004e94 <HAL_PCD_EP_DB_Transmit>:
 8004e94:	b570      	push	{r4, r5, r6, lr}
 8004e96:	4605      	mov	r5, r0
 8004e98:	460c      	mov	r4, r1
 8004e9a:	4616      	mov	r6, r2
 8004e9c:	f012 0f40 	tst.w	r2, #64	@ 0x40
 8004ea0:	f000 811f 	beq.w	80050e2 <HAL_PCD_EP_DB_Transmit+0x24e>
 8004ea4:	6802      	ldr	r2, [r0, #0]
 8004ea6:	f8b2 3050 	ldrh.w	r3, [r2, #80]	@ 0x50
 8004eaa:	7809      	ldrb	r1, [r1, #0]
 8004eac:	ea4f 0cc1 	mov.w	ip, r1, lsl #3
 8004eb0:	fa1c f383 	uxtah	r3, ip, r3
 8004eb4:	4413      	add	r3, r2
 8004eb6:	f8b3 2402 	ldrh.w	r2, [r3, #1026]	@ 0x402
 8004eba:	f3c2 0209 	ubfx	r2, r2, #0, #10
 8004ebe:	69a3      	ldr	r3, [r4, #24]
 8004ec0:	4293      	cmp	r3, r2
 8004ec2:	d92c      	bls.n	8004f1e <HAL_PCD_EP_DB_Transmit+0x8a>
 8004ec4:	1a9b      	subs	r3, r3, r2
 8004ec6:	61a3      	str	r3, [r4, #24]
 8004ec8:	69a0      	ldr	r0, [r4, #24]
 8004eca:	b358      	cbz	r0, 8004f24 <HAL_PCD_EP_DB_Transmit+0x90>
 8004ecc:	f416 4f80 	tst.w	r6, #16384	@ 0x4000
 8004ed0:	d00d      	beq.n	8004eee <HAL_PCD_EP_DB_Transmit+0x5a>
 8004ed2:	6828      	ldr	r0, [r5, #0]
 8004ed4:	f830 3021 	ldrh.w	r3, [r0, r1, lsl #2]
 8004ed8:	b29b      	uxth	r3, r3
 8004eda:	f423 43e0 	bic.w	r3, r3, #28672	@ 0x7000
 8004ede:	f023 0370 	bic.w	r3, r3, #112	@ 0x70
 8004ee2:	f443 4340 	orr.w	r3, r3, #49152	@ 0xc000
 8004ee6:	f043 0380 	orr.w	r3, r3, #128	@ 0x80
 8004eea:	f820 3021 	strh.w	r3, [r0, r1, lsl #2]
 8004eee:	f894 3024 	ldrb.w	r3, [r4, #36]	@ 0x24
 8004ef2:	2b01      	cmp	r3, #1
 8004ef4:	f000 808d 	beq.w	8005012 <HAL_PCD_EP_DB_Transmit+0x17e>
 8004ef8:	682a      	ldr	r2, [r5, #0]
 8004efa:	7821      	ldrb	r1, [r4, #0]
 8004efc:	f832 3021 	ldrh.w	r3, [r2, r1, lsl #2]
 8004f00:	b29b      	uxth	r3, r3
 8004f02:	f423 43e0 	bic.w	r3, r3, #28672	@ 0x7000
 8004f06:	f023 0340 	bic.w	r3, r3, #64	@ 0x40
 8004f0a:	f083 0330 	eor.w	r3, r3, #48	@ 0x30
 8004f0e:	f443 4300 	orr.w	r3, r3, #32768	@ 0x8000
 8004f12:	f043 0380 	orr.w	r3, r3, #128	@ 0x80
 8004f16:	f822 3021 	strh.w	r3, [r2, r1, lsl #2]
 8004f1a:	2000      	movs	r0, #0
 8004f1c:	bd70      	pop	{r4, r5, r6, pc}
 8004f1e:	2300      	movs	r3, #0
 8004f20:	61a3      	str	r3, [r4, #24]
 8004f22:	e7d1      	b.n	8004ec8 <HAL_PCD_EP_DB_Transmit+0x34>
 8004f24:	7863      	ldrb	r3, [r4, #1]
 8004f26:	2b00      	cmp	r3, #0
 8004f28:	d148      	bne.n	8004fbc <HAL_PCD_EP_DB_Transmit+0x128>
 8004f2a:	682a      	ldr	r2, [r5, #0]
 8004f2c:	f8b2 3050 	ldrh.w	r3, [r2, #80]	@ 0x50
 8004f30:	fa12 f383 	uxtah	r3, r2, r3
 8004f34:	4463      	add	r3, ip
 8004f36:	f8b3 2402 	ldrh.w	r2, [r3, #1026]	@ 0x402
 8004f3a:	f3c2 0209 	ubfx	r2, r2, #0, #10
 8004f3e:	f8a3 2402 	strh.w	r2, [r3, #1026]	@ 0x402
 8004f42:	f8b3 2402 	ldrh.w	r2, [r3, #1026]	@ 0x402
 8004f46:	ea6f 4242 	mvn.w	r2, r2, lsl #17
 8004f4a:	ea6f 4252 	mvn.w	r2, r2, lsr #17
 8004f4e:	b292      	uxth	r2, r2
 8004f50:	f8a3 2402 	strh.w	r2, [r3, #1026]	@ 0x402
 8004f54:	682a      	ldr	r2, [r5, #0]
 8004f56:	7863      	ldrb	r3, [r4, #1]
 8004f58:	2b00      	cmp	r3, #0
 8004f5a:	d13b      	bne.n	8004fd4 <HAL_PCD_EP_DB_Transmit+0x140>
 8004f5c:	f8b2 3050 	ldrh.w	r3, [r2, #80]	@ 0x50
 8004f60:	fa12 f383 	uxtah	r3, r2, r3
 8004f64:	7822      	ldrb	r2, [r4, #0]
 8004f66:	eb03 03c2 	add.w	r3, r3, r2, lsl #3
 8004f6a:	f8b3 2406 	ldrh.w	r2, [r3, #1030]	@ 0x406
 8004f6e:	f3c2 0209 	ubfx	r2, r2, #0, #10
 8004f72:	f8a3 2406 	strh.w	r2, [r3, #1030]	@ 0x406
 8004f76:	f8b3 2406 	ldrh.w	r2, [r3, #1030]	@ 0x406
 8004f7a:	ea6f 4242 	mvn.w	r2, r2, lsl #17
 8004f7e:	ea6f 4252 	mvn.w	r2, r2, lsr #17
 8004f82:	b292      	uxth	r2, r2
 8004f84:	f8a3 2406 	strh.w	r2, [r3, #1030]	@ 0x406
 8004f88:	78e3      	ldrb	r3, [r4, #3]
 8004f8a:	2b02      	cmp	r3, #2
 8004f8c:	d02f      	beq.n	8004fee <HAL_PCD_EP_DB_Transmit+0x15a>
 8004f8e:	7821      	ldrb	r1, [r4, #0]
 8004f90:	4628      	mov	r0, r5
 8004f92:	f003 ffcd 	bl	8008f30 <HAL_PCD_DataInStageCallback>
 8004f96:	f416 4f80 	tst.w	r6, #16384	@ 0x4000
 8004f9a:	d0be      	beq.n	8004f1a <HAL_PCD_EP_DB_Transmit+0x86>
 8004f9c:	682a      	ldr	r2, [r5, #0]
 8004f9e:	7821      	ldrb	r1, [r4, #0]
 8004fa0:	f832 3021 	ldrh.w	r3, [r2, r1, lsl #2]
 8004fa4:	b29b      	uxth	r3, r3
 8004fa6:	f423 43e0 	bic.w	r3, r3, #28672	@ 0x7000
 8004faa:	f023 0370 	bic.w	r3, r3, #112	@ 0x70
 8004fae:	f443 4340 	orr.w	r3, r3, #49152	@ 0xc000
 8004fb2:	f043 0380 	orr.w	r3, r3, #128	@ 0x80
 8004fb6:	f822 3021 	strh.w	r3, [r2, r1, lsl #2]
 8004fba:	e7ae      	b.n	8004f1a <HAL_PCD_EP_DB_Transmit+0x86>
 8004fbc:	2b01      	cmp	r3, #1
 8004fbe:	d1c9      	bne.n	8004f54 <HAL_PCD_EP_DB_Transmit+0xc0>
 8004fc0:	682a      	ldr	r2, [r5, #0]
 8004fc2:	f8b2 3050 	ldrh.w	r3, [r2, #80]	@ 0x50
 8004fc6:	fa12 f383 	uxtah	r3, r2, r3
 8004fca:	4463      	add	r3, ip
 8004fcc:	2200      	movs	r2, #0
 8004fce:	f8a3 2402 	strh.w	r2, [r3, #1026]	@ 0x402
 8004fd2:	e7bf      	b.n	8004f54 <HAL_PCD_EP_DB_Transmit+0xc0>
 8004fd4:	2b01      	cmp	r3, #1
 8004fd6:	d1d7      	bne.n	8004f88 <HAL_PCD_EP_DB_Transmit+0xf4>
 8004fd8:	f8b2 3050 	ldrh.w	r3, [r2, #80]	@ 0x50
 8004fdc:	fa12 f383 	uxtah	r3, r2, r3
 8004fe0:	7822      	ldrb	r2, [r4, #0]
 8004fe2:	eb03 03c2 	add.w	r3, r3, r2, lsl #3
 8004fe6:	2200      	movs	r2, #0
 8004fe8:	f8a3 2406 	strh.w	r2, [r3, #1030]	@ 0x406
 8004fec:	e7cc      	b.n	8004f88 <HAL_PCD_EP_DB_Transmit+0xf4>
 8004fee:	682a      	ldr	r2, [r5, #0]
 8004ff0:	7821      	ldrb	r1, [r4, #0]
 8004ff2:	f832 3021 	ldrh.w	r3, [r2, r1, lsl #2]
 8004ff6:	b29b      	uxth	r3, r3
 8004ff8:	f423 43e0 	bic.w	r3, r3, #28672	@ 0x7000
 8004ffc:	f023 0340 	bic.w	r3, r3, #64	@ 0x40
 8005000:	f083 0320 	eor.w	r3, r3, #32
 8005004:	f443 4300 	orr.w	r3, r3, #32768	@ 0x8000
 8005008:	f043 0380 	orr.w	r3, r3, #128	@ 0x80
 800500c:	f822 3021 	strh.w	r3, [r2, r1, lsl #2]
 8005010:	e7bd      	b.n	8004f8e <HAL_PCD_EP_DB_Transmit+0xfa>
 8005012:	6963      	ldr	r3, [r4, #20]
 8005014:	4413      	add	r3, r2
 8005016:	6163      	str	r3, [r4, #20]
 8005018:	69e3      	ldr	r3, [r4, #28]
 800501a:	4413      	add	r3, r2
 800501c:	61e3      	str	r3, [r4, #28]
 800501e:	6a21      	ldr	r1, [r4, #32]
 8005020:	6923      	ldr	r3, [r4, #16]
 8005022:	4299      	cmp	r1, r3
 8005024:	d31d      	bcc.n	8005062 <HAL_PCD_EP_DB_Transmit+0x1ce>
 8005026:	1ac9      	subs	r1, r1, r3
 8005028:	6221      	str	r1, [r4, #32]
 800502a:	7862      	ldrb	r2, [r4, #1]
 800502c:	2a00      	cmp	r2, #0
 800502e:	d143      	bne.n	80050b8 <HAL_PCD_EP_DB_Transmit+0x224>
 8005030:	6829      	ldr	r1, [r5, #0]
 8005032:	f8b1 2050 	ldrh.w	r2, [r1, #80]	@ 0x50
 8005036:	fa11 f282 	uxtah	r2, r1, r2
 800503a:	7821      	ldrb	r1, [r4, #0]
 800503c:	eb02 02c1 	add.w	r2, r2, r1, lsl #3
 8005040:	f8b2 1402 	ldrh.w	r1, [r2, #1026]	@ 0x402
 8005044:	f3c1 0109 	ubfx	r1, r1, #0, #10
 8005048:	f8a2 1402 	strh.w	r1, [r2, #1026]	@ 0x402
 800504c:	b9a3      	cbnz	r3, 8005078 <HAL_PCD_EP_DB_Transmit+0x1e4>
 800504e:	f8b2 1402 	ldrh.w	r1, [r2, #1026]	@ 0x402
 8005052:	ea6f 4141 	mvn.w	r1, r1, lsl #17
 8005056:	ea6f 4151 	mvn.w	r1, r1, lsr #17
 800505a:	b289      	uxth	r1, r1
 800505c:	f8a2 1402 	strh.w	r1, [r2, #1026]	@ 0x402
 8005060:	e02c      	b.n	80050bc <HAL_PCD_EP_DB_Transmit+0x228>
 8005062:	b919      	cbnz	r1, 800506c <HAL_PCD_EP_DB_Transmit+0x1d8>
 8005064:	f884 1024 	strb.w	r1, [r4, #36]	@ 0x24
 8005068:	4613      	mov	r3, r2
 800506a:	e7de      	b.n	800502a <HAL_PCD_EP_DB_Transmit+0x196>
 800506c:	2300      	movs	r3, #0
 800506e:	f884 3024 	strb.w	r3, [r4, #36]	@ 0x24
 8005072:	6223      	str	r3, [r4, #32]
 8005074:	460b      	mov	r3, r1
 8005076:	e7d8      	b.n	800502a <HAL_PCD_EP_DB_Transmit+0x196>
 8005078:	2b3e      	cmp	r3, #62	@ 0x3e
 800507a:	d80d      	bhi.n	8005098 <HAL_PCD_EP_DB_Transmit+0x204>
 800507c:	0859      	lsrs	r1, r3, #1
 800507e:	f013 0f01 	tst.w	r3, #1
 8005082:	d000      	beq.n	8005086 <HAL_PCD_EP_DB_Transmit+0x1f2>
 8005084:	3101      	adds	r1, #1
 8005086:	f8b2 0402 	ldrh.w	r0, [r2, #1026]	@ 0x402
 800508a:	b280      	uxth	r0, r0
 800508c:	0289      	lsls	r1, r1, #10
 800508e:	b289      	uxth	r1, r1
 8005090:	4301      	orrs	r1, r0
 8005092:	f8a2 1402 	strh.w	r1, [r2, #1026]	@ 0x402
 8005096:	e011      	b.n	80050bc <HAL_PCD_EP_DB_Transmit+0x228>
 8005098:	0958      	lsrs	r0, r3, #5
 800509a:	f013 0f1f 	tst.w	r3, #31
 800509e:	d100      	bne.n	80050a2 <HAL_PCD_EP_DB_Transmit+0x20e>
 80050a0:	3801      	subs	r0, #1
 80050a2:	f8b2 1402 	ldrh.w	r1, [r2, #1026]	@ 0x402
 80050a6:	b289      	uxth	r1, r1
 80050a8:	0280      	lsls	r0, r0, #10
 80050aa:	b280      	uxth	r0, r0
 80050ac:	4301      	orrs	r1, r0
 80050ae:	f441 4100 	orr.w	r1, r1, #32768	@ 0x8000
 80050b2:	f8a2 1402 	strh.w	r1, [r2, #1026]	@ 0x402
 80050b6:	e001      	b.n	80050bc <HAL_PCD_EP_DB_Transmit+0x228>
 80050b8:	2a01      	cmp	r2, #1
 80050ba:	d006      	beq.n	80050ca <HAL_PCD_EP_DB_Transmit+0x236>
 80050bc:	b29b      	uxth	r3, r3
 80050be:	8922      	ldrh	r2, [r4, #8]
 80050c0:	6961      	ldr	r1, [r4, #20]
 80050c2:	6828      	ldr	r0, [r5, #0]
 80050c4:	f002 fe57 	bl	8007d76 <USB_WritePMA>
 80050c8:	e716      	b.n	8004ef8 <HAL_PCD_EP_DB_Transmit+0x64>
 80050ca:	6829      	ldr	r1, [r5, #0]
 80050cc:	f8b1 2050 	ldrh.w	r2, [r1, #80]	@ 0x50
 80050d0:	fa11 f282 	uxtah	r2, r1, r2
 80050d4:	7821      	ldrb	r1, [r4, #0]
 80050d6:	eb02 02c1 	add.w	r2, r2, r1, lsl #3
 80050da:	b299      	uxth	r1, r3
 80050dc:	f8a2 1402 	strh.w	r1, [r2, #1026]	@ 0x402
 80050e0:	e7ec      	b.n	80050bc <HAL_PCD_EP_DB_Transmit+0x228>
 80050e2:	6802      	ldr	r2, [r0, #0]
 80050e4:	f8b2 3050 	ldrh.w	r3, [r2, #80]	@ 0x50
 80050e8:	7809      	ldrb	r1, [r1, #0]
 80050ea:	00c8      	lsls	r0, r1, #3
 80050ec:	fa10 f383 	uxtah	r3, r0, r3
 80050f0:	4413      	add	r3, r2
 80050f2:	f8b3 2406 	ldrh.w	r2, [r3, #1030]	@ 0x406
 80050f6:	f3c2 0209 	ubfx	r2, r2, #0, #10
 80050fa:	69a3      	ldr	r3, [r4, #24]
 80050fc:	4293      	cmp	r3, r2
 80050fe:	d346      	bcc.n	800518e <HAL_PCD_EP_DB_Transmit+0x2fa>
 8005100:	1a9b      	subs	r3, r3, r2
 8005102:	61a3      	str	r3, [r4, #24]
 8005104:	69a3      	ldr	r3, [r4, #24]
 8005106:	2b00      	cmp	r3, #0
 8005108:	d044      	beq.n	8005194 <HAL_PCD_EP_DB_Transmit+0x300>
 800510a:	f416 4f80 	tst.w	r6, #16384	@ 0x4000
 800510e:	d10d      	bne.n	800512c <HAL_PCD_EP_DB_Transmit+0x298>
 8005110:	6828      	ldr	r0, [r5, #0]
 8005112:	f830 3021 	ldrh.w	r3, [r0, r1, lsl #2]
 8005116:	b29b      	uxth	r3, r3
 8005118:	f423 43e0 	bic.w	r3, r3, #28672	@ 0x7000
 800511c:	f023 0370 	bic.w	r3, r3, #112	@ 0x70
 8005120:	f443 4340 	orr.w	r3, r3, #49152	@ 0xc000
 8005124:	f043 0380 	orr.w	r3, r3, #128	@ 0x80
 8005128:	f820 3021 	strh.w	r3, [r0, r1, lsl #2]
 800512c:	f894 3024 	ldrb.w	r3, [r4, #36]	@ 0x24
 8005130:	2b01      	cmp	r3, #1
 8005132:	f47f aee1 	bne.w	8004ef8 <HAL_PCD_EP_DB_Transmit+0x64>
 8005136:	6963      	ldr	r3, [r4, #20]
 8005138:	4413      	add	r3, r2
 800513a:	6163      	str	r3, [r4, #20]
 800513c:	69e3      	ldr	r3, [r4, #28]
 800513e:	4413      	add	r3, r2
 8005140:	61e3      	str	r3, [r4, #28]
 8005142:	6a21      	ldr	r1, [r4, #32]
 8005144:	6923      	ldr	r3, [r4, #16]
 8005146:	4299      	cmp	r1, r3
 8005148:	f0c0 809c 	bcc.w	8005284 <HAL_PCD_EP_DB_Transmit+0x3f0>
 800514c:	1ac9      	subs	r1, r1, r3
 800514e:	6221      	str	r1, [r4, #32]
 8005150:	6829      	ldr	r1, [r5, #0]
 8005152:	7862      	ldrb	r2, [r4, #1]
 8005154:	2a00      	cmp	r2, #0
 8005156:	f040 80c0 	bne.w	80052da <HAL_PCD_EP_DB_Transmit+0x446>
 800515a:	f8b1 2050 	ldrh.w	r2, [r1, #80]	@ 0x50
 800515e:	fa11 f282 	uxtah	r2, r1, r2
 8005162:	7821      	ldrb	r1, [r4, #0]
 8005164:	eb02 02c1 	add.w	r2, r2, r1, lsl #3
 8005168:	f8b2 1406 	ldrh.w	r1, [r2, #1030]	@ 0x406
 800516c:	f3c1 0109 	ubfx	r1, r1, #0, #10
 8005170:	f8a2 1406 	strh.w	r1, [r2, #1030]	@ 0x406
 8005174:	2b00      	cmp	r3, #0
 8005176:	f040 8090 	bne.w	800529a <HAL_PCD_EP_DB_Transmit+0x406>
 800517a:	f8b2 1406 	ldrh.w	r1, [r2, #1030]	@ 0x406
 800517e:	ea6f 4141 	mvn.w	r1, r1, lsl #17
 8005182:	ea6f 4151 	mvn.w	r1, r1, lsr #17
 8005186:	b289      	uxth	r1, r1
 8005188:	f8a2 1406 	strh.w	r1, [r2, #1030]	@ 0x406
 800518c:	e0a7      	b.n	80052de <HAL_PCD_EP_DB_Transmit+0x44a>
 800518e:	2300      	movs	r3, #0
 8005190:	61a3      	str	r3, [r4, #24]
 8005192:	e7b7      	b.n	8005104 <HAL_PCD_EP_DB_Transmit+0x270>
 8005194:	7863      	ldrb	r3, [r4, #1]
 8005196:	2b00      	cmp	r3, #0
 8005198:	d149      	bne.n	800522e <HAL_PCD_EP_DB_Transmit+0x39a>
 800519a:	682a      	ldr	r2, [r5, #0]
 800519c:	f8b2 3050 	ldrh.w	r3, [r2, #80]	@ 0x50
 80051a0:	fa12 f383 	uxtah	r3, r2, r3
 80051a4:	4403      	add	r3, r0
 80051a6:	f8b3 2402 	ldrh.w	r2, [r3, #1026]	@ 0x402
 80051aa:	f3c2 0209 	ubfx	r2, r2, #0, #10
 80051ae:	f8a3 2402 	strh.w	r2, [r3, #1026]	@ 0x402
 80051b2:	f8b3 2402 	ldrh.w	r2, [r3, #1026]	@ 0x402
 80051b6:	ea6f 4242 	mvn.w	r2, r2, lsl #17
 80051ba:	ea6f 4252 	mvn.w	r2, r2, lsr #17
 80051be:	b292      	uxth	r2, r2
 80051c0:	f8a3 2402 	strh.w	r2, [r3, #1026]	@ 0x402
 80051c4:	682a      	ldr	r2, [r5, #0]
 80051c6:	7863      	ldrb	r3, [r4, #1]
 80051c8:	2b00      	cmp	r3, #0
 80051ca:	d13c      	bne.n	8005246 <HAL_PCD_EP_DB_Transmit+0x3b2>
 80051cc:	f8b2 3050 	ldrh.w	r3, [r2, #80]	@ 0x50
 80051d0:	fa12 f383 	uxtah	r3, r2, r3
 80051d4:	7822      	ldrb	r2, [r4, #0]
 80051d6:	eb03 03c2 	add.w	r3, r3, r2, lsl #3
 80051da:	f8b3 2406 	ldrh.w	r2, [r3, #1030]	@ 0x406
 80051de:	f3c2 0209 	ubfx	r2, r2, #0, #10
 80051e2:	f8a3 2406 	strh.w	r2, [r3, #1030]	@ 0x406
 80051e6:	f8b3 2406 	ldrh.w	r2, [r3, #1030]	@ 0x406
 80051ea:	ea6f 4242 	mvn.w	r2, r2, lsl #17
 80051ee:	ea6f 4252 	mvn.w	r2, r2, lsr #17
 80051f2:	b292      	uxth	r2, r2
 80051f4:	f8a3 2406 	strh.w	r2, [r3, #1030]	@ 0x406
 80051f8:	78e3      	ldrb	r3, [r4, #3]
 80051fa:	2b02      	cmp	r3, #2
 80051fc:	d030      	beq.n	8005260 <HAL_PCD_EP_DB_Transmit+0x3cc>
 80051fe:	7821      	ldrb	r1, [r4, #0]
 8005200:	4628      	mov	r0, r5
 8005202:	f003 fe95 	bl	8008f30 <HAL_PCD_DataInStageCallback>
 8005206:	f416 4f80 	tst.w	r6, #16384	@ 0x4000
 800520a:	f47f ae86 	bne.w	8004f1a <HAL_PCD_EP_DB_Transmit+0x86>
 800520e:	682a      	ldr	r2, [r5, #0]
 8005210:	7821      	ldrb	r1, [r4, #0]
 8005212:	f832 3021 	ldrh.w	r3, [r2, r1, lsl #2]
 8005216:	b29b      	uxth	r3, r3
 8005218:	f423 43e0 	bic.w	r3, r3, #28672	@ 0x7000
 800521c:	f023 0370 	bic.w	r3, r3, #112	@ 0x70
 8005220:	f443 4340 	orr.w	r3, r3, #49152	@ 0xc000
 8005224:	f043 0380 	orr.w	r3, r3, #128	@ 0x80
 8005228:	f822 3021 	strh.w	r3, [r2, r1, lsl #2]
 800522c:	e675      	b.n	8004f1a <HAL_PCD_EP_DB_Transmit+0x86>
 800522e:	2b01      	cmp	r3, #1
 8005230:	d1c8      	bne.n	80051c4 <HAL_PCD_EP_DB_Transmit+0x330>
 8005232:	682a      	ldr	r2, [r5, #0]
 8005234:	f8b2 3050 	ldrh.w	r3, [r2, #80]	@ 0x50
 8005238:	fa12 f383 	uxtah	r3, r2, r3
 800523c:	4403      	add	r3, r0
 800523e:	2200      	movs	r2, #0
 8005240:	f8a3 2402 	strh.w	r2, [r3, #1026]	@ 0x402
 8005244:	e7be      	b.n	80051c4 <HAL_PCD_EP_DB_Transmit+0x330>
 8005246:	2b01      	cmp	r3, #1
 8005248:	d1d6      	bne.n	80051f8 <HAL_PCD_EP_DB_Transmit+0x364>
 800524a:	f8b2 3050 	ldrh.w	r3, [r2, #80]	@ 0x50
 800524e:	fa12 f383 	uxtah	r3, r2, r3
 8005252:	7822      	ldrb	r2, [r4, #0]
 8005254:	eb03 03c2 	add.w	r3, r3, r2, lsl #3
 8005258:	2200      	movs	r2, #0
 800525a:	f8a3 2406 	strh.w	r2, [r3, #1030]	@ 0x406
 800525e:	e7cb      	b.n	80051f8 <HAL_PCD_EP_DB_Transmit+0x364>
 8005260:	682a      	ldr	r2, [r5, #0]
 8005262:	7821      	ldrb	r1, [r4, #0]
 8005264:	f832 3021 	ldrh.w	r3, [r2, r1, lsl #2]
 8005268:	b29b      	uxth	r3, r3
 800526a:	f423 43e0 	bic.w	r3, r3, #28672	@ 0x7000
 800526e:	f023 0340 	bic.w	r3, r3, #64	@ 0x40
 8005272:	f083 0320 	eor.w	r3, r3, #32
 8005276:	f443 4300 	orr.w	r3, r3, #32768	@ 0x8000
 800527a:	f043 0380 	orr.w	r3, r3, #128	@ 0x80
 800527e:	f822 3021 	strh.w	r3, [r2, r1, lsl #2]
 8005282:	e7bc      	b.n	80051fe <HAL_PCD_EP_DB_Transmit+0x36a>
 8005284:	b919      	cbnz	r1, 800528e <HAL_PCD_EP_DB_Transmit+0x3fa>
 8005286:	f884 1024 	strb.w	r1, [r4, #36]	@ 0x24
 800528a:	4613      	mov	r3, r2
 800528c:	e760      	b.n	8005150 <HAL_PCD_EP_DB_Transmit+0x2bc>
 800528e:	2300      	movs	r3, #0
 8005290:	6223      	str	r3, [r4, #32]
 8005292:	f884 3024 	strb.w	r3, [r4, #36]	@ 0x24
 8005296:	460b      	mov	r3, r1
 8005298:	e75a      	b.n	8005150 <HAL_PCD_EP_DB_Transmit+0x2bc>
 800529a:	2b3e      	cmp	r3, #62	@ 0x3e
 800529c:	d80d      	bhi.n	80052ba <HAL_PCD_EP_DB_Transmit+0x426>
 800529e:	0859      	lsrs	r1, r3, #1
 80052a0:	f013 0f01 	tst.w	r3, #1
 80052a4:	d000      	beq.n	80052a8 <HAL_PCD_EP_DB_Transmit+0x414>
 80052a6:	3101      	adds	r1, #1
 80052a8:	f8b2 0406 	ldrh.w	r0, [r2, #1030]	@ 0x406
 80052ac:	b280      	uxth	r0, r0
 80052ae:	0289      	lsls	r1, r1, #10
 80052b0:	b289      	uxth	r1, r1
 80052b2:	4301      	orrs	r1, r0
 80052b4:	f8a2 1406 	strh.w	r1, [r2, #1030]	@ 0x406
 80052b8:	e011      	b.n	80052de <HAL_PCD_EP_DB_Transmit+0x44a>
 80052ba:	0958      	lsrs	r0, r3, #5
 80052bc:	f013 0f1f 	tst.w	r3, #31
 80052c0:	d100      	bne.n	80052c4 <HAL_PCD_EP_DB_Transmit+0x430>
 80052c2:	3801      	subs	r0, #1
 80052c4:	f8b2 1406 	ldrh.w	r1, [r2, #1030]	@ 0x406
 80052c8:	b289      	uxth	r1, r1
 80052ca:	0280      	lsls	r0, r0, #10
 80052cc:	b280      	uxth	r0, r0
 80052ce:	4301      	orrs	r1, r0
 80052d0:	f441 4100 	orr.w	r1, r1, #32768	@ 0x8000
 80052d4:	f8a2 1406 	strh.w	r1, [r2, #1030]	@ 0x406
 80052d8:	e001      	b.n	80052de <HAL_PCD_EP_DB_Transmit+0x44a>
 80052da:	2a01      	cmp	r2, #1
 80052dc:	d006      	beq.n	80052ec <HAL_PCD_EP_DB_Transmit+0x458>
 80052de:	b29b      	uxth	r3, r3
 80052e0:	8962      	ldrh	r2, [r4, #10]
 80052e2:	6961      	ldr	r1, [r4, #20]
 80052e4:	6828      	ldr	r0, [r5, #0]
 80052e6:	f002 fd46 	bl	8007d76 <USB_WritePMA>
 80052ea:	e605      	b.n	8004ef8 <HAL_PCD_EP_DB_Transmit+0x64>
 80052ec:	f8b1 2050 	ldrh.w	r2, [r1, #80]	@ 0x50
 80052f0:	fa11 f282 	uxtah	r2, r1, r2
 80052f4:	7821      	ldrb	r1, [r4, #0]
 80052f6:	eb02 02c1 	add.w	r2, r2, r1, lsl #3
 80052fa:	b299      	uxth	r1, r3
 80052fc:	f8a2 1406 	strh.w	r1, [r2, #1030]	@ 0x406
 8005300:	e7ed      	b.n	80052de <HAL_PCD_EP_DB_Transmit+0x44a>

08005302 <PCD_EP_ISR_Handler>:
 8005302:	e92d 41f0 	stmdb	sp!, {r4, r5, r6, r7, r8, lr}
 8005306:	4605      	mov	r5, r0
 8005308:	e053      	b.n	80053b2 <PCD_EP_ISR_Handler+0xb0>
 800530a:	8803      	ldrh	r3, [r0, #0]
 800530c:	b29b      	uxth	r3, r3
 800530e:	f423 43e1 	bic.w	r3, r3, #28800	@ 0x7080
 8005312:	f023 0370 	bic.w	r3, r3, #112	@ 0x70
 8005316:	ea6f 4343 	mvn.w	r3, r3, lsl #17
 800531a:	ea6f 4353 	mvn.w	r3, r3, lsr #17
 800531e:	b29b      	uxth	r3, r3
 8005320:	8003      	strh	r3, [r0, #0]
 8005322:	6829      	ldr	r1, [r5, #0]
 8005324:	f8b1 3050 	ldrh.w	r3, [r1, #80]	@ 0x50
 8005328:	7c2a      	ldrb	r2, [r5, #16]
 800532a:	00d2      	lsls	r2, r2, #3
 800532c:	fa12 f383 	uxtah	r3, r2, r3
 8005330:	440b      	add	r3, r1
 8005332:	f8b3 3402 	ldrh.w	r3, [r3, #1026]	@ 0x402
 8005336:	f3c3 0309 	ubfx	r3, r3, #0, #10
 800533a:	62eb      	str	r3, [r5, #44]	@ 0x2c
 800533c:	6a6a      	ldr	r2, [r5, #36]	@ 0x24
 800533e:	441a      	add	r2, r3
 8005340:	626a      	str	r2, [r5, #36]	@ 0x24
 8005342:	2100      	movs	r1, #0
 8005344:	4628      	mov	r0, r5
 8005346:	f003 fdf3 	bl	8008f30 <HAL_PCD_DataInStageCallback>
 800534a:	7b2b      	ldrb	r3, [r5, #12]
 800534c:	b38b      	cbz	r3, 80053b2 <PCD_EP_ISR_Handler+0xb0>
 800534e:	6aab      	ldr	r3, [r5, #40]	@ 0x28
 8005350:	bb7b      	cbnz	r3, 80053b2 <PCD_EP_ISR_Handler+0xb0>
 8005352:	7b2b      	ldrb	r3, [r5, #12]
 8005354:	682a      	ldr	r2, [r5, #0]
 8005356:	f043 0380 	orr.w	r3, r3, #128	@ 0x80
 800535a:	f8a2 304c 	strh.w	r3, [r2, #76]	@ 0x4c
 800535e:	2300      	movs	r3, #0
 8005360:	732b      	strb	r3, [r5, #12]
 8005362:	e026      	b.n	80053b2 <PCD_EP_ISR_Handler+0xb0>
 8005364:	8803      	ldrh	r3, [r0, #0]
 8005366:	b29b      	uxth	r3, r3
 8005368:	f423 4380 	bic.w	r3, r3, #16384	@ 0x4000
 800536c:	f023 0370 	bic.w	r3, r3, #112	@ 0x70
 8005370:	f483 5380 	eor.w	r3, r3, #4096	@ 0x1000
 8005374:	f248 0180 	movw	r1, #32896	@ 0x8080
 8005378:	430b      	orrs	r3, r1
 800537a:	8003      	strh	r3, [r0, #0]
 800537c:	682a      	ldr	r2, [r5, #0]
 800537e:	8813      	ldrh	r3, [r2, #0]
 8005380:	b29b      	uxth	r3, r3
 8005382:	f423 43e0 	bic.w	r3, r3, #28672	@ 0x7000
 8005386:	f023 0340 	bic.w	r3, r3, #64	@ 0x40
 800538a:	f083 0310 	eor.w	r3, r3, #16
 800538e:	430b      	orrs	r3, r1
 8005390:	8013      	strh	r3, [r2, #0]
 8005392:	682a      	ldr	r2, [r5, #0]
 8005394:	8813      	ldrh	r3, [r2, #0]
 8005396:	b29b      	uxth	r3, r3
 8005398:	f023 0370 	bic.w	r3, r3, #112	@ 0x70
 800539c:	051b      	lsls	r3, r3, #20
 800539e:	0d1b      	lsrs	r3, r3, #20
 80053a0:	f043 0380 	orr.w	r3, r3, #128	@ 0x80
 80053a4:	8013      	strh	r3, [r2, #0]
 80053a6:	2000      	movs	r0, #0
 80053a8:	e8bd 81f0 	ldmia.w	sp!, {r4, r5, r6, r7, r8, pc}
 80053ac:	f412 4f00 	tst.w	r2, #32768	@ 0x8000
 80053b0:	d137      	bne.n	8005422 <PCD_EP_ISR_Handler+0x120>
 80053b2:	6828      	ldr	r0, [r5, #0]
 80053b4:	f8b0 3044 	ldrh.w	r3, [r0, #68]	@ 0x44
 80053b8:	f413 4f00 	tst.w	r3, #32768	@ 0x8000
 80053bc:	d0f3      	beq.n	80053a6 <PCD_EP_ISR_Handler+0xa4>
 80053be:	f8b0 4044 	ldrh.w	r4, [r0, #68]	@ 0x44
 80053c2:	b2a3      	uxth	r3, r4
 80053c4:	f014 040f 	ands.w	r4, r4, #15
 80053c8:	d166      	bne.n	8005498 <PCD_EP_ISR_Handler+0x196>
 80053ca:	f013 0f10 	tst.w	r3, #16
 80053ce:	d09c      	beq.n	800530a <PCD_EP_ISR_Handler+0x8>
 80053d0:	8803      	ldrh	r3, [r0, #0]
 80053d2:	b29a      	uxth	r2, r3
 80053d4:	f413 6f00 	tst.w	r3, #2048	@ 0x800
 80053d8:	d0e8      	beq.n	80053ac <PCD_EP_ISR_Handler+0xaa>
 80053da:	f8b0 3050 	ldrh.w	r3, [r0, #80]	@ 0x50
 80053de:	f895 2150 	ldrb.w	r2, [r5, #336]	@ 0x150
 80053e2:	00d2      	lsls	r2, r2, #3
 80053e4:	fa12 f383 	uxtah	r3, r2, r3
 80053e8:	4403      	add	r3, r0
 80053ea:	f8b3 3406 	ldrh.w	r3, [r3, #1030]	@ 0x406
 80053ee:	f3c3 0309 	ubfx	r3, r3, #0, #10
 80053f2:	f8c5 316c 	str.w	r3, [r5, #364]	@ 0x16c
 80053f6:	2b08      	cmp	r3, #8
 80053f8:	d1b4      	bne.n	8005364 <PCD_EP_ISR_Handler+0x62>
 80053fa:	f8b5 2156 	ldrh.w	r2, [r5, #342]	@ 0x156
 80053fe:	f505 7126 	add.w	r1, r5, #664	@ 0x298
 8005402:	f002 ff91 	bl	8008328 <USB_ReadPMA>
 8005406:	682a      	ldr	r2, [r5, #0]
 8005408:	8813      	ldrh	r3, [r2, #0]
 800540a:	b29b      	uxth	r3, r3
 800540c:	f023 0370 	bic.w	r3, r3, #112	@ 0x70
 8005410:	051b      	lsls	r3, r3, #20
 8005412:	0d1b      	lsrs	r3, r3, #20
 8005414:	f043 0380 	orr.w	r3, r3, #128	@ 0x80
 8005418:	8013      	strh	r3, [r2, #0]
 800541a:	4628      	mov	r0, r5
 800541c:	f003 fd74 	bl	8008f08 <HAL_PCD_SetupStageCallback>
 8005420:	e7c7      	b.n	80053b2 <PCD_EP_ISR_Handler+0xb0>
 8005422:	8803      	ldrh	r3, [r0, #0]
 8005424:	b29b      	uxth	r3, r3
 8005426:	f023 0370 	bic.w	r3, r3, #112	@ 0x70
 800542a:	051b      	lsls	r3, r3, #20
 800542c:	0d1b      	lsrs	r3, r3, #20
 800542e:	f043 0380 	orr.w	r3, r3, #128	@ 0x80
 8005432:	8003      	strh	r3, [r0, #0]
 8005434:	6828      	ldr	r0, [r5, #0]
 8005436:	f8b0 3050 	ldrh.w	r3, [r0, #80]	@ 0x50
 800543a:	f895 2150 	ldrb.w	r2, [r5, #336]	@ 0x150
 800543e:	00d2      	lsls	r2, r2, #3
 8005440:	fa12 f383 	uxtah	r3, r2, r3
 8005444:	4403      	add	r3, r0
 8005446:	f8b3 3406 	ldrh.w	r3, [r3, #1030]	@ 0x406
 800544a:	f3c3 0309 	ubfx	r3, r3, #0, #10
 800544e:	f8c5 316c 	str.w	r3, [r5, #364]	@ 0x16c
 8005452:	b96b      	cbnz	r3, 8005470 <PCD_EP_ISR_Handler+0x16e>
 8005454:	8803      	ldrh	r3, [r0, #0]
 8005456:	b29b      	uxth	r3, r3
 8005458:	f423 4380 	bic.w	r3, r3, #16384	@ 0x4000
 800545c:	f023 0370 	bic.w	r3, r3, #112	@ 0x70
 8005460:	f483 5340 	eor.w	r3, r3, #12288	@ 0x3000
 8005464:	f443 4300 	orr.w	r3, r3, #32768	@ 0x8000
 8005468:	f043 0380 	orr.w	r3, r3, #128	@ 0x80
 800546c:	8003      	strh	r3, [r0, #0]
 800546e:	e7a0      	b.n	80053b2 <PCD_EP_ISR_Handler+0xb0>
 8005470:	f8d5 1164 	ldr.w	r1, [r5, #356]	@ 0x164
 8005474:	2900      	cmp	r1, #0
 8005476:	d09c      	beq.n	80053b2 <PCD_EP_ISR_Handler+0xb0>
 8005478:	f8b5 2156 	ldrh.w	r2, [r5, #342]	@ 0x156
 800547c:	f002 ff54 	bl	8008328 <USB_ReadPMA>
 8005480:	f8d5 3164 	ldr.w	r3, [r5, #356]	@ 0x164
 8005484:	f8d5 216c 	ldr.w	r2, [r5, #364]	@ 0x16c
 8005488:	4413      	add	r3, r2
 800548a:	f8c5 3164 	str.w	r3, [r5, #356]	@ 0x164
 800548e:	2100      	movs	r1, #0
 8005490:	4628      	mov	r0, r5
 8005492:	f003 fd41 	bl	8008f18 <HAL_PCD_DataOutStageCallback>
 8005496:	e78c      	b.n	80053b2 <PCD_EP_ISR_Handler+0xb0>
 8005498:	f830 3024 	ldrh.w	r3, [r0, r4, lsl #2]
 800549c:	b29e      	uxth	r6, r3
 800549e:	f413 4f00 	tst.w	r3, #32768	@ 0x8000
 80054a2:	d14d      	bne.n	8005540 <PCD_EP_ISR_Handler+0x23e>
 80054a4:	f016 0f80 	tst.w	r6, #128	@ 0x80
 80054a8:	d083      	beq.n	80053b2 <PCD_EP_ISR_Handler+0xb0>
 80054aa:	eb04 0184 	add.w	r1, r4, r4, lsl #2
 80054ae:	00c9      	lsls	r1, r1, #3
 80054b0:	3110      	adds	r1, #16
 80054b2:	4429      	add	r1, r5
 80054b4:	682a      	ldr	r2, [r5, #0]
 80054b6:	f832 3024 	ldrh.w	r3, [r2, r4, lsl #2]
 80054ba:	b29b      	uxth	r3, r3
 80054bc:	f423 43e1 	bic.w	r3, r3, #28800	@ 0x7080
 80054c0:	f023 0370 	bic.w	r3, r3, #112	@ 0x70
 80054c4:	ea6f 4343 	mvn.w	r3, r3, lsl #17
 80054c8:	ea6f 4353 	mvn.w	r3, r3, lsr #17
 80054cc:	b29b      	uxth	r3, r3
 80054ce:	f822 3024 	strh.w	r3, [r2, r4, lsl #2]
 80054d2:	eb04 0384 	add.w	r3, r4, r4, lsl #2
 80054d6:	eb05 03c3 	add.w	r3, r5, r3, lsl #3
 80054da:	7cdb      	ldrb	r3, [r3, #19]
 80054dc:	2b01      	cmp	r3, #1
 80054de:	f000 80f1 	beq.w	80056c4 <PCD_EP_ISR_Handler+0x3c2>
 80054e2:	f416 7f80 	tst.w	r6, #256	@ 0x100
 80054e6:	f040 8188 	bne.w	80057fa <PCD_EP_ISR_Handler+0x4f8>
 80054ea:	6828      	ldr	r0, [r5, #0]
 80054ec:	f8b0 3050 	ldrh.w	r3, [r0, #80]	@ 0x50
 80054f0:	eb04 0284 	add.w	r2, r4, r4, lsl #2
 80054f4:	eb05 02c2 	add.w	r2, r5, r2, lsl #3
 80054f8:	7c16      	ldrb	r6, [r2, #16]
 80054fa:	00f2      	lsls	r2, r6, #3
 80054fc:	fa12 f383 	uxtah	r3, r2, r3
 8005500:	4403      	add	r3, r0
 8005502:	f8b3 3402 	ldrh.w	r3, [r3, #1026]	@ 0x402
 8005506:	f3c3 0309 	ubfx	r3, r3, #0, #10
 800550a:	1c62      	adds	r2, r4, #1
 800550c:	eb02 0282 	add.w	r2, r2, r2, lsl #2
 8005510:	f855 2032 	ldr.w	r2, [r5, r2, lsl #3]
 8005514:	429a      	cmp	r2, r3
 8005516:	f240 8153 	bls.w	80057c0 <PCD_EP_ISR_Handler+0x4be>
 800551a:	1c67      	adds	r7, r4, #1
 800551c:	eb07 0787 	add.w	r7, r7, r7, lsl #2
 8005520:	1ad2      	subs	r2, r2, r3
 8005522:	f845 2037 	str.w	r2, [r5, r7, lsl #3]
 8005526:	1c62      	adds	r2, r4, #1
 8005528:	eb02 0282 	add.w	r2, r2, r2, lsl #2
 800552c:	f855 2032 	ldr.w	r2, [r5, r2, lsl #3]
 8005530:	2a00      	cmp	r2, #0
 8005532:	f040 814c 	bne.w	80057ce <PCD_EP_ISR_Handler+0x4cc>
 8005536:	4631      	mov	r1, r6
 8005538:	4628      	mov	r0, r5
 800553a:	f003 fcf9 	bl	8008f30 <HAL_PCD_DataInStageCallback>
 800553e:	e738      	b.n	80053b2 <PCD_EP_ISR_Handler+0xb0>
 8005540:	f830 3024 	ldrh.w	r3, [r0, r4, lsl #2]
 8005544:	b29b      	uxth	r3, r3
 8005546:	f023 0370 	bic.w	r3, r3, #112	@ 0x70
 800554a:	051b      	lsls	r3, r3, #20
 800554c:	0d1b      	lsrs	r3, r3, #20
 800554e:	f043 0380 	orr.w	r3, r3, #128	@ 0x80
 8005552:	f820 3024 	strh.w	r3, [r0, r4, lsl #2]
 8005556:	eb04 0184 	add.w	r1, r4, r4, lsl #2
 800555a:	00c9      	lsls	r1, r1, #3
 800555c:	f501 71a8 	add.w	r1, r1, #336	@ 0x150
 8005560:	eb05 0801 	add.w	r8, r5, r1
 8005564:	eb04 0384 	add.w	r3, r4, r4, lsl #2
 8005568:	eb05 03c3 	add.w	r3, r5, r3, lsl #3
 800556c:	f893 315c 	ldrb.w	r3, [r3, #348]	@ 0x15c
 8005570:	bbdb      	cbnz	r3, 80055ea <PCD_EP_ISR_Handler+0x2e8>
 8005572:	6828      	ldr	r0, [r5, #0]
 8005574:	f8b0 3050 	ldrh.w	r3, [r0, #80]	@ 0x50
 8005578:	eb04 0284 	add.w	r2, r4, r4, lsl #2
 800557c:	eb05 02c2 	add.w	r2, r5, r2, lsl #3
 8005580:	f892 2150 	ldrb.w	r2, [r2, #336]	@ 0x150
 8005584:	00d2      	lsls	r2, r2, #3
 8005586:	fa12 f383 	uxtah	r3, r2, r3
 800558a:	4403      	add	r3, r0
 800558c:	f8b3 7406 	ldrh.w	r7, [r3, #1030]	@ 0x406
 8005590:	f3c7 0709 	ubfx	r7, r7, #0, #10
 8005594:	b9ef      	cbnz	r7, 80055d2 <PCD_EP_ISR_Handler+0x2d0>
 8005596:	eb04 0384 	add.w	r3, r4, r4, lsl #2
 800559a:	eb05 03c3 	add.w	r3, r5, r3, lsl #3
 800559e:	f8d3 216c 	ldr.w	r2, [r3, #364]	@ 0x16c
 80055a2:	443a      	add	r2, r7
 80055a4:	f8c3 216c 	str.w	r2, [r3, #364]	@ 0x16c
 80055a8:	f8d3 3168 	ldr.w	r3, [r3, #360]	@ 0x168
 80055ac:	b13b      	cbz	r3, 80055be <PCD_EP_ISR_Handler+0x2bc>
 80055ae:	eb04 0384 	add.w	r3, r4, r4, lsl #2
 80055b2:	eb05 03c3 	add.w	r3, r5, r3, lsl #3
 80055b6:	f8d3 3160 	ldr.w	r3, [r3, #352]	@ 0x160
 80055ba:	429f      	cmp	r7, r3
 80055bc:	d270      	bcs.n	80056a0 <PCD_EP_ISR_Handler+0x39e>
 80055be:	eb04 0384 	add.w	r3, r4, r4, lsl #2
 80055c2:	eb05 03c3 	add.w	r3, r5, r3, lsl #3
 80055c6:	f893 1150 	ldrb.w	r1, [r3, #336]	@ 0x150
 80055ca:	4628      	mov	r0, r5
 80055cc:	f003 fca4 	bl	8008f18 <HAL_PCD_DataOutStageCallback>
 80055d0:	e768      	b.n	80054a4 <PCD_EP_ISR_Handler+0x1a2>
 80055d2:	eb04 0184 	add.w	r1, r4, r4, lsl #2
 80055d6:	eb05 01c1 	add.w	r1, r5, r1, lsl #3
 80055da:	463b      	mov	r3, r7
 80055dc:	f8b1 2156 	ldrh.w	r2, [r1, #342]	@ 0x156
 80055e0:	f8d1 1164 	ldr.w	r1, [r1, #356]	@ 0x164
 80055e4:	f002 fea0 	bl	8008328 <USB_ReadPMA>
 80055e8:	e7d5      	b.n	8005596 <PCD_EP_ISR_Handler+0x294>
 80055ea:	eb04 0384 	add.w	r3, r4, r4, lsl #2
 80055ee:	eb05 03c3 	add.w	r3, r5, r3, lsl #3
 80055f2:	f893 3153 	ldrb.w	r3, [r3, #339]	@ 0x153
 80055f6:	2b02      	cmp	r3, #2
 80055f8:	d033      	beq.n	8005662 <PCD_EP_ISR_Handler+0x360>
 80055fa:	6829      	ldr	r1, [r5, #0]
 80055fc:	eb04 0284 	add.w	r2, r4, r4, lsl #2
 8005600:	eb05 02c2 	add.w	r2, r5, r2, lsl #3
 8005604:	f892 0150 	ldrb.w	r0, [r2, #336]	@ 0x150
 8005608:	f831 3020 	ldrh.w	r3, [r1, r0, lsl #2]
 800560c:	b29b      	uxth	r3, r3
 800560e:	f423 43e0 	bic.w	r3, r3, #28672	@ 0x7000
 8005612:	f023 0370 	bic.w	r3, r3, #112	@ 0x70
 8005616:	f443 4300 	orr.w	r3, r3, #32768	@ 0x8000
 800561a:	f043 03c0 	orr.w	r3, r3, #192	@ 0xc0
 800561e:	f821 3020 	strh.w	r3, [r1, r0, lsl #2]
 8005622:	6828      	ldr	r0, [r5, #0]
 8005624:	f892 3150 	ldrb.w	r3, [r2, #336]	@ 0x150
 8005628:	f830 2023 	ldrh.w	r2, [r0, r3, lsl #2]
 800562c:	f412 4f80 	tst.w	r2, #16384	@ 0x4000
 8005630:	d01e      	beq.n	8005670 <PCD_EP_ISR_Handler+0x36e>
 8005632:	f8b0 2050 	ldrh.w	r2, [r0, #80]	@ 0x50
 8005636:	00db      	lsls	r3, r3, #3
 8005638:	fa13 f382 	uxtah	r3, r3, r2
 800563c:	4403      	add	r3, r0
 800563e:	f8b3 7402 	ldrh.w	r7, [r3, #1026]	@ 0x402
 8005642:	f3c7 0709 	ubfx	r7, r7, #0, #10
 8005646:	2f00      	cmp	r7, #0
 8005648:	d0a5      	beq.n	8005596 <PCD_EP_ISR_Handler+0x294>
 800564a:	eb04 0184 	add.w	r1, r4, r4, lsl #2
 800564e:	eb05 01c1 	add.w	r1, r5, r1, lsl #3
 8005652:	463b      	mov	r3, r7
 8005654:	f8b1 2158 	ldrh.w	r2, [r1, #344]	@ 0x158
 8005658:	f8d1 1164 	ldr.w	r1, [r1, #356]	@ 0x164
 800565c:	f002 fe64 	bl	8008328 <USB_ReadPMA>
 8005660:	e799      	b.n	8005596 <PCD_EP_ISR_Handler+0x294>
 8005662:	4632      	mov	r2, r6
 8005664:	4641      	mov	r1, r8
 8005666:	4628      	mov	r0, r5
 8005668:	f7ff fb15 	bl	8004c96 <HAL_PCD_EP_DB_Receive>
 800566c:	4607      	mov	r7, r0
 800566e:	e792      	b.n	8005596 <PCD_EP_ISR_Handler+0x294>
 8005670:	f8b0 2050 	ldrh.w	r2, [r0, #80]	@ 0x50
 8005674:	00db      	lsls	r3, r3, #3
 8005676:	fa13 f382 	uxtah	r3, r3, r2
 800567a:	4403      	add	r3, r0
 800567c:	f8b3 7406 	ldrh.w	r7, [r3, #1030]	@ 0x406
 8005680:	f3c7 0709 	ubfx	r7, r7, #0, #10
 8005684:	2f00      	cmp	r7, #0
 8005686:	d086      	beq.n	8005596 <PCD_EP_ISR_Handler+0x294>
 8005688:	eb04 0184 	add.w	r1, r4, r4, lsl #2
 800568c:	eb05 01c1 	add.w	r1, r5, r1, lsl #3
 8005690:	463b      	mov	r3, r7
 8005692:	f8b1 215a 	ldrh.w	r2, [r1, #346]	@ 0x15a
 8005696:	f8d1 1164 	ldr.w	r1, [r1, #356]	@ 0x164
 800569a:	f002 fe45 	bl	8008328 <USB_ReadPMA>
 800569e:	e77a      	b.n	8005596 <PCD_EP_ISR_Handler+0x294>
 80056a0:	eb04 0384 	add.w	r3, r4, r4, lsl #2
 80056a4:	eb05 03c3 	add.w	r3, r5, r3, lsl #3
 80056a8:	f8d3 2164 	ldr.w	r2, [r3, #356]	@ 0x164
 80056ac:	eb04 0384 	add.w	r3, r4, r4, lsl #2
 80056b0:	eb05 03c3 	add.w	r3, r5, r3, lsl #3
 80056b4:	443a      	add	r2, r7
 80056b6:	f8c3 2164 	str.w	r2, [r3, #356]	@ 0x164
 80056ba:	4641      	mov	r1, r8
 80056bc:	6828      	ldr	r0, [r5, #0]
 80056be:	f002 fb6c 	bl	8007d9a <USB_EPStartXfer>
 80056c2:	e6ef      	b.n	80054a4 <PCD_EP_ISR_Handler+0x1a2>
 80056c4:	1c63      	adds	r3, r4, #1
 80056c6:	eb03 0383 	add.w	r3, r3, r3, lsl #2
 80056ca:	00db      	lsls	r3, r3, #3
 80056cc:	2200      	movs	r2, #0
 80056ce:	50ea      	str	r2, [r5, r3]
 80056d0:	eb04 0384 	add.w	r3, r4, r4, lsl #2
 80056d4:	eb05 03c3 	add.w	r3, r5, r3, lsl #3
 80056d8:	7f1b      	ldrb	r3, [r3, #28]
 80056da:	b31b      	cbz	r3, 8005724 <PCD_EP_ISR_Handler+0x422>
 80056dc:	f016 0f40 	tst.w	r6, #64	@ 0x40
 80056e0:	d03b      	beq.n	800575a <PCD_EP_ISR_Handler+0x458>
 80056e2:	eb04 0384 	add.w	r3, r4, r4, lsl #2
 80056e6:	eb05 03c3 	add.w	r3, r5, r3, lsl #3
 80056ea:	7c5b      	ldrb	r3, [r3, #17]
 80056ec:	bb1b      	cbnz	r3, 8005736 <PCD_EP_ISR_Handler+0x434>
 80056ee:	682a      	ldr	r2, [r5, #0]
 80056f0:	f8b2 3050 	ldrh.w	r3, [r2, #80]	@ 0x50
 80056f4:	fa12 f383 	uxtah	r3, r2, r3
 80056f8:	eb04 0284 	add.w	r2, r4, r4, lsl #2
 80056fc:	eb05 02c2 	add.w	r2, r5, r2, lsl #3
 8005700:	7c12      	ldrb	r2, [r2, #16]
 8005702:	eb03 03c2 	add.w	r3, r3, r2, lsl #3
 8005706:	f8b3 2402 	ldrh.w	r2, [r3, #1026]	@ 0x402
 800570a:	f3c2 0209 	ubfx	r2, r2, #0, #10
 800570e:	f8a3 2402 	strh.w	r2, [r3, #1026]	@ 0x402
 8005712:	f8b3 2402 	ldrh.w	r2, [r3, #1026]	@ 0x402
 8005716:	ea6f 4242 	mvn.w	r2, r2, lsl #17
 800571a:	ea6f 4252 	mvn.w	r2, r2, lsr #17
 800571e:	b292      	uxth	r2, r2
 8005720:	f8a3 2402 	strh.w	r2, [r3, #1026]	@ 0x402
 8005724:	eb04 0484 	add.w	r4, r4, r4, lsl #2
 8005728:	eb05 04c4 	add.w	r4, r5, r4, lsl #3
 800572c:	7c21      	ldrb	r1, [r4, #16]
 800572e:	4628      	mov	r0, r5
 8005730:	f003 fbfe 	bl	8008f30 <HAL_PCD_DataInStageCallback>
 8005734:	e63d      	b.n	80053b2 <PCD_EP_ISR_Handler+0xb0>
 8005736:	2b01      	cmp	r3, #1
 8005738:	d1f4      	bne.n	8005724 <PCD_EP_ISR_Handler+0x422>
 800573a:	682a      	ldr	r2, [r5, #0]
 800573c:	f8b2 3050 	ldrh.w	r3, [r2, #80]	@ 0x50
 8005740:	fa12 f383 	uxtah	r3, r2, r3
 8005744:	eb04 0284 	add.w	r2, r4, r4, lsl #2
 8005748:	eb05 02c2 	add.w	r2, r5, r2, lsl #3
 800574c:	7c12      	ldrb	r2, [r2, #16]
 800574e:	eb03 03c2 	add.w	r3, r3, r2, lsl #3
 8005752:	2200      	movs	r2, #0
 8005754:	f8a3 2402 	strh.w	r2, [r3, #1026]	@ 0x402
 8005758:	e7e4      	b.n	8005724 <PCD_EP_ISR_Handler+0x422>
 800575a:	682a      	ldr	r2, [r5, #0]
 800575c:	eb04 0384 	add.w	r3, r4, r4, lsl #2
 8005760:	eb05 03c3 	add.w	r3, r5, r3, lsl #3
 8005764:	7c5b      	ldrb	r3, [r3, #17]
 8005766:	b9d3      	cbnz	r3, 800579e <PCD_EP_ISR_Handler+0x49c>
 8005768:	f8b2 3050 	ldrh.w	r3, [r2, #80]	@ 0x50
 800576c:	fa12 f383 	uxtah	r3, r2, r3
 8005770:	eb04 0284 	add.w	r2, r4, r4, lsl #2
 8005774:	eb05 02c2 	add.w	r2, r5, r2, lsl #3
 8005778:	7c12      	ldrb	r2, [r2, #16]
 800577a:	eb03 03c2 	add.w	r3, r3, r2, lsl #3
 800577e:	f8b3 2406 	ldrh.w	r2, [r3, #1030]	@ 0x406
 8005782:	f3c2 0209 	ubfx	r2, r2, #0, #10
 8005786:	f8a3 2406 	strh.w	r2, [r3, #1030]	@ 0x406
 800578a:	f8b3 2406 	ldrh.w	r2, [r3, #1030]	@ 0x406
 800578e:	ea6f 4242 	mvn.w	r2, r2, lsl #17
 8005792:	ea6f 4252 	mvn.w	r2, r2, lsr #17
 8005796:	b292      	uxth	r2, r2
 8005798:	f8a3 2406 	strh.w	r2, [r3, #1030]	@ 0x406
 800579c:	e7c2      	b.n	8005724 <PCD_EP_ISR_Handler+0x422>
 800579e:	2b01      	cmp	r3, #1
 80057a0:	d1c0      	bne.n	8005724 <PCD_EP_ISR_Handler+0x422>
 80057a2:	f8b2 3050 	ldrh.w	r3, [r2, #80]	@ 0x50
 80057a6:	fa12 f383 	uxtah	r3, r2, r3
 80057aa:	eb04 0284 	add.w	r2, r4, r4, lsl #2
 80057ae:	eb05 02c2 	add.w	r2, r5, r2, lsl #3
 80057b2:	7c12      	ldrb	r2, [r2, #16]
 80057b4:	eb03 03c2 	add.w	r3, r3, r2, lsl #3
 80057b8:	2200      	movs	r2, #0
 80057ba:	f8a3 2406 	strh.w	r2, [r3, #1030]	@ 0x406
 80057be:	e7b1      	b.n	8005724 <PCD_EP_ISR_Handler+0x422>
 80057c0:	1c62      	adds	r2, r4, #1
 80057c2:	eb02 0282 	add.w	r2, r2, r2, lsl #2
 80057c6:	00d2      	lsls	r2, r2, #3
 80057c8:	2700      	movs	r7, #0
 80057ca:	50af      	str	r7, [r5, r2]
 80057cc:	e6ab      	b.n	8005526 <PCD_EP_ISR_Handler+0x224>
 80057ce:	eb04 0284 	add.w	r2, r4, r4, lsl #2
 80057d2:	eb05 02c2 	add.w	r2, r5, r2, lsl #3
 80057d6:	6a56      	ldr	r6, [r2, #36]	@ 0x24
 80057d8:	441e      	add	r6, r3
 80057da:	6256      	str	r6, [r2, #36]	@ 0x24
 80057dc:	3401      	adds	r4, #1
 80057de:	eb04 0284 	add.w	r2, r4, r4, lsl #2
 80057e2:	eb05 02c2 	add.w	r2, r5, r2, lsl #3
 80057e6:	6852      	ldr	r2, [r2, #4]
 80057e8:	eb04 0484 	add.w	r4, r4, r4, lsl #2
 80057ec:	eb05 04c4 	add.w	r4, r5, r4, lsl #3
 80057f0:	4413      	add	r3, r2
 80057f2:	6063      	str	r3, [r4, #4]
 80057f4:	f002 fad1 	bl	8007d9a <USB_EPStartXfer>
 80057f8:	e5db      	b.n	80053b2 <PCD_EP_ISR_Handler+0xb0>
 80057fa:	4632      	mov	r2, r6
 80057fc:	4628      	mov	r0, r5
 80057fe:	f7ff fb49 	bl	8004e94 <HAL_PCD_EP_DB_Transmit>
 8005802:	e5d6      	b.n	80053b2 <PCD_EP_ISR_Handler+0xb0>

08005804 <HAL_PCD_SetAddress>:
 8005804:	f890 3290 	ldrb.w	r3, [r0, #656]	@ 0x290
 8005808:	2b01      	cmp	r3, #1
 800580a:	d00c      	beq.n	8005826 <HAL_PCD_SetAddress+0x22>
 800580c:	b510      	push	{r4, lr}
 800580e:	4604      	mov	r4, r0
 8005810:	2301      	movs	r3, #1
 8005812:	f880 3290 	strb.w	r3, [r0, #656]	@ 0x290
 8005816:	7301      	strb	r1, [r0, #12]
 8005818:	6800      	ldr	r0, [r0, #0]
 800581a:	f002 fa97 	bl	8007d4c <USB_SetDevAddress>
 800581e:	2000      	movs	r0, #0
 8005820:	f884 0290 	strb.w	r0, [r4, #656]	@ 0x290
 8005824:	bd10      	pop	{r4, pc}
 8005826:	2002      	movs	r0, #2
 8005828:	4770      	bx	lr

0800582a <HAL_PCD_IRQHandler>:
 800582a:	b510      	push	{r4, lr}
 800582c:	4604      	mov	r4, r0
 800582e:	6800      	ldr	r0, [r0, #0]
 8005830:	f002 fa9d 	bl	8007d6e <USB_ReadInterrupts>
 8005834:	f410 4f00 	tst.w	r0, #32768	@ 0x8000
 8005838:	d123      	bne.n	8005882 <HAL_PCD_IRQHandler+0x58>
 800583a:	f410 6f80 	tst.w	r0, #1024	@ 0x400
 800583e:	d124      	bne.n	800588a <HAL_PCD_IRQHandler+0x60>
 8005840:	f410 4f80 	tst.w	r0, #16384	@ 0x4000
 8005844:	d132      	bne.n	80058ac <HAL_PCD_IRQHandler+0x82>
 8005846:	f410 5f00 	tst.w	r0, #8192	@ 0x2000
 800584a:	d139      	bne.n	80058c0 <HAL_PCD_IRQHandler+0x96>
 800584c:	f410 5f80 	tst.w	r0, #4096	@ 0x1000
 8005850:	d140      	bne.n	80058d4 <HAL_PCD_IRQHandler+0xaa>
 8005852:	f410 6f00 	tst.w	r0, #2048	@ 0x800
 8005856:	d167      	bne.n	8005928 <HAL_PCD_IRQHandler+0xfe>
 8005858:	f010 0f80 	tst.w	r0, #128	@ 0x80
 800585c:	f040 8081 	bne.w	8005962 <HAL_PCD_IRQHandler+0x138>
 8005860:	f410 7f00 	tst.w	r0, #512	@ 0x200
 8005864:	f040 80ad 	bne.w	80059c2 <HAL_PCD_IRQHandler+0x198>
 8005868:	f410 7f80 	tst.w	r0, #256	@ 0x100
 800586c:	d027      	beq.n	80058be <HAL_PCD_IRQHandler+0x94>
 800586e:	6822      	ldr	r2, [r4, #0]
 8005870:	f8b2 3044 	ldrh.w	r3, [r2, #68]	@ 0x44
 8005874:	b29b      	uxth	r3, r3
 8005876:	f423 7380 	bic.w	r3, r3, #256	@ 0x100
 800587a:	b29b      	uxth	r3, r3
 800587c:	f8a2 3044 	strh.w	r3, [r2, #68]	@ 0x44
 8005880:	e01d      	b.n	80058be <HAL_PCD_IRQHandler+0x94>
 8005882:	4620      	mov	r0, r4
 8005884:	f7ff fd3d 	bl	8005302 <PCD_EP_ISR_Handler>
 8005888:	e019      	b.n	80058be <HAL_PCD_IRQHandler+0x94>
 800588a:	6822      	ldr	r2, [r4, #0]
 800588c:	f8b2 3044 	ldrh.w	r3, [r2, #68]	@ 0x44
 8005890:	b29b      	uxth	r3, r3
 8005892:	f423 6380 	bic.w	r3, r3, #1024	@ 0x400
 8005896:	b29b      	uxth	r3, r3
 8005898:	f8a2 3044 	strh.w	r3, [r2, #68]	@ 0x44
 800589c:	4620      	mov	r0, r4
 800589e:	f003 fb58 	bl	8008f52 <HAL_PCD_ResetCallback>
 80058a2:	2100      	movs	r1, #0
 80058a4:	4620      	mov	r0, r4
 80058a6:	f7ff ffad 	bl	8005804 <HAL_PCD_SetAddress>
 80058aa:	e008      	b.n	80058be <HAL_PCD_IRQHandler+0x94>
 80058ac:	6822      	ldr	r2, [r4, #0]
 80058ae:	f8b2 3044 	ldrh.w	r3, [r2, #68]	@ 0x44
 80058b2:	b29b      	uxth	r3, r3
 80058b4:	f423 4380 	bic.w	r3, r3, #16384	@ 0x4000
 80058b8:	b29b      	uxth	r3, r3
 80058ba:	f8a2 3044 	strh.w	r3, [r2, #68]	@ 0x44
 80058be:	bd10      	pop	{r4, pc}
 80058c0:	6822      	ldr	r2, [r4, #0]
 80058c2:	f8b2 3044 	ldrh.w	r3, [r2, #68]	@ 0x44
 80058c6:	b29b      	uxth	r3, r3
 80058c8:	f423 5300 	bic.w	r3, r3, #8192	@ 0x2000
 80058cc:	b29b      	uxth	r3, r3
 80058ce:	f8a2 3044 	strh.w	r3, [r2, #68]	@ 0x44
 80058d2:	e7f4      	b.n	80058be <HAL_PCD_IRQHandler+0x94>
 80058d4:	6822      	ldr	r2, [r4, #0]
 80058d6:	f8b2 3040 	ldrh.w	r3, [r2, #64]	@ 0x40
 80058da:	b29b      	uxth	r3, r3
 80058dc:	f023 0304 	bic.w	r3, r3, #4
 80058e0:	b29b      	uxth	r3, r3
 80058e2:	f8a2 3040 	strh.w	r3, [r2, #64]	@ 0x40
 80058e6:	6822      	ldr	r2, [r4, #0]
 80058e8:	f8b2 3040 	ldrh.w	r3, [r2, #64]	@ 0x40
 80058ec:	b29b      	uxth	r3, r3
 80058ee:	f023 0308 	bic.w	r3, r3, #8
 80058f2:	b29b      	uxth	r3, r3
 80058f4:	f8a2 3040 	strh.w	r3, [r2, #64]	@ 0x40
 80058f8:	f894 32c8 	ldrb.w	r3, [r4, #712]	@ 0x2c8
 80058fc:	2b01      	cmp	r3, #1
 80058fe:	d00c      	beq.n	800591a <HAL_PCD_IRQHandler+0xf0>
 8005900:	4620      	mov	r0, r4
 8005902:	f003 fb49 	bl	8008f98 <HAL_PCD_ResumeCallback>
 8005906:	6822      	ldr	r2, [r4, #0]
 8005908:	f8b2 3044 	ldrh.w	r3, [r2, #68]	@ 0x44
 800590c:	b29b      	uxth	r3, r3
 800590e:	f423 5380 	bic.w	r3, r3, #4096	@ 0x1000
 8005912:	b29b      	uxth	r3, r3
 8005914:	f8a2 3044 	strh.w	r3, [r2, #68]	@ 0x44
 8005918:	e7d1      	b.n	80058be <HAL_PCD_IRQHandler+0x94>
 800591a:	2100      	movs	r1, #0
 800591c:	f884 12c8 	strb.w	r1, [r4, #712]	@ 0x2c8
 8005920:	4620      	mov	r0, r4
 8005922:	f003 fbf5 	bl	8009110 <HAL_PCDEx_LPM_Callback>
 8005926:	e7eb      	b.n	8005900 <HAL_PCD_IRQHandler+0xd6>
 8005928:	6822      	ldr	r2, [r4, #0]
 800592a:	f8b2 3040 	ldrh.w	r3, [r2, #64]	@ 0x40
 800592e:	b29b      	uxth	r3, r3
 8005930:	f043 0308 	orr.w	r3, r3, #8
 8005934:	f8a2 3040 	strh.w	r3, [r2, #64]	@ 0x40
 8005938:	6822      	ldr	r2, [r4, #0]
 800593a:	f8b2 3044 	ldrh.w	r3, [r2, #68]	@ 0x44
 800593e:	b29b      	uxth	r3, r3
 8005940:	f423 6300 	bic.w	r3, r3, #2048	@ 0x800
 8005944:	b29b      	uxth	r3, r3
 8005946:	f8a2 3044 	strh.w	r3, [r2, #68]	@ 0x44
 800594a:	6822      	ldr	r2, [r4, #0]
 800594c:	f8b2 3040 	ldrh.w	r3, [r2, #64]	@ 0x40
 8005950:	b29b      	uxth	r3, r3
 8005952:	f043 0304 	orr.w	r3, r3, #4
 8005956:	f8a2 3040 	strh.w	r3, [r2, #64]	@ 0x40
 800595a:	4620      	mov	r0, r4
 800595c:	f003 fb0c 	bl	8008f78 <HAL_PCD_SuspendCallback>
 8005960:	e7ad      	b.n	80058be <HAL_PCD_IRQHandler+0x94>
 8005962:	6822      	ldr	r2, [r4, #0]
 8005964:	f8b2 3044 	ldrh.w	r3, [r2, #68]	@ 0x44
 8005968:	b29b      	uxth	r3, r3
 800596a:	f023 0380 	bic.w	r3, r3, #128	@ 0x80
 800596e:	b29b      	uxth	r3, r3
 8005970:	f8a2 3044 	strh.w	r3, [r2, #68]	@ 0x44
 8005974:	f894 32c8 	ldrb.w	r3, [r4, #712]	@ 0x2c8
 8005978:	b9fb      	cbnz	r3, 80059ba <HAL_PCD_IRQHandler+0x190>
 800597a:	6822      	ldr	r2, [r4, #0]
 800597c:	f8b2 3040 	ldrh.w	r3, [r2, #64]	@ 0x40
 8005980:	b29b      	uxth	r3, r3
 8005982:	f043 0304 	orr.w	r3, r3, #4
 8005986:	f8a2 3040 	strh.w	r3, [r2, #64]	@ 0x40
 800598a:	6822      	ldr	r2, [r4, #0]
 800598c:	f8b2 3040 	ldrh.w	r3, [r2, #64]	@ 0x40
 8005990:	b29b      	uxth	r3, r3
 8005992:	f043 0308 	orr.w	r3, r3, #8
 8005996:	f8a2 3040 	strh.w	r3, [r2, #64]	@ 0x40
 800599a:	2101      	movs	r1, #1
 800599c:	f884 12c8 	strb.w	r1, [r4, #712]	@ 0x2c8
 80059a0:	6823      	ldr	r3, [r4, #0]
 80059a2:	f8b3 3054 	ldrh.w	r3, [r3, #84]	@ 0x54
 80059a6:	f3c3 038d 	ubfx	r3, r3, #2, #14
 80059aa:	f003 033c 	and.w	r3, r3, #60	@ 0x3c
 80059ae:	f8c4 32cc 	str.w	r3, [r4, #716]	@ 0x2cc
 80059b2:	4620      	mov	r0, r4
 80059b4:	f003 fbac 	bl	8009110 <HAL_PCDEx_LPM_Callback>
 80059b8:	e781      	b.n	80058be <HAL_PCD_IRQHandler+0x94>
 80059ba:	4620      	mov	r0, r4
 80059bc:	f003 fadc 	bl	8008f78 <HAL_PCD_SuspendCallback>
 80059c0:	e77d      	b.n	80058be <HAL_PCD_IRQHandler+0x94>
 80059c2:	6822      	ldr	r2, [r4, #0]
 80059c4:	f8b2 3044 	ldrh.w	r3, [r2, #68]	@ 0x44
 80059c8:	b29b      	uxth	r3, r3
 80059ca:	f423 7300 	bic.w	r3, r3, #512	@ 0x200
 80059ce:	b29b      	uxth	r3, r3
 80059d0:	f8a2 3044 	strh.w	r3, [r2, #68]	@ 0x44
 80059d4:	4620      	mov	r0, r4
 80059d6:	f003 fab6 	bl	8008f46 <HAL_PCD_SOFCallback>
 80059da:	e770      	b.n	80058be <HAL_PCD_IRQHandler+0x94>

080059dc <HAL_PCD_EP_Open>:
 80059dc:	b510      	push	{r4, lr}
 80059de:	4604      	mov	r4, r0
 80059e0:	4608      	mov	r0, r1
 80059e2:	f011 0f80 	tst.w	r1, #128	@ 0x80
 80059e6:	d127      	bne.n	8005a38 <HAL_PCD_EP_Open+0x5c>
 80059e8:	f001 0c07 	and.w	ip, r1, #7
 80059ec:	eb0c 018c 	add.w	r1, ip, ip, lsl #2
 80059f0:	00c9      	lsls	r1, r1, #3
 80059f2:	f501 7ea8 	add.w	lr, r1, #336	@ 0x150
 80059f6:	eb04 010e 	add.w	r1, r4, lr
 80059fa:	eb0c 0c8c 	add.w	ip, ip, ip, lsl #2
 80059fe:	eb04 0ccc 	add.w	ip, r4, ip, lsl #3
 8005a02:	f04f 0e00 	mov.w	lr, #0
 8005a06:	f88c e151 	strb.w	lr, [ip, #337]	@ 0x151
 8005a0a:	f000 0007 	and.w	r0, r0, #7
 8005a0e:	7008      	strb	r0, [r1, #0]
 8005a10:	f3c2 020a 	ubfx	r2, r2, #0, #11
 8005a14:	610a      	str	r2, [r1, #16]
 8005a16:	70cb      	strb	r3, [r1, #3]
 8005a18:	2b02      	cmp	r3, #2
 8005a1a:	d01d      	beq.n	8005a58 <HAL_PCD_EP_Open+0x7c>
 8005a1c:	f894 3290 	ldrb.w	r3, [r4, #656]	@ 0x290
 8005a20:	2b01      	cmp	r3, #1
 8005a22:	d01c      	beq.n	8005a5e <HAL_PCD_EP_Open+0x82>
 8005a24:	2301      	movs	r3, #1
 8005a26:	f884 3290 	strb.w	r3, [r4, #656]	@ 0x290
 8005a2a:	6820      	ldr	r0, [r4, #0]
 8005a2c:	f001 fd77 	bl	800751e <USB_ActivateEndpoint>
 8005a30:	2000      	movs	r0, #0
 8005a32:	f884 0290 	strb.w	r0, [r4, #656]	@ 0x290
 8005a36:	bd10      	pop	{r4, pc}
 8005a38:	f001 0c07 	and.w	ip, r1, #7
 8005a3c:	eb0c 018c 	add.w	r1, ip, ip, lsl #2
 8005a40:	00c9      	lsls	r1, r1, #3
 8005a42:	3110      	adds	r1, #16
 8005a44:	4421      	add	r1, r4
 8005a46:	eb0c 0c8c 	add.w	ip, ip, ip, lsl #2
 8005a4a:	eb04 0ccc 	add.w	ip, r4, ip, lsl #3
 8005a4e:	f04f 0e01 	mov.w	lr, #1
 8005a52:	f88c e011 	strb.w	lr, [ip, #17]
 8005a56:	e7d8      	b.n	8005a0a <HAL_PCD_EP_Open+0x2e>
 8005a58:	2300      	movs	r3, #0
 8005a5a:	710b      	strb	r3, [r1, #4]
 8005a5c:	e7de      	b.n	8005a1c <HAL_PCD_EP_Open+0x40>
 8005a5e:	2002      	movs	r0, #2
 8005a60:	e7e9      	b.n	8005a36 <HAL_PCD_EP_Open+0x5a>

08005a62 <HAL_PCD_EP_Close>:
 8005a62:	b510      	push	{r4, lr}
 8005a64:	4604      	mov	r4, r0
 8005a66:	460a      	mov	r2, r1
 8005a68:	f011 0f80 	tst.w	r1, #128	@ 0x80
 8005a6c:	d11f      	bne.n	8005aae <HAL_PCD_EP_Close+0x4c>
 8005a6e:	f001 0007 	and.w	r0, r1, #7
 8005a72:	eb00 0380 	add.w	r3, r0, r0, lsl #2
 8005a76:	00db      	lsls	r3, r3, #3
 8005a78:	f503 73a8 	add.w	r3, r3, #336	@ 0x150
 8005a7c:	18e1      	adds	r1, r4, r3
 8005a7e:	eb00 0080 	add.w	r0, r0, r0, lsl #2
 8005a82:	eb04 00c0 	add.w	r0, r4, r0, lsl #3
 8005a86:	2300      	movs	r3, #0
 8005a88:	f880 3151 	strb.w	r3, [r0, #337]	@ 0x151
 8005a8c:	f002 0207 	and.w	r2, r2, #7
 8005a90:	700a      	strb	r2, [r1, #0]
 8005a92:	f894 3290 	ldrb.w	r3, [r4, #656]	@ 0x290
 8005a96:	2b01      	cmp	r3, #1
 8005a98:	d017      	beq.n	8005aca <HAL_PCD_EP_Close+0x68>
 8005a9a:	2301      	movs	r3, #1
 8005a9c:	f884 3290 	strb.w	r3, [r4, #656]	@ 0x290
 8005aa0:	6820      	ldr	r0, [r4, #0]
 8005aa2:	f001 fff5 	bl	8007a90 <USB_DeactivateEndpoint>
 8005aa6:	2000      	movs	r0, #0
 8005aa8:	f884 0290 	strb.w	r0, [r4, #656]	@ 0x290
 8005aac:	bd10      	pop	{r4, pc}
 8005aae:	f001 0007 	and.w	r0, r1, #7
 8005ab2:	eb00 0380 	add.w	r3, r0, r0, lsl #2
 8005ab6:	00db      	lsls	r3, r3, #3
 8005ab8:	3310      	adds	r3, #16
 8005aba:	18e1      	adds	r1, r4, r3
 8005abc:	eb00 0080 	add.w	r0, r0, r0, lsl #2
 8005ac0:	eb04 00c0 	add.w	r0, r4, r0, lsl #3
 8005ac4:	2301      	movs	r3, #1
 8005ac6:	7443      	strb	r3, [r0, #17]
 8005ac8:	e7e0      	b.n	8005a8c <HAL_PCD_EP_Close+0x2a>
 8005aca:	2002      	movs	r0, #2
 8005acc:	e7ee      	b.n	8005aac <HAL_PCD_EP_Close+0x4a>

08005ace <HAL_PCD_EP_Receive>:
 8005ace:	b510      	push	{r4, lr}
 8005ad0:	f001 0c07 	and.w	ip, r1, #7
 8005ad4:	eb0c 018c 	add.w	r1, ip, ip, lsl #2
 8005ad8:	00c9      	lsls	r1, r1, #3
 8005ada:	f501 71a8 	add.w	r1, r1, #336	@ 0x150
 8005ade:	eb0c 0e8c 	add.w	lr, ip, ip, lsl #2
 8005ae2:	eb00 0ece 	add.w	lr, r0, lr, lsl #3
 8005ae6:	f8ce 2164 	str.w	r2, [lr, #356]	@ 0x164
 8005aea:	f8ce 3168 	str.w	r3, [lr, #360]	@ 0x168
 8005aee:	2400      	movs	r4, #0
 8005af0:	f8ce 416c 	str.w	r4, [lr, #364]	@ 0x16c
 8005af4:	f88e 4151 	strb.w	r4, [lr, #337]	@ 0x151
 8005af8:	f88e c150 	strb.w	ip, [lr, #336]	@ 0x150
 8005afc:	4401      	add	r1, r0
 8005afe:	6800      	ldr	r0, [r0, #0]
 8005b00:	f002 f94b 	bl	8007d9a <USB_EPStartXfer>
 8005b04:	4620      	mov	r0, r4
 8005b06:	bd10      	pop	{r4, pc}

08005b08 <HAL_PCD_EP_GetRxCount>:
 8005b08:	f001 0107 	and.w	r1, r1, #7
 8005b0c:	eb01 0181 	add.w	r1, r1, r1, lsl #2
 8005b10:	eb00 00c1 	add.w	r0, r0, r1, lsl #3
 8005b14:	f8d0 016c 	ldr.w	r0, [r0, #364]	@ 0x16c
 8005b18:	4770      	bx	lr

08005b1a <HAL_PCD_EP_Transmit>:
 8005b1a:	b538      	push	{r3, r4, r5, lr}
 8005b1c:	f001 0c07 	and.w	ip, r1, #7
 8005b20:	eb0c 018c 	add.w	r1, ip, ip, lsl #2
 8005b24:	00c9      	lsls	r1, r1, #3
 8005b26:	3110      	adds	r1, #16
 8005b28:	eb0c 0e8c 	add.w	lr, ip, ip, lsl #2
 8005b2c:	eb00 0ece 	add.w	lr, r0, lr, lsl #3
 8005b30:	f8ce 2024 	str.w	r2, [lr, #36]	@ 0x24
 8005b34:	f10c 0201 	add.w	r2, ip, #1
 8005b38:	eb02 0482 	add.w	r4, r2, r2, lsl #2
 8005b3c:	f840 3034 	str.w	r3, [r0, r4, lsl #3]
 8005b40:	2501      	movs	r5, #1
 8005b42:	f88e 5034 	strb.w	r5, [lr, #52]	@ 0x34
 8005b46:	f8ce 3030 	str.w	r3, [lr, #48]	@ 0x30
 8005b4a:	eb00 02c4 	add.w	r2, r0, r4, lsl #3
 8005b4e:	2400      	movs	r4, #0
 8005b50:	6054      	str	r4, [r2, #4]
 8005b52:	f88e 5011 	strb.w	r5, [lr, #17]
 8005b56:	f88e c010 	strb.w	ip, [lr, #16]
 8005b5a:	4401      	add	r1, r0
 8005b5c:	6800      	ldr	r0, [r0, #0]
 8005b5e:	f002 f91c 	bl	8007d9a <USB_EPStartXfer>
 8005b62:	4620      	mov	r0, r4
 8005b64:	bd38      	pop	{r3, r4, r5, pc}

08005b66 <HAL_PCD_EP_SetStall>:
 8005b66:	460b      	mov	r3, r1
 8005b68:	f001 0207 	and.w	r2, r1, #7
 8005b6c:	7901      	ldrb	r1, [r0, #4]
 8005b6e:	4291      	cmp	r1, r2
 8005b70:	d32e      	bcc.n	8005bd0 <HAL_PCD_EP_SetStall+0x6a>
 8005b72:	b510      	push	{r4, lr}
 8005b74:	4604      	mov	r4, r0
 8005b76:	f013 0f80 	tst.w	r3, #128	@ 0x80
 8005b7a:	d11d      	bne.n	8005bb8 <HAL_PCD_EP_SetStall+0x52>
 8005b7c:	eb03 0183 	add.w	r1, r3, r3, lsl #2
 8005b80:	00c9      	lsls	r1, r1, #3
 8005b82:	f501 71a8 	add.w	r1, r1, #336	@ 0x150
 8005b86:	4401      	add	r1, r0
 8005b88:	eb03 0383 	add.w	r3, r3, r3, lsl #2
 8005b8c:	eb00 03c3 	add.w	r3, r0, r3, lsl #3
 8005b90:	2000      	movs	r0, #0
 8005b92:	f883 0151 	strb.w	r0, [r3, #337]	@ 0x151
 8005b96:	2301      	movs	r3, #1
 8005b98:	708b      	strb	r3, [r1, #2]
 8005b9a:	700a      	strb	r2, [r1, #0]
 8005b9c:	f894 3290 	ldrb.w	r3, [r4, #656]	@ 0x290
 8005ba0:	2b01      	cmp	r3, #1
 8005ba2:	d017      	beq.n	8005bd4 <HAL_PCD_EP_SetStall+0x6e>
 8005ba4:	2301      	movs	r3, #1
 8005ba6:	f884 3290 	strb.w	r3, [r4, #656]	@ 0x290
 8005baa:	6820      	ldr	r0, [r4, #0]
 8005bac:	f002 f85b 	bl	8007c66 <USB_EPSetStall>
 8005bb0:	2000      	movs	r0, #0
 8005bb2:	f884 0290 	strb.w	r0, [r4, #656]	@ 0x290
 8005bb6:	bd10      	pop	{r4, pc}
 8005bb8:	eb02 0182 	add.w	r1, r2, r2, lsl #2
 8005bbc:	00c9      	lsls	r1, r1, #3
 8005bbe:	3110      	adds	r1, #16
 8005bc0:	4401      	add	r1, r0
 8005bc2:	eb02 0382 	add.w	r3, r2, r2, lsl #2
 8005bc6:	eb00 03c3 	add.w	r3, r0, r3, lsl #3
 8005bca:	2001      	movs	r0, #1
 8005bcc:	7458      	strb	r0, [r3, #17]
 8005bce:	e7e2      	b.n	8005b96 <HAL_PCD_EP_SetStall+0x30>
 8005bd0:	2001      	movs	r0, #1
 8005bd2:	4770      	bx	lr
 8005bd4:	2002      	movs	r0, #2
 8005bd6:	e7ee      	b.n	8005bb6 <HAL_PCD_EP_SetStall+0x50>

08005bd8 <HAL_PCD_EP_ClrStall>:
 8005bd8:	460b      	mov	r3, r1
 8005bda:	7901      	ldrb	r1, [r0, #4]
 8005bdc:	f003 020f 	and.w	r2, r3, #15
 8005be0:	4291      	cmp	r1, r2
 8005be2:	d334      	bcc.n	8005c4e <HAL_PCD_EP_ClrStall+0x76>
 8005be4:	b510      	push	{r4, lr}
 8005be6:	4604      	mov	r4, r0
 8005be8:	f013 0f80 	tst.w	r3, #128	@ 0x80
 8005bec:	d121      	bne.n	8005c32 <HAL_PCD_EP_ClrStall+0x5a>
 8005bee:	f003 0207 	and.w	r2, r3, #7
 8005bf2:	eb02 0182 	add.w	r1, r2, r2, lsl #2
 8005bf6:	00c9      	lsls	r1, r1, #3
 8005bf8:	f501 71a8 	add.w	r1, r1, #336	@ 0x150
 8005bfc:	4401      	add	r1, r0
 8005bfe:	eb02 0282 	add.w	r2, r2, r2, lsl #2
 8005c02:	eb00 02c2 	add.w	r2, r0, r2, lsl #3
 8005c06:	2000      	movs	r0, #0
 8005c08:	f882 0151 	strb.w	r0, [r2, #337]	@ 0x151
 8005c0c:	2200      	movs	r2, #0
 8005c0e:	708a      	strb	r2, [r1, #2]
 8005c10:	f003 0307 	and.w	r3, r3, #7
 8005c14:	700b      	strb	r3, [r1, #0]
 8005c16:	f894 3290 	ldrb.w	r3, [r4, #656]	@ 0x290
 8005c1a:	2b01      	cmp	r3, #1
 8005c1c:	d019      	beq.n	8005c52 <HAL_PCD_EP_ClrStall+0x7a>
 8005c1e:	2301      	movs	r3, #1
 8005c20:	f884 3290 	strb.w	r3, [r4, #656]	@ 0x290
 8005c24:	6820      	ldr	r0, [r4, #0]
 8005c26:	f002 f843 	bl	8007cb0 <USB_EPClearStall>
 8005c2a:	2000      	movs	r0, #0
 8005c2c:	f884 0290 	strb.w	r0, [r4, #656]	@ 0x290
 8005c30:	bd10      	pop	{r4, pc}
 8005c32:	f003 0207 	and.w	r2, r3, #7
 8005c36:	eb02 0182 	add.w	r1, r2, r2, lsl #2
 8005c3a:	00c9      	lsls	r1, r1, #3
 8005c3c:	3110      	adds	r1, #16
 8005c3e:	4401      	add	r1, r0
 8005c40:	eb02 0282 	add.w	r2, r2, r2, lsl #2
 8005c44:	eb00 02c2 	add.w	r2, r0, r2, lsl #3
 8005c48:	2001      	movs	r0, #1
 8005c4a:	7450      	strb	r0, [r2, #17]
 8005c4c:	e7de      	b.n	8005c0c <HAL_PCD_EP_ClrStall+0x34>
 8005c4e:	2001      	movs	r0, #1
 8005c50:	4770      	bx	lr
 8005c52:	2002      	movs	r0, #2
 8005c54:	e7ec      	b.n	8005c30 <HAL_PCD_EP_ClrStall+0x58>

08005c56 <HAL_PCDEx_PMAConfig>:
 8005c56:	f011 0f80 	tst.w	r1, #128	@ 0x80
 8005c5a:	d00b      	beq.n	8005c74 <HAL_PCDEx_PMAConfig+0x1e>
 8005c5c:	f001 0107 	and.w	r1, r1, #7
 8005c60:	eb01 0181 	add.w	r1, r1, r1, lsl #2
 8005c64:	00c9      	lsls	r1, r1, #3
 8005c66:	3110      	adds	r1, #16
 8005c68:	4408      	add	r0, r1
 8005c6a:	b952      	cbnz	r2, 8005c82 <HAL_PCDEx_PMAConfig+0x2c>
 8005c6c:	7302      	strb	r2, [r0, #12]
 8005c6e:	80c3      	strh	r3, [r0, #6]
 8005c70:	2000      	movs	r0, #0
 8005c72:	4770      	bx	lr
 8005c74:	eb01 0181 	add.w	r1, r1, r1, lsl #2
 8005c78:	00c9      	lsls	r1, r1, #3
 8005c7a:	f501 71a8 	add.w	r1, r1, #336	@ 0x150
 8005c7e:	4408      	add	r0, r1
 8005c80:	e7f3      	b.n	8005c6a <HAL_PCDEx_PMAConfig+0x14>
 8005c82:	2201      	movs	r2, #1
 8005c84:	7302      	strb	r2, [r0, #12]
 8005c86:	8103      	strh	r3, [r0, #8]
 8005c88:	0c1b      	lsrs	r3, r3, #16
 8005c8a:	8143      	strh	r3, [r0, #10]
 8005c8c:	e7f0      	b.n	8005c70 <HAL_PCDEx_PMAConfig+0x1a>

08005c8e <HAL_PCDEx_ActivateLPM>:
 8005c8e:	4603      	mov	r3, r0
 8005c90:	6802      	ldr	r2, [r0, #0]
 8005c92:	2101      	movs	r1, #1
 8005c94:	f8c0 12d0 	str.w	r1, [r0, #720]	@ 0x2d0
 8005c98:	2000      	movs	r0, #0
 8005c9a:	f883 02c8 	strb.w	r0, [r3, #712]	@ 0x2c8
 8005c9e:	f8b2 3054 	ldrh.w	r3, [r2, #84]	@ 0x54
 8005ca2:	b29b      	uxth	r3, r3
 8005ca4:	430b      	orrs	r3, r1
 8005ca6:	f8a2 3054 	strh.w	r3, [r2, #84]	@ 0x54
 8005caa:	f8b2 3054 	ldrh.w	r3, [r2, #84]	@ 0x54
 8005cae:	b29b      	uxth	r3, r3
 8005cb0:	f043 0302 	orr.w	r3, r3, #2
 8005cb4:	f8a2 3054 	strh.w	r3, [r2, #84]	@ 0x54
 8005cb8:	4770      	bx	lr
	...

08005cbc <HAL_PWR_EnableBkUpAccess>:
 8005cbc:	4a02      	ldr	r2, [pc, #8]	@ (8005cc8 <HAL_PWR_EnableBkUpAccess+0xc>)
 8005cbe:	6813      	ldr	r3, [r2, #0]
 8005cc0:	f443 7380 	orr.w	r3, r3, #256	@ 0x100
 8005cc4:	6013      	str	r3, [r2, #0]
 8005cc6:	4770      	bx	lr
 8005cc8:	58000400 	.word	0x58000400

08005ccc <HAL_PWREx_GetVoltageRange>:
 8005ccc:	4b02      	ldr	r3, [pc, #8]	@ (8005cd8 <HAL_PWREx_GetVoltageRange+0xc>)
 8005cce:	6818      	ldr	r0, [r3, #0]
 8005cd0:	f400 60c0 	and.w	r0, r0, #1536	@ 0x600
 8005cd4:	4770      	bx	lr
 8005cd6:	bf00      	nop
 8005cd8:	58000400 	.word	0x58000400

08005cdc <HAL_PWREx_EnableVddUSB>:
 8005cdc:	4a02      	ldr	r2, [pc, #8]	@ (8005ce8 <HAL_PWREx_EnableVddUSB+0xc>)
 8005cde:	6853      	ldr	r3, [r2, #4]
 8005ce0:	f443 6380 	orr.w	r3, r3, #1024	@ 0x400
 8005ce4:	6053      	str	r3, [r2, #4]
 8005ce6:	4770      	bx	lr
 8005ce8:	58000400 	.word	0x58000400

08005cec <RCC_SetFlashLatency>:
 8005cec:	b530      	push	{r4, r5, lr}
 8005cee:	b08d      	sub	sp, #52	@ 0x34
 8005cf0:	4604      	mov	r4, r0
 8005cf2:	468e      	mov	lr, r1
 8005cf4:	f8df c0b0 	ldr.w	ip, [pc, #176]	@ 8005da8 <RCC_SetFlashLatency+0xbc>
 8005cf8:	e89c 000f 	ldmia.w	ip, {r0, r1, r2, r3}
 8005cfc:	ad0c      	add	r5, sp, #48	@ 0x30
 8005cfe:	e905 000f 	stmdb	r5, {r0, r1, r2, r3}
 8005d02:	ab05      	add	r3, sp, #20
 8005d04:	f10c 0210 	add.w	r2, ip, #16
 8005d08:	ca07      	ldmia	r2, {r0, r1, r2}
 8005d0a:	e883 0007 	stmia.w	r3, {r0, r1, r2}
 8005d0e:	ad01      	add	r5, sp, #4
 8005d10:	f10c 0c1c 	add.w	ip, ip, #28
 8005d14:	e89c 000f 	ldmia.w	ip, {r0, r1, r2, r3}
 8005d18:	e885 000f 	stmia.w	r5, {r0, r1, r2, r3}
 8005d1c:	f5be 7f00 	cmp.w	lr, #512	@ 0x200
 8005d20:	d007      	beq.n	8005d32 <RCC_SetFlashLatency+0x46>
 8005d22:	2300      	movs	r3, #0
 8005d24:	e014      	b.n	8005d50 <RCC_SetFlashLatency+0x64>
 8005d26:	aa0c      	add	r2, sp, #48	@ 0x30
 8005d28:	eb02 0383 	add.w	r3, r2, r3, lsl #2
 8005d2c:	f853 5c2c 	ldr.w	r5, [r3, #-44]
 8005d30:	e01e      	b.n	8005d70 <RCC_SetFlashLatency+0x84>
 8005d32:	2300      	movs	r3, #0
 8005d34:	2b03      	cmp	r3, #3
 8005d36:	d808      	bhi.n	8005d4a <RCC_SetFlashLatency+0x5e>
 8005d38:	aa0c      	add	r2, sp, #48	@ 0x30
 8005d3a:	eb02 0283 	add.w	r2, r2, r3, lsl #2
 8005d3e:	f852 2c10 	ldr.w	r2, [r2, #-16]
 8005d42:	42a2      	cmp	r2, r4
 8005d44:	d2ef      	bcs.n	8005d26 <RCC_SetFlashLatency+0x3a>
 8005d46:	3301      	adds	r3, #1
 8005d48:	e7f4      	b.n	8005d34 <RCC_SetFlashLatency+0x48>
 8005d4a:	2500      	movs	r5, #0
 8005d4c:	e010      	b.n	8005d70 <RCC_SetFlashLatency+0x84>
 8005d4e:	3301      	adds	r3, #1
 8005d50:	2b02      	cmp	r3, #2
 8005d52:	d80c      	bhi.n	8005d6e <RCC_SetFlashLatency+0x82>
 8005d54:	aa0c      	add	r2, sp, #48	@ 0x30
 8005d56:	eb02 0283 	add.w	r2, r2, r3, lsl #2
 8005d5a:	f852 2c1c 	ldr.w	r2, [r2, #-28]
 8005d5e:	42a2      	cmp	r2, r4
 8005d60:	d3f5      	bcc.n	8005d4e <RCC_SetFlashLatency+0x62>
 8005d62:	aa0c      	add	r2, sp, #48	@ 0x30
 8005d64:	eb02 0383 	add.w	r3, r2, r3, lsl #2
 8005d68:	f853 5c2c 	ldr.w	r5, [r3, #-44]
 8005d6c:	e000      	b.n	8005d70 <RCC_SetFlashLatency+0x84>
 8005d6e:	2500      	movs	r5, #0
 8005d70:	4a0c      	ldr	r2, [pc, #48]	@ (8005da4 <RCC_SetFlashLatency+0xb8>)
 8005d72:	6813      	ldr	r3, [r2, #0]
 8005d74:	f023 0307 	bic.w	r3, r3, #7
 8005d78:	432b      	orrs	r3, r5
 8005d7a:	6013      	str	r3, [r2, #0]
 8005d7c:	f7fe f8ba 	bl	8003ef4 <HAL_GetTick>
 8005d80:	4604      	mov	r4, r0
 8005d82:	4b08      	ldr	r3, [pc, #32]	@ (8005da4 <RCC_SetFlashLatency+0xb8>)
 8005d84:	681b      	ldr	r3, [r3, #0]
 8005d86:	f003 0307 	and.w	r3, r3, #7
 8005d8a:	42ab      	cmp	r3, r5
 8005d8c:	d006      	beq.n	8005d9c <RCC_SetFlashLatency+0xb0>
 8005d8e:	f7fe f8b1 	bl	8003ef4 <HAL_GetTick>
 8005d92:	1b00      	subs	r0, r0, r4
 8005d94:	2802      	cmp	r0, #2
 8005d96:	d9f4      	bls.n	8005d82 <RCC_SetFlashLatency+0x96>
 8005d98:	2003      	movs	r0, #3
 8005d9a:	e000      	b.n	8005d9e <RCC_SetFlashLatency+0xb2>
 8005d9c:	2000      	movs	r0, #0
 8005d9e:	b00d      	add	sp, #52	@ 0x34
 8005da0:	bd30      	pop	{r4, r5, pc}
 8005da2:	bf00      	nop
 8005da4:	58004000 	.word	0x58004000
 8005da8:	0800cbdc 	.word	0x0800cbdc

08005dac <RCC_SetFlashLatencyFromMSIRange>:
 8005dac:	b510      	push	{r4, lr}
 8005dae:	28b0      	cmp	r0, #176	@ 0xb0
 8005db0:	d918      	bls.n	8005de4 <RCC_SetFlashLatencyFromMSIRange+0x38>
 8005db2:	4b0f      	ldr	r3, [pc, #60]	@ (8005df0 <RCC_SetFlashLatencyFromMSIRange+0x44>)
 8005db4:	6adb      	ldr	r3, [r3, #44]	@ 0x2c
 8005db6:	f04f 42b0 	mov.w	r2, #1476395008	@ 0x58000000
 8005dba:	f8d2 2108 	ldr.w	r2, [r2, #264]	@ 0x108
 8005dbe:	f002 020f 	and.w	r2, r2, #15
 8005dc2:	490c      	ldr	r1, [pc, #48]	@ (8005df4 <RCC_SetFlashLatencyFromMSIRange+0x48>)
 8005dc4:	f851 2022 	ldr.w	r2, [r1, r2, lsl #2]
 8005dc8:	fbb3 f3f2 	udiv	r3, r3, r2
 8005dcc:	4a0a      	ldr	r2, [pc, #40]	@ (8005df8 <RCC_SetFlashLatencyFromMSIRange+0x4c>)
 8005dce:	fba2 2303 	umull	r2, r3, r2, r3
 8005dd2:	0c9b      	lsrs	r3, r3, #18
 8005dd4:	461c      	mov	r4, r3
 8005dd6:	f7ff ff79 	bl	8005ccc <HAL_PWREx_GetVoltageRange>
 8005dda:	4601      	mov	r1, r0
 8005ddc:	4620      	mov	r0, r4
 8005dde:	f7ff ff85 	bl	8005cec <RCC_SetFlashLatency>
 8005de2:	bd10      	pop	{r4, pc}
 8005de4:	f3c0 1003 	ubfx	r0, r0, #4, #4
 8005de8:	4b01      	ldr	r3, [pc, #4]	@ (8005df0 <RCC_SetFlashLatencyFromMSIRange+0x44>)
 8005dea:	f853 3020 	ldr.w	r3, [r3, r0, lsl #2]
 8005dee:	e7e2      	b.n	8005db6 <RCC_SetFlashLatencyFromMSIRange+0xa>
 8005df0:	0800d054 	.word	0x0800d054
 8005df4:	0800d094 	.word	0x0800d094
 8005df8:	431bde83 	.word	0x431bde83

08005dfc <HAL_RCC_GetSysClockFreq>:
 8005dfc:	f04f 43b0 	mov.w	r3, #1476395008	@ 0x58000000
 8005e00:	689b      	ldr	r3, [r3, #8]
 8005e02:	f013 030c 	ands.w	r3, r3, #12
 8005e06:	d10d      	bne.n	8005e24 <HAL_RCC_GetSysClockFreq+0x28>
 8005e08:	f04f 43b0 	mov.w	r3, #1476395008	@ 0x58000000
 8005e0c:	681b      	ldr	r3, [r3, #0]
 8005e0e:	f003 03f0 	and.w	r3, r3, #240	@ 0xf0
 8005e12:	2bb0      	cmp	r3, #176	@ 0xb0
 8005e14:	d804      	bhi.n	8005e20 <HAL_RCC_GetSysClockFreq+0x24>
 8005e16:	091b      	lsrs	r3, r3, #4
 8005e18:	4a25      	ldr	r2, [pc, #148]	@ (8005eb0 <HAL_RCC_GetSysClockFreq+0xb4>)
 8005e1a:	f852 0023 	ldr.w	r0, [r2, r3, lsl #2]
 8005e1e:	4770      	bx	lr
 8005e20:	23b0      	movs	r3, #176	@ 0xb0
 8005e22:	e7f8      	b.n	8005e16 <HAL_RCC_GetSysClockFreq+0x1a>
 8005e24:	2b04      	cmp	r3, #4
 8005e26:	d03e      	beq.n	8005ea6 <HAL_RCC_GetSysClockFreq+0xaa>
 8005e28:	2b08      	cmp	r3, #8
 8005e2a:	d010      	beq.n	8005e4e <HAL_RCC_GetSysClockFreq+0x52>
 8005e2c:	f04f 43b0 	mov.w	r3, #1476395008	@ 0x58000000
 8005e30:	68db      	ldr	r3, [r3, #12]
 8005e32:	f003 0303 	and.w	r3, r3, #3
 8005e36:	2b02      	cmp	r3, #2
 8005e38:	d031      	beq.n	8005e9e <HAL_RCC_GetSysClockFreq+0xa2>
 8005e3a:	2b03      	cmp	r3, #3
 8005e3c:	d10f      	bne.n	8005e5e <HAL_RCC_GetSysClockFreq+0x62>
 8005e3e:	f04f 43b0 	mov.w	r3, #1476395008	@ 0x58000000
 8005e42:	681b      	ldr	r3, [r3, #0]
 8005e44:	f413 1f80 	tst.w	r3, #1048576	@ 0x100000
 8005e48:	d12b      	bne.n	8005ea2 <HAL_RCC_GetSysClockFreq+0xa6>
 8005e4a:	481a      	ldr	r0, [pc, #104]	@ (8005eb4 <HAL_RCC_GetSysClockFreq+0xb8>)
 8005e4c:	e012      	b.n	8005e74 <HAL_RCC_GetSysClockFreq+0x78>
 8005e4e:	f04f 43b0 	mov.w	r3, #1476395008	@ 0x58000000
 8005e52:	681b      	ldr	r3, [r3, #0]
 8005e54:	f413 1f80 	tst.w	r3, #1048576	@ 0x100000
 8005e58:	d027      	beq.n	8005eaa <HAL_RCC_GetSysClockFreq+0xae>
 8005e5a:	4817      	ldr	r0, [pc, #92]	@ (8005eb8 <HAL_RCC_GetSysClockFreq+0xbc>)
 8005e5c:	4770      	bx	lr
 8005e5e:	f04f 43b0 	mov.w	r3, #1476395008	@ 0x58000000
 8005e62:	681b      	ldr	r3, [r3, #0]
 8005e64:	f003 03f0 	and.w	r3, r3, #240	@ 0xf0
 8005e68:	2bb0      	cmp	r3, #176	@ 0xb0
 8005e6a:	d816      	bhi.n	8005e9a <HAL_RCC_GetSysClockFreq+0x9e>
 8005e6c:	091b      	lsrs	r3, r3, #4
 8005e6e:	4a10      	ldr	r2, [pc, #64]	@ (8005eb0 <HAL_RCC_GetSysClockFreq+0xb4>)
 8005e70:	f852 0023 	ldr.w	r0, [r2, r3, lsl #2]
 8005e74:	f04f 42b0 	mov.w	r2, #1476395008	@ 0x58000000
 8005e78:	68d3      	ldr	r3, [r2, #12]
 8005e7a:	f3c3 2306 	ubfx	r3, r3, #8, #7
 8005e7e:	fb03 f000 	mul.w	r0, r3, r0
 8005e82:	68d3      	ldr	r3, [r2, #12]
 8005e84:	f3c3 1302 	ubfx	r3, r3, #4, #3
 8005e88:	3301      	adds	r3, #1
 8005e8a:	fbb0 f0f3 	udiv	r0, r0, r3
 8005e8e:	68d3      	ldr	r3, [r2, #12]
 8005e90:	0f5b      	lsrs	r3, r3, #29
 8005e92:	3301      	adds	r3, #1
 8005e94:	fbb0 f0f3 	udiv	r0, r0, r3
 8005e98:	4770      	bx	lr
 8005e9a:	23b0      	movs	r3, #176	@ 0xb0
 8005e9c:	e7e6      	b.n	8005e6c <HAL_RCC_GetSysClockFreq+0x70>
 8005e9e:	4806      	ldr	r0, [pc, #24]	@ (8005eb8 <HAL_RCC_GetSysClockFreq+0xbc>)
 8005ea0:	e7e8      	b.n	8005e74 <HAL_RCC_GetSysClockFreq+0x78>
 8005ea2:	4805      	ldr	r0, [pc, #20]	@ (8005eb8 <HAL_RCC_GetSysClockFreq+0xbc>)
 8005ea4:	e7e6      	b.n	8005e74 <HAL_RCC_GetSysClockFreq+0x78>
 8005ea6:	4804      	ldr	r0, [pc, #16]	@ (8005eb8 <HAL_RCC_GetSysClockFreq+0xbc>)
 8005ea8:	4770      	bx	lr
 8005eaa:	4802      	ldr	r0, [pc, #8]	@ (8005eb4 <HAL_RCC_GetSysClockFreq+0xb8>)
 8005eac:	4770      	bx	lr
 8005eae:	bf00      	nop
 8005eb0:	0800d054 	.word	0x0800d054
 8005eb4:	01e84800 	.word	0x01e84800
 8005eb8:	00f42400 	.word	0x00f42400

08005ebc <HAL_RCC_GetHCLKFreq>:
 8005ebc:	b508      	push	{r3, lr}
 8005ebe:	f7ff ff9d 	bl	8005dfc <HAL_RCC_GetSysClockFreq>
 8005ec2:	f04f 43b0 	mov.w	r3, #1476395008	@ 0x58000000
 8005ec6:	689b      	ldr	r3, [r3, #8]
 8005ec8:	f3c3 1303 	ubfx	r3, r3, #4, #4
 8005ecc:	4a02      	ldr	r2, [pc, #8]	@ (8005ed8 <HAL_RCC_GetHCLKFreq+0x1c>)
 8005ece:	f852 3023 	ldr.w	r3, [r2, r3, lsl #2]
 8005ed2:	fbb0 f0f3 	udiv	r0, r0, r3
 8005ed6:	bd08      	pop	{r3, pc}
 8005ed8:	0800d094 	.word	0x0800d094

08005edc <HAL_RCC_OscConfig>:
 8005edc:	2800      	cmp	r0, #0
 8005ede:	f000 8375 	beq.w	80065cc <HAL_RCC_OscConfig+0x6f0>
 8005ee2:	b538      	push	{r3, r4, r5, lr}
 8005ee4:	4604      	mov	r4, r0
 8005ee6:	6803      	ldr	r3, [r0, #0]
 8005ee8:	f013 0f20 	tst.w	r3, #32
 8005eec:	d02d      	beq.n	8005f4a <HAL_RCC_OscConfig+0x6e>
 8005eee:	f04f 42b0 	mov.w	r2, #1476395008	@ 0x58000000
 8005ef2:	6893      	ldr	r3, [r2, #8]
 8005ef4:	68d2      	ldr	r2, [r2, #12]
 8005ef6:	f002 0203 	and.w	r2, r2, #3
 8005efa:	f013 030c 	ands.w	r3, r3, #12
 8005efe:	d058      	beq.n	8005fb2 <HAL_RCC_OscConfig+0xd6>
 8005f00:	2b0c      	cmp	r3, #12
 8005f02:	d054      	beq.n	8005fae <HAL_RCC_OscConfig+0xd2>
 8005f04:	69e3      	ldr	r3, [r4, #28]
 8005f06:	2b00      	cmp	r3, #0
 8005f08:	f000 80a0 	beq.w	800604c <HAL_RCC_OscConfig+0x170>
 8005f0c:	f04f 42b0 	mov.w	r2, #1476395008	@ 0x58000000
 8005f10:	6813      	ldr	r3, [r2, #0]
 8005f12:	f043 0301 	orr.w	r3, r3, #1
 8005f16:	6013      	str	r3, [r2, #0]
 8005f18:	f7fd ffec 	bl	8003ef4 <HAL_GetTick>
 8005f1c:	4605      	mov	r5, r0
 8005f1e:	f04f 43b0 	mov.w	r3, #1476395008	@ 0x58000000
 8005f22:	681b      	ldr	r3, [r3, #0]
 8005f24:	f013 0f02 	tst.w	r3, #2
 8005f28:	f000 8088 	beq.w	800603c <HAL_RCC_OscConfig+0x160>
 8005f2c:	6a63      	ldr	r3, [r4, #36]	@ 0x24
 8005f2e:	f04f 42b0 	mov.w	r2, #1476395008	@ 0x58000000
 8005f32:	6811      	ldr	r1, [r2, #0]
 8005f34:	f021 01f0 	bic.w	r1, r1, #240	@ 0xf0
 8005f38:	430b      	orrs	r3, r1
 8005f3a:	6013      	str	r3, [r2, #0]
 8005f3c:	6a21      	ldr	r1, [r4, #32]
 8005f3e:	6853      	ldr	r3, [r2, #4]
 8005f40:	f423 437f 	bic.w	r3, r3, #65280	@ 0xff00
 8005f44:	ea43 2301 	orr.w	r3, r3, r1, lsl #8
 8005f48:	6053      	str	r3, [r2, #4]
 8005f4a:	6823      	ldr	r3, [r4, #0]
 8005f4c:	f013 0f01 	tst.w	r3, #1
 8005f50:	f000 809a 	beq.w	8006088 <HAL_RCC_OscConfig+0x1ac>
 8005f54:	f04f 42b0 	mov.w	r2, #1476395008	@ 0x58000000
 8005f58:	6893      	ldr	r3, [r2, #8]
 8005f5a:	f003 030c 	and.w	r3, r3, #12
 8005f5e:	68d2      	ldr	r2, [r2, #12]
 8005f60:	f002 0203 	and.w	r2, r2, #3
 8005f64:	2b08      	cmp	r3, #8
 8005f66:	f000 808b 	beq.w	8006080 <HAL_RCC_OscConfig+0x1a4>
 8005f6a:	2b0c      	cmp	r3, #12
 8005f6c:	f000 8085 	beq.w	800607a <HAL_RCC_OscConfig+0x19e>
 8005f70:	6863      	ldr	r3, [r4, #4]
 8005f72:	f5b3 3f80 	cmp.w	r3, #65536	@ 0x10000
 8005f76:	f000 80b0 	beq.w	80060da <HAL_RCC_OscConfig+0x1fe>
 8005f7a:	f04f 42b0 	mov.w	r2, #1476395008	@ 0x58000000
 8005f7e:	6813      	ldr	r3, [r2, #0]
 8005f80:	f423 3380 	bic.w	r3, r3, #65536	@ 0x10000
 8005f84:	6013      	str	r3, [r2, #0]
 8005f86:	6863      	ldr	r3, [r4, #4]
 8005f88:	2b00      	cmp	r3, #0
 8005f8a:	f000 80ad 	beq.w	80060e8 <HAL_RCC_OscConfig+0x20c>
 8005f8e:	f7fd ffb1 	bl	8003ef4 <HAL_GetTick>
 8005f92:	4605      	mov	r5, r0
 8005f94:	f04f 43b0 	mov.w	r3, #1476395008	@ 0x58000000
 8005f98:	681b      	ldr	r3, [r3, #0]
 8005f9a:	f413 3f00 	tst.w	r3, #131072	@ 0x20000
 8005f9e:	d173      	bne.n	8006088 <HAL_RCC_OscConfig+0x1ac>
 8005fa0:	f7fd ffa8 	bl	8003ef4 <HAL_GetTick>
 8005fa4:	1b40      	subs	r0, r0, r5
 8005fa6:	2864      	cmp	r0, #100	@ 0x64
 8005fa8:	d9f4      	bls.n	8005f94 <HAL_RCC_OscConfig+0xb8>
 8005faa:	2003      	movs	r0, #3
 8005fac:	e319      	b.n	80065e2 <HAL_RCC_OscConfig+0x706>
 8005fae:	2a01      	cmp	r2, #1
 8005fb0:	d1a8      	bne.n	8005f04 <HAL_RCC_OscConfig+0x28>
 8005fb2:	69e3      	ldr	r3, [r4, #28]
 8005fb4:	2b00      	cmp	r3, #0
 8005fb6:	f000 830b 	beq.w	80065d0 <HAL_RCC_OscConfig+0x6f4>
 8005fba:	6a60      	ldr	r0, [r4, #36]	@ 0x24
 8005fbc:	f04f 43b0 	mov.w	r3, #1476395008	@ 0x58000000
 8005fc0:	681b      	ldr	r3, [r3, #0]
 8005fc2:	f003 03f0 	and.w	r3, r3, #240	@ 0xf0
 8005fc6:	2bb0      	cmp	r3, #176	@ 0xb0
 8005fc8:	d821      	bhi.n	800600e <HAL_RCC_OscConfig+0x132>
 8005fca:	4298      	cmp	r0, r3
 8005fcc:	d921      	bls.n	8006012 <HAL_RCC_OscConfig+0x136>
 8005fce:	f7ff feed 	bl	8005dac <RCC_SetFlashLatencyFromMSIRange>
 8005fd2:	2800      	cmp	r0, #0
 8005fd4:	f040 82fe 	bne.w	80065d4 <HAL_RCC_OscConfig+0x6f8>
 8005fd8:	6a63      	ldr	r3, [r4, #36]	@ 0x24
 8005fda:	f04f 42b0 	mov.w	r2, #1476395008	@ 0x58000000
 8005fde:	6811      	ldr	r1, [r2, #0]
 8005fe0:	f021 01f0 	bic.w	r1, r1, #240	@ 0xf0
 8005fe4:	430b      	orrs	r3, r1
 8005fe6:	6013      	str	r3, [r2, #0]
 8005fe8:	6a21      	ldr	r1, [r4, #32]
 8005fea:	6853      	ldr	r3, [r2, #4]
 8005fec:	f423 437f 	bic.w	r3, r3, #65280	@ 0xff00
 8005ff0:	ea43 2301 	orr.w	r3, r3, r1, lsl #8
 8005ff4:	6053      	str	r3, [r2, #4]
 8005ff6:	f7ff ff61 	bl	8005ebc <HAL_RCC_GetHCLKFreq>
 8005ffa:	4bbd      	ldr	r3, [pc, #756]	@ (80062f0 <HAL_RCC_OscConfig+0x414>)
 8005ffc:	6018      	str	r0, [r3, #0]
 8005ffe:	4bbd      	ldr	r3, [pc, #756]	@ (80062f4 <HAL_RCC_OscConfig+0x418>)
 8006000:	6818      	ldr	r0, [r3, #0]
 8006002:	f7fd ff2b 	bl	8003e5c <HAL_InitTick>
 8006006:	2800      	cmp	r0, #0
 8006008:	d09f      	beq.n	8005f4a <HAL_RCC_OscConfig+0x6e>
 800600a:	2001      	movs	r0, #1
 800600c:	e2e9      	b.n	80065e2 <HAL_RCC_OscConfig+0x706>
 800600e:	23b0      	movs	r3, #176	@ 0xb0
 8006010:	e7db      	b.n	8005fca <HAL_RCC_OscConfig+0xee>
 8006012:	f04f 42b0 	mov.w	r2, #1476395008	@ 0x58000000
 8006016:	6813      	ldr	r3, [r2, #0]
 8006018:	f023 03f0 	bic.w	r3, r3, #240	@ 0xf0
 800601c:	4318      	orrs	r0, r3
 800601e:	6010      	str	r0, [r2, #0]
 8006020:	6a21      	ldr	r1, [r4, #32]
 8006022:	6853      	ldr	r3, [r2, #4]
 8006024:	f423 437f 	bic.w	r3, r3, #65280	@ 0xff00
 8006028:	ea43 2301 	orr.w	r3, r3, r1, lsl #8
 800602c:	6053      	str	r3, [r2, #4]
 800602e:	6a60      	ldr	r0, [r4, #36]	@ 0x24
 8006030:	f7ff febc 	bl	8005dac <RCC_SetFlashLatencyFromMSIRange>
 8006034:	2800      	cmp	r0, #0
 8006036:	d0de      	beq.n	8005ff6 <HAL_RCC_OscConfig+0x11a>
 8006038:	2001      	movs	r0, #1
 800603a:	e2d2      	b.n	80065e2 <HAL_RCC_OscConfig+0x706>
 800603c:	f7fd ff5a 	bl	8003ef4 <HAL_GetTick>
 8006040:	1b40      	subs	r0, r0, r5
 8006042:	2802      	cmp	r0, #2
 8006044:	f67f af6b 	bls.w	8005f1e <HAL_RCC_OscConfig+0x42>
 8006048:	2003      	movs	r0, #3
 800604a:	e2ca      	b.n	80065e2 <HAL_RCC_OscConfig+0x706>
 800604c:	f04f 42b0 	mov.w	r2, #1476395008	@ 0x58000000
 8006050:	6813      	ldr	r3, [r2, #0]
 8006052:	f023 0301 	bic.w	r3, r3, #1
 8006056:	6013      	str	r3, [r2, #0]
 8006058:	f7fd ff4c 	bl	8003ef4 <HAL_GetTick>
 800605c:	4605      	mov	r5, r0
 800605e:	f04f 43b0 	mov.w	r3, #1476395008	@ 0x58000000
 8006062:	681b      	ldr	r3, [r3, #0]
 8006064:	f013 0f02 	tst.w	r3, #2
 8006068:	f43f af6f 	beq.w	8005f4a <HAL_RCC_OscConfig+0x6e>
 800606c:	f7fd ff42 	bl	8003ef4 <HAL_GetTick>
 8006070:	1b40      	subs	r0, r0, r5
 8006072:	2802      	cmp	r0, #2
 8006074:	d9f3      	bls.n	800605e <HAL_RCC_OscConfig+0x182>
 8006076:	2003      	movs	r0, #3
 8006078:	e2b3      	b.n	80065e2 <HAL_RCC_OscConfig+0x706>
 800607a:	2a03      	cmp	r2, #3
 800607c:	f47f af78 	bne.w	8005f70 <HAL_RCC_OscConfig+0x94>
 8006080:	6863      	ldr	r3, [r4, #4]
 8006082:	2b00      	cmp	r3, #0
 8006084:	f000 82a8 	beq.w	80065d8 <HAL_RCC_OscConfig+0x6fc>
 8006088:	6823      	ldr	r3, [r4, #0]
 800608a:	f013 0f02 	tst.w	r3, #2
 800608e:	d054      	beq.n	800613a <HAL_RCC_OscConfig+0x25e>
 8006090:	f04f 42b0 	mov.w	r2, #1476395008	@ 0x58000000
 8006094:	6893      	ldr	r3, [r2, #8]
 8006096:	f003 030c 	and.w	r3, r3, #12
 800609a:	68d2      	ldr	r2, [r2, #12]
 800609c:	f002 0203 	and.w	r2, r2, #3
 80060a0:	2b04      	cmp	r3, #4
 80060a2:	d033      	beq.n	800610c <HAL_RCC_OscConfig+0x230>
 80060a4:	2b0c      	cmp	r3, #12
 80060a6:	d02f      	beq.n	8006108 <HAL_RCC_OscConfig+0x22c>
 80060a8:	68e3      	ldr	r3, [r4, #12]
 80060aa:	2b00      	cmp	r3, #0
 80060ac:	d074      	beq.n	8006198 <HAL_RCC_OscConfig+0x2bc>
 80060ae:	f04f 42b0 	mov.w	r2, #1476395008	@ 0x58000000
 80060b2:	6813      	ldr	r3, [r2, #0]
 80060b4:	f443 7380 	orr.w	r3, r3, #256	@ 0x100
 80060b8:	6013      	str	r3, [r2, #0]
 80060ba:	f7fd ff1b 	bl	8003ef4 <HAL_GetTick>
 80060be:	4605      	mov	r5, r0
 80060c0:	f04f 43b0 	mov.w	r3, #1476395008	@ 0x58000000
 80060c4:	681b      	ldr	r3, [r3, #0]
 80060c6:	f413 6f80 	tst.w	r3, #1024	@ 0x400
 80060ca:	d12d      	bne.n	8006128 <HAL_RCC_OscConfig+0x24c>
 80060cc:	f7fd ff12 	bl	8003ef4 <HAL_GetTick>
 80060d0:	1b40      	subs	r0, r0, r5
 80060d2:	2802      	cmp	r0, #2
 80060d4:	d9f4      	bls.n	80060c0 <HAL_RCC_OscConfig+0x1e4>
 80060d6:	2003      	movs	r0, #3
 80060d8:	e283      	b.n	80065e2 <HAL_RCC_OscConfig+0x706>
 80060da:	f04f 42b0 	mov.w	r2, #1476395008	@ 0x58000000
 80060de:	6813      	ldr	r3, [r2, #0]
 80060e0:	f443 3380 	orr.w	r3, r3, #65536	@ 0x10000
 80060e4:	6013      	str	r3, [r2, #0]
 80060e6:	e74e      	b.n	8005f86 <HAL_RCC_OscConfig+0xaa>
 80060e8:	f7fd ff04 	bl	8003ef4 <HAL_GetTick>
 80060ec:	4605      	mov	r5, r0
 80060ee:	f04f 43b0 	mov.w	r3, #1476395008	@ 0x58000000
 80060f2:	681b      	ldr	r3, [r3, #0]
 80060f4:	f413 3f00 	tst.w	r3, #131072	@ 0x20000
 80060f8:	d0c6      	beq.n	8006088 <HAL_RCC_OscConfig+0x1ac>
 80060fa:	f7fd fefb 	bl	8003ef4 <HAL_GetTick>
 80060fe:	1b40      	subs	r0, r0, r5
 8006100:	2864      	cmp	r0, #100	@ 0x64
 8006102:	d9f4      	bls.n	80060ee <HAL_RCC_OscConfig+0x212>
 8006104:	2003      	movs	r0, #3
 8006106:	e26c      	b.n	80065e2 <HAL_RCC_OscConfig+0x706>
 8006108:	2a02      	cmp	r2, #2
 800610a:	d1cd      	bne.n	80060a8 <HAL_RCC_OscConfig+0x1cc>
 800610c:	68e3      	ldr	r3, [r4, #12]
 800610e:	2b00      	cmp	r3, #0
 8006110:	f000 8264 	beq.w	80065dc <HAL_RCC_OscConfig+0x700>
 8006114:	6921      	ldr	r1, [r4, #16]
 8006116:	f04f 42b0 	mov.w	r2, #1476395008	@ 0x58000000
 800611a:	6853      	ldr	r3, [r2, #4]
 800611c:	f023 43fe 	bic.w	r3, r3, #2130706432	@ 0x7f000000
 8006120:	ea43 6301 	orr.w	r3, r3, r1, lsl #24
 8006124:	6053      	str	r3, [r2, #4]
 8006126:	e008      	b.n	800613a <HAL_RCC_OscConfig+0x25e>
 8006128:	6921      	ldr	r1, [r4, #16]
 800612a:	f04f 42b0 	mov.w	r2, #1476395008	@ 0x58000000
 800612e:	6853      	ldr	r3, [r2, #4]
 8006130:	f023 43fe 	bic.w	r3, r3, #2130706432	@ 0x7f000000
 8006134:	ea43 6301 	orr.w	r3, r3, r1, lsl #24
 8006138:	6053      	str	r3, [r2, #4]
 800613a:	6823      	ldr	r3, [r4, #0]
 800613c:	f013 0f08 	tst.w	r3, #8
 8006140:	d103      	bne.n	800614a <HAL_RCC_OscConfig+0x26e>
 8006142:	f013 0f10 	tst.w	r3, #16
 8006146:	f000 80de 	beq.w	8006306 <HAL_RCC_OscConfig+0x42a>
 800614a:	6962      	ldr	r2, [r4, #20]
 800614c:	2a00      	cmp	r2, #0
 800614e:	f000 80a3 	beq.w	8006298 <HAL_RCC_OscConfig+0x3bc>
 8006152:	f013 0f10 	tst.w	r3, #16
 8006156:	d070      	beq.n	800623a <HAL_RCC_OscConfig+0x35e>
 8006158:	f04f 43b0 	mov.w	r3, #1476395008	@ 0x58000000
 800615c:	f8d3 3094 	ldr.w	r3, [r3, #148]	@ 0x94
 8006160:	f013 0f02 	tst.w	r3, #2
 8006164:	d12e      	bne.n	80061c4 <HAL_RCC_OscConfig+0x2e8>
 8006166:	f04f 42b0 	mov.w	r2, #1476395008	@ 0x58000000
 800616a:	f8d2 3094 	ldr.w	r3, [r2, #148]	@ 0x94
 800616e:	f043 0301 	orr.w	r3, r3, #1
 8006172:	f8c2 3094 	str.w	r3, [r2, #148]	@ 0x94
 8006176:	f7fd febd 	bl	8003ef4 <HAL_GetTick>
 800617a:	4605      	mov	r5, r0
 800617c:	f04f 43b0 	mov.w	r3, #1476395008	@ 0x58000000
 8006180:	f8d3 3094 	ldr.w	r3, [r3, #148]	@ 0x94
 8006184:	f013 0f02 	tst.w	r3, #2
 8006188:	d11c      	bne.n	80061c4 <HAL_RCC_OscConfig+0x2e8>
 800618a:	f7fd feb3 	bl	8003ef4 <HAL_GetTick>
 800618e:	1b40      	subs	r0, r0, r5
 8006190:	2802      	cmp	r0, #2
 8006192:	d9f3      	bls.n	800617c <HAL_RCC_OscConfig+0x2a0>
 8006194:	2003      	movs	r0, #3
 8006196:	e224      	b.n	80065e2 <HAL_RCC_OscConfig+0x706>
 8006198:	f04f 42b0 	mov.w	r2, #1476395008	@ 0x58000000
 800619c:	6813      	ldr	r3, [r2, #0]
 800619e:	f423 7380 	bic.w	r3, r3, #256	@ 0x100
 80061a2:	6013      	str	r3, [r2, #0]
 80061a4:	f7fd fea6 	bl	8003ef4 <HAL_GetTick>
 80061a8:	4605      	mov	r5, r0
 80061aa:	f04f 43b0 	mov.w	r3, #1476395008	@ 0x58000000
 80061ae:	681b      	ldr	r3, [r3, #0]
 80061b0:	f413 6f80 	tst.w	r3, #1024	@ 0x400
 80061b4:	d0c1      	beq.n	800613a <HAL_RCC_OscConfig+0x25e>
 80061b6:	f7fd fe9d 	bl	8003ef4 <HAL_GetTick>
 80061ba:	1b40      	subs	r0, r0, r5
 80061bc:	2802      	cmp	r0, #2
 80061be:	d9f4      	bls.n	80061aa <HAL_RCC_OscConfig+0x2ce>
 80061c0:	2003      	movs	r0, #3
 80061c2:	e20e      	b.n	80065e2 <HAL_RCC_OscConfig+0x706>
 80061c4:	f04f 42b0 	mov.w	r2, #1476395008	@ 0x58000000
 80061c8:	f8d2 3094 	ldr.w	r3, [r2, #148]	@ 0x94
 80061cc:	f043 0304 	orr.w	r3, r3, #4
 80061d0:	f8c2 3094 	str.w	r3, [r2, #148]	@ 0x94
 80061d4:	f7fd fe8e 	bl	8003ef4 <HAL_GetTick>
 80061d8:	4605      	mov	r5, r0
 80061da:	f04f 43b0 	mov.w	r3, #1476395008	@ 0x58000000
 80061de:	f8d3 3094 	ldr.w	r3, [r3, #148]	@ 0x94
 80061e2:	f013 0f08 	tst.w	r3, #8
 80061e6:	d106      	bne.n	80061f6 <HAL_RCC_OscConfig+0x31a>
 80061e8:	f7fd fe84 	bl	8003ef4 <HAL_GetTick>
 80061ec:	1b40      	subs	r0, r0, r5
 80061ee:	2803      	cmp	r0, #3
 80061f0:	d9f3      	bls.n	80061da <HAL_RCC_OscConfig+0x2fe>
 80061f2:	2003      	movs	r0, #3
 80061f4:	e1f5      	b.n	80065e2 <HAL_RCC_OscConfig+0x706>
 80061f6:	69a1      	ldr	r1, [r4, #24]
 80061f8:	f04f 42b0 	mov.w	r2, #1476395008	@ 0x58000000
 80061fc:	f8d2 3094 	ldr.w	r3, [r2, #148]	@ 0x94
 8006200:	f423 6370 	bic.w	r3, r3, #3840	@ 0xf00
 8006204:	ea43 2301 	orr.w	r3, r3, r1, lsl #8
 8006208:	f8c2 3094 	str.w	r3, [r2, #148]	@ 0x94
 800620c:	f8d2 3094 	ldr.w	r3, [r2, #148]	@ 0x94
 8006210:	f023 0301 	bic.w	r3, r3, #1
 8006214:	f8c2 3094 	str.w	r3, [r2, #148]	@ 0x94
 8006218:	f7fd fe6c 	bl	8003ef4 <HAL_GetTick>
 800621c:	4605      	mov	r5, r0
 800621e:	f04f 43b0 	mov.w	r3, #1476395008	@ 0x58000000
 8006222:	f8d3 3094 	ldr.w	r3, [r3, #148]	@ 0x94
 8006226:	f013 0f02 	tst.w	r3, #2
 800622a:	d06c      	beq.n	8006306 <HAL_RCC_OscConfig+0x42a>
 800622c:	f7fd fe62 	bl	8003ef4 <HAL_GetTick>
 8006230:	1b40      	subs	r0, r0, r5
 8006232:	2802      	cmp	r0, #2
 8006234:	d9f3      	bls.n	800621e <HAL_RCC_OscConfig+0x342>
 8006236:	2003      	movs	r0, #3
 8006238:	e1d3      	b.n	80065e2 <HAL_RCC_OscConfig+0x706>
 800623a:	f04f 42b0 	mov.w	r2, #1476395008	@ 0x58000000
 800623e:	f8d2 3094 	ldr.w	r3, [r2, #148]	@ 0x94
 8006242:	f043 0301 	orr.w	r3, r3, #1
 8006246:	f8c2 3094 	str.w	r3, [r2, #148]	@ 0x94
 800624a:	f7fd fe53 	bl	8003ef4 <HAL_GetTick>
 800624e:	4605      	mov	r5, r0
 8006250:	f04f 43b0 	mov.w	r3, #1476395008	@ 0x58000000
 8006254:	f8d3 3094 	ldr.w	r3, [r3, #148]	@ 0x94
 8006258:	f013 0f02 	tst.w	r3, #2
 800625c:	d106      	bne.n	800626c <HAL_RCC_OscConfig+0x390>
 800625e:	f7fd fe49 	bl	8003ef4 <HAL_GetTick>
 8006262:	1b40      	subs	r0, r0, r5
 8006264:	2802      	cmp	r0, #2
 8006266:	d9f3      	bls.n	8006250 <HAL_RCC_OscConfig+0x374>
 8006268:	2003      	movs	r0, #3
 800626a:	e1ba      	b.n	80065e2 <HAL_RCC_OscConfig+0x706>
 800626c:	f04f 42b0 	mov.w	r2, #1476395008	@ 0x58000000
 8006270:	f8d2 3094 	ldr.w	r3, [r2, #148]	@ 0x94
 8006274:	f023 0304 	bic.w	r3, r3, #4
 8006278:	f8c2 3094 	str.w	r3, [r2, #148]	@ 0x94
 800627c:	f04f 43b0 	mov.w	r3, #1476395008	@ 0x58000000
 8006280:	f8d3 3094 	ldr.w	r3, [r3, #148]	@ 0x94
 8006284:	f013 0f08 	tst.w	r3, #8
 8006288:	d03d      	beq.n	8006306 <HAL_RCC_OscConfig+0x42a>
 800628a:	f7fd fe33 	bl	8003ef4 <HAL_GetTick>
 800628e:	1b40      	subs	r0, r0, r5
 8006290:	2803      	cmp	r0, #3
 8006292:	d9f3      	bls.n	800627c <HAL_RCC_OscConfig+0x3a0>
 8006294:	2003      	movs	r0, #3
 8006296:	e1a4      	b.n	80065e2 <HAL_RCC_OscConfig+0x706>
 8006298:	f04f 42b0 	mov.w	r2, #1476395008	@ 0x58000000
 800629c:	f8d2 3094 	ldr.w	r3, [r2, #148]	@ 0x94
 80062a0:	f023 0304 	bic.w	r3, r3, #4
 80062a4:	f8c2 3094 	str.w	r3, [r2, #148]	@ 0x94
 80062a8:	f7fd fe24 	bl	8003ef4 <HAL_GetTick>
 80062ac:	4605      	mov	r5, r0
 80062ae:	f04f 43b0 	mov.w	r3, #1476395008	@ 0x58000000
 80062b2:	f8d3 3094 	ldr.w	r3, [r3, #148]	@ 0x94
 80062b6:	f013 0f08 	tst.w	r3, #8
 80062ba:	d11d      	bne.n	80062f8 <HAL_RCC_OscConfig+0x41c>
 80062bc:	f04f 42b0 	mov.w	r2, #1476395008	@ 0x58000000
 80062c0:	f8d2 3094 	ldr.w	r3, [r2, #148]	@ 0x94
 80062c4:	f023 0301 	bic.w	r3, r3, #1
 80062c8:	f8c2 3094 	str.w	r3, [r2, #148]	@ 0x94
 80062cc:	f7fd fe12 	bl	8003ef4 <HAL_GetTick>
 80062d0:	4605      	mov	r5, r0
 80062d2:	f04f 43b0 	mov.w	r3, #1476395008	@ 0x58000000
 80062d6:	f8d3 3094 	ldr.w	r3, [r3, #148]	@ 0x94
 80062da:	f013 0f02 	tst.w	r3, #2
 80062de:	d012      	beq.n	8006306 <HAL_RCC_OscConfig+0x42a>
 80062e0:	f7fd fe08 	bl	8003ef4 <HAL_GetTick>
 80062e4:	1b40      	subs	r0, r0, r5
 80062e6:	2802      	cmp	r0, #2
 80062e8:	d9f3      	bls.n	80062d2 <HAL_RCC_OscConfig+0x3f6>
 80062ea:	2003      	movs	r0, #3
 80062ec:	e179      	b.n	80065e2 <HAL_RCC_OscConfig+0x706>
 80062ee:	bf00      	nop
 80062f0:	20000028 	.word	0x20000028
 80062f4:	20000024 	.word	0x20000024
 80062f8:	f7fd fdfc 	bl	8003ef4 <HAL_GetTick>
 80062fc:	1b40      	subs	r0, r0, r5
 80062fe:	2803      	cmp	r0, #3
 8006300:	d9d5      	bls.n	80062ae <HAL_RCC_OscConfig+0x3d2>
 8006302:	2003      	movs	r0, #3
 8006304:	e16d      	b.n	80065e2 <HAL_RCC_OscConfig+0x706>
 8006306:	6823      	ldr	r3, [r4, #0]
 8006308:	f013 0f04 	tst.w	r3, #4
 800630c:	d068      	beq.n	80063e0 <HAL_RCC_OscConfig+0x504>
 800630e:	4bb6      	ldr	r3, [pc, #728]	@ (80065e8 <HAL_RCC_OscConfig+0x70c>)
 8006310:	681b      	ldr	r3, [r3, #0]
 8006312:	f413 7f80 	tst.w	r3, #256	@ 0x100
 8006316:	d027      	beq.n	8006368 <HAL_RCC_OscConfig+0x48c>
 8006318:	68a3      	ldr	r3, [r4, #8]
 800631a:	2b01      	cmp	r3, #1
 800631c:	d035      	beq.n	800638a <HAL_RCC_OscConfig+0x4ae>
 800631e:	2b05      	cmp	r3, #5
 8006320:	d03c      	beq.n	800639c <HAL_RCC_OscConfig+0x4c0>
 8006322:	f04f 43b0 	mov.w	r3, #1476395008	@ 0x58000000
 8006326:	f8d3 2090 	ldr.w	r2, [r3, #144]	@ 0x90
 800632a:	f022 0201 	bic.w	r2, r2, #1
 800632e:	f8c3 2090 	str.w	r2, [r3, #144]	@ 0x90
 8006332:	f8d3 2090 	ldr.w	r2, [r3, #144]	@ 0x90
 8006336:	f022 0204 	bic.w	r2, r2, #4
 800633a:	f8c3 2090 	str.w	r2, [r3, #144]	@ 0x90
 800633e:	68a3      	ldr	r3, [r4, #8]
 8006340:	b3db      	cbz	r3, 80063ba <HAL_RCC_OscConfig+0x4de>
 8006342:	f7fd fdd7 	bl	8003ef4 <HAL_GetTick>
 8006346:	4605      	mov	r5, r0
 8006348:	f04f 43b0 	mov.w	r3, #1476395008	@ 0x58000000
 800634c:	f8d3 3090 	ldr.w	r3, [r3, #144]	@ 0x90
 8006350:	f013 0f02 	tst.w	r3, #2
 8006354:	d144      	bne.n	80063e0 <HAL_RCC_OscConfig+0x504>
 8006356:	f7fd fdcd 	bl	8003ef4 <HAL_GetTick>
 800635a:	1b40      	subs	r0, r0, r5
 800635c:	f241 3388 	movw	r3, #5000	@ 0x1388
 8006360:	4298      	cmp	r0, r3
 8006362:	d9f1      	bls.n	8006348 <HAL_RCC_OscConfig+0x46c>
 8006364:	2003      	movs	r0, #3
 8006366:	e13c      	b.n	80065e2 <HAL_RCC_OscConfig+0x706>
 8006368:	f7ff fca8 	bl	8005cbc <HAL_PWR_EnableBkUpAccess>
 800636c:	f7fd fdc2 	bl	8003ef4 <HAL_GetTick>
 8006370:	4605      	mov	r5, r0
 8006372:	4b9d      	ldr	r3, [pc, #628]	@ (80065e8 <HAL_RCC_OscConfig+0x70c>)
 8006374:	681b      	ldr	r3, [r3, #0]
 8006376:	f413 7f80 	tst.w	r3, #256	@ 0x100
 800637a:	d1cd      	bne.n	8006318 <HAL_RCC_OscConfig+0x43c>
 800637c:	f7fd fdba 	bl	8003ef4 <HAL_GetTick>
 8006380:	1b40      	subs	r0, r0, r5
 8006382:	2802      	cmp	r0, #2
 8006384:	d9f5      	bls.n	8006372 <HAL_RCC_OscConfig+0x496>
 8006386:	2003      	movs	r0, #3
 8006388:	e12b      	b.n	80065e2 <HAL_RCC_OscConfig+0x706>
 800638a:	f04f 42b0 	mov.w	r2, #1476395008	@ 0x58000000
 800638e:	f8d2 3090 	ldr.w	r3, [r2, #144]	@ 0x90
 8006392:	f043 0301 	orr.w	r3, r3, #1
 8006396:	f8c2 3090 	str.w	r3, [r2, #144]	@ 0x90
 800639a:	e7d0      	b.n	800633e <HAL_RCC_OscConfig+0x462>
 800639c:	f04f 43b0 	mov.w	r3, #1476395008	@ 0x58000000
 80063a0:	f8d3 2090 	ldr.w	r2, [r3, #144]	@ 0x90
 80063a4:	f042 0204 	orr.w	r2, r2, #4
 80063a8:	f8c3 2090 	str.w	r2, [r3, #144]	@ 0x90
 80063ac:	f8d3 2090 	ldr.w	r2, [r3, #144]	@ 0x90
 80063b0:	f042 0201 	orr.w	r2, r2, #1
 80063b4:	f8c3 2090 	str.w	r2, [r3, #144]	@ 0x90
 80063b8:	e7c1      	b.n	800633e <HAL_RCC_OscConfig+0x462>
 80063ba:	f7fd fd9b 	bl	8003ef4 <HAL_GetTick>
 80063be:	4605      	mov	r5, r0
 80063c0:	f04f 43b0 	mov.w	r3, #1476395008	@ 0x58000000
 80063c4:	f8d3 3090 	ldr.w	r3, [r3, #144]	@ 0x90
 80063c8:	f013 0f02 	tst.w	r3, #2
 80063cc:	d008      	beq.n	80063e0 <HAL_RCC_OscConfig+0x504>
 80063ce:	f7fd fd91 	bl	8003ef4 <HAL_GetTick>
 80063d2:	1b40      	subs	r0, r0, r5
 80063d4:	f241 3388 	movw	r3, #5000	@ 0x1388
 80063d8:	4298      	cmp	r0, r3
 80063da:	d9f1      	bls.n	80063c0 <HAL_RCC_OscConfig+0x4e4>
 80063dc:	2003      	movs	r0, #3
 80063de:	e100      	b.n	80065e2 <HAL_RCC_OscConfig+0x706>
 80063e0:	6823      	ldr	r3, [r4, #0]
 80063e2:	f013 0f40 	tst.w	r3, #64	@ 0x40
 80063e6:	d033      	beq.n	8006450 <HAL_RCC_OscConfig+0x574>
 80063e8:	6aa3      	ldr	r3, [r4, #40]	@ 0x28
 80063ea:	b1c3      	cbz	r3, 800641e <HAL_RCC_OscConfig+0x542>
 80063ec:	f04f 42b0 	mov.w	r2, #1476395008	@ 0x58000000
 80063f0:	f8d2 3098 	ldr.w	r3, [r2, #152]	@ 0x98
 80063f4:	f043 0301 	orr.w	r3, r3, #1
 80063f8:	f8c2 3098 	str.w	r3, [r2, #152]	@ 0x98
 80063fc:	f7fd fd7a 	bl	8003ef4 <HAL_GetTick>
 8006400:	4605      	mov	r5, r0
 8006402:	f04f 43b0 	mov.w	r3, #1476395008	@ 0x58000000
 8006406:	f8d3 3098 	ldr.w	r3, [r3, #152]	@ 0x98
 800640a:	f013 0f02 	tst.w	r3, #2
 800640e:	d11f      	bne.n	8006450 <HAL_RCC_OscConfig+0x574>
 8006410:	f7fd fd70 	bl	8003ef4 <HAL_GetTick>
 8006414:	1b40      	subs	r0, r0, r5
 8006416:	2802      	cmp	r0, #2
 8006418:	d9f3      	bls.n	8006402 <HAL_RCC_OscConfig+0x526>
 800641a:	2003      	movs	r0, #3
 800641c:	e0e1      	b.n	80065e2 <HAL_RCC_OscConfig+0x706>
 800641e:	f04f 42b0 	mov.w	r2, #1476395008	@ 0x58000000
 8006422:	f8d2 3098 	ldr.w	r3, [r2, #152]	@ 0x98
 8006426:	f023 0301 	bic.w	r3, r3, #1
 800642a:	f8c2 3098 	str.w	r3, [r2, #152]	@ 0x98
 800642e:	f7fd fd61 	bl	8003ef4 <HAL_GetTick>
 8006432:	4605      	mov	r5, r0
 8006434:	f04f 43b0 	mov.w	r3, #1476395008	@ 0x58000000
 8006438:	f8d3 3098 	ldr.w	r3, [r3, #152]	@ 0x98
 800643c:	f013 0f02 	tst.w	r3, #2
 8006440:	d006      	beq.n	8006450 <HAL_RCC_OscConfig+0x574>
 8006442:	f7fd fd57 	bl	8003ef4 <HAL_GetTick>
 8006446:	1b40      	subs	r0, r0, r5
 8006448:	2802      	cmp	r0, #2
 800644a:	d9f3      	bls.n	8006434 <HAL_RCC_OscConfig+0x558>
 800644c:	2003      	movs	r0, #3
 800644e:	e0c8      	b.n	80065e2 <HAL_RCC_OscConfig+0x706>
 8006450:	6ae3      	ldr	r3, [r4, #44]	@ 0x2c
 8006452:	2b00      	cmp	r3, #0
 8006454:	f000 80c4 	beq.w	80065e0 <HAL_RCC_OscConfig+0x704>
 8006458:	f04f 42b0 	mov.w	r2, #1476395008	@ 0x58000000
 800645c:	6891      	ldr	r1, [r2, #8]
 800645e:	f001 010c 	and.w	r1, r1, #12
 8006462:	68d2      	ldr	r2, [r2, #12]
 8006464:	2b02      	cmp	r3, #2
 8006466:	d019      	beq.n	800649c <HAL_RCC_OscConfig+0x5c0>
 8006468:	290c      	cmp	r1, #12
 800646a:	f000 80c3 	beq.w	80065f4 <HAL_RCC_OscConfig+0x718>
 800646e:	f04f 42b0 	mov.w	r2, #1476395008	@ 0x58000000
 8006472:	6813      	ldr	r3, [r2, #0]
 8006474:	f023 7380 	bic.w	r3, r3, #16777216	@ 0x1000000
 8006478:	6013      	str	r3, [r2, #0]
 800647a:	f7fd fd3b 	bl	8003ef4 <HAL_GetTick>
 800647e:	4604      	mov	r4, r0
 8006480:	f04f 43b0 	mov.w	r3, #1476395008	@ 0x58000000
 8006484:	681b      	ldr	r3, [r3, #0]
 8006486:	f013 7f00 	tst.w	r3, #33554432	@ 0x2000000
 800648a:	f000 8097 	beq.w	80065bc <HAL_RCC_OscConfig+0x6e0>
 800648e:	f7fd fd31 	bl	8003ef4 <HAL_GetTick>
 8006492:	1b00      	subs	r0, r0, r4
 8006494:	2802      	cmp	r0, #2
 8006496:	d9f3      	bls.n	8006480 <HAL_RCC_OscConfig+0x5a4>
 8006498:	2003      	movs	r0, #3
 800649a:	e0a2      	b.n	80065e2 <HAL_RCC_OscConfig+0x706>
 800649c:	f002 0303 	and.w	r3, r2, #3
 80064a0:	6b20      	ldr	r0, [r4, #48]	@ 0x30
 80064a2:	4283      	cmp	r3, r0
 80064a4:	d00a      	beq.n	80064bc <HAL_RCC_OscConfig+0x5e0>
 80064a6:	290c      	cmp	r1, #12
 80064a8:	f000 809c 	beq.w	80065e4 <HAL_RCC_OscConfig+0x708>
 80064ac:	f04f 43b0 	mov.w	r3, #1476395008	@ 0x58000000
 80064b0:	681b      	ldr	r3, [r3, #0]
 80064b2:	f013 6f80 	tst.w	r3, #67108864	@ 0x4000000
 80064b6:	d022      	beq.n	80064fe <HAL_RCC_OscConfig+0x622>
 80064b8:	2001      	movs	r0, #1
 80064ba:	e092      	b.n	80065e2 <HAL_RCC_OscConfig+0x706>
 80064bc:	f002 0370 	and.w	r3, r2, #112	@ 0x70
 80064c0:	6b60      	ldr	r0, [r4, #52]	@ 0x34
 80064c2:	4283      	cmp	r3, r0
 80064c4:	d1ef      	bne.n	80064a6 <HAL_RCC_OscConfig+0x5ca>
 80064c6:	f3c2 2306 	ubfx	r3, r2, #8, #7
 80064ca:	6ba0      	ldr	r0, [r4, #56]	@ 0x38
 80064cc:	4283      	cmp	r3, r0
 80064ce:	d1ea      	bne.n	80064a6 <HAL_RCC_OscConfig+0x5ca>
 80064d0:	f402 1378 	and.w	r3, r2, #4063232	@ 0x3e0000
 80064d4:	6be0      	ldr	r0, [r4, #60]	@ 0x3c
 80064d6:	4283      	cmp	r3, r0
 80064d8:	d1e5      	bne.n	80064a6 <HAL_RCC_OscConfig+0x5ca>
 80064da:	f002 6360 	and.w	r3, r2, #234881024	@ 0xe000000
 80064de:	6c20      	ldr	r0, [r4, #64]	@ 0x40
 80064e0:	4283      	cmp	r3, r0
 80064e2:	d1e0      	bne.n	80064a6 <HAL_RCC_OscConfig+0x5ca>
 80064e4:	f002 4260 	and.w	r2, r2, #3758096384	@ 0xe0000000
 80064e8:	6c63      	ldr	r3, [r4, #68]	@ 0x44
 80064ea:	429a      	cmp	r2, r3
 80064ec:	d1db      	bne.n	80064a6 <HAL_RCC_OscConfig+0x5ca>
 80064ee:	f04f 43b0 	mov.w	r3, #1476395008	@ 0x58000000
 80064f2:	681b      	ldr	r3, [r3, #0]
 80064f4:	f013 7f00 	tst.w	r3, #33554432	@ 0x2000000
 80064f8:	d044      	beq.n	8006584 <HAL_RCC_OscConfig+0x6a8>
 80064fa:	2000      	movs	r0, #0
 80064fc:	e071      	b.n	80065e2 <HAL_RCC_OscConfig+0x706>
 80064fe:	f04f 42b0 	mov.w	r2, #1476395008	@ 0x58000000
 8006502:	6813      	ldr	r3, [r2, #0]
 8006504:	f023 7380 	bic.w	r3, r3, #16777216	@ 0x1000000
 8006508:	6013      	str	r3, [r2, #0]
 800650a:	f7fd fcf3 	bl	8003ef4 <HAL_GetTick>
 800650e:	4605      	mov	r5, r0
 8006510:	f04f 43b0 	mov.w	r3, #1476395008	@ 0x58000000
 8006514:	681b      	ldr	r3, [r3, #0]
 8006516:	f013 7f00 	tst.w	r3, #33554432	@ 0x2000000
 800651a:	d006      	beq.n	800652a <HAL_RCC_OscConfig+0x64e>
 800651c:	f7fd fcea 	bl	8003ef4 <HAL_GetTick>
 8006520:	1b40      	subs	r0, r0, r5
 8006522:	2802      	cmp	r0, #2
 8006524:	d9f4      	bls.n	8006510 <HAL_RCC_OscConfig+0x634>
 8006526:	2003      	movs	r0, #3
 8006528:	e05b      	b.n	80065e2 <HAL_RCC_OscConfig+0x706>
 800652a:	f04f 42b0 	mov.w	r2, #1476395008	@ 0x58000000
 800652e:	68d3      	ldr	r3, [r2, #12]
 8006530:	492e      	ldr	r1, [pc, #184]	@ (80065ec <HAL_RCC_OscConfig+0x710>)
 8006532:	4019      	ands	r1, r3
 8006534:	6b23      	ldr	r3, [r4, #48]	@ 0x30
 8006536:	6b60      	ldr	r0, [r4, #52]	@ 0x34
 8006538:	4303      	orrs	r3, r0
 800653a:	6ba0      	ldr	r0, [r4, #56]	@ 0x38
 800653c:	ea43 2300 	orr.w	r3, r3, r0, lsl #8
 8006540:	6be0      	ldr	r0, [r4, #60]	@ 0x3c
 8006542:	4303      	orrs	r3, r0
 8006544:	6c20      	ldr	r0, [r4, #64]	@ 0x40
 8006546:	4303      	orrs	r3, r0
 8006548:	6c60      	ldr	r0, [r4, #68]	@ 0x44
 800654a:	4303      	orrs	r3, r0
 800654c:	4319      	orrs	r1, r3
 800654e:	60d1      	str	r1, [r2, #12]
 8006550:	6813      	ldr	r3, [r2, #0]
 8006552:	f043 7380 	orr.w	r3, r3, #16777216	@ 0x1000000
 8006556:	6013      	str	r3, [r2, #0]
 8006558:	68d3      	ldr	r3, [r2, #12]
 800655a:	f043 5380 	orr.w	r3, r3, #268435456	@ 0x10000000
 800655e:	60d3      	str	r3, [r2, #12]
 8006560:	f7fd fcc8 	bl	8003ef4 <HAL_GetTick>
 8006564:	4604      	mov	r4, r0
 8006566:	f04f 43b0 	mov.w	r3, #1476395008	@ 0x58000000
 800656a:	681b      	ldr	r3, [r3, #0]
 800656c:	f013 7f00 	tst.w	r3, #33554432	@ 0x2000000
 8006570:	d106      	bne.n	8006580 <HAL_RCC_OscConfig+0x6a4>
 8006572:	f7fd fcbf 	bl	8003ef4 <HAL_GetTick>
 8006576:	1b00      	subs	r0, r0, r4
 8006578:	2802      	cmp	r0, #2
 800657a:	d9f4      	bls.n	8006566 <HAL_RCC_OscConfig+0x68a>
 800657c:	2003      	movs	r0, #3
 800657e:	e030      	b.n	80065e2 <HAL_RCC_OscConfig+0x706>
 8006580:	2000      	movs	r0, #0
 8006582:	e02e      	b.n	80065e2 <HAL_RCC_OscConfig+0x706>
 8006584:	f04f 43b0 	mov.w	r3, #1476395008	@ 0x58000000
 8006588:	681a      	ldr	r2, [r3, #0]
 800658a:	f042 7280 	orr.w	r2, r2, #16777216	@ 0x1000000
 800658e:	601a      	str	r2, [r3, #0]
 8006590:	68da      	ldr	r2, [r3, #12]
 8006592:	f042 5280 	orr.w	r2, r2, #268435456	@ 0x10000000
 8006596:	60da      	str	r2, [r3, #12]
 8006598:	f7fd fcac 	bl	8003ef4 <HAL_GetTick>
 800659c:	4604      	mov	r4, r0
 800659e:	f04f 43b0 	mov.w	r3, #1476395008	@ 0x58000000
 80065a2:	681b      	ldr	r3, [r3, #0]
 80065a4:	f013 7f00 	tst.w	r3, #33554432	@ 0x2000000
 80065a8:	d106      	bne.n	80065b8 <HAL_RCC_OscConfig+0x6dc>
 80065aa:	f7fd fca3 	bl	8003ef4 <HAL_GetTick>
 80065ae:	1b03      	subs	r3, r0, r4
 80065b0:	2b02      	cmp	r3, #2
 80065b2:	d9f4      	bls.n	800659e <HAL_RCC_OscConfig+0x6c2>
 80065b4:	2003      	movs	r0, #3
 80065b6:	e014      	b.n	80065e2 <HAL_RCC_OscConfig+0x706>
 80065b8:	2000      	movs	r0, #0
 80065ba:	e012      	b.n	80065e2 <HAL_RCC_OscConfig+0x706>
 80065bc:	f04f 42b0 	mov.w	r2, #1476395008	@ 0x58000000
 80065c0:	68d1      	ldr	r1, [r2, #12]
 80065c2:	4b0b      	ldr	r3, [pc, #44]	@ (80065f0 <HAL_RCC_OscConfig+0x714>)
 80065c4:	400b      	ands	r3, r1
 80065c6:	60d3      	str	r3, [r2, #12]
 80065c8:	2000      	movs	r0, #0
 80065ca:	e00a      	b.n	80065e2 <HAL_RCC_OscConfig+0x706>
 80065cc:	2001      	movs	r0, #1
 80065ce:	4770      	bx	lr
 80065d0:	2001      	movs	r0, #1
 80065d2:	e006      	b.n	80065e2 <HAL_RCC_OscConfig+0x706>
 80065d4:	2001      	movs	r0, #1
 80065d6:	e004      	b.n	80065e2 <HAL_RCC_OscConfig+0x706>
 80065d8:	2001      	movs	r0, #1
 80065da:	e002      	b.n	80065e2 <HAL_RCC_OscConfig+0x706>
 80065dc:	2001      	movs	r0, #1
 80065de:	e000      	b.n	80065e2 <HAL_RCC_OscConfig+0x706>
 80065e0:	4618      	mov	r0, r3
 80065e2:	bd38      	pop	{r3, r4, r5, pc}
 80065e4:	2001      	movs	r0, #1
 80065e6:	e7fc      	b.n	80065e2 <HAL_RCC_OscConfig+0x706>
 80065e8:	58000400 	.word	0x58000400
 80065ec:	11c1808c 	.word	0x11c1808c
 80065f0:	eefefffc 	.word	0xeefefffc
 80065f4:	2001      	movs	r0, #1
 80065f6:	e7f4      	b.n	80065e2 <HAL_RCC_OscConfig+0x706>

080065f8 <HAL_RCC_ClockConfig>:
 80065f8:	2800      	cmp	r0, #0
 80065fa:	f000 8127 	beq.w	800684c <HAL_RCC_ClockConfig+0x254>
 80065fe:	b570      	push	{r4, r5, r6, lr}
 8006600:	460c      	mov	r4, r1
 8006602:	4605      	mov	r5, r0
 8006604:	4b93      	ldr	r3, [pc, #588]	@ (8006854 <HAL_RCC_ClockConfig+0x25c>)
 8006606:	681b      	ldr	r3, [r3, #0]
 8006608:	f003 0307 	and.w	r3, r3, #7
 800660c:	428b      	cmp	r3, r1
 800660e:	d32d      	bcc.n	800666c <HAL_RCC_ClockConfig+0x74>
 8006610:	682b      	ldr	r3, [r5, #0]
 8006612:	f013 0f02 	tst.w	r3, #2
 8006616:	d13f      	bne.n	8006698 <HAL_RCC_ClockConfig+0xa0>
 8006618:	682b      	ldr	r3, [r5, #0]
 800661a:	f013 0f20 	tst.w	r3, #32
 800661e:	d153      	bne.n	80066c8 <HAL_RCC_ClockConfig+0xd0>
 8006620:	682b      	ldr	r3, [r5, #0]
 8006622:	f013 0f40 	tst.w	r3, #64	@ 0x40
 8006626:	d16a      	bne.n	80066fe <HAL_RCC_ClockConfig+0x106>
 8006628:	682b      	ldr	r3, [r5, #0]
 800662a:	f013 0f04 	tst.w	r3, #4
 800662e:	f040 8083 	bne.w	8006738 <HAL_RCC_ClockConfig+0x140>
 8006632:	682b      	ldr	r3, [r5, #0]
 8006634:	f013 0f08 	tst.w	r3, #8
 8006638:	f040 8097 	bne.w	800676a <HAL_RCC_ClockConfig+0x172>
 800663c:	682b      	ldr	r3, [r5, #0]
 800663e:	f013 0f01 	tst.w	r3, #1
 8006642:	f000 80de 	beq.w	8006802 <HAL_RCC_ClockConfig+0x20a>
 8006646:	686b      	ldr	r3, [r5, #4]
 8006648:	2b02      	cmp	r3, #2
 800664a:	f000 80a8 	beq.w	800679e <HAL_RCC_ClockConfig+0x1a6>
 800664e:	2b03      	cmp	r3, #3
 8006650:	f000 80ad 	beq.w	80067ae <HAL_RCC_ClockConfig+0x1b6>
 8006654:	2b00      	cmp	r3, #0
 8006656:	f040 80b2 	bne.w	80067be <HAL_RCC_ClockConfig+0x1c6>
 800665a:	f04f 42b0 	mov.w	r2, #1476395008	@ 0x58000000
 800665e:	6812      	ldr	r2, [r2, #0]
 8006660:	f012 0f02 	tst.w	r2, #2
 8006664:	f040 80b1 	bne.w	80067ca <HAL_RCC_ClockConfig+0x1d2>
 8006668:	2001      	movs	r0, #1
 800666a:	e0ee      	b.n	800684a <HAL_RCC_ClockConfig+0x252>
 800666c:	4a79      	ldr	r2, [pc, #484]	@ (8006854 <HAL_RCC_ClockConfig+0x25c>)
 800666e:	6813      	ldr	r3, [r2, #0]
 8006670:	f023 0307 	bic.w	r3, r3, #7
 8006674:	430b      	orrs	r3, r1
 8006676:	6013      	str	r3, [r2, #0]
 8006678:	f7fd fc3c 	bl	8003ef4 <HAL_GetTick>
 800667c:	4606      	mov	r6, r0
 800667e:	4b75      	ldr	r3, [pc, #468]	@ (8006854 <HAL_RCC_ClockConfig+0x25c>)
 8006680:	681b      	ldr	r3, [r3, #0]
 8006682:	f003 0307 	and.w	r3, r3, #7
 8006686:	42a3      	cmp	r3, r4
 8006688:	d0c2      	beq.n	8006610 <HAL_RCC_ClockConfig+0x18>
 800668a:	f7fd fc33 	bl	8003ef4 <HAL_GetTick>
 800668e:	1b80      	subs	r0, r0, r6
 8006690:	2802      	cmp	r0, #2
 8006692:	d9f4      	bls.n	800667e <HAL_RCC_ClockConfig+0x86>
 8006694:	2003      	movs	r0, #3
 8006696:	e0d8      	b.n	800684a <HAL_RCC_ClockConfig+0x252>
 8006698:	68ab      	ldr	r3, [r5, #8]
 800669a:	f04f 41b0 	mov.w	r1, #1476395008	@ 0x58000000
 800669e:	688a      	ldr	r2, [r1, #8]
 80066a0:	f022 02f0 	bic.w	r2, r2, #240	@ 0xf0
 80066a4:	4313      	orrs	r3, r2
 80066a6:	608b      	str	r3, [r1, #8]
 80066a8:	f7fd fc24 	bl	8003ef4 <HAL_GetTick>
 80066ac:	4606      	mov	r6, r0
 80066ae:	f04f 43b0 	mov.w	r3, #1476395008	@ 0x58000000
 80066b2:	689b      	ldr	r3, [r3, #8]
 80066b4:	f413 3f80 	tst.w	r3, #65536	@ 0x10000
 80066b8:	d1ae      	bne.n	8006618 <HAL_RCC_ClockConfig+0x20>
 80066ba:	f7fd fc1b 	bl	8003ef4 <HAL_GetTick>
 80066be:	1b80      	subs	r0, r0, r6
 80066c0:	2802      	cmp	r0, #2
 80066c2:	d9f4      	bls.n	80066ae <HAL_RCC_ClockConfig+0xb6>
 80066c4:	2003      	movs	r0, #3
 80066c6:	e0c0      	b.n	800684a <HAL_RCC_ClockConfig+0x252>
 80066c8:	696b      	ldr	r3, [r5, #20]
 80066ca:	f04f 41b0 	mov.w	r1, #1476395008	@ 0x58000000
 80066ce:	f8d1 2108 	ldr.w	r2, [r1, #264]	@ 0x108
 80066d2:	f022 02f0 	bic.w	r2, r2, #240	@ 0xf0
 80066d6:	4313      	orrs	r3, r2
 80066d8:	f8c1 3108 	str.w	r3, [r1, #264]	@ 0x108
 80066dc:	f7fd fc0a 	bl	8003ef4 <HAL_GetTick>
 80066e0:	4606      	mov	r6, r0
 80066e2:	f04f 43b0 	mov.w	r3, #1476395008	@ 0x58000000
 80066e6:	f8d3 3108 	ldr.w	r3, [r3, #264]	@ 0x108
 80066ea:	f413 3f00 	tst.w	r3, #131072	@ 0x20000
 80066ee:	d197      	bne.n	8006620 <HAL_RCC_ClockConfig+0x28>
 80066f0:	f7fd fc00 	bl	8003ef4 <HAL_GetTick>
 80066f4:	1b80      	subs	r0, r0, r6
 80066f6:	2802      	cmp	r0, #2
 80066f8:	d9f3      	bls.n	80066e2 <HAL_RCC_ClockConfig+0xea>
 80066fa:	2003      	movs	r0, #3
 80066fc:	e0a5      	b.n	800684a <HAL_RCC_ClockConfig+0x252>
 80066fe:	69a9      	ldr	r1, [r5, #24]
 8006700:	f04f 42b0 	mov.w	r2, #1476395008	@ 0x58000000
 8006704:	f8d2 3108 	ldr.w	r3, [r2, #264]	@ 0x108
 8006708:	f023 030f 	bic.w	r3, r3, #15
 800670c:	ea43 1311 	orr.w	r3, r3, r1, lsr #4
 8006710:	f8c2 3108 	str.w	r3, [r2, #264]	@ 0x108
 8006714:	f7fd fbee 	bl	8003ef4 <HAL_GetTick>
 8006718:	4606      	mov	r6, r0
 800671a:	f04f 43b0 	mov.w	r3, #1476395008	@ 0x58000000
 800671e:	f8d3 3108 	ldr.w	r3, [r3, #264]	@ 0x108
 8006722:	f413 3f80 	tst.w	r3, #65536	@ 0x10000
 8006726:	f47f af7f 	bne.w	8006628 <HAL_RCC_ClockConfig+0x30>
 800672a:	f7fd fbe3 	bl	8003ef4 <HAL_GetTick>
 800672e:	1b80      	subs	r0, r0, r6
 8006730:	2802      	cmp	r0, #2
 8006732:	d9f2      	bls.n	800671a <HAL_RCC_ClockConfig+0x122>
 8006734:	2003      	movs	r0, #3
 8006736:	e088      	b.n	800684a <HAL_RCC_ClockConfig+0x252>
 8006738:	68eb      	ldr	r3, [r5, #12]
 800673a:	f04f 41b0 	mov.w	r1, #1476395008	@ 0x58000000
 800673e:	688a      	ldr	r2, [r1, #8]
 8006740:	f422 62e0 	bic.w	r2, r2, #1792	@ 0x700
 8006744:	4313      	orrs	r3, r2
 8006746:	608b      	str	r3, [r1, #8]
 8006748:	f7fd fbd4 	bl	8003ef4 <HAL_GetTick>
 800674c:	4606      	mov	r6, r0
 800674e:	f04f 43b0 	mov.w	r3, #1476395008	@ 0x58000000
 8006752:	689b      	ldr	r3, [r3, #8]
 8006754:	f413 3f00 	tst.w	r3, #131072	@ 0x20000
 8006758:	f47f af6b 	bne.w	8006632 <HAL_RCC_ClockConfig+0x3a>
 800675c:	f7fd fbca 	bl	8003ef4 <HAL_GetTick>
 8006760:	1b80      	subs	r0, r0, r6
 8006762:	2802      	cmp	r0, #2
 8006764:	d9f3      	bls.n	800674e <HAL_RCC_ClockConfig+0x156>
 8006766:	2003      	movs	r0, #3
 8006768:	e06f      	b.n	800684a <HAL_RCC_ClockConfig+0x252>
 800676a:	6929      	ldr	r1, [r5, #16]
 800676c:	f04f 42b0 	mov.w	r2, #1476395008	@ 0x58000000
 8006770:	6893      	ldr	r3, [r2, #8]
 8006772:	f423 5360 	bic.w	r3, r3, #14336	@ 0x3800
 8006776:	ea43 03c1 	orr.w	r3, r3, r1, lsl #3
 800677a:	6093      	str	r3, [r2, #8]
 800677c:	f7fd fbba 	bl	8003ef4 <HAL_GetTick>
 8006780:	4606      	mov	r6, r0
 8006782:	f04f 43b0 	mov.w	r3, #1476395008	@ 0x58000000
 8006786:	689b      	ldr	r3, [r3, #8]
 8006788:	f413 2f80 	tst.w	r3, #262144	@ 0x40000
 800678c:	f47f af56 	bne.w	800663c <HAL_RCC_ClockConfig+0x44>
 8006790:	f7fd fbb0 	bl	8003ef4 <HAL_GetTick>
 8006794:	1b80      	subs	r0, r0, r6
 8006796:	2802      	cmp	r0, #2
 8006798:	d9f3      	bls.n	8006782 <HAL_RCC_ClockConfig+0x18a>
 800679a:	2003      	movs	r0, #3
 800679c:	e055      	b.n	800684a <HAL_RCC_ClockConfig+0x252>
 800679e:	f04f 42b0 	mov.w	r2, #1476395008	@ 0x58000000
 80067a2:	6812      	ldr	r2, [r2, #0]
 80067a4:	f412 3f00 	tst.w	r2, #131072	@ 0x20000
 80067a8:	d10f      	bne.n	80067ca <HAL_RCC_ClockConfig+0x1d2>
 80067aa:	2001      	movs	r0, #1
 80067ac:	e04d      	b.n	800684a <HAL_RCC_ClockConfig+0x252>
 80067ae:	f04f 42b0 	mov.w	r2, #1476395008	@ 0x58000000
 80067b2:	6812      	ldr	r2, [r2, #0]
 80067b4:	f012 7f00 	tst.w	r2, #33554432	@ 0x2000000
 80067b8:	d107      	bne.n	80067ca <HAL_RCC_ClockConfig+0x1d2>
 80067ba:	2001      	movs	r0, #1
 80067bc:	e045      	b.n	800684a <HAL_RCC_ClockConfig+0x252>
 80067be:	f04f 42b0 	mov.w	r2, #1476395008	@ 0x58000000
 80067c2:	6812      	ldr	r2, [r2, #0]
 80067c4:	f412 6f80 	tst.w	r2, #1024	@ 0x400
 80067c8:	d042      	beq.n	8006850 <HAL_RCC_ClockConfig+0x258>
 80067ca:	f04f 41b0 	mov.w	r1, #1476395008	@ 0x58000000
 80067ce:	688a      	ldr	r2, [r1, #8]
 80067d0:	f022 0203 	bic.w	r2, r2, #3
 80067d4:	4313      	orrs	r3, r2
 80067d6:	608b      	str	r3, [r1, #8]
 80067d8:	f7fd fb8c 	bl	8003ef4 <HAL_GetTick>
 80067dc:	4606      	mov	r6, r0
 80067de:	f04f 43b0 	mov.w	r3, #1476395008	@ 0x58000000
 80067e2:	689b      	ldr	r3, [r3, #8]
 80067e4:	f003 030c 	and.w	r3, r3, #12
 80067e8:	686a      	ldr	r2, [r5, #4]
 80067ea:	ebb3 0f82 	cmp.w	r3, r2, lsl #2
 80067ee:	d008      	beq.n	8006802 <HAL_RCC_ClockConfig+0x20a>
 80067f0:	f7fd fb80 	bl	8003ef4 <HAL_GetTick>
 80067f4:	1b80      	subs	r0, r0, r6
 80067f6:	f241 3388 	movw	r3, #5000	@ 0x1388
 80067fa:	4298      	cmp	r0, r3
 80067fc:	d9ef      	bls.n	80067de <HAL_RCC_ClockConfig+0x1e6>
 80067fe:	2003      	movs	r0, #3
 8006800:	e023      	b.n	800684a <HAL_RCC_ClockConfig+0x252>
 8006802:	4b14      	ldr	r3, [pc, #80]	@ (8006854 <HAL_RCC_ClockConfig+0x25c>)
 8006804:	681b      	ldr	r3, [r3, #0]
 8006806:	f003 0307 	and.w	r3, r3, #7
 800680a:	42a3      	cmp	r3, r4
 800680c:	d915      	bls.n	800683a <HAL_RCC_ClockConfig+0x242>
 800680e:	4a11      	ldr	r2, [pc, #68]	@ (8006854 <HAL_RCC_ClockConfig+0x25c>)
 8006810:	6813      	ldr	r3, [r2, #0]
 8006812:	f023 0307 	bic.w	r3, r3, #7
 8006816:	4323      	orrs	r3, r4
 8006818:	6013      	str	r3, [r2, #0]
 800681a:	f7fd fb6b 	bl	8003ef4 <HAL_GetTick>
 800681e:	4605      	mov	r5, r0
 8006820:	4b0c      	ldr	r3, [pc, #48]	@ (8006854 <HAL_RCC_ClockConfig+0x25c>)
 8006822:	681b      	ldr	r3, [r3, #0]
 8006824:	f003 0307 	and.w	r3, r3, #7
 8006828:	42a3      	cmp	r3, r4
 800682a:	d006      	beq.n	800683a <HAL_RCC_ClockConfig+0x242>
 800682c:	f7fd fb62 	bl	8003ef4 <HAL_GetTick>
 8006830:	1b40      	subs	r0, r0, r5
 8006832:	2802      	cmp	r0, #2
 8006834:	d9f4      	bls.n	8006820 <HAL_RCC_ClockConfig+0x228>
 8006836:	2003      	movs	r0, #3
 8006838:	e007      	b.n	800684a <HAL_RCC_ClockConfig+0x252>
 800683a:	f7ff fb3f 	bl	8005ebc <HAL_RCC_GetHCLKFreq>
 800683e:	4b06      	ldr	r3, [pc, #24]	@ (8006858 <HAL_RCC_ClockConfig+0x260>)
 8006840:	6018      	str	r0, [r3, #0]
 8006842:	f7fd fb5d 	bl	8003f00 <HAL_GetTickPrio>
 8006846:	f7fd fb09 	bl	8003e5c <HAL_InitTick>
 800684a:	bd70      	pop	{r4, r5, r6, pc}
 800684c:	2001      	movs	r0, #1
 800684e:	4770      	bx	lr
 8006850:	2001      	movs	r0, #1
 8006852:	e7fa      	b.n	800684a <HAL_RCC_ClockConfig+0x252>
 8006854:	58004000 	.word	0x58004000
 8006858:	20000028 	.word	0x20000028

0800685c <LL_RCC_SetI2CClockSource>:
 800685c:	f04f 41b0 	mov.w	r1, #1476395008	@ 0x58000000
 8006860:	f8d1 3088 	ldr.w	r3, [r1, #136]	@ 0x88
 8006864:	0902      	lsrs	r2, r0, #4
 8006866:	f402 227f 	and.w	r2, r2, #1044480	@ 0xff000
 800686a:	ea23 0302 	bic.w	r3, r3, r2
 800686e:	0100      	lsls	r0, r0, #4
 8006870:	f400 207f 	and.w	r0, r0, #1044480	@ 0xff000
 8006874:	4303      	orrs	r3, r0
 8006876:	f8c1 3088 	str.w	r3, [r1, #136]	@ 0x88
 800687a:	4770      	bx	lr

0800687c <RCCEx_PLLSAI1_ConfigNP>:
 800687c:	b570      	push	{r4, r5, r6, lr}
 800687e:	4605      	mov	r5, r0
 8006880:	f04f 42b0 	mov.w	r2, #1476395008	@ 0x58000000
 8006884:	6813      	ldr	r3, [r2, #0]
 8006886:	f023 6380 	bic.w	r3, r3, #67108864	@ 0x4000000
 800688a:	6013      	str	r3, [r2, #0]
 800688c:	f7fd fb32 	bl	8003ef4 <HAL_GetTick>
 8006890:	4604      	mov	r4, r0
 8006892:	f04f 43b0 	mov.w	r3, #1476395008	@ 0x58000000
 8006896:	681b      	ldr	r3, [r3, #0]
 8006898:	f013 6f00 	tst.w	r3, #134217728	@ 0x8000000
 800689c:	d006      	beq.n	80068ac <RCCEx_PLLSAI1_ConfigNP+0x30>
 800689e:	f7fd fb29 	bl	8003ef4 <HAL_GetTick>
 80068a2:	1b00      	subs	r0, r0, r4
 80068a4:	2802      	cmp	r0, #2
 80068a6:	d9f4      	bls.n	8006892 <RCCEx_PLLSAI1_ConfigNP+0x16>
 80068a8:	2403      	movs	r4, #3
 80068aa:	e000      	b.n	80068ae <RCCEx_PLLSAI1_ConfigNP+0x32>
 80068ac:	2400      	movs	r4, #0
 80068ae:	b10c      	cbz	r4, 80068b4 <RCCEx_PLLSAI1_ConfigNP+0x38>
 80068b0:	4620      	mov	r0, r4
 80068b2:	bd70      	pop	{r4, r5, r6, pc}
 80068b4:	f04f 43b0 	mov.w	r3, #1476395008	@ 0x58000000
 80068b8:	691a      	ldr	r2, [r3, #16]
 80068ba:	f422 42fe 	bic.w	r2, r2, #32512	@ 0x7f00
 80068be:	6829      	ldr	r1, [r5, #0]
 80068c0:	ea42 2201 	orr.w	r2, r2, r1, lsl #8
 80068c4:	611a      	str	r2, [r3, #16]
 80068c6:	691a      	ldr	r2, [r3, #16]
 80068c8:	f422 1278 	bic.w	r2, r2, #4063232	@ 0x3e0000
 80068cc:	6869      	ldr	r1, [r5, #4]
 80068ce:	430a      	orrs	r2, r1
 80068d0:	611a      	str	r2, [r3, #16]
 80068d2:	681a      	ldr	r2, [r3, #0]
 80068d4:	f042 6280 	orr.w	r2, r2, #67108864	@ 0x4000000
 80068d8:	601a      	str	r2, [r3, #0]
 80068da:	f7fd fb0b 	bl	8003ef4 <HAL_GetTick>
 80068de:	4606      	mov	r6, r0
 80068e0:	f04f 43b0 	mov.w	r3, #1476395008	@ 0x58000000
 80068e4:	681b      	ldr	r3, [r3, #0]
 80068e6:	f013 6f00 	tst.w	r3, #134217728	@ 0x8000000
 80068ea:	d105      	bne.n	80068f8 <RCCEx_PLLSAI1_ConfigNP+0x7c>
 80068ec:	f7fd fb02 	bl	8003ef4 <HAL_GetTick>
 80068f0:	1b80      	subs	r0, r0, r6
 80068f2:	2802      	cmp	r0, #2
 80068f4:	d9f4      	bls.n	80068e0 <RCCEx_PLLSAI1_ConfigNP+0x64>
 80068f6:	2403      	movs	r4, #3
 80068f8:	2c00      	cmp	r4, #0
 80068fa:	d1d9      	bne.n	80068b0 <RCCEx_PLLSAI1_ConfigNP+0x34>
 80068fc:	f04f 42b0 	mov.w	r2, #1476395008	@ 0x58000000
 8006900:	6913      	ldr	r3, [r2, #16]
 8006902:	6929      	ldr	r1, [r5, #16]
 8006904:	430b      	orrs	r3, r1
 8006906:	6113      	str	r3, [r2, #16]
 8006908:	e7d2      	b.n	80068b0 <RCCEx_PLLSAI1_ConfigNP+0x34>

0800690a <RCCEx_PLLSAI1_ConfigNQ>:
 800690a:	b570      	push	{r4, r5, r6, lr}
 800690c:	4605      	mov	r5, r0
 800690e:	f04f 42b0 	mov.w	r2, #1476395008	@ 0x58000000
 8006912:	6813      	ldr	r3, [r2, #0]
 8006914:	f023 6380 	bic.w	r3, r3, #67108864	@ 0x4000000
 8006918:	6013      	str	r3, [r2, #0]
 800691a:	f7fd faeb 	bl	8003ef4 <HAL_GetTick>
 800691e:	4604      	mov	r4, r0
 8006920:	f04f 43b0 	mov.w	r3, #1476395008	@ 0x58000000
 8006924:	681b      	ldr	r3, [r3, #0]
 8006926:	f013 6f00 	tst.w	r3, #134217728	@ 0x8000000
 800692a:	d006      	beq.n	800693a <RCCEx_PLLSAI1_ConfigNQ+0x30>
 800692c:	f7fd fae2 	bl	8003ef4 <HAL_GetTick>
 8006930:	1b00      	subs	r0, r0, r4
 8006932:	2802      	cmp	r0, #2
 8006934:	d9f4      	bls.n	8006920 <RCCEx_PLLSAI1_ConfigNQ+0x16>
 8006936:	2403      	movs	r4, #3
 8006938:	e000      	b.n	800693c <RCCEx_PLLSAI1_ConfigNQ+0x32>
 800693a:	2400      	movs	r4, #0
 800693c:	b10c      	cbz	r4, 8006942 <RCCEx_PLLSAI1_ConfigNQ+0x38>
 800693e:	4620      	mov	r0, r4
 8006940:	bd70      	pop	{r4, r5, r6, pc}
 8006942:	f04f 43b0 	mov.w	r3, #1476395008	@ 0x58000000
 8006946:	691a      	ldr	r2, [r3, #16]
 8006948:	f422 42fe 	bic.w	r2, r2, #32512	@ 0x7f00
 800694c:	6829      	ldr	r1, [r5, #0]
 800694e:	ea42 2201 	orr.w	r2, r2, r1, lsl #8
 8006952:	611a      	str	r2, [r3, #16]
 8006954:	691a      	ldr	r2, [r3, #16]
 8006956:	f022 6260 	bic.w	r2, r2, #234881024	@ 0xe000000
 800695a:	68a9      	ldr	r1, [r5, #8]
 800695c:	430a      	orrs	r2, r1
 800695e:	611a      	str	r2, [r3, #16]
 8006960:	681a      	ldr	r2, [r3, #0]
 8006962:	f042 6280 	orr.w	r2, r2, #67108864	@ 0x4000000
 8006966:	601a      	str	r2, [r3, #0]
 8006968:	f7fd fac4 	bl	8003ef4 <HAL_GetTick>
 800696c:	4606      	mov	r6, r0
 800696e:	f04f 43b0 	mov.w	r3, #1476395008	@ 0x58000000
 8006972:	681b      	ldr	r3, [r3, #0]
 8006974:	f013 6f00 	tst.w	r3, #134217728	@ 0x8000000
 8006978:	d105      	bne.n	8006986 <RCCEx_PLLSAI1_ConfigNQ+0x7c>
 800697a:	f7fd fabb 	bl	8003ef4 <HAL_GetTick>
 800697e:	1b80      	subs	r0, r0, r6
 8006980:	2802      	cmp	r0, #2
 8006982:	d9f4      	bls.n	800696e <RCCEx_PLLSAI1_ConfigNQ+0x64>
 8006984:	2403      	movs	r4, #3
 8006986:	2c00      	cmp	r4, #0
 8006988:	d1d9      	bne.n	800693e <RCCEx_PLLSAI1_ConfigNQ+0x34>
 800698a:	f04f 42b0 	mov.w	r2, #1476395008	@ 0x58000000
 800698e:	6913      	ldr	r3, [r2, #16]
 8006990:	6929      	ldr	r1, [r5, #16]
 8006992:	430b      	orrs	r3, r1
 8006994:	6113      	str	r3, [r2, #16]
 8006996:	e7d2      	b.n	800693e <RCCEx_PLLSAI1_ConfigNQ+0x34>

08006998 <RCCEx_PLLSAI1_ConfigNR>:
 8006998:	b570      	push	{r4, r5, r6, lr}
 800699a:	4605      	mov	r5, r0
 800699c:	f04f 42b0 	mov.w	r2, #1476395008	@ 0x58000000
 80069a0:	6813      	ldr	r3, [r2, #0]
 80069a2:	f023 6380 	bic.w	r3, r3, #67108864	@ 0x4000000
 80069a6:	6013      	str	r3, [r2, #0]
 80069a8:	f7fd faa4 	bl	8003ef4 <HAL_GetTick>
 80069ac:	4604      	mov	r4, r0
 80069ae:	f04f 43b0 	mov.w	r3, #1476395008	@ 0x58000000
 80069b2:	681b      	ldr	r3, [r3, #0]
 80069b4:	f013 6f00 	tst.w	r3, #134217728	@ 0x8000000
 80069b8:	d006      	beq.n	80069c8 <RCCEx_PLLSAI1_ConfigNR+0x30>
 80069ba:	f7fd fa9b 	bl	8003ef4 <HAL_GetTick>
 80069be:	1b00      	subs	r0, r0, r4
 80069c0:	2802      	cmp	r0, #2
 80069c2:	d9f4      	bls.n	80069ae <RCCEx_PLLSAI1_ConfigNR+0x16>
 80069c4:	2403      	movs	r4, #3
 80069c6:	e000      	b.n	80069ca <RCCEx_PLLSAI1_ConfigNR+0x32>
 80069c8:	2400      	movs	r4, #0
 80069ca:	b10c      	cbz	r4, 80069d0 <RCCEx_PLLSAI1_ConfigNR+0x38>
 80069cc:	4620      	mov	r0, r4
 80069ce:	bd70      	pop	{r4, r5, r6, pc}
 80069d0:	f04f 43b0 	mov.w	r3, #1476395008	@ 0x58000000
 80069d4:	691a      	ldr	r2, [r3, #16]
 80069d6:	f422 42fe 	bic.w	r2, r2, #32512	@ 0x7f00
 80069da:	6829      	ldr	r1, [r5, #0]
 80069dc:	ea42 2201 	orr.w	r2, r2, r1, lsl #8
 80069e0:	611a      	str	r2, [r3, #16]
 80069e2:	691a      	ldr	r2, [r3, #16]
 80069e4:	f022 4260 	bic.w	r2, r2, #3758096384	@ 0xe0000000
 80069e8:	68e9      	ldr	r1, [r5, #12]
 80069ea:	430a      	orrs	r2, r1
 80069ec:	611a      	str	r2, [r3, #16]
 80069ee:	681a      	ldr	r2, [r3, #0]
 80069f0:	f042 6280 	orr.w	r2, r2, #67108864	@ 0x4000000
 80069f4:	601a      	str	r2, [r3, #0]
 80069f6:	f7fd fa7d 	bl	8003ef4 <HAL_GetTick>
 80069fa:	4606      	mov	r6, r0
 80069fc:	f04f 43b0 	mov.w	r3, #1476395008	@ 0x58000000
 8006a00:	681b      	ldr	r3, [r3, #0]
 8006a02:	f013 6f00 	tst.w	r3, #134217728	@ 0x8000000
 8006a06:	d105      	bne.n	8006a14 <RCCEx_PLLSAI1_ConfigNR+0x7c>
 8006a08:	f7fd fa74 	bl	8003ef4 <HAL_GetTick>
 8006a0c:	1b80      	subs	r0, r0, r6
 8006a0e:	2802      	cmp	r0, #2
 8006a10:	d9f4      	bls.n	80069fc <RCCEx_PLLSAI1_ConfigNR+0x64>
 8006a12:	2403      	movs	r4, #3
 8006a14:	2c00      	cmp	r4, #0
 8006a16:	d1d9      	bne.n	80069cc <RCCEx_PLLSAI1_ConfigNR+0x34>
 8006a18:	f04f 42b0 	mov.w	r2, #1476395008	@ 0x58000000
 8006a1c:	6913      	ldr	r3, [r2, #16]
 8006a1e:	6929      	ldr	r1, [r5, #16]
 8006a20:	430b      	orrs	r3, r1
 8006a22:	6113      	str	r3, [r2, #16]
 8006a24:	e7d2      	b.n	80069cc <RCCEx_PLLSAI1_ConfigNR+0x34>

08006a26 <HAL_RCCEx_PeriphCLKConfig>:
 8006a26:	b570      	push	{r4, r5, r6, lr}
 8006a28:	4604      	mov	r4, r0
 8006a2a:	6803      	ldr	r3, [r0, #0]
 8006a2c:	f013 0f40 	tst.w	r3, #64	@ 0x40
 8006a30:	d035      	beq.n	8006a9e <HAL_RCCEx_PeriphCLKConfig+0x78>
 8006a32:	6b03      	ldr	r3, [r0, #48]	@ 0x30
 8006a34:	f5b3 0f80 	cmp.w	r3, #4194304	@ 0x400000
 8006a38:	d016      	beq.n	8006a68 <HAL_RCCEx_PeriphCLKConfig+0x42>
 8006a3a:	d80b      	bhi.n	8006a54 <HAL_RCCEx_PeriphCLKConfig+0x2e>
 8006a3c:	b933      	cbnz	r3, 8006a4c <HAL_RCCEx_PeriphCLKConfig+0x26>
 8006a3e:	3004      	adds	r0, #4
 8006a40:	f7ff ff1c 	bl	800687c <RCCEx_PLLSAI1_ConfigNP>
 8006a44:	4606      	mov	r6, r0
 8006a46:	b1b8      	cbz	r0, 8006a78 <HAL_RCCEx_PeriphCLKConfig+0x52>
 8006a48:	4605      	mov	r5, r0
 8006a4a:	e02b      	b.n	8006aa4 <HAL_RCCEx_PeriphCLKConfig+0x7e>
 8006a4c:	2301      	movs	r3, #1
 8006a4e:	461d      	mov	r5, r3
 8006a50:	461e      	mov	r6, r3
 8006a52:	e027      	b.n	8006aa4 <HAL_RCCEx_PeriphCLKConfig+0x7e>
 8006a54:	f5b3 0f00 	cmp.w	r3, #8388608	@ 0x800000
 8006a58:	d01b      	beq.n	8006a92 <HAL_RCCEx_PeriphCLKConfig+0x6c>
 8006a5a:	f5b3 0f40 	cmp.w	r3, #12582912	@ 0xc00000
 8006a5e:	d01b      	beq.n	8006a98 <HAL_RCCEx_PeriphCLKConfig+0x72>
 8006a60:	2301      	movs	r3, #1
 8006a62:	461d      	mov	r5, r3
 8006a64:	461e      	mov	r6, r3
 8006a66:	e01d      	b.n	8006aa4 <HAL_RCCEx_PeriphCLKConfig+0x7e>
 8006a68:	f04f 42b0 	mov.w	r2, #1476395008	@ 0x58000000
 8006a6c:	68d3      	ldr	r3, [r2, #12]
 8006a6e:	f443 3380 	orr.w	r3, r3, #65536	@ 0x10000
 8006a72:	60d3      	str	r3, [r2, #12]
 8006a74:	2300      	movs	r3, #0
 8006a76:	461e      	mov	r6, r3
 8006a78:	6b23      	ldr	r3, [r4, #48]	@ 0x30
 8006a7a:	f04f 41b0 	mov.w	r1, #1476395008	@ 0x58000000
 8006a7e:	f8d1 2088 	ldr.w	r2, [r1, #136]	@ 0x88
 8006a82:	f422 0240 	bic.w	r2, r2, #12582912	@ 0xc00000
 8006a86:	4313      	orrs	r3, r2
 8006a88:	f8c1 3088 	str.w	r3, [r1, #136]	@ 0x88
 8006a8c:	2300      	movs	r3, #0
 8006a8e:	461d      	mov	r5, r3
 8006a90:	e008      	b.n	8006aa4 <HAL_RCCEx_PeriphCLKConfig+0x7e>
 8006a92:	2300      	movs	r3, #0
 8006a94:	461e      	mov	r6, r3
 8006a96:	e7ef      	b.n	8006a78 <HAL_RCCEx_PeriphCLKConfig+0x52>
 8006a98:	2300      	movs	r3, #0
 8006a9a:	461e      	mov	r6, r3
 8006a9c:	e7ec      	b.n	8006a78 <HAL_RCCEx_PeriphCLKConfig+0x52>
 8006a9e:	2300      	movs	r3, #0
 8006aa0:	461d      	mov	r5, r3
 8006aa2:	461e      	mov	r6, r3
 8006aa4:	6823      	ldr	r3, [r4, #0]
 8006aa6:	f413 6f00 	tst.w	r3, #2048	@ 0x800
 8006aaa:	d00b      	beq.n	8006ac4 <HAL_RCCEx_PeriphCLKConfig+0x9e>
 8006aac:	f04f 43b0 	mov.w	r3, #1476395008	@ 0x58000000
 8006ab0:	f8d3 3090 	ldr.w	r3, [r3, #144]	@ 0x90
 8006ab4:	f403 7340 	and.w	r3, r3, #768	@ 0x300
 8006ab8:	461d      	mov	r5, r3
 8006aba:	6c23      	ldr	r3, [r4, #64]	@ 0x40
 8006abc:	42ab      	cmp	r3, r5
 8006abe:	f040 80b7 	bne.w	8006c30 <HAL_RCCEx_PeriphCLKConfig+0x20a>
 8006ac2:	4635      	mov	r5, r6
 8006ac4:	6823      	ldr	r3, [r4, #0]
 8006ac6:	f013 0f01 	tst.w	r3, #1
 8006aca:	d009      	beq.n	8006ae0 <HAL_RCCEx_PeriphCLKConfig+0xba>
 8006acc:	69a3      	ldr	r3, [r4, #24]
 8006ace:	f04f 41b0 	mov.w	r1, #1476395008	@ 0x58000000
 8006ad2:	f8d1 2088 	ldr.w	r2, [r1, #136]	@ 0x88
 8006ad6:	f022 0203 	bic.w	r2, r2, #3
 8006ada:	4313      	orrs	r3, r2
 8006adc:	f8c1 3088 	str.w	r3, [r1, #136]	@ 0x88
 8006ae0:	6823      	ldr	r3, [r4, #0]
 8006ae2:	f013 0f02 	tst.w	r3, #2
 8006ae6:	d009      	beq.n	8006afc <HAL_RCCEx_PeriphCLKConfig+0xd6>
 8006ae8:	69e3      	ldr	r3, [r4, #28]
 8006aea:	f04f 41b0 	mov.w	r1, #1476395008	@ 0x58000000
 8006aee:	f8d1 2088 	ldr.w	r2, [r1, #136]	@ 0x88
 8006af2:	f422 6240 	bic.w	r2, r2, #3072	@ 0xc00
 8006af6:	4313      	orrs	r3, r2
 8006af8:	f8c1 3088 	str.w	r3, [r1, #136]	@ 0x88
 8006afc:	6823      	ldr	r3, [r4, #0]
 8006afe:	f013 0f10 	tst.w	r3, #16
 8006b02:	d00c      	beq.n	8006b1e <HAL_RCCEx_PeriphCLKConfig+0xf8>
 8006b04:	6aa1      	ldr	r1, [r4, #40]	@ 0x28
 8006b06:	f04f 42b0 	mov.w	r2, #1476395008	@ 0x58000000
 8006b0a:	f8d2 3088 	ldr.w	r3, [r2, #136]	@ 0x88
 8006b0e:	0c08      	lsrs	r0, r1, #16
 8006b10:	0400      	lsls	r0, r0, #16
 8006b12:	ea23 0300 	bic.w	r3, r3, r0
 8006b16:	ea43 4301 	orr.w	r3, r3, r1, lsl #16
 8006b1a:	f8c2 3088 	str.w	r3, [r2, #136]	@ 0x88
 8006b1e:	6823      	ldr	r3, [r4, #0]
 8006b20:	f013 0f20 	tst.w	r3, #32
 8006b24:	d00c      	beq.n	8006b40 <HAL_RCCEx_PeriphCLKConfig+0x11a>
 8006b26:	6ae1      	ldr	r1, [r4, #44]	@ 0x2c
 8006b28:	f04f 42b0 	mov.w	r2, #1476395008	@ 0x58000000
 8006b2c:	f8d2 3088 	ldr.w	r3, [r2, #136]	@ 0x88
 8006b30:	0c08      	lsrs	r0, r1, #16
 8006b32:	0400      	lsls	r0, r0, #16
 8006b34:	ea23 0300 	bic.w	r3, r3, r0
 8006b38:	ea43 4301 	orr.w	r3, r3, r1, lsl #16
 8006b3c:	f8c2 3088 	str.w	r3, [r2, #136]	@ 0x88
 8006b40:	6823      	ldr	r3, [r4, #0]
 8006b42:	f013 0f04 	tst.w	r3, #4
 8006b46:	f040 80b5 	bne.w	8006cb4 <HAL_RCCEx_PeriphCLKConfig+0x28e>
 8006b4a:	6823      	ldr	r3, [r4, #0]
 8006b4c:	f013 0f08 	tst.w	r3, #8
 8006b50:	f040 80b4 	bne.w	8006cbc <HAL_RCCEx_PeriphCLKConfig+0x296>
 8006b54:	6823      	ldr	r3, [r4, #0]
 8006b56:	f413 7f80 	tst.w	r3, #256	@ 0x100
 8006b5a:	d013      	beq.n	8006b84 <HAL_RCCEx_PeriphCLKConfig+0x15e>
 8006b5c:	6b63      	ldr	r3, [r4, #52]	@ 0x34
 8006b5e:	f04f 41b0 	mov.w	r1, #1476395008	@ 0x58000000
 8006b62:	f8d1 2088 	ldr.w	r2, [r1, #136]	@ 0x88
 8006b66:	f022 6240 	bic.w	r2, r2, #201326592	@ 0xc000000
 8006b6a:	4313      	orrs	r3, r2
 8006b6c:	f8c1 3088 	str.w	r3, [r1, #136]	@ 0x88
 8006b70:	6b63      	ldr	r3, [r4, #52]	@ 0x34
 8006b72:	f1b3 6f00 	cmp.w	r3, #134217728	@ 0x8000000
 8006b76:	f000 80a5 	beq.w	8006cc4 <HAL_RCCEx_PeriphCLKConfig+0x29e>
 8006b7a:	6b63      	ldr	r3, [r4, #52]	@ 0x34
 8006b7c:	f1b3 6f80 	cmp.w	r3, #67108864	@ 0x4000000
 8006b80:	f000 80a5 	beq.w	8006cce <HAL_RCCEx_PeriphCLKConfig+0x2a8>
 8006b84:	6823      	ldr	r3, [r4, #0]
 8006b86:	f413 7f00 	tst.w	r3, #512	@ 0x200
 8006b8a:	d017      	beq.n	8006bbc <HAL_RCCEx_PeriphCLKConfig+0x196>
 8006b8c:	6ba3      	ldr	r3, [r4, #56]	@ 0x38
 8006b8e:	f1b3 4f80 	cmp.w	r3, #1073741824	@ 0x40000000
 8006b92:	d005      	beq.n	8006ba0 <HAL_RCCEx_PeriphCLKConfig+0x17a>
 8006b94:	f1b3 4f00 	cmp.w	r3, #2147483648	@ 0x80000000
 8006b98:	d002      	beq.n	8006ba0 <HAL_RCCEx_PeriphCLKConfig+0x17a>
 8006b9a:	2b00      	cmp	r3, #0
 8006b9c:	f040 809f 	bne.w	8006cde <HAL_RCCEx_PeriphCLKConfig+0x2b8>
 8006ba0:	f04f 41b0 	mov.w	r1, #1476395008	@ 0x58000000
 8006ba4:	f8d1 2088 	ldr.w	r2, [r1, #136]	@ 0x88
 8006ba8:	f022 4240 	bic.w	r2, r2, #3221225472	@ 0xc0000000
 8006bac:	4313      	orrs	r3, r2
 8006bae:	f8c1 3088 	str.w	r3, [r1, #136]	@ 0x88
 8006bb2:	6ba3      	ldr	r3, [r4, #56]	@ 0x38
 8006bb4:	f1b3 5fc0 	cmp.w	r3, #402653184	@ 0x18000000
 8006bb8:	f000 80a3 	beq.w	8006d02 <HAL_RCCEx_PeriphCLKConfig+0x2dc>
 8006bbc:	6823      	ldr	r3, [r4, #0]
 8006bbe:	f413 6f80 	tst.w	r3, #1024	@ 0x400
 8006bc2:	d013      	beq.n	8006bec <HAL_RCCEx_PeriphCLKConfig+0x1c6>
 8006bc4:	6be3      	ldr	r3, [r4, #60]	@ 0x3c
 8006bc6:	f04f 41b0 	mov.w	r1, #1476395008	@ 0x58000000
 8006bca:	f8d1 2088 	ldr.w	r2, [r1, #136]	@ 0x88
 8006bce:	f022 5240 	bic.w	r2, r2, #805306368	@ 0x30000000
 8006bd2:	4313      	orrs	r3, r2
 8006bd4:	f8c1 3088 	str.w	r3, [r1, #136]	@ 0x88
 8006bd8:	6be3      	ldr	r3, [r4, #60]	@ 0x3c
 8006bda:	f1b3 5f00 	cmp.w	r3, #536870912	@ 0x20000000
 8006bde:	f000 8097 	beq.w	8006d10 <HAL_RCCEx_PeriphCLKConfig+0x2ea>
 8006be2:	6be3      	ldr	r3, [r4, #60]	@ 0x3c
 8006be4:	f1b3 5f80 	cmp.w	r3, #268435456	@ 0x10000000
 8006be8:	f000 8097 	beq.w	8006d1a <HAL_RCCEx_PeriphCLKConfig+0x2f4>
 8006bec:	6823      	ldr	r3, [r4, #0]
 8006bee:	f413 5f80 	tst.w	r3, #4096	@ 0x1000
 8006bf2:	d009      	beq.n	8006c08 <HAL_RCCEx_PeriphCLKConfig+0x1e2>
 8006bf4:	6c63      	ldr	r3, [r4, #68]	@ 0x44
 8006bf6:	f04f 41b0 	mov.w	r1, #1476395008	@ 0x58000000
 8006bfa:	f8d1 2094 	ldr.w	r2, [r1, #148]	@ 0x94
 8006bfe:	f422 4240 	bic.w	r2, r2, #49152	@ 0xc000
 8006c02:	4313      	orrs	r3, r2
 8006c04:	f8c1 3094 	str.w	r3, [r1, #148]	@ 0x94
 8006c08:	6823      	ldr	r3, [r4, #0]
 8006c0a:	f413 5f00 	tst.w	r3, #8192	@ 0x2000
 8006c0e:	d00d      	beq.n	8006c2c <HAL_RCCEx_PeriphCLKConfig+0x206>
 8006c10:	6ce2      	ldr	r2, [r4, #76]	@ 0x4c
 8006c12:	f04f 43b0 	mov.w	r3, #1476395008	@ 0x58000000
 8006c16:	6a59      	ldr	r1, [r3, #36]	@ 0x24
 8006c18:	f021 0130 	bic.w	r1, r1, #48	@ 0x30
 8006c1c:	430a      	orrs	r2, r1
 8006c1e:	625a      	str	r2, [r3, #36]	@ 0x24
 8006c20:	6ca2      	ldr	r2, [r4, #72]	@ 0x48
 8006c22:	6a59      	ldr	r1, [r3, #36]	@ 0x24
 8006c24:	f021 0103 	bic.w	r1, r1, #3
 8006c28:	430a      	orrs	r2, r1
 8006c2a:	625a      	str	r2, [r3, #36]	@ 0x24
 8006c2c:	4628      	mov	r0, r5
 8006c2e:	bd70      	pop	{r4, r5, r6, pc}
 8006c30:	f7ff f844 	bl	8005cbc <HAL_PWR_EnableBkUpAccess>
 8006c34:	b95d      	cbnz	r5, 8006c4e <HAL_RCCEx_PeriphCLKConfig+0x228>
 8006c36:	6c23      	ldr	r3, [r4, #64]	@ 0x40
 8006c38:	f04f 41b0 	mov.w	r1, #1476395008	@ 0x58000000
 8006c3c:	f8d1 2090 	ldr.w	r2, [r1, #144]	@ 0x90
 8006c40:	f422 7240 	bic.w	r2, r2, #768	@ 0x300
 8006c44:	4313      	orrs	r3, r2
 8006c46:	f8c1 3090 	str.w	r3, [r1, #144]	@ 0x90
 8006c4a:	4635      	mov	r5, r6
 8006c4c:	e73a      	b.n	8006ac4 <HAL_RCCEx_PeriphCLKConfig+0x9e>
 8006c4e:	f04f 43b0 	mov.w	r3, #1476395008	@ 0x58000000
 8006c52:	f8d3 2090 	ldr.w	r2, [r3, #144]	@ 0x90
 8006c56:	f8d3 1090 	ldr.w	r1, [r3, #144]	@ 0x90
 8006c5a:	f441 3180 	orr.w	r1, r1, #65536	@ 0x10000
 8006c5e:	f8c3 1090 	str.w	r1, [r3, #144]	@ 0x90
 8006c62:	f8d3 1090 	ldr.w	r1, [r3, #144]	@ 0x90
 8006c66:	f421 3180 	bic.w	r1, r1, #65536	@ 0x10000
 8006c6a:	f8c3 1090 	str.w	r1, [r3, #144]	@ 0x90
 8006c6e:	f422 7240 	bic.w	r2, r2, #768	@ 0x300
 8006c72:	6c21      	ldr	r1, [r4, #64]	@ 0x40
 8006c74:	430a      	orrs	r2, r1
 8006c76:	f8c3 2090 	str.w	r2, [r3, #144]	@ 0x90
 8006c7a:	f8d3 3090 	ldr.w	r3, [r3, #144]	@ 0x90
 8006c7e:	f013 0f01 	tst.w	r3, #1
 8006c82:	d013      	beq.n	8006cac <HAL_RCCEx_PeriphCLKConfig+0x286>
 8006c84:	f7fd f936 	bl	8003ef4 <HAL_GetTick>
 8006c88:	4605      	mov	r5, r0
 8006c8a:	f04f 43b0 	mov.w	r3, #1476395008	@ 0x58000000
 8006c8e:	f8d3 3090 	ldr.w	r3, [r3, #144]	@ 0x90
 8006c92:	f013 0f02 	tst.w	r3, #2
 8006c96:	d10b      	bne.n	8006cb0 <HAL_RCCEx_PeriphCLKConfig+0x28a>
 8006c98:	f7fd f92c 	bl	8003ef4 <HAL_GetTick>
 8006c9c:	1b40      	subs	r0, r0, r5
 8006c9e:	f241 3388 	movw	r3, #5000	@ 0x1388
 8006ca2:	4298      	cmp	r0, r3
 8006ca4:	d9f1      	bls.n	8006c8a <HAL_RCCEx_PeriphCLKConfig+0x264>
 8006ca6:	2303      	movs	r3, #3
 8006ca8:	461d      	mov	r5, r3
 8006caa:	e70b      	b.n	8006ac4 <HAL_RCCEx_PeriphCLKConfig+0x9e>
 8006cac:	4635      	mov	r5, r6
 8006cae:	e709      	b.n	8006ac4 <HAL_RCCEx_PeriphCLKConfig+0x9e>
 8006cb0:	4635      	mov	r5, r6
 8006cb2:	e707      	b.n	8006ac4 <HAL_RCCEx_PeriphCLKConfig+0x9e>
 8006cb4:	6a20      	ldr	r0, [r4, #32]
 8006cb6:	f7ff fdd1 	bl	800685c <LL_RCC_SetI2CClockSource>
 8006cba:	e746      	b.n	8006b4a <HAL_RCCEx_PeriphCLKConfig+0x124>
 8006cbc:	6a60      	ldr	r0, [r4, #36]	@ 0x24
 8006cbe:	f7ff fdcd 	bl	800685c <LL_RCC_SetI2CClockSource>
 8006cc2:	e747      	b.n	8006b54 <HAL_RCCEx_PeriphCLKConfig+0x12e>
 8006cc4:	68cb      	ldr	r3, [r1, #12]
 8006cc6:	f043 7380 	orr.w	r3, r3, #16777216	@ 0x1000000
 8006cca:	60cb      	str	r3, [r1, #12]
 8006ccc:	e755      	b.n	8006b7a <HAL_RCCEx_PeriphCLKConfig+0x154>
 8006cce:	1d20      	adds	r0, r4, #4
 8006cd0:	f7ff fe1b 	bl	800690a <RCCEx_PLLSAI1_ConfigNQ>
 8006cd4:	2800      	cmp	r0, #0
 8006cd6:	f43f af55 	beq.w	8006b84 <HAL_RCCEx_PeriphCLKConfig+0x15e>
 8006cda:	4605      	mov	r5, r0
 8006cdc:	e752      	b.n	8006b84 <HAL_RCCEx_PeriphCLKConfig+0x15e>
 8006cde:	f023 5380 	bic.w	r3, r3, #268435456	@ 0x10000000
 8006ce2:	f04f 42b0 	mov.w	r2, #1476395008	@ 0x58000000
 8006ce6:	f8d2 1088 	ldr.w	r1, [r2, #136]	@ 0x88
 8006cea:	f021 4140 	bic.w	r1, r1, #3221225472	@ 0xc0000000
 8006cee:	f8c2 1088 	str.w	r1, [r2, #136]	@ 0x88
 8006cf2:	f8d2 1088 	ldr.w	r1, [r2, #136]	@ 0x88
 8006cf6:	f021 6140 	bic.w	r1, r1, #201326592	@ 0xc000000
 8006cfa:	430b      	orrs	r3, r1
 8006cfc:	f8c2 3088 	str.w	r3, [r2, #136]	@ 0x88
 8006d00:	e757      	b.n	8006bb2 <HAL_RCCEx_PeriphCLKConfig+0x18c>
 8006d02:	f04f 42b0 	mov.w	r2, #1476395008	@ 0x58000000
 8006d06:	68d3      	ldr	r3, [r2, #12]
 8006d08:	f043 7380 	orr.w	r3, r3, #16777216	@ 0x1000000
 8006d0c:	60d3      	str	r3, [r2, #12]
 8006d0e:	e755      	b.n	8006bbc <HAL_RCCEx_PeriphCLKConfig+0x196>
 8006d10:	68cb      	ldr	r3, [r1, #12]
 8006d12:	f443 3380 	orr.w	r3, r3, #65536	@ 0x10000
 8006d16:	60cb      	str	r3, [r1, #12]
 8006d18:	e763      	b.n	8006be2 <HAL_RCCEx_PeriphCLKConfig+0x1bc>
 8006d1a:	1d20      	adds	r0, r4, #4
 8006d1c:	f7ff fe3c 	bl	8006998 <RCCEx_PLLSAI1_ConfigNR>
 8006d20:	2800      	cmp	r0, #0
 8006d22:	f43f af63 	beq.w	8006bec <HAL_RCCEx_PeriphCLKConfig+0x1c6>
 8006d26:	4605      	mov	r5, r0
 8006d28:	e760      	b.n	8006bec <HAL_RCCEx_PeriphCLKConfig+0x1c6>

08006d2a <HAL_RCCEx_EnableMSIPLLMode>:
 8006d2a:	f04f 42b0 	mov.w	r2, #1476395008	@ 0x58000000
 8006d2e:	6813      	ldr	r3, [r2, #0]
 8006d30:	f043 0304 	orr.w	r3, r3, #4
 8006d34:	6013      	str	r3, [r2, #0]
 8006d36:	4770      	bx	lr

08006d38 <HAL_RTC_WaitForSynchro>:
 8006d38:	b538      	push	{r3, r4, r5, lr}
 8006d3a:	4604      	mov	r4, r0
 8006d3c:	6803      	ldr	r3, [r0, #0]
 8006d3e:	4a0a      	ldr	r2, [pc, #40]	@ (8006d68 <HAL_RTC_WaitForSynchro+0x30>)
 8006d40:	60da      	str	r2, [r3, #12]
 8006d42:	f7fd f8d7 	bl	8003ef4 <HAL_GetTick>
 8006d46:	4605      	mov	r5, r0
 8006d48:	6823      	ldr	r3, [r4, #0]
 8006d4a:	68db      	ldr	r3, [r3, #12]
 8006d4c:	f013 0f20 	tst.w	r3, #32
 8006d50:	d107      	bne.n	8006d62 <HAL_RTC_WaitForSynchro+0x2a>
 8006d52:	f7fd f8cf 	bl	8003ef4 <HAL_GetTick>
 8006d56:	1b40      	subs	r0, r0, r5
 8006d58:	f5b0 7f7a 	cmp.w	r0, #1000	@ 0x3e8
 8006d5c:	d9f4      	bls.n	8006d48 <HAL_RTC_WaitForSynchro+0x10>
 8006d5e:	2003      	movs	r0, #3
 8006d60:	e000      	b.n	8006d64 <HAL_RTC_WaitForSynchro+0x2c>
 8006d62:	2000      	movs	r0, #0
 8006d64:	bd38      	pop	{r3, r4, r5, pc}
 8006d66:	bf00      	nop
 8006d68:	0001ff5f 	.word	0x0001ff5f

08006d6c <RTC_EnterInitMode>:
 8006d6c:	b570      	push	{r4, r5, r6, lr}
 8006d6e:	6803      	ldr	r3, [r0, #0]
 8006d70:	68da      	ldr	r2, [r3, #12]
 8006d72:	f012 0f40 	tst.w	r2, #64	@ 0x40
 8006d76:	d002      	beq.n	8006d7e <RTC_EnterInitMode+0x12>
 8006d78:	2500      	movs	r5, #0
 8006d7a:	4628      	mov	r0, r5
 8006d7c:	bd70      	pop	{r4, r5, r6, pc}
 8006d7e:	4604      	mov	r4, r0
 8006d80:	68da      	ldr	r2, [r3, #12]
 8006d82:	f042 0280 	orr.w	r2, r2, #128	@ 0x80
 8006d86:	60da      	str	r2, [r3, #12]
 8006d88:	f7fd f8b4 	bl	8003ef4 <HAL_GetTick>
 8006d8c:	4606      	mov	r6, r0
 8006d8e:	2500      	movs	r5, #0
 8006d90:	6823      	ldr	r3, [r4, #0]
 8006d92:	68db      	ldr	r3, [r3, #12]
 8006d94:	f013 0f40 	tst.w	r3, #64	@ 0x40
 8006d98:	d1ef      	bne.n	8006d7a <RTC_EnterInitMode+0xe>
 8006d9a:	2d00      	cmp	r5, #0
 8006d9c:	d1ed      	bne.n	8006d7a <RTC_EnterInitMode+0xe>
 8006d9e:	f7fd f8a9 	bl	8003ef4 <HAL_GetTick>
 8006da2:	1b83      	subs	r3, r0, r6
 8006da4:	f5b3 7f7a 	cmp.w	r3, #1000	@ 0x3e8
 8006da8:	d9f2      	bls.n	8006d90 <RTC_EnterInitMode+0x24>
 8006daa:	2304      	movs	r3, #4
 8006dac:	f884 3021 	strb.w	r3, [r4, #33]	@ 0x21
 8006db0:	2501      	movs	r5, #1
 8006db2:	e7ed      	b.n	8006d90 <RTC_EnterInitMode+0x24>

08006db4 <RTC_ExitInitMode>:
 8006db4:	6802      	ldr	r2, [r0, #0]
 8006db6:	68d3      	ldr	r3, [r2, #12]
 8006db8:	f023 0380 	bic.w	r3, r3, #128	@ 0x80
 8006dbc:	60d3      	str	r3, [r2, #12]
 8006dbe:	6803      	ldr	r3, [r0, #0]
 8006dc0:	689b      	ldr	r3, [r3, #8]
 8006dc2:	f013 0f20 	tst.w	r3, #32
 8006dc6:	d001      	beq.n	8006dcc <RTC_ExitInitMode+0x18>
 8006dc8:	2000      	movs	r0, #0
 8006dca:	4770      	bx	lr
 8006dcc:	b510      	push	{r4, lr}
 8006dce:	4604      	mov	r4, r0
 8006dd0:	f7ff ffb2 	bl	8006d38 <HAL_RTC_WaitForSynchro>
 8006dd4:	b118      	cbz	r0, 8006dde <RTC_ExitInitMode+0x2a>
 8006dd6:	2304      	movs	r3, #4
 8006dd8:	f884 3021 	strb.w	r3, [r4, #33]	@ 0x21
 8006ddc:	2001      	movs	r0, #1
 8006dde:	bd10      	pop	{r4, pc}

08006de0 <HAL_RTC_Init>:
 8006de0:	2800      	cmp	r0, #0
 8006de2:	d050      	beq.n	8006e86 <HAL_RTC_Init+0xa6>
 8006de4:	b538      	push	{r3, r4, r5, lr}
 8006de6:	4604      	mov	r4, r0
 8006de8:	f890 3021 	ldrb.w	r3, [r0, #33]	@ 0x21
 8006dec:	b163      	cbz	r3, 8006e08 <HAL_RTC_Init+0x28>
 8006dee:	2302      	movs	r3, #2
 8006df0:	f884 3021 	strb.w	r3, [r4, #33]	@ 0x21
 8006df4:	6823      	ldr	r3, [r4, #0]
 8006df6:	68da      	ldr	r2, [r3, #12]
 8006df8:	f012 0f10 	tst.w	r2, #16
 8006dfc:	d009      	beq.n	8006e12 <HAL_RTC_Init+0x32>
 8006dfe:	2000      	movs	r0, #0
 8006e00:	2301      	movs	r3, #1
 8006e02:	f884 3021 	strb.w	r3, [r4, #33]	@ 0x21
 8006e06:	bd38      	pop	{r3, r4, r5, pc}
 8006e08:	f880 3020 	strb.w	r3, [r0, #32]
 8006e0c:	f7fc fcac 	bl	8003768 <HAL_RTC_MspInit>
 8006e10:	e7ed      	b.n	8006dee <HAL_RTC_Init+0xe>
 8006e12:	22ca      	movs	r2, #202	@ 0xca
 8006e14:	625a      	str	r2, [r3, #36]	@ 0x24
 8006e16:	6823      	ldr	r3, [r4, #0]
 8006e18:	2253      	movs	r2, #83	@ 0x53
 8006e1a:	625a      	str	r2, [r3, #36]	@ 0x24
 8006e1c:	4620      	mov	r0, r4
 8006e1e:	f7ff ffa5 	bl	8006d6c <RTC_EnterInitMode>
 8006e22:	b128      	cbz	r0, 8006e30 <HAL_RTC_Init+0x50>
 8006e24:	6823      	ldr	r3, [r4, #0]
 8006e26:	22ff      	movs	r2, #255	@ 0xff
 8006e28:	625a      	str	r2, [r3, #36]	@ 0x24
 8006e2a:	2800      	cmp	r0, #0
 8006e2c:	d1eb      	bne.n	8006e06 <HAL_RTC_Init+0x26>
 8006e2e:	e7e7      	b.n	8006e00 <HAL_RTC_Init+0x20>
 8006e30:	6822      	ldr	r2, [r4, #0]
 8006e32:	6893      	ldr	r3, [r2, #8]
 8006e34:	f423 03e0 	bic.w	r3, r3, #7340032	@ 0x700000
 8006e38:	f023 0340 	bic.w	r3, r3, #64	@ 0x40
 8006e3c:	6093      	str	r3, [r2, #8]
 8006e3e:	6821      	ldr	r1, [r4, #0]
 8006e40:	688a      	ldr	r2, [r1, #8]
 8006e42:	6863      	ldr	r3, [r4, #4]
 8006e44:	6920      	ldr	r0, [r4, #16]
 8006e46:	4303      	orrs	r3, r0
 8006e48:	69a0      	ldr	r0, [r4, #24]
 8006e4a:	4303      	orrs	r3, r0
 8006e4c:	4313      	orrs	r3, r2
 8006e4e:	608b      	str	r3, [r1, #8]
 8006e50:	6823      	ldr	r3, [r4, #0]
 8006e52:	68e2      	ldr	r2, [r4, #12]
 8006e54:	611a      	str	r2, [r3, #16]
 8006e56:	6822      	ldr	r2, [r4, #0]
 8006e58:	6913      	ldr	r3, [r2, #16]
 8006e5a:	68a1      	ldr	r1, [r4, #8]
 8006e5c:	ea43 4301 	orr.w	r3, r3, r1, lsl #16
 8006e60:	6113      	str	r3, [r2, #16]
 8006e62:	4620      	mov	r0, r4
 8006e64:	f7ff ffa6 	bl	8006db4 <RTC_ExitInitMode>
 8006e68:	2800      	cmp	r0, #0
 8006e6a:	d1db      	bne.n	8006e24 <HAL_RTC_Init+0x44>
 8006e6c:	6822      	ldr	r2, [r4, #0]
 8006e6e:	6cd3      	ldr	r3, [r2, #76]	@ 0x4c
 8006e70:	f023 0303 	bic.w	r3, r3, #3
 8006e74:	64d3      	str	r3, [r2, #76]	@ 0x4c
 8006e76:	6821      	ldr	r1, [r4, #0]
 8006e78:	6ccb      	ldr	r3, [r1, #76]	@ 0x4c
 8006e7a:	69e2      	ldr	r2, [r4, #28]
 8006e7c:	6965      	ldr	r5, [r4, #20]
 8006e7e:	432a      	orrs	r2, r5
 8006e80:	4313      	orrs	r3, r2
 8006e82:	64cb      	str	r3, [r1, #76]	@ 0x4c
 8006e84:	e7ce      	b.n	8006e24 <HAL_RTC_Init+0x44>
 8006e86:	2001      	movs	r0, #1
 8006e88:	4770      	bx	lr
	...

08006e8c <SPI_WaitFlagStateUntilTimeout>:
 8006e8c:	e92d 43f0 	stmdb	sp!, {r4, r5, r6, r7, r8, r9, lr}
 8006e90:	b083      	sub	sp, #12
 8006e92:	4604      	mov	r4, r0
 8006e94:	460f      	mov	r7, r1
 8006e96:	4616      	mov	r6, r2
 8006e98:	461d      	mov	r5, r3
 8006e9a:	f7fd f82b 	bl	8003ef4 <HAL_GetTick>
 8006e9e:	9b0a      	ldr	r3, [sp, #40]	@ 0x28
 8006ea0:	1a1b      	subs	r3, r3, r0
 8006ea2:	eb03 0805 	add.w	r8, r3, r5
 8006ea6:	f7fd f825 	bl	8003ef4 <HAL_GetTick>
 8006eaa:	4681      	mov	r9, r0
 8006eac:	4b28      	ldr	r3, [pc, #160]	@ (8006f50 <SPI_WaitFlagStateUntilTimeout+0xc4>)
 8006eae:	681b      	ldr	r3, [r3, #0]
 8006eb0:	f3c3 33cb 	ubfx	r3, r3, #15, #12
 8006eb4:	fb08 f303 	mul.w	r3, r8, r3
 8006eb8:	9301      	str	r3, [sp, #4]
 8006eba:	6823      	ldr	r3, [r4, #0]
 8006ebc:	689b      	ldr	r3, [r3, #8]
 8006ebe:	ea37 0303 	bics.w	r3, r7, r3
 8006ec2:	bf0c      	ite	eq
 8006ec4:	2301      	moveq	r3, #1
 8006ec6:	2300      	movne	r3, #0
 8006ec8:	42b3      	cmp	r3, r6
 8006eca:	d03d      	beq.n	8006f48 <SPI_WaitFlagStateUntilTimeout+0xbc>
 8006ecc:	f1b5 3fff 	cmp.w	r5, #4294967295
 8006ed0:	d0f3      	beq.n	8006eba <SPI_WaitFlagStateUntilTimeout+0x2e>
 8006ed2:	f7fd f80f 	bl	8003ef4 <HAL_GetTick>
 8006ed6:	464b      	mov	r3, r9
 8006ed8:	1ac0      	subs	r0, r0, r3
 8006eda:	4540      	cmp	r0, r8
 8006edc:	d203      	bcs.n	8006ee6 <SPI_WaitFlagStateUntilTimeout+0x5a>
 8006ede:	9b01      	ldr	r3, [sp, #4]
 8006ee0:	bb73      	cbnz	r3, 8006f40 <SPI_WaitFlagStateUntilTimeout+0xb4>
 8006ee2:	4698      	mov	r8, r3
 8006ee4:	e7e9      	b.n	8006eba <SPI_WaitFlagStateUntilTimeout+0x2e>
 8006ee6:	6822      	ldr	r2, [r4, #0]
 8006ee8:	6853      	ldr	r3, [r2, #4]
 8006eea:	f023 03e0 	bic.w	r3, r3, #224	@ 0xe0
 8006eee:	6053      	str	r3, [r2, #4]
 8006ef0:	6863      	ldr	r3, [r4, #4]
 8006ef2:	f5b3 7f82 	cmp.w	r3, #260	@ 0x104
 8006ef6:	d00b      	beq.n	8006f10 <SPI_WaitFlagStateUntilTimeout+0x84>
 8006ef8:	6aa3      	ldr	r3, [r4, #40]	@ 0x28
 8006efa:	f5b3 5f00 	cmp.w	r3, #8192	@ 0x2000
 8006efe:	d014      	beq.n	8006f2a <SPI_WaitFlagStateUntilTimeout+0x9e>
 8006f00:	2301      	movs	r3, #1
 8006f02:	f884 305d 	strb.w	r3, [r4, #93]	@ 0x5d
 8006f06:	2300      	movs	r3, #0
 8006f08:	f884 305c 	strb.w	r3, [r4, #92]	@ 0x5c
 8006f0c:	2003      	movs	r0, #3
 8006f0e:	e01c      	b.n	8006f4a <SPI_WaitFlagStateUntilTimeout+0xbe>
 8006f10:	68a3      	ldr	r3, [r4, #8]
 8006f12:	f5b3 4f00 	cmp.w	r3, #32768	@ 0x8000
 8006f16:	d002      	beq.n	8006f1e <SPI_WaitFlagStateUntilTimeout+0x92>
 8006f18:	f5b3 6f80 	cmp.w	r3, #1024	@ 0x400
 8006f1c:	d1ec      	bne.n	8006ef8 <SPI_WaitFlagStateUntilTimeout+0x6c>
 8006f1e:	6822      	ldr	r2, [r4, #0]
 8006f20:	6813      	ldr	r3, [r2, #0]
 8006f22:	f023 0340 	bic.w	r3, r3, #64	@ 0x40
 8006f26:	6013      	str	r3, [r2, #0]
 8006f28:	e7e6      	b.n	8006ef8 <SPI_WaitFlagStateUntilTimeout+0x6c>
 8006f2a:	6822      	ldr	r2, [r4, #0]
 8006f2c:	6813      	ldr	r3, [r2, #0]
 8006f2e:	f423 5300 	bic.w	r3, r3, #8192	@ 0x2000
 8006f32:	6013      	str	r3, [r2, #0]
 8006f34:	6822      	ldr	r2, [r4, #0]
 8006f36:	6813      	ldr	r3, [r2, #0]
 8006f38:	f443 5300 	orr.w	r3, r3, #8192	@ 0x2000
 8006f3c:	6013      	str	r3, [r2, #0]
 8006f3e:	e7df      	b.n	8006f00 <SPI_WaitFlagStateUntilTimeout+0x74>
 8006f40:	9b01      	ldr	r3, [sp, #4]
 8006f42:	3b01      	subs	r3, #1
 8006f44:	9301      	str	r3, [sp, #4]
 8006f46:	e7b8      	b.n	8006eba <SPI_WaitFlagStateUntilTimeout+0x2e>
 8006f48:	2000      	movs	r0, #0
 8006f4a:	b003      	add	sp, #12
 8006f4c:	e8bd 83f0 	ldmia.w	sp!, {r4, r5, r6, r7, r8, r9, pc}
 8006f50:	20000028 	.word	0x20000028

08006f54 <SPI_WaitFifoStateUntilTimeout>:
 8006f54:	e92d 47f0 	stmdb	sp!, {r4, r5, r6, r7, r8, r9, sl, lr}
 8006f58:	b082      	sub	sp, #8
 8006f5a:	4606      	mov	r6, r0
 8006f5c:	460c      	mov	r4, r1
 8006f5e:	4615      	mov	r5, r2
 8006f60:	461f      	mov	r7, r3
 8006f62:	2300      	movs	r3, #0
 8006f64:	f88d 3003 	strb.w	r3, [sp, #3]
 8006f68:	f7fc ffc4 	bl	8003ef4 <HAL_GetTick>
 8006f6c:	9b0a      	ldr	r3, [sp, #40]	@ 0x28
 8006f6e:	1a1b      	subs	r3, r3, r0
 8006f70:	eb03 0807 	add.w	r8, r3, r7
 8006f74:	f7fc ffbe 	bl	8003ef4 <HAL_GetTick>
 8006f78:	4682      	mov	sl, r0
 8006f7a:	f8d6 9000 	ldr.w	r9, [r6]
 8006f7e:	4b30      	ldr	r3, [pc, #192]	@ (8007040 <SPI_WaitFifoStateUntilTimeout+0xec>)
 8006f80:	681b      	ldr	r3, [r3, #0]
 8006f82:	eb03 0383 	add.w	r3, r3, r3, lsl #2
 8006f86:	ebc3 03c3 	rsb	r3, r3, r3, lsl #3
 8006f8a:	0d1b      	lsrs	r3, r3, #20
 8006f8c:	fb08 f303 	mul.w	r3, r8, r3
 8006f90:	9301      	str	r3, [sp, #4]
 8006f92:	e002      	b.n	8006f9a <SPI_WaitFifoStateUntilTimeout+0x46>
 8006f94:	f1b7 3fff 	cmp.w	r7, #4294967295
 8006f98:	d112      	bne.n	8006fc0 <SPI_WaitFifoStateUntilTimeout+0x6c>
 8006f9a:	6833      	ldr	r3, [r6, #0]
 8006f9c:	689b      	ldr	r3, [r3, #8]
 8006f9e:	ea03 0c04 	and.w	ip, r3, r4
 8006fa2:	45ac      	cmp	ip, r5
 8006fa4:	d047      	beq.n	8007036 <SPI_WaitFifoStateUntilTimeout+0xe2>
 8006fa6:	f5b4 6fc0 	cmp.w	r4, #1536	@ 0x600
 8006faa:	d1f3      	bne.n	8006f94 <SPI_WaitFifoStateUntilTimeout+0x40>
 8006fac:	2d00      	cmp	r5, #0
 8006fae:	d1f1      	bne.n	8006f94 <SPI_WaitFifoStateUntilTimeout+0x40>
 8006fb0:	f899 300c 	ldrb.w	r3, [r9, #12]
 8006fb4:	b2db      	uxtb	r3, r3
 8006fb6:	f88d 3003 	strb.w	r3, [sp, #3]
 8006fba:	f89d 3003 	ldrb.w	r3, [sp, #3]
 8006fbe:	e7e9      	b.n	8006f94 <SPI_WaitFifoStateUntilTimeout+0x40>
 8006fc0:	f7fc ff98 	bl	8003ef4 <HAL_GetTick>
 8006fc4:	4653      	mov	r3, sl
 8006fc6:	1ac0      	subs	r0, r0, r3
 8006fc8:	4540      	cmp	r0, r8
 8006fca:	d203      	bcs.n	8006fd4 <SPI_WaitFifoStateUntilTimeout+0x80>
 8006fcc:	9b01      	ldr	r3, [sp, #4]
 8006fce:	bb73      	cbnz	r3, 800702e <SPI_WaitFifoStateUntilTimeout+0xda>
 8006fd0:	4698      	mov	r8, r3
 8006fd2:	e7e2      	b.n	8006f9a <SPI_WaitFifoStateUntilTimeout+0x46>
 8006fd4:	6832      	ldr	r2, [r6, #0]
 8006fd6:	6853      	ldr	r3, [r2, #4]
 8006fd8:	f023 03e0 	bic.w	r3, r3, #224	@ 0xe0
 8006fdc:	6053      	str	r3, [r2, #4]
 8006fde:	6873      	ldr	r3, [r6, #4]
 8006fe0:	f5b3 7f82 	cmp.w	r3, #260	@ 0x104
 8006fe4:	d00b      	beq.n	8006ffe <SPI_WaitFifoStateUntilTimeout+0xaa>
 8006fe6:	6ab3      	ldr	r3, [r6, #40]	@ 0x28
 8006fe8:	f5b3 5f00 	cmp.w	r3, #8192	@ 0x2000
 8006fec:	d014      	beq.n	8007018 <SPI_WaitFifoStateUntilTimeout+0xc4>
 8006fee:	2301      	movs	r3, #1
 8006ff0:	f886 305d 	strb.w	r3, [r6, #93]	@ 0x5d
 8006ff4:	2300      	movs	r3, #0
 8006ff6:	f886 305c 	strb.w	r3, [r6, #92]	@ 0x5c
 8006ffa:	2003      	movs	r0, #3
 8006ffc:	e01c      	b.n	8007038 <SPI_WaitFifoStateUntilTimeout+0xe4>
 8006ffe:	68b3      	ldr	r3, [r6, #8]
 8007000:	f5b3 4f00 	cmp.w	r3, #32768	@ 0x8000
 8007004:	d002      	beq.n	800700c <SPI_WaitFifoStateUntilTimeout+0xb8>
 8007006:	f5b3 6f80 	cmp.w	r3, #1024	@ 0x400
 800700a:	d1ec      	bne.n	8006fe6 <SPI_WaitFifoStateUntilTimeout+0x92>
 800700c:	6832      	ldr	r2, [r6, #0]
 800700e:	6813      	ldr	r3, [r2, #0]
 8007010:	f023 0340 	bic.w	r3, r3, #64	@ 0x40
 8007014:	6013      	str	r3, [r2, #0]
 8007016:	e7e6      	b.n	8006fe6 <SPI_WaitFifoStateUntilTimeout+0x92>
 8007018:	6832      	ldr	r2, [r6, #0]
 800701a:	6813      	ldr	r3, [r2, #0]
 800701c:	f423 5300 	bic.w	r3, r3, #8192	@ 0x2000
 8007020:	6013      	str	r3, [r2, #0]
 8007022:	6832      	ldr	r2, [r6, #0]
 8007024:	6813      	ldr	r3, [r2, #0]
 8007026:	f443 5300 	orr.w	r3, r3, #8192	@ 0x2000
 800702a:	6013      	str	r3, [r2, #0]
 800702c:	e7df      	b.n	8006fee <SPI_WaitFifoStateUntilTimeout+0x9a>
 800702e:	9b01      	ldr	r3, [sp, #4]
 8007030:	3b01      	subs	r3, #1
 8007032:	9301      	str	r3, [sp, #4]
 8007034:	e7b1      	b.n	8006f9a <SPI_WaitFifoStateUntilTimeout+0x46>
 8007036:	2000      	movs	r0, #0
 8007038:	b002      	add	sp, #8
 800703a:	e8bd 87f0 	ldmia.w	sp!, {r4, r5, r6, r7, r8, r9, sl, pc}
 800703e:	bf00      	nop
 8007040:	20000028 	.word	0x20000028

08007044 <SPI_EndRxTxTransaction>:
 8007044:	b570      	push	{r4, r5, r6, lr}
 8007046:	b082      	sub	sp, #8
 8007048:	4604      	mov	r4, r0
 800704a:	460b      	mov	r3, r1
 800704c:	460e      	mov	r6, r1
 800704e:	4615      	mov	r5, r2
 8007050:	9200      	str	r2, [sp, #0]
 8007052:	2200      	movs	r2, #0
 8007054:	f44f 51c0 	mov.w	r1, #6144	@ 0x1800
 8007058:	f7ff ff7c 	bl	8006f54 <SPI_WaitFifoStateUntilTimeout>
 800705c:	b9b0      	cbnz	r0, 800708c <SPI_EndRxTxTransaction+0x48>
 800705e:	9500      	str	r5, [sp, #0]
 8007060:	4633      	mov	r3, r6
 8007062:	4602      	mov	r2, r0
 8007064:	2180      	movs	r1, #128	@ 0x80
 8007066:	4620      	mov	r0, r4
 8007068:	f7ff ff10 	bl	8006e8c <SPI_WaitFlagStateUntilTimeout>
 800706c:	b9a8      	cbnz	r0, 800709a <SPI_EndRxTxTransaction+0x56>
 800706e:	9500      	str	r5, [sp, #0]
 8007070:	4633      	mov	r3, r6
 8007072:	4602      	mov	r2, r0
 8007074:	f44f 61c0 	mov.w	r1, #1536	@ 0x600
 8007078:	4620      	mov	r0, r4
 800707a:	f7ff ff6b 	bl	8006f54 <SPI_WaitFifoStateUntilTimeout>
 800707e:	b150      	cbz	r0, 8007096 <SPI_EndRxTxTransaction+0x52>
 8007080:	6e23      	ldr	r3, [r4, #96]	@ 0x60
 8007082:	f043 0320 	orr.w	r3, r3, #32
 8007086:	6623      	str	r3, [r4, #96]	@ 0x60
 8007088:	2003      	movs	r0, #3
 800708a:	e004      	b.n	8007096 <SPI_EndRxTxTransaction+0x52>
 800708c:	6e23      	ldr	r3, [r4, #96]	@ 0x60
 800708e:	f043 0320 	orr.w	r3, r3, #32
 8007092:	6623      	str	r3, [r4, #96]	@ 0x60
 8007094:	2003      	movs	r0, #3
 8007096:	b002      	add	sp, #8
 8007098:	bd70      	pop	{r4, r5, r6, pc}
 800709a:	6e23      	ldr	r3, [r4, #96]	@ 0x60
 800709c:	f043 0320 	orr.w	r3, r3, #32
 80070a0:	6623      	str	r3, [r4, #96]	@ 0x60
 80070a2:	2003      	movs	r0, #3
 80070a4:	e7f7      	b.n	8007096 <SPI_EndRxTxTransaction+0x52>

080070a6 <HAL_SPI_Init>:
 80070a6:	2800      	cmp	r0, #0
 80070a8:	d06a      	beq.n	8007180 <HAL_SPI_Init+0xda>
 80070aa:	b510      	push	{r4, lr}
 80070ac:	4604      	mov	r4, r0
 80070ae:	6a43      	ldr	r3, [r0, #36]	@ 0x24
 80070b0:	b933      	cbnz	r3, 80070c0 <HAL_SPI_Init+0x1a>
 80070b2:	6843      	ldr	r3, [r0, #4]
 80070b4:	f5b3 7f82 	cmp.w	r3, #260	@ 0x104
 80070b8:	d005      	beq.n	80070c6 <HAL_SPI_Init+0x20>
 80070ba:	2300      	movs	r3, #0
 80070bc:	61c3      	str	r3, [r0, #28]
 80070be:	e002      	b.n	80070c6 <HAL_SPI_Init+0x20>
 80070c0:	2300      	movs	r3, #0
 80070c2:	6103      	str	r3, [r0, #16]
 80070c4:	6143      	str	r3, [r0, #20]
 80070c6:	2300      	movs	r3, #0
 80070c8:	62a3      	str	r3, [r4, #40]	@ 0x28
 80070ca:	f894 305d 	ldrb.w	r3, [r4, #93]	@ 0x5d
 80070ce:	2b00      	cmp	r3, #0
 80070d0:	d04d      	beq.n	800716e <HAL_SPI_Init+0xc8>
 80070d2:	2302      	movs	r3, #2
 80070d4:	f884 305d 	strb.w	r3, [r4, #93]	@ 0x5d
 80070d8:	6822      	ldr	r2, [r4, #0]
 80070da:	6813      	ldr	r3, [r2, #0]
 80070dc:	f023 0340 	bic.w	r3, r3, #64	@ 0x40
 80070e0:	6013      	str	r3, [r2, #0]
 80070e2:	68e3      	ldr	r3, [r4, #12]
 80070e4:	f5b3 6fe0 	cmp.w	r3, #1792	@ 0x700
 80070e8:	d947      	bls.n	800717a <HAL_SPI_Init+0xd4>
 80070ea:	2200      	movs	r2, #0
 80070ec:	f5b3 6f70 	cmp.w	r3, #3840	@ 0xf00
 80070f0:	d004      	beq.n	80070fc <HAL_SPI_Init+0x56>
 80070f2:	f5b3 6fe0 	cmp.w	r3, #1792	@ 0x700
 80070f6:	d001      	beq.n	80070fc <HAL_SPI_Init+0x56>
 80070f8:	2300      	movs	r3, #0
 80070fa:	62a3      	str	r3, [r4, #40]	@ 0x28
 80070fc:	6863      	ldr	r3, [r4, #4]
 80070fe:	f403 7382 	and.w	r3, r3, #260	@ 0x104
 8007102:	68a1      	ldr	r1, [r4, #8]
 8007104:	f401 4104 	and.w	r1, r1, #33792	@ 0x8400
 8007108:	430b      	orrs	r3, r1
 800710a:	6921      	ldr	r1, [r4, #16]
 800710c:	f001 0102 	and.w	r1, r1, #2
 8007110:	430b      	orrs	r3, r1
 8007112:	6961      	ldr	r1, [r4, #20]
 8007114:	f001 0101 	and.w	r1, r1, #1
 8007118:	430b      	orrs	r3, r1
 800711a:	69a1      	ldr	r1, [r4, #24]
 800711c:	f401 7100 	and.w	r1, r1, #512	@ 0x200
 8007120:	430b      	orrs	r3, r1
 8007122:	69e1      	ldr	r1, [r4, #28]
 8007124:	f001 0138 	and.w	r1, r1, #56	@ 0x38
 8007128:	430b      	orrs	r3, r1
 800712a:	6a21      	ldr	r1, [r4, #32]
 800712c:	f001 0180 	and.w	r1, r1, #128	@ 0x80
 8007130:	430b      	orrs	r3, r1
 8007132:	6aa1      	ldr	r1, [r4, #40]	@ 0x28
 8007134:	f401 5100 	and.w	r1, r1, #8192	@ 0x2000
 8007138:	6820      	ldr	r0, [r4, #0]
 800713a:	430b      	orrs	r3, r1
 800713c:	6003      	str	r3, [r0, #0]
 800713e:	8b63      	ldrh	r3, [r4, #26]
 8007140:	f003 0304 	and.w	r3, r3, #4
 8007144:	6a61      	ldr	r1, [r4, #36]	@ 0x24
 8007146:	f001 0110 	and.w	r1, r1, #16
 800714a:	430b      	orrs	r3, r1
 800714c:	6b61      	ldr	r1, [r4, #52]	@ 0x34
 800714e:	f001 0108 	and.w	r1, r1, #8
 8007152:	430b      	orrs	r3, r1
 8007154:	68e1      	ldr	r1, [r4, #12]
 8007156:	f401 6170 	and.w	r1, r1, #3840	@ 0xf00
 800715a:	430b      	orrs	r3, r1
 800715c:	6821      	ldr	r1, [r4, #0]
 800715e:	4313      	orrs	r3, r2
 8007160:	604b      	str	r3, [r1, #4]
 8007162:	2000      	movs	r0, #0
 8007164:	6620      	str	r0, [r4, #96]	@ 0x60
 8007166:	2301      	movs	r3, #1
 8007168:	f884 305d 	strb.w	r3, [r4, #93]	@ 0x5d
 800716c:	bd10      	pop	{r4, pc}
 800716e:	f884 305c 	strb.w	r3, [r4, #92]	@ 0x5c
 8007172:	4620      	mov	r0, r4
 8007174:	f7fc fc9e 	bl	8003ab4 <HAL_SPI_MspInit>
 8007178:	e7ab      	b.n	80070d2 <HAL_SPI_Init+0x2c>
 800717a:	f44f 5280 	mov.w	r2, #4096	@ 0x1000
 800717e:	e7b5      	b.n	80070ec <HAL_SPI_Init+0x46>
 8007180:	2001      	movs	r0, #1
 8007182:	4770      	bx	lr

08007184 <HAL_SPI_TransmitReceive>:
 8007184:	e92d 43f8 	stmdb	sp!, {r3, r4, r5, r6, r7, r8, r9, lr}
 8007188:	4604      	mov	r4, r0
 800718a:	460f      	mov	r7, r1
 800718c:	4691      	mov	r9, r2
 800718e:	4698      	mov	r8, r3
 8007190:	9d08      	ldr	r5, [sp, #32]
 8007192:	f7fc feaf 	bl	8003ef4 <HAL_GetTick>
 8007196:	4606      	mov	r6, r0
 8007198:	f894 305d 	ldrb.w	r3, [r4, #93]	@ 0x5d
 800719c:	6862      	ldr	r2, [r4, #4]
 800719e:	2b01      	cmp	r3, #1
 80071a0:	d00b      	beq.n	80071ba <HAL_SPI_TransmitReceive+0x36>
 80071a2:	b2d9      	uxtb	r1, r3
 80071a4:	f5b2 7f82 	cmp.w	r2, #260	@ 0x104
 80071a8:	f040 8164 	bne.w	8007474 <HAL_SPI_TransmitReceive+0x2f0>
 80071ac:	68a3      	ldr	r3, [r4, #8]
 80071ae:	2b00      	cmp	r3, #0
 80071b0:	f040 8163 	bne.w	800747a <HAL_SPI_TransmitReceive+0x2f6>
 80071b4:	2904      	cmp	r1, #4
 80071b6:	f040 8162 	bne.w	800747e <HAL_SPI_TransmitReceive+0x2fa>
 80071ba:	2f00      	cmp	r7, #0
 80071bc:	f000 8161 	beq.w	8007482 <HAL_SPI_TransmitReceive+0x2fe>
 80071c0:	464b      	mov	r3, r9
 80071c2:	2b00      	cmp	r3, #0
 80071c4:	f000 815f 	beq.w	8007486 <HAL_SPI_TransmitReceive+0x302>
 80071c8:	4643      	mov	r3, r8
 80071ca:	2b00      	cmp	r3, #0
 80071cc:	f000 815d 	beq.w	800748a <HAL_SPI_TransmitReceive+0x306>
 80071d0:	f894 305c 	ldrb.w	r3, [r4, #92]	@ 0x5c
 80071d4:	2b01      	cmp	r3, #1
 80071d6:	f000 815a 	beq.w	800748e <HAL_SPI_TransmitReceive+0x30a>
 80071da:	2301      	movs	r3, #1
 80071dc:	f884 305c 	strb.w	r3, [r4, #92]	@ 0x5c
 80071e0:	f894 305d 	ldrb.w	r3, [r4, #93]	@ 0x5d
 80071e4:	2b04      	cmp	r3, #4
 80071e6:	d002      	beq.n	80071ee <HAL_SPI_TransmitReceive+0x6a>
 80071e8:	2305      	movs	r3, #5
 80071ea:	f884 305d 	strb.w	r3, [r4, #93]	@ 0x5d
 80071ee:	2300      	movs	r3, #0
 80071f0:	6623      	str	r3, [r4, #96]	@ 0x60
 80071f2:	f8c4 9040 	str.w	r9, [r4, #64]	@ 0x40
 80071f6:	4642      	mov	r2, r8
 80071f8:	f8a4 8046 	strh.w	r8, [r4, #70]	@ 0x46
 80071fc:	f8a4 8044 	strh.w	r8, [r4, #68]	@ 0x44
 8007200:	63a7      	str	r7, [r4, #56]	@ 0x38
 8007202:	f8a4 803e 	strh.w	r8, [r4, #62]	@ 0x3e
 8007206:	f8a4 803c 	strh.w	r8, [r4, #60]	@ 0x3c
 800720a:	64e3      	str	r3, [r4, #76]	@ 0x4c
 800720c:	6523      	str	r3, [r4, #80]	@ 0x50
 800720e:	68e3      	ldr	r3, [r4, #12]
 8007210:	f5b3 6fe0 	cmp.w	r3, #1792	@ 0x700
 8007214:	d801      	bhi.n	800721a <HAL_SPI_TransmitReceive+0x96>
 8007216:	2a01      	cmp	r2, #1
 8007218:	d925      	bls.n	8007266 <HAL_SPI_TransmitReceive+0xe2>
 800721a:	6822      	ldr	r2, [r4, #0]
 800721c:	6853      	ldr	r3, [r2, #4]
 800721e:	f423 5380 	bic.w	r3, r3, #4096	@ 0x1000
 8007222:	6053      	str	r3, [r2, #4]
 8007224:	6823      	ldr	r3, [r4, #0]
 8007226:	681a      	ldr	r2, [r3, #0]
 8007228:	f012 0f40 	tst.w	r2, #64	@ 0x40
 800722c:	d103      	bne.n	8007236 <HAL_SPI_TransmitReceive+0xb2>
 800722e:	681a      	ldr	r2, [r3, #0]
 8007230:	f042 0240 	orr.w	r2, r2, #64	@ 0x40
 8007234:	601a      	str	r2, [r3, #0]
 8007236:	68e3      	ldr	r3, [r4, #12]
 8007238:	f5b3 6fe0 	cmp.w	r3, #1792	@ 0x700
 800723c:	d962      	bls.n	8007304 <HAL_SPI_TransmitReceive+0x180>
 800723e:	6863      	ldr	r3, [r4, #4]
 8007240:	b113      	cbz	r3, 8007248 <HAL_SPI_TransmitReceive+0xc4>
 8007242:	4643      	mov	r3, r8
 8007244:	2b01      	cmp	r3, #1
 8007246:	d10b      	bne.n	8007260 <HAL_SPI_TransmitReceive+0xdc>
 8007248:	6ba2      	ldr	r2, [r4, #56]	@ 0x38
 800724a:	6823      	ldr	r3, [r4, #0]
 800724c:	8812      	ldrh	r2, [r2, #0]
 800724e:	60da      	str	r2, [r3, #12]
 8007250:	6ba3      	ldr	r3, [r4, #56]	@ 0x38
 8007252:	3302      	adds	r3, #2
 8007254:	63a3      	str	r3, [r4, #56]	@ 0x38
 8007256:	8fe3      	ldrh	r3, [r4, #62]	@ 0x3e
 8007258:	b29b      	uxth	r3, r3
 800725a:	3b01      	subs	r3, #1
 800725c:	b29b      	uxth	r3, r3
 800725e:	87e3      	strh	r3, [r4, #62]	@ 0x3e
 8007260:	2301      	movs	r3, #1
 8007262:	461f      	mov	r7, r3
 8007264:	e031      	b.n	80072ca <HAL_SPI_TransmitReceive+0x146>
 8007266:	6822      	ldr	r2, [r4, #0]
 8007268:	6853      	ldr	r3, [r2, #4]
 800726a:	f443 5380 	orr.w	r3, r3, #4096	@ 0x1000
 800726e:	6053      	str	r3, [r2, #4]
 8007270:	e7d8      	b.n	8007224 <HAL_SPI_TransmitReceive+0xa0>
 8007272:	6ba2      	ldr	r2, [r4, #56]	@ 0x38
 8007274:	8812      	ldrh	r2, [r2, #0]
 8007276:	60da      	str	r2, [r3, #12]
 8007278:	6ba3      	ldr	r3, [r4, #56]	@ 0x38
 800727a:	3302      	adds	r3, #2
 800727c:	63a3      	str	r3, [r4, #56]	@ 0x38
 800727e:	8fe3      	ldrh	r3, [r4, #62]	@ 0x3e
 8007280:	b29b      	uxth	r3, r3
 8007282:	3b01      	subs	r3, #1
 8007284:	b29b      	uxth	r3, r3
 8007286:	87e3      	strh	r3, [r4, #62]	@ 0x3e
 8007288:	2300      	movs	r3, #0
 800728a:	461f      	mov	r7, r3
 800728c:	6822      	ldr	r2, [r4, #0]
 800728e:	6893      	ldr	r3, [r2, #8]
 8007290:	f013 0301 	ands.w	r3, r3, #1
 8007294:	d011      	beq.n	80072ba <HAL_SPI_TransmitReceive+0x136>
 8007296:	f8b4 1046 	ldrh.w	r1, [r4, #70]	@ 0x46
 800729a:	b289      	uxth	r1, r1
 800729c:	b169      	cbz	r1, 80072ba <HAL_SPI_TransmitReceive+0x136>
 800729e:	68d1      	ldr	r1, [r2, #12]
 80072a0:	6c22      	ldr	r2, [r4, #64]	@ 0x40
 80072a2:	8011      	strh	r1, [r2, #0]
 80072a4:	6c22      	ldr	r2, [r4, #64]	@ 0x40
 80072a6:	3202      	adds	r2, #2
 80072a8:	6422      	str	r2, [r4, #64]	@ 0x40
 80072aa:	f8b4 2046 	ldrh.w	r2, [r4, #70]	@ 0x46
 80072ae:	b292      	uxth	r2, r2
 80072b0:	3a01      	subs	r2, #1
 80072b2:	b292      	uxth	r2, r2
 80072b4:	f8a4 2046 	strh.w	r2, [r4, #70]	@ 0x46
 80072b8:	461f      	mov	r7, r3
 80072ba:	f7fc fe1b 	bl	8003ef4 <HAL_GetTick>
 80072be:	1b83      	subs	r3, r0, r6
 80072c0:	42ab      	cmp	r3, r5
 80072c2:	d302      	bcc.n	80072ca <HAL_SPI_TransmitReceive+0x146>
 80072c4:	f1b5 3fff 	cmp.w	r5, #4294967295
 80072c8:	d114      	bne.n	80072f4 <HAL_SPI_TransmitReceive+0x170>
 80072ca:	8fe3      	ldrh	r3, [r4, #62]	@ 0x3e
 80072cc:	b29b      	uxth	r3, r3
 80072ce:	b92b      	cbnz	r3, 80072dc <HAL_SPI_TransmitReceive+0x158>
 80072d0:	f8b4 3046 	ldrh.w	r3, [r4, #70]	@ 0x46
 80072d4:	b29b      	uxth	r3, r3
 80072d6:	2b00      	cmp	r3, #0
 80072d8:	f000 80b5 	beq.w	8007446 <HAL_SPI_TransmitReceive+0x2c2>
 80072dc:	6823      	ldr	r3, [r4, #0]
 80072de:	689a      	ldr	r2, [r3, #8]
 80072e0:	f012 0f02 	tst.w	r2, #2
 80072e4:	d0d2      	beq.n	800728c <HAL_SPI_TransmitReceive+0x108>
 80072e6:	8fe2      	ldrh	r2, [r4, #62]	@ 0x3e
 80072e8:	b292      	uxth	r2, r2
 80072ea:	2a00      	cmp	r2, #0
 80072ec:	d0ce      	beq.n	800728c <HAL_SPI_TransmitReceive+0x108>
 80072ee:	2f00      	cmp	r7, #0
 80072f0:	d0cc      	beq.n	800728c <HAL_SPI_TransmitReceive+0x108>
 80072f2:	e7be      	b.n	8007272 <HAL_SPI_TransmitReceive+0xee>
 80072f4:	2301      	movs	r3, #1
 80072f6:	f884 305d 	strb.w	r3, [r4, #93]	@ 0x5d
 80072fa:	2300      	movs	r3, #0
 80072fc:	f884 305c 	strb.w	r3, [r4, #92]	@ 0x5c
 8007300:	2003      	movs	r0, #3
 8007302:	e0b8      	b.n	8007476 <HAL_SPI_TransmitReceive+0x2f2>
 8007304:	6863      	ldr	r3, [r4, #4]
 8007306:	b113      	cbz	r3, 800730e <HAL_SPI_TransmitReceive+0x18a>
 8007308:	4643      	mov	r3, r8
 800730a:	2b01      	cmp	r3, #1
 800730c:	d10f      	bne.n	800732e <HAL_SPI_TransmitReceive+0x1aa>
 800730e:	8fe3      	ldrh	r3, [r4, #62]	@ 0x3e
 8007310:	b29b      	uxth	r3, r3
 8007312:	2b01      	cmp	r3, #1
 8007314:	d90e      	bls.n	8007334 <HAL_SPI_TransmitReceive+0x1b0>
 8007316:	6ba2      	ldr	r2, [r4, #56]	@ 0x38
 8007318:	6823      	ldr	r3, [r4, #0]
 800731a:	8812      	ldrh	r2, [r2, #0]
 800731c:	60da      	str	r2, [r3, #12]
 800731e:	6ba3      	ldr	r3, [r4, #56]	@ 0x38
 8007320:	3302      	adds	r3, #2
 8007322:	63a3      	str	r3, [r4, #56]	@ 0x38
 8007324:	8fe3      	ldrh	r3, [r4, #62]	@ 0x3e
 8007326:	b29b      	uxth	r3, r3
 8007328:	3b02      	subs	r3, #2
 800732a:	b29b      	uxth	r3, r3
 800732c:	87e3      	strh	r3, [r4, #62]	@ 0x3e
 800732e:	2301      	movs	r3, #1
 8007330:	461f      	mov	r7, r3
 8007332:	e04b      	b.n	80073cc <HAL_SPI_TransmitReceive+0x248>
 8007334:	6ba2      	ldr	r2, [r4, #56]	@ 0x38
 8007336:	6823      	ldr	r3, [r4, #0]
 8007338:	7812      	ldrb	r2, [r2, #0]
 800733a:	731a      	strb	r2, [r3, #12]
 800733c:	6ba3      	ldr	r3, [r4, #56]	@ 0x38
 800733e:	3301      	adds	r3, #1
 8007340:	63a3      	str	r3, [r4, #56]	@ 0x38
 8007342:	8fe3      	ldrh	r3, [r4, #62]	@ 0x3e
 8007344:	b29b      	uxth	r3, r3
 8007346:	3b01      	subs	r3, #1
 8007348:	b29b      	uxth	r3, r3
 800734a:	87e3      	strh	r3, [r4, #62]	@ 0x3e
 800734c:	e7ef      	b.n	800732e <HAL_SPI_TransmitReceive+0x1aa>
 800734e:	8fe2      	ldrh	r2, [r4, #62]	@ 0x3e
 8007350:	b292      	uxth	r2, r2
 8007352:	2a01      	cmp	r2, #1
 8007354:	d90d      	bls.n	8007372 <HAL_SPI_TransmitReceive+0x1ee>
 8007356:	6ba2      	ldr	r2, [r4, #56]	@ 0x38
 8007358:	8812      	ldrh	r2, [r2, #0]
 800735a:	60da      	str	r2, [r3, #12]
 800735c:	6ba3      	ldr	r3, [r4, #56]	@ 0x38
 800735e:	3302      	adds	r3, #2
 8007360:	63a3      	str	r3, [r4, #56]	@ 0x38
 8007362:	8fe3      	ldrh	r3, [r4, #62]	@ 0x3e
 8007364:	b29b      	uxth	r3, r3
 8007366:	3b02      	subs	r3, #2
 8007368:	b29b      	uxth	r3, r3
 800736a:	87e3      	strh	r3, [r4, #62]	@ 0x3e
 800736c:	2300      	movs	r3, #0
 800736e:	461f      	mov	r7, r3
 8007370:	e03e      	b.n	80073f0 <HAL_SPI_TransmitReceive+0x26c>
 8007372:	6ba2      	ldr	r2, [r4, #56]	@ 0x38
 8007374:	7812      	ldrb	r2, [r2, #0]
 8007376:	731a      	strb	r2, [r3, #12]
 8007378:	6ba3      	ldr	r3, [r4, #56]	@ 0x38
 800737a:	3301      	adds	r3, #1
 800737c:	63a3      	str	r3, [r4, #56]	@ 0x38
 800737e:	8fe3      	ldrh	r3, [r4, #62]	@ 0x3e
 8007380:	b29b      	uxth	r3, r3
 8007382:	3b01      	subs	r3, #1
 8007384:	b29b      	uxth	r3, r3
 8007386:	87e3      	strh	r3, [r4, #62]	@ 0x3e
 8007388:	2300      	movs	r3, #0
 800738a:	461f      	mov	r7, r3
 800738c:	e030      	b.n	80073f0 <HAL_SPI_TransmitReceive+0x26c>
 800738e:	6821      	ldr	r1, [r4, #0]
 8007390:	684a      	ldr	r2, [r1, #4]
 8007392:	f442 5280 	orr.w	r2, r2, #4096	@ 0x1000
 8007396:	604a      	str	r2, [r1, #4]
 8007398:	461f      	mov	r7, r3
 800739a:	e00d      	b.n	80073b8 <HAL_SPI_TransmitReceive+0x234>
 800739c:	6c21      	ldr	r1, [r4, #64]	@ 0x40
 800739e:	7b12      	ldrb	r2, [r2, #12]
 80073a0:	700a      	strb	r2, [r1, #0]
 80073a2:	6c22      	ldr	r2, [r4, #64]	@ 0x40
 80073a4:	3201      	adds	r2, #1
 80073a6:	6422      	str	r2, [r4, #64]	@ 0x40
 80073a8:	f8b4 2046 	ldrh.w	r2, [r4, #70]	@ 0x46
 80073ac:	b292      	uxth	r2, r2
 80073ae:	3a01      	subs	r2, #1
 80073b0:	b292      	uxth	r2, r2
 80073b2:	f8a4 2046 	strh.w	r2, [r4, #70]	@ 0x46
 80073b6:	461f      	mov	r7, r3
 80073b8:	f7fc fd9c 	bl	8003ef4 <HAL_GetTick>
 80073bc:	1b80      	subs	r0, r0, r6
 80073be:	42a8      	cmp	r0, r5
 80073c0:	d302      	bcc.n	80073c8 <HAL_SPI_TransmitReceive+0x244>
 80073c2:	f1b5 3fff 	cmp.w	r5, #4294967295
 80073c6:	d136      	bne.n	8007436 <HAL_SPI_TransmitReceive+0x2b2>
 80073c8:	2d00      	cmp	r5, #0
 80073ca:	d034      	beq.n	8007436 <HAL_SPI_TransmitReceive+0x2b2>
 80073cc:	8fe3      	ldrh	r3, [r4, #62]	@ 0x3e
 80073ce:	b29b      	uxth	r3, r3
 80073d0:	b923      	cbnz	r3, 80073dc <HAL_SPI_TransmitReceive+0x258>
 80073d2:	f8b4 3046 	ldrh.w	r3, [r4, #70]	@ 0x46
 80073d6:	b29b      	uxth	r3, r3
 80073d8:	2b00      	cmp	r3, #0
 80073da:	d034      	beq.n	8007446 <HAL_SPI_TransmitReceive+0x2c2>
 80073dc:	6823      	ldr	r3, [r4, #0]
 80073de:	689a      	ldr	r2, [r3, #8]
 80073e0:	f012 0f02 	tst.w	r2, #2
 80073e4:	d004      	beq.n	80073f0 <HAL_SPI_TransmitReceive+0x26c>
 80073e6:	8fe2      	ldrh	r2, [r4, #62]	@ 0x3e
 80073e8:	b292      	uxth	r2, r2
 80073ea:	b10a      	cbz	r2, 80073f0 <HAL_SPI_TransmitReceive+0x26c>
 80073ec:	2f00      	cmp	r7, #0
 80073ee:	d1ae      	bne.n	800734e <HAL_SPI_TransmitReceive+0x1ca>
 80073f0:	6822      	ldr	r2, [r4, #0]
 80073f2:	6893      	ldr	r3, [r2, #8]
 80073f4:	f013 0301 	ands.w	r3, r3, #1
 80073f8:	d0de      	beq.n	80073b8 <HAL_SPI_TransmitReceive+0x234>
 80073fa:	f8b4 1046 	ldrh.w	r1, [r4, #70]	@ 0x46
 80073fe:	b289      	uxth	r1, r1
 8007400:	2900      	cmp	r1, #0
 8007402:	d0d9      	beq.n	80073b8 <HAL_SPI_TransmitReceive+0x234>
 8007404:	f8b4 1046 	ldrh.w	r1, [r4, #70]	@ 0x46
 8007408:	b289      	uxth	r1, r1
 800740a:	2901      	cmp	r1, #1
 800740c:	d9c6      	bls.n	800739c <HAL_SPI_TransmitReceive+0x218>
 800740e:	68d1      	ldr	r1, [r2, #12]
 8007410:	6c22      	ldr	r2, [r4, #64]	@ 0x40
 8007412:	8011      	strh	r1, [r2, #0]
 8007414:	6c22      	ldr	r2, [r4, #64]	@ 0x40
 8007416:	3202      	adds	r2, #2
 8007418:	6422      	str	r2, [r4, #64]	@ 0x40
 800741a:	f8b4 2046 	ldrh.w	r2, [r4, #70]	@ 0x46
 800741e:	b292      	uxth	r2, r2
 8007420:	3a02      	subs	r2, #2
 8007422:	b292      	uxth	r2, r2
 8007424:	f8a4 2046 	strh.w	r2, [r4, #70]	@ 0x46
 8007428:	f8b4 2046 	ldrh.w	r2, [r4, #70]	@ 0x46
 800742c:	b292      	uxth	r2, r2
 800742e:	2a01      	cmp	r2, #1
 8007430:	d9ad      	bls.n	800738e <HAL_SPI_TransmitReceive+0x20a>
 8007432:	461f      	mov	r7, r3
 8007434:	e7c0      	b.n	80073b8 <HAL_SPI_TransmitReceive+0x234>
 8007436:	2301      	movs	r3, #1
 8007438:	f884 305d 	strb.w	r3, [r4, #93]	@ 0x5d
 800743c:	2300      	movs	r3, #0
 800743e:	f884 305c 	strb.w	r3, [r4, #92]	@ 0x5c
 8007442:	2003      	movs	r0, #3
 8007444:	e017      	b.n	8007476 <HAL_SPI_TransmitReceive+0x2f2>
 8007446:	4632      	mov	r2, r6
 8007448:	4629      	mov	r1, r5
 800744a:	4620      	mov	r0, r4
 800744c:	f7ff fdfa 	bl	8007044 <SPI_EndRxTxTransaction>
 8007450:	b948      	cbnz	r0, 8007466 <HAL_SPI_TransmitReceive+0x2e2>
 8007452:	2301      	movs	r3, #1
 8007454:	f884 305d 	strb.w	r3, [r4, #93]	@ 0x5d
 8007458:	2300      	movs	r3, #0
 800745a:	f884 305c 	strb.w	r3, [r4, #92]	@ 0x5c
 800745e:	6e23      	ldr	r3, [r4, #96]	@ 0x60
 8007460:	b14b      	cbz	r3, 8007476 <HAL_SPI_TransmitReceive+0x2f2>
 8007462:	2001      	movs	r0, #1
 8007464:	e007      	b.n	8007476 <HAL_SPI_TransmitReceive+0x2f2>
 8007466:	2320      	movs	r3, #32
 8007468:	6623      	str	r3, [r4, #96]	@ 0x60
 800746a:	2300      	movs	r3, #0
 800746c:	f884 305c 	strb.w	r3, [r4, #92]	@ 0x5c
 8007470:	2001      	movs	r0, #1
 8007472:	e000      	b.n	8007476 <HAL_SPI_TransmitReceive+0x2f2>
 8007474:	2002      	movs	r0, #2
 8007476:	e8bd 83f8 	ldmia.w	sp!, {r3, r4, r5, r6, r7, r8, r9, pc}
 800747a:	2002      	movs	r0, #2
 800747c:	e7fb      	b.n	8007476 <HAL_SPI_TransmitReceive+0x2f2>
 800747e:	2002      	movs	r0, #2
 8007480:	e7f9      	b.n	8007476 <HAL_SPI_TransmitReceive+0x2f2>
 8007482:	2001      	movs	r0, #1
 8007484:	e7f7      	b.n	8007476 <HAL_SPI_TransmitReceive+0x2f2>
 8007486:	2001      	movs	r0, #1
 8007488:	e7f5      	b.n	8007476 <HAL_SPI_TransmitReceive+0x2f2>
 800748a:	2001      	movs	r0, #1
 800748c:	e7f3      	b.n	8007476 <HAL_SPI_TransmitReceive+0x2f2>
 800748e:	2002      	movs	r0, #2
 8007490:	e7f1      	b.n	8007476 <HAL_SPI_TransmitReceive+0x2f2>

08007492 <NMI_Handler>:
 8007492:	e7fe      	b.n	8007492 <NMI_Handler>

08007494 <HardFault_Handler>:
 8007494:	e7fe      	b.n	8007494 <HardFault_Handler>

08007496 <MemManage_Handler>:
 8007496:	e7fe      	b.n	8007496 <MemManage_Handler>

08007498 <BusFault_Handler>:
 8007498:	e7fe      	b.n	8007498 <BusFault_Handler>

0800749a <UsageFault_Handler>:
 800749a:	e7fe      	b.n	800749a <UsageFault_Handler>

0800749c <SVC_Handler>:
 800749c:	4770      	bx	lr

0800749e <DebugMon_Handler>:
 800749e:	4770      	bx	lr

080074a0 <PendSV_Handler>:
 80074a0:	4770      	bx	lr

080074a2 <SysTick_Handler>:
 80074a2:	b508      	push	{r3, lr}
 80074a4:	f7fc fd1a 	bl	8003edc <HAL_IncTick>
 80074a8:	bd08      	pop	{r3, pc}
	...

080074ac <USB_LP_IRQHandler>:
 80074ac:	b508      	push	{r3, lr}
 80074ae:	4802      	ldr	r0, [pc, #8]	@ (80074b8 <USB_LP_IRQHandler+0xc>)
 80074b0:	f7fe f9bb 	bl	800582a <HAL_PCD_IRQHandler>
 80074b4:	bd08      	pop	{r3, pc}
 80074b6:	bf00      	nop
 80074b8:	20001d04 	.word	0x20001d04

080074bc <HSEM_IRQHandler>:
 80074bc:	b508      	push	{r3, lr}
 80074be:	f7fc feb1 	bl	8004224 <HAL_HSEM_IRQHandler>
 80074c2:	bd08      	pop	{r3, pc}

080074c4 <IPCC_C1_RX_IRQHandler>:
 80074c4:	b508      	push	{r3, lr}
 80074c6:	f7fb fc65 	bl	8002d94 <HW_IPCC_Rx_Handler>
 80074ca:	bd08      	pop	{r3, pc}

080074cc <IPCC_C1_TX_IRQHandler>:
 80074cc:	b508      	push	{r3, lr}
 80074ce:	f7fb fbf5 	bl	8002cbc <HW_IPCC_Tx_Handler>
 80074d2:	bd08      	pop	{r3, pc}

080074d4 <USB_EnableGlobalInt>:
 80074d4:	4603      	mov	r3, r0
 80074d6:	2000      	movs	r0, #0
 80074d8:	f8a3 0044 	strh.w	r0, [r3, #68]	@ 0x44
 80074dc:	f64b 7280 	movw	r2, #49024	@ 0xbf80
 80074e0:	f8a3 2040 	strh.w	r2, [r3, #64]	@ 0x40
 80074e4:	4770      	bx	lr

080074e6 <USB_DisableGlobalInt>:
 80074e6:	f8b0 3040 	ldrh.w	r3, [r0, #64]	@ 0x40
 80074ea:	b29b      	uxth	r3, r3
 80074ec:	f423 537e 	bic.w	r3, r3, #16256	@ 0x3f80
 80074f0:	045b      	lsls	r3, r3, #17
 80074f2:	0c5b      	lsrs	r3, r3, #17
 80074f4:	f8a0 3040 	strh.w	r3, [r0, #64]	@ 0x40
 80074f8:	2000      	movs	r0, #0
 80074fa:	4770      	bx	lr

080074fc <USB_DevInit>:
 80074fc:	b082      	sub	sp, #8
 80074fe:	4603      	mov	r3, r0
 8007500:	a802      	add	r0, sp, #8
 8007502:	e900 0006 	stmdb	r0, {r1, r2}
 8007506:	2201      	movs	r2, #1
 8007508:	f8a3 2040 	strh.w	r2, [r3, #64]	@ 0x40
 800750c:	2000      	movs	r0, #0
 800750e:	f8a3 0040 	strh.w	r0, [r3, #64]	@ 0x40
 8007512:	f8a3 0044 	strh.w	r0, [r3, #68]	@ 0x44
 8007516:	f8a3 0050 	strh.w	r0, [r3, #80]	@ 0x50
 800751a:	b002      	add	sp, #8
 800751c:	4770      	bx	lr

0800751e <USB_ActivateEndpoint>:
 800751e:	b500      	push	{lr}
 8007520:	4603      	mov	r3, r0
 8007522:	f891 c000 	ldrb.w	ip, [r1]
 8007526:	f830 202c 	ldrh.w	r2, [r0, ip, lsl #2]
 800752a:	b292      	uxth	r2, r2
 800752c:	f422 42ec 	bic.w	r2, r2, #30208	@ 0x7600
 8007530:	f022 0270 	bic.w	r2, r2, #112	@ 0x70
 8007534:	b292      	uxth	r2, r2
 8007536:	78c8      	ldrb	r0, [r1, #3]
 8007538:	2802      	cmp	r0, #2
 800753a:	d067      	beq.n	800760c <USB_ActivateEndpoint+0xee>
 800753c:	d808      	bhi.n	8007550 <USB_ActivateEndpoint+0x32>
 800753e:	b178      	cbz	r0, 8007560 <USB_ActivateEndpoint+0x42>
 8007540:	2801      	cmp	r0, #1
 8007542:	d103      	bne.n	800754c <USB_ActivateEndpoint+0x2e>
 8007544:	f442 6280 	orr.w	r2, r2, #1024	@ 0x400
 8007548:	2000      	movs	r0, #0
 800754a:	e00b      	b.n	8007564 <USB_ActivateEndpoint+0x46>
 800754c:	2001      	movs	r0, #1
 800754e:	e009      	b.n	8007564 <USB_ActivateEndpoint+0x46>
 8007550:	2803      	cmp	r0, #3
 8007552:	d103      	bne.n	800755c <USB_ActivateEndpoint+0x3e>
 8007554:	f442 62c0 	orr.w	r2, r2, #1536	@ 0x600
 8007558:	2000      	movs	r0, #0
 800755a:	e003      	b.n	8007564 <USB_ActivateEndpoint+0x46>
 800755c:	2001      	movs	r0, #1
 800755e:	e001      	b.n	8007564 <USB_ActivateEndpoint+0x46>
 8007560:	f442 7200 	orr.w	r2, r2, #512	@ 0x200
 8007564:	f248 0e80 	movw	lr, #32896	@ 0x8080
 8007568:	ea42 020e 	orr.w	r2, r2, lr
 800756c:	f823 202c 	strh.w	r2, [r3, ip, lsl #2]
 8007570:	f891 c000 	ldrb.w	ip, [r1]
 8007574:	f833 202c 	ldrh.w	r2, [r3, ip, lsl #2]
 8007578:	b292      	uxth	r2, r2
 800757a:	f422 42e0 	bic.w	r2, r2, #28672	@ 0x7000
 800757e:	f022 0270 	bic.w	r2, r2, #112	@ 0x70
 8007582:	ea4c 0202 	orr.w	r2, ip, r2
 8007586:	ea42 020e 	orr.w	r2, r2, lr
 800758a:	f823 202c 	strh.w	r2, [r3, ip, lsl #2]
 800758e:	7b0a      	ldrb	r2, [r1, #12]
 8007590:	2a00      	cmp	r2, #0
 8007592:	f040 80dc 	bne.w	800774e <USB_ActivateEndpoint+0x230>
 8007596:	784a      	ldrb	r2, [r1, #1]
 8007598:	2a00      	cmp	r2, #0
 800759a:	d048      	beq.n	800762e <USB_ActivateEndpoint+0x110>
 800759c:	f8b3 2050 	ldrh.w	r2, [r3, #80]	@ 0x50
 80075a0:	fa13 f282 	uxtah	r2, r3, r2
 80075a4:	f891 c000 	ldrb.w	ip, [r1]
 80075a8:	eb02 02cc 	add.w	r2, r2, ip, lsl #3
 80075ac:	f8b1 c006 	ldrh.w	ip, [r1, #6]
 80075b0:	ea4f 0c5c 	mov.w	ip, ip, lsr #1
 80075b4:	ea4f 0c4c 	mov.w	ip, ip, lsl #1
 80075b8:	f8a2 c400 	strh.w	ip, [r2, #1024]	@ 0x400
 80075bc:	f891 c000 	ldrb.w	ip, [r1]
 80075c0:	f833 202c 	ldrh.w	r2, [r3, ip, lsl #2]
 80075c4:	f012 0f40 	tst.w	r2, #64	@ 0x40
 80075c8:	d00c      	beq.n	80075e4 <USB_ActivateEndpoint+0xc6>
 80075ca:	f833 202c 	ldrh.w	r2, [r3, ip, lsl #2]
 80075ce:	b292      	uxth	r2, r2
 80075d0:	f422 42e0 	bic.w	r2, r2, #28672	@ 0x7000
 80075d4:	f022 0270 	bic.w	r2, r2, #112	@ 0x70
 80075d8:	f442 4200 	orr.w	r2, r2, #32768	@ 0x8000
 80075dc:	f042 02c0 	orr.w	r2, r2, #192	@ 0xc0
 80075e0:	f823 202c 	strh.w	r2, [r3, ip, lsl #2]
 80075e4:	78ca      	ldrb	r2, [r1, #3]
 80075e6:	2a01      	cmp	r2, #1
 80075e8:	d012      	beq.n	8007610 <USB_ActivateEndpoint+0xf2>
 80075ea:	7809      	ldrb	r1, [r1, #0]
 80075ec:	f833 2021 	ldrh.w	r2, [r3, r1, lsl #2]
 80075f0:	b292      	uxth	r2, r2
 80075f2:	f422 42e0 	bic.w	r2, r2, #28672	@ 0x7000
 80075f6:	f022 0240 	bic.w	r2, r2, #64	@ 0x40
 80075fa:	f082 0220 	eor.w	r2, r2, #32
 80075fe:	f442 4200 	orr.w	r2, r2, #32768	@ 0x8000
 8007602:	f042 0280 	orr.w	r2, r2, #128	@ 0x80
 8007606:	f823 2021 	strh.w	r2, [r3, r1, lsl #2]
 800760a:	e1d8      	b.n	80079be <USB_ActivateEndpoint+0x4a0>
 800760c:	2000      	movs	r0, #0
 800760e:	e7a9      	b.n	8007564 <USB_ActivateEndpoint+0x46>
 8007610:	7809      	ldrb	r1, [r1, #0]
 8007612:	f833 2021 	ldrh.w	r2, [r3, r1, lsl #2]
 8007616:	b292      	uxth	r2, r2
 8007618:	f422 42e0 	bic.w	r2, r2, #28672	@ 0x7000
 800761c:	f022 0240 	bic.w	r2, r2, #64	@ 0x40
 8007620:	f442 4200 	orr.w	r2, r2, #32768	@ 0x8000
 8007624:	f042 0280 	orr.w	r2, r2, #128	@ 0x80
 8007628:	f823 2021 	strh.w	r2, [r3, r1, lsl #2]
 800762c:	e1c7      	b.n	80079be <USB_ActivateEndpoint+0x4a0>
 800762e:	f8b3 2050 	ldrh.w	r2, [r3, #80]	@ 0x50
 8007632:	fa13 f282 	uxtah	r2, r3, r2
 8007636:	f891 c000 	ldrb.w	ip, [r1]
 800763a:	eb02 02cc 	add.w	r2, r2, ip, lsl #3
 800763e:	f8b1 c006 	ldrh.w	ip, [r1, #6]
 8007642:	ea4f 0c5c 	mov.w	ip, ip, lsr #1
 8007646:	ea4f 0c4c 	mov.w	ip, ip, lsl #1
 800764a:	f8a2 c404 	strh.w	ip, [r2, #1028]	@ 0x404
 800764e:	f8b3 2050 	ldrh.w	r2, [r3, #80]	@ 0x50
 8007652:	fa13 f282 	uxtah	r2, r3, r2
 8007656:	f891 c000 	ldrb.w	ip, [r1]
 800765a:	eb02 02cc 	add.w	r2, r2, ip, lsl #3
 800765e:	f8b2 c406 	ldrh.w	ip, [r2, #1030]	@ 0x406
 8007662:	f3cc 0c09 	ubfx	ip, ip, #0, #10
 8007666:	f8a2 c406 	strh.w	ip, [r2, #1030]	@ 0x406
 800766a:	f8d1 c010 	ldr.w	ip, [r1, #16]
 800766e:	f1bc 0f00 	cmp.w	ip, #0
 8007672:	d12f      	bne.n	80076d4 <USB_ActivateEndpoint+0x1b6>
 8007674:	f8b2 c406 	ldrh.w	ip, [r2, #1030]	@ 0x406
 8007678:	ea6f 4c4c 	mvn.w	ip, ip, lsl #17
 800767c:	ea6f 4c5c 	mvn.w	ip, ip, lsr #17
 8007680:	fa1f fc8c 	uxth.w	ip, ip
 8007684:	f8a2 c406 	strh.w	ip, [r2, #1030]	@ 0x406
 8007688:	f891 c000 	ldrb.w	ip, [r1]
 800768c:	f833 202c 	ldrh.w	r2, [r3, ip, lsl #2]
 8007690:	f412 4f80 	tst.w	r2, #16384	@ 0x4000
 8007694:	d00c      	beq.n	80076b0 <USB_ActivateEndpoint+0x192>
 8007696:	f833 202c 	ldrh.w	r2, [r3, ip, lsl #2]
 800769a:	b292      	uxth	r2, r2
 800769c:	f422 42e0 	bic.w	r2, r2, #28672	@ 0x7000
 80076a0:	f022 0270 	bic.w	r2, r2, #112	@ 0x70
 80076a4:	f442 4240 	orr.w	r2, r2, #49152	@ 0xc000
 80076a8:	f042 0280 	orr.w	r2, r2, #128	@ 0x80
 80076ac:	f823 202c 	strh.w	r2, [r3, ip, lsl #2]
 80076b0:	7809      	ldrb	r1, [r1, #0]
 80076b2:	bbe1      	cbnz	r1, 800772e <USB_ActivateEndpoint+0x210>
 80076b4:	f833 2021 	ldrh.w	r2, [r3, r1, lsl #2]
 80076b8:	b292      	uxth	r2, r2
 80076ba:	f422 4280 	bic.w	r2, r2, #16384	@ 0x4000
 80076be:	f022 0270 	bic.w	r2, r2, #112	@ 0x70
 80076c2:	f482 5240 	eor.w	r2, r2, #12288	@ 0x3000
 80076c6:	f442 4200 	orr.w	r2, r2, #32768	@ 0x8000
 80076ca:	f042 0280 	orr.w	r2, r2, #128	@ 0x80
 80076ce:	f823 2021 	strh.w	r2, [r3, r1, lsl #2]
 80076d2:	e174      	b.n	80079be <USB_ActivateEndpoint+0x4a0>
 80076d4:	f1bc 0f3e 	cmp.w	ip, #62	@ 0x3e
 80076d8:	d813      	bhi.n	8007702 <USB_ActivateEndpoint+0x1e4>
 80076da:	ea4f 0e5c 	mov.w	lr, ip, lsr #1
 80076de:	f01c 0f01 	tst.w	ip, #1
 80076e2:	d001      	beq.n	80076e8 <USB_ActivateEndpoint+0x1ca>
 80076e4:	f10e 0e01 	add.w	lr, lr, #1
 80076e8:	f8b2 c406 	ldrh.w	ip, [r2, #1030]	@ 0x406
 80076ec:	fa1f fc8c 	uxth.w	ip, ip
 80076f0:	ea4f 2e8e 	mov.w	lr, lr, lsl #10
 80076f4:	fa1f fe8e 	uxth.w	lr, lr
 80076f8:	ea4c 0c0e 	orr.w	ip, ip, lr
 80076fc:	f8a2 c406 	strh.w	ip, [r2, #1030]	@ 0x406
 8007700:	e7c2      	b.n	8007688 <USB_ActivateEndpoint+0x16a>
 8007702:	ea4f 1e5c 	mov.w	lr, ip, lsr #5
 8007706:	f01c 0f1f 	tst.w	ip, #31
 800770a:	d101      	bne.n	8007710 <USB_ActivateEndpoint+0x1f2>
 800770c:	f10e 3eff 	add.w	lr, lr, #4294967295
 8007710:	f8b2 c406 	ldrh.w	ip, [r2, #1030]	@ 0x406
 8007714:	fa1f fc8c 	uxth.w	ip, ip
 8007718:	ea4f 2e8e 	mov.w	lr, lr, lsl #10
 800771c:	fa1f fe8e 	uxth.w	lr, lr
 8007720:	ea4c 0c0e 	orr.w	ip, ip, lr
 8007724:	f44c 4c00 	orr.w	ip, ip, #32768	@ 0x8000
 8007728:	f8a2 c406 	strh.w	ip, [r2, #1030]	@ 0x406
 800772c:	e7ac      	b.n	8007688 <USB_ActivateEndpoint+0x16a>
 800772e:	f833 2021 	ldrh.w	r2, [r3, r1, lsl #2]
 8007732:	b292      	uxth	r2, r2
 8007734:	f422 4280 	bic.w	r2, r2, #16384	@ 0x4000
 8007738:	f022 0270 	bic.w	r2, r2, #112	@ 0x70
 800773c:	f482 5200 	eor.w	r2, r2, #8192	@ 0x2000
 8007740:	f442 4200 	orr.w	r2, r2, #32768	@ 0x8000
 8007744:	f042 0280 	orr.w	r2, r2, #128	@ 0x80
 8007748:	f823 2021 	strh.w	r2, [r3, r1, lsl #2]
 800774c:	e137      	b.n	80079be <USB_ActivateEndpoint+0x4a0>
 800774e:	78ca      	ldrb	r2, [r1, #3]
 8007750:	2a02      	cmp	r2, #2
 8007752:	d07b      	beq.n	800784c <USB_ActivateEndpoint+0x32e>
 8007754:	f891 c000 	ldrb.w	ip, [r1]
 8007758:	f833 202c 	ldrh.w	r2, [r3, ip, lsl #2]
 800775c:	b292      	uxth	r2, r2
 800775e:	f422 42e2 	bic.w	r2, r2, #28928	@ 0x7100
 8007762:	f022 0270 	bic.w	r2, r2, #112	@ 0x70
 8007766:	f442 4200 	orr.w	r2, r2, #32768	@ 0x8000
 800776a:	f042 0280 	orr.w	r2, r2, #128	@ 0x80
 800776e:	f823 202c 	strh.w	r2, [r3, ip, lsl #2]
 8007772:	f8b3 2050 	ldrh.w	r2, [r3, #80]	@ 0x50
 8007776:	fa13 f282 	uxtah	r2, r3, r2
 800777a:	f891 c000 	ldrb.w	ip, [r1]
 800777e:	eb02 02cc 	add.w	r2, r2, ip, lsl #3
 8007782:	f8b1 c008 	ldrh.w	ip, [r1, #8]
 8007786:	ea4f 0c5c 	mov.w	ip, ip, lsr #1
 800778a:	ea4f 0c4c 	mov.w	ip, ip, lsl #1
 800778e:	f8a2 c400 	strh.w	ip, [r2, #1024]	@ 0x400
 8007792:	f8b3 2050 	ldrh.w	r2, [r3, #80]	@ 0x50
 8007796:	fa13 f282 	uxtah	r2, r3, r2
 800779a:	f891 c000 	ldrb.w	ip, [r1]
 800779e:	eb02 02cc 	add.w	r2, r2, ip, lsl #3
 80077a2:	f8b1 c00a 	ldrh.w	ip, [r1, #10]
 80077a6:	ea4f 0c5c 	mov.w	ip, ip, lsr #1
 80077aa:	ea4f 0c4c 	mov.w	ip, ip, lsl #1
 80077ae:	f8a2 c404 	strh.w	ip, [r2, #1028]	@ 0x404
 80077b2:	784a      	ldrb	r2, [r1, #1]
 80077b4:	2a00      	cmp	r2, #0
 80077b6:	f040 8110 	bne.w	80079da <USB_ActivateEndpoint+0x4bc>
 80077ba:	f891 c000 	ldrb.w	ip, [r1]
 80077be:	f833 202c 	ldrh.w	r2, [r3, ip, lsl #2]
 80077c2:	f412 4f80 	tst.w	r2, #16384	@ 0x4000
 80077c6:	d00c      	beq.n	80077e2 <USB_ActivateEndpoint+0x2c4>
 80077c8:	f833 202c 	ldrh.w	r2, [r3, ip, lsl #2]
 80077cc:	b292      	uxth	r2, r2
 80077ce:	f422 42e0 	bic.w	r2, r2, #28672	@ 0x7000
 80077d2:	f022 0270 	bic.w	r2, r2, #112	@ 0x70
 80077d6:	f442 4240 	orr.w	r2, r2, #49152	@ 0xc000
 80077da:	f042 0280 	orr.w	r2, r2, #128	@ 0x80
 80077de:	f823 202c 	strh.w	r2, [r3, ip, lsl #2]
 80077e2:	f891 c000 	ldrb.w	ip, [r1]
 80077e6:	f833 202c 	ldrh.w	r2, [r3, ip, lsl #2]
 80077ea:	f012 0f40 	tst.w	r2, #64	@ 0x40
 80077ee:	d00c      	beq.n	800780a <USB_ActivateEndpoint+0x2ec>
 80077f0:	f833 202c 	ldrh.w	r2, [r3, ip, lsl #2]
 80077f4:	b292      	uxth	r2, r2
 80077f6:	f422 42e0 	bic.w	r2, r2, #28672	@ 0x7000
 80077fa:	f022 0270 	bic.w	r2, r2, #112	@ 0x70
 80077fe:	f442 4200 	orr.w	r2, r2, #32768	@ 0x8000
 8007802:	f042 02c0 	orr.w	r2, r2, #192	@ 0xc0
 8007806:	f823 202c 	strh.w	r2, [r3, ip, lsl #2]
 800780a:	784a      	ldrb	r2, [r1, #1]
 800780c:	2a00      	cmp	r2, #0
 800780e:	d15a      	bne.n	80078c6 <USB_ActivateEndpoint+0x3a8>
 8007810:	f8b3 2050 	ldrh.w	r2, [r3, #80]	@ 0x50
 8007814:	fa13 f282 	uxtah	r2, r3, r2
 8007818:	f891 c000 	ldrb.w	ip, [r1]
 800781c:	eb02 02cc 	add.w	r2, r2, ip, lsl #3
 8007820:	f8b2 c402 	ldrh.w	ip, [r2, #1026]	@ 0x402
 8007824:	f3cc 0c09 	ubfx	ip, ip, #0, #10
 8007828:	f8a2 c402 	strh.w	ip, [r2, #1026]	@ 0x402
 800782c:	f8d1 c010 	ldr.w	ip, [r1, #16]
 8007830:	f1bc 0f00 	cmp.w	ip, #0
 8007834:	d11a      	bne.n	800786c <USB_ActivateEndpoint+0x34e>
 8007836:	f8b2 c402 	ldrh.w	ip, [r2, #1026]	@ 0x402
 800783a:	ea6f 4c4c 	mvn.w	ip, ip, lsl #17
 800783e:	ea6f 4c5c 	mvn.w	ip, ip, lsr #17
 8007842:	fa1f fc8c 	uxth.w	ip, ip
 8007846:	f8a2 c402 	strh.w	ip, [r2, #1026]	@ 0x402
 800784a:	e03e      	b.n	80078ca <USB_ActivateEndpoint+0x3ac>
 800784c:	f891 c000 	ldrb.w	ip, [r1]
 8007850:	f833 202c 	ldrh.w	r2, [r3, ip, lsl #2]
 8007854:	b292      	uxth	r2, r2
 8007856:	f422 42e0 	bic.w	r2, r2, #28672	@ 0x7000
 800785a:	f022 0270 	bic.w	r2, r2, #112	@ 0x70
 800785e:	f442 4201 	orr.w	r2, r2, #33024	@ 0x8100
 8007862:	f042 0280 	orr.w	r2, r2, #128	@ 0x80
 8007866:	f823 202c 	strh.w	r2, [r3, ip, lsl #2]
 800786a:	e782      	b.n	8007772 <USB_ActivateEndpoint+0x254>
 800786c:	f1bc 0f3e 	cmp.w	ip, #62	@ 0x3e
 8007870:	d813      	bhi.n	800789a <USB_ActivateEndpoint+0x37c>
 8007872:	ea4f 0e5c 	mov.w	lr, ip, lsr #1
 8007876:	f01c 0f01 	tst.w	ip, #1
 800787a:	d001      	beq.n	8007880 <USB_ActivateEndpoint+0x362>
 800787c:	f10e 0e01 	add.w	lr, lr, #1
 8007880:	f8b2 c402 	ldrh.w	ip, [r2, #1026]	@ 0x402
 8007884:	fa1f fc8c 	uxth.w	ip, ip
 8007888:	ea4f 2e8e 	mov.w	lr, lr, lsl #10
 800788c:	fa1f fe8e 	uxth.w	lr, lr
 8007890:	ea4c 0c0e 	orr.w	ip, ip, lr
 8007894:	f8a2 c402 	strh.w	ip, [r2, #1026]	@ 0x402
 8007898:	e017      	b.n	80078ca <USB_ActivateEndpoint+0x3ac>
 800789a:	ea4f 1e5c 	mov.w	lr, ip, lsr #5
 800789e:	f01c 0f1f 	tst.w	ip, #31
 80078a2:	d101      	bne.n	80078a8 <USB_ActivateEndpoint+0x38a>
 80078a4:	f10e 3eff 	add.w	lr, lr, #4294967295
 80078a8:	f8b2 c402 	ldrh.w	ip, [r2, #1026]	@ 0x402
 80078ac:	fa1f fc8c 	uxth.w	ip, ip
 80078b0:	ea4f 2e8e 	mov.w	lr, lr, lsl #10
 80078b4:	fa1f fe8e 	uxth.w	lr, lr
 80078b8:	ea4c 0c0e 	orr.w	ip, ip, lr
 80078bc:	f44c 4c00 	orr.w	ip, ip, #32768	@ 0x8000
 80078c0:	f8a2 c402 	strh.w	ip, [r2, #1026]	@ 0x402
 80078c4:	e001      	b.n	80078ca <USB_ActivateEndpoint+0x3ac>
 80078c6:	2a01      	cmp	r2, #1
 80078c8:	d020      	beq.n	800790c <USB_ActivateEndpoint+0x3ee>
 80078ca:	784a      	ldrb	r2, [r1, #1]
 80078cc:	2a00      	cmp	r2, #0
 80078ce:	d157      	bne.n	8007980 <USB_ActivateEndpoint+0x462>
 80078d0:	f8b3 2050 	ldrh.w	r2, [r3, #80]	@ 0x50
 80078d4:	fa13 f282 	uxtah	r2, r3, r2
 80078d8:	f891 c000 	ldrb.w	ip, [r1]
 80078dc:	eb02 02cc 	add.w	r2, r2, ip, lsl #3
 80078e0:	f8b2 c406 	ldrh.w	ip, [r2, #1030]	@ 0x406
 80078e4:	f3cc 0c09 	ubfx	ip, ip, #0, #10
 80078e8:	f8a2 c406 	strh.w	ip, [r2, #1030]	@ 0x406
 80078ec:	f8d1 c010 	ldr.w	ip, [r1, #16]
 80078f0:	f1bc 0f00 	cmp.w	ip, #0
 80078f4:	d117      	bne.n	8007926 <USB_ActivateEndpoint+0x408>
 80078f6:	f8b2 c406 	ldrh.w	ip, [r2, #1030]	@ 0x406
 80078fa:	ea6f 4c4c 	mvn.w	ip, ip, lsl #17
 80078fe:	ea6f 4c5c 	mvn.w	ip, ip, lsr #17
 8007902:	fa1f fc8c 	uxth.w	ip, ip
 8007906:	f8a2 c406 	strh.w	ip, [r2, #1030]	@ 0x406
 800790a:	e03b      	b.n	8007984 <USB_ActivateEndpoint+0x466>
 800790c:	f8b3 2050 	ldrh.w	r2, [r3, #80]	@ 0x50
 8007910:	fa13 f282 	uxtah	r2, r3, r2
 8007914:	f891 c000 	ldrb.w	ip, [r1]
 8007918:	eb02 02cc 	add.w	r2, r2, ip, lsl #3
 800791c:	f8b1 c010 	ldrh.w	ip, [r1, #16]
 8007920:	f8a2 c402 	strh.w	ip, [r2, #1026]	@ 0x402
 8007924:	e7d1      	b.n	80078ca <USB_ActivateEndpoint+0x3ac>
 8007926:	f1bc 0f3e 	cmp.w	ip, #62	@ 0x3e
 800792a:	d813      	bhi.n	8007954 <USB_ActivateEndpoint+0x436>
 800792c:	ea4f 0e5c 	mov.w	lr, ip, lsr #1
 8007930:	f01c 0f01 	tst.w	ip, #1
 8007934:	d001      	beq.n	800793a <USB_ActivateEndpoint+0x41c>
 8007936:	f10e 0e01 	add.w	lr, lr, #1
 800793a:	f8b2 c406 	ldrh.w	ip, [r2, #1030]	@ 0x406
 800793e:	fa1f fc8c 	uxth.w	ip, ip
 8007942:	ea4f 2e8e 	mov.w	lr, lr, lsl #10
 8007946:	fa1f fe8e 	uxth.w	lr, lr
 800794a:	ea4c 0c0e 	orr.w	ip, ip, lr
 800794e:	f8a2 c406 	strh.w	ip, [r2, #1030]	@ 0x406
 8007952:	e017      	b.n	8007984 <USB_ActivateEndpoint+0x466>
 8007954:	ea4f 1e5c 	mov.w	lr, ip, lsr #5
 8007958:	f01c 0f1f 	tst.w	ip, #31
 800795c:	d101      	bne.n	8007962 <USB_ActivateEndpoint+0x444>
 800795e:	f10e 3eff 	add.w	lr, lr, #4294967295
 8007962:	f8b2 c406 	ldrh.w	ip, [r2, #1030]	@ 0x406
 8007966:	fa1f fc8c 	uxth.w	ip, ip
 800796a:	ea4f 2e8e 	mov.w	lr, lr, lsl #10
 800796e:	fa1f fe8e 	uxth.w	lr, lr
 8007972:	ea4c 0c0e 	orr.w	ip, ip, lr
 8007976:	f44c 4c00 	orr.w	ip, ip, #32768	@ 0x8000
 800797a:	f8a2 c406 	strh.w	ip, [r2, #1030]	@ 0x406
 800797e:	e001      	b.n	8007984 <USB_ActivateEndpoint+0x466>
 8007980:	2a01      	cmp	r2, #1
 8007982:	d01d      	beq.n	80079c0 <USB_ActivateEndpoint+0x4a2>
 8007984:	f891 e000 	ldrb.w	lr, [r1]
 8007988:	f833 202e 	ldrh.w	r2, [r3, lr, lsl #2]
 800798c:	b292      	uxth	r2, r2
 800798e:	f422 4280 	bic.w	r2, r2, #16384	@ 0x4000
 8007992:	f022 0270 	bic.w	r2, r2, #112	@ 0x70
 8007996:	f482 5240 	eor.w	r2, r2, #12288	@ 0x3000
 800799a:	f248 0c80 	movw	ip, #32896	@ 0x8080
 800799e:	ea42 020c 	orr.w	r2, r2, ip
 80079a2:	f823 202e 	strh.w	r2, [r3, lr, lsl #2]
 80079a6:	7809      	ldrb	r1, [r1, #0]
 80079a8:	f833 2021 	ldrh.w	r2, [r3, r1, lsl #2]
 80079ac:	b292      	uxth	r2, r2
 80079ae:	f422 42e0 	bic.w	r2, r2, #28672	@ 0x7000
 80079b2:	f022 0240 	bic.w	r2, r2, #64	@ 0x40
 80079b6:	ea42 020c 	orr.w	r2, r2, ip
 80079ba:	f823 2021 	strh.w	r2, [r3, r1, lsl #2]
 80079be:	bd00      	pop	{pc}
 80079c0:	f8b3 2050 	ldrh.w	r2, [r3, #80]	@ 0x50
 80079c4:	fa13 f282 	uxtah	r2, r3, r2
 80079c8:	f891 c000 	ldrb.w	ip, [r1]
 80079cc:	eb02 02cc 	add.w	r2, r2, ip, lsl #3
 80079d0:	f8b1 c010 	ldrh.w	ip, [r1, #16]
 80079d4:	f8a2 c406 	strh.w	ip, [r2, #1030]	@ 0x406
 80079d8:	e7d4      	b.n	8007984 <USB_ActivateEndpoint+0x466>
 80079da:	f891 c000 	ldrb.w	ip, [r1]
 80079de:	f833 202c 	ldrh.w	r2, [r3, ip, lsl #2]
 80079e2:	f412 4f80 	tst.w	r2, #16384	@ 0x4000
 80079e6:	d00c      	beq.n	8007a02 <USB_ActivateEndpoint+0x4e4>
 80079e8:	f833 202c 	ldrh.w	r2, [r3, ip, lsl #2]
 80079ec:	b292      	uxth	r2, r2
 80079ee:	f422 42e0 	bic.w	r2, r2, #28672	@ 0x7000
 80079f2:	f022 0270 	bic.w	r2, r2, #112	@ 0x70
 80079f6:	f442 4240 	orr.w	r2, r2, #49152	@ 0xc000
 80079fa:	f042 0280 	orr.w	r2, r2, #128	@ 0x80
 80079fe:	f823 202c 	strh.w	r2, [r3, ip, lsl #2]
 8007a02:	f891 c000 	ldrb.w	ip, [r1]
 8007a06:	f833 202c 	ldrh.w	r2, [r3, ip, lsl #2]
 8007a0a:	f012 0f40 	tst.w	r2, #64	@ 0x40
 8007a0e:	d00c      	beq.n	8007a2a <USB_ActivateEndpoint+0x50c>
 8007a10:	f833 202c 	ldrh.w	r2, [r3, ip, lsl #2]
 8007a14:	b292      	uxth	r2, r2
 8007a16:	f422 42e0 	bic.w	r2, r2, #28672	@ 0x7000
 8007a1a:	f022 0270 	bic.w	r2, r2, #112	@ 0x70
 8007a1e:	f442 4200 	orr.w	r2, r2, #32768	@ 0x8000
 8007a22:	f042 02c0 	orr.w	r2, r2, #192	@ 0xc0
 8007a26:	f823 202c 	strh.w	r2, [r3, ip, lsl #2]
 8007a2a:	78ca      	ldrb	r2, [r1, #3]
 8007a2c:	2a01      	cmp	r2, #1
 8007a2e:	d01f      	beq.n	8007a70 <USB_ActivateEndpoint+0x552>
 8007a30:	f891 c000 	ldrb.w	ip, [r1]
 8007a34:	f833 202c 	ldrh.w	r2, [r3, ip, lsl #2]
 8007a38:	b292      	uxth	r2, r2
 8007a3a:	f422 42e0 	bic.w	r2, r2, #28672	@ 0x7000
 8007a3e:	f022 0240 	bic.w	r2, r2, #64	@ 0x40
 8007a42:	f082 0220 	eor.w	r2, r2, #32
 8007a46:	f442 4200 	orr.w	r2, r2, #32768	@ 0x8000
 8007a4a:	f042 0280 	orr.w	r2, r2, #128	@ 0x80
 8007a4e:	f823 202c 	strh.w	r2, [r3, ip, lsl #2]
 8007a52:	7809      	ldrb	r1, [r1, #0]
 8007a54:	f833 2021 	ldrh.w	r2, [r3, r1, lsl #2]
 8007a58:	b292      	uxth	r2, r2
 8007a5a:	f422 4280 	bic.w	r2, r2, #16384	@ 0x4000
 8007a5e:	f022 0270 	bic.w	r2, r2, #112	@ 0x70
 8007a62:	f442 4200 	orr.w	r2, r2, #32768	@ 0x8000
 8007a66:	f042 0280 	orr.w	r2, r2, #128	@ 0x80
 8007a6a:	f823 2021 	strh.w	r2, [r3, r1, lsl #2]
 8007a6e:	e7a6      	b.n	80079be <USB_ActivateEndpoint+0x4a0>
 8007a70:	f891 c000 	ldrb.w	ip, [r1]
 8007a74:	f833 202c 	ldrh.w	r2, [r3, ip, lsl #2]
 8007a78:	b292      	uxth	r2, r2
 8007a7a:	f422 42e0 	bic.w	r2, r2, #28672	@ 0x7000
 8007a7e:	f022 0240 	bic.w	r2, r2, #64	@ 0x40
 8007a82:	f442 4200 	orr.w	r2, r2, #32768	@ 0x8000
 8007a86:	f042 0280 	orr.w	r2, r2, #128	@ 0x80
 8007a8a:	f823 202c 	strh.w	r2, [r3, ip, lsl #2]
 8007a8e:	e7e0      	b.n	8007a52 <USB_ActivateEndpoint+0x534>

08007a90 <USB_DeactivateEndpoint>:
 8007a90:	7b0b      	ldrb	r3, [r1, #12]
 8007a92:	2b00      	cmp	r3, #0
 8007a94:	d146      	bne.n	8007b24 <USB_DeactivateEndpoint+0x94>
 8007a96:	784b      	ldrb	r3, [r1, #1]
 8007a98:	b313      	cbz	r3, 8007ae0 <USB_DeactivateEndpoint+0x50>
 8007a9a:	780a      	ldrb	r2, [r1, #0]
 8007a9c:	f830 3022 	ldrh.w	r3, [r0, r2, lsl #2]
 8007aa0:	f013 0f40 	tst.w	r3, #64	@ 0x40
 8007aa4:	d00c      	beq.n	8007ac0 <USB_DeactivateEndpoint+0x30>
 8007aa6:	f830 3022 	ldrh.w	r3, [r0, r2, lsl #2]
 8007aaa:	b29b      	uxth	r3, r3
 8007aac:	f423 43e0 	bic.w	r3, r3, #28672	@ 0x7000
 8007ab0:	f023 0370 	bic.w	r3, r3, #112	@ 0x70
 8007ab4:	f443 4300 	orr.w	r3, r3, #32768	@ 0x8000
 8007ab8:	f043 03c0 	orr.w	r3, r3, #192	@ 0xc0
 8007abc:	f820 3022 	strh.w	r3, [r0, r2, lsl #2]
 8007ac0:	780a      	ldrb	r2, [r1, #0]
 8007ac2:	f830 3022 	ldrh.w	r3, [r0, r2, lsl #2]
 8007ac6:	b29b      	uxth	r3, r3
 8007ac8:	f423 43e0 	bic.w	r3, r3, #28672	@ 0x7000
 8007acc:	f023 0340 	bic.w	r3, r3, #64	@ 0x40
 8007ad0:	f443 4300 	orr.w	r3, r3, #32768	@ 0x8000
 8007ad4:	f043 0380 	orr.w	r3, r3, #128	@ 0x80
 8007ad8:	f820 3022 	strh.w	r3, [r0, r2, lsl #2]
 8007adc:	2000      	movs	r0, #0
 8007ade:	4770      	bx	lr
 8007ae0:	780a      	ldrb	r2, [r1, #0]
 8007ae2:	f830 3022 	ldrh.w	r3, [r0, r2, lsl #2]
 8007ae6:	f413 4f80 	tst.w	r3, #16384	@ 0x4000
 8007aea:	d00c      	beq.n	8007b06 <USB_DeactivateEndpoint+0x76>
 8007aec:	f830 3022 	ldrh.w	r3, [r0, r2, lsl #2]
 8007af0:	b29b      	uxth	r3, r3
 8007af2:	f423 43e0 	bic.w	r3, r3, #28672	@ 0x7000
 8007af6:	f023 0370 	bic.w	r3, r3, #112	@ 0x70
 8007afa:	f443 4340 	orr.w	r3, r3, #49152	@ 0xc000
 8007afe:	f043 0380 	orr.w	r3, r3, #128	@ 0x80
 8007b02:	f820 3022 	strh.w	r3, [r0, r2, lsl #2]
 8007b06:	780a      	ldrb	r2, [r1, #0]
 8007b08:	f830 3022 	ldrh.w	r3, [r0, r2, lsl #2]
 8007b0c:	b29b      	uxth	r3, r3
 8007b0e:	f423 4380 	bic.w	r3, r3, #16384	@ 0x4000
 8007b12:	f023 0370 	bic.w	r3, r3, #112	@ 0x70
 8007b16:	f443 4300 	orr.w	r3, r3, #32768	@ 0x8000
 8007b1a:	f043 0380 	orr.w	r3, r3, #128	@ 0x80
 8007b1e:	f820 3022 	strh.w	r3, [r0, r2, lsl #2]
 8007b22:	e7db      	b.n	8007adc <USB_DeactivateEndpoint+0x4c>
 8007b24:	784b      	ldrb	r3, [r1, #1]
 8007b26:	2b00      	cmp	r3, #0
 8007b28:	d14e      	bne.n	8007bc8 <USB_DeactivateEndpoint+0x138>
 8007b2a:	780a      	ldrb	r2, [r1, #0]
 8007b2c:	f830 3022 	ldrh.w	r3, [r0, r2, lsl #2]
 8007b30:	f413 4f80 	tst.w	r3, #16384	@ 0x4000
 8007b34:	d00c      	beq.n	8007b50 <USB_DeactivateEndpoint+0xc0>
 8007b36:	f830 3022 	ldrh.w	r3, [r0, r2, lsl #2]
 8007b3a:	b29b      	uxth	r3, r3
 8007b3c:	f423 43e0 	bic.w	r3, r3, #28672	@ 0x7000
 8007b40:	f023 0370 	bic.w	r3, r3, #112	@ 0x70
 8007b44:	f443 4340 	orr.w	r3, r3, #49152	@ 0xc000
 8007b48:	f043 0380 	orr.w	r3, r3, #128	@ 0x80
 8007b4c:	f820 3022 	strh.w	r3, [r0, r2, lsl #2]
 8007b50:	780a      	ldrb	r2, [r1, #0]
 8007b52:	f830 3022 	ldrh.w	r3, [r0, r2, lsl #2]
 8007b56:	f013 0f40 	tst.w	r3, #64	@ 0x40
 8007b5a:	d00c      	beq.n	8007b76 <USB_DeactivateEndpoint+0xe6>
 8007b5c:	f830 3022 	ldrh.w	r3, [r0, r2, lsl #2]
 8007b60:	b29b      	uxth	r3, r3
 8007b62:	f423 43e0 	bic.w	r3, r3, #28672	@ 0x7000
 8007b66:	f023 0370 	bic.w	r3, r3, #112	@ 0x70
 8007b6a:	f443 4300 	orr.w	r3, r3, #32768	@ 0x8000
 8007b6e:	f043 03c0 	orr.w	r3, r3, #192	@ 0xc0
 8007b72:	f820 3022 	strh.w	r3, [r0, r2, lsl #2]
 8007b76:	780a      	ldrb	r2, [r1, #0]
 8007b78:	f830 3022 	ldrh.w	r3, [r0, r2, lsl #2]
 8007b7c:	b29b      	uxth	r3, r3
 8007b7e:	f423 43e0 	bic.w	r3, r3, #28672	@ 0x7000
 8007b82:	f023 0370 	bic.w	r3, r3, #112	@ 0x70
 8007b86:	f443 4300 	orr.w	r3, r3, #32768	@ 0x8000
 8007b8a:	f043 03c0 	orr.w	r3, r3, #192	@ 0xc0
 8007b8e:	f820 3022 	strh.w	r3, [r0, r2, lsl #2]
 8007b92:	780a      	ldrb	r2, [r1, #0]
 8007b94:	f830 3022 	ldrh.w	r3, [r0, r2, lsl #2]
 8007b98:	b29b      	uxth	r3, r3
 8007b9a:	f423 4380 	bic.w	r3, r3, #16384	@ 0x4000
 8007b9e:	f023 0370 	bic.w	r3, r3, #112	@ 0x70
 8007ba2:	f248 0c80 	movw	ip, #32896	@ 0x8080
 8007ba6:	ea43 030c 	orr.w	r3, r3, ip
 8007baa:	f820 3022 	strh.w	r3, [r0, r2, lsl #2]
 8007bae:	780a      	ldrb	r2, [r1, #0]
 8007bb0:	f830 3022 	ldrh.w	r3, [r0, r2, lsl #2]
 8007bb4:	b29b      	uxth	r3, r3
 8007bb6:	f423 43e0 	bic.w	r3, r3, #28672	@ 0x7000
 8007bba:	f023 0340 	bic.w	r3, r3, #64	@ 0x40
 8007bbe:	ea43 030c 	orr.w	r3, r3, ip
 8007bc2:	f820 3022 	strh.w	r3, [r0, r2, lsl #2]
 8007bc6:	e789      	b.n	8007adc <USB_DeactivateEndpoint+0x4c>
 8007bc8:	780a      	ldrb	r2, [r1, #0]
 8007bca:	f830 3022 	ldrh.w	r3, [r0, r2, lsl #2]
 8007bce:	f413 4f80 	tst.w	r3, #16384	@ 0x4000
 8007bd2:	d00c      	beq.n	8007bee <USB_DeactivateEndpoint+0x15e>
 8007bd4:	f830 3022 	ldrh.w	r3, [r0, r2, lsl #2]
 8007bd8:	b29b      	uxth	r3, r3
 8007bda:	f423 43e0 	bic.w	r3, r3, #28672	@ 0x7000
 8007bde:	f023 0370 	bic.w	r3, r3, #112	@ 0x70
 8007be2:	f443 4340 	orr.w	r3, r3, #49152	@ 0xc000
 8007be6:	f043 0380 	orr.w	r3, r3, #128	@ 0x80
 8007bea:	f820 3022 	strh.w	r3, [r0, r2, lsl #2]
 8007bee:	780a      	ldrb	r2, [r1, #0]
 8007bf0:	f830 3022 	ldrh.w	r3, [r0, r2, lsl #2]
 8007bf4:	f013 0f40 	tst.w	r3, #64	@ 0x40
 8007bf8:	d00c      	beq.n	8007c14 <USB_DeactivateEndpoint+0x184>
 8007bfa:	f830 3022 	ldrh.w	r3, [r0, r2, lsl #2]
 8007bfe:	b29b      	uxth	r3, r3
 8007c00:	f423 43e0 	bic.w	r3, r3, #28672	@ 0x7000
 8007c04:	f023 0370 	bic.w	r3, r3, #112	@ 0x70
 8007c08:	f443 4300 	orr.w	r3, r3, #32768	@ 0x8000
 8007c0c:	f043 03c0 	orr.w	r3, r3, #192	@ 0xc0
 8007c10:	f820 3022 	strh.w	r3, [r0, r2, lsl #2]
 8007c14:	780a      	ldrb	r2, [r1, #0]
 8007c16:	f830 3022 	ldrh.w	r3, [r0, r2, lsl #2]
 8007c1a:	b29b      	uxth	r3, r3
 8007c1c:	f423 43e0 	bic.w	r3, r3, #28672	@ 0x7000
 8007c20:	f023 0370 	bic.w	r3, r3, #112	@ 0x70
 8007c24:	f443 4340 	orr.w	r3, r3, #49152	@ 0xc000
 8007c28:	f043 0380 	orr.w	r3, r3, #128	@ 0x80
 8007c2c:	f820 3022 	strh.w	r3, [r0, r2, lsl #2]
 8007c30:	780a      	ldrb	r2, [r1, #0]
 8007c32:	f830 3022 	ldrh.w	r3, [r0, r2, lsl #2]
 8007c36:	b29b      	uxth	r3, r3
 8007c38:	f423 43e0 	bic.w	r3, r3, #28672	@ 0x7000
 8007c3c:	f023 0340 	bic.w	r3, r3, #64	@ 0x40
 8007c40:	f248 0c80 	movw	ip, #32896	@ 0x8080
 8007c44:	ea43 030c 	orr.w	r3, r3, ip
 8007c48:	f820 3022 	strh.w	r3, [r0, r2, lsl #2]
 8007c4c:	780a      	ldrb	r2, [r1, #0]
 8007c4e:	f830 3022 	ldrh.w	r3, [r0, r2, lsl #2]
 8007c52:	b29b      	uxth	r3, r3
 8007c54:	f423 4380 	bic.w	r3, r3, #16384	@ 0x4000
 8007c58:	f023 0370 	bic.w	r3, r3, #112	@ 0x70
 8007c5c:	ea43 030c 	orr.w	r3, r3, ip
 8007c60:	f820 3022 	strh.w	r3, [r0, r2, lsl #2]
 8007c64:	e73a      	b.n	8007adc <USB_DeactivateEndpoint+0x4c>

08007c66 <USB_EPSetStall>:
 8007c66:	784b      	ldrb	r3, [r1, #1]
 8007c68:	b18b      	cbz	r3, 8007c8e <USB_EPSetStall+0x28>
 8007c6a:	780a      	ldrb	r2, [r1, #0]
 8007c6c:	f830 3022 	ldrh.w	r3, [r0, r2, lsl #2]
 8007c70:	b29b      	uxth	r3, r3
 8007c72:	f423 43e0 	bic.w	r3, r3, #28672	@ 0x7000
 8007c76:	f023 0340 	bic.w	r3, r3, #64	@ 0x40
 8007c7a:	f083 0310 	eor.w	r3, r3, #16
 8007c7e:	f443 4300 	orr.w	r3, r3, #32768	@ 0x8000
 8007c82:	f043 0380 	orr.w	r3, r3, #128	@ 0x80
 8007c86:	f820 3022 	strh.w	r3, [r0, r2, lsl #2]
 8007c8a:	2000      	movs	r0, #0
 8007c8c:	4770      	bx	lr
 8007c8e:	780a      	ldrb	r2, [r1, #0]
 8007c90:	f830 3022 	ldrh.w	r3, [r0, r2, lsl #2]
 8007c94:	b29b      	uxth	r3, r3
 8007c96:	f423 4380 	bic.w	r3, r3, #16384	@ 0x4000
 8007c9a:	f023 0370 	bic.w	r3, r3, #112	@ 0x70
 8007c9e:	f483 5380 	eor.w	r3, r3, #4096	@ 0x1000
 8007ca2:	f443 4300 	orr.w	r3, r3, #32768	@ 0x8000
 8007ca6:	f043 0380 	orr.w	r3, r3, #128	@ 0x80
 8007caa:	f820 3022 	strh.w	r3, [r0, r2, lsl #2]
 8007cae:	e7ec      	b.n	8007c8a <USB_EPSetStall+0x24>

08007cb0 <USB_EPClearStall>:
 8007cb0:	784b      	ldrb	r3, [r1, #1]
 8007cb2:	b333      	cbz	r3, 8007d02 <USB_EPClearStall+0x52>
 8007cb4:	780a      	ldrb	r2, [r1, #0]
 8007cb6:	f830 3022 	ldrh.w	r3, [r0, r2, lsl #2]
 8007cba:	f013 0f40 	tst.w	r3, #64	@ 0x40
 8007cbe:	d00c      	beq.n	8007cda <USB_EPClearStall+0x2a>
 8007cc0:	f830 3022 	ldrh.w	r3, [r0, r2, lsl #2]
 8007cc4:	b29b      	uxth	r3, r3
 8007cc6:	f423 43e0 	bic.w	r3, r3, #28672	@ 0x7000
 8007cca:	f023 0370 	bic.w	r3, r3, #112	@ 0x70
 8007cce:	f443 4300 	orr.w	r3, r3, #32768	@ 0x8000
 8007cd2:	f043 03c0 	orr.w	r3, r3, #192	@ 0xc0
 8007cd6:	f820 3022 	strh.w	r3, [r0, r2, lsl #2]
 8007cda:	78cb      	ldrb	r3, [r1, #3]
 8007cdc:	2b01      	cmp	r3, #1
 8007cde:	d033      	beq.n	8007d48 <USB_EPClearStall+0x98>
 8007ce0:	780a      	ldrb	r2, [r1, #0]
 8007ce2:	f830 3022 	ldrh.w	r3, [r0, r2, lsl #2]
 8007ce6:	b29b      	uxth	r3, r3
 8007ce8:	f423 43e0 	bic.w	r3, r3, #28672	@ 0x7000
 8007cec:	f023 0340 	bic.w	r3, r3, #64	@ 0x40
 8007cf0:	f083 0320 	eor.w	r3, r3, #32
 8007cf4:	f443 4300 	orr.w	r3, r3, #32768	@ 0x8000
 8007cf8:	f043 0380 	orr.w	r3, r3, #128	@ 0x80
 8007cfc:	f820 3022 	strh.w	r3, [r0, r2, lsl #2]
 8007d00:	e022      	b.n	8007d48 <USB_EPClearStall+0x98>
 8007d02:	780a      	ldrb	r2, [r1, #0]
 8007d04:	f830 3022 	ldrh.w	r3, [r0, r2, lsl #2]
 8007d08:	f413 4f80 	tst.w	r3, #16384	@ 0x4000
 8007d0c:	d00c      	beq.n	8007d28 <USB_EPClearStall+0x78>
 8007d0e:	f830 3022 	ldrh.w	r3, [r0, r2, lsl #2]
 8007d12:	b29b      	uxth	r3, r3
 8007d14:	f423 43e0 	bic.w	r3, r3, #28672	@ 0x7000
 8007d18:	f023 0370 	bic.w	r3, r3, #112	@ 0x70
 8007d1c:	f443 4340 	orr.w	r3, r3, #49152	@ 0xc000
 8007d20:	f043 0380 	orr.w	r3, r3, #128	@ 0x80
 8007d24:	f820 3022 	strh.w	r3, [r0, r2, lsl #2]
 8007d28:	780a      	ldrb	r2, [r1, #0]
 8007d2a:	f830 3022 	ldrh.w	r3, [r0, r2, lsl #2]
 8007d2e:	b29b      	uxth	r3, r3
 8007d30:	f423 4380 	bic.w	r3, r3, #16384	@ 0x4000
 8007d34:	f023 0370 	bic.w	r3, r3, #112	@ 0x70
 8007d38:	f483 5340 	eor.w	r3, r3, #12288	@ 0x3000
 8007d3c:	f443 4300 	orr.w	r3, r3, #32768	@ 0x8000
 8007d40:	f043 0380 	orr.w	r3, r3, #128	@ 0x80
 8007d44:	f820 3022 	strh.w	r3, [r0, r2, lsl #2]
 8007d48:	2000      	movs	r0, #0
 8007d4a:	4770      	bx	lr

08007d4c <USB_SetDevAddress>:
 8007d4c:	b911      	cbnz	r1, 8007d54 <USB_SetDevAddress+0x8>
 8007d4e:	2380      	movs	r3, #128	@ 0x80
 8007d50:	f8a0 304c 	strh.w	r3, [r0, #76]	@ 0x4c
 8007d54:	2000      	movs	r0, #0
 8007d56:	4770      	bx	lr

08007d58 <USB_DevConnect>:
 8007d58:	f8b0 3058 	ldrh.w	r3, [r0, #88]	@ 0x58
 8007d5c:	ea6f 4343 	mvn.w	r3, r3, lsl #17
 8007d60:	ea6f 4353 	mvn.w	r3, r3, lsr #17
 8007d64:	b29b      	uxth	r3, r3
 8007d66:	f8a0 3058 	strh.w	r3, [r0, #88]	@ 0x58
 8007d6a:	2000      	movs	r0, #0
 8007d6c:	4770      	bx	lr

08007d6e <USB_ReadInterrupts>:
 8007d6e:	f8b0 0044 	ldrh.w	r0, [r0, #68]	@ 0x44
 8007d72:	b280      	uxth	r0, r0
 8007d74:	4770      	bx	lr

08007d76 <USB_WritePMA>:
 8007d76:	3301      	adds	r3, #1
 8007d78:	085b      	lsrs	r3, r3, #1
 8007d7a:	4410      	add	r0, r2
 8007d7c:	f500 6080 	add.w	r0, r0, #1024	@ 0x400
 8007d80:	e008      	b.n	8007d94 <USB_WritePMA+0x1e>
 8007d82:	780a      	ldrb	r2, [r1, #0]
 8007d84:	f891 c001 	ldrb.w	ip, [r1, #1]
 8007d88:	ea42 220c 	orr.w	r2, r2, ip, lsl #8
 8007d8c:	f820 2b02 	strh.w	r2, [r0], #2
 8007d90:	3102      	adds	r1, #2
 8007d92:	3b01      	subs	r3, #1
 8007d94:	2b00      	cmp	r3, #0
 8007d96:	d1f4      	bne.n	8007d82 <USB_WritePMA+0xc>
 8007d98:	4770      	bx	lr

08007d9a <USB_EPStartXfer>:
 8007d9a:	b570      	push	{r4, r5, r6, lr}
 8007d9c:	4605      	mov	r5, r0
 8007d9e:	460c      	mov	r4, r1
 8007da0:	784b      	ldrb	r3, [r1, #1]
 8007da2:	2b01      	cmp	r3, #1
 8007da4:	d01a      	beq.n	8007ddc <USB_EPStartXfer+0x42>
 8007da6:	7b0b      	ldrb	r3, [r1, #12]
 8007da8:	2b00      	cmp	r3, #0
 8007daa:	f040 8294 	bne.w	80082d6 <USB_EPStartXfer+0x53c>
 8007dae:	698b      	ldr	r3, [r1, #24]
 8007db0:	2b00      	cmp	r3, #0
 8007db2:	f040 8267 	bne.w	8008284 <USB_EPStartXfer+0x4ea>
 8007db6:	78cb      	ldrb	r3, [r1, #3]
 8007db8:	2b00      	cmp	r3, #0
 8007dba:	f040 8263 	bne.w	8008284 <USB_EPStartXfer+0x4ea>
 8007dbe:	780a      	ldrb	r2, [r1, #0]
 8007dc0:	f830 3022 	ldrh.w	r3, [r0, r2, lsl #2]
 8007dc4:	b29b      	uxth	r3, r3
 8007dc6:	f423 43e0 	bic.w	r3, r3, #28672	@ 0x7000
 8007dca:	f023 0370 	bic.w	r3, r3, #112	@ 0x70
 8007dce:	f443 4301 	orr.w	r3, r3, #33024	@ 0x8100
 8007dd2:	f043 0380 	orr.w	r3, r3, #128	@ 0x80
 8007dd6:	f820 3022 	strh.w	r3, [r0, r2, lsl #2]
 8007dda:	e261      	b.n	80082a0 <USB_EPStartXfer+0x506>
 8007ddc:	698a      	ldr	r2, [r1, #24]
 8007dde:	4611      	mov	r1, r2
 8007de0:	4616      	mov	r6, r2
 8007de2:	6922      	ldr	r2, [r4, #16]
 8007de4:	4291      	cmp	r1, r2
 8007de6:	d900      	bls.n	8007dea <USB_EPStartXfer+0x50>
 8007de8:	4616      	mov	r6, r2
 8007dea:	7b21      	ldrb	r1, [r4, #12]
 8007dec:	b341      	cbz	r1, 8007e40 <USB_EPStartXfer+0xa6>
 8007dee:	78e1      	ldrb	r1, [r4, #3]
 8007df0:	2902      	cmp	r1, #2
 8007df2:	d047      	beq.n	8007e84 <USB_EPStartXfer+0xea>
 8007df4:	6a22      	ldr	r2, [r4, #32]
 8007df6:	1b92      	subs	r2, r2, r6
 8007df8:	6222      	str	r2, [r4, #32]
 8007dfa:	7822      	ldrb	r2, [r4, #0]
 8007dfc:	f835 1022 	ldrh.w	r1, [r5, r2, lsl #2]
 8007e00:	f011 0f40 	tst.w	r1, #64	@ 0x40
 8007e04:	f000 81f6 	beq.w	80081f4 <USB_EPStartXfer+0x45a>
 8007e08:	2b00      	cmp	r3, #0
 8007e0a:	f040 81e3 	bne.w	80081d4 <USB_EPStartXfer+0x43a>
 8007e0e:	f8b5 3050 	ldrh.w	r3, [r5, #80]	@ 0x50
 8007e12:	fa15 f383 	uxtah	r3, r5, r3
 8007e16:	eb03 02c2 	add.w	r2, r3, r2, lsl #3
 8007e1a:	f8b2 3406 	ldrh.w	r3, [r2, #1030]	@ 0x406
 8007e1e:	f3c3 0309 	ubfx	r3, r3, #0, #10
 8007e22:	f8a2 3406 	strh.w	r3, [r2, #1030]	@ 0x406
 8007e26:	2e00      	cmp	r6, #0
 8007e28:	f040 81b4 	bne.w	8008194 <USB_EPStartXfer+0x3fa>
 8007e2c:	f8b2 3406 	ldrh.w	r3, [r2, #1030]	@ 0x406
 8007e30:	ea6f 4343 	mvn.w	r3, r3, lsl #17
 8007e34:	ea6f 4353 	mvn.w	r3, r3, lsr #17
 8007e38:	b29b      	uxth	r3, r3
 8007e3a:	f8a2 3406 	strh.w	r3, [r2, #1030]	@ 0x406
 8007e3e:	e1d2      	b.n	80081e6 <USB_EPStartXfer+0x44c>
 8007e40:	b2b3      	uxth	r3, r6
 8007e42:	461e      	mov	r6, r3
 8007e44:	88e2      	ldrh	r2, [r4, #6]
 8007e46:	6961      	ldr	r1, [r4, #20]
 8007e48:	4628      	mov	r0, r5
 8007e4a:	f7ff ff94 	bl	8007d76 <USB_WritePMA>
 8007e4e:	f8b5 3050 	ldrh.w	r3, [r5, #80]	@ 0x50
 8007e52:	fa15 f383 	uxtah	r3, r5, r3
 8007e56:	7822      	ldrb	r2, [r4, #0]
 8007e58:	eb03 03c2 	add.w	r3, r3, r2, lsl #3
 8007e5c:	f8a3 6402 	strh.w	r6, [r3, #1026]	@ 0x402
 8007e60:	7822      	ldrb	r2, [r4, #0]
 8007e62:	f835 3022 	ldrh.w	r3, [r5, r2, lsl #2]
 8007e66:	b29b      	uxth	r3, r3
 8007e68:	f423 43e0 	bic.w	r3, r3, #28672	@ 0x7000
 8007e6c:	f023 0340 	bic.w	r3, r3, #64	@ 0x40
 8007e70:	f083 0330 	eor.w	r3, r3, #48	@ 0x30
 8007e74:	f443 4300 	orr.w	r3, r3, #32768	@ 0x8000
 8007e78:	f043 0380 	orr.w	r3, r3, #128	@ 0x80
 8007e7c:	f825 3022 	strh.w	r3, [r5, r2, lsl #2]
 8007e80:	2000      	movs	r0, #0
 8007e82:	e224      	b.n	80082ce <USB_EPStartXfer+0x534>
 8007e84:	6a23      	ldr	r3, [r4, #32]
 8007e86:	429a      	cmp	r2, r3
 8007e88:	f080 8166 	bcs.w	8008158 <USB_EPStartXfer+0x3be>
 8007e8c:	7822      	ldrb	r2, [r4, #0]
 8007e8e:	f835 3022 	ldrh.w	r3, [r5, r2, lsl #2]
 8007e92:	b29b      	uxth	r3, r3
 8007e94:	f423 43e0 	bic.w	r3, r3, #28672	@ 0x7000
 8007e98:	f023 0370 	bic.w	r3, r3, #112	@ 0x70
 8007e9c:	f443 4301 	orr.w	r3, r3, #33024	@ 0x8100
 8007ea0:	f043 0380 	orr.w	r3, r3, #128	@ 0x80
 8007ea4:	f825 3022 	strh.w	r3, [r5, r2, lsl #2]
 8007ea8:	6a23      	ldr	r3, [r4, #32]
 8007eaa:	1b9b      	subs	r3, r3, r6
 8007eac:	6223      	str	r3, [r4, #32]
 8007eae:	7823      	ldrb	r3, [r4, #0]
 8007eb0:	f835 2023 	ldrh.w	r2, [r5, r3, lsl #2]
 8007eb4:	f012 0f40 	tst.w	r2, #64	@ 0x40
 8007eb8:	f000 80a7 	beq.w	800800a <USB_EPStartXfer+0x270>
 8007ebc:	7862      	ldrb	r2, [r4, #1]
 8007ebe:	bbb2      	cbnz	r2, 8007f2e <USB_EPStartXfer+0x194>
 8007ec0:	f8b5 2050 	ldrh.w	r2, [r5, #80]	@ 0x50
 8007ec4:	fa15 f282 	uxtah	r2, r5, r2
 8007ec8:	eb02 03c3 	add.w	r3, r2, r3, lsl #3
 8007ecc:	f8b3 2406 	ldrh.w	r2, [r3, #1030]	@ 0x406
 8007ed0:	f3c2 0209 	ubfx	r2, r2, #0, #10
 8007ed4:	f8a3 2406 	strh.w	r2, [r3, #1030]	@ 0x406
 8007ed8:	b94e      	cbnz	r6, 8007eee <USB_EPStartXfer+0x154>
 8007eda:	f8b3 2406 	ldrh.w	r2, [r3, #1030]	@ 0x406
 8007ede:	ea6f 4242 	mvn.w	r2, r2, lsl #17
 8007ee2:	ea6f 4252 	mvn.w	r2, r2, lsr #17
 8007ee6:	b292      	uxth	r2, r2
 8007ee8:	f8a3 2406 	strh.w	r2, [r3, #1030]	@ 0x406
 8007eec:	e021      	b.n	8007f32 <USB_EPStartXfer+0x198>
 8007eee:	2e3e      	cmp	r6, #62	@ 0x3e
 8007ef0:	d80d      	bhi.n	8007f0e <USB_EPStartXfer+0x174>
 8007ef2:	0872      	lsrs	r2, r6, #1
 8007ef4:	f016 0f01 	tst.w	r6, #1
 8007ef8:	d000      	beq.n	8007efc <USB_EPStartXfer+0x162>
 8007efa:	3201      	adds	r2, #1
 8007efc:	f8b3 1406 	ldrh.w	r1, [r3, #1030]	@ 0x406
 8007f00:	b289      	uxth	r1, r1
 8007f02:	0292      	lsls	r2, r2, #10
 8007f04:	b292      	uxth	r2, r2
 8007f06:	430a      	orrs	r2, r1
 8007f08:	f8a3 2406 	strh.w	r2, [r3, #1030]	@ 0x406
 8007f0c:	e011      	b.n	8007f32 <USB_EPStartXfer+0x198>
 8007f0e:	0971      	lsrs	r1, r6, #5
 8007f10:	f016 0f1f 	tst.w	r6, #31
 8007f14:	d100      	bne.n	8007f18 <USB_EPStartXfer+0x17e>
 8007f16:	3901      	subs	r1, #1
 8007f18:	f8b3 2406 	ldrh.w	r2, [r3, #1030]	@ 0x406
 8007f1c:	b292      	uxth	r2, r2
 8007f1e:	0289      	lsls	r1, r1, #10
 8007f20:	b289      	uxth	r1, r1
 8007f22:	430a      	orrs	r2, r1
 8007f24:	f442 4200 	orr.w	r2, r2, #32768	@ 0x8000
 8007f28:	f8a3 2406 	strh.w	r2, [r3, #1030]	@ 0x406
 8007f2c:	e001      	b.n	8007f32 <USB_EPStartXfer+0x198>
 8007f2e:	2a01      	cmp	r2, #1
 8007f30:	d029      	beq.n	8007f86 <USB_EPStartXfer+0x1ec>
 8007f32:	b2b3      	uxth	r3, r6
 8007f34:	8962      	ldrh	r2, [r4, #10]
 8007f36:	6961      	ldr	r1, [r4, #20]
 8007f38:	4628      	mov	r0, r5
 8007f3a:	f7ff ff1c 	bl	8007d76 <USB_WritePMA>
 8007f3e:	6963      	ldr	r3, [r4, #20]
 8007f40:	4433      	add	r3, r6
 8007f42:	6163      	str	r3, [r4, #20]
 8007f44:	6a23      	ldr	r3, [r4, #32]
 8007f46:	6922      	ldr	r2, [r4, #16]
 8007f48:	4293      	cmp	r3, r2
 8007f4a:	d926      	bls.n	8007f9a <USB_EPStartXfer+0x200>
 8007f4c:	1b9b      	subs	r3, r3, r6
 8007f4e:	6223      	str	r3, [r4, #32]
 8007f50:	7863      	ldrb	r3, [r4, #1]
 8007f52:	2b00      	cmp	r3, #0
 8007f54:	d145      	bne.n	8007fe2 <USB_EPStartXfer+0x248>
 8007f56:	f8b5 3050 	ldrh.w	r3, [r5, #80]	@ 0x50
 8007f5a:	fa15 f383 	uxtah	r3, r5, r3
 8007f5e:	7822      	ldrb	r2, [r4, #0]
 8007f60:	eb03 03c2 	add.w	r3, r3, r2, lsl #3
 8007f64:	f8b3 2402 	ldrh.w	r2, [r3, #1026]	@ 0x402
 8007f68:	f3c2 0209 	ubfx	r2, r2, #0, #10
 8007f6c:	f8a3 2402 	strh.w	r2, [r3, #1026]	@ 0x402
 8007f70:	b9be      	cbnz	r6, 8007fa2 <USB_EPStartXfer+0x208>
 8007f72:	f8b3 2402 	ldrh.w	r2, [r3, #1026]	@ 0x402
 8007f76:	ea6f 4242 	mvn.w	r2, r2, lsl #17
 8007f7a:	ea6f 4252 	mvn.w	r2, r2, lsr #17
 8007f7e:	b292      	uxth	r2, r2
 8007f80:	f8a3 2402 	strh.w	r2, [r3, #1026]	@ 0x402
 8007f84:	e02f      	b.n	8007fe6 <USB_EPStartXfer+0x24c>
 8007f86:	f8b5 2050 	ldrh.w	r2, [r5, #80]	@ 0x50
 8007f8a:	fa15 f282 	uxtah	r2, r5, r2
 8007f8e:	eb02 03c3 	add.w	r3, r2, r3, lsl #3
 8007f92:	b2b2      	uxth	r2, r6
 8007f94:	f8a3 2406 	strh.w	r2, [r3, #1030]	@ 0x406
 8007f98:	e7cb      	b.n	8007f32 <USB_EPStartXfer+0x198>
 8007f9a:	2200      	movs	r2, #0
 8007f9c:	6222      	str	r2, [r4, #32]
 8007f9e:	461e      	mov	r6, r3
 8007fa0:	e7d6      	b.n	8007f50 <USB_EPStartXfer+0x1b6>
 8007fa2:	2e3e      	cmp	r6, #62	@ 0x3e
 8007fa4:	d80d      	bhi.n	8007fc2 <USB_EPStartXfer+0x228>
 8007fa6:	0872      	lsrs	r2, r6, #1
 8007fa8:	f016 0f01 	tst.w	r6, #1
 8007fac:	d000      	beq.n	8007fb0 <USB_EPStartXfer+0x216>
 8007fae:	3201      	adds	r2, #1
 8007fb0:	f8b3 1402 	ldrh.w	r1, [r3, #1026]	@ 0x402
 8007fb4:	b289      	uxth	r1, r1
 8007fb6:	0292      	lsls	r2, r2, #10
 8007fb8:	b292      	uxth	r2, r2
 8007fba:	430a      	orrs	r2, r1
 8007fbc:	f8a3 2402 	strh.w	r2, [r3, #1026]	@ 0x402
 8007fc0:	e011      	b.n	8007fe6 <USB_EPStartXfer+0x24c>
 8007fc2:	0971      	lsrs	r1, r6, #5
 8007fc4:	f016 0f1f 	tst.w	r6, #31
 8007fc8:	d100      	bne.n	8007fcc <USB_EPStartXfer+0x232>
 8007fca:	3901      	subs	r1, #1
 8007fcc:	f8b3 2402 	ldrh.w	r2, [r3, #1026]	@ 0x402
 8007fd0:	b292      	uxth	r2, r2
 8007fd2:	0289      	lsls	r1, r1, #10
 8007fd4:	b289      	uxth	r1, r1
 8007fd6:	430a      	orrs	r2, r1
 8007fd8:	f442 4200 	orr.w	r2, r2, #32768	@ 0x8000
 8007fdc:	f8a3 2402 	strh.w	r2, [r3, #1026]	@ 0x402
 8007fe0:	e001      	b.n	8007fe6 <USB_EPStartXfer+0x24c>
 8007fe2:	2b01      	cmp	r3, #1
 8007fe4:	d006      	beq.n	8007ff4 <USB_EPStartXfer+0x25a>
 8007fe6:	b2b3      	uxth	r3, r6
 8007fe8:	8922      	ldrh	r2, [r4, #8]
 8007fea:	6961      	ldr	r1, [r4, #20]
 8007fec:	4628      	mov	r0, r5
 8007fee:	f7ff fec2 	bl	8007d76 <USB_WritePMA>
 8007ff2:	e735      	b.n	8007e60 <USB_EPStartXfer+0xc6>
 8007ff4:	f8b5 3050 	ldrh.w	r3, [r5, #80]	@ 0x50
 8007ff8:	fa15 f383 	uxtah	r3, r5, r3
 8007ffc:	7822      	ldrb	r2, [r4, #0]
 8007ffe:	eb03 03c2 	add.w	r3, r3, r2, lsl #3
 8008002:	b2b2      	uxth	r2, r6
 8008004:	f8a3 2402 	strh.w	r2, [r3, #1026]	@ 0x402
 8008008:	e7ed      	b.n	8007fe6 <USB_EPStartXfer+0x24c>
 800800a:	7862      	ldrb	r2, [r4, #1]
 800800c:	bbb2      	cbnz	r2, 800807c <USB_EPStartXfer+0x2e2>
 800800e:	f8b5 2050 	ldrh.w	r2, [r5, #80]	@ 0x50
 8008012:	fa15 f282 	uxtah	r2, r5, r2
 8008016:	eb02 03c3 	add.w	r3, r2, r3, lsl #3
 800801a:	f8b3 2402 	ldrh.w	r2, [r3, #1026]	@ 0x402
 800801e:	f3c2 0209 	ubfx	r2, r2, #0, #10
 8008022:	f8a3 2402 	strh.w	r2, [r3, #1026]	@ 0x402
 8008026:	b94e      	cbnz	r6, 800803c <USB_EPStartXfer+0x2a2>
 8008028:	f8b3 2402 	ldrh.w	r2, [r3, #1026]	@ 0x402
 800802c:	ea6f 4242 	mvn.w	r2, r2, lsl #17
 8008030:	ea6f 4252 	mvn.w	r2, r2, lsr #17
 8008034:	b292      	uxth	r2, r2
 8008036:	f8a3 2402 	strh.w	r2, [r3, #1026]	@ 0x402
 800803a:	e021      	b.n	8008080 <USB_EPStartXfer+0x2e6>
 800803c:	2e3e      	cmp	r6, #62	@ 0x3e
 800803e:	d80d      	bhi.n	800805c <USB_EPStartXfer+0x2c2>
 8008040:	0872      	lsrs	r2, r6, #1
 8008042:	f016 0f01 	tst.w	r6, #1
 8008046:	d000      	beq.n	800804a <USB_EPStartXfer+0x2b0>
 8008048:	3201      	adds	r2, #1
 800804a:	f8b3 1402 	ldrh.w	r1, [r3, #1026]	@ 0x402
 800804e:	b289      	uxth	r1, r1
 8008050:	0292      	lsls	r2, r2, #10
 8008052:	b292      	uxth	r2, r2
 8008054:	430a      	orrs	r2, r1
 8008056:	f8a3 2402 	strh.w	r2, [r3, #1026]	@ 0x402
 800805a:	e011      	b.n	8008080 <USB_EPStartXfer+0x2e6>
 800805c:	0971      	lsrs	r1, r6, #5
 800805e:	f016 0f1f 	tst.w	r6, #31
 8008062:	d100      	bne.n	8008066 <USB_EPStartXfer+0x2cc>
 8008064:	3901      	subs	r1, #1
 8008066:	f8b3 2402 	ldrh.w	r2, [r3, #1026]	@ 0x402
 800806a:	b292      	uxth	r2, r2
 800806c:	0289      	lsls	r1, r1, #10
 800806e:	b289      	uxth	r1, r1
 8008070:	430a      	orrs	r2, r1
 8008072:	f442 4200 	orr.w	r2, r2, #32768	@ 0x8000
 8008076:	f8a3 2402 	strh.w	r2, [r3, #1026]	@ 0x402
 800807a:	e001      	b.n	8008080 <USB_EPStartXfer+0x2e6>
 800807c:	2a01      	cmp	r2, #1
 800807e:	d029      	beq.n	80080d4 <USB_EPStartXfer+0x33a>
 8008080:	b2b3      	uxth	r3, r6
 8008082:	8922      	ldrh	r2, [r4, #8]
 8008084:	6961      	ldr	r1, [r4, #20]
 8008086:	4628      	mov	r0, r5
 8008088:	f7ff fe75 	bl	8007d76 <USB_WritePMA>
 800808c:	6963      	ldr	r3, [r4, #20]
 800808e:	4433      	add	r3, r6
 8008090:	6163      	str	r3, [r4, #20]
 8008092:	6a23      	ldr	r3, [r4, #32]
 8008094:	6922      	ldr	r2, [r4, #16]
 8008096:	4293      	cmp	r3, r2
 8008098:	d926      	bls.n	80080e8 <USB_EPStartXfer+0x34e>
 800809a:	1b9b      	subs	r3, r3, r6
 800809c:	6223      	str	r3, [r4, #32]
 800809e:	7863      	ldrb	r3, [r4, #1]
 80080a0:	2b00      	cmp	r3, #0
 80080a2:	d145      	bne.n	8008130 <USB_EPStartXfer+0x396>
 80080a4:	f8b5 3050 	ldrh.w	r3, [r5, #80]	@ 0x50
 80080a8:	fa15 f383 	uxtah	r3, r5, r3
 80080ac:	7822      	ldrb	r2, [r4, #0]
 80080ae:	eb03 03c2 	add.w	r3, r3, r2, lsl #3
 80080b2:	f8b3 2406 	ldrh.w	r2, [r3, #1030]	@ 0x406
 80080b6:	f3c2 0209 	ubfx	r2, r2, #0, #10
 80080ba:	f8a3 2406 	strh.w	r2, [r3, #1030]	@ 0x406
 80080be:	b9be      	cbnz	r6, 80080f0 <USB_EPStartXfer+0x356>
 80080c0:	f8b3 2406 	ldrh.w	r2, [r3, #1030]	@ 0x406
 80080c4:	ea6f 4242 	mvn.w	r2, r2, lsl #17
 80080c8:	ea6f 4252 	mvn.w	r2, r2, lsr #17
 80080cc:	b292      	uxth	r2, r2
 80080ce:	f8a3 2406 	strh.w	r2, [r3, #1030]	@ 0x406
 80080d2:	e02f      	b.n	8008134 <USB_EPStartXfer+0x39a>
 80080d4:	f8b5 2050 	ldrh.w	r2, [r5, #80]	@ 0x50
 80080d8:	fa15 f282 	uxtah	r2, r5, r2
 80080dc:	eb02 03c3 	add.w	r3, r2, r3, lsl #3
 80080e0:	b2b2      	uxth	r2, r6
 80080e2:	f8a3 2402 	strh.w	r2, [r3, #1026]	@ 0x402
 80080e6:	e7cb      	b.n	8008080 <USB_EPStartXfer+0x2e6>
 80080e8:	2200      	movs	r2, #0
 80080ea:	6222      	str	r2, [r4, #32]
 80080ec:	461e      	mov	r6, r3
 80080ee:	e7d6      	b.n	800809e <USB_EPStartXfer+0x304>
 80080f0:	2e3e      	cmp	r6, #62	@ 0x3e
 80080f2:	d80d      	bhi.n	8008110 <USB_EPStartXfer+0x376>
 80080f4:	0872      	lsrs	r2, r6, #1
 80080f6:	f016 0f01 	tst.w	r6, #1
 80080fa:	d000      	beq.n	80080fe <USB_EPStartXfer+0x364>
 80080fc:	3201      	adds	r2, #1
 80080fe:	f8b3 1406 	ldrh.w	r1, [r3, #1030]	@ 0x406
 8008102:	b289      	uxth	r1, r1
 8008104:	0292      	lsls	r2, r2, #10
 8008106:	b292      	uxth	r2, r2
 8008108:	430a      	orrs	r2, r1
 800810a:	f8a3 2406 	strh.w	r2, [r3, #1030]	@ 0x406
 800810e:	e011      	b.n	8008134 <USB_EPStartXfer+0x39a>
 8008110:	0971      	lsrs	r1, r6, #5
 8008112:	f016 0f1f 	tst.w	r6, #31
 8008116:	d100      	bne.n	800811a <USB_EPStartXfer+0x380>
 8008118:	3901      	subs	r1, #1
 800811a:	f8b3 2406 	ldrh.w	r2, [r3, #1030]	@ 0x406
 800811e:	b292      	uxth	r2, r2
 8008120:	0289      	lsls	r1, r1, #10
 8008122:	b289      	uxth	r1, r1
 8008124:	430a      	orrs	r2, r1
 8008126:	f442 4200 	orr.w	r2, r2, #32768	@ 0x8000
 800812a:	f8a3 2406 	strh.w	r2, [r3, #1030]	@ 0x406
 800812e:	e001      	b.n	8008134 <USB_EPStartXfer+0x39a>
 8008130:	2b01      	cmp	r3, #1
 8008132:	d006      	beq.n	8008142 <USB_EPStartXfer+0x3a8>
 8008134:	b2b3      	uxth	r3, r6
 8008136:	8962      	ldrh	r2, [r4, #10]
 8008138:	6961      	ldr	r1, [r4, #20]
 800813a:	4628      	mov	r0, r5
 800813c:	f7ff fe1b 	bl	8007d76 <USB_WritePMA>
 8008140:	e68e      	b.n	8007e60 <USB_EPStartXfer+0xc6>
 8008142:	f8b5 3050 	ldrh.w	r3, [r5, #80]	@ 0x50
 8008146:	fa15 f383 	uxtah	r3, r5, r3
 800814a:	7822      	ldrb	r2, [r4, #0]
 800814c:	eb03 03c2 	add.w	r3, r3, r2, lsl #3
 8008150:	b2b2      	uxth	r2, r6
 8008152:	f8a3 2406 	strh.w	r2, [r3, #1030]	@ 0x406
 8008156:	e7ed      	b.n	8008134 <USB_EPStartXfer+0x39a>
 8008158:	7821      	ldrb	r1, [r4, #0]
 800815a:	f835 2021 	ldrh.w	r2, [r5, r1, lsl #2]
 800815e:	b292      	uxth	r2, r2
 8008160:	f422 42e2 	bic.w	r2, r2, #28928	@ 0x7100
 8008164:	f022 0270 	bic.w	r2, r2, #112	@ 0x70
 8008168:	f442 4200 	orr.w	r2, r2, #32768	@ 0x8000
 800816c:	f042 0280 	orr.w	r2, r2, #128	@ 0x80
 8008170:	f825 2021 	strh.w	r2, [r5, r1, lsl #2]
 8008174:	f8b5 2050 	ldrh.w	r2, [r5, #80]	@ 0x50
 8008178:	fa15 f282 	uxtah	r2, r5, r2
 800817c:	7821      	ldrb	r1, [r4, #0]
 800817e:	eb02 02c1 	add.w	r2, r2, r1, lsl #3
 8008182:	b29b      	uxth	r3, r3
 8008184:	f8a2 3402 	strh.w	r3, [r2, #1026]	@ 0x402
 8008188:	8922      	ldrh	r2, [r4, #8]
 800818a:	6961      	ldr	r1, [r4, #20]
 800818c:	4628      	mov	r0, r5
 800818e:	f7ff fdf2 	bl	8007d76 <USB_WritePMA>
 8008192:	e665      	b.n	8007e60 <USB_EPStartXfer+0xc6>
 8008194:	2e3e      	cmp	r6, #62	@ 0x3e
 8008196:	d80d      	bhi.n	80081b4 <USB_EPStartXfer+0x41a>
 8008198:	0873      	lsrs	r3, r6, #1
 800819a:	f016 0f01 	tst.w	r6, #1
 800819e:	d000      	beq.n	80081a2 <USB_EPStartXfer+0x408>
 80081a0:	3301      	adds	r3, #1
 80081a2:	f8b2 1406 	ldrh.w	r1, [r2, #1030]	@ 0x406
 80081a6:	b289      	uxth	r1, r1
 80081a8:	029b      	lsls	r3, r3, #10
 80081aa:	b29b      	uxth	r3, r3
 80081ac:	430b      	orrs	r3, r1
 80081ae:	f8a2 3406 	strh.w	r3, [r2, #1030]	@ 0x406
 80081b2:	e018      	b.n	80081e6 <USB_EPStartXfer+0x44c>
 80081b4:	0971      	lsrs	r1, r6, #5
 80081b6:	f016 0f1f 	tst.w	r6, #31
 80081ba:	d100      	bne.n	80081be <USB_EPStartXfer+0x424>
 80081bc:	3901      	subs	r1, #1
 80081be:	f8b2 3406 	ldrh.w	r3, [r2, #1030]	@ 0x406
 80081c2:	b29b      	uxth	r3, r3
 80081c4:	0289      	lsls	r1, r1, #10
 80081c6:	b289      	uxth	r1, r1
 80081c8:	430b      	orrs	r3, r1
 80081ca:	f443 4300 	orr.w	r3, r3, #32768	@ 0x8000
 80081ce:	f8a2 3406 	strh.w	r3, [r2, #1030]	@ 0x406
 80081d2:	e008      	b.n	80081e6 <USB_EPStartXfer+0x44c>
 80081d4:	f8b5 3050 	ldrh.w	r3, [r5, #80]	@ 0x50
 80081d8:	fa15 f383 	uxtah	r3, r5, r3
 80081dc:	eb03 03c2 	add.w	r3, r3, r2, lsl #3
 80081e0:	b2b2      	uxth	r2, r6
 80081e2:	f8a3 2406 	strh.w	r2, [r3, #1030]	@ 0x406
 80081e6:	b2b3      	uxth	r3, r6
 80081e8:	8962      	ldrh	r2, [r4, #10]
 80081ea:	6961      	ldr	r1, [r4, #20]
 80081ec:	4628      	mov	r0, r5
 80081ee:	f7ff fdc2 	bl	8007d76 <USB_WritePMA>
 80081f2:	e635      	b.n	8007e60 <USB_EPStartXfer+0xc6>
 80081f4:	bbb3      	cbnz	r3, 8008264 <USB_EPStartXfer+0x4ca>
 80081f6:	f8b5 3050 	ldrh.w	r3, [r5, #80]	@ 0x50
 80081fa:	fa15 f383 	uxtah	r3, r5, r3
 80081fe:	eb03 02c2 	add.w	r2, r3, r2, lsl #3
 8008202:	f8b2 3402 	ldrh.w	r3, [r2, #1026]	@ 0x402
 8008206:	f3c3 0309 	ubfx	r3, r3, #0, #10
 800820a:	f8a2 3402 	strh.w	r3, [r2, #1026]	@ 0x402
 800820e:	b94e      	cbnz	r6, 8008224 <USB_EPStartXfer+0x48a>
 8008210:	f8b2 3402 	ldrh.w	r3, [r2, #1026]	@ 0x402
 8008214:	ea6f 4343 	mvn.w	r3, r3, lsl #17
 8008218:	ea6f 4353 	mvn.w	r3, r3, lsr #17
 800821c:	b29b      	uxth	r3, r3
 800821e:	f8a2 3402 	strh.w	r3, [r2, #1026]	@ 0x402
 8008222:	e028      	b.n	8008276 <USB_EPStartXfer+0x4dc>
 8008224:	2e3e      	cmp	r6, #62	@ 0x3e
 8008226:	d80d      	bhi.n	8008244 <USB_EPStartXfer+0x4aa>
 8008228:	0873      	lsrs	r3, r6, #1
 800822a:	f016 0f01 	tst.w	r6, #1
 800822e:	d000      	beq.n	8008232 <USB_EPStartXfer+0x498>
 8008230:	3301      	adds	r3, #1
 8008232:	f8b2 1402 	ldrh.w	r1, [r2, #1026]	@ 0x402
 8008236:	b289      	uxth	r1, r1
 8008238:	029b      	lsls	r3, r3, #10
 800823a:	b29b      	uxth	r3, r3
 800823c:	430b      	orrs	r3, r1
 800823e:	f8a2 3402 	strh.w	r3, [r2, #1026]	@ 0x402
 8008242:	e018      	b.n	8008276 <USB_EPStartXfer+0x4dc>
 8008244:	0971      	lsrs	r1, r6, #5
 8008246:	f016 0f1f 	tst.w	r6, #31
 800824a:	d100      	bne.n	800824e <USB_EPStartXfer+0x4b4>
 800824c:	3901      	subs	r1, #1
 800824e:	f8b2 3402 	ldrh.w	r3, [r2, #1026]	@ 0x402
 8008252:	b29b      	uxth	r3, r3
 8008254:	0289      	lsls	r1, r1, #10
 8008256:	b289      	uxth	r1, r1
 8008258:	430b      	orrs	r3, r1
 800825a:	f443 4300 	orr.w	r3, r3, #32768	@ 0x8000
 800825e:	f8a2 3402 	strh.w	r3, [r2, #1026]	@ 0x402
 8008262:	e008      	b.n	8008276 <USB_EPStartXfer+0x4dc>
 8008264:	f8b5 3050 	ldrh.w	r3, [r5, #80]	@ 0x50
 8008268:	fa15 f383 	uxtah	r3, r5, r3
 800826c:	eb03 03c2 	add.w	r3, r3, r2, lsl #3
 8008270:	b2b2      	uxth	r2, r6
 8008272:	f8a3 2402 	strh.w	r2, [r3, #1026]	@ 0x402
 8008276:	b2b3      	uxth	r3, r6
 8008278:	8922      	ldrh	r2, [r4, #8]
 800827a:	6961      	ldr	r1, [r4, #20]
 800827c:	4628      	mov	r0, r5
 800827e:	f7ff fd7a 	bl	8007d76 <USB_WritePMA>
 8008282:	e5ed      	b.n	8007e60 <USB_EPStartXfer+0xc6>
 8008284:	7822      	ldrb	r2, [r4, #0]
 8008286:	f835 3022 	ldrh.w	r3, [r5, r2, lsl #2]
 800828a:	b29b      	uxth	r3, r3
 800828c:	f423 43e2 	bic.w	r3, r3, #28928	@ 0x7100
 8008290:	f023 0370 	bic.w	r3, r3, #112	@ 0x70
 8008294:	f443 4300 	orr.w	r3, r3, #32768	@ 0x8000
 8008298:	f043 0380 	orr.w	r3, r3, #128	@ 0x80
 800829c:	f825 3022 	strh.w	r3, [r5, r2, lsl #2]
 80082a0:	69a3      	ldr	r3, [r4, #24]
 80082a2:	6922      	ldr	r2, [r4, #16]
 80082a4:	4293      	cmp	r3, r2
 80082a6:	d913      	bls.n	80082d0 <USB_EPStartXfer+0x536>
 80082a8:	1a9b      	subs	r3, r3, r2
 80082aa:	61a3      	str	r3, [r4, #24]
 80082ac:	7822      	ldrb	r2, [r4, #0]
 80082ae:	f835 3022 	ldrh.w	r3, [r5, r2, lsl #2]
 80082b2:	b29b      	uxth	r3, r3
 80082b4:	f423 4380 	bic.w	r3, r3, #16384	@ 0x4000
 80082b8:	f023 0370 	bic.w	r3, r3, #112	@ 0x70
 80082bc:	f483 5340 	eor.w	r3, r3, #12288	@ 0x3000
 80082c0:	f443 4300 	orr.w	r3, r3, #32768	@ 0x8000
 80082c4:	f043 0380 	orr.w	r3, r3, #128	@ 0x80
 80082c8:	f825 3022 	strh.w	r3, [r5, r2, lsl #2]
 80082cc:	2000      	movs	r0, #0
 80082ce:	bd70      	pop	{r4, r5, r6, pc}
 80082d0:	2300      	movs	r3, #0
 80082d2:	61a3      	str	r3, [r4, #24]
 80082d4:	e7ea      	b.n	80082ac <USB_EPStartXfer+0x512>
 80082d6:	78cb      	ldrb	r3, [r1, #3]
 80082d8:	2b02      	cmp	r3, #2
 80082da:	d004      	beq.n	80082e6 <USB_EPStartXfer+0x54c>
 80082dc:	2b01      	cmp	r3, #1
 80082de:	d121      	bne.n	8008324 <USB_EPStartXfer+0x58a>
 80082e0:	2300      	movs	r3, #0
 80082e2:	618b      	str	r3, [r1, #24]
 80082e4:	e7e2      	b.n	80082ac <USB_EPStartXfer+0x512>
 80082e6:	69cb      	ldr	r3, [r1, #28]
 80082e8:	2b00      	cmp	r3, #0
 80082ea:	d0df      	beq.n	80082ac <USB_EPStartXfer+0x512>
 80082ec:	780a      	ldrb	r2, [r1, #0]
 80082ee:	f830 3022 	ldrh.w	r3, [r0, r2, lsl #2]
 80082f2:	b299      	uxth	r1, r3
 80082f4:	f413 4f80 	tst.w	r3, #16384	@ 0x4000
 80082f8:	d010      	beq.n	800831c <USB_EPStartXfer+0x582>
 80082fa:	f011 0f40 	tst.w	r1, #64	@ 0x40
 80082fe:	d0d5      	beq.n	80082ac <USB_EPStartXfer+0x512>
 8008300:	f835 3022 	ldrh.w	r3, [r5, r2, lsl #2]
 8008304:	b29b      	uxth	r3, r3
 8008306:	f423 43e0 	bic.w	r3, r3, #28672	@ 0x7000
 800830a:	f023 0370 	bic.w	r3, r3, #112	@ 0x70
 800830e:	f443 4300 	orr.w	r3, r3, #32768	@ 0x8000
 8008312:	f043 03c0 	orr.w	r3, r3, #192	@ 0xc0
 8008316:	f825 3022 	strh.w	r3, [r5, r2, lsl #2]
 800831a:	e7c7      	b.n	80082ac <USB_EPStartXfer+0x512>
 800831c:	f011 0f40 	tst.w	r1, #64	@ 0x40
 8008320:	d1c4      	bne.n	80082ac <USB_EPStartXfer+0x512>
 8008322:	e7ed      	b.n	8008300 <USB_EPStartXfer+0x566>
 8008324:	2001      	movs	r0, #1
 8008326:	e7d2      	b.n	80082ce <USB_EPStartXfer+0x534>

08008328 <USB_ReadPMA>:
 8008328:	469c      	mov	ip, r3
 800832a:	085b      	lsrs	r3, r3, #1
 800832c:	4410      	add	r0, r2
 800832e:	f500 6080 	add.w	r0, r0, #1024	@ 0x400
 8008332:	e007      	b.n	8008344 <USB_ReadPMA+0x1c>
 8008334:	f830 2b02 	ldrh.w	r2, [r0], #2
 8008338:	700a      	strb	r2, [r1, #0]
 800833a:	f3c2 2207 	ubfx	r2, r2, #8, #8
 800833e:	704a      	strb	r2, [r1, #1]
 8008340:	3102      	adds	r1, #2
 8008342:	3b01      	subs	r3, #1
 8008344:	2b00      	cmp	r3, #0
 8008346:	d1f5      	bne.n	8008334 <USB_ReadPMA+0xc>
 8008348:	f01c 0f01 	tst.w	ip, #1
 800834c:	d001      	beq.n	8008352 <USB_ReadPMA+0x2a>
 800834e:	8803      	ldrh	r3, [r0, #0]
 8008350:	700b      	strb	r3, [r1, #0]
 8008352:	4770      	bx	lr

08008354 <LST_init_head>:
 8008354:	6000      	str	r0, [r0, #0]
 8008356:	6040      	str	r0, [r0, #4]
 8008358:	4770      	bx	lr

0800835a <LST_is_empty>:
 800835a:	f3ef 8310 	mrs	r3, PRIMASK
 800835e:	b672      	cpsid	i
 8008360:	6802      	ldr	r2, [r0, #0]
 8008362:	4282      	cmp	r2, r0
 8008364:	d003      	beq.n	800836e <LST_is_empty+0x14>
 8008366:	2000      	movs	r0, #0
 8008368:	f383 8810 	msr	PRIMASK, r3
 800836c:	4770      	bx	lr
 800836e:	2001      	movs	r0, #1
 8008370:	e7fa      	b.n	8008368 <LST_is_empty+0xe>

08008372 <LST_insert_head>:
 8008372:	f3ef 8310 	mrs	r3, PRIMASK
 8008376:	b672      	cpsid	i
 8008378:	6802      	ldr	r2, [r0, #0]
 800837a:	600a      	str	r2, [r1, #0]
 800837c:	6048      	str	r0, [r1, #4]
 800837e:	6001      	str	r1, [r0, #0]
 8008380:	680a      	ldr	r2, [r1, #0]
 8008382:	6051      	str	r1, [r2, #4]
 8008384:	f383 8810 	msr	PRIMASK, r3
 8008388:	4770      	bx	lr

0800838a <LST_insert_tail>:
 800838a:	f3ef 8310 	mrs	r3, PRIMASK
 800838e:	b672      	cpsid	i
 8008390:	6008      	str	r0, [r1, #0]
 8008392:	6842      	ldr	r2, [r0, #4]
 8008394:	604a      	str	r2, [r1, #4]
 8008396:	6041      	str	r1, [r0, #4]
 8008398:	684a      	ldr	r2, [r1, #4]
 800839a:	6011      	str	r1, [r2, #0]
 800839c:	f383 8810 	msr	PRIMASK, r3
 80083a0:	4770      	bx	lr

080083a2 <LST_remove_node>:
 80083a2:	f3ef 8310 	mrs	r3, PRIMASK
 80083a6:	b672      	cpsid	i
 80083a8:	6842      	ldr	r2, [r0, #4]
 80083aa:	6801      	ldr	r1, [r0, #0]
 80083ac:	6011      	str	r1, [r2, #0]
 80083ae:	6802      	ldr	r2, [r0, #0]
 80083b0:	6841      	ldr	r1, [r0, #4]
 80083b2:	6051      	str	r1, [r2, #4]
 80083b4:	f383 8810 	msr	PRIMASK, r3
 80083b8:	4770      	bx	lr

080083ba <LST_remove_head>:
 80083ba:	b510      	push	{r4, lr}
 80083bc:	f3ef 8410 	mrs	r4, PRIMASK
 80083c0:	b672      	cpsid	i
 80083c2:	6803      	ldr	r3, [r0, #0]
 80083c4:	600b      	str	r3, [r1, #0]
 80083c6:	6800      	ldr	r0, [r0, #0]
 80083c8:	f7ff ffeb 	bl	80083a2 <LST_remove_node>
 80083cc:	f384 8810 	msr	PRIMASK, r4
 80083d0:	bd10      	pop	{r4, pc}

080083d2 <BAS_Init>:
 80083d2:	4770      	bx	lr

080083d4 <BLS_Init>:
 80083d4:	4770      	bx	lr

080083d6 <CRS_STM_Init>:
 80083d6:	4770      	bx	lr

080083d8 <DIS_Init>:
 80083d8:	4770      	bx	lr

080083da <EDS_STM_Init>:
 80083da:	4770      	bx	lr

080083dc <HIDS_Init>:
 80083dc:	4770      	bx	lr

080083de <HRS_Init>:
 80083de:	4770      	bx	lr

080083e0 <HTS_Init>:
 80083e0:	4770      	bx	lr

080083e2 <IAS_Init>:
 80083e2:	4770      	bx	lr

080083e4 <LLS_Init>:
 80083e4:	4770      	bx	lr

080083e6 <TPS_Init>:
 80083e6:	4770      	bx	lr

080083e8 <MOTENV_STM_Init>:
 80083e8:	4770      	bx	lr

080083ea <P2PS_STM_Init>:
 80083ea:	4770      	bx	lr

080083ec <ZDD_STM_Init>:
 80083ec:	4770      	bx	lr

080083ee <OTAS_STM_Init>:
 80083ee:	4770      	bx	lr

080083f0 <MESH_Init>:
 80083f0:	4770      	bx	lr

080083f2 <BVOPUS_STM_Init>:
 80083f2:	4770      	bx	lr

080083f4 <SVCCTL_SvcInit>:
 80083f4:	b508      	push	{r3, lr}
 80083f6:	f7ff ffec 	bl	80083d2 <BAS_Init>
 80083fa:	f7ff ffeb 	bl	80083d4 <BLS_Init>
 80083fe:	f7ff ffea 	bl	80083d6 <CRS_STM_Init>
 8008402:	f7ff ffe9 	bl	80083d8 <DIS_Init>
 8008406:	f7ff ffe8 	bl	80083da <EDS_STM_Init>
 800840a:	f7ff ffe7 	bl	80083dc <HIDS_Init>
 800840e:	f7ff ffe6 	bl	80083de <HRS_Init>
 8008412:	f7ff ffe5 	bl	80083e0 <HTS_Init>
 8008416:	f7ff ffe4 	bl	80083e2 <IAS_Init>
 800841a:	f7ff ffe3 	bl	80083e4 <LLS_Init>
 800841e:	f7ff ffe2 	bl	80083e6 <TPS_Init>
 8008422:	f7ff ffe1 	bl	80083e8 <MOTENV_STM_Init>
 8008426:	f7ff ffe0 	bl	80083ea <P2PS_STM_Init>
 800842a:	f7ff ffdf 	bl	80083ec <ZDD_STM_Init>
 800842e:	f7ff ffde 	bl	80083ee <OTAS_STM_Init>
 8008432:	f7ff ffde 	bl	80083f2 <BVOPUS_STM_Init>
 8008436:	f7ff ffdb 	bl	80083f0 <MESH_Init>
 800843a:	f7fa f92f 	bl	800269c <SVCCTL_InitCustomSvc>
 800843e:	bd08      	pop	{r3, pc}

08008440 <SVCCTL_Init>:
 8008440:	b508      	push	{r3, lr}
 8008442:	2300      	movs	r3, #0
 8008444:	4a03      	ldr	r2, [pc, #12]	@ (8008454 <SVCCTL_Init+0x14>)
 8008446:	7713      	strb	r3, [r2, #28]
 8008448:	4a03      	ldr	r2, [pc, #12]	@ (8008458 <SVCCTL_Init+0x18>)
 800844a:	7013      	strb	r3, [r2, #0]
 800844c:	f7ff ffd2 	bl	80083f4 <SVCCTL_SvcInit>
 8008450:	bd08      	pop	{r3, pc}
 8008452:	bf00      	nop
 8008454:	200002fc 	.word	0x200002fc
 8008458:	200002f8 	.word	0x200002f8

0800845c <SVCCTL_RegisterSvcHandler>:
 800845c:	4a03      	ldr	r2, [pc, #12]	@ (800846c <SVCCTL_RegisterSvcHandler+0x10>)
 800845e:	7f13      	ldrb	r3, [r2, #28]
 8008460:	f842 0023 	str.w	r0, [r2, r3, lsl #2]
 8008464:	3301      	adds	r3, #1
 8008466:	7713      	strb	r3, [r2, #28]
 8008468:	4770      	bx	lr
 800846a:	bf00      	nop
 800846c:	200002fc 	.word	0x200002fc

08008470 <SVCCTL_UserEvtRx>:
 8008470:	b538      	push	{r3, r4, r5, lr}
 8008472:	4605      	mov	r5, r0
 8008474:	7843      	ldrb	r3, [r0, #1]
 8008476:	2bff      	cmp	r3, #255	@ 0xff
 8008478:	d106      	bne.n	8008488 <SVCCTL_UserEvtRx+0x18>
 800847a:	f8b0 3003 	ldrh.w	r3, [r0, #3]
 800847e:	f403 437f 	and.w	r3, r3, #65280	@ 0xff00
 8008482:	f5b3 6f40 	cmp.w	r3, #3072	@ 0xc00
 8008486:	d003      	beq.n	8008490 <SVCCTL_UserEvtRx+0x20>
 8008488:	4628      	mov	r0, r5
 800848a:	f7f8 fe73 	bl	8001174 <SVCCTL_App_Notification>
 800848e:	bd38      	pop	{r3, r4, r5, pc}
 8008490:	2400      	movs	r4, #0
 8008492:	4622      	mov	r2, r4
 8008494:	4b0a      	ldr	r3, [pc, #40]	@ (80084c0 <SVCCTL_UserEvtRx+0x50>)
 8008496:	7f1b      	ldrb	r3, [r3, #28]
 8008498:	42a3      	cmp	r3, r4
 800849a:	d909      	bls.n	80084b0 <SVCCTL_UserEvtRx+0x40>
 800849c:	4b08      	ldr	r3, [pc, #32]	@ (80084c0 <SVCCTL_UserEvtRx+0x50>)
 800849e:	f853 3024 	ldr.w	r3, [r3, r4, lsl #2]
 80084a2:	4628      	mov	r0, r5
 80084a4:	4798      	blx	r3
 80084a6:	4602      	mov	r2, r0
 80084a8:	b910      	cbnz	r0, 80084b0 <SVCCTL_UserEvtRx+0x40>
 80084aa:	3401      	adds	r4, #1
 80084ac:	b2e4      	uxtb	r4, r4
 80084ae:	e7f1      	b.n	8008494 <SVCCTL_UserEvtRx+0x24>
 80084b0:	2a00      	cmp	r2, #0
 80084b2:	d0e9      	beq.n	8008488 <SVCCTL_UserEvtRx+0x18>
 80084b4:	2a02      	cmp	r2, #2
 80084b6:	d101      	bne.n	80084bc <SVCCTL_UserEvtRx+0x4c>
 80084b8:	2000      	movs	r0, #0
 80084ba:	e7e8      	b.n	800848e <SVCCTL_UserEvtRx+0x1e>
 80084bc:	2001      	movs	r0, #1
 80084be:	e7e6      	b.n	800848e <SVCCTL_UserEvtRx+0x1e>
 80084c0:	200002fc 	.word	0x200002fc

080084c4 <_getpid>:
 80084c4:	2001      	movs	r0, #1
 80084c6:	4770      	bx	lr

080084c8 <_kill>:
 80084c8:	b508      	push	{r3, lr}
 80084ca:	f002 fadd 	bl	800aa88 <__errno>
 80084ce:	2316      	movs	r3, #22
 80084d0:	6003      	str	r3, [r0, #0]
 80084d2:	f04f 30ff 	mov.w	r0, #4294967295
 80084d6:	bd08      	pop	{r3, pc}

080084d8 <_exit>:
 80084d8:	b508      	push	{r3, lr}
 80084da:	f04f 31ff 	mov.w	r1, #4294967295
 80084de:	f7ff fff3 	bl	80084c8 <_kill>
 80084e2:	e7fe      	b.n	80084e2 <_exit+0xa>

080084e4 <_read>:
 80084e4:	b570      	push	{r4, r5, r6, lr}
 80084e6:	460e      	mov	r6, r1
 80084e8:	4615      	mov	r5, r2
 80084ea:	2400      	movs	r4, #0
 80084ec:	e006      	b.n	80084fc <_read+0x18>
 80084ee:	f3af 8000 	nop.w
 80084f2:	4631      	mov	r1, r6
 80084f4:	f801 0b01 	strb.w	r0, [r1], #1
 80084f8:	3401      	adds	r4, #1
 80084fa:	460e      	mov	r6, r1
 80084fc:	42ac      	cmp	r4, r5
 80084fe:	dbf6      	blt.n	80084ee <_read+0xa>
 8008500:	4628      	mov	r0, r5
 8008502:	bd70      	pop	{r4, r5, r6, pc}

08008504 <_write>:
 8008504:	b570      	push	{r4, r5, r6, lr}
 8008506:	460c      	mov	r4, r1
 8008508:	4616      	mov	r6, r2
 800850a:	2500      	movs	r5, #0
 800850c:	e004      	b.n	8008518 <_write+0x14>
 800850e:	f814 0b01 	ldrb.w	r0, [r4], #1
 8008512:	f3af 8000 	nop.w
 8008516:	3501      	adds	r5, #1
 8008518:	42b5      	cmp	r5, r6
 800851a:	dbf8      	blt.n	800850e <_write+0xa>
 800851c:	4630      	mov	r0, r6
 800851e:	bd70      	pop	{r4, r5, r6, pc}

08008520 <_close>:
 8008520:	f04f 30ff 	mov.w	r0, #4294967295
 8008524:	4770      	bx	lr

08008526 <_fstat>:
 8008526:	f44f 5300 	mov.w	r3, #8192	@ 0x2000
 800852a:	604b      	str	r3, [r1, #4]
 800852c:	2000      	movs	r0, #0
 800852e:	4770      	bx	lr

08008530 <_isatty>:
 8008530:	2001      	movs	r0, #1
 8008532:	4770      	bx	lr

08008534 <_lseek>:
 8008534:	2000      	movs	r0, #0
 8008536:	4770      	bx	lr

08008538 <_sbrk>:
 8008538:	b508      	push	{r3, lr}
 800853a:	4603      	mov	r3, r0
 800853c:	4a0d      	ldr	r2, [pc, #52]	@ (8008574 <_sbrk+0x3c>)
 800853e:	490e      	ldr	r1, [pc, #56]	@ (8008578 <_sbrk+0x40>)
 8008540:	480e      	ldr	r0, [pc, #56]	@ (800857c <_sbrk+0x44>)
 8008542:	6800      	ldr	r0, [r0, #0]
 8008544:	b140      	cbz	r0, 8008558 <_sbrk+0x20>
 8008546:	480d      	ldr	r0, [pc, #52]	@ (800857c <_sbrk+0x44>)
 8008548:	6800      	ldr	r0, [r0, #0]
 800854a:	4403      	add	r3, r0
 800854c:	1a52      	subs	r2, r2, r1
 800854e:	4293      	cmp	r3, r2
 8008550:	d808      	bhi.n	8008564 <_sbrk+0x2c>
 8008552:	4a0a      	ldr	r2, [pc, #40]	@ (800857c <_sbrk+0x44>)
 8008554:	6013      	str	r3, [r2, #0]
 8008556:	bd08      	pop	{r3, pc}
 8008558:	4808      	ldr	r0, [pc, #32]	@ (800857c <_sbrk+0x44>)
 800855a:	f8df c024 	ldr.w	ip, [pc, #36]	@ 8008580 <_sbrk+0x48>
 800855e:	f8c0 c000 	str.w	ip, [r0]
 8008562:	e7f0      	b.n	8008546 <_sbrk+0xe>
 8008564:	f002 fa90 	bl	800aa88 <__errno>
 8008568:	230c      	movs	r3, #12
 800856a:	6003      	str	r3, [r0, #0]
 800856c:	f04f 30ff 	mov.w	r0, #4294967295
 8008570:	e7f1      	b.n	8008556 <_sbrk+0x1e>
 8008572:	bf00      	nop
 8008574:	20030000 	.word	0x20030000
 8008578:	00000c00 	.word	0x00000c00
 800857c:	200007e8 	.word	0x200007e8
 8008580:	20002330 	.word	0x20002330

08008584 <SystemInit>:
 8008584:	4a16      	ldr	r2, [pc, #88]	@ (80085e0 <SystemInit+0x5c>)
 8008586:	f8d2 3088 	ldr.w	r3, [r2, #136]	@ 0x88
 800858a:	f443 0370 	orr.w	r3, r3, #15728640	@ 0xf00000
 800858e:	f8c2 3088 	str.w	r3, [r2, #136]	@ 0x88
 8008592:	f04f 43b0 	mov.w	r3, #1476395008	@ 0x58000000
 8008596:	681a      	ldr	r2, [r3, #0]
 8008598:	f042 0201 	orr.w	r2, r2, #1
 800859c:	601a      	str	r2, [r3, #0]
 800859e:	f44f 22e0 	mov.w	r2, #458752	@ 0x70000
 80085a2:	609a      	str	r2, [r3, #8]
 80085a4:	6819      	ldr	r1, [r3, #0]
 80085a6:	f1a2 62a2 	sub.w	r2, r2, #84934656	@ 0x5100000
 80085aa:	f2a2 1205 	subw	r2, r2, #261	@ 0x105
 80085ae:	400a      	ands	r2, r1
 80085b0:	601a      	str	r2, [r3, #0]
 80085b2:	f8d3 2094 	ldr.w	r2, [r3, #148]	@ 0x94
 80085b6:	f022 0205 	bic.w	r2, r2, #5
 80085ba:	f8c3 2094 	str.w	r2, [r3, #148]	@ 0x94
 80085be:	f8d3 2098 	ldr.w	r2, [r3, #152]	@ 0x98
 80085c2:	f022 0201 	bic.w	r2, r2, #1
 80085c6:	f8c3 2098 	str.w	r2, [r3, #152]	@ 0x98
 80085ca:	4a06      	ldr	r2, [pc, #24]	@ (80085e4 <SystemInit+0x60>)
 80085cc:	60da      	str	r2, [r3, #12]
 80085ce:	611a      	str	r2, [r3, #16]
 80085d0:	681a      	ldr	r2, [r3, #0]
 80085d2:	f422 2280 	bic.w	r2, r2, #262144	@ 0x40000
 80085d6:	601a      	str	r2, [r3, #0]
 80085d8:	2200      	movs	r2, #0
 80085da:	619a      	str	r2, [r3, #24]
 80085dc:	4770      	bx	lr
 80085de:	bf00      	nop
 80085e0:	e000ed00 	.word	0xe000ed00
 80085e4:	22041000 	.word	0x22041000

080085e8 <SendFreeBuf>:
 80085e8:	b500      	push	{lr}
 80085ea:	b083      	sub	sp, #12
 80085ec:	e009      	b.n	8008602 <SendFreeBuf+0x1a>
 80085ee:	a901      	add	r1, sp, #4
 80085f0:	4807      	ldr	r0, [pc, #28]	@ (8008610 <SendFreeBuf+0x28>)
 80085f2:	f7ff fee2 	bl	80083ba <LST_remove_head>
 80085f6:	4b07      	ldr	r3, [pc, #28]	@ (8008614 <SendFreeBuf+0x2c>)
 80085f8:	691b      	ldr	r3, [r3, #16]
 80085fa:	9901      	ldr	r1, [sp, #4]
 80085fc:	6918      	ldr	r0, [r3, #16]
 80085fe:	f7ff fec4 	bl	800838a <LST_insert_tail>
 8008602:	4803      	ldr	r0, [pc, #12]	@ (8008610 <SendFreeBuf+0x28>)
 8008604:	f7ff fea9 	bl	800835a <LST_is_empty>
 8008608:	2800      	cmp	r0, #0
 800860a:	d0f0      	beq.n	80085ee <SendFreeBuf+0x6>
 800860c:	b003      	add	sp, #12
 800860e:	bd00      	pop	{pc}
 8008610:	20000800 	.word	0x20000800
 8008614:	20030000 	.word	0x20030000

08008618 <TL_Enable>:
 8008618:	b508      	push	{r3, lr}
 800861a:	f7fa faa9 	bl	8002b70 <HW_IPCC_Enable>
 800861e:	bd08      	pop	{r3, pc}

08008620 <TL_Init>:
 8008620:	b508      	push	{r3, lr}
 8008622:	4b0c      	ldr	r3, [pc, #48]	@ (8008654 <TL_Init+0x34>)
 8008624:	4a0c      	ldr	r2, [pc, #48]	@ (8008658 <TL_Init+0x38>)
 8008626:	601a      	str	r2, [r3, #0]
 8008628:	4a0c      	ldr	r2, [pc, #48]	@ (800865c <TL_Init+0x3c>)
 800862a:	605a      	str	r2, [r3, #4]
 800862c:	4a0c      	ldr	r2, [pc, #48]	@ (8008660 <TL_Init+0x40>)
 800862e:	609a      	str	r2, [r3, #8]
 8008630:	4a0c      	ldr	r2, [pc, #48]	@ (8008664 <TL_Init+0x44>)
 8008632:	621a      	str	r2, [r3, #32]
 8008634:	4a0c      	ldr	r2, [pc, #48]	@ (8008668 <TL_Init+0x48>)
 8008636:	625a      	str	r2, [r3, #36]	@ 0x24
 8008638:	4a0c      	ldr	r2, [pc, #48]	@ (800866c <TL_Init+0x4c>)
 800863a:	60da      	str	r2, [r3, #12]
 800863c:	4a0c      	ldr	r2, [pc, #48]	@ (8008670 <TL_Init+0x50>)
 800863e:	611a      	str	r2, [r3, #16]
 8008640:	4a0c      	ldr	r2, [pc, #48]	@ (8008674 <TL_Init+0x54>)
 8008642:	615a      	str	r2, [r3, #20]
 8008644:	4a0c      	ldr	r2, [pc, #48]	@ (8008678 <TL_Init+0x58>)
 8008646:	619a      	str	r2, [r3, #24]
 8008648:	4a0c      	ldr	r2, [pc, #48]	@ (800867c <TL_Init+0x5c>)
 800864a:	61da      	str	r2, [r3, #28]
 800864c:	f7fa fab8 	bl	8002bc0 <HW_IPCC_Init>
 8008650:	bd08      	pop	{r3, pc}
 8008652:	bf00      	nop
 8008654:	20030000 	.word	0x20030000
 8008658:	200301c4 	.word	0x200301c4
 800865c:	200301b4 	.word	0x200301b4
 8008660:	200301a4 	.word	0x200301a4
 8008664:	2003019c 	.word	0x2003019c
 8008668:	20030194 	.word	0x20030194
 800866c:	2003018c 	.word	0x2003018c
 8008670:	20030170 	.word	0x20030170
 8008674:	2003016c 	.word	0x2003016c
 8008678:	20030160 	.word	0x20030160
 800867c:	20030154 	.word	0x20030154

08008680 <TL_BLE_Init>:
 8008680:	b538      	push	{r3, r4, r5, lr}
 8008682:	4604      	mov	r4, r0
 8008684:	4d0b      	ldr	r5, [pc, #44]	@ (80086b4 <TL_BLE_Init+0x34>)
 8008686:	4628      	mov	r0, r5
 8008688:	f7ff fe64 	bl	8008354 <LST_init_head>
 800868c:	4b0a      	ldr	r3, [pc, #40]	@ (80086b8 <TL_BLE_Init+0x38>)
 800868e:	685b      	ldr	r3, [r3, #4]
 8008690:	68a2      	ldr	r2, [r4, #8]
 8008692:	601a      	str	r2, [r3, #0]
 8008694:	68e2      	ldr	r2, [r4, #12]
 8008696:	60da      	str	r2, [r3, #12]
 8008698:	4a08      	ldr	r2, [pc, #32]	@ (80086bc <TL_BLE_Init+0x3c>)
 800869a:	605a      	str	r2, [r3, #4]
 800869c:	609d      	str	r5, [r3, #8]
 800869e:	f7fa faaf 	bl	8002c00 <HW_IPCC_BLE_Init>
 80086a2:	6822      	ldr	r2, [r4, #0]
 80086a4:	4b06      	ldr	r3, [pc, #24]	@ (80086c0 <TL_BLE_Init+0x40>)
 80086a6:	601a      	str	r2, [r3, #0]
 80086a8:	6862      	ldr	r2, [r4, #4]
 80086aa:	4b06      	ldr	r3, [pc, #24]	@ (80086c4 <TL_BLE_Init+0x44>)
 80086ac:	601a      	str	r2, [r3, #0]
 80086ae:	2000      	movs	r0, #0
 80086b0:	bd38      	pop	{r3, r4, r5, pc}
 80086b2:	bf00      	nop
 80086b4:	2003013c 	.word	0x2003013c
 80086b8:	20030000 	.word	0x20030000
 80086bc:	20030a58 	.word	0x20030a58
 80086c0:	200007fc 	.word	0x200007fc
 80086c4:	200007f8 	.word	0x200007f8

080086c8 <TL_BLE_SendCmd>:
 80086c8:	b508      	push	{r3, lr}
 80086ca:	4b05      	ldr	r3, [pc, #20]	@ (80086e0 <TL_BLE_SendCmd+0x18>)
 80086cc:	685a      	ldr	r2, [r3, #4]
 80086ce:	6812      	ldr	r2, [r2, #0]
 80086d0:	2101      	movs	r1, #1
 80086d2:	7211      	strb	r1, [r2, #8]
 80086d4:	685b      	ldr	r3, [r3, #4]
 80086d6:	f7fa faa1 	bl	8002c1c <HW_IPCC_BLE_SendCmd>
 80086da:	2000      	movs	r0, #0
 80086dc:	bd08      	pop	{r3, pc}
 80086de:	bf00      	nop
 80086e0:	20030000 	.word	0x20030000

080086e4 <HW_IPCC_BLE_RxEvtNot>:
 80086e4:	b500      	push	{lr}
 80086e6:	b083      	sub	sp, #12
 80086e8:	e007      	b.n	80086fa <HW_IPCC_BLE_RxEvtNot+0x16>
 80086ea:	a901      	add	r1, sp, #4
 80086ec:	4806      	ldr	r0, [pc, #24]	@ (8008708 <HW_IPCC_BLE_RxEvtNot+0x24>)
 80086ee:	f7ff fe64 	bl	80083ba <LST_remove_head>
 80086f2:	4b06      	ldr	r3, [pc, #24]	@ (800870c <HW_IPCC_BLE_RxEvtNot+0x28>)
 80086f4:	681b      	ldr	r3, [r3, #0]
 80086f6:	9801      	ldr	r0, [sp, #4]
 80086f8:	4798      	blx	r3
 80086fa:	4803      	ldr	r0, [pc, #12]	@ (8008708 <HW_IPCC_BLE_RxEvtNot+0x24>)
 80086fc:	f7ff fe2d 	bl	800835a <LST_is_empty>
 8008700:	2800      	cmp	r0, #0
 8008702:	d0f2      	beq.n	80086ea <HW_IPCC_BLE_RxEvtNot+0x6>
 8008704:	b003      	add	sp, #12
 8008706:	bd00      	pop	{pc}
 8008708:	2003013c 	.word	0x2003013c
 800870c:	200007fc 	.word	0x200007fc

08008710 <HW_IPCC_BLE_AclDataAckNot>:
 8008710:	b508      	push	{r3, lr}
 8008712:	4b02      	ldr	r3, [pc, #8]	@ (800871c <HW_IPCC_BLE_AclDataAckNot+0xc>)
 8008714:	681b      	ldr	r3, [r3, #0]
 8008716:	4798      	blx	r3
 8008718:	bd08      	pop	{r3, pc}
 800871a:	bf00      	nop
 800871c:	200007f8 	.word	0x200007f8

08008720 <TL_SYS_Init>:
 8008720:	b538      	push	{r3, r4, r5, lr}
 8008722:	4604      	mov	r4, r0
 8008724:	4d09      	ldr	r5, [pc, #36]	@ (800874c <TL_SYS_Init+0x2c>)
 8008726:	4628      	mov	r0, r5
 8008728:	f7ff fe14 	bl	8008354 <LST_init_head>
 800872c:	4b08      	ldr	r3, [pc, #32]	@ (8008750 <TL_SYS_Init+0x30>)
 800872e:	68db      	ldr	r3, [r3, #12]
 8008730:	68a2      	ldr	r2, [r4, #8]
 8008732:	601a      	str	r2, [r3, #0]
 8008734:	605d      	str	r5, [r3, #4]
 8008736:	f7fa fa93 	bl	8002c60 <HW_IPCC_SYS_Init>
 800873a:	6822      	ldr	r2, [r4, #0]
 800873c:	4b05      	ldr	r3, [pc, #20]	@ (8008754 <TL_SYS_Init+0x34>)
 800873e:	601a      	str	r2, [r3, #0]
 8008740:	6862      	ldr	r2, [r4, #4]
 8008742:	4b05      	ldr	r3, [pc, #20]	@ (8008758 <TL_SYS_Init+0x38>)
 8008744:	601a      	str	r2, [r3, #0]
 8008746:	2000      	movs	r0, #0
 8008748:	bd38      	pop	{r3, r4, r5, pc}
 800874a:	bf00      	nop
 800874c:	20030134 	.word	0x20030134
 8008750:	20030000 	.word	0x20030000
 8008754:	200007f4 	.word	0x200007f4
 8008758:	200007f0 	.word	0x200007f0

0800875c <TL_SYS_SendCmd>:
 800875c:	b508      	push	{r3, lr}
 800875e:	4b05      	ldr	r3, [pc, #20]	@ (8008774 <TL_SYS_SendCmd+0x18>)
 8008760:	68da      	ldr	r2, [r3, #12]
 8008762:	6812      	ldr	r2, [r2, #0]
 8008764:	2110      	movs	r1, #16
 8008766:	7211      	strb	r1, [r2, #8]
 8008768:	68db      	ldr	r3, [r3, #12]
 800876a:	f7fa fa87 	bl	8002c7c <HW_IPCC_SYS_SendCmd>
 800876e:	2000      	movs	r0, #0
 8008770:	bd08      	pop	{r3, pc}
 8008772:	bf00      	nop
 8008774:	20030000 	.word	0x20030000

08008778 <HW_IPCC_SYS_CmdEvtNot>:
 8008778:	b508      	push	{r3, lr}
 800877a:	4b04      	ldr	r3, [pc, #16]	@ (800878c <HW_IPCC_SYS_CmdEvtNot+0x14>)
 800877c:	68da      	ldr	r2, [r3, #12]
 800877e:	68da      	ldr	r2, [r3, #12]
 8008780:	4b03      	ldr	r3, [pc, #12]	@ (8008790 <HW_IPCC_SYS_CmdEvtNot+0x18>)
 8008782:	681b      	ldr	r3, [r3, #0]
 8008784:	6810      	ldr	r0, [r2, #0]
 8008786:	4798      	blx	r3
 8008788:	bd08      	pop	{r3, pc}
 800878a:	bf00      	nop
 800878c:	20030000 	.word	0x20030000
 8008790:	200007f4 	.word	0x200007f4

08008794 <HW_IPCC_SYS_EvtNot>:
 8008794:	b500      	push	{lr}
 8008796:	b083      	sub	sp, #12
 8008798:	e007      	b.n	80087aa <HW_IPCC_SYS_EvtNot+0x16>
 800879a:	a901      	add	r1, sp, #4
 800879c:	4806      	ldr	r0, [pc, #24]	@ (80087b8 <HW_IPCC_SYS_EvtNot+0x24>)
 800879e:	f7ff fe0c 	bl	80083ba <LST_remove_head>
 80087a2:	4b06      	ldr	r3, [pc, #24]	@ (80087bc <HW_IPCC_SYS_EvtNot+0x28>)
 80087a4:	681b      	ldr	r3, [r3, #0]
 80087a6:	9801      	ldr	r0, [sp, #4]
 80087a8:	4798      	blx	r3
 80087aa:	4803      	ldr	r0, [pc, #12]	@ (80087b8 <HW_IPCC_SYS_EvtNot+0x24>)
 80087ac:	f7ff fdd5 	bl	800835a <LST_is_empty>
 80087b0:	2800      	cmp	r0, #0
 80087b2:	d0f2      	beq.n	800879a <HW_IPCC_SYS_EvtNot+0x6>
 80087b4:	b003      	add	sp, #12
 80087b6:	bd00      	pop	{pc}
 80087b8:	20030134 	.word	0x20030134
 80087bc:	200007f0 	.word	0x200007f0

080087c0 <TL_MM_Init>:
 80087c0:	b538      	push	{r3, r4, r5, lr}
 80087c2:	4604      	mov	r4, r0
 80087c4:	4d0c      	ldr	r5, [pc, #48]	@ (80087f8 <TL_MM_Init+0x38>)
 80087c6:	4628      	mov	r0, r5
 80087c8:	f7ff fdc4 	bl	8008354 <LST_init_head>
 80087cc:	480b      	ldr	r0, [pc, #44]	@ (80087fc <TL_MM_Init+0x3c>)
 80087ce:	f7ff fdc1 	bl	8008354 <LST_init_head>
 80087d2:	4b0b      	ldr	r3, [pc, #44]	@ (8008800 <TL_MM_Init+0x40>)
 80087d4:	691b      	ldr	r3, [r3, #16]
 80087d6:	4a0b      	ldr	r2, [pc, #44]	@ (8008804 <TL_MM_Init+0x44>)
 80087d8:	6013      	str	r3, [r2, #0]
 80087da:	68a2      	ldr	r2, [r4, #8]
 80087dc:	609a      	str	r2, [r3, #8]
 80087de:	68e2      	ldr	r2, [r4, #12]
 80087e0:	60da      	str	r2, [r3, #12]
 80087e2:	611d      	str	r5, [r3, #16]
 80087e4:	6822      	ldr	r2, [r4, #0]
 80087e6:	601a      	str	r2, [r3, #0]
 80087e8:	6862      	ldr	r2, [r4, #4]
 80087ea:	605a      	str	r2, [r3, #4]
 80087ec:	6922      	ldr	r2, [r4, #16]
 80087ee:	615a      	str	r2, [r3, #20]
 80087f0:	6962      	ldr	r2, [r4, #20]
 80087f2:	619a      	str	r2, [r3, #24]
 80087f4:	bd38      	pop	{r3, r4, r5, pc}
 80087f6:	bf00      	nop
 80087f8:	2003014c 	.word	0x2003014c
 80087fc:	20000800 	.word	0x20000800
 8008800:	20030000 	.word	0x20030000
 8008804:	200007ec 	.word	0x200007ec

08008808 <TL_MM_EvtDone>:
 8008808:	b508      	push	{r3, lr}
 800880a:	4601      	mov	r1, r0
 800880c:	4803      	ldr	r0, [pc, #12]	@ (800881c <TL_MM_EvtDone+0x14>)
 800880e:	f7ff fdbc 	bl	800838a <LST_insert_tail>
 8008812:	4803      	ldr	r0, [pc, #12]	@ (8008820 <TL_MM_EvtDone+0x18>)
 8008814:	f7fa fa88 	bl	8002d28 <HW_IPCC_MM_SendFreeBuf>
 8008818:	bd08      	pop	{r3, pc}
 800881a:	bf00      	nop
 800881c:	20000800 	.word	0x20000800
 8008820:	080085e9 	.word	0x080085e9

08008824 <TL_TRACES_Init>:
 8008824:	b510      	push	{r4, lr}
 8008826:	4c05      	ldr	r4, [pc, #20]	@ (800883c <TL_TRACES_Init+0x18>)
 8008828:	4620      	mov	r0, r4
 800882a:	f7ff fd93 	bl	8008354 <LST_init_head>
 800882e:	4b04      	ldr	r3, [pc, #16]	@ (8008840 <TL_TRACES_Init+0x1c>)
 8008830:	695b      	ldr	r3, [r3, #20]
 8008832:	601c      	str	r4, [r3, #0]
 8008834:	f7fa fa96 	bl	8002d64 <HW_IPCC_TRACES_Init>
 8008838:	bd10      	pop	{r4, pc}
 800883a:	bf00      	nop
 800883c:	20030144 	.word	0x20030144
 8008840:	20030000 	.word	0x20030000

08008844 <TL_TRACES_EvtReceived>:
 8008844:	4770      	bx	lr
	...

08008848 <HW_IPCC_TRACES_EvtNot>:
 8008848:	b500      	push	{lr}
 800884a:	b083      	sub	sp, #12
 800884c:	e006      	b.n	800885c <HW_IPCC_TRACES_EvtNot+0x14>
 800884e:	a901      	add	r1, sp, #4
 8008850:	4806      	ldr	r0, [pc, #24]	@ (800886c <HW_IPCC_TRACES_EvtNot+0x24>)
 8008852:	f7ff fdb2 	bl	80083ba <LST_remove_head>
 8008856:	9801      	ldr	r0, [sp, #4]
 8008858:	f7ff fff4 	bl	8008844 <TL_TRACES_EvtReceived>
 800885c:	4803      	ldr	r0, [pc, #12]	@ (800886c <HW_IPCC_TRACES_EvtNot+0x24>)
 800885e:	f7ff fd7c 	bl	800835a <LST_is_empty>
 8008862:	2800      	cmp	r0, #0
 8008864:	d0f3      	beq.n	800884e <HW_IPCC_TRACES_EvtNot+0x6>
 8008866:	b003      	add	sp, #12
 8008868:	bd00      	pop	{pc}
 800886a:	bf00      	nop
 800886c:	20030144 	.word	0x20030144

08008870 <MX_USB_Device_Init>:
 8008870:	b508      	push	{r3, lr}
 8008872:	2200      	movs	r2, #0
 8008874:	490f      	ldr	r1, [pc, #60]	@ (80088b4 <MX_USB_Device_Init+0x44>)
 8008876:	4810      	ldr	r0, [pc, #64]	@ (80088b8 <MX_USB_Device_Init+0x48>)
 8008878:	f000 fc71 	bl	800915e <USBD_Init>
 800887c:	b970      	cbnz	r0, 800889c <MX_USB_Device_Init+0x2c>
 800887e:	490f      	ldr	r1, [pc, #60]	@ (80088bc <MX_USB_Device_Init+0x4c>)
 8008880:	480d      	ldr	r0, [pc, #52]	@ (80088b8 <MX_USB_Device_Init+0x48>)
 8008882:	f000 fc83 	bl	800918c <USBD_RegisterClass>
 8008886:	b960      	cbnz	r0, 80088a2 <MX_USB_Device_Init+0x32>
 8008888:	490d      	ldr	r1, [pc, #52]	@ (80088c0 <MX_USB_Device_Init+0x50>)
 800888a:	480b      	ldr	r0, [pc, #44]	@ (80088b8 <MX_USB_Device_Init+0x48>)
 800888c:	f000 fa37 	bl	8008cfe <USBD_CDC_RegisterInterface>
 8008890:	b950      	cbnz	r0, 80088a8 <MX_USB_Device_Init+0x38>
 8008892:	4809      	ldr	r0, [pc, #36]	@ (80088b8 <MX_USB_Device_Init+0x48>)
 8008894:	f000 fc9a 	bl	80091cc <USBD_Start>
 8008898:	b948      	cbnz	r0, 80088ae <MX_USB_Device_Init+0x3e>
 800889a:	bd08      	pop	{r3, pc}
 800889c:	f7fa fd08 	bl	80032b0 <Error_Handler>
 80088a0:	e7ed      	b.n	800887e <MX_USB_Device_Init+0xe>
 80088a2:	f7fa fd05 	bl	80032b0 <Error_Handler>
 80088a6:	e7ef      	b.n	8008888 <MX_USB_Device_Init+0x18>
 80088a8:	f7fa fd02 	bl	80032b0 <Error_Handler>
 80088ac:	e7f1      	b.n	8008892 <MX_USB_Device_Init+0x22>
 80088ae:	f7fa fcff 	bl	80032b0 <Error_Handler>
 80088b2:	e7f2      	b.n	800889a <MX_USB_Device_Init+0x2a>
 80088b4:	200000fc 	.word	0x200000fc
 80088b8:	20000808 	.word	0x20000808
 80088bc:	20000070 	.word	0x20000070
 80088c0:	200000b4 	.word	0x200000b4

080088c4 <USBD_CDC_EP0_RxReady>:
 80088c4:	b510      	push	{r4, lr}
 80088c6:	f8d0 32d4 	ldr.w	r3, [r0, #724]	@ 0x2d4
 80088ca:	f103 02b0 	add.w	r2, r3, #176	@ 0xb0
 80088ce:	f850 4022 	ldr.w	r4, [r0, r2, lsl #2]
 80088d2:	b18c      	cbz	r4, 80088f8 <USBD_CDC_EP0_RxReady+0x34>
 80088d4:	eb00 0082 	add.w	r0, r0, r2, lsl #2
 80088d8:	6843      	ldr	r3, [r0, #4]
 80088da:	b17b      	cbz	r3, 80088fc <USBD_CDC_EP0_RxReady+0x38>
 80088dc:	f894 0200 	ldrb.w	r0, [r4, #512]	@ 0x200
 80088e0:	28ff      	cmp	r0, #255	@ 0xff
 80088e2:	d00d      	beq.n	8008900 <USBD_CDC_EP0_RxReady+0x3c>
 80088e4:	689b      	ldr	r3, [r3, #8]
 80088e6:	f894 2201 	ldrb.w	r2, [r4, #513]	@ 0x201
 80088ea:	4621      	mov	r1, r4
 80088ec:	4798      	blx	r3
 80088ee:	23ff      	movs	r3, #255	@ 0xff
 80088f0:	f884 3200 	strb.w	r3, [r4, #512]	@ 0x200
 80088f4:	2000      	movs	r0, #0
 80088f6:	bd10      	pop	{r4, pc}
 80088f8:	2003      	movs	r0, #3
 80088fa:	e7fc      	b.n	80088f6 <USBD_CDC_EP0_RxReady+0x32>
 80088fc:	4618      	mov	r0, r3
 80088fe:	e7fa      	b.n	80088f6 <USBD_CDC_EP0_RxReady+0x32>
 8008900:	2000      	movs	r0, #0
 8008902:	e7f8      	b.n	80088f6 <USBD_CDC_EP0_RxReady+0x32>

08008904 <USBD_CDC_GetDeviceQualifierDescriptor>:
 8008904:	230a      	movs	r3, #10
 8008906:	8003      	strh	r3, [r0, #0]
 8008908:	4800      	ldr	r0, [pc, #0]	@ (800890c <USBD_CDC_GetDeviceQualifierDescriptor+0x8>)
 800890a:	4770      	bx	lr
 800890c:	200000a8 	.word	0x200000a8

08008910 <USBD_CDC_GetOtherSpeedCfgDesc>:
 8008910:	b5f8      	push	{r3, r4, r5, r6, r7, lr}
 8008912:	4607      	mov	r7, r0
 8008914:	4d0f      	ldr	r5, [pc, #60]	@ (8008954 <USBD_CDC_GetOtherSpeedCfgDesc+0x44>)
 8008916:	2182      	movs	r1, #130	@ 0x82
 8008918:	4628      	mov	r0, r5
 800891a:	f000 fdd2 	bl	80094c2 <USBD_GetEpDesc>
 800891e:	4606      	mov	r6, r0
 8008920:	2101      	movs	r1, #1
 8008922:	4628      	mov	r0, r5
 8008924:	f000 fdcd 	bl	80094c2 <USBD_GetEpDesc>
 8008928:	4604      	mov	r4, r0
 800892a:	2181      	movs	r1, #129	@ 0x81
 800892c:	4628      	mov	r0, r5
 800892e:	f000 fdc8 	bl	80094c2 <USBD_GetEpDesc>
 8008932:	b10e      	cbz	r6, 8008938 <USBD_CDC_GetOtherSpeedCfgDesc+0x28>
 8008934:	2210      	movs	r2, #16
 8008936:	71b2      	strb	r2, [r6, #6]
 8008938:	b11c      	cbz	r4, 8008942 <USBD_CDC_GetOtherSpeedCfgDesc+0x32>
 800893a:	2240      	movs	r2, #64	@ 0x40
 800893c:	7122      	strb	r2, [r4, #4]
 800893e:	2200      	movs	r2, #0
 8008940:	7162      	strb	r2, [r4, #5]
 8008942:	b118      	cbz	r0, 800894c <USBD_CDC_GetOtherSpeedCfgDesc+0x3c>
 8008944:	2240      	movs	r2, #64	@ 0x40
 8008946:	7102      	strb	r2, [r0, #4]
 8008948:	2200      	movs	r2, #0
 800894a:	7142      	strb	r2, [r0, #5]
 800894c:	2343      	movs	r3, #67	@ 0x43
 800894e:	803b      	strh	r3, [r7, #0]
 8008950:	4800      	ldr	r0, [pc, #0]	@ (8008954 <USBD_CDC_GetOtherSpeedCfgDesc+0x44>)
 8008952:	bdf8      	pop	{r3, r4, r5, r6, r7, pc}
 8008954:	2000002c 	.word	0x2000002c

08008958 <USBD_CDC_GetFSCfgDesc>:
 8008958:	b5f8      	push	{r3, r4, r5, r6, r7, lr}
 800895a:	4607      	mov	r7, r0
 800895c:	4d0f      	ldr	r5, [pc, #60]	@ (800899c <USBD_CDC_GetFSCfgDesc+0x44>)
 800895e:	2182      	movs	r1, #130	@ 0x82
 8008960:	4628      	mov	r0, r5
 8008962:	f000 fdae 	bl	80094c2 <USBD_GetEpDesc>
 8008966:	4606      	mov	r6, r0
 8008968:	2101      	movs	r1, #1
 800896a:	4628      	mov	r0, r5
 800896c:	f000 fda9 	bl	80094c2 <USBD_GetEpDesc>
 8008970:	4604      	mov	r4, r0
 8008972:	2181      	movs	r1, #129	@ 0x81
 8008974:	4628      	mov	r0, r5
 8008976:	f000 fda4 	bl	80094c2 <USBD_GetEpDesc>
 800897a:	b10e      	cbz	r6, 8008980 <USBD_CDC_GetFSCfgDesc+0x28>
 800897c:	2210      	movs	r2, #16
 800897e:	71b2      	strb	r2, [r6, #6]
 8008980:	b11c      	cbz	r4, 800898a <USBD_CDC_GetFSCfgDesc+0x32>
 8008982:	2240      	movs	r2, #64	@ 0x40
 8008984:	7122      	strb	r2, [r4, #4]
 8008986:	2200      	movs	r2, #0
 8008988:	7162      	strb	r2, [r4, #5]
 800898a:	b118      	cbz	r0, 8008994 <USBD_CDC_GetFSCfgDesc+0x3c>
 800898c:	2240      	movs	r2, #64	@ 0x40
 800898e:	7102      	strb	r2, [r0, #4]
 8008990:	2200      	movs	r2, #0
 8008992:	7142      	strb	r2, [r0, #5]
 8008994:	2343      	movs	r3, #67	@ 0x43
 8008996:	803b      	strh	r3, [r7, #0]
 8008998:	4800      	ldr	r0, [pc, #0]	@ (800899c <USBD_CDC_GetFSCfgDesc+0x44>)
 800899a:	bdf8      	pop	{r3, r4, r5, r6, r7, pc}
 800899c:	2000002c 	.word	0x2000002c

080089a0 <USBD_CDC_GetHSCfgDesc>:
 80089a0:	b5f8      	push	{r3, r4, r5, r6, r7, lr}
 80089a2:	4607      	mov	r7, r0
 80089a4:	4d0f      	ldr	r5, [pc, #60]	@ (80089e4 <USBD_CDC_GetHSCfgDesc+0x44>)
 80089a6:	2182      	movs	r1, #130	@ 0x82
 80089a8:	4628      	mov	r0, r5
 80089aa:	f000 fd8a 	bl	80094c2 <USBD_GetEpDesc>
 80089ae:	4606      	mov	r6, r0
 80089b0:	2101      	movs	r1, #1
 80089b2:	4628      	mov	r0, r5
 80089b4:	f000 fd85 	bl	80094c2 <USBD_GetEpDesc>
 80089b8:	4604      	mov	r4, r0
 80089ba:	2181      	movs	r1, #129	@ 0x81
 80089bc:	4628      	mov	r0, r5
 80089be:	f000 fd80 	bl	80094c2 <USBD_GetEpDesc>
 80089c2:	b10e      	cbz	r6, 80089c8 <USBD_CDC_GetHSCfgDesc+0x28>
 80089c4:	2210      	movs	r2, #16
 80089c6:	71b2      	strb	r2, [r6, #6]
 80089c8:	b11c      	cbz	r4, 80089d2 <USBD_CDC_GetHSCfgDesc+0x32>
 80089ca:	2200      	movs	r2, #0
 80089cc:	7122      	strb	r2, [r4, #4]
 80089ce:	2202      	movs	r2, #2
 80089d0:	7162      	strb	r2, [r4, #5]
 80089d2:	b118      	cbz	r0, 80089dc <USBD_CDC_GetHSCfgDesc+0x3c>
 80089d4:	2200      	movs	r2, #0
 80089d6:	7102      	strb	r2, [r0, #4]
 80089d8:	2202      	movs	r2, #2
 80089da:	7142      	strb	r2, [r0, #5]
 80089dc:	2343      	movs	r3, #67	@ 0x43
 80089de:	803b      	strh	r3, [r7, #0]
 80089e0:	4800      	ldr	r0, [pc, #0]	@ (80089e4 <USBD_CDC_GetHSCfgDesc+0x44>)
 80089e2:	bdf8      	pop	{r3, r4, r5, r6, r7, pc}
 80089e4:	2000002c 	.word	0x2000002c

080089e8 <USBD_CDC_DataOut>:
 80089e8:	b538      	push	{r3, r4, r5, lr}
 80089ea:	f8d0 32d4 	ldr.w	r3, [r0, #724]	@ 0x2d4
 80089ee:	33b0      	adds	r3, #176	@ 0xb0
 80089f0:	f850 5023 	ldr.w	r5, [r0, r3, lsl #2]
 80089f4:	b195      	cbz	r5, 8008a1c <USBD_CDC_DataOut+0x34>
 80089f6:	4604      	mov	r4, r0
 80089f8:	f000 fb83 	bl	8009102 <USBD_LL_GetRxDataSize>
 80089fc:	f8c5 020c 	str.w	r0, [r5, #524]	@ 0x20c
 8008a00:	f8d4 32d4 	ldr.w	r3, [r4, #724]	@ 0x2d4
 8008a04:	33b0      	adds	r3, #176	@ 0xb0
 8008a06:	eb04 0483 	add.w	r4, r4, r3, lsl #2
 8008a0a:	6863      	ldr	r3, [r4, #4]
 8008a0c:	68db      	ldr	r3, [r3, #12]
 8008a0e:	f505 7103 	add.w	r1, r5, #524	@ 0x20c
 8008a12:	f8d5 0204 	ldr.w	r0, [r5, #516]	@ 0x204
 8008a16:	4798      	blx	r3
 8008a18:	2000      	movs	r0, #0
 8008a1a:	bd38      	pop	{r3, r4, r5, pc}
 8008a1c:	2003      	movs	r0, #3
 8008a1e:	e7fc      	b.n	8008a1a <USBD_CDC_DataOut+0x32>

08008a20 <USBD_CDC_DataIn>:
 8008a20:	b510      	push	{r4, lr}
 8008a22:	f8d0 e2c8 	ldr.w	lr, [r0, #712]	@ 0x2c8
 8008a26:	f8d0 32d4 	ldr.w	r3, [r0, #724]	@ 0x2d4
 8008a2a:	33b0      	adds	r3, #176	@ 0xb0
 8008a2c:	f850 c023 	ldr.w	ip, [r0, r3, lsl #2]
 8008a30:	f1bc 0f00 	cmp.w	ip, #0
 8008a34:	d02f      	beq.n	8008a96 <USBD_CDC_DataIn+0x76>
 8008a36:	f001 030f 	and.w	r3, r1, #15
 8008a3a:	eb03 0283 	add.w	r2, r3, r3, lsl #2
 8008a3e:	eb00 0282 	add.w	r2, r0, r2, lsl #2
 8008a42:	6952      	ldr	r2, [r2, #20]
 8008a44:	b152      	cbz	r2, 8008a5c <USBD_CDC_DataIn+0x3c>
 8008a46:	eb03 0483 	add.w	r4, r3, r3, lsl #2
 8008a4a:	eb0e 0ec4 	add.w	lr, lr, r4, lsl #3
 8008a4e:	f8de e020 	ldr.w	lr, [lr, #32]
 8008a52:	fbb2 f4fe 	udiv	r4, r2, lr
 8008a56:	fb0e 2214 	mls	r2, lr, r4, r2
 8008a5a:	b192      	cbz	r2, 8008a82 <USBD_CDC_DataIn+0x62>
 8008a5c:	2300      	movs	r3, #0
 8008a5e:	f8cc 3214 	str.w	r3, [ip, #532]	@ 0x214
 8008a62:	f8d0 32d4 	ldr.w	r3, [r0, #724]	@ 0x2d4
 8008a66:	33b0      	adds	r3, #176	@ 0xb0
 8008a68:	eb00 0083 	add.w	r0, r0, r3, lsl #2
 8008a6c:	6843      	ldr	r3, [r0, #4]
 8008a6e:	691b      	ldr	r3, [r3, #16]
 8008a70:	b19b      	cbz	r3, 8008a9a <USBD_CDC_DataIn+0x7a>
 8008a72:	460a      	mov	r2, r1
 8008a74:	f50c 7104 	add.w	r1, ip, #528	@ 0x210
 8008a78:	f8dc 0208 	ldr.w	r0, [ip, #520]	@ 0x208
 8008a7c:	4798      	blx	r3
 8008a7e:	2000      	movs	r0, #0
 8008a80:	bd10      	pop	{r4, pc}
 8008a82:	eb03 0383 	add.w	r3, r3, r3, lsl #2
 8008a86:	eb00 0383 	add.w	r3, r0, r3, lsl #2
 8008a8a:	615a      	str	r2, [r3, #20]
 8008a8c:	4613      	mov	r3, r2
 8008a8e:	f000 fb28 	bl	80090e2 <USBD_LL_Transmit>
 8008a92:	2000      	movs	r0, #0
 8008a94:	e7f4      	b.n	8008a80 <USBD_CDC_DataIn+0x60>
 8008a96:	2003      	movs	r0, #3
 8008a98:	e7f2      	b.n	8008a80 <USBD_CDC_DataIn+0x60>
 8008a9a:	4618      	mov	r0, r3
 8008a9c:	e7f0      	b.n	8008a80 <USBD_CDC_DataIn+0x60>

08008a9e <USBD_CDC_Setup>:
 8008a9e:	b5f0      	push	{r4, r5, r6, r7, lr}
 8008aa0:	b083      	sub	sp, #12
 8008aa2:	f8d0 32d4 	ldr.w	r3, [r0, #724]	@ 0x2d4
 8008aa6:	f103 02b0 	add.w	r2, r3, #176	@ 0xb0
 8008aaa:	f850 7022 	ldr.w	r7, [r0, r2, lsl #2]
 8008aae:	2200      	movs	r2, #0
 8008ab0:	f88d 2007 	strb.w	r2, [sp, #7]
 8008ab4:	f8ad 2004 	strh.w	r2, [sp, #4]
 8008ab8:	2f00      	cmp	r7, #0
 8008aba:	d076      	beq.n	8008baa <USBD_CDC_Setup+0x10c>
 8008abc:	4604      	mov	r4, r0
 8008abe:	460d      	mov	r5, r1
 8008ac0:	7809      	ldrb	r1, [r1, #0]
 8008ac2:	f011 0660 	ands.w	r6, r1, #96	@ 0x60
 8008ac6:	d033      	beq.n	8008b30 <USBD_CDC_Setup+0x92>
 8008ac8:	2e20      	cmp	r6, #32
 8008aca:	d167      	bne.n	8008b9c <USBD_CDC_Setup+0xfe>
 8008acc:	88ea      	ldrh	r2, [r5, #6]
 8008ace:	b32a      	cbz	r2, 8008b1c <USBD_CDC_Setup+0x7e>
 8008ad0:	f011 0f80 	tst.w	r1, #128	@ 0x80
 8008ad4:	d107      	bne.n	8008ae6 <USBD_CDC_Setup+0x48>
 8008ad6:	786b      	ldrb	r3, [r5, #1]
 8008ad8:	f887 3200 	strb.w	r3, [r7, #512]	@ 0x200
 8008adc:	88ea      	ldrh	r2, [r5, #6]
 8008ade:	2a3f      	cmp	r2, #63	@ 0x3f
 8008ae0:	d813      	bhi.n	8008b0a <USBD_CDC_Setup+0x6c>
 8008ae2:	b2d2      	uxtb	r2, r2
 8008ae4:	e012      	b.n	8008b0c <USBD_CDC_Setup+0x6e>
 8008ae6:	33b0      	adds	r3, #176	@ 0xb0
 8008ae8:	eb00 0383 	add.w	r3, r0, r3, lsl #2
 8008aec:	685b      	ldr	r3, [r3, #4]
 8008aee:	689b      	ldr	r3, [r3, #8]
 8008af0:	4639      	mov	r1, r7
 8008af2:	7868      	ldrb	r0, [r5, #1]
 8008af4:	4798      	blx	r3
 8008af6:	88ea      	ldrh	r2, [r5, #6]
 8008af8:	2a07      	cmp	r2, #7
 8008afa:	bf28      	it	cs
 8008afc:	2207      	movcs	r2, #7
 8008afe:	4639      	mov	r1, r7
 8008b00:	4620      	mov	r0, r4
 8008b02:	f001 f957 	bl	8009db4 <USBD_CtlSendData>
 8008b06:	2600      	movs	r6, #0
 8008b08:	e04c      	b.n	8008ba4 <USBD_CDC_Setup+0x106>
 8008b0a:	2240      	movs	r2, #64	@ 0x40
 8008b0c:	f887 2201 	strb.w	r2, [r7, #513]	@ 0x201
 8008b10:	4639      	mov	r1, r7
 8008b12:	4620      	mov	r0, r4
 8008b14:	f001 f964 	bl	8009de0 <USBD_CtlPrepareRx>
 8008b18:	2600      	movs	r6, #0
 8008b1a:	e043      	b.n	8008ba4 <USBD_CDC_Setup+0x106>
 8008b1c:	33b0      	adds	r3, #176	@ 0xb0
 8008b1e:	eb00 0383 	add.w	r3, r0, r3, lsl #2
 8008b22:	685b      	ldr	r3, [r3, #4]
 8008b24:	689b      	ldr	r3, [r3, #8]
 8008b26:	4629      	mov	r1, r5
 8008b28:	7868      	ldrb	r0, [r5, #1]
 8008b2a:	4798      	blx	r3
 8008b2c:	2600      	movs	r6, #0
 8008b2e:	e039      	b.n	8008ba4 <USBD_CDC_Setup+0x106>
 8008b30:	786f      	ldrb	r7, [r5, #1]
 8008b32:	2f0a      	cmp	r7, #10
 8008b34:	d023      	beq.n	8008b7e <USBD_CDC_Setup+0xe0>
 8008b36:	d808      	bhi.n	8008b4a <USBD_CDC_Setup+0xac>
 8008b38:	b197      	cbz	r7, 8008b60 <USBD_CDC_Setup+0xc2>
 8008b3a:	2f01      	cmp	r7, #1
 8008b3c:	d032      	beq.n	8008ba4 <USBD_CDC_Setup+0x106>
 8008b3e:	4629      	mov	r1, r5
 8008b40:	4620      	mov	r0, r4
 8008b42:	f000 fcfb 	bl	800953c <USBD_CtlError>
 8008b46:	2603      	movs	r6, #3
 8008b48:	e02c      	b.n	8008ba4 <USBD_CDC_Setup+0x106>
 8008b4a:	2f0b      	cmp	r7, #11
 8008b4c:	d1f7      	bne.n	8008b3e <USBD_CDC_Setup+0xa0>
 8008b4e:	f890 329c 	ldrb.w	r3, [r0, #668]	@ 0x29c
 8008b52:	2b03      	cmp	r3, #3
 8008b54:	d026      	beq.n	8008ba4 <USBD_CDC_Setup+0x106>
 8008b56:	4629      	mov	r1, r5
 8008b58:	f000 fcf0 	bl	800953c <USBD_CtlError>
 8008b5c:	2603      	movs	r6, #3
 8008b5e:	e021      	b.n	8008ba4 <USBD_CDC_Setup+0x106>
 8008b60:	f890 329c 	ldrb.w	r3, [r0, #668]	@ 0x29c
 8008b64:	2b03      	cmp	r3, #3
 8008b66:	d004      	beq.n	8008b72 <USBD_CDC_Setup+0xd4>
 8008b68:	4629      	mov	r1, r5
 8008b6a:	f000 fce7 	bl	800953c <USBD_CtlError>
 8008b6e:	2603      	movs	r6, #3
 8008b70:	e018      	b.n	8008ba4 <USBD_CDC_Setup+0x106>
 8008b72:	2202      	movs	r2, #2
 8008b74:	a901      	add	r1, sp, #4
 8008b76:	f001 f91d 	bl	8009db4 <USBD_CtlSendData>
 8008b7a:	463e      	mov	r6, r7
 8008b7c:	e012      	b.n	8008ba4 <USBD_CDC_Setup+0x106>
 8008b7e:	f890 329c 	ldrb.w	r3, [r0, #668]	@ 0x29c
 8008b82:	2b03      	cmp	r3, #3
 8008b84:	d004      	beq.n	8008b90 <USBD_CDC_Setup+0xf2>
 8008b86:	4629      	mov	r1, r5
 8008b88:	f000 fcd8 	bl	800953c <USBD_CtlError>
 8008b8c:	2603      	movs	r6, #3
 8008b8e:	e009      	b.n	8008ba4 <USBD_CDC_Setup+0x106>
 8008b90:	2201      	movs	r2, #1
 8008b92:	f10d 0107 	add.w	r1, sp, #7
 8008b96:	f001 f90d 	bl	8009db4 <USBD_CtlSendData>
 8008b9a:	e003      	b.n	8008ba4 <USBD_CDC_Setup+0x106>
 8008b9c:	4629      	mov	r1, r5
 8008b9e:	f000 fccd 	bl	800953c <USBD_CtlError>
 8008ba2:	2603      	movs	r6, #3
 8008ba4:	4630      	mov	r0, r6
 8008ba6:	b003      	add	sp, #12
 8008ba8:	bdf0      	pop	{r4, r5, r6, r7, pc}
 8008baa:	2603      	movs	r6, #3
 8008bac:	e7fa      	b.n	8008ba4 <USBD_CDC_Setup+0x106>

08008bae <USBD_CDC_DeInit>:
 8008bae:	b538      	push	{r3, r4, r5, lr}
 8008bb0:	4604      	mov	r4, r0
 8008bb2:	2181      	movs	r1, #129	@ 0x81
 8008bb4:	f000 fa5f 	bl	8009076 <USBD_LL_CloseEP>
 8008bb8:	2500      	movs	r5, #0
 8008bba:	f884 5037 	strb.w	r5, [r4, #55]	@ 0x37
 8008bbe:	2101      	movs	r1, #1
 8008bc0:	4620      	mov	r0, r4
 8008bc2:	f000 fa58 	bl	8009076 <USBD_LL_CloseEP>
 8008bc6:	f884 5177 	strb.w	r5, [r4, #375]	@ 0x177
 8008bca:	2182      	movs	r1, #130	@ 0x82
 8008bcc:	4620      	mov	r0, r4
 8008bce:	f000 fa52 	bl	8009076 <USBD_LL_CloseEP>
 8008bd2:	f884 504b 	strb.w	r5, [r4, #75]	@ 0x4b
 8008bd6:	6465      	str	r5, [r4, #68]	@ 0x44
 8008bd8:	f8d4 32d4 	ldr.w	r3, [r4, #724]	@ 0x2d4
 8008bdc:	f103 02b0 	add.w	r2, r3, #176	@ 0xb0
 8008be0:	f854 2022 	ldr.w	r2, [r4, r2, lsl #2]
 8008be4:	b19a      	cbz	r2, 8008c0e <USBD_CDC_DeInit+0x60>
 8008be6:	33b0      	adds	r3, #176	@ 0xb0
 8008be8:	eb04 0383 	add.w	r3, r4, r3, lsl #2
 8008bec:	685b      	ldr	r3, [r3, #4]
 8008bee:	685b      	ldr	r3, [r3, #4]
 8008bf0:	4798      	blx	r3
 8008bf2:	f8d4 32d4 	ldr.w	r3, [r4, #724]	@ 0x2d4
 8008bf6:	33b0      	adds	r3, #176	@ 0xb0
 8008bf8:	f854 0023 	ldr.w	r0, [r4, r3, lsl #2]
 8008bfc:	f000 faae 	bl	800915c <USBD_static_free>
 8008c00:	f8d4 32d4 	ldr.w	r3, [r4, #724]	@ 0x2d4
 8008c04:	33b0      	adds	r3, #176	@ 0xb0
 8008c06:	f844 5023 	str.w	r5, [r4, r3, lsl #2]
 8008c0a:	f8c4 52bc 	str.w	r5, [r4, #700]	@ 0x2bc
 8008c0e:	2000      	movs	r0, #0
 8008c10:	bd38      	pop	{r3, r4, r5, pc}

08008c12 <USBD_CDC_Init>:
 8008c12:	b570      	push	{r4, r5, r6, lr}
 8008c14:	4604      	mov	r4, r0
 8008c16:	f44f 7007 	mov.w	r0, #540	@ 0x21c
 8008c1a:	f000 fa9b 	bl	8009154 <USBD_static_malloc>
 8008c1e:	2800      	cmp	r0, #0
 8008c20:	d049      	beq.n	8008cb6 <USBD_CDC_Init+0xa4>
 8008c22:	4605      	mov	r5, r0
 8008c24:	f44f 7207 	mov.w	r2, #540	@ 0x21c
 8008c28:	2100      	movs	r1, #0
 8008c2a:	f001 fedb 	bl	800a9e4 <memset>
 8008c2e:	f8d4 32d4 	ldr.w	r3, [r4, #724]	@ 0x2d4
 8008c32:	33b0      	adds	r3, #176	@ 0xb0
 8008c34:	f844 5023 	str.w	r5, [r4, r3, lsl #2]
 8008c38:	f8c4 52bc 	str.w	r5, [r4, #700]	@ 0x2bc
 8008c3c:	7c23      	ldrb	r3, [r4, #16]
 8008c3e:	2b00      	cmp	r3, #0
 8008c40:	d140      	bne.n	8008cc4 <USBD_CDC_Init+0xb2>
 8008c42:	f44f 7300 	mov.w	r3, #512	@ 0x200
 8008c46:	2202      	movs	r2, #2
 8008c48:	2181      	movs	r1, #129	@ 0x81
 8008c4a:	4620      	mov	r0, r4
 8008c4c:	f000 fa08 	bl	8009060 <USBD_LL_OpenEP>
 8008c50:	2601      	movs	r6, #1
 8008c52:	f884 6037 	strb.w	r6, [r4, #55]	@ 0x37
 8008c56:	f44f 7300 	mov.w	r3, #512	@ 0x200
 8008c5a:	2202      	movs	r2, #2
 8008c5c:	4631      	mov	r1, r6
 8008c5e:	4620      	mov	r0, r4
 8008c60:	f000 f9fe 	bl	8009060 <USBD_LL_OpenEP>
 8008c64:	f884 6177 	strb.w	r6, [r4, #375]	@ 0x177
 8008c68:	2310      	movs	r3, #16
 8008c6a:	6463      	str	r3, [r4, #68]	@ 0x44
 8008c6c:	2308      	movs	r3, #8
 8008c6e:	2203      	movs	r2, #3
 8008c70:	2182      	movs	r1, #130	@ 0x82
 8008c72:	4620      	mov	r0, r4
 8008c74:	f000 f9f4 	bl	8009060 <USBD_LL_OpenEP>
 8008c78:	2301      	movs	r3, #1
 8008c7a:	f884 304b 	strb.w	r3, [r4, #75]	@ 0x4b
 8008c7e:	2600      	movs	r6, #0
 8008c80:	f8c5 6204 	str.w	r6, [r5, #516]	@ 0x204
 8008c84:	f8d4 32d4 	ldr.w	r3, [r4, #724]	@ 0x2d4
 8008c88:	33b0      	adds	r3, #176	@ 0xb0
 8008c8a:	eb04 0383 	add.w	r3, r4, r3, lsl #2
 8008c8e:	685b      	ldr	r3, [r3, #4]
 8008c90:	681b      	ldr	r3, [r3, #0]
 8008c92:	4798      	blx	r3
 8008c94:	f8c5 6214 	str.w	r6, [r5, #532]	@ 0x214
 8008c98:	f8c5 6218 	str.w	r6, [r5, #536]	@ 0x218
 8008c9c:	f8d5 2204 	ldr.w	r2, [r5, #516]	@ 0x204
 8008ca0:	b35a      	cbz	r2, 8008cfa <USBD_CDC_Init+0xe8>
 8008ca2:	7c25      	ldrb	r5, [r4, #16]
 8008ca4:	bb15      	cbnz	r5, 8008cec <USBD_CDC_Init+0xda>
 8008ca6:	f44f 7300 	mov.w	r3, #512	@ 0x200
 8008caa:	2101      	movs	r1, #1
 8008cac:	4620      	mov	r0, r4
 8008cae:	f000 fa20 	bl	80090f2 <USBD_LL_PrepareReceive>
 8008cb2:	4628      	mov	r0, r5
 8008cb4:	bd70      	pop	{r4, r5, r6, pc}
 8008cb6:	f8d4 32d4 	ldr.w	r3, [r4, #724]	@ 0x2d4
 8008cba:	33b0      	adds	r3, #176	@ 0xb0
 8008cbc:	f844 0023 	str.w	r0, [r4, r3, lsl #2]
 8008cc0:	2502      	movs	r5, #2
 8008cc2:	e7f6      	b.n	8008cb2 <USBD_CDC_Init+0xa0>
 8008cc4:	2340      	movs	r3, #64	@ 0x40
 8008cc6:	2202      	movs	r2, #2
 8008cc8:	2181      	movs	r1, #129	@ 0x81
 8008cca:	4620      	mov	r0, r4
 8008ccc:	f000 f9c8 	bl	8009060 <USBD_LL_OpenEP>
 8008cd0:	2601      	movs	r6, #1
 8008cd2:	f884 6037 	strb.w	r6, [r4, #55]	@ 0x37
 8008cd6:	2340      	movs	r3, #64	@ 0x40
 8008cd8:	2202      	movs	r2, #2
 8008cda:	4631      	mov	r1, r6
 8008cdc:	4620      	mov	r0, r4
 8008cde:	f000 f9bf 	bl	8009060 <USBD_LL_OpenEP>
 8008ce2:	f884 6177 	strb.w	r6, [r4, #375]	@ 0x177
 8008ce6:	2310      	movs	r3, #16
 8008ce8:	6463      	str	r3, [r4, #68]	@ 0x44
 8008cea:	e7bf      	b.n	8008c6c <USBD_CDC_Init+0x5a>
 8008cec:	2340      	movs	r3, #64	@ 0x40
 8008cee:	2101      	movs	r1, #1
 8008cf0:	4620      	mov	r0, r4
 8008cf2:	f000 f9fe 	bl	80090f2 <USBD_LL_PrepareReceive>
 8008cf6:	2500      	movs	r5, #0
 8008cf8:	e7db      	b.n	8008cb2 <USBD_CDC_Init+0xa0>
 8008cfa:	2502      	movs	r5, #2
 8008cfc:	e7d9      	b.n	8008cb2 <USBD_CDC_Init+0xa0>

08008cfe <USBD_CDC_RegisterInterface>:
 8008cfe:	b139      	cbz	r1, 8008d10 <USBD_CDC_RegisterInterface+0x12>
 8008d00:	f8d0 32d4 	ldr.w	r3, [r0, #724]	@ 0x2d4
 8008d04:	33b0      	adds	r3, #176	@ 0xb0
 8008d06:	eb00 0083 	add.w	r0, r0, r3, lsl #2
 8008d0a:	6041      	str	r1, [r0, #4]
 8008d0c:	2000      	movs	r0, #0
 8008d0e:	4770      	bx	lr
 8008d10:	2003      	movs	r0, #3
 8008d12:	4770      	bx	lr

08008d14 <USBD_CDC_SetTxBuffer>:
 8008d14:	f8d0 32d4 	ldr.w	r3, [r0, #724]	@ 0x2d4
 8008d18:	33b0      	adds	r3, #176	@ 0xb0
 8008d1a:	f850 3023 	ldr.w	r3, [r0, r3, lsl #2]
 8008d1e:	b12b      	cbz	r3, 8008d2c <USBD_CDC_SetTxBuffer+0x18>
 8008d20:	f8c3 1208 	str.w	r1, [r3, #520]	@ 0x208
 8008d24:	f8c3 2210 	str.w	r2, [r3, #528]	@ 0x210
 8008d28:	2000      	movs	r0, #0
 8008d2a:	4770      	bx	lr
 8008d2c:	2003      	movs	r0, #3
 8008d2e:	4770      	bx	lr

08008d30 <USBD_CDC_SetRxBuffer>:
 8008d30:	f8d0 32d4 	ldr.w	r3, [r0, #724]	@ 0x2d4
 8008d34:	33b0      	adds	r3, #176	@ 0xb0
 8008d36:	f850 3023 	ldr.w	r3, [r0, r3, lsl #2]
 8008d3a:	b11b      	cbz	r3, 8008d44 <USBD_CDC_SetRxBuffer+0x14>
 8008d3c:	f8c3 1204 	str.w	r1, [r3, #516]	@ 0x204
 8008d40:	2000      	movs	r0, #0
 8008d42:	4770      	bx	lr
 8008d44:	2003      	movs	r0, #3
 8008d46:	4770      	bx	lr

08008d48 <USBD_CDC_TransmitPacket>:
 8008d48:	b508      	push	{r3, lr}
 8008d4a:	f8d0 32d4 	ldr.w	r3, [r0, #724]	@ 0x2d4
 8008d4e:	33b0      	adds	r3, #176	@ 0xb0
 8008d50:	f850 2023 	ldr.w	r2, [r0, r3, lsl #2]
 8008d54:	b18a      	cbz	r2, 8008d7a <USBD_CDC_TransmitPacket+0x32>
 8008d56:	f8d2 3214 	ldr.w	r3, [r2, #532]	@ 0x214
 8008d5a:	b10b      	cbz	r3, 8008d60 <USBD_CDC_TransmitPacket+0x18>
 8008d5c:	2001      	movs	r0, #1
 8008d5e:	bd08      	pop	{r3, pc}
 8008d60:	2301      	movs	r3, #1
 8008d62:	f8c2 3214 	str.w	r3, [r2, #532]	@ 0x214
 8008d66:	f8d2 3210 	ldr.w	r3, [r2, #528]	@ 0x210
 8008d6a:	6283      	str	r3, [r0, #40]	@ 0x28
 8008d6c:	f8d2 2208 	ldr.w	r2, [r2, #520]	@ 0x208
 8008d70:	2181      	movs	r1, #129	@ 0x81
 8008d72:	f000 f9b6 	bl	80090e2 <USBD_LL_Transmit>
 8008d76:	2000      	movs	r0, #0
 8008d78:	e7f1      	b.n	8008d5e <USBD_CDC_TransmitPacket+0x16>
 8008d7a:	2003      	movs	r0, #3
 8008d7c:	e7ef      	b.n	8008d5e <USBD_CDC_TransmitPacket+0x16>

08008d7e <USBD_CDC_ReceivePacket>:
 8008d7e:	b510      	push	{r4, lr}
 8008d80:	f8d0 32d4 	ldr.w	r3, [r0, #724]	@ 0x2d4
 8008d84:	33b0      	adds	r3, #176	@ 0xb0
 8008d86:	f850 2023 	ldr.w	r2, [r0, r3, lsl #2]
 8008d8a:	b192      	cbz	r2, 8008db2 <USBD_CDC_ReceivePacket+0x34>
 8008d8c:	7c04      	ldrb	r4, [r0, #16]
 8008d8e:	b944      	cbnz	r4, 8008da2 <USBD_CDC_ReceivePacket+0x24>
 8008d90:	f44f 7300 	mov.w	r3, #512	@ 0x200
 8008d94:	f8d2 2204 	ldr.w	r2, [r2, #516]	@ 0x204
 8008d98:	2101      	movs	r1, #1
 8008d9a:	f000 f9aa 	bl	80090f2 <USBD_LL_PrepareReceive>
 8008d9e:	4620      	mov	r0, r4
 8008da0:	bd10      	pop	{r4, pc}
 8008da2:	2340      	movs	r3, #64	@ 0x40
 8008da4:	f8d2 2204 	ldr.w	r2, [r2, #516]	@ 0x204
 8008da8:	2101      	movs	r1, #1
 8008daa:	f000 f9a2 	bl	80090f2 <USBD_LL_PrepareReceive>
 8008dae:	2400      	movs	r4, #0
 8008db0:	e7f5      	b.n	8008d9e <USBD_CDC_ReceivePacket+0x20>
 8008db2:	2403      	movs	r4, #3
 8008db4:	e7f3      	b.n	8008d9e <USBD_CDC_ReceivePacket+0x20>

08008db6 <CDC_DeInit_FS>:
 8008db6:	2000      	movs	r0, #0
 8008db8:	4770      	bx	lr

08008dba <CDC_Control_FS>:
 8008dba:	2000      	movs	r0, #0
 8008dbc:	4770      	bx	lr

08008dbe <CDC_TransmitCplt_FS>:
 8008dbe:	2000      	movs	r0, #0
 8008dc0:	4770      	bx	lr
	...

08008dc4 <CDC_Receive_FS>:
 8008dc4:	b510      	push	{r4, lr}
 8008dc6:	4601      	mov	r1, r0
 8008dc8:	4c04      	ldr	r4, [pc, #16]	@ (8008ddc <CDC_Receive_FS+0x18>)
 8008dca:	4620      	mov	r0, r4
 8008dcc:	f7ff ffb0 	bl	8008d30 <USBD_CDC_SetRxBuffer>
 8008dd0:	4620      	mov	r0, r4
 8008dd2:	f7ff ffd4 	bl	8008d7e <USBD_CDC_ReceivePacket>
 8008dd6:	2000      	movs	r0, #0
 8008dd8:	bd10      	pop	{r4, pc}
 8008dda:	bf00      	nop
 8008ddc:	20000808 	.word	0x20000808

08008de0 <CDC_Init_FS>:
 8008de0:	b510      	push	{r4, lr}
 8008de2:	4c06      	ldr	r4, [pc, #24]	@ (8008dfc <CDC_Init_FS+0x1c>)
 8008de4:	2200      	movs	r2, #0
 8008de6:	4906      	ldr	r1, [pc, #24]	@ (8008e00 <CDC_Init_FS+0x20>)
 8008de8:	4620      	mov	r0, r4
 8008dea:	f7ff ff93 	bl	8008d14 <USBD_CDC_SetTxBuffer>
 8008dee:	4905      	ldr	r1, [pc, #20]	@ (8008e04 <CDC_Init_FS+0x24>)
 8008df0:	4620      	mov	r0, r4
 8008df2:	f7ff ff9d 	bl	8008d30 <USBD_CDC_SetRxBuffer>
 8008df6:	2000      	movs	r0, #0
 8008df8:	bd10      	pop	{r4, pc}
 8008dfa:	bf00      	nop
 8008dfc:	20000808 	.word	0x20000808
 8008e00:	20000ae4 	.word	0x20000ae4
 8008e04:	200012e4 	.word	0x200012e4

08008e08 <CDC_Transmit_FS>:
 8008e08:	b508      	push	{r3, lr}
 8008e0a:	4b08      	ldr	r3, [pc, #32]	@ (8008e2c <CDC_Transmit_FS+0x24>)
 8008e0c:	f8d3 32bc 	ldr.w	r3, [r3, #700]	@ 0x2bc
 8008e10:	f8d3 3214 	ldr.w	r3, [r3, #532]	@ 0x214
 8008e14:	b10b      	cbz	r3, 8008e1a <CDC_Transmit_FS+0x12>
 8008e16:	2001      	movs	r0, #1
 8008e18:	bd08      	pop	{r3, pc}
 8008e1a:	460a      	mov	r2, r1
 8008e1c:	4601      	mov	r1, r0
 8008e1e:	4803      	ldr	r0, [pc, #12]	@ (8008e2c <CDC_Transmit_FS+0x24>)
 8008e20:	f7ff ff78 	bl	8008d14 <USBD_CDC_SetTxBuffer>
 8008e24:	4801      	ldr	r0, [pc, #4]	@ (8008e2c <CDC_Transmit_FS+0x24>)
 8008e26:	f7ff ff8f 	bl	8008d48 <USBD_CDC_TransmitPacket>
 8008e2a:	e7f5      	b.n	8008e18 <CDC_Transmit_FS+0x10>
 8008e2c:	20000808 	.word	0x20000808

08008e30 <USBD_Get_USB_Status>:
 8008e30:	2802      	cmp	r0, #2
 8008e32:	d004      	beq.n	8008e3e <USBD_Get_USB_Status+0xe>
 8008e34:	d805      	bhi.n	8008e42 <USBD_Get_USB_Status+0x12>
 8008e36:	b108      	cbz	r0, 8008e3c <USBD_Get_USB_Status+0xc>
 8008e38:	2003      	movs	r0, #3
 8008e3a:	4770      	bx	lr
 8008e3c:	4770      	bx	lr
 8008e3e:	2001      	movs	r0, #1
 8008e40:	4770      	bx	lr
 8008e42:	2003      	movs	r0, #3
 8008e44:	4770      	bx	lr

08008e46 <SystemClockConfig_Resume>:
 8008e46:	b508      	push	{r3, lr}
 8008e48:	f7fa fa34 	bl	80032b4 <SystemClock_Config>
 8008e4c:	bd08      	pop	{r3, pc}
	...

08008e50 <HAL_PCD_MspInit>:
 8008e50:	b510      	push	{r4, lr}
 8008e52:	b09c      	sub	sp, #112	@ 0x70
 8008e54:	4604      	mov	r4, r0
 8008e56:	2100      	movs	r1, #0
 8008e58:	9117      	str	r1, [sp, #92]	@ 0x5c
 8008e5a:	9118      	str	r1, [sp, #96]	@ 0x60
 8008e5c:	9119      	str	r1, [sp, #100]	@ 0x64
 8008e5e:	911a      	str	r1, [sp, #104]	@ 0x68
 8008e60:	911b      	str	r1, [sp, #108]	@ 0x6c
 8008e62:	2250      	movs	r2, #80	@ 0x50
 8008e64:	a803      	add	r0, sp, #12
 8008e66:	f001 fdbd 	bl	800a9e4 <memset>
 8008e6a:	6822      	ldr	r2, [r4, #0]
 8008e6c:	4b25      	ldr	r3, [pc, #148]	@ (8008f04 <HAL_PCD_MspInit+0xb4>)
 8008e6e:	429a      	cmp	r2, r3
 8008e70:	d001      	beq.n	8008e76 <HAL_PCD_MspInit+0x26>
 8008e72:	b01c      	add	sp, #112	@ 0x70
 8008e74:	bd10      	pop	{r4, pc}
 8008e76:	f44f 7380 	mov.w	r3, #256	@ 0x100
 8008e7a:	9303      	str	r3, [sp, #12]
 8008e7c:	2318      	movs	r3, #24
 8008e7e:	9304      	str	r3, [sp, #16]
 8008e80:	f44f 3300 	mov.w	r3, #131072	@ 0x20000
 8008e84:	9305      	str	r3, [sp, #20]
 8008e86:	f04f 7300 	mov.w	r3, #33554432	@ 0x2000000
 8008e8a:	9306      	str	r3, [sp, #24]
 8008e8c:	f04f 5300 	mov.w	r3, #536870912	@ 0x20000000
 8008e90:	9307      	str	r3, [sp, #28]
 8008e92:	f04f 7380 	mov.w	r3, #16777216	@ 0x1000000
 8008e96:	9308      	str	r3, [sp, #32]
 8008e98:	f04f 6380 	mov.w	r3, #67108864	@ 0x4000000
 8008e9c:	9310      	str	r3, [sp, #64]	@ 0x40
 8008e9e:	a803      	add	r0, sp, #12
 8008ea0:	f7fd fdc1 	bl	8006a26 <HAL_RCCEx_PeriphCLKConfig>
 8008ea4:	bb58      	cbnz	r0, 8008efe <HAL_PCD_MspInit+0xae>
 8008ea6:	f04f 44b0 	mov.w	r4, #1476395008	@ 0x58000000
 8008eaa:	6ce3      	ldr	r3, [r4, #76]	@ 0x4c
 8008eac:	f043 0301 	orr.w	r3, r3, #1
 8008eb0:	64e3      	str	r3, [r4, #76]	@ 0x4c
 8008eb2:	6ce3      	ldr	r3, [r4, #76]	@ 0x4c
 8008eb4:	f003 0301 	and.w	r3, r3, #1
 8008eb8:	9302      	str	r3, [sp, #8]
 8008eba:	9b02      	ldr	r3, [sp, #8]
 8008ebc:	f44f 53c0 	mov.w	r3, #6144	@ 0x1800
 8008ec0:	9317      	str	r3, [sp, #92]	@ 0x5c
 8008ec2:	2302      	movs	r3, #2
 8008ec4:	9318      	str	r3, [sp, #96]	@ 0x60
 8008ec6:	2300      	movs	r3, #0
 8008ec8:	9319      	str	r3, [sp, #100]	@ 0x64
 8008eca:	931a      	str	r3, [sp, #104]	@ 0x68
 8008ecc:	230a      	movs	r3, #10
 8008ece:	931b      	str	r3, [sp, #108]	@ 0x6c
 8008ed0:	a917      	add	r1, sp, #92	@ 0x5c
 8008ed2:	f04f 4090 	mov.w	r0, #1207959552	@ 0x48000000
 8008ed6:	f7fb f8bb 	bl	8004050 <HAL_GPIO_Init>
 8008eda:	6da3      	ldr	r3, [r4, #88]	@ 0x58
 8008edc:	f043 6380 	orr.w	r3, r3, #67108864	@ 0x4000000
 8008ee0:	65a3      	str	r3, [r4, #88]	@ 0x58
 8008ee2:	6da3      	ldr	r3, [r4, #88]	@ 0x58
 8008ee4:	f003 6380 	and.w	r3, r3, #67108864	@ 0x4000000
 8008ee8:	9301      	str	r3, [sp, #4]
 8008eea:	9b01      	ldr	r3, [sp, #4]
 8008eec:	2200      	movs	r2, #0
 8008eee:	4611      	mov	r1, r2
 8008ef0:	2014      	movs	r0, #20
 8008ef2:	f7fb f869 	bl	8003fc8 <HAL_NVIC_SetPriority>
 8008ef6:	2014      	movs	r0, #20
 8008ef8:	f7fb f876 	bl	8003fe8 <HAL_NVIC_EnableIRQ>
 8008efc:	e7b9      	b.n	8008e72 <HAL_PCD_MspInit+0x22>
 8008efe:	f7fa f9d7 	bl	80032b0 <Error_Handler>
 8008f02:	e7d0      	b.n	8008ea6 <HAL_PCD_MspInit+0x56>
 8008f04:	40006800 	.word	0x40006800

08008f08 <HAL_PCD_SetupStageCallback>:
 8008f08:	b508      	push	{r3, lr}
 8008f0a:	f500 7126 	add.w	r1, r0, #664	@ 0x298
 8008f0e:	f8d0 02d8 	ldr.w	r0, [r0, #728]	@ 0x2d8
 8008f12:	f000 f971 	bl	80091f8 <USBD_LL_SetupStage>
 8008f16:	bd08      	pop	{r3, pc}

08008f18 <HAL_PCD_DataOutStageCallback>:
 8008f18:	b508      	push	{r3, lr}
 8008f1a:	eb01 0381 	add.w	r3, r1, r1, lsl #2
 8008f1e:	eb00 03c3 	add.w	r3, r0, r3, lsl #3
 8008f22:	f8d3 2164 	ldr.w	r2, [r3, #356]	@ 0x164
 8008f26:	f8d0 02d8 	ldr.w	r0, [r0, #728]	@ 0x2d8
 8008f2a:	f000 f9f6 	bl	800931a <USBD_LL_DataOutStage>
 8008f2e:	bd08      	pop	{r3, pc}

08008f30 <HAL_PCD_DataInStageCallback>:
 8008f30:	b508      	push	{r3, lr}
 8008f32:	eb01 0381 	add.w	r3, r1, r1, lsl #2
 8008f36:	eb00 03c3 	add.w	r3, r0, r3, lsl #3
 8008f3a:	6a5a      	ldr	r2, [r3, #36]	@ 0x24
 8008f3c:	f8d0 02d8 	ldr.w	r0, [r0, #728]	@ 0x2d8
 8008f40:	f000 fa4e 	bl	80093e0 <USBD_LL_DataInStage>
 8008f44:	bd08      	pop	{r3, pc}

08008f46 <HAL_PCD_SOFCallback>:
 8008f46:	b508      	push	{r3, lr}
 8008f48:	f8d0 02d8 	ldr.w	r0, [r0, #728]	@ 0x2d8
 8008f4c:	f000 f9d1 	bl	80092f2 <USBD_LL_SOF>
 8008f50:	bd08      	pop	{r3, pc}

08008f52 <HAL_PCD_ResetCallback>:
 8008f52:	b510      	push	{r4, lr}
 8008f54:	4604      	mov	r4, r0
 8008f56:	7943      	ldrb	r3, [r0, #5]
 8008f58:	2b02      	cmp	r3, #2
 8008f5a:	d109      	bne.n	8008f70 <HAL_PCD_ResetCallback+0x1e>
 8008f5c:	2101      	movs	r1, #1
 8008f5e:	f8d4 02d8 	ldr.w	r0, [r4, #728]	@ 0x2d8
 8008f62:	f000 f9a9 	bl	80092b8 <USBD_LL_SetSpeed>
 8008f66:	f8d4 02d8 	ldr.w	r0, [r4, #728]	@ 0x2d8
 8008f6a:	f000 f971 	bl	8009250 <USBD_LL_Reset>
 8008f6e:	bd10      	pop	{r4, pc}
 8008f70:	f7fa f99e 	bl	80032b0 <Error_Handler>
 8008f74:	e7f2      	b.n	8008f5c <HAL_PCD_ResetCallback+0xa>
	...

08008f78 <HAL_PCD_SuspendCallback>:
 8008f78:	b510      	push	{r4, lr}
 8008f7a:	4604      	mov	r4, r0
 8008f7c:	f8d0 02d8 	ldr.w	r0, [r0, #728]	@ 0x2d8
 8008f80:	f000 f99d 	bl	80092be <USBD_LL_Suspend>
 8008f84:	7a63      	ldrb	r3, [r4, #9]
 8008f86:	b123      	cbz	r3, 8008f92 <HAL_PCD_SuspendCallback+0x1a>
 8008f88:	4a02      	ldr	r2, [pc, #8]	@ (8008f94 <HAL_PCD_SuspendCallback+0x1c>)
 8008f8a:	6913      	ldr	r3, [r2, #16]
 8008f8c:	f043 0306 	orr.w	r3, r3, #6
 8008f90:	6113      	str	r3, [r2, #16]
 8008f92:	bd10      	pop	{r4, pc}
 8008f94:	e000ed00 	.word	0xe000ed00

08008f98 <HAL_PCD_ResumeCallback>:
 8008f98:	b510      	push	{r4, lr}
 8008f9a:	4604      	mov	r4, r0
 8008f9c:	7a43      	ldrb	r3, [r0, #9]
 8008f9e:	b923      	cbnz	r3, 8008faa <HAL_PCD_ResumeCallback+0x12>
 8008fa0:	f8d4 02d8 	ldr.w	r0, [r4, #728]	@ 0x2d8
 8008fa4:	f000 f999 	bl	80092da <USBD_LL_Resume>
 8008fa8:	bd10      	pop	{r4, pc}
 8008faa:	4a04      	ldr	r2, [pc, #16]	@ (8008fbc <HAL_PCD_ResumeCallback+0x24>)
 8008fac:	6913      	ldr	r3, [r2, #16]
 8008fae:	f023 0306 	bic.w	r3, r3, #6
 8008fb2:	6113      	str	r3, [r2, #16]
 8008fb4:	f7ff ff47 	bl	8008e46 <SystemClockConfig_Resume>
 8008fb8:	e7f2      	b.n	8008fa0 <HAL_PCD_ResumeCallback+0x8>
 8008fba:	bf00      	nop
 8008fbc:	e000ed00 	.word	0xe000ed00

08008fc0 <USBD_LL_Init>:
 8008fc0:	b538      	push	{r3, r4, r5, lr}
 8008fc2:	4605      	mov	r5, r0
 8008fc4:	4c20      	ldr	r4, [pc, #128]	@ (8009048 <USBD_LL_Init+0x88>)
 8008fc6:	f8c4 02d8 	str.w	r0, [r4, #728]	@ 0x2d8
 8008fca:	f8c0 42c8 	str.w	r4, [r0, #712]	@ 0x2c8
 8008fce:	f7fc fe85 	bl	8005cdc <HAL_PWREx_EnableVddUSB>
 8008fd2:	4b1e      	ldr	r3, [pc, #120]	@ (800904c <USBD_LL_Init+0x8c>)
 8008fd4:	6023      	str	r3, [r4, #0]
 8008fd6:	2308      	movs	r3, #8
 8008fd8:	7123      	strb	r3, [r4, #4]
 8008fda:	2302      	movs	r3, #2
 8008fdc:	7163      	strb	r3, [r4, #5]
 8008fde:	71e3      	strb	r3, [r4, #7]
 8008fe0:	2300      	movs	r3, #0
 8008fe2:	7223      	strb	r3, [r4, #8]
 8008fe4:	7263      	strb	r3, [r4, #9]
 8008fe6:	72a3      	strb	r3, [r4, #10]
 8008fe8:	72e3      	strb	r3, [r4, #11]
 8008fea:	4620      	mov	r0, r4
 8008fec:	f7fb fee2 	bl	8004db4 <HAL_PCD_Init>
 8008ff0:	bb30      	cbnz	r0, 8009040 <USBD_LL_Init+0x80>
 8008ff2:	2318      	movs	r3, #24
 8008ff4:	2200      	movs	r2, #0
 8008ff6:	4611      	mov	r1, r2
 8008ff8:	f8d5 02c8 	ldr.w	r0, [r5, #712]	@ 0x2c8
 8008ffc:	f7fc fe2b 	bl	8005c56 <HAL_PCDEx_PMAConfig>
 8009000:	2358      	movs	r3, #88	@ 0x58
 8009002:	2200      	movs	r2, #0
 8009004:	2180      	movs	r1, #128	@ 0x80
 8009006:	f8d5 02c8 	ldr.w	r0, [r5, #712]	@ 0x2c8
 800900a:	f7fc fe24 	bl	8005c56 <HAL_PCDEx_PMAConfig>
 800900e:	23c0      	movs	r3, #192	@ 0xc0
 8009010:	2200      	movs	r2, #0
 8009012:	2181      	movs	r1, #129	@ 0x81
 8009014:	f8d5 02c8 	ldr.w	r0, [r5, #712]	@ 0x2c8
 8009018:	f7fc fe1d 	bl	8005c56 <HAL_PCDEx_PMAConfig>
 800901c:	f44f 7388 	mov.w	r3, #272	@ 0x110
 8009020:	2200      	movs	r2, #0
 8009022:	2101      	movs	r1, #1
 8009024:	f8d5 02c8 	ldr.w	r0, [r5, #712]	@ 0x2c8
 8009028:	f7fc fe15 	bl	8005c56 <HAL_PCDEx_PMAConfig>
 800902c:	f44f 7380 	mov.w	r3, #256	@ 0x100
 8009030:	2200      	movs	r2, #0
 8009032:	2182      	movs	r1, #130	@ 0x82
 8009034:	f8d5 02c8 	ldr.w	r0, [r5, #712]	@ 0x2c8
 8009038:	f7fc fe0d 	bl	8005c56 <HAL_PCDEx_PMAConfig>
 800903c:	2000      	movs	r0, #0
 800903e:	bd38      	pop	{r3, r4, r5, pc}
 8009040:	f7fa f936 	bl	80032b0 <Error_Handler>
 8009044:	e7d5      	b.n	8008ff2 <USBD_LL_Init+0x32>
 8009046:	bf00      	nop
 8009048:	20001d04 	.word	0x20001d04
 800904c:	40006800 	.word	0x40006800

08009050 <USBD_LL_Start>:
 8009050:	b508      	push	{r3, lr}
 8009052:	f8d0 02c8 	ldr.w	r0, [r0, #712]	@ 0x2c8
 8009056:	f7fb ff08 	bl	8004e6a <HAL_PCD_Start>
 800905a:	f7ff fee9 	bl	8008e30 <USBD_Get_USB_Status>
 800905e:	bd08      	pop	{r3, pc}

08009060 <USBD_LL_OpenEP>:
 8009060:	b508      	push	{r3, lr}
 8009062:	4694      	mov	ip, r2
 8009064:	461a      	mov	r2, r3
 8009066:	4663      	mov	r3, ip
 8009068:	f8d0 02c8 	ldr.w	r0, [r0, #712]	@ 0x2c8
 800906c:	f7fc fcb6 	bl	80059dc <HAL_PCD_EP_Open>
 8009070:	f7ff fede 	bl	8008e30 <USBD_Get_USB_Status>
 8009074:	bd08      	pop	{r3, pc}

08009076 <USBD_LL_CloseEP>:
 8009076:	b508      	push	{r3, lr}
 8009078:	f8d0 02c8 	ldr.w	r0, [r0, #712]	@ 0x2c8
 800907c:	f7fc fcf1 	bl	8005a62 <HAL_PCD_EP_Close>
 8009080:	f7ff fed6 	bl	8008e30 <USBD_Get_USB_Status>
 8009084:	bd08      	pop	{r3, pc}

08009086 <USBD_LL_StallEP>:
 8009086:	b508      	push	{r3, lr}
 8009088:	f8d0 02c8 	ldr.w	r0, [r0, #712]	@ 0x2c8
 800908c:	f7fc fd6b 	bl	8005b66 <HAL_PCD_EP_SetStall>
 8009090:	f7ff fece 	bl	8008e30 <USBD_Get_USB_Status>
 8009094:	bd08      	pop	{r3, pc}

08009096 <USBD_LL_ClearStallEP>:
 8009096:	b508      	push	{r3, lr}
 8009098:	f8d0 02c8 	ldr.w	r0, [r0, #712]	@ 0x2c8
 800909c:	f7fc fd9c 	bl	8005bd8 <HAL_PCD_EP_ClrStall>
 80090a0:	f7ff fec6 	bl	8008e30 <USBD_Get_USB_Status>
 80090a4:	bd08      	pop	{r3, pc}

080090a6 <USBD_LL_IsStallEP>:
 80090a6:	f8d0 32c8 	ldr.w	r3, [r0, #712]	@ 0x2c8
 80090aa:	f011 0f80 	tst.w	r1, #128	@ 0x80
 80090ae:	d108      	bne.n	80090c2 <USBD_LL_IsStallEP+0x1c>
 80090b0:	f001 017f 	and.w	r1, r1, #127	@ 0x7f
 80090b4:	eb01 0181 	add.w	r1, r1, r1, lsl #2
 80090b8:	eb03 03c1 	add.w	r3, r3, r1, lsl #3
 80090bc:	f893 0152 	ldrb.w	r0, [r3, #338]	@ 0x152
 80090c0:	4770      	bx	lr
 80090c2:	f001 017f 	and.w	r1, r1, #127	@ 0x7f
 80090c6:	eb01 0181 	add.w	r1, r1, r1, lsl #2
 80090ca:	eb03 03c1 	add.w	r3, r3, r1, lsl #3
 80090ce:	7c98      	ldrb	r0, [r3, #18]
 80090d0:	4770      	bx	lr

080090d2 <USBD_LL_SetUSBAddress>:
 80090d2:	b508      	push	{r3, lr}
 80090d4:	f8d0 02c8 	ldr.w	r0, [r0, #712]	@ 0x2c8
 80090d8:	f7fc fb94 	bl	8005804 <HAL_PCD_SetAddress>
 80090dc:	f7ff fea8 	bl	8008e30 <USBD_Get_USB_Status>
 80090e0:	bd08      	pop	{r3, pc}

080090e2 <USBD_LL_Transmit>:
 80090e2:	b508      	push	{r3, lr}
 80090e4:	f8d0 02c8 	ldr.w	r0, [r0, #712]	@ 0x2c8
 80090e8:	f7fc fd17 	bl	8005b1a <HAL_PCD_EP_Transmit>
 80090ec:	f7ff fea0 	bl	8008e30 <USBD_Get_USB_Status>
 80090f0:	bd08      	pop	{r3, pc}

080090f2 <USBD_LL_PrepareReceive>:
 80090f2:	b508      	push	{r3, lr}
 80090f4:	f8d0 02c8 	ldr.w	r0, [r0, #712]	@ 0x2c8
 80090f8:	f7fc fce9 	bl	8005ace <HAL_PCD_EP_Receive>
 80090fc:	f7ff fe98 	bl	8008e30 <USBD_Get_USB_Status>
 8009100:	bd08      	pop	{r3, pc}

08009102 <USBD_LL_GetRxDataSize>:
 8009102:	b508      	push	{r3, lr}
 8009104:	f8d0 02c8 	ldr.w	r0, [r0, #712]	@ 0x2c8
 8009108:	f7fc fcfe 	bl	8005b08 <HAL_PCD_EP_GetRxCount>
 800910c:	bd08      	pop	{r3, pc}
	...

08009110 <HAL_PCDEx_LPM_Callback>:
 8009110:	b510      	push	{r4, lr}
 8009112:	4604      	mov	r4, r0
 8009114:	b169      	cbz	r1, 8009132 <HAL_PCDEx_LPM_Callback+0x22>
 8009116:	2901      	cmp	r1, #1
 8009118:	d111      	bne.n	800913e <HAL_PCDEx_LPM_Callback+0x2e>
 800911a:	f8d0 02d8 	ldr.w	r0, [r0, #728]	@ 0x2d8
 800911e:	f000 f8ce 	bl	80092be <USBD_LL_Suspend>
 8009122:	7a63      	ldrb	r3, [r4, #9]
 8009124:	b15b      	cbz	r3, 800913e <HAL_PCDEx_LPM_Callback+0x2e>
 8009126:	4a0a      	ldr	r2, [pc, #40]	@ (8009150 <HAL_PCDEx_LPM_Callback+0x40>)
 8009128:	6913      	ldr	r3, [r2, #16]
 800912a:	f043 0306 	orr.w	r3, r3, #6
 800912e:	6113      	str	r3, [r2, #16]
 8009130:	e005      	b.n	800913e <HAL_PCDEx_LPM_Callback+0x2e>
 8009132:	7a43      	ldrb	r3, [r0, #9]
 8009134:	b923      	cbnz	r3, 8009140 <HAL_PCDEx_LPM_Callback+0x30>
 8009136:	f8d4 02d8 	ldr.w	r0, [r4, #728]	@ 0x2d8
 800913a:	f000 f8ce 	bl	80092da <USBD_LL_Resume>
 800913e:	bd10      	pop	{r4, pc}
 8009140:	f7ff fe81 	bl	8008e46 <SystemClockConfig_Resume>
 8009144:	4a02      	ldr	r2, [pc, #8]	@ (8009150 <HAL_PCDEx_LPM_Callback+0x40>)
 8009146:	6913      	ldr	r3, [r2, #16]
 8009148:	f023 0306 	bic.w	r3, r3, #6
 800914c:	6113      	str	r3, [r2, #16]
 800914e:	e7f2      	b.n	8009136 <HAL_PCDEx_LPM_Callback+0x26>
 8009150:	e000ed00 	.word	0xe000ed00

08009154 <USBD_static_malloc>:
 8009154:	4800      	ldr	r0, [pc, #0]	@ (8009158 <USBD_static_malloc+0x4>)
 8009156:	4770      	bx	lr
 8009158:	20001ae4 	.word	0x20001ae4

0800915c <USBD_static_free>:
 800915c:	4770      	bx	lr

0800915e <USBD_Init>:
 800915e:	b198      	cbz	r0, 8009188 <USBD_Init+0x2a>
 8009160:	b508      	push	{r3, lr}
 8009162:	4603      	mov	r3, r0
 8009164:	2000      	movs	r0, #0
 8009166:	f8c3 02b8 	str.w	r0, [r3, #696]	@ 0x2b8
 800916a:	f8c3 02c4 	str.w	r0, [r3, #708]	@ 0x2c4
 800916e:	f8c3 02d0 	str.w	r0, [r3, #720]	@ 0x2d0
 8009172:	b109      	cbz	r1, 8009178 <USBD_Init+0x1a>
 8009174:	f8c3 12b4 	str.w	r1, [r3, #692]	@ 0x2b4
 8009178:	2101      	movs	r1, #1
 800917a:	f883 129c 	strb.w	r1, [r3, #668]	@ 0x29c
 800917e:	701a      	strb	r2, [r3, #0]
 8009180:	4618      	mov	r0, r3
 8009182:	f7ff ff1d 	bl	8008fc0 <USBD_LL_Init>
 8009186:	bd08      	pop	{r3, pc}
 8009188:	2003      	movs	r0, #3
 800918a:	4770      	bx	lr

0800918c <USBD_RegisterClass>:
 800918c:	b510      	push	{r4, lr}
 800918e:	b082      	sub	sp, #8
 8009190:	2300      	movs	r3, #0
 8009192:	f8ad 3006 	strh.w	r3, [sp, #6]
 8009196:	b1b9      	cbz	r1, 80091c8 <USBD_RegisterClass+0x3c>
 8009198:	4604      	mov	r4, r0
 800919a:	f8c0 12b8 	str.w	r1, [r0, #696]	@ 0x2b8
 800919e:	f8d0 22d4 	ldr.w	r2, [r0, #724]	@ 0x2d4
 80091a2:	6acb      	ldr	r3, [r1, #44]	@ 0x2c
 80091a4:	b143      	cbz	r3, 80091b8 <USBD_RegisterClass+0x2c>
 80091a6:	32ae      	adds	r2, #174	@ 0xae
 80091a8:	f850 3022 	ldr.w	r3, [r0, r2, lsl #2]
 80091ac:	6adb      	ldr	r3, [r3, #44]	@ 0x2c
 80091ae:	f10d 0006 	add.w	r0, sp, #6
 80091b2:	4798      	blx	r3
 80091b4:	f8c4 02d0 	str.w	r0, [r4, #720]	@ 0x2d0
 80091b8:	f8d4 32d8 	ldr.w	r3, [r4, #728]	@ 0x2d8
 80091bc:	3301      	adds	r3, #1
 80091be:	f8c4 32d8 	str.w	r3, [r4, #728]	@ 0x2d8
 80091c2:	2000      	movs	r0, #0
 80091c4:	b002      	add	sp, #8
 80091c6:	bd10      	pop	{r4, pc}
 80091c8:	2003      	movs	r0, #3
 80091ca:	e7fb      	b.n	80091c4 <USBD_RegisterClass+0x38>

080091cc <USBD_Start>:
 80091cc:	b508      	push	{r3, lr}
 80091ce:	f7ff ff3f 	bl	8009050 <USBD_LL_Start>
 80091d2:	bd08      	pop	{r3, pc}

080091d4 <USBD_SetClassConfig>:
 80091d4:	b508      	push	{r3, lr}
 80091d6:	f8d0 32b8 	ldr.w	r3, [r0, #696]	@ 0x2b8
 80091da:	b113      	cbz	r3, 80091e2 <USBD_SetClassConfig+0xe>
 80091dc:	681b      	ldr	r3, [r3, #0]
 80091de:	4798      	blx	r3
 80091e0:	bd08      	pop	{r3, pc}
 80091e2:	4618      	mov	r0, r3
 80091e4:	e7fc      	b.n	80091e0 <USBD_SetClassConfig+0xc>

080091e6 <USBD_ClrClassConfig>:
 80091e6:	b508      	push	{r3, lr}
 80091e8:	f8d0 32b8 	ldr.w	r3, [r0, #696]	@ 0x2b8
 80091ec:	685b      	ldr	r3, [r3, #4]
 80091ee:	4798      	blx	r3
 80091f0:	b900      	cbnz	r0, 80091f4 <USBD_ClrClassConfig+0xe>
 80091f2:	bd08      	pop	{r3, pc}
 80091f4:	2003      	movs	r0, #3
 80091f6:	e7fc      	b.n	80091f2 <USBD_ClrClassConfig+0xc>

080091f8 <USBD_LL_SetupStage>:
 80091f8:	b538      	push	{r3, r4, r5, lr}
 80091fa:	4604      	mov	r4, r0
 80091fc:	f200 25aa 	addw	r5, r0, #682	@ 0x2aa
 8009200:	4628      	mov	r0, r5
 8009202:	f000 f987 	bl	8009514 <USBD_ParseSetupRequest>
 8009206:	2301      	movs	r3, #1
 8009208:	f8c4 3294 	str.w	r3, [r4, #660]	@ 0x294
 800920c:	f8b4 32b0 	ldrh.w	r3, [r4, #688]	@ 0x2b0
 8009210:	f8c4 3298 	str.w	r3, [r4, #664]	@ 0x298
 8009214:	f894 12aa 	ldrb.w	r1, [r4, #682]	@ 0x2aa
 8009218:	f001 031f 	and.w	r3, r1, #31
 800921c:	2b01      	cmp	r3, #1
 800921e:	d007      	beq.n	8009230 <USBD_LL_SetupStage+0x38>
 8009220:	2b02      	cmp	r3, #2
 8009222:	d00a      	beq.n	800923a <USBD_LL_SetupStage+0x42>
 8009224:	b973      	cbnz	r3, 8009244 <USBD_LL_SetupStage+0x4c>
 8009226:	4629      	mov	r1, r5
 8009228:	4620      	mov	r0, r4
 800922a:	f000 fb63 	bl	80098f4 <USBD_StdDevReq>
 800922e:	bd38      	pop	{r3, r4, r5, pc}
 8009230:	4629      	mov	r1, r5
 8009232:	4620      	mov	r0, r4
 8009234:	f000 fb9f 	bl	8009976 <USBD_StdItfReq>
 8009238:	e7f9      	b.n	800922e <USBD_LL_SetupStage+0x36>
 800923a:	4629      	mov	r1, r5
 800923c:	4620      	mov	r0, r4
 800923e:	f000 fbe2 	bl	8009a06 <USBD_StdEPReq>
 8009242:	e7f4      	b.n	800922e <USBD_LL_SetupStage+0x36>
 8009244:	f001 0180 	and.w	r1, r1, #128	@ 0x80
 8009248:	4620      	mov	r0, r4
 800924a:	f7ff ff1c 	bl	8009086 <USBD_LL_StallEP>
 800924e:	e7ee      	b.n	800922e <USBD_LL_SetupStage+0x36>

08009250 <USBD_LL_Reset>:
 8009250:	b5f8      	push	{r3, r4, r5, r6, r7, lr}
 8009252:	4604      	mov	r4, r0
 8009254:	2301      	movs	r3, #1
 8009256:	f880 329c 	strb.w	r3, [r0, #668]	@ 0x29c
 800925a:	2300      	movs	r3, #0
 800925c:	f8c0 3294 	str.w	r3, [r0, #660]	@ 0x294
 8009260:	6043      	str	r3, [r0, #4]
 8009262:	f8c0 32a4 	str.w	r3, [r0, #676]	@ 0x2a4
 8009266:	f880 32a0 	strb.w	r3, [r0, #672]	@ 0x2a0
 800926a:	f8d0 32b8 	ldr.w	r3, [r0, #696]	@ 0x2b8
 800926e:	b1e3      	cbz	r3, 80092aa <USBD_LL_Reset+0x5a>
 8009270:	685b      	ldr	r3, [r3, #4]
 8009272:	b1e3      	cbz	r3, 80092ae <USBD_LL_Reset+0x5e>
 8009274:	2100      	movs	r1, #0
 8009276:	4798      	blx	r3
 8009278:	4607      	mov	r7, r0
 800927a:	b9d0      	cbnz	r0, 80092b2 <USBD_LL_Reset+0x62>
 800927c:	2340      	movs	r3, #64	@ 0x40
 800927e:	2200      	movs	r2, #0
 8009280:	4611      	mov	r1, r2
 8009282:	4620      	mov	r0, r4
 8009284:	f7ff feec 	bl	8009060 <USBD_LL_OpenEP>
 8009288:	2601      	movs	r6, #1
 800928a:	f884 6163 	strb.w	r6, [r4, #355]	@ 0x163
 800928e:	2540      	movs	r5, #64	@ 0x40
 8009290:	f8a4 5160 	strh.w	r5, [r4, #352]	@ 0x160
 8009294:	462b      	mov	r3, r5
 8009296:	2200      	movs	r2, #0
 8009298:	2180      	movs	r1, #128	@ 0x80
 800929a:	4620      	mov	r0, r4
 800929c:	f7ff fee0 	bl	8009060 <USBD_LL_OpenEP>
 80092a0:	f884 6023 	strb.w	r6, [r4, #35]	@ 0x23
 80092a4:	8425      	strh	r5, [r4, #32]
 80092a6:	4638      	mov	r0, r7
 80092a8:	bdf8      	pop	{r3, r4, r5, r6, r7, pc}
 80092aa:	461f      	mov	r7, r3
 80092ac:	e7e6      	b.n	800927c <USBD_LL_Reset+0x2c>
 80092ae:	461f      	mov	r7, r3
 80092b0:	e7e4      	b.n	800927c <USBD_LL_Reset+0x2c>
 80092b2:	2303      	movs	r3, #3
 80092b4:	461f      	mov	r7, r3
 80092b6:	e7e1      	b.n	800927c <USBD_LL_Reset+0x2c>

080092b8 <USBD_LL_SetSpeed>:
 80092b8:	7401      	strb	r1, [r0, #16]
 80092ba:	2000      	movs	r0, #0
 80092bc:	4770      	bx	lr

080092be <USBD_LL_Suspend>:
 80092be:	f890 329c 	ldrb.w	r3, [r0, #668]	@ 0x29c
 80092c2:	2b04      	cmp	r3, #4
 80092c4:	d004      	beq.n	80092d0 <USBD_LL_Suspend+0x12>
 80092c6:	f890 329c 	ldrb.w	r3, [r0, #668]	@ 0x29c
 80092ca:	b2db      	uxtb	r3, r3
 80092cc:	f880 329d 	strb.w	r3, [r0, #669]	@ 0x29d
 80092d0:	2304      	movs	r3, #4
 80092d2:	f880 329c 	strb.w	r3, [r0, #668]	@ 0x29c
 80092d6:	2000      	movs	r0, #0
 80092d8:	4770      	bx	lr

080092da <USBD_LL_Resume>:
 80092da:	f890 329c 	ldrb.w	r3, [r0, #668]	@ 0x29c
 80092de:	2b04      	cmp	r3, #4
 80092e0:	d001      	beq.n	80092e6 <USBD_LL_Resume+0xc>
 80092e2:	2000      	movs	r0, #0
 80092e4:	4770      	bx	lr
 80092e6:	f890 329d 	ldrb.w	r3, [r0, #669]	@ 0x29d
 80092ea:	b2db      	uxtb	r3, r3
 80092ec:	f880 329c 	strb.w	r3, [r0, #668]	@ 0x29c
 80092f0:	e7f7      	b.n	80092e2 <USBD_LL_Resume+0x8>

080092f2 <USBD_LL_SOF>:
 80092f2:	b508      	push	{r3, lr}
 80092f4:	f890 329c 	ldrb.w	r3, [r0, #668]	@ 0x29c
 80092f8:	2b03      	cmp	r3, #3
 80092fa:	d001      	beq.n	8009300 <USBD_LL_SOF+0xe>
 80092fc:	2000      	movs	r0, #0
 80092fe:	bd08      	pop	{r3, pc}
 8009300:	f8d0 32b8 	ldr.w	r3, [r0, #696]	@ 0x2b8
 8009304:	2b00      	cmp	r3, #0
 8009306:	d0f9      	beq.n	80092fc <USBD_LL_SOF+0xa>
 8009308:	69db      	ldr	r3, [r3, #28]
 800930a:	2b00      	cmp	r3, #0
 800930c:	d0f6      	beq.n	80092fc <USBD_LL_SOF+0xa>
 800930e:	4798      	blx	r3
 8009310:	e7f4      	b.n	80092fc <USBD_LL_SOF+0xa>

08009312 <USBD_CoreFindIF>:
 8009312:	2000      	movs	r0, #0
 8009314:	4770      	bx	lr

08009316 <USBD_CoreFindEP>:
 8009316:	2000      	movs	r0, #0
 8009318:	4770      	bx	lr

0800931a <USBD_LL_DataOutStage>:
 800931a:	b538      	push	{r3, r4, r5, lr}
 800931c:	4604      	mov	r4, r0
 800931e:	460d      	mov	r5, r1
 8009320:	2900      	cmp	r1, #0
 8009322:	d144      	bne.n	80093ae <USBD_LL_DataOutStage+0x94>
 8009324:	f8d0 3294 	ldr.w	r3, [r0, #660]	@ 0x294
 8009328:	2b03      	cmp	r3, #3
 800932a:	d001      	beq.n	8009330 <USBD_LL_DataOutStage+0x16>
 800932c:	4608      	mov	r0, r1
 800932e:	bd38      	pop	{r3, r4, r5, pc}
 8009330:	f8d0 3158 	ldr.w	r3, [r0, #344]	@ 0x158
 8009334:	f8b0 2160 	ldrh.w	r2, [r0, #352]	@ 0x160
 8009338:	4293      	cmp	r3, r2
 800933a:	d809      	bhi.n	8009350 <USBD_LL_DataOutStage+0x36>
 800933c:	f890 32aa 	ldrb.w	r3, [r0, #682]	@ 0x2aa
 8009340:	f003 031f 	and.w	r3, r3, #31
 8009344:	2b01      	cmp	r3, #1
 8009346:	d012      	beq.n	800936e <USBD_LL_DataOutStage+0x54>
 8009348:	2b02      	cmp	r3, #2
 800934a:	d01e      	beq.n	800938a <USBD_LL_DataOutStage+0x70>
 800934c:	4608      	mov	r0, r1
 800934e:	e013      	b.n	8009378 <USBD_LL_DataOutStage+0x5e>
 8009350:	1a9b      	subs	r3, r3, r2
 8009352:	f8c0 3158 	str.w	r3, [r0, #344]	@ 0x158
 8009356:	f8d0 1164 	ldr.w	r1, [r0, #356]	@ 0x164
 800935a:	4411      	add	r1, r2
 800935c:	f8c0 1164 	str.w	r1, [r0, #356]	@ 0x164
 8009360:	429a      	cmp	r2, r3
 8009362:	bf38      	it	cc
 8009364:	461a      	movcc	r2, r3
 8009366:	f000 fd4c 	bl	8009e02 <USBD_CtlContinueRx>
 800936a:	4628      	mov	r0, r5
 800936c:	e7df      	b.n	800932e <USBD_LL_DataOutStage+0x14>
 800936e:	f890 12ae 	ldrb.w	r1, [r0, #686]	@ 0x2ae
 8009372:	f7ff ffce 	bl	8009312 <USBD_CoreFindIF>
 8009376:	b918      	cbnz	r0, 8009380 <USBD_LL_DataOutStage+0x66>
 8009378:	f894 329c 	ldrb.w	r3, [r4, #668]	@ 0x29c
 800937c:	2b03      	cmp	r3, #3
 800937e:	d009      	beq.n	8009394 <USBD_LL_DataOutStage+0x7a>
 8009380:	4620      	mov	r0, r4
 8009382:	f000 fd46 	bl	8009e12 <USBD_CtlSendStatus>
 8009386:	4628      	mov	r0, r5
 8009388:	e7d1      	b.n	800932e <USBD_LL_DataOutStage+0x14>
 800938a:	f890 12ae 	ldrb.w	r1, [r0, #686]	@ 0x2ae
 800938e:	f7ff ffc2 	bl	8009316 <USBD_CoreFindEP>
 8009392:	e7f0      	b.n	8009376 <USBD_LL_DataOutStage+0x5c>
 8009394:	f100 03ae 	add.w	r3, r0, #174	@ 0xae
 8009398:	f854 3023 	ldr.w	r3, [r4, r3, lsl #2]
 800939c:	691a      	ldr	r2, [r3, #16]
 800939e:	2a00      	cmp	r2, #0
 80093a0:	d0ee      	beq.n	8009380 <USBD_LL_DataOutStage+0x66>
 80093a2:	f8c4 02d4 	str.w	r0, [r4, #724]	@ 0x2d4
 80093a6:	691b      	ldr	r3, [r3, #16]
 80093a8:	4620      	mov	r0, r4
 80093aa:	4798      	blx	r3
 80093ac:	e7e8      	b.n	8009380 <USBD_LL_DataOutStage+0x66>
 80093ae:	f001 017f 	and.w	r1, r1, #127	@ 0x7f
 80093b2:	f7ff ffb0 	bl	8009316 <USBD_CoreFindEP>
 80093b6:	b988      	cbnz	r0, 80093dc <USBD_LL_DataOutStage+0xc2>
 80093b8:	f894 329c 	ldrb.w	r3, [r4, #668]	@ 0x29c
 80093bc:	2b03      	cmp	r3, #3
 80093be:	d1b6      	bne.n	800932e <USBD_LL_DataOutStage+0x14>
 80093c0:	f100 03ae 	add.w	r3, r0, #174	@ 0xae
 80093c4:	f854 3023 	ldr.w	r3, [r4, r3, lsl #2]
 80093c8:	699a      	ldr	r2, [r3, #24]
 80093ca:	2a00      	cmp	r2, #0
 80093cc:	d0af      	beq.n	800932e <USBD_LL_DataOutStage+0x14>
 80093ce:	f8c4 02d4 	str.w	r0, [r4, #724]	@ 0x2d4
 80093d2:	699b      	ldr	r3, [r3, #24]
 80093d4:	4629      	mov	r1, r5
 80093d6:	4620      	mov	r0, r4
 80093d8:	4798      	blx	r3
 80093da:	e7a8      	b.n	800932e <USBD_LL_DataOutStage+0x14>
 80093dc:	2000      	movs	r0, #0
 80093de:	e7a6      	b.n	800932e <USBD_LL_DataOutStage+0x14>

080093e0 <USBD_LL_DataInStage>:
 80093e0:	b538      	push	{r3, r4, r5, lr}
 80093e2:	4604      	mov	r4, r0
 80093e4:	460d      	mov	r5, r1
 80093e6:	2900      	cmp	r1, #0
 80093e8:	d14b      	bne.n	8009482 <USBD_LL_DataInStage+0xa2>
 80093ea:	f8d0 3294 	ldr.w	r3, [r0, #660]	@ 0x294
 80093ee:	2b02      	cmp	r3, #2
 80093f0:	d007      	beq.n	8009402 <USBD_LL_DataInStage+0x22>
 80093f2:	f894 02a0 	ldrb.w	r0, [r4, #672]	@ 0x2a0
 80093f6:	b118      	cbz	r0, 8009400 <USBD_LL_DataInStage+0x20>
 80093f8:	2300      	movs	r3, #0
 80093fa:	f884 32a0 	strb.w	r3, [r4, #672]	@ 0x2a0
 80093fe:	4628      	mov	r0, r5
 8009400:	bd38      	pop	{r3, r4, r5, pc}
 8009402:	6982      	ldr	r2, [r0, #24]
 8009404:	8c03      	ldrh	r3, [r0, #32]
 8009406:	429a      	cmp	r2, r3
 8009408:	d80d      	bhi.n	8009426 <USBD_LL_DataInStage+0x46>
 800940a:	429a      	cmp	r2, r3
 800940c:	d019      	beq.n	8009442 <USBD_LL_DataInStage+0x62>
 800940e:	f894 329c 	ldrb.w	r3, [r4, #668]	@ 0x29c
 8009412:	2b03      	cmp	r3, #3
 8009414:	d029      	beq.n	800946a <USBD_LL_DataInStage+0x8a>
 8009416:	2180      	movs	r1, #128	@ 0x80
 8009418:	4620      	mov	r0, r4
 800941a:	f7ff fe34 	bl	8009086 <USBD_LL_StallEP>
 800941e:	4620      	mov	r0, r4
 8009420:	f000 fd02 	bl	8009e28 <USBD_CtlReceiveStatus>
 8009424:	e7e5      	b.n	80093f2 <USBD_LL_DataInStage+0x12>
 8009426:	1ad2      	subs	r2, r2, r3
 8009428:	6182      	str	r2, [r0, #24]
 800942a:	6a41      	ldr	r1, [r0, #36]	@ 0x24
 800942c:	4419      	add	r1, r3
 800942e:	6241      	str	r1, [r0, #36]	@ 0x24
 8009430:	f000 fcce 	bl	8009dd0 <USBD_CtlContinueSendData>
 8009434:	2300      	movs	r3, #0
 8009436:	461a      	mov	r2, r3
 8009438:	4619      	mov	r1, r3
 800943a:	4620      	mov	r0, r4
 800943c:	f7ff fe59 	bl	80090f2 <USBD_LL_PrepareReceive>
 8009440:	e7d7      	b.n	80093f2 <USBD_LL_DataInStage+0x12>
 8009442:	6942      	ldr	r2, [r0, #20]
 8009444:	4293      	cmp	r3, r2
 8009446:	d8e2      	bhi.n	800940e <USBD_LL_DataInStage+0x2e>
 8009448:	f8d0 3298 	ldr.w	r3, [r0, #664]	@ 0x298
 800944c:	429a      	cmp	r2, r3
 800944e:	d2de      	bcs.n	800940e <USBD_LL_DataInStage+0x2e>
 8009450:	2200      	movs	r2, #0
 8009452:	4611      	mov	r1, r2
 8009454:	f000 fcbc 	bl	8009dd0 <USBD_CtlContinueSendData>
 8009458:	2100      	movs	r1, #0
 800945a:	f8c4 1298 	str.w	r1, [r4, #664]	@ 0x298
 800945e:	460b      	mov	r3, r1
 8009460:	460a      	mov	r2, r1
 8009462:	4620      	mov	r0, r4
 8009464:	f7ff fe45 	bl	80090f2 <USBD_LL_PrepareReceive>
 8009468:	e7c3      	b.n	80093f2 <USBD_LL_DataInStage+0x12>
 800946a:	f8d4 32b8 	ldr.w	r3, [r4, #696]	@ 0x2b8
 800946e:	68da      	ldr	r2, [r3, #12]
 8009470:	2a00      	cmp	r2, #0
 8009472:	d0d0      	beq.n	8009416 <USBD_LL_DataInStage+0x36>
 8009474:	2200      	movs	r2, #0
 8009476:	f8c4 22d4 	str.w	r2, [r4, #724]	@ 0x2d4
 800947a:	68db      	ldr	r3, [r3, #12]
 800947c:	4620      	mov	r0, r4
 800947e:	4798      	blx	r3
 8009480:	e7c9      	b.n	8009416 <USBD_LL_DataInStage+0x36>
 8009482:	f041 0180 	orr.w	r1, r1, #128	@ 0x80
 8009486:	f7ff ff46 	bl	8009316 <USBD_CoreFindEP>
 800948a:	b988      	cbnz	r0, 80094b0 <USBD_LL_DataInStage+0xd0>
 800948c:	f894 329c 	ldrb.w	r3, [r4, #668]	@ 0x29c
 8009490:	2b03      	cmp	r3, #3
 8009492:	d1b5      	bne.n	8009400 <USBD_LL_DataInStage+0x20>
 8009494:	f100 03ae 	add.w	r3, r0, #174	@ 0xae
 8009498:	f854 3023 	ldr.w	r3, [r4, r3, lsl #2]
 800949c:	695a      	ldr	r2, [r3, #20]
 800949e:	2a00      	cmp	r2, #0
 80094a0:	d0ae      	beq.n	8009400 <USBD_LL_DataInStage+0x20>
 80094a2:	f8c4 02d4 	str.w	r0, [r4, #724]	@ 0x2d4
 80094a6:	695b      	ldr	r3, [r3, #20]
 80094a8:	4629      	mov	r1, r5
 80094aa:	4620      	mov	r0, r4
 80094ac:	4798      	blx	r3
 80094ae:	e7a7      	b.n	8009400 <USBD_LL_DataInStage+0x20>
 80094b0:	2000      	movs	r0, #0
 80094b2:	e7a5      	b.n	8009400 <USBD_LL_DataInStage+0x20>

080094b4 <USBD_GetNextDesc>:
 80094b4:	880b      	ldrh	r3, [r1, #0]
 80094b6:	7802      	ldrb	r2, [r0, #0]
 80094b8:	4413      	add	r3, r2
 80094ba:	800b      	strh	r3, [r1, #0]
 80094bc:	7803      	ldrb	r3, [r0, #0]
 80094be:	4418      	add	r0, r3
 80094c0:	4770      	bx	lr

080094c2 <USBD_GetEpDesc>:
 80094c2:	8842      	ldrh	r2, [r0, #2]
 80094c4:	7803      	ldrb	r3, [r0, #0]
 80094c6:	429a      	cmp	r2, r3
 80094c8:	d918      	bls.n	80094fc <USBD_GetEpDesc+0x3a>
 80094ca:	b530      	push	{r4, r5, lr}
 80094cc:	b083      	sub	sp, #12
 80094ce:	4604      	mov	r4, r0
 80094d0:	460d      	mov	r5, r1
 80094d2:	f8ad 3006 	strh.w	r3, [sp, #6]
 80094d6:	8863      	ldrh	r3, [r4, #2]
 80094d8:	f8bd 2006 	ldrh.w	r2, [sp, #6]
 80094dc:	429a      	cmp	r2, r3
 80094de:	d20a      	bcs.n	80094f6 <USBD_GetEpDesc+0x34>
 80094e0:	f10d 0106 	add.w	r1, sp, #6
 80094e4:	f7ff ffe6 	bl	80094b4 <USBD_GetNextDesc>
 80094e8:	7843      	ldrb	r3, [r0, #1]
 80094ea:	2b05      	cmp	r3, #5
 80094ec:	d1f3      	bne.n	80094d6 <USBD_GetEpDesc+0x14>
 80094ee:	7883      	ldrb	r3, [r0, #2]
 80094f0:	42ab      	cmp	r3, r5
 80094f2:	d1f0      	bne.n	80094d6 <USBD_GetEpDesc+0x14>
 80094f4:	e000      	b.n	80094f8 <USBD_GetEpDesc+0x36>
 80094f6:	2000      	movs	r0, #0
 80094f8:	b003      	add	sp, #12
 80094fa:	bd30      	pop	{r4, r5, pc}
 80094fc:	2000      	movs	r0, #0
 80094fe:	4770      	bx	lr

08009500 <USBD_GetLen>:
 8009500:	4603      	mov	r3, r0
 8009502:	2000      	movs	r0, #0
 8009504:	e002      	b.n	800950c <USBD_GetLen+0xc>
 8009506:	3001      	adds	r0, #1
 8009508:	b2c0      	uxtb	r0, r0
 800950a:	3301      	adds	r3, #1
 800950c:	781a      	ldrb	r2, [r3, #0]
 800950e:	2a00      	cmp	r2, #0
 8009510:	d1f9      	bne.n	8009506 <USBD_GetLen+0x6>
 8009512:	4770      	bx	lr

08009514 <USBD_ParseSetupRequest>:
 8009514:	780b      	ldrb	r3, [r1, #0]
 8009516:	7003      	strb	r3, [r0, #0]
 8009518:	784b      	ldrb	r3, [r1, #1]
 800951a:	7043      	strb	r3, [r0, #1]
 800951c:	788b      	ldrb	r3, [r1, #2]
 800951e:	78ca      	ldrb	r2, [r1, #3]
 8009520:	ea43 2302 	orr.w	r3, r3, r2, lsl #8
 8009524:	8043      	strh	r3, [r0, #2]
 8009526:	790b      	ldrb	r3, [r1, #4]
 8009528:	794a      	ldrb	r2, [r1, #5]
 800952a:	ea43 2302 	orr.w	r3, r3, r2, lsl #8
 800952e:	8083      	strh	r3, [r0, #4]
 8009530:	798b      	ldrb	r3, [r1, #6]
 8009532:	79ca      	ldrb	r2, [r1, #7]
 8009534:	ea43 2302 	orr.w	r3, r3, r2, lsl #8
 8009538:	80c3      	strh	r3, [r0, #6]
 800953a:	4770      	bx	lr

0800953c <USBD_CtlError>:
 800953c:	b510      	push	{r4, lr}
 800953e:	4604      	mov	r4, r0
 8009540:	2180      	movs	r1, #128	@ 0x80
 8009542:	f7ff fda0 	bl	8009086 <USBD_LL_StallEP>
 8009546:	2100      	movs	r1, #0
 8009548:	4620      	mov	r0, r4
 800954a:	f7ff fd9c 	bl	8009086 <USBD_LL_StallEP>
 800954e:	bd10      	pop	{r4, pc}

08009550 <USBD_GetDescriptor>:
 8009550:	b530      	push	{r4, r5, lr}
 8009552:	b083      	sub	sp, #12
 8009554:	4604      	mov	r4, r0
 8009556:	460d      	mov	r5, r1
 8009558:	2300      	movs	r3, #0
 800955a:	f8ad 3006 	strh.w	r3, [sp, #6]
 800955e:	884a      	ldrh	r2, [r1, #2]
 8009560:	0a13      	lsrs	r3, r2, #8
 8009562:	2b06      	cmp	r3, #6
 8009564:	f000 80a5 	beq.w	80096b2 <USBD_GetDescriptor+0x162>
 8009568:	d821      	bhi.n	80095ae <USBD_GetDescriptor+0x5e>
 800956a:	2b02      	cmp	r3, #2
 800956c:	d031      	beq.n	80095d2 <USBD_GetDescriptor+0x82>
 800956e:	2b03      	cmp	r3, #3
 8009570:	d043      	beq.n	80095fa <USBD_GetDescriptor+0xaa>
 8009572:	2b01      	cmp	r3, #1
 8009574:	f040 80b7 	bne.w	80096e6 <USBD_GetDescriptor+0x196>
 8009578:	f8d0 32b4 	ldr.w	r3, [r0, #692]	@ 0x2b4
 800957c:	681b      	ldr	r3, [r3, #0]
 800957e:	f10d 0106 	add.w	r1, sp, #6
 8009582:	7c00      	ldrb	r0, [r0, #16]
 8009584:	4798      	blx	r3
 8009586:	88ea      	ldrh	r2, [r5, #6]
 8009588:	2a00      	cmp	r2, #0
 800958a:	f000 80b6 	beq.w	80096fa <USBD_GetDescriptor+0x1aa>
 800958e:	f8bd 3006 	ldrh.w	r3, [sp, #6]
 8009592:	2b00      	cmp	r3, #0
 8009594:	f000 80ac 	beq.w	80096f0 <USBD_GetDescriptor+0x1a0>
 8009598:	429a      	cmp	r2, r3
 800959a:	bf28      	it	cs
 800959c:	461a      	movcs	r2, r3
 800959e:	f8ad 2006 	strh.w	r2, [sp, #6]
 80095a2:	4601      	mov	r1, r0
 80095a4:	4620      	mov	r0, r4
 80095a6:	f000 fc05 	bl	8009db4 <USBD_CtlSendData>
 80095aa:	b003      	add	sp, #12
 80095ac:	bd30      	pop	{r4, r5, pc}
 80095ae:	2b07      	cmp	r3, #7
 80095b0:	f000 808b 	beq.w	80096ca <USBD_GetDescriptor+0x17a>
 80095b4:	2b0f      	cmp	r3, #15
 80095b6:	f040 8096 	bne.w	80096e6 <USBD_GetDescriptor+0x196>
 80095ba:	f8d0 32b4 	ldr.w	r3, [r0, #692]	@ 0x2b4
 80095be:	69db      	ldr	r3, [r3, #28]
 80095c0:	b123      	cbz	r3, 80095cc <USBD_GetDescriptor+0x7c>
 80095c2:	f10d 0106 	add.w	r1, sp, #6
 80095c6:	7c00      	ldrb	r0, [r0, #16]
 80095c8:	4798      	blx	r3
 80095ca:	e7dc      	b.n	8009586 <USBD_GetDescriptor+0x36>
 80095cc:	f7ff ffb6 	bl	800953c <USBD_CtlError>
 80095d0:	e7eb      	b.n	80095aa <USBD_GetDescriptor+0x5a>
 80095d2:	7c03      	ldrb	r3, [r0, #16]
 80095d4:	b943      	cbnz	r3, 80095e8 <USBD_GetDescriptor+0x98>
 80095d6:	f8d0 32b8 	ldr.w	r3, [r0, #696]	@ 0x2b8
 80095da:	6a9b      	ldr	r3, [r3, #40]	@ 0x28
 80095dc:	f10d 0006 	add.w	r0, sp, #6
 80095e0:	4798      	blx	r3
 80095e2:	2302      	movs	r3, #2
 80095e4:	7043      	strb	r3, [r0, #1]
 80095e6:	e7ce      	b.n	8009586 <USBD_GetDescriptor+0x36>
 80095e8:	f8d0 32b8 	ldr.w	r3, [r0, #696]	@ 0x2b8
 80095ec:	6adb      	ldr	r3, [r3, #44]	@ 0x2c
 80095ee:	f10d 0006 	add.w	r0, sp, #6
 80095f2:	4798      	blx	r3
 80095f4:	2302      	movs	r3, #2
 80095f6:	7043      	strb	r3, [r0, #1]
 80095f8:	e7c5      	b.n	8009586 <USBD_GetDescriptor+0x36>
 80095fa:	b2d2      	uxtb	r2, r2
 80095fc:	2a03      	cmp	r2, #3
 80095fe:	d038      	beq.n	8009672 <USBD_GetDescriptor+0x122>
 8009600:	d80e      	bhi.n	8009620 <USBD_GetDescriptor+0xd0>
 8009602:	2a01      	cmp	r2, #1
 8009604:	d01d      	beq.n	8009642 <USBD_GetDescriptor+0xf2>
 8009606:	2a02      	cmp	r2, #2
 8009608:	d027      	beq.n	800965a <USBD_GetDescriptor+0x10a>
 800960a:	2a00      	cmp	r2, #0
 800960c:	d14c      	bne.n	80096a8 <USBD_GetDescriptor+0x158>
 800960e:	f8d0 32b4 	ldr.w	r3, [r0, #692]	@ 0x2b4
 8009612:	685b      	ldr	r3, [r3, #4]
 8009614:	b193      	cbz	r3, 800963c <USBD_GetDescriptor+0xec>
 8009616:	f10d 0106 	add.w	r1, sp, #6
 800961a:	7c00      	ldrb	r0, [r0, #16]
 800961c:	4798      	blx	r3
 800961e:	e7b2      	b.n	8009586 <USBD_GetDescriptor+0x36>
 8009620:	2a04      	cmp	r2, #4
 8009622:	d032      	beq.n	800968a <USBD_GetDescriptor+0x13a>
 8009624:	2a05      	cmp	r2, #5
 8009626:	d13f      	bne.n	80096a8 <USBD_GetDescriptor+0x158>
 8009628:	f8d0 32b4 	ldr.w	r3, [r0, #692]	@ 0x2b4
 800962c:	699b      	ldr	r3, [r3, #24]
 800962e:	2b00      	cmp	r3, #0
 8009630:	d037      	beq.n	80096a2 <USBD_GetDescriptor+0x152>
 8009632:	f10d 0106 	add.w	r1, sp, #6
 8009636:	7c00      	ldrb	r0, [r0, #16]
 8009638:	4798      	blx	r3
 800963a:	e7a4      	b.n	8009586 <USBD_GetDescriptor+0x36>
 800963c:	f7ff ff7e 	bl	800953c <USBD_CtlError>
 8009640:	e7b3      	b.n	80095aa <USBD_GetDescriptor+0x5a>
 8009642:	f8d0 32b4 	ldr.w	r3, [r0, #692]	@ 0x2b4
 8009646:	689b      	ldr	r3, [r3, #8]
 8009648:	b123      	cbz	r3, 8009654 <USBD_GetDescriptor+0x104>
 800964a:	f10d 0106 	add.w	r1, sp, #6
 800964e:	7c00      	ldrb	r0, [r0, #16]
 8009650:	4798      	blx	r3
 8009652:	e798      	b.n	8009586 <USBD_GetDescriptor+0x36>
 8009654:	f7ff ff72 	bl	800953c <USBD_CtlError>
 8009658:	e7a7      	b.n	80095aa <USBD_GetDescriptor+0x5a>
 800965a:	f8d0 32b4 	ldr.w	r3, [r0, #692]	@ 0x2b4
 800965e:	68db      	ldr	r3, [r3, #12]
 8009660:	b123      	cbz	r3, 800966c <USBD_GetDescriptor+0x11c>
 8009662:	f10d 0106 	add.w	r1, sp, #6
 8009666:	7c00      	ldrb	r0, [r0, #16]
 8009668:	4798      	blx	r3
 800966a:	e78c      	b.n	8009586 <USBD_GetDescriptor+0x36>
 800966c:	f7ff ff66 	bl	800953c <USBD_CtlError>
 8009670:	e79b      	b.n	80095aa <USBD_GetDescriptor+0x5a>
 8009672:	f8d0 32b4 	ldr.w	r3, [r0, #692]	@ 0x2b4
 8009676:	691b      	ldr	r3, [r3, #16]
 8009678:	b123      	cbz	r3, 8009684 <USBD_GetDescriptor+0x134>
 800967a:	f10d 0106 	add.w	r1, sp, #6
 800967e:	7c00      	ldrb	r0, [r0, #16]
 8009680:	4798      	blx	r3
 8009682:	e780      	b.n	8009586 <USBD_GetDescriptor+0x36>
 8009684:	f7ff ff5a 	bl	800953c <USBD_CtlError>
 8009688:	e78f      	b.n	80095aa <USBD_GetDescriptor+0x5a>
 800968a:	f8d0 32b4 	ldr.w	r3, [r0, #692]	@ 0x2b4
 800968e:	695b      	ldr	r3, [r3, #20]
 8009690:	b123      	cbz	r3, 800969c <USBD_GetDescriptor+0x14c>
 8009692:	f10d 0106 	add.w	r1, sp, #6
 8009696:	7c00      	ldrb	r0, [r0, #16]
 8009698:	4798      	blx	r3
 800969a:	e774      	b.n	8009586 <USBD_GetDescriptor+0x36>
 800969c:	f7ff ff4e 	bl	800953c <USBD_CtlError>
 80096a0:	e783      	b.n	80095aa <USBD_GetDescriptor+0x5a>
 80096a2:	f7ff ff4b 	bl	800953c <USBD_CtlError>
 80096a6:	e780      	b.n	80095aa <USBD_GetDescriptor+0x5a>
 80096a8:	4629      	mov	r1, r5
 80096aa:	4620      	mov	r0, r4
 80096ac:	f7ff ff46 	bl	800953c <USBD_CtlError>
 80096b0:	e77b      	b.n	80095aa <USBD_GetDescriptor+0x5a>
 80096b2:	7c03      	ldrb	r3, [r0, #16]
 80096b4:	b933      	cbnz	r3, 80096c4 <USBD_GetDescriptor+0x174>
 80096b6:	f8d0 32b8 	ldr.w	r3, [r0, #696]	@ 0x2b8
 80096ba:	6b5b      	ldr	r3, [r3, #52]	@ 0x34
 80096bc:	f10d 0006 	add.w	r0, sp, #6
 80096c0:	4798      	blx	r3
 80096c2:	e760      	b.n	8009586 <USBD_GetDescriptor+0x36>
 80096c4:	f7ff ff3a 	bl	800953c <USBD_CtlError>
 80096c8:	e76f      	b.n	80095aa <USBD_GetDescriptor+0x5a>
 80096ca:	7c03      	ldrb	r3, [r0, #16]
 80096cc:	b943      	cbnz	r3, 80096e0 <USBD_GetDescriptor+0x190>
 80096ce:	f8d0 32b8 	ldr.w	r3, [r0, #696]	@ 0x2b8
 80096d2:	6b1b      	ldr	r3, [r3, #48]	@ 0x30
 80096d4:	f10d 0006 	add.w	r0, sp, #6
 80096d8:	4798      	blx	r3
 80096da:	2307      	movs	r3, #7
 80096dc:	7043      	strb	r3, [r0, #1]
 80096de:	e752      	b.n	8009586 <USBD_GetDescriptor+0x36>
 80096e0:	f7ff ff2c 	bl	800953c <USBD_CtlError>
 80096e4:	e761      	b.n	80095aa <USBD_GetDescriptor+0x5a>
 80096e6:	4629      	mov	r1, r5
 80096e8:	4620      	mov	r0, r4
 80096ea:	f7ff ff27 	bl	800953c <USBD_CtlError>
 80096ee:	e75c      	b.n	80095aa <USBD_GetDescriptor+0x5a>
 80096f0:	4629      	mov	r1, r5
 80096f2:	4620      	mov	r0, r4
 80096f4:	f7ff ff22 	bl	800953c <USBD_CtlError>
 80096f8:	e757      	b.n	80095aa <USBD_GetDescriptor+0x5a>
 80096fa:	4620      	mov	r0, r4
 80096fc:	f000 fb89 	bl	8009e12 <USBD_CtlSendStatus>
 8009700:	e753      	b.n	80095aa <USBD_GetDescriptor+0x5a>

08009702 <USBD_SetAddress>:
 8009702:	b538      	push	{r3, r4, r5, lr}
 8009704:	4604      	mov	r4, r0
 8009706:	888b      	ldrh	r3, [r1, #4]
 8009708:	bb03      	cbnz	r3, 800974c <USBD_SetAddress+0x4a>
 800970a:	88cb      	ldrh	r3, [r1, #6]
 800970c:	b9f3      	cbnz	r3, 800974c <USBD_SetAddress+0x4a>
 800970e:	884b      	ldrh	r3, [r1, #2]
 8009710:	2b7f      	cmp	r3, #127	@ 0x7f
 8009712:	d81b      	bhi.n	800974c <USBD_SetAddress+0x4a>
 8009714:	f003 037f 	and.w	r3, r3, #127	@ 0x7f
 8009718:	461a      	mov	r2, r3
 800971a:	f890 329c 	ldrb.w	r3, [r0, #668]	@ 0x29c
 800971e:	2b03      	cmp	r3, #3
 8009720:	d00d      	beq.n	800973e <USBD_SetAddress+0x3c>
 8009722:	4615      	mov	r5, r2
 8009724:	f880 229e 	strb.w	r2, [r0, #670]	@ 0x29e
 8009728:	4611      	mov	r1, r2
 800972a:	f7ff fcd2 	bl	80090d2 <USBD_LL_SetUSBAddress>
 800972e:	4620      	mov	r0, r4
 8009730:	f000 fb6f 	bl	8009e12 <USBD_CtlSendStatus>
 8009734:	b135      	cbz	r5, 8009744 <USBD_SetAddress+0x42>
 8009736:	2302      	movs	r3, #2
 8009738:	f884 329c 	strb.w	r3, [r4, #668]	@ 0x29c
 800973c:	e009      	b.n	8009752 <USBD_SetAddress+0x50>
 800973e:	f7ff fefd 	bl	800953c <USBD_CtlError>
 8009742:	e006      	b.n	8009752 <USBD_SetAddress+0x50>
 8009744:	2301      	movs	r3, #1
 8009746:	f884 329c 	strb.w	r3, [r4, #668]	@ 0x29c
 800974a:	e002      	b.n	8009752 <USBD_SetAddress+0x50>
 800974c:	4620      	mov	r0, r4
 800974e:	f7ff fef5 	bl	800953c <USBD_CtlError>
 8009752:	bd38      	pop	{r3, r4, r5, pc}

08009754 <USBD_SetConfig>:
 8009754:	b570      	push	{r4, r5, r6, lr}
 8009756:	4604      	mov	r4, r0
 8009758:	460e      	mov	r6, r1
 800975a:	884b      	ldrh	r3, [r1, #2]
 800975c:	b2dd      	uxtb	r5, r3
 800975e:	4a32      	ldr	r2, [pc, #200]	@ (8009828 <USBD_SetConfig+0xd4>)
 8009760:	7015      	strb	r5, [r2, #0]
 8009762:	2d01      	cmp	r5, #1
 8009764:	d811      	bhi.n	800978a <USBD_SetConfig+0x36>
 8009766:	f890 229c 	ldrb.w	r2, [r0, #668]	@ 0x29c
 800976a:	b2d1      	uxtb	r1, r2
 800976c:	2a02      	cmp	r2, #2
 800976e:	d010      	beq.n	8009792 <USBD_SetConfig+0x3e>
 8009770:	2903      	cmp	r1, #3
 8009772:	d028      	beq.n	80097c6 <USBD_SetConfig+0x72>
 8009774:	4631      	mov	r1, r6
 8009776:	f7ff fee1 	bl	800953c <USBD_CtlError>
 800977a:	4b2b      	ldr	r3, [pc, #172]	@ (8009828 <USBD_SetConfig+0xd4>)
 800977c:	7819      	ldrb	r1, [r3, #0]
 800977e:	4620      	mov	r0, r4
 8009780:	f7ff fd31 	bl	80091e6 <USBD_ClrClassConfig>
 8009784:	2503      	movs	r5, #3
 8009786:	4628      	mov	r0, r5
 8009788:	bd70      	pop	{r4, r5, r6, pc}
 800978a:	f7ff fed7 	bl	800953c <USBD_CtlError>
 800978e:	2503      	movs	r5, #3
 8009790:	e7f9      	b.n	8009786 <USBD_SetConfig+0x32>
 8009792:	b1ad      	cbz	r5, 80097c0 <USBD_SetConfig+0x6c>
 8009794:	b2db      	uxtb	r3, r3
 8009796:	6043      	str	r3, [r0, #4]
 8009798:	4629      	mov	r1, r5
 800979a:	f7ff fd1b 	bl	80091d4 <USBD_SetClassConfig>
 800979e:	4605      	mov	r5, r0
 80097a0:	b138      	cbz	r0, 80097b2 <USBD_SetConfig+0x5e>
 80097a2:	4631      	mov	r1, r6
 80097a4:	4620      	mov	r0, r4
 80097a6:	f7ff fec9 	bl	800953c <USBD_CtlError>
 80097aa:	2302      	movs	r3, #2
 80097ac:	f884 329c 	strb.w	r3, [r4, #668]	@ 0x29c
 80097b0:	e7e9      	b.n	8009786 <USBD_SetConfig+0x32>
 80097b2:	4620      	mov	r0, r4
 80097b4:	f000 fb2d 	bl	8009e12 <USBD_CtlSendStatus>
 80097b8:	2303      	movs	r3, #3
 80097ba:	f884 329c 	strb.w	r3, [r4, #668]	@ 0x29c
 80097be:	e7e2      	b.n	8009786 <USBD_SetConfig+0x32>
 80097c0:	f000 fb27 	bl	8009e12 <USBD_CtlSendStatus>
 80097c4:	e7df      	b.n	8009786 <USBD_SetConfig+0x32>
 80097c6:	b1d5      	cbz	r5, 80097fe <USBD_SetConfig+0xaa>
 80097c8:	b2db      	uxtb	r3, r3
 80097ca:	6841      	ldr	r1, [r0, #4]
 80097cc:	428b      	cmp	r3, r1
 80097ce:	d026      	beq.n	800981e <USBD_SetConfig+0xca>
 80097d0:	b2c9      	uxtb	r1, r1
 80097d2:	f7ff fd08 	bl	80091e6 <USBD_ClrClassConfig>
 80097d6:	4b14      	ldr	r3, [pc, #80]	@ (8009828 <USBD_SetConfig+0xd4>)
 80097d8:	7819      	ldrb	r1, [r3, #0]
 80097da:	6061      	str	r1, [r4, #4]
 80097dc:	4620      	mov	r0, r4
 80097de:	f7ff fcf9 	bl	80091d4 <USBD_SetClassConfig>
 80097e2:	4605      	mov	r5, r0
 80097e4:	b1b8      	cbz	r0, 8009816 <USBD_SetConfig+0xc2>
 80097e6:	4631      	mov	r1, r6
 80097e8:	4620      	mov	r0, r4
 80097ea:	f7ff fea7 	bl	800953c <USBD_CtlError>
 80097ee:	7921      	ldrb	r1, [r4, #4]
 80097f0:	4620      	mov	r0, r4
 80097f2:	f7ff fcf8 	bl	80091e6 <USBD_ClrClassConfig>
 80097f6:	2302      	movs	r3, #2
 80097f8:	f884 329c 	strb.w	r3, [r4, #668]	@ 0x29c
 80097fc:	e7c3      	b.n	8009786 <USBD_SetConfig+0x32>
 80097fe:	2202      	movs	r2, #2
 8009800:	f880 229c 	strb.w	r2, [r0, #668]	@ 0x29c
 8009804:	b2db      	uxtb	r3, r3
 8009806:	6043      	str	r3, [r0, #4]
 8009808:	4629      	mov	r1, r5
 800980a:	f7ff fcec 	bl	80091e6 <USBD_ClrClassConfig>
 800980e:	4620      	mov	r0, r4
 8009810:	f000 faff 	bl	8009e12 <USBD_CtlSendStatus>
 8009814:	e7b7      	b.n	8009786 <USBD_SetConfig+0x32>
 8009816:	4620      	mov	r0, r4
 8009818:	f000 fafb 	bl	8009e12 <USBD_CtlSendStatus>
 800981c:	e7b3      	b.n	8009786 <USBD_SetConfig+0x32>
 800981e:	f000 faf8 	bl	8009e12 <USBD_CtlSendStatus>
 8009822:	2500      	movs	r5, #0
 8009824:	e7af      	b.n	8009786 <USBD_SetConfig+0x32>
 8009826:	bf00      	nop
 8009828:	20001fe0 	.word	0x20001fe0

0800982c <USBD_GetConfig>:
 800982c:	b508      	push	{r3, lr}
 800982e:	88cb      	ldrh	r3, [r1, #6]
 8009830:	2b01      	cmp	r3, #1
 8009832:	d10b      	bne.n	800984c <USBD_GetConfig+0x20>
 8009834:	f890 329c 	ldrb.w	r3, [r0, #668]	@ 0x29c
 8009838:	b2da      	uxtb	r2, r3
 800983a:	2b02      	cmp	r3, #2
 800983c:	d909      	bls.n	8009852 <USBD_GetConfig+0x26>
 800983e:	2a03      	cmp	r2, #3
 8009840:	d111      	bne.n	8009866 <USBD_GetConfig+0x3a>
 8009842:	2201      	movs	r2, #1
 8009844:	1d01      	adds	r1, r0, #4
 8009846:	f000 fab5 	bl	8009db4 <USBD_CtlSendData>
 800984a:	e001      	b.n	8009850 <USBD_GetConfig+0x24>
 800984c:	f7ff fe76 	bl	800953c <USBD_CtlError>
 8009850:	bd08      	pop	{r3, pc}
 8009852:	b252      	sxtb	r2, r2
 8009854:	b13a      	cbz	r2, 8009866 <USBD_GetConfig+0x3a>
 8009856:	4601      	mov	r1, r0
 8009858:	2300      	movs	r3, #0
 800985a:	f841 3f08 	str.w	r3, [r1, #8]!
 800985e:	2201      	movs	r2, #1
 8009860:	f000 faa8 	bl	8009db4 <USBD_CtlSendData>
 8009864:	e7f4      	b.n	8009850 <USBD_GetConfig+0x24>
 8009866:	f7ff fe69 	bl	800953c <USBD_CtlError>
 800986a:	e7f1      	b.n	8009850 <USBD_GetConfig+0x24>

0800986c <USBD_GetStatus>:
 800986c:	b508      	push	{r3, lr}
 800986e:	f890 329c 	ldrb.w	r3, [r0, #668]	@ 0x29c
 8009872:	3b01      	subs	r3, #1
 8009874:	2b02      	cmp	r3, #2
 8009876:	d812      	bhi.n	800989e <USBD_GetStatus+0x32>
 8009878:	88cb      	ldrh	r3, [r1, #6]
 800987a:	2b02      	cmp	r3, #2
 800987c:	d10c      	bne.n	8009898 <USBD_GetStatus+0x2c>
 800987e:	2301      	movs	r3, #1
 8009880:	60c3      	str	r3, [r0, #12]
 8009882:	f8d0 32a4 	ldr.w	r3, [r0, #676]	@ 0x2a4
 8009886:	b10b      	cbz	r3, 800988c <USBD_GetStatus+0x20>
 8009888:	2303      	movs	r3, #3
 800988a:	60c3      	str	r3, [r0, #12]
 800988c:	2202      	movs	r2, #2
 800988e:	f100 010c 	add.w	r1, r0, #12
 8009892:	f000 fa8f 	bl	8009db4 <USBD_CtlSendData>
 8009896:	bd08      	pop	{r3, pc}
 8009898:	f7ff fe50 	bl	800953c <USBD_CtlError>
 800989c:	e7fb      	b.n	8009896 <USBD_GetStatus+0x2a>
 800989e:	f7ff fe4d 	bl	800953c <USBD_CtlError>
 80098a2:	e7f8      	b.n	8009896 <USBD_GetStatus+0x2a>

080098a4 <USBD_SetFeature>:
 80098a4:	b508      	push	{r3, lr}
 80098a6:	884b      	ldrh	r3, [r1, #2]
 80098a8:	2b01      	cmp	r3, #1
 80098aa:	d004      	beq.n	80098b6 <USBD_SetFeature+0x12>
 80098ac:	2b02      	cmp	r3, #2
 80098ae:	d007      	beq.n	80098c0 <USBD_SetFeature+0x1c>
 80098b0:	f7ff fe44 	bl	800953c <USBD_CtlError>
 80098b4:	bd08      	pop	{r3, pc}
 80098b6:	f8c0 32a4 	str.w	r3, [r0, #676]	@ 0x2a4
 80098ba:	f000 faaa 	bl	8009e12 <USBD_CtlSendStatus>
 80098be:	e7f9      	b.n	80098b4 <USBD_SetFeature+0x10>
 80098c0:	888b      	ldrh	r3, [r1, #4]
 80098c2:	0a1b      	lsrs	r3, r3, #8
 80098c4:	f880 32a0 	strb.w	r3, [r0, #672]	@ 0x2a0
 80098c8:	f000 faa3 	bl	8009e12 <USBD_CtlSendStatus>
 80098cc:	e7f2      	b.n	80098b4 <USBD_SetFeature+0x10>

080098ce <USBD_ClrFeature>:
 80098ce:	b508      	push	{r3, lr}
 80098d0:	f890 329c 	ldrb.w	r3, [r0, #668]	@ 0x29c
 80098d4:	3b01      	subs	r3, #1
 80098d6:	2b02      	cmp	r3, #2
 80098d8:	d809      	bhi.n	80098ee <USBD_ClrFeature+0x20>
 80098da:	884b      	ldrh	r3, [r1, #2]
 80098dc:	2b01      	cmp	r3, #1
 80098de:	d000      	beq.n	80098e2 <USBD_ClrFeature+0x14>
 80098e0:	bd08      	pop	{r3, pc}
 80098e2:	2300      	movs	r3, #0
 80098e4:	f8c0 32a4 	str.w	r3, [r0, #676]	@ 0x2a4
 80098e8:	f000 fa93 	bl	8009e12 <USBD_CtlSendStatus>
 80098ec:	e7f8      	b.n	80098e0 <USBD_ClrFeature+0x12>
 80098ee:	f7ff fe25 	bl	800953c <USBD_CtlError>
 80098f2:	e7f5      	b.n	80098e0 <USBD_ClrFeature+0x12>

080098f4 <USBD_StdDevReq>:
 80098f4:	b538      	push	{r3, r4, r5, lr}
 80098f6:	780c      	ldrb	r4, [r1, #0]
 80098f8:	f004 0460 	and.w	r4, r4, #96	@ 0x60
 80098fc:	2c20      	cmp	r4, #32
 80098fe:	d006      	beq.n	800990e <USBD_StdDevReq+0x1a>
 8009900:	2c40      	cmp	r4, #64	@ 0x40
 8009902:	d004      	beq.n	800990e <USBD_StdDevReq+0x1a>
 8009904:	b16c      	cbz	r4, 8009922 <USBD_StdDevReq+0x2e>
 8009906:	f7ff fe19 	bl	800953c <USBD_CtlError>
 800990a:	2400      	movs	r4, #0
 800990c:	e007      	b.n	800991e <USBD_StdDevReq+0x2a>
 800990e:	f8d0 32d4 	ldr.w	r3, [r0, #724]	@ 0x2d4
 8009912:	33ae      	adds	r3, #174	@ 0xae
 8009914:	f850 3023 	ldr.w	r3, [r0, r3, lsl #2]
 8009918:	689b      	ldr	r3, [r3, #8]
 800991a:	4798      	blx	r3
 800991c:	4604      	mov	r4, r0
 800991e:	4620      	mov	r0, r4
 8009920:	bd38      	pop	{r3, r4, r5, pc}
 8009922:	784b      	ldrb	r3, [r1, #1]
 8009924:	461d      	mov	r5, r3
 8009926:	2b05      	cmp	r3, #5
 8009928:	d012      	beq.n	8009950 <USBD_StdDevReq+0x5c>
 800992a:	d808      	bhi.n	800993e <USBD_StdDevReq+0x4a>
 800992c:	2b01      	cmp	r3, #1
 800992e:	d01c      	beq.n	800996a <USBD_StdDevReq+0x76>
 8009930:	2b03      	cmp	r3, #3
 8009932:	d017      	beq.n	8009964 <USBD_StdDevReq+0x70>
 8009934:	b9e3      	cbnz	r3, 8009970 <USBD_StdDevReq+0x7c>
 8009936:	f7ff ff99 	bl	800986c <USBD_GetStatus>
 800993a:	462c      	mov	r4, r5
 800993c:	e7ef      	b.n	800991e <USBD_StdDevReq+0x2a>
 800993e:	2b08      	cmp	r3, #8
 8009940:	d00d      	beq.n	800995e <USBD_StdDevReq+0x6a>
 8009942:	2b09      	cmp	r3, #9
 8009944:	d007      	beq.n	8009956 <USBD_StdDevReq+0x62>
 8009946:	2b06      	cmp	r3, #6
 8009948:	d112      	bne.n	8009970 <USBD_StdDevReq+0x7c>
 800994a:	f7ff fe01 	bl	8009550 <USBD_GetDescriptor>
 800994e:	e7e6      	b.n	800991e <USBD_StdDevReq+0x2a>
 8009950:	f7ff fed7 	bl	8009702 <USBD_SetAddress>
 8009954:	e7e3      	b.n	800991e <USBD_StdDevReq+0x2a>
 8009956:	f7ff fefd 	bl	8009754 <USBD_SetConfig>
 800995a:	4604      	mov	r4, r0
 800995c:	e7df      	b.n	800991e <USBD_StdDevReq+0x2a>
 800995e:	f7ff ff65 	bl	800982c <USBD_GetConfig>
 8009962:	e7dc      	b.n	800991e <USBD_StdDevReq+0x2a>
 8009964:	f7ff ff9e 	bl	80098a4 <USBD_SetFeature>
 8009968:	e7d9      	b.n	800991e <USBD_StdDevReq+0x2a>
 800996a:	f7ff ffb0 	bl	80098ce <USBD_ClrFeature>
 800996e:	e7d6      	b.n	800991e <USBD_StdDevReq+0x2a>
 8009970:	f7ff fde4 	bl	800953c <USBD_CtlError>
 8009974:	e7d3      	b.n	800991e <USBD_StdDevReq+0x2a>

08009976 <USBD_StdItfReq>:
 8009976:	b570      	push	{r4, r5, r6, lr}
 8009978:	4605      	mov	r5, r0
 800997a:	460c      	mov	r4, r1
 800997c:	780b      	ldrb	r3, [r1, #0]
 800997e:	f003 0360 	and.w	r3, r3, #96	@ 0x60
 8009982:	2b20      	cmp	r3, #32
 8009984:	d008      	beq.n	8009998 <USBD_StdItfReq+0x22>
 8009986:	2b40      	cmp	r3, #64	@ 0x40
 8009988:	d006      	beq.n	8009998 <USBD_StdItfReq+0x22>
 800998a:	b12b      	cbz	r3, 8009998 <USBD_StdItfReq+0x22>
 800998c:	f7ff fdd6 	bl	800953c <USBD_CtlError>
 8009990:	2300      	movs	r3, #0
 8009992:	461e      	mov	r6, r3
 8009994:	4630      	mov	r0, r6
 8009996:	bd70      	pop	{r4, r5, r6, pc}
 8009998:	f895 329c 	ldrb.w	r3, [r5, #668]	@ 0x29c
 800999c:	3b01      	subs	r3, #1
 800999e:	2b02      	cmp	r3, #2
 80099a0:	d82a      	bhi.n	80099f8 <USBD_StdItfReq+0x82>
 80099a2:	7921      	ldrb	r1, [r4, #4]
 80099a4:	2901      	cmp	r1, #1
 80099a6:	d906      	bls.n	80099b6 <USBD_StdItfReq+0x40>
 80099a8:	4621      	mov	r1, r4
 80099aa:	4628      	mov	r0, r5
 80099ac:	f7ff fdc6 	bl	800953c <USBD_CtlError>
 80099b0:	2300      	movs	r3, #0
 80099b2:	461e      	mov	r6, r3
 80099b4:	e7ee      	b.n	8009994 <USBD_StdItfReq+0x1e>
 80099b6:	4628      	mov	r0, r5
 80099b8:	f7ff fcab 	bl	8009312 <USBD_CoreFindIF>
 80099bc:	4603      	mov	r3, r0
 80099be:	b968      	cbnz	r0, 80099dc <USBD_StdItfReq+0x66>
 80099c0:	f100 02ae 	add.w	r2, r0, #174	@ 0xae
 80099c4:	4628      	mov	r0, r5
 80099c6:	f855 2022 	ldr.w	r2, [r5, r2, lsl #2]
 80099ca:	6891      	ldr	r1, [r2, #8]
 80099cc:	b189      	cbz	r1, 80099f2 <USBD_StdItfReq+0x7c>
 80099ce:	f8c5 32d4 	str.w	r3, [r5, #724]	@ 0x2d4
 80099d2:	6893      	ldr	r3, [r2, #8]
 80099d4:	4621      	mov	r1, r4
 80099d6:	4798      	blx	r3
 80099d8:	4606      	mov	r6, r0
 80099da:	e001      	b.n	80099e0 <USBD_StdItfReq+0x6a>
 80099dc:	2303      	movs	r3, #3
 80099de:	461e      	mov	r6, r3
 80099e0:	88e3      	ldrh	r3, [r4, #6]
 80099e2:	2b00      	cmp	r3, #0
 80099e4:	d1d6      	bne.n	8009994 <USBD_StdItfReq+0x1e>
 80099e6:	2e00      	cmp	r6, #0
 80099e8:	d1d4      	bne.n	8009994 <USBD_StdItfReq+0x1e>
 80099ea:	4628      	mov	r0, r5
 80099ec:	f000 fa11 	bl	8009e12 <USBD_CtlSendStatus>
 80099f0:	e7d0      	b.n	8009994 <USBD_StdItfReq+0x1e>
 80099f2:	2303      	movs	r3, #3
 80099f4:	461e      	mov	r6, r3
 80099f6:	e7f3      	b.n	80099e0 <USBD_StdItfReq+0x6a>
 80099f8:	4621      	mov	r1, r4
 80099fa:	4628      	mov	r0, r5
 80099fc:	f7ff fd9e 	bl	800953c <USBD_CtlError>
 8009a00:	2300      	movs	r3, #0
 8009a02:	461e      	mov	r6, r3
 8009a04:	e7c6      	b.n	8009994 <USBD_StdItfReq+0x1e>

08009a06 <USBD_StdEPReq>:
 8009a06:	e92d 41f0 	stmdb	sp!, {r4, r5, r6, r7, r8, lr}
 8009a0a:	4606      	mov	r6, r0
 8009a0c:	460d      	mov	r5, r1
 8009a0e:	888b      	ldrh	r3, [r1, #4]
 8009a10:	b2da      	uxtb	r2, r3
 8009a12:	4617      	mov	r7, r2
 8009a14:	780c      	ldrb	r4, [r1, #0]
 8009a16:	f004 0460 	and.w	r4, r4, #96	@ 0x60
 8009a1a:	2c20      	cmp	r4, #32
 8009a1c:	d008      	beq.n	8009a30 <USBD_StdEPReq+0x2a>
 8009a1e:	2c40      	cmp	r4, #64	@ 0x40
 8009a20:	d006      	beq.n	8009a30 <USBD_StdEPReq+0x2a>
 8009a22:	b1dc      	cbz	r4, 8009a5c <USBD_StdEPReq+0x56>
 8009a24:	f7ff fd8a 	bl	800953c <USBD_CtlError>
 8009a28:	2400      	movs	r4, #0
 8009a2a:	4620      	mov	r0, r4
 8009a2c:	e8bd 81f0 	ldmia.w	sp!, {r4, r5, r6, r7, r8, pc}
 8009a30:	4639      	mov	r1, r7
 8009a32:	4630      	mov	r0, r6
 8009a34:	f7ff fc6f 	bl	8009316 <USBD_CoreFindEP>
 8009a38:	4604      	mov	r4, r0
 8009a3a:	2800      	cmp	r0, #0
 8009a3c:	f040 80fb 	bne.w	8009c36 <USBD_StdEPReq+0x230>
 8009a40:	4630      	mov	r0, r6
 8009a42:	f8c6 42d4 	str.w	r4, [r6, #724]	@ 0x2d4
 8009a46:	f104 03ae 	add.w	r3, r4, #174	@ 0xae
 8009a4a:	f856 3023 	ldr.w	r3, [r6, r3, lsl #2]
 8009a4e:	689b      	ldr	r3, [r3, #8]
 8009a50:	2b00      	cmp	r3, #0
 8009a52:	d0ea      	beq.n	8009a2a <USBD_StdEPReq+0x24>
 8009a54:	4629      	mov	r1, r5
 8009a56:	4798      	blx	r3
 8009a58:	4604      	mov	r4, r0
 8009a5a:	e7e6      	b.n	8009a2a <USBD_StdEPReq+0x24>
 8009a5c:	784a      	ldrb	r2, [r1, #1]
 8009a5e:	4690      	mov	r8, r2
 8009a60:	2a01      	cmp	r2, #1
 8009a62:	d02f      	beq.n	8009ac4 <USBD_StdEPReq+0xbe>
 8009a64:	2a03      	cmp	r2, #3
 8009a66:	d004      	beq.n	8009a72 <USBD_StdEPReq+0x6c>
 8009a68:	2a00      	cmp	r2, #0
 8009a6a:	d069      	beq.n	8009b40 <USBD_StdEPReq+0x13a>
 8009a6c:	f7ff fd66 	bl	800953c <USBD_CtlError>
 8009a70:	e7db      	b.n	8009a2a <USBD_StdEPReq+0x24>
 8009a72:	f890 329c 	ldrb.w	r3, [r0, #668]	@ 0x29c
 8009a76:	b2da      	uxtb	r2, r3
 8009a78:	2b02      	cmp	r3, #2
 8009a7a:	d004      	beq.n	8009a86 <USBD_StdEPReq+0x80>
 8009a7c:	2a03      	cmp	r2, #3
 8009a7e:	d012      	beq.n	8009aa6 <USBD_StdEPReq+0xa0>
 8009a80:	f7ff fd5c 	bl	800953c <USBD_CtlError>
 8009a84:	e7d1      	b.n	8009a2a <USBD_StdEPReq+0x24>
 8009a86:	4639      	mov	r1, r7
 8009a88:	b10f      	cbz	r7, 8009a8e <USBD_StdEPReq+0x88>
 8009a8a:	2f80      	cmp	r7, #128	@ 0x80
 8009a8c:	d104      	bne.n	8009a98 <USBD_StdEPReq+0x92>
 8009a8e:	4629      	mov	r1, r5
 8009a90:	4630      	mov	r0, r6
 8009a92:	f7ff fd53 	bl	800953c <USBD_CtlError>
 8009a96:	e7c8      	b.n	8009a2a <USBD_StdEPReq+0x24>
 8009a98:	f7ff faf5 	bl	8009086 <USBD_LL_StallEP>
 8009a9c:	2180      	movs	r1, #128	@ 0x80
 8009a9e:	4630      	mov	r0, r6
 8009aa0:	f7ff faf1 	bl	8009086 <USBD_LL_StallEP>
 8009aa4:	e7c1      	b.n	8009a2a <USBD_StdEPReq+0x24>
 8009aa6:	884b      	ldrh	r3, [r1, #2]
 8009aa8:	b923      	cbnz	r3, 8009ab4 <USBD_StdEPReq+0xae>
 8009aaa:	b11f      	cbz	r7, 8009ab4 <USBD_StdEPReq+0xae>
 8009aac:	2f80      	cmp	r7, #128	@ 0x80
 8009aae:	d001      	beq.n	8009ab4 <USBD_StdEPReq+0xae>
 8009ab0:	88cb      	ldrh	r3, [r1, #6]
 8009ab2:	b11b      	cbz	r3, 8009abc <USBD_StdEPReq+0xb6>
 8009ab4:	4630      	mov	r0, r6
 8009ab6:	f000 f9ac 	bl	8009e12 <USBD_CtlSendStatus>
 8009aba:	e7b6      	b.n	8009a2a <USBD_StdEPReq+0x24>
 8009abc:	4639      	mov	r1, r7
 8009abe:	f7ff fae2 	bl	8009086 <USBD_LL_StallEP>
 8009ac2:	e7f7      	b.n	8009ab4 <USBD_StdEPReq+0xae>
 8009ac4:	f890 229c 	ldrb.w	r2, [r0, #668]	@ 0x29c
 8009ac8:	b2d1      	uxtb	r1, r2
 8009aca:	2a02      	cmp	r2, #2
 8009acc:	d005      	beq.n	8009ada <USBD_StdEPReq+0xd4>
 8009ace:	2903      	cmp	r1, #3
 8009ad0:	d013      	beq.n	8009afa <USBD_StdEPReq+0xf4>
 8009ad2:	4629      	mov	r1, r5
 8009ad4:	f7ff fd32 	bl	800953c <USBD_CtlError>
 8009ad8:	e7a7      	b.n	8009a2a <USBD_StdEPReq+0x24>
 8009ada:	4639      	mov	r1, r7
 8009adc:	b10f      	cbz	r7, 8009ae2 <USBD_StdEPReq+0xdc>
 8009ade:	2f80      	cmp	r7, #128	@ 0x80
 8009ae0:	d104      	bne.n	8009aec <USBD_StdEPReq+0xe6>
 8009ae2:	4629      	mov	r1, r5
 8009ae4:	4630      	mov	r0, r6
 8009ae6:	f7ff fd29 	bl	800953c <USBD_CtlError>
 8009aea:	e79e      	b.n	8009a2a <USBD_StdEPReq+0x24>
 8009aec:	f7ff facb 	bl	8009086 <USBD_LL_StallEP>
 8009af0:	2180      	movs	r1, #128	@ 0x80
 8009af2:	4630      	mov	r0, r6
 8009af4:	f7ff fac7 	bl	8009086 <USBD_LL_StallEP>
 8009af8:	e797      	b.n	8009a2a <USBD_StdEPReq+0x24>
 8009afa:	886a      	ldrh	r2, [r5, #2]
 8009afc:	2a00      	cmp	r2, #0
 8009afe:	d194      	bne.n	8009a2a <USBD_StdEPReq+0x24>
 8009b00:	f013 0f7f 	tst.w	r3, #127	@ 0x7f
 8009b04:	d118      	bne.n	8009b38 <USBD_StdEPReq+0x132>
 8009b06:	4630      	mov	r0, r6
 8009b08:	f000 f983 	bl	8009e12 <USBD_CtlSendStatus>
 8009b0c:	4639      	mov	r1, r7
 8009b0e:	4630      	mov	r0, r6
 8009b10:	f7ff fc01 	bl	8009316 <USBD_CoreFindEP>
 8009b14:	4603      	mov	r3, r0
 8009b16:	2800      	cmp	r0, #0
 8009b18:	d187      	bne.n	8009a2a <USBD_StdEPReq+0x24>
 8009b1a:	4630      	mov	r0, r6
 8009b1c:	f8c6 32d4 	str.w	r3, [r6, #724]	@ 0x2d4
 8009b20:	f103 02ae 	add.w	r2, r3, #174	@ 0xae
 8009b24:	f856 2022 	ldr.w	r2, [r6, r2, lsl #2]
 8009b28:	6892      	ldr	r2, [r2, #8]
 8009b2a:	2a00      	cmp	r2, #0
 8009b2c:	f000 8085 	beq.w	8009c3a <USBD_StdEPReq+0x234>
 8009b30:	4629      	mov	r1, r5
 8009b32:	4790      	blx	r2
 8009b34:	4604      	mov	r4, r0
 8009b36:	e778      	b.n	8009a2a <USBD_StdEPReq+0x24>
 8009b38:	4639      	mov	r1, r7
 8009b3a:	f7ff faac 	bl	8009096 <USBD_LL_ClearStallEP>
 8009b3e:	e7e2      	b.n	8009b06 <USBD_StdEPReq+0x100>
 8009b40:	f890 229c 	ldrb.w	r2, [r0, #668]	@ 0x29c
 8009b44:	b2d1      	uxtb	r1, r2
 8009b46:	2a02      	cmp	r2, #2
 8009b48:	d006      	beq.n	8009b58 <USBD_StdEPReq+0x152>
 8009b4a:	2903      	cmp	r1, #3
 8009b4c:	d02a      	beq.n	8009ba4 <USBD_StdEPReq+0x19e>
 8009b4e:	4629      	mov	r1, r5
 8009b50:	f7ff fcf4 	bl	800953c <USBD_CtlError>
 8009b54:	4644      	mov	r4, r8
 8009b56:	e768      	b.n	8009a2a <USBD_StdEPReq+0x24>
 8009b58:	b10f      	cbz	r7, 8009b5e <USBD_StdEPReq+0x158>
 8009b5a:	2f80      	cmp	r7, #128	@ 0x80
 8009b5c:	d114      	bne.n	8009b88 <USBD_StdEPReq+0x182>
 8009b5e:	f013 0f80 	tst.w	r3, #128	@ 0x80
 8009b62:	d116      	bne.n	8009b92 <USBD_StdEPReq+0x18c>
 8009b64:	f003 037f 	and.w	r3, r3, #127	@ 0x7f
 8009b68:	eb03 0383 	add.w	r3, r3, r3, lsl #2
 8009b6c:	0099      	lsls	r1, r3, #2
 8009b6e:	f501 71a8 	add.w	r1, r1, #336	@ 0x150
 8009b72:	4431      	add	r1, r6
 8009b74:	3104      	adds	r1, #4
 8009b76:	2300      	movs	r3, #0
 8009b78:	f801 3f0e 	strb.w	r3, [r1, #14]!
 8009b7c:	2202      	movs	r2, #2
 8009b7e:	4630      	mov	r0, r6
 8009b80:	f000 f918 	bl	8009db4 <USBD_CtlSendData>
 8009b84:	4644      	mov	r4, r8
 8009b86:	e750      	b.n	8009a2a <USBD_StdEPReq+0x24>
 8009b88:	4629      	mov	r1, r5
 8009b8a:	f7ff fcd7 	bl	800953c <USBD_CtlError>
 8009b8e:	4644      	mov	r4, r8
 8009b90:	e74b      	b.n	8009a2a <USBD_StdEPReq+0x24>
 8009b92:	f003 037f 	and.w	r3, r3, #127	@ 0x7f
 8009b96:	eb03 0383 	add.w	r3, r3, r3, lsl #2
 8009b9a:	0099      	lsls	r1, r3, #2
 8009b9c:	3110      	adds	r1, #16
 8009b9e:	4431      	add	r1, r6
 8009ba0:	3104      	adds	r1, #4
 8009ba2:	e7e8      	b.n	8009b76 <USBD_StdEPReq+0x170>
 8009ba4:	b259      	sxtb	r1, r3
 8009ba6:	2900      	cmp	r1, #0
 8009ba8:	db20      	blt.n	8009bec <USBD_StdEPReq+0x1e6>
 8009baa:	f003 020f 	and.w	r2, r3, #15
 8009bae:	eb02 0282 	add.w	r2, r2, r2, lsl #2
 8009bb2:	eb00 0282 	add.w	r2, r0, r2, lsl #2
 8009bb6:	f892 4163 	ldrb.w	r4, [r2, #355]	@ 0x163
 8009bba:	b32c      	cbz	r4, 8009c08 <USBD_StdEPReq+0x202>
 8009bbc:	2900      	cmp	r1, #0
 8009bbe:	db27      	blt.n	8009c10 <USBD_StdEPReq+0x20a>
 8009bc0:	f003 037f 	and.w	r3, r3, #127	@ 0x7f
 8009bc4:	eb03 0383 	add.w	r3, r3, r3, lsl #2
 8009bc8:	009c      	lsls	r4, r3, #2
 8009bca:	f504 74a8 	add.w	r4, r4, #336	@ 0x150
 8009bce:	4434      	add	r4, r6
 8009bd0:	3404      	adds	r4, #4
 8009bd2:	b10f      	cbz	r7, 8009bd8 <USBD_StdEPReq+0x1d2>
 8009bd4:	2f80      	cmp	r7, #128	@ 0x80
 8009bd6:	d124      	bne.n	8009c22 <USBD_StdEPReq+0x21c>
 8009bd8:	2300      	movs	r3, #0
 8009bda:	73a3      	strb	r3, [r4, #14]
 8009bdc:	2202      	movs	r2, #2
 8009bde:	f104 010e 	add.w	r1, r4, #14
 8009be2:	4630      	mov	r0, r6
 8009be4:	f000 f8e6 	bl	8009db4 <USBD_CtlSendData>
 8009be8:	4644      	mov	r4, r8
 8009bea:	e71e      	b.n	8009a2a <USBD_StdEPReq+0x24>
 8009bec:	f003 020f 	and.w	r2, r3, #15
 8009bf0:	eb02 0282 	add.w	r2, r2, r2, lsl #2
 8009bf4:	eb00 0282 	add.w	r2, r0, r2, lsl #2
 8009bf8:	f892 4023 	ldrb.w	r4, [r2, #35]	@ 0x23
 8009bfc:	2c00      	cmp	r4, #0
 8009bfe:	d1dd      	bne.n	8009bbc <USBD_StdEPReq+0x1b6>
 8009c00:	4629      	mov	r1, r5
 8009c02:	f7ff fc9b 	bl	800953c <USBD_CtlError>
 8009c06:	e710      	b.n	8009a2a <USBD_StdEPReq+0x24>
 8009c08:	4629      	mov	r1, r5
 8009c0a:	f7ff fc97 	bl	800953c <USBD_CtlError>
 8009c0e:	e70c      	b.n	8009a2a <USBD_StdEPReq+0x24>
 8009c10:	f003 037f 	and.w	r3, r3, #127	@ 0x7f
 8009c14:	eb03 0383 	add.w	r3, r3, r3, lsl #2
 8009c18:	009c      	lsls	r4, r3, #2
 8009c1a:	3410      	adds	r4, #16
 8009c1c:	4434      	add	r4, r6
 8009c1e:	3404      	adds	r4, #4
 8009c20:	e7d7      	b.n	8009bd2 <USBD_StdEPReq+0x1cc>
 8009c22:	4639      	mov	r1, r7
 8009c24:	4630      	mov	r0, r6
 8009c26:	f7ff fa3e 	bl	80090a6 <USBD_LL_IsStallEP>
 8009c2a:	b110      	cbz	r0, 8009c32 <USBD_StdEPReq+0x22c>
 8009c2c:	2301      	movs	r3, #1
 8009c2e:	73a3      	strb	r3, [r4, #14]
 8009c30:	e7d4      	b.n	8009bdc <USBD_StdEPReq+0x1d6>
 8009c32:	73a0      	strb	r0, [r4, #14]
 8009c34:	e7d2      	b.n	8009bdc <USBD_StdEPReq+0x1d6>
 8009c36:	2400      	movs	r4, #0
 8009c38:	e6f7      	b.n	8009a2a <USBD_StdEPReq+0x24>
 8009c3a:	461c      	mov	r4, r3
 8009c3c:	e6f5      	b.n	8009a2a <USBD_StdEPReq+0x24>

08009c3e <USBD_GetString>:
 8009c3e:	b300      	cbz	r0, 8009c82 <USBD_GetString+0x44>
 8009c40:	b570      	push	{r4, r5, r6, lr}
 8009c42:	460d      	mov	r5, r1
 8009c44:	4616      	mov	r6, r2
 8009c46:	4604      	mov	r4, r0
 8009c48:	f7ff fc5a 	bl	8009500 <USBD_GetLen>
 8009c4c:	3001      	adds	r0, #1
 8009c4e:	0043      	lsls	r3, r0, #1
 8009c50:	f5b3 7f00 	cmp.w	r3, #512	@ 0x200
 8009c54:	d806      	bhi.n	8009c64 <USBD_GetString+0x26>
 8009c56:	b29b      	uxth	r3, r3
 8009c58:	8033      	strh	r3, [r6, #0]
 8009c5a:	702b      	strb	r3, [r5, #0]
 8009c5c:	2303      	movs	r3, #3
 8009c5e:	706b      	strb	r3, [r5, #1]
 8009c60:	2302      	movs	r3, #2
 8009c62:	e00a      	b.n	8009c7a <USBD_GetString+0x3c>
 8009c64:	f44f 7300 	mov.w	r3, #512	@ 0x200
 8009c68:	e7f6      	b.n	8009c58 <USBD_GetString+0x1a>
 8009c6a:	54ea      	strb	r2, [r5, r3]
 8009c6c:	3401      	adds	r4, #1
 8009c6e:	1c5a      	adds	r2, r3, #1
 8009c70:	b2d2      	uxtb	r2, r2
 8009c72:	2100      	movs	r1, #0
 8009c74:	54a9      	strb	r1, [r5, r2]
 8009c76:	3302      	adds	r3, #2
 8009c78:	b2db      	uxtb	r3, r3
 8009c7a:	7822      	ldrb	r2, [r4, #0]
 8009c7c:	2a00      	cmp	r2, #0
 8009c7e:	d1f4      	bne.n	8009c6a <USBD_GetString+0x2c>
 8009c80:	bd70      	pop	{r4, r5, r6, pc}
 8009c82:	4770      	bx	lr

08009c84 <USBD_CDC_DeviceDescriptor>:
 8009c84:	2312      	movs	r3, #18
 8009c86:	800b      	strh	r3, [r1, #0]
 8009c88:	4800      	ldr	r0, [pc, #0]	@ (8009c8c <USBD_CDC_DeviceDescriptor+0x8>)
 8009c8a:	4770      	bx	lr
 8009c8c:	200000e8 	.word	0x200000e8

08009c90 <USBD_CDC_LangIDStrDescriptor>:
 8009c90:	2304      	movs	r3, #4
 8009c92:	800b      	strh	r3, [r1, #0]
 8009c94:	4800      	ldr	r0, [pc, #0]	@ (8009c98 <USBD_CDC_LangIDStrDescriptor+0x8>)
 8009c96:	4770      	bx	lr
 8009c98:	200000e4 	.word	0x200000e4

08009c9c <IntToUnicode>:
 8009c9c:	2300      	movs	r3, #0
 8009c9e:	4293      	cmp	r3, r2
 8009ca0:	d21d      	bcs.n	8009cde <IntToUnicode+0x42>
 8009ca2:	b500      	push	{lr}
 8009ca4:	e010      	b.n	8009cc8 <IntToUnicode+0x2c>
 8009ca6:	f10c 0c37 	add.w	ip, ip, #55	@ 0x37
 8009caa:	f801 c013 	strb.w	ip, [r1, r3, lsl #1]
 8009cae:	0100      	lsls	r0, r0, #4
 8009cb0:	ea4f 0c43 	mov.w	ip, r3, lsl #1
 8009cb4:	f10c 0c01 	add.w	ip, ip, #1
 8009cb8:	f04f 0e00 	mov.w	lr, #0
 8009cbc:	f801 e00c 	strb.w	lr, [r1, ip]
 8009cc0:	3301      	adds	r3, #1
 8009cc2:	b2db      	uxtb	r3, r3
 8009cc4:	4293      	cmp	r3, r2
 8009cc6:	d209      	bcs.n	8009cdc <IntToUnicode+0x40>
 8009cc8:	ea4f 7c10 	mov.w	ip, r0, lsr #28
 8009ccc:	f1b0 4f20 	cmp.w	r0, #2684354560	@ 0xa0000000
 8009cd0:	d2e9      	bcs.n	8009ca6 <IntToUnicode+0xa>
 8009cd2:	f10c 0c30 	add.w	ip, ip, #48	@ 0x30
 8009cd6:	f801 c013 	strb.w	ip, [r1, r3, lsl #1]
 8009cda:	e7e8      	b.n	8009cae <IntToUnicode+0x12>
 8009cdc:	bd00      	pop	{pc}
 8009cde:	4770      	bx	lr

08009ce0 <Get_SerialNum>:
 8009ce0:	4b0b      	ldr	r3, [pc, #44]	@ (8009d10 <Get_SerialNum+0x30>)
 8009ce2:	f8d3 0590 	ldr.w	r0, [r3, #1424]	@ 0x590
 8009ce6:	f8d3 2594 	ldr.w	r2, [r3, #1428]	@ 0x594
 8009cea:	f8d3 3598 	ldr.w	r3, [r3, #1432]	@ 0x598
 8009cee:	18c0      	adds	r0, r0, r3
 8009cf0:	d100      	bne.n	8009cf4 <Get_SerialNum+0x14>
 8009cf2:	4770      	bx	lr
 8009cf4:	b510      	push	{r4, lr}
 8009cf6:	4614      	mov	r4, r2
 8009cf8:	2208      	movs	r2, #8
 8009cfa:	4906      	ldr	r1, [pc, #24]	@ (8009d14 <Get_SerialNum+0x34>)
 8009cfc:	f7ff ffce 	bl	8009c9c <IntToUnicode>
 8009d00:	2204      	movs	r2, #4
 8009d02:	4b04      	ldr	r3, [pc, #16]	@ (8009d14 <Get_SerialNum+0x34>)
 8009d04:	f103 0110 	add.w	r1, r3, #16
 8009d08:	4620      	mov	r0, r4
 8009d0a:	f7ff ffc7 	bl	8009c9c <IntToUnicode>
 8009d0e:	bd10      	pop	{r4, pc}
 8009d10:	1fff7000 	.word	0x1fff7000
 8009d14:	200000ca 	.word	0x200000ca

08009d18 <USBD_CDC_SerialStrDescriptor>:
 8009d18:	b508      	push	{r3, lr}
 8009d1a:	231a      	movs	r3, #26
 8009d1c:	800b      	strh	r3, [r1, #0]
 8009d1e:	f7ff ffdf 	bl	8009ce0 <Get_SerialNum>
 8009d22:	4801      	ldr	r0, [pc, #4]	@ (8009d28 <USBD_CDC_SerialStrDescriptor+0x10>)
 8009d24:	bd08      	pop	{r3, pc}
 8009d26:	bf00      	nop
 8009d28:	200000c8 	.word	0x200000c8

08009d2c <USBD_CDC_ProductStrDescriptor>:
 8009d2c:	b508      	push	{r3, lr}
 8009d2e:	460a      	mov	r2, r1
 8009d30:	b928      	cbnz	r0, 8009d3e <USBD_CDC_ProductStrDescriptor+0x12>
 8009d32:	4905      	ldr	r1, [pc, #20]	@ (8009d48 <USBD_CDC_ProductStrDescriptor+0x1c>)
 8009d34:	4805      	ldr	r0, [pc, #20]	@ (8009d4c <USBD_CDC_ProductStrDescriptor+0x20>)
 8009d36:	f7ff ff82 	bl	8009c3e <USBD_GetString>
 8009d3a:	4803      	ldr	r0, [pc, #12]	@ (8009d48 <USBD_CDC_ProductStrDescriptor+0x1c>)
 8009d3c:	bd08      	pop	{r3, pc}
 8009d3e:	4902      	ldr	r1, [pc, #8]	@ (8009d48 <USBD_CDC_ProductStrDescriptor+0x1c>)
 8009d40:	4802      	ldr	r0, [pc, #8]	@ (8009d4c <USBD_CDC_ProductStrDescriptor+0x20>)
 8009d42:	f7ff ff7c 	bl	8009c3e <USBD_GetString>
 8009d46:	e7f8      	b.n	8009d3a <USBD_CDC_ProductStrDescriptor+0xe>
 8009d48:	20001fe4 	.word	0x20001fe4
 8009d4c:	0800ceb4 	.word	0x0800ceb4

08009d50 <USBD_CDC_ManufacturerStrDescriptor>:
 8009d50:	b510      	push	{r4, lr}
 8009d52:	460a      	mov	r2, r1
 8009d54:	4c03      	ldr	r4, [pc, #12]	@ (8009d64 <USBD_CDC_ManufacturerStrDescriptor+0x14>)
 8009d56:	4621      	mov	r1, r4
 8009d58:	4803      	ldr	r0, [pc, #12]	@ (8009d68 <USBD_CDC_ManufacturerStrDescriptor+0x18>)
 8009d5a:	f7ff ff70 	bl	8009c3e <USBD_GetString>
 8009d5e:	4620      	mov	r0, r4
 8009d60:	bd10      	pop	{r4, pc}
 8009d62:	bf00      	nop
 8009d64:	20001fe4 	.word	0x20001fe4
 8009d68:	0800cecc 	.word	0x0800cecc

08009d6c <USBD_CDC_ConfigStrDescriptor>:
 8009d6c:	b508      	push	{r3, lr}
 8009d6e:	460a      	mov	r2, r1
 8009d70:	b928      	cbnz	r0, 8009d7e <USBD_CDC_ConfigStrDescriptor+0x12>
 8009d72:	4905      	ldr	r1, [pc, #20]	@ (8009d88 <USBD_CDC_ConfigStrDescriptor+0x1c>)
 8009d74:	4805      	ldr	r0, [pc, #20]	@ (8009d8c <USBD_CDC_ConfigStrDescriptor+0x20>)
 8009d76:	f7ff ff62 	bl	8009c3e <USBD_GetString>
 8009d7a:	4803      	ldr	r0, [pc, #12]	@ (8009d88 <USBD_CDC_ConfigStrDescriptor+0x1c>)
 8009d7c:	bd08      	pop	{r3, pc}
 8009d7e:	4902      	ldr	r1, [pc, #8]	@ (8009d88 <USBD_CDC_ConfigStrDescriptor+0x1c>)
 8009d80:	4802      	ldr	r0, [pc, #8]	@ (8009d8c <USBD_CDC_ConfigStrDescriptor+0x20>)
 8009d82:	f7ff ff5c 	bl	8009c3e <USBD_GetString>
 8009d86:	e7f8      	b.n	8009d7a <USBD_CDC_ConfigStrDescriptor+0xe>
 8009d88:	20001fe4 	.word	0x20001fe4
 8009d8c:	0800cee0 	.word	0x0800cee0

08009d90 <USBD_CDC_InterfaceStrDescriptor>:
 8009d90:	b508      	push	{r3, lr}
 8009d92:	460a      	mov	r2, r1
 8009d94:	b928      	cbnz	r0, 8009da2 <USBD_CDC_InterfaceStrDescriptor+0x12>
 8009d96:	4905      	ldr	r1, [pc, #20]	@ (8009dac <USBD_CDC_InterfaceStrDescriptor+0x1c>)
 8009d98:	4805      	ldr	r0, [pc, #20]	@ (8009db0 <USBD_CDC_InterfaceStrDescriptor+0x20>)
 8009d9a:	f7ff ff50 	bl	8009c3e <USBD_GetString>
 8009d9e:	4803      	ldr	r0, [pc, #12]	@ (8009dac <USBD_CDC_InterfaceStrDescriptor+0x1c>)
 8009da0:	bd08      	pop	{r3, pc}
 8009da2:	4902      	ldr	r1, [pc, #8]	@ (8009dac <USBD_CDC_InterfaceStrDescriptor+0x1c>)
 8009da4:	4802      	ldr	r0, [pc, #8]	@ (8009db0 <USBD_CDC_InterfaceStrDescriptor+0x20>)
 8009da6:	f7ff ff4a 	bl	8009c3e <USBD_GetString>
 8009daa:	e7f8      	b.n	8009d9e <USBD_CDC_InterfaceStrDescriptor+0xe>
 8009dac:	20001fe4 	.word	0x20001fe4
 8009db0:	0800ceec 	.word	0x0800ceec

08009db4 <USBD_CtlSendData>:
 8009db4:	b508      	push	{r3, lr}
 8009db6:	4613      	mov	r3, r2
 8009db8:	2202      	movs	r2, #2
 8009dba:	f8c0 2294 	str.w	r2, [r0, #660]	@ 0x294
 8009dbe:	6143      	str	r3, [r0, #20]
 8009dc0:	6241      	str	r1, [r0, #36]	@ 0x24
 8009dc2:	6183      	str	r3, [r0, #24]
 8009dc4:	460a      	mov	r2, r1
 8009dc6:	2100      	movs	r1, #0
 8009dc8:	f7ff f98b 	bl	80090e2 <USBD_LL_Transmit>
 8009dcc:	2000      	movs	r0, #0
 8009dce:	bd08      	pop	{r3, pc}

08009dd0 <USBD_CtlContinueSendData>:
 8009dd0:	b508      	push	{r3, lr}
 8009dd2:	4613      	mov	r3, r2
 8009dd4:	460a      	mov	r2, r1
 8009dd6:	2100      	movs	r1, #0
 8009dd8:	f7ff f983 	bl	80090e2 <USBD_LL_Transmit>
 8009ddc:	2000      	movs	r0, #0
 8009dde:	bd08      	pop	{r3, pc}

08009de0 <USBD_CtlPrepareRx>:
 8009de0:	b508      	push	{r3, lr}
 8009de2:	4613      	mov	r3, r2
 8009de4:	2203      	movs	r2, #3
 8009de6:	f8c0 2294 	str.w	r2, [r0, #660]	@ 0x294
 8009dea:	f8c0 3154 	str.w	r3, [r0, #340]	@ 0x154
 8009dee:	f8c0 1164 	str.w	r1, [r0, #356]	@ 0x164
 8009df2:	f8c0 3158 	str.w	r3, [r0, #344]	@ 0x158
 8009df6:	460a      	mov	r2, r1
 8009df8:	2100      	movs	r1, #0
 8009dfa:	f7ff f97a 	bl	80090f2 <USBD_LL_PrepareReceive>
 8009dfe:	2000      	movs	r0, #0
 8009e00:	bd08      	pop	{r3, pc}

08009e02 <USBD_CtlContinueRx>:
 8009e02:	b508      	push	{r3, lr}
 8009e04:	4613      	mov	r3, r2
 8009e06:	460a      	mov	r2, r1
 8009e08:	2100      	movs	r1, #0
 8009e0a:	f7ff f972 	bl	80090f2 <USBD_LL_PrepareReceive>
 8009e0e:	2000      	movs	r0, #0
 8009e10:	bd08      	pop	{r3, pc}

08009e12 <USBD_CtlSendStatus>:
 8009e12:	b508      	push	{r3, lr}
 8009e14:	2204      	movs	r2, #4
 8009e16:	f8c0 2294 	str.w	r2, [r0, #660]	@ 0x294
 8009e1a:	2300      	movs	r3, #0
 8009e1c:	461a      	mov	r2, r3
 8009e1e:	4619      	mov	r1, r3
 8009e20:	f7ff f95f 	bl	80090e2 <USBD_LL_Transmit>
 8009e24:	2000      	movs	r0, #0
 8009e26:	bd08      	pop	{r3, pc}

08009e28 <USBD_CtlReceiveStatus>:
 8009e28:	b508      	push	{r3, lr}
 8009e2a:	2205      	movs	r2, #5
 8009e2c:	f8c0 2294 	str.w	r2, [r0, #660]	@ 0x294
 8009e30:	2300      	movs	r3, #0
 8009e32:	461a      	mov	r2, r3
 8009e34:	4619      	mov	r1, r3
 8009e36:	f7ff f95c 	bl	80090f2 <USBD_LL_PrepareReceive>
 8009e3a:	2000      	movs	r0, #0
 8009e3c:	bd08      	pop	{r3, pc}

08009e3e <CopyDataInit>:
 8009e3e:	58d4      	ldr	r4, [r2, r3]
 8009e40:	50c4      	str	r4, [r0, r3]
 8009e42:	3304      	adds	r3, #4

08009e44 <LoopCopyDataInit>:
 8009e44:	18c4      	adds	r4, r0, r3
 8009e46:	428c      	cmp	r4, r1
 8009e48:	d3f9      	bcc.n	8009e3e <CopyDataInit>
 8009e4a:	4770      	bx	lr

08009e4c <FillZerobss>:
 8009e4c:	6003      	str	r3, [r0, #0]
 8009e4e:	3004      	adds	r0, #4

08009e50 <LoopFillZerobss>:
 8009e50:	4288      	cmp	r0, r1
 8009e52:	d3fb      	bcc.n	8009e4c <FillZerobss>
 8009e54:	4770      	bx	lr
	...

08009e58 <Reset_Handler>:
 8009e58:	480c      	ldr	r0, [pc, #48]	@ (8009e8c <LoopForever+0x2>)
 8009e5a:	4685      	mov	sp, r0
 8009e5c:	f7fe fb92 	bl	8008584 <SystemInit>
 8009e60:	480b      	ldr	r0, [pc, #44]	@ (8009e90 <LoopForever+0x6>)
 8009e62:	490c      	ldr	r1, [pc, #48]	@ (8009e94 <LoopForever+0xa>)
 8009e64:	4a0c      	ldr	r2, [pc, #48]	@ (8009e98 <LoopForever+0xe>)
 8009e66:	2300      	movs	r3, #0
 8009e68:	f7ff ffec 	bl	8009e44 <LoopCopyDataInit>
 8009e6c:	480b      	ldr	r0, [pc, #44]	@ (8009e9c <LoopForever+0x12>)
 8009e6e:	490c      	ldr	r1, [pc, #48]	@ (8009ea0 <LoopForever+0x16>)
 8009e70:	4a0c      	ldr	r2, [pc, #48]	@ (8009ea4 <LoopForever+0x1a>)
 8009e72:	2300      	movs	r3, #0
 8009e74:	f7ff ffe6 	bl	8009e44 <LoopCopyDataInit>
 8009e78:	480b      	ldr	r0, [pc, #44]	@ (8009ea8 <LoopForever+0x1e>)
 8009e7a:	490c      	ldr	r1, [pc, #48]	@ (8009eac <LoopForever+0x22>)
 8009e7c:	2300      	movs	r3, #0
 8009e7e:	f7ff ffe7 	bl	8009e50 <LoopFillZerobss>
 8009e82:	f000 fe07 	bl	800aa94 <__libc_init_array>
 8009e86:	f7f9 fa91 	bl	80033ac <main>

08009e8a <LoopForever>:
 8009e8a:	e7fe      	b.n	8009e8a <LoopForever>
 8009e8c:	20030000 	.word	0x20030000
 8009e90:	20000008 	.word	0x20000008
 8009e94:	20000330 	.word	0x20000330
 8009e98:	0800d504 	.word	0x0800d504
 8009e9c:	200301e4 	.word	0x200301e4
 8009ea0:	20030a67 	.word	0x20030a67
 8009ea4:	0800d82c 	.word	0x0800d82c
 8009ea8:	20000330 	.word	0x20000330
 8009eac:	20002330 	.word	0x20002330

08009eb0 <ADC1_IRQHandler>:
 8009eb0:	e7fe      	b.n	8009eb0 <ADC1_IRQHandler>

08009eb2 <__cvt>:
 8009eb2:	e92d 47ff 	stmdb	sp!, {r0, r1, r2, r3, r4, r5, r6, r7, r8, r9, sl, lr}
 8009eb6:	ec57 6b10 	vmov	r6, r7, d0
 8009eba:	2f00      	cmp	r7, #0
 8009ebc:	460c      	mov	r4, r1
 8009ebe:	4691      	mov	r9, r2
 8009ec0:	f8dd a030 	ldr.w	sl, [sp, #48]	@ 0x30
 8009ec4:	4619      	mov	r1, r3
 8009ec6:	f04f 0200 	mov.w	r2, #0
 8009eca:	da03      	bge.n	8009ed4 <__cvt+0x22>
 8009ecc:	f107 4300 	add.w	r3, r7, #2147483648	@ 0x80000000
 8009ed0:	461f      	mov	r7, r3
 8009ed2:	222d      	movs	r2, #45	@ 0x2d
 8009ed4:	9d0d      	ldr	r5, [sp, #52]	@ 0x34
 8009ed6:	700a      	strb	r2, [r1, #0]
 8009ed8:	f025 0520 	bic.w	r5, r5, #32
 8009edc:	2d46      	cmp	r5, #70	@ 0x46
 8009ede:	d004      	beq.n	8009eea <__cvt+0x38>
 8009ee0:	2d45      	cmp	r5, #69	@ 0x45
 8009ee2:	d100      	bne.n	8009ee6 <__cvt+0x34>
 8009ee4:	3401      	adds	r4, #1
 8009ee6:	2102      	movs	r1, #2
 8009ee8:	e000      	b.n	8009eec <__cvt+0x3a>
 8009eea:	2103      	movs	r1, #3
 8009eec:	ab03      	add	r3, sp, #12
 8009eee:	9301      	str	r3, [sp, #4]
 8009ef0:	ab02      	add	r3, sp, #8
 8009ef2:	9300      	str	r3, [sp, #0]
 8009ef4:	ec47 6b10 	vmov	d0, r6, r7
 8009ef8:	4653      	mov	r3, sl
 8009efa:	4622      	mov	r2, r4
 8009efc:	f000 fe88 	bl	800ac10 <_dtoa_r>
 8009f00:	2d47      	cmp	r5, #71	@ 0x47
 8009f02:	4680      	mov	r8, r0
 8009f04:	d11a      	bne.n	8009f3c <__cvt+0x8a>
 8009f06:	f019 0f01 	tst.w	r9, #1
 8009f0a:	d00e      	beq.n	8009f2a <__cvt+0x78>
 8009f0c:	eb00 0904 	add.w	r9, r0, r4
 8009f10:	2200      	movs	r2, #0
 8009f12:	2300      	movs	r3, #0
 8009f14:	4630      	mov	r0, r6
 8009f16:	4639      	mov	r1, r7
 8009f18:	f7f6 fd8e 	bl	8000a38 <__aeabi_dcmpeq>
 8009f1c:	b108      	cbz	r0, 8009f22 <__cvt+0x70>
 8009f1e:	f8cd 900c 	str.w	r9, [sp, #12]
 8009f22:	2230      	movs	r2, #48	@ 0x30
 8009f24:	9b03      	ldr	r3, [sp, #12]
 8009f26:	454b      	cmp	r3, r9
 8009f28:	d31e      	bcc.n	8009f68 <__cvt+0xb6>
 8009f2a:	9b03      	ldr	r3, [sp, #12]
 8009f2c:	9a0e      	ldr	r2, [sp, #56]	@ 0x38
 8009f2e:	eba3 0308 	sub.w	r3, r3, r8
 8009f32:	4640      	mov	r0, r8
 8009f34:	6013      	str	r3, [r2, #0]
 8009f36:	b004      	add	sp, #16
 8009f38:	e8bd 87f0 	ldmia.w	sp!, {r4, r5, r6, r7, r8, r9, sl, pc}
 8009f3c:	2d46      	cmp	r5, #70	@ 0x46
 8009f3e:	eb00 0904 	add.w	r9, r0, r4
 8009f42:	d1e5      	bne.n	8009f10 <__cvt+0x5e>
 8009f44:	7803      	ldrb	r3, [r0, #0]
 8009f46:	2b30      	cmp	r3, #48	@ 0x30
 8009f48:	d10a      	bne.n	8009f60 <__cvt+0xae>
 8009f4a:	2200      	movs	r2, #0
 8009f4c:	2300      	movs	r3, #0
 8009f4e:	4630      	mov	r0, r6
 8009f50:	4639      	mov	r1, r7
 8009f52:	f7f6 fd71 	bl	8000a38 <__aeabi_dcmpeq>
 8009f56:	b918      	cbnz	r0, 8009f60 <__cvt+0xae>
 8009f58:	f1c4 0401 	rsb	r4, r4, #1
 8009f5c:	f8ca 4000 	str.w	r4, [sl]
 8009f60:	f8da 3000 	ldr.w	r3, [sl]
 8009f64:	4499      	add	r9, r3
 8009f66:	e7d3      	b.n	8009f10 <__cvt+0x5e>
 8009f68:	1c59      	adds	r1, r3, #1
 8009f6a:	9103      	str	r1, [sp, #12]
 8009f6c:	701a      	strb	r2, [r3, #0]
 8009f6e:	e7d9      	b.n	8009f24 <__cvt+0x72>

08009f70 <__exponent>:
 8009f70:	b5f7      	push	{r0, r1, r2, r4, r5, r6, r7, lr}
 8009f72:	2900      	cmp	r1, #0
 8009f74:	bfba      	itte	lt
 8009f76:	4249      	neglt	r1, r1
 8009f78:	232d      	movlt	r3, #45	@ 0x2d
 8009f7a:	232b      	movge	r3, #43	@ 0x2b
 8009f7c:	2909      	cmp	r1, #9
 8009f7e:	7002      	strb	r2, [r0, #0]
 8009f80:	7043      	strb	r3, [r0, #1]
 8009f82:	dd2a      	ble.n	8009fda <__exponent+0x6a>
 8009f84:	f10d 0407 	add.w	r4, sp, #7
 8009f88:	1c87      	adds	r7, r0, #2
 8009f8a:	46a6      	mov	lr, r4
 8009f8c:	260a      	movs	r6, #10
 8009f8e:	46a4      	mov	ip, r4
 8009f90:	fbb1 f5f6 	udiv	r5, r1, r6
 8009f94:	fb06 1215 	mls	r2, r6, r5, r1
 8009f98:	3230      	adds	r2, #48	@ 0x30
 8009f9a:	2963      	cmp	r1, #99	@ 0x63
 8009f9c:	f104 34ff 	add.w	r4, r4, #4294967295
 8009fa0:	f80c 2c01 	strb.w	r2, [ip, #-1]
 8009fa4:	4629      	mov	r1, r5
 8009fa6:	dcf2      	bgt.n	8009f8e <__exponent+0x1e>
 8009fa8:	3130      	adds	r1, #48	@ 0x30
 8009faa:	f1ac 0202 	sub.w	r2, ip, #2
 8009fae:	f804 1c01 	strb.w	r1, [r4, #-1]
 8009fb2:	1c41      	adds	r1, r0, #1
 8009fb4:	4614      	mov	r4, r2
 8009fb6:	4572      	cmp	r2, lr
 8009fb8:	d30a      	bcc.n	8009fd0 <__exponent+0x60>
 8009fba:	f10d 0309 	add.w	r3, sp, #9
 8009fbe:	eba3 030c 	sub.w	r3, r3, ip
 8009fc2:	45a6      	cmp	lr, r4
 8009fc4:	bf38      	it	cc
 8009fc6:	2300      	movcc	r3, #0
 8009fc8:	443b      	add	r3, r7
 8009fca:	1a18      	subs	r0, r3, r0
 8009fcc:	b003      	add	sp, #12
 8009fce:	bdf0      	pop	{r4, r5, r6, r7, pc}
 8009fd0:	f812 3b01 	ldrb.w	r3, [r2], #1
 8009fd4:	f801 3f01 	strb.w	r3, [r1, #1]!
 8009fd8:	e7ed      	b.n	8009fb6 <__exponent+0x46>
 8009fda:	2330      	movs	r3, #48	@ 0x30
 8009fdc:	3130      	adds	r1, #48	@ 0x30
 8009fde:	7083      	strb	r3, [r0, #2]
 8009fe0:	70c1      	strb	r1, [r0, #3]
 8009fe2:	1d03      	adds	r3, r0, #4
 8009fe4:	e7f1      	b.n	8009fca <__exponent+0x5a>
	...

08009fe8 <_printf_float>:
 8009fe8:	e92d 4ff0 	stmdb	sp!, {r4, r5, r6, r7, r8, r9, sl, fp, lr}
 8009fec:	b08f      	sub	sp, #60	@ 0x3c
 8009fee:	460c      	mov	r4, r1
 8009ff0:	f8dd 8060 	ldr.w	r8, [sp, #96]	@ 0x60
 8009ff4:	4616      	mov	r6, r2
 8009ff6:	461f      	mov	r7, r3
 8009ff8:	4605      	mov	r5, r0
 8009ffa:	f000 fcfb 	bl	800a9f4 <_localeconv_r>
 8009ffe:	6803      	ldr	r3, [r0, #0]
 800a000:	9307      	str	r3, [sp, #28]
 800a002:	4618      	mov	r0, r3
 800a004:	f7f6 f8ec 	bl	80001e0 <strlen>
 800a008:	2300      	movs	r3, #0
 800a00a:	930c      	str	r3, [sp, #48]	@ 0x30
 800a00c:	f8d8 3000 	ldr.w	r3, [r8]
 800a010:	f894 a018 	ldrb.w	sl, [r4, #24]
 800a014:	f8d4 b000 	ldr.w	fp, [r4]
 800a018:	9008      	str	r0, [sp, #32]
 800a01a:	3307      	adds	r3, #7
 800a01c:	f023 0307 	bic.w	r3, r3, #7
 800a020:	ecb3 7b02 	vldmia	r3!, {d7}
 800a024:	ed8d 7b04 	vstr	d7, [sp, #16]
 800a028:	f8c8 3000 	str.w	r3, [r8]
 800a02c:	e9dd 8304 	ldrd	r8, r3, [sp, #16]
 800a030:	f023 4900 	bic.w	r9, r3, #2147483648	@ 0x80000000
 800a034:	ed84 7b12 	vstr	d7, [r4, #72]	@ 0x48
 800a038:	4b9a      	ldr	r3, [pc, #616]	@ (800a2a4 <_printf_float+0x2bc>)
 800a03a:	f04f 32ff 	mov.w	r2, #4294967295
 800a03e:	4640      	mov	r0, r8
 800a040:	4649      	mov	r1, r9
 800a042:	f7f6 fd2b 	bl	8000a9c <__aeabi_dcmpun>
 800a046:	bb70      	cbnz	r0, 800a0a6 <_printf_float+0xbe>
 800a048:	4b96      	ldr	r3, [pc, #600]	@ (800a2a4 <_printf_float+0x2bc>)
 800a04a:	f04f 32ff 	mov.w	r2, #4294967295
 800a04e:	4640      	mov	r0, r8
 800a050:	4649      	mov	r1, r9
 800a052:	f7f6 fd05 	bl	8000a60 <__aeabi_dcmple>
 800a056:	bb30      	cbnz	r0, 800a0a6 <_printf_float+0xbe>
 800a058:	e9dd 0104 	ldrd	r0, r1, [sp, #16]
 800a05c:	2200      	movs	r2, #0
 800a05e:	2300      	movs	r3, #0
 800a060:	f7f6 fcf4 	bl	8000a4c <__aeabi_dcmplt>
 800a064:	b110      	cbz	r0, 800a06c <_printf_float+0x84>
 800a066:	232d      	movs	r3, #45	@ 0x2d
 800a068:	f884 3043 	strb.w	r3, [r4, #67]	@ 0x43
 800a06c:	4a8e      	ldr	r2, [pc, #568]	@ (800a2a8 <_printf_float+0x2c0>)
 800a06e:	4b8f      	ldr	r3, [pc, #572]	@ (800a2ac <_printf_float+0x2c4>)
 800a070:	f1ba 0f47 	cmp.w	sl, #71	@ 0x47
 800a074:	bf8c      	ite	hi
 800a076:	4690      	movhi	r8, r2
 800a078:	4698      	movls	r8, r3
 800a07a:	2303      	movs	r3, #3
 800a07c:	6123      	str	r3, [r4, #16]
 800a07e:	f02b 0304 	bic.w	r3, fp, #4
 800a082:	6023      	str	r3, [r4, #0]
 800a084:	f04f 0900 	mov.w	r9, #0
 800a088:	9700      	str	r7, [sp, #0]
 800a08a:	4633      	mov	r3, r6
 800a08c:	aa0d      	add	r2, sp, #52	@ 0x34
 800a08e:	4621      	mov	r1, r4
 800a090:	4628      	mov	r0, r5
 800a092:	f000 f9cd 	bl	800a430 <_printf_common>
 800a096:	3001      	adds	r0, #1
 800a098:	f040 808c 	bne.w	800a1b4 <_printf_float+0x1cc>
 800a09c:	f04f 30ff 	mov.w	r0, #4294967295
 800a0a0:	b00f      	add	sp, #60	@ 0x3c
 800a0a2:	e8bd 8ff0 	ldmia.w	sp!, {r4, r5, r6, r7, r8, r9, sl, fp, pc}
 800a0a6:	e9dd 2304 	ldrd	r2, r3, [sp, #16]
 800a0aa:	4610      	mov	r0, r2
 800a0ac:	4619      	mov	r1, r3
 800a0ae:	f7f6 fcf5 	bl	8000a9c <__aeabi_dcmpun>
 800a0b2:	b140      	cbz	r0, 800a0c6 <_printf_float+0xde>
 800a0b4:	9b05      	ldr	r3, [sp, #20]
 800a0b6:	4a7e      	ldr	r2, [pc, #504]	@ (800a2b0 <_printf_float+0x2c8>)
 800a0b8:	2b00      	cmp	r3, #0
 800a0ba:	bfbc      	itt	lt
 800a0bc:	232d      	movlt	r3, #45	@ 0x2d
 800a0be:	f884 3043 	strblt.w	r3, [r4, #67]	@ 0x43
 800a0c2:	4b7c      	ldr	r3, [pc, #496]	@ (800a2b4 <_printf_float+0x2cc>)
 800a0c4:	e7d4      	b.n	800a070 <_printf_float+0x88>
 800a0c6:	6863      	ldr	r3, [r4, #4]
 800a0c8:	1c5a      	adds	r2, r3, #1
 800a0ca:	f00a 09df 	and.w	r9, sl, #223	@ 0xdf
 800a0ce:	d13b      	bne.n	800a148 <_printf_float+0x160>
 800a0d0:	2306      	movs	r3, #6
 800a0d2:	6063      	str	r3, [r4, #4]
 800a0d4:	f44b 6280 	orr.w	r2, fp, #1024	@ 0x400
 800a0d8:	2300      	movs	r3, #0
 800a0da:	6022      	str	r2, [r4, #0]
 800a0dc:	9303      	str	r3, [sp, #12]
 800a0de:	ab0c      	add	r3, sp, #48	@ 0x30
 800a0e0:	e9cd a301 	strd	sl, r3, [sp, #4]
 800a0e4:	ab0b      	add	r3, sp, #44	@ 0x2c
 800a0e6:	9300      	str	r3, [sp, #0]
 800a0e8:	6861      	ldr	r1, [r4, #4]
 800a0ea:	ed9d 0b04 	vldr	d0, [sp, #16]
 800a0ee:	f10d 032b 	add.w	r3, sp, #43	@ 0x2b
 800a0f2:	4628      	mov	r0, r5
 800a0f4:	f7ff fedd 	bl	8009eb2 <__cvt>
 800a0f8:	f1b9 0f47 	cmp.w	r9, #71	@ 0x47
 800a0fc:	990b      	ldr	r1, [sp, #44]	@ 0x2c
 800a0fe:	4680      	mov	r8, r0
 800a100:	d129      	bne.n	800a156 <_printf_float+0x16e>
 800a102:	1cc8      	adds	r0, r1, #3
 800a104:	db02      	blt.n	800a10c <_printf_float+0x124>
 800a106:	6863      	ldr	r3, [r4, #4]
 800a108:	428b      	cmp	r3, r1
 800a10a:	da41      	bge.n	800a190 <_printf_float+0x1a8>
 800a10c:	f1aa 0a02 	sub.w	sl, sl, #2
 800a110:	fa5f fa8a 	uxtb.w	sl, sl
 800a114:	3901      	subs	r1, #1
 800a116:	4652      	mov	r2, sl
 800a118:	f104 0050 	add.w	r0, r4, #80	@ 0x50
 800a11c:	910b      	str	r1, [sp, #44]	@ 0x2c
 800a11e:	f7ff ff27 	bl	8009f70 <__exponent>
 800a122:	9a0c      	ldr	r2, [sp, #48]	@ 0x30
 800a124:	1813      	adds	r3, r2, r0
 800a126:	2a01      	cmp	r2, #1
 800a128:	4681      	mov	r9, r0
 800a12a:	6123      	str	r3, [r4, #16]
 800a12c:	dc02      	bgt.n	800a134 <_printf_float+0x14c>
 800a12e:	6822      	ldr	r2, [r4, #0]
 800a130:	07d2      	lsls	r2, r2, #31
 800a132:	d501      	bpl.n	800a138 <_printf_float+0x150>
 800a134:	3301      	adds	r3, #1
 800a136:	6123      	str	r3, [r4, #16]
 800a138:	f89d 302b 	ldrb.w	r3, [sp, #43]	@ 0x2b
 800a13c:	2b00      	cmp	r3, #0
 800a13e:	d0a3      	beq.n	800a088 <_printf_float+0xa0>
 800a140:	232d      	movs	r3, #45	@ 0x2d
 800a142:	f884 3043 	strb.w	r3, [r4, #67]	@ 0x43
 800a146:	e79f      	b.n	800a088 <_printf_float+0xa0>
 800a148:	f1b9 0f47 	cmp.w	r9, #71	@ 0x47
 800a14c:	d1c2      	bne.n	800a0d4 <_printf_float+0xec>
 800a14e:	2b00      	cmp	r3, #0
 800a150:	d1c0      	bne.n	800a0d4 <_printf_float+0xec>
 800a152:	2301      	movs	r3, #1
 800a154:	e7bd      	b.n	800a0d2 <_printf_float+0xea>
 800a156:	f1ba 0f65 	cmp.w	sl, #101	@ 0x65
 800a15a:	d9db      	bls.n	800a114 <_printf_float+0x12c>
 800a15c:	f1ba 0f66 	cmp.w	sl, #102	@ 0x66
 800a160:	d118      	bne.n	800a194 <_printf_float+0x1ac>
 800a162:	2900      	cmp	r1, #0
 800a164:	6863      	ldr	r3, [r4, #4]
 800a166:	dd0b      	ble.n	800a180 <_printf_float+0x198>
 800a168:	6121      	str	r1, [r4, #16]
 800a16a:	b913      	cbnz	r3, 800a172 <_printf_float+0x18a>
 800a16c:	6822      	ldr	r2, [r4, #0]
 800a16e:	07d0      	lsls	r0, r2, #31
 800a170:	d502      	bpl.n	800a178 <_printf_float+0x190>
 800a172:	3301      	adds	r3, #1
 800a174:	440b      	add	r3, r1
 800a176:	6123      	str	r3, [r4, #16]
 800a178:	65a1      	str	r1, [r4, #88]	@ 0x58
 800a17a:	f04f 0900 	mov.w	r9, #0
 800a17e:	e7db      	b.n	800a138 <_printf_float+0x150>
 800a180:	b913      	cbnz	r3, 800a188 <_printf_float+0x1a0>
 800a182:	6822      	ldr	r2, [r4, #0]
 800a184:	07d2      	lsls	r2, r2, #31
 800a186:	d501      	bpl.n	800a18c <_printf_float+0x1a4>
 800a188:	3302      	adds	r3, #2
 800a18a:	e7f4      	b.n	800a176 <_printf_float+0x18e>
 800a18c:	2301      	movs	r3, #1
 800a18e:	e7f2      	b.n	800a176 <_printf_float+0x18e>
 800a190:	f04f 0a67 	mov.w	sl, #103	@ 0x67
 800a194:	9b0c      	ldr	r3, [sp, #48]	@ 0x30
 800a196:	428b      	cmp	r3, r1
 800a198:	dc05      	bgt.n	800a1a6 <_printf_float+0x1be>
 800a19a:	6823      	ldr	r3, [r4, #0]
 800a19c:	6121      	str	r1, [r4, #16]
 800a19e:	07d8      	lsls	r0, r3, #31
 800a1a0:	d5ea      	bpl.n	800a178 <_printf_float+0x190>
 800a1a2:	1c4b      	adds	r3, r1, #1
 800a1a4:	e7e7      	b.n	800a176 <_printf_float+0x18e>
 800a1a6:	2900      	cmp	r1, #0
 800a1a8:	bfd4      	ite	le
 800a1aa:	f1c1 0202 	rsble	r2, r1, #2
 800a1ae:	2201      	movgt	r2, #1
 800a1b0:	4413      	add	r3, r2
 800a1b2:	e7e0      	b.n	800a176 <_printf_float+0x18e>
 800a1b4:	6823      	ldr	r3, [r4, #0]
 800a1b6:	055a      	lsls	r2, r3, #21
 800a1b8:	d407      	bmi.n	800a1ca <_printf_float+0x1e2>
 800a1ba:	6923      	ldr	r3, [r4, #16]
 800a1bc:	4642      	mov	r2, r8
 800a1be:	4631      	mov	r1, r6
 800a1c0:	4628      	mov	r0, r5
 800a1c2:	47b8      	blx	r7
 800a1c4:	3001      	adds	r0, #1
 800a1c6:	d128      	bne.n	800a21a <_printf_float+0x232>
 800a1c8:	e768      	b.n	800a09c <_printf_float+0xb4>
 800a1ca:	f1ba 0f65 	cmp.w	sl, #101	@ 0x65
 800a1ce:	f240 80db 	bls.w	800a388 <_printf_float+0x3a0>
 800a1d2:	e9d4 0112 	ldrd	r0, r1, [r4, #72]	@ 0x48
 800a1d6:	2200      	movs	r2, #0
 800a1d8:	2300      	movs	r3, #0
 800a1da:	f7f6 fc2d 	bl	8000a38 <__aeabi_dcmpeq>
 800a1de:	b390      	cbz	r0, 800a246 <_printf_float+0x25e>
 800a1e0:	4a35      	ldr	r2, [pc, #212]	@ (800a2b8 <_printf_float+0x2d0>)
 800a1e2:	2301      	movs	r3, #1
 800a1e4:	4631      	mov	r1, r6
 800a1e6:	4628      	mov	r0, r5
 800a1e8:	47b8      	blx	r7
 800a1ea:	3001      	adds	r0, #1
 800a1ec:	f43f af56 	beq.w	800a09c <_printf_float+0xb4>
 800a1f0:	e9dd 380b 	ldrd	r3, r8, [sp, #44]	@ 0x2c
 800a1f4:	4543      	cmp	r3, r8
 800a1f6:	db02      	blt.n	800a1fe <_printf_float+0x216>
 800a1f8:	6823      	ldr	r3, [r4, #0]
 800a1fa:	07d8      	lsls	r0, r3, #31
 800a1fc:	d50d      	bpl.n	800a21a <_printf_float+0x232>
 800a1fe:	e9dd 2307 	ldrd	r2, r3, [sp, #28]
 800a202:	4631      	mov	r1, r6
 800a204:	4628      	mov	r0, r5
 800a206:	47b8      	blx	r7
 800a208:	3001      	adds	r0, #1
 800a20a:	f43f af47 	beq.w	800a09c <_printf_float+0xb4>
 800a20e:	f04f 0900 	mov.w	r9, #0
 800a212:	f108 38ff 	add.w	r8, r8, #4294967295
 800a216:	45c8      	cmp	r8, r9
 800a218:	dc09      	bgt.n	800a22e <_printf_float+0x246>
 800a21a:	6823      	ldr	r3, [r4, #0]
 800a21c:	079b      	lsls	r3, r3, #30
 800a21e:	f100 8104 	bmi.w	800a42a <_printf_float+0x442>
 800a222:	68e0      	ldr	r0, [r4, #12]
 800a224:	9b0d      	ldr	r3, [sp, #52]	@ 0x34
 800a226:	4298      	cmp	r0, r3
 800a228:	bfb8      	it	lt
 800a22a:	4618      	movlt	r0, r3
 800a22c:	e738      	b.n	800a0a0 <_printf_float+0xb8>
 800a22e:	2301      	movs	r3, #1
 800a230:	f104 021a 	add.w	r2, r4, #26
 800a234:	4631      	mov	r1, r6
 800a236:	4628      	mov	r0, r5
 800a238:	47b8      	blx	r7
 800a23a:	3001      	adds	r0, #1
 800a23c:	f43f af2e 	beq.w	800a09c <_printf_float+0xb4>
 800a240:	f109 0901 	add.w	r9, r9, #1
 800a244:	e7e7      	b.n	800a216 <_printf_float+0x22e>
 800a246:	9b0b      	ldr	r3, [sp, #44]	@ 0x2c
 800a248:	4283      	cmp	r3, r0
 800a24a:	dc37      	bgt.n	800a2bc <_printf_float+0x2d4>
 800a24c:	4a1a      	ldr	r2, [pc, #104]	@ (800a2b8 <_printf_float+0x2d0>)
 800a24e:	2301      	movs	r3, #1
 800a250:	4631      	mov	r1, r6
 800a252:	4628      	mov	r0, r5
 800a254:	47b8      	blx	r7
 800a256:	3001      	adds	r0, #1
 800a258:	f43f af20 	beq.w	800a09c <_printf_float+0xb4>
 800a25c:	e9dd 390b 	ldrd	r3, r9, [sp, #44]	@ 0x2c
 800a260:	ea59 0303 	orrs.w	r3, r9, r3
 800a264:	d102      	bne.n	800a26c <_printf_float+0x284>
 800a266:	6823      	ldr	r3, [r4, #0]
 800a268:	07d9      	lsls	r1, r3, #31
 800a26a:	d5d6      	bpl.n	800a21a <_printf_float+0x232>
 800a26c:	e9dd 2307 	ldrd	r2, r3, [sp, #28]
 800a270:	4631      	mov	r1, r6
 800a272:	4628      	mov	r0, r5
 800a274:	47b8      	blx	r7
 800a276:	3001      	adds	r0, #1
 800a278:	f43f af10 	beq.w	800a09c <_printf_float+0xb4>
 800a27c:	f04f 0a00 	mov.w	sl, #0
 800a280:	9b0b      	ldr	r3, [sp, #44]	@ 0x2c
 800a282:	425b      	negs	r3, r3
 800a284:	4553      	cmp	r3, sl
 800a286:	dc01      	bgt.n	800a28c <_printf_float+0x2a4>
 800a288:	464b      	mov	r3, r9
 800a28a:	e797      	b.n	800a1bc <_printf_float+0x1d4>
 800a28c:	2301      	movs	r3, #1
 800a28e:	f104 021a 	add.w	r2, r4, #26
 800a292:	4631      	mov	r1, r6
 800a294:	4628      	mov	r0, r5
 800a296:	47b8      	blx	r7
 800a298:	3001      	adds	r0, #1
 800a29a:	f43f aeff 	beq.w	800a09c <_printf_float+0xb4>
 800a29e:	f10a 0a01 	add.w	sl, sl, #1
 800a2a2:	e7ed      	b.n	800a280 <_printf_float+0x298>
 800a2a4:	7fefffff 	.word	0x7fefffff
 800a2a8:	0800d0d8 	.word	0x0800d0d8
 800a2ac:	0800d0d4 	.word	0x0800d0d4
 800a2b0:	0800d0e0 	.word	0x0800d0e0
 800a2b4:	0800d0dc 	.word	0x0800d0dc
 800a2b8:	0800d0e4 	.word	0x0800d0e4
 800a2bc:	6da3      	ldr	r3, [r4, #88]	@ 0x58
 800a2be:	f8dd b030 	ldr.w	fp, [sp, #48]	@ 0x30
 800a2c2:	455b      	cmp	r3, fp
 800a2c4:	bfa8      	it	ge
 800a2c6:	465b      	movge	r3, fp
 800a2c8:	2b00      	cmp	r3, #0
 800a2ca:	9304      	str	r3, [sp, #16]
 800a2cc:	dc37      	bgt.n	800a33e <_printf_float+0x356>
 800a2ce:	f04f 0900 	mov.w	r9, #0
 800a2d2:	f104 021a 	add.w	r2, r4, #26
 800a2d6:	9b04      	ldr	r3, [sp, #16]
 800a2d8:	f8d4 a058 	ldr.w	sl, [r4, #88]	@ 0x58
 800a2dc:	2b00      	cmp	r3, #0
 800a2de:	bfac      	ite	ge
 800a2e0:	ebaa 0303 	subge.w	r3, sl, r3
 800a2e4:	4653      	movlt	r3, sl
 800a2e6:	454b      	cmp	r3, r9
 800a2e8:	dc31      	bgt.n	800a34e <_printf_float+0x366>
 800a2ea:	9b0b      	ldr	r3, [sp, #44]	@ 0x2c
 800a2ec:	459b      	cmp	fp, r3
 800a2ee:	dc3a      	bgt.n	800a366 <_printf_float+0x37e>
 800a2f0:	6823      	ldr	r3, [r4, #0]
 800a2f2:	07da      	lsls	r2, r3, #31
 800a2f4:	d437      	bmi.n	800a366 <_printf_float+0x37e>
 800a2f6:	9b0b      	ldr	r3, [sp, #44]	@ 0x2c
 800a2f8:	ebab 0903 	sub.w	r9, fp, r3
 800a2fc:	ebab 030a 	sub.w	r3, fp, sl
 800a300:	4599      	cmp	r9, r3
 800a302:	bfa8      	it	ge
 800a304:	4699      	movge	r9, r3
 800a306:	f1b9 0f00 	cmp.w	r9, #0
 800a30a:	dc34      	bgt.n	800a376 <_printf_float+0x38e>
 800a30c:	f04f 0800 	mov.w	r8, #0
 800a310:	9b0b      	ldr	r3, [sp, #44]	@ 0x2c
 800a312:	f1b9 0f00 	cmp.w	r9, #0
 800a316:	ebab 0303 	sub.w	r3, fp, r3
 800a31a:	bfa8      	it	ge
 800a31c:	eba3 0309 	subge.w	r3, r3, r9
 800a320:	4543      	cmp	r3, r8
 800a322:	f77f af7a 	ble.w	800a21a <_printf_float+0x232>
 800a326:	2301      	movs	r3, #1
 800a328:	f104 021a 	add.w	r2, r4, #26
 800a32c:	4631      	mov	r1, r6
 800a32e:	4628      	mov	r0, r5
 800a330:	47b8      	blx	r7
 800a332:	3001      	adds	r0, #1
 800a334:	f43f aeb2 	beq.w	800a09c <_printf_float+0xb4>
 800a338:	f108 0801 	add.w	r8, r8, #1
 800a33c:	e7e8      	b.n	800a310 <_printf_float+0x328>
 800a33e:	9b04      	ldr	r3, [sp, #16]
 800a340:	4642      	mov	r2, r8
 800a342:	4631      	mov	r1, r6
 800a344:	4628      	mov	r0, r5
 800a346:	47b8      	blx	r7
 800a348:	3001      	adds	r0, #1
 800a34a:	d1c0      	bne.n	800a2ce <_printf_float+0x2e6>
 800a34c:	e6a6      	b.n	800a09c <_printf_float+0xb4>
 800a34e:	2301      	movs	r3, #1
 800a350:	4631      	mov	r1, r6
 800a352:	4628      	mov	r0, r5
 800a354:	9209      	str	r2, [sp, #36]	@ 0x24
 800a356:	47b8      	blx	r7
 800a358:	3001      	adds	r0, #1
 800a35a:	f43f ae9f 	beq.w	800a09c <_printf_float+0xb4>
 800a35e:	9a09      	ldr	r2, [sp, #36]	@ 0x24
 800a360:	f109 0901 	add.w	r9, r9, #1
 800a364:	e7b7      	b.n	800a2d6 <_printf_float+0x2ee>
 800a366:	e9dd 2307 	ldrd	r2, r3, [sp, #28]
 800a36a:	4631      	mov	r1, r6
 800a36c:	4628      	mov	r0, r5
 800a36e:	47b8      	blx	r7
 800a370:	3001      	adds	r0, #1
 800a372:	d1c0      	bne.n	800a2f6 <_printf_float+0x30e>
 800a374:	e692      	b.n	800a09c <_printf_float+0xb4>
 800a376:	464b      	mov	r3, r9
 800a378:	eb08 020a 	add.w	r2, r8, sl
 800a37c:	4631      	mov	r1, r6
 800a37e:	4628      	mov	r0, r5
 800a380:	47b8      	blx	r7
 800a382:	3001      	adds	r0, #1
 800a384:	d1c2      	bne.n	800a30c <_printf_float+0x324>
 800a386:	e689      	b.n	800a09c <_printf_float+0xb4>
 800a388:	f8dd a030 	ldr.w	sl, [sp, #48]	@ 0x30
 800a38c:	f1ba 0f01 	cmp.w	sl, #1
 800a390:	dc01      	bgt.n	800a396 <_printf_float+0x3ae>
 800a392:	07db      	lsls	r3, r3, #31
 800a394:	d535      	bpl.n	800a402 <_printf_float+0x41a>
 800a396:	2301      	movs	r3, #1
 800a398:	4642      	mov	r2, r8
 800a39a:	4631      	mov	r1, r6
 800a39c:	4628      	mov	r0, r5
 800a39e:	47b8      	blx	r7
 800a3a0:	3001      	adds	r0, #1
 800a3a2:	f43f ae7b 	beq.w	800a09c <_printf_float+0xb4>
 800a3a6:	e9dd 2307 	ldrd	r2, r3, [sp, #28]
 800a3aa:	4631      	mov	r1, r6
 800a3ac:	4628      	mov	r0, r5
 800a3ae:	47b8      	blx	r7
 800a3b0:	3001      	adds	r0, #1
 800a3b2:	f43f ae73 	beq.w	800a09c <_printf_float+0xb4>
 800a3b6:	e9d4 0112 	ldrd	r0, r1, [r4, #72]	@ 0x48
 800a3ba:	2200      	movs	r2, #0
 800a3bc:	2300      	movs	r3, #0
 800a3be:	f10a 3aff 	add.w	sl, sl, #4294967295
 800a3c2:	f7f6 fb39 	bl	8000a38 <__aeabi_dcmpeq>
 800a3c6:	b9c8      	cbnz	r0, 800a3fc <_printf_float+0x414>
 800a3c8:	4653      	mov	r3, sl
 800a3ca:	f108 0201 	add.w	r2, r8, #1
 800a3ce:	4631      	mov	r1, r6
 800a3d0:	4628      	mov	r0, r5
 800a3d2:	47b8      	blx	r7
 800a3d4:	3001      	adds	r0, #1
 800a3d6:	d10d      	bne.n	800a3f4 <_printf_float+0x40c>
 800a3d8:	e660      	b.n	800a09c <_printf_float+0xb4>
 800a3da:	2301      	movs	r3, #1
 800a3dc:	f104 021a 	add.w	r2, r4, #26
 800a3e0:	4631      	mov	r1, r6
 800a3e2:	4628      	mov	r0, r5
 800a3e4:	47b8      	blx	r7
 800a3e6:	3001      	adds	r0, #1
 800a3e8:	f43f ae58 	beq.w	800a09c <_printf_float+0xb4>
 800a3ec:	f108 0801 	add.w	r8, r8, #1
 800a3f0:	45d0      	cmp	r8, sl
 800a3f2:	dbf2      	blt.n	800a3da <_printf_float+0x3f2>
 800a3f4:	464b      	mov	r3, r9
 800a3f6:	f104 0250 	add.w	r2, r4, #80	@ 0x50
 800a3fa:	e6e0      	b.n	800a1be <_printf_float+0x1d6>
 800a3fc:	f04f 0800 	mov.w	r8, #0
 800a400:	e7f6      	b.n	800a3f0 <_printf_float+0x408>
 800a402:	2301      	movs	r3, #1
 800a404:	4642      	mov	r2, r8
 800a406:	e7e2      	b.n	800a3ce <_printf_float+0x3e6>
 800a408:	2301      	movs	r3, #1
 800a40a:	f104 0219 	add.w	r2, r4, #25
 800a40e:	4631      	mov	r1, r6
 800a410:	4628      	mov	r0, r5
 800a412:	47b8      	blx	r7
 800a414:	3001      	adds	r0, #1
 800a416:	f43f ae41 	beq.w	800a09c <_printf_float+0xb4>
 800a41a:	f108 0801 	add.w	r8, r8, #1
 800a41e:	68e3      	ldr	r3, [r4, #12]
 800a420:	990d      	ldr	r1, [sp, #52]	@ 0x34
 800a422:	1a5b      	subs	r3, r3, r1
 800a424:	4543      	cmp	r3, r8
 800a426:	dcef      	bgt.n	800a408 <_printf_float+0x420>
 800a428:	e6fb      	b.n	800a222 <_printf_float+0x23a>
 800a42a:	f04f 0800 	mov.w	r8, #0
 800a42e:	e7f6      	b.n	800a41e <_printf_float+0x436>

0800a430 <_printf_common>:
 800a430:	e92d 47f0 	stmdb	sp!, {r4, r5, r6, r7, r8, r9, sl, lr}
 800a434:	4691      	mov	r9, r2
 800a436:	4698      	mov	r8, r3
 800a438:	688a      	ldr	r2, [r1, #8]
 800a43a:	690b      	ldr	r3, [r1, #16]
 800a43c:	9e08      	ldr	r6, [sp, #32]
 800a43e:	4293      	cmp	r3, r2
 800a440:	bfb8      	it	lt
 800a442:	4613      	movlt	r3, r2
 800a444:	f8c9 3000 	str.w	r3, [r9]
 800a448:	f891 2043 	ldrb.w	r2, [r1, #67]	@ 0x43
 800a44c:	4607      	mov	r7, r0
 800a44e:	460c      	mov	r4, r1
 800a450:	b112      	cbz	r2, 800a458 <_printf_common+0x28>
 800a452:	3301      	adds	r3, #1
 800a454:	f8c9 3000 	str.w	r3, [r9]
 800a458:	6823      	ldr	r3, [r4, #0]
 800a45a:	0699      	lsls	r1, r3, #26
 800a45c:	bf42      	ittt	mi
 800a45e:	f8d9 3000 	ldrmi.w	r3, [r9]
 800a462:	3302      	addmi	r3, #2
 800a464:	f8c9 3000 	strmi.w	r3, [r9]
 800a468:	6825      	ldr	r5, [r4, #0]
 800a46a:	f015 0506 	ands.w	r5, r5, #6
 800a46e:	d107      	bne.n	800a480 <_printf_common+0x50>
 800a470:	f104 0a19 	add.w	sl, r4, #25
 800a474:	68e3      	ldr	r3, [r4, #12]
 800a476:	f8d9 2000 	ldr.w	r2, [r9]
 800a47a:	1a9b      	subs	r3, r3, r2
 800a47c:	42ab      	cmp	r3, r5
 800a47e:	dc29      	bgt.n	800a4d4 <_printf_common+0xa4>
 800a480:	f894 3043 	ldrb.w	r3, [r4, #67]	@ 0x43
 800a484:	6822      	ldr	r2, [r4, #0]
 800a486:	3b00      	subs	r3, #0
 800a488:	bf18      	it	ne
 800a48a:	2301      	movne	r3, #1
 800a48c:	0692      	lsls	r2, r2, #26
 800a48e:	d42e      	bmi.n	800a4ee <_printf_common+0xbe>
 800a490:	f104 0243 	add.w	r2, r4, #67	@ 0x43
 800a494:	4641      	mov	r1, r8
 800a496:	4638      	mov	r0, r7
 800a498:	47b0      	blx	r6
 800a49a:	3001      	adds	r0, #1
 800a49c:	d021      	beq.n	800a4e2 <_printf_common+0xb2>
 800a49e:	6823      	ldr	r3, [r4, #0]
 800a4a0:	68a1      	ldr	r1, [r4, #8]
 800a4a2:	6922      	ldr	r2, [r4, #16]
 800a4a4:	f003 0306 	and.w	r3, r3, #6
 800a4a8:	2b04      	cmp	r3, #4
 800a4aa:	bf01      	itttt	eq
 800a4ac:	68e5      	ldreq	r5, [r4, #12]
 800a4ae:	f8d9 3000 	ldreq.w	r3, [r9]
 800a4b2:	1aed      	subeq	r5, r5, r3
 800a4b4:	ea25 75e5 	biceq.w	r5, r5, r5, asr #31
 800a4b8:	bf18      	it	ne
 800a4ba:	2500      	movne	r5, #0
 800a4bc:	1a8b      	subs	r3, r1, r2
 800a4be:	442b      	add	r3, r5
 800a4c0:	4291      	cmp	r1, r2
 800a4c2:	bfc8      	it	gt
 800a4c4:	461d      	movgt	r5, r3
 800a4c6:	f04f 0900 	mov.w	r9, #0
 800a4ca:	341a      	adds	r4, #26
 800a4cc:	454d      	cmp	r5, r9
 800a4ce:	d11a      	bne.n	800a506 <_printf_common+0xd6>
 800a4d0:	2000      	movs	r0, #0
 800a4d2:	e008      	b.n	800a4e6 <_printf_common+0xb6>
 800a4d4:	2301      	movs	r3, #1
 800a4d6:	4652      	mov	r2, sl
 800a4d8:	4641      	mov	r1, r8
 800a4da:	4638      	mov	r0, r7
 800a4dc:	47b0      	blx	r6
 800a4de:	3001      	adds	r0, #1
 800a4e0:	d103      	bne.n	800a4ea <_printf_common+0xba>
 800a4e2:	f04f 30ff 	mov.w	r0, #4294967295
 800a4e6:	e8bd 87f0 	ldmia.w	sp!, {r4, r5, r6, r7, r8, r9, sl, pc}
 800a4ea:	3501      	adds	r5, #1
 800a4ec:	e7c2      	b.n	800a474 <_printf_common+0x44>
 800a4ee:	18e1      	adds	r1, r4, r3
 800a4f0:	1c5a      	adds	r2, r3, #1
 800a4f2:	2030      	movs	r0, #48	@ 0x30
 800a4f4:	f881 0043 	strb.w	r0, [r1, #67]	@ 0x43
 800a4f8:	4422      	add	r2, r4
 800a4fa:	f894 1045 	ldrb.w	r1, [r4, #69]	@ 0x45
 800a4fe:	f882 1043 	strb.w	r1, [r2, #67]	@ 0x43
 800a502:	3302      	adds	r3, #2
 800a504:	e7c4      	b.n	800a490 <_printf_common+0x60>
 800a506:	2301      	movs	r3, #1
 800a508:	4622      	mov	r2, r4
 800a50a:	4641      	mov	r1, r8
 800a50c:	4638      	mov	r0, r7
 800a50e:	47b0      	blx	r6
 800a510:	3001      	adds	r0, #1
 800a512:	d0e6      	beq.n	800a4e2 <_printf_common+0xb2>
 800a514:	f109 0901 	add.w	r9, r9, #1
 800a518:	e7d8      	b.n	800a4cc <_printf_common+0x9c>
	...

0800a51c <_printf_i>:
 800a51c:	e92d 43f0 	stmdb	sp!, {r4, r5, r6, r7, r8, r9, lr}
 800a520:	4698      	mov	r8, r3
 800a522:	7e0b      	ldrb	r3, [r1, #24]
 800a524:	b085      	sub	sp, #20
 800a526:	2b78      	cmp	r3, #120	@ 0x78
 800a528:	4617      	mov	r7, r2
 800a52a:	4606      	mov	r6, r0
 800a52c:	9a0c      	ldr	r2, [sp, #48]	@ 0x30
 800a52e:	460c      	mov	r4, r1
 800a530:	d809      	bhi.n	800a546 <_printf_i+0x2a>
 800a532:	2b62      	cmp	r3, #98	@ 0x62
 800a534:	f101 0143 	add.w	r1, r1, #67	@ 0x43
 800a538:	d808      	bhi.n	800a54c <_printf_i+0x30>
 800a53a:	2b00      	cmp	r3, #0
 800a53c:	f000 80dc 	beq.w	800a6f8 <_printf_i+0x1dc>
 800a540:	2b58      	cmp	r3, #88	@ 0x58
 800a542:	f000 80bd 	beq.w	800a6c0 <_printf_i+0x1a4>
 800a546:	f104 0542 	add.w	r5, r4, #66	@ 0x42
 800a54a:	e039      	b.n	800a5c0 <_printf_i+0xa4>
 800a54c:	f1a3 0063 	sub.w	r0, r3, #99	@ 0x63
 800a550:	2815      	cmp	r0, #21
 800a552:	d8f8      	bhi.n	800a546 <_printf_i+0x2a>
 800a554:	a501      	add	r5, pc, #4	@ (adr r5, 800a55c <_printf_i+0x40>)
 800a556:	f855 f020 	ldr.w	pc, [r5, r0, lsl #2]
 800a55a:	bf00      	nop
 800a55c:	0800a5b5 	.word	0x0800a5b5
 800a560:	0800a5c9 	.word	0x0800a5c9
 800a564:	0800a547 	.word	0x0800a547
 800a568:	0800a547 	.word	0x0800a547
 800a56c:	0800a547 	.word	0x0800a547
 800a570:	0800a547 	.word	0x0800a547
 800a574:	0800a5c9 	.word	0x0800a5c9
 800a578:	0800a547 	.word	0x0800a547
 800a57c:	0800a547 	.word	0x0800a547
 800a580:	0800a547 	.word	0x0800a547
 800a584:	0800a547 	.word	0x0800a547
 800a588:	0800a6d9 	.word	0x0800a6d9
 800a58c:	0800a5f5 	.word	0x0800a5f5
 800a590:	0800a687 	.word	0x0800a687
 800a594:	0800a547 	.word	0x0800a547
 800a598:	0800a547 	.word	0x0800a547
 800a59c:	0800a701 	.word	0x0800a701
 800a5a0:	0800a547 	.word	0x0800a547
 800a5a4:	0800a5f5 	.word	0x0800a5f5
 800a5a8:	0800a547 	.word	0x0800a547
 800a5ac:	0800a547 	.word	0x0800a547
 800a5b0:	0800a68f 	.word	0x0800a68f
 800a5b4:	6813      	ldr	r3, [r2, #0]
 800a5b6:	1d19      	adds	r1, r3, #4
 800a5b8:	681b      	ldr	r3, [r3, #0]
 800a5ba:	6011      	str	r1, [r2, #0]
 800a5bc:	f104 0542 	add.w	r5, r4, #66	@ 0x42
 800a5c0:	f884 3042 	strb.w	r3, [r4, #66]	@ 0x42
 800a5c4:	2301      	movs	r3, #1
 800a5c6:	e0a8      	b.n	800a71a <_printf_i+0x1fe>
 800a5c8:	6813      	ldr	r3, [r2, #0]
 800a5ca:	6825      	ldr	r5, [r4, #0]
 800a5cc:	1d18      	adds	r0, r3, #4
 800a5ce:	6010      	str	r0, [r2, #0]
 800a5d0:	0628      	lsls	r0, r5, #24
 800a5d2:	d501      	bpl.n	800a5d8 <_printf_i+0xbc>
 800a5d4:	681b      	ldr	r3, [r3, #0]
 800a5d6:	e003      	b.n	800a5e0 <_printf_i+0xc4>
 800a5d8:	066a      	lsls	r2, r5, #25
 800a5da:	d5fb      	bpl.n	800a5d4 <_printf_i+0xb8>
 800a5dc:	f9b3 3000 	ldrsh.w	r3, [r3]
 800a5e0:	2b00      	cmp	r3, #0
 800a5e2:	da03      	bge.n	800a5ec <_printf_i+0xd0>
 800a5e4:	222d      	movs	r2, #45	@ 0x2d
 800a5e6:	425b      	negs	r3, r3
 800a5e8:	f884 2043 	strb.w	r2, [r4, #67]	@ 0x43
 800a5ec:	f8df c178 	ldr.w	ip, [pc, #376]	@ 800a768 <_printf_i+0x24c>
 800a5f0:	220a      	movs	r2, #10
 800a5f2:	e013      	b.n	800a61c <_printf_i+0x100>
 800a5f4:	6825      	ldr	r5, [r4, #0]
 800a5f6:	6810      	ldr	r0, [r2, #0]
 800a5f8:	f015 0f80 	tst.w	r5, #128	@ 0x80
 800a5fc:	f850 3b04 	ldr.w	r3, [r0], #4
 800a600:	d102      	bne.n	800a608 <_printf_i+0xec>
 800a602:	066d      	lsls	r5, r5, #25
 800a604:	bf48      	it	mi
 800a606:	b29b      	uxthmi	r3, r3
 800a608:	6010      	str	r0, [r2, #0]
 800a60a:	7e22      	ldrb	r2, [r4, #24]
 800a60c:	f8df c158 	ldr.w	ip, [pc, #344]	@ 800a768 <_printf_i+0x24c>
 800a610:	2a6f      	cmp	r2, #111	@ 0x6f
 800a612:	d15d      	bne.n	800a6d0 <_printf_i+0x1b4>
 800a614:	2208      	movs	r2, #8
 800a616:	2000      	movs	r0, #0
 800a618:	f884 0043 	strb.w	r0, [r4, #67]	@ 0x43
 800a61c:	6865      	ldr	r5, [r4, #4]
 800a61e:	60a5      	str	r5, [r4, #8]
 800a620:	2d00      	cmp	r5, #0
 800a622:	db05      	blt.n	800a630 <_printf_i+0x114>
 800a624:	6820      	ldr	r0, [r4, #0]
 800a626:	431d      	orrs	r5, r3
 800a628:	f020 0004 	bic.w	r0, r0, #4
 800a62c:	6020      	str	r0, [r4, #0]
 800a62e:	d051      	beq.n	800a6d4 <_printf_i+0x1b8>
 800a630:	460d      	mov	r5, r1
 800a632:	fbb3 f0f2 	udiv	r0, r3, r2
 800a636:	fb02 3e10 	mls	lr, r2, r0, r3
 800a63a:	429a      	cmp	r2, r3
 800a63c:	f81c e00e 	ldrb.w	lr, [ip, lr]
 800a640:	f805 ed01 	strb.w	lr, [r5, #-1]!
 800a644:	4603      	mov	r3, r0
 800a646:	d9f4      	bls.n	800a632 <_printf_i+0x116>
 800a648:	2a08      	cmp	r2, #8
 800a64a:	d10b      	bne.n	800a664 <_printf_i+0x148>
 800a64c:	6823      	ldr	r3, [r4, #0]
 800a64e:	07da      	lsls	r2, r3, #31
 800a650:	d508      	bpl.n	800a664 <_printf_i+0x148>
 800a652:	6923      	ldr	r3, [r4, #16]
 800a654:	6862      	ldr	r2, [r4, #4]
 800a656:	429a      	cmp	r2, r3
 800a658:	bfde      	ittt	le
 800a65a:	2330      	movle	r3, #48	@ 0x30
 800a65c:	f805 3c01 	strble.w	r3, [r5, #-1]
 800a660:	f105 35ff 	addle.w	r5, r5, #4294967295
 800a664:	1b49      	subs	r1, r1, r5
 800a666:	6121      	str	r1, [r4, #16]
 800a668:	f8cd 8000 	str.w	r8, [sp]
 800a66c:	463b      	mov	r3, r7
 800a66e:	aa03      	add	r2, sp, #12
 800a670:	4621      	mov	r1, r4
 800a672:	4630      	mov	r0, r6
 800a674:	f7ff fedc 	bl	800a430 <_printf_common>
 800a678:	3001      	adds	r0, #1
 800a67a:	d153      	bne.n	800a724 <_printf_i+0x208>
 800a67c:	f04f 30ff 	mov.w	r0, #4294967295
 800a680:	b005      	add	sp, #20
 800a682:	e8bd 83f0 	ldmia.w	sp!, {r4, r5, r6, r7, r8, r9, pc}
 800a686:	6823      	ldr	r3, [r4, #0]
 800a688:	f043 0320 	orr.w	r3, r3, #32
 800a68c:	6023      	str	r3, [r4, #0]
 800a68e:	f8df c0dc 	ldr.w	ip, [pc, #220]	@ 800a76c <_printf_i+0x250>
 800a692:	2378      	movs	r3, #120	@ 0x78
 800a694:	f884 3045 	strb.w	r3, [r4, #69]	@ 0x45
 800a698:	6820      	ldr	r0, [r4, #0]
 800a69a:	6815      	ldr	r5, [r2, #0]
 800a69c:	f010 0f80 	tst.w	r0, #128	@ 0x80
 800a6a0:	f855 3b04 	ldr.w	r3, [r5], #4
 800a6a4:	d103      	bne.n	800a6ae <_printf_i+0x192>
 800a6a6:	f010 0f40 	tst.w	r0, #64	@ 0x40
 800a6aa:	bf18      	it	ne
 800a6ac:	b29b      	uxthne	r3, r3
 800a6ae:	6015      	str	r5, [r2, #0]
 800a6b0:	07c5      	lsls	r5, r0, #31
 800a6b2:	bf44      	itt	mi
 800a6b4:	f040 0020 	orrmi.w	r0, r0, #32
 800a6b8:	6020      	strmi	r0, [r4, #0]
 800a6ba:	b123      	cbz	r3, 800a6c6 <_printf_i+0x1aa>
 800a6bc:	2210      	movs	r2, #16
 800a6be:	e7aa      	b.n	800a616 <_printf_i+0xfa>
 800a6c0:	f8df c0a4 	ldr.w	ip, [pc, #164]	@ 800a768 <_printf_i+0x24c>
 800a6c4:	e7e6      	b.n	800a694 <_printf_i+0x178>
 800a6c6:	6822      	ldr	r2, [r4, #0]
 800a6c8:	f022 0220 	bic.w	r2, r2, #32
 800a6cc:	6022      	str	r2, [r4, #0]
 800a6ce:	e7f5      	b.n	800a6bc <_printf_i+0x1a0>
 800a6d0:	220a      	movs	r2, #10
 800a6d2:	e7a0      	b.n	800a616 <_printf_i+0xfa>
 800a6d4:	460d      	mov	r5, r1
 800a6d6:	e7b7      	b.n	800a648 <_printf_i+0x12c>
 800a6d8:	6813      	ldr	r3, [r2, #0]
 800a6da:	f8d4 c000 	ldr.w	ip, [r4]
 800a6de:	6960      	ldr	r0, [r4, #20]
 800a6e0:	1d1d      	adds	r5, r3, #4
 800a6e2:	6015      	str	r5, [r2, #0]
 800a6e4:	f01c 0f80 	tst.w	ip, #128	@ 0x80
 800a6e8:	681b      	ldr	r3, [r3, #0]
 800a6ea:	d001      	beq.n	800a6f0 <_printf_i+0x1d4>
 800a6ec:	6018      	str	r0, [r3, #0]
 800a6ee:	e003      	b.n	800a6f8 <_printf_i+0x1dc>
 800a6f0:	f01c 0f40 	tst.w	ip, #64	@ 0x40
 800a6f4:	d0fa      	beq.n	800a6ec <_printf_i+0x1d0>
 800a6f6:	8018      	strh	r0, [r3, #0]
 800a6f8:	2300      	movs	r3, #0
 800a6fa:	6123      	str	r3, [r4, #16]
 800a6fc:	460d      	mov	r5, r1
 800a6fe:	e7b3      	b.n	800a668 <_printf_i+0x14c>
 800a700:	6813      	ldr	r3, [r2, #0]
 800a702:	1d19      	adds	r1, r3, #4
 800a704:	6011      	str	r1, [r2, #0]
 800a706:	681d      	ldr	r5, [r3, #0]
 800a708:	6862      	ldr	r2, [r4, #4]
 800a70a:	2100      	movs	r1, #0
 800a70c:	4628      	mov	r0, r5
 800a70e:	f7f5 fd17 	bl	8000140 <memchr>
 800a712:	b108      	cbz	r0, 800a718 <_printf_i+0x1fc>
 800a714:	1b40      	subs	r0, r0, r5
 800a716:	6060      	str	r0, [r4, #4]
 800a718:	6863      	ldr	r3, [r4, #4]
 800a71a:	6123      	str	r3, [r4, #16]
 800a71c:	2300      	movs	r3, #0
 800a71e:	f884 3043 	strb.w	r3, [r4, #67]	@ 0x43
 800a722:	e7a1      	b.n	800a668 <_printf_i+0x14c>
 800a724:	6923      	ldr	r3, [r4, #16]
 800a726:	462a      	mov	r2, r5
 800a728:	4639      	mov	r1, r7
 800a72a:	4630      	mov	r0, r6
 800a72c:	47c0      	blx	r8
 800a72e:	3001      	adds	r0, #1
 800a730:	d0a4      	beq.n	800a67c <_printf_i+0x160>
 800a732:	6823      	ldr	r3, [r4, #0]
 800a734:	079b      	lsls	r3, r3, #30
 800a736:	d414      	bmi.n	800a762 <_printf_i+0x246>
 800a738:	68e0      	ldr	r0, [r4, #12]
 800a73a:	9b03      	ldr	r3, [sp, #12]
 800a73c:	4298      	cmp	r0, r3
 800a73e:	bfb8      	it	lt
 800a740:	4618      	movlt	r0, r3
 800a742:	e79d      	b.n	800a680 <_printf_i+0x164>
 800a744:	2301      	movs	r3, #1
 800a746:	f104 0219 	add.w	r2, r4, #25
 800a74a:	4639      	mov	r1, r7
 800a74c:	4630      	mov	r0, r6
 800a74e:	47c0      	blx	r8
 800a750:	3001      	adds	r0, #1
 800a752:	d093      	beq.n	800a67c <_printf_i+0x160>
 800a754:	3501      	adds	r5, #1
 800a756:	68e3      	ldr	r3, [r4, #12]
 800a758:	9903      	ldr	r1, [sp, #12]
 800a75a:	1a5b      	subs	r3, r3, r1
 800a75c:	42ab      	cmp	r3, r5
 800a75e:	dcf1      	bgt.n	800a744 <_printf_i+0x228>
 800a760:	e7ea      	b.n	800a738 <_printf_i+0x21c>
 800a762:	2500      	movs	r5, #0
 800a764:	e7f7      	b.n	800a756 <_printf_i+0x23a>
 800a766:	bf00      	nop
 800a768:	0800d0e6 	.word	0x0800d0e6
 800a76c:	0800d0f7 	.word	0x0800d0f7

0800a770 <std>:
 800a770:	2300      	movs	r3, #0
 800a772:	b510      	push	{r4, lr}
 800a774:	4604      	mov	r4, r0
 800a776:	e9c0 3300 	strd	r3, r3, [r0]
 800a77a:	e9c0 3304 	strd	r3, r3, [r0, #16]
 800a77e:	6083      	str	r3, [r0, #8]
 800a780:	8181      	strh	r1, [r0, #12]
 800a782:	6643      	str	r3, [r0, #100]	@ 0x64
 800a784:	81c2      	strh	r2, [r0, #14]
 800a786:	6183      	str	r3, [r0, #24]
 800a788:	4619      	mov	r1, r3
 800a78a:	2208      	movs	r2, #8
 800a78c:	305c      	adds	r0, #92	@ 0x5c
 800a78e:	f000 f929 	bl	800a9e4 <memset>
 800a792:	4b0d      	ldr	r3, [pc, #52]	@ (800a7c8 <std+0x58>)
 800a794:	6263      	str	r3, [r4, #36]	@ 0x24
 800a796:	4b0d      	ldr	r3, [pc, #52]	@ (800a7cc <std+0x5c>)
 800a798:	62a3      	str	r3, [r4, #40]	@ 0x28
 800a79a:	4b0d      	ldr	r3, [pc, #52]	@ (800a7d0 <std+0x60>)
 800a79c:	62e3      	str	r3, [r4, #44]	@ 0x2c
 800a79e:	4b0d      	ldr	r3, [pc, #52]	@ (800a7d4 <std+0x64>)
 800a7a0:	6323      	str	r3, [r4, #48]	@ 0x30
 800a7a2:	4b0d      	ldr	r3, [pc, #52]	@ (800a7d8 <std+0x68>)
 800a7a4:	6224      	str	r4, [r4, #32]
 800a7a6:	429c      	cmp	r4, r3
 800a7a8:	d006      	beq.n	800a7b8 <std+0x48>
 800a7aa:	f103 0268 	add.w	r2, r3, #104	@ 0x68
 800a7ae:	4294      	cmp	r4, r2
 800a7b0:	d002      	beq.n	800a7b8 <std+0x48>
 800a7b2:	33d0      	adds	r3, #208	@ 0xd0
 800a7b4:	429c      	cmp	r4, r3
 800a7b6:	d105      	bne.n	800a7c4 <std+0x54>
 800a7b8:	f104 0058 	add.w	r0, r4, #88	@ 0x58
 800a7bc:	e8bd 4010 	ldmia.w	sp!, {r4, lr}
 800a7c0:	f000 b98c 	b.w	800aadc <__retarget_lock_init_recursive>
 800a7c4:	bd10      	pop	{r4, pc}
 800a7c6:	bf00      	nop
 800a7c8:	0800a95d 	.word	0x0800a95d
 800a7cc:	0800a97f 	.word	0x0800a97f
 800a7d0:	0800a9b7 	.word	0x0800a9b7
 800a7d4:	0800a9dd 	.word	0x0800a9dd
 800a7d8:	200021e4 	.word	0x200021e4

0800a7dc <stdio_exit_handler>:
 800a7dc:	4a02      	ldr	r2, [pc, #8]	@ (800a7e8 <stdio_exit_handler+0xc>)
 800a7de:	4903      	ldr	r1, [pc, #12]	@ (800a7ec <stdio_exit_handler+0x10>)
 800a7e0:	4803      	ldr	r0, [pc, #12]	@ (800a7f0 <stdio_exit_handler+0x14>)
 800a7e2:	f000 b86b 	b.w	800a8bc <_fwalk_sglue>
 800a7e6:	bf00      	nop
 800a7e8:	2000011c 	.word	0x2000011c
 800a7ec:	0800c711 	.word	0x0800c711
 800a7f0:	2000012c 	.word	0x2000012c

0800a7f4 <cleanup_stdio>:
 800a7f4:	6841      	ldr	r1, [r0, #4]
 800a7f6:	4b0c      	ldr	r3, [pc, #48]	@ (800a828 <cleanup_stdio+0x34>)
 800a7f8:	4299      	cmp	r1, r3
 800a7fa:	b510      	push	{r4, lr}
 800a7fc:	4604      	mov	r4, r0
 800a7fe:	d001      	beq.n	800a804 <cleanup_stdio+0x10>
 800a800:	f001 ff86 	bl	800c710 <_fflush_r>
 800a804:	68a1      	ldr	r1, [r4, #8]
 800a806:	4b09      	ldr	r3, [pc, #36]	@ (800a82c <cleanup_stdio+0x38>)
 800a808:	4299      	cmp	r1, r3
 800a80a:	d002      	beq.n	800a812 <cleanup_stdio+0x1e>
 800a80c:	4620      	mov	r0, r4
 800a80e:	f001 ff7f 	bl	800c710 <_fflush_r>
 800a812:	68e1      	ldr	r1, [r4, #12]
 800a814:	4b06      	ldr	r3, [pc, #24]	@ (800a830 <cleanup_stdio+0x3c>)
 800a816:	4299      	cmp	r1, r3
 800a818:	d004      	beq.n	800a824 <cleanup_stdio+0x30>
 800a81a:	4620      	mov	r0, r4
 800a81c:	e8bd 4010 	ldmia.w	sp!, {r4, lr}
 800a820:	f001 bf76 	b.w	800c710 <_fflush_r>
 800a824:	bd10      	pop	{r4, pc}
 800a826:	bf00      	nop
 800a828:	200021e4 	.word	0x200021e4
 800a82c:	2000224c 	.word	0x2000224c
 800a830:	200022b4 	.word	0x200022b4

0800a834 <global_stdio_init.part.0>:
 800a834:	b510      	push	{r4, lr}
 800a836:	4b0a      	ldr	r3, [pc, #40]	@ (800a860 <global_stdio_init.part.0+0x2c>)
 800a838:	4a0a      	ldr	r2, [pc, #40]	@ (800a864 <global_stdio_init.part.0+0x30>)
 800a83a:	601a      	str	r2, [r3, #0]
 800a83c:	480a      	ldr	r0, [pc, #40]	@ (800a868 <global_stdio_init.part.0+0x34>)
 800a83e:	2200      	movs	r2, #0
 800a840:	2104      	movs	r1, #4
 800a842:	f7ff ff95 	bl	800a770 <std>
 800a846:	4809      	ldr	r0, [pc, #36]	@ (800a86c <global_stdio_init.part.0+0x38>)
 800a848:	2201      	movs	r2, #1
 800a84a:	2109      	movs	r1, #9
 800a84c:	f7ff ff90 	bl	800a770 <std>
 800a850:	e8bd 4010 	ldmia.w	sp!, {r4, lr}
 800a854:	4806      	ldr	r0, [pc, #24]	@ (800a870 <global_stdio_init.part.0+0x3c>)
 800a856:	2202      	movs	r2, #2
 800a858:	2112      	movs	r1, #18
 800a85a:	f7ff bf89 	b.w	800a770 <std>
 800a85e:	bf00      	nop
 800a860:	2000231c 	.word	0x2000231c
 800a864:	0800a7dd 	.word	0x0800a7dd
 800a868:	200021e4 	.word	0x200021e4
 800a86c:	2000224c 	.word	0x2000224c
 800a870:	200022b4 	.word	0x200022b4

0800a874 <__sfp_lock_acquire>:
 800a874:	4801      	ldr	r0, [pc, #4]	@ (800a87c <__sfp_lock_acquire+0x8>)
 800a876:	f000 b932 	b.w	800aade <__retarget_lock_acquire_recursive>
 800a87a:	bf00      	nop
 800a87c:	20002325 	.word	0x20002325

0800a880 <__sfp_lock_release>:
 800a880:	4801      	ldr	r0, [pc, #4]	@ (800a888 <__sfp_lock_release+0x8>)
 800a882:	f000 b92d 	b.w	800aae0 <__retarget_lock_release_recursive>
 800a886:	bf00      	nop
 800a888:	20002325 	.word	0x20002325

0800a88c <__sinit>:
 800a88c:	b510      	push	{r4, lr}
 800a88e:	4604      	mov	r4, r0
 800a890:	f7ff fff0 	bl	800a874 <__sfp_lock_acquire>
 800a894:	6a23      	ldr	r3, [r4, #32]
 800a896:	b11b      	cbz	r3, 800a8a0 <__sinit+0x14>
 800a898:	e8bd 4010 	ldmia.w	sp!, {r4, lr}
 800a89c:	f7ff bff0 	b.w	800a880 <__sfp_lock_release>
 800a8a0:	4b04      	ldr	r3, [pc, #16]	@ (800a8b4 <__sinit+0x28>)
 800a8a2:	6223      	str	r3, [r4, #32]
 800a8a4:	4b04      	ldr	r3, [pc, #16]	@ (800a8b8 <__sinit+0x2c>)
 800a8a6:	681b      	ldr	r3, [r3, #0]
 800a8a8:	2b00      	cmp	r3, #0
 800a8aa:	d1f5      	bne.n	800a898 <__sinit+0xc>
 800a8ac:	f7ff ffc2 	bl	800a834 <global_stdio_init.part.0>
 800a8b0:	e7f2      	b.n	800a898 <__sinit+0xc>
 800a8b2:	bf00      	nop
 800a8b4:	0800a7f5 	.word	0x0800a7f5
 800a8b8:	2000231c 	.word	0x2000231c

0800a8bc <_fwalk_sglue>:
 800a8bc:	e92d 43f8 	stmdb	sp!, {r3, r4, r5, r6, r7, r8, r9, lr}
 800a8c0:	4680      	mov	r8, r0
 800a8c2:	4689      	mov	r9, r1
 800a8c4:	4614      	mov	r4, r2
 800a8c6:	2600      	movs	r6, #0
 800a8c8:	e9d4 7501 	ldrd	r7, r5, [r4, #4]
 800a8cc:	3f01      	subs	r7, #1
 800a8ce:	d505      	bpl.n	800a8dc <_fwalk_sglue+0x20>
 800a8d0:	6824      	ldr	r4, [r4, #0]
 800a8d2:	2c00      	cmp	r4, #0
 800a8d4:	d1f8      	bne.n	800a8c8 <_fwalk_sglue+0xc>
 800a8d6:	4630      	mov	r0, r6
 800a8d8:	e8bd 83f8 	ldmia.w	sp!, {r3, r4, r5, r6, r7, r8, r9, pc}
 800a8dc:	89ab      	ldrh	r3, [r5, #12]
 800a8de:	2b01      	cmp	r3, #1
 800a8e0:	d907      	bls.n	800a8f2 <_fwalk_sglue+0x36>
 800a8e2:	f9b5 300e 	ldrsh.w	r3, [r5, #14]
 800a8e6:	3301      	adds	r3, #1
 800a8e8:	d003      	beq.n	800a8f2 <_fwalk_sglue+0x36>
 800a8ea:	4629      	mov	r1, r5
 800a8ec:	4640      	mov	r0, r8
 800a8ee:	47c8      	blx	r9
 800a8f0:	4306      	orrs	r6, r0
 800a8f2:	3568      	adds	r5, #104	@ 0x68
 800a8f4:	e7ea      	b.n	800a8cc <_fwalk_sglue+0x10>
	...

0800a8f8 <sniprintf>:
 800a8f8:	b40c      	push	{r2, r3}
 800a8fa:	b530      	push	{r4, r5, lr}
 800a8fc:	4b15      	ldr	r3, [pc, #84]	@ (800a954 <sniprintf+0x5c>)
 800a8fe:	1e0c      	subs	r4, r1, #0
 800a900:	681d      	ldr	r5, [r3, #0]
 800a902:	b09d      	sub	sp, #116	@ 0x74
 800a904:	da08      	bge.n	800a918 <sniprintf+0x20>
 800a906:	238b      	movs	r3, #139	@ 0x8b
 800a908:	602b      	str	r3, [r5, #0]
 800a90a:	f04f 30ff 	mov.w	r0, #4294967295
 800a90e:	b01d      	add	sp, #116	@ 0x74
 800a910:	e8bd 4030 	ldmia.w	sp!, {r4, r5, lr}
 800a914:	b002      	add	sp, #8
 800a916:	4770      	bx	lr
 800a918:	f04f 0300 	mov.w	r3, #0
 800a91c:	931b      	str	r3, [sp, #108]	@ 0x6c
 800a91e:	bf18      	it	ne
 800a920:	2301      	movne	r3, #1
 800a922:	1ae3      	subs	r3, r4, r3
 800a924:	9304      	str	r3, [sp, #16]
 800a926:	9307      	str	r3, [sp, #28]
 800a928:	4b0b      	ldr	r3, [pc, #44]	@ (800a958 <sniprintf+0x60>)
 800a92a:	9002      	str	r0, [sp, #8]
 800a92c:	9006      	str	r0, [sp, #24]
 800a92e:	9305      	str	r3, [sp, #20]
 800a930:	9a20      	ldr	r2, [sp, #128]	@ 0x80
 800a932:	ab21      	add	r3, sp, #132	@ 0x84
 800a934:	a902      	add	r1, sp, #8
 800a936:	4628      	mov	r0, r5
 800a938:	9301      	str	r3, [sp, #4]
 800a93a:	f001 fc35 	bl	800c1a8 <_svfiprintf_r>
 800a93e:	1c43      	adds	r3, r0, #1
 800a940:	bfbc      	itt	lt
 800a942:	238b      	movlt	r3, #139	@ 0x8b
 800a944:	602b      	strlt	r3, [r5, #0]
 800a946:	2c00      	cmp	r4, #0
 800a948:	d0e1      	beq.n	800a90e <sniprintf+0x16>
 800a94a:	9b02      	ldr	r3, [sp, #8]
 800a94c:	2200      	movs	r2, #0
 800a94e:	701a      	strb	r2, [r3, #0]
 800a950:	e7dd      	b.n	800a90e <sniprintf+0x16>
 800a952:	bf00      	nop
 800a954:	20000128 	.word	0x20000128
 800a958:	ffff0208 	.word	0xffff0208

0800a95c <__sread>:
 800a95c:	b510      	push	{r4, lr}
 800a95e:	460c      	mov	r4, r1
 800a960:	f9b1 100e 	ldrsh.w	r1, [r1, #14]
 800a964:	f000 f86c 	bl	800aa40 <_read_r>
 800a968:	2800      	cmp	r0, #0
 800a96a:	bfab      	itete	ge
 800a96c:	6d63      	ldrge	r3, [r4, #84]	@ 0x54
 800a96e:	89a3      	ldrhlt	r3, [r4, #12]
 800a970:	181b      	addge	r3, r3, r0
 800a972:	f423 5380 	biclt.w	r3, r3, #4096	@ 0x1000
 800a976:	bfac      	ite	ge
 800a978:	6563      	strge	r3, [r4, #84]	@ 0x54
 800a97a:	81a3      	strhlt	r3, [r4, #12]
 800a97c:	bd10      	pop	{r4, pc}

0800a97e <__swrite>:
 800a97e:	e92d 41f0 	stmdb	sp!, {r4, r5, r6, r7, r8, lr}
 800a982:	461f      	mov	r7, r3
 800a984:	898b      	ldrh	r3, [r1, #12]
 800a986:	05db      	lsls	r3, r3, #23
 800a988:	4605      	mov	r5, r0
 800a98a:	460c      	mov	r4, r1
 800a98c:	4616      	mov	r6, r2
 800a98e:	d505      	bpl.n	800a99c <__swrite+0x1e>
 800a990:	f9b1 100e 	ldrsh.w	r1, [r1, #14]
 800a994:	2302      	movs	r3, #2
 800a996:	2200      	movs	r2, #0
 800a998:	f000 f840 	bl	800aa1c <_lseek_r>
 800a99c:	89a3      	ldrh	r3, [r4, #12]
 800a99e:	f9b4 100e 	ldrsh.w	r1, [r4, #14]
 800a9a2:	f423 5380 	bic.w	r3, r3, #4096	@ 0x1000
 800a9a6:	81a3      	strh	r3, [r4, #12]
 800a9a8:	4632      	mov	r2, r6
 800a9aa:	463b      	mov	r3, r7
 800a9ac:	4628      	mov	r0, r5
 800a9ae:	e8bd 41f0 	ldmia.w	sp!, {r4, r5, r6, r7, r8, lr}
 800a9b2:	f000 b857 	b.w	800aa64 <_write_r>

0800a9b6 <__sseek>:
 800a9b6:	b510      	push	{r4, lr}
 800a9b8:	460c      	mov	r4, r1
 800a9ba:	f9b1 100e 	ldrsh.w	r1, [r1, #14]
 800a9be:	f000 f82d 	bl	800aa1c <_lseek_r>
 800a9c2:	f9b4 300c 	ldrsh.w	r3, [r4, #12]
 800a9c6:	1c42      	adds	r2, r0, #1
 800a9c8:	bf0b      	itete	eq
 800a9ca:	f423 5380 	biceq.w	r3, r3, #4096	@ 0x1000
 800a9ce:	f443 5380 	orrne.w	r3, r3, #4096	@ 0x1000
 800a9d2:	81a3      	strheq	r3, [r4, #12]
 800a9d4:	81a3      	strhne	r3, [r4, #12]
 800a9d6:	bf18      	it	ne
 800a9d8:	6560      	strne	r0, [r4, #84]	@ 0x54
 800a9da:	bd10      	pop	{r4, pc}

0800a9dc <__sclose>:
 800a9dc:	f9b1 100e 	ldrsh.w	r1, [r1, #14]
 800a9e0:	f000 b80c 	b.w	800a9fc <_close_r>

0800a9e4 <memset>:
 800a9e4:	4402      	add	r2, r0
 800a9e6:	4603      	mov	r3, r0
 800a9e8:	4293      	cmp	r3, r2
 800a9ea:	d100      	bne.n	800a9ee <memset+0xa>
 800a9ec:	4770      	bx	lr
 800a9ee:	f803 1b01 	strb.w	r1, [r3], #1
 800a9f2:	e7f9      	b.n	800a9e8 <memset+0x4>

0800a9f4 <_localeconv_r>:
 800a9f4:	4800      	ldr	r0, [pc, #0]	@ (800a9f8 <_localeconv_r+0x4>)
 800a9f6:	4770      	bx	lr
 800a9f8:	20000268 	.word	0x20000268

0800a9fc <_close_r>:
 800a9fc:	b538      	push	{r3, r4, r5, lr}
 800a9fe:	4c06      	ldr	r4, [pc, #24]	@ (800aa18 <_close_r+0x1c>)
 800aa00:	2300      	movs	r3, #0
 800aa02:	4605      	mov	r5, r0
 800aa04:	4608      	mov	r0, r1
 800aa06:	6023      	str	r3, [r4, #0]
 800aa08:	f7fd fd8a 	bl	8008520 <_close>
 800aa0c:	1c43      	adds	r3, r0, #1
 800aa0e:	d102      	bne.n	800aa16 <_close_r+0x1a>
 800aa10:	6823      	ldr	r3, [r4, #0]
 800aa12:	b103      	cbz	r3, 800aa16 <_close_r+0x1a>
 800aa14:	602b      	str	r3, [r5, #0]
 800aa16:	bd38      	pop	{r3, r4, r5, pc}
 800aa18:	20002320 	.word	0x20002320

0800aa1c <_lseek_r>:
 800aa1c:	b538      	push	{r3, r4, r5, lr}
 800aa1e:	4c07      	ldr	r4, [pc, #28]	@ (800aa3c <_lseek_r+0x20>)
 800aa20:	4605      	mov	r5, r0
 800aa22:	4608      	mov	r0, r1
 800aa24:	4611      	mov	r1, r2
 800aa26:	2200      	movs	r2, #0
 800aa28:	6022      	str	r2, [r4, #0]
 800aa2a:	461a      	mov	r2, r3
 800aa2c:	f7fd fd82 	bl	8008534 <_lseek>
 800aa30:	1c43      	adds	r3, r0, #1
 800aa32:	d102      	bne.n	800aa3a <_lseek_r+0x1e>
 800aa34:	6823      	ldr	r3, [r4, #0]
 800aa36:	b103      	cbz	r3, 800aa3a <_lseek_r+0x1e>
 800aa38:	602b      	str	r3, [r5, #0]
 800aa3a:	bd38      	pop	{r3, r4, r5, pc}
 800aa3c:	20002320 	.word	0x20002320

0800aa40 <_read_r>:
 800aa40:	b538      	push	{r3, r4, r5, lr}
 800aa42:	4c07      	ldr	r4, [pc, #28]	@ (800aa60 <_read_r+0x20>)
 800aa44:	4605      	mov	r5, r0
 800aa46:	4608      	mov	r0, r1
 800aa48:	4611      	mov	r1, r2
 800aa4a:	2200      	movs	r2, #0
 800aa4c:	6022      	str	r2, [r4, #0]
 800aa4e:	461a      	mov	r2, r3
 800aa50:	f7fd fd48 	bl	80084e4 <_read>
 800aa54:	1c43      	adds	r3, r0, #1
 800aa56:	d102      	bne.n	800aa5e <_read_r+0x1e>
 800aa58:	6823      	ldr	r3, [r4, #0]
 800aa5a:	b103      	cbz	r3, 800aa5e <_read_r+0x1e>
 800aa5c:	602b      	str	r3, [r5, #0]
 800aa5e:	bd38      	pop	{r3, r4, r5, pc}
 800aa60:	20002320 	.word	0x20002320

0800aa64 <_write_r>:
 800aa64:	b538      	push	{r3, r4, r5, lr}
 800aa66:	4c07      	ldr	r4, [pc, #28]	@ (800aa84 <_write_r+0x20>)
 800aa68:	4605      	mov	r5, r0
 800aa6a:	4608      	mov	r0, r1
 800aa6c:	4611      	mov	r1, r2
 800aa6e:	2200      	movs	r2, #0
 800aa70:	6022      	str	r2, [r4, #0]
 800aa72:	461a      	mov	r2, r3
 800aa74:	f7fd fd46 	bl	8008504 <_write>
 800aa78:	1c43      	adds	r3, r0, #1
 800aa7a:	d102      	bne.n	800aa82 <_write_r+0x1e>
 800aa7c:	6823      	ldr	r3, [r4, #0]
 800aa7e:	b103      	cbz	r3, 800aa82 <_write_r+0x1e>
 800aa80:	602b      	str	r3, [r5, #0]
 800aa82:	bd38      	pop	{r3, r4, r5, pc}
 800aa84:	20002320 	.word	0x20002320

0800aa88 <__errno>:
 800aa88:	4b01      	ldr	r3, [pc, #4]	@ (800aa90 <__errno+0x8>)
 800aa8a:	6818      	ldr	r0, [r3, #0]
 800aa8c:	4770      	bx	lr
 800aa8e:	bf00      	nop
 800aa90:	20000128 	.word	0x20000128

0800aa94 <__libc_init_array>:
 800aa94:	b570      	push	{r4, r5, r6, lr}
 800aa96:	4b0d      	ldr	r3, [pc, #52]	@ (800aacc <__libc_init_array+0x38>)
 800aa98:	4c0d      	ldr	r4, [pc, #52]	@ (800aad0 <__libc_init_array+0x3c>)
 800aa9a:	2600      	movs	r6, #0
 800aa9c:	1b1d      	subs	r5, r3, r4
 800aa9e:	ebb6 0fa5 	cmp.w	r6, r5, asr #2
 800aaa2:	d109      	bne.n	800aab8 <__libc_init_array+0x24>
 800aaa4:	f002 f87e 	bl	800cba4 <_init>
 800aaa8:	4c0a      	ldr	r4, [pc, #40]	@ (800aad4 <__libc_init_array+0x40>)
 800aaaa:	4b0b      	ldr	r3, [pc, #44]	@ (800aad8 <__libc_init_array+0x44>)
 800aaac:	2600      	movs	r6, #0
 800aaae:	1b1d      	subs	r5, r3, r4
 800aab0:	ebb6 0fa5 	cmp.w	r6, r5, asr #2
 800aab4:	d105      	bne.n	800aac2 <__libc_init_array+0x2e>
 800aab6:	bd70      	pop	{r4, r5, r6, pc}
 800aab8:	f854 3b04 	ldr.w	r3, [r4], #4
 800aabc:	4798      	blx	r3
 800aabe:	3601      	adds	r6, #1
 800aac0:	e7ed      	b.n	800aa9e <__libc_init_array+0xa>
 800aac2:	f854 3b04 	ldr.w	r3, [r4], #4
 800aac6:	4798      	blx	r3
 800aac8:	3601      	adds	r6, #1
 800aaca:	e7f1      	b.n	800aab0 <__libc_init_array+0x1c>
 800aacc:	0800d4fc 	.word	0x0800d4fc
 800aad0:	0800d4fc 	.word	0x0800d4fc
 800aad4:	0800d4fc 	.word	0x0800d4fc
 800aad8:	0800d500 	.word	0x0800d500

0800aadc <__retarget_lock_init_recursive>:
 800aadc:	4770      	bx	lr

0800aade <__retarget_lock_acquire_recursive>:
 800aade:	4770      	bx	lr

0800aae0 <__retarget_lock_release_recursive>:
 800aae0:	4770      	bx	lr

0800aae2 <memcpy>:
 800aae2:	440a      	add	r2, r1
 800aae4:	4291      	cmp	r1, r2
 800aae6:	f100 33ff 	add.w	r3, r0, #4294967295
 800aaea:	d100      	bne.n	800aaee <memcpy+0xc>
 800aaec:	4770      	bx	lr
 800aaee:	b510      	push	{r4, lr}
 800aaf0:	f811 4b01 	ldrb.w	r4, [r1], #1
 800aaf4:	f803 4f01 	strb.w	r4, [r3, #1]!
 800aaf8:	4291      	cmp	r1, r2
 800aafa:	d1f9      	bne.n	800aaf0 <memcpy+0xe>
 800aafc:	bd10      	pop	{r4, pc}

0800aafe <quorem>:
 800aafe:	e92d 4ff7 	stmdb	sp!, {r0, r1, r2, r4, r5, r6, r7, r8, r9, sl, fp, lr}
 800ab02:	6903      	ldr	r3, [r0, #16]
 800ab04:	690c      	ldr	r4, [r1, #16]
 800ab06:	42a3      	cmp	r3, r4
 800ab08:	4680      	mov	r8, r0
 800ab0a:	db7e      	blt.n	800ac0a <quorem+0x10c>
 800ab0c:	3c01      	subs	r4, #1
 800ab0e:	f101 0714 	add.w	r7, r1, #20
 800ab12:	00a3      	lsls	r3, r4, #2
 800ab14:	f100 0514 	add.w	r5, r0, #20
 800ab18:	9300      	str	r3, [sp, #0]
 800ab1a:	eb05 0384 	add.w	r3, r5, r4, lsl #2
 800ab1e:	9301      	str	r3, [sp, #4]
 800ab20:	f857 3024 	ldr.w	r3, [r7, r4, lsl #2]
 800ab24:	f855 2024 	ldr.w	r2, [r5, r4, lsl #2]
 800ab28:	3301      	adds	r3, #1
 800ab2a:	429a      	cmp	r2, r3
 800ab2c:	eb07 0984 	add.w	r9, r7, r4, lsl #2
 800ab30:	fbb2 f6f3 	udiv	r6, r2, r3
 800ab34:	d32e      	bcc.n	800ab94 <quorem+0x96>
 800ab36:	f04f 0a00 	mov.w	sl, #0
 800ab3a:	46bc      	mov	ip, r7
 800ab3c:	46ae      	mov	lr, r5
 800ab3e:	46d3      	mov	fp, sl
 800ab40:	f85c 3b04 	ldr.w	r3, [ip], #4
 800ab44:	b298      	uxth	r0, r3
 800ab46:	fb06 a000 	mla	r0, r6, r0, sl
 800ab4a:	0c02      	lsrs	r2, r0, #16
 800ab4c:	0c1b      	lsrs	r3, r3, #16
 800ab4e:	fb06 2303 	mla	r3, r6, r3, r2
 800ab52:	f8de 2000 	ldr.w	r2, [lr]
 800ab56:	b280      	uxth	r0, r0
 800ab58:	b292      	uxth	r2, r2
 800ab5a:	1a12      	subs	r2, r2, r0
 800ab5c:	445a      	add	r2, fp
 800ab5e:	f8de 0000 	ldr.w	r0, [lr]
 800ab62:	ea4f 4a13 	mov.w	sl, r3, lsr #16
 800ab66:	b29b      	uxth	r3, r3
 800ab68:	ebc3 4322 	rsb	r3, r3, r2, asr #16
 800ab6c:	eb03 4310 	add.w	r3, r3, r0, lsr #16
 800ab70:	b292      	uxth	r2, r2
 800ab72:	ea42 4203 	orr.w	r2, r2, r3, lsl #16
 800ab76:	45e1      	cmp	r9, ip
 800ab78:	f84e 2b04 	str.w	r2, [lr], #4
 800ab7c:	ea4f 4b23 	mov.w	fp, r3, asr #16
 800ab80:	d2de      	bcs.n	800ab40 <quorem+0x42>
 800ab82:	9b00      	ldr	r3, [sp, #0]
 800ab84:	58eb      	ldr	r3, [r5, r3]
 800ab86:	b92b      	cbnz	r3, 800ab94 <quorem+0x96>
 800ab88:	9b01      	ldr	r3, [sp, #4]
 800ab8a:	1f1a      	subs	r2, r3, #4
 800ab8c:	4295      	cmp	r5, r2
 800ab8e:	d330      	bcc.n	800abf2 <quorem+0xf4>
 800ab90:	f8c8 4010 	str.w	r4, [r8, #16]
 800ab94:	4640      	mov	r0, r8
 800ab96:	f001 f99b 	bl	800bed0 <__mcmp>
 800ab9a:	2800      	cmp	r0, #0
 800ab9c:	db25      	blt.n	800abea <quorem+0xec>
 800ab9e:	3601      	adds	r6, #1
 800aba0:	4629      	mov	r1, r5
 800aba2:	2000      	movs	r0, #0
 800aba4:	f857 2b04 	ldr.w	r2, [r7], #4
 800aba8:	f8d1 c000 	ldr.w	ip, [r1]
 800abac:	fa1f fe82 	uxth.w	lr, r2
 800abb0:	fa1f f38c 	uxth.w	r3, ip
 800abb4:	eba3 030e 	sub.w	r3, r3, lr
 800abb8:	4403      	add	r3, r0
 800abba:	0c12      	lsrs	r2, r2, #16
 800abbc:	ebc2 4223 	rsb	r2, r2, r3, asr #16
 800abc0:	eb02 421c 	add.w	r2, r2, ip, lsr #16
 800abc4:	b29b      	uxth	r3, r3
 800abc6:	ea43 4302 	orr.w	r3, r3, r2, lsl #16
 800abca:	45b9      	cmp	r9, r7
 800abcc:	f841 3b04 	str.w	r3, [r1], #4
 800abd0:	ea4f 4022 	mov.w	r0, r2, asr #16
 800abd4:	d2e6      	bcs.n	800aba4 <quorem+0xa6>
 800abd6:	f855 2024 	ldr.w	r2, [r5, r4, lsl #2]
 800abda:	eb05 0384 	add.w	r3, r5, r4, lsl #2
 800abde:	b922      	cbnz	r2, 800abea <quorem+0xec>
 800abe0:	3b04      	subs	r3, #4
 800abe2:	429d      	cmp	r5, r3
 800abe4:	d30b      	bcc.n	800abfe <quorem+0x100>
 800abe6:	f8c8 4010 	str.w	r4, [r8, #16]
 800abea:	4630      	mov	r0, r6
 800abec:	b003      	add	sp, #12
 800abee:	e8bd 8ff0 	ldmia.w	sp!, {r4, r5, r6, r7, r8, r9, sl, fp, pc}
 800abf2:	6813      	ldr	r3, [r2, #0]
 800abf4:	2b00      	cmp	r3, #0
 800abf6:	d1cb      	bne.n	800ab90 <quorem+0x92>
 800abf8:	3a04      	subs	r2, #4
 800abfa:	3c01      	subs	r4, #1
 800abfc:	e7c6      	b.n	800ab8c <quorem+0x8e>
 800abfe:	681a      	ldr	r2, [r3, #0]
 800ac00:	2a00      	cmp	r2, #0
 800ac02:	d1f0      	bne.n	800abe6 <quorem+0xe8>
 800ac04:	3b04      	subs	r3, #4
 800ac06:	3c01      	subs	r4, #1
 800ac08:	e7eb      	b.n	800abe2 <quorem+0xe4>
 800ac0a:	2000      	movs	r0, #0
 800ac0c:	e7ee      	b.n	800abec <quorem+0xee>
	...

0800ac10 <_dtoa_r>:
 800ac10:	e92d 4ff0 	stmdb	sp!, {r4, r5, r6, r7, r8, r9, sl, fp, lr}
 800ac14:	b099      	sub	sp, #100	@ 0x64
 800ac16:	ed8d 0b0e 	vstr	d0, [sp, #56]	@ 0x38
 800ac1a:	920c      	str	r2, [sp, #48]	@ 0x30
 800ac1c:	69c2      	ldr	r2, [r0, #28]
 800ac1e:	9c22      	ldr	r4, [sp, #136]	@ 0x88
 800ac20:	910a      	str	r1, [sp, #40]	@ 0x28
 800ac22:	ec57 6b10 	vmov	r6, r7, d0
 800ac26:	4681      	mov	r9, r0
 800ac28:	9313      	str	r3, [sp, #76]	@ 0x4c
 800ac2a:	b982      	cbnz	r2, 800ac4e <_dtoa_r+0x3e>
 800ac2c:	2010      	movs	r0, #16
 800ac2e:	f000 fe11 	bl	800b854 <malloc>
 800ac32:	4602      	mov	r2, r0
 800ac34:	f8c9 001c 	str.w	r0, [r9, #28]
 800ac38:	b920      	cbnz	r0, 800ac44 <_dtoa_r+0x34>
 800ac3a:	4ba9      	ldr	r3, [pc, #676]	@ (800aee0 <_dtoa_r+0x2d0>)
 800ac3c:	21ef      	movs	r1, #239	@ 0xef
 800ac3e:	48a9      	ldr	r0, [pc, #676]	@ (800aee4 <_dtoa_r+0x2d4>)
 800ac40:	f001 fe4a 	bl	800c8d8 <__assert_func>
 800ac44:	2300      	movs	r3, #0
 800ac46:	e9c0 3301 	strd	r3, r3, [r0, #4]
 800ac4a:	6003      	str	r3, [r0, #0]
 800ac4c:	60c3      	str	r3, [r0, #12]
 800ac4e:	6811      	ldr	r1, [r2, #0]
 800ac50:	b159      	cbz	r1, 800ac6a <_dtoa_r+0x5a>
 800ac52:	6852      	ldr	r2, [r2, #4]
 800ac54:	604a      	str	r2, [r1, #4]
 800ac56:	2301      	movs	r3, #1
 800ac58:	4093      	lsls	r3, r2
 800ac5a:	608b      	str	r3, [r1, #8]
 800ac5c:	4648      	mov	r0, r9
 800ac5e:	f000 fee9 	bl	800ba34 <_Bfree>
 800ac62:	f8d9 301c 	ldr.w	r3, [r9, #28]
 800ac66:	2200      	movs	r2, #0
 800ac68:	601a      	str	r2, [r3, #0]
 800ac6a:	f1b7 0800 	subs.w	r8, r7, #0
 800ac6e:	bfb5      	itete	lt
 800ac70:	2301      	movlt	r3, #1
 800ac72:	2300      	movge	r3, #0
 800ac74:	6023      	strlt	r3, [r4, #0]
 800ac76:	6023      	strge	r3, [r4, #0]
 800ac78:	4b9b      	ldr	r3, [pc, #620]	@ (800aee8 <_dtoa_r+0x2d8>)
 800ac7a:	bfbc      	itt	lt
 800ac7c:	f028 4800 	biclt.w	r8, r8, #2147483648	@ 0x80000000
 800ac80:	f8cd 803c 	strlt.w	r8, [sp, #60]	@ 0x3c
 800ac84:	ea33 0308 	bics.w	r3, r3, r8
 800ac88:	d11a      	bne.n	800acc0 <_dtoa_r+0xb0>
 800ac8a:	9a13      	ldr	r2, [sp, #76]	@ 0x4c
 800ac8c:	f3c8 0813 	ubfx	r8, r8, #0, #20
 800ac90:	f242 730f 	movw	r3, #9999	@ 0x270f
 800ac94:	ea58 0806 	orrs.w	r8, r8, r6
 800ac98:	6013      	str	r3, [r2, #0]
 800ac9a:	f000 8561 	beq.w	800b760 <_dtoa_r+0xb50>
 800ac9e:	9b23      	ldr	r3, [sp, #140]	@ 0x8c
 800aca0:	b953      	cbnz	r3, 800acb8 <_dtoa_r+0xa8>
 800aca2:	4b92      	ldr	r3, [pc, #584]	@ (800aeec <_dtoa_r+0x2dc>)
 800aca4:	e021      	b.n	800acea <_dtoa_r+0xda>
 800aca6:	4b92      	ldr	r3, [pc, #584]	@ (800aef0 <_dtoa_r+0x2e0>)
 800aca8:	9300      	str	r3, [sp, #0]
 800acaa:	3308      	adds	r3, #8
 800acac:	9a23      	ldr	r2, [sp, #140]	@ 0x8c
 800acae:	6013      	str	r3, [r2, #0]
 800acb0:	9800      	ldr	r0, [sp, #0]
 800acb2:	b019      	add	sp, #100	@ 0x64
 800acb4:	e8bd 8ff0 	ldmia.w	sp!, {r4, r5, r6, r7, r8, r9, sl, fp, pc}
 800acb8:	4b8c      	ldr	r3, [pc, #560]	@ (800aeec <_dtoa_r+0x2dc>)
 800acba:	9300      	str	r3, [sp, #0]
 800acbc:	3303      	adds	r3, #3
 800acbe:	e7f5      	b.n	800acac <_dtoa_r+0x9c>
 800acc0:	ed9d 7b0e 	vldr	d7, [sp, #56]	@ 0x38
 800acc4:	2200      	movs	r2, #0
 800acc6:	ec51 0b17 	vmov	r0, r1, d7
 800acca:	2300      	movs	r3, #0
 800accc:	ed8d 7b06 	vstr	d7, [sp, #24]
 800acd0:	f7f5 feb2 	bl	8000a38 <__aeabi_dcmpeq>
 800acd4:	4682      	mov	sl, r0
 800acd6:	b150      	cbz	r0, 800acee <_dtoa_r+0xde>
 800acd8:	9a13      	ldr	r2, [sp, #76]	@ 0x4c
 800acda:	2301      	movs	r3, #1
 800acdc:	6013      	str	r3, [r2, #0]
 800acde:	9b23      	ldr	r3, [sp, #140]	@ 0x8c
 800ace0:	b113      	cbz	r3, 800ace8 <_dtoa_r+0xd8>
 800ace2:	9a23      	ldr	r2, [sp, #140]	@ 0x8c
 800ace4:	4b83      	ldr	r3, [pc, #524]	@ (800aef4 <_dtoa_r+0x2e4>)
 800ace6:	6013      	str	r3, [r2, #0]
 800ace8:	4b83      	ldr	r3, [pc, #524]	@ (800aef8 <_dtoa_r+0x2e8>)
 800acea:	9300      	str	r3, [sp, #0]
 800acec:	e7e0      	b.n	800acb0 <_dtoa_r+0xa0>
 800acee:	ed9d 0b06 	vldr	d0, [sp, #24]
 800acf2:	aa16      	add	r2, sp, #88	@ 0x58
 800acf4:	a917      	add	r1, sp, #92	@ 0x5c
 800acf6:	4648      	mov	r0, r9
 800acf8:	f001 f99e 	bl	800c038 <__d2b>
 800acfc:	ea5f 5418 	movs.w	r4, r8, lsr #20
 800ad00:	9d16      	ldr	r5, [sp, #88]	@ 0x58
 800ad02:	9001      	str	r0, [sp, #4]
 800ad04:	d079      	beq.n	800adfa <_dtoa_r+0x1ea>
 800ad06:	9b07      	ldr	r3, [sp, #28]
 800ad08:	f8cd a050 	str.w	sl, [sp, #80]	@ 0x50
 800ad0c:	f3c3 0313 	ubfx	r3, r3, #0, #20
 800ad10:	e9dd 0106 	ldrd	r0, r1, [sp, #24]
 800ad14:	f043 537f 	orr.w	r3, r3, #1069547520	@ 0x3fc00000
 800ad18:	f443 1340 	orr.w	r3, r3, #3145728	@ 0x300000
 800ad1c:	f2a4 34ff 	subw	r4, r4, #1023	@ 0x3ff
 800ad20:	4619      	mov	r1, r3
 800ad22:	2200      	movs	r2, #0
 800ad24:	4b75      	ldr	r3, [pc, #468]	@ (800aefc <_dtoa_r+0x2ec>)
 800ad26:	f7f5 fa67 	bl	80001f8 <__aeabi_dsub>
 800ad2a:	a367      	add	r3, pc, #412	@ (adr r3, 800aec8 <_dtoa_r+0x2b8>)
 800ad2c:	e9d3 2300 	ldrd	r2, r3, [r3]
 800ad30:	f7f5 fc1a 	bl	8000568 <__aeabi_dmul>
 800ad34:	a366      	add	r3, pc, #408	@ (adr r3, 800aed0 <_dtoa_r+0x2c0>)
 800ad36:	e9d3 2300 	ldrd	r2, r3, [r3]
 800ad3a:	f7f5 fa5f 	bl	80001fc <__adddf3>
 800ad3e:	4606      	mov	r6, r0
 800ad40:	4620      	mov	r0, r4
 800ad42:	460f      	mov	r7, r1
 800ad44:	f7f5 fba6 	bl	8000494 <__aeabi_i2d>
 800ad48:	a363      	add	r3, pc, #396	@ (adr r3, 800aed8 <_dtoa_r+0x2c8>)
 800ad4a:	e9d3 2300 	ldrd	r2, r3, [r3]
 800ad4e:	f7f5 fc0b 	bl	8000568 <__aeabi_dmul>
 800ad52:	4602      	mov	r2, r0
 800ad54:	460b      	mov	r3, r1
 800ad56:	4630      	mov	r0, r6
 800ad58:	4639      	mov	r1, r7
 800ad5a:	f7f5 fa4f 	bl	80001fc <__adddf3>
 800ad5e:	4606      	mov	r6, r0
 800ad60:	460f      	mov	r7, r1
 800ad62:	f7f5 feb1 	bl	8000ac8 <__aeabi_d2iz>
 800ad66:	2200      	movs	r2, #0
 800ad68:	4680      	mov	r8, r0
 800ad6a:	2300      	movs	r3, #0
 800ad6c:	4630      	mov	r0, r6
 800ad6e:	4639      	mov	r1, r7
 800ad70:	f7f5 fe6c 	bl	8000a4c <__aeabi_dcmplt>
 800ad74:	b148      	cbz	r0, 800ad8a <_dtoa_r+0x17a>
 800ad76:	4640      	mov	r0, r8
 800ad78:	f7f5 fb8c 	bl	8000494 <__aeabi_i2d>
 800ad7c:	4632      	mov	r2, r6
 800ad7e:	463b      	mov	r3, r7
 800ad80:	f7f5 fe5a 	bl	8000a38 <__aeabi_dcmpeq>
 800ad84:	b908      	cbnz	r0, 800ad8a <_dtoa_r+0x17a>
 800ad86:	f108 38ff 	add.w	r8, r8, #4294967295
 800ad8a:	f1b8 0f16 	cmp.w	r8, #22
 800ad8e:	d851      	bhi.n	800ae34 <_dtoa_r+0x224>
 800ad90:	4b5b      	ldr	r3, [pc, #364]	@ (800af00 <_dtoa_r+0x2f0>)
 800ad92:	eb03 03c8 	add.w	r3, r3, r8, lsl #3
 800ad96:	e9d3 2300 	ldrd	r2, r3, [r3]
 800ad9a:	e9dd 0106 	ldrd	r0, r1, [sp, #24]
 800ad9e:	f7f5 fe55 	bl	8000a4c <__aeabi_dcmplt>
 800ada2:	2800      	cmp	r0, #0
 800ada4:	d048      	beq.n	800ae38 <_dtoa_r+0x228>
 800ada6:	f108 38ff 	add.w	r8, r8, #4294967295
 800adaa:	2300      	movs	r3, #0
 800adac:	9312      	str	r3, [sp, #72]	@ 0x48
 800adae:	1b2d      	subs	r5, r5, r4
 800adb0:	1e6b      	subs	r3, r5, #1
 800adb2:	9308      	str	r3, [sp, #32]
 800adb4:	bf43      	ittte	mi
 800adb6:	2300      	movmi	r3, #0
 800adb8:	f1c5 0701 	rsbmi	r7, r5, #1
 800adbc:	9308      	strmi	r3, [sp, #32]
 800adbe:	2700      	movpl	r7, #0
 800adc0:	f1b8 0f00 	cmp.w	r8, #0
 800adc4:	db3a      	blt.n	800ae3c <_dtoa_r+0x22c>
 800adc6:	9b08      	ldr	r3, [sp, #32]
 800adc8:	f8cd 8034 	str.w	r8, [sp, #52]	@ 0x34
 800adcc:	4443      	add	r3, r8
 800adce:	9308      	str	r3, [sp, #32]
 800add0:	2300      	movs	r3, #0
 800add2:	9309      	str	r3, [sp, #36]	@ 0x24
 800add4:	9b0a      	ldr	r3, [sp, #40]	@ 0x28
 800add6:	2b09      	cmp	r3, #9
 800add8:	d862      	bhi.n	800aea0 <_dtoa_r+0x290>
 800adda:	2b05      	cmp	r3, #5
 800addc:	bfc4      	itt	gt
 800adde:	3b04      	subgt	r3, #4
 800ade0:	930a      	strgt	r3, [sp, #40]	@ 0x28
 800ade2:	9b0a      	ldr	r3, [sp, #40]	@ 0x28
 800ade4:	f1a3 0302 	sub.w	r3, r3, #2
 800ade8:	bfcc      	ite	gt
 800adea:	2400      	movgt	r4, #0
 800adec:	2401      	movle	r4, #1
 800adee:	2b03      	cmp	r3, #3
 800adf0:	d862      	bhi.n	800aeb8 <_dtoa_r+0x2a8>
 800adf2:	e8df f003 	tbb	[pc, r3]
 800adf6:	5351      	.short	0x5351
 800adf8:	2b36      	.short	0x2b36
 800adfa:	9c17      	ldr	r4, [sp, #92]	@ 0x5c
 800adfc:	442c      	add	r4, r5
 800adfe:	f204 4332 	addw	r3, r4, #1074	@ 0x432
 800ae02:	2b20      	cmp	r3, #32
 800ae04:	bfc1      	itttt	gt
 800ae06:	f1c3 0340 	rsbgt	r3, r3, #64	@ 0x40
 800ae0a:	fa08 f803 	lslgt.w	r8, r8, r3
 800ae0e:	f204 4312 	addwgt	r3, r4, #1042	@ 0x412
 800ae12:	fa26 f303 	lsrgt.w	r3, r6, r3
 800ae16:	bfd6      	itet	le
 800ae18:	f1c3 0320 	rsble	r3, r3, #32
 800ae1c:	ea48 0003 	orrgt.w	r0, r8, r3
 800ae20:	fa06 f003 	lslle.w	r0, r6, r3
 800ae24:	f7f5 fb26 	bl	8000474 <__aeabi_ui2d>
 800ae28:	2201      	movs	r2, #1
 800ae2a:	f1a1 73f8 	sub.w	r3, r1, #32505856	@ 0x1f00000
 800ae2e:	3c01      	subs	r4, #1
 800ae30:	9214      	str	r2, [sp, #80]	@ 0x50
 800ae32:	e775      	b.n	800ad20 <_dtoa_r+0x110>
 800ae34:	2301      	movs	r3, #1
 800ae36:	e7b9      	b.n	800adac <_dtoa_r+0x19c>
 800ae38:	9012      	str	r0, [sp, #72]	@ 0x48
 800ae3a:	e7b8      	b.n	800adae <_dtoa_r+0x19e>
 800ae3c:	f1c8 0300 	rsb	r3, r8, #0
 800ae40:	9309      	str	r3, [sp, #36]	@ 0x24
 800ae42:	2300      	movs	r3, #0
 800ae44:	eba7 0708 	sub.w	r7, r7, r8
 800ae48:	930d      	str	r3, [sp, #52]	@ 0x34
 800ae4a:	e7c3      	b.n	800add4 <_dtoa_r+0x1c4>
 800ae4c:	2301      	movs	r3, #1
 800ae4e:	930b      	str	r3, [sp, #44]	@ 0x2c
 800ae50:	9b0c      	ldr	r3, [sp, #48]	@ 0x30
 800ae52:	4443      	add	r3, r8
 800ae54:	9305      	str	r3, [sp, #20]
 800ae56:	3301      	adds	r3, #1
 800ae58:	2b01      	cmp	r3, #1
 800ae5a:	9304      	str	r3, [sp, #16]
 800ae5c:	bfb8      	it	lt
 800ae5e:	2301      	movlt	r3, #1
 800ae60:	e006      	b.n	800ae70 <_dtoa_r+0x260>
 800ae62:	2301      	movs	r3, #1
 800ae64:	930b      	str	r3, [sp, #44]	@ 0x2c
 800ae66:	9b0c      	ldr	r3, [sp, #48]	@ 0x30
 800ae68:	2b00      	cmp	r3, #0
 800ae6a:	dd28      	ble.n	800aebe <_dtoa_r+0x2ae>
 800ae6c:	e9cd 3304 	strd	r3, r3, [sp, #16]
 800ae70:	f8d9 001c 	ldr.w	r0, [r9, #28]
 800ae74:	2100      	movs	r1, #0
 800ae76:	2204      	movs	r2, #4
 800ae78:	f102 0514 	add.w	r5, r2, #20
 800ae7c:	429d      	cmp	r5, r3
 800ae7e:	d943      	bls.n	800af08 <_dtoa_r+0x2f8>
 800ae80:	6041      	str	r1, [r0, #4]
 800ae82:	4648      	mov	r0, r9
 800ae84:	f000 fd98 	bl	800b9b8 <_Balloc>
 800ae88:	9000      	str	r0, [sp, #0]
 800ae8a:	2800      	cmp	r0, #0
 800ae8c:	d13f      	bne.n	800af0e <_dtoa_r+0x2fe>
 800ae8e:	4b1d      	ldr	r3, [pc, #116]	@ (800af04 <_dtoa_r+0x2f4>)
 800ae90:	4602      	mov	r2, r0
 800ae92:	f240 11af 	movw	r1, #431	@ 0x1af
 800ae96:	e6d2      	b.n	800ac3e <_dtoa_r+0x2e>
 800ae98:	2300      	movs	r3, #0
 800ae9a:	e7e3      	b.n	800ae64 <_dtoa_r+0x254>
 800ae9c:	2300      	movs	r3, #0
 800ae9e:	e7d6      	b.n	800ae4e <_dtoa_r+0x23e>
 800aea0:	2401      	movs	r4, #1
 800aea2:	2300      	movs	r3, #0
 800aea4:	e9cd 340a 	strd	r3, r4, [sp, #40]	@ 0x28
 800aea8:	f04f 33ff 	mov.w	r3, #4294967295
 800aeac:	2200      	movs	r2, #0
 800aeae:	e9cd 3304 	strd	r3, r3, [sp, #16]
 800aeb2:	920c      	str	r2, [sp, #48]	@ 0x30
 800aeb4:	2312      	movs	r3, #18
 800aeb6:	e7db      	b.n	800ae70 <_dtoa_r+0x260>
 800aeb8:	2301      	movs	r3, #1
 800aeba:	930b      	str	r3, [sp, #44]	@ 0x2c
 800aebc:	e7f4      	b.n	800aea8 <_dtoa_r+0x298>
 800aebe:	2301      	movs	r3, #1
 800aec0:	e9cd 3304 	strd	r3, r3, [sp, #16]
 800aec4:	930c      	str	r3, [sp, #48]	@ 0x30
 800aec6:	e7d3      	b.n	800ae70 <_dtoa_r+0x260>
 800aec8:	636f4361 	.word	0x636f4361
 800aecc:	3fd287a7 	.word	0x3fd287a7
 800aed0:	8b60c8b3 	.word	0x8b60c8b3
 800aed4:	3fc68a28 	.word	0x3fc68a28
 800aed8:	509f79fb 	.word	0x509f79fb
 800aedc:	3fd34413 	.word	0x3fd34413
 800aee0:	0800d115 	.word	0x0800d115
 800aee4:	0800d12c 	.word	0x0800d12c
 800aee8:	7ff00000 	.word	0x7ff00000
 800aeec:	0800d111 	.word	0x0800d111
 800aef0:	0800d108 	.word	0x0800d108
 800aef4:	0800d0e5 	.word	0x0800d0e5
 800aef8:	0800d0e4 	.word	0x0800d0e4
 800aefc:	3ff80000 	.word	0x3ff80000
 800af00:	0800d328 	.word	0x0800d328
 800af04:	0800d1db 	.word	0x0800d1db
 800af08:	3101      	adds	r1, #1
 800af0a:	0052      	lsls	r2, r2, #1
 800af0c:	e7b4      	b.n	800ae78 <_dtoa_r+0x268>
 800af0e:	f8d9 301c 	ldr.w	r3, [r9, #28]
 800af12:	9a00      	ldr	r2, [sp, #0]
 800af14:	601a      	str	r2, [r3, #0]
 800af16:	9b04      	ldr	r3, [sp, #16]
 800af18:	2b0e      	cmp	r3, #14
 800af1a:	d875      	bhi.n	800b008 <_dtoa_r+0x3f8>
 800af1c:	2c00      	cmp	r4, #0
 800af1e:	d073      	beq.n	800b008 <_dtoa_r+0x3f8>
 800af20:	f1b8 0f00 	cmp.w	r8, #0
 800af24:	f340 80c4 	ble.w	800b0b0 <_dtoa_r+0x4a0>
 800af28:	4b9f      	ldr	r3, [pc, #636]	@ (800b1a8 <_dtoa_r+0x598>)
 800af2a:	f008 020f 	and.w	r2, r8, #15
 800af2e:	eb03 03c2 	add.w	r3, r3, r2, lsl #3
 800af32:	f418 7f80 	tst.w	r8, #256	@ 0x100
 800af36:	e9d3 ab00 	ldrd	sl, fp, [r3]
 800af3a:	ea4f 1528 	mov.w	r5, r8, asr #4
 800af3e:	f000 80a3 	beq.w	800b088 <_dtoa_r+0x478>
 800af42:	4b9a      	ldr	r3, [pc, #616]	@ (800b1ac <_dtoa_r+0x59c>)
 800af44:	e9dd 0106 	ldrd	r0, r1, [sp, #24]
 800af48:	e9d3 2308 	ldrd	r2, r3, [r3, #32]
 800af4c:	f7f5 fc36 	bl	80007bc <__aeabi_ddiv>
 800af50:	e9cd 0102 	strd	r0, r1, [sp, #8]
 800af54:	f005 050f 	and.w	r5, r5, #15
 800af58:	2403      	movs	r4, #3
 800af5a:	4e94      	ldr	r6, [pc, #592]	@ (800b1ac <_dtoa_r+0x59c>)
 800af5c:	2d00      	cmp	r5, #0
 800af5e:	f040 8099 	bne.w	800b094 <_dtoa_r+0x484>
 800af62:	4652      	mov	r2, sl
 800af64:	465b      	mov	r3, fp
 800af66:	e9dd 0102 	ldrd	r0, r1, [sp, #8]
 800af6a:	f7f5 fc27 	bl	80007bc <__aeabi_ddiv>
 800af6e:	4682      	mov	sl, r0
 800af70:	468b      	mov	fp, r1
 800af72:	9b12      	ldr	r3, [sp, #72]	@ 0x48
 800af74:	2b00      	cmp	r3, #0
 800af76:	f000 80c3 	beq.w	800b100 <_dtoa_r+0x4f0>
 800af7a:	4b8d      	ldr	r3, [pc, #564]	@ (800b1b0 <_dtoa_r+0x5a0>)
 800af7c:	2200      	movs	r2, #0
 800af7e:	4650      	mov	r0, sl
 800af80:	4659      	mov	r1, fp
 800af82:	f7f5 fd63 	bl	8000a4c <__aeabi_dcmplt>
 800af86:	2800      	cmp	r0, #0
 800af88:	f000 80ba 	beq.w	800b100 <_dtoa_r+0x4f0>
 800af8c:	9b04      	ldr	r3, [sp, #16]
 800af8e:	2b00      	cmp	r3, #0
 800af90:	f000 80b6 	beq.w	800b100 <_dtoa_r+0x4f0>
 800af94:	9b05      	ldr	r3, [sp, #20]
 800af96:	2b00      	cmp	r3, #0
 800af98:	dd36      	ble.n	800b008 <_dtoa_r+0x3f8>
 800af9a:	f108 33ff 	add.w	r3, r8, #4294967295
 800af9e:	9302      	str	r3, [sp, #8]
 800afa0:	4650      	mov	r0, sl
 800afa2:	4659      	mov	r1, fp
 800afa4:	4b83      	ldr	r3, [pc, #524]	@ (800b1b4 <_dtoa_r+0x5a4>)
 800afa6:	2200      	movs	r2, #0
 800afa8:	f7f5 fade 	bl	8000568 <__aeabi_dmul>
 800afac:	9e05      	ldr	r6, [sp, #20]
 800afae:	4682      	mov	sl, r0
 800afb0:	468b      	mov	fp, r1
 800afb2:	3401      	adds	r4, #1
 800afb4:	4620      	mov	r0, r4
 800afb6:	f7f5 fa6d 	bl	8000494 <__aeabi_i2d>
 800afba:	4652      	mov	r2, sl
 800afbc:	465b      	mov	r3, fp
 800afbe:	f7f5 fad3 	bl	8000568 <__aeabi_dmul>
 800afc2:	4b7d      	ldr	r3, [pc, #500]	@ (800b1b8 <_dtoa_r+0x5a8>)
 800afc4:	2200      	movs	r2, #0
 800afc6:	f7f5 f919 	bl	80001fc <__adddf3>
 800afca:	4604      	mov	r4, r0
 800afcc:	f1a1 7550 	sub.w	r5, r1, #54525952	@ 0x3400000
 800afd0:	e9cd 4510 	strd	r4, r5, [sp, #64]	@ 0x40
 800afd4:	2e00      	cmp	r6, #0
 800afd6:	f040 8097 	bne.w	800b108 <_dtoa_r+0x4f8>
 800afda:	4b78      	ldr	r3, [pc, #480]	@ (800b1bc <_dtoa_r+0x5ac>)
 800afdc:	2200      	movs	r2, #0
 800afde:	4650      	mov	r0, sl
 800afe0:	4659      	mov	r1, fp
 800afe2:	f7f5 f909 	bl	80001f8 <__aeabi_dsub>
 800afe6:	4622      	mov	r2, r4
 800afe8:	462b      	mov	r3, r5
 800afea:	4682      	mov	sl, r0
 800afec:	468b      	mov	fp, r1
 800afee:	f7f5 fd4b 	bl	8000a88 <__aeabi_dcmpgt>
 800aff2:	2800      	cmp	r0, #0
 800aff4:	f040 82bd 	bne.w	800b572 <_dtoa_r+0x962>
 800aff8:	4622      	mov	r2, r4
 800affa:	f105 4300 	add.w	r3, r5, #2147483648	@ 0x80000000
 800affe:	4650      	mov	r0, sl
 800b000:	4659      	mov	r1, fp
 800b002:	f7f5 fd23 	bl	8000a4c <__aeabi_dcmplt>
 800b006:	bb20      	cbnz	r0, 800b052 <_dtoa_r+0x442>
 800b008:	9b17      	ldr	r3, [sp, #92]	@ 0x5c
 800b00a:	2b00      	cmp	r3, #0
 800b00c:	f2c0 818d 	blt.w	800b32a <_dtoa_r+0x71a>
 800b010:	f1b8 0f0e 	cmp.w	r8, #14
 800b014:	f300 8189 	bgt.w	800b32a <_dtoa_r+0x71a>
 800b018:	4b63      	ldr	r3, [pc, #396]	@ (800b1a8 <_dtoa_r+0x598>)
 800b01a:	eb03 03c8 	add.w	r3, r3, r8, lsl #3
 800b01e:	e9d3 ab00 	ldrd	sl, fp, [r3]
 800b022:	9b0c      	ldr	r3, [sp, #48]	@ 0x30
 800b024:	2b00      	cmp	r3, #0
 800b026:	f280 811b 	bge.w	800b260 <_dtoa_r+0x650>
 800b02a:	9b04      	ldr	r3, [sp, #16]
 800b02c:	2b00      	cmp	r3, #0
 800b02e:	f300 8117 	bgt.w	800b260 <_dtoa_r+0x650>
 800b032:	d10e      	bne.n	800b052 <_dtoa_r+0x442>
 800b034:	4b61      	ldr	r3, [pc, #388]	@ (800b1bc <_dtoa_r+0x5ac>)
 800b036:	2200      	movs	r2, #0
 800b038:	4650      	mov	r0, sl
 800b03a:	4659      	mov	r1, fp
 800b03c:	f7f5 fa94 	bl	8000568 <__aeabi_dmul>
 800b040:	4602      	mov	r2, r0
 800b042:	460b      	mov	r3, r1
 800b044:	e9dd 0106 	ldrd	r0, r1, [sp, #24]
 800b048:	f7f5 fd0a 	bl	8000a60 <__aeabi_dcmple>
 800b04c:	2800      	cmp	r0, #0
 800b04e:	f000 8293 	beq.w	800b578 <_dtoa_r+0x968>
 800b052:	2500      	movs	r5, #0
 800b054:	462c      	mov	r4, r5
 800b056:	9b0c      	ldr	r3, [sp, #48]	@ 0x30
 800b058:	9e00      	ldr	r6, [sp, #0]
 800b05a:	43db      	mvns	r3, r3
 800b05c:	9302      	str	r3, [sp, #8]
 800b05e:	4627      	mov	r7, r4
 800b060:	2400      	movs	r4, #0
 800b062:	4629      	mov	r1, r5
 800b064:	4648      	mov	r0, r9
 800b066:	f000 fce5 	bl	800ba34 <_Bfree>
 800b06a:	2f00      	cmp	r7, #0
 800b06c:	f000 80ee 	beq.w	800b24c <_dtoa_r+0x63c>
 800b070:	b12c      	cbz	r4, 800b07e <_dtoa_r+0x46e>
 800b072:	42bc      	cmp	r4, r7
 800b074:	d003      	beq.n	800b07e <_dtoa_r+0x46e>
 800b076:	4621      	mov	r1, r4
 800b078:	4648      	mov	r0, r9
 800b07a:	f000 fcdb 	bl	800ba34 <_Bfree>
 800b07e:	4639      	mov	r1, r7
 800b080:	4648      	mov	r0, r9
 800b082:	f000 fcd7 	bl	800ba34 <_Bfree>
 800b086:	e0e1      	b.n	800b24c <_dtoa_r+0x63c>
 800b088:	ed9d 7b06 	vldr	d7, [sp, #24]
 800b08c:	2402      	movs	r4, #2
 800b08e:	ed8d 7b02 	vstr	d7, [sp, #8]
 800b092:	e762      	b.n	800af5a <_dtoa_r+0x34a>
 800b094:	07e9      	lsls	r1, r5, #31
 800b096:	d508      	bpl.n	800b0aa <_dtoa_r+0x49a>
 800b098:	4650      	mov	r0, sl
 800b09a:	4659      	mov	r1, fp
 800b09c:	e9d6 2300 	ldrd	r2, r3, [r6]
 800b0a0:	f7f5 fa62 	bl	8000568 <__aeabi_dmul>
 800b0a4:	3401      	adds	r4, #1
 800b0a6:	4682      	mov	sl, r0
 800b0a8:	468b      	mov	fp, r1
 800b0aa:	106d      	asrs	r5, r5, #1
 800b0ac:	3608      	adds	r6, #8
 800b0ae:	e755      	b.n	800af5c <_dtoa_r+0x34c>
 800b0b0:	d022      	beq.n	800b0f8 <_dtoa_r+0x4e8>
 800b0b2:	f1c8 0500 	rsb	r5, r8, #0
 800b0b6:	4b3c      	ldr	r3, [pc, #240]	@ (800b1a8 <_dtoa_r+0x598>)
 800b0b8:	4e3c      	ldr	r6, [pc, #240]	@ (800b1ac <_dtoa_r+0x59c>)
 800b0ba:	f005 020f 	and.w	r2, r5, #15
 800b0be:	eb03 03c2 	add.w	r3, r3, r2, lsl #3
 800b0c2:	e9d3 2300 	ldrd	r2, r3, [r3]
 800b0c6:	e9dd 0106 	ldrd	r0, r1, [sp, #24]
 800b0ca:	f7f5 fa4d 	bl	8000568 <__aeabi_dmul>
 800b0ce:	112d      	asrs	r5, r5, #4
 800b0d0:	4682      	mov	sl, r0
 800b0d2:	468b      	mov	fp, r1
 800b0d4:	2402      	movs	r4, #2
 800b0d6:	2d00      	cmp	r5, #0
 800b0d8:	f43f af4b 	beq.w	800af72 <_dtoa_r+0x362>
 800b0dc:	07ea      	lsls	r2, r5, #31
 800b0de:	d508      	bpl.n	800b0f2 <_dtoa_r+0x4e2>
 800b0e0:	4650      	mov	r0, sl
 800b0e2:	4659      	mov	r1, fp
 800b0e4:	e9d6 2300 	ldrd	r2, r3, [r6]
 800b0e8:	f7f5 fa3e 	bl	8000568 <__aeabi_dmul>
 800b0ec:	3401      	adds	r4, #1
 800b0ee:	4682      	mov	sl, r0
 800b0f0:	468b      	mov	fp, r1
 800b0f2:	106d      	asrs	r5, r5, #1
 800b0f4:	3608      	adds	r6, #8
 800b0f6:	e7ee      	b.n	800b0d6 <_dtoa_r+0x4c6>
 800b0f8:	e9dd ab06 	ldrd	sl, fp, [sp, #24]
 800b0fc:	2402      	movs	r4, #2
 800b0fe:	e738      	b.n	800af72 <_dtoa_r+0x362>
 800b100:	9e04      	ldr	r6, [sp, #16]
 800b102:	f8cd 8008 	str.w	r8, [sp, #8]
 800b106:	e755      	b.n	800afb4 <_dtoa_r+0x3a4>
 800b108:	4b27      	ldr	r3, [pc, #156]	@ (800b1a8 <_dtoa_r+0x598>)
 800b10a:	eb03 03c6 	add.w	r3, r3, r6, lsl #3
 800b10e:	e953 0102 	ldrd	r0, r1, [r3, #-8]
 800b112:	9b0b      	ldr	r3, [sp, #44]	@ 0x2c
 800b114:	2b00      	cmp	r3, #0
 800b116:	d055      	beq.n	800b1c4 <_dtoa_r+0x5b4>
 800b118:	4602      	mov	r2, r0
 800b11a:	460b      	mov	r3, r1
 800b11c:	2000      	movs	r0, #0
 800b11e:	4928      	ldr	r1, [pc, #160]	@ (800b1c0 <_dtoa_r+0x5b0>)
 800b120:	f7f5 fb4c 	bl	80007bc <__aeabi_ddiv>
 800b124:	e9dd 2310 	ldrd	r2, r3, [sp, #64]	@ 0x40
 800b128:	f7f5 f866 	bl	80001f8 <__aeabi_dsub>
 800b12c:	9b00      	ldr	r3, [sp, #0]
 800b12e:	e9cd 0110 	strd	r0, r1, [sp, #64]	@ 0x40
 800b132:	199d      	adds	r5, r3, r6
 800b134:	461e      	mov	r6, r3
 800b136:	4659      	mov	r1, fp
 800b138:	4650      	mov	r0, sl
 800b13a:	f7f5 fcc5 	bl	8000ac8 <__aeabi_d2iz>
 800b13e:	f100 0430 	add.w	r4, r0, #48	@ 0x30
 800b142:	f7f5 f9a7 	bl	8000494 <__aeabi_i2d>
 800b146:	4602      	mov	r2, r0
 800b148:	460b      	mov	r3, r1
 800b14a:	4650      	mov	r0, sl
 800b14c:	4659      	mov	r1, fp
 800b14e:	f7f5 f853 	bl	80001f8 <__aeabi_dsub>
 800b152:	e9dd 2310 	ldrd	r2, r3, [sp, #64]	@ 0x40
 800b156:	f806 4b01 	strb.w	r4, [r6], #1
 800b15a:	4682      	mov	sl, r0
 800b15c:	468b      	mov	fp, r1
 800b15e:	f7f5 fc75 	bl	8000a4c <__aeabi_dcmplt>
 800b162:	2800      	cmp	r0, #0
 800b164:	d172      	bne.n	800b24c <_dtoa_r+0x63c>
 800b166:	4652      	mov	r2, sl
 800b168:	465b      	mov	r3, fp
 800b16a:	4911      	ldr	r1, [pc, #68]	@ (800b1b0 <_dtoa_r+0x5a0>)
 800b16c:	2000      	movs	r0, #0
 800b16e:	f7f5 f843 	bl	80001f8 <__aeabi_dsub>
 800b172:	e9dd 2310 	ldrd	r2, r3, [sp, #64]	@ 0x40
 800b176:	f7f5 fc69 	bl	8000a4c <__aeabi_dcmplt>
 800b17a:	2800      	cmp	r0, #0
 800b17c:	f040 80b6 	bne.w	800b2ec <_dtoa_r+0x6dc>
 800b180:	42ae      	cmp	r6, r5
 800b182:	f43f af41 	beq.w	800b008 <_dtoa_r+0x3f8>
 800b186:	e9dd 0110 	ldrd	r0, r1, [sp, #64]	@ 0x40
 800b18a:	4b0a      	ldr	r3, [pc, #40]	@ (800b1b4 <_dtoa_r+0x5a4>)
 800b18c:	2200      	movs	r2, #0
 800b18e:	f7f5 f9eb 	bl	8000568 <__aeabi_dmul>
 800b192:	4b08      	ldr	r3, [pc, #32]	@ (800b1b4 <_dtoa_r+0x5a4>)
 800b194:	e9cd 0110 	strd	r0, r1, [sp, #64]	@ 0x40
 800b198:	2200      	movs	r2, #0
 800b19a:	4650      	mov	r0, sl
 800b19c:	4659      	mov	r1, fp
 800b19e:	f7f5 f9e3 	bl	8000568 <__aeabi_dmul>
 800b1a2:	4682      	mov	sl, r0
 800b1a4:	468b      	mov	fp, r1
 800b1a6:	e7c6      	b.n	800b136 <_dtoa_r+0x526>
 800b1a8:	0800d328 	.word	0x0800d328
 800b1ac:	0800d300 	.word	0x0800d300
 800b1b0:	3ff00000 	.word	0x3ff00000
 800b1b4:	40240000 	.word	0x40240000
 800b1b8:	401c0000 	.word	0x401c0000
 800b1bc:	40140000 	.word	0x40140000
 800b1c0:	3fe00000 	.word	0x3fe00000
 800b1c4:	e9dd 2310 	ldrd	r2, r3, [sp, #64]	@ 0x40
 800b1c8:	f7f5 f9ce 	bl	8000568 <__aeabi_dmul>
 800b1cc:	9b00      	ldr	r3, [sp, #0]
 800b1ce:	9c00      	ldr	r4, [sp, #0]
 800b1d0:	e9cd 0110 	strd	r0, r1, [sp, #64]	@ 0x40
 800b1d4:	4433      	add	r3, r6
 800b1d6:	9315      	str	r3, [sp, #84]	@ 0x54
 800b1d8:	4659      	mov	r1, fp
 800b1da:	4650      	mov	r0, sl
 800b1dc:	f7f5 fc74 	bl	8000ac8 <__aeabi_d2iz>
 800b1e0:	f100 0530 	add.w	r5, r0, #48	@ 0x30
 800b1e4:	f7f5 f956 	bl	8000494 <__aeabi_i2d>
 800b1e8:	460b      	mov	r3, r1
 800b1ea:	4602      	mov	r2, r0
 800b1ec:	4659      	mov	r1, fp
 800b1ee:	4650      	mov	r0, sl
 800b1f0:	f7f5 f802 	bl	80001f8 <__aeabi_dsub>
 800b1f4:	f804 5b01 	strb.w	r5, [r4], #1
 800b1f8:	9b15      	ldr	r3, [sp, #84]	@ 0x54
 800b1fa:	429c      	cmp	r4, r3
 800b1fc:	4682      	mov	sl, r0
 800b1fe:	468b      	mov	fp, r1
 800b200:	d127      	bne.n	800b252 <_dtoa_r+0x642>
 800b202:	9b00      	ldr	r3, [sp, #0]
 800b204:	2200      	movs	r2, #0
 800b206:	e9dd 0110 	ldrd	r0, r1, [sp, #64]	@ 0x40
 800b20a:	441e      	add	r6, r3
 800b20c:	4baa      	ldr	r3, [pc, #680]	@ (800b4b8 <_dtoa_r+0x8a8>)
 800b20e:	f7f4 fff5 	bl	80001fc <__adddf3>
 800b212:	4602      	mov	r2, r0
 800b214:	460b      	mov	r3, r1
 800b216:	4650      	mov	r0, sl
 800b218:	4659      	mov	r1, fp
 800b21a:	f7f5 fc35 	bl	8000a88 <__aeabi_dcmpgt>
 800b21e:	2800      	cmp	r0, #0
 800b220:	d164      	bne.n	800b2ec <_dtoa_r+0x6dc>
 800b222:	e9dd 2310 	ldrd	r2, r3, [sp, #64]	@ 0x40
 800b226:	49a4      	ldr	r1, [pc, #656]	@ (800b4b8 <_dtoa_r+0x8a8>)
 800b228:	2000      	movs	r0, #0
 800b22a:	f7f4 ffe5 	bl	80001f8 <__aeabi_dsub>
 800b22e:	4602      	mov	r2, r0
 800b230:	460b      	mov	r3, r1
 800b232:	4650      	mov	r0, sl
 800b234:	4659      	mov	r1, fp
 800b236:	f7f5 fc09 	bl	8000a4c <__aeabi_dcmplt>
 800b23a:	2800      	cmp	r0, #0
 800b23c:	f43f aee4 	beq.w	800b008 <_dtoa_r+0x3f8>
 800b240:	4633      	mov	r3, r6
 800b242:	f816 2d01 	ldrb.w	r2, [r6, #-1]!
 800b246:	2a30      	cmp	r2, #48	@ 0x30
 800b248:	d0fa      	beq.n	800b240 <_dtoa_r+0x630>
 800b24a:	461e      	mov	r6, r3
 800b24c:	f8dd 8008 	ldr.w	r8, [sp, #8]
 800b250:	e03a      	b.n	800b2c8 <_dtoa_r+0x6b8>
 800b252:	4b9a      	ldr	r3, [pc, #616]	@ (800b4bc <_dtoa_r+0x8ac>)
 800b254:	2200      	movs	r2, #0
 800b256:	f7f5 f987 	bl	8000568 <__aeabi_dmul>
 800b25a:	4682      	mov	sl, r0
 800b25c:	468b      	mov	fp, r1
 800b25e:	e7bb      	b.n	800b1d8 <_dtoa_r+0x5c8>
 800b260:	9e00      	ldr	r6, [sp, #0]
 800b262:	4652      	mov	r2, sl
 800b264:	465b      	mov	r3, fp
 800b266:	e9dd 0106 	ldrd	r0, r1, [sp, #24]
 800b26a:	f7f5 faa7 	bl	80007bc <__aeabi_ddiv>
 800b26e:	f7f5 fc2b 	bl	8000ac8 <__aeabi_d2iz>
 800b272:	4607      	mov	r7, r0
 800b274:	f7f5 f90e 	bl	8000494 <__aeabi_i2d>
 800b278:	4652      	mov	r2, sl
 800b27a:	465b      	mov	r3, fp
 800b27c:	f7f5 f974 	bl	8000568 <__aeabi_dmul>
 800b280:	4602      	mov	r2, r0
 800b282:	460b      	mov	r3, r1
 800b284:	e9dd 0106 	ldrd	r0, r1, [sp, #24]
 800b288:	f7f4 ffb6 	bl	80001f8 <__aeabi_dsub>
 800b28c:	f107 0c30 	add.w	ip, r7, #48	@ 0x30
 800b290:	9c00      	ldr	r4, [sp, #0]
 800b292:	f806 cb01 	strb.w	ip, [r6], #1
 800b296:	eba6 0c04 	sub.w	ip, r6, r4
 800b29a:	9c04      	ldr	r4, [sp, #16]
 800b29c:	4564      	cmp	r4, ip
 800b29e:	4602      	mov	r2, r0
 800b2a0:	460b      	mov	r3, r1
 800b2a2:	d133      	bne.n	800b30c <_dtoa_r+0x6fc>
 800b2a4:	f7f4 ffaa 	bl	80001fc <__adddf3>
 800b2a8:	4652      	mov	r2, sl
 800b2aa:	465b      	mov	r3, fp
 800b2ac:	4604      	mov	r4, r0
 800b2ae:	460d      	mov	r5, r1
 800b2b0:	f7f5 fbea 	bl	8000a88 <__aeabi_dcmpgt>
 800b2b4:	b9c0      	cbnz	r0, 800b2e8 <_dtoa_r+0x6d8>
 800b2b6:	4652      	mov	r2, sl
 800b2b8:	465b      	mov	r3, fp
 800b2ba:	4620      	mov	r0, r4
 800b2bc:	4629      	mov	r1, r5
 800b2be:	f7f5 fbbb 	bl	8000a38 <__aeabi_dcmpeq>
 800b2c2:	b108      	cbz	r0, 800b2c8 <_dtoa_r+0x6b8>
 800b2c4:	07fb      	lsls	r3, r7, #31
 800b2c6:	d40f      	bmi.n	800b2e8 <_dtoa_r+0x6d8>
 800b2c8:	9901      	ldr	r1, [sp, #4]
 800b2ca:	4648      	mov	r0, r9
 800b2cc:	f000 fbb2 	bl	800ba34 <_Bfree>
 800b2d0:	2300      	movs	r3, #0
 800b2d2:	9a13      	ldr	r2, [sp, #76]	@ 0x4c
 800b2d4:	7033      	strb	r3, [r6, #0]
 800b2d6:	f108 0301 	add.w	r3, r8, #1
 800b2da:	6013      	str	r3, [r2, #0]
 800b2dc:	9b23      	ldr	r3, [sp, #140]	@ 0x8c
 800b2de:	2b00      	cmp	r3, #0
 800b2e0:	f43f ace6 	beq.w	800acb0 <_dtoa_r+0xa0>
 800b2e4:	601e      	str	r6, [r3, #0]
 800b2e6:	e4e3      	b.n	800acb0 <_dtoa_r+0xa0>
 800b2e8:	f8cd 8008 	str.w	r8, [sp, #8]
 800b2ec:	4633      	mov	r3, r6
 800b2ee:	461e      	mov	r6, r3
 800b2f0:	f813 2d01 	ldrb.w	r2, [r3, #-1]!
 800b2f4:	2a39      	cmp	r2, #57	@ 0x39
 800b2f6:	d106      	bne.n	800b306 <_dtoa_r+0x6f6>
 800b2f8:	9a00      	ldr	r2, [sp, #0]
 800b2fa:	429a      	cmp	r2, r3
 800b2fc:	d1f7      	bne.n	800b2ee <_dtoa_r+0x6de>
 800b2fe:	9a02      	ldr	r2, [sp, #8]
 800b300:	3201      	adds	r2, #1
 800b302:	9202      	str	r2, [sp, #8]
 800b304:	2230      	movs	r2, #48	@ 0x30
 800b306:	3201      	adds	r2, #1
 800b308:	701a      	strb	r2, [r3, #0]
 800b30a:	e79f      	b.n	800b24c <_dtoa_r+0x63c>
 800b30c:	4b6b      	ldr	r3, [pc, #428]	@ (800b4bc <_dtoa_r+0x8ac>)
 800b30e:	2200      	movs	r2, #0
 800b310:	f7f5 f92a 	bl	8000568 <__aeabi_dmul>
 800b314:	4602      	mov	r2, r0
 800b316:	460b      	mov	r3, r1
 800b318:	e9cd 2306 	strd	r2, r3, [sp, #24]
 800b31c:	2200      	movs	r2, #0
 800b31e:	2300      	movs	r3, #0
 800b320:	f7f5 fb8a 	bl	8000a38 <__aeabi_dcmpeq>
 800b324:	2800      	cmp	r0, #0
 800b326:	d09c      	beq.n	800b262 <_dtoa_r+0x652>
 800b328:	e7ce      	b.n	800b2c8 <_dtoa_r+0x6b8>
 800b32a:	9a0b      	ldr	r2, [sp, #44]	@ 0x2c
 800b32c:	2a00      	cmp	r2, #0
 800b32e:	f000 80df 	beq.w	800b4f0 <_dtoa_r+0x8e0>
 800b332:	9a0a      	ldr	r2, [sp, #40]	@ 0x28
 800b334:	2a01      	cmp	r2, #1
 800b336:	f300 80c3 	bgt.w	800b4c0 <_dtoa_r+0x8b0>
 800b33a:	9a14      	ldr	r2, [sp, #80]	@ 0x50
 800b33c:	2a00      	cmp	r2, #0
 800b33e:	f000 80b7 	beq.w	800b4b0 <_dtoa_r+0x8a0>
 800b342:	f203 4333 	addw	r3, r3, #1075	@ 0x433
 800b346:	9d09      	ldr	r5, [sp, #36]	@ 0x24
 800b348:	463e      	mov	r6, r7
 800b34a:	9a08      	ldr	r2, [sp, #32]
 800b34c:	2101      	movs	r1, #1
 800b34e:	441a      	add	r2, r3
 800b350:	4648      	mov	r0, r9
 800b352:	441f      	add	r7, r3
 800b354:	9208      	str	r2, [sp, #32]
 800b356:	f000 fc21 	bl	800bb9c <__i2b>
 800b35a:	4604      	mov	r4, r0
 800b35c:	b156      	cbz	r6, 800b374 <_dtoa_r+0x764>
 800b35e:	9b08      	ldr	r3, [sp, #32]
 800b360:	2b00      	cmp	r3, #0
 800b362:	dd07      	ble.n	800b374 <_dtoa_r+0x764>
 800b364:	42b3      	cmp	r3, r6
 800b366:	9a08      	ldr	r2, [sp, #32]
 800b368:	bfa8      	it	ge
 800b36a:	4633      	movge	r3, r6
 800b36c:	1aff      	subs	r7, r7, r3
 800b36e:	1af6      	subs	r6, r6, r3
 800b370:	1ad3      	subs	r3, r2, r3
 800b372:	9308      	str	r3, [sp, #32]
 800b374:	9b09      	ldr	r3, [sp, #36]	@ 0x24
 800b376:	b30b      	cbz	r3, 800b3bc <_dtoa_r+0x7ac>
 800b378:	9b0b      	ldr	r3, [sp, #44]	@ 0x2c
 800b37a:	2b00      	cmp	r3, #0
 800b37c:	f000 80bf 	beq.w	800b4fe <_dtoa_r+0x8ee>
 800b380:	2d00      	cmp	r5, #0
 800b382:	f000 80b9 	beq.w	800b4f8 <_dtoa_r+0x8e8>
 800b386:	4621      	mov	r1, r4
 800b388:	462a      	mov	r2, r5
 800b38a:	4648      	mov	r0, r9
 800b38c:	f000 fcd2 	bl	800bd34 <__pow5mult>
 800b390:	9a01      	ldr	r2, [sp, #4]
 800b392:	4601      	mov	r1, r0
 800b394:	4604      	mov	r4, r0
 800b396:	4648      	mov	r0, r9
 800b398:	f000 fc16 	bl	800bbc8 <__multiply>
 800b39c:	9901      	ldr	r1, [sp, #4]
 800b39e:	4682      	mov	sl, r0
 800b3a0:	4648      	mov	r0, r9
 800b3a2:	f000 fb47 	bl	800ba34 <_Bfree>
 800b3a6:	9b09      	ldr	r3, [sp, #36]	@ 0x24
 800b3a8:	1b5b      	subs	r3, r3, r5
 800b3aa:	9309      	str	r3, [sp, #36]	@ 0x24
 800b3ac:	f000 80aa 	beq.w	800b504 <_dtoa_r+0x8f4>
 800b3b0:	9a09      	ldr	r2, [sp, #36]	@ 0x24
 800b3b2:	4651      	mov	r1, sl
 800b3b4:	4648      	mov	r0, r9
 800b3b6:	f000 fcbd 	bl	800bd34 <__pow5mult>
 800b3ba:	9001      	str	r0, [sp, #4]
 800b3bc:	2101      	movs	r1, #1
 800b3be:	4648      	mov	r0, r9
 800b3c0:	f000 fbec 	bl	800bb9c <__i2b>
 800b3c4:	9b0d      	ldr	r3, [sp, #52]	@ 0x34
 800b3c6:	4605      	mov	r5, r0
 800b3c8:	2b00      	cmp	r3, #0
 800b3ca:	f000 81d0 	beq.w	800b76e <_dtoa_r+0xb5e>
 800b3ce:	461a      	mov	r2, r3
 800b3d0:	4601      	mov	r1, r0
 800b3d2:	4648      	mov	r0, r9
 800b3d4:	f000 fcae 	bl	800bd34 <__pow5mult>
 800b3d8:	9b0a      	ldr	r3, [sp, #40]	@ 0x28
 800b3da:	2b01      	cmp	r3, #1
 800b3dc:	4605      	mov	r5, r0
 800b3de:	f300 8099 	bgt.w	800b514 <_dtoa_r+0x904>
 800b3e2:	9b0e      	ldr	r3, [sp, #56]	@ 0x38
 800b3e4:	2b00      	cmp	r3, #0
 800b3e6:	f040 8090 	bne.w	800b50a <_dtoa_r+0x8fa>
 800b3ea:	9b0f      	ldr	r3, [sp, #60]	@ 0x3c
 800b3ec:	f3c3 0313 	ubfx	r3, r3, #0, #20
 800b3f0:	2b00      	cmp	r3, #0
 800b3f2:	f040 808a 	bne.w	800b50a <_dtoa_r+0x8fa>
 800b3f6:	9b0f      	ldr	r3, [sp, #60]	@ 0x3c
 800b3f8:	f023 4300 	bic.w	r3, r3, #2147483648	@ 0x80000000
 800b3fc:	0d1b      	lsrs	r3, r3, #20
 800b3fe:	051b      	lsls	r3, r3, #20
 800b400:	2b00      	cmp	r3, #0
 800b402:	f000 8085 	beq.w	800b510 <_dtoa_r+0x900>
 800b406:	9b08      	ldr	r3, [sp, #32]
 800b408:	3301      	adds	r3, #1
 800b40a:	3701      	adds	r7, #1
 800b40c:	9308      	str	r3, [sp, #32]
 800b40e:	f04f 0a01 	mov.w	sl, #1
 800b412:	9b0d      	ldr	r3, [sp, #52]	@ 0x34
 800b414:	2b00      	cmp	r3, #0
 800b416:	f000 81b0 	beq.w	800b77a <_dtoa_r+0xb6a>
 800b41a:	692b      	ldr	r3, [r5, #16]
 800b41c:	eb05 0383 	add.w	r3, r5, r3, lsl #2
 800b420:	6918      	ldr	r0, [r3, #16]
 800b422:	f000 fb6f 	bl	800bb04 <__hi0bits>
 800b426:	f1c0 0020 	rsb	r0, r0, #32
 800b42a:	9b08      	ldr	r3, [sp, #32]
 800b42c:	4418      	add	r0, r3
 800b42e:	f010 001f 	ands.w	r0, r0, #31
 800b432:	d076      	beq.n	800b522 <_dtoa_r+0x912>
 800b434:	281b      	cmp	r0, #27
 800b436:	dc70      	bgt.n	800b51a <_dtoa_r+0x90a>
 800b438:	f1c0 001c 	rsb	r0, r0, #28
 800b43c:	4407      	add	r7, r0
 800b43e:	4406      	add	r6, r0
 800b440:	4403      	add	r3, r0
 800b442:	9308      	str	r3, [sp, #32]
 800b444:	2f00      	cmp	r7, #0
 800b446:	dd05      	ble.n	800b454 <_dtoa_r+0x844>
 800b448:	9901      	ldr	r1, [sp, #4]
 800b44a:	463a      	mov	r2, r7
 800b44c:	4648      	mov	r0, r9
 800b44e:	f000 fccd 	bl	800bdec <__lshift>
 800b452:	9001      	str	r0, [sp, #4]
 800b454:	9b08      	ldr	r3, [sp, #32]
 800b456:	2b00      	cmp	r3, #0
 800b458:	dd05      	ble.n	800b466 <_dtoa_r+0x856>
 800b45a:	4629      	mov	r1, r5
 800b45c:	461a      	mov	r2, r3
 800b45e:	4648      	mov	r0, r9
 800b460:	f000 fcc4 	bl	800bdec <__lshift>
 800b464:	4605      	mov	r5, r0
 800b466:	9b12      	ldr	r3, [sp, #72]	@ 0x48
 800b468:	2b00      	cmp	r3, #0
 800b46a:	d05f      	beq.n	800b52c <_dtoa_r+0x91c>
 800b46c:	9801      	ldr	r0, [sp, #4]
 800b46e:	4629      	mov	r1, r5
 800b470:	f000 fd2e 	bl	800bed0 <__mcmp>
 800b474:	2800      	cmp	r0, #0
 800b476:	da59      	bge.n	800b52c <_dtoa_r+0x91c>
 800b478:	f108 33ff 	add.w	r3, r8, #4294967295
 800b47c:	9302      	str	r3, [sp, #8]
 800b47e:	9901      	ldr	r1, [sp, #4]
 800b480:	2300      	movs	r3, #0
 800b482:	220a      	movs	r2, #10
 800b484:	4648      	mov	r0, r9
 800b486:	f000 faf7 	bl	800ba78 <__multadd>
 800b48a:	9b0b      	ldr	r3, [sp, #44]	@ 0x2c
 800b48c:	9001      	str	r0, [sp, #4]
 800b48e:	2b00      	cmp	r3, #0
 800b490:	f000 8175 	beq.w	800b77e <_dtoa_r+0xb6e>
 800b494:	2300      	movs	r3, #0
 800b496:	4621      	mov	r1, r4
 800b498:	220a      	movs	r2, #10
 800b49a:	4648      	mov	r0, r9
 800b49c:	f000 faec 	bl	800ba78 <__multadd>
 800b4a0:	9b05      	ldr	r3, [sp, #20]
 800b4a2:	2b00      	cmp	r3, #0
 800b4a4:	4604      	mov	r4, r0
 800b4a6:	dc71      	bgt.n	800b58c <_dtoa_r+0x97c>
 800b4a8:	9b0a      	ldr	r3, [sp, #40]	@ 0x28
 800b4aa:	2b02      	cmp	r3, #2
 800b4ac:	dc47      	bgt.n	800b53e <_dtoa_r+0x92e>
 800b4ae:	e06d      	b.n	800b58c <_dtoa_r+0x97c>
 800b4b0:	9b16      	ldr	r3, [sp, #88]	@ 0x58
 800b4b2:	f1c3 0336 	rsb	r3, r3, #54	@ 0x36
 800b4b6:	e746      	b.n	800b346 <_dtoa_r+0x736>
 800b4b8:	3fe00000 	.word	0x3fe00000
 800b4bc:	40240000 	.word	0x40240000
 800b4c0:	9b04      	ldr	r3, [sp, #16]
 800b4c2:	1e5d      	subs	r5, r3, #1
 800b4c4:	9b09      	ldr	r3, [sp, #36]	@ 0x24
 800b4c6:	42ab      	cmp	r3, r5
 800b4c8:	db08      	blt.n	800b4dc <_dtoa_r+0x8cc>
 800b4ca:	1b5d      	subs	r5, r3, r5
 800b4cc:	9b04      	ldr	r3, [sp, #16]
 800b4ce:	2b00      	cmp	r3, #0
 800b4d0:	f6bf af3a 	bge.w	800b348 <_dtoa_r+0x738>
 800b4d4:	9b04      	ldr	r3, [sp, #16]
 800b4d6:	1afe      	subs	r6, r7, r3
 800b4d8:	2300      	movs	r3, #0
 800b4da:	e736      	b.n	800b34a <_dtoa_r+0x73a>
 800b4dc:	9b09      	ldr	r3, [sp, #36]	@ 0x24
 800b4de:	9a0d      	ldr	r2, [sp, #52]	@ 0x34
 800b4e0:	9509      	str	r5, [sp, #36]	@ 0x24
 800b4e2:	1aeb      	subs	r3, r5, r3
 800b4e4:	441a      	add	r2, r3
 800b4e6:	920d      	str	r2, [sp, #52]	@ 0x34
 800b4e8:	9b04      	ldr	r3, [sp, #16]
 800b4ea:	463e      	mov	r6, r7
 800b4ec:	2500      	movs	r5, #0
 800b4ee:	e72c      	b.n	800b34a <_dtoa_r+0x73a>
 800b4f0:	9d09      	ldr	r5, [sp, #36]	@ 0x24
 800b4f2:	9c0b      	ldr	r4, [sp, #44]	@ 0x2c
 800b4f4:	463e      	mov	r6, r7
 800b4f6:	e731      	b.n	800b35c <_dtoa_r+0x74c>
 800b4f8:	f8dd a004 	ldr.w	sl, [sp, #4]
 800b4fc:	e758      	b.n	800b3b0 <_dtoa_r+0x7a0>
 800b4fe:	9a09      	ldr	r2, [sp, #36]	@ 0x24
 800b500:	9901      	ldr	r1, [sp, #4]
 800b502:	e757      	b.n	800b3b4 <_dtoa_r+0x7a4>
 800b504:	f8cd a004 	str.w	sl, [sp, #4]
 800b508:	e758      	b.n	800b3bc <_dtoa_r+0x7ac>
 800b50a:	f04f 0a00 	mov.w	sl, #0
 800b50e:	e780      	b.n	800b412 <_dtoa_r+0x802>
 800b510:	469a      	mov	sl, r3
 800b512:	e77e      	b.n	800b412 <_dtoa_r+0x802>
 800b514:	f04f 0a00 	mov.w	sl, #0
 800b518:	e77f      	b.n	800b41a <_dtoa_r+0x80a>
 800b51a:	281c      	cmp	r0, #28
 800b51c:	d092      	beq.n	800b444 <_dtoa_r+0x834>
 800b51e:	f1c0 0020 	rsb	r0, r0, #32
 800b522:	301c      	adds	r0, #28
 800b524:	9b08      	ldr	r3, [sp, #32]
 800b526:	4407      	add	r7, r0
 800b528:	4406      	add	r6, r0
 800b52a:	e789      	b.n	800b440 <_dtoa_r+0x830>
 800b52c:	9b04      	ldr	r3, [sp, #16]
 800b52e:	f8cd 8008 	str.w	r8, [sp, #8]
 800b532:	2b00      	cmp	r3, #0
 800b534:	dc24      	bgt.n	800b580 <_dtoa_r+0x970>
 800b536:	9305      	str	r3, [sp, #20]
 800b538:	9b0a      	ldr	r3, [sp, #40]	@ 0x28
 800b53a:	2b02      	cmp	r3, #2
 800b53c:	dd22      	ble.n	800b584 <_dtoa_r+0x974>
 800b53e:	9b05      	ldr	r3, [sp, #20]
 800b540:	2b00      	cmp	r3, #0
 800b542:	f47f ad88 	bne.w	800b056 <_dtoa_r+0x446>
 800b546:	4629      	mov	r1, r5
 800b548:	9b05      	ldr	r3, [sp, #20]
 800b54a:	2205      	movs	r2, #5
 800b54c:	4648      	mov	r0, r9
 800b54e:	f000 fa93 	bl	800ba78 <__multadd>
 800b552:	4601      	mov	r1, r0
 800b554:	4605      	mov	r5, r0
 800b556:	9801      	ldr	r0, [sp, #4]
 800b558:	f000 fcba 	bl	800bed0 <__mcmp>
 800b55c:	2800      	cmp	r0, #0
 800b55e:	f77f ad7a 	ble.w	800b056 <_dtoa_r+0x446>
 800b562:	9e00      	ldr	r6, [sp, #0]
 800b564:	2331      	movs	r3, #49	@ 0x31
 800b566:	f806 3b01 	strb.w	r3, [r6], #1
 800b56a:	9b02      	ldr	r3, [sp, #8]
 800b56c:	3301      	adds	r3, #1
 800b56e:	9302      	str	r3, [sp, #8]
 800b570:	e575      	b.n	800b05e <_dtoa_r+0x44e>
 800b572:	4635      	mov	r5, r6
 800b574:	462c      	mov	r4, r5
 800b576:	e7f4      	b.n	800b562 <_dtoa_r+0x952>
 800b578:	9d04      	ldr	r5, [sp, #16]
 800b57a:	f8cd 8008 	str.w	r8, [sp, #8]
 800b57e:	e7f9      	b.n	800b574 <_dtoa_r+0x964>
 800b580:	9b04      	ldr	r3, [sp, #16]
 800b582:	9305      	str	r3, [sp, #20]
 800b584:	9b0b      	ldr	r3, [sp, #44]	@ 0x2c
 800b586:	2b00      	cmp	r3, #0
 800b588:	f000 80fd 	beq.w	800b786 <_dtoa_r+0xb76>
 800b58c:	2e00      	cmp	r6, #0
 800b58e:	dd05      	ble.n	800b59c <_dtoa_r+0x98c>
 800b590:	4621      	mov	r1, r4
 800b592:	4632      	mov	r2, r6
 800b594:	4648      	mov	r0, r9
 800b596:	f000 fc29 	bl	800bdec <__lshift>
 800b59a:	4604      	mov	r4, r0
 800b59c:	f1ba 0f00 	cmp.w	sl, #0
 800b5a0:	d058      	beq.n	800b654 <_dtoa_r+0xa44>
 800b5a2:	6861      	ldr	r1, [r4, #4]
 800b5a4:	4648      	mov	r0, r9
 800b5a6:	f000 fa07 	bl	800b9b8 <_Balloc>
 800b5aa:	4606      	mov	r6, r0
 800b5ac:	b928      	cbnz	r0, 800b5ba <_dtoa_r+0x9aa>
 800b5ae:	4b81      	ldr	r3, [pc, #516]	@ (800b7b4 <_dtoa_r+0xba4>)
 800b5b0:	4602      	mov	r2, r0
 800b5b2:	f240 21ef 	movw	r1, #751	@ 0x2ef
 800b5b6:	f7ff bb42 	b.w	800ac3e <_dtoa_r+0x2e>
 800b5ba:	6922      	ldr	r2, [r4, #16]
 800b5bc:	3202      	adds	r2, #2
 800b5be:	0092      	lsls	r2, r2, #2
 800b5c0:	f104 010c 	add.w	r1, r4, #12
 800b5c4:	300c      	adds	r0, #12
 800b5c6:	f7ff fa8c 	bl	800aae2 <memcpy>
 800b5ca:	2201      	movs	r2, #1
 800b5cc:	4631      	mov	r1, r6
 800b5ce:	4648      	mov	r0, r9
 800b5d0:	f000 fc0c 	bl	800bdec <__lshift>
 800b5d4:	4607      	mov	r7, r0
 800b5d6:	9b00      	ldr	r3, [sp, #0]
 800b5d8:	9a00      	ldr	r2, [sp, #0]
 800b5da:	f103 0801 	add.w	r8, r3, #1
 800b5de:	9b05      	ldr	r3, [sp, #20]
 800b5e0:	4413      	add	r3, r2
 800b5e2:	9306      	str	r3, [sp, #24]
 800b5e4:	9b0e      	ldr	r3, [sp, #56]	@ 0x38
 800b5e6:	f003 0301 	and.w	r3, r3, #1
 800b5ea:	9308      	str	r3, [sp, #32]
 800b5ec:	4629      	mov	r1, r5
 800b5ee:	9801      	ldr	r0, [sp, #4]
 800b5f0:	f7ff fa85 	bl	800aafe <quorem>
 800b5f4:	4621      	mov	r1, r4
 800b5f6:	9004      	str	r0, [sp, #16]
 800b5f8:	f100 0b30 	add.w	fp, r0, #48	@ 0x30
 800b5fc:	9801      	ldr	r0, [sp, #4]
 800b5fe:	f000 fc67 	bl	800bed0 <__mcmp>
 800b602:	463a      	mov	r2, r7
 800b604:	9005      	str	r0, [sp, #20]
 800b606:	4629      	mov	r1, r5
 800b608:	4648      	mov	r0, r9
 800b60a:	f000 fc7d 	bl	800bf08 <__mdiff>
 800b60e:	68c2      	ldr	r2, [r0, #12]
 800b610:	f108 3aff 	add.w	sl, r8, #4294967295
 800b614:	4606      	mov	r6, r0
 800b616:	b9fa      	cbnz	r2, 800b658 <_dtoa_r+0xa48>
 800b618:	4601      	mov	r1, r0
 800b61a:	9801      	ldr	r0, [sp, #4]
 800b61c:	f000 fc58 	bl	800bed0 <__mcmp>
 800b620:	4602      	mov	r2, r0
 800b622:	4631      	mov	r1, r6
 800b624:	4648      	mov	r0, r9
 800b626:	9209      	str	r2, [sp, #36]	@ 0x24
 800b628:	f000 fa04 	bl	800ba34 <_Bfree>
 800b62c:	e9dd 2309 	ldrd	r2, r3, [sp, #36]	@ 0x24
 800b630:	ea42 0103 	orr.w	r1, r2, r3
 800b634:	9b08      	ldr	r3, [sp, #32]
 800b636:	4319      	orrs	r1, r3
 800b638:	4646      	mov	r6, r8
 800b63a:	d10f      	bne.n	800b65c <_dtoa_r+0xa4c>
 800b63c:	f1bb 0f39 	cmp.w	fp, #57	@ 0x39
 800b640:	d028      	beq.n	800b694 <_dtoa_r+0xa84>
 800b642:	9b05      	ldr	r3, [sp, #20]
 800b644:	2b00      	cmp	r3, #0
 800b646:	dd02      	ble.n	800b64e <_dtoa_r+0xa3e>
 800b648:	9b04      	ldr	r3, [sp, #16]
 800b64a:	f103 0b31 	add.w	fp, r3, #49	@ 0x31
 800b64e:	f88a b000 	strb.w	fp, [sl]
 800b652:	e506      	b.n	800b062 <_dtoa_r+0x452>
 800b654:	4627      	mov	r7, r4
 800b656:	e7be      	b.n	800b5d6 <_dtoa_r+0x9c6>
 800b658:	2201      	movs	r2, #1
 800b65a:	e7e2      	b.n	800b622 <_dtoa_r+0xa12>
 800b65c:	9b05      	ldr	r3, [sp, #20]
 800b65e:	2b00      	cmp	r3, #0
 800b660:	db04      	blt.n	800b66c <_dtoa_r+0xa5c>
 800b662:	990a      	ldr	r1, [sp, #40]	@ 0x28
 800b664:	430b      	orrs	r3, r1
 800b666:	9908      	ldr	r1, [sp, #32]
 800b668:	430b      	orrs	r3, r1
 800b66a:	d120      	bne.n	800b6ae <_dtoa_r+0xa9e>
 800b66c:	2a00      	cmp	r2, #0
 800b66e:	ddee      	ble.n	800b64e <_dtoa_r+0xa3e>
 800b670:	9901      	ldr	r1, [sp, #4]
 800b672:	2201      	movs	r2, #1
 800b674:	4648      	mov	r0, r9
 800b676:	f000 fbb9 	bl	800bdec <__lshift>
 800b67a:	4629      	mov	r1, r5
 800b67c:	9001      	str	r0, [sp, #4]
 800b67e:	f000 fc27 	bl	800bed0 <__mcmp>
 800b682:	2800      	cmp	r0, #0
 800b684:	dc03      	bgt.n	800b68e <_dtoa_r+0xa7e>
 800b686:	d1e2      	bne.n	800b64e <_dtoa_r+0xa3e>
 800b688:	f01b 0f01 	tst.w	fp, #1
 800b68c:	d0df      	beq.n	800b64e <_dtoa_r+0xa3e>
 800b68e:	f1bb 0f39 	cmp.w	fp, #57	@ 0x39
 800b692:	d1d9      	bne.n	800b648 <_dtoa_r+0xa38>
 800b694:	2339      	movs	r3, #57	@ 0x39
 800b696:	f88a 3000 	strb.w	r3, [sl]
 800b69a:	4633      	mov	r3, r6
 800b69c:	461e      	mov	r6, r3
 800b69e:	3b01      	subs	r3, #1
 800b6a0:	f816 2c01 	ldrb.w	r2, [r6, #-1]
 800b6a4:	2a39      	cmp	r2, #57	@ 0x39
 800b6a6:	d052      	beq.n	800b74e <_dtoa_r+0xb3e>
 800b6a8:	3201      	adds	r2, #1
 800b6aa:	701a      	strb	r2, [r3, #0]
 800b6ac:	e4d9      	b.n	800b062 <_dtoa_r+0x452>
 800b6ae:	2a00      	cmp	r2, #0
 800b6b0:	dd07      	ble.n	800b6c2 <_dtoa_r+0xab2>
 800b6b2:	f1bb 0f39 	cmp.w	fp, #57	@ 0x39
 800b6b6:	d0ed      	beq.n	800b694 <_dtoa_r+0xa84>
 800b6b8:	f10b 0301 	add.w	r3, fp, #1
 800b6bc:	f88a 3000 	strb.w	r3, [sl]
 800b6c0:	e4cf      	b.n	800b062 <_dtoa_r+0x452>
 800b6c2:	9b06      	ldr	r3, [sp, #24]
 800b6c4:	f808 bc01 	strb.w	fp, [r8, #-1]
 800b6c8:	4543      	cmp	r3, r8
 800b6ca:	d02a      	beq.n	800b722 <_dtoa_r+0xb12>
 800b6cc:	9901      	ldr	r1, [sp, #4]
 800b6ce:	2300      	movs	r3, #0
 800b6d0:	220a      	movs	r2, #10
 800b6d2:	4648      	mov	r0, r9
 800b6d4:	f000 f9d0 	bl	800ba78 <__multadd>
 800b6d8:	42bc      	cmp	r4, r7
 800b6da:	9001      	str	r0, [sp, #4]
 800b6dc:	f04f 0300 	mov.w	r3, #0
 800b6e0:	f04f 020a 	mov.w	r2, #10
 800b6e4:	4621      	mov	r1, r4
 800b6e6:	4648      	mov	r0, r9
 800b6e8:	d106      	bne.n	800b6f8 <_dtoa_r+0xae8>
 800b6ea:	f000 f9c5 	bl	800ba78 <__multadd>
 800b6ee:	4604      	mov	r4, r0
 800b6f0:	4607      	mov	r7, r0
 800b6f2:	f108 0801 	add.w	r8, r8, #1
 800b6f6:	e779      	b.n	800b5ec <_dtoa_r+0x9dc>
 800b6f8:	f000 f9be 	bl	800ba78 <__multadd>
 800b6fc:	4639      	mov	r1, r7
 800b6fe:	4604      	mov	r4, r0
 800b700:	2300      	movs	r3, #0
 800b702:	220a      	movs	r2, #10
 800b704:	4648      	mov	r0, r9
 800b706:	f000 f9b7 	bl	800ba78 <__multadd>
 800b70a:	4607      	mov	r7, r0
 800b70c:	e7f1      	b.n	800b6f2 <_dtoa_r+0xae2>
 800b70e:	9b05      	ldr	r3, [sp, #20]
 800b710:	1e5e      	subs	r6, r3, #1
 800b712:	2b00      	cmp	r3, #0
 800b714:	9b00      	ldr	r3, [sp, #0]
 800b716:	bfd8      	it	le
 800b718:	2600      	movle	r6, #0
 800b71a:	1c5a      	adds	r2, r3, #1
 800b71c:	4627      	mov	r7, r4
 800b71e:	4416      	add	r6, r2
 800b720:	2400      	movs	r4, #0
 800b722:	9901      	ldr	r1, [sp, #4]
 800b724:	2201      	movs	r2, #1
 800b726:	4648      	mov	r0, r9
 800b728:	f000 fb60 	bl	800bdec <__lshift>
 800b72c:	4629      	mov	r1, r5
 800b72e:	9001      	str	r0, [sp, #4]
 800b730:	f000 fbce 	bl	800bed0 <__mcmp>
 800b734:	2800      	cmp	r0, #0
 800b736:	dcb0      	bgt.n	800b69a <_dtoa_r+0xa8a>
 800b738:	d102      	bne.n	800b740 <_dtoa_r+0xb30>
 800b73a:	f01b 0f01 	tst.w	fp, #1
 800b73e:	d1ac      	bne.n	800b69a <_dtoa_r+0xa8a>
 800b740:	4633      	mov	r3, r6
 800b742:	461e      	mov	r6, r3
 800b744:	f813 2d01 	ldrb.w	r2, [r3, #-1]!
 800b748:	2a30      	cmp	r2, #48	@ 0x30
 800b74a:	d0fa      	beq.n	800b742 <_dtoa_r+0xb32>
 800b74c:	e489      	b.n	800b062 <_dtoa_r+0x452>
 800b74e:	9a00      	ldr	r2, [sp, #0]
 800b750:	429a      	cmp	r2, r3
 800b752:	d1a3      	bne.n	800b69c <_dtoa_r+0xa8c>
 800b754:	9b02      	ldr	r3, [sp, #8]
 800b756:	3301      	adds	r3, #1
 800b758:	9302      	str	r3, [sp, #8]
 800b75a:	2331      	movs	r3, #49	@ 0x31
 800b75c:	7013      	strb	r3, [r2, #0]
 800b75e:	e480      	b.n	800b062 <_dtoa_r+0x452>
 800b760:	9b23      	ldr	r3, [sp, #140]	@ 0x8c
 800b762:	2b00      	cmp	r3, #0
 800b764:	f47f aa9f 	bne.w	800aca6 <_dtoa_r+0x96>
 800b768:	4b13      	ldr	r3, [pc, #76]	@ (800b7b8 <_dtoa_r+0xba8>)
 800b76a:	f7ff babe 	b.w	800acea <_dtoa_r+0xda>
 800b76e:	9b0a      	ldr	r3, [sp, #40]	@ 0x28
 800b770:	2b01      	cmp	r3, #1
 800b772:	f77f ae36 	ble.w	800b3e2 <_dtoa_r+0x7d2>
 800b776:	f8dd a034 	ldr.w	sl, [sp, #52]	@ 0x34
 800b77a:	2001      	movs	r0, #1
 800b77c:	e655      	b.n	800b42a <_dtoa_r+0x81a>
 800b77e:	9b05      	ldr	r3, [sp, #20]
 800b780:	2b00      	cmp	r3, #0
 800b782:	f77f aed9 	ble.w	800b538 <_dtoa_r+0x928>
 800b786:	9e00      	ldr	r6, [sp, #0]
 800b788:	9801      	ldr	r0, [sp, #4]
 800b78a:	4629      	mov	r1, r5
 800b78c:	f7ff f9b7 	bl	800aafe <quorem>
 800b790:	f100 0b30 	add.w	fp, r0, #48	@ 0x30
 800b794:	9b00      	ldr	r3, [sp, #0]
 800b796:	f806 bb01 	strb.w	fp, [r6], #1
 800b79a:	1af2      	subs	r2, r6, r3
 800b79c:	9b05      	ldr	r3, [sp, #20]
 800b79e:	4293      	cmp	r3, r2
 800b7a0:	ddb5      	ble.n	800b70e <_dtoa_r+0xafe>
 800b7a2:	9901      	ldr	r1, [sp, #4]
 800b7a4:	2300      	movs	r3, #0
 800b7a6:	220a      	movs	r2, #10
 800b7a8:	4648      	mov	r0, r9
 800b7aa:	f000 f965 	bl	800ba78 <__multadd>
 800b7ae:	9001      	str	r0, [sp, #4]
 800b7b0:	e7ea      	b.n	800b788 <_dtoa_r+0xb78>
 800b7b2:	bf00      	nop
 800b7b4:	0800d1db 	.word	0x0800d1db
 800b7b8:	0800d108 	.word	0x0800d108

0800b7bc <_free_r>:
 800b7bc:	b537      	push	{r0, r1, r2, r4, r5, lr}
 800b7be:	2900      	cmp	r1, #0
 800b7c0:	d044      	beq.n	800b84c <_free_r+0x90>
 800b7c2:	f851 3c04 	ldr.w	r3, [r1, #-4]
 800b7c6:	9001      	str	r0, [sp, #4]
 800b7c8:	2b00      	cmp	r3, #0
 800b7ca:	f1a1 0404 	sub.w	r4, r1, #4
 800b7ce:	bfb8      	it	lt
 800b7d0:	18e4      	addlt	r4, r4, r3
 800b7d2:	f000 f8e5 	bl	800b9a0 <__malloc_lock>
 800b7d6:	4a1e      	ldr	r2, [pc, #120]	@ (800b850 <_free_r+0x94>)
 800b7d8:	9801      	ldr	r0, [sp, #4]
 800b7da:	6813      	ldr	r3, [r2, #0]
 800b7dc:	b933      	cbnz	r3, 800b7ec <_free_r+0x30>
 800b7de:	6063      	str	r3, [r4, #4]
 800b7e0:	6014      	str	r4, [r2, #0]
 800b7e2:	b003      	add	sp, #12
 800b7e4:	e8bd 4030 	ldmia.w	sp!, {r4, r5, lr}
 800b7e8:	f000 b8e0 	b.w	800b9ac <__malloc_unlock>
 800b7ec:	42a3      	cmp	r3, r4
 800b7ee:	d908      	bls.n	800b802 <_free_r+0x46>
 800b7f0:	6825      	ldr	r5, [r4, #0]
 800b7f2:	1961      	adds	r1, r4, r5
 800b7f4:	428b      	cmp	r3, r1
 800b7f6:	bf01      	itttt	eq
 800b7f8:	6819      	ldreq	r1, [r3, #0]
 800b7fa:	685b      	ldreq	r3, [r3, #4]
 800b7fc:	1949      	addeq	r1, r1, r5
 800b7fe:	6021      	streq	r1, [r4, #0]
 800b800:	e7ed      	b.n	800b7de <_free_r+0x22>
 800b802:	461a      	mov	r2, r3
 800b804:	685b      	ldr	r3, [r3, #4]
 800b806:	b10b      	cbz	r3, 800b80c <_free_r+0x50>
 800b808:	42a3      	cmp	r3, r4
 800b80a:	d9fa      	bls.n	800b802 <_free_r+0x46>
 800b80c:	6811      	ldr	r1, [r2, #0]
 800b80e:	1855      	adds	r5, r2, r1
 800b810:	42a5      	cmp	r5, r4
 800b812:	d10b      	bne.n	800b82c <_free_r+0x70>
 800b814:	6824      	ldr	r4, [r4, #0]
 800b816:	4421      	add	r1, r4
 800b818:	1854      	adds	r4, r2, r1
 800b81a:	42a3      	cmp	r3, r4
 800b81c:	6011      	str	r1, [r2, #0]
 800b81e:	d1e0      	bne.n	800b7e2 <_free_r+0x26>
 800b820:	681c      	ldr	r4, [r3, #0]
 800b822:	685b      	ldr	r3, [r3, #4]
 800b824:	6053      	str	r3, [r2, #4]
 800b826:	440c      	add	r4, r1
 800b828:	6014      	str	r4, [r2, #0]
 800b82a:	e7da      	b.n	800b7e2 <_free_r+0x26>
 800b82c:	d902      	bls.n	800b834 <_free_r+0x78>
 800b82e:	230c      	movs	r3, #12
 800b830:	6003      	str	r3, [r0, #0]
 800b832:	e7d6      	b.n	800b7e2 <_free_r+0x26>
 800b834:	6825      	ldr	r5, [r4, #0]
 800b836:	1961      	adds	r1, r4, r5
 800b838:	428b      	cmp	r3, r1
 800b83a:	bf04      	itt	eq
 800b83c:	6819      	ldreq	r1, [r3, #0]
 800b83e:	685b      	ldreq	r3, [r3, #4]
 800b840:	6063      	str	r3, [r4, #4]
 800b842:	bf04      	itt	eq
 800b844:	1949      	addeq	r1, r1, r5
 800b846:	6021      	streq	r1, [r4, #0]
 800b848:	6054      	str	r4, [r2, #4]
 800b84a:	e7ca      	b.n	800b7e2 <_free_r+0x26>
 800b84c:	b003      	add	sp, #12
 800b84e:	bd30      	pop	{r4, r5, pc}
 800b850:	2000232c 	.word	0x2000232c

0800b854 <malloc>:
 800b854:	4b02      	ldr	r3, [pc, #8]	@ (800b860 <malloc+0xc>)
 800b856:	4601      	mov	r1, r0
 800b858:	6818      	ldr	r0, [r3, #0]
 800b85a:	f000 b825 	b.w	800b8a8 <_malloc_r>
 800b85e:	bf00      	nop
 800b860:	20000128 	.word	0x20000128

0800b864 <sbrk_aligned>:
 800b864:	b570      	push	{r4, r5, r6, lr}
 800b866:	4c0f      	ldr	r4, [pc, #60]	@ (800b8a4 <sbrk_aligned+0x40>)
 800b868:	460e      	mov	r6, r1
 800b86a:	6821      	ldr	r1, [r4, #0]
 800b86c:	4605      	mov	r5, r0
 800b86e:	b911      	cbnz	r1, 800b876 <sbrk_aligned+0x12>
 800b870:	f001 f822 	bl	800c8b8 <_sbrk_r>
 800b874:	6020      	str	r0, [r4, #0]
 800b876:	4631      	mov	r1, r6
 800b878:	4628      	mov	r0, r5
 800b87a:	f001 f81d 	bl	800c8b8 <_sbrk_r>
 800b87e:	1c43      	adds	r3, r0, #1
 800b880:	d103      	bne.n	800b88a <sbrk_aligned+0x26>
 800b882:	f04f 34ff 	mov.w	r4, #4294967295
 800b886:	4620      	mov	r0, r4
 800b888:	bd70      	pop	{r4, r5, r6, pc}
 800b88a:	1cc4      	adds	r4, r0, #3
 800b88c:	f024 0403 	bic.w	r4, r4, #3
 800b890:	42a0      	cmp	r0, r4
 800b892:	d0f8      	beq.n	800b886 <sbrk_aligned+0x22>
 800b894:	1a21      	subs	r1, r4, r0
 800b896:	4628      	mov	r0, r5
 800b898:	f001 f80e 	bl	800c8b8 <_sbrk_r>
 800b89c:	3001      	adds	r0, #1
 800b89e:	d1f2      	bne.n	800b886 <sbrk_aligned+0x22>
 800b8a0:	e7ef      	b.n	800b882 <sbrk_aligned+0x1e>
 800b8a2:	bf00      	nop
 800b8a4:	20002328 	.word	0x20002328

0800b8a8 <_malloc_r>:
 800b8a8:	e92d 43f8 	stmdb	sp!, {r3, r4, r5, r6, r7, r8, r9, lr}
 800b8ac:	1ccd      	adds	r5, r1, #3
 800b8ae:	f025 0503 	bic.w	r5, r5, #3
 800b8b2:	3508      	adds	r5, #8
 800b8b4:	2d0c      	cmp	r5, #12
 800b8b6:	bf38      	it	cc
 800b8b8:	250c      	movcc	r5, #12
 800b8ba:	2d00      	cmp	r5, #0
 800b8bc:	4606      	mov	r6, r0
 800b8be:	db01      	blt.n	800b8c4 <_malloc_r+0x1c>
 800b8c0:	42a9      	cmp	r1, r5
 800b8c2:	d904      	bls.n	800b8ce <_malloc_r+0x26>
 800b8c4:	230c      	movs	r3, #12
 800b8c6:	6033      	str	r3, [r6, #0]
 800b8c8:	2000      	movs	r0, #0
 800b8ca:	e8bd 83f8 	ldmia.w	sp!, {r3, r4, r5, r6, r7, r8, r9, pc}
 800b8ce:	4f33      	ldr	r7, [pc, #204]	@ (800b99c <_malloc_r+0xf4>)
 800b8d0:	f000 f866 	bl	800b9a0 <__malloc_lock>
 800b8d4:	683b      	ldr	r3, [r7, #0]
 800b8d6:	461c      	mov	r4, r3
 800b8d8:	bb3c      	cbnz	r4, 800b92a <_malloc_r+0x82>
 800b8da:	4629      	mov	r1, r5
 800b8dc:	4630      	mov	r0, r6
 800b8de:	f7ff ffc1 	bl	800b864 <sbrk_aligned>
 800b8e2:	1c43      	adds	r3, r0, #1
 800b8e4:	4604      	mov	r4, r0
 800b8e6:	d156      	bne.n	800b996 <_malloc_r+0xee>
 800b8e8:	683c      	ldr	r4, [r7, #0]
 800b8ea:	46a0      	mov	r8, r4
 800b8ec:	f1b8 0f00 	cmp.w	r8, #0
 800b8f0:	d140      	bne.n	800b974 <_malloc_r+0xcc>
 800b8f2:	2c00      	cmp	r4, #0
 800b8f4:	d049      	beq.n	800b98a <_malloc_r+0xe2>
 800b8f6:	6823      	ldr	r3, [r4, #0]
 800b8f8:	4641      	mov	r1, r8
 800b8fa:	4630      	mov	r0, r6
 800b8fc:	eb04 0903 	add.w	r9, r4, r3
 800b900:	f000 ffda 	bl	800c8b8 <_sbrk_r>
 800b904:	4581      	cmp	r9, r0
 800b906:	d140      	bne.n	800b98a <_malloc_r+0xe2>
 800b908:	6821      	ldr	r1, [r4, #0]
 800b90a:	1a6d      	subs	r5, r5, r1
 800b90c:	4629      	mov	r1, r5
 800b90e:	4630      	mov	r0, r6
 800b910:	f7ff ffa8 	bl	800b864 <sbrk_aligned>
 800b914:	3001      	adds	r0, #1
 800b916:	d038      	beq.n	800b98a <_malloc_r+0xe2>
 800b918:	6823      	ldr	r3, [r4, #0]
 800b91a:	442b      	add	r3, r5
 800b91c:	6023      	str	r3, [r4, #0]
 800b91e:	683b      	ldr	r3, [r7, #0]
 800b920:	685a      	ldr	r2, [r3, #4]
 800b922:	bb5a      	cbnz	r2, 800b97c <_malloc_r+0xd4>
 800b924:	f8c7 8000 	str.w	r8, [r7]
 800b928:	e00e      	b.n	800b948 <_malloc_r+0xa0>
 800b92a:	6822      	ldr	r2, [r4, #0]
 800b92c:	1b52      	subs	r2, r2, r5
 800b92e:	d41e      	bmi.n	800b96e <_malloc_r+0xc6>
 800b930:	2a0b      	cmp	r2, #11
 800b932:	d916      	bls.n	800b962 <_malloc_r+0xba>
 800b934:	1961      	adds	r1, r4, r5
 800b936:	42a3      	cmp	r3, r4
 800b938:	6025      	str	r5, [r4, #0]
 800b93a:	bf18      	it	ne
 800b93c:	6059      	strne	r1, [r3, #4]
 800b93e:	6863      	ldr	r3, [r4, #4]
 800b940:	bf08      	it	eq
 800b942:	6039      	streq	r1, [r7, #0]
 800b944:	5162      	str	r2, [r4, r5]
 800b946:	604b      	str	r3, [r1, #4]
 800b948:	4630      	mov	r0, r6
 800b94a:	f000 f82f 	bl	800b9ac <__malloc_unlock>
 800b94e:	f104 000b 	add.w	r0, r4, #11
 800b952:	1d23      	adds	r3, r4, #4
 800b954:	f020 0007 	bic.w	r0, r0, #7
 800b958:	1ac2      	subs	r2, r0, r3
 800b95a:	bf1c      	itt	ne
 800b95c:	1a1b      	subne	r3, r3, r0
 800b95e:	50a3      	strne	r3, [r4, r2]
 800b960:	e7b3      	b.n	800b8ca <_malloc_r+0x22>
 800b962:	6862      	ldr	r2, [r4, #4]
 800b964:	42a3      	cmp	r3, r4
 800b966:	bf0c      	ite	eq
 800b968:	603a      	streq	r2, [r7, #0]
 800b96a:	605a      	strne	r2, [r3, #4]
 800b96c:	e7ec      	b.n	800b948 <_malloc_r+0xa0>
 800b96e:	4623      	mov	r3, r4
 800b970:	6864      	ldr	r4, [r4, #4]
 800b972:	e7b1      	b.n	800b8d8 <_malloc_r+0x30>
 800b974:	4644      	mov	r4, r8
 800b976:	f8d8 8004 	ldr.w	r8, [r8, #4]
 800b97a:	e7b7      	b.n	800b8ec <_malloc_r+0x44>
 800b97c:	461a      	mov	r2, r3
 800b97e:	685b      	ldr	r3, [r3, #4]
 800b980:	42a3      	cmp	r3, r4
 800b982:	d1fb      	bne.n	800b97c <_malloc_r+0xd4>
 800b984:	2300      	movs	r3, #0
 800b986:	6053      	str	r3, [r2, #4]
 800b988:	e7de      	b.n	800b948 <_malloc_r+0xa0>
 800b98a:	230c      	movs	r3, #12
 800b98c:	6033      	str	r3, [r6, #0]
 800b98e:	4630      	mov	r0, r6
 800b990:	f000 f80c 	bl	800b9ac <__malloc_unlock>
 800b994:	e798      	b.n	800b8c8 <_malloc_r+0x20>
 800b996:	6005      	str	r5, [r0, #0]
 800b998:	e7d6      	b.n	800b948 <_malloc_r+0xa0>
 800b99a:	bf00      	nop
 800b99c:	2000232c 	.word	0x2000232c

0800b9a0 <__malloc_lock>:
 800b9a0:	4801      	ldr	r0, [pc, #4]	@ (800b9a8 <__malloc_lock+0x8>)
 800b9a2:	f7ff b89c 	b.w	800aade <__retarget_lock_acquire_recursive>
 800b9a6:	bf00      	nop
 800b9a8:	20002324 	.word	0x20002324

0800b9ac <__malloc_unlock>:
 800b9ac:	4801      	ldr	r0, [pc, #4]	@ (800b9b4 <__malloc_unlock+0x8>)
 800b9ae:	f7ff b897 	b.w	800aae0 <__retarget_lock_release_recursive>
 800b9b2:	bf00      	nop
 800b9b4:	20002324 	.word	0x20002324

0800b9b8 <_Balloc>:
 800b9b8:	b570      	push	{r4, r5, r6, lr}
 800b9ba:	69c4      	ldr	r4, [r0, #28]
 800b9bc:	4605      	mov	r5, r0
 800b9be:	460e      	mov	r6, r1
 800b9c0:	b984      	cbnz	r4, 800b9e4 <_Balloc+0x2c>
 800b9c2:	2010      	movs	r0, #16
 800b9c4:	f7ff ff46 	bl	800b854 <malloc>
 800b9c8:	4604      	mov	r4, r0
 800b9ca:	61e8      	str	r0, [r5, #28]
 800b9cc:	b928      	cbnz	r0, 800b9da <_Balloc+0x22>
 800b9ce:	4602      	mov	r2, r0
 800b9d0:	4b16      	ldr	r3, [pc, #88]	@ (800ba2c <_Balloc+0x74>)
 800b9d2:	4817      	ldr	r0, [pc, #92]	@ (800ba30 <_Balloc+0x78>)
 800b9d4:	216b      	movs	r1, #107	@ 0x6b
 800b9d6:	f000 ff7f 	bl	800c8d8 <__assert_func>
 800b9da:	2300      	movs	r3, #0
 800b9dc:	e9c0 3301 	strd	r3, r3, [r0, #4]
 800b9e0:	6003      	str	r3, [r0, #0]
 800b9e2:	60c3      	str	r3, [r0, #12]
 800b9e4:	68e3      	ldr	r3, [r4, #12]
 800b9e6:	b953      	cbnz	r3, 800b9fe <_Balloc+0x46>
 800b9e8:	2221      	movs	r2, #33	@ 0x21
 800b9ea:	2104      	movs	r1, #4
 800b9ec:	4628      	mov	r0, r5
 800b9ee:	f000 ff91 	bl	800c914 <_calloc_r>
 800b9f2:	69eb      	ldr	r3, [r5, #28]
 800b9f4:	60e0      	str	r0, [r4, #12]
 800b9f6:	68db      	ldr	r3, [r3, #12]
 800b9f8:	b90b      	cbnz	r3, 800b9fe <_Balloc+0x46>
 800b9fa:	2000      	movs	r0, #0
 800b9fc:	bd70      	pop	{r4, r5, r6, pc}
 800b9fe:	f853 0026 	ldr.w	r0, [r3, r6, lsl #2]
 800ba02:	b130      	cbz	r0, 800ba12 <_Balloc+0x5a>
 800ba04:	6802      	ldr	r2, [r0, #0]
 800ba06:	f843 2026 	str.w	r2, [r3, r6, lsl #2]
 800ba0a:	2300      	movs	r3, #0
 800ba0c:	e9c0 3303 	strd	r3, r3, [r0, #12]
 800ba10:	e7f4      	b.n	800b9fc <_Balloc+0x44>
 800ba12:	2101      	movs	r1, #1
 800ba14:	fa01 f406 	lsl.w	r4, r1, r6
 800ba18:	1d62      	adds	r2, r4, #5
 800ba1a:	0092      	lsls	r2, r2, #2
 800ba1c:	4628      	mov	r0, r5
 800ba1e:	f000 ff79 	bl	800c914 <_calloc_r>
 800ba22:	2800      	cmp	r0, #0
 800ba24:	d0e9      	beq.n	800b9fa <_Balloc+0x42>
 800ba26:	e9c0 6401 	strd	r6, r4, [r0, #4]
 800ba2a:	e7ee      	b.n	800ba0a <_Balloc+0x52>
 800ba2c:	0800d115 	.word	0x0800d115
 800ba30:	0800d1ec 	.word	0x0800d1ec

0800ba34 <_Bfree>:
 800ba34:	b570      	push	{r4, r5, r6, lr}
 800ba36:	69c4      	ldr	r4, [r0, #28]
 800ba38:	4606      	mov	r6, r0
 800ba3a:	460d      	mov	r5, r1
 800ba3c:	b974      	cbnz	r4, 800ba5c <_Bfree+0x28>
 800ba3e:	2010      	movs	r0, #16
 800ba40:	f7ff ff08 	bl	800b854 <malloc>
 800ba44:	4602      	mov	r2, r0
 800ba46:	61f0      	str	r0, [r6, #28]
 800ba48:	b920      	cbnz	r0, 800ba54 <_Bfree+0x20>
 800ba4a:	4b09      	ldr	r3, [pc, #36]	@ (800ba70 <_Bfree+0x3c>)
 800ba4c:	4809      	ldr	r0, [pc, #36]	@ (800ba74 <_Bfree+0x40>)
 800ba4e:	218f      	movs	r1, #143	@ 0x8f
 800ba50:	f000 ff42 	bl	800c8d8 <__assert_func>
 800ba54:	e9c0 4401 	strd	r4, r4, [r0, #4]
 800ba58:	6004      	str	r4, [r0, #0]
 800ba5a:	60c4      	str	r4, [r0, #12]
 800ba5c:	b13d      	cbz	r5, 800ba6e <_Bfree+0x3a>
 800ba5e:	69f3      	ldr	r3, [r6, #28]
 800ba60:	686a      	ldr	r2, [r5, #4]
 800ba62:	68db      	ldr	r3, [r3, #12]
 800ba64:	f853 1022 	ldr.w	r1, [r3, r2, lsl #2]
 800ba68:	6029      	str	r1, [r5, #0]
 800ba6a:	f843 5022 	str.w	r5, [r3, r2, lsl #2]
 800ba6e:	bd70      	pop	{r4, r5, r6, pc}
 800ba70:	0800d115 	.word	0x0800d115
 800ba74:	0800d1ec 	.word	0x0800d1ec

0800ba78 <__multadd>:
 800ba78:	e92d 41f0 	stmdb	sp!, {r4, r5, r6, r7, r8, lr}
 800ba7c:	690d      	ldr	r5, [r1, #16]
 800ba7e:	4607      	mov	r7, r0
 800ba80:	460c      	mov	r4, r1
 800ba82:	461e      	mov	r6, r3
 800ba84:	f101 0c14 	add.w	ip, r1, #20
 800ba88:	2000      	movs	r0, #0
 800ba8a:	f8dc 3000 	ldr.w	r3, [ip]
 800ba8e:	b299      	uxth	r1, r3
 800ba90:	fb02 6101 	mla	r1, r2, r1, r6
 800ba94:	0c1e      	lsrs	r6, r3, #16
 800ba96:	0c0b      	lsrs	r3, r1, #16
 800ba98:	fb02 3306 	mla	r3, r2, r6, r3
 800ba9c:	b289      	uxth	r1, r1
 800ba9e:	3001      	adds	r0, #1
 800baa0:	eb01 4103 	add.w	r1, r1, r3, lsl #16
 800baa4:	4285      	cmp	r5, r0
 800baa6:	f84c 1b04 	str.w	r1, [ip], #4
 800baaa:	ea4f 4613 	mov.w	r6, r3, lsr #16
 800baae:	dcec      	bgt.n	800ba8a <__multadd+0x12>
 800bab0:	b30e      	cbz	r6, 800baf6 <__multadd+0x7e>
 800bab2:	68a3      	ldr	r3, [r4, #8]
 800bab4:	42ab      	cmp	r3, r5
 800bab6:	dc19      	bgt.n	800baec <__multadd+0x74>
 800bab8:	6861      	ldr	r1, [r4, #4]
 800baba:	4638      	mov	r0, r7
 800babc:	3101      	adds	r1, #1
 800babe:	f7ff ff7b 	bl	800b9b8 <_Balloc>
 800bac2:	4680      	mov	r8, r0
 800bac4:	b928      	cbnz	r0, 800bad2 <__multadd+0x5a>
 800bac6:	4602      	mov	r2, r0
 800bac8:	4b0c      	ldr	r3, [pc, #48]	@ (800bafc <__multadd+0x84>)
 800baca:	480d      	ldr	r0, [pc, #52]	@ (800bb00 <__multadd+0x88>)
 800bacc:	21ba      	movs	r1, #186	@ 0xba
 800bace:	f000 ff03 	bl	800c8d8 <__assert_func>
 800bad2:	6922      	ldr	r2, [r4, #16]
 800bad4:	3202      	adds	r2, #2
 800bad6:	f104 010c 	add.w	r1, r4, #12
 800bada:	0092      	lsls	r2, r2, #2
 800badc:	300c      	adds	r0, #12
 800bade:	f7ff f800 	bl	800aae2 <memcpy>
 800bae2:	4621      	mov	r1, r4
 800bae4:	4638      	mov	r0, r7
 800bae6:	f7ff ffa5 	bl	800ba34 <_Bfree>
 800baea:	4644      	mov	r4, r8
 800baec:	eb04 0385 	add.w	r3, r4, r5, lsl #2
 800baf0:	3501      	adds	r5, #1
 800baf2:	615e      	str	r6, [r3, #20]
 800baf4:	6125      	str	r5, [r4, #16]
 800baf6:	4620      	mov	r0, r4
 800baf8:	e8bd 81f0 	ldmia.w	sp!, {r4, r5, r6, r7, r8, pc}
 800bafc:	0800d1db 	.word	0x0800d1db
 800bb00:	0800d1ec 	.word	0x0800d1ec

0800bb04 <__hi0bits>:
 800bb04:	f5b0 3f80 	cmp.w	r0, #65536	@ 0x10000
 800bb08:	4603      	mov	r3, r0
 800bb0a:	bf36      	itet	cc
 800bb0c:	0403      	lslcc	r3, r0, #16
 800bb0e:	2000      	movcs	r0, #0
 800bb10:	2010      	movcc	r0, #16
 800bb12:	f1b3 7f80 	cmp.w	r3, #16777216	@ 0x1000000
 800bb16:	bf3c      	itt	cc
 800bb18:	021b      	lslcc	r3, r3, #8
 800bb1a:	3008      	addcc	r0, #8
 800bb1c:	f1b3 5f80 	cmp.w	r3, #268435456	@ 0x10000000
 800bb20:	bf3c      	itt	cc
 800bb22:	011b      	lslcc	r3, r3, #4
 800bb24:	3004      	addcc	r0, #4
 800bb26:	f1b3 4f80 	cmp.w	r3, #1073741824	@ 0x40000000
 800bb2a:	bf3c      	itt	cc
 800bb2c:	009b      	lslcc	r3, r3, #2
 800bb2e:	3002      	addcc	r0, #2
 800bb30:	2b00      	cmp	r3, #0
 800bb32:	db04      	blt.n	800bb3e <__hi0bits+0x3a>
 800bb34:	005b      	lsls	r3, r3, #1
 800bb36:	d501      	bpl.n	800bb3c <__hi0bits+0x38>
 800bb38:	3001      	adds	r0, #1
 800bb3a:	4770      	bx	lr
 800bb3c:	2020      	movs	r0, #32
 800bb3e:	4770      	bx	lr

0800bb40 <__lo0bits>:
 800bb40:	6803      	ldr	r3, [r0, #0]
 800bb42:	f013 0207 	ands.w	r2, r3, #7
 800bb46:	4601      	mov	r1, r0
 800bb48:	d00b      	beq.n	800bb62 <__lo0bits+0x22>
 800bb4a:	07da      	lsls	r2, r3, #31
 800bb4c:	d422      	bmi.n	800bb94 <__lo0bits+0x54>
 800bb4e:	0798      	lsls	r0, r3, #30
 800bb50:	bf49      	itett	mi
 800bb52:	085b      	lsrmi	r3, r3, #1
 800bb54:	089b      	lsrpl	r3, r3, #2
 800bb56:	2001      	movmi	r0, #1
 800bb58:	600b      	strmi	r3, [r1, #0]
 800bb5a:	bf5c      	itt	pl
 800bb5c:	600b      	strpl	r3, [r1, #0]
 800bb5e:	2002      	movpl	r0, #2
 800bb60:	4770      	bx	lr
 800bb62:	b298      	uxth	r0, r3
 800bb64:	b9a0      	cbnz	r0, 800bb90 <__lo0bits+0x50>
 800bb66:	0c1b      	lsrs	r3, r3, #16
 800bb68:	2010      	movs	r0, #16
 800bb6a:	b2da      	uxtb	r2, r3
 800bb6c:	b90a      	cbnz	r2, 800bb72 <__lo0bits+0x32>
 800bb6e:	3008      	adds	r0, #8
 800bb70:	0a1b      	lsrs	r3, r3, #8
 800bb72:	071a      	lsls	r2, r3, #28
 800bb74:	bf04      	itt	eq
 800bb76:	091b      	lsreq	r3, r3, #4
 800bb78:	3004      	addeq	r0, #4
 800bb7a:	079a      	lsls	r2, r3, #30
 800bb7c:	bf04      	itt	eq
 800bb7e:	089b      	lsreq	r3, r3, #2
 800bb80:	3002      	addeq	r0, #2
 800bb82:	07da      	lsls	r2, r3, #31
 800bb84:	d402      	bmi.n	800bb8c <__lo0bits+0x4c>
 800bb86:	085b      	lsrs	r3, r3, #1
 800bb88:	d006      	beq.n	800bb98 <__lo0bits+0x58>
 800bb8a:	3001      	adds	r0, #1
 800bb8c:	600b      	str	r3, [r1, #0]
 800bb8e:	4770      	bx	lr
 800bb90:	4610      	mov	r0, r2
 800bb92:	e7ea      	b.n	800bb6a <__lo0bits+0x2a>
 800bb94:	2000      	movs	r0, #0
 800bb96:	4770      	bx	lr
 800bb98:	2020      	movs	r0, #32
 800bb9a:	4770      	bx	lr

0800bb9c <__i2b>:
 800bb9c:	b510      	push	{r4, lr}
 800bb9e:	460c      	mov	r4, r1
 800bba0:	2101      	movs	r1, #1
 800bba2:	f7ff ff09 	bl	800b9b8 <_Balloc>
 800bba6:	4602      	mov	r2, r0
 800bba8:	b928      	cbnz	r0, 800bbb6 <__i2b+0x1a>
 800bbaa:	4b05      	ldr	r3, [pc, #20]	@ (800bbc0 <__i2b+0x24>)
 800bbac:	4805      	ldr	r0, [pc, #20]	@ (800bbc4 <__i2b+0x28>)
 800bbae:	f240 1145 	movw	r1, #325	@ 0x145
 800bbb2:	f000 fe91 	bl	800c8d8 <__assert_func>
 800bbb6:	2301      	movs	r3, #1
 800bbb8:	6144      	str	r4, [r0, #20]
 800bbba:	6103      	str	r3, [r0, #16]
 800bbbc:	bd10      	pop	{r4, pc}
 800bbbe:	bf00      	nop
 800bbc0:	0800d1db 	.word	0x0800d1db
 800bbc4:	0800d1ec 	.word	0x0800d1ec

0800bbc8 <__multiply>:
 800bbc8:	e92d 4ff0 	stmdb	sp!, {r4, r5, r6, r7, r8, r9, sl, fp, lr}
 800bbcc:	f8d1 8010 	ldr.w	r8, [r1, #16]
 800bbd0:	f8d2 9010 	ldr.w	r9, [r2, #16]
 800bbd4:	45c8      	cmp	r8, r9
 800bbd6:	b085      	sub	sp, #20
 800bbd8:	460e      	mov	r6, r1
 800bbda:	4614      	mov	r4, r2
 800bbdc:	db04      	blt.n	800bbe8 <__multiply+0x20>
 800bbde:	464b      	mov	r3, r9
 800bbe0:	460c      	mov	r4, r1
 800bbe2:	46c1      	mov	r9, r8
 800bbe4:	4616      	mov	r6, r2
 800bbe6:	4698      	mov	r8, r3
 800bbe8:	68a3      	ldr	r3, [r4, #8]
 800bbea:	6861      	ldr	r1, [r4, #4]
 800bbec:	eb09 0708 	add.w	r7, r9, r8
 800bbf0:	42bb      	cmp	r3, r7
 800bbf2:	bfb8      	it	lt
 800bbf4:	3101      	addlt	r1, #1
 800bbf6:	f7ff fedf 	bl	800b9b8 <_Balloc>
 800bbfa:	b930      	cbnz	r0, 800bc0a <__multiply+0x42>
 800bbfc:	4602      	mov	r2, r0
 800bbfe:	4b4b      	ldr	r3, [pc, #300]	@ (800bd2c <__multiply+0x164>)
 800bc00:	484b      	ldr	r0, [pc, #300]	@ (800bd30 <__multiply+0x168>)
 800bc02:	f44f 71b1 	mov.w	r1, #354	@ 0x162
 800bc06:	f000 fe67 	bl	800c8d8 <__assert_func>
 800bc0a:	f100 0514 	add.w	r5, r0, #20
 800bc0e:	eb05 0b87 	add.w	fp, r5, r7, lsl #2
 800bc12:	462b      	mov	r3, r5
 800bc14:	2200      	movs	r2, #0
 800bc16:	455b      	cmp	r3, fp
 800bc18:	d322      	bcc.n	800bc60 <__multiply+0x98>
 800bc1a:	f106 0114 	add.w	r1, r6, #20
 800bc1e:	eb01 0388 	add.w	r3, r1, r8, lsl #2
 800bc22:	f104 0c14 	add.w	ip, r4, #20
 800bc26:	eb0c 0c89 	add.w	ip, ip, r9, lsl #2
 800bc2a:	9302      	str	r3, [sp, #8]
 800bc2c:	f104 0315 	add.w	r3, r4, #21
 800bc30:	4563      	cmp	r3, ip
 800bc32:	bf8c      	ite	hi
 800bc34:	2300      	movhi	r3, #0
 800bc36:	2301      	movls	r3, #1
 800bc38:	9300      	str	r3, [sp, #0]
 800bc3a:	ebac 0304 	sub.w	r3, ip, r4
 800bc3e:	3b15      	subs	r3, #21
 800bc40:	089b      	lsrs	r3, r3, #2
 800bc42:	9301      	str	r3, [sp, #4]
 800bc44:	9b02      	ldr	r3, [sp, #8]
 800bc46:	9103      	str	r1, [sp, #12]
 800bc48:	428b      	cmp	r3, r1
 800bc4a:	d80c      	bhi.n	800bc66 <__multiply+0x9e>
 800bc4c:	2f00      	cmp	r7, #0
 800bc4e:	dd03      	ble.n	800bc58 <__multiply+0x90>
 800bc50:	f85b 3d04 	ldr.w	r3, [fp, #-4]!
 800bc54:	2b00      	cmp	r3, #0
 800bc56:	d067      	beq.n	800bd28 <__multiply+0x160>
 800bc58:	6107      	str	r7, [r0, #16]
 800bc5a:	b005      	add	sp, #20
 800bc5c:	e8bd 8ff0 	ldmia.w	sp!, {r4, r5, r6, r7, r8, r9, sl, fp, pc}
 800bc60:	f843 2b04 	str.w	r2, [r3], #4
 800bc64:	e7d7      	b.n	800bc16 <__multiply+0x4e>
 800bc66:	f8b1 a000 	ldrh.w	sl, [r1]
 800bc6a:	f1ba 0f00 	cmp.w	sl, #0
 800bc6e:	d028      	beq.n	800bcc2 <__multiply+0xfa>
 800bc70:	f104 0814 	add.w	r8, r4, #20
 800bc74:	46a9      	mov	r9, r5
 800bc76:	f04f 0e00 	mov.w	lr, #0
 800bc7a:	f858 2b04 	ldr.w	r2, [r8], #4
 800bc7e:	f8d9 3000 	ldr.w	r3, [r9]
 800bc82:	b296      	uxth	r6, r2
 800bc84:	b29b      	uxth	r3, r3
 800bc86:	fb0a 3306 	mla	r3, sl, r6, r3
 800bc8a:	f8d9 6000 	ldr.w	r6, [r9]
 800bc8e:	0c12      	lsrs	r2, r2, #16
 800bc90:	0c36      	lsrs	r6, r6, #16
 800bc92:	4473      	add	r3, lr
 800bc94:	fb0a 6602 	mla	r6, sl, r2, r6
 800bc98:	eb06 4613 	add.w	r6, r6, r3, lsr #16
 800bc9c:	b29b      	uxth	r3, r3
 800bc9e:	ea43 4306 	orr.w	r3, r3, r6, lsl #16
 800bca2:	45c4      	cmp	ip, r8
 800bca4:	f849 3b04 	str.w	r3, [r9], #4
 800bca8:	ea4f 4e16 	mov.w	lr, r6, lsr #16
 800bcac:	d8e5      	bhi.n	800bc7a <__multiply+0xb2>
 800bcae:	9a00      	ldr	r2, [sp, #0]
 800bcb0:	9b01      	ldr	r3, [sp, #4]
 800bcb2:	2a00      	cmp	r2, #0
 800bcb4:	ea4f 0383 	mov.w	r3, r3, lsl #2
 800bcb8:	bf08      	it	eq
 800bcba:	2300      	moveq	r3, #0
 800bcbc:	442b      	add	r3, r5
 800bcbe:	f8c3 e004 	str.w	lr, [r3, #4]
 800bcc2:	9b03      	ldr	r3, [sp, #12]
 800bcc4:	f8b3 e002 	ldrh.w	lr, [r3, #2]
 800bcc8:	3104      	adds	r1, #4
 800bcca:	f1be 0f00 	cmp.w	lr, #0
 800bcce:	d029      	beq.n	800bd24 <__multiply+0x15c>
 800bcd0:	682b      	ldr	r3, [r5, #0]
 800bcd2:	f104 0614 	add.w	r6, r4, #20
 800bcd6:	4698      	mov	r8, r3
 800bcd8:	46a9      	mov	r9, r5
 800bcda:	f04f 0a00 	mov.w	sl, #0
 800bcde:	8832      	ldrh	r2, [r6, #0]
 800bce0:	fb0e a202 	mla	r2, lr, r2, sl
 800bce4:	eb02 4218 	add.w	r2, r2, r8, lsr #16
 800bce8:	b29b      	uxth	r3, r3
 800bcea:	ea43 4302 	orr.w	r3, r3, r2, lsl #16
 800bcee:	f849 3b04 	str.w	r3, [r9], #4
 800bcf2:	f856 3b04 	ldr.w	r3, [r6], #4
 800bcf6:	f8d9 8000 	ldr.w	r8, [r9]
 800bcfa:	ea4f 4a13 	mov.w	sl, r3, lsr #16
 800bcfe:	fa1f f388 	uxth.w	r3, r8
 800bd02:	fb0e 330a 	mla	r3, lr, sl, r3
 800bd06:	eb03 4312 	add.w	r3, r3, r2, lsr #16
 800bd0a:	45b4      	cmp	ip, r6
 800bd0c:	ea4f 4a13 	mov.w	sl, r3, lsr #16
 800bd10:	d8e5      	bhi.n	800bcde <__multiply+0x116>
 800bd12:	9e00      	ldr	r6, [sp, #0]
 800bd14:	9a01      	ldr	r2, [sp, #4]
 800bd16:	2e00      	cmp	r6, #0
 800bd18:	ea4f 0282 	mov.w	r2, r2, lsl #2
 800bd1c:	bf08      	it	eq
 800bd1e:	2200      	moveq	r2, #0
 800bd20:	442a      	add	r2, r5
 800bd22:	6053      	str	r3, [r2, #4]
 800bd24:	3504      	adds	r5, #4
 800bd26:	e78d      	b.n	800bc44 <__multiply+0x7c>
 800bd28:	3f01      	subs	r7, #1
 800bd2a:	e78f      	b.n	800bc4c <__multiply+0x84>
 800bd2c:	0800d1db 	.word	0x0800d1db
 800bd30:	0800d1ec 	.word	0x0800d1ec

0800bd34 <__pow5mult>:
 800bd34:	e92d 43f8 	stmdb	sp!, {r3, r4, r5, r6, r7, r8, r9, lr}
 800bd38:	4617      	mov	r7, r2
 800bd3a:	f012 0203 	ands.w	r2, r2, #3
 800bd3e:	4680      	mov	r8, r0
 800bd40:	460d      	mov	r5, r1
 800bd42:	d007      	beq.n	800bd54 <__pow5mult+0x20>
 800bd44:	4c26      	ldr	r4, [pc, #152]	@ (800bde0 <__pow5mult+0xac>)
 800bd46:	3a01      	subs	r2, #1
 800bd48:	2300      	movs	r3, #0
 800bd4a:	f854 2022 	ldr.w	r2, [r4, r2, lsl #2]
 800bd4e:	f7ff fe93 	bl	800ba78 <__multadd>
 800bd52:	4605      	mov	r5, r0
 800bd54:	10bf      	asrs	r7, r7, #2
 800bd56:	d03f      	beq.n	800bdd8 <__pow5mult+0xa4>
 800bd58:	f8d8 401c 	ldr.w	r4, [r8, #28]
 800bd5c:	b994      	cbnz	r4, 800bd84 <__pow5mult+0x50>
 800bd5e:	2010      	movs	r0, #16
 800bd60:	f7ff fd78 	bl	800b854 <malloc>
 800bd64:	4604      	mov	r4, r0
 800bd66:	f8c8 001c 	str.w	r0, [r8, #28]
 800bd6a:	b930      	cbnz	r0, 800bd7a <__pow5mult+0x46>
 800bd6c:	4602      	mov	r2, r0
 800bd6e:	4b1d      	ldr	r3, [pc, #116]	@ (800bde4 <__pow5mult+0xb0>)
 800bd70:	481d      	ldr	r0, [pc, #116]	@ (800bde8 <__pow5mult+0xb4>)
 800bd72:	f240 11b3 	movw	r1, #435	@ 0x1b3
 800bd76:	f000 fdaf 	bl	800c8d8 <__assert_func>
 800bd7a:	2300      	movs	r3, #0
 800bd7c:	e9c0 3301 	strd	r3, r3, [r0, #4]
 800bd80:	6003      	str	r3, [r0, #0]
 800bd82:	60c3      	str	r3, [r0, #12]
 800bd84:	68a6      	ldr	r6, [r4, #8]
 800bd86:	b946      	cbnz	r6, 800bd9a <__pow5mult+0x66>
 800bd88:	f240 2171 	movw	r1, #625	@ 0x271
 800bd8c:	4640      	mov	r0, r8
 800bd8e:	f7ff ff05 	bl	800bb9c <__i2b>
 800bd92:	2300      	movs	r3, #0
 800bd94:	60a0      	str	r0, [r4, #8]
 800bd96:	4606      	mov	r6, r0
 800bd98:	6003      	str	r3, [r0, #0]
 800bd9a:	462c      	mov	r4, r5
 800bd9c:	f04f 0900 	mov.w	r9, #0
 800bda0:	f007 0301 	and.w	r3, r7, #1
 800bda4:	107f      	asrs	r7, r7, #1
 800bda6:	b153      	cbz	r3, 800bdbe <__pow5mult+0x8a>
 800bda8:	4629      	mov	r1, r5
 800bdaa:	4632      	mov	r2, r6
 800bdac:	4640      	mov	r0, r8
 800bdae:	f7ff ff0b 	bl	800bbc8 <__multiply>
 800bdb2:	4621      	mov	r1, r4
 800bdb4:	4605      	mov	r5, r0
 800bdb6:	4640      	mov	r0, r8
 800bdb8:	f7ff fe3c 	bl	800ba34 <_Bfree>
 800bdbc:	b167      	cbz	r7, 800bdd8 <__pow5mult+0xa4>
 800bdbe:	6830      	ldr	r0, [r6, #0]
 800bdc0:	b938      	cbnz	r0, 800bdd2 <__pow5mult+0x9e>
 800bdc2:	4632      	mov	r2, r6
 800bdc4:	4631      	mov	r1, r6
 800bdc6:	4640      	mov	r0, r8
 800bdc8:	f7ff fefe 	bl	800bbc8 <__multiply>
 800bdcc:	6030      	str	r0, [r6, #0]
 800bdce:	f8c0 9000 	str.w	r9, [r0]
 800bdd2:	4606      	mov	r6, r0
 800bdd4:	462c      	mov	r4, r5
 800bdd6:	e7e3      	b.n	800bda0 <__pow5mult+0x6c>
 800bdd8:	4628      	mov	r0, r5
 800bdda:	e8bd 83f8 	ldmia.w	sp!, {r3, r4, r5, r6, r7, r8, r9, pc}
 800bdde:	bf00      	nop
 800bde0:	0800d2f4 	.word	0x0800d2f4
 800bde4:	0800d115 	.word	0x0800d115
 800bde8:	0800d1ec 	.word	0x0800d1ec

0800bdec <__lshift>:
 800bdec:	e92d 4ff8 	stmdb	sp!, {r3, r4, r5, r6, r7, r8, r9, sl, fp, lr}
 800bdf0:	460c      	mov	r4, r1
 800bdf2:	6849      	ldr	r1, [r1, #4]
 800bdf4:	6926      	ldr	r6, [r4, #16]
 800bdf6:	68a3      	ldr	r3, [r4, #8]
 800bdf8:	eb06 1662 	add.w	r6, r6, r2, asr #5
 800bdfc:	4607      	mov	r7, r0
 800bdfe:	4691      	mov	r9, r2
 800be00:	ea4f 1a62 	mov.w	sl, r2, asr #5
 800be04:	f106 0801 	add.w	r8, r6, #1
 800be08:	4543      	cmp	r3, r8
 800be0a:	db0b      	blt.n	800be24 <__lshift+0x38>
 800be0c:	4638      	mov	r0, r7
 800be0e:	f7ff fdd3 	bl	800b9b8 <_Balloc>
 800be12:	4605      	mov	r5, r0
 800be14:	b948      	cbnz	r0, 800be2a <__lshift+0x3e>
 800be16:	4602      	mov	r2, r0
 800be18:	4b2b      	ldr	r3, [pc, #172]	@ (800bec8 <__lshift+0xdc>)
 800be1a:	482c      	ldr	r0, [pc, #176]	@ (800becc <__lshift+0xe0>)
 800be1c:	f44f 71ef 	mov.w	r1, #478	@ 0x1de
 800be20:	f000 fd5a 	bl	800c8d8 <__assert_func>
 800be24:	3101      	adds	r1, #1
 800be26:	005b      	lsls	r3, r3, #1
 800be28:	e7ee      	b.n	800be08 <__lshift+0x1c>
 800be2a:	f100 0114 	add.w	r1, r0, #20
 800be2e:	2300      	movs	r3, #0
 800be30:	460a      	mov	r2, r1
 800be32:	4618      	mov	r0, r3
 800be34:	4553      	cmp	r3, sl
 800be36:	db39      	blt.n	800beac <__lshift+0xc0>
 800be38:	6920      	ldr	r0, [r4, #16]
 800be3a:	ea2a 7aea 	bic.w	sl, sl, sl, asr #31
 800be3e:	eb01 018a 	add.w	r1, r1, sl, lsl #2
 800be42:	f104 0314 	add.w	r3, r4, #20
 800be46:	f019 091f 	ands.w	r9, r9, #31
 800be4a:	468c      	mov	ip, r1
 800be4c:	eb03 0080 	add.w	r0, r3, r0, lsl #2
 800be50:	d030      	beq.n	800beb4 <__lshift+0xc8>
 800be52:	f1c9 0a20 	rsb	sl, r9, #32
 800be56:	f04f 0e00 	mov.w	lr, #0
 800be5a:	681a      	ldr	r2, [r3, #0]
 800be5c:	46e3      	mov	fp, ip
 800be5e:	fa02 f209 	lsl.w	r2, r2, r9
 800be62:	ea42 020e 	orr.w	r2, r2, lr
 800be66:	f8cb 2000 	str.w	r2, [fp]
 800be6a:	f853 2b04 	ldr.w	r2, [r3], #4
 800be6e:	4298      	cmp	r0, r3
 800be70:	f10c 0c04 	add.w	ip, ip, #4
 800be74:	fa22 fe0a 	lsr.w	lr, r2, sl
 800be78:	d8ef      	bhi.n	800be5a <__lshift+0x6e>
 800be7a:	1b03      	subs	r3, r0, r4
 800be7c:	3b15      	subs	r3, #21
 800be7e:	f023 0303 	bic.w	r3, r3, #3
 800be82:	f104 0215 	add.w	r2, r4, #21
 800be86:	4290      	cmp	r0, r2
 800be88:	bf38      	it	cc
 800be8a:	2300      	movcc	r3, #0
 800be8c:	4419      	add	r1, r3
 800be8e:	f8c1 e004 	str.w	lr, [r1, #4]
 800be92:	f1be 0f00 	cmp.w	lr, #0
 800be96:	d100      	bne.n	800be9a <__lshift+0xae>
 800be98:	46b0      	mov	r8, r6
 800be9a:	4638      	mov	r0, r7
 800be9c:	f8c5 8010 	str.w	r8, [r5, #16]
 800bea0:	4621      	mov	r1, r4
 800bea2:	f7ff fdc7 	bl	800ba34 <_Bfree>
 800bea6:	4628      	mov	r0, r5
 800bea8:	e8bd 8ff8 	ldmia.w	sp!, {r3, r4, r5, r6, r7, r8, r9, sl, fp, pc}
 800beac:	f842 0b04 	str.w	r0, [r2], #4
 800beb0:	3301      	adds	r3, #1
 800beb2:	e7bf      	b.n	800be34 <__lshift+0x48>
 800beb4:	f853 1b04 	ldr.w	r1, [r3], #4
 800beb8:	f8cc 1000 	str.w	r1, [ip]
 800bebc:	4298      	cmp	r0, r3
 800bebe:	f10c 0c04 	add.w	ip, ip, #4
 800bec2:	d8f7      	bhi.n	800beb4 <__lshift+0xc8>
 800bec4:	e7e8      	b.n	800be98 <__lshift+0xac>
 800bec6:	bf00      	nop
 800bec8:	0800d1db 	.word	0x0800d1db
 800becc:	0800d1ec 	.word	0x0800d1ec

0800bed0 <__mcmp>:
 800bed0:	6903      	ldr	r3, [r0, #16]
 800bed2:	690a      	ldr	r2, [r1, #16]
 800bed4:	1a9b      	subs	r3, r3, r2
 800bed6:	b530      	push	{r4, r5, lr}
 800bed8:	d10e      	bne.n	800bef8 <__mcmp+0x28>
 800beda:	3014      	adds	r0, #20
 800bedc:	3114      	adds	r1, #20
 800bede:	eb00 0482 	add.w	r4, r0, r2, lsl #2
 800bee2:	eb01 0182 	add.w	r1, r1, r2, lsl #2
 800bee6:	f854 5d04 	ldr.w	r5, [r4, #-4]!
 800beea:	f851 2d04 	ldr.w	r2, [r1, #-4]!
 800beee:	4295      	cmp	r5, r2
 800bef0:	d004      	beq.n	800befc <__mcmp+0x2c>
 800bef2:	d206      	bcs.n	800bf02 <__mcmp+0x32>
 800bef4:	f04f 33ff 	mov.w	r3, #4294967295
 800bef8:	4618      	mov	r0, r3
 800befa:	bd30      	pop	{r4, r5, pc}
 800befc:	42a0      	cmp	r0, r4
 800befe:	d3f2      	bcc.n	800bee6 <__mcmp+0x16>
 800bf00:	e7fa      	b.n	800bef8 <__mcmp+0x28>
 800bf02:	2301      	movs	r3, #1
 800bf04:	e7f8      	b.n	800bef8 <__mcmp+0x28>
	...

0800bf08 <__mdiff>:
 800bf08:	e92d 4ff7 	stmdb	sp!, {r0, r1, r2, r4, r5, r6, r7, r8, r9, sl, fp, lr}
 800bf0c:	468a      	mov	sl, r1
 800bf0e:	4606      	mov	r6, r0
 800bf10:	4611      	mov	r1, r2
 800bf12:	4650      	mov	r0, sl
 800bf14:	4614      	mov	r4, r2
 800bf16:	f7ff ffdb 	bl	800bed0 <__mcmp>
 800bf1a:	1e05      	subs	r5, r0, #0
 800bf1c:	d112      	bne.n	800bf44 <__mdiff+0x3c>
 800bf1e:	4629      	mov	r1, r5
 800bf20:	4630      	mov	r0, r6
 800bf22:	f7ff fd49 	bl	800b9b8 <_Balloc>
 800bf26:	4602      	mov	r2, r0
 800bf28:	b928      	cbnz	r0, 800bf36 <__mdiff+0x2e>
 800bf2a:	4b41      	ldr	r3, [pc, #260]	@ (800c030 <__mdiff+0x128>)
 800bf2c:	f240 2137 	movw	r1, #567	@ 0x237
 800bf30:	4840      	ldr	r0, [pc, #256]	@ (800c034 <__mdiff+0x12c>)
 800bf32:	f000 fcd1 	bl	800c8d8 <__assert_func>
 800bf36:	2301      	movs	r3, #1
 800bf38:	e9c0 3504 	strd	r3, r5, [r0, #16]
 800bf3c:	4610      	mov	r0, r2
 800bf3e:	b003      	add	sp, #12
 800bf40:	e8bd 8ff0 	ldmia.w	sp!, {r4, r5, r6, r7, r8, r9, sl, fp, pc}
 800bf44:	bfbc      	itt	lt
 800bf46:	4653      	movlt	r3, sl
 800bf48:	46a2      	movlt	sl, r4
 800bf4a:	4630      	mov	r0, r6
 800bf4c:	f8da 1004 	ldr.w	r1, [sl, #4]
 800bf50:	bfba      	itte	lt
 800bf52:	461c      	movlt	r4, r3
 800bf54:	2501      	movlt	r5, #1
 800bf56:	2500      	movge	r5, #0
 800bf58:	f7ff fd2e 	bl	800b9b8 <_Balloc>
 800bf5c:	4602      	mov	r2, r0
 800bf5e:	b918      	cbnz	r0, 800bf68 <__mdiff+0x60>
 800bf60:	4b33      	ldr	r3, [pc, #204]	@ (800c030 <__mdiff+0x128>)
 800bf62:	f240 2145 	movw	r1, #581	@ 0x245
 800bf66:	e7e3      	b.n	800bf30 <__mdiff+0x28>
 800bf68:	f8da 7010 	ldr.w	r7, [sl, #16]
 800bf6c:	6926      	ldr	r6, [r4, #16]
 800bf6e:	60c5      	str	r5, [r0, #12]
 800bf70:	f10a 0914 	add.w	r9, sl, #20
 800bf74:	f104 0e14 	add.w	lr, r4, #20
 800bf78:	f100 0514 	add.w	r5, r0, #20
 800bf7c:	f10a 0310 	add.w	r3, sl, #16
 800bf80:	eb09 0887 	add.w	r8, r9, r7, lsl #2
 800bf84:	eb0e 0686 	add.w	r6, lr, r6, lsl #2
 800bf88:	9301      	str	r3, [sp, #4]
 800bf8a:	46ab      	mov	fp, r5
 800bf8c:	f04f 0c00 	mov.w	ip, #0
 800bf90:	9b01      	ldr	r3, [sp, #4]
 800bf92:	f85e 0b04 	ldr.w	r0, [lr], #4
 800bf96:	f853 af04 	ldr.w	sl, [r3, #4]!
 800bf9a:	9301      	str	r3, [sp, #4]
 800bf9c:	fa1f f18a 	uxth.w	r1, sl
 800bfa0:	b283      	uxth	r3, r0
 800bfa2:	1acb      	subs	r3, r1, r3
 800bfa4:	0c00      	lsrs	r0, r0, #16
 800bfa6:	4463      	add	r3, ip
 800bfa8:	ebc0 401a 	rsb	r0, r0, sl, lsr #16
 800bfac:	eb00 4023 	add.w	r0, r0, r3, asr #16
 800bfb0:	b29b      	uxth	r3, r3
 800bfb2:	ea43 4300 	orr.w	r3, r3, r0, lsl #16
 800bfb6:	4576      	cmp	r6, lr
 800bfb8:	f84b 3b04 	str.w	r3, [fp], #4
 800bfbc:	ea4f 4c20 	mov.w	ip, r0, asr #16
 800bfc0:	d8e6      	bhi.n	800bf90 <__mdiff+0x88>
 800bfc2:	1b33      	subs	r3, r6, r4
 800bfc4:	3b15      	subs	r3, #21
 800bfc6:	3415      	adds	r4, #21
 800bfc8:	f023 0303 	bic.w	r3, r3, #3
 800bfcc:	42a6      	cmp	r6, r4
 800bfce:	bf38      	it	cc
 800bfd0:	2300      	movcc	r3, #0
 800bfd2:	18e8      	adds	r0, r5, r3
 800bfd4:	444b      	add	r3, r9
 800bfd6:	1d1c      	adds	r4, r3, #4
 800bfd8:	3004      	adds	r0, #4
 800bfda:	4626      	mov	r6, r4
 800bfdc:	eba5 0509 	sub.w	r5, r5, r9
 800bfe0:	4546      	cmp	r6, r8
 800bfe2:	d30e      	bcc.n	800c002 <__mdiff+0xfa>
 800bfe4:	f108 0103 	add.w	r1, r8, #3
 800bfe8:	1b09      	subs	r1, r1, r4
 800bfea:	f021 0103 	bic.w	r1, r1, #3
 800bfee:	3301      	adds	r3, #1
 800bff0:	4598      	cmp	r8, r3
 800bff2:	bf38      	it	cc
 800bff4:	2100      	movcc	r1, #0
 800bff6:	4401      	add	r1, r0
 800bff8:	f851 3d04 	ldr.w	r3, [r1, #-4]!
 800bffc:	b1ab      	cbz	r3, 800c02a <__mdiff+0x122>
 800bffe:	6117      	str	r7, [r2, #16]
 800c000:	e79c      	b.n	800bf3c <__mdiff+0x34>
 800c002:	eb06 0e05 	add.w	lr, r6, r5
 800c006:	f856 1b04 	ldr.w	r1, [r6], #4
 800c00a:	46e2      	mov	sl, ip
 800c00c:	ea4f 4911 	mov.w	r9, r1, lsr #16
 800c010:	fa1c fc81 	uxtah	ip, ip, r1
 800c014:	4451      	add	r1, sl
 800c016:	eb09 492c 	add.w	r9, r9, ip, asr #16
 800c01a:	b289      	uxth	r1, r1
 800c01c:	ea41 4109 	orr.w	r1, r1, r9, lsl #16
 800c020:	ea4f 4c29 	mov.w	ip, r9, asr #16
 800c024:	f8ce 1000 	str.w	r1, [lr]
 800c028:	e7da      	b.n	800bfe0 <__mdiff+0xd8>
 800c02a:	3f01      	subs	r7, #1
 800c02c:	e7e4      	b.n	800bff8 <__mdiff+0xf0>
 800c02e:	bf00      	nop
 800c030:	0800d1db 	.word	0x0800d1db
 800c034:	0800d1ec 	.word	0x0800d1ec

0800c038 <__d2b>:
 800c038:	e92d 43f7 	stmdb	sp!, {r0, r1, r2, r4, r5, r6, r7, r8, r9, lr}
 800c03c:	460f      	mov	r7, r1
 800c03e:	2101      	movs	r1, #1
 800c040:	ec59 8b10 	vmov	r8, r9, d0
 800c044:	4616      	mov	r6, r2
 800c046:	f7ff fcb7 	bl	800b9b8 <_Balloc>
 800c04a:	4605      	mov	r5, r0
 800c04c:	b930      	cbnz	r0, 800c05c <__d2b+0x24>
 800c04e:	4602      	mov	r2, r0
 800c050:	4b23      	ldr	r3, [pc, #140]	@ (800c0e0 <__d2b+0xa8>)
 800c052:	4824      	ldr	r0, [pc, #144]	@ (800c0e4 <__d2b+0xac>)
 800c054:	f240 310f 	movw	r1, #783	@ 0x30f
 800c058:	f000 fc3e 	bl	800c8d8 <__assert_func>
 800c05c:	f3c9 540a 	ubfx	r4, r9, #20, #11
 800c060:	f3c9 0313 	ubfx	r3, r9, #0, #20
 800c064:	b10c      	cbz	r4, 800c06a <__d2b+0x32>
 800c066:	f443 1380 	orr.w	r3, r3, #1048576	@ 0x100000
 800c06a:	9301      	str	r3, [sp, #4]
 800c06c:	f1b8 0300 	subs.w	r3, r8, #0
 800c070:	d023      	beq.n	800c0ba <__d2b+0x82>
 800c072:	4668      	mov	r0, sp
 800c074:	9300      	str	r3, [sp, #0]
 800c076:	f7ff fd63 	bl	800bb40 <__lo0bits>
 800c07a:	9900      	ldr	r1, [sp, #0]
 800c07c:	b1d8      	cbz	r0, 800c0b6 <__d2b+0x7e>
 800c07e:	9a01      	ldr	r2, [sp, #4]
 800c080:	f1c0 0320 	rsb	r3, r0, #32
 800c084:	fa02 f303 	lsl.w	r3, r2, r3
 800c088:	430b      	orrs	r3, r1
 800c08a:	40c2      	lsrs	r2, r0
 800c08c:	616b      	str	r3, [r5, #20]
 800c08e:	9201      	str	r2, [sp, #4]
 800c090:	9b01      	ldr	r3, [sp, #4]
 800c092:	61ab      	str	r3, [r5, #24]
 800c094:	2b00      	cmp	r3, #0
 800c096:	bf0c      	ite	eq
 800c098:	2201      	moveq	r2, #1
 800c09a:	2202      	movne	r2, #2
 800c09c:	612a      	str	r2, [r5, #16]
 800c09e:	b1a4      	cbz	r4, 800c0ca <__d2b+0x92>
 800c0a0:	f2a4 4433 	subw	r4, r4, #1075	@ 0x433
 800c0a4:	4404      	add	r4, r0
 800c0a6:	603c      	str	r4, [r7, #0]
 800c0a8:	f1c0 0035 	rsb	r0, r0, #53	@ 0x35
 800c0ac:	6030      	str	r0, [r6, #0]
 800c0ae:	4628      	mov	r0, r5
 800c0b0:	b003      	add	sp, #12
 800c0b2:	e8bd 83f0 	ldmia.w	sp!, {r4, r5, r6, r7, r8, r9, pc}
 800c0b6:	6169      	str	r1, [r5, #20]
 800c0b8:	e7ea      	b.n	800c090 <__d2b+0x58>
 800c0ba:	a801      	add	r0, sp, #4
 800c0bc:	f7ff fd40 	bl	800bb40 <__lo0bits>
 800c0c0:	9b01      	ldr	r3, [sp, #4]
 800c0c2:	616b      	str	r3, [r5, #20]
 800c0c4:	3020      	adds	r0, #32
 800c0c6:	2201      	movs	r2, #1
 800c0c8:	e7e8      	b.n	800c09c <__d2b+0x64>
 800c0ca:	eb05 0382 	add.w	r3, r5, r2, lsl #2
 800c0ce:	f2a0 4032 	subw	r0, r0, #1074	@ 0x432
 800c0d2:	6038      	str	r0, [r7, #0]
 800c0d4:	6918      	ldr	r0, [r3, #16]
 800c0d6:	f7ff fd15 	bl	800bb04 <__hi0bits>
 800c0da:	ebc0 1042 	rsb	r0, r0, r2, lsl #5
 800c0de:	e7e5      	b.n	800c0ac <__d2b+0x74>
 800c0e0:	0800d1db 	.word	0x0800d1db
 800c0e4:	0800d1ec 	.word	0x0800d1ec

0800c0e8 <__ssputs_r>:
 800c0e8:	e92d 47f0 	stmdb	sp!, {r4, r5, r6, r7, r8, r9, sl, lr}
 800c0ec:	688e      	ldr	r6, [r1, #8]
 800c0ee:	461f      	mov	r7, r3
 800c0f0:	42be      	cmp	r6, r7
 800c0f2:	4682      	mov	sl, r0
 800c0f4:	460c      	mov	r4, r1
 800c0f6:	4690      	mov	r8, r2
 800c0f8:	4633      	mov	r3, r6
 800c0fa:	d853      	bhi.n	800c1a4 <__ssputs_r+0xbc>
 800c0fc:	f9b1 000c 	ldrsh.w	r0, [r1, #12]
 800c100:	f410 6f90 	tst.w	r0, #1152	@ 0x480
 800c104:	d02b      	beq.n	800c15e <__ssputs_r+0x76>
 800c106:	6965      	ldr	r5, [r4, #20]
 800c108:	6823      	ldr	r3, [r4, #0]
 800c10a:	6909      	ldr	r1, [r1, #16]
 800c10c:	eb05 0545 	add.w	r5, r5, r5, lsl #1
 800c110:	eba3 0901 	sub.w	r9, r3, r1
 800c114:	eb05 75d5 	add.w	r5, r5, r5, lsr #31
 800c118:	1c7b      	adds	r3, r7, #1
 800c11a:	106d      	asrs	r5, r5, #1
 800c11c:	444b      	add	r3, r9
 800c11e:	42ab      	cmp	r3, r5
 800c120:	462a      	mov	r2, r5
 800c122:	bf84      	itt	hi
 800c124:	461d      	movhi	r5, r3
 800c126:	462a      	movhi	r2, r5
 800c128:	0543      	lsls	r3, r0, #21
 800c12a:	d527      	bpl.n	800c17c <__ssputs_r+0x94>
 800c12c:	4611      	mov	r1, r2
 800c12e:	4650      	mov	r0, sl
 800c130:	f7ff fbba 	bl	800b8a8 <_malloc_r>
 800c134:	4606      	mov	r6, r0
 800c136:	b358      	cbz	r0, 800c190 <__ssputs_r+0xa8>
 800c138:	6921      	ldr	r1, [r4, #16]
 800c13a:	464a      	mov	r2, r9
 800c13c:	f7fe fcd1 	bl	800aae2 <memcpy>
 800c140:	89a3      	ldrh	r3, [r4, #12]
 800c142:	f423 6390 	bic.w	r3, r3, #1152	@ 0x480
 800c146:	f043 0380 	orr.w	r3, r3, #128	@ 0x80
 800c14a:	81a3      	strh	r3, [r4, #12]
 800c14c:	6126      	str	r6, [r4, #16]
 800c14e:	6165      	str	r5, [r4, #20]
 800c150:	444e      	add	r6, r9
 800c152:	eba5 0509 	sub.w	r5, r5, r9
 800c156:	6026      	str	r6, [r4, #0]
 800c158:	60a5      	str	r5, [r4, #8]
 800c15a:	463e      	mov	r6, r7
 800c15c:	463b      	mov	r3, r7
 800c15e:	461f      	mov	r7, r3
 800c160:	6820      	ldr	r0, [r4, #0]
 800c162:	463a      	mov	r2, r7
 800c164:	4641      	mov	r1, r8
 800c166:	f000 fb8d 	bl	800c884 <memmove>
 800c16a:	68a3      	ldr	r3, [r4, #8]
 800c16c:	1b9b      	subs	r3, r3, r6
 800c16e:	60a3      	str	r3, [r4, #8]
 800c170:	6823      	ldr	r3, [r4, #0]
 800c172:	443b      	add	r3, r7
 800c174:	6023      	str	r3, [r4, #0]
 800c176:	2000      	movs	r0, #0
 800c178:	e8bd 87f0 	ldmia.w	sp!, {r4, r5, r6, r7, r8, r9, sl, pc}
 800c17c:	4650      	mov	r0, sl
 800c17e:	f000 fbef 	bl	800c960 <_realloc_r>
 800c182:	4606      	mov	r6, r0
 800c184:	2800      	cmp	r0, #0
 800c186:	d1e1      	bne.n	800c14c <__ssputs_r+0x64>
 800c188:	6921      	ldr	r1, [r4, #16]
 800c18a:	4650      	mov	r0, sl
 800c18c:	f7ff fb16 	bl	800b7bc <_free_r>
 800c190:	230c      	movs	r3, #12
 800c192:	f8ca 3000 	str.w	r3, [sl]
 800c196:	89a3      	ldrh	r3, [r4, #12]
 800c198:	f043 0340 	orr.w	r3, r3, #64	@ 0x40
 800c19c:	81a3      	strh	r3, [r4, #12]
 800c19e:	f04f 30ff 	mov.w	r0, #4294967295
 800c1a2:	e7e9      	b.n	800c178 <__ssputs_r+0x90>
 800c1a4:	463e      	mov	r6, r7
 800c1a6:	e7db      	b.n	800c160 <__ssputs_r+0x78>

0800c1a8 <_svfiprintf_r>:
 800c1a8:	e92d 47f0 	stmdb	sp!, {r4, r5, r6, r7, r8, r9, sl, lr}
 800c1ac:	461f      	mov	r7, r3
 800c1ae:	898b      	ldrh	r3, [r1, #12]
 800c1b0:	061b      	lsls	r3, r3, #24
 800c1b2:	b09c      	sub	sp, #112	@ 0x70
 800c1b4:	4606      	mov	r6, r0
 800c1b6:	460d      	mov	r5, r1
 800c1b8:	4614      	mov	r4, r2
 800c1ba:	d510      	bpl.n	800c1de <_svfiprintf_r+0x36>
 800c1bc:	690b      	ldr	r3, [r1, #16]
 800c1be:	b973      	cbnz	r3, 800c1de <_svfiprintf_r+0x36>
 800c1c0:	2140      	movs	r1, #64	@ 0x40
 800c1c2:	f7ff fb71 	bl	800b8a8 <_malloc_r>
 800c1c6:	6028      	str	r0, [r5, #0]
 800c1c8:	6128      	str	r0, [r5, #16]
 800c1ca:	b930      	cbnz	r0, 800c1da <_svfiprintf_r+0x32>
 800c1cc:	230c      	movs	r3, #12
 800c1ce:	6033      	str	r3, [r6, #0]
 800c1d0:	f04f 30ff 	mov.w	r0, #4294967295
 800c1d4:	b01c      	add	sp, #112	@ 0x70
 800c1d6:	e8bd 87f0 	ldmia.w	sp!, {r4, r5, r6, r7, r8, r9, sl, pc}
 800c1da:	2340      	movs	r3, #64	@ 0x40
 800c1dc:	616b      	str	r3, [r5, #20]
 800c1de:	2300      	movs	r3, #0
 800c1e0:	9309      	str	r3, [sp, #36]	@ 0x24
 800c1e2:	2320      	movs	r3, #32
 800c1e4:	f88d 3029 	strb.w	r3, [sp, #41]	@ 0x29
 800c1e8:	9703      	str	r7, [sp, #12]
 800c1ea:	2330      	movs	r3, #48	@ 0x30
 800c1ec:	4f65      	ldr	r7, [pc, #404]	@ (800c384 <_svfiprintf_r+0x1dc>)
 800c1ee:	f88d 302a 	strb.w	r3, [sp, #42]	@ 0x2a
 800c1f2:	f04f 0801 	mov.w	r8, #1
 800c1f6:	4623      	mov	r3, r4
 800c1f8:	781a      	ldrb	r2, [r3, #0]
 800c1fa:	4699      	mov	r9, r3
 800c1fc:	b11a      	cbz	r2, 800c206 <_svfiprintf_r+0x5e>
 800c1fe:	2a25      	cmp	r2, #37	@ 0x25
 800c200:	f103 0301 	add.w	r3, r3, #1
 800c204:	d1f8      	bne.n	800c1f8 <_svfiprintf_r+0x50>
 800c206:	ebb9 0a04 	subs.w	sl, r9, r4
 800c20a:	d00b      	beq.n	800c224 <_svfiprintf_r+0x7c>
 800c20c:	4653      	mov	r3, sl
 800c20e:	4622      	mov	r2, r4
 800c210:	4629      	mov	r1, r5
 800c212:	4630      	mov	r0, r6
 800c214:	f7ff ff68 	bl	800c0e8 <__ssputs_r>
 800c218:	3001      	adds	r0, #1
 800c21a:	f000 80a3 	beq.w	800c364 <_svfiprintf_r+0x1bc>
 800c21e:	9a09      	ldr	r2, [sp, #36]	@ 0x24
 800c220:	4452      	add	r2, sl
 800c222:	9209      	str	r2, [sp, #36]	@ 0x24
 800c224:	f899 3000 	ldrb.w	r3, [r9]
 800c228:	2b00      	cmp	r3, #0
 800c22a:	f000 809b 	beq.w	800c364 <_svfiprintf_r+0x1bc>
 800c22e:	2200      	movs	r2, #0
 800c230:	f04f 33ff 	mov.w	r3, #4294967295
 800c234:	e9cd 3205 	strd	r3, r2, [sp, #20]
 800c238:	f109 0901 	add.w	r9, r9, #1
 800c23c:	9204      	str	r2, [sp, #16]
 800c23e:	9207      	str	r2, [sp, #28]
 800c240:	f88d 2053 	strb.w	r2, [sp, #83]	@ 0x53
 800c244:	921a      	str	r2, [sp, #104]	@ 0x68
 800c246:	464c      	mov	r4, r9
 800c248:	2205      	movs	r2, #5
 800c24a:	f814 1b01 	ldrb.w	r1, [r4], #1
 800c24e:	484d      	ldr	r0, [pc, #308]	@ (800c384 <_svfiprintf_r+0x1dc>)
 800c250:	f7f3 ff76 	bl	8000140 <memchr>
 800c254:	9a04      	ldr	r2, [sp, #16]
 800c256:	b9d0      	cbnz	r0, 800c28e <_svfiprintf_r+0xe6>
 800c258:	06d0      	lsls	r0, r2, #27
 800c25a:	bf44      	itt	mi
 800c25c:	2320      	movmi	r3, #32
 800c25e:	f88d 3053 	strbmi.w	r3, [sp, #83]	@ 0x53
 800c262:	0711      	lsls	r1, r2, #28
 800c264:	bf44      	itt	mi
 800c266:	232b      	movmi	r3, #43	@ 0x2b
 800c268:	f88d 3053 	strbmi.w	r3, [sp, #83]	@ 0x53
 800c26c:	f899 3000 	ldrb.w	r3, [r9]
 800c270:	2b2a      	cmp	r3, #42	@ 0x2a
 800c272:	d013      	beq.n	800c29c <_svfiprintf_r+0xf4>
 800c274:	9907      	ldr	r1, [sp, #28]
 800c276:	464b      	mov	r3, r9
 800c278:	2000      	movs	r0, #0
 800c27a:	f04f 0c0a 	mov.w	ip, #10
 800c27e:	781a      	ldrb	r2, [r3, #0]
 800c280:	3a30      	subs	r2, #48	@ 0x30
 800c282:	2a09      	cmp	r2, #9
 800c284:	461c      	mov	r4, r3
 800c286:	d94a      	bls.n	800c31e <_svfiprintf_r+0x176>
 800c288:	b1a8      	cbz	r0, 800c2b6 <_svfiprintf_r+0x10e>
 800c28a:	9107      	str	r1, [sp, #28]
 800c28c:	e013      	b.n	800c2b6 <_svfiprintf_r+0x10e>
 800c28e:	1bc0      	subs	r0, r0, r7
 800c290:	fa08 f000 	lsl.w	r0, r8, r0
 800c294:	4310      	orrs	r0, r2
 800c296:	9004      	str	r0, [sp, #16]
 800c298:	46a1      	mov	r9, r4
 800c29a:	e7d4      	b.n	800c246 <_svfiprintf_r+0x9e>
 800c29c:	9b03      	ldr	r3, [sp, #12]
 800c29e:	1d19      	adds	r1, r3, #4
 800c2a0:	681b      	ldr	r3, [r3, #0]
 800c2a2:	9103      	str	r1, [sp, #12]
 800c2a4:	2b00      	cmp	r3, #0
 800c2a6:	bfbb      	ittet	lt
 800c2a8:	425b      	neglt	r3, r3
 800c2aa:	f042 0202 	orrlt.w	r2, r2, #2
 800c2ae:	9307      	strge	r3, [sp, #28]
 800c2b0:	9307      	strlt	r3, [sp, #28]
 800c2b2:	bfb8      	it	lt
 800c2b4:	9204      	strlt	r2, [sp, #16]
 800c2b6:	7823      	ldrb	r3, [r4, #0]
 800c2b8:	2b2e      	cmp	r3, #46	@ 0x2e
 800c2ba:	d10a      	bne.n	800c2d2 <_svfiprintf_r+0x12a>
 800c2bc:	7863      	ldrb	r3, [r4, #1]
 800c2be:	2b2a      	cmp	r3, #42	@ 0x2a
 800c2c0:	d132      	bne.n	800c328 <_svfiprintf_r+0x180>
 800c2c2:	9b03      	ldr	r3, [sp, #12]
 800c2c4:	1d1a      	adds	r2, r3, #4
 800c2c6:	681b      	ldr	r3, [r3, #0]
 800c2c8:	9203      	str	r2, [sp, #12]
 800c2ca:	ea43 73e3 	orr.w	r3, r3, r3, asr #31
 800c2ce:	3402      	adds	r4, #2
 800c2d0:	9305      	str	r3, [sp, #20]
 800c2d2:	f8df 90c0 	ldr.w	r9, [pc, #192]	@ 800c394 <_svfiprintf_r+0x1ec>
 800c2d6:	7821      	ldrb	r1, [r4, #0]
 800c2d8:	2203      	movs	r2, #3
 800c2da:	4648      	mov	r0, r9
 800c2dc:	f7f3 ff30 	bl	8000140 <memchr>
 800c2e0:	b138      	cbz	r0, 800c2f2 <_svfiprintf_r+0x14a>
 800c2e2:	9b04      	ldr	r3, [sp, #16]
 800c2e4:	eba0 0009 	sub.w	r0, r0, r9
 800c2e8:	2240      	movs	r2, #64	@ 0x40
 800c2ea:	4082      	lsls	r2, r0
 800c2ec:	4313      	orrs	r3, r2
 800c2ee:	3401      	adds	r4, #1
 800c2f0:	9304      	str	r3, [sp, #16]
 800c2f2:	7821      	ldrb	r1, [r4, #0]
 800c2f4:	4824      	ldr	r0, [pc, #144]	@ (800c388 <_svfiprintf_r+0x1e0>)
 800c2f6:	f88d 1028 	strb.w	r1, [sp, #40]	@ 0x28
 800c2fa:	2206      	movs	r2, #6
 800c2fc:	f7f3 ff20 	bl	8000140 <memchr>
 800c300:	2800      	cmp	r0, #0
 800c302:	d035      	beq.n	800c370 <_svfiprintf_r+0x1c8>
 800c304:	4821      	ldr	r0, [pc, #132]	@ (800c38c <_svfiprintf_r+0x1e4>)
 800c306:	bb18      	cbnz	r0, 800c350 <_svfiprintf_r+0x1a8>
 800c308:	9b03      	ldr	r3, [sp, #12]
 800c30a:	3307      	adds	r3, #7
 800c30c:	f023 0307 	bic.w	r3, r3, #7
 800c310:	3308      	adds	r3, #8
 800c312:	9303      	str	r3, [sp, #12]
 800c314:	9b09      	ldr	r3, [sp, #36]	@ 0x24
 800c316:	4403      	add	r3, r0
 800c318:	3401      	adds	r4, #1
 800c31a:	9309      	str	r3, [sp, #36]	@ 0x24
 800c31c:	e76b      	b.n	800c1f6 <_svfiprintf_r+0x4e>
 800c31e:	3301      	adds	r3, #1
 800c320:	fb0c 2101 	mla	r1, ip, r1, r2
 800c324:	2001      	movs	r0, #1
 800c326:	e7aa      	b.n	800c27e <_svfiprintf_r+0xd6>
 800c328:	2300      	movs	r3, #0
 800c32a:	9305      	str	r3, [sp, #20]
 800c32c:	1c61      	adds	r1, r4, #1
 800c32e:	4618      	mov	r0, r3
 800c330:	f04f 0c0a 	mov.w	ip, #10
 800c334:	780a      	ldrb	r2, [r1, #0]
 800c336:	3a30      	subs	r2, #48	@ 0x30
 800c338:	2a09      	cmp	r2, #9
 800c33a:	460c      	mov	r4, r1
 800c33c:	d903      	bls.n	800c346 <_svfiprintf_r+0x19e>
 800c33e:	2b00      	cmp	r3, #0
 800c340:	d0c7      	beq.n	800c2d2 <_svfiprintf_r+0x12a>
 800c342:	9005      	str	r0, [sp, #20]
 800c344:	e7c5      	b.n	800c2d2 <_svfiprintf_r+0x12a>
 800c346:	3101      	adds	r1, #1
 800c348:	fb0c 2000 	mla	r0, ip, r0, r2
 800c34c:	2301      	movs	r3, #1
 800c34e:	e7f1      	b.n	800c334 <_svfiprintf_r+0x18c>
 800c350:	ab03      	add	r3, sp, #12
 800c352:	9300      	str	r3, [sp, #0]
 800c354:	462a      	mov	r2, r5
 800c356:	4b0e      	ldr	r3, [pc, #56]	@ (800c390 <_svfiprintf_r+0x1e8>)
 800c358:	a904      	add	r1, sp, #16
 800c35a:	4630      	mov	r0, r6
 800c35c:	f7fd fe44 	bl	8009fe8 <_printf_float>
 800c360:	1c42      	adds	r2, r0, #1
 800c362:	d1d7      	bne.n	800c314 <_svfiprintf_r+0x16c>
 800c364:	89ab      	ldrh	r3, [r5, #12]
 800c366:	065b      	lsls	r3, r3, #25
 800c368:	f53f af32 	bmi.w	800c1d0 <_svfiprintf_r+0x28>
 800c36c:	9809      	ldr	r0, [sp, #36]	@ 0x24
 800c36e:	e731      	b.n	800c1d4 <_svfiprintf_r+0x2c>
 800c370:	ab03      	add	r3, sp, #12
 800c372:	9300      	str	r3, [sp, #0]
 800c374:	462a      	mov	r2, r5
 800c376:	4b06      	ldr	r3, [pc, #24]	@ (800c390 <_svfiprintf_r+0x1e8>)
 800c378:	a904      	add	r1, sp, #16
 800c37a:	4630      	mov	r0, r6
 800c37c:	f7fe f8ce 	bl	800a51c <_printf_i>
 800c380:	e7ee      	b.n	800c360 <_svfiprintf_r+0x1b8>
 800c382:	bf00      	nop
 800c384:	0800d29c 	.word	0x0800d29c
 800c388:	0800d2a6 	.word	0x0800d2a6
 800c38c:	08009fe9 	.word	0x08009fe9
 800c390:	0800c0e9 	.word	0x0800c0e9
 800c394:	0800d2a2 	.word	0x0800d2a2

0800c398 <__sfputc_r>:
 800c398:	6893      	ldr	r3, [r2, #8]
 800c39a:	3b01      	subs	r3, #1
 800c39c:	2b00      	cmp	r3, #0
 800c39e:	b410      	push	{r4}
 800c3a0:	6093      	str	r3, [r2, #8]
 800c3a2:	da07      	bge.n	800c3b4 <__sfputc_r+0x1c>
 800c3a4:	6994      	ldr	r4, [r2, #24]
 800c3a6:	42a3      	cmp	r3, r4
 800c3a8:	db01      	blt.n	800c3ae <__sfputc_r+0x16>
 800c3aa:	290a      	cmp	r1, #10
 800c3ac:	d102      	bne.n	800c3b4 <__sfputc_r+0x1c>
 800c3ae:	bc10      	pop	{r4}
 800c3b0:	f000 b9d6 	b.w	800c760 <__swbuf_r>
 800c3b4:	6813      	ldr	r3, [r2, #0]
 800c3b6:	1c58      	adds	r0, r3, #1
 800c3b8:	6010      	str	r0, [r2, #0]
 800c3ba:	7019      	strb	r1, [r3, #0]
 800c3bc:	4608      	mov	r0, r1
 800c3be:	bc10      	pop	{r4}
 800c3c0:	4770      	bx	lr

0800c3c2 <__sfputs_r>:
 800c3c2:	b5f8      	push	{r3, r4, r5, r6, r7, lr}
 800c3c4:	4606      	mov	r6, r0
 800c3c6:	460f      	mov	r7, r1
 800c3c8:	4614      	mov	r4, r2
 800c3ca:	18d5      	adds	r5, r2, r3
 800c3cc:	42ac      	cmp	r4, r5
 800c3ce:	d101      	bne.n	800c3d4 <__sfputs_r+0x12>
 800c3d0:	2000      	movs	r0, #0
 800c3d2:	e007      	b.n	800c3e4 <__sfputs_r+0x22>
 800c3d4:	f814 1b01 	ldrb.w	r1, [r4], #1
 800c3d8:	463a      	mov	r2, r7
 800c3da:	4630      	mov	r0, r6
 800c3dc:	f7ff ffdc 	bl	800c398 <__sfputc_r>
 800c3e0:	1c43      	adds	r3, r0, #1
 800c3e2:	d1f3      	bne.n	800c3cc <__sfputs_r+0xa>
 800c3e4:	bdf8      	pop	{r3, r4, r5, r6, r7, pc}
	...

0800c3e8 <_vfiprintf_r>:
 800c3e8:	e92d 47f0 	stmdb	sp!, {r4, r5, r6, r7, r8, r9, sl, lr}
 800c3ec:	4606      	mov	r6, r0
 800c3ee:	b09c      	sub	sp, #112	@ 0x70
 800c3f0:	460d      	mov	r5, r1
 800c3f2:	4614      	mov	r4, r2
 800c3f4:	461f      	mov	r7, r3
 800c3f6:	b118      	cbz	r0, 800c400 <_vfiprintf_r+0x18>
 800c3f8:	6a03      	ldr	r3, [r0, #32]
 800c3fa:	b90b      	cbnz	r3, 800c400 <_vfiprintf_r+0x18>
 800c3fc:	f7fe fa46 	bl	800a88c <__sinit>
 800c400:	6e6b      	ldr	r3, [r5, #100]	@ 0x64
 800c402:	07d9      	lsls	r1, r3, #31
 800c404:	d405      	bmi.n	800c412 <_vfiprintf_r+0x2a>
 800c406:	89ab      	ldrh	r3, [r5, #12]
 800c408:	059a      	lsls	r2, r3, #22
 800c40a:	d402      	bmi.n	800c412 <_vfiprintf_r+0x2a>
 800c40c:	6da8      	ldr	r0, [r5, #88]	@ 0x58
 800c40e:	f7fe fb66 	bl	800aade <__retarget_lock_acquire_recursive>
 800c412:	89ab      	ldrh	r3, [r5, #12]
 800c414:	071b      	lsls	r3, r3, #28
 800c416:	d501      	bpl.n	800c41c <_vfiprintf_r+0x34>
 800c418:	692b      	ldr	r3, [r5, #16]
 800c41a:	b99b      	cbnz	r3, 800c444 <_vfiprintf_r+0x5c>
 800c41c:	4629      	mov	r1, r5
 800c41e:	4630      	mov	r0, r6
 800c420:	f000 f9dc 	bl	800c7dc <__swsetup_r>
 800c424:	b170      	cbz	r0, 800c444 <_vfiprintf_r+0x5c>
 800c426:	6e6b      	ldr	r3, [r5, #100]	@ 0x64
 800c428:	07de      	lsls	r6, r3, #31
 800c42a:	d504      	bpl.n	800c436 <_vfiprintf_r+0x4e>
 800c42c:	f04f 30ff 	mov.w	r0, #4294967295
 800c430:	b01c      	add	sp, #112	@ 0x70
 800c432:	e8bd 87f0 	ldmia.w	sp!, {r4, r5, r6, r7, r8, r9, sl, pc}
 800c436:	89ab      	ldrh	r3, [r5, #12]
 800c438:	059c      	lsls	r4, r3, #22
 800c43a:	d4f7      	bmi.n	800c42c <_vfiprintf_r+0x44>
 800c43c:	6da8      	ldr	r0, [r5, #88]	@ 0x58
 800c43e:	f7fe fb4f 	bl	800aae0 <__retarget_lock_release_recursive>
 800c442:	e7f3      	b.n	800c42c <_vfiprintf_r+0x44>
 800c444:	2300      	movs	r3, #0
 800c446:	9309      	str	r3, [sp, #36]	@ 0x24
 800c448:	2320      	movs	r3, #32
 800c44a:	f88d 3029 	strb.w	r3, [sp, #41]	@ 0x29
 800c44e:	9703      	str	r7, [sp, #12]
 800c450:	2330      	movs	r3, #48	@ 0x30
 800c452:	4f6a      	ldr	r7, [pc, #424]	@ (800c5fc <_vfiprintf_r+0x214>)
 800c454:	f88d 302a 	strb.w	r3, [sp, #42]	@ 0x2a
 800c458:	f04f 0801 	mov.w	r8, #1
 800c45c:	4623      	mov	r3, r4
 800c45e:	781a      	ldrb	r2, [r3, #0]
 800c460:	4699      	mov	r9, r3
 800c462:	b11a      	cbz	r2, 800c46c <_vfiprintf_r+0x84>
 800c464:	2a25      	cmp	r2, #37	@ 0x25
 800c466:	f103 0301 	add.w	r3, r3, #1
 800c46a:	d1f8      	bne.n	800c45e <_vfiprintf_r+0x76>
 800c46c:	ebb9 0a04 	subs.w	sl, r9, r4
 800c470:	d00b      	beq.n	800c48a <_vfiprintf_r+0xa2>
 800c472:	4653      	mov	r3, sl
 800c474:	4622      	mov	r2, r4
 800c476:	4629      	mov	r1, r5
 800c478:	4630      	mov	r0, r6
 800c47a:	f7ff ffa2 	bl	800c3c2 <__sfputs_r>
 800c47e:	3001      	adds	r0, #1
 800c480:	f000 80a3 	beq.w	800c5ca <_vfiprintf_r+0x1e2>
 800c484:	9a09      	ldr	r2, [sp, #36]	@ 0x24
 800c486:	4452      	add	r2, sl
 800c488:	9209      	str	r2, [sp, #36]	@ 0x24
 800c48a:	f899 3000 	ldrb.w	r3, [r9]
 800c48e:	2b00      	cmp	r3, #0
 800c490:	f000 809b 	beq.w	800c5ca <_vfiprintf_r+0x1e2>
 800c494:	2200      	movs	r2, #0
 800c496:	f04f 33ff 	mov.w	r3, #4294967295
 800c49a:	e9cd 3205 	strd	r3, r2, [sp, #20]
 800c49e:	f109 0901 	add.w	r9, r9, #1
 800c4a2:	9204      	str	r2, [sp, #16]
 800c4a4:	9207      	str	r2, [sp, #28]
 800c4a6:	f88d 2053 	strb.w	r2, [sp, #83]	@ 0x53
 800c4aa:	921a      	str	r2, [sp, #104]	@ 0x68
 800c4ac:	464c      	mov	r4, r9
 800c4ae:	2205      	movs	r2, #5
 800c4b0:	f814 1b01 	ldrb.w	r1, [r4], #1
 800c4b4:	4851      	ldr	r0, [pc, #324]	@ (800c5fc <_vfiprintf_r+0x214>)
 800c4b6:	f7f3 fe43 	bl	8000140 <memchr>
 800c4ba:	9a04      	ldr	r2, [sp, #16]
 800c4bc:	b9d0      	cbnz	r0, 800c4f4 <_vfiprintf_r+0x10c>
 800c4be:	06d0      	lsls	r0, r2, #27
 800c4c0:	bf44      	itt	mi
 800c4c2:	2320      	movmi	r3, #32
 800c4c4:	f88d 3053 	strbmi.w	r3, [sp, #83]	@ 0x53
 800c4c8:	0711      	lsls	r1, r2, #28
 800c4ca:	bf44      	itt	mi
 800c4cc:	232b      	movmi	r3, #43	@ 0x2b
 800c4ce:	f88d 3053 	strbmi.w	r3, [sp, #83]	@ 0x53
 800c4d2:	f899 3000 	ldrb.w	r3, [r9]
 800c4d6:	2b2a      	cmp	r3, #42	@ 0x2a
 800c4d8:	d013      	beq.n	800c502 <_vfiprintf_r+0x11a>
 800c4da:	9907      	ldr	r1, [sp, #28]
 800c4dc:	464b      	mov	r3, r9
 800c4de:	2000      	movs	r0, #0
 800c4e0:	f04f 0c0a 	mov.w	ip, #10
 800c4e4:	781a      	ldrb	r2, [r3, #0]
 800c4e6:	3a30      	subs	r2, #48	@ 0x30
 800c4e8:	2a09      	cmp	r2, #9
 800c4ea:	461c      	mov	r4, r3
 800c4ec:	d94a      	bls.n	800c584 <_vfiprintf_r+0x19c>
 800c4ee:	b1a8      	cbz	r0, 800c51c <_vfiprintf_r+0x134>
 800c4f0:	9107      	str	r1, [sp, #28]
 800c4f2:	e013      	b.n	800c51c <_vfiprintf_r+0x134>
 800c4f4:	1bc0      	subs	r0, r0, r7
 800c4f6:	fa08 f000 	lsl.w	r0, r8, r0
 800c4fa:	4310      	orrs	r0, r2
 800c4fc:	9004      	str	r0, [sp, #16]
 800c4fe:	46a1      	mov	r9, r4
 800c500:	e7d4      	b.n	800c4ac <_vfiprintf_r+0xc4>
 800c502:	9b03      	ldr	r3, [sp, #12]
 800c504:	1d19      	adds	r1, r3, #4
 800c506:	681b      	ldr	r3, [r3, #0]
 800c508:	9103      	str	r1, [sp, #12]
 800c50a:	2b00      	cmp	r3, #0
 800c50c:	bfbb      	ittet	lt
 800c50e:	425b      	neglt	r3, r3
 800c510:	f042 0202 	orrlt.w	r2, r2, #2
 800c514:	9307      	strge	r3, [sp, #28]
 800c516:	9307      	strlt	r3, [sp, #28]
 800c518:	bfb8      	it	lt
 800c51a:	9204      	strlt	r2, [sp, #16]
 800c51c:	7823      	ldrb	r3, [r4, #0]
 800c51e:	2b2e      	cmp	r3, #46	@ 0x2e
 800c520:	d10a      	bne.n	800c538 <_vfiprintf_r+0x150>
 800c522:	7863      	ldrb	r3, [r4, #1]
 800c524:	2b2a      	cmp	r3, #42	@ 0x2a
 800c526:	d132      	bne.n	800c58e <_vfiprintf_r+0x1a6>
 800c528:	9b03      	ldr	r3, [sp, #12]
 800c52a:	1d1a      	adds	r2, r3, #4
 800c52c:	681b      	ldr	r3, [r3, #0]
 800c52e:	9203      	str	r2, [sp, #12]
 800c530:	ea43 73e3 	orr.w	r3, r3, r3, asr #31
 800c534:	3402      	adds	r4, #2
 800c536:	9305      	str	r3, [sp, #20]
 800c538:	f8df 90d0 	ldr.w	r9, [pc, #208]	@ 800c60c <_vfiprintf_r+0x224>
 800c53c:	7821      	ldrb	r1, [r4, #0]
 800c53e:	2203      	movs	r2, #3
 800c540:	4648      	mov	r0, r9
 800c542:	f7f3 fdfd 	bl	8000140 <memchr>
 800c546:	b138      	cbz	r0, 800c558 <_vfiprintf_r+0x170>
 800c548:	9b04      	ldr	r3, [sp, #16]
 800c54a:	eba0 0009 	sub.w	r0, r0, r9
 800c54e:	2240      	movs	r2, #64	@ 0x40
 800c550:	4082      	lsls	r2, r0
 800c552:	4313      	orrs	r3, r2
 800c554:	3401      	adds	r4, #1
 800c556:	9304      	str	r3, [sp, #16]
 800c558:	7821      	ldrb	r1, [r4, #0]
 800c55a:	4829      	ldr	r0, [pc, #164]	@ (800c600 <_vfiprintf_r+0x218>)
 800c55c:	f88d 1028 	strb.w	r1, [sp, #40]	@ 0x28
 800c560:	2206      	movs	r2, #6
 800c562:	f7f3 fded 	bl	8000140 <memchr>
 800c566:	2800      	cmp	r0, #0
 800c568:	d03e      	beq.n	800c5e8 <_vfiprintf_r+0x200>
 800c56a:	4826      	ldr	r0, [pc, #152]	@ (800c604 <_vfiprintf_r+0x21c>)
 800c56c:	bb18      	cbnz	r0, 800c5b6 <_vfiprintf_r+0x1ce>
 800c56e:	9b03      	ldr	r3, [sp, #12]
 800c570:	3307      	adds	r3, #7
 800c572:	f023 0307 	bic.w	r3, r3, #7
 800c576:	3308      	adds	r3, #8
 800c578:	9303      	str	r3, [sp, #12]
 800c57a:	9b09      	ldr	r3, [sp, #36]	@ 0x24
 800c57c:	4403      	add	r3, r0
 800c57e:	3401      	adds	r4, #1
 800c580:	9309      	str	r3, [sp, #36]	@ 0x24
 800c582:	e76b      	b.n	800c45c <_vfiprintf_r+0x74>
 800c584:	3301      	adds	r3, #1
 800c586:	fb0c 2101 	mla	r1, ip, r1, r2
 800c58a:	2001      	movs	r0, #1
 800c58c:	e7aa      	b.n	800c4e4 <_vfiprintf_r+0xfc>
 800c58e:	2300      	movs	r3, #0
 800c590:	9305      	str	r3, [sp, #20]
 800c592:	1c61      	adds	r1, r4, #1
 800c594:	4618      	mov	r0, r3
 800c596:	f04f 0c0a 	mov.w	ip, #10
 800c59a:	780a      	ldrb	r2, [r1, #0]
 800c59c:	3a30      	subs	r2, #48	@ 0x30
 800c59e:	2a09      	cmp	r2, #9
 800c5a0:	460c      	mov	r4, r1
 800c5a2:	d903      	bls.n	800c5ac <_vfiprintf_r+0x1c4>
 800c5a4:	2b00      	cmp	r3, #0
 800c5a6:	d0c7      	beq.n	800c538 <_vfiprintf_r+0x150>
 800c5a8:	9005      	str	r0, [sp, #20]
 800c5aa:	e7c5      	b.n	800c538 <_vfiprintf_r+0x150>
 800c5ac:	3101      	adds	r1, #1
 800c5ae:	fb0c 2000 	mla	r0, ip, r0, r2
 800c5b2:	2301      	movs	r3, #1
 800c5b4:	e7f1      	b.n	800c59a <_vfiprintf_r+0x1b2>
 800c5b6:	ab03      	add	r3, sp, #12
 800c5b8:	9300      	str	r3, [sp, #0]
 800c5ba:	462a      	mov	r2, r5
 800c5bc:	4b12      	ldr	r3, [pc, #72]	@ (800c608 <_vfiprintf_r+0x220>)
 800c5be:	a904      	add	r1, sp, #16
 800c5c0:	4630      	mov	r0, r6
 800c5c2:	f7fd fd11 	bl	8009fe8 <_printf_float>
 800c5c6:	1c43      	adds	r3, r0, #1
 800c5c8:	d1d7      	bne.n	800c57a <_vfiprintf_r+0x192>
 800c5ca:	6e6b      	ldr	r3, [r5, #100]	@ 0x64
 800c5cc:	07d9      	lsls	r1, r3, #31
 800c5ce:	d405      	bmi.n	800c5dc <_vfiprintf_r+0x1f4>
 800c5d0:	89ab      	ldrh	r3, [r5, #12]
 800c5d2:	059a      	lsls	r2, r3, #22
 800c5d4:	d402      	bmi.n	800c5dc <_vfiprintf_r+0x1f4>
 800c5d6:	6da8      	ldr	r0, [r5, #88]	@ 0x58
 800c5d8:	f7fe fa82 	bl	800aae0 <__retarget_lock_release_recursive>
 800c5dc:	89ab      	ldrh	r3, [r5, #12]
 800c5de:	065b      	lsls	r3, r3, #25
 800c5e0:	f53f af24 	bmi.w	800c42c <_vfiprintf_r+0x44>
 800c5e4:	9809      	ldr	r0, [sp, #36]	@ 0x24
 800c5e6:	e723      	b.n	800c430 <_vfiprintf_r+0x48>
 800c5e8:	ab03      	add	r3, sp, #12
 800c5ea:	9300      	str	r3, [sp, #0]
 800c5ec:	462a      	mov	r2, r5
 800c5ee:	4b06      	ldr	r3, [pc, #24]	@ (800c608 <_vfiprintf_r+0x220>)
 800c5f0:	a904      	add	r1, sp, #16
 800c5f2:	4630      	mov	r0, r6
 800c5f4:	f7fd ff92 	bl	800a51c <_printf_i>
 800c5f8:	e7e5      	b.n	800c5c6 <_vfiprintf_r+0x1de>
 800c5fa:	bf00      	nop
 800c5fc:	0800d29c 	.word	0x0800d29c
 800c600:	0800d2a6 	.word	0x0800d2a6
 800c604:	08009fe9 	.word	0x08009fe9
 800c608:	0800c3c3 	.word	0x0800c3c3
 800c60c:	0800d2a2 	.word	0x0800d2a2

0800c610 <__sflush_r>:
 800c610:	f9b1 200c 	ldrsh.w	r2, [r1, #12]
 800c614:	e92d 41f0 	stmdb	sp!, {r4, r5, r6, r7, r8, lr}
 800c618:	0716      	lsls	r6, r2, #28
 800c61a:	4605      	mov	r5, r0
 800c61c:	460c      	mov	r4, r1
 800c61e:	d451      	bmi.n	800c6c4 <__sflush_r+0xb4>
 800c620:	684b      	ldr	r3, [r1, #4]
 800c622:	2b00      	cmp	r3, #0
 800c624:	dc02      	bgt.n	800c62c <__sflush_r+0x1c>
 800c626:	6c0b      	ldr	r3, [r1, #64]	@ 0x40
 800c628:	2b00      	cmp	r3, #0
 800c62a:	dd49      	ble.n	800c6c0 <__sflush_r+0xb0>
 800c62c:	6ae6      	ldr	r6, [r4, #44]	@ 0x2c
 800c62e:	2e00      	cmp	r6, #0
 800c630:	d046      	beq.n	800c6c0 <__sflush_r+0xb0>
 800c632:	2300      	movs	r3, #0
 800c634:	f412 5280 	ands.w	r2, r2, #4096	@ 0x1000
 800c638:	682f      	ldr	r7, [r5, #0]
 800c63a:	602b      	str	r3, [r5, #0]
 800c63c:	d031      	beq.n	800c6a2 <__sflush_r+0x92>
 800c63e:	6d62      	ldr	r2, [r4, #84]	@ 0x54
 800c640:	89a3      	ldrh	r3, [r4, #12]
 800c642:	0759      	lsls	r1, r3, #29
 800c644:	d505      	bpl.n	800c652 <__sflush_r+0x42>
 800c646:	6863      	ldr	r3, [r4, #4]
 800c648:	1ad2      	subs	r2, r2, r3
 800c64a:	6b63      	ldr	r3, [r4, #52]	@ 0x34
 800c64c:	b10b      	cbz	r3, 800c652 <__sflush_r+0x42>
 800c64e:	6c23      	ldr	r3, [r4, #64]	@ 0x40
 800c650:	1ad2      	subs	r2, r2, r3
 800c652:	2300      	movs	r3, #0
 800c654:	6ae6      	ldr	r6, [r4, #44]	@ 0x2c
 800c656:	6a21      	ldr	r1, [r4, #32]
 800c658:	4628      	mov	r0, r5
 800c65a:	47b0      	blx	r6
 800c65c:	1c42      	adds	r2, r0, #1
 800c65e:	f9b4 300c 	ldrsh.w	r3, [r4, #12]
 800c662:	d106      	bne.n	800c672 <__sflush_r+0x62>
 800c664:	6829      	ldr	r1, [r5, #0]
 800c666:	291d      	cmp	r1, #29
 800c668:	d845      	bhi.n	800c6f6 <__sflush_r+0xe6>
 800c66a:	4a28      	ldr	r2, [pc, #160]	@ (800c70c <__sflush_r+0xfc>)
 800c66c:	40ca      	lsrs	r2, r1
 800c66e:	07d6      	lsls	r6, r2, #31
 800c670:	d541      	bpl.n	800c6f6 <__sflush_r+0xe6>
 800c672:	2200      	movs	r2, #0
 800c674:	6062      	str	r2, [r4, #4]
 800c676:	04d9      	lsls	r1, r3, #19
 800c678:	6922      	ldr	r2, [r4, #16]
 800c67a:	6022      	str	r2, [r4, #0]
 800c67c:	d504      	bpl.n	800c688 <__sflush_r+0x78>
 800c67e:	1c42      	adds	r2, r0, #1
 800c680:	d101      	bne.n	800c686 <__sflush_r+0x76>
 800c682:	682b      	ldr	r3, [r5, #0]
 800c684:	b903      	cbnz	r3, 800c688 <__sflush_r+0x78>
 800c686:	6560      	str	r0, [r4, #84]	@ 0x54
 800c688:	6b61      	ldr	r1, [r4, #52]	@ 0x34
 800c68a:	602f      	str	r7, [r5, #0]
 800c68c:	b1c1      	cbz	r1, 800c6c0 <__sflush_r+0xb0>
 800c68e:	f104 0344 	add.w	r3, r4, #68	@ 0x44
 800c692:	4299      	cmp	r1, r3
 800c694:	d002      	beq.n	800c69c <__sflush_r+0x8c>
 800c696:	4628      	mov	r0, r5
 800c698:	f7ff f890 	bl	800b7bc <_free_r>
 800c69c:	2300      	movs	r3, #0
 800c69e:	6363      	str	r3, [r4, #52]	@ 0x34
 800c6a0:	e00e      	b.n	800c6c0 <__sflush_r+0xb0>
 800c6a2:	6a21      	ldr	r1, [r4, #32]
 800c6a4:	2301      	movs	r3, #1
 800c6a6:	4628      	mov	r0, r5
 800c6a8:	47b0      	blx	r6
 800c6aa:	4602      	mov	r2, r0
 800c6ac:	1c50      	adds	r0, r2, #1
 800c6ae:	d1c7      	bne.n	800c640 <__sflush_r+0x30>
 800c6b0:	682b      	ldr	r3, [r5, #0]
 800c6b2:	2b00      	cmp	r3, #0
 800c6b4:	d0c4      	beq.n	800c640 <__sflush_r+0x30>
 800c6b6:	2b1d      	cmp	r3, #29
 800c6b8:	d001      	beq.n	800c6be <__sflush_r+0xae>
 800c6ba:	2b16      	cmp	r3, #22
 800c6bc:	d11a      	bne.n	800c6f4 <__sflush_r+0xe4>
 800c6be:	602f      	str	r7, [r5, #0]
 800c6c0:	2000      	movs	r0, #0
 800c6c2:	e01d      	b.n	800c700 <__sflush_r+0xf0>
 800c6c4:	690f      	ldr	r7, [r1, #16]
 800c6c6:	2f00      	cmp	r7, #0
 800c6c8:	d0fa      	beq.n	800c6c0 <__sflush_r+0xb0>
 800c6ca:	0793      	lsls	r3, r2, #30
 800c6cc:	680e      	ldr	r6, [r1, #0]
 800c6ce:	bf08      	it	eq
 800c6d0:	694b      	ldreq	r3, [r1, #20]
 800c6d2:	600f      	str	r7, [r1, #0]
 800c6d4:	bf18      	it	ne
 800c6d6:	2300      	movne	r3, #0
 800c6d8:	eba6 0807 	sub.w	r8, r6, r7
 800c6dc:	608b      	str	r3, [r1, #8]
 800c6de:	f1b8 0f00 	cmp.w	r8, #0
 800c6e2:	dded      	ble.n	800c6c0 <__sflush_r+0xb0>
 800c6e4:	6a21      	ldr	r1, [r4, #32]
 800c6e6:	6aa6      	ldr	r6, [r4, #40]	@ 0x28
 800c6e8:	4643      	mov	r3, r8
 800c6ea:	463a      	mov	r2, r7
 800c6ec:	4628      	mov	r0, r5
 800c6ee:	47b0      	blx	r6
 800c6f0:	2800      	cmp	r0, #0
 800c6f2:	dc07      	bgt.n	800c704 <__sflush_r+0xf4>
 800c6f4:	89a3      	ldrh	r3, [r4, #12]
 800c6f6:	f043 0340 	orr.w	r3, r3, #64	@ 0x40
 800c6fa:	81a3      	strh	r3, [r4, #12]
 800c6fc:	f04f 30ff 	mov.w	r0, #4294967295
 800c700:	e8bd 81f0 	ldmia.w	sp!, {r4, r5, r6, r7, r8, pc}
 800c704:	4407      	add	r7, r0
 800c706:	eba8 0800 	sub.w	r8, r8, r0
 800c70a:	e7e8      	b.n	800c6de <__sflush_r+0xce>
 800c70c:	20400001 	.word	0x20400001

0800c710 <_fflush_r>:
 800c710:	b538      	push	{r3, r4, r5, lr}
 800c712:	690b      	ldr	r3, [r1, #16]
 800c714:	4605      	mov	r5, r0
 800c716:	460c      	mov	r4, r1
 800c718:	b913      	cbnz	r3, 800c720 <_fflush_r+0x10>
 800c71a:	461d      	mov	r5, r3
 800c71c:	4628      	mov	r0, r5
 800c71e:	bd38      	pop	{r3, r4, r5, pc}
 800c720:	b118      	cbz	r0, 800c72a <_fflush_r+0x1a>
 800c722:	6a03      	ldr	r3, [r0, #32]
 800c724:	b90b      	cbnz	r3, 800c72a <_fflush_r+0x1a>
 800c726:	f7fe f8b1 	bl	800a88c <__sinit>
 800c72a:	f9b4 300c 	ldrsh.w	r3, [r4, #12]
 800c72e:	2b00      	cmp	r3, #0
 800c730:	d0f3      	beq.n	800c71a <_fflush_r+0xa>
 800c732:	6e62      	ldr	r2, [r4, #100]	@ 0x64
 800c734:	07d0      	lsls	r0, r2, #31
 800c736:	d404      	bmi.n	800c742 <_fflush_r+0x32>
 800c738:	0599      	lsls	r1, r3, #22
 800c73a:	d402      	bmi.n	800c742 <_fflush_r+0x32>
 800c73c:	6da0      	ldr	r0, [r4, #88]	@ 0x58
 800c73e:	f7fe f9ce 	bl	800aade <__retarget_lock_acquire_recursive>
 800c742:	4628      	mov	r0, r5
 800c744:	4621      	mov	r1, r4
 800c746:	f7ff ff63 	bl	800c610 <__sflush_r>
 800c74a:	6e63      	ldr	r3, [r4, #100]	@ 0x64
 800c74c:	07da      	lsls	r2, r3, #31
 800c74e:	4605      	mov	r5, r0
 800c750:	d4e4      	bmi.n	800c71c <_fflush_r+0xc>
 800c752:	89a3      	ldrh	r3, [r4, #12]
 800c754:	059b      	lsls	r3, r3, #22
 800c756:	d4e1      	bmi.n	800c71c <_fflush_r+0xc>
 800c758:	6da0      	ldr	r0, [r4, #88]	@ 0x58
 800c75a:	f7fe f9c1 	bl	800aae0 <__retarget_lock_release_recursive>
 800c75e:	e7dd      	b.n	800c71c <_fflush_r+0xc>

0800c760 <__swbuf_r>:
 800c760:	b5f8      	push	{r3, r4, r5, r6, r7, lr}
 800c762:	4605      	mov	r5, r0
 800c764:	460f      	mov	r7, r1
 800c766:	4614      	mov	r4, r2
 800c768:	b118      	cbz	r0, 800c772 <__swbuf_r+0x12>
 800c76a:	6a03      	ldr	r3, [r0, #32]
 800c76c:	b90b      	cbnz	r3, 800c772 <__swbuf_r+0x12>
 800c76e:	f7fe f88d 	bl	800a88c <__sinit>
 800c772:	69a3      	ldr	r3, [r4, #24]
 800c774:	60a3      	str	r3, [r4, #8]
 800c776:	89a3      	ldrh	r3, [r4, #12]
 800c778:	071a      	lsls	r2, r3, #28
 800c77a:	d501      	bpl.n	800c780 <__swbuf_r+0x20>
 800c77c:	6923      	ldr	r3, [r4, #16]
 800c77e:	b943      	cbnz	r3, 800c792 <__swbuf_r+0x32>
 800c780:	4621      	mov	r1, r4
 800c782:	4628      	mov	r0, r5
 800c784:	f000 f82a 	bl	800c7dc <__swsetup_r>
 800c788:	b118      	cbz	r0, 800c792 <__swbuf_r+0x32>
 800c78a:	f04f 36ff 	mov.w	r6, #4294967295
 800c78e:	4630      	mov	r0, r6
 800c790:	bdf8      	pop	{r3, r4, r5, r6, r7, pc}
 800c792:	6923      	ldr	r3, [r4, #16]
 800c794:	6820      	ldr	r0, [r4, #0]
 800c796:	1ac0      	subs	r0, r0, r3
 800c798:	6963      	ldr	r3, [r4, #20]
 800c79a:	4283      	cmp	r3, r0
 800c79c:	dc05      	bgt.n	800c7aa <__swbuf_r+0x4a>
 800c79e:	4621      	mov	r1, r4
 800c7a0:	4628      	mov	r0, r5
 800c7a2:	f7ff ffb5 	bl	800c710 <_fflush_r>
 800c7a6:	2800      	cmp	r0, #0
 800c7a8:	d1ef      	bne.n	800c78a <__swbuf_r+0x2a>
 800c7aa:	68a3      	ldr	r3, [r4, #8]
 800c7ac:	3b01      	subs	r3, #1
 800c7ae:	60a3      	str	r3, [r4, #8]
 800c7b0:	6823      	ldr	r3, [r4, #0]
 800c7b2:	1c5a      	adds	r2, r3, #1
 800c7b4:	6022      	str	r2, [r4, #0]
 800c7b6:	701f      	strb	r7, [r3, #0]
 800c7b8:	6963      	ldr	r3, [r4, #20]
 800c7ba:	3001      	adds	r0, #1
 800c7bc:	4283      	cmp	r3, r0
 800c7be:	b2fe      	uxtb	r6, r7
 800c7c0:	d004      	beq.n	800c7cc <__swbuf_r+0x6c>
 800c7c2:	89a3      	ldrh	r3, [r4, #12]
 800c7c4:	07db      	lsls	r3, r3, #31
 800c7c6:	d5e2      	bpl.n	800c78e <__swbuf_r+0x2e>
 800c7c8:	2e0a      	cmp	r6, #10
 800c7ca:	d1e0      	bne.n	800c78e <__swbuf_r+0x2e>
 800c7cc:	4621      	mov	r1, r4
 800c7ce:	4628      	mov	r0, r5
 800c7d0:	f7ff ff9e 	bl	800c710 <_fflush_r>
 800c7d4:	2800      	cmp	r0, #0
 800c7d6:	d0da      	beq.n	800c78e <__swbuf_r+0x2e>
 800c7d8:	e7d7      	b.n	800c78a <__swbuf_r+0x2a>
	...

0800c7dc <__swsetup_r>:
 800c7dc:	b538      	push	{r3, r4, r5, lr}
 800c7de:	4b28      	ldr	r3, [pc, #160]	@ (800c880 <__swsetup_r+0xa4>)
 800c7e0:	4605      	mov	r5, r0
 800c7e2:	6818      	ldr	r0, [r3, #0]
 800c7e4:	460c      	mov	r4, r1
 800c7e6:	b118      	cbz	r0, 800c7f0 <__swsetup_r+0x14>
 800c7e8:	6a03      	ldr	r3, [r0, #32]
 800c7ea:	b90b      	cbnz	r3, 800c7f0 <__swsetup_r+0x14>
 800c7ec:	f7fe f84e 	bl	800a88c <__sinit>
 800c7f0:	f9b4 300c 	ldrsh.w	r3, [r4, #12]
 800c7f4:	0719      	lsls	r1, r3, #28
 800c7f6:	d420      	bmi.n	800c83a <__swsetup_r+0x5e>
 800c7f8:	06da      	lsls	r2, r3, #27
 800c7fa:	d407      	bmi.n	800c80c <__swsetup_r+0x30>
 800c7fc:	2209      	movs	r2, #9
 800c7fe:	602a      	str	r2, [r5, #0]
 800c800:	f043 0340 	orr.w	r3, r3, #64	@ 0x40
 800c804:	81a3      	strh	r3, [r4, #12]
 800c806:	f04f 30ff 	mov.w	r0, #4294967295
 800c80a:	e031      	b.n	800c870 <__swsetup_r+0x94>
 800c80c:	0758      	lsls	r0, r3, #29
 800c80e:	d511      	bpl.n	800c834 <__swsetup_r+0x58>
 800c810:	6b61      	ldr	r1, [r4, #52]	@ 0x34
 800c812:	b141      	cbz	r1, 800c826 <__swsetup_r+0x4a>
 800c814:	f104 0344 	add.w	r3, r4, #68	@ 0x44
 800c818:	4299      	cmp	r1, r3
 800c81a:	d002      	beq.n	800c822 <__swsetup_r+0x46>
 800c81c:	4628      	mov	r0, r5
 800c81e:	f7fe ffcd 	bl	800b7bc <_free_r>
 800c822:	2300      	movs	r3, #0
 800c824:	6363      	str	r3, [r4, #52]	@ 0x34
 800c826:	2200      	movs	r2, #0
 800c828:	89a3      	ldrh	r3, [r4, #12]
 800c82a:	6062      	str	r2, [r4, #4]
 800c82c:	6922      	ldr	r2, [r4, #16]
 800c82e:	6022      	str	r2, [r4, #0]
 800c830:	f023 0324 	bic.w	r3, r3, #36	@ 0x24
 800c834:	f043 0308 	orr.w	r3, r3, #8
 800c838:	81a3      	strh	r3, [r4, #12]
 800c83a:	6923      	ldr	r3, [r4, #16]
 800c83c:	b94b      	cbnz	r3, 800c852 <__swsetup_r+0x76>
 800c83e:	89a3      	ldrh	r3, [r4, #12]
 800c840:	f403 7320 	and.w	r3, r3, #640	@ 0x280
 800c844:	f5b3 7f00 	cmp.w	r3, #512	@ 0x200
 800c848:	d003      	beq.n	800c852 <__swsetup_r+0x76>
 800c84a:	4621      	mov	r1, r4
 800c84c:	4628      	mov	r0, r5
 800c84e:	f000 f8f9 	bl	800ca44 <__smakebuf_r>
 800c852:	f9b4 300c 	ldrsh.w	r3, [r4, #12]
 800c856:	f013 0201 	ands.w	r2, r3, #1
 800c85a:	d00a      	beq.n	800c872 <__swsetup_r+0x96>
 800c85c:	2200      	movs	r2, #0
 800c85e:	60a2      	str	r2, [r4, #8]
 800c860:	6962      	ldr	r2, [r4, #20]
 800c862:	4252      	negs	r2, r2
 800c864:	61a2      	str	r2, [r4, #24]
 800c866:	6922      	ldr	r2, [r4, #16]
 800c868:	b942      	cbnz	r2, 800c87c <__swsetup_r+0xa0>
 800c86a:	f013 0080 	ands.w	r0, r3, #128	@ 0x80
 800c86e:	d1c7      	bne.n	800c800 <__swsetup_r+0x24>
 800c870:	bd38      	pop	{r3, r4, r5, pc}
 800c872:	0799      	lsls	r1, r3, #30
 800c874:	bf58      	it	pl
 800c876:	6962      	ldrpl	r2, [r4, #20]
 800c878:	60a2      	str	r2, [r4, #8]
 800c87a:	e7f4      	b.n	800c866 <__swsetup_r+0x8a>
 800c87c:	2000      	movs	r0, #0
 800c87e:	e7f7      	b.n	800c870 <__swsetup_r+0x94>
 800c880:	20000128 	.word	0x20000128

0800c884 <memmove>:
 800c884:	4288      	cmp	r0, r1
 800c886:	b510      	push	{r4, lr}
 800c888:	eb01 0402 	add.w	r4, r1, r2
 800c88c:	d902      	bls.n	800c894 <memmove+0x10>
 800c88e:	4284      	cmp	r4, r0
 800c890:	4623      	mov	r3, r4
 800c892:	d807      	bhi.n	800c8a4 <memmove+0x20>
 800c894:	1e43      	subs	r3, r0, #1
 800c896:	42a1      	cmp	r1, r4
 800c898:	d007      	beq.n	800c8aa <memmove+0x26>
 800c89a:	f811 2b01 	ldrb.w	r2, [r1], #1
 800c89e:	f803 2f01 	strb.w	r2, [r3, #1]!
 800c8a2:	e7f8      	b.n	800c896 <memmove+0x12>
 800c8a4:	4402      	add	r2, r0
 800c8a6:	4282      	cmp	r2, r0
 800c8a8:	d100      	bne.n	800c8ac <memmove+0x28>
 800c8aa:	bd10      	pop	{r4, pc}
 800c8ac:	f813 1d01 	ldrb.w	r1, [r3, #-1]!
 800c8b0:	f802 1d01 	strb.w	r1, [r2, #-1]!
 800c8b4:	e7f7      	b.n	800c8a6 <memmove+0x22>
	...

0800c8b8 <_sbrk_r>:
 800c8b8:	b538      	push	{r3, r4, r5, lr}
 800c8ba:	4c06      	ldr	r4, [pc, #24]	@ (800c8d4 <_sbrk_r+0x1c>)
 800c8bc:	2300      	movs	r3, #0
 800c8be:	4605      	mov	r5, r0
 800c8c0:	4608      	mov	r0, r1
 800c8c2:	6023      	str	r3, [r4, #0]
 800c8c4:	f7fb fe38 	bl	8008538 <_sbrk>
 800c8c8:	1c43      	adds	r3, r0, #1
 800c8ca:	d102      	bne.n	800c8d2 <_sbrk_r+0x1a>
 800c8cc:	6823      	ldr	r3, [r4, #0]
 800c8ce:	b103      	cbz	r3, 800c8d2 <_sbrk_r+0x1a>
 800c8d0:	602b      	str	r3, [r5, #0]
 800c8d2:	bd38      	pop	{r3, r4, r5, pc}
 800c8d4:	20002320 	.word	0x20002320

0800c8d8 <__assert_func>:
 800c8d8:	b51f      	push	{r0, r1, r2, r3, r4, lr}
 800c8da:	461d      	mov	r5, r3
 800c8dc:	4b09      	ldr	r3, [pc, #36]	@ (800c904 <__assert_func+0x2c>)
 800c8de:	681b      	ldr	r3, [r3, #0]
 800c8e0:	4606      	mov	r6, r0
 800c8e2:	68d8      	ldr	r0, [r3, #12]
 800c8e4:	b152      	cbz	r2, 800c8fc <__assert_func+0x24>
 800c8e6:	4c08      	ldr	r4, [pc, #32]	@ (800c908 <__assert_func+0x30>)
 800c8e8:	9100      	str	r1, [sp, #0]
 800c8ea:	e9cd 4201 	strd	r4, r2, [sp, #4]
 800c8ee:	4907      	ldr	r1, [pc, #28]	@ (800c90c <__assert_func+0x34>)
 800c8f0:	4633      	mov	r3, r6
 800c8f2:	462a      	mov	r2, r5
 800c8f4:	f000 f870 	bl	800c9d8 <fiprintf>
 800c8f8:	f000 f900 	bl	800cafc <abort>
 800c8fc:	4c04      	ldr	r4, [pc, #16]	@ (800c910 <__assert_func+0x38>)
 800c8fe:	4622      	mov	r2, r4
 800c900:	e7f2      	b.n	800c8e8 <__assert_func+0x10>
 800c902:	bf00      	nop
 800c904:	20000128 	.word	0x20000128
 800c908:	0800d2b7 	.word	0x0800d2b7
 800c90c:	0800d2c4 	.word	0x0800d2c4
 800c910:	0800d2f2 	.word	0x0800d2f2

0800c914 <_calloc_r>:
 800c914:	b570      	push	{r4, r5, r6, lr}
 800c916:	fba1 6502 	umull	r6, r5, r1, r2
 800c91a:	b935      	cbnz	r5, 800c92a <_calloc_r+0x16>
 800c91c:	4631      	mov	r1, r6
 800c91e:	f7fe ffc3 	bl	800b8a8 <_malloc_r>
 800c922:	4604      	mov	r4, r0
 800c924:	b928      	cbnz	r0, 800c932 <_calloc_r+0x1e>
 800c926:	4620      	mov	r0, r4
 800c928:	bd70      	pop	{r4, r5, r6, pc}
 800c92a:	230c      	movs	r3, #12
 800c92c:	6003      	str	r3, [r0, #0]
 800c92e:	2400      	movs	r4, #0
 800c930:	e7f9      	b.n	800c926 <_calloc_r+0x12>
 800c932:	4632      	mov	r2, r6
 800c934:	4629      	mov	r1, r5
 800c936:	f7fe f855 	bl	800a9e4 <memset>
 800c93a:	e7f4      	b.n	800c926 <_calloc_r+0x12>

0800c93c <__ascii_mbtowc>:
 800c93c:	b082      	sub	sp, #8
 800c93e:	b901      	cbnz	r1, 800c942 <__ascii_mbtowc+0x6>
 800c940:	a901      	add	r1, sp, #4
 800c942:	b142      	cbz	r2, 800c956 <__ascii_mbtowc+0x1a>
 800c944:	b14b      	cbz	r3, 800c95a <__ascii_mbtowc+0x1e>
 800c946:	7813      	ldrb	r3, [r2, #0]
 800c948:	600b      	str	r3, [r1, #0]
 800c94a:	7812      	ldrb	r2, [r2, #0]
 800c94c:	1e10      	subs	r0, r2, #0
 800c94e:	bf18      	it	ne
 800c950:	2001      	movne	r0, #1
 800c952:	b002      	add	sp, #8
 800c954:	4770      	bx	lr
 800c956:	4610      	mov	r0, r2
 800c958:	e7fb      	b.n	800c952 <__ascii_mbtowc+0x16>
 800c95a:	f06f 0001 	mvn.w	r0, #1
 800c95e:	e7f8      	b.n	800c952 <__ascii_mbtowc+0x16>

0800c960 <_realloc_r>:
 800c960:	e92d 41f0 	stmdb	sp!, {r4, r5, r6, r7, r8, lr}
 800c964:	4607      	mov	r7, r0
 800c966:	4615      	mov	r5, r2
 800c968:	460c      	mov	r4, r1
 800c96a:	b921      	cbnz	r1, 800c976 <_realloc_r+0x16>
 800c96c:	e8bd 41f0 	ldmia.w	sp!, {r4, r5, r6, r7, r8, lr}
 800c970:	4611      	mov	r1, r2
 800c972:	f7fe bf99 	b.w	800b8a8 <_malloc_r>
 800c976:	b92a      	cbnz	r2, 800c984 <_realloc_r+0x24>
 800c978:	f7fe ff20 	bl	800b7bc <_free_r>
 800c97c:	462c      	mov	r4, r5
 800c97e:	4620      	mov	r0, r4
 800c980:	e8bd 81f0 	ldmia.w	sp!, {r4, r5, r6, r7, r8, pc}
 800c984:	f000 f8c1 	bl	800cb0a <_malloc_usable_size_r>
 800c988:	4285      	cmp	r5, r0
 800c98a:	4606      	mov	r6, r0
 800c98c:	d802      	bhi.n	800c994 <_realloc_r+0x34>
 800c98e:	ebb5 0f50 	cmp.w	r5, r0, lsr #1
 800c992:	d8f4      	bhi.n	800c97e <_realloc_r+0x1e>
 800c994:	4629      	mov	r1, r5
 800c996:	4638      	mov	r0, r7
 800c998:	f7fe ff86 	bl	800b8a8 <_malloc_r>
 800c99c:	4680      	mov	r8, r0
 800c99e:	b908      	cbnz	r0, 800c9a4 <_realloc_r+0x44>
 800c9a0:	4644      	mov	r4, r8
 800c9a2:	e7ec      	b.n	800c97e <_realloc_r+0x1e>
 800c9a4:	42b5      	cmp	r5, r6
 800c9a6:	462a      	mov	r2, r5
 800c9a8:	4621      	mov	r1, r4
 800c9aa:	bf28      	it	cs
 800c9ac:	4632      	movcs	r2, r6
 800c9ae:	f7fe f898 	bl	800aae2 <memcpy>
 800c9b2:	4621      	mov	r1, r4
 800c9b4:	4638      	mov	r0, r7
 800c9b6:	f7fe ff01 	bl	800b7bc <_free_r>
 800c9ba:	e7f1      	b.n	800c9a0 <_realloc_r+0x40>

0800c9bc <__ascii_wctomb>:
 800c9bc:	b149      	cbz	r1, 800c9d2 <__ascii_wctomb+0x16>
 800c9be:	2aff      	cmp	r2, #255	@ 0xff
 800c9c0:	bf85      	ittet	hi
 800c9c2:	238a      	movhi	r3, #138	@ 0x8a
 800c9c4:	6003      	strhi	r3, [r0, #0]
 800c9c6:	700a      	strbls	r2, [r1, #0]
 800c9c8:	f04f 30ff 	movhi.w	r0, #4294967295
 800c9cc:	bf98      	it	ls
 800c9ce:	2001      	movls	r0, #1
 800c9d0:	4770      	bx	lr
 800c9d2:	4608      	mov	r0, r1
 800c9d4:	4770      	bx	lr
	...

0800c9d8 <fiprintf>:
 800c9d8:	b40e      	push	{r1, r2, r3}
 800c9da:	b503      	push	{r0, r1, lr}
 800c9dc:	4601      	mov	r1, r0
 800c9de:	ab03      	add	r3, sp, #12
 800c9e0:	4805      	ldr	r0, [pc, #20]	@ (800c9f8 <fiprintf+0x20>)
 800c9e2:	f853 2b04 	ldr.w	r2, [r3], #4
 800c9e6:	6800      	ldr	r0, [r0, #0]
 800c9e8:	9301      	str	r3, [sp, #4]
 800c9ea:	f7ff fcfd 	bl	800c3e8 <_vfiprintf_r>
 800c9ee:	b002      	add	sp, #8
 800c9f0:	f85d eb04 	ldr.w	lr, [sp], #4
 800c9f4:	b003      	add	sp, #12
 800c9f6:	4770      	bx	lr
 800c9f8:	20000128 	.word	0x20000128

0800c9fc <__swhatbuf_r>:
 800c9fc:	b570      	push	{r4, r5, r6, lr}
 800c9fe:	460e      	mov	r6, r1
 800ca00:	f9b1 100e 	ldrsh.w	r1, [r1, #14]
 800ca04:	2900      	cmp	r1, #0
 800ca06:	b096      	sub	sp, #88	@ 0x58
 800ca08:	4614      	mov	r4, r2
 800ca0a:	461d      	mov	r5, r3
 800ca0c:	da0a      	bge.n	800ca24 <__swhatbuf_r+0x28>
 800ca0e:	89b2      	ldrh	r2, [r6, #12]
 800ca10:	f012 0280 	ands.w	r2, r2, #128	@ 0x80
 800ca14:	d113      	bne.n	800ca3e <__swhatbuf_r+0x42>
 800ca16:	f44f 6180 	mov.w	r1, #1024	@ 0x400
 800ca1a:	2000      	movs	r0, #0
 800ca1c:	602a      	str	r2, [r5, #0]
 800ca1e:	6021      	str	r1, [r4, #0]
 800ca20:	b016      	add	sp, #88	@ 0x58
 800ca22:	bd70      	pop	{r4, r5, r6, pc}
 800ca24:	466a      	mov	r2, sp
 800ca26:	f000 f847 	bl	800cab8 <_fstat_r>
 800ca2a:	2800      	cmp	r0, #0
 800ca2c:	dbef      	blt.n	800ca0e <__swhatbuf_r+0x12>
 800ca2e:	9a01      	ldr	r2, [sp, #4]
 800ca30:	f402 4270 	and.w	r2, r2, #61440	@ 0xf000
 800ca34:	f5a2 5300 	sub.w	r3, r2, #8192	@ 0x2000
 800ca38:	425a      	negs	r2, r3
 800ca3a:	415a      	adcs	r2, r3
 800ca3c:	e7eb      	b.n	800ca16 <__swhatbuf_r+0x1a>
 800ca3e:	2200      	movs	r2, #0
 800ca40:	2140      	movs	r1, #64	@ 0x40
 800ca42:	e7ea      	b.n	800ca1a <__swhatbuf_r+0x1e>

0800ca44 <__smakebuf_r>:
 800ca44:	898b      	ldrh	r3, [r1, #12]
 800ca46:	b573      	push	{r0, r1, r4, r5, r6, lr}
 800ca48:	079e      	lsls	r6, r3, #30
 800ca4a:	4605      	mov	r5, r0
 800ca4c:	460c      	mov	r4, r1
 800ca4e:	d507      	bpl.n	800ca60 <__smakebuf_r+0x1c>
 800ca50:	f104 0347 	add.w	r3, r4, #71	@ 0x47
 800ca54:	6023      	str	r3, [r4, #0]
 800ca56:	6123      	str	r3, [r4, #16]
 800ca58:	2301      	movs	r3, #1
 800ca5a:	6163      	str	r3, [r4, #20]
 800ca5c:	b002      	add	sp, #8
 800ca5e:	bd70      	pop	{r4, r5, r6, pc}
 800ca60:	ab01      	add	r3, sp, #4
 800ca62:	466a      	mov	r2, sp
 800ca64:	f7ff ffca 	bl	800c9fc <__swhatbuf_r>
 800ca68:	9e00      	ldr	r6, [sp, #0]
 800ca6a:	4628      	mov	r0, r5
 800ca6c:	4631      	mov	r1, r6
 800ca6e:	f7fe ff1b 	bl	800b8a8 <_malloc_r>
 800ca72:	f9b4 300c 	ldrsh.w	r3, [r4, #12]
 800ca76:	b938      	cbnz	r0, 800ca88 <__smakebuf_r+0x44>
 800ca78:	059a      	lsls	r2, r3, #22
 800ca7a:	d4ef      	bmi.n	800ca5c <__smakebuf_r+0x18>
 800ca7c:	f023 0303 	bic.w	r3, r3, #3
 800ca80:	f043 0302 	orr.w	r3, r3, #2
 800ca84:	81a3      	strh	r3, [r4, #12]
 800ca86:	e7e3      	b.n	800ca50 <__smakebuf_r+0xc>
 800ca88:	f043 0380 	orr.w	r3, r3, #128	@ 0x80
 800ca8c:	81a3      	strh	r3, [r4, #12]
 800ca8e:	9b01      	ldr	r3, [sp, #4]
 800ca90:	6020      	str	r0, [r4, #0]
 800ca92:	e9c4 0604 	strd	r0, r6, [r4, #16]
 800ca96:	2b00      	cmp	r3, #0
 800ca98:	d0e0      	beq.n	800ca5c <__smakebuf_r+0x18>
 800ca9a:	f9b4 100e 	ldrsh.w	r1, [r4, #14]
 800ca9e:	4628      	mov	r0, r5
 800caa0:	f000 f81c 	bl	800cadc <_isatty_r>
 800caa4:	2800      	cmp	r0, #0
 800caa6:	d0d9      	beq.n	800ca5c <__smakebuf_r+0x18>
 800caa8:	89a3      	ldrh	r3, [r4, #12]
 800caaa:	f023 0303 	bic.w	r3, r3, #3
 800caae:	f043 0301 	orr.w	r3, r3, #1
 800cab2:	81a3      	strh	r3, [r4, #12]
 800cab4:	e7d2      	b.n	800ca5c <__smakebuf_r+0x18>
	...

0800cab8 <_fstat_r>:
 800cab8:	b538      	push	{r3, r4, r5, lr}
 800caba:	4c07      	ldr	r4, [pc, #28]	@ (800cad8 <_fstat_r+0x20>)
 800cabc:	2300      	movs	r3, #0
 800cabe:	4605      	mov	r5, r0
 800cac0:	4608      	mov	r0, r1
 800cac2:	4611      	mov	r1, r2
 800cac4:	6023      	str	r3, [r4, #0]
 800cac6:	f7fb fd2e 	bl	8008526 <_fstat>
 800caca:	1c43      	adds	r3, r0, #1
 800cacc:	d102      	bne.n	800cad4 <_fstat_r+0x1c>
 800cace:	6823      	ldr	r3, [r4, #0]
 800cad0:	b103      	cbz	r3, 800cad4 <_fstat_r+0x1c>
 800cad2:	602b      	str	r3, [r5, #0]
 800cad4:	bd38      	pop	{r3, r4, r5, pc}
 800cad6:	bf00      	nop
 800cad8:	20002320 	.word	0x20002320

0800cadc <_isatty_r>:
 800cadc:	b538      	push	{r3, r4, r5, lr}
 800cade:	4c06      	ldr	r4, [pc, #24]	@ (800caf8 <_isatty_r+0x1c>)
 800cae0:	2300      	movs	r3, #0
 800cae2:	4605      	mov	r5, r0
 800cae4:	4608      	mov	r0, r1
 800cae6:	6023      	str	r3, [r4, #0]
 800cae8:	f7fb fd22 	bl	8008530 <_isatty>
 800caec:	1c43      	adds	r3, r0, #1
 800caee:	d102      	bne.n	800caf6 <_isatty_r+0x1a>
 800caf0:	6823      	ldr	r3, [r4, #0]
 800caf2:	b103      	cbz	r3, 800caf6 <_isatty_r+0x1a>
 800caf4:	602b      	str	r3, [r5, #0]
 800caf6:	bd38      	pop	{r3, r4, r5, pc}
 800caf8:	20002320 	.word	0x20002320

0800cafc <abort>:
 800cafc:	b508      	push	{r3, lr}
 800cafe:	2006      	movs	r0, #6
 800cb00:	f000 f834 	bl	800cb6c <raise>
 800cb04:	2001      	movs	r0, #1
 800cb06:	f7fb fce7 	bl	80084d8 <_exit>

0800cb0a <_malloc_usable_size_r>:
 800cb0a:	f851 3c04 	ldr.w	r3, [r1, #-4]
 800cb0e:	1f18      	subs	r0, r3, #4
 800cb10:	2b00      	cmp	r3, #0
 800cb12:	bfbc      	itt	lt
 800cb14:	580b      	ldrlt	r3, [r1, r0]
 800cb16:	18c0      	addlt	r0, r0, r3
 800cb18:	4770      	bx	lr

0800cb1a <_raise_r>:
 800cb1a:	291f      	cmp	r1, #31
 800cb1c:	b538      	push	{r3, r4, r5, lr}
 800cb1e:	4605      	mov	r5, r0
 800cb20:	460c      	mov	r4, r1
 800cb22:	d904      	bls.n	800cb2e <_raise_r+0x14>
 800cb24:	2316      	movs	r3, #22
 800cb26:	6003      	str	r3, [r0, #0]
 800cb28:	f04f 30ff 	mov.w	r0, #4294967295
 800cb2c:	bd38      	pop	{r3, r4, r5, pc}
 800cb2e:	6bc2      	ldr	r2, [r0, #60]	@ 0x3c
 800cb30:	b112      	cbz	r2, 800cb38 <_raise_r+0x1e>
 800cb32:	f852 3021 	ldr.w	r3, [r2, r1, lsl #2]
 800cb36:	b94b      	cbnz	r3, 800cb4c <_raise_r+0x32>
 800cb38:	4628      	mov	r0, r5
 800cb3a:	f000 f831 	bl	800cba0 <_getpid_r>
 800cb3e:	4622      	mov	r2, r4
 800cb40:	4601      	mov	r1, r0
 800cb42:	4628      	mov	r0, r5
 800cb44:	e8bd 4038 	ldmia.w	sp!, {r3, r4, r5, lr}
 800cb48:	f000 b818 	b.w	800cb7c <_kill_r>
 800cb4c:	2b01      	cmp	r3, #1
 800cb4e:	d00a      	beq.n	800cb66 <_raise_r+0x4c>
 800cb50:	1c59      	adds	r1, r3, #1
 800cb52:	d103      	bne.n	800cb5c <_raise_r+0x42>
 800cb54:	2316      	movs	r3, #22
 800cb56:	6003      	str	r3, [r0, #0]
 800cb58:	2001      	movs	r0, #1
 800cb5a:	e7e7      	b.n	800cb2c <_raise_r+0x12>
 800cb5c:	2100      	movs	r1, #0
 800cb5e:	f842 1024 	str.w	r1, [r2, r4, lsl #2]
 800cb62:	4620      	mov	r0, r4
 800cb64:	4798      	blx	r3
 800cb66:	2000      	movs	r0, #0
 800cb68:	e7e0      	b.n	800cb2c <_raise_r+0x12>
	...

0800cb6c <raise>:
 800cb6c:	4b02      	ldr	r3, [pc, #8]	@ (800cb78 <raise+0xc>)
 800cb6e:	4601      	mov	r1, r0
 800cb70:	6818      	ldr	r0, [r3, #0]
 800cb72:	f7ff bfd2 	b.w	800cb1a <_raise_r>
 800cb76:	bf00      	nop
 800cb78:	20000128 	.word	0x20000128

0800cb7c <_kill_r>:
 800cb7c:	b538      	push	{r3, r4, r5, lr}
 800cb7e:	4c07      	ldr	r4, [pc, #28]	@ (800cb9c <_kill_r+0x20>)
 800cb80:	2300      	movs	r3, #0
 800cb82:	4605      	mov	r5, r0
 800cb84:	4608      	mov	r0, r1
 800cb86:	4611      	mov	r1, r2
 800cb88:	6023      	str	r3, [r4, #0]
 800cb8a:	f7fb fc9d 	bl	80084c8 <_kill>
 800cb8e:	1c43      	adds	r3, r0, #1
 800cb90:	d102      	bne.n	800cb98 <_kill_r+0x1c>
 800cb92:	6823      	ldr	r3, [r4, #0]
 800cb94:	b103      	cbz	r3, 800cb98 <_kill_r+0x1c>
 800cb96:	602b      	str	r3, [r5, #0]
 800cb98:	bd38      	pop	{r3, r4, r5, pc}
 800cb9a:	bf00      	nop
 800cb9c:	20002320 	.word	0x20002320

0800cba0 <_getpid_r>:
 800cba0:	f7fb bc90 	b.w	80084c4 <_getpid>

0800cba4 <_init>:
 800cba4:	b5f8      	push	{r3, r4, r5, r6, r7, lr}
 800cba6:	bf00      	nop
 800cba8:	bcf8      	pop	{r3, r4, r5, r6, r7}
 800cbaa:	bc08      	pop	{r3}
 800cbac:	469e      	mov	lr, r3
 800cbae:	4770      	bx	lr

0800cbb0 <_fini>:
 800cbb0:	b5f8      	push	{r3, r4, r5, r6, r7, lr}
 800cbb2:	bf00      	nop
 800cbb4:	bcf8      	pop	{r3, r4, r5, r6, r7}
 800cbb6:	bc08      	pop	{r3}
 800cbb8:	469e      	mov	lr, r3
 800cbba:	4770      	bx	lr
