ARM GAS  C:\Users\Nathan\AppData\Local\Temp\cchjRnEM.s 			page 1


   1              		.cpu cortex-m4
   2              		.arch armv7e-m
   3              		.fpu fpv4-sp-d16
   4              		.eabi_attribute 27, 1
   5              		.eabi_attribute 28, 1
   6              		.eabi_attribute 20, 1
   7              		.eabi_attribute 21, 1
   8              		.eabi_attribute 23, 3
   9              		.eabi_attribute 24, 1
  10              		.eabi_attribute 25, 1
  11              		.eabi_attribute 26, 1
  12              		.eabi_attribute 30, 1
  13              		.eabi_attribute 34, 1
  14              		.eabi_attribute 18, 4
  15              		.file	"stm32wbxx_hal_spi.c"
  16              		.text
  17              		.section	.text.SPI_WaitFlagStateUntilTimeout,"ax",%progbits
  18              		.align	1
  19              		.syntax unified
  20              		.thumb
  21              		.thumb_func
  23              	SPI_WaitFlagStateUntilTimeout:
  24              		@ args = 4, pretend = 0, frame = 8
  25              		@ frame_needed = 0, uses_anonymous_args = 0
  26 0000 2DE9F043 		push	{r4, r5, r6, r7, r8, r9, lr}
  27 0004 83B0     		sub	sp, sp, #12
  28 0006 0446     		mov	r4, r0
  29 0008 0F46     		mov	r7, r1
  30 000a 1646     		mov	r6, r2
  31 000c 1D46     		mov	r5, r3
  32 000e FFF7FEFF 		bl	HAL_GetTick
  33 0012 0A9B     		ldr	r3, [sp, #40]
  34 0014 1B1A     		subs	r3, r3, r0
  35 0016 03EB0508 		add	r8, r3, r5
  36 001a FFF7FEFF 		bl	HAL_GetTick
  37 001e 8146     		mov	r9, r0
  38 0020 284B     		ldr	r3, .L18
  39 0022 1B68     		ldr	r3, [r3]
  40 0024 C3F3CB33 		ubfx	r3, r3, #15, #12
  41 0028 08FB03F3 		mul	r3, r8, r3
  42 002c 0193     		str	r3, [sp, #4]
  43              	.L3:
  44 002e 2368     		ldr	r3, [r4]
  45 0030 9B68     		ldr	r3, [r3, #8]
  46 0032 37EA0303 		bics	r3, r7, r3
  47 0036 0CBF     		ite	eq
  48 0038 0123     		moveq	r3, #1
  49 003a 0023     		movne	r3, #0
  50 003c B342     		cmp	r3, r6
  51 003e 3DD0     		beq	.L13
  52 0040 B5F1FF3F 		cmp	r5, #-1
  53 0044 F3D0     		beq	.L3
  54 0046 FFF7FEFF 		bl	HAL_GetTick
  55 004a 4B46     		mov	r3, r9
  56 004c C01A     		subs	r0, r0, r3
  57 004e 4045     		cmp	r0, r8
  58 0050 03D2     		bcs	.L14
ARM GAS  C:\Users\Nathan\AppData\Local\Temp\cchjRnEM.s 			page 2


  59 0052 019B     		ldr	r3, [sp, #4]
  60 0054 73BB     		cbnz	r3, .L15
  61 0056 9846     		mov	r8, r3
  62 0058 E9E7     		b	.L3
  63              	.L14:
  64 005a 2268     		ldr	r2, [r4]
  65 005c 5368     		ldr	r3, [r2, #4]
  66 005e 23F0E003 		bic	r3, r3, #224
  67 0062 5360     		str	r3, [r2, #4]
  68 0064 6368     		ldr	r3, [r4, #4]
  69 0066 B3F5827F 		cmp	r3, #260
  70 006a 0BD0     		beq	.L16
  71              	.L5:
  72 006c A36A     		ldr	r3, [r4, #40]
  73 006e B3F5005F 		cmp	r3, #8192
  74 0072 14D0     		beq	.L17
  75              	.L7:
  76 0074 0123     		movs	r3, #1
  77 0076 84F85D30 		strb	r3, [r4, #93]
  78 007a 0023     		movs	r3, #0
  79 007c 84F85C30 		strb	r3, [r4, #92]
  80 0080 0320     		movs	r0, #3
  81 0082 1CE0     		b	.L8
  82              	.L16:
  83 0084 A368     		ldr	r3, [r4, #8]
  84 0086 B3F5004F 		cmp	r3, #32768
  85 008a 02D0     		beq	.L6
  86 008c B3F5806F 		cmp	r3, #1024
  87 0090 ECD1     		bne	.L5
  88              	.L6:
  89 0092 2268     		ldr	r2, [r4]
  90 0094 1368     		ldr	r3, [r2]
  91 0096 23F04003 		bic	r3, r3, #64
  92 009a 1360     		str	r3, [r2]
  93 009c E6E7     		b	.L5
  94              	.L17:
  95 009e 2268     		ldr	r2, [r4]
  96 00a0 1368     		ldr	r3, [r2]
  97 00a2 23F40053 		bic	r3, r3, #8192
  98 00a6 1360     		str	r3, [r2]
  99 00a8 2268     		ldr	r2, [r4]
 100 00aa 1368     		ldr	r3, [r2]
 101 00ac 43F40053 		orr	r3, r3, #8192
 102 00b0 1360     		str	r3, [r2]
 103 00b2 DFE7     		b	.L7
 104              	.L15:
 105 00b4 019B     		ldr	r3, [sp, #4]
 106 00b6 013B     		subs	r3, r3, #1
 107 00b8 0193     		str	r3, [sp, #4]
 108 00ba B8E7     		b	.L3
 109              	.L13:
 110 00bc 0020     		movs	r0, #0
 111              	.L8:
 112 00be 03B0     		add	sp, sp, #12
 113              		@ sp needed
 114 00c0 BDE8F083 		pop	{r4, r5, r6, r7, r8, r9, pc}
 115              	.L19:
ARM GAS  C:\Users\Nathan\AppData\Local\Temp\cchjRnEM.s 			page 3


 116              		.align	2
 117              	.L18:
 118 00c4 00000000 		.word	SystemCoreClock
 120              		.section	.text.SPI_WaitFifoStateUntilTimeout,"ax",%progbits
 121              		.align	1
 122              		.syntax unified
 123              		.thumb
 124              		.thumb_func
 126              	SPI_WaitFifoStateUntilTimeout:
 127              		@ args = 4, pretend = 0, frame = 8
 128              		@ frame_needed = 0, uses_anonymous_args = 0
 129 0000 2DE9F047 		push	{r4, r5, r6, r7, r8, r9, r10, lr}
 130 0004 82B0     		sub	sp, sp, #8
 131 0006 0646     		mov	r6, r0
 132 0008 0C46     		mov	r4, r1
 133 000a 1546     		mov	r5, r2
 134 000c 1F46     		mov	r7, r3
 135 000e 0023     		movs	r3, #0
 136 0010 8DF80330 		strb	r3, [sp, #3]
 137 0014 FFF7FEFF 		bl	HAL_GetTick
 138 0018 0A9B     		ldr	r3, [sp, #40]
 139 001a 1B1A     		subs	r3, r3, r0
 140 001c 03EB0708 		add	r8, r3, r7
 141 0020 FFF7FEFF 		bl	HAL_GetTick
 142 0024 8246     		mov	r10, r0
 143 0026 D6F80090 		ldr	r9, [r6]
 144 002a 304B     		ldr	r3, .L39
 145 002c 1B68     		ldr	r3, [r3]
 146 002e 03EB8303 		add	r3, r3, r3, lsl #2
 147 0032 C3EBC303 		rsb	r3, r3, r3, lsl #3
 148 0036 1B0D     		lsrs	r3, r3, #20
 149 0038 08FB03F3 		mul	r3, r8, r3
 150 003c 0193     		str	r3, [sp, #4]
 151 003e 02E0     		b	.L23
 152              	.L22:
 153 0040 B7F1FF3F 		cmp	r7, #-1
 154 0044 12D1     		bne	.L33
 155              	.L23:
 156 0046 3368     		ldr	r3, [r6]
 157 0048 9B68     		ldr	r3, [r3, #8]
 158 004a 03EA040C 		and	ip, r3, r4
 159 004e AC45     		cmp	ip, r5
 160 0050 47D0     		beq	.L34
 161 0052 B4F5C06F 		cmp	r4, #1536
 162 0056 F3D1     		bne	.L22
 163 0058 002D     		cmp	r5, #0
 164 005a F1D1     		bne	.L22
 165 005c 99F80C30 		ldrb	r3, [r9, #12]	@ zero_extendqisi2
 166 0060 DBB2     		uxtb	r3, r3
 167 0062 8DF80330 		strb	r3, [sp, #3]
 168 0066 9DF80330 		ldrb	r3, [sp, #3]	@ zero_extendqisi2
 169 006a E9E7     		b	.L22
 170              	.L33:
 171 006c FFF7FEFF 		bl	HAL_GetTick
 172 0070 5346     		mov	r3, r10
 173 0072 C01A     		subs	r0, r0, r3
 174 0074 4045     		cmp	r0, r8
ARM GAS  C:\Users\Nathan\AppData\Local\Temp\cchjRnEM.s 			page 4


 175 0076 03D2     		bcs	.L35
 176 0078 019B     		ldr	r3, [sp, #4]
 177 007a 73BB     		cbnz	r3, .L36
 178 007c 9846     		mov	r8, r3
 179 007e E2E7     		b	.L23
 180              	.L35:
 181 0080 3268     		ldr	r2, [r6]
 182 0082 5368     		ldr	r3, [r2, #4]
 183 0084 23F0E003 		bic	r3, r3, #224
 184 0088 5360     		str	r3, [r2, #4]
 185 008a 7368     		ldr	r3, [r6, #4]
 186 008c B3F5827F 		cmp	r3, #260
 187 0090 0BD0     		beq	.L37
 188              	.L25:
 189 0092 B36A     		ldr	r3, [r6, #40]
 190 0094 B3F5005F 		cmp	r3, #8192
 191 0098 14D0     		beq	.L38
 192              	.L27:
 193 009a 0123     		movs	r3, #1
 194 009c 86F85D30 		strb	r3, [r6, #93]
 195 00a0 0023     		movs	r3, #0
 196 00a2 86F85C30 		strb	r3, [r6, #92]
 197 00a6 0320     		movs	r0, #3
 198 00a8 1CE0     		b	.L28
 199              	.L37:
 200 00aa B368     		ldr	r3, [r6, #8]
 201 00ac B3F5004F 		cmp	r3, #32768
 202 00b0 02D0     		beq	.L26
 203 00b2 B3F5806F 		cmp	r3, #1024
 204 00b6 ECD1     		bne	.L25
 205              	.L26:
 206 00b8 3268     		ldr	r2, [r6]
 207 00ba 1368     		ldr	r3, [r2]
 208 00bc 23F04003 		bic	r3, r3, #64
 209 00c0 1360     		str	r3, [r2]
 210 00c2 E6E7     		b	.L25
 211              	.L38:
 212 00c4 3268     		ldr	r2, [r6]
 213 00c6 1368     		ldr	r3, [r2]
 214 00c8 23F40053 		bic	r3, r3, #8192
 215 00cc 1360     		str	r3, [r2]
 216 00ce 3268     		ldr	r2, [r6]
 217 00d0 1368     		ldr	r3, [r2]
 218 00d2 43F40053 		orr	r3, r3, #8192
 219 00d6 1360     		str	r3, [r2]
 220 00d8 DFE7     		b	.L27
 221              	.L36:
 222 00da 019B     		ldr	r3, [sp, #4]
 223 00dc 013B     		subs	r3, r3, #1
 224 00de 0193     		str	r3, [sp, #4]
 225 00e0 B1E7     		b	.L23
 226              	.L34:
 227 00e2 0020     		movs	r0, #0
 228              	.L28:
 229 00e4 02B0     		add	sp, sp, #8
 230              		@ sp needed
 231 00e6 BDE8F087 		pop	{r4, r5, r6, r7, r8, r9, r10, pc}
ARM GAS  C:\Users\Nathan\AppData\Local\Temp\cchjRnEM.s 			page 5


 232              	.L40:
 233 00ea 00BF     		.align	2
 234              	.L39:
 235 00ec 00000000 		.word	SystemCoreClock
 237              		.section	.text.SPI_EndRxTxTransaction,"ax",%progbits
 238              		.align	1
 239              		.syntax unified
 240              		.thumb
 241              		.thumb_func
 243              	SPI_EndRxTxTransaction:
 244              		@ args = 0, pretend = 0, frame = 0
 245              		@ frame_needed = 0, uses_anonymous_args = 0
 246 0000 70B5     		push	{r4, r5, r6, lr}
 247 0002 82B0     		sub	sp, sp, #8
 248 0004 0446     		mov	r4, r0
 249 0006 0B46     		mov	r3, r1
 250 0008 0E46     		mov	r6, r1
 251 000a 1546     		mov	r5, r2
 252 000c 0092     		str	r2, [sp]
 253 000e 0022     		movs	r2, #0
 254 0010 4FF4C051 		mov	r1, #6144
 255 0014 FFF7FEFF 		bl	SPI_WaitFifoStateUntilTimeout
 256 0018 B0B9     		cbnz	r0, .L46
 257 001a 0095     		str	r5, [sp]
 258 001c 3346     		mov	r3, r6
 259 001e 0246     		mov	r2, r0
 260 0020 8021     		movs	r1, #128
 261 0022 2046     		mov	r0, r4
 262 0024 FFF7FEFF 		bl	SPI_WaitFlagStateUntilTimeout
 263 0028 A8B9     		cbnz	r0, .L47
 264 002a 0095     		str	r5, [sp]
 265 002c 3346     		mov	r3, r6
 266 002e 0246     		mov	r2, r0
 267 0030 4FF4C061 		mov	r1, #1536
 268 0034 2046     		mov	r0, r4
 269 0036 FFF7FEFF 		bl	SPI_WaitFifoStateUntilTimeout
 270 003a 50B1     		cbz	r0, .L43
 271 003c 236E     		ldr	r3, [r4, #96]
 272 003e 43F02003 		orr	r3, r3, #32
 273 0042 2366     		str	r3, [r4, #96]
 274 0044 0320     		movs	r0, #3
 275 0046 04E0     		b	.L43
 276              	.L46:
 277 0048 236E     		ldr	r3, [r4, #96]
 278 004a 43F02003 		orr	r3, r3, #32
 279 004e 2366     		str	r3, [r4, #96]
 280 0050 0320     		movs	r0, #3
 281              	.L43:
 282 0052 02B0     		add	sp, sp, #8
 283              		@ sp needed
 284 0054 70BD     		pop	{r4, r5, r6, pc}
 285              	.L47:
 286 0056 236E     		ldr	r3, [r4, #96]
 287 0058 43F02003 		orr	r3, r3, #32
 288 005c 2366     		str	r3, [r4, #96]
 289 005e 0320     		movs	r0, #3
 290 0060 F7E7     		b	.L43
ARM GAS  C:\Users\Nathan\AppData\Local\Temp\cchjRnEM.s 			page 6


 292              		.section	.text.SPI_EndRxTransaction,"ax",%progbits
 293              		.align	1
 294              		.syntax unified
 295              		.thumb
 296              		.thumb_func
 298              	SPI_EndRxTransaction:
 299              		@ args = 0, pretend = 0, frame = 0
 300              		@ frame_needed = 0, uses_anonymous_args = 0
 301 0000 70B5     		push	{r4, r5, r6, lr}
 302 0002 82B0     		sub	sp, sp, #8
 303 0004 0446     		mov	r4, r0
 304 0006 0D46     		mov	r5, r1
 305 0008 1646     		mov	r6, r2
 306 000a 4368     		ldr	r3, [r0, #4]
 307 000c B3F5827F 		cmp	r3, #260
 308 0010 0DD0     		beq	.L55
 309              	.L49:
 310 0012 0096     		str	r6, [sp]
 311 0014 2B46     		mov	r3, r5
 312 0016 0022     		movs	r2, #0
 313 0018 8021     		movs	r1, #128
 314 001a 2046     		mov	r0, r4
 315 001c FFF7FEFF 		bl	SPI_WaitFlagStateUntilTimeout
 316 0020 90B9     		cbnz	r0, .L56
 317 0022 6368     		ldr	r3, [r4, #4]
 318 0024 B3F5827F 		cmp	r3, #260
 319 0028 14D0     		beq	.L57
 320              	.L52:
 321 002a 02B0     		add	sp, sp, #8
 322              		@ sp needed
 323 002c 70BD     		pop	{r4, r5, r6, pc}
 324              	.L55:
 325 002e 8368     		ldr	r3, [r0, #8]
 326 0030 B3F5004F 		cmp	r3, #32768
 327 0034 02D0     		beq	.L50
 328 0036 B3F5806F 		cmp	r3, #1024
 329 003a EAD1     		bne	.L49
 330              	.L50:
 331 003c 2268     		ldr	r2, [r4]
 332 003e 1368     		ldr	r3, [r2]
 333 0040 23F04003 		bic	r3, r3, #64
 334 0044 1360     		str	r3, [r2]
 335 0046 E4E7     		b	.L49
 336              	.L56:
 337 0048 236E     		ldr	r3, [r4, #96]
 338 004a 43F02003 		orr	r3, r3, #32
 339 004e 2366     		str	r3, [r4, #96]
 340 0050 0320     		movs	r0, #3
 341 0052 EAE7     		b	.L52
 342              	.L57:
 343 0054 A368     		ldr	r3, [r4, #8]
 344 0056 B3F5004F 		cmp	r3, #32768
 345 005a 02D0     		beq	.L53
 346 005c B3F5806F 		cmp	r3, #1024
 347 0060 E3D1     		bne	.L52
 348              	.L53:
 349 0062 0096     		str	r6, [sp]
ARM GAS  C:\Users\Nathan\AppData\Local\Temp\cchjRnEM.s 			page 7


 350 0064 2B46     		mov	r3, r5
 351 0066 0022     		movs	r2, #0
 352 0068 4FF4C061 		mov	r1, #1536
 353 006c 2046     		mov	r0, r4
 354 006e FFF7FEFF 		bl	SPI_WaitFifoStateUntilTimeout
 355 0072 0028     		cmp	r0, #0
 356 0074 D9D0     		beq	.L52
 357 0076 236E     		ldr	r3, [r4, #96]
 358 0078 43F02003 		orr	r3, r3, #32
 359 007c 2366     		str	r3, [r4, #96]
 360 007e 0320     		movs	r0, #3
 361 0080 D3E7     		b	.L52
 363              		.section	.text.SPI_AbortRx_ISR,"ax",%progbits
 364              		.align	1
 365              		.syntax unified
 366              		.thumb
 367              		.thumb_func
 369              	SPI_AbortRx_ISR:
 370              		@ args = 0, pretend = 0, frame = 8
 371              		@ frame_needed = 0, uses_anonymous_args = 0
 372 0000 10B5     		push	{r4, lr}
 373 0002 84B0     		sub	sp, sp, #16
 374 0004 0446     		mov	r4, r0
 375 0006 0268     		ldr	r2, [r0]
 376 0008 1368     		ldr	r3, [r2]
 377 000a 23F04003 		bic	r3, r3, #64
 378 000e 1360     		str	r3, [r2]
 379 0010 1D4B     		ldr	r3, .L66
 380 0012 1B68     		ldr	r3, [r3]
 381 0014 1D4A     		ldr	r2, .L66+4
 382 0016 A2FB0323 		umull	r2, r3, r2, r3
 383 001a 5B0A     		lsrs	r3, r3, #9
 384 001c 6422     		movs	r2, #100
 385 001e 02FB03F3 		mul	r3, r2, r3
 386 0022 0393     		str	r3, [sp, #12]
 387 0024 0268     		ldr	r2, [r0]
 388 0026 5368     		ldr	r3, [r2, #4]
 389 0028 23F04003 		bic	r3, r3, #64
 390 002c 5360     		str	r3, [r2, #4]
 391              	.L61:
 392 002e 039B     		ldr	r3, [sp, #12]
 393 0030 43B1     		cbz	r3, .L65
 394 0032 039B     		ldr	r3, [sp, #12]
 395 0034 013B     		subs	r3, r3, #1
 396 0036 0393     		str	r3, [sp, #12]
 397 0038 2368     		ldr	r3, [r4]
 398 003a 5B68     		ldr	r3, [r3, #4]
 399 003c 13F0400F 		tst	r3, #64
 400 0040 F5D1     		bne	.L61
 401 0042 03E0     		b	.L60
 402              	.L65:
 403 0044 236E     		ldr	r3, [r4, #96]
 404 0046 43F04003 		orr	r3, r3, #64
 405 004a 2366     		str	r3, [r4, #96]
 406              	.L60:
 407 004c FFF7FEFF 		bl	HAL_GetTick
 408 0050 0090     		str	r0, [sp]
ARM GAS  C:\Users\Nathan\AppData\Local\Temp\cchjRnEM.s 			page 8


 409 0052 6423     		movs	r3, #100
 410 0054 0022     		movs	r2, #0
 411 0056 8021     		movs	r1, #128
 412 0058 2046     		mov	r0, r4
 413 005a FFF7FEFF 		bl	SPI_WaitFlagStateUntilTimeout
 414 005e 08B1     		cbz	r0, .L62
 415 0060 4023     		movs	r3, #64
 416 0062 2366     		str	r3, [r4, #96]
 417              	.L62:
 418 0064 FFF7FEFF 		bl	HAL_GetTick
 419 0068 0090     		str	r0, [sp]
 420 006a 6423     		movs	r3, #100
 421 006c 0022     		movs	r2, #0
 422 006e 4FF4C061 		mov	r1, #1536
 423 0072 2046     		mov	r0, r4
 424 0074 FFF7FEFF 		bl	SPI_WaitFifoStateUntilTimeout
 425 0078 08B1     		cbz	r0, .L63
 426 007a 4023     		movs	r3, #64
 427 007c 2366     		str	r3, [r4, #96]
 428              	.L63:
 429 007e 0723     		movs	r3, #7
 430 0080 84F85D30 		strb	r3, [r4, #93]
 431 0084 04B0     		add	sp, sp, #16
 432              		@ sp needed
 433 0086 10BD     		pop	{r4, pc}
 434              	.L67:
 435              		.align	2
 436              	.L66:
 437 0088 00000000 		.word	SystemCoreClock
 438 008c F1197605 		.word	91625969
 440              		.section	.text.SPI_AbortTx_ISR,"ax",%progbits
 441              		.align	1
 442              		.syntax unified
 443              		.thumb
 444              		.thumb_func
 446              	SPI_AbortTx_ISR:
 447              		@ args = 0, pretend = 0, frame = 8
 448              		@ frame_needed = 0, uses_anonymous_args = 0
 449 0000 10B5     		push	{r4, lr}
 450 0002 84B0     		sub	sp, sp, #16
 451 0004 0446     		mov	r4, r0
 452 0006 384B     		ldr	r3, .L82
 453 0008 1B68     		ldr	r3, [r3]
 454 000a 384A     		ldr	r2, .L82+4
 455 000c A2FB0323 		umull	r2, r3, r2, r3
 456 0010 5B0A     		lsrs	r3, r3, #9
 457 0012 6422     		movs	r2, #100
 458 0014 02FB03F3 		mul	r3, r2, r3
 459 0018 0393     		str	r3, [sp, #12]
 460 001a 0268     		ldr	r2, [r0]
 461 001c 5368     		ldr	r3, [r2, #4]
 462 001e 23F08003 		bic	r3, r3, #128
 463 0022 5360     		str	r3, [r2, #4]
 464              	.L71:
 465 0024 039B     		ldr	r3, [sp, #12]
 466 0026 43B1     		cbz	r3, .L80
 467 0028 039B     		ldr	r3, [sp, #12]
ARM GAS  C:\Users\Nathan\AppData\Local\Temp\cchjRnEM.s 			page 9


 468 002a 013B     		subs	r3, r3, #1
 469 002c 0393     		str	r3, [sp, #12]
 470 002e 2368     		ldr	r3, [r4]
 471 0030 5B68     		ldr	r3, [r3, #4]
 472 0032 13F0800F 		tst	r3, #128
 473 0036 F5D1     		bne	.L71
 474 0038 03E0     		b	.L70
 475              	.L80:
 476 003a 236E     		ldr	r3, [r4, #96]
 477 003c 43F04003 		orr	r3, r3, #64
 478 0040 2366     		str	r3, [r4, #96]
 479              	.L70:
 480 0042 FFF7FEFF 		bl	HAL_GetTick
 481 0046 0246     		mov	r2, r0
 482 0048 6421     		movs	r1, #100
 483 004a 2046     		mov	r0, r4
 484 004c FFF7FEFF 		bl	SPI_EndRxTxTransaction
 485 0050 08B1     		cbz	r0, .L72
 486 0052 4023     		movs	r3, #64
 487 0054 2366     		str	r3, [r4, #96]
 488              	.L72:
 489 0056 2268     		ldr	r2, [r4]
 490 0058 1368     		ldr	r3, [r2]
 491 005a 23F04003 		bic	r3, r3, #64
 492 005e 1360     		str	r3, [r2]
 493 0060 FFF7FEFF 		bl	HAL_GetTick
 494 0064 0090     		str	r0, [sp]
 495 0066 6423     		movs	r3, #100
 496 0068 0022     		movs	r2, #0
 497 006a 4FF4C061 		mov	r1, #1536
 498 006e 2046     		mov	r0, r4
 499 0070 FFF7FEFF 		bl	SPI_WaitFifoStateUntilTimeout
 500 0074 08B1     		cbz	r0, .L73
 501 0076 4023     		movs	r3, #64
 502 0078 2366     		str	r3, [r4, #96]
 503              	.L73:
 504 007a 2368     		ldr	r3, [r4]
 505 007c 5A68     		ldr	r2, [r3, #4]
 506 007e 12F0400F 		tst	r2, #64
 507 0082 2BD0     		beq	.L74
 508 0084 5A68     		ldr	r2, [r3, #4]
 509 0086 22F04002 		bic	r2, r2, #64
 510 008a 5A60     		str	r2, [r3, #4]
 511              	.L77:
 512 008c 039B     		ldr	r3, [sp, #12]
 513 008e 43B1     		cbz	r3, .L81
 514 0090 039B     		ldr	r3, [sp, #12]
 515 0092 013B     		subs	r3, r3, #1
 516 0094 0393     		str	r3, [sp, #12]
 517 0096 2368     		ldr	r3, [r4]
 518 0098 5B68     		ldr	r3, [r3, #4]
 519 009a 13F0400F 		tst	r3, #64
 520 009e F5D1     		bne	.L77
 521 00a0 03E0     		b	.L76
 522              	.L81:
 523 00a2 236E     		ldr	r3, [r4, #96]
 524 00a4 43F04003 		orr	r3, r3, #64
ARM GAS  C:\Users\Nathan\AppData\Local\Temp\cchjRnEM.s 			page 10


 525 00a8 2366     		str	r3, [r4, #96]
 526              	.L76:
 527 00aa FFF7FEFF 		bl	HAL_GetTick
 528 00ae 0090     		str	r0, [sp]
 529 00b0 6423     		movs	r3, #100
 530 00b2 0022     		movs	r2, #0
 531 00b4 8021     		movs	r1, #128
 532 00b6 2046     		mov	r0, r4
 533 00b8 FFF7FEFF 		bl	SPI_WaitFlagStateUntilTimeout
 534 00bc 08B1     		cbz	r0, .L78
 535 00be 4023     		movs	r3, #64
 536 00c0 2366     		str	r3, [r4, #96]
 537              	.L78:
 538 00c2 FFF7FEFF 		bl	HAL_GetTick
 539 00c6 0090     		str	r0, [sp]
 540 00c8 6423     		movs	r3, #100
 541 00ca 0022     		movs	r2, #0
 542 00cc 4FF4C061 		mov	r1, #1536
 543 00d0 2046     		mov	r0, r4
 544 00d2 FFF7FEFF 		bl	SPI_WaitFifoStateUntilTimeout
 545 00d6 08B1     		cbz	r0, .L74
 546 00d8 4023     		movs	r3, #64
 547 00da 2366     		str	r3, [r4, #96]
 548              	.L74:
 549 00dc 0723     		movs	r3, #7
 550 00de 84F85D30 		strb	r3, [r4, #93]
 551 00e2 04B0     		add	sp, sp, #16
 552              		@ sp needed
 553 00e4 10BD     		pop	{r4, pc}
 554              	.L83:
 555 00e6 00BF     		.align	2
 556              	.L82:
 557 00e8 00000000 		.word	SystemCoreClock
 558 00ec F1197605 		.word	91625969
 560              		.section	.text.HAL_SPI_MspInit,"ax",%progbits
 561              		.align	1
 562              		.weak	HAL_SPI_MspInit
 563              		.syntax unified
 564              		.thumb
 565              		.thumb_func
 567              	HAL_SPI_MspInit:
 568              		@ args = 0, pretend = 0, frame = 0
 569              		@ frame_needed = 0, uses_anonymous_args = 0
 570              		@ link register save eliminated.
 571 0000 7047     		bx	lr
 573              		.section	.text.HAL_SPI_Init,"ax",%progbits
 574              		.align	1
 575              		.global	HAL_SPI_Init
 576              		.syntax unified
 577              		.thumb
 578              		.thumb_func
 580              	HAL_SPI_Init:
 581              		@ args = 0, pretend = 0, frame = 0
 582              		@ frame_needed = 0, uses_anonymous_args = 0
 583 0000 0028     		cmp	r0, #0
 584 0002 6AD0     		beq	.L92
 585 0004 10B5     		push	{r4, lr}
ARM GAS  C:\Users\Nathan\AppData\Local\Temp\cchjRnEM.s 			page 11


 586 0006 0446     		mov	r4, r0
 587 0008 436A     		ldr	r3, [r0, #36]
 588 000a 33B9     		cbnz	r3, .L87
 589 000c 4368     		ldr	r3, [r0, #4]
 590 000e B3F5827F 		cmp	r3, #260
 591 0012 05D0     		beq	.L88
 592 0014 0023     		movs	r3, #0
 593 0016 C361     		str	r3, [r0, #28]
 594 0018 02E0     		b	.L88
 595              	.L87:
 596 001a 0023     		movs	r3, #0
 597 001c 0361     		str	r3, [r0, #16]
 598 001e 4361     		str	r3, [r0, #20]
 599              	.L88:
 600 0020 0023     		movs	r3, #0
 601 0022 A362     		str	r3, [r4, #40]
 602 0024 94F85D30 		ldrb	r3, [r4, #93]	@ zero_extendqisi2
 603 0028 002B     		cmp	r3, #0
 604 002a 4DD0     		beq	.L98
 605              	.L89:
 606 002c 0223     		movs	r3, #2
 607 002e 84F85D30 		strb	r3, [r4, #93]
 608 0032 2268     		ldr	r2, [r4]
 609 0034 1368     		ldr	r3, [r2]
 610 0036 23F04003 		bic	r3, r3, #64
 611 003a 1360     		str	r3, [r2]
 612 003c E368     		ldr	r3, [r4, #12]
 613 003e B3F5E06F 		cmp	r3, #1792
 614 0042 47D9     		bls	.L93
 615 0044 0022     		movs	r2, #0
 616              	.L90:
 617 0046 B3F5706F 		cmp	r3, #3840
 618 004a 04D0     		beq	.L91
 619 004c B3F5E06F 		cmp	r3, #1792
 620 0050 01D0     		beq	.L91
 621 0052 0023     		movs	r3, #0
 622 0054 A362     		str	r3, [r4, #40]
 623              	.L91:
 624 0056 6368     		ldr	r3, [r4, #4]
 625 0058 03F48273 		and	r3, r3, #260
 626 005c A168     		ldr	r1, [r4, #8]
 627 005e 01F40441 		and	r1, r1, #33792
 628 0062 0B43     		orrs	r3, r3, r1
 629 0064 2169     		ldr	r1, [r4, #16]
 630 0066 01F00201 		and	r1, r1, #2
 631 006a 0B43     		orrs	r3, r3, r1
 632 006c 6169     		ldr	r1, [r4, #20]
 633 006e 01F00101 		and	r1, r1, #1
 634 0072 0B43     		orrs	r3, r3, r1
 635 0074 A169     		ldr	r1, [r4, #24]
 636 0076 01F40071 		and	r1, r1, #512
 637 007a 0B43     		orrs	r3, r3, r1
 638 007c E169     		ldr	r1, [r4, #28]
 639 007e 01F03801 		and	r1, r1, #56
 640 0082 0B43     		orrs	r3, r3, r1
 641 0084 216A     		ldr	r1, [r4, #32]
 642 0086 01F08001 		and	r1, r1, #128
ARM GAS  C:\Users\Nathan\AppData\Local\Temp\cchjRnEM.s 			page 12


 643 008a 0B43     		orrs	r3, r3, r1
 644 008c A16A     		ldr	r1, [r4, #40]
 645 008e 01F40051 		and	r1, r1, #8192
 646 0092 2068     		ldr	r0, [r4]
 647 0094 0B43     		orrs	r3, r3, r1
 648 0096 0360     		str	r3, [r0]
 649 0098 638B     		ldrh	r3, [r4, #26]
 650 009a 03F00403 		and	r3, r3, #4
 651 009e 616A     		ldr	r1, [r4, #36]
 652 00a0 01F01001 		and	r1, r1, #16
 653 00a4 0B43     		orrs	r3, r3, r1
 654 00a6 616B     		ldr	r1, [r4, #52]
 655 00a8 01F00801 		and	r1, r1, #8
 656 00ac 0B43     		orrs	r3, r3, r1
 657 00ae E168     		ldr	r1, [r4, #12]
 658 00b0 01F47061 		and	r1, r1, #3840
 659 00b4 0B43     		orrs	r3, r3, r1
 660 00b6 2168     		ldr	r1, [r4]
 661 00b8 1343     		orrs	r3, r3, r2
 662 00ba 4B60     		str	r3, [r1, #4]
 663 00bc 0020     		movs	r0, #0
 664 00be 2066     		str	r0, [r4, #96]
 665 00c0 0123     		movs	r3, #1
 666 00c2 84F85D30 		strb	r3, [r4, #93]
 667 00c6 10BD     		pop	{r4, pc}
 668              	.L98:
 669 00c8 84F85C30 		strb	r3, [r4, #92]
 670 00cc 2046     		mov	r0, r4
 671 00ce FFF7FEFF 		bl	HAL_SPI_MspInit
 672 00d2 ABE7     		b	.L89
 673              	.L93:
 674 00d4 4FF48052 		mov	r2, #4096
 675 00d8 B5E7     		b	.L90
 676              	.L92:
 677 00da 0120     		movs	r0, #1
 678 00dc 7047     		bx	lr
 680              		.section	.text.HAL_SPI_MspDeInit,"ax",%progbits
 681              		.align	1
 682              		.weak	HAL_SPI_MspDeInit
 683              		.syntax unified
 684              		.thumb
 685              		.thumb_func
 687              	HAL_SPI_MspDeInit:
 688              		@ args = 0, pretend = 0, frame = 0
 689              		@ frame_needed = 0, uses_anonymous_args = 0
 690              		@ link register save eliminated.
 691 0000 7047     		bx	lr
 693              		.section	.text.HAL_SPI_DeInit,"ax",%progbits
 694              		.align	1
 695              		.global	HAL_SPI_DeInit
 696              		.syntax unified
 697              		.thumb
 698              		.thumb_func
 700              	HAL_SPI_DeInit:
 701              		@ args = 0, pretend = 0, frame = 0
 702              		@ frame_needed = 0, uses_anonymous_args = 0
 703 0000 90B1     		cbz	r0, .L102
ARM GAS  C:\Users\Nathan\AppData\Local\Temp\cchjRnEM.s 			page 13


 704 0002 10B5     		push	{r4, lr}
 705 0004 0446     		mov	r4, r0
 706 0006 0223     		movs	r3, #2
 707 0008 80F85D30 		strb	r3, [r0, #93]
 708 000c 0268     		ldr	r2, [r0]
 709 000e 1368     		ldr	r3, [r2]
 710 0010 23F04003 		bic	r3, r3, #64
 711 0014 1360     		str	r3, [r2]
 712 0016 FFF7FEFF 		bl	HAL_SPI_MspDeInit
 713 001a 0020     		movs	r0, #0
 714 001c 2066     		str	r0, [r4, #96]
 715 001e 84F85D00 		strb	r0, [r4, #93]
 716 0022 84F85C00 		strb	r0, [r4, #92]
 717 0026 10BD     		pop	{r4, pc}
 718              	.L102:
 719 0028 0120     		movs	r0, #1
 720 002a 7047     		bx	lr
 722              		.section	.text.HAL_SPI_Transmit,"ax",%progbits
 723              		.align	1
 724              		.global	HAL_SPI_Transmit
 725              		.syntax unified
 726              		.thumb
 727              		.thumb_func
 729              	HAL_SPI_Transmit:
 730              		@ args = 0, pretend = 0, frame = 8
 731              		@ frame_needed = 0, uses_anonymous_args = 0
 732 0000 2DE9F043 		push	{r4, r5, r6, r7, r8, r9, lr}
 733 0004 83B0     		sub	sp, sp, #12
 734 0006 0446     		mov	r4, r0
 735 0008 8946     		mov	r9, r1
 736 000a 9046     		mov	r8, r2
 737 000c 1D46     		mov	r5, r3
 738 000e FFF7FEFF 		bl	HAL_GetTick
 739 0012 94F85D30 		ldrb	r3, [r4, #93]	@ zero_extendqisi2
 740 0016 012B     		cmp	r3, #1
 741 0018 40F0F080 		bne	.L133
 742 001c 0646     		mov	r6, r0
 743 001e DFB2     		uxtb	r7, r3
 744 0020 4946     		mov	r1, r9
 745 0022 0029     		cmp	r1, #0
 746 0024 00F0EB80 		beq	.L108
 747 0028 4246     		mov	r2, r8
 748 002a 002A     		cmp	r2, #0
 749 002c 00F0E780 		beq	.L108
 750 0030 94F85C30 		ldrb	r3, [r4, #92]	@ zero_extendqisi2
 751 0034 012B     		cmp	r3, #1
 752 0036 00F0E680 		beq	.L134
 753 003a 0123     		movs	r3, #1
 754 003c 84F85C30 		strb	r3, [r4, #92]
 755 0040 0323     		movs	r3, #3
 756 0042 84F85D30 		strb	r3, [r4, #93]
 757 0046 0023     		movs	r3, #0
 758 0048 2366     		str	r3, [r4, #96]
 759 004a C4F83890 		str	r9, [r4, #56]
 760 004e A4F83C80 		strh	r8, [r4, #60]	@ movhi
 761 0052 A4F83E80 		strh	r8, [r4, #62]	@ movhi
 762 0056 2364     		str	r3, [r4, #64]
ARM GAS  C:\Users\Nathan\AppData\Local\Temp\cchjRnEM.s 			page 14


 763 0058 A4F84430 		strh	r3, [r4, #68]	@ movhi
 764 005c A4F84630 		strh	r3, [r4, #70]	@ movhi
 765 0060 2365     		str	r3, [r4, #80]
 766 0062 E364     		str	r3, [r4, #76]
 767 0064 A368     		ldr	r3, [r4, #8]
 768 0066 B3F5004F 		cmp	r3, #32768
 769 006a 1ED0     		beq	.L137
 770              	.L109:
 771 006c 2368     		ldr	r3, [r4]
 772 006e 1A68     		ldr	r2, [r3]
 773 0070 12F0400F 		tst	r2, #64
 774 0074 03D1     		bne	.L110
 775 0076 1A68     		ldr	r2, [r3]
 776 0078 42F04002 		orr	r2, r2, #64
 777 007c 1A60     		str	r2, [r3]
 778              	.L110:
 779 007e E368     		ldr	r3, [r4, #12]
 780 0080 B3F5E06F 		cmp	r3, #1792
 781 0084 47D9     		bls	.L111
 782 0086 6368     		ldr	r3, [r4, #4]
 783 0088 13B1     		cbz	r3, .L112
 784 008a 4346     		mov	r3, r8
 785 008c 012B     		cmp	r3, #1
 786 008e 20D1     		bne	.L118
 787              	.L112:
 788 0090 A26B     		ldr	r2, [r4, #56]
 789 0092 2368     		ldr	r3, [r4]
 790 0094 1288     		ldrh	r2, [r2]
 791 0096 DA60     		str	r2, [r3, #12]
 792 0098 A36B     		ldr	r3, [r4, #56]
 793 009a 0233     		adds	r3, r3, #2
 794 009c A363     		str	r3, [r4, #56]
 795 009e E38F     		ldrh	r3, [r4, #62]
 796 00a0 9BB2     		uxth	r3, r3
 797 00a2 013B     		subs	r3, r3, #1
 798 00a4 9BB2     		uxth	r3, r3
 799 00a6 E387     		strh	r3, [r4, #62]	@ movhi
 800 00a8 13E0     		b	.L118
 801              	.L137:
 802 00aa 2268     		ldr	r2, [r4]
 803 00ac 1368     		ldr	r3, [r2]
 804 00ae 23F04003 		bic	r3, r3, #64
 805 00b2 1360     		str	r3, [r2]
 806 00b4 2268     		ldr	r2, [r4]
 807 00b6 1368     		ldr	r3, [r2]
 808 00b8 43F48043 		orr	r3, r3, #16384
 809 00bc 1360     		str	r3, [r2]
 810 00be D5E7     		b	.L109
 811              	.L114:
 812 00c0 FFF7FEFF 		bl	HAL_GetTick
 813 00c4 801B     		subs	r0, r0, r6
 814 00c6 A842     		cmp	r0, r5
 815 00c8 02D3     		bcc	.L116
 816 00ca B5F1FF3F 		cmp	r5, #-1
 817 00ce 1AD1     		bne	.L117
 818              	.L116:
 819 00d0 CDB1     		cbz	r5, .L117
ARM GAS  C:\Users\Nathan\AppData\Local\Temp\cchjRnEM.s 			page 15


 820              	.L118:
 821 00d2 E38F     		ldrh	r3, [r4, #62]
 822 00d4 9BB2     		uxth	r3, r3
 823 00d6 002B     		cmp	r3, #0
 824 00d8 75D0     		beq	.L120
 825 00da 2368     		ldr	r3, [r4]
 826 00dc 9A68     		ldr	r2, [r3, #8]
 827 00de 12F0020F 		tst	r2, #2
 828 00e2 EDD0     		beq	.L114
 829 00e4 A26B     		ldr	r2, [r4, #56]
 830 00e6 1288     		ldrh	r2, [r2]
 831 00e8 DA60     		str	r2, [r3, #12]
 832 00ea A36B     		ldr	r3, [r4, #56]
 833 00ec 0233     		adds	r3, r3, #2
 834 00ee A363     		str	r3, [r4, #56]
 835 00f0 B4F83EC0 		ldrh	ip, [r4, #62]
 836 00f4 1FFA8CFC 		uxth	ip, ip
 837 00f8 0CF1FF3C 		add	ip, ip, #-1
 838 00fc 1FFA8CFC 		uxth	ip, ip
 839 0100 A4F83EC0 		strh	ip, [r4, #62]	@ movhi
 840 0104 E5E7     		b	.L118
 841              	.L117:
 842 0106 0123     		movs	r3, #1
 843 0108 84F85D30 		strb	r3, [r4, #93]
 844 010c 0023     		movs	r3, #0
 845 010e 84F85C30 		strb	r3, [r4, #92]
 846 0112 0327     		movs	r7, #3
 847 0114 73E0     		b	.L108
 848              	.L111:
 849 0116 6368     		ldr	r3, [r4, #4]
 850 0118 13B1     		cbz	r3, .L121
 851 011a 4346     		mov	r3, r8
 852 011c 012B     		cmp	r3, #1
 853 011e 28D1     		bne	.L129
 854              	.L121:
 855 0120 E38F     		ldrh	r3, [r4, #62]
 856 0122 9BB2     		uxth	r3, r3
 857 0124 012B     		cmp	r3, #1
 858 0126 0CD9     		bls	.L123
 859 0128 A26B     		ldr	r2, [r4, #56]
 860 012a 2368     		ldr	r3, [r4]
 861 012c 1288     		ldrh	r2, [r2]
 862 012e DA60     		str	r2, [r3, #12]
 863 0130 A36B     		ldr	r3, [r4, #56]
 864 0132 0233     		adds	r3, r3, #2
 865 0134 A363     		str	r3, [r4, #56]
 866 0136 E38F     		ldrh	r3, [r4, #62]
 867 0138 9BB2     		uxth	r3, r3
 868 013a 023B     		subs	r3, r3, #2
 869 013c 9BB2     		uxth	r3, r3
 870 013e E387     		strh	r3, [r4, #62]	@ movhi
 871 0140 17E0     		b	.L129
 872              	.L123:
 873 0142 A26B     		ldr	r2, [r4, #56]
 874 0144 2368     		ldr	r3, [r4]
 875 0146 1278     		ldrb	r2, [r2]	@ zero_extendqisi2
 876 0148 1A73     		strb	r2, [r3, #12]
ARM GAS  C:\Users\Nathan\AppData\Local\Temp\cchjRnEM.s 			page 16


 877 014a A36B     		ldr	r3, [r4, #56]
 878 014c 0133     		adds	r3, r3, #1
 879 014e A363     		str	r3, [r4, #56]
 880 0150 E38F     		ldrh	r3, [r4, #62]
 881 0152 9BB2     		uxth	r3, r3
 882 0154 013B     		subs	r3, r3, #1
 883 0156 9BB2     		uxth	r3, r3
 884 0158 E387     		strh	r3, [r4, #62]	@ movhi
 885 015a 0AE0     		b	.L129
 886              	.L138:
 887 015c A36B     		ldr	r3, [r4, #56]
 888 015e 1B88     		ldrh	r3, [r3]
 889 0160 D360     		str	r3, [r2, #12]
 890 0162 A36B     		ldr	r3, [r4, #56]
 891 0164 0233     		adds	r3, r3, #2
 892 0166 A363     		str	r3, [r4, #56]
 893 0168 E38F     		ldrh	r3, [r4, #62]
 894 016a 9BB2     		uxth	r3, r3
 895 016c 023B     		subs	r3, r3, #2
 896 016e 9BB2     		uxth	r3, r3
 897 0170 E387     		strh	r3, [r4, #62]	@ movhi
 898              	.L129:
 899 0172 E38F     		ldrh	r3, [r4, #62]
 900 0174 9BB2     		uxth	r3, r3
 901 0176 33B3     		cbz	r3, .L120
 902 0178 2268     		ldr	r2, [r4]
 903 017a 9368     		ldr	r3, [r2, #8]
 904 017c 13F0020F 		tst	r3, #2
 905 0180 0FD0     		beq	.L124
 906 0182 E38F     		ldrh	r3, [r4, #62]
 907 0184 9BB2     		uxth	r3, r3
 908 0186 012B     		cmp	r3, #1
 909 0188 E8D8     		bhi	.L138
 910 018a A36B     		ldr	r3, [r4, #56]
 911 018c 1B78     		ldrb	r3, [r3]	@ zero_extendqisi2
 912 018e 1373     		strb	r3, [r2, #12]
 913 0190 A36B     		ldr	r3, [r4, #56]
 914 0192 0133     		adds	r3, r3, #1
 915 0194 A363     		str	r3, [r4, #56]
 916 0196 E38F     		ldrh	r3, [r4, #62]
 917 0198 9BB2     		uxth	r3, r3
 918 019a 013B     		subs	r3, r3, #1
 919 019c 9BB2     		uxth	r3, r3
 920 019e E387     		strh	r3, [r4, #62]	@ movhi
 921 01a0 E7E7     		b	.L129
 922              	.L124:
 923 01a2 FFF7FEFF 		bl	HAL_GetTick
 924 01a6 801B     		subs	r0, r0, r6
 925 01a8 A842     		cmp	r0, r5
 926 01aa 02D3     		bcc	.L127
 927 01ac B5F1FF3F 		cmp	r5, #-1
 928 01b0 01D1     		bne	.L128
 929              	.L127:
 930 01b2 002D     		cmp	r5, #0
 931 01b4 DDD1     		bne	.L129
 932              	.L128:
 933 01b6 0123     		movs	r3, #1
ARM GAS  C:\Users\Nathan\AppData\Local\Temp\cchjRnEM.s 			page 17


 934 01b8 84F85D30 		strb	r3, [r4, #93]
 935 01bc 0023     		movs	r3, #0
 936 01be 84F85C30 		strb	r3, [r4, #92]
 937 01c2 0327     		movs	r7, #3
 938 01c4 1BE0     		b	.L108
 939              	.L120:
 940 01c6 3246     		mov	r2, r6
 941 01c8 2946     		mov	r1, r5
 942 01ca 2046     		mov	r0, r4
 943 01cc FFF7FEFF 		bl	SPI_EndRxTxTransaction
 944 01d0 08B1     		cbz	r0, .L131
 945 01d2 2023     		movs	r3, #32
 946 01d4 2366     		str	r3, [r4, #96]
 947              	.L131:
 948 01d6 A368     		ldr	r3, [r4, #8]
 949 01d8 33B9     		cbnz	r3, .L132
 950 01da 0193     		str	r3, [sp, #4]
 951 01dc 2368     		ldr	r3, [r4]
 952 01de DA68     		ldr	r2, [r3, #12]
 953 01e0 0192     		str	r2, [sp, #4]
 954 01e2 9B68     		ldr	r3, [r3, #8]
 955 01e4 0193     		str	r3, [sp, #4]
 956 01e6 019B     		ldr	r3, [sp, #4]
 957              	.L132:
 958 01e8 0123     		movs	r3, #1
 959 01ea 84F85D30 		strb	r3, [r4, #93]
 960 01ee 0023     		movs	r3, #0
 961 01f0 84F85C30 		strb	r3, [r4, #92]
 962 01f4 236E     		ldr	r3, [r4, #96]
 963 01f6 13B9     		cbnz	r3, .L108
 964 01f8 1F46     		mov	r7, r3
 965 01fa 00E0     		b	.L108
 966              	.L133:
 967 01fc 0227     		movs	r7, #2
 968              	.L108:
 969 01fe 3846     		mov	r0, r7
 970 0200 03B0     		add	sp, sp, #12
 971              		@ sp needed
 972 0202 BDE8F083 		pop	{r4, r5, r6, r7, r8, r9, pc}
 973              	.L134:
 974 0206 0227     		movs	r7, #2
 975 0208 F9E7     		b	.L108
 977              		.section	.text.HAL_SPI_TransmitReceive,"ax",%progbits
 978              		.align	1
 979              		.global	HAL_SPI_TransmitReceive
 980              		.syntax unified
 981              		.thumb
 982              		.thumb_func
 984              	HAL_SPI_TransmitReceive:
 985              		@ args = 4, pretend = 0, frame = 0
 986              		@ frame_needed = 0, uses_anonymous_args = 0
 987 0000 2DE9F843 		push	{r3, r4, r5, r6, r7, r8, r9, lr}
 988 0004 0446     		mov	r4, r0
 989 0006 0F46     		mov	r7, r1
 990 0008 9146     		mov	r9, r2
 991 000a 9846     		mov	r8, r3
 992 000c 089D     		ldr	r5, [sp, #32]
ARM GAS  C:\Users\Nathan\AppData\Local\Temp\cchjRnEM.s 			page 18


 993 000e FFF7FEFF 		bl	HAL_GetTick
 994 0012 0646     		mov	r6, r0
 995 0014 94F85D30 		ldrb	r3, [r4, #93]	@ zero_extendqisi2
 996 0018 6268     		ldr	r2, [r4, #4]
 997 001a 012B     		cmp	r3, #1
 998 001c 0BD0     		beq	.L140
 999 001e D9B2     		uxtb	r1, r3
 1000 0020 B2F5827F 		cmp	r2, #260
 1001 0024 40F06481 		bne	.L167
 1002 0028 A368     		ldr	r3, [r4, #8]
 1003 002a 002B     		cmp	r3, #0
 1004 002c 40F06381 		bne	.L168
 1005 0030 0429     		cmp	r1, #4
 1006 0032 40F06281 		bne	.L169
 1007              	.L140:
 1008 0036 002F     		cmp	r7, #0
 1009 0038 00F06181 		beq	.L170
 1010 003c 4B46     		mov	r3, r9
 1011 003e 002B     		cmp	r3, #0
 1012 0040 00F05F81 		beq	.L171
 1013 0044 4346     		mov	r3, r8
 1014 0046 002B     		cmp	r3, #0
 1015 0048 00F05D81 		beq	.L172
 1016 004c 94F85C30 		ldrb	r3, [r4, #92]	@ zero_extendqisi2
 1017 0050 012B     		cmp	r3, #1
 1018 0052 00F05A81 		beq	.L173
 1019 0056 0123     		movs	r3, #1
 1020 0058 84F85C30 		strb	r3, [r4, #92]
 1021 005c 94F85D30 		ldrb	r3, [r4, #93]	@ zero_extendqisi2
 1022 0060 042B     		cmp	r3, #4
 1023 0062 02D0     		beq	.L142
 1024 0064 0523     		movs	r3, #5
 1025 0066 84F85D30 		strb	r3, [r4, #93]
 1026              	.L142:
 1027 006a 0023     		movs	r3, #0
 1028 006c 2366     		str	r3, [r4, #96]
 1029 006e C4F84090 		str	r9, [r4, #64]
 1030 0072 4246     		mov	r2, r8
 1031 0074 A4F84680 		strh	r8, [r4, #70]	@ movhi
 1032 0078 A4F84480 		strh	r8, [r4, #68]	@ movhi
 1033 007c A763     		str	r7, [r4, #56]
 1034 007e A4F83E80 		strh	r8, [r4, #62]	@ movhi
 1035 0082 A4F83C80 		strh	r8, [r4, #60]	@ movhi
 1036 0086 E364     		str	r3, [r4, #76]
 1037 0088 2365     		str	r3, [r4, #80]
 1038 008a E368     		ldr	r3, [r4, #12]
 1039 008c B3F5E06F 		cmp	r3, #1792
 1040 0090 01D8     		bhi	.L143
 1041 0092 012A     		cmp	r2, #1
 1042 0094 25D9     		bls	.L144
 1043              	.L143:
 1044 0096 2268     		ldr	r2, [r4]
 1045 0098 5368     		ldr	r3, [r2, #4]
 1046 009a 23F48053 		bic	r3, r3, #4096
 1047 009e 5360     		str	r3, [r2, #4]
 1048              	.L145:
 1049 00a0 2368     		ldr	r3, [r4]
ARM GAS  C:\Users\Nathan\AppData\Local\Temp\cchjRnEM.s 			page 19


 1050 00a2 1A68     		ldr	r2, [r3]
 1051 00a4 12F0400F 		tst	r2, #64
 1052 00a8 03D1     		bne	.L146
 1053 00aa 1A68     		ldr	r2, [r3]
 1054 00ac 42F04002 		orr	r2, r2, #64
 1055 00b0 1A60     		str	r2, [r3]
 1056              	.L146:
 1057 00b2 E368     		ldr	r3, [r4, #12]
 1058 00b4 B3F5E06F 		cmp	r3, #1792
 1059 00b8 62D9     		bls	.L147
 1060 00ba 6368     		ldr	r3, [r4, #4]
 1061 00bc 13B1     		cbz	r3, .L148
 1062 00be 4346     		mov	r3, r8
 1063 00c0 012B     		cmp	r3, #1
 1064 00c2 0BD1     		bne	.L149
 1065              	.L148:
 1066 00c4 A26B     		ldr	r2, [r4, #56]
 1067 00c6 2368     		ldr	r3, [r4]
 1068 00c8 1288     		ldrh	r2, [r2]
 1069 00ca DA60     		str	r2, [r3, #12]
 1070 00cc A36B     		ldr	r3, [r4, #56]
 1071 00ce 0233     		adds	r3, r3, #2
 1072 00d0 A363     		str	r3, [r4, #56]
 1073 00d2 E38F     		ldrh	r3, [r4, #62]
 1074 00d4 9BB2     		uxth	r3, r3
 1075 00d6 013B     		subs	r3, r3, #1
 1076 00d8 9BB2     		uxth	r3, r3
 1077 00da E387     		strh	r3, [r4, #62]	@ movhi
 1078              	.L149:
 1079 00dc 0123     		movs	r3, #1
 1080 00de 1F46     		mov	r7, r3
 1081 00e0 31E0     		b	.L152
 1082              	.L144:
 1083 00e2 2268     		ldr	r2, [r4]
 1084 00e4 5368     		ldr	r3, [r2, #4]
 1085 00e6 43F48053 		orr	r3, r3, #4096
 1086 00ea 5360     		str	r3, [r2, #4]
 1087 00ec D8E7     		b	.L145
 1088              	.L177:
 1089 00ee A26B     		ldr	r2, [r4, #56]
 1090 00f0 1288     		ldrh	r2, [r2]
 1091 00f2 DA60     		str	r2, [r3, #12]
 1092 00f4 A36B     		ldr	r3, [r4, #56]
 1093 00f6 0233     		adds	r3, r3, #2
 1094 00f8 A363     		str	r3, [r4, #56]
 1095 00fa E38F     		ldrh	r3, [r4, #62]
 1096 00fc 9BB2     		uxth	r3, r3
 1097 00fe 013B     		subs	r3, r3, #1
 1098 0100 9BB2     		uxth	r3, r3
 1099 0102 E387     		strh	r3, [r4, #62]	@ movhi
 1100 0104 0023     		movs	r3, #0
 1101 0106 1F46     		mov	r7, r3
 1102              	.L150:
 1103 0108 2268     		ldr	r2, [r4]
 1104 010a 9368     		ldr	r3, [r2, #8]
 1105 010c 13F00103 		ands	r3, r3, #1
 1106 0110 11D0     		beq	.L151
ARM GAS  C:\Users\Nathan\AppData\Local\Temp\cchjRnEM.s 			page 20


 1107 0112 B4F84610 		ldrh	r1, [r4, #70]
 1108 0116 89B2     		uxth	r1, r1
 1109 0118 69B1     		cbz	r1, .L151
 1110 011a D168     		ldr	r1, [r2, #12]
 1111 011c 226C     		ldr	r2, [r4, #64]
 1112 011e 1180     		strh	r1, [r2]	@ movhi
 1113 0120 226C     		ldr	r2, [r4, #64]
 1114 0122 0232     		adds	r2, r2, #2
 1115 0124 2264     		str	r2, [r4, #64]
 1116 0126 B4F84620 		ldrh	r2, [r4, #70]
 1117 012a 92B2     		uxth	r2, r2
 1118 012c 013A     		subs	r2, r2, #1
 1119 012e 92B2     		uxth	r2, r2
 1120 0130 A4F84620 		strh	r2, [r4, #70]	@ movhi
 1121 0134 1F46     		mov	r7, r3
 1122              	.L151:
 1123 0136 FFF7FEFF 		bl	HAL_GetTick
 1124 013a 831B     		subs	r3, r0, r6
 1125 013c AB42     		cmp	r3, r5
 1126 013e 02D3     		bcc	.L152
 1127 0140 B5F1FF3F 		cmp	r5, #-1
 1128 0144 14D1     		bne	.L176
 1129              	.L152:
 1130 0146 E38F     		ldrh	r3, [r4, #62]
 1131 0148 9BB2     		uxth	r3, r3
 1132 014a 2BB9     		cbnz	r3, .L153
 1133 014c B4F84630 		ldrh	r3, [r4, #70]
 1134 0150 9BB2     		uxth	r3, r3
 1135 0152 002B     		cmp	r3, #0
 1136 0154 00F0B580 		beq	.L154
 1137              	.L153:
 1138 0158 2368     		ldr	r3, [r4]
 1139 015a 9A68     		ldr	r2, [r3, #8]
 1140 015c 12F0020F 		tst	r2, #2
 1141 0160 D2D0     		beq	.L150
 1142 0162 E28F     		ldrh	r2, [r4, #62]
 1143 0164 92B2     		uxth	r2, r2
 1144 0166 002A     		cmp	r2, #0
 1145 0168 CED0     		beq	.L150
 1146 016a 002F     		cmp	r7, #0
 1147 016c CCD0     		beq	.L150
 1148 016e BEE7     		b	.L177
 1149              	.L176:
 1150 0170 0123     		movs	r3, #1
 1151 0172 84F85D30 		strb	r3, [r4, #93]
 1152 0176 0023     		movs	r3, #0
 1153 0178 84F85C30 		strb	r3, [r4, #92]
 1154 017c 0320     		movs	r0, #3
 1155 017e B8E0     		b	.L141
 1156              	.L147:
 1157 0180 6368     		ldr	r3, [r4, #4]
 1158 0182 13B1     		cbz	r3, .L155
 1159 0184 4346     		mov	r3, r8
 1160 0186 012B     		cmp	r3, #1
 1161 0188 0FD1     		bne	.L156
 1162              	.L155:
 1163 018a E38F     		ldrh	r3, [r4, #62]
ARM GAS  C:\Users\Nathan\AppData\Local\Temp\cchjRnEM.s 			page 21


 1164 018c 9BB2     		uxth	r3, r3
 1165 018e 012B     		cmp	r3, #1
 1166 0190 0ED9     		bls	.L157
 1167 0192 A26B     		ldr	r2, [r4, #56]
 1168 0194 2368     		ldr	r3, [r4]
 1169 0196 1288     		ldrh	r2, [r2]
 1170 0198 DA60     		str	r2, [r3, #12]
 1171 019a A36B     		ldr	r3, [r4, #56]
 1172 019c 0233     		adds	r3, r3, #2
 1173 019e A363     		str	r3, [r4, #56]
 1174 01a0 E38F     		ldrh	r3, [r4, #62]
 1175 01a2 9BB2     		uxth	r3, r3
 1176 01a4 023B     		subs	r3, r3, #2
 1177 01a6 9BB2     		uxth	r3, r3
 1178 01a8 E387     		strh	r3, [r4, #62]	@ movhi
 1179              	.L156:
 1180 01aa 0123     		movs	r3, #1
 1181 01ac 1F46     		mov	r7, r3
 1182 01ae 4BE0     		b	.L164
 1183              	.L157:
 1184 01b0 A26B     		ldr	r2, [r4, #56]
 1185 01b2 2368     		ldr	r3, [r4]
 1186 01b4 1278     		ldrb	r2, [r2]	@ zero_extendqisi2
 1187 01b6 1A73     		strb	r2, [r3, #12]
 1188 01b8 A36B     		ldr	r3, [r4, #56]
 1189 01ba 0133     		adds	r3, r3, #1
 1190 01bc A363     		str	r3, [r4, #56]
 1191 01be E38F     		ldrh	r3, [r4, #62]
 1192 01c0 9BB2     		uxth	r3, r3
 1193 01c2 013B     		subs	r3, r3, #1
 1194 01c4 9BB2     		uxth	r3, r3
 1195 01c6 E387     		strh	r3, [r4, #62]	@ movhi
 1196 01c8 EFE7     		b	.L156
 1197              	.L178:
 1198 01ca E28F     		ldrh	r2, [r4, #62]
 1199 01cc 92B2     		uxth	r2, r2
 1200 01ce 012A     		cmp	r2, #1
 1201 01d0 0DD9     		bls	.L159
 1202 01d2 A26B     		ldr	r2, [r4, #56]
 1203 01d4 1288     		ldrh	r2, [r2]
 1204 01d6 DA60     		str	r2, [r3, #12]
 1205 01d8 A36B     		ldr	r3, [r4, #56]
 1206 01da 0233     		adds	r3, r3, #2
 1207 01dc A363     		str	r3, [r4, #56]
 1208 01de E38F     		ldrh	r3, [r4, #62]
 1209 01e0 9BB2     		uxth	r3, r3
 1210 01e2 023B     		subs	r3, r3, #2
 1211 01e4 9BB2     		uxth	r3, r3
 1212 01e6 E387     		strh	r3, [r4, #62]	@ movhi
 1213 01e8 0023     		movs	r3, #0
 1214 01ea 1F46     		mov	r7, r3
 1215 01ec 3EE0     		b	.L158
 1216              	.L159:
 1217 01ee A26B     		ldr	r2, [r4, #56]
 1218 01f0 1278     		ldrb	r2, [r2]	@ zero_extendqisi2
 1219 01f2 1A73     		strb	r2, [r3, #12]
 1220 01f4 A36B     		ldr	r3, [r4, #56]
ARM GAS  C:\Users\Nathan\AppData\Local\Temp\cchjRnEM.s 			page 22


 1221 01f6 0133     		adds	r3, r3, #1
 1222 01f8 A363     		str	r3, [r4, #56]
 1223 01fa E38F     		ldrh	r3, [r4, #62]
 1224 01fc 9BB2     		uxth	r3, r3
 1225 01fe 013B     		subs	r3, r3, #1
 1226 0200 9BB2     		uxth	r3, r3
 1227 0202 E387     		strh	r3, [r4, #62]	@ movhi
 1228 0204 0023     		movs	r3, #0
 1229 0206 1F46     		mov	r7, r3
 1230 0208 30E0     		b	.L158
 1231              	.L179:
 1232 020a 2168     		ldr	r1, [r4]
 1233 020c 4A68     		ldr	r2, [r1, #4]
 1234 020e 42F48052 		orr	r2, r2, #4096
 1235 0212 4A60     		str	r2, [r1, #4]
 1236 0214 1F46     		mov	r7, r3
 1237 0216 0DE0     		b	.L160
 1238              	.L161:
 1239 0218 216C     		ldr	r1, [r4, #64]
 1240 021a 127B     		ldrb	r2, [r2, #12]	@ zero_extendqisi2
 1241 021c 0A70     		strb	r2, [r1]
 1242 021e 226C     		ldr	r2, [r4, #64]
 1243 0220 0132     		adds	r2, r2, #1
 1244 0222 2264     		str	r2, [r4, #64]
 1245 0224 B4F84620 		ldrh	r2, [r4, #70]
 1246 0228 92B2     		uxth	r2, r2
 1247 022a 013A     		subs	r2, r2, #1
 1248 022c 92B2     		uxth	r2, r2
 1249 022e A4F84620 		strh	r2, [r4, #70]	@ movhi
 1250 0232 1F46     		mov	r7, r3
 1251              	.L160:
 1252 0234 FFF7FEFF 		bl	HAL_GetTick
 1253 0238 801B     		subs	r0, r0, r6
 1254 023a A842     		cmp	r0, r5
 1255 023c 02D3     		bcc	.L162
 1256 023e B5F1FF3F 		cmp	r5, #-1
 1257 0242 36D1     		bne	.L163
 1258              	.L162:
 1259 0244 002D     		cmp	r5, #0
 1260 0246 34D0     		beq	.L163
 1261              	.L164:
 1262 0248 E38F     		ldrh	r3, [r4, #62]
 1263 024a 9BB2     		uxth	r3, r3
 1264 024c 23B9     		cbnz	r3, .L165
 1265 024e B4F84630 		ldrh	r3, [r4, #70]
 1266 0252 9BB2     		uxth	r3, r3
 1267 0254 002B     		cmp	r3, #0
 1268 0256 34D0     		beq	.L154
 1269              	.L165:
 1270 0258 2368     		ldr	r3, [r4]
 1271 025a 9A68     		ldr	r2, [r3, #8]
 1272 025c 12F0020F 		tst	r2, #2
 1273 0260 04D0     		beq	.L158
 1274 0262 E28F     		ldrh	r2, [r4, #62]
 1275 0264 92B2     		uxth	r2, r2
 1276 0266 0AB1     		cbz	r2, .L158
 1277 0268 002F     		cmp	r7, #0
ARM GAS  C:\Users\Nathan\AppData\Local\Temp\cchjRnEM.s 			page 23


 1278 026a AED1     		bne	.L178
 1279              	.L158:
 1280 026c 2268     		ldr	r2, [r4]
 1281 026e 9368     		ldr	r3, [r2, #8]
 1282 0270 13F00103 		ands	r3, r3, #1
 1283 0274 DED0     		beq	.L160
 1284 0276 B4F84610 		ldrh	r1, [r4, #70]
 1285 027a 89B2     		uxth	r1, r1
 1286 027c 0029     		cmp	r1, #0
 1287 027e D9D0     		beq	.L160
 1288 0280 B4F84610 		ldrh	r1, [r4, #70]
 1289 0284 89B2     		uxth	r1, r1
 1290 0286 0129     		cmp	r1, #1
 1291 0288 C6D9     		bls	.L161
 1292 028a D168     		ldr	r1, [r2, #12]
 1293 028c 226C     		ldr	r2, [r4, #64]
 1294 028e 1180     		strh	r1, [r2]	@ movhi
 1295 0290 226C     		ldr	r2, [r4, #64]
 1296 0292 0232     		adds	r2, r2, #2
 1297 0294 2264     		str	r2, [r4, #64]
 1298 0296 B4F84620 		ldrh	r2, [r4, #70]
 1299 029a 92B2     		uxth	r2, r2
 1300 029c 023A     		subs	r2, r2, #2
 1301 029e 92B2     		uxth	r2, r2
 1302 02a0 A4F84620 		strh	r2, [r4, #70]	@ movhi
 1303 02a4 B4F84620 		ldrh	r2, [r4, #70]
 1304 02a8 92B2     		uxth	r2, r2
 1305 02aa 012A     		cmp	r2, #1
 1306 02ac ADD9     		bls	.L179
 1307 02ae 1F46     		mov	r7, r3
 1308 02b0 C0E7     		b	.L160
 1309              	.L163:
 1310 02b2 0123     		movs	r3, #1
 1311 02b4 84F85D30 		strb	r3, [r4, #93]
 1312 02b8 0023     		movs	r3, #0
 1313 02ba 84F85C30 		strb	r3, [r4, #92]
 1314 02be 0320     		movs	r0, #3
 1315 02c0 17E0     		b	.L141
 1316              	.L154:
 1317 02c2 3246     		mov	r2, r6
 1318 02c4 2946     		mov	r1, r5
 1319 02c6 2046     		mov	r0, r4
 1320 02c8 FFF7FEFF 		bl	SPI_EndRxTxTransaction
 1321 02cc 48B9     		cbnz	r0, .L180
 1322 02ce 0123     		movs	r3, #1
 1323 02d0 84F85D30 		strb	r3, [r4, #93]
 1324 02d4 0023     		movs	r3, #0
 1325 02d6 84F85C30 		strb	r3, [r4, #92]
 1326 02da 236E     		ldr	r3, [r4, #96]
 1327 02dc 4BB1     		cbz	r3, .L141
 1328 02de 0120     		movs	r0, #1
 1329 02e0 07E0     		b	.L141
 1330              	.L180:
 1331 02e2 2023     		movs	r3, #32
 1332 02e4 2366     		str	r3, [r4, #96]
 1333 02e6 0023     		movs	r3, #0
 1334 02e8 84F85C30 		strb	r3, [r4, #92]
ARM GAS  C:\Users\Nathan\AppData\Local\Temp\cchjRnEM.s 			page 24


 1335 02ec 0120     		movs	r0, #1
 1336 02ee 00E0     		b	.L141
 1337              	.L167:
 1338 02f0 0220     		movs	r0, #2
 1339              	.L141:
 1340 02f2 BDE8F883 		pop	{r3, r4, r5, r6, r7, r8, r9, pc}
 1341              	.L168:
 1342 02f6 0220     		movs	r0, #2
 1343 02f8 FBE7     		b	.L141
 1344              	.L169:
 1345 02fa 0220     		movs	r0, #2
 1346 02fc F9E7     		b	.L141
 1347              	.L170:
 1348 02fe 0120     		movs	r0, #1
 1349 0300 F7E7     		b	.L141
 1350              	.L171:
 1351 0302 0120     		movs	r0, #1
 1352 0304 F5E7     		b	.L141
 1353              	.L172:
 1354 0306 0120     		movs	r0, #1
 1355 0308 F3E7     		b	.L141
 1356              	.L173:
 1357 030a 0220     		movs	r0, #2
 1358 030c F1E7     		b	.L141
 1360              		.section	.text.HAL_SPI_Receive,"ax",%progbits
 1361              		.align	1
 1362              		.global	HAL_SPI_Receive
 1363              		.syntax unified
 1364              		.thumb
 1365              		.thumb_func
 1367              	HAL_SPI_Receive:
 1368              		@ args = 0, pretend = 0, frame = 0
 1369              		@ frame_needed = 0, uses_anonymous_args = 0
 1370 0000 2DE9F043 		push	{r4, r5, r6, r7, r8, r9, lr}
 1371 0004 83B0     		sub	sp, sp, #12
 1372 0006 1D46     		mov	r5, r3
 1373 0008 90F85D30 		ldrb	r3, [r0, #93]	@ zero_extendqisi2
 1374 000c 012B     		cmp	r3, #1
 1375 000e 40F0C880 		bne	.L202
 1376 0012 0446     		mov	r4, r0
 1377 0014 8846     		mov	r8, r1
 1378 0016 9146     		mov	r9, r2
 1379 0018 DEB2     		uxtb	r6, r3
 1380 001a 0029     		cmp	r1, #0
 1381 001c 00F0C280 		beq	.L182
 1382 0020 002A     		cmp	r2, #0
 1383 0022 00F0BF80 		beq	.L182
 1384 0026 4368     		ldr	r3, [r0, #4]
 1385 0028 B3F5827F 		cmp	r3, #260
 1386 002c 02D1     		bne	.L183
 1387 002e 8368     		ldr	r3, [r0, #8]
 1388 0030 002B     		cmp	r3, #0
 1389 0032 35D0     		beq	.L206
 1390              	.L183:
 1391 0034 FFF7FEFF 		bl	HAL_GetTick
 1392 0038 0746     		mov	r7, r0
 1393 003a 94F85C30 		ldrb	r3, [r4, #92]	@ zero_extendqisi2
ARM GAS  C:\Users\Nathan\AppData\Local\Temp\cchjRnEM.s 			page 25


 1394 003e 012B     		cmp	r3, #1
 1395 0040 00F0B480 		beq	.L203
 1396 0044 0123     		movs	r3, #1
 1397 0046 84F85C30 		strb	r3, [r4, #92]
 1398 004a 0423     		movs	r3, #4
 1399 004c 84F85D30 		strb	r3, [r4, #93]
 1400 0050 0023     		movs	r3, #0
 1401 0052 2366     		str	r3, [r4, #96]
 1402 0054 C4F84080 		str	r8, [r4, #64]
 1403 0058 A4F84490 		strh	r9, [r4, #68]	@ movhi
 1404 005c A4F84690 		strh	r9, [r4, #70]	@ movhi
 1405 0060 A363     		str	r3, [r4, #56]
 1406 0062 A387     		strh	r3, [r4, #60]	@ movhi
 1407 0064 E387     		strh	r3, [r4, #62]	@ movhi
 1408 0066 E364     		str	r3, [r4, #76]
 1409 0068 2365     		str	r3, [r4, #80]
 1410 006a E368     		ldr	r3, [r4, #12]
 1411 006c B3F5E06F 		cmp	r3, #1792
 1412 0070 20D9     		bls	.L184
 1413 0072 2268     		ldr	r2, [r4]
 1414 0074 5368     		ldr	r3, [r2, #4]
 1415 0076 23F48053 		bic	r3, r3, #4096
 1416 007a 5360     		str	r3, [r2, #4]
 1417              	.L185:
 1418 007c A368     		ldr	r3, [r4, #8]
 1419 007e B3F5004F 		cmp	r3, #32768
 1420 0082 1DD0     		beq	.L207
 1421              	.L186:
 1422 0084 2368     		ldr	r3, [r4]
 1423 0086 1A68     		ldr	r2, [r3]
 1424 0088 12F0400F 		tst	r2, #64
 1425 008c 03D1     		bne	.L187
 1426 008e 1A68     		ldr	r2, [r3]
 1427 0090 42F04002 		orr	r2, r2, #64
 1428 0094 1A60     		str	r2, [r3]
 1429              	.L187:
 1430 0096 E368     		ldr	r3, [r4, #12]
 1431 0098 B3F5E06F 		cmp	r3, #1792
 1432 009c 24D9     		bls	.L188
 1433 009e 4CE0     		b	.L189
 1434              	.L206:
 1435 00a0 0423     		movs	r3, #4
 1436 00a2 80F85D30 		strb	r3, [r0, #93]
 1437 00a6 0095     		str	r5, [sp]
 1438 00a8 1346     		mov	r3, r2
 1439 00aa 0A46     		mov	r2, r1
 1440 00ac FFF7FEFF 		bl	HAL_SPI_TransmitReceive
 1441 00b0 0646     		mov	r6, r0
 1442 00b2 77E0     		b	.L182
 1443              	.L184:
 1444 00b4 2268     		ldr	r2, [r4]
 1445 00b6 5368     		ldr	r3, [r2, #4]
 1446 00b8 43F48053 		orr	r3, r3, #4096
 1447 00bc 5360     		str	r3, [r2, #4]
 1448 00be DDE7     		b	.L185
 1449              	.L207:
 1450 00c0 2268     		ldr	r2, [r4]
ARM GAS  C:\Users\Nathan\AppData\Local\Temp\cchjRnEM.s 			page 26


 1451 00c2 1368     		ldr	r3, [r2]
 1452 00c4 23F04003 		bic	r3, r3, #64
 1453 00c8 1360     		str	r3, [r2]
 1454 00ca 2268     		ldr	r2, [r4]
 1455 00cc 1368     		ldr	r3, [r2]
 1456 00ce 23F48043 		bic	r3, r3, #16384
 1457 00d2 1360     		str	r3, [r2]
 1458 00d4 D6E7     		b	.L186
 1459              	.L190:
 1460 00d6 FFF7FEFF 		bl	HAL_GetTick
 1461 00da C01B     		subs	r0, r0, r7
 1462 00dc A842     		cmp	r0, r5
 1463 00de 02D3     		bcc	.L192
 1464 00e0 B5F1FF3F 		cmp	r5, #-1
 1465 00e4 18D1     		bne	.L193
 1466              	.L192:
 1467 00e6 BDB1     		cbz	r5, .L193
 1468              	.L188:
 1469 00e8 B4F84630 		ldrh	r3, [r4, #70]
 1470 00ec 9BB2     		uxth	r3, r3
 1471 00ee 002B     		cmp	r3, #0
 1472 00f0 45D0     		beq	.L195
 1473 00f2 2368     		ldr	r3, [r4]
 1474 00f4 9A68     		ldr	r2, [r3, #8]
 1475 00f6 12F0010F 		tst	r2, #1
 1476 00fa ECD0     		beq	.L190
 1477 00fc 226C     		ldr	r2, [r4, #64]
 1478 00fe 1B7B     		ldrb	r3, [r3, #12]	@ zero_extendqisi2
 1479 0100 1370     		strb	r3, [r2]
 1480 0102 236C     		ldr	r3, [r4, #64]
 1481 0104 0133     		adds	r3, r3, #1
 1482 0106 2364     		str	r3, [r4, #64]
 1483 0108 B4F84630 		ldrh	r3, [r4, #70]
 1484 010c 9BB2     		uxth	r3, r3
 1485 010e 013B     		subs	r3, r3, #1
 1486 0110 9BB2     		uxth	r3, r3
 1487 0112 A4F84630 		strh	r3, [r4, #70]	@ movhi
 1488 0116 E7E7     		b	.L188
 1489              	.L193:
 1490 0118 0123     		movs	r3, #1
 1491 011a 84F85D30 		strb	r3, [r4, #93]
 1492 011e 0023     		movs	r3, #0
 1493 0120 84F85C30 		strb	r3, [r4, #92]
 1494 0124 0326     		movs	r6, #3
 1495 0126 3DE0     		b	.L182
 1496              	.L196:
 1497 0128 FFF7FEFF 		bl	HAL_GetTick
 1498 012c C01B     		subs	r0, r0, r7
 1499 012e A842     		cmp	r0, r5
 1500 0130 02D3     		bcc	.L198
 1501 0132 B5F1FF3F 		cmp	r5, #-1
 1502 0136 1AD1     		bne	.L199
 1503              	.L198:
 1504 0138 CDB1     		cbz	r5, .L199
 1505              	.L189:
 1506 013a B4F84630 		ldrh	r3, [r4, #70]
 1507 013e 9BB2     		uxth	r3, r3
ARM GAS  C:\Users\Nathan\AppData\Local\Temp\cchjRnEM.s 			page 27


 1508 0140 EBB1     		cbz	r3, .L195
 1509 0142 2368     		ldr	r3, [r4]
 1510 0144 9A68     		ldr	r2, [r3, #8]
 1511 0146 12F0010F 		tst	r2, #1
 1512 014a EDD0     		beq	.L196
 1513 014c DA68     		ldr	r2, [r3, #12]
 1514 014e 236C     		ldr	r3, [r4, #64]
 1515 0150 1A80     		strh	r2, [r3]	@ movhi
 1516 0152 236C     		ldr	r3, [r4, #64]
 1517 0154 0233     		adds	r3, r3, #2
 1518 0156 2364     		str	r3, [r4, #64]
 1519 0158 B4F846C0 		ldrh	ip, [r4, #70]
 1520 015c 1FFA8CFC 		uxth	ip, ip
 1521 0160 0CF1FF3C 		add	ip, ip, #-1
 1522 0164 1FFA8CFC 		uxth	ip, ip
 1523 0168 A4F846C0 		strh	ip, [r4, #70]	@ movhi
 1524 016c E5E7     		b	.L189
 1525              	.L199:
 1526 016e 0123     		movs	r3, #1
 1527 0170 84F85D30 		strb	r3, [r4, #93]
 1528 0174 0023     		movs	r3, #0
 1529 0176 84F85C30 		strb	r3, [r4, #92]
 1530 017a 0326     		movs	r6, #3
 1531 017c 12E0     		b	.L182
 1532              	.L195:
 1533 017e 3A46     		mov	r2, r7
 1534 0180 2946     		mov	r1, r5
 1535 0182 2046     		mov	r0, r4
 1536 0184 FFF7FEFF 		bl	SPI_EndRxTransaction
 1537 0188 08B1     		cbz	r0, .L201
 1538 018a 2023     		movs	r3, #32
 1539 018c 2366     		str	r3, [r4, #96]
 1540              	.L201:
 1541 018e 0123     		movs	r3, #1
 1542 0190 84F85D30 		strb	r3, [r4, #93]
 1543 0194 0023     		movs	r3, #0
 1544 0196 84F85C30 		strb	r3, [r4, #92]
 1545 019a 236E     		ldr	r3, [r4, #96]
 1546 019c 13B9     		cbnz	r3, .L182
 1547 019e 1E46     		mov	r6, r3
 1548 01a0 00E0     		b	.L182
 1549              	.L202:
 1550 01a2 0226     		movs	r6, #2
 1551              	.L182:
 1552 01a4 3046     		mov	r0, r6
 1553 01a6 03B0     		add	sp, sp, #12
 1554              		@ sp needed
 1555 01a8 BDE8F083 		pop	{r4, r5, r6, r7, r8, r9, pc}
 1556              	.L203:
 1557 01ac 0226     		movs	r6, #2
 1558 01ae F9E7     		b	.L182
 1560              		.section	.text.HAL_SPI_Transmit_IT,"ax",%progbits
 1561              		.align	1
 1562              		.global	HAL_SPI_Transmit_IT
 1563              		.syntax unified
 1564              		.thumb
 1565              		.thumb_func
ARM GAS  C:\Users\Nathan\AppData\Local\Temp\cchjRnEM.s 			page 28


 1567              	HAL_SPI_Transmit_IT:
 1568              		@ args = 0, pretend = 0, frame = 0
 1569              		@ frame_needed = 0, uses_anonymous_args = 0
 1570              		@ link register save eliminated.
 1571 0000 0029     		cmp	r1, #0
 1572 0002 45D0     		beq	.L214
 1573 0004 002A     		cmp	r2, #0
 1574 0006 45D0     		beq	.L215
 1575 0008 90F85D30 		ldrb	r3, [r0, #93]	@ zero_extendqisi2
 1576 000c 012B     		cmp	r3, #1
 1577 000e 43D1     		bne	.L216
 1578 0010 90F85C30 		ldrb	r3, [r0, #92]	@ zero_extendqisi2
 1579 0014 012B     		cmp	r3, #1
 1580 0016 41D0     		beq	.L217
 1581 0018 0123     		movs	r3, #1
 1582 001a 80F85C30 		strb	r3, [r0, #92]
 1583 001e 0323     		movs	r3, #3
 1584 0020 80F85D30 		strb	r3, [r0, #93]
 1585 0024 0023     		movs	r3, #0
 1586 0026 0366     		str	r3, [r0, #96]
 1587 0028 8163     		str	r1, [r0, #56]
 1588 002a 8287     		strh	r2, [r0, #60]	@ movhi
 1589 002c C287     		strh	r2, [r0, #62]	@ movhi
 1590 002e 0364     		str	r3, [r0, #64]
 1591 0030 A0F84430 		strh	r3, [r0, #68]	@ movhi
 1592 0034 A0F84630 		strh	r3, [r0, #70]	@ movhi
 1593 0038 C364     		str	r3, [r0, #76]
 1594 003a C368     		ldr	r3, [r0, #12]
 1595 003c B3F5E06F 		cmp	r3, #1792
 1596 0040 18D9     		bls	.L210
 1597 0042 174B     		ldr	r3, .L219
 1598 0044 0365     		str	r3, [r0, #80]
 1599              	.L211:
 1600 0046 8368     		ldr	r3, [r0, #8]
 1601 0048 B3F5004F 		cmp	r3, #32768
 1602 004c 15D0     		beq	.L218
 1603              	.L212:
 1604 004e 0368     		ldr	r3, [r0]
 1605 0050 1A68     		ldr	r2, [r3]
 1606 0052 12F0400F 		tst	r2, #64
 1607 0056 03D1     		bne	.L213
 1608 0058 1A68     		ldr	r2, [r3]
 1609 005a 42F04002 		orr	r2, r2, #64
 1610 005e 1A60     		str	r2, [r3]
 1611              	.L213:
 1612 0060 0023     		movs	r3, #0
 1613 0062 80F85C30 		strb	r3, [r0, #92]
 1614 0066 0168     		ldr	r1, [r0]
 1615 0068 4A68     		ldr	r2, [r1, #4]
 1616 006a 42F0A002 		orr	r2, r2, #160
 1617 006e 4A60     		str	r2, [r1, #4]
 1618 0070 1846     		mov	r0, r3
 1619 0072 7047     		bx	lr
 1620              	.L210:
 1621 0074 0B4B     		ldr	r3, .L219+4
 1622 0076 0365     		str	r3, [r0, #80]
 1623 0078 E5E7     		b	.L211
ARM GAS  C:\Users\Nathan\AppData\Local\Temp\cchjRnEM.s 			page 29


 1624              	.L218:
 1625 007a 0268     		ldr	r2, [r0]
 1626 007c 1368     		ldr	r3, [r2]
 1627 007e 23F04003 		bic	r3, r3, #64
 1628 0082 1360     		str	r3, [r2]
 1629 0084 0268     		ldr	r2, [r0]
 1630 0086 1368     		ldr	r3, [r2]
 1631 0088 43F48043 		orr	r3, r3, #16384
 1632 008c 1360     		str	r3, [r2]
 1633 008e DEE7     		b	.L212
 1634              	.L214:
 1635 0090 0120     		movs	r0, #1
 1636 0092 7047     		bx	lr
 1637              	.L215:
 1638 0094 0120     		movs	r0, #1
 1639 0096 7047     		bx	lr
 1640              	.L216:
 1641 0098 0220     		movs	r0, #2
 1642 009a 7047     		bx	lr
 1643              	.L217:
 1644 009c 0220     		movs	r0, #2
 1645 009e 7047     		bx	lr
 1646              	.L220:
 1647              		.align	2
 1648              	.L219:
 1649 00a0 00000000 		.word	SPI_TxISR_16BIT
 1650 00a4 00000000 		.word	SPI_TxISR_8BIT
 1652              		.section	.text.HAL_SPI_TransmitReceive_IT,"ax",%progbits
 1653              		.align	1
 1654              		.global	HAL_SPI_TransmitReceive_IT
 1655              		.syntax unified
 1656              		.thumb
 1657              		.thumb_func
 1659              	HAL_SPI_TransmitReceive_IT:
 1660              		@ args = 0, pretend = 0, frame = 0
 1661              		@ frame_needed = 0, uses_anonymous_args = 0
 1662 0000 30B5     		push	{r4, r5, lr}
 1663 0002 1546     		mov	r5, r2
 1664 0004 90F85DC0 		ldrb	ip, [r0, #93]	@ zero_extendqisi2
 1665 0008 D0F804E0 		ldr	lr, [r0, #4]
 1666 000c BCF1010F 		cmp	ip, #1
 1667 0010 09D0     		beq	.L222
 1668 0012 5FFA8CF2 		uxtb	r2, ip
 1669 0016 BEF5827F 		cmp	lr, #260
 1670 001a 58D1     		bne	.L231
 1671 001c 8468     		ldr	r4, [r0, #8]
 1672 001e 002C     		cmp	r4, #0
 1673 0020 57D1     		bne	.L232
 1674 0022 042A     		cmp	r2, #4
 1675 0024 57D1     		bne	.L233
 1676              	.L222:
 1677 0026 0029     		cmp	r1, #0
 1678 0028 57D0     		beq	.L234
 1679 002a 002D     		cmp	r5, #0
 1680 002c 57D0     		beq	.L235
 1681 002e 002B     		cmp	r3, #0
 1682 0030 57D0     		beq	.L236
ARM GAS  C:\Users\Nathan\AppData\Local\Temp\cchjRnEM.s 			page 30


 1683 0032 90F85CC0 		ldrb	ip, [r0, #92]	@ zero_extendqisi2
 1684 0036 BCF1010F 		cmp	ip, #1
 1685 003a 54D0     		beq	.L237
 1686 003c 4FF0010C 		mov	ip, #1
 1687 0040 80F85CC0 		strb	ip, [r0, #92]
 1688 0044 90F85DC0 		ldrb	ip, [r0, #93]	@ zero_extendqisi2
 1689 0048 BCF1040F 		cmp	ip, #4
 1690 004c 03D0     		beq	.L224
 1691 004e 4FF0050C 		mov	ip, #5
 1692 0052 80F85DC0 		strb	ip, [r0, #93]
 1693              	.L224:
 1694 0056 4FF0000C 		mov	ip, #0
 1695 005a C0F860C0 		str	ip, [r0, #96]
 1696 005e 8163     		str	r1, [r0, #56]
 1697 0060 8387     		strh	r3, [r0, #60]	@ movhi
 1698 0062 C387     		strh	r3, [r0, #62]	@ movhi
 1699 0064 0564     		str	r5, [r0, #64]
 1700 0066 A0F84430 		strh	r3, [r0, #68]	@ movhi
 1701 006a A0F84630 		strh	r3, [r0, #70]	@ movhi
 1702 006e C268     		ldr	r2, [r0, #12]
 1703 0070 B2F5E06F 		cmp	r2, #1792
 1704 0074 20D9     		bls	.L225
 1705 0076 1D49     		ldr	r1, .L239
 1706 0078 C164     		str	r1, [r0, #76]
 1707 007a 1D49     		ldr	r1, .L239+4
 1708 007c 0165     		str	r1, [r0, #80]
 1709              	.L226:
 1710 007e B2F5E06F 		cmp	r2, #1792
 1711 0082 01D8     		bhi	.L227
 1712 0084 012B     		cmp	r3, #1
 1713 0086 1CD9     		bls	.L228
 1714              	.L227:
 1715 0088 0268     		ldr	r2, [r0]
 1716 008a 5368     		ldr	r3, [r2, #4]
 1717 008c 23F48053 		bic	r3, r3, #4096
 1718 0090 5360     		str	r3, [r2, #4]
 1719              	.L229:
 1720 0092 0368     		ldr	r3, [r0]
 1721 0094 1A68     		ldr	r2, [r3]
 1722 0096 12F0400F 		tst	r2, #64
 1723 009a 03D1     		bne	.L230
 1724 009c 1A68     		ldr	r2, [r3]
 1725 009e 42F04002 		orr	r2, r2, #64
 1726 00a2 1A60     		str	r2, [r3]
 1727              	.L230:
 1728 00a4 0023     		movs	r3, #0
 1729 00a6 80F85C30 		strb	r3, [r0, #92]
 1730 00aa 0168     		ldr	r1, [r0]
 1731 00ac 4A68     		ldr	r2, [r1, #4]
 1732 00ae 42F0E002 		orr	r2, r2, #224
 1733 00b2 4A60     		str	r2, [r1, #4]
 1734 00b4 1846     		mov	r0, r3
 1735 00b6 0BE0     		b	.L223
 1736              	.L225:
 1737 00b8 0E49     		ldr	r1, .L239+8
 1738 00ba C164     		str	r1, [r0, #76]
 1739 00bc 0E49     		ldr	r1, .L239+12
ARM GAS  C:\Users\Nathan\AppData\Local\Temp\cchjRnEM.s 			page 31


 1740 00be 0165     		str	r1, [r0, #80]
 1741 00c0 DDE7     		b	.L226
 1742              	.L228:
 1743 00c2 0268     		ldr	r2, [r0]
 1744 00c4 5368     		ldr	r3, [r2, #4]
 1745 00c6 43F48053 		orr	r3, r3, #4096
 1746 00ca 5360     		str	r3, [r2, #4]
 1747 00cc E1E7     		b	.L229
 1748              	.L231:
 1749 00ce 0220     		movs	r0, #2
 1750              	.L223:
 1751 00d0 30BD     		pop	{r4, r5, pc}
 1752              	.L232:
 1753 00d2 0220     		movs	r0, #2
 1754 00d4 FCE7     		b	.L223
 1755              	.L233:
 1756 00d6 0220     		movs	r0, #2
 1757 00d8 FAE7     		b	.L223
 1758              	.L234:
 1759 00da 0120     		movs	r0, #1
 1760 00dc F8E7     		b	.L223
 1761              	.L235:
 1762 00de 0120     		movs	r0, #1
 1763 00e0 F6E7     		b	.L223
 1764              	.L236:
 1765 00e2 0120     		movs	r0, #1
 1766 00e4 F4E7     		b	.L223
 1767              	.L237:
 1768 00e6 0220     		movs	r0, #2
 1769 00e8 F2E7     		b	.L223
 1770              	.L240:
 1771 00ea 00BF     		.align	2
 1772              	.L239:
 1773 00ec 00000000 		.word	SPI_2linesRxISR_16BIT
 1774 00f0 00000000 		.word	SPI_2linesTxISR_16BIT
 1775 00f4 00000000 		.word	SPI_2linesRxISR_8BIT
 1776 00f8 00000000 		.word	SPI_2linesTxISR_8BIT
 1778              		.section	.text.HAL_SPI_Receive_IT,"ax",%progbits
 1779              		.align	1
 1780              		.global	HAL_SPI_Receive_IT
 1781              		.syntax unified
 1782              		.thumb
 1783              		.thumb_func
 1785              	HAL_SPI_Receive_IT:
 1786              		@ args = 0, pretend = 0, frame = 0
 1787              		@ frame_needed = 0, uses_anonymous_args = 0
 1788 0000 08B5     		push	{r3, lr}
 1789 0002 90F85D30 		ldrb	r3, [r0, #93]	@ zero_extendqisi2
 1790 0006 012B     		cmp	r3, #1
 1791 0008 6FD1     		bne	.L248
 1792 000a 8446     		mov	ip, r0
 1793 000c D8B2     		uxtb	r0, r3
 1794 000e 0029     		cmp	r1, #0
 1795 0010 6CD0     		beq	.L242
 1796 0012 002A     		cmp	r2, #0
 1797 0014 6AD0     		beq	.L242
 1798 0016 DCF80830 		ldr	r3, [ip, #8]
ARM GAS  C:\Users\Nathan\AppData\Local\Temp\cchjRnEM.s 			page 32


 1799 001a 23B9     		cbnz	r3, .L243
 1800 001c DCF80430 		ldr	r3, [ip, #4]
 1801 0020 B3F5827F 		cmp	r3, #260
 1802 0024 41D0     		beq	.L251
 1803              	.L243:
 1804 0026 9CF85C30 		ldrb	r3, [ip, #92]	@ zero_extendqisi2
 1805 002a 012B     		cmp	r3, #1
 1806 002c 5FD0     		beq	.L249
 1807 002e 0123     		movs	r3, #1
 1808 0030 8CF85C30 		strb	r3, [ip, #92]
 1809 0034 0423     		movs	r3, #4
 1810 0036 8CF85D30 		strb	r3, [ip, #93]
 1811 003a 0023     		movs	r3, #0
 1812 003c CCF86030 		str	r3, [ip, #96]
 1813 0040 CCF84010 		str	r1, [ip, #64]
 1814 0044 ACF84420 		strh	r2, [ip, #68]	@ movhi
 1815 0048 ACF84620 		strh	r2, [ip, #70]	@ movhi
 1816 004c CCF83830 		str	r3, [ip, #56]
 1817 0050 ACF83C30 		strh	r3, [ip, #60]	@ movhi
 1818 0054 ACF83E30 		strh	r3, [ip, #62]	@ movhi
 1819 0058 CCF85030 		str	r3, [ip, #80]
 1820 005c DCF80C30 		ldr	r3, [ip, #12]
 1821 0060 B3F5E06F 		cmp	r3, #1792
 1822 0064 2AD9     		bls	.L244
 1823 0066 DCF80020 		ldr	r2, [ip]
 1824 006a 5368     		ldr	r3, [r2, #4]
 1825 006c 23F48053 		bic	r3, r3, #4096
 1826 0070 5360     		str	r3, [r2, #4]
 1827 0072 204B     		ldr	r3, .L253
 1828 0074 CCF84C30 		str	r3, [ip, #76]
 1829              	.L245:
 1830 0078 DCF80830 		ldr	r3, [ip, #8]
 1831 007c B3F5004F 		cmp	r3, #32768
 1832 0080 26D0     		beq	.L252
 1833              	.L246:
 1834 0082 DCF80030 		ldr	r3, [ip]
 1835 0086 1A68     		ldr	r2, [r3]
 1836 0088 12F0400F 		tst	r2, #64
 1837 008c 03D1     		bne	.L247
 1838 008e 1A68     		ldr	r2, [r3]
 1839 0090 42F04002 		orr	r2, r2, #64
 1840 0094 1A60     		str	r2, [r3]
 1841              	.L247:
 1842 0096 0020     		movs	r0, #0
 1843 0098 8CF85C00 		strb	r0, [ip, #92]
 1844 009c DCF80020 		ldr	r2, [ip]
 1845 00a0 5368     		ldr	r3, [r2, #4]
 1846 00a2 43F06003 		orr	r3, r3, #96
 1847 00a6 5360     		str	r3, [r2, #4]
 1848 00a8 20E0     		b	.L242
 1849              	.L251:
 1850 00aa 0423     		movs	r3, #4
 1851 00ac 8CF85D30 		strb	r3, [ip, #93]
 1852 00b0 1346     		mov	r3, r2
 1853 00b2 0A46     		mov	r2, r1
 1854 00b4 6046     		mov	r0, ip
 1855 00b6 FFF7FEFF 		bl	HAL_SPI_TransmitReceive_IT
ARM GAS  C:\Users\Nathan\AppData\Local\Temp\cchjRnEM.s 			page 33


 1856 00ba 17E0     		b	.L242
 1857              	.L244:
 1858 00bc DCF80020 		ldr	r2, [ip]
 1859 00c0 5368     		ldr	r3, [r2, #4]
 1860 00c2 43F48053 		orr	r3, r3, #4096
 1861 00c6 5360     		str	r3, [r2, #4]
 1862 00c8 0B4B     		ldr	r3, .L253+4
 1863 00ca CCF84C30 		str	r3, [ip, #76]
 1864 00ce D3E7     		b	.L245
 1865              	.L252:
 1866 00d0 DCF80020 		ldr	r2, [ip]
 1867 00d4 1368     		ldr	r3, [r2]
 1868 00d6 23F04003 		bic	r3, r3, #64
 1869 00da 1360     		str	r3, [r2]
 1870 00dc DCF80020 		ldr	r2, [ip]
 1871 00e0 1368     		ldr	r3, [r2]
 1872 00e2 23F48043 		bic	r3, r3, #16384
 1873 00e6 1360     		str	r3, [r2]
 1874 00e8 CBE7     		b	.L246
 1875              	.L248:
 1876 00ea 0220     		movs	r0, #2
 1877              	.L242:
 1878 00ec 08BD     		pop	{r3, pc}
 1879              	.L249:
 1880 00ee 0220     		movs	r0, #2
 1881 00f0 FCE7     		b	.L242
 1882              	.L254:
 1883 00f2 00BF     		.align	2
 1884              	.L253:
 1885 00f4 00000000 		.word	SPI_RxISR_16BIT
 1886 00f8 00000000 		.word	SPI_RxISR_8BIT
 1888              		.section	.text.HAL_SPI_Transmit_DMA,"ax",%progbits
 1889              		.align	1
 1890              		.global	HAL_SPI_Transmit_DMA
 1891              		.syntax unified
 1892              		.thumb
 1893              		.thumb_func
 1895              	HAL_SPI_Transmit_DMA:
 1896              		@ args = 0, pretend = 0, frame = 0
 1897              		@ frame_needed = 0, uses_anonymous_args = 0
 1898 0000 38B5     		push	{r3, r4, r5, lr}
 1899 0002 90F85D30 		ldrb	r3, [r0, #93]	@ zero_extendqisi2
 1900 0006 012B     		cmp	r3, #1
 1901 0008 40F08C80 		bne	.L262
 1902 000c 0446     		mov	r4, r0
 1903 000e DDB2     		uxtb	r5, r3
 1904 0010 0029     		cmp	r1, #0
 1905 0012 00F08880 		beq	.L256
 1906 0016 002A     		cmp	r2, #0
 1907 0018 00F08580 		beq	.L256
 1908 001c 90F85C30 		ldrb	r3, [r0, #92]	@ zero_extendqisi2
 1909 0020 012B     		cmp	r3, #1
 1910 0022 00F08280 		beq	.L263
 1911 0026 0123     		movs	r3, #1
 1912 0028 80F85C30 		strb	r3, [r0, #92]
 1913 002c 0323     		movs	r3, #3
 1914 002e 80F85D30 		strb	r3, [r0, #93]
ARM GAS  C:\Users\Nathan\AppData\Local\Temp\cchjRnEM.s 			page 34


 1915 0032 0023     		movs	r3, #0
 1916 0034 0366     		str	r3, [r0, #96]
 1917 0036 8163     		str	r1, [r0, #56]
 1918 0038 8287     		strh	r2, [r0, #60]	@ movhi
 1919 003a C287     		strh	r2, [r0, #62]	@ movhi
 1920 003c 0364     		str	r3, [r0, #64]
 1921 003e 0365     		str	r3, [r0, #80]
 1922 0040 C364     		str	r3, [r0, #76]
 1923 0042 A0F84430 		strh	r3, [r0, #68]	@ movhi
 1924 0046 A0F84630 		strh	r3, [r0, #70]	@ movhi
 1925 004a 8368     		ldr	r3, [r0, #8]
 1926 004c B3F5004F 		cmp	r3, #32768
 1927 0050 3CD0     		beq	.L265
 1928              	.L257:
 1929 0052 636D     		ldr	r3, [r4, #84]
 1930 0054 364A     		ldr	r2, .L268
 1931 0056 1A63     		str	r2, [r3, #48]
 1932 0058 636D     		ldr	r3, [r4, #84]
 1933 005a 364A     		ldr	r2, .L268+4
 1934 005c DA62     		str	r2, [r3, #44]
 1935 005e 636D     		ldr	r3, [r4, #84]
 1936 0060 354A     		ldr	r2, .L268+8
 1937 0062 5A63     		str	r2, [r3, #52]
 1938 0064 636D     		ldr	r3, [r4, #84]
 1939 0066 0022     		movs	r2, #0
 1940 0068 9A63     		str	r2, [r3, #56]
 1941 006a 2268     		ldr	r2, [r4]
 1942 006c 5368     		ldr	r3, [r2, #4]
 1943 006e 23F48043 		bic	r3, r3, #16384
 1944 0072 5360     		str	r3, [r2, #4]
 1945 0074 E368     		ldr	r3, [r4, #12]
 1946 0076 B3F5E06F 		cmp	r3, #1792
 1947 007a 04D8     		bhi	.L258
 1948 007c 636D     		ldr	r3, [r4, #84]
 1949 007e 9B69     		ldr	r3, [r3, #24]
 1950 0080 B3F5806F 		cmp	r3, #1024
 1951 0084 2DD0     		beq	.L266
 1952              	.L258:
 1953 0086 2268     		ldr	r2, [r4]
 1954 0088 E38F     		ldrh	r3, [r4, #62]
 1955 008a 9BB2     		uxth	r3, r3
 1956 008c 0C32     		adds	r2, r2, #12
 1957 008e A16B     		ldr	r1, [r4, #56]
 1958 0090 606D     		ldr	r0, [r4, #84]
 1959 0092 FFF7FEFF 		bl	HAL_DMA_Start_IT
 1960 0096 0146     		mov	r1, r0
 1961 0098 0028     		cmp	r0, #0
 1962 009a 3BD1     		bne	.L267
 1963 009c 2368     		ldr	r3, [r4]
 1964 009e 1A68     		ldr	r2, [r3]
 1965 00a0 12F0400F 		tst	r2, #64
 1966 00a4 03D1     		bne	.L261
 1967 00a6 1A68     		ldr	r2, [r3]
 1968 00a8 42F04002 		orr	r2, r2, #64
 1969 00ac 1A60     		str	r2, [r3]
 1970              	.L261:
 1971 00ae 0023     		movs	r3, #0
ARM GAS  C:\Users\Nathan\AppData\Local\Temp\cchjRnEM.s 			page 35


 1972 00b0 84F85C30 		strb	r3, [r4, #92]
 1973 00b4 2268     		ldr	r2, [r4]
 1974 00b6 5368     		ldr	r3, [r2, #4]
 1975 00b8 43F02003 		orr	r3, r3, #32
 1976 00bc 5360     		str	r3, [r2, #4]
 1977 00be 2268     		ldr	r2, [r4]
 1978 00c0 5368     		ldr	r3, [r2, #4]
 1979 00c2 43F00203 		orr	r3, r3, #2
 1980 00c6 5360     		str	r3, [r2, #4]
 1981 00c8 0D46     		mov	r5, r1
 1982 00ca 2CE0     		b	.L256
 1983              	.L265:
 1984 00cc 0268     		ldr	r2, [r0]
 1985 00ce 1368     		ldr	r3, [r2]
 1986 00d0 23F04003 		bic	r3, r3, #64
 1987 00d4 1360     		str	r3, [r2]
 1988 00d6 0268     		ldr	r2, [r0]
 1989 00d8 1368     		ldr	r3, [r2]
 1990 00da 43F48043 		orr	r3, r3, #16384
 1991 00de 1360     		str	r3, [r2]
 1992 00e0 B7E7     		b	.L257
 1993              	.L266:
 1994 00e2 E38F     		ldrh	r3, [r4, #62]
 1995 00e4 13F0010F 		tst	r3, #1
 1996 00e8 09D1     		bne	.L259
 1997 00ea 2268     		ldr	r2, [r4]
 1998 00ec 5368     		ldr	r3, [r2, #4]
 1999 00ee 23F48043 		bic	r3, r3, #16384
 2000 00f2 5360     		str	r3, [r2, #4]
 2001 00f4 E38F     		ldrh	r3, [r4, #62]
 2002 00f6 C3F34E03 		ubfx	r3, r3, #1, #15
 2003 00fa E387     		strh	r3, [r4, #62]	@ movhi
 2004 00fc C3E7     		b	.L258
 2005              	.L259:
 2006 00fe 2268     		ldr	r2, [r4]
 2007 0100 5368     		ldr	r3, [r2, #4]
 2008 0102 43F48043 		orr	r3, r3, #16384
 2009 0106 5360     		str	r3, [r2, #4]
 2010 0108 E38F     		ldrh	r3, [r4, #62]
 2011 010a C3F34E03 		ubfx	r3, r3, #1, #15
 2012 010e 0133     		adds	r3, r3, #1
 2013 0110 E387     		strh	r3, [r4, #62]	@ movhi
 2014 0112 B8E7     		b	.L258
 2015              	.L267:
 2016 0114 236E     		ldr	r3, [r4, #96]
 2017 0116 43F01003 		orr	r3, r3, #16
 2018 011a 2366     		str	r3, [r4, #96]
 2019 011c 0023     		movs	r3, #0
 2020 011e 84F85C30 		strb	r3, [r4, #92]
 2021 0122 00E0     		b	.L256
 2022              	.L262:
 2023 0124 0225     		movs	r5, #2
 2024              	.L256:
 2025 0126 2846     		mov	r0, r5
 2026 0128 38BD     		pop	{r3, r4, r5, pc}
 2027              	.L263:
 2028 012a 0225     		movs	r5, #2
ARM GAS  C:\Users\Nathan\AppData\Local\Temp\cchjRnEM.s 			page 36


 2029 012c FBE7     		b	.L256
 2030              	.L269:
 2031 012e 00BF     		.align	2
 2032              	.L268:
 2033 0130 00000000 		.word	SPI_DMAHalfTransmitCplt
 2034 0134 00000000 		.word	SPI_DMATransmitCplt
 2035 0138 00000000 		.word	SPI_DMAError
 2037              		.section	.text.HAL_SPI_TransmitReceive_DMA,"ax",%progbits
 2038              		.align	1
 2039              		.global	HAL_SPI_TransmitReceive_DMA
 2040              		.syntax unified
 2041              		.thumb
 2042              		.thumb_func
 2044              	HAL_SPI_TransmitReceive_DMA:
 2045              		@ args = 0, pretend = 0, frame = 0
 2046              		@ frame_needed = 0, uses_anonymous_args = 0
 2047 0000 10B5     		push	{r4, lr}
 2048 0002 0446     		mov	r4, r0
 2049 0004 90F85D00 		ldrb	r0, [r0, #93]	@ zero_extendqisi2
 2050 0008 D4F804C0 		ldr	ip, [r4, #4]
 2051 000c 0128     		cmp	r0, #1
 2052 000e 0DD0     		beq	.L271
 2053 0010 5FFA80FE 		uxtb	lr, r0
 2054 0014 BCF5827F 		cmp	ip, #260
 2055 0018 40F0E680 		bne	.L284
 2056 001c A068     		ldr	r0, [r4, #8]
 2057 001e 0028     		cmp	r0, #0
 2058 0020 40F0E480 		bne	.L285
 2059 0024 BEF1040F 		cmp	lr, #4
 2060 0028 40F0E280 		bne	.L286
 2061              	.L271:
 2062 002c 0029     		cmp	r1, #0
 2063 002e 00F0E180 		beq	.L287
 2064 0032 002A     		cmp	r2, #0
 2065 0034 00F0E080 		beq	.L288
 2066 0038 002B     		cmp	r3, #0
 2067 003a 00F0DF80 		beq	.L289
 2068 003e 94F85C00 		ldrb	r0, [r4, #92]	@ zero_extendqisi2
 2069 0042 0128     		cmp	r0, #1
 2070 0044 00F0DC80 		beq	.L290
 2071 0048 0120     		movs	r0, #1
 2072 004a 84F85C00 		strb	r0, [r4, #92]
 2073 004e 94F85D00 		ldrb	r0, [r4, #93]	@ zero_extendqisi2
 2074 0052 0428     		cmp	r0, #4
 2075 0054 02D0     		beq	.L273
 2076 0056 0520     		movs	r0, #5
 2077 0058 84F85D00 		strb	r0, [r4, #93]
 2078              	.L273:
 2079 005c 0020     		movs	r0, #0
 2080 005e 2066     		str	r0, [r4, #96]
 2081 0060 A163     		str	r1, [r4, #56]
 2082 0062 A387     		strh	r3, [r4, #60]	@ movhi
 2083 0064 E387     		strh	r3, [r4, #62]	@ movhi
 2084 0066 2264     		str	r2, [r4, #64]
 2085 0068 A4F84430 		strh	r3, [r4, #68]	@ movhi
 2086 006c A4F84630 		strh	r3, [r4, #70]	@ movhi
 2087 0070 E064     		str	r0, [r4, #76]
ARM GAS  C:\Users\Nathan\AppData\Local\Temp\cchjRnEM.s 			page 37


 2088 0072 2065     		str	r0, [r4, #80]
 2089 0074 2268     		ldr	r2, [r4]
 2090 0076 5368     		ldr	r3, [r2, #4]
 2091 0078 23F4C043 		bic	r3, r3, #24576
 2092 007c 5360     		str	r3, [r2, #4]
 2093 007e E368     		ldr	r3, [r4, #12]
 2094 0080 B3F5E06F 		cmp	r3, #1792
 2095 0084 28D9     		bls	.L274
 2096 0086 2268     		ldr	r2, [r4]
 2097 0088 5368     		ldr	r3, [r2, #4]
 2098 008a 23F48053 		bic	r3, r3, #4096
 2099 008e 5360     		str	r3, [r2, #4]
 2100              	.L275:
 2101 0090 94F85D30 		ldrb	r3, [r4, #93]	@ zero_extendqisi2
 2102 0094 042B     		cmp	r3, #4
 2103 0096 6AD0     		beq	.L292
 2104 0098 A36D     		ldr	r3, [r4, #88]
 2105 009a 5A4A     		ldr	r2, .L295
 2106 009c 1A63     		str	r2, [r3, #48]
 2107 009e A36D     		ldr	r3, [r4, #88]
 2108 00a0 594A     		ldr	r2, .L295+4
 2109 00a2 DA62     		str	r2, [r3, #44]
 2110              	.L280:
 2111 00a4 A36D     		ldr	r3, [r4, #88]
 2112 00a6 594A     		ldr	r2, .L295+8
 2113 00a8 5A63     		str	r2, [r3, #52]
 2114 00aa A36D     		ldr	r3, [r4, #88]
 2115 00ac 0022     		movs	r2, #0
 2116 00ae 9A63     		str	r2, [r3, #56]
 2117 00b0 2168     		ldr	r1, [r4]
 2118 00b2 B4F84630 		ldrh	r3, [r4, #70]
 2119 00b6 9BB2     		uxth	r3, r3
 2120 00b8 226C     		ldr	r2, [r4, #64]
 2121 00ba 0C31     		adds	r1, r1, #12
 2122 00bc A06D     		ldr	r0, [r4, #88]
 2123 00be FFF7FEFF 		bl	HAL_DMA_Start_IT
 2124 00c2 0028     		cmp	r0, #0
 2125 00c4 5AD0     		beq	.L281
 2126 00c6 236E     		ldr	r3, [r4, #96]
 2127 00c8 43F01003 		orr	r3, r3, #16
 2128 00cc 2366     		str	r3, [r4, #96]
 2129 00ce 0023     		movs	r3, #0
 2130 00d0 84F85C30 		strb	r3, [r4, #92]
 2131 00d4 0120     		movs	r0, #1
 2132 00d6 88E0     		b	.L272
 2133              	.L274:
 2134 00d8 2268     		ldr	r2, [r4]
 2135 00da 5368     		ldr	r3, [r2, #4]
 2136 00dc 43F48053 		orr	r3, r3, #4096
 2137 00e0 5360     		str	r3, [r2, #4]
 2138 00e2 636D     		ldr	r3, [r4, #84]
 2139 00e4 9B69     		ldr	r3, [r3, #24]
 2140 00e6 B3F5806F 		cmp	r3, #1024
 2141 00ea 1AD0     		beq	.L293
 2142              	.L276:
 2143 00ec A36D     		ldr	r3, [r4, #88]
 2144 00ee 9B69     		ldr	r3, [r3, #24]
ARM GAS  C:\Users\Nathan\AppData\Local\Temp\cchjRnEM.s 			page 38


 2145 00f0 B3F5806F 		cmp	r3, #1024
 2146 00f4 CCD1     		bne	.L275
 2147 00f6 2268     		ldr	r2, [r4]
 2148 00f8 5368     		ldr	r3, [r2, #4]
 2149 00fa 23F48053 		bic	r3, r3, #4096
 2150 00fe 5360     		str	r3, [r2, #4]
 2151 0100 B4F84630 		ldrh	r3, [r4, #70]
 2152 0104 13F0010F 		tst	r3, #1
 2153 0108 24D1     		bne	.L278
 2154 010a 2268     		ldr	r2, [r4]
 2155 010c 5368     		ldr	r3, [r2, #4]
 2156 010e 23F40053 		bic	r3, r3, #8192
 2157 0112 5360     		str	r3, [r2, #4]
 2158 0114 B4F84630 		ldrh	r3, [r4, #70]
 2159 0118 C3F34E03 		ubfx	r3, r3, #1, #15
 2160 011c A4F84630 		strh	r3, [r4, #70]	@ movhi
 2161 0120 B6E7     		b	.L275
 2162              	.L293:
 2163 0122 A38F     		ldrh	r3, [r4, #60]
 2164 0124 13F0010F 		tst	r3, #1
 2165 0128 09D1     		bne	.L277
 2166 012a 2268     		ldr	r2, [r4]
 2167 012c 5368     		ldr	r3, [r2, #4]
 2168 012e 23F48043 		bic	r3, r3, #16384
 2169 0132 5360     		str	r3, [r2, #4]
 2170 0134 E38F     		ldrh	r3, [r4, #62]
 2171 0136 C3F34E03 		ubfx	r3, r3, #1, #15
 2172 013a E387     		strh	r3, [r4, #62]	@ movhi
 2173 013c D6E7     		b	.L276
 2174              	.L277:
 2175 013e 2268     		ldr	r2, [r4]
 2176 0140 5368     		ldr	r3, [r2, #4]
 2177 0142 43F48043 		orr	r3, r3, #16384
 2178 0146 5360     		str	r3, [r2, #4]
 2179 0148 E38F     		ldrh	r3, [r4, #62]
 2180 014a C3F34E03 		ubfx	r3, r3, #1, #15
 2181 014e 0133     		adds	r3, r3, #1
 2182 0150 E387     		strh	r3, [r4, #62]	@ movhi
 2183 0152 CBE7     		b	.L276
 2184              	.L278:
 2185 0154 2268     		ldr	r2, [r4]
 2186 0156 5368     		ldr	r3, [r2, #4]
 2187 0158 43F40053 		orr	r3, r3, #8192
 2188 015c 5360     		str	r3, [r2, #4]
 2189 015e B4F84630 		ldrh	r3, [r4, #70]
 2190 0162 C3F34E03 		ubfx	r3, r3, #1, #15
 2191 0166 0133     		adds	r3, r3, #1
 2192 0168 A4F84630 		strh	r3, [r4, #70]	@ movhi
 2193 016c 90E7     		b	.L275
 2194              	.L292:
 2195 016e A36D     		ldr	r3, [r4, #88]
 2196 0170 274A     		ldr	r2, .L295+12
 2197 0172 1A63     		str	r2, [r3, #48]
 2198 0174 A36D     		ldr	r3, [r4, #88]
 2199 0176 274A     		ldr	r2, .L295+16
 2200 0178 DA62     		str	r2, [r3, #44]
 2201 017a 93E7     		b	.L280
ARM GAS  C:\Users\Nathan\AppData\Local\Temp\cchjRnEM.s 			page 39


 2202              	.L281:
 2203 017c 2268     		ldr	r2, [r4]
 2204 017e 5368     		ldr	r3, [r2, #4]
 2205 0180 43F00103 		orr	r3, r3, #1
 2206 0184 5360     		str	r3, [r2, #4]
 2207 0186 626D     		ldr	r2, [r4, #84]
 2208 0188 1063     		str	r0, [r2, #48]
 2209 018a 626D     		ldr	r2, [r4, #84]
 2210 018c D062     		str	r0, [r2, #44]
 2211 018e 626D     		ldr	r2, [r4, #84]
 2212 0190 5063     		str	r0, [r2, #52]
 2213 0192 626D     		ldr	r2, [r4, #84]
 2214 0194 9063     		str	r0, [r2, #56]
 2215 0196 2268     		ldr	r2, [r4]
 2216 0198 E38F     		ldrh	r3, [r4, #62]
 2217 019a 9BB2     		uxth	r3, r3
 2218 019c 0C32     		adds	r2, r2, #12
 2219 019e A16B     		ldr	r1, [r4, #56]
 2220 01a0 606D     		ldr	r0, [r4, #84]
 2221 01a2 FFF7FEFF 		bl	HAL_DMA_Start_IT
 2222 01a6 B0B9     		cbnz	r0, .L294
 2223 01a8 2368     		ldr	r3, [r4]
 2224 01aa 1A68     		ldr	r2, [r3]
 2225 01ac 12F0400F 		tst	r2, #64
 2226 01b0 03D1     		bne	.L283
 2227 01b2 1A68     		ldr	r2, [r3]
 2228 01b4 42F04002 		orr	r2, r2, #64
 2229 01b8 1A60     		str	r2, [r3]
 2230              	.L283:
 2231 01ba 0023     		movs	r3, #0
 2232 01bc 84F85C30 		strb	r3, [r4, #92]
 2233 01c0 2268     		ldr	r2, [r4]
 2234 01c2 5368     		ldr	r3, [r2, #4]
 2235 01c4 43F02003 		orr	r3, r3, #32
 2236 01c8 5360     		str	r3, [r2, #4]
 2237 01ca 2268     		ldr	r2, [r4]
 2238 01cc 5368     		ldr	r3, [r2, #4]
 2239 01ce 43F00203 		orr	r3, r3, #2
 2240 01d2 5360     		str	r3, [r2, #4]
 2241 01d4 09E0     		b	.L272
 2242              	.L294:
 2243 01d6 236E     		ldr	r3, [r4, #96]
 2244 01d8 43F01003 		orr	r3, r3, #16
 2245 01dc 2366     		str	r3, [r4, #96]
 2246 01de 0023     		movs	r3, #0
 2247 01e0 84F85C30 		strb	r3, [r4, #92]
 2248 01e4 0120     		movs	r0, #1
 2249 01e6 00E0     		b	.L272
 2250              	.L284:
 2251 01e8 0220     		movs	r0, #2
 2252              	.L272:
 2253 01ea 10BD     		pop	{r4, pc}
 2254              	.L285:
 2255 01ec 0220     		movs	r0, #2
 2256 01ee FCE7     		b	.L272
 2257              	.L286:
 2258 01f0 0220     		movs	r0, #2
ARM GAS  C:\Users\Nathan\AppData\Local\Temp\cchjRnEM.s 			page 40


 2259 01f2 FAE7     		b	.L272
 2260              	.L287:
 2261 01f4 0120     		movs	r0, #1
 2262 01f6 F8E7     		b	.L272
 2263              	.L288:
 2264 01f8 0120     		movs	r0, #1
 2265 01fa F6E7     		b	.L272
 2266              	.L289:
 2267 01fc 0120     		movs	r0, #1
 2268 01fe F4E7     		b	.L272
 2269              	.L290:
 2270 0200 0220     		movs	r0, #2
 2271 0202 F2E7     		b	.L272
 2272              	.L296:
 2273              		.align	2
 2274              	.L295:
 2275 0204 00000000 		.word	SPI_DMAHalfTransmitReceiveCplt
 2276 0208 00000000 		.word	SPI_DMATransmitReceiveCplt
 2277 020c 00000000 		.word	SPI_DMAError
 2278 0210 00000000 		.word	SPI_DMAHalfReceiveCplt
 2279 0214 00000000 		.word	SPI_DMAReceiveCplt
 2281              		.section	.text.HAL_SPI_Receive_DMA,"ax",%progbits
 2282              		.align	1
 2283              		.global	HAL_SPI_Receive_DMA
 2284              		.syntax unified
 2285              		.thumb
 2286              		.thumb_func
 2288              	HAL_SPI_Receive_DMA:
 2289              		@ args = 0, pretend = 0, frame = 0
 2290              		@ frame_needed = 0, uses_anonymous_args = 0
 2291 0000 38B5     		push	{r3, r4, r5, lr}
 2292 0002 90F85D30 		ldrb	r3, [r0, #93]	@ zero_extendqisi2
 2293 0006 012B     		cmp	r3, #1
 2294 0008 40F0AF80 		bne	.L306
 2295 000c 0446     		mov	r4, r0
 2296 000e DDB2     		uxtb	r5, r3
 2297 0010 0029     		cmp	r1, #0
 2298 0012 00F0AB80 		beq	.L298
 2299 0016 002A     		cmp	r2, #0
 2300 0018 00F0A880 		beq	.L298
 2301 001c 8068     		ldr	r0, [r0, #8]
 2302 001e 18B9     		cbnz	r0, .L299
 2303 0020 6368     		ldr	r3, [r4, #4]
 2304 0022 B3F5827F 		cmp	r3, #260
 2305 0026 56D0     		beq	.L309
 2306              	.L299:
 2307 0028 94F85C30 		ldrb	r3, [r4, #92]	@ zero_extendqisi2
 2308 002c 012B     		cmp	r3, #1
 2309 002e 00F09F80 		beq	.L307
 2310 0032 0123     		movs	r3, #1
 2311 0034 84F85C30 		strb	r3, [r4, #92]
 2312 0038 0423     		movs	r3, #4
 2313 003a 84F85D30 		strb	r3, [r4, #93]
 2314 003e 0023     		movs	r3, #0
 2315 0040 2366     		str	r3, [r4, #96]
 2316 0042 2164     		str	r1, [r4, #64]
 2317 0044 A4F84420 		strh	r2, [r4, #68]	@ movhi
ARM GAS  C:\Users\Nathan\AppData\Local\Temp\cchjRnEM.s 			page 41


 2318 0048 A4F84620 		strh	r2, [r4, #70]	@ movhi
 2319 004c E364     		str	r3, [r4, #76]
 2320 004e 2365     		str	r3, [r4, #80]
 2321 0050 A387     		strh	r3, [r4, #60]	@ movhi
 2322 0052 E387     		strh	r3, [r4, #62]	@ movhi
 2323 0054 B0F5004F 		cmp	r0, #32768
 2324 0058 47D0     		beq	.L310
 2325              	.L300:
 2326 005a 2268     		ldr	r2, [r4]
 2327 005c 5368     		ldr	r3, [r2, #4]
 2328 005e 23F40053 		bic	r3, r3, #8192
 2329 0062 5360     		str	r3, [r2, #4]
 2330 0064 E368     		ldr	r3, [r4, #12]
 2331 0066 B3F5E06F 		cmp	r3, #1792
 2332 006a 49D9     		bls	.L301
 2333 006c 2268     		ldr	r2, [r4]
 2334 006e 5368     		ldr	r3, [r2, #4]
 2335 0070 23F48053 		bic	r3, r3, #4096
 2336 0074 5360     		str	r3, [r2, #4]
 2337              	.L302:
 2338 0076 A36D     		ldr	r3, [r4, #88]
 2339 0078 3E4A     		ldr	r2, .L312
 2340 007a 1A63     		str	r2, [r3, #48]
 2341 007c A36D     		ldr	r3, [r4, #88]
 2342 007e 3E4A     		ldr	r2, .L312+4
 2343 0080 DA62     		str	r2, [r3, #44]
 2344 0082 A36D     		ldr	r3, [r4, #88]
 2345 0084 3D4A     		ldr	r2, .L312+8
 2346 0086 5A63     		str	r2, [r3, #52]
 2347 0088 A36D     		ldr	r3, [r4, #88]
 2348 008a 0022     		movs	r2, #0
 2349 008c 9A63     		str	r2, [r3, #56]
 2350 008e 2168     		ldr	r1, [r4]
 2351 0090 B4F84630 		ldrh	r3, [r4, #70]
 2352 0094 9BB2     		uxth	r3, r3
 2353 0096 226C     		ldr	r2, [r4, #64]
 2354 0098 0C31     		adds	r1, r1, #12
 2355 009a A06D     		ldr	r0, [r4, #88]
 2356 009c FFF7FEFF 		bl	HAL_DMA_Start_IT
 2357 00a0 0146     		mov	r1, r0
 2358 00a2 0028     		cmp	r0, #0
 2359 00a4 59D1     		bne	.L311
 2360 00a6 2368     		ldr	r3, [r4]
 2361 00a8 1A68     		ldr	r2, [r3]
 2362 00aa 12F0400F 		tst	r2, #64
 2363 00ae 03D1     		bne	.L305
 2364 00b0 1A68     		ldr	r2, [r3]
 2365 00b2 42F04002 		orr	r2, r2, #64
 2366 00b6 1A60     		str	r2, [r3]
 2367              	.L305:
 2368 00b8 0023     		movs	r3, #0
 2369 00ba 84F85C30 		strb	r3, [r4, #92]
 2370 00be 2268     		ldr	r2, [r4]
 2371 00c0 5368     		ldr	r3, [r2, #4]
 2372 00c2 43F02003 		orr	r3, r3, #32
 2373 00c6 5360     		str	r3, [r2, #4]
 2374 00c8 2268     		ldr	r2, [r4]
ARM GAS  C:\Users\Nathan\AppData\Local\Temp\cchjRnEM.s 			page 42


 2375 00ca 5368     		ldr	r3, [r2, #4]
 2376 00cc 43F00103 		orr	r3, r3, #1
 2377 00d0 5360     		str	r3, [r2, #4]
 2378 00d2 0D46     		mov	r5, r1
 2379 00d4 4AE0     		b	.L298
 2380              	.L309:
 2381 00d6 0423     		movs	r3, #4
 2382 00d8 84F85D30 		strb	r3, [r4, #93]
 2383 00dc 1346     		mov	r3, r2
 2384 00de 0A46     		mov	r2, r1
 2385 00e0 2046     		mov	r0, r4
 2386 00e2 FFF7FEFF 		bl	HAL_SPI_TransmitReceive_DMA
 2387 00e6 0546     		mov	r5, r0
 2388 00e8 40E0     		b	.L298
 2389              	.L310:
 2390 00ea 2268     		ldr	r2, [r4]
 2391 00ec 1368     		ldr	r3, [r2]
 2392 00ee 23F04003 		bic	r3, r3, #64
 2393 00f2 1360     		str	r3, [r2]
 2394 00f4 2268     		ldr	r2, [r4]
 2395 00f6 1368     		ldr	r3, [r2]
 2396 00f8 23F48043 		bic	r3, r3, #16384
 2397 00fc 1360     		str	r3, [r2]
 2398 00fe ACE7     		b	.L300
 2399              	.L301:
 2400 0100 2268     		ldr	r2, [r4]
 2401 0102 5368     		ldr	r3, [r2, #4]
 2402 0104 43F48053 		orr	r3, r3, #4096
 2403 0108 5360     		str	r3, [r2, #4]
 2404 010a A36D     		ldr	r3, [r4, #88]
 2405 010c 9B69     		ldr	r3, [r3, #24]
 2406 010e B3F5806F 		cmp	r3, #1024
 2407 0112 B0D1     		bne	.L302
 2408 0114 2268     		ldr	r2, [r4]
 2409 0116 5368     		ldr	r3, [r2, #4]
 2410 0118 23F48053 		bic	r3, r3, #4096
 2411 011c 5360     		str	r3, [r2, #4]
 2412 011e B4F84630 		ldrh	r3, [r4, #70]
 2413 0122 13F0010F 		tst	r3, #1
 2414 0126 0BD1     		bne	.L303
 2415 0128 2268     		ldr	r2, [r4]
 2416 012a 5368     		ldr	r3, [r2, #4]
 2417 012c 23F40053 		bic	r3, r3, #8192
 2418 0130 5360     		str	r3, [r2, #4]
 2419 0132 B4F84630 		ldrh	r3, [r4, #70]
 2420 0136 C3F34E03 		ubfx	r3, r3, #1, #15
 2421 013a A4F84630 		strh	r3, [r4, #70]	@ movhi
 2422 013e 9AE7     		b	.L302
 2423              	.L303:
 2424 0140 2268     		ldr	r2, [r4]
 2425 0142 5368     		ldr	r3, [r2, #4]
 2426 0144 43F40053 		orr	r3, r3, #8192
 2427 0148 5360     		str	r3, [r2, #4]
 2428 014a B4F84630 		ldrh	r3, [r4, #70]
 2429 014e C3F34E03 		ubfx	r3, r3, #1, #15
 2430 0152 0133     		adds	r3, r3, #1
 2431 0154 A4F84630 		strh	r3, [r4, #70]	@ movhi
ARM GAS  C:\Users\Nathan\AppData\Local\Temp\cchjRnEM.s 			page 43


 2432 0158 8DE7     		b	.L302
 2433              	.L311:
 2434 015a 236E     		ldr	r3, [r4, #96]
 2435 015c 43F01003 		orr	r3, r3, #16
 2436 0160 2366     		str	r3, [r4, #96]
 2437 0162 0023     		movs	r3, #0
 2438 0164 84F85C30 		strb	r3, [r4, #92]
 2439 0168 00E0     		b	.L298
 2440              	.L306:
 2441 016a 0225     		movs	r5, #2
 2442              	.L298:
 2443 016c 2846     		mov	r0, r5
 2444 016e 38BD     		pop	{r3, r4, r5, pc}
 2445              	.L307:
 2446 0170 0225     		movs	r5, #2
 2447 0172 FBE7     		b	.L298
 2448              	.L313:
 2449              		.align	2
 2450              	.L312:
 2451 0174 00000000 		.word	SPI_DMAHalfReceiveCplt
 2452 0178 00000000 		.word	SPI_DMAReceiveCplt
 2453 017c 00000000 		.word	SPI_DMAError
 2455              		.section	.text.HAL_SPI_Abort,"ax",%progbits
 2456              		.align	1
 2457              		.global	HAL_SPI_Abort
 2458              		.syntax unified
 2459              		.thumb
 2460              		.thumb_func
 2462              	HAL_SPI_Abort:
 2463              		@ args = 0, pretend = 0, frame = 16
 2464              		@ frame_needed = 0, uses_anonymous_args = 0
 2465 0000 10B5     		push	{r4, lr}
 2466 0002 86B0     		sub	sp, sp, #24
 2467 0004 0446     		mov	r4, r0
 2468 0006 5D4B     		ldr	r3, .L335
 2469 0008 1B68     		ldr	r3, [r3]
 2470 000a 5D4A     		ldr	r2, .L335+4
 2471 000c A2FB0323 		umull	r2, r3, r2, r3
 2472 0010 5B0A     		lsrs	r3, r3, #9
 2473 0012 6422     		movs	r2, #100
 2474 0014 02FB03F3 		mul	r3, r2, r3
 2475 0018 0493     		str	r3, [sp, #16]
 2476 001a 049B     		ldr	r3, [sp, #16]
 2477 001c 0593     		str	r3, [sp, #20]
 2478 001e 0268     		ldr	r2, [r0]
 2479 0020 5368     		ldr	r3, [r2, #4]
 2480 0022 23F02003 		bic	r3, r3, #32
 2481 0026 5360     		str	r3, [r2, #4]
 2482 0028 0268     		ldr	r2, [r0]
 2483 002a 5368     		ldr	r3, [r2, #4]
 2484 002c 13F0800F 		tst	r3, #128
 2485 0030 11D0     		beq	.L315
 2486 0032 544B     		ldr	r3, .L335+8
 2487 0034 0365     		str	r3, [r0, #80]
 2488              	.L318:
 2489 0036 059B     		ldr	r3, [sp, #20]
 2490 0038 3BB1     		cbz	r3, .L333
ARM GAS  C:\Users\Nathan\AppData\Local\Temp\cchjRnEM.s 			page 44


 2491 003a 059B     		ldr	r3, [sp, #20]
 2492 003c 013B     		subs	r3, r3, #1
 2493 003e 0593     		str	r3, [sp, #20]
 2494 0040 94F85D30 		ldrb	r3, [r4, #93]	@ zero_extendqisi2
 2495 0044 072B     		cmp	r3, #7
 2496 0046 F6D1     		bne	.L318
 2497 0048 03E0     		b	.L317
 2498              	.L333:
 2499 004a 236E     		ldr	r3, [r4, #96]
 2500 004c 43F04003 		orr	r3, r3, #64
 2501 0050 2366     		str	r3, [r4, #96]
 2502              	.L317:
 2503 0052 049B     		ldr	r3, [sp, #16]
 2504 0054 0593     		str	r3, [sp, #20]
 2505              	.L315:
 2506 0056 5368     		ldr	r3, [r2, #4]
 2507 0058 13F0400F 		tst	r3, #64
 2508 005c 11D0     		beq	.L319
 2509 005e 4A4B     		ldr	r3, .L335+12
 2510 0060 E364     		str	r3, [r4, #76]
 2511              	.L322:
 2512 0062 059B     		ldr	r3, [sp, #20]
 2513 0064 3BB1     		cbz	r3, .L334
 2514 0066 059B     		ldr	r3, [sp, #20]
 2515 0068 013B     		subs	r3, r3, #1
 2516 006a 0593     		str	r3, [sp, #20]
 2517 006c 94F85D30 		ldrb	r3, [r4, #93]	@ zero_extendqisi2
 2518 0070 072B     		cmp	r3, #7
 2519 0072 F6D1     		bne	.L322
 2520 0074 03E0     		b	.L321
 2521              	.L334:
 2522 0076 236E     		ldr	r3, [r4, #96]
 2523 0078 43F04003 		orr	r3, r3, #64
 2524 007c 2366     		str	r3, [r4, #96]
 2525              	.L321:
 2526 007e 049B     		ldr	r3, [sp, #16]
 2527 0080 0593     		str	r3, [sp, #20]
 2528              	.L319:
 2529 0082 5368     		ldr	r3, [r2, #4]
 2530 0084 13F0020F 		tst	r3, #2
 2531 0088 2AD0     		beq	.L323
 2532 008a 636D     		ldr	r3, [r4, #84]
 2533 008c 43B3     		cbz	r3, .L323
 2534 008e 0022     		movs	r2, #0
 2535 0090 9A63     		str	r2, [r3, #56]
 2536 0092 606D     		ldr	r0, [r4, #84]
 2537 0094 FFF7FEFF 		bl	HAL_DMA_Abort
 2538 0098 08B1     		cbz	r0, .L324
 2539 009a 4023     		movs	r3, #64
 2540 009c 2366     		str	r3, [r4, #96]
 2541              	.L324:
 2542 009e 2268     		ldr	r2, [r4]
 2543 00a0 5368     		ldr	r3, [r2, #4]
 2544 00a2 23F00203 		bic	r3, r3, #2
 2545 00a6 5360     		str	r3, [r2, #4]
 2546 00a8 FFF7FEFF 		bl	HAL_GetTick
 2547 00ac 0246     		mov	r2, r0
ARM GAS  C:\Users\Nathan\AppData\Local\Temp\cchjRnEM.s 			page 45


 2548 00ae 6421     		movs	r1, #100
 2549 00b0 2046     		mov	r0, r4
 2550 00b2 FFF7FEFF 		bl	SPI_EndRxTxTransaction
 2551 00b6 08B1     		cbz	r0, .L325
 2552 00b8 4023     		movs	r3, #64
 2553 00ba 2366     		str	r3, [r4, #96]
 2554              	.L325:
 2555 00bc 2268     		ldr	r2, [r4]
 2556 00be 1368     		ldr	r3, [r2]
 2557 00c0 23F04003 		bic	r3, r3, #64
 2558 00c4 1360     		str	r3, [r2]
 2559 00c6 FFF7FEFF 		bl	HAL_GetTick
 2560 00ca 0090     		str	r0, [sp]
 2561 00cc 6423     		movs	r3, #100
 2562 00ce 0022     		movs	r2, #0
 2563 00d0 4FF4C061 		mov	r1, #1536
 2564 00d4 2046     		mov	r0, r4
 2565 00d6 FFF7FEFF 		bl	SPI_WaitFifoStateUntilTimeout
 2566 00da 08B1     		cbz	r0, .L323
 2567 00dc 4023     		movs	r3, #64
 2568 00de 2366     		str	r3, [r4, #96]
 2569              	.L323:
 2570 00e0 2368     		ldr	r3, [r4]
 2571 00e2 5B68     		ldr	r3, [r3, #4]
 2572 00e4 13F0010F 		tst	r3, #1
 2573 00e8 2CD0     		beq	.L326
 2574 00ea A36D     		ldr	r3, [r4, #88]
 2575 00ec 53B3     		cbz	r3, .L326
 2576 00ee 0022     		movs	r2, #0
 2577 00f0 9A63     		str	r2, [r3, #56]
 2578 00f2 A06D     		ldr	r0, [r4, #88]
 2579 00f4 FFF7FEFF 		bl	HAL_DMA_Abort
 2580 00f8 08B1     		cbz	r0, .L327
 2581 00fa 4023     		movs	r3, #64
 2582 00fc 2366     		str	r3, [r4, #96]
 2583              	.L327:
 2584 00fe 2268     		ldr	r2, [r4]
 2585 0100 1368     		ldr	r3, [r2]
 2586 0102 23F04003 		bic	r3, r3, #64
 2587 0106 1360     		str	r3, [r2]
 2588 0108 FFF7FEFF 		bl	HAL_GetTick
 2589 010c 0090     		str	r0, [sp]
 2590 010e 6423     		movs	r3, #100
 2591 0110 0022     		movs	r2, #0
 2592 0112 8021     		movs	r1, #128
 2593 0114 2046     		mov	r0, r4
 2594 0116 FFF7FEFF 		bl	SPI_WaitFlagStateUntilTimeout
 2595 011a 08B1     		cbz	r0, .L328
 2596 011c 4023     		movs	r3, #64
 2597 011e 2366     		str	r3, [r4, #96]
 2598              	.L328:
 2599 0120 FFF7FEFF 		bl	HAL_GetTick
 2600 0124 0090     		str	r0, [sp]
 2601 0126 6423     		movs	r3, #100
 2602 0128 0022     		movs	r2, #0
 2603 012a 4FF4C061 		mov	r1, #1536
 2604 012e 2046     		mov	r0, r4
ARM GAS  C:\Users\Nathan\AppData\Local\Temp\cchjRnEM.s 			page 46


 2605 0130 FFF7FEFF 		bl	SPI_WaitFifoStateUntilTimeout
 2606 0134 08B1     		cbz	r0, .L329
 2607 0136 4023     		movs	r3, #64
 2608 0138 2366     		str	r3, [r4, #96]
 2609              	.L329:
 2610 013a 2268     		ldr	r2, [r4]
 2611 013c 5368     		ldr	r3, [r2, #4]
 2612 013e 23F00103 		bic	r3, r3, #1
 2613 0142 5360     		str	r3, [r2, #4]
 2614              	.L326:
 2615 0144 0023     		movs	r3, #0
 2616 0146 A4F84630 		strh	r3, [r4, #70]	@ movhi
 2617 014a E387     		strh	r3, [r4, #62]	@ movhi
 2618 014c 236E     		ldr	r3, [r4, #96]
 2619 014e 402B     		cmp	r3, #64
 2620 0150 12D0     		beq	.L331
 2621 0152 0020     		movs	r0, #0
 2622 0154 2066     		str	r0, [r4, #96]
 2623              	.L330:
 2624 0156 0022     		movs	r2, #0
 2625 0158 0292     		str	r2, [sp, #8]
 2626 015a 2368     		ldr	r3, [r4]
 2627 015c D968     		ldr	r1, [r3, #12]
 2628 015e 0291     		str	r1, [sp, #8]
 2629 0160 9968     		ldr	r1, [r3, #8]
 2630 0162 0291     		str	r1, [sp, #8]
 2631 0164 0299     		ldr	r1, [sp, #8]
 2632 0166 0392     		str	r2, [sp, #12]
 2633 0168 9B68     		ldr	r3, [r3, #8]
 2634 016a 0393     		str	r3, [sp, #12]
 2635 016c 039B     		ldr	r3, [sp, #12]
 2636 016e 0123     		movs	r3, #1
 2637 0170 84F85D30 		strb	r3, [r4, #93]
 2638 0174 06B0     		add	sp, sp, #24
 2639              		@ sp needed
 2640 0176 10BD     		pop	{r4, pc}
 2641              	.L331:
 2642 0178 0120     		movs	r0, #1
 2643 017a ECE7     		b	.L330
 2644              	.L336:
 2645              		.align	2
 2646              	.L335:
 2647 017c 00000000 		.word	SystemCoreClock
 2648 0180 F1197605 		.word	91625969
 2649 0184 00000000 		.word	SPI_AbortTx_ISR
 2650 0188 00000000 		.word	SPI_AbortRx_ISR
 2652              		.section	.text.HAL_SPI_DMAPause,"ax",%progbits
 2653              		.align	1
 2654              		.global	HAL_SPI_DMAPause
 2655              		.syntax unified
 2656              		.thumb
 2657              		.thumb_func
 2659              	HAL_SPI_DMAPause:
 2660              		@ args = 0, pretend = 0, frame = 0
 2661              		@ frame_needed = 0, uses_anonymous_args = 0
 2662              		@ link register save eliminated.
 2663 0000 90F85C30 		ldrb	r3, [r0, #92]	@ zero_extendqisi2
ARM GAS  C:\Users\Nathan\AppData\Local\Temp\cchjRnEM.s 			page 47


 2664 0004 012B     		cmp	r3, #1
 2665 0006 0CD0     		beq	.L339
 2666 0008 0123     		movs	r3, #1
 2667 000a 80F85C30 		strb	r3, [r0, #92]
 2668 000e 0268     		ldr	r2, [r0]
 2669 0010 5368     		ldr	r3, [r2, #4]
 2670 0012 23F00303 		bic	r3, r3, #3
 2671 0016 5360     		str	r3, [r2, #4]
 2672 0018 0023     		movs	r3, #0
 2673 001a 80F85C30 		strb	r3, [r0, #92]
 2674 001e 1846     		mov	r0, r3
 2675 0020 7047     		bx	lr
 2676              	.L339:
 2677 0022 0220     		movs	r0, #2
 2678 0024 7047     		bx	lr
 2680              		.section	.text.HAL_SPI_DMAResume,"ax",%progbits
 2681              		.align	1
 2682              		.global	HAL_SPI_DMAResume
 2683              		.syntax unified
 2684              		.thumb
 2685              		.thumb_func
 2687              	HAL_SPI_DMAResume:
 2688              		@ args = 0, pretend = 0, frame = 0
 2689              		@ frame_needed = 0, uses_anonymous_args = 0
 2690              		@ link register save eliminated.
 2691 0000 90F85C30 		ldrb	r3, [r0, #92]	@ zero_extendqisi2
 2692 0004 012B     		cmp	r3, #1
 2693 0006 0CD0     		beq	.L342
 2694 0008 0123     		movs	r3, #1
 2695 000a 80F85C30 		strb	r3, [r0, #92]
 2696 000e 0268     		ldr	r2, [r0]
 2697 0010 5368     		ldr	r3, [r2, #4]
 2698 0012 43F00303 		orr	r3, r3, #3
 2699 0016 5360     		str	r3, [r2, #4]
 2700 0018 0023     		movs	r3, #0
 2701 001a 80F85C30 		strb	r3, [r0, #92]
 2702 001e 1846     		mov	r0, r3
 2703 0020 7047     		bx	lr
 2704              	.L342:
 2705 0022 0220     		movs	r0, #2
 2706 0024 7047     		bx	lr
 2708              		.section	.text.HAL_SPI_DMAStop,"ax",%progbits
 2709              		.align	1
 2710              		.global	HAL_SPI_DMAStop
 2711              		.syntax unified
 2712              		.thumb
 2713              		.thumb_func
 2715              	HAL_SPI_DMAStop:
 2716              		@ args = 0, pretend = 0, frame = 0
 2717              		@ frame_needed = 0, uses_anonymous_args = 0
 2718 0000 38B5     		push	{r3, r4, r5, lr}
 2719 0002 0446     		mov	r4, r0
 2720 0004 406D     		ldr	r0, [r0, #84]
 2721 0006 50B1     		cbz	r0, .L346
 2722 0008 FFF7FEFF 		bl	HAL_DMA_Abort
 2723 000c 0546     		mov	r5, r0
 2724 000e 38B1     		cbz	r0, .L344
ARM GAS  C:\Users\Nathan\AppData\Local\Temp\cchjRnEM.s 			page 48


 2725 0010 236E     		ldr	r3, [r4, #96]
 2726 0012 43F01003 		orr	r3, r3, #16
 2727 0016 2366     		str	r3, [r4, #96]
 2728 0018 0123     		movs	r3, #1
 2729 001a 1D46     		mov	r5, r3
 2730 001c 00E0     		b	.L344
 2731              	.L346:
 2732 001e 0546     		mov	r5, r0
 2733              	.L344:
 2734 0020 A06D     		ldr	r0, [r4, #88]
 2735 0022 40B1     		cbz	r0, .L345
 2736 0024 FFF7FEFF 		bl	HAL_DMA_Abort
 2737 0028 28B1     		cbz	r0, .L345
 2738 002a 236E     		ldr	r3, [r4, #96]
 2739 002c 43F01003 		orr	r3, r3, #16
 2740 0030 2366     		str	r3, [r4, #96]
 2741 0032 0123     		movs	r3, #1
 2742 0034 1D46     		mov	r5, r3
 2743              	.L345:
 2744 0036 2268     		ldr	r2, [r4]
 2745 0038 5368     		ldr	r3, [r2, #4]
 2746 003a 23F00303 		bic	r3, r3, #3
 2747 003e 5360     		str	r3, [r2, #4]
 2748 0040 0123     		movs	r3, #1
 2749 0042 84F85D30 		strb	r3, [r4, #93]
 2750 0046 2846     		mov	r0, r5
 2751 0048 38BD     		pop	{r3, r4, r5, pc}
 2753              		.section	.text.HAL_SPI_TxCpltCallback,"ax",%progbits
 2754              		.align	1
 2755              		.weak	HAL_SPI_TxCpltCallback
 2756              		.syntax unified
 2757              		.thumb
 2758              		.thumb_func
 2760              	HAL_SPI_TxCpltCallback:
 2761              		@ args = 0, pretend = 0, frame = 0
 2762              		@ frame_needed = 0, uses_anonymous_args = 0
 2763              		@ link register save eliminated.
 2764 0000 7047     		bx	lr
 2766              		.section	.text.HAL_SPI_RxCpltCallback,"ax",%progbits
 2767              		.align	1
 2768              		.weak	HAL_SPI_RxCpltCallback
 2769              		.syntax unified
 2770              		.thumb
 2771              		.thumb_func
 2773              	HAL_SPI_RxCpltCallback:
 2774              		@ args = 0, pretend = 0, frame = 0
 2775              		@ frame_needed = 0, uses_anonymous_args = 0
 2776              		@ link register save eliminated.
 2777 0000 7047     		bx	lr
 2779              		.section	.text.HAL_SPI_TxRxCpltCallback,"ax",%progbits
 2780              		.align	1
 2781              		.weak	HAL_SPI_TxRxCpltCallback
 2782              		.syntax unified
 2783              		.thumb
 2784              		.thumb_func
 2786              	HAL_SPI_TxRxCpltCallback:
 2787              		@ args = 0, pretend = 0, frame = 0
ARM GAS  C:\Users\Nathan\AppData\Local\Temp\cchjRnEM.s 			page 49


 2788              		@ frame_needed = 0, uses_anonymous_args = 0
 2789              		@ link register save eliminated.
 2790 0000 7047     		bx	lr
 2792              		.section	.text.HAL_SPI_TxHalfCpltCallback,"ax",%progbits
 2793              		.align	1
 2794              		.weak	HAL_SPI_TxHalfCpltCallback
 2795              		.syntax unified
 2796              		.thumb
 2797              		.thumb_func
 2799              	HAL_SPI_TxHalfCpltCallback:
 2800              		@ args = 0, pretend = 0, frame = 0
 2801              		@ frame_needed = 0, uses_anonymous_args = 0
 2802              		@ link register save eliminated.
 2803 0000 7047     		bx	lr
 2805              		.section	.text.SPI_DMAHalfTransmitCplt,"ax",%progbits
 2806              		.align	1
 2807              		.syntax unified
 2808              		.thumb
 2809              		.thumb_func
 2811              	SPI_DMAHalfTransmitCplt:
 2812              		@ args = 0, pretend = 0, frame = 0
 2813              		@ frame_needed = 0, uses_anonymous_args = 0
 2814 0000 08B5     		push	{r3, lr}
 2815 0002 806A     		ldr	r0, [r0, #40]
 2816 0004 FFF7FEFF 		bl	HAL_SPI_TxHalfCpltCallback
 2817 0008 08BD     		pop	{r3, pc}
 2819              		.section	.text.HAL_SPI_RxHalfCpltCallback,"ax",%progbits
 2820              		.align	1
 2821              		.weak	HAL_SPI_RxHalfCpltCallback
 2822              		.syntax unified
 2823              		.thumb
 2824              		.thumb_func
 2826              	HAL_SPI_RxHalfCpltCallback:
 2827              		@ args = 0, pretend = 0, frame = 0
 2828              		@ frame_needed = 0, uses_anonymous_args = 0
 2829              		@ link register save eliminated.
 2830 0000 7047     		bx	lr
 2832              		.section	.text.SPI_DMAHalfReceiveCplt,"ax",%progbits
 2833              		.align	1
 2834              		.syntax unified
 2835              		.thumb
 2836              		.thumb_func
 2838              	SPI_DMAHalfReceiveCplt:
 2839              		@ args = 0, pretend = 0, frame = 0
 2840              		@ frame_needed = 0, uses_anonymous_args = 0
 2841 0000 08B5     		push	{r3, lr}
 2842 0002 806A     		ldr	r0, [r0, #40]
 2843 0004 FFF7FEFF 		bl	HAL_SPI_RxHalfCpltCallback
 2844 0008 08BD     		pop	{r3, pc}
 2846              		.section	.text.HAL_SPI_TxRxHalfCpltCallback,"ax",%progbits
 2847              		.align	1
 2848              		.weak	HAL_SPI_TxRxHalfCpltCallback
 2849              		.syntax unified
 2850              		.thumb
 2851              		.thumb_func
 2853              	HAL_SPI_TxRxHalfCpltCallback:
 2854              		@ args = 0, pretend = 0, frame = 0
ARM GAS  C:\Users\Nathan\AppData\Local\Temp\cchjRnEM.s 			page 50


 2855              		@ frame_needed = 0, uses_anonymous_args = 0
 2856              		@ link register save eliminated.
 2857 0000 7047     		bx	lr
 2859              		.section	.text.SPI_DMAHalfTransmitReceiveCplt,"ax",%progbits
 2860              		.align	1
 2861              		.syntax unified
 2862              		.thumb
 2863              		.thumb_func
 2865              	SPI_DMAHalfTransmitReceiveCplt:
 2866              		@ args = 0, pretend = 0, frame = 0
 2867              		@ frame_needed = 0, uses_anonymous_args = 0
 2868 0000 08B5     		push	{r3, lr}
 2869 0002 806A     		ldr	r0, [r0, #40]
 2870 0004 FFF7FEFF 		bl	HAL_SPI_TxRxHalfCpltCallback
 2871 0008 08BD     		pop	{r3, pc}
 2873              		.section	.text.HAL_SPI_ErrorCallback,"ax",%progbits
 2874              		.align	1
 2875              		.weak	HAL_SPI_ErrorCallback
 2876              		.syntax unified
 2877              		.thumb
 2878              		.thumb_func
 2880              	HAL_SPI_ErrorCallback:
 2881              		@ args = 0, pretend = 0, frame = 0
 2882              		@ frame_needed = 0, uses_anonymous_args = 0
 2883              		@ link register save eliminated.
 2884 0000 7047     		bx	lr
 2886              		.section	.text.SPI_CloseTx_ISR,"ax",%progbits
 2887              		.align	1
 2888              		.syntax unified
 2889              		.thumb
 2890              		.thumb_func
 2892              	SPI_CloseTx_ISR:
 2893              		@ args = 0, pretend = 0, frame = 8
 2894              		@ frame_needed = 0, uses_anonymous_args = 0
 2895 0000 10B5     		push	{r4, lr}
 2896 0002 82B0     		sub	sp, sp, #8
 2897 0004 0446     		mov	r4, r0
 2898 0006 FFF7FEFF 		bl	HAL_GetTick
 2899 000a 0246     		mov	r2, r0
 2900 000c 2168     		ldr	r1, [r4]
 2901 000e 4B68     		ldr	r3, [r1, #4]
 2902 0010 23F0A003 		bic	r3, r3, #160
 2903 0014 4B60     		str	r3, [r1, #4]
 2904 0016 6421     		movs	r1, #100
 2905 0018 2046     		mov	r0, r4
 2906 001a FFF7FEFF 		bl	SPI_EndRxTxTransaction
 2907 001e 18B1     		cbz	r0, .L362
 2908 0020 236E     		ldr	r3, [r4, #96]
 2909 0022 43F02003 		orr	r3, r3, #32
 2910 0026 2366     		str	r3, [r4, #96]
 2911              	.L362:
 2912 0028 A368     		ldr	r3, [r4, #8]
 2913 002a 33B9     		cbnz	r3, .L363
 2914 002c 0193     		str	r3, [sp, #4]
 2915 002e 2368     		ldr	r3, [r4]
 2916 0030 DA68     		ldr	r2, [r3, #12]
 2917 0032 0192     		str	r2, [sp, #4]
ARM GAS  C:\Users\Nathan\AppData\Local\Temp\cchjRnEM.s 			page 51


 2918 0034 9B68     		ldr	r3, [r3, #8]
 2919 0036 0193     		str	r3, [sp, #4]
 2920 0038 019B     		ldr	r3, [sp, #4]
 2921              	.L363:
 2922 003a 0123     		movs	r3, #1
 2923 003c 84F85D30 		strb	r3, [r4, #93]
 2924 0040 236E     		ldr	r3, [r4, #96]
 2925 0042 23B1     		cbz	r3, .L364
 2926 0044 2046     		mov	r0, r4
 2927 0046 FFF7FEFF 		bl	HAL_SPI_ErrorCallback
 2928              	.L361:
 2929 004a 02B0     		add	sp, sp, #8
 2930              		@ sp needed
 2931 004c 10BD     		pop	{r4, pc}
 2932              	.L364:
 2933 004e 2046     		mov	r0, r4
 2934 0050 FFF7FEFF 		bl	HAL_SPI_TxCpltCallback
 2935 0054 F9E7     		b	.L361
 2937              		.section	.text.SPI_TxISR_8BIT,"ax",%progbits
 2938              		.align	1
 2939              		.syntax unified
 2940              		.thumb
 2941              		.thumb_func
 2943              	SPI_TxISR_8BIT:
 2944              		@ args = 0, pretend = 0, frame = 0
 2945              		@ frame_needed = 0, uses_anonymous_args = 0
 2946 0000 08B5     		push	{r3, lr}
 2947 0002 826B     		ldr	r2, [r0, #56]
 2948 0004 0368     		ldr	r3, [r0]
 2949 0006 1278     		ldrb	r2, [r2]	@ zero_extendqisi2
 2950 0008 1A73     		strb	r2, [r3, #12]
 2951 000a 836B     		ldr	r3, [r0, #56]
 2952 000c 0133     		adds	r3, r3, #1
 2953 000e 8363     		str	r3, [r0, #56]
 2954 0010 C38F     		ldrh	r3, [r0, #62]
 2955 0012 9BB2     		uxth	r3, r3
 2956 0014 013B     		subs	r3, r3, #1
 2957 0016 9BB2     		uxth	r3, r3
 2958 0018 C387     		strh	r3, [r0, #62]	@ movhi
 2959 001a C38F     		ldrh	r3, [r0, #62]
 2960 001c 9BB2     		uxth	r3, r3
 2961 001e 03B1     		cbz	r3, .L370
 2962              	.L367:
 2963 0020 08BD     		pop	{r3, pc}
 2964              	.L370:
 2965 0022 FFF7FEFF 		bl	SPI_CloseTx_ISR
 2966 0026 FBE7     		b	.L367
 2968              		.section	.text.SPI_TxISR_16BIT,"ax",%progbits
 2969              		.align	1
 2970              		.syntax unified
 2971              		.thumb
 2972              		.thumb_func
 2974              	SPI_TxISR_16BIT:
 2975              		@ args = 0, pretend = 0, frame = 0
 2976              		@ frame_needed = 0, uses_anonymous_args = 0
 2977 0000 08B5     		push	{r3, lr}
 2978 0002 826B     		ldr	r2, [r0, #56]
ARM GAS  C:\Users\Nathan\AppData\Local\Temp\cchjRnEM.s 			page 52


 2979 0004 0368     		ldr	r3, [r0]
 2980 0006 1288     		ldrh	r2, [r2]
 2981 0008 DA60     		str	r2, [r3, #12]
 2982 000a 836B     		ldr	r3, [r0, #56]
 2983 000c 0233     		adds	r3, r3, #2
 2984 000e 8363     		str	r3, [r0, #56]
 2985 0010 C38F     		ldrh	r3, [r0, #62]
 2986 0012 9BB2     		uxth	r3, r3
 2987 0014 013B     		subs	r3, r3, #1
 2988 0016 9BB2     		uxth	r3, r3
 2989 0018 C387     		strh	r3, [r0, #62]	@ movhi
 2990 001a C38F     		ldrh	r3, [r0, #62]
 2991 001c 9BB2     		uxth	r3, r3
 2992 001e 03B1     		cbz	r3, .L374
 2993              	.L371:
 2994 0020 08BD     		pop	{r3, pc}
 2995              	.L374:
 2996 0022 FFF7FEFF 		bl	SPI_CloseTx_ISR
 2997 0026 FBE7     		b	.L371
 2999              		.section	.text.SPI_CloseRx_ISR,"ax",%progbits
 3000              		.align	1
 3001              		.syntax unified
 3002              		.thumb
 3003              		.thumb_func
 3005              	SPI_CloseRx_ISR:
 3006              		@ args = 0, pretend = 0, frame = 0
 3007              		@ frame_needed = 0, uses_anonymous_args = 0
 3008 0000 10B5     		push	{r4, lr}
 3009 0002 0446     		mov	r4, r0
 3010 0004 0268     		ldr	r2, [r0]
 3011 0006 5368     		ldr	r3, [r2, #4]
 3012 0008 23F06003 		bic	r3, r3, #96
 3013 000c 5360     		str	r3, [r2, #4]
 3014 000e FFF7FEFF 		bl	HAL_GetTick
 3015 0012 0246     		mov	r2, r0
 3016 0014 6421     		movs	r1, #100
 3017 0016 2046     		mov	r0, r4
 3018 0018 FFF7FEFF 		bl	SPI_EndRxTransaction
 3019 001c 18B1     		cbz	r0, .L376
 3020 001e 236E     		ldr	r3, [r4, #96]
 3021 0020 43F02003 		orr	r3, r3, #32
 3022 0024 2366     		str	r3, [r4, #96]
 3023              	.L376:
 3024 0026 0123     		movs	r3, #1
 3025 0028 84F85D30 		strb	r3, [r4, #93]
 3026 002c 236E     		ldr	r3, [r4, #96]
 3027 002e 1BB9     		cbnz	r3, .L377
 3028 0030 2046     		mov	r0, r4
 3029 0032 FFF7FEFF 		bl	HAL_SPI_RxCpltCallback
 3030              	.L375:
 3031 0036 10BD     		pop	{r4, pc}
 3032              	.L377:
 3033 0038 2046     		mov	r0, r4
 3034 003a FFF7FEFF 		bl	HAL_SPI_ErrorCallback
 3035 003e FAE7     		b	.L375
 3037              		.section	.text.SPI_RxISR_8BIT,"ax",%progbits
 3038              		.align	1
ARM GAS  C:\Users\Nathan\AppData\Local\Temp\cchjRnEM.s 			page 53


 3039              		.syntax unified
 3040              		.thumb
 3041              		.thumb_func
 3043              	SPI_RxISR_8BIT:
 3044              		@ args = 0, pretend = 0, frame = 0
 3045              		@ frame_needed = 0, uses_anonymous_args = 0
 3046 0000 08B5     		push	{r3, lr}
 3047 0002 0268     		ldr	r2, [r0]
 3048 0004 036C     		ldr	r3, [r0, #64]
 3049 0006 127B     		ldrb	r2, [r2, #12]	@ zero_extendqisi2
 3050 0008 1A70     		strb	r2, [r3]
 3051 000a 036C     		ldr	r3, [r0, #64]
 3052 000c 0133     		adds	r3, r3, #1
 3053 000e 0364     		str	r3, [r0, #64]
 3054 0010 B0F84630 		ldrh	r3, [r0, #70]
 3055 0014 9BB2     		uxth	r3, r3
 3056 0016 013B     		subs	r3, r3, #1
 3057 0018 9BB2     		uxth	r3, r3
 3058 001a A0F84630 		strh	r3, [r0, #70]	@ movhi
 3059 001e B0F84630 		ldrh	r3, [r0, #70]
 3060 0022 9BB2     		uxth	r3, r3
 3061 0024 03B1     		cbz	r3, .L383
 3062              	.L380:
 3063 0026 08BD     		pop	{r3, pc}
 3064              	.L383:
 3065 0028 FFF7FEFF 		bl	SPI_CloseRx_ISR
 3066 002c FBE7     		b	.L380
 3068              		.section	.text.SPI_RxISR_16BIT,"ax",%progbits
 3069              		.align	1
 3070              		.syntax unified
 3071              		.thumb
 3072              		.thumb_func
 3074              	SPI_RxISR_16BIT:
 3075              		@ args = 0, pretend = 0, frame = 0
 3076              		@ frame_needed = 0, uses_anonymous_args = 0
 3077 0000 08B5     		push	{r3, lr}
 3078 0002 0368     		ldr	r3, [r0]
 3079 0004 DA68     		ldr	r2, [r3, #12]
 3080 0006 036C     		ldr	r3, [r0, #64]
 3081 0008 1A80     		strh	r2, [r3]	@ movhi
 3082 000a 036C     		ldr	r3, [r0, #64]
 3083 000c 0233     		adds	r3, r3, #2
 3084 000e 0364     		str	r3, [r0, #64]
 3085 0010 B0F84630 		ldrh	r3, [r0, #70]
 3086 0014 9BB2     		uxth	r3, r3
 3087 0016 013B     		subs	r3, r3, #1
 3088 0018 9BB2     		uxth	r3, r3
 3089 001a A0F84630 		strh	r3, [r0, #70]	@ movhi
 3090 001e B0F84630 		ldrh	r3, [r0, #70]
 3091 0022 9BB2     		uxth	r3, r3
 3092 0024 03B1     		cbz	r3, .L387
 3093              	.L384:
 3094 0026 08BD     		pop	{r3, pc}
 3095              	.L387:
 3096 0028 FFF7FEFF 		bl	SPI_CloseRx_ISR
 3097 002c FBE7     		b	.L384
 3099              		.section	.text.SPI_CloseRxTx_ISR,"ax",%progbits
ARM GAS  C:\Users\Nathan\AppData\Local\Temp\cchjRnEM.s 			page 54


 3100              		.align	1
 3101              		.syntax unified
 3102              		.thumb
 3103              		.thumb_func
 3105              	SPI_CloseRxTx_ISR:
 3106              		@ args = 0, pretend = 0, frame = 0
 3107              		@ frame_needed = 0, uses_anonymous_args = 0
 3108 0000 10B5     		push	{r4, lr}
 3109 0002 0446     		mov	r4, r0
 3110 0004 FFF7FEFF 		bl	HAL_GetTick
 3111 0008 0246     		mov	r2, r0
 3112 000a 2168     		ldr	r1, [r4]
 3113 000c 4B68     		ldr	r3, [r1, #4]
 3114 000e 23F02003 		bic	r3, r3, #32
 3115 0012 4B60     		str	r3, [r1, #4]
 3116 0014 6421     		movs	r1, #100
 3117 0016 2046     		mov	r0, r4
 3118 0018 FFF7FEFF 		bl	SPI_EndRxTxTransaction
 3119 001c 18B1     		cbz	r0, .L389
 3120 001e 236E     		ldr	r3, [r4, #96]
 3121 0020 43F02003 		orr	r3, r3, #32
 3122 0024 2366     		str	r3, [r4, #96]
 3123              	.L389:
 3124 0026 236E     		ldr	r3, [r4, #96]
 3125 0028 8BB9     		cbnz	r3, .L390
 3126 002a 94F85D30 		ldrb	r3, [r4, #93]	@ zero_extendqisi2
 3127 002e 042B     		cmp	r3, #4
 3128 0030 06D0     		beq	.L394
 3129 0032 0123     		movs	r3, #1
 3130 0034 84F85D30 		strb	r3, [r4, #93]
 3131 0038 2046     		mov	r0, r4
 3132 003a FFF7FEFF 		bl	HAL_SPI_TxRxCpltCallback
 3133              	.L388:
 3134 003e 10BD     		pop	{r4, pc}
 3135              	.L394:
 3136 0040 0123     		movs	r3, #1
 3137 0042 84F85D30 		strb	r3, [r4, #93]
 3138 0046 2046     		mov	r0, r4
 3139 0048 FFF7FEFF 		bl	HAL_SPI_RxCpltCallback
 3140 004c F7E7     		b	.L388
 3141              	.L390:
 3142 004e 0123     		movs	r3, #1
 3143 0050 84F85D30 		strb	r3, [r4, #93]
 3144 0054 2046     		mov	r0, r4
 3145 0056 FFF7FEFF 		bl	HAL_SPI_ErrorCallback
 3146 005a F0E7     		b	.L388
 3148              		.section	.text.SPI_2linesTxISR_8BIT,"ax",%progbits
 3149              		.align	1
 3150              		.syntax unified
 3151              		.thumb
 3152              		.thumb_func
 3154              	SPI_2linesTxISR_8BIT:
 3155              		@ args = 0, pretend = 0, frame = 0
 3156              		@ frame_needed = 0, uses_anonymous_args = 0
 3157 0000 08B5     		push	{r3, lr}
 3158 0002 C38F     		ldrh	r3, [r0, #62]
 3159 0004 9BB2     		uxth	r3, r3
ARM GAS  C:\Users\Nathan\AppData\Local\Temp\cchjRnEM.s 			page 55


 3160 0006 012B     		cmp	r3, #1
 3161 0008 18D9     		bls	.L396
 3162 000a 826B     		ldr	r2, [r0, #56]
 3163 000c 0368     		ldr	r3, [r0]
 3164 000e 1288     		ldrh	r2, [r2]
 3165 0010 DA60     		str	r2, [r3, #12]
 3166 0012 836B     		ldr	r3, [r0, #56]
 3167 0014 0233     		adds	r3, r3, #2
 3168 0016 8363     		str	r3, [r0, #56]
 3169 0018 C38F     		ldrh	r3, [r0, #62]
 3170 001a 9BB2     		uxth	r3, r3
 3171 001c 023B     		subs	r3, r3, #2
 3172 001e 9BB2     		uxth	r3, r3
 3173 0020 C387     		strh	r3, [r0, #62]	@ movhi
 3174              	.L397:
 3175 0022 C38F     		ldrh	r3, [r0, #62]
 3176 0024 9BB2     		uxth	r3, r3
 3177 0026 43B9     		cbnz	r3, .L395
 3178 0028 0268     		ldr	r2, [r0]
 3179 002a 5368     		ldr	r3, [r2, #4]
 3180 002c 23F08003 		bic	r3, r3, #128
 3181 0030 5360     		str	r3, [r2, #4]
 3182 0032 B0F84630 		ldrh	r3, [r0, #70]
 3183 0036 9BB2     		uxth	r3, r3
 3184 0038 6BB1     		cbz	r3, .L400
 3185              	.L395:
 3186 003a 08BD     		pop	{r3, pc}
 3187              	.L396:
 3188 003c 826B     		ldr	r2, [r0, #56]
 3189 003e 0368     		ldr	r3, [r0]
 3190 0040 1278     		ldrb	r2, [r2]	@ zero_extendqisi2
 3191 0042 1A73     		strb	r2, [r3, #12]
 3192 0044 836B     		ldr	r3, [r0, #56]
 3193 0046 0133     		adds	r3, r3, #1
 3194 0048 8363     		str	r3, [r0, #56]
 3195 004a C38F     		ldrh	r3, [r0, #62]
 3196 004c 9BB2     		uxth	r3, r3
 3197 004e 013B     		subs	r3, r3, #1
 3198 0050 9BB2     		uxth	r3, r3
 3199 0052 C387     		strh	r3, [r0, #62]	@ movhi
 3200 0054 E5E7     		b	.L397
 3201              	.L400:
 3202 0056 FFF7FEFF 		bl	SPI_CloseRxTx_ISR
 3203 005a EEE7     		b	.L395
 3205              		.section	.text.SPI_2linesRxISR_8BIT,"ax",%progbits
 3206              		.align	1
 3207              		.syntax unified
 3208              		.thumb
 3209              		.thumb_func
 3211              	SPI_2linesRxISR_8BIT:
 3212              		@ args = 0, pretend = 0, frame = 0
 3213              		@ frame_needed = 0, uses_anonymous_args = 0
 3214 0000 08B5     		push	{r3, lr}
 3215 0002 B0F84630 		ldrh	r3, [r0, #70]
 3216 0006 9BB2     		uxth	r3, r3
 3217 0008 012B     		cmp	r3, #1
 3218 000a 18D9     		bls	.L402
ARM GAS  C:\Users\Nathan\AppData\Local\Temp\cchjRnEM.s 			page 56


 3219 000c 0368     		ldr	r3, [r0]
 3220 000e DA68     		ldr	r2, [r3, #12]
 3221 0010 036C     		ldr	r3, [r0, #64]
 3222 0012 1A80     		strh	r2, [r3]	@ movhi
 3223 0014 036C     		ldr	r3, [r0, #64]
 3224 0016 0233     		adds	r3, r3, #2
 3225 0018 0364     		str	r3, [r0, #64]
 3226 001a B0F84630 		ldrh	r3, [r0, #70]
 3227 001e 9BB2     		uxth	r3, r3
 3228 0020 023B     		subs	r3, r3, #2
 3229 0022 9BB2     		uxth	r3, r3
 3230 0024 A0F84630 		strh	r3, [r0, #70]	@ movhi
 3231 0028 B0F84630 		ldrh	r3, [r0, #70]
 3232 002c 9BB2     		uxth	r3, r3
 3233 002e 012B     		cmp	r3, #1
 3234 0030 13D1     		bne	.L403
 3235 0032 0268     		ldr	r2, [r0]
 3236 0034 5368     		ldr	r3, [r2, #4]
 3237 0036 43F48053 		orr	r3, r3, #4096
 3238 003a 5360     		str	r3, [r2, #4]
 3239 003c 0DE0     		b	.L403
 3240              	.L402:
 3241 003e 0268     		ldr	r2, [r0]
 3242 0040 036C     		ldr	r3, [r0, #64]
 3243 0042 127B     		ldrb	r2, [r2, #12]	@ zero_extendqisi2
 3244 0044 1A70     		strb	r2, [r3]
 3245 0046 036C     		ldr	r3, [r0, #64]
 3246 0048 0133     		adds	r3, r3, #1
 3247 004a 0364     		str	r3, [r0, #64]
 3248 004c B0F84630 		ldrh	r3, [r0, #70]
 3249 0050 9BB2     		uxth	r3, r3
 3250 0052 013B     		subs	r3, r3, #1
 3251 0054 9BB2     		uxth	r3, r3
 3252 0056 A0F84630 		strh	r3, [r0, #70]	@ movhi
 3253              	.L403:
 3254 005a B0F84630 		ldrh	r3, [r0, #70]
 3255 005e 9BB2     		uxth	r3, r3
 3256 0060 3BB9     		cbnz	r3, .L401
 3257 0062 0268     		ldr	r2, [r0]
 3258 0064 5368     		ldr	r3, [r2, #4]
 3259 0066 23F06003 		bic	r3, r3, #96
 3260 006a 5360     		str	r3, [r2, #4]
 3261 006c C38F     		ldrh	r3, [r0, #62]
 3262 006e 9BB2     		uxth	r3, r3
 3263 0070 03B1     		cbz	r3, .L406
 3264              	.L401:
 3265 0072 08BD     		pop	{r3, pc}
 3266              	.L406:
 3267 0074 FFF7FEFF 		bl	SPI_CloseRxTx_ISR
 3268 0078 FBE7     		b	.L401
 3270              		.section	.text.SPI_2linesTxISR_16BIT,"ax",%progbits
 3271              		.align	1
 3272              		.syntax unified
 3273              		.thumb
 3274              		.thumb_func
 3276              	SPI_2linesTxISR_16BIT:
 3277              		@ args = 0, pretend = 0, frame = 0
ARM GAS  C:\Users\Nathan\AppData\Local\Temp\cchjRnEM.s 			page 57


 3278              		@ frame_needed = 0, uses_anonymous_args = 0
 3279 0000 08B5     		push	{r3, lr}
 3280 0002 826B     		ldr	r2, [r0, #56]
 3281 0004 0368     		ldr	r3, [r0]
 3282 0006 1288     		ldrh	r2, [r2]
 3283 0008 DA60     		str	r2, [r3, #12]
 3284 000a 836B     		ldr	r3, [r0, #56]
 3285 000c 0233     		adds	r3, r3, #2
 3286 000e 8363     		str	r3, [r0, #56]
 3287 0010 C38F     		ldrh	r3, [r0, #62]
 3288 0012 9BB2     		uxth	r3, r3
 3289 0014 013B     		subs	r3, r3, #1
 3290 0016 9BB2     		uxth	r3, r3
 3291 0018 C387     		strh	r3, [r0, #62]	@ movhi
 3292 001a C38F     		ldrh	r3, [r0, #62]
 3293 001c 9BB2     		uxth	r3, r3
 3294 001e 43B9     		cbnz	r3, .L407
 3295 0020 0268     		ldr	r2, [r0]
 3296 0022 5368     		ldr	r3, [r2, #4]
 3297 0024 23F08003 		bic	r3, r3, #128
 3298 0028 5360     		str	r3, [r2, #4]
 3299 002a B0F84630 		ldrh	r3, [r0, #70]
 3300 002e 9BB2     		uxth	r3, r3
 3301 0030 03B1     		cbz	r3, .L410
 3302              	.L407:
 3303 0032 08BD     		pop	{r3, pc}
 3304              	.L410:
 3305 0034 FFF7FEFF 		bl	SPI_CloseRxTx_ISR
 3306 0038 FBE7     		b	.L407
 3308              		.section	.text.SPI_2linesRxISR_16BIT,"ax",%progbits
 3309              		.align	1
 3310              		.syntax unified
 3311              		.thumb
 3312              		.thumb_func
 3314              	SPI_2linesRxISR_16BIT:
 3315              		@ args = 0, pretend = 0, frame = 0
 3316              		@ frame_needed = 0, uses_anonymous_args = 0
 3317 0000 08B5     		push	{r3, lr}
 3318 0002 0368     		ldr	r3, [r0]
 3319 0004 DA68     		ldr	r2, [r3, #12]
 3320 0006 036C     		ldr	r3, [r0, #64]
 3321 0008 1A80     		strh	r2, [r3]	@ movhi
 3322 000a 036C     		ldr	r3, [r0, #64]
 3323 000c 0233     		adds	r3, r3, #2
 3324 000e 0364     		str	r3, [r0, #64]
 3325 0010 B0F84630 		ldrh	r3, [r0, #70]
 3326 0014 9BB2     		uxth	r3, r3
 3327 0016 013B     		subs	r3, r3, #1
 3328 0018 9BB2     		uxth	r3, r3
 3329 001a A0F84630 		strh	r3, [r0, #70]	@ movhi
 3330 001e B0F84630 		ldrh	r3, [r0, #70]
 3331 0022 9BB2     		uxth	r3, r3
 3332 0024 3BB9     		cbnz	r3, .L411
 3333 0026 0268     		ldr	r2, [r0]
 3334 0028 5368     		ldr	r3, [r2, #4]
 3335 002a 23F04003 		bic	r3, r3, #64
 3336 002e 5360     		str	r3, [r2, #4]
ARM GAS  C:\Users\Nathan\AppData\Local\Temp\cchjRnEM.s 			page 58


 3337 0030 C38F     		ldrh	r3, [r0, #62]
 3338 0032 9BB2     		uxth	r3, r3
 3339 0034 03B1     		cbz	r3, .L414
 3340              	.L411:
 3341 0036 08BD     		pop	{r3, pc}
 3342              	.L414:
 3343 0038 FFF7FEFF 		bl	SPI_CloseRxTx_ISR
 3344 003c FBE7     		b	.L411
 3346              		.section	.text.SPI_DMAError,"ax",%progbits
 3347              		.align	1
 3348              		.syntax unified
 3349              		.thumb
 3350              		.thumb_func
 3352              	SPI_DMAError:
 3353              		@ args = 0, pretend = 0, frame = 0
 3354              		@ frame_needed = 0, uses_anonymous_args = 0
 3355 0000 08B5     		push	{r3, lr}
 3356 0002 806A     		ldr	r0, [r0, #40]
 3357 0004 0268     		ldr	r2, [r0]
 3358 0006 5368     		ldr	r3, [r2, #4]
 3359 0008 23F00303 		bic	r3, r3, #3
 3360 000c 5360     		str	r3, [r2, #4]
 3361 000e 036E     		ldr	r3, [r0, #96]
 3362 0010 43F01003 		orr	r3, r3, #16
 3363 0014 0366     		str	r3, [r0, #96]
 3364 0016 0123     		movs	r3, #1
 3365 0018 80F85D30 		strb	r3, [r0, #93]
 3366 001c FFF7FEFF 		bl	HAL_SPI_ErrorCallback
 3367 0020 08BD     		pop	{r3, pc}
 3369              		.section	.text.SPI_DMATransmitCplt,"ax",%progbits
 3370              		.align	1
 3371              		.syntax unified
 3372              		.thumb
 3373              		.thumb_func
 3375              	SPI_DMATransmitCplt:
 3376              		@ args = 0, pretend = 0, frame = 8
 3377              		@ frame_needed = 0, uses_anonymous_args = 0
 3378 0000 30B5     		push	{r4, r5, lr}
 3379 0002 83B0     		sub	sp, sp, #12
 3380 0004 0546     		mov	r5, r0
 3381 0006 846A     		ldr	r4, [r0, #40]
 3382 0008 FFF7FEFF 		bl	HAL_GetTick
 3383 000c 2B68     		ldr	r3, [r5]
 3384 000e 1B68     		ldr	r3, [r3]
 3385 0010 13F0200F 		tst	r3, #32
 3386 0014 23D1     		bne	.L418
 3387 0016 0246     		mov	r2, r0
 3388 0018 2168     		ldr	r1, [r4]
 3389 001a 4B68     		ldr	r3, [r1, #4]
 3390 001c 23F02003 		bic	r3, r3, #32
 3391 0020 4B60     		str	r3, [r1, #4]
 3392 0022 2168     		ldr	r1, [r4]
 3393 0024 4B68     		ldr	r3, [r1, #4]
 3394 0026 23F00203 		bic	r3, r3, #2
 3395 002a 4B60     		str	r3, [r1, #4]
 3396 002c 6421     		movs	r1, #100
 3397 002e 2046     		mov	r0, r4
ARM GAS  C:\Users\Nathan\AppData\Local\Temp\cchjRnEM.s 			page 59


 3398 0030 FFF7FEFF 		bl	SPI_EndRxTxTransaction
 3399 0034 18B1     		cbz	r0, .L419
 3400 0036 236E     		ldr	r3, [r4, #96]
 3401 0038 43F02003 		orr	r3, r3, #32
 3402 003c 2366     		str	r3, [r4, #96]
 3403              	.L419:
 3404 003e A368     		ldr	r3, [r4, #8]
 3405 0040 33B9     		cbnz	r3, .L420
 3406 0042 0193     		str	r3, [sp, #4]
 3407 0044 2368     		ldr	r3, [r4]
 3408 0046 DA68     		ldr	r2, [r3, #12]
 3409 0048 0192     		str	r2, [sp, #4]
 3410 004a 9B68     		ldr	r3, [r3, #8]
 3411 004c 0193     		str	r3, [sp, #4]
 3412 004e 019B     		ldr	r3, [sp, #4]
 3413              	.L420:
 3414 0050 0023     		movs	r3, #0
 3415 0052 E387     		strh	r3, [r4, #62]	@ movhi
 3416 0054 0123     		movs	r3, #1
 3417 0056 84F85D30 		strb	r3, [r4, #93]
 3418 005a 236E     		ldr	r3, [r4, #96]
 3419 005c 23B9     		cbnz	r3, .L423
 3420              	.L418:
 3421 005e 2046     		mov	r0, r4
 3422 0060 FFF7FEFF 		bl	HAL_SPI_TxCpltCallback
 3423              	.L417:
 3424 0064 03B0     		add	sp, sp, #12
 3425              		@ sp needed
 3426 0066 30BD     		pop	{r4, r5, pc}
 3427              	.L423:
 3428 0068 2046     		mov	r0, r4
 3429 006a FFF7FEFF 		bl	HAL_SPI_ErrorCallback
 3430 006e F9E7     		b	.L417
 3432              		.section	.text.SPI_DMAReceiveCplt,"ax",%progbits
 3433              		.align	1
 3434              		.syntax unified
 3435              		.thumb
 3436              		.thumb_func
 3438              	SPI_DMAReceiveCplt:
 3439              		@ args = 0, pretend = 0, frame = 0
 3440              		@ frame_needed = 0, uses_anonymous_args = 0
 3441 0000 38B5     		push	{r3, r4, r5, lr}
 3442 0002 0546     		mov	r5, r0
 3443 0004 846A     		ldr	r4, [r0, #40]
 3444 0006 FFF7FEFF 		bl	HAL_GetTick
 3445 000a 2B68     		ldr	r3, [r5]
 3446 000c 1B68     		ldr	r3, [r3]
 3447 000e 13F0200F 		tst	r3, #32
 3448 0012 1FD1     		bne	.L425
 3449 0014 0246     		mov	r2, r0
 3450 0016 2168     		ldr	r1, [r4]
 3451 0018 4B68     		ldr	r3, [r1, #4]
 3452 001a 23F02003 		bic	r3, r3, #32
 3453 001e 4B60     		str	r3, [r1, #4]
 3454 0020 A368     		ldr	r3, [r4, #8]
 3455 0022 1BB9     		cbnz	r3, .L426
 3456 0024 6368     		ldr	r3, [r4, #4]
ARM GAS  C:\Users\Nathan\AppData\Local\Temp\cchjRnEM.s 			page 60


 3457 0026 B3F5827F 		cmp	r3, #260
 3458 002a 17D0     		beq	.L431
 3459              	.L426:
 3460 002c 2168     		ldr	r1, [r4]
 3461 002e 4B68     		ldr	r3, [r1, #4]
 3462 0030 23F00103 		bic	r3, r3, #1
 3463 0034 4B60     		str	r3, [r1, #4]
 3464              	.L427:
 3465 0036 6421     		movs	r1, #100
 3466 0038 2046     		mov	r0, r4
 3467 003a FFF7FEFF 		bl	SPI_EndRxTransaction
 3468 003e 08B1     		cbz	r0, .L428
 3469 0040 2023     		movs	r3, #32
 3470 0042 2366     		str	r3, [r4, #96]
 3471              	.L428:
 3472 0044 0023     		movs	r3, #0
 3473 0046 A4F84630 		strh	r3, [r4, #70]	@ movhi
 3474 004a 0123     		movs	r3, #1
 3475 004c 84F85D30 		strb	r3, [r4, #93]
 3476 0050 236E     		ldr	r3, [r4, #96]
 3477 0052 4BB9     		cbnz	r3, .L432
 3478              	.L425:
 3479 0054 2046     		mov	r0, r4
 3480 0056 FFF7FEFF 		bl	HAL_SPI_RxCpltCallback
 3481              	.L424:
 3482 005a 38BD     		pop	{r3, r4, r5, pc}
 3483              	.L431:
 3484 005c 2168     		ldr	r1, [r4]
 3485 005e 4B68     		ldr	r3, [r1, #4]
 3486 0060 23F00303 		bic	r3, r3, #3
 3487 0064 4B60     		str	r3, [r1, #4]
 3488 0066 E6E7     		b	.L427
 3489              	.L432:
 3490 0068 2046     		mov	r0, r4
 3491 006a FFF7FEFF 		bl	HAL_SPI_ErrorCallback
 3492 006e F4E7     		b	.L424
 3494              		.section	.text.SPI_DMATransmitReceiveCplt,"ax",%progbits
 3495              		.align	1
 3496              		.syntax unified
 3497              		.thumb
 3498              		.thumb_func
 3500              	SPI_DMATransmitReceiveCplt:
 3501              		@ args = 0, pretend = 0, frame = 0
 3502              		@ frame_needed = 0, uses_anonymous_args = 0
 3503 0000 38B5     		push	{r3, r4, r5, lr}
 3504 0002 0546     		mov	r5, r0
 3505 0004 846A     		ldr	r4, [r0, #40]
 3506 0006 FFF7FEFF 		bl	HAL_GetTick
 3507 000a 2B68     		ldr	r3, [r5]
 3508 000c 1B68     		ldr	r3, [r3]
 3509 000e 13F0200F 		tst	r3, #32
 3510 0012 1CD1     		bne	.L434
 3511 0014 0246     		mov	r2, r0
 3512 0016 2168     		ldr	r1, [r4]
 3513 0018 4B68     		ldr	r3, [r1, #4]
 3514 001a 23F02003 		bic	r3, r3, #32
 3515 001e 4B60     		str	r3, [r1, #4]
ARM GAS  C:\Users\Nathan\AppData\Local\Temp\cchjRnEM.s 			page 61


 3516 0020 6421     		movs	r1, #100
 3517 0022 2046     		mov	r0, r4
 3518 0024 FFF7FEFF 		bl	SPI_EndRxTxTransaction
 3519 0028 18B1     		cbz	r0, .L435
 3520 002a 236E     		ldr	r3, [r4, #96]
 3521 002c 43F02003 		orr	r3, r3, #32
 3522 0030 2366     		str	r3, [r4, #96]
 3523              	.L435:
 3524 0032 2268     		ldr	r2, [r4]
 3525 0034 5368     		ldr	r3, [r2, #4]
 3526 0036 23F00303 		bic	r3, r3, #3
 3527 003a 5360     		str	r3, [r2, #4]
 3528 003c 0023     		movs	r3, #0
 3529 003e E387     		strh	r3, [r4, #62]	@ movhi
 3530 0040 A4F84630 		strh	r3, [r4, #70]	@ movhi
 3531 0044 0123     		movs	r3, #1
 3532 0046 84F85D30 		strb	r3, [r4, #93]
 3533 004a 236E     		ldr	r3, [r4, #96]
 3534 004c 1BB9     		cbnz	r3, .L438
 3535              	.L434:
 3536 004e 2046     		mov	r0, r4
 3537 0050 FFF7FEFF 		bl	HAL_SPI_TxRxCpltCallback
 3538              	.L433:
 3539 0054 38BD     		pop	{r3, r4, r5, pc}
 3540              	.L438:
 3541 0056 2046     		mov	r0, r4
 3542 0058 FFF7FEFF 		bl	HAL_SPI_ErrorCallback
 3543 005c FAE7     		b	.L433
 3545              		.section	.text.HAL_SPI_IRQHandler,"ax",%progbits
 3546              		.align	1
 3547              		.global	HAL_SPI_IRQHandler
 3548              		.syntax unified
 3549              		.thumb
 3550              		.thumb_func
 3552              	HAL_SPI_IRQHandler:
 3553              		@ args = 0, pretend = 0, frame = 16
 3554              		@ frame_needed = 0, uses_anonymous_args = 0
 3555 0000 10B5     		push	{r4, lr}
 3556 0002 84B0     		sub	sp, sp, #16
 3557 0004 0446     		mov	r4, r0
 3558 0006 0268     		ldr	r2, [r0]
 3559 0008 5168     		ldr	r1, [r2, #4]
 3560 000a 9368     		ldr	r3, [r2, #8]
 3561 000c C3F38010 		ubfx	r0, r3, #6, #1
 3562 0010 13F0400F 		tst	r3, #64
 3563 0014 05D1     		bne	.L440
 3564 0016 13F0010F 		tst	r3, #1
 3565 001a 02D0     		beq	.L440
 3566 001c 11F0400F 		tst	r1, #64
 3567 0020 6DD1     		bne	.L453
 3568              	.L440:
 3569 0022 13F0020F 		tst	r3, #2
 3570 0026 02D0     		beq	.L442
 3571 0028 11F0800F 		tst	r1, #128
 3572 002c 6BD1     		bne	.L454
 3573              	.L442:
 3574 002e C3F3401C 		ubfx	ip, r3, #5, #1
ARM GAS  C:\Users\Nathan\AppData\Local\Temp\cchjRnEM.s 			page 62


 3575 0032 13F0200F 		tst	r3, #32
 3576 0036 03D1     		bne	.L443
 3577 0038 10B9     		cbnz	r0, .L443
 3578 003a 13F4807F 		tst	r3, #256
 3579 003e 65D0     		beq	.L439
 3580              	.L443:
 3581 0040 11F0200F 		tst	r1, #32
 3582 0044 62D0     		beq	.L439
 3583 0046 70B1     		cbz	r0, .L444
 3584 0048 94F85D00 		ldrb	r0, [r4, #93]	@ zero_extendqisi2
 3585 004c 0328     		cmp	r0, #3
 3586 004e 5FD0     		beq	.L445
 3587 0050 206E     		ldr	r0, [r4, #96]
 3588 0052 40F00400 		orr	r0, r0, #4
 3589 0056 2066     		str	r0, [r4, #96]
 3590 0058 0020     		movs	r0, #0
 3591 005a 0090     		str	r0, [sp]
 3592 005c D068     		ldr	r0, [r2, #12]
 3593 005e 0090     		str	r0, [sp]
 3594 0060 9068     		ldr	r0, [r2, #8]
 3595 0062 0090     		str	r0, [sp]
 3596 0064 0098     		ldr	r0, [sp]
 3597              	.L444:
 3598 0066 BCF1000F 		cmp	ip, #0
 3599 006a 0CD0     		beq	.L446
 3600 006c 206E     		ldr	r0, [r4, #96]
 3601 006e 40F00100 		orr	r0, r0, #1
 3602 0072 2066     		str	r0, [r4, #96]
 3603 0074 0020     		movs	r0, #0
 3604 0076 0290     		str	r0, [sp, #8]
 3605 0078 9068     		ldr	r0, [r2, #8]
 3606 007a 0290     		str	r0, [sp, #8]
 3607 007c 1068     		ldr	r0, [r2]
 3608 007e 20F04000 		bic	r0, r0, #64
 3609 0082 1060     		str	r0, [r2]
 3610 0084 029A     		ldr	r2, [sp, #8]
 3611              	.L446:
 3612 0086 13F4807F 		tst	r3, #256
 3613 008a 09D0     		beq	.L447
 3614 008c 236E     		ldr	r3, [r4, #96]
 3615 008e 43F00803 		orr	r3, r3, #8
 3616 0092 2366     		str	r3, [r4, #96]
 3617 0094 0023     		movs	r3, #0
 3618 0096 0393     		str	r3, [sp, #12]
 3619 0098 2368     		ldr	r3, [r4]
 3620 009a 9B68     		ldr	r3, [r3, #8]
 3621 009c 0393     		str	r3, [sp, #12]
 3622 009e 039B     		ldr	r3, [sp, #12]
 3623              	.L447:
 3624 00a0 236E     		ldr	r3, [r4, #96]
 3625 00a2 002B     		cmp	r3, #0
 3626 00a4 32D0     		beq	.L439
 3627 00a6 2268     		ldr	r2, [r4]
 3628 00a8 5368     		ldr	r3, [r2, #4]
 3629 00aa 23F0E003 		bic	r3, r3, #224
 3630 00ae 5360     		str	r3, [r2, #4]
 3631 00b0 0123     		movs	r3, #1
ARM GAS  C:\Users\Nathan\AppData\Local\Temp\cchjRnEM.s 			page 63


 3632 00b2 84F85D30 		strb	r3, [r4, #93]
 3633 00b6 11F0020F 		tst	r1, #2
 3634 00ba 02D1     		bne	.L449
 3635 00bc 11F0010F 		tst	r1, #1
 3636 00c0 2ED0     		beq	.L450
 3637              	.L449:
 3638 00c2 2268     		ldr	r2, [r4]
 3639 00c4 5368     		ldr	r3, [r2, #4]
 3640 00c6 23F00303 		bic	r3, r3, #3
 3641 00ca 5360     		str	r3, [r2, #4]
 3642 00cc A36D     		ldr	r3, [r4, #88]
 3643 00ce 4BB1     		cbz	r3, .L451
 3644 00d0 154A     		ldr	r2, .L455
 3645 00d2 9A63     		str	r2, [r3, #56]
 3646 00d4 A06D     		ldr	r0, [r4, #88]
 3647 00d6 FFF7FEFF 		bl	HAL_DMA_Abort_IT
 3648 00da 18B1     		cbz	r0, .L451
 3649 00dc 236E     		ldr	r3, [r4, #96]
 3650 00de 43F04003 		orr	r3, r3, #64
 3651 00e2 2366     		str	r3, [r4, #96]
 3652              	.L451:
 3653 00e4 636D     		ldr	r3, [r4, #84]
 3654 00e6 8BB1     		cbz	r3, .L439
 3655 00e8 0F4A     		ldr	r2, .L455
 3656 00ea 9A63     		str	r2, [r3, #56]
 3657 00ec 606D     		ldr	r0, [r4, #84]
 3658 00ee FFF7FEFF 		bl	HAL_DMA_Abort_IT
 3659 00f2 58B1     		cbz	r0, .L439
 3660 00f4 236E     		ldr	r3, [r4, #96]
 3661 00f6 43F04003 		orr	r3, r3, #64
 3662 00fa 2366     		str	r3, [r4, #96]
 3663 00fc 06E0     		b	.L439
 3664              	.L453:
 3665 00fe E36C     		ldr	r3, [r4, #76]
 3666 0100 2046     		mov	r0, r4
 3667 0102 9847     		blx	r3
 3668 0104 02E0     		b	.L439
 3669              	.L454:
 3670 0106 236D     		ldr	r3, [r4, #80]
 3671 0108 2046     		mov	r0, r4
 3672 010a 9847     		blx	r3
 3673              	.L439:
 3674 010c 04B0     		add	sp, sp, #16
 3675              		@ sp needed
 3676 010e 10BD     		pop	{r4, pc}
 3677              	.L445:
 3678 0110 0023     		movs	r3, #0
 3679 0112 0193     		str	r3, [sp, #4]
 3680 0114 D368     		ldr	r3, [r2, #12]
 3681 0116 0193     		str	r3, [sp, #4]
 3682 0118 9368     		ldr	r3, [r2, #8]
 3683 011a 0193     		str	r3, [sp, #4]
 3684 011c 019B     		ldr	r3, [sp, #4]
 3685 011e F5E7     		b	.L439
 3686              	.L450:
 3687 0120 2046     		mov	r0, r4
 3688 0122 FFF7FEFF 		bl	HAL_SPI_ErrorCallback
ARM GAS  C:\Users\Nathan\AppData\Local\Temp\cchjRnEM.s 			page 64


 3689 0126 F1E7     		b	.L439
 3690              	.L456:
 3691              		.align	2
 3692              	.L455:
 3693 0128 00000000 		.word	SPI_DMAAbortOnError
 3695              		.section	.text.SPI_DMAAbortOnError,"ax",%progbits
 3696              		.align	1
 3697              		.syntax unified
 3698              		.thumb
 3699              		.thumb_func
 3701              	SPI_DMAAbortOnError:
 3702              		@ args = 0, pretend = 0, frame = 0
 3703              		@ frame_needed = 0, uses_anonymous_args = 0
 3704 0000 08B5     		push	{r3, lr}
 3705 0002 806A     		ldr	r0, [r0, #40]
 3706 0004 0023     		movs	r3, #0
 3707 0006 A0F84630 		strh	r3, [r0, #70]	@ movhi
 3708 000a C387     		strh	r3, [r0, #62]	@ movhi
 3709 000c FFF7FEFF 		bl	HAL_SPI_ErrorCallback
 3710 0010 08BD     		pop	{r3, pc}
 3712              		.section	.text.HAL_SPI_AbortCpltCallback,"ax",%progbits
 3713              		.align	1
 3714              		.weak	HAL_SPI_AbortCpltCallback
 3715              		.syntax unified
 3716              		.thumb
 3717              		.thumb_func
 3719              	HAL_SPI_AbortCpltCallback:
 3720              		@ args = 0, pretend = 0, frame = 0
 3721              		@ frame_needed = 0, uses_anonymous_args = 0
 3722              		@ link register save eliminated.
 3723 0000 7047     		bx	lr
 3725              		.section	.text.HAL_SPI_Abort_IT,"ax",%progbits
 3726              		.align	1
 3727              		.global	HAL_SPI_Abort_IT
 3728              		.syntax unified
 3729              		.thumb
 3730              		.thumb_func
 3732              	HAL_SPI_Abort_IT:
 3733              		@ args = 0, pretend = 0, frame = 16
 3734              		@ frame_needed = 0, uses_anonymous_args = 0
 3735 0000 70B5     		push	{r4, r5, r6, lr}
 3736 0002 84B0     		sub	sp, sp, #16
 3737 0004 0446     		mov	r4, r0
 3738 0006 514B     		ldr	r3, .L486
 3739 0008 1B68     		ldr	r3, [r3]
 3740 000a 514A     		ldr	r2, .L486+4
 3741 000c A2FB0323 		umull	r2, r3, r2, r3
 3742 0010 5B0A     		lsrs	r3, r3, #9
 3743 0012 6422     		movs	r2, #100
 3744 0014 02FB03F3 		mul	r3, r2, r3
 3745 0018 0293     		str	r3, [sp, #8]
 3746 001a 029B     		ldr	r3, [sp, #8]
 3747 001c 0393     		str	r3, [sp, #12]
 3748 001e 0268     		ldr	r2, [r0]
 3749 0020 5368     		ldr	r3, [r2, #4]
 3750 0022 23F02003 		bic	r3, r3, #32
 3751 0026 5360     		str	r3, [r2, #4]
ARM GAS  C:\Users\Nathan\AppData\Local\Temp\cchjRnEM.s 			page 65


 3752 0028 0268     		ldr	r2, [r0]
 3753 002a 5368     		ldr	r3, [r2, #4]
 3754 002c 13F0800F 		tst	r3, #128
 3755 0030 11D0     		beq	.L461
 3756 0032 484B     		ldr	r3, .L486+8
 3757 0034 0365     		str	r3, [r0, #80]
 3758              	.L464:
 3759 0036 039B     		ldr	r3, [sp, #12]
 3760 0038 3BB1     		cbz	r3, .L483
 3761 003a 039B     		ldr	r3, [sp, #12]
 3762 003c 013B     		subs	r3, r3, #1
 3763 003e 0393     		str	r3, [sp, #12]
 3764 0040 94F85D30 		ldrb	r3, [r4, #93]	@ zero_extendqisi2
 3765 0044 072B     		cmp	r3, #7
 3766 0046 F6D1     		bne	.L464
 3767 0048 03E0     		b	.L463
 3768              	.L483:
 3769 004a 236E     		ldr	r3, [r4, #96]
 3770 004c 43F04003 		orr	r3, r3, #64
 3771 0050 2366     		str	r3, [r4, #96]
 3772              	.L463:
 3773 0052 029B     		ldr	r3, [sp, #8]
 3774 0054 0393     		str	r3, [sp, #12]
 3775              	.L461:
 3776 0056 5368     		ldr	r3, [r2, #4]
 3777 0058 13F0400F 		tst	r3, #64
 3778 005c 11D0     		beq	.L465
 3779 005e 3E4B     		ldr	r3, .L486+12
 3780 0060 E364     		str	r3, [r4, #76]
 3781              	.L468:
 3782 0062 039B     		ldr	r3, [sp, #12]
 3783 0064 3BB1     		cbz	r3, .L484
 3784 0066 039B     		ldr	r3, [sp, #12]
 3785 0068 013B     		subs	r3, r3, #1
 3786 006a 0393     		str	r3, [sp, #12]
 3787 006c 94F85D30 		ldrb	r3, [r4, #93]	@ zero_extendqisi2
 3788 0070 072B     		cmp	r3, #7
 3789 0072 F6D1     		bne	.L468
 3790 0074 03E0     		b	.L467
 3791              	.L484:
 3792 0076 236E     		ldr	r3, [r4, #96]
 3793 0078 43F04003 		orr	r3, r3, #64
 3794 007c 2366     		str	r3, [r4, #96]
 3795              	.L467:
 3796 007e 029B     		ldr	r3, [sp, #8]
 3797 0080 0393     		str	r3, [sp, #12]
 3798              	.L465:
 3799 0082 636D     		ldr	r3, [r4, #84]
 3800 0084 2BB1     		cbz	r3, .L469
 3801 0086 5268     		ldr	r2, [r2, #4]
 3802 0088 12F0020F 		tst	r2, #2
 3803 008c 1CD0     		beq	.L470
 3804 008e 334A     		ldr	r2, .L486+16
 3805 0090 9A63     		str	r2, [r3, #56]
 3806              	.L469:
 3807 0092 A36D     		ldr	r3, [r4, #88]
 3808 0094 33B1     		cbz	r3, .L471
ARM GAS  C:\Users\Nathan\AppData\Local\Temp\cchjRnEM.s 			page 66


 3809 0096 2268     		ldr	r2, [r4]
 3810 0098 5268     		ldr	r2, [r2, #4]
 3811 009a 12F0010F 		tst	r2, #1
 3812 009e 16D0     		beq	.L472
 3813 00a0 2F4A     		ldr	r2, .L486+20
 3814 00a2 9A63     		str	r2, [r3, #56]
 3815              	.L471:
 3816 00a4 2368     		ldr	r3, [r4]
 3817 00a6 5B68     		ldr	r3, [r3, #4]
 3818 00a8 13F0020F 		tst	r3, #2
 3819 00ac 12D0     		beq	.L477
 3820 00ae 606D     		ldr	r0, [r4, #84]
 3821 00b0 38B3     		cbz	r0, .L478
 3822 00b2 FFF7FEFF 		bl	HAL_DMA_Abort_IT
 3823 00b6 38B3     		cbz	r0, .L479
 3824 00b8 636D     		ldr	r3, [r4, #84]
 3825 00ba 0022     		movs	r2, #0
 3826 00bc 9A63     		str	r2, [r3, #56]
 3827 00be 4023     		movs	r3, #64
 3828 00c0 2366     		str	r3, [r4, #96]
 3829 00c2 0123     		movs	r3, #1
 3830 00c4 1E46     		mov	r6, r3
 3831 00c6 07E0     		b	.L473
 3832              	.L470:
 3833 00c8 0022     		movs	r2, #0
 3834 00ca 9A63     		str	r2, [r3, #56]
 3835 00cc E1E7     		b	.L469
 3836              	.L472:
 3837 00ce 0022     		movs	r2, #0
 3838 00d0 9A63     		str	r2, [r3, #56]
 3839 00d2 E7E7     		b	.L471
 3840              	.L477:
 3841 00d4 0123     		movs	r3, #1
 3842 00d6 1E46     		mov	r6, r3
 3843              	.L473:
 3844 00d8 2368     		ldr	r3, [r4]
 3845 00da 5B68     		ldr	r3, [r3, #4]
 3846 00dc 13F0010F 		tst	r3, #1
 3847 00e0 0AD0     		beq	.L474
 3848 00e2 A06D     		ldr	r0, [r4, #88]
 3849 00e4 40B1     		cbz	r0, .L474
 3850 00e6 FFF7FEFF 		bl	HAL_DMA_Abort_IT
 3851 00ea 0546     		mov	r5, r0
 3852 00ec 30B1     		cbz	r0, .L475
 3853 00ee A36D     		ldr	r3, [r4, #88]
 3854 00f0 0022     		movs	r2, #0
 3855 00f2 9A63     		str	r2, [r3, #56]
 3856 00f4 4023     		movs	r3, #64
 3857 00f6 2366     		str	r3, [r4, #96]
 3858              	.L474:
 3859 00f8 46B9     		cbnz	r6, .L485
 3860 00fa 3546     		mov	r5, r6
 3861              	.L475:
 3862 00fc 2846     		mov	r0, r5
 3863 00fe 04B0     		add	sp, sp, #16
 3864              		@ sp needed
 3865 0100 70BD     		pop	{r4, r5, r6, pc}
ARM GAS  C:\Users\Nathan\AppData\Local\Temp\cchjRnEM.s 			page 67


 3866              	.L478:
 3867 0102 0123     		movs	r3, #1
 3868 0104 1E46     		mov	r6, r3
 3869 0106 E7E7     		b	.L473
 3870              	.L479:
 3871 0108 0646     		mov	r6, r0
 3872 010a E5E7     		b	.L473
 3873              	.L485:
 3874 010c 0023     		movs	r3, #0
 3875 010e A4F84630 		strh	r3, [r4, #70]	@ movhi
 3876 0112 E387     		strh	r3, [r4, #62]	@ movhi
 3877 0114 236E     		ldr	r3, [r4, #96]
 3878 0116 402B     		cmp	r3, #64
 3879 0118 15D0     		beq	.L481
 3880 011a 0023     		movs	r3, #0
 3881 011c 2366     		str	r3, [r4, #96]
 3882 011e 1D46     		mov	r5, r3
 3883              	.L476:
 3884 0120 0022     		movs	r2, #0
 3885 0122 0092     		str	r2, [sp]
 3886 0124 2368     		ldr	r3, [r4]
 3887 0126 D968     		ldr	r1, [r3, #12]
 3888 0128 0091     		str	r1, [sp]
 3889 012a 9968     		ldr	r1, [r3, #8]
 3890 012c 0091     		str	r1, [sp]
 3891 012e 0099     		ldr	r1, [sp]
 3892 0130 0192     		str	r2, [sp, #4]
 3893 0132 9B68     		ldr	r3, [r3, #8]
 3894 0134 0193     		str	r3, [sp, #4]
 3895 0136 019B     		ldr	r3, [sp, #4]
 3896 0138 0123     		movs	r3, #1
 3897 013a 84F85D30 		strb	r3, [r4, #93]
 3898 013e 2046     		mov	r0, r4
 3899 0140 FFF7FEFF 		bl	HAL_SPI_AbortCpltCallback
 3900 0144 DAE7     		b	.L475
 3901              	.L481:
 3902 0146 0123     		movs	r3, #1
 3903 0148 1D46     		mov	r5, r3
 3904 014a E9E7     		b	.L476
 3905              	.L487:
 3906              		.align	2
 3907              	.L486:
 3908 014c 00000000 		.word	SystemCoreClock
 3909 0150 F1197605 		.word	91625969
 3910 0154 00000000 		.word	SPI_AbortTx_ISR
 3911 0158 00000000 		.word	SPI_AbortRx_ISR
 3912 015c 00000000 		.word	SPI_DMATxAbortCallback
 3913 0160 00000000 		.word	SPI_DMARxAbortCallback
 3915              		.section	.text.SPI_DMARxAbortCallback,"ax",%progbits
 3916              		.align	1
 3917              		.syntax unified
 3918              		.thumb
 3919              		.thumb_func
 3921              	SPI_DMARxAbortCallback:
 3922              		@ args = 0, pretend = 0, frame = 8
 3923              		@ frame_needed = 0, uses_anonymous_args = 0
 3924 0000 30B5     		push	{r4, r5, lr}
ARM GAS  C:\Users\Nathan\AppData\Local\Temp\cchjRnEM.s 			page 68


 3925 0002 85B0     		sub	sp, sp, #20
 3926 0004 846A     		ldr	r4, [r0, #40]
 3927 0006 2268     		ldr	r2, [r4]
 3928 0008 1368     		ldr	r3, [r2]
 3929 000a 23F04003 		bic	r3, r3, #64
 3930 000e 1360     		str	r3, [r2]
 3931 0010 A36D     		ldr	r3, [r4, #88]
 3932 0012 0025     		movs	r5, #0
 3933 0014 9D63     		str	r5, [r3, #56]
 3934 0016 2268     		ldr	r2, [r4]
 3935 0018 5368     		ldr	r3, [r2, #4]
 3936 001a 23F00103 		bic	r3, r3, #1
 3937 001e 5360     		str	r3, [r2, #4]
 3938 0020 FFF7FEFF 		bl	HAL_GetTick
 3939 0024 0090     		str	r0, [sp]
 3940 0026 6423     		movs	r3, #100
 3941 0028 2A46     		mov	r2, r5
 3942 002a 8021     		movs	r1, #128
 3943 002c 2046     		mov	r0, r4
 3944 002e FFF7FEFF 		bl	SPI_WaitFlagStateUntilTimeout
 3945 0032 08B1     		cbz	r0, .L489
 3946 0034 4023     		movs	r3, #64
 3947 0036 2366     		str	r3, [r4, #96]
 3948              	.L489:
 3949 0038 FFF7FEFF 		bl	HAL_GetTick
 3950 003c 0090     		str	r0, [sp]
 3951 003e 6423     		movs	r3, #100
 3952 0040 0022     		movs	r2, #0
 3953 0042 4FF4C061 		mov	r1, #1536
 3954 0046 2046     		mov	r0, r4
 3955 0048 FFF7FEFF 		bl	SPI_WaitFifoStateUntilTimeout
 3956 004c 08B1     		cbz	r0, .L490
 3957 004e 4023     		movs	r3, #64
 3958 0050 2366     		str	r3, [r4, #96]
 3959              	.L490:
 3960 0052 636D     		ldr	r3, [r4, #84]
 3961 0054 0BB1     		cbz	r3, .L491
 3962 0056 9B6B     		ldr	r3, [r3, #56]
 3963 0058 CBB9     		cbnz	r3, .L488
 3964              	.L491:
 3965 005a A4F84630 		strh	r3, [r4, #70]	@ movhi
 3966 005e E387     		strh	r3, [r4, #62]	@ movhi
 3967 0060 236E     		ldr	r3, [r4, #96]
 3968 0062 402B     		cmp	r3, #64
 3969 0064 01D0     		beq	.L493
 3970 0066 0023     		movs	r3, #0
 3971 0068 2366     		str	r3, [r4, #96]
 3972              	.L493:
 3973 006a 0022     		movs	r2, #0
 3974 006c 0292     		str	r2, [sp, #8]
 3975 006e 2368     		ldr	r3, [r4]
 3976 0070 D968     		ldr	r1, [r3, #12]
 3977 0072 0291     		str	r1, [sp, #8]
 3978 0074 9968     		ldr	r1, [r3, #8]
 3979 0076 0291     		str	r1, [sp, #8]
 3980 0078 0299     		ldr	r1, [sp, #8]
 3981 007a 0392     		str	r2, [sp, #12]
ARM GAS  C:\Users\Nathan\AppData\Local\Temp\cchjRnEM.s 			page 69


 3982 007c 9B68     		ldr	r3, [r3, #8]
 3983 007e 0393     		str	r3, [sp, #12]
 3984 0080 039B     		ldr	r3, [sp, #12]
 3985 0082 0123     		movs	r3, #1
 3986 0084 84F85D30 		strb	r3, [r4, #93]
 3987 0088 2046     		mov	r0, r4
 3988 008a FFF7FEFF 		bl	HAL_SPI_AbortCpltCallback
 3989              	.L488:
 3990 008e 05B0     		add	sp, sp, #20
 3991              		@ sp needed
 3992 0090 30BD     		pop	{r4, r5, pc}
 3994              		.section	.text.SPI_DMATxAbortCallback,"ax",%progbits
 3995              		.align	1
 3996              		.syntax unified
 3997              		.thumb
 3998              		.thumb_func
 4000              	SPI_DMATxAbortCallback:
 4001              		@ args = 0, pretend = 0, frame = 8
 4002              		@ frame_needed = 0, uses_anonymous_args = 0
 4003 0000 10B5     		push	{r4, lr}
 4004 0002 84B0     		sub	sp, sp, #16
 4005 0004 846A     		ldr	r4, [r0, #40]
 4006 0006 636D     		ldr	r3, [r4, #84]
 4007 0008 0022     		movs	r2, #0
 4008 000a 9A63     		str	r2, [r3, #56]
 4009 000c 2268     		ldr	r2, [r4]
 4010 000e 5368     		ldr	r3, [r2, #4]
 4011 0010 23F00203 		bic	r3, r3, #2
 4012 0014 5360     		str	r3, [r2, #4]
 4013 0016 FFF7FEFF 		bl	HAL_GetTick
 4014 001a 0246     		mov	r2, r0
 4015 001c 6421     		movs	r1, #100
 4016 001e 2046     		mov	r0, r4
 4017 0020 FFF7FEFF 		bl	SPI_EndRxTxTransaction
 4018 0024 08B1     		cbz	r0, .L496
 4019 0026 4023     		movs	r3, #64
 4020 0028 2366     		str	r3, [r4, #96]
 4021              	.L496:
 4022 002a 2268     		ldr	r2, [r4]
 4023 002c 1368     		ldr	r3, [r2]
 4024 002e 23F04003 		bic	r3, r3, #64
 4025 0032 1360     		str	r3, [r2]
 4026 0034 FFF7FEFF 		bl	HAL_GetTick
 4027 0038 0090     		str	r0, [sp]
 4028 003a 6423     		movs	r3, #100
 4029 003c 0022     		movs	r2, #0
 4030 003e 4FF4C061 		mov	r1, #1536
 4031 0042 2046     		mov	r0, r4
 4032 0044 FFF7FEFF 		bl	SPI_WaitFifoStateUntilTimeout
 4033 0048 08B1     		cbz	r0, .L497
 4034 004a 4023     		movs	r3, #64
 4035 004c 2366     		str	r3, [r4, #96]
 4036              	.L497:
 4037 004e A36D     		ldr	r3, [r4, #88]
 4038 0050 0BB1     		cbz	r3, .L498
 4039 0052 9B6B     		ldr	r3, [r3, #56]
 4040 0054 CBB9     		cbnz	r3, .L495
ARM GAS  C:\Users\Nathan\AppData\Local\Temp\cchjRnEM.s 			page 70


 4041              	.L498:
 4042 0056 A4F84630 		strh	r3, [r4, #70]	@ movhi
 4043 005a E387     		strh	r3, [r4, #62]	@ movhi
 4044 005c 236E     		ldr	r3, [r4, #96]
 4045 005e 402B     		cmp	r3, #64
 4046 0060 01D0     		beq	.L500
 4047 0062 0023     		movs	r3, #0
 4048 0064 2366     		str	r3, [r4, #96]
 4049              	.L500:
 4050 0066 0022     		movs	r2, #0
 4051 0068 0292     		str	r2, [sp, #8]
 4052 006a 2368     		ldr	r3, [r4]
 4053 006c D968     		ldr	r1, [r3, #12]
 4054 006e 0291     		str	r1, [sp, #8]
 4055 0070 9968     		ldr	r1, [r3, #8]
 4056 0072 0291     		str	r1, [sp, #8]
 4057 0074 0299     		ldr	r1, [sp, #8]
 4058 0076 0392     		str	r2, [sp, #12]
 4059 0078 9B68     		ldr	r3, [r3, #8]
 4060 007a 0393     		str	r3, [sp, #12]
 4061 007c 039B     		ldr	r3, [sp, #12]
 4062 007e 0123     		movs	r3, #1
 4063 0080 84F85D30 		strb	r3, [r4, #93]
 4064 0084 2046     		mov	r0, r4
 4065 0086 FFF7FEFF 		bl	HAL_SPI_AbortCpltCallback
 4066              	.L495:
 4067 008a 04B0     		add	sp, sp, #16
 4068              		@ sp needed
 4069 008c 10BD     		pop	{r4, pc}
 4071              		.section	.text.HAL_SPI_GetState,"ax",%progbits
 4072              		.align	1
 4073              		.global	HAL_SPI_GetState
 4074              		.syntax unified
 4075              		.thumb
 4076              		.thumb_func
 4078              	HAL_SPI_GetState:
 4079              		@ args = 0, pretend = 0, frame = 0
 4080              		@ frame_needed = 0, uses_anonymous_args = 0
 4081              		@ link register save eliminated.
 4082 0000 90F85D00 		ldrb	r0, [r0, #93]	@ zero_extendqisi2
 4083 0004 7047     		bx	lr
 4085              		.section	.text.HAL_SPI_GetError,"ax",%progbits
 4086              		.align	1
 4087              		.global	HAL_SPI_GetError
 4088              		.syntax unified
 4089              		.thumb
 4090              		.thumb_func
 4092              	HAL_SPI_GetError:
 4093              		@ args = 0, pretend = 0, frame = 0
 4094              		@ frame_needed = 0, uses_anonymous_args = 0
 4095              		@ link register save eliminated.
 4096 0000 006E     		ldr	r0, [r0, #96]
 4097 0002 7047     		bx	lr
 4099              		.ident	"GCC: (xPack GNU Arm Embedded GCC x86_64) 15.2.1 20251203"
ARM GAS  C:\Users\Nathan\AppData\Local\Temp\cchjRnEM.s 			page 71


DEFINED SYMBOLS
                            *ABS*:00000000 stm32wbxx_hal_spi.c
C:\Users\Nathan\AppData\Local\Temp\cchjRnEM.s:18     .text.SPI_WaitFlagStateUntilTimeout:00000000 $t
C:\Users\Nathan\AppData\Local\Temp\cchjRnEM.s:23     .text.SPI_WaitFlagStateUntilTimeout:00000000 SPI_WaitFlagStateUntilTimeout
C:\Users\Nathan\AppData\Local\Temp\cchjRnEM.s:118    .text.SPI_WaitFlagStateUntilTimeout:000000c4 $d
C:\Users\Nathan\AppData\Local\Temp\cchjRnEM.s:121    .text.SPI_WaitFifoStateUntilTimeout:00000000 $t
C:\Users\Nathan\AppData\Local\Temp\cchjRnEM.s:126    .text.SPI_WaitFifoStateUntilTimeout:00000000 SPI_WaitFifoStateUntilTimeout
C:\Users\Nathan\AppData\Local\Temp\cchjRnEM.s:235    .text.SPI_WaitFifoStateUntilTimeout:000000ec $d
C:\Users\Nathan\AppData\Local\Temp\cchjRnEM.s:238    .text.SPI_EndRxTxTransaction:00000000 $t
C:\Users\Nathan\AppData\Local\Temp\cchjRnEM.s:243    .text.SPI_EndRxTxTransaction:00000000 SPI_EndRxTxTransaction
C:\Users\Nathan\AppData\Local\Temp\cchjRnEM.s:293    .text.SPI_EndRxTransaction:00000000 $t
C:\Users\Nathan\AppData\Local\Temp\cchjRnEM.s:298    .text.SPI_EndRxTransaction:00000000 SPI_EndRxTransaction
C:\Users\Nathan\AppData\Local\Temp\cchjRnEM.s:364    .text.SPI_AbortRx_ISR:00000000 $t
C:\Users\Nathan\AppData\Local\Temp\cchjRnEM.s:369    .text.SPI_AbortRx_ISR:00000000 SPI_AbortRx_ISR
C:\Users\Nathan\AppData\Local\Temp\cchjRnEM.s:437    .text.SPI_AbortRx_ISR:00000088 $d
C:\Users\Nathan\AppData\Local\Temp\cchjRnEM.s:441    .text.SPI_AbortTx_ISR:00000000 $t
C:\Users\Nathan\AppData\Local\Temp\cchjRnEM.s:446    .text.SPI_AbortTx_ISR:00000000 SPI_AbortTx_ISR
C:\Users\Nathan\AppData\Local\Temp\cchjRnEM.s:557    .text.SPI_AbortTx_ISR:000000e8 $d
C:\Users\Nathan\AppData\Local\Temp\cchjRnEM.s:561    .text.HAL_SPI_MspInit:00000000 $t
C:\Users\Nathan\AppData\Local\Temp\cchjRnEM.s:567    .text.HAL_SPI_MspInit:00000000 HAL_SPI_MspInit
C:\Users\Nathan\AppData\Local\Temp\cchjRnEM.s:574    .text.HAL_SPI_Init:00000000 $t
C:\Users\Nathan\AppData\Local\Temp\cchjRnEM.s:580    .text.HAL_SPI_Init:00000000 HAL_SPI_Init
C:\Users\Nathan\AppData\Local\Temp\cchjRnEM.s:681    .text.HAL_SPI_MspDeInit:00000000 $t
C:\Users\Nathan\AppData\Local\Temp\cchjRnEM.s:687    .text.HAL_SPI_MspDeInit:00000000 HAL_SPI_MspDeInit
C:\Users\Nathan\AppData\Local\Temp\cchjRnEM.s:694    .text.HAL_SPI_DeInit:00000000 $t
C:\Users\Nathan\AppData\Local\Temp\cchjRnEM.s:700    .text.HAL_SPI_DeInit:00000000 HAL_SPI_DeInit
C:\Users\Nathan\AppData\Local\Temp\cchjRnEM.s:723    .text.HAL_SPI_Transmit:00000000 $t
C:\Users\Nathan\AppData\Local\Temp\cchjRnEM.s:729    .text.HAL_SPI_Transmit:00000000 HAL_SPI_Transmit
C:\Users\Nathan\AppData\Local\Temp\cchjRnEM.s:978    .text.HAL_SPI_TransmitReceive:00000000 $t
C:\Users\Nathan\AppData\Local\Temp\cchjRnEM.s:984    .text.HAL_SPI_TransmitReceive:00000000 HAL_SPI_TransmitReceive
C:\Users\Nathan\AppData\Local\Temp\cchjRnEM.s:1361   .text.HAL_SPI_Receive:00000000 $t
C:\Users\Nathan\AppData\Local\Temp\cchjRnEM.s:1367   .text.HAL_SPI_Receive:00000000 HAL_SPI_Receive
C:\Users\Nathan\AppData\Local\Temp\cchjRnEM.s:1561   .text.HAL_SPI_Transmit_IT:00000000 $t
C:\Users\Nathan\AppData\Local\Temp\cchjRnEM.s:1567   .text.HAL_SPI_Transmit_IT:00000000 HAL_SPI_Transmit_IT
C:\Users\Nathan\AppData\Local\Temp\cchjRnEM.s:1649   .text.HAL_SPI_Transmit_IT:000000a0 $d
C:\Users\Nathan\AppData\Local\Temp\cchjRnEM.s:2974   .text.SPI_TxISR_16BIT:00000000 SPI_TxISR_16BIT
C:\Users\Nathan\AppData\Local\Temp\cchjRnEM.s:2943   .text.SPI_TxISR_8BIT:00000000 SPI_TxISR_8BIT
C:\Users\Nathan\AppData\Local\Temp\cchjRnEM.s:1653   .text.HAL_SPI_TransmitReceive_IT:00000000 $t
C:\Users\Nathan\AppData\Local\Temp\cchjRnEM.s:1659   .text.HAL_SPI_TransmitReceive_IT:00000000 HAL_SPI_TransmitReceive_IT
C:\Users\Nathan\AppData\Local\Temp\cchjRnEM.s:1773   .text.HAL_SPI_TransmitReceive_IT:000000ec $d
C:\Users\Nathan\AppData\Local\Temp\cchjRnEM.s:3314   .text.SPI_2linesRxISR_16BIT:00000000 SPI_2linesRxISR_16BIT
C:\Users\Nathan\AppData\Local\Temp\cchjRnEM.s:3276   .text.SPI_2linesTxISR_16BIT:00000000 SPI_2linesTxISR_16BIT
C:\Users\Nathan\AppData\Local\Temp\cchjRnEM.s:3211   .text.SPI_2linesRxISR_8BIT:00000000 SPI_2linesRxISR_8BIT
C:\Users\Nathan\AppData\Local\Temp\cchjRnEM.s:3154   .text.SPI_2linesTxISR_8BIT:00000000 SPI_2linesTxISR_8BIT
C:\Users\Nathan\AppData\Local\Temp\cchjRnEM.s:1779   .text.HAL_SPI_Receive_IT:00000000 $t
C:\Users\Nathan\AppData\Local\Temp\cchjRnEM.s:1785   .text.HAL_SPI_Receive_IT:00000000 HAL_SPI_Receive_IT
C:\Users\Nathan\AppData\Local\Temp\cchjRnEM.s:1885   .text.HAL_SPI_Receive_IT:000000f4 $d
C:\Users\Nathan\AppData\Local\Temp\cchjRnEM.s:3074   .text.SPI_RxISR_16BIT:00000000 SPI_RxISR_16BIT
C:\Users\Nathan\AppData\Local\Temp\cchjRnEM.s:3043   .text.SPI_RxISR_8BIT:00000000 SPI_RxISR_8BIT
C:\Users\Nathan\AppData\Local\Temp\cchjRnEM.s:1889   .text.HAL_SPI_Transmit_DMA:00000000 $t
C:\Users\Nathan\AppData\Local\Temp\cchjRnEM.s:1895   .text.HAL_SPI_Transmit_DMA:00000000 HAL_SPI_Transmit_DMA
C:\Users\Nathan\AppData\Local\Temp\cchjRnEM.s:2033   .text.HAL_SPI_Transmit_DMA:00000130 $d
C:\Users\Nathan\AppData\Local\Temp\cchjRnEM.s:2811   .text.SPI_DMAHalfTransmitCplt:00000000 SPI_DMAHalfTransmitCplt
C:\Users\Nathan\AppData\Local\Temp\cchjRnEM.s:3375   .text.SPI_DMATransmitCplt:00000000 SPI_DMATransmitCplt
C:\Users\Nathan\AppData\Local\Temp\cchjRnEM.s:3352   .text.SPI_DMAError:00000000 SPI_DMAError
C:\Users\Nathan\AppData\Local\Temp\cchjRnEM.s:2038   .text.HAL_SPI_TransmitReceive_DMA:00000000 $t
C:\Users\Nathan\AppData\Local\Temp\cchjRnEM.s:2044   .text.HAL_SPI_TransmitReceive_DMA:00000000 HAL_SPI_TransmitReceive_DMA
ARM GAS  C:\Users\Nathan\AppData\Local\Temp\cchjRnEM.s 			page 72


C:\Users\Nathan\AppData\Local\Temp\cchjRnEM.s:2275   .text.HAL_SPI_TransmitReceive_DMA:00000204 $d
C:\Users\Nathan\AppData\Local\Temp\cchjRnEM.s:2865   .text.SPI_DMAHalfTransmitReceiveCplt:00000000 SPI_DMAHalfTransmitReceiveCplt
C:\Users\Nathan\AppData\Local\Temp\cchjRnEM.s:3500   .text.SPI_DMATransmitReceiveCplt:00000000 SPI_DMATransmitReceiveCplt
C:\Users\Nathan\AppData\Local\Temp\cchjRnEM.s:2838   .text.SPI_DMAHalfReceiveCplt:00000000 SPI_DMAHalfReceiveCplt
C:\Users\Nathan\AppData\Local\Temp\cchjRnEM.s:3438   .text.SPI_DMAReceiveCplt:00000000 SPI_DMAReceiveCplt
C:\Users\Nathan\AppData\Local\Temp\cchjRnEM.s:2282   .text.HAL_SPI_Receive_DMA:00000000 $t
C:\Users\Nathan\AppData\Local\Temp\cchjRnEM.s:2288   .text.HAL_SPI_Receive_DMA:00000000 HAL_SPI_Receive_DMA
C:\Users\Nathan\AppData\Local\Temp\cchjRnEM.s:2451   .text.HAL_SPI_Receive_DMA:00000174 $d
C:\Users\Nathan\AppData\Local\Temp\cchjRnEM.s:2456   .text.HAL_SPI_Abort:00000000 $t
C:\Users\Nathan\AppData\Local\Temp\cchjRnEM.s:2462   .text.HAL_SPI_Abort:00000000 HAL_SPI_Abort
C:\Users\Nathan\AppData\Local\Temp\cchjRnEM.s:2647   .text.HAL_SPI_Abort:0000017c $d
C:\Users\Nathan\AppData\Local\Temp\cchjRnEM.s:2653   .text.HAL_SPI_DMAPause:00000000 $t
C:\Users\Nathan\AppData\Local\Temp\cchjRnEM.s:2659   .text.HAL_SPI_DMAPause:00000000 HAL_SPI_DMAPause
C:\Users\Nathan\AppData\Local\Temp\cchjRnEM.s:2681   .text.HAL_SPI_DMAResume:00000000 $t
C:\Users\Nathan\AppData\Local\Temp\cchjRnEM.s:2687   .text.HAL_SPI_DMAResume:00000000 HAL_SPI_DMAResume
C:\Users\Nathan\AppData\Local\Temp\cchjRnEM.s:2709   .text.HAL_SPI_DMAStop:00000000 $t
C:\Users\Nathan\AppData\Local\Temp\cchjRnEM.s:2715   .text.HAL_SPI_DMAStop:00000000 HAL_SPI_DMAStop
C:\Users\Nathan\AppData\Local\Temp\cchjRnEM.s:2754   .text.HAL_SPI_TxCpltCallback:00000000 $t
C:\Users\Nathan\AppData\Local\Temp\cchjRnEM.s:2760   .text.HAL_SPI_TxCpltCallback:00000000 HAL_SPI_TxCpltCallback
C:\Users\Nathan\AppData\Local\Temp\cchjRnEM.s:2767   .text.HAL_SPI_RxCpltCallback:00000000 $t
C:\Users\Nathan\AppData\Local\Temp\cchjRnEM.s:2773   .text.HAL_SPI_RxCpltCallback:00000000 HAL_SPI_RxCpltCallback
C:\Users\Nathan\AppData\Local\Temp\cchjRnEM.s:2780   .text.HAL_SPI_TxRxCpltCallback:00000000 $t
C:\Users\Nathan\AppData\Local\Temp\cchjRnEM.s:2786   .text.HAL_SPI_TxRxCpltCallback:00000000 HAL_SPI_TxRxCpltCallback
C:\Users\Nathan\AppData\Local\Temp\cchjRnEM.s:2793   .text.HAL_SPI_TxHalfCpltCallback:00000000 $t
C:\Users\Nathan\AppData\Local\Temp\cchjRnEM.s:2799   .text.HAL_SPI_TxHalfCpltCallback:00000000 HAL_SPI_TxHalfCpltCallback
C:\Users\Nathan\AppData\Local\Temp\cchjRnEM.s:2806   .text.SPI_DMAHalfTransmitCplt:00000000 $t
C:\Users\Nathan\AppData\Local\Temp\cchjRnEM.s:2820   .text.HAL_SPI_RxHalfCpltCallback:00000000 $t
C:\Users\Nathan\AppData\Local\Temp\cchjRnEM.s:2826   .text.HAL_SPI_RxHalfCpltCallback:00000000 HAL_SPI_RxHalfCpltCallback
C:\Users\Nathan\AppData\Local\Temp\cchjRnEM.s:2833   .text.SPI_DMAHalfReceiveCplt:00000000 $t
C:\Users\Nathan\AppData\Local\Temp\cchjRnEM.s:2847   .text.HAL_SPI_TxRxHalfCpltCallback:00000000 $t
C:\Users\Nathan\AppData\Local\Temp\cchjRnEM.s:2853   .text.HAL_SPI_TxRxHalfCpltCallback:00000000 HAL_SPI_TxRxHalfCpltCallback
C:\Users\Nathan\AppData\Local\Temp\cchjRnEM.s:2860   .text.SPI_DMAHalfTransmitReceiveCplt:00000000 $t
C:\Users\Nathan\AppData\Local\Temp\cchjRnEM.s:2874   .text.HAL_SPI_ErrorCallback:00000000 $t
C:\Users\Nathan\AppData\Local\Temp\cchjRnEM.s:2880   .text.HAL_SPI_ErrorCallback:00000000 HAL_SPI_ErrorCallback
C:\Users\Nathan\AppData\Local\Temp\cchjRnEM.s:2887   .text.SPI_CloseTx_ISR:00000000 $t
C:\Users\Nathan\AppData\Local\Temp\cchjRnEM.s:2892   .text.SPI_CloseTx_ISR:00000000 SPI_CloseTx_ISR
C:\Users\Nathan\AppData\Local\Temp\cchjRnEM.s:2938   .text.SPI_TxISR_8BIT:00000000 $t
C:\Users\Nathan\AppData\Local\Temp\cchjRnEM.s:2969   .text.SPI_TxISR_16BIT:00000000 $t
C:\Users\Nathan\AppData\Local\Temp\cchjRnEM.s:3000   .text.SPI_CloseRx_ISR:00000000 $t
C:\Users\Nathan\AppData\Local\Temp\cchjRnEM.s:3005   .text.SPI_CloseRx_ISR:00000000 SPI_CloseRx_ISR
C:\Users\Nathan\AppData\Local\Temp\cchjRnEM.s:3038   .text.SPI_RxISR_8BIT:00000000 $t
C:\Users\Nathan\AppData\Local\Temp\cchjRnEM.s:3069   .text.SPI_RxISR_16BIT:00000000 $t
C:\Users\Nathan\AppData\Local\Temp\cchjRnEM.s:3100   .text.SPI_CloseRxTx_ISR:00000000 $t
C:\Users\Nathan\AppData\Local\Temp\cchjRnEM.s:3105   .text.SPI_CloseRxTx_ISR:00000000 SPI_CloseRxTx_ISR
C:\Users\Nathan\AppData\Local\Temp\cchjRnEM.s:3149   .text.SPI_2linesTxISR_8BIT:00000000 $t
C:\Users\Nathan\AppData\Local\Temp\cchjRnEM.s:3206   .text.SPI_2linesRxISR_8BIT:00000000 $t
C:\Users\Nathan\AppData\Local\Temp\cchjRnEM.s:3271   .text.SPI_2linesTxISR_16BIT:00000000 $t
C:\Users\Nathan\AppData\Local\Temp\cchjRnEM.s:3309   .text.SPI_2linesRxISR_16BIT:00000000 $t
C:\Users\Nathan\AppData\Local\Temp\cchjRnEM.s:3347   .text.SPI_DMAError:00000000 $t
C:\Users\Nathan\AppData\Local\Temp\cchjRnEM.s:3370   .text.SPI_DMATransmitCplt:00000000 $t
C:\Users\Nathan\AppData\Local\Temp\cchjRnEM.s:3433   .text.SPI_DMAReceiveCplt:00000000 $t
C:\Users\Nathan\AppData\Local\Temp\cchjRnEM.s:3495   .text.SPI_DMATransmitReceiveCplt:00000000 $t
C:\Users\Nathan\AppData\Local\Temp\cchjRnEM.s:3546   .text.HAL_SPI_IRQHandler:00000000 $t
C:\Users\Nathan\AppData\Local\Temp\cchjRnEM.s:3552   .text.HAL_SPI_IRQHandler:00000000 HAL_SPI_IRQHandler
C:\Users\Nathan\AppData\Local\Temp\cchjRnEM.s:3693   .text.HAL_SPI_IRQHandler:00000128 $d
C:\Users\Nathan\AppData\Local\Temp\cchjRnEM.s:3701   .text.SPI_DMAAbortOnError:00000000 SPI_DMAAbortOnError
C:\Users\Nathan\AppData\Local\Temp\cchjRnEM.s:3696   .text.SPI_DMAAbortOnError:00000000 $t
ARM GAS  C:\Users\Nathan\AppData\Local\Temp\cchjRnEM.s 			page 73


C:\Users\Nathan\AppData\Local\Temp\cchjRnEM.s:3713   .text.HAL_SPI_AbortCpltCallback:00000000 $t
C:\Users\Nathan\AppData\Local\Temp\cchjRnEM.s:3719   .text.HAL_SPI_AbortCpltCallback:00000000 HAL_SPI_AbortCpltCallback
C:\Users\Nathan\AppData\Local\Temp\cchjRnEM.s:3726   .text.HAL_SPI_Abort_IT:00000000 $t
C:\Users\Nathan\AppData\Local\Temp\cchjRnEM.s:3732   .text.HAL_SPI_Abort_IT:00000000 HAL_SPI_Abort_IT
C:\Users\Nathan\AppData\Local\Temp\cchjRnEM.s:3908   .text.HAL_SPI_Abort_IT:0000014c $d
C:\Users\Nathan\AppData\Local\Temp\cchjRnEM.s:4000   .text.SPI_DMATxAbortCallback:00000000 SPI_DMATxAbortCallback
C:\Users\Nathan\AppData\Local\Temp\cchjRnEM.s:3921   .text.SPI_DMARxAbortCallback:00000000 SPI_DMARxAbortCallback
C:\Users\Nathan\AppData\Local\Temp\cchjRnEM.s:3916   .text.SPI_DMARxAbortCallback:00000000 $t
C:\Users\Nathan\AppData\Local\Temp\cchjRnEM.s:3995   .text.SPI_DMATxAbortCallback:00000000 $t
C:\Users\Nathan\AppData\Local\Temp\cchjRnEM.s:4072   .text.HAL_SPI_GetState:00000000 $t
C:\Users\Nathan\AppData\Local\Temp\cchjRnEM.s:4078   .text.HAL_SPI_GetState:00000000 HAL_SPI_GetState
C:\Users\Nathan\AppData\Local\Temp\cchjRnEM.s:4086   .text.HAL_SPI_GetError:00000000 $t
C:\Users\Nathan\AppData\Local\Temp\cchjRnEM.s:4092   .text.HAL_SPI_GetError:00000000 HAL_SPI_GetError

UNDEFINED SYMBOLS
HAL_GetTick
SystemCoreClock
HAL_DMA_Start_IT
HAL_DMA_Abort
HAL_DMA_Abort_IT
