ARM GAS  C:\Users\Nathan\AppData\Local\Temp\ccVQZ1bc.s 			page 1


   1              		.cpu cortex-m4
   2              		.arch armv7e-m
   3              		.fpu fpv4-sp-d16
   4              		.eabi_attribute 27, 1
   5              		.eabi_attribute 28, 1
   6              		.eabi_attribute 20, 1
   7              		.eabi_attribute 21, 1
   8              		.eabi_attribute 23, 3
   9              		.eabi_attribute 24, 1
  10              		.eabi_attribute 25, 1
  11              		.eabi_attribute 26, 1
  12              		.eabi_attribute 30, 1
  13              		.eabi_attribute 34, 1
  14              		.eabi_attribute 18, 4
  15              		.file	"ble_gap_aci.c"
  16              		.text
  17              	.Ltext0:
  18              		.cfi_sections	.debug_frame
  19              		.file 1 "Middlewares/ST/STM32_WPAN/ble/core/auto/ble_gap_aci.c"
  20              		.section	.text.aci_gap_set_non_discoverable,"ax",%progbits
  21              		.align	1
  22              		.global	aci_gap_set_non_discoverable
  23              		.syntax unified
  24              		.thumb
  25              		.thumb_func
  27              	aci_gap_set_non_discoverable:
  28              	.LFB0:
   1:Middlewares/ST/STM32_WPAN/ble/core/auto/ble_gap_aci.c **** /*****************************************************************************
   2:Middlewares/ST/STM32_WPAN/ble/core/auto/ble_gap_aci.c ****  * @file    ble_gap_aci.c
   3:Middlewares/ST/STM32_WPAN/ble/core/auto/ble_gap_aci.c ****  * @brief   STM32WB BLE API (gap_aci)
   4:Middlewares/ST/STM32_WPAN/ble/core/auto/ble_gap_aci.c ****  *          Auto-generated file: do not edit!
   5:Middlewares/ST/STM32_WPAN/ble/core/auto/ble_gap_aci.c ****  *****************************************************************************
   6:Middlewares/ST/STM32_WPAN/ble/core/auto/ble_gap_aci.c ****  * @attention
   7:Middlewares/ST/STM32_WPAN/ble/core/auto/ble_gap_aci.c ****  *
   8:Middlewares/ST/STM32_WPAN/ble/core/auto/ble_gap_aci.c ****  * Copyright (c) 2018-2025 STMicroelectronics.
   9:Middlewares/ST/STM32_WPAN/ble/core/auto/ble_gap_aci.c ****  * All rights reserved.
  10:Middlewares/ST/STM32_WPAN/ble/core/auto/ble_gap_aci.c ****  *
  11:Middlewares/ST/STM32_WPAN/ble/core/auto/ble_gap_aci.c ****  * This software is licensed under terms that can be found in the LICENSE file
  12:Middlewares/ST/STM32_WPAN/ble/core/auto/ble_gap_aci.c ****  * in the root directory of this software component.
  13:Middlewares/ST/STM32_WPAN/ble/core/auto/ble_gap_aci.c ****  * If no LICENSE file comes with this software, it is provided AS-IS.
  14:Middlewares/ST/STM32_WPAN/ble/core/auto/ble_gap_aci.c ****  *
  15:Middlewares/ST/STM32_WPAN/ble/core/auto/ble_gap_aci.c ****  *****************************************************************************
  16:Middlewares/ST/STM32_WPAN/ble/core/auto/ble_gap_aci.c ****  */
  17:Middlewares/ST/STM32_WPAN/ble/core/auto/ble_gap_aci.c **** 
  18:Middlewares/ST/STM32_WPAN/ble/core/auto/ble_gap_aci.c **** #include "auto/ble_gap_aci.h"
  19:Middlewares/ST/STM32_WPAN/ble/core/auto/ble_gap_aci.c **** 
  20:Middlewares/ST/STM32_WPAN/ble/core/auto/ble_gap_aci.c **** tBleStatus aci_gap_set_non_discoverable( void )
  21:Middlewares/ST/STM32_WPAN/ble/core/auto/ble_gap_aci.c **** {
  29              		.loc 1 21 1 view -0
  30              		.cfi_startproc
  31              		@ args = 0, pretend = 0, frame = 32
  32              		@ frame_needed = 0, uses_anonymous_args = 0
  33 0000 30B5     		push	{r4, r5, lr}
  34              		.cfi_def_cfa_offset 12
  35              		.cfi_offset 4, -12
  36              		.cfi_offset 5, -8
  37              		.cfi_offset 14, -4
ARM GAS  C:\Users\Nathan\AppData\Local\Temp\ccVQZ1bc.s 			page 2


  38 0002 89B0     		sub	sp, sp, #36
  39              		.cfi_def_cfa_offset 48
  22:Middlewares/ST/STM32_WPAN/ble/core/auto/ble_gap_aci.c ****   struct hci_request rq;
  40              		.loc 1 22 3 view .LVU1
  23:Middlewares/ST/STM32_WPAN/ble/core/auto/ble_gap_aci.c ****   tBleStatus status = 0;
  41              		.loc 1 23 3 view .LVU2
  42              		.loc 1 23 14 is_stmt 0 view .LVU3
  43 0004 0024     		movs	r4, #0
  44 0006 8DF80740 		strb	r4, [sp, #7]
  24:Middlewares/ST/STM32_WPAN/ble/core/auto/ble_gap_aci.c ****   Osal_MemSet( &rq, 0, sizeof(rq) );
  45              		.loc 1 24 3 is_stmt 1 view .LVU4
  46 000a 02AD     		add	r5, sp, #8
  47 000c 1822     		movs	r2, #24
  48 000e 2146     		mov	r1, r4
  49 0010 2846     		mov	r0, r5
  50 0012 FFF7FEFF 		bl	Osal_MemSet
  51              	.LVL0:
  25:Middlewares/ST/STM32_WPAN/ble/core/auto/ble_gap_aci.c ****   rq.ogf = 0x3f;
  52              		.loc 1 25 3 view .LVU5
  53              		.loc 1 25 10 is_stmt 0 view .LVU6
  54 0016 3F23     		movs	r3, #63
  55 0018 ADF80830 		strh	r3, [sp, #8]	@ movhi
  26:Middlewares/ST/STM32_WPAN/ble/core/auto/ble_gap_aci.c ****   rq.ocf = 0x081;
  56              		.loc 1 26 3 is_stmt 1 view .LVU7
  57              		.loc 1 26 10 is_stmt 0 view .LVU8
  58 001c 8123     		movs	r3, #129
  59 001e ADF80A30 		strh	r3, [sp, #10]	@ movhi
  27:Middlewares/ST/STM32_WPAN/ble/core/auto/ble_gap_aci.c ****   rq.rparam = &status;
  60              		.loc 1 27 3 is_stmt 1 view .LVU9
  61              		.loc 1 27 13 is_stmt 0 view .LVU10
  62 0022 0DF10703 		add	r3, sp, #7
  63 0026 0693     		str	r3, [sp, #24]
  28:Middlewares/ST/STM32_WPAN/ble/core/auto/ble_gap_aci.c ****   rq.rlen = 1;
  64              		.loc 1 28 3 is_stmt 1 view .LVU11
  65              		.loc 1 28 11 is_stmt 0 view .LVU12
  66 0028 0123     		movs	r3, #1
  67 002a 0793     		str	r3, [sp, #28]
  29:Middlewares/ST/STM32_WPAN/ble/core/auto/ble_gap_aci.c ****   if ( hci_send_req(&rq, FALSE) < 0 )
  68              		.loc 1 29 3 is_stmt 1 view .LVU13
  69              		.loc 1 29 8 is_stmt 0 view .LVU14
  70 002c 2146     		mov	r1, r4
  71 002e 2846     		mov	r0, r5
  72 0030 FFF7FEFF 		bl	hci_send_req
  73              	.LVL1:
  74              		.loc 1 29 6 discriminator 1 view .LVU15
  75 0034 A042     		cmp	r0, r4
  76 0036 03DB     		blt	.L3
  30:Middlewares/ST/STM32_WPAN/ble/core/auto/ble_gap_aci.c ****     return BLE_STATUS_TIMEOUT;
  31:Middlewares/ST/STM32_WPAN/ble/core/auto/ble_gap_aci.c ****   return status;
  77              		.loc 1 31 3 is_stmt 1 view .LVU16
  78              		.loc 1 31 10 is_stmt 0 view .LVU17
  79 0038 9DF80700 		ldrb	r0, [sp, #7]	@ zero_extendqisi2
  80              	.L2:
  32:Middlewares/ST/STM32_WPAN/ble/core/auto/ble_gap_aci.c **** }
  81              		.loc 1 32 1 view .LVU18
  82 003c 09B0     		add	sp, sp, #36
  83              		.cfi_remember_state
ARM GAS  C:\Users\Nathan\AppData\Local\Temp\ccVQZ1bc.s 			page 3


  84              		.cfi_def_cfa_offset 12
  85              		@ sp needed
  86 003e 30BD     		pop	{r4, r5, pc}
  87              	.L3:
  88              		.cfi_restore_state
  30:Middlewares/ST/STM32_WPAN/ble/core/auto/ble_gap_aci.c ****     return BLE_STATUS_TIMEOUT;
  89              		.loc 1 30 12 view .LVU19
  90 0040 FF20     		movs	r0, #255
  91 0042 FBE7     		b	.L2
  92              		.cfi_endproc
  93              	.LFE0:
  95              		.section	.text.aci_gap_set_limited_discoverable,"ax",%progbits
  96              		.align	1
  97              		.global	aci_gap_set_limited_discoverable
  98              		.syntax unified
  99              		.thumb
 100              		.thumb_func
 102              	aci_gap_set_limited_discoverable:
 103              	.LVL2:
 104              	.LFB1:
  33:Middlewares/ST/STM32_WPAN/ble/core/auto/ble_gap_aci.c **** 
  34:Middlewares/ST/STM32_WPAN/ble/core/auto/ble_gap_aci.c **** tBleStatus aci_gap_set_limited_discoverable( uint8_t Advertising_Type,
  35:Middlewares/ST/STM32_WPAN/ble/core/auto/ble_gap_aci.c ****                                              uint16_t Advertising_Interval_Min,
  36:Middlewares/ST/STM32_WPAN/ble/core/auto/ble_gap_aci.c ****                                              uint16_t Advertising_Interval_Max,
  37:Middlewares/ST/STM32_WPAN/ble/core/auto/ble_gap_aci.c ****                                              uint8_t Own_Address_Type,
  38:Middlewares/ST/STM32_WPAN/ble/core/auto/ble_gap_aci.c ****                                              uint8_t Advertising_Filter_Policy,
  39:Middlewares/ST/STM32_WPAN/ble/core/auto/ble_gap_aci.c ****                                              uint8_t Local_Name_Length,
  40:Middlewares/ST/STM32_WPAN/ble/core/auto/ble_gap_aci.c ****                                              const uint8_t* Local_Name,
  41:Middlewares/ST/STM32_WPAN/ble/core/auto/ble_gap_aci.c ****                                              uint8_t Service_Uuid_length,
  42:Middlewares/ST/STM32_WPAN/ble/core/auto/ble_gap_aci.c ****                                              const uint8_t* Service_Uuid_List,
  43:Middlewares/ST/STM32_WPAN/ble/core/auto/ble_gap_aci.c ****                                              uint16_t Conn_Interval_Min,
  44:Middlewares/ST/STM32_WPAN/ble/core/auto/ble_gap_aci.c ****                                              uint16_t Conn_Interval_Max )
  45:Middlewares/ST/STM32_WPAN/ble/core/auto/ble_gap_aci.c **** {
 105              		.loc 1 45 1 is_stmt 1 view -0
 106              		.cfi_startproc
 107              		@ args = 28, pretend = 0, frame = 296
 108              		@ frame_needed = 0, uses_anonymous_args = 0
 109              		.loc 1 45 1 is_stmt 0 view .LVU21
 110 0000 2DE9F04F 		push	{r4, r5, r6, r7, r8, r9, r10, fp, lr}
 111              		.cfi_def_cfa_offset 36
 112              		.cfi_offset 4, -36
 113              		.cfi_offset 5, -32
 114              		.cfi_offset 6, -28
 115              		.cfi_offset 7, -24
 116              		.cfi_offset 8, -20
 117              		.cfi_offset 9, -16
 118              		.cfi_offset 10, -12
 119              		.cfi_offset 11, -8
 120              		.cfi_offset 14, -4
 121 0004 CBB0     		sub	sp, sp, #300
 122              		.cfi_def_cfa_offset 336
 123 0006 9C46     		mov	ip, r3
 124 0008 9DF85461 		ldrb	r6, [sp, #340]	@ zero_extendqisi2
 125 000c 9DF85C51 		ldrb	r5, [sp, #348]	@ zero_extendqisi2
  46:Middlewares/ST/STM32_WPAN/ble/core/auto/ble_gap_aci.c ****   struct hci_request rq;
 126              		.loc 1 46 3 is_stmt 1 view .LVU22
  47:Middlewares/ST/STM32_WPAN/ble/core/auto/ble_gap_aci.c ****   uint8_t cmd_buffer[BLE_CMD_MAX_PARAM_LEN];
ARM GAS  C:\Users\Nathan\AppData\Local\Temp\ccVQZ1bc.s 			page 4


 127              		.loc 1 47 3 view .LVU23
  48:Middlewares/ST/STM32_WPAN/ble/core/auto/ble_gap_aci.c ****   aci_gap_set_limited_discoverable_cp0 *cp0 = (aci_gap_set_limited_discoverable_cp0*)(cmd_buffer);
 128              		.loc 1 48 3 view .LVU24
 129              	.LVL3:
  49:Middlewares/ST/STM32_WPAN/ble/core/auto/ble_gap_aci.c ****   aci_gap_set_limited_discoverable_cp1 *cp1 = (aci_gap_set_limited_discoverable_cp1*)(cmd_buffer + 
 130              		.loc 1 49 3 view .LVU25
 131              		.loc 1 49 122 is_stmt 0 view .LVU26
 132 0010 06F1080A 		add	r10, r6, #8
 133              		.loc 1 49 41 view .LVU27
 134 0014 04AC     		add	r4, sp, #16
 135              	.LVL4:
 136              		.loc 1 49 41 view .LVU28
 137 0016 04EB0A0B 		add	fp, r4, r10
 138              	.LVL5:
  50:Middlewares/ST/STM32_WPAN/ble/core/auto/ble_gap_aci.c ****   aci_gap_set_limited_discoverable_cp2 *cp2 = (aci_gap_set_limited_discoverable_cp2*)(cmd_buffer + 
 139              		.loc 1 50 3 is_stmt 1 view .LVU29
 140              		.loc 1 50 166 is_stmt 0 view .LVU30
 141 001a 7719     		adds	r7, r6, r5
 142 001c 0937     		adds	r7, r7, #9
 143              		.loc 1 50 41 view .LVU31
 144 001e E319     		adds	r3, r4, r7
 145              	.LVL6:
 146              		.loc 1 50 41 view .LVU32
 147 0020 0193     		str	r3, [sp, #4]
 148              	.LVL7:
  51:Middlewares/ST/STM32_WPAN/ble/core/auto/ble_gap_aci.c ****   tBleStatus status = 0;
 149              		.loc 1 51 3 is_stmt 1 view .LVU33
 150              		.loc 1 51 14 is_stmt 0 view .LVU34
 151 0022 0DF10F09 		add	r9, sp, #15
 152 0026 4FF00008 		mov	r8, #0
 153 002a 8DF80F80 		strb	r8, [sp, #15]
  52:Middlewares/ST/STM32_WPAN/ble/core/auto/ble_gap_aci.c ****   int index_input = 0;
 154              		.loc 1 52 3 is_stmt 1 view .LVU35
 155              	.LVL8:
  53:Middlewares/ST/STM32_WPAN/ble/core/auto/ble_gap_aci.c ****   cp0->Advertising_Type = Advertising_Type;
 156              		.loc 1 53 3 view .LVU36
 157              		.loc 1 53 25 is_stmt 0 view .LVU37
 158 002e 8DF81000 		strb	r0, [sp, #16]
  54:Middlewares/ST/STM32_WPAN/ble/core/auto/ble_gap_aci.c ****   index_input += 1;
 159              		.loc 1 54 3 is_stmt 1 view .LVU38
 160              	.LVL9:
  55:Middlewares/ST/STM32_WPAN/ble/core/auto/ble_gap_aci.c ****   cp0->Advertising_Interval_Min = Advertising_Interval_Min;
 161              		.loc 1 55 3 view .LVU39
 162              		.loc 1 55 33 is_stmt 0 view .LVU40
 163 0032 ADF81110 		strh	r1, [sp, #17]	@ unaligned
  56:Middlewares/ST/STM32_WPAN/ble/core/auto/ble_gap_aci.c ****   index_input += 2;
 164              		.loc 1 56 3 is_stmt 1 view .LVU41
 165              	.LVL10:
  57:Middlewares/ST/STM32_WPAN/ble/core/auto/ble_gap_aci.c ****   cp0->Advertising_Interval_Max = Advertising_Interval_Max;
 166              		.loc 1 57 3 view .LVU42
 167              		.loc 1 57 33 is_stmt 0 view .LVU43
 168 0036 ADF81320 		strh	r2, [sp, #19]	@ unaligned
  58:Middlewares/ST/STM32_WPAN/ble/core/auto/ble_gap_aci.c ****   index_input += 2;
 169              		.loc 1 58 3 is_stmt 1 view .LVU44
 170              	.LVL11:
  59:Middlewares/ST/STM32_WPAN/ble/core/auto/ble_gap_aci.c ****   cp0->Own_Address_Type = Own_Address_Type;
 171              		.loc 1 59 3 view .LVU45
ARM GAS  C:\Users\Nathan\AppData\Local\Temp\ccVQZ1bc.s 			page 5


 172              		.loc 1 59 25 is_stmt 0 view .LVU46
 173 003a 8DF815C0 		strb	ip, [sp, #21]
  60:Middlewares/ST/STM32_WPAN/ble/core/auto/ble_gap_aci.c ****   index_input += 1;
 174              		.loc 1 60 3 is_stmt 1 view .LVU47
 175              	.LVL12:
  61:Middlewares/ST/STM32_WPAN/ble/core/auto/ble_gap_aci.c ****   cp0->Advertising_Filter_Policy = Advertising_Filter_Policy;
 176              		.loc 1 61 3 view .LVU48
 177              		.loc 1 61 34 is_stmt 0 view .LVU49
 178 003e 9DF85031 		ldrb	r3, [sp, #336]	@ zero_extendqisi2
 179              	.LVL13:
 180              		.loc 1 61 34 view .LVU50
 181 0042 8DF81630 		strb	r3, [sp, #22]
  62:Middlewares/ST/STM32_WPAN/ble/core/auto/ble_gap_aci.c ****   index_input += 1;
 182              		.loc 1 62 3 is_stmt 1 view .LVU51
 183              	.LVL14:
  63:Middlewares/ST/STM32_WPAN/ble/core/auto/ble_gap_aci.c ****   cp0->Local_Name_Length = Local_Name_Length;
 184              		.loc 1 63 3 view .LVU52
 185              		.loc 1 63 26 is_stmt 0 view .LVU53
 186 0046 8DF81760 		strb	r6, [sp, #23]
  64:Middlewares/ST/STM32_WPAN/ble/core/auto/ble_gap_aci.c ****   index_input += 1;
 187              		.loc 1 64 3 is_stmt 1 view .LVU54
 188              	.LVL15:
  65:Middlewares/ST/STM32_WPAN/ble/core/auto/ble_gap_aci.c ****   /* var_len_data input */
  66:Middlewares/ST/STM32_WPAN/ble/core/auto/ble_gap_aci.c ****   {
  67:Middlewares/ST/STM32_WPAN/ble/core/auto/ble_gap_aci.c ****     Osal_MemCpy( (void*)&cp0->Local_Name, (const void*)Local_Name, Local_Name_Length );
 189              		.loc 1 67 5 view .LVU55
 190 004a 3246     		mov	r2, r6
 191              	.LVL16:
 192              		.loc 1 67 5 is_stmt 0 view .LVU56
 193 004c 5699     		ldr	r1, [sp, #344]
 194              	.LVL17:
 195              		.loc 1 67 5 view .LVU57
 196 004e 06A8     		add	r0, sp, #24
 197              	.LVL18:
 198              		.loc 1 67 5 view .LVU58
 199 0050 FFF7FEFF 		bl	Osal_MemCpy
 200              	.LVL19:
  68:Middlewares/ST/STM32_WPAN/ble/core/auto/ble_gap_aci.c ****     index_input += Local_Name_Length;
 201              		.loc 1 68 5 is_stmt 1 view .LVU59
  69:Middlewares/ST/STM32_WPAN/ble/core/auto/ble_gap_aci.c ****     {
  70:Middlewares/ST/STM32_WPAN/ble/core/auto/ble_gap_aci.c ****       cp1->Service_Uuid_length = Service_Uuid_length;
 202              		.loc 1 70 7 view .LVU60
 203              		.loc 1 70 32 is_stmt 0 view .LVU61
 204 0054 04F80A50 		strb	r5, [r4, r10]
  71:Middlewares/ST/STM32_WPAN/ble/core/auto/ble_gap_aci.c ****     }
  72:Middlewares/ST/STM32_WPAN/ble/core/auto/ble_gap_aci.c ****     index_input += 1;
 205              		.loc 1 72 5 is_stmt 1 view .LVU62
 206              		.loc 1 72 17 is_stmt 0 view .LVU63
 207 0058 0936     		adds	r6, r6, #9
 208              	.LVL20:
  73:Middlewares/ST/STM32_WPAN/ble/core/auto/ble_gap_aci.c ****     Osal_MemCpy( (void*)&cp1->Service_Uuid_List, (const void*)Service_Uuid_List, Service_Uuid_lengt
 209              		.loc 1 73 5 is_stmt 1 view .LVU64
 210 005a 2A46     		mov	r2, r5
 211 005c 5899     		ldr	r1, [sp, #352]
 212 005e 0BF10100 		add	r0, fp, #1
 213 0062 FFF7FEFF 		bl	Osal_MemCpy
 214              	.LVL21:
ARM GAS  C:\Users\Nathan\AppData\Local\Temp\ccVQZ1bc.s 			page 6


  74:Middlewares/ST/STM32_WPAN/ble/core/auto/ble_gap_aci.c ****     index_input += Service_Uuid_length;
 215              		.loc 1 74 5 view .LVU65
 216              		.loc 1 74 17 is_stmt 0 view .LVU66
 217 0066 3544     		add	r5, r5, r6
 218              	.LVL22:
  75:Middlewares/ST/STM32_WPAN/ble/core/auto/ble_gap_aci.c ****     {
  76:Middlewares/ST/STM32_WPAN/ble/core/auto/ble_gap_aci.c ****       cp2->Conn_Interval_Min = Conn_Interval_Min;
 219              		.loc 1 76 7 is_stmt 1 view .LVU67
 220              		.loc 1 76 30 is_stmt 0 view .LVU68
 221 0068 BDF86431 		ldrh	r3, [sp, #356]
 222 006c E353     		strh	r3, [r4, r7]	@ unaligned
  77:Middlewares/ST/STM32_WPAN/ble/core/auto/ble_gap_aci.c ****     }
  78:Middlewares/ST/STM32_WPAN/ble/core/auto/ble_gap_aci.c ****     index_input += 2;
 223              		.loc 1 78 5 is_stmt 1 view .LVU69
 224              	.LVL23:
  79:Middlewares/ST/STM32_WPAN/ble/core/auto/ble_gap_aci.c ****     {
  80:Middlewares/ST/STM32_WPAN/ble/core/auto/ble_gap_aci.c ****       cp2->Conn_Interval_Max = Conn_Interval_Max;
 225              		.loc 1 80 7 view .LVU70
 226              		.loc 1 80 30 is_stmt 0 view .LVU71
 227 006e BDF86831 		ldrh	r3, [sp, #360]
 228 0072 019A     		ldr	r2, [sp, #4]
 229 0074 5380     		strh	r3, [r2, #2]	@ unaligned
  81:Middlewares/ST/STM32_WPAN/ble/core/auto/ble_gap_aci.c ****     }
  82:Middlewares/ST/STM32_WPAN/ble/core/auto/ble_gap_aci.c ****     index_input += 2;
 230              		.loc 1 82 5 is_stmt 1 view .LVU72
 231              		.loc 1 82 17 is_stmt 0 view .LVU73
 232 0076 0435     		adds	r5, r5, #4
 233              	.LVL24:
  83:Middlewares/ST/STM32_WPAN/ble/core/auto/ble_gap_aci.c ****   }
  84:Middlewares/ST/STM32_WPAN/ble/core/auto/ble_gap_aci.c ****   Osal_MemSet( &rq, 0, sizeof(rq) );
 234              		.loc 1 84 3 is_stmt 1 view .LVU74
 235 0078 44AE     		add	r6, sp, #272
 236 007a 1822     		movs	r2, #24
 237 007c 4146     		mov	r1, r8
 238 007e 3046     		mov	r0, r6
 239 0080 FFF7FEFF 		bl	Osal_MemSet
 240              	.LVL25:
  85:Middlewares/ST/STM32_WPAN/ble/core/auto/ble_gap_aci.c ****   rq.ogf = 0x3f;
 241              		.loc 1 85 3 view .LVU75
 242              		.loc 1 85 10 is_stmt 0 view .LVU76
 243 0084 3F23     		movs	r3, #63
 244 0086 ADF81031 		strh	r3, [sp, #272]	@ movhi
  86:Middlewares/ST/STM32_WPAN/ble/core/auto/ble_gap_aci.c ****   rq.ocf = 0x082;
 245              		.loc 1 86 3 is_stmt 1 view .LVU77
 246              		.loc 1 86 10 is_stmt 0 view .LVU78
 247 008a 8223     		movs	r3, #130
 248 008c ADF81231 		strh	r3, [sp, #274]	@ movhi
  87:Middlewares/ST/STM32_WPAN/ble/core/auto/ble_gap_aci.c ****   rq.event = 0x0F;
 249              		.loc 1 87 3 is_stmt 1 view .LVU79
 250              		.loc 1 87 12 is_stmt 0 view .LVU80
 251 0090 0F23     		movs	r3, #15
 252 0092 4593     		str	r3, [sp, #276]
  88:Middlewares/ST/STM32_WPAN/ble/core/auto/ble_gap_aci.c ****   rq.cparam = cmd_buffer;
 253              		.loc 1 88 3 is_stmt 1 view .LVU81
 254              		.loc 1 88 13 is_stmt 0 view .LVU82
 255 0094 4694     		str	r4, [sp, #280]
  89:Middlewares/ST/STM32_WPAN/ble/core/auto/ble_gap_aci.c ****   rq.clen = index_input;
ARM GAS  C:\Users\Nathan\AppData\Local\Temp\ccVQZ1bc.s 			page 7


 256              		.loc 1 89 3 is_stmt 1 view .LVU83
 257              		.loc 1 89 11 is_stmt 0 view .LVU84
 258 0096 4795     		str	r5, [sp, #284]
  90:Middlewares/ST/STM32_WPAN/ble/core/auto/ble_gap_aci.c ****   rq.rparam = &status;
 259              		.loc 1 90 3 is_stmt 1 view .LVU85
 260              		.loc 1 90 13 is_stmt 0 view .LVU86
 261 0098 CDF82091 		str	r9, [sp, #288]
  91:Middlewares/ST/STM32_WPAN/ble/core/auto/ble_gap_aci.c ****   rq.rlen = 1;
 262              		.loc 1 91 3 is_stmt 1 view .LVU87
 263              		.loc 1 91 11 is_stmt 0 view .LVU88
 264 009c 0123     		movs	r3, #1
 265 009e 4993     		str	r3, [sp, #292]
  92:Middlewares/ST/STM32_WPAN/ble/core/auto/ble_gap_aci.c ****   if ( hci_send_req(&rq, FALSE) < 0 )
 266              		.loc 1 92 3 is_stmt 1 view .LVU89
 267              		.loc 1 92 8 is_stmt 0 view .LVU90
 268 00a0 4146     		mov	r1, r8
 269 00a2 3046     		mov	r0, r6
 270 00a4 FFF7FEFF 		bl	hci_send_req
 271              	.LVL26:
 272              		.loc 1 92 6 discriminator 1 view .LVU91
 273 00a8 4045     		cmp	r0, r8
 274 00aa 04DB     		blt	.L7
  93:Middlewares/ST/STM32_WPAN/ble/core/auto/ble_gap_aci.c ****     return BLE_STATUS_TIMEOUT;
  94:Middlewares/ST/STM32_WPAN/ble/core/auto/ble_gap_aci.c ****   return status;
 275              		.loc 1 94 3 is_stmt 1 view .LVU92
 276              		.loc 1 94 10 is_stmt 0 view .LVU93
 277 00ac 99F80000 		ldrb	r0, [r9]	@ zero_extendqisi2
 278              	.L6:
  95:Middlewares/ST/STM32_WPAN/ble/core/auto/ble_gap_aci.c **** }
 279              		.loc 1 95 1 view .LVU94
 280 00b0 4BB0     		add	sp, sp, #300
 281              		.cfi_remember_state
 282              		.cfi_def_cfa_offset 36
 283              		@ sp needed
 284 00b2 BDE8F08F 		pop	{r4, r5, r6, r7, r8, r9, r10, fp, pc}
 285              	.LVL27:
 286              	.L7:
 287              		.cfi_restore_state
  93:Middlewares/ST/STM32_WPAN/ble/core/auto/ble_gap_aci.c ****     return BLE_STATUS_TIMEOUT;
 288              		.loc 1 93 12 view .LVU95
 289 00b6 FF20     		movs	r0, #255
 290 00b8 FAE7     		b	.L6
 291              		.cfi_endproc
 292              	.LFE1:
 294              		.section	.text.aci_gap_set_discoverable,"ax",%progbits
 295              		.align	1
 296              		.global	aci_gap_set_discoverable
 297              		.syntax unified
 298              		.thumb
 299              		.thumb_func
 301              	aci_gap_set_discoverable:
 302              	.LVL28:
 303              	.LFB2:
  96:Middlewares/ST/STM32_WPAN/ble/core/auto/ble_gap_aci.c **** 
  97:Middlewares/ST/STM32_WPAN/ble/core/auto/ble_gap_aci.c **** tBleStatus aci_gap_set_discoverable( uint8_t Advertising_Type,
  98:Middlewares/ST/STM32_WPAN/ble/core/auto/ble_gap_aci.c ****                                      uint16_t Advertising_Interval_Min,
  99:Middlewares/ST/STM32_WPAN/ble/core/auto/ble_gap_aci.c ****                                      uint16_t Advertising_Interval_Max,
ARM GAS  C:\Users\Nathan\AppData\Local\Temp\ccVQZ1bc.s 			page 8


 100:Middlewares/ST/STM32_WPAN/ble/core/auto/ble_gap_aci.c ****                                      uint8_t Own_Address_Type,
 101:Middlewares/ST/STM32_WPAN/ble/core/auto/ble_gap_aci.c ****                                      uint8_t Advertising_Filter_Policy,
 102:Middlewares/ST/STM32_WPAN/ble/core/auto/ble_gap_aci.c ****                                      uint8_t Local_Name_Length,
 103:Middlewares/ST/STM32_WPAN/ble/core/auto/ble_gap_aci.c ****                                      const uint8_t* Local_Name,
 104:Middlewares/ST/STM32_WPAN/ble/core/auto/ble_gap_aci.c ****                                      uint8_t Service_Uuid_length,
 105:Middlewares/ST/STM32_WPAN/ble/core/auto/ble_gap_aci.c ****                                      const uint8_t* Service_Uuid_List,
 106:Middlewares/ST/STM32_WPAN/ble/core/auto/ble_gap_aci.c ****                                      uint16_t Conn_Interval_Min,
 107:Middlewares/ST/STM32_WPAN/ble/core/auto/ble_gap_aci.c ****                                      uint16_t Conn_Interval_Max )
 108:Middlewares/ST/STM32_WPAN/ble/core/auto/ble_gap_aci.c **** {
 304              		.loc 1 108 1 is_stmt 1 view -0
 305              		.cfi_startproc
 306              		@ args = 28, pretend = 0, frame = 296
 307              		@ frame_needed = 0, uses_anonymous_args = 0
 308              		.loc 1 108 1 is_stmt 0 view .LVU97
 309 0000 2DE9F04F 		push	{r4, r5, r6, r7, r8, r9, r10, fp, lr}
 310              		.cfi_def_cfa_offset 36
 311              		.cfi_offset 4, -36
 312              		.cfi_offset 5, -32
 313              		.cfi_offset 6, -28
 314              		.cfi_offset 7, -24
 315              		.cfi_offset 8, -20
 316              		.cfi_offset 9, -16
 317              		.cfi_offset 10, -12
 318              		.cfi_offset 11, -8
 319              		.cfi_offset 14, -4
 320 0004 CBB0     		sub	sp, sp, #300
 321              		.cfi_def_cfa_offset 336
 322 0006 9C46     		mov	ip, r3
 323 0008 9DF85461 		ldrb	r6, [sp, #340]	@ zero_extendqisi2
 324 000c 9DF85C51 		ldrb	r5, [sp, #348]	@ zero_extendqisi2
 109:Middlewares/ST/STM32_WPAN/ble/core/auto/ble_gap_aci.c ****   struct hci_request rq;
 325              		.loc 1 109 3 is_stmt 1 view .LVU98
 110:Middlewares/ST/STM32_WPAN/ble/core/auto/ble_gap_aci.c ****   uint8_t cmd_buffer[BLE_CMD_MAX_PARAM_LEN];
 326              		.loc 1 110 3 view .LVU99
 111:Middlewares/ST/STM32_WPAN/ble/core/auto/ble_gap_aci.c ****   aci_gap_set_discoverable_cp0 *cp0 = (aci_gap_set_discoverable_cp0*)(cmd_buffer);
 327              		.loc 1 111 3 view .LVU100
 328              	.LVL29:
 112:Middlewares/ST/STM32_WPAN/ble/core/auto/ble_gap_aci.c ****   aci_gap_set_discoverable_cp1 *cp1 = (aci_gap_set_discoverable_cp1*)(cmd_buffer + 1 + 2 + 2 + 1 + 
 329              		.loc 1 112 3 view .LVU101
 330              		.loc 1 112 106 is_stmt 0 view .LVU102
 331 0010 06F1080A 		add	r10, r6, #8
 332              		.loc 1 112 33 view .LVU103
 333 0014 04AC     		add	r4, sp, #16
 334              	.LVL30:
 335              		.loc 1 112 33 view .LVU104
 336 0016 04EB0A0B 		add	fp, r4, r10
 337              	.LVL31:
 113:Middlewares/ST/STM32_WPAN/ble/core/auto/ble_gap_aci.c ****   aci_gap_set_discoverable_cp2 *cp2 = (aci_gap_set_discoverable_cp2*)(cmd_buffer + 1 + 2 + 2 + 1 + 
 338              		.loc 1 113 3 is_stmt 1 view .LVU105
 339              		.loc 1 113 150 is_stmt 0 view .LVU106
 340 001a 7719     		adds	r7, r6, r5
 341 001c 0937     		adds	r7, r7, #9
 342              		.loc 1 113 33 view .LVU107
 343 001e E319     		adds	r3, r4, r7
 344              	.LVL32:
 345              		.loc 1 113 33 view .LVU108
 346 0020 0193     		str	r3, [sp, #4]
ARM GAS  C:\Users\Nathan\AppData\Local\Temp\ccVQZ1bc.s 			page 9


 347              	.LVL33:
 114:Middlewares/ST/STM32_WPAN/ble/core/auto/ble_gap_aci.c ****   tBleStatus status = 0;
 348              		.loc 1 114 3 is_stmt 1 view .LVU109
 349              		.loc 1 114 14 is_stmt 0 view .LVU110
 350 0022 0DF10F09 		add	r9, sp, #15
 351 0026 4FF00008 		mov	r8, #0
 352 002a 8DF80F80 		strb	r8, [sp, #15]
 115:Middlewares/ST/STM32_WPAN/ble/core/auto/ble_gap_aci.c ****   int index_input = 0;
 353              		.loc 1 115 3 is_stmt 1 view .LVU111
 354              	.LVL34:
 116:Middlewares/ST/STM32_WPAN/ble/core/auto/ble_gap_aci.c ****   cp0->Advertising_Type = Advertising_Type;
 355              		.loc 1 116 3 view .LVU112
 356              		.loc 1 116 25 is_stmt 0 view .LVU113
 357 002e 8DF81000 		strb	r0, [sp, #16]
 117:Middlewares/ST/STM32_WPAN/ble/core/auto/ble_gap_aci.c ****   index_input += 1;
 358              		.loc 1 117 3 is_stmt 1 view .LVU114
 359              	.LVL35:
 118:Middlewares/ST/STM32_WPAN/ble/core/auto/ble_gap_aci.c ****   cp0->Advertising_Interval_Min = Advertising_Interval_Min;
 360              		.loc 1 118 3 view .LVU115
 361              		.loc 1 118 33 is_stmt 0 view .LVU116
 362 0032 ADF81110 		strh	r1, [sp, #17]	@ unaligned
 119:Middlewares/ST/STM32_WPAN/ble/core/auto/ble_gap_aci.c ****   index_input += 2;
 363              		.loc 1 119 3 is_stmt 1 view .LVU117
 364              	.LVL36:
 120:Middlewares/ST/STM32_WPAN/ble/core/auto/ble_gap_aci.c ****   cp0->Advertising_Interval_Max = Advertising_Interval_Max;
 365              		.loc 1 120 3 view .LVU118
 366              		.loc 1 120 33 is_stmt 0 view .LVU119
 367 0036 ADF81320 		strh	r2, [sp, #19]	@ unaligned
 121:Middlewares/ST/STM32_WPAN/ble/core/auto/ble_gap_aci.c ****   index_input += 2;
 368              		.loc 1 121 3 is_stmt 1 view .LVU120
 369              	.LVL37:
 122:Middlewares/ST/STM32_WPAN/ble/core/auto/ble_gap_aci.c ****   cp0->Own_Address_Type = Own_Address_Type;
 370              		.loc 1 122 3 view .LVU121
 371              		.loc 1 122 25 is_stmt 0 view .LVU122
 372 003a 8DF815C0 		strb	ip, [sp, #21]
 123:Middlewares/ST/STM32_WPAN/ble/core/auto/ble_gap_aci.c ****   index_input += 1;
 373              		.loc 1 123 3 is_stmt 1 view .LVU123
 374              	.LVL38:
 124:Middlewares/ST/STM32_WPAN/ble/core/auto/ble_gap_aci.c ****   cp0->Advertising_Filter_Policy = Advertising_Filter_Policy;
 375              		.loc 1 124 3 view .LVU124
 376              		.loc 1 124 34 is_stmt 0 view .LVU125
 377 003e 9DF85031 		ldrb	r3, [sp, #336]	@ zero_extendqisi2
 378              	.LVL39:
 379              		.loc 1 124 34 view .LVU126
 380 0042 8DF81630 		strb	r3, [sp, #22]
 125:Middlewares/ST/STM32_WPAN/ble/core/auto/ble_gap_aci.c ****   index_input += 1;
 381              		.loc 1 125 3 is_stmt 1 view .LVU127
 382              	.LVL40:
 126:Middlewares/ST/STM32_WPAN/ble/core/auto/ble_gap_aci.c ****   cp0->Local_Name_Length = Local_Name_Length;
 383              		.loc 1 126 3 view .LVU128
 384              		.loc 1 126 26 is_stmt 0 view .LVU129
 385 0046 8DF81760 		strb	r6, [sp, #23]
 127:Middlewares/ST/STM32_WPAN/ble/core/auto/ble_gap_aci.c ****   index_input += 1;
 386              		.loc 1 127 3 is_stmt 1 view .LVU130
 387              	.LVL41:
 128:Middlewares/ST/STM32_WPAN/ble/core/auto/ble_gap_aci.c ****   /* var_len_data input */
 129:Middlewares/ST/STM32_WPAN/ble/core/auto/ble_gap_aci.c ****   {
ARM GAS  C:\Users\Nathan\AppData\Local\Temp\ccVQZ1bc.s 			page 10


 130:Middlewares/ST/STM32_WPAN/ble/core/auto/ble_gap_aci.c ****     Osal_MemCpy( (void*)&cp0->Local_Name, (const void*)Local_Name, Local_Name_Length );
 388              		.loc 1 130 5 view .LVU131
 389 004a 3246     		mov	r2, r6
 390              	.LVL42:
 391              		.loc 1 130 5 is_stmt 0 view .LVU132
 392 004c 5699     		ldr	r1, [sp, #344]
 393              	.LVL43:
 394              		.loc 1 130 5 view .LVU133
 395 004e 06A8     		add	r0, sp, #24
 396              	.LVL44:
 397              		.loc 1 130 5 view .LVU134
 398 0050 FFF7FEFF 		bl	Osal_MemCpy
 399              	.LVL45:
 131:Middlewares/ST/STM32_WPAN/ble/core/auto/ble_gap_aci.c ****     index_input += Local_Name_Length;
 400              		.loc 1 131 5 is_stmt 1 view .LVU135
 132:Middlewares/ST/STM32_WPAN/ble/core/auto/ble_gap_aci.c ****     {
 133:Middlewares/ST/STM32_WPAN/ble/core/auto/ble_gap_aci.c ****       cp1->Service_Uuid_length = Service_Uuid_length;
 401              		.loc 1 133 7 view .LVU136
 402              		.loc 1 133 32 is_stmt 0 view .LVU137
 403 0054 04F80A50 		strb	r5, [r4, r10]
 134:Middlewares/ST/STM32_WPAN/ble/core/auto/ble_gap_aci.c ****     }
 135:Middlewares/ST/STM32_WPAN/ble/core/auto/ble_gap_aci.c ****     index_input += 1;
 404              		.loc 1 135 5 is_stmt 1 view .LVU138
 405              		.loc 1 135 17 is_stmt 0 view .LVU139
 406 0058 0936     		adds	r6, r6, #9
 407              	.LVL46:
 136:Middlewares/ST/STM32_WPAN/ble/core/auto/ble_gap_aci.c ****     Osal_MemCpy( (void*)&cp1->Service_Uuid_List, (const void*)Service_Uuid_List, Service_Uuid_lengt
 408              		.loc 1 136 5 is_stmt 1 view .LVU140
 409 005a 2A46     		mov	r2, r5
 410 005c 5899     		ldr	r1, [sp, #352]
 411 005e 0BF10100 		add	r0, fp, #1
 412 0062 FFF7FEFF 		bl	Osal_MemCpy
 413              	.LVL47:
 137:Middlewares/ST/STM32_WPAN/ble/core/auto/ble_gap_aci.c ****     index_input += Service_Uuid_length;
 414              		.loc 1 137 5 view .LVU141
 415              		.loc 1 137 17 is_stmt 0 view .LVU142
 416 0066 3544     		add	r5, r5, r6
 417              	.LVL48:
 138:Middlewares/ST/STM32_WPAN/ble/core/auto/ble_gap_aci.c ****     {
 139:Middlewares/ST/STM32_WPAN/ble/core/auto/ble_gap_aci.c ****       cp2->Conn_Interval_Min = Conn_Interval_Min;
 418              		.loc 1 139 7 is_stmt 1 view .LVU143
 419              		.loc 1 139 30 is_stmt 0 view .LVU144
 420 0068 BDF86431 		ldrh	r3, [sp, #356]
 421 006c E353     		strh	r3, [r4, r7]	@ unaligned
 140:Middlewares/ST/STM32_WPAN/ble/core/auto/ble_gap_aci.c ****     }
 141:Middlewares/ST/STM32_WPAN/ble/core/auto/ble_gap_aci.c ****     index_input += 2;
 422              		.loc 1 141 5 is_stmt 1 view .LVU145
 423              	.LVL49:
 142:Middlewares/ST/STM32_WPAN/ble/core/auto/ble_gap_aci.c ****     {
 143:Middlewares/ST/STM32_WPAN/ble/core/auto/ble_gap_aci.c ****       cp2->Conn_Interval_Max = Conn_Interval_Max;
 424              		.loc 1 143 7 view .LVU146
 425              		.loc 1 143 30 is_stmt 0 view .LVU147
 426 006e BDF86831 		ldrh	r3, [sp, #360]
 427 0072 019A     		ldr	r2, [sp, #4]
 428 0074 5380     		strh	r3, [r2, #2]	@ unaligned
 144:Middlewares/ST/STM32_WPAN/ble/core/auto/ble_gap_aci.c ****     }
 145:Middlewares/ST/STM32_WPAN/ble/core/auto/ble_gap_aci.c ****     index_input += 2;
ARM GAS  C:\Users\Nathan\AppData\Local\Temp\ccVQZ1bc.s 			page 11


 429              		.loc 1 145 5 is_stmt 1 view .LVU148
 430              		.loc 1 145 17 is_stmt 0 view .LVU149
 431 0076 0435     		adds	r5, r5, #4
 432              	.LVL50:
 146:Middlewares/ST/STM32_WPAN/ble/core/auto/ble_gap_aci.c ****   }
 147:Middlewares/ST/STM32_WPAN/ble/core/auto/ble_gap_aci.c ****   Osal_MemSet( &rq, 0, sizeof(rq) );
 433              		.loc 1 147 3 is_stmt 1 view .LVU150
 434 0078 44AE     		add	r6, sp, #272
 435 007a 1822     		movs	r2, #24
 436 007c 4146     		mov	r1, r8
 437 007e 3046     		mov	r0, r6
 438 0080 FFF7FEFF 		bl	Osal_MemSet
 439              	.LVL51:
 148:Middlewares/ST/STM32_WPAN/ble/core/auto/ble_gap_aci.c ****   rq.ogf = 0x3f;
 440              		.loc 1 148 3 view .LVU151
 441              		.loc 1 148 10 is_stmt 0 view .LVU152
 442 0084 3F23     		movs	r3, #63
 443 0086 ADF81031 		strh	r3, [sp, #272]	@ movhi
 149:Middlewares/ST/STM32_WPAN/ble/core/auto/ble_gap_aci.c ****   rq.ocf = 0x083;
 444              		.loc 1 149 3 is_stmt 1 view .LVU153
 445              		.loc 1 149 10 is_stmt 0 view .LVU154
 446 008a 8323     		movs	r3, #131
 447 008c ADF81231 		strh	r3, [sp, #274]	@ movhi
 150:Middlewares/ST/STM32_WPAN/ble/core/auto/ble_gap_aci.c ****   rq.cparam = cmd_buffer;
 448              		.loc 1 150 3 is_stmt 1 view .LVU155
 449              		.loc 1 150 13 is_stmt 0 view .LVU156
 450 0090 4694     		str	r4, [sp, #280]
 151:Middlewares/ST/STM32_WPAN/ble/core/auto/ble_gap_aci.c ****   rq.clen = index_input;
 451              		.loc 1 151 3 is_stmt 1 view .LVU157
 452              		.loc 1 151 11 is_stmt 0 view .LVU158
 453 0092 4795     		str	r5, [sp, #284]
 152:Middlewares/ST/STM32_WPAN/ble/core/auto/ble_gap_aci.c ****   rq.rparam = &status;
 454              		.loc 1 152 3 is_stmt 1 view .LVU159
 455              		.loc 1 152 13 is_stmt 0 view .LVU160
 456 0094 CDF82091 		str	r9, [sp, #288]
 153:Middlewares/ST/STM32_WPAN/ble/core/auto/ble_gap_aci.c ****   rq.rlen = 1;
 457              		.loc 1 153 3 is_stmt 1 view .LVU161
 458              		.loc 1 153 11 is_stmt 0 view .LVU162
 459 0098 0123     		movs	r3, #1
 460 009a 4993     		str	r3, [sp, #292]
 154:Middlewares/ST/STM32_WPAN/ble/core/auto/ble_gap_aci.c ****   if ( hci_send_req(&rq, FALSE) < 0 )
 461              		.loc 1 154 3 is_stmt 1 view .LVU163
 462              		.loc 1 154 8 is_stmt 0 view .LVU164
 463 009c 4146     		mov	r1, r8
 464 009e 3046     		mov	r0, r6
 465 00a0 FFF7FEFF 		bl	hci_send_req
 466              	.LVL52:
 467              		.loc 1 154 6 discriminator 1 view .LVU165
 468 00a4 4045     		cmp	r0, r8
 469 00a6 04DB     		blt	.L11
 155:Middlewares/ST/STM32_WPAN/ble/core/auto/ble_gap_aci.c ****     return BLE_STATUS_TIMEOUT;
 156:Middlewares/ST/STM32_WPAN/ble/core/auto/ble_gap_aci.c ****   return status;
 470              		.loc 1 156 3 is_stmt 1 view .LVU166
 471              		.loc 1 156 10 is_stmt 0 view .LVU167
 472 00a8 99F80000 		ldrb	r0, [r9]	@ zero_extendqisi2
 473              	.L10:
 157:Middlewares/ST/STM32_WPAN/ble/core/auto/ble_gap_aci.c **** }
ARM GAS  C:\Users\Nathan\AppData\Local\Temp\ccVQZ1bc.s 			page 12


 474              		.loc 1 157 1 view .LVU168
 475 00ac 4BB0     		add	sp, sp, #300
 476              		.cfi_remember_state
 477              		.cfi_def_cfa_offset 36
 478              		@ sp needed
 479 00ae BDE8F08F 		pop	{r4, r5, r6, r7, r8, r9, r10, fp, pc}
 480              	.LVL53:
 481              	.L11:
 482              		.cfi_restore_state
 155:Middlewares/ST/STM32_WPAN/ble/core/auto/ble_gap_aci.c ****     return BLE_STATUS_TIMEOUT;
 483              		.loc 1 155 12 view .LVU169
 484 00b2 FF20     		movs	r0, #255
 485 00b4 FAE7     		b	.L10
 486              		.cfi_endproc
 487              	.LFE2:
 489              		.section	.text.aci_gap_set_direct_connectable,"ax",%progbits
 490              		.align	1
 491              		.global	aci_gap_set_direct_connectable
 492              		.syntax unified
 493              		.thumb
 494              		.thumb_func
 496              	aci_gap_set_direct_connectable:
 497              	.LVL54:
 498              	.LFB3:
 158:Middlewares/ST/STM32_WPAN/ble/core/auto/ble_gap_aci.c **** 
 159:Middlewares/ST/STM32_WPAN/ble/core/auto/ble_gap_aci.c **** tBleStatus aci_gap_set_direct_connectable( uint8_t Own_Address_Type,
 160:Middlewares/ST/STM32_WPAN/ble/core/auto/ble_gap_aci.c ****                                            uint8_t Directed_Advertising_Type,
 161:Middlewares/ST/STM32_WPAN/ble/core/auto/ble_gap_aci.c ****                                            uint8_t Direct_Address_Type,
 162:Middlewares/ST/STM32_WPAN/ble/core/auto/ble_gap_aci.c ****                                            const uint8_t* Direct_Address,
 163:Middlewares/ST/STM32_WPAN/ble/core/auto/ble_gap_aci.c ****                                            uint16_t Advertising_Interval_Min,
 164:Middlewares/ST/STM32_WPAN/ble/core/auto/ble_gap_aci.c ****                                            uint16_t Advertising_Interval_Max )
 165:Middlewares/ST/STM32_WPAN/ble/core/auto/ble_gap_aci.c **** {
 499              		.loc 1 165 1 is_stmt 1 view -0
 500              		.cfi_startproc
 501              		@ args = 8, pretend = 0, frame = 288
 502              		@ frame_needed = 0, uses_anonymous_args = 0
 503              		.loc 1 165 1 is_stmt 0 view .LVU171
 504 0000 F0B5     		push	{r4, r5, r6, r7, lr}
 505              		.cfi_def_cfa_offset 20
 506              		.cfi_offset 4, -20
 507              		.cfi_offset 5, -16
 508              		.cfi_offset 6, -12
 509              		.cfi_offset 7, -8
 510              		.cfi_offset 14, -4
 511 0002 C9B0     		sub	sp, sp, #292
 512              		.cfi_def_cfa_offset 312
 166:Middlewares/ST/STM32_WPAN/ble/core/auto/ble_gap_aci.c ****   struct hci_request rq;
 513              		.loc 1 166 3 is_stmt 1 view .LVU172
 167:Middlewares/ST/STM32_WPAN/ble/core/auto/ble_gap_aci.c ****   uint8_t cmd_buffer[BLE_CMD_MAX_PARAM_LEN];
 514              		.loc 1 167 3 view .LVU173
 168:Middlewares/ST/STM32_WPAN/ble/core/auto/ble_gap_aci.c ****   aci_gap_set_direct_connectable_cp0 *cp0 = (aci_gap_set_direct_connectable_cp0*)(cmd_buffer);
 515              		.loc 1 168 3 view .LVU174
 516              	.LVL55:
 169:Middlewares/ST/STM32_WPAN/ble/core/auto/ble_gap_aci.c ****   tBleStatus status = 0;
 517              		.loc 1 169 3 view .LVU175
 518              		.loc 1 169 14 is_stmt 0 view .LVU176
 519 0004 0DF10707 		add	r7, sp, #7
ARM GAS  C:\Users\Nathan\AppData\Local\Temp\ccVQZ1bc.s 			page 13


 520 0008 0025     		movs	r5, #0
 521 000a 8DF80750 		strb	r5, [sp, #7]
 170:Middlewares/ST/STM32_WPAN/ble/core/auto/ble_gap_aci.c ****   int index_input = 0;
 522              		.loc 1 170 3 is_stmt 1 view .LVU177
 523              	.LVL56:
 171:Middlewares/ST/STM32_WPAN/ble/core/auto/ble_gap_aci.c ****   cp0->Own_Address_Type = Own_Address_Type;
 524              		.loc 1 171 3 view .LVU178
 525              		.loc 1 171 25 is_stmt 0 view .LVU179
 526 000e 02AC     		add	r4, sp, #8
 527              	.LVL57:
 528              		.loc 1 171 25 view .LVU180
 529 0010 8DF80800 		strb	r0, [sp, #8]
 172:Middlewares/ST/STM32_WPAN/ble/core/auto/ble_gap_aci.c ****   index_input += 1;
 530              		.loc 1 172 3 is_stmt 1 view .LVU181
 531              	.LVL58:
 173:Middlewares/ST/STM32_WPAN/ble/core/auto/ble_gap_aci.c ****   cp0->Directed_Advertising_Type = Directed_Advertising_Type;
 532              		.loc 1 173 3 view .LVU182
 533              		.loc 1 173 34 is_stmt 0 view .LVU183
 534 0014 8DF80910 		strb	r1, [sp, #9]
 174:Middlewares/ST/STM32_WPAN/ble/core/auto/ble_gap_aci.c ****   index_input += 1;
 535              		.loc 1 174 3 is_stmt 1 view .LVU184
 536              	.LVL59:
 175:Middlewares/ST/STM32_WPAN/ble/core/auto/ble_gap_aci.c ****   cp0->Direct_Address_Type = Direct_Address_Type;
 537              		.loc 1 175 3 view .LVU185
 538              		.loc 1 175 28 is_stmt 0 view .LVU186
 539 0018 8DF80A20 		strb	r2, [sp, #10]
 176:Middlewares/ST/STM32_WPAN/ble/core/auto/ble_gap_aci.c ****   index_input += 1;
 540              		.loc 1 176 3 is_stmt 1 view .LVU187
 541              	.LVL60:
 177:Middlewares/ST/STM32_WPAN/ble/core/auto/ble_gap_aci.c ****   Osal_MemCpy( (void*)&cp0->Direct_Address, (const void*)Direct_Address, 6 );
 542              		.loc 1 177 3 view .LVU188
 543 001c 0622     		movs	r2, #6
 544              	.LVL61:
 545              		.loc 1 177 3 is_stmt 0 view .LVU189
 546 001e 1946     		mov	r1, r3
 547              	.LVL62:
 548              		.loc 1 177 3 view .LVU190
 549 0020 0DF10B00 		add	r0, sp, #11
 550              	.LVL63:
 551              		.loc 1 177 3 view .LVU191
 552 0024 FFF7FEFF 		bl	Osal_MemCpy
 553              	.LVL64:
 178:Middlewares/ST/STM32_WPAN/ble/core/auto/ble_gap_aci.c ****   index_input += 6;
 554              		.loc 1 178 3 is_stmt 1 view .LVU192
 179:Middlewares/ST/STM32_WPAN/ble/core/auto/ble_gap_aci.c ****   cp0->Advertising_Interval_Min = Advertising_Interval_Min;
 555              		.loc 1 179 3 view .LVU193
 556              		.loc 1 179 33 is_stmt 0 view .LVU194
 557 0028 BDF83831 		ldrh	r3, [sp, #312]
 558 002c ADF81130 		strh	r3, [sp, #17]	@ unaligned
 180:Middlewares/ST/STM32_WPAN/ble/core/auto/ble_gap_aci.c ****   index_input += 2;
 559              		.loc 1 180 3 is_stmt 1 view .LVU195
 560              	.LVL65:
 181:Middlewares/ST/STM32_WPAN/ble/core/auto/ble_gap_aci.c ****   cp0->Advertising_Interval_Max = Advertising_Interval_Max;
 561              		.loc 1 181 3 view .LVU196
 562              		.loc 1 181 33 is_stmt 0 view .LVU197
 563 0030 BDF83C31 		ldrh	r3, [sp, #316]
 564 0034 ADF81330 		strh	r3, [sp, #19]	@ unaligned
ARM GAS  C:\Users\Nathan\AppData\Local\Temp\ccVQZ1bc.s 			page 14


 182:Middlewares/ST/STM32_WPAN/ble/core/auto/ble_gap_aci.c ****   index_input += 2;
 565              		.loc 1 182 3 is_stmt 1 view .LVU198
 566              	.LVL66:
 183:Middlewares/ST/STM32_WPAN/ble/core/auto/ble_gap_aci.c ****   Osal_MemSet( &rq, 0, sizeof(rq) );
 567              		.loc 1 183 3 view .LVU199
 568 0038 42AE     		add	r6, sp, #264
 569 003a 1822     		movs	r2, #24
 570 003c 2946     		mov	r1, r5
 571 003e 3046     		mov	r0, r6
 572 0040 FFF7FEFF 		bl	Osal_MemSet
 573              	.LVL67:
 184:Middlewares/ST/STM32_WPAN/ble/core/auto/ble_gap_aci.c ****   rq.ogf = 0x3f;
 574              		.loc 1 184 3 view .LVU200
 575              		.loc 1 184 10 is_stmt 0 view .LVU201
 576 0044 3F23     		movs	r3, #63
 577 0046 ADF80831 		strh	r3, [sp, #264]	@ movhi
 185:Middlewares/ST/STM32_WPAN/ble/core/auto/ble_gap_aci.c ****   rq.ocf = 0x084;
 578              		.loc 1 185 3 is_stmt 1 view .LVU202
 579              		.loc 1 185 10 is_stmt 0 view .LVU203
 580 004a 8423     		movs	r3, #132
 581 004c ADF80A31 		strh	r3, [sp, #266]	@ movhi
 186:Middlewares/ST/STM32_WPAN/ble/core/auto/ble_gap_aci.c ****   rq.cparam = cmd_buffer;
 582              		.loc 1 186 3 is_stmt 1 view .LVU204
 583              		.loc 1 186 13 is_stmt 0 view .LVU205
 584 0050 4494     		str	r4, [sp, #272]
 187:Middlewares/ST/STM32_WPAN/ble/core/auto/ble_gap_aci.c ****   rq.clen = index_input;
 585              		.loc 1 187 3 is_stmt 1 view .LVU206
 586              		.loc 1 187 11 is_stmt 0 view .LVU207
 587 0052 0D23     		movs	r3, #13
 588 0054 4593     		str	r3, [sp, #276]
 188:Middlewares/ST/STM32_WPAN/ble/core/auto/ble_gap_aci.c ****   rq.rparam = &status;
 589              		.loc 1 188 3 is_stmt 1 view .LVU208
 590              		.loc 1 188 13 is_stmt 0 view .LVU209
 591 0056 4697     		str	r7, [sp, #280]
 189:Middlewares/ST/STM32_WPAN/ble/core/auto/ble_gap_aci.c ****   rq.rlen = 1;
 592              		.loc 1 189 3 is_stmt 1 view .LVU210
 593              		.loc 1 189 11 is_stmt 0 view .LVU211
 594 0058 0123     		movs	r3, #1
 595 005a 4793     		str	r3, [sp, #284]
 190:Middlewares/ST/STM32_WPAN/ble/core/auto/ble_gap_aci.c ****   if ( hci_send_req(&rq, FALSE) < 0 )
 596              		.loc 1 190 3 is_stmt 1 view .LVU212
 597              		.loc 1 190 8 is_stmt 0 view .LVU213
 598 005c 2946     		mov	r1, r5
 599 005e 3046     		mov	r0, r6
 600 0060 FFF7FEFF 		bl	hci_send_req
 601              	.LVL68:
 602              		.loc 1 190 6 discriminator 1 view .LVU214
 603 0064 A842     		cmp	r0, r5
 604 0066 02DB     		blt	.L15
 191:Middlewares/ST/STM32_WPAN/ble/core/auto/ble_gap_aci.c ****     return BLE_STATUS_TIMEOUT;
 192:Middlewares/ST/STM32_WPAN/ble/core/auto/ble_gap_aci.c ****   return status;
 605              		.loc 1 192 3 is_stmt 1 view .LVU215
 606              		.loc 1 192 10 is_stmt 0 view .LVU216
 607 0068 3878     		ldrb	r0, [r7]	@ zero_extendqisi2
 608              	.L14:
 193:Middlewares/ST/STM32_WPAN/ble/core/auto/ble_gap_aci.c **** }
 609              		.loc 1 193 1 view .LVU217
ARM GAS  C:\Users\Nathan\AppData\Local\Temp\ccVQZ1bc.s 			page 15


 610 006a 49B0     		add	sp, sp, #292
 611              		.cfi_remember_state
 612              		.cfi_def_cfa_offset 20
 613              		@ sp needed
 614 006c F0BD     		pop	{r4, r5, r6, r7, pc}
 615              	.LVL69:
 616              	.L15:
 617              		.cfi_restore_state
 191:Middlewares/ST/STM32_WPAN/ble/core/auto/ble_gap_aci.c ****     return BLE_STATUS_TIMEOUT;
 618              		.loc 1 191 12 view .LVU218
 619 006e FF20     		movs	r0, #255
 620 0070 FBE7     		b	.L14
 621              		.cfi_endproc
 622              	.LFE3:
 624              		.section	.text.aci_gap_set_io_capability,"ax",%progbits
 625              		.align	1
 626              		.global	aci_gap_set_io_capability
 627              		.syntax unified
 628              		.thumb
 629              		.thumb_func
 631              	aci_gap_set_io_capability:
 632              	.LVL70:
 633              	.LFB4:
 194:Middlewares/ST/STM32_WPAN/ble/core/auto/ble_gap_aci.c **** 
 195:Middlewares/ST/STM32_WPAN/ble/core/auto/ble_gap_aci.c **** tBleStatus aci_gap_set_io_capability( uint8_t IO_Capability )
 196:Middlewares/ST/STM32_WPAN/ble/core/auto/ble_gap_aci.c **** {
 634              		.loc 1 196 1 is_stmt 1 view -0
 635              		.cfi_startproc
 636              		@ args = 0, pretend = 0, frame = 288
 637              		@ frame_needed = 0, uses_anonymous_args = 0
 638              		.loc 1 196 1 is_stmt 0 view .LVU220
 639 0000 F0B5     		push	{r4, r5, r6, r7, lr}
 640              		.cfi_def_cfa_offset 20
 641              		.cfi_offset 4, -20
 642              		.cfi_offset 5, -16
 643              		.cfi_offset 6, -12
 644              		.cfi_offset 7, -8
 645              		.cfi_offset 14, -4
 646 0002 C9B0     		sub	sp, sp, #292
 647              		.cfi_def_cfa_offset 312
 197:Middlewares/ST/STM32_WPAN/ble/core/auto/ble_gap_aci.c ****   struct hci_request rq;
 648              		.loc 1 197 3 is_stmt 1 view .LVU221
 198:Middlewares/ST/STM32_WPAN/ble/core/auto/ble_gap_aci.c ****   uint8_t cmd_buffer[BLE_CMD_MAX_PARAM_LEN];
 649              		.loc 1 198 3 view .LVU222
 199:Middlewares/ST/STM32_WPAN/ble/core/auto/ble_gap_aci.c ****   aci_gap_set_io_capability_cp0 *cp0 = (aci_gap_set_io_capability_cp0*)(cmd_buffer);
 650              		.loc 1 199 3 view .LVU223
 651              	.LVL71:
 200:Middlewares/ST/STM32_WPAN/ble/core/auto/ble_gap_aci.c ****   tBleStatus status = 0;
 652              		.loc 1 200 3 view .LVU224
 653              		.loc 1 200 14 is_stmt 0 view .LVU225
 654 0004 0DF10706 		add	r6, sp, #7
 655 0008 0024     		movs	r4, #0
 656 000a 8DF80740 		strb	r4, [sp, #7]
 201:Middlewares/ST/STM32_WPAN/ble/core/auto/ble_gap_aci.c ****   int index_input = 0;
 657              		.loc 1 201 3 is_stmt 1 view .LVU226
 658              	.LVL72:
 202:Middlewares/ST/STM32_WPAN/ble/core/auto/ble_gap_aci.c ****   cp0->IO_Capability = IO_Capability;
ARM GAS  C:\Users\Nathan\AppData\Local\Temp\ccVQZ1bc.s 			page 16


 659              		.loc 1 202 3 view .LVU227
 660              		.loc 1 202 22 is_stmt 0 view .LVU228
 661 000e 02AF     		add	r7, sp, #8
 662              	.LVL73:
 663              		.loc 1 202 22 view .LVU229
 664 0010 8DF80800 		strb	r0, [sp, #8]
 203:Middlewares/ST/STM32_WPAN/ble/core/auto/ble_gap_aci.c ****   index_input += 1;
 665              		.loc 1 203 3 is_stmt 1 view .LVU230
 666              	.LVL74:
 204:Middlewares/ST/STM32_WPAN/ble/core/auto/ble_gap_aci.c ****   Osal_MemSet( &rq, 0, sizeof(rq) );
 667              		.loc 1 204 3 view .LVU231
 668 0014 42AD     		add	r5, sp, #264
 669 0016 1822     		movs	r2, #24
 670 0018 2146     		mov	r1, r4
 671 001a 2846     		mov	r0, r5
 672              	.LVL75:
 673              		.loc 1 204 3 is_stmt 0 view .LVU232
 674 001c FFF7FEFF 		bl	Osal_MemSet
 675              	.LVL76:
 205:Middlewares/ST/STM32_WPAN/ble/core/auto/ble_gap_aci.c ****   rq.ogf = 0x3f;
 676              		.loc 1 205 3 is_stmt 1 view .LVU233
 677              		.loc 1 205 10 is_stmt 0 view .LVU234
 678 0020 3F23     		movs	r3, #63
 679 0022 ADF80831 		strh	r3, [sp, #264]	@ movhi
 206:Middlewares/ST/STM32_WPAN/ble/core/auto/ble_gap_aci.c ****   rq.ocf = 0x085;
 680              		.loc 1 206 3 is_stmt 1 view .LVU235
 681              		.loc 1 206 10 is_stmt 0 view .LVU236
 682 0026 8523     		movs	r3, #133
 683 0028 ADF80A31 		strh	r3, [sp, #266]	@ movhi
 207:Middlewares/ST/STM32_WPAN/ble/core/auto/ble_gap_aci.c ****   rq.cparam = cmd_buffer;
 684              		.loc 1 207 3 is_stmt 1 view .LVU237
 685              		.loc 1 207 13 is_stmt 0 view .LVU238
 686 002c 4497     		str	r7, [sp, #272]
 208:Middlewares/ST/STM32_WPAN/ble/core/auto/ble_gap_aci.c ****   rq.clen = index_input;
 687              		.loc 1 208 3 is_stmt 1 view .LVU239
 688              		.loc 1 208 11 is_stmt 0 view .LVU240
 689 002e 0123     		movs	r3, #1
 690 0030 4593     		str	r3, [sp, #276]
 209:Middlewares/ST/STM32_WPAN/ble/core/auto/ble_gap_aci.c ****   rq.rparam = &status;
 691              		.loc 1 209 3 is_stmt 1 view .LVU241
 692              		.loc 1 209 13 is_stmt 0 view .LVU242
 693 0032 4696     		str	r6, [sp, #280]
 210:Middlewares/ST/STM32_WPAN/ble/core/auto/ble_gap_aci.c ****   rq.rlen = 1;
 694              		.loc 1 210 3 is_stmt 1 view .LVU243
 695              		.loc 1 210 11 is_stmt 0 view .LVU244
 696 0034 4793     		str	r3, [sp, #284]
 211:Middlewares/ST/STM32_WPAN/ble/core/auto/ble_gap_aci.c ****   if ( hci_send_req(&rq, FALSE) < 0 )
 697              		.loc 1 211 3 is_stmt 1 view .LVU245
 698              		.loc 1 211 8 is_stmt 0 view .LVU246
 699 0036 2146     		mov	r1, r4
 700 0038 2846     		mov	r0, r5
 701 003a FFF7FEFF 		bl	hci_send_req
 702              	.LVL77:
 703              		.loc 1 211 6 discriminator 1 view .LVU247
 704 003e A042     		cmp	r0, r4
 705 0040 02DB     		blt	.L19
 212:Middlewares/ST/STM32_WPAN/ble/core/auto/ble_gap_aci.c ****     return BLE_STATUS_TIMEOUT;
ARM GAS  C:\Users\Nathan\AppData\Local\Temp\ccVQZ1bc.s 			page 17


 213:Middlewares/ST/STM32_WPAN/ble/core/auto/ble_gap_aci.c ****   return status;
 706              		.loc 1 213 3 is_stmt 1 view .LVU248
 707              		.loc 1 213 10 is_stmt 0 view .LVU249
 708 0042 3078     		ldrb	r0, [r6]	@ zero_extendqisi2
 709              	.L18:
 214:Middlewares/ST/STM32_WPAN/ble/core/auto/ble_gap_aci.c **** }
 710              		.loc 1 214 1 view .LVU250
 711 0044 49B0     		add	sp, sp, #292
 712              		.cfi_remember_state
 713              		.cfi_def_cfa_offset 20
 714              		@ sp needed
 715 0046 F0BD     		pop	{r4, r5, r6, r7, pc}
 716              	.LVL78:
 717              	.L19:
 718              		.cfi_restore_state
 212:Middlewares/ST/STM32_WPAN/ble/core/auto/ble_gap_aci.c ****     return BLE_STATUS_TIMEOUT;
 719              		.loc 1 212 12 view .LVU251
 720 0048 FF20     		movs	r0, #255
 721 004a FBE7     		b	.L18
 722              		.cfi_endproc
 723              	.LFE4:
 725              		.section	.text.aci_gap_set_authentication_requirement,"ax",%progbits
 726              		.align	1
 727              		.global	aci_gap_set_authentication_requirement
 728              		.syntax unified
 729              		.thumb
 730              		.thumb_func
 732              	aci_gap_set_authentication_requirement:
 733              	.LVL79:
 734              	.LFB5:
 215:Middlewares/ST/STM32_WPAN/ble/core/auto/ble_gap_aci.c **** 
 216:Middlewares/ST/STM32_WPAN/ble/core/auto/ble_gap_aci.c **** tBleStatus aci_gap_set_authentication_requirement( uint8_t Bonding_Mode,
 217:Middlewares/ST/STM32_WPAN/ble/core/auto/ble_gap_aci.c ****                                                    uint8_t MITM_Mode,
 218:Middlewares/ST/STM32_WPAN/ble/core/auto/ble_gap_aci.c ****                                                    uint8_t SC_Support,
 219:Middlewares/ST/STM32_WPAN/ble/core/auto/ble_gap_aci.c ****                                                    uint8_t KeyPress_Notification_Support,
 220:Middlewares/ST/STM32_WPAN/ble/core/auto/ble_gap_aci.c ****                                                    uint8_t Min_Encryption_Key_Size,
 221:Middlewares/ST/STM32_WPAN/ble/core/auto/ble_gap_aci.c ****                                                    uint8_t Max_Encryption_Key_Size,
 222:Middlewares/ST/STM32_WPAN/ble/core/auto/ble_gap_aci.c ****                                                    uint8_t Use_Fixed_Pin,
 223:Middlewares/ST/STM32_WPAN/ble/core/auto/ble_gap_aci.c ****                                                    uint32_t Fixed_Pin,
 224:Middlewares/ST/STM32_WPAN/ble/core/auto/ble_gap_aci.c ****                                                    uint8_t Identity_Address_Type )
 225:Middlewares/ST/STM32_WPAN/ble/core/auto/ble_gap_aci.c **** {
 735              		.loc 1 225 1 is_stmt 1 view -0
 736              		.cfi_startproc
 737              		@ args = 20, pretend = 0, frame = 288
 738              		@ frame_needed = 0, uses_anonymous_args = 0
 739              		.loc 1 225 1 is_stmt 0 view .LVU253
 740 0000 F0B5     		push	{r4, r5, r6, r7, lr}
 741              		.cfi_def_cfa_offset 20
 742              		.cfi_offset 4, -20
 743              		.cfi_offset 5, -16
 744              		.cfi_offset 6, -12
 745              		.cfi_offset 7, -8
 746              		.cfi_offset 14, -4
 747 0002 C9B0     		sub	sp, sp, #292
 748              		.cfi_def_cfa_offset 312
 226:Middlewares/ST/STM32_WPAN/ble/core/auto/ble_gap_aci.c ****   struct hci_request rq;
 749              		.loc 1 226 3 is_stmt 1 view .LVU254
ARM GAS  C:\Users\Nathan\AppData\Local\Temp\ccVQZ1bc.s 			page 18


 227:Middlewares/ST/STM32_WPAN/ble/core/auto/ble_gap_aci.c ****   uint8_t cmd_buffer[BLE_CMD_MAX_PARAM_LEN];
 750              		.loc 1 227 3 view .LVU255
 228:Middlewares/ST/STM32_WPAN/ble/core/auto/ble_gap_aci.c ****   aci_gap_set_authentication_requirement_cp0 *cp0 = (aci_gap_set_authentication_requirement_cp0*)(c
 751              		.loc 1 228 3 view .LVU256
 752              	.LVL80:
 229:Middlewares/ST/STM32_WPAN/ble/core/auto/ble_gap_aci.c ****   tBleStatus status = 0;
 753              		.loc 1 229 3 view .LVU257
 754              		.loc 1 229 14 is_stmt 0 view .LVU258
 755 0004 0DF10707 		add	r7, sp, #7
 756 0008 0025     		movs	r5, #0
 757 000a 8DF80750 		strb	r5, [sp, #7]
 230:Middlewares/ST/STM32_WPAN/ble/core/auto/ble_gap_aci.c ****   int index_input = 0;
 758              		.loc 1 230 3 is_stmt 1 view .LVU259
 759              	.LVL81:
 231:Middlewares/ST/STM32_WPAN/ble/core/auto/ble_gap_aci.c ****   cp0->Bonding_Mode = Bonding_Mode;
 760              		.loc 1 231 3 view .LVU260
 761              		.loc 1 231 21 is_stmt 0 view .LVU261
 762 000e 02AC     		add	r4, sp, #8
 763              	.LVL82:
 764              		.loc 1 231 21 view .LVU262
 765 0010 8DF80800 		strb	r0, [sp, #8]
 232:Middlewares/ST/STM32_WPAN/ble/core/auto/ble_gap_aci.c ****   index_input += 1;
 766              		.loc 1 232 3 is_stmt 1 view .LVU263
 767              	.LVL83:
 233:Middlewares/ST/STM32_WPAN/ble/core/auto/ble_gap_aci.c ****   cp0->MITM_Mode = MITM_Mode;
 768              		.loc 1 233 3 view .LVU264
 769              		.loc 1 233 18 is_stmt 0 view .LVU265
 770 0014 8DF80910 		strb	r1, [sp, #9]
 234:Middlewares/ST/STM32_WPAN/ble/core/auto/ble_gap_aci.c ****   index_input += 1;
 771              		.loc 1 234 3 is_stmt 1 view .LVU266
 772              	.LVL84:
 235:Middlewares/ST/STM32_WPAN/ble/core/auto/ble_gap_aci.c ****   cp0->SC_Support = SC_Support;
 773              		.loc 1 235 3 view .LVU267
 774              		.loc 1 235 19 is_stmt 0 view .LVU268
 775 0018 8DF80A20 		strb	r2, [sp, #10]
 236:Middlewares/ST/STM32_WPAN/ble/core/auto/ble_gap_aci.c ****   index_input += 1;
 776              		.loc 1 236 3 is_stmt 1 view .LVU269
 777              	.LVL85:
 237:Middlewares/ST/STM32_WPAN/ble/core/auto/ble_gap_aci.c ****   cp0->KeyPress_Notification_Support = KeyPress_Notification_Support;
 778              		.loc 1 237 3 view .LVU270
 779              		.loc 1 237 38 is_stmt 0 view .LVU271
 780 001c 8DF80B30 		strb	r3, [sp, #11]
 238:Middlewares/ST/STM32_WPAN/ble/core/auto/ble_gap_aci.c ****   index_input += 1;
 781              		.loc 1 238 3 is_stmt 1 view .LVU272
 782              	.LVL86:
 239:Middlewares/ST/STM32_WPAN/ble/core/auto/ble_gap_aci.c ****   cp0->Min_Encryption_Key_Size = Min_Encryption_Key_Size;
 783              		.loc 1 239 3 view .LVU273
 784              		.loc 1 239 32 is_stmt 0 view .LVU274
 785 0020 9DF83831 		ldrb	r3, [sp, #312]	@ zero_extendqisi2
 786              	.LVL87:
 787              		.loc 1 239 32 view .LVU275
 788 0024 8DF80C30 		strb	r3, [sp, #12]
 240:Middlewares/ST/STM32_WPAN/ble/core/auto/ble_gap_aci.c ****   index_input += 1;
 789              		.loc 1 240 3 is_stmt 1 view .LVU276
 790              	.LVL88:
 241:Middlewares/ST/STM32_WPAN/ble/core/auto/ble_gap_aci.c ****   cp0->Max_Encryption_Key_Size = Max_Encryption_Key_Size;
 791              		.loc 1 241 3 view .LVU277
ARM GAS  C:\Users\Nathan\AppData\Local\Temp\ccVQZ1bc.s 			page 19


 792              		.loc 1 241 32 is_stmt 0 view .LVU278
 793 0028 9DF83C31 		ldrb	r3, [sp, #316]	@ zero_extendqisi2
 794 002c 8DF80D30 		strb	r3, [sp, #13]
 242:Middlewares/ST/STM32_WPAN/ble/core/auto/ble_gap_aci.c ****   index_input += 1;
 795              		.loc 1 242 3 is_stmt 1 view .LVU279
 796              	.LVL89:
 243:Middlewares/ST/STM32_WPAN/ble/core/auto/ble_gap_aci.c ****   cp0->Use_Fixed_Pin = Use_Fixed_Pin;
 797              		.loc 1 243 3 view .LVU280
 798              		.loc 1 243 22 is_stmt 0 view .LVU281
 799 0030 9DF84031 		ldrb	r3, [sp, #320]	@ zero_extendqisi2
 800 0034 8DF80E30 		strb	r3, [sp, #14]
 244:Middlewares/ST/STM32_WPAN/ble/core/auto/ble_gap_aci.c ****   index_input += 1;
 801              		.loc 1 244 3 is_stmt 1 view .LVU282
 802              	.LVL90:
 245:Middlewares/ST/STM32_WPAN/ble/core/auto/ble_gap_aci.c ****   cp0->Fixed_Pin = Fixed_Pin;
 803              		.loc 1 245 3 view .LVU283
 804              		.loc 1 245 18 is_stmt 0 view .LVU284
 805 0038 519B     		ldr	r3, [sp, #324]
 806 003a CDF80F30 		str	r3, [sp, #15]	@ unaligned
 246:Middlewares/ST/STM32_WPAN/ble/core/auto/ble_gap_aci.c ****   index_input += 4;
 807              		.loc 1 246 3 is_stmt 1 view .LVU285
 808              	.LVL91:
 247:Middlewares/ST/STM32_WPAN/ble/core/auto/ble_gap_aci.c ****   cp0->Identity_Address_Type = Identity_Address_Type;
 809              		.loc 1 247 3 view .LVU286
 810              		.loc 1 247 30 is_stmt 0 view .LVU287
 811 003e 9DF84831 		ldrb	r3, [sp, #328]	@ zero_extendqisi2
 812 0042 8DF81330 		strb	r3, [sp, #19]
 248:Middlewares/ST/STM32_WPAN/ble/core/auto/ble_gap_aci.c ****   index_input += 1;
 813              		.loc 1 248 3 is_stmt 1 view .LVU288
 814              	.LVL92:
 249:Middlewares/ST/STM32_WPAN/ble/core/auto/ble_gap_aci.c ****   Osal_MemSet( &rq, 0, sizeof(rq) );
 815              		.loc 1 249 3 view .LVU289
 816 0046 42AE     		add	r6, sp, #264
 817 0048 1822     		movs	r2, #24
 818              	.LVL93:
 819              		.loc 1 249 3 is_stmt 0 view .LVU290
 820 004a 2946     		mov	r1, r5
 821              	.LVL94:
 822              		.loc 1 249 3 view .LVU291
 823 004c 3046     		mov	r0, r6
 824              	.LVL95:
 825              		.loc 1 249 3 view .LVU292
 826 004e FFF7FEFF 		bl	Osal_MemSet
 827              	.LVL96:
 250:Middlewares/ST/STM32_WPAN/ble/core/auto/ble_gap_aci.c ****   rq.ogf = 0x3f;
 828              		.loc 1 250 3 is_stmt 1 view .LVU293
 829              		.loc 1 250 10 is_stmt 0 view .LVU294
 830 0052 3F23     		movs	r3, #63
 831 0054 ADF80831 		strh	r3, [sp, #264]	@ movhi
 251:Middlewares/ST/STM32_WPAN/ble/core/auto/ble_gap_aci.c ****   rq.ocf = 0x086;
 832              		.loc 1 251 3 is_stmt 1 view .LVU295
 833              		.loc 1 251 10 is_stmt 0 view .LVU296
 834 0058 8623     		movs	r3, #134
 835 005a ADF80A31 		strh	r3, [sp, #266]	@ movhi
 252:Middlewares/ST/STM32_WPAN/ble/core/auto/ble_gap_aci.c ****   rq.cparam = cmd_buffer;
 836              		.loc 1 252 3 is_stmt 1 view .LVU297
 837              		.loc 1 252 13 is_stmt 0 view .LVU298
ARM GAS  C:\Users\Nathan\AppData\Local\Temp\ccVQZ1bc.s 			page 20


 838 005e 4494     		str	r4, [sp, #272]
 253:Middlewares/ST/STM32_WPAN/ble/core/auto/ble_gap_aci.c ****   rq.clen = index_input;
 839              		.loc 1 253 3 is_stmt 1 view .LVU299
 840              		.loc 1 253 11 is_stmt 0 view .LVU300
 841 0060 0C23     		movs	r3, #12
 842 0062 4593     		str	r3, [sp, #276]
 254:Middlewares/ST/STM32_WPAN/ble/core/auto/ble_gap_aci.c ****   rq.rparam = &status;
 843              		.loc 1 254 3 is_stmt 1 view .LVU301
 844              		.loc 1 254 13 is_stmt 0 view .LVU302
 845 0064 4697     		str	r7, [sp, #280]
 255:Middlewares/ST/STM32_WPAN/ble/core/auto/ble_gap_aci.c ****   rq.rlen = 1;
 846              		.loc 1 255 3 is_stmt 1 view .LVU303
 847              		.loc 1 255 11 is_stmt 0 view .LVU304
 848 0066 0123     		movs	r3, #1
 849 0068 4793     		str	r3, [sp, #284]
 256:Middlewares/ST/STM32_WPAN/ble/core/auto/ble_gap_aci.c ****   if ( hci_send_req(&rq, FALSE) < 0 )
 850              		.loc 1 256 3 is_stmt 1 view .LVU305
 851              		.loc 1 256 8 is_stmt 0 view .LVU306
 852 006a 2946     		mov	r1, r5
 853 006c 3046     		mov	r0, r6
 854 006e FFF7FEFF 		bl	hci_send_req
 855              	.LVL97:
 856              		.loc 1 256 6 discriminator 1 view .LVU307
 857 0072 A842     		cmp	r0, r5
 858 0074 02DB     		blt	.L23
 257:Middlewares/ST/STM32_WPAN/ble/core/auto/ble_gap_aci.c ****     return BLE_STATUS_TIMEOUT;
 258:Middlewares/ST/STM32_WPAN/ble/core/auto/ble_gap_aci.c ****   return status;
 859              		.loc 1 258 3 is_stmt 1 view .LVU308
 860              		.loc 1 258 10 is_stmt 0 view .LVU309
 861 0076 3878     		ldrb	r0, [r7]	@ zero_extendqisi2
 862              	.L22:
 259:Middlewares/ST/STM32_WPAN/ble/core/auto/ble_gap_aci.c **** }
 863              		.loc 1 259 1 view .LVU310
 864 0078 49B0     		add	sp, sp, #292
 865              		.cfi_remember_state
 866              		.cfi_def_cfa_offset 20
 867              		@ sp needed
 868 007a F0BD     		pop	{r4, r5, r6, r7, pc}
 869              	.LVL98:
 870              	.L23:
 871              		.cfi_restore_state
 257:Middlewares/ST/STM32_WPAN/ble/core/auto/ble_gap_aci.c ****     return BLE_STATUS_TIMEOUT;
 872              		.loc 1 257 12 view .LVU311
 873 007c FF20     		movs	r0, #255
 874 007e FBE7     		b	.L22
 875              		.cfi_endproc
 876              	.LFE5:
 878              		.section	.text.aci_gap_set_authorization_requirement,"ax",%progbits
 879              		.align	1
 880              		.global	aci_gap_set_authorization_requirement
 881              		.syntax unified
 882              		.thumb
 883              		.thumb_func
 885              	aci_gap_set_authorization_requirement:
 886              	.LVL99:
 887              	.LFB6:
 260:Middlewares/ST/STM32_WPAN/ble/core/auto/ble_gap_aci.c **** 
ARM GAS  C:\Users\Nathan\AppData\Local\Temp\ccVQZ1bc.s 			page 21


 261:Middlewares/ST/STM32_WPAN/ble/core/auto/ble_gap_aci.c **** tBleStatus aci_gap_set_authorization_requirement( uint16_t Connection_Handle,
 262:Middlewares/ST/STM32_WPAN/ble/core/auto/ble_gap_aci.c ****                                                   uint8_t Authorization_Enable )
 263:Middlewares/ST/STM32_WPAN/ble/core/auto/ble_gap_aci.c **** {
 888              		.loc 1 263 1 is_stmt 1 view -0
 889              		.cfi_startproc
 890              		@ args = 0, pretend = 0, frame = 288
 891              		@ frame_needed = 0, uses_anonymous_args = 0
 892              		.loc 1 263 1 is_stmt 0 view .LVU313
 893 0000 F0B5     		push	{r4, r5, r6, r7, lr}
 894              		.cfi_def_cfa_offset 20
 895              		.cfi_offset 4, -20
 896              		.cfi_offset 5, -16
 897              		.cfi_offset 6, -12
 898              		.cfi_offset 7, -8
 899              		.cfi_offset 14, -4
 900 0002 C9B0     		sub	sp, sp, #292
 901              		.cfi_def_cfa_offset 312
 264:Middlewares/ST/STM32_WPAN/ble/core/auto/ble_gap_aci.c ****   struct hci_request rq;
 902              		.loc 1 264 3 is_stmt 1 view .LVU314
 265:Middlewares/ST/STM32_WPAN/ble/core/auto/ble_gap_aci.c ****   uint8_t cmd_buffer[BLE_CMD_MAX_PARAM_LEN];
 903              		.loc 1 265 3 view .LVU315
 266:Middlewares/ST/STM32_WPAN/ble/core/auto/ble_gap_aci.c ****   aci_gap_set_authorization_requirement_cp0 *cp0 = (aci_gap_set_authorization_requirement_cp0*)(cmd
 904              		.loc 1 266 3 view .LVU316
 905              	.LVL100:
 267:Middlewares/ST/STM32_WPAN/ble/core/auto/ble_gap_aci.c ****   tBleStatus status = 0;
 906              		.loc 1 267 3 view .LVU317
 907              		.loc 1 267 14 is_stmt 0 view .LVU318
 908 0004 0DF10707 		add	r7, sp, #7
 909 0008 0024     		movs	r4, #0
 910 000a 8DF80740 		strb	r4, [sp, #7]
 268:Middlewares/ST/STM32_WPAN/ble/core/auto/ble_gap_aci.c ****   int index_input = 0;
 911              		.loc 1 268 3 is_stmt 1 view .LVU319
 912              	.LVL101:
 269:Middlewares/ST/STM32_WPAN/ble/core/auto/ble_gap_aci.c ****   cp0->Connection_Handle = Connection_Handle;
 913              		.loc 1 269 3 view .LVU320
 914              		.loc 1 269 26 is_stmt 0 view .LVU321
 915 000e 02AD     		add	r5, sp, #8
 916              	.LVL102:
 917              		.loc 1 269 26 view .LVU322
 918 0010 ADF80800 		strh	r0, [sp, #8]	@ movhi
 270:Middlewares/ST/STM32_WPAN/ble/core/auto/ble_gap_aci.c ****   index_input += 2;
 919              		.loc 1 270 3 is_stmt 1 view .LVU323
 920              	.LVL103:
 271:Middlewares/ST/STM32_WPAN/ble/core/auto/ble_gap_aci.c ****   cp0->Authorization_Enable = Authorization_Enable;
 921              		.loc 1 271 3 view .LVU324
 922              		.loc 1 271 29 is_stmt 0 view .LVU325
 923 0014 8DF80A10 		strb	r1, [sp, #10]
 272:Middlewares/ST/STM32_WPAN/ble/core/auto/ble_gap_aci.c ****   index_input += 1;
 924              		.loc 1 272 3 is_stmt 1 view .LVU326
 925              	.LVL104:
 273:Middlewares/ST/STM32_WPAN/ble/core/auto/ble_gap_aci.c ****   Osal_MemSet( &rq, 0, sizeof(rq) );
 926              		.loc 1 273 3 view .LVU327
 927 0018 42AE     		add	r6, sp, #264
 928 001a 1822     		movs	r2, #24
 929 001c 2146     		mov	r1, r4
 930              	.LVL105:
 931              		.loc 1 273 3 is_stmt 0 view .LVU328
ARM GAS  C:\Users\Nathan\AppData\Local\Temp\ccVQZ1bc.s 			page 22


 932 001e 3046     		mov	r0, r6
 933              	.LVL106:
 934              		.loc 1 273 3 view .LVU329
 935 0020 FFF7FEFF 		bl	Osal_MemSet
 936              	.LVL107:
 274:Middlewares/ST/STM32_WPAN/ble/core/auto/ble_gap_aci.c ****   rq.ogf = 0x3f;
 937              		.loc 1 274 3 is_stmt 1 view .LVU330
 938              		.loc 1 274 10 is_stmt 0 view .LVU331
 939 0024 3F23     		movs	r3, #63
 940 0026 ADF80831 		strh	r3, [sp, #264]	@ movhi
 275:Middlewares/ST/STM32_WPAN/ble/core/auto/ble_gap_aci.c ****   rq.ocf = 0x087;
 941              		.loc 1 275 3 is_stmt 1 view .LVU332
 942              		.loc 1 275 10 is_stmt 0 view .LVU333
 943 002a 8723     		movs	r3, #135
 944 002c ADF80A31 		strh	r3, [sp, #266]	@ movhi
 276:Middlewares/ST/STM32_WPAN/ble/core/auto/ble_gap_aci.c ****   rq.cparam = cmd_buffer;
 945              		.loc 1 276 3 is_stmt 1 view .LVU334
 946              		.loc 1 276 13 is_stmt 0 view .LVU335
 947 0030 4495     		str	r5, [sp, #272]
 277:Middlewares/ST/STM32_WPAN/ble/core/auto/ble_gap_aci.c ****   rq.clen = index_input;
 948              		.loc 1 277 3 is_stmt 1 view .LVU336
 949              		.loc 1 277 11 is_stmt 0 view .LVU337
 950 0032 0323     		movs	r3, #3
 951 0034 4593     		str	r3, [sp, #276]
 278:Middlewares/ST/STM32_WPAN/ble/core/auto/ble_gap_aci.c ****   rq.rparam = &status;
 952              		.loc 1 278 3 is_stmt 1 view .LVU338
 953              		.loc 1 278 13 is_stmt 0 view .LVU339
 954 0036 4697     		str	r7, [sp, #280]
 279:Middlewares/ST/STM32_WPAN/ble/core/auto/ble_gap_aci.c ****   rq.rlen = 1;
 955              		.loc 1 279 3 is_stmt 1 view .LVU340
 956              		.loc 1 279 11 is_stmt 0 view .LVU341
 957 0038 0123     		movs	r3, #1
 958 003a 4793     		str	r3, [sp, #284]
 280:Middlewares/ST/STM32_WPAN/ble/core/auto/ble_gap_aci.c ****   if ( hci_send_req(&rq, FALSE) < 0 )
 959              		.loc 1 280 3 is_stmt 1 view .LVU342
 960              		.loc 1 280 8 is_stmt 0 view .LVU343
 961 003c 2146     		mov	r1, r4
 962 003e 3046     		mov	r0, r6
 963 0040 FFF7FEFF 		bl	hci_send_req
 964              	.LVL108:
 965              		.loc 1 280 6 discriminator 1 view .LVU344
 966 0044 A042     		cmp	r0, r4
 967 0046 02DB     		blt	.L27
 281:Middlewares/ST/STM32_WPAN/ble/core/auto/ble_gap_aci.c ****     return BLE_STATUS_TIMEOUT;
 282:Middlewares/ST/STM32_WPAN/ble/core/auto/ble_gap_aci.c ****   return status;
 968              		.loc 1 282 3 is_stmt 1 view .LVU345
 969              		.loc 1 282 10 is_stmt 0 view .LVU346
 970 0048 3878     		ldrb	r0, [r7]	@ zero_extendqisi2
 971              	.L26:
 283:Middlewares/ST/STM32_WPAN/ble/core/auto/ble_gap_aci.c **** }
 972              		.loc 1 283 1 view .LVU347
 973 004a 49B0     		add	sp, sp, #292
 974              		.cfi_remember_state
 975              		.cfi_def_cfa_offset 20
 976              		@ sp needed
 977 004c F0BD     		pop	{r4, r5, r6, r7, pc}
 978              	.LVL109:
ARM GAS  C:\Users\Nathan\AppData\Local\Temp\ccVQZ1bc.s 			page 23


 979              	.L27:
 980              		.cfi_restore_state
 281:Middlewares/ST/STM32_WPAN/ble/core/auto/ble_gap_aci.c ****     return BLE_STATUS_TIMEOUT;
 981              		.loc 1 281 12 view .LVU348
 982 004e FF20     		movs	r0, #255
 983 0050 FBE7     		b	.L26
 984              		.cfi_endproc
 985              	.LFE6:
 987              		.section	.text.aci_gap_pass_key_resp,"ax",%progbits
 988              		.align	1
 989              		.global	aci_gap_pass_key_resp
 990              		.syntax unified
 991              		.thumb
 992              		.thumb_func
 994              	aci_gap_pass_key_resp:
 995              	.LVL110:
 996              	.LFB7:
 284:Middlewares/ST/STM32_WPAN/ble/core/auto/ble_gap_aci.c **** 
 285:Middlewares/ST/STM32_WPAN/ble/core/auto/ble_gap_aci.c **** tBleStatus aci_gap_pass_key_resp( uint16_t Connection_Handle,
 286:Middlewares/ST/STM32_WPAN/ble/core/auto/ble_gap_aci.c ****                                   uint32_t Pass_Key )
 287:Middlewares/ST/STM32_WPAN/ble/core/auto/ble_gap_aci.c **** {
 997              		.loc 1 287 1 is_stmt 1 view -0
 998              		.cfi_startproc
 999              		@ args = 0, pretend = 0, frame = 288
 1000              		@ frame_needed = 0, uses_anonymous_args = 0
 1001              		.loc 1 287 1 is_stmt 0 view .LVU350
 1002 0000 F0B5     		push	{r4, r5, r6, r7, lr}
 1003              		.cfi_def_cfa_offset 20
 1004              		.cfi_offset 4, -20
 1005              		.cfi_offset 5, -16
 1006              		.cfi_offset 6, -12
 1007              		.cfi_offset 7, -8
 1008              		.cfi_offset 14, -4
 1009 0002 C9B0     		sub	sp, sp, #292
 1010              		.cfi_def_cfa_offset 312
 288:Middlewares/ST/STM32_WPAN/ble/core/auto/ble_gap_aci.c ****   struct hci_request rq;
 1011              		.loc 1 288 3 is_stmt 1 view .LVU351
 289:Middlewares/ST/STM32_WPAN/ble/core/auto/ble_gap_aci.c ****   uint8_t cmd_buffer[BLE_CMD_MAX_PARAM_LEN];
 1012              		.loc 1 289 3 view .LVU352
 290:Middlewares/ST/STM32_WPAN/ble/core/auto/ble_gap_aci.c ****   aci_gap_pass_key_resp_cp0 *cp0 = (aci_gap_pass_key_resp_cp0*)(cmd_buffer);
 1013              		.loc 1 290 3 view .LVU353
 1014              	.LVL111:
 291:Middlewares/ST/STM32_WPAN/ble/core/auto/ble_gap_aci.c ****   tBleStatus status = 0;
 1015              		.loc 1 291 3 view .LVU354
 1016              		.loc 1 291 14 is_stmt 0 view .LVU355
 1017 0004 0DF10707 		add	r7, sp, #7
 1018 0008 0024     		movs	r4, #0
 1019 000a 8DF80740 		strb	r4, [sp, #7]
 292:Middlewares/ST/STM32_WPAN/ble/core/auto/ble_gap_aci.c ****   int index_input = 0;
 1020              		.loc 1 292 3 is_stmt 1 view .LVU356
 1021              	.LVL112:
 293:Middlewares/ST/STM32_WPAN/ble/core/auto/ble_gap_aci.c ****   cp0->Connection_Handle = Connection_Handle;
 1022              		.loc 1 293 3 view .LVU357
 1023              		.loc 1 293 26 is_stmt 0 view .LVU358
 1024 000e 02AD     		add	r5, sp, #8
 1025              	.LVL113:
 1026              		.loc 1 293 26 view .LVU359
ARM GAS  C:\Users\Nathan\AppData\Local\Temp\ccVQZ1bc.s 			page 24


 1027 0010 ADF80800 		strh	r0, [sp, #8]	@ movhi
 294:Middlewares/ST/STM32_WPAN/ble/core/auto/ble_gap_aci.c ****   index_input += 2;
 1028              		.loc 1 294 3 is_stmt 1 view .LVU360
 1029              	.LVL114:
 295:Middlewares/ST/STM32_WPAN/ble/core/auto/ble_gap_aci.c ****   cp0->Pass_Key = Pass_Key;
 1030              		.loc 1 295 3 view .LVU361
 1031              		.loc 1 295 17 is_stmt 0 view .LVU362
 1032 0014 CDF80A10 		str	r1, [sp, #10]	@ unaligned
 296:Middlewares/ST/STM32_WPAN/ble/core/auto/ble_gap_aci.c ****   index_input += 4;
 1033              		.loc 1 296 3 is_stmt 1 view .LVU363
 1034              	.LVL115:
 297:Middlewares/ST/STM32_WPAN/ble/core/auto/ble_gap_aci.c ****   Osal_MemSet( &rq, 0, sizeof(rq) );
 1035              		.loc 1 297 3 view .LVU364
 1036 0018 42AE     		add	r6, sp, #264
 1037 001a 1822     		movs	r2, #24
 1038 001c 2146     		mov	r1, r4
 1039              	.LVL116:
 1040              		.loc 1 297 3 is_stmt 0 view .LVU365
 1041 001e 3046     		mov	r0, r6
 1042              	.LVL117:
 1043              		.loc 1 297 3 view .LVU366
 1044 0020 FFF7FEFF 		bl	Osal_MemSet
 1045              	.LVL118:
 298:Middlewares/ST/STM32_WPAN/ble/core/auto/ble_gap_aci.c ****   rq.ogf = 0x3f;
 1046              		.loc 1 298 3 is_stmt 1 view .LVU367
 1047              		.loc 1 298 10 is_stmt 0 view .LVU368
 1048 0024 3F23     		movs	r3, #63
 1049 0026 ADF80831 		strh	r3, [sp, #264]	@ movhi
 299:Middlewares/ST/STM32_WPAN/ble/core/auto/ble_gap_aci.c ****   rq.ocf = 0x088;
 1050              		.loc 1 299 3 is_stmt 1 view .LVU369
 1051              		.loc 1 299 10 is_stmt 0 view .LVU370
 1052 002a 8823     		movs	r3, #136
 1053 002c ADF80A31 		strh	r3, [sp, #266]	@ movhi
 300:Middlewares/ST/STM32_WPAN/ble/core/auto/ble_gap_aci.c ****   rq.cparam = cmd_buffer;
 1054              		.loc 1 300 3 is_stmt 1 view .LVU371
 1055              		.loc 1 300 13 is_stmt 0 view .LVU372
 1056 0030 4495     		str	r5, [sp, #272]
 301:Middlewares/ST/STM32_WPAN/ble/core/auto/ble_gap_aci.c ****   rq.clen = index_input;
 1057              		.loc 1 301 3 is_stmt 1 view .LVU373
 1058              		.loc 1 301 11 is_stmt 0 view .LVU374
 1059 0032 0623     		movs	r3, #6
 1060 0034 4593     		str	r3, [sp, #276]
 302:Middlewares/ST/STM32_WPAN/ble/core/auto/ble_gap_aci.c ****   rq.rparam = &status;
 1061              		.loc 1 302 3 is_stmt 1 view .LVU375
 1062              		.loc 1 302 13 is_stmt 0 view .LVU376
 1063 0036 4697     		str	r7, [sp, #280]
 303:Middlewares/ST/STM32_WPAN/ble/core/auto/ble_gap_aci.c ****   rq.rlen = 1;
 1064              		.loc 1 303 3 is_stmt 1 view .LVU377
 1065              		.loc 1 303 11 is_stmt 0 view .LVU378
 1066 0038 0123     		movs	r3, #1
 1067 003a 4793     		str	r3, [sp, #284]
 304:Middlewares/ST/STM32_WPAN/ble/core/auto/ble_gap_aci.c ****   if ( hci_send_req(&rq, FALSE) < 0 )
 1068              		.loc 1 304 3 is_stmt 1 view .LVU379
 1069              		.loc 1 304 8 is_stmt 0 view .LVU380
 1070 003c 2146     		mov	r1, r4
 1071 003e 3046     		mov	r0, r6
 1072 0040 FFF7FEFF 		bl	hci_send_req
ARM GAS  C:\Users\Nathan\AppData\Local\Temp\ccVQZ1bc.s 			page 25


 1073              	.LVL119:
 1074              		.loc 1 304 6 discriminator 1 view .LVU381
 1075 0044 A042     		cmp	r0, r4
 1076 0046 02DB     		blt	.L31
 305:Middlewares/ST/STM32_WPAN/ble/core/auto/ble_gap_aci.c ****     return BLE_STATUS_TIMEOUT;
 306:Middlewares/ST/STM32_WPAN/ble/core/auto/ble_gap_aci.c ****   return status;
 1077              		.loc 1 306 3 is_stmt 1 view .LVU382
 1078              		.loc 1 306 10 is_stmt 0 view .LVU383
 1079 0048 3878     		ldrb	r0, [r7]	@ zero_extendqisi2
 1080              	.L30:
 307:Middlewares/ST/STM32_WPAN/ble/core/auto/ble_gap_aci.c **** }
 1081              		.loc 1 307 1 view .LVU384
 1082 004a 49B0     		add	sp, sp, #292
 1083              		.cfi_remember_state
 1084              		.cfi_def_cfa_offset 20
 1085              		@ sp needed
 1086 004c F0BD     		pop	{r4, r5, r6, r7, pc}
 1087              	.LVL120:
 1088              	.L31:
 1089              		.cfi_restore_state
 305:Middlewares/ST/STM32_WPAN/ble/core/auto/ble_gap_aci.c ****     return BLE_STATUS_TIMEOUT;
 1090              		.loc 1 305 12 view .LVU385
 1091 004e FF20     		movs	r0, #255
 1092 0050 FBE7     		b	.L30
 1093              		.cfi_endproc
 1094              	.LFE7:
 1096              		.section	.text.aci_gap_authorization_resp,"ax",%progbits
 1097              		.align	1
 1098              		.global	aci_gap_authorization_resp
 1099              		.syntax unified
 1100              		.thumb
 1101              		.thumb_func
 1103              	aci_gap_authorization_resp:
 1104              	.LVL121:
 1105              	.LFB8:
 308:Middlewares/ST/STM32_WPAN/ble/core/auto/ble_gap_aci.c **** 
 309:Middlewares/ST/STM32_WPAN/ble/core/auto/ble_gap_aci.c **** tBleStatus aci_gap_authorization_resp( uint16_t Connection_Handle,
 310:Middlewares/ST/STM32_WPAN/ble/core/auto/ble_gap_aci.c ****                                        uint8_t Authorize )
 311:Middlewares/ST/STM32_WPAN/ble/core/auto/ble_gap_aci.c **** {
 1106              		.loc 1 311 1 is_stmt 1 view -0
 1107              		.cfi_startproc
 1108              		@ args = 0, pretend = 0, frame = 288
 1109              		@ frame_needed = 0, uses_anonymous_args = 0
 1110              		.loc 1 311 1 is_stmt 0 view .LVU387
 1111 0000 F0B5     		push	{r4, r5, r6, r7, lr}
 1112              		.cfi_def_cfa_offset 20
 1113              		.cfi_offset 4, -20
 1114              		.cfi_offset 5, -16
 1115              		.cfi_offset 6, -12
 1116              		.cfi_offset 7, -8
 1117              		.cfi_offset 14, -4
 1118 0002 C9B0     		sub	sp, sp, #292
 1119              		.cfi_def_cfa_offset 312
 312:Middlewares/ST/STM32_WPAN/ble/core/auto/ble_gap_aci.c ****   struct hci_request rq;
 1120              		.loc 1 312 3 is_stmt 1 view .LVU388
 313:Middlewares/ST/STM32_WPAN/ble/core/auto/ble_gap_aci.c ****   uint8_t cmd_buffer[BLE_CMD_MAX_PARAM_LEN];
 1121              		.loc 1 313 3 view .LVU389
ARM GAS  C:\Users\Nathan\AppData\Local\Temp\ccVQZ1bc.s 			page 26


 314:Middlewares/ST/STM32_WPAN/ble/core/auto/ble_gap_aci.c ****   aci_gap_authorization_resp_cp0 *cp0 = (aci_gap_authorization_resp_cp0*)(cmd_buffer);
 1122              		.loc 1 314 3 view .LVU390
 1123              	.LVL122:
 315:Middlewares/ST/STM32_WPAN/ble/core/auto/ble_gap_aci.c ****   tBleStatus status = 0;
 1124              		.loc 1 315 3 view .LVU391
 1125              		.loc 1 315 14 is_stmt 0 view .LVU392
 1126 0004 0DF10707 		add	r7, sp, #7
 1127 0008 0024     		movs	r4, #0
 1128 000a 8DF80740 		strb	r4, [sp, #7]
 316:Middlewares/ST/STM32_WPAN/ble/core/auto/ble_gap_aci.c ****   int index_input = 0;
 1129              		.loc 1 316 3 is_stmt 1 view .LVU393
 1130              	.LVL123:
 317:Middlewares/ST/STM32_WPAN/ble/core/auto/ble_gap_aci.c ****   cp0->Connection_Handle = Connection_Handle;
 1131              		.loc 1 317 3 view .LVU394
 1132              		.loc 1 317 26 is_stmt 0 view .LVU395
 1133 000e 02AD     		add	r5, sp, #8
 1134              	.LVL124:
 1135              		.loc 1 317 26 view .LVU396
 1136 0010 ADF80800 		strh	r0, [sp, #8]	@ movhi
 318:Middlewares/ST/STM32_WPAN/ble/core/auto/ble_gap_aci.c ****   index_input += 2;
 1137              		.loc 1 318 3 is_stmt 1 view .LVU397
 1138              	.LVL125:
 319:Middlewares/ST/STM32_WPAN/ble/core/auto/ble_gap_aci.c ****   cp0->Authorize = Authorize;
 1139              		.loc 1 319 3 view .LVU398
 1140              		.loc 1 319 18 is_stmt 0 view .LVU399
 1141 0014 8DF80A10 		strb	r1, [sp, #10]
 320:Middlewares/ST/STM32_WPAN/ble/core/auto/ble_gap_aci.c ****   index_input += 1;
 1142              		.loc 1 320 3 is_stmt 1 view .LVU400
 1143              	.LVL126:
 321:Middlewares/ST/STM32_WPAN/ble/core/auto/ble_gap_aci.c ****   Osal_MemSet( &rq, 0, sizeof(rq) );
 1144              		.loc 1 321 3 view .LVU401
 1145 0018 42AE     		add	r6, sp, #264
 1146 001a 1822     		movs	r2, #24
 1147 001c 2146     		mov	r1, r4
 1148              	.LVL127:
 1149              		.loc 1 321 3 is_stmt 0 view .LVU402
 1150 001e 3046     		mov	r0, r6
 1151              	.LVL128:
 1152              		.loc 1 321 3 view .LVU403
 1153 0020 FFF7FEFF 		bl	Osal_MemSet
 1154              	.LVL129:
 322:Middlewares/ST/STM32_WPAN/ble/core/auto/ble_gap_aci.c ****   rq.ogf = 0x3f;
 1155              		.loc 1 322 3 is_stmt 1 view .LVU404
 1156              		.loc 1 322 10 is_stmt 0 view .LVU405
 1157 0024 3F23     		movs	r3, #63
 1158 0026 ADF80831 		strh	r3, [sp, #264]	@ movhi
 323:Middlewares/ST/STM32_WPAN/ble/core/auto/ble_gap_aci.c ****   rq.ocf = 0x089;
 1159              		.loc 1 323 3 is_stmt 1 view .LVU406
 1160              		.loc 1 323 10 is_stmt 0 view .LVU407
 1161 002a 8923     		movs	r3, #137
 1162 002c ADF80A31 		strh	r3, [sp, #266]	@ movhi
 324:Middlewares/ST/STM32_WPAN/ble/core/auto/ble_gap_aci.c ****   rq.cparam = cmd_buffer;
 1163              		.loc 1 324 3 is_stmt 1 view .LVU408
 1164              		.loc 1 324 13 is_stmt 0 view .LVU409
 1165 0030 4495     		str	r5, [sp, #272]
 325:Middlewares/ST/STM32_WPAN/ble/core/auto/ble_gap_aci.c ****   rq.clen = index_input;
 1166              		.loc 1 325 3 is_stmt 1 view .LVU410
ARM GAS  C:\Users\Nathan\AppData\Local\Temp\ccVQZ1bc.s 			page 27


 1167              		.loc 1 325 11 is_stmt 0 view .LVU411
 1168 0032 0323     		movs	r3, #3
 1169 0034 4593     		str	r3, [sp, #276]
 326:Middlewares/ST/STM32_WPAN/ble/core/auto/ble_gap_aci.c ****   rq.rparam = &status;
 1170              		.loc 1 326 3 is_stmt 1 view .LVU412
 1171              		.loc 1 326 13 is_stmt 0 view .LVU413
 1172 0036 4697     		str	r7, [sp, #280]
 327:Middlewares/ST/STM32_WPAN/ble/core/auto/ble_gap_aci.c ****   rq.rlen = 1;
 1173              		.loc 1 327 3 is_stmt 1 view .LVU414
 1174              		.loc 1 327 11 is_stmt 0 view .LVU415
 1175 0038 0123     		movs	r3, #1
 1176 003a 4793     		str	r3, [sp, #284]
 328:Middlewares/ST/STM32_WPAN/ble/core/auto/ble_gap_aci.c ****   if ( hci_send_req(&rq, FALSE) < 0 )
 1177              		.loc 1 328 3 is_stmt 1 view .LVU416
 1178              		.loc 1 328 8 is_stmt 0 view .LVU417
 1179 003c 2146     		mov	r1, r4
 1180 003e 3046     		mov	r0, r6
 1181 0040 FFF7FEFF 		bl	hci_send_req
 1182              	.LVL130:
 1183              		.loc 1 328 6 discriminator 1 view .LVU418
 1184 0044 A042     		cmp	r0, r4
 1185 0046 02DB     		blt	.L35
 329:Middlewares/ST/STM32_WPAN/ble/core/auto/ble_gap_aci.c ****     return BLE_STATUS_TIMEOUT;
 330:Middlewares/ST/STM32_WPAN/ble/core/auto/ble_gap_aci.c ****   return status;
 1186              		.loc 1 330 3 is_stmt 1 view .LVU419
 1187              		.loc 1 330 10 is_stmt 0 view .LVU420
 1188 0048 3878     		ldrb	r0, [r7]	@ zero_extendqisi2
 1189              	.L34:
 331:Middlewares/ST/STM32_WPAN/ble/core/auto/ble_gap_aci.c **** }
 1190              		.loc 1 331 1 view .LVU421
 1191 004a 49B0     		add	sp, sp, #292
 1192              		.cfi_remember_state
 1193              		.cfi_def_cfa_offset 20
 1194              		@ sp needed
 1195 004c F0BD     		pop	{r4, r5, r6, r7, pc}
 1196              	.LVL131:
 1197              	.L35:
 1198              		.cfi_restore_state
 329:Middlewares/ST/STM32_WPAN/ble/core/auto/ble_gap_aci.c ****     return BLE_STATUS_TIMEOUT;
 1199              		.loc 1 329 12 view .LVU422
 1200 004e FF20     		movs	r0, #255
 1201 0050 FBE7     		b	.L34
 1202              		.cfi_endproc
 1203              	.LFE8:
 1205              		.section	.text.aci_gap_init,"ax",%progbits
 1206              		.align	1
 1207              		.global	aci_gap_init
 1208              		.syntax unified
 1209              		.thumb
 1210              		.thumb_func
 1212              	aci_gap_init:
 1213              	.LVL132:
 1214              	.LFB9:
 332:Middlewares/ST/STM32_WPAN/ble/core/auto/ble_gap_aci.c **** 
 333:Middlewares/ST/STM32_WPAN/ble/core/auto/ble_gap_aci.c **** tBleStatus aci_gap_init( uint8_t Role,
 334:Middlewares/ST/STM32_WPAN/ble/core/auto/ble_gap_aci.c ****                          uint8_t privacy_enabled,
 335:Middlewares/ST/STM32_WPAN/ble/core/auto/ble_gap_aci.c ****                          uint8_t device_name_char_len,
ARM GAS  C:\Users\Nathan\AppData\Local\Temp\ccVQZ1bc.s 			page 28


 336:Middlewares/ST/STM32_WPAN/ble/core/auto/ble_gap_aci.c ****                          uint16_t* Service_Handle,
 337:Middlewares/ST/STM32_WPAN/ble/core/auto/ble_gap_aci.c ****                          uint16_t* Dev_Name_Char_Handle,
 338:Middlewares/ST/STM32_WPAN/ble/core/auto/ble_gap_aci.c ****                          uint16_t* Appearance_Char_Handle )
 339:Middlewares/ST/STM32_WPAN/ble/core/auto/ble_gap_aci.c **** {
 1215              		.loc 1 339 1 is_stmt 1 view -0
 1216              		.cfi_startproc
 1217              		@ args = 8, pretend = 0, frame = 288
 1218              		@ frame_needed = 0, uses_anonymous_args = 0
 1219              		.loc 1 339 1 is_stmt 0 view .LVU424
 1220 0000 2DE9F043 		push	{r4, r5, r6, r7, r8, r9, lr}
 1221              		.cfi_def_cfa_offset 28
 1222              		.cfi_offset 4, -28
 1223              		.cfi_offset 5, -24
 1224              		.cfi_offset 6, -20
 1225              		.cfi_offset 7, -16
 1226              		.cfi_offset 8, -12
 1227              		.cfi_offset 9, -8
 1228              		.cfi_offset 14, -4
 1229 0004 C9B0     		sub	sp, sp, #292
 1230              		.cfi_def_cfa_offset 320
 1231 0006 8046     		mov	r8, r0
 1232 0008 0F46     		mov	r7, r1
 1233 000a 1546     		mov	r5, r2
 1234 000c 9946     		mov	r9, r3
 340:Middlewares/ST/STM32_WPAN/ble/core/auto/ble_gap_aci.c ****   struct hci_request rq;
 1235              		.loc 1 340 3 is_stmt 1 view .LVU425
 341:Middlewares/ST/STM32_WPAN/ble/core/auto/ble_gap_aci.c ****   uint8_t cmd_buffer[BLE_CMD_MAX_PARAM_LEN];
 1236              		.loc 1 341 3 view .LVU426
 342:Middlewares/ST/STM32_WPAN/ble/core/auto/ble_gap_aci.c ****   aci_gap_init_cp0 *cp0 = (aci_gap_init_cp0*)(cmd_buffer);
 1237              		.loc 1 342 3 view .LVU427
 1238              	.LVL133:
 343:Middlewares/ST/STM32_WPAN/ble/core/auto/ble_gap_aci.c ****   aci_gap_init_rp0 resp;
 1239              		.loc 1 343 3 view .LVU428
 344:Middlewares/ST/STM32_WPAN/ble/core/auto/ble_gap_aci.c ****   Osal_MemSet( &resp, 0, sizeof(resp) );
 1240              		.loc 1 344 3 view .LVU429
 1241 000e 0722     		movs	r2, #7
 1242              	.LVL134:
 1243              		.loc 1 344 3 is_stmt 0 view .LVU430
 1244 0010 0021     		movs	r1, #0
 1245              	.LVL135:
 1246              		.loc 1 344 3 view .LVU431
 1247 0012 6846     		mov	r0, sp
 1248              	.LVL136:
 1249              		.loc 1 344 3 view .LVU432
 1250 0014 FFF7FEFF 		bl	Osal_MemSet
 1251              	.LVL137:
 345:Middlewares/ST/STM32_WPAN/ble/core/auto/ble_gap_aci.c ****   int index_input = 0;
 1252              		.loc 1 345 3 is_stmt 1 view .LVU433
 346:Middlewares/ST/STM32_WPAN/ble/core/auto/ble_gap_aci.c ****   cp0->Role = Role;
 1253              		.loc 1 346 3 view .LVU434
 1254              		.loc 1 346 13 is_stmt 0 view .LVU435
 1255 0018 02AC     		add	r4, sp, #8
 1256              	.LVL138:
 1257              		.loc 1 346 13 view .LVU436
 1258 001a 8DF80880 		strb	r8, [sp, #8]
 347:Middlewares/ST/STM32_WPAN/ble/core/auto/ble_gap_aci.c ****   index_input += 1;
 1259              		.loc 1 347 3 is_stmt 1 view .LVU437
ARM GAS  C:\Users\Nathan\AppData\Local\Temp\ccVQZ1bc.s 			page 29


 1260              	.LVL139:
 348:Middlewares/ST/STM32_WPAN/ble/core/auto/ble_gap_aci.c ****   cp0->privacy_enabled = privacy_enabled;
 1261              		.loc 1 348 3 view .LVU438
 1262              		.loc 1 348 24 is_stmt 0 view .LVU439
 1263 001e 8DF80970 		strb	r7, [sp, #9]
 349:Middlewares/ST/STM32_WPAN/ble/core/auto/ble_gap_aci.c ****   index_input += 1;
 1264              		.loc 1 349 3 is_stmt 1 view .LVU440
 1265              	.LVL140:
 350:Middlewares/ST/STM32_WPAN/ble/core/auto/ble_gap_aci.c ****   cp0->device_name_char_len = device_name_char_len;
 1266              		.loc 1 350 3 view .LVU441
 1267              		.loc 1 350 29 is_stmt 0 view .LVU442
 1268 0022 8DF80A50 		strb	r5, [sp, #10]
 351:Middlewares/ST/STM32_WPAN/ble/core/auto/ble_gap_aci.c ****   index_input += 1;
 1269              		.loc 1 351 3 is_stmt 1 view .LVU443
 1270              	.LVL141:
 352:Middlewares/ST/STM32_WPAN/ble/core/auto/ble_gap_aci.c ****   Osal_MemSet( &rq, 0, sizeof(rq) );
 1271              		.loc 1 352 3 view .LVU444
 1272 0026 42AD     		add	r5, sp, #264
 1273              	.LVL142:
 1274              		.loc 1 352 3 is_stmt 0 view .LVU445
 1275 0028 1822     		movs	r2, #24
 1276 002a 0021     		movs	r1, #0
 1277 002c 2846     		mov	r0, r5
 1278 002e FFF7FEFF 		bl	Osal_MemSet
 1279              	.LVL143:
 353:Middlewares/ST/STM32_WPAN/ble/core/auto/ble_gap_aci.c ****   rq.ogf = 0x3f;
 1280              		.loc 1 353 3 is_stmt 1 view .LVU446
 1281              		.loc 1 353 10 is_stmt 0 view .LVU447
 1282 0032 3F23     		movs	r3, #63
 1283 0034 ADF80831 		strh	r3, [sp, #264]	@ movhi
 354:Middlewares/ST/STM32_WPAN/ble/core/auto/ble_gap_aci.c ****   rq.ocf = 0x08a;
 1284              		.loc 1 354 3 is_stmt 1 view .LVU448
 1285              		.loc 1 354 10 is_stmt 0 view .LVU449
 1286 0038 8A23     		movs	r3, #138
 1287 003a ADF80A31 		strh	r3, [sp, #266]	@ movhi
 355:Middlewares/ST/STM32_WPAN/ble/core/auto/ble_gap_aci.c ****   rq.cparam = cmd_buffer;
 1288              		.loc 1 355 3 is_stmt 1 view .LVU450
 1289              		.loc 1 355 13 is_stmt 0 view .LVU451
 1290 003e 4494     		str	r4, [sp, #272]
 356:Middlewares/ST/STM32_WPAN/ble/core/auto/ble_gap_aci.c ****   rq.clen = index_input;
 1291              		.loc 1 356 3 is_stmt 1 view .LVU452
 1292              		.loc 1 356 11 is_stmt 0 view .LVU453
 1293 0040 0323     		movs	r3, #3
 1294 0042 4593     		str	r3, [sp, #276]
 357:Middlewares/ST/STM32_WPAN/ble/core/auto/ble_gap_aci.c ****   rq.rparam = &resp;
 1295              		.loc 1 357 3 is_stmt 1 view .LVU454
 1296              		.loc 1 357 13 is_stmt 0 view .LVU455
 1297 0044 CDF818D1 		str	sp, [sp, #280]
 358:Middlewares/ST/STM32_WPAN/ble/core/auto/ble_gap_aci.c ****   rq.rlen = sizeof(resp);
 1298              		.loc 1 358 3 is_stmt 1 view .LVU456
 1299              		.loc 1 358 11 is_stmt 0 view .LVU457
 1300 0048 0723     		movs	r3, #7
 1301 004a 4793     		str	r3, [sp, #284]
 359:Middlewares/ST/STM32_WPAN/ble/core/auto/ble_gap_aci.c ****   if ( hci_send_req(&rq, FALSE) < 0 )
 1302              		.loc 1 359 3 is_stmt 1 view .LVU458
 1303              		.loc 1 359 8 is_stmt 0 view .LVU459
 1304 004c 0021     		movs	r1, #0
ARM GAS  C:\Users\Nathan\AppData\Local\Temp\ccVQZ1bc.s 			page 30


 1305 004e 2846     		mov	r0, r5
 1306 0050 FFF7FEFF 		bl	hci_send_req
 1307              	.LVL144:
 1308              		.loc 1 359 6 discriminator 1 view .LVU460
 1309 0054 0028     		cmp	r0, #0
 1310 0056 11DB     		blt	.L39
 360:Middlewares/ST/STM32_WPAN/ble/core/auto/ble_gap_aci.c ****     return BLE_STATUS_TIMEOUT;
 361:Middlewares/ST/STM32_WPAN/ble/core/auto/ble_gap_aci.c ****   if ( resp.Status )
 1311              		.loc 1 361 3 is_stmt 1 view .LVU461
 1312              		.loc 1 361 12 is_stmt 0 view .LVU462
 1313 0058 9DF80000 		ldrb	r0, [sp]	@ zero_extendqisi2
 1314              		.loc 1 361 6 view .LVU463
 1315 005c 58B9     		cbnz	r0, .L38
 362:Middlewares/ST/STM32_WPAN/ble/core/auto/ble_gap_aci.c ****     return resp.Status;
 363:Middlewares/ST/STM32_WPAN/ble/core/auto/ble_gap_aci.c ****   *Service_Handle = resp.Service_Handle;
 1316              		.loc 1 363 3 is_stmt 1 view .LVU464
 1317              		.loc 1 363 25 is_stmt 0 view .LVU465
 1318 005e BDF80120 		ldrh	r2, [sp, #1]	@ unaligned
 1319              		.loc 1 363 19 view .LVU466
 1320 0062 A9F80020 		strh	r2, [r9]	@ movhi
 364:Middlewares/ST/STM32_WPAN/ble/core/auto/ble_gap_aci.c ****   *Dev_Name_Char_Handle = resp.Dev_Name_Char_Handle;
 1321              		.loc 1 364 3 is_stmt 1 view .LVU467
 1322              		.loc 1 364 31 is_stmt 0 view .LVU468
 1323 0066 BDF80310 		ldrh	r1, [sp, #3]	@ unaligned
 1324              		.loc 1 364 25 view .LVU469
 1325 006a 509A     		ldr	r2, [sp, #320]
 1326 006c 1180     		strh	r1, [r2]	@ movhi
 365:Middlewares/ST/STM32_WPAN/ble/core/auto/ble_gap_aci.c ****   *Appearance_Char_Handle = resp.Appearance_Char_Handle;
 1327              		.loc 1 365 3 is_stmt 1 view .LVU470
 1328              		.loc 1 365 33 is_stmt 0 view .LVU471
 1329 006e BDF80520 		ldrh	r2, [sp, #5]	@ unaligned
 1330              		.loc 1 365 27 view .LVU472
 1331 0072 519B     		ldr	r3, [sp, #324]
 1332 0074 1A80     		strh	r2, [r3]	@ movhi
 366:Middlewares/ST/STM32_WPAN/ble/core/auto/ble_gap_aci.c ****   return BLE_STATUS_SUCCESS;
 1333              		.loc 1 366 3 is_stmt 1 view .LVU473
 1334              	.L38:
 367:Middlewares/ST/STM32_WPAN/ble/core/auto/ble_gap_aci.c **** }
 1335              		.loc 1 367 1 is_stmt 0 view .LVU474
 1336 0076 49B0     		add	sp, sp, #292
 1337              		.cfi_remember_state
 1338              		.cfi_def_cfa_offset 28
 1339              		@ sp needed
 1340 0078 BDE8F083 		pop	{r4, r5, r6, r7, r8, r9, pc}
 1341              	.LVL145:
 1342              	.L39:
 1343              		.cfi_restore_state
 360:Middlewares/ST/STM32_WPAN/ble/core/auto/ble_gap_aci.c ****   if ( resp.Status )
 1344              		.loc 1 360 12 view .LVU475
 1345 007c FF20     		movs	r0, #255
 1346 007e FAE7     		b	.L38
 1347              		.cfi_endproc
 1348              	.LFE9:
 1350              		.section	.text.aci_gap_set_non_connectable,"ax",%progbits
 1351              		.align	1
 1352              		.global	aci_gap_set_non_connectable
 1353              		.syntax unified
ARM GAS  C:\Users\Nathan\AppData\Local\Temp\ccVQZ1bc.s 			page 31


 1354              		.thumb
 1355              		.thumb_func
 1357              	aci_gap_set_non_connectable:
 1358              	.LVL146:
 1359              	.LFB10:
 368:Middlewares/ST/STM32_WPAN/ble/core/auto/ble_gap_aci.c **** 
 369:Middlewares/ST/STM32_WPAN/ble/core/auto/ble_gap_aci.c **** tBleStatus aci_gap_set_non_connectable( uint8_t Advertising_Event_Type,
 370:Middlewares/ST/STM32_WPAN/ble/core/auto/ble_gap_aci.c ****                                         uint8_t Own_Address_Type )
 371:Middlewares/ST/STM32_WPAN/ble/core/auto/ble_gap_aci.c **** {
 1360              		.loc 1 371 1 is_stmt 1 view -0
 1361              		.cfi_startproc
 1362              		@ args = 0, pretend = 0, frame = 288
 1363              		@ frame_needed = 0, uses_anonymous_args = 0
 1364              		.loc 1 371 1 is_stmt 0 view .LVU477
 1365 0000 F0B5     		push	{r4, r5, r6, r7, lr}
 1366              		.cfi_def_cfa_offset 20
 1367              		.cfi_offset 4, -20
 1368              		.cfi_offset 5, -16
 1369              		.cfi_offset 6, -12
 1370              		.cfi_offset 7, -8
 1371              		.cfi_offset 14, -4
 1372 0002 C9B0     		sub	sp, sp, #292
 1373              		.cfi_def_cfa_offset 312
 372:Middlewares/ST/STM32_WPAN/ble/core/auto/ble_gap_aci.c ****   struct hci_request rq;
 1374              		.loc 1 372 3 is_stmt 1 view .LVU478
 373:Middlewares/ST/STM32_WPAN/ble/core/auto/ble_gap_aci.c ****   uint8_t cmd_buffer[BLE_CMD_MAX_PARAM_LEN];
 1375              		.loc 1 373 3 view .LVU479
 374:Middlewares/ST/STM32_WPAN/ble/core/auto/ble_gap_aci.c ****   aci_gap_set_non_connectable_cp0 *cp0 = (aci_gap_set_non_connectable_cp0*)(cmd_buffer);
 1376              		.loc 1 374 3 view .LVU480
 1377              	.LVL147:
 375:Middlewares/ST/STM32_WPAN/ble/core/auto/ble_gap_aci.c ****   tBleStatus status = 0;
 1378              		.loc 1 375 3 view .LVU481
 1379              		.loc 1 375 14 is_stmt 0 view .LVU482
 1380 0004 0DF10707 		add	r7, sp, #7
 1381 0008 0024     		movs	r4, #0
 1382 000a 8DF80740 		strb	r4, [sp, #7]
 376:Middlewares/ST/STM32_WPAN/ble/core/auto/ble_gap_aci.c ****   int index_input = 0;
 1383              		.loc 1 376 3 is_stmt 1 view .LVU483
 1384              	.LVL148:
 377:Middlewares/ST/STM32_WPAN/ble/core/auto/ble_gap_aci.c ****   cp0->Advertising_Event_Type = Advertising_Event_Type;
 1385              		.loc 1 377 3 view .LVU484
 1386              		.loc 1 377 31 is_stmt 0 view .LVU485
 1387 000e 02AD     		add	r5, sp, #8
 1388              	.LVL149:
 1389              		.loc 1 377 31 view .LVU486
 1390 0010 8DF80800 		strb	r0, [sp, #8]
 378:Middlewares/ST/STM32_WPAN/ble/core/auto/ble_gap_aci.c ****   index_input += 1;
 1391              		.loc 1 378 3 is_stmt 1 view .LVU487
 1392              	.LVL150:
 379:Middlewares/ST/STM32_WPAN/ble/core/auto/ble_gap_aci.c ****   cp0->Own_Address_Type = Own_Address_Type;
 1393              		.loc 1 379 3 view .LVU488
 1394              		.loc 1 379 25 is_stmt 0 view .LVU489
 1395 0014 8DF80910 		strb	r1, [sp, #9]
 380:Middlewares/ST/STM32_WPAN/ble/core/auto/ble_gap_aci.c ****   index_input += 1;
 1396              		.loc 1 380 3 is_stmt 1 view .LVU490
 1397              	.LVL151:
 381:Middlewares/ST/STM32_WPAN/ble/core/auto/ble_gap_aci.c ****   Osal_MemSet( &rq, 0, sizeof(rq) );
ARM GAS  C:\Users\Nathan\AppData\Local\Temp\ccVQZ1bc.s 			page 32


 1398              		.loc 1 381 3 view .LVU491
 1399 0018 42AE     		add	r6, sp, #264
 1400 001a 1822     		movs	r2, #24
 1401 001c 2146     		mov	r1, r4
 1402              	.LVL152:
 1403              		.loc 1 381 3 is_stmt 0 view .LVU492
 1404 001e 3046     		mov	r0, r6
 1405              	.LVL153:
 1406              		.loc 1 381 3 view .LVU493
 1407 0020 FFF7FEFF 		bl	Osal_MemSet
 1408              	.LVL154:
 382:Middlewares/ST/STM32_WPAN/ble/core/auto/ble_gap_aci.c ****   rq.ogf = 0x3f;
 1409              		.loc 1 382 3 is_stmt 1 view .LVU494
 1410              		.loc 1 382 10 is_stmt 0 view .LVU495
 1411 0024 3F23     		movs	r3, #63
 1412 0026 ADF80831 		strh	r3, [sp, #264]	@ movhi
 383:Middlewares/ST/STM32_WPAN/ble/core/auto/ble_gap_aci.c ****   rq.ocf = 0x08b;
 1413              		.loc 1 383 3 is_stmt 1 view .LVU496
 1414              		.loc 1 383 10 is_stmt 0 view .LVU497
 1415 002a 8B23     		movs	r3, #139
 1416 002c ADF80A31 		strh	r3, [sp, #266]	@ movhi
 384:Middlewares/ST/STM32_WPAN/ble/core/auto/ble_gap_aci.c ****   rq.cparam = cmd_buffer;
 1417              		.loc 1 384 3 is_stmt 1 view .LVU498
 1418              		.loc 1 384 13 is_stmt 0 view .LVU499
 1419 0030 4495     		str	r5, [sp, #272]
 385:Middlewares/ST/STM32_WPAN/ble/core/auto/ble_gap_aci.c ****   rq.clen = index_input;
 1420              		.loc 1 385 3 is_stmt 1 view .LVU500
 1421              		.loc 1 385 11 is_stmt 0 view .LVU501
 1422 0032 0223     		movs	r3, #2
 1423 0034 4593     		str	r3, [sp, #276]
 386:Middlewares/ST/STM32_WPAN/ble/core/auto/ble_gap_aci.c ****   rq.rparam = &status;
 1424              		.loc 1 386 3 is_stmt 1 view .LVU502
 1425              		.loc 1 386 13 is_stmt 0 view .LVU503
 1426 0036 4697     		str	r7, [sp, #280]
 387:Middlewares/ST/STM32_WPAN/ble/core/auto/ble_gap_aci.c ****   rq.rlen = 1;
 1427              		.loc 1 387 3 is_stmt 1 view .LVU504
 1428              		.loc 1 387 11 is_stmt 0 view .LVU505
 1429 0038 0123     		movs	r3, #1
 1430 003a 4793     		str	r3, [sp, #284]
 388:Middlewares/ST/STM32_WPAN/ble/core/auto/ble_gap_aci.c ****   if ( hci_send_req(&rq, FALSE) < 0 )
 1431              		.loc 1 388 3 is_stmt 1 view .LVU506
 1432              		.loc 1 388 8 is_stmt 0 view .LVU507
 1433 003c 2146     		mov	r1, r4
 1434 003e 3046     		mov	r0, r6
 1435 0040 FFF7FEFF 		bl	hci_send_req
 1436              	.LVL155:
 1437              		.loc 1 388 6 discriminator 1 view .LVU508
 1438 0044 A042     		cmp	r0, r4
 1439 0046 02DB     		blt	.L43
 389:Middlewares/ST/STM32_WPAN/ble/core/auto/ble_gap_aci.c ****     return BLE_STATUS_TIMEOUT;
 390:Middlewares/ST/STM32_WPAN/ble/core/auto/ble_gap_aci.c ****   return status;
 1440              		.loc 1 390 3 is_stmt 1 view .LVU509
 1441              		.loc 1 390 10 is_stmt 0 view .LVU510
 1442 0048 3878     		ldrb	r0, [r7]	@ zero_extendqisi2
 1443              	.L42:
 391:Middlewares/ST/STM32_WPAN/ble/core/auto/ble_gap_aci.c **** }
 1444              		.loc 1 391 1 view .LVU511
ARM GAS  C:\Users\Nathan\AppData\Local\Temp\ccVQZ1bc.s 			page 33


 1445 004a 49B0     		add	sp, sp, #292
 1446              		.cfi_remember_state
 1447              		.cfi_def_cfa_offset 20
 1448              		@ sp needed
 1449 004c F0BD     		pop	{r4, r5, r6, r7, pc}
 1450              	.LVL156:
 1451              	.L43:
 1452              		.cfi_restore_state
 389:Middlewares/ST/STM32_WPAN/ble/core/auto/ble_gap_aci.c ****     return BLE_STATUS_TIMEOUT;
 1453              		.loc 1 389 12 view .LVU512
 1454 004e FF20     		movs	r0, #255
 1455 0050 FBE7     		b	.L42
 1456              		.cfi_endproc
 1457              	.LFE10:
 1459              		.section	.text.aci_gap_set_undirected_connectable,"ax",%progbits
 1460              		.align	1
 1461              		.global	aci_gap_set_undirected_connectable
 1462              		.syntax unified
 1463              		.thumb
 1464              		.thumb_func
 1466              	aci_gap_set_undirected_connectable:
 1467              	.LVL157:
 1468              	.LFB11:
 392:Middlewares/ST/STM32_WPAN/ble/core/auto/ble_gap_aci.c **** 
 393:Middlewares/ST/STM32_WPAN/ble/core/auto/ble_gap_aci.c **** tBleStatus aci_gap_set_undirected_connectable( uint16_t Advertising_Interval_Min,
 394:Middlewares/ST/STM32_WPAN/ble/core/auto/ble_gap_aci.c ****                                                uint16_t Advertising_Interval_Max,
 395:Middlewares/ST/STM32_WPAN/ble/core/auto/ble_gap_aci.c ****                                                uint8_t Own_Address_Type,
 396:Middlewares/ST/STM32_WPAN/ble/core/auto/ble_gap_aci.c ****                                                uint8_t Adv_Filter_Policy )
 397:Middlewares/ST/STM32_WPAN/ble/core/auto/ble_gap_aci.c **** {
 1469              		.loc 1 397 1 is_stmt 1 view -0
 1470              		.cfi_startproc
 1471              		@ args = 0, pretend = 0, frame = 288
 1472              		@ frame_needed = 0, uses_anonymous_args = 0
 1473              		.loc 1 397 1 is_stmt 0 view .LVU514
 1474 0000 F0B5     		push	{r4, r5, r6, r7, lr}
 1475              		.cfi_def_cfa_offset 20
 1476              		.cfi_offset 4, -20
 1477              		.cfi_offset 5, -16
 1478              		.cfi_offset 6, -12
 1479              		.cfi_offset 7, -8
 1480              		.cfi_offset 14, -4
 1481 0002 C9B0     		sub	sp, sp, #292
 1482              		.cfi_def_cfa_offset 312
 398:Middlewares/ST/STM32_WPAN/ble/core/auto/ble_gap_aci.c ****   struct hci_request rq;
 1483              		.loc 1 398 3 is_stmt 1 view .LVU515
 399:Middlewares/ST/STM32_WPAN/ble/core/auto/ble_gap_aci.c ****   uint8_t cmd_buffer[BLE_CMD_MAX_PARAM_LEN];
 1484              		.loc 1 399 3 view .LVU516
 400:Middlewares/ST/STM32_WPAN/ble/core/auto/ble_gap_aci.c ****   aci_gap_set_undirected_connectable_cp0 *cp0 = (aci_gap_set_undirected_connectable_cp0*)(cmd_buffe
 1485              		.loc 1 400 3 view .LVU517
 1486              	.LVL158:
 401:Middlewares/ST/STM32_WPAN/ble/core/auto/ble_gap_aci.c ****   tBleStatus status = 0;
 1487              		.loc 1 401 3 view .LVU518
 1488              		.loc 1 401 14 is_stmt 0 view .LVU519
 1489 0004 0DF10707 		add	r7, sp, #7
 1490 0008 0025     		movs	r5, #0
 1491 000a 8DF80750 		strb	r5, [sp, #7]
 402:Middlewares/ST/STM32_WPAN/ble/core/auto/ble_gap_aci.c ****   int index_input = 0;
ARM GAS  C:\Users\Nathan\AppData\Local\Temp\ccVQZ1bc.s 			page 34


 1492              		.loc 1 402 3 is_stmt 1 view .LVU520
 1493              	.LVL159:
 403:Middlewares/ST/STM32_WPAN/ble/core/auto/ble_gap_aci.c ****   cp0->Advertising_Interval_Min = Advertising_Interval_Min;
 1494              		.loc 1 403 3 view .LVU521
 1495              		.loc 1 403 33 is_stmt 0 view .LVU522
 1496 000e 02AC     		add	r4, sp, #8
 1497              	.LVL160:
 1498              		.loc 1 403 33 view .LVU523
 1499 0010 ADF80800 		strh	r0, [sp, #8]	@ movhi
 404:Middlewares/ST/STM32_WPAN/ble/core/auto/ble_gap_aci.c ****   index_input += 2;
 1500              		.loc 1 404 3 is_stmt 1 view .LVU524
 1501              	.LVL161:
 405:Middlewares/ST/STM32_WPAN/ble/core/auto/ble_gap_aci.c ****   cp0->Advertising_Interval_Max = Advertising_Interval_Max;
 1502              		.loc 1 405 3 view .LVU525
 1503              		.loc 1 405 33 is_stmt 0 view .LVU526
 1504 0014 ADF80A10 		strh	r1, [sp, #10]	@ movhi
 406:Middlewares/ST/STM32_WPAN/ble/core/auto/ble_gap_aci.c ****   index_input += 2;
 1505              		.loc 1 406 3 is_stmt 1 view .LVU527
 1506              	.LVL162:
 407:Middlewares/ST/STM32_WPAN/ble/core/auto/ble_gap_aci.c ****   cp0->Own_Address_Type = Own_Address_Type;
 1507              		.loc 1 407 3 view .LVU528
 1508              		.loc 1 407 25 is_stmt 0 view .LVU529
 1509 0018 8DF80C20 		strb	r2, [sp, #12]
 408:Middlewares/ST/STM32_WPAN/ble/core/auto/ble_gap_aci.c ****   index_input += 1;
 1510              		.loc 1 408 3 is_stmt 1 view .LVU530
 1511              	.LVL163:
 409:Middlewares/ST/STM32_WPAN/ble/core/auto/ble_gap_aci.c ****   cp0->Adv_Filter_Policy = Adv_Filter_Policy;
 1512              		.loc 1 409 3 view .LVU531
 1513              		.loc 1 409 26 is_stmt 0 view .LVU532
 1514 001c 8DF80D30 		strb	r3, [sp, #13]
 410:Middlewares/ST/STM32_WPAN/ble/core/auto/ble_gap_aci.c ****   index_input += 1;
 1515              		.loc 1 410 3 is_stmt 1 view .LVU533
 1516              	.LVL164:
 411:Middlewares/ST/STM32_WPAN/ble/core/auto/ble_gap_aci.c ****   Osal_MemSet( &rq, 0, sizeof(rq) );
 1517              		.loc 1 411 3 view .LVU534
 1518 0020 42AE     		add	r6, sp, #264
 1519 0022 1822     		movs	r2, #24
 1520              	.LVL165:
 1521              		.loc 1 411 3 is_stmt 0 view .LVU535
 1522 0024 2946     		mov	r1, r5
 1523              	.LVL166:
 1524              		.loc 1 411 3 view .LVU536
 1525 0026 3046     		mov	r0, r6
 1526              	.LVL167:
 1527              		.loc 1 411 3 view .LVU537
 1528 0028 FFF7FEFF 		bl	Osal_MemSet
 1529              	.LVL168:
 412:Middlewares/ST/STM32_WPAN/ble/core/auto/ble_gap_aci.c ****   rq.ogf = 0x3f;
 1530              		.loc 1 412 3 is_stmt 1 view .LVU538
 1531              		.loc 1 412 10 is_stmt 0 view .LVU539
 1532 002c 3F23     		movs	r3, #63
 1533 002e ADF80831 		strh	r3, [sp, #264]	@ movhi
 413:Middlewares/ST/STM32_WPAN/ble/core/auto/ble_gap_aci.c ****   rq.ocf = 0x08c;
 1534              		.loc 1 413 3 is_stmt 1 view .LVU540
 1535              		.loc 1 413 10 is_stmt 0 view .LVU541
 1536 0032 8C23     		movs	r3, #140
 1537 0034 ADF80A31 		strh	r3, [sp, #266]	@ movhi
ARM GAS  C:\Users\Nathan\AppData\Local\Temp\ccVQZ1bc.s 			page 35


 414:Middlewares/ST/STM32_WPAN/ble/core/auto/ble_gap_aci.c ****   rq.cparam = cmd_buffer;
 1538              		.loc 1 414 3 is_stmt 1 view .LVU542
 1539              		.loc 1 414 13 is_stmt 0 view .LVU543
 1540 0038 4494     		str	r4, [sp, #272]
 415:Middlewares/ST/STM32_WPAN/ble/core/auto/ble_gap_aci.c ****   rq.clen = index_input;
 1541              		.loc 1 415 3 is_stmt 1 view .LVU544
 1542              		.loc 1 415 11 is_stmt 0 view .LVU545
 1543 003a 0623     		movs	r3, #6
 1544 003c 4593     		str	r3, [sp, #276]
 416:Middlewares/ST/STM32_WPAN/ble/core/auto/ble_gap_aci.c ****   rq.rparam = &status;
 1545              		.loc 1 416 3 is_stmt 1 view .LVU546
 1546              		.loc 1 416 13 is_stmt 0 view .LVU547
 1547 003e 4697     		str	r7, [sp, #280]
 417:Middlewares/ST/STM32_WPAN/ble/core/auto/ble_gap_aci.c ****   rq.rlen = 1;
 1548              		.loc 1 417 3 is_stmt 1 view .LVU548
 1549              		.loc 1 417 11 is_stmt 0 view .LVU549
 1550 0040 0123     		movs	r3, #1
 1551 0042 4793     		str	r3, [sp, #284]
 418:Middlewares/ST/STM32_WPAN/ble/core/auto/ble_gap_aci.c ****   if ( hci_send_req(&rq, FALSE) < 0 )
 1552              		.loc 1 418 3 is_stmt 1 view .LVU550
 1553              		.loc 1 418 8 is_stmt 0 view .LVU551
 1554 0044 2946     		mov	r1, r5
 1555 0046 3046     		mov	r0, r6
 1556 0048 FFF7FEFF 		bl	hci_send_req
 1557              	.LVL169:
 1558              		.loc 1 418 6 discriminator 1 view .LVU552
 1559 004c A842     		cmp	r0, r5
 1560 004e 02DB     		blt	.L47
 419:Middlewares/ST/STM32_WPAN/ble/core/auto/ble_gap_aci.c ****     return BLE_STATUS_TIMEOUT;
 420:Middlewares/ST/STM32_WPAN/ble/core/auto/ble_gap_aci.c ****   return status;
 1561              		.loc 1 420 3 is_stmt 1 view .LVU553
 1562              		.loc 1 420 10 is_stmt 0 view .LVU554
 1563 0050 3878     		ldrb	r0, [r7]	@ zero_extendqisi2
 1564              	.L46:
 421:Middlewares/ST/STM32_WPAN/ble/core/auto/ble_gap_aci.c **** }
 1565              		.loc 1 421 1 view .LVU555
 1566 0052 49B0     		add	sp, sp, #292
 1567              		.cfi_remember_state
 1568              		.cfi_def_cfa_offset 20
 1569              		@ sp needed
 1570 0054 F0BD     		pop	{r4, r5, r6, r7, pc}
 1571              	.LVL170:
 1572              	.L47:
 1573              		.cfi_restore_state
 419:Middlewares/ST/STM32_WPAN/ble/core/auto/ble_gap_aci.c ****     return BLE_STATUS_TIMEOUT;
 1574              		.loc 1 419 12 view .LVU556
 1575 0056 FF20     		movs	r0, #255
 1576 0058 FBE7     		b	.L46
 1577              		.cfi_endproc
 1578              	.LFE11:
 1580              		.section	.text.aci_gap_peripheral_security_req,"ax",%progbits
 1581              		.align	1
 1582              		.global	aci_gap_peripheral_security_req
 1583              		.syntax unified
 1584              		.thumb
 1585              		.thumb_func
 1587              	aci_gap_peripheral_security_req:
ARM GAS  C:\Users\Nathan\AppData\Local\Temp\ccVQZ1bc.s 			page 36


 1588              	.LVL171:
 1589              	.LFB12:
 422:Middlewares/ST/STM32_WPAN/ble/core/auto/ble_gap_aci.c **** 
 423:Middlewares/ST/STM32_WPAN/ble/core/auto/ble_gap_aci.c **** tBleStatus aci_gap_peripheral_security_req( uint16_t Connection_Handle )
 424:Middlewares/ST/STM32_WPAN/ble/core/auto/ble_gap_aci.c **** {
 1590              		.loc 1 424 1 is_stmt 1 view -0
 1591              		.cfi_startproc
 1592              		@ args = 0, pretend = 0, frame = 288
 1593              		@ frame_needed = 0, uses_anonymous_args = 0
 1594              		.loc 1 424 1 is_stmt 0 view .LVU558
 1595 0000 F0B5     		push	{r4, r5, r6, r7, lr}
 1596              		.cfi_def_cfa_offset 20
 1597              		.cfi_offset 4, -20
 1598              		.cfi_offset 5, -16
 1599              		.cfi_offset 6, -12
 1600              		.cfi_offset 7, -8
 1601              		.cfi_offset 14, -4
 1602 0002 C9B0     		sub	sp, sp, #292
 1603              		.cfi_def_cfa_offset 312
 425:Middlewares/ST/STM32_WPAN/ble/core/auto/ble_gap_aci.c ****   struct hci_request rq;
 1604              		.loc 1 425 3 is_stmt 1 view .LVU559
 426:Middlewares/ST/STM32_WPAN/ble/core/auto/ble_gap_aci.c ****   uint8_t cmd_buffer[BLE_CMD_MAX_PARAM_LEN];
 1605              		.loc 1 426 3 view .LVU560
 427:Middlewares/ST/STM32_WPAN/ble/core/auto/ble_gap_aci.c ****   aci_gap_peripheral_security_req_cp0 *cp0 = (aci_gap_peripheral_security_req_cp0*)(cmd_buffer);
 1606              		.loc 1 427 3 view .LVU561
 1607              	.LVL172:
 428:Middlewares/ST/STM32_WPAN/ble/core/auto/ble_gap_aci.c ****   tBleStatus status = 0;
 1608              		.loc 1 428 3 view .LVU562
 1609              		.loc 1 428 14 is_stmt 0 view .LVU563
 1610 0004 0DF10706 		add	r6, sp, #7
 1611 0008 0024     		movs	r4, #0
 1612 000a 8DF80740 		strb	r4, [sp, #7]
 429:Middlewares/ST/STM32_WPAN/ble/core/auto/ble_gap_aci.c ****   int index_input = 0;
 1613              		.loc 1 429 3 is_stmt 1 view .LVU564
 1614              	.LVL173:
 430:Middlewares/ST/STM32_WPAN/ble/core/auto/ble_gap_aci.c ****   cp0->Connection_Handle = Connection_Handle;
 1615              		.loc 1 430 3 view .LVU565
 1616              		.loc 1 430 26 is_stmt 0 view .LVU566
 1617 000e 02AF     		add	r7, sp, #8
 1618              	.LVL174:
 1619              		.loc 1 430 26 view .LVU567
 1620 0010 ADF80800 		strh	r0, [sp, #8]	@ movhi
 431:Middlewares/ST/STM32_WPAN/ble/core/auto/ble_gap_aci.c ****   index_input += 2;
 1621              		.loc 1 431 3 is_stmt 1 view .LVU568
 1622              	.LVL175:
 432:Middlewares/ST/STM32_WPAN/ble/core/auto/ble_gap_aci.c ****   Osal_MemSet( &rq, 0, sizeof(rq) );
 1623              		.loc 1 432 3 view .LVU569
 1624 0014 42AD     		add	r5, sp, #264
 1625 0016 1822     		movs	r2, #24
 1626 0018 2146     		mov	r1, r4
 1627 001a 2846     		mov	r0, r5
 1628              	.LVL176:
 1629              		.loc 1 432 3 is_stmt 0 view .LVU570
 1630 001c FFF7FEFF 		bl	Osal_MemSet
 1631              	.LVL177:
 433:Middlewares/ST/STM32_WPAN/ble/core/auto/ble_gap_aci.c ****   rq.ogf = 0x3f;
 1632              		.loc 1 433 3 is_stmt 1 view .LVU571
ARM GAS  C:\Users\Nathan\AppData\Local\Temp\ccVQZ1bc.s 			page 37


 1633              		.loc 1 433 10 is_stmt 0 view .LVU572
 1634 0020 3F23     		movs	r3, #63
 1635 0022 ADF80831 		strh	r3, [sp, #264]	@ movhi
 434:Middlewares/ST/STM32_WPAN/ble/core/auto/ble_gap_aci.c ****   rq.ocf = 0x08d;
 1636              		.loc 1 434 3 is_stmt 1 view .LVU573
 1637              		.loc 1 434 10 is_stmt 0 view .LVU574
 1638 0026 8D23     		movs	r3, #141
 1639 0028 ADF80A31 		strh	r3, [sp, #266]	@ movhi
 435:Middlewares/ST/STM32_WPAN/ble/core/auto/ble_gap_aci.c ****   rq.event = 0x0F;
 1640              		.loc 1 435 3 is_stmt 1 view .LVU575
 1641              		.loc 1 435 12 is_stmt 0 view .LVU576
 1642 002c 0F23     		movs	r3, #15
 1643 002e 4393     		str	r3, [sp, #268]
 436:Middlewares/ST/STM32_WPAN/ble/core/auto/ble_gap_aci.c ****   rq.cparam = cmd_buffer;
 1644              		.loc 1 436 3 is_stmt 1 view .LVU577
 1645              		.loc 1 436 13 is_stmt 0 view .LVU578
 1646 0030 4497     		str	r7, [sp, #272]
 437:Middlewares/ST/STM32_WPAN/ble/core/auto/ble_gap_aci.c ****   rq.clen = index_input;
 1647              		.loc 1 437 3 is_stmt 1 view .LVU579
 1648              		.loc 1 437 11 is_stmt 0 view .LVU580
 1649 0032 0223     		movs	r3, #2
 1650 0034 4593     		str	r3, [sp, #276]
 438:Middlewares/ST/STM32_WPAN/ble/core/auto/ble_gap_aci.c ****   rq.rparam = &status;
 1651              		.loc 1 438 3 is_stmt 1 view .LVU581
 1652              		.loc 1 438 13 is_stmt 0 view .LVU582
 1653 0036 4696     		str	r6, [sp, #280]
 439:Middlewares/ST/STM32_WPAN/ble/core/auto/ble_gap_aci.c ****   rq.rlen = 1;
 1654              		.loc 1 439 3 is_stmt 1 view .LVU583
 1655              		.loc 1 439 11 is_stmt 0 view .LVU584
 1656 0038 0123     		movs	r3, #1
 1657 003a 4793     		str	r3, [sp, #284]
 440:Middlewares/ST/STM32_WPAN/ble/core/auto/ble_gap_aci.c ****   if ( hci_send_req(&rq, FALSE) < 0 )
 1658              		.loc 1 440 3 is_stmt 1 view .LVU585
 1659              		.loc 1 440 8 is_stmt 0 view .LVU586
 1660 003c 2146     		mov	r1, r4
 1661 003e 2846     		mov	r0, r5
 1662 0040 FFF7FEFF 		bl	hci_send_req
 1663              	.LVL178:
 1664              		.loc 1 440 6 discriminator 1 view .LVU587
 1665 0044 A042     		cmp	r0, r4
 1666 0046 02DB     		blt	.L51
 441:Middlewares/ST/STM32_WPAN/ble/core/auto/ble_gap_aci.c ****     return BLE_STATUS_TIMEOUT;
 442:Middlewares/ST/STM32_WPAN/ble/core/auto/ble_gap_aci.c ****   return status;
 1667              		.loc 1 442 3 is_stmt 1 view .LVU588
 1668              		.loc 1 442 10 is_stmt 0 view .LVU589
 1669 0048 3078     		ldrb	r0, [r6]	@ zero_extendqisi2
 1670              	.L50:
 443:Middlewares/ST/STM32_WPAN/ble/core/auto/ble_gap_aci.c **** }
 1671              		.loc 1 443 1 view .LVU590
 1672 004a 49B0     		add	sp, sp, #292
 1673              		.cfi_remember_state
 1674              		.cfi_def_cfa_offset 20
 1675              		@ sp needed
 1676 004c F0BD     		pop	{r4, r5, r6, r7, pc}
 1677              	.LVL179:
 1678              	.L51:
 1679              		.cfi_restore_state
ARM GAS  C:\Users\Nathan\AppData\Local\Temp\ccVQZ1bc.s 			page 38


 441:Middlewares/ST/STM32_WPAN/ble/core/auto/ble_gap_aci.c ****     return BLE_STATUS_TIMEOUT;
 1680              		.loc 1 441 12 view .LVU591
 1681 004e FF20     		movs	r0, #255
 1682 0050 FBE7     		b	.L50
 1683              		.cfi_endproc
 1684              	.LFE12:
 1686              		.section	.text.aci_gap_update_adv_data,"ax",%progbits
 1687              		.align	1
 1688              		.global	aci_gap_update_adv_data
 1689              		.syntax unified
 1690              		.thumb
 1691              		.thumb_func
 1693              	aci_gap_update_adv_data:
 1694              	.LVL180:
 1695              	.LFB13:
 444:Middlewares/ST/STM32_WPAN/ble/core/auto/ble_gap_aci.c **** 
 445:Middlewares/ST/STM32_WPAN/ble/core/auto/ble_gap_aci.c **** tBleStatus aci_gap_update_adv_data( uint8_t AdvDataLen,
 446:Middlewares/ST/STM32_WPAN/ble/core/auto/ble_gap_aci.c ****                                     const uint8_t* AdvData )
 447:Middlewares/ST/STM32_WPAN/ble/core/auto/ble_gap_aci.c **** {
 1696              		.loc 1 447 1 is_stmt 1 view -0
 1697              		.cfi_startproc
 1698              		@ args = 0, pretend = 0, frame = 288
 1699              		@ frame_needed = 0, uses_anonymous_args = 0
 1700              		.loc 1 447 1 is_stmt 0 view .LVU593
 1701 0000 2DE9F041 		push	{r4, r5, r6, r7, r8, lr}
 1702              		.cfi_def_cfa_offset 24
 1703              		.cfi_offset 4, -24
 1704              		.cfi_offset 5, -20
 1705              		.cfi_offset 6, -16
 1706              		.cfi_offset 7, -12
 1707              		.cfi_offset 8, -8
 1708              		.cfi_offset 14, -4
 1709 0004 C8B0     		sub	sp, sp, #288
 1710              		.cfi_def_cfa_offset 312
 1711 0006 0446     		mov	r4, r0
 448:Middlewares/ST/STM32_WPAN/ble/core/auto/ble_gap_aci.c ****   struct hci_request rq;
 1712              		.loc 1 448 3 is_stmt 1 view .LVU594
 449:Middlewares/ST/STM32_WPAN/ble/core/auto/ble_gap_aci.c ****   uint8_t cmd_buffer[BLE_CMD_MAX_PARAM_LEN];
 1713              		.loc 1 449 3 view .LVU595
 450:Middlewares/ST/STM32_WPAN/ble/core/auto/ble_gap_aci.c ****   aci_gap_update_adv_data_cp0 *cp0 = (aci_gap_update_adv_data_cp0*)(cmd_buffer);
 1714              		.loc 1 450 3 view .LVU596
 1715              	.LVL181:
 451:Middlewares/ST/STM32_WPAN/ble/core/auto/ble_gap_aci.c ****   tBleStatus status = 0;
 1716              		.loc 1 451 3 view .LVU597
 1717              		.loc 1 451 14 is_stmt 0 view .LVU598
 1718 0008 0DF10707 		add	r7, sp, #7
 1719 000c 0025     		movs	r5, #0
 1720 000e 8DF80750 		strb	r5, [sp, #7]
 452:Middlewares/ST/STM32_WPAN/ble/core/auto/ble_gap_aci.c ****   int index_input = 0;
 1721              		.loc 1 452 3 is_stmt 1 view .LVU599
 1722              	.LVL182:
 453:Middlewares/ST/STM32_WPAN/ble/core/auto/ble_gap_aci.c ****   cp0->AdvDataLen = AdvDataLen;
 1723              		.loc 1 453 3 view .LVU600
 1724              		.loc 1 453 19 is_stmt 0 view .LVU601
 1725 0012 0DF10808 		add	r8, sp, #8
 1726              	.LVL183:
 1727              		.loc 1 453 19 view .LVU602
ARM GAS  C:\Users\Nathan\AppData\Local\Temp\ccVQZ1bc.s 			page 39


 1728 0016 8DF80800 		strb	r0, [sp, #8]
 454:Middlewares/ST/STM32_WPAN/ble/core/auto/ble_gap_aci.c ****   index_input += 1;
 1729              		.loc 1 454 3 is_stmt 1 view .LVU603
 1730              	.LVL184:
 455:Middlewares/ST/STM32_WPAN/ble/core/auto/ble_gap_aci.c ****   Osal_MemCpy( (void*)&cp0->AdvData, (const void*)AdvData, AdvDataLen );
 1731              		.loc 1 455 3 view .LVU604
 1732 001a 0246     		mov	r2, r0
 1733 001c 0DF10900 		add	r0, sp, #9
 1734              	.LVL185:
 1735              		.loc 1 455 3 is_stmt 0 view .LVU605
 1736 0020 FFF7FEFF 		bl	Osal_MemCpy
 1737              	.LVL186:
 456:Middlewares/ST/STM32_WPAN/ble/core/auto/ble_gap_aci.c ****   index_input += AdvDataLen;
 1738              		.loc 1 456 3 is_stmt 1 view .LVU606
 1739              		.loc 1 456 15 is_stmt 0 view .LVU607
 1740 0024 0134     		adds	r4, r4, #1
 1741              	.LVL187:
 457:Middlewares/ST/STM32_WPAN/ble/core/auto/ble_gap_aci.c ****   Osal_MemSet( &rq, 0, sizeof(rq) );
 1742              		.loc 1 457 3 is_stmt 1 view .LVU608
 1743 0026 42AE     		add	r6, sp, #264
 1744 0028 1822     		movs	r2, #24
 1745 002a 2946     		mov	r1, r5
 1746 002c 3046     		mov	r0, r6
 1747 002e FFF7FEFF 		bl	Osal_MemSet
 1748              	.LVL188:
 458:Middlewares/ST/STM32_WPAN/ble/core/auto/ble_gap_aci.c ****   rq.ogf = 0x3f;
 1749              		.loc 1 458 3 view .LVU609
 1750              		.loc 1 458 10 is_stmt 0 view .LVU610
 1751 0032 3F23     		movs	r3, #63
 1752 0034 ADF80831 		strh	r3, [sp, #264]	@ movhi
 459:Middlewares/ST/STM32_WPAN/ble/core/auto/ble_gap_aci.c ****   rq.ocf = 0x08e;
 1753              		.loc 1 459 3 is_stmt 1 view .LVU611
 1754              		.loc 1 459 10 is_stmt 0 view .LVU612
 1755 0038 8E23     		movs	r3, #142
 1756 003a ADF80A31 		strh	r3, [sp, #266]	@ movhi
 460:Middlewares/ST/STM32_WPAN/ble/core/auto/ble_gap_aci.c ****   rq.cparam = cmd_buffer;
 1757              		.loc 1 460 3 is_stmt 1 view .LVU613
 1758              		.loc 1 460 13 is_stmt 0 view .LVU614
 1759 003e CDF81081 		str	r8, [sp, #272]
 461:Middlewares/ST/STM32_WPAN/ble/core/auto/ble_gap_aci.c ****   rq.clen = index_input;
 1760              		.loc 1 461 3 is_stmt 1 view .LVU615
 1761              		.loc 1 461 11 is_stmt 0 view .LVU616
 1762 0042 4594     		str	r4, [sp, #276]
 462:Middlewares/ST/STM32_WPAN/ble/core/auto/ble_gap_aci.c ****   rq.rparam = &status;
 1763              		.loc 1 462 3 is_stmt 1 view .LVU617
 1764              		.loc 1 462 13 is_stmt 0 view .LVU618
 1765 0044 4697     		str	r7, [sp, #280]
 463:Middlewares/ST/STM32_WPAN/ble/core/auto/ble_gap_aci.c ****   rq.rlen = 1;
 1766              		.loc 1 463 3 is_stmt 1 view .LVU619
 1767              		.loc 1 463 11 is_stmt 0 view .LVU620
 1768 0046 0123     		movs	r3, #1
 1769 0048 4793     		str	r3, [sp, #284]
 464:Middlewares/ST/STM32_WPAN/ble/core/auto/ble_gap_aci.c ****   if ( hci_send_req(&rq, FALSE) < 0 )
 1770              		.loc 1 464 3 is_stmt 1 view .LVU621
 1771              		.loc 1 464 8 is_stmt 0 view .LVU622
 1772 004a 2946     		mov	r1, r5
 1773 004c 3046     		mov	r0, r6
ARM GAS  C:\Users\Nathan\AppData\Local\Temp\ccVQZ1bc.s 			page 40


 1774 004e FFF7FEFF 		bl	hci_send_req
 1775              	.LVL189:
 1776              		.loc 1 464 6 discriminator 1 view .LVU623
 1777 0052 A842     		cmp	r0, r5
 1778 0054 03DB     		blt	.L55
 465:Middlewares/ST/STM32_WPAN/ble/core/auto/ble_gap_aci.c ****     return BLE_STATUS_TIMEOUT;
 466:Middlewares/ST/STM32_WPAN/ble/core/auto/ble_gap_aci.c ****   return status;
 1779              		.loc 1 466 3 is_stmt 1 view .LVU624
 1780              		.loc 1 466 10 is_stmt 0 view .LVU625
 1781 0056 3878     		ldrb	r0, [r7]	@ zero_extendqisi2
 1782              	.L54:
 467:Middlewares/ST/STM32_WPAN/ble/core/auto/ble_gap_aci.c **** }
 1783              		.loc 1 467 1 view .LVU626
 1784 0058 48B0     		add	sp, sp, #288
 1785              		.cfi_remember_state
 1786              		.cfi_def_cfa_offset 24
 1787              		@ sp needed
 1788 005a BDE8F081 		pop	{r4, r5, r6, r7, r8, pc}
 1789              	.LVL190:
 1790              	.L55:
 1791              		.cfi_restore_state
 465:Middlewares/ST/STM32_WPAN/ble/core/auto/ble_gap_aci.c ****     return BLE_STATUS_TIMEOUT;
 1792              		.loc 1 465 12 view .LVU627
 1793 005e FF20     		movs	r0, #255
 1794 0060 FAE7     		b	.L54
 1795              		.cfi_endproc
 1796              	.LFE13:
 1798              		.section	.text.aci_gap_delete_ad_type,"ax",%progbits
 1799              		.align	1
 1800              		.global	aci_gap_delete_ad_type
 1801              		.syntax unified
 1802              		.thumb
 1803              		.thumb_func
 1805              	aci_gap_delete_ad_type:
 1806              	.LVL191:
 1807              	.LFB14:
 468:Middlewares/ST/STM32_WPAN/ble/core/auto/ble_gap_aci.c **** 
 469:Middlewares/ST/STM32_WPAN/ble/core/auto/ble_gap_aci.c **** tBleStatus aci_gap_delete_ad_type( uint8_t ADType )
 470:Middlewares/ST/STM32_WPAN/ble/core/auto/ble_gap_aci.c **** {
 1808              		.loc 1 470 1 is_stmt 1 view -0
 1809              		.cfi_startproc
 1810              		@ args = 0, pretend = 0, frame = 288
 1811              		@ frame_needed = 0, uses_anonymous_args = 0
 1812              		.loc 1 470 1 is_stmt 0 view .LVU629
 1813 0000 F0B5     		push	{r4, r5, r6, r7, lr}
 1814              		.cfi_def_cfa_offset 20
 1815              		.cfi_offset 4, -20
 1816              		.cfi_offset 5, -16
 1817              		.cfi_offset 6, -12
 1818              		.cfi_offset 7, -8
 1819              		.cfi_offset 14, -4
 1820 0002 C9B0     		sub	sp, sp, #292
 1821              		.cfi_def_cfa_offset 312
 471:Middlewares/ST/STM32_WPAN/ble/core/auto/ble_gap_aci.c ****   struct hci_request rq;
 1822              		.loc 1 471 3 is_stmt 1 view .LVU630
 472:Middlewares/ST/STM32_WPAN/ble/core/auto/ble_gap_aci.c ****   uint8_t cmd_buffer[BLE_CMD_MAX_PARAM_LEN];
 1823              		.loc 1 472 3 view .LVU631
ARM GAS  C:\Users\Nathan\AppData\Local\Temp\ccVQZ1bc.s 			page 41


 473:Middlewares/ST/STM32_WPAN/ble/core/auto/ble_gap_aci.c ****   aci_gap_delete_ad_type_cp0 *cp0 = (aci_gap_delete_ad_type_cp0*)(cmd_buffer);
 1824              		.loc 1 473 3 view .LVU632
 1825              	.LVL192:
 474:Middlewares/ST/STM32_WPAN/ble/core/auto/ble_gap_aci.c ****   tBleStatus status = 0;
 1826              		.loc 1 474 3 view .LVU633
 1827              		.loc 1 474 14 is_stmt 0 view .LVU634
 1828 0004 0DF10706 		add	r6, sp, #7
 1829 0008 0024     		movs	r4, #0
 1830 000a 8DF80740 		strb	r4, [sp, #7]
 475:Middlewares/ST/STM32_WPAN/ble/core/auto/ble_gap_aci.c ****   int index_input = 0;
 1831              		.loc 1 475 3 is_stmt 1 view .LVU635
 1832              	.LVL193:
 476:Middlewares/ST/STM32_WPAN/ble/core/auto/ble_gap_aci.c ****   cp0->ADType = ADType;
 1833              		.loc 1 476 3 view .LVU636
 1834              		.loc 1 476 15 is_stmt 0 view .LVU637
 1835 000e 02AF     		add	r7, sp, #8
 1836              	.LVL194:
 1837              		.loc 1 476 15 view .LVU638
 1838 0010 8DF80800 		strb	r0, [sp, #8]
 477:Middlewares/ST/STM32_WPAN/ble/core/auto/ble_gap_aci.c ****   index_input += 1;
 1839              		.loc 1 477 3 is_stmt 1 view .LVU639
 1840              	.LVL195:
 478:Middlewares/ST/STM32_WPAN/ble/core/auto/ble_gap_aci.c ****   Osal_MemSet( &rq, 0, sizeof(rq) );
 1841              		.loc 1 478 3 view .LVU640
 1842 0014 42AD     		add	r5, sp, #264
 1843 0016 1822     		movs	r2, #24
 1844 0018 2146     		mov	r1, r4
 1845 001a 2846     		mov	r0, r5
 1846              	.LVL196:
 1847              		.loc 1 478 3 is_stmt 0 view .LVU641
 1848 001c FFF7FEFF 		bl	Osal_MemSet
 1849              	.LVL197:
 479:Middlewares/ST/STM32_WPAN/ble/core/auto/ble_gap_aci.c ****   rq.ogf = 0x3f;
 1850              		.loc 1 479 3 is_stmt 1 view .LVU642
 1851              		.loc 1 479 10 is_stmt 0 view .LVU643
 1852 0020 3F23     		movs	r3, #63
 1853 0022 ADF80831 		strh	r3, [sp, #264]	@ movhi
 480:Middlewares/ST/STM32_WPAN/ble/core/auto/ble_gap_aci.c ****   rq.ocf = 0x08f;
 1854              		.loc 1 480 3 is_stmt 1 view .LVU644
 1855              		.loc 1 480 10 is_stmt 0 view .LVU645
 1856 0026 8F23     		movs	r3, #143
 1857 0028 ADF80A31 		strh	r3, [sp, #266]	@ movhi
 481:Middlewares/ST/STM32_WPAN/ble/core/auto/ble_gap_aci.c ****   rq.cparam = cmd_buffer;
 1858              		.loc 1 481 3 is_stmt 1 view .LVU646
 1859              		.loc 1 481 13 is_stmt 0 view .LVU647
 1860 002c 4497     		str	r7, [sp, #272]
 482:Middlewares/ST/STM32_WPAN/ble/core/auto/ble_gap_aci.c ****   rq.clen = index_input;
 1861              		.loc 1 482 3 is_stmt 1 view .LVU648
 1862              		.loc 1 482 11 is_stmt 0 view .LVU649
 1863 002e 0123     		movs	r3, #1
 1864 0030 4593     		str	r3, [sp, #276]
 483:Middlewares/ST/STM32_WPAN/ble/core/auto/ble_gap_aci.c ****   rq.rparam = &status;
 1865              		.loc 1 483 3 is_stmt 1 view .LVU650
 1866              		.loc 1 483 13 is_stmt 0 view .LVU651
 1867 0032 4696     		str	r6, [sp, #280]
 484:Middlewares/ST/STM32_WPAN/ble/core/auto/ble_gap_aci.c ****   rq.rlen = 1;
 1868              		.loc 1 484 3 is_stmt 1 view .LVU652
ARM GAS  C:\Users\Nathan\AppData\Local\Temp\ccVQZ1bc.s 			page 42


 1869              		.loc 1 484 11 is_stmt 0 view .LVU653
 1870 0034 4793     		str	r3, [sp, #284]
 485:Middlewares/ST/STM32_WPAN/ble/core/auto/ble_gap_aci.c ****   if ( hci_send_req(&rq, FALSE) < 0 )
 1871              		.loc 1 485 3 is_stmt 1 view .LVU654
 1872              		.loc 1 485 8 is_stmt 0 view .LVU655
 1873 0036 2146     		mov	r1, r4
 1874 0038 2846     		mov	r0, r5
 1875 003a FFF7FEFF 		bl	hci_send_req
 1876              	.LVL198:
 1877              		.loc 1 485 6 discriminator 1 view .LVU656
 1878 003e A042     		cmp	r0, r4
 1879 0040 02DB     		blt	.L59
 486:Middlewares/ST/STM32_WPAN/ble/core/auto/ble_gap_aci.c ****     return BLE_STATUS_TIMEOUT;
 487:Middlewares/ST/STM32_WPAN/ble/core/auto/ble_gap_aci.c ****   return status;
 1880              		.loc 1 487 3 is_stmt 1 view .LVU657
 1881              		.loc 1 487 10 is_stmt 0 view .LVU658
 1882 0042 3078     		ldrb	r0, [r6]	@ zero_extendqisi2
 1883              	.L58:
 488:Middlewares/ST/STM32_WPAN/ble/core/auto/ble_gap_aci.c **** }
 1884              		.loc 1 488 1 view .LVU659
 1885 0044 49B0     		add	sp, sp, #292
 1886              		.cfi_remember_state
 1887              		.cfi_def_cfa_offset 20
 1888              		@ sp needed
 1889 0046 F0BD     		pop	{r4, r5, r6, r7, pc}
 1890              	.LVL199:
 1891              	.L59:
 1892              		.cfi_restore_state
 486:Middlewares/ST/STM32_WPAN/ble/core/auto/ble_gap_aci.c ****     return BLE_STATUS_TIMEOUT;
 1893              		.loc 1 486 12 view .LVU660
 1894 0048 FF20     		movs	r0, #255
 1895 004a FBE7     		b	.L58
 1896              		.cfi_endproc
 1897              	.LFE14:
 1899              		.section	.text.aci_gap_get_security_level,"ax",%progbits
 1900              		.align	1
 1901              		.global	aci_gap_get_security_level
 1902              		.syntax unified
 1903              		.thumb
 1904              		.thumb_func
 1906              	aci_gap_get_security_level:
 1907              	.LVL200:
 1908              	.LFB15:
 489:Middlewares/ST/STM32_WPAN/ble/core/auto/ble_gap_aci.c **** 
 490:Middlewares/ST/STM32_WPAN/ble/core/auto/ble_gap_aci.c **** tBleStatus aci_gap_get_security_level( uint16_t Connection_Handle,
 491:Middlewares/ST/STM32_WPAN/ble/core/auto/ble_gap_aci.c ****                                        uint8_t* Security_Mode,
 492:Middlewares/ST/STM32_WPAN/ble/core/auto/ble_gap_aci.c ****                                        uint8_t* Security_Level )
 493:Middlewares/ST/STM32_WPAN/ble/core/auto/ble_gap_aci.c **** {
 1909              		.loc 1 493 1 is_stmt 1 view -0
 1910              		.cfi_startproc
 1911              		@ args = 0, pretend = 0, frame = 288
 1912              		@ frame_needed = 0, uses_anonymous_args = 0
 1913              		.loc 1 493 1 is_stmt 0 view .LVU662
 1914 0000 2DE9F041 		push	{r4, r5, r6, r7, r8, lr}
 1915              		.cfi_def_cfa_offset 24
 1916              		.cfi_offset 4, -24
 1917              		.cfi_offset 5, -20
ARM GAS  C:\Users\Nathan\AppData\Local\Temp\ccVQZ1bc.s 			page 43


 1918              		.cfi_offset 6, -16
 1919              		.cfi_offset 7, -12
 1920              		.cfi_offset 8, -8
 1921              		.cfi_offset 14, -4
 1922 0004 C8B0     		sub	sp, sp, #288
 1923              		.cfi_def_cfa_offset 312
 1924 0006 0446     		mov	r4, r0
 1925 0008 8846     		mov	r8, r1
 1926 000a 1746     		mov	r7, r2
 494:Middlewares/ST/STM32_WPAN/ble/core/auto/ble_gap_aci.c ****   struct hci_request rq;
 1927              		.loc 1 494 3 is_stmt 1 view .LVU663
 495:Middlewares/ST/STM32_WPAN/ble/core/auto/ble_gap_aci.c ****   uint8_t cmd_buffer[BLE_CMD_MAX_PARAM_LEN];
 1928              		.loc 1 495 3 view .LVU664
 496:Middlewares/ST/STM32_WPAN/ble/core/auto/ble_gap_aci.c ****   aci_gap_get_security_level_cp0 *cp0 = (aci_gap_get_security_level_cp0*)(cmd_buffer);
 1929              		.loc 1 496 3 view .LVU665
 1930              	.LVL201:
 497:Middlewares/ST/STM32_WPAN/ble/core/auto/ble_gap_aci.c ****   aci_gap_get_security_level_rp0 resp;
 1931              		.loc 1 497 3 view .LVU666
 498:Middlewares/ST/STM32_WPAN/ble/core/auto/ble_gap_aci.c ****   Osal_MemSet( &resp, 0, sizeof(resp) );
 1932              		.loc 1 498 3 view .LVU667
 1933 000c 01AD     		add	r5, sp, #4
 1934 000e 0322     		movs	r2, #3
 1935              	.LVL202:
 1936              		.loc 1 498 3 is_stmt 0 view .LVU668
 1937 0010 0021     		movs	r1, #0
 1938              	.LVL203:
 1939              		.loc 1 498 3 view .LVU669
 1940 0012 2846     		mov	r0, r5
 1941              	.LVL204:
 1942              		.loc 1 498 3 view .LVU670
 1943 0014 FFF7FEFF 		bl	Osal_MemSet
 1944              	.LVL205:
 499:Middlewares/ST/STM32_WPAN/ble/core/auto/ble_gap_aci.c ****   int index_input = 0;
 1945              		.loc 1 499 3 is_stmt 1 view .LVU671
 500:Middlewares/ST/STM32_WPAN/ble/core/auto/ble_gap_aci.c ****   cp0->Connection_Handle = Connection_Handle;
 1946              		.loc 1 500 3 view .LVU672
 1947              		.loc 1 500 26 is_stmt 0 view .LVU673
 1948 0018 02AE     		add	r6, sp, #8
 1949              	.LVL206:
 1950              		.loc 1 500 26 view .LVU674
 1951 001a ADF80840 		strh	r4, [sp, #8]	@ movhi
 501:Middlewares/ST/STM32_WPAN/ble/core/auto/ble_gap_aci.c ****   index_input += 2;
 1952              		.loc 1 501 3 is_stmt 1 view .LVU675
 1953              	.LVL207:
 502:Middlewares/ST/STM32_WPAN/ble/core/auto/ble_gap_aci.c ****   Osal_MemSet( &rq, 0, sizeof(rq) );
 1954              		.loc 1 502 3 view .LVU676
 1955 001e 42AC     		add	r4, sp, #264
 1956              	.LVL208:
 1957              		.loc 1 502 3 is_stmt 0 view .LVU677
 1958 0020 1822     		movs	r2, #24
 1959 0022 0021     		movs	r1, #0
 1960 0024 2046     		mov	r0, r4
 1961 0026 FFF7FEFF 		bl	Osal_MemSet
 1962              	.LVL209:
 503:Middlewares/ST/STM32_WPAN/ble/core/auto/ble_gap_aci.c ****   rq.ogf = 0x3f;
 1963              		.loc 1 503 3 is_stmt 1 view .LVU678
 1964              		.loc 1 503 10 is_stmt 0 view .LVU679
ARM GAS  C:\Users\Nathan\AppData\Local\Temp\ccVQZ1bc.s 			page 44


 1965 002a 3F23     		movs	r3, #63
 1966 002c ADF80831 		strh	r3, [sp, #264]	@ movhi
 504:Middlewares/ST/STM32_WPAN/ble/core/auto/ble_gap_aci.c ****   rq.ocf = 0x090;
 1967              		.loc 1 504 3 is_stmt 1 view .LVU680
 1968              		.loc 1 504 10 is_stmt 0 view .LVU681
 1969 0030 9023     		movs	r3, #144
 1970 0032 ADF80A31 		strh	r3, [sp, #266]	@ movhi
 505:Middlewares/ST/STM32_WPAN/ble/core/auto/ble_gap_aci.c ****   rq.cparam = cmd_buffer;
 1971              		.loc 1 505 3 is_stmt 1 view .LVU682
 1972              		.loc 1 505 13 is_stmt 0 view .LVU683
 1973 0036 4496     		str	r6, [sp, #272]
 506:Middlewares/ST/STM32_WPAN/ble/core/auto/ble_gap_aci.c ****   rq.clen = index_input;
 1974              		.loc 1 506 3 is_stmt 1 view .LVU684
 1975              		.loc 1 506 11 is_stmt 0 view .LVU685
 1976 0038 0223     		movs	r3, #2
 1977 003a 4593     		str	r3, [sp, #276]
 507:Middlewares/ST/STM32_WPAN/ble/core/auto/ble_gap_aci.c ****   rq.rparam = &resp;
 1978              		.loc 1 507 3 is_stmt 1 view .LVU686
 1979              		.loc 1 507 13 is_stmt 0 view .LVU687
 1980 003c 4695     		str	r5, [sp, #280]
 508:Middlewares/ST/STM32_WPAN/ble/core/auto/ble_gap_aci.c ****   rq.rlen = sizeof(resp);
 1981              		.loc 1 508 3 is_stmt 1 view .LVU688
 1982              		.loc 1 508 11 is_stmt 0 view .LVU689
 1983 003e 0323     		movs	r3, #3
 1984 0040 4793     		str	r3, [sp, #284]
 509:Middlewares/ST/STM32_WPAN/ble/core/auto/ble_gap_aci.c ****   if ( hci_send_req(&rq, FALSE) < 0 )
 1985              		.loc 1 509 3 is_stmt 1 view .LVU690
 1986              		.loc 1 509 8 is_stmt 0 view .LVU691
 1987 0042 0021     		movs	r1, #0
 1988 0044 2046     		mov	r0, r4
 1989 0046 FFF7FEFF 		bl	hci_send_req
 1990              	.LVL210:
 1991              		.loc 1 509 6 discriminator 1 view .LVU692
 1992 004a 0028     		cmp	r0, #0
 1993 004c 09DB     		blt	.L63
 510:Middlewares/ST/STM32_WPAN/ble/core/auto/ble_gap_aci.c ****     return BLE_STATUS_TIMEOUT;
 511:Middlewares/ST/STM32_WPAN/ble/core/auto/ble_gap_aci.c ****   if ( resp.Status )
 1994              		.loc 1 511 3 is_stmt 1 view .LVU693
 1995              		.loc 1 511 12 is_stmt 0 view .LVU694
 1996 004e 2878     		ldrb	r0, [r5]	@ zero_extendqisi2
 1997              		.loc 1 511 6 view .LVU695
 1998 0050 20B9     		cbnz	r0, .L62
 512:Middlewares/ST/STM32_WPAN/ble/core/auto/ble_gap_aci.c ****     return resp.Status;
 513:Middlewares/ST/STM32_WPAN/ble/core/auto/ble_gap_aci.c ****   *Security_Mode = resp.Security_Mode;
 1999              		.loc 1 513 3 is_stmt 1 view .LVU696
 2000              		.loc 1 513 24 is_stmt 0 view .LVU697
 2001 0052 6A78     		ldrb	r2, [r5, #1]	@ zero_extendqisi2
 2002              		.loc 1 513 18 view .LVU698
 2003 0054 88F80020 		strb	r2, [r8]
 514:Middlewares/ST/STM32_WPAN/ble/core/auto/ble_gap_aci.c ****   *Security_Level = resp.Security_Level;
 2004              		.loc 1 514 3 is_stmt 1 view .LVU699
 2005              		.loc 1 514 25 is_stmt 0 view .LVU700
 2006 0058 AB78     		ldrb	r3, [r5, #2]	@ zero_extendqisi2
 2007              		.loc 1 514 19 view .LVU701
 2008 005a 3B70     		strb	r3, [r7]
 515:Middlewares/ST/STM32_WPAN/ble/core/auto/ble_gap_aci.c ****   return BLE_STATUS_SUCCESS;
 2009              		.loc 1 515 3 is_stmt 1 view .LVU702
ARM GAS  C:\Users\Nathan\AppData\Local\Temp\ccVQZ1bc.s 			page 45


 2010              	.L62:
 516:Middlewares/ST/STM32_WPAN/ble/core/auto/ble_gap_aci.c **** }
 2011              		.loc 1 516 1 is_stmt 0 view .LVU703
 2012 005c 48B0     		add	sp, sp, #288
 2013              		.cfi_remember_state
 2014              		.cfi_def_cfa_offset 24
 2015              		@ sp needed
 2016 005e BDE8F081 		pop	{r4, r5, r6, r7, r8, pc}
 2017              	.LVL211:
 2018              	.L63:
 2019              		.cfi_restore_state
 510:Middlewares/ST/STM32_WPAN/ble/core/auto/ble_gap_aci.c ****   if ( resp.Status )
 2020              		.loc 1 510 12 view .LVU704
 2021 0062 FF20     		movs	r0, #255
 2022 0064 FAE7     		b	.L62
 2023              		.cfi_endproc
 2024              	.LFE15:
 2026              		.section	.text.aci_gap_set_event_mask,"ax",%progbits
 2027              		.align	1
 2028              		.global	aci_gap_set_event_mask
 2029              		.syntax unified
 2030              		.thumb
 2031              		.thumb_func
 2033              	aci_gap_set_event_mask:
 2034              	.LVL212:
 2035              	.LFB16:
 517:Middlewares/ST/STM32_WPAN/ble/core/auto/ble_gap_aci.c **** 
 518:Middlewares/ST/STM32_WPAN/ble/core/auto/ble_gap_aci.c **** tBleStatus aci_gap_set_event_mask( uint16_t GAP_Evt_Mask )
 519:Middlewares/ST/STM32_WPAN/ble/core/auto/ble_gap_aci.c **** {
 2036              		.loc 1 519 1 is_stmt 1 view -0
 2037              		.cfi_startproc
 2038              		@ args = 0, pretend = 0, frame = 288
 2039              		@ frame_needed = 0, uses_anonymous_args = 0
 2040              		.loc 1 519 1 is_stmt 0 view .LVU706
 2041 0000 F0B5     		push	{r4, r5, r6, r7, lr}
 2042              		.cfi_def_cfa_offset 20
 2043              		.cfi_offset 4, -20
 2044              		.cfi_offset 5, -16
 2045              		.cfi_offset 6, -12
 2046              		.cfi_offset 7, -8
 2047              		.cfi_offset 14, -4
 2048 0002 C9B0     		sub	sp, sp, #292
 2049              		.cfi_def_cfa_offset 312
 520:Middlewares/ST/STM32_WPAN/ble/core/auto/ble_gap_aci.c ****   struct hci_request rq;
 2050              		.loc 1 520 3 is_stmt 1 view .LVU707
 521:Middlewares/ST/STM32_WPAN/ble/core/auto/ble_gap_aci.c ****   uint8_t cmd_buffer[BLE_CMD_MAX_PARAM_LEN];
 2051              		.loc 1 521 3 view .LVU708
 522:Middlewares/ST/STM32_WPAN/ble/core/auto/ble_gap_aci.c ****   aci_gap_set_event_mask_cp0 *cp0 = (aci_gap_set_event_mask_cp0*)(cmd_buffer);
 2052              		.loc 1 522 3 view .LVU709
 2053              	.LVL213:
 523:Middlewares/ST/STM32_WPAN/ble/core/auto/ble_gap_aci.c ****   tBleStatus status = 0;
 2054              		.loc 1 523 3 view .LVU710
 2055              		.loc 1 523 14 is_stmt 0 view .LVU711
 2056 0004 0DF10706 		add	r6, sp, #7
 2057 0008 0024     		movs	r4, #0
 2058 000a 8DF80740 		strb	r4, [sp, #7]
 524:Middlewares/ST/STM32_WPAN/ble/core/auto/ble_gap_aci.c ****   int index_input = 0;
ARM GAS  C:\Users\Nathan\AppData\Local\Temp\ccVQZ1bc.s 			page 46


 2059              		.loc 1 524 3 is_stmt 1 view .LVU712
 2060              	.LVL214:
 525:Middlewares/ST/STM32_WPAN/ble/core/auto/ble_gap_aci.c ****   cp0->GAP_Evt_Mask = GAP_Evt_Mask;
 2061              		.loc 1 525 3 view .LVU713
 2062              		.loc 1 525 21 is_stmt 0 view .LVU714
 2063 000e 02AF     		add	r7, sp, #8
 2064              	.LVL215:
 2065              		.loc 1 525 21 view .LVU715
 2066 0010 ADF80800 		strh	r0, [sp, #8]	@ movhi
 526:Middlewares/ST/STM32_WPAN/ble/core/auto/ble_gap_aci.c ****   index_input += 2;
 2067              		.loc 1 526 3 is_stmt 1 view .LVU716
 2068              	.LVL216:
 527:Middlewares/ST/STM32_WPAN/ble/core/auto/ble_gap_aci.c ****   Osal_MemSet( &rq, 0, sizeof(rq) );
 2069              		.loc 1 527 3 view .LVU717
 2070 0014 42AD     		add	r5, sp, #264
 2071 0016 1822     		movs	r2, #24
 2072 0018 2146     		mov	r1, r4
 2073 001a 2846     		mov	r0, r5
 2074              	.LVL217:
 2075              		.loc 1 527 3 is_stmt 0 view .LVU718
 2076 001c FFF7FEFF 		bl	Osal_MemSet
 2077              	.LVL218:
 528:Middlewares/ST/STM32_WPAN/ble/core/auto/ble_gap_aci.c ****   rq.ogf = 0x3f;
 2078              		.loc 1 528 3 is_stmt 1 view .LVU719
 2079              		.loc 1 528 10 is_stmt 0 view .LVU720
 2080 0020 3F23     		movs	r3, #63
 2081 0022 ADF80831 		strh	r3, [sp, #264]	@ movhi
 529:Middlewares/ST/STM32_WPAN/ble/core/auto/ble_gap_aci.c ****   rq.ocf = 0x091;
 2082              		.loc 1 529 3 is_stmt 1 view .LVU721
 2083              		.loc 1 529 10 is_stmt 0 view .LVU722
 2084 0026 9123     		movs	r3, #145
 2085 0028 ADF80A31 		strh	r3, [sp, #266]	@ movhi
 530:Middlewares/ST/STM32_WPAN/ble/core/auto/ble_gap_aci.c ****   rq.cparam = cmd_buffer;
 2086              		.loc 1 530 3 is_stmt 1 view .LVU723
 2087              		.loc 1 530 13 is_stmt 0 view .LVU724
 2088 002c 4497     		str	r7, [sp, #272]
 531:Middlewares/ST/STM32_WPAN/ble/core/auto/ble_gap_aci.c ****   rq.clen = index_input;
 2089              		.loc 1 531 3 is_stmt 1 view .LVU725
 2090              		.loc 1 531 11 is_stmt 0 view .LVU726
 2091 002e 0223     		movs	r3, #2
 2092 0030 4593     		str	r3, [sp, #276]
 532:Middlewares/ST/STM32_WPAN/ble/core/auto/ble_gap_aci.c ****   rq.rparam = &status;
 2093              		.loc 1 532 3 is_stmt 1 view .LVU727
 2094              		.loc 1 532 13 is_stmt 0 view .LVU728
 2095 0032 4696     		str	r6, [sp, #280]
 533:Middlewares/ST/STM32_WPAN/ble/core/auto/ble_gap_aci.c ****   rq.rlen = 1;
 2096              		.loc 1 533 3 is_stmt 1 view .LVU729
 2097              		.loc 1 533 11 is_stmt 0 view .LVU730
 2098 0034 0123     		movs	r3, #1
 2099 0036 4793     		str	r3, [sp, #284]
 534:Middlewares/ST/STM32_WPAN/ble/core/auto/ble_gap_aci.c ****   if ( hci_send_req(&rq, FALSE) < 0 )
 2100              		.loc 1 534 3 is_stmt 1 view .LVU731
 2101              		.loc 1 534 8 is_stmt 0 view .LVU732
 2102 0038 2146     		mov	r1, r4
 2103 003a 2846     		mov	r0, r5
 2104 003c FFF7FEFF 		bl	hci_send_req
 2105              	.LVL219:
ARM GAS  C:\Users\Nathan\AppData\Local\Temp\ccVQZ1bc.s 			page 47


 2106              		.loc 1 534 6 discriminator 1 view .LVU733
 2107 0040 A042     		cmp	r0, r4
 2108 0042 02DB     		blt	.L67
 535:Middlewares/ST/STM32_WPAN/ble/core/auto/ble_gap_aci.c ****     return BLE_STATUS_TIMEOUT;
 536:Middlewares/ST/STM32_WPAN/ble/core/auto/ble_gap_aci.c ****   return status;
 2109              		.loc 1 536 3 is_stmt 1 view .LVU734
 2110              		.loc 1 536 10 is_stmt 0 view .LVU735
 2111 0044 3078     		ldrb	r0, [r6]	@ zero_extendqisi2
 2112              	.L66:
 537:Middlewares/ST/STM32_WPAN/ble/core/auto/ble_gap_aci.c **** }
 2113              		.loc 1 537 1 view .LVU736
 2114 0046 49B0     		add	sp, sp, #292
 2115              		.cfi_remember_state
 2116              		.cfi_def_cfa_offset 20
 2117              		@ sp needed
 2118 0048 F0BD     		pop	{r4, r5, r6, r7, pc}
 2119              	.LVL220:
 2120              	.L67:
 2121              		.cfi_restore_state
 535:Middlewares/ST/STM32_WPAN/ble/core/auto/ble_gap_aci.c ****     return BLE_STATUS_TIMEOUT;
 2122              		.loc 1 535 12 view .LVU737
 2123 004a FF20     		movs	r0, #255
 2124 004c FBE7     		b	.L66
 2125              		.cfi_endproc
 2126              	.LFE16:
 2128              		.section	.text.aci_gap_configure_filter_accept_list,"ax",%progbits
 2129              		.align	1
 2130              		.global	aci_gap_configure_filter_accept_list
 2131              		.syntax unified
 2132              		.thumb
 2133              		.thumb_func
 2135              	aci_gap_configure_filter_accept_list:
 2136              	.LFB17:
 538:Middlewares/ST/STM32_WPAN/ble/core/auto/ble_gap_aci.c **** 
 539:Middlewares/ST/STM32_WPAN/ble/core/auto/ble_gap_aci.c **** tBleStatus aci_gap_configure_filter_accept_list( void )
 540:Middlewares/ST/STM32_WPAN/ble/core/auto/ble_gap_aci.c **** {
 2137              		.loc 1 540 1 is_stmt 1 view -0
 2138              		.cfi_startproc
 2139              		@ args = 0, pretend = 0, frame = 32
 2140              		@ frame_needed = 0, uses_anonymous_args = 0
 2141 0000 30B5     		push	{r4, r5, lr}
 2142              		.cfi_def_cfa_offset 12
 2143              		.cfi_offset 4, -12
 2144              		.cfi_offset 5, -8
 2145              		.cfi_offset 14, -4
 2146 0002 89B0     		sub	sp, sp, #36
 2147              		.cfi_def_cfa_offset 48
 541:Middlewares/ST/STM32_WPAN/ble/core/auto/ble_gap_aci.c ****   struct hci_request rq;
 2148              		.loc 1 541 3 view .LVU739
 542:Middlewares/ST/STM32_WPAN/ble/core/auto/ble_gap_aci.c ****   tBleStatus status = 0;
 2149              		.loc 1 542 3 view .LVU740
 2150              		.loc 1 542 14 is_stmt 0 view .LVU741
 2151 0004 0024     		movs	r4, #0
 2152 0006 8DF80740 		strb	r4, [sp, #7]
 543:Middlewares/ST/STM32_WPAN/ble/core/auto/ble_gap_aci.c ****   Osal_MemSet( &rq, 0, sizeof(rq) );
 2153              		.loc 1 543 3 is_stmt 1 view .LVU742
 2154 000a 02AD     		add	r5, sp, #8
ARM GAS  C:\Users\Nathan\AppData\Local\Temp\ccVQZ1bc.s 			page 48


 2155 000c 1822     		movs	r2, #24
 2156 000e 2146     		mov	r1, r4
 2157 0010 2846     		mov	r0, r5
 2158 0012 FFF7FEFF 		bl	Osal_MemSet
 2159              	.LVL221:
 544:Middlewares/ST/STM32_WPAN/ble/core/auto/ble_gap_aci.c ****   rq.ogf = 0x3f;
 2160              		.loc 1 544 3 view .LVU743
 2161              		.loc 1 544 10 is_stmt 0 view .LVU744
 2162 0016 3F23     		movs	r3, #63
 2163 0018 ADF80830 		strh	r3, [sp, #8]	@ movhi
 545:Middlewares/ST/STM32_WPAN/ble/core/auto/ble_gap_aci.c ****   rq.ocf = 0x092;
 2164              		.loc 1 545 3 is_stmt 1 view .LVU745
 2165              		.loc 1 545 10 is_stmt 0 view .LVU746
 2166 001c 9223     		movs	r3, #146
 2167 001e ADF80A30 		strh	r3, [sp, #10]	@ movhi
 546:Middlewares/ST/STM32_WPAN/ble/core/auto/ble_gap_aci.c ****   rq.rparam = &status;
 2168              		.loc 1 546 3 is_stmt 1 view .LVU747
 2169              		.loc 1 546 13 is_stmt 0 view .LVU748
 2170 0022 0DF10703 		add	r3, sp, #7
 2171 0026 0693     		str	r3, [sp, #24]
 547:Middlewares/ST/STM32_WPAN/ble/core/auto/ble_gap_aci.c ****   rq.rlen = 1;
 2172              		.loc 1 547 3 is_stmt 1 view .LVU749
 2173              		.loc 1 547 11 is_stmt 0 view .LVU750
 2174 0028 0123     		movs	r3, #1
 2175 002a 0793     		str	r3, [sp, #28]
 548:Middlewares/ST/STM32_WPAN/ble/core/auto/ble_gap_aci.c ****   if ( hci_send_req(&rq, FALSE) < 0 )
 2176              		.loc 1 548 3 is_stmt 1 view .LVU751
 2177              		.loc 1 548 8 is_stmt 0 view .LVU752
 2178 002c 2146     		mov	r1, r4
 2179 002e 2846     		mov	r0, r5
 2180 0030 FFF7FEFF 		bl	hci_send_req
 2181              	.LVL222:
 2182              		.loc 1 548 6 discriminator 1 view .LVU753
 2183 0034 A042     		cmp	r0, r4
 2184 0036 03DB     		blt	.L71
 549:Middlewares/ST/STM32_WPAN/ble/core/auto/ble_gap_aci.c ****     return BLE_STATUS_TIMEOUT;
 550:Middlewares/ST/STM32_WPAN/ble/core/auto/ble_gap_aci.c ****   return status;
 2185              		.loc 1 550 3 is_stmt 1 view .LVU754
 2186              		.loc 1 550 10 is_stmt 0 view .LVU755
 2187 0038 9DF80700 		ldrb	r0, [sp, #7]	@ zero_extendqisi2
 2188              	.L70:
 551:Middlewares/ST/STM32_WPAN/ble/core/auto/ble_gap_aci.c **** }
 2189              		.loc 1 551 1 view .LVU756
 2190 003c 09B0     		add	sp, sp, #36
 2191              		.cfi_remember_state
 2192              		.cfi_def_cfa_offset 12
 2193              		@ sp needed
 2194 003e 30BD     		pop	{r4, r5, pc}
 2195              	.L71:
 2196              		.cfi_restore_state
 549:Middlewares/ST/STM32_WPAN/ble/core/auto/ble_gap_aci.c ****     return BLE_STATUS_TIMEOUT;
 2197              		.loc 1 549 12 view .LVU757
 2198 0040 FF20     		movs	r0, #255
 2199 0042 FBE7     		b	.L70
 2200              		.cfi_endproc
 2201              	.LFE17:
 2203              		.section	.text.aci_gap_terminate,"ax",%progbits
ARM GAS  C:\Users\Nathan\AppData\Local\Temp\ccVQZ1bc.s 			page 49


 2204              		.align	1
 2205              		.global	aci_gap_terminate
 2206              		.syntax unified
 2207              		.thumb
 2208              		.thumb_func
 2210              	aci_gap_terminate:
 2211              	.LVL223:
 2212              	.LFB18:
 552:Middlewares/ST/STM32_WPAN/ble/core/auto/ble_gap_aci.c **** 
 553:Middlewares/ST/STM32_WPAN/ble/core/auto/ble_gap_aci.c **** tBleStatus aci_gap_terminate( uint16_t Connection_Handle,
 554:Middlewares/ST/STM32_WPAN/ble/core/auto/ble_gap_aci.c ****                               uint8_t Reason )
 555:Middlewares/ST/STM32_WPAN/ble/core/auto/ble_gap_aci.c **** {
 2213              		.loc 1 555 1 is_stmt 1 view -0
 2214              		.cfi_startproc
 2215              		@ args = 0, pretend = 0, frame = 288
 2216              		@ frame_needed = 0, uses_anonymous_args = 0
 2217              		.loc 1 555 1 is_stmt 0 view .LVU759
 2218 0000 F0B5     		push	{r4, r5, r6, r7, lr}
 2219              		.cfi_def_cfa_offset 20
 2220              		.cfi_offset 4, -20
 2221              		.cfi_offset 5, -16
 2222              		.cfi_offset 6, -12
 2223              		.cfi_offset 7, -8
 2224              		.cfi_offset 14, -4
 2225 0002 C9B0     		sub	sp, sp, #292
 2226              		.cfi_def_cfa_offset 312
 556:Middlewares/ST/STM32_WPAN/ble/core/auto/ble_gap_aci.c ****   struct hci_request rq;
 2227              		.loc 1 556 3 is_stmt 1 view .LVU760
 557:Middlewares/ST/STM32_WPAN/ble/core/auto/ble_gap_aci.c ****   uint8_t cmd_buffer[BLE_CMD_MAX_PARAM_LEN];
 2228              		.loc 1 557 3 view .LVU761
 558:Middlewares/ST/STM32_WPAN/ble/core/auto/ble_gap_aci.c ****   aci_gap_terminate_cp0 *cp0 = (aci_gap_terminate_cp0*)(cmd_buffer);
 2229              		.loc 1 558 3 view .LVU762
 2230              	.LVL224:
 559:Middlewares/ST/STM32_WPAN/ble/core/auto/ble_gap_aci.c ****   tBleStatus status = 0;
 2231              		.loc 1 559 3 view .LVU763
 2232              		.loc 1 559 14 is_stmt 0 view .LVU764
 2233 0004 0DF10707 		add	r7, sp, #7
 2234 0008 0024     		movs	r4, #0
 2235 000a 8DF80740 		strb	r4, [sp, #7]
 560:Middlewares/ST/STM32_WPAN/ble/core/auto/ble_gap_aci.c ****   int index_input = 0;
 2236              		.loc 1 560 3 is_stmt 1 view .LVU765
 2237              	.LVL225:
 561:Middlewares/ST/STM32_WPAN/ble/core/auto/ble_gap_aci.c ****   cp0->Connection_Handle = Connection_Handle;
 2238              		.loc 1 561 3 view .LVU766
 2239              		.loc 1 561 26 is_stmt 0 view .LVU767
 2240 000e 02AD     		add	r5, sp, #8
 2241              	.LVL226:
 2242              		.loc 1 561 26 view .LVU768
 2243 0010 ADF80800 		strh	r0, [sp, #8]	@ movhi
 562:Middlewares/ST/STM32_WPAN/ble/core/auto/ble_gap_aci.c ****   index_input += 2;
 2244              		.loc 1 562 3 is_stmt 1 view .LVU769
 2245              	.LVL227:
 563:Middlewares/ST/STM32_WPAN/ble/core/auto/ble_gap_aci.c ****   cp0->Reason = Reason;
 2246              		.loc 1 563 3 view .LVU770
 2247              		.loc 1 563 15 is_stmt 0 view .LVU771
 2248 0014 8DF80A10 		strb	r1, [sp, #10]
 564:Middlewares/ST/STM32_WPAN/ble/core/auto/ble_gap_aci.c ****   index_input += 1;
ARM GAS  C:\Users\Nathan\AppData\Local\Temp\ccVQZ1bc.s 			page 50


 2249              		.loc 1 564 3 is_stmt 1 view .LVU772
 2250              	.LVL228:
 565:Middlewares/ST/STM32_WPAN/ble/core/auto/ble_gap_aci.c ****   Osal_MemSet( &rq, 0, sizeof(rq) );
 2251              		.loc 1 565 3 view .LVU773
 2252 0018 42AE     		add	r6, sp, #264
 2253 001a 1822     		movs	r2, #24
 2254 001c 2146     		mov	r1, r4
 2255              	.LVL229:
 2256              		.loc 1 565 3 is_stmt 0 view .LVU774
 2257 001e 3046     		mov	r0, r6
 2258              	.LVL230:
 2259              		.loc 1 565 3 view .LVU775
 2260 0020 FFF7FEFF 		bl	Osal_MemSet
 2261              	.LVL231:
 566:Middlewares/ST/STM32_WPAN/ble/core/auto/ble_gap_aci.c ****   rq.ogf = 0x3f;
 2262              		.loc 1 566 3 is_stmt 1 view .LVU776
 2263              		.loc 1 566 10 is_stmt 0 view .LVU777
 2264 0024 3F23     		movs	r3, #63
 2265 0026 ADF80831 		strh	r3, [sp, #264]	@ movhi
 567:Middlewares/ST/STM32_WPAN/ble/core/auto/ble_gap_aci.c ****   rq.ocf = 0x093;
 2266              		.loc 1 567 3 is_stmt 1 view .LVU778
 2267              		.loc 1 567 10 is_stmt 0 view .LVU779
 2268 002a 9323     		movs	r3, #147
 2269 002c ADF80A31 		strh	r3, [sp, #266]	@ movhi
 568:Middlewares/ST/STM32_WPAN/ble/core/auto/ble_gap_aci.c ****   rq.event = 0x0F;
 2270              		.loc 1 568 3 is_stmt 1 view .LVU780
 2271              		.loc 1 568 12 is_stmt 0 view .LVU781
 2272 0030 0F23     		movs	r3, #15
 2273 0032 4393     		str	r3, [sp, #268]
 569:Middlewares/ST/STM32_WPAN/ble/core/auto/ble_gap_aci.c ****   rq.cparam = cmd_buffer;
 2274              		.loc 1 569 3 is_stmt 1 view .LVU782
 2275              		.loc 1 569 13 is_stmt 0 view .LVU783
 2276 0034 4495     		str	r5, [sp, #272]
 570:Middlewares/ST/STM32_WPAN/ble/core/auto/ble_gap_aci.c ****   rq.clen = index_input;
 2277              		.loc 1 570 3 is_stmt 1 view .LVU784
 2278              		.loc 1 570 11 is_stmt 0 view .LVU785
 2279 0036 0323     		movs	r3, #3
 2280 0038 4593     		str	r3, [sp, #276]
 571:Middlewares/ST/STM32_WPAN/ble/core/auto/ble_gap_aci.c ****   rq.rparam = &status;
 2281              		.loc 1 571 3 is_stmt 1 view .LVU786
 2282              		.loc 1 571 13 is_stmt 0 view .LVU787
 2283 003a 4697     		str	r7, [sp, #280]
 572:Middlewares/ST/STM32_WPAN/ble/core/auto/ble_gap_aci.c ****   rq.rlen = 1;
 2284              		.loc 1 572 3 is_stmt 1 view .LVU788
 2285              		.loc 1 572 11 is_stmt 0 view .LVU789
 2286 003c 0123     		movs	r3, #1
 2287 003e 4793     		str	r3, [sp, #284]
 573:Middlewares/ST/STM32_WPAN/ble/core/auto/ble_gap_aci.c ****   if ( hci_send_req(&rq, FALSE) < 0 )
 2288              		.loc 1 573 3 is_stmt 1 view .LVU790
 2289              		.loc 1 573 8 is_stmt 0 view .LVU791
 2290 0040 2146     		mov	r1, r4
 2291 0042 3046     		mov	r0, r6
 2292 0044 FFF7FEFF 		bl	hci_send_req
 2293              	.LVL232:
 2294              		.loc 1 573 6 discriminator 1 view .LVU792
 2295 0048 A042     		cmp	r0, r4
 2296 004a 02DB     		blt	.L75
ARM GAS  C:\Users\Nathan\AppData\Local\Temp\ccVQZ1bc.s 			page 51


 574:Middlewares/ST/STM32_WPAN/ble/core/auto/ble_gap_aci.c ****     return BLE_STATUS_TIMEOUT;
 575:Middlewares/ST/STM32_WPAN/ble/core/auto/ble_gap_aci.c ****   return status;
 2297              		.loc 1 575 3 is_stmt 1 view .LVU793
 2298              		.loc 1 575 10 is_stmt 0 view .LVU794
 2299 004c 3878     		ldrb	r0, [r7]	@ zero_extendqisi2
 2300              	.L74:
 576:Middlewares/ST/STM32_WPAN/ble/core/auto/ble_gap_aci.c **** }
 2301              		.loc 1 576 1 view .LVU795
 2302 004e 49B0     		add	sp, sp, #292
 2303              		.cfi_remember_state
 2304              		.cfi_def_cfa_offset 20
 2305              		@ sp needed
 2306 0050 F0BD     		pop	{r4, r5, r6, r7, pc}
 2307              	.LVL233:
 2308              	.L75:
 2309              		.cfi_restore_state
 574:Middlewares/ST/STM32_WPAN/ble/core/auto/ble_gap_aci.c ****     return BLE_STATUS_TIMEOUT;
 2310              		.loc 1 574 12 view .LVU796
 2311 0052 FF20     		movs	r0, #255
 2312 0054 FBE7     		b	.L74
 2313              		.cfi_endproc
 2314              	.LFE18:
 2316              		.section	.text.aci_gap_clear_security_db,"ax",%progbits
 2317              		.align	1
 2318              		.global	aci_gap_clear_security_db
 2319              		.syntax unified
 2320              		.thumb
 2321              		.thumb_func
 2323              	aci_gap_clear_security_db:
 2324              	.LFB19:
 577:Middlewares/ST/STM32_WPAN/ble/core/auto/ble_gap_aci.c **** 
 578:Middlewares/ST/STM32_WPAN/ble/core/auto/ble_gap_aci.c **** tBleStatus aci_gap_clear_security_db( void )
 579:Middlewares/ST/STM32_WPAN/ble/core/auto/ble_gap_aci.c **** {
 2325              		.loc 1 579 1 is_stmt 1 view -0
 2326              		.cfi_startproc
 2327              		@ args = 0, pretend = 0, frame = 32
 2328              		@ frame_needed = 0, uses_anonymous_args = 0
 2329 0000 30B5     		push	{r4, r5, lr}
 2330              		.cfi_def_cfa_offset 12
 2331              		.cfi_offset 4, -12
 2332              		.cfi_offset 5, -8
 2333              		.cfi_offset 14, -4
 2334 0002 89B0     		sub	sp, sp, #36
 2335              		.cfi_def_cfa_offset 48
 580:Middlewares/ST/STM32_WPAN/ble/core/auto/ble_gap_aci.c ****   struct hci_request rq;
 2336              		.loc 1 580 3 view .LVU798
 581:Middlewares/ST/STM32_WPAN/ble/core/auto/ble_gap_aci.c ****   tBleStatus status = 0;
 2337              		.loc 1 581 3 view .LVU799
 2338              		.loc 1 581 14 is_stmt 0 view .LVU800
 2339 0004 0024     		movs	r4, #0
 2340 0006 8DF80740 		strb	r4, [sp, #7]
 582:Middlewares/ST/STM32_WPAN/ble/core/auto/ble_gap_aci.c ****   Osal_MemSet( &rq, 0, sizeof(rq) );
 2341              		.loc 1 582 3 is_stmt 1 view .LVU801
 2342 000a 02AD     		add	r5, sp, #8
 2343 000c 1822     		movs	r2, #24
 2344 000e 2146     		mov	r1, r4
 2345 0010 2846     		mov	r0, r5
ARM GAS  C:\Users\Nathan\AppData\Local\Temp\ccVQZ1bc.s 			page 52


 2346 0012 FFF7FEFF 		bl	Osal_MemSet
 2347              	.LVL234:
 583:Middlewares/ST/STM32_WPAN/ble/core/auto/ble_gap_aci.c ****   rq.ogf = 0x3f;
 2348              		.loc 1 583 3 view .LVU802
 2349              		.loc 1 583 10 is_stmt 0 view .LVU803
 2350 0016 3F23     		movs	r3, #63
 2351 0018 ADF80830 		strh	r3, [sp, #8]	@ movhi
 584:Middlewares/ST/STM32_WPAN/ble/core/auto/ble_gap_aci.c ****   rq.ocf = 0x094;
 2352              		.loc 1 584 3 is_stmt 1 view .LVU804
 2353              		.loc 1 584 10 is_stmt 0 view .LVU805
 2354 001c 9423     		movs	r3, #148
 2355 001e ADF80A30 		strh	r3, [sp, #10]	@ movhi
 585:Middlewares/ST/STM32_WPAN/ble/core/auto/ble_gap_aci.c ****   rq.rparam = &status;
 2356              		.loc 1 585 3 is_stmt 1 view .LVU806
 2357              		.loc 1 585 13 is_stmt 0 view .LVU807
 2358 0022 0DF10703 		add	r3, sp, #7
 2359 0026 0693     		str	r3, [sp, #24]
 586:Middlewares/ST/STM32_WPAN/ble/core/auto/ble_gap_aci.c ****   rq.rlen = 1;
 2360              		.loc 1 586 3 is_stmt 1 view .LVU808
 2361              		.loc 1 586 11 is_stmt 0 view .LVU809
 2362 0028 0123     		movs	r3, #1
 2363 002a 0793     		str	r3, [sp, #28]
 587:Middlewares/ST/STM32_WPAN/ble/core/auto/ble_gap_aci.c ****   if ( hci_send_req(&rq, FALSE) < 0 )
 2364              		.loc 1 587 3 is_stmt 1 view .LVU810
 2365              		.loc 1 587 8 is_stmt 0 view .LVU811
 2366 002c 2146     		mov	r1, r4
 2367 002e 2846     		mov	r0, r5
 2368 0030 FFF7FEFF 		bl	hci_send_req
 2369              	.LVL235:
 2370              		.loc 1 587 6 discriminator 1 view .LVU812
 2371 0034 A042     		cmp	r0, r4
 2372 0036 03DB     		blt	.L79
 588:Middlewares/ST/STM32_WPAN/ble/core/auto/ble_gap_aci.c ****     return BLE_STATUS_TIMEOUT;
 589:Middlewares/ST/STM32_WPAN/ble/core/auto/ble_gap_aci.c ****   return status;
 2373              		.loc 1 589 3 is_stmt 1 view .LVU813
 2374              		.loc 1 589 10 is_stmt 0 view .LVU814
 2375 0038 9DF80700 		ldrb	r0, [sp, #7]	@ zero_extendqisi2
 2376              	.L78:
 590:Middlewares/ST/STM32_WPAN/ble/core/auto/ble_gap_aci.c **** }
 2377              		.loc 1 590 1 view .LVU815
 2378 003c 09B0     		add	sp, sp, #36
 2379              		.cfi_remember_state
 2380              		.cfi_def_cfa_offset 12
 2381              		@ sp needed
 2382 003e 30BD     		pop	{r4, r5, pc}
 2383              	.L79:
 2384              		.cfi_restore_state
 588:Middlewares/ST/STM32_WPAN/ble/core/auto/ble_gap_aci.c ****     return BLE_STATUS_TIMEOUT;
 2385              		.loc 1 588 12 view .LVU816
 2386 0040 FF20     		movs	r0, #255
 2387 0042 FBE7     		b	.L78
 2388              		.cfi_endproc
 2389              	.LFE19:
 2391              		.section	.text.aci_gap_allow_rebond,"ax",%progbits
 2392              		.align	1
 2393              		.global	aci_gap_allow_rebond
 2394              		.syntax unified
ARM GAS  C:\Users\Nathan\AppData\Local\Temp\ccVQZ1bc.s 			page 53


 2395              		.thumb
 2396              		.thumb_func
 2398              	aci_gap_allow_rebond:
 2399              	.LVL236:
 2400              	.LFB20:
 591:Middlewares/ST/STM32_WPAN/ble/core/auto/ble_gap_aci.c **** 
 592:Middlewares/ST/STM32_WPAN/ble/core/auto/ble_gap_aci.c **** tBleStatus aci_gap_allow_rebond( uint16_t Connection_Handle )
 593:Middlewares/ST/STM32_WPAN/ble/core/auto/ble_gap_aci.c **** {
 2401              		.loc 1 593 1 is_stmt 1 view -0
 2402              		.cfi_startproc
 2403              		@ args = 0, pretend = 0, frame = 288
 2404              		@ frame_needed = 0, uses_anonymous_args = 0
 2405              		.loc 1 593 1 is_stmt 0 view .LVU818
 2406 0000 F0B5     		push	{r4, r5, r6, r7, lr}
 2407              		.cfi_def_cfa_offset 20
 2408              		.cfi_offset 4, -20
 2409              		.cfi_offset 5, -16
 2410              		.cfi_offset 6, -12
 2411              		.cfi_offset 7, -8
 2412              		.cfi_offset 14, -4
 2413 0002 C9B0     		sub	sp, sp, #292
 2414              		.cfi_def_cfa_offset 312
 594:Middlewares/ST/STM32_WPAN/ble/core/auto/ble_gap_aci.c ****   struct hci_request rq;
 2415              		.loc 1 594 3 is_stmt 1 view .LVU819
 595:Middlewares/ST/STM32_WPAN/ble/core/auto/ble_gap_aci.c ****   uint8_t cmd_buffer[BLE_CMD_MAX_PARAM_LEN];
 2416              		.loc 1 595 3 view .LVU820
 596:Middlewares/ST/STM32_WPAN/ble/core/auto/ble_gap_aci.c ****   aci_gap_allow_rebond_cp0 *cp0 = (aci_gap_allow_rebond_cp0*)(cmd_buffer);
 2417              		.loc 1 596 3 view .LVU821
 2418              	.LVL237:
 597:Middlewares/ST/STM32_WPAN/ble/core/auto/ble_gap_aci.c ****   tBleStatus status = 0;
 2419              		.loc 1 597 3 view .LVU822
 2420              		.loc 1 597 14 is_stmt 0 view .LVU823
 2421 0004 0DF10706 		add	r6, sp, #7
 2422 0008 0024     		movs	r4, #0
 2423 000a 8DF80740 		strb	r4, [sp, #7]
 598:Middlewares/ST/STM32_WPAN/ble/core/auto/ble_gap_aci.c ****   int index_input = 0;
 2424              		.loc 1 598 3 is_stmt 1 view .LVU824
 2425              	.LVL238:
 599:Middlewares/ST/STM32_WPAN/ble/core/auto/ble_gap_aci.c ****   cp0->Connection_Handle = Connection_Handle;
 2426              		.loc 1 599 3 view .LVU825
 2427              		.loc 1 599 26 is_stmt 0 view .LVU826
 2428 000e 02AF     		add	r7, sp, #8
 2429              	.LVL239:
 2430              		.loc 1 599 26 view .LVU827
 2431 0010 ADF80800 		strh	r0, [sp, #8]	@ movhi
 600:Middlewares/ST/STM32_WPAN/ble/core/auto/ble_gap_aci.c ****   index_input += 2;
 2432              		.loc 1 600 3 is_stmt 1 view .LVU828
 2433              	.LVL240:
 601:Middlewares/ST/STM32_WPAN/ble/core/auto/ble_gap_aci.c ****   Osal_MemSet( &rq, 0, sizeof(rq) );
 2434              		.loc 1 601 3 view .LVU829
 2435 0014 42AD     		add	r5, sp, #264
 2436 0016 1822     		movs	r2, #24
 2437 0018 2146     		mov	r1, r4
 2438 001a 2846     		mov	r0, r5
 2439              	.LVL241:
 2440              		.loc 1 601 3 is_stmt 0 view .LVU830
 2441 001c FFF7FEFF 		bl	Osal_MemSet
ARM GAS  C:\Users\Nathan\AppData\Local\Temp\ccVQZ1bc.s 			page 54


 2442              	.LVL242:
 602:Middlewares/ST/STM32_WPAN/ble/core/auto/ble_gap_aci.c ****   rq.ogf = 0x3f;
 2443              		.loc 1 602 3 is_stmt 1 view .LVU831
 2444              		.loc 1 602 10 is_stmt 0 view .LVU832
 2445 0020 3F23     		movs	r3, #63
 2446 0022 ADF80831 		strh	r3, [sp, #264]	@ movhi
 603:Middlewares/ST/STM32_WPAN/ble/core/auto/ble_gap_aci.c ****   rq.ocf = 0x095;
 2447              		.loc 1 603 3 is_stmt 1 view .LVU833
 2448              		.loc 1 603 10 is_stmt 0 view .LVU834
 2449 0026 9523     		movs	r3, #149
 2450 0028 ADF80A31 		strh	r3, [sp, #266]	@ movhi
 604:Middlewares/ST/STM32_WPAN/ble/core/auto/ble_gap_aci.c ****   rq.cparam = cmd_buffer;
 2451              		.loc 1 604 3 is_stmt 1 view .LVU835
 2452              		.loc 1 604 13 is_stmt 0 view .LVU836
 2453 002c 4497     		str	r7, [sp, #272]
 605:Middlewares/ST/STM32_WPAN/ble/core/auto/ble_gap_aci.c ****   rq.clen = index_input;
 2454              		.loc 1 605 3 is_stmt 1 view .LVU837
 2455              		.loc 1 605 11 is_stmt 0 view .LVU838
 2456 002e 0223     		movs	r3, #2
 2457 0030 4593     		str	r3, [sp, #276]
 606:Middlewares/ST/STM32_WPAN/ble/core/auto/ble_gap_aci.c ****   rq.rparam = &status;
 2458              		.loc 1 606 3 is_stmt 1 view .LVU839
 2459              		.loc 1 606 13 is_stmt 0 view .LVU840
 2460 0032 4696     		str	r6, [sp, #280]
 607:Middlewares/ST/STM32_WPAN/ble/core/auto/ble_gap_aci.c ****   rq.rlen = 1;
 2461              		.loc 1 607 3 is_stmt 1 view .LVU841
 2462              		.loc 1 607 11 is_stmt 0 view .LVU842
 2463 0034 0123     		movs	r3, #1
 2464 0036 4793     		str	r3, [sp, #284]
 608:Middlewares/ST/STM32_WPAN/ble/core/auto/ble_gap_aci.c ****   if ( hci_send_req(&rq, FALSE) < 0 )
 2465              		.loc 1 608 3 is_stmt 1 view .LVU843
 2466              		.loc 1 608 8 is_stmt 0 view .LVU844
 2467 0038 2146     		mov	r1, r4
 2468 003a 2846     		mov	r0, r5
 2469 003c FFF7FEFF 		bl	hci_send_req
 2470              	.LVL243:
 2471              		.loc 1 608 6 discriminator 1 view .LVU845
 2472 0040 A042     		cmp	r0, r4
 2473 0042 02DB     		blt	.L83
 609:Middlewares/ST/STM32_WPAN/ble/core/auto/ble_gap_aci.c ****     return BLE_STATUS_TIMEOUT;
 610:Middlewares/ST/STM32_WPAN/ble/core/auto/ble_gap_aci.c ****   return status;
 2474              		.loc 1 610 3 is_stmt 1 view .LVU846
 2475              		.loc 1 610 10 is_stmt 0 view .LVU847
 2476 0044 3078     		ldrb	r0, [r6]	@ zero_extendqisi2
 2477              	.L82:
 611:Middlewares/ST/STM32_WPAN/ble/core/auto/ble_gap_aci.c **** }
 2478              		.loc 1 611 1 view .LVU848
 2479 0046 49B0     		add	sp, sp, #292
 2480              		.cfi_remember_state
 2481              		.cfi_def_cfa_offset 20
 2482              		@ sp needed
 2483 0048 F0BD     		pop	{r4, r5, r6, r7, pc}
 2484              	.LVL244:
 2485              	.L83:
 2486              		.cfi_restore_state
 609:Middlewares/ST/STM32_WPAN/ble/core/auto/ble_gap_aci.c ****     return BLE_STATUS_TIMEOUT;
 2487              		.loc 1 609 12 view .LVU849
ARM GAS  C:\Users\Nathan\AppData\Local\Temp\ccVQZ1bc.s 			page 55


 2488 004a FF20     		movs	r0, #255
 2489 004c FBE7     		b	.L82
 2490              		.cfi_endproc
 2491              	.LFE20:
 2493              		.section	.text.aci_gap_start_limited_discovery_proc,"ax",%progbits
 2494              		.align	1
 2495              		.global	aci_gap_start_limited_discovery_proc
 2496              		.syntax unified
 2497              		.thumb
 2498              		.thumb_func
 2500              	aci_gap_start_limited_discovery_proc:
 2501              	.LVL245:
 2502              	.LFB21:
 612:Middlewares/ST/STM32_WPAN/ble/core/auto/ble_gap_aci.c **** 
 613:Middlewares/ST/STM32_WPAN/ble/core/auto/ble_gap_aci.c **** tBleStatus aci_gap_start_limited_discovery_proc( uint16_t LE_Scan_Interval,
 614:Middlewares/ST/STM32_WPAN/ble/core/auto/ble_gap_aci.c ****                                                  uint16_t LE_Scan_Window,
 615:Middlewares/ST/STM32_WPAN/ble/core/auto/ble_gap_aci.c ****                                                  uint8_t Own_Address_Type,
 616:Middlewares/ST/STM32_WPAN/ble/core/auto/ble_gap_aci.c ****                                                  uint8_t Filter_Duplicates )
 617:Middlewares/ST/STM32_WPAN/ble/core/auto/ble_gap_aci.c **** {
 2503              		.loc 1 617 1 is_stmt 1 view -0
 2504              		.cfi_startproc
 2505              		@ args = 0, pretend = 0, frame = 288
 2506              		@ frame_needed = 0, uses_anonymous_args = 0
 2507              		.loc 1 617 1 is_stmt 0 view .LVU851
 2508 0000 F0B5     		push	{r4, r5, r6, r7, lr}
 2509              		.cfi_def_cfa_offset 20
 2510              		.cfi_offset 4, -20
 2511              		.cfi_offset 5, -16
 2512              		.cfi_offset 6, -12
 2513              		.cfi_offset 7, -8
 2514              		.cfi_offset 14, -4
 2515 0002 C9B0     		sub	sp, sp, #292
 2516              		.cfi_def_cfa_offset 312
 618:Middlewares/ST/STM32_WPAN/ble/core/auto/ble_gap_aci.c ****   struct hci_request rq;
 2517              		.loc 1 618 3 is_stmt 1 view .LVU852
 619:Middlewares/ST/STM32_WPAN/ble/core/auto/ble_gap_aci.c ****   uint8_t cmd_buffer[BLE_CMD_MAX_PARAM_LEN];
 2518              		.loc 1 619 3 view .LVU853
 620:Middlewares/ST/STM32_WPAN/ble/core/auto/ble_gap_aci.c ****   aci_gap_start_limited_discovery_proc_cp0 *cp0 = (aci_gap_start_limited_discovery_proc_cp0*)(cmd_b
 2519              		.loc 1 620 3 view .LVU854
 2520              	.LVL246:
 621:Middlewares/ST/STM32_WPAN/ble/core/auto/ble_gap_aci.c ****   tBleStatus status = 0;
 2521              		.loc 1 621 3 view .LVU855
 2522              		.loc 1 621 14 is_stmt 0 view .LVU856
 2523 0004 0DF10707 		add	r7, sp, #7
 2524 0008 0025     		movs	r5, #0
 2525 000a 8DF80750 		strb	r5, [sp, #7]
 622:Middlewares/ST/STM32_WPAN/ble/core/auto/ble_gap_aci.c ****   int index_input = 0;
 2526              		.loc 1 622 3 is_stmt 1 view .LVU857
 2527              	.LVL247:
 623:Middlewares/ST/STM32_WPAN/ble/core/auto/ble_gap_aci.c ****   cp0->LE_Scan_Interval = LE_Scan_Interval;
 2528              		.loc 1 623 3 view .LVU858
 2529              		.loc 1 623 25 is_stmt 0 view .LVU859
 2530 000e 02AC     		add	r4, sp, #8
 2531              	.LVL248:
 2532              		.loc 1 623 25 view .LVU860
 2533 0010 ADF80800 		strh	r0, [sp, #8]	@ movhi
 624:Middlewares/ST/STM32_WPAN/ble/core/auto/ble_gap_aci.c ****   index_input += 2;
ARM GAS  C:\Users\Nathan\AppData\Local\Temp\ccVQZ1bc.s 			page 56


 2534              		.loc 1 624 3 is_stmt 1 view .LVU861
 2535              	.LVL249:
 625:Middlewares/ST/STM32_WPAN/ble/core/auto/ble_gap_aci.c ****   cp0->LE_Scan_Window = LE_Scan_Window;
 2536              		.loc 1 625 3 view .LVU862
 2537              		.loc 1 625 23 is_stmt 0 view .LVU863
 2538 0014 ADF80A10 		strh	r1, [sp, #10]	@ movhi
 626:Middlewares/ST/STM32_WPAN/ble/core/auto/ble_gap_aci.c ****   index_input += 2;
 2539              		.loc 1 626 3 is_stmt 1 view .LVU864
 2540              	.LVL250:
 627:Middlewares/ST/STM32_WPAN/ble/core/auto/ble_gap_aci.c ****   cp0->Own_Address_Type = Own_Address_Type;
 2541              		.loc 1 627 3 view .LVU865
 2542              		.loc 1 627 25 is_stmt 0 view .LVU866
 2543 0018 8DF80C20 		strb	r2, [sp, #12]
 628:Middlewares/ST/STM32_WPAN/ble/core/auto/ble_gap_aci.c ****   index_input += 1;
 2544              		.loc 1 628 3 is_stmt 1 view .LVU867
 2545              	.LVL251:
 629:Middlewares/ST/STM32_WPAN/ble/core/auto/ble_gap_aci.c ****   cp0->Filter_Duplicates = Filter_Duplicates;
 2546              		.loc 1 629 3 view .LVU868
 2547              		.loc 1 629 26 is_stmt 0 view .LVU869
 2548 001c 8DF80D30 		strb	r3, [sp, #13]
 630:Middlewares/ST/STM32_WPAN/ble/core/auto/ble_gap_aci.c ****   index_input += 1;
 2549              		.loc 1 630 3 is_stmt 1 view .LVU870
 2550              	.LVL252:
 631:Middlewares/ST/STM32_WPAN/ble/core/auto/ble_gap_aci.c ****   Osal_MemSet( &rq, 0, sizeof(rq) );
 2551              		.loc 1 631 3 view .LVU871
 2552 0020 42AE     		add	r6, sp, #264
 2553 0022 1822     		movs	r2, #24
 2554              	.LVL253:
 2555              		.loc 1 631 3 is_stmt 0 view .LVU872
 2556 0024 2946     		mov	r1, r5
 2557              	.LVL254:
 2558              		.loc 1 631 3 view .LVU873
 2559 0026 3046     		mov	r0, r6
 2560              	.LVL255:
 2561              		.loc 1 631 3 view .LVU874
 2562 0028 FFF7FEFF 		bl	Osal_MemSet
 2563              	.LVL256:
 632:Middlewares/ST/STM32_WPAN/ble/core/auto/ble_gap_aci.c ****   rq.ogf = 0x3f;
 2564              		.loc 1 632 3 is_stmt 1 view .LVU875
 2565              		.loc 1 632 10 is_stmt 0 view .LVU876
 2566 002c 3F23     		movs	r3, #63
 2567 002e ADF80831 		strh	r3, [sp, #264]	@ movhi
 633:Middlewares/ST/STM32_WPAN/ble/core/auto/ble_gap_aci.c ****   rq.ocf = 0x096;
 2568              		.loc 1 633 3 is_stmt 1 view .LVU877
 2569              		.loc 1 633 10 is_stmt 0 view .LVU878
 2570 0032 9623     		movs	r3, #150
 2571 0034 ADF80A31 		strh	r3, [sp, #266]	@ movhi
 634:Middlewares/ST/STM32_WPAN/ble/core/auto/ble_gap_aci.c ****   rq.event = 0x0F;
 2572              		.loc 1 634 3 is_stmt 1 view .LVU879
 2573              		.loc 1 634 12 is_stmt 0 view .LVU880
 2574 0038 0F23     		movs	r3, #15
 2575 003a 4393     		str	r3, [sp, #268]
 635:Middlewares/ST/STM32_WPAN/ble/core/auto/ble_gap_aci.c ****   rq.cparam = cmd_buffer;
 2576              		.loc 1 635 3 is_stmt 1 view .LVU881
 2577              		.loc 1 635 13 is_stmt 0 view .LVU882
 2578 003c 4494     		str	r4, [sp, #272]
 636:Middlewares/ST/STM32_WPAN/ble/core/auto/ble_gap_aci.c ****   rq.clen = index_input;
ARM GAS  C:\Users\Nathan\AppData\Local\Temp\ccVQZ1bc.s 			page 57


 2579              		.loc 1 636 3 is_stmt 1 view .LVU883
 2580              		.loc 1 636 11 is_stmt 0 view .LVU884
 2581 003e 0623     		movs	r3, #6
 2582 0040 4593     		str	r3, [sp, #276]
 637:Middlewares/ST/STM32_WPAN/ble/core/auto/ble_gap_aci.c ****   rq.rparam = &status;
 2583              		.loc 1 637 3 is_stmt 1 view .LVU885
 2584              		.loc 1 637 13 is_stmt 0 view .LVU886
 2585 0042 4697     		str	r7, [sp, #280]
 638:Middlewares/ST/STM32_WPAN/ble/core/auto/ble_gap_aci.c ****   rq.rlen = 1;
 2586              		.loc 1 638 3 is_stmt 1 view .LVU887
 2587              		.loc 1 638 11 is_stmt 0 view .LVU888
 2588 0044 0123     		movs	r3, #1
 2589 0046 4793     		str	r3, [sp, #284]
 639:Middlewares/ST/STM32_WPAN/ble/core/auto/ble_gap_aci.c ****   if ( hci_send_req(&rq, FALSE) < 0 )
 2590              		.loc 1 639 3 is_stmt 1 view .LVU889
 2591              		.loc 1 639 8 is_stmt 0 view .LVU890
 2592 0048 2946     		mov	r1, r5
 2593 004a 3046     		mov	r0, r6
 2594 004c FFF7FEFF 		bl	hci_send_req
 2595              	.LVL257:
 2596              		.loc 1 639 6 discriminator 1 view .LVU891
 2597 0050 A842     		cmp	r0, r5
 2598 0052 02DB     		blt	.L87
 640:Middlewares/ST/STM32_WPAN/ble/core/auto/ble_gap_aci.c ****     return BLE_STATUS_TIMEOUT;
 641:Middlewares/ST/STM32_WPAN/ble/core/auto/ble_gap_aci.c ****   return status;
 2599              		.loc 1 641 3 is_stmt 1 view .LVU892
 2600              		.loc 1 641 10 is_stmt 0 view .LVU893
 2601 0054 3878     		ldrb	r0, [r7]	@ zero_extendqisi2
 2602              	.L86:
 642:Middlewares/ST/STM32_WPAN/ble/core/auto/ble_gap_aci.c **** }
 2603              		.loc 1 642 1 view .LVU894
 2604 0056 49B0     		add	sp, sp, #292
 2605              		.cfi_remember_state
 2606              		.cfi_def_cfa_offset 20
 2607              		@ sp needed
 2608 0058 F0BD     		pop	{r4, r5, r6, r7, pc}
 2609              	.LVL258:
 2610              	.L87:
 2611              		.cfi_restore_state
 640:Middlewares/ST/STM32_WPAN/ble/core/auto/ble_gap_aci.c ****     return BLE_STATUS_TIMEOUT;
 2612              		.loc 1 640 12 view .LVU895
 2613 005a FF20     		movs	r0, #255
 2614 005c FBE7     		b	.L86
 2615              		.cfi_endproc
 2616              	.LFE21:
 2618              		.section	.text.aci_gap_start_general_discovery_proc,"ax",%progbits
 2619              		.align	1
 2620              		.global	aci_gap_start_general_discovery_proc
 2621              		.syntax unified
 2622              		.thumb
 2623              		.thumb_func
 2625              	aci_gap_start_general_discovery_proc:
 2626              	.LVL259:
 2627              	.LFB22:
 643:Middlewares/ST/STM32_WPAN/ble/core/auto/ble_gap_aci.c **** 
 644:Middlewares/ST/STM32_WPAN/ble/core/auto/ble_gap_aci.c **** tBleStatus aci_gap_start_general_discovery_proc( uint16_t LE_Scan_Interval,
 645:Middlewares/ST/STM32_WPAN/ble/core/auto/ble_gap_aci.c ****                                                  uint16_t LE_Scan_Window,
ARM GAS  C:\Users\Nathan\AppData\Local\Temp\ccVQZ1bc.s 			page 58


 646:Middlewares/ST/STM32_WPAN/ble/core/auto/ble_gap_aci.c ****                                                  uint8_t Own_Address_Type,
 647:Middlewares/ST/STM32_WPAN/ble/core/auto/ble_gap_aci.c ****                                                  uint8_t Filter_Duplicates )
 648:Middlewares/ST/STM32_WPAN/ble/core/auto/ble_gap_aci.c **** {
 2628              		.loc 1 648 1 is_stmt 1 view -0
 2629              		.cfi_startproc
 2630              		@ args = 0, pretend = 0, frame = 288
 2631              		@ frame_needed = 0, uses_anonymous_args = 0
 2632              		.loc 1 648 1 is_stmt 0 view .LVU897
 2633 0000 F0B5     		push	{r4, r5, r6, r7, lr}
 2634              		.cfi_def_cfa_offset 20
 2635              		.cfi_offset 4, -20
 2636              		.cfi_offset 5, -16
 2637              		.cfi_offset 6, -12
 2638              		.cfi_offset 7, -8
 2639              		.cfi_offset 14, -4
 2640 0002 C9B0     		sub	sp, sp, #292
 2641              		.cfi_def_cfa_offset 312
 649:Middlewares/ST/STM32_WPAN/ble/core/auto/ble_gap_aci.c ****   struct hci_request rq;
 2642              		.loc 1 649 3 is_stmt 1 view .LVU898
 650:Middlewares/ST/STM32_WPAN/ble/core/auto/ble_gap_aci.c ****   uint8_t cmd_buffer[BLE_CMD_MAX_PARAM_LEN];
 2643              		.loc 1 650 3 view .LVU899
 651:Middlewares/ST/STM32_WPAN/ble/core/auto/ble_gap_aci.c ****   aci_gap_start_general_discovery_proc_cp0 *cp0 = (aci_gap_start_general_discovery_proc_cp0*)(cmd_b
 2644              		.loc 1 651 3 view .LVU900
 2645              	.LVL260:
 652:Middlewares/ST/STM32_WPAN/ble/core/auto/ble_gap_aci.c ****   tBleStatus status = 0;
 2646              		.loc 1 652 3 view .LVU901
 2647              		.loc 1 652 14 is_stmt 0 view .LVU902
 2648 0004 0DF10707 		add	r7, sp, #7
 2649 0008 0025     		movs	r5, #0
 2650 000a 8DF80750 		strb	r5, [sp, #7]
 653:Middlewares/ST/STM32_WPAN/ble/core/auto/ble_gap_aci.c ****   int index_input = 0;
 2651              		.loc 1 653 3 is_stmt 1 view .LVU903
 2652              	.LVL261:
 654:Middlewares/ST/STM32_WPAN/ble/core/auto/ble_gap_aci.c ****   cp0->LE_Scan_Interval = LE_Scan_Interval;
 2653              		.loc 1 654 3 view .LVU904
 2654              		.loc 1 654 25 is_stmt 0 view .LVU905
 2655 000e 02AC     		add	r4, sp, #8
 2656              	.LVL262:
 2657              		.loc 1 654 25 view .LVU906
 2658 0010 ADF80800 		strh	r0, [sp, #8]	@ movhi
 655:Middlewares/ST/STM32_WPAN/ble/core/auto/ble_gap_aci.c ****   index_input += 2;
 2659              		.loc 1 655 3 is_stmt 1 view .LVU907
 2660              	.LVL263:
 656:Middlewares/ST/STM32_WPAN/ble/core/auto/ble_gap_aci.c ****   cp0->LE_Scan_Window = LE_Scan_Window;
 2661              		.loc 1 656 3 view .LVU908
 2662              		.loc 1 656 23 is_stmt 0 view .LVU909
 2663 0014 ADF80A10 		strh	r1, [sp, #10]	@ movhi
 657:Middlewares/ST/STM32_WPAN/ble/core/auto/ble_gap_aci.c ****   index_input += 2;
 2664              		.loc 1 657 3 is_stmt 1 view .LVU910
 2665              	.LVL264:
 658:Middlewares/ST/STM32_WPAN/ble/core/auto/ble_gap_aci.c ****   cp0->Own_Address_Type = Own_Address_Type;
 2666              		.loc 1 658 3 view .LVU911
 2667              		.loc 1 658 25 is_stmt 0 view .LVU912
 2668 0018 8DF80C20 		strb	r2, [sp, #12]
 659:Middlewares/ST/STM32_WPAN/ble/core/auto/ble_gap_aci.c ****   index_input += 1;
 2669              		.loc 1 659 3 is_stmt 1 view .LVU913
 2670              	.LVL265:
ARM GAS  C:\Users\Nathan\AppData\Local\Temp\ccVQZ1bc.s 			page 59


 660:Middlewares/ST/STM32_WPAN/ble/core/auto/ble_gap_aci.c ****   cp0->Filter_Duplicates = Filter_Duplicates;
 2671              		.loc 1 660 3 view .LVU914
 2672              		.loc 1 660 26 is_stmt 0 view .LVU915
 2673 001c 8DF80D30 		strb	r3, [sp, #13]
 661:Middlewares/ST/STM32_WPAN/ble/core/auto/ble_gap_aci.c ****   index_input += 1;
 2674              		.loc 1 661 3 is_stmt 1 view .LVU916
 2675              	.LVL266:
 662:Middlewares/ST/STM32_WPAN/ble/core/auto/ble_gap_aci.c ****   Osal_MemSet( &rq, 0, sizeof(rq) );
 2676              		.loc 1 662 3 view .LVU917
 2677 0020 42AE     		add	r6, sp, #264
 2678 0022 1822     		movs	r2, #24
 2679              	.LVL267:
 2680              		.loc 1 662 3 is_stmt 0 view .LVU918
 2681 0024 2946     		mov	r1, r5
 2682              	.LVL268:
 2683              		.loc 1 662 3 view .LVU919
 2684 0026 3046     		mov	r0, r6
 2685              	.LVL269:
 2686              		.loc 1 662 3 view .LVU920
 2687 0028 FFF7FEFF 		bl	Osal_MemSet
 2688              	.LVL270:
 663:Middlewares/ST/STM32_WPAN/ble/core/auto/ble_gap_aci.c ****   rq.ogf = 0x3f;
 2689              		.loc 1 663 3 is_stmt 1 view .LVU921
 2690              		.loc 1 663 10 is_stmt 0 view .LVU922
 2691 002c 3F23     		movs	r3, #63
 2692 002e ADF80831 		strh	r3, [sp, #264]	@ movhi
 664:Middlewares/ST/STM32_WPAN/ble/core/auto/ble_gap_aci.c ****   rq.ocf = 0x097;
 2693              		.loc 1 664 3 is_stmt 1 view .LVU923
 2694              		.loc 1 664 10 is_stmt 0 view .LVU924
 2695 0032 9723     		movs	r3, #151
 2696 0034 ADF80A31 		strh	r3, [sp, #266]	@ movhi
 665:Middlewares/ST/STM32_WPAN/ble/core/auto/ble_gap_aci.c ****   rq.event = 0x0F;
 2697              		.loc 1 665 3 is_stmt 1 view .LVU925
 2698              		.loc 1 665 12 is_stmt 0 view .LVU926
 2699 0038 0F23     		movs	r3, #15
 2700 003a 4393     		str	r3, [sp, #268]
 666:Middlewares/ST/STM32_WPAN/ble/core/auto/ble_gap_aci.c ****   rq.cparam = cmd_buffer;
 2701              		.loc 1 666 3 is_stmt 1 view .LVU927
 2702              		.loc 1 666 13 is_stmt 0 view .LVU928
 2703 003c 4494     		str	r4, [sp, #272]
 667:Middlewares/ST/STM32_WPAN/ble/core/auto/ble_gap_aci.c ****   rq.clen = index_input;
 2704              		.loc 1 667 3 is_stmt 1 view .LVU929
 2705              		.loc 1 667 11 is_stmt 0 view .LVU930
 2706 003e 0623     		movs	r3, #6
 2707 0040 4593     		str	r3, [sp, #276]
 668:Middlewares/ST/STM32_WPAN/ble/core/auto/ble_gap_aci.c ****   rq.rparam = &status;
 2708              		.loc 1 668 3 is_stmt 1 view .LVU931
 2709              		.loc 1 668 13 is_stmt 0 view .LVU932
 2710 0042 4697     		str	r7, [sp, #280]
 669:Middlewares/ST/STM32_WPAN/ble/core/auto/ble_gap_aci.c ****   rq.rlen = 1;
 2711              		.loc 1 669 3 is_stmt 1 view .LVU933
 2712              		.loc 1 669 11 is_stmt 0 view .LVU934
 2713 0044 0123     		movs	r3, #1
 2714 0046 4793     		str	r3, [sp, #284]
 670:Middlewares/ST/STM32_WPAN/ble/core/auto/ble_gap_aci.c ****   if ( hci_send_req(&rq, FALSE) < 0 )
 2715              		.loc 1 670 3 is_stmt 1 view .LVU935
 2716              		.loc 1 670 8 is_stmt 0 view .LVU936
ARM GAS  C:\Users\Nathan\AppData\Local\Temp\ccVQZ1bc.s 			page 60


 2717 0048 2946     		mov	r1, r5
 2718 004a 3046     		mov	r0, r6
 2719 004c FFF7FEFF 		bl	hci_send_req
 2720              	.LVL271:
 2721              		.loc 1 670 6 discriminator 1 view .LVU937
 2722 0050 A842     		cmp	r0, r5
 2723 0052 02DB     		blt	.L91
 671:Middlewares/ST/STM32_WPAN/ble/core/auto/ble_gap_aci.c ****     return BLE_STATUS_TIMEOUT;
 672:Middlewares/ST/STM32_WPAN/ble/core/auto/ble_gap_aci.c ****   return status;
 2724              		.loc 1 672 3 is_stmt 1 view .LVU938
 2725              		.loc 1 672 10 is_stmt 0 view .LVU939
 2726 0054 3878     		ldrb	r0, [r7]	@ zero_extendqisi2
 2727              	.L90:
 673:Middlewares/ST/STM32_WPAN/ble/core/auto/ble_gap_aci.c **** }
 2728              		.loc 1 673 1 view .LVU940
 2729 0056 49B0     		add	sp, sp, #292
 2730              		.cfi_remember_state
 2731              		.cfi_def_cfa_offset 20
 2732              		@ sp needed
 2733 0058 F0BD     		pop	{r4, r5, r6, r7, pc}
 2734              	.LVL272:
 2735              	.L91:
 2736              		.cfi_restore_state
 671:Middlewares/ST/STM32_WPAN/ble/core/auto/ble_gap_aci.c ****     return BLE_STATUS_TIMEOUT;
 2737              		.loc 1 671 12 view .LVU941
 2738 005a FF20     		movs	r0, #255
 2739 005c FBE7     		b	.L90
 2740              		.cfi_endproc
 2741              	.LFE22:
 2743              		.section	.text.aci_gap_start_auto_connection_establish_proc,"ax",%progbits
 2744              		.align	1
 2745              		.global	aci_gap_start_auto_connection_establish_proc
 2746              		.syntax unified
 2747              		.thumb
 2748              		.thumb_func
 2750              	aci_gap_start_auto_connection_establish_proc:
 2751              	.LVL273:
 2752              	.LFB23:
 674:Middlewares/ST/STM32_WPAN/ble/core/auto/ble_gap_aci.c **** 
 675:Middlewares/ST/STM32_WPAN/ble/core/auto/ble_gap_aci.c **** tBleStatus aci_gap_start_auto_connection_establish_proc( uint16_t LE_Scan_Interval,
 676:Middlewares/ST/STM32_WPAN/ble/core/auto/ble_gap_aci.c ****                                                          uint16_t LE_Scan_Window,
 677:Middlewares/ST/STM32_WPAN/ble/core/auto/ble_gap_aci.c ****                                                          uint8_t Own_Address_Type,
 678:Middlewares/ST/STM32_WPAN/ble/core/auto/ble_gap_aci.c ****                                                          uint16_t Conn_Interval_Min,
 679:Middlewares/ST/STM32_WPAN/ble/core/auto/ble_gap_aci.c ****                                                          uint16_t Conn_Interval_Max,
 680:Middlewares/ST/STM32_WPAN/ble/core/auto/ble_gap_aci.c ****                                                          uint16_t Conn_Latency,
 681:Middlewares/ST/STM32_WPAN/ble/core/auto/ble_gap_aci.c ****                                                          uint16_t Supervision_Timeout,
 682:Middlewares/ST/STM32_WPAN/ble/core/auto/ble_gap_aci.c ****                                                          uint16_t Minimum_CE_Length,
 683:Middlewares/ST/STM32_WPAN/ble/core/auto/ble_gap_aci.c ****                                                          uint16_t Maximum_CE_Length,
 684:Middlewares/ST/STM32_WPAN/ble/core/auto/ble_gap_aci.c ****                                                          uint8_t Num_of_Peer_Entries,
 685:Middlewares/ST/STM32_WPAN/ble/core/auto/ble_gap_aci.c ****                                                          const Peer_Entry_t* Peer_Entry )
 686:Middlewares/ST/STM32_WPAN/ble/core/auto/ble_gap_aci.c **** {
 2753              		.loc 1 686 1 is_stmt 1 view -0
 2754              		.cfi_startproc
 2755              		@ args = 28, pretend = 0, frame = 288
 2756              		@ frame_needed = 0, uses_anonymous_args = 0
 2757              		.loc 1 686 1 is_stmt 0 view .LVU943
 2758 0000 2DE9F041 		push	{r4, r5, r6, r7, r8, lr}
ARM GAS  C:\Users\Nathan\AppData\Local\Temp\ccVQZ1bc.s 			page 61


 2759              		.cfi_def_cfa_offset 24
 2760              		.cfi_offset 4, -24
 2761              		.cfi_offset 5, -20
 2762              		.cfi_offset 6, -16
 2763              		.cfi_offset 7, -12
 2764              		.cfi_offset 8, -8
 2765              		.cfi_offset 14, -4
 2766 0004 C8B0     		sub	sp, sp, #288
 2767              		.cfi_def_cfa_offset 312
 2768 0006 9DF84CC1 		ldrb	ip, [sp, #332]	@ zero_extendqisi2
 687:Middlewares/ST/STM32_WPAN/ble/core/auto/ble_gap_aci.c ****   struct hci_request rq;
 2769              		.loc 1 687 3 is_stmt 1 view .LVU944
 688:Middlewares/ST/STM32_WPAN/ble/core/auto/ble_gap_aci.c ****   uint8_t cmd_buffer[BLE_CMD_MAX_PARAM_LEN];
 2770              		.loc 1 688 3 view .LVU945
 689:Middlewares/ST/STM32_WPAN/ble/core/auto/ble_gap_aci.c ****   aci_gap_start_auto_connection_establish_proc_cp0 *cp0 = (aci_gap_start_auto_connection_establish_
 2771              		.loc 1 689 3 view .LVU946
 2772              	.LVL274:
 690:Middlewares/ST/STM32_WPAN/ble/core/auto/ble_gap_aci.c ****   tBleStatus status = 0;
 2773              		.loc 1 690 3 view .LVU947
 2774              		.loc 1 690 14 is_stmt 0 view .LVU948
 2775 000a 0DF10708 		add	r8, sp, #7
 2776 000e 0026     		movs	r6, #0
 2777 0010 8DF80760 		strb	r6, [sp, #7]
 691:Middlewares/ST/STM32_WPAN/ble/core/auto/ble_gap_aci.c ****   int index_input = 0;
 2778              		.loc 1 691 3 is_stmt 1 view .LVU949
 2779              	.LVL275:
 692:Middlewares/ST/STM32_WPAN/ble/core/auto/ble_gap_aci.c ****   cp0->LE_Scan_Interval = LE_Scan_Interval;
 2780              		.loc 1 692 3 view .LVU950
 2781              		.loc 1 692 25 is_stmt 0 view .LVU951
 2782 0014 02AC     		add	r4, sp, #8
 2783              	.LVL276:
 2784              		.loc 1 692 25 view .LVU952
 2785 0016 ADF80800 		strh	r0, [sp, #8]	@ movhi
 693:Middlewares/ST/STM32_WPAN/ble/core/auto/ble_gap_aci.c ****   index_input += 2;
 2786              		.loc 1 693 3 is_stmt 1 view .LVU953
 2787              	.LVL277:
 694:Middlewares/ST/STM32_WPAN/ble/core/auto/ble_gap_aci.c ****   cp0->LE_Scan_Window = LE_Scan_Window;
 2788              		.loc 1 694 3 view .LVU954
 2789              		.loc 1 694 23 is_stmt 0 view .LVU955
 2790 001a ADF80A10 		strh	r1, [sp, #10]	@ movhi
 695:Middlewares/ST/STM32_WPAN/ble/core/auto/ble_gap_aci.c ****   index_input += 2;
 2791              		.loc 1 695 3 is_stmt 1 view .LVU956
 2792              	.LVL278:
 696:Middlewares/ST/STM32_WPAN/ble/core/auto/ble_gap_aci.c ****   cp0->Own_Address_Type = Own_Address_Type;
 2793              		.loc 1 696 3 view .LVU957
 2794              		.loc 1 696 25 is_stmt 0 view .LVU958
 2795 001e 8DF80C20 		strb	r2, [sp, #12]
 697:Middlewares/ST/STM32_WPAN/ble/core/auto/ble_gap_aci.c ****   index_input += 1;
 2796              		.loc 1 697 3 is_stmt 1 view .LVU959
 2797              	.LVL279:
 698:Middlewares/ST/STM32_WPAN/ble/core/auto/ble_gap_aci.c ****   cp0->Conn_Interval_Min = Conn_Interval_Min;
 2798              		.loc 1 698 3 view .LVU960
 2799              		.loc 1 698 26 is_stmt 0 view .LVU961
 2800 0022 ADF80D30 		strh	r3, [sp, #13]	@ unaligned
 699:Middlewares/ST/STM32_WPAN/ble/core/auto/ble_gap_aci.c ****   index_input += 2;
 2801              		.loc 1 699 3 is_stmt 1 view .LVU962
 2802              	.LVL280:
ARM GAS  C:\Users\Nathan\AppData\Local\Temp\ccVQZ1bc.s 			page 62


 700:Middlewares/ST/STM32_WPAN/ble/core/auto/ble_gap_aci.c ****   cp0->Conn_Interval_Max = Conn_Interval_Max;
 2803              		.loc 1 700 3 view .LVU963
 2804              		.loc 1 700 26 is_stmt 0 view .LVU964
 2805 0026 BDF83831 		ldrh	r3, [sp, #312]
 2806              	.LVL281:
 2807              		.loc 1 700 26 view .LVU965
 2808 002a ADF80F30 		strh	r3, [sp, #15]	@ unaligned
 701:Middlewares/ST/STM32_WPAN/ble/core/auto/ble_gap_aci.c ****   index_input += 2;
 2809              		.loc 1 701 3 is_stmt 1 view .LVU966
 2810              	.LVL282:
 702:Middlewares/ST/STM32_WPAN/ble/core/auto/ble_gap_aci.c ****   cp0->Conn_Latency = Conn_Latency;
 2811              		.loc 1 702 3 view .LVU967
 2812              		.loc 1 702 21 is_stmt 0 view .LVU968
 2813 002e BDF83C31 		ldrh	r3, [sp, #316]
 2814 0032 ADF81130 		strh	r3, [sp, #17]	@ unaligned
 703:Middlewares/ST/STM32_WPAN/ble/core/auto/ble_gap_aci.c ****   index_input += 2;
 2815              		.loc 1 703 3 is_stmt 1 view .LVU969
 2816              	.LVL283:
 704:Middlewares/ST/STM32_WPAN/ble/core/auto/ble_gap_aci.c ****   cp0->Supervision_Timeout = Supervision_Timeout;
 2817              		.loc 1 704 3 view .LVU970
 2818              		.loc 1 704 28 is_stmt 0 view .LVU971
 2819 0036 BDF84031 		ldrh	r3, [sp, #320]
 2820 003a ADF81330 		strh	r3, [sp, #19]	@ unaligned
 705:Middlewares/ST/STM32_WPAN/ble/core/auto/ble_gap_aci.c ****   index_input += 2;
 2821              		.loc 1 705 3 is_stmt 1 view .LVU972
 2822              	.LVL284:
 706:Middlewares/ST/STM32_WPAN/ble/core/auto/ble_gap_aci.c ****   cp0->Minimum_CE_Length = Minimum_CE_Length;
 2823              		.loc 1 706 3 view .LVU973
 2824              		.loc 1 706 26 is_stmt 0 view .LVU974
 2825 003e BDF84431 		ldrh	r3, [sp, #324]
 2826 0042 ADF81530 		strh	r3, [sp, #21]	@ unaligned
 707:Middlewares/ST/STM32_WPAN/ble/core/auto/ble_gap_aci.c ****   index_input += 2;
 2827              		.loc 1 707 3 is_stmt 1 view .LVU975
 2828              	.LVL285:
 708:Middlewares/ST/STM32_WPAN/ble/core/auto/ble_gap_aci.c ****   cp0->Maximum_CE_Length = Maximum_CE_Length;
 2829              		.loc 1 708 3 view .LVU976
 2830              		.loc 1 708 26 is_stmt 0 view .LVU977
 2831 0046 BDF84831 		ldrh	r3, [sp, #328]
 2832 004a ADF81730 		strh	r3, [sp, #23]	@ unaligned
 709:Middlewares/ST/STM32_WPAN/ble/core/auto/ble_gap_aci.c ****   index_input += 2;
 2833              		.loc 1 709 3 is_stmt 1 view .LVU978
 2834              	.LVL286:
 710:Middlewares/ST/STM32_WPAN/ble/core/auto/ble_gap_aci.c ****   cp0->Num_of_Peer_Entries = Num_of_Peer_Entries;
 2835              		.loc 1 710 3 view .LVU979
 2836              		.loc 1 710 28 is_stmt 0 view .LVU980
 2837 004e 8DF819C0 		strb	ip, [sp, #25]
 711:Middlewares/ST/STM32_WPAN/ble/core/auto/ble_gap_aci.c ****   index_input += 1;
 2838              		.loc 1 711 3 is_stmt 1 view .LVU981
 2839              	.LVL287:
 712:Middlewares/ST/STM32_WPAN/ble/core/auto/ble_gap_aci.c ****   Osal_MemCpy( (void*)&cp0->Peer_Entry, (const void*)Peer_Entry, Num_of_Peer_Entries * (sizeof(Peer
 2840              		.loc 1 712 3 view .LVU982
 2841 0052 CCEBCC05 		rsb	r5, ip, ip, lsl #3
 2842 0056 2A46     		mov	r2, r5
 2843              	.LVL288:
 2844              		.loc 1 712 3 is_stmt 0 view .LVU983
 2845 0058 5499     		ldr	r1, [sp, #336]
 2846              	.LVL289:
ARM GAS  C:\Users\Nathan\AppData\Local\Temp\ccVQZ1bc.s 			page 63


 2847              		.loc 1 712 3 view .LVU984
 2848 005a 0DF11A00 		add	r0, sp, #26
 2849              	.LVL290:
 2850              		.loc 1 712 3 view .LVU985
 2851 005e FFF7FEFF 		bl	Osal_MemCpy
 2852              	.LVL291:
 713:Middlewares/ST/STM32_WPAN/ble/core/auto/ble_gap_aci.c ****   index_input += Num_of_Peer_Entries * (sizeof(Peer_Entry_t));
 2853              		.loc 1 713 3 is_stmt 1 view .LVU986
 2854              		.loc 1 713 15 is_stmt 0 view .LVU987
 2855 0062 1235     		adds	r5, r5, #18
 2856              	.LVL292:
 714:Middlewares/ST/STM32_WPAN/ble/core/auto/ble_gap_aci.c ****   Osal_MemSet( &rq, 0, sizeof(rq) );
 2857              		.loc 1 714 3 is_stmt 1 view .LVU988
 2858 0064 42AF     		add	r7, sp, #264
 2859 0066 1822     		movs	r2, #24
 2860 0068 3146     		mov	r1, r6
 2861 006a 3846     		mov	r0, r7
 2862 006c FFF7FEFF 		bl	Osal_MemSet
 2863              	.LVL293:
 715:Middlewares/ST/STM32_WPAN/ble/core/auto/ble_gap_aci.c ****   rq.ogf = 0x3f;
 2864              		.loc 1 715 3 view .LVU989
 2865              		.loc 1 715 10 is_stmt 0 view .LVU990
 2866 0070 3F23     		movs	r3, #63
 2867 0072 ADF80831 		strh	r3, [sp, #264]	@ movhi
 716:Middlewares/ST/STM32_WPAN/ble/core/auto/ble_gap_aci.c ****   rq.ocf = 0x099;
 2868              		.loc 1 716 3 is_stmt 1 view .LVU991
 2869              		.loc 1 716 10 is_stmt 0 view .LVU992
 2870 0076 9923     		movs	r3, #153
 2871 0078 ADF80A31 		strh	r3, [sp, #266]	@ movhi
 717:Middlewares/ST/STM32_WPAN/ble/core/auto/ble_gap_aci.c ****   rq.event = 0x0F;
 2872              		.loc 1 717 3 is_stmt 1 view .LVU993
 2873              		.loc 1 717 12 is_stmt 0 view .LVU994
 2874 007c 0F23     		movs	r3, #15
 2875 007e 4393     		str	r3, [sp, #268]
 718:Middlewares/ST/STM32_WPAN/ble/core/auto/ble_gap_aci.c ****   rq.cparam = cmd_buffer;
 2876              		.loc 1 718 3 is_stmt 1 view .LVU995
 2877              		.loc 1 718 13 is_stmt 0 view .LVU996
 2878 0080 4494     		str	r4, [sp, #272]
 719:Middlewares/ST/STM32_WPAN/ble/core/auto/ble_gap_aci.c ****   rq.clen = index_input;
 2879              		.loc 1 719 3 is_stmt 1 view .LVU997
 2880              		.loc 1 719 11 is_stmt 0 view .LVU998
 2881 0082 4595     		str	r5, [sp, #276]
 720:Middlewares/ST/STM32_WPAN/ble/core/auto/ble_gap_aci.c ****   rq.rparam = &status;
 2882              		.loc 1 720 3 is_stmt 1 view .LVU999
 2883              		.loc 1 720 13 is_stmt 0 view .LVU1000
 2884 0084 CDF81881 		str	r8, [sp, #280]
 721:Middlewares/ST/STM32_WPAN/ble/core/auto/ble_gap_aci.c ****   rq.rlen = 1;
 2885              		.loc 1 721 3 is_stmt 1 view .LVU1001
 2886              		.loc 1 721 11 is_stmt 0 view .LVU1002
 2887 0088 0123     		movs	r3, #1
 2888 008a 4793     		str	r3, [sp, #284]
 722:Middlewares/ST/STM32_WPAN/ble/core/auto/ble_gap_aci.c ****   if ( hci_send_req(&rq, FALSE) < 0 )
 2889              		.loc 1 722 3 is_stmt 1 view .LVU1003
 2890              		.loc 1 722 8 is_stmt 0 view .LVU1004
 2891 008c 3146     		mov	r1, r6
 2892 008e 3846     		mov	r0, r7
 2893 0090 FFF7FEFF 		bl	hci_send_req
ARM GAS  C:\Users\Nathan\AppData\Local\Temp\ccVQZ1bc.s 			page 64


 2894              	.LVL294:
 2895              		.loc 1 722 6 discriminator 1 view .LVU1005
 2896 0094 B042     		cmp	r0, r6
 2897 0096 04DB     		blt	.L95
 723:Middlewares/ST/STM32_WPAN/ble/core/auto/ble_gap_aci.c ****     return BLE_STATUS_TIMEOUT;
 724:Middlewares/ST/STM32_WPAN/ble/core/auto/ble_gap_aci.c ****   return status;
 2898              		.loc 1 724 3 is_stmt 1 view .LVU1006
 2899              		.loc 1 724 10 is_stmt 0 view .LVU1007
 2900 0098 98F80000 		ldrb	r0, [r8]	@ zero_extendqisi2
 2901              	.L94:
 725:Middlewares/ST/STM32_WPAN/ble/core/auto/ble_gap_aci.c **** }
 2902              		.loc 1 725 1 view .LVU1008
 2903 009c 48B0     		add	sp, sp, #288
 2904              		.cfi_remember_state
 2905              		.cfi_def_cfa_offset 24
 2906              		@ sp needed
 2907 009e BDE8F081 		pop	{r4, r5, r6, r7, r8, pc}
 2908              	.LVL295:
 2909              	.L95:
 2910              		.cfi_restore_state
 723:Middlewares/ST/STM32_WPAN/ble/core/auto/ble_gap_aci.c ****     return BLE_STATUS_TIMEOUT;
 2911              		.loc 1 723 12 view .LVU1009
 2912 00a2 FF20     		movs	r0, #255
 2913 00a4 FAE7     		b	.L94
 2914              		.cfi_endproc
 2915              	.LFE23:
 2917              		.section	.text.aci_gap_start_general_connection_establish_proc,"ax",%progbits
 2918              		.align	1
 2919              		.global	aci_gap_start_general_connection_establish_proc
 2920              		.syntax unified
 2921              		.thumb
 2922              		.thumb_func
 2924              	aci_gap_start_general_connection_establish_proc:
 2925              	.LVL296:
 2926              	.LFB24:
 726:Middlewares/ST/STM32_WPAN/ble/core/auto/ble_gap_aci.c **** 
 727:Middlewares/ST/STM32_WPAN/ble/core/auto/ble_gap_aci.c **** tBleStatus aci_gap_start_general_connection_establish_proc( uint8_t LE_Scan_Type,
 728:Middlewares/ST/STM32_WPAN/ble/core/auto/ble_gap_aci.c ****                                                             uint16_t LE_Scan_Interval,
 729:Middlewares/ST/STM32_WPAN/ble/core/auto/ble_gap_aci.c ****                                                             uint16_t LE_Scan_Window,
 730:Middlewares/ST/STM32_WPAN/ble/core/auto/ble_gap_aci.c ****                                                             uint8_t Own_Address_Type,
 731:Middlewares/ST/STM32_WPAN/ble/core/auto/ble_gap_aci.c ****                                                             uint8_t Scanning_Filter_Policy,
 732:Middlewares/ST/STM32_WPAN/ble/core/auto/ble_gap_aci.c ****                                                             uint8_t Filter_Duplicates )
 733:Middlewares/ST/STM32_WPAN/ble/core/auto/ble_gap_aci.c **** {
 2927              		.loc 1 733 1 is_stmt 1 view -0
 2928              		.cfi_startproc
 2929              		@ args = 8, pretend = 0, frame = 288
 2930              		@ frame_needed = 0, uses_anonymous_args = 0
 2931              		.loc 1 733 1 is_stmt 0 view .LVU1011
 2932 0000 F0B5     		push	{r4, r5, r6, r7, lr}
 2933              		.cfi_def_cfa_offset 20
 2934              		.cfi_offset 4, -20
 2935              		.cfi_offset 5, -16
 2936              		.cfi_offset 6, -12
 2937              		.cfi_offset 7, -8
 2938              		.cfi_offset 14, -4
 2939 0002 C9B0     		sub	sp, sp, #292
 2940              		.cfi_def_cfa_offset 312
ARM GAS  C:\Users\Nathan\AppData\Local\Temp\ccVQZ1bc.s 			page 65


 734:Middlewares/ST/STM32_WPAN/ble/core/auto/ble_gap_aci.c ****   struct hci_request rq;
 2941              		.loc 1 734 3 is_stmt 1 view .LVU1012
 735:Middlewares/ST/STM32_WPAN/ble/core/auto/ble_gap_aci.c ****   uint8_t cmd_buffer[BLE_CMD_MAX_PARAM_LEN];
 2942              		.loc 1 735 3 view .LVU1013
 736:Middlewares/ST/STM32_WPAN/ble/core/auto/ble_gap_aci.c ****   aci_gap_start_general_connection_establish_proc_cp0 *cp0 = (aci_gap_start_general_connection_esta
 2943              		.loc 1 736 3 view .LVU1014
 2944              	.LVL297:
 737:Middlewares/ST/STM32_WPAN/ble/core/auto/ble_gap_aci.c ****   tBleStatus status = 0;
 2945              		.loc 1 737 3 view .LVU1015
 2946              		.loc 1 737 14 is_stmt 0 view .LVU1016
 2947 0004 0DF10707 		add	r7, sp, #7
 2948 0008 0025     		movs	r5, #0
 2949 000a 8DF80750 		strb	r5, [sp, #7]
 738:Middlewares/ST/STM32_WPAN/ble/core/auto/ble_gap_aci.c ****   int index_input = 0;
 2950              		.loc 1 738 3 is_stmt 1 view .LVU1017
 2951              	.LVL298:
 739:Middlewares/ST/STM32_WPAN/ble/core/auto/ble_gap_aci.c ****   cp0->LE_Scan_Type = LE_Scan_Type;
 2952              		.loc 1 739 3 view .LVU1018
 2953              		.loc 1 739 21 is_stmt 0 view .LVU1019
 2954 000e 02AC     		add	r4, sp, #8
 2955              	.LVL299:
 2956              		.loc 1 739 21 view .LVU1020
 2957 0010 8DF80800 		strb	r0, [sp, #8]
 740:Middlewares/ST/STM32_WPAN/ble/core/auto/ble_gap_aci.c ****   index_input += 1;
 2958              		.loc 1 740 3 is_stmt 1 view .LVU1021
 2959              	.LVL300:
 741:Middlewares/ST/STM32_WPAN/ble/core/auto/ble_gap_aci.c ****   cp0->LE_Scan_Interval = LE_Scan_Interval;
 2960              		.loc 1 741 3 view .LVU1022
 2961              		.loc 1 741 25 is_stmt 0 view .LVU1023
 2962 0014 ADF80910 		strh	r1, [sp, #9]	@ unaligned
 742:Middlewares/ST/STM32_WPAN/ble/core/auto/ble_gap_aci.c ****   index_input += 2;
 2963              		.loc 1 742 3 is_stmt 1 view .LVU1024
 2964              	.LVL301:
 743:Middlewares/ST/STM32_WPAN/ble/core/auto/ble_gap_aci.c ****   cp0->LE_Scan_Window = LE_Scan_Window;
 2965              		.loc 1 743 3 view .LVU1025
 2966              		.loc 1 743 23 is_stmt 0 view .LVU1026
 2967 0018 ADF80B20 		strh	r2, [sp, #11]	@ unaligned
 744:Middlewares/ST/STM32_WPAN/ble/core/auto/ble_gap_aci.c ****   index_input += 2;
 2968              		.loc 1 744 3 is_stmt 1 view .LVU1027
 2969              	.LVL302:
 745:Middlewares/ST/STM32_WPAN/ble/core/auto/ble_gap_aci.c ****   cp0->Own_Address_Type = Own_Address_Type;
 2970              		.loc 1 745 3 view .LVU1028
 2971              		.loc 1 745 25 is_stmt 0 view .LVU1029
 2972 001c 8DF80D30 		strb	r3, [sp, #13]
 746:Middlewares/ST/STM32_WPAN/ble/core/auto/ble_gap_aci.c ****   index_input += 1;
 2973              		.loc 1 746 3 is_stmt 1 view .LVU1030
 2974              	.LVL303:
 747:Middlewares/ST/STM32_WPAN/ble/core/auto/ble_gap_aci.c ****   cp0->Scanning_Filter_Policy = Scanning_Filter_Policy;
 2975              		.loc 1 747 3 view .LVU1031
 2976              		.loc 1 747 31 is_stmt 0 view .LVU1032
 2977 0020 9DF83831 		ldrb	r3, [sp, #312]	@ zero_extendqisi2
 2978              	.LVL304:
 2979              		.loc 1 747 31 view .LVU1033
 2980 0024 8DF80E30 		strb	r3, [sp, #14]
 748:Middlewares/ST/STM32_WPAN/ble/core/auto/ble_gap_aci.c ****   index_input += 1;
 2981              		.loc 1 748 3 is_stmt 1 view .LVU1034
 2982              	.LVL305:
ARM GAS  C:\Users\Nathan\AppData\Local\Temp\ccVQZ1bc.s 			page 66


 749:Middlewares/ST/STM32_WPAN/ble/core/auto/ble_gap_aci.c ****   cp0->Filter_Duplicates = Filter_Duplicates;
 2983              		.loc 1 749 3 view .LVU1035
 2984              		.loc 1 749 26 is_stmt 0 view .LVU1036
 2985 0028 9DF83C31 		ldrb	r3, [sp, #316]	@ zero_extendqisi2
 2986 002c 8DF80F30 		strb	r3, [sp, #15]
 750:Middlewares/ST/STM32_WPAN/ble/core/auto/ble_gap_aci.c ****   index_input += 1;
 2987              		.loc 1 750 3 is_stmt 1 view .LVU1037
 2988              	.LVL306:
 751:Middlewares/ST/STM32_WPAN/ble/core/auto/ble_gap_aci.c ****   Osal_MemSet( &rq, 0, sizeof(rq) );
 2989              		.loc 1 751 3 view .LVU1038
 2990 0030 42AE     		add	r6, sp, #264
 2991 0032 1822     		movs	r2, #24
 2992              	.LVL307:
 2993              		.loc 1 751 3 is_stmt 0 view .LVU1039
 2994 0034 2946     		mov	r1, r5
 2995              	.LVL308:
 2996              		.loc 1 751 3 view .LVU1040
 2997 0036 3046     		mov	r0, r6
 2998              	.LVL309:
 2999              		.loc 1 751 3 view .LVU1041
 3000 0038 FFF7FEFF 		bl	Osal_MemSet
 3001              	.LVL310:
 752:Middlewares/ST/STM32_WPAN/ble/core/auto/ble_gap_aci.c ****   rq.ogf = 0x3f;
 3002              		.loc 1 752 3 is_stmt 1 view .LVU1042
 3003              		.loc 1 752 10 is_stmt 0 view .LVU1043
 3004 003c 3F23     		movs	r3, #63
 3005 003e ADF80831 		strh	r3, [sp, #264]	@ movhi
 753:Middlewares/ST/STM32_WPAN/ble/core/auto/ble_gap_aci.c ****   rq.ocf = 0x09a;
 3006              		.loc 1 753 3 is_stmt 1 view .LVU1044
 3007              		.loc 1 753 10 is_stmt 0 view .LVU1045
 3008 0042 9A23     		movs	r3, #154
 3009 0044 ADF80A31 		strh	r3, [sp, #266]	@ movhi
 754:Middlewares/ST/STM32_WPAN/ble/core/auto/ble_gap_aci.c ****   rq.event = 0x0F;
 3010              		.loc 1 754 3 is_stmt 1 view .LVU1046
 3011              		.loc 1 754 12 is_stmt 0 view .LVU1047
 3012 0048 0F23     		movs	r3, #15
 3013 004a 4393     		str	r3, [sp, #268]
 755:Middlewares/ST/STM32_WPAN/ble/core/auto/ble_gap_aci.c ****   rq.cparam = cmd_buffer;
 3014              		.loc 1 755 3 is_stmt 1 view .LVU1048
 3015              		.loc 1 755 13 is_stmt 0 view .LVU1049
 3016 004c 4494     		str	r4, [sp, #272]
 756:Middlewares/ST/STM32_WPAN/ble/core/auto/ble_gap_aci.c ****   rq.clen = index_input;
 3017              		.loc 1 756 3 is_stmt 1 view .LVU1050
 3018              		.loc 1 756 11 is_stmt 0 view .LVU1051
 3019 004e 0823     		movs	r3, #8
 3020 0050 4593     		str	r3, [sp, #276]
 757:Middlewares/ST/STM32_WPAN/ble/core/auto/ble_gap_aci.c ****   rq.rparam = &status;
 3021              		.loc 1 757 3 is_stmt 1 view .LVU1052
 3022              		.loc 1 757 13 is_stmt 0 view .LVU1053
 3023 0052 4697     		str	r7, [sp, #280]
 758:Middlewares/ST/STM32_WPAN/ble/core/auto/ble_gap_aci.c ****   rq.rlen = 1;
 3024              		.loc 1 758 3 is_stmt 1 view .LVU1054
 3025              		.loc 1 758 11 is_stmt 0 view .LVU1055
 3026 0054 0123     		movs	r3, #1
 3027 0056 4793     		str	r3, [sp, #284]
 759:Middlewares/ST/STM32_WPAN/ble/core/auto/ble_gap_aci.c ****   if ( hci_send_req(&rq, FALSE) < 0 )
 3028              		.loc 1 759 3 is_stmt 1 view .LVU1056
ARM GAS  C:\Users\Nathan\AppData\Local\Temp\ccVQZ1bc.s 			page 67


 3029              		.loc 1 759 8 is_stmt 0 view .LVU1057
 3030 0058 2946     		mov	r1, r5
 3031 005a 3046     		mov	r0, r6
 3032 005c FFF7FEFF 		bl	hci_send_req
 3033              	.LVL311:
 3034              		.loc 1 759 6 discriminator 1 view .LVU1058
 3035 0060 A842     		cmp	r0, r5
 3036 0062 02DB     		blt	.L99
 760:Middlewares/ST/STM32_WPAN/ble/core/auto/ble_gap_aci.c ****     return BLE_STATUS_TIMEOUT;
 761:Middlewares/ST/STM32_WPAN/ble/core/auto/ble_gap_aci.c ****   return status;
 3037              		.loc 1 761 3 is_stmt 1 view .LVU1059
 3038              		.loc 1 761 10 is_stmt 0 view .LVU1060
 3039 0064 3878     		ldrb	r0, [r7]	@ zero_extendqisi2
 3040              	.L98:
 762:Middlewares/ST/STM32_WPAN/ble/core/auto/ble_gap_aci.c **** }
 3041              		.loc 1 762 1 view .LVU1061
 3042 0066 49B0     		add	sp, sp, #292
 3043              		.cfi_remember_state
 3044              		.cfi_def_cfa_offset 20
 3045              		@ sp needed
 3046 0068 F0BD     		pop	{r4, r5, r6, r7, pc}
 3047              	.LVL312:
 3048              	.L99:
 3049              		.cfi_restore_state
 760:Middlewares/ST/STM32_WPAN/ble/core/auto/ble_gap_aci.c ****     return BLE_STATUS_TIMEOUT;
 3050              		.loc 1 760 12 view .LVU1062
 3051 006a FF20     		movs	r0, #255
 3052 006c FBE7     		b	.L98
 3053              		.cfi_endproc
 3054              	.LFE24:
 3056              		.section	.text.aci_gap_start_selective_connection_establish_proc,"ax",%progbits
 3057              		.align	1
 3058              		.global	aci_gap_start_selective_connection_establish_proc
 3059              		.syntax unified
 3060              		.thumb
 3061              		.thumb_func
 3063              	aci_gap_start_selective_connection_establish_proc:
 3064              	.LVL313:
 3065              	.LFB25:
 763:Middlewares/ST/STM32_WPAN/ble/core/auto/ble_gap_aci.c **** 
 764:Middlewares/ST/STM32_WPAN/ble/core/auto/ble_gap_aci.c **** tBleStatus aci_gap_start_selective_connection_establish_proc( uint8_t LE_Scan_Type,
 765:Middlewares/ST/STM32_WPAN/ble/core/auto/ble_gap_aci.c ****                                                               uint16_t LE_Scan_Interval,
 766:Middlewares/ST/STM32_WPAN/ble/core/auto/ble_gap_aci.c ****                                                               uint16_t LE_Scan_Window,
 767:Middlewares/ST/STM32_WPAN/ble/core/auto/ble_gap_aci.c ****                                                               uint8_t Own_Address_Type,
 768:Middlewares/ST/STM32_WPAN/ble/core/auto/ble_gap_aci.c ****                                                               uint8_t Scanning_Filter_Policy,
 769:Middlewares/ST/STM32_WPAN/ble/core/auto/ble_gap_aci.c ****                                                               uint8_t Filter_Duplicates,
 770:Middlewares/ST/STM32_WPAN/ble/core/auto/ble_gap_aci.c ****                                                               uint8_t Num_of_Peer_Entries,
 771:Middlewares/ST/STM32_WPAN/ble/core/auto/ble_gap_aci.c ****                                                               const Peer_Entry_t* Peer_Entry )
 772:Middlewares/ST/STM32_WPAN/ble/core/auto/ble_gap_aci.c **** {
 3066              		.loc 1 772 1 is_stmt 1 view -0
 3067              		.cfi_startproc
 3068              		@ args = 16, pretend = 0, frame = 288
 3069              		@ frame_needed = 0, uses_anonymous_args = 0
 3070              		.loc 1 772 1 is_stmt 0 view .LVU1064
 3071 0000 2DE9F041 		push	{r4, r5, r6, r7, r8, lr}
 3072              		.cfi_def_cfa_offset 24
 3073              		.cfi_offset 4, -24
ARM GAS  C:\Users\Nathan\AppData\Local\Temp\ccVQZ1bc.s 			page 68


 3074              		.cfi_offset 5, -20
 3075              		.cfi_offset 6, -16
 3076              		.cfi_offset 7, -12
 3077              		.cfi_offset 8, -8
 3078              		.cfi_offset 14, -4
 3079 0004 C8B0     		sub	sp, sp, #288
 3080              		.cfi_def_cfa_offset 312
 3081 0006 9DF840C1 		ldrb	ip, [sp, #320]	@ zero_extendqisi2
 773:Middlewares/ST/STM32_WPAN/ble/core/auto/ble_gap_aci.c ****   struct hci_request rq;
 3082              		.loc 1 773 3 is_stmt 1 view .LVU1065
 774:Middlewares/ST/STM32_WPAN/ble/core/auto/ble_gap_aci.c ****   uint8_t cmd_buffer[BLE_CMD_MAX_PARAM_LEN];
 3083              		.loc 1 774 3 view .LVU1066
 775:Middlewares/ST/STM32_WPAN/ble/core/auto/ble_gap_aci.c ****   aci_gap_start_selective_connection_establish_proc_cp0 *cp0 = (aci_gap_start_selective_connection_
 3084              		.loc 1 775 3 view .LVU1067
 3085              	.LVL314:
 776:Middlewares/ST/STM32_WPAN/ble/core/auto/ble_gap_aci.c ****   tBleStatus status = 0;
 3086              		.loc 1 776 3 view .LVU1068
 3087              		.loc 1 776 14 is_stmt 0 view .LVU1069
 3088 000a 0DF10708 		add	r8, sp, #7
 3089 000e 0026     		movs	r6, #0
 3090 0010 8DF80760 		strb	r6, [sp, #7]
 777:Middlewares/ST/STM32_WPAN/ble/core/auto/ble_gap_aci.c ****   int index_input = 0;
 3091              		.loc 1 777 3 is_stmt 1 view .LVU1070
 3092              	.LVL315:
 778:Middlewares/ST/STM32_WPAN/ble/core/auto/ble_gap_aci.c ****   cp0->LE_Scan_Type = LE_Scan_Type;
 3093              		.loc 1 778 3 view .LVU1071
 3094              		.loc 1 778 21 is_stmt 0 view .LVU1072
 3095 0014 02AD     		add	r5, sp, #8
 3096              	.LVL316:
 3097              		.loc 1 778 21 view .LVU1073
 3098 0016 8DF80800 		strb	r0, [sp, #8]
 779:Middlewares/ST/STM32_WPAN/ble/core/auto/ble_gap_aci.c ****   index_input += 1;
 3099              		.loc 1 779 3 is_stmt 1 view .LVU1074
 3100              	.LVL317:
 780:Middlewares/ST/STM32_WPAN/ble/core/auto/ble_gap_aci.c ****   cp0->LE_Scan_Interval = LE_Scan_Interval;
 3101              		.loc 1 780 3 view .LVU1075
 3102              		.loc 1 780 25 is_stmt 0 view .LVU1076
 3103 001a ADF80910 		strh	r1, [sp, #9]	@ unaligned
 781:Middlewares/ST/STM32_WPAN/ble/core/auto/ble_gap_aci.c ****   index_input += 2;
 3104              		.loc 1 781 3 is_stmt 1 view .LVU1077
 3105              	.LVL318:
 782:Middlewares/ST/STM32_WPAN/ble/core/auto/ble_gap_aci.c ****   cp0->LE_Scan_Window = LE_Scan_Window;
 3106              		.loc 1 782 3 view .LVU1078
 3107              		.loc 1 782 23 is_stmt 0 view .LVU1079
 3108 001e ADF80B20 		strh	r2, [sp, #11]	@ unaligned
 783:Middlewares/ST/STM32_WPAN/ble/core/auto/ble_gap_aci.c ****   index_input += 2;
 3109              		.loc 1 783 3 is_stmt 1 view .LVU1080
 3110              	.LVL319:
 784:Middlewares/ST/STM32_WPAN/ble/core/auto/ble_gap_aci.c ****   cp0->Own_Address_Type = Own_Address_Type;
 3111              		.loc 1 784 3 view .LVU1081
 3112              		.loc 1 784 25 is_stmt 0 view .LVU1082
 3113 0022 8DF80D30 		strb	r3, [sp, #13]
 785:Middlewares/ST/STM32_WPAN/ble/core/auto/ble_gap_aci.c ****   index_input += 1;
 3114              		.loc 1 785 3 is_stmt 1 view .LVU1083
 3115              	.LVL320:
 786:Middlewares/ST/STM32_WPAN/ble/core/auto/ble_gap_aci.c ****   cp0->Scanning_Filter_Policy = Scanning_Filter_Policy;
 3116              		.loc 1 786 3 view .LVU1084
ARM GAS  C:\Users\Nathan\AppData\Local\Temp\ccVQZ1bc.s 			page 69


 3117              		.loc 1 786 31 is_stmt 0 view .LVU1085
 3118 0026 9DF83831 		ldrb	r3, [sp, #312]	@ zero_extendqisi2
 3119              	.LVL321:
 3120              		.loc 1 786 31 view .LVU1086
 3121 002a 8DF80E30 		strb	r3, [sp, #14]
 787:Middlewares/ST/STM32_WPAN/ble/core/auto/ble_gap_aci.c ****   index_input += 1;
 3122              		.loc 1 787 3 is_stmt 1 view .LVU1087
 3123              	.LVL322:
 788:Middlewares/ST/STM32_WPAN/ble/core/auto/ble_gap_aci.c ****   cp0->Filter_Duplicates = Filter_Duplicates;
 3124              		.loc 1 788 3 view .LVU1088
 3125              		.loc 1 788 26 is_stmt 0 view .LVU1089
 3126 002e 9DF83C31 		ldrb	r3, [sp, #316]	@ zero_extendqisi2
 3127 0032 8DF80F30 		strb	r3, [sp, #15]
 789:Middlewares/ST/STM32_WPAN/ble/core/auto/ble_gap_aci.c ****   index_input += 1;
 3128              		.loc 1 789 3 is_stmt 1 view .LVU1090
 3129              	.LVL323:
 790:Middlewares/ST/STM32_WPAN/ble/core/auto/ble_gap_aci.c ****   cp0->Num_of_Peer_Entries = Num_of_Peer_Entries;
 3130              		.loc 1 790 3 view .LVU1091
 3131              		.loc 1 790 28 is_stmt 0 view .LVU1092
 3132 0036 8DF810C0 		strb	ip, [sp, #16]
 791:Middlewares/ST/STM32_WPAN/ble/core/auto/ble_gap_aci.c ****   index_input += 1;
 3133              		.loc 1 791 3 is_stmt 1 view .LVU1093
 3134              	.LVL324:
 792:Middlewares/ST/STM32_WPAN/ble/core/auto/ble_gap_aci.c ****   Osal_MemCpy( (void*)&cp0->Peer_Entry, (const void*)Peer_Entry, Num_of_Peer_Entries * (sizeof(Peer
 3135              		.loc 1 792 3 view .LVU1094
 3136 003a CCEBCC04 		rsb	r4, ip, ip, lsl #3
 3137 003e 2246     		mov	r2, r4
 3138              	.LVL325:
 3139              		.loc 1 792 3 is_stmt 0 view .LVU1095
 3140 0040 5199     		ldr	r1, [sp, #324]
 3141              	.LVL326:
 3142              		.loc 1 792 3 view .LVU1096
 3143 0042 0DF11100 		add	r0, sp, #17
 3144              	.LVL327:
 3145              		.loc 1 792 3 view .LVU1097
 3146 0046 FFF7FEFF 		bl	Osal_MemCpy
 3147              	.LVL328:
 793:Middlewares/ST/STM32_WPAN/ble/core/auto/ble_gap_aci.c ****   index_input += Num_of_Peer_Entries * (sizeof(Peer_Entry_t));
 3148              		.loc 1 793 3 is_stmt 1 view .LVU1098
 3149              		.loc 1 793 15 is_stmt 0 view .LVU1099
 3150 004a 0934     		adds	r4, r4, #9
 3151              	.LVL329:
 794:Middlewares/ST/STM32_WPAN/ble/core/auto/ble_gap_aci.c ****   Osal_MemSet( &rq, 0, sizeof(rq) );
 3152              		.loc 1 794 3 is_stmt 1 view .LVU1100
 3153 004c 42AF     		add	r7, sp, #264
 3154 004e 1822     		movs	r2, #24
 3155 0050 3146     		mov	r1, r6
 3156 0052 3846     		mov	r0, r7
 3157 0054 FFF7FEFF 		bl	Osal_MemSet
 3158              	.LVL330:
 795:Middlewares/ST/STM32_WPAN/ble/core/auto/ble_gap_aci.c ****   rq.ogf = 0x3f;
 3159              		.loc 1 795 3 view .LVU1101
 3160              		.loc 1 795 10 is_stmt 0 view .LVU1102
 3161 0058 3F23     		movs	r3, #63
 3162 005a ADF80831 		strh	r3, [sp, #264]	@ movhi
 796:Middlewares/ST/STM32_WPAN/ble/core/auto/ble_gap_aci.c ****   rq.ocf = 0x09b;
 3163              		.loc 1 796 3 is_stmt 1 view .LVU1103
ARM GAS  C:\Users\Nathan\AppData\Local\Temp\ccVQZ1bc.s 			page 70


 3164              		.loc 1 796 10 is_stmt 0 view .LVU1104
 3165 005e 9B23     		movs	r3, #155
 3166 0060 ADF80A31 		strh	r3, [sp, #266]	@ movhi
 797:Middlewares/ST/STM32_WPAN/ble/core/auto/ble_gap_aci.c ****   rq.event = 0x0F;
 3167              		.loc 1 797 3 is_stmt 1 view .LVU1105
 3168              		.loc 1 797 12 is_stmt 0 view .LVU1106
 3169 0064 0F23     		movs	r3, #15
 3170 0066 4393     		str	r3, [sp, #268]
 798:Middlewares/ST/STM32_WPAN/ble/core/auto/ble_gap_aci.c ****   rq.cparam = cmd_buffer;
 3171              		.loc 1 798 3 is_stmt 1 view .LVU1107
 3172              		.loc 1 798 13 is_stmt 0 view .LVU1108
 3173 0068 4495     		str	r5, [sp, #272]
 799:Middlewares/ST/STM32_WPAN/ble/core/auto/ble_gap_aci.c ****   rq.clen = index_input;
 3174              		.loc 1 799 3 is_stmt 1 view .LVU1109
 3175              		.loc 1 799 11 is_stmt 0 view .LVU1110
 3176 006a 4594     		str	r4, [sp, #276]
 800:Middlewares/ST/STM32_WPAN/ble/core/auto/ble_gap_aci.c ****   rq.rparam = &status;
 3177              		.loc 1 800 3 is_stmt 1 view .LVU1111
 3178              		.loc 1 800 13 is_stmt 0 view .LVU1112
 3179 006c CDF81881 		str	r8, [sp, #280]
 801:Middlewares/ST/STM32_WPAN/ble/core/auto/ble_gap_aci.c ****   rq.rlen = 1;
 3180              		.loc 1 801 3 is_stmt 1 view .LVU1113
 3181              		.loc 1 801 11 is_stmt 0 view .LVU1114
 3182 0070 0123     		movs	r3, #1
 3183 0072 4793     		str	r3, [sp, #284]
 802:Middlewares/ST/STM32_WPAN/ble/core/auto/ble_gap_aci.c ****   if ( hci_send_req(&rq, FALSE) < 0 )
 3184              		.loc 1 802 3 is_stmt 1 view .LVU1115
 3185              		.loc 1 802 8 is_stmt 0 view .LVU1116
 3186 0074 3146     		mov	r1, r6
 3187 0076 3846     		mov	r0, r7
 3188 0078 FFF7FEFF 		bl	hci_send_req
 3189              	.LVL331:
 3190              		.loc 1 802 6 discriminator 1 view .LVU1117
 3191 007c B042     		cmp	r0, r6
 3192 007e 04DB     		blt	.L103
 803:Middlewares/ST/STM32_WPAN/ble/core/auto/ble_gap_aci.c ****     return BLE_STATUS_TIMEOUT;
 804:Middlewares/ST/STM32_WPAN/ble/core/auto/ble_gap_aci.c ****   return status;
 3193              		.loc 1 804 3 is_stmt 1 view .LVU1118
 3194              		.loc 1 804 10 is_stmt 0 view .LVU1119
 3195 0080 98F80000 		ldrb	r0, [r8]	@ zero_extendqisi2
 3196              	.L102:
 805:Middlewares/ST/STM32_WPAN/ble/core/auto/ble_gap_aci.c **** }
 3197              		.loc 1 805 1 view .LVU1120
 3198 0084 48B0     		add	sp, sp, #288
 3199              		.cfi_remember_state
 3200              		.cfi_def_cfa_offset 24
 3201              		@ sp needed
 3202 0086 BDE8F081 		pop	{r4, r5, r6, r7, r8, pc}
 3203              	.LVL332:
 3204              	.L103:
 3205              		.cfi_restore_state
 803:Middlewares/ST/STM32_WPAN/ble/core/auto/ble_gap_aci.c ****     return BLE_STATUS_TIMEOUT;
 3206              		.loc 1 803 12 view .LVU1121
 3207 008a FF20     		movs	r0, #255
 3208 008c FAE7     		b	.L102
 3209              		.cfi_endproc
 3210              	.LFE25:
ARM GAS  C:\Users\Nathan\AppData\Local\Temp\ccVQZ1bc.s 			page 71


 3212              		.section	.text.aci_gap_create_connection,"ax",%progbits
 3213              		.align	1
 3214              		.global	aci_gap_create_connection
 3215              		.syntax unified
 3216              		.thumb
 3217              		.thumb_func
 3219              	aci_gap_create_connection:
 3220              	.LVL333:
 3221              	.LFB26:
 806:Middlewares/ST/STM32_WPAN/ble/core/auto/ble_gap_aci.c **** 
 807:Middlewares/ST/STM32_WPAN/ble/core/auto/ble_gap_aci.c **** tBleStatus aci_gap_create_connection( uint16_t LE_Scan_Interval,
 808:Middlewares/ST/STM32_WPAN/ble/core/auto/ble_gap_aci.c ****                                       uint16_t LE_Scan_Window,
 809:Middlewares/ST/STM32_WPAN/ble/core/auto/ble_gap_aci.c ****                                       uint8_t Peer_Address_Type,
 810:Middlewares/ST/STM32_WPAN/ble/core/auto/ble_gap_aci.c ****                                       const uint8_t* Peer_Address,
 811:Middlewares/ST/STM32_WPAN/ble/core/auto/ble_gap_aci.c ****                                       uint8_t Own_Address_Type,
 812:Middlewares/ST/STM32_WPAN/ble/core/auto/ble_gap_aci.c ****                                       uint16_t Conn_Interval_Min,
 813:Middlewares/ST/STM32_WPAN/ble/core/auto/ble_gap_aci.c ****                                       uint16_t Conn_Interval_Max,
 814:Middlewares/ST/STM32_WPAN/ble/core/auto/ble_gap_aci.c ****                                       uint16_t Conn_Latency,
 815:Middlewares/ST/STM32_WPAN/ble/core/auto/ble_gap_aci.c ****                                       uint16_t Supervision_Timeout,
 816:Middlewares/ST/STM32_WPAN/ble/core/auto/ble_gap_aci.c ****                                       uint16_t Minimum_CE_Length,
 817:Middlewares/ST/STM32_WPAN/ble/core/auto/ble_gap_aci.c ****                                       uint16_t Maximum_CE_Length )
 818:Middlewares/ST/STM32_WPAN/ble/core/auto/ble_gap_aci.c **** {
 3222              		.loc 1 818 1 is_stmt 1 view -0
 3223              		.cfi_startproc
 3224              		@ args = 28, pretend = 0, frame = 288
 3225              		@ frame_needed = 0, uses_anonymous_args = 0
 3226              		.loc 1 818 1 is_stmt 0 view .LVU1123
 3227 0000 F0B5     		push	{r4, r5, r6, r7, lr}
 3228              		.cfi_def_cfa_offset 20
 3229              		.cfi_offset 4, -20
 3230              		.cfi_offset 5, -16
 3231              		.cfi_offset 6, -12
 3232              		.cfi_offset 7, -8
 3233              		.cfi_offset 14, -4
 3234 0002 C9B0     		sub	sp, sp, #292
 3235              		.cfi_def_cfa_offset 312
 819:Middlewares/ST/STM32_WPAN/ble/core/auto/ble_gap_aci.c ****   struct hci_request rq;
 3236              		.loc 1 819 3 is_stmt 1 view .LVU1124
 820:Middlewares/ST/STM32_WPAN/ble/core/auto/ble_gap_aci.c ****   uint8_t cmd_buffer[BLE_CMD_MAX_PARAM_LEN];
 3237              		.loc 1 820 3 view .LVU1125
 821:Middlewares/ST/STM32_WPAN/ble/core/auto/ble_gap_aci.c ****   aci_gap_create_connection_cp0 *cp0 = (aci_gap_create_connection_cp0*)(cmd_buffer);
 3238              		.loc 1 821 3 view .LVU1126
 3239              	.LVL334:
 822:Middlewares/ST/STM32_WPAN/ble/core/auto/ble_gap_aci.c ****   tBleStatus status = 0;
 3240              		.loc 1 822 3 view .LVU1127
 3241              		.loc 1 822 14 is_stmt 0 view .LVU1128
 3242 0004 0DF10707 		add	r7, sp, #7
 3243 0008 0025     		movs	r5, #0
 3244 000a 8DF80750 		strb	r5, [sp, #7]
 823:Middlewares/ST/STM32_WPAN/ble/core/auto/ble_gap_aci.c ****   int index_input = 0;
 3245              		.loc 1 823 3 is_stmt 1 view .LVU1129
 3246              	.LVL335:
 824:Middlewares/ST/STM32_WPAN/ble/core/auto/ble_gap_aci.c ****   cp0->LE_Scan_Interval = LE_Scan_Interval;
 3247              		.loc 1 824 3 view .LVU1130
 3248              		.loc 1 824 25 is_stmt 0 view .LVU1131
 3249 000e 02AC     		add	r4, sp, #8
 3250              	.LVL336:
ARM GAS  C:\Users\Nathan\AppData\Local\Temp\ccVQZ1bc.s 			page 72


 3251              		.loc 1 824 25 view .LVU1132
 3252 0010 ADF80800 		strh	r0, [sp, #8]	@ movhi
 825:Middlewares/ST/STM32_WPAN/ble/core/auto/ble_gap_aci.c ****   index_input += 2;
 3253              		.loc 1 825 3 is_stmt 1 view .LVU1133
 3254              	.LVL337:
 826:Middlewares/ST/STM32_WPAN/ble/core/auto/ble_gap_aci.c ****   cp0->LE_Scan_Window = LE_Scan_Window;
 3255              		.loc 1 826 3 view .LVU1134
 3256              		.loc 1 826 23 is_stmt 0 view .LVU1135
 3257 0014 ADF80A10 		strh	r1, [sp, #10]	@ movhi
 827:Middlewares/ST/STM32_WPAN/ble/core/auto/ble_gap_aci.c ****   index_input += 2;
 3258              		.loc 1 827 3 is_stmt 1 view .LVU1136
 3259              	.LVL338:
 828:Middlewares/ST/STM32_WPAN/ble/core/auto/ble_gap_aci.c ****   cp0->Peer_Address_Type = Peer_Address_Type;
 3260              		.loc 1 828 3 view .LVU1137
 3261              		.loc 1 828 26 is_stmt 0 view .LVU1138
 3262 0018 8DF80C20 		strb	r2, [sp, #12]
 829:Middlewares/ST/STM32_WPAN/ble/core/auto/ble_gap_aci.c ****   index_input += 1;
 3263              		.loc 1 829 3 is_stmt 1 view .LVU1139
 3264              	.LVL339:
 830:Middlewares/ST/STM32_WPAN/ble/core/auto/ble_gap_aci.c ****   Osal_MemCpy( (void*)&cp0->Peer_Address, (const void*)Peer_Address, 6 );
 3265              		.loc 1 830 3 view .LVU1140
 3266 001c 0622     		movs	r2, #6
 3267              	.LVL340:
 3268              		.loc 1 830 3 is_stmt 0 view .LVU1141
 3269 001e 1946     		mov	r1, r3
 3270              	.LVL341:
 3271              		.loc 1 830 3 view .LVU1142
 3272 0020 0DF10D00 		add	r0, sp, #13
 3273              	.LVL342:
 3274              		.loc 1 830 3 view .LVU1143
 3275 0024 FFF7FEFF 		bl	Osal_MemCpy
 3276              	.LVL343:
 831:Middlewares/ST/STM32_WPAN/ble/core/auto/ble_gap_aci.c ****   index_input += 6;
 3277              		.loc 1 831 3 is_stmt 1 view .LVU1144
 832:Middlewares/ST/STM32_WPAN/ble/core/auto/ble_gap_aci.c ****   cp0->Own_Address_Type = Own_Address_Type;
 3278              		.loc 1 832 3 view .LVU1145
 3279              		.loc 1 832 25 is_stmt 0 view .LVU1146
 3280 0028 9DF83831 		ldrb	r3, [sp, #312]	@ zero_extendqisi2
 3281 002c 8DF81330 		strb	r3, [sp, #19]
 833:Middlewares/ST/STM32_WPAN/ble/core/auto/ble_gap_aci.c ****   index_input += 1;
 3282              		.loc 1 833 3 is_stmt 1 view .LVU1147
 3283              	.LVL344:
 834:Middlewares/ST/STM32_WPAN/ble/core/auto/ble_gap_aci.c ****   cp0->Conn_Interval_Min = Conn_Interval_Min;
 3284              		.loc 1 834 3 view .LVU1148
 3285              		.loc 1 834 26 is_stmt 0 view .LVU1149
 3286 0030 BDF83C31 		ldrh	r3, [sp, #316]
 3287 0034 ADF81430 		strh	r3, [sp, #20]	@ movhi
 835:Middlewares/ST/STM32_WPAN/ble/core/auto/ble_gap_aci.c ****   index_input += 2;
 3288              		.loc 1 835 3 is_stmt 1 view .LVU1150
 3289              	.LVL345:
 836:Middlewares/ST/STM32_WPAN/ble/core/auto/ble_gap_aci.c ****   cp0->Conn_Interval_Max = Conn_Interval_Max;
 3290              		.loc 1 836 3 view .LVU1151
 3291              		.loc 1 836 26 is_stmt 0 view .LVU1152
 3292 0038 BDF84031 		ldrh	r3, [sp, #320]
 3293 003c ADF81630 		strh	r3, [sp, #22]	@ movhi
 837:Middlewares/ST/STM32_WPAN/ble/core/auto/ble_gap_aci.c ****   index_input += 2;
 3294              		.loc 1 837 3 is_stmt 1 view .LVU1153
ARM GAS  C:\Users\Nathan\AppData\Local\Temp\ccVQZ1bc.s 			page 73


 3295              	.LVL346:
 838:Middlewares/ST/STM32_WPAN/ble/core/auto/ble_gap_aci.c ****   cp0->Conn_Latency = Conn_Latency;
 3296              		.loc 1 838 3 view .LVU1154
 3297              		.loc 1 838 21 is_stmt 0 view .LVU1155
 3298 0040 BDF84431 		ldrh	r3, [sp, #324]
 3299 0044 ADF81830 		strh	r3, [sp, #24]	@ movhi
 839:Middlewares/ST/STM32_WPAN/ble/core/auto/ble_gap_aci.c ****   index_input += 2;
 3300              		.loc 1 839 3 is_stmt 1 view .LVU1156
 3301              	.LVL347:
 840:Middlewares/ST/STM32_WPAN/ble/core/auto/ble_gap_aci.c ****   cp0->Supervision_Timeout = Supervision_Timeout;
 3302              		.loc 1 840 3 view .LVU1157
 3303              		.loc 1 840 28 is_stmt 0 view .LVU1158
 3304 0048 BDF84831 		ldrh	r3, [sp, #328]
 3305 004c ADF81A30 		strh	r3, [sp, #26]	@ movhi
 841:Middlewares/ST/STM32_WPAN/ble/core/auto/ble_gap_aci.c ****   index_input += 2;
 3306              		.loc 1 841 3 is_stmt 1 view .LVU1159
 3307              	.LVL348:
 842:Middlewares/ST/STM32_WPAN/ble/core/auto/ble_gap_aci.c ****   cp0->Minimum_CE_Length = Minimum_CE_Length;
 3308              		.loc 1 842 3 view .LVU1160
 3309              		.loc 1 842 26 is_stmt 0 view .LVU1161
 3310 0050 BDF84C31 		ldrh	r3, [sp, #332]
 3311 0054 ADF81C30 		strh	r3, [sp, #28]	@ movhi
 843:Middlewares/ST/STM32_WPAN/ble/core/auto/ble_gap_aci.c ****   index_input += 2;
 3312              		.loc 1 843 3 is_stmt 1 view .LVU1162
 3313              	.LVL349:
 844:Middlewares/ST/STM32_WPAN/ble/core/auto/ble_gap_aci.c ****   cp0->Maximum_CE_Length = Maximum_CE_Length;
 3314              		.loc 1 844 3 view .LVU1163
 3315              		.loc 1 844 26 is_stmt 0 view .LVU1164
 3316 0058 BDF85031 		ldrh	r3, [sp, #336]
 3317 005c ADF81E30 		strh	r3, [sp, #30]	@ movhi
 845:Middlewares/ST/STM32_WPAN/ble/core/auto/ble_gap_aci.c ****   index_input += 2;
 3318              		.loc 1 845 3 is_stmt 1 view .LVU1165
 3319              	.LVL350:
 846:Middlewares/ST/STM32_WPAN/ble/core/auto/ble_gap_aci.c ****   Osal_MemSet( &rq, 0, sizeof(rq) );
 3320              		.loc 1 846 3 view .LVU1166
 3321 0060 42AE     		add	r6, sp, #264
 3322 0062 1822     		movs	r2, #24
 3323 0064 2946     		mov	r1, r5
 3324 0066 3046     		mov	r0, r6
 3325 0068 FFF7FEFF 		bl	Osal_MemSet
 3326              	.LVL351:
 847:Middlewares/ST/STM32_WPAN/ble/core/auto/ble_gap_aci.c ****   rq.ogf = 0x3f;
 3327              		.loc 1 847 3 view .LVU1167
 3328              		.loc 1 847 10 is_stmt 0 view .LVU1168
 3329 006c 3F23     		movs	r3, #63
 3330 006e ADF80831 		strh	r3, [sp, #264]	@ movhi
 848:Middlewares/ST/STM32_WPAN/ble/core/auto/ble_gap_aci.c ****   rq.ocf = 0x09c;
 3331              		.loc 1 848 3 is_stmt 1 view .LVU1169
 3332              		.loc 1 848 10 is_stmt 0 view .LVU1170
 3333 0072 9C23     		movs	r3, #156
 3334 0074 ADF80A31 		strh	r3, [sp, #266]	@ movhi
 849:Middlewares/ST/STM32_WPAN/ble/core/auto/ble_gap_aci.c ****   rq.event = 0x0F;
 3335              		.loc 1 849 3 is_stmt 1 view .LVU1171
 3336              		.loc 1 849 12 is_stmt 0 view .LVU1172
 3337 0078 0F23     		movs	r3, #15
 3338 007a 4393     		str	r3, [sp, #268]
 850:Middlewares/ST/STM32_WPAN/ble/core/auto/ble_gap_aci.c ****   rq.cparam = cmd_buffer;
ARM GAS  C:\Users\Nathan\AppData\Local\Temp\ccVQZ1bc.s 			page 74


 3339              		.loc 1 850 3 is_stmt 1 view .LVU1173
 3340              		.loc 1 850 13 is_stmt 0 view .LVU1174
 3341 007c 4494     		str	r4, [sp, #272]
 851:Middlewares/ST/STM32_WPAN/ble/core/auto/ble_gap_aci.c ****   rq.clen = index_input;
 3342              		.loc 1 851 3 is_stmt 1 view .LVU1175
 3343              		.loc 1 851 11 is_stmt 0 view .LVU1176
 3344 007e 1823     		movs	r3, #24
 3345 0080 4593     		str	r3, [sp, #276]
 852:Middlewares/ST/STM32_WPAN/ble/core/auto/ble_gap_aci.c ****   rq.rparam = &status;
 3346              		.loc 1 852 3 is_stmt 1 view .LVU1177
 3347              		.loc 1 852 13 is_stmt 0 view .LVU1178
 3348 0082 4697     		str	r7, [sp, #280]
 853:Middlewares/ST/STM32_WPAN/ble/core/auto/ble_gap_aci.c ****   rq.rlen = 1;
 3349              		.loc 1 853 3 is_stmt 1 view .LVU1179
 3350              		.loc 1 853 11 is_stmt 0 view .LVU1180
 3351 0084 0123     		movs	r3, #1
 3352 0086 4793     		str	r3, [sp, #284]
 854:Middlewares/ST/STM32_WPAN/ble/core/auto/ble_gap_aci.c ****   if ( hci_send_req(&rq, FALSE) < 0 )
 3353              		.loc 1 854 3 is_stmt 1 view .LVU1181
 3354              		.loc 1 854 8 is_stmt 0 view .LVU1182
 3355 0088 2946     		mov	r1, r5
 3356 008a 3046     		mov	r0, r6
 3357 008c FFF7FEFF 		bl	hci_send_req
 3358              	.LVL352:
 3359              		.loc 1 854 6 discriminator 1 view .LVU1183
 3360 0090 A842     		cmp	r0, r5
 3361 0092 02DB     		blt	.L107
 855:Middlewares/ST/STM32_WPAN/ble/core/auto/ble_gap_aci.c ****     return BLE_STATUS_TIMEOUT;
 856:Middlewares/ST/STM32_WPAN/ble/core/auto/ble_gap_aci.c ****   return status;
 3362              		.loc 1 856 3 is_stmt 1 view .LVU1184
 3363              		.loc 1 856 10 is_stmt 0 view .LVU1185
 3364 0094 3878     		ldrb	r0, [r7]	@ zero_extendqisi2
 3365              	.L106:
 857:Middlewares/ST/STM32_WPAN/ble/core/auto/ble_gap_aci.c **** }
 3366              		.loc 1 857 1 view .LVU1186
 3367 0096 49B0     		add	sp, sp, #292
 3368              		.cfi_remember_state
 3369              		.cfi_def_cfa_offset 20
 3370              		@ sp needed
 3371 0098 F0BD     		pop	{r4, r5, r6, r7, pc}
 3372              	.LVL353:
 3373              	.L107:
 3374              		.cfi_restore_state
 855:Middlewares/ST/STM32_WPAN/ble/core/auto/ble_gap_aci.c ****     return BLE_STATUS_TIMEOUT;
 3375              		.loc 1 855 12 view .LVU1187
 3376 009a FF20     		movs	r0, #255
 3377 009c FBE7     		b	.L106
 3378              		.cfi_endproc
 3379              	.LFE26:
 3381              		.section	.text.aci_gap_terminate_gap_proc,"ax",%progbits
 3382              		.align	1
 3383              		.global	aci_gap_terminate_gap_proc
 3384              		.syntax unified
 3385              		.thumb
 3386              		.thumb_func
 3388              	aci_gap_terminate_gap_proc:
 3389              	.LVL354:
ARM GAS  C:\Users\Nathan\AppData\Local\Temp\ccVQZ1bc.s 			page 75


 3390              	.LFB27:
 858:Middlewares/ST/STM32_WPAN/ble/core/auto/ble_gap_aci.c **** 
 859:Middlewares/ST/STM32_WPAN/ble/core/auto/ble_gap_aci.c **** tBleStatus aci_gap_terminate_gap_proc( uint8_t Procedure_Code )
 860:Middlewares/ST/STM32_WPAN/ble/core/auto/ble_gap_aci.c **** {
 3391              		.loc 1 860 1 is_stmt 1 view -0
 3392              		.cfi_startproc
 3393              		@ args = 0, pretend = 0, frame = 288
 3394              		@ frame_needed = 0, uses_anonymous_args = 0
 3395              		.loc 1 860 1 is_stmt 0 view .LVU1189
 3396 0000 F0B5     		push	{r4, r5, r6, r7, lr}
 3397              		.cfi_def_cfa_offset 20
 3398              		.cfi_offset 4, -20
 3399              		.cfi_offset 5, -16
 3400              		.cfi_offset 6, -12
 3401              		.cfi_offset 7, -8
 3402              		.cfi_offset 14, -4
 3403 0002 C9B0     		sub	sp, sp, #292
 3404              		.cfi_def_cfa_offset 312
 861:Middlewares/ST/STM32_WPAN/ble/core/auto/ble_gap_aci.c ****   struct hci_request rq;
 3405              		.loc 1 861 3 is_stmt 1 view .LVU1190
 862:Middlewares/ST/STM32_WPAN/ble/core/auto/ble_gap_aci.c ****   uint8_t cmd_buffer[BLE_CMD_MAX_PARAM_LEN];
 3406              		.loc 1 862 3 view .LVU1191
 863:Middlewares/ST/STM32_WPAN/ble/core/auto/ble_gap_aci.c ****   aci_gap_terminate_gap_proc_cp0 *cp0 = (aci_gap_terminate_gap_proc_cp0*)(cmd_buffer);
 3407              		.loc 1 863 3 view .LVU1192
 3408              	.LVL355:
 864:Middlewares/ST/STM32_WPAN/ble/core/auto/ble_gap_aci.c ****   tBleStatus status = 0;
 3409              		.loc 1 864 3 view .LVU1193
 3410              		.loc 1 864 14 is_stmt 0 view .LVU1194
 3411 0004 0DF10706 		add	r6, sp, #7
 3412 0008 0024     		movs	r4, #0
 3413 000a 8DF80740 		strb	r4, [sp, #7]
 865:Middlewares/ST/STM32_WPAN/ble/core/auto/ble_gap_aci.c ****   int index_input = 0;
 3414              		.loc 1 865 3 is_stmt 1 view .LVU1195
 3415              	.LVL356:
 866:Middlewares/ST/STM32_WPAN/ble/core/auto/ble_gap_aci.c ****   cp0->Procedure_Code = Procedure_Code;
 3416              		.loc 1 866 3 view .LVU1196
 3417              		.loc 1 866 23 is_stmt 0 view .LVU1197
 3418 000e 02AF     		add	r7, sp, #8
 3419              	.LVL357:
 3420              		.loc 1 866 23 view .LVU1198
 3421 0010 8DF80800 		strb	r0, [sp, #8]
 867:Middlewares/ST/STM32_WPAN/ble/core/auto/ble_gap_aci.c ****   index_input += 1;
 3422              		.loc 1 867 3 is_stmt 1 view .LVU1199
 3423              	.LVL358:
 868:Middlewares/ST/STM32_WPAN/ble/core/auto/ble_gap_aci.c ****   Osal_MemSet( &rq, 0, sizeof(rq) );
 3424              		.loc 1 868 3 view .LVU1200
 3425 0014 42AD     		add	r5, sp, #264
 3426 0016 1822     		movs	r2, #24
 3427 0018 2146     		mov	r1, r4
 3428 001a 2846     		mov	r0, r5
 3429              	.LVL359:
 3430              		.loc 1 868 3 is_stmt 0 view .LVU1201
 3431 001c FFF7FEFF 		bl	Osal_MemSet
 3432              	.LVL360:
 869:Middlewares/ST/STM32_WPAN/ble/core/auto/ble_gap_aci.c ****   rq.ogf = 0x3f;
 3433              		.loc 1 869 3 is_stmt 1 view .LVU1202
 3434              		.loc 1 869 10 is_stmt 0 view .LVU1203
ARM GAS  C:\Users\Nathan\AppData\Local\Temp\ccVQZ1bc.s 			page 76


 3435 0020 3F23     		movs	r3, #63
 3436 0022 ADF80831 		strh	r3, [sp, #264]	@ movhi
 870:Middlewares/ST/STM32_WPAN/ble/core/auto/ble_gap_aci.c ****   rq.ocf = 0x09d;
 3437              		.loc 1 870 3 is_stmt 1 view .LVU1204
 3438              		.loc 1 870 10 is_stmt 0 view .LVU1205
 3439 0026 9D23     		movs	r3, #157
 3440 0028 ADF80A31 		strh	r3, [sp, #266]	@ movhi
 871:Middlewares/ST/STM32_WPAN/ble/core/auto/ble_gap_aci.c ****   rq.cparam = cmd_buffer;
 3441              		.loc 1 871 3 is_stmt 1 view .LVU1206
 3442              		.loc 1 871 13 is_stmt 0 view .LVU1207
 3443 002c 4497     		str	r7, [sp, #272]
 872:Middlewares/ST/STM32_WPAN/ble/core/auto/ble_gap_aci.c ****   rq.clen = index_input;
 3444              		.loc 1 872 3 is_stmt 1 view .LVU1208
 3445              		.loc 1 872 11 is_stmt 0 view .LVU1209
 3446 002e 0123     		movs	r3, #1
 3447 0030 4593     		str	r3, [sp, #276]
 873:Middlewares/ST/STM32_WPAN/ble/core/auto/ble_gap_aci.c ****   rq.rparam = &status;
 3448              		.loc 1 873 3 is_stmt 1 view .LVU1210
 3449              		.loc 1 873 13 is_stmt 0 view .LVU1211
 3450 0032 4696     		str	r6, [sp, #280]
 874:Middlewares/ST/STM32_WPAN/ble/core/auto/ble_gap_aci.c ****   rq.rlen = 1;
 3451              		.loc 1 874 3 is_stmt 1 view .LVU1212
 3452              		.loc 1 874 11 is_stmt 0 view .LVU1213
 3453 0034 4793     		str	r3, [sp, #284]
 875:Middlewares/ST/STM32_WPAN/ble/core/auto/ble_gap_aci.c ****   if ( hci_send_req(&rq, FALSE) < 0 )
 3454              		.loc 1 875 3 is_stmt 1 view .LVU1214
 3455              		.loc 1 875 8 is_stmt 0 view .LVU1215
 3456 0036 2146     		mov	r1, r4
 3457 0038 2846     		mov	r0, r5
 3458 003a FFF7FEFF 		bl	hci_send_req
 3459              	.LVL361:
 3460              		.loc 1 875 6 discriminator 1 view .LVU1216
 3461 003e A042     		cmp	r0, r4
 3462 0040 02DB     		blt	.L111
 876:Middlewares/ST/STM32_WPAN/ble/core/auto/ble_gap_aci.c ****     return BLE_STATUS_TIMEOUT;
 877:Middlewares/ST/STM32_WPAN/ble/core/auto/ble_gap_aci.c ****   return status;
 3463              		.loc 1 877 3 is_stmt 1 view .LVU1217
 3464              		.loc 1 877 10 is_stmt 0 view .LVU1218
 3465 0042 3078     		ldrb	r0, [r6]	@ zero_extendqisi2
 3466              	.L110:
 878:Middlewares/ST/STM32_WPAN/ble/core/auto/ble_gap_aci.c **** }
 3467              		.loc 1 878 1 view .LVU1219
 3468 0044 49B0     		add	sp, sp, #292
 3469              		.cfi_remember_state
 3470              		.cfi_def_cfa_offset 20
 3471              		@ sp needed
 3472 0046 F0BD     		pop	{r4, r5, r6, r7, pc}
 3473              	.LVL362:
 3474              	.L111:
 3475              		.cfi_restore_state
 876:Middlewares/ST/STM32_WPAN/ble/core/auto/ble_gap_aci.c ****     return BLE_STATUS_TIMEOUT;
 3476              		.loc 1 876 12 view .LVU1220
 3477 0048 FF20     		movs	r0, #255
 3478 004a FBE7     		b	.L110
 3479              		.cfi_endproc
 3480              	.LFE27:
 3482              		.section	.text.aci_gap_start_connection_update,"ax",%progbits
ARM GAS  C:\Users\Nathan\AppData\Local\Temp\ccVQZ1bc.s 			page 77


 3483              		.align	1
 3484              		.global	aci_gap_start_connection_update
 3485              		.syntax unified
 3486              		.thumb
 3487              		.thumb_func
 3489              	aci_gap_start_connection_update:
 3490              	.LVL363:
 3491              	.LFB28:
 879:Middlewares/ST/STM32_WPAN/ble/core/auto/ble_gap_aci.c **** 
 880:Middlewares/ST/STM32_WPAN/ble/core/auto/ble_gap_aci.c **** tBleStatus aci_gap_start_connection_update( uint16_t Connection_Handle,
 881:Middlewares/ST/STM32_WPAN/ble/core/auto/ble_gap_aci.c ****                                             uint16_t Conn_Interval_Min,
 882:Middlewares/ST/STM32_WPAN/ble/core/auto/ble_gap_aci.c ****                                             uint16_t Conn_Interval_Max,
 883:Middlewares/ST/STM32_WPAN/ble/core/auto/ble_gap_aci.c ****                                             uint16_t Conn_Latency,
 884:Middlewares/ST/STM32_WPAN/ble/core/auto/ble_gap_aci.c ****                                             uint16_t Supervision_Timeout,
 885:Middlewares/ST/STM32_WPAN/ble/core/auto/ble_gap_aci.c ****                                             uint16_t Minimum_CE_Length,
 886:Middlewares/ST/STM32_WPAN/ble/core/auto/ble_gap_aci.c ****                                             uint16_t Maximum_CE_Length )
 887:Middlewares/ST/STM32_WPAN/ble/core/auto/ble_gap_aci.c **** {
 3492              		.loc 1 887 1 is_stmt 1 view -0
 3493              		.cfi_startproc
 3494              		@ args = 12, pretend = 0, frame = 288
 3495              		@ frame_needed = 0, uses_anonymous_args = 0
 3496              		.loc 1 887 1 is_stmt 0 view .LVU1222
 3497 0000 F0B5     		push	{r4, r5, r6, r7, lr}
 3498              		.cfi_def_cfa_offset 20
 3499              		.cfi_offset 4, -20
 3500              		.cfi_offset 5, -16
 3501              		.cfi_offset 6, -12
 3502              		.cfi_offset 7, -8
 3503              		.cfi_offset 14, -4
 3504 0002 C9B0     		sub	sp, sp, #292
 3505              		.cfi_def_cfa_offset 312
 888:Middlewares/ST/STM32_WPAN/ble/core/auto/ble_gap_aci.c ****   struct hci_request rq;
 3506              		.loc 1 888 3 is_stmt 1 view .LVU1223
 889:Middlewares/ST/STM32_WPAN/ble/core/auto/ble_gap_aci.c ****   uint8_t cmd_buffer[BLE_CMD_MAX_PARAM_LEN];
 3507              		.loc 1 889 3 view .LVU1224
 890:Middlewares/ST/STM32_WPAN/ble/core/auto/ble_gap_aci.c ****   aci_gap_start_connection_update_cp0 *cp0 = (aci_gap_start_connection_update_cp0*)(cmd_buffer);
 3508              		.loc 1 890 3 view .LVU1225
 3509              	.LVL364:
 891:Middlewares/ST/STM32_WPAN/ble/core/auto/ble_gap_aci.c ****   tBleStatus status = 0;
 3510              		.loc 1 891 3 view .LVU1226
 3511              		.loc 1 891 14 is_stmt 0 view .LVU1227
 3512 0004 0DF10707 		add	r7, sp, #7
 3513 0008 0025     		movs	r5, #0
 3514 000a 8DF80750 		strb	r5, [sp, #7]
 892:Middlewares/ST/STM32_WPAN/ble/core/auto/ble_gap_aci.c ****   int index_input = 0;
 3515              		.loc 1 892 3 is_stmt 1 view .LVU1228
 3516              	.LVL365:
 893:Middlewares/ST/STM32_WPAN/ble/core/auto/ble_gap_aci.c ****   cp0->Connection_Handle = Connection_Handle;
 3517              		.loc 1 893 3 view .LVU1229
 3518              		.loc 1 893 26 is_stmt 0 view .LVU1230
 3519 000e 02AC     		add	r4, sp, #8
 3520              	.LVL366:
 3521              		.loc 1 893 26 view .LVU1231
 3522 0010 ADF80800 		strh	r0, [sp, #8]	@ movhi
 894:Middlewares/ST/STM32_WPAN/ble/core/auto/ble_gap_aci.c ****   index_input += 2;
 3523              		.loc 1 894 3 is_stmt 1 view .LVU1232
 3524              	.LVL367:
ARM GAS  C:\Users\Nathan\AppData\Local\Temp\ccVQZ1bc.s 			page 78


 895:Middlewares/ST/STM32_WPAN/ble/core/auto/ble_gap_aci.c ****   cp0->Conn_Interval_Min = Conn_Interval_Min;
 3525              		.loc 1 895 3 view .LVU1233
 3526              		.loc 1 895 26 is_stmt 0 view .LVU1234
 3527 0014 ADF80A10 		strh	r1, [sp, #10]	@ movhi
 896:Middlewares/ST/STM32_WPAN/ble/core/auto/ble_gap_aci.c ****   index_input += 2;
 3528              		.loc 1 896 3 is_stmt 1 view .LVU1235
 3529              	.LVL368:
 897:Middlewares/ST/STM32_WPAN/ble/core/auto/ble_gap_aci.c ****   cp0->Conn_Interval_Max = Conn_Interval_Max;
 3530              		.loc 1 897 3 view .LVU1236
 3531              		.loc 1 897 26 is_stmt 0 view .LVU1237
 3532 0018 ADF80C20 		strh	r2, [sp, #12]	@ movhi
 898:Middlewares/ST/STM32_WPAN/ble/core/auto/ble_gap_aci.c ****   index_input += 2;
 3533              		.loc 1 898 3 is_stmt 1 view .LVU1238
 3534              	.LVL369:
 899:Middlewares/ST/STM32_WPAN/ble/core/auto/ble_gap_aci.c ****   cp0->Conn_Latency = Conn_Latency;
 3535              		.loc 1 899 3 view .LVU1239
 3536              		.loc 1 899 21 is_stmt 0 view .LVU1240
 3537 001c ADF80E30 		strh	r3, [sp, #14]	@ movhi
 900:Middlewares/ST/STM32_WPAN/ble/core/auto/ble_gap_aci.c ****   index_input += 2;
 3538              		.loc 1 900 3 is_stmt 1 view .LVU1241
 3539              	.LVL370:
 901:Middlewares/ST/STM32_WPAN/ble/core/auto/ble_gap_aci.c ****   cp0->Supervision_Timeout = Supervision_Timeout;
 3540              		.loc 1 901 3 view .LVU1242
 3541              		.loc 1 901 28 is_stmt 0 view .LVU1243
 3542 0020 BDF83831 		ldrh	r3, [sp, #312]
 3543              	.LVL371:
 3544              		.loc 1 901 28 view .LVU1244
 3545 0024 ADF81030 		strh	r3, [sp, #16]	@ movhi
 902:Middlewares/ST/STM32_WPAN/ble/core/auto/ble_gap_aci.c ****   index_input += 2;
 3546              		.loc 1 902 3 is_stmt 1 view .LVU1245
 3547              	.LVL372:
 903:Middlewares/ST/STM32_WPAN/ble/core/auto/ble_gap_aci.c ****   cp0->Minimum_CE_Length = Minimum_CE_Length;
 3548              		.loc 1 903 3 view .LVU1246
 3549              		.loc 1 903 26 is_stmt 0 view .LVU1247
 3550 0028 BDF83C31 		ldrh	r3, [sp, #316]
 3551 002c ADF81230 		strh	r3, [sp, #18]	@ movhi
 904:Middlewares/ST/STM32_WPAN/ble/core/auto/ble_gap_aci.c ****   index_input += 2;
 3552              		.loc 1 904 3 is_stmt 1 view .LVU1248
 3553              	.LVL373:
 905:Middlewares/ST/STM32_WPAN/ble/core/auto/ble_gap_aci.c ****   cp0->Maximum_CE_Length = Maximum_CE_Length;
 3554              		.loc 1 905 3 view .LVU1249
 3555              		.loc 1 905 26 is_stmt 0 view .LVU1250
 3556 0030 BDF84031 		ldrh	r3, [sp, #320]
 3557 0034 ADF81430 		strh	r3, [sp, #20]	@ movhi
 906:Middlewares/ST/STM32_WPAN/ble/core/auto/ble_gap_aci.c ****   index_input += 2;
 3558              		.loc 1 906 3 is_stmt 1 view .LVU1251
 3559              	.LVL374:
 907:Middlewares/ST/STM32_WPAN/ble/core/auto/ble_gap_aci.c ****   Osal_MemSet( &rq, 0, sizeof(rq) );
 3560              		.loc 1 907 3 view .LVU1252
 3561 0038 42AE     		add	r6, sp, #264
 3562 003a 1822     		movs	r2, #24
 3563              	.LVL375:
 3564              		.loc 1 907 3 is_stmt 0 view .LVU1253
 3565 003c 2946     		mov	r1, r5
 3566              	.LVL376:
 3567              		.loc 1 907 3 view .LVU1254
 3568 003e 3046     		mov	r0, r6
ARM GAS  C:\Users\Nathan\AppData\Local\Temp\ccVQZ1bc.s 			page 79


 3569              	.LVL377:
 3570              		.loc 1 907 3 view .LVU1255
 3571 0040 FFF7FEFF 		bl	Osal_MemSet
 3572              	.LVL378:
 908:Middlewares/ST/STM32_WPAN/ble/core/auto/ble_gap_aci.c ****   rq.ogf = 0x3f;
 3573              		.loc 1 908 3 is_stmt 1 view .LVU1256
 3574              		.loc 1 908 10 is_stmt 0 view .LVU1257
 3575 0044 3F23     		movs	r3, #63
 3576 0046 ADF80831 		strh	r3, [sp, #264]	@ movhi
 909:Middlewares/ST/STM32_WPAN/ble/core/auto/ble_gap_aci.c ****   rq.ocf = 0x09e;
 3577              		.loc 1 909 3 is_stmt 1 view .LVU1258
 3578              		.loc 1 909 10 is_stmt 0 view .LVU1259
 3579 004a 9E23     		movs	r3, #158
 3580 004c ADF80A31 		strh	r3, [sp, #266]	@ movhi
 910:Middlewares/ST/STM32_WPAN/ble/core/auto/ble_gap_aci.c ****   rq.event = 0x0F;
 3581              		.loc 1 910 3 is_stmt 1 view .LVU1260
 3582              		.loc 1 910 12 is_stmt 0 view .LVU1261
 3583 0050 0F23     		movs	r3, #15
 3584 0052 4393     		str	r3, [sp, #268]
 911:Middlewares/ST/STM32_WPAN/ble/core/auto/ble_gap_aci.c ****   rq.cparam = cmd_buffer;
 3585              		.loc 1 911 3 is_stmt 1 view .LVU1262
 3586              		.loc 1 911 13 is_stmt 0 view .LVU1263
 3587 0054 4494     		str	r4, [sp, #272]
 912:Middlewares/ST/STM32_WPAN/ble/core/auto/ble_gap_aci.c ****   rq.clen = index_input;
 3588              		.loc 1 912 3 is_stmt 1 view .LVU1264
 3589              		.loc 1 912 11 is_stmt 0 view .LVU1265
 3590 0056 0E23     		movs	r3, #14
 3591 0058 4593     		str	r3, [sp, #276]
 913:Middlewares/ST/STM32_WPAN/ble/core/auto/ble_gap_aci.c ****   rq.rparam = &status;
 3592              		.loc 1 913 3 is_stmt 1 view .LVU1266
 3593              		.loc 1 913 13 is_stmt 0 view .LVU1267
 3594 005a 4697     		str	r7, [sp, #280]
 914:Middlewares/ST/STM32_WPAN/ble/core/auto/ble_gap_aci.c ****   rq.rlen = 1;
 3595              		.loc 1 914 3 is_stmt 1 view .LVU1268
 3596              		.loc 1 914 11 is_stmt 0 view .LVU1269
 3597 005c 0123     		movs	r3, #1
 3598 005e 4793     		str	r3, [sp, #284]
 915:Middlewares/ST/STM32_WPAN/ble/core/auto/ble_gap_aci.c ****   if ( hci_send_req(&rq, FALSE) < 0 )
 3599              		.loc 1 915 3 is_stmt 1 view .LVU1270
 3600              		.loc 1 915 8 is_stmt 0 view .LVU1271
 3601 0060 2946     		mov	r1, r5
 3602 0062 3046     		mov	r0, r6
 3603 0064 FFF7FEFF 		bl	hci_send_req
 3604              	.LVL379:
 3605              		.loc 1 915 6 discriminator 1 view .LVU1272
 3606 0068 A842     		cmp	r0, r5
 3607 006a 02DB     		blt	.L115
 916:Middlewares/ST/STM32_WPAN/ble/core/auto/ble_gap_aci.c ****     return BLE_STATUS_TIMEOUT;
 917:Middlewares/ST/STM32_WPAN/ble/core/auto/ble_gap_aci.c ****   return status;
 3608              		.loc 1 917 3 is_stmt 1 view .LVU1273
 3609              		.loc 1 917 10 is_stmt 0 view .LVU1274
 3610 006c 3878     		ldrb	r0, [r7]	@ zero_extendqisi2
 3611              	.L114:
 918:Middlewares/ST/STM32_WPAN/ble/core/auto/ble_gap_aci.c **** }
 3612              		.loc 1 918 1 view .LVU1275
 3613 006e 49B0     		add	sp, sp, #292
 3614              		.cfi_remember_state
ARM GAS  C:\Users\Nathan\AppData\Local\Temp\ccVQZ1bc.s 			page 80


 3615              		.cfi_def_cfa_offset 20
 3616              		@ sp needed
 3617 0070 F0BD     		pop	{r4, r5, r6, r7, pc}
 3618              	.LVL380:
 3619              	.L115:
 3620              		.cfi_restore_state
 916:Middlewares/ST/STM32_WPAN/ble/core/auto/ble_gap_aci.c ****     return BLE_STATUS_TIMEOUT;
 3621              		.loc 1 916 12 view .LVU1276
 3622 0072 FF20     		movs	r0, #255
 3623 0074 FBE7     		b	.L114
 3624              		.cfi_endproc
 3625              	.LFE28:
 3627              		.section	.text.aci_gap_send_pairing_req,"ax",%progbits
 3628              		.align	1
 3629              		.global	aci_gap_send_pairing_req
 3630              		.syntax unified
 3631              		.thumb
 3632              		.thumb_func
 3634              	aci_gap_send_pairing_req:
 3635              	.LVL381:
 3636              	.LFB29:
 919:Middlewares/ST/STM32_WPAN/ble/core/auto/ble_gap_aci.c **** 
 920:Middlewares/ST/STM32_WPAN/ble/core/auto/ble_gap_aci.c **** tBleStatus aci_gap_send_pairing_req( uint16_t Connection_Handle,
 921:Middlewares/ST/STM32_WPAN/ble/core/auto/ble_gap_aci.c ****                                      uint8_t Force_Rebond )
 922:Middlewares/ST/STM32_WPAN/ble/core/auto/ble_gap_aci.c **** {
 3637              		.loc 1 922 1 is_stmt 1 view -0
 3638              		.cfi_startproc
 3639              		@ args = 0, pretend = 0, frame = 288
 3640              		@ frame_needed = 0, uses_anonymous_args = 0
 3641              		.loc 1 922 1 is_stmt 0 view .LVU1278
 3642 0000 F0B5     		push	{r4, r5, r6, r7, lr}
 3643              		.cfi_def_cfa_offset 20
 3644              		.cfi_offset 4, -20
 3645              		.cfi_offset 5, -16
 3646              		.cfi_offset 6, -12
 3647              		.cfi_offset 7, -8
 3648              		.cfi_offset 14, -4
 3649 0002 C9B0     		sub	sp, sp, #292
 3650              		.cfi_def_cfa_offset 312
 923:Middlewares/ST/STM32_WPAN/ble/core/auto/ble_gap_aci.c ****   struct hci_request rq;
 3651              		.loc 1 923 3 is_stmt 1 view .LVU1279
 924:Middlewares/ST/STM32_WPAN/ble/core/auto/ble_gap_aci.c ****   uint8_t cmd_buffer[BLE_CMD_MAX_PARAM_LEN];
 3652              		.loc 1 924 3 view .LVU1280
 925:Middlewares/ST/STM32_WPAN/ble/core/auto/ble_gap_aci.c ****   aci_gap_send_pairing_req_cp0 *cp0 = (aci_gap_send_pairing_req_cp0*)(cmd_buffer);
 3653              		.loc 1 925 3 view .LVU1281
 3654              	.LVL382:
 926:Middlewares/ST/STM32_WPAN/ble/core/auto/ble_gap_aci.c ****   tBleStatus status = 0;
 3655              		.loc 1 926 3 view .LVU1282
 3656              		.loc 1 926 14 is_stmt 0 view .LVU1283
 3657 0004 0DF10707 		add	r7, sp, #7
 3658 0008 0024     		movs	r4, #0
 3659 000a 8DF80740 		strb	r4, [sp, #7]
 927:Middlewares/ST/STM32_WPAN/ble/core/auto/ble_gap_aci.c ****   int index_input = 0;
 3660              		.loc 1 927 3 is_stmt 1 view .LVU1284
 3661              	.LVL383:
 928:Middlewares/ST/STM32_WPAN/ble/core/auto/ble_gap_aci.c ****   cp0->Connection_Handle = Connection_Handle;
 3662              		.loc 1 928 3 view .LVU1285
ARM GAS  C:\Users\Nathan\AppData\Local\Temp\ccVQZ1bc.s 			page 81


 3663              		.loc 1 928 26 is_stmt 0 view .LVU1286
 3664 000e 02AD     		add	r5, sp, #8
 3665              	.LVL384:
 3666              		.loc 1 928 26 view .LVU1287
 3667 0010 ADF80800 		strh	r0, [sp, #8]	@ movhi
 929:Middlewares/ST/STM32_WPAN/ble/core/auto/ble_gap_aci.c ****   index_input += 2;
 3668              		.loc 1 929 3 is_stmt 1 view .LVU1288
 3669              	.LVL385:
 930:Middlewares/ST/STM32_WPAN/ble/core/auto/ble_gap_aci.c ****   cp0->Force_Rebond = Force_Rebond;
 3670              		.loc 1 930 3 view .LVU1289
 3671              		.loc 1 930 21 is_stmt 0 view .LVU1290
 3672 0014 8DF80A10 		strb	r1, [sp, #10]
 931:Middlewares/ST/STM32_WPAN/ble/core/auto/ble_gap_aci.c ****   index_input += 1;
 3673              		.loc 1 931 3 is_stmt 1 view .LVU1291
 3674              	.LVL386:
 932:Middlewares/ST/STM32_WPAN/ble/core/auto/ble_gap_aci.c ****   Osal_MemSet( &rq, 0, sizeof(rq) );
 3675              		.loc 1 932 3 view .LVU1292
 3676 0018 42AE     		add	r6, sp, #264
 3677 001a 1822     		movs	r2, #24
 3678 001c 2146     		mov	r1, r4
 3679              	.LVL387:
 3680              		.loc 1 932 3 is_stmt 0 view .LVU1293
 3681 001e 3046     		mov	r0, r6
 3682              	.LVL388:
 3683              		.loc 1 932 3 view .LVU1294
 3684 0020 FFF7FEFF 		bl	Osal_MemSet
 3685              	.LVL389:
 933:Middlewares/ST/STM32_WPAN/ble/core/auto/ble_gap_aci.c ****   rq.ogf = 0x3f;
 3686              		.loc 1 933 3 is_stmt 1 view .LVU1295
 3687              		.loc 1 933 10 is_stmt 0 view .LVU1296
 3688 0024 3F23     		movs	r3, #63
 3689 0026 ADF80831 		strh	r3, [sp, #264]	@ movhi
 934:Middlewares/ST/STM32_WPAN/ble/core/auto/ble_gap_aci.c ****   rq.ocf = 0x09f;
 3690              		.loc 1 934 3 is_stmt 1 view .LVU1297
 3691              		.loc 1 934 10 is_stmt 0 view .LVU1298
 3692 002a 9F23     		movs	r3, #159
 3693 002c ADF80A31 		strh	r3, [sp, #266]	@ movhi
 935:Middlewares/ST/STM32_WPAN/ble/core/auto/ble_gap_aci.c ****   rq.event = 0x0F;
 3694              		.loc 1 935 3 is_stmt 1 view .LVU1299
 3695              		.loc 1 935 12 is_stmt 0 view .LVU1300
 3696 0030 0F23     		movs	r3, #15
 3697 0032 4393     		str	r3, [sp, #268]
 936:Middlewares/ST/STM32_WPAN/ble/core/auto/ble_gap_aci.c ****   rq.cparam = cmd_buffer;
 3698              		.loc 1 936 3 is_stmt 1 view .LVU1301
 3699              		.loc 1 936 13 is_stmt 0 view .LVU1302
 3700 0034 4495     		str	r5, [sp, #272]
 937:Middlewares/ST/STM32_WPAN/ble/core/auto/ble_gap_aci.c ****   rq.clen = index_input;
 3701              		.loc 1 937 3 is_stmt 1 view .LVU1303
 3702              		.loc 1 937 11 is_stmt 0 view .LVU1304
 3703 0036 0323     		movs	r3, #3
 3704 0038 4593     		str	r3, [sp, #276]
 938:Middlewares/ST/STM32_WPAN/ble/core/auto/ble_gap_aci.c ****   rq.rparam = &status;
 3705              		.loc 1 938 3 is_stmt 1 view .LVU1305
 3706              		.loc 1 938 13 is_stmt 0 view .LVU1306
 3707 003a 4697     		str	r7, [sp, #280]
 939:Middlewares/ST/STM32_WPAN/ble/core/auto/ble_gap_aci.c ****   rq.rlen = 1;
 3708              		.loc 1 939 3 is_stmt 1 view .LVU1307
ARM GAS  C:\Users\Nathan\AppData\Local\Temp\ccVQZ1bc.s 			page 82


 3709              		.loc 1 939 11 is_stmt 0 view .LVU1308
 3710 003c 0123     		movs	r3, #1
 3711 003e 4793     		str	r3, [sp, #284]
 940:Middlewares/ST/STM32_WPAN/ble/core/auto/ble_gap_aci.c ****   if ( hci_send_req(&rq, FALSE) < 0 )
 3712              		.loc 1 940 3 is_stmt 1 view .LVU1309
 3713              		.loc 1 940 8 is_stmt 0 view .LVU1310
 3714 0040 2146     		mov	r1, r4
 3715 0042 3046     		mov	r0, r6
 3716 0044 FFF7FEFF 		bl	hci_send_req
 3717              	.LVL390:
 3718              		.loc 1 940 6 discriminator 1 view .LVU1311
 3719 0048 A042     		cmp	r0, r4
 3720 004a 02DB     		blt	.L119
 941:Middlewares/ST/STM32_WPAN/ble/core/auto/ble_gap_aci.c ****     return BLE_STATUS_TIMEOUT;
 942:Middlewares/ST/STM32_WPAN/ble/core/auto/ble_gap_aci.c ****   return status;
 3721              		.loc 1 942 3 is_stmt 1 view .LVU1312
 3722              		.loc 1 942 10 is_stmt 0 view .LVU1313
 3723 004c 3878     		ldrb	r0, [r7]	@ zero_extendqisi2
 3724              	.L118:
 943:Middlewares/ST/STM32_WPAN/ble/core/auto/ble_gap_aci.c **** }
 3725              		.loc 1 943 1 view .LVU1314
 3726 004e 49B0     		add	sp, sp, #292
 3727              		.cfi_remember_state
 3728              		.cfi_def_cfa_offset 20
 3729              		@ sp needed
 3730 0050 F0BD     		pop	{r4, r5, r6, r7, pc}
 3731              	.LVL391:
 3732              	.L119:
 3733              		.cfi_restore_state
 941:Middlewares/ST/STM32_WPAN/ble/core/auto/ble_gap_aci.c ****     return BLE_STATUS_TIMEOUT;
 3734              		.loc 1 941 12 view .LVU1315
 3735 0052 FF20     		movs	r0, #255
 3736 0054 FBE7     		b	.L118
 3737              		.cfi_endproc
 3738              	.LFE29:
 3740              		.section	.text.aci_gap_set_broadcast_mode,"ax",%progbits
 3741              		.align	1
 3742              		.global	aci_gap_set_broadcast_mode
 3743              		.syntax unified
 3744              		.thumb
 3745              		.thumb_func
 3747              	aci_gap_set_broadcast_mode:
 3748              	.LVL392:
 3749              	.LFB30:
 944:Middlewares/ST/STM32_WPAN/ble/core/auto/ble_gap_aci.c **** 
 945:Middlewares/ST/STM32_WPAN/ble/core/auto/ble_gap_aci.c **** tBleStatus aci_gap_set_broadcast_mode( uint16_t Advertising_Interval_Min,
 946:Middlewares/ST/STM32_WPAN/ble/core/auto/ble_gap_aci.c ****                                        uint16_t Advertising_Interval_Max,
 947:Middlewares/ST/STM32_WPAN/ble/core/auto/ble_gap_aci.c ****                                        uint8_t Advertising_Type,
 948:Middlewares/ST/STM32_WPAN/ble/core/auto/ble_gap_aci.c ****                                        uint8_t Own_Address_Type,
 949:Middlewares/ST/STM32_WPAN/ble/core/auto/ble_gap_aci.c ****                                        uint8_t Adv_Data_Length,
 950:Middlewares/ST/STM32_WPAN/ble/core/auto/ble_gap_aci.c ****                                        const uint8_t* Adv_Data,
 951:Middlewares/ST/STM32_WPAN/ble/core/auto/ble_gap_aci.c ****                                        uint8_t Num_of_Peer_Entries,
 952:Middlewares/ST/STM32_WPAN/ble/core/auto/ble_gap_aci.c ****                                        const Peer_Entry_t* Peer_Entry )
 953:Middlewares/ST/STM32_WPAN/ble/core/auto/ble_gap_aci.c **** {
 3750              		.loc 1 953 1 is_stmt 1 view -0
 3751              		.cfi_startproc
 3752              		@ args = 16, pretend = 0, frame = 288
ARM GAS  C:\Users\Nathan\AppData\Local\Temp\ccVQZ1bc.s 			page 83


 3753              		@ frame_needed = 0, uses_anonymous_args = 0
 3754              		.loc 1 953 1 is_stmt 0 view .LVU1317
 3755 0000 2DE9F047 		push	{r4, r5, r6, r7, r8, r9, r10, lr}
 3756              		.cfi_def_cfa_offset 32
 3757              		.cfi_offset 4, -32
 3758              		.cfi_offset 5, -28
 3759              		.cfi_offset 6, -24
 3760              		.cfi_offset 7, -20
 3761              		.cfi_offset 8, -16
 3762              		.cfi_offset 9, -12
 3763              		.cfi_offset 10, -8
 3764              		.cfi_offset 14, -4
 3765 0004 C8B0     		sub	sp, sp, #288
 3766              		.cfi_def_cfa_offset 320
 3767 0006 9DF84041 		ldrb	r4, [sp, #320]	@ zero_extendqisi2
 3768 000a 9DF84861 		ldrb	r6, [sp, #328]	@ zero_extendqisi2
 954:Middlewares/ST/STM32_WPAN/ble/core/auto/ble_gap_aci.c ****   struct hci_request rq;
 3769              		.loc 1 954 3 is_stmt 1 view .LVU1318
 955:Middlewares/ST/STM32_WPAN/ble/core/auto/ble_gap_aci.c ****   uint8_t cmd_buffer[BLE_CMD_MAX_PARAM_LEN];
 3770              		.loc 1 955 3 view .LVU1319
 956:Middlewares/ST/STM32_WPAN/ble/core/auto/ble_gap_aci.c ****   aci_gap_set_broadcast_mode_cp0 *cp0 = (aci_gap_set_broadcast_mode_cp0*)(cmd_buffer);
 3771              		.loc 1 956 3 view .LVU1320
 3772              	.LVL393:
 957:Middlewares/ST/STM32_WPAN/ble/core/auto/ble_gap_aci.c ****   aci_gap_set_broadcast_mode_cp1 *cp1 = (aci_gap_set_broadcast_mode_cp1*)(cmd_buffer + 2 + 2 + 1 + 
 3773              		.loc 1 957 3 view .LVU1321
 3774              		.loc 1 957 106 is_stmt 0 view .LVU1322
 3775 000e 04F1070A 		add	r10, r4, #7
 3776              		.loc 1 957 35 view .LVU1323
 3777 0012 02AD     		add	r5, sp, #8
 3778              	.LVL394:
 3779              		.loc 1 957 35 view .LVU1324
 3780 0014 05EB0A09 		add	r9, r5, r10
 3781              	.LVL395:
 958:Middlewares/ST/STM32_WPAN/ble/core/auto/ble_gap_aci.c ****   tBleStatus status = 0;
 3782              		.loc 1 958 3 is_stmt 1 view .LVU1325
 3783              		.loc 1 958 14 is_stmt 0 view .LVU1326
 3784 0018 0DF10708 		add	r8, sp, #7
 3785 001c 0027     		movs	r7, #0
 3786 001e 8DF80770 		strb	r7, [sp, #7]
 959:Middlewares/ST/STM32_WPAN/ble/core/auto/ble_gap_aci.c ****   int index_input = 0;
 3787              		.loc 1 959 3 is_stmt 1 view .LVU1327
 3788              	.LVL396:
 960:Middlewares/ST/STM32_WPAN/ble/core/auto/ble_gap_aci.c ****   cp0->Advertising_Interval_Min = Advertising_Interval_Min;
 3789              		.loc 1 960 3 view .LVU1328
 3790              		.loc 1 960 33 is_stmt 0 view .LVU1329
 3791 0022 ADF80800 		strh	r0, [sp, #8]	@ movhi
 961:Middlewares/ST/STM32_WPAN/ble/core/auto/ble_gap_aci.c ****   index_input += 2;
 3792              		.loc 1 961 3 is_stmt 1 view .LVU1330
 3793              	.LVL397:
 962:Middlewares/ST/STM32_WPAN/ble/core/auto/ble_gap_aci.c ****   cp0->Advertising_Interval_Max = Advertising_Interval_Max;
 3794              		.loc 1 962 3 view .LVU1331
 3795              		.loc 1 962 33 is_stmt 0 view .LVU1332
 3796 0026 ADF80A10 		strh	r1, [sp, #10]	@ movhi
 963:Middlewares/ST/STM32_WPAN/ble/core/auto/ble_gap_aci.c ****   index_input += 2;
 3797              		.loc 1 963 3 is_stmt 1 view .LVU1333
 3798              	.LVL398:
 964:Middlewares/ST/STM32_WPAN/ble/core/auto/ble_gap_aci.c ****   cp0->Advertising_Type = Advertising_Type;
ARM GAS  C:\Users\Nathan\AppData\Local\Temp\ccVQZ1bc.s 			page 84


 3799              		.loc 1 964 3 view .LVU1334
 3800              		.loc 1 964 25 is_stmt 0 view .LVU1335
 3801 002a 8DF80C20 		strb	r2, [sp, #12]
 965:Middlewares/ST/STM32_WPAN/ble/core/auto/ble_gap_aci.c ****   index_input += 1;
 3802              		.loc 1 965 3 is_stmt 1 view .LVU1336
 3803              	.LVL399:
 966:Middlewares/ST/STM32_WPAN/ble/core/auto/ble_gap_aci.c ****   cp0->Own_Address_Type = Own_Address_Type;
 3804              		.loc 1 966 3 view .LVU1337
 3805              		.loc 1 966 25 is_stmt 0 view .LVU1338
 3806 002e 8DF80D30 		strb	r3, [sp, #13]
 967:Middlewares/ST/STM32_WPAN/ble/core/auto/ble_gap_aci.c ****   index_input += 1;
 3807              		.loc 1 967 3 is_stmt 1 view .LVU1339
 3808              	.LVL400:
 968:Middlewares/ST/STM32_WPAN/ble/core/auto/ble_gap_aci.c ****   cp0->Adv_Data_Length = Adv_Data_Length;
 3809              		.loc 1 968 3 view .LVU1340
 3810              		.loc 1 968 24 is_stmt 0 view .LVU1341
 3811 0032 8DF80E40 		strb	r4, [sp, #14]
 969:Middlewares/ST/STM32_WPAN/ble/core/auto/ble_gap_aci.c ****   index_input += 1;
 3812              		.loc 1 969 3 is_stmt 1 view .LVU1342
 3813              	.LVL401:
 970:Middlewares/ST/STM32_WPAN/ble/core/auto/ble_gap_aci.c ****   /* var_len_data input */
 971:Middlewares/ST/STM32_WPAN/ble/core/auto/ble_gap_aci.c ****   {
 972:Middlewares/ST/STM32_WPAN/ble/core/auto/ble_gap_aci.c ****     Osal_MemCpy( (void*)&cp0->Adv_Data, (const void*)Adv_Data, Adv_Data_Length );
 3814              		.loc 1 972 5 view .LVU1343
 3815 0036 2246     		mov	r2, r4
 3816              	.LVL402:
 3817              		.loc 1 972 5 is_stmt 0 view .LVU1344
 3818 0038 5199     		ldr	r1, [sp, #324]
 3819              	.LVL403:
 3820              		.loc 1 972 5 view .LVU1345
 3821 003a 0DF10F00 		add	r0, sp, #15
 3822              	.LVL404:
 3823              		.loc 1 972 5 view .LVU1346
 3824 003e FFF7FEFF 		bl	Osal_MemCpy
 3825              	.LVL405:
 973:Middlewares/ST/STM32_WPAN/ble/core/auto/ble_gap_aci.c ****     index_input += Adv_Data_Length;
 3826              		.loc 1 973 5 is_stmt 1 view .LVU1347
 974:Middlewares/ST/STM32_WPAN/ble/core/auto/ble_gap_aci.c ****     {
 975:Middlewares/ST/STM32_WPAN/ble/core/auto/ble_gap_aci.c ****       cp1->Num_of_Peer_Entries = Num_of_Peer_Entries;
 3827              		.loc 1 975 7 view .LVU1348
 3828              		.loc 1 975 32 is_stmt 0 view .LVU1349
 3829 0042 05F80A60 		strb	r6, [r5, r10]
 976:Middlewares/ST/STM32_WPAN/ble/core/auto/ble_gap_aci.c ****     }
 977:Middlewares/ST/STM32_WPAN/ble/core/auto/ble_gap_aci.c ****     index_input += 1;
 3830              		.loc 1 977 5 is_stmt 1 view .LVU1350
 3831              		.loc 1 977 17 is_stmt 0 view .LVU1351
 3832 0046 0834     		adds	r4, r4, #8
 3833              	.LVL406:
 978:Middlewares/ST/STM32_WPAN/ble/core/auto/ble_gap_aci.c ****     Osal_MemCpy( (void*)&cp1->Peer_Entry, (const void*)Peer_Entry, Num_of_Peer_Entries * (sizeof(Pe
 3834              		.loc 1 978 5 is_stmt 1 view .LVU1352
 3835 0048 C6EBC606 		rsb	r6, r6, r6, lsl #3
 3836 004c 3246     		mov	r2, r6
 3837 004e 5399     		ldr	r1, [sp, #332]
 3838 0050 09F10100 		add	r0, r9, #1
 3839 0054 FFF7FEFF 		bl	Osal_MemCpy
 3840              	.LVL407:
 979:Middlewares/ST/STM32_WPAN/ble/core/auto/ble_gap_aci.c ****     index_input += Num_of_Peer_Entries * (sizeof(Peer_Entry_t));
ARM GAS  C:\Users\Nathan\AppData\Local\Temp\ccVQZ1bc.s 			page 85


 3841              		.loc 1 979 5 view .LVU1353
 3842              		.loc 1 979 17 is_stmt 0 view .LVU1354
 3843 0058 3444     		add	r4, r4, r6
 3844              	.LVL408:
 980:Middlewares/ST/STM32_WPAN/ble/core/auto/ble_gap_aci.c ****   }
 981:Middlewares/ST/STM32_WPAN/ble/core/auto/ble_gap_aci.c ****   Osal_MemSet( &rq, 0, sizeof(rq) );
 3845              		.loc 1 981 3 is_stmt 1 view .LVU1355
 3846 005a 42AE     		add	r6, sp, #264
 3847 005c 1822     		movs	r2, #24
 3848 005e 3946     		mov	r1, r7
 3849 0060 3046     		mov	r0, r6
 3850 0062 FFF7FEFF 		bl	Osal_MemSet
 3851              	.LVL409:
 982:Middlewares/ST/STM32_WPAN/ble/core/auto/ble_gap_aci.c ****   rq.ogf = 0x3f;
 3852              		.loc 1 982 3 view .LVU1356
 3853              		.loc 1 982 10 is_stmt 0 view .LVU1357
 3854 0066 3F23     		movs	r3, #63
 3855 0068 ADF80831 		strh	r3, [sp, #264]	@ movhi
 983:Middlewares/ST/STM32_WPAN/ble/core/auto/ble_gap_aci.c ****   rq.ocf = 0x0a1;
 3856              		.loc 1 983 3 is_stmt 1 view .LVU1358
 3857              		.loc 1 983 10 is_stmt 0 view .LVU1359
 3858 006c A123     		movs	r3, #161
 3859 006e ADF80A31 		strh	r3, [sp, #266]	@ movhi
 984:Middlewares/ST/STM32_WPAN/ble/core/auto/ble_gap_aci.c ****   rq.cparam = cmd_buffer;
 3860              		.loc 1 984 3 is_stmt 1 view .LVU1360
 3861              		.loc 1 984 13 is_stmt 0 view .LVU1361
 3862 0072 4495     		str	r5, [sp, #272]
 985:Middlewares/ST/STM32_WPAN/ble/core/auto/ble_gap_aci.c ****   rq.clen = index_input;
 3863              		.loc 1 985 3 is_stmt 1 view .LVU1362
 3864              		.loc 1 985 11 is_stmt 0 view .LVU1363
 3865 0074 4594     		str	r4, [sp, #276]
 986:Middlewares/ST/STM32_WPAN/ble/core/auto/ble_gap_aci.c ****   rq.rparam = &status;
 3866              		.loc 1 986 3 is_stmt 1 view .LVU1364
 3867              		.loc 1 986 13 is_stmt 0 view .LVU1365
 3868 0076 CDF81881 		str	r8, [sp, #280]
 987:Middlewares/ST/STM32_WPAN/ble/core/auto/ble_gap_aci.c ****   rq.rlen = 1;
 3869              		.loc 1 987 3 is_stmt 1 view .LVU1366
 3870              		.loc 1 987 11 is_stmt 0 view .LVU1367
 3871 007a 0123     		movs	r3, #1
 3872 007c 4793     		str	r3, [sp, #284]
 988:Middlewares/ST/STM32_WPAN/ble/core/auto/ble_gap_aci.c ****   if ( hci_send_req(&rq, FALSE) < 0 )
 3873              		.loc 1 988 3 is_stmt 1 view .LVU1368
 3874              		.loc 1 988 8 is_stmt 0 view .LVU1369
 3875 007e 3946     		mov	r1, r7
 3876 0080 3046     		mov	r0, r6
 3877 0082 FFF7FEFF 		bl	hci_send_req
 3878              	.LVL410:
 3879              		.loc 1 988 6 discriminator 1 view .LVU1370
 3880 0086 B842     		cmp	r0, r7
 3881 0088 04DB     		blt	.L123
 989:Middlewares/ST/STM32_WPAN/ble/core/auto/ble_gap_aci.c ****     return BLE_STATUS_TIMEOUT;
 990:Middlewares/ST/STM32_WPAN/ble/core/auto/ble_gap_aci.c ****   return status;
 3882              		.loc 1 990 3 is_stmt 1 view .LVU1371
 3883              		.loc 1 990 10 is_stmt 0 view .LVU1372
 3884 008a 98F80000 		ldrb	r0, [r8]	@ zero_extendqisi2
 3885              	.L122:
 991:Middlewares/ST/STM32_WPAN/ble/core/auto/ble_gap_aci.c **** }
ARM GAS  C:\Users\Nathan\AppData\Local\Temp\ccVQZ1bc.s 			page 86


 3886              		.loc 1 991 1 view .LVU1373
 3887 008e 48B0     		add	sp, sp, #288
 3888              		.cfi_remember_state
 3889              		.cfi_def_cfa_offset 32
 3890              		@ sp needed
 3891 0090 BDE8F087 		pop	{r4, r5, r6, r7, r8, r9, r10, pc}
 3892              	.LVL411:
 3893              	.L123:
 3894              		.cfi_restore_state
 989:Middlewares/ST/STM32_WPAN/ble/core/auto/ble_gap_aci.c ****     return BLE_STATUS_TIMEOUT;
 3895              		.loc 1 989 12 view .LVU1374
 3896 0094 FF20     		movs	r0, #255
 3897 0096 FAE7     		b	.L122
 3898              		.cfi_endproc
 3899              	.LFE30:
 3901              		.section	.text.aci_gap_start_observation_proc,"ax",%progbits
 3902              		.align	1
 3903              		.global	aci_gap_start_observation_proc
 3904              		.syntax unified
 3905              		.thumb
 3906              		.thumb_func
 3908              	aci_gap_start_observation_proc:
 3909              	.LVL412:
 3910              	.LFB31:
 992:Middlewares/ST/STM32_WPAN/ble/core/auto/ble_gap_aci.c **** 
 993:Middlewares/ST/STM32_WPAN/ble/core/auto/ble_gap_aci.c **** tBleStatus aci_gap_start_observation_proc( uint16_t LE_Scan_Interval,
 994:Middlewares/ST/STM32_WPAN/ble/core/auto/ble_gap_aci.c ****                                            uint16_t LE_Scan_Window,
 995:Middlewares/ST/STM32_WPAN/ble/core/auto/ble_gap_aci.c ****                                            uint8_t LE_Scan_Type,
 996:Middlewares/ST/STM32_WPAN/ble/core/auto/ble_gap_aci.c ****                                            uint8_t Own_Address_Type,
 997:Middlewares/ST/STM32_WPAN/ble/core/auto/ble_gap_aci.c ****                                            uint8_t Filter_Duplicates,
 998:Middlewares/ST/STM32_WPAN/ble/core/auto/ble_gap_aci.c ****                                            uint8_t Scanning_Filter_Policy )
 999:Middlewares/ST/STM32_WPAN/ble/core/auto/ble_gap_aci.c **** {
 3911              		.loc 1 999 1 is_stmt 1 view -0
 3912              		.cfi_startproc
 3913              		@ args = 8, pretend = 0, frame = 288
 3914              		@ frame_needed = 0, uses_anonymous_args = 0
 3915              		.loc 1 999 1 is_stmt 0 view .LVU1376
 3916 0000 F0B5     		push	{r4, r5, r6, r7, lr}
 3917              		.cfi_def_cfa_offset 20
 3918              		.cfi_offset 4, -20
 3919              		.cfi_offset 5, -16
 3920              		.cfi_offset 6, -12
 3921              		.cfi_offset 7, -8
 3922              		.cfi_offset 14, -4
 3923 0002 C9B0     		sub	sp, sp, #292
 3924              		.cfi_def_cfa_offset 312
1000:Middlewares/ST/STM32_WPAN/ble/core/auto/ble_gap_aci.c ****   struct hci_request rq;
 3925              		.loc 1 1000 3 is_stmt 1 view .LVU1377
1001:Middlewares/ST/STM32_WPAN/ble/core/auto/ble_gap_aci.c ****   uint8_t cmd_buffer[BLE_CMD_MAX_PARAM_LEN];
 3926              		.loc 1 1001 3 view .LVU1378
1002:Middlewares/ST/STM32_WPAN/ble/core/auto/ble_gap_aci.c ****   aci_gap_start_observation_proc_cp0 *cp0 = (aci_gap_start_observation_proc_cp0*)(cmd_buffer);
 3927              		.loc 1 1002 3 view .LVU1379
 3928              	.LVL413:
1003:Middlewares/ST/STM32_WPAN/ble/core/auto/ble_gap_aci.c ****   tBleStatus status = 0;
 3929              		.loc 1 1003 3 view .LVU1380
 3930              		.loc 1 1003 14 is_stmt 0 view .LVU1381
 3931 0004 0DF10707 		add	r7, sp, #7
ARM GAS  C:\Users\Nathan\AppData\Local\Temp\ccVQZ1bc.s 			page 87


 3932 0008 0025     		movs	r5, #0
 3933 000a 8DF80750 		strb	r5, [sp, #7]
1004:Middlewares/ST/STM32_WPAN/ble/core/auto/ble_gap_aci.c ****   int index_input = 0;
 3934              		.loc 1 1004 3 is_stmt 1 view .LVU1382
 3935              	.LVL414:
1005:Middlewares/ST/STM32_WPAN/ble/core/auto/ble_gap_aci.c ****   cp0->LE_Scan_Interval = LE_Scan_Interval;
 3936              		.loc 1 1005 3 view .LVU1383
 3937              		.loc 1 1005 25 is_stmt 0 view .LVU1384
 3938 000e 02AC     		add	r4, sp, #8
 3939              	.LVL415:
 3940              		.loc 1 1005 25 view .LVU1385
 3941 0010 ADF80800 		strh	r0, [sp, #8]	@ movhi
1006:Middlewares/ST/STM32_WPAN/ble/core/auto/ble_gap_aci.c ****   index_input += 2;
 3942              		.loc 1 1006 3 is_stmt 1 view .LVU1386
 3943              	.LVL416:
1007:Middlewares/ST/STM32_WPAN/ble/core/auto/ble_gap_aci.c ****   cp0->LE_Scan_Window = LE_Scan_Window;
 3944              		.loc 1 1007 3 view .LVU1387
 3945              		.loc 1 1007 23 is_stmt 0 view .LVU1388
 3946 0014 ADF80A10 		strh	r1, [sp, #10]	@ movhi
1008:Middlewares/ST/STM32_WPAN/ble/core/auto/ble_gap_aci.c ****   index_input += 2;
 3947              		.loc 1 1008 3 is_stmt 1 view .LVU1389
 3948              	.LVL417:
1009:Middlewares/ST/STM32_WPAN/ble/core/auto/ble_gap_aci.c ****   cp0->LE_Scan_Type = LE_Scan_Type;
 3949              		.loc 1 1009 3 view .LVU1390
 3950              		.loc 1 1009 21 is_stmt 0 view .LVU1391
 3951 0018 8DF80C20 		strb	r2, [sp, #12]
1010:Middlewares/ST/STM32_WPAN/ble/core/auto/ble_gap_aci.c ****   index_input += 1;
 3952              		.loc 1 1010 3 is_stmt 1 view .LVU1392
 3953              	.LVL418:
1011:Middlewares/ST/STM32_WPAN/ble/core/auto/ble_gap_aci.c ****   cp0->Own_Address_Type = Own_Address_Type;
 3954              		.loc 1 1011 3 view .LVU1393
 3955              		.loc 1 1011 25 is_stmt 0 view .LVU1394
 3956 001c 8DF80D30 		strb	r3, [sp, #13]
1012:Middlewares/ST/STM32_WPAN/ble/core/auto/ble_gap_aci.c ****   index_input += 1;
 3957              		.loc 1 1012 3 is_stmt 1 view .LVU1395
 3958              	.LVL419:
1013:Middlewares/ST/STM32_WPAN/ble/core/auto/ble_gap_aci.c ****   cp0->Filter_Duplicates = Filter_Duplicates;
 3959              		.loc 1 1013 3 view .LVU1396
 3960              		.loc 1 1013 26 is_stmt 0 view .LVU1397
 3961 0020 9DF83831 		ldrb	r3, [sp, #312]	@ zero_extendqisi2
 3962              	.LVL420:
 3963              		.loc 1 1013 26 view .LVU1398
 3964 0024 8DF80E30 		strb	r3, [sp, #14]
1014:Middlewares/ST/STM32_WPAN/ble/core/auto/ble_gap_aci.c ****   index_input += 1;
 3965              		.loc 1 1014 3 is_stmt 1 view .LVU1399
 3966              	.LVL421:
1015:Middlewares/ST/STM32_WPAN/ble/core/auto/ble_gap_aci.c ****   cp0->Scanning_Filter_Policy = Scanning_Filter_Policy;
 3967              		.loc 1 1015 3 view .LVU1400
 3968              		.loc 1 1015 31 is_stmt 0 view .LVU1401
 3969 0028 9DF83C31 		ldrb	r3, [sp, #316]	@ zero_extendqisi2
 3970 002c 8DF80F30 		strb	r3, [sp, #15]
1016:Middlewares/ST/STM32_WPAN/ble/core/auto/ble_gap_aci.c ****   index_input += 1;
 3971              		.loc 1 1016 3 is_stmt 1 view .LVU1402
 3972              	.LVL422:
1017:Middlewares/ST/STM32_WPAN/ble/core/auto/ble_gap_aci.c ****   Osal_MemSet( &rq, 0, sizeof(rq) );
 3973              		.loc 1 1017 3 view .LVU1403
 3974 0030 42AE     		add	r6, sp, #264
ARM GAS  C:\Users\Nathan\AppData\Local\Temp\ccVQZ1bc.s 			page 88


 3975 0032 1822     		movs	r2, #24
 3976              	.LVL423:
 3977              		.loc 1 1017 3 is_stmt 0 view .LVU1404
 3978 0034 2946     		mov	r1, r5
 3979              	.LVL424:
 3980              		.loc 1 1017 3 view .LVU1405
 3981 0036 3046     		mov	r0, r6
 3982              	.LVL425:
 3983              		.loc 1 1017 3 view .LVU1406
 3984 0038 FFF7FEFF 		bl	Osal_MemSet
 3985              	.LVL426:
1018:Middlewares/ST/STM32_WPAN/ble/core/auto/ble_gap_aci.c ****   rq.ogf = 0x3f;
 3986              		.loc 1 1018 3 is_stmt 1 view .LVU1407
 3987              		.loc 1 1018 10 is_stmt 0 view .LVU1408
 3988 003c 3F23     		movs	r3, #63
 3989 003e ADF80831 		strh	r3, [sp, #264]	@ movhi
1019:Middlewares/ST/STM32_WPAN/ble/core/auto/ble_gap_aci.c ****   rq.ocf = 0x0a2;
 3990              		.loc 1 1019 3 is_stmt 1 view .LVU1409
 3991              		.loc 1 1019 10 is_stmt 0 view .LVU1410
 3992 0042 A223     		movs	r3, #162
 3993 0044 ADF80A31 		strh	r3, [sp, #266]	@ movhi
1020:Middlewares/ST/STM32_WPAN/ble/core/auto/ble_gap_aci.c ****   rq.event = 0x0F;
 3994              		.loc 1 1020 3 is_stmt 1 view .LVU1411
 3995              		.loc 1 1020 12 is_stmt 0 view .LVU1412
 3996 0048 0F23     		movs	r3, #15
 3997 004a 4393     		str	r3, [sp, #268]
1021:Middlewares/ST/STM32_WPAN/ble/core/auto/ble_gap_aci.c ****   rq.cparam = cmd_buffer;
 3998              		.loc 1 1021 3 is_stmt 1 view .LVU1413
 3999              		.loc 1 1021 13 is_stmt 0 view .LVU1414
 4000 004c 4494     		str	r4, [sp, #272]
1022:Middlewares/ST/STM32_WPAN/ble/core/auto/ble_gap_aci.c ****   rq.clen = index_input;
 4001              		.loc 1 1022 3 is_stmt 1 view .LVU1415
 4002              		.loc 1 1022 11 is_stmt 0 view .LVU1416
 4003 004e 0823     		movs	r3, #8
 4004 0050 4593     		str	r3, [sp, #276]
1023:Middlewares/ST/STM32_WPAN/ble/core/auto/ble_gap_aci.c ****   rq.rparam = &status;
 4005              		.loc 1 1023 3 is_stmt 1 view .LVU1417
 4006              		.loc 1 1023 13 is_stmt 0 view .LVU1418
 4007 0052 4697     		str	r7, [sp, #280]
1024:Middlewares/ST/STM32_WPAN/ble/core/auto/ble_gap_aci.c ****   rq.rlen = 1;
 4008              		.loc 1 1024 3 is_stmt 1 view .LVU1419
 4009              		.loc 1 1024 11 is_stmt 0 view .LVU1420
 4010 0054 0123     		movs	r3, #1
 4011 0056 4793     		str	r3, [sp, #284]
1025:Middlewares/ST/STM32_WPAN/ble/core/auto/ble_gap_aci.c ****   if ( hci_send_req(&rq, FALSE) < 0 )
 4012              		.loc 1 1025 3 is_stmt 1 view .LVU1421
 4013              		.loc 1 1025 8 is_stmt 0 view .LVU1422
 4014 0058 2946     		mov	r1, r5
 4015 005a 3046     		mov	r0, r6
 4016 005c FFF7FEFF 		bl	hci_send_req
 4017              	.LVL427:
 4018              		.loc 1 1025 6 discriminator 1 view .LVU1423
 4019 0060 A842     		cmp	r0, r5
 4020 0062 02DB     		blt	.L127
1026:Middlewares/ST/STM32_WPAN/ble/core/auto/ble_gap_aci.c ****     return BLE_STATUS_TIMEOUT;
1027:Middlewares/ST/STM32_WPAN/ble/core/auto/ble_gap_aci.c ****   return status;
 4021              		.loc 1 1027 3 is_stmt 1 view .LVU1424
ARM GAS  C:\Users\Nathan\AppData\Local\Temp\ccVQZ1bc.s 			page 89


 4022              		.loc 1 1027 10 is_stmt 0 view .LVU1425
 4023 0064 3878     		ldrb	r0, [r7]	@ zero_extendqisi2
 4024              	.L126:
1028:Middlewares/ST/STM32_WPAN/ble/core/auto/ble_gap_aci.c **** }
 4025              		.loc 1 1028 1 view .LVU1426
 4026 0066 49B0     		add	sp, sp, #292
 4027              		.cfi_remember_state
 4028              		.cfi_def_cfa_offset 20
 4029              		@ sp needed
 4030 0068 F0BD     		pop	{r4, r5, r6, r7, pc}
 4031              	.LVL428:
 4032              	.L127:
 4033              		.cfi_restore_state
1026:Middlewares/ST/STM32_WPAN/ble/core/auto/ble_gap_aci.c ****     return BLE_STATUS_TIMEOUT;
 4034              		.loc 1 1026 12 view .LVU1427
 4035 006a FF20     		movs	r0, #255
 4036 006c FBE7     		b	.L126
 4037              		.cfi_endproc
 4038              	.LFE31:
 4040              		.section	.text.aci_gap_get_bonded_devices,"ax",%progbits
 4041              		.align	1
 4042              		.global	aci_gap_get_bonded_devices
 4043              		.syntax unified
 4044              		.thumb
 4045              		.thumb_func
 4047              	aci_gap_get_bonded_devices:
 4048              	.LVL429:
 4049              	.LFB32:
1029:Middlewares/ST/STM32_WPAN/ble/core/auto/ble_gap_aci.c **** 
1030:Middlewares/ST/STM32_WPAN/ble/core/auto/ble_gap_aci.c **** tBleStatus aci_gap_get_bonded_devices( uint8_t* Num_of_Addresses,
1031:Middlewares/ST/STM32_WPAN/ble/core/auto/ble_gap_aci.c ****                                        Bonded_Device_Entry_t* Bonded_Device_Entry )
1032:Middlewares/ST/STM32_WPAN/ble/core/auto/ble_gap_aci.c **** {
 4050              		.loc 1 1032 1 is_stmt 1 view -0
 4051              		.cfi_startproc
 4052              		@ args = 0, pretend = 0, frame = 272
 4053              		@ frame_needed = 0, uses_anonymous_args = 0
 4054              		.loc 1 1032 1 is_stmt 0 view .LVU1429
 4055 0000 F0B5     		push	{r4, r5, r6, r7, lr}
 4056              		.cfi_def_cfa_offset 20
 4057              		.cfi_offset 4, -20
 4058              		.cfi_offset 5, -16
 4059              		.cfi_offset 6, -12
 4060              		.cfi_offset 7, -8
 4061              		.cfi_offset 14, -4
 4062 0002 C5B0     		sub	sp, sp, #276
 4063              		.cfi_def_cfa_offset 296
 4064 0004 0746     		mov	r7, r0
 4065 0006 0E46     		mov	r6, r1
1033:Middlewares/ST/STM32_WPAN/ble/core/auto/ble_gap_aci.c ****   struct hci_request rq;
 4066              		.loc 1 1033 3 is_stmt 1 view .LVU1430
1034:Middlewares/ST/STM32_WPAN/ble/core/auto/ble_gap_aci.c ****   aci_gap_get_bonded_devices_rp0 resp;
 4067              		.loc 1 1034 3 view .LVU1431
1035:Middlewares/ST/STM32_WPAN/ble/core/auto/ble_gap_aci.c ****   Osal_MemSet( &resp, 0, sizeof(resp) );
 4068              		.loc 1 1035 3 view .LVU1432
 4069 0008 F722     		movs	r2, #247
 4070 000a 0021     		movs	r1, #0
 4071              	.LVL430:
ARM GAS  C:\Users\Nathan\AppData\Local\Temp\ccVQZ1bc.s 			page 90


 4072              		.loc 1 1035 3 is_stmt 0 view .LVU1433
 4073 000c 6846     		mov	r0, sp
 4074              	.LVL431:
 4075              		.loc 1 1035 3 view .LVU1434
 4076 000e FFF7FEFF 		bl	Osal_MemSet
 4077              	.LVL432:
1036:Middlewares/ST/STM32_WPAN/ble/core/auto/ble_gap_aci.c ****   Osal_MemSet( &rq, 0, sizeof(rq) );
 4078              		.loc 1 1036 3 is_stmt 1 view .LVU1435
 4079 0012 3EAC     		add	r4, sp, #248
 4080 0014 1822     		movs	r2, #24
 4081 0016 0021     		movs	r1, #0
 4082 0018 2046     		mov	r0, r4
 4083 001a FFF7FEFF 		bl	Osal_MemSet
 4084              	.LVL433:
1037:Middlewares/ST/STM32_WPAN/ble/core/auto/ble_gap_aci.c ****   rq.ogf = 0x3f;
 4085              		.loc 1 1037 3 view .LVU1436
 4086              		.loc 1 1037 10 is_stmt 0 view .LVU1437
 4087 001e 3F23     		movs	r3, #63
 4088 0020 ADF8F830 		strh	r3, [sp, #248]	@ movhi
1038:Middlewares/ST/STM32_WPAN/ble/core/auto/ble_gap_aci.c ****   rq.ocf = 0x0a3;
 4089              		.loc 1 1038 3 is_stmt 1 view .LVU1438
 4090              		.loc 1 1038 10 is_stmt 0 view .LVU1439
 4091 0024 A323     		movs	r3, #163
 4092 0026 ADF8FA30 		strh	r3, [sp, #250]	@ movhi
1039:Middlewares/ST/STM32_WPAN/ble/core/auto/ble_gap_aci.c ****   rq.rparam = &resp;
 4093              		.loc 1 1039 3 is_stmt 1 view .LVU1440
 4094              		.loc 1 1039 13 is_stmt 0 view .LVU1441
 4095 002a CDF808D1 		str	sp, [sp, #264]
1040:Middlewares/ST/STM32_WPAN/ble/core/auto/ble_gap_aci.c ****   rq.rlen = sizeof(resp);
 4096              		.loc 1 1040 3 is_stmt 1 view .LVU1442
 4097              		.loc 1 1040 11 is_stmt 0 view .LVU1443
 4098 002e F723     		movs	r3, #247
 4099 0030 4393     		str	r3, [sp, #268]
1041:Middlewares/ST/STM32_WPAN/ble/core/auto/ble_gap_aci.c ****   if ( hci_send_req(&rq, FALSE) < 0 )
 4100              		.loc 1 1041 3 is_stmt 1 view .LVU1444
 4101              		.loc 1 1041 8 is_stmt 0 view .LVU1445
 4102 0032 0021     		movs	r1, #0
 4103 0034 2046     		mov	r0, r4
 4104 0036 FFF7FEFF 		bl	hci_send_req
 4105              	.LVL434:
 4106              		.loc 1 1041 6 discriminator 1 view .LVU1446
 4107 003a 0028     		cmp	r0, #0
 4108 003c 10DB     		blt	.L131
1042:Middlewares/ST/STM32_WPAN/ble/core/auto/ble_gap_aci.c ****     return BLE_STATUS_TIMEOUT;
1043:Middlewares/ST/STM32_WPAN/ble/core/auto/ble_gap_aci.c ****   if ( resp.Status )
 4109              		.loc 1 1043 3 is_stmt 1 view .LVU1447
 4110              		.loc 1 1043 12 is_stmt 0 view .LVU1448
 4111 003e 9DF80040 		ldrb	r4, [sp]	@ zero_extendqisi2
 4112              		.loc 1 1043 6 view .LVU1449
 4113 0042 14B1     		cbz	r4, .L133
 4114              	.L130:
1044:Middlewares/ST/STM32_WPAN/ble/core/auto/ble_gap_aci.c ****     return resp.Status;
1045:Middlewares/ST/STM32_WPAN/ble/core/auto/ble_gap_aci.c ****   *Num_of_Addresses = resp.Num_of_Addresses;
1046:Middlewares/ST/STM32_WPAN/ble/core/auto/ble_gap_aci.c ****   Osal_MemCpy( (void*)Bonded_Device_Entry, (const void*)resp.Bonded_Device_Entry, *Num_of_Addresses
1047:Middlewares/ST/STM32_WPAN/ble/core/auto/ble_gap_aci.c ****   return BLE_STATUS_SUCCESS;
1048:Middlewares/ST/STM32_WPAN/ble/core/auto/ble_gap_aci.c **** }
 4115              		.loc 1 1048 1 view .LVU1450
ARM GAS  C:\Users\Nathan\AppData\Local\Temp\ccVQZ1bc.s 			page 91


 4116 0044 2046     		mov	r0, r4
 4117 0046 45B0     		add	sp, sp, #276
 4118              		.cfi_remember_state
 4119              		.cfi_def_cfa_offset 20
 4120              		@ sp needed
 4121 0048 F0BD     		pop	{r4, r5, r6, r7, pc}
 4122              	.LVL435:
 4123              	.L133:
 4124              		.cfi_restore_state
1045:Middlewares/ST/STM32_WPAN/ble/core/auto/ble_gap_aci.c ****   Osal_MemCpy( (void*)Bonded_Device_Entry, (const void*)resp.Bonded_Device_Entry, *Num_of_Addresses
 4125              		.loc 1 1045 3 is_stmt 1 view .LVU1451
1045:Middlewares/ST/STM32_WPAN/ble/core/auto/ble_gap_aci.c ****   Osal_MemCpy( (void*)Bonded_Device_Entry, (const void*)resp.Bonded_Device_Entry, *Num_of_Addresses
 4126              		.loc 1 1045 27 is_stmt 0 view .LVU1452
 4127 004a 9DF80120 		ldrb	r2, [sp, #1]	@ zero_extendqisi2
1045:Middlewares/ST/STM32_WPAN/ble/core/auto/ble_gap_aci.c ****   Osal_MemCpy( (void*)Bonded_Device_Entry, (const void*)resp.Bonded_Device_Entry, *Num_of_Addresses
 4128              		.loc 1 1045 21 view .LVU1453
 4129 004e 3A70     		strb	r2, [r7]
1046:Middlewares/ST/STM32_WPAN/ble/core/auto/ble_gap_aci.c ****   return BLE_STATUS_SUCCESS;
 4130              		.loc 1 1046 3 is_stmt 1 view .LVU1454
 4131 0050 C2EBC202 		rsb	r2, r2, r2, lsl #3
 4132 0054 0DF10201 		add	r1, sp, #2
 4133 0058 3046     		mov	r0, r6
 4134 005a FFF7FEFF 		bl	Osal_MemCpy
 4135              	.LVL436:
1047:Middlewares/ST/STM32_WPAN/ble/core/auto/ble_gap_aci.c **** }
 4136              		.loc 1 1047 3 view .LVU1455
1047:Middlewares/ST/STM32_WPAN/ble/core/auto/ble_gap_aci.c **** }
 4137              		.loc 1 1047 10 is_stmt 0 view .LVU1456
 4138 005e F1E7     		b	.L130
 4139              	.L131:
1042:Middlewares/ST/STM32_WPAN/ble/core/auto/ble_gap_aci.c ****   if ( resp.Status )
 4140              		.loc 1 1042 12 view .LVU1457
 4141 0060 FF24     		movs	r4, #255
 4142 0062 EFE7     		b	.L130
 4143              		.cfi_endproc
 4144              	.LFE32:
 4146              		.section	.text.aci_gap_check_bonded_device,"ax",%progbits
 4147              		.align	1
 4148              		.global	aci_gap_check_bonded_device
 4149              		.syntax unified
 4150              		.thumb
 4151              		.thumb_func
 4153              	aci_gap_check_bonded_device:
 4154              	.LVL437:
 4155              	.LFB33:
1049:Middlewares/ST/STM32_WPAN/ble/core/auto/ble_gap_aci.c **** 
1050:Middlewares/ST/STM32_WPAN/ble/core/auto/ble_gap_aci.c **** tBleStatus aci_gap_check_bonded_device( uint8_t Peer_Address_Type,
1051:Middlewares/ST/STM32_WPAN/ble/core/auto/ble_gap_aci.c ****                                         const uint8_t* Peer_Address,
1052:Middlewares/ST/STM32_WPAN/ble/core/auto/ble_gap_aci.c ****                                         uint8_t* Id_Address_Type,
1053:Middlewares/ST/STM32_WPAN/ble/core/auto/ble_gap_aci.c ****                                         uint8_t* Id_Address )
1054:Middlewares/ST/STM32_WPAN/ble/core/auto/ble_gap_aci.c **** {
 4156              		.loc 1 1054 1 is_stmt 1 view -0
 4157              		.cfi_startproc
 4158              		@ args = 0, pretend = 0, frame = 288
 4159              		@ frame_needed = 0, uses_anonymous_args = 0
 4160              		.loc 1 1054 1 is_stmt 0 view .LVU1459
 4161 0000 2DE9F043 		push	{r4, r5, r6, r7, r8, r9, lr}
ARM GAS  C:\Users\Nathan\AppData\Local\Temp\ccVQZ1bc.s 			page 92


 4162              		.cfi_def_cfa_offset 28
 4163              		.cfi_offset 4, -28
 4164              		.cfi_offset 5, -24
 4165              		.cfi_offset 6, -20
 4166              		.cfi_offset 7, -16
 4167              		.cfi_offset 8, -12
 4168              		.cfi_offset 9, -8
 4169              		.cfi_offset 14, -4
 4170 0004 C9B0     		sub	sp, sp, #292
 4171              		.cfi_def_cfa_offset 320
 4172 0006 0446     		mov	r4, r0
 4173 0008 0F46     		mov	r7, r1
 4174 000a 9146     		mov	r9, r2
 4175 000c 9846     		mov	r8, r3
1055:Middlewares/ST/STM32_WPAN/ble/core/auto/ble_gap_aci.c ****   struct hci_request rq;
 4176              		.loc 1 1055 3 is_stmt 1 view .LVU1460
1056:Middlewares/ST/STM32_WPAN/ble/core/auto/ble_gap_aci.c ****   uint8_t cmd_buffer[BLE_CMD_MAX_PARAM_LEN];
 4177              		.loc 1 1056 3 view .LVU1461
1057:Middlewares/ST/STM32_WPAN/ble/core/auto/ble_gap_aci.c ****   aci_gap_check_bonded_device_cp0 *cp0 = (aci_gap_check_bonded_device_cp0*)(cmd_buffer);
 4178              		.loc 1 1057 3 view .LVU1462
 4179              	.LVL438:
1058:Middlewares/ST/STM32_WPAN/ble/core/auto/ble_gap_aci.c ****   aci_gap_check_bonded_device_rp0 resp;
 4180              		.loc 1 1058 3 view .LVU1463
1059:Middlewares/ST/STM32_WPAN/ble/core/auto/ble_gap_aci.c ****   Osal_MemSet( &resp, 0, sizeof(resp) );
 4181              		.loc 1 1059 3 view .LVU1464
 4182 000e 0822     		movs	r2, #8
 4183              	.LVL439:
 4184              		.loc 1 1059 3 is_stmt 0 view .LVU1465
 4185 0010 0021     		movs	r1, #0
 4186              	.LVL440:
 4187              		.loc 1 1059 3 view .LVU1466
 4188 0012 6846     		mov	r0, sp
 4189              	.LVL441:
 4190              		.loc 1 1059 3 view .LVU1467
 4191 0014 FFF7FEFF 		bl	Osal_MemSet
 4192              	.LVL442:
1060:Middlewares/ST/STM32_WPAN/ble/core/auto/ble_gap_aci.c ****   int index_input = 0;
 4193              		.loc 1 1060 3 is_stmt 1 view .LVU1468
1061:Middlewares/ST/STM32_WPAN/ble/core/auto/ble_gap_aci.c ****   cp0->Peer_Address_Type = Peer_Address_Type;
 4194              		.loc 1 1061 3 view .LVU1469
 4195              		.loc 1 1061 26 is_stmt 0 view .LVU1470
 4196 0018 02AE     		add	r6, sp, #8
 4197              	.LVL443:
 4198              		.loc 1 1061 26 view .LVU1471
 4199 001a 8DF80840 		strb	r4, [sp, #8]
1062:Middlewares/ST/STM32_WPAN/ble/core/auto/ble_gap_aci.c ****   index_input += 1;
 4200              		.loc 1 1062 3 is_stmt 1 view .LVU1472
 4201              	.LVL444:
1063:Middlewares/ST/STM32_WPAN/ble/core/auto/ble_gap_aci.c ****   Osal_MemCpy( (void*)&cp0->Peer_Address, (const void*)Peer_Address, 6 );
 4202              		.loc 1 1063 3 view .LVU1473
 4203 001e 0622     		movs	r2, #6
 4204 0020 3946     		mov	r1, r7
 4205 0022 0DF10900 		add	r0, sp, #9
 4206 0026 FFF7FEFF 		bl	Osal_MemCpy
 4207              	.LVL445:
1064:Middlewares/ST/STM32_WPAN/ble/core/auto/ble_gap_aci.c ****   index_input += 6;
 4208              		.loc 1 1064 3 view .LVU1474
ARM GAS  C:\Users\Nathan\AppData\Local\Temp\ccVQZ1bc.s 			page 93


1065:Middlewares/ST/STM32_WPAN/ble/core/auto/ble_gap_aci.c ****   Osal_MemSet( &rq, 0, sizeof(rq) );
 4209              		.loc 1 1065 3 view .LVU1475
 4210 002a 42AC     		add	r4, sp, #264
 4211              	.LVL446:
 4212              		.loc 1 1065 3 is_stmt 0 view .LVU1476
 4213 002c 1822     		movs	r2, #24
 4214 002e 0021     		movs	r1, #0
 4215 0030 2046     		mov	r0, r4
 4216 0032 FFF7FEFF 		bl	Osal_MemSet
 4217              	.LVL447:
1066:Middlewares/ST/STM32_WPAN/ble/core/auto/ble_gap_aci.c ****   rq.ogf = 0x3f;
 4218              		.loc 1 1066 3 is_stmt 1 view .LVU1477
 4219              		.loc 1 1066 10 is_stmt 0 view .LVU1478
 4220 0036 3F23     		movs	r3, #63
 4221 0038 ADF80831 		strh	r3, [sp, #264]	@ movhi
1067:Middlewares/ST/STM32_WPAN/ble/core/auto/ble_gap_aci.c ****   rq.ocf = 0x0a4;
 4222              		.loc 1 1067 3 is_stmt 1 view .LVU1479
 4223              		.loc 1 1067 10 is_stmt 0 view .LVU1480
 4224 003c A423     		movs	r3, #164
 4225 003e ADF80A31 		strh	r3, [sp, #266]	@ movhi
1068:Middlewares/ST/STM32_WPAN/ble/core/auto/ble_gap_aci.c ****   rq.cparam = cmd_buffer;
 4226              		.loc 1 1068 3 is_stmt 1 view .LVU1481
 4227              		.loc 1 1068 13 is_stmt 0 view .LVU1482
 4228 0042 4496     		str	r6, [sp, #272]
1069:Middlewares/ST/STM32_WPAN/ble/core/auto/ble_gap_aci.c ****   rq.clen = index_input;
 4229              		.loc 1 1069 3 is_stmt 1 view .LVU1483
 4230              		.loc 1 1069 11 is_stmt 0 view .LVU1484
 4231 0044 0723     		movs	r3, #7
 4232 0046 4593     		str	r3, [sp, #276]
1070:Middlewares/ST/STM32_WPAN/ble/core/auto/ble_gap_aci.c ****   rq.rparam = &resp;
 4233              		.loc 1 1070 3 is_stmt 1 view .LVU1485
 4234              		.loc 1 1070 13 is_stmt 0 view .LVU1486
 4235 0048 CDF818D1 		str	sp, [sp, #280]
1071:Middlewares/ST/STM32_WPAN/ble/core/auto/ble_gap_aci.c ****   rq.rlen = sizeof(resp);
 4236              		.loc 1 1071 3 is_stmt 1 view .LVU1487
 4237              		.loc 1 1071 11 is_stmt 0 view .LVU1488
 4238 004c 0823     		movs	r3, #8
 4239 004e 4793     		str	r3, [sp, #284]
1072:Middlewares/ST/STM32_WPAN/ble/core/auto/ble_gap_aci.c ****   if ( hci_send_req(&rq, FALSE) < 0 )
 4240              		.loc 1 1072 3 is_stmt 1 view .LVU1489
 4241              		.loc 1 1072 8 is_stmt 0 view .LVU1490
 4242 0050 0021     		movs	r1, #0
 4243 0052 2046     		mov	r0, r4
 4244 0054 FFF7FEFF 		bl	hci_send_req
 4245              	.LVL448:
 4246              		.loc 1 1072 6 discriminator 1 view .LVU1491
 4247 0058 0028     		cmp	r0, #0
 4248 005a 11DB     		blt	.L136
1073:Middlewares/ST/STM32_WPAN/ble/core/auto/ble_gap_aci.c ****     return BLE_STATUS_TIMEOUT;
1074:Middlewares/ST/STM32_WPAN/ble/core/auto/ble_gap_aci.c ****   if ( resp.Status )
 4249              		.loc 1 1074 3 is_stmt 1 view .LVU1492
 4250              		.loc 1 1074 12 is_stmt 0 view .LVU1493
 4251 005c 9DF80040 		ldrb	r4, [sp]	@ zero_extendqisi2
 4252              		.loc 1 1074 6 view .LVU1494
 4253 0060 1CB1     		cbz	r4, .L138
 4254              	.L135:
1075:Middlewares/ST/STM32_WPAN/ble/core/auto/ble_gap_aci.c ****     return resp.Status;
ARM GAS  C:\Users\Nathan\AppData\Local\Temp\ccVQZ1bc.s 			page 94


1076:Middlewares/ST/STM32_WPAN/ble/core/auto/ble_gap_aci.c ****   *Id_Address_Type = resp.Id_Address_Type;
1077:Middlewares/ST/STM32_WPAN/ble/core/auto/ble_gap_aci.c ****   Osal_MemCpy( (void*)Id_Address, (const void*)resp.Id_Address, 6 );
1078:Middlewares/ST/STM32_WPAN/ble/core/auto/ble_gap_aci.c ****   return BLE_STATUS_SUCCESS;
1079:Middlewares/ST/STM32_WPAN/ble/core/auto/ble_gap_aci.c **** }
 4255              		.loc 1 1079 1 view .LVU1495
 4256 0062 2046     		mov	r0, r4
 4257 0064 49B0     		add	sp, sp, #292
 4258              		.cfi_remember_state
 4259              		.cfi_def_cfa_offset 28
 4260              		@ sp needed
 4261 0066 BDE8F083 		pop	{r4, r5, r6, r7, r8, r9, pc}
 4262              	.LVL449:
 4263              	.L138:
 4264              		.cfi_restore_state
1076:Middlewares/ST/STM32_WPAN/ble/core/auto/ble_gap_aci.c ****   Osal_MemCpy( (void*)Id_Address, (const void*)resp.Id_Address, 6 );
 4265              		.loc 1 1076 3 is_stmt 1 view .LVU1496
1076:Middlewares/ST/STM32_WPAN/ble/core/auto/ble_gap_aci.c ****   Osal_MemCpy( (void*)Id_Address, (const void*)resp.Id_Address, 6 );
 4266              		.loc 1 1076 26 is_stmt 0 view .LVU1497
 4267 006a 9DF80130 		ldrb	r3, [sp, #1]	@ zero_extendqisi2
1076:Middlewares/ST/STM32_WPAN/ble/core/auto/ble_gap_aci.c ****   Osal_MemCpy( (void*)Id_Address, (const void*)resp.Id_Address, 6 );
 4268              		.loc 1 1076 20 view .LVU1498
 4269 006e 89F80030 		strb	r3, [r9]
1077:Middlewares/ST/STM32_WPAN/ble/core/auto/ble_gap_aci.c ****   return BLE_STATUS_SUCCESS;
 4270              		.loc 1 1077 3 is_stmt 1 view .LVU1499
 4271 0072 0622     		movs	r2, #6
 4272 0074 0DF10201 		add	r1, sp, #2
 4273 0078 4046     		mov	r0, r8
 4274 007a FFF7FEFF 		bl	Osal_MemCpy
 4275              	.LVL450:
1078:Middlewares/ST/STM32_WPAN/ble/core/auto/ble_gap_aci.c **** }
 4276              		.loc 1 1078 3 view .LVU1500
1078:Middlewares/ST/STM32_WPAN/ble/core/auto/ble_gap_aci.c **** }
 4277              		.loc 1 1078 10 is_stmt 0 view .LVU1501
 4278 007e F0E7     		b	.L135
 4279              	.L136:
1073:Middlewares/ST/STM32_WPAN/ble/core/auto/ble_gap_aci.c ****   if ( resp.Status )
 4280              		.loc 1 1073 12 view .LVU1502
 4281 0080 FF24     		movs	r4, #255
 4282 0082 EEE7     		b	.L135
 4283              		.cfi_endproc
 4284              	.LFE33:
 4286              		.section	.text.aci_gap_numeric_comparison_value_confirm_yesno,"ax",%progbits
 4287              		.align	1
 4288              		.global	aci_gap_numeric_comparison_value_confirm_yesno
 4289              		.syntax unified
 4290              		.thumb
 4291              		.thumb_func
 4293              	aci_gap_numeric_comparison_value_confirm_yesno:
 4294              	.LVL451:
 4295              	.LFB34:
1080:Middlewares/ST/STM32_WPAN/ble/core/auto/ble_gap_aci.c **** 
1081:Middlewares/ST/STM32_WPAN/ble/core/auto/ble_gap_aci.c **** tBleStatus aci_gap_numeric_comparison_value_confirm_yesno( uint16_t Connection_Handle,
1082:Middlewares/ST/STM32_WPAN/ble/core/auto/ble_gap_aci.c ****                                                            uint8_t Confirm_Yes_No )
1083:Middlewares/ST/STM32_WPAN/ble/core/auto/ble_gap_aci.c **** {
 4296              		.loc 1 1083 1 is_stmt 1 view -0
 4297              		.cfi_startproc
 4298              		@ args = 0, pretend = 0, frame = 288
ARM GAS  C:\Users\Nathan\AppData\Local\Temp\ccVQZ1bc.s 			page 95


 4299              		@ frame_needed = 0, uses_anonymous_args = 0
 4300              		.loc 1 1083 1 is_stmt 0 view .LVU1504
 4301 0000 F0B5     		push	{r4, r5, r6, r7, lr}
 4302              		.cfi_def_cfa_offset 20
 4303              		.cfi_offset 4, -20
 4304              		.cfi_offset 5, -16
 4305              		.cfi_offset 6, -12
 4306              		.cfi_offset 7, -8
 4307              		.cfi_offset 14, -4
 4308 0002 C9B0     		sub	sp, sp, #292
 4309              		.cfi_def_cfa_offset 312
1084:Middlewares/ST/STM32_WPAN/ble/core/auto/ble_gap_aci.c ****   struct hci_request rq;
 4310              		.loc 1 1084 3 is_stmt 1 view .LVU1505
1085:Middlewares/ST/STM32_WPAN/ble/core/auto/ble_gap_aci.c ****   uint8_t cmd_buffer[BLE_CMD_MAX_PARAM_LEN];
 4311              		.loc 1 1085 3 view .LVU1506
1086:Middlewares/ST/STM32_WPAN/ble/core/auto/ble_gap_aci.c ****   aci_gap_numeric_comparison_value_confirm_yesno_cp0 *cp0 = (aci_gap_numeric_comparison_value_confi
 4312              		.loc 1 1086 3 view .LVU1507
 4313              	.LVL452:
1087:Middlewares/ST/STM32_WPAN/ble/core/auto/ble_gap_aci.c ****   tBleStatus status = 0;
 4314              		.loc 1 1087 3 view .LVU1508
 4315              		.loc 1 1087 14 is_stmt 0 view .LVU1509
 4316 0004 0DF10707 		add	r7, sp, #7
 4317 0008 0024     		movs	r4, #0
 4318 000a 8DF80740 		strb	r4, [sp, #7]
1088:Middlewares/ST/STM32_WPAN/ble/core/auto/ble_gap_aci.c ****   int index_input = 0;
 4319              		.loc 1 1088 3 is_stmt 1 view .LVU1510
 4320              	.LVL453:
1089:Middlewares/ST/STM32_WPAN/ble/core/auto/ble_gap_aci.c ****   cp0->Connection_Handle = Connection_Handle;
 4321              		.loc 1 1089 3 view .LVU1511
 4322              		.loc 1 1089 26 is_stmt 0 view .LVU1512
 4323 000e 02AD     		add	r5, sp, #8
 4324              	.LVL454:
 4325              		.loc 1 1089 26 view .LVU1513
 4326 0010 ADF80800 		strh	r0, [sp, #8]	@ movhi
1090:Middlewares/ST/STM32_WPAN/ble/core/auto/ble_gap_aci.c ****   index_input += 2;
 4327              		.loc 1 1090 3 is_stmt 1 view .LVU1514
 4328              	.LVL455:
1091:Middlewares/ST/STM32_WPAN/ble/core/auto/ble_gap_aci.c ****   cp0->Confirm_Yes_No = Confirm_Yes_No;
 4329              		.loc 1 1091 3 view .LVU1515
 4330              		.loc 1 1091 23 is_stmt 0 view .LVU1516
 4331 0014 8DF80A10 		strb	r1, [sp, #10]
1092:Middlewares/ST/STM32_WPAN/ble/core/auto/ble_gap_aci.c ****   index_input += 1;
 4332              		.loc 1 1092 3 is_stmt 1 view .LVU1517
 4333              	.LVL456:
1093:Middlewares/ST/STM32_WPAN/ble/core/auto/ble_gap_aci.c ****   Osal_MemSet( &rq, 0, sizeof(rq) );
 4334              		.loc 1 1093 3 view .LVU1518
 4335 0018 42AE     		add	r6, sp, #264
 4336 001a 1822     		movs	r2, #24
 4337 001c 2146     		mov	r1, r4
 4338              	.LVL457:
 4339              		.loc 1 1093 3 is_stmt 0 view .LVU1519
 4340 001e 3046     		mov	r0, r6
 4341              	.LVL458:
 4342              		.loc 1 1093 3 view .LVU1520
 4343 0020 FFF7FEFF 		bl	Osal_MemSet
 4344              	.LVL459:
1094:Middlewares/ST/STM32_WPAN/ble/core/auto/ble_gap_aci.c ****   rq.ogf = 0x3f;
ARM GAS  C:\Users\Nathan\AppData\Local\Temp\ccVQZ1bc.s 			page 96


 4345              		.loc 1 1094 3 is_stmt 1 view .LVU1521
 4346              		.loc 1 1094 10 is_stmt 0 view .LVU1522
 4347 0024 3F23     		movs	r3, #63
 4348 0026 ADF80831 		strh	r3, [sp, #264]	@ movhi
1095:Middlewares/ST/STM32_WPAN/ble/core/auto/ble_gap_aci.c ****   rq.ocf = 0x0a5;
 4349              		.loc 1 1095 3 is_stmt 1 view .LVU1523
 4350              		.loc 1 1095 10 is_stmt 0 view .LVU1524
 4351 002a A523     		movs	r3, #165
 4352 002c ADF80A31 		strh	r3, [sp, #266]	@ movhi
1096:Middlewares/ST/STM32_WPAN/ble/core/auto/ble_gap_aci.c ****   rq.cparam = cmd_buffer;
 4353              		.loc 1 1096 3 is_stmt 1 view .LVU1525
 4354              		.loc 1 1096 13 is_stmt 0 view .LVU1526
 4355 0030 4495     		str	r5, [sp, #272]
1097:Middlewares/ST/STM32_WPAN/ble/core/auto/ble_gap_aci.c ****   rq.clen = index_input;
 4356              		.loc 1 1097 3 is_stmt 1 view .LVU1527
 4357              		.loc 1 1097 11 is_stmt 0 view .LVU1528
 4358 0032 0323     		movs	r3, #3
 4359 0034 4593     		str	r3, [sp, #276]
1098:Middlewares/ST/STM32_WPAN/ble/core/auto/ble_gap_aci.c ****   rq.rparam = &status;
 4360              		.loc 1 1098 3 is_stmt 1 view .LVU1529
 4361              		.loc 1 1098 13 is_stmt 0 view .LVU1530
 4362 0036 4697     		str	r7, [sp, #280]
1099:Middlewares/ST/STM32_WPAN/ble/core/auto/ble_gap_aci.c ****   rq.rlen = 1;
 4363              		.loc 1 1099 3 is_stmt 1 view .LVU1531
 4364              		.loc 1 1099 11 is_stmt 0 view .LVU1532
 4365 0038 0123     		movs	r3, #1
 4366 003a 4793     		str	r3, [sp, #284]
1100:Middlewares/ST/STM32_WPAN/ble/core/auto/ble_gap_aci.c ****   if ( hci_send_req(&rq, FALSE) < 0 )
 4367              		.loc 1 1100 3 is_stmt 1 view .LVU1533
 4368              		.loc 1 1100 8 is_stmt 0 view .LVU1534
 4369 003c 2146     		mov	r1, r4
 4370 003e 3046     		mov	r0, r6
 4371 0040 FFF7FEFF 		bl	hci_send_req
 4372              	.LVL460:
 4373              		.loc 1 1100 6 discriminator 1 view .LVU1535
 4374 0044 A042     		cmp	r0, r4
 4375 0046 02DB     		blt	.L141
1101:Middlewares/ST/STM32_WPAN/ble/core/auto/ble_gap_aci.c ****     return BLE_STATUS_TIMEOUT;
1102:Middlewares/ST/STM32_WPAN/ble/core/auto/ble_gap_aci.c ****   return status;
 4376              		.loc 1 1102 3 is_stmt 1 view .LVU1536
 4377              		.loc 1 1102 10 is_stmt 0 view .LVU1537
 4378 0048 3878     		ldrb	r0, [r7]	@ zero_extendqisi2
 4379              	.L140:
1103:Middlewares/ST/STM32_WPAN/ble/core/auto/ble_gap_aci.c **** }
 4380              		.loc 1 1103 1 view .LVU1538
 4381 004a 49B0     		add	sp, sp, #292
 4382              		.cfi_remember_state
 4383              		.cfi_def_cfa_offset 20
 4384              		@ sp needed
 4385 004c F0BD     		pop	{r4, r5, r6, r7, pc}
 4386              	.LVL461:
 4387              	.L141:
 4388              		.cfi_restore_state
1101:Middlewares/ST/STM32_WPAN/ble/core/auto/ble_gap_aci.c ****     return BLE_STATUS_TIMEOUT;
 4389              		.loc 1 1101 12 view .LVU1539
 4390 004e FF20     		movs	r0, #255
 4391 0050 FBE7     		b	.L140
ARM GAS  C:\Users\Nathan\AppData\Local\Temp\ccVQZ1bc.s 			page 97


 4392              		.cfi_endproc
 4393              	.LFE34:
 4395              		.section	.text.aci_gap_passkey_input,"ax",%progbits
 4396              		.align	1
 4397              		.global	aci_gap_passkey_input
 4398              		.syntax unified
 4399              		.thumb
 4400              		.thumb_func
 4402              	aci_gap_passkey_input:
 4403              	.LVL462:
 4404              	.LFB35:
1104:Middlewares/ST/STM32_WPAN/ble/core/auto/ble_gap_aci.c **** 
1105:Middlewares/ST/STM32_WPAN/ble/core/auto/ble_gap_aci.c **** tBleStatus aci_gap_passkey_input( uint16_t Connection_Handle,
1106:Middlewares/ST/STM32_WPAN/ble/core/auto/ble_gap_aci.c ****                                   uint8_t Input_Type )
1107:Middlewares/ST/STM32_WPAN/ble/core/auto/ble_gap_aci.c **** {
 4405              		.loc 1 1107 1 is_stmt 1 view -0
 4406              		.cfi_startproc
 4407              		@ args = 0, pretend = 0, frame = 288
 4408              		@ frame_needed = 0, uses_anonymous_args = 0
 4409              		.loc 1 1107 1 is_stmt 0 view .LVU1541
 4410 0000 F0B5     		push	{r4, r5, r6, r7, lr}
 4411              		.cfi_def_cfa_offset 20
 4412              		.cfi_offset 4, -20
 4413              		.cfi_offset 5, -16
 4414              		.cfi_offset 6, -12
 4415              		.cfi_offset 7, -8
 4416              		.cfi_offset 14, -4
 4417 0002 C9B0     		sub	sp, sp, #292
 4418              		.cfi_def_cfa_offset 312
1108:Middlewares/ST/STM32_WPAN/ble/core/auto/ble_gap_aci.c ****   struct hci_request rq;
 4419              		.loc 1 1108 3 is_stmt 1 view .LVU1542
1109:Middlewares/ST/STM32_WPAN/ble/core/auto/ble_gap_aci.c ****   uint8_t cmd_buffer[BLE_CMD_MAX_PARAM_LEN];
 4420              		.loc 1 1109 3 view .LVU1543
1110:Middlewares/ST/STM32_WPAN/ble/core/auto/ble_gap_aci.c ****   aci_gap_passkey_input_cp0 *cp0 = (aci_gap_passkey_input_cp0*)(cmd_buffer);
 4421              		.loc 1 1110 3 view .LVU1544
 4422              	.LVL463:
1111:Middlewares/ST/STM32_WPAN/ble/core/auto/ble_gap_aci.c ****   tBleStatus status = 0;
 4423              		.loc 1 1111 3 view .LVU1545
 4424              		.loc 1 1111 14 is_stmt 0 view .LVU1546
 4425 0004 0DF10707 		add	r7, sp, #7
 4426 0008 0024     		movs	r4, #0
 4427 000a 8DF80740 		strb	r4, [sp, #7]
1112:Middlewares/ST/STM32_WPAN/ble/core/auto/ble_gap_aci.c ****   int index_input = 0;
 4428              		.loc 1 1112 3 is_stmt 1 view .LVU1547
 4429              	.LVL464:
1113:Middlewares/ST/STM32_WPAN/ble/core/auto/ble_gap_aci.c ****   cp0->Connection_Handle = Connection_Handle;
 4430              		.loc 1 1113 3 view .LVU1548
 4431              		.loc 1 1113 26 is_stmt 0 view .LVU1549
 4432 000e 02AD     		add	r5, sp, #8
 4433              	.LVL465:
 4434              		.loc 1 1113 26 view .LVU1550
 4435 0010 ADF80800 		strh	r0, [sp, #8]	@ movhi
1114:Middlewares/ST/STM32_WPAN/ble/core/auto/ble_gap_aci.c ****   index_input += 2;
 4436              		.loc 1 1114 3 is_stmt 1 view .LVU1551
 4437              	.LVL466:
1115:Middlewares/ST/STM32_WPAN/ble/core/auto/ble_gap_aci.c ****   cp0->Input_Type = Input_Type;
 4438              		.loc 1 1115 3 view .LVU1552
ARM GAS  C:\Users\Nathan\AppData\Local\Temp\ccVQZ1bc.s 			page 98


 4439              		.loc 1 1115 19 is_stmt 0 view .LVU1553
 4440 0014 8DF80A10 		strb	r1, [sp, #10]
1116:Middlewares/ST/STM32_WPAN/ble/core/auto/ble_gap_aci.c ****   index_input += 1;
 4441              		.loc 1 1116 3 is_stmt 1 view .LVU1554
 4442              	.LVL467:
1117:Middlewares/ST/STM32_WPAN/ble/core/auto/ble_gap_aci.c ****   Osal_MemSet( &rq, 0, sizeof(rq) );
 4443              		.loc 1 1117 3 view .LVU1555
 4444 0018 42AE     		add	r6, sp, #264
 4445 001a 1822     		movs	r2, #24
 4446 001c 2146     		mov	r1, r4
 4447              	.LVL468:
 4448              		.loc 1 1117 3 is_stmt 0 view .LVU1556
 4449 001e 3046     		mov	r0, r6
 4450              	.LVL469:
 4451              		.loc 1 1117 3 view .LVU1557
 4452 0020 FFF7FEFF 		bl	Osal_MemSet
 4453              	.LVL470:
1118:Middlewares/ST/STM32_WPAN/ble/core/auto/ble_gap_aci.c ****   rq.ogf = 0x3f;
 4454              		.loc 1 1118 3 is_stmt 1 view .LVU1558
 4455              		.loc 1 1118 10 is_stmt 0 view .LVU1559
 4456 0024 3F23     		movs	r3, #63
 4457 0026 ADF80831 		strh	r3, [sp, #264]	@ movhi
1119:Middlewares/ST/STM32_WPAN/ble/core/auto/ble_gap_aci.c ****   rq.ocf = 0x0a6;
 4458              		.loc 1 1119 3 is_stmt 1 view .LVU1560
 4459              		.loc 1 1119 10 is_stmt 0 view .LVU1561
 4460 002a A623     		movs	r3, #166
 4461 002c ADF80A31 		strh	r3, [sp, #266]	@ movhi
1120:Middlewares/ST/STM32_WPAN/ble/core/auto/ble_gap_aci.c ****   rq.cparam = cmd_buffer;
 4462              		.loc 1 1120 3 is_stmt 1 view .LVU1562
 4463              		.loc 1 1120 13 is_stmt 0 view .LVU1563
 4464 0030 4495     		str	r5, [sp, #272]
1121:Middlewares/ST/STM32_WPAN/ble/core/auto/ble_gap_aci.c ****   rq.clen = index_input;
 4465              		.loc 1 1121 3 is_stmt 1 view .LVU1564
 4466              		.loc 1 1121 11 is_stmt 0 view .LVU1565
 4467 0032 0323     		movs	r3, #3
 4468 0034 4593     		str	r3, [sp, #276]
1122:Middlewares/ST/STM32_WPAN/ble/core/auto/ble_gap_aci.c ****   rq.rparam = &status;
 4469              		.loc 1 1122 3 is_stmt 1 view .LVU1566
 4470              		.loc 1 1122 13 is_stmt 0 view .LVU1567
 4471 0036 4697     		str	r7, [sp, #280]
1123:Middlewares/ST/STM32_WPAN/ble/core/auto/ble_gap_aci.c ****   rq.rlen = 1;
 4472              		.loc 1 1123 3 is_stmt 1 view .LVU1568
 4473              		.loc 1 1123 11 is_stmt 0 view .LVU1569
 4474 0038 0123     		movs	r3, #1
 4475 003a 4793     		str	r3, [sp, #284]
1124:Middlewares/ST/STM32_WPAN/ble/core/auto/ble_gap_aci.c ****   if ( hci_send_req(&rq, FALSE) < 0 )
 4476              		.loc 1 1124 3 is_stmt 1 view .LVU1570
 4477              		.loc 1 1124 8 is_stmt 0 view .LVU1571
 4478 003c 2146     		mov	r1, r4
 4479 003e 3046     		mov	r0, r6
 4480 0040 FFF7FEFF 		bl	hci_send_req
 4481              	.LVL471:
 4482              		.loc 1 1124 6 discriminator 1 view .LVU1572
 4483 0044 A042     		cmp	r0, r4
 4484 0046 02DB     		blt	.L145
1125:Middlewares/ST/STM32_WPAN/ble/core/auto/ble_gap_aci.c ****     return BLE_STATUS_TIMEOUT;
1126:Middlewares/ST/STM32_WPAN/ble/core/auto/ble_gap_aci.c ****   return status;
ARM GAS  C:\Users\Nathan\AppData\Local\Temp\ccVQZ1bc.s 			page 99


 4485              		.loc 1 1126 3 is_stmt 1 view .LVU1573
 4486              		.loc 1 1126 10 is_stmt 0 view .LVU1574
 4487 0048 3878     		ldrb	r0, [r7]	@ zero_extendqisi2
 4488              	.L144:
1127:Middlewares/ST/STM32_WPAN/ble/core/auto/ble_gap_aci.c **** }
 4489              		.loc 1 1127 1 view .LVU1575
 4490 004a 49B0     		add	sp, sp, #292
 4491              		.cfi_remember_state
 4492              		.cfi_def_cfa_offset 20
 4493              		@ sp needed
 4494 004c F0BD     		pop	{r4, r5, r6, r7, pc}
 4495              	.LVL472:
 4496              	.L145:
 4497              		.cfi_restore_state
1125:Middlewares/ST/STM32_WPAN/ble/core/auto/ble_gap_aci.c ****     return BLE_STATUS_TIMEOUT;
 4498              		.loc 1 1125 12 view .LVU1576
 4499 004e FF20     		movs	r0, #255
 4500 0050 FBE7     		b	.L144
 4501              		.cfi_endproc
 4502              	.LFE35:
 4504              		.section	.text.aci_gap_get_oob_data,"ax",%progbits
 4505              		.align	1
 4506              		.global	aci_gap_get_oob_data
 4507              		.syntax unified
 4508              		.thumb
 4509              		.thumb_func
 4511              	aci_gap_get_oob_data:
 4512              	.LVL473:
 4513              	.LFB36:
1128:Middlewares/ST/STM32_WPAN/ble/core/auto/ble_gap_aci.c **** 
1129:Middlewares/ST/STM32_WPAN/ble/core/auto/ble_gap_aci.c **** tBleStatus aci_gap_get_oob_data( uint8_t OOB_Data_Type,
1130:Middlewares/ST/STM32_WPAN/ble/core/auto/ble_gap_aci.c ****                                  uint8_t* Address_Type,
1131:Middlewares/ST/STM32_WPAN/ble/core/auto/ble_gap_aci.c ****                                  uint8_t* Address,
1132:Middlewares/ST/STM32_WPAN/ble/core/auto/ble_gap_aci.c ****                                  uint8_t* OOB_Data_Len,
1133:Middlewares/ST/STM32_WPAN/ble/core/auto/ble_gap_aci.c ****                                  uint8_t* OOB_Data )
1134:Middlewares/ST/STM32_WPAN/ble/core/auto/ble_gap_aci.c **** {
 4514              		.loc 1 1134 1 is_stmt 1 view -0
 4515              		.cfi_startproc
 4516              		@ args = 4, pretend = 0, frame = 312
 4517              		@ frame_needed = 0, uses_anonymous_args = 0
 4518              		.loc 1 1134 1 is_stmt 0 view .LVU1578
 4519 0000 2DE9F043 		push	{r4, r5, r6, r7, r8, r9, lr}
 4520              		.cfi_def_cfa_offset 28
 4521              		.cfi_offset 4, -28
 4522              		.cfi_offset 5, -24
 4523              		.cfi_offset 6, -20
 4524              		.cfi_offset 7, -16
 4525              		.cfi_offset 8, -12
 4526              		.cfi_offset 9, -8
 4527              		.cfi_offset 14, -4
 4528 0004 CFB0     		sub	sp, sp, #316
 4529              		.cfi_def_cfa_offset 344
 4530 0006 0446     		mov	r4, r0
 4531 0008 8946     		mov	r9, r1
 4532 000a 9046     		mov	r8, r2
 4533 000c 1F46     		mov	r7, r3
1135:Middlewares/ST/STM32_WPAN/ble/core/auto/ble_gap_aci.c ****   struct hci_request rq;
ARM GAS  C:\Users\Nathan\AppData\Local\Temp\ccVQZ1bc.s 			page 100


 4534              		.loc 1 1135 3 is_stmt 1 view .LVU1579
1136:Middlewares/ST/STM32_WPAN/ble/core/auto/ble_gap_aci.c ****   uint8_t cmd_buffer[BLE_CMD_MAX_PARAM_LEN];
 4535              		.loc 1 1136 3 view .LVU1580
1137:Middlewares/ST/STM32_WPAN/ble/core/auto/ble_gap_aci.c ****   aci_gap_get_oob_data_cp0 *cp0 = (aci_gap_get_oob_data_cp0*)(cmd_buffer);
 4536              		.loc 1 1137 3 view .LVU1581
 4537              	.LVL474:
1138:Middlewares/ST/STM32_WPAN/ble/core/auto/ble_gap_aci.c ****   aci_gap_get_oob_data_rp0 resp;
 4538              		.loc 1 1138 3 view .LVU1582
1139:Middlewares/ST/STM32_WPAN/ble/core/auto/ble_gap_aci.c ****   Osal_MemSet( &resp, 0, sizeof(resp) );
 4539              		.loc 1 1139 3 view .LVU1583
 4540 000e 01AD     		add	r5, sp, #4
 4541 0010 1A22     		movs	r2, #26
 4542              	.LVL475:
 4543              		.loc 1 1139 3 is_stmt 0 view .LVU1584
 4544 0012 0021     		movs	r1, #0
 4545              	.LVL476:
 4546              		.loc 1 1139 3 view .LVU1585
 4547 0014 2846     		mov	r0, r5
 4548              	.LVL477:
 4549              		.loc 1 1139 3 view .LVU1586
 4550 0016 FFF7FEFF 		bl	Osal_MemSet
 4551              	.LVL478:
1140:Middlewares/ST/STM32_WPAN/ble/core/auto/ble_gap_aci.c ****   int index_input = 0;
 4552              		.loc 1 1140 3 is_stmt 1 view .LVU1587
1141:Middlewares/ST/STM32_WPAN/ble/core/auto/ble_gap_aci.c ****   cp0->OOB_Data_Type = OOB_Data_Type;
 4553              		.loc 1 1141 3 view .LVU1588
 4554              		.loc 1 1141 22 is_stmt 0 view .LVU1589
 4555 001a 08AE     		add	r6, sp, #32
 4556              	.LVL479:
 4557              		.loc 1 1141 22 view .LVU1590
 4558 001c 8DF82040 		strb	r4, [sp, #32]
1142:Middlewares/ST/STM32_WPAN/ble/core/auto/ble_gap_aci.c ****   index_input += 1;
 4559              		.loc 1 1142 3 is_stmt 1 view .LVU1591
 4560              	.LVL480:
1143:Middlewares/ST/STM32_WPAN/ble/core/auto/ble_gap_aci.c ****   Osal_MemSet( &rq, 0, sizeof(rq) );
 4561              		.loc 1 1143 3 view .LVU1592
 4562 0020 48AC     		add	r4, sp, #288
 4563              	.LVL481:
 4564              		.loc 1 1143 3 is_stmt 0 view .LVU1593
 4565 0022 1822     		movs	r2, #24
 4566 0024 0021     		movs	r1, #0
 4567 0026 2046     		mov	r0, r4
 4568 0028 FFF7FEFF 		bl	Osal_MemSet
 4569              	.LVL482:
1144:Middlewares/ST/STM32_WPAN/ble/core/auto/ble_gap_aci.c ****   rq.ogf = 0x3f;
 4570              		.loc 1 1144 3 is_stmt 1 view .LVU1594
 4571              		.loc 1 1144 10 is_stmt 0 view .LVU1595
 4572 002c 3F23     		movs	r3, #63
 4573 002e ADF82031 		strh	r3, [sp, #288]	@ movhi
1145:Middlewares/ST/STM32_WPAN/ble/core/auto/ble_gap_aci.c ****   rq.ocf = 0x0a7;
 4574              		.loc 1 1145 3 is_stmt 1 view .LVU1596
 4575              		.loc 1 1145 10 is_stmt 0 view .LVU1597
 4576 0032 A723     		movs	r3, #167
 4577 0034 ADF82231 		strh	r3, [sp, #290]	@ movhi
1146:Middlewares/ST/STM32_WPAN/ble/core/auto/ble_gap_aci.c ****   rq.cparam = cmd_buffer;
 4578              		.loc 1 1146 3 is_stmt 1 view .LVU1598
 4579              		.loc 1 1146 13 is_stmt 0 view .LVU1599
ARM GAS  C:\Users\Nathan\AppData\Local\Temp\ccVQZ1bc.s 			page 101


 4580 0038 4A96     		str	r6, [sp, #296]
1147:Middlewares/ST/STM32_WPAN/ble/core/auto/ble_gap_aci.c ****   rq.clen = index_input;
 4581              		.loc 1 1147 3 is_stmt 1 view .LVU1600
 4582              		.loc 1 1147 11 is_stmt 0 view .LVU1601
 4583 003a 0123     		movs	r3, #1
 4584 003c 4B93     		str	r3, [sp, #300]
1148:Middlewares/ST/STM32_WPAN/ble/core/auto/ble_gap_aci.c ****   rq.rparam = &resp;
 4585              		.loc 1 1148 3 is_stmt 1 view .LVU1602
 4586              		.loc 1 1148 13 is_stmt 0 view .LVU1603
 4587 003e 4C95     		str	r5, [sp, #304]
1149:Middlewares/ST/STM32_WPAN/ble/core/auto/ble_gap_aci.c ****   rq.rlen = sizeof(resp);
 4588              		.loc 1 1149 3 is_stmt 1 view .LVU1604
 4589              		.loc 1 1149 11 is_stmt 0 view .LVU1605
 4590 0040 1A23     		movs	r3, #26
 4591 0042 4D93     		str	r3, [sp, #308]
1150:Middlewares/ST/STM32_WPAN/ble/core/auto/ble_gap_aci.c ****   if ( hci_send_req(&rq, FALSE) < 0 )
 4592              		.loc 1 1150 3 is_stmt 1 view .LVU1606
 4593              		.loc 1 1150 8 is_stmt 0 view .LVU1607
 4594 0044 0021     		movs	r1, #0
 4595 0046 2046     		mov	r0, r4
 4596 0048 FFF7FEFF 		bl	hci_send_req
 4597              	.LVL483:
 4598              		.loc 1 1150 6 discriminator 1 view .LVU1608
 4599 004c 0028     		cmp	r0, #0
 4600 004e 17DB     		blt	.L149
1151:Middlewares/ST/STM32_WPAN/ble/core/auto/ble_gap_aci.c ****     return BLE_STATUS_TIMEOUT;
1152:Middlewares/ST/STM32_WPAN/ble/core/auto/ble_gap_aci.c ****   if ( resp.Status )
 4601              		.loc 1 1152 3 is_stmt 1 view .LVU1609
 4602              		.loc 1 1152 12 is_stmt 0 view .LVU1610
 4603 0050 2C78     		ldrb	r4, [r5]	@ zero_extendqisi2
 4604              		.loc 1 1152 6 view .LVU1611
 4605 0052 1CB1     		cbz	r4, .L151
 4606              	.L148:
1153:Middlewares/ST/STM32_WPAN/ble/core/auto/ble_gap_aci.c ****     return resp.Status;
1154:Middlewares/ST/STM32_WPAN/ble/core/auto/ble_gap_aci.c ****   *Address_Type = resp.Address_Type;
1155:Middlewares/ST/STM32_WPAN/ble/core/auto/ble_gap_aci.c ****   Osal_MemCpy( (void*)Address, (const void*)resp.Address, 6 );
1156:Middlewares/ST/STM32_WPAN/ble/core/auto/ble_gap_aci.c ****   *OOB_Data_Len = resp.OOB_Data_Len;
1157:Middlewares/ST/STM32_WPAN/ble/core/auto/ble_gap_aci.c ****   Osal_MemCpy( (void*)OOB_Data, (const void*)resp.OOB_Data, 16 );
1158:Middlewares/ST/STM32_WPAN/ble/core/auto/ble_gap_aci.c ****   return BLE_STATUS_SUCCESS;
1159:Middlewares/ST/STM32_WPAN/ble/core/auto/ble_gap_aci.c **** }
 4607              		.loc 1 1159 1 view .LVU1612
 4608 0054 2046     		mov	r0, r4
 4609 0056 4FB0     		add	sp, sp, #316
 4610              		.cfi_remember_state
 4611              		.cfi_def_cfa_offset 28
 4612              		@ sp needed
 4613 0058 BDE8F083 		pop	{r4, r5, r6, r7, r8, r9, pc}
 4614              	.LVL484:
 4615              	.L151:
 4616              		.cfi_restore_state
1154:Middlewares/ST/STM32_WPAN/ble/core/auto/ble_gap_aci.c ****   Osal_MemCpy( (void*)Address, (const void*)resp.Address, 6 );
 4617              		.loc 1 1154 3 is_stmt 1 view .LVU1613
1154:Middlewares/ST/STM32_WPAN/ble/core/auto/ble_gap_aci.c ****   Osal_MemCpy( (void*)Address, (const void*)resp.Address, 6 );
 4618              		.loc 1 1154 23 is_stmt 0 view .LVU1614
 4619 005c 6B78     		ldrb	r3, [r5, #1]	@ zero_extendqisi2
1154:Middlewares/ST/STM32_WPAN/ble/core/auto/ble_gap_aci.c ****   Osal_MemCpy( (void*)Address, (const void*)resp.Address, 6 );
 4620              		.loc 1 1154 17 view .LVU1615
ARM GAS  C:\Users\Nathan\AppData\Local\Temp\ccVQZ1bc.s 			page 102


 4621 005e 89F80030 		strb	r3, [r9]
1155:Middlewares/ST/STM32_WPAN/ble/core/auto/ble_gap_aci.c ****   *OOB_Data_Len = resp.OOB_Data_Len;
 4622              		.loc 1 1155 3 is_stmt 1 view .LVU1616
 4623 0062 0622     		movs	r2, #6
 4624 0064 0DEB0201 		add	r1, sp, r2
 4625 0068 4046     		mov	r0, r8
 4626 006a FFF7FEFF 		bl	Osal_MemCpy
 4627              	.LVL485:
1156:Middlewares/ST/STM32_WPAN/ble/core/auto/ble_gap_aci.c ****   Osal_MemCpy( (void*)OOB_Data, (const void*)resp.OOB_Data, 16 );
 4628              		.loc 1 1156 3 view .LVU1617
1156:Middlewares/ST/STM32_WPAN/ble/core/auto/ble_gap_aci.c ****   Osal_MemCpy( (void*)OOB_Data, (const void*)resp.OOB_Data, 16 );
 4629              		.loc 1 1156 23 is_stmt 0 view .LVU1618
 4630 006e 6B7A     		ldrb	r3, [r5, #9]	@ zero_extendqisi2
1156:Middlewares/ST/STM32_WPAN/ble/core/auto/ble_gap_aci.c ****   Osal_MemCpy( (void*)OOB_Data, (const void*)resp.OOB_Data, 16 );
 4631              		.loc 1 1156 17 view .LVU1619
 4632 0070 3B70     		strb	r3, [r7]
1157:Middlewares/ST/STM32_WPAN/ble/core/auto/ble_gap_aci.c ****   return BLE_STATUS_SUCCESS;
 4633              		.loc 1 1157 3 is_stmt 1 view .LVU1620
 4634 0072 1022     		movs	r2, #16
 4635 0074 0DF10E01 		add	r1, sp, #14
 4636 0078 5698     		ldr	r0, [sp, #344]
 4637 007a FFF7FEFF 		bl	Osal_MemCpy
 4638              	.LVL486:
1158:Middlewares/ST/STM32_WPAN/ble/core/auto/ble_gap_aci.c **** }
 4639              		.loc 1 1158 3 view .LVU1621
1158:Middlewares/ST/STM32_WPAN/ble/core/auto/ble_gap_aci.c **** }
 4640              		.loc 1 1158 10 is_stmt 0 view .LVU1622
 4641 007e E9E7     		b	.L148
 4642              	.L149:
1151:Middlewares/ST/STM32_WPAN/ble/core/auto/ble_gap_aci.c ****   if ( resp.Status )
 4643              		.loc 1 1151 12 view .LVU1623
 4644 0080 FF24     		movs	r4, #255
 4645 0082 E7E7     		b	.L148
 4646              		.cfi_endproc
 4647              	.LFE36:
 4649              		.section	.text.aci_gap_set_oob_data,"ax",%progbits
 4650              		.align	1
 4651              		.global	aci_gap_set_oob_data
 4652              		.syntax unified
 4653              		.thumb
 4654              		.thumb_func
 4656              	aci_gap_set_oob_data:
 4657              	.LVL487:
 4658              	.LFB37:
1160:Middlewares/ST/STM32_WPAN/ble/core/auto/ble_gap_aci.c **** 
1161:Middlewares/ST/STM32_WPAN/ble/core/auto/ble_gap_aci.c **** tBleStatus aci_gap_set_oob_data( uint8_t Device_Type,
1162:Middlewares/ST/STM32_WPAN/ble/core/auto/ble_gap_aci.c ****                                  uint8_t Address_Type,
1163:Middlewares/ST/STM32_WPAN/ble/core/auto/ble_gap_aci.c ****                                  const uint8_t* Address,
1164:Middlewares/ST/STM32_WPAN/ble/core/auto/ble_gap_aci.c ****                                  uint8_t OOB_Data_Type,
1165:Middlewares/ST/STM32_WPAN/ble/core/auto/ble_gap_aci.c ****                                  uint8_t OOB_Data_Len,
1166:Middlewares/ST/STM32_WPAN/ble/core/auto/ble_gap_aci.c ****                                  const uint8_t* OOB_Data )
1167:Middlewares/ST/STM32_WPAN/ble/core/auto/ble_gap_aci.c **** {
 4659              		.loc 1 1167 1 is_stmt 1 view -0
 4660              		.cfi_startproc
 4661              		@ args = 8, pretend = 0, frame = 288
 4662              		@ frame_needed = 0, uses_anonymous_args = 0
 4663              		.loc 1 1167 1 is_stmt 0 view .LVU1625
ARM GAS  C:\Users\Nathan\AppData\Local\Temp\ccVQZ1bc.s 			page 103


 4664 0000 2DE9F041 		push	{r4, r5, r6, r7, r8, lr}
 4665              		.cfi_def_cfa_offset 24
 4666              		.cfi_offset 4, -24
 4667              		.cfi_offset 5, -20
 4668              		.cfi_offset 6, -16
 4669              		.cfi_offset 7, -12
 4670              		.cfi_offset 8, -8
 4671              		.cfi_offset 14, -4
 4672 0004 C8B0     		sub	sp, sp, #288
 4673              		.cfi_def_cfa_offset 312
 4674 0006 0E46     		mov	r6, r1
 4675 0008 1146     		mov	r1, r2
 4676              	.LVL488:
 4677              		.loc 1 1167 1 view .LVU1626
 4678 000a 9846     		mov	r8, r3
1168:Middlewares/ST/STM32_WPAN/ble/core/auto/ble_gap_aci.c ****   struct hci_request rq;
 4679              		.loc 1 1168 3 is_stmt 1 view .LVU1627
1169:Middlewares/ST/STM32_WPAN/ble/core/auto/ble_gap_aci.c ****   uint8_t cmd_buffer[BLE_CMD_MAX_PARAM_LEN];
 4680              		.loc 1 1169 3 view .LVU1628
1170:Middlewares/ST/STM32_WPAN/ble/core/auto/ble_gap_aci.c ****   aci_gap_set_oob_data_cp0 *cp0 = (aci_gap_set_oob_data_cp0*)(cmd_buffer);
 4681              		.loc 1 1170 3 view .LVU1629
 4682              	.LVL489:
1171:Middlewares/ST/STM32_WPAN/ble/core/auto/ble_gap_aci.c ****   tBleStatus status = 0;
 4683              		.loc 1 1171 3 view .LVU1630
 4684              		.loc 1 1171 14 is_stmt 0 view .LVU1631
 4685 000c 0DF10707 		add	r7, sp, #7
 4686 0010 0025     		movs	r5, #0
 4687 0012 8DF80750 		strb	r5, [sp, #7]
1172:Middlewares/ST/STM32_WPAN/ble/core/auto/ble_gap_aci.c ****   int index_input = 0;
 4688              		.loc 1 1172 3 is_stmt 1 view .LVU1632
 4689              	.LVL490:
1173:Middlewares/ST/STM32_WPAN/ble/core/auto/ble_gap_aci.c ****   cp0->Device_Type = Device_Type;
 4690              		.loc 1 1173 3 view .LVU1633
 4691              		.loc 1 1173 20 is_stmt 0 view .LVU1634
 4692 0016 02AC     		add	r4, sp, #8
 4693              	.LVL491:
 4694              		.loc 1 1173 20 view .LVU1635
 4695 0018 8DF80800 		strb	r0, [sp, #8]
1174:Middlewares/ST/STM32_WPAN/ble/core/auto/ble_gap_aci.c ****   index_input += 1;
 4696              		.loc 1 1174 3 is_stmt 1 view .LVU1636
 4697              	.LVL492:
1175:Middlewares/ST/STM32_WPAN/ble/core/auto/ble_gap_aci.c ****   cp0->Address_Type = Address_Type;
 4698              		.loc 1 1175 3 view .LVU1637
 4699              		.loc 1 1175 21 is_stmt 0 view .LVU1638
 4700 001c 8DF80960 		strb	r6, [sp, #9]
1176:Middlewares/ST/STM32_WPAN/ble/core/auto/ble_gap_aci.c ****   index_input += 1;
 4701              		.loc 1 1176 3 is_stmt 1 view .LVU1639
 4702              	.LVL493:
1177:Middlewares/ST/STM32_WPAN/ble/core/auto/ble_gap_aci.c ****   Osal_MemCpy( (void*)&cp0->Address, (const void*)Address, 6 );
 4703              		.loc 1 1177 3 view .LVU1640
 4704 0020 0622     		movs	r2, #6
 4705              	.LVL494:
 4706              		.loc 1 1177 3 is_stmt 0 view .LVU1641
 4707 0022 0DF10A00 		add	r0, sp, #10
 4708              	.LVL495:
 4709              		.loc 1 1177 3 view .LVU1642
 4710 0026 FFF7FEFF 		bl	Osal_MemCpy
ARM GAS  C:\Users\Nathan\AppData\Local\Temp\ccVQZ1bc.s 			page 104


 4711              	.LVL496:
1178:Middlewares/ST/STM32_WPAN/ble/core/auto/ble_gap_aci.c ****   index_input += 6;
 4712              		.loc 1 1178 3 is_stmt 1 view .LVU1643
1179:Middlewares/ST/STM32_WPAN/ble/core/auto/ble_gap_aci.c ****   cp0->OOB_Data_Type = OOB_Data_Type;
 4713              		.loc 1 1179 3 view .LVU1644
 4714              		.loc 1 1179 22 is_stmt 0 view .LVU1645
 4715 002a 8DF81080 		strb	r8, [sp, #16]
1180:Middlewares/ST/STM32_WPAN/ble/core/auto/ble_gap_aci.c ****   index_input += 1;
 4716              		.loc 1 1180 3 is_stmt 1 view .LVU1646
 4717              	.LVL497:
1181:Middlewares/ST/STM32_WPAN/ble/core/auto/ble_gap_aci.c ****   cp0->OOB_Data_Len = OOB_Data_Len;
 4718              		.loc 1 1181 3 view .LVU1647
 4719              		.loc 1 1181 21 is_stmt 0 view .LVU1648
 4720 002e 9DF83831 		ldrb	r3, [sp, #312]	@ zero_extendqisi2
 4721 0032 8DF81130 		strb	r3, [sp, #17]
1182:Middlewares/ST/STM32_WPAN/ble/core/auto/ble_gap_aci.c ****   index_input += 1;
 4722              		.loc 1 1182 3 is_stmt 1 view .LVU1649
 4723              	.LVL498:
1183:Middlewares/ST/STM32_WPAN/ble/core/auto/ble_gap_aci.c ****   Osal_MemCpy( (void*)&cp0->OOB_Data, (const void*)OOB_Data, 16 );
 4724              		.loc 1 1183 3 view .LVU1650
 4725 0036 1022     		movs	r2, #16
 4726 0038 4F99     		ldr	r1, [sp, #316]
 4727 003a 0DF11200 		add	r0, sp, #18
 4728 003e FFF7FEFF 		bl	Osal_MemCpy
 4729              	.LVL499:
1184:Middlewares/ST/STM32_WPAN/ble/core/auto/ble_gap_aci.c ****   index_input += 16;
 4730              		.loc 1 1184 3 view .LVU1651
1185:Middlewares/ST/STM32_WPAN/ble/core/auto/ble_gap_aci.c ****   Osal_MemSet( &rq, 0, sizeof(rq) );
 4731              		.loc 1 1185 3 view .LVU1652
 4732 0042 42AE     		add	r6, sp, #264
 4733              	.LVL500:
 4734              		.loc 1 1185 3 is_stmt 0 view .LVU1653
 4735 0044 1822     		movs	r2, #24
 4736 0046 2946     		mov	r1, r5
 4737 0048 3046     		mov	r0, r6
 4738 004a FFF7FEFF 		bl	Osal_MemSet
 4739              	.LVL501:
1186:Middlewares/ST/STM32_WPAN/ble/core/auto/ble_gap_aci.c ****   rq.ogf = 0x3f;
 4740              		.loc 1 1186 3 is_stmt 1 view .LVU1654
 4741              		.loc 1 1186 10 is_stmt 0 view .LVU1655
 4742 004e 3F23     		movs	r3, #63
 4743 0050 ADF80831 		strh	r3, [sp, #264]	@ movhi
1187:Middlewares/ST/STM32_WPAN/ble/core/auto/ble_gap_aci.c ****   rq.ocf = 0x0a8;
 4744              		.loc 1 1187 3 is_stmt 1 view .LVU1656
 4745              		.loc 1 1187 10 is_stmt 0 view .LVU1657
 4746 0054 A823     		movs	r3, #168
 4747 0056 ADF80A31 		strh	r3, [sp, #266]	@ movhi
1188:Middlewares/ST/STM32_WPAN/ble/core/auto/ble_gap_aci.c ****   rq.cparam = cmd_buffer;
 4748              		.loc 1 1188 3 is_stmt 1 view .LVU1658
 4749              		.loc 1 1188 13 is_stmt 0 view .LVU1659
 4750 005a 4494     		str	r4, [sp, #272]
1189:Middlewares/ST/STM32_WPAN/ble/core/auto/ble_gap_aci.c ****   rq.clen = index_input;
 4751              		.loc 1 1189 3 is_stmt 1 view .LVU1660
 4752              		.loc 1 1189 11 is_stmt 0 view .LVU1661
 4753 005c 1A23     		movs	r3, #26
 4754 005e 4593     		str	r3, [sp, #276]
1190:Middlewares/ST/STM32_WPAN/ble/core/auto/ble_gap_aci.c ****   rq.rparam = &status;
ARM GAS  C:\Users\Nathan\AppData\Local\Temp\ccVQZ1bc.s 			page 105


 4755              		.loc 1 1190 3 is_stmt 1 view .LVU1662
 4756              		.loc 1 1190 13 is_stmt 0 view .LVU1663
 4757 0060 4697     		str	r7, [sp, #280]
1191:Middlewares/ST/STM32_WPAN/ble/core/auto/ble_gap_aci.c ****   rq.rlen = 1;
 4758              		.loc 1 1191 3 is_stmt 1 view .LVU1664
 4759              		.loc 1 1191 11 is_stmt 0 view .LVU1665
 4760 0062 0123     		movs	r3, #1
 4761 0064 4793     		str	r3, [sp, #284]
1192:Middlewares/ST/STM32_WPAN/ble/core/auto/ble_gap_aci.c ****   if ( hci_send_req(&rq, FALSE) < 0 )
 4762              		.loc 1 1192 3 is_stmt 1 view .LVU1666
 4763              		.loc 1 1192 8 is_stmt 0 view .LVU1667
 4764 0066 2946     		mov	r1, r5
 4765 0068 3046     		mov	r0, r6
 4766 006a FFF7FEFF 		bl	hci_send_req
 4767              	.LVL502:
 4768              		.loc 1 1192 6 discriminator 1 view .LVU1668
 4769 006e A842     		cmp	r0, r5
 4770 0070 03DB     		blt	.L154
1193:Middlewares/ST/STM32_WPAN/ble/core/auto/ble_gap_aci.c ****     return BLE_STATUS_TIMEOUT;
1194:Middlewares/ST/STM32_WPAN/ble/core/auto/ble_gap_aci.c ****   return status;
 4771              		.loc 1 1194 3 is_stmt 1 view .LVU1669
 4772              		.loc 1 1194 10 is_stmt 0 view .LVU1670
 4773 0072 3878     		ldrb	r0, [r7]	@ zero_extendqisi2
 4774              	.L153:
1195:Middlewares/ST/STM32_WPAN/ble/core/auto/ble_gap_aci.c **** }
 4775              		.loc 1 1195 1 view .LVU1671
 4776 0074 48B0     		add	sp, sp, #288
 4777              		.cfi_remember_state
 4778              		.cfi_def_cfa_offset 24
 4779              		@ sp needed
 4780 0076 BDE8F081 		pop	{r4, r5, r6, r7, r8, pc}
 4781              	.LVL503:
 4782              	.L154:
 4783              		.cfi_restore_state
1193:Middlewares/ST/STM32_WPAN/ble/core/auto/ble_gap_aci.c ****     return BLE_STATUS_TIMEOUT;
 4784              		.loc 1 1193 12 view .LVU1672
 4785 007a FF20     		movs	r0, #255
 4786 007c FAE7     		b	.L153
 4787              		.cfi_endproc
 4788              	.LFE37:
 4790              		.section	.text.aci_gap_remove_bonded_device,"ax",%progbits
 4791              		.align	1
 4792              		.global	aci_gap_remove_bonded_device
 4793              		.syntax unified
 4794              		.thumb
 4795              		.thumb_func
 4797              	aci_gap_remove_bonded_device:
 4798              	.LVL504:
 4799              	.LFB38:
1196:Middlewares/ST/STM32_WPAN/ble/core/auto/ble_gap_aci.c **** 
1197:Middlewares/ST/STM32_WPAN/ble/core/auto/ble_gap_aci.c **** tBleStatus aci_gap_remove_bonded_device( uint8_t Peer_Identity_Address_Type,
1198:Middlewares/ST/STM32_WPAN/ble/core/auto/ble_gap_aci.c ****                                          const uint8_t* Peer_Identity_Address )
1199:Middlewares/ST/STM32_WPAN/ble/core/auto/ble_gap_aci.c **** {
 4800              		.loc 1 1199 1 is_stmt 1 view -0
 4801              		.cfi_startproc
 4802              		@ args = 0, pretend = 0, frame = 288
 4803              		@ frame_needed = 0, uses_anonymous_args = 0
ARM GAS  C:\Users\Nathan\AppData\Local\Temp\ccVQZ1bc.s 			page 106


 4804              		.loc 1 1199 1 is_stmt 0 view .LVU1674
 4805 0000 F0B5     		push	{r4, r5, r6, r7, lr}
 4806              		.cfi_def_cfa_offset 20
 4807              		.cfi_offset 4, -20
 4808              		.cfi_offset 5, -16
 4809              		.cfi_offset 6, -12
 4810              		.cfi_offset 7, -8
 4811              		.cfi_offset 14, -4
 4812 0002 C9B0     		sub	sp, sp, #292
 4813              		.cfi_def_cfa_offset 312
1200:Middlewares/ST/STM32_WPAN/ble/core/auto/ble_gap_aci.c ****   struct hci_request rq;
 4814              		.loc 1 1200 3 is_stmt 1 view .LVU1675
1201:Middlewares/ST/STM32_WPAN/ble/core/auto/ble_gap_aci.c ****   uint8_t cmd_buffer[BLE_CMD_MAX_PARAM_LEN];
 4815              		.loc 1 1201 3 view .LVU1676
1202:Middlewares/ST/STM32_WPAN/ble/core/auto/ble_gap_aci.c ****   aci_gap_remove_bonded_device_cp0 *cp0 = (aci_gap_remove_bonded_device_cp0*)(cmd_buffer);
 4816              		.loc 1 1202 3 view .LVU1677
 4817              	.LVL505:
1203:Middlewares/ST/STM32_WPAN/ble/core/auto/ble_gap_aci.c ****   tBleStatus status = 0;
 4818              		.loc 1 1203 3 view .LVU1678
 4819              		.loc 1 1203 14 is_stmt 0 view .LVU1679
 4820 0004 0DF10706 		add	r6, sp, #7
 4821 0008 0024     		movs	r4, #0
 4822 000a 8DF80740 		strb	r4, [sp, #7]
1204:Middlewares/ST/STM32_WPAN/ble/core/auto/ble_gap_aci.c ****   int index_input = 0;
 4823              		.loc 1 1204 3 is_stmt 1 view .LVU1680
 4824              	.LVL506:
1205:Middlewares/ST/STM32_WPAN/ble/core/auto/ble_gap_aci.c ****   cp0->Peer_Identity_Address_Type = Peer_Identity_Address_Type;
 4825              		.loc 1 1205 3 view .LVU1681
 4826              		.loc 1 1205 35 is_stmt 0 view .LVU1682
 4827 000e 02AF     		add	r7, sp, #8
 4828              	.LVL507:
 4829              		.loc 1 1205 35 view .LVU1683
 4830 0010 8DF80800 		strb	r0, [sp, #8]
1206:Middlewares/ST/STM32_WPAN/ble/core/auto/ble_gap_aci.c ****   index_input += 1;
 4831              		.loc 1 1206 3 is_stmt 1 view .LVU1684
 4832              	.LVL508:
1207:Middlewares/ST/STM32_WPAN/ble/core/auto/ble_gap_aci.c ****   Osal_MemCpy( (void*)&cp0->Peer_Identity_Address, (const void*)Peer_Identity_Address, 6 );
 4833              		.loc 1 1207 3 view .LVU1685
 4834 0014 0622     		movs	r2, #6
 4835 0016 0DF10900 		add	r0, sp, #9
 4836              	.LVL509:
 4837              		.loc 1 1207 3 is_stmt 0 view .LVU1686
 4838 001a FFF7FEFF 		bl	Osal_MemCpy
 4839              	.LVL510:
1208:Middlewares/ST/STM32_WPAN/ble/core/auto/ble_gap_aci.c ****   index_input += 6;
 4840              		.loc 1 1208 3 is_stmt 1 view .LVU1687
1209:Middlewares/ST/STM32_WPAN/ble/core/auto/ble_gap_aci.c ****   Osal_MemSet( &rq, 0, sizeof(rq) );
 4841              		.loc 1 1209 3 view .LVU1688
 4842 001e 42AD     		add	r5, sp, #264
 4843 0020 1822     		movs	r2, #24
 4844 0022 2146     		mov	r1, r4
 4845 0024 2846     		mov	r0, r5
 4846 0026 FFF7FEFF 		bl	Osal_MemSet
 4847              	.LVL511:
1210:Middlewares/ST/STM32_WPAN/ble/core/auto/ble_gap_aci.c ****   rq.ogf = 0x3f;
 4848              		.loc 1 1210 3 view .LVU1689
 4849              		.loc 1 1210 10 is_stmt 0 view .LVU1690
ARM GAS  C:\Users\Nathan\AppData\Local\Temp\ccVQZ1bc.s 			page 107


 4850 002a 3F23     		movs	r3, #63
 4851 002c ADF80831 		strh	r3, [sp, #264]	@ movhi
1211:Middlewares/ST/STM32_WPAN/ble/core/auto/ble_gap_aci.c ****   rq.ocf = 0x0aa;
 4852              		.loc 1 1211 3 is_stmt 1 view .LVU1691
 4853              		.loc 1 1211 10 is_stmt 0 view .LVU1692
 4854 0030 AA23     		movs	r3, #170
 4855 0032 ADF80A31 		strh	r3, [sp, #266]	@ movhi
1212:Middlewares/ST/STM32_WPAN/ble/core/auto/ble_gap_aci.c ****   rq.cparam = cmd_buffer;
 4856              		.loc 1 1212 3 is_stmt 1 view .LVU1693
 4857              		.loc 1 1212 13 is_stmt 0 view .LVU1694
 4858 0036 4497     		str	r7, [sp, #272]
1213:Middlewares/ST/STM32_WPAN/ble/core/auto/ble_gap_aci.c ****   rq.clen = index_input;
 4859              		.loc 1 1213 3 is_stmt 1 view .LVU1695
 4860              		.loc 1 1213 11 is_stmt 0 view .LVU1696
 4861 0038 0723     		movs	r3, #7
 4862 003a 4593     		str	r3, [sp, #276]
1214:Middlewares/ST/STM32_WPAN/ble/core/auto/ble_gap_aci.c ****   rq.rparam = &status;
 4863              		.loc 1 1214 3 is_stmt 1 view .LVU1697
 4864              		.loc 1 1214 13 is_stmt 0 view .LVU1698
 4865 003c 4696     		str	r6, [sp, #280]
1215:Middlewares/ST/STM32_WPAN/ble/core/auto/ble_gap_aci.c ****   rq.rlen = 1;
 4866              		.loc 1 1215 3 is_stmt 1 view .LVU1699
 4867              		.loc 1 1215 11 is_stmt 0 view .LVU1700
 4868 003e 0123     		movs	r3, #1
 4869 0040 4793     		str	r3, [sp, #284]
1216:Middlewares/ST/STM32_WPAN/ble/core/auto/ble_gap_aci.c ****   if ( hci_send_req(&rq, FALSE) < 0 )
 4870              		.loc 1 1216 3 is_stmt 1 view .LVU1701
 4871              		.loc 1 1216 8 is_stmt 0 view .LVU1702
 4872 0042 2146     		mov	r1, r4
 4873 0044 2846     		mov	r0, r5
 4874 0046 FFF7FEFF 		bl	hci_send_req
 4875              	.LVL512:
 4876              		.loc 1 1216 6 discriminator 1 view .LVU1703
 4877 004a A042     		cmp	r0, r4
 4878 004c 02DB     		blt	.L158
1217:Middlewares/ST/STM32_WPAN/ble/core/auto/ble_gap_aci.c ****     return BLE_STATUS_TIMEOUT;
1218:Middlewares/ST/STM32_WPAN/ble/core/auto/ble_gap_aci.c ****   return status;
 4879              		.loc 1 1218 3 is_stmt 1 view .LVU1704
 4880              		.loc 1 1218 10 is_stmt 0 view .LVU1705
 4881 004e 3078     		ldrb	r0, [r6]	@ zero_extendqisi2
 4882              	.L157:
1219:Middlewares/ST/STM32_WPAN/ble/core/auto/ble_gap_aci.c **** }
 4883              		.loc 1 1219 1 view .LVU1706
 4884 0050 49B0     		add	sp, sp, #292
 4885              		.cfi_remember_state
 4886              		.cfi_def_cfa_offset 20
 4887              		@ sp needed
 4888 0052 F0BD     		pop	{r4, r5, r6, r7, pc}
 4889              	.LVL513:
 4890              	.L158:
 4891              		.cfi_restore_state
1217:Middlewares/ST/STM32_WPAN/ble/core/auto/ble_gap_aci.c ****     return BLE_STATUS_TIMEOUT;
 4892              		.loc 1 1217 12 view .LVU1707
 4893 0054 FF20     		movs	r0, #255
 4894 0056 FBE7     		b	.L157
 4895              		.cfi_endproc
 4896              	.LFE38:
ARM GAS  C:\Users\Nathan\AppData\Local\Temp\ccVQZ1bc.s 			page 108


 4898              		.section	.text.aci_gap_add_devices_to_list,"ax",%progbits
 4899              		.align	1
 4900              		.global	aci_gap_add_devices_to_list
 4901              		.syntax unified
 4902              		.thumb
 4903              		.thumb_func
 4905              	aci_gap_add_devices_to_list:
 4906              	.LVL514:
 4907              	.LFB39:
1220:Middlewares/ST/STM32_WPAN/ble/core/auto/ble_gap_aci.c **** 
1221:Middlewares/ST/STM32_WPAN/ble/core/auto/ble_gap_aci.c **** tBleStatus aci_gap_add_devices_to_list( uint8_t Num_of_List_Entries,
1222:Middlewares/ST/STM32_WPAN/ble/core/auto/ble_gap_aci.c ****                                         const List_Entry_t* List_Entry,
1223:Middlewares/ST/STM32_WPAN/ble/core/auto/ble_gap_aci.c ****                                         uint8_t Mode )
1224:Middlewares/ST/STM32_WPAN/ble/core/auto/ble_gap_aci.c **** {
 4908              		.loc 1 1224 1 is_stmt 1 view -0
 4909              		.cfi_startproc
 4910              		@ args = 0, pretend = 0, frame = 288
 4911              		@ frame_needed = 0, uses_anonymous_args = 0
 4912              		.loc 1 1224 1 is_stmt 0 view .LVU1709
 4913 0000 2DE9F043 		push	{r4, r5, r6, r7, r8, r9, lr}
 4914              		.cfi_def_cfa_offset 28
 4915              		.cfi_offset 4, -28
 4916              		.cfi_offset 5, -24
 4917              		.cfi_offset 6, -20
 4918              		.cfi_offset 7, -16
 4919              		.cfi_offset 8, -12
 4920              		.cfi_offset 9, -8
 4921              		.cfi_offset 14, -4
 4922 0004 C9B0     		sub	sp, sp, #292
 4923              		.cfi_def_cfa_offset 320
 4924 0006 9146     		mov	r9, r2
1225:Middlewares/ST/STM32_WPAN/ble/core/auto/ble_gap_aci.c ****   struct hci_request rq;
 4925              		.loc 1 1225 3 is_stmt 1 view .LVU1710
1226:Middlewares/ST/STM32_WPAN/ble/core/auto/ble_gap_aci.c ****   uint8_t cmd_buffer[BLE_CMD_MAX_PARAM_LEN];
 4926              		.loc 1 1226 3 view .LVU1711
1227:Middlewares/ST/STM32_WPAN/ble/core/auto/ble_gap_aci.c ****   aci_gap_add_devices_to_list_cp0 *cp0 = (aci_gap_add_devices_to_list_cp0*)(cmd_buffer);
 4927              		.loc 1 1227 3 view .LVU1712
 4928              	.LVL515:
1228:Middlewares/ST/STM32_WPAN/ble/core/auto/ble_gap_aci.c ****   aci_gap_add_devices_to_list_cp1 *cp1 = (aci_gap_add_devices_to_list_cp1*)(cmd_buffer + 1 + Num_of
 4929              		.loc 1 1228 3 view .LVU1713
 4930              		.loc 1 1228 114 is_stmt 0 view .LVU1714
 4931 0008 C0EBC004 		rsb	r4, r0, r0, lsl #3
 4932              		.loc 1 1228 92 view .LVU1715
 4933 000c 671C     		adds	r7, r4, #1
 4934              		.loc 1 1228 36 view .LVU1716
 4935 000e 02AE     		add	r6, sp, #8
 4936              	.LVL516:
1229:Middlewares/ST/STM32_WPAN/ble/core/auto/ble_gap_aci.c ****   tBleStatus status = 0;
 4937              		.loc 1 1229 3 is_stmt 1 view .LVU1717
 4938              		.loc 1 1229 14 is_stmt 0 view .LVU1718
 4939 0010 0DF10708 		add	r8, sp, #7
 4940 0014 0025     		movs	r5, #0
 4941 0016 8DF80750 		strb	r5, [sp, #7]
1230:Middlewares/ST/STM32_WPAN/ble/core/auto/ble_gap_aci.c ****   int index_input = 0;
 4942              		.loc 1 1230 3 is_stmt 1 view .LVU1719
 4943              	.LVL517:
1231:Middlewares/ST/STM32_WPAN/ble/core/auto/ble_gap_aci.c ****   cp0->Num_of_List_Entries = Num_of_List_Entries;
ARM GAS  C:\Users\Nathan\AppData\Local\Temp\ccVQZ1bc.s 			page 109


 4944              		.loc 1 1231 3 view .LVU1720
 4945              		.loc 1 1231 28 is_stmt 0 view .LVU1721
 4946 001a 8DF80800 		strb	r0, [sp, #8]
1232:Middlewares/ST/STM32_WPAN/ble/core/auto/ble_gap_aci.c ****   index_input += 1;
 4947              		.loc 1 1232 3 is_stmt 1 view .LVU1722
 4948              	.LVL518:
1233:Middlewares/ST/STM32_WPAN/ble/core/auto/ble_gap_aci.c ****   /* var_len_data input */
1234:Middlewares/ST/STM32_WPAN/ble/core/auto/ble_gap_aci.c ****   {
1235:Middlewares/ST/STM32_WPAN/ble/core/auto/ble_gap_aci.c ****     Osal_MemCpy( (void*)&cp0->List_Entry, (const void*)List_Entry, Num_of_List_Entries * (sizeof(Li
 4949              		.loc 1 1235 5 view .LVU1723
 4950 001e 2246     		mov	r2, r4
 4951              	.LVL519:
 4952              		.loc 1 1235 5 is_stmt 0 view .LVU1724
 4953 0020 0DF10900 		add	r0, sp, #9
 4954              	.LVL520:
 4955              		.loc 1 1235 5 view .LVU1725
 4956 0024 FFF7FEFF 		bl	Osal_MemCpy
 4957              	.LVL521:
1236:Middlewares/ST/STM32_WPAN/ble/core/auto/ble_gap_aci.c ****     index_input += Num_of_List_Entries * (sizeof(List_Entry_t));
 4958              		.loc 1 1236 5 is_stmt 1 view .LVU1726
1237:Middlewares/ST/STM32_WPAN/ble/core/auto/ble_gap_aci.c ****     {
1238:Middlewares/ST/STM32_WPAN/ble/core/auto/ble_gap_aci.c ****       cp1->Mode = Mode;
 4959              		.loc 1 1238 7 view .LVU1727
 4960              		.loc 1 1238 17 is_stmt 0 view .LVU1728
 4961 0028 06F80790 		strb	r9, [r6, r7]
1239:Middlewares/ST/STM32_WPAN/ble/core/auto/ble_gap_aci.c ****     }
1240:Middlewares/ST/STM32_WPAN/ble/core/auto/ble_gap_aci.c ****     index_input += 1;
 4962              		.loc 1 1240 5 is_stmt 1 view .LVU1729
 4963              		.loc 1 1240 17 is_stmt 0 view .LVU1730
 4964 002c 0234     		adds	r4, r4, #2
 4965              	.LVL522:
1241:Middlewares/ST/STM32_WPAN/ble/core/auto/ble_gap_aci.c ****   }
1242:Middlewares/ST/STM32_WPAN/ble/core/auto/ble_gap_aci.c ****   Osal_MemSet( &rq, 0, sizeof(rq) );
 4966              		.loc 1 1242 3 is_stmt 1 view .LVU1731
 4967 002e 42AF     		add	r7, sp, #264
 4968              	.LVL523:
 4969              		.loc 1 1242 3 is_stmt 0 view .LVU1732
 4970 0030 1822     		movs	r2, #24
 4971 0032 2946     		mov	r1, r5
 4972 0034 3846     		mov	r0, r7
 4973 0036 FFF7FEFF 		bl	Osal_MemSet
 4974              	.LVL524:
1243:Middlewares/ST/STM32_WPAN/ble/core/auto/ble_gap_aci.c ****   rq.ogf = 0x3f;
 4975              		.loc 1 1243 3 is_stmt 1 view .LVU1733
 4976              		.loc 1 1243 10 is_stmt 0 view .LVU1734
 4977 003a 3F23     		movs	r3, #63
 4978 003c ADF80831 		strh	r3, [sp, #264]	@ movhi
1244:Middlewares/ST/STM32_WPAN/ble/core/auto/ble_gap_aci.c ****   rq.ocf = 0x0ab;
 4979              		.loc 1 1244 3 is_stmt 1 view .LVU1735
 4980              		.loc 1 1244 10 is_stmt 0 view .LVU1736
 4981 0040 AB23     		movs	r3, #171
 4982 0042 ADF80A31 		strh	r3, [sp, #266]	@ movhi
1245:Middlewares/ST/STM32_WPAN/ble/core/auto/ble_gap_aci.c ****   rq.cparam = cmd_buffer;
 4983              		.loc 1 1245 3 is_stmt 1 view .LVU1737
 4984              		.loc 1 1245 13 is_stmt 0 view .LVU1738
 4985 0046 4496     		str	r6, [sp, #272]
1246:Middlewares/ST/STM32_WPAN/ble/core/auto/ble_gap_aci.c ****   rq.clen = index_input;
ARM GAS  C:\Users\Nathan\AppData\Local\Temp\ccVQZ1bc.s 			page 110


 4986              		.loc 1 1246 3 is_stmt 1 view .LVU1739
 4987              		.loc 1 1246 11 is_stmt 0 view .LVU1740
 4988 0048 4594     		str	r4, [sp, #276]
1247:Middlewares/ST/STM32_WPAN/ble/core/auto/ble_gap_aci.c ****   rq.rparam = &status;
 4989              		.loc 1 1247 3 is_stmt 1 view .LVU1741
 4990              		.loc 1 1247 13 is_stmt 0 view .LVU1742
 4991 004a CDF81881 		str	r8, [sp, #280]
1248:Middlewares/ST/STM32_WPAN/ble/core/auto/ble_gap_aci.c ****   rq.rlen = 1;
 4992              		.loc 1 1248 3 is_stmt 1 view .LVU1743
 4993              		.loc 1 1248 11 is_stmt 0 view .LVU1744
 4994 004e 0123     		movs	r3, #1
 4995 0050 4793     		str	r3, [sp, #284]
1249:Middlewares/ST/STM32_WPAN/ble/core/auto/ble_gap_aci.c ****   if ( hci_send_req(&rq, FALSE) < 0 )
 4996              		.loc 1 1249 3 is_stmt 1 view .LVU1745
 4997              		.loc 1 1249 8 is_stmt 0 view .LVU1746
 4998 0052 2946     		mov	r1, r5
 4999 0054 3846     		mov	r0, r7
 5000 0056 FFF7FEFF 		bl	hci_send_req
 5001              	.LVL525:
 5002              		.loc 1 1249 6 discriminator 1 view .LVU1747
 5003 005a A842     		cmp	r0, r5
 5004 005c 04DB     		blt	.L162
1250:Middlewares/ST/STM32_WPAN/ble/core/auto/ble_gap_aci.c ****     return BLE_STATUS_TIMEOUT;
1251:Middlewares/ST/STM32_WPAN/ble/core/auto/ble_gap_aci.c ****   return status;
 5005              		.loc 1 1251 3 is_stmt 1 view .LVU1748
 5006              		.loc 1 1251 10 is_stmt 0 view .LVU1749
 5007 005e 98F80000 		ldrb	r0, [r8]	@ zero_extendqisi2
 5008              	.L161:
1252:Middlewares/ST/STM32_WPAN/ble/core/auto/ble_gap_aci.c **** }
 5009              		.loc 1 1252 1 view .LVU1750
 5010 0062 49B0     		add	sp, sp, #292
 5011              		.cfi_remember_state
 5012              		.cfi_def_cfa_offset 28
 5013              		@ sp needed
 5014 0064 BDE8F083 		pop	{r4, r5, r6, r7, r8, r9, pc}
 5015              	.LVL526:
 5016              	.L162:
 5017              		.cfi_restore_state
1250:Middlewares/ST/STM32_WPAN/ble/core/auto/ble_gap_aci.c ****     return BLE_STATUS_TIMEOUT;
 5018              		.loc 1 1250 12 view .LVU1751
 5019 0068 FF20     		movs	r0, #255
 5020 006a FAE7     		b	.L161
 5021              		.cfi_endproc
 5022              	.LFE39:
 5024              		.section	.text.aci_gap_pairing_request_reply,"ax",%progbits
 5025              		.align	1
 5026              		.global	aci_gap_pairing_request_reply
 5027              		.syntax unified
 5028              		.thumb
 5029              		.thumb_func
 5031              	aci_gap_pairing_request_reply:
 5032              	.LVL527:
 5033              	.LFB40:
1253:Middlewares/ST/STM32_WPAN/ble/core/auto/ble_gap_aci.c **** 
1254:Middlewares/ST/STM32_WPAN/ble/core/auto/ble_gap_aci.c **** tBleStatus aci_gap_pairing_request_reply( uint16_t Connection_Handle,
1255:Middlewares/ST/STM32_WPAN/ble/core/auto/ble_gap_aci.c ****                                           uint8_t Accept )
1256:Middlewares/ST/STM32_WPAN/ble/core/auto/ble_gap_aci.c **** {
ARM GAS  C:\Users\Nathan\AppData\Local\Temp\ccVQZ1bc.s 			page 111


 5034              		.loc 1 1256 1 is_stmt 1 view -0
 5035              		.cfi_startproc
 5036              		@ args = 0, pretend = 0, frame = 288
 5037              		@ frame_needed = 0, uses_anonymous_args = 0
 5038              		.loc 1 1256 1 is_stmt 0 view .LVU1753
 5039 0000 F0B5     		push	{r4, r5, r6, r7, lr}
 5040              		.cfi_def_cfa_offset 20
 5041              		.cfi_offset 4, -20
 5042              		.cfi_offset 5, -16
 5043              		.cfi_offset 6, -12
 5044              		.cfi_offset 7, -8
 5045              		.cfi_offset 14, -4
 5046 0002 C9B0     		sub	sp, sp, #292
 5047              		.cfi_def_cfa_offset 312
1257:Middlewares/ST/STM32_WPAN/ble/core/auto/ble_gap_aci.c ****   struct hci_request rq;
 5048              		.loc 1 1257 3 is_stmt 1 view .LVU1754
1258:Middlewares/ST/STM32_WPAN/ble/core/auto/ble_gap_aci.c ****   uint8_t cmd_buffer[BLE_CMD_MAX_PARAM_LEN];
 5049              		.loc 1 1258 3 view .LVU1755
1259:Middlewares/ST/STM32_WPAN/ble/core/auto/ble_gap_aci.c ****   aci_gap_pairing_request_reply_cp0 *cp0 = (aci_gap_pairing_request_reply_cp0*)(cmd_buffer);
 5050              		.loc 1 1259 3 view .LVU1756
 5051              	.LVL528:
1260:Middlewares/ST/STM32_WPAN/ble/core/auto/ble_gap_aci.c ****   tBleStatus status = 0;
 5052              		.loc 1 1260 3 view .LVU1757
 5053              		.loc 1 1260 14 is_stmt 0 view .LVU1758
 5054 0004 0DF10707 		add	r7, sp, #7
 5055 0008 0024     		movs	r4, #0
 5056 000a 8DF80740 		strb	r4, [sp, #7]
1261:Middlewares/ST/STM32_WPAN/ble/core/auto/ble_gap_aci.c ****   int index_input = 0;
 5057              		.loc 1 1261 3 is_stmt 1 view .LVU1759
 5058              	.LVL529:
1262:Middlewares/ST/STM32_WPAN/ble/core/auto/ble_gap_aci.c ****   cp0->Connection_Handle = Connection_Handle;
 5059              		.loc 1 1262 3 view .LVU1760
 5060              		.loc 1 1262 26 is_stmt 0 view .LVU1761
 5061 000e 02AD     		add	r5, sp, #8
 5062              	.LVL530:
 5063              		.loc 1 1262 26 view .LVU1762
 5064 0010 ADF80800 		strh	r0, [sp, #8]	@ movhi
1263:Middlewares/ST/STM32_WPAN/ble/core/auto/ble_gap_aci.c ****   index_input += 2;
 5065              		.loc 1 1263 3 is_stmt 1 view .LVU1763
 5066              	.LVL531:
1264:Middlewares/ST/STM32_WPAN/ble/core/auto/ble_gap_aci.c ****   cp0->Accept = Accept;
 5067              		.loc 1 1264 3 view .LVU1764
 5068              		.loc 1 1264 15 is_stmt 0 view .LVU1765
 5069 0014 8DF80A10 		strb	r1, [sp, #10]
1265:Middlewares/ST/STM32_WPAN/ble/core/auto/ble_gap_aci.c ****   index_input += 1;
 5070              		.loc 1 1265 3 is_stmt 1 view .LVU1766
 5071              	.LVL532:
1266:Middlewares/ST/STM32_WPAN/ble/core/auto/ble_gap_aci.c ****   Osal_MemSet( &rq, 0, sizeof(rq) );
 5072              		.loc 1 1266 3 view .LVU1767
 5073 0018 42AE     		add	r6, sp, #264
 5074 001a 1822     		movs	r2, #24
 5075 001c 2146     		mov	r1, r4
 5076              	.LVL533:
 5077              		.loc 1 1266 3 is_stmt 0 view .LVU1768
 5078 001e 3046     		mov	r0, r6
 5079              	.LVL534:
 5080              		.loc 1 1266 3 view .LVU1769
ARM GAS  C:\Users\Nathan\AppData\Local\Temp\ccVQZ1bc.s 			page 112


 5081 0020 FFF7FEFF 		bl	Osal_MemSet
 5082              	.LVL535:
1267:Middlewares/ST/STM32_WPAN/ble/core/auto/ble_gap_aci.c ****   rq.ogf = 0x3f;
 5083              		.loc 1 1267 3 is_stmt 1 view .LVU1770
 5084              		.loc 1 1267 10 is_stmt 0 view .LVU1771
 5085 0024 3F23     		movs	r3, #63
 5086 0026 ADF80831 		strh	r3, [sp, #264]	@ movhi
1268:Middlewares/ST/STM32_WPAN/ble/core/auto/ble_gap_aci.c ****   rq.ocf = 0x0ad;
 5087              		.loc 1 1268 3 is_stmt 1 view .LVU1772
 5088              		.loc 1 1268 10 is_stmt 0 view .LVU1773
 5089 002a AD23     		movs	r3, #173
 5090 002c ADF80A31 		strh	r3, [sp, #266]	@ movhi
1269:Middlewares/ST/STM32_WPAN/ble/core/auto/ble_gap_aci.c ****   rq.cparam = cmd_buffer;
 5091              		.loc 1 1269 3 is_stmt 1 view .LVU1774
 5092              		.loc 1 1269 13 is_stmt 0 view .LVU1775
 5093 0030 4495     		str	r5, [sp, #272]
1270:Middlewares/ST/STM32_WPAN/ble/core/auto/ble_gap_aci.c ****   rq.clen = index_input;
 5094              		.loc 1 1270 3 is_stmt 1 view .LVU1776
 5095              		.loc 1 1270 11 is_stmt 0 view .LVU1777
 5096 0032 0323     		movs	r3, #3
 5097 0034 4593     		str	r3, [sp, #276]
1271:Middlewares/ST/STM32_WPAN/ble/core/auto/ble_gap_aci.c ****   rq.rparam = &status;
 5098              		.loc 1 1271 3 is_stmt 1 view .LVU1778
 5099              		.loc 1 1271 13 is_stmt 0 view .LVU1779
 5100 0036 4697     		str	r7, [sp, #280]
1272:Middlewares/ST/STM32_WPAN/ble/core/auto/ble_gap_aci.c ****   rq.rlen = 1;
 5101              		.loc 1 1272 3 is_stmt 1 view .LVU1780
 5102              		.loc 1 1272 11 is_stmt 0 view .LVU1781
 5103 0038 0123     		movs	r3, #1
 5104 003a 4793     		str	r3, [sp, #284]
1273:Middlewares/ST/STM32_WPAN/ble/core/auto/ble_gap_aci.c ****   if ( hci_send_req(&rq, FALSE) < 0 )
 5105              		.loc 1 1273 3 is_stmt 1 view .LVU1782
 5106              		.loc 1 1273 8 is_stmt 0 view .LVU1783
 5107 003c 2146     		mov	r1, r4
 5108 003e 3046     		mov	r0, r6
 5109 0040 FFF7FEFF 		bl	hci_send_req
 5110              	.LVL536:
 5111              		.loc 1 1273 6 discriminator 1 view .LVU1784
 5112 0044 A042     		cmp	r0, r4
 5113 0046 02DB     		blt	.L166
1274:Middlewares/ST/STM32_WPAN/ble/core/auto/ble_gap_aci.c ****     return BLE_STATUS_TIMEOUT;
1275:Middlewares/ST/STM32_WPAN/ble/core/auto/ble_gap_aci.c ****   return status;
 5114              		.loc 1 1275 3 is_stmt 1 view .LVU1785
 5115              		.loc 1 1275 10 is_stmt 0 view .LVU1786
 5116 0048 3878     		ldrb	r0, [r7]	@ zero_extendqisi2
 5117              	.L165:
1276:Middlewares/ST/STM32_WPAN/ble/core/auto/ble_gap_aci.c **** }
 5118              		.loc 1 1276 1 view .LVU1787
 5119 004a 49B0     		add	sp, sp, #292
 5120              		.cfi_remember_state
 5121              		.cfi_def_cfa_offset 20
 5122              		@ sp needed
 5123 004c F0BD     		pop	{r4, r5, r6, r7, pc}
 5124              	.LVL537:
 5125              	.L166:
 5126              		.cfi_restore_state
1274:Middlewares/ST/STM32_WPAN/ble/core/auto/ble_gap_aci.c ****     return BLE_STATUS_TIMEOUT;
ARM GAS  C:\Users\Nathan\AppData\Local\Temp\ccVQZ1bc.s 			page 113


 5127              		.loc 1 1274 12 view .LVU1788
 5128 004e FF20     		movs	r0, #255
 5129 0050 FBE7     		b	.L165
 5130              		.cfi_endproc
 5131              	.LFE40:
 5133              		.section	.text.aci_gap_additional_beacon_start,"ax",%progbits
 5134              		.align	1
 5135              		.global	aci_gap_additional_beacon_start
 5136              		.syntax unified
 5137              		.thumb
 5138              		.thumb_func
 5140              	aci_gap_additional_beacon_start:
 5141              	.LVL538:
 5142              	.LFB41:
1277:Middlewares/ST/STM32_WPAN/ble/core/auto/ble_gap_aci.c **** 
1278:Middlewares/ST/STM32_WPAN/ble/core/auto/ble_gap_aci.c **** tBleStatus aci_gap_additional_beacon_start( uint16_t Adv_Interval_Min,
1279:Middlewares/ST/STM32_WPAN/ble/core/auto/ble_gap_aci.c ****                                             uint16_t Adv_Interval_Max,
1280:Middlewares/ST/STM32_WPAN/ble/core/auto/ble_gap_aci.c ****                                             uint8_t Adv_Channel_Map,
1281:Middlewares/ST/STM32_WPAN/ble/core/auto/ble_gap_aci.c ****                                             uint8_t Own_Address_Type,
1282:Middlewares/ST/STM32_WPAN/ble/core/auto/ble_gap_aci.c ****                                             const uint8_t* Own_Address,
1283:Middlewares/ST/STM32_WPAN/ble/core/auto/ble_gap_aci.c ****                                             uint8_t PA_Level )
1284:Middlewares/ST/STM32_WPAN/ble/core/auto/ble_gap_aci.c **** {
 5143              		.loc 1 1284 1 is_stmt 1 view -0
 5144              		.cfi_startproc
 5145              		@ args = 8, pretend = 0, frame = 288
 5146              		@ frame_needed = 0, uses_anonymous_args = 0
 5147              		.loc 1 1284 1 is_stmt 0 view .LVU1790
 5148 0000 F0B5     		push	{r4, r5, r6, r7, lr}
 5149              		.cfi_def_cfa_offset 20
 5150              		.cfi_offset 4, -20
 5151              		.cfi_offset 5, -16
 5152              		.cfi_offset 6, -12
 5153              		.cfi_offset 7, -8
 5154              		.cfi_offset 14, -4
 5155 0002 C9B0     		sub	sp, sp, #292
 5156              		.cfi_def_cfa_offset 312
1285:Middlewares/ST/STM32_WPAN/ble/core/auto/ble_gap_aci.c ****   struct hci_request rq;
 5157              		.loc 1 1285 3 is_stmt 1 view .LVU1791
1286:Middlewares/ST/STM32_WPAN/ble/core/auto/ble_gap_aci.c ****   uint8_t cmd_buffer[BLE_CMD_MAX_PARAM_LEN];
 5158              		.loc 1 1286 3 view .LVU1792
1287:Middlewares/ST/STM32_WPAN/ble/core/auto/ble_gap_aci.c ****   aci_gap_additional_beacon_start_cp0 *cp0 = (aci_gap_additional_beacon_start_cp0*)(cmd_buffer);
 5159              		.loc 1 1287 3 view .LVU1793
 5160              	.LVL539:
1288:Middlewares/ST/STM32_WPAN/ble/core/auto/ble_gap_aci.c ****   tBleStatus status = 0;
 5161              		.loc 1 1288 3 view .LVU1794
 5162              		.loc 1 1288 14 is_stmt 0 view .LVU1795
 5163 0004 0DF10707 		add	r7, sp, #7
 5164 0008 0025     		movs	r5, #0
 5165 000a 8DF80750 		strb	r5, [sp, #7]
1289:Middlewares/ST/STM32_WPAN/ble/core/auto/ble_gap_aci.c ****   int index_input = 0;
 5166              		.loc 1 1289 3 is_stmt 1 view .LVU1796
 5167              	.LVL540:
1290:Middlewares/ST/STM32_WPAN/ble/core/auto/ble_gap_aci.c ****   cp0->Adv_Interval_Min = Adv_Interval_Min;
 5168              		.loc 1 1290 3 view .LVU1797
 5169              		.loc 1 1290 25 is_stmt 0 view .LVU1798
 5170 000e 02AC     		add	r4, sp, #8
 5171              	.LVL541:
ARM GAS  C:\Users\Nathan\AppData\Local\Temp\ccVQZ1bc.s 			page 114


 5172              		.loc 1 1290 25 view .LVU1799
 5173 0010 ADF80800 		strh	r0, [sp, #8]	@ movhi
1291:Middlewares/ST/STM32_WPAN/ble/core/auto/ble_gap_aci.c ****   index_input += 2;
 5174              		.loc 1 1291 3 is_stmt 1 view .LVU1800
 5175              	.LVL542:
1292:Middlewares/ST/STM32_WPAN/ble/core/auto/ble_gap_aci.c ****   cp0->Adv_Interval_Max = Adv_Interval_Max;
 5176              		.loc 1 1292 3 view .LVU1801
 5177              		.loc 1 1292 25 is_stmt 0 view .LVU1802
 5178 0014 ADF80A10 		strh	r1, [sp, #10]	@ movhi
1293:Middlewares/ST/STM32_WPAN/ble/core/auto/ble_gap_aci.c ****   index_input += 2;
 5179              		.loc 1 1293 3 is_stmt 1 view .LVU1803
 5180              	.LVL543:
1294:Middlewares/ST/STM32_WPAN/ble/core/auto/ble_gap_aci.c ****   cp0->Adv_Channel_Map = Adv_Channel_Map;
 5181              		.loc 1 1294 3 view .LVU1804
 5182              		.loc 1 1294 24 is_stmt 0 view .LVU1805
 5183 0018 8DF80C20 		strb	r2, [sp, #12]
1295:Middlewares/ST/STM32_WPAN/ble/core/auto/ble_gap_aci.c ****   index_input += 1;
 5184              		.loc 1 1295 3 is_stmt 1 view .LVU1806
 5185              	.LVL544:
1296:Middlewares/ST/STM32_WPAN/ble/core/auto/ble_gap_aci.c ****   cp0->Own_Address_Type = Own_Address_Type;
 5186              		.loc 1 1296 3 view .LVU1807
 5187              		.loc 1 1296 25 is_stmt 0 view .LVU1808
 5188 001c 8DF80D30 		strb	r3, [sp, #13]
1297:Middlewares/ST/STM32_WPAN/ble/core/auto/ble_gap_aci.c ****   index_input += 1;
 5189              		.loc 1 1297 3 is_stmt 1 view .LVU1809
 5190              	.LVL545:
1298:Middlewares/ST/STM32_WPAN/ble/core/auto/ble_gap_aci.c ****   Osal_MemCpy( (void*)&cp0->Own_Address, (const void*)Own_Address, 6 );
 5191              		.loc 1 1298 3 view .LVU1810
 5192 0020 0622     		movs	r2, #6
 5193              	.LVL546:
 5194              		.loc 1 1298 3 is_stmt 0 view .LVU1811
 5195 0022 4E99     		ldr	r1, [sp, #312]
 5196              	.LVL547:
 5197              		.loc 1 1298 3 view .LVU1812
 5198 0024 0DF10E00 		add	r0, sp, #14
 5199              	.LVL548:
 5200              		.loc 1 1298 3 view .LVU1813
 5201 0028 FFF7FEFF 		bl	Osal_MemCpy
 5202              	.LVL549:
1299:Middlewares/ST/STM32_WPAN/ble/core/auto/ble_gap_aci.c ****   index_input += 6;
 5203              		.loc 1 1299 3 is_stmt 1 view .LVU1814
1300:Middlewares/ST/STM32_WPAN/ble/core/auto/ble_gap_aci.c ****   cp0->PA_Level = PA_Level;
 5204              		.loc 1 1300 3 view .LVU1815
 5205              		.loc 1 1300 17 is_stmt 0 view .LVU1816
 5206 002c 9DF83C31 		ldrb	r3, [sp, #316]	@ zero_extendqisi2
 5207 0030 8DF81430 		strb	r3, [sp, #20]
1301:Middlewares/ST/STM32_WPAN/ble/core/auto/ble_gap_aci.c ****   index_input += 1;
 5208              		.loc 1 1301 3 is_stmt 1 view .LVU1817
 5209              	.LVL550:
1302:Middlewares/ST/STM32_WPAN/ble/core/auto/ble_gap_aci.c ****   Osal_MemSet( &rq, 0, sizeof(rq) );
 5210              		.loc 1 1302 3 view .LVU1818
 5211 0034 42AE     		add	r6, sp, #264
 5212 0036 1822     		movs	r2, #24
 5213 0038 2946     		mov	r1, r5
 5214 003a 3046     		mov	r0, r6
 5215 003c FFF7FEFF 		bl	Osal_MemSet
 5216              	.LVL551:
ARM GAS  C:\Users\Nathan\AppData\Local\Temp\ccVQZ1bc.s 			page 115


1303:Middlewares/ST/STM32_WPAN/ble/core/auto/ble_gap_aci.c ****   rq.ogf = 0x3f;
 5217              		.loc 1 1303 3 view .LVU1819
 5218              		.loc 1 1303 10 is_stmt 0 view .LVU1820
 5219 0040 3F23     		movs	r3, #63
 5220 0042 ADF80831 		strh	r3, [sp, #264]	@ movhi
1304:Middlewares/ST/STM32_WPAN/ble/core/auto/ble_gap_aci.c ****   rq.ocf = 0x0b0;
 5221              		.loc 1 1304 3 is_stmt 1 view .LVU1821
 5222              		.loc 1 1304 10 is_stmt 0 view .LVU1822
 5223 0046 B023     		movs	r3, #176
 5224 0048 ADF80A31 		strh	r3, [sp, #266]	@ movhi
1305:Middlewares/ST/STM32_WPAN/ble/core/auto/ble_gap_aci.c ****   rq.cparam = cmd_buffer;
 5225              		.loc 1 1305 3 is_stmt 1 view .LVU1823
 5226              		.loc 1 1305 13 is_stmt 0 view .LVU1824
 5227 004c 4494     		str	r4, [sp, #272]
1306:Middlewares/ST/STM32_WPAN/ble/core/auto/ble_gap_aci.c ****   rq.clen = index_input;
 5228              		.loc 1 1306 3 is_stmt 1 view .LVU1825
 5229              		.loc 1 1306 11 is_stmt 0 view .LVU1826
 5230 004e 0D23     		movs	r3, #13
 5231 0050 4593     		str	r3, [sp, #276]
1307:Middlewares/ST/STM32_WPAN/ble/core/auto/ble_gap_aci.c ****   rq.rparam = &status;
 5232              		.loc 1 1307 3 is_stmt 1 view .LVU1827
 5233              		.loc 1 1307 13 is_stmt 0 view .LVU1828
 5234 0052 4697     		str	r7, [sp, #280]
1308:Middlewares/ST/STM32_WPAN/ble/core/auto/ble_gap_aci.c ****   rq.rlen = 1;
 5235              		.loc 1 1308 3 is_stmt 1 view .LVU1829
 5236              		.loc 1 1308 11 is_stmt 0 view .LVU1830
 5237 0054 0123     		movs	r3, #1
 5238 0056 4793     		str	r3, [sp, #284]
1309:Middlewares/ST/STM32_WPAN/ble/core/auto/ble_gap_aci.c ****   if ( hci_send_req(&rq, FALSE) < 0 )
 5239              		.loc 1 1309 3 is_stmt 1 view .LVU1831
 5240              		.loc 1 1309 8 is_stmt 0 view .LVU1832
 5241 0058 2946     		mov	r1, r5
 5242 005a 3046     		mov	r0, r6
 5243 005c FFF7FEFF 		bl	hci_send_req
 5244              	.LVL552:
 5245              		.loc 1 1309 6 discriminator 1 view .LVU1833
 5246 0060 A842     		cmp	r0, r5
 5247 0062 02DB     		blt	.L170
1310:Middlewares/ST/STM32_WPAN/ble/core/auto/ble_gap_aci.c ****     return BLE_STATUS_TIMEOUT;
1311:Middlewares/ST/STM32_WPAN/ble/core/auto/ble_gap_aci.c ****   return status;
 5248              		.loc 1 1311 3 is_stmt 1 view .LVU1834
 5249              		.loc 1 1311 10 is_stmt 0 view .LVU1835
 5250 0064 3878     		ldrb	r0, [r7]	@ zero_extendqisi2
 5251              	.L169:
1312:Middlewares/ST/STM32_WPAN/ble/core/auto/ble_gap_aci.c **** }
 5252              		.loc 1 1312 1 view .LVU1836
 5253 0066 49B0     		add	sp, sp, #292
 5254              		.cfi_remember_state
 5255              		.cfi_def_cfa_offset 20
 5256              		@ sp needed
 5257 0068 F0BD     		pop	{r4, r5, r6, r7, pc}
 5258              	.LVL553:
 5259              	.L170:
 5260              		.cfi_restore_state
1310:Middlewares/ST/STM32_WPAN/ble/core/auto/ble_gap_aci.c ****     return BLE_STATUS_TIMEOUT;
 5261              		.loc 1 1310 12 view .LVU1837
 5262 006a FF20     		movs	r0, #255
ARM GAS  C:\Users\Nathan\AppData\Local\Temp\ccVQZ1bc.s 			page 116


 5263 006c FBE7     		b	.L169
 5264              		.cfi_endproc
 5265              	.LFE41:
 5267              		.section	.text.aci_gap_additional_beacon_stop,"ax",%progbits
 5268              		.align	1
 5269              		.global	aci_gap_additional_beacon_stop
 5270              		.syntax unified
 5271              		.thumb
 5272              		.thumb_func
 5274              	aci_gap_additional_beacon_stop:
 5275              	.LFB42:
1313:Middlewares/ST/STM32_WPAN/ble/core/auto/ble_gap_aci.c **** 
1314:Middlewares/ST/STM32_WPAN/ble/core/auto/ble_gap_aci.c **** tBleStatus aci_gap_additional_beacon_stop( void )
1315:Middlewares/ST/STM32_WPAN/ble/core/auto/ble_gap_aci.c **** {
 5276              		.loc 1 1315 1 is_stmt 1 view -0
 5277              		.cfi_startproc
 5278              		@ args = 0, pretend = 0, frame = 32
 5279              		@ frame_needed = 0, uses_anonymous_args = 0
 5280 0000 30B5     		push	{r4, r5, lr}
 5281              		.cfi_def_cfa_offset 12
 5282              		.cfi_offset 4, -12
 5283              		.cfi_offset 5, -8
 5284              		.cfi_offset 14, -4
 5285 0002 89B0     		sub	sp, sp, #36
 5286              		.cfi_def_cfa_offset 48
1316:Middlewares/ST/STM32_WPAN/ble/core/auto/ble_gap_aci.c ****   struct hci_request rq;
 5287              		.loc 1 1316 3 view .LVU1839
1317:Middlewares/ST/STM32_WPAN/ble/core/auto/ble_gap_aci.c ****   tBleStatus status = 0;
 5288              		.loc 1 1317 3 view .LVU1840
 5289              		.loc 1 1317 14 is_stmt 0 view .LVU1841
 5290 0004 0024     		movs	r4, #0
 5291 0006 8DF80740 		strb	r4, [sp, #7]
1318:Middlewares/ST/STM32_WPAN/ble/core/auto/ble_gap_aci.c ****   Osal_MemSet( &rq, 0, sizeof(rq) );
 5292              		.loc 1 1318 3 is_stmt 1 view .LVU1842
 5293 000a 02AD     		add	r5, sp, #8
 5294 000c 1822     		movs	r2, #24
 5295 000e 2146     		mov	r1, r4
 5296 0010 2846     		mov	r0, r5
 5297 0012 FFF7FEFF 		bl	Osal_MemSet
 5298              	.LVL554:
1319:Middlewares/ST/STM32_WPAN/ble/core/auto/ble_gap_aci.c ****   rq.ogf = 0x3f;
 5299              		.loc 1 1319 3 view .LVU1843
 5300              		.loc 1 1319 10 is_stmt 0 view .LVU1844
 5301 0016 3F23     		movs	r3, #63
 5302 0018 ADF80830 		strh	r3, [sp, #8]	@ movhi
1320:Middlewares/ST/STM32_WPAN/ble/core/auto/ble_gap_aci.c ****   rq.ocf = 0x0b1;
 5303              		.loc 1 1320 3 is_stmt 1 view .LVU1845
 5304              		.loc 1 1320 10 is_stmt 0 view .LVU1846
 5305 001c B123     		movs	r3, #177
 5306 001e ADF80A30 		strh	r3, [sp, #10]	@ movhi
1321:Middlewares/ST/STM32_WPAN/ble/core/auto/ble_gap_aci.c ****   rq.rparam = &status;
 5307              		.loc 1 1321 3 is_stmt 1 view .LVU1847
 5308              		.loc 1 1321 13 is_stmt 0 view .LVU1848
 5309 0022 0DF10703 		add	r3, sp, #7
 5310 0026 0693     		str	r3, [sp, #24]
1322:Middlewares/ST/STM32_WPAN/ble/core/auto/ble_gap_aci.c ****   rq.rlen = 1;
 5311              		.loc 1 1322 3 is_stmt 1 view .LVU1849
ARM GAS  C:\Users\Nathan\AppData\Local\Temp\ccVQZ1bc.s 			page 117


 5312              		.loc 1 1322 11 is_stmt 0 view .LVU1850
 5313 0028 0123     		movs	r3, #1
 5314 002a 0793     		str	r3, [sp, #28]
1323:Middlewares/ST/STM32_WPAN/ble/core/auto/ble_gap_aci.c ****   if ( hci_send_req(&rq, FALSE) < 0 )
 5315              		.loc 1 1323 3 is_stmt 1 view .LVU1851
 5316              		.loc 1 1323 8 is_stmt 0 view .LVU1852
 5317 002c 2146     		mov	r1, r4
 5318 002e 2846     		mov	r0, r5
 5319 0030 FFF7FEFF 		bl	hci_send_req
 5320              	.LVL555:
 5321              		.loc 1 1323 6 discriminator 1 view .LVU1853
 5322 0034 A042     		cmp	r0, r4
 5323 0036 03DB     		blt	.L174
1324:Middlewares/ST/STM32_WPAN/ble/core/auto/ble_gap_aci.c ****     return BLE_STATUS_TIMEOUT;
1325:Middlewares/ST/STM32_WPAN/ble/core/auto/ble_gap_aci.c ****   return status;
 5324              		.loc 1 1325 3 is_stmt 1 view .LVU1854
 5325              		.loc 1 1325 10 is_stmt 0 view .LVU1855
 5326 0038 9DF80700 		ldrb	r0, [sp, #7]	@ zero_extendqisi2
 5327              	.L173:
1326:Middlewares/ST/STM32_WPAN/ble/core/auto/ble_gap_aci.c **** }
 5328              		.loc 1 1326 1 view .LVU1856
 5329 003c 09B0     		add	sp, sp, #36
 5330              		.cfi_remember_state
 5331              		.cfi_def_cfa_offset 12
 5332              		@ sp needed
 5333 003e 30BD     		pop	{r4, r5, pc}
 5334              	.L174:
 5335              		.cfi_restore_state
1324:Middlewares/ST/STM32_WPAN/ble/core/auto/ble_gap_aci.c ****     return BLE_STATUS_TIMEOUT;
 5336              		.loc 1 1324 12 view .LVU1857
 5337 0040 FF20     		movs	r0, #255
 5338 0042 FBE7     		b	.L173
 5339              		.cfi_endproc
 5340              	.LFE42:
 5342              		.section	.text.aci_gap_additional_beacon_set_data,"ax",%progbits
 5343              		.align	1
 5344              		.global	aci_gap_additional_beacon_set_data
 5345              		.syntax unified
 5346              		.thumb
 5347              		.thumb_func
 5349              	aci_gap_additional_beacon_set_data:
 5350              	.LVL556:
 5351              	.LFB43:
1327:Middlewares/ST/STM32_WPAN/ble/core/auto/ble_gap_aci.c **** 
1328:Middlewares/ST/STM32_WPAN/ble/core/auto/ble_gap_aci.c **** tBleStatus aci_gap_additional_beacon_set_data( uint8_t Adv_Data_Length,
1329:Middlewares/ST/STM32_WPAN/ble/core/auto/ble_gap_aci.c ****                                                const uint8_t* Adv_Data )
1330:Middlewares/ST/STM32_WPAN/ble/core/auto/ble_gap_aci.c **** {
 5352              		.loc 1 1330 1 is_stmt 1 view -0
 5353              		.cfi_startproc
 5354              		@ args = 0, pretend = 0, frame = 288
 5355              		@ frame_needed = 0, uses_anonymous_args = 0
 5356              		.loc 1 1330 1 is_stmt 0 view .LVU1859
 5357 0000 2DE9F041 		push	{r4, r5, r6, r7, r8, lr}
 5358              		.cfi_def_cfa_offset 24
 5359              		.cfi_offset 4, -24
 5360              		.cfi_offset 5, -20
 5361              		.cfi_offset 6, -16
ARM GAS  C:\Users\Nathan\AppData\Local\Temp\ccVQZ1bc.s 			page 118


 5362              		.cfi_offset 7, -12
 5363              		.cfi_offset 8, -8
 5364              		.cfi_offset 14, -4
 5365 0004 C8B0     		sub	sp, sp, #288
 5366              		.cfi_def_cfa_offset 312
 5367 0006 0446     		mov	r4, r0
1331:Middlewares/ST/STM32_WPAN/ble/core/auto/ble_gap_aci.c ****   struct hci_request rq;
 5368              		.loc 1 1331 3 is_stmt 1 view .LVU1860
1332:Middlewares/ST/STM32_WPAN/ble/core/auto/ble_gap_aci.c ****   uint8_t cmd_buffer[BLE_CMD_MAX_PARAM_LEN];
 5369              		.loc 1 1332 3 view .LVU1861
1333:Middlewares/ST/STM32_WPAN/ble/core/auto/ble_gap_aci.c ****   aci_gap_additional_beacon_set_data_cp0 *cp0 = (aci_gap_additional_beacon_set_data_cp0*)(cmd_buffe
 5370              		.loc 1 1333 3 view .LVU1862
 5371              	.LVL557:
1334:Middlewares/ST/STM32_WPAN/ble/core/auto/ble_gap_aci.c ****   tBleStatus status = 0;
 5372              		.loc 1 1334 3 view .LVU1863
 5373              		.loc 1 1334 14 is_stmt 0 view .LVU1864
 5374 0008 0DF10707 		add	r7, sp, #7
 5375 000c 0025     		movs	r5, #0
 5376 000e 8DF80750 		strb	r5, [sp, #7]
1335:Middlewares/ST/STM32_WPAN/ble/core/auto/ble_gap_aci.c ****   int index_input = 0;
 5377              		.loc 1 1335 3 is_stmt 1 view .LVU1865
 5378              	.LVL558:
1336:Middlewares/ST/STM32_WPAN/ble/core/auto/ble_gap_aci.c ****   cp0->Adv_Data_Length = Adv_Data_Length;
 5379              		.loc 1 1336 3 view .LVU1866
 5380              		.loc 1 1336 24 is_stmt 0 view .LVU1867
 5381 0012 0DF10808 		add	r8, sp, #8
 5382              	.LVL559:
 5383              		.loc 1 1336 24 view .LVU1868
 5384 0016 8DF80800 		strb	r0, [sp, #8]
1337:Middlewares/ST/STM32_WPAN/ble/core/auto/ble_gap_aci.c ****   index_input += 1;
 5385              		.loc 1 1337 3 is_stmt 1 view .LVU1869
 5386              	.LVL560:
1338:Middlewares/ST/STM32_WPAN/ble/core/auto/ble_gap_aci.c ****   Osal_MemCpy( (void*)&cp0->Adv_Data, (const void*)Adv_Data, Adv_Data_Length );
 5387              		.loc 1 1338 3 view .LVU1870
 5388 001a 0246     		mov	r2, r0
 5389 001c 0DF10900 		add	r0, sp, #9
 5390              	.LVL561:
 5391              		.loc 1 1338 3 is_stmt 0 view .LVU1871
 5392 0020 FFF7FEFF 		bl	Osal_MemCpy
 5393              	.LVL562:
1339:Middlewares/ST/STM32_WPAN/ble/core/auto/ble_gap_aci.c ****   index_input += Adv_Data_Length;
 5394              		.loc 1 1339 3 is_stmt 1 view .LVU1872
 5395              		.loc 1 1339 15 is_stmt 0 view .LVU1873
 5396 0024 0134     		adds	r4, r4, #1
 5397              	.LVL563:
1340:Middlewares/ST/STM32_WPAN/ble/core/auto/ble_gap_aci.c ****   Osal_MemSet( &rq, 0, sizeof(rq) );
 5398              		.loc 1 1340 3 is_stmt 1 view .LVU1874
 5399 0026 42AE     		add	r6, sp, #264
 5400 0028 1822     		movs	r2, #24
 5401 002a 2946     		mov	r1, r5
 5402 002c 3046     		mov	r0, r6
 5403 002e FFF7FEFF 		bl	Osal_MemSet
 5404              	.LVL564:
1341:Middlewares/ST/STM32_WPAN/ble/core/auto/ble_gap_aci.c ****   rq.ogf = 0x3f;
 5405              		.loc 1 1341 3 view .LVU1875
 5406              		.loc 1 1341 10 is_stmt 0 view .LVU1876
 5407 0032 3F23     		movs	r3, #63
ARM GAS  C:\Users\Nathan\AppData\Local\Temp\ccVQZ1bc.s 			page 119


 5408 0034 ADF80831 		strh	r3, [sp, #264]	@ movhi
1342:Middlewares/ST/STM32_WPAN/ble/core/auto/ble_gap_aci.c ****   rq.ocf = 0x0b2;
 5409              		.loc 1 1342 3 is_stmt 1 view .LVU1877
 5410              		.loc 1 1342 10 is_stmt 0 view .LVU1878
 5411 0038 B223     		movs	r3, #178
 5412 003a ADF80A31 		strh	r3, [sp, #266]	@ movhi
1343:Middlewares/ST/STM32_WPAN/ble/core/auto/ble_gap_aci.c ****   rq.cparam = cmd_buffer;
 5413              		.loc 1 1343 3 is_stmt 1 view .LVU1879
 5414              		.loc 1 1343 13 is_stmt 0 view .LVU1880
 5415 003e CDF81081 		str	r8, [sp, #272]
1344:Middlewares/ST/STM32_WPAN/ble/core/auto/ble_gap_aci.c ****   rq.clen = index_input;
 5416              		.loc 1 1344 3 is_stmt 1 view .LVU1881
 5417              		.loc 1 1344 11 is_stmt 0 view .LVU1882
 5418 0042 4594     		str	r4, [sp, #276]
1345:Middlewares/ST/STM32_WPAN/ble/core/auto/ble_gap_aci.c ****   rq.rparam = &status;
 5419              		.loc 1 1345 3 is_stmt 1 view .LVU1883
 5420              		.loc 1 1345 13 is_stmt 0 view .LVU1884
 5421 0044 4697     		str	r7, [sp, #280]
1346:Middlewares/ST/STM32_WPAN/ble/core/auto/ble_gap_aci.c ****   rq.rlen = 1;
 5422              		.loc 1 1346 3 is_stmt 1 view .LVU1885
 5423              		.loc 1 1346 11 is_stmt 0 view .LVU1886
 5424 0046 0123     		movs	r3, #1
 5425 0048 4793     		str	r3, [sp, #284]
1347:Middlewares/ST/STM32_WPAN/ble/core/auto/ble_gap_aci.c ****   if ( hci_send_req(&rq, FALSE) < 0 )
 5426              		.loc 1 1347 3 is_stmt 1 view .LVU1887
 5427              		.loc 1 1347 8 is_stmt 0 view .LVU1888
 5428 004a 2946     		mov	r1, r5
 5429 004c 3046     		mov	r0, r6
 5430 004e FFF7FEFF 		bl	hci_send_req
 5431              	.LVL565:
 5432              		.loc 1 1347 6 discriminator 1 view .LVU1889
 5433 0052 A842     		cmp	r0, r5
 5434 0054 03DB     		blt	.L178
1348:Middlewares/ST/STM32_WPAN/ble/core/auto/ble_gap_aci.c ****     return BLE_STATUS_TIMEOUT;
1349:Middlewares/ST/STM32_WPAN/ble/core/auto/ble_gap_aci.c ****   return status;
 5435              		.loc 1 1349 3 is_stmt 1 view .LVU1890
 5436              		.loc 1 1349 10 is_stmt 0 view .LVU1891
 5437 0056 3878     		ldrb	r0, [r7]	@ zero_extendqisi2
 5438              	.L177:
1350:Middlewares/ST/STM32_WPAN/ble/core/auto/ble_gap_aci.c **** }
 5439              		.loc 1 1350 1 view .LVU1892
 5440 0058 48B0     		add	sp, sp, #288
 5441              		.cfi_remember_state
 5442              		.cfi_def_cfa_offset 24
 5443              		@ sp needed
 5444 005a BDE8F081 		pop	{r4, r5, r6, r7, r8, pc}
 5445              	.LVL566:
 5446              	.L178:
 5447              		.cfi_restore_state
1348:Middlewares/ST/STM32_WPAN/ble/core/auto/ble_gap_aci.c ****     return BLE_STATUS_TIMEOUT;
 5448              		.loc 1 1348 12 view .LVU1893
 5449 005e FF20     		movs	r0, #255
 5450 0060 FAE7     		b	.L177
 5451              		.cfi_endproc
 5452              	.LFE43:
 5454              		.section	.text.aci_gap_adv_set_configuration,"ax",%progbits
 5455              		.align	1
ARM GAS  C:\Users\Nathan\AppData\Local\Temp\ccVQZ1bc.s 			page 120


 5456              		.global	aci_gap_adv_set_configuration
 5457              		.syntax unified
 5458              		.thumb
 5459              		.thumb_func
 5461              	aci_gap_adv_set_configuration:
 5462              	.LVL567:
 5463              	.LFB44:
1351:Middlewares/ST/STM32_WPAN/ble/core/auto/ble_gap_aci.c **** 
1352:Middlewares/ST/STM32_WPAN/ble/core/auto/ble_gap_aci.c **** tBleStatus aci_gap_adv_set_configuration( uint8_t Adv_Mode,
1353:Middlewares/ST/STM32_WPAN/ble/core/auto/ble_gap_aci.c ****                                           uint8_t Advertising_Handle,
1354:Middlewares/ST/STM32_WPAN/ble/core/auto/ble_gap_aci.c ****                                           uint16_t Adv_Event_Properties,
1355:Middlewares/ST/STM32_WPAN/ble/core/auto/ble_gap_aci.c ****                                           uint32_t Primary_Adv_Interval_Min,
1356:Middlewares/ST/STM32_WPAN/ble/core/auto/ble_gap_aci.c ****                                           uint32_t Primary_Adv_Interval_Max,
1357:Middlewares/ST/STM32_WPAN/ble/core/auto/ble_gap_aci.c ****                                           uint8_t Primary_Adv_Channel_Map,
1358:Middlewares/ST/STM32_WPAN/ble/core/auto/ble_gap_aci.c ****                                           uint8_t Own_Address_Type,
1359:Middlewares/ST/STM32_WPAN/ble/core/auto/ble_gap_aci.c ****                                           uint8_t Peer_Address_Type,
1360:Middlewares/ST/STM32_WPAN/ble/core/auto/ble_gap_aci.c ****                                           const uint8_t* Peer_Address,
1361:Middlewares/ST/STM32_WPAN/ble/core/auto/ble_gap_aci.c ****                                           uint8_t Adv_Filter_Policy,
1362:Middlewares/ST/STM32_WPAN/ble/core/auto/ble_gap_aci.c ****                                           uint8_t Adv_TX_Power,
1363:Middlewares/ST/STM32_WPAN/ble/core/auto/ble_gap_aci.c ****                                           uint8_t Secondary_Adv_Max_Skip,
1364:Middlewares/ST/STM32_WPAN/ble/core/auto/ble_gap_aci.c ****                                           uint8_t Secondary_Adv_PHY,
1365:Middlewares/ST/STM32_WPAN/ble/core/auto/ble_gap_aci.c ****                                           uint8_t Adv_SID,
1366:Middlewares/ST/STM32_WPAN/ble/core/auto/ble_gap_aci.c ****                                           uint8_t Scan_Req_Notification_Enable )
1367:Middlewares/ST/STM32_WPAN/ble/core/auto/ble_gap_aci.c **** {
 5464              		.loc 1 1367 1 is_stmt 1 view -0
 5465              		.cfi_startproc
 5466              		@ args = 44, pretend = 0, frame = 288
 5467              		@ frame_needed = 0, uses_anonymous_args = 0
 5468              		.loc 1 1367 1 is_stmt 0 view .LVU1895
 5469 0000 F0B5     		push	{r4, r5, r6, r7, lr}
 5470              		.cfi_def_cfa_offset 20
 5471              		.cfi_offset 4, -20
 5472              		.cfi_offset 5, -16
 5473              		.cfi_offset 6, -12
 5474              		.cfi_offset 7, -8
 5475              		.cfi_offset 14, -4
 5476 0002 C9B0     		sub	sp, sp, #292
 5477              		.cfi_def_cfa_offset 312
1368:Middlewares/ST/STM32_WPAN/ble/core/auto/ble_gap_aci.c ****   struct hci_request rq;
 5478              		.loc 1 1368 3 is_stmt 1 view .LVU1896
1369:Middlewares/ST/STM32_WPAN/ble/core/auto/ble_gap_aci.c ****   uint8_t cmd_buffer[BLE_CMD_MAX_PARAM_LEN];
 5479              		.loc 1 1369 3 view .LVU1897
1370:Middlewares/ST/STM32_WPAN/ble/core/auto/ble_gap_aci.c ****   aci_gap_adv_set_configuration_cp0 *cp0 = (aci_gap_adv_set_configuration_cp0*)(cmd_buffer);
 5480              		.loc 1 1370 3 view .LVU1898
 5481              	.LVL568:
1371:Middlewares/ST/STM32_WPAN/ble/core/auto/ble_gap_aci.c ****   tBleStatus status = 0;
 5482              		.loc 1 1371 3 view .LVU1899
 5483              		.loc 1 1371 14 is_stmt 0 view .LVU1900
 5484 0004 0DF10707 		add	r7, sp, #7
 5485 0008 0025     		movs	r5, #0
 5486 000a 8DF80750 		strb	r5, [sp, #7]
1372:Middlewares/ST/STM32_WPAN/ble/core/auto/ble_gap_aci.c ****   int index_input = 0;
 5487              		.loc 1 1372 3 is_stmt 1 view .LVU1901
 5488              	.LVL569:
1373:Middlewares/ST/STM32_WPAN/ble/core/auto/ble_gap_aci.c ****   cp0->Adv_Mode = Adv_Mode;
 5489              		.loc 1 1373 3 view .LVU1902
 5490              		.loc 1 1373 17 is_stmt 0 view .LVU1903
ARM GAS  C:\Users\Nathan\AppData\Local\Temp\ccVQZ1bc.s 			page 121


 5491 000e 02AC     		add	r4, sp, #8
 5492              	.LVL570:
 5493              		.loc 1 1373 17 view .LVU1904
 5494 0010 8DF80800 		strb	r0, [sp, #8]
1374:Middlewares/ST/STM32_WPAN/ble/core/auto/ble_gap_aci.c ****   index_input += 1;
 5495              		.loc 1 1374 3 is_stmt 1 view .LVU1905
 5496              	.LVL571:
1375:Middlewares/ST/STM32_WPAN/ble/core/auto/ble_gap_aci.c ****   cp0->Advertising_Handle = Advertising_Handle;
 5497              		.loc 1 1375 3 view .LVU1906
 5498              		.loc 1 1375 27 is_stmt 0 view .LVU1907
 5499 0014 8DF80910 		strb	r1, [sp, #9]
1376:Middlewares/ST/STM32_WPAN/ble/core/auto/ble_gap_aci.c ****   index_input += 1;
 5500              		.loc 1 1376 3 is_stmt 1 view .LVU1908
 5501              	.LVL572:
1377:Middlewares/ST/STM32_WPAN/ble/core/auto/ble_gap_aci.c ****   cp0->Adv_Event_Properties = Adv_Event_Properties;
 5502              		.loc 1 1377 3 view .LVU1909
 5503              		.loc 1 1377 29 is_stmt 0 view .LVU1910
 5504 0018 ADF80A20 		strh	r2, [sp, #10]	@ movhi
1378:Middlewares/ST/STM32_WPAN/ble/core/auto/ble_gap_aci.c ****   index_input += 2;
 5505              		.loc 1 1378 3 is_stmt 1 view .LVU1911
 5506              	.LVL573:
1379:Middlewares/ST/STM32_WPAN/ble/core/auto/ble_gap_aci.c ****   cp0->Primary_Adv_Interval_Min = Primary_Adv_Interval_Min;
 5507              		.loc 1 1379 3 view .LVU1912
 5508              		.loc 1 1379 33 is_stmt 0 view .LVU1913
 5509 001c 0393     		str	r3, [sp, #12]
1380:Middlewares/ST/STM32_WPAN/ble/core/auto/ble_gap_aci.c ****   index_input += 4;
 5510              		.loc 1 1380 3 is_stmt 1 view .LVU1914
 5511              	.LVL574:
1381:Middlewares/ST/STM32_WPAN/ble/core/auto/ble_gap_aci.c ****   cp0->Primary_Adv_Interval_Max = Primary_Adv_Interval_Max;
 5512              		.loc 1 1381 3 view .LVU1915
 5513              		.loc 1 1381 33 is_stmt 0 view .LVU1916
 5514 001e 4E9B     		ldr	r3, [sp, #312]
 5515              	.LVL575:
 5516              		.loc 1 1381 33 view .LVU1917
 5517 0020 0493     		str	r3, [sp, #16]
1382:Middlewares/ST/STM32_WPAN/ble/core/auto/ble_gap_aci.c ****   index_input += 4;
 5518              		.loc 1 1382 3 is_stmt 1 view .LVU1918
 5519              	.LVL576:
1383:Middlewares/ST/STM32_WPAN/ble/core/auto/ble_gap_aci.c ****   cp0->Primary_Adv_Channel_Map = Primary_Adv_Channel_Map;
 5520              		.loc 1 1383 3 view .LVU1919
 5521              		.loc 1 1383 32 is_stmt 0 view .LVU1920
 5522 0022 9DF83C31 		ldrb	r3, [sp, #316]	@ zero_extendqisi2
 5523 0026 8DF81430 		strb	r3, [sp, #20]
1384:Middlewares/ST/STM32_WPAN/ble/core/auto/ble_gap_aci.c ****   index_input += 1;
 5524              		.loc 1 1384 3 is_stmt 1 view .LVU1921
 5525              	.LVL577:
1385:Middlewares/ST/STM32_WPAN/ble/core/auto/ble_gap_aci.c ****   cp0->Own_Address_Type = Own_Address_Type;
 5526              		.loc 1 1385 3 view .LVU1922
 5527              		.loc 1 1385 25 is_stmt 0 view .LVU1923
 5528 002a 9DF84031 		ldrb	r3, [sp, #320]	@ zero_extendqisi2
 5529 002e 8DF81530 		strb	r3, [sp, #21]
1386:Middlewares/ST/STM32_WPAN/ble/core/auto/ble_gap_aci.c ****   index_input += 1;
 5530              		.loc 1 1386 3 is_stmt 1 view .LVU1924
 5531              	.LVL578:
1387:Middlewares/ST/STM32_WPAN/ble/core/auto/ble_gap_aci.c ****   cp0->Peer_Address_Type = Peer_Address_Type;
 5532              		.loc 1 1387 3 view .LVU1925
 5533              		.loc 1 1387 26 is_stmt 0 view .LVU1926
ARM GAS  C:\Users\Nathan\AppData\Local\Temp\ccVQZ1bc.s 			page 122


 5534 0032 9DF84431 		ldrb	r3, [sp, #324]	@ zero_extendqisi2
 5535 0036 8DF81630 		strb	r3, [sp, #22]
1388:Middlewares/ST/STM32_WPAN/ble/core/auto/ble_gap_aci.c ****   index_input += 1;
 5536              		.loc 1 1388 3 is_stmt 1 view .LVU1927
 5537              	.LVL579:
1389:Middlewares/ST/STM32_WPAN/ble/core/auto/ble_gap_aci.c ****   Osal_MemCpy( (void*)&cp0->Peer_Address, (const void*)Peer_Address, 6 );
 5538              		.loc 1 1389 3 view .LVU1928
 5539 003a 0622     		movs	r2, #6
 5540              	.LVL580:
 5541              		.loc 1 1389 3 is_stmt 0 view .LVU1929
 5542 003c 5299     		ldr	r1, [sp, #328]
 5543              	.LVL581:
 5544              		.loc 1 1389 3 view .LVU1930
 5545 003e 0DF11700 		add	r0, sp, #23
 5546              	.LVL582:
 5547              		.loc 1 1389 3 view .LVU1931
 5548 0042 FFF7FEFF 		bl	Osal_MemCpy
 5549              	.LVL583:
1390:Middlewares/ST/STM32_WPAN/ble/core/auto/ble_gap_aci.c ****   index_input += 6;
 5550              		.loc 1 1390 3 is_stmt 1 view .LVU1932
1391:Middlewares/ST/STM32_WPAN/ble/core/auto/ble_gap_aci.c ****   cp0->Adv_Filter_Policy = Adv_Filter_Policy;
 5551              		.loc 1 1391 3 view .LVU1933
 5552              		.loc 1 1391 26 is_stmt 0 view .LVU1934
 5553 0046 9DF84C31 		ldrb	r3, [sp, #332]	@ zero_extendqisi2
 5554 004a 8DF81D30 		strb	r3, [sp, #29]
1392:Middlewares/ST/STM32_WPAN/ble/core/auto/ble_gap_aci.c ****   index_input += 1;
 5555              		.loc 1 1392 3 is_stmt 1 view .LVU1935
 5556              	.LVL584:
1393:Middlewares/ST/STM32_WPAN/ble/core/auto/ble_gap_aci.c ****   cp0->Adv_TX_Power = Adv_TX_Power;
 5557              		.loc 1 1393 3 view .LVU1936
 5558              		.loc 1 1393 21 is_stmt 0 view .LVU1937
 5559 004e 9DF85031 		ldrb	r3, [sp, #336]	@ zero_extendqisi2
 5560 0052 8DF81E30 		strb	r3, [sp, #30]
1394:Middlewares/ST/STM32_WPAN/ble/core/auto/ble_gap_aci.c ****   index_input += 1;
 5561              		.loc 1 1394 3 is_stmt 1 view .LVU1938
 5562              	.LVL585:
1395:Middlewares/ST/STM32_WPAN/ble/core/auto/ble_gap_aci.c ****   cp0->Secondary_Adv_Max_Skip = Secondary_Adv_Max_Skip;
 5563              		.loc 1 1395 3 view .LVU1939
 5564              		.loc 1 1395 31 is_stmt 0 view .LVU1940
 5565 0056 9DF85431 		ldrb	r3, [sp, #340]	@ zero_extendqisi2
 5566 005a 8DF81F30 		strb	r3, [sp, #31]
1396:Middlewares/ST/STM32_WPAN/ble/core/auto/ble_gap_aci.c ****   index_input += 1;
 5567              		.loc 1 1396 3 is_stmt 1 view .LVU1941
 5568              	.LVL586:
1397:Middlewares/ST/STM32_WPAN/ble/core/auto/ble_gap_aci.c ****   cp0->Secondary_Adv_PHY = Secondary_Adv_PHY;
 5569              		.loc 1 1397 3 view .LVU1942
 5570              		.loc 1 1397 26 is_stmt 0 view .LVU1943
 5571 005e 9DF85831 		ldrb	r3, [sp, #344]	@ zero_extendqisi2
 5572 0062 8DF82030 		strb	r3, [sp, #32]
1398:Middlewares/ST/STM32_WPAN/ble/core/auto/ble_gap_aci.c ****   index_input += 1;
 5573              		.loc 1 1398 3 is_stmt 1 view .LVU1944
 5574              	.LVL587:
1399:Middlewares/ST/STM32_WPAN/ble/core/auto/ble_gap_aci.c ****   cp0->Adv_SID = Adv_SID;
 5575              		.loc 1 1399 3 view .LVU1945
 5576              		.loc 1 1399 16 is_stmt 0 view .LVU1946
 5577 0066 9DF85C31 		ldrb	r3, [sp, #348]	@ zero_extendqisi2
 5578 006a 8DF82130 		strb	r3, [sp, #33]
ARM GAS  C:\Users\Nathan\AppData\Local\Temp\ccVQZ1bc.s 			page 123


1400:Middlewares/ST/STM32_WPAN/ble/core/auto/ble_gap_aci.c ****   index_input += 1;
 5579              		.loc 1 1400 3 is_stmt 1 view .LVU1947
 5580              	.LVL588:
1401:Middlewares/ST/STM32_WPAN/ble/core/auto/ble_gap_aci.c ****   cp0->Scan_Req_Notification_Enable = Scan_Req_Notification_Enable;
 5581              		.loc 1 1401 3 view .LVU1948
 5582              		.loc 1 1401 37 is_stmt 0 view .LVU1949
 5583 006e 9DF86031 		ldrb	r3, [sp, #352]	@ zero_extendqisi2
 5584 0072 8DF82230 		strb	r3, [sp, #34]
1402:Middlewares/ST/STM32_WPAN/ble/core/auto/ble_gap_aci.c ****   index_input += 1;
 5585              		.loc 1 1402 3 is_stmt 1 view .LVU1950
 5586              	.LVL589:
1403:Middlewares/ST/STM32_WPAN/ble/core/auto/ble_gap_aci.c ****   Osal_MemSet( &rq, 0, sizeof(rq) );
 5587              		.loc 1 1403 3 view .LVU1951
 5588 0076 42AE     		add	r6, sp, #264
 5589 0078 1822     		movs	r2, #24
 5590 007a 2946     		mov	r1, r5
 5591 007c 3046     		mov	r0, r6
 5592 007e FFF7FEFF 		bl	Osal_MemSet
 5593              	.LVL590:
1404:Middlewares/ST/STM32_WPAN/ble/core/auto/ble_gap_aci.c ****   rq.ogf = 0x3f;
 5594              		.loc 1 1404 3 view .LVU1952
 5595              		.loc 1 1404 10 is_stmt 0 view .LVU1953
 5596 0082 3F23     		movs	r3, #63
 5597 0084 ADF80831 		strh	r3, [sp, #264]	@ movhi
1405:Middlewares/ST/STM32_WPAN/ble/core/auto/ble_gap_aci.c ****   rq.ocf = 0x0c0;
 5598              		.loc 1 1405 3 is_stmt 1 view .LVU1954
 5599              		.loc 1 1405 10 is_stmt 0 view .LVU1955
 5600 0088 C023     		movs	r3, #192
 5601 008a ADF80A31 		strh	r3, [sp, #266]	@ movhi
1406:Middlewares/ST/STM32_WPAN/ble/core/auto/ble_gap_aci.c ****   rq.cparam = cmd_buffer;
 5602              		.loc 1 1406 3 is_stmt 1 view .LVU1956
 5603              		.loc 1 1406 13 is_stmt 0 view .LVU1957
 5604 008e 4494     		str	r4, [sp, #272]
1407:Middlewares/ST/STM32_WPAN/ble/core/auto/ble_gap_aci.c ****   rq.clen = index_input;
 5605              		.loc 1 1407 3 is_stmt 1 view .LVU1958
 5606              		.loc 1 1407 11 is_stmt 0 view .LVU1959
 5607 0090 1B23     		movs	r3, #27
 5608 0092 4593     		str	r3, [sp, #276]
1408:Middlewares/ST/STM32_WPAN/ble/core/auto/ble_gap_aci.c ****   rq.rparam = &status;
 5609              		.loc 1 1408 3 is_stmt 1 view .LVU1960
 5610              		.loc 1 1408 13 is_stmt 0 view .LVU1961
 5611 0094 4697     		str	r7, [sp, #280]
1409:Middlewares/ST/STM32_WPAN/ble/core/auto/ble_gap_aci.c ****   rq.rlen = 1;
 5612              		.loc 1 1409 3 is_stmt 1 view .LVU1962
 5613              		.loc 1 1409 11 is_stmt 0 view .LVU1963
 5614 0096 0123     		movs	r3, #1
 5615 0098 4793     		str	r3, [sp, #284]
1410:Middlewares/ST/STM32_WPAN/ble/core/auto/ble_gap_aci.c ****   if ( hci_send_req(&rq, FALSE) < 0 )
 5616              		.loc 1 1410 3 is_stmt 1 view .LVU1964
 5617              		.loc 1 1410 8 is_stmt 0 view .LVU1965
 5618 009a 2946     		mov	r1, r5
 5619 009c 3046     		mov	r0, r6
 5620 009e FFF7FEFF 		bl	hci_send_req
 5621              	.LVL591:
 5622              		.loc 1 1410 6 discriminator 1 view .LVU1966
 5623 00a2 A842     		cmp	r0, r5
 5624 00a4 02DB     		blt	.L182
ARM GAS  C:\Users\Nathan\AppData\Local\Temp\ccVQZ1bc.s 			page 124


1411:Middlewares/ST/STM32_WPAN/ble/core/auto/ble_gap_aci.c ****     return BLE_STATUS_TIMEOUT;
1412:Middlewares/ST/STM32_WPAN/ble/core/auto/ble_gap_aci.c ****   return status;
 5625              		.loc 1 1412 3 is_stmt 1 view .LVU1967
 5626              		.loc 1 1412 10 is_stmt 0 view .LVU1968
 5627 00a6 3878     		ldrb	r0, [r7]	@ zero_extendqisi2
 5628              	.L181:
1413:Middlewares/ST/STM32_WPAN/ble/core/auto/ble_gap_aci.c **** }
 5629              		.loc 1 1413 1 view .LVU1969
 5630 00a8 49B0     		add	sp, sp, #292
 5631              		.cfi_remember_state
 5632              		.cfi_def_cfa_offset 20
 5633              		@ sp needed
 5634 00aa F0BD     		pop	{r4, r5, r6, r7, pc}
 5635              	.LVL592:
 5636              	.L182:
 5637              		.cfi_restore_state
1411:Middlewares/ST/STM32_WPAN/ble/core/auto/ble_gap_aci.c ****     return BLE_STATUS_TIMEOUT;
 5638              		.loc 1 1411 12 view .LVU1970
 5639 00ac FF20     		movs	r0, #255
 5640 00ae FBE7     		b	.L181
 5641              		.cfi_endproc
 5642              	.LFE44:
 5644              		.section	.text.aci_gap_adv_set_enable,"ax",%progbits
 5645              		.align	1
 5646              		.global	aci_gap_adv_set_enable
 5647              		.syntax unified
 5648              		.thumb
 5649              		.thumb_func
 5651              	aci_gap_adv_set_enable:
 5652              	.LVL593:
 5653              	.LFB45:
1414:Middlewares/ST/STM32_WPAN/ble/core/auto/ble_gap_aci.c **** 
1415:Middlewares/ST/STM32_WPAN/ble/core/auto/ble_gap_aci.c **** tBleStatus aci_gap_adv_set_enable( uint8_t Enable,
1416:Middlewares/ST/STM32_WPAN/ble/core/auto/ble_gap_aci.c ****                                    uint8_t Num_Sets,
1417:Middlewares/ST/STM32_WPAN/ble/core/auto/ble_gap_aci.c ****                                    const Adv_Set_t* Adv_Set )
1418:Middlewares/ST/STM32_WPAN/ble/core/auto/ble_gap_aci.c **** {
 5654              		.loc 1 1418 1 is_stmt 1 view -0
 5655              		.cfi_startproc
 5656              		@ args = 0, pretend = 0, frame = 288
 5657              		@ frame_needed = 0, uses_anonymous_args = 0
 5658              		.loc 1 1418 1 is_stmt 0 view .LVU1972
 5659 0000 2DE9F041 		push	{r4, r5, r6, r7, r8, lr}
 5660              		.cfi_def_cfa_offset 24
 5661              		.cfi_offset 4, -24
 5662              		.cfi_offset 5, -20
 5663              		.cfi_offset 6, -16
 5664              		.cfi_offset 7, -12
 5665              		.cfi_offset 8, -8
 5666              		.cfi_offset 14, -4
 5667 0004 C8B0     		sub	sp, sp, #288
 5668              		.cfi_def_cfa_offset 312
 5669 0006 0C46     		mov	r4, r1
 5670 0008 1146     		mov	r1, r2
 5671              	.LVL594:
1419:Middlewares/ST/STM32_WPAN/ble/core/auto/ble_gap_aci.c ****   struct hci_request rq;
 5672              		.loc 1 1419 3 is_stmt 1 view .LVU1973
1420:Middlewares/ST/STM32_WPAN/ble/core/auto/ble_gap_aci.c ****   uint8_t cmd_buffer[BLE_CMD_MAX_PARAM_LEN];
ARM GAS  C:\Users\Nathan\AppData\Local\Temp\ccVQZ1bc.s 			page 125


 5673              		.loc 1 1420 3 view .LVU1974
1421:Middlewares/ST/STM32_WPAN/ble/core/auto/ble_gap_aci.c ****   aci_gap_adv_set_enable_cp0 *cp0 = (aci_gap_adv_set_enable_cp0*)(cmd_buffer);
 5674              		.loc 1 1421 3 view .LVU1975
1422:Middlewares/ST/STM32_WPAN/ble/core/auto/ble_gap_aci.c ****   tBleStatus status = 0;
 5675              		.loc 1 1422 3 view .LVU1976
 5676              		.loc 1 1422 14 is_stmt 0 view .LVU1977
 5677 000a 0DF10708 		add	r8, sp, #7
 5678 000e 0025     		movs	r5, #0
 5679 0010 8DF80750 		strb	r5, [sp, #7]
1423:Middlewares/ST/STM32_WPAN/ble/core/auto/ble_gap_aci.c ****   int index_input = 0;
 5680              		.loc 1 1423 3 is_stmt 1 view .LVU1978
 5681              	.LVL595:
1424:Middlewares/ST/STM32_WPAN/ble/core/auto/ble_gap_aci.c ****   cp0->Enable = Enable;
 5682              		.loc 1 1424 3 view .LVU1979
 5683              		.loc 1 1424 15 is_stmt 0 view .LVU1980
 5684 0014 02AE     		add	r6, sp, #8
 5685              	.LVL596:
 5686              		.loc 1 1424 15 view .LVU1981
 5687 0016 8DF80800 		strb	r0, [sp, #8]
1425:Middlewares/ST/STM32_WPAN/ble/core/auto/ble_gap_aci.c ****   index_input += 1;
 5688              		.loc 1 1425 3 is_stmt 1 view .LVU1982
 5689              	.LVL597:
1426:Middlewares/ST/STM32_WPAN/ble/core/auto/ble_gap_aci.c ****   cp0->Num_Sets = Num_Sets;
 5690              		.loc 1 1426 3 view .LVU1983
 5691              		.loc 1 1426 17 is_stmt 0 view .LVU1984
 5692 001a 8DF80940 		strb	r4, [sp, #9]
1427:Middlewares/ST/STM32_WPAN/ble/core/auto/ble_gap_aci.c ****   index_input += 1;
 5693              		.loc 1 1427 3 is_stmt 1 view .LVU1985
 5694              	.LVL598:
1428:Middlewares/ST/STM32_WPAN/ble/core/auto/ble_gap_aci.c ****   Osal_MemCpy( (void*)&cp0->Adv_Set, (const void*)Adv_Set, Num_Sets * (sizeof(Adv_Set_t)) );
 5695              		.loc 1 1428 3 view .LVU1986
 5696 001e A400     		lsls	r4, r4, #2
 5697              	.LVL599:
 5698              		.loc 1 1428 3 is_stmt 0 view .LVU1987
 5699 0020 2246     		mov	r2, r4
 5700              	.LVL600:
 5701              		.loc 1 1428 3 view .LVU1988
 5702 0022 0DF10A00 		add	r0, sp, #10
 5703              	.LVL601:
 5704              		.loc 1 1428 3 view .LVU1989
 5705 0026 FFF7FEFF 		bl	Osal_MemCpy
 5706              	.LVL602:
1429:Middlewares/ST/STM32_WPAN/ble/core/auto/ble_gap_aci.c ****   index_input += Num_Sets * (sizeof(Adv_Set_t));
 5707              		.loc 1 1429 3 is_stmt 1 view .LVU1990
 5708              		.loc 1 1429 15 is_stmt 0 view .LVU1991
 5709 002a 0234     		adds	r4, r4, #2
 5710              	.LVL603:
1430:Middlewares/ST/STM32_WPAN/ble/core/auto/ble_gap_aci.c ****   Osal_MemSet( &rq, 0, sizeof(rq) );
 5711              		.loc 1 1430 3 is_stmt 1 view .LVU1992
 5712 002c 42AF     		add	r7, sp, #264
 5713 002e 1822     		movs	r2, #24
 5714 0030 2946     		mov	r1, r5
 5715 0032 3846     		mov	r0, r7
 5716 0034 FFF7FEFF 		bl	Osal_MemSet
 5717              	.LVL604:
1431:Middlewares/ST/STM32_WPAN/ble/core/auto/ble_gap_aci.c ****   rq.ogf = 0x3f;
 5718              		.loc 1 1431 3 view .LVU1993
ARM GAS  C:\Users\Nathan\AppData\Local\Temp\ccVQZ1bc.s 			page 126


 5719              		.loc 1 1431 10 is_stmt 0 view .LVU1994
 5720 0038 3F23     		movs	r3, #63
 5721 003a ADF80831 		strh	r3, [sp, #264]	@ movhi
1432:Middlewares/ST/STM32_WPAN/ble/core/auto/ble_gap_aci.c ****   rq.ocf = 0x0c1;
 5722              		.loc 1 1432 3 is_stmt 1 view .LVU1995
 5723              		.loc 1 1432 10 is_stmt 0 view .LVU1996
 5724 003e C123     		movs	r3, #193
 5725 0040 ADF80A31 		strh	r3, [sp, #266]	@ movhi
1433:Middlewares/ST/STM32_WPAN/ble/core/auto/ble_gap_aci.c ****   rq.cparam = cmd_buffer;
 5726              		.loc 1 1433 3 is_stmt 1 view .LVU1997
 5727              		.loc 1 1433 13 is_stmt 0 view .LVU1998
 5728 0044 4496     		str	r6, [sp, #272]
1434:Middlewares/ST/STM32_WPAN/ble/core/auto/ble_gap_aci.c ****   rq.clen = index_input;
 5729              		.loc 1 1434 3 is_stmt 1 view .LVU1999
 5730              		.loc 1 1434 11 is_stmt 0 view .LVU2000
 5731 0046 4594     		str	r4, [sp, #276]
1435:Middlewares/ST/STM32_WPAN/ble/core/auto/ble_gap_aci.c ****   rq.rparam = &status;
 5732              		.loc 1 1435 3 is_stmt 1 view .LVU2001
 5733              		.loc 1 1435 13 is_stmt 0 view .LVU2002
 5734 0048 CDF81881 		str	r8, [sp, #280]
1436:Middlewares/ST/STM32_WPAN/ble/core/auto/ble_gap_aci.c ****   rq.rlen = 1;
 5735              		.loc 1 1436 3 is_stmt 1 view .LVU2003
 5736              		.loc 1 1436 11 is_stmt 0 view .LVU2004
 5737 004c 0123     		movs	r3, #1
 5738 004e 4793     		str	r3, [sp, #284]
1437:Middlewares/ST/STM32_WPAN/ble/core/auto/ble_gap_aci.c ****   if ( hci_send_req(&rq, FALSE) < 0 )
 5739              		.loc 1 1437 3 is_stmt 1 view .LVU2005
 5740              		.loc 1 1437 8 is_stmt 0 view .LVU2006
 5741 0050 2946     		mov	r1, r5
 5742 0052 3846     		mov	r0, r7
 5743 0054 FFF7FEFF 		bl	hci_send_req
 5744              	.LVL605:
 5745              		.loc 1 1437 6 discriminator 1 view .LVU2007
 5746 0058 A842     		cmp	r0, r5
 5747 005a 04DB     		blt	.L186
1438:Middlewares/ST/STM32_WPAN/ble/core/auto/ble_gap_aci.c ****     return BLE_STATUS_TIMEOUT;
1439:Middlewares/ST/STM32_WPAN/ble/core/auto/ble_gap_aci.c ****   return status;
 5748              		.loc 1 1439 3 is_stmt 1 view .LVU2008
 5749              		.loc 1 1439 10 is_stmt 0 view .LVU2009
 5750 005c 98F80000 		ldrb	r0, [r8]	@ zero_extendqisi2
 5751              	.L185:
1440:Middlewares/ST/STM32_WPAN/ble/core/auto/ble_gap_aci.c **** }
 5752              		.loc 1 1440 1 view .LVU2010
 5753 0060 48B0     		add	sp, sp, #288
 5754              		.cfi_remember_state
 5755              		.cfi_def_cfa_offset 24
 5756              		@ sp needed
 5757 0062 BDE8F081 		pop	{r4, r5, r6, r7, r8, pc}
 5758              	.LVL606:
 5759              	.L186:
 5760              		.cfi_restore_state
1438:Middlewares/ST/STM32_WPAN/ble/core/auto/ble_gap_aci.c ****     return BLE_STATUS_TIMEOUT;
 5761              		.loc 1 1438 12 view .LVU2011
 5762 0066 FF20     		movs	r0, #255
 5763 0068 FAE7     		b	.L185
 5764              		.cfi_endproc
 5765              	.LFE45:
ARM GAS  C:\Users\Nathan\AppData\Local\Temp\ccVQZ1bc.s 			page 127


 5767              		.section	.text.aci_gap_adv_set_adv_data,"ax",%progbits
 5768              		.align	1
 5769              		.global	aci_gap_adv_set_adv_data
 5770              		.syntax unified
 5771              		.thumb
 5772              		.thumb_func
 5774              	aci_gap_adv_set_adv_data:
 5775              	.LVL607:
 5776              	.LFB46:
1441:Middlewares/ST/STM32_WPAN/ble/core/auto/ble_gap_aci.c **** 
1442:Middlewares/ST/STM32_WPAN/ble/core/auto/ble_gap_aci.c **** tBleStatus aci_gap_adv_set_adv_data( uint8_t Advertising_Handle,
1443:Middlewares/ST/STM32_WPAN/ble/core/auto/ble_gap_aci.c ****                                      uint8_t Operation,
1444:Middlewares/ST/STM32_WPAN/ble/core/auto/ble_gap_aci.c ****                                      uint8_t Fragment_Preference,
1445:Middlewares/ST/STM32_WPAN/ble/core/auto/ble_gap_aci.c ****                                      uint8_t Advertising_Data_Length,
1446:Middlewares/ST/STM32_WPAN/ble/core/auto/ble_gap_aci.c ****                                      const uint8_t* Advertising_Data )
1447:Middlewares/ST/STM32_WPAN/ble/core/auto/ble_gap_aci.c **** {
 5777              		.loc 1 1447 1 is_stmt 1 view -0
 5778              		.cfi_startproc
 5779              		@ args = 4, pretend = 0, frame = 288
 5780              		@ frame_needed = 0, uses_anonymous_args = 0
 5781              		.loc 1 1447 1 is_stmt 0 view .LVU2013
 5782 0000 2DE9F041 		push	{r4, r5, r6, r7, r8, lr}
 5783              		.cfi_def_cfa_offset 24
 5784              		.cfi_offset 4, -24
 5785              		.cfi_offset 5, -20
 5786              		.cfi_offset 6, -16
 5787              		.cfi_offset 7, -12
 5788              		.cfi_offset 8, -8
 5789              		.cfi_offset 14, -4
 5790 0004 C8B0     		sub	sp, sp, #288
 5791              		.cfi_def_cfa_offset 312
 5792 0006 1C46     		mov	r4, r3
1448:Middlewares/ST/STM32_WPAN/ble/core/auto/ble_gap_aci.c ****   struct hci_request rq;
 5793              		.loc 1 1448 3 is_stmt 1 view .LVU2014
1449:Middlewares/ST/STM32_WPAN/ble/core/auto/ble_gap_aci.c ****   uint8_t cmd_buffer[BLE_CMD_MAX_PARAM_LEN];
 5794              		.loc 1 1449 3 view .LVU2015
1450:Middlewares/ST/STM32_WPAN/ble/core/auto/ble_gap_aci.c ****   aci_gap_adv_set_adv_data_cp0 *cp0 = (aci_gap_adv_set_adv_data_cp0*)(cmd_buffer);
 5795              		.loc 1 1450 3 view .LVU2016
 5796              	.LVL608:
1451:Middlewares/ST/STM32_WPAN/ble/core/auto/ble_gap_aci.c ****   tBleStatus status = 0;
 5797              		.loc 1 1451 3 view .LVU2017
 5798              		.loc 1 1451 14 is_stmt 0 view .LVU2018
 5799 0008 0DF10708 		add	r8, sp, #7
 5800 000c 0026     		movs	r6, #0
 5801 000e 8DF80760 		strb	r6, [sp, #7]
1452:Middlewares/ST/STM32_WPAN/ble/core/auto/ble_gap_aci.c ****   int index_input = 0;
 5802              		.loc 1 1452 3 is_stmt 1 view .LVU2019
 5803              	.LVL609:
1453:Middlewares/ST/STM32_WPAN/ble/core/auto/ble_gap_aci.c ****   cp0->Advertising_Handle = Advertising_Handle;
 5804              		.loc 1 1453 3 view .LVU2020
 5805              		.loc 1 1453 27 is_stmt 0 view .LVU2021
 5806 0012 02AD     		add	r5, sp, #8
 5807              	.LVL610:
 5808              		.loc 1 1453 27 view .LVU2022
 5809 0014 8DF80800 		strb	r0, [sp, #8]
1454:Middlewares/ST/STM32_WPAN/ble/core/auto/ble_gap_aci.c ****   index_input += 1;
 5810              		.loc 1 1454 3 is_stmt 1 view .LVU2023
ARM GAS  C:\Users\Nathan\AppData\Local\Temp\ccVQZ1bc.s 			page 128


 5811              	.LVL611:
1455:Middlewares/ST/STM32_WPAN/ble/core/auto/ble_gap_aci.c ****   cp0->Operation = Operation;
 5812              		.loc 1 1455 3 view .LVU2024
 5813              		.loc 1 1455 18 is_stmt 0 view .LVU2025
 5814 0018 8DF80910 		strb	r1, [sp, #9]
1456:Middlewares/ST/STM32_WPAN/ble/core/auto/ble_gap_aci.c ****   index_input += 1;
 5815              		.loc 1 1456 3 is_stmt 1 view .LVU2026
 5816              	.LVL612:
1457:Middlewares/ST/STM32_WPAN/ble/core/auto/ble_gap_aci.c ****   cp0->Fragment_Preference = Fragment_Preference;
 5817              		.loc 1 1457 3 view .LVU2027
 5818              		.loc 1 1457 28 is_stmt 0 view .LVU2028
 5819 001c 8DF80A20 		strb	r2, [sp, #10]
1458:Middlewares/ST/STM32_WPAN/ble/core/auto/ble_gap_aci.c ****   index_input += 1;
 5820              		.loc 1 1458 3 is_stmt 1 view .LVU2029
 5821              	.LVL613:
1459:Middlewares/ST/STM32_WPAN/ble/core/auto/ble_gap_aci.c ****   cp0->Advertising_Data_Length = Advertising_Data_Length;
 5822              		.loc 1 1459 3 view .LVU2030
 5823              		.loc 1 1459 32 is_stmt 0 view .LVU2031
 5824 0020 8DF80B30 		strb	r3, [sp, #11]
1460:Middlewares/ST/STM32_WPAN/ble/core/auto/ble_gap_aci.c ****   index_input += 1;
 5825              		.loc 1 1460 3 is_stmt 1 view .LVU2032
 5826              	.LVL614:
1461:Middlewares/ST/STM32_WPAN/ble/core/auto/ble_gap_aci.c ****   Osal_MemCpy( (void*)&cp0->Advertising_Data, (const void*)Advertising_Data, Advertising_Data_Lengt
 5827              		.loc 1 1461 3 view .LVU2033
 5828 0024 1A46     		mov	r2, r3
 5829              	.LVL615:
 5830              		.loc 1 1461 3 is_stmt 0 view .LVU2034
 5831 0026 4E99     		ldr	r1, [sp, #312]
 5832              	.LVL616:
 5833              		.loc 1 1461 3 view .LVU2035
 5834 0028 03A8     		add	r0, sp, #12
 5835              	.LVL617:
 5836              		.loc 1 1461 3 view .LVU2036
 5837 002a FFF7FEFF 		bl	Osal_MemCpy
 5838              	.LVL618:
1462:Middlewares/ST/STM32_WPAN/ble/core/auto/ble_gap_aci.c ****   index_input += Advertising_Data_Length;
 5839              		.loc 1 1462 3 is_stmt 1 view .LVU2037
 5840              		.loc 1 1462 15 is_stmt 0 view .LVU2038
 5841 002e 0434     		adds	r4, r4, #4
 5842              	.LVL619:
1463:Middlewares/ST/STM32_WPAN/ble/core/auto/ble_gap_aci.c ****   Osal_MemSet( &rq, 0, sizeof(rq) );
 5843              		.loc 1 1463 3 is_stmt 1 view .LVU2039
 5844 0030 42AF     		add	r7, sp, #264
 5845 0032 1822     		movs	r2, #24
 5846 0034 3146     		mov	r1, r6
 5847 0036 3846     		mov	r0, r7
 5848 0038 FFF7FEFF 		bl	Osal_MemSet
 5849              	.LVL620:
1464:Middlewares/ST/STM32_WPAN/ble/core/auto/ble_gap_aci.c ****   rq.ogf = 0x3f;
 5850              		.loc 1 1464 3 view .LVU2040
 5851              		.loc 1 1464 10 is_stmt 0 view .LVU2041
 5852 003c 3F23     		movs	r3, #63
 5853 003e ADF80831 		strh	r3, [sp, #264]	@ movhi
1465:Middlewares/ST/STM32_WPAN/ble/core/auto/ble_gap_aci.c ****   rq.ocf = 0x0c2;
 5854              		.loc 1 1465 3 is_stmt 1 view .LVU2042
 5855              		.loc 1 1465 10 is_stmt 0 view .LVU2043
 5856 0042 C223     		movs	r3, #194
ARM GAS  C:\Users\Nathan\AppData\Local\Temp\ccVQZ1bc.s 			page 129


 5857 0044 ADF80A31 		strh	r3, [sp, #266]	@ movhi
1466:Middlewares/ST/STM32_WPAN/ble/core/auto/ble_gap_aci.c ****   rq.cparam = cmd_buffer;
 5858              		.loc 1 1466 3 is_stmt 1 view .LVU2044
 5859              		.loc 1 1466 13 is_stmt 0 view .LVU2045
 5860 0048 4495     		str	r5, [sp, #272]
1467:Middlewares/ST/STM32_WPAN/ble/core/auto/ble_gap_aci.c ****   rq.clen = index_input;
 5861              		.loc 1 1467 3 is_stmt 1 view .LVU2046
 5862              		.loc 1 1467 11 is_stmt 0 view .LVU2047
 5863 004a 4594     		str	r4, [sp, #276]
1468:Middlewares/ST/STM32_WPAN/ble/core/auto/ble_gap_aci.c ****   rq.rparam = &status;
 5864              		.loc 1 1468 3 is_stmt 1 view .LVU2048
 5865              		.loc 1 1468 13 is_stmt 0 view .LVU2049
 5866 004c CDF81881 		str	r8, [sp, #280]
1469:Middlewares/ST/STM32_WPAN/ble/core/auto/ble_gap_aci.c ****   rq.rlen = 1;
 5867              		.loc 1 1469 3 is_stmt 1 view .LVU2050
 5868              		.loc 1 1469 11 is_stmt 0 view .LVU2051
 5869 0050 0123     		movs	r3, #1
 5870 0052 4793     		str	r3, [sp, #284]
1470:Middlewares/ST/STM32_WPAN/ble/core/auto/ble_gap_aci.c ****   if ( hci_send_req(&rq, FALSE) < 0 )
 5871              		.loc 1 1470 3 is_stmt 1 view .LVU2052
 5872              		.loc 1 1470 8 is_stmt 0 view .LVU2053
 5873 0054 3146     		mov	r1, r6
 5874 0056 3846     		mov	r0, r7
 5875 0058 FFF7FEFF 		bl	hci_send_req
 5876              	.LVL621:
 5877              		.loc 1 1470 6 discriminator 1 view .LVU2054
 5878 005c B042     		cmp	r0, r6
 5879 005e 04DB     		blt	.L190
1471:Middlewares/ST/STM32_WPAN/ble/core/auto/ble_gap_aci.c ****     return BLE_STATUS_TIMEOUT;
1472:Middlewares/ST/STM32_WPAN/ble/core/auto/ble_gap_aci.c ****   return status;
 5880              		.loc 1 1472 3 is_stmt 1 view .LVU2055
 5881              		.loc 1 1472 10 is_stmt 0 view .LVU2056
 5882 0060 98F80000 		ldrb	r0, [r8]	@ zero_extendqisi2
 5883              	.L189:
1473:Middlewares/ST/STM32_WPAN/ble/core/auto/ble_gap_aci.c **** }
 5884              		.loc 1 1473 1 view .LVU2057
 5885 0064 48B0     		add	sp, sp, #288
 5886              		.cfi_remember_state
 5887              		.cfi_def_cfa_offset 24
 5888              		@ sp needed
 5889 0066 BDE8F081 		pop	{r4, r5, r6, r7, r8, pc}
 5890              	.LVL622:
 5891              	.L190:
 5892              		.cfi_restore_state
1471:Middlewares/ST/STM32_WPAN/ble/core/auto/ble_gap_aci.c ****     return BLE_STATUS_TIMEOUT;
 5893              		.loc 1 1471 12 view .LVU2058
 5894 006a FF20     		movs	r0, #255
 5895 006c FAE7     		b	.L189
 5896              		.cfi_endproc
 5897              	.LFE46:
 5899              		.section	.text.aci_gap_adv_set_scan_resp_data,"ax",%progbits
 5900              		.align	1
 5901              		.global	aci_gap_adv_set_scan_resp_data
 5902              		.syntax unified
 5903              		.thumb
 5904              		.thumb_func
 5906              	aci_gap_adv_set_scan_resp_data:
ARM GAS  C:\Users\Nathan\AppData\Local\Temp\ccVQZ1bc.s 			page 130


 5907              	.LVL623:
 5908              	.LFB47:
1474:Middlewares/ST/STM32_WPAN/ble/core/auto/ble_gap_aci.c **** 
1475:Middlewares/ST/STM32_WPAN/ble/core/auto/ble_gap_aci.c **** tBleStatus aci_gap_adv_set_scan_resp_data( uint8_t Advertising_Handle,
1476:Middlewares/ST/STM32_WPAN/ble/core/auto/ble_gap_aci.c ****                                            uint8_t Operation,
1477:Middlewares/ST/STM32_WPAN/ble/core/auto/ble_gap_aci.c ****                                            uint8_t Fragment_Preference,
1478:Middlewares/ST/STM32_WPAN/ble/core/auto/ble_gap_aci.c ****                                            uint8_t Scan_Response_Data_Length,
1479:Middlewares/ST/STM32_WPAN/ble/core/auto/ble_gap_aci.c ****                                            const uint8_t* Scan_Response_Data )
1480:Middlewares/ST/STM32_WPAN/ble/core/auto/ble_gap_aci.c **** {
 5909              		.loc 1 1480 1 is_stmt 1 view -0
 5910              		.cfi_startproc
 5911              		@ args = 4, pretend = 0, frame = 288
 5912              		@ frame_needed = 0, uses_anonymous_args = 0
 5913              		.loc 1 1480 1 is_stmt 0 view .LVU2060
 5914 0000 2DE9F041 		push	{r4, r5, r6, r7, r8, lr}
 5915              		.cfi_def_cfa_offset 24
 5916              		.cfi_offset 4, -24
 5917              		.cfi_offset 5, -20
 5918              		.cfi_offset 6, -16
 5919              		.cfi_offset 7, -12
 5920              		.cfi_offset 8, -8
 5921              		.cfi_offset 14, -4
 5922 0004 C8B0     		sub	sp, sp, #288
 5923              		.cfi_def_cfa_offset 312
 5924 0006 1C46     		mov	r4, r3
1481:Middlewares/ST/STM32_WPAN/ble/core/auto/ble_gap_aci.c ****   struct hci_request rq;
 5925              		.loc 1 1481 3 is_stmt 1 view .LVU2061
1482:Middlewares/ST/STM32_WPAN/ble/core/auto/ble_gap_aci.c ****   uint8_t cmd_buffer[BLE_CMD_MAX_PARAM_LEN];
 5926              		.loc 1 1482 3 view .LVU2062
1483:Middlewares/ST/STM32_WPAN/ble/core/auto/ble_gap_aci.c ****   aci_gap_adv_set_scan_resp_data_cp0 *cp0 = (aci_gap_adv_set_scan_resp_data_cp0*)(cmd_buffer);
 5927              		.loc 1 1483 3 view .LVU2063
 5928              	.LVL624:
1484:Middlewares/ST/STM32_WPAN/ble/core/auto/ble_gap_aci.c ****   tBleStatus status = 0;
 5929              		.loc 1 1484 3 view .LVU2064
 5930              		.loc 1 1484 14 is_stmt 0 view .LVU2065
 5931 0008 0DF10708 		add	r8, sp, #7
 5932 000c 0026     		movs	r6, #0
 5933 000e 8DF80760 		strb	r6, [sp, #7]
1485:Middlewares/ST/STM32_WPAN/ble/core/auto/ble_gap_aci.c ****   int index_input = 0;
 5934              		.loc 1 1485 3 is_stmt 1 view .LVU2066
 5935              	.LVL625:
1486:Middlewares/ST/STM32_WPAN/ble/core/auto/ble_gap_aci.c ****   cp0->Advertising_Handle = Advertising_Handle;
 5936              		.loc 1 1486 3 view .LVU2067
 5937              		.loc 1 1486 27 is_stmt 0 view .LVU2068
 5938 0012 02AD     		add	r5, sp, #8
 5939              	.LVL626:
 5940              		.loc 1 1486 27 view .LVU2069
 5941 0014 8DF80800 		strb	r0, [sp, #8]
1487:Middlewares/ST/STM32_WPAN/ble/core/auto/ble_gap_aci.c ****   index_input += 1;
 5942              		.loc 1 1487 3 is_stmt 1 view .LVU2070
 5943              	.LVL627:
1488:Middlewares/ST/STM32_WPAN/ble/core/auto/ble_gap_aci.c ****   cp0->Operation = Operation;
 5944              		.loc 1 1488 3 view .LVU2071
 5945              		.loc 1 1488 18 is_stmt 0 view .LVU2072
 5946 0018 8DF80910 		strb	r1, [sp, #9]
1489:Middlewares/ST/STM32_WPAN/ble/core/auto/ble_gap_aci.c ****   index_input += 1;
 5947              		.loc 1 1489 3 is_stmt 1 view .LVU2073
ARM GAS  C:\Users\Nathan\AppData\Local\Temp\ccVQZ1bc.s 			page 131


 5948              	.LVL628:
1490:Middlewares/ST/STM32_WPAN/ble/core/auto/ble_gap_aci.c ****   cp0->Fragment_Preference = Fragment_Preference;
 5949              		.loc 1 1490 3 view .LVU2074
 5950              		.loc 1 1490 28 is_stmt 0 view .LVU2075
 5951 001c 8DF80A20 		strb	r2, [sp, #10]
1491:Middlewares/ST/STM32_WPAN/ble/core/auto/ble_gap_aci.c ****   index_input += 1;
 5952              		.loc 1 1491 3 is_stmt 1 view .LVU2076
 5953              	.LVL629:
1492:Middlewares/ST/STM32_WPAN/ble/core/auto/ble_gap_aci.c ****   cp0->Scan_Response_Data_Length = Scan_Response_Data_Length;
 5954              		.loc 1 1492 3 view .LVU2077
 5955              		.loc 1 1492 34 is_stmt 0 view .LVU2078
 5956 0020 8DF80B30 		strb	r3, [sp, #11]
1493:Middlewares/ST/STM32_WPAN/ble/core/auto/ble_gap_aci.c ****   index_input += 1;
 5957              		.loc 1 1493 3 is_stmt 1 view .LVU2079
 5958              	.LVL630:
1494:Middlewares/ST/STM32_WPAN/ble/core/auto/ble_gap_aci.c ****   Osal_MemCpy( (void*)&cp0->Scan_Response_Data, (const void*)Scan_Response_Data, Scan_Response_Data
 5959              		.loc 1 1494 3 view .LVU2080
 5960 0024 1A46     		mov	r2, r3
 5961              	.LVL631:
 5962              		.loc 1 1494 3 is_stmt 0 view .LVU2081
 5963 0026 4E99     		ldr	r1, [sp, #312]
 5964              	.LVL632:
 5965              		.loc 1 1494 3 view .LVU2082
 5966 0028 03A8     		add	r0, sp, #12
 5967              	.LVL633:
 5968              		.loc 1 1494 3 view .LVU2083
 5969 002a FFF7FEFF 		bl	Osal_MemCpy
 5970              	.LVL634:
1495:Middlewares/ST/STM32_WPAN/ble/core/auto/ble_gap_aci.c ****   index_input += Scan_Response_Data_Length;
 5971              		.loc 1 1495 3 is_stmt 1 view .LVU2084
 5972              		.loc 1 1495 15 is_stmt 0 view .LVU2085
 5973 002e 0434     		adds	r4, r4, #4
 5974              	.LVL635:
1496:Middlewares/ST/STM32_WPAN/ble/core/auto/ble_gap_aci.c ****   Osal_MemSet( &rq, 0, sizeof(rq) );
 5975              		.loc 1 1496 3 is_stmt 1 view .LVU2086
 5976 0030 42AF     		add	r7, sp, #264
 5977 0032 1822     		movs	r2, #24
 5978 0034 3146     		mov	r1, r6
 5979 0036 3846     		mov	r0, r7
 5980 0038 FFF7FEFF 		bl	Osal_MemSet
 5981              	.LVL636:
1497:Middlewares/ST/STM32_WPAN/ble/core/auto/ble_gap_aci.c ****   rq.ogf = 0x3f;
 5982              		.loc 1 1497 3 view .LVU2087
 5983              		.loc 1 1497 10 is_stmt 0 view .LVU2088
 5984 003c 3F23     		movs	r3, #63
 5985 003e ADF80831 		strh	r3, [sp, #264]	@ movhi
1498:Middlewares/ST/STM32_WPAN/ble/core/auto/ble_gap_aci.c ****   rq.ocf = 0x0c3;
 5986              		.loc 1 1498 3 is_stmt 1 view .LVU2089
 5987              		.loc 1 1498 10 is_stmt 0 view .LVU2090
 5988 0042 C323     		movs	r3, #195
 5989 0044 ADF80A31 		strh	r3, [sp, #266]	@ movhi
1499:Middlewares/ST/STM32_WPAN/ble/core/auto/ble_gap_aci.c ****   rq.cparam = cmd_buffer;
 5990              		.loc 1 1499 3 is_stmt 1 view .LVU2091
 5991              		.loc 1 1499 13 is_stmt 0 view .LVU2092
 5992 0048 4495     		str	r5, [sp, #272]
1500:Middlewares/ST/STM32_WPAN/ble/core/auto/ble_gap_aci.c ****   rq.clen = index_input;
 5993              		.loc 1 1500 3 is_stmt 1 view .LVU2093
ARM GAS  C:\Users\Nathan\AppData\Local\Temp\ccVQZ1bc.s 			page 132


 5994              		.loc 1 1500 11 is_stmt 0 view .LVU2094
 5995 004a 4594     		str	r4, [sp, #276]
1501:Middlewares/ST/STM32_WPAN/ble/core/auto/ble_gap_aci.c ****   rq.rparam = &status;
 5996              		.loc 1 1501 3 is_stmt 1 view .LVU2095
 5997              		.loc 1 1501 13 is_stmt 0 view .LVU2096
 5998 004c CDF81881 		str	r8, [sp, #280]
1502:Middlewares/ST/STM32_WPAN/ble/core/auto/ble_gap_aci.c ****   rq.rlen = 1;
 5999              		.loc 1 1502 3 is_stmt 1 view .LVU2097
 6000              		.loc 1 1502 11 is_stmt 0 view .LVU2098
 6001 0050 0123     		movs	r3, #1
 6002 0052 4793     		str	r3, [sp, #284]
1503:Middlewares/ST/STM32_WPAN/ble/core/auto/ble_gap_aci.c ****   if ( hci_send_req(&rq, FALSE) < 0 )
 6003              		.loc 1 1503 3 is_stmt 1 view .LVU2099
 6004              		.loc 1 1503 8 is_stmt 0 view .LVU2100
 6005 0054 3146     		mov	r1, r6
 6006 0056 3846     		mov	r0, r7
 6007 0058 FFF7FEFF 		bl	hci_send_req
 6008              	.LVL637:
 6009              		.loc 1 1503 6 discriminator 1 view .LVU2101
 6010 005c B042     		cmp	r0, r6
 6011 005e 04DB     		blt	.L194
1504:Middlewares/ST/STM32_WPAN/ble/core/auto/ble_gap_aci.c ****     return BLE_STATUS_TIMEOUT;
1505:Middlewares/ST/STM32_WPAN/ble/core/auto/ble_gap_aci.c ****   return status;
 6012              		.loc 1 1505 3 is_stmt 1 view .LVU2102
 6013              		.loc 1 1505 10 is_stmt 0 view .LVU2103
 6014 0060 98F80000 		ldrb	r0, [r8]	@ zero_extendqisi2
 6015              	.L193:
1506:Middlewares/ST/STM32_WPAN/ble/core/auto/ble_gap_aci.c **** }
 6016              		.loc 1 1506 1 view .LVU2104
 6017 0064 48B0     		add	sp, sp, #288
 6018              		.cfi_remember_state
 6019              		.cfi_def_cfa_offset 24
 6020              		@ sp needed
 6021 0066 BDE8F081 		pop	{r4, r5, r6, r7, r8, pc}
 6022              	.LVL638:
 6023              	.L194:
 6024              		.cfi_restore_state
1504:Middlewares/ST/STM32_WPAN/ble/core/auto/ble_gap_aci.c ****     return BLE_STATUS_TIMEOUT;
 6025              		.loc 1 1504 12 view .LVU2105
 6026 006a FF20     		movs	r0, #255
 6027 006c FAE7     		b	.L193
 6028              		.cfi_endproc
 6029              	.LFE47:
 6031              		.section	.text.aci_gap_adv_remove_set,"ax",%progbits
 6032              		.align	1
 6033              		.global	aci_gap_adv_remove_set
 6034              		.syntax unified
 6035              		.thumb
 6036              		.thumb_func
 6038              	aci_gap_adv_remove_set:
 6039              	.LVL639:
 6040              	.LFB48:
1507:Middlewares/ST/STM32_WPAN/ble/core/auto/ble_gap_aci.c **** 
1508:Middlewares/ST/STM32_WPAN/ble/core/auto/ble_gap_aci.c **** tBleStatus aci_gap_adv_remove_set( uint8_t Advertising_Handle )
1509:Middlewares/ST/STM32_WPAN/ble/core/auto/ble_gap_aci.c **** {
 6041              		.loc 1 1509 1 is_stmt 1 view -0
 6042              		.cfi_startproc
ARM GAS  C:\Users\Nathan\AppData\Local\Temp\ccVQZ1bc.s 			page 133


 6043              		@ args = 0, pretend = 0, frame = 288
 6044              		@ frame_needed = 0, uses_anonymous_args = 0
 6045              		.loc 1 1509 1 is_stmt 0 view .LVU2107
 6046 0000 F0B5     		push	{r4, r5, r6, r7, lr}
 6047              		.cfi_def_cfa_offset 20
 6048              		.cfi_offset 4, -20
 6049              		.cfi_offset 5, -16
 6050              		.cfi_offset 6, -12
 6051              		.cfi_offset 7, -8
 6052              		.cfi_offset 14, -4
 6053 0002 C9B0     		sub	sp, sp, #292
 6054              		.cfi_def_cfa_offset 312
1510:Middlewares/ST/STM32_WPAN/ble/core/auto/ble_gap_aci.c ****   struct hci_request rq;
 6055              		.loc 1 1510 3 is_stmt 1 view .LVU2108
1511:Middlewares/ST/STM32_WPAN/ble/core/auto/ble_gap_aci.c ****   uint8_t cmd_buffer[BLE_CMD_MAX_PARAM_LEN];
 6056              		.loc 1 1511 3 view .LVU2109
1512:Middlewares/ST/STM32_WPAN/ble/core/auto/ble_gap_aci.c ****   aci_gap_adv_remove_set_cp0 *cp0 = (aci_gap_adv_remove_set_cp0*)(cmd_buffer);
 6057              		.loc 1 1512 3 view .LVU2110
 6058              	.LVL640:
1513:Middlewares/ST/STM32_WPAN/ble/core/auto/ble_gap_aci.c ****   tBleStatus status = 0;
 6059              		.loc 1 1513 3 view .LVU2111
 6060              		.loc 1 1513 14 is_stmt 0 view .LVU2112
 6061 0004 0DF10706 		add	r6, sp, #7
 6062 0008 0024     		movs	r4, #0
 6063 000a 8DF80740 		strb	r4, [sp, #7]
1514:Middlewares/ST/STM32_WPAN/ble/core/auto/ble_gap_aci.c ****   int index_input = 0;
 6064              		.loc 1 1514 3 is_stmt 1 view .LVU2113
 6065              	.LVL641:
1515:Middlewares/ST/STM32_WPAN/ble/core/auto/ble_gap_aci.c ****   cp0->Advertising_Handle = Advertising_Handle;
 6066              		.loc 1 1515 3 view .LVU2114
 6067              		.loc 1 1515 27 is_stmt 0 view .LVU2115
 6068 000e 02AF     		add	r7, sp, #8
 6069              	.LVL642:
 6070              		.loc 1 1515 27 view .LVU2116
 6071 0010 8DF80800 		strb	r0, [sp, #8]
1516:Middlewares/ST/STM32_WPAN/ble/core/auto/ble_gap_aci.c ****   index_input += 1;
 6072              		.loc 1 1516 3 is_stmt 1 view .LVU2117
 6073              	.LVL643:
1517:Middlewares/ST/STM32_WPAN/ble/core/auto/ble_gap_aci.c ****   Osal_MemSet( &rq, 0, sizeof(rq) );
 6074              		.loc 1 1517 3 view .LVU2118
 6075 0014 42AD     		add	r5, sp, #264
 6076 0016 1822     		movs	r2, #24
 6077 0018 2146     		mov	r1, r4
 6078 001a 2846     		mov	r0, r5
 6079              	.LVL644:
 6080              		.loc 1 1517 3 is_stmt 0 view .LVU2119
 6081 001c FFF7FEFF 		bl	Osal_MemSet
 6082              	.LVL645:
1518:Middlewares/ST/STM32_WPAN/ble/core/auto/ble_gap_aci.c ****   rq.ogf = 0x3f;
 6083              		.loc 1 1518 3 is_stmt 1 view .LVU2120
 6084              		.loc 1 1518 10 is_stmt 0 view .LVU2121
 6085 0020 3F23     		movs	r3, #63
 6086 0022 ADF80831 		strh	r3, [sp, #264]	@ movhi
1519:Middlewares/ST/STM32_WPAN/ble/core/auto/ble_gap_aci.c ****   rq.ocf = 0x0c4;
 6087              		.loc 1 1519 3 is_stmt 1 view .LVU2122
 6088              		.loc 1 1519 10 is_stmt 0 view .LVU2123
 6089 0026 C423     		movs	r3, #196
ARM GAS  C:\Users\Nathan\AppData\Local\Temp\ccVQZ1bc.s 			page 134


 6090 0028 ADF80A31 		strh	r3, [sp, #266]	@ movhi
1520:Middlewares/ST/STM32_WPAN/ble/core/auto/ble_gap_aci.c ****   rq.cparam = cmd_buffer;
 6091              		.loc 1 1520 3 is_stmt 1 view .LVU2124
 6092              		.loc 1 1520 13 is_stmt 0 view .LVU2125
 6093 002c 4497     		str	r7, [sp, #272]
1521:Middlewares/ST/STM32_WPAN/ble/core/auto/ble_gap_aci.c ****   rq.clen = index_input;
 6094              		.loc 1 1521 3 is_stmt 1 view .LVU2126
 6095              		.loc 1 1521 11 is_stmt 0 view .LVU2127
 6096 002e 0123     		movs	r3, #1
 6097 0030 4593     		str	r3, [sp, #276]
1522:Middlewares/ST/STM32_WPAN/ble/core/auto/ble_gap_aci.c ****   rq.rparam = &status;
 6098              		.loc 1 1522 3 is_stmt 1 view .LVU2128
 6099              		.loc 1 1522 13 is_stmt 0 view .LVU2129
 6100 0032 4696     		str	r6, [sp, #280]
1523:Middlewares/ST/STM32_WPAN/ble/core/auto/ble_gap_aci.c ****   rq.rlen = 1;
 6101              		.loc 1 1523 3 is_stmt 1 view .LVU2130
 6102              		.loc 1 1523 11 is_stmt 0 view .LVU2131
 6103 0034 4793     		str	r3, [sp, #284]
1524:Middlewares/ST/STM32_WPAN/ble/core/auto/ble_gap_aci.c ****   if ( hci_send_req(&rq, FALSE) < 0 )
 6104              		.loc 1 1524 3 is_stmt 1 view .LVU2132
 6105              		.loc 1 1524 8 is_stmt 0 view .LVU2133
 6106 0036 2146     		mov	r1, r4
 6107 0038 2846     		mov	r0, r5
 6108 003a FFF7FEFF 		bl	hci_send_req
 6109              	.LVL646:
 6110              		.loc 1 1524 6 discriminator 1 view .LVU2134
 6111 003e A042     		cmp	r0, r4
 6112 0040 02DB     		blt	.L198
1525:Middlewares/ST/STM32_WPAN/ble/core/auto/ble_gap_aci.c ****     return BLE_STATUS_TIMEOUT;
1526:Middlewares/ST/STM32_WPAN/ble/core/auto/ble_gap_aci.c ****   return status;
 6113              		.loc 1 1526 3 is_stmt 1 view .LVU2135
 6114              		.loc 1 1526 10 is_stmt 0 view .LVU2136
 6115 0042 3078     		ldrb	r0, [r6]	@ zero_extendqisi2
 6116              	.L197:
1527:Middlewares/ST/STM32_WPAN/ble/core/auto/ble_gap_aci.c **** }
 6117              		.loc 1 1527 1 view .LVU2137
 6118 0044 49B0     		add	sp, sp, #292
 6119              		.cfi_remember_state
 6120              		.cfi_def_cfa_offset 20
 6121              		@ sp needed
 6122 0046 F0BD     		pop	{r4, r5, r6, r7, pc}
 6123              	.LVL647:
 6124              	.L198:
 6125              		.cfi_restore_state
1525:Middlewares/ST/STM32_WPAN/ble/core/auto/ble_gap_aci.c ****     return BLE_STATUS_TIMEOUT;
 6126              		.loc 1 1525 12 view .LVU2138
 6127 0048 FF20     		movs	r0, #255
 6128 004a FBE7     		b	.L197
 6129              		.cfi_endproc
 6130              	.LFE48:
 6132              		.section	.text.aci_gap_adv_clear_sets,"ax",%progbits
 6133              		.align	1
 6134              		.global	aci_gap_adv_clear_sets
 6135              		.syntax unified
 6136              		.thumb
 6137              		.thumb_func
 6139              	aci_gap_adv_clear_sets:
ARM GAS  C:\Users\Nathan\AppData\Local\Temp\ccVQZ1bc.s 			page 135


 6140              	.LFB49:
1528:Middlewares/ST/STM32_WPAN/ble/core/auto/ble_gap_aci.c **** 
1529:Middlewares/ST/STM32_WPAN/ble/core/auto/ble_gap_aci.c **** tBleStatus aci_gap_adv_clear_sets( void )
1530:Middlewares/ST/STM32_WPAN/ble/core/auto/ble_gap_aci.c **** {
 6141              		.loc 1 1530 1 is_stmt 1 view -0
 6142              		.cfi_startproc
 6143              		@ args = 0, pretend = 0, frame = 32
 6144              		@ frame_needed = 0, uses_anonymous_args = 0
 6145 0000 30B5     		push	{r4, r5, lr}
 6146              		.cfi_def_cfa_offset 12
 6147              		.cfi_offset 4, -12
 6148              		.cfi_offset 5, -8
 6149              		.cfi_offset 14, -4
 6150 0002 89B0     		sub	sp, sp, #36
 6151              		.cfi_def_cfa_offset 48
1531:Middlewares/ST/STM32_WPAN/ble/core/auto/ble_gap_aci.c ****   struct hci_request rq;
 6152              		.loc 1 1531 3 view .LVU2140
1532:Middlewares/ST/STM32_WPAN/ble/core/auto/ble_gap_aci.c ****   tBleStatus status = 0;
 6153              		.loc 1 1532 3 view .LVU2141
 6154              		.loc 1 1532 14 is_stmt 0 view .LVU2142
 6155 0004 0024     		movs	r4, #0
 6156 0006 8DF80740 		strb	r4, [sp, #7]
1533:Middlewares/ST/STM32_WPAN/ble/core/auto/ble_gap_aci.c ****   Osal_MemSet( &rq, 0, sizeof(rq) );
 6157              		.loc 1 1533 3 is_stmt 1 view .LVU2143
 6158 000a 02AD     		add	r5, sp, #8
 6159 000c 1822     		movs	r2, #24
 6160 000e 2146     		mov	r1, r4
 6161 0010 2846     		mov	r0, r5
 6162 0012 FFF7FEFF 		bl	Osal_MemSet
 6163              	.LVL648:
1534:Middlewares/ST/STM32_WPAN/ble/core/auto/ble_gap_aci.c ****   rq.ogf = 0x3f;
 6164              		.loc 1 1534 3 view .LVU2144
 6165              		.loc 1 1534 10 is_stmt 0 view .LVU2145
 6166 0016 3F23     		movs	r3, #63
 6167 0018 ADF80830 		strh	r3, [sp, #8]	@ movhi
1535:Middlewares/ST/STM32_WPAN/ble/core/auto/ble_gap_aci.c ****   rq.ocf = 0x0c5;
 6168              		.loc 1 1535 3 is_stmt 1 view .LVU2146
 6169              		.loc 1 1535 10 is_stmt 0 view .LVU2147
 6170 001c C523     		movs	r3, #197
 6171 001e ADF80A30 		strh	r3, [sp, #10]	@ movhi
1536:Middlewares/ST/STM32_WPAN/ble/core/auto/ble_gap_aci.c ****   rq.rparam = &status;
 6172              		.loc 1 1536 3 is_stmt 1 view .LVU2148
 6173              		.loc 1 1536 13 is_stmt 0 view .LVU2149
 6174 0022 0DF10703 		add	r3, sp, #7
 6175 0026 0693     		str	r3, [sp, #24]
1537:Middlewares/ST/STM32_WPAN/ble/core/auto/ble_gap_aci.c ****   rq.rlen = 1;
 6176              		.loc 1 1537 3 is_stmt 1 view .LVU2150
 6177              		.loc 1 1537 11 is_stmt 0 view .LVU2151
 6178 0028 0123     		movs	r3, #1
 6179 002a 0793     		str	r3, [sp, #28]
1538:Middlewares/ST/STM32_WPAN/ble/core/auto/ble_gap_aci.c ****   if ( hci_send_req(&rq, FALSE) < 0 )
 6180              		.loc 1 1538 3 is_stmt 1 view .LVU2152
 6181              		.loc 1 1538 8 is_stmt 0 view .LVU2153
 6182 002c 2146     		mov	r1, r4
 6183 002e 2846     		mov	r0, r5
 6184 0030 FFF7FEFF 		bl	hci_send_req
 6185              	.LVL649:
ARM GAS  C:\Users\Nathan\AppData\Local\Temp\ccVQZ1bc.s 			page 136


 6186              		.loc 1 1538 6 discriminator 1 view .LVU2154
 6187 0034 A042     		cmp	r0, r4
 6188 0036 03DB     		blt	.L202
1539:Middlewares/ST/STM32_WPAN/ble/core/auto/ble_gap_aci.c ****     return BLE_STATUS_TIMEOUT;
1540:Middlewares/ST/STM32_WPAN/ble/core/auto/ble_gap_aci.c ****   return status;
 6189              		.loc 1 1540 3 is_stmt 1 view .LVU2155
 6190              		.loc 1 1540 10 is_stmt 0 view .LVU2156
 6191 0038 9DF80700 		ldrb	r0, [sp, #7]	@ zero_extendqisi2
 6192              	.L201:
1541:Middlewares/ST/STM32_WPAN/ble/core/auto/ble_gap_aci.c **** }
 6193              		.loc 1 1541 1 view .LVU2157
 6194 003c 09B0     		add	sp, sp, #36
 6195              		.cfi_remember_state
 6196              		.cfi_def_cfa_offset 12
 6197              		@ sp needed
 6198 003e 30BD     		pop	{r4, r5, pc}
 6199              	.L202:
 6200              		.cfi_restore_state
1539:Middlewares/ST/STM32_WPAN/ble/core/auto/ble_gap_aci.c ****     return BLE_STATUS_TIMEOUT;
 6201              		.loc 1 1539 12 view .LVU2158
 6202 0040 FF20     		movs	r0, #255
 6203 0042 FBE7     		b	.L201
 6204              		.cfi_endproc
 6205              	.LFE49:
 6207              		.section	.text.aci_gap_adv_set_random_address,"ax",%progbits
 6208              		.align	1
 6209              		.global	aci_gap_adv_set_random_address
 6210              		.syntax unified
 6211              		.thumb
 6212              		.thumb_func
 6214              	aci_gap_adv_set_random_address:
 6215              	.LVL650:
 6216              	.LFB50:
1542:Middlewares/ST/STM32_WPAN/ble/core/auto/ble_gap_aci.c **** 
1543:Middlewares/ST/STM32_WPAN/ble/core/auto/ble_gap_aci.c **** tBleStatus aci_gap_adv_set_random_address( uint8_t Advertising_Handle,
1544:Middlewares/ST/STM32_WPAN/ble/core/auto/ble_gap_aci.c ****                                            const uint8_t* Random_Address )
1545:Middlewares/ST/STM32_WPAN/ble/core/auto/ble_gap_aci.c **** {
 6217              		.loc 1 1545 1 is_stmt 1 view -0
 6218              		.cfi_startproc
 6219              		@ args = 0, pretend = 0, frame = 288
 6220              		@ frame_needed = 0, uses_anonymous_args = 0
 6221              		.loc 1 1545 1 is_stmt 0 view .LVU2160
 6222 0000 F0B5     		push	{r4, r5, r6, r7, lr}
 6223              		.cfi_def_cfa_offset 20
 6224              		.cfi_offset 4, -20
 6225              		.cfi_offset 5, -16
 6226              		.cfi_offset 6, -12
 6227              		.cfi_offset 7, -8
 6228              		.cfi_offset 14, -4
 6229 0002 C9B0     		sub	sp, sp, #292
 6230              		.cfi_def_cfa_offset 312
1546:Middlewares/ST/STM32_WPAN/ble/core/auto/ble_gap_aci.c ****   struct hci_request rq;
 6231              		.loc 1 1546 3 is_stmt 1 view .LVU2161
1547:Middlewares/ST/STM32_WPAN/ble/core/auto/ble_gap_aci.c ****   uint8_t cmd_buffer[BLE_CMD_MAX_PARAM_LEN];
 6232              		.loc 1 1547 3 view .LVU2162
1548:Middlewares/ST/STM32_WPAN/ble/core/auto/ble_gap_aci.c ****   aci_gap_adv_set_random_address_cp0 *cp0 = (aci_gap_adv_set_random_address_cp0*)(cmd_buffer);
 6233              		.loc 1 1548 3 view .LVU2163
ARM GAS  C:\Users\Nathan\AppData\Local\Temp\ccVQZ1bc.s 			page 137


 6234              	.LVL651:
1549:Middlewares/ST/STM32_WPAN/ble/core/auto/ble_gap_aci.c ****   tBleStatus status = 0;
 6235              		.loc 1 1549 3 view .LVU2164
 6236              		.loc 1 1549 14 is_stmt 0 view .LVU2165
 6237 0004 0DF10706 		add	r6, sp, #7
 6238 0008 0024     		movs	r4, #0
 6239 000a 8DF80740 		strb	r4, [sp, #7]
1550:Middlewares/ST/STM32_WPAN/ble/core/auto/ble_gap_aci.c ****   int index_input = 0;
 6240              		.loc 1 1550 3 is_stmt 1 view .LVU2166
 6241              	.LVL652:
1551:Middlewares/ST/STM32_WPAN/ble/core/auto/ble_gap_aci.c ****   cp0->Advertising_Handle = Advertising_Handle;
 6242              		.loc 1 1551 3 view .LVU2167
 6243              		.loc 1 1551 27 is_stmt 0 view .LVU2168
 6244 000e 02AF     		add	r7, sp, #8
 6245              	.LVL653:
 6246              		.loc 1 1551 27 view .LVU2169
 6247 0010 8DF80800 		strb	r0, [sp, #8]
1552:Middlewares/ST/STM32_WPAN/ble/core/auto/ble_gap_aci.c ****   index_input += 1;
 6248              		.loc 1 1552 3 is_stmt 1 view .LVU2170
 6249              	.LVL654:
1553:Middlewares/ST/STM32_WPAN/ble/core/auto/ble_gap_aci.c ****   Osal_MemCpy( (void*)&cp0->Random_Address, (const void*)Random_Address, 6 );
 6250              		.loc 1 1553 3 view .LVU2171
 6251 0014 0622     		movs	r2, #6
 6252 0016 0DF10900 		add	r0, sp, #9
 6253              	.LVL655:
 6254              		.loc 1 1553 3 is_stmt 0 view .LVU2172
 6255 001a FFF7FEFF 		bl	Osal_MemCpy
 6256              	.LVL656:
1554:Middlewares/ST/STM32_WPAN/ble/core/auto/ble_gap_aci.c ****   index_input += 6;
 6257              		.loc 1 1554 3 is_stmt 1 view .LVU2173
1555:Middlewares/ST/STM32_WPAN/ble/core/auto/ble_gap_aci.c ****   Osal_MemSet( &rq, 0, sizeof(rq) );
 6258              		.loc 1 1555 3 view .LVU2174
 6259 001e 42AD     		add	r5, sp, #264
 6260 0020 1822     		movs	r2, #24
 6261 0022 2146     		mov	r1, r4
 6262 0024 2846     		mov	r0, r5
 6263 0026 FFF7FEFF 		bl	Osal_MemSet
 6264              	.LVL657:
1556:Middlewares/ST/STM32_WPAN/ble/core/auto/ble_gap_aci.c ****   rq.ogf = 0x3f;
 6265              		.loc 1 1556 3 view .LVU2175
 6266              		.loc 1 1556 10 is_stmt 0 view .LVU2176
 6267 002a 3F23     		movs	r3, #63
 6268 002c ADF80831 		strh	r3, [sp, #264]	@ movhi
1557:Middlewares/ST/STM32_WPAN/ble/core/auto/ble_gap_aci.c ****   rq.ocf = 0x0c6;
 6269              		.loc 1 1557 3 is_stmt 1 view .LVU2177
 6270              		.loc 1 1557 10 is_stmt 0 view .LVU2178
 6271 0030 C623     		movs	r3, #198
 6272 0032 ADF80A31 		strh	r3, [sp, #266]	@ movhi
1558:Middlewares/ST/STM32_WPAN/ble/core/auto/ble_gap_aci.c ****   rq.cparam = cmd_buffer;
 6273              		.loc 1 1558 3 is_stmt 1 view .LVU2179
 6274              		.loc 1 1558 13 is_stmt 0 view .LVU2180
 6275 0036 4497     		str	r7, [sp, #272]
1559:Middlewares/ST/STM32_WPAN/ble/core/auto/ble_gap_aci.c ****   rq.clen = index_input;
 6276              		.loc 1 1559 3 is_stmt 1 view .LVU2181
 6277              		.loc 1 1559 11 is_stmt 0 view .LVU2182
 6278 0038 0723     		movs	r3, #7
 6279 003a 4593     		str	r3, [sp, #276]
ARM GAS  C:\Users\Nathan\AppData\Local\Temp\ccVQZ1bc.s 			page 138


1560:Middlewares/ST/STM32_WPAN/ble/core/auto/ble_gap_aci.c ****   rq.rparam = &status;
 6280              		.loc 1 1560 3 is_stmt 1 view .LVU2183
 6281              		.loc 1 1560 13 is_stmt 0 view .LVU2184
 6282 003c 4696     		str	r6, [sp, #280]
1561:Middlewares/ST/STM32_WPAN/ble/core/auto/ble_gap_aci.c ****   rq.rlen = 1;
 6283              		.loc 1 1561 3 is_stmt 1 view .LVU2185
 6284              		.loc 1 1561 11 is_stmt 0 view .LVU2186
 6285 003e 0123     		movs	r3, #1
 6286 0040 4793     		str	r3, [sp, #284]
1562:Middlewares/ST/STM32_WPAN/ble/core/auto/ble_gap_aci.c ****   if ( hci_send_req(&rq, FALSE) < 0 )
 6287              		.loc 1 1562 3 is_stmt 1 view .LVU2187
 6288              		.loc 1 1562 8 is_stmt 0 view .LVU2188
 6289 0042 2146     		mov	r1, r4
 6290 0044 2846     		mov	r0, r5
 6291 0046 FFF7FEFF 		bl	hci_send_req
 6292              	.LVL658:
 6293              		.loc 1 1562 6 discriminator 1 view .LVU2189
 6294 004a A042     		cmp	r0, r4
 6295 004c 02DB     		blt	.L206
1563:Middlewares/ST/STM32_WPAN/ble/core/auto/ble_gap_aci.c ****     return BLE_STATUS_TIMEOUT;
1564:Middlewares/ST/STM32_WPAN/ble/core/auto/ble_gap_aci.c ****   return status;
 6296              		.loc 1 1564 3 is_stmt 1 view .LVU2190
 6297              		.loc 1 1564 10 is_stmt 0 view .LVU2191
 6298 004e 3078     		ldrb	r0, [r6]	@ zero_extendqisi2
 6299              	.L205:
1565:Middlewares/ST/STM32_WPAN/ble/core/auto/ble_gap_aci.c **** }
 6300              		.loc 1 1565 1 view .LVU2192
 6301 0050 49B0     		add	sp, sp, #292
 6302              		.cfi_remember_state
 6303              		.cfi_def_cfa_offset 20
 6304              		@ sp needed
 6305 0052 F0BD     		pop	{r4, r5, r6, r7, pc}
 6306              	.LVL659:
 6307              	.L206:
 6308              		.cfi_restore_state
1563:Middlewares/ST/STM32_WPAN/ble/core/auto/ble_gap_aci.c ****     return BLE_STATUS_TIMEOUT;
 6309              		.loc 1 1563 12 view .LVU2193
 6310 0054 FF20     		movs	r0, #255
 6311 0056 FBE7     		b	.L205
 6312              		.cfi_endproc
 6313              	.LFE50:
 6315              		.section	.text.aci_gap_ext_start_scan,"ax",%progbits
 6316              		.align	1
 6317              		.global	aci_gap_ext_start_scan
 6318              		.syntax unified
 6319              		.thumb
 6320              		.thumb_func
 6322              	aci_gap_ext_start_scan:
 6323              	.LVL660:
 6324              	.LFB51:
1566:Middlewares/ST/STM32_WPAN/ble/core/auto/ble_gap_aci.c **** 
1567:Middlewares/ST/STM32_WPAN/ble/core/auto/ble_gap_aci.c **** tBleStatus aci_gap_ext_start_scan( uint8_t Scan_Mode,
1568:Middlewares/ST/STM32_WPAN/ble/core/auto/ble_gap_aci.c ****                                    uint8_t Procedure,
1569:Middlewares/ST/STM32_WPAN/ble/core/auto/ble_gap_aci.c ****                                    uint8_t Own_Address_Type,
1570:Middlewares/ST/STM32_WPAN/ble/core/auto/ble_gap_aci.c ****                                    uint8_t Filter_Duplicates,
1571:Middlewares/ST/STM32_WPAN/ble/core/auto/ble_gap_aci.c ****                                    uint16_t Duration,
1572:Middlewares/ST/STM32_WPAN/ble/core/auto/ble_gap_aci.c ****                                    uint16_t Period,
ARM GAS  C:\Users\Nathan\AppData\Local\Temp\ccVQZ1bc.s 			page 139


1573:Middlewares/ST/STM32_WPAN/ble/core/auto/ble_gap_aci.c ****                                    uint8_t Scanning_Filter_Policy,
1574:Middlewares/ST/STM32_WPAN/ble/core/auto/ble_gap_aci.c ****                                    uint8_t Scanning_PHYs,
1575:Middlewares/ST/STM32_WPAN/ble/core/auto/ble_gap_aci.c ****                                    const Scan_Param_Phy_t* Scan_Param_Phy )
1576:Middlewares/ST/STM32_WPAN/ble/core/auto/ble_gap_aci.c **** {
 6325              		.loc 1 1576 1 is_stmt 1 view -0
 6326              		.cfi_startproc
 6327              		@ args = 20, pretend = 0, frame = 288
 6328              		@ frame_needed = 0, uses_anonymous_args = 0
 6329              		.loc 1 1576 1 is_stmt 0 view .LVU2195
 6330 0000 F0B5     		push	{r4, r5, r6, r7, lr}
 6331              		.cfi_def_cfa_offset 20
 6332              		.cfi_offset 4, -20
 6333              		.cfi_offset 5, -16
 6334              		.cfi_offset 6, -12
 6335              		.cfi_offset 7, -8
 6336              		.cfi_offset 14, -4
 6337 0002 C9B0     		sub	sp, sp, #292
 6338              		.cfi_def_cfa_offset 312
1577:Middlewares/ST/STM32_WPAN/ble/core/auto/ble_gap_aci.c ****   struct hci_request rq;
 6339              		.loc 1 1577 3 is_stmt 1 view .LVU2196
1578:Middlewares/ST/STM32_WPAN/ble/core/auto/ble_gap_aci.c ****   uint8_t cmd_buffer[BLE_CMD_MAX_PARAM_LEN];
 6340              		.loc 1 1578 3 view .LVU2197
1579:Middlewares/ST/STM32_WPAN/ble/core/auto/ble_gap_aci.c ****   aci_gap_ext_start_scan_cp0 *cp0 = (aci_gap_ext_start_scan_cp0*)(cmd_buffer);
 6341              		.loc 1 1579 3 view .LVU2198
 6342              	.LVL661:
1580:Middlewares/ST/STM32_WPAN/ble/core/auto/ble_gap_aci.c ****   tBleStatus status = 0;
 6343              		.loc 1 1580 3 view .LVU2199
 6344              		.loc 1 1580 14 is_stmt 0 view .LVU2200
 6345 0004 0DF10707 		add	r7, sp, #7
 6346 0008 0025     		movs	r5, #0
 6347 000a 8DF80750 		strb	r5, [sp, #7]
1581:Middlewares/ST/STM32_WPAN/ble/core/auto/ble_gap_aci.c ****   int index_input = 0;
 6348              		.loc 1 1581 3 is_stmt 1 view .LVU2201
 6349              	.LVL662:
1582:Middlewares/ST/STM32_WPAN/ble/core/auto/ble_gap_aci.c ****   cp0->Scan_Mode = Scan_Mode;
 6350              		.loc 1 1582 3 view .LVU2202
 6351              		.loc 1 1582 18 is_stmt 0 view .LVU2203
 6352 000e 02AC     		add	r4, sp, #8
 6353              	.LVL663:
 6354              		.loc 1 1582 18 view .LVU2204
 6355 0010 8DF80800 		strb	r0, [sp, #8]
1583:Middlewares/ST/STM32_WPAN/ble/core/auto/ble_gap_aci.c ****   index_input += 1;
 6356              		.loc 1 1583 3 is_stmt 1 view .LVU2205
 6357              	.LVL664:
1584:Middlewares/ST/STM32_WPAN/ble/core/auto/ble_gap_aci.c ****   cp0->Procedure = Procedure;
 6358              		.loc 1 1584 3 view .LVU2206
 6359              		.loc 1 1584 18 is_stmt 0 view .LVU2207
 6360 0014 8DF80910 		strb	r1, [sp, #9]
1585:Middlewares/ST/STM32_WPAN/ble/core/auto/ble_gap_aci.c ****   index_input += 1;
 6361              		.loc 1 1585 3 is_stmt 1 view .LVU2208
 6362              	.LVL665:
1586:Middlewares/ST/STM32_WPAN/ble/core/auto/ble_gap_aci.c ****   cp0->Own_Address_Type = Own_Address_Type;
 6363              		.loc 1 1586 3 view .LVU2209
 6364              		.loc 1 1586 25 is_stmt 0 view .LVU2210
 6365 0018 8DF80A20 		strb	r2, [sp, #10]
1587:Middlewares/ST/STM32_WPAN/ble/core/auto/ble_gap_aci.c ****   index_input += 1;
 6366              		.loc 1 1587 3 is_stmt 1 view .LVU2211
ARM GAS  C:\Users\Nathan\AppData\Local\Temp\ccVQZ1bc.s 			page 140


 6367              	.LVL666:
1588:Middlewares/ST/STM32_WPAN/ble/core/auto/ble_gap_aci.c ****   cp0->Filter_Duplicates = Filter_Duplicates;
 6368              		.loc 1 1588 3 view .LVU2212
 6369              		.loc 1 1588 26 is_stmt 0 view .LVU2213
 6370 001c 8DF80B30 		strb	r3, [sp, #11]
1589:Middlewares/ST/STM32_WPAN/ble/core/auto/ble_gap_aci.c ****   index_input += 1;
 6371              		.loc 1 1589 3 is_stmt 1 view .LVU2214
 6372              	.LVL667:
1590:Middlewares/ST/STM32_WPAN/ble/core/auto/ble_gap_aci.c ****   cp0->Duration = Duration;
 6373              		.loc 1 1590 3 view .LVU2215
 6374              		.loc 1 1590 17 is_stmt 0 view .LVU2216
 6375 0020 BDF83831 		ldrh	r3, [sp, #312]
 6376              	.LVL668:
 6377              		.loc 1 1590 17 view .LVU2217
 6378 0024 ADF80C30 		strh	r3, [sp, #12]	@ movhi
1591:Middlewares/ST/STM32_WPAN/ble/core/auto/ble_gap_aci.c ****   index_input += 2;
 6379              		.loc 1 1591 3 is_stmt 1 view .LVU2218
 6380              	.LVL669:
1592:Middlewares/ST/STM32_WPAN/ble/core/auto/ble_gap_aci.c ****   cp0->Period = Period;
 6381              		.loc 1 1592 3 view .LVU2219
 6382              		.loc 1 1592 15 is_stmt 0 view .LVU2220
 6383 0028 BDF83C31 		ldrh	r3, [sp, #316]
 6384 002c ADF80E30 		strh	r3, [sp, #14]	@ movhi
1593:Middlewares/ST/STM32_WPAN/ble/core/auto/ble_gap_aci.c ****   index_input += 2;
 6385              		.loc 1 1593 3 is_stmt 1 view .LVU2221
 6386              	.LVL670:
1594:Middlewares/ST/STM32_WPAN/ble/core/auto/ble_gap_aci.c ****   cp0->Scanning_Filter_Policy = Scanning_Filter_Policy;
 6387              		.loc 1 1594 3 view .LVU2222
 6388              		.loc 1 1594 31 is_stmt 0 view .LVU2223
 6389 0030 9DF84031 		ldrb	r3, [sp, #320]	@ zero_extendqisi2
 6390 0034 8DF81030 		strb	r3, [sp, #16]
1595:Middlewares/ST/STM32_WPAN/ble/core/auto/ble_gap_aci.c ****   index_input += 1;
 6391              		.loc 1 1595 3 is_stmt 1 view .LVU2224
 6392              	.LVL671:
1596:Middlewares/ST/STM32_WPAN/ble/core/auto/ble_gap_aci.c ****   cp0->Scanning_PHYs = Scanning_PHYs;
 6393              		.loc 1 1596 3 view .LVU2225
 6394              		.loc 1 1596 22 is_stmt 0 view .LVU2226
 6395 0038 9DF84431 		ldrb	r3, [sp, #324]	@ zero_extendqisi2
 6396 003c 8DF81130 		strb	r3, [sp, #17]
1597:Middlewares/ST/STM32_WPAN/ble/core/auto/ble_gap_aci.c ****   index_input += 1;
 6397              		.loc 1 1597 3 is_stmt 1 view .LVU2227
 6398              	.LVL672:
1598:Middlewares/ST/STM32_WPAN/ble/core/auto/ble_gap_aci.c ****   Osal_MemCpy( (void*)&cp0->Scan_Param_Phy, (const void*)Scan_Param_Phy, 10 );
 6399              		.loc 1 1598 3 view .LVU2228
 6400 0040 0A22     		movs	r2, #10
 6401              	.LVL673:
 6402              		.loc 1 1598 3 is_stmt 0 view .LVU2229
 6403 0042 5299     		ldr	r1, [sp, #328]
 6404              	.LVL674:
 6405              		.loc 1 1598 3 view .LVU2230
 6406 0044 0DF11200 		add	r0, sp, #18
 6407              	.LVL675:
 6408              		.loc 1 1598 3 view .LVU2231
 6409 0048 FFF7FEFF 		bl	Osal_MemCpy
 6410              	.LVL676:
1599:Middlewares/ST/STM32_WPAN/ble/core/auto/ble_gap_aci.c ****   index_input += 10;
 6411              		.loc 1 1599 3 is_stmt 1 view .LVU2232
ARM GAS  C:\Users\Nathan\AppData\Local\Temp\ccVQZ1bc.s 			page 141


1600:Middlewares/ST/STM32_WPAN/ble/core/auto/ble_gap_aci.c ****   Osal_MemSet( &rq, 0, sizeof(rq) );
 6412              		.loc 1 1600 3 view .LVU2233
 6413 004c 42AE     		add	r6, sp, #264
 6414 004e 1822     		movs	r2, #24
 6415 0050 2946     		mov	r1, r5
 6416 0052 3046     		mov	r0, r6
 6417 0054 FFF7FEFF 		bl	Osal_MemSet
 6418              	.LVL677:
1601:Middlewares/ST/STM32_WPAN/ble/core/auto/ble_gap_aci.c ****   rq.ogf = 0x3f;
 6419              		.loc 1 1601 3 view .LVU2234
 6420              		.loc 1 1601 10 is_stmt 0 view .LVU2235
 6421 0058 3F23     		movs	r3, #63
 6422 005a ADF80831 		strh	r3, [sp, #264]	@ movhi
1602:Middlewares/ST/STM32_WPAN/ble/core/auto/ble_gap_aci.c ****   rq.ocf = 0x0d0;
 6423              		.loc 1 1602 3 is_stmt 1 view .LVU2236
 6424              		.loc 1 1602 10 is_stmt 0 view .LVU2237
 6425 005e D023     		movs	r3, #208
 6426 0060 ADF80A31 		strh	r3, [sp, #266]	@ movhi
1603:Middlewares/ST/STM32_WPAN/ble/core/auto/ble_gap_aci.c ****   rq.event = 0x0F;
 6427              		.loc 1 1603 3 is_stmt 1 view .LVU2238
 6428              		.loc 1 1603 12 is_stmt 0 view .LVU2239
 6429 0064 0F23     		movs	r3, #15
 6430 0066 4393     		str	r3, [sp, #268]
1604:Middlewares/ST/STM32_WPAN/ble/core/auto/ble_gap_aci.c ****   rq.cparam = cmd_buffer;
 6431              		.loc 1 1604 3 is_stmt 1 view .LVU2240
 6432              		.loc 1 1604 13 is_stmt 0 view .LVU2241
 6433 0068 4494     		str	r4, [sp, #272]
1605:Middlewares/ST/STM32_WPAN/ble/core/auto/ble_gap_aci.c ****   rq.clen = index_input;
 6434              		.loc 1 1605 3 is_stmt 1 view .LVU2242
 6435              		.loc 1 1605 11 is_stmt 0 view .LVU2243
 6436 006a 1423     		movs	r3, #20
 6437 006c 4593     		str	r3, [sp, #276]
1606:Middlewares/ST/STM32_WPAN/ble/core/auto/ble_gap_aci.c ****   rq.rparam = &status;
 6438              		.loc 1 1606 3 is_stmt 1 view .LVU2244
 6439              		.loc 1 1606 13 is_stmt 0 view .LVU2245
 6440 006e 4697     		str	r7, [sp, #280]
1607:Middlewares/ST/STM32_WPAN/ble/core/auto/ble_gap_aci.c ****   rq.rlen = 1;
 6441              		.loc 1 1607 3 is_stmt 1 view .LVU2246
 6442              		.loc 1 1607 11 is_stmt 0 view .LVU2247
 6443 0070 0123     		movs	r3, #1
 6444 0072 4793     		str	r3, [sp, #284]
1608:Middlewares/ST/STM32_WPAN/ble/core/auto/ble_gap_aci.c ****   if ( hci_send_req(&rq, FALSE) < 0 )
 6445              		.loc 1 1608 3 is_stmt 1 view .LVU2248
 6446              		.loc 1 1608 8 is_stmt 0 view .LVU2249
 6447 0074 2946     		mov	r1, r5
 6448 0076 3046     		mov	r0, r6
 6449 0078 FFF7FEFF 		bl	hci_send_req
 6450              	.LVL678:
 6451              		.loc 1 1608 6 discriminator 1 view .LVU2250
 6452 007c A842     		cmp	r0, r5
 6453 007e 02DB     		blt	.L210
1609:Middlewares/ST/STM32_WPAN/ble/core/auto/ble_gap_aci.c ****     return BLE_STATUS_TIMEOUT;
1610:Middlewares/ST/STM32_WPAN/ble/core/auto/ble_gap_aci.c ****   return status;
 6454              		.loc 1 1610 3 is_stmt 1 view .LVU2251
 6455              		.loc 1 1610 10 is_stmt 0 view .LVU2252
 6456 0080 3878     		ldrb	r0, [r7]	@ zero_extendqisi2
 6457              	.L209:
ARM GAS  C:\Users\Nathan\AppData\Local\Temp\ccVQZ1bc.s 			page 142


1611:Middlewares/ST/STM32_WPAN/ble/core/auto/ble_gap_aci.c **** }
 6458              		.loc 1 1611 1 view .LVU2253
 6459 0082 49B0     		add	sp, sp, #292
 6460              		.cfi_remember_state
 6461              		.cfi_def_cfa_offset 20
 6462              		@ sp needed
 6463 0084 F0BD     		pop	{r4, r5, r6, r7, pc}
 6464              	.LVL679:
 6465              	.L210:
 6466              		.cfi_restore_state
1609:Middlewares/ST/STM32_WPAN/ble/core/auto/ble_gap_aci.c ****     return BLE_STATUS_TIMEOUT;
 6467              		.loc 1 1609 12 view .LVU2254
 6468 0086 FF20     		movs	r0, #255
 6469 0088 FBE7     		b	.L209
 6470              		.cfi_endproc
 6471              	.LFE51:
 6473              		.section	.text.aci_gap_ext_create_connection,"ax",%progbits
 6474              		.align	1
 6475              		.global	aci_gap_ext_create_connection
 6476              		.syntax unified
 6477              		.thumb
 6478              		.thumb_func
 6480              	aci_gap_ext_create_connection:
 6481              	.LVL680:
 6482              	.LFB52:
1612:Middlewares/ST/STM32_WPAN/ble/core/auto/ble_gap_aci.c **** 
1613:Middlewares/ST/STM32_WPAN/ble/core/auto/ble_gap_aci.c **** tBleStatus aci_gap_ext_create_connection( uint8_t Initiating_Mode,
1614:Middlewares/ST/STM32_WPAN/ble/core/auto/ble_gap_aci.c ****                                           uint8_t Procedure,
1615:Middlewares/ST/STM32_WPAN/ble/core/auto/ble_gap_aci.c ****                                           uint8_t Own_Address_Type,
1616:Middlewares/ST/STM32_WPAN/ble/core/auto/ble_gap_aci.c ****                                           uint8_t Peer_Address_Type,
1617:Middlewares/ST/STM32_WPAN/ble/core/auto/ble_gap_aci.c ****                                           const uint8_t* Peer_Address,
1618:Middlewares/ST/STM32_WPAN/ble/core/auto/ble_gap_aci.c ****                                           uint8_t Advertising_Handle,
1619:Middlewares/ST/STM32_WPAN/ble/core/auto/ble_gap_aci.c ****                                           uint8_t Subevent,
1620:Middlewares/ST/STM32_WPAN/ble/core/auto/ble_gap_aci.c ****                                           uint8_t Initiator_Filter_Policy,
1621:Middlewares/ST/STM32_WPAN/ble/core/auto/ble_gap_aci.c ****                                           uint8_t Initiating_PHYs,
1622:Middlewares/ST/STM32_WPAN/ble/core/auto/ble_gap_aci.c ****                                           const Init_Param_Phy_t* Init_Param_Phy )
1623:Middlewares/ST/STM32_WPAN/ble/core/auto/ble_gap_aci.c **** {
 6483              		.loc 1 1623 1 is_stmt 1 view -0
 6484              		.cfi_startproc
 6485              		@ args = 24, pretend = 0, frame = 288
 6486              		@ frame_needed = 0, uses_anonymous_args = 0
 6487              		.loc 1 1623 1 is_stmt 0 view .LVU2256
 6488 0000 F0B5     		push	{r4, r5, r6, r7, lr}
 6489              		.cfi_def_cfa_offset 20
 6490              		.cfi_offset 4, -20
 6491              		.cfi_offset 5, -16
 6492              		.cfi_offset 6, -12
 6493              		.cfi_offset 7, -8
 6494              		.cfi_offset 14, -4
 6495 0002 C9B0     		sub	sp, sp, #292
 6496              		.cfi_def_cfa_offset 312
1624:Middlewares/ST/STM32_WPAN/ble/core/auto/ble_gap_aci.c ****   struct hci_request rq;
 6497              		.loc 1 1624 3 is_stmt 1 view .LVU2257
1625:Middlewares/ST/STM32_WPAN/ble/core/auto/ble_gap_aci.c ****   uint8_t cmd_buffer[BLE_CMD_MAX_PARAM_LEN];
 6498              		.loc 1 1625 3 view .LVU2258
1626:Middlewares/ST/STM32_WPAN/ble/core/auto/ble_gap_aci.c ****   aci_gap_ext_create_connection_cp0 *cp0 = (aci_gap_ext_create_connection_cp0*)(cmd_buffer);
 6499              		.loc 1 1626 3 view .LVU2259
ARM GAS  C:\Users\Nathan\AppData\Local\Temp\ccVQZ1bc.s 			page 143


 6500              	.LVL681:
1627:Middlewares/ST/STM32_WPAN/ble/core/auto/ble_gap_aci.c ****   tBleStatus status = 0;
 6501              		.loc 1 1627 3 view .LVU2260
 6502              		.loc 1 1627 14 is_stmt 0 view .LVU2261
 6503 0004 0DF10707 		add	r7, sp, #7
 6504 0008 0025     		movs	r5, #0
 6505 000a 8DF80750 		strb	r5, [sp, #7]
1628:Middlewares/ST/STM32_WPAN/ble/core/auto/ble_gap_aci.c ****   int index_input = 0;
 6506              		.loc 1 1628 3 is_stmt 1 view .LVU2262
 6507              	.LVL682:
1629:Middlewares/ST/STM32_WPAN/ble/core/auto/ble_gap_aci.c ****   cp0->Initiating_Mode = Initiating_Mode;
 6508              		.loc 1 1629 3 view .LVU2263
 6509              		.loc 1 1629 24 is_stmt 0 view .LVU2264
 6510 000e 02AC     		add	r4, sp, #8
 6511              	.LVL683:
 6512              		.loc 1 1629 24 view .LVU2265
 6513 0010 8DF80800 		strb	r0, [sp, #8]
1630:Middlewares/ST/STM32_WPAN/ble/core/auto/ble_gap_aci.c ****   index_input += 1;
 6514              		.loc 1 1630 3 is_stmt 1 view .LVU2266
 6515              	.LVL684:
1631:Middlewares/ST/STM32_WPAN/ble/core/auto/ble_gap_aci.c ****   cp0->Procedure = Procedure;
 6516              		.loc 1 1631 3 view .LVU2267
 6517              		.loc 1 1631 18 is_stmt 0 view .LVU2268
 6518 0014 8DF80910 		strb	r1, [sp, #9]
1632:Middlewares/ST/STM32_WPAN/ble/core/auto/ble_gap_aci.c ****   index_input += 1;
 6519              		.loc 1 1632 3 is_stmt 1 view .LVU2269
 6520              	.LVL685:
1633:Middlewares/ST/STM32_WPAN/ble/core/auto/ble_gap_aci.c ****   cp0->Own_Address_Type = Own_Address_Type;
 6521              		.loc 1 1633 3 view .LVU2270
 6522              		.loc 1 1633 25 is_stmt 0 view .LVU2271
 6523 0018 8DF80A20 		strb	r2, [sp, #10]
1634:Middlewares/ST/STM32_WPAN/ble/core/auto/ble_gap_aci.c ****   index_input += 1;
 6524              		.loc 1 1634 3 is_stmt 1 view .LVU2272
 6525              	.LVL686:
1635:Middlewares/ST/STM32_WPAN/ble/core/auto/ble_gap_aci.c ****   cp0->Peer_Address_Type = Peer_Address_Type;
 6526              		.loc 1 1635 3 view .LVU2273
 6527              		.loc 1 1635 26 is_stmt 0 view .LVU2274
 6528 001c 8DF80B30 		strb	r3, [sp, #11]
1636:Middlewares/ST/STM32_WPAN/ble/core/auto/ble_gap_aci.c ****   index_input += 1;
 6529              		.loc 1 1636 3 is_stmt 1 view .LVU2275
 6530              	.LVL687:
1637:Middlewares/ST/STM32_WPAN/ble/core/auto/ble_gap_aci.c ****   Osal_MemCpy( (void*)&cp0->Peer_Address, (const void*)Peer_Address, 6 );
 6531              		.loc 1 1637 3 view .LVU2276
 6532 0020 0622     		movs	r2, #6
 6533              	.LVL688:
 6534              		.loc 1 1637 3 is_stmt 0 view .LVU2277
 6535 0022 4E99     		ldr	r1, [sp, #312]
 6536              	.LVL689:
 6537              		.loc 1 1637 3 view .LVU2278
 6538 0024 03A8     		add	r0, sp, #12
 6539              	.LVL690:
 6540              		.loc 1 1637 3 view .LVU2279
 6541 0026 FFF7FEFF 		bl	Osal_MemCpy
 6542              	.LVL691:
1638:Middlewares/ST/STM32_WPAN/ble/core/auto/ble_gap_aci.c ****   index_input += 6;
 6543              		.loc 1 1638 3 is_stmt 1 view .LVU2280
1639:Middlewares/ST/STM32_WPAN/ble/core/auto/ble_gap_aci.c ****   cp0->Advertising_Handle = Advertising_Handle;
ARM GAS  C:\Users\Nathan\AppData\Local\Temp\ccVQZ1bc.s 			page 144


 6544              		.loc 1 1639 3 view .LVU2281
 6545              		.loc 1 1639 27 is_stmt 0 view .LVU2282
 6546 002a 9DF83C31 		ldrb	r3, [sp, #316]	@ zero_extendqisi2
 6547 002e 8DF81230 		strb	r3, [sp, #18]
1640:Middlewares/ST/STM32_WPAN/ble/core/auto/ble_gap_aci.c ****   index_input += 1;
 6548              		.loc 1 1640 3 is_stmt 1 view .LVU2283
 6549              	.LVL692:
1641:Middlewares/ST/STM32_WPAN/ble/core/auto/ble_gap_aci.c ****   cp0->Subevent = Subevent;
 6550              		.loc 1 1641 3 view .LVU2284
 6551              		.loc 1 1641 17 is_stmt 0 view .LVU2285
 6552 0032 9DF84031 		ldrb	r3, [sp, #320]	@ zero_extendqisi2
 6553 0036 8DF81330 		strb	r3, [sp, #19]
1642:Middlewares/ST/STM32_WPAN/ble/core/auto/ble_gap_aci.c ****   index_input += 1;
 6554              		.loc 1 1642 3 is_stmt 1 view .LVU2286
 6555              	.LVL693:
1643:Middlewares/ST/STM32_WPAN/ble/core/auto/ble_gap_aci.c ****   cp0->Initiator_Filter_Policy = Initiator_Filter_Policy;
 6556              		.loc 1 1643 3 view .LVU2287
 6557              		.loc 1 1643 32 is_stmt 0 view .LVU2288
 6558 003a 9DF84431 		ldrb	r3, [sp, #324]	@ zero_extendqisi2
 6559 003e 8DF81430 		strb	r3, [sp, #20]
1644:Middlewares/ST/STM32_WPAN/ble/core/auto/ble_gap_aci.c ****   index_input += 1;
 6560              		.loc 1 1644 3 is_stmt 1 view .LVU2289
 6561              	.LVL694:
1645:Middlewares/ST/STM32_WPAN/ble/core/auto/ble_gap_aci.c ****   cp0->Initiating_PHYs = Initiating_PHYs;
 6562              		.loc 1 1645 3 view .LVU2290
 6563              		.loc 1 1645 24 is_stmt 0 view .LVU2291
 6564 0042 9DF84831 		ldrb	r3, [sp, #328]	@ zero_extendqisi2
 6565 0046 8DF81530 		strb	r3, [sp, #21]
1646:Middlewares/ST/STM32_WPAN/ble/core/auto/ble_gap_aci.c ****   index_input += 1;
 6566              		.loc 1 1646 3 is_stmt 1 view .LVU2292
 6567              	.LVL695:
1647:Middlewares/ST/STM32_WPAN/ble/core/auto/ble_gap_aci.c ****   Osal_MemCpy( (void*)&cp0->Init_Param_Phy, (const void*)Init_Param_Phy, 48 );
 6568              		.loc 1 1647 3 view .LVU2293
 6569 004a 3022     		movs	r2, #48
 6570 004c 5399     		ldr	r1, [sp, #332]
 6571 004e 0DF11600 		add	r0, sp, #22
 6572 0052 FFF7FEFF 		bl	Osal_MemCpy
 6573              	.LVL696:
1648:Middlewares/ST/STM32_WPAN/ble/core/auto/ble_gap_aci.c ****   index_input += 48;
 6574              		.loc 1 1648 3 view .LVU2294
1649:Middlewares/ST/STM32_WPAN/ble/core/auto/ble_gap_aci.c ****   Osal_MemSet( &rq, 0, sizeof(rq) );
 6575              		.loc 1 1649 3 view .LVU2295
 6576 0056 42AE     		add	r6, sp, #264
 6577 0058 1822     		movs	r2, #24
 6578 005a 2946     		mov	r1, r5
 6579 005c 3046     		mov	r0, r6
 6580 005e FFF7FEFF 		bl	Osal_MemSet
 6581              	.LVL697:
1650:Middlewares/ST/STM32_WPAN/ble/core/auto/ble_gap_aci.c ****   rq.ogf = 0x3f;
 6582              		.loc 1 1650 3 view .LVU2296
 6583              		.loc 1 1650 10 is_stmt 0 view .LVU2297
 6584 0062 3F23     		movs	r3, #63
 6585 0064 ADF80831 		strh	r3, [sp, #264]	@ movhi
1651:Middlewares/ST/STM32_WPAN/ble/core/auto/ble_gap_aci.c ****   rq.ocf = 0x0d1;
 6586              		.loc 1 1651 3 is_stmt 1 view .LVU2298
 6587              		.loc 1 1651 10 is_stmt 0 view .LVU2299
 6588 0068 D123     		movs	r3, #209
ARM GAS  C:\Users\Nathan\AppData\Local\Temp\ccVQZ1bc.s 			page 145


 6589 006a ADF80A31 		strh	r3, [sp, #266]	@ movhi
1652:Middlewares/ST/STM32_WPAN/ble/core/auto/ble_gap_aci.c ****   rq.event = 0x0F;
 6590              		.loc 1 1652 3 is_stmt 1 view .LVU2300
 6591              		.loc 1 1652 12 is_stmt 0 view .LVU2301
 6592 006e 0F23     		movs	r3, #15
 6593 0070 4393     		str	r3, [sp, #268]
1653:Middlewares/ST/STM32_WPAN/ble/core/auto/ble_gap_aci.c ****   rq.cparam = cmd_buffer;
 6594              		.loc 1 1653 3 is_stmt 1 view .LVU2302
 6595              		.loc 1 1653 13 is_stmt 0 view .LVU2303
 6596 0072 4494     		str	r4, [sp, #272]
1654:Middlewares/ST/STM32_WPAN/ble/core/auto/ble_gap_aci.c ****   rq.clen = index_input;
 6597              		.loc 1 1654 3 is_stmt 1 view .LVU2304
 6598              		.loc 1 1654 11 is_stmt 0 view .LVU2305
 6599 0074 3E23     		movs	r3, #62
 6600 0076 4593     		str	r3, [sp, #276]
1655:Middlewares/ST/STM32_WPAN/ble/core/auto/ble_gap_aci.c ****   rq.rparam = &status;
 6601              		.loc 1 1655 3 is_stmt 1 view .LVU2306
 6602              		.loc 1 1655 13 is_stmt 0 view .LVU2307
 6603 0078 4697     		str	r7, [sp, #280]
1656:Middlewares/ST/STM32_WPAN/ble/core/auto/ble_gap_aci.c ****   rq.rlen = 1;
 6604              		.loc 1 1656 3 is_stmt 1 view .LVU2308
 6605              		.loc 1 1656 11 is_stmt 0 view .LVU2309
 6606 007a 0123     		movs	r3, #1
 6607 007c 4793     		str	r3, [sp, #284]
1657:Middlewares/ST/STM32_WPAN/ble/core/auto/ble_gap_aci.c ****   if ( hci_send_req(&rq, FALSE) < 0 )
 6608              		.loc 1 1657 3 is_stmt 1 view .LVU2310
 6609              		.loc 1 1657 8 is_stmt 0 view .LVU2311
 6610 007e 2946     		mov	r1, r5
 6611 0080 3046     		mov	r0, r6
 6612 0082 FFF7FEFF 		bl	hci_send_req
 6613              	.LVL698:
 6614              		.loc 1 1657 6 discriminator 1 view .LVU2312
 6615 0086 A842     		cmp	r0, r5
 6616 0088 02DB     		blt	.L214
1658:Middlewares/ST/STM32_WPAN/ble/core/auto/ble_gap_aci.c ****     return BLE_STATUS_TIMEOUT;
1659:Middlewares/ST/STM32_WPAN/ble/core/auto/ble_gap_aci.c ****   return status;
 6617              		.loc 1 1659 3 is_stmt 1 view .LVU2313
 6618              		.loc 1 1659 10 is_stmt 0 view .LVU2314
 6619 008a 3878     		ldrb	r0, [r7]	@ zero_extendqisi2
 6620              	.L213:
1660:Middlewares/ST/STM32_WPAN/ble/core/auto/ble_gap_aci.c **** }
 6621              		.loc 1 1660 1 view .LVU2315
 6622 008c 49B0     		add	sp, sp, #292
 6623              		.cfi_remember_state
 6624              		.cfi_def_cfa_offset 20
 6625              		@ sp needed
 6626 008e F0BD     		pop	{r4, r5, r6, r7, pc}
 6627              	.LVL699:
 6628              	.L214:
 6629              		.cfi_restore_state
1658:Middlewares/ST/STM32_WPAN/ble/core/auto/ble_gap_aci.c ****     return BLE_STATUS_TIMEOUT;
 6630              		.loc 1 1658 12 view .LVU2316
 6631 0090 FF20     		movs	r0, #255
 6632 0092 FBE7     		b	.L213
 6633              		.cfi_endproc
 6634              	.LFE52:
 6636              		.text
ARM GAS  C:\Users\Nathan\AppData\Local\Temp\ccVQZ1bc.s 			page 146


 6637              	.Letext0:
 6638              		.file 2 "C:/Users/Nathan/AppData/Roaming/Code/User/globalStorage/bmd.stm32-for-vscode/@xpack-dev-t
 6639              		.file 3 "C:/Users/Nathan/AppData/Roaming/Code/User/globalStorage/bmd.stm32-for-vscode/@xpack-dev-t
 6640              		.file 4 "Middlewares/ST/STM32_WPAN/ble/core/template/ble_const.h"
 6641              		.file 5 "Middlewares/ST/STM32_WPAN/ble/core/auto/ble_types.h"
 6642              		.file 6 "Middlewares/ST/STM32_WPAN/ble/core/template/osal.h"
ARM GAS  C:\Users\Nathan\AppData\Local\Temp\ccVQZ1bc.s 			page 147


DEFINED SYMBOLS
                            *ABS*:00000000 ble_gap_aci.c
C:\Users\Nathan\AppData\Local\Temp\ccVQZ1bc.s:21     .text.aci_gap_set_non_discoverable:00000000 $t
C:\Users\Nathan\AppData\Local\Temp\ccVQZ1bc.s:27     .text.aci_gap_set_non_discoverable:00000000 aci_gap_set_non_discoverable
C:\Users\Nathan\AppData\Local\Temp\ccVQZ1bc.s:96     .text.aci_gap_set_limited_discoverable:00000000 $t
C:\Users\Nathan\AppData\Local\Temp\ccVQZ1bc.s:102    .text.aci_gap_set_limited_discoverable:00000000 aci_gap_set_limited_discoverable
C:\Users\Nathan\AppData\Local\Temp\ccVQZ1bc.s:295    .text.aci_gap_set_discoverable:00000000 $t
C:\Users\Nathan\AppData\Local\Temp\ccVQZ1bc.s:301    .text.aci_gap_set_discoverable:00000000 aci_gap_set_discoverable
C:\Users\Nathan\AppData\Local\Temp\ccVQZ1bc.s:490    .text.aci_gap_set_direct_connectable:00000000 $t
C:\Users\Nathan\AppData\Local\Temp\ccVQZ1bc.s:496    .text.aci_gap_set_direct_connectable:00000000 aci_gap_set_direct_connectable
C:\Users\Nathan\AppData\Local\Temp\ccVQZ1bc.s:625    .text.aci_gap_set_io_capability:00000000 $t
C:\Users\Nathan\AppData\Local\Temp\ccVQZ1bc.s:631    .text.aci_gap_set_io_capability:00000000 aci_gap_set_io_capability
C:\Users\Nathan\AppData\Local\Temp\ccVQZ1bc.s:726    .text.aci_gap_set_authentication_requirement:00000000 $t
C:\Users\Nathan\AppData\Local\Temp\ccVQZ1bc.s:732    .text.aci_gap_set_authentication_requirement:00000000 aci_gap_set_authentication_requirement
C:\Users\Nathan\AppData\Local\Temp\ccVQZ1bc.s:879    .text.aci_gap_set_authorization_requirement:00000000 $t
C:\Users\Nathan\AppData\Local\Temp\ccVQZ1bc.s:885    .text.aci_gap_set_authorization_requirement:00000000 aci_gap_set_authorization_requirement
C:\Users\Nathan\AppData\Local\Temp\ccVQZ1bc.s:988    .text.aci_gap_pass_key_resp:00000000 $t
C:\Users\Nathan\AppData\Local\Temp\ccVQZ1bc.s:994    .text.aci_gap_pass_key_resp:00000000 aci_gap_pass_key_resp
C:\Users\Nathan\AppData\Local\Temp\ccVQZ1bc.s:1097   .text.aci_gap_authorization_resp:00000000 $t
C:\Users\Nathan\AppData\Local\Temp\ccVQZ1bc.s:1103   .text.aci_gap_authorization_resp:00000000 aci_gap_authorization_resp
C:\Users\Nathan\AppData\Local\Temp\ccVQZ1bc.s:1206   .text.aci_gap_init:00000000 $t
C:\Users\Nathan\AppData\Local\Temp\ccVQZ1bc.s:1212   .text.aci_gap_init:00000000 aci_gap_init
C:\Users\Nathan\AppData\Local\Temp\ccVQZ1bc.s:1351   .text.aci_gap_set_non_connectable:00000000 $t
C:\Users\Nathan\AppData\Local\Temp\ccVQZ1bc.s:1357   .text.aci_gap_set_non_connectable:00000000 aci_gap_set_non_connectable
C:\Users\Nathan\AppData\Local\Temp\ccVQZ1bc.s:1460   .text.aci_gap_set_undirected_connectable:00000000 $t
C:\Users\Nathan\AppData\Local\Temp\ccVQZ1bc.s:1466   .text.aci_gap_set_undirected_connectable:00000000 aci_gap_set_undirected_connectable
C:\Users\Nathan\AppData\Local\Temp\ccVQZ1bc.s:1581   .text.aci_gap_peripheral_security_req:00000000 $t
C:\Users\Nathan\AppData\Local\Temp\ccVQZ1bc.s:1587   .text.aci_gap_peripheral_security_req:00000000 aci_gap_peripheral_security_req
C:\Users\Nathan\AppData\Local\Temp\ccVQZ1bc.s:1687   .text.aci_gap_update_adv_data:00000000 $t
C:\Users\Nathan\AppData\Local\Temp\ccVQZ1bc.s:1693   .text.aci_gap_update_adv_data:00000000 aci_gap_update_adv_data
C:\Users\Nathan\AppData\Local\Temp\ccVQZ1bc.s:1799   .text.aci_gap_delete_ad_type:00000000 $t
C:\Users\Nathan\AppData\Local\Temp\ccVQZ1bc.s:1805   .text.aci_gap_delete_ad_type:00000000 aci_gap_delete_ad_type
C:\Users\Nathan\AppData\Local\Temp\ccVQZ1bc.s:1900   .text.aci_gap_get_security_level:00000000 $t
C:\Users\Nathan\AppData\Local\Temp\ccVQZ1bc.s:1906   .text.aci_gap_get_security_level:00000000 aci_gap_get_security_level
C:\Users\Nathan\AppData\Local\Temp\ccVQZ1bc.s:2027   .text.aci_gap_set_event_mask:00000000 $t
C:\Users\Nathan\AppData\Local\Temp\ccVQZ1bc.s:2033   .text.aci_gap_set_event_mask:00000000 aci_gap_set_event_mask
C:\Users\Nathan\AppData\Local\Temp\ccVQZ1bc.s:2129   .text.aci_gap_configure_filter_accept_list:00000000 $t
C:\Users\Nathan\AppData\Local\Temp\ccVQZ1bc.s:2135   .text.aci_gap_configure_filter_accept_list:00000000 aci_gap_configure_filter_accept_list
C:\Users\Nathan\AppData\Local\Temp\ccVQZ1bc.s:2204   .text.aci_gap_terminate:00000000 $t
C:\Users\Nathan\AppData\Local\Temp\ccVQZ1bc.s:2210   .text.aci_gap_terminate:00000000 aci_gap_terminate
C:\Users\Nathan\AppData\Local\Temp\ccVQZ1bc.s:2317   .text.aci_gap_clear_security_db:00000000 $t
C:\Users\Nathan\AppData\Local\Temp\ccVQZ1bc.s:2323   .text.aci_gap_clear_security_db:00000000 aci_gap_clear_security_db
C:\Users\Nathan\AppData\Local\Temp\ccVQZ1bc.s:2392   .text.aci_gap_allow_rebond:00000000 $t
C:\Users\Nathan\AppData\Local\Temp\ccVQZ1bc.s:2398   .text.aci_gap_allow_rebond:00000000 aci_gap_allow_rebond
C:\Users\Nathan\AppData\Local\Temp\ccVQZ1bc.s:2494   .text.aci_gap_start_limited_discovery_proc:00000000 $t
C:\Users\Nathan\AppData\Local\Temp\ccVQZ1bc.s:2500   .text.aci_gap_start_limited_discovery_proc:00000000 aci_gap_start_limited_discovery_proc
C:\Users\Nathan\AppData\Local\Temp\ccVQZ1bc.s:2619   .text.aci_gap_start_general_discovery_proc:00000000 $t
C:\Users\Nathan\AppData\Local\Temp\ccVQZ1bc.s:2625   .text.aci_gap_start_general_discovery_proc:00000000 aci_gap_start_general_discovery_proc
C:\Users\Nathan\AppData\Local\Temp\ccVQZ1bc.s:2744   .text.aci_gap_start_auto_connection_establish_proc:00000000 $t
C:\Users\Nathan\AppData\Local\Temp\ccVQZ1bc.s:2750   .text.aci_gap_start_auto_connection_establish_proc:00000000 aci_gap_start_auto_connection_establish_proc
C:\Users\Nathan\AppData\Local\Temp\ccVQZ1bc.s:2918   .text.aci_gap_start_general_connection_establish_proc:00000000 $t
C:\Users\Nathan\AppData\Local\Temp\ccVQZ1bc.s:2924   .text.aci_gap_start_general_connection_establish_proc:00000000 aci_gap_start_general_connection_establish_proc
C:\Users\Nathan\AppData\Local\Temp\ccVQZ1bc.s:3057   .text.aci_gap_start_selective_connection_establish_proc:00000000 $t
C:\Users\Nathan\AppData\Local\Temp\ccVQZ1bc.s:3063   .text.aci_gap_start_selective_connection_establish_proc:00000000 aci_gap_start_selective_connection_establish_proc
C:\Users\Nathan\AppData\Local\Temp\ccVQZ1bc.s:3213   .text.aci_gap_create_connection:00000000 $t
C:\Users\Nathan\AppData\Local\Temp\ccVQZ1bc.s:3219   .text.aci_gap_create_connection:00000000 aci_gap_create_connection
C:\Users\Nathan\AppData\Local\Temp\ccVQZ1bc.s:3382   .text.aci_gap_terminate_gap_proc:00000000 $t
ARM GAS  C:\Users\Nathan\AppData\Local\Temp\ccVQZ1bc.s 			page 148


C:\Users\Nathan\AppData\Local\Temp\ccVQZ1bc.s:3388   .text.aci_gap_terminate_gap_proc:00000000 aci_gap_terminate_gap_proc
C:\Users\Nathan\AppData\Local\Temp\ccVQZ1bc.s:3483   .text.aci_gap_start_connection_update:00000000 $t
C:\Users\Nathan\AppData\Local\Temp\ccVQZ1bc.s:3489   .text.aci_gap_start_connection_update:00000000 aci_gap_start_connection_update
C:\Users\Nathan\AppData\Local\Temp\ccVQZ1bc.s:3628   .text.aci_gap_send_pairing_req:00000000 $t
C:\Users\Nathan\AppData\Local\Temp\ccVQZ1bc.s:3634   .text.aci_gap_send_pairing_req:00000000 aci_gap_send_pairing_req
C:\Users\Nathan\AppData\Local\Temp\ccVQZ1bc.s:3741   .text.aci_gap_set_broadcast_mode:00000000 $t
C:\Users\Nathan\AppData\Local\Temp\ccVQZ1bc.s:3747   .text.aci_gap_set_broadcast_mode:00000000 aci_gap_set_broadcast_mode
C:\Users\Nathan\AppData\Local\Temp\ccVQZ1bc.s:3902   .text.aci_gap_start_observation_proc:00000000 $t
C:\Users\Nathan\AppData\Local\Temp\ccVQZ1bc.s:3908   .text.aci_gap_start_observation_proc:00000000 aci_gap_start_observation_proc
C:\Users\Nathan\AppData\Local\Temp\ccVQZ1bc.s:4041   .text.aci_gap_get_bonded_devices:00000000 $t
C:\Users\Nathan\AppData\Local\Temp\ccVQZ1bc.s:4047   .text.aci_gap_get_bonded_devices:00000000 aci_gap_get_bonded_devices
C:\Users\Nathan\AppData\Local\Temp\ccVQZ1bc.s:4147   .text.aci_gap_check_bonded_device:00000000 $t
C:\Users\Nathan\AppData\Local\Temp\ccVQZ1bc.s:4153   .text.aci_gap_check_bonded_device:00000000 aci_gap_check_bonded_device
C:\Users\Nathan\AppData\Local\Temp\ccVQZ1bc.s:4287   .text.aci_gap_numeric_comparison_value_confirm_yesno:00000000 $t
C:\Users\Nathan\AppData\Local\Temp\ccVQZ1bc.s:4293   .text.aci_gap_numeric_comparison_value_confirm_yesno:00000000 aci_gap_numeric_comparison_value_confirm_yesno
C:\Users\Nathan\AppData\Local\Temp\ccVQZ1bc.s:4396   .text.aci_gap_passkey_input:00000000 $t
C:\Users\Nathan\AppData\Local\Temp\ccVQZ1bc.s:4402   .text.aci_gap_passkey_input:00000000 aci_gap_passkey_input
C:\Users\Nathan\AppData\Local\Temp\ccVQZ1bc.s:4505   .text.aci_gap_get_oob_data:00000000 $t
C:\Users\Nathan\AppData\Local\Temp\ccVQZ1bc.s:4511   .text.aci_gap_get_oob_data:00000000 aci_gap_get_oob_data
C:\Users\Nathan\AppData\Local\Temp\ccVQZ1bc.s:4650   .text.aci_gap_set_oob_data:00000000 $t
C:\Users\Nathan\AppData\Local\Temp\ccVQZ1bc.s:4656   .text.aci_gap_set_oob_data:00000000 aci_gap_set_oob_data
C:\Users\Nathan\AppData\Local\Temp\ccVQZ1bc.s:4791   .text.aci_gap_remove_bonded_device:00000000 $t
C:\Users\Nathan\AppData\Local\Temp\ccVQZ1bc.s:4797   .text.aci_gap_remove_bonded_device:00000000 aci_gap_remove_bonded_device
C:\Users\Nathan\AppData\Local\Temp\ccVQZ1bc.s:4899   .text.aci_gap_add_devices_to_list:00000000 $t
C:\Users\Nathan\AppData\Local\Temp\ccVQZ1bc.s:4905   .text.aci_gap_add_devices_to_list:00000000 aci_gap_add_devices_to_list
C:\Users\Nathan\AppData\Local\Temp\ccVQZ1bc.s:5025   .text.aci_gap_pairing_request_reply:00000000 $t
C:\Users\Nathan\AppData\Local\Temp\ccVQZ1bc.s:5031   .text.aci_gap_pairing_request_reply:00000000 aci_gap_pairing_request_reply
C:\Users\Nathan\AppData\Local\Temp\ccVQZ1bc.s:5134   .text.aci_gap_additional_beacon_start:00000000 $t
C:\Users\Nathan\AppData\Local\Temp\ccVQZ1bc.s:5140   .text.aci_gap_additional_beacon_start:00000000 aci_gap_additional_beacon_start
C:\Users\Nathan\AppData\Local\Temp\ccVQZ1bc.s:5268   .text.aci_gap_additional_beacon_stop:00000000 $t
C:\Users\Nathan\AppData\Local\Temp\ccVQZ1bc.s:5274   .text.aci_gap_additional_beacon_stop:00000000 aci_gap_additional_beacon_stop
C:\Users\Nathan\AppData\Local\Temp\ccVQZ1bc.s:5343   .text.aci_gap_additional_beacon_set_data:00000000 $t
C:\Users\Nathan\AppData\Local\Temp\ccVQZ1bc.s:5349   .text.aci_gap_additional_beacon_set_data:00000000 aci_gap_additional_beacon_set_data
C:\Users\Nathan\AppData\Local\Temp\ccVQZ1bc.s:5455   .text.aci_gap_adv_set_configuration:00000000 $t
C:\Users\Nathan\AppData\Local\Temp\ccVQZ1bc.s:5461   .text.aci_gap_adv_set_configuration:00000000 aci_gap_adv_set_configuration
C:\Users\Nathan\AppData\Local\Temp\ccVQZ1bc.s:5645   .text.aci_gap_adv_set_enable:00000000 $t
C:\Users\Nathan\AppData\Local\Temp\ccVQZ1bc.s:5651   .text.aci_gap_adv_set_enable:00000000 aci_gap_adv_set_enable
C:\Users\Nathan\AppData\Local\Temp\ccVQZ1bc.s:5768   .text.aci_gap_adv_set_adv_data:00000000 $t
C:\Users\Nathan\AppData\Local\Temp\ccVQZ1bc.s:5774   .text.aci_gap_adv_set_adv_data:00000000 aci_gap_adv_set_adv_data
C:\Users\Nathan\AppData\Local\Temp\ccVQZ1bc.s:5900   .text.aci_gap_adv_set_scan_resp_data:00000000 $t
C:\Users\Nathan\AppData\Local\Temp\ccVQZ1bc.s:5906   .text.aci_gap_adv_set_scan_resp_data:00000000 aci_gap_adv_set_scan_resp_data
C:\Users\Nathan\AppData\Local\Temp\ccVQZ1bc.s:6032   .text.aci_gap_adv_remove_set:00000000 $t
C:\Users\Nathan\AppData\Local\Temp\ccVQZ1bc.s:6038   .text.aci_gap_adv_remove_set:00000000 aci_gap_adv_remove_set
C:\Users\Nathan\AppData\Local\Temp\ccVQZ1bc.s:6133   .text.aci_gap_adv_clear_sets:00000000 $t
C:\Users\Nathan\AppData\Local\Temp\ccVQZ1bc.s:6139   .text.aci_gap_adv_clear_sets:00000000 aci_gap_adv_clear_sets
C:\Users\Nathan\AppData\Local\Temp\ccVQZ1bc.s:6208   .text.aci_gap_adv_set_random_address:00000000 $t
C:\Users\Nathan\AppData\Local\Temp\ccVQZ1bc.s:6214   .text.aci_gap_adv_set_random_address:00000000 aci_gap_adv_set_random_address
C:\Users\Nathan\AppData\Local\Temp\ccVQZ1bc.s:6316   .text.aci_gap_ext_start_scan:00000000 $t
C:\Users\Nathan\AppData\Local\Temp\ccVQZ1bc.s:6322   .text.aci_gap_ext_start_scan:00000000 aci_gap_ext_start_scan
C:\Users\Nathan\AppData\Local\Temp\ccVQZ1bc.s:6474   .text.aci_gap_ext_create_connection:00000000 $t
C:\Users\Nathan\AppData\Local\Temp\ccVQZ1bc.s:6480   .text.aci_gap_ext_create_connection:00000000 aci_gap_ext_create_connection

UNDEFINED SYMBOLS
Osal_MemSet
hci_send_req
Osal_MemCpy
