:020000040800F2
:1000000000000320397D0008855700088757000845
:10001000895700088B5700088D5700080000000022
:100020000000000000000000000000008F570008E2
:1000300091570008000000009357000895570008EA
:10004000917D0008917D0008917D0008917D000858
:10005000917D0008917D0008917D0008917D000848
:10006000917D0008917D0008917D0008917D000838
:10007000917D0008917D0008917D0008917D000828
:10008000917D0008917D0008917D0008917D000818
:100090009D570008917D0008917D0008917D000822
:1000A000917D0008917D0008917D0008917D0008F8
:1000B000917D0008917D0008917D0008917D0008E8
:1000C000917D0008917D0008917D0008917D0008D8
:1000D000917D0008917D0008917D0008917D0008C8
:1000E000917D0008917D0008917D0008917D0008B8
:1000F000917D0008917D0008917D0008917D0008A8
:10010000917D0008917D0008917D0008917D000897
:10011000917D0008917D0008917D0008917D000887
:10012000917D0008917D0008917D0008917D000877
:0C013000917D0008917D0008917D000881
:1001400001F0FF01102A2BDB10F0070F08D010F888
:10015000013B013A8B422DD010F0070F42B3F6D18C
:10016000F0B441EA012141EA014122F007047FF0A5
:1001700000070023F0E80256083C85EA010586EAFC
:10018000010685FA47F5A3FA87F586FA47F6A5FA38
:1001900087F68EB9EED1F0BC01F0FF0102F0070244
:1001A00032B110F8013B013A83EA010313B1F8D1EF
:1001B0000020704701387047002D06BF35460338D0
:1001C000073815F0010F07D1013015F4807F02BF09
:1001D000013015F4C03F0130F0BC0138704700BF5A
:1001E000034613F8012B002AFBD1181A0138704777
:1001F00081F0004102E000BF83F0004330B54FEAD8
:1002000041044FEA430594EA050F08BF90EA020F44
:100210001FBF54EA000C55EA020C7FEA645C7FEAD7
:10022000655C00F0E2804FEA5454D4EB5555B8BFFA
:100230006D420CDD2C4480EA020281EA030382EA6B
:10024000000083EA010180EA020281EA0303362DFD
:1002500088BF30BD11F0004F4FEA01314FF4801CD0
:100260004CEA113102D0404261EB410113F0004FE2
:100270004FEA03334CEA133302D0524263EB430399
:1002800094EA050F00F0A780A4F10104D5F1200E37
:100290000DDB02FA0EFC22FA05F2801841F1000192
:1002A00003FA0EF2801843FA05F359410EE0A5F166
:1002B00020050EF1200E012A03FA0EFC28BF4CF097
:1002C000020C43FA05F3C01851EBE37101F000454D
:1002D00007D54FF0000EDCF1000C7EEB00006EEB5A
:1002E0000101B1F5801F1BD3B1F5001F0CD34908E4
:1002F0005FEA30004FEA3C0C04F101044FEA44523B
:1003000012F5800F80F09A80BCF1004F08BF5FEAC1
:10031000500C50F1000041EB045141EA050130BDA1
:100320005FEA4C0C404141EB0101013C28BFB1F5B3
:10033000801FE9D291F0000F04BF01460020B1FAFE
:1003400081F308BF2033A3F10B03B3F120020CDAD1
:100350000C3208DD02F1140CC2F10C0201FA0CF0AF
:1003600021FA02F10CE002F11402D8BFC2F1200C14
:1003700001FA02F120FA0CFCDCBF41EA0C019040CA
:10038000E41AA2BF01EB0451294330BD6FEA040413
:100390001F3C1CDA0C340EDC04F11404C4F12002FE
:1003A00020FA04F001FA02F340EA030021FA04F310
:1003B00045EA030130BDC4F10C04C4F1200220FA67
:1003C00002F001FA04F340EA0300294630BD21FAA5
:1003D00004F0294630BD94F0000F83F4801306BF6B
:1003E00081F480110134013D4EE77FEA645C18BF5F
:1003F0007FEA655C29D094EA050F08BF90EA020FF6
:1004000005D054EA000C04BF1946104630BD91EAED
:10041000030F1EBF0021002030BD5FEA545C05D1F0
:100420004000494128BF41F0004130BD14F580042F
:100430003CBF01F5801130BD01F0004545F0FE41A3
:1004400041F470014FF0000030BD7FEA645C1ABFD8
:10045000194610467FEA655C1CBF0B46024650EA0F
:10046000013406BF52EA033591EA030F41F400213B
:1004700030BD00BF90F0000F04BF0021704730B5C1
:100480004FF4806404F132044FF000054FF0000196
:1004900050E700BF90F0000F04BF0021704730B557
:1004A0004FF4806404F1320410F0004548BF40422C
:1004B0004FF000013EE700BF42004FEAE2014FEA81
:1004C00031014FEA02701FBF12F07F4393F07F4F5C
:1004D00081F06051704732F07F4208BF704793F05F
:1004E0007F4F04BF41F40021704730B54FF4607472
:1004F00001F0004521F000411CE700BF50EA010275
:1005000008BF704730B54FF000050AE050EA01021D
:1005100008BF704730B511F0004502D5404261EB8D
:1005200041014FF4806404F132045FEA915C3FF4CE
:10053000D8AE4FF003025FEADC0C18BF03325FEA6B
:10054000DC0C18BF033202EBDC02C2F1200300FA1C
:1005500003FC20FA02F001FA03FE40EA0E0021FA41
:1005600002F11444BDE600BF70B54FF0FF0C4CF42F
:10057000E06C1CEA11541DBF1CEA135594EA0C0FE1
:1005800095EA0C0F00F0DEF82C4481EA030621EA1C
:100590004C5123EA4C5350EA013518BF52EA033557
:1005A00041F4801143F4801338D0A0FB02CE4FF009
:1005B0000005E1FB02E506F00042E0FB03E54FF039
:1005C0000006E1FB03569CF0000F18BF4EF0010E31
:1005D000A4F1FF04B6F5007F64F5407404D25FEA2D
:1005E0004E0E6D4146EB060642EAC62141EA5551E0
:1005F0004FEAC52040EA5E504FEACE2EB4F1FD0C22
:1006000088BFBCF5E06F1ED8BEF1004F08BF5FEA9F
:10061000500E50F1000041EB045170BD06F0004651
:1006200046EA010140EA020081EA0301B4EB5C04FE
:10063000C2BFD4EB0C0541EA045170BD41F48011F6
:100640004FF0000E013C00F3AB8014F1360FDEBF1B
:10065000002001F0004170BDC4F10004203C35DAF7
:100660000C341BDC04F11404C4F1200500FA05F37A
:1006700020FA04F001FA05F240EA020001F000421B
:1006800021F0004110EBD37021FA04F642EB060191
:100690005EEA430E08BF20EAD37070BDC4F10C04BB
:1006A000C4F1200500FA04F320FA05F001FA04F27F
:1006B00040EA020001F0004110EBD37041F100016B
:1006C0005EEA430E08BF20EAD37070BDC4F1200576
:1006D00000FA05F24EEA020E20FA04F301FA05F2DE
:1006E00043EA020321FA04F001F0004121FA04F286
:1006F00020EA020000EBD3705EEA430E08BF20EA56
:10070000D37070BD94F0000F0FD101F0004640008F
:1007100041EB010111F4801F08BF013CF7D041EA11
:10072000060195F0000F18BF704703F00046520015
:1007300043EB030313F4801F08BF013DF7D043EAE6
:100740000603704794EA0C0F0CEA135518BF95EA9C
:100750000C0F0CD050EA410618BF52EA4306D1D123
:1007600081EA030101F000414FF0000070BD50EA42
:10077000410606BF1046194652EA430619D094EACC
:100780000C0F02D150EA013613D195EA0C0F05D1B6
:1007900052EA03361CBF104619460AD181EA03010A
:1007A00001F0004141F0FE4141F470014FF00000C2
:1007B00070BD41F0FE4141F4780170BD70B54FF05D
:1007C000FF0C4CF4E06C1CEA11541DBF1CEA1355DD
:1007D00094EA0C0F95EA0C0F00F0A7F8A4EB0504BF
:1007E00081EA030E52EA03354FEA013100F08880B6
:1007F0004FEA03334FF0805545EA131343EA12637F
:100800004FEA022245EA111545EA10654FEA002633
:100810000EF000419D4208BF964244F1FD0404F5EC
:10082000407402D25B084FEA3202B61A65EB030548
:100830005B084FEA32024FF480104FF4002CB6EB05
:10084000020E75EB030E22BFB61A754640EA0C0085
:100850005B084FEA3202B6EB020E75EB030E22BFC5
:10086000B61A754640EA5C005B084FEA3202B6EB06
:10087000020E75EB030E22BFB61A754640EA9C00C5
:100880005B084FEA3202B6EB020E75EB030E22BF95
:10089000B61A754640EADC0055EA060E18D04FEA53
:1008A000051545EA16754FEA06164FEAC30343EAF3
:1008B00052734FEAC2025FEA1C1CC0D111F4801FC0
:1008C0000BD141EA00014FF000004FF0004CB6E7B9
:1008D00011F4801F04BF01430020B4F1FD0C88BF58
:1008E000BCF5E06F3FF6AFAEB5EB030C04BFB6EB63
:1008F000020C5FEA500C50F1000041EB045170BD56
:100900000EF0004E4EEA113114EB5C04C2BFD4EB82
:100910000C0541EA045170BD41F480114FF0000E06
:10092000013C90E645EA060E8DE60CEA135594EA82
:100930000C0F08BF95EA0C0F3FF43BAF94EA0C0F85
:100940000AD150EA01347FF434AF95EA0C0F7FF4FA
:1009500025AF104619462CE795EA0C0F06D152EA4E
:1009600003353FF4FDAE1046194622E750EA410632
:1009700018BF52EA43067FF4C5AE50EA41047FF443
:100980000DAF52EA43057FF4EBAE12E74FF0FF3CA8
:1009900006E000BF4FF0010C02E000BF4FF0010C79
:1009A0004DF804CD4FEA410C7FEA6C5C4FEA430CF2
:1009B00018BF7FEA6C5C1BD001B050EA410C0CBF41
:1009C00052EA430C91EA030F02BF90EA020F0020A3
:1009D000704710F1000F91EA030F58BF994208BF0A
:1009E00090422CBFD8176FEAE37040F001007047C7
:1009F0004FEA410C7FEA6C5C02D150EA013C07D11E
:100A00004FEA430C7FEA6C5CD6D152EA033CD3D068
:100A10005DF8040B704700BF8446104662468C4662
:100A20001946634600E000BF01B5FFF7B7FF002895
:100A300048BF10F1000F01BD4DF808EDFFF7F4FFBE
:100A40000CBF012000205DF808FB00BF4DF808ED49
:100A5000FFF7EAFF34BF012000205DF808FB00BF6C
:100A60004DF808EDFFF7E0FF94BF012000205DF88E
:100A700008FB00BF4DF808EDFFF7CEFF94BF012043
:100A800000205DF808FB00BF4DF808EDFFF7C4FF3C
:100A900034BF012000205DF808FB00BF4FEA410C85
:100AA0007FEA6C5C02D150EA013C0AD14FEA430C68
:100AB0007FEA6C5C02D152EA033C02D14FF00000A5
:100AC00070474FF0010070474FEA410212F50012E3
:100AD00015D211D56FF47873B3EB625212D94FEA85
:100AE000C12343F0004343EA505311F0004F23FA6F
:100AF00002F018BF404270474FF00000704750EAC4
:100B0000013005D111F0004008BF6FF00040704780
:100B10004FF00000704700BF4FEA4102B2F1E043DE
:100B200024BFB3F5001CDCF1FE5C0DD901F0004CD4
:100B30004FEAC0024CEA5070B2F1004F40EB830024
:100B400008BF20F00100704711F0804F21D113F150
:100B50003872BCBF01F00040704741F480114FEA89
:100B60005252C2F11802C2F1200C10FA0CF320FA12
:100B700002F018BF40F001004FEAC1234FEAD3232F
:100B800003FA0CFC40EA0C0023FA02F34FEA430399
:100B9000CCE77FEA625307D150EA01331EBF4FF022
:100BA000FE4040F44000704701F0004040F0FE403D
:100BB00040F40000704700BF08B5064B1A783AB9F8
:100BC000054A1AB10548AFF30080024B01221A70A2
:100BD00008BD00BFCC0200200000000084AA00086D
:100BE00008B5034B1BB103490348AFF3008008BDB0
:100BF00000000000D002002084AA000830B583B0B5
:100C0000044601F07F018DF804108DF805200122C3
:100C10000189406801F077FC6423022201A9206861
:100C200004F024FB054600222189606801F06BFC7A
:100C300015B9284603B030BD4FF0FF30FAE738B59C
:100C4000837A8B4208D004460D460A467621FFF788
:100C5000D5FF10B9A57200E0002038BD0F2A2FD8AB
:100C60002DE9F0438BB0044688461546994601327B
:100C700006AE17460021304607F024FE68F07F02DA
:100C80008DF8182001222189606801F03CFC642362
:100C900000933B4602AA3146206804F0ECFB06466E
:100CA00000222189606801F02EFC66B92A460DF108
:100CB0000901484607F085FE30460BB0BDE8F083D9
:100CC0004FF0FF3070476FF00100F6E700B583B0DA
:100CD00000238DF807300DF107030122FFF7BEFF57
:100CE0009DF8070003B000BDF8B507460E4615464F
:100CF0001C46FFF7EBFFE3435BB218402A46024372
:100D0000D2B231463846FFF779FFF8BD10B5044638
:100D10000021FFF794FF75212046FFF7D7FF10BD94
:100D2000F8B5054600220189406801F0ECFB00247B
:100D3000AC7201222989686801F0E5FB012001F00D
:100D40006DFA22462989686801F0DDFB012001F077
:100D500065FA21462846FFF7B9FF012001F05EFA47
:100D600021462846FFF76BFF012211212846FFF795
:100D700045FF012001F052FA264695E01121284650
:100D8000FFF7A4FF07462D212846FFF79FFF002FFE
:100D900040F0988010F0100F00F09480472C02D0A3
:100DA000DB2C40F0A1800F224E212846FFF726FFC2
:100DB0001E2001F033FA00212846FFF740FF0722EA
:100DC00014212846FFF71AFF002313224C2128463E
:100DD000FFF78AFF06224F212846FFF70FFF062262
:100DE00050212846FFF70AFF0C23002251212846F4
:100DF000FFF77AFFFF23002252212846FFF774FFF6
:100E00001823002253212846FFF76EFF00230822F3
:100E100063212846FFF768FF10230022642128463B
:100E2000FFF762FF0023082265212846FFF75CFFD9
:100E300001212846FFF703FF032300220B21284648
:100E4000FFF752FF3F230C2211462846FFF74CFFC5
:100E500090220D212846FFF7D1FE80220E21284640
:100E6000FFF7CCFE02212846FFF7E9FE18220321F6
:100E70002846FFF7C3FE902204212846FFF7BEFE56
:100E8000802205212846FFF7B9FE00212846FFF7FA
:100E9000D6FE4FF06853EB60154B2B610020F8BD78
:100EA0000A2001F0BBF90136632E3FF777AF7521B9
:100EB0002846FFF70BFF044647283FF45FAFDB28C7
:100EC0003FF45CAF472CEBD0DB2CE9D076212846F1
:100ED000FFF7FCFE10F0070FE2D0FF23AB720021FA
:100EE0002846FFF7ACFEDBE74FF0FF30D7E700BF47
:100EF00000007A3D70B584B004460E460021FFF72D
:100F00009EFE00238DF80F3001F07CF905469DF818
:100F10000F3013F0080F11D10DF10F0301222D2115
:100F20002046FFF79BFE0028C0F28F8001F06AF98F
:100F3000401B0A28EBD96FF0010084E06B460E22BB
:100F40001D212046FFF78AFE0028C0F281809DF80F
:100F500000301B021BB29DF801201A439DF802309D
:100F60001B021BB29DF803100B4305EE103A9DF8CF
:100F700004301B021BB29DF805100B4305EE903A9E
:100F80009DF806301B021BB29DF807100B4306EEBE
:100F9000103A9DF808301B021BB29DF809100B4354
:100FA00006EE903A9DF80A301B021BB29DF80B101A
:100FB0000B4307EE103A9DF80C301B021BB29DF854
:100FC0000D100B4307EE903AD4ED034AB8EEC55A24
:100FD00025EE245A86ED005A94ED035AF8EEE55AB0
:100FE00065EE855AC6ED015AD4ED035AB8EEC66ACD
:100FF00026EE256A86ED026A94ED046AF8EEE66A4A
:1010000066EE866AC6ED036AD4ED046AB8EEC77A66
:1010100027EE267A86ED047A94ED047AF8EEE77AE4
:1010200067EE877AC6ED057A07EE902AF8EEE77A42
:10103000DFED096A87EEA67AF3EE097A77EE277A72
:10104000C6ED067A002004B070BD4FF0FF30FAE71D
:101050006FF00200F7E700BFE17A044350B1826805
:101060005AB1C26862B103690BB1002070474FF0FA
:10107000FF3070474FF0FF3070474FF0FF30704740
:101080004FF0FF307047A0F15003DBB2012B02D8C4
:101090000870002070476FF0020070472DE9F041A2
:1010A00006460D4690461C461846FFF7D7FF88B9FE
:1010B00007469DB1637D13B946F080031E46636801
:1010C000424629463046A568A847207550B938469B
:1010D000BDE8F0814FF0FF331F46F8E74FF0FF33D4
:1010E0001F46F4E76FF001031F46F0E738B108B57B
:1010F0000B46014601222820FFF7D0FF08BD4FF024
:10110000FF3070472DE9F04781460E4690461D4658
:101110001846FFF7A3FF28BB82463EB36C7D7CB91F
:1011200004EB09006B6801223119C0B2EF68B847BF
:1011300028750134E4B2444506D20028F0D003E01B
:10114000013CE4B2012C05D995F9143093B950460D
:10115000BDE8F087EC686B68424631464846A047D8
:101160002875F1E74FF0FF339A46F0E74FF0FF3371
:101170009A46ECE76FF001039A46E8E710B582B0B3
:101180000346044601220DF107013720FFF786FFD1
:1011900008B102B010BD9DF8073003F07F028DF852
:1011A000072003F0030343F070038DF80730234654
:1011B00001220DF107013720FFF7A4FF0028E8D135
:1011C000234601220DF107013120FFF767FF0028B8
:1011D000DFD19DF8073003F0C0038DF807302346B8
:1011E00001220DF107013120FFF78CFF0028D0D13B
:1011F000234601220DF107011820FFF74FFF0028B9
:10120000C7D19DF8073003F0FC038DF80730234663
:1012100001220DF107011820FFF774FFB9E730B57F
:1012200083B004460B460D4601220DF1070137201D
:10123000FFF734FF08B103B030BD9DF8073043F02D
:1012400080028DF8072023F0030363F07F0304F08E
:10125000030018438DF807002B4601220DF107010A
:101260003720FFF74FFFE6E730B583B004460B4663
:101270000D46022201A93020FFF710FF08B103B08C
:1012800030BD9DF80420A378DB0003F0080322F0B2
:1012900008021A438DF80420E3785B0103F0200371
:1012A00022F020021A438DF8042023799B0003F0DA
:1012B000040322F004021A438DF8042023788DF8E9
:1012C00005306278D20002F0380223F0380313436D
:1012D0008DF805302B46022201A93020FFF712FFBE
:1012E000CDE738B108B50B46014601222720FFF7AC
:1012F000D5FE08BD4FF0FF30704710B582B00446F0
:1013000001460DF10700FFF7F1FE90B99DF8073097
:1013100013F0020F0FD013F0040F0FD121460DF17F
:101320000600FFF7DEFF20B99DF8063013F0100F1E
:1013300007D002B010BD6FF00400FAE76FF00400B0
:10134000F7E76FF00400F4E710B582B00446FFF74A
:1013500085FE034618B92070627D1AB15BB118464C
:1013600002B010BD234601220DF107011046FFF720
:1013700095FE0346F2E7234601220DF106011046D1
:10138000FFF78CFE03460028E9D19DF8063063B1D3
:101390002046FFF7B2FF03460028E0D121469DF822
:1013A0000600FFF770FE0346D9E76FF00303D6E7A8
:1013B00070B582B004460D46134669460020009081
:1013C000ADF8040006221D20FFF768FE0646C8B9E6
:1013D0009DF802309DF80100000240EA03409DF8AC
:1013E0000030184340F31700FFF754F80022114B68
:1013F000FFF7BAF8FFF790FB6060AB78012B04D0E1
:1014000000232360304602B070BD9DF805209DF892
:1014100004301B0243EA02439DF803001843FFF720
:1014200029F80022044BFFF79FF8FFF775FB2060B7
:10143000E8E700BF0000F03E0000903F00283AD0EF
:1014400030B583B00D4604460B4601220DF107016D
:101450001520FFF723FE08B103B030BD9DF807301B
:10146000227802F0010223F001031A438DF80720CD
:1014700063785B0003F0020322F002021A438DF846
:101480000720A3789B0003F0040322F004021A4310
:101490008DF80720E378DB0003F0080322F0080250
:1014A0001A438DF807202B4601220DF10701152064
:1014B000FFF728FED0E74FF0FF307047F0B583B05C
:1014C00004460D4616461F464FF0000C8DF807C027
:1014D0008DF806C08DF805C0089B01220DF10701AB
:1014E0001420FFF7DBFD08B103B0F0BD089B01221B
:1014F0000DF106011520FFF705FE0028F4D1089B29
:1015000001220DF105012720FFF7C8FD0028EBD1CE
:101510009DF8072022F0010204F001031A438DF820
:1015200007206B0003F0020322F002021A438DF839
:101530000720B30003F0040322F004021A438DF8DD
:101540000720FB0003F0080322F008021A438DF87D
:101550000720089B01220DF107011420FFF7D2FD9F
:10156000C2E7D8B110B582B00B460446022201A9E9
:101570003620FFF793FD78B99DF8043003F0070299
:101580002270C3F3C2026270C3F38013A3709DF88C
:101590000530C3F38403E37002B010BD4FF0FF3099
:1015A0007047E8B110B582B00B460446022201A98B
:1015B0003020FFF773FD9DF80430C3F3C002A27022
:1015C000C3F34012E270C3F3800323719DF805302A
:1015D00003F007022270C3F3C203637002B010BDB0
:1015E0004FF0FF30704730B585B005460C460023FC
:1015F00002938DF80C3001930B4601220DF10F017F
:101600001820FFF74BFD9DF80F3003F003038DF812
:101610000F3080B19DF80730182B0AD99DF80F3094
:101620003BB99DF8083023B99DF809300BB9042364
:101630002B7005B030BD214601A8FFF792FF0028AE
:10164000E8D1214602A8FFF7ACFFE3E788B330B545
:1016500083B00D4604460B4601220DF107013720E9
:10166000FFF71CFD58B99DF8072002F00303022B79
:101670001CD009D883B1012B03D10123237003B0FF
:1016800030BD6FF00600FAE7032B02D1032323706D
:10169000F5E76FF00600F2E7D20902D000232370CD
:1016A000EDE729462046FFF79EFFE8E70223237077
:1016B000E5E74FF0FF30704770B582B006460C4644
:1016C0000DF10700FFF7C2FF054640B99DF807304E
:1016D00043B925B9032E11D873B2B3B9DEB9284680
:1016E00002B070BD2146FFF79AFD05460028F6D1ED
:1016F0002369616840F6C4109847EAE7042E0ED1CA
:101700002046FFF73BFD0546E9E721463046FFF757
:1017100086FD0546E3E76FF006031D46DFE76FF041
:1017200006031D46DBE710B582B0014604460DF105
:101730000700FFF78BFF18B99DF80730042B01D085
:1017400002B010BD21460020FFF7B6FFF8E730B524
:1017500083B00023ADF80430002843D00D46044682
:10176000C378172B04D80846FFF7DDFF034638B9C6
:101770002B46022201A93620FFF790FC034610B148
:10178000184603B030BD9DF80420237803F007030A
:1017900022F0070213438DF804306278D20002F081
:1017A000380223F0380313438DF80430A2789201F5
:1017B00002F0400223F0400313438DF804309DF8FB
:1017C0000530E278920002F07C0223F07C031343A0
:1017D0008DF805302B46022201A93620FFF792FC36
:1017E0000346CDE74FF0FF33CAE788B330B583B087
:1017F0000C46054603780BB9437823B12046FFF722
:1018000092FF034650B921460DF10700FFF71EFF76
:10181000034618B99DF807201AB93BB1184603B022
:1018200030BD2146FFF748FF0346F6E7214628462C
:10183000FFF71AFD03460028F0D19DF807000028A5
:10184000ECD00428EAD02146FFF736FF0346E5E74F
:101850004FF0FF331846704708B500F2E7330548EC
:10186000A0FB03208009B3F57A7F00D2012000F0AD
:10187000D5FC08BDD34D621000B585B00B4B93F875
:1018800000C04FF0FF33029392B201920091012306
:1018900002460CFA03F10648006801F06AF808B93C
:1018A00005B000BD6FF00100FAE700BFE8020020BC
:1018B000EC02002000B585B00B4B93F800C04FF050
:1018C000FF33029392B201920091012302460CFA77
:1018D00003F10648006801F01BF908B905B000BD26
:1018E0006FF00100FAE700BFE8020020EC020020E0
:1018F00080B191B10A4A11600A4A462111700A4921
:1019000081600A49C1600A49016101214175426053
:10191000002070474FF0FF3070474FF0FF307047A6
:10192000EC020020E8020020B51800087918000831
:10193000591800082DE9F0438BB005AD002405943B
:1019400006940794089409944FF0B043DA6C42F07F
:101950000402DA64DA6C02F004020492049ADA6C8B
:1019600042F00202DA64DA6C02F002020392039A95
:10197000DA6C42F00102DA64DA6C02F001020292DF
:10198000029ADA6C42F00802DA64DB6C03F00803B6
:101990000193019B1C4F01224FF40051384600F087
:1019A000B2FDDFF86C9001220221484600F0ABFD49
:1019B0004FF400530593012606960796089429468E
:1019C000384600F0BFFC05964FF48818CDF8188013
:1019D00007942946384600F0B5FC02230593069685
:1019E0000794032308932946484600F0ABFCC02324
:1019F0000593CDF8188007942946044800F0A2FC0E
:101A00000BB0BDE8F08300BF0008004800040048A8
:101A1000000C004808B51248124B0360124B43609B
:101A2000002383600122C260036143618361C3615B
:101A3000036200F03AFF50B90021094801F0F0F9C3
:101A400040B90021064801F018FA30B908BD00F08D
:101A500021F9F1E700F01EF9F3E700F01BF9F5E7D3
:101A6000F002002000540040B57DB11010B59CB0CC
:101A7000044600211791189119911A911B91502237
:101A800003A806F01FFF2268194B9A4201D01CB030
:101A900010BD042303934FF440330B9303A803F0CA
:101AA000E0F810BB4FF0B044E36C43F00203E36492
:101AB000E36C03F002030293029B4FF4407317930D
:101AC00012231893002319931A9304231B9317A925
:101AD000084800F037FCA36D43F40013A365A36D21
:101AE00003F400130193019BD1E700F0D3F8D9E789
:101AF000005400400004004810B582B00346084C72
:101B00000091084A4FF48071204606F065FE81B2CC
:101B1000204605F0E9F80A2000F080FB02B010BD75
:101B200044030020CCAA000830B587B04C494D488A
:101B3000FFF7DEFE044601464B48FFF7DDFF14B118
:101B4000204607B030BDB6238DF80B30454B01223F
:101B50000DF10B017E20FFF7D5FA044601464348FC
:101B6000FFF7CAFF002CEBD1052000F057FB2546FC
:101B7000022D0DDC3B48FFF7E7FB044601463C48DD
:101B8000FFF7BAFF24B10A2000F048FB0135EFE768
:101B9000002CD5D133492046FFF78EFD044601467F
:101BA0003448FFF7A9FF002CCAD12E493248FFF76D
:101BB000D8FC044601463148FFF79EFF002CBFD1F8
:101BC0002D480F23C3700123837006230370022363
:101BD00043702449FFF7BBFD044601462848FFF740
:101BE0008BFF002CACD101238DF810308DF8113013
:101BF0008DF812308DF813301A4904A8FFF7F5FD5F
:101C0000044601461F48FFF777FF002C98D1154B7B
:101C100000930123224619462046FFF74FFC044655
:101C200001461948FFF768FF002C89D1039401236E
:101C30008DF80C300B4903A8FFF700FC0446014661
:101C40001248FFF759FF002C7FF47AAF05490120B5
:101C5000FFF732FD044601460D48FFF74DFF6FE7E1
:101C6000F002002050040020DCAA0008F0AA0008BE
:101C700004AB000810AB00084C04002024AB0008A3
:101C800034AB000844AB000854AB000868AB000854
:101C90007CAB000872B6FEE730B59BB008AD4822B9
:101CA0000021284606F00EFE0024019402940394BD
:101CB000049405940694079402F01EF94FF0B04284
:101CC000D2F8903023F0180343F01003C2F890309C
:101CD00002F58062136823F4C06343F40073136059
:101CE000136803F4C0630093009B272308934FF409
:101CF0008033099301230A934FF480720B920F9360
:101D000040220C921094602211920222139214939A
:101D10001594202316934FF4003317934FF000537C
:101D200019934FF000731893284602F0F5F988B91B
:101D30006F23019303210291039004900590802268
:101D40000692079001A802F075FD28B903F00BF97F
:101D50001BB030BDFFF79EFFFFF79CFF10B594B09E
:101D600050220021684606F0ADFD4FF40053009369
:101D700010231393684602F074FF08B914B010BD25
:101D8000FFF788FF2DE9F04186B000F017FAFFF762
:101D900083FFFFF7E3FFFFF7CDFDFFF73BFE00F00A
:101DA0008DF904F0D5FC4FF4FA6000F037FAAD4B32
:101DB000AD4A07CA83E807000B21184604F094FFD8
:101DC0000A2000F02BFA0824002501E00134E4B2D7
:101DD000772C19D80A2302226100A44800F06CFF76
:101DE0000028F3D19F4E2346A14A4FF4807130461C
:101DF00006F0F2FC0C21304604F076FF0A2000F0D9
:101E00000DFA0135EDB2E1E7002D00F09B80954C15
:101E10002B46984A4FF48071204606F0DDFC81B2D3
:101E2000204604F061FF0A2000F0F8F9924FDFF835
:101E30008882C7F80080914E7E6002253D81F5239F
:101E4000ADF810304FF6FF73ADF81430002229467C
:101E5000304600F058FB642300932B4605AA04A9E2
:101E6000404603F008FB804601222946304600F038
:101E70004AFB9DF810309DF811209DF814109DF834
:101E80001500039002910192009343467C4A4FF45F
:101E90008071204606F0A0FC81B2204604F024FFA9
:101EA0000A2000F0BBF900222946304600F02BFB47
:101EB000012000F0B3F91021724800F01DFB8046AC
:101EC00001222946304600F01EFB43466E4A4FF47D
:101ED0008071204606F080FC81B2204604F004FFA9
:101EE0000A2000F09BF93846FEF71AFF0546002845
:101EF0003AD03846FEF70AFF06465A4C00962B4663
:101F0000624A4FF48071204606F066FC81B220469A
:101F100004F0EAFE0A2000F081F95D4C00224FF443
:101F20000051204600F0EFFA642000F077F901221A
:101F30004FF40051204600F0E6FA40F2DC5000F089
:101F40006DF9DAE7474F3C46524E0FCE0FC496E884
:101F5000030044F8040B21801521384604F0C4FE28
:101F60000A2000F05BF952E73E4E4B4B34460FCB54
:101F700007C423800D21304604F0B6FE0A2000F08D
:101F80004DF9FFF7D1FD0646C8B3364C3346434AF8
:101F90004FF48071204606F01FFC81B2204604F009
:101FA000A3FE0A2000F03AF92C467342A34204DC57
:101FB00040F2DC5000F032F9E7E7354F00224FF4F1
:101FC0000051384600F09FFA642000F027F9012202
:101FD0004FF40051384600F096FA642000F01EF9E4
:101FE0000134E2E716212E4804F07EFE0DE04FF4A6
:101FF0000051274800F08CFA642000F00FF92949BD
:102000001D48FEF777FF0028ECD000238DF8143030
:10201000254905A8FFF765F90028E8D19DF8143097
:1020200013F0010FE3D0204A20492148FFF7C0F9FF
:102030000028DCD11E4B1D680A4C5868FEF73CFA9C
:10204000CDE902012846FEF737FACDE90001194A29
:102050004FF48071204606F0BFFB81B2204604F0A9
:1020600043FEC4E74403002090AB0008F0020020C8
:102070009CAB0008C4AB000884040020000C00489E
:10208000E0AB0008000400481CAC00083CAC0008B1
:1020900000080048ACAB000868AC000878AC000849
:1020A00090AC000868040020500400204C0400207C
:1020B00044040020A8AC00089804002008B510488B
:1020C000104B03604FF482734360002383604FF42E
:1020D000E062C260036143614FF4007282610822D2
:1020E000C2610362436283620721C1620363426388
:1020F00003F04DF800B908BDFFF7CCFDFBE700BFCA
:10210000980400200030014000B589B000230393FB
:1021100004930593069307930268124B9A4201D0E9
:1021200009B000BD4FF0B0431A6E42F480521A66F7
:102130001A6E02F480520292029ADA6C42F00202A3
:10214000DA64DB6C03F002030193019B38230393F1
:10215000022304930523079303A9034800F0F2F830
:10216000DEE700BF0030014000040048114B1B783F
:102170000BB90120704710B5044601F0BDFF0D4BAF
:102180001A784FF47A73B3FBF2F3B0FBF3F000F07C
:10219000C5F868B90F2C01D901200AE00246214692
:1021A0004FF0FF3000F0A6F8034B1C60002000E069
:1021B000012010BD080000200C00002010B50A4AC4
:1021C000136843F480731360032000F081F80F203C
:1021D000FFF7CCFF18B101231C46204610BD044672
:1021E00000F076FEF9E700BF00400058034B1B7873
:1021F000034A11680B441360704700BF08000020B9
:10220000FC040020014B1868704700BFFC0400204C
:10221000014B1868704700BF0C00002038B5044619
:10222000FFF7F0FF0546B4F1FF3F02D0044B1B78E7
:102230001C44FFF7E7FF401BA042FAD338BD00BFA4
:1022400008000020002807DB00F01F0240090123DE
:102250009340024A42F82030704700BF00E100E09E
:10226000002808DB0901C9B200F1604000F56140B7
:1022700080F80013704700F00F000901C9B2014B4C
:102280001954704714ED00E000B500F00700A0F10C
:10229000030CBCF1040F07D8C0F1070E0430062868
:1022A00006D84FF0000C03E04FF0040E4FF0000C86
:1022B0004FF0FF3303FA0EF021EA000101FA0CF1AE
:1022C00003FA0CF322EA030241EA020000BD000017
:1022D000074AD36823F4E0631B041B0C000200F4DC
:1022E000E060034343F0BF6343F40033D3607047BF
:1022F00000ED00E010B50446054BD868C0F302209D
:10230000FFF7C2FF01462046FFF7AAFF10BD00BF3E
:1023100000ED00E008B5FFF795FF08BD0138B0F10A
:10232000807F0BD24FF0E0235861054AF02182F8FC
:1023300023100020986107221A617047012070471E
:1023400000ED00E070B58646002367E0DEF8084047
:102350005D000320A84024EA0004C868A840204388
:10236000CEF80800DEF8044024EA0C044868C0F304
:10237000001098402043CEF8040060E0DC080834E8
:102380005EF8240003F00705AD004FF00F0C0CFAC7
:1023900005FC20EA0C0C0869A84040EA0C004EF845
:1023A000240062E0042000E0002000FA0CF0284342
:1023B00002344E4D45F824004D480468D04324EAC9
:1023C00002054E6816F4801F01D042EA0405484C0D
:1023D0002560646800EA04054E6816F4001F01D009
:1023E00042EA0405424C6560D4F8804000EA0405E6
:1023F0004E6816F4803F01D042EA04053C4CC4F814
:102400008050D4F8844020404D6815F4003F01D03E
:1024100042EA0400364AC2F8840001330A6832FAFC
:1024200003F061D04FF0010C0CFA03FC1CEA02022D
:10243000F3D0486800F003000138012886D94868C5
:1024400000F0030003280BD0DEF80C405D000320F1
:10245000A84024EA00048868A8402043CEF80C0075
:10246000486800F00300022888D0DEF800005C0015
:102470004FF0030C0CFA04FC20EA0C0C486800F046
:102480000300A04040EA0C00CEF80000486810F4B9
:10249000403FC2D09C08A51C144850F8255003F0BA
:1024A000030C4FEA8C0C0F2000FA0CF025EA000513
:1024B000BEF1904F3FF478AF0E4886450ED000F540
:1024C000806086450CD000F5806086450AD000F516
:1024D000806086453FF466AF072066E7012064E729
:1024E000022062E7032060E770BD00BF00000140EA
:1024F00000080058000400480369194201D0012077
:102500007047002070470AB181617047816270474F
:10251000436901EA030221EA030141EA02418161C0
:10252000704703689A6912F0020F01D000229A6284
:1025300003689A6912F0010F03D19A6942F001020F
:102540009A617047DDF800C0C1F3090141EA024118
:10255000194341EA0C0121F00041026853684FEA37
:102560005C5C0CF4806C4CF07F7C4CF4583C4CF47C
:102570007F7C4CF0030C23EA0C030B435360704741
:102580002DE9F041044603689E6916F010067CD0E0
:102590000D4690461022DA61002637462368986976
:1025A00010F0200F30D17FBBB5F1FF3FF6D0FFF721
:1025B00029FE4346C01AA84201D8002DEED1216859
:1025C0004B6803F4804394F84220D2B2886910F437
:1025D000004F02D00BB9202A0ED123689B6913F05B
:1025E000200FDBD1FFF70EFE4346C01A1928F4D99D
:1025F00046F020060127D1E74B6843F480434B6047
:10260000FFF700FE8046E8E70FB92022DA6146F0C6
:10261000040601252268936913F4807F05D046F0F3
:1026200001064FF48071D161012513F4806F06D04B
:1026300046F0080622684FF48061D161012513F449
:10264000007F24D046F0020623684FF40072DA615E
:1026500001252046FFF765FF2268536823F0FF73CA
:1026600023F48B3323F4FF7323F001035360636C73
:1026700033436364202384F84130002384F84230DC
:1026800084F840302846BDE8F0810025C2E7002DDF
:10269000F8D0DEE770B504460D46164623689B6900
:1026A00013F0020F22D1324629462046FFF768FF79
:1026B000F0B9B5F1FF3FF1D0FFF7A4FD801BA842B0
:1026C00001D8002DEAD123689B6913F0020FE5D1F0
:1026D000636C43F020036364202384F841300023BB
:1026E00084F8423084F84030012000E0002070BDC2
:1026F0000120FCE72DE9F04104460F4616461D4631
:10270000DDF8188023689B6937EA03030CBF0123B7
:102710000023B34227D1424629462046FFF730FF27
:1027200020BBB5F1FF3FEDD0FFF76CFDA0EB08003B
:10273000A84201D8002DE5D123689B6937EA03033D
:102740000CBF01230023B342DCD1636C43F02003B0
:102750006364202384F84130002384F8423084F8F5
:102760004030012000E00020BDE8F0810120FBE7BF
:1027700070B582B0044616461D46184B00934FF0C4
:102780008073EAB2FFF7DEFE079A06992046FFF74C
:1027900081FFE0B9012D0DD12368F2B29A62079B47
:1027A0000093069B002280212046FFF7A3FF90B9EB
:1027B00002B070BD330A22689362079A06992046D8
:1027C000FFF768FF28B92368F2B29A62E7E70120B1
:1027D000EEE70120ECE70120EAE700BF00200080DF
:1027E00070B582B0044616461D46174B0093002371
:1027F000EAB2FFF7A7FE079A06992046FFF74AFFBD
:10280000E0B9012D0DD12368F2B29A62079B0093C3
:10281000069B002240212046FFF76CFF90B902B0D2
:1028200070BD330A22689362079A06992046FFF723
:1028300031FF28B92368F2B29A62E7E70120EEE798
:102840000120ECE70120EAE70020008070B5044693
:102850000D46164604E023689B6913F0200F12D042
:1028600023689B6913F0200F1BD13246294620466E
:10287000FFF786FEB8B9FFF7C5FC801BA842EAD86F
:10288000002DEDD1E7E7636C43F020036364202360
:1028900084F84130002384F8423084F8403001202D
:1028A00000E0002070BD0120FCE700285FD010B5DB
:1028B000044690F84130002B48D0242384F841305E
:1028C0002268136823F0010313606368226823F011
:1028D000706313612268936823F400439360E36894
:1028E000012B38D0A368226843F404439360E36863
:1028F000022B36D02268536823F4006353602268A9
:10290000536843F0007343F4004353602268D36874
:1029100023F40043D360236962691343A1692268E9
:1029200043EA0123D360E369216A22680B43136001
:102930002268136843F001031360002060642023C1
:1029400084F84130206384F8420010BD80F84030A4
:10295000FFF78CF8B1E7A368226843F40043936063
:10296000C5E72268536843F400635360C7E701205A
:1029700070472DE9F04383B00E469846BDF82C30E1
:1029800090F84110202940F0B78004461746994638
:102990000A9ABAB1B3B190F84030012B00F0B08080
:1029A0004FF0010380F84030FFF72CFC0546009003
:1029B000192301224FF400412046FFF79BFE30B15E
:1029C00001209AE04FF400736364012095E0212315
:1029D00084F84130402384F8423060640A9A62628D
:1029E000A4F82A90606301950C9B009343463A46F5
:1029F00031462046FFF7BCFE68B9638D9BB2FF2BC2
:102A00000ED9FF22228500904FF080733146204678
:102A1000FFF798FD21E0002384F8403001206CE0AE
:102A2000628D92B22285002300934FF00073D2B2E0
:102A300031462046FFF786FD0FE0628D92B2228577
:102A4000002300934FF00073D2B231462046FFF7C7
:102A500079FD638D9BB2002B32D02A460C9920461B
:102A6000FFF718FE00284DD1626A236812789A6237
:102A7000636A01336362638D9BB2013B9BB26385E2
:102A8000238D013B9BB22385628D92B2002AE0D058
:102A9000002BDED100950C9B024680212046FFF7DB
:102AA00029FE88BB638D9BB2FF2BC6D9FF222285EE
:102AB00000904FF0807331462046FFF743FDC8E792
:102AC0002A460C992046FFF7C1FEF8B92368202258
:102AD000DA6121684B6823F0FF7323F48B3323F40E
:102AE000FF7323F001034B6084F84120002384F836
:102AF000423084F8403000E0022003B0BDE8F083AB
:102B00000220FAE70120F8E70120F6E70120F4E7C8
:102B10002DE9F04383B00E469846BDF82C3090F86E
:102B20004110202940F0B9800446174699460A9A78
:102B3000BAB1B3B190F84030012B00F0B2804FF041
:102B4000010380F84030FFF75DFB05460090192334
:102B500001224FF400412046FFF7CCFD30B10120A7
:102B60009CE04FF400736364012097E0222384F813
:102B70004130402384F8423060640A9A6262A4F8CB
:102B80002A90606301950C9B009343463A46314678
:102B90002046FFF725FE70B9638D9BB2FF2B0FD93E
:102BA000FF222285434B00934FF08073314620462D
:102BB000FFF7C8FC21E0002384F8403001206DE0DD
:102BC000628D92B222853B4B00934FF00073D2B2DC
:102BD00031462046FFF7B6FC0FE0628D92B22285A7
:102BE000002300934FF00073D2B231462046FFF726
:102BF000A9FC638D9BB2002B33D000950C9B002267
:102C000004212046FFF776FD00284CD123685A6A3C
:102C1000636A1A70636A01336362228D013A92B269
:102C20002285638D9BB2013B9BB26385638D9BB212
:102C3000002BDED0002ADCD100950C9B80212046A1
:102C4000FFF758FD88BB638D9BB2FF2BC5D9FF22D0
:102C5000228500904FF0807331462046FFF772FCCA
:102C6000C7E72A460C992046FFF7F0FDF8B923681C
:102C70002022DA6121684B6823F0FF7323F48B3341
:102C800023F4FF7323F001034B6084F841200023F9
:102C900084F8423084F8403000E0022003B0BDE800
:102CA000F0830220FAE70120F8E70120F6E701208F
:102CB000F4E700BF002400802DE9F04385B01C46F6
:102CC0000023039390F84130202B40F0A380054669
:102CD0008846174603689B6913F4004F40F09C80B8
:102CE00090F84030012B00F09980012380F84030AB
:102CF000242380F8413000234364994645E0C8F31B
:102D0000090343F0007343F4005347E02A689369D2
:102D1000C3F340139269C2F30012C3B9BAB9B4F154
:102D2000FF3FF3D0FFF76EFA801BA04201D8002CC2
:102D3000ECD1202385F841306B6C43F020036B64A9
:102D4000002385F84030012005B0BDE8F0832B68F2
:102D50009A6912F0100F3DD10096234600222021DF
:102D60002846FFF7C7FC60B36B6C042B23D001230C
:102D70009946039B01330393039BBB4202D24B460C
:102D8000002B38D1039BBB4238D2EB68012BB6D065
:102D9000C8F3090343F0007343F420532A685360D7
:102DA000FFF730FA06462A689369C3F34013926925
:102DB000C2F30012B1E72B682022DA6100236B64B2
:102DC000D7E72A682023D36185F84130002385F8AE
:102DD0004030B9E71022DA61009623460022202114
:102DE0002846FFF787FC18B92B682022DA61C0E774
:102DF00001239946BDE700239946C3E7202385F8C0
:102E000041306B6C43F020036B64002385F8403045
:102E1000012099E7022097E7022095E7022093E737
:102E2000034690F84120202A23D190F84020012A1F
:102E300021D0012280F84020242280F8412000681F
:102E4000026822F0010202601868026822F48052CF
:102E50000260186802680A43026019680A6842F052
:102E600001020A60202283F84120002083F84000FC
:102E700070470220704702207047034690F84120B7
:102E8000202A21D190F84020012A1FD0012280F869
:102E90004020242280F841200068026822F00102CC
:102EA00002601868026822F4706242EA012202603D
:102EB00019680A6842F001020A60202283F8412062
:102EC000002083F8400070470220704702207047BE
:102ED000704710B512F4804F45D00468B4F85030F4
:102EE00091F800C04FEACC0E1EFA83F32344B3F8E6
:102EF0000244C4F309048B69A3422AD31B1B8B61D0
:102F00008B6983B9D0F800E03EF82C309BB223F4F3
:102F1000804323F0700383F4005343F4004343F0F1
:102F200080032EF82C3012F0400F0FD0026891F879
:102F300000C032F82C309BB223F4E04323F070033E
:102F400043F4004343F0C00322F82C3024B9204658
:102F500010BD00238B61D3E723460A8949690068C5
:102F600003F04EFBF3E70468B4F8503091F800C06A
:102F70004FEACC0E1EFA83F32344B3F80644C4F39D
:102F800009048B69A34230D31B1B8B618B6983B906
:102F9000D0F800E03EF82C309BB223F4804323F0BD
:102FA000700383F4005343F4004343F080032EF88E
:102FB0002C3012F0400F0FD1026891F800C032F8A7
:102FC0002C309BB223F4E04323F0700343F400431E
:102FD00043F0C00322F82C30002CB8D023464A8995
:102FE0004969006803F00CFBB1E700238B61CDE772
:102FF000002856D010B5044690F891323BB1032317
:1030000084F89132206802F0DAFB002315E080F8A2
:10301000903203F08DFEF2E703EB830204EBC20271
:103020000121517413740021D17411625162013372
:1030300003EB8302D200A150DBB220799842EBD897
:10304000002316E003EB830204EBC202002182F8A6
:10305000511182F8503182F85311C2F86011C2F850
:10306000641103EB830204EBC202C2F8681101335E
:10307000DBB29842E6D8234653F8040B93E80600E7
:1030800002F0A8FB00232373012384F89132A37A72
:10309000012B01D0002010BD204600F016FF0020BB
:1030A000F9E70120704790F89032012B0ED010B54F
:1030B0000446012380F89032006802F077FB206814
:1030C00002F0B6FF002084F8900210BD0220704785
:1030D00070B505460C46164612F0400F00F01F81F1
:1030E0000268B2F8503009784FEAC10C1CFA83F339
:1030F0001344B3F80224C2F30902A36993422CD902
:103100009B1AA361A06958B316F4804F0DD02868AC
:1031100030F821309BB223F4E04323F0700343F4F2
:10312000404343F0800320F8213094F82430012BF1
:1031300000F08D802A68217832F821309BB223F488
:10314000E04323F0400383F0300343F4004343F0B3
:10315000800322F82130002070BD0023A361D1E755
:103160006378002B48D12A68B2F8503012FA83F302
:103170006344B3F80224C2F30902A3F80224B3F8AB
:1031800002246FEA42426FEA524292B2A3F802244A
:103190002A686378002B3BD1B2F8503012FA83F3DF
:1031A000227803EBC203B3F80624C2F30902A3F8A2
:1031B0000624B3F806246FEA42426FEA524292B202
:1031C000A3F80624E378022B2FD02178284603F0B9
:1031D0001FFE16F4804FBED02A68217832F82130C5
:1031E0009BB223F4E04323F0700343F4404343F0E5
:1031F000800322F82130AEE7012BC9D12A68B2F84A
:10320000503012FA83F363440022A3F80224BFE78C
:10321000012BD7D1B2F8503012FA83F3227803EBA6
:10322000C2030022A3F80624CCE72A68217832F8EA
:1032300021309BB223F4E04323F0400383F02003CA
:1032400043F4004343F0800322F82130BDE7636973
:1032500013446361E3691344E361216A236999427A
:103260001DD3C91A21626278002A43D12968B1F8B6
:10327000502011FA82F2217802EBC102B2F8021456
:10328000C1F30901A2F80214A3B9B2F802146FEA5B
:1032900041416FEA514189B2A2F802142CE019B9F8
:1032A00084F824101346DEE7002384F824302362D8
:1032B0000B46D8E73E2B0DD8590813F0010F00D06C
:1032C0000131B2F8020480B2890289B20143A2F846
:1032D000021411E0580913F01F0F00D10138B2F8A1
:1032E000021489B2800280B2014341F40041A2F885
:1032F000021401E0012A06D09BB222896169286884
:1033000002F0A5FE16E72968B1F8502011FA82F202
:10331000217802EBC10299B2A2F80214ECE702682C
:10332000B2F850300978C80010FA83F31344B3F8A8
:103330000624C2F30902A369934246D39B1AA361F0
:10334000A369002B44D016F4804F0DD1286830F8C3
:1033500021309BB223F4E04323F0700343F4404355
:1033600043F0800320F8213094F82430012B7FF4BF
:10337000E1AE636913446361E3691344E361216A65
:1033800023699942C0F09C80C91A21622968627839
:10339000002A40F0C080B1F8502011FA82F2217862
:1033A00002EBC102B2F80614C1F30901A2F8061437
:1033B000002B40F09080B2F806146FEA41416FEAAA
:1033C000514189B2A2F80614A7E00023A361B7E730
:1033D0006378002B49D12A68B2F8503012FA83F38F
:1033E0000344B3F80224C2F30902A3F80224B3F899
:1033F00002246FEA42426FEA524292B2A3F80224D8
:103400002A686378002B3CD1B2F8503012FA83F36B
:10341000227803EBC203B3F80624C2F30902A3F82F
:103420000624B3F806246FEA42426FEA524292B28F
:10343000A3F80624E378022B30D02178284603F045
:10344000E7FC16F4804F7FF486AE2A68217832F8C4
:1034500021309BB223F4E04323F0700343F4404354
:1034600043F0800322F8213075E6012BC8D12A6889
:10347000B2F8503012FA83F303440022A3F8022476
:10348000BEE7012BD6D1B2F8503012FA83F322787E
:1034900003EBC2030022A3F80624CBE72A682178B5
:1034A00032F821309BB223F4E04323F0400383F051
:1034B000200343F4004343F0800322F82130BCE7AB
:1034C00019B984F82410134660E70023236284F8B6
:1034D00024300B465AE73E2B0DD8590813F0010F44
:1034E00000D00131B2F8060480B2890289B20143EA
:1034F000A2F8061411E0580913F01F0F00D101388B
:10350000B2F8061489B2800280B2014341F400414E
:10351000A2F8061401E0012A06D09BB26289616913
:10352000286802F094FD05E6B1F8502011FA82F205
:10353000217802EBC10299B2A2F80614EDE72DE959
:10354000F041054653E003889BB223F4E14323F0A6
:1035500070036FEA43436FEA53439BB203802968C9
:10356000B1F850302A7CD20012FA83F30B44B3F83E
:103570000234C3F30903EB626A6A1A446A620021E7
:10358000284603F045FC2B7B8BB3AB6A7BBB2B7BC4
:103590002A6843F08003A2F84C3000232B7326E006
:1035A00003889BB223F4804323F0700383F4805399
:1035B00048F280010B4303802A6813889BB223F4EE
:1035C000E04323F0400383F010030B4313802A6889
:1035D00013889BB223F070031B051B0D43F080037F
:1035E00013800020BDE8F08112F4004F37D1286825
:1035F000B0F8443013F4004FF3D0B0F84440A3B215
:1036000014F00F0466D113F0100F9CD003889AB207
:1036100013F4006FE8D0B0F8503095F85021D20084
:1036200012FA83F30344B3F80634C3F30903C5F86D
:103630006C31082BB4D1B5F8562105F5267102F08E
:10364000DFFF2A6813889BB223F070031B051B0D54
:1036500043F080031380284603F0C6FBC7E70388C6
:103660009BB223F070031B051B0D43F08003038006
:103670002868B0F8503095F85021D20012FA83F340
:103680000344B3F80634C3F30903C5F86C316BB9CE
:1036900003889BB223F4804323F0700383F44053E8
:1036A00043F4004343F080030380A0E7D5F864119E
:1036B00000299CD0B5F8562102F0A2FFD5F864315C
:1036C000D5F86C211344C5F864310021284603F075
:1036D00093FB8CE730F824309EB213F4004F4DD1A9
:1036E00016F0800F83D004EB8401C9001031294407
:1036F0002A6832F824309BB223F4E14323F07003AC
:103700006FEA43436FEA53439BB222F8243004EB41
:10371000840305EBC303DB7C012B00F0F18016F47E
:10372000807F40F088812868B0F8503004EB840234
:1037300005EBC202167CF20012FA83F30344B3F8DD
:103740000234C3F30903621C02EB820255F83220F3
:103750009A4240F25381671C07EB8707D21A45F85B
:103760003720621C02EB820255F83220002A40F01A
:103770004C813146284603F04BFB38E730F82430C3
:103780009BB223F070031B051B0D43F0800320F850
:10379000243004EB8401C90001F5A87105EB010890
:1037A00004EB840305EBC30393F85C31DBBB2868AF
:1037B000B0F8503004EB840205EBC20292F85021BD
:1037C000D20012FA83F30344B3F80674C7F309076F
:1037D000EFB904EB840305EBC303D3F86C213A443F
:1037E000C3F86C21D3F868313BB104EB840305EBDB
:1037F000C303D3F860319F4270D204EB840305EB1E
:10380000C30393F85011284603F0F6FA68E704EB77
:10381000840105EBC1013B46B1F85621D1F8641192
:1038200002F0EEFED5E704EB840305EBC30393F847
:103830005331022B33D0296804EB840205EBC2021A
:1038400092F8500131F820309BB223F4E04323F08A
:10385000700343F4004343F0C00321F8203028688C
:1038600092F8503130F8232012F4804F1ED0B0F877
:103870005020DB0013FA82F30344B3F80274C7F359
:103880000907002FA5D004EB840105EBC1013B46DD
:10389000B1F85821D1F8641102F0B2FE99E732462E
:1038A00041462846FFF715FB074692E7B0F850203F
:1038B000DB0013FA82F30344B3F80674C7F3090775
:1038C000002F86D004EB840105EBC1013B46B1F823
:1038D0005A21D1F8641102F093FE7AE704EB8403D5
:1038E00005EBC303D3F8642104EB840305EBC303A6
:1038F0003A44C3F864214146286802F0BAFBEFE677
:10390000631C03EB8303DB000022EA5004EB840317
:1039100005EBC3031B7F1BB316F0400F3BD004EB3A
:10392000840305EBC3035B7C1BBB2A68B2F85030F1
:1039300012FA83F304EB840205EBC202127C03EB60
:10394000C203B3F80224C2F30902A3F80224B3F8B5
:1039500002246FEA42426FEA524292B2A3F8022472
:1039600004EB840405EBC404217C284603F050FAE0
:103970003DE6012BF4D12A68B2F8503012FA83F3F5
:1039800004EB840205EBC202127C03EBC2030022AB
:10399000A3F80224E4E72A6804EB840305EBC303DD
:1039A0005B7CD3B9B2F8503012FA83F304EB840293
:1039B00005EBC202127C03EBC203B3F80624C2F388
:1039C0000902A3F80624B3F806246FEA42426FEA1C
:1039D000524292B2A3F80624C2E7012BC0D1B2F83A
:1039E000503012FA83F304EB840205EBC202127C1E
:1039F00003EBC2030022A3F80624B1E7621C02EB2A
:103A00008202D2000027AF50ABE604EB840205EB44
:103A1000C202566A1E445662013404EB840205EB6E
:103A2000C202526804EB840405EBC40413446360CF
:103A300002F01FFBDBE532462846FFF749FBD6E5DF
:103A400090F89032012B0CD010B50446012380F879
:103A500090320173006802F0E5FA002084F89002C9
:103A600010BD0220704710B50446006802F0EBFA62
:103A700010F4004F23D110F4806F24D110F4804F44
:103A800032D110F4005F39D110F4805F40D110F4CE
:103A9000006F67D110F0800F40F0818010F4007F3C
:103AA00040F0AD8010F4807F27D02268B2F8443017
:103AB0009BB223F480739BB2A2F844301DE02046F1
:103AC000FFF73DFD19E02268B2F844309BB223F4C1
:103AD00080639BB2A2F84430204603F0AAF900218B
:103AE0002046FFF7ADFF08E02268B2F844309BB2F1
:103AF00023F480439BB2A2F8443010BD2268B2F890
:103B000044309BB223F400539BB2A2F84430F4E754
:103B10002268B2F840309BB223F004039BB2A2F8B3
:103B200040302268B2F840309BB223F008039BB2C9
:103B3000A2F8403094F8C832012B0CD0204603F094
:103B40009BF92268B2F844309BB223F480539BB2B5
:103B5000A2F84430D1E7002184F8C812204603F0CF
:103B600047FAEBE72268B2F840309BB243F0080313
:103B7000A2F840302268B2F844309BB223F40063CC
:103B80009BB2A2F844302268B2F840309BB243F0B6
:103B90000403A2F84030204603F05EF9ADE7226846
:103BA000B2F844309BB223F080039BB2A2F84430B9
:103BB00094F8C832FBB92268B2F840309BB243F0A7
:103BC0000403A2F840302268B2F840309BB243F0C0
:103BD0000803A2F84030012184F8C8122368B3F822
:103BE0005430C3F38D0303F03C03C4F8CC322046B9
:103BF00003F0FEF981E7204603F02EF97DE7226805
:103C0000B2F844309BB223F400739BB2A2F8443064
:103C1000204603F008F970E710B50446084611F095
:103C2000800F27D101F0070C0CEB8C01C90001F5C6
:103C3000A87E04EB0E010CEB8C0C04EBCC0C4FF0CB
:103C4000000E8CF851E100F007000870C2F30A0280
:103C50000A61CB70022B1DD094F89032012B1CD03E
:103C6000012384F89032206801F0C5FD002084F81B
:103C7000900210BD01F0070C0CEB8C01C900103153
:103C800021440CEB8C0C04EBCC0C4FF0010E8CF8A7
:103C900011E0D8E700230B71DEE70220E9E710B559
:103CA00004460A4611F0800F1FD101F0070000EB17
:103CB0008003DB0003F5A873E11800EB800004EB40
:103CC000C000002380F8513102F007020A7094F816
:103CD0009032012B17D0012384F89032206802F033
:103CE00043F8002084F8900210BD01F0070000EBBB
:103CF0008003DB001033E11800EB800004EBC00010
:103D000001234374E0E70220EEE710B501F0070C51
:103D10000CEB8C01C90001F5A8710CEB8C0E00EBCB
:103D2000CE0ECEF86421CEF868310024CEF86C4176
:103D30008EF851418EF850C10144006802F099F9A3
:103D4000204610BD01F0070101EB810100EBC1002D
:103D5000D0F86C01704738B501F0070C0CEB8C0102
:103D6000C90010310CEB8C0E00EBCE0ECEF82420E7
:103D70000CF1010202EB820440F8343001258EF888
:103D80003450CEF8303000EBC402002454608EF87A
:103D900011508EF810C00144006802F06AF9204604
:103DA00038BD0B4601F00702017991422ED310B5C0
:103DB000044613F0800F1DD103EB8301C90001F508
:103DC000A871014403EB830300EBC303002083F8D5
:103DD000510101238B700A7094F89032012B17D097
:103DE000012384F89032206802F0A9F8002084F8BA
:103DF000900210BD02EB8201C9001031014402EBB8
:103E0000820300EBC30301205874E2E701207047EE
:103E10000220EEE70B46017903F00F02914234D302
:103E200010B5044613F0800F21D103F0070202EB16
:103E30008201C90001F5A871014402EB820200EB86
:103E4000C202002082F8510100228A7003F00703A9
:103E50000B7094F89032012B19D0012384F8903222
:103E6000206802F091F8002084F8900210BD03F061
:103E7000070202EB8201C9001031014402EB820209
:103E800000EBC20201205074DEE7012070470220DF
:103E9000ECE711F0800F0BD001F0070101EB81017D
:103EA000C9001031084452B90273C3800020704722
:103EB00001EB8101C90001F5A8710844F3E7012273
:103EC000027303811B0C4381F0E703460268012162
:103ED000C0F8D012002083F8C802B2F854309BB268
:103EE0000B43A2F85430B2F854309BB243F00203B3
:103EF000A2F8543070470000024A136843F48073FC
:103F00001360704700040058024B186800F4C0604A
:103F1000704700BF00040058024A536843F48063AE
:103F2000536070470004005830B58DB004468E468B
:103F3000DFF8B0C09CE80F000CAD05E90F0005AB41
:103F40000CF1100207CA83E8070001AD0CF11C0C4C
:103F50009CE80F0085E80F00BEF5007F07D0002326
:103F600014E00CAA02EB830353F82C5C1EE0002340
:103F7000032B08D80CAA02EB830252F8102CA242A1
:103F8000EFD20133F4E7002510E00133022B0CD807
:103F90000CAA02EB830252F81C2CA242F5D30CAA05
:103FA00002EB830353F82C5C00E000250C4A1368F5
:103FB00023F007032B431360FEF724F90446084B54
:103FC0001B6803F00703AB4206D0FEF71BF9001B8A
:103FD0000228F4D9032000E000200DB030BD00BF5E
:103FE00000400058A0AA000810B5B02818D90F4BFF
:103FF000DB6A4FF0B042D2F8082102F00F020C4900
:1040000051F82220B3FBF2F30A4AA2FB03239B0CD4
:104010001C46FFF779FF01462046FFF785FF10BDDC
:10402000C0F30310014B53F82030E2E708AD00085D
:1040300048AD000883DE1B434FF0B0439B6813F08C
:104040000C030DD14FF0B0431B6803F0F003B02B0D
:1040500004D81B09254A52F823007047B023F8E71B
:10406000042B3ED0082B10D04FF0B043DB6803F098
:104070000303022B31D0032B0FD14FF0B0431B6849
:1040800013F4801F2BD11A4812E04FF0B0431B6885
:1040900013F4801F27D0174870474FF0B0431B68B8
:1040A00003F0F003B02B16D81B09104A52F8230076
:1040B0004FF0B042D368C3F3062303FB00F0D3688C
:1040C000C3F302130133B0FBF3F0D3685B0F01338A
:1040D000B0FBF3F07047B023E6E70648E8E7054891
:1040E000E6E7044870470248704700BF08AD000883
:1040F0000048E8010024F40008B5FFF79DFF4FF0E9
:10410000B0439B68C3F30313024A52F82330B0FB59
:10411000F3F008BD48AD0008002800F0758338B5FD
:104120000446036813F0200F2DD04FF0B04293687F
:10413000D26802F0030213F00C0358D00C2B54D0B9
:10414000E369002B00F0A0804FF0B042136843F009
:1041500001031360FEF756F805464FF0B0431B68A5
:1041600013F0020F00F08880636A4FF0B0421168CC
:1041700021F0F0010B431360216A536823F47F435D
:1041800043EA01235360236813F0010F00F09A8083
:104190004FF0B042936803F00C03D26802F00302C0
:1041A000082B00F08B800C2B00F085806368B3F542
:1041B000803F00F0B0804FF0B042136823F48033AA
:1041C00013606368002B00F0AD80FEF71BF8054616
:1041D0004FF0B0431B6813F4003F73D1FEF712F8A1
:1041E000401B6428F4D9032019E3012AA8D1E3690C
:1041F000002B00F00B83606A4FF0B0431B6803F0A4
:10420000F003B02B21D8984221D9FFF7EDFE00280A
:1042100040F0FE82636A4FF0B042116821F0F00175
:104220000B431360216A536823F47F4343EA01235D
:104230005360FFF761FFBD4B1860BD4B1868FDF779
:1042400095FF00289FD00120E9E2B023DBE74FF083
:10425000B042136823F0F00318431060216A5368DA
:1042600023F47F4343EA01235360606AFFF7BCFEF7
:104270000028DED00120D2E2FDF7C4FF401B022857
:104280007FF66BAF0320CAE24FF0B042136823F011
:1042900001031360FDF7B6FF05464FF0B0431B68FE
:1042A00013F0020F3FF46FAFFDF7ACFF401B022885
:1042B000F3D90320B3E2032A7FF478AF6368002BBD
:1042C00000F0A882236813F0020F54D04FF0B042E0
:1042D000936803F00C03D26802F00302042B33D07E
:1042E0000C2B2FD0E368002B74D04FF0B042136832
:1042F00043F480731360FDF785FF05464FF0B0432C
:104300001B6813F4806F2DD1FDF77CFF401B022842
:10431000F4D9032083E24FF0B042136843F48033B2
:1043200013604EE7FDF76EFF05464FF0B0431B6884
:1043300013F4003FC6D0FDF765FF401B6428F4D995
:1043400003206CE2022ACDD1E368002B00F06482E6
:1043500021694FF0B042536823F0FE4343EA016302
:10436000536008E021694FF0B042536823F0FE43E8
:1043700043EA01635360236813F0080F03D113F07D
:10438000100F00F0DE806269002A00F0A38013F0B5
:10439000100F70D04FF0B043D3F8943013F0020FE9
:1043A0002ED14FF0B042D2F8943043F00103C2F85E
:1043B0009430FDF727FF05464FF0B043D3F8943013
:1043C00013F0020F1CD1FDF71DFF401B0228F3D98B
:1043D000032024E24FF0B042136823F4807313608B
:1043E000FDF710FF05464FF0B0431B6813F4806FD4
:1043F000C1D0FDF707FF401B0228F4D903200EE2CD
:104400004FF0B042D2F8943043F00403C2F8943035
:10441000FDF7F8FE05464FF0B043D3F8943013F0A3
:10442000080F06D1FDF7EEFE401B0328F3D9032049
:10443000F5E1A1694FF0B042D2F8943023F47063F3
:1044400043EA0123C2F89430D2F8943023F00103F8
:10445000C2F89430FDF7D6FE05464FF0B043D3F8CE
:10446000943013F0020F6CD0FDF7CCFE401B0228F5
:10447000F3D90320D3E14FF0B042D2F8943043F0A7
:104480000103C2F89430FDF7BDFE05464FF0B0437E
:10449000D3F8943013F0020F06D1FDF7B3FE401BA2
:1044A0000228F3D90320BAE14FF0B042D2F8943099
:1044B00023F00403C2F894304FF0B043D3F89430A3
:1044C00013F0080F3DD0FDF79DFE401B0328F3D9E4
:1044D0000320A4E14FF0B042D2F8943023F004035B
:1044E000C2F89430FDF78EFE05464FF0B043D3F886
:1044F000943013F0080F1DD14FF0B042D2F8943031
:1045000023F00103C2F89430FDF77CFE05464FF01E
:10451000B043D3F8943013F0020F12D0FDF772FEBF
:10452000401B0228F3D9032079E100BF10000020CE
:104530000C000020FDF766FE401B0328D5D90320A0
:104540006DE1236813F0040F68D0B64B1B6813F4B9
:10455000807F27D0A368012B35D0052B3CD04FF0AE
:10456000B043D3F8902022F00102C3F89020D3F892
:10457000902022F00402C3F89020A368DBB3FDF77B
:1045800041FE05464FF0B043D3F8903013F0020FD0
:1045900044D1FDF737FE401B41F288339842F1D9F0
:1045A00003203CE1FFF7A8FCFDF72CFE05469D4BE0
:1045B0001B6813F4807FCDD1FDF724FE401B022839
:1045C000F5D903202BE14FF0B042D2F8903043F000
:1045D0000103C2F89030D0E74FF0B043D3F89020F9
:1045E00042F00402C3F89020D3F8902042F0010278
:1045F000C3F89020C1E7FDF705FE05464FF0B04334
:10460000D3F8903013F0020F08D0FDF7FBFD401BEC
:1046100041F288339842F1D9032000E1236813F076
:10462000400F33D0A36AC3B14FF0B042D2F89830F4
:1046300043F00103C2F89830FDF7E4FD05464FF062
:10464000B043D3F8983013F0020F1FD1FDF7DAFD15
:10465000401B0228F3D90320E1E04FF0B042D2F82A
:10466000983023F00103C2F89830FDF7CBFD0546E2
:104670004FF0B043D3F8983013F0020F06D0FDF797
:10468000C1FD401B0228F3D90320C8E0E36A002BD8
:1046900000F0C4804FF0B042916801F00C01D26884
:1046A000022B19D00C2900F0C3804FF0B0421368E0
:1046B00023F080731360FDF7A5FD04464FF0B0436F
:1046C0001B6813F0007F00F09780FDF79BFD001B37
:1046D0000228F3D90320A2E002F00303206B8342F7
:1046E0000AD00C2900F09C804FF0B0431B6813F0F7
:1046F000806F22D0012092E002F07003606B834251
:10470000EFD1C2F30623A06B8342EAD102F47813FF
:10471000E06B8342E5D102F06063206C8342E0D11C
:1047200002F06042636C9A42DBD14FF0B0431B68E9
:1047300013F0007F44D0002071E04FF0B0421368C6
:1047400023F080731360FDF75DFD05464FF0B04325
:104750001B6813F0007F06D0FDF754FD401B0228B4
:10476000F4D903205BE04FF0B042D3682E491940E2
:10477000236B606B0343A06B43EA0023E06B0343AE
:10478000206C0343606C03431943D160136843F00A
:1047900080731360D36843F08053D360FDF732FD1C
:1047A00004464FF0B0431B6813F0007F06D1FDF7BD
:1047B00029FD001B0228F4D9032030E000202EE060
:1047C0004FF0B0431A6842F080721A60DA6842F023
:1047D0008052DA60FDF716FD04464FF0B0431B68C7
:1047E00013F0007F06D1FDF70DFD031B022BF4D95A
:1047F000032014E0002012E04FF0B042D1680B4BD0
:104800000B40D36000200AE001207047012006E041
:10481000012004E0012002E0012000E0184638BD3C
:104820000120FCE7000400588C80C111FCFFFEEE63
:104830000120F4E7002800F0278170B50C460546FA
:10484000934B1B6803F007038B422DD32B6813F0A7
:10485000020F3FD12B6813F0200F53D12B6813F0B8
:10486000400F6AD12B6813F0040F40F083802B684F
:1048700013F0080F40F097802B6813F0010F00F041
:10488000DE806B68022B00F0A880032B00F0AD8067
:10489000002B40F0B2804FF0B042126812F0020FCD
:1048A00040F0B1800120EEE0794A136823F007035D
:1048B0000B431360FDF7A6FC0646754B1B6803F01F
:1048C0000703A342C2D0FDF79DFC801B0228F4D948
:1048D0000320D8E0AB684FF0B0418A6822F0F002C4
:1048E00013438B60FDF78EFC06464FF0B0439B6888
:1048F00013F4803FAED1FDF785FC801B0228F4D96C
:104900000320C0E06B694FF0B041D1F8082122F0DC
:10491000F0021343C1F80831FDF774FC06464FF06E
:10492000B043D3F8083113F4003F97D1FDF76AFC88
:10493000801B0228F3D90320A5E0A9694FF0B042FB
:10494000D2F8083123F00F0343EA1113C2F80831FB
:10495000FDF758FC06464FF0B043D3F8083113F486
:10496000803F7FF47FAFFDF74DFC801B0228F2D91A
:10497000032088E0EB684FF0B0418A6822F4E062DF
:1049800013438B60FDF73EFC06464FF0B0439B6837
:1049900013F4003F7FF46BAFFDF734FC801B02285B
:1049A000F3D903206FE029694FF0B042936823F4F4
:1049B000605343EAC1039360FDF724FC06464FF0C1
:1049C000B0439B6813F4802F7FF456AFFDF71AFCB9
:1049D000801B0228F3D9032055E04FF0B042126843
:1049E00012F4003F0FD101204DE04FF0B0421268A9
:1049F00012F0007F07D1012045E04FF0B04212686D
:104A000012F4806F42D04FF0B0418A6822F0030266
:104A100013438B60FDF7F6FB06464FF0B0439B68EF
:104A200003F00C036A68B3EB820F08D0FDF7EAFBD2
:104A3000801B41F288339842EFD9032023E0144BC6
:104A40001B6803F00703A34215D9114A136823F02A
:104A5000070323431360FDF7D5FB05460C4B1B688A
:104A600003F00703A34206D0FDF7CCFB401B02284E
:104A7000F4D9032007E0FFF73FFB064B1860FDF772
:104A8000C7FBFDF773FB70BD012070470120FAE7FB
:104A900000400058100000204FF0B041D1F888309D
:104AA000020902F47F2223EA0203000100F47F20BE
:104AB0000343C1F88830704770B505464FF0B042E7
:104AC000136823F080631360FDF79CFB04464FF0EE
:104AD000B0431B6813F0006F06D0FDF793FB001B7B
:104AE0000228F4D9032400E000240CB1204670BD54
:104AF0004FF0B0431A6922F4FE42296842EA0122CB
:104B00001A611A6922F4781269680A431A611A68EC
:104B100042F080621A60FDF775FB06464FF0B04325
:104B20001B6813F0006F05D1FDF76CFB801B02289A
:104B3000F4D90324002CD9D14FF0B042136929696C
:104B40000B431361D2E770B505464FF0B0421368CE
:104B500023F080631360FDF755FB04464FF0B0432C
:104B60001B6813F0006F06D0FDF74CFB001B0228FA
:104B7000F4D9032400E000240CB1204670BD4FF0AE
:104B8000B0431A6922F4FE42296842EA01221A61FE
:104B90001A6922F06062A9680A431A611A6842F031
:104BA00080621A60FDF72EFB06464FF0B0431B688B
:104BB00013F0006F05D1FDF725FB801B0228F4D907
:104BC0000324002CD9D14FF0B042136929690B435B
:104BD0001361D2E770B505464FF0B042136823F079
:104BE00080631360FDF70EFB04464FF0B0431B6873
:104BF00013F0006F06D0FDF705FB001B0228F4D967
:104C0000032400E000240CB1204670BD4FF0B043F7
:104C10001A6922F4FE42296842EA01221A611A69DD
:104C200022F06042E9680A431A611A6842F0806221
:104C30001A60FDF7E7FA06464FF0B0431B6813F021
:104C4000006F05D1FDF7DEFA801B0228F4D903249A
:104C5000002CD9D14FF0B042136929690B4313617D
:104C6000D2E770B50446036813F0400F35D0036BEC
:104C7000B3F5800F16D00BD833B90430FFF71CFF03
:104C80000646B8B105462BE001231D461E4627E027
:104C9000B3F5000F1BD0B3F5400F1BD001231D4609
:104CA0001E461DE04FF0B042D36843F48033D3601A
:104CB00000231E46236B4FF0B041D1F8882022F428
:104CC00040021343C1F8883000231D4608E000234A
:104CD0001E46EFE700231E46ECE700231D461E4656
:104CE000236813F4006F0BD04FF0B043D3F890302B
:104CF00003F440731D46236CAB4240F0B780354649
:104D0000236813F0010F09D0A3694FF0B041D1F827
:104D1000882022F003021343C1F88830236813F07F
:104D2000020F09D0E3694FF0B041D1F8882022F496
:104D300040621343C1F88830236813F0100F0CD081
:104D4000A16A4FF0B042D2F88830080C000423EA80
:104D5000000343EA0143C2F88830236813F0200FB0
:104D60000CD0E16A4FF0B042D2F88830080C000451
:104D700023EA000343EA0143C2F88830236813F0B2
:104D8000040F40F0B580236813F0080F40F0B480A2
:104D9000236813F4807F13D0636B4FF0B041D1F8D8
:104DA000882022F040621343C1F88830636BB3F16E
:104DB000006F00F0A580636BB3F1806F00F0A580F9
:104DC000236813F4007F17D0A36BB3F1804F05D095
:104DD000B3F1004F02D0002B40F09F804FF0B04164
:104DE000D1F8882022F040421343C1F88830A36BE9
:104DF000B3F1C05F00F0A380236813F4806F13D079
:104E0000E36B4FF0B041D1F8882022F040521343B9
:104E1000C1F88830E36BB3F1005F00F09780E36B7B
:104E2000B3F1805F00F09780236813F4805F09D0AE
:104E3000636C4FF0B041D1F8942022F44042134308
:104E4000C1F89430236813F4005F0DD0E26C4FF08A
:104E5000B043596A21F030010A435A62A26C596A80
:104E600021F003010A435A62284670BDFFF744F857
:104E70005DB9236C4FF0B041D1F8902022F440721C
:104E80001343C1F8903035463AE74FF0B043D3F8BA
:104E90009020D3F8901041F48031C3F89010D3F8EB
:104EA000901021F48031C3F8901022F44072216CEC
:104EB0000A43C3F89020D3F8903013F0010F13D0B9
:104EC000FDF7A0F905464FF0B043D3F8903013F04A
:104ED000020F0BD1FDF796F9401B41F2883398423F
:104EE000F1D903231D460BE7354609E7354607E7A9
:104EF000206AFFF7D1FD46E7606AFFF7CDFD47E77F
:104F0000CB6843F08073CB6055E7201DFFF71BFE95
:104F100000283FF455AF054652E723F080534FF089
:104F2000B042D2F8881021F04041C2F88810D2F87F
:104F3000881021F040610B43C2F8883057E74FF0EA
:104F4000B042D36843F08073D36055E7CB6843F435
:104F50008033CB6063E7201DFFF73CFE00283FF461
:104F600063AF054660E74FF0B042136843F00403B7
:104F7000136070472DE9F04383B004460F46164690
:104F80001D46FDF73FF90A9B1B1A03EB0508FDF7C9
:104F900039F98146284B1B68C3F3CB3308FB03F375
:104FA000019323689B6837EA03030CBF01230023A6
:104FB000B3423DD0B5F1FF3FF3D0FDF723F94B46A7
:104FC000C01A404503D2019B73BB9846E9E72268AB
:104FD000536823F0E00353606368B3F5827F0BD01E
:104FE000A36AB3F5005F14D0012384F85D30002379
:104FF00084F85C3003201CE0A368B3F5004F02D0B6
:10500000B3F5806FECD12268136823F0400313607E
:10501000E6E72268136823F40053136022681368DC
:1050200043F400531360DFE7019B013B0193B8E7B2
:10503000002003B0BDE8F083100000202DE9F04708
:1050400082B006460C4615461F4600238DF80330F5
:10505000FDF7D8F80A9B1B1A03EB0708FDF7D2F8F7
:105060008246D6F80090304B1B6803EB8303C3EBFA
:10507000C3031B0D08FB03F3019302E0B7F1FF3FED
:1050800012D133689B6803EA040CAC4547D0B4F5F1
:10509000C06FF3D1002DF1D199F80C30DBB28DF84F
:1050A00003309DF80330E9E7FDF7ACF85346C01A2A
:1050B000404503D2019B73BB9846E2E732685368D0
:1050C00023F0E00353607368B3F5827F0BD0B36ABB
:1050D000B3F5005F14D0012386F85D30002386F815
:1050E0005C3003201CE0B368B3F5004F02D0B3F589
:1050F000806FECD13268136823F040031360E6E759
:105100003268136823F4005313603268136843F461
:1051100000531360DFE7019B013B0193B1E70020DF
:1051200002B0BDE8F08700BF1000002070B582B06B
:1051300004460B460E461546009200224FF4C0511D
:10514000FFF77CFFB0B90095334602468021204628
:10515000FFF710FFA8B90095334602464FF4C0612F
:105160002046FFF76BFF50B1236E43F02003236608
:10517000032004E0236E43F020032366032002B0E3
:1051800070BD236E43F0200323660320F7E7002859
:105190006AD010B50446436A33B94368B3F5827FD9
:1051A00005D00023C36102E00023036143610023B3
:1051B000A36294F85D30002B4DD0022384F85D305B
:1051C0002268136823F040031360E368B3F5E06FCF
:1051D00047D90022B3F5706F04D0B3F5E06F01D06A
:1051E0000023A362636803F48273A16801F404419D
:1051F0000B43216901F002010B43616901F00101D8
:105200000B43A16901F400710B43E16901F038011E
:105210000B43216A01F080010B43A16A01F40051A4
:1052200020680B430360638B03F00403616A01F0A1
:1052300010010B43616B01F008010B43E16801F4BD
:1052400070610B43216813434B60002020660123EB
:1052500084F85D3010BD84F85C302046FCF754FFC4
:10526000ABE74FF48052B5E7012070472DE9F043DA
:1052700083B00446894690461D46FCF7C3FF94F868
:105280005D30012B40F0F0800646DFB24946002930
:1052900000F0EB804246002A00F0E78094F85C3092
:1052A000012B00F0E680012384F85C30032384F8AE
:1052B0005D3000232366C4F83890A4F83C80A4F83D
:1052C0003E802364A4F84430A4F846302365E364A8
:1052D000A368B3F5004F1ED023681A6812F0400F80
:1052E00003D11A6842F040021A60E368B3F5E06F38
:1052F00047D9636813B14346012B20D1A26B2368C1
:105300001288DA60A36B0233A363E38F9BB2013B85
:105310009BB2E38713E02268136823F04003136015
:105320002268136843F480431360D5E7FCF76AFFF3
:10533000801BA84202D3B5F1FF3F1AD1CDB1E38F54
:105340009BB2002B75D023689A6812F0020FEDD043
:10535000A26B1288DA60A36B0233A363B4F83EC079
:105360001FFA8CFC0CF1FF3C1FFA8CFCA4F83EC029
:10537000E5E7012384F85D30002384F85C300327DF
:1053800073E0636813B14346012B28D1E38F9BB2CE
:10539000012B0CD9A26B23681288DA60A36B02334D
:1053A000A363E38F9BB2023B9BB2E38717E0A26B40
:1053B000236812781A73A36B0133A363E38F9BB244
:1053C000013B9BB2E3870AE0A36B1B88D360A36B0E
:1053D0000233A363E38F9BB2023B9BB2E387E38F6D
:1053E0009BB233B32268936813F0020F0FD0E38FA0
:1053F0009BB2012BE8D8A36B1B781373A36B01330B
:10540000A363E38F9BB2013B9BB2E387E7E7FCF723
:10541000F9FE801BA84202D3B5F1FF3F01D1002D58
:10542000DDD1012384F85D30002384F85C3003274C
:105430001BE0324629462046FFF778FE08B12023BC
:105440002366A36833B901932368DA6801929B68E5
:105450000193019B012384F85D30002384F85C30C4
:10546000236E13B91F4600E00227384603B0BDE89B
:10547000F0830227F9E72DE9F84304460F469146E9
:105480009846089DFCF7BEFE064694F85D306268BB
:10549000012B0BD0D9B2B2F5827F40F06481A368B2
:1054A000002B40F06381042940F06281002F00F05E
:1054B00061814B46002B00F05F814346002B00F0DA
:1054C0005D8194F85C30012B00F05A81012384F84F
:1054D0005C3094F85D30042B02D0052384F85D30F5
:1054E00000232366C4F840904246A4F84680A4F8FE
:1054F0004480A763A4F83E80A4F83C80E36423655D
:10550000E368B3F5E06F01D8012A25D92268536812
:1055100023F48053536023681A6812F0400F03D1BC
:105520001A6842F040021A60E368B3F5E06F62D98E
:10553000636813B14346012B0BD1A26B2368128819
:10554000DA60A36B0233A363E38F9BB2013B9BB290
:10555000E38701231F4631E02268536843F48053F8
:105560005360D8E7A26B1288DA60A36B0233A3639F
:10557000E38F9BB2013B9BB2E38700231F46226867
:10558000936813F0010311D0B4F8461089B269B1E1
:10559000D168226C1180226C02322264B4F8462059
:1055A00092B2013A92B2A4F846201F46FCF72AFEB6
:1055B000831BAB4202D3B5F1FF3F14D1E38F9BB203
:1055C0002BB9B4F846309BB2002B00F0B5802368AD
:1055D0009A6812F0020FD2D0E28F92B2002ACED097
:1055E000002FCCD0BEE7012384F85D30002384F87F
:1055F0005C300320B8E0636813B14346012B0FD140
:10560000E38F9BB2012B0ED9A26B23681288DA605C
:10561000A36B0233A363E38F9BB2023B9BB2E3878E
:1056200001231F464BE0A26B236812781A73A36B09
:105630000133A363E38F9BB2013B9BB2E387EFE7A8
:10564000E28F92B2012A0DD9A26B1288DA60A36BA5
:105650000233A363E38F9BB2023B9BB2E387002339
:105660001F463EE0A26B12781A73A36B0133A3634B
:10567000E38F9BB2013B9BB2E38700231F4630E0E0
:1056800021684A6842F480524A601F460DE0216C4E
:10569000127B0A70226C01322264B4F8462092B266
:1056A000013A92B2A4F846201F46FCF7ABFD801BDE
:1056B000A84202D3B5F1FF3F36D1002D34D0E38F9D
:1056C0009BB223B9B4F846309BB2002B34D0236888
:1056D0009A6812F0020F04D0E28F92B20AB1002F42
:1056E000AED12268936813F00103DED0B4F84610FF
:1056F00089B20029D9D0B4F8461089B20129C6D997
:10570000D168226C1180226C02322264B4F84620E7
:1057100092B2023A92B2A4F84620B4F8462092B26D
:10572000012AADD91F46C0E7012384F85D3000236C
:1057300084F85C30032017E0324629462046FFF704
:10574000F5FC48B9012384F85D30002384F85C300F
:10575000236E4BB1012007E020232366002384F849
:105760005C30012000E00220BDE8F8830220FBE766
:105770000220F9E70120F7E70120F5E70120F3E730
:105780000220F1E7FEE7FEE7FEE7FEE7FEE77047EF
:105790007047704708B5FCF729FD08BD08B50248F9
:1057A000FEF761F908BD00BF001A00200346002083
:1057B000A3F844004BF68072A3F840207047B0F87D
:1057C00040309BB223F47E535B045B0CA0F8403066
:1057D0000020704782B0034602A800E906000122BB
:1057E000A3F840200020A3F84000A3F84400A3F849
:1057F000500002B0704700B5034691F800C030F881
:105800002C2092B222F4EC4222F0700292B2C878BC
:10581000022867D008D878B1012803D142F4806209
:1058200000200BE0012009E0032803D142F4C0620C
:10583000002003E0012001E042F4007248F2800EF3
:1058400042EA0E0223F82C2091F800C033F82C20F5
:1058500092B222F4E04222F070024CEA020242EAE2
:105860000E0223F82C200A7B002A40F0DC804A78C4
:10587000002A48D0B3F8502013FA82F291F800C001
:1058800002EBCC02B1F806C04FEA5C0C4FEA4C0CBC
:10589000A2F800C491F800C033F82C2012F0400F99
:1058A0000CD033F82C2092B222F4E04222F07002A5
:1058B00042F4004242F0C00223F82C20CA78012AA8
:1058C00012D0097833F8212092B222F4E04222F07B
:1058D000400282F0200242F4004242F0800223F8AB
:1058E0002120D8E10020A9E7097833F8212092B2DD
:1058F00022F4E04222F0400242F4004242F08002F0
:1059000023F82120C7E1B3F8502013FA82F291F86E
:1059100000C002EBCC02B1F806C04FEA5C0C4FEAC3
:105920004C0CA2F804C4B3F8502013FA82F291F898
:1059300000C002EBCC02B2F806C4CCF3090CA2F80A
:1059400006C4D1F810C0BCF1000F2FD1B2F806C4C4
:105950006FEA4C4C6FEA5C4C1FFA8CFCA2F806C450
:1059600091F800C033F82C2012F4804F0CD033F89B
:105970002C2092B222F4E04222F0700242F4404223
:1059800042F0800223F82C200978E1BB33F8212073
:1059900092B222F4804222F0700282F4405242F429
:1059A000004242F0800223F8212074E1BCF13E0F56
:1059B00013D84FEA5C0E1CF0010F01D00EF1010E5E
:1059C000B2F806C41FFA8CFC4FEA8E2E1FFA8EFE28
:1059D0004CEA0E0CA2F806C4C2E74FEA5C1E1CF0AB
:1059E0001F0F01D10EF1FF3EB2F806C41FFA8CFC66
:1059F0004FEA8E2E1FFA8EFE4CEA0E0C4CF4004C31
:105A0000A2F806C4ACE733F8212092B222F4804217
:105A100022F0700282F4005242F4004242F080020E
:105A200023F8212037E1CA78022A7BD091F800C000
:105A300033F82C2092B222F4E24222F0700242F4B7
:105A4000004242F0800223F82C20B3F8502013FAD1
:105A500082F291F800C002EBCC02B1F808C04FEA24
:105A60005C0C4FEA4C0CA2F800C4B3F8502013FAB7
:105A700082F291F800C002EBCC02B1F80AC04FEA02
:105A80005C0C4FEA4C0CA2F804C44A78002A40F09F
:105A9000108191F800C033F82C2012F4804F0CD004
:105AA00033F82C2092B222F4E04222F0700242F449
:105AB000404242F0800223F82C2091F800C033F8D5
:105AC0002C2012F0400F0CD033F82C2092B222F48C
:105AD000E04222F0700242F4004242F0C00223F899
:105AE0002C204A78002A5AD1B3F8502013FA82F2B7
:105AF00091F800C002EBCC02B2F802C4CCF3090C5E
:105B0000A2F802C4D1F810C0BCF1000F1AD1B2F84B
:105B100002C46FEA4C4C6FEA5C4C1FFA8CFCA2F892
:105B200002C43EE091F800C033F82C2092B222F477
:105B3000E04222F0700242F4014242F0800223F877
:105B40002C2082E7BCF13E0F13D84FEA5C0E1CF00C
:105B5000010F01D00EF1010EB2F802C41FFA8CFC45
:105B60004FEA8E2E1FFA8EFE4CEA0E0CA2F802C4EB
:105B700017E04FEA5C1E1CF01F0F01D10EF1FF3E33
:105B8000B2F802C41FFA8CFC4FEA8E2E1FFA8EFE6A
:105B90004CEA0E0C4CF4004CA2F802C401E0012ABD
:105BA00020D04A78002A57D1B3F8502013FA82F255
:105BB00091F800C002EBCC02B2F806C4CCF3090C99
:105BC000A2F806C4D1F810C0BCF1000F17D1B2F88A
:105BD00006C46FEA4C4C6FEA5C4C1FFA8CFCA2F8CE
:105BE00006C43BE0B3F8502013FA82F291F800C0EB
:105BF00002EBCC02B1F810C0A2F802C4D1E7BCF1AC
:105C00003E0F13D84FEA5C0E1CF0010F01D00EF1CD
:105C1000010EB2F806C41FFA8CFC4FEA8E2E1FFA52
:105C20008EFE4CEA0E0CA2F806C417E04FEA5C1E8A
:105C30001CF01F0F01D10EF1FF3EB2F806C41FFA8F
:105C40008CFC4FEA8E2E1FFA8EFE4CEA0E0C4CF4A2
:105C5000004CA2F806C401E0012A1DD091F800E032
:105C600033F82E2092B222F4804222F0700282F4A5
:105C7000405248F2800C42EA0C0223F82E200978A8
:105C800033F8212092B222F4E04222F0400242EAAC
:105C90000C0223F8212000BDB3F8502013FA82F241
:105CA00091F800C002EBCC02B1F810C0A2F806C413
:105CB000D4E791F800C033F82C2012F4804F0CD0B8
:105CC00033F82C2092B222F4E04222F0700242F427
:105CD000404242F0800223F82C2091F800C033F8B3
:105CE0002C2012F0400F0CD033F82C2092B222F46A
:105CF000E04222F0700242F4004242F0C00223F877
:105D00002C20CA78012A1FD091F800C033F82C202B
:105D100092B222F4E04222F0400282F0200242F4E9
:105D2000004242F0800223F82C20097833F8212029
:105D300092B222F4804222F0700242F4004242F019
:105D4000800223F82120A6E791F800C033F82C2028
:105D500092B222F4E04222F0400242F4004242F0C9
:105D6000800223F82C20E0E70B7B002B46D14B78F8
:105D700013B30A7830F8223013F0400F0CD030F80B
:105D800022309BB223F4E04323F0700343F400433A
:105D900043F0C00320F822300A7830F822309BB25A
:105DA00023F4E04323F0400343F4004343F0800333
:105DB00020F82230002070470A7830F8223013F49F
:105DC000804F0CD030F822309BB223F4E04323F014
:105DD000700343F4404343F0800320F822300A78F4
:105DE00030F822309BB223F4804323F0700343F455
:105DF000004343F0800320F82230DBE74B78002B90
:105E00004ED10A7830F8223013F4804F0CD030F89D
:105E100022309BB223F4E04323F0700343F4404369
:105E200043F0800320F822300A7830F8223013F053
:105E3000400F0CD030F822309BB223F4E04323F023
:105E4000700343F4004343F0C00320F822300A7883
:105E500030F822309BB223F4E04323F0700343F484
:105E6000004343F0C00320F822300A7830F8223093
:105E70009BB223F4804323F0700348F2800C43EA82
:105E80000C0320F822300A7830F822309BB223F439
:105E9000E04323F0400343EA0C0320F8223089E773
:105EA0000A7830F8223013F4804F0CD030F82230CA
:105EB0009BB223F4E04323F0700343F4404343F0E8
:105EC000800320F822300A7830F8223013F0400F97
:105ED0000CD030F822309BB223F4E04323F070035F
:105EE00043F4004343F0C00320F822300A7830F82E
:105EF00022309BB223F4E04323F0700343F4404389
:105F000043F0800320F822300A7830F822309BB228
:105F100023F4E04323F0400348F2800C43EA0C03EF
:105F200020F822300A7830F822309BB223F48043E4
:105F300023F0700343EA0C0320F822303AE74B7851
:105F40008BB10A7830F822309BB223F4E04323F07F
:105F5000400383F0100343F4004343F0800320F830
:105F60002230002070470A7830F822309BB223F4A8
:105F7000804323F0700383F4805343F4004343F0E1
:105F8000800320F82230ECE74B7833B30A7830F8FE
:105F9000223013F0400F0CD030F822309BB223F4A3
:105FA000E04323F0700343F4004343F0C00320F8C0
:105FB0002230CB78012B33D00A7830F822309BB2D4
:105FC00023F4E04323F0400383F0200343F4004331
:105FD00043F0800320F8223022E00A7830F82230A3
:105FE00013F4804F0CD030F822309BB223F4E043FE
:105FF00023F0700343F4404343F0800320F8223041
:106000000A7830F822309BB223F4804323F07003E7
:1060100083F4405343F4004343F0800320F82230DC
:106020000020704711B98023A0F84C300020704741
:10603000B0F858306FEA43436FEA53439BB2A0F87D
:10604000583000207047B0F8440080B270470133E8
:106050005B08104400F5806008E00A7891F801C000
:1060600042EA0C2220F8022B0231013B002BF4D132
:10607000704770B505460C464B78012B1AD00B7B48
:10608000002B40F094828B69002B40F06782CB7824
:10609000002B40F063820A7830F822309BB223F460
:1060A000E04323F0700343F4014343F0800320F8FE
:1060B000223061E28A69114616462269914200D96E
:1060C0001646217B41B3E178022947D0226A921B10
:1060D0002262227835F8221011F0400F00F0F6818C
:1060E000002B40F0E381B5F8503015FA83F303EB51
:1060F000C202B2F80634C3F30903A2F80634002E34
:1061000040F0B481B2F806346FEA43436FEA534378
:106110009BB2A2F80634D2E1B3B21E46E2886169AE
:106120002846FFF794FFB5F8503015FA83F322782C
:1061300003EBC203A3F80264227835F822309BB245
:1061400023F4E04323F0400383F0300343F400439F
:1061500043F0800325F82230002024E2236A9A428B
:1061600080F06681227835F822309BB223F4E04338
:1061700023F0700343F4014343F0800325F82230F9
:10618000236A9B1B2362237835F8232012F0400FEB
:1061900000F0A7806278B2BBB5F8502015FA82F201
:1061A00002EBC303B3F80624C2F30902A3F80624E2
:1061B0004EB9B3F806246FEA42426FEA524292B2F5
:1061C000A3F8062421E03E2E0DD8720816F0010F28
:1061D00000D00132B3F8061489B2920292B20A4397
:1061E000A3F8062411E0710916F01F0F00D1013940
:1061F000B3F8062492B2890289B20A4342F40042FB
:10620000A3F8062401E0012A29D0B3B262896169AA
:106210002846FFF71CFF636933446361236A2269E0
:10622000934226D99B1B23626378002B45D1B5F896
:10623000503015FA83F3227803EBC203B3F802243B
:10624000C2F30902A3F80224BEB9B3F802246FEA2C
:1062500042426FEA524292B2A3F802242FE0B5F80C
:10626000502015FA82F202EBC303B2B2A3F806245F
:10627000CBE7002222621E46D6E73E2E0DD87208DA
:1062800016F0010F00D00132B3F8021489B2920265
:1062900092B20A43A3F8022411E0710916F01F0F0D
:1062A00000D10139B3F8022492B2890289B20A43BB
:1062B00042F40042A3F8022401E0012B06D0B3B25D
:1062C000228961692846FFF7C2FE35E7B5F85030EC
:1062D00015FA83F3227803EBC203B2B2A3F80224C7
:1062E000EDE76278B2BBB5F8502015FA82F202EB06
:1062F000C303B3F80224C2F30902A3F802244EB97F
:10630000B3F802246FEA42426FEA524292B2A3F813
:10631000022421E03E2E0DD8720816F0010F00D0A5
:106320000132B3F8021489B2920292B20A43A3F87E
:10633000022411E0710916F01F0F00D10139B3F8E2
:10634000022492B2890289B20A4342F40042A3F8BD
:10635000022401E0012A29D0B3B2228961692846CA
:10636000FFF775FE636933446361236A22699342D0
:1063700026D99B1B23626378002B45D1B5F850309A
:1063800015FA83F3227803EBC203B3F80624C2F3B1
:106390000902A3F80624BEB9B3F806246FEA424204
:1063A0006FEA524292B2A3F806242FE0B5F85020CB
:1063B00015FA82F202EBC303B2B2A3F80224CBE7D0
:1063C000002222621E46D6E73E2E0DD8720816F035
:1063D000010F00D00132B3F8061489B2920292B2D2
:1063E0000A43A3F8062411E0710916F01F0F00D12B
:1063F0000139B3F8062492B2890289B20A4342F401
:106400000042A3F8062401E0012B06D0B3B2628952
:1064100061692846FFF71BFE8EE6B5F8503015FA85
:1064200083F3227803EBC203B2B2A3F80624EDE7AC
:10643000217835F8212092B222F4E24222F0700253
:1064400042F4004242F0800225F82120B5F85020A5
:1064500015FA82F2217802EBC1029BB2A2F8023453
:10646000228961692846FFF7F2FD65E63E2E0DD8C8
:10647000730816F0010F00D00133B2F8061489B288
:106480009B029BB20B43A2F8063418E0710916F088
:106490001F0F00D10139B2F806349BB2890289B2CC
:1064A0000B4343F40043A2F8063408E0B5F850303B
:1064B00015FA83F303EBC203B2B2A3F80624B3B216
:1064C000628961692846FFF7C2FD35E6B3BBB5F8BE
:1064D000503015FA83F303EBC202B2F80234C3F36F
:1064E0000903A2F802344EB9B2F802346FEA43430A
:1064F0006FEA53439BB2A2F8023428E03E2E0DD837
:10650000730816F0010F00D00133B2F8021489B2FB
:106510009B029BB20B43A2F8023418E0710916F0FB
:106520001F0F00D10139B2F802349BB2890289B23F
:106530000B4343F40043A2F8023408E0B5F85030AE
:1065400015FA83F303EBC203B2B2A3F80224B3B289
:10655000228961692846FFF77AFDEDE5227835F852
:1065600022309BB223F4E24323F0700343F4004350
:1065700043F0800325F82230A3692269934213D99E
:106580009B1AA361227835F822309BB223F4804312
:1065900023F0700383F4405343F4004343F080033B
:1065A00025F82230002070BD0023A361EAE7CB78F4
:1065B000022B04D0012B21D100238B61E2E7CB69B0
:1065C000002BDFD00A7830F8223099B213F4804FD4
:1065D00010D011F0400FD5D035F822309BB223F403
:1065E000E04323F0700343F4004343F0C00325F875
:1065F0002230C7E711F0400FC4D1EDE70120D2E708
:106600009C465B08104400F5806007E030F8022BE0
:106610000A70C2F307224A700231013B002BF5D108
:106620001CF0010F01D003880B70704701207047E8
:1066300008B502F099F9162303604FF0FF3008BD4A
:1066400008B54FF0FF31FFF7F3FFFEE770B50E46D8
:106650001546002406E0AFF30080314601F8010B37
:1066600001340E46AC42F6DB284670BD70B50C46D0
:106670001646002504E014F8010BAFF30080013545
:10668000B542F8DB304670BD4FF0FF3070474FF435
:1066900000534B6000207047012070470020704776
:1066A00008B503460D4A0E490E48006840B10D4832
:1066B00000680344521A934208D80A4A136008BD7E
:1066C0000848DFF824C0C0F800C0F0E702F04CF939
:1066D0000C2303604FF0FF30F1E700BF0000032000
:1066E000000C00000005002030200020164AD2F8DF
:1066F000883043F47003C2F888304FF0B0431A6812
:1067000042F001021A604FF4E0229A601968A2F187
:10671000A262A2F205120A401A60D3F8942022F075
:106720000502C3F89420D3F8982022F00102C3F8A0
:106730009820064ADA601A611A6822F480221A60E8
:1067400000229A61704700BF00ED00E000100422B3
:1067500008B500220F49104800F071FC70B90F49CC
:106760000D4800F083FC60B90D490B4800F037FA82
:1067700050B9094800F09AFC48B908BDFBF78AFAFD
:10678000EDE7FBF787FAEFE7FBF784FAF1E7FBF7B2
:1067900081FAF2E7E4000020040500205800002000
:1067A0009C00002010B5D0F8D43203F1B00250F8AC
:1067B00022408CB100EB820043687BB194F8000268
:1067C000FF280DD09B6894F8012221469847FF23AB
:1067D00084F80032002010BD0320FCE71846FAE7D9
:1067E0000020F8E70A23038000487047900000204B
:1067F000F8B507460F4D8221284600F0D2FD064627
:106800000121284600F0CDFD04468121284600F0F4
:10681000C8FD0EB11022B2711CB1402222710022BB
:10682000627118B1402202710022427143233B8001
:106830000048F8BD14000020F8B507460F4D82212E
:10684000284600F0AEFD06460121284600F0A9FDCD
:1068500004468121284600F0A4FD0EB11022B27139
:106860001CB1402222710022627118B140220271D3
:106870000022427143233B800048F8BD14000020F1
:10688000F8B507460F4D8221284600F08AFD0646DE
:106890000121284600F085FD04468121284600F0AC
:1068A00080FD0EB11022B2711CB1002222710222B1
:1068B000627118B1002202710222427143233B80AF
:1068C0000048F8BD1400002038B5D0F8D432B033F9
:1068D00050F8235095B1044600F083FBC5F80C0234
:1068E000D4F8D432B03304EB83046368DB6805F575
:1068F0000371D5F804029847002038BD0320FCE757
:1069000010B5D0F8C8E2D0F8D432B03350F823C074
:10691000BCF1000F2FD001F00F0303EB830200EB5B
:106920008202526952B103EB83040EEBC40EDEF80F
:1069300020E0B2FBFEF40EFB142292B10023CCF84F
:106940001432D0F8D432B03300EB830043681B69B3
:106950009BB10A460CF50471DCF808029847002048
:1069600010BD03EB830300EB83035A61134600F071
:1069700028FB0020F4E70320F2E71846F0E7F0B523
:1069800083B0D0F8D43203F1B00250F82270002264
:106990008DF80720ADF80420002F76D004460D4670
:1069A000097811F0600633D0202E67D1EA882AB327
:1069B00011F0800F07D16B7887F80032EA883F2A00
:1069C00013D8D2B212E0B03300EB83035B689B684C
:1069D000394668789847EA88072A28BF0722394647
:1069E000204601F057F900264CE0402287F80122AA
:1069F0003946204601F064F9002643E0B03300EB4D
:106A000083035B689B68294668789847002639E0CD
:106A10006F780A2F23D008D897B1012F32D029469A
:106A2000204600F0FBFC03262CE00B2FF7D190F85A
:106A30009C32032B26D0294600F0F0FC032621E0EF
:106A400090F89C32032B04D0294600F0E7FC032683
:106A500018E0022201A901F01DF93E4612E090F86B
:106A60009C32032B04D0294600F0D8FC032609E011
:106A700001220DF1070101F00DF903E0294600F0B4
:106A8000CDFC0326304603B0F0BD0326FAE738B547
:106A90000446812100F05FFA002584F83750012177
:106AA000204600F058FA84F877518221204600F001
:106AB00052FA84F84B506564D4F8D43203F1B00232
:106AC00054F822209AB1B03304EB83035B685B680F
:106AD0009847D4F8D432B03354F8230000F0AEFA1B
:106AE000D4F8D432B03344F82350C4F8BC52002058
:106AF00038BD70B504464FF4077000F09BFA0028CB
:106B000049D005464FF40772002101F0DBFED4F8AE
:106B1000D432B03344F82350C4F8BC52237C002B49
:106B200040D14FF4007302228121204600F008FA80
:106B3000012684F837604FF4007302223146204664
:106B400000F0FEF984F877611023636408230322C0
:106B50008221204600F0F4F9012384F84B3000260E
:106B6000C5F80462D4F8D432B03304EB83035B6815
:106B70001B689847C5F81462C5F81862D5F8042256
:106B80005AB3257C15BB4FF400730121204600F059
:106B900020FA284670BDD4F8D432B03344F823002C
:106BA0000225F6E7402302228121204600F0C8F9A1
:106BB000012684F83760402302223146204600F047
:106BC000BFF984F8776110236364BFE74023012194
:106BD000204600F0FEF90025DBE70225D9E739B1B0
:106BE000D0F8D432B03300EB83004160002070470E
:106BF00003207047D0F8D432B03350F823302BB193
:106C0000C3F80812C3F81022002070470320704711
:106C1000D0F8D432B03350F823301BB1C3F804128B
:106C2000002070470320704708B5D0F8D432B03345
:106C300050F823208AB1D2F814320BB1012008BDDC
:106C40000123C2F81432D2F810328362D2F808223B
:106C5000812100F0B6F90020F1E70320EFE710B53D
:106C6000D0F8D432B03350F8232092B1047C44B928
:106C70004FF40073D2F80422012100F0AAF9204653
:106C800010BD4023D2F80422012100F0A2F9002413
:106C9000F5E70324F3E70020704700207047002049
:106CA0007047000010B50146044C2046FFF7B0FFC6
:106CB0002046FFF7D4FF002010BD00BF04050020D0
:106CC00010B5064C002206492046FFF793FF054900
:106CD0002046FFF79DFF002010BD00BF04050020E7
:106CE000E0070020E00F002008B5084BD3F8BC32C5
:106CF000D3F814320BB1012008BD0A4601460348FF
:106D0000FFF778FF0148FFF78FFFF5E70405002044
:106D1000022804D005D808B103207047704701202D
:106D200070470320704708B5FAF7B6FF08BD0000AA
:106D300010B59CB0044600211791189119911A9131
:106D40001B91502203A801F0BDFD2268254B9A42F9
:106D500001D01CB010BD4FF480730393182304932B
:106D60004FF4003305934FF0007306934FF0005338
:106D700007934FF0807308934FF08063109303A83C
:106D8000FDF76FFF58BB4FF0B044E36C43F00103D5
:106D9000E364E36C03F001030293029B4FF4C053DE
:106DA000179302231893002319931A930A231B9312
:106DB00017A94FF09040FBF7C5FAA36D43F080632D
:106DC000A365A36D03F080630193019B002211462C
:106DD0001420FBF78FFA1420FBF79CFAB9E7FAF7B7
:106DE00059FFD0E70068004008B500F52671D0F8DB
:106DF000D80200F071F908BD08B501EB810300EB82
:106E0000C303D3F86421D0F8D80200F0F6F908BD26
:106E100008B501EB810300EBC3035A6AD0F8D8022E
:106E200000F04EFA08BD08B5D0F8D80200F0D1F94C
:106E300008BD10B504464379022B09D10121D4F8CD
:106E4000D80200F0A9F9D4F8D80200F071F910BD09
:106E5000FAF720FFF2E7000010B50446D0F8D80298
:106E600000F09DF9637A23B1024A136943F00603E7
:106E7000136110BD00ED00E010B50446437A23B95C
:106E8000D4F8D80200F099F910BD044A136923F030
:106E900006031361FFF747FFF2E700BF00ED00E0D4
:106EA00038B50546204CC4F8D802C0F8C842FDF7F2
:106EB00033F81E4B23600823237102236371E371AF
:106EC000002323726372A372E3722046FCF790F8EA
:106ED00030BB182300221146D5F8C802FCF7D9FFB1
:106EE000582300228021D5F8C802FCF7D2FFC02326
:106EF00000228121D5F8C802FCF7CBFF4FF488733C
:106F000000220121D5F8C802FCF7C3FF4FF48073BB
:106F100000228221D5F8C802FCF7BBFF002038BD53
:106F2000FAF7B8FED5E700BF001A0020006800405D
:106F300008B5D0F8C802FCF7B6F8FFF7E9FE08BDBF
:106F400008B594461A466346D0F8C802FCF764FEBA
:106F5000FFF7DEFE08BD08B5D0F8C802FCF79FFEBB
:106F6000FFF7D6FE08BD08B5D0F8C802FCF719FF38
:106F7000FFF7CEFE08BD08B5D0F8C802FCF74AFFFF
:106F8000FFF7C6FE08BDD0F8C83211F0800F08D157
:106F900001F07F0101EB810103EBC10393F8520182
:106FA000704701F07F0101EB810103EBC103987C85
:106FB000704708B5D0F8C802FCF742FDFFF7A8FEFD
:106FC00008BD08B5D0F8C802FCF7C5FEFFF7A0FE63
:106FD00008BD08B5D0F8C802FCF797FEFFF798FE89
:106FE00008BD08B5D0F8C802FCF7ACFE08BD00002B
:106FF00010B5044669B1012911D1D0F8D80200F0CA
:10700000CEF8637A5BB10A4A136943F00603136151
:1070100005E0437A23B9D4F8D80200F0CEF810BDC9
:10702000FFF781FE024A136923F006031361F2E7BA
:1070300000ED00E000487047E0170020704798B16D
:1070400008B503460020C3F8B802C3F8C402C3F869
:10705000D00209B1C3F8B412012183F89C121A704E
:107060001846FFF71DFF08BD0320704710B582B01A
:107070000023ADF80630B9B10446C0F8B812D0F814
:10708000D422CB6A43B1AE3250F82230DB6A0DF124
:1070900006009847C4F8D002D4F8D8320133C4F8B7
:1070A000D832002002B010BD0320FBE708B5FFF77F
:1070B0003FFF08BD08B5D0F8B83213B11B68984738
:1070C00008BD1846FCE708B5D0F8B8325B689847A9
:1070D00000B908BD0320FCE738B5044600F2AA2534
:1070E000284600F087F90123C4F89432B4F8B0328E
:1070F000C4F8983294F8AA1201F01F03012B07D0AC
:10710000022B0AD073B92946204600F063FB38BD34
:107110002946204600F09FFBF9E72946204600F06B
:10712000E2FBF4E701F080012046FFF71CFFEEE7E9
:10713000F8B50446012380F89C320023C0F894324D
:107140004360C0F8A43280F8A032D0F8B832E3B17E
:107150005B68E3B1002198470746D0B9402300227D
:1071600011462046FFF7ECFE012684F863614025B6
:10717000A4F860512B46002280212046FFF7E0FE54
:1071800084F8236025843846F8BD1F46E6E71F468D
:10719000E4E703231F46E1E701740020704790F8FD
:1071A0009C32042B04D090F89C32DBB280F89D32E4
:1071B000042380F89C320020704790F89C32042B06
:1071C00001D00020704790F89D32DBB280F89C32ED
:1071D000F7E708B590F89C32032B01D0002008BDDA
:1071E000D0F8B832002BF9D0DB69002BF6D09847E5
:1071F000F4E7002070470020704738B504460D467C
:10720000002944D1D0F89432032B01D0084638BD70
:10721000D0F85831B0F86021934209D890F8AA32DA
:1072200003F01F03012B12D0022B1ED0084613E0DF
:107230009B1AC0F85831D0F864111144C0F8641199
:107240009A4238BF1A4600F04CFD2846DFE790F816
:10725000AE12FFF7CEFF18B994F89C32032B09D079
:10726000204600F046FD2846D1E790F8AE12FFF721
:10727000C2FFF0E700F1AE0354F823301A69002A88
:10728000EED0C4F8D4021B6920469847E8E701F025
:107290007F01FFF7B0FF88B994F89C32032BB6D179
:1072A00000F1AE0354F823309A69002AAFD0C4F835
:1072B000D4029B69294620469847A8E70020A6E704
:1072C00038B504460D4600294BD1D0F89432022B34
:1072D00007D094F8A00218B1002384F8A032284601
:1072E00038BD8269038C9A420DD89A4219D094F81D
:1072F0009C32032B29D080212046FFF734FE204604
:1073000000F002FDE5E7D21A8261416A1944416248
:1073100000F0CEFC00231A4619462046FFF759FE1E
:10732000D7E742699342E2D8D0F898329A42DED247
:107330000022114600F0BCFC0021C4F898120B4654
:107340000A462046FFF745FEC3E7D4F8B832DA68AC
:10735000002AD0D00022C4F8D422DB682046984707
:10736000C9E741F08001FFF746FF88B994F89C32E5
:10737000032BB5D100F1AE0354F823305A69002A2B
:10738000AED0C4F8D4025B69294620469847A7E7E7
:107390000020A5E70B88027813440B80037818447B
:1073A0007047428803789A4218D930B583B00446B2
:1073B0000D46ADF806306388BDF806209A420AD221
:1073C0000DF10601FFF7E6FF4378052BF3D1837833
:1073D000AB42F0D100E0002003B030BD0020704788
:1073E0000346002002E00130C0B201331A78002ABF
:1073F000F9D170470B7803704B7843708B78CA785B
:1074000043EA022343800B794A7943EA02238380CB
:107410008B79CA7943EA0223C380704710B50446CA
:107420008021FFF7A0FD00212046FFF79CFD10BD45
:1074300030B583B004460D460023ADF806304A88C7
:10744000130A062B00F0A58021D8022B31D0032B84
:1074500043D0012B40F0B780D0F8B4321B680DF157
:107460000601007C9847EA88002A00F0B680BDF843
:107470000630002B00F0AC809A4228BF1A46ADF8C7
:1074800006200146204600F005FC03B030BD072B66
:1074900000F08B800F2B40F09680D0F8B432DB697F
:1074A00023B10DF10601007C9847DCE7FFF7B6FF3A
:1074B000EBE7037C43B9D0F8B8329B6A0DF10600C4
:1074C000984702234370CEE7D0F8B832DB6A0DF15B
:1074D0000600984702234370C5E7D2B2032A38D08A
:1074E0000ED8012A1DD0022A27D0002A4CD1D0F86C
:1074F000B4325B6893B10DF10601007C9847B2E7A6
:10750000042A32D0052A3FD1D0F8B4329B69002B2F
:1075100037D00DF10601007C9847A4E7FFF77EFF06
:10752000B3E7D0F8B4329B6823B10DF10601007CBB
:10753000984798E7FFF772FFA7E7D0F8B432DB6807
:1075400023B10DF10601007C98478CE7FFF766FF39
:107550009BE7D0F8B4321B6923B10DF10601007C22
:10756000984780E7FFF75AFF8FE7D0F8B4325B699E
:1075700023B10DF10601007C984774E7FFF74EFF39
:1075800083E7FFF74BFF80E729462046FFF746FFDA
:107590007BE7037C33B9D0F8B8325B6B0DF10600A2
:1075A000984760E7FFF73AFF6FE7037C43B9D0F8ED
:1075B000B8321B6B0DF1060098470723437052E762
:1075C000FFF72CFF61E729462046FFF727FF5CE71E
:1075D00029462046FFF722FF57E7204600F089FBA7
:1075E00053E738B504468B8803BBCB88F3B94B8887
:1075F0007F2B1BD803F07F031A4690F89C32032B95
:107600000DD0154680F89E221146FFF7D2FC204689
:1076100000F06FFB35B1022384F89C3209E0FFF7DC
:10762000FDFE06E0012384F89C3202E02046FFF7CD
:10763000F5FE38BD70B504460E464B88DDB2324AC1
:107640001570012D11D890F89C22D1B2022A10D0C9
:10765000032928D03146FFF7E1FE2B4B197820464D
:10766000FFF731FD0325284670BDFFF7D7FE032540
:10767000F9E7ADB1DBB243602946FFF71BFD0546D4
:1076800038B131462046FFF7C9FE022384F89C3208
:10769000E9E7204600F02DFB032384F89C32E2E763
:1076A00000F027FBDFE7D5B1DBB241688B4226D083
:1076B000C9B2FFF708FD144B197861602046FFF747
:1076C000F9FC0546B8B131462046FFF7A7FE2179FF
:1076D0002046FFF7F8FC022384F89C32C3E702221D
:1076E00080F89C22DBB243602946FFF7ECFC204681
:1076F00000F0FFFAB7E7204600F0FBFAB3E700F02E
:10770000F8FA0025AFE700BFDC1C002008B5CB88E5
:10771000012B0BD190F89C32DAB2022B09D9032A43
:1077200011D10122011D00F0B5FA01E0FFF776FE4C
:1077300008BD52B23AB10146002341F8083F012288
:1077400000F0A8FAF4E7FFF769FEF1E708B590F852
:107750009C32013B022B12D8CB88022B0CD1012387
:10776000C360D0F8A4320BB10323C360022200F13E
:107770000C0100F08FFA08BDFFF750FEFBE7FFF7A2
:107780004DFEF8E708B54B88012B04D0022B07D03B
:10779000FFF744FE08BDC0F8A43200F0AAFAF9E7EA
:1077A0008B881B0A80F8A03200F0A3FAF2E708B534
:1077B00090F89C32013B022B09D84B88012B00D05A
:1077C00008BD0023C0F8A43200F093FAF8E7FFF7F1
:1077D00025FEF5E738B50C7804F06004202C06D0BF
:1077E000402C04D06CB1FFF719FE002407E0D0F85C
:1077F000D432AE3350F823309B6898470446204675
:1078000038BD4B781D46052B12D008D8012B1CD053
:10781000032B17D0E3B9FFF799FF2C46EFE7082BAE
:107820000DD0092B07D0062B12D1FFF701FEE6E79A
:10783000FFF7D7FEE3E7FFF7FDFE0446DFE7FFF7BC
:1078400065FFDCE7FFF79EFFD9E7FFF7B0FFD6E75C
:10785000FFF7E4FDD3E770B505460C460B7803F05F
:107860006003202B08D0402B06D02BB1FFF7D6FDAC
:1078700000231E46304670BD95F89C32013B022B1A
:107880002AD82179012906D921462846FFF7C6FDC5
:1078900000231E46EEE72846FFF7ABFC034668B917
:1078A00000F1AE02284655F82220916889B1C5F84A
:1078B000D432936821469847064601E003231E46CA
:1078C000E388002BD6D1002ED4D1284600F011FA3F
:1078D000D0E703231E46F3E721462846FFF79EFD27
:1078E00000231E46C6E72DE9F04106460D468B886B
:1078F000DAB217460C7804F06004202C08D0402C33
:1079000006D0DCB1FFF78AFD00242046BDE8F081F7
:1079100039463046FFF76FFC0446002840F0FB80F4
:107920003046C6F8D44204F1AE0356F823309B68C3
:10793000002BEAD0294698470446E6E74A78904665
:10794000012A2FD0032A04D0002A69D0FFF766FD50
:10795000DBE790F89C32DAB2022B04D0032A12D073
:10796000FFF75CFDD1E739460FB1802F04D12946DE
:107970003046FFF753FDC8E7FFF7F5FA80213046A0
:10798000FFF7F1FAC1E74B8823B91FB1802F01D06F
:10799000CB881BB1304600F0ACF9B6E73946FFF7AB
:1079A000E2FAF7E790F89C22D1B2022A05D0032927
:1079B00013D02946FFF732FDA7E739460FB1802FD4
:1079C00004D129463046FFF729FD9EE7FFF7CBFAA1
:1079D00080213046FFF7C7FA97E76A88002A94D1DA
:1079E00013F07F0F18D1304600F083F93946304646
:1079F000FFF701FC0346002887D13046C6F8D43291
:107A000003F1AE0256F822209268002A00F0858029
:107A100029469047044678E73946FFF7ACFAE2E793
:107A200090F89C22D1B2022A06D003292AD02946F6
:107A3000FFF7F4FC444668E70FB1802F14D113F030
:107A4000800F16D103F07F0303EB8303990001F548
:107A5000A87131440431002301F80E3F0222304660
:107A600000F018F9444650E72946FFF7D7FC444692
:107A70004BE703F07F0303EB83039900103131449C
:107A80000431E8E759B2002920DB03F00F0202EBD2
:107A9000820200EB820292F863412CB3002927DBBB
:107AA00003F07F0303EB83039C0004F5A8743444C4
:107AB00004340FB1802F24D10023A373022204F1D8
:107AC0000E01304600F0E6F844461EE703F00F02D0
:107AD00002EB820200EB820292F82340002CDDD1FF
:107AE0002946FFF79BFC10E72946FFF797FC0CE7B8
:107AF00003F07F0303EB83039C001034344404340D
:107B0000D7E739463046FFF73EFA10B10123A37399
:107B1000D4E7A073D2E70024F7E61C46F5E600B3ED
:107B200070B50D4616460446FFF75AFC0130430077
:107B3000B3F5007F06D89BB233802B7003236B70A4
:107B400002230AE04FF40073F6E7EA5401345A1CAA
:107B5000D2B20021A9540233DBB22278002AF4D138
:107B600070BD704712230B8000487047D000002082
:107B700004230B8000487047CC0000200023934270
:107B80001DD200B510E00CF1370C01F813C0000154
:107B90004FEA430C0CF1010C4FF0000E01F80CE021
:107BA0000133DBB2934209D24FEA107CB0F1204F8F
:107BB000E9D20CF1300C01F813C0E8E700BD7047C2
:107BC0000B4BD3F89005D3F89425D3F89835C0180B
:107BD00000D1704710B5144608220649FFF7CEFFC2
:107BE0000422044B03F110012046FFF7C7FF10BD2C
:107BF0000070FF1FB200002008B51A230B80FFF7AA
:107C0000DFFF014808BD00BFB000002008B50A46EC
:107C100028B905490548FFF782FF034808BD024916
:107C20000248FFF77CFFF8E7E01C0020C0AC00082A
:107C300010B50A46034C21460348FFF770FF204663
:107C400010BD00BFE01C0020D8AC000808B50A46F3
:107C500028B905490548FFF762FF034808BD0249F6
:107C60000248FFF75CFFF8E7E01C0020ECAC0008DE
:107C700008B50A4628B905490548FFF750FF0348EB
:107C800008BD02490248FFF74AFFF8E7E01C002060
:107C9000F8AC000808B513460222C0F894224361EC
:107CA000416283610A460021FFF78BF9002008BD7D
:107CB00008B513460A460021FFF783F9002008BDE6
:107CC00008B513460322C0F89422C0F85431C0F816
:107CD0006411C0F858310A460021FFF77AF90020F4
:107CE00008BD08B513460A460021FFF772F90020C7
:107CF00008BD08B50422C0F8942200231A4619468C
:107D0000FFF75FF9002008BD08B50522C0F89422EE
:107D100000231A461946FFF75CF9002008BDD45825
:107D2000C4500433C4188C42F9D370470360043044
:107D30008842FBD3704700000C488546FEF7D6FC0E
:107D40000B480C490C4A0023FFF7ECFF0B480C4989
:107D50000C4A0023FFF7E6FF0B480C490023FFF70E
:107D6000E7FF00F007FEFAF70DF8FEE7000003203A
:107D700008000020CC020020BCB100080000032055
:107D80000000032080B40008CC0200202C2000203A
:107D9000FEE72DE9FF4757EC106B002F0C4691468C
:107DA000DDF830A019464FF0000203DA07F1004376
:107DB0001F462D220D9D0A7025F02005462D04D06A
:107DC000452D00D10134022100E0032103AB0193D2
:107DD00002AB009347EC106B5346224600F088FE3E
:107DE000472D80461AD119F0010F0ED000EB04097F
:107DF0000022002330463946F8F71EFE08B1CDF8C0
:107E00000C903022039B4B451ED3039B0E9AA3EB91
:107E100008034046136004B0BDE8F087462D00EB30
:107E20000409E5D10378302B0AD100220023304623
:107E30003946F8F701FE18B9C4F10104CAF8004048
:107E4000DAF800309944D3E7591C03911A70D9E746
:107E5000F7B50029BABF49422D232B230929027007
:107E600043702ADD0DF10704871CA6460A26A446A6
:107E7000B1FBF6F506FB15123032632904F1FF342D
:107E80000CF8012C2946F2DC3031ACF1020204F886
:107E9000011C411C144672450AD30DF10903A3EBE2
:107EA0000C03A64538BF00233B44181A03B0F0BDAD
:107EB00012F8013B01F8013FEDE7302330318370C8
:107EC000C170031DF1E700002DE9F04F8FB00C46A3
:107ED000DDF8608016461F46054600F0FBFC03688F
:107EE00007931846F8F77CF900230C93D8F8003074
:107EF00094F818A0D4F800B00890073323F00703D3
:107F0000B3EC027B8DED047BC8F80030DDE904831F
:107F100023F0004984ED127B9A4B4FF0FF3240462C
:107F20004946F8F7BBFD70BB964B4FF0FF32404619
:107F30004946F8F795FD30BBDDE904010022002336
:107F4000F8F784FD10B12D2384F843308E4A8F4B0F
:107F5000BAF1470F8CBF90469846032323612BF05C
:107F6000040323604FF00009009733460DAA214611
:107F7000284600F0CDF9013040F08C804FF0FF3002
:107F80000FB0BDE8F08FDDE9042310461946F8F77D
:107F900085FD40B1059B7E4A002BBCBF2D2384F894
:107FA00043307C4BD4E763685A1C0AF0DF093BD1AD
:107FB000062363604BF480620023226003930CABC2
:107FC000CDE901A30BAB009361689DED040B0DF1AE
:107FD0002B032846FFF7DDFEB9F1470F0B998046CA
:107FE00029D1C81C02DB63688B4241DAAAF1020A7C
:107FF0005FFA8AFA0139524604F150000B91FFF7FB
:1080000027FF0C9A1318012A8146236102DC22689B
:10801000D20701D5013323619DF82B30002BA3D06B
:108020002D2384F843309FE7B9F1470FC2D1002BCD
:10803000C0D10123BDE7BAF1650FDBD9BAF1660FF4
:1080400018D1002963680BDD216113B92268D007BC
:1080500002D501330B442361A1654FF00009DBE732
:1080600013B92268D20701D50233F4E70123F2E7FE
:108070004FF0670A0C9B8B4205DC23682161D8070F
:10808000EAD54B1CE7E70029D4BFC1F10202012267
:108090001344E0E723685A0507D423694246314672
:1080A0002846B847013028D168E7BAF1650F40F299
:1080B000DB80D4E9120100220023F8F7BDFC90B365
:1080C000354A012331462846B84701303FF456AFC0
:1080D000DDE90B38434502DB2368D8070DD5DDE920
:1080E000072331462846B84701303FF447AF4FF0E9
:1080F000000908F1FF38C84509DC23689B0700F137
:108100000481E0680D9B9842B8BF184638E7012308
:1081100004F11A0231462846B84701303FF42EAF29
:1081200009F10109E7E70B9B834237DC1A4A012377
:1081300031462846B84701303FF420AFDDE90B391E
:1081400059EA030302D12368D907D6D5DDE907230D
:1081500031462846B84701303FF410AF4FF0000ACF
:108160000B9B5B42534501DC4B4697E7012304F12F
:108170001A0231462846B84701303FF4FFAE0AF1F3
:10818000010AEDE7FFFFEF7F8CAD000888AD000826
:1081900094AD000890AD000898AD0008A36DDDF81F
:1081A00030B05B45A8BF5B46002B049337DC4FF033
:1081B000000904F11A02049BD4F858A0002BACBFAC
:1081C000AAEB030353464B4531DC0B9B9B453ADC42
:1081D0002368DA0737D40B9BABEB0309ABEB0A033D
:1081E0009945A8BF9946B9F1000F34DC4FF000085B
:1081F0000B9BB9F1000FABEB0303A8BFA3EB090383
:1082000043457FF77AAF012304F11A02314628462D
:10821000B84701303FF4B2AE08F10108E8E7049B2B
:10822000424631462846B8470130C0D1A6E6012370
:10823000314628460992B84701303FF49FAE099A6B
:1082400009F10109B7E7DDE9072331462846B847B8
:108250000130C0D192E64B4608EB0A02314628466F
:10826000B8470130C2D189E6DDF830A0BAF1010F7C
:1082700001DCDB0735D50123424631462846B847A5
:1082800001303FF47BAEDDE9072331462846B8478D
:1082900001303FF473AED4E91201002200230AF149
:1082A000FF3AF8F7C9FBC8B9534608F10102314655
:1082B0002846B84701300DD160E6012304F11A02C7
:1082C00031462846B84701303FF458AE08F101085E
:1082D000D045F2DB4B4604F15002E0E64FF00008D7
:1082E000F6E701234246E2E7012304F11902314691
:1082F0002846B84701303FF441AE08F10108E36871
:108300000D995B1A4345EFDCFBE64FF00008F6E7FA
:108310002DE9F047914698468A680B69089E93427A
:10832000B8BF1346C9F8003091F8432007460C4601
:1083300012B10133C9F800302368990642BFD9F859
:1083400000300233C9F80030256815F0060507D162
:1083500004F1190AE368D9F800209B1AAB4229DC22
:1083600094F843302268003B18BF012392062ED4B4
:1083700004F1430241463846B047013021D023681A
:10838000A168226903F00603042B01BFE568D9F850
:108390000030ED1A25EAE57518BF00258B1A2B442D
:1083A0009142C8BF1D464FF000091A344D451AD1FD
:1083B000002008E00123524641463846B0470130CC
:1083C00003D14FF0FF30BDE8F0870135C2E7E11877
:1083D0005A1C302081F84300224494F8451082F85A
:1083E00043100233C4E70123224641463846B047D2
:1083F0000130E6D009F10109D8E700002DE9F0438A
:1084000098460B7E85B0782B174606460C9A0C468C
:1084100009D8622B01F1430108D8002B00F0DC8061
:10842000582B00F0BD8004F1420539E0A3F1630050
:108430001528F8D801A555F820F000BF958400084C
:10844000A9840008278400082784000827840008DE
:1084500027840008A98400082784000827840008CE
:108460002784000827840008B9850008D5840008FF
:10847000678500082784000827840008E185000834
:1084800027840008D5840008278400082784000872
:108490006F8500081368191D1B68116004F14205FF
:1084A00084F842300123A8E013682568181D106085
:1084B000280601D51B6803E06A06FBD5B3F9003036
:1084C000002B03DA2D225B4284F84320DFF878C1C9
:1084D0000A2213E02568106815F0800F50F8043B5D
:1084E00002D16D0648BF9BB21060227EDFF858C1F2
:1084F0006F2A5DD10822002084F843006568A560DA
:10850000002D05DB20681D4320F00400206051D0C1
:108510000D46B3FBF2F002FB103E9A421CF80EE04F
:1085200005F801ED0346F4D9082A0BD12368DA07D0
:1085300008D5236962689A42DEBF302305F8013C02
:1085400005F1FF35491B2161CDF800803B4603AAA8
:1085500021463046FFF7DCFE013053D14FF0FF30AB
:1085600005B0BDE8F083236843F020032360DFF803
:10857000DCC0782384F845302068156810F0800F3F
:1085800055F8043B03D110F0400F18BF9BB21560A3
:10859000C50744BF40F02000206023B11022AAE7A5
:1085A000DFF8A4C0E6E7226822F020022260F5E7A7
:1085B0000A22A0E70D46B7E71368D4F800C0606947
:1085C0001D1D15601CF0800F1B6801D0186003E0B2
:1085D0001CF0400FFAD01880002323610D46B3E74A
:1085E0001368191D11601D68626800212846F7F79D
:1085F000A7FD08B1401B606063682361002384F815
:108600004330A1E723692A4639463046C047013046
:10861000A4D023689B0714D4E068039B9842B8BF9A
:1086200018469DE7012304F1190239463046C04738
:10863000013093D00135E36803995B1AAB42F1DC5A
:10864000EAE70025F7E700BF9AAD0008ABAD0008E8
:10865000002310B50446C0E90033C0E90433836049
:1086600081814366C2818361194608225C3000F033
:1086700029F90D4B63620D4BA3620D4BE3620D4B69
:1086800023630D4B24629C4206D003F1680294429E
:1086900002D0D0339C4205D104F15800BDE810400F
:1086A00000F08CB910BD00BF3D8800085F8800084D
:1086B00097880008BD880008E01E0020024A034990
:1086C000034800F06BB800BF04010020F1A50008CA
:1086D0001401002041680C4B994210B5044601D0AA
:1086E00001F086FFA168094B994202D0204601F0B3
:1086F0007FFFE168064B994204D02046BDE8104058
:1087000001F076BF10BD00BFE01E0020481F002012
:10871000B01F002010B50A4B0A4A1A600A4800220E
:108720000421FFF795FF094801220921FFF790FF77
:10873000BDE81040064802221221FFF789BF00BFA2
:1087400018200020BD860008E01E0020481F0020E1
:10875000B01F0020014800F032B900BF21200020E6
:10876000014800F02DB900BF2120002010B50446BB
:10877000FFF7F0FF236A1BB1BDE81040FFF7F0BF21
:10878000044B2362044B1B68002BF5D1FFF7C2FF9B
:10879000F2E700BFD5860008182000202DE9F84335
:1087A0008046894614460026D4E90175013F05D567
:1087B0002468002CF8D13046BDE8F883AB89012B42
:1087C00007D9B5F90E30013303D029464046C847D2
:1087D00006436835EAE700000CB430B5154B0C1EB3
:1087E0001D689DB008DA8B232B604FF0FF301DB061
:1087F000BDE8304002B070474FF000031B9318BF34
:108800000123E31A049307930B4B02900690059300
:10881000209A21AB02A92846019301F035FC431CA4
:10882000BCBF8B232B60002CE1D0029B00221A706E
:10883000DDE700BF100100200802FFFF10B50C4665
:10884000B1F90E1000F06CF80028ABBF636DA3897E
:108850001B1823F48053ACBF6365A38110BD2DE9C1
:10886000F0411F468B89DB0505460C46164605D5AB
:10887000B1F90E100223002200F040F8A389B4F9E8
:108880000E1023F48053A38132463B462846BDE8B0
:10889000F04100F057B810B50C46B1F90E1000F0D9
:1088A0002DF8B4F90C30421C0BBF23F4805343F471
:1088B0008053A381A38118BF606510BDB1F90E106C
:1088C00000F00CB802440346934200D1704703F80D
:1088D000011BF9E7004870475002002038B5064CEC
:1088E0000023054608462360FDF7CEFE431C02D157
:1088F000236803B12B6038BD1C20002038B5074C1D
:10890000054608461146002222601A46FDF7C6FEBB
:10891000431C02D1236803B12B6038BD1C2000200A
:1089200038B5074C054608461146002222601A4613
:10893000FDF78CFE431C02D1236803B12B6038BDC8
:108940001C20002038B5074C054608461146002279
:1089500022601A46FDF78AFE431C02D1236803B148
:108960002B6038BD1C200020014B1868704700BFE9
:108970001001002070B50D4B0D4C00261D1BB6EBF1
:10898000A50F09D102F07EF80A4C0B4B00261D1BE7
:10899000B6EBA50F05D170BD54F8043B98470136DE
:1089A000EDE754F8043B98470136F1E7B4B100080D
:1089B000B4B10008B4B10008B8B1000870477047FE
:1089C00070470A44914200F1FF3300D1704710B55F
:1089D00011F8014B03F8014F9142F9D110BD2DE977
:1089E000F74F03690C69A34280467EDB013C01F12D
:1089F0001407A30000F11405009305EB8403019311
:108A000057F8243055F8242001339A4207EB8409A3
:108A1000B2FBF3F62ED34FF0000ABC46AE46D34667
:108A20005CF8043B98B206FB00A0020C1B0C06FB92
:108A30000323DEF8002080B292B2121A5A44DEF804
:108A400000004FEA134A9BB2C3EB224303EB1043EF
:108A500092B242EA0342E1454EF8042B4FEA234B1F
:108A6000DED2009BEB582BB9019B1A1F954230D3E5
:108A7000C8F81040404601F09BF9002825DB01367C
:108A80002946002057F8042BD1F800C01FFA82FEB7
:108A90001FFA8CF3A3EB0E030344120CC2EB234228
:108AA00002EB1C429BB243EA0243B94541F8043B46
:108AB0004FEA2240E6D255F8242005EB840322B980
:108AC000043B9D420BD3C8F81040304603B0BDE8CC
:108AD000F08F1368002BCBD1043A013CC6E71A682B
:108AE000002AF0D1043B013CEBE70020EEE7000058
:108AF0002DE9F04F99B08DED0E0B0C92C269229CBE
:108B00000A9157EC106B8146139382B9102000F044
:108B100011FE0246C9F81C0020B9A94BEF21A94853
:108B200001F04AFE0023C0E901330360C36011680D
:108B300059B152684A60012393408B60484600F067
:108B4000E9FED9F81C3000221A60B7F10008B5BF61
:108B500001230023236023609B4BBCBF28F0004807
:108B6000CDF83C8033EA08031AD1139AC8F31308EE
:108B700042F20F7358EA0608136000F06185239BE8
:108B800053B9924B21E0924B00930833239A136020
:108B9000009819B0BDE8F08F8C4B00930333F5E7D4
:108BA0009DED0E7B002251EC170B00238DED067B13
:108BB000F7F742FF824650B1139A01231360239BBB
:108BC00013B1239A834B1360834B0093E0E79DED31
:108BD000060B16AA17A9484601F09EF95FEA185439
:108BE000169D019079D0079BCDF850A0C3F31303D5
:108BF000DDE9060143F07F5343F44013A4F2FF3450
:108C000019460022754BF7F7F7FA67A3D3E900235B
:108C1000F7F7AAFC66A3D3E90023F7F7EFFA0646B5
:108C200020460F46F7F736FC63A3D3E90023F7F796
:108C30009BFC02460B4630463946F7F7DFFA0646FC
:108C40000F46F7F741FF00228046002330463946A1
:108C5000F7F7FCFE48B14046F7F71CFC32463B46AE
:108C6000F7F7EAFE08B908F1FF38B8F1160F51D846
:108C70005B4B03EBC803D3E90023DDE90601F7F7FB
:108C8000E5FE002848D008F1FF38002312932D1B81
:108C90006B1E089343BF0023C5F10107089300270B
:108CA000B8F1000F3ADB089BCDF8348043440893B9
:108CB000002309930A9B092B62D8052BC4BF043BF0
:108CC0000A930A9BA3F10203CCBF00240124032BC7
:108CD00062D8DFE803F05153362B179C2C4404F282
:108CE0003243202BC1BFC3F1400308FA03F804F25A
:108CF000124326FA03F3D6BFC3F1200348EA030068
:108D000006FA03F0F7F7B6FB0122A1F1F873013C74
:108D1000149275E70123B9E71290B8E7C8F1000390
:108D200009930023A7EB08070D93C3E701230B93D7
:108D30000C9B434405930133012B0493B8BF0123DB
:108D400006E001230B930C9B002B28DDCDE90433B7
:108D5000D9F81C000021042202F114059D4243D9D8
:108D60004160484600F098FD009000283FD11D4B1F
:108D7000024640F2AF11D2E60023E3E70023D6E734
:108D800001240023CDE90A344FF0FF330022CDE95E
:108D900004330C921223DBE701230B93F4E7012346
:108DA000CDE904330C93D3E761436F63A787D23FC8
:108DB000B3C8608B288AC63FFB799F501344D33FCA
:108DC000C9AD0008E0AD00080000F07FC5AD0008A7
:108DD000BCAD000899AD000898AD00080000F83F50
:108DE000E0AF00088FAE000801315200B4E7D9F8B7
:108DF0001C30009A1A60049B0E2B75D8002C73D07F
:108E0000B8F1000F40F3C4809F4B08F00F0203EB52
:108E1000C20318F4807FD3E900AB4FEA281500F0B5
:108E2000A3809A4BDDE90601D3E90823F7F7C6FCD6
:108E3000CDE9020105F00F050324944E002D40F00A
:108E4000998052465B46DDE90201F7F7B7FC82469E
:108E50008B46129B002B00F0C3808D4B00225046A6
:108E60005946F7F7F3FD002800F0BA80049B002B69
:108E700000F0B680059B002B36DD08F1FF3302932E
:108E800050465946834B0022F7F76EFB059E8246FB
:108E90008B4601342046F7F7FDFA52465B46F7F75A
:108EA00063FB7D4B0022F7F7A9F90446A1F1507549
:108EB000CDE91045002E40F09780784B00225046B7
:108EC0005946F7F799F922462B4682468B46F7F723
:108ED000DBFD002840F0BD82224605F100435046EC
:108EE0005946F7F7B3FD20BB179B002BC0F28D81CD
:108EF000B8F10E0F00F38981634B03EBC803D3E98C
:108F000000AB0C9B002B80F21B81049B002B00F319
:108F100017810ED1614B002250465946F7F724FBCA
:108F200002460B46DDE90601F7F79AFD002800F03E
:108F3000938200252C460C9B009EDB430293274620
:108F400000242946484600F0E5FC002F00F0EE80A2
:108F50002CB1BC4203D02146484600F0DBFC394628
:108F6000484600F0D7FCE1E09DED067B02248DED44
:108F7000027B62E7E90708D550465946D6E9002347
:108F8000F7F7F2FA013482468B466D10083655E742
:108F900022D0C8F100053C4B3C4E05F00F0203EB1C
:108FA000C203D3E90023DDE90601F7F7DDFA2D114D
:108FB00082468B460224002D3FF44BAFEA0708D5CA
:108FC00050465946D6E90023F7F7CEFA01348246D7
:108FD0008B466D100836EEE7DDE906AB022438E774
:108FE000049ECDF8088055E7274B03EBC60353E9F1
:108FF00002010B9B002B55D002460B46002028494E
:10900000F7F7DCFBDDE91023F7F7F6F8009BCDE975
:1090100010019D191E4659465046F7F755FD00F1BF
:109020003004F7F737FA02460B4650465946F7F731
:10903000E3F8DDE9102306F8014B82468B46F7F78B
:1090400005FD002872D152465B4611490020F7F712
:10905000D3F8DDE91023F7F7F9FC002840F0B680DB
:10906000AE423FF441AFDDE910010A4B0022F7F7B1
:109070007BFA084BCDE91001002250465946F7F71C
:1090800073FA82468B46C6E7E0AF0008B8AF000827
:109090000000F03F0000244000001C40000014408D
:1090A0000000E03FDDE91023F7F75EFA009B009C2B
:1090B000CDE910013344159359465046F7F704FDA6
:1090C00000F13005F7F7E6F90B46024659465046DF
:1090D000F7F792F804F8015B159B9C4282468B4699
:1090E00027D1009B0022DDE910011E44AA4BF7F7AF
:1090F00085F802460B4650465946F7F7C5FC00284E
:1091000064D1DDE91023A4490020F7F775F8024681
:109110000B4650465946F7F799FC00283FF4E4AE59
:10912000334616F8012D302AFAD01E46DDF80880A5
:109130003AE09A4B0022F7F717FA82468B46BBE7D4
:10914000009E52465B46DDE90601F7F737FBF7F76D
:10915000BBFC0746F7F79EF952465B46F7F704FA61
:1091600002460B46DDE90601F7F746F807F1300C39
:10917000009C06F801CBA6EB040C049C6445024657
:109180000B4633D1F7F73AF852465B4604460D4694
:10919000F7F77AFCC0B952465B4620462946F7F7F6
:1091A0004BFC08B1FB070FD40199484600F0B2FB15
:1091B0000023139A337008F101031360239B002BE3
:1091C0003FF4E6AC1E60E3E4CDF8088033461E466B
:1091D00013F8012D392A06D1009A9A42F7D1029A42
:1091E00001320292302201321A709FE76B4B00224B
:1091F000F7F7BAF902460B46CDE906230022002311
:10920000F7F71AFC00289CD0CEE70B9A002A00F052
:10921000DF800A9A012A00F3C380149A002A00F022
:10922000B78003F23343099D3E46089A01211A4450
:1092300048461F44089200F021FC044656B1089BA2
:10924000002B07DDB342089AA8BF3346FF1AF61A6F
:10925000D31A0893099B0BB30B9B002B00F0BF8024
:10926000002D00F0B98021462A46484600F0D2FC85
:10927000019A01460446484600F016FC01998246D0
:10928000484600F047FB099B5B1B099300F0AA804E
:10929000099A5146484600F0BDFC0190012148461C
:1092A00000F0ECFB0D9B0546002B00F0D0811A4628
:1092B0000146484600F0AEFC0A9B012B054600F330
:1092C00099800E9B002B40F090800F9BC3F31303FB
:1092D000002B40F08A800F9B23F000431B0D1B05E1
:1092E000002B00F08580089B0133013708934FF075
:1092F000010A0D9B002B00F0B0812B6905EB830365
:10930000186900F06FFBC0F12000089B184410F0B2
:109310001F0076D01B2870DCC0F11C0007440644F7
:1093200003440893002F05DD01993A46484600F0B2
:10933000CDFC0190089B002B05DD29461A464846C6
:1093400000F0C4FC0546129B002B5FD00198294613
:1093500000F02EFD002859DA08F1FF33029301993D
:1093600000230A22484600F0F7FA0B9B0190002BDD
:1093700000F07581002321460A22484600F0ECFAED
:10938000059B002B044671DC0A9B022B47DC6DE039
:10939000169BC3F1360346E70000E03F000024407F
:1093A000049B5D1E099BAB4208DB5D1B049B002BED
:1093B000BFF63AAF049BFE1A002336E7099B0D9ACD
:1093C0000995EB1A1A440D92049B3E4600252CE7A2
:1093D000099D0B9C3E4631E7DDF804A058E7099A49
:1093E000019957E7CDF804A058E74FF0000A80E74D
:1093F0009A467EE74FF0000A7FE71C2892D0C0F122
:1094000020001C30089B0744064489E7049BCDF8E4
:109410000880002B24DC05930A9B022B22DD059B90
:10942000002B7FF488AD2946059B0522484600F0B5
:1094300093FA01460546019800F0BAFC00287FF730
:109440007AAD009E312306F8013B029B0133029363
:1094500075E535462C46F4E7049DCDF80880F9E71C
:10946000049B05930B9B002B00F0FD80002E05DD77
:1094700021463246484600F029FC0446BAF1000F66
:1094800058D06168484600F007FA064628B9814B73
:10949000024640F2EF21FFF742BB226902329200FE
:1094A00004F10C010C30FFF78CFA012231464846DA
:1094B00000F00CFC0746009B009A03F10108059B95
:1094C000134406930E9B03F0010308932946019869
:1094D000FFF785FA2146049000F1300B019800F067
:1094E00067FC3A4605902946484600F07DFCC26874
:1094F00008F1FF3A0646FAB90146019800F058FC17
:10950000024631464846099200F004FADDE9092393
:1095100042EA0301089B194346460FD1BBF1390FBC
:1095200028D0059B002B02DD049B03F1310B8AF848
:1095300000B006E52746BEE70122E2E7059B002BC7
:1095400004DB0A990B4308990B4320D1002AEEDD76
:1095500001990122484600F0B9FB2946019000F02C
:1095600027FC002803DCE2D11BF0010FDFD0BBF1A8
:10957000390FD9D139238AF8003033461E46013BD2
:1095800016F8012C392A52D001321A70D9E4002A77
:1095900007DDBBF1390FEDD00BF101038AF8003084
:1095A000CFE4069B08F801BC43452AD0019900236B
:1095B0000A22484600F0D0F9BC4201904FF0000367
:1095C0004FF00A022146484606D100F0C5F904468C
:1095D000074608F1010879E700F0BEF9394604466C
:1095E00000230A22484600F0B7F90746F1E7059B39
:1095F0005E1E002B009BD8BF00265A1C274616442F
:10960000002401990122484600F060FB29460190A0
:1096100000F0CEFB0028B0DC02D11BF0010FACD172
:1096200033461E4613F8012D302AFAD089E4009AF9
:109630009A42A3D1029B013302933123137080E439
:10964000239B002B7FF49FAA134BFFF7BEBA0A9B04
:10965000012B7FF736AEDDF834A0012055E6059BDF
:10966000002B7FF7D9AE009E01982946FFF7B7F986
:1096700000F1300B009B06F801BBF21A059B9342E8
:10968000B5DD019900230A22484600F065F90190F2
:10969000EAE700BF8FAE0008BCAD000837B500296F
:1096A00044D051F8043C0190002BA1F10404B8BF50
:1096B000E41800F0E5F81E4A0198136833B96360B6
:1096C000146003B0BDE8304000F0E0B8A34208D910
:1096D000256861198B4201BF19685B6849192160CF
:1096E000EDE71A465B680BB1A342FAD91168551829
:1096F000A5420BD1246821445418A3421160E0D143
:109700001C685B6853600C441460DAE702D90C23D0
:109710000360D6E7256861198B4204BF19685B684E
:10972000636004BF491921605460CAE703B030BDCB
:1097300028200020024B0146186800F025B800BF21
:109740001001002070B50F4C0E462168054611B976
:1097500001F022F820603146284601F01DF8431C34
:1097600003D14FF0FF34204670BDC41C24F0030425
:10977000A042F8D0211A284601F00EF80130F2D1AB
:10978000EFE700BF242000202DE9F843CD1C25F091
:10979000030508350C2D38BF0C25002D064601DBCE
:1097A000A94204D90C2333600020BDE8F883334F6D
:1097B00000F066F83B681C463CBB29463046FFF784
:1097C000C1FF431C044656D13C68A046B8F1000FC7
:1097D00040D1002C49D023684146304604EB0309B0
:1097E00000F0DAFF814540D121686D1A29463046E4
:1097F000FFF7A8FF013038D023682B4423603B6873
:109800005A685ABBC7F800800EE02268521B1ED46B
:109810000B2A16D96119A342256018BF59606368E5
:1098200008BF396062514B60304600F02FF804F1F8
:109830000B00231D20F00700C21A1CBF1B1AA350E7
:10984000B3E76268A3420CBF3A605A60ECE7234674
:109850006468B1E74446D8F80480B7E71A465B6805
:10986000A342FBD100235360DEE70C233360304674
:1098700000F00CF898E70560D6E700BF282000202C
:109880000148FFF79CB800BF202000200148FFF7E7
:1098900097B800BF2020002070B5C46905460E4669
:1098A00084B91020FFF746FF0446E86128B9024654
:1098B000164B17486B2100F07FFF0023C0E90133EE
:1098C0000360C360E36853B921220421284600F0F5
:1098D00091FFEB69E060DB680BB9002070BD53F8C5
:1098E000260030B1026843F826200023C0E9033384
:1098F000F4E7012101FA06F4621D9200284600F007
:1099000079FF0028E9D0C0E90164EEE7C9AD00089D
:10991000A0AE000870B5C46906460D4674B91020A3
:10992000FFF708FF0246F06120B9094B09488F2173
:1099300000F042FFC0E901440460C4603DB1F36936
:109940006A68DB6853F82210296043F8225070BD22
:10995000C9AD0008A0AE00082DE9F0410D69074629
:109960000C461E4601F1140C0020DCF8003099B2C0
:1099700002FB01611E0C0B0C02FB063389B20130A5
:1099800001EB034185424CF8041B4FEA1346ECDC23
:109990000EB3A368AB4219DC616838460131FFF7AA
:1099A0007BFF804628B902460C4B0D48BA2100F0D7
:1099B00003FF2269023204F10C0192000C30FFF720
:1099C00000F821463846FFF7A5FF444604EB85031F
:1099D00001355E6125612046BDE8F0818FAE00084B
:1099E000A0AE0008B0F5803F034636BF0304002058
:1099F0001020B3F1807F3CBF1B020830B3F1805FC1
:109A00003CBF1B010430B3F1804F3CBF9B000230D0
:109A1000002B04DB5B0001D501307047202070472C
:109A2000036813F0070201460BD0DA0722D4980727
:109A300049BF5B089B0801200B605CBF0B600220E4
:109A4000704798B2A0B91B0C1020DAB20AB90830DE
:109A50001B0A1A0704BF1B0904309A0704BF9B089E
:109A60000230DA0702D45B0806D001300B60704781
:109A70001046EAE7002070472020704710B50C46DA
:109A80000121FFF709FF024628B9054B054840F2BE
:109A9000451100F091FE01234461036110BD00BF38
:109AA0008FAE0008A0AE00082DE9F04FD1F810806D
:109AB000D2F81090C84585B00E46144604DB4B46DC
:109AC0000C46C14616469846A368616809EB08072C
:109AD000BB42B8BF0131FFF7DFFE30B902464B4B46
:109AE0004B484FF4B17100F067FE00F1140505EB2F
:109AF000870B2B4600225B4522D306F1140101EBB4
:109B0000880304F1140C0CEB890C029304F1150387
:109B100063458CBF002301230093ACEB0403153B8A
:109B20009B080193029B03918B420CD8002F03DD0D
:109B30005BF8043D002B67D0076105B0BDE8F08FEE
:109B400043F8042BD7E7B1F800A0BAF1000F28D0F2
:109B500004F11408A9464FF0000E58F8042BD9F868
:109B6000003096B29BB20AFB0633D9F80060120CA3
:109B7000360C73440AFB026606EB13469BB243EABB
:109B80000643C44549F8043B4FEA164EE5D8009A0F
:109B9000019B002A4FEA830308BF00232B44C3F82C
:109BA00004E0039BB3F802E00431BEF1000F29D0BA
:109BB0002B6804F114069846A9464FF0000A328833
:109BC0000EFB02A202EB18429BB243EA024349F8A1
:109BD000043B56F8043BD9F800804FEA134A1FFAB9
:109BE00088F30EFB0A3303EB1243B4454FEA134AE2
:109BF000E5D8009E019A002E4FEA820208BF00229B
:109C00002A44536004358DE7013F8FE78FAE00088B
:109C1000A0AE00082DE9F843174612F00302804673
:109C20000D4607D0264C013A002354F82220FFF7B6
:109C300093FE0546BF103FD0D8F81C4094B91020C1
:109C4000FFF778FD0446C8F81C0030B902461D4BEA
:109C50001D4840F2B31100F0AFFD0023C0E901330D
:109C60000360C360A66846B940F271214046FFF721
:109C700005FF0023A060064603602C464FF0000954
:109C800007F001037F1053B1294632464046FFF7E3
:109C90000BFF214605464046FFF73CFE67B13068A2
:109CA00038B9324631464046FFF7FEFE3060C0F814
:109CB000009006462C46E3E72846BDE8F88300BF3F
:109CC000A8AF0008C9AD0008A0AE00082DE9F84F04
:109CD0000C4649682669A36806EB6216074691465A
:109CE0004FEA621A06F1010843450BDB3846FFF7DD
:109CF000D3FD054648B902462B4B2C484FF4EF7173
:109D000000F05AFD01315B00EEE700F11401002381
:109D10000A461846534539DB20692AEAEA7A01EBFC
:109D20008A0104F1140319F01F098C4603EB80002B
:109D300030D0C9F1200A4FF0000E1A68E34602FA4B
:109D400009F242EA0E02CBF8002053F8042B9842A5
:109D50000CF1040C22FA0AFEEFD8031B153B23F08A
:109D6000030304F11502904238BF00231944C1F8DF
:109D700004E0BEF1000F00D1B0463846C5F81080AF
:109D80002146FFF7C7FD2846BDE8F88F42F8040BCF
:109D90000133BFE753F8041BCCF8001098420CF1D4
:109DA000040CF7D8E8E700BF8FAE0008A0AE0008AB
:109DB00003690A699B1A30B50ED11430143100EBD7
:109DC000820401EB820154F8045D51F8042D9542A0
:109DD00004D006D24FF0FF33184630BDA042F2D374
:109DE000FAE70123F8E700002DE9F74F8A46064617
:109DF000114650461446FFF7DBFF051E12D12946D7
:109E00003046FFF749FD024628B9414B40F2372161
:109E1000404800F0D1FC0123C0E90435104603B0EE
:109E2000BDE8F08FBCBF5346A2463046DAF80410B6
:109E3000BABF1C4601250025FFF72EFD024618B9C2
:109E4000334B40F24521E3E7DAF810702669C5602C
:109E50000AF1140904F1140E00F114050AF11003BB
:109E600009EB87080EEB86060193AB464FF0000C1A
:109E7000019B5EF8040B53F804AF01931FFA8AF1BB
:109E800083B2CB1A000C6344C0EB1A4000EB2340B2
:109E90009BB243EA004376454BF8043B4FEA204C23
:109EA000E6D8331B153B153423F00303A64238BF15
:109EB0000023E8184B441C1D04302646A5EB090579
:109EC00046450ED308F10301091B21F003010133BC
:109ED000984538BF0021014451F8043DABB11761EA
:109EE0009CE706EB050E56F8041BE2464FEA1149C3
:109EF0001CFA81FC514409EB2C4989B241EA094121
:109F00004FEA294CCEF80010DAE7013FE4E700BF42
:109F10008FAE0008A0AE00082DE9F7430F460121DF
:109F200059EC108B1646FFF7B7FC054630B90246D0
:109F3000234B244840F20F3100F03EFCC9F30A5491
:109F4000C9F313030CB143F480130193B8F1000378
:109F500023D068460093FFF763FD0099D8B1019ABA
:109F6000C0F1200302FA03F30B43C2406B6101927C
:109F7000019BAB61002B0CBF012202222A61A4B11C
:109F8000A4F2334404443C60C0F1350030602846FC
:109F900003B0BDE8F0836961EAE701A8FFF740FD7F
:109FA000019B6B6120300122E8E705EB8203A0F200
:109FB000324038601869FFF715FDC0EB4210E5E745
:109FC0008FAE0008A0AE00082DE9F0478E681F464E
:109FD000BE4282460C469046334653D8B1F90C0037
:109FE00010F4906F2BD065692368096905EB45056E
:109FF000A3EB010905EBD5757B1C6D104B44AB42FF
:10A000002A4684BF1D462A46430527D51146504699
:10A01000FFF7BAFB064658B321694A46FEF7D1FC62
:10A02000A38923F4906343F08003A38126616561D3
:10A030004E44A5EB09052660A5603E463B461F46FB
:10A0400020683A46414600F08DFBA3689B1BA36045
:10A0500023683B4423600020BDE8F087504600F0B1
:10A06000EFFB06460028E1D121695046FFF716FBB9
:10A070000C23CAF80030A38943F04003A3814FF0BA
:10A08000FF30E9E73E46DBE72DE9F0471F468B89C5
:10A090001B069CB006460D46144610D50B6973B9D5
:10A0A0004021FFF771FB2860286130B90C23336031
:10A0B0004FF0FF301CB0BDE8F08740236B610023F8
:10A0C000099320238DF8293003973023654F8DF8AD
:10A0D0002A304FF0010823461A7899461AB1252AEA
:10A0E00003F10103F8D1B9EB040A0BD05346224621
:10A0F00029463046FFF768FF013000F0A380099A37
:10A100005244099299F80030002B00F09B80002205
:10A110004FF0FF33CDE9053209F1010904920792AE
:10A120008DF853201A924C46052214F8011B4D4815
:10A13000F6F706F8049AD0B9D00644BF20238DF86C
:10A140005330110744BF2B238DF8533099F800305A
:10A150002A2B13D007994B4600204FF00A0C1A788F
:10A16000303A092A1C464AD9A8B1079113E0C01B0E
:10A1700008FA00F010430490A146D4E7039B191D90
:10A180001B680391002BBBBF5B4242F002020793A6
:10A190000793B8BF049223782E2B0AD163782A2B19
:10A1A00032D1039B1A1D1B68039243EAE373023406
:10A1B0000593DFF8C090217803224846F5F7C0FFE9
:10A1C00038B1049BA0EB09004022824013430134C4
:10A1D0000493217824488DF828100622F5F7B0FF63
:10A1E000002835D0214818BB039B073323F0070311
:10A1F00008330393099B0344013409936BE701334C
:10A200000CFB01210120AAE700230593611C1846DD
:10A210004FF00A0C0A78303A092A0C4603D9002B71
:10A22000C7D00590C5E701310CFB00200123F1E701
:10A2300003AB00932A460E4B04A93046FDF744FEBB
:10A24000421CD7D1AB895B063FF532AF099831E7A5
:10A2500003AB00932A46064B04A93046FEF7CEF81E
:10A26000EEE700BF50AF00085AAF0008C97E0008F3
:10A27000C99F000856AF00089368013B002B10B43B
:10A28000936007DA9469A34201DB0A2902D110BC6A
:10A2900000F0D6B91368581C10601970084610BC3D
:10A2A0007047F8B506460F461446D518AC4201D1A2
:10A2B000002007E014F8011B3A463046FFF7DCFFA8
:10A2C000431CF3D1F8BD00002DE9F04706469CB0D1
:10A2D0000D4614461F4618B1036A0BB9FEF746FA3D
:10A2E0006B6ED90705D4AB899A0502D4A86DFEF729
:10A2F00066FBAB891B0701D52B699BB92946304604
:10A3000000F0DCF970B16B6EDE0704D54FF0FF3062
:10A310001CB0BDE8F087AB899C05F7D4A86DFEF7AB
:10A320004FFBF3E70023099320238DF8293003978F
:10A3300030236A4F8DF82A304FF0010823461A78EF
:10A3400099461AB1252A03F10103F8D1B9EB040AA1
:10A350000BD05346224629463046FFF7A2FF013074
:10A3600000F0A380099A5244099299F80030002B1A
:10A3700000F09B8000224FF0FF33CDE9053209F158
:10A380000109049207928DF853201A924C46052237
:10A3900014F8011B5148F5F7D3FE049AD0B9D00642
:10A3A00044BF20238DF85330110744BF2B238DF871
:10A3B000533099F800302A2B13D007994B460020D0
:10A3C0004FF00A0C1A78303A092A1C464AD9A8B12B
:10A3D000079113E0C01B08FA00F010430490A14657
:10A3E000D4E7039B191D1B680391002BBBBF5B4285
:10A3F00042F0020207930793B8BF049223782E2BF2
:10A400000AD163782A2B32D1039B1A1D1B68039251
:10A4100043EAE37302340593DFF8D09021780322F6
:10A420004846F5F78DFE38B1049BA0EB09004022A9
:10A430008240134301340493217829488DF8281071
:10A440000622F5F77DFE00283ED0264818BB039B68
:10A45000073323F0070308330393099B03440134B4
:10A4600009936BE701330CFB01210120AAE70023CC
:10A470000593611C18464FF00A0C0A78303A092AF5
:10A480000C4603D9002BC7D00590C5E701310CFB62
:10A4900000200123F1E703AB00932A46124B04A9E5
:10A4A0003046FDF711FD431CD7D16B6ED90705D49B
:10A4B000AB899A0502D4A86DFEF782FAAB895B06D8
:10A4C0003FF524AF099823E703AB00932A46064BD8
:10A4D00004A93046FDF792FFE5E700BF50AF000842
:10A4E0005AAF0008C97E0008A3A2000856AF0008B2
:10A4F000B1F90C202DE9F041160705460C4651D460
:10A500004B68002B02DC0B6C002B49DDE66A002E49
:10A5100046D0002312F480522F682B6031D0626D38
:10A52000A389590705D56368D21A636B0BB1236CF5
:10A53000D21A0023E66A216A2846B047421CB4F9C1
:10A540000C3006D129681D2945D8284ACA40D607AB
:10A5500041D500226260D9042269226004D5421CE0
:10A5600001D12B6803B96065616B2F60C1B104F143
:10A570004403994202D02846FFF790F80023636312
:10A580000EE0216A01232846B0470246501CC7D17D
:10A590002B68002BC4D01D2B01D0162B1AD12F6095
:10A5A00000201DE00F69002FFAD093070E6808BF46
:10A5B0004B690F6018BF0023A6EB07088B60B8F14A
:10A5C000000FEDDD216AA66A43463A462846B047A9
:10A5D000002807DCA38943F04003A3814FF0FF303C
:10A5E000BDE8F0810744A8EB0008E8E7010040203F
:10A5F00038B50B6905460C4613B91D46284638BDCB
:10A6000018B1036A0BB9FEF7B1F8B4F90C30002B9E
:10A61000F3D0626ED00704D4990502D4A06DFEF782
:10A62000CEF928462146FFF763FF636EDA07054639
:10A63000E4D4A3899B05E1D4A06DFEF7C1F9DDE761
:10A64000F8B505460F46144618B1036A0BB9FEF774
:10A650008DF8A369A360A3891A0701D5236943B9BB
:10A660002146284600F02AF818B14FF0FF36304650
:10A67000F8BD23692068C01A6369834205DC21465E
:10A680002846FFF7B5FF0028EFD1A368013BA36080
:10A6900023685A1C22601F70636901308342FEB236
:10A6A00004D0A389DB07E2D50A2EE0D12146284653
:10A6B000FFF79EFF0028DAD0D7E7000038B5284B17
:10A6C000054618680C4618B1036A0BB9FEF74EF838
:10A6D000B4F90C30190720D4DA0607D409222A600D
:10A6E00043F04003A3814FF0FF3031E0580711D50C
:10A6F000616B41B104F14403994202D02846FEF750
:10A70000CDFF002363630022A38962602269226077
:10A7100023F0240343F00803A38123694BB9A389E1
:10A7200003F42073B3F5007F03D02146284600F0E0
:10A73000F9F8B4F90C3013F001020AD00022A2603B
:10A7400062695242A261226942B913F08000C7D106
:10A7500038BD990758BF6269A260F4E70020F7E7A7
:10A7600010010020884210B501EB020402D9844296
:10A77000234607D8431EA14207D011F8012B03F846
:10A78000012FF8E70244824200D110BD13F8011DE9
:10A7900002F8011DF7E7000038B5064C0023054616
:10A7A00008462360FBF77CFF431C02D1236803B1FA
:10A7B0002B6038BD1C2000201FB51D46094B1B68AF
:10A7C0000646D86852B1084C0091CDE901420749CC
:10A7D00033462A4600F070F800F000F9044C224697
:10A7E000F2E700BF100100206BAF000878AF00084F
:10A7F000A6AF000870B5A1FB026535B93146FEF77A
:10A80000C3FF044628B9204670BD0C230360002412
:10A81000F9E732462946FEF755F8F4E782B001B968
:10A8200001A942B14BB113780B601278101E18BF0A
:10A83000012002B070471046FBE76FF00100F8E717
:10A840002DE9F041074615460C4621B9BDE8F04117
:10A850001146FEF799BF2AB9FEF720FF2C46204685
:10A86000BDE8F08100F0C1F88542064602D8B5EB9C
:10A87000500FF4D829463846FEF786FF804608B9BF
:10A880004446ECE7B5422A46214628BF3246FEF749
:10A8900098F821463846FEF701FFF1E749B1FF2A53
:10A8A00085BF8A2303600A704FF0FF3098BF0120F4
:10A8B00070470846704700000EB403B5014603AB6D
:10A8C000054853F8042B00680193FFF7FDFC02B024
:10A8D0005DF804EB03B070471001002070B50E4620
:10A8E000B1F90E10002996B014461D460ADAB28955
:10A8F00012F0800213D14FF4806100202A602160A1
:10A9000016B070BD6A4600F047F80028EFDB019AE8
:10A9100002F47042A2F500535A425A41EBE700227A
:10A920004021EAE78B8973B59E0705460C4607D59B
:10A9300004F14703236023610123636102B070BD0A
:10A9400001AB6A46FFF7CAFF009E28463146FEF774
:10A950001BFFB4F90C3038B99A05EFD423F0030388
:10A9600043F00203A381E3E743F08003A381019B4B
:10A970002060C4E90406002BE0D0B4F90E1028468C
:10A9800000F01CF80028D9D0A38923F0030343F07A
:10A990000103A381D2E7000038B5074C0023054628
:10A9A000084611462360FBF772FE431C02D1236860
:10A9B00003B12B6038BD00BF1C20002038B5064C09
:10A9C0000023054608462360FBF766FE431C02D1C0
:10A9D000236803B12B6038BD1C20002008B5062079
:10A9E00000F034F80120FBF72BFE51F8043C181F4F
:10A9F000002BBCBF0B58C01870471F2938B505463F
:10AA00000C4604D9162303604FF0FF3038BDC26BEB
:10AA100012B152F821304BB9284600F031F82246E5
:10AA200001462846BDE8384000F018B8012B0AD08E
:10AA3000591C03D1162303600120E7E7002142F8E7
:10AA40002410204698470020E0E70000024B014612
:10AA50001868FFF7D2BF00BF1001002038B5074CBF
:10AA600000230546084611462360FBF7E1FD431C21
:10AA700002D1236803B12B6038BD00BF1C20002029
:10AA8000FBF7D4BDF8B500BFF8BC08BC9E467047C4
:0CAA9000F8B500BFF8BC08BC9E4670473B
:10AAA00012000000240000003600000040000000FA
:10AAB000060000000C000000100000000000000074
:10AAC000010000000200000003000000424D503A67
:10AAD000202573202D3E2025640D0A00696E7465C3
:10AAE00072666163655F696E697400000000000052
:10AAF0006D616E75616C5F72657365745F636D64C3
:10AB000000000000626D70355F696E6974000000BE
:10AB10007365745F706F7765725F7374616E646282
:10AB2000790000006765745F6F73725F6F64725FB6
:10AB3000636667007365745F6F73725F6F64725FE3
:10AB4000636667007365745F6969725F636F6E66E1
:10AB500069670000636F6E6669677572655F696E2D
:10AB60007465727275707400696E745F736F75725C
:10AB700063655F73656C6563740000007365745F83
:10AB8000706F7765725F6E6F726D616C00000000B0
:10AB9000493243207363616E3A0D0A0020203078F9
:10ABA000253032582041434B0D0A000020204E6FC3
:10ABB000206465766963657320666F756E64210D28
:10ABC0000A000000493243207363616E20646F6E97
:10ABD000652028256420666F756E64290D0A0000C3
:10ABE000535049207261773A2048414C3D256420FA
:10ABF0002074783D7B3078253032582C30782530E1
:10AC000032587D202072783D7B3078253032582CA8
:10AC10003078253032587D0D0A0000004D49534FE1
:10AC20002070696E20737461746520284353206C12
:10AC30006F77293A2025640D0A00000049434D34FE
:10AC40003236383820696E6974206572726F723AD4
:10AC5000202564202057484F5F414D5F493A2030FE
:10AC600078253032580D0A0049434D343236383891
:10AC7000204F4B0D0A000000424D503538302069FE
:10AC80006E6974206572726F723A2025640D0A0035
:10AC900049434D343236383820646174612072651E
:10ACA0006164790D0A000000503A252E326620506A
:10ACB000612020543A252E326620430D0A00000000
:10ACC00053544D3332205669727475616C20436F52
:10ACD0006D506F727400000053544D6963726F655C
:10ACE0006C656374726F6E69637300004344432044
:10ACF000436F6E666967000043444320496E746584
:10AD00007266616365000000A0860100400D0300CB
:10AD1000801A060000350C0040420F0080841E009F
:10AD200000093D0000127A000024F40000366E0194
:10AD30000048E801006CDC02000000000000000098
:10AD400000000000000000000100000003000000FF
:10AD500005000000010000000100000006000000E6
:10AD60000A000000200000000200000004000000B3
:10AD700008000000100000004000000080000000FB
:10AD80000001000000020000494E4600696E6600A6
:10AD90004E414E006E616E0030003031323334353A
:10ADA0003637383941424344454600303132333436
:10ADB000353637383961626364656600496E6669A5
:10ADC0006E697479004E614E005245454E54206DB7
:10ADD000616C6C6F632073756363656564656400A3
:10ADE0002F686F6D652F696C672F616374696F6E73
:10ADF000732D72756E6E6572732F787061636B2D33
:10AE00006465762D746F6F6C732F322F5F776F725E
:10AE10006B2F61726D2D6E6F6E652D656162692D90
:10AE20006763632D787061636B2F61726D2D6E6F38
:10AE30006E652D656162692D6763632D787061634E
:10AE40006B2F6275696C642D6173736574732F6207
:10AE500075696C642F77696E33322D7836342F73B1
:10AE60006F75726365732F6E65776C69622D637998
:10AE70006777696E2F6E65776C69622F6C696263A4
:10AE80002F7374646C69622F64746F612E63004267
:10AE9000616C6C6F632073756363656564656400E2
:10AEA0002F686F6D652F696C672F616374696F6EB2
:10AEB000732D72756E6E6572732F787061636B2D72
:10AEC0006465762D746F6F6C732F322F5F776F729E
:10AED0006B2F61726D2D6E6F6E652D656162692DD0
:10AEE0006763632D787061636B2F61726D2D6E6F78
:10AEF0006E652D656162692D6763632D787061638E
:10AF00006B2F6275696C642D6173736574732F6246
:10AF100075696C642F77696E33322D7836342F73F0
:10AF20006F75726365732F6E65776C69622D6379D7
:10AF30006777696E2F6E65776C69622F6C696263E3
:10AF40002F7374646C69622F6D707265632E630079
:10AF5000232D302B2000686C4C0065666745464702
:10AF6000004300504F534958002E002C2066756E48
:10AF70006374696F6E3A2000617373657274696FF0
:10AF80006E2022257322206661696C65643A206612
:10AF9000696C6520222573222C206C696E65202542
:10AFA00064257325730A00000500000019000000E5
:10AFB0007D000000000000000080E03779C34143BD
:10AFC000176E05B5B5B89346F5F93FE9034F384D0F
:10AFD000321D30F94877825A3CBF737FDD4F1575BB
:10AFE000000000000000F03F0000000000002440CE
:10AFF00000000000000059400000000000408F40A9
:10B00000000000000088C34000000000006AF84013
:10B010000000000080842E4100000000D012634137
:10B020000000000084D797410000000065CDCD41AD
:10B03000000000205FA00242000000E8764837428E
:10B04000000000A2941A6D42000040E59C30A2422C
:10B050000000901EC4BCD64200003426F56B0C43A1
:10B060000080E03779C3414300A0D8855734764348
:10B0700000C84E676DC1AB43003D9160E458E143A9
:10B08000408CB5781DAF154450EFE2D6E41A4B441E
:10B0900092D54D06CFF08044F64AE1C7022DB54463
:10B0A000B49DD9794378EA44002020202020202034
:10B0B0002020282828282820202020202020202068
:10B0C0002020202020202020208810101010101078
:10B0D00010101010101010101004040404040404C4
:10B0E000040404101010101010104141414141415E
:10B0F0000101010101010101010101010101010140
:10B10000010101011010101010104242424242424F
:10B11000020202020202020202020202020202020F
:10B1200002020202101010102000000000000000B7
:10B13000000000000000000000000000000000000F
:10B1400000000000000000000000000000000000FF
:10B1500000000000000000000000000000000000EF
:10B1600000000000000000000000000000000000DF
:10B1700000000000000000000000000000000000CF
:10B1800000000000000000000000000000000000BF
:10B1900000000000000000000000000000000000AF
:0CB1A000000000000000000000000000A3
:08B1AC00944FFF7F0100000039
:04B1B400E10B0008A3
:04B1B800B90B0008C7
:10B1BC00010000001000000000093D0009024300DE
:10B1CC00020100C032090400000102020100052442
:10B1DC0000100105240100010424020205240600CC
:10B1EC00010705820308001009040100020A00008F
:10B1FC000007050102400000070581024000000025
:10B20C00F36A00088F6A00087F69000800000000DC
:10B21C00A567000801690008C96800080000000063
:10B22C000000000000000000816800083968000878
:10B23C00F1670008E56700080A06000200000040FC
:10B24C0001000000C16C0008976C00089B6C0008A2
:10B25C00A56C00089F6C00081A0300000000000099
:10B26C0000000000000000000000000000000000D2
:10B27C000000000004030904120100020202004055
:10B28C00830440570002010203010000657B0008A3
:10B29C00717B0008317C00080D7C0008F97B0008EC
:10B2AC004D7C0008717C00080000000000000000CC
:10B2BC0003000000E01E002014010020000000002C
:10B2CC00E01E0020481F0020B01F002000000000DE
:10B2DC000000000000000000000000000000000062
:10B2EC000000000000000000000000000000000052
:10B2FC000000000000000000000000000000000042
:10B30C0000000000000000004300000000000000EE
:10B31C000000000000000000000000000000000021
:10B32C0000000000000000004300000000000000CE
:10B33C000000000000000000000000000000000001
:10B34C0000000000000000004300000000000000AE
:10B35C0000000000000000000000000000000000E1
:10B36C00000000000000000043000000000000008E
:10B37C0000000000000000000000000000000000C1
:10B38C00000000000000000043000000000000006E
:10B39C0000000000000000000000000000000000A1
:10B3AC00000000000000000043000000000000004E
:10B3BC000000000000000000000000000000000081
:10B3CC00000000000000000043000000000000002E
:10B3DC000000000000000000000000000000000061
:10B3EC0000000000000000009DA800081DA8000837
:10B3FC0000000000A8B0000869AF0008A6AF000864
:10B40C00A6AF0008A6AF0008A6AF0008A6AF0008BC
:10B41C00A6AF0008A6AF0008A6AF0008A6AF0008AC
:10B42C00FFFFFFFFFFFFFFFFFFFFFFFFFFFF00001E
:10B43C000100415343494900000000000000000096
:10B44C0000000000000000000000000000000000F0
:10B45C000000415343494900000000000000000077
:10B46C0000000000000000000000000000000000D0
:04B47C0000000000CC
:0400000508007D3939
:00000001FF
